arm;line_kev;node_kev;bin;dep_kev;peak;compton;esc_se;esc_xray;esc_de;esc_lx;total
direct_peakw1;1460.800;1460.8000;0;0.00;0.000000E+000;1.057565E-006;0.000000E+000;0.000000E+000;0.000000E+000;0.000000E+000;1.057565E-006
direct_peakw1;1460.800;1460.8000;1;2.00;0.000000E+000;1.018828E-006;0.000000E+000;0.000000E+000;0.000000E+000;0.000000E+000;1.018828E-006
direct_peakw1;1460.800;1460.8000;2;4.00;0.000000E+000;5.902735E-007;0.000000E+000;0.000000E+000;0.000000E+000;0.000000E+000;5.902735E-007
direct_peakw1;1460.800;1460.8000;3;6.00;0.000000E+000;1.213216E-006;0.000000E+000;0.000000E+000;0.000000E+000;0.000000E+000;1.213216E-006
direct_peakw1;1460.800;1460.8000;4;8.00;0.000000E+000;2.656880E-006;0.000000E+000;0.000000E+000;0.000000E+000;0.000000E+000;2.656880E-006
direct_peakw1;1460.800;1460.8000;5;10.00;0.000000E+000;1.473760E-006;0.000000E+000;0.000000E+000;0.000000E+000;0.000000E+000;1.473760E-006
direct_peakw1;1460.800;1460.8000;6;12.00;0.000000E+000;1.356284E-006;0.000000E+000;0.000000E+000;0.000000E+000;0.000000E+000;1.356284E-006
direct_peakw1;1460.800;1460.8000;7;14.00;0.000000E+000;1.860685E-006;0.000000E+000;0.000000E+000;0.000000E+000;0.000000E+000;1.860685E-006
direct_peakw1;1460.800;1460.8000;8;16.00;0.000000E+000;2.804172E-006;0.000000E+000;0.000000E+000;0.000000E+000;0.000000E+000;2.804172E-006
direct_peakw1;1460.800;1460.8000;9;18.00;0.000000E+000;1.384988E-006;0.000000E+000;0.000000E+000;0.000000E+000;0.000000E+000;1.384988E-006
direct_peakw1;1460.800;1460.8000;10;20.00;0.000000E+000;2.454847E-006;0.000000E+000;0.000000E+000;0.000000E+000;0.000000E+000;2.454847E-006
direct_peakw1;1460.800;1460.8000;11;22.00;0.000000E+000;7.420886E-007;0.000000E+000;0.000000E+000;0.000000E+000;0.000000E+000;7.420886E-007
direct_peakw1;1460.800;1460.8000;12;24.00;0.000000E+000;1.534077E-006;0.000000E+000;0.000000E+000;0.000000E+000;0.000000E+000;1.534077E-006
direct_peakw1;1460.800;1460.8000;13;26.00;0.000000E+000;9.606680E-007;0.000000E+000;0.000000E+000;0.000000E+000;0.000000E+000;9.606680E-007
direct_peakw1;1460.800;1460.8000;14;28.00;0.000000E+000;1.235531E-006;0.000000E+000;0.000000E+000;0.000000E+000;0.000000E+000;1.235531E-006
direct_peakw1;1460.800;1460.8000;15;30.00;0.000000E+000;1.468548E-006;0.000000E+000;0.000000E+000;0.000000E+000;0.000000E+000;1.468548E-006
direct_peakw1;1460.800;1460.8000;16;32.00;0.000000E+000;8.542568E-007;0.000000E+000;0.000000E+000;0.000000E+000;0.000000E+000;8.542568E-007
direct_peakw1;1460.800;1460.8000;17;34.00;0.000000E+000;2.089306E-006;0.000000E+000;0.000000E+000;0.000000E+000;0.000000E+000;2.089306E-006
direct_peakw1;1460.800;1460.8000;18;36.00;0.000000E+000;1.634987E-006;0.000000E+000;0.000000E+000;0.000000E+000;0.000000E+000;1.634987E-006
direct_peakw1;1460.800;1460.8000;19;38.00;0.000000E+000;1.676654E-006;0.000000E+000;0.000000E+000;0.000000E+000;0.000000E+000;1.676654E-006
direct_peakw1;1460.800;1460.8000;20;40.00;0.000000E+000;1.747828E-006;0.000000E+000;0.000000E+000;0.000000E+000;0.000000E+000;1.747828E-006
direct_peakw1;1460.800;1460.8000;21;42.00;0.000000E+000;2.157804E-006;0.000000E+000;0.000000E+000;0.000000E+000;0.000000E+000;2.157804E-006
direct_peakw1;1460.800;1460.8000;22;44.00;0.000000E+000;2.360088E-006;0.000000E+000;0.000000E+000;0.000000E+000;0.000000E+000;2.360088E-006
direct_peakw1;1460.800;1460.8000;23;46.00;0.000000E+000;9.746977E-007;0.000000E+000;0.000000E+000;0.000000E+000;0.000000E+000;9.746977E-007
direct_peakw1;1460.800;1460.8000;24;48.00;0.000000E+000;1.654381E-006;0.000000E+000;0.000000E+000;0.000000E+000;0.000000E+000;1.654381E-006
direct_peakw1;1460.800;1460.8000;25;50.00;0.000000E+000;1.815982E-006;0.000000E+000;0.000000E+000;0.000000E+000;0.000000E+000;1.815982E-006
direct_peakw1;1460.800;1460.8000;26;52.00;0.000000E+000;2.184654E-006;0.000000E+000;0.000000E+000;0.000000E+000;0.000000E+000;2.184654E-006
direct_peakw1;1460.800;1460.8000;27;54.00;0.000000E+000;3.435094E-006;0.000000E+000;0.000000E+000;0.000000E+000;0.000000E+000;3.435094E-006
direct_peakw1;1460.800;1460.8000;28;56.00;0.000000E+000;3.322969E-006;0.000000E+000;0.000000E+000;0.000000E+000;0.000000E+000;3.322969E-006
direct_peakw1;1460.800;1460.8000;29;58.00;0.000000E+000;9.455553E-007;0.000000E+000;0.000000E+000;0.000000E+000;0.000000E+000;9.455553E-007
direct_peakw1;1460.800;1460.8000;30;60.00;0.000000E+000;2.090659E-006;0.000000E+000;0.000000E+000;0.000000E+000;0.000000E+000;2.090659E-006
direct_peakw1;1460.800;1460.8000;31;62.00;0.000000E+000;2.909341E-006;0.000000E+000;0.000000E+000;0.000000E+000;0.000000E+000;2.909341E-006
direct_peakw1;1460.800;1460.8000;32;64.00;0.000000E+000;1.146667E-006;0.000000E+000;0.000000E+000;0.000000E+000;0.000000E+000;1.146667E-006
direct_peakw1;1460.800;1460.8000;33;66.00;0.000000E+000;3.094065E-006;0.000000E+000;0.000000E+000;0.000000E+000;0.000000E+000;3.094065E-006
direct_peakw1;1460.800;1460.8000;34;68.00;0.000000E+000;1.425935E-006;0.000000E+000;0.000000E+000;0.000000E+000;0.000000E+000;1.425935E-006
direct_peakw1;1460.800;1460.8000;35;70.00;0.000000E+000;4.304991E-007;0.000000E+000;0.000000E+000;0.000000E+000;0.000000E+000;4.304991E-007
direct_peakw1;1460.800;1460.8000;36;72.00;0.000000E+000;2.569501E-006;0.000000E+000;0.000000E+000;0.000000E+000;0.000000E+000;2.569501E-006
direct_peakw1;1460.800;1460.8000;37;74.00;0.000000E+000;7.066542E-007;0.000000E+000;0.000000E+000;0.000000E+000;0.000000E+000;7.066542E-007
direct_peakw1;1460.800;1460.8000;38;76.00;0.000000E+000;2.457513E-006;0.000000E+000;0.000000E+000;0.000000E+000;0.000000E+000;2.457513E-006
direct_peakw1;1460.800;1460.8000;39;78.00;0.000000E+000;1.629772E-006;0.000000E+000;0.000000E+000;0.000000E+000;0.000000E+000;1.629772E-006
direct_peakw1;1460.800;1460.8000;40;80.00;0.000000E+000;2.541336E-006;0.000000E+000;0.000000E+000;0.000000E+000;0.000000E+000;2.541336E-006
direct_peakw1;1460.800;1460.8000;41;82.00;0.000000E+000;1.847643E-006;0.000000E+000;0.000000E+000;0.000000E+000;0.000000E+000;1.847643E-006
direct_peakw1;1460.800;1460.8000;42;84.00;0.000000E+000;3.339549E-006;0.000000E+000;0.000000E+000;0.000000E+000;0.000000E+000;3.339549E-006
direct_peakw1;1460.800;1460.8000;43;86.00;0.000000E+000;1.477532E-006;0.000000E+000;0.000000E+000;0.000000E+000;0.000000E+000;1.477532E-006
direct_peakw1;1460.800;1460.8000;44;88.00;0.000000E+000;7.570442E-007;0.000000E+000;0.000000E+000;0.000000E+000;0.000000E+000;7.570442E-007
direct_peakw1;1460.800;1460.8000;45;90.00;0.000000E+000;2.140100E-006;0.000000E+000;0.000000E+000;0.000000E+000;0.000000E+000;2.140100E-006
direct_peakw1;1460.800;1460.8000;46;92.00;0.000000E+000;1.244027E-006;0.000000E+000;0.000000E+000;0.000000E+000;0.000000E+000;1.244027E-006
direct_peakw1;1460.800;1460.8000;47;94.00;0.000000E+000;1.318466E-006;0.000000E+000;0.000000E+000;0.000000E+000;0.000000E+000;1.318466E-006
direct_peakw1;1460.800;1460.8000;48;96.00;0.000000E+000;1.283873E-006;0.000000E+000;0.000000E+000;0.000000E+000;0.000000E+000;1.283873E-006
direct_peakw1;1460.800;1460.8000;49;98.00;0.000000E+000;9.231564E-007;0.000000E+000;0.000000E+000;0.000000E+000;0.000000E+000;9.231564E-007
direct_peakw1;1460.800;1460.8000;50;100.00;0.000000E+000;1.758258E-006;0.000000E+000;0.000000E+000;0.000000E+000;0.000000E+000;1.758258E-006
direct_peakw1;1460.800;1460.8000;51;102.00;0.000000E+000;3.176607E-006;0.000000E+000;0.000000E+000;0.000000E+000;0.000000E+000;3.176607E-006
direct_peakw1;1460.800;1460.8000;52;104.00;0.000000E+000;2.653836E-006;0.000000E+000;0.000000E+000;0.000000E+000;0.000000E+000;2.653836E-006
direct_peakw1;1460.800;1460.8000;53;106.00;0.000000E+000;1.863105E-006;0.000000E+000;0.000000E+000;0.000000E+000;0.000000E+000;1.863105E-006
direct_peakw1;1460.800;1460.8000;54;108.00;0.000000E+000;1.899308E-006;0.000000E+000;0.000000E+000;0.000000E+000;0.000000E+000;1.899308E-006
direct_peakw1;1460.800;1460.8000;55;110.00;0.000000E+000;1.181162E-006;0.000000E+000;0.000000E+000;0.000000E+000;0.000000E+000;1.181162E-006
direct_peakw1;1460.800;1460.8000;56;112.00;0.000000E+000;2.467725E-006;0.000000E+000;0.000000E+000;0.000000E+000;0.000000E+000;2.467725E-006
direct_peakw1;1460.800;1460.8000;57;114.00;0.000000E+000;1.221963E-006;0.000000E+000;0.000000E+000;0.000000E+000;0.000000E+000;1.221963E-006
direct_peakw1;1460.800;1460.8000;58;116.00;0.000000E+000;4.388795E-006;0.000000E+000;0.000000E+000;0.000000E+000;0.000000E+000;4.388795E-006
direct_peakw1;1460.800;1460.8000;59;118.00;0.000000E+000;1.132231E-006;0.000000E+000;0.000000E+000;0.000000E+000;0.000000E+000;1.132231E-006
direct_peakw1;1460.800;1460.8000;60;120.00;0.000000E+000;1.654391E-006;0.000000E+000;0.000000E+000;0.000000E+000;0.000000E+000;1.654391E-006
direct_peakw1;1460.800;1460.8000;61;122.00;0.000000E+000;2.046543E-006;0.000000E+000;0.000000E+000;0.000000E+000;0.000000E+000;2.046543E-006
direct_peakw1;1460.800;1460.8000;62;124.00;0.000000E+000;1.556077E-006;0.000000E+000;0.000000E+000;0.000000E+000;0.000000E+000;1.556077E-006
direct_peakw1;1460.800;1460.8000;63;126.00;0.000000E+000;1.526828E-006;0.000000E+000;0.000000E+000;0.000000E+000;0.000000E+000;1.526828E-006
direct_peakw1;1460.800;1460.8000;64;128.00;0.000000E+000;6.237578E-007;0.000000E+000;0.000000E+000;0.000000E+000;0.000000E+000;6.237578E-007
direct_peakw1;1460.800;1460.8000;65;130.00;0.000000E+000;9.341712E-007;0.000000E+000;0.000000E+000;0.000000E+000;0.000000E+000;9.341712E-007
direct_peakw1;1460.800;1460.8000;66;132.00;0.000000E+000;3.272514E-006;0.000000E+000;0.000000E+000;0.000000E+000;0.000000E+000;3.272514E-006
direct_peakw1;1460.800;1460.8000;67;134.00;0.000000E+000;2.009761E-006;0.000000E+000;0.000000E+000;0.000000E+000;0.000000E+000;2.009761E-006
direct_peakw1;1460.800;1460.8000;68;136.00;0.000000E+000;1.571362E-006;0.000000E+000;0.000000E+000;0.000000E+000;0.000000E+000;1.571362E-006
direct_peakw1;1460.800;1460.8000;69;138.00;0.000000E+000;1.885293E-006;0.000000E+000;0.000000E+000;0.000000E+000;0.000000E+000;1.885293E-006
direct_peakw1;1460.800;1460.8000;70;140.00;0.000000E+000;2.176313E-006;0.000000E+000;0.000000E+000;0.000000E+000;0.000000E+000;2.176313E-006
direct_peakw1;1460.800;1460.8000;71;142.00;0.000000E+000;2.627359E-006;0.000000E+000;0.000000E+000;0.000000E+000;0.000000E+000;2.627359E-006
direct_peakw1;1460.800;1460.8000;72;144.00;0.000000E+000;2.823364E-006;0.000000E+000;0.000000E+000;0.000000E+000;0.000000E+000;2.823364E-006
direct_peakw1;1460.800;1460.8000;73;146.00;0.000000E+000;8.826112E-007;0.000000E+000;0.000000E+000;0.000000E+000;0.000000E+000;8.826112E-007
direct_peakw1;1460.800;1460.8000;74;148.00;0.000000E+000;1.357193E-006;0.000000E+000;0.000000E+000;0.000000E+000;0.000000E+000;1.357193E-006
direct_peakw1;1460.800;1460.8000;75;150.00;0.000000E+000;2.164178E-006;0.000000E+000;0.000000E+000;0.000000E+000;0.000000E+000;2.164178E-006
direct_peakw1;1460.800;1460.8000;76;152.00;0.000000E+000;1.807724E-006;0.000000E+000;0.000000E+000;0.000000E+000;0.000000E+000;1.807724E-006
direct_peakw1;1460.800;1460.8000;77;154.00;0.000000E+000;1.134176E-006;0.000000E+000;0.000000E+000;0.000000E+000;0.000000E+000;1.134176E-006
direct_peakw1;1460.800;1460.8000;78;156.00;0.000000E+000;2.248948E-006;0.000000E+000;0.000000E+000;0.000000E+000;0.000000E+000;2.248948E-006
direct_peakw1;1460.800;1460.8000;79;158.00;0.000000E+000;1.621114E-006;0.000000E+000;0.000000E+000;0.000000E+000;0.000000E+000;1.621114E-006
direct_peakw1;1460.800;1460.8000;80;160.00;0.000000E+000;1.367926E-006;0.000000E+000;0.000000E+000;0.000000E+000;0.000000E+000;1.367926E-006
direct_peakw1;1460.800;1460.8000;81;162.00;0.000000E+000;8.130593E-007;0.000000E+000;0.000000E+000;0.000000E+000;0.000000E+000;8.130593E-007
direct_peakw1;1460.800;1460.8000;82;164.00;0.000000E+000;1.357323E-006;0.000000E+000;0.000000E+000;0.000000E+000;0.000000E+000;1.357323E-006
direct_peakw1;1460.800;1460.8000;83;166.00;0.000000E+000;3.053191E-006;0.000000E+000;0.000000E+000;0.000000E+000;0.000000E+000;3.053191E-006
direct_peakw1;1460.800;1460.8000;84;168.00;0.000000E+000;1.358041E-006;0.000000E+000;0.000000E+000;0.000000E+000;0.000000E+000;1.358041E-006
direct_peakw1;1460.800;1460.8000;85;170.00;0.000000E+000;2.047781E-006;0.000000E+000;0.000000E+000;0.000000E+000;0.000000E+000;2.047781E-006
direct_peakw1;1460.800;1460.8000;86;172.00;0.000000E+000;1.607309E-006;0.000000E+000;0.000000E+000;0.000000E+000;0.000000E+000;1.607309E-006
direct_peakw1;1460.800;1460.8000;87;174.00;0.000000E+000;9.249377E-007;0.000000E+000;0.000000E+000;0.000000E+000;0.000000E+000;9.249377E-007
direct_peakw1;1460.800;1460.8000;88;176.00;0.000000E+000;3.384233E-006;0.000000E+000;0.000000E+000;0.000000E+000;0.000000E+000;3.384233E-006
direct_peakw1;1460.800;1460.8000;89;178.00;0.000000E+000;1.674758E-006;0.000000E+000;0.000000E+000;0.000000E+000;0.000000E+000;1.674758E-006
direct_peakw1;1460.800;1460.8000;90;180.00;0.000000E+000;1.667774E-006;0.000000E+000;0.000000E+000;0.000000E+000;0.000000E+000;1.667774E-006
direct_peakw1;1460.800;1460.8000;91;182.00;0.000000E+000;1.060578E-006;0.000000E+000;0.000000E+000;0.000000E+000;0.000000E+000;1.060578E-006
direct_peakw1;1460.800;1460.8000;92;184.00;0.000000E+000;2.084491E-006;0.000000E+000;0.000000E+000;0.000000E+000;0.000000E+000;2.084491E-006
direct_peakw1;1460.800;1460.8000;93;186.00;0.000000E+000;1.481799E-006;0.000000E+000;0.000000E+000;0.000000E+000;0.000000E+000;1.481799E-006
direct_peakw1;1460.800;1460.8000;94;188.00;0.000000E+000;1.508021E-006;0.000000E+000;0.000000E+000;0.000000E+000;0.000000E+000;1.508021E-006
direct_peakw1;1460.800;1460.8000;95;190.00;0.000000E+000;2.354167E-006;0.000000E+000;0.000000E+000;0.000000E+000;0.000000E+000;2.354167E-006
direct_peakw1;1460.800;1460.8000;96;192.00;0.000000E+000;2.817485E-006;0.000000E+000;0.000000E+000;0.000000E+000;0.000000E+000;2.817485E-006
direct_peakw1;1460.800;1460.8000;97;194.00;0.000000E+000;3.757695E-006;0.000000E+000;0.000000E+000;0.000000E+000;0.000000E+000;3.757695E-006
direct_peakw1;1460.800;1460.8000;98;196.00;0.000000E+000;1.448665E-006;0.000000E+000;0.000000E+000;0.000000E+000;0.000000E+000;1.448665E-006
direct_peakw1;1460.800;1460.8000;99;198.00;0.000000E+000;2.388795E-006;0.000000E+000;0.000000E+000;0.000000E+000;0.000000E+000;2.388795E-006
direct_peakw1;1460.800;1460.8000;100;200.00;0.000000E+000;7.214862E-007;0.000000E+000;0.000000E+000;0.000000E+000;0.000000E+000;7.214862E-007
direct_peakw1;1460.800;1460.8000;101;202.00;0.000000E+000;3.736189E-006;0.000000E+000;0.000000E+000;0.000000E+000;0.000000E+000;3.736189E-006
direct_peakw1;1460.800;1460.8000;102;204.00;0.000000E+000;1.962692E-006;0.000000E+000;0.000000E+000;0.000000E+000;0.000000E+000;1.962692E-006
direct_peakw1;1460.800;1460.8000;103;206.00;0.000000E+000;1.404753E-006;0.000000E+000;0.000000E+000;0.000000E+000;0.000000E+000;1.404753E-006
direct_peakw1;1460.800;1460.8000;104;208.00;0.000000E+000;2.070459E-006;0.000000E+000;0.000000E+000;0.000000E+000;0.000000E+000;2.070459E-006
direct_peakw1;1460.800;1460.8000;105;210.00;0.000000E+000;3.220390E-006;0.000000E+000;0.000000E+000;0.000000E+000;0.000000E+000;3.220390E-006
direct_peakw1;1460.800;1460.8000;106;212.00;0.000000E+000;1.897057E-006;0.000000E+000;0.000000E+000;0.000000E+000;0.000000E+000;1.897057E-006
direct_peakw1;1460.800;1460.8000;107;214.00;0.000000E+000;1.998850E-006;0.000000E+000;0.000000E+000;0.000000E+000;0.000000E+000;1.998850E-006
direct_peakw1;1460.800;1460.8000;108;216.00;0.000000E+000;6.082762E-007;0.000000E+000;0.000000E+000;0.000000E+000;0.000000E+000;6.082762E-007
direct_peakw1;1460.800;1460.8000;109;218.00;0.000000E+000;4.511948E-006;0.000000E+000;0.000000E+000;0.000000E+000;0.000000E+000;4.511948E-006
direct_peakw1;1460.800;1460.8000;110;220.00;0.000000E+000;7.952037E-007;0.000000E+000;0.000000E+000;0.000000E+000;0.000000E+000;7.952037E-007
direct_peakw1;1460.800;1460.8000;111;222.00;0.000000E+000;1.361824E-006;0.000000E+000;0.000000E+000;0.000000E+000;0.000000E+000;1.361824E-006
direct_peakw1;1460.800;1460.8000;112;224.00;0.000000E+000;2.944403E-006;0.000000E+000;0.000000E+000;0.000000E+000;0.000000E+000;2.944403E-006
direct_peakw1;1460.800;1460.8000;113;226.00;0.000000E+000;7.011560E-007;0.000000E+000;0.000000E+000;0.000000E+000;0.000000E+000;7.011560E-007
direct_peakw1;1460.800;1460.8000;114;228.00;0.000000E+000;3.330815E-006;0.000000E+000;0.000000E+000;0.000000E+000;0.000000E+000;3.330815E-006
direct_peakw1;1460.800;1460.8000;115;230.00;0.000000E+000;1.353357E-006;0.000000E+000;0.000000E+000;0.000000E+000;0.000000E+000;1.353357E-006
direct_peakw1;1460.800;1460.8000;116;232.00;0.000000E+000;1.565545E-006;0.000000E+000;0.000000E+000;0.000000E+000;0.000000E+000;1.565545E-006
direct_peakw1;1460.800;1460.8000;117;234.00;0.000000E+000;3.318941E-006;0.000000E+000;0.000000E+000;0.000000E+000;0.000000E+000;3.318941E-006
direct_peakw1;1460.800;1460.8000;118;236.00;0.000000E+000;2.011132E-006;0.000000E+000;0.000000E+000;0.000000E+000;0.000000E+000;2.011132E-006
direct_peakw1;1460.800;1460.8000;119;238.00;0.000000E+000;3.327494E-006;0.000000E+000;0.000000E+000;0.000000E+000;0.000000E+000;3.327494E-006
direct_peakw1;1460.800;1460.8000;120;240.00;0.000000E+000;2.167616E-006;0.000000E+000;0.000000E+000;0.000000E+000;0.000000E+000;2.167616E-006
direct_peakw1;1460.800;1460.8000;121;242.00;0.000000E+000;1.832384E-006;0.000000E+000;0.000000E+000;0.000000E+000;0.000000E+000;1.832384E-006
direct_peakw1;1460.800;1460.8000;122;244.00;0.000000E+000;3.299606E-006;0.000000E+000;0.000000E+000;0.000000E+000;0.000000E+000;3.299606E-006
direct_peakw1;1460.800;1460.8000;123;246.00;0.000000E+000;2.491732E-006;0.000000E+000;0.000000E+000;0.000000E+000;0.000000E+000;2.491732E-006
direct_peakw1;1460.800;1460.8000;124;248.00;0.000000E+000;1.005060E-006;0.000000E+000;0.000000E+000;0.000000E+000;0.000000E+000;1.005060E-006
direct_peakw1;1460.800;1460.8000;125;250.00;0.000000E+000;3.140011E-006;0.000000E+000;0.000000E+000;0.000000E+000;0.000000E+000;3.140011E-006
direct_peakw1;1460.800;1460.8000;126;252.00;0.000000E+000;3.201494E-006;0.000000E+000;0.000000E+000;0.000000E+000;0.000000E+000;3.201494E-006
direct_peakw1;1460.800;1460.8000;127;254.00;0.000000E+000;1.870918E-006;0.000000E+000;0.000000E+000;0.000000E+000;0.000000E+000;1.870918E-006
direct_peakw1;1460.800;1460.8000;128;256.00;0.000000E+000;2.473245E-006;0.000000E+000;0.000000E+000;0.000000E+000;0.000000E+000;2.473245E-006
direct_peakw1;1460.800;1460.8000;129;258.00;0.000000E+000;1.851267E-006;0.000000E+000;0.000000E+000;0.000000E+000;0.000000E+000;1.851267E-006
direct_peakw1;1460.800;1460.8000;130;260.00;0.000000E+000;2.545225E-006;0.000000E+000;0.000000E+000;0.000000E+000;0.000000E+000;2.545225E-006
direct_peakw1;1460.800;1460.8000;131;262.00;0.000000E+000;1.554533E-006;0.000000E+000;0.000000E+000;0.000000E+000;0.000000E+000;1.554533E-006
direct_peakw1;1460.800;1460.8000;132;264.00;0.000000E+000;1.280244E-006;0.000000E+000;0.000000E+000;0.000000E+000;0.000000E+000;1.280244E-006
direct_peakw1;1460.800;1460.8000;133;266.00;0.000000E+000;3.693109E-006;0.000000E+000;0.000000E+000;0.000000E+000;0.000000E+000;3.693109E-006
direct_peakw1;1460.800;1460.8000;134;268.00;0.000000E+000;3.294157E-006;0.000000E+000;0.000000E+000;0.000000E+000;0.000000E+000;3.294157E-006
direct_peakw1;1460.800;1460.8000;135;270.00;0.000000E+000;2.317732E-006;0.000000E+000;0.000000E+000;0.000000E+000;0.000000E+000;2.317732E-006
direct_peakw1;1460.800;1460.8000;136;272.00;0.000000E+000;6.483334E-007;0.000000E+000;0.000000E+000;0.000000E+000;0.000000E+000;6.483334E-007
direct_peakw1;1460.800;1460.8000;137;274.00;0.000000E+000;4.109285E-006;0.000000E+000;0.000000E+000;0.000000E+000;0.000000E+000;4.109285E-006
direct_peakw1;1460.800;1460.8000;138;276.00;0.000000E+000;2.252458E-006;0.000000E+000;0.000000E+000;0.000000E+000;0.000000E+000;2.252458E-006
direct_peakw1;1460.800;1460.8000;139;278.00;0.000000E+000;4.405596E-006;0.000000E+000;0.000000E+000;0.000000E+000;0.000000E+000;4.405596E-006
direct_peakw1;1460.800;1460.8000;140;280.00;0.000000E+000;1.899328E-006;0.000000E+000;0.000000E+000;0.000000E+000;0.000000E+000;1.899328E-006
direct_peakw1;1460.800;1460.8000;141;282.00;0.000000E+000;1.370890E-006;0.000000E+000;0.000000E+000;0.000000E+000;0.000000E+000;1.370890E-006
direct_peakw1;1460.800;1460.8000;142;284.00;0.000000E+000;1.128371E-006;0.000000E+000;0.000000E+000;0.000000E+000;0.000000E+000;1.128371E-006
direct_peakw1;1460.800;1460.8000;143;286.00;0.000000E+000;2.658113E-006;0.000000E+000;0.000000E+000;0.000000E+000;0.000000E+000;2.658113E-006
direct_peakw1;1460.800;1460.8000;144;288.00;0.000000E+000;3.204424E-006;0.000000E+000;0.000000E+000;0.000000E+000;0.000000E+000;3.204424E-006
direct_peakw1;1460.800;1460.8000;145;290.00;0.000000E+000;1.610257E-006;0.000000E+000;0.000000E+000;0.000000E+000;0.000000E+000;1.610257E-006
direct_peakw1;1460.800;1460.8000;146;292.00;0.000000E+000;2.231460E-006;0.000000E+000;0.000000E+000;0.000000E+000;0.000000E+000;2.231460E-006
direct_peakw1;1460.800;1460.8000;147;294.00;0.000000E+000;1.463152E-006;0.000000E+000;0.000000E+000;0.000000E+000;0.000000E+000;1.463152E-006
direct_peakw1;1460.800;1460.8000;148;296.00;0.000000E+000;6.591254E-007;0.000000E+000;0.000000E+000;0.000000E+000;0.000000E+000;6.591254E-007
direct_peakw1;1460.800;1460.8000;149;298.00;0.000000E+000;4.523266E-006;0.000000E+000;0.000000E+000;0.000000E+000;0.000000E+000;4.523266E-006
direct_peakw1;1460.800;1460.8000;150;300.00;0.000000E+000;2.580258E-006;0.000000E+000;0.000000E+000;0.000000E+000;0.000000E+000;2.580258E-006
direct_peakw1;1460.800;1460.8000;151;302.00;0.000000E+000;1.816097E-006;0.000000E+000;0.000000E+000;0.000000E+000;0.000000E+000;1.816097E-006
direct_peakw1;1460.800;1460.8000;152;304.00;0.000000E+000;1.386738E-006;0.000000E+000;0.000000E+000;0.000000E+000;0.000000E+000;1.386738E-006
direct_peakw1;1460.800;1460.8000;153;306.00;0.000000E+000;5.196393E-006;0.000000E+000;0.000000E+000;0.000000E+000;0.000000E+000;5.196393E-006
direct_peakw1;1460.800;1460.8000;154;308.00;0.000000E+000;7.358977E-007;0.000000E+000;0.000000E+000;0.000000E+000;0.000000E+000;7.358977E-007
direct_peakw1;1460.800;1460.8000;155;310.00;0.000000E+000;1.329979E-006;0.000000E+000;0.000000E+000;0.000000E+000;0.000000E+000;1.329979E-006
direct_peakw1;1460.800;1460.8000;156;312.00;0.000000E+000;2.105580E-006;0.000000E+000;0.000000E+000;0.000000E+000;0.000000E+000;2.105580E-006
direct_peakw1;1460.800;1460.8000;157;314.00;0.000000E+000;2.832814E-006;0.000000E+000;0.000000E+000;0.000000E+000;0.000000E+000;2.832814E-006
direct_peakw1;1460.800;1460.8000;158;316.00;0.000000E+000;6.043775E-007;0.000000E+000;0.000000E+000;0.000000E+000;0.000000E+000;6.043775E-007
direct_peakw1;1460.800;1460.8000;159;318.00;0.000000E+000;2.180791E-006;0.000000E+000;0.000000E+000;0.000000E+000;0.000000E+000;2.180791E-006
direct_peakw1;1460.800;1460.8000;160;320.00;0.000000E+000;3.446015E-006;0.000000E+000;0.000000E+000;0.000000E+000;0.000000E+000;3.446015E-006
direct_peakw1;1460.800;1460.8000;161;322.00;0.000000E+000;1.865920E-006;0.000000E+000;0.000000E+000;0.000000E+000;0.000000E+000;1.865920E-006
direct_peakw1;1460.800;1460.8000;162;324.00;0.000000E+000;3.544120E-006;0.000000E+000;0.000000E+000;0.000000E+000;0.000000E+000;3.544120E-006
direct_peakw1;1460.800;1460.8000;163;326.00;0.000000E+000;1.774583E-006;0.000000E+000;0.000000E+000;0.000000E+000;0.000000E+000;1.774583E-006
direct_peakw1;1460.800;1460.8000;164;328.00;0.000000E+000;3.084712E-006;0.000000E+000;0.000000E+000;0.000000E+000;0.000000E+000;3.084712E-006
direct_peakw1;1460.800;1460.8000;165;330.00;0.000000E+000;5.827111E-007;0.000000E+000;0.000000E+000;0.000000E+000;0.000000E+000;5.827111E-007
direct_peakw1;1460.800;1460.8000;166;332.00;0.000000E+000;1.970313E-006;0.000000E+000;0.000000E+000;0.000000E+000;0.000000E+000;1.970313E-006
direct_peakw1;1460.800;1460.8000;167;334.00;0.000000E+000;4.451404E-006;0.000000E+000;0.000000E+000;0.000000E+000;0.000000E+000;4.451404E-006
direct_peakw1;1460.800;1460.8000;168;336.00;0.000000E+000;1.705585E-006;0.000000E+000;0.000000E+000;0.000000E+000;0.000000E+000;1.705585E-006
direct_peakw1;1460.800;1460.8000;169;338.00;0.000000E+000;1.735254E-006;0.000000E+000;0.000000E+000;0.000000E+000;0.000000E+000;1.735254E-006
direct_peakw1;1460.800;1460.8000;170;340.00;0.000000E+000;1.586071E-006;0.000000E+000;0.000000E+000;0.000000E+000;0.000000E+000;1.586071E-006
direct_peakw1;1460.800;1460.8000;171;342.00;0.000000E+000;4.834468E-006;0.000000E+000;0.000000E+000;0.000000E+000;0.000000E+000;4.834468E-006
direct_peakw1;1460.800;1460.8000;172;344.00;0.000000E+000;2.989523E-006;0.000000E+000;0.000000E+000;0.000000E+000;0.000000E+000;2.989523E-006
direct_peakw1;1460.800;1460.8000;173;346.00;0.000000E+000;1.811339E-006;0.000000E+000;0.000000E+000;0.000000E+000;0.000000E+000;1.811339E-006
direct_peakw1;1460.800;1460.8000;174;348.00;0.000000E+000;1.066176E-007;0.000000E+000;0.000000E+000;0.000000E+000;0.000000E+000;1.066176E-007
direct_peakw1;1460.800;1460.8000;175;350.00;0.000000E+000;3.103203E-006;0.000000E+000;0.000000E+000;0.000000E+000;0.000000E+000;3.103203E-006
direct_peakw1;1460.800;1460.8000;176;352.00;0.000000E+000;1.377831E-006;0.000000E+000;0.000000E+000;0.000000E+000;0.000000E+000;1.377831E-006
direct_peakw1;1460.800;1460.8000;177;354.00;0.000000E+000;3.425754E-006;0.000000E+000;0.000000E+000;0.000000E+000;0.000000E+000;3.425754E-006
direct_peakw1;1460.800;1460.8000;178;356.00;0.000000E+000;2.653260E-006;0.000000E+000;0.000000E+000;0.000000E+000;0.000000E+000;2.653260E-006
direct_peakw1;1460.800;1460.8000;179;358.00;0.000000E+000;1.595657E-006;0.000000E+000;0.000000E+000;0.000000E+000;0.000000E+000;1.595657E-006
direct_peakw1;1460.800;1460.8000;180;360.00;0.000000E+000;2.170482E-006;0.000000E+000;0.000000E+000;0.000000E+000;0.000000E+000;2.170482E-006
direct_peakw1;1460.800;1460.8000;181;362.00;0.000000E+000;1.567194E-006;0.000000E+000;0.000000E+000;0.000000E+000;0.000000E+000;1.567194E-006
direct_peakw1;1460.800;1460.8000;182;364.00;0.000000E+000;2.892016E-006;0.000000E+000;0.000000E+000;0.000000E+000;0.000000E+000;2.892016E-006
direct_peakw1;1460.800;1460.8000;183;366.00;0.000000E+000;1.902965E-006;0.000000E+000;0.000000E+000;0.000000E+000;0.000000E+000;1.902965E-006
direct_peakw1;1460.800;1460.8000;184;368.00;0.000000E+000;5.383521E-007;0.000000E+000;0.000000E+000;0.000000E+000;0.000000E+000;5.383521E-007
direct_peakw1;1460.800;1460.8000;185;370.00;0.000000E+000;5.537979E-007;0.000000E+000;0.000000E+000;0.000000E+000;0.000000E+000;5.537979E-007
direct_peakw1;1460.800;1460.8000;186;372.00;0.000000E+000;1.455600E-006;0.000000E+000;0.000000E+000;0.000000E+000;0.000000E+000;1.455600E-006
direct_peakw1;1460.800;1460.8000;187;374.00;0.000000E+000;8.736388E-007;0.000000E+000;0.000000E+000;0.000000E+000;0.000000E+000;8.736388E-007
direct_peakw1;1460.800;1460.8000;188;376.00;0.000000E+000;1.450297E-006;0.000000E+000;0.000000E+000;0.000000E+000;0.000000E+000;1.450297E-006
direct_peakw1;1460.800;1460.8000;189;378.00;0.000000E+000;8.394337E-007;0.000000E+000;0.000000E+000;0.000000E+000;0.000000E+000;8.394337E-007
direct_peakw1;1460.800;1460.8000;190;380.00;0.000000E+000;3.055057E-006;0.000000E+000;0.000000E+000;0.000000E+000;0.000000E+000;3.055057E-006
direct_peakw1;1460.800;1460.8000;191;382.00;0.000000E+000;6.187719E-007;0.000000E+000;0.000000E+000;0.000000E+000;0.000000E+000;6.187719E-007
direct_peakw1;1460.800;1460.8000;192;384.00;0.000000E+000;3.422776E-006;0.000000E+000;0.000000E+000;0.000000E+000;0.000000E+000;3.422776E-006
direct_peakw1;1460.800;1460.8000;193;386.00;0.000000E+000;1.350041E-006;0.000000E+000;0.000000E+000;0.000000E+000;0.000000E+000;1.350041E-006
direct_peakw1;1460.800;1460.8000;194;388.00;0.000000E+000;2.442730E-006;0.000000E+000;0.000000E+000;0.000000E+000;0.000000E+000;2.442730E-006
direct_peakw1;1460.800;1460.8000;195;390.00;0.000000E+000;2.937858E-006;0.000000E+000;0.000000E+000;0.000000E+000;0.000000E+000;2.937858E-006
direct_peakw1;1460.800;1460.8000;196;392.00;0.000000E+000;1.141257E-006;0.000000E+000;0.000000E+000;0.000000E+000;0.000000E+000;1.141257E-006
direct_peakw1;1460.800;1460.8000;197;394.00;0.000000E+000;2.457173E-006;0.000000E+000;0.000000E+000;0.000000E+000;0.000000E+000;2.457173E-006
direct_peakw1;1460.800;1460.8000;198;396.00;0.000000E+000;2.268416E-006;0.000000E+000;0.000000E+000;0.000000E+000;0.000000E+000;2.268416E-006
direct_peakw1;1460.800;1460.8000;199;398.00;0.000000E+000;3.764213E-006;0.000000E+000;0.000000E+000;0.000000E+000;0.000000E+000;3.764213E-006
direct_peakw1;1460.800;1460.8000;200;400.00;0.000000E+000;1.035609E-006;0.000000E+000;0.000000E+000;0.000000E+000;0.000000E+000;1.035609E-006
direct_peakw1;1460.800;1460.8000;201;402.00;0.000000E+000;1.901105E-006;0.000000E+000;0.000000E+000;0.000000E+000;0.000000E+000;1.901105E-006
direct_peakw1;1460.800;1460.8000;202;404.00;0.000000E+000;3.432229E-006;0.000000E+000;0.000000E+000;0.000000E+000;0.000000E+000;3.432229E-006
direct_peakw1;1460.800;1460.8000;203;406.00;0.000000E+000;1.656455E-006;0.000000E+000;0.000000E+000;0.000000E+000;0.000000E+000;1.656455E-006
direct_peakw1;1460.800;1460.8000;204;408.00;0.000000E+000;3.010212E-006;0.000000E+000;0.000000E+000;0.000000E+000;0.000000E+000;3.010212E-006
direct_peakw1;1460.800;1460.8000;205;410.00;0.000000E+000;1.864953E-006;0.000000E+000;0.000000E+000;0.000000E+000;0.000000E+000;1.864953E-006
direct_peakw1;1460.800;1460.8000;206;412.00;0.000000E+000;7.639916E-007;0.000000E+000;0.000000E+000;3.727509E-008;0.000000E+000;8.012667E-007
direct_peakw1;1460.800;1460.8000;207;414.00;0.000000E+000;2.704389E-006;0.000000E+000;0.000000E+000;2.960582E-007;0.000000E+000;3.000447E-006
direct_peakw1;1460.800;1460.8000;208;416.00;0.000000E+000;1.050745E-006;0.000000E+000;0.000000E+000;0.000000E+000;0.000000E+000;1.050745E-006
direct_peakw1;1460.800;1460.8000;209;418.00;0.000000E+000;2.516534E-006;0.000000E+000;0.000000E+000;0.000000E+000;0.000000E+000;2.516534E-006
direct_peakw1;1460.800;1460.8000;210;420.00;0.000000E+000;4.327208E-007;0.000000E+000;0.000000E+000;0.000000E+000;0.000000E+000;4.327208E-007
direct_peakw1;1460.800;1460.8000;211;422.00;0.000000E+000;1.812541E-006;0.000000E+000;0.000000E+000;0.000000E+000;0.000000E+000;1.812541E-006
direct_peakw1;1460.800;1460.8000;212;424.00;0.000000E+000;2.767366E-006;0.000000E+000;0.000000E+000;0.000000E+000;0.000000E+000;2.767366E-006
direct_peakw1;1460.800;1460.8000;213;426.00;0.000000E+000;3.407230E-006;0.000000E+000;0.000000E+000;0.000000E+000;0.000000E+000;3.407230E-006
direct_peakw1;1460.800;1460.8000;214;428.00;0.000000E+000;2.346196E-006;0.000000E+000;0.000000E+000;0.000000E+000;0.000000E+000;2.346196E-006
direct_peakw1;1460.800;1460.8000;215;430.00;0.000000E+000;2.684099E-006;0.000000E+000;0.000000E+000;0.000000E+000;0.000000E+000;2.684099E-006
direct_peakw1;1460.800;1460.8000;216;432.00;0.000000E+000;1.982567E-006;0.000000E+000;0.000000E+000;0.000000E+000;0.000000E+000;1.982567E-006
direct_peakw1;1460.800;1460.8000;217;434.00;0.000000E+000;2.256858E-006;0.000000E+000;0.000000E+000;0.000000E+000;0.000000E+000;2.256858E-006
direct_peakw1;1460.800;1460.8000;218;436.00;0.000000E+000;2.488980E-006;0.000000E+000;0.000000E+000;1.847334E-007;0.000000E+000;2.673713E-006
direct_peakw1;1460.800;1460.8000;219;438.00;0.000000E+000;1.920828E-006;0.000000E+000;0.000000E+000;4.481934E-006;0.000000E+000;6.402762E-006
direct_peakw1;1460.800;1460.8000;220;440.00;0.000000E+000;1.779134E-006;0.000000E+000;0.000000E+000;0.000000E+000;0.000000E+000;1.779134E-006
direct_peakw1;1460.800;1460.8000;221;442.00;0.000000E+000;1.144183E-006;0.000000E+000;0.000000E+000;0.000000E+000;0.000000E+000;1.144183E-006
direct_peakw1;1460.800;1460.8000;222;444.00;0.000000E+000;4.065143E-006;0.000000E+000;0.000000E+000;0.000000E+000;0.000000E+000;4.065143E-006
direct_peakw1;1460.800;1460.8000;223;446.00;0.000000E+000;3.490661E-006;0.000000E+000;0.000000E+000;3.644684E-008;0.000000E+000;3.527108E-006
direct_peakw1;1460.800;1460.8000;224;448.00;0.000000E+000;2.478241E-006;0.000000E+000;0.000000E+000;2.968865E-007;0.000000E+000;2.775128E-006
direct_peakw1;1460.800;1460.8000;225;450.00;0.000000E+000;1.375971E-006;0.000000E+000;0.000000E+000;0.000000E+000;0.000000E+000;1.375971E-006
direct_peakw1;1460.800;1460.8000;226;452.00;0.000000E+000;3.270046E-006;0.000000E+000;0.000000E+000;0.000000E+000;0.000000E+000;3.270046E-006
direct_peakw1;1460.800;1460.8000;227;454.00;0.000000E+000;2.428863E-007;0.000000E+000;0.000000E+000;5.986627E-008;0.000000E+000;3.027525E-007
direct_peakw1;1460.800;1460.8000;228;456.00;0.000000E+000;4.180422E-006;0.000000E+000;0.000000E+000;2.734671E-007;0.000000E+000;4.453889E-006
direct_peakw1;1460.800;1460.8000;229;458.00;0.000000E+000;1.446545E-006;0.000000E+000;0.000000E+000;0.000000E+000;0.000000E+000;1.446545E-006
direct_peakw1;1460.800;1460.8000;230;460.00;0.000000E+000;4.623024E-006;0.000000E+000;0.000000E+000;0.000000E+000;0.000000E+000;4.623024E-006
direct_peakw1;1460.800;1460.8000;231;462.00;0.000000E+000;2.613524E-006;0.000000E+000;0.000000E+000;0.000000E+000;0.000000E+000;2.613524E-006
direct_peakw1;1460.800;1460.8000;232;464.00;0.000000E+000;3.873406E-006;0.000000E+000;0.000000E+000;0.000000E+000;0.000000E+000;3.873406E-006
direct_peakw1;1460.800;1460.8000;233;466.00;0.000000E+000;8.940746E-007;0.000000E+000;0.000000E+000;0.000000E+000;0.000000E+000;8.940746E-007
direct_peakw1;1460.800;1460.8000;234;468.00;0.000000E+000;2.856073E-006;0.000000E+000;0.000000E+000;0.000000E+000;0.000000E+000;2.856073E-006
direct_peakw1;1460.800;1460.8000;235;470.00;0.000000E+000;1.775674E-007;0.000000E+000;0.000000E+000;0.000000E+000;0.000000E+000;1.775674E-007
direct_peakw1;1460.800;1460.8000;236;472.00;0.000000E+000;3.205328E-006;0.000000E+000;0.000000E+000;0.000000E+000;0.000000E+000;3.205328E-006
direct_peakw1;1460.800;1460.8000;237;474.00;0.000000E+000;3.210048E-006;0.000000E+000;0.000000E+000;0.000000E+000;0.000000E+000;3.210048E-006
direct_peakw1;1460.800;1460.8000;238;476.00;0.000000E+000;3.520617E-006;0.000000E+000;0.000000E+000;1.117232E-007;0.000000E+000;3.632340E-006
direct_peakw1;1460.800;1460.8000;239;478.00;0.000000E+000;8.864403E-007;0.000000E+000;0.000000E+000;2.216101E-007;0.000000E+000;1.108050E-006
direct_peakw1;1460.800;1460.8000;240;480.00;0.000000E+000;1.397793E-006;0.000000E+000;0.000000E+000;1.727370E-007;0.000000E+000;1.570530E-006
direct_peakw1;1460.800;1460.8000;241;482.00;0.000000E+000;3.974211E-006;0.000000E+000;0.000000E+000;1.605963E-007;0.000000E+000;4.134807E-006
direct_peakw1;1460.800;1460.8000;242;484.00;0.000000E+000;9.613299E-007;0.000000E+000;0.000000E+000;0.000000E+000;0.000000E+000;9.613299E-007
direct_peakw1;1460.800;1460.8000;243;486.00;0.000000E+000;1.499608E-007;0.000000E+000;0.000000E+000;0.000000E+000;0.000000E+000;1.499608E-007
direct_peakw1;1460.800;1460.8000;244;488.00;0.000000E+000;1.793312E-006;0.000000E+000;0.000000E+000;0.000000E+000;0.000000E+000;1.793312E-006
direct_peakw1;1460.800;1460.8000;245;490.00;0.000000E+000;3.745956E-006;0.000000E+000;0.000000E+000;0.000000E+000;0.000000E+000;3.745956E-006
direct_peakw1;1460.800;1460.8000;246;492.00;0.000000E+000;3.159134E-006;0.000000E+000;0.000000E+000;0.000000E+000;0.000000E+000;3.159134E-006
direct_peakw1;1460.800;1460.8000;247;494.00;0.000000E+000;2.916206E-006;0.000000E+000;0.000000E+000;0.000000E+000;0.000000E+000;2.916206E-006
direct_peakw1;1460.800;1460.8000;248;496.00;0.000000E+000;1.161325E-006;0.000000E+000;0.000000E+000;0.000000E+000;0.000000E+000;1.161325E-006
direct_peakw1;1460.800;1460.8000;249;498.00;0.000000E+000;2.598736E-006;0.000000E+000;0.000000E+000;0.000000E+000;0.000000E+000;2.598736E-006
direct_peakw1;1460.800;1460.8000;250;500.00;0.000000E+000;1.142037E-006;0.000000E+000;0.000000E+000;0.000000E+000;0.000000E+000;1.142037E-006
direct_peakw1;1460.800;1460.8000;251;502.00;0.000000E+000;1.540806E-006;0.000000E+000;0.000000E+000;0.000000E+000;0.000000E+000;1.540806E-006
direct_peakw1;1460.800;1460.8000;252;504.00;0.000000E+000;1.211213E-006;0.000000E+000;0.000000E+000;0.000000E+000;0.000000E+000;1.211213E-006
direct_peakw1;1460.800;1460.8000;253;506.00;0.000000E+000;3.024617E-006;0.000000E+000;0.000000E+000;0.000000E+000;0.000000E+000;3.024617E-006
direct_peakw1;1460.800;1460.8000;254;508.00;0.000000E+000;5.566966E-007;0.000000E+000;0.000000E+000;0.000000E+000;0.000000E+000;5.566966E-007
direct_peakw1;1460.800;1460.8000;255;510.00;0.000000E+000;1.277184E-006;0.000000E+000;0.000000E+000;0.000000E+000;0.000000E+000;1.277184E-006
direct_peakw1;1460.800;1460.8000;256;512.00;0.000000E+000;2.991326E-006;0.000000E+000;0.000000E+000;0.000000E+000;0.000000E+000;2.991326E-006
direct_peakw1;1460.800;1460.8000;257;514.00;0.000000E+000;3.411677E-006;0.000000E+000;0.000000E+000;0.000000E+000;0.000000E+000;3.411677E-006
direct_peakw1;1460.800;1460.8000;258;516.00;0.000000E+000;1.073166E-006;0.000000E+000;0.000000E+000;0.000000E+000;0.000000E+000;1.073166E-006
direct_peakw1;1460.800;1460.8000;259;518.00;0.000000E+000;1.099510E-006;0.000000E+000;0.000000E+000;0.000000E+000;0.000000E+000;1.099510E-006
direct_peakw1;1460.800;1460.8000;260;520.00;0.000000E+000;2.754706E-006;0.000000E+000;0.000000E+000;0.000000E+000;0.000000E+000;2.754706E-006
direct_peakw1;1460.800;1460.8000;261;522.00;0.000000E+000;1.725763E-006;0.000000E+000;0.000000E+000;0.000000E+000;0.000000E+000;1.725763E-006
direct_peakw1;1460.800;1460.8000;262;524.00;0.000000E+000;2.961731E-006;0.000000E+000;0.000000E+000;0.000000E+000;0.000000E+000;2.961731E-006
direct_peakw1;1460.800;1460.8000;263;526.00;0.000000E+000;4.299070E-006;0.000000E+000;0.000000E+000;1.927467E-007;0.000000E+000;4.491816E-006
direct_peakw1;1460.800;1460.8000;264;528.00;0.000000E+000;2.798892E-006;0.000000E+000;0.000000E+000;1.405867E-007;0.000000E+000;2.939479E-006
direct_peakw1;1460.800;1460.8000;265;530.00;0.000000E+000;2.736414E-007;0.000000E+000;0.000000E+000;0.000000E+000;0.000000E+000;2.736414E-007
direct_peakw1;1460.800;1460.8000;266;532.00;0.000000E+000;6.064577E-006;0.000000E+000;0.000000E+000;0.000000E+000;0.000000E+000;6.064577E-006
direct_peakw1;1460.800;1460.8000;267;534.00;0.000000E+000;6.020902E-007;0.000000E+000;0.000000E+000;0.000000E+000;0.000000E+000;6.020902E-007
direct_peakw1;1460.800;1460.8000;268;536.00;0.000000E+000;2.704256E-006;0.000000E+000;0.000000E+000;0.000000E+000;0.000000E+000;2.704256E-006
direct_peakw1;1460.800;1460.8000;269;538.00;0.000000E+000;2.125116E-006;0.000000E+000;0.000000E+000;1.658744E-007;0.000000E+000;2.290991E-006
direct_peakw1;1460.800;1460.8000;270;540.00;0.000000E+000;1.927784E-006;0.000000E+000;0.000000E+000;1.674589E-007;0.000000E+000;2.095243E-006
direct_peakw1;1460.800;1460.8000;271;542.00;0.000000E+000;8.929762E-007;0.000000E+000;0.000000E+000;0.000000E+000;0.000000E+000;8.929762E-007
direct_peakw1;1460.800;1460.8000;272;544.00;0.000000E+000;2.016534E-006;0.000000E+000;0.000000E+000;0.000000E+000;0.000000E+000;2.016534E-006
direct_peakw1;1460.800;1460.8000;273;546.00;0.000000E+000;2.153913E-006;0.000000E+000;0.000000E+000;0.000000E+000;0.000000E+000;2.153913E-006
direct_peakw1;1460.800;1460.8000;274;548.00;0.000000E+000;2.112665E-006;0.000000E+000;0.000000E+000;0.000000E+000;0.000000E+000;2.112665E-006
direct_peakw1;1460.800;1460.8000;275;550.00;0.000000E+000;2.121757E-006;0.000000E+000;0.000000E+000;0.000000E+000;0.000000E+000;2.121757E-006
direct_peakw1;1460.800;1460.8000;276;552.00;0.000000E+000;1.877361E-006;0.000000E+000;0.000000E+000;0.000000E+000;0.000000E+000;1.877361E-006
direct_peakw1;1460.800;1460.8000;277;554.00;0.000000E+000;1.363296E-006;0.000000E+000;0.000000E+000;0.000000E+000;0.000000E+000;1.363296E-006
direct_peakw1;1460.800;1460.8000;278;556.00;0.000000E+000;2.196822E-006;0.000000E+000;0.000000E+000;0.000000E+000;0.000000E+000;2.196822E-006
direct_peakw1;1460.800;1460.8000;279;558.00;0.000000E+000;2.438865E-006;0.000000E+000;0.000000E+000;0.000000E+000;0.000000E+000;2.438865E-006
direct_peakw1;1460.800;1460.8000;280;560.00;0.000000E+000;1.532444E-006;0.000000E+000;0.000000E+000;0.000000E+000;0.000000E+000;1.532444E-006
direct_peakw1;1460.800;1460.8000;281;562.00;0.000000E+000;1.798291E-006;0.000000E+000;0.000000E+000;0.000000E+000;0.000000E+000;1.798291E-006
direct_peakw1;1460.800;1460.8000;282;564.00;0.000000E+000;2.892737E-006;0.000000E+000;0.000000E+000;0.000000E+000;0.000000E+000;2.892737E-006
direct_peakw1;1460.800;1460.8000;283;566.00;0.000000E+000;5.118482E-007;0.000000E+000;0.000000E+000;0.000000E+000;0.000000E+000;5.118482E-007
direct_peakw1;1460.800;1460.8000;284;568.00;0.000000E+000;2.076458E-006;0.000000E+000;0.000000E+000;0.000000E+000;0.000000E+000;2.076458E-006
direct_peakw1;1460.800;1460.8000;285;570.00;0.000000E+000;3.089391E-006;0.000000E+000;0.000000E+000;0.000000E+000;0.000000E+000;3.089391E-006
direct_peakw1;1460.800;1460.8000;286;572.00;0.000000E+000;2.045596E-006;0.000000E+000;0.000000E+000;0.000000E+000;0.000000E+000;2.045596E-006
direct_peakw1;1460.800;1460.8000;287;574.00;0.000000E+000;1.651301E-006;0.000000E+000;0.000000E+000;0.000000E+000;0.000000E+000;1.651301E-006
direct_peakw1;1460.800;1460.8000;288;576.00;0.000000E+000;2.623351E-006;0.000000E+000;0.000000E+000;0.000000E+000;0.000000E+000;2.623351E-006
direct_peakw1;1460.800;1460.8000;289;578.00;0.000000E+000;2.540487E-006;0.000000E+000;0.000000E+000;0.000000E+000;0.000000E+000;2.540487E-006
direct_peakw1;1460.800;1460.8000;290;580.00;0.000000E+000;2.672224E-006;0.000000E+000;0.000000E+000;2.329360E-007;0.000000E+000;2.905160E-006
direct_peakw1;1460.800;1460.8000;291;582.00;0.000000E+000;3.011920E-007;0.000000E+000;0.000000E+000;1.003973E-007;0.000000E+000;4.015893E-007
direct_peakw1;1460.800;1460.8000;292;584.00;0.000000E+000;2.192914E-006;0.000000E+000;0.000000E+000;9.155188E-008;0.000000E+000;2.284465E-006
direct_peakw1;1460.800;1460.8000;293;586.00;0.000000E+000;4.169565E-006;0.000000E+000;0.000000E+000;2.417815E-007;0.000000E+000;4.411346E-006
direct_peakw1;1460.800;1460.8000;294;588.00;0.000000E+000;3.179998E-006;0.000000E+000;0.000000E+000;0.000000E+000;0.000000E+000;3.179998E-006
direct_peakw1;1460.800;1460.8000;295;590.00;0.000000E+000;1.435415E-006;0.000000E+000;0.000000E+000;0.000000E+000;0.000000E+000;1.435415E-006
direct_peakw1;1460.800;1460.8000;296;592.00;0.000000E+000;5.796395E-006;0.000000E+000;0.000000E+000;0.000000E+000;0.000000E+000;5.796395E-006
direct_peakw1;1460.800;1460.8000;297;594.00;0.000000E+000;5.562765E-007;0.000000E+000;0.000000E+000;0.000000E+000;0.000000E+000;5.562765E-007
direct_peakw1;1460.800;1460.8000;298;596.00;0.000000E+000;2.336103E-006;0.000000E+000;0.000000E+000;0.000000E+000;0.000000E+000;2.336103E-006
direct_peakw1;1460.800;1460.8000;299;598.00;0.000000E+000;1.920460E-006;0.000000E+000;0.000000E+000;0.000000E+000;0.000000E+000;1.920460E-006
direct_peakw1;1460.800;1460.8000;300;600.00;0.000000E+000;2.569099E-006;0.000000E+000;0.000000E+000;0.000000E+000;0.000000E+000;2.569099E-006
direct_peakw1;1460.800;1460.8000;301;602.00;0.000000E+000;1.939467E-006;0.000000E+000;0.000000E+000;0.000000E+000;0.000000E+000;1.939467E-006
direct_peakw1;1460.800;1460.8000;302;604.00;0.000000E+000;2.878136E-006;0.000000E+000;0.000000E+000;0.000000E+000;0.000000E+000;2.878136E-006
direct_peakw1;1460.800;1460.8000;303;606.00;0.000000E+000;3.110183E-006;0.000000E+000;0.000000E+000;1.043363E-007;0.000000E+000;3.214519E-006
direct_peakw1;1460.800;1460.8000;304;608.00;0.000000E+000;3.125237E-006;0.000000E+000;0.000000E+000;2.289971E-007;0.000000E+000;3.354234E-006
direct_peakw1;1460.800;1460.8000;305;610.00;0.000000E+000;3.694489E-006;0.000000E+000;0.000000E+000;0.000000E+000;0.000000E+000;3.694489E-006
direct_peakw1;1460.800;1460.8000;306;612.00;0.000000E+000;6.358584E-007;0.000000E+000;0.000000E+000;0.000000E+000;0.000000E+000;6.358584E-007
direct_peakw1;1460.800;1460.8000;307;614.00;0.000000E+000;2.768544E-006;0.000000E+000;0.000000E+000;0.000000E+000;0.000000E+000;2.768544E-006
direct_peakw1;1460.800;1460.8000;308;616.00;0.000000E+000;1.429959E-006;0.000000E+000;0.000000E+000;0.000000E+000;0.000000E+000;1.429959E-006
direct_peakw1;1460.800;1460.8000;309;618.00;0.000000E+000;2.006942E-006;0.000000E+000;0.000000E+000;0.000000E+000;0.000000E+000;2.006942E-006
direct_peakw1;1460.800;1460.8000;310;620.00;0.000000E+000;1.376742E-006;0.000000E+000;0.000000E+000;0.000000E+000;0.000000E+000;1.376742E-006
direct_peakw1;1460.800;1460.8000;311;622.00;0.000000E+000;5.453322E-007;0.000000E+000;0.000000E+000;0.000000E+000;0.000000E+000;5.453322E-007
direct_peakw1;1460.800;1460.8000;312;624.00;0.000000E+000;4.999551E-006;0.000000E+000;0.000000E+000;0.000000E+000;0.000000E+000;4.999551E-006
direct_peakw1;1460.800;1460.8000;313;626.00;0.000000E+000;3.528018E-007;0.000000E+000;0.000000E+000;5.880030E-008;0.000000E+000;4.116021E-007
direct_peakw1;1460.800;1460.8000;314;628.00;0.000000E+000;1.647198E-006;0.000000E+000;0.000000E+000;2.745331E-007;0.000000E+000;1.921731E-006
direct_peakw1;1460.800;1460.8000;315;630.00;0.000000E+000;9.541088E-007;0.000000E+000;0.000000E+000;0.000000E+000;0.000000E+000;9.541088E-007
direct_peakw1;1460.800;1460.8000;316;632.00;0.000000E+000;3.848490E-006;1.940346E-007;0.000000E+000;0.000000E+000;0.000000E+000;4.042524E-006
direct_peakw1;1460.800;1460.8000;317;634.00;0.000000E+000;3.530735E-006;1.392988E-007;0.000000E+000;0.000000E+000;0.000000E+000;3.670034E-006
direct_peakw1;1460.800;1460.8000;318;636.00;0.000000E+000;1.243865E-006;0.000000E+000;0.000000E+000;0.000000E+000;0.000000E+000;1.243865E-006
direct_peakw1;1460.800;1460.8000;319;638.00;0.000000E+000;3.339288E-006;0.000000E+000;0.000000E+000;0.000000E+000;0.000000E+000;3.339288E-006
direct_peakw1;1460.800;1460.8000;320;640.00;0.000000E+000;3.076193E-006;0.000000E+000;0.000000E+000;0.000000E+000;0.000000E+000;3.076193E-006
direct_peakw1;1460.800;1460.8000;321;642.00;0.000000E+000;3.533841E-007;0.000000E+000;0.000000E+000;0.000000E+000;0.000000E+000;3.533841E-007
direct_peakw1;1460.800;1460.8000;322;644.00;0.000000E+000;3.136563E-006;0.000000E+000;0.000000E+000;0.000000E+000;0.000000E+000;3.136563E-006
direct_peakw1;1460.800;1460.8000;323;646.00;0.000000E+000;2.544311E-007;0.000000E+000;0.000000E+000;0.000000E+000;0.000000E+000;2.544311E-007
direct_peakw1;1460.800;1460.8000;324;648.00;0.000000E+000;4.727126E-006;0.000000E+000;0.000000E+000;0.000000E+000;0.000000E+000;4.727126E-006
direct_peakw1;1460.800;1460.8000;325;650.00;0.000000E+000;1.253832E-006;0.000000E+000;0.000000E+000;0.000000E+000;0.000000E+000;1.253832E-006
direct_peakw1;1460.800;1460.8000;326;652.00;0.000000E+000;3.615316E-006;0.000000E+000;0.000000E+000;0.000000E+000;0.000000E+000;3.615316E-006
direct_peakw1;1460.800;1460.8000;327;654.00;0.000000E+000;8.794157E-007;0.000000E+000;0.000000E+000;0.000000E+000;0.000000E+000;8.794157E-007
direct_peakw1;1460.800;1460.8000;328;656.00;0.000000E+000;2.571566E-006;0.000000E+000;0.000000E+000;0.000000E+000;0.000000E+000;2.571566E-006
direct_peakw1;1460.800;1460.8000;329;658.00;0.000000E+000;1.672251E-006;0.000000E+000;0.000000E+000;0.000000E+000;0.000000E+000;1.672251E-006
direct_peakw1;1460.800;1460.8000;330;660.00;0.000000E+000;1.905942E-006;0.000000E+000;0.000000E+000;0.000000E+000;0.000000E+000;1.905942E-006
direct_peakw1;1460.800;1460.8000;331;662.00;0.000000E+000;1.134596E-006;0.000000E+000;0.000000E+000;7.731096E-008;0.000000E+000;1.211907E-006
direct_peakw1;1460.800;1460.8000;332;664.00;0.000000E+000;2.836229E-006;0.000000E+000;0.000000E+000;2.560224E-007;0.000000E+000;3.092251E-006
direct_peakw1;1460.800;1460.8000;333;666.00;0.000000E+000;1.392511E-006;0.000000E+000;0.000000E+000;0.000000E+000;0.000000E+000;1.392511E-006
direct_peakw1;1460.800;1460.8000;334;668.00;0.000000E+000;1.742613E-006;0.000000E+000;0.000000E+000;0.000000E+000;0.000000E+000;1.742613E-006
direct_peakw1;1460.800;1460.8000;335;670.00;0.000000E+000;9.394432E-007;0.000000E+000;0.000000E+000;0.000000E+000;0.000000E+000;9.394432E-007
direct_peakw1;1460.800;1460.8000;336;672.00;0.000000E+000;1.716485E-006;0.000000E+000;0.000000E+000;0.000000E+000;0.000000E+000;1.716485E-006
direct_peakw1;1460.800;1460.8000;337;674.00;0.000000E+000;1.065628E-006;0.000000E+000;0.000000E+000;0.000000E+000;0.000000E+000;1.065628E-006
direct_peakw1;1460.800;1460.8000;338;676.00;0.000000E+000;4.143320E-006;0.000000E+000;0.000000E+000;0.000000E+000;0.000000E+000;4.143320E-006
direct_peakw1;1460.800;1460.8000;339;678.00;0.000000E+000;4.838935E-007;0.000000E+000;0.000000E+000;0.000000E+000;0.000000E+000;4.838935E-007
direct_peakw1;1460.800;1460.8000;340;680.00;0.000000E+000;5.161065E-007;0.000000E+000;0.000000E+000;0.000000E+000;0.000000E+000;5.161065E-007
direct_peakw1;1460.800;1460.8000;341;682.00;0.000000E+000;2.903870E-006;0.000000E+000;0.000000E+000;1.785795E-007;0.000000E+000;3.082449E-006
direct_peakw1;1460.800;1460.8000;342;684.00;0.000000E+000;2.154391E-006;0.000000E+000;0.000000E+000;1.547538E-007;0.000000E+000;2.309144E-006
direct_peakw1;1460.800;1460.8000;343;686.00;0.000000E+000;1.941740E-006;0.000000E+000;0.000000E+000;0.000000E+000;0.000000E+000;1.941740E-006
direct_peakw1;1460.800;1460.8000;344;688.00;0.000000E+000;8.998608E-007;0.000000E+000;0.000000E+000;0.000000E+000;0.000000E+000;8.998608E-007
direct_peakw1;1460.800;1460.8000;345;690.00;0.000000E+000;3.458179E-006;0.000000E+000;0.000000E+000;0.000000E+000;0.000000E+000;3.458179E-006
direct_peakw1;1460.800;1460.8000;346;692.00;0.000000E+000;1.327050E-006;0.000000E+000;0.000000E+000;0.000000E+000;0.000000E+000;1.327050E-006
direct_peakw1;1460.800;1460.8000;347;694.00;0.000000E+000;3.700914E-006;0.000000E+000;0.000000E+000;0.000000E+000;0.000000E+000;3.700914E-006
direct_peakw1;1460.800;1460.8000;348;696.00;0.000000E+000;2.737342E-006;0.000000E+000;0.000000E+000;0.000000E+000;0.000000E+000;2.737342E-006
direct_peakw1;1460.800;1460.8000;349;698.00;0.000000E+000;1.586464E-006;0.000000E+000;0.000000E+000;0.000000E+000;0.000000E+000;1.586464E-006
direct_peakw1;1460.800;1460.8000;350;700.00;0.000000E+000;3.999810E-006;0.000000E+000;0.000000E+000;0.000000E+000;0.000000E+000;3.999810E-006
direct_peakw1;1460.800;1460.8000;351;702.00;0.000000E+000;1.938876E-006;0.000000E+000;0.000000E+000;0.000000E+000;0.000000E+000;1.938876E-006
direct_peakw1;1460.800;1460.8000;352;704.00;0.000000E+000;2.567892E-006;0.000000E+000;0.000000E+000;0.000000E+000;0.000000E+000;2.567892E-006
direct_peakw1;1460.800;1460.8000;353;706.00;0.000000E+000;2.629009E-006;0.000000E+000;0.000000E+000;0.000000E+000;0.000000E+000;2.629009E-006
direct_peakw1;1460.800;1460.8000;354;708.00;0.000000E+000;3.230579E-006;0.000000E+000;0.000000E+000;0.000000E+000;0.000000E+000;3.230579E-006
direct_peakw1;1460.800;1460.8000;355;710.00;0.000000E+000;2.257359E-006;0.000000E+000;0.000000E+000;0.000000E+000;0.000000E+000;2.257359E-006
direct_peakw1;1460.800;1460.8000;356;712.00;0.000000E+000;2.593071E-007;0.000000E+000;0.000000E+000;0.000000E+000;0.000000E+000;2.593071E-007
direct_peakw1;1460.800;1460.8000;357;714.00;0.000000E+000;4.331339E-006;0.000000E+000;0.000000E+000;0.000000E+000;0.000000E+000;4.331339E-006
direct_peakw1;1460.800;1460.8000;358;716.00;0.000000E+000;4.117526E-006;0.000000E+000;0.000000E+000;0.000000E+000;0.000000E+000;4.117526E-006
direct_peakw1;1460.800;1460.8000;359;718.00;0.000000E+000;9.584937E-007;0.000000E+000;0.000000E+000;0.000000E+000;0.000000E+000;9.584937E-007
direct_peakw1;1460.800;1460.8000;360;720.00;0.000000E+000;1.197189E-006;0.000000E+000;0.000000E+000;0.000000E+000;0.000000E+000;1.197189E-006
direct_peakw1;1460.800;1460.8000;361;722.00;0.000000E+000;1.865027E-006;0.000000E+000;0.000000E+000;0.000000E+000;0.000000E+000;1.865027E-006
direct_peakw1;1460.800;1460.8000;362;724.00;0.000000E+000;4.443049E-006;0.000000E+000;0.000000E+000;0.000000E+000;0.000000E+000;4.443049E-006
direct_peakw1;1460.800;1460.8000;363;726.00;0.000000E+000;8.280671E-007;0.000000E+000;0.000000E+000;0.000000E+000;0.000000E+000;8.280671E-007
direct_peakw1;1460.800;1460.8000;364;728.00;0.000000E+000;2.718943E-006;0.000000E+000;0.000000E+000;0.000000E+000;0.000000E+000;2.718943E-006
direct_peakw1;1460.800;1460.8000;365;730.00;0.000000E+000;2.623766E-006;0.000000E+000;0.000000E+000;0.000000E+000;0.000000E+000;2.623766E-006
direct_peakw1;1460.800;1460.8000;366;732.00;0.000000E+000;1.429555E-006;0.000000E+000;0.000000E+000;0.000000E+000;0.000000E+000;1.429555E-006
direct_peakw1;1460.800;1460.8000;367;734.00;0.000000E+000;2.595425E-006;0.000000E+000;0.000000E+000;0.000000E+000;0.000000E+000;2.595425E-006
direct_peakw1;1460.800;1460.8000;368;736.00;0.000000E+000;3.013622E-006;0.000000E+000;0.000000E+000;0.000000E+000;0.000000E+000;3.013622E-006
direct_peakw1;1460.800;1460.8000;369;738.00;0.000000E+000;9.784875E-007;0.000000E+000;0.000000E+000;0.000000E+000;0.000000E+000;9.784875E-007
direct_peakw1;1460.800;1460.8000;370;740.00;0.000000E+000;1.640202E-006;0.000000E+000;0.000000E+000;0.000000E+000;0.000000E+000;1.640202E-006
direct_peakw1;1460.800;1460.8000;371;742.00;0.000000E+000;2.236646E-006;0.000000E+000;0.000000E+000;0.000000E+000;0.000000E+000;2.236646E-006
direct_peakw1;1460.800;1460.8000;372;744.00;0.000000E+000;4.485642E-006;1.826076E-007;0.000000E+000;0.000000E+000;0.000000E+000;4.668250E-006
direct_peakw1;1460.800;1460.8000;373;746.00;0.000000E+000;2.673277E-006;1.507258E-007;0.000000E+000;0.000000E+000;0.000000E+000;2.824003E-006
direct_peakw1;1460.800;1460.8000;374;748.00;0.000000E+000;2.999201E-007;0.000000E+000;0.000000E+000;0.000000E+000;0.000000E+000;2.999201E-007
direct_peakw1;1460.800;1460.8000;375;750.00;0.000000E+000;3.304514E-006;0.000000E+000;0.000000E+000;0.000000E+000;0.000000E+000;3.304514E-006
direct_peakw1;1460.800;1460.8000;376;752.00;0.000000E+000;3.884935E-007;0.000000E+000;0.000000E+000;0.000000E+000;0.000000E+000;3.884935E-007
direct_peakw1;1460.800;1460.8000;377;754.00;0.000000E+000;1.744198E-006;6.634568E-008;0.000000E+000;0.000000E+000;0.000000E+000;1.810544E-006
direct_peakw1;1460.800;1460.8000;378;756.00;0.000000E+000;3.541903E-006;6.003210E-007;0.000000E+000;0.000000E+000;0.000000E+000;4.142224E-006
direct_peakw1;1460.800;1460.8000;379;758.00;0.000000E+000;5.133571E-006;0.000000E+000;0.000000E+000;0.000000E+000;0.000000E+000;5.133571E-006
direct_peakw1;1460.800;1460.8000;380;760.00;0.000000E+000;1.525168E-006;0.000000E+000;0.000000E+000;0.000000E+000;0.000000E+000;1.525168E-006
direct_peakw1;1460.800;1460.8000;381;762.00;0.000000E+000;0.000000E+000;0.000000E+000;0.000000E+000;0.000000E+000;0.000000E+000;0.000000E+000
direct_peakw1;1460.800;1460.8000;382;764.00;0.000000E+000;4.723868E-006;0.000000E+000;0.000000E+000;0.000000E+000;0.000000E+000;4.723868E-006
direct_peakw1;1460.800;1460.8000;383;766.00;0.000000E+000;2.609465E-006;0.000000E+000;0.000000E+000;0.000000E+000;0.000000E+000;2.609465E-006
direct_peakw1;1460.800;1460.8000;384;768.00;0.000000E+000;2.076472E-006;0.000000E+000;0.000000E+000;0.000000E+000;0.000000E+000;2.076472E-006
direct_peakw1;1460.800;1460.8000;385;770.00;0.000000E+000;3.510836E-006;0.000000E+000;0.000000E+000;0.000000E+000;0.000000E+000;3.510836E-006
direct_peakw1;1460.800;1460.8000;386;772.00;0.000000E+000;2.746025E-006;0.000000E+000;0.000000E+000;0.000000E+000;0.000000E+000;2.746025E-006
direct_peakw1;1460.800;1460.8000;387;774.00;0.000000E+000;2.285322E-006;0.000000E+000;0.000000E+000;0.000000E+000;0.000000E+000;2.285322E-006
direct_peakw1;1460.800;1460.8000;388;776.00;0.000000E+000;4.048011E-006;0.000000E+000;0.000000E+000;0.000000E+000;0.000000E+000;4.048011E-006
direct_peakw1;1460.800;1460.8000;389;778.00;0.000000E+000;0.000000E+000;0.000000E+000;0.000000E+000;0.000000E+000;0.000000E+000;0.000000E+000
direct_peakw1;1460.800;1460.8000;390;780.00;0.000000E+000;1.095756E-006;0.000000E+000;0.000000E+000;0.000000E+000;0.000000E+000;1.095756E-006
direct_peakw1;1460.800;1460.8000;391;782.00;0.000000E+000;3.904243E-006;0.000000E+000;0.000000E+000;0.000000E+000;0.000000E+000;3.904243E-006
direct_peakw1;1460.800;1460.8000;392;784.00;0.000000E+000;7.193454E-007;0.000000E+000;0.000000E+000;0.000000E+000;0.000000E+000;7.193454E-007
direct_peakw1;1460.800;1460.8000;393;786.00;0.000000E+000;1.947321E-006;0.000000E+000;0.000000E+000;0.000000E+000;0.000000E+000;1.947321E-006
direct_peakw1;1460.800;1460.8000;394;788.00;0.000000E+000;5.051671E-007;0.000000E+000;0.000000E+000;0.000000E+000;0.000000E+000;5.051671E-007
direct_peakw1;1460.800;1460.8000;395;790.00;0.000000E+000;2.931839E-006;0.000000E+000;0.000000E+000;0.000000E+000;0.000000E+000;2.931839E-006
direct_peakw1;1460.800;1460.8000;396;792.00;0.000000E+000;2.562994E-006;0.000000E+000;0.000000E+000;0.000000E+000;0.000000E+000;2.562994E-006
direct_peakw1;1460.800;1460.8000;397;794.00;0.000000E+000;7.829507E-008;0.000000E+000;0.000000E+000;0.000000E+000;0.000000E+000;7.829507E-008
direct_peakw1;1460.800;1460.8000;398;796.00;0.000000E+000;2.541311E-006;0.000000E+000;0.000000E+000;0.000000E+000;0.000000E+000;2.541311E-006
direct_peakw1;1460.800;1460.8000;399;798.00;0.000000E+000;2.473781E-006;0.000000E+000;0.000000E+000;0.000000E+000;0.000000E+000;2.473781E-006
direct_peakw1;1460.800;1460.8000;400;800.00;0.000000E+000;1.906613E-006;0.000000E+000;0.000000E+000;0.000000E+000;0.000000E+000;1.906613E-006
direct_peakw1;1460.800;1460.8000;401;802.00;0.000000E+000;1.326432E-006;0.000000E+000;0.000000E+000;0.000000E+000;0.000000E+000;1.326432E-006
direct_peakw1;1460.800;1460.8000;402;804.00;0.000000E+000;6.901023E-009;0.000000E+000;0.000000E+000;0.000000E+000;0.000000E+000;6.901023E-009
direct_peakw1;1460.800;1460.8000;403;806.00;0.000000E+000;1.733954E-006;0.000000E+000;0.000000E+000;0.000000E+000;0.000000E+000;1.733954E-006
direct_peakw1;1460.800;1460.8000;404;808.00;0.000000E+000;2.843826E-006;0.000000E+000;0.000000E+000;0.000000E+000;0.000000E+000;2.843826E-006
direct_peakw1;1460.800;1460.8000;405;810.00;0.000000E+000;3.327319E-006;0.000000E+000;0.000000E+000;0.000000E+000;0.000000E+000;3.327319E-006
direct_peakw1;1460.800;1460.8000;406;812.00;0.000000E+000;3.761311E-006;0.000000E+000;0.000000E+000;0.000000E+000;0.000000E+000;3.761311E-006
direct_peakw1;1460.800;1460.8000;407;814.00;0.000000E+000;6.669239E-007;0.000000E+000;0.000000E+000;0.000000E+000;0.000000E+000;6.669239E-007
direct_peakw1;1460.800;1460.8000;408;816.00;0.000000E+000;1.680698E-006;0.000000E+000;0.000000E+000;3.268652E-007;0.000000E+000;2.007563E-006
direct_peakw1;1460.800;1460.8000;409;818.00;0.000000E+000;3.154762E-006;0.000000E+000;0.000000E+000;6.468133E-009;0.000000E+000;3.161231E-006
direct_peakw1;1460.800;1460.8000;410;820.00;0.000000E+000;3.043828E-007;0.000000E+000;0.000000E+000;0.000000E+000;0.000000E+000;3.043828E-007
direct_peakw1;1460.800;1460.8000;411;822.00;0.000000E+000;1.860157E-006;0.000000E+000;0.000000E+000;0.000000E+000;0.000000E+000;1.860157E-006
direct_peakw1;1460.800;1460.8000;412;824.00;0.000000E+000;1.230586E-006;0.000000E+000;0.000000E+000;0.000000E+000;0.000000E+000;1.230586E-006
direct_peakw1;1460.800;1460.8000;413;826.00;0.000000E+000;2.098715E-006;5.579692E-009;0.000000E+000;0.000000E+000;0.000000E+000;2.104295E-006
direct_peakw1;1460.800;1460.8000;414;828.00;0.000000E+000;3.255048E-006;3.277536E-007;0.000000E+000;0.000000E+000;0.000000E+000;3.582802E-006
direct_peakw1;1460.800;1460.8000;415;830.00;0.000000E+000;7.028137E-007;0.000000E+000;0.000000E+000;0.000000E+000;0.000000E+000;7.028137E-007
direct_peakw1;1460.800;1460.8000;416;832.00;0.000000E+000;1.988124E-006;0.000000E+000;0.000000E+000;0.000000E+000;0.000000E+000;1.988124E-006
direct_peakw1;1460.800;1460.8000;417;834.00;0.000000E+000;5.066249E-007;0.000000E+000;0.000000E+000;0.000000E+000;0.000000E+000;5.066249E-007
direct_peakw1;1460.800;1460.8000;418;836.00;0.000000E+000;3.551421E-006;0.000000E+000;0.000000E+000;0.000000E+000;0.000000E+000;3.551421E-006
direct_peakw1;1460.800;1460.8000;419;838.00;0.000000E+000;2.343897E-006;0.000000E+000;0.000000E+000;0.000000E+000;0.000000E+000;2.343897E-006
direct_peakw1;1460.800;1460.8000;420;840.00;0.000000E+000;1.736839E-006;0.000000E+000;0.000000E+000;0.000000E+000;0.000000E+000;1.736839E-006
direct_peakw1;1460.800;1460.8000;421;842.00;0.000000E+000;1.788041E-006;0.000000E+000;0.000000E+000;0.000000E+000;0.000000E+000;1.788041E-006
direct_peakw1;1460.800;1460.8000;422;844.00;0.000000E+000;4.814767E-006;0.000000E+000;0.000000E+000;0.000000E+000;0.000000E+000;4.814767E-006
direct_peakw1;1460.800;1460.8000;423;846.00;0.000000E+000;3.523005E-006;0.000000E+000;0.000000E+000;0.000000E+000;0.000000E+000;3.523005E-006
direct_peakw1;1460.800;1460.8000;424;848.00;0.000000E+000;1.062925E-006;0.000000E+000;0.000000E+000;0.000000E+000;0.000000E+000;1.062925E-006
direct_peakw1;1460.800;1460.8000;425;850.00;0.000000E+000;2.235460E-006;0.000000E+000;0.000000E+000;0.000000E+000;0.000000E+000;2.235460E-006
direct_peakw1;1460.800;1460.8000;426;852.00;0.000000E+000;1.617318E-007;0.000000E+000;0.000000E+000;0.000000E+000;0.000000E+000;1.617318E-007
direct_peakw1;1460.800;1460.8000;427;854.00;0.000000E+000;0.000000E+000;0.000000E+000;0.000000E+000;0.000000E+000;0.000000E+000;0.000000E+000
direct_peakw1;1460.800;1460.8000;428;856.00;0.000000E+000;4.252537E-006;0.000000E+000;0.000000E+000;0.000000E+000;0.000000E+000;4.252537E-006
direct_peakw1;1460.800;1460.8000;429;858.00;0.000000E+000;9.349642E-007;0.000000E+000;0.000000E+000;0.000000E+000;0.000000E+000;9.349642E-007
direct_peakw1;1460.800;1460.8000;430;860.00;0.000000E+000;1.145833E-006;0.000000E+000;0.000000E+000;0.000000E+000;0.000000E+000;1.145833E-006
direct_peakw1;1460.800;1460.8000;431;862.00;0.000000E+000;6.712984E-007;0.000000E+000;0.000000E+000;0.000000E+000;0.000000E+000;6.712984E-007
direct_peakw1;1460.800;1460.8000;432;864.00;0.000000E+000;3.944010E-006;0.000000E+000;0.000000E+000;0.000000E+000;0.000000E+000;3.944010E-006
direct_peakw1;1460.800;1460.8000;433;866.00;0.000000E+000;3.064656E-006;0.000000E+000;0.000000E+000;0.000000E+000;0.000000E+000;3.064656E-006
direct_peakw1;1460.800;1460.8000;434;868.00;0.000000E+000;2.278448E-006;0.000000E+000;0.000000E+000;0.000000E+000;0.000000E+000;2.278448E-006
direct_peakw1;1460.800;1460.8000;435;870.00;0.000000E+000;4.294988E-006;0.000000E+000;0.000000E+000;0.000000E+000;0.000000E+000;4.294988E-006
direct_peakw1;1460.800;1460.8000;436;872.00;0.000000E+000;3.046152E-006;0.000000E+000;0.000000E+000;0.000000E+000;0.000000E+000;3.046152E-006
direct_peakw1;1460.800;1460.8000;437;874.00;0.000000E+000;1.367115E-006;0.000000E+000;0.000000E+000;0.000000E+000;0.000000E+000;1.367115E-006
direct_peakw1;1460.800;1460.8000;438;876.00;0.000000E+000;3.598341E-006;0.000000E+000;0.000000E+000;0.000000E+000;0.000000E+000;3.598341E-006
direct_peakw1;1460.800;1460.8000;439;878.00;0.000000E+000;4.016586E-007;0.000000E+000;0.000000E+000;0.000000E+000;0.000000E+000;4.016586E-007
direct_peakw1;1460.800;1460.8000;440;880.00;0.000000E+000;2.544663E-006;0.000000E+000;0.000000E+000;0.000000E+000;0.000000E+000;2.544663E-006
direct_peakw1;1460.800;1460.8000;441;882.00;0.000000E+000;3.788670E-006;0.000000E+000;0.000000E+000;0.000000E+000;0.000000E+000;3.788670E-006
direct_peakw1;1460.800;1460.8000;442;884.00;0.000000E+000;1.616410E-006;0.000000E+000;0.000000E+000;0.000000E+000;0.000000E+000;1.616410E-006
direct_peakw1;1460.800;1460.8000;443;886.00;0.000000E+000;2.589283E-006;0.000000E+000;0.000000E+000;0.000000E+000;0.000000E+000;2.589283E-006
direct_peakw1;1460.800;1460.8000;444;888.00;0.000000E+000;1.134479E-006;0.000000E+000;0.000000E+000;0.000000E+000;0.000000E+000;1.134479E-006
direct_peakw1;1460.800;1460.8000;445;890.00;0.000000E+000;2.286248E-006;0.000000E+000;0.000000E+000;0.000000E+000;0.000000E+000;2.286248E-006
direct_peakw1;1460.800;1460.8000;446;892.00;0.000000E+000;1.442066E-006;0.000000E+000;0.000000E+000;0.000000E+000;0.000000E+000;1.442066E-006
direct_peakw1;1460.800;1460.8000;447;894.00;0.000000E+000;3.718638E-006;0.000000E+000;0.000000E+000;0.000000E+000;0.000000E+000;3.718638E-006
direct_peakw1;1460.800;1460.8000;448;896.00;0.000000E+000;1.353823E-006;0.000000E+000;0.000000E+000;0.000000E+000;0.000000E+000;1.353823E-006
direct_peakw1;1460.800;1460.8000;449;898.00;0.000000E+000;4.553143E-006;0.000000E+000;0.000000E+000;0.000000E+000;0.000000E+000;4.553143E-006
direct_peakw1;1460.800;1460.8000;450;900.00;0.000000E+000;1.851633E-006;0.000000E+000;0.000000E+000;0.000000E+000;0.000000E+000;1.851633E-006
direct_peakw1;1460.800;1460.8000;451;902.00;0.000000E+000;2.120942E-006;0.000000E+000;0.000000E+000;0.000000E+000;0.000000E+000;2.120942E-006
direct_peakw1;1460.800;1460.8000;452;904.00;0.000000E+000;3.175905E-006;0.000000E+000;0.000000E+000;0.000000E+000;0.000000E+000;3.175905E-006
direct_peakw1;1460.800;1460.8000;453;906.00;0.000000E+000;3.565234E-006;0.000000E+000;0.000000E+000;0.000000E+000;0.000000E+000;3.565234E-006
direct_peakw1;1460.800;1460.8000;454;908.00;0.000000E+000;4.432725E-006;0.000000E+000;0.000000E+000;0.000000E+000;0.000000E+000;4.432725E-006
direct_peakw1;1460.800;1460.8000;455;910.00;0.000000E+000;8.261362E-007;0.000000E+000;0.000000E+000;0.000000E+000;0.000000E+000;8.261362E-007
direct_peakw1;1460.800;1460.8000;456;912.00;0.000000E+000;4.679279E-006;0.000000E+000;0.000000E+000;0.000000E+000;0.000000E+000;4.679279E-006
direct_peakw1;1460.800;1460.8000;457;914.00;0.000000E+000;2.639985E-006;0.000000E+000;0.000000E+000;0.000000E+000;0.000000E+000;2.639985E-006
direct_peakw1;1460.800;1460.8000;458;916.00;0.000000E+000;2.680736E-006;0.000000E+000;0.000000E+000;0.000000E+000;0.000000E+000;2.680736E-006
direct_peakw1;1460.800;1460.8000;459;918.00;0.000000E+000;2.382096E-006;0.000000E+000;0.000000E+000;0.000000E+000;0.000000E+000;2.382096E-006
direct_peakw1;1460.800;1460.8000;460;920.00;0.000000E+000;4.533454E-006;0.000000E+000;0.000000E+000;0.000000E+000;0.000000E+000;4.533454E-006
direct_peakw1;1460.800;1460.8000;461;922.00;0.000000E+000;2.826297E-006;0.000000E+000;0.000000E+000;0.000000E+000;0.000000E+000;2.826297E-006
direct_peakw1;1460.800;1460.8000;462;924.00;0.000000E+000;2.924819E-006;0.000000E+000;0.000000E+000;0.000000E+000;0.000000E+000;2.924819E-006
direct_peakw1;1460.800;1460.8000;463;926.00;0.000000E+000;2.212745E-006;0.000000E+000;0.000000E+000;0.000000E+000;0.000000E+000;2.212745E-006
direct_peakw1;1460.800;1460.8000;464;928.00;0.000000E+000;5.524264E-006;0.000000E+000;0.000000E+000;0.000000E+000;0.000000E+000;5.524264E-006
direct_peakw1;1460.800;1460.8000;465;930.00;0.000000E+000;3.403475E-006;0.000000E+000;0.000000E+000;0.000000E+000;0.000000E+000;3.403475E-006
direct_peakw1;1460.800;1460.8000;466;932.00;0.000000E+000;2.859516E-006;0.000000E+000;0.000000E+000;0.000000E+000;0.000000E+000;2.859516E-006
direct_peakw1;1460.800;1460.8000;467;934.00;0.000000E+000;5.266565E-007;0.000000E+000;0.000000E+000;0.000000E+000;0.000000E+000;5.266565E-007
direct_peakw1;1460.800;1460.8000;468;936.00;0.000000E+000;2.015242E-006;0.000000E+000;0.000000E+000;0.000000E+000;0.000000E+000;2.015242E-006
direct_peakw1;1460.800;1460.8000;469;938.00;0.000000E+000;6.577925E-006;0.000000E+000;0.000000E+000;0.000000E+000;0.000000E+000;6.577925E-006
direct_peakw1;1460.800;1460.8000;470;940.00;0.000000E+000;1.618317E-006;0.000000E+000;0.000000E+000;0.000000E+000;0.000000E+000;1.618317E-006
direct_peakw1;1460.800;1460.8000;471;942.00;0.000000E+000;4.261860E-006;0.000000E+000;0.000000E+000;0.000000E+000;0.000000E+000;4.261860E-006
direct_peakw1;1460.800;1460.8000;472;944.00;0.000000E+000;2.649786E-006;0.000000E+000;0.000000E+000;0.000000E+000;0.000000E+000;2.649786E-006
direct_peakw1;1460.800;1460.8000;473;946.00;0.000000E+000;2.781971E-006;0.000000E+000;0.000000E+000;0.000000E+000;0.000000E+000;2.781971E-006
direct_peakw1;1460.800;1460.8000;474;948.00;0.000000E+000;1.903864E-006;0.000000E+000;0.000000E+000;0.000000E+000;0.000000E+000;1.903864E-006
direct_peakw1;1460.800;1460.8000;475;950.00;0.000000E+000;2.091482E-006;4.698142E-006;0.000000E+000;0.000000E+000;0.000000E+000;6.789624E-006
direct_peakw1;1460.800;1460.8000;476;952.00;0.000000E+000;3.535058E-006;6.442215E-006;0.000000E+000;0.000000E+000;0.000000E+000;9.977273E-006
direct_peakw1;1460.800;1460.8000;477;954.00;0.000000E+000;4.988035E-006;1.929759E-007;0.000000E+000;0.000000E+000;0.000000E+000;5.181011E-006
direct_peakw1;1460.800;1460.8000;478;956.00;0.000000E+000;1.716470E-006;0.000000E+000;0.000000E+000;0.000000E+000;0.000000E+000;1.716470E-006
direct_peakw1;1460.800;1460.8000;479;958.00;0.000000E+000;4.329510E-007;0.000000E+000;0.000000E+000;0.000000E+000;0.000000E+000;4.329510E-007
direct_peakw1;1460.800;1460.8000;480;960.00;0.000000E+000;4.233716E-006;0.000000E+000;0.000000E+000;0.000000E+000;0.000000E+000;4.233716E-006
direct_peakw1;1460.800;1460.8000;481;962.00;0.000000E+000;4.313421E-006;0.000000E+000;0.000000E+000;0.000000E+000;0.000000E+000;4.313421E-006
direct_peakw1;1460.800;1460.8000;482;964.00;0.000000E+000;2.357571E-006;0.000000E+000;0.000000E+000;0.000000E+000;0.000000E+000;2.357571E-006
direct_peakw1;1460.800;1460.8000;483;966.00;0.000000E+000;3.696617E-006;0.000000E+000;0.000000E+000;0.000000E+000;0.000000E+000;3.696617E-006
direct_peakw1;1460.800;1460.8000;484;968.00;0.000000E+000;5.051622E-006;0.000000E+000;0.000000E+000;0.000000E+000;0.000000E+000;5.051622E-006
direct_peakw1;1460.800;1460.8000;485;970.00;0.000000E+000;2.580769E-006;0.000000E+000;0.000000E+000;0.000000E+000;0.000000E+000;2.580769E-006
direct_peakw1;1460.800;1460.8000;486;972.00;0.000000E+000;5.106301E-006;2.833424E-007;0.000000E+000;0.000000E+000;0.000000E+000;5.389644E-006
direct_peakw1;1460.800;1460.8000;487;974.00;0.000000E+000;4.560366E-006;4.999096E-008;0.000000E+000;0.000000E+000;0.000000E+000;4.610357E-006
direct_peakw1;1460.800;1460.8000;488;976.00;0.000000E+000;1.200719E-006;0.000000E+000;0.000000E+000;0.000000E+000;0.000000E+000;1.200719E-006
direct_peakw1;1460.800;1460.8000;489;978.00;0.000000E+000;3.110251E-006;0.000000E+000;0.000000E+000;0.000000E+000;0.000000E+000;3.110251E-006
direct_peakw1;1460.800;1460.8000;490;980.00;0.000000E+000;2.345376E-006;0.000000E+000;0.000000E+000;0.000000E+000;0.000000E+000;2.345376E-006
direct_peakw1;1460.800;1460.8000;491;982.00;0.000000E+000;4.358296E-006;0.000000E+000;0.000000E+000;0.000000E+000;0.000000E+000;4.358296E-006
direct_peakw1;1460.800;1460.8000;492;984.00;0.000000E+000;3.419286E-006;0.000000E+000;0.000000E+000;0.000000E+000;0.000000E+000;3.419286E-006
direct_peakw1;1460.800;1460.8000;493;986.00;0.000000E+000;5.743663E-006;0.000000E+000;0.000000E+000;0.000000E+000;0.000000E+000;5.743663E-006
direct_peakw1;1460.800;1460.8000;494;988.00;0.000000E+000;1.680014E-006;0.000000E+000;0.000000E+000;0.000000E+000;0.000000E+000;1.680014E-006
direct_peakw1;1460.800;1460.8000;495;990.00;0.000000E+000;8.090609E-007;0.000000E+000;0.000000E+000;0.000000E+000;0.000000E+000;8.090609E-007
direct_peakw1;1460.800;1460.8000;496;992.00;0.000000E+000;3.306957E-007;0.000000E+000;0.000000E+000;0.000000E+000;0.000000E+000;3.306957E-007
direct_peakw1;1460.800;1460.8000;497;994.00;0.000000E+000;4.506539E-006;3.355673E-007;0.000000E+000;0.000000E+000;0.000000E+000;4.842106E-006
direct_peakw1;1460.800;1460.8000;498;996.00;0.000000E+000;3.913728E-006;3.310994E-007;0.000000E+000;0.000000E+000;0.000000E+000;4.244827E-006
direct_peakw1;1460.800;1460.8000;499;998.00;0.000000E+000;1.676143E-006;0.000000E+000;0.000000E+000;0.000000E+000;0.000000E+000;1.676143E-006
direct_peakw1;1460.800;1460.8000;500;1000.00;0.000000E+000;1.906228E-006;0.000000E+000;0.000000E+000;0.000000E+000;0.000000E+000;1.906228E-006
direct_peakw1;1460.800;1460.8000;501;1002.00;0.000000E+000;5.693009E-006;0.000000E+000;0.000000E+000;0.000000E+000;0.000000E+000;5.693009E-006
direct_peakw1;1460.800;1460.8000;502;1004.00;0.000000E+000;2.854802E-006;0.000000E+000;0.000000E+000;0.000000E+000;0.000000E+000;2.854802E-006
direct_peakw1;1460.800;1460.8000;503;1006.00;0.000000E+000;5.298603E-006;0.000000E+000;0.000000E+000;0.000000E+000;0.000000E+000;5.298603E-006
direct_peakw1;1460.800;1460.8000;504;1008.00;0.000000E+000;1.044958E-006;0.000000E+000;0.000000E+000;0.000000E+000;0.000000E+000;1.044958E-006
direct_peakw1;1460.800;1460.8000;505;1010.00;0.000000E+000;3.415313E-006;0.000000E+000;0.000000E+000;0.000000E+000;0.000000E+000;3.415313E-006
direct_peakw1;1460.800;1460.8000;506;1012.00;0.000000E+000;5.693313E-006;0.000000E+000;0.000000E+000;0.000000E+000;0.000000E+000;5.693313E-006
direct_peakw1;1460.800;1460.8000;507;1014.00;0.000000E+000;0.000000E+000;0.000000E+000;0.000000E+000;0.000000E+000;0.000000E+000;0.000000E+000
direct_peakw1;1460.800;1460.8000;508;1016.00;0.000000E+000;1.098797E-006;0.000000E+000;0.000000E+000;0.000000E+000;0.000000E+000;1.098797E-006
direct_peakw1;1460.800;1460.8000;509;1018.00;0.000000E+000;3.900655E-006;0.000000E+000;0.000000E+000;0.000000E+000;0.000000E+000;3.900655E-006
direct_peakw1;1460.800;1460.8000;510;1020.00;0.000000E+000;3.579504E-006;0.000000E+000;0.000000E+000;0.000000E+000;0.000000E+000;3.579504E-006
direct_peakw1;1460.800;1460.8000;511;1022.00;0.000000E+000;5.156929E-006;0.000000E+000;0.000000E+000;0.000000E+000;0.000000E+000;5.156929E-006
direct_peakw1;1460.800;1460.8000;512;1024.00;0.000000E+000;4.206870E-006;0.000000E+000;0.000000E+000;0.000000E+000;0.000000E+000;4.206870E-006
direct_peakw1;1460.800;1460.8000;513;1026.00;0.000000E+000;4.037706E-006;0.000000E+000;0.000000E+000;0.000000E+000;0.000000E+000;4.037706E-006
direct_peakw1;1460.800;1460.8000;514;1028.00;0.000000E+000;4.434900E-006;0.000000E+000;0.000000E+000;0.000000E+000;0.000000E+000;4.434900E-006
direct_peakw1;1460.800;1460.8000;515;1030.00;0.000000E+000;2.076389E-006;0.000000E+000;0.000000E+000;0.000000E+000;0.000000E+000;2.076389E-006
direct_peakw1;1460.800;1460.8000;516;1032.00;0.000000E+000;4.023982E-006;0.000000E+000;0.000000E+000;0.000000E+000;0.000000E+000;4.023982E-006
direct_peakw1;1460.800;1460.8000;517;1034.00;0.000000E+000;3.093442E-006;0.000000E+000;0.000000E+000;0.000000E+000;0.000000E+000;3.093442E-006
direct_peakw1;1460.800;1460.8000;518;1036.00;0.000000E+000;2.762346E-006;0.000000E+000;0.000000E+000;0.000000E+000;0.000000E+000;2.762346E-006
direct_peakw1;1460.800;1460.8000;519;1038.00;0.000000E+000;2.807878E-006;0.000000E+000;0.000000E+000;0.000000E+000;0.000000E+000;2.807878E-006
direct_peakw1;1460.800;1460.8000;520;1040.00;0.000000E+000;4.650012E-006;0.000000E+000;0.000000E+000;0.000000E+000;0.000000E+000;4.650012E-006
direct_peakw1;1460.800;1460.8000;521;1042.00;0.000000E+000;9.055094E-007;6.825236E-009;0.000000E+000;0.000000E+000;0.000000E+000;9.123346E-007
direct_peakw1;1460.800;1460.8000;522;1044.00;0.000000E+000;4.197275E-006;3.265081E-007;0.000000E+000;0.000000E+000;0.000000E+000;4.523783E-006
direct_peakw1;1460.800;1460.8000;523;1046.00;0.000000E+000;3.430349E-006;0.000000E+000;0.000000E+000;0.000000E+000;0.000000E+000;3.430349E-006
direct_peakw1;1460.800;1460.8000;524;1048.00;0.000000E+000;1.125534E-006;0.000000E+000;0.000000E+000;0.000000E+000;0.000000E+000;1.125534E-006
direct_peakw1;1460.800;1460.8000;525;1050.00;0.000000E+000;2.946424E-006;0.000000E+000;0.000000E+000;0.000000E+000;0.000000E+000;2.946424E-006
direct_peakw1;1460.800;1460.8000;526;1052.00;0.000000E+000;3.112500E-006;0.000000E+000;0.000000E+000;0.000000E+000;0.000000E+000;3.112500E-006
direct_peakw1;1460.800;1460.8000;527;1054.00;0.000000E+000;2.557411E-006;0.000000E+000;0.000000E+000;0.000000E+000;0.000000E+000;2.557411E-006
direct_peakw1;1460.800;1460.8000;528;1056.00;0.000000E+000;2.894016E-006;0.000000E+000;0.000000E+000;0.000000E+000;0.000000E+000;2.894016E-006
direct_peakw1;1460.800;1460.8000;529;1058.00;0.000000E+000;3.003921E-006;0.000000E+000;0.000000E+000;0.000000E+000;0.000000E+000;3.003921E-006
direct_peakw1;1460.800;1460.8000;530;1060.00;0.000000E+000;2.144189E-006;0.000000E+000;0.000000E+000;0.000000E+000;0.000000E+000;2.144189E-006
direct_peakw1;1460.800;1460.8000;531;1062.00;0.000000E+000;1.432679E-006;0.000000E+000;0.000000E+000;0.000000E+000;0.000000E+000;1.432679E-006
direct_peakw1;1460.800;1460.8000;532;1064.00;0.000000E+000;2.198649E-006;0.000000E+000;0.000000E+000;0.000000E+000;0.000000E+000;2.198649E-006
direct_peakw1;1460.800;1460.8000;533;1066.00;0.000000E+000;3.852035E-006;0.000000E+000;0.000000E+000;0.000000E+000;0.000000E+000;3.852035E-006
direct_peakw1;1460.800;1460.8000;534;1068.00;0.000000E+000;3.700988E-007;0.000000E+000;0.000000E+000;0.000000E+000;0.000000E+000;3.700988E-007
direct_peakw1;1460.800;1460.8000;535;1070.00;0.000000E+000;2.335925E-006;0.000000E+000;0.000000E+000;0.000000E+000;0.000000E+000;2.335925E-006
direct_peakw1;1460.800;1460.8000;536;1072.00;0.000000E+000;2.664075E-006;0.000000E+000;0.000000E+000;0.000000E+000;0.000000E+000;2.664075E-006
direct_peakw1;1460.800;1460.8000;537;1074.00;0.000000E+000;8.219215E-006;0.000000E+000;0.000000E+000;0.000000E+000;0.000000E+000;8.219215E-006
direct_peakw1;1460.800;1460.8000;538;1076.00;0.000000E+000;1.799648E-006;0.000000E+000;0.000000E+000;0.000000E+000;0.000000E+000;1.799648E-006
direct_peakw1;1460.800;1460.8000;539;1078.00;0.000000E+000;9.811371E-007;0.000000E+000;0.000000E+000;0.000000E+000;0.000000E+000;9.811371E-007
direct_peakw1;1460.800;1460.8000;540;1080.00;0.000000E+000;3.121672E-006;0.000000E+000;0.000000E+000;0.000000E+000;0.000000E+000;3.121672E-006
direct_peakw1;1460.800;1460.8000;541;1082.00;0.000000E+000;2.769307E-006;0.000000E+000;0.000000E+000;0.000000E+000;0.000000E+000;2.769307E-006
direct_peakw1;1460.800;1460.8000;542;1084.00;0.000000E+000;5.933273E-006;0.000000E+000;0.000000E+000;0.000000E+000;0.000000E+000;5.933273E-006
direct_peakw1;1460.800;1460.8000;543;1086.00;0.000000E+000;8.424145E-007;0.000000E+000;0.000000E+000;0.000000E+000;0.000000E+000;8.424145E-007
direct_peakw1;1460.800;1460.8000;544;1088.00;0.000000E+000;1.453840E-006;2.423067E-007;0.000000E+000;0.000000E+000;0.000000E+000;1.696147E-006
direct_peakw1;1460.800;1460.8000;545;1090.00;0.000000E+000;3.235199E-006;9.102666E-008;0.000000E+000;0.000000E+000;0.000000E+000;3.326225E-006
direct_peakw1;1460.800;1460.8000;546;1092.00;0.000000E+000;2.198650E-006;0.000000E+000;0.000000E+000;0.000000E+000;0.000000E+000;2.198650E-006
direct_peakw1;1460.800;1460.8000;547;1094.00;0.000000E+000;2.023390E-006;0.000000E+000;0.000000E+000;0.000000E+000;0.000000E+000;2.023390E-006
direct_peakw1;1460.800;1460.8000;548;1096.00;0.000000E+000;8.532759E-006;0.000000E+000;0.000000E+000;0.000000E+000;0.000000E+000;8.532759E-006
direct_peakw1;1460.800;1460.8000;549;1098.00;0.000000E+000;2.228290E-007;0.000000E+000;0.000000E+000;0.000000E+000;0.000000E+000;2.228290E-007
direct_peakw1;1460.800;1460.8000;550;1100.00;0.000000E+000;2.059257E-006;0.000000E+000;0.000000E+000;0.000000E+000;0.000000E+000;2.059257E-006
direct_peakw1;1460.800;1460.8000;551;1102.00;0.000000E+000;5.099885E-006;0.000000E+000;0.000000E+000;0.000000E+000;0.000000E+000;5.099885E-006
direct_peakw1;1460.800;1460.8000;552;1104.00;0.000000E+000;3.511705E-006;0.000000E+000;0.000000E+000;0.000000E+000;0.000000E+000;3.511705E-006
direct_peakw1;1460.800;1460.8000;553;1106.00;0.000000E+000;3.777731E-006;0.000000E+000;0.000000E+000;0.000000E+000;0.000000E+000;3.777731E-006
direct_peakw1;1460.800;1460.8000;554;1108.00;0.000000E+000;3.651160E-006;9.997627E-008;0.000000E+000;0.000000E+000;0.000000E+000;3.751136E-006
direct_peakw1;1460.800;1460.8000;555;1110.00;0.000000E+000;2.566928E-006;2.333571E-007;0.000000E+000;0.000000E+000;0.000000E+000;2.800285E-006
direct_peakw1;1460.800;1460.8000;556;1112.00;0.000000E+000;1.053323E-006;0.000000E+000;0.000000E+000;0.000000E+000;0.000000E+000;1.053323E-006
direct_peakw1;1460.800;1460.8000;557;1114.00;0.000000E+000;5.502326E-006;0.000000E+000;0.000000E+000;0.000000E+000;0.000000E+000;5.502326E-006
direct_peakw1;1460.800;1460.8000;558;1116.00;0.000000E+000;2.098225E-006;0.000000E+000;0.000000E+000;0.000000E+000;0.000000E+000;2.098225E-006
direct_peakw1;1460.800;1460.8000;559;1118.00;0.000000E+000;2.679460E-006;0.000000E+000;0.000000E+000;0.000000E+000;0.000000E+000;2.679460E-006
direct_peakw1;1460.800;1460.8000;560;1120.00;0.000000E+000;0.000000E+000;0.000000E+000;0.000000E+000;0.000000E+000;0.000000E+000;0.000000E+000
direct_peakw1;1460.800;1460.8000;561;1122.00;0.000000E+000;4.582971E-006;0.000000E+000;0.000000E+000;0.000000E+000;0.000000E+000;4.582971E-006
direct_peakw1;1460.800;1460.8000;562;1124.00;0.000000E+000;2.417889E-006;0.000000E+000;0.000000E+000;0.000000E+000;0.000000E+000;2.417889E-006
direct_peakw1;1460.800;1460.8000;563;1126.00;0.000000E+000;2.045514E-006;4.456499E-008;0.000000E+000;0.000000E+000;0.000000E+000;2.090079E-006
direct_peakw1;1460.800;1460.8000;564;1128.00;0.000000E+000;4.620294E-006;2.887683E-007;0.000000E+000;0.000000E+000;0.000000E+000;4.909062E-006
direct_peakw1;1460.800;1460.8000;565;1130.00;0.000000E+000;4.395903E-006;2.263085E-007;0.000000E+000;0.000000E+000;0.000000E+000;4.622212E-006
direct_peakw1;1460.800;1460.8000;566;1132.00;0.000000E+000;5.297746E-006;1.070249E-007;0.000000E+000;0.000000E+000;0.000000E+000;5.404771E-006
direct_peakw1;1460.800;1460.8000;567;1134.00;0.000000E+000;2.297933E-006;0.000000E+000;0.000000E+000;0.000000E+000;0.000000E+000;2.297933E-006
direct_peakw1;1460.800;1460.8000;568;1136.00;0.000000E+000;6.225041E-006;0.000000E+000;0.000000E+000;0.000000E+000;0.000000E+000;6.225041E-006
direct_peakw1;1460.800;1460.8000;569;1138.00;0.000000E+000;4.539329E-006;0.000000E+000;0.000000E+000;0.000000E+000;0.000000E+000;4.539329E-006
direct_peakw1;1460.800;1460.8000;570;1140.00;0.000000E+000;2.910714E-006;0.000000E+000;0.000000E+000;0.000000E+000;0.000000E+000;2.910714E-006
direct_peakw1;1460.800;1460.8000;571;1142.00;0.000000E+000;2.902461E-006;0.000000E+000;0.000000E+000;0.000000E+000;0.000000E+000;2.902461E-006
direct_peakw1;1460.800;1460.8000;572;1144.00;0.000000E+000;2.661736E-006;0.000000E+000;0.000000E+000;0.000000E+000;0.000000E+000;2.661736E-006
direct_peakw1;1460.800;1460.8000;573;1146.00;0.000000E+000;1.435803E-006;0.000000E+000;0.000000E+000;0.000000E+000;0.000000E+000;1.435803E-006
direct_peakw1;1460.800;1460.8000;574;1148.00;0.000000E+000;6.716255E-006;0.000000E+000;0.000000E+000;0.000000E+000;0.000000E+000;6.716255E-006
direct_peakw1;1460.800;1460.8000;575;1150.00;0.000000E+000;2.892386E-006;0.000000E+000;0.000000E+000;0.000000E+000;0.000000E+000;2.892386E-006
direct_peakw1;1460.800;1460.8000;576;1152.00;0.000000E+000;7.095425E-007;2.114979E-008;0.000000E+000;0.000000E+000;0.000000E+000;7.306923E-007
direct_peakw1;1460.800;1460.8000;577;1154.00;0.000000E+000;7.517989E-006;4.374202E-007;0.000000E+000;0.000000E+000;0.000000E+000;7.955409E-006
direct_peakw1;1460.800;1460.8000;578;1156.00;0.000000E+000;2.497160E-006;2.080967E-007;0.000000E+000;0.000000E+000;0.000000E+000;2.705257E-006
direct_peakw1;1460.800;1460.8000;579;1158.00;0.000000E+000;2.182440E-006;0.000000E+000;0.000000E+000;0.000000E+000;0.000000E+000;2.182440E-006
direct_peakw1;1460.800;1460.8000;580;1160.00;0.000000E+000;1.484227E-006;0.000000E+000;0.000000E+000;0.000000E+000;0.000000E+000;1.484227E-006
direct_peakw1;1460.800;1460.8000;581;1162.00;0.000000E+000;3.149988E-006;0.000000E+000;0.000000E+000;0.000000E+000;0.000000E+000;3.149988E-006
direct_peakw1;1460.800;1460.8000;582;1164.00;0.000000E+000;5.441677E-006;0.000000E+000;0.000000E+000;0.000000E+000;0.000000E+000;5.441677E-006
direct_peakw1;1460.800;1460.8000;583;1166.00;0.000000E+000;1.741668E-006;0.000000E+000;0.000000E+000;0.000000E+000;0.000000E+000;1.741668E-006
direct_peakw1;1460.800;1460.8000;584;1168.00;0.000000E+000;2.064780E-006;0.000000E+000;0.000000E+000;0.000000E+000;0.000000E+000;2.064780E-006
direct_peakw1;1460.800;1460.8000;585;1170.00;0.000000E+000;7.601887E-006;0.000000E+000;0.000000E+000;0.000000E+000;0.000000E+000;7.601887E-006
direct_peakw1;1460.800;1460.8000;586;1172.00;0.000000E+000;3.108027E-006;0.000000E+000;0.000000E+000;0.000000E+000;0.000000E+000;3.108027E-006
direct_peakw1;1460.800;1460.8000;587;1174.00;0.000000E+000;5.586400E-007;0.000000E+000;0.000000E+000;0.000000E+000;0.000000E+000;5.586400E-007
direct_peakw1;1460.800;1460.8000;588;1176.00;0.000000E+000;3.968004E-006;0.000000E+000;0.000000E+000;0.000000E+000;0.000000E+000;3.968004E-006
direct_peakw1;1460.800;1460.8000;589;1178.00;0.000000E+000;4.870071E-006;0.000000E+000;0.000000E+000;0.000000E+000;0.000000E+000;4.870071E-006
direct_peakw1;1460.800;1460.8000;590;1180.00;0.000000E+000;4.828592E-006;0.000000E+000;0.000000E+000;0.000000E+000;0.000000E+000;4.828592E-006
direct_peakw1;1460.800;1460.8000;591;1182.00;0.000000E+000;4.657910E-006;0.000000E+000;0.000000E+000;0.000000E+000;0.000000E+000;4.657910E-006
direct_peakw1;1460.800;1460.8000;592;1184.00;0.000000E+000;1.949428E-006;0.000000E+000;0.000000E+000;0.000000E+000;0.000000E+000;1.949428E-006
direct_peakw1;1460.800;1460.8000;593;1186.00;0.000000E+000;2.429097E-006;0.000000E+000;0.000000E+000;0.000000E+000;0.000000E+000;2.429097E-006
direct_peakw1;1460.800;1460.8000;594;1188.00;0.000000E+000;3.708209E-006;0.000000E+000;0.000000E+000;0.000000E+000;0.000000E+000;3.708209E-006
direct_peakw1;1460.800;1460.8000;595;1190.00;0.000000E+000;4.747630E-006;0.000000E+000;0.000000E+000;0.000000E+000;0.000000E+000;4.747630E-006
direct_peakw1;1460.800;1460.8000;596;1192.00;0.000000E+000;5.451398E-006;0.000000E+000;0.000000E+000;0.000000E+000;0.000000E+000;5.451398E-006
direct_peakw1;1460.800;1460.8000;597;1194.00;0.000000E+000;1.820756E-006;0.000000E+000;0.000000E+000;0.000000E+000;0.000000E+000;1.820756E-006
direct_peakw1;1460.800;1460.8000;598;1196.00;0.000000E+000;3.095820E-006;0.000000E+000;0.000000E+000;0.000000E+000;0.000000E+000;3.095820E-006
direct_peakw1;1460.800;1460.8000;599;1198.00;0.000000E+000;4.542603E-006;0.000000E+000;0.000000E+000;0.000000E+000;0.000000E+000;4.542603E-006
direct_peakw1;1460.800;1460.8000;600;1200.00;0.000000E+000;4.263816E-006;0.000000E+000;0.000000E+000;0.000000E+000;0.000000E+000;4.263816E-006
direct_peakw1;1460.800;1460.8000;601;1202.00;0.000000E+000;1.306893E-006;0.000000E+000;0.000000E+000;0.000000E+000;0.000000E+000;1.306893E-006
direct_peakw1;1460.800;1460.8000;602;1204.00;0.000000E+000;4.380761E-006;0.000000E+000;0.000000E+000;0.000000E+000;0.000000E+000;4.380761E-006
direct_peakw1;1460.800;1460.8000;603;1206.00;0.000000E+000;4.087983E-006;0.000000E+000;0.000000E+000;0.000000E+000;0.000000E+000;4.087983E-006
direct_peakw1;1460.800;1460.8000;604;1208.00;0.000000E+000;1.891029E-006;0.000000E+000;0.000000E+000;0.000000E+000;0.000000E+000;1.891029E-006
direct_peakw1;1460.800;1460.8000;605;1210.00;0.000000E+000;3.109549E-006;0.000000E+000;0.000000E+000;0.000000E+000;0.000000E+000;3.109549E-006
direct_peakw1;1460.800;1460.8000;606;1212.00;0.000000E+000;5.130331E-006;0.000000E+000;0.000000E+000;0.000000E+000;0.000000E+000;5.130331E-006
direct_peakw1;1460.800;1460.8000;607;1214.00;0.000000E+000;3.126497E-006;0.000000E+000;0.000000E+000;0.000000E+000;0.000000E+000;3.126497E-006
direct_peakw1;1460.800;1460.8000;608;1216.00;0.000000E+000;3.927071E-006;0.000000E+000;0.000000E+000;0.000000E+000;0.000000E+000;3.927071E-006
direct_peakw1;1460.800;1460.8000;609;1218.00;0.000000E+000;6.890501E-006;0.000000E+000;0.000000E+000;0.000000E+000;0.000000E+000;6.890501E-006
direct_peakw1;1460.800;1460.8000;610;1220.00;0.000000E+000;3.385043E-006;0.000000E+000;0.000000E+000;0.000000E+000;0.000000E+000;3.385043E-006
direct_peakw1;1460.800;1460.8000;611;1222.00;0.000000E+000;1.440251E-006;0.000000E+000;0.000000E+000;0.000000E+000;0.000000E+000;1.440251E-006
direct_peakw1;1460.800;1460.8000;612;1224.00;0.000000E+000;3.384951E-006;0.000000E+000;0.000000E+000;0.000000E+000;0.000000E+000;3.384951E-006
direct_peakw1;1460.800;1460.8000;613;1226.00;0.000000E+000;7.864933E-006;0.000000E+000;0.000000E+000;0.000000E+000;0.000000E+000;7.864933E-006
direct_peakw1;1460.800;1460.8000;614;1228.00;0.000000E+000;1.740873E-006;0.000000E+000;0.000000E+000;0.000000E+000;0.000000E+000;1.740873E-006
direct_peakw1;1460.800;1460.8000;615;1230.00;0.000000E+000;2.746541E-006;0.000000E+000;0.000000E+000;0.000000E+000;0.000000E+000;2.746541E-006
direct_peakw1;1460.800;1460.8000;616;1232.00;0.000000E+000;1.251701E-006;0.000000E+000;0.000000E+000;0.000000E+000;0.000000E+000;1.251701E-006
direct_peakw1;1460.800;1460.8000;617;1234.00;0.000000E+000;5.492950E-006;0.000000E+000;0.000000E+000;0.000000E+000;0.000000E+000;5.492950E-006
direct_peakw1;1460.800;1460.8000;618;1236.00;0.000000E+000;2.836614E-006;0.000000E+000;0.000000E+000;0.000000E+000;0.000000E+000;2.836614E-006
direct_peakw1;1460.800;1460.8000;619;1238.00;0.000000E+000;3.672193E-006;0.000000E+000;0.000000E+000;0.000000E+000;0.000000E+000;3.672193E-006
direct_peakw1;1460.800;1460.8000;620;1240.00;0.000000E+000;0.000000E+000;0.000000E+000;0.000000E+000;0.000000E+000;0.000000E+000;0.000000E+000
direct_peakw1;1460.800;1460.8000;621;1242.00;0.000000E+000;6.264699E-006;0.000000E+000;0.000000E+000;0.000000E+000;0.000000E+000;6.264699E-006
direct_peakw1;1460.800;1460.8000;622;1244.00;0.000000E+000;2.401968E-006;0.000000E+000;0.000000E+000;0.000000E+000;0.000000E+000;2.401968E-006
direct_peakw1;1460.800;1460.8000;623;1246.00;0.000000E+000;9.587894E-007;0.000000E+000;0.000000E+000;0.000000E+000;0.000000E+000;9.587894E-007
direct_peakw1;1460.800;1460.8000;624;1248.00;0.000000E+000;2.655728E-006;0.000000E+000;0.000000E+000;0.000000E+000;0.000000E+000;2.655728E-006
direct_peakw1;1460.800;1460.8000;625;1250.00;0.000000E+000;1.930724E-006;0.000000E+000;0.000000E+000;0.000000E+000;0.000000E+000;1.930724E-006
direct_peakw1;1460.800;1460.8000;626;1252.00;0.000000E+000;2.060774E-007;0.000000E+000;0.000000E+000;0.000000E+000;0.000000E+000;2.060774E-007
direct_peakw1;1460.800;1460.8000;627;1254.00;0.000000E+000;3.205481E-006;0.000000E+000;0.000000E+000;0.000000E+000;0.000000E+000;3.205481E-006
direct_peakw1;1460.800;1460.8000;628;1256.00;0.000000E+000;1.376533E-006;0.000000E+000;0.000000E+000;0.000000E+000;0.000000E+000;1.376533E-006
direct_peakw1;1460.800;1460.8000;629;1258.00;0.000000E+000;2.266687E-006;0.000000E+000;0.000000E+000;0.000000E+000;0.000000E+000;2.266687E-006
direct_peakw1;1460.800;1460.8000;630;1260.00;0.000000E+000;5.428260E-007;0.000000E+000;0.000000E+000;0.000000E+000;0.000000E+000;5.428260E-007
direct_peakw1;1460.800;1460.8000;631;1262.00;0.000000E+000;2.275403E-007;0.000000E+000;0.000000E+000;0.000000E+000;0.000000E+000;2.275403E-007
direct_peakw1;1460.800;1460.8000;632;1264.00;0.000000E+000;1.803581E-006;0.000000E+000;0.000000E+000;0.000000E+000;0.000000E+000;1.803581E-006
direct_peakw1;1460.800;1460.8000;633;1266.00;0.000000E+000;1.345365E-006;0.000000E+000;0.000000E+000;0.000000E+000;0.000000E+000;1.345365E-006
direct_peakw1;1460.800;1460.8000;634;1268.00;0.000000E+000;4.806670E-007;0.000000E+000;0.000000E+000;0.000000E+000;0.000000E+000;4.806670E-007
direct_peakw1;1460.800;1460.8000;635;1270.00;0.000000E+000;2.118055E-006;0.000000E+000;0.000000E+000;0.000000E+000;0.000000E+000;2.118055E-006
direct_peakw1;1460.800;1460.8000;636;1272.00;0.000000E+000;5.486115E-007;0.000000E+000;0.000000E+000;0.000000E+000;0.000000E+000;5.486115E-007
direct_peakw1;1460.800;1460.8000;637;1274.00;0.000000E+000;8.016510E-007;0.000000E+000;0.000000E+000;0.000000E+000;0.000000E+000;8.016510E-007
direct_peakw1;1460.800;1460.8000;638;1276.00;0.000000E+000;1.865016E-006;0.000000E+000;0.000000E+000;0.000000E+000;0.000000E+000;1.865016E-006
direct_peakw1;1460.800;1460.8000;639;1278.00;0.000000E+000;2.942936E-007;0.000000E+000;0.000000E+000;0.000000E+000;0.000000E+000;2.942936E-007
direct_peakw1;1460.800;1460.8000;640;1280.00;0.000000E+000;5.721218E-007;0.000000E+000;0.000000E+000;0.000000E+000;0.000000E+000;5.721218E-007
direct_peakw1;1460.800;1460.8000;641;1282.00;0.000000E+000;8.002513E-007;0.000000E+000;0.000000E+000;0.000000E+000;0.000000E+000;8.002513E-007
direct_peakw1;1460.800;1460.8000;642;1284.00;0.000000E+000;0.000000E+000;0.000000E+000;0.000000E+000;0.000000E+000;0.000000E+000;0.000000E+000
direct_peakw1;1460.800;1460.8000;643;1286.00;0.000000E+000;1.705387E-006;0.000000E+000;0.000000E+000;0.000000E+000;0.000000E+000;1.705387E-006
direct_peakw1;1460.800;1460.8000;644;1288.00;0.000000E+000;1.961279E-006;0.000000E+000;0.000000E+000;0.000000E+000;0.000000E+000;1.961279E-006
direct_peakw1;1460.800;1460.8000;645;1290.00;0.000000E+000;0.000000E+000;0.000000E+000;0.000000E+000;0.000000E+000;0.000000E+000;0.000000E+000
direct_peakw1;1460.800;1460.8000;646;1292.00;0.000000E+000;0.000000E+000;0.000000E+000;0.000000E+000;0.000000E+000;0.000000E+000;0.000000E+000
direct_peakw1;1460.800;1460.8000;647;1294.00;0.000000E+000;1.229727E-006;0.000000E+000;0.000000E+000;0.000000E+000;0.000000E+000;1.229727E-006
direct_peakw1;1460.800;1460.8000;648;1296.00;0.000000E+000;2.113915E-006;0.000000E+000;0.000000E+000;0.000000E+000;0.000000E+000;2.113915E-006
direct_peakw1;1460.800;1460.8000;649;1298.00;0.000000E+000;1.989692E-006;0.000000E+000;0.000000E+000;0.000000E+000;0.000000E+000;1.989692E-006
direct_peakw1;1460.800;1460.8000;650;1300.00;0.000000E+000;2.493177E-007;0.000000E+000;0.000000E+000;0.000000E+000;0.000000E+000;2.493177E-007
direct_peakw1;1460.800;1460.8000;651;1302.00;0.000000E+000;2.050018E-006;0.000000E+000;0.000000E+000;0.000000E+000;0.000000E+000;2.050018E-006
direct_peakw1;1460.800;1460.8000;652;1304.00;0.000000E+000;3.399810E-008;0.000000E+000;0.000000E+000;0.000000E+000;0.000000E+000;3.399810E-008
direct_peakw1;1460.800;1460.8000;653;1306.00;0.000000E+000;0.000000E+000;0.000000E+000;0.000000E+000;0.000000E+000;0.000000E+000;0.000000E+000
direct_peakw1;1460.800;1460.8000;654;1308.00;0.000000E+000;2.370290E-007;0.000000E+000;0.000000E+000;0.000000E+000;0.000000E+000;2.370290E-007
direct_peakw1;1460.800;1460.8000;655;1310.00;0.000000E+000;8.551880E-007;0.000000E+000;0.000000E+000;0.000000E+000;0.000000E+000;8.551880E-007
direct_peakw1;1460.800;1460.8000;656;1312.00;0.000000E+000;2.638438E-007;0.000000E+000;0.000000E+000;0.000000E+000;0.000000E+000;2.638438E-007
direct_peakw1;1460.800;1460.8000;657;1314.00;0.000000E+000;3.106059E-007;0.000000E+000;0.000000E+000;0.000000E+000;0.000000E+000;3.106059E-007
direct_peakw1;1460.800;1460.8000;658;1316.00;0.000000E+000;1.425555E-007;0.000000E+000;0.000000E+000;0.000000E+000;0.000000E+000;1.425555E-007
direct_peakw1;1460.800;1460.8000;659;1318.00;0.000000E+000;4.582658E-007;0.000000E+000;0.000000E+000;0.000000E+000;0.000000E+000;4.582658E-007
direct_peakw1;1460.800;1460.8000;660;1320.00;0.000000E+000;6.584538E-008;0.000000E+000;0.000000E+000;0.000000E+000;0.000000E+000;6.584538E-008
direct_peakw1;1460.800;1460.8000;661;1322.00;0.000000E+000;1.807787E-007;0.000000E+000;0.000000E+000;0.000000E+000;0.000000E+000;1.807787E-007
direct_peakw1;1460.800;1460.8000;662;1324.00;0.000000E+000;8.192213E-007;0.000000E+000;0.000000E+000;0.000000E+000;0.000000E+000;8.192213E-007
direct_peakw1;1460.800;1460.8000;663;1326.00;0.000000E+000;0.000000E+000;0.000000E+000;0.000000E+000;0.000000E+000;0.000000E+000;0.000000E+000
direct_peakw1;1460.800;1460.8000;664;1328.00;0.000000E+000;5.378311E-007;0.000000E+000;0.000000E+000;0.000000E+000;0.000000E+000;5.378311E-007
direct_peakw1;1460.800;1460.8000;665;1330.00;0.000000E+000;4.621689E-007;0.000000E+000;0.000000E+000;0.000000E+000;0.000000E+000;4.621689E-007
direct_peakw1;1460.800;1460.8000;666;1332.00;0.000000E+000;8.592942E-007;0.000000E+000;0.000000E+000;0.000000E+000;0.000000E+000;8.592942E-007
direct_peakw1;1460.800;1460.8000;667;1334.00;0.000000E+000;4.740392E-007;0.000000E+000;0.000000E+000;0.000000E+000;0.000000E+000;4.740392E-007
direct_peakw1;1460.800;1460.8000;668;1336.00;0.000000E+000;0.000000E+000;0.000000E+000;0.000000E+000;0.000000E+000;0.000000E+000;0.000000E+000
direct_peakw1;1460.800;1460.8000;669;1338.00;0.000000E+000;5.364952E-008;0.000000E+000;0.000000E+000;0.000000E+000;0.000000E+000;5.364952E-008
direct_peakw1;1460.800;1460.8000;670;1340.00;0.000000E+000;1.396114E-006;0.000000E+000;0.000000E+000;0.000000E+000;0.000000E+000;1.396114E-006
direct_peakw1;1460.800;1460.8000;671;1342.00;0.000000E+000;2.169030E-007;0.000000E+000;0.000000E+000;0.000000E+000;0.000000E+000;2.169030E-007
direct_peakw1;1460.800;1460.8000;672;1344.00;0.000000E+000;0.000000E+000;0.000000E+000;0.000000E+000;0.000000E+000;0.000000E+000;0.000000E+000
direct_peakw1;1460.800;1460.8000;673;1346.00;0.000000E+000;1.225459E-007;0.000000E+000;0.000000E+000;0.000000E+000;0.000000E+000;1.225459E-007
direct_peakw1;1460.800;1460.8000;674;1348.00;0.000000E+000;5.441208E-007;0.000000E+000;0.000000E+000;0.000000E+000;0.000000E+000;5.441208E-007
direct_peakw1;1460.800;1460.8000;675;1350.00;0.000000E+000;0.000000E+000;0.000000E+000;0.000000E+000;0.000000E+000;0.000000E+000;0.000000E+000
direct_peakw1;1460.800;1460.8000;676;1352.00;0.000000E+000;0.000000E+000;0.000000E+000;0.000000E+000;0.000000E+000;0.000000E+000;0.000000E+000
direct_peakw1;1460.800;1460.8000;677;1354.00;0.000000E+000;0.000000E+000;0.000000E+000;0.000000E+000;0.000000E+000;0.000000E+000;0.000000E+000
direct_peakw1;1460.800;1460.8000;678;1356.00;0.000000E+000;3.238217E-008;0.000000E+000;0.000000E+000;0.000000E+000;0.000000E+000;3.238217E-008
direct_peakw1;1460.800;1460.8000;679;1358.00;0.000000E+000;3.009512E-007;0.000000E+000;0.000000E+000;0.000000E+000;0.000000E+000;3.009512E-007
direct_peakw1;1460.800;1460.8000;680;1360.00;0.000000E+000;9.916128E-008;0.000000E+000;0.000000E+000;0.000000E+000;0.000000E+000;9.916128E-008
direct_peakw1;1460.800;1460.8000;681;1362.00;0.000000E+000;5.675054E-007;0.000000E+000;0.000000E+000;0.000000E+000;0.000000E+000;5.675054E-007
direct_peakw1;1460.800;1460.8000;682;1364.00;0.000000E+000;0.000000E+000;0.000000E+000;0.000000E+000;0.000000E+000;0.000000E+000;0.000000E+000
direct_peakw1;1460.800;1460.8000;683;1366.00;0.000000E+000;0.000000E+000;0.000000E+000;0.000000E+000;0.000000E+000;0.000000E+000;0.000000E+000
direct_peakw1;1460.800;1460.8000;684;1368.00;0.000000E+000;0.000000E+000;0.000000E+000;0.000000E+000;0.000000E+000;0.000000E+000;0.000000E+000
direct_peakw1;1460.800;1460.8000;685;1370.00;0.000000E+000;5.267570E-007;0.000000E+000;0.000000E+000;0.000000E+000;0.000000E+000;5.267570E-007
direct_peakw1;1460.800;1460.8000;686;1372.00;0.000000E+000;1.139910E-006;0.000000E+000;0.000000E+000;0.000000E+000;0.000000E+000;1.139910E-006
direct_peakw1;1460.800;1460.8000;687;1374.00;0.000000E+000;2.151416E-007;0.000000E+000;0.000000E+000;0.000000E+000;0.000000E+000;2.151416E-007
direct_peakw1;1460.800;1460.8000;688;1376.00;0.000000E+000;1.181917E-007;0.000000E+000;0.000000E+000;0.000000E+000;0.000000E+000;1.181917E-007
direct_peakw1;1460.800;1460.8000;689;1378.00;0.000000E+000;7.332968E-007;0.000000E+000;0.000000E+000;0.000000E+000;0.000000E+000;7.332968E-007
direct_peakw1;1460.800;1460.8000;690;1380.00;0.000000E+000;2.667032E-007;0.000000E+000;0.000000E+000;0.000000E+000;0.000000E+000;2.667032E-007
direct_peakw1;1460.800;1460.8000;691;1382.00;0.000000E+000;0.000000E+000;0.000000E+000;0.000000E+000;0.000000E+000;0.000000E+000;0.000000E+000
direct_peakw1;1460.800;1460.8000;692;1384.00;0.000000E+000;1.129520E-007;0.000000E+000;0.000000E+000;0.000000E+000;0.000000E+000;1.129520E-007
direct_peakw1;1460.800;1460.8000;693;1386.00;0.000000E+000;7.623094E-007;0.000000E+000;0.000000E+000;0.000000E+000;0.000000E+000;7.623094E-007
direct_peakw1;1460.800;1460.8000;694;1388.00;0.000000E+000;7.466573E-007;0.000000E+000;0.000000E+000;0.000000E+000;0.000000E+000;7.466573E-007
direct_peakw1;1460.800;1460.8000;695;1390.00;0.000000E+000;4.474789E-008;0.000000E+000;0.000000E+000;0.000000E+000;0.000000E+000;4.474789E-008
direct_peakw1;1460.800;1460.8000;696;1392.00;0.000000E+000;0.000000E+000;0.000000E+000;0.000000E+000;0.000000E+000;0.000000E+000;0.000000E+000
direct_peakw1;1460.800;1460.8000;697;1394.00;0.000000E+000;0.000000E+000;0.000000E+000;0.000000E+000;0.000000E+000;0.000000E+000;0.000000E+000
direct_peakw1;1460.800;1460.8000;698;1396.00;0.000000E+000;1.036233E-008;0.000000E+000;0.000000E+000;0.000000E+000;0.000000E+000;1.036233E-008
direct_peakw1;1460.800;1460.8000;699;1398.00;0.000000E+000;3.229710E-007;0.000000E+000;0.000000E+000;0.000000E+000;0.000000E+000;3.229710E-007
direct_peakw1;1460.800;1460.8000;700;1400.00;0.000000E+000;0.000000E+000;0.000000E+000;0.000000E+000;0.000000E+000;0.000000E+000;0.000000E+000
direct_peakw1;1460.800;1460.8000;701;1402.00;0.000000E+000;0.000000E+000;0.000000E+000;0.000000E+000;0.000000E+000;0.000000E+000;0.000000E+000
direct_peakw1;1460.800;1460.8000;702;1404.00;0.000000E+000;1.056864E-007;0.000000E+000;0.000000E+000;0.000000E+000;0.000000E+000;1.056864E-007
direct_peakw1;1460.800;1460.8000;703;1406.00;0.000000E+000;3.985390E-007;0.000000E+000;0.000000E+000;0.000000E+000;0.000000E+000;3.985390E-007
direct_peakw1;1460.800;1460.8000;704;1408.00;0.000000E+000;7.801193E-007;0.000000E+000;0.000000E+000;0.000000E+000;0.000000E+000;7.801193E-007
direct_peakw1;1460.800;1460.8000;705;1410.00;0.000000E+000;4.914062E-007;0.000000E+000;0.000000E+000;0.000000E+000;0.000000E+000;4.914062E-007
direct_peakw1;1460.800;1460.8000;706;1412.00;0.000000E+000;5.575824E-007;0.000000E+000;0.000000E+000;0.000000E+000;0.000000E+000;5.575824E-007
direct_peakw1;1460.800;1460.8000;707;1414.00;0.000000E+000;0.000000E+000;0.000000E+000;0.000000E+000;0.000000E+000;0.000000E+000;0.000000E+000
direct_peakw1;1460.800;1460.8000;708;1416.00;0.000000E+000;0.000000E+000;0.000000E+000;0.000000E+000;0.000000E+000;0.000000E+000;0.000000E+000
direct_peakw1;1460.800;1460.8000;709;1418.00;0.000000E+000;2.068436E-007;0.000000E+000;0.000000E+000;0.000000E+000;0.000000E+000;2.068436E-007
direct_peakw1;1460.800;1460.8000;710;1420.00;0.000000E+000;1.615266E-007;0.000000E+000;0.000000E+000;0.000000E+000;0.000000E+000;1.615266E-007
direct_peakw1;1460.800;1460.8000;711;1422.00;0.000000E+000;2.982966E-007;0.000000E+000;0.000000E+000;0.000000E+000;0.000000E+000;2.982966E-007
direct_peakw1;1460.800;1460.8000;712;1424.00;0.000000E+000;0.000000E+000;0.000000E+000;4.175519E-007;0.000000E+000;0.000000E+000;4.175519E-007
direct_peakw1;1460.800;1460.8000;713;1426.00;0.000000E+000;0.000000E+000;0.000000E+000;1.249115E-006;0.000000E+000;0.000000E+000;1.249115E-006
direct_peakw1;1460.800;1460.8000;714;1428.00;0.000000E+000;0.000000E+000;0.000000E+000;0.000000E+000;0.000000E+000;0.000000E+000;0.000000E+000
direct_peakw1;1460.800;1460.8000;715;1430.00;0.000000E+000;8.601228E-007;0.000000E+000;0.000000E+000;0.000000E+000;0.000000E+000;8.601228E-007
direct_peakw1;1460.800;1460.8000;716;1432.00;0.000000E+000;8.065438E-007;0.000000E+000;0.000000E+000;0.000000E+000;0.000000E+000;8.065438E-007
direct_peakw1;1460.800;1460.8000;717;1434.00;0.000000E+000;0.000000E+000;0.000000E+000;0.000000E+000;0.000000E+000;0.000000E+000;0.000000E+000
direct_peakw1;1460.800;1460.8000;718;1436.00;0.000000E+000;0.000000E+000;0.000000E+000;0.000000E+000;0.000000E+000;0.000000E+000;0.000000E+000
direct_peakw1;1460.800;1460.8000;719;1438.00;0.000000E+000;1.819535E-008;0.000000E+000;0.000000E+000;0.000000E+000;0.000000E+000;1.819535E-008
direct_peakw1;1460.800;1460.8000;720;1440.00;0.000000E+000;5.549587E-007;0.000000E+000;0.000000E+000;0.000000E+000;0.000000E+000;5.549587E-007
direct_peakw1;1460.800;1460.8000;721;1442.00;0.000000E+000;2.328289E-007;0.000000E+000;0.000000E+000;0.000000E+000;0.000000E+000;2.328289E-007
direct_peakw1;1460.800;1460.8000;722;1444.00;0.000000E+000;1.940170E-007;0.000000E+000;0.000000E+000;0.000000E+000;0.000000E+000;1.940170E-007
direct_peakw1;1460.800;1460.8000;723;1446.00;0.000000E+000;0.000000E+000;0.000000E+000;0.000000E+000;0.000000E+000;0.000000E+000;0.000000E+000
direct_peakw1;1460.800;1460.8000;724;1448.00;0.000000E+000;0.000000E+000;0.000000E+000;0.000000E+000;0.000000E+000;0.000000E+000;0.000000E+000
direct_peakw1;1460.800;1460.8000;725;1450.00;0.000000E+000;0.000000E+000;0.000000E+000;0.000000E+000;0.000000E+000;0.000000E+000;0.000000E+000
direct_peakw1;1460.800;1460.8000;726;1452.00;0.000000E+000;6.481402E-008;0.000000E+000;0.000000E+000;0.000000E+000;0.000000E+000;6.481402E-008
direct_peakw1;1460.800;1460.8000;727;1454.00;0.000000E+000;2.685193E-007;0.000000E+000;0.000000E+000;0.000000E+000;0.000000E+000;2.685193E-007
direct_peakw1;1460.800;1460.8000;728;1456.00;0.000000E+000;0.000000E+000;0.000000E+000;0.000000E+000;0.000000E+000;0.000000E+000;0.000000E+000
direct_peakw1;1460.800;1460.8000;729;1458.00;0.000000E+000;0.000000E+000;0.000000E+000;0.000000E+000;0.000000E+000;0.000000E+000;0.000000E+000
direct_peakw1;1460.800;1460.8000;730;1460.00;6.476632E-004;3.052108E-008;0.000000E+000;0.000000E+000;0.000000E+000;0.000000E+000;6.476937E-004
direct_peakw1;2614.500;2614.5000;0;0.00;0.000000E+000;7.706816E-007;0.000000E+000;0.000000E+000;0.000000E+000;0.000000E+000;7.706816E-007
direct_peakw1;2614.500;2614.5000;1;2.00;0.000000E+000;5.626517E-007;0.000000E+000;0.000000E+000;0.000000E+000;0.000000E+000;5.626517E-007
direct_peakw1;2614.500;2614.5000;2;4.00;0.000000E+000;1.638205E-006;0.000000E+000;0.000000E+000;0.000000E+000;0.000000E+000;1.638205E-006
direct_peakw1;2614.500;2614.5000;3;6.00;0.000000E+000;1.361795E-006;0.000000E+000;0.000000E+000;0.000000E+000;0.000000E+000;1.361795E-006
direct_peakw1;2614.500;2614.5000;4;8.00;0.000000E+000;2.012259E-007;0.000000E+000;0.000000E+000;0.000000E+000;0.000000E+000;2.012259E-007
direct_peakw1;2614.500;2614.5000;5;10.00;0.000000E+000;7.987741E-007;0.000000E+000;0.000000E+000;0.000000E+000;0.000000E+000;7.987741E-007
direct_peakw1;2614.500;2614.5000;6;12.00;0.000000E+000;2.342320E-007;0.000000E+000;0.000000E+000;0.000000E+000;0.000000E+000;2.342320E-007
direct_peakw1;2614.500;2614.5000;7;14.00;0.000000E+000;1.260147E-006;0.000000E+000;0.000000E+000;0.000000E+000;0.000000E+000;1.260147E-006
direct_peakw1;2614.500;2614.5000;8;16.00;0.000000E+000;9.575543E-007;0.000000E+000;0.000000E+000;0.000000E+000;0.000000E+000;9.575543E-007
direct_peakw1;2614.500;2614.5000;9;18.00;0.000000E+000;2.147337E-007;0.000000E+000;0.000000E+000;0.000000E+000;0.000000E+000;2.147337E-007
direct_peakw1;2614.500;2614.5000;10;20.00;0.000000E+000;1.663345E-007;0.000000E+000;0.000000E+000;0.000000E+000;0.000000E+000;1.663345E-007
direct_peakw1;2614.500;2614.5000;11;22.00;0.000000E+000;2.873115E-007;0.000000E+000;0.000000E+000;0.000000E+000;0.000000E+000;2.873115E-007
direct_peakw1;2614.500;2614.5000;12;24.00;0.000000E+000;5.463540E-007;0.000000E+000;0.000000E+000;0.000000E+000;0.000000E+000;5.463540E-007
direct_peakw1;2614.500;2614.5000;13;26.00;0.000000E+000;8.141927E-007;0.000000E+000;0.000000E+000;0.000000E+000;0.000000E+000;8.141927E-007
direct_peakw1;2614.500;2614.5000;14;28.00;0.000000E+000;2.112810E-007;0.000000E+000;0.000000E+000;0.000000E+000;0.000000E+000;2.112810E-007
direct_peakw1;2614.500;2614.5000;15;30.00;0.000000E+000;1.307860E-006;0.000000E+000;0.000000E+000;0.000000E+000;0.000000E+000;1.307860E-006
direct_peakw1;2614.500;2614.5000;16;32.00;0.000000E+000;2.216868E-007;0.000000E+000;0.000000E+000;0.000000E+000;0.000000E+000;2.216868E-007
direct_peakw1;2614.500;2614.5000;17;34.00;0.000000E+000;1.125820E-006;0.000000E+000;0.000000E+000;0.000000E+000;0.000000E+000;1.125820E-006
direct_peakw1;2614.500;2614.5000;18;36.00;0.000000E+000;3.191597E-007;0.000000E+000;0.000000E+000;0.000000E+000;0.000000E+000;3.191597E-007
direct_peakw1;2614.500;2614.5000;19;38.00;0.000000E+000;5.257991E-007;0.000000E+000;0.000000E+000;0.000000E+000;0.000000E+000;5.257991E-007
direct_peakw1;2614.500;2614.5000;20;40.00;0.000000E+000;6.058890E-007;0.000000E+000;0.000000E+000;0.000000E+000;0.000000E+000;6.058890E-007
direct_peakw1;2614.500;2614.5000;21;42.00;0.000000E+000;5.349786E-007;0.000000E+000;0.000000E+000;0.000000E+000;0.000000E+000;5.349786E-007
direct_peakw1;2614.500;2614.5000;22;44.00;0.000000E+000;8.003706E-007;0.000000E+000;0.000000E+000;0.000000E+000;0.000000E+000;8.003706E-007
direct_peakw1;2614.500;2614.5000;23;46.00;0.000000E+000;1.040616E-006;0.000000E+000;0.000000E+000;0.000000E+000;0.000000E+000;1.040616E-006
direct_peakw1;2614.500;2614.5000;24;48.00;0.000000E+000;1.077842E-006;0.000000E+000;0.000000E+000;0.000000E+000;0.000000E+000;1.077842E-006
direct_peakw1;2614.500;2614.5000;25;50.00;0.000000E+000;8.117148E-008;0.000000E+000;0.000000E+000;0.000000E+000;0.000000E+000;8.117148E-008
direct_peakw1;2614.500;2614.5000;26;52.00;0.000000E+000;0.000000E+000;0.000000E+000;0.000000E+000;0.000000E+000;0.000000E+000;0.000000E+000
direct_peakw1;2614.500;2614.5000;27;54.00;0.000000E+000;1.139873E-006;0.000000E+000;0.000000E+000;0.000000E+000;0.000000E+000;1.139873E-006
direct_peakw1;2614.500;2614.5000;28;56.00;0.000000E+000;3.015016E-007;0.000000E+000;0.000000E+000;0.000000E+000;0.000000E+000;3.015016E-007
direct_peakw1;2614.500;2614.5000;29;58.00;0.000000E+000;8.168137E-007;0.000000E+000;0.000000E+000;0.000000E+000;0.000000E+000;8.168137E-007
direct_peakw1;2614.500;2614.5000;30;60.00;0.000000E+000;1.457041E-006;0.000000E+000;0.000000E+000;0.000000E+000;0.000000E+000;1.457041E-006
direct_peakw1;2614.500;2614.5000;31;62.00;0.000000E+000;9.514375E-007;0.000000E+000;0.000000E+000;0.000000E+000;0.000000E+000;9.514375E-007
direct_peakw1;2614.500;2614.5000;32;64.00;0.000000E+000;0.000000E+000;0.000000E+000;0.000000E+000;0.000000E+000;0.000000E+000;0.000000E+000
direct_peakw1;2614.500;2614.5000;33;66.00;0.000000E+000;6.514196E-007;0.000000E+000;0.000000E+000;0.000000E+000;0.000000E+000;6.514196E-007
direct_peakw1;2614.500;2614.5000;34;68.00;0.000000E+000;8.952162E-007;0.000000E+000;0.000000E+000;0.000000E+000;0.000000E+000;8.952162E-007
direct_peakw1;2614.500;2614.5000;35;70.00;0.000000E+000;2.551878E-007;0.000000E+000;0.000000E+000;0.000000E+000;0.000000E+000;2.551878E-007
direct_peakw1;2614.500;2614.5000;36;72.00;0.000000E+000;5.315098E-007;0.000000E+000;0.000000E+000;0.000000E+000;0.000000E+000;5.315098E-007
direct_peakw1;2614.500;2614.5000;37;74.00;0.000000E+000;8.547192E-007;0.000000E+000;0.000000E+000;0.000000E+000;0.000000E+000;8.547192E-007
direct_peakw1;2614.500;2614.5000;38;76.00;0.000000E+000;8.685871E-007;0.000000E+000;0.000000E+000;0.000000E+000;0.000000E+000;8.685871E-007
direct_peakw1;2614.500;2614.5000;39;78.00;0.000000E+000;2.766936E-007;0.000000E+000;0.000000E+000;0.000000E+000;0.000000E+000;2.766936E-007
direct_peakw1;2614.500;2614.5000;40;80.00;0.000000E+000;1.834802E-007;0.000000E+000;0.000000E+000;0.000000E+000;0.000000E+000;1.834802E-007
direct_peakw1;2614.500;2614.5000;41;82.00;0.000000E+000;9.961161E-007;0.000000E+000;0.000000E+000;0.000000E+000;0.000000E+000;9.961161E-007
direct_peakw1;2614.500;2614.5000;42;84.00;0.000000E+000;4.987486E-007;0.000000E+000;0.000000E+000;0.000000E+000;0.000000E+000;4.987486E-007
direct_peakw1;2614.500;2614.5000;43;86.00;0.000000E+000;1.321655E-006;0.000000E+000;0.000000E+000;0.000000E+000;0.000000E+000;1.321655E-006
direct_peakw1;2614.500;2614.5000;44;88.00;0.000000E+000;5.328342E-007;0.000000E+000;0.000000E+000;0.000000E+000;0.000000E+000;5.328342E-007
direct_peakw1;2614.500;2614.5000;45;90.00;0.000000E+000;1.082722E-006;0.000000E+000;0.000000E+000;0.000000E+000;0.000000E+000;1.082722E-006
direct_peakw1;2614.500;2614.5000;46;92.00;0.000000E+000;1.717777E-006;0.000000E+000;0.000000E+000;0.000000E+000;0.000000E+000;1.717777E-006
direct_peakw1;2614.500;2614.5000;47;94.00;0.000000E+000;4.361781E-007;0.000000E+000;0.000000E+000;0.000000E+000;0.000000E+000;4.361781E-007
direct_peakw1;2614.500;2614.5000;48;96.00;0.000000E+000;8.971552E-007;0.000000E+000;0.000000E+000;0.000000E+000;0.000000E+000;8.971552E-007
direct_peakw1;2614.500;2614.5000;49;98.00;0.000000E+000;5.484558E-007;0.000000E+000;0.000000E+000;0.000000E+000;0.000000E+000;5.484558E-007
direct_peakw1;2614.500;2614.5000;50;100.00;0.000000E+000;1.359990E-006;0.000000E+000;0.000000E+000;0.000000E+000;0.000000E+000;1.359990E-006
direct_peakw1;2614.500;2614.5000;51;102.00;0.000000E+000;8.203316E-007;0.000000E+000;0.000000E+000;0.000000E+000;0.000000E+000;8.203316E-007
direct_peakw1;2614.500;2614.5000;52;104.00;0.000000E+000;2.061290E-006;0.000000E+000;0.000000E+000;0.000000E+000;0.000000E+000;2.061290E-006
direct_peakw1;2614.500;2614.5000;53;106.00;0.000000E+000;5.432660E-007;0.000000E+000;0.000000E+000;0.000000E+000;0.000000E+000;5.432660E-007
direct_peakw1;2614.500;2614.5000;54;108.00;0.000000E+000;3.326288E-007;0.000000E+000;0.000000E+000;0.000000E+000;0.000000E+000;3.326288E-007
direct_peakw1;2614.500;2614.5000;55;110.00;0.000000E+000;6.673712E-007;0.000000E+000;0.000000E+000;0.000000E+000;0.000000E+000;6.673712E-007
direct_peakw1;2614.500;2614.5000;56;112.00;0.000000E+000;0.000000E+000;0.000000E+000;0.000000E+000;0.000000E+000;0.000000E+000;0.000000E+000
direct_peakw1;2614.500;2614.5000;57;114.00;0.000000E+000;1.185325E-006;0.000000E+000;0.000000E+000;0.000000E+000;0.000000E+000;1.185325E-006
direct_peakw1;2614.500;2614.5000;58;116.00;0.000000E+000;8.074775E-007;0.000000E+000;0.000000E+000;0.000000E+000;0.000000E+000;8.074775E-007
direct_peakw1;2614.500;2614.5000;59;118.00;0.000000E+000;3.039351E-007;0.000000E+000;0.000000E+000;0.000000E+000;0.000000E+000;3.039351E-007
direct_peakw1;2614.500;2614.5000;60;120.00;0.000000E+000;9.474335E-007;0.000000E+000;0.000000E+000;0.000000E+000;0.000000E+000;9.474335E-007
direct_peakw1;2614.500;2614.5000;61;122.00;0.000000E+000;4.402056E-007;0.000000E+000;0.000000E+000;0.000000E+000;0.000000E+000;4.402056E-007
direct_peakw1;2614.500;2614.5000;62;124.00;0.000000E+000;8.291783E-007;0.000000E+000;0.000000E+000;0.000000E+000;0.000000E+000;8.291783E-007
direct_peakw1;2614.500;2614.5000;63;126.00;0.000000E+000;1.531119E-007;0.000000E+000;0.000000E+000;0.000000E+000;0.000000E+000;1.531119E-007
direct_peakw1;2614.500;2614.5000;64;128.00;0.000000E+000;9.768191E-007;0.000000E+000;0.000000E+000;0.000000E+000;0.000000E+000;9.768191E-007
direct_peakw1;2614.500;2614.5000;65;130.00;0.000000E+000;3.565142E-007;0.000000E+000;0.000000E+000;0.000000E+000;0.000000E+000;3.565142E-007
direct_peakw1;2614.500;2614.5000;66;132.00;0.000000E+000;1.650079E-006;0.000000E+000;0.000000E+000;0.000000E+000;0.000000E+000;1.650079E-006
direct_peakw1;2614.500;2614.5000;67;134.00;0.000000E+000;8.606892E-007;0.000000E+000;0.000000E+000;0.000000E+000;0.000000E+000;8.606892E-007
direct_peakw1;2614.500;2614.5000;68;136.00;0.000000E+000;1.197752E-006;0.000000E+000;0.000000E+000;0.000000E+000;0.000000E+000;1.197752E-006
direct_peakw1;2614.500;2614.5000;69;138.00;0.000000E+000;1.181125E-006;0.000000E+000;0.000000E+000;0.000000E+000;0.000000E+000;1.181125E-006
direct_peakw1;2614.500;2614.5000;70;140.00;0.000000E+000;8.044786E-007;0.000000E+000;0.000000E+000;0.000000E+000;0.000000E+000;8.044786E-007
direct_peakw1;2614.500;2614.5000;71;142.00;0.000000E+000;1.740367E-006;0.000000E+000;0.000000E+000;0.000000E+000;0.000000E+000;1.740367E-006
direct_peakw1;2614.500;2614.5000;72;144.00;0.000000E+000;2.321750E-007;0.000000E+000;0.000000E+000;0.000000E+000;0.000000E+000;2.321750E-007
direct_peakw1;2614.500;2614.5000;73;146.00;0.000000E+000;0.000000E+000;0.000000E+000;0.000000E+000;0.000000E+000;0.000000E+000;0.000000E+000
direct_peakw1;2614.500;2614.5000;74;148.00;0.000000E+000;1.221683E-006;0.000000E+000;0.000000E+000;0.000000E+000;0.000000E+000;1.221683E-006
direct_peakw1;2614.500;2614.5000;75;150.00;0.000000E+000;9.915623E-007;0.000000E+000;0.000000E+000;0.000000E+000;0.000000E+000;9.915623E-007
direct_peakw1;2614.500;2614.5000;76;152.00;0.000000E+000;7.024857E-007;0.000000E+000;0.000000E+000;0.000000E+000;0.000000E+000;7.024857E-007
direct_peakw1;2614.500;2614.5000;77;154.00;0.000000E+000;1.711746E-006;0.000000E+000;0.000000E+000;0.000000E+000;0.000000E+000;1.711746E-006
direct_peakw1;2614.500;2614.5000;78;156.00;0.000000E+000;1.481574E-006;0.000000E+000;0.000000E+000;0.000000E+000;0.000000E+000;1.481574E-006
direct_peakw1;2614.500;2614.5000;79;158.00;0.000000E+000;7.165921E-007;0.000000E+000;0.000000E+000;0.000000E+000;0.000000E+000;7.165921E-007
direct_peakw1;2614.500;2614.5000;80;160.00;0.000000E+000;2.117744E-006;0.000000E+000;0.000000E+000;0.000000E+000;0.000000E+000;2.117744E-006
direct_peakw1;2614.500;2614.5000;81;162.00;0.000000E+000;1.215527E-006;0.000000E+000;0.000000E+000;0.000000E+000;0.000000E+000;1.215527E-006
direct_peakw1;2614.500;2614.5000;82;164.00;0.000000E+000;5.077528E-007;0.000000E+000;0.000000E+000;0.000000E+000;0.000000E+000;5.077528E-007
direct_peakw1;2614.500;2614.5000;83;166.00;0.000000E+000;6.329661E-007;0.000000E+000;0.000000E+000;0.000000E+000;0.000000E+000;6.329661E-007
direct_peakw1;2614.500;2614.5000;84;168.00;0.000000E+000;2.830148E-007;0.000000E+000;0.000000E+000;0.000000E+000;0.000000E+000;2.830148E-007
direct_peakw1;2614.500;2614.5000;85;170.00;0.000000E+000;1.408469E-006;0.000000E+000;0.000000E+000;0.000000E+000;0.000000E+000;1.408469E-006
direct_peakw1;2614.500;2614.5000;86;172.00;0.000000E+000;2.008883E-006;0.000000E+000;0.000000E+000;0.000000E+000;0.000000E+000;2.008883E-006
direct_peakw1;2614.500;2614.5000;87;174.00;0.000000E+000;1.411264E-006;0.000000E+000;0.000000E+000;0.000000E+000;0.000000E+000;1.411264E-006
direct_peakw1;2614.500;2614.5000;88;176.00;0.000000E+000;1.631541E-006;0.000000E+000;0.000000E+000;0.000000E+000;0.000000E+000;1.631541E-006
direct_peakw1;2614.500;2614.5000;89;178.00;0.000000E+000;1.064570E-006;0.000000E+000;0.000000E+000;0.000000E+000;0.000000E+000;1.064570E-006
direct_peakw1;2614.500;2614.5000;90;180.00;0.000000E+000;2.259583E-007;0.000000E+000;0.000000E+000;0.000000E+000;0.000000E+000;2.259583E-007
direct_peakw1;2614.500;2614.5000;91;182.00;0.000000E+000;5.424555E-007;0.000000E+000;0.000000E+000;0.000000E+000;0.000000E+000;5.424555E-007
direct_peakw1;2614.500;2614.5000;92;184.00;0.000000E+000;1.242112E-007;0.000000E+000;0.000000E+000;0.000000E+000;0.000000E+000;1.242112E-007
direct_peakw1;2614.500;2614.5000;93;186.00;0.000000E+000;1.066543E-006;0.000000E+000;0.000000E+000;0.000000E+000;0.000000E+000;1.066543E-006
direct_peakw1;2614.500;2614.5000;94;188.00;0.000000E+000;1.747068E-006;0.000000E+000;0.000000E+000;0.000000E+000;0.000000E+000;1.747068E-006
direct_peakw1;2614.500;2614.5000;95;190.00;0.000000E+000;1.863888E-007;0.000000E+000;0.000000E+000;0.000000E+000;0.000000E+000;1.863888E-007
direct_peakw1;2614.500;2614.5000;96;192.00;0.000000E+000;4.790994E-007;0.000000E+000;0.000000E+000;0.000000E+000;0.000000E+000;4.790994E-007
direct_peakw1;2614.500;2614.5000;97;194.00;0.000000E+000;9.351862E-007;0.000000E+000;0.000000E+000;0.000000E+000;0.000000E+000;9.351862E-007
direct_peakw1;2614.500;2614.5000;98;196.00;0.000000E+000;1.199962E-006;0.000000E+000;0.000000E+000;0.000000E+000;0.000000E+000;1.199962E-006
direct_peakw1;2614.500;2614.5000;99;198.00;0.000000E+000;5.241943E-008;0.000000E+000;0.000000E+000;0.000000E+000;0.000000E+000;5.241943E-008
direct_peakw1;2614.500;2614.5000;100;200.00;0.000000E+000;4.536761E-007;0.000000E+000;0.000000E+000;0.000000E+000;0.000000E+000;4.536761E-007
direct_peakw1;2614.500;2614.5000;101;202.00;0.000000E+000;1.546324E-006;0.000000E+000;0.000000E+000;0.000000E+000;0.000000E+000;1.546324E-006
direct_peakw1;2614.500;2614.5000;102;204.00;0.000000E+000;7.762173E-007;0.000000E+000;0.000000E+000;0.000000E+000;0.000000E+000;7.762173E-007
direct_peakw1;2614.500;2614.5000;103;206.00;0.000000E+000;1.004766E-006;0.000000E+000;0.000000E+000;0.000000E+000;0.000000E+000;1.004766E-006
direct_peakw1;2614.500;2614.5000;104;208.00;0.000000E+000;6.277501E-007;0.000000E+000;0.000000E+000;0.000000E+000;0.000000E+000;6.277501E-007
direct_peakw1;2614.500;2614.5000;105;210.00;0.000000E+000;2.579330E-007;0.000000E+000;0.000000E+000;0.000000E+000;0.000000E+000;2.579330E-007
direct_peakw1;2614.500;2614.5000;106;212.00;0.000000E+000;4.013085E-007;0.000000E+000;0.000000E+000;0.000000E+000;0.000000E+000;4.013085E-007
direct_peakw1;2614.500;2614.5000;107;214.00;0.000000E+000;1.265358E-006;0.000000E+000;0.000000E+000;0.000000E+000;0.000000E+000;1.265358E-006
direct_peakw1;2614.500;2614.5000;108;216.00;0.000000E+000;0.000000E+000;0.000000E+000;0.000000E+000;0.000000E+000;0.000000E+000;0.000000E+000
direct_peakw1;2614.500;2614.5000;109;218.00;0.000000E+000;7.224435E-007;0.000000E+000;0.000000E+000;0.000000E+000;0.000000E+000;7.224435E-007
direct_peakw1;2614.500;2614.5000;110;220.00;0.000000E+000;3.007468E-006;0.000000E+000;0.000000E+000;0.000000E+000;0.000000E+000;3.007468E-006
direct_peakw1;2614.500;2614.5000;111;222.00;0.000000E+000;2.700881E-007;0.000000E+000;0.000000E+000;0.000000E+000;0.000000E+000;2.700881E-007
direct_peakw1;2614.500;2614.5000;112;224.00;0.000000E+000;1.464539E-006;0.000000E+000;0.000000E+000;0.000000E+000;0.000000E+000;1.464539E-006
direct_peakw1;2614.500;2614.5000;113;226.00;0.000000E+000;1.365428E-006;0.000000E+000;0.000000E+000;0.000000E+000;0.000000E+000;1.365428E-006
direct_peakw1;2614.500;2614.5000;114;228.00;0.000000E+000;1.700337E-007;0.000000E+000;0.000000E+000;0.000000E+000;0.000000E+000;1.700337E-007
direct_peakw1;2614.500;2614.5000;115;230.00;0.000000E+000;0.000000E+000;0.000000E+000;0.000000E+000;0.000000E+000;0.000000E+000;0.000000E+000
direct_peakw1;2614.500;2614.5000;116;232.00;0.000000E+000;1.568897E-006;0.000000E+000;0.000000E+000;0.000000E+000;0.000000E+000;1.568897E-006
direct_peakw1;2614.500;2614.5000;117;234.00;0.000000E+000;4.311026E-007;0.000000E+000;0.000000E+000;0.000000E+000;0.000000E+000;4.311026E-007
direct_peakw1;2614.500;2614.5000;118;236.00;0.000000E+000;1.058896E-006;0.000000E+000;0.000000E+000;0.000000E+000;0.000000E+000;1.058896E-006
direct_peakw1;2614.500;2614.5000;119;238.00;0.000000E+000;1.605875E-006;0.000000E+000;0.000000E+000;0.000000E+000;0.000000E+000;1.605875E-006
direct_peakw1;2614.500;2614.5000;120;240.00;0.000000E+000;3.352286E-007;0.000000E+000;0.000000E+000;0.000000E+000;0.000000E+000;3.352286E-007
direct_peakw1;2614.500;2614.5000;121;242.00;0.000000E+000;2.398700E-006;0.000000E+000;0.000000E+000;0.000000E+000;0.000000E+000;2.398700E-006
direct_peakw1;2614.500;2614.5000;122;244.00;0.000000E+000;1.230180E-006;0.000000E+000;0.000000E+000;0.000000E+000;0.000000E+000;1.230180E-006
direct_peakw1;2614.500;2614.5000;123;246.00;0.000000E+000;3.778640E-008;0.000000E+000;0.000000E+000;0.000000E+000;0.000000E+000;3.778640E-008
direct_peakw1;2614.500;2614.5000;124;248.00;0.000000E+000;5.324034E-007;0.000000E+000;0.000000E+000;0.000000E+000;0.000000E+000;5.324034E-007
direct_peakw1;2614.500;2614.5000;125;250.00;0.000000E+000;2.659852E-007;0.000000E+000;0.000000E+000;0.000000E+000;0.000000E+000;2.659852E-007
direct_peakw1;2614.500;2614.5000;126;252.00;0.000000E+000;1.240203E-006;0.000000E+000;0.000000E+000;0.000000E+000;0.000000E+000;1.240203E-006
direct_peakw1;2614.500;2614.5000;127;254.00;0.000000E+000;2.947415E-007;0.000000E+000;0.000000E+000;0.000000E+000;0.000000E+000;2.947415E-007
direct_peakw1;2614.500;2614.5000;128;256.00;0.000000E+000;5.675496E-007;0.000000E+000;0.000000E+000;0.000000E+000;0.000000E+000;5.675496E-007
direct_peakw1;2614.500;2614.5000;129;258.00;0.000000E+000;8.952840E-007;0.000000E+000;0.000000E+000;0.000000E+000;0.000000E+000;8.952840E-007
direct_peakw1;2614.500;2614.5000;130;260.00;0.000000E+000;1.364875E-006;0.000000E+000;0.000000E+000;0.000000E+000;0.000000E+000;1.364875E-006
direct_peakw1;2614.500;2614.5000;131;262.00;0.000000E+000;8.389584E-007;0.000000E+000;0.000000E+000;0.000000E+000;0.000000E+000;8.389584E-007
direct_peakw1;2614.500;2614.5000;132;264.00;0.000000E+000;3.081406E-007;0.000000E+000;0.000000E+000;0.000000E+000;0.000000E+000;3.081406E-007
direct_peakw1;2614.500;2614.5000;133;266.00;0.000000E+000;1.020494E-006;0.000000E+000;0.000000E+000;0.000000E+000;0.000000E+000;1.020494E-006
direct_peakw1;2614.500;2614.5000;134;268.00;0.000000E+000;1.274210E-006;0.000000E+000;0.000000E+000;0.000000E+000;0.000000E+000;1.274210E-006
direct_peakw1;2614.500;2614.5000;135;270.00;0.000000E+000;1.274344E-006;0.000000E+000;0.000000E+000;0.000000E+000;0.000000E+000;1.274344E-006
direct_peakw1;2614.500;2614.5000;136;272.00;0.000000E+000;4.561448E-007;0.000000E+000;0.000000E+000;0.000000E+000;0.000000E+000;4.561448E-007
direct_peakw1;2614.500;2614.5000;137;274.00;0.000000E+000;7.791743E-007;0.000000E+000;0.000000E+000;0.000000E+000;0.000000E+000;7.791743E-007
direct_peakw1;2614.500;2614.5000;138;276.00;0.000000E+000;8.617499E-007;0.000000E+000;0.000000E+000;0.000000E+000;0.000000E+000;8.617499E-007
direct_peakw1;2614.500;2614.5000;139;278.00;0.000000E+000;2.359076E-006;0.000000E+000;0.000000E+000;0.000000E+000;0.000000E+000;2.359076E-006
direct_peakw1;2614.500;2614.5000;140;280.00;0.000000E+000;1.148571E-006;0.000000E+000;0.000000E+000;0.000000E+000;0.000000E+000;1.148571E-006
direct_peakw1;2614.500;2614.5000;141;282.00;0.000000E+000;2.682536E-006;0.000000E+000;0.000000E+000;0.000000E+000;0.000000E+000;2.682536E-006
direct_peakw1;2614.500;2614.5000;142;284.00;0.000000E+000;1.489521E-006;0.000000E+000;0.000000E+000;0.000000E+000;0.000000E+000;1.489521E-006
direct_peakw1;2614.500;2614.5000;143;286.00;0.000000E+000;1.118293E-006;0.000000E+000;0.000000E+000;0.000000E+000;0.000000E+000;1.118293E-006
direct_peakw1;2614.500;2614.5000;144;288.00;0.000000E+000;6.868584E-007;0.000000E+000;0.000000E+000;0.000000E+000;0.000000E+000;6.868584E-007
direct_peakw1;2614.500;2614.5000;145;290.00;0.000000E+000;1.296763E-006;0.000000E+000;0.000000E+000;0.000000E+000;0.000000E+000;1.296763E-006
direct_peakw1;2614.500;2614.5000;146;292.00;0.000000E+000;5.774573E-007;0.000000E+000;0.000000E+000;0.000000E+000;0.000000E+000;5.774573E-007
direct_peakw1;2614.500;2614.5000;147;294.00;0.000000E+000;9.847445E-007;0.000000E+000;0.000000E+000;0.000000E+000;0.000000E+000;9.847445E-007
direct_peakw1;2614.500;2614.5000;148;296.00;0.000000E+000;2.229778E-006;0.000000E+000;0.000000E+000;0.000000E+000;0.000000E+000;2.229778E-006
direct_peakw1;2614.500;2614.5000;149;298.00;0.000000E+000;7.854773E-007;0.000000E+000;0.000000E+000;0.000000E+000;0.000000E+000;7.854773E-007
direct_peakw1;2614.500;2614.5000;150;300.00;0.000000E+000;1.169739E-006;0.000000E+000;0.000000E+000;0.000000E+000;0.000000E+000;1.169739E-006
direct_peakw1;2614.500;2614.5000;151;302.00;0.000000E+000;1.191746E-006;0.000000E+000;0.000000E+000;0.000000E+000;0.000000E+000;1.191746E-006
direct_peakw1;2614.500;2614.5000;152;304.00;0.000000E+000;1.305181E-006;0.000000E+000;0.000000E+000;0.000000E+000;0.000000E+000;1.305181E-006
direct_peakw1;2614.500;2614.5000;153;306.00;0.000000E+000;3.358869E-007;0.000000E+000;0.000000E+000;0.000000E+000;0.000000E+000;3.358869E-007
direct_peakw1;2614.500;2614.5000;154;308.00;0.000000E+000;3.307797E-007;0.000000E+000;0.000000E+000;0.000000E+000;0.000000E+000;3.307797E-007
direct_peakw1;2614.500;2614.5000;155;310.00;0.000000E+000;4.145068E-007;0.000000E+000;0.000000E+000;0.000000E+000;0.000000E+000;4.145068E-007
direct_peakw1;2614.500;2614.5000;156;312.00;0.000000E+000;7.270926E-007;0.000000E+000;0.000000E+000;0.000000E+000;0.000000E+000;7.270926E-007
direct_peakw1;2614.500;2614.5000;157;314.00;0.000000E+000;1.820502E-006;0.000000E+000;0.000000E+000;0.000000E+000;0.000000E+000;1.820502E-006
direct_peakw1;2614.500;2614.5000;158;316.00;0.000000E+000;1.371232E-006;0.000000E+000;0.000000E+000;0.000000E+000;0.000000E+000;1.371232E-006
direct_peakw1;2614.500;2614.5000;159;318.00;0.000000E+000;9.236616E-007;0.000000E+000;0.000000E+000;0.000000E+000;0.000000E+000;9.236616E-007
direct_peakw1;2614.500;2614.5000;160;320.00;0.000000E+000;7.430051E-007;0.000000E+000;0.000000E+000;0.000000E+000;0.000000E+000;7.430051E-007
direct_peakw1;2614.500;2614.5000;161;322.00;0.000000E+000;8.347572E-007;0.000000E+000;0.000000E+000;0.000000E+000;0.000000E+000;8.347572E-007
direct_peakw1;2614.500;2614.5000;162;324.00;0.000000E+000;1.035843E-006;0.000000E+000;0.000000E+000;0.000000E+000;0.000000E+000;1.035843E-006
direct_peakw1;2614.500;2614.5000;163;326.00;0.000000E+000;4.763740E-007;0.000000E+000;0.000000E+000;0.000000E+000;0.000000E+000;4.763740E-007
direct_peakw1;2614.500;2614.5000;164;328.00;0.000000E+000;3.196924E-007;0.000000E+000;0.000000E+000;0.000000E+000;0.000000E+000;3.196924E-007
direct_peakw1;2614.500;2614.5000;165;330.00;0.000000E+000;1.320244E-006;0.000000E+000;0.000000E+000;0.000000E+000;0.000000E+000;1.320244E-006
direct_peakw1;2614.500;2614.5000;166;332.00;0.000000E+000;1.229727E-006;0.000000E+000;0.000000E+000;0.000000E+000;0.000000E+000;1.229727E-006
direct_peakw1;2614.500;2614.5000;167;334.00;0.000000E+000;1.116696E-006;0.000000E+000;0.000000E+000;0.000000E+000;0.000000E+000;1.116696E-006
direct_peakw1;2614.500;2614.5000;168;336.00;0.000000E+000;1.072943E-006;0.000000E+000;0.000000E+000;0.000000E+000;0.000000E+000;1.072943E-006
direct_peakw1;2614.500;2614.5000;169;338.00;0.000000E+000;1.444724E-006;0.000000E+000;0.000000E+000;0.000000E+000;0.000000E+000;1.444724E-006
direct_peakw1;2614.500;2614.5000;170;340.00;0.000000E+000;3.088481E-007;0.000000E+000;0.000000E+000;0.000000E+000;0.000000E+000;3.088481E-007
direct_peakw1;2614.500;2614.5000;171;342.00;0.000000E+000;5.068181E-007;0.000000E+000;0.000000E+000;0.000000E+000;0.000000E+000;5.068181E-007
direct_peakw1;2614.500;2614.5000;172;344.00;0.000000E+000;4.376935E-007;0.000000E+000;0.000000E+000;0.000000E+000;0.000000E+000;4.376935E-007
direct_peakw1;2614.500;2614.5000;173;346.00;0.000000E+000;1.248592E-006;0.000000E+000;0.000000E+000;0.000000E+000;0.000000E+000;1.248592E-006
direct_peakw1;2614.500;2614.5000;174;348.00;0.000000E+000;6.470484E-007;0.000000E+000;0.000000E+000;0.000000E+000;0.000000E+000;6.470484E-007
direct_peakw1;2614.500;2614.5000;175;350.00;0.000000E+000;0.000000E+000;0.000000E+000;0.000000E+000;0.000000E+000;0.000000E+000;0.000000E+000
direct_peakw1;2614.500;2614.5000;176;352.00;0.000000E+000;0.000000E+000;0.000000E+000;0.000000E+000;0.000000E+000;0.000000E+000;0.000000E+000
direct_peakw1;2614.500;2614.5000;177;354.00;0.000000E+000;0.000000E+000;0.000000E+000;0.000000E+000;0.000000E+000;0.000000E+000;0.000000E+000
direct_peakw1;2614.500;2614.5000;178;356.00;0.000000E+000;2.129924E-006;0.000000E+000;0.000000E+000;0.000000E+000;0.000000E+000;2.129924E-006
direct_peakw1;2614.500;2614.5000;179;358.00;0.000000E+000;4.457077E-007;0.000000E+000;0.000000E+000;0.000000E+000;0.000000E+000;4.457077E-007
direct_peakw1;2614.500;2614.5000;180;360.00;0.000000E+000;8.419503E-007;0.000000E+000;0.000000E+000;0.000000E+000;0.000000E+000;8.419503E-007
direct_peakw1;2614.500;2614.5000;181;362.00;0.000000E+000;2.490849E-007;0.000000E+000;0.000000E+000;0.000000E+000;0.000000E+000;2.490849E-007
direct_peakw1;2614.500;2614.5000;182;364.00;0.000000E+000;5.008793E-007;0.000000E+000;0.000000E+000;0.000000E+000;0.000000E+000;5.008793E-007
direct_peakw1;2614.500;2614.5000;183;366.00;0.000000E+000;1.752112E-006;0.000000E+000;0.000000E+000;0.000000E+000;0.000000E+000;1.752112E-006
direct_peakw1;2614.500;2614.5000;184;368.00;0.000000E+000;7.470084E-007;0.000000E+000;0.000000E+000;0.000000E+000;0.000000E+000;7.470084E-007
direct_peakw1;2614.500;2614.5000;185;370.00;0.000000E+000;3.264427E-007;0.000000E+000;0.000000E+000;0.000000E+000;0.000000E+000;3.264427E-007
direct_peakw1;2614.500;2614.5000;186;372.00;0.000000E+000;8.294219E-007;0.000000E+000;0.000000E+000;0.000000E+000;0.000000E+000;8.294219E-007
direct_peakw1;2614.500;2614.5000;187;374.00;0.000000E+000;3.248614E-007;0.000000E+000;0.000000E+000;0.000000E+000;0.000000E+000;3.248614E-007
direct_peakw1;2614.500;2614.5000;188;376.00;0.000000E+000;1.353349E-006;0.000000E+000;0.000000E+000;0.000000E+000;0.000000E+000;1.353349E-006
direct_peakw1;2614.500;2614.5000;189;378.00;0.000000E+000;1.102983E-006;0.000000E+000;0.000000E+000;0.000000E+000;0.000000E+000;1.102983E-006
direct_peakw1;2614.500;2614.5000;190;380.00;0.000000E+000;1.103889E-006;0.000000E+000;0.000000E+000;0.000000E+000;0.000000E+000;1.103889E-006
direct_peakw1;2614.500;2614.5000;191;382.00;0.000000E+000;7.127496E-007;0.000000E+000;0.000000E+000;0.000000E+000;0.000000E+000;7.127496E-007
direct_peakw1;2614.500;2614.5000;192;384.00;0.000000E+000;2.463034E-007;0.000000E+000;0.000000E+000;0.000000E+000;0.000000E+000;2.463034E-007
direct_peakw1;2614.500;2614.5000;193;386.00;0.000000E+000;1.166713E-007;0.000000E+000;0.000000E+000;0.000000E+000;0.000000E+000;1.166713E-007
direct_peakw1;2614.500;2614.5000;194;388.00;0.000000E+000;5.499954E-007;0.000000E+000;0.000000E+000;0.000000E+000;0.000000E+000;5.499954E-007
direct_peakw1;2614.500;2614.5000;195;390.00;0.000000E+000;8.993574E-007;0.000000E+000;0.000000E+000;0.000000E+000;0.000000E+000;8.993574E-007
direct_peakw1;2614.500;2614.5000;196;392.00;0.000000E+000;9.762548E-007;0.000000E+000;0.000000E+000;0.000000E+000;0.000000E+000;9.762548E-007
direct_peakw1;2614.500;2614.5000;197;394.00;0.000000E+000;1.509689E-006;0.000000E+000;0.000000E+000;0.000000E+000;0.000000E+000;1.509689E-006
direct_peakw1;2614.500;2614.5000;198;396.00;0.000000E+000;6.146986E-007;0.000000E+000;0.000000E+000;0.000000E+000;0.000000E+000;6.146986E-007
direct_peakw1;2614.500;2614.5000;199;398.00;0.000000E+000;0.000000E+000;0.000000E+000;0.000000E+000;0.000000E+000;0.000000E+000;0.000000E+000
direct_peakw1;2614.500;2614.5000;200;400.00;0.000000E+000;1.358503E-006;0.000000E+000;0.000000E+000;0.000000E+000;0.000000E+000;1.358503E-006
direct_peakw1;2614.500;2614.5000;201;402.00;0.000000E+000;6.414974E-007;0.000000E+000;0.000000E+000;0.000000E+000;0.000000E+000;6.414974E-007
direct_peakw1;2614.500;2614.5000;202;404.00;0.000000E+000;2.829095E-007;0.000000E+000;0.000000E+000;0.000000E+000;0.000000E+000;2.829095E-007
direct_peakw1;2614.500;2614.5000;203;406.00;0.000000E+000;7.170905E-007;0.000000E+000;0.000000E+000;0.000000E+000;0.000000E+000;7.170905E-007
direct_peakw1;2614.500;2614.5000;204;408.00;0.000000E+000;0.000000E+000;0.000000E+000;0.000000E+000;0.000000E+000;0.000000E+000;0.000000E+000
direct_peakw1;2614.500;2614.5000;205;410.00;0.000000E+000;1.848589E-006;0.000000E+000;0.000000E+000;0.000000E+000;0.000000E+000;1.848589E-006
direct_peakw1;2614.500;2614.5000;206;412.00;0.000000E+000;4.345973E-007;0.000000E+000;0.000000E+000;0.000000E+000;0.000000E+000;4.345973E-007
direct_peakw1;2614.500;2614.5000;207;414.00;0.000000E+000;1.716814E-006;0.000000E+000;0.000000E+000;0.000000E+000;0.000000E+000;1.716814E-006
direct_peakw1;2614.500;2614.5000;208;416.00;0.000000E+000;2.305383E-006;0.000000E+000;0.000000E+000;0.000000E+000;0.000000E+000;2.305383E-006
direct_peakw1;2614.500;2614.5000;209;418.00;0.000000E+000;1.480347E-006;0.000000E+000;0.000000E+000;0.000000E+000;0.000000E+000;1.480347E-006
direct_peakw1;2614.500;2614.5000;210;420.00;0.000000E+000;5.056376E-007;0.000000E+000;0.000000E+000;0.000000E+000;0.000000E+000;5.056376E-007
direct_peakw1;2614.500;2614.5000;211;422.00;0.000000E+000;7.091864E-007;0.000000E+000;0.000000E+000;0.000000E+000;0.000000E+000;7.091864E-007
direct_peakw1;2614.500;2614.5000;212;424.00;0.000000E+000;1.332780E-006;0.000000E+000;0.000000E+000;0.000000E+000;0.000000E+000;1.332780E-006
direct_peakw1;2614.500;2614.5000;213;426.00;0.000000E+000;0.000000E+000;0.000000E+000;0.000000E+000;0.000000E+000;0.000000E+000;0.000000E+000
direct_peakw1;2614.500;2614.5000;214;428.00;0.000000E+000;1.234886E-006;0.000000E+000;0.000000E+000;0.000000E+000;0.000000E+000;1.234886E-006
direct_peakw1;2614.500;2614.5000;215;430.00;0.000000E+000;1.415127E-006;0.000000E+000;0.000000E+000;0.000000E+000;0.000000E+000;1.415127E-006
direct_peakw1;2614.500;2614.5000;216;432.00;0.000000E+000;1.308699E-006;0.000000E+000;0.000000E+000;0.000000E+000;0.000000E+000;1.308699E-006
direct_peakw1;2614.500;2614.5000;217;434.00;0.000000E+000;1.544542E-007;0.000000E+000;0.000000E+000;0.000000E+000;0.000000E+000;1.544542E-007
direct_peakw1;2614.500;2614.5000;218;436.00;0.000000E+000;1.031641E-006;0.000000E+000;0.000000E+000;0.000000E+000;0.000000E+000;1.031641E-006
direct_peakw1;2614.500;2614.5000;219;438.00;0.000000E+000;1.569879E-006;0.000000E+000;0.000000E+000;0.000000E+000;0.000000E+000;1.569879E-006
direct_peakw1;2614.500;2614.5000;220;440.00;0.000000E+000;1.303382E-006;0.000000E+000;0.000000E+000;0.000000E+000;0.000000E+000;1.303382E-006
direct_peakw1;2614.500;2614.5000;221;442.00;0.000000E+000;1.315266E-006;0.000000E+000;0.000000E+000;0.000000E+000;0.000000E+000;1.315266E-006
direct_peakw1;2614.500;2614.5000;222;444.00;0.000000E+000;2.400913E-007;0.000000E+000;0.000000E+000;0.000000E+000;0.000000E+000;2.400913E-007
direct_peakw1;2614.500;2614.5000;223;446.00;0.000000E+000;1.335055E-006;0.000000E+000;0.000000E+000;0.000000E+000;0.000000E+000;1.335055E-006
direct_peakw1;2614.500;2614.5000;224;448.00;0.000000E+000;9.848553E-007;0.000000E+000;0.000000E+000;0.000000E+000;0.000000E+000;9.848553E-007
direct_peakw1;2614.500;2614.5000;225;450.00;0.000000E+000;1.106665E-006;0.000000E+000;0.000000E+000;0.000000E+000;0.000000E+000;1.106665E-006
direct_peakw1;2614.500;2614.5000;226;452.00;0.000000E+000;1.044322E-006;0.000000E+000;0.000000E+000;0.000000E+000;0.000000E+000;1.044322E-006
direct_peakw1;2614.500;2614.5000;227;454.00;0.000000E+000;5.407086E-007;0.000000E+000;0.000000E+000;0.000000E+000;0.000000E+000;5.407086E-007
direct_peakw1;2614.500;2614.5000;228;456.00;0.000000E+000;1.916763E-006;0.000000E+000;0.000000E+000;0.000000E+000;0.000000E+000;1.916763E-006
direct_peakw1;2614.500;2614.5000;229;458.00;0.000000E+000;9.086811E-007;0.000000E+000;0.000000E+000;0.000000E+000;0.000000E+000;9.086811E-007
direct_peakw1;2614.500;2614.5000;230;460.00;0.000000E+000;9.228585E-007;0.000000E+000;0.000000E+000;0.000000E+000;0.000000E+000;9.228585E-007
direct_peakw1;2614.500;2614.5000;231;462.00;0.000000E+000;3.064259E-007;0.000000E+000;0.000000E+000;0.000000E+000;0.000000E+000;3.064259E-007
direct_peakw1;2614.500;2614.5000;232;464.00;0.000000E+000;1.345405E-006;0.000000E+000;0.000000E+000;0.000000E+000;0.000000E+000;1.345405E-006
direct_peakw1;2614.500;2614.5000;233;466.00;0.000000E+000;9.354171E-007;0.000000E+000;0.000000E+000;0.000000E+000;0.000000E+000;9.354171E-007
direct_peakw1;2614.500;2614.5000;234;468.00;0.000000E+000;1.079419E-006;0.000000E+000;0.000000E+000;0.000000E+000;0.000000E+000;1.079419E-006
direct_peakw1;2614.500;2614.5000;235;470.00;0.000000E+000;6.677355E-007;0.000000E+000;0.000000E+000;0.000000E+000;0.000000E+000;6.677355E-007
direct_peakw1;2614.500;2614.5000;236;472.00;0.000000E+000;9.989311E-007;0.000000E+000;0.000000E+000;0.000000E+000;0.000000E+000;9.989311E-007
direct_peakw1;2614.500;2614.5000;237;474.00;0.000000E+000;4.478268E-007;0.000000E+000;0.000000E+000;0.000000E+000;0.000000E+000;4.478268E-007
direct_peakw1;2614.500;2614.5000;238;476.00;0.000000E+000;1.273686E-006;0.000000E+000;0.000000E+000;0.000000E+000;0.000000E+000;1.273686E-006
direct_peakw1;2614.500;2614.5000;239;478.00;0.000000E+000;1.330459E-006;0.000000E+000;0.000000E+000;0.000000E+000;0.000000E+000;1.330459E-006
direct_peakw1;2614.500;2614.5000;240;480.00;0.000000E+000;1.614694E-006;0.000000E+000;0.000000E+000;0.000000E+000;0.000000E+000;1.614694E-006
direct_peakw1;2614.500;2614.5000;241;482.00;0.000000E+000;1.168489E-006;0.000000E+000;0.000000E+000;0.000000E+000;0.000000E+000;1.168489E-006
direct_peakw1;2614.500;2614.5000;242;484.00;0.000000E+000;1.164845E-006;0.000000E+000;0.000000E+000;0.000000E+000;0.000000E+000;1.164845E-006
direct_peakw1;2614.500;2614.5000;243;486.00;0.000000E+000;9.337816E-007;0.000000E+000;0.000000E+000;0.000000E+000;0.000000E+000;9.337816E-007
direct_peakw1;2614.500;2614.5000;244;488.00;0.000000E+000;3.995517E-007;0.000000E+000;0.000000E+000;0.000000E+000;0.000000E+000;3.995517E-007
direct_peakw1;2614.500;2614.5000;245;490.00;0.000000E+000;5.259306E-007;0.000000E+000;0.000000E+000;0.000000E+000;0.000000E+000;5.259306E-007
direct_peakw1;2614.500;2614.5000;246;492.00;0.000000E+000;8.074027E-007;0.000000E+000;0.000000E+000;0.000000E+000;0.000000E+000;8.074027E-007
direct_peakw1;2614.500;2614.5000;247;494.00;0.000000E+000;1.955049E-007;0.000000E+000;0.000000E+000;0.000000E+000;0.000000E+000;1.955049E-007
direct_peakw1;2614.500;2614.5000;248;496.00;0.000000E+000;6.680806E-007;0.000000E+000;0.000000E+000;0.000000E+000;0.000000E+000;6.680806E-007
direct_peakw1;2614.500;2614.5000;249;498.00;0.000000E+000;1.136415E-006;0.000000E+000;0.000000E+000;0.000000E+000;0.000000E+000;1.136415E-006
direct_peakw1;2614.500;2614.5000;250;500.00;0.000000E+000;9.346725E-007;0.000000E+000;0.000000E+000;0.000000E+000;0.000000E+000;9.346725E-007
direct_peakw1;2614.500;2614.5000;251;502.00;0.000000E+000;1.398661E-006;0.000000E+000;0.000000E+000;0.000000E+000;0.000000E+000;1.398661E-006
direct_peakw1;2614.500;2614.5000;252;504.00;0.000000E+000;2.655482E-007;0.000000E+000;0.000000E+000;0.000000E+000;0.000000E+000;2.655482E-007
direct_peakw1;2614.500;2614.5000;253;506.00;0.000000E+000;1.241891E-007;0.000000E+000;0.000000E+000;0.000000E+000;0.000000E+000;1.241891E-007
direct_peakw1;2614.500;2614.5000;254;508.00;0.000000E+000;2.769293E-007;0.000000E+000;0.000000E+000;0.000000E+000;0.000000E+000;2.769293E-007
direct_peakw1;2614.500;2614.5000;255;510.00;0.000000E+000;4.826419E-007;0.000000E+000;0.000000E+000;0.000000E+000;0.000000E+000;4.826419E-007
direct_peakw1;2614.500;2614.5000;256;512.00;0.000000E+000;1.572396E-006;0.000000E+000;0.000000E+000;0.000000E+000;0.000000E+000;1.572396E-006
direct_peakw1;2614.500;2614.5000;257;514.00;0.000000E+000;2.278295E-006;0.000000E+000;0.000000E+000;0.000000E+000;0.000000E+000;2.278295E-006
direct_peakw1;2614.500;2614.5000;258;516.00;0.000000E+000;1.631563E-006;0.000000E+000;0.000000E+000;0.000000E+000;0.000000E+000;1.631563E-006
direct_peakw1;2614.500;2614.5000;259;518.00;0.000000E+000;9.396986E-007;0.000000E+000;0.000000E+000;0.000000E+000;0.000000E+000;9.396986E-007
direct_peakw1;2614.500;2614.5000;260;520.00;0.000000E+000;9.540529E-008;0.000000E+000;0.000000E+000;0.000000E+000;0.000000E+000;9.540529E-008
direct_peakw1;2614.500;2614.5000;261;522.00;0.000000E+000;5.885163E-007;0.000000E+000;0.000000E+000;0.000000E+000;0.000000E+000;5.885163E-007
direct_peakw1;2614.500;2614.5000;262;524.00;0.000000E+000;1.033116E-006;0.000000E+000;0.000000E+000;0.000000E+000;0.000000E+000;1.033116E-006
direct_peakw1;2614.500;2614.5000;263;526.00;0.000000E+000;5.257830E-007;0.000000E+000;0.000000E+000;0.000000E+000;0.000000E+000;5.257830E-007
direct_peakw1;2614.500;2614.5000;264;528.00;0.000000E+000;8.525844E-007;0.000000E+000;0.000000E+000;0.000000E+000;0.000000E+000;8.525844E-007
direct_peakw1;2614.500;2614.5000;265;530.00;0.000000E+000;0.000000E+000;0.000000E+000;0.000000E+000;0.000000E+000;0.000000E+000;0.000000E+000
direct_peakw1;2614.500;2614.5000;266;532.00;0.000000E+000;9.542249E-007;0.000000E+000;0.000000E+000;0.000000E+000;0.000000E+000;9.542249E-007
direct_peakw1;2614.500;2614.5000;267;534.00;0.000000E+000;2.212566E-006;0.000000E+000;0.000000E+000;0.000000E+000;0.000000E+000;2.212566E-006
direct_peakw1;2614.500;2614.5000;268;536.00;0.000000E+000;4.095291E-007;0.000000E+000;0.000000E+000;0.000000E+000;0.000000E+000;4.095291E-007
direct_peakw1;2614.500;2614.5000;269;538.00;0.000000E+000;9.034630E-008;0.000000E+000;0.000000E+000;0.000000E+000;0.000000E+000;9.034630E-008
direct_peakw1;2614.500;2614.5000;270;540.00;0.000000E+000;8.316995E-007;0.000000E+000;0.000000E+000;0.000000E+000;0.000000E+000;8.316995E-007
direct_peakw1;2614.500;2614.5000;271;542.00;0.000000E+000;1.683004E-007;0.000000E+000;0.000000E+000;0.000000E+000;0.000000E+000;1.683004E-007
direct_peakw1;2614.500;2614.5000;272;544.00;0.000000E+000;8.693818E-007;0.000000E+000;0.000000E+000;0.000000E+000;0.000000E+000;8.693818E-007
direct_peakw1;2614.500;2614.5000;273;546.00;0.000000E+000;7.548647E-007;0.000000E+000;0.000000E+000;0.000000E+000;0.000000E+000;7.548647E-007
direct_peakw1;2614.500;2614.5000;274;548.00;0.000000E+000;4.242007E-008;0.000000E+000;0.000000E+000;0.000000E+000;0.000000E+000;4.242007E-008
direct_peakw1;2614.500;2614.5000;275;550.00;0.000000E+000;0.000000E+000;0.000000E+000;0.000000E+000;0.000000E+000;0.000000E+000;0.000000E+000
direct_peakw1;2614.500;2614.5000;276;552.00;0.000000E+000;1.053443E-006;0.000000E+000;0.000000E+000;0.000000E+000;0.000000E+000;1.053443E-006
direct_peakw1;2614.500;2614.5000;277;554.00;0.000000E+000;1.057340E-006;0.000000E+000;0.000000E+000;0.000000E+000;0.000000E+000;1.057340E-006
direct_peakw1;2614.500;2614.5000;278;556.00;0.000000E+000;2.546963E-006;0.000000E+000;0.000000E+000;0.000000E+000;0.000000E+000;2.546963E-006
direct_peakw1;2614.500;2614.5000;279;558.00;0.000000E+000;1.795507E-006;0.000000E+000;0.000000E+000;0.000000E+000;0.000000E+000;1.795507E-006
direct_peakw1;2614.500;2614.5000;280;560.00;0.000000E+000;4.225050E-007;0.000000E+000;0.000000E+000;0.000000E+000;0.000000E+000;4.225050E-007
direct_peakw1;2614.500;2614.5000;281;562.00;0.000000E+000;4.242673E-007;0.000000E+000;0.000000E+000;0.000000E+000;0.000000E+000;4.242673E-007
direct_peakw1;2614.500;2614.5000;282;564.00;0.000000E+000;1.652490E-007;0.000000E+000;0.000000E+000;0.000000E+000;0.000000E+000;1.652490E-007
direct_peakw1;2614.500;2614.5000;283;566.00;0.000000E+000;2.534726E-006;0.000000E+000;0.000000E+000;0.000000E+000;0.000000E+000;2.534726E-006
direct_peakw1;2614.500;2614.5000;284;568.00;0.000000E+000;1.525135E-006;0.000000E+000;0.000000E+000;0.000000E+000;0.000000E+000;1.525135E-006
direct_peakw1;2614.500;2614.5000;285;570.00;0.000000E+000;1.187544E-006;0.000000E+000;0.000000E+000;0.000000E+000;0.000000E+000;1.187544E-006
direct_peakw1;2614.500;2614.5000;286;572.00;0.000000E+000;3.337569E-007;0.000000E+000;0.000000E+000;0.000000E+000;0.000000E+000;3.337569E-007
direct_peakw1;2614.500;2614.5000;287;574.00;0.000000E+000;7.164574E-007;0.000000E+000;0.000000E+000;0.000000E+000;0.000000E+000;7.164574E-007
direct_peakw1;2614.500;2614.5000;288;576.00;0.000000E+000;1.313663E-006;0.000000E+000;0.000000E+000;0.000000E+000;0.000000E+000;1.313663E-006
direct_peakw1;2614.500;2614.5000;289;578.00;0.000000E+000;5.857523E-007;0.000000E+000;0.000000E+000;0.000000E+000;0.000000E+000;5.857523E-007
direct_peakw1;2614.500;2614.5000;290;580.00;0.000000E+000;6.710246E-007;0.000000E+000;0.000000E+000;0.000000E+000;0.000000E+000;6.710246E-007
direct_peakw1;2614.500;2614.5000;291;582.00;0.000000E+000;6.422642E-008;0.000000E+000;0.000000E+000;0.000000E+000;0.000000E+000;6.422642E-008
direct_peakw1;2614.500;2614.5000;292;584.00;0.000000E+000;6.024403E-007;0.000000E+000;0.000000E+000;0.000000E+000;0.000000E+000;6.024403E-007
direct_peakw1;2614.500;2614.5000;293;586.00;0.000000E+000;3.253543E-007;0.000000E+000;0.000000E+000;0.000000E+000;0.000000E+000;3.253543E-007
direct_peakw1;2614.500;2614.5000;294;588.00;0.000000E+000;1.724237E-006;0.000000E+000;0.000000E+000;0.000000E+000;0.000000E+000;1.724237E-006
direct_peakw1;2614.500;2614.5000;295;590.00;0.000000E+000;2.837416E-007;0.000000E+000;0.000000E+000;0.000000E+000;0.000000E+000;2.837416E-007
direct_peakw1;2614.500;2614.5000;296;592.00;0.000000E+000;1.942860E-007;0.000000E+000;0.000000E+000;0.000000E+000;0.000000E+000;1.942860E-007
direct_peakw1;2614.500;2614.5000;297;594.00;0.000000E+000;2.000915E-006;0.000000E+000;0.000000E+000;0.000000E+000;0.000000E+000;2.000915E-006
direct_peakw1;2614.500;2614.5000;298;596.00;0.000000E+000;9.660156E-007;0.000000E+000;0.000000E+000;0.000000E+000;0.000000E+000;9.660156E-007
direct_peakw1;2614.500;2614.5000;299;598.00;0.000000E+000;1.721167E-007;0.000000E+000;0.000000E+000;0.000000E+000;0.000000E+000;1.721167E-007
direct_peakw1;2614.500;2614.5000;300;600.00;0.000000E+000;7.192080E-007;0.000000E+000;0.000000E+000;0.000000E+000;0.000000E+000;7.192080E-007
direct_peakw1;2614.500;2614.5000;301;602.00;0.000000E+000;1.947459E-006;0.000000E+000;0.000000E+000;0.000000E+000;0.000000E+000;1.947459E-006
direct_peakw1;2614.500;2614.5000;302;604.00;0.000000E+000;0.000000E+000;0.000000E+000;0.000000E+000;0.000000E+000;0.000000E+000;0.000000E+000
direct_peakw1;2614.500;2614.5000;303;606.00;0.000000E+000;1.522561E-007;0.000000E+000;0.000000E+000;0.000000E+000;0.000000E+000;1.522561E-007
direct_peakw1;2614.500;2614.5000;304;608.00;0.000000E+000;1.866414E-007;0.000000E+000;0.000000E+000;0.000000E+000;0.000000E+000;1.866414E-007
direct_peakw1;2614.500;2614.5000;305;610.00;0.000000E+000;1.396481E-006;0.000000E+000;0.000000E+000;0.000000E+000;0.000000E+000;1.396481E-006
direct_peakw1;2614.500;2614.5000;306;612.00;0.000000E+000;3.414718E-007;0.000000E+000;0.000000E+000;0.000000E+000;0.000000E+000;3.414718E-007
direct_peakw1;2614.500;2614.5000;307;614.00;0.000000E+000;2.323316E-006;0.000000E+000;0.000000E+000;0.000000E+000;0.000000E+000;2.323316E-006
direct_peakw1;2614.500;2614.5000;308;616.00;0.000000E+000;9.578361E-007;0.000000E+000;0.000000E+000;0.000000E+000;0.000000E+000;9.578361E-007
direct_peakw1;2614.500;2614.5000;309;618.00;0.000000E+000;3.086645E-007;0.000000E+000;0.000000E+000;0.000000E+000;0.000000E+000;3.086645E-007
direct_peakw1;2614.500;2614.5000;310;620.00;0.000000E+000;0.000000E+000;0.000000E+000;0.000000E+000;0.000000E+000;0.000000E+000;0.000000E+000
direct_peakw1;2614.500;2614.5000;311;622.00;0.000000E+000;4.080661E-007;0.000000E+000;0.000000E+000;0.000000E+000;0.000000E+000;4.080661E-007
direct_peakw1;2614.500;2614.5000;312;624.00;0.000000E+000;1.066500E-006;0.000000E+000;0.000000E+000;0.000000E+000;0.000000E+000;1.066500E-006
direct_peakw1;2614.500;2614.5000;313;626.00;0.000000E+000;1.610138E-006;0.000000E+000;0.000000E+000;0.000000E+000;0.000000E+000;1.610138E-006
direct_peakw1;2614.500;2614.5000;314;628.00;0.000000E+000;2.486289E-007;0.000000E+000;0.000000E+000;0.000000E+000;0.000000E+000;2.486289E-007
direct_peakw1;2614.500;2614.5000;315;630.00;0.000000E+000;1.159764E-006;0.000000E+000;0.000000E+000;0.000000E+000;0.000000E+000;1.159764E-006
direct_peakw1;2614.500;2614.5000;316;632.00;0.000000E+000;2.558500E-006;0.000000E+000;0.000000E+000;0.000000E+000;0.000000E+000;2.558500E-006
direct_peakw1;2614.500;2614.5000;317;634.00;0.000000E+000;1.156498E-006;0.000000E+000;0.000000E+000;0.000000E+000;0.000000E+000;1.156498E-006
direct_peakw1;2614.500;2614.5000;318;636.00;0.000000E+000;7.875112E-007;0.000000E+000;0.000000E+000;0.000000E+000;0.000000E+000;7.875112E-007
direct_peakw1;2614.500;2614.5000;319;638.00;0.000000E+000;4.394122E-009;0.000000E+000;0.000000E+000;0.000000E+000;0.000000E+000;4.394122E-009
direct_peakw1;2614.500;2614.5000;320;640.00;0.000000E+000;5.060069E-007;0.000000E+000;0.000000E+000;0.000000E+000;0.000000E+000;5.060069E-007
direct_peakw1;2614.500;2614.5000;321;642.00;0.000000E+000;1.381149E-006;0.000000E+000;0.000000E+000;0.000000E+000;0.000000E+000;1.381149E-006
direct_peakw1;2614.500;2614.5000;322;644.00;0.000000E+000;7.795110E-007;0.000000E+000;0.000000E+000;0.000000E+000;0.000000E+000;7.795110E-007
direct_peakw1;2614.500;2614.5000;323;646.00;0.000000E+000;8.243061E-007;0.000000E+000;0.000000E+000;0.000000E+000;0.000000E+000;8.243061E-007
direct_peakw1;2614.500;2614.5000;324;648.00;0.000000E+000;2.560991E-006;0.000000E+000;0.000000E+000;0.000000E+000;0.000000E+000;2.560991E-006
direct_peakw1;2614.500;2614.5000;325;650.00;0.000000E+000;9.480365E-007;0.000000E+000;0.000000E+000;0.000000E+000;0.000000E+000;9.480365E-007
direct_peakw1;2614.500;2614.5000;326;652.00;0.000000E+000;8.403300E-007;0.000000E+000;0.000000E+000;0.000000E+000;0.000000E+000;8.403300E-007
direct_peakw1;2614.500;2614.5000;327;654.00;0.000000E+000;1.596700E-007;0.000000E+000;0.000000E+000;0.000000E+000;0.000000E+000;1.596700E-007
direct_peakw1;2614.500;2614.5000;328;656.00;0.000000E+000;1.912920E-007;0.000000E+000;0.000000E+000;0.000000E+000;0.000000E+000;1.912920E-007
direct_peakw1;2614.500;2614.5000;329;658.00;0.000000E+000;1.475375E-006;0.000000E+000;0.000000E+000;0.000000E+000;0.000000E+000;1.475375E-006
direct_peakw1;2614.500;2614.5000;330;660.00;0.000000E+000;3.614094E-007;0.000000E+000;0.000000E+000;0.000000E+000;0.000000E+000;3.614094E-007
direct_peakw1;2614.500;2614.5000;331;662.00;0.000000E+000;9.719239E-007;0.000000E+000;0.000000E+000;0.000000E+000;0.000000E+000;9.719239E-007
direct_peakw1;2614.500;2614.5000;332;664.00;0.000000E+000;0.000000E+000;0.000000E+000;0.000000E+000;0.000000E+000;0.000000E+000;0.000000E+000
direct_peakw1;2614.500;2614.5000;333;666.00;0.000000E+000;1.344236E-006;0.000000E+000;0.000000E+000;0.000000E+000;0.000000E+000;1.344236E-006
direct_peakw1;2614.500;2614.5000;334;668.00;0.000000E+000;2.340731E-006;0.000000E+000;0.000000E+000;0.000000E+000;0.000000E+000;2.340731E-006
direct_peakw1;2614.500;2614.5000;335;670.00;0.000000E+000;5.124524E-007;0.000000E+000;0.000000E+000;0.000000E+000;0.000000E+000;5.124524E-007
direct_peakw1;2614.500;2614.5000;336;672.00;0.000000E+000;1.079207E-006;0.000000E+000;0.000000E+000;0.000000E+000;0.000000E+000;1.079207E-006
direct_peakw1;2614.500;2614.5000;337;674.00;0.000000E+000;2.871154E-007;0.000000E+000;0.000000E+000;0.000000E+000;0.000000E+000;2.871154E-007
direct_peakw1;2614.500;2614.5000;338;676.00;0.000000E+000;1.029244E-007;0.000000E+000;0.000000E+000;0.000000E+000;0.000000E+000;1.029244E-007
direct_peakw1;2614.500;2614.5000;339;678.00;0.000000E+000;1.329741E-006;0.000000E+000;0.000000E+000;0.000000E+000;0.000000E+000;1.329741E-006
direct_peakw1;2614.500;2614.5000;340;680.00;0.000000E+000;3.176600E-006;0.000000E+000;0.000000E+000;0.000000E+000;0.000000E+000;3.176600E-006
direct_peakw1;2614.500;2614.5000;341;682.00;0.000000E+000;1.571682E-006;0.000000E+000;0.000000E+000;0.000000E+000;0.000000E+000;1.571682E-006
direct_peakw1;2614.500;2614.5000;342;684.00;0.000000E+000;1.263314E-006;0.000000E+000;0.000000E+000;0.000000E+000;0.000000E+000;1.263314E-006
direct_peakw1;2614.500;2614.5000;343;686.00;0.000000E+000;3.253294E-007;0.000000E+000;0.000000E+000;0.000000E+000;0.000000E+000;3.253294E-007
direct_peakw1;2614.500;2614.5000;344;688.00;0.000000E+000;0.000000E+000;0.000000E+000;0.000000E+000;0.000000E+000;0.000000E+000;0.000000E+000
direct_peakw1;2614.500;2614.5000;345;690.00;0.000000E+000;6.098190E-007;0.000000E+000;0.000000E+000;0.000000E+000;0.000000E+000;6.098190E-007
direct_peakw1;2614.500;2614.5000;346;692.00;0.000000E+000;9.524832E-007;0.000000E+000;0.000000E+000;0.000000E+000;0.000000E+000;9.524832E-007
direct_peakw1;2614.500;2614.5000;347;694.00;0.000000E+000;1.043645E-007;0.000000E+000;0.000000E+000;0.000000E+000;0.000000E+000;1.043645E-007
direct_peakw1;2614.500;2614.5000;348;696.00;0.000000E+000;2.873699E-008;0.000000E+000;0.000000E+000;0.000000E+000;0.000000E+000;2.873699E-008
direct_peakw1;2614.500;2614.5000;349;698.00;0.000000E+000;4.386977E-007;0.000000E+000;0.000000E+000;0.000000E+000;0.000000E+000;4.386977E-007
direct_peakw1;2614.500;2614.5000;350;700.00;0.000000E+000;1.282019E-006;0.000000E+000;0.000000E+000;0.000000E+000;0.000000E+000;1.282019E-006
direct_peakw1;2614.500;2614.5000;351;702.00;0.000000E+000;4.604174E-007;0.000000E+000;0.000000E+000;0.000000E+000;0.000000E+000;4.604174E-007
direct_peakw1;2614.500;2614.5000;352;704.00;0.000000E+000;1.234620E-007;0.000000E+000;0.000000E+000;0.000000E+000;0.000000E+000;1.234620E-007
direct_peakw1;2614.500;2614.5000;353;706.00;0.000000E+000;1.645958E-006;0.000000E+000;0.000000E+000;0.000000E+000;0.000000E+000;1.645958E-006
direct_peakw1;2614.500;2614.5000;354;708.00;0.000000E+000;1.004645E-006;0.000000E+000;0.000000E+000;0.000000E+000;0.000000E+000;1.004645E-006
direct_peakw1;2614.500;2614.5000;355;710.00;0.000000E+000;4.075510E-007;0.000000E+000;0.000000E+000;0.000000E+000;0.000000E+000;4.075510E-007
direct_peakw1;2614.500;2614.5000;356;712.00;0.000000E+000;1.642714E-006;0.000000E+000;0.000000E+000;0.000000E+000;0.000000E+000;1.642714E-006
direct_peakw1;2614.500;2614.5000;357;714.00;0.000000E+000;2.991309E-007;0.000000E+000;0.000000E+000;0.000000E+000;0.000000E+000;2.991309E-007
direct_peakw1;2614.500;2614.5000;358;716.00;0.000000E+000;7.972726E-007;0.000000E+000;0.000000E+000;0.000000E+000;0.000000E+000;7.972726E-007
direct_peakw1;2614.500;2614.5000;359;718.00;0.000000E+000;9.871819E-007;0.000000E+000;0.000000E+000;0.000000E+000;0.000000E+000;9.871819E-007
direct_peakw1;2614.500;2614.5000;360;720.00;0.000000E+000;2.155455E-007;0.000000E+000;0.000000E+000;0.000000E+000;0.000000E+000;2.155455E-007
direct_peakw1;2614.500;2614.5000;361;722.00;0.000000E+000;2.480102E-007;0.000000E+000;0.000000E+000;2.480102E-007;0.000000E+000;4.960203E-007
direct_peakw1;2614.500;2614.5000;362;724.00;0.000000E+000;4.976968E-007;0.000000E+000;0.000000E+000;8.532317E-008;0.000000E+000;5.830200E-007
direct_peakw1;2614.500;2614.5000;363;726.00;0.000000E+000;2.542930E-007;0.000000E+000;0.000000E+000;0.000000E+000;0.000000E+000;2.542930E-007
direct_peakw1;2614.500;2614.5000;364;728.00;0.000000E+000;0.000000E+000;0.000000E+000;0.000000E+000;0.000000E+000;0.000000E+000;0.000000E+000
direct_peakw1;2614.500;2614.5000;365;730.00;0.000000E+000;3.263760E-007;0.000000E+000;0.000000E+000;0.000000E+000;0.000000E+000;3.263760E-007
direct_peakw1;2614.500;2614.5000;366;732.00;0.000000E+000;3.402907E-007;0.000000E+000;0.000000E+000;0.000000E+000;0.000000E+000;3.402907E-007
direct_peakw1;2614.500;2614.5000;367;734.00;0.000000E+000;1.998978E-007;0.000000E+000;0.000000E+000;0.000000E+000;0.000000E+000;1.998978E-007
direct_peakw1;2614.500;2614.5000;368;736.00;0.000000E+000;1.074350E-006;0.000000E+000;0.000000E+000;0.000000E+000;0.000000E+000;1.074350E-006
direct_peakw1;2614.500;2614.5000;369;738.00;0.000000E+000;1.675371E-006;0.000000E+000;0.000000E+000;3.183655E-007;0.000000E+000;1.993737E-006
direct_peakw1;2614.500;2614.5000;370;740.00;0.000000E+000;5.734419E-007;0.000000E+000;0.000000E+000;1.496781E-008;0.000000E+000;5.884097E-007
direct_peakw1;2614.500;2614.5000;371;742.00;0.000000E+000;1.436057E-007;0.000000E+000;0.000000E+000;0.000000E+000;0.000000E+000;1.436057E-007
direct_peakw1;2614.500;2614.5000;372;744.00;0.000000E+000;1.803122E-006;0.000000E+000;0.000000E+000;0.000000E+000;0.000000E+000;1.803122E-006
direct_peakw1;2614.500;2614.5000;373;746.00;0.000000E+000;1.146752E-006;0.000000E+000;0.000000E+000;0.000000E+000;0.000000E+000;1.146752E-006
direct_peakw1;2614.500;2614.5000;374;748.00;0.000000E+000;7.167931E-007;0.000000E+000;0.000000E+000;0.000000E+000;0.000000E+000;7.167931E-007
direct_peakw1;2614.500;2614.5000;375;750.00;0.000000E+000;2.073994E-006;0.000000E+000;0.000000E+000;0.000000E+000;0.000000E+000;2.073994E-006
direct_peakw1;2614.500;2614.5000;376;752.00;0.000000E+000;8.592227E-007;0.000000E+000;0.000000E+000;0.000000E+000;0.000000E+000;8.592227E-007
direct_peakw1;2614.500;2614.5000;377;754.00;0.000000E+000;1.904527E-006;0.000000E+000;0.000000E+000;0.000000E+000;0.000000E+000;1.904527E-006
direct_peakw1;2614.500;2614.5000;378;756.00;0.000000E+000;2.310776E-006;0.000000E+000;0.000000E+000;0.000000E+000;0.000000E+000;2.310776E-006
direct_peakw1;2614.500;2614.5000;379;758.00;0.000000E+000;9.087308E-007;0.000000E+000;0.000000E+000;0.000000E+000;0.000000E+000;9.087308E-007
direct_peakw1;2614.500;2614.5000;380;760.00;0.000000E+000;2.760821E-007;0.000000E+000;0.000000E+000;0.000000E+000;0.000000E+000;2.760821E-007
direct_peakw1;2614.500;2614.5000;381;762.00;0.000000E+000;6.694298E-007;0.000000E+000;0.000000E+000;0.000000E+000;0.000000E+000;6.694298E-007
direct_peakw1;2614.500;2614.5000;382;764.00;0.000000E+000;1.324180E-006;0.000000E+000;0.000000E+000;0.000000E+000;0.000000E+000;1.324180E-006
direct_peakw1;2614.500;2614.5000;383;766.00;0.000000E+000;2.892560E-007;0.000000E+000;0.000000E+000;0.000000E+000;0.000000E+000;2.892560E-007
direct_peakw1;2614.500;2614.5000;384;768.00;0.000000E+000;9.619623E-007;0.000000E+000;0.000000E+000;0.000000E+000;0.000000E+000;9.619623E-007
direct_peakw1;2614.500;2614.5000;385;770.00;0.000000E+000;1.088506E-006;0.000000E+000;0.000000E+000;0.000000E+000;0.000000E+000;1.088506E-006
direct_peakw1;2614.500;2614.5000;386;772.00;0.000000E+000;3.294850E-007;0.000000E+000;0.000000E+000;0.000000E+000;0.000000E+000;3.294850E-007
direct_peakw1;2614.500;2614.5000;387;774.00;0.000000E+000;6.705150E-007;0.000000E+000;0.000000E+000;0.000000E+000;0.000000E+000;6.705150E-007
direct_peakw1;2614.500;2614.5000;388;776.00;0.000000E+000;1.144502E-006;0.000000E+000;0.000000E+000;0.000000E+000;0.000000E+000;1.144502E-006
direct_peakw1;2614.500;2614.5000;389;778.00;0.000000E+000;1.888318E-007;0.000000E+000;0.000000E+000;0.000000E+000;0.000000E+000;1.888318E-007
direct_peakw1;2614.500;2614.5000;390;780.00;0.000000E+000;6.235801E-007;0.000000E+000;0.000000E+000;0.000000E+000;0.000000E+000;6.235801E-007
direct_peakw1;2614.500;2614.5000;391;782.00;0.000000E+000;1.043087E-006;0.000000E+000;0.000000E+000;0.000000E+000;0.000000E+000;1.043087E-006
direct_peakw1;2614.500;2614.5000;392;784.00;0.000000E+000;1.833883E-006;0.000000E+000;0.000000E+000;0.000000E+000;0.000000E+000;1.833883E-006
direct_peakw1;2614.500;2614.5000;393;786.00;0.000000E+000;1.203559E-006;0.000000E+000;0.000000E+000;0.000000E+000;0.000000E+000;1.203559E-006
direct_peakw1;2614.500;2614.5000;394;788.00;0.000000E+000;6.292254E-007;0.000000E+000;0.000000E+000;0.000000E+000;0.000000E+000;6.292254E-007
direct_peakw1;2614.500;2614.5000;395;790.00;0.000000E+000;1.208676E-006;0.000000E+000;0.000000E+000;0.000000E+000;0.000000E+000;1.208676E-006
direct_peakw1;2614.500;2614.5000;396;792.00;0.000000E+000;1.914751E-006;0.000000E+000;0.000000E+000;0.000000E+000;0.000000E+000;1.914751E-006
direct_peakw1;2614.500;2614.5000;397;794.00;0.000000E+000;1.449255E-006;0.000000E+000;0.000000E+000;0.000000E+000;0.000000E+000;1.449255E-006
direct_peakw1;2614.500;2614.5000;398;796.00;0.000000E+000;9.501329E-007;0.000000E+000;0.000000E+000;0.000000E+000;0.000000E+000;9.501329E-007
direct_peakw1;2614.500;2614.5000;399;798.00;0.000000E+000;3.559978E-007;0.000000E+000;0.000000E+000;0.000000E+000;0.000000E+000;3.559978E-007
direct_peakw1;2614.500;2614.5000;400;800.00;0.000000E+000;1.211875E-007;0.000000E+000;0.000000E+000;0.000000E+000;0.000000E+000;1.211875E-007
direct_peakw1;2614.500;2614.5000;401;802.00;0.000000E+000;6.664951E-008;0.000000E+000;0.000000E+000;0.000000E+000;0.000000E+000;6.664951E-008
direct_peakw1;2614.500;2614.5000;402;804.00;0.000000E+000;9.373657E-007;0.000000E+000;0.000000E+000;0.000000E+000;0.000000E+000;9.373657E-007
direct_peakw1;2614.500;2614.5000;403;806.00;0.000000E+000;1.486757E-006;0.000000E+000;0.000000E+000;0.000000E+000;0.000000E+000;1.486757E-006
direct_peakw1;2614.500;2614.5000;404;808.00;0.000000E+000;1.468934E-006;0.000000E+000;0.000000E+000;0.000000E+000;0.000000E+000;1.468934E-006
direct_peakw1;2614.500;2614.5000;405;810.00;0.000000E+000;1.706961E-006;0.000000E+000;0.000000E+000;0.000000E+000;0.000000E+000;1.706961E-006
direct_peakw1;2614.500;2614.5000;406;812.00;0.000000E+000;8.556992E-008;0.000000E+000;0.000000E+000;0.000000E+000;0.000000E+000;8.556992E-008
direct_peakw1;2614.500;2614.5000;407;814.00;0.000000E+000;1.116078E-006;0.000000E+000;0.000000E+000;0.000000E+000;0.000000E+000;1.116078E-006
direct_peakw1;2614.500;2614.5000;408;816.00;0.000000E+000;2.191803E-007;0.000000E+000;0.000000E+000;0.000000E+000;0.000000E+000;2.191803E-007
direct_peakw1;2614.500;2614.5000;409;818.00;0.000000E+000;6.479970E-007;0.000000E+000;0.000000E+000;0.000000E+000;0.000000E+000;6.479970E-007
direct_peakw1;2614.500;2614.5000;410;820.00;0.000000E+000;1.898795E-006;0.000000E+000;0.000000E+000;0.000000E+000;0.000000E+000;1.898795E-006
direct_peakw1;2614.500;2614.5000;411;822.00;0.000000E+000;5.466008E-007;0.000000E+000;0.000000E+000;0.000000E+000;0.000000E+000;5.466008E-007
direct_peakw1;2614.500;2614.5000;412;824.00;0.000000E+000;8.191127E-007;0.000000E+000;0.000000E+000;0.000000E+000;0.000000E+000;8.191127E-007
direct_peakw1;2614.500;2614.5000;413;826.00;0.000000E+000;4.392516E-007;0.000000E+000;0.000000E+000;0.000000E+000;0.000000E+000;4.392516E-007
direct_peakw1;2614.500;2614.5000;414;828.00;0.000000E+000;8.940817E-007;0.000000E+000;0.000000E+000;0.000000E+000;0.000000E+000;8.940817E-007
direct_peakw1;2614.500;2614.5000;415;830.00;0.000000E+000;0.000000E+000;0.000000E+000;0.000000E+000;0.000000E+000;0.000000E+000;0.000000E+000
direct_peakw1;2614.500;2614.5000;416;832.00;0.000000E+000;4.935784E-007;0.000000E+000;0.000000E+000;0.000000E+000;0.000000E+000;4.935784E-007
direct_peakw1;2614.500;2614.5000;417;834.00;0.000000E+000;2.173088E-006;0.000000E+000;0.000000E+000;0.000000E+000;0.000000E+000;2.173088E-006
direct_peakw1;2614.500;2614.5000;418;836.00;0.000000E+000;2.630598E-007;0.000000E+000;0.000000E+000;0.000000E+000;0.000000E+000;2.630598E-007
direct_peakw1;2614.500;2614.5000;419;838.00;0.000000E+000;4.036068E-007;0.000000E+000;0.000000E+000;0.000000E+000;0.000000E+000;4.036068E-007
direct_peakw1;2614.500;2614.5000;420;840.00;0.000000E+000;7.704949E-007;0.000000E+000;0.000000E+000;0.000000E+000;0.000000E+000;7.704949E-007
direct_peakw1;2614.500;2614.5000;421;842.00;0.000000E+000;1.126690E-006;0.000000E+000;0.000000E+000;0.000000E+000;0.000000E+000;1.126690E-006
direct_peakw1;2614.500;2614.5000;422;844.00;0.000000E+000;4.361483E-007;0.000000E+000;0.000000E+000;0.000000E+000;0.000000E+000;4.361483E-007
direct_peakw1;2614.500;2614.5000;423;846.00;0.000000E+000;1.730607E-007;0.000000E+000;0.000000E+000;0.000000E+000;0.000000E+000;1.730607E-007
direct_peakw1;2614.500;2614.5000;424;848.00;0.000000E+000;4.116473E-007;0.000000E+000;0.000000E+000;0.000000E+000;0.000000E+000;4.116473E-007
direct_peakw1;2614.500;2614.5000;425;850.00;0.000000E+000;6.378183E-007;0.000000E+000;0.000000E+000;0.000000E+000;0.000000E+000;6.378183E-007
direct_peakw1;2614.500;2614.5000;426;852.00;0.000000E+000;1.311226E-007;0.000000E+000;0.000000E+000;0.000000E+000;0.000000E+000;1.311226E-007
direct_peakw1;2614.500;2614.5000;427;854.00;0.000000E+000;3.296736E-007;0.000000E+000;0.000000E+000;0.000000E+000;0.000000E+000;3.296736E-007
direct_peakw1;2614.500;2614.5000;428;856.00;0.000000E+000;1.223271E-006;0.000000E+000;0.000000E+000;0.000000E+000;0.000000E+000;1.223271E-006
direct_peakw1;2614.500;2614.5000;429;858.00;0.000000E+000;1.580168E-006;0.000000E+000;0.000000E+000;0.000000E+000;0.000000E+000;1.580168E-006
direct_peakw1;2614.500;2614.5000;430;860.00;0.000000E+000;5.132381E-007;0.000000E+000;0.000000E+000;0.000000E+000;0.000000E+000;5.132381E-007
direct_peakw1;2614.500;2614.5000;431;862.00;0.000000E+000;1.082748E-006;0.000000E+000;0.000000E+000;0.000000E+000;0.000000E+000;1.082748E-006
direct_peakw1;2614.500;2614.5000;432;864.00;0.000000E+000;2.625206E-006;0.000000E+000;0.000000E+000;0.000000E+000;0.000000E+000;2.625206E-006
direct_peakw1;2614.500;2614.5000;433;866.00;0.000000E+000;8.974762E-007;0.000000E+000;0.000000E+000;0.000000E+000;0.000000E+000;8.974762E-007
direct_peakw1;2614.500;2614.5000;434;868.00;0.000000E+000;8.400341E-007;0.000000E+000;0.000000E+000;0.000000E+000;0.000000E+000;8.400341E-007
direct_peakw1;2614.500;2614.5000;435;870.00;0.000000E+000;1.887869E-006;0.000000E+000;0.000000E+000;0.000000E+000;0.000000E+000;1.887869E-006
direct_peakw1;2614.500;2614.5000;436;872.00;0.000000E+000;1.078137E-007;0.000000E+000;0.000000E+000;0.000000E+000;0.000000E+000;1.078137E-007
direct_peakw1;2614.500;2614.5000;437;874.00;0.000000E+000;9.477421E-007;0.000000E+000;0.000000E+000;0.000000E+000;0.000000E+000;9.477421E-007
direct_peakw1;2614.500;2614.5000;438;876.00;0.000000E+000;1.689667E-006;0.000000E+000;0.000000E+000;0.000000E+000;0.000000E+000;1.689667E-006
direct_peakw1;2614.500;2614.5000;439;878.00;0.000000E+000;4.375448E-007;0.000000E+000;0.000000E+000;0.000000E+000;0.000000E+000;4.375448E-007
direct_peakw1;2614.500;2614.5000;440;880.00;0.000000E+000;9.363811E-007;0.000000E+000;0.000000E+000;0.000000E+000;0.000000E+000;9.363811E-007
direct_peakw1;2614.500;2614.5000;441;882.00;0.000000E+000;2.141849E-007;0.000000E+000;0.000000E+000;0.000000E+000;0.000000E+000;2.141849E-007
direct_peakw1;2614.500;2614.5000;442;884.00;0.000000E+000;7.971547E-007;0.000000E+000;0.000000E+000;0.000000E+000;0.000000E+000;7.971547E-007
direct_peakw1;2614.500;2614.5000;443;886.00;0.000000E+000;8.500537E-007;0.000000E+000;0.000000E+000;0.000000E+000;0.000000E+000;8.500537E-007
direct_peakw1;2614.500;2614.5000;444;888.00;0.000000E+000;1.151453E-006;0.000000E+000;0.000000E+000;0.000000E+000;0.000000E+000;1.151453E-006
direct_peakw1;2614.500;2614.5000;445;890.00;0.000000E+000;8.571533E-007;0.000000E+000;0.000000E+000;0.000000E+000;0.000000E+000;8.571533E-007
direct_peakw1;2614.500;2614.5000;446;892.00;0.000000E+000;6.556747E-008;0.000000E+000;0.000000E+000;0.000000E+000;0.000000E+000;6.556747E-008
direct_peakw1;2614.500;2614.5000;447;894.00;0.000000E+000;6.474071E-007;0.000000E+000;0.000000E+000;0.000000E+000;0.000000E+000;6.474071E-007
direct_peakw1;2614.500;2614.5000;448;896.00;0.000000E+000;2.978775E-007;0.000000E+000;0.000000E+000;0.000000E+000;0.000000E+000;2.978775E-007
direct_peakw1;2614.500;2614.5000;449;898.00;0.000000E+000;4.255155E-007;0.000000E+000;0.000000E+000;0.000000E+000;0.000000E+000;4.255155E-007
direct_peakw1;2614.500;2614.5000;450;900.00;0.000000E+000;1.261157E-006;0.000000E+000;0.000000E+000;0.000000E+000;0.000000E+000;1.261157E-006
direct_peakw1;2614.500;2614.5000;451;902.00;0.000000E+000;2.036579E-006;0.000000E+000;0.000000E+000;0.000000E+000;0.000000E+000;2.036579E-006
direct_peakw1;2614.500;2614.5000;452;904.00;0.000000E+000;1.276748E-006;0.000000E+000;0.000000E+000;0.000000E+000;0.000000E+000;1.276748E-006
direct_peakw1;2614.500;2614.5000;453;906.00;0.000000E+000;0.000000E+000;0.000000E+000;0.000000E+000;0.000000E+000;0.000000E+000;0.000000E+000
direct_peakw1;2614.500;2614.5000;454;908.00;0.000000E+000;1.697486E-006;0.000000E+000;0.000000E+000;0.000000E+000;0.000000E+000;1.697486E-006
direct_peakw1;2614.500;2614.5000;455;910.00;0.000000E+000;5.906705E-007;0.000000E+000;0.000000E+000;0.000000E+000;0.000000E+000;5.906705E-007
direct_peakw1;2614.500;2614.5000;456;912.00;0.000000E+000;3.151057E-007;0.000000E+000;0.000000E+000;0.000000E+000;0.000000E+000;3.151057E-007
direct_peakw1;2614.500;2614.5000;457;914.00;0.000000E+000;1.381171E-006;0.000000E+000;0.000000E+000;0.000000E+000;0.000000E+000;1.381171E-006
direct_peakw1;2614.500;2614.5000;458;916.00;0.000000E+000;4.246954E-008;0.000000E+000;0.000000E+000;0.000000E+000;0.000000E+000;4.246954E-008
direct_peakw1;2614.500;2614.5000;459;918.00;0.000000E+000;9.172752E-007;0.000000E+000;0.000000E+000;0.000000E+000;0.000000E+000;9.172752E-007
direct_peakw1;2614.500;2614.5000;460;920.00;0.000000E+000;6.929261E-008;0.000000E+000;0.000000E+000;0.000000E+000;0.000000E+000;6.929261E-008
direct_peakw1;2614.500;2614.5000;461;922.00;0.000000E+000;1.653197E-006;0.000000E+000;0.000000E+000;0.000000E+000;0.000000E+000;1.653197E-006
direct_peakw1;2614.500;2614.5000;462;924.00;0.000000E+000;5.248176E-007;0.000000E+000;0.000000E+000;0.000000E+000;0.000000E+000;5.248176E-007
direct_peakw1;2614.500;2614.5000;463;926.00;0.000000E+000;9.648887E-007;0.000000E+000;0.000000E+000;0.000000E+000;0.000000E+000;9.648887E-007
direct_peakw1;2614.500;2614.5000;464;928.00;0.000000E+000;1.622988E-006;0.000000E+000;0.000000E+000;0.000000E+000;0.000000E+000;1.622988E-006
direct_peakw1;2614.500;2614.5000;465;930.00;0.000000E+000;5.933105E-007;0.000000E+000;0.000000E+000;0.000000E+000;0.000000E+000;5.933105E-007
direct_peakw1;2614.500;2614.5000;466;932.00;0.000000E+000;2.939948E-007;0.000000E+000;0.000000E+000;0.000000E+000;0.000000E+000;2.939948E-007
direct_peakw1;2614.500;2614.5000;467;934.00;0.000000E+000;2.113062E-006;0.000000E+000;0.000000E+000;0.000000E+000;0.000000E+000;2.113062E-006
direct_peakw1;2614.500;2614.5000;468;936.00;0.000000E+000;4.133776E-007;0.000000E+000;0.000000E+000;0.000000E+000;0.000000E+000;4.133776E-007
direct_peakw1;2614.500;2614.5000;469;938.00;0.000000E+000;1.402265E-007;0.000000E+000;0.000000E+000;0.000000E+000;0.000000E+000;1.402265E-007
direct_peakw1;2614.500;2614.5000;470;940.00;0.000000E+000;1.212284E-006;0.000000E+000;0.000000E+000;0.000000E+000;0.000000E+000;1.212284E-006
direct_peakw1;2614.500;2614.5000;471;942.00;0.000000E+000;7.877156E-007;0.000000E+000;0.000000E+000;0.000000E+000;0.000000E+000;7.877156E-007
direct_peakw1;2614.500;2614.5000;472;944.00;0.000000E+000;8.343301E-007;0.000000E+000;0.000000E+000;0.000000E+000;0.000000E+000;8.343301E-007
direct_peakw1;2614.500;2614.5000;473;946.00;0.000000E+000;8.323366E-007;0.000000E+000;0.000000E+000;0.000000E+000;0.000000E+000;8.323366E-007
direct_peakw1;2614.500;2614.5000;474;948.00;0.000000E+000;1.149911E-008;0.000000E+000;0.000000E+000;0.000000E+000;0.000000E+000;1.149911E-008
direct_peakw1;2614.500;2614.5000;475;950.00;0.000000E+000;3.449597E-007;0.000000E+000;0.000000E+000;0.000000E+000;0.000000E+000;3.449597E-007
direct_peakw1;2614.500;2614.5000;476;952.00;0.000000E+000;1.815271E-006;0.000000E+000;0.000000E+000;0.000000E+000;0.000000E+000;1.815271E-006
direct_peakw1;2614.500;2614.5000;477;954.00;0.000000E+000;8.282701E-007;0.000000E+000;0.000000E+000;0.000000E+000;0.000000E+000;8.282701E-007
direct_peakw1;2614.500;2614.5000;478;956.00;0.000000E+000;2.134487E-007;0.000000E+000;0.000000E+000;0.000000E+000;0.000000E+000;2.134487E-007
direct_peakw1;2614.500;2614.5000;479;958.00;0.000000E+000;1.741433E-006;0.000000E+000;0.000000E+000;6.696463E-008;0.000000E+000;1.808397E-006
direct_peakw1;2614.500;2614.5000;480;960.00;0.000000E+000;2.045119E-006;0.000000E+000;0.000000E+000;2.663687E-007;0.000000E+000;2.311487E-006
direct_peakw1;2614.500;2614.5000;481;962.00;0.000000E+000;3.077025E-007;0.000000E+000;0.000000E+000;0.000000E+000;0.000000E+000;3.077025E-007
direct_peakw1;2614.500;2614.5000;482;964.00;0.000000E+000;2.062935E-006;0.000000E+000;0.000000E+000;0.000000E+000;0.000000E+000;2.062935E-006
direct_peakw1;2614.500;2614.5000;483;966.00;0.000000E+000;6.293619E-007;0.000000E+000;0.000000E+000;0.000000E+000;0.000000E+000;6.293619E-007
direct_peakw1;2614.500;2614.5000;484;968.00;0.000000E+000;1.400249E-006;0.000000E+000;0.000000E+000;0.000000E+000;0.000000E+000;1.400249E-006
direct_peakw1;2614.500;2614.5000;485;970.00;0.000000E+000;1.266417E-006;0.000000E+000;0.000000E+000;0.000000E+000;0.000000E+000;1.266417E-006
direct_peakw1;2614.500;2614.5000;486;972.00;0.000000E+000;7.092786E-007;0.000000E+000;0.000000E+000;0.000000E+000;0.000000E+000;7.092786E-007
direct_peakw1;2614.500;2614.5000;487;974.00;0.000000E+000;8.984834E-007;0.000000E+000;0.000000E+000;0.000000E+000;0.000000E+000;8.984834E-007
direct_peakw1;2614.500;2614.5000;488;976.00;0.000000E+000;2.266603E-007;0.000000E+000;0.000000E+000;0.000000E+000;0.000000E+000;2.266603E-007
direct_peakw1;2614.500;2614.5000;489;978.00;0.000000E+000;2.616134E-006;0.000000E+000;0.000000E+000;0.000000E+000;0.000000E+000;2.616134E-006
direct_peakw1;2614.500;2614.5000;490;980.00;0.000000E+000;1.464187E-006;0.000000E+000;0.000000E+000;0.000000E+000;0.000000E+000;1.464187E-006
direct_peakw1;2614.500;2614.5000;491;982.00;0.000000E+000;1.418590E-006;0.000000E+000;0.000000E+000;0.000000E+000;0.000000E+000;1.418590E-006
direct_peakw1;2614.500;2614.5000;492;984.00;0.000000E+000;5.482099E-007;0.000000E+000;0.000000E+000;0.000000E+000;0.000000E+000;5.482099E-007
direct_peakw1;2614.500;2614.5000;493;986.00;0.000000E+000;2.451790E-006;0.000000E+000;0.000000E+000;0.000000E+000;0.000000E+000;2.451790E-006
direct_peakw1;2614.500;2614.5000;494;988.00;0.000000E+000;2.218839E-008;0.000000E+000;0.000000E+000;0.000000E+000;0.000000E+000;2.218839E-008
direct_peakw1;2614.500;2614.5000;495;990.00;0.000000E+000;3.111450E-007;0.000000E+000;0.000000E+000;0.000000E+000;0.000000E+000;3.111450E-007
direct_peakw1;2614.500;2614.5000;496;992.00;0.000000E+000;1.029761E-007;0.000000E+000;0.000000E+000;0.000000E+000;0.000000E+000;1.029761E-007
direct_peakw1;2614.500;2614.5000;497;994.00;0.000000E+000;1.655299E-006;0.000000E+000;0.000000E+000;0.000000E+000;0.000000E+000;1.655299E-006
direct_peakw1;2614.500;2614.5000;498;996.00;0.000000E+000;2.417249E-007;0.000000E+000;0.000000E+000;0.000000E+000;0.000000E+000;2.417249E-007
direct_peakw1;2614.500;2614.5000;499;998.00;0.000000E+000;1.150971E-006;0.000000E+000;0.000000E+000;0.000000E+000;0.000000E+000;1.150971E-006
direct_peakw1;2614.500;2614.5000;500;1000.00;0.000000E+000;6.904468E-007;0.000000E+000;0.000000E+000;0.000000E+000;0.000000E+000;6.904468E-007
direct_peakw1;2614.500;2614.5000;501;1002.00;0.000000E+000;1.173238E-006;0.000000E+000;0.000000E+000;0.000000E+000;0.000000E+000;1.173238E-006
direct_peakw1;2614.500;2614.5000;502;1004.00;0.000000E+000;3.559723E-007;0.000000E+000;0.000000E+000;0.000000E+000;0.000000E+000;3.559723E-007
direct_peakw1;2614.500;2614.5000;503;1006.00;0.000000E+000;1.640608E-006;0.000000E+000;0.000000E+000;0.000000E+000;0.000000E+000;1.640608E-006
direct_peakw1;2614.500;2614.5000;504;1008.00;0.000000E+000;1.458097E-006;0.000000E+000;0.000000E+000;0.000000E+000;0.000000E+000;1.458097E-006
direct_peakw1;2614.500;2614.5000;505;1010.00;0.000000E+000;1.973337E-007;0.000000E+000;0.000000E+000;0.000000E+000;0.000000E+000;1.973337E-007
direct_peakw1;2614.500;2614.5000;506;1012.00;0.000000E+000;1.230887E-006;0.000000E+000;0.000000E+000;0.000000E+000;0.000000E+000;1.230887E-006
direct_peakw1;2614.500;2614.5000;507;1014.00;0.000000E+000;7.700405E-007;0.000000E+000;0.000000E+000;0.000000E+000;0.000000E+000;7.700405E-007
direct_peakw1;2614.500;2614.5000;508;1016.00;0.000000E+000;1.152301E-006;0.000000E+000;0.000000E+000;0.000000E+000;0.000000E+000;1.152301E-006
direct_peakw1;2614.500;2614.5000;509;1018.00;0.000000E+000;1.076124E-006;0.000000E+000;0.000000E+000;0.000000E+000;0.000000E+000;1.076124E-006
direct_peakw1;2614.500;2614.5000;510;1020.00;0.000000E+000;1.039814E-007;0.000000E+000;0.000000E+000;0.000000E+000;0.000000E+000;1.039814E-007
direct_peakw1;2614.500;2614.5000;511;1022.00;0.000000E+000;7.451884E-007;0.000000E+000;0.000000E+000;0.000000E+000;0.000000E+000;7.451884E-007
direct_peakw1;2614.500;2614.5000;512;1024.00;0.000000E+000;1.223760E-006;0.000000E+000;0.000000E+000;0.000000E+000;0.000000E+000;1.223760E-006
direct_peakw1;2614.500;2614.5000;513;1026.00;0.000000E+000;3.105206E-008;0.000000E+000;0.000000E+000;0.000000E+000;0.000000E+000;3.105206E-008
direct_peakw1;2614.500;2614.5000;514;1028.00;0.000000E+000;1.521607E-006;0.000000E+000;0.000000E+000;1.383283E-007;0.000000E+000;1.659935E-006
direct_peakw1;2614.500;2614.5000;515;1030.00;0.000000E+000;1.370839E-006;0.000000E+000;0.000000E+000;3.813757E-007;0.000000E+000;1.752214E-006
direct_peakw1;2614.500;2614.5000;516;1032.00;0.000000E+000;1.158312E-006;0.000000E+000;0.000000E+000;1.469627E-007;0.000000E+000;1.305274E-006
direct_peakw1;2614.500;2614.5000;517;1034.00;0.000000E+000;8.799782E-007;0.000000E+000;0.000000E+000;0.000000E+000;0.000000E+000;8.799782E-007
direct_peakw1;2614.500;2614.5000;518;1036.00;0.000000E+000;9.707585E-007;0.000000E+000;0.000000E+000;0.000000E+000;0.000000E+000;9.707585E-007
direct_peakw1;2614.500;2614.5000;519;1038.00;0.000000E+000;4.318395E-007;0.000000E+000;0.000000E+000;0.000000E+000;0.000000E+000;4.318395E-007
direct_peakw1;2614.500;2614.5000;520;1040.00;0.000000E+000;1.106210E-006;0.000000E+000;0.000000E+000;0.000000E+000;0.000000E+000;1.106210E-006
direct_peakw1;2614.500;2614.5000;521;1042.00;0.000000E+000;1.047005E-006;0.000000E+000;0.000000E+000;0.000000E+000;0.000000E+000;1.047005E-006
direct_peakw1;2614.500;2614.5000;522;1044.00;0.000000E+000;5.134522E-007;0.000000E+000;0.000000E+000;0.000000E+000;0.000000E+000;5.134522E-007
direct_peakw1;2614.500;2614.5000;523;1046.00;0.000000E+000;1.548337E-007;0.000000E+000;0.000000E+000;0.000000E+000;0.000000E+000;1.548337E-007
direct_peakw1;2614.500;2614.5000;524;1048.00;0.000000E+000;1.638645E-006;0.000000E+000;0.000000E+000;1.150363E-007;0.000000E+000;1.753681E-006
direct_peakw1;2614.500;2614.5000;525;1050.00;0.000000E+000;8.731880E-007;0.000000E+000;0.000000E+000;2.182970E-007;0.000000E+000;1.091485E-006
direct_peakw1;2614.500;2614.5000;526;1052.00;0.000000E+000;1.213501E-006;0.000000E+000;0.000000E+000;0.000000E+000;0.000000E+000;1.213501E-006
direct_peakw1;2614.500;2614.5000;527;1054.00;0.000000E+000;7.874027E-007;0.000000E+000;0.000000E+000;0.000000E+000;0.000000E+000;7.874027E-007
direct_peakw1;2614.500;2614.5000;528;1056.00;0.000000E+000;2.003444E-006;0.000000E+000;0.000000E+000;0.000000E+000;0.000000E+000;2.003444E-006
direct_peakw1;2614.500;2614.5000;529;1058.00;0.000000E+000;9.956522E-007;0.000000E+000;0.000000E+000;0.000000E+000;0.000000E+000;9.956522E-007
direct_peakw1;2614.500;2614.5000;530;1060.00;0.000000E+000;3.689006E-008;0.000000E+000;0.000000E+000;0.000000E+000;0.000000E+000;3.689006E-008
direct_peakw1;2614.500;2614.5000;531;1062.00;0.000000E+000;1.867526E-006;0.000000E+000;0.000000E+000;0.000000E+000;0.000000E+000;1.867526E-006
direct_peakw1;2614.500;2614.5000;532;1064.00;0.000000E+000;9.558382E-008;0.000000E+000;0.000000E+000;0.000000E+000;0.000000E+000;9.558382E-008
direct_peakw1;2614.500;2614.5000;533;1066.00;0.000000E+000;9.327591E-008;0.000000E+000;0.000000E+000;0.000000E+000;0.000000E+000;9.327591E-008
direct_peakw1;2614.500;2614.5000;534;1068.00;0.000000E+000;1.476029E-006;0.000000E+000;0.000000E+000;1.897681E-007;0.000000E+000;1.665797E-006
direct_peakw1;2614.500;2614.5000;535;1070.00;0.000000E+000;4.306956E-007;0.000000E+000;0.000000E+000;1.435652E-007;0.000000E+000;5.742608E-007
direct_peakw1;2614.500;2614.5000;536;1072.00;0.000000E+000;9.382760E-007;0.000000E+000;0.000000E+000;0.000000E+000;0.000000E+000;9.382760E-007
direct_peakw1;2614.500;2614.5000;537;1074.00;0.000000E+000;2.172642E-006;0.000000E+000;0.000000E+000;0.000000E+000;0.000000E+000;2.172642E-006
direct_peakw1;2614.500;2614.5000;538;1076.00;0.000000E+000;1.060603E-006;0.000000E+000;0.000000E+000;0.000000E+000;0.000000E+000;1.060603E-006
direct_peakw1;2614.500;2614.5000;539;1078.00;0.000000E+000;4.951449E-007;0.000000E+000;0.000000E+000;0.000000E+000;0.000000E+000;4.951449E-007
direct_peakw1;2614.500;2614.5000;540;1080.00;0.000000E+000;4.943417E-007;0.000000E+000;0.000000E+000;0.000000E+000;0.000000E+000;4.943417E-007
direct_peakw1;2614.500;2614.5000;541;1082.00;0.000000E+000;2.733041E-007;0.000000E+000;0.000000E+000;0.000000E+000;0.000000E+000;2.733041E-007
direct_peakw1;2614.500;2614.5000;542;1084.00;0.000000E+000;6.511153E-007;0.000000E+000;0.000000E+000;0.000000E+000;0.000000E+000;6.511153E-007
direct_peakw1;2614.500;2614.5000;543;1086.00;0.000000E+000;5.812389E-007;0.000000E+000;0.000000E+000;0.000000E+000;0.000000E+000;5.812389E-007
direct_peakw1;2614.500;2614.5000;544;1088.00;0.000000E+000;2.333829E-007;0.000000E+000;0.000000E+000;0.000000E+000;0.000000E+000;2.333829E-007
direct_peakw1;2614.500;2614.5000;545;1090.00;0.000000E+000;1.407051E-006;0.000000E+000;0.000000E+000;0.000000E+000;0.000000E+000;1.407051E-006
direct_peakw1;2614.500;2614.5000;546;1092.00;0.000000E+000;1.052349E-006;0.000000E+000;0.000000E+000;0.000000E+000;0.000000E+000;1.052349E-006
direct_peakw1;2614.500;2614.5000;547;1094.00;0.000000E+000;3.072167E-007;0.000000E+000;0.000000E+000;0.000000E+000;0.000000E+000;3.072167E-007
direct_peakw1;2614.500;2614.5000;548;1096.00;0.000000E+000;0.000000E+000;0.000000E+000;0.000000E+000;0.000000E+000;0.000000E+000;0.000000E+000
direct_peakw1;2614.500;2614.5000;549;1098.00;0.000000E+000;7.089445E-007;0.000000E+000;0.000000E+000;0.000000E+000;0.000000E+000;7.089445E-007
direct_peakw1;2614.500;2614.5000;550;1100.00;0.000000E+000;1.957722E-006;0.000000E+000;0.000000E+000;0.000000E+000;0.000000E+000;1.957722E-006
direct_peakw1;2614.500;2614.5000;551;1102.00;0.000000E+000;0.000000E+000;0.000000E+000;0.000000E+000;0.000000E+000;0.000000E+000;0.000000E+000
direct_peakw1;2614.500;2614.5000;552;1104.00;0.000000E+000;1.903606E-006;0.000000E+000;0.000000E+000;0.000000E+000;0.000000E+000;1.903606E-006
direct_peakw1;2614.500;2614.5000;553;1106.00;0.000000E+000;1.096394E-006;0.000000E+000;0.000000E+000;0.000000E+000;0.000000E+000;1.096394E-006
direct_peakw1;2614.500;2614.5000;554;1108.00;0.000000E+000;9.551229E-007;0.000000E+000;0.000000E+000;0.000000E+000;0.000000E+000;9.551229E-007
direct_peakw1;2614.500;2614.5000;555;1110.00;0.000000E+000;1.798739E-006;0.000000E+000;0.000000E+000;0.000000E+000;0.000000E+000;1.798739E-006
direct_peakw1;2614.500;2614.5000;556;1112.00;0.000000E+000;4.347787E-007;0.000000E+000;0.000000E+000;0.000000E+000;0.000000E+000;4.347787E-007
direct_peakw1;2614.500;2614.5000;557;1114.00;0.000000E+000;1.478026E-006;0.000000E+000;0.000000E+000;0.000000E+000;0.000000E+000;1.478026E-006
direct_peakw1;2614.500;2614.5000;558;1116.00;0.000000E+000;6.708170E-007;0.000000E+000;0.000000E+000;0.000000E+000;0.000000E+000;6.708170E-007
direct_peakw1;2614.500;2614.5000;559;1118.00;0.000000E+000;7.802579E-007;0.000000E+000;0.000000E+000;0.000000E+000;0.000000E+000;7.802579E-007
direct_peakw1;2614.500;2614.5000;560;1120.00;0.000000E+000;1.215592E-006;0.000000E+000;0.000000E+000;0.000000E+000;0.000000E+000;1.215592E-006
direct_peakw1;2614.500;2614.5000;561;1122.00;0.000000E+000;5.215940E-007;0.000000E+000;0.000000E+000;0.000000E+000;0.000000E+000;5.215940E-007
direct_peakw1;2614.500;2614.5000;562;1124.00;0.000000E+000;1.450727E-007;0.000000E+000;0.000000E+000;0.000000E+000;0.000000E+000;1.450727E-007
direct_peakw1;2614.500;2614.5000;563;1126.00;0.000000E+000;1.434453E-006;0.000000E+000;0.000000E+000;0.000000E+000;0.000000E+000;1.434453E-006
direct_peakw1;2614.500;2614.5000;564;1128.00;0.000000E+000;1.303094E-006;0.000000E+000;0.000000E+000;0.000000E+000;0.000000E+000;1.303094E-006
direct_peakw1;2614.500;2614.5000;565;1130.00;0.000000E+000;5.957868E-007;0.000000E+000;0.000000E+000;0.000000E+000;0.000000E+000;5.957868E-007
direct_peakw1;2614.500;2614.5000;566;1132.00;0.000000E+000;9.093726E-007;0.000000E+000;0.000000E+000;0.000000E+000;0.000000E+000;9.093726E-007
direct_peakw1;2614.500;2614.5000;567;1134.00;0.000000E+000;1.423961E-006;0.000000E+000;0.000000E+000;0.000000E+000;0.000000E+000;1.423961E-006
direct_peakw1;2614.500;2614.5000;568;1136.00;0.000000E+000;7.780407E-007;0.000000E+000;0.000000E+000;0.000000E+000;0.000000E+000;7.780407E-007
direct_peakw1;2614.500;2614.5000;569;1138.00;0.000000E+000;2.838789E-006;0.000000E+000;0.000000E+000;0.000000E+000;0.000000E+000;2.838789E-006
direct_peakw1;2614.500;2614.5000;570;1140.00;0.000000E+000;9.513119E-007;0.000000E+000;0.000000E+000;1.174041E-007;0.000000E+000;1.068716E-006
direct_peakw1;2614.500;2614.5000;571;1142.00;0.000000E+000;1.274851E-006;0.000000E+000;0.000000E+000;4.969269E-007;0.000000E+000;1.771778E-006
direct_peakw1;2614.500;2614.5000;572;1144.00;0.000000E+000;4.443191E-007;0.000000E+000;0.000000E+000;5.233574E-008;0.000000E+000;4.966549E-007
direct_peakw1;2614.500;2614.5000;573;1146.00;0.000000E+000;3.793547E-007;0.000000E+000;0.000000E+000;0.000000E+000;0.000000E+000;3.793547E-007
direct_peakw1;2614.500;2614.5000;574;1148.00;0.000000E+000;0.000000E+000;0.000000E+000;0.000000E+000;0.000000E+000;0.000000E+000;0.000000E+000
direct_peakw1;2614.500;2614.5000;575;1150.00;0.000000E+000;1.341649E-006;0.000000E+000;0.000000E+000;0.000000E+000;0.000000E+000;1.341649E-006
direct_peakw1;2614.500;2614.5000;576;1152.00;0.000000E+000;8.439904E-007;0.000000E+000;0.000000E+000;0.000000E+000;0.000000E+000;8.439904E-007
direct_peakw1;2614.500;2614.5000;577;1154.00;0.000000E+000;4.810276E-007;0.000000E+000;0.000000E+000;0.000000E+000;0.000000E+000;4.810276E-007
direct_peakw1;2614.500;2614.5000;578;1156.00;0.000000E+000;1.593343E-006;0.000000E+000;0.000000E+000;0.000000E+000;0.000000E+000;1.593343E-006
direct_peakw1;2614.500;2614.5000;579;1158.00;0.000000E+000;1.432494E-006;0.000000E+000;0.000000E+000;0.000000E+000;0.000000E+000;1.432494E-006
direct_peakw1;2614.500;2614.5000;580;1160.00;0.000000E+000;1.126621E-006;0.000000E+000;0.000000E+000;0.000000E+000;0.000000E+000;1.126621E-006
direct_peakw1;2614.500;2614.5000;581;1162.00;0.000000E+000;9.591421E-007;0.000000E+000;0.000000E+000;0.000000E+000;0.000000E+000;9.591421E-007
direct_peakw1;2614.500;2614.5000;582;1164.00;0.000000E+000;1.810186E-006;0.000000E+000;0.000000E+000;0.000000E+000;0.000000E+000;1.810186E-006
direct_peakw1;2614.500;2614.5000;583;1166.00;0.000000E+000;1.078214E-006;0.000000E+000;0.000000E+000;0.000000E+000;0.000000E+000;1.078214E-006
direct_peakw1;2614.500;2614.5000;584;1168.00;0.000000E+000;1.681501E-006;0.000000E+000;0.000000E+000;0.000000E+000;0.000000E+000;1.681501E-006
direct_peakw1;2614.500;2614.5000;585;1170.00;0.000000E+000;3.184988E-007;0.000000E+000;0.000000E+000;0.000000E+000;0.000000E+000;3.184988E-007
direct_peakw1;2614.500;2614.5000;586;1172.00;0.000000E+000;9.013177E-007;0.000000E+000;0.000000E+000;0.000000E+000;0.000000E+000;9.013177E-007
direct_peakw1;2614.500;2614.5000;587;1174.00;0.000000E+000;3.163369E-006;0.000000E+000;0.000000E+000;0.000000E+000;0.000000E+000;3.163369E-006
direct_peakw1;2614.500;2614.5000;588;1176.00;0.000000E+000;1.925478E-006;0.000000E+000;0.000000E+000;0.000000E+000;0.000000E+000;1.925478E-006
direct_peakw1;2614.500;2614.5000;589;1178.00;0.000000E+000;9.835346E-009;0.000000E+000;0.000000E+000;0.000000E+000;0.000000E+000;9.835346E-009
direct_peakw1;2614.500;2614.5000;590;1180.00;0.000000E+000;4.955535E-007;0.000000E+000;0.000000E+000;1.238884E-007;0.000000E+000;6.194418E-007
direct_peakw1;2614.500;2614.5000;591;1182.00;0.000000E+000;8.377799E-007;0.000000E+000;0.000000E+000;2.094450E-007;0.000000E+000;1.047225E-006
direct_peakw1;2614.500;2614.5000;592;1184.00;0.000000E+000;5.091235E-007;0.000000E+000;0.000000E+000;0.000000E+000;0.000000E+000;5.091235E-007
direct_peakw1;2614.500;2614.5000;593;1186.00;0.000000E+000;1.245159E-006;0.000000E+000;0.000000E+000;0.000000E+000;0.000000E+000;1.245159E-006
direct_peakw1;2614.500;2614.5000;594;1188.00;0.000000E+000;1.579051E-006;0.000000E+000;0.000000E+000;0.000000E+000;0.000000E+000;1.579051E-006
direct_peakw1;2614.500;2614.5000;595;1190.00;0.000000E+000;0.000000E+000;0.000000E+000;0.000000E+000;0.000000E+000;0.000000E+000;0.000000E+000
direct_peakw1;2614.500;2614.5000;596;1192.00;0.000000E+000;5.312157E-007;0.000000E+000;0.000000E+000;0.000000E+000;0.000000E+000;5.312157E-007
direct_peakw1;2614.500;2614.5000;597;1194.00;0.000000E+000;2.046830E-006;0.000000E+000;0.000000E+000;0.000000E+000;0.000000E+000;2.046830E-006
direct_peakw1;2614.500;2614.5000;598;1196.00;0.000000E+000;1.024391E-006;0.000000E+000;0.000000E+000;0.000000E+000;0.000000E+000;1.024391E-006
direct_peakw1;2614.500;2614.5000;599;1198.00;0.000000E+000;7.030908E-007;0.000000E+000;0.000000E+000;0.000000E+000;0.000000E+000;7.030908E-007
direct_peakw1;2614.500;2614.5000;600;1200.00;0.000000E+000;5.571046E-007;0.000000E+000;0.000000E+000;0.000000E+000;0.000000E+000;5.571046E-007
direct_peakw1;2614.500;2614.5000;601;1202.00;0.000000E+000;5.152508E-007;0.000000E+000;0.000000E+000;0.000000E+000;0.000000E+000;5.152508E-007
direct_peakw1;2614.500;2614.5000;602;1204.00;0.000000E+000;1.622118E-006;0.000000E+000;0.000000E+000;0.000000E+000;0.000000E+000;1.622118E-006
direct_peakw1;2614.500;2614.5000;603;1206.00;0.000000E+000;6.376350E-007;0.000000E+000;0.000000E+000;0.000000E+000;0.000000E+000;6.376350E-007
direct_peakw1;2614.500;2614.5000;604;1208.00;0.000000E+000;3.484600E-007;0.000000E+000;0.000000E+000;0.000000E+000;0.000000E+000;3.484600E-007
direct_peakw1;2614.500;2614.5000;605;1210.00;0.000000E+000;1.540605E-006;0.000000E+000;0.000000E+000;0.000000E+000;0.000000E+000;1.540605E-006
direct_peakw1;2614.500;2614.5000;606;1212.00;0.000000E+000;4.865896E-007;0.000000E+000;0.000000E+000;0.000000E+000;0.000000E+000;4.865896E-007
direct_peakw1;2614.500;2614.5000;607;1214.00;0.000000E+000;1.208939E-006;0.000000E+000;0.000000E+000;0.000000E+000;0.000000E+000;1.208939E-006
direct_peakw1;2614.500;2614.5000;608;1216.00;0.000000E+000;1.111044E-007;0.000000E+000;0.000000E+000;0.000000E+000;0.000000E+000;1.111044E-007
direct_peakw1;2614.500;2614.5000;609;1218.00;0.000000E+000;3.051751E-007;0.000000E+000;0.000000E+000;0.000000E+000;0.000000E+000;3.051751E-007
direct_peakw1;2614.500;2614.5000;610;1220.00;0.000000E+000;2.815824E-008;0.000000E+000;0.000000E+000;0.000000E+000;0.000000E+000;2.815824E-008
direct_peakw1;2614.500;2614.5000;611;1222.00;0.000000E+000;0.000000E+000;0.000000E+000;0.000000E+000;0.000000E+000;0.000000E+000;0.000000E+000
direct_peakw1;2614.500;2614.5000;612;1224.00;0.000000E+000;4.532681E-007;0.000000E+000;0.000000E+000;0.000000E+000;0.000000E+000;4.532681E-007
direct_peakw1;2614.500;2614.5000;613;1226.00;0.000000E+000;3.002769E-006;0.000000E+000;0.000000E+000;0.000000E+000;0.000000E+000;3.002769E-006
direct_peakw1;2614.500;2614.5000;614;1228.00;0.000000E+000;1.278938E-006;0.000000E+000;0.000000E+000;0.000000E+000;0.000000E+000;1.278938E-006
direct_peakw1;2614.500;2614.5000;615;1230.00;0.000000E+000;1.074091E-006;0.000000E+000;0.000000E+000;0.000000E+000;0.000000E+000;1.074091E-006
direct_peakw1;2614.500;2614.5000;616;1232.00;0.000000E+000;5.242671E-007;0.000000E+000;0.000000E+000;0.000000E+000;0.000000E+000;5.242671E-007
direct_peakw1;2614.500;2614.5000;617;1234.00;0.000000E+000;5.850861E-007;0.000000E+000;0.000000E+000;0.000000E+000;0.000000E+000;5.850861E-007
direct_peakw1;2614.500;2614.5000;618;1236.00;0.000000E+000;1.215936E-006;0.000000E+000;0.000000E+000;2.670074E-007;0.000000E+000;1.482943E-006
direct_peakw1;2614.500;2614.5000;619;1238.00;0.000000E+000;1.118378E-006;0.000000E+000;0.000000E+000;6.632597E-008;0.000000E+000;1.184704E-006
direct_peakw1;2614.500;2614.5000;620;1240.00;0.000000E+000;2.861805E-006;0.000000E+000;0.000000E+000;0.000000E+000;0.000000E+000;2.861805E-006
direct_peakw1;2614.500;2614.5000;621;1242.00;0.000000E+000;1.218795E-006;0.000000E+000;0.000000E+000;0.000000E+000;0.000000E+000;1.218795E-006
direct_peakw1;2614.500;2614.5000;622;1244.00;0.000000E+000;8.120555E-008;0.000000E+000;0.000000E+000;0.000000E+000;0.000000E+000;8.120555E-008
direct_peakw1;2614.500;2614.5000;623;1246.00;0.000000E+000;2.292070E-006;0.000000E+000;0.000000E+000;0.000000E+000;0.000000E+000;2.292070E-006
direct_peakw1;2614.500;2614.5000;624;1248.00;0.000000E+000;6.267247E-007;0.000000E+000;0.000000E+000;0.000000E+000;0.000000E+000;6.267247E-007
direct_peakw1;2614.500;2614.5000;625;1250.00;0.000000E+000;1.229005E-006;0.000000E+000;0.000000E+000;3.072512E-007;0.000000E+000;1.536256E-006
direct_peakw1;2614.500;2614.5000;626;1252.00;0.000000E+000;5.486470E-007;0.000000E+000;0.000000E+000;2.608214E-008;0.000000E+000;5.747291E-007
direct_peakw1;2614.500;2614.5000;627;1254.00;0.000000E+000;5.566363E-007;0.000000E+000;0.000000E+000;0.000000E+000;0.000000E+000;5.566363E-007
direct_peakw1;2614.500;2614.5000;628;1256.00;0.000000E+000;2.289733E-006;0.000000E+000;0.000000E+000;0.000000E+000;0.000000E+000;2.289733E-006
direct_peakw1;2614.500;2614.5000;629;1258.00;0.000000E+000;1.045331E-006;0.000000E+000;0.000000E+000;0.000000E+000;0.000000E+000;1.045331E-006
direct_peakw1;2614.500;2614.5000;630;1260.00;0.000000E+000;1.330648E-006;0.000000E+000;0.000000E+000;0.000000E+000;0.000000E+000;1.330648E-006
direct_peakw1;2614.500;2614.5000;631;1262.00;0.000000E+000;5.226917E-007;0.000000E+000;0.000000E+000;0.000000E+000;0.000000E+000;5.226917E-007
direct_peakw1;2614.500;2614.5000;632;1264.00;0.000000E+000;5.098739E-007;0.000000E+000;0.000000E+000;0.000000E+000;0.000000E+000;5.098739E-007
direct_peakw1;2614.500;2614.5000;633;1266.00;0.000000E+000;1.138557E-006;0.000000E+000;0.000000E+000;0.000000E+000;0.000000E+000;1.138557E-006
direct_peakw1;2614.500;2614.5000;634;1268.00;0.000000E+000;1.622107E-007;0.000000E+000;0.000000E+000;0.000000E+000;0.000000E+000;1.622107E-007
direct_peakw1;2614.500;2614.5000;635;1270.00;0.000000E+000;7.497662E-007;0.000000E+000;0.000000E+000;0.000000E+000;0.000000E+000;7.497662E-007
direct_peakw1;2614.500;2614.5000;636;1272.00;0.000000E+000;1.113808E-006;0.000000E+000;0.000000E+000;0.000000E+000;0.000000E+000;1.113808E-006
direct_peakw1;2614.500;2614.5000;637;1274.00;0.000000E+000;2.291016E-006;0.000000E+000;0.000000E+000;0.000000E+000;0.000000E+000;2.291016E-006
direct_peakw1;2614.500;2614.5000;638;1276.00;0.000000E+000;9.625176E-007;0.000000E+000;0.000000E+000;0.000000E+000;0.000000E+000;9.625176E-007
direct_peakw1;2614.500;2614.5000;639;1278.00;0.000000E+000;1.214340E-006;0.000000E+000;0.000000E+000;0.000000E+000;0.000000E+000;1.214340E-006
direct_peakw1;2614.500;2614.5000;640;1280.00;0.000000E+000;1.885402E-009;0.000000E+000;0.000000E+000;0.000000E+000;0.000000E+000;1.885402E-009
direct_peakw1;2614.500;2614.5000;641;1282.00;0.000000E+000;1.612307E-006;0.000000E+000;0.000000E+000;0.000000E+000;0.000000E+000;1.612307E-006
direct_peakw1;2614.500;2614.5000;642;1284.00;0.000000E+000;1.387693E-006;0.000000E+000;0.000000E+000;0.000000E+000;0.000000E+000;1.387693E-006
direct_peakw1;2614.500;2614.5000;643;1286.00;0.000000E+000;1.062998E-006;0.000000E+000;0.000000E+000;0.000000E+000;0.000000E+000;1.062998E-006
direct_peakw1;2614.500;2614.5000;644;1288.00;0.000000E+000;2.703356E-007;0.000000E+000;0.000000E+000;0.000000E+000;0.000000E+000;2.703356E-007
direct_peakw1;2614.500;2614.5000;645;1290.00;0.000000E+000;5.165046E-008;0.000000E+000;0.000000E+000;0.000000E+000;0.000000E+000;5.165046E-008
direct_peakw1;2614.500;2614.5000;646;1292.00;0.000000E+000;2.013884E-006;0.000000E+000;0.000000E+000;0.000000E+000;0.000000E+000;2.013884E-006
direct_peakw1;2614.500;2614.5000;647;1294.00;0.000000E+000;7.055638E-007;0.000000E+000;0.000000E+000;0.000000E+000;0.000000E+000;7.055638E-007
direct_peakw1;2614.500;2614.5000;648;1296.00;0.000000E+000;8.449260E-007;0.000000E+000;0.000000E+000;0.000000E+000;0.000000E+000;8.449260E-007
direct_peakw1;2614.500;2614.5000;649;1298.00;0.000000E+000;2.304760E-007;0.000000E+000;0.000000E+000;0.000000E+000;0.000000E+000;2.304760E-007
direct_peakw1;2614.500;2614.5000;650;1300.00;0.000000E+000;1.985692E-006;0.000000E+000;0.000000E+000;0.000000E+000;0.000000E+000;1.985692E-006
direct_peakw1;2614.500;2614.5000;651;1302.00;0.000000E+000;7.761406E-007;0.000000E+000;0.000000E+000;0.000000E+000;0.000000E+000;7.761406E-007
direct_peakw1;2614.500;2614.5000;652;1304.00;0.000000E+000;2.151878E-006;0.000000E+000;0.000000E+000;0.000000E+000;0.000000E+000;2.151878E-006
direct_peakw1;2614.500;2614.5000;653;1306.00;0.000000E+000;2.397894E-007;0.000000E+000;0.000000E+000;0.000000E+000;0.000000E+000;2.397894E-007
direct_peakw1;2614.500;2614.5000;654;1308.00;0.000000E+000;0.000000E+000;0.000000E+000;0.000000E+000;0.000000E+000;0.000000E+000;0.000000E+000
direct_peakw1;2614.500;2614.5000;655;1310.00;0.000000E+000;0.000000E+000;0.000000E+000;0.000000E+000;0.000000E+000;0.000000E+000;0.000000E+000
direct_peakw1;2614.500;2614.5000;656;1312.00;0.000000E+000;1.881647E-006;0.000000E+000;0.000000E+000;0.000000E+000;0.000000E+000;1.881647E-006
direct_peakw1;2614.500;2614.5000;657;1314.00;0.000000E+000;4.516864E-007;0.000000E+000;0.000000E+000;0.000000E+000;0.000000E+000;4.516864E-007
direct_peakw1;2614.500;2614.5000;658;1316.00;0.000000E+000;1.644046E-006;0.000000E+000;0.000000E+000;0.000000E+000;0.000000E+000;1.644046E-006
direct_peakw1;2614.500;2614.5000;659;1318.00;0.000000E+000;5.176262E-007;0.000000E+000;0.000000E+000;0.000000E+000;0.000000E+000;5.176262E-007
direct_peakw1;2614.500;2614.5000;660;1320.00;0.000000E+000;1.096777E-006;0.000000E+000;0.000000E+000;0.000000E+000;0.000000E+000;1.096777E-006
direct_peakw1;2614.500;2614.5000;661;1322.00;0.000000E+000;1.741551E-006;0.000000E+000;0.000000E+000;0.000000E+000;0.000000E+000;1.741551E-006
direct_peakw1;2614.500;2614.5000;662;1324.00;0.000000E+000;8.508674E-007;0.000000E+000;0.000000E+000;0.000000E+000;0.000000E+000;8.508674E-007
direct_peakw1;2614.500;2614.5000;663;1326.00;0.000000E+000;1.336721E-006;0.000000E+000;0.000000E+000;0.000000E+000;0.000000E+000;1.336721E-006
direct_peakw1;2614.500;2614.5000;664;1328.00;0.000000E+000;4.790785E-007;0.000000E+000;0.000000E+000;0.000000E+000;0.000000E+000;4.790785E-007
direct_peakw1;2614.500;2614.5000;665;1330.00;0.000000E+000;2.655371E-008;0.000000E+000;0.000000E+000;0.000000E+000;0.000000E+000;2.655371E-008
direct_peakw1;2614.500;2614.5000;666;1332.00;0.000000E+000;1.237720E-006;0.000000E+000;0.000000E+000;1.315205E-007;0.000000E+000;1.369240E-006
direct_peakw1;2614.500;2614.5000;667;1334.00;0.000000E+000;1.938914E-006;0.000000E+000;0.000000E+000;2.018129E-007;0.000000E+000;2.140727E-006
direct_peakw1;2614.500;2614.5000;668;1336.00;0.000000E+000;1.301455E-007;0.000000E+000;0.000000E+000;1.709424E-007;0.000000E+000;3.010879E-007
direct_peakw1;2614.500;2614.5000;669;1338.00;0.000000E+000;0.000000E+000;0.000000E+000;0.000000E+000;1.623909E-007;0.000000E+000;1.623909E-007
direct_peakw1;2614.500;2614.5000;670;1340.00;0.000000E+000;0.000000E+000;0.000000E+000;0.000000E+000;0.000000E+000;0.000000E+000;0.000000E+000
direct_peakw1;2614.500;2614.5000;671;1342.00;0.000000E+000;6.417454E-007;0.000000E+000;0.000000E+000;0.000000E+000;0.000000E+000;6.417454E-007
direct_peakw1;2614.500;2614.5000;672;1344.00;0.000000E+000;1.659240E-006;0.000000E+000;0.000000E+000;0.000000E+000;0.000000E+000;1.659240E-006
direct_peakw1;2614.500;2614.5000;673;1346.00;0.000000E+000;3.234773E-008;0.000000E+000;0.000000E+000;0.000000E+000;0.000000E+000;3.234773E-008
direct_peakw1;2614.500;2614.5000;674;1348.00;0.000000E+000;1.114336E-006;0.000000E+000;0.000000E+000;0.000000E+000;0.000000E+000;1.114336E-006
direct_peakw1;2614.500;2614.5000;675;1350.00;0.000000E+000;5.523304E-007;0.000000E+000;0.000000E+000;0.000000E+000;0.000000E+000;5.523304E-007
direct_peakw1;2614.500;2614.5000;676;1352.00;0.000000E+000;1.032656E-006;0.000000E+000;0.000000E+000;0.000000E+000;0.000000E+000;1.032656E-006
direct_peakw1;2614.500;2614.5000;677;1354.00;0.000000E+000;1.900623E-006;0.000000E+000;0.000000E+000;0.000000E+000;0.000000E+000;1.900623E-006
direct_peakw1;2614.500;2614.5000;678;1356.00;0.000000E+000;4.233423E-007;0.000000E+000;0.000000E+000;0.000000E+000;0.000000E+000;4.233423E-007
direct_peakw1;2614.500;2614.5000;679;1358.00;0.000000E+000;3.837775E-007;0.000000E+000;0.000000E+000;0.000000E+000;0.000000E+000;3.837775E-007
direct_peakw1;2614.500;2614.5000;680;1360.00;0.000000E+000;1.246739E-006;0.000000E+000;0.000000E+000;0.000000E+000;0.000000E+000;1.246739E-006
direct_peakw1;2614.500;2614.5000;681;1362.00;0.000000E+000;3.461948E-007;0.000000E+000;0.000000E+000;0.000000E+000;0.000000E+000;3.461948E-007
direct_peakw1;2614.500;2614.5000;682;1364.00;0.000000E+000;8.307642E-008;0.000000E+000;0.000000E+000;0.000000E+000;0.000000E+000;8.307642E-008
direct_peakw1;2614.500;2614.5000;683;1366.00;0.000000E+000;8.110636E-007;0.000000E+000;0.000000E+000;0.000000E+000;0.000000E+000;8.110636E-007
direct_peakw1;2614.500;2614.5000;684;1368.00;0.000000E+000;7.725267E-007;0.000000E+000;0.000000E+000;0.000000E+000;0.000000E+000;7.725267E-007
direct_peakw1;2614.500;2614.5000;685;1370.00;0.000000E+000;1.623128E-006;0.000000E+000;0.000000E+000;0.000000E+000;0.000000E+000;1.623128E-006
direct_peakw1;2614.500;2614.5000;686;1372.00;0.000000E+000;1.902598E-006;0.000000E+000;0.000000E+000;0.000000E+000;0.000000E+000;1.902598E-006
direct_peakw1;2614.500;2614.5000;687;1374.00;0.000000E+000;4.742749E-007;0.000000E+000;0.000000E+000;0.000000E+000;0.000000E+000;4.742749E-007
direct_peakw1;2614.500;2614.5000;688;1376.00;0.000000E+000;2.058018E-006;0.000000E+000;0.000000E+000;0.000000E+000;0.000000E+000;2.058018E-006
direct_peakw1;2614.500;2614.5000;689;1378.00;0.000000E+000;1.097167E-006;0.000000E+000;0.000000E+000;0.000000E+000;0.000000E+000;1.097167E-006
direct_peakw1;2614.500;2614.5000;690;1380.00;0.000000E+000;2.005967E-007;0.000000E+000;0.000000E+000;0.000000E+000;0.000000E+000;2.005967E-007
direct_peakw1;2614.500;2614.5000;691;1382.00;0.000000E+000;9.555001E-007;0.000000E+000;0.000000E+000;0.000000E+000;0.000000E+000;9.555001E-007
direct_peakw1;2614.500;2614.5000;692;1384.00;0.000000E+000;6.887175E-007;0.000000E+000;0.000000E+000;0.000000E+000;0.000000E+000;6.887175E-007
direct_peakw1;2614.500;2614.5000;693;1386.00;0.000000E+000;4.273780E-008;0.000000E+000;0.000000E+000;0.000000E+000;0.000000E+000;4.273780E-008
direct_peakw1;2614.500;2614.5000;694;1388.00;0.000000E+000;1.848916E-006;0.000000E+000;0.000000E+000;0.000000E+000;0.000000E+000;1.848916E-006
direct_peakw1;2614.500;2614.5000;695;1390.00;0.000000E+000;7.750124E-007;0.000000E+000;0.000000E+000;0.000000E+000;0.000000E+000;7.750124E-007
direct_peakw1;2614.500;2614.5000;696;1392.00;0.000000E+000;0.000000E+000;0.000000E+000;0.000000E+000;0.000000E+000;0.000000E+000;0.000000E+000
direct_peakw1;2614.500;2614.5000;697;1394.00;0.000000E+000;6.203537E-007;0.000000E+000;0.000000E+000;0.000000E+000;0.000000E+000;6.203537E-007
direct_peakw1;2614.500;2614.5000;698;1396.00;0.000000E+000;2.577179E-006;0.000000E+000;0.000000E+000;0.000000E+000;0.000000E+000;2.577179E-006
direct_peakw1;2614.500;2614.5000;699;1398.00;0.000000E+000;7.790190E-007;0.000000E+000;0.000000E+000;7.245575E-008;0.000000E+000;8.514748E-007
direct_peakw1;2614.500;2614.5000;700;1400.00;0.000000E+000;1.356781E-006;0.000000E+000;0.000000E+000;2.608776E-007;0.000000E+000;1.617659E-006
direct_peakw1;2614.500;2614.5000;701;1402.00;0.000000E+000;1.331731E-006;0.000000E+000;0.000000E+000;0.000000E+000;0.000000E+000;1.331731E-006
direct_peakw1;2614.500;2614.5000;702;1404.00;0.000000E+000;1.668269E-006;0.000000E+000;0.000000E+000;0.000000E+000;0.000000E+000;1.668269E-006
direct_peakw1;2614.500;2614.5000;703;1406.00;0.000000E+000;5.405158E-007;0.000000E+000;0.000000E+000;0.000000E+000;0.000000E+000;5.405158E-007
direct_peakw1;2614.500;2614.5000;704;1408.00;0.000000E+000;7.620939E-007;0.000000E+000;0.000000E+000;0.000000E+000;0.000000E+000;7.620939E-007
direct_peakw1;2614.500;2614.5000;705;1410.00;0.000000E+000;8.092257E-007;0.000000E+000;0.000000E+000;0.000000E+000;0.000000E+000;8.092257E-007
direct_peakw1;2614.500;2614.5000;706;1412.00;0.000000E+000;2.214979E-007;0.000000E+000;0.000000E+000;0.000000E+000;0.000000E+000;2.214979E-007
direct_peakw1;2614.500;2614.5000;707;1414.00;0.000000E+000;6.810752E-007;0.000000E+000;0.000000E+000;0.000000E+000;0.000000E+000;6.810752E-007
direct_peakw1;2614.500;2614.5000;708;1416.00;0.000000E+000;1.814149E-006;0.000000E+000;0.000000E+000;0.000000E+000;0.000000E+000;1.814149E-006
direct_peakw1;2614.500;2614.5000;709;1418.00;0.000000E+000;6.688848E-007;0.000000E+000;0.000000E+000;0.000000E+000;0.000000E+000;6.688848E-007
direct_peakw1;2614.500;2614.5000;710;1420.00;0.000000E+000;8.358911E-007;0.000000E+000;0.000000E+000;0.000000E+000;0.000000E+000;8.358911E-007
direct_peakw1;2614.500;2614.5000;711;1422.00;0.000000E+000;7.473433E-008;0.000000E+000;0.000000E+000;0.000000E+000;0.000000E+000;7.473433E-008
direct_peakw1;2614.500;2614.5000;712;1424.00;0.000000E+000;9.252657E-007;0.000000E+000;0.000000E+000;0.000000E+000;0.000000E+000;9.252657E-007
direct_peakw1;2614.500;2614.5000;713;1426.00;0.000000E+000;7.735112E-007;0.000000E+000;0.000000E+000;0.000000E+000;0.000000E+000;7.735112E-007
direct_peakw1;2614.500;2614.5000;714;1428.00;0.000000E+000;1.226489E-006;0.000000E+000;0.000000E+000;0.000000E+000;0.000000E+000;1.226489E-006
direct_peakw1;2614.500;2614.5000;715;1430.00;0.000000E+000;0.000000E+000;0.000000E+000;0.000000E+000;0.000000E+000;0.000000E+000;0.000000E+000
direct_peakw1;2614.500;2614.5000;716;1432.00;0.000000E+000;3.901654E-007;0.000000E+000;0.000000E+000;4.441560E-008;0.000000E+000;4.345810E-007
direct_peakw1;2614.500;2614.5000;717;1434.00;0.000000E+000;2.122762E-006;0.000000E+000;0.000000E+000;2.889177E-007;0.000000E+000;2.411680E-006
direct_peakw1;2614.500;2614.5000;718;1436.00;0.000000E+000;1.685528E-006;0.000000E+000;0.000000E+000;0.000000E+000;0.000000E+000;1.685528E-006
direct_peakw1;2614.500;2614.5000;719;1438.00;0.000000E+000;4.682106E-007;0.000000E+000;0.000000E+000;0.000000E+000;0.000000E+000;4.682106E-007
direct_peakw1;2614.500;2614.5000;720;1440.00;0.000000E+000;4.386246E-007;0.000000E+000;0.000000E+000;0.000000E+000;0.000000E+000;4.386246E-007
direct_peakw1;2614.500;2614.5000;721;1442.00;0.000000E+000;1.786475E-006;0.000000E+000;0.000000E+000;0.000000E+000;0.000000E+000;1.786475E-006
direct_peakw1;2614.500;2614.5000;722;1444.00;0.000000E+000;3.227888E-007;0.000000E+000;0.000000E+000;0.000000E+000;0.000000E+000;3.227888E-007
direct_peakw1;2614.500;2614.5000;723;1446.00;0.000000E+000;1.306893E-007;0.000000E+000;0.000000E+000;0.000000E+000;0.000000E+000;1.306893E-007
direct_peakw1;2614.500;2614.5000;724;1448.00;0.000000E+000;1.377832E-006;0.000000E+000;0.000000E+000;0.000000E+000;0.000000E+000;1.377832E-006
direct_peakw1;2614.500;2614.5000;725;1450.00;0.000000E+000;2.769236E-007;0.000000E+000;0.000000E+000;0.000000E+000;0.000000E+000;2.769236E-007
direct_peakw1;2614.500;2614.5000;726;1452.00;0.000000E+000;0.000000E+000;0.000000E+000;0.000000E+000;0.000000E+000;0.000000E+000;0.000000E+000
direct_peakw1;2614.500;2614.5000;727;1454.00;0.000000E+000;1.829687E-006;0.000000E+000;0.000000E+000;0.000000E+000;0.000000E+000;1.829687E-006
direct_peakw1;2614.500;2614.5000;728;1456.00;0.000000E+000;1.254854E-006;0.000000E+000;0.000000E+000;0.000000E+000;0.000000E+000;1.254854E-006
direct_peakw1;2614.500;2614.5000;729;1458.00;0.000000E+000;9.154590E-007;0.000000E+000;0.000000E+000;0.000000E+000;0.000000E+000;9.154590E-007
direct_peakw1;2614.500;2614.5000;730;1460.00;0.000000E+000;8.334285E-007;0.000000E+000;0.000000E+000;0.000000E+000;0.000000E+000;8.334285E-007
direct_peakw1;2614.500;2614.5000;731;1462.00;0.000000E+000;1.665715E-007;0.000000E+000;0.000000E+000;0.000000E+000;0.000000E+000;1.665715E-007
direct_peakw1;2614.500;2614.5000;732;1464.00;0.000000E+000;3.213875E-006;0.000000E+000;0.000000E+000;2.996098E-007;0.000000E+000;3.513484E-006
direct_peakw1;2614.500;2614.5000;733;1466.00;0.000000E+000;1.786125E-006;0.000000E+000;0.000000E+000;3.372359E-008;0.000000E+000;1.819849E-006
direct_peakw1;2614.500;2614.5000;734;1468.00;0.000000E+000;0.000000E+000;0.000000E+000;0.000000E+000;0.000000E+000;0.000000E+000;0.000000E+000
direct_peakw1;2614.500;2614.5000;735;1470.00;0.000000E+000;4.009898E-007;0.000000E+000;0.000000E+000;1.336633E-007;0.000000E+000;5.346531E-007
direct_peakw1;2614.500;2614.5000;736;1472.00;0.000000E+000;1.424048E-006;0.000000E+000;0.000000E+000;1.996701E-007;0.000000E+000;1.623718E-006
direct_peakw1;2614.500;2614.5000;737;1474.00;0.000000E+000;1.194063E-006;0.000000E+000;0.000000E+000;0.000000E+000;0.000000E+000;1.194063E-006
direct_peakw1;2614.500;2614.5000;738;1476.00;0.000000E+000;9.808987E-007;0.000000E+000;0.000000E+000;0.000000E+000;0.000000E+000;9.808987E-007
direct_peakw1;2614.500;2614.5000;739;1478.00;0.000000E+000;0.000000E+000;0.000000E+000;0.000000E+000;0.000000E+000;0.000000E+000;0.000000E+000
direct_peakw1;2614.500;2614.5000;740;1480.00;0.000000E+000;9.760823E-009;0.000000E+000;0.000000E+000;0.000000E+000;0.000000E+000;9.760823E-009
direct_peakw1;2614.500;2614.5000;741;1482.00;0.000000E+000;1.145601E-006;0.000000E+000;0.000000E+000;0.000000E+000;0.000000E+000;1.145601E-006
direct_peakw1;2614.500;2614.5000;742;1484.00;0.000000E+000;5.113047E-007;0.000000E+000;0.000000E+000;0.000000E+000;0.000000E+000;5.113047E-007
direct_peakw1;2614.500;2614.5000;743;1486.00;0.000000E+000;9.793916E-007;0.000000E+000;0.000000E+000;0.000000E+000;0.000000E+000;9.793916E-007
direct_peakw1;2614.500;2614.5000;744;1488.00;0.000000E+000;3.142346E-007;0.000000E+000;0.000000E+000;0.000000E+000;0.000000E+000;3.142346E-007
direct_peakw1;2614.500;2614.5000;745;1490.00;0.000000E+000;1.558559E-006;0.000000E+000;0.000000E+000;0.000000E+000;0.000000E+000;1.558559E-006
direct_peakw1;2614.500;2614.5000;746;1492.00;0.000000E+000;1.481148E-006;0.000000E+000;0.000000E+000;0.000000E+000;0.000000E+000;1.481148E-006
direct_peakw1;2614.500;2614.5000;747;1494.00;0.000000E+000;8.938713E-007;0.000000E+000;0.000000E+000;0.000000E+000;0.000000E+000;8.938713E-007
direct_peakw1;2614.500;2614.5000;748;1496.00;0.000000E+000;7.727954E-007;0.000000E+000;0.000000E+000;0.000000E+000;0.000000E+000;7.727954E-007
direct_peakw1;2614.500;2614.5000;749;1498.00;0.000000E+000;1.062461E-007;0.000000E+000;0.000000E+000;0.000000E+000;0.000000E+000;1.062461E-007
direct_peakw1;2614.500;2614.5000;750;1500.00;0.000000E+000;2.560421E-006;0.000000E+000;0.000000E+000;0.000000E+000;0.000000E+000;2.560421E-006
direct_peakw1;2614.500;2614.5000;751;1502.00;0.000000E+000;0.000000E+000;0.000000E+000;0.000000E+000;0.000000E+000;0.000000E+000;0.000000E+000
direct_peakw1;2614.500;2614.5000;752;1504.00;0.000000E+000;1.380008E-007;0.000000E+000;0.000000E+000;0.000000E+000;0.000000E+000;1.380008E-007
direct_peakw1;2614.500;2614.5000;753;1506.00;0.000000E+000;2.053087E-006;3.232342E-007;0.000000E+000;0.000000E+000;0.000000E+000;2.376322E-006
direct_peakw1;2614.500;2614.5000;754;1508.00;0.000000E+000;8.089117E-007;1.009918E-008;0.000000E+000;0.000000E+000;0.000000E+000;8.190109E-007
direct_peakw1;2614.500;2614.5000;755;1510.00;0.000000E+000;0.000000E+000;0.000000E+000;0.000000E+000;0.000000E+000;0.000000E+000;0.000000E+000
direct_peakw1;2614.500;2614.5000;756;1512.00;0.000000E+000;1.503886E-006;0.000000E+000;0.000000E+000;0.000000E+000;0.000000E+000;1.503886E-006
direct_peakw1;2614.500;2614.5000;757;1514.00;0.000000E+000;1.244833E-006;0.000000E+000;0.000000E+000;0.000000E+000;0.000000E+000;1.244833E-006
direct_peakw1;2614.500;2614.5000;758;1516.00;0.000000E+000;1.587278E-006;0.000000E+000;0.000000E+000;0.000000E+000;0.000000E+000;1.587278E-006
direct_peakw1;2614.500;2614.5000;759;1518.00;0.000000E+000;2.351158E-006;0.000000E+000;0.000000E+000;0.000000E+000;0.000000E+000;2.351158E-006
direct_peakw1;2614.500;2614.5000;760;1520.00;0.000000E+000;9.795119E-007;0.000000E+000;0.000000E+000;0.000000E+000;0.000000E+000;9.795119E-007
direct_peakw1;2614.500;2614.5000;761;1522.00;0.000000E+000;4.695250E-007;0.000000E+000;0.000000E+000;0.000000E+000;0.000000E+000;4.695250E-007
direct_peakw1;2614.500;2614.5000;762;1524.00;0.000000E+000;7.793223E-007;0.000000E+000;0.000000E+000;0.000000E+000;0.000000E+000;7.793223E-007
direct_peakw1;2614.500;2614.5000;763;1526.00;0.000000E+000;7.511527E-007;0.000000E+000;0.000000E+000;0.000000E+000;0.000000E+000;7.511527E-007
direct_peakw1;2614.500;2614.5000;764;1528.00;0.000000E+000;1.300277E-007;0.000000E+000;0.000000E+000;0.000000E+000;0.000000E+000;1.300277E-007
direct_peakw1;2614.500;2614.5000;765;1530.00;0.000000E+000;5.086976E-007;0.000000E+000;0.000000E+000;1.861776E-007;0.000000E+000;6.948751E-007
direct_peakw1;2614.500;2614.5000;766;1532.00;0.000000E+000;8.122720E-007;0.000000E+000;0.000000E+000;1.471558E-007;0.000000E+000;9.594278E-007
direct_peakw1;2614.500;2614.5000;767;1534.00;0.000000E+000;8.823361E-007;0.000000E+000;0.000000E+000;0.000000E+000;0.000000E+000;8.823361E-007
direct_peakw1;2614.500;2614.5000;768;1536.00;0.000000E+000;1.325157E-006;0.000000E+000;0.000000E+000;0.000000E+000;0.000000E+000;1.325157E-006
direct_peakw1;2614.500;2614.5000;769;1538.00;0.000000E+000;6.681780E-007;0.000000E+000;0.000000E+000;0.000000E+000;0.000000E+000;6.681780E-007
direct_peakw1;2614.500;2614.5000;770;1540.00;0.000000E+000;5.951161E-007;0.000000E+000;0.000000E+000;0.000000E+000;0.000000E+000;5.951161E-007
direct_peakw1;2614.500;2614.5000;771;1542.00;0.000000E+000;1.014935E-006;0.000000E+000;0.000000E+000;0.000000E+000;0.000000E+000;1.014935E-006
direct_peakw1;2614.500;2614.5000;772;1544.00;0.000000E+000;6.328015E-008;0.000000E+000;0.000000E+000;0.000000E+000;0.000000E+000;6.328015E-008
direct_peakw1;2614.500;2614.5000;773;1546.00;0.000000E+000;2.948055E-007;0.000000E+000;0.000000E+000;0.000000E+000;0.000000E+000;2.948055E-007
direct_peakw1;2614.500;2614.5000;774;1548.00;0.000000E+000;2.956067E-006;0.000000E+000;0.000000E+000;0.000000E+000;0.000000E+000;2.956067E-006
direct_peakw1;2614.500;2614.5000;775;1550.00;0.000000E+000;4.157938E-007;0.000000E+000;0.000000E+000;0.000000E+000;0.000000E+000;4.157938E-007
direct_peakw1;2614.500;2614.5000;776;1552.00;0.000000E+000;2.715072E-007;0.000000E+000;0.000000E+000;0.000000E+000;0.000000E+000;2.715072E-007
direct_peakw1;2614.500;2614.5000;777;1554.00;0.000000E+000;1.150880E-007;0.000000E+000;0.000000E+000;0.000000E+000;0.000000E+000;1.150880E-007
direct_peakw1;2614.500;2614.5000;778;1556.00;0.000000E+000;5.090685E-007;0.000000E+000;0.000000E+000;0.000000E+000;0.000000E+000;5.090685E-007
direct_peakw1;2614.500;2614.5000;779;1558.00;0.000000E+000;1.141323E-006;0.000000E+000;0.000000E+000;0.000000E+000;0.000000E+000;1.141323E-006
direct_peakw1;2614.500;2614.5000;780;1560.00;0.000000E+000;2.294163E-006;0.000000E+000;0.000000E+000;0.000000E+000;0.000000E+000;2.294163E-006
direct_peakw1;2614.500;2614.5000;781;1562.00;0.000000E+000;2.002184E-006;0.000000E+000;0.000000E+000;0.000000E+000;0.000000E+000;2.002184E-006
direct_peakw1;2614.500;2614.5000;782;1564.00;0.000000E+000;2.725802E-007;0.000000E+000;0.000000E+000;0.000000E+000;0.000000E+000;2.725802E-007
direct_peakw1;2614.500;2614.5000;783;1566.00;0.000000E+000;1.552700E-006;0.000000E+000;0.000000E+000;0.000000E+000;0.000000E+000;1.552700E-006
direct_peakw1;2614.500;2614.5000;784;1568.00;0.000000E+000;1.705213E-006;0.000000E+000;0.000000E+000;0.000000E+000;0.000000E+000;1.705213E-006
direct_peakw1;2614.500;2614.5000;785;1570.00;0.000000E+000;1.520550E-006;0.000000E+000;0.000000E+000;0.000000E+000;0.000000E+000;1.520550E-006
direct_peakw1;2614.500;2614.5000;786;1572.00;0.000000E+000;1.231235E-006;0.000000E+000;0.000000E+000;0.000000E+000;0.000000E+000;1.231235E-006
direct_peakw1;2614.500;2614.5000;787;1574.00;0.000000E+000;1.717722E-006;0.000000E+000;0.000000E+000;0.000000E+000;0.000000E+000;1.717722E-006
direct_peakw1;2614.500;2614.5000;788;1576.00;0.000000E+000;0.000000E+000;0.000000E+000;0.000000E+000;0.000000E+000;0.000000E+000;0.000000E+000
direct_peakw1;2614.500;2614.5000;789;1578.00;0.000000E+000;3.408962E-007;0.000000E+000;0.000000E+000;0.000000E+000;0.000000E+000;3.408962E-007
direct_peakw1;2614.500;2614.5000;790;1580.00;0.000000E+000;6.591038E-007;0.000000E+000;0.000000E+000;0.000000E+000;0.000000E+000;6.591038E-007
direct_peakw1;2614.500;2614.5000;791;1582.00;0.000000E+000;4.428087E-007;0.000000E+000;0.000000E+000;0.000000E+000;0.000000E+000;4.428087E-007
direct_peakw1;2614.500;2614.5000;792;1584.00;0.000000E+000;1.557191E-006;0.000000E+000;0.000000E+000;0.000000E+000;0.000000E+000;1.557191E-006
direct_peakw1;2614.500;2614.5000;793;1586.00;0.000000E+000;0.000000E+000;0.000000E+000;0.000000E+000;0.000000E+000;0.000000E+000;0.000000E+000
direct_peakw1;2614.500;2614.5000;794;1588.00;0.000000E+000;3.726071E-007;0.000000E+000;0.000000E+000;1.302564E-005;0.000000E+000;1.339825E-005
direct_peakw1;2614.500;2614.5000;795;1590.00;0.000000E+000;1.294060E-006;0.000000E+000;0.000000E+000;3.630769E-005;0.000000E+000;3.760175E-005
direct_peakw1;2614.500;2614.5000;796;1592.00;0.000000E+000;1.553879E-006;0.000000E+000;0.000000E+000;0.000000E+000;0.000000E+000;1.553879E-006
direct_peakw1;2614.500;2614.5000;797;1594.00;0.000000E+000;7.794541E-007;0.000000E+000;0.000000E+000;0.000000E+000;0.000000E+000;7.794541E-007
direct_peakw1;2614.500;2614.5000;798;1596.00;0.000000E+000;1.811849E-006;0.000000E+000;0.000000E+000;1.128298E-006;0.000000E+000;2.940147E-006
direct_peakw1;2614.500;2614.5000;799;1598.00;0.000000E+000;1.921455E-006;0.000000E+000;0.000000E+000;5.383687E-007;0.000000E+000;2.459824E-006
direct_peakw1;2614.500;2614.5000;800;1600.00;0.000000E+000;2.666959E-007;0.000000E+000;0.000000E+000;0.000000E+000;0.000000E+000;2.666959E-007
direct_peakw1;2614.500;2614.5000;801;1602.00;0.000000E+000;0.000000E+000;0.000000E+000;0.000000E+000;1.494046E-007;0.000000E+000;1.494046E-007
direct_peakw1;2614.500;2614.5000;802;1604.00;0.000000E+000;7.732700E-007;0.000000E+000;0.000000E+000;2.052510E-007;0.000000E+000;9.785210E-007
direct_peakw1;2614.500;2614.5000;803;1606.00;0.000000E+000;1.649675E-006;0.000000E+000;0.000000E+000;1.008548E-006;0.000000E+000;2.658223E-006
direct_peakw1;2614.500;2614.5000;804;1608.00;0.000000E+000;1.353277E-006;0.000000E+000;0.000000E+000;3.034628E-007;0.000000E+000;1.656739E-006
direct_peakw1;2614.500;2614.5000;805;1610.00;0.000000E+000;2.092206E-006;0.000000E+000;0.000000E+000;0.000000E+000;0.000000E+000;2.092206E-006
direct_peakw1;2614.500;2614.5000;806;1612.00;0.000000E+000;4.649053E-007;0.000000E+000;0.000000E+000;1.729495E-007;0.000000E+000;6.378548E-007
direct_peakw1;2614.500;2614.5000;807;1614.00;0.000000E+000;4.861134E-007;0.000000E+000;0.000000E+000;1.603838E-007;0.000000E+000;6.464972E-007
direct_peakw1;2614.500;2614.5000;808;1616.00;0.000000E+000;1.805533E-007;0.000000E+000;0.000000E+000;0.000000E+000;0.000000E+000;1.805533E-007
direct_peakw1;2614.500;2614.5000;809;1618.00;0.000000E+000;0.000000E+000;0.000000E+000;0.000000E+000;0.000000E+000;0.000000E+000;0.000000E+000
direct_peakw1;2614.500;2614.5000;810;1620.00;0.000000E+000;1.168131E-006;0.000000E+000;0.000000E+000;2.193804E-007;0.000000E+000;1.387512E-006
direct_peakw1;2614.500;2614.5000;811;1622.00;0.000000E+000;2.831869E-006;0.000000E+000;0.000000E+000;7.806196E-007;0.000000E+000;3.612488E-006
direct_peakw1;2614.500;2614.5000;812;1624.00;0.000000E+000;4.884064E-007;0.000000E+000;0.000000E+000;1.221016E-007;0.000000E+000;6.105080E-007
direct_peakw1;2614.500;2614.5000;813;1626.00;0.000000E+000;1.498224E-006;0.000000E+000;0.000000E+000;3.418911E-007;0.000000E+000;1.840115E-006
direct_peakw1;2614.500;2614.5000;814;1628.00;0.000000E+000;1.013370E-006;0.000000E+000;0.000000E+000;2.026740E-007;0.000000E+000;1.216044E-006
direct_peakw1;2614.500;2614.5000;815;1630.00;0.000000E+000;1.750437E-006;0.000000E+000;0.000000E+000;8.752186E-007;0.000000E+000;2.625656E-006
direct_peakw1;2614.500;2614.5000;816;1632.00;0.000000E+000;2.012651E-006;0.000000E+000;0.000000E+000;4.581147E-007;0.000000E+000;2.470766E-006
direct_peakw1;2614.500;2614.5000;817;1634.00;0.000000E+000;1.220058E-006;0.000000E+000;0.000000E+000;2.457866E-007;0.000000E+000;1.465845E-006
direct_peakw1;2614.500;2614.5000;818;1636.00;0.000000E+000;1.447114E-006;1.828211E-007;0.000000E+000;8.754674E-008;0.000000E+000;1.717481E-006
direct_peakw1;2614.500;2614.5000;819;1638.00;0.000000E+000;1.575160E-006;1.505122E-007;0.000000E+000;1.120144E-007;0.000000E+000;1.837686E-006
direct_peakw1;2614.500;2614.5000;820;1640.00;0.000000E+000;1.689536E-006;0.000000E+000;0.000000E+000;2.213189E-007;0.000000E+000;1.910855E-006
direct_peakw1;2614.500;2614.5000;821;1642.00;0.000000E+000;7.084775E-007;0.000000E+000;0.000000E+000;0.000000E+000;0.000000E+000;7.084775E-007
direct_peakw1;2614.500;2614.5000;822;1644.00;0.000000E+000;7.128769E-007;0.000000E+000;0.000000E+000;1.163104E-007;0.000000E+000;8.291873E-007
direct_peakw1;2614.500;2614.5000;823;1646.00;0.000000E+000;1.184881E-006;0.000000E+000;0.000000E+000;1.475207E-006;0.000000E+000;2.660089E-006
direct_peakw1;2614.500;2614.5000;824;1648.00;0.000000E+000;6.988083E-007;0.000000E+000;0.000000E+000;7.418157E-007;0.000000E+000;1.440624E-006
direct_peakw1;2614.500;2614.5000;825;1650.00;0.000000E+000;1.547408E-006;0.000000E+000;0.000000E+000;1.934260E-007;0.000000E+000;1.740834E-006
direct_peakw1;2614.500;2614.5000;826;1652.00;0.000000E+000;1.920611E-006;0.000000E+000;0.000000E+000;5.504012E-007;0.000000E+000;2.471013E-006
direct_peakw1;2614.500;2614.5000;827;1654.00;0.000000E+000;1.522299E-006;0.000000E+000;0.000000E+000;9.131581E-007;0.000000E+000;2.435457E-006
direct_peakw1;2614.500;2614.5000;828;1656.00;0.000000E+000;5.455042E-007;0.000000E+000;0.000000E+000;2.775928E-007;0.000000E+000;8.230969E-007
direct_peakw1;2614.500;2614.5000;829;1658.00;0.000000E+000;3.275740E-007;0.000000E+000;0.000000E+000;6.542189E-008;0.000000E+000;3.929959E-007
direct_peakw1;2614.500;2614.5000;830;1660.00;0.000000E+000;8.859532E-007;0.000000E+000;0.000000E+000;8.268348E-008;0.000000E+000;9.686367E-007
direct_peakw1;2614.500;2614.5000;831;1662.00;0.000000E+000;2.506499E-007;0.000000E+000;0.000000E+000;2.506499E-007;0.000000E+000;5.012997E-007
direct_peakw1;2614.500;2614.5000;832;1664.00;0.000000E+000;0.000000E+000;0.000000E+000;0.000000E+000;0.000000E+000;0.000000E+000;0.000000E+000
direct_peakw1;2614.500;2614.5000;833;1666.00;0.000000E+000;2.027167E-006;0.000000E+000;0.000000E+000;0.000000E+000;0.000000E+000;2.027167E-006
direct_peakw1;2614.500;2614.5000;834;1668.00;0.000000E+000;1.215894E-006;2.881971E-007;0.000000E+000;2.881971E-007;0.000000E+000;1.792288E-006
direct_peakw1;2614.500;2614.5000;835;1670.00;0.000000E+000;1.502932E-006;4.513625E-008;0.000000E+000;4.620660E-007;0.000000E+000;2.010134E-006
direct_peakw1;2614.500;2614.5000;836;1672.00;0.000000E+000;1.565819E-006;0.000000E+000;0.000000E+000;5.830702E-007;0.000000E+000;2.148889E-006
direct_peakw1;2614.500;2614.5000;837;1674.00;0.000000E+000;8.348793E-007;0.000000E+000;0.000000E+000;7.334535E-008;0.000000E+000;9.082247E-007
direct_peakw1;2614.500;2614.5000;838;1676.00;0.000000E+000;5.199760E-007;0.000000E+000;0.000000E+000;2.599880E-007;0.000000E+000;7.799640E-007
direct_peakw1;2614.500;2614.5000;839;1678.00;0.000000E+000;2.867465E-007;0.000000E+000;0.000000E+000;2.150304E-007;0.000000E+000;5.017769E-007
direct_peakw1;2614.500;2614.5000;840;1680.00;0.000000E+000;1.788447E-006;0.000000E+000;0.000000E+000;9.892329E-007;0.000000E+000;2.777680E-006
direct_peakw1;2614.500;2614.5000;841;1682.00;0.000000E+000;2.581400E-007;0.000000E+000;0.000000E+000;1.290700E-007;0.000000E+000;3.872101E-007
direct_peakw1;2614.500;2614.5000;842;1684.00;0.000000E+000;6.448171E-007;0.000000E+000;0.000000E+000;7.404861E-008;0.000000E+000;7.188657E-007
direct_peakw1;2614.500;2614.5000;843;1686.00;0.000000E+000;1.021850E-006;0.000000E+000;0.000000E+000;2.592847E-007;0.000000E+000;1.281134E-006
direct_peakw1;2614.500;2614.5000;844;1688.00;0.000000E+000;7.512093E-007;0.000000E+000;0.000000E+000;8.022213E-009;0.000000E+000;7.592315E-007
direct_peakw1;2614.500;2614.5000;845;1690.00;0.000000E+000;1.582124E-006;0.000000E+000;0.000000E+000;6.586445E-007;0.000000E+000;2.240769E-006
direct_peakw1;2614.500;2614.5000;846;1692.00;0.000000E+000;6.257733E-007;0.000000E+000;0.000000E+000;0.000000E+000;0.000000E+000;6.257733E-007
direct_peakw1;2614.500;2614.5000;847;1694.00;0.000000E+000;1.305849E-006;0.000000E+000;0.000000E+000;2.649561E-007;0.000000E+000;1.570805E-006
direct_peakw1;2614.500;2614.5000;848;1696.00;0.000000E+000;4.668505E-007;0.000000E+000;0.000000E+000;2.676139E-007;0.000000E+000;7.344644E-007
direct_peakw1;2614.500;2614.5000;849;1698.00;0.000000E+000;2.681934E-007;0.000000E+000;0.000000E+000;1.340967E-007;0.000000E+000;4.022901E-007
direct_peakw1;2614.500;2614.5000;850;1700.00;0.000000E+000;1.793551E-007;0.000000E+000;0.000000E+000;2.561526E-008;0.000000E+000;2.049703E-007
direct_peakw1;2614.500;2614.5000;851;1702.00;0.000000E+000;1.959053E-006;0.000000E+000;0.000000E+000;3.077181E-007;0.000000E+000;2.266771E-006
direct_peakw1;2614.500;2614.5000;852;1704.00;0.000000E+000;5.282587E-007;0.000000E+000;0.000000E+000;0.000000E+000;0.000000E+000;5.282587E-007
direct_peakw1;2614.500;2614.5000;853;1706.00;0.000000E+000;1.210538E-006;0.000000E+000;0.000000E+000;2.709041E-007;0.000000E+000;1.481442E-006
direct_peakw1;2614.500;2614.5000;854;1708.00;0.000000E+000;9.600591E-007;0.000000E+000;0.000000E+000;6.242926E-008;0.000000E+000;1.022488E-006
direct_peakw1;2614.500;2614.5000;855;1710.00;0.000000E+000;1.829403E-006;0.000000E+000;0.000000E+000;0.000000E+000;0.000000E+000;1.829403E-006
direct_peakw1;2614.500;2614.5000;856;1712.00;0.000000E+000;0.000000E+000;0.000000E+000;0.000000E+000;0.000000E+000;0.000000E+000;0.000000E+000
direct_peakw1;2614.500;2614.5000;857;1714.00;0.000000E+000;6.788662E-007;0.000000E+000;0.000000E+000;8.206531E-008;0.000000E+000;7.609315E-007
direct_peakw1;2614.500;2614.5000;858;1716.00;0.000000E+000;2.321134E-006;0.000000E+000;0.000000E+000;2.512680E-007;0.000000E+000;2.572402E-006
direct_peakw1;2614.500;2614.5000;859;1718.00;0.000000E+000;9.232269E-007;0.000000E+000;0.000000E+000;3.692907E-007;0.000000E+000;1.292518E-006
direct_peakw1;2614.500;2614.5000;860;1720.00;0.000000E+000;7.434398E-007;0.000000E+000;0.000000E+000;2.973759E-007;0.000000E+000;1.040816E-006
direct_peakw1;2614.500;2614.5000;861;1722.00;0.000000E+000;1.821602E-006;0.000000E+000;0.000000E+000;7.691454E-008;0.000000E+000;1.898516E-006
direct_peakw1;2614.500;2614.5000;862;1724.00;0.000000E+000;2.475849E-006;0.000000E+000;0.000000E+000;5.087327E-007;0.000000E+000;2.984582E-006
direct_peakw1;2614.500;2614.5000;863;1726.00;0.000000E+000;1.035882E-006;0.000000E+000;0.000000E+000;4.143528E-007;0.000000E+000;1.450235E-006
direct_peakw1;2614.500;2614.5000;864;1728.00;0.000000E+000;6.252019E-007;0.000000E+000;0.000000E+000;1.789150E-007;0.000000E+000;8.041169E-007
direct_peakw1;2614.500;2614.5000;865;1730.00;0.000000E+000;2.158549E-006;0.000000E+000;0.000000E+000;4.877517E-007;0.000000E+000;2.646301E-006
direct_peakw1;2614.500;2614.5000;866;1732.00;0.000000E+000;2.352377E-006;0.000000E+000;0.000000E+000;8.520960E-007;0.000000E+000;3.204473E-006
direct_peakw1;2614.500;2614.5000;867;1734.00;0.000000E+000;1.972053E-007;0.000000E+000;0.000000E+000;1.479039E-007;0.000000E+000;3.451092E-007
direct_peakw1;2614.500;2614.5000;868;1736.00;0.000000E+000;1.187763E-006;0.000000E+000;0.000000E+000;1.126708E-007;0.000000E+000;1.300434E-006
direct_peakw1;2614.500;2614.5000;869;1738.00;0.000000E+000;2.478904E-006;0.000000E+000;0.000000E+000;2.206625E-007;0.000000E+000;2.699567E-006
direct_peakw1;2614.500;2614.5000;870;1740.00;0.000000E+000;0.000000E+000;0.000000E+000;0.000000E+000;0.000000E+000;0.000000E+000;0.000000E+000
direct_peakw1;2614.500;2614.5000;871;1742.00;0.000000E+000;4.986450E-007;0.000000E+000;0.000000E+000;8.528225E-008;0.000000E+000;5.839273E-007
direct_peakw1;2614.500;2614.5000;872;1744.00;0.000000E+000;1.103644E-006;0.000000E+000;0.000000E+000;7.302529E-007;0.000000E+000;1.833896E-006
direct_peakw1;2614.500;2614.5000;873;1746.00;0.000000E+000;1.731045E-006;0.000000E+000;0.000000E+000;1.844649E-007;0.000000E+000;1.915510E-006
direct_peakw1;2614.500;2614.5000;874;1748.00;0.000000E+000;4.653480E-007;0.000000E+000;0.000000E+000;4.653480E-007;0.000000E+000;9.306960E-007
direct_peakw1;2614.500;2614.5000;875;1750.00;0.000000E+000;1.445787E-006;0.000000E+000;0.000000E+000;7.624357E-007;0.000000E+000;2.208222E-006
direct_peakw1;2614.500;2614.5000;876;1752.00;0.000000E+000;4.221986E-007;0.000000E+000;0.000000E+000;3.828700E-007;0.000000E+000;8.050687E-007
direct_peakw1;2614.500;2614.5000;877;1754.00;0.000000E+000;5.148817E-007;0.000000E+000;0.000000E+000;1.589893E-007;0.000000E+000;6.738709E-007
direct_peakw1;2614.500;2614.5000;878;1756.00;0.000000E+000;1.151785E-006;0.000000E+000;0.000000E+000;2.303570E-007;0.000000E+000;1.382142E-006
direct_peakw1;2614.500;2614.5000;879;1758.00;0.000000E+000;4.144887E-007;0.000000E+000;0.000000E+000;0.000000E+000;0.000000E+000;4.144887E-007
direct_peakw1;2614.500;2614.5000;880;1760.00;0.000000E+000;1.637163E-006;0.000000E+000;0.000000E+000;1.733584E-007;0.000000E+000;1.810521E-006
direct_peakw1;2614.500;2614.5000;881;1762.00;0.000000E+000;9.483485E-007;0.000000E+000;0.000000E+000;1.599749E-007;0.000000E+000;1.108323E-006
direct_peakw1;2614.500;2614.5000;882;1764.00;0.000000E+000;1.792239E-006;0.000000E+000;0.000000E+000;0.000000E+000;0.000000E+000;1.792239E-006
direct_peakw1;2614.500;2614.5000;883;1766.00;0.000000E+000;8.212261E-007;0.000000E+000;0.000000E+000;0.000000E+000;0.000000E+000;8.212261E-007
direct_peakw1;2614.500;2614.5000;884;1768.00;0.000000E+000;1.541473E-006;0.000000E+000;0.000000E+000;6.197497E-008;0.000000E+000;1.603448E-006
direct_peakw1;2614.500;2614.5000;885;1770.00;0.000000E+000;1.511729E-006;0.000000E+000;0.000000E+000;6.046917E-007;0.000000E+000;2.116421E-006
direct_peakw1;2614.500;2614.5000;886;1772.00;0.000000E+000;1.065004E-006;0.000000E+000;0.000000E+000;0.000000E+000;0.000000E+000;1.065004E-006
direct_peakw1;2614.500;2614.5000;887;1774.00;0.000000E+000;1.852878E-006;0.000000E+000;0.000000E+000;1.251215E-006;0.000000E+000;3.104092E-006
direct_peakw1;2614.500;2614.5000;888;1776.00;0.000000E+000;9.710803E-007;0.000000E+000;0.000000E+000;4.565949E-007;0.000000E+000;1.427675E-006
direct_peakw1;2614.500;2614.5000;889;1778.00;0.000000E+000;1.777705E-006;0.000000E+000;0.000000E+000;6.255239E-007;0.000000E+000;2.403229E-006
direct_peakw1;2614.500;2614.5000;890;1780.00;0.000000E+000;0.000000E+000;0.000000E+000;0.000000E+000;0.000000E+000;0.000000E+000;0.000000E+000
direct_peakw1;2614.500;2614.5000;891;1782.00;0.000000E+000;3.271589E-007;0.000000E+000;0.000000E+000;0.000000E+000;0.000000E+000;3.271589E-007
direct_peakw1;2614.500;2614.5000;892;1784.00;0.000000E+000;1.602470E-006;0.000000E+000;0.000000E+000;9.472215E-007;0.000000E+000;2.549691E-006
direct_peakw1;2614.500;2614.5000;893;1786.00;0.000000E+000;2.455965E-006;1.025370E-007;0.000000E+000;9.758991E-007;0.000000E+000;3.534401E-006
direct_peakw1;2614.500;2614.5000;894;1788.00;0.000000E+000;3.614406E-006;2.307964E-007;0.000000E+000;4.102128E-007;0.000000E+000;4.255415E-006
direct_peakw1;2614.500;2614.5000;895;1790.00;0.000000E+000;0.000000E+000;0.000000E+000;0.000000E+000;0.000000E+000;0.000000E+000;0.000000E+000
direct_peakw1;2614.500;2614.5000;896;1792.00;0.000000E+000;1.480576E-006;1.162186E-007;0.000000E+000;1.032365E-006;0.000000E+000;2.629160E-006
direct_peakw1;2614.500;2614.5000;897;1794.00;0.000000E+000;1.852758E-006;2.171147E-007;0.000000E+000;1.300968E-006;0.000000E+000;3.370840E-006
direct_peakw1;2614.500;2614.5000;898;1796.00;0.000000E+000;9.507398E-007;0.000000E+000;0.000000E+000;6.338266E-007;0.000000E+000;1.584566E-006
direct_peakw1;2614.500;2614.5000;899;1798.00;0.000000E+000;4.926016E-008;0.000000E+000;0.000000E+000;3.284011E-008;0.000000E+000;8.210026E-008
direct_peakw1;2614.500;2614.5000;900;1800.00;0.000000E+000;0.000000E+000;0.000000E+000;0.000000E+000;0.000000E+000;0.000000E+000;0.000000E+000
direct_peakw1;2614.500;2614.5000;901;1802.00;0.000000E+000;1.141168E-006;0.000000E+000;0.000000E+000;1.088447E-006;0.000000E+000;2.229614E-006
direct_peakw1;2614.500;2614.5000;902;1804.00;0.000000E+000;2.170655E-006;0.000000E+000;0.000000E+000;5.782200E-007;0.000000E+000;2.748875E-006
direct_peakw1;2614.500;2614.5000;903;1806.00;0.000000E+000;6.881774E-007;0.000000E+000;0.000000E+000;0.000000E+000;0.000000E+000;6.881774E-007
direct_peakw1;2614.500;2614.5000;904;1808.00;0.000000E+000;1.231044E-006;0.000000E+000;0.000000E+000;3.174552E-008;0.000000E+000;1.262789E-006
direct_peakw1;2614.500;2614.5000;905;1810.00;0.000000E+000;1.761454E-006;0.000000E+000;0.000000E+000;9.682544E-007;0.000000E+000;2.729708E-006
direct_peakw1;2614.500;2614.5000;906;1812.00;0.000000E+000;1.082237E-006;0.000000E+000;0.000000E+000;0.000000E+000;0.000000E+000;1.082237E-006
direct_peakw1;2614.500;2614.5000;907;1814.00;0.000000E+000;1.661781E-006;0.000000E+000;0.000000E+000;0.000000E+000;0.000000E+000;1.661781E-006
direct_peakw1;2614.500;2614.5000;908;1816.00;0.000000E+000;5.968184E-007;0.000000E+000;0.000000E+000;0.000000E+000;0.000000E+000;5.968184E-007
direct_peakw1;2614.500;2614.5000;909;1818.00;0.000000E+000;0.000000E+000;0.000000E+000;0.000000E+000;0.000000E+000;0.000000E+000;0.000000E+000
direct_peakw1;2614.500;2614.5000;910;1820.00;0.000000E+000;1.188484E-006;0.000000E+000;0.000000E+000;7.273561E-007;0.000000E+000;1.915840E-006
direct_peakw1;2614.500;2614.5000;911;1822.00;0.000000E+000;5.705083E-007;0.000000E+000;0.000000E+000;2.726439E-007;0.000000E+000;8.431522E-007
direct_peakw1;2614.500;2614.5000;912;1824.00;0.000000E+000;2.030238E-006;0.000000E+000;0.000000E+000;5.101349E-007;0.000000E+000;2.540373E-006
direct_peakw1;2614.500;2614.5000;913;1826.00;0.000000E+000;1.544385E-006;0.000000E+000;0.000000E+000;3.788481E-007;0.000000E+000;1.923233E-006
direct_peakw1;2614.500;2614.5000;914;1828.00;0.000000E+000;4.691898E-007;0.000000E+000;0.000000E+000;1.110170E-007;0.000000E+000;5.802067E-007
direct_peakw1;2614.500;2614.5000;915;1830.00;0.000000E+000;1.815903E-006;0.000000E+000;0.000000E+000;2.312441E-007;0.000000E+000;2.047147E-006
direct_peakw1;2614.500;2614.5000;916;1832.00;0.000000E+000;1.938502E-006;0.000000E+000;0.000000E+000;1.020892E-007;0.000000E+000;2.040591E-006
direct_peakw1;2614.500;2614.5000;917;1834.00;0.000000E+000;4.427889E-007;0.000000E+000;0.000000E+000;0.000000E+000;0.000000E+000;4.427889E-007
direct_peakw1;2614.500;2614.5000;918;1836.00;0.000000E+000;0.000000E+000;0.000000E+000;0.000000E+000;0.000000E+000;0.000000E+000;0.000000E+000
direct_peakw1;2614.500;2614.5000;919;1838.00;0.000000E+000;1.692838E-006;0.000000E+000;0.000000E+000;3.797408E-007;0.000000E+000;2.072579E-006
direct_peakw1;2614.500;2614.5000;920;1840.00;0.000000E+000;2.011333E-006;0.000000E+000;0.000000E+000;7.529732E-007;0.000000E+000;2.764306E-006
direct_peakw1;2614.500;2614.5000;921;1842.00;0.000000E+000;1.295829E-006;0.000000E+000;0.000000E+000;5.339527E-007;0.000000E+000;1.829782E-006
direct_peakw1;2614.500;2614.5000;922;1844.00;0.000000E+000;1.188224E-007;0.000000E+000;0.000000E+000;7.921496E-008;0.000000E+000;1.980374E-007
direct_peakw1;2614.500;2614.5000;923;1846.00;0.000000E+000;1.296184E-006;0.000000E+000;0.000000E+000;5.874517E-007;0.000000E+000;1.883635E-006
direct_peakw1;2614.500;2614.5000;924;1848.00;0.000000E+000;2.051807E-006;5.107055E-007;0.000000E+000;0.000000E+000;0.000000E+000;2.562513E-006
direct_peakw1;2614.500;2614.5000;925;1850.00;0.000000E+000;8.665200E-007;4.892946E-007;0.000000E+000;0.000000E+000;0.000000E+000;1.355815E-006
direct_peakw1;2614.500;2614.5000;926;1852.00;0.000000E+000;2.160880E-007;7.202933E-008;0.000000E+000;0.000000E+000;0.000000E+000;2.881173E-007
direct_peakw1;2614.500;2614.5000;927;1854.00;0.000000E+000;2.455126E-006;2.613040E-007;0.000000E+000;0.000000E+000;0.000000E+000;2.716430E-006
direct_peakw1;2614.500;2614.5000;928;1856.00;0.000000E+000;1.328786E-006;0.000000E+000;0.000000E+000;0.000000E+000;0.000000E+000;1.328786E-006
direct_peakw1;2614.500;2614.5000;929;1858.00;0.000000E+000;5.469108E-007;9.115180E-008;0.000000E+000;9.115180E-008;0.000000E+000;7.292144E-007
direct_peakw1;2614.500;2614.5000;930;1860.00;0.000000E+000;1.453089E-006;2.421815E-007;0.000000E+000;2.421815E-007;0.000000E+000;1.937452E-006
direct_peakw1;2614.500;2614.5000;931;1862.00;0.000000E+000;0.000000E+000;0.000000E+000;0.000000E+000;0.000000E+000;0.000000E+000;0.000000E+000
direct_peakw1;2614.500;2614.5000;932;1864.00;0.000000E+000;8.614570E-007;0.000000E+000;0.000000E+000;1.105978E-007;0.000000E+000;9.720549E-007
direct_peakw1;2614.500;2614.5000;933;1866.00;0.000000E+000;2.475598E-006;0.000000E+000;0.000000E+000;2.227355E-007;0.000000E+000;2.698334E-006
direct_peakw1;2614.500;2614.5000;934;1868.00;0.000000E+000;3.444108E-006;8.967177E-007;0.000000E+000;1.136237E-007;0.000000E+000;4.454449E-006
direct_peakw1;2614.500;2614.5000;935;1870.00;0.000000E+000;1.033317E-006;9.624079E-007;0.000000E+000;3.159391E-007;0.000000E+000;2.311664E-006
direct_peakw1;2614.500;2614.5000;936;1872.00;0.000000E+000;1.914857E-006;5.739685E-007;0.000000E+000;2.371039E-007;0.000000E+000;2.725930E-006
direct_peakw1;2614.500;2614.5000;937;1874.00;0.000000E+000;1.937329E-006;2.335726E-007;0.000000E+000;0.000000E+000;0.000000E+000;2.170901E-006
direct_peakw1;2614.500;2614.5000;938;1876.00;0.000000E+000;4.097406E-007;0.000000E+000;0.000000E+000;1.365802E-007;0.000000E+000;5.463208E-007
direct_peakw1;2614.500;2614.5000;939;1878.00;0.000000E+000;5.902594E-007;0.000000E+000;0.000000E+000;1.967531E-007;0.000000E+000;7.870125E-007
direct_peakw1;2614.500;2614.5000;940;1880.00;0.000000E+000;0.000000E+000;0.000000E+000;0.000000E+000;0.000000E+000;0.000000E+000;0.000000E+000
direct_peakw1;2614.500;2614.5000;941;1882.00;0.000000E+000;2.005192E-006;0.000000E+000;0.000000E+000;0.000000E+000;0.000000E+000;2.005192E-006
direct_peakw1;2614.500;2614.5000;942;1884.00;0.000000E+000;1.968864E-006;4.195094E-007;0.000000E+000;0.000000E+000;0.000000E+000;2.388373E-006
direct_peakw1;2614.500;2614.5000;943;1886.00;0.000000E+000;1.359278E-006;2.471573E-007;0.000000E+000;0.000000E+000;0.000000E+000;1.606435E-006
direct_peakw1;2614.500;2614.5000;944;1888.00;0.000000E+000;0.000000E+000;0.000000E+000;0.000000E+000;0.000000E+000;0.000000E+000;0.000000E+000
direct_peakw1;2614.500;2614.5000;945;1890.00;0.000000E+000;2.482162E-006;3.871238E-007;0.000000E+000;0.000000E+000;0.000000E+000;2.869285E-006
direct_peakw1;2614.500;2614.5000;946;1892.00;0.000000E+000;2.018487E-006;6.133082E-007;0.000000E+000;0.000000E+000;0.000000E+000;2.631795E-006
direct_peakw1;2614.500;2614.5000;947;1894.00;0.000000E+000;1.188829E-006;5.052705E-007;0.000000E+000;0.000000E+000;0.000000E+000;1.694099E-006
direct_peakw1;2614.500;2614.5000;948;1896.00;0.000000E+000;6.438565E-007;1.609641E-007;0.000000E+000;0.000000E+000;0.000000E+000;8.048207E-007
direct_peakw1;2614.500;2614.5000;949;1898.00;0.000000E+000;1.358540E-007;0.000000E+000;0.000000E+000;0.000000E+000;0.000000E+000;1.358540E-007
direct_peakw1;2614.500;2614.5000;950;1900.00;0.000000E+000;8.641460E-007;0.000000E+000;0.000000E+000;0.000000E+000;0.000000E+000;8.641460E-007
direct_peakw1;2614.500;2614.5000;951;1902.00;0.000000E+000;4.042499E-006;3.238630E-007;0.000000E+000;3.238630E-007;0.000000E+000;4.690225E-006
direct_peakw1;2614.500;2614.5000;952;1904.00;0.000000E+000;9.575009E-007;9.470324E-009;0.000000E+000;9.470324E-009;0.000000E+000;9.764415E-007
direct_peakw1;2614.500;2614.5000;953;1906.00;0.000000E+000;1.167859E-006;5.839296E-007;0.000000E+000;0.000000E+000;0.000000E+000;1.751789E-006
direct_peakw1;2614.500;2614.5000;954;1908.00;0.000000E+000;1.307695E-006;2.369784E-007;0.000000E+000;1.083864E-007;0.000000E+000;1.653060E-006
direct_peakw1;2614.500;2614.5000;955;1910.00;0.000000E+000;1.524446E-006;1.790920E-007;0.000000E+000;2.249469E-007;0.000000E+000;1.928484E-006
direct_peakw1;2614.500;2614.5000;956;1912.00;0.000000E+000;1.400312E-006;5.330168E-007;0.000000E+000;0.000000E+000;0.000000E+000;1.933329E-006
direct_peakw1;2614.500;2614.5000;957;1914.00;0.000000E+000;1.599687E-006;1.336499E-007;0.000000E+000;0.000000E+000;0.000000E+000;1.733337E-006
direct_peakw1;2614.500;2614.5000;958;1916.00;0.000000E+000;1.692912E-007;0.000000E+000;0.000000E+000;1.692912E-007;0.000000E+000;3.385823E-007
direct_peakw1;2614.500;2614.5000;959;1918.00;0.000000E+000;1.640422E-007;0.000000E+000;0.000000E+000;1.640422E-007;0.000000E+000;3.280843E-007
direct_peakw1;2614.500;2614.5000;960;1920.00;0.000000E+000;1.592043E-006;1.449633E-007;0.000000E+000;0.000000E+000;0.000000E+000;1.737006E-006
direct_peakw1;2614.500;2614.5000;961;1922.00;0.000000E+000;1.508067E-006;2.384251E-007;0.000000E+000;0.000000E+000;0.000000E+000;1.746493E-006
direct_peakw1;2614.500;2614.5000;962;1924.00;0.000000E+000;1.375926E-006;5.530682E-007;0.000000E+000;0.000000E+000;0.000000E+000;1.928995E-006
direct_peakw1;2614.500;2614.5000;963;1926.00;0.000000E+000;1.503249E-006;3.968767E-007;0.000000E+000;0.000000E+000;0.000000E+000;1.900126E-006
direct_peakw1;2614.500;2614.5000;964;1928.00;0.000000E+000;2.583540E-006;0.000000E+000;0.000000E+000;2.369605E-007;0.000000E+000;2.820500E-006
direct_peakw1;2614.500;2614.5000;965;1930.00;0.000000E+000;1.868281E-006;0.000000E+000;0.000000E+000;9.637288E-008;0.000000E+000;1.964654E-006
direct_peakw1;2614.500;2614.5000;966;1932.00;0.000000E+000;5.688935E-007;0.000000E+000;0.000000E+000;0.000000E+000;0.000000E+000;5.688935E-007
direct_peakw1;2614.500;2614.5000;967;1934.00;0.000000E+000;1.400905E-006;0.000000E+000;0.000000E+000;0.000000E+000;0.000000E+000;1.400905E-006
direct_peakw1;2614.500;2614.5000;968;1936.00;0.000000E+000;9.324286E-007;0.000000E+000;0.000000E+000;0.000000E+000;0.000000E+000;9.324286E-007
direct_peakw1;2614.500;2614.5000;969;1938.00;0.000000E+000;0.000000E+000;0.000000E+000;0.000000E+000;0.000000E+000;0.000000E+000;0.000000E+000
direct_peakw1;2614.500;2614.5000;970;1940.00;0.000000E+000;6.156391E-007;1.505514E-007;0.000000E+000;1.572681E-007;0.000000E+000;9.234586E-007
direct_peakw1;2614.500;2614.5000;971;1942.00;0.000000E+000;7.176943E-007;1.827819E-007;0.000000E+000;1.760652E-007;0.000000E+000;1.076541E-006
direct_peakw1;2614.500;2614.5000;972;1944.00;0.000000E+000;1.265969E-006;1.035356E-007;0.000000E+000;0.000000E+000;0.000000E+000;1.369504E-006
direct_peakw1;2614.500;2614.5000;973;1946.00;0.000000E+000;3.022112E-006;3.854756E-007;0.000000E+000;0.000000E+000;0.000000E+000;3.407587E-006
direct_peakw1;2614.500;2614.5000;974;1948.00;0.000000E+000;1.573443E-006;1.776555E-007;0.000000E+000;0.000000E+000;0.000000E+000;1.751098E-006
direct_peakw1;2614.500;2614.5000;975;1950.00;0.000000E+000;1.384769E-007;0.000000E+000;0.000000E+000;0.000000E+000;0.000000E+000;1.384769E-007
direct_peakw1;2614.500;2614.5000;976;1952.00;0.000000E+000;2.591017E-006;0.000000E+000;0.000000E+000;0.000000E+000;0.000000E+000;2.591017E-006
direct_peakw1;2614.500;2614.5000;977;1954.00;0.000000E+000;1.742316E-006;0.000000E+000;0.000000E+000;0.000000E+000;0.000000E+000;1.742316E-006
direct_peakw1;2614.500;2614.5000;978;1956.00;0.000000E+000;7.829669E-007;0.000000E+000;0.000000E+000;0.000000E+000;0.000000E+000;7.829669E-007
direct_peakw1;2614.500;2614.5000;979;1958.00;0.000000E+000;1.780520E-006;0.000000E+000;0.000000E+000;8.049814E-008;0.000000E+000;1.861018E-006
direct_peakw1;2614.500;2614.5000;980;1960.00;0.000000E+000;2.735138E-006;0.000000E+000;0.000000E+000;2.528352E-007;0.000000E+000;2.987973E-006
direct_peakw1;2614.500;2614.5000;981;1962.00;0.000000E+000;2.034709E-006;0.000000E+000;0.000000E+000;0.000000E+000;0.000000E+000;2.034709E-006
direct_peakw1;2614.500;2614.5000;982;1964.00;0.000000E+000;0.000000E+000;0.000000E+000;0.000000E+000;0.000000E+000;0.000000E+000;0.000000E+000
direct_peakw1;2614.500;2614.5000;983;1966.00;0.000000E+000;6.517932E-007;0.000000E+000;0.000000E+000;3.258966E-007;0.000000E+000;9.776898E-007
direct_peakw1;2614.500;2614.5000;984;1968.00;0.000000E+000;2.044816E-006;0.000000E+000;0.000000E+000;7.436746E-009;0.000000E+000;2.052252E-006
direct_peakw1;2614.500;2614.5000;985;1970.00;0.000000E+000;1.685125E-006;0.000000E+000;0.000000E+000;0.000000E+000;0.000000E+000;1.685125E-006
direct_peakw1;2614.500;2614.5000;986;1972.00;0.000000E+000;2.825296E-006;0.000000E+000;0.000000E+000;0.000000E+000;0.000000E+000;2.825296E-006
direct_peakw1;2614.500;2614.5000;987;1974.00;0.000000E+000;1.126304E-006;0.000000E+000;0.000000E+000;0.000000E+000;0.000000E+000;1.126304E-006
direct_peakw1;2614.500;2614.5000;988;1976.00;0.000000E+000;3.187683E-006;9.560851E-008;0.000000E+000;0.000000E+000;0.000000E+000;3.283292E-006
direct_peakw1;2614.500;2614.5000;989;1978.00;0.000000E+000;2.145650E-006;2.377248E-007;0.000000E+000;0.000000E+000;0.000000E+000;2.383375E-006
direct_peakw1;2614.500;2614.5000;990;1980.00;0.000000E+000;2.950329E-008;0.000000E+000;0.000000E+000;0.000000E+000;0.000000E+000;2.950329E-008
direct_peakw1;2614.500;2614.5000;991;1982.00;0.000000E+000;2.303830E-006;0.000000E+000;0.000000E+000;0.000000E+000;0.000000E+000;2.303830E-006
direct_peakw1;2614.500;2614.5000;992;1984.00;0.000000E+000;4.315570E-007;0.000000E+000;0.000000E+000;0.000000E+000;0.000000E+000;4.315570E-007
direct_peakw1;2614.500;2614.5000;993;1986.00;0.000000E+000;5.684431E-007;0.000000E+000;0.000000E+000;0.000000E+000;0.000000E+000;5.684431E-007
direct_peakw1;2614.500;2614.5000;994;1988.00;0.000000E+000;2.537603E-006;2.061412E-007;0.000000E+000;0.000000E+000;0.000000E+000;2.743744E-006
direct_peakw1;2614.500;2614.5000;995;1990.00;0.000000E+000;3.342288E-006;1.271921E-007;0.000000E+000;0.000000E+000;0.000000E+000;3.469480E-006
direct_peakw1;2614.500;2614.5000;996;1992.00;0.000000E+000;1.020496E-006;0.000000E+000;0.000000E+000;0.000000E+000;0.000000E+000;1.020496E-006
direct_peakw1;2614.500;2614.5000;997;1994.00;0.000000E+000;7.662804E-007;0.000000E+000;0.000000E+000;0.000000E+000;0.000000E+000;7.662804E-007
direct_peakw1;2614.500;2614.5000;998;1996.00;0.000000E+000;0.000000E+000;0.000000E+000;0.000000E+000;0.000000E+000;0.000000E+000;0.000000E+000
direct_peakw1;2614.500;2614.5000;999;1998.00;0.000000E+000;1.715950E-006;0.000000E+000;0.000000E+000;0.000000E+000;0.000000E+000;1.715950E-006
direct_peakw1;2614.500;2614.5000;1000;2000.00;0.000000E+000;4.239591E-006;0.000000E+000;0.000000E+000;0.000000E+000;0.000000E+000;4.239591E-006
direct_peakw1;2614.500;2614.5000;1001;2002.00;0.000000E+000;3.777919E-007;0.000000E+000;0.000000E+000;0.000000E+000;0.000000E+000;3.777919E-007
direct_peakw1;2614.500;2614.5000;1002;2004.00;0.000000E+000;3.914623E-007;0.000000E+000;0.000000E+000;0.000000E+000;0.000000E+000;3.914623E-007
direct_peakw1;2614.500;2614.5000;1003;2006.00;0.000000E+000;3.568762E-006;3.283614E-007;0.000000E+000;0.000000E+000;0.000000E+000;3.897123E-006
direct_peakw1;2614.500;2614.5000;1004;2008.00;0.000000E+000;6.705284E-007;4.971966E-009;0.000000E+000;0.000000E+000;0.000000E+000;6.755004E-007
direct_peakw1;2614.500;2614.5000;1005;2010.00;0.000000E+000;1.545181E-006;0.000000E+000;0.000000E+000;0.000000E+000;0.000000E+000;1.545181E-006
direct_peakw1;2614.500;2614.5000;1006;2012.00;0.000000E+000;1.132018E-006;0.000000E+000;0.000000E+000;0.000000E+000;0.000000E+000;1.132018E-006
direct_peakw1;2614.500;2614.5000;1007;2014.00;0.000000E+000;3.190752E-006;0.000000E+000;0.000000E+000;2.617195E-007;0.000000E+000;3.452472E-006
direct_peakw1;2614.500;2614.5000;1008;2016.00;0.000000E+000;5.012965E-007;0.000000E+000;0.000000E+000;7.161379E-008;0.000000E+000;5.729103E-007
direct_peakw1;2614.500;2614.5000;1009;2018.00;0.000000E+000;7.025488E-007;0.000000E+000;0.000000E+000;0.000000E+000;0.000000E+000;7.025488E-007
direct_peakw1;2614.500;2614.5000;1010;2020.00;0.000000E+000;9.555288E-007;0.000000E+000;0.000000E+000;0.000000E+000;0.000000E+000;9.555288E-007
direct_peakw1;2614.500;2614.5000;1011;2022.00;0.000000E+000;2.665217E-006;0.000000E+000;0.000000E+000;0.000000E+000;0.000000E+000;2.665217E-006
direct_peakw1;2614.500;2614.5000;1012;2024.00;0.000000E+000;1.260004E-006;0.000000E+000;0.000000E+000;0.000000E+000;0.000000E+000;1.260004E-006
direct_peakw1;2614.500;2614.5000;1013;2026.00;0.000000E+000;1.322360E-007;0.000000E+000;0.000000E+000;1.628923E-008;0.000000E+000;1.485252E-007
direct_peakw1;2614.500;2614.5000;1014;2028.00;0.000000E+000;2.277091E-006;0.000000E+000;0.000000E+000;3.170441E-007;0.000000E+000;2.594135E-006
direct_peakw1;2614.500;2614.5000;1015;2030.00;0.000000E+000;6.126992E-007;0.000000E+000;0.000000E+000;0.000000E+000;0.000000E+000;6.126992E-007
direct_peakw1;2614.500;2614.5000;1016;2032.00;0.000000E+000;3.946759E-007;0.000000E+000;0.000000E+000;0.000000E+000;0.000000E+000;3.946759E-007
direct_peakw1;2614.500;2614.5000;1017;2034.00;0.000000E+000;2.732104E-006;0.000000E+000;0.000000E+000;0.000000E+000;0.000000E+000;2.732104E-006
direct_peakw1;2614.500;2614.5000;1018;2036.00;0.000000E+000;9.345626E-007;0.000000E+000;0.000000E+000;0.000000E+000;0.000000E+000;9.345626E-007
direct_peakw1;2614.500;2614.5000;1019;2038.00;0.000000E+000;0.000000E+000;0.000000E+000;0.000000E+000;0.000000E+000;0.000000E+000;0.000000E+000
direct_peakw1;2614.500;2614.5000;1020;2040.00;0.000000E+000;6.574696E-007;0.000000E+000;0.000000E+000;0.000000E+000;0.000000E+000;6.574696E-007
direct_peakw1;2614.500;2614.5000;1021;2042.00;0.000000E+000;2.486011E-006;0.000000E+000;0.000000E+000;0.000000E+000;0.000000E+000;2.486011E-006
direct_peakw1;2614.500;2614.5000;1022;2044.00;0.000000E+000;1.091273E-006;0.000000E+000;0.000000E+000;0.000000E+000;0.000000E+000;1.091273E-006
direct_peakw1;2614.500;2614.5000;1023;2046.00;0.000000E+000;3.062154E-006;0.000000E+000;0.000000E+000;0.000000E+000;0.000000E+000;3.062154E-006
direct_peakw1;2614.500;2614.5000;1024;2048.00;0.000000E+000;1.662775E-006;0.000000E+000;0.000000E+000;0.000000E+000;0.000000E+000;1.662775E-006
direct_peakw1;2614.500;2614.5000;1025;2050.00;0.000000E+000;1.003374E-006;0.000000E+000;0.000000E+000;0.000000E+000;0.000000E+000;1.003374E-006
direct_peakw1;2614.500;2614.5000;1026;2052.00;0.000000E+000;3.702764E-007;0.000000E+000;0.000000E+000;0.000000E+000;0.000000E+000;3.702764E-007
direct_peakw1;2614.500;2614.5000;1027;2054.00;0.000000E+000;1.197576E-006;0.000000E+000;0.000000E+000;0.000000E+000;0.000000E+000;1.197576E-006
direct_peakw1;2614.500;2614.5000;1028;2056.00;0.000000E+000;2.802424E-006;0.000000E+000;0.000000E+000;0.000000E+000;0.000000E+000;2.802424E-006
direct_peakw1;2614.500;2614.5000;1029;2058.00;0.000000E+000;2.949804E-007;0.000000E+000;0.000000E+000;0.000000E+000;0.000000E+000;2.949804E-007
direct_peakw1;2614.500;2614.5000;1030;2060.00;0.000000E+000;2.223188E-006;0.000000E+000;0.000000E+000;0.000000E+000;0.000000E+000;2.223188E-006
direct_peakw1;2614.500;2614.5000;1031;2062.00;0.000000E+000;1.579985E-006;0.000000E+000;0.000000E+000;0.000000E+000;0.000000E+000;1.579985E-006
direct_peakw1;2614.500;2614.5000;1032;2064.00;0.000000E+000;5.685130E-007;0.000000E+000;0.000000E+000;0.000000E+000;0.000000E+000;5.685130E-007
direct_peakw1;2614.500;2614.5000;1033;2066.00;0.000000E+000;3.816380E-007;0.000000E+000;0.000000E+000;0.000000E+000;0.000000E+000;3.816380E-007
direct_peakw1;2614.500;2614.5000;1034;2068.00;0.000000E+000;2.890308E-006;0.000000E+000;0.000000E+000;0.000000E+000;0.000000E+000;2.890308E-006
direct_peakw1;2614.500;2614.5000;1035;2070.00;0.000000E+000;8.926920E-007;0.000000E+000;0.000000E+000;0.000000E+000;0.000000E+000;8.926920E-007
direct_peakw1;2614.500;2614.5000;1036;2072.00;0.000000E+000;2.630106E-006;1.273638E-007;0.000000E+000;0.000000E+000;0.000000E+000;2.757470E-006
direct_peakw1;2614.500;2614.5000;1037;2074.00;0.000000E+000;2.538589E-006;2.059695E-007;0.000000E+000;0.000000E+000;0.000000E+000;2.744559E-006
direct_peakw1;2614.500;2614.5000;1038;2076.00;0.000000E+000;2.296666E-006;2.389799E-007;0.000000E+000;0.000000E+000;0.000000E+000;2.535646E-006
direct_peakw1;2614.500;2614.5000;1039;2078.00;0.000000E+000;2.706843E-006;9.435348E-008;0.000000E+000;0.000000E+000;0.000000E+000;2.801197E-006
direct_peakw1;2614.500;2614.5000;1040;2080.00;0.000000E+000;6.631570E-007;0.000000E+000;0.000000E+000;0.000000E+000;0.000000E+000;6.631570E-007
direct_peakw1;2614.500;2614.5000;1041;2082.00;0.000000E+000;0.000000E+000;0.000000E+000;0.000000E+000;0.000000E+000;0.000000E+000;0.000000E+000
direct_peakw1;2614.500;2614.5000;1042;2084.00;0.000000E+000;1.252424E-006;0.000000E+000;0.000000E+000;0.000000E+000;0.000000E+000;1.252424E-006
direct_peakw1;2614.500;2614.5000;1043;2086.00;0.000000E+000;1.383164E-006;0.000000E+000;0.000000E+000;0.000000E+000;0.000000E+000;1.383164E-006
direct_peakw1;2614.500;2614.5000;1044;2088.00;0.000000E+000;1.483387E-006;0.000000E+000;0.000000E+000;0.000000E+000;0.000000E+000;1.483387E-006
direct_peakw1;2614.500;2614.5000;1045;2090.00;0.000000E+000;1.043586E-006;0.000000E+000;0.000000E+000;0.000000E+000;0.000000E+000;1.043586E-006
direct_peakw1;2614.500;2614.5000;1046;2092.00;0.000000E+000;1.837440E-006;0.000000E+000;0.000000E+000;0.000000E+000;0.000000E+000;1.837440E-006
direct_peakw1;2614.500;2614.5000;1047;2094.00;0.000000E+000;1.148194E-006;0.000000E+000;0.000000E+000;0.000000E+000;0.000000E+000;1.148194E-006
direct_peakw1;2614.500;2614.5000;1048;2096.00;0.000000E+000;2.104813E-006;0.000000E+000;0.000000E+000;0.000000E+000;0.000000E+000;2.104813E-006
direct_peakw1;2614.500;2614.5000;1049;2098.00;0.000000E+000;8.032640E-008;0.000000E+000;0.000000E+000;0.000000E+000;0.000000E+000;8.032640E-008
direct_peakw1;2614.500;2614.5000;1050;2100.00;0.000000E+000;3.027171E-007;1.513585E-007;0.000000E+000;0.000000E+000;0.000000E+000;4.540756E-007
direct_peakw1;2614.500;2614.5000;1051;2102.00;0.000000E+000;2.770184E-006;3.240492E-007;0.000000E+000;0.000000E+000;0.000000E+000;3.094234E-006
direct_peakw1;2614.500;2614.5000;1052;2104.00;0.000000E+000;3.670094E-006;4.914594E-005;0.000000E+000;0.000000E+000;0.000000E+000;5.281603E-005
direct_peakw1;2614.500;2614.5000;1053;2106.00;0.000000E+000;2.570041E-007;3.071199E-005;0.000000E+000;0.000000E+000;0.000000E+000;3.096900E-005
direct_peakw1;2614.500;2614.5000;1054;2108.00;0.000000E+000;6.376264E-007;0.000000E+000;0.000000E+000;0.000000E+000;0.000000E+000;6.376264E-007
direct_peakw1;2614.500;2614.5000;1055;2110.00;0.000000E+000;2.172871E-006;0.000000E+000;0.000000E+000;0.000000E+000;0.000000E+000;2.172871E-006
direct_peakw1;2614.500;2614.5000;1056;2112.00;0.000000E+000;8.561690E-007;0.000000E+000;0.000000E+000;0.000000E+000;0.000000E+000;8.561690E-007
direct_peakw1;2614.500;2614.5000;1057;2114.00;0.000000E+000;9.277233E-007;3.719184E-007;0.000000E+000;0.000000E+000;0.000000E+000;1.299642E-006
direct_peakw1;2614.500;2614.5000;1058;2116.00;0.000000E+000;3.548990E-006;6.280816E-007;0.000000E+000;0.000000E+000;0.000000E+000;4.177071E-006
direct_peakw1;2614.500;2614.5000;1059;2118.00;0.000000E+000;5.487848E-007;1.196103E-007;0.000000E+000;0.000000E+000;0.000000E+000;6.683952E-007
direct_peakw1;2614.500;2614.5000;1060;2120.00;0.000000E+000;6.822501E-007;2.137230E-007;0.000000E+000;0.000000E+000;0.000000E+000;8.959731E-007
direct_peakw1;2614.500;2614.5000;1061;2122.00;0.000000E+000;2.411367E-006;1.122546E-007;0.000000E+000;0.000000E+000;0.000000E+000;2.523622E-006
direct_peakw1;2614.500;2614.5000;1062;2124.00;0.000000E+000;2.605834E-006;2.210788E-007;0.000000E+000;0.000000E+000;0.000000E+000;2.826913E-006
direct_peakw1;2614.500;2614.5000;1063;2126.00;0.000000E+000;1.608384E-006;0.000000E+000;0.000000E+000;0.000000E+000;0.000000E+000;1.608384E-006
direct_peakw1;2614.500;2614.5000;1064;2128.00;0.000000E+000;2.829523E-007;1.998431E-009;0.000000E+000;0.000000E+000;0.000000E+000;2.849508E-007
direct_peakw1;2614.500;2614.5000;1065;2130.00;0.000000E+000;5.285165E-006;5.371322E-007;0.000000E+000;0.000000E+000;0.000000E+000;5.822297E-006
direct_peakw1;2614.500;2614.5000;1066;2132.00;0.000000E+000;2.748222E-006;1.275360E-007;0.000000E+000;0.000000E+000;0.000000E+000;2.875758E-006
direct_peakw1;2614.500;2614.5000;1067;2134.00;0.000000E+000;1.350327E-006;0.000000E+000;0.000000E+000;0.000000E+000;0.000000E+000;1.350327E-006
direct_peakw1;2614.500;2614.5000;1068;2136.00;0.000000E+000;0.000000E+000;0.000000E+000;0.000000E+000;0.000000E+000;0.000000E+000;0.000000E+000
direct_peakw1;2614.500;2614.5000;1069;2138.00;0.000000E+000;0.000000E+000;0.000000E+000;0.000000E+000;0.000000E+000;0.000000E+000;0.000000E+000
direct_peakw1;2614.500;2614.5000;1070;2140.00;0.000000E+000;2.909299E-006;0.000000E+000;0.000000E+000;0.000000E+000;0.000000E+000;2.909299E-006
direct_peakw1;2614.500;2614.5000;1071;2142.00;0.000000E+000;3.557695E-006;5.919801E-007;0.000000E+000;0.000000E+000;0.000000E+000;4.149675E-006
direct_peakw1;2614.500;2614.5000;1072;2144.00;0.000000E+000;3.425843E-006;1.074687E-006;0.000000E+000;0.000000E+000;0.000000E+000;4.500530E-006
direct_peakw1;2614.500;2614.5000;1073;2146.00;0.000000E+000;1.143932E-006;0.000000E+000;0.000000E+000;0.000000E+000;0.000000E+000;1.143932E-006
direct_peakw1;2614.500;2614.5000;1074;2148.00;0.000000E+000;3.963230E-006;0.000000E+000;0.000000E+000;0.000000E+000;0.000000E+000;3.963230E-006
direct_peakw1;2614.500;2614.5000;1075;2150.00;0.000000E+000;0.000000E+000;0.000000E+000;0.000000E+000;0.000000E+000;0.000000E+000;0.000000E+000
direct_peakw1;2614.500;2614.5000;1076;2152.00;0.000000E+000;5.845984E-007;1.948661E-007;0.000000E+000;0.000000E+000;0.000000E+000;7.794645E-007
direct_peakw1;2614.500;2614.5000;1077;2154.00;0.000000E+000;1.415402E-006;4.718005E-007;0.000000E+000;0.000000E+000;0.000000E+000;1.887202E-006
direct_peakw1;2614.500;2614.5000;1078;2156.00;0.000000E+000;3.257167E-006;1.967992E-007;0.000000E+000;0.000000E+000;0.000000E+000;3.453967E-006
direct_peakw1;2614.500;2614.5000;1079;2158.00;0.000000E+000;2.409499E-006;1.365341E-007;0.000000E+000;0.000000E+000;0.000000E+000;2.546033E-006
direct_peakw1;2614.500;2614.5000;1080;2160.00;0.000000E+000;0.000000E+000;0.000000E+000;0.000000E+000;0.000000E+000;0.000000E+000;0.000000E+000
direct_peakw1;2614.500;2614.5000;1081;2162.00;0.000000E+000;5.122010E-007;1.584957E-007;0.000000E+000;0.000000E+000;0.000000E+000;6.706967E-007
direct_peakw1;2614.500;2614.5000;1082;2164.00;0.000000E+000;3.411125E-006;5.937239E-007;0.000000E+000;0.000000E+000;0.000000E+000;4.004849E-006
direct_peakw1;2614.500;2614.5000;1083;2166.00;0.000000E+000;1.045375E-006;3.987971E-007;0.000000E+000;0.000000E+000;0.000000E+000;1.444172E-006
direct_peakw1;2614.500;2614.5000;1084;2168.00;0.000000E+000;1.133965E-006;1.823166E-007;0.000000E+000;0.000000E+000;0.000000E+000;1.316282E-006
direct_peakw1;2614.500;2614.5000;1085;2170.00;0.000000E+000;1.775486E-006;0.000000E+000;0.000000E+000;0.000000E+000;0.000000E+000;1.775486E-006
direct_peakw1;2614.500;2614.5000;1086;2172.00;0.000000E+000;1.781300E-006;1.654640E-007;0.000000E+000;0.000000E+000;0.000000E+000;1.946764E-006
direct_peakw1;2614.500;2614.5000;1087;2174.00;0.000000E+000;1.381272E-006;1.678693E-007;0.000000E+000;0.000000E+000;0.000000E+000;1.549141E-006
direct_peakw1;2614.500;2614.5000;1088;2176.00;0.000000E+000;9.592773E-007;0.000000E+000;0.000000E+000;0.000000E+000;0.000000E+000;9.592773E-007
direct_peakw1;2614.500;2614.5000;1089;2178.00;0.000000E+000;1.477808E-006;1.847260E-007;0.000000E+000;0.000000E+000;0.000000E+000;1.662534E-006
direct_peakw1;2614.500;2614.5000;1090;2180.00;0.000000E+000;2.562197E-006;1.486074E-007;0.000000E+000;0.000000E+000;0.000000E+000;2.710804E-006
direct_peakw1;2614.500;2614.5000;1091;2182.00;0.000000E+000;3.039807E-006;0.000000E+000;0.000000E+000;0.000000E+000;0.000000E+000;3.039807E-006
direct_peakw1;2614.500;2614.5000;1092;2184.00;0.000000E+000;1.556488E-006;0.000000E+000;0.000000E+000;0.000000E+000;0.000000E+000;1.556488E-006
direct_peakw1;2614.500;2614.5000;1093;2186.00;0.000000E+000;2.923575E-006;5.780075E-009;0.000000E+000;0.000000E+000;0.000000E+000;2.929355E-006
direct_peakw1;2614.500;2614.5000;1094;2188.00;0.000000E+000;6.593482E-006;6.608866E-007;0.000000E+000;0.000000E+000;0.000000E+000;7.254369E-006
direct_peakw1;2614.500;2614.5000;1095;2190.00;0.000000E+000;1.513310E-006;0.000000E+000;0.000000E+000;0.000000E+000;0.000000E+000;1.513310E-006
direct_peakw1;2614.500;2614.5000;1096;2192.00;0.000000E+000;0.000000E+000;0.000000E+000;0.000000E+000;0.000000E+000;0.000000E+000;0.000000E+000
direct_peakw1;2614.500;2614.5000;1097;2194.00;0.000000E+000;1.317545E-006;0.000000E+000;0.000000E+000;0.000000E+000;0.000000E+000;1.317545E-006
direct_peakw1;2614.500;2614.5000;1098;2196.00;0.000000E+000;2.969633E-006;0.000000E+000;0.000000E+000;0.000000E+000;0.000000E+000;2.969633E-006
direct_peakw1;2614.500;2614.5000;1099;2198.00;0.000000E+000;1.743555E-006;9.913964E-009;0.000000E+000;0.000000E+000;0.000000E+000;1.753469E-006
direct_peakw1;2614.500;2614.5000;1100;2200.00;0.000000E+000;1.635934E-006;3.234194E-007;0.000000E+000;0.000000E+000;0.000000E+000;1.959353E-006
direct_peakw1;2614.500;2614.5000;1101;2202.00;0.000000E+000;3.458024E-007;6.916049E-008;0.000000E+000;0.000000E+000;0.000000E+000;4.149629E-007
direct_peakw1;2614.500;2614.5000;1102;2204.00;0.000000E+000;1.775180E-006;2.641729E-007;0.000000E+000;0.000000E+000;0.000000E+000;2.039352E-006
direct_peakw1;2614.500;2614.5000;1103;2206.00;0.000000E+000;1.730939E-006;6.059796E-008;0.000000E+000;0.000000E+000;0.000000E+000;1.791537E-006
direct_peakw1;2614.500;2614.5000;1104;2208.00;0.000000E+000;1.578063E-006;3.443993E-007;0.000000E+000;0.000000E+000;0.000000E+000;1.922462E-006
direct_peakw1;2614.500;2614.5000;1105;2210.00;0.000000E+000;1.945611E-006;3.086187E-007;0.000000E+000;0.000000E+000;0.000000E+000;2.254229E-006
direct_peakw1;2614.500;2614.5000;1106;2212.00;0.000000E+000;2.291072E-006;2.863841E-007;0.000000E+000;0.000000E+000;0.000000E+000;2.577456E-006
direct_peakw1;2614.500;2614.5000;1107;2214.00;0.000000E+000;4.294955E-007;0.000000E+000;0.000000E+000;0.000000E+000;0.000000E+000;4.294955E-007
direct_peakw1;2614.500;2614.5000;1108;2216.00;0.000000E+000;1.903838E-006;0.000000E+000;0.000000E+000;0.000000E+000;0.000000E+000;1.903838E-006
direct_peakw1;2614.500;2614.5000;1109;2218.00;0.000000E+000;1.576258E-006;2.899650E-007;0.000000E+000;0.000000E+000;0.000000E+000;1.866223E-006
direct_peakw1;2614.500;2614.5000;1110;2220.00;0.000000E+000;3.358816E-006;4.336830E-008;0.000000E+000;0.000000E+000;0.000000E+000;3.402185E-006
direct_peakw1;2614.500;2614.5000;1111;2222.00;0.000000E+000;1.621812E-006;0.000000E+000;0.000000E+000;0.000000E+000;0.000000E+000;1.621812E-006
direct_peakw1;2614.500;2614.5000;1112;2224.00;0.000000E+000;1.443114E-006;0.000000E+000;0.000000E+000;0.000000E+000;0.000000E+000;1.443114E-006
direct_peakw1;2614.500;2614.5000;1113;2226.00;0.000000E+000;2.093000E-007;0.000000E+000;0.000000E+000;0.000000E+000;0.000000E+000;2.093000E-007
direct_peakw1;2614.500;2614.5000;1114;2228.00;0.000000E+000;1.124033E-006;0.000000E+000;0.000000E+000;0.000000E+000;0.000000E+000;1.124033E-006
direct_peakw1;2614.500;2614.5000;1115;2230.00;0.000000E+000;1.186801E-006;1.978002E-007;0.000000E+000;0.000000E+000;0.000000E+000;1.384602E-006
direct_peakw1;2614.500;2614.5000;1116;2232.00;0.000000E+000;2.121037E-006;2.160400E-007;0.000000E+000;0.000000E+000;0.000000E+000;2.337077E-006
direct_peakw1;2614.500;2614.5000;1117;2234.00;0.000000E+000;4.692162E-006;9.194931E-007;0.000000E+000;0.000000E+000;0.000000E+000;5.611655E-006
direct_peakw1;2614.500;2614.5000;1118;2236.00;0.000000E+000;1.292148E-006;0.000000E+000;0.000000E+000;0.000000E+000;0.000000E+000;1.292148E-006
direct_peakw1;2614.500;2614.5000;1119;2238.00;0.000000E+000;3.745185E-007;0.000000E+000;0.000000E+000;0.000000E+000;0.000000E+000;3.745185E-007
direct_peakw1;2614.500;2614.5000;1120;2240.00;0.000000E+000;2.479365E-006;0.000000E+000;0.000000E+000;0.000000E+000;0.000000E+000;2.479365E-006
direct_peakw1;2614.500;2614.5000;1121;2242.00;0.000000E+000;1.187302E-006;0.000000E+000;0.000000E+000;0.000000E+000;0.000000E+000;1.187302E-006
direct_peakw1;2614.500;2614.5000;1122;2244.00;0.000000E+000;3.025997E-006;3.832136E-007;0.000000E+000;0.000000E+000;0.000000E+000;3.409211E-006
direct_peakw1;2614.500;2614.5000;1123;2246.00;0.000000E+000;2.955126E-006;2.834531E-007;0.000000E+000;0.000000E+000;0.000000E+000;3.238579E-006
direct_peakw1;2614.500;2614.5000;1124;2248.00;0.000000E+000;3.146483E-006;1.155597E-007;0.000000E+000;0.000000E+000;0.000000E+000;3.262043E-006
direct_peakw1;2614.500;2614.5000;1125;2250.00;0.000000E+000;2.539061E-006;2.177737E-007;0.000000E+000;0.000000E+000;0.000000E+000;2.756834E-006
direct_peakw1;2614.500;2614.5000;1126;2252.00;0.000000E+000;9.207018E-007;0.000000E+000;0.000000E+000;0.000000E+000;0.000000E+000;9.207018E-007
direct_peakw1;2614.500;2614.5000;1127;2254.00;0.000000E+000;3.018769E-006;0.000000E+000;0.000000E+000;0.000000E+000;0.000000E+000;3.018769E-006
direct_peakw1;2614.500;2614.5000;1128;2256.00;0.000000E+000;1.137544E-006;1.528277E-008;0.000000E+000;0.000000E+000;0.000000E+000;1.152827E-006
direct_peakw1;2614.500;2614.5000;1129;2258.00;0.000000E+000;3.315241E-006;3.180506E-007;0.000000E+000;0.000000E+000;0.000000E+000;3.633291E-006
direct_peakw1;2614.500;2614.5000;1130;2260.00;0.000000E+000;1.274411E-006;0.000000E+000;0.000000E+000;0.000000E+000;0.000000E+000;1.274411E-006
direct_peakw1;2614.500;2614.5000;1131;2262.00;0.000000E+000;8.199131E-007;8.199131E-008;0.000000E+000;0.000000E+000;0.000000E+000;9.019044E-007
direct_peakw1;2614.500;2614.5000;1132;2264.00;0.000000E+000;4.635486E-006;2.513420E-007;0.000000E+000;0.000000E+000;0.000000E+000;4.886828E-006
direct_peakw1;2614.500;2614.5000;1133;2266.00;0.000000E+000;1.357314E-006;0.000000E+000;0.000000E+000;0.000000E+000;0.000000E+000;1.357314E-006
direct_peakw1;2614.500;2614.5000;1134;2268.00;0.000000E+000;1.520621E-006;0.000000E+000;0.000000E+000;0.000000E+000;0.000000E+000;1.520621E-006
direct_peakw1;2614.500;2614.5000;1135;2270.00;0.000000E+000;6.461698E-007;0.000000E+000;0.000000E+000;0.000000E+000;0.000000E+000;6.461698E-007
direct_peakw1;2614.500;2614.5000;1136;2272.00;0.000000E+000;2.820216E-006;1.536389E-007;0.000000E+000;0.000000E+000;0.000000E+000;2.973855E-006
direct_peakw1;2614.500;2614.5000;1137;2274.00;0.000000E+000;4.639443E-006;4.675268E-007;0.000000E+000;0.000000E+000;0.000000E+000;5.106970E-006
direct_peakw1;2614.500;2614.5000;1138;2276.00;0.000000E+000;2.275047E-007;4.550095E-008;0.000000E+000;0.000000E+000;0.000000E+000;2.730057E-007
direct_peakw1;2614.500;2614.5000;1139;2278.00;0.000000E+000;1.251564E-006;3.128910E-007;0.000000E+000;0.000000E+000;0.000000E+000;1.564455E-006
direct_peakw1;2614.500;2614.5000;1140;2280.00;0.000000E+000;7.076014E-007;7.219399E-008;0.000000E+000;0.000000E+000;0.000000E+000;7.797954E-007
direct_peakw1;2614.500;2614.5000;1141;2282.00;0.000000E+000;2.374168E-006;9.482483E-007;0.000000E+000;0.000000E+000;0.000000E+000;3.322416E-006
direct_peakw1;2614.500;2614.5000;1142;2284.00;0.000000E+000;8.504100E-007;4.256519E-008;0.000000E+000;0.000000E+000;0.000000E+000;8.929752E-007
direct_peakw1;2614.500;2614.5000;1143;2286.00;0.000000E+000;4.816256E-006;2.907682E-007;0.000000E+000;0.000000E+000;0.000000E+000;5.107025E-006
direct_peakw1;2614.500;2614.5000;1144;2288.00;0.000000E+000;4.174908E-007;0.000000E+000;0.000000E+000;0.000000E+000;0.000000E+000;4.174908E-007
direct_peakw1;2614.500;2614.5000;1145;2290.00;0.000000E+000;1.923188E-006;4.187604E-007;0.000000E+000;0.000000E+000;0.000000E+000;2.341948E-006
direct_peakw1;2614.500;2614.5000;1146;2292.00;0.000000E+000;1.325988E-006;5.812396E-007;0.000000E+000;0.000000E+000;0.000000E+000;1.907228E-006
direct_peakw1;2614.500;2614.5000;1147;2294.00;0.000000E+000;2.050806E-006;2.563507E-007;0.000000E+000;0.000000E+000;0.000000E+000;2.307156E-006
direct_peakw1;2614.500;2614.5000;1148;2296.00;0.000000E+000;9.558075E-007;7.698261E-008;0.000000E+000;0.000000E+000;0.000000E+000;1.032790E-006
direct_peakw1;2614.500;2614.5000;1149;2298.00;0.000000E+000;1.171580E-006;0.000000E+000;0.000000E+000;0.000000E+000;0.000000E+000;1.171580E-006
direct_peakw1;2614.500;2614.5000;1150;2300.00;0.000000E+000;2.882958E-006;0.000000E+000;0.000000E+000;0.000000E+000;0.000000E+000;2.882958E-006
direct_peakw1;2614.500;2614.5000;1151;2302.00;0.000000E+000;5.736177E-006;1.719836E-007;0.000000E+000;0.000000E+000;0.000000E+000;5.908161E-006
direct_peakw1;2614.500;2614.5000;1152;2304.00;0.000000E+000;8.693378E-007;1.613498E-007;0.000000E+000;0.000000E+000;0.000000E+000;1.030688E-006
direct_peakw1;2614.500;2614.5000;1153;2306.00;0.000000E+000;9.364272E-007;2.080949E-007;0.000000E+000;0.000000E+000;0.000000E+000;1.144522E-006
direct_peakw1;2614.500;2614.5000;1154;2308.00;0.000000E+000;5.265656E-006;4.585717E-007;0.000000E+000;0.000000E+000;0.000000E+000;5.724227E-006
direct_peakw1;2614.500;2614.5000;1155;2310.00;0.000000E+000;7.422830E-007;0.000000E+000;0.000000E+000;0.000000E+000;0.000000E+000;7.422830E-007
direct_peakw1;2614.500;2614.5000;1156;2312.00;0.000000E+000;1.531972E-006;0.000000E+000;0.000000E+000;0.000000E+000;0.000000E+000;1.531972E-006
direct_peakw1;2614.500;2614.5000;1157;2314.00;0.000000E+000;4.113252E-006;0.000000E+000;0.000000E+000;0.000000E+000;0.000000E+000;4.113252E-006
direct_peakw1;2614.500;2614.5000;1158;2316.00;0.000000E+000;2.032198E-006;0.000000E+000;0.000000E+000;0.000000E+000;0.000000E+000;2.032198E-006
direct_peakw1;2614.500;2614.5000;1159;2318.00;0.000000E+000;2.915496E-006;0.000000E+000;0.000000E+000;0.000000E+000;0.000000E+000;2.915496E-006
direct_peakw1;2614.500;2614.5000;1160;2320.00;0.000000E+000;9.743511E-007;0.000000E+000;0.000000E+000;0.000000E+000;0.000000E+000;9.743511E-007
direct_peakw1;2614.500;2614.5000;1161;2322.00;0.000000E+000;1.550308E-007;0.000000E+000;0.000000E+000;0.000000E+000;0.000000E+000;1.550308E-007
direct_peakw1;2614.500;2614.5000;1162;2324.00;0.000000E+000;5.898468E-006;3.155673E-007;0.000000E+000;0.000000E+000;0.000000E+000;6.214036E-006
direct_peakw1;2614.500;2614.5000;1163;2326.00;0.000000E+000;7.335413E-007;1.776608E-008;0.000000E+000;0.000000E+000;0.000000E+000;7.513074E-007
direct_peakw1;2614.500;2614.5000;1164;2328.00;0.000000E+000;3.404019E-006;0.000000E+000;0.000000E+000;0.000000E+000;0.000000E+000;3.404019E-006
direct_peakw1;2614.500;2614.5000;1165;2330.00;0.000000E+000;2.047351E-006;0.000000E+000;0.000000E+000;0.000000E+000;0.000000E+000;2.047351E-006
direct_peakw1;2614.500;2614.5000;1166;2332.00;0.000000E+000;6.679397E-007;0.000000E+000;0.000000E+000;0.000000E+000;0.000000E+000;6.679397E-007
direct_peakw1;2614.500;2614.5000;1167;2334.00;0.000000E+000;1.192555E-006;2.442160E-007;0.000000E+000;0.000000E+000;0.000000E+000;1.436771E-006
direct_peakw1;2614.500;2614.5000;1168;2336.00;0.000000E+000;2.566715E-006;7.245684E-007;0.000000E+000;0.000000E+000;0.000000E+000;3.291284E-006
direct_peakw1;2614.500;2614.5000;1169;2338.00;0.000000E+000;5.517619E-006;6.702825E-007;0.000000E+000;0.000000E+000;0.000000E+000;6.187902E-006
direct_peakw1;2614.500;2614.5000;1170;2340.00;0.000000E+000;9.717922E-007;2.759980E-008;0.000000E+000;0.000000E+000;0.000000E+000;9.993920E-007
direct_peakw1;2614.500;2614.5000;1171;2342.00;0.000000E+000;7.285278E-008;0.000000E+000;0.000000E+000;0.000000E+000;0.000000E+000;7.285278E-008
direct_peakw1;2614.500;2614.5000;1172;2344.00;0.000000E+000;2.051645E-006;1.405622E-007;0.000000E+000;0.000000E+000;0.000000E+000;2.192207E-006
direct_peakw1;2614.500;2614.5000;1173;2346.00;0.000000E+000;1.542169E-006;1.927712E-007;0.000000E+000;0.000000E+000;0.000000E+000;1.734940E-006
direct_peakw1;2614.500;2614.5000;1174;2348.00;0.000000E+000;0.000000E+000;0.000000E+000;0.000000E+000;0.000000E+000;0.000000E+000;0.000000E+000
direct_peakw1;2614.500;2614.5000;1175;2350.00;0.000000E+000;2.022682E-006;2.013086E-007;0.000000E+000;0.000000E+000;0.000000E+000;2.223991E-006
direct_peakw1;2614.500;2614.5000;1176;2352.00;0.000000E+000;1.977318E-006;1.320248E-007;0.000000E+000;0.000000E+000;0.000000E+000;2.109342E-006
direct_peakw1;2614.500;2614.5000;1177;2354.00;0.000000E+000;2.582680E-006;4.580677E-007;0.000000E+000;0.000000E+000;0.000000E+000;3.040748E-006
direct_peakw1;2614.500;2614.5000;1178;2356.00;0.000000E+000;2.472672E-006;3.785119E-007;0.000000E+000;0.000000E+000;0.000000E+000;2.851184E-006
direct_peakw1;2614.500;2614.5000;1179;2358.00;0.000000E+000;4.231405E-006;3.804674E-007;0.000000E+000;0.000000E+000;0.000000E+000;4.611872E-006
direct_peakw1;2614.500;2614.5000;1180;2360.00;0.000000E+000;1.046576E-006;1.162862E-007;0.000000E+000;0.000000E+000;0.000000E+000;1.162862E-006
direct_peakw1;2614.500;2614.5000;1181;2362.00;0.000000E+000;1.461586E-006;0.000000E+000;0.000000E+000;0.000000E+000;0.000000E+000;1.461586E-006
direct_peakw1;2614.500;2614.5000;1182;2364.00;0.000000E+000;2.059096E-006;8.863852E-008;0.000000E+000;0.000000E+000;0.000000E+000;2.147734E-006
direct_peakw1;2614.500;2614.5000;1183;2366.00;0.000000E+000;3.145985E-006;2.446948E-007;0.000000E+000;0.000000E+000;0.000000E+000;3.390679E-006
direct_peakw1;2614.500;2614.5000;1184;2368.00;0.000000E+000;3.162500E-007;0.000000E+000;0.000000E+000;0.000000E+000;0.000000E+000;3.162500E-007
direct_peakw1;2614.500;2614.5000;1185;2370.00;0.000000E+000;1.413007E-006;6.954539E-009;0.000000E+000;0.000000E+000;0.000000E+000;1.419962E-006
direct_peakw1;2614.500;2614.5000;1186;2372.00;0.000000E+000;3.806325E-006;3.263788E-007;0.000000E+000;0.000000E+000;0.000000E+000;4.132704E-006
direct_peakw1;2614.500;2614.5000;1187;2374.00;0.000000E+000;2.886822E-006;0.000000E+000;0.000000E+000;0.000000E+000;0.000000E+000;2.886822E-006
direct_peakw1;2614.500;2614.5000;1188;2376.00;0.000000E+000;2.198732E-006;0.000000E+000;0.000000E+000;0.000000E+000;0.000000E+000;2.198732E-006
direct_peakw1;2614.500;2614.5000;1189;2378.00;0.000000E+000;1.378864E-006;0.000000E+000;0.000000E+000;0.000000E+000;0.000000E+000;1.378864E-006
direct_peakw1;2614.500;2614.5000;1190;2380.00;0.000000E+000;3.674741E-007;0.000000E+000;0.000000E+000;0.000000E+000;0.000000E+000;3.674741E-007
direct_peakw1;2614.500;2614.5000;1191;2382.00;0.000000E+000;9.658593E-007;0.000000E+000;0.000000E+000;0.000000E+000;0.000000E+000;9.658593E-007
direct_peakw1;2614.500;2614.5000;1192;2384.00;0.000000E+000;1.079917E-006;0.000000E+000;0.000000E+000;0.000000E+000;0.000000E+000;1.079917E-006
direct_peakw1;2614.500;2614.5000;1193;2386.00;0.000000E+000;1.586749E-006;0.000000E+000;0.000000E+000;0.000000E+000;0.000000E+000;1.586749E-006
direct_peakw1;2614.500;2614.5000;1194;2388.00;0.000000E+000;0.000000E+000;0.000000E+000;0.000000E+000;0.000000E+000;0.000000E+000;0.000000E+000
direct_peakw1;2614.500;2614.5000;1195;2390.00;0.000000E+000;9.116446E-007;0.000000E+000;0.000000E+000;0.000000E+000;0.000000E+000;9.116446E-007
direct_peakw1;2614.500;2614.5000;1196;2392.00;0.000000E+000;2.494604E-007;0.000000E+000;0.000000E+000;0.000000E+000;0.000000E+000;2.494604E-007
direct_peakw1;2614.500;2614.5000;1197;2394.00;0.000000E+000;2.226418E-006;2.542522E-007;0.000000E+000;0.000000E+000;0.000000E+000;2.480671E-006
direct_peakw1;2614.500;2614.5000;1198;2396.00;0.000000E+000;1.812849E-006;7.908115E-008;0.000000E+000;0.000000E+000;0.000000E+000;1.891931E-006
direct_peakw1;2614.500;2614.5000;1199;2398.00;0.000000E+000;4.662937E-007;0.000000E+000;0.000000E+000;0.000000E+000;0.000000E+000;4.662937E-007
direct_peakw1;2614.500;2614.5000;1200;2400.00;0.000000E+000;9.418196E-007;0.000000E+000;0.000000E+000;0.000000E+000;0.000000E+000;9.418196E-007
direct_peakw1;2614.500;2614.5000;1201;2402.00;0.000000E+000;7.470934E-007;0.000000E+000;0.000000E+000;0.000000E+000;0.000000E+000;7.470934E-007
direct_peakw1;2614.500;2614.5000;1202;2404.00;0.000000E+000;5.852124E-007;0.000000E+000;0.000000E+000;0.000000E+000;0.000000E+000;5.852124E-007
direct_peakw1;2614.500;2614.5000;1203;2406.00;0.000000E+000;3.324318E-007;8.468801E-008;0.000000E+000;0.000000E+000;0.000000E+000;4.171198E-007
direct_peakw1;2614.500;2614.5000;1204;2408.00;0.000000E+000;1.150161E-006;2.486453E-007;0.000000E+000;0.000000E+000;0.000000E+000;1.398807E-006
direct_peakw1;2614.500;2614.5000;1205;2410.00;0.000000E+000;2.432813E-007;0.000000E+000;0.000000E+000;0.000000E+000;0.000000E+000;2.432813E-007
direct_peakw1;2614.500;2614.5000;1206;2412.00;0.000000E+000;2.756569E-007;0.000000E+000;0.000000E+000;0.000000E+000;0.000000E+000;2.756569E-007
direct_peakw1;2614.500;2614.5000;1207;2414.00;0.000000E+000;7.243431E-007;0.000000E+000;0.000000E+000;0.000000E+000;0.000000E+000;7.243431E-007
direct_peakw1;2614.500;2614.5000;1208;2416.00;0.000000E+000;0.000000E+000;0.000000E+000;0.000000E+000;0.000000E+000;0.000000E+000;0.000000E+000
direct_peakw1;2614.500;2614.5000;1209;2418.00;0.000000E+000;8.698010E-007;0.000000E+000;0.000000E+000;0.000000E+000;0.000000E+000;8.698010E-007
direct_peakw1;2614.500;2614.5000;1210;2420.00;0.000000E+000;1.301990E-007;0.000000E+000;0.000000E+000;0.000000E+000;0.000000E+000;1.301990E-007
direct_peakw1;2614.500;2614.5000;1211;2422.00;0.000000E+000;1.581276E-006;2.554735E-007;0.000000E+000;0.000000E+000;0.000000E+000;1.836749E-006
direct_peakw1;2614.500;2614.5000;1212;2424.00;0.000000E+000;6.492425E-007;7.785982E-008;0.000000E+000;0.000000E+000;0.000000E+000;7.271023E-007
direct_peakw1;2614.500;2614.5000;1213;2426.00;0.000000E+000;1.071402E-006;0.000000E+000;0.000000E+000;0.000000E+000;0.000000E+000;1.071402E-006
direct_peakw1;2614.500;2614.5000;1214;2428.00;0.000000E+000;3.464823E-007;0.000000E+000;0.000000E+000;0.000000E+000;0.000000E+000;3.464823E-007
direct_peakw1;2614.500;2614.5000;1215;2430.00;0.000000E+000;3.515978E-007;0.000000E+000;0.000000E+000;0.000000E+000;0.000000E+000;3.515978E-007
direct_peakw1;2614.500;2614.5000;1216;2432.00;0.000000E+000;1.302468E-006;0.000000E+000;0.000000E+000;0.000000E+000;0.000000E+000;1.302468E-006
direct_peakw1;2614.500;2614.5000;1217;2434.00;0.000000E+000;5.365441E-007;4.523768E-008;0.000000E+000;0.000000E+000;0.000000E+000;5.817817E-007
direct_peakw1;2614.500;2614.5000;1218;2436.00;0.000000E+000;1.609877E-007;2.880957E-007;0.000000E+000;0.000000E+000;0.000000E+000;4.490833E-007
direct_peakw1;2614.500;2614.5000;1219;2438.00;0.000000E+000;0.000000E+000;0.000000E+000;0.000000E+000;0.000000E+000;0.000000E+000;0.000000E+000
direct_peakw1;2614.500;2614.5000;1220;2440.00;0.000000E+000;4.700588E-007;0.000000E+000;0.000000E+000;0.000000E+000;0.000000E+000;4.700588E-007
direct_peakw1;2614.500;2614.5000;1221;2442.00;0.000000E+000;8.996388E-007;0.000000E+000;0.000000E+000;0.000000E+000;0.000000E+000;8.996388E-007
direct_peakw1;2614.500;2614.5000;1222;2444.00;0.000000E+000;9.636357E-007;0.000000E+000;0.000000E+000;0.000000E+000;0.000000E+000;9.636357E-007
direct_peakw1;2614.500;2614.5000;1223;2446.00;0.000000E+000;0.000000E+000;7.536828E-008;0.000000E+000;0.000000E+000;0.000000E+000;7.536828E-008
direct_peakw1;2614.500;2614.5000;1224;2448.00;0.000000E+000;6.871063E-008;2.579651E-007;0.000000E+000;0.000000E+000;0.000000E+000;3.266757E-007
direct_peakw1;2614.500;2614.5000;1225;2450.00;0.000000E+000;2.646227E-007;0.000000E+000;0.000000E+000;0.000000E+000;0.000000E+000;2.646227E-007
direct_peakw1;2614.500;2614.5000;1226;2452.00;0.000000E+000;0.000000E+000;0.000000E+000;0.000000E+000;0.000000E+000;0.000000E+000;0.000000E+000
direct_peakw1;2614.500;2614.5000;1227;2454.00;0.000000E+000;0.000000E+000;0.000000E+000;0.000000E+000;0.000000E+000;0.000000E+000;0.000000E+000
direct_peakw1;2614.500;2614.5000;1228;2456.00;0.000000E+000;0.000000E+000;0.000000E+000;0.000000E+000;0.000000E+000;0.000000E+000;0.000000E+000
direct_peakw1;2614.500;2614.5000;1229;2458.00;0.000000E+000;0.000000E+000;0.000000E+000;0.000000E+000;0.000000E+000;0.000000E+000;0.000000E+000
direct_peakw1;2614.500;2614.5000;1230;2460.00;0.000000E+000;5.052946E-007;0.000000E+000;0.000000E+000;0.000000E+000;0.000000E+000;5.052946E-007
direct_peakw1;2614.500;2614.5000;1231;2462.00;0.000000E+000;4.947054E-007;0.000000E+000;0.000000E+000;0.000000E+000;0.000000E+000;4.947054E-007
direct_peakw1;2614.500;2614.5000;1232;2464.00;0.000000E+000;0.000000E+000;0.000000E+000;0.000000E+000;0.000000E+000;0.000000E+000;0.000000E+000
direct_peakw1;2614.500;2614.5000;1233;2466.00;0.000000E+000;2.803748E-007;0.000000E+000;0.000000E+000;0.000000E+000;0.000000E+000;2.803748E-007
direct_peakw1;2614.500;2614.5000;1234;2468.00;0.000000E+000;4.671344E-007;0.000000E+000;0.000000E+000;0.000000E+000;0.000000E+000;4.671344E-007
direct_peakw1;2614.500;2614.5000;1235;2470.00;0.000000E+000;2.524908E-007;0.000000E+000;0.000000E+000;0.000000E+000;0.000000E+000;2.524908E-007
direct_peakw1;2614.500;2614.5000;1236;2472.00;0.000000E+000;0.000000E+000;0.000000E+000;0.000000E+000;0.000000E+000;0.000000E+000;0.000000E+000
direct_peakw1;2614.500;2614.5000;1237;2474.00;0.000000E+000;0.000000E+000;0.000000E+000;0.000000E+000;0.000000E+000;0.000000E+000;0.000000E+000
direct_peakw1;2614.500;2614.5000;1238;2476.00;0.000000E+000;3.283638E-007;0.000000E+000;0.000000E+000;0.000000E+000;0.000000E+000;3.283638E-007
direct_peakw1;2614.500;2614.5000;1239;2478.00;0.000000E+000;1.001001E-006;0.000000E+000;0.000000E+000;0.000000E+000;0.000000E+000;1.001001E-006
direct_peakw1;2614.500;2614.5000;1240;2480.00;0.000000E+000;3.968752E-009;0.000000E+000;0.000000E+000;0.000000E+000;0.000000E+000;3.968752E-009
direct_peakw1;2614.500;2614.5000;1241;2482.00;0.000000E+000;2.171983E-007;0.000000E+000;0.000000E+000;0.000000E+000;0.000000E+000;2.171983E-007
direct_peakw1;2614.500;2614.5000;1242;2484.00;0.000000E+000;1.161350E-007;0.000000E+000;0.000000E+000;0.000000E+000;0.000000E+000;1.161350E-007
direct_peakw1;2614.500;2614.5000;1243;2486.00;0.000000E+000;0.000000E+000;0.000000E+000;0.000000E+000;0.000000E+000;0.000000E+000;0.000000E+000
direct_peakw1;2614.500;2614.5000;1244;2488.00;0.000000E+000;2.853697E-007;0.000000E+000;0.000000E+000;0.000000E+000;0.000000E+000;2.853697E-007
direct_peakw1;2614.500;2614.5000;1245;2490.00;0.000000E+000;3.812970E-007;0.000000E+000;0.000000E+000;0.000000E+000;0.000000E+000;3.812970E-007
direct_peakw1;2614.500;2614.5000;1246;2492.00;0.000000E+000;2.209042E-007;0.000000E+000;0.000000E+000;0.000000E+000;0.000000E+000;2.209042E-007
direct_peakw1;2614.500;2614.5000;1247;2494.00;0.000000E+000;5.160683E-007;0.000000E+000;0.000000E+000;0.000000E+000;0.000000E+000;5.160683E-007
direct_peakw1;2614.500;2614.5000;1248;2496.00;0.000000E+000;4.539350E-007;0.000000E+000;0.000000E+000;0.000000E+000;0.000000E+000;4.539350E-007
direct_peakw1;2614.500;2614.5000;1249;2498.00;0.000000E+000;1.424258E-007;0.000000E+000;0.000000E+000;0.000000E+000;0.000000E+000;1.424258E-007
direct_peakw1;2614.500;2614.5000;1250;2500.00;0.000000E+000;0.000000E+000;0.000000E+000;0.000000E+000;0.000000E+000;0.000000E+000;0.000000E+000
direct_peakw1;2614.500;2614.5000;1251;2502.00;0.000000E+000;0.000000E+000;0.000000E+000;0.000000E+000;0.000000E+000;0.000000E+000;0.000000E+000
direct_peakw1;2614.500;2614.5000;1252;2504.00;0.000000E+000;0.000000E+000;0.000000E+000;0.000000E+000;0.000000E+000;0.000000E+000;0.000000E+000
direct_peakw1;2614.500;2614.5000;1253;2506.00;0.000000E+000;3.575302E-007;0.000000E+000;0.000000E+000;0.000000E+000;0.000000E+000;3.575302E-007
direct_peakw1;2614.500;2614.5000;1254;2508.00;0.000000E+000;3.091365E-007;1.388571E-007;0.000000E+000;0.000000E+000;0.000000E+000;4.479936E-007
direct_peakw1;2614.500;2614.5000;1255;2510.00;0.000000E+000;0.000000E+000;1.944762E-007;0.000000E+000;0.000000E+000;0.000000E+000;1.944762E-007
direct_peakw1;2614.500;2614.5000;1256;2512.00;0.000000E+000;4.879310E-007;0.000000E+000;0.000000E+000;0.000000E+000;0.000000E+000;4.879310E-007
direct_peakw1;2614.500;2614.5000;1257;2514.00;0.000000E+000;2.600482E-007;0.000000E+000;0.000000E+000;0.000000E+000;0.000000E+000;2.600482E-007
direct_peakw1;2614.500;2614.5000;1258;2516.00;0.000000E+000;2.520208E-007;0.000000E+000;0.000000E+000;0.000000E+000;0.000000E+000;2.520208E-007
direct_peakw1;2614.500;2614.5000;1259;2518.00;0.000000E+000;0.000000E+000;0.000000E+000;0.000000E+000;0.000000E+000;0.000000E+000;0.000000E+000
direct_peakw1;2614.500;2614.5000;1260;2520.00;0.000000E+000;0.000000E+000;0.000000E+000;0.000000E+000;0.000000E+000;0.000000E+000;0.000000E+000
direct_peakw1;2614.500;2614.5000;1261;2522.00;0.000000E+000;0.000000E+000;0.000000E+000;0.000000E+000;0.000000E+000;0.000000E+000;0.000000E+000
direct_peakw1;2614.500;2614.5000;1262;2524.00;0.000000E+000;0.000000E+000;0.000000E+000;0.000000E+000;0.000000E+000;0.000000E+000;0.000000E+000
direct_peakw1;2614.500;2614.5000;1263;2526.00;0.000000E+000;0.000000E+000;0.000000E+000;0.000000E+000;0.000000E+000;0.000000E+000;0.000000E+000
direct_peakw1;2614.500;2614.5000;1264;2528.00;0.000000E+000;0.000000E+000;0.000000E+000;0.000000E+000;0.000000E+000;0.000000E+000;0.000000E+000
direct_peakw1;2614.500;2614.5000;1265;2530.00;0.000000E+000;0.000000E+000;0.000000E+000;0.000000E+000;0.000000E+000;0.000000E+000;0.000000E+000
direct_peakw1;2614.500;2614.5000;1266;2532.00;0.000000E+000;0.000000E+000;0.000000E+000;0.000000E+000;0.000000E+000;0.000000E+000;0.000000E+000
direct_peakw1;2614.500;2614.5000;1267;2534.00;0.000000E+000;0.000000E+000;0.000000E+000;0.000000E+000;0.000000E+000;0.000000E+000;0.000000E+000
direct_peakw1;2614.500;2614.5000;1268;2536.00;0.000000E+000;0.000000E+000;0.000000E+000;0.000000E+000;0.000000E+000;0.000000E+000;0.000000E+000
direct_peakw1;2614.500;2614.5000;1269;2538.00;0.000000E+000;0.000000E+000;0.000000E+000;0.000000E+000;0.000000E+000;0.000000E+000;0.000000E+000
direct_peakw1;2614.500;2614.5000;1270;2540.00;0.000000E+000;0.000000E+000;0.000000E+000;0.000000E+000;0.000000E+000;0.000000E+000;0.000000E+000
direct_peakw1;2614.500;2614.5000;1271;2542.00;0.000000E+000;0.000000E+000;0.000000E+000;0.000000E+000;0.000000E+000;0.000000E+000;0.000000E+000
direct_peakw1;2614.500;2614.5000;1272;2544.00;0.000000E+000;0.000000E+000;0.000000E+000;0.000000E+000;0.000000E+000;0.000000E+000;0.000000E+000
direct_peakw1;2614.500;2614.5000;1273;2546.00;0.000000E+000;2.688659E-007;0.000000E+000;0.000000E+000;0.000000E+000;0.000000E+000;2.688659E-007
direct_peakw1;2614.500;2614.5000;1274;2548.00;0.000000E+000;2.366173E-007;0.000000E+000;0.000000E+000;0.000000E+000;0.000000E+000;2.366173E-007
direct_peakw1;2614.500;2614.5000;1275;2550.00;0.000000E+000;1.611835E-007;0.000000E+000;0.000000E+000;0.000000E+000;0.000000E+000;1.611835E-007
direct_peakw1;2614.500;2614.5000;1276;2552.00;0.000000E+000;0.000000E+000;0.000000E+000;0.000000E+000;0.000000E+000;0.000000E+000;0.000000E+000
direct_peakw1;2614.500;2614.5000;1277;2554.00;0.000000E+000;4.099375E-008;0.000000E+000;0.000000E+000;0.000000E+000;0.000000E+000;4.099375E-008
direct_peakw1;2614.500;2614.5000;1278;2556.00;0.000000E+000;2.923396E-007;0.000000E+000;0.000000E+000;0.000000E+000;0.000000E+000;2.923396E-007
direct_peakw1;2614.500;2614.5000;1279;2558.00;0.000000E+000;0.000000E+000;0.000000E+000;0.000000E+000;0.000000E+000;0.000000E+000;0.000000E+000
direct_peakw1;2614.500;2614.5000;1280;2560.00;0.000000E+000;0.000000E+000;0.000000E+000;0.000000E+000;0.000000E+000;0.000000E+000;0.000000E+000
direct_peakw1;2614.500;2614.5000;1281;2562.00;0.000000E+000;0.000000E+000;0.000000E+000;0.000000E+000;0.000000E+000;0.000000E+000;0.000000E+000
direct_peakw1;2614.500;2614.5000;1282;2564.00;0.000000E+000;0.000000E+000;0.000000E+000;0.000000E+000;0.000000E+000;0.000000E+000;0.000000E+000
direct_peakw1;2614.500;2614.5000;1283;2566.00;0.000000E+000;2.121670E-007;0.000000E+000;0.000000E+000;0.000000E+000;0.000000E+000;2.121670E-007
direct_peakw1;2614.500;2614.5000;1284;2568.00;0.000000E+000;2.055225E-007;0.000000E+000;0.000000E+000;0.000000E+000;0.000000E+000;2.055225E-007
direct_peakw1;2614.500;2614.5000;1285;2570.00;0.000000E+000;7.375082E-007;0.000000E+000;0.000000E+000;0.000000E+000;0.000000E+000;7.375082E-007
direct_peakw1;2614.500;2614.5000;1286;2572.00;0.000000E+000;1.781357E-007;0.000000E+000;0.000000E+000;0.000000E+000;0.000000E+000;1.781357E-007
direct_peakw1;2614.500;2614.5000;1287;2574.00;0.000000E+000;1.723142E-007;0.000000E+000;0.000000E+000;0.000000E+000;0.000000E+000;1.723142E-007
direct_peakw1;2614.500;2614.5000;1288;2576.00;0.000000E+000;1.610192E-007;0.000000E+000;0.000000E+000;0.000000E+000;0.000000E+000;1.610192E-007
direct_peakw1;2614.500;2614.5000;1289;2578.00;0.000000E+000;1.095391E-008;0.000000E+000;0.000000E+000;0.000000E+000;0.000000E+000;1.095391E-008
direct_peakw1;2614.500;2614.5000;1290;2580.00;0.000000E+000;5.551890E-007;0.000000E+000;0.000000E+000;0.000000E+000;0.000000E+000;5.551890E-007
direct_peakw1;2614.500;2614.5000;1291;2582.00;0.000000E+000;1.005238E-007;0.000000E+000;0.000000E+000;0.000000E+000;0.000000E+000;1.005238E-007
direct_peakw1;2614.500;2614.5000;1292;2584.00;0.000000E+000;2.325109E-006;0.000000E+000;0.000000E+000;0.000000E+000;0.000000E+000;2.325109E-006
direct_peakw1;2614.500;2614.5000;1293;2586.00;0.000000E+000;8.224013E-009;0.000000E+000;0.000000E+000;0.000000E+000;0.000000E+000;8.224013E-009
direct_peakw1;2614.500;2614.5000;1294;2588.00;0.000000E+000;0.000000E+000;0.000000E+000;0.000000E+000;0.000000E+000;0.000000E+000;0.000000E+000
direct_peakw1;2614.500;2614.5000;1295;2590.00;0.000000E+000;0.000000E+000;0.000000E+000;0.000000E+000;0.000000E+000;0.000000E+000;0.000000E+000
direct_peakw1;2614.500;2614.5000;1296;2592.00;0.000000E+000;1.472398E-007;0.000000E+000;0.000000E+000;0.000000E+000;0.000000E+000;1.472398E-007
direct_peakw1;2614.500;2614.5000;1297;2594.00;0.000000E+000;1.860935E-007;0.000000E+000;0.000000E+000;0.000000E+000;0.000000E+000;1.860935E-007
direct_peakw1;2614.500;2614.5000;1298;2596.00;0.000000E+000;0.000000E+000;0.000000E+000;0.000000E+000;0.000000E+000;0.000000E+000;0.000000E+000
direct_peakw1;2614.500;2614.5000;1299;2598.00;0.000000E+000;0.000000E+000;0.000000E+000;0.000000E+000;0.000000E+000;0.000000E+000;0.000000E+000
direct_peakw1;2614.500;2614.5000;1300;2600.00;0.000000E+000;0.000000E+000;0.000000E+000;0.000000E+000;0.000000E+000;0.000000E+000;0.000000E+000
direct_peakw1;2614.500;2614.5000;1301;2602.00;0.000000E+000;0.000000E+000;0.000000E+000;0.000000E+000;0.000000E+000;0.000000E+000;0.000000E+000
direct_peakw1;2614.500;2614.5000;1302;2604.00;0.000000E+000;1.298963E-007;0.000000E+000;0.000000E+000;0.000000E+000;0.000000E+000;1.298963E-007
direct_peakw1;2614.500;2614.5000;1303;2606.00;0.000000E+000;5.043154E-007;0.000000E+000;0.000000E+000;0.000000E+000;0.000000E+000;5.043154E-007
direct_peakw1;2614.500;2614.5000;1304;2608.00;0.000000E+000;3.245498E-008;0.000000E+000;0.000000E+000;0.000000E+000;0.000000E+000;3.245498E-008
direct_peakw1;2614.500;2614.5000;1305;2610.00;0.000000E+000;0.000000E+000;0.000000E+000;0.000000E+000;0.000000E+000;0.000000E+000;0.000000E+000
direct_peakw1;2614.500;2614.5000;1306;2612.00;0.000000E+000;0.000000E+000;0.000000E+000;0.000000E+000;0.000000E+000;0.000000E+000;0.000000E+000
direct_peakw1;2614.500;2614.5000;1307;2614.00;3.615942E-004;3.415725E-009;0.000000E+000;0.000000E+000;0.000000E+000;0.000000E+000;3.615976E-004
direct_peakw0;1460.800;1460.8000;0;0.00;0.000000E+000;1.057585E-006;0.000000E+000;0.000000E+000;0.000000E+000;0.000000E+000;1.057585E-006
direct_peakw0;1460.800;1460.8000;1;2.00;0.000000E+000;1.018835E-006;0.000000E+000;0.000000E+000;0.000000E+000;0.000000E+000;1.018835E-006
direct_peakw0;1460.800;1460.8000;2;4.00;0.000000E+000;5.902469E-007;0.000000E+000;0.000000E+000;0.000000E+000;0.000000E+000;5.902469E-007
direct_peakw0;1460.800;1460.8000;3;6.00;0.000000E+000;1.213331E-006;0.000000E+000;0.000000E+000;0.000000E+000;0.000000E+000;1.213331E-006
direct_peakw0;1460.800;1460.8000;4;8.00;0.000000E+000;2.656965E-006;0.000000E+000;0.000000E+000;0.000000E+000;0.000000E+000;2.656965E-006
direct_peakw0;1460.800;1460.8000;5;10.00;0.000000E+000;1.473786E-006;0.000000E+000;0.000000E+000;0.000000E+000;0.000000E+000;1.473786E-006
direct_peakw0;1460.800;1460.8000;6;12.00;0.000000E+000;1.356241E-006;0.000000E+000;0.000000E+000;0.000000E+000;0.000000E+000;1.356241E-006
direct_peakw0;1460.800;1460.8000;7;14.00;0.000000E+000;1.861097E-006;0.000000E+000;0.000000E+000;0.000000E+000;0.000000E+000;1.861097E-006
direct_peakw0;1460.800;1460.8000;8;16.00;0.000000E+000;2.803887E-006;0.000000E+000;0.000000E+000;0.000000E+000;0.000000E+000;2.803887E-006
direct_peakw0;1460.800;1460.8000;9;18.00;0.000000E+000;1.385170E-006;0.000000E+000;0.000000E+000;0.000000E+000;0.000000E+000;1.385170E-006
direct_peakw0;1460.800;1460.8000;10;20.00;0.000000E+000;2.454506E-006;0.000000E+000;0.000000E+000;0.000000E+000;0.000000E+000;2.454506E-006
direct_peakw0;1460.800;1460.8000;11;22.00;0.000000E+000;7.423550E-007;0.000000E+000;0.000000E+000;0.000000E+000;0.000000E+000;7.423550E-007
direct_peakw0;1460.800;1460.8000;12;24.00;0.000000E+000;1.533840E-006;0.000000E+000;0.000000E+000;0.000000E+000;0.000000E+000;1.533840E-006
direct_peakw0;1460.800;1460.8000;13;26.00;0.000000E+000;9.609721E-007;0.000000E+000;0.000000E+000;0.000000E+000;0.000000E+000;9.609721E-007
direct_peakw0;1460.800;1460.8000;14;28.00;0.000000E+000;1.235469E-006;0.000000E+000;0.000000E+000;0.000000E+000;0.000000E+000;1.235469E-006
direct_peakw0;1460.800;1460.8000;15;30.00;0.000000E+000;1.468461E-006;0.000000E+000;0.000000E+000;0.000000E+000;0.000000E+000;1.468461E-006
direct_peakw0;1460.800;1460.8000;16;32.00;0.000000E+000;8.539214E-007;0.000000E+000;0.000000E+000;0.000000E+000;0.000000E+000;8.539214E-007
direct_peakw0;1460.800;1460.8000;17;34.00;0.000000E+000;2.090277E-006;0.000000E+000;0.000000E+000;0.000000E+000;0.000000E+000;2.090277E-006
direct_peakw0;1460.800;1460.8000;18;36.00;0.000000E+000;1.634529E-006;0.000000E+000;0.000000E+000;0.000000E+000;0.000000E+000;1.634529E-006
direct_peakw0;1460.800;1460.8000;19;38.00;0.000000E+000;1.676957E-006;0.000000E+000;0.000000E+000;0.000000E+000;0.000000E+000;1.676957E-006
direct_peakw0;1460.800;1460.8000;20;40.00;0.000000E+000;1.747728E-006;0.000000E+000;0.000000E+000;0.000000E+000;0.000000E+000;1.747728E-006
direct_peakw0;1460.800;1460.8000;21;42.00;0.000000E+000;2.158916E-006;0.000000E+000;0.000000E+000;0.000000E+000;0.000000E+000;2.158916E-006
direct_peakw0;1460.800;1460.8000;22;44.00;0.000000E+000;2.358260E-006;0.000000E+000;0.000000E+000;0.000000E+000;0.000000E+000;2.358260E-006
direct_peakw0;1460.800;1460.8000;23;46.00;0.000000E+000;9.753543E-007;0.000000E+000;0.000000E+000;0.000000E+000;0.000000E+000;9.753543E-007
direct_peakw0;1460.800;1460.8000;24;48.00;0.000000E+000;1.654402E-006;0.000000E+000;0.000000E+000;0.000000E+000;0.000000E+000;1.654402E-006
direct_peakw0;1460.800;1460.8000;25;50.00;0.000000E+000;1.816550E-006;0.000000E+000;0.000000E+000;0.000000E+000;0.000000E+000;1.816550E-006
direct_peakw0;1460.800;1460.8000;26;52.00;0.000000E+000;2.184707E-006;0.000000E+000;0.000000E+000;0.000000E+000;0.000000E+000;2.184707E-006
direct_peakw0;1460.800;1460.8000;27;54.00;0.000000E+000;3.437292E-006;0.000000E+000;0.000000E+000;0.000000E+000;0.000000E+000;3.437292E-006
direct_peakw0;1460.800;1460.8000;28;56.00;0.000000E+000;3.320084E-006;0.000000E+000;0.000000E+000;0.000000E+000;0.000000E+000;3.320084E-006
direct_peakw0;1460.800;1460.8000;29;58.00;0.000000E+000;9.449428E-007;0.000000E+000;0.000000E+000;0.000000E+000;0.000000E+000;9.449428E-007
direct_peakw0;1460.800;1460.8000;30;60.00;0.000000E+000;2.093894E-006;0.000000E+000;0.000000E+000;0.000000E+000;0.000000E+000;2.093894E-006
direct_peakw0;1460.800;1460.8000;31;62.00;0.000000E+000;2.906106E-006;0.000000E+000;0.000000E+000;0.000000E+000;0.000000E+000;2.906106E-006
direct_peakw0;1460.800;1460.8000;32;64.00;0.000000E+000;1.148040E-006;0.000000E+000;0.000000E+000;0.000000E+000;0.000000E+000;1.148040E-006
direct_peakw0;1460.800;1460.8000;33;66.00;0.000000E+000;3.095283E-006;0.000000E+000;0.000000E+000;0.000000E+000;0.000000E+000;3.095283E-006
direct_peakw0;1460.800;1460.8000;34;68.00;0.000000E+000;1.423344E-006;0.000000E+000;0.000000E+000;0.000000E+000;0.000000E+000;1.423344E-006
direct_peakw0;1460.800;1460.8000;35;70.00;0.000000E+000;4.327753E-007;0.000000E+000;0.000000E+000;0.000000E+000;0.000000E+000;4.327753E-007
direct_peakw0;1460.800;1460.8000;36;72.00;0.000000E+000;2.567225E-006;0.000000E+000;0.000000E+000;0.000000E+000;0.000000E+000;2.567225E-006
direct_peakw0;1460.800;1460.8000;37;74.00;0.000000E+000;7.090516E-007;0.000000E+000;0.000000E+000;0.000000E+000;0.000000E+000;7.090516E-007
direct_peakw0;1460.800;1460.8000;38;76.00;0.000000E+000;2.456488E-006;0.000000E+000;0.000000E+000;0.000000E+000;0.000000E+000;2.456488E-006
direct_peakw0;1460.800;1460.8000;39;78.00;0.000000E+000;1.630655E-006;0.000000E+000;0.000000E+000;0.000000E+000;0.000000E+000;1.630655E-006
direct_peakw0;1460.800;1460.8000;40;80.00;0.000000E+000;2.540528E-006;0.000000E+000;0.000000E+000;0.000000E+000;0.000000E+000;2.540528E-006
direct_peakw0;1460.800;1460.8000;41;82.00;0.000000E+000;1.849156E-006;0.000000E+000;0.000000E+000;0.000000E+000;0.000000E+000;1.849156E-006
direct_peakw0;1460.800;1460.8000;42;84.00;0.000000E+000;3.338103E-006;0.000000E+000;0.000000E+000;0.000000E+000;0.000000E+000;3.338103E-006
direct_peakw0;1460.800;1460.8000;43;86.00;0.000000E+000;1.476020E-006;0.000000E+000;0.000000E+000;0.000000E+000;0.000000E+000;1.476020E-006
direct_peakw0;1460.800;1460.8000;44;88.00;0.000000E+000;7.595675E-007;0.000000E+000;0.000000E+000;0.000000E+000;0.000000E+000;7.595675E-007
direct_peakw0;1460.800;1460.8000;45;90.00;0.000000E+000;2.138870E-006;0.000000E+000;0.000000E+000;0.000000E+000;0.000000E+000;2.138870E-006
direct_peakw0;1460.800;1460.8000;46;92.00;0.000000E+000;1.243726E-006;0.000000E+000;0.000000E+000;0.000000E+000;0.000000E+000;1.243726E-006
direct_peakw0;1460.800;1460.8000;47;94.00;0.000000E+000;1.318819E-006;0.000000E+000;0.000000E+000;0.000000E+000;0.000000E+000;1.318819E-006
direct_peakw0;1460.800;1460.8000;48;96.00;0.000000E+000;1.283902E-006;0.000000E+000;0.000000E+000;0.000000E+000;0.000000E+000;1.283902E-006
direct_peakw0;1460.800;1460.8000;49;98.00;0.000000E+000;9.217827E-007;0.000000E+000;0.000000E+000;0.000000E+000;0.000000E+000;9.217827E-007
direct_peakw0;1460.800;1460.8000;50;100.00;0.000000E+000;1.760379E-006;0.000000E+000;0.000000E+000;0.000000E+000;0.000000E+000;1.760379E-006
direct_peakw0;1460.800;1460.8000;51;102.00;0.000000E+000;3.180292E-006;0.000000E+000;0.000000E+000;0.000000E+000;0.000000E+000;3.180292E-006
direct_peakw0;1460.800;1460.8000;52;104.00;0.000000E+000;2.649894E-006;0.000000E+000;0.000000E+000;0.000000E+000;0.000000E+000;2.649894E-006
direct_peakw0;1460.800;1460.8000;53;106.00;0.000000E+000;1.863517E-006;0.000000E+000;0.000000E+000;0.000000E+000;0.000000E+000;1.863517E-006
direct_peakw0;1460.800;1460.8000;54;108.00;0.000000E+000;1.898577E-006;0.000000E+000;0.000000E+000;0.000000E+000;0.000000E+000;1.898577E-006
direct_peakw0;1460.800;1460.8000;55;110.00;0.000000E+000;1.182773E-006;0.000000E+000;0.000000E+000;0.000000E+000;0.000000E+000;1.182773E-006
direct_peakw0;1460.800;1460.8000;56;112.00;0.000000E+000;2.464569E-006;0.000000E+000;0.000000E+000;0.000000E+000;0.000000E+000;2.464569E-006
direct_peakw0;1460.800;1460.8000;57;114.00;0.000000E+000;1.228074E-006;0.000000E+000;0.000000E+000;0.000000E+000;0.000000E+000;1.228074E-006
direct_peakw0;1460.800;1460.8000;58;116.00;0.000000E+000;4.384336E-006;0.000000E+000;0.000000E+000;0.000000E+000;0.000000E+000;4.384336E-006
direct_peakw0;1460.800;1460.8000;59;118.00;0.000000E+000;1.131840E-006;0.000000E+000;0.000000E+000;0.000000E+000;0.000000E+000;1.131840E-006
direct_peakw0;1460.800;1460.8000;60;120.00;0.000000E+000;1.656980E-006;0.000000E+000;0.000000E+000;0.000000E+000;0.000000E+000;1.656980E-006
direct_peakw0;1460.800;1460.8000;61;122.00;0.000000E+000;2.044878E-006;0.000000E+000;0.000000E+000;0.000000E+000;0.000000E+000;2.044878E-006
direct_peakw0;1460.800;1460.8000;62;124.00;0.000000E+000;1.553893E-006;0.000000E+000;0.000000E+000;0.000000E+000;0.000000E+000;1.553893E-006
direct_peakw0;1460.800;1460.8000;63;126.00;0.000000E+000;1.529504E-006;0.000000E+000;0.000000E+000;0.000000E+000;0.000000E+000;1.529504E-006
direct_peakw0;1460.800;1460.8000;64;128.00;0.000000E+000;6.224539E-007;0.000000E+000;0.000000E+000;0.000000E+000;0.000000E+000;6.224539E-007
direct_peakw0;1460.800;1460.8000;65;130.00;0.000000E+000;9.369870E-007;0.000000E+000;0.000000E+000;0.000000E+000;0.000000E+000;9.369870E-007
direct_peakw0;1460.800;1460.8000;66;132.00;0.000000E+000;3.271154E-006;0.000000E+000;0.000000E+000;0.000000E+000;0.000000E+000;3.271154E-006
direct_peakw0;1460.800;1460.8000;67;134.00;0.000000E+000;2.009323E-006;0.000000E+000;0.000000E+000;0.000000E+000;0.000000E+000;2.009323E-006
direct_peakw0;1460.800;1460.8000;68;136.00;0.000000E+000;1.571399E-006;0.000000E+000;0.000000E+000;0.000000E+000;0.000000E+000;1.571399E-006
direct_peakw0;1460.800;1460.8000;69;138.00;0.000000E+000;1.886805E-006;0.000000E+000;0.000000E+000;0.000000E+000;0.000000E+000;1.886805E-006
direct_peakw0;1460.800;1460.8000;70;140.00;0.000000E+000;2.172374E-006;0.000000E+000;0.000000E+000;0.000000E+000;0.000000E+000;2.172374E-006
direct_peakw0;1460.800;1460.8000;71;142.00;0.000000E+000;2.633905E-006;0.000000E+000;0.000000E+000;0.000000E+000;0.000000E+000;2.633905E-006
direct_peakw0;1460.800;1460.8000;72;144.00;0.000000E+000;2.819883E-006;0.000000E+000;0.000000E+000;0.000000E+000;0.000000E+000;2.819883E-006
direct_peakw0;1460.800;1460.8000;73;146.00;0.000000E+000;8.795455E-007;0.000000E+000;0.000000E+000;0.000000E+000;0.000000E+000;8.795455E-007
direct_peakw0;1460.800;1460.8000;74;148.00;0.000000E+000;1.362455E-006;0.000000E+000;0.000000E+000;0.000000E+000;0.000000E+000;1.362455E-006
direct_peakw0;1460.800;1460.8000;75;150.00;0.000000E+000;2.161057E-006;0.000000E+000;0.000000E+000;0.000000E+000;0.000000E+000;2.161057E-006
direct_peakw0;1460.800;1460.8000;76;152.00;0.000000E+000;1.808285E-006;0.000000E+000;0.000000E+000;0.000000E+000;0.000000E+000;1.808285E-006
direct_peakw0;1460.800;1460.8000;77;154.00;0.000000E+000;1.134772E-006;0.000000E+000;0.000000E+000;0.000000E+000;0.000000E+000;1.134772E-006
direct_peakw0;1460.800;1460.8000;78;156.00;0.000000E+000;2.248985E-006;0.000000E+000;0.000000E+000;0.000000E+000;0.000000E+000;2.248985E-006
direct_peakw0;1460.800;1460.8000;79;158.00;0.000000E+000;1.617778E-006;0.000000E+000;0.000000E+000;0.000000E+000;0.000000E+000;1.617778E-006
direct_peakw0;1460.800;1460.8000;80;160.00;0.000000E+000;1.370754E-006;0.000000E+000;0.000000E+000;0.000000E+000;0.000000E+000;1.370754E-006
direct_peakw0;1460.800;1460.8000;81;162.00;0.000000E+000;8.125342E-007;0.000000E+000;0.000000E+000;0.000000E+000;0.000000E+000;8.125342E-007
direct_peakw0;1460.800;1460.8000;82;164.00;0.000000E+000;1.357937E-006;0.000000E+000;0.000000E+000;0.000000E+000;0.000000E+000;1.357937E-006
direct_peakw0;1460.800;1460.8000;83;166.00;0.000000E+000;3.054382E-006;0.000000E+000;0.000000E+000;0.000000E+000;0.000000E+000;3.054382E-006
direct_peakw0;1460.800;1460.8000;84;168.00;0.000000E+000;1.356313E-006;0.000000E+000;0.000000E+000;0.000000E+000;0.000000E+000;1.356313E-006
direct_peakw0;1460.800;1460.8000;85;170.00;0.000000E+000;2.050220E-006;0.000000E+000;0.000000E+000;0.000000E+000;0.000000E+000;2.050220E-006
direct_peakw0;1460.800;1460.8000;86;172.00;0.000000E+000;1.604933E-006;0.000000E+000;0.000000E+000;0.000000E+000;0.000000E+000;1.604933E-006
direct_peakw0;1460.800;1460.8000;87;174.00;0.000000E+000;9.274573E-007;0.000000E+000;0.000000E+000;0.000000E+000;0.000000E+000;9.274573E-007
direct_peakw0;1460.800;1460.8000;88;176.00;0.000000E+000;3.381764E-006;0.000000E+000;0.000000E+000;0.000000E+000;0.000000E+000;3.381764E-006
direct_peakw0;1460.800;1460.8000;89;178.00;0.000000E+000;1.676049E-006;0.000000E+000;0.000000E+000;0.000000E+000;0.000000E+000;1.676049E-006
direct_peakw0;1460.800;1460.8000;90;180.00;0.000000E+000;1.665898E-006;0.000000E+000;0.000000E+000;0.000000E+000;0.000000E+000;1.665898E-006
direct_peakw0;1460.800;1460.8000;91;182.00;0.000000E+000;1.062545E-006;0.000000E+000;0.000000E+000;0.000000E+000;0.000000E+000;1.062545E-006
direct_peakw0;1460.800;1460.8000;92;184.00;0.000000E+000;2.083875E-006;0.000000E+000;0.000000E+000;0.000000E+000;0.000000E+000;2.083875E-006
direct_peakw0;1460.800;1460.8000;93;186.00;0.000000E+000;1.481175E-006;0.000000E+000;0.000000E+000;0.000000E+000;0.000000E+000;1.481175E-006
direct_peakw0;1460.800;1460.8000;94;188.00;0.000000E+000;1.510056E-006;0.000000E+000;0.000000E+000;0.000000E+000;0.000000E+000;1.510056E-006
direct_peakw0;1460.800;1460.8000;95;190.00;0.000000E+000;2.355570E-006;0.000000E+000;0.000000E+000;0.000000E+000;0.000000E+000;2.355570E-006
direct_peakw0;1460.800;1460.8000;96;192.00;0.000000E+000;2.817552E-006;0.000000E+000;0.000000E+000;0.000000E+000;0.000000E+000;2.817552E-006
direct_peakw0;1460.800;1460.8000;97;194.00;0.000000E+000;3.756360E-006;0.000000E+000;0.000000E+000;0.000000E+000;0.000000E+000;3.756360E-006
direct_peakw0;1460.800;1460.8000;98;196.00;0.000000E+000;1.448035E-006;0.000000E+000;0.000000E+000;0.000000E+000;0.000000E+000;1.448035E-006
direct_peakw0;1460.800;1460.8000;99;198.00;0.000000E+000;2.388124E-006;0.000000E+000;0.000000E+000;0.000000E+000;0.000000E+000;2.388124E-006
direct_peakw0;1460.800;1460.8000;100;200.00;0.000000E+000;7.215414E-007;0.000000E+000;0.000000E+000;0.000000E+000;0.000000E+000;7.215414E-007
direct_peakw0;1460.800;1460.8000;101;202.00;0.000000E+000;3.740497E-006;0.000000E+000;0.000000E+000;0.000000E+000;0.000000E+000;3.740497E-006
direct_peakw0;1460.800;1460.8000;102;204.00;0.000000E+000;1.957720E-006;0.000000E+000;0.000000E+000;0.000000E+000;0.000000E+000;1.957720E-006
direct_peakw0;1460.800;1460.8000;103;206.00;0.000000E+000;1.406247E-006;0.000000E+000;0.000000E+000;0.000000E+000;0.000000E+000;1.406247E-006
direct_peakw0;1460.800;1460.8000;104;208.00;0.000000E+000;2.072721E-006;0.000000E+000;0.000000E+000;0.000000E+000;0.000000E+000;2.072721E-006
direct_peakw0;1460.800;1460.8000;105;210.00;0.000000E+000;3.218206E-006;0.000000E+000;0.000000E+000;0.000000E+000;0.000000E+000;3.218206E-006
direct_peakw0;1460.800;1460.8000;106;212.00;0.000000E+000;1.895592E-006;0.000000E+000;0.000000E+000;0.000000E+000;0.000000E+000;1.895592E-006
direct_peakw0;1460.800;1460.8000;107;214.00;0.000000E+000;2.000388E-006;0.000000E+000;0.000000E+000;0.000000E+000;0.000000E+000;2.000388E-006
direct_peakw0;1460.800;1460.8000;108;216.00;0.000000E+000;6.106545E-007;0.000000E+000;0.000000E+000;0.000000E+000;0.000000E+000;6.106545E-007
direct_peakw0;1460.800;1460.8000;109;218.00;0.000000E+000;4.510427E-006;0.000000E+000;0.000000E+000;0.000000E+000;0.000000E+000;4.510427E-006
direct_peakw0;1460.800;1460.8000;110;220.00;0.000000E+000;7.913710E-007;0.000000E+000;0.000000E+000;0.000000E+000;0.000000E+000;7.913710E-007
direct_peakw0;1460.800;1460.8000;111;222.00;0.000000E+000;1.366564E-006;0.000000E+000;0.000000E+000;0.000000E+000;0.000000E+000;1.366564E-006
direct_peakw0;1460.800;1460.8000;112;224.00;0.000000E+000;2.942062E-006;0.000000E+000;0.000000E+000;0.000000E+000;0.000000E+000;2.942062E-006
direct_peakw0;1460.800;1460.8000;113;226.00;0.000000E+000;7.020158E-007;0.000000E+000;0.000000E+000;0.000000E+000;0.000000E+000;7.020158E-007
direct_peakw0;1460.800;1460.8000;114;228.00;0.000000E+000;3.331640E-006;0.000000E+000;0.000000E+000;0.000000E+000;0.000000E+000;3.331640E-006
direct_peakw0;1460.800;1460.8000;115;230.00;0.000000E+000;1.350155E-006;0.000000E+000;0.000000E+000;0.000000E+000;0.000000E+000;1.350155E-006
direct_peakw0;1460.800;1460.8000;116;232.00;0.000000E+000;1.570506E-006;0.000000E+000;0.000000E+000;0.000000E+000;0.000000E+000;1.570506E-006
direct_peakw0;1460.800;1460.8000;117;234.00;0.000000E+000;3.318998E-006;0.000000E+000;0.000000E+000;0.000000E+000;0.000000E+000;3.318998E-006
direct_peakw0;1460.800;1460.8000;118;236.00;0.000000E+000;2.012895E-006;0.000000E+000;0.000000E+000;0.000000E+000;0.000000E+000;2.012895E-006
direct_peakw0;1460.800;1460.8000;119;238.00;0.000000E+000;3.318269E-006;0.000000E+000;0.000000E+000;0.000000E+000;0.000000E+000;3.318269E-006
direct_peakw0;1460.800;1460.8000;120;240.00;0.000000E+000;2.177812E-006;0.000000E+000;0.000000E+000;0.000000E+000;0.000000E+000;2.177812E-006
direct_peakw0;1460.800;1460.8000;121;242.00;0.000000E+000;1.822188E-006;0.000000E+000;0.000000E+000;0.000000E+000;0.000000E+000;1.822188E-006
direct_peakw0;1460.800;1460.8000;122;244.00;0.000000E+000;3.314285E-006;0.000000E+000;0.000000E+000;0.000000E+000;0.000000E+000;3.314285E-006
direct_peakw0;1460.800;1460.8000;123;246.00;0.000000E+000;2.479675E-006;0.000000E+000;0.000000E+000;0.000000E+000;0.000000E+000;2.479675E-006
direct_peakw0;1460.800;1460.8000;124;248.00;0.000000E+000;1.008608E-006;0.000000E+000;0.000000E+000;0.000000E+000;0.000000E+000;1.008608E-006
direct_peakw0;1460.800;1460.8000;125;250.00;0.000000E+000;3.141821E-006;0.000000E+000;0.000000E+000;0.000000E+000;0.000000E+000;3.141821E-006
direct_peakw0;1460.800;1460.8000;126;252.00;0.000000E+000;3.200657E-006;0.000000E+000;0.000000E+000;0.000000E+000;0.000000E+000;3.200657E-006
direct_peakw0;1460.800;1460.8000;127;254.00;0.000000E+000;1.868282E-006;0.000000E+000;0.000000E+000;0.000000E+000;0.000000E+000;1.868282E-006
direct_peakw0;1460.800;1460.8000;128;256.00;0.000000E+000;2.476903E-006;0.000000E+000;0.000000E+000;0.000000E+000;0.000000E+000;2.476903E-006
direct_peakw0;1460.800;1460.8000;129;258.00;0.000000E+000;1.843102E-006;0.000000E+000;0.000000E+000;0.000000E+000;0.000000E+000;1.843102E-006
direct_peakw0;1460.800;1460.8000;130;260.00;0.000000E+000;2.555335E-006;0.000000E+000;0.000000E+000;0.000000E+000;0.000000E+000;2.555335E-006
direct_peakw0;1460.800;1460.8000;131;262.00;0.000000E+000;1.548138E-006;0.000000E+000;0.000000E+000;0.000000E+000;0.000000E+000;1.548138E-006
direct_peakw0;1460.800;1460.8000;132;264.00;0.000000E+000;1.279336E-006;0.000000E+000;0.000000E+000;0.000000E+000;0.000000E+000;1.279336E-006
direct_peakw0;1460.800;1460.8000;133;266.00;0.000000E+000;3.700634E-006;0.000000E+000;0.000000E+000;0.000000E+000;0.000000E+000;3.700634E-006
direct_peakw0;1460.800;1460.8000;134;268.00;0.000000E+000;3.294242E-006;0.000000E+000;0.000000E+000;0.000000E+000;0.000000E+000;3.294242E-006
direct_peakw0;1460.800;1460.8000;135;270.00;0.000000E+000;2.313042E-006;0.000000E+000;0.000000E+000;0.000000E+000;0.000000E+000;2.313042E-006
direct_peakw0;1460.800;1460.8000;136;272.00;0.000000E+000;6.426063E-007;0.000000E+000;0.000000E+000;0.000000E+000;0.000000E+000;6.426063E-007
direct_peakw0;1460.800;1460.8000;137;274.00;0.000000E+000;4.126719E-006;0.000000E+000;0.000000E+000;0.000000E+000;0.000000E+000;4.126719E-006
direct_peakw0;1460.800;1460.8000;138;276.00;0.000000E+000;2.238938E-006;0.000000E+000;0.000000E+000;0.000000E+000;0.000000E+000;2.238938E-006
direct_peakw0;1460.800;1460.8000;139;278.00;0.000000E+000;4.417409E-006;0.000000E+000;0.000000E+000;0.000000E+000;0.000000E+000;4.417409E-006
direct_peakw0;1460.800;1460.8000;140;280.00;0.000000E+000;1.883601E-006;0.000000E+000;0.000000E+000;0.000000E+000;0.000000E+000;1.883601E-006
direct_peakw0;1460.800;1460.8000;141;282.00;0.000000E+000;1.376871E-006;0.000000E+000;0.000000E+000;0.000000E+000;0.000000E+000;1.376871E-006
direct_peakw0;1460.800;1460.8000;142;284.00;0.000000E+000;1.128432E-006;0.000000E+000;0.000000E+000;0.000000E+000;0.000000E+000;1.128432E-006
direct_peakw0;1460.800;1460.8000;143;286.00;0.000000E+000;2.659157E-006;0.000000E+000;0.000000E+000;0.000000E+000;0.000000E+000;2.659157E-006
direct_peakw0;1460.800;1460.8000;144;288.00;0.000000E+000;3.204455E-006;0.000000E+000;0.000000E+000;0.000000E+000;0.000000E+000;3.204455E-006
direct_peakw0;1460.800;1460.8000;145;290.00;0.000000E+000;1.610321E-006;0.000000E+000;0.000000E+000;0.000000E+000;0.000000E+000;1.610321E-006
direct_peakw0;1460.800;1460.8000;146;292.00;0.000000E+000;2.232549E-006;0.000000E+000;0.000000E+000;0.000000E+000;0.000000E+000;2.232549E-006
direct_peakw0;1460.800;1460.8000;147;294.00;0.000000E+000;1.454882E-006;0.000000E+000;0.000000E+000;0.000000E+000;0.000000E+000;1.454882E-006
direct_peakw0;1460.800;1460.8000;148;296.00;0.000000E+000;6.685701E-007;0.000000E+000;0.000000E+000;0.000000E+000;0.000000E+000;6.685701E-007
direct_peakw0;1460.800;1460.8000;149;298.00;0.000000E+000;4.521181E-006;0.000000E+000;0.000000E+000;0.000000E+000;0.000000E+000;4.521181E-006
direct_peakw0;1460.800;1460.8000;150;300.00;0.000000E+000;2.583497E-006;0.000000E+000;0.000000E+000;0.000000E+000;0.000000E+000;2.583497E-006
direct_peakw0;1460.800;1460.8000;151;302.00;0.000000E+000;1.808695E-006;0.000000E+000;0.000000E+000;0.000000E+000;0.000000E+000;1.808695E-006
direct_peakw0;1460.800;1460.8000;152;304.00;0.000000E+000;1.396464E-006;0.000000E+000;0.000000E+000;0.000000E+000;0.000000E+000;1.396464E-006
direct_peakw0;1460.800;1460.8000;153;306.00;0.000000E+000;5.193193E-006;0.000000E+000;0.000000E+000;0.000000E+000;0.000000E+000;5.193193E-006
direct_peakw0;1460.800;1460.8000;154;308.00;0.000000E+000;7.272628E-007;0.000000E+000;0.000000E+000;0.000000E+000;0.000000E+000;7.272628E-007
direct_peakw0;1460.800;1460.8000;155;310.00;0.000000E+000;1.339868E-006;0.000000E+000;0.000000E+000;0.000000E+000;0.000000E+000;1.339868E-006
direct_peakw0;1460.800;1460.8000;156;312.00;0.000000E+000;2.094602E-006;0.000000E+000;0.000000E+000;0.000000E+000;0.000000E+000;2.094602E-006
direct_peakw0;1460.800;1460.8000;157;314.00;0.000000E+000;2.842784E-006;0.000000E+000;0.000000E+000;0.000000E+000;0.000000E+000;2.842784E-006
direct_peakw0;1460.800;1460.8000;158;316.00;0.000000E+000;5.977627E-007;0.000000E+000;0.000000E+000;0.000000E+000;0.000000E+000;5.977627E-007
direct_peakw0;1460.800;1460.8000;159;318.00;0.000000E+000;2.189816E-006;0.000000E+000;0.000000E+000;0.000000E+000;0.000000E+000;2.189816E-006
direct_peakw0;1460.800;1460.8000;160;320.00;0.000000E+000;3.442691E-006;0.000000E+000;0.000000E+000;0.000000E+000;0.000000E+000;3.442691E-006
direct_peakw0;1460.800;1460.8000;161;322.00;0.000000E+000;1.865994E-006;0.000000E+000;0.000000E+000;0.000000E+000;0.000000E+000;1.865994E-006
direct_peakw0;1460.800;1460.8000;162;324.00;0.000000E+000;3.540709E-006;0.000000E+000;0.000000E+000;0.000000E+000;0.000000E+000;3.540709E-006
direct_peakw0;1460.800;1460.8000;163;326.00;0.000000E+000;1.785027E-006;0.000000E+000;0.000000E+000;0.000000E+000;0.000000E+000;1.785027E-006
direct_peakw0;1460.800;1460.8000;164;328.00;0.000000E+000;3.068551E-006;0.000000E+000;0.000000E+000;0.000000E+000;0.000000E+000;3.068551E-006
direct_peakw0;1460.800;1460.8000;165;330.00;0.000000E+000;5.873823E-007;0.000000E+000;0.000000E+000;0.000000E+000;0.000000E+000;5.873823E-007
direct_peakw0;1460.800;1460.8000;166;332.00;0.000000E+000;1.975039E-006;0.000000E+000;0.000000E+000;0.000000E+000;0.000000E+000;1.975039E-006
direct_peakw0;1460.800;1460.8000;167;334.00;0.000000E+000;4.453792E-006;0.000000E+000;0.000000E+000;0.000000E+000;0.000000E+000;4.453792E-006
direct_peakw0;1460.800;1460.8000;168;336.00;0.000000E+000;1.699730E-006;0.000000E+000;0.000000E+000;0.000000E+000;0.000000E+000;1.699730E-006
direct_peakw0;1460.800;1460.8000;169;338.00;0.000000E+000;1.736487E-006;0.000000E+000;0.000000E+000;0.000000E+000;0.000000E+000;1.736487E-006
direct_peakw0;1460.800;1460.8000;170;340.00;0.000000E+000;1.589740E-006;0.000000E+000;0.000000E+000;0.000000E+000;0.000000E+000;1.589740E-006
direct_peakw0;1460.800;1460.8000;171;342.00;0.000000E+000;4.844198E-006;0.000000E+000;0.000000E+000;0.000000E+000;0.000000E+000;4.844198E-006
direct_peakw0;1460.800;1460.8000;172;344.00;0.000000E+000;2.976277E-006;0.000000E+000;0.000000E+000;0.000000E+000;0.000000E+000;2.976277E-006
direct_peakw0;1460.800;1460.8000;173;346.00;0.000000E+000;1.804021E-006;0.000000E+000;0.000000E+000;0.000000E+000;0.000000E+000;1.804021E-006
direct_peakw0;1460.800;1460.8000;174;348.00;0.000000E+000;1.103184E-007;0.000000E+000;0.000000E+000;0.000000E+000;0.000000E+000;1.103184E-007
direct_peakw0;1460.800;1460.8000;175;350.00;0.000000E+000;3.108146E-006;0.000000E+000;0.000000E+000;0.000000E+000;0.000000E+000;3.108146E-006
direct_peakw0;1460.800;1460.8000;176;352.00;0.000000E+000;1.381646E-006;0.000000E+000;0.000000E+000;0.000000E+000;0.000000E+000;1.381646E-006
direct_peakw0;1460.800;1460.8000;177;354.00;0.000000E+000;3.428334E-006;0.000000E+000;0.000000E+000;0.000000E+000;0.000000E+000;3.428334E-006
direct_peakw0;1460.800;1460.8000;178;356.00;0.000000E+000;2.638222E-006;0.000000E+000;0.000000E+000;0.000000E+000;0.000000E+000;2.638222E-006
direct_peakw0;1460.800;1460.8000;179;358.00;0.000000E+000;1.601972E-006;0.000000E+000;0.000000E+000;0.000000E+000;0.000000E+000;1.601972E-006
direct_peakw0;1460.800;1460.8000;180;360.00;0.000000E+000;2.178167E-006;0.000000E+000;0.000000E+000;0.000000E+000;0.000000E+000;2.178167E-006
direct_peakw0;1460.800;1460.8000;181;362.00;0.000000E+000;1.553195E-006;0.000000E+000;0.000000E+000;0.000000E+000;0.000000E+000;1.553195E-006
direct_peakw0;1460.800;1460.8000;182;364.00;0.000000E+000;2.908735E-006;0.000000E+000;0.000000E+000;0.000000E+000;0.000000E+000;2.908735E-006
direct_peakw0;1460.800;1460.8000;183;366.00;0.000000E+000;1.890130E-006;0.000000E+000;0.000000E+000;0.000000E+000;0.000000E+000;1.890130E-006
direct_peakw0;1460.800;1460.8000;184;368.00;0.000000E+000;5.344683E-007;0.000000E+000;0.000000E+000;0.000000E+000;0.000000E+000;5.344683E-007
direct_peakw0;1460.800;1460.8000;185;370.00;0.000000E+000;5.616578E-007;0.000000E+000;0.000000E+000;0.000000E+000;0.000000E+000;5.616578E-007
direct_peakw0;1460.800;1460.8000;186;372.00;0.000000E+000;1.450378E-006;0.000000E+000;0.000000E+000;0.000000E+000;0.000000E+000;1.450378E-006
direct_peakw0;1460.800;1460.8000;187;374.00;0.000000E+000;8.776267E-007;0.000000E+000;0.000000E+000;0.000000E+000;0.000000E+000;8.776267E-007
direct_peakw0;1460.800;1460.8000;188;376.00;0.000000E+000;1.443671E-006;0.000000E+000;0.000000E+000;0.000000E+000;0.000000E+000;1.443671E-006
direct_peakw0;1460.800;1460.8000;189;378.00;0.000000E+000;8.447765E-007;0.000000E+000;0.000000E+000;0.000000E+000;0.000000E+000;8.447765E-007
direct_peakw0;1460.800;1460.8000;190;380.00;0.000000E+000;3.060437E-006;0.000000E+000;0.000000E+000;0.000000E+000;0.000000E+000;3.060437E-006
direct_peakw0;1460.800;1460.8000;191;382.00;0.000000E+000;6.148089E-007;0.000000E+000;0.000000E+000;0.000000E+000;0.000000E+000;6.148089E-007
direct_peakw0;1460.800;1460.8000;192;384.00;0.000000E+000;3.425497E-006;0.000000E+000;0.000000E+000;0.000000E+000;0.000000E+000;3.425497E-006
direct_peakw0;1460.800;1460.8000;193;386.00;0.000000E+000;1.347375E-006;0.000000E+000;0.000000E+000;0.000000E+000;0.000000E+000;1.347375E-006
direct_peakw0;1460.800;1460.8000;194;388.00;0.000000E+000;2.456503E-006;0.000000E+000;0.000000E+000;0.000000E+000;0.000000E+000;2.456503E-006
direct_peakw0;1460.800;1460.8000;195;390.00;0.000000E+000;2.917270E-006;0.000000E+000;0.000000E+000;0.000000E+000;0.000000E+000;2.917270E-006
direct_peakw0;1460.800;1460.8000;196;392.00;0.000000E+000;1.149570E-006;0.000000E+000;0.000000E+000;0.000000E+000;0.000000E+000;1.149570E-006
direct_peakw0;1460.800;1460.8000;197;394.00;0.000000E+000;2.455808E-006;0.000000E+000;0.000000E+000;0.000000E+000;0.000000E+000;2.455808E-006
direct_peakw0;1460.800;1460.8000;198;396.00;0.000000E+000;2.271245E-006;0.000000E+000;0.000000E+000;0.000000E+000;0.000000E+000;2.271245E-006
direct_peakw0;1460.800;1460.8000;199;398.00;0.000000E+000;3.774107E-006;0.000000E+000;0.000000E+000;0.000000E+000;0.000000E+000;3.774107E-006
direct_peakw0;1460.800;1460.8000;200;400.00;0.000000E+000;1.015936E-006;0.000000E+000;0.000000E+000;0.000000E+000;0.000000E+000;1.015936E-006
direct_peakw0;1460.800;1460.8000;201;402.00;0.000000E+000;1.923861E-006;0.000000E+000;0.000000E+000;0.000000E+000;0.000000E+000;1.923861E-006
direct_peakw0;1460.800;1460.8000;202;404.00;0.000000E+000;3.409472E-006;0.000000E+000;0.000000E+000;0.000000E+000;0.000000E+000;3.409472E-006
direct_peakw0;1460.800;1460.8000;203;406.00;0.000000E+000;1.676564E-006;0.000000E+000;0.000000E+000;0.000000E+000;0.000000E+000;1.676564E-006
direct_peakw0;1460.800;1460.8000;204;408.00;0.000000E+000;2.990102E-006;0.000000E+000;0.000000E+000;0.000000E+000;0.000000E+000;2.990102E-006
direct_peakw0;1460.800;1460.8000;205;410.00;0.000000E+000;1.873632E-006;0.000000E+000;0.000000E+000;0.000000E+000;0.000000E+000;1.873632E-006
direct_peakw0;1460.800;1460.8000;206;412.00;0.000000E+000;7.699003E-007;0.000000E+000;0.000000E+000;3.873436E-008;0.000000E+000;8.086346E-007
direct_peakw0;1460.800;1460.8000;207;414.00;0.000000E+000;2.689801E-006;0.000000E+000;0.000000E+000;2.945990E-007;0.000000E+000;2.984400E-006
direct_peakw0;1460.800;1460.8000;208;416.00;0.000000E+000;1.056620E-006;0.000000E+000;0.000000E+000;0.000000E+000;0.000000E+000;1.056620E-006
direct_peakw0;1460.800;1460.8000;209;418.00;0.000000E+000;2.522462E-006;0.000000E+000;0.000000E+000;0.000000E+000;0.000000E+000;2.522462E-006
direct_peakw0;1460.800;1460.8000;210;420.00;0.000000E+000;4.209183E-007;0.000000E+000;0.000000E+000;0.000000E+000;0.000000E+000;4.209183E-007
direct_peakw0;1460.800;1460.8000;211;422.00;0.000000E+000;1.824465E-006;0.000000E+000;0.000000E+000;0.000000E+000;0.000000E+000;1.824465E-006
direct_peakw0;1460.800;1460.8000;212;424.00;0.000000E+000;2.770425E-006;0.000000E+000;0.000000E+000;0.000000E+000;0.000000E+000;2.770425E-006
direct_peakw0;1460.800;1460.8000;213;426.00;0.000000E+000;3.411827E-006;0.000000E+000;0.000000E+000;0.000000E+000;0.000000E+000;3.411827E-006
direct_peakw0;1460.800;1460.8000;214;428.00;0.000000E+000;2.326615E-006;0.000000E+000;0.000000E+000;0.000000E+000;0.000000E+000;2.326615E-006
direct_peakw0;1460.800;1460.8000;215;430.00;0.000000E+000;2.705372E-006;0.000000E+000;0.000000E+000;0.000000E+000;0.000000E+000;2.705372E-006
direct_peakw0;1460.800;1460.8000;216;432.00;0.000000E+000;1.961294E-006;0.000000E+000;0.000000E+000;0.000000E+000;0.000000E+000;1.961294E-006
direct_peakw0;1460.800;1460.8000;217;434.00;0.000000E+000;2.278337E-006;0.000000E+000;0.000000E+000;0.000000E+000;0.000000E+000;2.278337E-006
direct_peakw0;1460.800;1460.8000;218;436.00;0.000000E+000;2.476767E-006;0.000000E+000;0.000000E+000;2.063553E-007;0.000000E+000;2.683123E-006
direct_peakw0;1460.800;1460.8000;219;438.00;0.000000E+000;1.911562E-006;0.000000E+000;0.000000E+000;4.460311E-006;0.000000E+000;6.371873E-006
direct_peakw0;1460.800;1460.8000;220;440.00;0.000000E+000;1.790008E-006;0.000000E+000;0.000000E+000;0.000000E+000;0.000000E+000;1.790008E-006
direct_peakw0;1460.800;1460.8000;221;442.00;0.000000E+000;1.141125E-006;0.000000E+000;0.000000E+000;0.000000E+000;0.000000E+000;1.141125E-006
direct_peakw0;1460.800;1460.8000;222;444.00;0.000000E+000;4.087149E-006;0.000000E+000;0.000000E+000;0.000000E+000;0.000000E+000;4.087149E-006
direct_peakw0;1460.800;1460.8000;223;446.00;0.000000E+000;3.467155E-006;0.000000E+000;0.000000E+000;3.802604E-008;0.000000E+000;3.505182E-006
direct_peakw0;1460.800;1460.8000;224;448.00;0.000000E+000;2.484594E-006;0.000000E+000;0.000000E+000;2.953073E-007;0.000000E+000;2.779901E-006
direct_peakw0;1460.800;1460.8000;225;450.00;0.000000E+000;1.363302E-006;0.000000E+000;0.000000E+000;0.000000E+000;0.000000E+000;1.363302E-006
direct_peakw0;1460.800;1460.8000;226;452.00;0.000000E+000;3.285988E-006;0.000000E+000;0.000000E+000;0.000000E+000;0.000000E+000;3.285988E-006
direct_peakw0;1460.800;1460.8000;227;454.00;0.000000E+000;2.317649E-007;0.000000E+000;0.000000E+000;6.147319E-008;0.000000E+000;2.932381E-007
direct_peakw0;1460.800;1460.8000;228;456.00;0.000000E+000;4.198143E-006;0.000000E+000;0.000000E+000;2.718602E-007;0.000000E+000;4.470004E-006
direct_peakw0;1460.800;1460.8000;229;458.00;0.000000E+000;1.446712E-006;0.000000E+000;0.000000E+000;0.000000E+000;0.000000E+000;1.446712E-006
direct_peakw0;1460.800;1460.8000;230;460.00;0.000000E+000;4.608459E-006;0.000000E+000;0.000000E+000;0.000000E+000;0.000000E+000;4.608459E-006
direct_peakw0;1460.800;1460.8000;231;462.00;0.000000E+000;2.626630E-006;0.000000E+000;0.000000E+000;0.000000E+000;0.000000E+000;2.626630E-006
direct_peakw0;1460.800;1460.8000;232;464.00;0.000000E+000;3.857072E-006;0.000000E+000;0.000000E+000;0.000000E+000;0.000000E+000;3.857072E-006
direct_peakw0;1460.800;1460.8000;233;466.00;0.000000E+000;9.056516E-007;0.000000E+000;0.000000E+000;0.000000E+000;0.000000E+000;9.056516E-007
direct_peakw0;1460.800;1460.8000;234;468.00;0.000000E+000;2.839578E-006;0.000000E+000;0.000000E+000;0.000000E+000;0.000000E+000;2.839578E-006
direct_peakw0;1460.800;1460.8000;235;470.00;0.000000E+000;1.942097E-007;0.000000E+000;0.000000E+000;0.000000E+000;0.000000E+000;1.942097E-007
direct_peakw0;1460.800;1460.8000;236;472.00;0.000000E+000;3.192028E-006;0.000000E+000;0.000000E+000;0.000000E+000;0.000000E+000;3.192028E-006
direct_peakw0;1460.800;1460.8000;237;474.00;0.000000E+000;3.235189E-006;0.000000E+000;0.000000E+000;0.000000E+000;0.000000E+000;3.235189E-006
direct_peakw0;1460.800;1460.8000;238;476.00;0.000000E+000;3.498867E-006;0.000000E+000;0.000000E+000;1.134067E-007;0.000000E+000;3.612274E-006
direct_peakw0;1460.800;1460.8000;239;478.00;0.000000E+000;8.797067E-007;0.000000E+000;0.000000E+000;2.199267E-007;0.000000E+000;1.099633E-006
direct_peakw0;1460.800;1460.8000;240;480.00;0.000000E+000;1.423261E-006;0.000000E+000;0.000000E+000;1.744332E-007;0.000000E+000;1.597695E-006
direct_peakw0;1460.800;1460.8000;241;482.00;0.000000E+000;3.955562E-006;0.000000E+000;0.000000E+000;1.589001E-007;0.000000E+000;4.114462E-006
direct_peakw0;1460.800;1460.8000;242;484.00;0.000000E+000;9.545100E-007;0.000000E+000;0.000000E+000;0.000000E+000;0.000000E+000;9.545100E-007
direct_peakw0;1460.800;1460.8000;243;486.00;0.000000E+000;1.516786E-007;0.000000E+000;0.000000E+000;0.000000E+000;0.000000E+000;1.516786E-007
direct_peakw0;1460.800;1460.8000;244;488.00;0.000000E+000;1.817482E-006;0.000000E+000;0.000000E+000;0.000000E+000;0.000000E+000;1.817482E-006
direct_peakw0;1460.800;1460.8000;245;490.00;0.000000E+000;3.735677E-006;0.000000E+000;0.000000E+000;0.000000E+000;0.000000E+000;3.735677E-006
direct_peakw0;1460.800;1460.8000;246;492.00;0.000000E+000;3.157452E-006;0.000000E+000;0.000000E+000;0.000000E+000;0.000000E+000;3.157452E-006
direct_peakw0;1460.800;1460.8000;247;494.00;0.000000E+000;2.911009E-006;0.000000E+000;0.000000E+000;0.000000E+000;0.000000E+000;2.911009E-006
direct_peakw0;1460.800;1460.8000;248;496.00;0.000000E+000;1.161371E-006;0.000000E+000;0.000000E+000;0.000000E+000;0.000000E+000;1.161371E-006
direct_peakw0;1460.800;1460.8000;249;498.00;0.000000E+000;2.602278E-006;0.000000E+000;0.000000E+000;0.000000E+000;0.000000E+000;2.602278E-006
direct_peakw0;1460.800;1460.8000;250;500.00;0.000000E+000;1.129719E-006;0.000000E+000;0.000000E+000;0.000000E+000;0.000000E+000;1.129719E-006
direct_peakw0;1460.800;1460.8000;251;502.00;0.000000E+000;1.551438E-006;0.000000E+000;0.000000E+000;0.000000E+000;0.000000E+000;1.551438E-006
direct_peakw0;1460.800;1460.8000;252;504.00;0.000000E+000;1.205919E-006;0.000000E+000;0.000000E+000;0.000000E+000;0.000000E+000;1.205919E-006
direct_peakw0;1460.800;1460.8000;253;506.00;0.000000E+000;3.037137E-006;0.000000E+000;0.000000E+000;0.000000E+000;0.000000E+000;3.037137E-006
direct_peakw0;1460.800;1460.8000;254;508.00;0.000000E+000;5.388396E-007;0.000000E+000;0.000000E+000;0.000000E+000;0.000000E+000;5.388396E-007
direct_peakw0;1460.800;1460.8000;255;510.00;0.000000E+000;1.291603E-006;0.000000E+000;0.000000E+000;0.000000E+000;0.000000E+000;1.291603E-006
direct_peakw0;1460.800;1460.8000;256;512.00;0.000000E+000;2.985937E-006;0.000000E+000;0.000000E+000;0.000000E+000;0.000000E+000;2.985937E-006
direct_peakw0;1460.800;1460.8000;257;514.00;0.000000E+000;3.422594E-006;0.000000E+000;0.000000E+000;0.000000E+000;0.000000E+000;3.422594E-006
direct_peakw0;1460.800;1460.8000;258;516.00;0.000000E+000;1.058684E-006;0.000000E+000;0.000000E+000;0.000000E+000;0.000000E+000;1.058684E-006
direct_peakw0;1460.800;1460.8000;259;518.00;0.000000E+000;1.106865E-006;0.000000E+000;0.000000E+000;0.000000E+000;0.000000E+000;1.106865E-006
direct_peakw0;1460.800;1460.8000;260;520.00;0.000000E+000;2.758429E-006;0.000000E+000;0.000000E+000;0.000000E+000;0.000000E+000;2.758429E-006
direct_peakw0;1460.800;1460.8000;261;522.00;0.000000E+000;1.709222E-006;0.000000E+000;0.000000E+000;0.000000E+000;0.000000E+000;1.709222E-006
direct_peakw0;1460.800;1460.8000;262;524.00;0.000000E+000;2.991349E-006;0.000000E+000;0.000000E+000;0.000000E+000;0.000000E+000;2.991349E-006
direct_peakw0;1460.800;1460.8000;263;526.00;0.000000E+000;4.288032E-006;0.000000E+000;0.000000E+000;1.946047E-007;0.000000E+000;4.482636E-006
direct_peakw0;1460.800;1460.8000;264;528.00;0.000000E+000;2.789628E-006;0.000000E+000;0.000000E+000;1.387286E-007;0.000000E+000;2.928356E-006
direct_peakw0;1460.800;1460.8000;265;530.00;0.000000E+000;2.643251E-007;0.000000E+000;0.000000E+000;0.000000E+000;0.000000E+000;2.643251E-007
direct_peakw0;1460.800;1460.8000;266;532.00;0.000000E+000;6.102114E-006;0.000000E+000;0.000000E+000;0.000000E+000;0.000000E+000;6.102114E-006
direct_peakw0;1460.800;1460.8000;267;534.00;0.000000E+000;5.645530E-007;0.000000E+000;0.000000E+000;0.000000E+000;0.000000E+000;5.645530E-007
direct_peakw0;1460.800;1460.8000;268;536.00;0.000000E+000;2.726967E-006;0.000000E+000;0.000000E+000;0.000000E+000;0.000000E+000;2.726967E-006
direct_peakw0;1460.800;1460.8000;269;538.00;0.000000E+000;2.111910E-006;0.000000E+000;0.000000E+000;1.677753E-007;0.000000E+000;2.279685E-006
direct_peakw0;1460.800;1460.8000;270;540.00;0.000000E+000;1.927814E-006;0.000000E+000;0.000000E+000;1.655580E-007;0.000000E+000;2.093372E-006
direct_peakw0;1460.800;1460.8000;271;542.00;0.000000E+000;8.968649E-007;0.000000E+000;0.000000E+000;0.000000E+000;0.000000E+000;8.968649E-007
direct_peakw0;1460.800;1460.8000;272;544.00;0.000000E+000;2.003111E-006;0.000000E+000;0.000000E+000;0.000000E+000;0.000000E+000;2.003111E-006
direct_peakw0;1460.800;1460.8000;273;546.00;0.000000E+000;2.167396E-006;0.000000E+000;0.000000E+000;0.000000E+000;0.000000E+000;2.167396E-006
direct_peakw0;1460.800;1460.8000;274;548.00;0.000000E+000;2.112719E-006;0.000000E+000;0.000000E+000;0.000000E+000;0.000000E+000;2.112719E-006
direct_peakw0;1460.800;1460.8000;275;550.00;0.000000E+000;2.125705E-006;0.000000E+000;0.000000E+000;0.000000E+000;0.000000E+000;2.125705E-006
direct_peakw0;1460.800;1460.8000;276;552.00;0.000000E+000;1.869633E-006;0.000000E+000;0.000000E+000;0.000000E+000;0.000000E+000;1.869633E-006
direct_peakw0;1460.800;1460.8000;277;554.00;0.000000E+000;1.363338E-006;0.000000E+000;0.000000E+000;0.000000E+000;0.000000E+000;1.363338E-006
direct_peakw0;1460.800;1460.8000;278;556.00;0.000000E+000;2.202750E-006;0.000000E+000;0.000000E+000;0.000000E+000;0.000000E+000;2.202750E-006
direct_peakw0;1460.800;1460.8000;279;558.00;0.000000E+000;2.434976E-006;0.000000E+000;0.000000E+000;0.000000E+000;0.000000E+000;2.434976E-006
direct_peakw0;1460.800;1460.8000;280;560.00;0.000000E+000;1.530515E-006;0.000000E+000;0.000000E+000;0.000000E+000;0.000000E+000;1.530515E-006
direct_peakw0;1460.800;1460.8000;281;562.00;0.000000E+000;1.798323E-006;0.000000E+000;0.000000E+000;0.000000E+000;0.000000E+000;1.798323E-006
direct_peakw0;1460.800;1460.8000;282;564.00;0.000000E+000;2.894743E-006;0.000000E+000;0.000000E+000;0.000000E+000;0.000000E+000;2.894743E-006
direct_peakw0;1460.800;1460.8000;283;566.00;0.000000E+000;4.999029E-007;0.000000E+000;0.000000E+000;0.000000E+000;0.000000E+000;4.999029E-007
direct_peakw0;1460.800;1460.8000;284;568.00;0.000000E+000;2.098526E-006;0.000000E+000;0.000000E+000;0.000000E+000;0.000000E+000;2.098526E-006
direct_peakw0;1460.800;1460.8000;285;570.00;0.000000E+000;3.085446E-006;0.000000E+000;0.000000E+000;0.000000E+000;0.000000E+000;3.085446E-006
direct_peakw0;1460.800;1460.8000;286;572.00;0.000000E+000;2.039607E-006;0.000000E+000;0.000000E+000;0.000000E+000;0.000000E+000;2.039607E-006
direct_peakw0;1460.800;1460.8000;287;574.00;0.000000E+000;1.645256E-006;0.000000E+000;0.000000E+000;0.000000E+000;0.000000E+000;1.645256E-006
direct_peakw0;1460.800;1460.8000;288;576.00;0.000000E+000;2.643722E-006;0.000000E+000;0.000000E+000;0.000000E+000;0.000000E+000;2.643722E-006
direct_peakw0;1460.800;1460.8000;289;578.00;0.000000E+000;2.526298E-006;0.000000E+000;0.000000E+000;0.000000E+000;0.000000E+000;2.526298E-006
direct_peakw0;1460.800;1460.8000;290;580.00;0.000000E+000;2.666094E-006;0.000000E+000;0.000000E+000;2.349836E-007;0.000000E+000;2.901078E-006
direct_peakw0;1460.800;1460.8000;291;582.00;0.000000E+000;2.950491E-007;0.000000E+000;0.000000E+000;9.834970E-008;0.000000E+000;3.933988E-007
direct_peakw0;1460.800;1460.8000;292;584.00;0.000000E+000;2.225934E-006;0.000000E+000;0.000000E+000;9.361661E-008;0.000000E+000;2.319550E-006
direct_peakw0;1460.800;1460.8000;293;586.00;0.000000E+000;4.144817E-006;0.000000E+000;0.000000E+000;2.397167E-007;0.000000E+000;4.384534E-006
direct_peakw0;1460.800;1460.8000;294;588.00;0.000000E+000;3.196634E-006;0.000000E+000;0.000000E+000;0.000000E+000;0.000000E+000;3.196634E-006
direct_peakw0;1460.800;1460.8000;295;590.00;0.000000E+000;1.431378E-006;0.000000E+000;0.000000E+000;0.000000E+000;0.000000E+000;1.431378E-006
direct_peakw0;1460.800;1460.8000;296;592.00;0.000000E+000;5.794318E-006;0.000000E+000;0.000000E+000;0.000000E+000;0.000000E+000;5.794318E-006
direct_peakw0;1460.800;1460.8000;297;594.00;0.000000E+000;5.542897E-007;0.000000E+000;0.000000E+000;0.000000E+000;0.000000E+000;5.542897E-007
direct_peakw0;1460.800;1460.8000;298;596.00;0.000000E+000;2.319295E-006;0.000000E+000;0.000000E+000;0.000000E+000;0.000000E+000;2.319295E-006
direct_peakw0;1460.800;1460.8000;299;598.00;0.000000E+000;1.945811E-006;0.000000E+000;0.000000E+000;0.000000E+000;0.000000E+000;1.945811E-006
direct_peakw0;1460.800;1460.8000;300;600.00;0.000000E+000;2.556476E-006;0.000000E+000;0.000000E+000;0.000000E+000;0.000000E+000;2.556476E-006
direct_peakw0;1460.800;1460.8000;301;602.00;0.000000E+000;1.939511E-006;0.000000E+000;0.000000E+000;0.000000E+000;0.000000E+000;1.939511E-006
direct_peakw0;1460.800;1460.8000;302;604.00;0.000000E+000;2.890983E-006;0.000000E+000;0.000000E+000;0.000000E+000;0.000000E+000;2.890983E-006
direct_peakw0;1460.800;1460.8000;303;606.00;0.000000E+000;3.093133E-006;0.000000E+000;0.000000E+000;1.064783E-007;0.000000E+000;3.199611E-006
direct_peakw0;1460.800;1460.8000;304;608.00;0.000000E+000;3.148891E-006;0.000000E+000;0.000000E+000;2.268550E-007;0.000000E+000;3.375746E-006
direct_peakw0;1460.800;1460.8000;305;610.00;0.000000E+000;3.668722E-006;0.000000E+000;0.000000E+000;0.000000E+000;0.000000E+000;3.668722E-006
direct_peakw0;1460.800;1460.8000;306;612.00;0.000000E+000;6.445489E-007;0.000000E+000;0.000000E+000;0.000000E+000;0.000000E+000;6.445489E-007
direct_peakw0;1460.800;1460.8000;307;614.00;0.000000E+000;2.759895E-006;0.000000E+000;0.000000E+000;0.000000E+000;0.000000E+000;2.759895E-006
direct_peakw0;1460.800;1460.8000;308;616.00;0.000000E+000;1.438689E-006;0.000000E+000;0.000000E+000;0.000000E+000;0.000000E+000;1.438689E-006
direct_peakw0;1460.800;1460.8000;309;618.00;0.000000E+000;2.002625E-006;0.000000E+000;0.000000E+000;0.000000E+000;0.000000E+000;2.002625E-006
direct_peakw0;1460.800;1460.8000;310;620.00;0.000000E+000;1.372396E-006;0.000000E+000;0.000000E+000;0.000000E+000;0.000000E+000;1.372396E-006
direct_peakw0;1460.800;1460.8000;311;622.00;0.000000E+000;5.739718E-007;0.000000E+000;0.000000E+000;0.000000E+000;0.000000E+000;5.739718E-007
direct_peakw0;1460.800;1460.8000;312;624.00;0.000000E+000;4.964348E-006;0.000000E+000;0.000000E+000;0.000000E+000;0.000000E+000;4.964348E-006
direct_peakw0;1460.800;1460.8000;313;626.00;0.000000E+000;3.660830E-007;0.000000E+000;0.000000E+000;6.101384E-008;0.000000E+000;4.270969E-007
direct_peakw0;1460.800;1460.8000;314;628.00;0.000000E+000;1.633917E-006;0.000000E+000;0.000000E+000;2.723195E-007;0.000000E+000;1.906237E-006
direct_peakw0;1460.800;1460.8000;315;630.00;0.000000E+000;9.741486E-007;0.000000E+000;0.000000E+000;0.000000E+000;0.000000E+000;9.741486E-007
direct_peakw0;1460.800;1460.8000;316;632.00;0.000000E+000;3.864187E-006;1.962664E-007;0.000000E+000;0.000000E+000;0.000000E+000;4.060453E-006
direct_peakw0;1460.800;1460.8000;317;634.00;0.000000E+000;3.494998E-006;1.370669E-007;0.000000E+000;0.000000E+000;0.000000E+000;3.632065E-006
direct_peakw0;1460.800;1460.8000;318;636.00;0.000000E+000;1.261839E-006;0.000000E+000;0.000000E+000;0.000000E+000;0.000000E+000;1.261839E-006
direct_peakw0;1460.800;1460.8000;319;638.00;0.000000E+000;3.339330E-006;0.000000E+000;0.000000E+000;0.000000E+000;0.000000E+000;3.339330E-006
direct_peakw0;1460.800;1460.8000;320;640.00;0.000000E+000;3.076241E-006;0.000000E+000;0.000000E+000;0.000000E+000;0.000000E+000;3.076241E-006
direct_peakw0;1460.800;1460.8000;321;642.00;0.000000E+000;3.534895E-007;0.000000E+000;0.000000E+000;0.000000E+000;0.000000E+000;3.534895E-007
direct_peakw0;1460.800;1460.8000;322;644.00;0.000000E+000;3.122940E-006;0.000000E+000;0.000000E+000;0.000000E+000;0.000000E+000;3.122940E-006
direct_peakw0;1460.800;1460.8000;323;646.00;0.000000E+000;2.704511E-007;0.000000E+000;0.000000E+000;0.000000E+000;0.000000E+000;2.704511E-007
direct_peakw0;1460.800;1460.8000;324;648.00;0.000000E+000;4.720276E-006;0.000000E+000;0.000000E+000;0.000000E+000;0.000000E+000;4.720276E-006
direct_peakw0;1460.800;1460.8000;325;650.00;0.000000E+000;1.272286E-006;0.000000E+000;0.000000E+000;0.000000E+000;0.000000E+000;1.272286E-006
direct_peakw0;1460.800;1460.8000;326;652.00;0.000000E+000;3.583147E-006;0.000000E+000;0.000000E+000;0.000000E+000;0.000000E+000;3.583147E-006
direct_peakw0;1460.800;1460.8000;327;654.00;0.000000E+000;8.932782E-007;0.000000E+000;0.000000E+000;0.000000E+000;0.000000E+000;8.932782E-007
direct_peakw0;1460.800;1460.8000;328;656.00;0.000000E+000;2.569276E-006;0.000000E+000;0.000000E+000;0.000000E+000;0.000000E+000;2.569276E-006
direct_peakw0;1460.800;1460.8000;329;658.00;0.000000E+000;1.676941E-006;0.000000E+000;0.000000E+000;0.000000E+000;0.000000E+000;1.676941E-006
direct_peakw0;1460.800;1460.8000;330;660.00;0.000000E+000;1.898997E-006;0.000000E+000;0.000000E+000;0.000000E+000;0.000000E+000;1.898997E-006
direct_peakw0;1460.800;1460.8000;331;662.00;0.000000E+000;1.151020E-006;0.000000E+000;0.000000E+000;7.965107E-008;0.000000E+000;1.230671E-006
direct_peakw0;1460.800;1460.8000;332;664.00;0.000000E+000;2.810488E-006;0.000000E+000;0.000000E+000;2.536823E-007;0.000000E+000;3.064170E-006
direct_peakw0;1460.800;1460.8000;333;666.00;0.000000E+000;1.406616E-006;0.000000E+000;0.000000E+000;0.000000E+000;0.000000E+000;1.406616E-006
direct_peakw0;1460.800;1460.8000;334;668.00;0.000000E+000;1.740298E-006;0.000000E+000;0.000000E+000;0.000000E+000;0.000000E+000;1.740298E-006
direct_peakw0;1460.800;1460.8000;335;670.00;0.000000E+000;9.347539E-007;0.000000E+000;0.000000E+000;0.000000E+000;0.000000E+000;9.347539E-007
direct_peakw0;1460.800;1460.8000;336;672.00;0.000000E+000;1.721245E-006;0.000000E+000;0.000000E+000;0.000000E+000;0.000000E+000;1.721245E-006
direct_peakw0;1460.800;1460.8000;337;674.00;0.000000E+000;1.087133E-006;0.000000E+000;0.000000E+000;0.000000E+000;0.000000E+000;1.087133E-006
direct_peakw0;1460.800;1460.8000;338;676.00;0.000000E+000;4.109954E-006;0.000000E+000;0.000000E+000;0.000000E+000;0.000000E+000;4.109954E-006
direct_peakw0;1460.800;1460.8000;339;678.00;0.000000E+000;4.910777E-007;0.000000E+000;0.000000E+000;0.000000E+000;0.000000E+000;4.910777E-007
direct_peakw0;1460.800;1460.8000;340;680.00;0.000000E+000;5.089223E-007;0.000000E+000;0.000000E+000;0.000000E+000;0.000000E+000;5.089223E-007
direct_peakw0;1460.800;1460.8000;341;682.00;0.000000E+000;2.932756E-006;0.000000E+000;0.000000E+000;1.809880E-007;0.000000E+000;3.113744E-006
direct_peakw0;1460.800;1460.8000;342;684.00;0.000000E+000;2.147256E-006;0.000000E+000;0.000000E+000;1.523453E-007;0.000000E+000;2.299602E-006
direct_peakw0;1460.800;1460.8000;343;686.00;0.000000E+000;1.919988E-006;0.000000E+000;0.000000E+000;0.000000E+000;0.000000E+000;1.919988E-006
direct_peakw0;1460.800;1460.8000;344;688.00;0.000000E+000;9.144424E-007;0.000000E+000;0.000000E+000;0.000000E+000;0.000000E+000;9.144424E-007
direct_peakw0;1460.800;1460.8000;345;690.00;0.000000E+000;3.467952E-006;0.000000E+000;0.000000E+000;0.000000E+000;0.000000E+000;3.467952E-006
direct_peakw0;1460.800;1460.8000;346;692.00;0.000000E+000;1.314925E-006;0.000000E+000;0.000000E+000;0.000000E+000;0.000000E+000;1.314925E-006
direct_peakw0;1460.800;1460.8000;347;694.00;0.000000E+000;3.715634E-006;0.000000E+000;0.000000E+000;0.000000E+000;0.000000E+000;3.715634E-006
direct_peakw0;1460.800;1460.8000;348;696.00;0.000000E+000;2.725131E-006;0.000000E+000;0.000000E+000;0.000000E+000;0.000000E+000;2.725131E-006
direct_peakw0;1460.800;1460.8000;349;698.00;0.000000E+000;1.601327E-006;0.000000E+000;0.000000E+000;0.000000E+000;0.000000E+000;1.601327E-006
direct_peakw0;1460.800;1460.8000;350;700.00;0.000000E+000;3.989991E-006;0.000000E+000;0.000000E+000;0.000000E+000;0.000000E+000;3.989991E-006
direct_peakw0;1460.800;1460.8000;351;702.00;0.000000E+000;1.929016E-006;0.000000E+000;0.000000E+000;0.000000E+000;0.000000E+000;1.929016E-006
direct_peakw0;1460.800;1460.8000;352;704.00;0.000000E+000;2.575363E-006;0.000000E+000;0.000000E+000;0.000000E+000;0.000000E+000;2.575363E-006
direct_peakw0;1460.800;1460.8000;353;706.00;0.000000E+000;2.629052E-006;0.000000E+000;0.000000E+000;0.000000E+000;0.000000E+000;2.629052E-006
direct_peakw0;1460.800;1460.8000;354;708.00;0.000000E+000;3.250641E-006;0.000000E+000;0.000000E+000;0.000000E+000;0.000000E+000;3.250641E-006
direct_peakw0;1460.800;1460.8000;355;710.00;0.000000E+000;2.219858E-006;0.000000E+000;0.000000E+000;0.000000E+000;0.000000E+000;2.219858E-006
direct_peakw0;1460.800;1460.8000;356;712.00;0.000000E+000;2.718920E-007;0.000000E+000;0.000000E+000;0.000000E+000;0.000000E+000;2.718920E-007
direct_peakw0;1460.800;1460.8000;357;714.00;0.000000E+000;4.341419E-006;0.000000E+000;0.000000E+000;0.000000E+000;0.000000E+000;4.341419E-006
direct_peakw0;1460.800;1460.8000;358;716.00;0.000000E+000;4.132759E-006;0.000000E+000;0.000000E+000;0.000000E+000;0.000000E+000;4.132759E-006
direct_peakw0;1460.800;1460.8000;359;718.00;0.000000E+000;9.205964E-007;0.000000E+000;0.000000E+000;0.000000E+000;0.000000E+000;9.205964E-007
direct_peakw0;1460.800;1460.8000;360;720.00;0.000000E+000;1.207349E-006;0.000000E+000;0.000000E+000;0.000000E+000;0.000000E+000;1.207349E-006
direct_peakw0;1460.800;1460.8000;361;722.00;0.000000E+000;1.900791E-006;0.000000E+000;0.000000E+000;0.000000E+000;0.000000E+000;1.900791E-006
direct_peakw0;1460.800;1460.8000;362;724.00;0.000000E+000;4.404803E-006;0.000000E+000;0.000000E+000;0.000000E+000;0.000000E+000;4.404803E-006
direct_peakw0;1460.800;1460.8000;363;726.00;0.000000E+000;8.203896E-007;0.000000E+000;0.000000E+000;0.000000E+000;0.000000E+000;8.203896E-007
direct_peakw0;1460.800;1460.8000;364;728.00;0.000000E+000;2.747205E-006;0.000000E+000;0.000000E+000;0.000000E+000;0.000000E+000;2.747205E-006
direct_peakw0;1460.800;1460.8000;365;730.00;0.000000E+000;2.613539E-006;0.000000E+000;0.000000E+000;0.000000E+000;0.000000E+000;2.613539E-006
direct_peakw0;1460.800;1460.8000;366;732.00;0.000000E+000;1.427035E-006;0.000000E+000;0.000000E+000;0.000000E+000;0.000000E+000;1.427035E-006
direct_peakw0;1460.800;1460.8000;367;734.00;0.000000E+000;2.600646E-006;0.000000E+000;0.000000E+000;0.000000E+000;0.000000E+000;2.600646E-006
direct_peakw0;1460.800;1460.8000;368;736.00;0.000000E+000;3.011069E-006;0.000000E+000;0.000000E+000;0.000000E+000;0.000000E+000;3.011069E-006
direct_peakw0;1460.800;1460.8000;369;738.00;0.000000E+000;9.759558E-007;0.000000E+000;0.000000E+000;0.000000E+000;0.000000E+000;9.759558E-007
direct_peakw0;1460.800;1460.8000;370;740.00;0.000000E+000;1.624551E-006;0.000000E+000;0.000000E+000;0.000000E+000;0.000000E+000;1.624551E-006
direct_peakw0;1460.800;1460.8000;371;742.00;0.000000E+000;2.270709E-006;0.000000E+000;0.000000E+000;0.000000E+000;0.000000E+000;2.270709E-006
direct_peakw0;1460.800;1460.8000;372;744.00;0.000000E+000;4.485731E-006;1.852346E-007;0.000000E+000;0.000000E+000;0.000000E+000;4.670965E-006
direct_peakw0;1460.800;1460.8000;373;746.00;0.000000E+000;2.647024E-006;1.480987E-007;0.000000E+000;0.000000E+000;0.000000E+000;2.795123E-006
direct_peakw0;1460.800;1460.8000;374;748.00;0.000000E+000;3.184715E-007;0.000000E+000;0.000000E+000;0.000000E+000;0.000000E+000;3.184715E-007
direct_peakw0;1460.800;1460.8000;375;750.00;0.000000E+000;3.278064E-006;0.000000E+000;0.000000E+000;0.000000E+000;0.000000E+000;3.278064E-006
direct_peakw0;1460.800;1460.8000;376;752.00;0.000000E+000;4.044402E-007;0.000000E+000;0.000000E+000;0.000000E+000;0.000000E+000;4.044402E-007
direct_peakw0;1460.800;1460.8000;377;754.00;0.000000E+000;1.738913E-006;7.167669E-008;0.000000E+000;0.000000E+000;0.000000E+000;1.810590E-006
direct_peakw0;1460.800;1460.8000;378;756.00;0.000000E+000;3.563271E-006;5.949900E-007;0.000000E+000;0.000000E+000;0.000000E+000;4.158261E-006
direct_peakw0;1460.800;1460.8000;379;758.00;0.000000E+000;5.141672E-006;0.000000E+000;0.000000E+000;0.000000E+000;0.000000E+000;5.141672E-006
direct_peakw0;1460.800;1460.8000;380;760.00;0.000000E+000;1.485037E-006;0.000000E+000;0.000000E+000;0.000000E+000;0.000000E+000;1.485037E-006
direct_peakw0;1460.800;1460.8000;381;762.00;0.000000E+000;0.000000E+000;0.000000E+000;0.000000E+000;0.000000E+000;0.000000E+000;0.000000E+000
direct_peakw0;1460.800;1460.8000;382;764.00;0.000000E+000;4.783201E-006;0.000000E+000;0.000000E+000;0.000000E+000;0.000000E+000;4.783201E-006
direct_peakw0;1460.800;1460.8000;383;766.00;0.000000E+000;2.550133E-006;0.000000E+000;0.000000E+000;0.000000E+000;0.000000E+000;2.550133E-006
direct_peakw0;1460.800;1460.8000;384;768.00;0.000000E+000;2.095437E-006;0.000000E+000;0.000000E+000;0.000000E+000;0.000000E+000;2.095437E-006
direct_peakw0;1460.800;1460.8000;385;770.00;0.000000E+000;3.540810E-006;0.000000E+000;0.000000E+000;0.000000E+000;0.000000E+000;3.540810E-006
direct_peakw0;1460.800;1460.8000;386;772.00;0.000000E+000;2.697087E-006;0.000000E+000;0.000000E+000;0.000000E+000;0.000000E+000;2.697087E-006
direct_peakw0;1460.800;1460.8000;387;774.00;0.000000E+000;2.337272E-006;0.000000E+000;0.000000E+000;0.000000E+000;0.000000E+000;2.337272E-006
direct_peakw0;1460.800;1460.8000;388;776.00;0.000000E+000;3.996062E-006;0.000000E+000;0.000000E+000;0.000000E+000;0.000000E+000;3.996062E-006
direct_peakw0;1460.800;1460.8000;389;778.00;0.000000E+000;0.000000E+000;0.000000E+000;0.000000E+000;0.000000E+000;0.000000E+000;0.000000E+000
direct_peakw0;1460.800;1460.8000;390;780.00;0.000000E+000;1.137102E-006;0.000000E+000;0.000000E+000;0.000000E+000;0.000000E+000;1.137102E-006
direct_peakw0;1460.800;1460.8000;391;782.00;0.000000E+000;3.862898E-006;0.000000E+000;0.000000E+000;0.000000E+000;0.000000E+000;3.862898E-006
direct_peakw0;1460.800;1460.8000;392;784.00;0.000000E+000;7.415062E-007;0.000000E+000;0.000000E+000;0.000000E+000;0.000000E+000;7.415062E-007
direct_peakw0;1460.800;1460.8000;393;786.00;0.000000E+000;1.925160E-006;0.000000E+000;0.000000E+000;0.000000E+000;0.000000E+000;1.925160E-006
direct_peakw0;1460.800;1460.8000;394;788.00;0.000000E+000;5.302314E-007;0.000000E+000;0.000000E+000;0.000000E+000;0.000000E+000;5.302314E-007
direct_peakw0;1460.800;1460.8000;395;790.00;0.000000E+000;2.931904E-006;0.000000E+000;0.000000E+000;0.000000E+000;0.000000E+000;2.931904E-006
direct_peakw0;1460.800;1460.8000;396;792.00;0.000000E+000;2.537864E-006;0.000000E+000;0.000000E+000;0.000000E+000;0.000000E+000;2.537864E-006
direct_peakw0;1460.800;1460.8000;397;794.00;0.000000E+000;8.952252E-008;0.000000E+000;0.000000E+000;0.000000E+000;0.000000E+000;8.952252E-008
direct_peakw0;1460.800;1460.8000;398;796.00;0.000000E+000;2.561014E-006;0.000000E+000;0.000000E+000;0.000000E+000;0.000000E+000;2.561014E-006
direct_peakw0;1460.800;1460.8000;399;798.00;0.000000E+000;2.459777E-006;0.000000E+000;0.000000E+000;0.000000E+000;0.000000E+000;2.459777E-006
direct_peakw0;1460.800;1460.8000;400;800.00;0.000000E+000;1.894099E-006;0.000000E+000;0.000000E+000;0.000000E+000;0.000000E+000;1.894099E-006
direct_peakw0;1460.800;1460.8000;401;802.00;0.000000E+000;1.328920E-006;0.000000E+000;0.000000E+000;0.000000E+000;0.000000E+000;1.328920E-006
direct_peakw0;1460.800;1460.8000;402;804.00;0.000000E+000;0.000000E+000;0.000000E+000;0.000000E+000;0.000000E+000;0.000000E+000;0.000000E+000
direct_peakw0;1460.800;1460.8000;403;806.00;0.000000E+000;1.759564E-006;0.000000E+000;0.000000E+000;0.000000E+000;0.000000E+000;1.759564E-006
direct_peakw0;1460.800;1460.8000;404;808.00;0.000000E+000;2.858176E-006;0.000000E+000;0.000000E+000;0.000000E+000;0.000000E+000;2.858176E-006
direct_peakw0;1460.800;1460.8000;405;810.00;0.000000E+000;3.313127E-006;0.000000E+000;0.000000E+000;0.000000E+000;0.000000E+000;3.313127E-006
direct_peakw0;1460.800;1460.8000;406;812.00;0.000000E+000;3.749875E-006;0.000000E+000;0.000000E+000;0.000000E+000;0.000000E+000;3.749875E-006
direct_peakw0;1460.800;1460.8000;407;814.00;0.000000E+000;6.525913E-007;0.000000E+000;0.000000E+000;0.000000E+000;0.000000E+000;6.525913E-007
direct_peakw0;1460.800;1460.8000;408;816.00;0.000000E+000;1.697971E-006;0.000000E+000;0.000000E+000;3.297432E-007;0.000000E+000;2.027715E-006
direct_peakw0;1460.800;1460.8000;409;818.00;0.000000E+000;3.163456E-006;0.000000E+000;0.000000E+000;3.590187E-009;0.000000E+000;3.167046E-006
direct_peakw0;1460.800;1460.8000;410;820.00;0.000000E+000;2.958064E-007;0.000000E+000;0.000000E+000;0.000000E+000;0.000000E+000;2.958064E-007
direct_peakw0;1460.800;1460.8000;411;822.00;0.000000E+000;1.842766E-006;0.000000E+000;0.000000E+000;0.000000E+000;0.000000E+000;1.842766E-006
direct_peakw0;1460.800;1460.8000;412;824.00;0.000000E+000;1.245125E-006;0.000000E+000;0.000000E+000;0.000000E+000;0.000000E+000;1.245125E-006
direct_peakw0;1460.800;1460.8000;413;826.00;0.000000E+000;2.125023E-006;8.499703E-009;0.000000E+000;0.000000E+000;0.000000E+000;2.133522E-006
direct_peakw0;1460.800;1460.8000;414;828.00;0.000000E+000;3.220051E-006;3.248336E-007;0.000000E+000;0.000000E+000;0.000000E+000;3.544884E-006
direct_peakw0;1460.800;1460.8000;415;830.00;0.000000E+000;7.116298E-007;0.000000E+000;0.000000E+000;0.000000E+000;0.000000E+000;7.116298E-007
direct_peakw0;1460.800;1460.8000;416;832.00;0.000000E+000;1.982270E-006;0.000000E+000;0.000000E+000;0.000000E+000;0.000000E+000;1.982270E-006
direct_peakw0;1460.800;1460.8000;417;834.00;0.000000E+000;5.302433E-007;0.000000E+000;0.000000E+000;0.000000E+000;0.000000E+000;5.302433E-007
direct_peakw0;1460.800;1460.8000;418;836.00;0.000000E+000;3.518992E-006;0.000000E+000;0.000000E+000;0.000000E+000;0.000000E+000;3.518992E-006
direct_peakw0;1460.800;1460.8000;419;838.00;0.000000E+000;2.367546E-006;0.000000E+000;0.000000E+000;0.000000E+000;0.000000E+000;2.367546E-006
direct_peakw0;1460.800;1460.8000;420;840.00;0.000000E+000;1.728007E-006;0.000000E+000;0.000000E+000;0.000000E+000;0.000000E+000;1.728007E-006
direct_peakw0;1460.800;1460.8000;421;842.00;0.000000E+000;1.814863E-006;0.000000E+000;0.000000E+000;0.000000E+000;0.000000E+000;1.814863E-006
direct_peakw0;1460.800;1460.8000;422;844.00;0.000000E+000;4.808895E-006;0.000000E+000;0.000000E+000;0.000000E+000;0.000000E+000;4.808895E-006
direct_peakw0;1460.800;1460.8000;423;846.00;0.000000E+000;3.502165E-006;0.000000E+000;0.000000E+000;0.000000E+000;0.000000E+000;3.502165E-006
direct_peakw0;1460.800;1460.8000;424;848.00;0.000000E+000;1.065971E-006;0.000000E+000;0.000000E+000;0.000000E+000;0.000000E+000;1.065971E-006
direct_peakw0;1460.800;1460.8000;425;850.00;0.000000E+000;2.226483E-006;0.000000E+000;0.000000E+000;0.000000E+000;0.000000E+000;2.226483E-006
direct_peakw0;1460.800;1460.8000;426;852.00;0.000000E+000;1.527352E-007;0.000000E+000;0.000000E+000;0.000000E+000;0.000000E+000;1.527352E-007
direct_peakw0;1460.800;1460.8000;427;854.00;0.000000E+000;4.619790E-009;0.000000E+000;0.000000E+000;0.000000E+000;0.000000E+000;4.619790E-009
direct_peakw0;1460.800;1460.8000;428;856.00;0.000000E+000;4.285570E-006;0.000000E+000;0.000000E+000;0.000000E+000;0.000000E+000;4.285570E-006
direct_peakw0;1460.800;1460.8000;429;858.00;0.000000E+000;9.124649E-007;0.000000E+000;0.000000E+000;0.000000E+000;0.000000E+000;9.124649E-007
direct_peakw0;1460.800;1460.8000;430;860.00;0.000000E+000;1.130679E-006;0.000000E+000;0.000000E+000;0.000000E+000;0.000000E+000;1.130679E-006
direct_peakw0;1460.800;1460.8000;431;862.00;0.000000E+000;6.865196E-007;0.000000E+000;0.000000E+000;0.000000E+000;0.000000E+000;6.865196E-007
direct_peakw0;1460.800;1460.8000;432;864.00;0.000000E+000;3.962321E-006;0.000000E+000;0.000000E+000;0.000000E+000;0.000000E+000;3.962321E-006
direct_peakw0;1460.800;1460.8000;433;866.00;0.000000E+000;3.055563E-006;0.000000E+000;0.000000E+000;0.000000E+000;0.000000E+000;3.055563E-006
direct_peakw0;1460.800;1460.8000;434;868.00;0.000000E+000;2.275445E-006;0.000000E+000;0.000000E+000;0.000000E+000;0.000000E+000;2.275445E-006
direct_peakw0;1460.800;1460.8000;435;870.00;0.000000E+000;4.325749E-006;0.000000E+000;0.000000E+000;0.000000E+000;0.000000E+000;4.325749E-006
direct_peakw0;1460.800;1460.8000;436;872.00;0.000000E+000;3.018586E-006;0.000000E+000;0.000000E+000;0.000000E+000;0.000000E+000;3.018586E-006
direct_peakw0;1460.800;1460.8000;437;874.00;0.000000E+000;1.353624E-006;0.000000E+000;0.000000E+000;0.000000E+000;0.000000E+000;1.353624E-006
direct_peakw0;1460.800;1460.8000;438;876.00;0.000000E+000;3.613142E-006;0.000000E+000;0.000000E+000;0.000000E+000;0.000000E+000;3.613142E-006
direct_peakw0;1460.800;1460.8000;439;878.00;0.000000E+000;3.757176E-007;0.000000E+000;0.000000E+000;0.000000E+000;0.000000E+000;3.757176E-007
direct_peakw0;1460.800;1460.8000;440;880.00;0.000000E+000;2.603710E-006;0.000000E+000;0.000000E+000;0.000000E+000;0.000000E+000;2.603710E-006
direct_peakw0;1460.800;1460.8000;441;882.00;0.000000E+000;3.729623E-006;0.000000E+000;0.000000E+000;0.000000E+000;0.000000E+000;3.729623E-006
direct_peakw0;1460.800;1460.8000;442;884.00;0.000000E+000;1.631999E-006;0.000000E+000;0.000000E+000;0.000000E+000;0.000000E+000;1.631999E-006
direct_peakw0;1460.800;1460.8000;443;886.00;0.000000E+000;2.598694E-006;0.000000E+000;0.000000E+000;0.000000E+000;0.000000E+000;2.598694E-006
direct_peakw0;1460.800;1460.8000;444;888.00;0.000000E+000;1.125152E-006;0.000000E+000;0.000000E+000;0.000000E+000;0.000000E+000;1.125152E-006
direct_peakw0;1460.800;1460.8000;445;890.00;0.000000E+000;2.298854E-006;0.000000E+000;0.000000E+000;0.000000E+000;0.000000E+000;2.298854E-006
direct_peakw0;1460.800;1460.8000;446;892.00;0.000000E+000;1.435857E-006;0.000000E+000;0.000000E+000;0.000000E+000;0.000000E+000;1.435857E-006
direct_peakw0;1460.800;1460.8000;447;894.00;0.000000E+000;3.712338E-006;0.000000E+000;0.000000E+000;0.000000E+000;0.000000E+000;3.712338E-006
direct_peakw0;1460.800;1460.8000;448;896.00;0.000000E+000;1.379201E-006;0.000000E+000;0.000000E+000;0.000000E+000;0.000000E+000;1.379201E-006
direct_peakw0;1460.800;1460.8000;449;898.00;0.000000E+000;4.534186E-006;0.000000E+000;0.000000E+000;0.000000E+000;0.000000E+000;4.534186E-006
direct_peakw0;1460.800;1460.8000;450;900.00;0.000000E+000;1.858054E-006;0.000000E+000;0.000000E+000;0.000000E+000;0.000000E+000;1.858054E-006
direct_peakw0;1460.800;1460.8000;451;902.00;0.000000E+000;2.092331E-006;0.000000E+000;0.000000E+000;0.000000E+000;0.000000E+000;2.092331E-006
direct_peakw0;1460.800;1460.8000;452;904.00;0.000000E+000;3.239742E-006;0.000000E+000;0.000000E+000;0.000000E+000;0.000000E+000;3.239742E-006
direct_peakw0;1460.800;1460.8000;453;906.00;0.000000E+000;3.533418E-006;0.000000E+000;0.000000E+000;0.000000E+000;0.000000E+000;3.533418E-006
direct_peakw0;1460.800;1460.8000;454;908.00;0.000000E+000;4.419935E-006;0.000000E+000;0.000000E+000;0.000000E+000;0.000000E+000;4.419935E-006
direct_peakw0;1460.800;1460.8000;455;910.00;0.000000E+000;8.069051E-007;0.000000E+000;0.000000E+000;0.000000E+000;0.000000E+000;8.069051E-007
direct_peakw0;1460.800;1460.8000;456;912.00;0.000000E+000;4.743648E-006;0.000000E+000;0.000000E+000;0.000000E+000;0.000000E+000;4.743648E-006
direct_peakw0;1460.800;1460.8000;457;914.00;0.000000E+000;2.607906E-006;0.000000E+000;0.000000E+000;0.000000E+000;0.000000E+000;2.607906E-006
direct_peakw0;1460.800;1460.8000;458;916.00;0.000000E+000;2.648445E-006;0.000000E+000;0.000000E+000;0.000000E+000;0.000000E+000;2.648445E-006
direct_peakw0;1460.800;1460.8000;459;918.00;0.000000E+000;2.443693E-006;0.000000E+000;0.000000E+000;0.000000E+000;0.000000E+000;2.443693E-006
direct_peakw0;1460.800;1460.8000;460;920.00;0.000000E+000;4.497858E-006;0.000000E+000;0.000000E+000;0.000000E+000;0.000000E+000;4.497858E-006
direct_peakw0;1460.800;1460.8000;461;922.00;0.000000E+000;2.836126E-006;0.000000E+000;0.000000E+000;0.000000E+000;0.000000E+000;2.836126E-006
direct_peakw0;1460.800;1460.8000;462;924.00;0.000000E+000;2.888989E-006;0.000000E+000;0.000000E+000;0.000000E+000;0.000000E+000;2.888989E-006
direct_peakw0;1460.800;1460.8000;463;926.00;0.000000E+000;2.284700E-006;0.000000E+000;0.000000E+000;0.000000E+000;0.000000E+000;2.284700E-006
direct_peakw0;1460.800;1460.8000;464;928.00;0.000000E+000;5.478539E-006;0.000000E+000;0.000000E+000;0.000000E+000;0.000000E+000;5.478539E-006
direct_peakw0;1460.800;1460.8000;465;930.00;0.000000E+000;3.416663E-006;0.000000E+000;0.000000E+000;0.000000E+000;0.000000E+000;3.416663E-006
direct_peakw0;1460.800;1460.8000;466;932.00;0.000000E+000;2.820098E-006;0.000000E+000;0.000000E+000;0.000000E+000;0.000000E+000;2.820098E-006
direct_peakw0;1460.800;1460.8000;467;934.00;0.000000E+000;5.431505E-007;0.000000E+000;0.000000E+000;0.000000E+000;0.000000E+000;5.431505E-007
direct_peakw0;1460.800;1460.8000;468;936.00;0.000000E+000;2.028502E-006;0.000000E+000;0.000000E+000;0.000000E+000;0.000000E+000;2.028502E-006
direct_peakw0;1460.800;1460.8000;469;938.00;0.000000E+000;6.607749E-006;0.000000E+000;0.000000E+000;0.000000E+000;0.000000E+000;6.607749E-006
direct_peakw0;1460.800;1460.8000;470;940.00;0.000000E+000;1.601926E-006;0.000000E+000;0.000000E+000;0.000000E+000;0.000000E+000;1.601926E-006
direct_peakw0;1460.800;1460.8000;471;942.00;0.000000E+000;4.228427E-006;0.000000E+000;0.000000E+000;0.000000E+000;0.000000E+000;4.228427E-006
direct_peakw0;1460.800;1460.8000;472;944.00;0.000000E+000;2.656913E-006;0.000000E+000;0.000000E+000;0.000000E+000;0.000000E+000;2.656913E-006
direct_peakw0;1460.800;1460.8000;473;946.00;0.000000E+000;2.795123E-006;0.000000E+000;0.000000E+000;0.000000E+000;0.000000E+000;2.795123E-006
direct_peakw0;1460.800;1460.8000;474;948.00;0.000000E+000;1.907301E-006;0.000000E+000;0.000000E+000;0.000000E+000;0.000000E+000;1.907301E-006
direct_peakw0;1460.800;1460.8000;475;950.00;0.000000E+000;2.068077E-006;4.808838E-006;0.000000E+000;0.000000E+000;0.000000E+000;6.876915E-006
direct_peakw0;1460.800;1460.8000;476;952.00;0.000000E+000;3.585493E-006;6.334881E-006;0.000000E+000;0.000000E+000;0.000000E+000;9.920373E-006
direct_peakw0;1460.800;1460.8000;477;954.00;0.000000E+000;4.964583E-006;1.896144E-007;0.000000E+000;0.000000E+000;0.000000E+000;5.154197E-006
direct_peakw0;1460.800;1460.8000;478;956.00;0.000000E+000;1.679424E-006;0.000000E+000;0.000000E+000;0.000000E+000;0.000000E+000;1.679424E-006
direct_peakw0;1460.800;1460.8000;479;958.00;0.000000E+000;4.803410E-007;0.000000E+000;0.000000E+000;0.000000E+000;0.000000E+000;4.803410E-007
direct_peakw0;1460.800;1460.8000;480;960.00;0.000000E+000;4.186325E-006;0.000000E+000;0.000000E+000;0.000000E+000;0.000000E+000;4.186325E-006
direct_peakw0;1460.800;1460.8000;481;962.00;0.000000E+000;4.377926E-006;0.000000E+000;0.000000E+000;0.000000E+000;0.000000E+000;4.377926E-006
direct_peakw0;1460.800;1460.8000;482;964.00;0.000000E+000;2.327128E-006;0.000000E+000;0.000000E+000;0.000000E+000;0.000000E+000;2.327128E-006
direct_peakw0;1460.800;1460.8000;483;966.00;0.000000E+000;3.703507E-006;0.000000E+000;0.000000E+000;0.000000E+000;0.000000E+000;3.703507E-006
direct_peakw0;1460.800;1460.8000;484;968.00;0.000000E+000;5.055106E-006;0.000000E+000;0.000000E+000;0.000000E+000;0.000000E+000;5.055106E-006
direct_peakw0;1460.800;1460.8000;485;970.00;0.000000E+000;2.536334E-006;0.000000E+000;0.000000E+000;0.000000E+000;0.000000E+000;2.536334E-006
direct_peakw0;1460.800;1460.8000;486;972.00;0.000000E+000;5.205809E-006;2.867714E-007;0.000000E+000;0.000000E+000;0.000000E+000;5.492580E-006
direct_peakw0;1460.800;1460.8000;487;974.00;0.000000E+000;4.460858E-006;4.656192E-008;0.000000E+000;0.000000E+000;0.000000E+000;4.507420E-006
direct_peakw0;1460.800;1460.8000;488;976.00;0.000000E+000;1.221388E-006;0.000000E+000;0.000000E+000;0.000000E+000;0.000000E+000;1.221388E-006
direct_peakw0;1460.800;1460.8000;489;978.00;0.000000E+000;3.117182E-006;0.000000E+000;0.000000E+000;0.000000E+000;0.000000E+000;3.117182E-006
direct_peakw0;1460.800;1460.8000;490;980.00;0.000000E+000;2.348903E-006;0.000000E+000;0.000000E+000;0.000000E+000;0.000000E+000;2.348903E-006
direct_peakw0;1460.800;1460.8000;491;982.00;0.000000E+000;4.368742E-006;0.000000E+000;0.000000E+000;0.000000E+000;0.000000E+000;4.368742E-006
direct_peakw0;1460.800;1460.8000;492;984.00;0.000000E+000;3.447202E-006;0.000000E+000;0.000000E+000;0.000000E+000;0.000000E+000;3.447202E-006
direct_peakw0;1460.800;1460.8000;493;986.00;0.000000E+000;5.698526E-006;0.000000E+000;0.000000E+000;0.000000E+000;0.000000E+000;5.698526E-006
direct_peakw0;1460.800;1460.8000;494;988.00;0.000000E+000;1.676586E-006;0.000000E+000;0.000000E+000;0.000000E+000;0.000000E+000;1.676586E-006
direct_peakw0;1460.800;1460.8000;495;990.00;0.000000E+000;7.881374E-007;0.000000E+000;0.000000E+000;0.000000E+000;0.000000E+000;7.881374E-007
direct_peakw0;1460.800;1460.8000;496;992.00;0.000000E+000;3.517220E-007;0.000000E+000;0.000000E+000;0.000000E+000;0.000000E+000;3.517220E-007
direct_peakw0;1460.800;1460.8000;497;994.00;0.000000E+000;4.545167E-006;3.425854E-007;0.000000E+000;0.000000E+000;0.000000E+000;4.887752E-006
direct_peakw0;1460.800;1460.8000;498;996.00;0.000000E+000;3.882208E-006;3.240812E-007;0.000000E+000;0.000000E+000;0.000000E+000;4.206289E-006
direct_peakw0;1460.800;1460.8000;499;998.00;0.000000E+000;1.669167E-006;0.000000E+000;0.000000E+000;0.000000E+000;0.000000E+000;1.669167E-006
direct_peakw0;1460.800;1460.8000;500;1000.00;0.000000E+000;1.885069E-006;0.000000E+000;0.000000E+000;0.000000E+000;0.000000E+000;1.885069E-006
direct_peakw0;1460.800;1460.8000;501;1002.00;0.000000E+000;5.777869E-006;0.000000E+000;0.000000E+000;0.000000E+000;0.000000E+000;5.777869E-006
direct_peakw0;1460.800;1460.8000;502;1004.00;0.000000E+000;2.791219E-006;0.000000E+000;0.000000E+000;0.000000E+000;0.000000E+000;2.791219E-006
direct_peakw0;1460.800;1460.8000;503;1006.00;0.000000E+000;5.319906E-006;0.000000E+000;0.000000E+000;0.000000E+000;0.000000E+000;5.319906E-006
direct_peakw0;1460.800;1460.8000;504;1008.00;0.000000E+000;1.045106E-006;0.000000E+000;0.000000E+000;0.000000E+000;0.000000E+000;1.045106E-006
direct_peakw0;1460.800;1460.8000;505;1010.00;0.000000E+000;3.436824E-006;0.000000E+000;0.000000E+000;0.000000E+000;0.000000E+000;3.436824E-006
direct_peakw0;1460.800;1460.8000;506;1012.00;0.000000E+000;5.629077E-006;0.000000E+000;0.000000E+000;0.000000E+000;0.000000E+000;5.629077E-006
direct_peakw0;1460.800;1460.8000;507;1014.00;0.000000E+000;0.000000E+000;0.000000E+000;0.000000E+000;0.000000E+000;0.000000E+000;0.000000E+000
direct_peakw0;1460.800;1460.8000;508;1016.00;0.000000E+000;1.149037E-006;0.000000E+000;0.000000E+000;0.000000E+000;0.000000E+000;1.149037E-006
direct_peakw0;1460.800;1460.8000;509;1018.00;0.000000E+000;3.886381E-006;0.000000E+000;0.000000E+000;0.000000E+000;0.000000E+000;3.886381E-006
direct_peakw0;1460.800;1460.8000;510;1020.00;0.000000E+000;3.590382E-006;0.000000E+000;0.000000E+000;0.000000E+000;0.000000E+000;3.590382E-006
direct_peakw0;1460.800;1460.8000;511;1022.00;0.000000E+000;5.149780E-006;0.000000E+000;0.000000E+000;0.000000E+000;0.000000E+000;5.149780E-006
direct_peakw0;1460.800;1460.8000;512;1024.00;0.000000E+000;4.210555E-006;0.000000E+000;0.000000E+000;0.000000E+000;0.000000E+000;4.210555E-006
direct_peakw0;1460.800;1460.8000;513;1026.00;0.000000E+000;4.037789E-006;0.000000E+000;0.000000E+000;0.000000E+000;0.000000E+000;4.037789E-006
direct_peakw0;1460.800;1460.8000;514;1028.00;0.000000E+000;4.424078E-006;0.000000E+000;0.000000E+000;0.000000E+000;0.000000E+000;4.424078E-006
direct_peakw0;1460.800;1460.8000;515;1030.00;0.000000E+000;2.083751E-006;0.000000E+000;0.000000E+000;0.000000E+000;0.000000E+000;2.083751E-006
direct_peakw0;1460.800;1460.8000;516;1032.00;0.000000E+000;4.024052E-006;0.000000E+000;0.000000E+000;0.000000E+000;0.000000E+000;4.024052E-006
direct_peakw0;1460.800;1460.8000;517;1034.00;0.000000E+000;3.089878E-006;0.000000E+000;0.000000E+000;0.000000E+000;0.000000E+000;3.089878E-006
direct_peakw0;1460.800;1460.8000;518;1036.00;0.000000E+000;2.758768E-006;0.000000E+000;0.000000E+000;0.000000E+000;0.000000E+000;2.758768E-006
direct_peakw0;1460.800;1460.8000;519;1038.00;0.000000E+000;2.796942E-006;0.000000E+000;0.000000E+000;0.000000E+000;0.000000E+000;2.796942E-006
direct_peakw0;1460.800;1460.8000;520;1040.00;0.000000E+000;4.672047E-006;0.000000E+000;0.000000E+000;0.000000E+000;0.000000E+000;4.672047E-006
direct_peakw0;1460.800;1460.8000;521;1042.00;0.000000E+000;8.982957E-007;1.050699E-008;0.000000E+000;0.000000E+000;0.000000E+000;9.088027E-007
direct_peakw0;1460.800;1460.8000;522;1044.00;0.000000E+000;4.197328E-006;3.228263E-007;0.000000E+000;0.000000E+000;0.000000E+000;4.520154E-006
direct_peakw0;1460.800;1460.8000;523;1046.00;0.000000E+000;3.411937E-006;0.000000E+000;0.000000E+000;0.000000E+000;0.000000E+000;3.411937E-006
direct_peakw0;1460.800;1460.8000;524;1048.00;0.000000E+000;1.140393E-006;0.000000E+000;0.000000E+000;0.000000E+000;0.000000E+000;1.140393E-006
direct_peakw0;1460.800;1460.8000;525;1050.00;0.000000E+000;2.950198E-006;0.000000E+000;0.000000E+000;0.000000E+000;0.000000E+000;2.950198E-006
direct_peakw0;1460.800;1460.8000;526;1052.00;0.000000E+000;3.093989E-006;0.000000E+000;0.000000E+000;0.000000E+000;0.000000E+000;3.093989E-006
direct_peakw0;1460.800;1460.8000;527;1054.00;0.000000E+000;2.576049E-006;0.000000E+000;0.000000E+000;0.000000E+000;0.000000E+000;2.576049E-006
direct_peakw0;1460.800;1460.8000;528;1056.00;0.000000E+000;2.882902E-006;0.000000E+000;0.000000E+000;0.000000E+000;0.000000E+000;2.882902E-006
direct_peakw0;1460.800;1460.8000;529;1058.00;0.000000E+000;3.003956E-006;0.000000E+000;0.000000E+000;0.000000E+000;0.000000E+000;3.003956E-006
direct_peakw0;1460.800;1460.8000;530;1060.00;0.000000E+000;2.133006E-006;0.000000E+000;0.000000E+000;0.000000E+000;0.000000E+000;2.133006E-006
direct_peakw0;1460.800;1460.8000;531;1062.00;0.000000E+000;1.455219E-006;0.000000E+000;0.000000E+000;0.000000E+000;0.000000E+000;1.455219E-006
direct_peakw0;1460.800;1460.8000;532;1064.00;0.000000E+000;2.176186E-006;0.000000E+000;0.000000E+000;0.000000E+000;0.000000E+000;2.176186E-006
direct_peakw0;1460.800;1460.8000;533;1066.00;0.000000E+000;3.870843E-006;0.000000E+000;0.000000E+000;0.000000E+000;0.000000E+000;3.870843E-006
direct_peakw0;1460.800;1460.8000;534;1068.00;0.000000E+000;3.362555E-007;0.000000E+000;0.000000E+000;0.000000E+000;0.000000E+000;3.362555E-007
direct_peakw0;1460.800;1460.8000;535;1070.00;0.000000E+000;2.392585E-006;0.000000E+000;0.000000E+000;0.000000E+000;0.000000E+000;2.392585E-006
direct_peakw0;1460.800;1460.8000;536;1072.00;0.000000E+000;2.652233E-006;0.000000E+000;0.000000E+000;0.000000E+000;0.000000E+000;2.652233E-006
direct_peakw0;1460.800;1460.8000;537;1074.00;0.000000E+000;8.228068E-006;0.000000E+000;0.000000E+000;0.000000E+000;0.000000E+000;8.228068E-006
direct_peakw0;1460.800;1460.8000;538;1076.00;0.000000E+000;1.772561E-006;0.000000E+000;0.000000E+000;0.000000E+000;0.000000E+000;1.772561E-006
direct_peakw0;1460.800;1460.8000;539;1078.00;0.000000E+000;9.545530E-007;0.000000E+000;0.000000E+000;0.000000E+000;0.000000E+000;9.545530E-007
direct_peakw0;1460.800;1460.8000;540;1080.00;0.000000E+000;3.159765E-006;0.000000E+000;0.000000E+000;0.000000E+000;0.000000E+000;3.159765E-006
direct_peakw0;1460.800;1460.8000;541;1082.00;0.000000E+000;2.819088E-006;0.000000E+000;0.000000E+000;0.000000E+000;0.000000E+000;2.819088E-006
direct_peakw0;1460.800;1460.8000;542;1084.00;0.000000E+000;5.864532E-006;0.000000E+000;0.000000E+000;0.000000E+000;0.000000E+000;5.864532E-006
direct_peakw0;1460.800;1460.8000;543;1086.00;0.000000E+000;8.232818E-007;0.000000E+000;0.000000E+000;0.000000E+000;0.000000E+000;8.232818E-007
direct_peakw0;1460.800;1460.8000;544;1088.00;0.000000E+000;1.493672E-006;2.461457E-007;0.000000E+000;0.000000E+000;0.000000E+000;1.739817E-006
direct_peakw0;1460.800;1460.8000;545;1090.00;0.000000E+000;3.213174E-006;8.718765E-008;0.000000E+000;0.000000E+000;0.000000E+000;3.300361E-006
direct_peakw0;1460.800;1460.8000;546;1092.00;0.000000E+000;2.223244E-006;0.000000E+000;0.000000E+000;0.000000E+000;0.000000E+000;2.223244E-006
direct_peakw0;1460.800;1460.8000;547;1094.00;0.000000E+000;2.031233E-006;0.000000E+000;0.000000E+000;0.000000E+000;0.000000E+000;2.031233E-006
direct_peakw0;1460.800;1460.8000;548;1096.00;0.000000E+000;8.536634E-006;0.000000E+000;0.000000E+000;0.000000E+000;0.000000E+000;8.536634E-006
direct_peakw0;1460.800;1460.8000;549;1098.00;0.000000E+000;1.687102E-007;0.000000E+000;0.000000E+000;0.000000E+000;0.000000E+000;1.687102E-007
direct_peakw0;1460.800;1460.8000;550;1100.00;0.000000E+000;2.113624E-006;0.000000E+000;0.000000E+000;0.000000E+000;0.000000E+000;2.113624E-006
direct_peakw0;1460.800;1460.8000;551;1102.00;0.000000E+000;5.088294E-006;0.000000E+000;0.000000E+000;0.000000E+000;0.000000E+000;5.088294E-006
direct_peakw0;1460.800;1460.8000;552;1104.00;0.000000E+000;3.519587E-006;0.000000E+000;0.000000E+000;0.000000E+000;0.000000E+000;3.519587E-006
direct_peakw0;1460.800;1460.8000;553;1106.00;0.000000E+000;3.777835E-006;0.000000E+000;0.000000E+000;0.000000E+000;0.000000E+000;3.777835E-006
direct_peakw0;1460.800;1460.8000;554;1108.00;0.000000E+000;3.643437E-006;1.038888E-007;0.000000E+000;0.000000E+000;0.000000E+000;3.747326E-006
direct_peakw0;1460.800;1460.8000;555;1110.00;0.000000E+000;2.523890E-006;2.294445E-007;0.000000E+000;0.000000E+000;0.000000E+000;2.753334E-006
direct_peakw0;1460.800;1460.8000;556;1112.00;0.000000E+000;1.072944E-006;0.000000E+000;0.000000E+000;0.000000E+000;0.000000E+000;1.072944E-006
direct_peakw0;1460.800;1460.8000;557;1114.00;0.000000E+000;5.561317E-006;0.000000E+000;0.000000E+000;0.000000E+000;0.000000E+000;5.561317E-006
direct_peakw0;1460.800;1460.8000;558;1116.00;0.000000E+000;2.055091E-006;0.000000E+000;0.000000E+000;0.000000E+000;0.000000E+000;2.055091E-006
direct_peakw0;1460.800;1460.8000;559;1118.00;0.000000E+000;2.643980E-006;0.000000E+000;0.000000E+000;0.000000E+000;0.000000E+000;2.643980E-006
direct_peakw0;1460.800;1460.8000;560;1120.00;0.000000E+000;0.000000E+000;0.000000E+000;0.000000E+000;0.000000E+000;0.000000E+000;0.000000E+000
direct_peakw0;1460.800;1460.8000;561;1122.00;0.000000E+000;4.638370E-006;0.000000E+000;0.000000E+000;0.000000E+000;0.000000E+000;4.638370E-006
direct_peakw0;1460.800;1460.8000;562;1124.00;0.000000E+000;2.406122E-006;0.000000E+000;0.000000E+000;0.000000E+000;0.000000E+000;2.406122E-006
direct_peakw0;1460.800;1460.8000;563;1126.00;0.000000E+000;2.065516E-006;4.854219E-008;0.000000E+000;0.000000E+000;0.000000E+000;2.114059E-006
direct_peakw0;1460.800;1460.8000;564;1128.00;0.000000E+000;4.556658E-006;2.847911E-007;0.000000E+000;0.000000E+000;0.000000E+000;4.841449E-006
direct_peakw0;1460.800;1460.8000;565;1130.00;0.000000E+000;4.487632E-006;2.302959E-007;0.000000E+000;0.000000E+000;0.000000E+000;4.717928E-006
direct_peakw0;1460.800;1460.8000;566;1132.00;0.000000E+000;5.241968E-006;1.030374E-007;0.000000E+000;0.000000E+000;0.000000E+000;5.345005E-006
direct_peakw0;1460.800;1460.8000;567;1134.00;0.000000E+000;2.330063E-006;0.000000E+000;0.000000E+000;0.000000E+000;0.000000E+000;2.330063E-006
direct_peakw0;1460.800;1460.8000;568;1136.00;0.000000E+000;6.201068E-006;0.000000E+000;0.000000E+000;0.000000E+000;0.000000E+000;6.201068E-006
direct_peakw0;1460.800;1460.8000;569;1138.00;0.000000E+000;4.563511E-006;0.000000E+000;0.000000E+000;0.000000E+000;0.000000E+000;4.563511E-006
direct_peakw0;1460.800;1460.8000;570;1140.00;0.000000E+000;2.842425E-006;0.000000E+000;0.000000E+000;0.000000E+000;0.000000E+000;2.842425E-006
direct_peakw0;1460.800;1460.8000;571;1142.00;0.000000E+000;2.954850E-006;0.000000E+000;0.000000E+000;0.000000E+000;0.000000E+000;2.954850E-006
direct_peakw0;1460.800;1460.8000;572;1144.00;0.000000E+000;2.641655E-006;0.000000E+000;0.000000E+000;0.000000E+000;0.000000E+000;2.641655E-006
direct_peakw0;1460.800;1460.8000;573;1146.00;0.000000E+000;1.403496E-006;0.000000E+000;0.000000E+000;0.000000E+000;0.000000E+000;1.403496E-006
direct_peakw0;1460.800;1460.8000;574;1148.00;0.000000E+000;6.809395E-006;0.000000E+000;0.000000E+000;0.000000E+000;0.000000E+000;6.809395E-006
direct_peakw0;1460.800;1460.8000;575;1150.00;0.000000E+000;2.827645E-006;0.000000E+000;0.000000E+000;0.000000E+000;0.000000E+000;2.827645E-006
direct_peakw0;1460.800;1460.8000;576;1152.00;0.000000E+000;7.584644E-007;2.521919E-008;0.000000E+000;0.000000E+000;0.000000E+000;7.836835E-007
direct_peakw0;1460.800;1460.8000;577;1154.00;0.000000E+000;7.489559E-006;4.374250E-007;0.000000E+000;0.000000E+000;0.000000E+000;7.926984E-006
direct_peakw0;1460.800;1460.8000;578;1156.00;0.000000E+000;2.448269E-006;2.040224E-007;0.000000E+000;0.000000E+000;0.000000E+000;2.652292E-006
direct_peakw0;1460.800;1460.8000;579;1158.00;0.000000E+000;2.227395E-006;0.000000E+000;0.000000E+000;0.000000E+000;0.000000E+000;2.227395E-006
direct_peakw0;1460.800;1460.8000;580;1160.00;0.000000E+000;1.439272E-006;0.000000E+000;0.000000E+000;0.000000E+000;0.000000E+000;1.439272E-006
direct_peakw0;1460.800;1460.8000;581;1162.00;0.000000E+000;3.203288E-006;0.000000E+000;0.000000E+000;0.000000E+000;0.000000E+000;3.203288E-006
direct_peakw0;1460.800;1460.8000;582;1164.00;0.000000E+000;5.462306E-006;0.000000E+000;0.000000E+000;0.000000E+000;0.000000E+000;5.462306E-006
direct_peakw0;1460.800;1460.8000;583;1166.00;0.000000E+000;1.667739E-006;0.000000E+000;0.000000E+000;0.000000E+000;0.000000E+000;1.667739E-006
direct_peakw0;1460.800;1460.8000;584;1168.00;0.000000E+000;2.184398E-006;0.000000E+000;0.000000E+000;0.000000E+000;0.000000E+000;2.184398E-006
direct_peakw0;1460.800;1460.8000;585;1170.00;0.000000E+000;7.482269E-006;0.000000E+000;0.000000E+000;0.000000E+000;0.000000E+000;7.482269E-006
direct_peakw0;1460.800;1460.8000;586;1172.00;0.000000E+000;3.153505E-006;0.000000E+000;0.000000E+000;0.000000E+000;0.000000E+000;3.153505E-006
direct_peakw0;1460.800;1460.8000;587;1174.00;0.000000E+000;5.131616E-007;0.000000E+000;0.000000E+000;0.000000E+000;0.000000E+000;5.131616E-007
direct_peakw0;1460.800;1460.8000;588;1176.00;0.000000E+000;4.046855E-006;0.000000E+000;0.000000E+000;0.000000E+000;0.000000E+000;4.046855E-006
direct_peakw0;1460.800;1460.8000;589;1178.00;0.000000E+000;4.882721E-006;0.000000E+000;0.000000E+000;0.000000E+000;0.000000E+000;4.882721E-006
direct_peakw0;1460.800;1460.8000;590;1180.00;0.000000E+000;4.737091E-006;0.000000E+000;0.000000E+000;0.000000E+000;0.000000E+000;4.737091E-006
direct_peakw0;1460.800;1460.8000;591;1182.00;0.000000E+000;4.720447E-006;0.000000E+000;0.000000E+000;0.000000E+000;0.000000E+000;4.720447E-006
direct_peakw0;1460.800;1460.8000;592;1184.00;0.000000E+000;1.937050E-006;0.000000E+000;0.000000E+000;0.000000E+000;0.000000E+000;1.937050E-006
direct_peakw0;1460.800;1460.8000;593;1186.00;0.000000E+000;2.412456E-006;0.000000E+000;0.000000E+000;0.000000E+000;0.000000E+000;2.412456E-006
direct_peakw0;1460.800;1460.8000;594;1188.00;0.000000E+000;3.741818E-006;0.000000E+000;0.000000E+000;0.000000E+000;0.000000E+000;3.741818E-006
direct_peakw0;1460.800;1460.8000;595;1190.00;0.000000E+000;4.718328E-006;0.000000E+000;0.000000E+000;0.000000E+000;0.000000E+000;4.718328E-006
direct_peakw0;1460.800;1460.8000;596;1192.00;0.000000E+000;5.451409E-006;0.000000E+000;0.000000E+000;0.000000E+000;0.000000E+000;5.451409E-006
direct_peakw0;1460.800;1460.8000;597;1194.00;0.000000E+000;1.820845E-006;0.000000E+000;0.000000E+000;0.000000E+000;0.000000E+000;1.820845E-006
direct_peakw0;1460.800;1460.8000;598;1196.00;0.000000E+000;3.108556E-006;0.000000E+000;0.000000E+000;0.000000E+000;0.000000E+000;3.108556E-006
direct_peakw0;1460.800;1460.8000;599;1198.00;0.000000E+000;4.576532E-006;0.000000E+000;0.000000E+000;0.000000E+000;0.000000E+000;4.576532E-006
direct_peakw0;1460.800;1460.8000;600;1200.00;0.000000E+000;4.179226E-006;0.000000E+000;0.000000E+000;0.000000E+000;0.000000E+000;4.179226E-006
direct_peakw0;1460.800;1460.8000;601;1202.00;0.000000E+000;1.340835E-006;0.000000E+000;0.000000E+000;0.000000E+000;0.000000E+000;1.340835E-006
direct_peakw0;1460.800;1460.8000;602;1204.00;0.000000E+000;4.431820E-006;0.000000E+000;0.000000E+000;0.000000E+000;0.000000E+000;4.431820E-006
direct_peakw0;1460.800;1460.8000;603;1206.00;0.000000E+000;4.032795E-006;0.000000E+000;0.000000E+000;0.000000E+000;0.000000E+000;4.032795E-006
direct_peakw0;1460.800;1460.8000;604;1208.00;0.000000E+000;1.861217E-006;0.000000E+000;0.000000E+000;0.000000E+000;0.000000E+000;1.861217E-006
direct_peakw0;1460.800;1460.8000;605;1210.00;0.000000E+000;3.160776E-006;0.000000E+000;0.000000E+000;0.000000E+000;0.000000E+000;3.160776E-006
direct_peakw0;1460.800;1460.8000;606;1212.00;0.000000E+000;5.143236E-006;0.000000E+000;0.000000E+000;0.000000E+000;0.000000E+000;5.143236E-006
direct_peakw0;1460.800;1460.8000;607;1214.00;0.000000E+000;3.122354E-006;0.000000E+000;0.000000E+000;0.000000E+000;0.000000E+000;3.122354E-006
direct_peakw0;1460.800;1460.8000;608;1216.00;0.000000E+000;3.922889E-006;0.000000E+000;0.000000E+000;0.000000E+000;0.000000E+000;3.922889E-006
direct_peakw0;1460.800;1460.8000;609;1218.00;0.000000E+000;6.894841E-006;0.000000E+000;0.000000E+000;0.000000E+000;0.000000E+000;6.894841E-006
direct_peakw0;1460.800;1460.8000;610;1220.00;0.000000E+000;3.363620E-006;0.000000E+000;0.000000E+000;0.000000E+000;0.000000E+000;3.363620E-006
direct_peakw0;1460.800;1460.8000;611;1222.00;0.000000E+000;1.440348E-006;0.000000E+000;0.000000E+000;0.000000E+000;0.000000E+000;1.440348E-006
direct_peakw0;1460.800;1460.8000;612;1224.00;0.000000E+000;3.423921E-006;0.000000E+000;0.000000E+000;0.000000E+000;0.000000E+000;3.423921E-006
direct_peakw0;1460.800;1460.8000;613;1226.00;0.000000E+000;7.856359E-006;0.000000E+000;0.000000E+000;0.000000E+000;0.000000E+000;7.856359E-006
direct_peakw0;1460.800;1460.8000;614;1228.00;0.000000E+000;1.671656E-006;0.000000E+000;0.000000E+000;0.000000E+000;0.000000E+000;1.671656E-006
direct_peakw0;1460.800;1460.8000;615;1230.00;0.000000E+000;2.794278E-006;0.000000E+000;0.000000E+000;0.000000E+000;0.000000E+000;2.794278E-006
direct_peakw0;1460.800;1460.8000;616;1232.00;0.000000E+000;1.256182E-006;0.000000E+000;0.000000E+000;0.000000E+000;0.000000E+000;1.256182E-006
direct_peakw0;1460.800;1460.8000;617;1234.00;0.000000E+000;5.466849E-006;0.000000E+000;0.000000E+000;0.000000E+000;0.000000E+000;5.466849E-006
direct_peakw0;1460.800;1460.8000;618;1236.00;0.000000E+000;2.893398E-006;0.000000E+000;0.000000E+000;0.000000E+000;0.000000E+000;2.893398E-006
direct_peakw0;1460.800;1460.8000;619;1238.00;0.000000E+000;3.589294E-006;0.000000E+000;0.000000E+000;0.000000E+000;0.000000E+000;3.589294E-006
direct_peakw0;1460.800;1460.8000;620;1240.00;0.000000E+000;0.000000E+000;0.000000E+000;0.000000E+000;0.000000E+000;0.000000E+000;0.000000E+000
direct_peakw0;1460.800;1460.8000;621;1242.00;0.000000E+000;6.378635E-006;0.000000E+000;0.000000E+000;0.000000E+000;0.000000E+000;6.378635E-006
direct_peakw0;1460.800;1460.8000;622;1244.00;0.000000E+000;2.288032E-006;0.000000E+000;0.000000E+000;0.000000E+000;0.000000E+000;2.288032E-006
direct_peakw0;1460.800;1460.8000;623;1246.00;0.000000E+000;9.807759E-007;0.000000E+000;0.000000E+000;0.000000E+000;0.000000E+000;9.807759E-007
direct_peakw0;1460.800;1460.8000;624;1248.00;0.000000E+000;2.660151E-006;0.000000E+000;0.000000E+000;0.000000E+000;0.000000E+000;2.660151E-006
direct_peakw0;1460.800;1460.8000;625;1250.00;0.000000E+000;1.930768E-006;0.000000E+000;0.000000E+000;0.000000E+000;0.000000E+000;1.930768E-006
direct_peakw0;1460.800;1460.8000;626;1252.00;0.000000E+000;2.150028E-007;0.000000E+000;0.000000E+000;0.000000E+000;0.000000E+000;2.150028E-007
direct_peakw0;1460.800;1460.8000;627;1254.00;0.000000E+000;3.196667E-006;0.000000E+000;0.000000E+000;0.000000E+000;0.000000E+000;3.196667E-006
direct_peakw0;1460.800;1460.8000;628;1256.00;0.000000E+000;1.349968E-006;0.000000E+000;0.000000E+000;0.000000E+000;0.000000E+000;1.349968E-006
direct_peakw0;1460.800;1460.8000;629;1258.00;0.000000E+000;2.297745E-006;0.000000E+000;0.000000E+000;0.000000E+000;0.000000E+000;2.297745E-006
direct_peakw0;1460.800;1460.8000;630;1260.00;0.000000E+000;5.206596E-007;0.000000E+000;0.000000E+000;0.000000E+000;0.000000E+000;5.206596E-007
direct_peakw0;1460.800;1460.8000;631;1262.00;0.000000E+000;2.275637E-007;0.000000E+000;0.000000E+000;0.000000E+000;0.000000E+000;2.275637E-007
direct_peakw0;1460.800;1460.8000;632;1264.00;0.000000E+000;1.812501E-006;0.000000E+000;0.000000E+000;0.000000E+000;0.000000E+000;1.812501E-006
direct_peakw0;1460.800;1460.8000;633;1266.00;0.000000E+000;1.349865E-006;0.000000E+000;0.000000E+000;0.000000E+000;0.000000E+000;1.349865E-006
direct_peakw0;1460.800;1460.8000;634;1268.00;0.000000E+000;4.583326E-007;0.000000E+000;0.000000E+000;0.000000E+000;0.000000E+000;4.583326E-007
direct_peakw0;1460.800;1460.8000;635;1270.00;0.000000E+000;2.153898E-006;0.000000E+000;0.000000E+000;0.000000E+000;0.000000E+000;2.153898E-006
direct_peakw0;1460.800;1460.8000;636;1272.00;0.000000E+000;5.127683E-007;0.000000E+000;0.000000E+000;0.000000E+000;0.000000E+000;5.127683E-007
direct_peakw0;1460.800;1460.8000;637;1274.00;0.000000E+000;8.376348E-007;0.000000E+000;0.000000E+000;0.000000E+000;0.000000E+000;8.376348E-007
direct_peakw0;1460.800;1460.8000;638;1276.00;0.000000E+000;1.829032E-006;0.000000E+000;0.000000E+000;0.000000E+000;0.000000E+000;1.829032E-006
direct_peakw0;1460.800;1460.8000;639;1278.00;0.000000E+000;3.033158E-007;0.000000E+000;0.000000E+000;0.000000E+000;0.000000E+000;3.033158E-007
direct_peakw0;1460.800;1460.8000;640;1280.00;0.000000E+000;5.766592E-007;0.000000E+000;0.000000E+000;0.000000E+000;0.000000E+000;5.766592E-007
direct_peakw0;1460.800;1460.8000;641;1282.00;0.000000E+000;7.866917E-007;0.000000E+000;0.000000E+000;0.000000E+000;0.000000E+000;7.866917E-007
direct_peakw0;1460.800;1460.8000;642;1284.00;0.000000E+000;0.000000E+000;0.000000E+000;0.000000E+000;0.000000E+000;0.000000E+000;0.000000E+000
direct_peakw0;1460.800;1460.8000;643;1286.00;0.000000E+000;1.755318E-006;0.000000E+000;0.000000E+000;0.000000E+000;0.000000E+000;1.755318E-006
direct_peakw0;1460.800;1460.8000;644;1288.00;0.000000E+000;1.911349E-006;0.000000E+000;0.000000E+000;0.000000E+000;0.000000E+000;1.911349E-006
direct_peakw0;1460.800;1460.8000;645;1290.00;0.000000E+000;0.000000E+000;0.000000E+000;0.000000E+000;0.000000E+000;0.000000E+000;0.000000E+000
direct_peakw0;1460.800;1460.8000;646;1292.00;0.000000E+000;0.000000E+000;0.000000E+000;0.000000E+000;0.000000E+000;0.000000E+000;0.000000E+000
direct_peakw0;1460.800;1460.8000;647;1294.00;0.000000E+000;1.247984E-006;0.000000E+000;0.000000E+000;0.000000E+000;0.000000E+000;1.247984E-006
direct_peakw0;1460.800;1460.8000;648;1296.00;0.000000E+000;2.150548E-006;0.000000E+000;0.000000E+000;0.000000E+000;0.000000E+000;2.150548E-006
direct_peakw0;1460.800;1460.8000;649;1298.00;0.000000E+000;1.934802E-006;0.000000E+000;0.000000E+000;0.000000E+000;0.000000E+000;1.934802E-006
direct_peakw0;1460.800;1460.8000;650;1300.00;0.000000E+000;2.768632E-007;0.000000E+000;0.000000E+000;0.000000E+000;0.000000E+000;2.768632E-007
direct_peakw0;1460.800;1460.8000;651;1302.00;0.000000E+000;2.027065E-006;0.000000E+000;0.000000E+000;0.000000E+000;0.000000E+000;2.027065E-006
direct_peakw0;1460.800;1460.8000;652;1304.00;0.000000E+000;2.940558E-008;0.000000E+000;0.000000E+000;0.000000E+000;0.000000E+000;2.940558E-008
direct_peakw0;1460.800;1460.8000;653;1306.00;0.000000E+000;0.000000E+000;0.000000E+000;0.000000E+000;0.000000E+000;0.000000E+000;0.000000E+000
direct_peakw0;1460.800;1460.8000;654;1308.00;0.000000E+000;2.508840E-007;0.000000E+000;0.000000E+000;0.000000E+000;0.000000E+000;2.508840E-007
direct_peakw0;1460.800;1460.8000;655;1310.00;0.000000E+000;8.459581E-007;0.000000E+000;0.000000E+000;0.000000E+000;0.000000E+000;8.459581E-007
direct_peakw0;1460.800;1460.8000;656;1312.00;0.000000E+000;2.638523E-007;0.000000E+000;0.000000E+000;0.000000E+000;0.000000E+000;2.638523E-007
direct_peakw0;1460.800;1460.8000;657;1314.00;0.000000E+000;3.059722E-007;0.000000E+000;0.000000E+000;0.000000E+000;0.000000E+000;3.059722E-007
direct_peakw0;1460.800;1460.8000;658;1316.00;0.000000E+000;1.472007E-007;0.000000E+000;0.000000E+000;0.000000E+000;0.000000E+000;1.472007E-007
direct_peakw0;1460.800;1460.8000;659;1318.00;0.000000E+000;4.582702E-007;0.000000E+000;0.000000E+000;0.000000E+000;0.000000E+000;4.582702E-007
direct_peakw0;1460.800;1460.8000;660;1320.00;0.000000E+000;6.119576E-008;0.000000E+000;0.000000E+000;0.000000E+000;0.000000E+000;6.119576E-008
direct_peakw0;1460.800;1460.8000;661;1322.00;0.000000E+000;1.947830E-007;0.000000E+000;0.000000E+000;0.000000E+000;0.000000E+000;1.947830E-007
direct_peakw0;1460.800;1460.8000;662;1324.00;0.000000E+000;8.052170E-007;0.000000E+000;0.000000E+000;0.000000E+000;0.000000E+000;8.052170E-007
direct_peakw0;1460.800;1460.8000;663;1326.00;0.000000E+000;0.000000E+000;0.000000E+000;0.000000E+000;0.000000E+000;0.000000E+000;0.000000E+000
direct_peakw0;1460.800;1460.8000;664;1328.00;0.000000E+000;5.518913E-007;0.000000E+000;0.000000E+000;0.000000E+000;0.000000E+000;5.518913E-007
direct_peakw0;1460.800;1460.8000;665;1330.00;0.000000E+000;4.481086E-007;0.000000E+000;0.000000E+000;0.000000E+000;0.000000E+000;4.481086E-007
direct_peakw0;1460.800;1460.8000;666;1332.00;0.000000E+000;8.780946E-007;0.000000E+000;0.000000E+000;0.000000E+000;0.000000E+000;8.780946E-007
direct_peakw0;1460.800;1460.8000;667;1334.00;0.000000E+000;4.552387E-007;0.000000E+000;0.000000E+000;0.000000E+000;0.000000E+000;4.552387E-007
direct_peakw0;1460.800;1460.8000;668;1336.00;0.000000E+000;0.000000E+000;0.000000E+000;0.000000E+000;0.000000E+000;0.000000E+000;0.000000E+000
direct_peakw0;1460.800;1460.8000;669;1338.00;0.000000E+000;7.255164E-008;0.000000E+000;0.000000E+000;0.000000E+000;0.000000E+000;7.255164E-008
direct_peakw0;1460.800;1460.8000;670;1340.00;0.000000E+000;1.381942E-006;0.000000E+000;0.000000E+000;0.000000E+000;0.000000E+000;1.381942E-006
direct_peakw0;1460.800;1460.8000;671;1342.00;0.000000E+000;2.121726E-007;0.000000E+000;0.000000E+000;0.000000E+000;0.000000E+000;2.121726E-007
direct_peakw0;1460.800;1460.8000;672;1344.00;0.000000E+000;0.000000E+000;0.000000E+000;0.000000E+000;0.000000E+000;0.000000E+000;0.000000E+000
direct_peakw0;1460.800;1460.8000;673;1346.00;0.000000E+000;1.320513E-007;0.000000E+000;0.000000E+000;0.000000E+000;0.000000E+000;1.320513E-007
direct_peakw0;1460.800;1460.8000;674;1348.00;0.000000E+000;5.346154E-007;0.000000E+000;0.000000E+000;0.000000E+000;0.000000E+000;5.346154E-007
direct_peakw0;1460.800;1460.8000;675;1350.00;0.000000E+000;0.000000E+000;0.000000E+000;0.000000E+000;0.000000E+000;0.000000E+000;0.000000E+000
direct_peakw0;1460.800;1460.8000;676;1352.00;0.000000E+000;0.000000E+000;0.000000E+000;0.000000E+000;0.000000E+000;0.000000E+000;0.000000E+000
direct_peakw0;1460.800;1460.8000;677;1354.00;0.000000E+000;0.000000E+000;0.000000E+000;0.000000E+000;0.000000E+000;0.000000E+000;0.000000E+000
direct_peakw0;1460.800;1460.8000;678;1356.00;0.000000E+000;3.717077E-008;0.000000E+000;0.000000E+000;0.000000E+000;0.000000E+000;3.717077E-008
direct_peakw0;1460.800;1460.8000;679;1358.00;0.000000E+000;2.961626E-007;0.000000E+000;0.000000E+000;0.000000E+000;0.000000E+000;2.961626E-007
direct_peakw0;1460.800;1460.8000;680;1360.00;0.000000E+000;1.087660E-007;0.000000E+000;0.000000E+000;0.000000E+000;0.000000E+000;1.087660E-007
direct_peakw0;1460.800;1460.8000;681;1362.00;0.000000E+000;5.579007E-007;0.000000E+000;0.000000E+000;0.000000E+000;0.000000E+000;5.579007E-007
direct_peakw0;1460.800;1460.8000;682;1364.00;0.000000E+000;0.000000E+000;0.000000E+000;0.000000E+000;0.000000E+000;0.000000E+000;0.000000E+000
direct_peakw0;1460.800;1460.8000;683;1366.00;0.000000E+000;0.000000E+000;0.000000E+000;0.000000E+000;0.000000E+000;0.000000E+000;0.000000E+000
direct_peakw0;1460.800;1460.8000;684;1368.00;0.000000E+000;0.000000E+000;0.000000E+000;0.000000E+000;0.000000E+000;0.000000E+000;0.000000E+000
direct_peakw0;1460.800;1460.8000;685;1370.00;0.000000E+000;5.509393E-007;0.000000E+000;0.000000E+000;0.000000E+000;0.000000E+000;5.509393E-007
direct_peakw0;1460.800;1460.8000;686;1372.00;0.000000E+000;1.115727E-006;0.000000E+000;0.000000E+000;0.000000E+000;0.000000E+000;1.115727E-006
direct_peakw0;1460.800;1460.8000;687;1374.00;0.000000E+000;2.199898E-007;0.000000E+000;0.000000E+000;0.000000E+000;0.000000E+000;2.199898E-007
direct_peakw0;1460.800;1460.8000;688;1376.00;0.000000E+000;1.133435E-007;0.000000E+000;0.000000E+000;0.000000E+000;0.000000E+000;1.133435E-007
direct_peakw0;1460.800;1460.8000;689;1378.00;0.000000E+000;7.478820E-007;0.000000E+000;0.000000E+000;0.000000E+000;0.000000E+000;7.478820E-007
direct_peakw0;1460.800;1460.8000;690;1380.00;0.000000E+000;2.521180E-007;0.000000E+000;0.000000E+000;0.000000E+000;0.000000E+000;2.521180E-007
direct_peakw0;1460.800;1460.8000;691;1382.00;0.000000E+000;0.000000E+000;0.000000E+000;0.000000E+000;0.000000E+000;0.000000E+000;0.000000E+000
direct_peakw0;1460.800;1460.8000;692;1384.00;0.000000E+000;1.227257E-007;0.000000E+000;0.000000E+000;0.000000E+000;0.000000E+000;1.227257E-007
direct_peakw0;1460.800;1460.8000;693;1386.00;0.000000E+000;7.623215E-007;0.000000E+000;0.000000E+000;0.000000E+000;0.000000E+000;7.623215E-007
direct_peakw0;1460.800;1460.8000;694;1388.00;0.000000E+000;7.417676E-007;0.000000E+000;0.000000E+000;0.000000E+000;0.000000E+000;7.417676E-007
direct_peakw0;1460.800;1460.8000;695;1390.00;0.000000E+000;3.985184E-008;0.000000E+000;0.000000E+000;0.000000E+000;0.000000E+000;3.985184E-008
direct_peakw0;1460.800;1460.8000;696;1392.00;0.000000E+000;0.000000E+000;0.000000E+000;0.000000E+000;0.000000E+000;0.000000E+000;0.000000E+000
direct_peakw0;1460.800;1460.8000;697;1394.00;0.000000E+000;0.000000E+000;0.000000E+000;0.000000E+000;0.000000E+000;0.000000E+000;0.000000E+000
direct_peakw0;1460.800;1460.8000;698;1396.00;0.000000E+000;1.529248E-008;0.000000E+000;0.000000E+000;0.000000E+000;0.000000E+000;1.529248E-008
direct_peakw0;1460.800;1460.8000;699;1398.00;0.000000E+000;3.180409E-007;0.000000E+000;0.000000E+000;0.000000E+000;0.000000E+000;3.180409E-007
direct_peakw0;1460.800;1460.8000;700;1400.00;0.000000E+000;0.000000E+000;0.000000E+000;0.000000E+000;0.000000E+000;0.000000E+000;0.000000E+000
direct_peakw0;1460.800;1460.8000;701;1402.00;0.000000E+000;0.000000E+000;0.000000E+000;0.000000E+000;0.000000E+000;0.000000E+000;0.000000E+000
direct_peakw0;1460.800;1460.8000;702;1404.00;0.000000E+000;1.106427E-007;0.000000E+000;0.000000E+000;0.000000E+000;0.000000E+000;1.106427E-007
direct_peakw0;1460.800;1460.8000;703;1406.00;0.000000E+000;3.985447E-007;0.000000E+000;0.000000E+000;0.000000E+000;0.000000E+000;3.985447E-007
direct_peakw0;1460.800;1460.8000;704;1408.00;0.000000E+000;7.900623E-007;0.000000E+000;0.000000E+000;0.000000E+000;0.000000E+000;7.900623E-007
direct_peakw0;1460.800;1460.8000;705;1410.00;0.000000E+000;4.864584E-007;0.000000E+000;0.000000E+000;0.000000E+000;0.000000E+000;4.864584E-007
direct_peakw0;1460.800;1460.8000;706;1412.00;0.000000E+000;5.476253E-007;0.000000E+000;0.000000E+000;0.000000E+000;0.000000E+000;5.476253E-007
direct_peakw0;1460.800;1460.8000;707;1414.00;0.000000E+000;0.000000E+000;0.000000E+000;0.000000E+000;0.000000E+000;0.000000E+000;0.000000E+000
direct_peakw0;1460.800;1460.8000;708;1416.00;0.000000E+000;0.000000E+000;0.000000E+000;0.000000E+000;0.000000E+000;0.000000E+000;0.000000E+000
direct_peakw0;1460.800;1460.8000;709;1418.00;0.000000E+000;2.118471E-007;0.000000E+000;0.000000E+000;0.000000E+000;0.000000E+000;2.118471E-007
direct_peakw0;1460.800;1460.8000;710;1420.00;0.000000E+000;1.615372E-007;0.000000E+000;0.000000E+000;0.000000E+000;0.000000E+000;1.615372E-007
direct_peakw0;1460.800;1460.8000;711;1422.00;0.000000E+000;2.932823E-007;0.000000E+000;0.000000E+000;0.000000E+000;0.000000E+000;2.932823E-007
direct_peakw0;1460.800;1460.8000;712;1424.00;0.000000E+000;0.000000E+000;0.000000E+000;4.426887E-007;0.000000E+000;0.000000E+000;4.426887E-007
direct_peakw0;1460.800;1460.8000;713;1426.00;0.000000E+000;0.000000E+000;0.000000E+000;1.223978E-006;0.000000E+000;0.000000E+000;1.223978E-006
direct_peakw0;1460.800;1460.8000;714;1428.00;0.000000E+000;0.000000E+000;0.000000E+000;0.000000E+000;0.000000E+000;0.000000E+000;0.000000E+000
direct_peakw0;1460.800;1460.8000;715;1430.00;0.000000E+000;1.770712E-007;0.000000E+000;7.082848E-007;0.000000E+000;0.000000E+000;8.853560E-007
direct_peakw0;1460.800;1460.8000;716;1432.00;0.000000E+000;1.562621E-007;0.000000E+000;6.250485E-007;0.000000E+000;0.000000E+000;7.813107E-007
direct_peakw0;1460.800;1460.8000;717;1434.00;0.000000E+000;0.000000E+000;0.000000E+000;0.000000E+000;0.000000E+000;0.000000E+000;0.000000E+000
direct_peakw0;1460.800;1460.8000;718;1436.00;0.000000E+000;0.000000E+000;0.000000E+000;0.000000E+000;0.000000E+000;0.000000E+000;0.000000E+000
direct_peakw0;1460.800;1460.8000;719;1438.00;0.000000E+000;2.327345E-008;0.000000E+000;0.000000E+000;0.000000E+000;0.000000E+000;2.327345E-008
direct_peakw0;1460.800;1460.8000;720;1440.00;0.000000E+000;5.549610E-007;0.000000E+000;0.000000E+000;0.000000E+000;0.000000E+000;5.549610E-007
direct_peakw0;1460.800;1460.8000;721;1442.00;0.000000E+000;2.328381E-007;0.000000E+000;0.000000E+000;0.000000E+000;0.000000E+000;2.328381E-007
direct_peakw0;1460.800;1460.8000;722;1444.00;0.000000E+000;1.889274E-007;0.000000E+000;0.000000E+000;0.000000E+000;0.000000E+000;1.889274E-007
direct_peakw0;1460.800;1460.8000;723;1446.00;0.000000E+000;0.000000E+000;0.000000E+000;0.000000E+000;0.000000E+000;0.000000E+000;0.000000E+000
direct_peakw0;1460.800;1460.8000;724;1448.00;0.000000E+000;0.000000E+000;0.000000E+000;0.000000E+000;0.000000E+000;0.000000E+000;0.000000E+000
direct_peakw0;1460.800;1460.8000;725;1450.00;0.000000E+000;0.000000E+000;0.000000E+000;0.000000E+000;0.000000E+000;0.000000E+000;0.000000E+000
direct_peakw0;1460.800;1460.8000;726;1452.00;0.000000E+000;6.994050E-008;0.000000E+000;0.000000E+000;0.000000E+000;0.000000E+000;6.994050E-008
direct_peakw0;1460.800;1460.8000;727;1454.00;0.000000E+000;2.633928E-007;0.000000E+000;0.000000E+000;0.000000E+000;0.000000E+000;2.633928E-007
direct_peakw0;1460.800;1460.8000;728;1456.00;0.000000E+000;0.000000E+000;0.000000E+000;0.000000E+000;0.000000E+000;0.000000E+000;0.000000E+000
direct_peakw0;1460.800;1460.8000;729;1458.00;0.000000E+000;0.000000E+000;0.000000E+000;0.000000E+000;0.000000E+000;0.000000E+000;0.000000E+000
direct_peakw0;1460.800;1460.8000;730;1460.00;6.476632E-004;1.681565E-008;0.000000E+000;0.000000E+000;0.000000E+000;0.000000E+000;6.476800E-004
direct_peakw0;2614.500;2614.5000;0;0.00;0.000000E+000;7.706865E-007;0.000000E+000;0.000000E+000;0.000000E+000;0.000000E+000;7.706865E-007
direct_peakw0;2614.500;2614.5000;1;2.00;0.000000E+000;5.626468E-007;0.000000E+000;0.000000E+000;0.000000E+000;0.000000E+000;5.626468E-007
direct_peakw0;2614.500;2614.5000;2;4.00;0.000000E+000;1.638269E-006;0.000000E+000;0.000000E+000;0.000000E+000;0.000000E+000;1.638269E-006
direct_peakw0;2614.500;2614.5000;3;6.00;0.000000E+000;1.361731E-006;0.000000E+000;0.000000E+000;0.000000E+000;0.000000E+000;1.361731E-006
direct_peakw0;2614.500;2614.5000;4;8.00;0.000000E+000;2.012678E-007;0.000000E+000;0.000000E+000;0.000000E+000;0.000000E+000;2.012678E-007
direct_peakw0;2614.500;2614.5000;5;10.00;0.000000E+000;7.987322E-007;0.000000E+000;0.000000E+000;0.000000E+000;0.000000E+000;7.987322E-007
direct_peakw0;2614.500;2614.5000;6;12.00;0.000000E+000;2.342707E-007;0.000000E+000;0.000000E+000;0.000000E+000;0.000000E+000;2.342707E-007
direct_peakw0;2614.500;2614.5000;7;14.00;0.000000E+000;1.260194E-006;0.000000E+000;0.000000E+000;0.000000E+000;0.000000E+000;1.260194E-006
direct_peakw0;2614.500;2614.5000;8;16.00;0.000000E+000;9.575169E-007;0.000000E+000;0.000000E+000;0.000000E+000;0.000000E+000;9.575169E-007
direct_peakw0;2614.500;2614.5000;9;18.00;0.000000E+000;2.146852E-007;0.000000E+000;0.000000E+000;0.000000E+000;0.000000E+000;2.146852E-007
direct_peakw0;2614.500;2614.5000;10;20.00;0.000000E+000;1.663650E-007;0.000000E+000;0.000000E+000;0.000000E+000;0.000000E+000;1.663650E-007
direct_peakw0;2614.500;2614.5000;11;22.00;0.000000E+000;2.873497E-007;0.000000E+000;0.000000E+000;0.000000E+000;0.000000E+000;2.873497E-007
direct_peakw0;2614.500;2614.5000;12;24.00;0.000000E+000;5.462853E-007;0.000000E+000;0.000000E+000;0.000000E+000;0.000000E+000;5.462853E-007
direct_peakw0;2614.500;2614.5000;13;26.00;0.000000E+000;8.143078E-007;0.000000E+000;0.000000E+000;0.000000E+000;0.000000E+000;8.143078E-007
direct_peakw0;2614.500;2614.5000;14;28.00;0.000000E+000;2.113403E-007;0.000000E+000;0.000000E+000;0.000000E+000;0.000000E+000;2.113403E-007
direct_peakw0;2614.500;2614.5000;15;30.00;0.000000E+000;1.307685E-006;0.000000E+000;0.000000E+000;0.000000E+000;0.000000E+000;1.307685E-006
direct_peakw0;2614.500;2614.5000;16;32.00;0.000000E+000;2.217343E-007;0.000000E+000;0.000000E+000;0.000000E+000;0.000000E+000;2.217343E-007
direct_peakw0;2614.500;2614.5000;17;34.00;0.000000E+000;1.125973E-006;0.000000E+000;0.000000E+000;0.000000E+000;0.000000E+000;1.125973E-006
direct_peakw0;2614.500;2614.5000;18;36.00;0.000000E+000;3.189591E-007;0.000000E+000;0.000000E+000;0.000000E+000;0.000000E+000;3.189591E-007
direct_peakw0;2614.500;2614.5000;19;38.00;0.000000E+000;5.259109E-007;0.000000E+000;0.000000E+000;0.000000E+000;0.000000E+000;5.259109E-007
direct_peakw0;2614.500;2614.5000;20;40.00;0.000000E+000;6.059565E-007;0.000000E+000;0.000000E+000;0.000000E+000;0.000000E+000;6.059565E-007
direct_peakw0;2614.500;2614.5000;21;42.00;0.000000E+000;5.347994E-007;0.000000E+000;0.000000E+000;0.000000E+000;0.000000E+000;5.347994E-007
direct_peakw0;2614.500;2614.5000;22;44.00;0.000000E+000;8.005644E-007;0.000000E+000;0.000000E+000;0.000000E+000;0.000000E+000;8.005644E-007
direct_peakw0;2614.500;2614.5000;23;46.00;0.000000E+000;1.040764E-006;0.000000E+000;0.000000E+000;0.000000E+000;0.000000E+000;1.040764E-006
direct_peakw0;2614.500;2614.5000;24;48.00;0.000000E+000;1.077570E-006;0.000000E+000;0.000000E+000;0.000000E+000;0.000000E+000;1.077570E-006
direct_peakw0;2614.500;2614.5000;25;50.00;0.000000E+000;8.110094E-008;0.000000E+000;0.000000E+000;0.000000E+000;0.000000E+000;8.110094E-008
direct_peakw0;2614.500;2614.5000;26;52.00;0.000000E+000;0.000000E+000;0.000000E+000;0.000000E+000;0.000000E+000;0.000000E+000;0.000000E+000
direct_peakw0;2614.500;2614.5000;27;54.00;0.000000E+000;1.140189E-006;0.000000E+000;0.000000E+000;0.000000E+000;0.000000E+000;1.140189E-006
direct_peakw0;2614.500;2614.5000;28;56.00;0.000000E+000;3.013535E-007;0.000000E+000;0.000000E+000;0.000000E+000;0.000000E+000;3.013535E-007
direct_peakw0;2614.500;2614.5000;29;58.00;0.000000E+000;8.170801E-007;0.000000E+000;0.000000E+000;0.000000E+000;0.000000E+000;8.170801E-007
direct_peakw0;2614.500;2614.5000;30;60.00;0.000000E+000;1.456877E-006;0.000000E+000;0.000000E+000;0.000000E+000;0.000000E+000;1.456877E-006
direct_peakw0;2614.500;2614.5000;31;62.00;0.000000E+000;9.511673E-007;0.000000E+000;0.000000E+000;0.000000E+000;0.000000E+000;9.511673E-007
direct_peakw0;2614.500;2614.5000;32;64.00;0.000000E+000;0.000000E+000;0.000000E+000;0.000000E+000;0.000000E+000;0.000000E+000;0.000000E+000
direct_peakw0;2614.500;2614.5000;33;66.00;0.000000E+000;6.516117E-007;0.000000E+000;0.000000E+000;0.000000E+000;0.000000E+000;6.516117E-007
direct_peakw0;2614.500;2614.5000;34;68.00;0.000000E+000;8.953219E-007;0.000000E+000;0.000000E+000;0.000000E+000;0.000000E+000;8.953219E-007
direct_peakw0;2614.500;2614.5000;35;70.00;0.000000E+000;2.550982E-007;0.000000E+000;0.000000E+000;0.000000E+000;0.000000E+000;2.550982E-007
direct_peakw0;2614.500;2614.5000;36;72.00;0.000000E+000;5.313015E-007;0.000000E+000;0.000000E+000;0.000000E+000;0.000000E+000;5.313015E-007
direct_peakw0;2614.500;2614.5000;37;74.00;0.000000E+000;8.550435E-007;0.000000E+000;0.000000E+000;0.000000E+000;0.000000E+000;8.550435E-007
direct_peakw0;2614.500;2614.5000;38;76.00;0.000000E+000;8.685970E-007;0.000000E+000;0.000000E+000;0.000000E+000;0.000000E+000;8.685970E-007
direct_peakw0;2614.500;2614.5000;39;78.00;0.000000E+000;2.763595E-007;0.000000E+000;0.000000E+000;0.000000E+000;0.000000E+000;2.763595E-007
direct_peakw0;2614.500;2614.5000;40;80.00;0.000000E+000;1.837172E-007;0.000000E+000;0.000000E+000;0.000000E+000;0.000000E+000;1.837172E-007
direct_peakw0;2614.500;2614.5000;41;82.00;0.000000E+000;9.962413E-007;0.000000E+000;0.000000E+000;0.000000E+000;0.000000E+000;9.962413E-007
direct_peakw0;2614.500;2614.5000;42;84.00;0.000000E+000;4.988868E-007;0.000000E+000;0.000000E+000;0.000000E+000;0.000000E+000;4.988868E-007
direct_peakw0;2614.500;2614.5000;43;86.00;0.000000E+000;1.321155E-006;0.000000E+000;0.000000E+000;0.000000E+000;0.000000E+000;1.321155E-006
direct_peakw0;2614.500;2614.5000;44;88.00;0.000000E+000;5.330915E-007;0.000000E+000;0.000000E+000;0.000000E+000;0.000000E+000;5.330915E-007
direct_peakw0;2614.500;2614.5000;45;90.00;0.000000E+000;1.083528E-006;0.000000E+000;0.000000E+000;0.000000E+000;0.000000E+000;1.083528E-006
direct_peakw0;2614.500;2614.5000;46;92.00;0.000000E+000;1.716714E-006;0.000000E+000;0.000000E+000;0.000000E+000;0.000000E+000;1.716714E-006
direct_peakw0;2614.500;2614.5000;47;94.00;0.000000E+000;4.367330E-007;0.000000E+000;0.000000E+000;0.000000E+000;0.000000E+000;4.367330E-007
direct_peakw0;2614.500;2614.5000;48;96.00;0.000000E+000;8.966003E-007;0.000000E+000;0.000000E+000;0.000000E+000;0.000000E+000;8.966003E-007
direct_peakw0;2614.500;2614.5000;49;98.00;0.000000E+000;5.487420E-007;0.000000E+000;0.000000E+000;0.000000E+000;0.000000E+000;5.487420E-007
direct_peakw0;2614.500;2614.5000;50;100.00;0.000000E+000;1.360286E-006;0.000000E+000;0.000000E+000;0.000000E+000;0.000000E+000;1.360286E-006
direct_peakw0;2614.500;2614.5000;51;102.00;0.000000E+000;8.208017E-007;0.000000E+000;0.000000E+000;0.000000E+000;0.000000E+000;8.208017E-007
direct_peakw0;2614.500;2614.5000;52;104.00;0.000000E+000;2.060696E-006;0.000000E+000;0.000000E+000;0.000000E+000;0.000000E+000;2.060696E-006
direct_peakw0;2614.500;2614.5000;53;106.00;0.000000E+000;5.428073E-007;0.000000E+000;0.000000E+000;0.000000E+000;0.000000E+000;5.428073E-007
direct_peakw0;2614.500;2614.5000;54;108.00;0.000000E+000;3.331060E-007;0.000000E+000;0.000000E+000;0.000000E+000;0.000000E+000;3.331060E-007
direct_peakw0;2614.500;2614.5000;55;110.00;0.000000E+000;6.668940E-007;0.000000E+000;0.000000E+000;0.000000E+000;0.000000E+000;6.668940E-007
direct_peakw0;2614.500;2614.5000;56;112.00;0.000000E+000;0.000000E+000;0.000000E+000;0.000000E+000;0.000000E+000;0.000000E+000;0.000000E+000
direct_peakw0;2614.500;2614.5000;57;114.00;0.000000E+000;1.186158E-006;0.000000E+000;0.000000E+000;0.000000E+000;0.000000E+000;1.186158E-006
direct_peakw0;2614.500;2614.5000;58;116.00;0.000000E+000;8.068129E-007;0.000000E+000;0.000000E+000;0.000000E+000;0.000000E+000;8.068129E-007
direct_peakw0;2614.500;2614.5000;59;118.00;0.000000E+000;3.039383E-007;0.000000E+000;0.000000E+000;0.000000E+000;0.000000E+000;3.039383E-007
direct_peakw0;2614.500;2614.5000;60;120.00;0.000000E+000;9.477860E-007;0.000000E+000;0.000000E+000;0.000000E+000;0.000000E+000;9.477860E-007
direct_peakw0;2614.500;2614.5000;61;122.00;0.000000E+000;4.402192E-007;0.000000E+000;0.000000E+000;0.000000E+000;0.000000E+000;4.402192E-007
direct_peakw0;2614.500;2614.5000;62;124.00;0.000000E+000;8.288219E-007;0.000000E+000;0.000000E+000;0.000000E+000;0.000000E+000;8.288219E-007
direct_peakw0;2614.500;2614.5000;63;126.00;0.000000E+000;1.529301E-007;0.000000E+000;0.000000E+000;0.000000E+000;0.000000E+000;1.529301E-007
direct_peakw0;2614.500;2614.5000;64;128.00;0.000000E+000;9.775671E-007;0.000000E+000;0.000000E+000;0.000000E+000;0.000000E+000;9.775671E-007
direct_peakw0;2614.500;2614.5000;65;130.00;0.000000E+000;3.557662E-007;0.000000E+000;0.000000E+000;0.000000E+000;0.000000E+000;3.557662E-007
direct_peakw0;2614.500;2614.5000;66;132.00;0.000000E+000;1.651429E-006;0.000000E+000;0.000000E+000;0.000000E+000;0.000000E+000;1.651429E-006
direct_peakw0;2614.500;2614.5000;67;134.00;0.000000E+000;8.597331E-007;0.000000E+000;0.000000E+000;0.000000E+000;0.000000E+000;8.597331E-007
direct_peakw0;2614.500;2614.5000;68;136.00;0.000000E+000;1.198155E-006;0.000000E+000;0.000000E+000;0.000000E+000;0.000000E+000;1.198155E-006
direct_peakw0;2614.500;2614.5000;69;138.00;0.000000E+000;1.181138E-006;0.000000E+000;0.000000E+000;0.000000E+000;0.000000E+000;1.181138E-006
direct_peakw0;2614.500;2614.5000;70;140.00;0.000000E+000;8.047015E-007;0.000000E+000;0.000000E+000;0.000000E+000;0.000000E+000;8.047015E-007
direct_peakw0;2614.500;2614.5000;71;142.00;0.000000E+000;1.739543E-006;0.000000E+000;0.000000E+000;0.000000E+000;0.000000E+000;1.739543E-006
direct_peakw0;2614.500;2614.5000;72;144.00;0.000000E+000;2.319664E-007;0.000000E+000;0.000000E+000;0.000000E+000;0.000000E+000;2.319664E-007
direct_peakw0;2614.500;2614.5000;73;146.00;0.000000E+000;0.000000E+000;0.000000E+000;0.000000E+000;0.000000E+000;0.000000E+000;0.000000E+000
direct_peakw0;2614.500;2614.5000;74;148.00;0.000000E+000;1.222545E-006;0.000000E+000;0.000000E+000;0.000000E+000;0.000000E+000;1.222545E-006
direct_peakw0;2614.500;2614.5000;75;150.00;0.000000E+000;9.915769E-007;0.000000E+000;0.000000E+000;0.000000E+000;0.000000E+000;9.915769E-007
direct_peakw0;2614.500;2614.5000;76;152.00;0.000000E+000;7.018307E-007;0.000000E+000;0.000000E+000;0.000000E+000;0.000000E+000;7.018307E-007
direct_peakw0;2614.500;2614.5000;77;154.00;0.000000E+000;1.713552E-006;0.000000E+000;0.000000E+000;0.000000E+000;0.000000E+000;1.713552E-006
direct_peakw0;2614.500;2614.5000;78;156.00;0.000000E+000;1.479775E-006;0.000000E+000;0.000000E+000;0.000000E+000;0.000000E+000;1.479775E-006
direct_peakw0;2614.500;2614.5000;79;158.00;0.000000E+000;7.175228E-007;0.000000E+000;0.000000E+000;0.000000E+000;0.000000E+000;7.175228E-007
direct_peakw0;2614.500;2614.5000;80;160.00;0.000000E+000;2.117755E-006;0.000000E+000;0.000000E+000;0.000000E+000;0.000000E+000;2.117755E-006
direct_peakw0;2614.500;2614.5000;81;162.00;0.000000E+000;1.215068E-006;0.000000E+000;0.000000E+000;0.000000E+000;0.000000E+000;1.215068E-006
direct_peakw0;2614.500;2614.5000;82;164.00;0.000000E+000;5.070412E-007;0.000000E+000;0.000000E+000;0.000000E+000;0.000000E+000;5.070412E-007
direct_peakw0;2614.500;2614.5000;83;166.00;0.000000E+000;6.334494E-007;0.000000E+000;0.000000E+000;0.000000E+000;0.000000E+000;6.334494E-007
direct_peakw0;2614.500;2614.5000;84;168.00;0.000000E+000;2.832713E-007;0.000000E+000;0.000000E+000;0.000000E+000;0.000000E+000;2.832713E-007
direct_peakw0;2614.500;2614.5000;85;170.00;0.000000E+000;1.409725E-006;0.000000E+000;0.000000E+000;0.000000E+000;0.000000E+000;1.409725E-006
direct_peakw0;2614.500;2614.5000;86;172.00;0.000000E+000;2.006887E-006;0.000000E+000;0.000000E+000;0.000000E+000;0.000000E+000;2.006887E-006
direct_peakw0;2614.500;2614.5000;87;174.00;0.000000E+000;1.412532E-006;0.000000E+000;0.000000E+000;0.000000E+000;0.000000E+000;1.412532E-006
direct_peakw0;2614.500;2614.5000;88;176.00;0.000000E+000;1.631814E-006;0.000000E+000;0.000000E+000;0.000000E+000;0.000000E+000;1.631814E-006
direct_peakw0;2614.500;2614.5000;89;178.00;0.000000E+000;1.063548E-006;0.000000E+000;0.000000E+000;0.000000E+000;0.000000E+000;1.063548E-006
direct_peakw0;2614.500;2614.5000;90;180.00;0.000000E+000;2.254384E-007;0.000000E+000;0.000000E+000;0.000000E+000;0.000000E+000;2.254384E-007
direct_peakw0;2614.500;2614.5000;91;182.00;0.000000E+000;5.429862E-007;0.000000E+000;0.000000E+000;0.000000E+000;0.000000E+000;5.429862E-007
direct_peakw0;2614.500;2614.5000;92;184.00;0.000000E+000;1.236805E-007;0.000000E+000;0.000000E+000;0.000000E+000;0.000000E+000;1.236805E-007
direct_peakw0;2614.500;2614.5000;93;186.00;0.000000E+000;1.068175E-006;0.000000E+000;0.000000E+000;0.000000E+000;0.000000E+000;1.068175E-006
direct_peakw0;2614.500;2614.5000;94;188.00;0.000000E+000;1.746258E-006;0.000000E+000;0.000000E+000;0.000000E+000;0.000000E+000;1.746258E-006
direct_peakw0;2614.500;2614.5000;95;190.00;0.000000E+000;1.855666E-007;0.000000E+000;0.000000E+000;0.000000E+000;0.000000E+000;1.855666E-007
direct_peakw0;2614.500;2614.5000;96;192.00;0.000000E+000;4.796597E-007;0.000000E+000;0.000000E+000;0.000000E+000;0.000000E+000;4.796597E-007
direct_peakw0;2614.500;2614.5000;97;194.00;0.000000E+000;9.360451E-007;0.000000E+000;0.000000E+000;0.000000E+000;0.000000E+000;9.360451E-007
direct_peakw0;2614.500;2614.5000;98;196.00;0.000000E+000;1.198828E-006;0.000000E+000;0.000000E+000;0.000000E+000;0.000000E+000;1.198828E-006
direct_peakw0;2614.500;2614.5000;99;198.00;0.000000E+000;5.213381E-008;0.000000E+000;0.000000E+000;0.000000E+000;0.000000E+000;5.213381E-008
direct_peakw0;2614.500;2614.5000;100;200.00;0.000000E+000;4.554355E-007;0.000000E+000;0.000000E+000;0.000000E+000;0.000000E+000;4.554355E-007
direct_peakw0;2614.500;2614.5000;101;202.00;0.000000E+000;1.544564E-006;0.000000E+000;0.000000E+000;0.000000E+000;0.000000E+000;1.544564E-006
direct_peakw0;2614.500;2614.5000;102;204.00;0.000000E+000;7.771096E-007;0.000000E+000;0.000000E+000;0.000000E+000;0.000000E+000;7.771096E-007
direct_peakw0;2614.500;2614.5000;103;206.00;0.000000E+000;1.004775E-006;0.000000E+000;0.000000E+000;0.000000E+000;0.000000E+000;1.004775E-006
direct_peakw0;2614.500;2614.5000;104;208.00;0.000000E+000;6.274565E-007;0.000000E+000;0.000000E+000;0.000000E+000;0.000000E+000;6.274565E-007
direct_peakw0;2614.500;2614.5000;105;210.00;0.000000E+000;2.573255E-007;0.000000E+000;0.000000E+000;0.000000E+000;0.000000E+000;2.573255E-007
direct_peakw0;2614.500;2614.5000;106;212.00;0.000000E+000;4.028617E-007;0.000000E+000;0.000000E+000;0.000000E+000;0.000000E+000;4.028617E-007
direct_peakw0;2614.500;2614.5000;107;214.00;0.000000E+000;1.263805E-006;0.000000E+000;0.000000E+000;0.000000E+000;0.000000E+000;1.263805E-006
direct_peakw0;2614.500;2614.5000;108;216.00;0.000000E+000;0.000000E+000;0.000000E+000;0.000000E+000;0.000000E+000;0.000000E+000;0.000000E+000
direct_peakw0;2614.500;2614.5000;109;218.00;0.000000E+000;7.256380E-007;0.000000E+000;0.000000E+000;0.000000E+000;0.000000E+000;7.256380E-007
direct_peakw0;2614.500;2614.5000;110;220.00;0.000000E+000;3.004916E-006;0.000000E+000;0.000000E+000;0.000000E+000;0.000000E+000;3.004916E-006
direct_peakw0;2614.500;2614.5000;111;222.00;0.000000E+000;2.694456E-007;0.000000E+000;0.000000E+000;0.000000E+000;0.000000E+000;2.694456E-007
direct_peakw0;2614.500;2614.5000;112;224.00;0.000000E+000;1.467156E-006;0.000000E+000;0.000000E+000;0.000000E+000;0.000000E+000;1.467156E-006
direct_peakw0;2614.500;2614.5000;113;226.00;0.000000E+000;1.363140E-006;0.000000E+000;0.000000E+000;0.000000E+000;0.000000E+000;1.363140E-006
direct_peakw0;2614.500;2614.5000;114;228.00;0.000000E+000;1.697034E-007;0.000000E+000;0.000000E+000;0.000000E+000;0.000000E+000;1.697034E-007
direct_peakw0;2614.500;2614.5000;115;230.00;0.000000E+000;0.000000E+000;0.000000E+000;0.000000E+000;0.000000E+000;0.000000E+000;0.000000E+000
direct_peakw0;2614.500;2614.5000;116;232.00;0.000000E+000;1.570926E-006;0.000000E+000;0.000000E+000;0.000000E+000;0.000000E+000;1.570926E-006
direct_peakw0;2614.500;2614.5000;117;234.00;0.000000E+000;4.290736E-007;0.000000E+000;0.000000E+000;0.000000E+000;0.000000E+000;4.290736E-007
direct_peakw0;2614.500;2614.5000;118;236.00;0.000000E+000;1.060618E-006;0.000000E+000;0.000000E+000;0.000000E+000;0.000000E+000;1.060618E-006
direct_peakw0;2614.500;2614.5000;119;238.00;0.000000E+000;1.605541E-006;0.000000E+000;0.000000E+000;0.000000E+000;0.000000E+000;1.605541E-006
direct_peakw0;2614.500;2614.5000;120;240.00;0.000000E+000;3.338406E-007;0.000000E+000;0.000000E+000;0.000000E+000;0.000000E+000;3.338406E-007
direct_peakw0;2614.500;2614.5000;121;242.00;0.000000E+000;2.401519E-006;0.000000E+000;0.000000E+000;0.000000E+000;0.000000E+000;2.401519E-006
direct_peakw0;2614.500;2614.5000;122;244.00;0.000000E+000;1.228427E-006;0.000000E+000;0.000000E+000;0.000000E+000;0.000000E+000;1.228427E-006
direct_peakw0;2614.500;2614.5000;123;246.00;0.000000E+000;3.672108E-008;0.000000E+000;0.000000E+000;0.000000E+000;0.000000E+000;3.672108E-008
direct_peakw0;2614.500;2614.5000;124;248.00;0.000000E+000;5.331262E-007;0.000000E+000;0.000000E+000;0.000000E+000;0.000000E+000;5.331262E-007
direct_peakw0;2614.500;2614.5000;125;250.00;0.000000E+000;2.656279E-007;0.000000E+000;0.000000E+000;0.000000E+000;0.000000E+000;2.656279E-007
direct_peakw0;2614.500;2614.5000;126;252.00;0.000000E+000;1.241307E-006;0.000000E+000;0.000000E+000;0.000000E+000;0.000000E+000;1.241307E-006
direct_peakw0;2614.500;2614.5000;127;254.00;0.000000E+000;2.932724E-007;0.000000E+000;0.000000E+000;0.000000E+000;0.000000E+000;2.932724E-007
direct_peakw0;2614.500;2614.5000;128;256.00;0.000000E+000;5.686708E-007;0.000000E+000;0.000000E+000;0.000000E+000;0.000000E+000;5.686708E-007
direct_peakw0;2614.500;2614.5000;129;258.00;0.000000E+000;8.956719E-007;0.000000E+000;0.000000E+000;0.000000E+000;0.000000E+000;8.956719E-007
direct_peakw0;2614.500;2614.5000;130;260.00;0.000000E+000;1.364886E-006;0.000000E+000;0.000000E+000;0.000000E+000;0.000000E+000;1.364886E-006
direct_peakw0;2614.500;2614.5000;131;262.00;0.000000E+000;8.374381E-007;0.000000E+000;0.000000E+000;0.000000E+000;0.000000E+000;8.374381E-007
direct_peakw0;2614.500;2614.5000;132;264.00;0.000000E+000;3.092990E-007;0.000000E+000;0.000000E+000;0.000000E+000;0.000000E+000;3.092990E-007
direct_peakw0;2614.500;2614.5000;133;266.00;0.000000E+000;1.020503E-006;0.000000E+000;0.000000E+000;0.000000E+000;0.000000E+000;1.020503E-006
direct_peakw0;2614.500;2614.5000;134;268.00;0.000000E+000;1.275002E-006;0.000000E+000;0.000000E+000;0.000000E+000;0.000000E+000;1.275002E-006
direct_peakw0;2614.500;2614.5000;135;270.00;0.000000E+000;1.273175E-006;0.000000E+000;0.000000E+000;0.000000E+000;0.000000E+000;1.273175E-006
direct_peakw0;2614.500;2614.5000;136;272.00;0.000000E+000;4.553551E-007;0.000000E+000;0.000000E+000;0.000000E+000;0.000000E+000;4.553551E-007
direct_peakw0;2614.500;2614.5000;137;274.00;0.000000E+000;7.807737E-007;0.000000E+000;0.000000E+000;0.000000E+000;0.000000E+000;7.807737E-007
direct_peakw0;2614.500;2614.5000;138;276.00;0.000000E+000;8.633835E-007;0.000000E+000;0.000000E+000;0.000000E+000;0.000000E+000;8.633835E-007
direct_peakw0;2614.500;2614.5000;139;278.00;0.000000E+000;2.355843E-006;0.000000E+000;0.000000E+000;0.000000E+000;0.000000E+000;2.355843E-006
direct_peakw0;2614.500;2614.5000;140;280.00;0.000000E+000;1.150612E-006;0.000000E+000;0.000000E+000;0.000000E+000;0.000000E+000;1.150612E-006
direct_peakw0;2614.500;2614.5000;141;282.00;0.000000E+000;2.683782E-006;0.000000E+000;0.000000E+000;0.000000E+000;0.000000E+000;2.683782E-006
direct_peakw0;2614.500;2614.5000;142;284.00;0.000000E+000;1.488306E-006;0.000000E+000;0.000000E+000;0.000000E+000;0.000000E+000;1.488306E-006
direct_peakw0;2614.500;2614.5000;143;286.00;0.000000E+000;1.117055E-006;0.000000E+000;0.000000E+000;0.000000E+000;0.000000E+000;1.117055E-006
direct_peakw0;2614.500;2614.5000;144;288.00;0.000000E+000;6.872859E-007;0.000000E+000;0.000000E+000;0.000000E+000;0.000000E+000;6.872859E-007
direct_peakw0;2614.500;2614.5000;145;290.00;0.000000E+000;1.297194E-006;0.000000E+000;0.000000E+000;0.000000E+000;0.000000E+000;1.297194E-006
direct_peakw0;2614.500;2614.5000;146;292.00;0.000000E+000;5.757645E-007;0.000000E+000;0.000000E+000;0.000000E+000;0.000000E+000;5.757645E-007
direct_peakw0;2614.500;2614.5000;147;294.00;0.000000E+000;9.873197E-007;0.000000E+000;0.000000E+000;0.000000E+000;0.000000E+000;9.873197E-007
direct_peakw0;2614.500;2614.5000;148;296.00;0.000000E+000;2.229794E-006;0.000000E+000;0.000000E+000;0.000000E+000;0.000000E+000;2.229794E-006
direct_peakw0;2614.500;2614.5000;149;298.00;0.000000E+000;7.828866E-007;0.000000E+000;0.000000E+000;0.000000E+000;0.000000E+000;7.828866E-007
direct_peakw0;2614.500;2614.5000;150;300.00;0.000000E+000;1.172365E-006;0.000000E+000;0.000000E+000;0.000000E+000;0.000000E+000;1.172365E-006
direct_peakw0;2614.500;2614.5000;151;302.00;0.000000E+000;1.191328E-006;0.000000E+000;0.000000E+000;0.000000E+000;0.000000E+000;1.191328E-006
direct_peakw0;2614.500;2614.5000;152;304.00;0.000000E+000;1.302973E-006;0.000000E+000;0.000000E+000;0.000000E+000;0.000000E+000;1.302973E-006
direct_peakw0;2614.500;2614.5000;153;306.00;0.000000E+000;3.367802E-007;0.000000E+000;0.000000E+000;0.000000E+000;0.000000E+000;3.367802E-007
direct_peakw0;2614.500;2614.5000;154;308.00;0.000000E+000;3.298864E-007;0.000000E+000;0.000000E+000;0.000000E+000;0.000000E+000;3.298864E-007
direct_peakw0;2614.500;2614.5000;155;310.00;0.000000E+000;4.158649E-007;0.000000E+000;0.000000E+000;0.000000E+000;0.000000E+000;4.158649E-007
direct_peakw0;2614.500;2614.5000;156;312.00;0.000000E+000;7.275605E-007;0.000000E+000;0.000000E+000;0.000000E+000;0.000000E+000;7.275605E-007
direct_peakw0;2614.500;2614.5000;157;314.00;0.000000E+000;1.821429E-006;0.000000E+000;0.000000E+000;0.000000E+000;0.000000E+000;1.821429E-006
direct_peakw0;2614.500;2614.5000;158;316.00;0.000000E+000;1.368479E-006;0.000000E+000;0.000000E+000;0.000000E+000;0.000000E+000;1.368479E-006
direct_peakw0;2614.500;2614.5000;159;318.00;0.000000E+000;9.259813E-007;0.000000E+000;0.000000E+000;0.000000E+000;0.000000E+000;9.259813E-007
direct_peakw0;2614.500;2614.5000;160;320.00;0.000000E+000;7.406853E-007;0.000000E+000;0.000000E+000;0.000000E+000;0.000000E+000;7.406853E-007
direct_peakw0;2614.500;2614.5000;161;322.00;0.000000E+000;8.361641E-007;0.000000E+000;0.000000E+000;0.000000E+000;0.000000E+000;8.361641E-007
direct_peakw0;2614.500;2614.5000;162;324.00;0.000000E+000;1.035851E-006;0.000000E+000;0.000000E+000;0.000000E+000;0.000000E+000;1.035851E-006
direct_peakw0;2614.500;2614.5000;163;326.00;0.000000E+000;4.759101E-007;0.000000E+000;0.000000E+000;0.000000E+000;0.000000E+000;4.759101E-007
direct_peakw0;2614.500;2614.5000;164;328.00;0.000000E+000;3.187410E-007;0.000000E+000;0.000000E+000;0.000000E+000;0.000000E+000;3.187410E-007
direct_peakw0;2614.500;2614.5000;165;330.00;0.000000E+000;1.323614E-006;0.000000E+000;0.000000E+000;0.000000E+000;0.000000E+000;1.323614E-006
direct_peakw0;2614.500;2614.5000;166;332.00;0.000000E+000;1.228299E-006;0.000000E+000;0.000000E+000;0.000000E+000;0.000000E+000;1.228299E-006
direct_peakw0;2614.500;2614.5000;167;334.00;0.000000E+000;1.114754E-006;0.000000E+000;0.000000E+000;0.000000E+000;0.000000E+000;1.114754E-006
direct_peakw0;2614.500;2614.5000;168;336.00;0.000000E+000;1.074901E-006;0.000000E+000;0.000000E+000;0.000000E+000;0.000000E+000;1.074901E-006
direct_peakw0;2614.500;2614.5000;169;338.00;0.000000E+000;1.444735E-006;0.000000E+000;0.000000E+000;0.000000E+000;0.000000E+000;1.444735E-006
direct_peakw0;2614.500;2614.5000;170;340.00;0.000000E+000;3.078735E-007;0.000000E+000;0.000000E+000;0.000000E+000;0.000000E+000;3.078735E-007
direct_peakw0;2614.500;2614.5000;171;342.00;0.000000E+000;5.058243E-007;0.000000E+000;0.000000E+000;0.000000E+000;0.000000E+000;5.058243E-007
direct_peakw0;2614.500;2614.5000;172;344.00;0.000000E+000;4.402066E-007;0.000000E+000;0.000000E+000;0.000000E+000;0.000000E+000;4.402066E-007
direct_peakw0;2614.500;2614.5000;173;346.00;0.000000E+000;1.247091E-006;0.000000E+000;0.000000E+000;0.000000E+000;0.000000E+000;1.247091E-006
direct_peakw0;2614.500;2614.5000;174;348.00;0.000000E+000;6.460360E-007;0.000000E+000;0.000000E+000;0.000000E+000;0.000000E+000;6.460360E-007
direct_peakw0;2614.500;2614.5000;175;350.00;0.000000E+000;0.000000E+000;0.000000E+000;0.000000E+000;0.000000E+000;0.000000E+000;0.000000E+000
direct_peakw0;2614.500;2614.5000;176;352.00;0.000000E+000;0.000000E+000;0.000000E+000;0.000000E+000;0.000000E+000;0.000000E+000;0.000000E+000
direct_peakw0;2614.500;2614.5000;177;354.00;0.000000E+000;0.000000E+000;0.000000E+000;0.000000E+000;0.000000E+000;0.000000E+000;0.000000E+000
direct_peakw0;2614.500;2614.5000;178;356.00;0.000000E+000;2.133551E-006;0.000000E+000;0.000000E+000;0.000000E+000;0.000000E+000;2.133551E-006
direct_peakw0;2614.500;2614.5000;179;358.00;0.000000E+000;4.436495E-007;0.000000E+000;0.000000E+000;0.000000E+000;0.000000E+000;4.436495E-007
direct_peakw0;2614.500;2614.5000;180;360.00;0.000000E+000;8.409071E-007;0.000000E+000;0.000000E+000;0.000000E+000;0.000000E+000;8.409071E-007
direct_peakw0;2614.500;2614.5000;181;362.00;0.000000E+000;2.485590E-007;0.000000E+000;0.000000E+000;0.000000E+000;0.000000E+000;2.485590E-007
direct_peakw0;2614.500;2614.5000;182;364.00;0.000000E+000;5.019399E-007;0.000000E+000;0.000000E+000;0.000000E+000;0.000000E+000;5.019399E-007
direct_peakw0;2614.500;2614.5000;183;366.00;0.000000E+000;1.754786E-006;0.000000E+000;0.000000E+000;0.000000E+000;0.000000E+000;1.754786E-006
direct_peakw0;2614.500;2614.5000;184;368.00;0.000000E+000;7.432744E-007;0.000000E+000;0.000000E+000;0.000000E+000;0.000000E+000;7.432744E-007
direct_peakw0;2614.500;2614.5000;185;370.00;0.000000E+000;3.269811E-007;0.000000E+000;0.000000E+000;0.000000E+000;0.000000E+000;3.269811E-007
direct_peakw0;2614.500;2614.5000;186;372.00;0.000000E+000;8.305087E-007;0.000000E+000;0.000000E+000;0.000000E+000;0.000000E+000;8.305087E-007
direct_peakw0;2614.500;2614.5000;187;374.00;0.000000E+000;3.243289E-007;0.000000E+000;0.000000E+000;0.000000E+000;0.000000E+000;3.243289E-007
direct_peakw0;2614.500;2614.5000;188;376.00;0.000000E+000;1.353899E-006;0.000000E+000;0.000000E+000;0.000000E+000;0.000000E+000;1.353899E-006
direct_peakw0;2614.500;2614.5000;189;378.00;0.000000E+000;1.103544E-006;0.000000E+000;0.000000E+000;0.000000E+000;0.000000E+000;1.103544E-006
direct_peakw0;2614.500;2614.5000;190;380.00;0.000000E+000;1.103902E-006;0.000000E+000;0.000000E+000;0.000000E+000;0.000000E+000;1.103902E-006
direct_peakw0;2614.500;2614.5000;191;382.00;0.000000E+000;7.110906E-007;0.000000E+000;0.000000E+000;0.000000E+000;0.000000E+000;7.110906E-007
direct_peakw0;2614.500;2614.5000;192;384.00;0.000000E+000;2.457455E-007;0.000000E+000;0.000000E+000;0.000000E+000;0.000000E+000;2.457455E-007
direct_peakw0;2614.500;2614.5000;193;386.00;0.000000E+000;1.177993E-007;0.000000E+000;0.000000E+000;0.000000E+000;0.000000E+000;1.177993E-007
direct_peakw0;2614.500;2614.5000;194;388.00;0.000000E+000;5.488674E-007;0.000000E+000;0.000000E+000;0.000000E+000;0.000000E+000;5.488674E-007
direct_peakw0;2614.500;2614.5000;195;390.00;0.000000E+000;9.010605E-007;0.000000E+000;0.000000E+000;0.000000E+000;0.000000E+000;9.010605E-007
direct_peakw0;2614.500;2614.5000;196;392.00;0.000000E+000;9.772133E-007;0.000000E+000;0.000000E+000;0.000000E+000;0.000000E+000;9.772133E-007
direct_peakw0;2614.500;2614.5000;197;394.00;0.000000E+000;1.509523E-006;0.000000E+000;0.000000E+000;0.000000E+000;0.000000E+000;1.509523E-006
direct_peakw0;2614.500;2614.5000;198;396.00;0.000000E+000;6.122034E-007;0.000000E+000;0.000000E+000;0.000000E+000;0.000000E+000;6.122034E-007
direct_peakw0;2614.500;2614.5000;199;398.00;0.000000E+000;0.000000E+000;0.000000E+000;0.000000E+000;0.000000E+000;0.000000E+000;0.000000E+000
direct_peakw0;2614.500;2614.5000;200;400.00;0.000000E+000;1.362000E-006;0.000000E+000;0.000000E+000;0.000000E+000;0.000000E+000;1.362000E-006
direct_peakw0;2614.500;2614.5000;201;402.00;0.000000E+000;6.380000E-007;0.000000E+000;0.000000E+000;0.000000E+000;0.000000E+000;6.380000E-007
direct_peakw0;2614.500;2614.5000;202;404.00;0.000000E+000;2.846791E-007;0.000000E+000;0.000000E+000;0.000000E+000;0.000000E+000;2.846791E-007
direct_peakw0;2614.500;2614.5000;203;406.00;0.000000E+000;7.153209E-007;0.000000E+000;0.000000E+000;0.000000E+000;0.000000E+000;7.153209E-007
direct_peakw0;2614.500;2614.5000;204;408.00;0.000000E+000;0.000000E+000;0.000000E+000;0.000000E+000;0.000000E+000;0.000000E+000;0.000000E+000
direct_peakw0;2614.500;2614.5000;205;410.00;0.000000E+000;1.852169E-006;0.000000E+000;0.000000E+000;0.000000E+000;0.000000E+000;1.852169E-006
direct_peakw0;2614.500;2614.5000;206;412.00;0.000000E+000;4.346284E-007;0.000000E+000;0.000000E+000;0.000000E+000;0.000000E+000;4.346284E-007
direct_peakw0;2614.500;2614.5000;207;414.00;0.000000E+000;1.713202E-006;0.000000E+000;0.000000E+000;0.000000E+000;0.000000E+000;1.713202E-006
direct_peakw0;2614.500;2614.5000;208;416.00;0.000000E+000;2.310836E-006;0.000000E+000;0.000000E+000;0.000000E+000;0.000000E+000;2.310836E-006
direct_peakw0;2614.500;2614.5000;209;418.00;0.000000E+000;1.476720E-006;0.000000E+000;0.000000E+000;0.000000E+000;0.000000E+000;1.476720E-006
direct_peakw0;2614.500;2614.5000;210;420.00;0.000000E+000;5.044226E-007;0.000000E+000;0.000000E+000;0.000000E+000;0.000000E+000;5.044226E-007
direct_peakw0;2614.500;2614.5000;211;422.00;0.000000E+000;7.122704E-007;0.000000E+000;0.000000E+000;0.000000E+000;0.000000E+000;7.122704E-007
direct_peakw0;2614.500;2614.5000;212;424.00;0.000000E+000;1.329084E-006;0.000000E+000;0.000000E+000;0.000000E+000;0.000000E+000;1.329084E-006
direct_peakw0;2614.500;2614.5000;213;426.00;0.000000E+000;0.000000E+000;0.000000E+000;0.000000E+000;0.000000E+000;0.000000E+000;0.000000E+000
direct_peakw0;2614.500;2614.5000;214;428.00;0.000000E+000;1.237377E-006;0.000000E+000;0.000000E+000;0.000000E+000;0.000000E+000;1.237377E-006
direct_peakw0;2614.500;2614.5000;215;430.00;0.000000E+000;1.416395E-006;0.000000E+000;0.000000E+000;0.000000E+000;0.000000E+000;1.416395E-006
direct_peakw0;2614.500;2614.5000;216;432.00;0.000000E+000;1.306196E-006;0.000000E+000;0.000000E+000;0.000000E+000;0.000000E+000;1.306196E-006
direct_peakw0;2614.500;2614.5000;217;434.00;0.000000E+000;1.538302E-007;0.000000E+000;0.000000E+000;0.000000E+000;0.000000E+000;1.538302E-007
direct_peakw0;2614.500;2614.5000;218;436.00;0.000000E+000;1.034824E-006;0.000000E+000;0.000000E+000;0.000000E+000;0.000000E+000;1.034824E-006
direct_peakw0;2614.500;2614.5000;219;438.00;0.000000E+000;1.569260E-006;0.000000E+000;0.000000E+000;0.000000E+000;0.000000E+000;1.569260E-006
direct_peakw0;2614.500;2614.5000;220;440.00;0.000000E+000;1.302756E-006;0.000000E+000;0.000000E+000;0.000000E+000;0.000000E+000;1.302756E-006
direct_peakw0;2614.500;2614.5000;221;442.00;0.000000E+000;1.312694E-006;0.000000E+000;0.000000E+000;0.000000E+000;0.000000E+000;1.312694E-006
direct_peakw0;2614.500;2614.5000;222;444.00;0.000000E+000;2.420359E-007;0.000000E+000;0.000000E+000;0.000000E+000;0.000000E+000;2.420359E-007
direct_peakw0;2614.500;2614.5000;223;446.00;0.000000E+000;1.335713E-006;0.000000E+000;0.000000E+000;0.000000E+000;0.000000E+000;1.335713E-006
direct_peakw0;2614.500;2614.5000;224;448.00;0.000000E+000;9.848700E-007;0.000000E+000;0.000000E+000;0.000000E+000;0.000000E+000;9.848700E-007
direct_peakw0;2614.500;2614.5000;225;450.00;0.000000E+000;1.104048E-006;0.000000E+000;0.000000E+000;0.000000E+000;0.000000E+000;1.104048E-006
direct_peakw0;2614.500;2614.5000;226;452.00;0.000000E+000;1.046955E-006;0.000000E+000;0.000000E+000;0.000000E+000;0.000000E+000;1.046955E-006
direct_peakw0;2614.500;2614.5000;227;454.00;0.000000E+000;5.413906E-007;0.000000E+000;0.000000E+000;0.000000E+000;0.000000E+000;5.413906E-007
direct_peakw0;2614.500;2614.5000;228;456.00;0.000000E+000;1.914777E-006;0.000000E+000;0.000000E+000;0.000000E+000;0.000000E+000;1.914777E-006
direct_peakw0;2614.500;2614.5000;229;458.00;0.000000E+000;9.106926E-007;0.000000E+000;0.000000E+000;0.000000E+000;0.000000E+000;9.106926E-007
direct_peakw0;2614.500;2614.5000;230;460.00;0.000000E+000;9.195188E-007;0.000000E+000;0.000000E+000;0.000000E+000;0.000000E+000;9.195188E-007
direct_peakw0;2614.500;2614.5000;231;462.00;0.000000E+000;3.091235E-007;0.000000E+000;0.000000E+000;0.000000E+000;0.000000E+000;3.091235E-007
direct_peakw0;2614.500;2614.5000;232;464.00;0.000000E+000;1.344738E-006;0.000000E+000;0.000000E+000;0.000000E+000;0.000000E+000;1.344738E-006
direct_peakw0;2614.500;2614.5000;233;466.00;0.000000E+000;9.361073E-007;0.000000E+000;0.000000E+000;0.000000E+000;0.000000E+000;9.361073E-007
direct_peakw0;2614.500;2614.5000;234;468.00;0.000000E+000;1.076698E-006;0.000000E+000;0.000000E+000;0.000000E+000;0.000000E+000;1.076698E-006
direct_peakw0;2614.500;2614.5000;235;470.00;0.000000E+000;6.711633E-007;0.000000E+000;0.000000E+000;0.000000E+000;0.000000E+000;6.711633E-007
direct_peakw0;2614.500;2614.5000;236;472.00;0.000000E+000;9.955035E-007;0.000000E+000;0.000000E+000;0.000000E+000;0.000000E+000;9.955035E-007
direct_peakw0;2614.500;2614.5000;237;474.00;0.000000E+000;4.505930E-007;0.000000E+000;0.000000E+000;0.000000E+000;0.000000E+000;4.505930E-007
direct_peakw0;2614.500;2614.5000;238;476.00;0.000000E+000;1.274394E-006;0.000000E+000;0.000000E+000;0.000000E+000;0.000000E+000;1.274394E-006
direct_peakw0;2614.500;2614.5000;239;478.00;0.000000E+000;1.330477E-006;0.000000E+000;0.000000E+000;0.000000E+000;0.000000E+000;1.330477E-006
direct_peakw0;2614.500;2614.5000;240;480.00;0.000000E+000;1.611203E-006;0.000000E+000;0.000000E+000;0.000000E+000;0.000000E+000;1.611203E-006
direct_peakw0;2614.500;2614.5000;241;482.00;0.000000E+000;1.173408E-006;0.000000E+000;0.000000E+000;0.000000E+000;0.000000E+000;1.173408E-006
direct_peakw0;2614.500;2614.5000;242;484.00;0.000000E+000;1.159926E-006;0.000000E+000;0.000000E+000;0.000000E+000;0.000000E+000;1.159926E-006
direct_peakw0;2614.500;2614.5000;243;486.00;0.000000E+000;9.366134E-007;0.000000E+000;0.000000E+000;0.000000E+000;0.000000E+000;9.366134E-007
direct_peakw0;2614.500;2614.5000;244;488.00;0.000000E+000;3.967199E-007;0.000000E+000;0.000000E+000;0.000000E+000;0.000000E+000;3.967199E-007
direct_peakw0;2614.500;2614.5000;245;490.00;0.000000E+000;5.287893E-007;0.000000E+000;0.000000E+000;0.000000E+000;0.000000E+000;5.287893E-007
direct_peakw0;2614.500;2614.5000;246;492.00;0.000000E+000;8.045441E-007;0.000000E+000;0.000000E+000;0.000000E+000;0.000000E+000;8.045441E-007
direct_peakw0;2614.500;2614.5000;247;494.00;0.000000E+000;1.969464E-007;0.000000E+000;0.000000E+000;0.000000E+000;0.000000E+000;1.969464E-007
direct_peakw0;2614.500;2614.5000;248;496.00;0.000000E+000;6.695355E-007;0.000000E+000;0.000000E+000;0.000000E+000;0.000000E+000;6.695355E-007
direct_peakw0;2614.500;2614.5000;249;498.00;0.000000E+000;1.133518E-006;0.000000E+000;0.000000E+000;0.000000E+000;0.000000E+000;1.133518E-006
direct_peakw0;2614.500;2614.5000;250;500.00;0.000000E+000;9.397768E-007;0.000000E+000;0.000000E+000;0.000000E+000;0.000000E+000;9.397768E-007
direct_peakw0;2614.500;2614.5000;251;502.00;0.000000E+000;1.393557E-006;0.000000E+000;0.000000E+000;0.000000E+000;0.000000E+000;1.393557E-006
direct_peakw0;2614.500;2614.5000;252;504.00;0.000000E+000;2.662821E-007;0.000000E+000;0.000000E+000;0.000000E+000;0.000000E+000;2.662821E-007
direct_peakw0;2614.500;2614.5000;253;506.00;0.000000E+000;1.241938E-007;0.000000E+000;0.000000E+000;0.000000E+000;0.000000E+000;1.241938E-007
direct_peakw0;2614.500;2614.5000;254;508.00;0.000000E+000;2.761907E-007;0.000000E+000;0.000000E+000;0.000000E+000;0.000000E+000;2.761907E-007
direct_peakw0;2614.500;2614.5000;255;510.00;0.000000E+000;4.848724E-007;0.000000E+000;0.000000E+000;0.000000E+000;0.000000E+000;4.848724E-007
direct_peakw0;2614.500;2614.5000;256;512.00;0.000000E+000;1.577635E-006;0.000000E+000;0.000000E+000;0.000000E+000;0.000000E+000;1.577635E-006
direct_peakw0;2614.500;2614.5000;257;514.00;0.000000E+000;2.270826E-006;0.000000E+000;0.000000E+000;0.000000E+000;0.000000E+000;2.270826E-006
direct_peakw0;2614.500;2614.5000;258;516.00;0.000000E+000;1.636824E-006;0.000000E+000;0.000000E+000;0.000000E+000;0.000000E+000;1.636824E-006
direct_peakw0;2614.500;2614.5000;259;518.00;0.000000E+000;9.351918E-007;0.000000E+000;0.000000E+000;0.000000E+000;0.000000E+000;9.351918E-007
direct_peakw0;2614.500;2614.5000;260;520.00;0.000000E+000;9.465082E-008;0.000000E+000;0.000000E+000;0.000000E+000;0.000000E+000;9.465082E-008
direct_peakw0;2614.500;2614.5000;261;522.00;0.000000E+000;5.907983E-007;0.000000E+000;0.000000E+000;0.000000E+000;0.000000E+000;5.907983E-007
direct_peakw0;2614.500;2614.5000;262;524.00;0.000000E+000;1.032359E-006;0.000000E+000;0.000000E+000;0.000000E+000;0.000000E+000;1.032359E-006
direct_peakw0;2614.500;2614.5000;263;526.00;0.000000E+000;5.273264E-007;0.000000E+000;0.000000E+000;0.000000E+000;0.000000E+000;5.273264E-007
direct_peakw0;2614.500;2614.5000;264;528.00;0.000000E+000;8.495159E-007;0.000000E+000;0.000000E+000;0.000000E+000;0.000000E+000;8.495159E-007
direct_peakw0;2614.500;2614.5000;265;530.00;0.000000E+000;0.000000E+000;0.000000E+000;0.000000E+000;0.000000E+000;0.000000E+000;0.000000E+000
direct_peakw0;2614.500;2614.5000;266;532.00;0.000000E+000;9.604320E-007;0.000000E+000;0.000000E+000;0.000000E+000;0.000000E+000;9.604320E-007
direct_peakw0;2614.500;2614.5000;267;534.00;0.000000E+000;2.207915E-006;0.000000E+000;0.000000E+000;0.000000E+000;0.000000E+000;2.207915E-006
direct_peakw0;2614.500;2614.5000;268;536.00;0.000000E+000;4.087545E-007;0.000000E+000;0.000000E+000;0.000000E+000;0.000000E+000;4.087545E-007
direct_peakw0;2614.500;2614.5000;269;538.00;0.000000E+000;8.956568E-008;0.000000E+000;0.000000E+000;0.000000E+000;0.000000E+000;8.956568E-008
direct_peakw0;2614.500;2614.5000;270;540.00;0.000000E+000;8.340580E-007;0.000000E+000;0.000000E+000;0.000000E+000;0.000000E+000;8.340580E-007
direct_peakw0;2614.500;2614.5000;271;542.00;0.000000E+000;1.659420E-007;0.000000E+000;0.000000E+000;0.000000E+000;0.000000E+000;1.659420E-007
direct_peakw0;2614.500;2614.5000;272;544.00;0.000000E+000;8.717574E-007;0.000000E+000;0.000000E+000;0.000000E+000;0.000000E+000;8.717574E-007
direct_peakw0;2614.500;2614.5000;273;546.00;0.000000E+000;7.540784E-007;0.000000E+000;0.000000E+000;0.000000E+000;0.000000E+000;7.540784E-007
direct_peakw0;2614.500;2614.5000;274;548.00;0.000000E+000;4.083095E-008;0.000000E+000;0.000000E+000;0.000000E+000;0.000000E+000;4.083095E-008
direct_peakw0;2614.500;2614.5000;275;550.00;0.000000E+000;0.000000E+000;0.000000E+000;0.000000E+000;0.000000E+000;0.000000E+000;0.000000E+000
direct_peakw0;2614.500;2614.5000;276;552.00;0.000000E+000;1.056658E-006;0.000000E+000;0.000000E+000;0.000000E+000;0.000000E+000;1.056658E-006
direct_peakw0;2614.500;2614.5000;277;554.00;0.000000E+000;1.058163E-006;0.000000E+000;0.000000E+000;0.000000E+000;0.000000E+000;1.058163E-006
direct_peakw0;2614.500;2614.5000;278;556.00;0.000000E+000;2.551029E-006;0.000000E+000;0.000000E+000;0.000000E+000;0.000000E+000;2.551029E-006
direct_peakw0;2614.500;2614.5000;279;558.00;0.000000E+000;1.788217E-006;0.000000E+000;0.000000E+000;0.000000E+000;0.000000E+000;1.788217E-006
direct_peakw0;2614.500;2614.5000;280;560.00;0.000000E+000;4.225071E-007;0.000000E+000;0.000000E+000;0.000000E+000;0.000000E+000;4.225071E-007
direct_peakw0;2614.500;2614.5000;281;562.00;0.000000E+000;4.242694E-007;0.000000E+000;0.000000E+000;0.000000E+000;0.000000E+000;4.242694E-007
direct_peakw0;2614.500;2614.5000;282;564.00;0.000000E+000;1.710177E-007;0.000000E+000;0.000000E+000;0.000000E+000;0.000000E+000;1.710177E-007
direct_peakw0;2614.500;2614.5000;283;566.00;0.000000E+000;2.528139E-006;0.000000E+000;0.000000E+000;0.000000E+000;0.000000E+000;2.528139E-006
direct_peakw0;2614.500;2614.5000;284;568.00;0.000000E+000;1.531756E-006;0.000000E+000;0.000000E+000;0.000000E+000;0.000000E+000;1.531756E-006
direct_peakw0;2614.500;2614.5000;285;570.00;0.000000E+000;1.181755E-006;0.000000E+000;0.000000E+000;0.000000E+000;0.000000E+000;1.181755E-006
direct_peakw0;2614.500;2614.5000;286;572.00;0.000000E+000;3.337598E-007;0.000000E+000;0.000000E+000;0.000000E+000;0.000000E+000;3.337598E-007
direct_peakw0;2614.500;2614.5000;287;574.00;0.000000E+000;7.198090E-007;0.000000E+000;0.000000E+000;0.000000E+000;0.000000E+000;7.198090E-007
direct_peakw0;2614.500;2614.5000;288;576.00;0.000000E+000;1.310316E-006;0.000000E+000;0.000000E+000;0.000000E+000;0.000000E+000;1.310316E-006
direct_peakw0;2614.500;2614.5000;289;578.00;0.000000E+000;5.874407E-007;0.000000E+000;0.000000E+000;0.000000E+000;0.000000E+000;5.874407E-007
direct_peakw0;2614.500;2614.5000;290;580.00;0.000000E+000;6.684959E-007;0.000000E+000;0.000000E+000;0.000000E+000;0.000000E+000;6.684959E-007
direct_peakw0;2614.500;2614.5000;291;582.00;0.000000E+000;6.592519E-008;0.000000E+000;0.000000E+000;0.000000E+000;0.000000E+000;6.592519E-008
direct_peakw0;2614.500;2614.5000;292;584.00;0.000000E+000;6.007415E-007;0.000000E+000;0.000000E+000;0.000000E+000;0.000000E+000;6.007415E-007
direct_peakw0;2614.500;2614.5000;293;586.00;0.000000E+000;3.296289E-007;0.000000E+000;0.000000E+000;0.000000E+000;0.000000E+000;3.296289E-007
direct_peakw0;2614.500;2614.5000;294;588.00;0.000000E+000;1.721676E-006;0.000000E+000;0.000000E+000;0.000000E+000;0.000000E+000;1.721676E-006
direct_peakw0;2614.500;2614.5000;295;590.00;0.000000E+000;2.820281E-007;0.000000E+000;0.000000E+000;0.000000E+000;0.000000E+000;2.820281E-007
direct_peakw0;2614.500;2614.5000;296;592.00;0.000000E+000;1.977412E-007;0.000000E+000;0.000000E+000;0.000000E+000;0.000000E+000;1.977412E-007
direct_peakw0;2614.500;2614.5000;297;594.00;0.000000E+000;2.000054E-006;0.000000E+000;0.000000E+000;0.000000E+000;0.000000E+000;2.000054E-006
direct_peakw0;2614.500;2614.5000;298;596.00;0.000000E+000;9.660246E-007;0.000000E+000;0.000000E+000;0.000000E+000;0.000000E+000;9.660246E-007
direct_peakw0;2614.500;2614.5000;299;598.00;0.000000E+000;1.695138E-007;0.000000E+000;0.000000E+000;0.000000E+000;0.000000E+000;1.695138E-007
direct_peakw0;2614.500;2614.5000;300;600.00;0.000000E+000;7.262086E-007;0.000000E+000;0.000000E+000;0.000000E+000;0.000000E+000;7.262086E-007
direct_peakw0;2614.500;2614.5000;301;602.00;0.000000E+000;1.940458E-006;0.000000E+000;0.000000E+000;0.000000E+000;0.000000E+000;1.940458E-006
direct_peakw0;2614.500;2614.5000;302;604.00;0.000000E+000;0.000000E+000;0.000000E+000;0.000000E+000;0.000000E+000;0.000000E+000;0.000000E+000
direct_peakw0;2614.500;2614.5000;303;606.00;0.000000E+000;1.531394E-007;0.000000E+000;0.000000E+000;0.000000E+000;0.000000E+000;1.531394E-007
direct_peakw0;2614.500;2614.5000;304;608.00;0.000000E+000;1.884206E-007;0.000000E+000;0.000000E+000;0.000000E+000;0.000000E+000;1.884206E-007
direct_peakw0;2614.500;2614.5000;305;610.00;0.000000E+000;1.395596E-006;0.000000E+000;0.000000E+000;0.000000E+000;0.000000E+000;1.395596E-006
direct_peakw0;2614.500;2614.5000;306;612.00;0.000000E+000;3.441604E-007;0.000000E+000;0.000000E+000;0.000000E+000;0.000000E+000;3.441604E-007
direct_peakw0;2614.500;2614.5000;307;614.00;0.000000E+000;2.322429E-006;0.000000E+000;0.000000E+000;0.000000E+000;0.000000E+000;2.322429E-006
direct_peakw0;2614.500;2614.5000;308;616.00;0.000000E+000;9.560526E-007;0.000000E+000;0.000000E+000;0.000000E+000;0.000000E+000;9.560526E-007
direct_peakw0;2614.500;2614.5000;309;618.00;0.000000E+000;3.068693E-007;0.000000E+000;0.000000E+000;0.000000E+000;0.000000E+000;3.068693E-007
direct_peakw0;2614.500;2614.5000;310;620.00;0.000000E+000;0.000000E+000;0.000000E+000;0.000000E+000;0.000000E+000;0.000000E+000;0.000000E+000
direct_peakw0;2614.500;2614.5000;311;622.00;0.000000E+000;4.116940E-007;0.000000E+000;0.000000E+000;0.000000E+000;0.000000E+000;4.116940E-007
direct_peakw0;2614.500;2614.5000;312;624.00;0.000000E+000;1.066514E-006;0.000000E+000;0.000000E+000;0.000000E+000;0.000000E+000;1.066514E-006
direct_peakw0;2614.500;2614.5000;313;626.00;0.000000E+000;1.608320E-006;0.000000E+000;0.000000E+000;0.000000E+000;0.000000E+000;1.608320E-006
direct_peakw0;2614.500;2614.5000;314;628.00;0.000000E+000;2.468051E-007;0.000000E+000;0.000000E+000;0.000000E+000;0.000000E+000;2.468051E-007
direct_peakw0;2614.500;2614.5000;315;630.00;0.000000E+000;1.169868E-006;0.000000E+000;0.000000E+000;0.000000E+000;0.000000E+000;1.169868E-006
direct_peakw0;2614.500;2614.5000;316;632.00;0.000000E+000;2.549317E-006;0.000000E+000;0.000000E+000;0.000000E+000;0.000000E+000;2.549317E-006
direct_peakw0;2614.500;2614.5000;317;634.00;0.000000E+000;1.159270E-006;0.000000E+000;0.000000E+000;0.000000E+000;0.000000E+000;1.159270E-006
direct_peakw0;2614.500;2614.5000;318;636.00;0.000000E+000;7.847428E-007;0.000000E+000;0.000000E+000;0.000000E+000;0.000000E+000;7.847428E-007
direct_peakw0;2614.500;2614.5000;319;638.00;0.000000E+000;3.468766E-009;0.000000E+000;0.000000E+000;0.000000E+000;0.000000E+000;3.468766E-009
direct_peakw0;2614.500;2614.5000;320;640.00;0.000000E+000;5.106727E-007;0.000000E+000;0.000000E+000;0.000000E+000;0.000000E+000;5.106727E-007
direct_peakw0;2614.500;2614.5000;321;642.00;0.000000E+000;1.379292E-006;0.000000E+000;0.000000E+000;0.000000E+000;0.000000E+000;1.379292E-006
direct_peakw0;2614.500;2614.5000;322;644.00;0.000000E+000;7.767021E-007;0.000000E+000;0.000000E+000;0.000000E+000;0.000000E+000;7.767021E-007
direct_peakw0;2614.500;2614.5000;323;646.00;0.000000E+000;8.318412E-007;0.000000E+000;0.000000E+000;0.000000E+000;0.000000E+000;8.318412E-007
direct_peakw0;2614.500;2614.5000;324;648.00;0.000000E+000;2.558178E-006;0.000000E+000;0.000000E+000;0.000000E+000;0.000000E+000;2.558178E-006
direct_peakw0;2614.500;2614.5000;325;650.00;0.000000E+000;9.433143E-007;0.000000E+000;0.000000E+000;0.000000E+000;0.000000E+000;9.433143E-007
direct_peakw0;2614.500;2614.5000;326;652.00;0.000000E+000;8.431771E-007;0.000000E+000;0.000000E+000;0.000000E+000;0.000000E+000;8.431771E-007
direct_peakw0;2614.500;2614.5000;327;654.00;0.000000E+000;1.568228E-007;0.000000E+000;0.000000E+000;0.000000E+000;0.000000E+000;1.568228E-007
direct_peakw0;2614.500;2614.5000;328;656.00;0.000000E+000;1.960769E-007;0.000000E+000;0.000000E+000;0.000000E+000;0.000000E+000;1.960769E-007
direct_peakw0;2614.500;2614.5000;329;658.00;0.000000E+000;1.470590E-006;0.000000E+000;0.000000E+000;0.000000E+000;0.000000E+000;1.470590E-006
direct_peakw0;2614.500;2614.5000;330;660.00;0.000000E+000;3.652588E-007;0.000000E+000;0.000000E+000;0.000000E+000;0.000000E+000;3.652588E-007
direct_peakw0;2614.500;2614.5000;331;662.00;0.000000E+000;9.680745E-007;0.000000E+000;0.000000E+000;0.000000E+000;0.000000E+000;9.680745E-007
direct_peakw0;2614.500;2614.5000;332;664.00;0.000000E+000;0.000000E+000;0.000000E+000;0.000000E+000;0.000000E+000;0.000000E+000;0.000000E+000
direct_peakw0;2614.500;2614.5000;333;666.00;0.000000E+000;1.350056E-006;0.000000E+000;0.000000E+000;0.000000E+000;0.000000E+000;1.350056E-006
direct_peakw0;2614.500;2614.5000;334;668.00;0.000000E+000;2.340746E-006;0.000000E+000;0.000000E+000;0.000000E+000;0.000000E+000;2.340746E-006
direct_peakw0;2614.500;2614.5000;335;670.00;0.000000E+000;5.095497E-007;0.000000E+000;0.000000E+000;0.000000E+000;0.000000E+000;5.095497E-007
direct_peakw0;2614.500;2614.5000;336;672.00;0.000000E+000;1.077254E-006;0.000000E+000;0.000000E+000;0.000000E+000;0.000000E+000;1.077254E-006
direct_peakw0;2614.500;2614.5000;337;674.00;0.000000E+000;2.871187E-007;0.000000E+000;0.000000E+000;0.000000E+000;0.000000E+000;2.871187E-007
direct_peakw0;2614.500;2614.5000;338;676.00;0.000000E+000;1.019429E-007;0.000000E+000;0.000000E+000;0.000000E+000;0.000000E+000;1.019429E-007
direct_peakw0;2614.500;2614.5000;339;678.00;0.000000E+000;1.335666E-006;0.000000E+000;0.000000E+000;0.000000E+000;0.000000E+000;1.335666E-006
direct_peakw0;2614.500;2614.5000;340;680.00;0.000000E+000;3.178591E-006;0.000000E+000;0.000000E+000;0.000000E+000;0.000000E+000;3.178591E-006
direct_peakw0;2614.500;2614.5000;341;682.00;0.000000E+000;1.571715E-006;0.000000E+000;0.000000E+000;0.000000E+000;0.000000E+000;1.571715E-006
direct_peakw0;2614.500;2614.5000;342;684.00;0.000000E+000;1.256363E-006;0.000000E+000;0.000000E+000;0.000000E+000;0.000000E+000;1.256363E-006
direct_peakw0;2614.500;2614.5000;343;686.00;0.000000E+000;3.243314E-007;0.000000E+000;0.000000E+000;0.000000E+000;0.000000E+000;3.243314E-007
direct_peakw0;2614.500;2614.5000;344;688.00;0.000000E+000;0.000000E+000;0.000000E+000;0.000000E+000;0.000000E+000;0.000000E+000;0.000000E+000
direct_peakw0;2614.500;2614.5000;345;690.00;0.000000E+000;6.138408E-007;0.000000E+000;0.000000E+000;0.000000E+000;0.000000E+000;6.138408E-007
direct_peakw0;2614.500;2614.5000;346;692.00;0.000000E+000;9.494690E-007;0.000000E+000;0.000000E+000;0.000000E+000;0.000000E+000;9.494690E-007
direct_peakw0;2614.500;2614.5000;347;694.00;0.000000E+000;1.033568E-007;0.000000E+000;0.000000E+000;0.000000E+000;0.000000E+000;1.033568E-007
direct_peakw0;2614.500;2614.5000;348;696.00;0.000000E+000;2.975226E-008;0.000000E+000;0.000000E+000;0.000000E+000;0.000000E+000;2.975226E-008
direct_peakw0;2614.500;2614.5000;349;698.00;0.000000E+000;4.417550E-007;0.000000E+000;0.000000E+000;0.000000E+000;0.000000E+000;4.417550E-007
direct_peakw0;2614.500;2614.5000;350;700.00;0.000000E+000;1.278967E-006;0.000000E+000;0.000000E+000;0.000000E+000;0.000000E+000;1.278967E-006
direct_peakw0;2614.500;2614.5000;351;702.00;0.000000E+000;4.604192E-007;0.000000E+000;0.000000E+000;0.000000E+000;0.000000E+000;4.604192E-007
direct_peakw0;2614.500;2614.5000;352;704.00;0.000000E+000;1.224396E-007;0.000000E+000;0.000000E+000;0.000000E+000;0.000000E+000;1.224396E-007
direct_peakw0;2614.500;2614.5000;353;706.00;0.000000E+000;1.652125E-006;0.000000E+000;0.000000E+000;0.000000E+000;0.000000E+000;1.652125E-006
direct_peakw0;2614.500;2614.5000;354;708.00;0.000000E+000;1.001573E-006;0.000000E+000;0.000000E+000;0.000000E+000;0.000000E+000;1.001573E-006
direct_peakw0;2614.500;2614.5000;355;710.00;0.000000E+000;4.096367E-007;0.000000E+000;0.000000E+000;0.000000E+000;0.000000E+000;4.096367E-007
direct_peakw0;2614.500;2614.5000;356;712.00;0.000000E+000;1.638574E-006;0.000000E+000;0.000000E+000;0.000000E+000;0.000000E+000;1.638574E-006
direct_peakw0;2614.500;2614.5000;357;714.00;0.000000E+000;2.980923E-007;0.000000E+000;0.000000E+000;0.000000E+000;0.000000E+000;2.980923E-007
direct_peakw0;2614.500;2614.5000;358;716.00;0.000000E+000;8.014441E-007;0.000000E+000;0.000000E+000;0.000000E+000;0.000000E+000;8.014441E-007
direct_peakw0;2614.500;2614.5000;359;718.00;0.000000E+000;9.851016E-007;0.000000E+000;0.000000E+000;0.000000E+000;0.000000E+000;9.851016E-007
direct_peakw0;2614.500;2614.5000;360;720.00;0.000000E+000;2.134544E-007;0.000000E+000;0.000000E+000;0.000000E+000;0.000000E+000;2.134544E-007
direct_peakw0;2614.500;2614.5000;361;722.00;0.000000E+000;2.490613E-007;0.000000E+000;0.000000E+000;2.490613E-007;0.000000E+000;4.981227E-007
direct_peakw0;2614.500;2614.5000;362;724.00;0.000000E+000;4.987546E-007;0.000000E+000;0.000000E+000;8.427199E-008;0.000000E+000;5.830265E-007
direct_peakw0;2614.500;2614.5000;363;726.00;0.000000E+000;2.521841E-007;0.000000E+000;0.000000E+000;0.000000E+000;0.000000E+000;2.521841E-007
direct_peakw0;2614.500;2614.5000;364;728.00;0.000000E+000;0.000000E+000;0.000000E+000;0.000000E+000;0.000000E+000;0.000000E+000;0.000000E+000
direct_peakw0;2614.500;2614.5000;365;730.00;0.000000E+000;3.285031E-007;0.000000E+000;0.000000E+000;0.000000E+000;0.000000E+000;3.285031E-007
direct_peakw0;2614.500;2614.5000;366;732.00;0.000000E+000;3.381635E-007;0.000000E+000;0.000000E+000;0.000000E+000;0.000000E+000;3.381635E-007
direct_peakw0;2614.500;2614.5000;367;734.00;0.000000E+000;2.020377E-007;0.000000E+000;0.000000E+000;0.000000E+000;0.000000E+000;2.020377E-007
direct_peakw0;2614.500;2614.5000;368;736.00;0.000000E+000;1.074352E-006;0.000000E+000;0.000000E+000;0.000000E+000;0.000000E+000;1.074352E-006
direct_peakw0;2614.500;2614.5000;369;738.00;0.000000E+000;1.679675E-006;0.000000E+000;0.000000E+000;3.194394E-007;0.000000E+000;1.999114E-006
direct_peakw0;2614.500;2614.5000;370;740.00;0.000000E+000;5.680741E-007;0.000000E+000;0.000000E+000;1.389396E-008;0.000000E+000;5.819680E-007
direct_peakw0;2614.500;2614.5000;371;742.00;0.000000E+000;1.425278E-007;0.000000E+000;0.000000E+000;0.000000E+000;0.000000E+000;1.425278E-007
direct_peakw0;2614.500;2614.5000;372;744.00;0.000000E+000;1.811789E-006;0.000000E+000;0.000000E+000;0.000000E+000;0.000000E+000;1.811789E-006
direct_peakw0;2614.500;2614.5000;373;746.00;0.000000E+000;1.141347E-006;0.000000E+000;0.000000E+000;0.000000E+000;0.000000E+000;1.141347E-006
direct_peakw0;2614.500;2614.5000;374;748.00;0.000000E+000;7.135308E-007;0.000000E+000;0.000000E+000;0.000000E+000;0.000000E+000;7.135308E-007
direct_peakw0;2614.500;2614.5000;375;750.00;0.000000E+000;2.082729E-006;0.000000E+000;0.000000E+000;0.000000E+000;0.000000E+000;2.082729E-006
direct_peakw0;2614.500;2614.5000;376;752.00;0.000000E+000;8.526797E-007;0.000000E+000;0.000000E+000;0.000000E+000;0.000000E+000;8.526797E-007
direct_peakw0;2614.500;2614.5000;377;754.00;0.000000E+000;1.914421E-006;0.000000E+000;0.000000E+000;0.000000E+000;0.000000E+000;1.914421E-006
direct_peakw0;2614.500;2614.5000;378;756.00;0.000000E+000;2.300895E-006;0.000000E+000;0.000000E+000;0.000000E+000;0.000000E+000;2.300895E-006
direct_peakw0;2614.500;2614.5000;379;758.00;0.000000E+000;9.087345E-007;0.000000E+000;0.000000E+000;0.000000E+000;0.000000E+000;9.087345E-007
direct_peakw0;2614.500;2614.5000;380;760.00;0.000000E+000;2.738741E-007;0.000000E+000;0.000000E+000;0.000000E+000;0.000000E+000;2.738741E-007
direct_peakw0;2614.500;2614.5000;381;762.00;0.000000E+000;6.727586E-007;0.000000E+000;0.000000E+000;0.000000E+000;0.000000E+000;6.727586E-007
direct_peakw0;2614.500;2614.5000;382;764.00;0.000000E+000;1.324186E-006;0.000000E+000;0.000000E+000;0.000000E+000;0.000000E+000;1.324186E-006
direct_peakw0;2614.500;2614.5000;383;766.00;0.000000E+000;2.881535E-007;0.000000E+000;0.000000E+000;0.000000E+000;0.000000E+000;2.881535E-007
direct_peakw0;2614.500;2614.5000;384;768.00;0.000000E+000;9.653263E-007;0.000000E+000;0.000000E+000;0.000000E+000;0.000000E+000;9.653263E-007
direct_peakw0;2614.500;2614.5000;385;770.00;0.000000E+000;1.082909E-006;0.000000E+000;0.000000E+000;0.000000E+000;0.000000E+000;1.082909E-006
direct_peakw0;2614.500;2614.5000;386;772.00;0.000000E+000;3.328604E-007;0.000000E+000;0.000000E+000;0.000000E+000;0.000000E+000;3.328604E-007
direct_peakw0;2614.500;2614.5000;387;774.00;0.000000E+000;6.671395E-007;0.000000E+000;0.000000E+000;0.000000E+000;0.000000E+000;6.671395E-007
direct_peakw0;2614.500;2614.5000;388;776.00;0.000000E+000;1.149019E-006;0.000000E+000;0.000000E+000;0.000000E+000;0.000000E+000;1.149019E-006
direct_peakw0;2614.500;2614.5000;389;778.00;0.000000E+000;1.843141E-007;0.000000E+000;0.000000E+000;0.000000E+000;0.000000E+000;1.843141E-007
direct_peakw0;2614.500;2614.5000;390;780.00;0.000000E+000;6.292633E-007;0.000000E+000;0.000000E+000;0.000000E+000;0.000000E+000;6.292633E-007
direct_peakw0;2614.500;2614.5000;391;782.00;0.000000E+000;1.037403E-006;0.000000E+000;0.000000E+000;0.000000E+000;0.000000E+000;1.037403E-006
direct_peakw0;2614.500;2614.5000;392;784.00;0.000000E+000;1.840728E-006;0.000000E+000;0.000000E+000;0.000000E+000;0.000000E+000;1.840728E-006
direct_peakw0;2614.500;2614.5000;393;786.00;0.000000E+000;1.202437E-006;0.000000E+000;0.000000E+000;0.000000E+000;0.000000E+000;1.202437E-006
direct_peakw0;2614.500;2614.5000;394;788.00;0.000000E+000;6.235022E-007;0.000000E+000;0.000000E+000;0.000000E+000;0.000000E+000;6.235022E-007
direct_peakw0;2614.500;2614.5000;395;790.00;0.000000E+000;1.217884E-006;0.000000E+000;0.000000E+000;0.000000E+000;0.000000E+000;1.217884E-006
direct_peakw0;2614.500;2614.5000;396;792.00;0.000000E+000;1.910160E-006;0.000000E+000;0.000000E+000;0.000000E+000;0.000000E+000;1.910160E-006
direct_peakw0;2614.500;2614.5000;397;794.00;0.000000E+000;1.448107E-006;0.000000E+000;0.000000E+000;0.000000E+000;0.000000E+000;1.448107E-006
direct_peakw0;2614.500;2614.5000;398;796.00;0.000000E+000;9.489810E-007;0.000000E+000;0.000000E+000;0.000000E+000;0.000000E+000;9.489810E-007
direct_peakw0;2614.500;2614.5000;399;798.00;0.000000E+000;3.548424E-007;0.000000E+000;0.000000E+000;0.000000E+000;0.000000E+000;3.548424E-007
direct_peakw0;2614.500;2614.5000;400;800.00;0.000000E+000;1.200254E-007;0.000000E+000;0.000000E+000;0.000000E+000;0.000000E+000;1.200254E-007
direct_peakw0;2614.500;2614.5000;401;802.00;0.000000E+000;6.898841E-008;0.000000E+000;0.000000E+000;0.000000E+000;0.000000E+000;6.898841E-008
direct_peakw0;2614.500;2614.5000;402;804.00;0.000000E+000;9.397145E-007;0.000000E+000;0.000000E+000;0.000000E+000;0.000000E+000;9.397145E-007
direct_peakw0;2614.500;2614.5000;403;806.00;0.000000E+000;1.484416E-006;0.000000E+000;0.000000E+000;0.000000E+000;0.000000E+000;1.484416E-006
direct_peakw0;2614.500;2614.5000;404;808.00;0.000000E+000;1.477182E-006;0.000000E+000;0.000000E+000;0.000000E+000;0.000000E+000;1.477182E-006
direct_peakw0;2614.500;2614.5000;405;810.00;0.000000E+000;1.696366E-006;0.000000E+000;0.000000E+000;0.000000E+000;0.000000E+000;1.696366E-006
direct_peakw0;2614.500;2614.5000;406;812.00;0.000000E+000;8.793775E-008;0.000000E+000;0.000000E+000;0.000000E+000;0.000000E+000;8.793775E-008
direct_peakw0;2614.500;2614.5000;407;814.00;0.000000E+000;1.116080E-006;0.000000E+000;0.000000E+000;0.000000E+000;0.000000E+000;1.116080E-006
direct_peakw0;2614.500;2614.5000;408;816.00;0.000000E+000;2.191900E-007;0.000000E+000;0.000000E+000;0.000000E+000;0.000000E+000;2.191900E-007
direct_peakw0;2614.500;2614.5000;409;818.00;0.000000E+000;6.503890E-007;0.000000E+000;0.000000E+000;0.000000E+000;0.000000E+000;6.503890E-007
direct_peakw0;2614.500;2614.5000;410;820.00;0.000000E+000;1.896410E-006;0.000000E+000;0.000000E+000;0.000000E+000;0.000000E+000;1.896410E-006
direct_peakw0;2614.500;2614.5000;411;822.00;0.000000E+000;5.490054E-007;0.000000E+000;0.000000E+000;0.000000E+000;0.000000E+000;5.490054E-007
direct_peakw0;2614.500;2614.5000;412;824.00;0.000000E+000;8.143218E-007;0.000000E+000;0.000000E+000;0.000000E+000;0.000000E+000;8.143218E-007
direct_peakw0;2614.500;2614.5000;413;826.00;0.000000E+000;4.440664E-007;0.000000E+000;0.000000E+000;0.000000E+000;0.000000E+000;4.440664E-007
direct_peakw0;2614.500;2614.5000;414;828.00;0.000000E+000;8.892669E-007;0.000000E+000;0.000000E+000;0.000000E+000;0.000000E+000;8.892669E-007
direct_peakw0;2614.500;2614.5000;415;830.00;0.000000E+000;0.000000E+000;0.000000E+000;0.000000E+000;0.000000E+000;0.000000E+000;0.000000E+000
direct_peakw0;2614.500;2614.5000;416;832.00;0.000000E+000;5.032812E-007;0.000000E+000;0.000000E+000;0.000000E+000;0.000000E+000;5.032812E-007
direct_peakw0;2614.500;2614.5000;417;834.00;0.000000E+000;2.163385E-006;0.000000E+000;0.000000E+000;0.000000E+000;0.000000E+000;2.163385E-006
direct_peakw0;2614.500;2614.5000;418;836.00;0.000000E+000;2.654960E-007;0.000000E+000;0.000000E+000;0.000000E+000;0.000000E+000;2.654960E-007
direct_peakw0;2614.500;2614.5000;419;838.00;0.000000E+000;4.011707E-007;0.000000E+000;0.000000E+000;0.000000E+000;0.000000E+000;4.011707E-007
direct_peakw0;2614.500;2614.5000;420;840.00;0.000000E+000;7.766133E-007;0.000000E+000;0.000000E+000;0.000000E+000;0.000000E+000;7.766133E-007
direct_peakw0;2614.500;2614.5000;421;842.00;0.000000E+000;1.123026E-006;0.000000E+000;0.000000E+000;0.000000E+000;0.000000E+000;1.123026E-006
direct_peakw0;2614.500;2614.5000;422;844.00;0.000000E+000;4.336944E-007;0.000000E+000;0.000000E+000;0.000000E+000;0.000000E+000;4.336944E-007
direct_peakw0;2614.500;2614.5000;423;846.00;0.000000E+000;1.742929E-007;0.000000E+000;0.000000E+000;0.000000E+000;0.000000E+000;1.742929E-007
direct_peakw0;2614.500;2614.5000;424;848.00;0.000000E+000;4.128862E-007;0.000000E+000;0.000000E+000;0.000000E+000;0.000000E+000;4.128862E-007
direct_peakw0;2614.500;2614.5000;425;850.00;0.000000E+000;6.365848E-007;0.000000E+000;0.000000E+000;0.000000E+000;0.000000E+000;6.365848E-007
direct_peakw0;2614.500;2614.5000;426;852.00;0.000000E+000;1.311273E-007;0.000000E+000;0.000000E+000;0.000000E+000;0.000000E+000;1.311273E-007
direct_peakw0;2614.500;2614.5000;427;854.00;0.000000E+000;3.309220E-007;0.000000E+000;0.000000E+000;0.000000E+000;0.000000E+000;3.309220E-007
direct_peakw0;2614.500;2614.5000;428;856.00;0.000000E+000;1.228265E-006;0.000000E+000;0.000000E+000;0.000000E+000;0.000000E+000;1.228265E-006
direct_peakw0;2614.500;2614.5000;429;858.00;0.000000E+000;1.575184E-006;0.000000E+000;0.000000E+000;0.000000E+000;0.000000E+000;1.575184E-006
direct_peakw0;2614.500;2614.5000;430;860.00;0.000000E+000;5.107370E-007;0.000000E+000;0.000000E+000;0.000000E+000;0.000000E+000;5.107370E-007
direct_peakw0;2614.500;2614.5000;431;862.00;0.000000E+000;1.096566E-006;0.000000E+000;0.000000E+000;0.000000E+000;0.000000E+000;1.096566E-006
direct_peakw0;2614.500;2614.5000;432;864.00;0.000000E+000;2.612648E-006;0.000000E+000;0.000000E+000;0.000000E+000;0.000000E+000;2.612648E-006
direct_peakw0;2614.500;2614.5000;433;866.00;0.000000E+000;8.987371E-007;0.000000E+000;0.000000E+000;0.000000E+000;0.000000E+000;8.987371E-007
direct_peakw0;2614.500;2614.5000;434;868.00;0.000000E+000;8.476330E-007;0.000000E+000;0.000000E+000;0.000000E+000;0.000000E+000;8.476330E-007
direct_peakw0;2614.500;2614.5000;435;870.00;0.000000E+000;1.877749E-006;0.000000E+000;0.000000E+000;0.000000E+000;0.000000E+000;1.877749E-006
direct_peakw0;2614.500;2614.5000;436;872.00;0.000000E+000;1.103559E-007;0.000000E+000;0.000000E+000;0.000000E+000;0.000000E+000;1.103559E-007
direct_peakw0;2614.500;2614.5000;437;874.00;0.000000E+000;9.502945E-007;0.000000E+000;0.000000E+000;0.000000E+000;0.000000E+000;9.502945E-007
direct_peakw0;2614.500;2614.5000;438;876.00;0.000000E+000;1.688398E-006;0.000000E+000;0.000000E+000;0.000000E+000;0.000000E+000;1.688398E-006
direct_peakw0;2614.500;2614.5000;439;878.00;0.000000E+000;4.362781E-007;0.000000E+000;0.000000E+000;0.000000E+000;0.000000E+000;4.362781E-007
direct_peakw0;2614.500;2614.5000;440;880.00;0.000000E+000;9.363846E-007;0.000000E+000;0.000000E+000;0.000000E+000;0.000000E+000;9.363846E-007
direct_peakw0;2614.500;2614.5000;441;882.00;0.000000E+000;2.116224E-007;0.000000E+000;0.000000E+000;0.000000E+000;0.000000E+000;2.116224E-007
direct_peakw0;2614.500;2614.5000;442;884.00;0.000000E+000;8.010148E-007;0.000000E+000;0.000000E+000;0.000000E+000;0.000000E+000;8.010148E-007
direct_peakw0;2614.500;2614.5000;443;886.00;0.000000E+000;8.487717E-007;0.000000E+000;0.000000E+000;0.000000E+000;0.000000E+000;8.487717E-007
direct_peakw0;2614.500;2614.5000;444;888.00;0.000000E+000;1.155339E-006;0.000000E+000;0.000000E+000;0.000000E+000;0.000000E+000;1.155339E-006
direct_peakw0;2614.500;2614.5000;445;890.00;0.000000E+000;8.519839E-007;0.000000E+000;0.000000E+000;0.000000E+000;0.000000E+000;8.519839E-007
direct_peakw0;2614.500;2614.5000;446;892.00;0.000000E+000;6.687340E-008;0.000000E+000;0.000000E+000;0.000000E+000;0.000000E+000;6.687340E-008
direct_peakw0;2614.500;2614.5000;447;894.00;0.000000E+000;6.461095E-007;0.000000E+000;0.000000E+000;0.000000E+000;0.000000E+000;6.461095E-007
direct_peakw0;2614.500;2614.5000;448;896.00;0.000000E+000;2.965743E-007;0.000000E+000;0.000000E+000;0.000000E+000;0.000000E+000;2.965743E-007
direct_peakw0;2614.500;2614.5000;449;898.00;0.000000E+000;4.281306E-007;0.000000E+000;0.000000E+000;0.000000E+000;0.000000E+000;4.281306E-007
direct_peakw0;2614.500;2614.5000;450;900.00;0.000000E+000;1.267719E-006;0.000000E+000;0.000000E+000;0.000000E+000;0.000000E+000;1.267719E-006
direct_peakw0;2614.500;2614.5000;451;902.00;0.000000E+000;2.035287E-006;0.000000E+000;0.000000E+000;0.000000E+000;0.000000E+000;2.035287E-006
direct_peakw0;2614.500;2614.5000;452;904.00;0.000000E+000;1.268863E-006;0.000000E+000;0.000000E+000;0.000000E+000;0.000000E+000;1.268863E-006
direct_peakw0;2614.500;2614.5000;453;906.00;0.000000E+000;0.000000E+000;0.000000E+000;0.000000E+000;0.000000E+000;0.000000E+000;0.000000E+000
direct_peakw0;2614.500;2614.5000;454;908.00;0.000000E+000;1.705415E-006;0.000000E+000;0.000000E+000;0.000000E+000;0.000000E+000;1.705415E-006
direct_peakw0;2614.500;2614.5000;455;910.00;0.000000E+000;5.840658E-007;0.000000E+000;0.000000E+000;0.000000E+000;0.000000E+000;5.840658E-007
direct_peakw0;2614.500;2614.5000;456;912.00;0.000000E+000;3.177683E-007;0.000000E+000;0.000000E+000;0.000000E+000;0.000000E+000;3.177683E-007
direct_peakw0;2614.500;2614.5000;457;914.00;0.000000E+000;1.379843E-006;0.000000E+000;0.000000E+000;0.000000E+000;0.000000E+000;1.379843E-006
direct_peakw0;2614.500;2614.5000;458;916.00;0.000000E+000;4.114521E-008;0.000000E+000;0.000000E+000;0.000000E+000;0.000000E+000;4.114521E-008
direct_peakw0;2614.500;2614.5000;459;918.00;0.000000E+000;9.186115E-007;0.000000E+000;0.000000E+000;0.000000E+000;0.000000E+000;9.186115E-007
direct_peakw0;2614.500;2614.5000;460;920.00;0.000000E+000;7.332790E-008;0.000000E+000;0.000000E+000;0.000000E+000;0.000000E+000;7.332790E-008
direct_peakw0;2614.500;2614.5000;461;922.00;0.000000E+000;1.646490E-006;0.000000E+000;0.000000E+000;0.000000E+000;0.000000E+000;1.646490E-006
direct_peakw0;2614.500;2614.5000;462;924.00;0.000000E+000;5.275074E-007;0.000000E+000;0.000000E+000;0.000000E+000;0.000000E+000;5.275074E-007
direct_peakw0;2614.500;2614.5000;463;926.00;0.000000E+000;9.675923E-007;0.000000E+000;0.000000E+000;0.000000E+000;0.000000E+000;9.675923E-007
direct_peakw0;2614.500;2614.5000;464;928.00;0.000000E+000;1.622998E-006;0.000000E+000;0.000000E+000;0.000000E+000;0.000000E+000;1.622998E-006
direct_peakw0;2614.500;2614.5000;465;930.00;0.000000E+000;5.906167E-007;0.000000E+000;0.000000E+000;0.000000E+000;0.000000E+000;5.906167E-007
direct_peakw0;2614.500;2614.5000;466;932.00;0.000000E+000;2.920307E-007;0.000000E+000;0.000000E+000;0.000000E+000;0.000000E+000;2.920307E-007
direct_peakw0;2614.500;2614.5000;467;934.00;0.000000E+000;2.121087E-006;0.000000E+000;0.000000E+000;0.000000E+000;0.000000E+000;2.121087E-006
direct_peakw0;2614.500;2614.5000;468;936.00;0.000000E+000;4.059712E-007;0.000000E+000;0.000000E+000;0.000000E+000;0.000000E+000;4.059712E-007
direct_peakw0;2614.500;2614.5000;469;938.00;0.000000E+000;1.388635E-007;0.000000E+000;0.000000E+000;0.000000E+000;0.000000E+000;1.388635E-007
direct_peakw0;2614.500;2614.5000;470;940.00;0.000000E+000;1.220497E-006;0.000000E+000;0.000000E+000;0.000000E+000;0.000000E+000;1.220497E-006
direct_peakw0;2614.500;2614.5000;471;942.00;0.000000E+000;7.795031E-007;0.000000E+000;0.000000E+000;0.000000E+000;0.000000E+000;7.795031E-007
direct_peakw0;2614.500;2614.5000;472;944.00;0.000000E+000;8.412045E-007;0.000000E+000;0.000000E+000;0.000000E+000;0.000000E+000;8.412045E-007
direct_peakw0;2614.500;2614.5000;473;946.00;0.000000E+000;8.254622E-007;0.000000E+000;0.000000E+000;0.000000E+000;0.000000E+000;8.254622E-007
direct_peakw0;2614.500;2614.5000;474;948.00;0.000000E+000;1.288117E-008;0.000000E+000;0.000000E+000;0.000000E+000;0.000000E+000;1.288117E-008
direct_peakw0;2614.500;2614.5000;475;950.00;0.000000E+000;3.477326E-007;0.000000E+000;0.000000E+000;0.000000E+000;0.000000E+000;3.477326E-007
direct_peakw0;2614.500;2614.5000;476;952.00;0.000000E+000;1.818049E-006;0.000000E+000;0.000000E+000;0.000000E+000;0.000000E+000;1.818049E-006
direct_peakw0;2614.500;2614.5000;477;954.00;0.000000E+000;8.213375E-007;0.000000E+000;0.000000E+000;0.000000E+000;0.000000E+000;8.213375E-007
direct_peakw0;2614.500;2614.5000;478;956.00;0.000000E+000;2.190220E-007;0.000000E+000;0.000000E+000;0.000000E+000;0.000000E+000;2.190220E-007
direct_peakw0;2614.500;2614.5000;479;958.00;0.000000E+000;1.747028E-006;0.000000E+000;0.000000E+000;6.836075E-008;0.000000E+000;1.815388E-006
direct_peakw0;2614.500;2614.5000;480;960.00;0.000000E+000;2.033950E-006;0.000000E+000;0.000000E+000;2.649726E-007;0.000000E+000;2.298923E-006
direct_peakw0;2614.500;2614.5000;481;962.00;0.000000E+000;3.133100E-007;0.000000E+000;0.000000E+000;0.000000E+000;0.000000E+000;3.133100E-007
direct_peakw0;2614.500;2614.5000;482;964.00;0.000000E+000;2.064346E-006;0.000000E+000;0.000000E+000;0.000000E+000;0.000000E+000;2.064346E-006
direct_peakw0;2614.500;2614.5000;483;966.00;0.000000E+000;6.223438E-007;0.000000E+000;0.000000E+000;0.000000E+000;0.000000E+000;6.223438E-007
direct_peakw0;2614.500;2614.5000;484;968.00;0.000000E+000;1.411527E-006;0.000000E+000;0.000000E+000;0.000000E+000;0.000000E+000;1.411527E-006
direct_peakw0;2614.500;2614.5000;485;970.00;0.000000E+000;1.255140E-006;0.000000E+000;0.000000E+000;0.000000E+000;0.000000E+000;1.255140E-006
direct_peakw0;2614.500;2614.5000;486;972.00;0.000000E+000;7.149407E-007;0.000000E+000;0.000000E+000;0.000000E+000;0.000000E+000;7.149407E-007
direct_peakw0;2614.500;2614.5000;487;974.00;0.000000E+000;8.942389E-007;0.000000E+000;0.000000E+000;0.000000E+000;0.000000E+000;8.942389E-007
direct_peakw0;2614.500;2614.5000;488;976.00;0.000000E+000;2.323557E-007;0.000000E+000;0.000000E+000;0.000000E+000;0.000000E+000;2.323557E-007
direct_peakw0;2614.500;2614.5000;489;978.00;0.000000E+000;2.616140E-006;0.000000E+000;0.000000E+000;0.000000E+000;0.000000E+000;2.616140E-006
direct_peakw0;2614.500;2614.5000;490;980.00;0.000000E+000;1.467061E-006;0.000000E+000;0.000000E+000;0.000000E+000;0.000000E+000;1.467061E-006
direct_peakw0;2614.500;2614.5000;491;982.00;0.000000E+000;1.408597E-006;0.000000E+000;0.000000E+000;0.000000E+000;0.000000E+000;1.408597E-006
direct_peakw0;2614.500;2614.5000;492;984.00;0.000000E+000;5.611159E-007;0.000000E+000;0.000000E+000;0.000000E+000;0.000000E+000;5.611159E-007
direct_peakw0;2614.500;2614.5000;493;986.00;0.000000E+000;2.438884E-006;0.000000E+000;0.000000E+000;0.000000E+000;0.000000E+000;2.438884E-006
direct_peakw0;2614.500;2614.5000;494;988.00;0.000000E+000;2.362855E-008;0.000000E+000;0.000000E+000;0.000000E+000;0.000000E+000;2.362855E-008
direct_peakw0;2614.500;2614.5000;495;990.00;0.000000E+000;3.097048E-007;0.000000E+000;0.000000E+000;0.000000E+000;0.000000E+000;3.097048E-007
direct_peakw0;2614.500;2614.5000;496;992.00;0.000000E+000;1.044214E-007;0.000000E+000;0.000000E+000;0.000000E+000;0.000000E+000;1.044214E-007
direct_peakw0;2614.500;2614.5000;497;994.00;0.000000E+000;1.661087E-006;0.000000E+000;0.000000E+000;0.000000E+000;0.000000E+000;1.661087E-006
direct_peakw0;2614.500;2614.5000;498;996.00;0.000000E+000;2.344920E-007;0.000000E+000;0.000000E+000;0.000000E+000;0.000000E+000;2.344920E-007
direct_peakw0;2614.500;2614.5000;499;998.00;0.000000E+000;1.156781E-006;0.000000E+000;0.000000E+000;0.000000E+000;0.000000E+000;1.156781E-006
direct_peakw0;2614.500;2614.5000;500;1000.00;0.000000E+000;6.875484E-007;0.000000E+000;0.000000E+000;0.000000E+000;0.000000E+000;6.875484E-007
direct_peakw0;2614.500;2614.5000;501;1002.00;0.000000E+000;1.176161E-006;0.000000E+000;0.000000E+000;0.000000E+000;0.000000E+000;1.176161E-006
direct_peakw0;2614.500;2614.5000;502;1004.00;0.000000E+000;3.516016E-007;0.000000E+000;0.000000E+000;0.000000E+000;0.000000E+000;3.516016E-007
direct_peakw0;2614.500;2614.5000;503;1006.00;0.000000E+000;1.650865E-006;0.000000E+000;0.000000E+000;0.000000E+000;0.000000E+000;1.650865E-006
direct_peakw0;2614.500;2614.5000;504;1008.00;0.000000E+000;1.447844E-006;0.000000E+000;0.000000E+000;0.000000E+000;0.000000E+000;1.447844E-006
direct_peakw0;2614.500;2614.5000;505;1010.00;0.000000E+000;1.958654E-007;0.000000E+000;0.000000E+000;0.000000E+000;0.000000E+000;1.958654E-007
direct_peakw0;2614.500;2614.5000;506;1012.00;0.000000E+000;1.239728E-006;0.000000E+000;0.000000E+000;0.000000E+000;0.000000E+000;1.239728E-006
direct_peakw0;2614.500;2614.5000;507;1014.00;0.000000E+000;7.656341E-007;0.000000E+000;0.000000E+000;0.000000E+000;0.000000E+000;7.656341E-007
direct_peakw0;2614.500;2614.5000;508;1016.00;0.000000E+000;1.152308E-006;0.000000E+000;0.000000E+000;0.000000E+000;0.000000E+000;1.152308E-006
direct_peakw0;2614.500;2614.5000;509;1018.00;0.000000E+000;1.073164E-006;0.000000E+000;0.000000E+000;0.000000E+000;0.000000E+000;1.073164E-006
direct_peakw0;2614.500;2614.5000;510;1020.00;0.000000E+000;1.024994E-007;0.000000E+000;0.000000E+000;0.000000E+000;0.000000E+000;1.024994E-007
direct_peakw0;2614.500;2614.5000;511;1022.00;0.000000E+000;7.496513E-007;0.000000E+000;0.000000E+000;0.000000E+000;0.000000E+000;7.496513E-007
direct_peakw0;2614.500;2614.5000;512;1024.00;0.000000E+000;1.223766E-006;0.000000E+000;0.000000E+000;0.000000E+000;0.000000E+000;1.223766E-006
direct_peakw0;2614.500;2614.5000;513;1026.00;0.000000E+000;2.658233E-008;0.000000E+000;0.000000E+000;0.000000E+000;0.000000E+000;2.658233E-008
direct_peakw0;2614.500;2614.5000;514;1028.00;0.000000E+000;1.532083E-006;0.000000E+000;0.000000E+000;1.398256E-007;0.000000E+000;1.671909E-006
direct_peakw0;2614.500;2614.5000;515;1030.00;0.000000E+000;1.364862E-006;0.000000E+000;0.000000E+000;3.813782E-007;0.000000E+000;1.746240E-006
direct_peakw0;2614.500;2614.5000;516;1032.00;0.000000E+000;1.158319E-006;0.000000E+000;0.000000E+000;1.454628E-007;0.000000E+000;1.303782E-006
direct_peakw0;2614.500;2614.5000;517;1034.00;0.000000E+000;8.814731E-007;0.000000E+000;0.000000E+000;0.000000E+000;0.000000E+000;8.814731E-007
direct_peakw0;2614.500;2614.5000;518;1036.00;0.000000E+000;9.677973E-007;0.000000E+000;0.000000E+000;0.000000E+000;0.000000E+000;9.677973E-007
direct_peakw0;2614.500;2614.5000;519;1038.00;0.000000E+000;4.287990E-007;0.000000E+000;0.000000E+000;0.000000E+000;0.000000E+000;4.287990E-007
direct_peakw0;2614.500;2614.5000;520;1040.00;0.000000E+000;1.115296E-006;0.000000E+000;0.000000E+000;0.000000E+000;0.000000E+000;1.115296E-006
direct_peakw0;2614.500;2614.5000;521;1042.00;0.000000E+000;1.040955E-006;0.000000E+000;0.000000E+000;0.000000E+000;0.000000E+000;1.040955E-006
direct_peakw0;2614.500;2614.5000;522;1044.00;0.000000E+000;5.104157E-007;0.000000E+000;0.000000E+000;0.000000E+000;0.000000E+000;5.104157E-007
direct_peakw0;2614.500;2614.5000;523;1046.00;0.000000E+000;1.609313E-007;0.000000E+000;0.000000E+000;0.000000E+000;0.000000E+000;1.609313E-007
direct_peakw0;2614.500;2614.5000;524;1048.00;0.000000E+000;1.638654E-006;0.000000E+000;0.000000E+000;1.165630E-007;0.000000E+000;1.755217E-006
direct_peakw0;2614.500;2614.5000;525;1050.00;0.000000E+000;8.670814E-007;0.000000E+000;0.000000E+000;2.167704E-007;0.000000E+000;1.083852E-006
direct_peakw0;2614.500;2614.5000;526;1052.00;0.000000E+000;1.222691E-006;0.000000E+000;0.000000E+000;0.000000E+000;0.000000E+000;1.222691E-006
direct_peakw0;2614.500;2614.5000;527;1054.00;0.000000E+000;7.797488E-007;0.000000E+000;0.000000E+000;0.000000E+000;0.000000E+000;7.797488E-007
direct_peakw0;2614.500;2614.5000;528;1056.00;0.000000E+000;2.014207E-006;0.000000E+000;0.000000E+000;0.000000E+000;0.000000E+000;2.014207E-006
direct_peakw0;2614.500;2614.5000;529;1058.00;0.000000E+000;9.833524E-007;0.000000E+000;0.000000E+000;0.000000E+000;0.000000E+000;9.833524E-007
direct_peakw0;2614.500;2614.5000;530;1060.00;0.000000E+000;4.461527E-008;0.000000E+000;0.000000E+000;0.000000E+000;0.000000E+000;4.461527E-008
direct_peakw0;2614.500;2614.5000;531;1062.00;0.000000E+000;1.861347E-006;0.000000E+000;0.000000E+000;0.000000E+000;0.000000E+000;1.861347E-006
direct_peakw0;2614.500;2614.5000;532;1064.00;0.000000E+000;9.403788E-008;0.000000E+000;0.000000E+000;0.000000E+000;0.000000E+000;9.403788E-008
direct_peakw0;2614.500;2614.5000;533;1066.00;0.000000E+000;9.793661E-008;0.000000E+000;0.000000E+000;0.000000E+000;0.000000E+000;9.793661E-008
direct_peakw0;2614.500;2614.5000;534;1068.00;0.000000E+000;1.476033E-006;0.000000E+000;0.000000E+000;1.913232E-007;0.000000E+000;1.667356E-006
direct_peakw0;2614.500;2614.5000;535;1070.00;0.000000E+000;4.260304E-007;0.000000E+000;0.000000E+000;1.420101E-007;0.000000E+000;5.680405E-007
direct_peakw0;2614.500;2614.5000;536;1072.00;0.000000E+000;9.476432E-007;0.000000E+000;0.000000E+000;0.000000E+000;0.000000E+000;9.476432E-007
direct_peakw0;2614.500;2614.5000;537;1074.00;0.000000E+000;2.171093E-006;0.000000E+000;0.000000E+000;0.000000E+000;0.000000E+000;2.171093E-006
direct_peakw0;2614.500;2614.5000;538;1076.00;0.000000E+000;1.057487E-006;0.000000E+000;0.000000E+000;0.000000E+000;0.000000E+000;1.057487E-006
direct_peakw0;2614.500;2614.5000;539;1078.00;0.000000E+000;4.904442E-007;0.000000E+000;0.000000E+000;0.000000E+000;0.000000E+000;4.904442E-007
direct_peakw0;2614.500;2614.5000;540;1080.00;0.000000E+000;4.974858E-007;0.000000E+000;0.000000E+000;0.000000E+000;0.000000E+000;4.974858E-007
direct_peakw0;2614.500;2614.5000;541;1082.00;0.000000E+000;2.717363E-007;0.000000E+000;0.000000E+000;0.000000E+000;0.000000E+000;2.717363E-007
direct_peakw0;2614.500;2614.5000;542;1084.00;0.000000E+000;6.542755E-007;0.000000E+000;0.000000E+000;0.000000E+000;0.000000E+000;6.542755E-007
direct_peakw0;2614.500;2614.5000;543;1086.00;0.000000E+000;5.765024E-007;0.000000E+000;0.000000E+000;0.000000E+000;0.000000E+000;5.765024E-007
direct_peakw0;2614.500;2614.5000;544;1088.00;0.000000E+000;2.381384E-007;0.000000E+000;0.000000E+000;0.000000E+000;0.000000E+000;2.381384E-007
direct_peakw0;2614.500;2614.5000;545;1090.00;0.000000E+000;1.410234E-006;0.000000E+000;0.000000E+000;0.000000E+000;0.000000E+000;1.410234E-006
direct_peakw0;2614.500;2614.5000;546;1092.00;0.000000E+000;1.046002E-006;0.000000E+000;0.000000E+000;0.000000E+000;0.000000E+000;1.046002E-006
direct_peakw0;2614.500;2614.5000;547;1094.00;0.000000E+000;3.056253E-007;0.000000E+000;0.000000E+000;0.000000E+000;0.000000E+000;3.056253E-007
direct_peakw0;2614.500;2614.5000;548;1096.00;0.000000E+000;0.000000E+000;0.000000E+000;0.000000E+000;0.000000E+000;0.000000E+000;0.000000E+000
direct_peakw0;2614.500;2614.5000;549;1098.00;0.000000E+000;7.217415E-007;0.000000E+000;0.000000E+000;0.000000E+000;0.000000E+000;7.217415E-007
direct_peakw0;2614.500;2614.5000;550;1100.00;0.000000E+000;1.944925E-006;0.000000E+000;0.000000E+000;0.000000E+000;0.000000E+000;1.944925E-006
direct_peakw0;2614.500;2614.5000;551;1102.00;0.000000E+000;0.000000E+000;0.000000E+000;0.000000E+000;0.000000E+000;0.000000E+000;0.000000E+000
direct_peakw0;2614.500;2614.5000;552;1104.00;0.000000E+000;1.918071E-006;0.000000E+000;0.000000E+000;0.000000E+000;0.000000E+000;1.918071E-006
direct_peakw0;2614.500;2614.5000;553;1106.00;0.000000E+000;1.081929E-006;0.000000E+000;0.000000E+000;0.000000E+000;0.000000E+000;1.081929E-006
direct_peakw0;2614.500;2614.5000;554;1108.00;0.000000E+000;9.631892E-007;0.000000E+000;0.000000E+000;0.000000E+000;0.000000E+000;9.631892E-007
direct_peakw0;2614.500;2614.5000;555;1110.00;0.000000E+000;1.797135E-006;0.000000E+000;0.000000E+000;0.000000E+000;0.000000E+000;1.797135E-006
direct_peakw0;2614.500;2614.5000;556;1112.00;0.000000E+000;4.364189E-007;0.000000E+000;0.000000E+000;0.000000E+000;0.000000E+000;4.364189E-007
direct_peakw0;2614.500;2614.5000;557;1114.00;0.000000E+000;1.469924E-006;0.000000E+000;0.000000E+000;0.000000E+000;0.000000E+000;1.469924E-006
direct_peakw0;2614.500;2614.5000;558;1116.00;0.000000E+000;6.773175E-007;0.000000E+000;0.000000E+000;0.000000E+000;0.000000E+000;6.773175E-007
direct_peakw0;2614.500;2614.5000;559;1118.00;0.000000E+000;7.802744E-007;0.000000E+000;0.000000E+000;0.000000E+000;0.000000E+000;7.802744E-007
direct_peakw0;2614.500;2614.5000;560;1120.00;0.000000E+000;1.209075E-006;0.000000E+000;0.000000E+000;0.000000E+000;0.000000E+000;1.209075E-006
direct_peakw0;2614.500;2614.5000;561;1122.00;0.000000E+000;5.248601E-007;0.000000E+000;0.000000E+000;0.000000E+000;0.000000E+000;5.248601E-007
direct_peakw0;2614.500;2614.5000;562;1124.00;0.000000E+000;1.418066E-007;0.000000E+000;0.000000E+000;0.000000E+000;0.000000E+000;1.418066E-007
direct_peakw0;2614.500;2614.5000;563;1126.00;0.000000E+000;1.445928E-006;0.000000E+000;0.000000E+000;0.000000E+000;0.000000E+000;1.445928E-006
direct_peakw0;2614.500;2614.5000;564;1128.00;0.000000E+000;1.296547E-006;0.000000E+000;0.000000E+000;0.000000E+000;0.000000E+000;1.296547E-006
direct_peakw0;2614.500;2614.5000;565;1130.00;0.000000E+000;5.908582E-007;0.000000E+000;0.000000E+000;0.000000E+000;0.000000E+000;5.908582E-007
direct_peakw0;2614.500;2614.5000;566;1132.00;0.000000E+000;9.209137E-007;0.000000E+000;0.000000E+000;0.000000E+000;0.000000E+000;9.209137E-007
direct_peakw0;2614.500;2614.5000;567;1134.00;0.000000E+000;1.412420E-006;0.000000E+000;0.000000E+000;0.000000E+000;0.000000E+000;1.412420E-006
direct_peakw0;2614.500;2614.5000;568;1136.00;0.000000E+000;7.896236E-007;0.000000E+000;0.000000E+000;0.000000E+000;0.000000E+000;7.896236E-007
direct_peakw0;2614.500;2614.5000;569;1138.00;0.000000E+000;2.837146E-006;0.000000E+000;0.000000E+000;0.000000E+000;0.000000E+000;2.837146E-006
direct_peakw0;2614.500;2614.5000;570;1140.00;0.000000E+000;9.446925E-007;0.000000E+000;0.000000E+000;1.190645E-007;0.000000E+000;1.063757E-006
direct_peakw0;2614.500;2614.5000;571;1142.00;0.000000E+000;1.276516E-006;0.000000E+000;0.000000E+000;4.969284E-007;0.000000E+000;1.773445E-006
direct_peakw0;2614.500;2614.5000;572;1144.00;0.000000E+000;4.426654E-007;0.000000E+000;0.000000E+000;5.067378E-008;0.000000E+000;4.933392E-007
direct_peakw0;2614.500;2614.5000;573;1146.00;0.000000E+000;3.760226E-007;0.000000E+000;0.000000E+000;0.000000E+000;0.000000E+000;3.760226E-007
direct_peakw0;2614.500;2614.5000;574;1148.00;0.000000E+000;0.000000E+000;0.000000E+000;0.000000E+000;0.000000E+000;0.000000E+000;0.000000E+000
direct_peakw0;2614.500;2614.5000;575;1150.00;0.000000E+000;1.350017E-006;0.000000E+000;0.000000E+000;0.000000E+000;0.000000E+000;1.350017E-006
direct_peakw0;2614.500;2614.5000;576;1152.00;0.000000E+000;8.406542E-007;0.000000E+000;0.000000E+000;0.000000E+000;0.000000E+000;8.406542E-007
direct_peakw0;2614.500;2614.5000;577;1154.00;0.000000E+000;4.759953E-007;0.000000E+000;0.000000E+000;0.000000E+000;0.000000E+000;4.759953E-007
direct_peakw0;2614.500;2614.5000;578;1156.00;0.000000E+000;1.606807E-006;0.000000E+000;0.000000E+000;0.000000E+000;0.000000E+000;1.606807E-006
direct_peakw0;2614.500;2614.5000;579;1158.00;0.000000E+000;1.424090E-006;0.000000E+000;0.000000E+000;0.000000E+000;0.000000E+000;1.424090E-006
direct_peakw0;2614.500;2614.5000;580;1160.00;0.000000E+000;1.124938E-006;0.000000E+000;0.000000E+000;0.000000E+000;0.000000E+000;1.124938E-006
direct_peakw0;2614.500;2614.5000;581;1162.00;0.000000E+000;9.676129E-007;0.000000E+000;0.000000E+000;0.000000E+000;0.000000E+000;9.676129E-007
direct_peakw0;2614.500;2614.5000;582;1164.00;0.000000E+000;1.805122E-006;0.000000E+000;0.000000E+000;0.000000E+000;0.000000E+000;1.805122E-006
direct_peakw0;2614.500;2614.5000;583;1166.00;0.000000E+000;1.071430E-006;0.000000E+000;0.000000E+000;0.000000E+000;0.000000E+000;1.071430E-006
direct_peakw0;2614.500;2614.5000;584;1168.00;0.000000E+000;1.691700E-006;0.000000E+000;0.000000E+000;0.000000E+000;0.000000E+000;1.691700E-006
direct_peakw0;2614.500;2614.5000;585;1170.00;0.000000E+000;3.083001E-007;0.000000E+000;0.000000E+000;0.000000E+000;0.000000E+000;3.083001E-007
direct_peakw0;2614.500;2614.5000;586;1172.00;0.000000E+000;9.218065E-007;0.000000E+000;0.000000E+000;0.000000E+000;0.000000E+000;9.218065E-007
direct_peakw0;2614.500;2614.5000;587;1174.00;0.000000E+000;3.151434E-006;0.000000E+000;0.000000E+000;0.000000E+000;0.000000E+000;3.151434E-006
direct_peakw0;2614.500;2614.5000;588;1176.00;0.000000E+000;1.918635E-006;0.000000E+000;0.000000E+000;0.000000E+000;0.000000E+000;1.918635E-006
direct_peakw0;2614.500;2614.5000;589;1178.00;0.000000E+000;8.124295E-009;0.000000E+000;0.000000E+000;0.000000E+000;0.000000E+000;8.124295E-009
direct_peakw0;2614.500;2614.5000;590;1180.00;0.000000E+000;5.024280E-007;0.000000E+000;0.000000E+000;1.256070E-007;0.000000E+000;6.280349E-007
direct_peakw0;2614.500;2614.5000;591;1182.00;0.000000E+000;8.309054E-007;0.000000E+000;0.000000E+000;2.077263E-007;0.000000E+000;1.038632E-006
direct_peakw0;2614.500;2614.5000;592;1184.00;0.000000E+000;5.142957E-007;0.000000E+000;0.000000E+000;0.000000E+000;0.000000E+000;5.142957E-007
direct_peakw0;2614.500;2614.5000;593;1186.00;0.000000E+000;1.252079E-006;0.000000E+000;0.000000E+000;0.000000E+000;0.000000E+000;1.252079E-006
direct_peakw0;2614.500;2614.5000;594;1188.00;0.000000E+000;1.566958E-006;0.000000E+000;0.000000E+000;0.000000E+000;0.000000E+000;1.566958E-006
direct_peakw0;2614.500;2614.5000;595;1190.00;0.000000E+000;0.000000E+000;0.000000E+000;0.000000E+000;0.000000E+000;0.000000E+000;0.000000E+000
direct_peakw0;2614.500;2614.5000;596;1192.00;0.000000E+000;5.381596E-007;0.000000E+000;0.000000E+000;0.000000E+000;0.000000E+000;5.381596E-007
direct_peakw0;2614.500;2614.5000;597;1194.00;0.000000E+000;2.048575E-006;0.000000E+000;0.000000E+000;0.000000E+000;0.000000E+000;2.048575E-006
direct_peakw0;2614.500;2614.5000;598;1196.00;0.000000E+000;1.019182E-006;0.000000E+000;0.000000E+000;0.000000E+000;0.000000E+000;1.019182E-006
direct_peakw0;2614.500;2614.5000;599;1198.00;0.000000E+000;7.030964E-007;0.000000E+000;0.000000E+000;0.000000E+000;0.000000E+000;7.030964E-007
direct_peakw0;2614.500;2614.5000;600;1200.00;0.000000E+000;5.588602E-007;0.000000E+000;0.000000E+000;0.000000E+000;0.000000E+000;5.588602E-007
direct_peakw0;2614.500;2614.5000;601;1202.00;0.000000E+000;5.187671E-007;0.000000E+000;0.000000E+000;0.000000E+000;0.000000E+000;5.187671E-007
direct_peakw0;2614.500;2614.5000;602;1204.00;0.000000E+000;1.613360E-006;0.000000E+000;0.000000E+000;0.000000E+000;0.000000E+000;1.613360E-006
direct_peakw0;2614.500;2614.5000;603;1206.00;0.000000E+000;6.411445E-007;0.000000E+000;0.000000E+000;0.000000E+000;0.000000E+000;6.411445E-007
direct_peakw0;2614.500;2614.5000;604;1208.00;0.000000E+000;3.502290E-007;0.000000E+000;0.000000E+000;0.000000E+000;0.000000E+000;3.502290E-007
direct_peakw0;2614.500;2614.5000;605;1210.00;0.000000E+000;1.542373E-006;0.000000E+000;0.000000E+000;0.000000E+000;0.000000E+000;1.542373E-006
direct_peakw0;2614.500;2614.5000;606;1212.00;0.000000E+000;4.813098E-007;0.000000E+000;0.000000E+000;0.000000E+000;0.000000E+000;4.813098E-007
direct_peakw0;2614.500;2614.5000;607;1214.00;0.000000E+000;1.212472E-006;0.000000E+000;0.000000E+000;0.000000E+000;0.000000E+000;1.212472E-006
direct_peakw0;2614.500;2614.5000;608;1216.00;0.000000E+000;1.058047E-007;0.000000E+000;0.000000E+000;0.000000E+000;0.000000E+000;1.058047E-007
direct_peakw0;2614.500;2614.5000;609;1218.00;0.000000E+000;3.069474E-007;0.000000E+000;0.000000E+000;0.000000E+000;0.000000E+000;3.069474E-007
direct_peakw0;2614.500;2614.5000;610;1220.00;0.000000E+000;2.638592E-008;0.000000E+000;0.000000E+000;0.000000E+000;0.000000E+000;2.638592E-008
direct_peakw0;2614.500;2614.5000;611;1222.00;0.000000E+000;0.000000E+000;0.000000E+000;0.000000E+000;0.000000E+000;0.000000E+000;0.000000E+000
direct_peakw0;2614.500;2614.5000;612;1224.00;0.000000E+000;4.657501E-007;0.000000E+000;0.000000E+000;0.000000E+000;0.000000E+000;4.657501E-007
direct_peakw0;2614.500;2614.5000;613;1226.00;0.000000E+000;3.002783E-006;0.000000E+000;0.000000E+000;0.000000E+000;0.000000E+000;3.002783E-006
direct_peakw0;2614.500;2614.5000;614;1228.00;0.000000E+000;1.270020E-006;0.000000E+000;0.000000E+000;0.000000E+000;0.000000E+000;1.270020E-006
direct_peakw0;2614.500;2614.5000;615;1230.00;0.000000E+000;1.075886E-006;0.000000E+000;0.000000E+000;0.000000E+000;0.000000E+000;1.075886E-006
direct_peakw0;2614.500;2614.5000;616;1232.00;0.000000E+000;5.188940E-007;0.000000E+000;0.000000E+000;0.000000E+000;0.000000E+000;5.188940E-007
direct_peakw0;2614.500;2614.5000;617;1234.00;0.000000E+000;5.904757E-007;0.000000E+000;0.000000E+000;0.000000E+000;0.000000E+000;5.904757E-007
direct_peakw0;2614.500;2614.5000;618;1236.00;0.000000E+000;1.215943E-006;0.000000E+000;0.000000E+000;2.688062E-007;0.000000E+000;1.484749E-006
direct_peakw0;2614.500;2614.5000;619;1238.00;0.000000E+000;1.118386E-006;0.000000E+000;0.000000E+000;6.452713E-008;0.000000E+000;1.182913E-006
direct_peakw0;2614.500;2614.5000;620;1240.00;0.000000E+000;2.878060E-006;0.000000E+000;0.000000E+000;0.000000E+000;0.000000E+000;2.878060E-006
direct_peakw0;2614.500;2614.5000;621;1242.00;0.000000E+000;1.197135E-006;0.000000E+000;0.000000E+000;0.000000E+000;0.000000E+000;1.197135E-006
direct_peakw0;2614.500;2614.5000;622;1244.00;0.000000E+000;8.845608E-008;0.000000E+000;0.000000E+000;0.000000E+000;0.000000E+000;8.845608E-008
direct_peakw0;2614.500;2614.5000;623;1246.00;0.000000E+000;2.293889E-006;0.000000E+000;0.000000E+000;0.000000E+000;0.000000E+000;2.293889E-006
direct_peakw0;2614.500;2614.5000;624;1248.00;0.000000E+000;6.176552E-007;0.000000E+000;0.000000E+000;0.000000E+000;0.000000E+000;6.176552E-007
direct_peakw0;2614.500;2614.5000;625;1250.00;0.000000E+000;1.236280E-006;0.000000E+000;0.000000E+000;3.090701E-007;0.000000E+000;1.545350E-006
direct_peakw0;2614.500;2614.5000;626;1252.00;0.000000E+000;5.450166E-007;0.000000E+000;0.000000E+000;2.426328E-008;0.000000E+000;5.692799E-007
direct_peakw0;2614.500;2614.5000;627;1254.00;0.000000E+000;5.602978E-007;0.000000E+000;0.000000E+000;0.000000E+000;0.000000E+000;5.602978E-007
direct_peakw0;2614.500;2614.5000;628;1256.00;0.000000E+000;2.295228E-006;0.000000E+000;0.000000E+000;0.000000E+000;0.000000E+000;2.295228E-006
direct_peakw0;2614.500;2614.5000;629;1258.00;0.000000E+000;1.039863E-006;0.000000E+000;0.000000E+000;0.000000E+000;0.000000E+000;1.039863E-006
direct_peakw0;2614.500;2614.5000;630;1260.00;0.000000E+000;1.323315E-006;0.000000E+000;0.000000E+000;0.000000E+000;0.000000E+000;1.323315E-006
direct_peakw0;2614.500;2614.5000;631;1262.00;0.000000E+000;5.282041E-007;0.000000E+000;0.000000E+000;0.000000E+000;0.000000E+000;5.282041E-007
direct_peakw0;2614.500;2614.5000;632;1264.00;0.000000E+000;5.080450E-007;0.000000E+000;0.000000E+000;0.000000E+000;0.000000E+000;5.080450E-007
direct_peakw0;2614.500;2614.5000;633;1266.00;0.000000E+000;1.138559E-006;0.000000E+000;0.000000E+000;0.000000E+000;0.000000E+000;1.138559E-006
direct_peakw0;2614.500;2614.5000;634;1268.00;0.000000E+000;1.585255E-007;0.000000E+000;0.000000E+000;0.000000E+000;0.000000E+000;1.585255E-007
direct_peakw0;2614.500;2614.5000;635;1270.00;0.000000E+000;7.553116E-007;0.000000E+000;0.000000E+000;0.000000E+000;0.000000E+000;7.553116E-007
direct_peakw0;2614.500;2614.5000;636;1272.00;0.000000E+000;1.113816E-006;0.000000E+000;0.000000E+000;0.000000E+000;0.000000E+000;1.113816E-006
direct_peakw0;2614.500;2614.5000;637;1274.00;0.000000E+000;2.298439E-006;0.000000E+000;0.000000E+000;0.000000E+000;0.000000E+000;2.298439E-006
direct_peakw0;2614.500;2614.5000;638;1276.00;0.000000E+000;9.588051E-007;0.000000E+000;0.000000E+000;0.000000E+000;0.000000E+000;9.588051E-007
direct_peakw0;2614.500;2614.5000;639;1278.00;0.000000E+000;1.206961E-006;0.000000E+000;0.000000E+000;0.000000E+000;0.000000E+000;1.206961E-006
direct_peakw0;2614.500;2614.5000;640;1280.00;0.000000E+000;0.000000E+000;0.000000E+000;0.000000E+000;0.000000E+000;0.000000E+000;0.000000E+000
direct_peakw0;2614.500;2614.5000;641;1282.00;0.000000E+000;1.629106E-006;0.000000E+000;0.000000E+000;0.000000E+000;0.000000E+000;1.629106E-006
direct_peakw0;2614.500;2614.5000;642;1284.00;0.000000E+000;1.370894E-006;0.000000E+000;0.000000E+000;0.000000E+000;0.000000E+000;1.370894E-006
direct_peakw0;2614.500;2614.5000;643;1286.00;0.000000E+000;1.070484E-006;0.000000E+000;0.000000E+000;0.000000E+000;0.000000E+000;1.070484E-006
direct_peakw0;2614.500;2614.5000;644;1288.00;0.000000E+000;2.628493E-007;0.000000E+000;0.000000E+000;0.000000E+000;0.000000E+000;2.628493E-007
direct_peakw0;2614.500;2614.5000;645;1290.00;0.000000E+000;5.352974E-008;0.000000E+000;0.000000E+000;0.000000E+000;0.000000E+000;5.352974E-008
direct_peakw0;2614.500;2614.5000;646;1292.00;0.000000E+000;2.023286E-006;0.000000E+000;0.000000E+000;0.000000E+000;0.000000E+000;2.023286E-006
direct_peakw0;2614.500;2614.5000;647;1294.00;0.000000E+000;6.980503E-007;0.000000E+000;0.000000E+000;0.000000E+000;0.000000E+000;6.980503E-007
direct_peakw0;2614.500;2614.5000;648;1296.00;0.000000E+000;8.449302E-007;0.000000E+000;0.000000E+000;0.000000E+000;0.000000E+000;8.449302E-007
direct_peakw0;2614.500;2614.5000;649;1298.00;0.000000E+000;2.380512E-007;0.000000E+000;0.000000E+000;0.000000E+000;0.000000E+000;2.380512E-007
direct_peakw0;2614.500;2614.5000;650;1300.00;0.000000E+000;1.978132E-006;0.000000E+000;0.000000E+000;0.000000E+000;0.000000E+000;1.978132E-006
direct_peakw0;2614.500;2614.5000;651;1302.00;0.000000E+000;7.856314E-007;0.000000E+000;0.000000E+000;0.000000E+000;0.000000E+000;7.856314E-007
direct_peakw0;2614.500;2614.5000;652;1304.00;0.000000E+000;2.140499E-006;0.000000E+000;0.000000E+000;0.000000E+000;0.000000E+000;2.140499E-006
direct_peakw0;2614.500;2614.5000;653;1306.00;0.000000E+000;2.378901E-007;0.000000E+000;0.000000E+000;0.000000E+000;0.000000E+000;2.378901E-007
direct_peakw0;2614.500;2614.5000;654;1308.00;0.000000E+000;0.000000E+000;0.000000E+000;0.000000E+000;0.000000E+000;0.000000E+000;0.000000E+000
direct_peakw0;2614.500;2614.5000;655;1310.00;0.000000E+000;0.000000E+000;0.000000E+000;0.000000E+000;0.000000E+000;0.000000E+000;0.000000E+000
direct_peakw0;2614.500;2614.5000;656;1312.00;0.000000E+000;1.895013E-006;0.000000E+000;0.000000E+000;0.000000E+000;0.000000E+000;1.895013E-006
direct_peakw0;2614.500;2614.5000;657;1314.00;0.000000E+000;4.383207E-007;0.000000E+000;0.000000E+000;0.000000E+000;0.000000E+000;4.383207E-007
direct_peakw0;2614.500;2614.5000;658;1316.00;0.000000E+000;1.653620E-006;0.000000E+000;0.000000E+000;0.000000E+000;0.000000E+000;1.653620E-006
direct_peakw0;2614.500;2614.5000;659;1318.00;0.000000E+000;5.157303E-007;0.000000E+000;0.000000E+000;0.000000E+000;0.000000E+000;5.157303E-007
direct_peakw0;2614.500;2614.5000;660;1320.00;0.000000E+000;1.100637E-006;0.000000E+000;0.000000E+000;0.000000E+000;0.000000E+000;1.100637E-006
direct_peakw0;2614.500;2614.5000;661;1322.00;0.000000E+000;1.730013E-006;0.000000E+000;0.000000E+000;0.000000E+000;0.000000E+000;1.730013E-006
direct_peakw0;2614.500;2614.5000;662;1324.00;0.000000E+000;8.585768E-007;0.000000E+000;0.000000E+000;0.000000E+000;0.000000E+000;8.585768E-007
direct_peakw0;2614.500;2614.5000;663;1326.00;0.000000E+000;1.336732E-006;0.000000E+000;0.000000E+000;0.000000E+000;0.000000E+000;1.336732E-006
direct_peakw0;2614.500;2614.5000;664;1328.00;0.000000E+000;4.713575E-007;0.000000E+000;0.000000E+000;0.000000E+000;0.000000E+000;4.713575E-007
direct_peakw0;2614.500;2614.5000;665;1330.00;0.000000E+000;2.849141E-008;0.000000E+000;0.000000E+000;0.000000E+000;0.000000E+000;2.849141E-008
direct_peakw0;2614.500;2614.5000;666;1332.00;0.000000E+000;1.251300E-006;0.000000E+000;0.000000E+000;1.334601E-007;0.000000E+000;1.384761E-006
direct_peakw0;2614.500;2614.5000;667;1334.00;0.000000E+000;1.925338E-006;0.000000E+000;0.000000E+000;1.998732E-007;0.000000E+000;2.125211E-006
direct_peakw0;2614.500;2614.5000;668;1336.00;0.000000E+000;1.282036E-007;0.000000E+000;0.000000E+000;1.728876E-007;0.000000E+000;3.010911E-007
direct_peakw0;2614.500;2614.5000;669;1338.00;0.000000E+000;0.000000E+000;0.000000E+000;0.000000E+000;1.604458E-007;0.000000E+000;1.604458E-007
direct_peakw0;2614.500;2614.5000;670;1340.00;0.000000E+000;0.000000E+000;0.000000E+000;0.000000E+000;0.000000E+000;0.000000E+000;0.000000E+000
direct_peakw0;2614.500;2614.5000;671;1342.00;0.000000E+000;6.515168E-007;0.000000E+000;0.000000E+000;0.000000E+000;0.000000E+000;6.515168E-007
direct_peakw0;2614.500;2614.5000;672;1344.00;0.000000E+000;1.653380E-006;0.000000E+000;0.000000E+000;0.000000E+000;0.000000E+000;1.653380E-006
direct_peakw0;2614.500;2614.5000;673;1346.00;0.000000E+000;2.843667E-008;0.000000E+000;0.000000E+000;0.000000E+000;0.000000E+000;2.843667E-008
direct_peakw0;2614.500;2614.5000;674;1348.00;0.000000E+000;1.124147E-006;0.000000E+000;0.000000E+000;0.000000E+000;0.000000E+000;1.124147E-006
direct_peakw0;2614.500;2614.5000;675;1350.00;0.000000E+000;5.425196E-007;0.000000E+000;0.000000E+000;0.000000E+000;0.000000E+000;5.425196E-007
direct_peakw0;2614.500;2614.5000;676;1352.00;0.000000E+000;1.042497E-006;0.000000E+000;0.000000E+000;0.000000E+000;0.000000E+000;1.042497E-006
direct_peakw0;2614.500;2614.5000;677;1354.00;0.000000E+000;1.898663E-006;0.000000E+000;0.000000E+000;0.000000E+000;0.000000E+000;1.898663E-006
direct_peakw0;2614.500;2614.5000;678;1356.00;0.000000E+000;4.194103E-007;0.000000E+000;0.000000E+000;0.000000E+000;0.000000E+000;4.194103E-007
direct_peakw0;2614.500;2614.5000;679;1358.00;0.000000E+000;3.818071E-007;0.000000E+000;0.000000E+000;0.000000E+000;0.000000E+000;3.818071E-007
direct_peakw0;2614.500;2614.5000;680;1360.00;0.000000E+000;1.252679E-006;0.000000E+000;0.000000E+000;0.000000E+000;0.000000E+000;1.252679E-006
direct_peakw0;2614.500;2614.5000;681;1362.00;0.000000E+000;3.382771E-007;0.000000E+000;0.000000E+000;0.000000E+000;0.000000E+000;3.382771E-007
direct_peakw0;2614.500;2614.5000;682;1364.00;0.000000E+000;8.705049E-008;0.000000E+000;0.000000E+000;0.000000E+000;0.000000E+000;8.705049E-008
direct_peakw0;2614.500;2614.5000;683;1366.00;0.000000E+000;8.130585E-007;0.000000E+000;0.000000E+000;0.000000E+000;0.000000E+000;8.130585E-007
direct_peakw0;2614.500;2614.5000;684;1368.00;0.000000E+000;7.665577E-007;0.000000E+000;0.000000E+000;0.000000E+000;0.000000E+000;7.665577E-007
direct_peakw0;2614.500;2614.5000;685;1370.00;0.000000E+000;1.643075E-006;0.000000E+000;0.000000E+000;0.000000E+000;0.000000E+000;1.643075E-006
direct_peakw0;2614.500;2614.5000;686;1372.00;0.000000E+000;1.886647E-006;0.000000E+000;0.000000E+000;0.000000E+000;0.000000E+000;1.886647E-006
direct_peakw0;2614.500;2614.5000;687;1374.00;0.000000E+000;4.702785E-007;0.000000E+000;0.000000E+000;0.000000E+000;0.000000E+000;4.702785E-007
direct_peakw0;2614.500;2614.5000;688;1376.00;0.000000E+000;2.076044E-006;0.000000E+000;0.000000E+000;0.000000E+000;0.000000E+000;2.076044E-006
direct_peakw0;2614.500;2614.5000;689;1378.00;0.000000E+000;1.081148E-006;0.000000E+000;0.000000E+000;0.000000E+000;0.000000E+000;1.081148E-006
direct_peakw0;2614.500;2614.5000;690;1380.00;0.000000E+000;2.026115E-007;0.000000E+000;0.000000E+000;0.000000E+000;0.000000E+000;2.026115E-007
direct_peakw0;2614.500;2614.5000;691;1382.00;0.000000E+000;9.575170E-007;0.000000E+000;0.000000E+000;0.000000E+000;0.000000E+000;9.575170E-007
direct_peakw0;2614.500;2614.5000;692;1384.00;0.000000E+000;6.826795E-007;0.000000E+000;0.000000E+000;0.000000E+000;0.000000E+000;6.826795E-007
direct_peakw0;2614.500;2614.5000;693;1386.00;0.000000E+000;5.283445E-008;0.000000E+000;0.000000E+000;0.000000E+000;0.000000E+000;5.283445E-008
direct_peakw0;2614.500;2614.5000;694;1388.00;0.000000E+000;1.844885E-006;0.000000E+000;0.000000E+000;0.000000E+000;0.000000E+000;1.844885E-006
direct_peakw0;2614.500;2614.5000;695;1390.00;0.000000E+000;7.689474E-007;0.000000E+000;0.000000E+000;0.000000E+000;0.000000E+000;7.689474E-007
direct_peakw0;2614.500;2614.5000;696;1392.00;0.000000E+000;0.000000E+000;0.000000E+000;0.000000E+000;0.000000E+000;0.000000E+000;0.000000E+000
direct_peakw0;2614.500;2614.5000;697;1394.00;0.000000E+000;6.386277E-007;0.000000E+000;0.000000E+000;0.000000E+000;0.000000E+000;6.386277E-007
direct_peakw0;2614.500;2614.5000;698;1396.00;0.000000E+000;2.560937E-006;0.000000E+000;0.000000E+000;0.000000E+000;0.000000E+000;2.560937E-006
direct_peakw0;2614.500;2614.5000;699;1398.00;0.000000E+000;7.892024E-007;0.000000E+000;0.000000E+000;7.449198E-008;0.000000E+000;8.636944E-007
direct_peakw0;2614.500;2614.5000;700;1400.00;0.000000E+000;1.344566E-006;0.000000E+000;0.000000E+000;2.588414E-007;0.000000E+000;1.603407E-006
direct_peakw0;2614.500;2614.5000;701;1402.00;0.000000E+000;1.350103E-006;0.000000E+000;0.000000E+000;0.000000E+000;0.000000E+000;1.350103E-006
direct_peakw0;2614.500;2614.5000;702;1404.00;0.000000E+000;1.649897E-006;0.000000E+000;0.000000E+000;0.000000E+000;0.000000E+000;1.649897E-006
direct_peakw0;2614.500;2614.5000;703;1406.00;0.000000E+000;5.466566E-007;0.000000E+000;0.000000E+000;0.000000E+000;0.000000E+000;5.466566E-007
direct_peakw0;2614.500;2614.5000;704;1408.00;0.000000E+000;7.580018E-007;0.000000E+000;0.000000E+000;0.000000E+000;0.000000E+000;7.580018E-007
direct_peakw0;2614.500;2614.5000;705;1410.00;0.000000E+000;8.133331E-007;0.000000E+000;0.000000E+000;0.000000E+000;0.000000E+000;8.133331E-007
direct_peakw0;2614.500;2614.5000;706;1412.00;0.000000E+000;2.153417E-007;0.000000E+000;0.000000E+000;0.000000E+000;0.000000E+000;2.153417E-007
direct_peakw0;2614.500;2614.5000;707;1414.00;0.000000E+000;6.893098E-007;0.000000E+000;0.000000E+000;0.000000E+000;0.000000E+000;6.893098E-007
direct_peakw0;2614.500;2614.5000;708;1416.00;0.000000E+000;1.814156E-006;0.000000E+000;0.000000E+000;0.000000E+000;0.000000E+000;1.814156E-006
direct_peakw0;2614.500;2614.5000;709;1418.00;0.000000E+000;6.689023E-007;0.000000E+000;0.000000E+000;0.000000E+000;0.000000E+000;6.689023E-007
direct_peakw0;2614.500;2614.5000;710;1420.00;0.000000E+000;8.276317E-007;0.000000E+000;0.000000E+000;0.000000E+000;0.000000E+000;8.276317E-007
direct_peakw0;2614.500;2614.5000;711;1422.00;0.000000E+000;8.094902E-008;0.000000E+000;0.000000E+000;0.000000E+000;0.000000E+000;8.094902E-008
direct_peakw0;2614.500;2614.5000;712;1424.00;0.000000E+000;9.190510E-007;0.000000E+000;0.000000E+000;0.000000E+000;0.000000E+000;9.190510E-007
direct_peakw0;2614.500;2614.5000;713;1426.00;0.000000E+000;7.859700E-007;0.000000E+000;0.000000E+000;0.000000E+000;0.000000E+000;7.859700E-007
direct_peakw0;2614.500;2614.5000;714;1428.00;0.000000E+000;1.214030E-006;0.000000E+000;0.000000E+000;0.000000E+000;0.000000E+000;1.214030E-006
direct_peakw0;2614.500;2614.5000;715;1430.00;0.000000E+000;0.000000E+000;0.000000E+000;0.000000E+000;0.000000E+000;0.000000E+000;0.000000E+000
direct_peakw0;2614.500;2614.5000;716;1432.00;0.000000E+000;4.026800E-007;0.000000E+000;0.000000E+000;4.650154E-008;0.000000E+000;4.491816E-007
direct_peakw0;2614.500;2614.5000;717;1434.00;0.000000E+000;2.118600E-006;0.000000E+000;0.000000E+000;2.868318E-007;0.000000E+000;2.405432E-006
direct_peakw0;2614.500;2614.5000;718;1436.00;0.000000E+000;1.685537E-006;0.000000E+000;0.000000E+000;0.000000E+000;0.000000E+000;1.685537E-006
direct_peakw0;2614.500;2614.5000;719;1438.00;0.000000E+000;4.598496E-007;0.000000E+000;0.000000E+000;0.000000E+000;0.000000E+000;4.598496E-007
direct_peakw0;2614.500;2614.5000;720;1440.00;0.000000E+000;4.449147E-007;0.000000E+000;0.000000E+000;0.000000E+000;0.000000E+000;4.449147E-007
direct_peakw0;2614.500;2614.5000;721;1442.00;0.000000E+000;1.788578E-006;0.000000E+000;0.000000E+000;0.000000E+000;0.000000E+000;1.788578E-006
direct_peakw0;2614.500;2614.5000;722;1444.00;0.000000E+000;3.164978E-007;0.000000E+000;0.000000E+000;0.000000E+000;0.000000E+000;3.164978E-007
direct_peakw0;2614.500;2614.5000;723;1446.00;0.000000E+000;1.306939E-007;0.000000E+000;0.000000E+000;0.000000E+000;0.000000E+000;1.306939E-007
direct_peakw0;2614.500;2614.5000;724;1448.00;0.000000E+000;1.384155E-006;0.000000E+000;0.000000E+000;0.000000E+000;0.000000E+000;1.384155E-006
direct_peakw0;2614.500;2614.5000;725;1450.00;0.000000E+000;2.684944E-007;0.000000E+000;0.000000E+000;0.000000E+000;0.000000E+000;2.684944E-007
direct_peakw0;2614.500;2614.5000;726;1452.00;0.000000E+000;0.000000E+000;0.000000E+000;0.000000E+000;0.000000E+000;0.000000E+000;0.000000E+000
direct_peakw0;2614.500;2614.5000;727;1454.00;0.000000E+000;1.842381E-006;0.000000E+000;0.000000E+000;0.000000E+000;0.000000E+000;1.842381E-006
direct_peakw0;2614.500;2614.5000;728;1456.00;0.000000E+000;1.254878E-006;0.000000E+000;0.000000E+000;0.000000E+000;0.000000E+000;1.254878E-006
direct_peakw0;2614.500;2614.5000;729;1458.00;0.000000E+000;9.027410E-007;0.000000E+000;0.000000E+000;0.000000E+000;0.000000E+000;9.027410E-007
direct_peakw0;2614.500;2614.5000;730;1460.00;0.000000E+000;8.398025E-007;0.000000E+000;0.000000E+000;0.000000E+000;0.000000E+000;8.398025E-007
direct_peakw0;2614.500;2614.5000;731;1462.00;0.000000E+000;1.601975E-007;0.000000E+000;0.000000E+000;0.000000E+000;0.000000E+000;1.601975E-007
direct_peakw0;2614.500;2614.5000;732;1464.00;0.000000E+000;3.245840E-006;0.000000E+000;0.000000E+000;3.017400E-007;0.000000E+000;3.547580E-006
direct_peakw0;2614.500;2614.5000;733;1466.00;0.000000E+000;1.754160E-006;0.000000E+000;0.000000E+000;3.159331E-008;0.000000E+000;1.785753E-006
direct_peakw0;2614.500;2614.5000;734;1468.00;0.000000E+000;0.000000E+000;0.000000E+000;0.000000E+000;0.000000E+000;0.000000E+000;0.000000E+000
direct_peakw0;2614.500;2614.5000;735;1470.00;0.000000E+000;4.074112E-007;0.000000E+000;0.000000E+000;1.358037E-007;0.000000E+000;5.432149E-007
direct_peakw0;2614.500;2614.5000;736;1472.00;0.000000E+000;1.426198E-006;0.000000E+000;0.000000E+000;1.975296E-007;0.000000E+000;1.623727E-006
direct_peakw0;2614.500;2614.5000;737;1474.00;0.000000E+000;1.196224E-006;0.000000E+000;0.000000E+000;0.000000E+000;0.000000E+000;1.196224E-006
direct_peakw0;2614.500;2614.5000;738;1476.00;0.000000E+000;9.701674E-007;0.000000E+000;0.000000E+000;0.000000E+000;0.000000E+000;9.701674E-007
direct_peakw0;2614.500;2614.5000;739;1478.00;0.000000E+000;0.000000E+000;0.000000E+000;0.000000E+000;0.000000E+000;0.000000E+000;0.000000E+000
direct_peakw0;2614.500;2614.5000;740;1480.00;0.000000E+000;1.622924E-008;0.000000E+000;0.000000E+000;0.000000E+000;0.000000E+000;1.622924E-008
direct_peakw0;2614.500;2614.5000;741;1482.00;0.000000E+000;1.143450E-006;0.000000E+000;0.000000E+000;0.000000E+000;0.000000E+000;1.143450E-006
direct_peakw0;2614.500;2614.5000;742;1484.00;0.000000E+000;5.069879E-007;0.000000E+000;0.000000E+000;0.000000E+000;0.000000E+000;5.069879E-007
direct_peakw0;2614.500;2614.5000;743;1486.00;0.000000E+000;9.858778E-007;0.000000E+000;0.000000E+000;0.000000E+000;0.000000E+000;9.858778E-007
direct_peakw0;2614.500;2614.5000;744;1488.00;0.000000E+000;3.120815E-007;0.000000E+000;0.000000E+000;0.000000E+000;0.000000E+000;3.120815E-007
direct_peakw0;2614.500;2614.5000;745;1490.00;0.000000E+000;1.571581E-006;0.000000E+000;0.000000E+000;0.000000E+000;0.000000E+000;1.571581E-006
direct_peakw0;2614.500;2614.5000;746;1492.00;0.000000E+000;1.463793E-006;0.000000E+000;0.000000E+000;0.000000E+000;0.000000E+000;1.463793E-006
direct_peakw0;2614.500;2614.5000;747;1494.00;0.000000E+000;9.047462E-007;0.000000E+000;0.000000E+000;0.000000E+000;0.000000E+000;9.047462E-007
direct_peakw0;2614.500;2614.5000;748;1496.00;0.000000E+000;7.619205E-007;0.000000E+000;0.000000E+000;0.000000E+000;0.000000E+000;7.619205E-007
direct_peakw0;2614.500;2614.5000;749;1498.00;0.000000E+000;1.237040E-007;0.000000E+000;0.000000E+000;0.000000E+000;0.000000E+000;1.237040E-007
direct_peakw0;2614.500;2614.5000;750;1500.00;0.000000E+000;2.542963E-006;0.000000E+000;0.000000E+000;0.000000E+000;0.000000E+000;2.542963E-006
direct_peakw0;2614.500;2614.5000;751;1502.00;0.000000E+000;0.000000E+000;0.000000E+000;0.000000E+000;0.000000E+000;0.000000E+000;0.000000E+000
direct_peakw0;2614.500;2614.5000;752;1504.00;0.000000E+000;1.423818E-007;0.000000E+000;0.000000E+000;0.000000E+000;0.000000E+000;1.423818E-007
direct_peakw0;2614.500;2614.5000;753;1506.00;0.000000E+000;2.064051E-006;3.254253E-007;0.000000E+000;0.000000E+000;0.000000E+000;2.389476E-006
direct_peakw0;2614.500;2614.5000;754;1508.00;0.000000E+000;7.935670E-007;7.908004E-009;0.000000E+000;0.000000E+000;0.000000E+000;8.014750E-007
direct_peakw0;2614.500;2614.5000;755;1510.00;0.000000E+000;0.000000E+000;0.000000E+000;0.000000E+000;0.000000E+000;0.000000E+000;0.000000E+000
direct_peakw0;2614.500;2614.5000;756;1512.00;0.000000E+000;1.519292E-006;0.000000E+000;0.000000E+000;0.000000E+000;0.000000E+000;1.519292E-006
direct_peakw0;2614.500;2614.5000;757;1514.00;0.000000E+000;1.233835E-006;0.000000E+000;0.000000E+000;0.000000E+000;0.000000E+000;1.233835E-006
direct_peakw0;2614.500;2614.5000;758;1516.00;0.000000E+000;1.602735E-006;0.000000E+000;0.000000E+000;0.000000E+000;0.000000E+000;1.602735E-006
direct_peakw0;2614.500;2614.5000;759;1518.00;0.000000E+000;2.342344E-006;0.000000E+000;0.000000E+000;0.000000E+000;0.000000E+000;2.342344E-006
direct_peakw0;2614.500;2614.5000;760;1520.00;0.000000E+000;9.684607E-007;0.000000E+000;0.000000E+000;0.000000E+000;0.000000E+000;9.684607E-007
direct_peakw0;2614.500;2614.5000;761;1522.00;0.000000E+000;4.761727E-007;0.000000E+000;0.000000E+000;0.000000E+000;0.000000E+000;4.761727E-007
direct_peakw0;2614.500;2614.5000;762;1524.00;0.000000E+000;7.793330E-007;0.000000E+000;0.000000E+000;0.000000E+000;0.000000E+000;7.793330E-007
direct_peakw0;2614.500;2614.5000;763;1526.00;0.000000E+000;7.444943E-007;0.000000E+000;0.000000E+000;0.000000E+000;0.000000E+000;7.444943E-007
direct_peakw0;2614.500;2614.5000;764;1528.00;0.000000E+000;1.322526E-007;0.000000E+000;0.000000E+000;0.000000E+000;0.000000E+000;1.322526E-007
direct_peakw0;2614.500;2614.5000;765;1530.00;0.000000E+000;5.131567E-007;0.000000E+000;0.000000E+000;1.884049E-007;0.000000E+000;7.015616E-007
direct_peakw0;2614.500;2614.5000;766;1532.00;0.000000E+000;8.122823E-007;0.000000E+000;0.000000E+000;1.449285E-007;0.000000E+000;9.572108E-007
direct_peakw0;2614.500;2614.5000;767;1534.00;0.000000E+000;8.756417E-007;0.000000E+000;0.000000E+000;0.000000E+000;0.000000E+000;8.756417E-007
direct_peakw0;2614.500;2614.5000;768;1536.00;0.000000E+000;1.336334E-006;0.000000E+000;0.000000E+000;0.000000E+000;0.000000E+000;1.336334E-006
direct_peakw0;2614.500;2614.5000;769;1538.00;0.000000E+000;6.614796E-007;0.000000E+000;0.000000E+000;0.000000E+000;0.000000E+000;6.614796E-007
direct_peakw0;2614.500;2614.5000;770;1540.00;0.000000E+000;5.951226E-007;0.000000E+000;0.000000E+000;0.000000E+000;0.000000E+000;5.951226E-007
direct_peakw0;2614.500;2614.5000;771;1542.00;0.000000E+000;1.014938E-006;0.000000E+000;0.000000E+000;0.000000E+000;0.000000E+000;1.014938E-006
direct_peakw0;2614.500;2614.5000;772;1544.00;0.000000E+000;5.879268E-008;0.000000E+000;0.000000E+000;0.000000E+000;0.000000E+000;5.879268E-008
direct_peakw0;2614.500;2614.5000;773;1546.00;0.000000E+000;3.060639E-007;0.000000E+000;0.000000E+000;0.000000E+000;0.000000E+000;3.060639E-007
direct_peakw0;2614.500;2614.5000;774;1548.00;0.000000E+000;2.958326E-006;0.000000E+000;0.000000E+000;0.000000E+000;0.000000E+000;2.958326E-006
direct_peakw0;2614.500;2614.5000;775;1550.00;0.000000E+000;4.022771E-007;0.000000E+000;0.000000E+000;0.000000E+000;0.000000E+000;4.022771E-007
direct_peakw0;2614.500;2614.5000;776;1552.00;0.000000E+000;2.737658E-007;0.000000E+000;0.000000E+000;0.000000E+000;0.000000E+000;2.737658E-007
direct_peakw0;2614.500;2614.5000;777;1554.00;0.000000E+000;1.150928E-007;0.000000E+000;0.000000E+000;0.000000E+000;0.000000E+000;1.150928E-007
direct_peakw0;2614.500;2614.5000;778;1556.00;0.000000E+000;5.113366E-007;0.000000E+000;0.000000E+000;0.000000E+000;0.000000E+000;5.113366E-007
direct_peakw0;2614.500;2614.5000;779;1558.00;0.000000E+000;1.154942E-006;0.000000E+000;0.000000E+000;0.000000E+000;0.000000E+000;1.154942E-006
direct_peakw0;2614.500;2614.5000;780;1560.00;0.000000E+000;2.291917E-006;0.000000E+000;0.000000E+000;0.000000E+000;0.000000E+000;2.291917E-006
direct_peakw0;2614.500;2614.5000;781;1562.00;0.000000E+000;1.986279E-006;0.000000E+000;0.000000E+000;0.000000E+000;0.000000E+000;1.986279E-006
direct_peakw0;2614.500;2614.5000;782;1564.00;0.000000E+000;2.748562E-007;0.000000E+000;0.000000E+000;0.000000E+000;0.000000E+000;2.748562E-007
direct_peakw0;2614.500;2614.5000;783;1566.00;0.000000E+000;1.566380E-006;0.000000E+000;0.000000E+000;0.000000E+000;0.000000E+000;1.566380E-006
direct_peakw0;2614.500;2614.5000;784;1568.00;0.000000E+000;1.702955E-006;0.000000E+000;0.000000E+000;0.000000E+000;0.000000E+000;1.702955E-006
direct_peakw0;2614.500;2614.5000;785;1570.00;0.000000E+000;1.513710E-006;0.000000E+000;0.000000E+000;0.000000E+000;0.000000E+000;1.513710E-006
direct_peakw0;2614.500;2614.5000;786;1572.00;0.000000E+000;1.240402E-006;0.000000E+000;0.000000E+000;0.000000E+000;0.000000E+000;1.240402E-006
direct_peakw0;2614.500;2614.5000;787;1574.00;0.000000E+000;1.701697E-006;0.000000E+000;0.000000E+000;0.000000E+000;0.000000E+000;1.701697E-006
direct_peakw0;2614.500;2614.5000;788;1576.00;0.000000E+000;0.000000E+000;0.000000E+000;0.000000E+000;0.000000E+000;0.000000E+000;0.000000E+000
direct_peakw0;2614.500;2614.5000;789;1578.00;0.000000E+000;3.477894E-007;0.000000E+000;0.000000E+000;0.000000E+000;0.000000E+000;3.477894E-007
direct_peakw0;2614.500;2614.5000;790;1580.00;0.000000E+000;6.522106E-007;0.000000E+000;0.000000E+000;0.000000E+000;0.000000E+000;6.522106E-007
direct_peakw0;2614.500;2614.5000;791;1582.00;0.000000E+000;4.566322E-007;0.000000E+000;0.000000E+000;0.000000E+000;0.000000E+000;4.566322E-007
direct_peakw0;2614.500;2614.5000;792;1584.00;0.000000E+000;1.543368E-006;0.000000E+000;0.000000E+000;0.000000E+000;0.000000E+000;1.543368E-006
direct_peakw0;2614.500;2614.5000;793;1586.00;0.000000E+000;0.000000E+000;0.000000E+000;0.000000E+000;0.000000E+000;0.000000E+000;0.000000E+000
direct_peakw0;2614.500;2614.5000;794;1588.00;0.000000E+000;3.841703E-007;0.000000E+000;0.000000E+000;1.336790E-005;0.000000E+000;1.375207E-005
direct_peakw0;2614.500;2614.5000;795;1590.00;0.000000E+000;1.282496E-006;0.000000E+000;0.000000E+000;3.596544E-005;0.000000E+000;3.724793E-005
direct_peakw0;2614.500;2614.5000;796;1592.00;0.000000E+000;1.570099E-006;0.000000E+000;0.000000E+000;0.000000E+000;0.000000E+000;1.570099E-006
direct_peakw0;2614.500;2614.5000;797;1594.00;0.000000E+000;7.632339E-007;0.000000E+000;0.000000E+000;0.000000E+000;0.000000E+000;7.632339E-007
direct_peakw0;2614.500;2614.5000;798;1596.00;0.000000E+000;1.828108E-006;0.000000E+000;0.000000E+000;1.139913E-006;0.000000E+000;2.968020E-006
direct_peakw0;2614.500;2614.5000;799;1598.00;0.000000E+000;1.916824E-006;0.000000E+000;0.000000E+000;5.267539E-007;0.000000E+000;2.443577E-006
direct_peakw0;2614.500;2614.5000;800;1600.00;0.000000E+000;2.550689E-007;0.000000E+000;0.000000E+000;0.000000E+000;0.000000E+000;2.550689E-007
direct_peakw0;2614.500;2614.5000;801;1602.00;0.000000E+000;0.000000E+000;0.000000E+000;0.000000E+000;1.517369E-007;0.000000E+000;1.517369E-007
direct_peakw0;2614.500;2614.5000;802;1604.00;0.000000E+000;7.826096E-007;0.000000E+000;0.000000E+000;2.075916E-007;0.000000E+000;9.902012E-007
direct_peakw0;2614.500;2614.5000;803;1606.00;0.000000E+000;1.654363E-006;0.000000E+000;0.000000E+000;1.008551E-006;0.000000E+000;2.662914E-006
direct_peakw0;2614.500;2614.5000;804;1608.00;0.000000E+000;1.353300E-006;0.000000E+000;0.000000E+000;2.987870E-007;0.000000E+000;1.652087E-006
direct_peakw0;2614.500;2614.5000;805;1610.00;0.000000E+000;2.085187E-006;0.000000E+000;0.000000E+000;0.000000E+000;0.000000E+000;2.085187E-006
direct_peakw0;2614.500;2614.5000;806;1612.00;0.000000E+000;4.578741E-007;0.000000E+000;0.000000E+000;1.752963E-007;0.000000E+000;6.331703E-007
direct_peakw0;2614.500;2614.5000;807;1614.00;0.000000E+000;4.908114E-007;0.000000E+000;0.000000E+000;1.580371E-007;0.000000E+000;6.488485E-007
direct_peakw0;2614.500;2614.5000;808;1616.00;0.000000E+000;1.758553E-007;0.000000E+000;0.000000E+000;0.000000E+000;0.000000E+000;1.758553E-007
direct_peakw0;2614.500;2614.5000;809;1618.00;0.000000E+000;0.000000E+000;0.000000E+000;0.000000E+000;0.000000E+000;0.000000E+000;0.000000E+000
direct_peakw0;2614.500;2614.5000;810;1620.00;0.000000E+000;1.196439E-006;0.000000E+000;0.000000E+000;2.264581E-007;0.000000E+000;1.422898E-006
direct_peakw0;2614.500;2614.5000;811;1622.00;0.000000E+000;2.803561E-006;0.000000E+000;0.000000E+000;7.735420E-007;0.000000E+000;3.577103E-006
direct_peakw0;2614.500;2614.5000;812;1624.00;0.000000E+000;4.978648E-007;0.000000E+000;0.000000E+000;1.244662E-007;0.000000E+000;6.223310E-007
direct_peakw0;2614.500;2614.5000;813;1626.00;0.000000E+000;1.500602E-006;0.000000E+000;0.000000E+000;3.418939E-007;0.000000E+000;1.842496E-006
direct_peakw0;2614.500;2614.5000;814;1628.00;0.000000E+000;1.001533E-006;0.000000E+000;0.000000E+000;2.003065E-007;0.000000E+000;1.201839E-006
direct_peakw0;2614.500;2614.5000;815;1630.00;0.000000E+000;1.769417E-006;0.000000E+000;0.000000E+000;8.847086E-007;0.000000E+000;2.654126E-006
direct_peakw0;2614.500;2614.5000;816;1632.00;0.000000E+000;2.003171E-006;0.000000E+000;0.000000E+000;4.486247E-007;0.000000E+000;2.451796E-006
direct_peakw0;2614.500;2614.5000;817;1634.00;0.000000E+000;1.220071E-006;0.000000E+000;0.000000E+000;2.481647E-007;0.000000E+000;1.468235E-006
direct_peakw0;2614.500;2614.5000;818;1636.00;0.000000E+000;1.451890E-006;1.852026E-007;0.000000E+000;8.516867E-008;0.000000E+000;1.722262E-006
direct_peakw0;2614.500;2614.5000;819;1638.00;0.000000E+000;1.575181E-006;1.481307E-007;0.000000E+000;1.143994E-007;0.000000E+000;1.837711E-006
direct_peakw0;2614.500;2614.5000;820;1640.00;0.000000E+000;1.680001E-006;0.000000E+000;0.000000E+000;2.189339E-007;0.000000E+000;1.898935E-006
direct_peakw0;2614.500;2614.5000;821;1642.00;0.000000E+000;7.108748E-007;0.000000E+000;0.000000E+000;0.000000E+000;0.000000E+000;7.108748E-007
direct_peakw0;2614.500;2614.5000;822;1644.00;0.000000E+000;7.104933E-007;0.000000E+000;0.000000E+000;1.210989E-007;0.000000E+000;8.315923E-007
direct_peakw0;2614.500;2614.5000;823;1646.00;0.000000E+000;1.189678E-006;0.000000E+000;0.000000E+000;1.482399E-006;0.000000E+000;2.672077E-006
direct_peakw0;2614.500;2614.5000;824;1648.00;0.000000E+000;6.892231E-007;0.000000E+000;0.000000E+000;7.298353E-007;0.000000E+000;1.419058E-006
direct_peakw0;2614.500;2614.5000;825;1650.00;0.000000E+000;1.566623E-006;0.000000E+000;0.000000E+000;1.958278E-007;0.000000E+000;1.762451E-006
direct_peakw0;2614.500;2614.5000;826;1652.00;0.000000E+000;1.913422E-006;0.000000E+000;0.000000E+000;5.528086E-007;0.000000E+000;2.466230E-006
direct_peakw0;2614.500;2614.5000;827;1654.00;0.000000E+000;1.515087E-006;0.000000E+000;0.000000E+000;9.131618E-007;0.000000E+000;2.428249E-006
direct_peakw0;2614.500;2614.5000;828;1656.00;0.000000E+000;5.455111E-007;0.000000E+000;0.000000E+000;2.751897E-007;0.000000E+000;8.207008E-007
direct_peakw0;2614.500;2614.5000;829;1658.00;0.000000E+000;3.299980E-007;0.000000E+000;0.000000E+000;6.301200E-008;0.000000E+000;3.930100E-007
direct_peakw0;2614.500;2614.5000;830;1660.00;0.000000E+000;8.811269E-007;0.000000E+000;0.000000E+000;8.510080E-008;0.000000E+000;9.662277E-007
direct_peakw0;2614.500;2614.5000;831;1662.00;0.000000E+000;2.482325E-007;0.000000E+000;0.000000E+000;2.482325E-007;0.000000E+000;4.964651E-007
direct_peakw0;2614.500;2614.5000;832;1664.00;0.000000E+000;0.000000E+000;0.000000E+000;0.000000E+000;0.000000E+000;0.000000E+000;0.000000E+000
direct_peakw0;2614.500;2614.5000;833;1666.00;0.000000E+000;2.046563E-006;0.000000E+000;0.000000E+000;0.000000E+000;0.000000E+000;2.046563E-006
direct_peakw0;2614.500;2614.5000;834;1668.00;0.000000E+000;1.201352E-006;2.906243E-007;0.000000E+000;2.906243E-007;0.000000E+000;1.782600E-006
direct_peakw0;2614.500;2614.5000;835;1670.00;0.000000E+000;1.515093E-006;4.270908E-008;0.000000E+000;4.669330E-007;0.000000E+000;2.024735E-006
direct_peakw0;2614.500;2614.5000;836;1672.00;0.000000E+000;1.558539E-006;0.000000E+000;0.000000E+000;5.757761E-007;0.000000E+000;2.134316E-006
direct_peakw0;2614.500;2614.5000;837;1674.00;0.000000E+000;8.300185E-007;0.000000E+000;0.000000E+000;7.578313E-008;0.000000E+000;9.058016E-007
direct_peakw0;2614.500;2614.5000;838;1676.00;0.000000E+000;5.151004E-007;0.000000E+000;0.000000E+000;2.575502E-007;0.000000E+000;7.726506E-007
direct_peakw0;2614.500;2614.5000;839;1678.00;0.000000E+000;2.989652E-007;0.000000E+000;0.000000E+000;2.223612E-007;0.000000E+000;5.213264E-007
direct_peakw0;2614.500;2614.5000;840;1680.00;0.000000E+000;1.781119E-006;0.000000E+000;0.000000E+000;9.843475E-007;0.000000E+000;2.765466E-006
direct_peakw0;2614.500;2614.5000;841;1682.00;0.000000E+000;2.532493E-007;0.000000E+000;0.000000E+000;1.266247E-007;0.000000E+000;3.798740E-007
direct_peakw0;2614.500;2614.5000;842;1684.00;0.000000E+000;6.570763E-007;0.000000E+000;0.000000E+000;7.650093E-008;0.000000E+000;7.335773E-007
direct_peakw0;2614.500;2614.5000;843;1686.00;0.000000E+000;1.009590E-006;0.000000E+000;0.000000E+000;2.568324E-007;0.000000E+000;1.266423E-006
direct_peakw0;2614.500;2614.5000;844;1688.00;0.000000E+000;7.684142E-007;0.000000E+000;0.000000E+000;1.293972E-008;0.000000E+000;7.813539E-007
direct_peakw0;2614.500;2614.5000;845;1690.00;0.000000E+000;1.564919E-006;0.000000E+000;0.000000E+000;6.537269E-007;0.000000E+000;2.218646E-006
direct_peakw0;2614.500;2614.5000;846;1692.00;0.000000E+000;6.380909E-007;0.000000E+000;0.000000E+000;0.000000E+000;0.000000E+000;6.380909E-007
direct_peakw0;2614.500;2614.5000;847;1694.00;0.000000E+000;1.295997E-006;0.000000E+000;0.000000E+000;2.674213E-007;0.000000E+000;1.563418E-006
direct_peakw0;2614.500;2614.5000;848;1696.00;0.000000E+000;4.693227E-007;0.000000E+000;0.000000E+000;2.676174E-007;0.000000E+000;7.369401E-007
direct_peakw0;2614.500;2614.5000;849;1698.00;0.000000E+000;2.632561E-007;0.000000E+000;0.000000E+000;1.316280E-007;0.000000E+000;3.948841E-007
direct_peakw0;2614.500;2614.5000;850;1700.00;0.000000E+000;1.892585E-007;0.000000E+000;0.000000E+000;2.809128E-008;0.000000E+000;2.173498E-007
direct_peakw0;2614.500;2614.5000;851;1702.00;0.000000E+000;1.959059E-006;0.000000E+000;0.000000E+000;3.052421E-007;0.000000E+000;2.264301E-006
direct_peakw0;2614.500;2614.5000;852;1704.00;0.000000E+000;5.183492E-007;0.000000E+000;0.000000E+000;0.000000E+000;0.000000E+000;5.183492E-007
direct_peakw0;2614.500;2614.5000;853;1706.00;0.000000E+000;1.225437E-006;0.000000E+000;0.000000E+000;2.733867E-007;0.000000E+000;1.498824E-006
direct_peakw0;2614.500;2614.5000;854;1708.00;0.000000E+000;9.600857E-007;0.000000E+000;0.000000E+000;5.994665E-008;0.000000E+000;1.020032E-006
direct_peakw0;2614.500;2614.5000;855;1710.00;0.000000E+000;1.814477E-006;0.000000E+000;0.000000E+000;0.000000E+000;0.000000E+000;1.814477E-006
direct_peakw0;2614.500;2614.5000;856;1712.00;0.000000E+000;0.000000E+000;0.000000E+000;0.000000E+000;0.000000E+000;0.000000E+000;0.000000E+000
direct_peakw0;2614.500;2614.5000;857;1714.00;0.000000E+000;7.013298E-007;0.000000E+000;0.000000E+000;8.456121E-008;0.000000E+000;7.858910E-007
direct_peakw0;2614.500;2614.5000;858;1716.00;0.000000E+000;2.298670E-006;0.000000E+000;0.000000E+000;2.487721E-007;0.000000E+000;2.547442E-006
direct_peakw0;2614.500;2614.5000;859;1718.00;0.000000E+000;9.357310E-007;0.000000E+000;0.000000E+000;3.742924E-007;0.000000E+000;1.310023E-006
direct_peakw0;2614.500;2614.5000;860;1720.00;0.000000E+000;7.309357E-007;0.000000E+000;0.000000E+000;2.923743E-007;0.000000E+000;1.023310E-006
direct_peakw0;2614.500;2614.5000;861;1722.00;0.000000E+000;1.849177E-006;0.000000E+000;0.000000E+000;7.942212E-008;0.000000E+000;1.928599E-006
direct_peakw0;2614.500;2614.5000;862;1724.00;0.000000E+000;2.460825E-006;0.000000E+000;0.000000E+000;5.112452E-007;0.000000E+000;2.972070E-006
direct_peakw0;2614.500;2614.5000;863;1726.00;0.000000E+000;1.023332E-006;0.000000E+000;0.000000E+000;4.093327E-007;0.000000E+000;1.432664E-006
direct_peakw0;2614.500;2614.5000;864;1728.00;0.000000E+000;6.428154E-007;0.000000E+000;0.000000E+000;1.839474E-007;0.000000E+000;8.267628E-007
direct_peakw0;2614.500;2614.5000;865;1730.00;0.000000E+000;2.153531E-006;0.000000E+000;0.000000E+000;4.827193E-007;0.000000E+000;2.636250E-006
direct_peakw0;2614.500;2614.5000;866;1732.00;0.000000E+000;2.349863E-006;0.000000E+000;0.000000E+000;8.596570E-007;0.000000E+000;3.209520E-006
direct_peakw0;2614.500;2614.5000;867;1734.00;0.000000E+000;1.871240E-007;0.000000E+000;0.000000E+000;1.403430E-007;0.000000E+000;3.274669E-007
direct_peakw0;2614.500;2614.5000;868;1736.00;0.000000E+000;1.215567E-006;0.000000E+000;0.000000E+000;1.151984E-007;0.000000E+000;1.330766E-006
direct_peakw0;2614.500;2614.5000;869;1738.00;0.000000E+000;2.451099E-006;0.000000E+000;0.000000E+000;2.181349E-007;0.000000E+000;2.669234E-006
direct_peakw0;2614.500;2614.5000;870;1740.00;0.000000E+000;0.000000E+000;0.000000E+000;0.000000E+000;0.000000E+000;0.000000E+000;0.000000E+000
direct_peakw0;2614.500;2614.5000;871;1742.00;0.000000E+000;5.062527E-007;0.000000E+000;0.000000E+000;9.035620E-008;0.000000E+000;5.966089E-007
direct_peakw0;2614.500;2614.5000;872;1744.00;0.000000E+000;1.113812E-006;0.000000E+000;0.000000E+000;7.277179E-007;0.000000E+000;1.841530E-006
direct_peakw0;2614.500;2614.5000;873;1746.00;0.000000E+000;1.713268E-006;0.000000E+000;0.000000E+000;1.819259E-007;0.000000E+000;1.895194E-006
direct_peakw0;2614.500;2614.5000;874;1748.00;0.000000E+000;4.729822E-007;0.000000E+000;0.000000E+000;4.729822E-007;0.000000E+000;9.459644E-007
direct_peakw0;2614.500;2614.5000;875;1750.00;0.000000E+000;1.448341E-006;0.000000E+000;0.000000E+000;7.573485E-007;0.000000E+000;2.205689E-006
direct_peakw0;2614.500;2614.5000;876;1752.00;0.000000E+000;4.120106E-007;0.000000E+000;0.000000E+000;3.828725E-007;0.000000E+000;7.948831E-007
direct_peakw0;2614.500;2614.5000;877;1754.00;0.000000E+000;5.276512E-007;0.000000E+000;0.000000E+000;1.589937E-007;0.000000E+000;6.866449E-007
direct_peakw0;2614.500;2614.5000;878;1756.00;0.000000E+000;1.139015E-006;0.000000E+000;0.000000E+000;2.278031E-007;0.000000E+000;1.366819E-006
direct_peakw0;2614.500;2614.5000;879;1758.00;0.000000E+000;4.247277E-007;0.000000E+000;0.000000E+000;0.000000E+000;0.000000E+000;4.247277E-007
direct_peakw0;2614.500;2614.5000;880;1760.00;0.000000E+000;1.639735E-006;0.000000E+000;0.000000E+000;1.759205E-007;0.000000E+000;1.815656E-006
direct_peakw0;2614.500;2614.5000;881;1762.00;0.000000E+000;9.355371E-007;0.000000E+000;0.000000E+000;1.574129E-007;0.000000E+000;1.092950E-006
direct_peakw0;2614.500;2614.5000;882;1764.00;0.000000E+000;1.807639E-006;0.000000E+000;0.000000E+000;0.000000E+000;0.000000E+000;1.807639E-006
direct_peakw0;2614.500;2614.5000;883;1766.00;0.000000E+000;8.212539E-007;0.000000E+000;0.000000E+000;0.000000E+000;0.000000E+000;8.212539E-007
direct_peakw0;2614.500;2614.5000;884;1768.00;0.000000E+000;1.538919E-006;0.000000E+000;0.000000E+000;6.712479E-008;0.000000E+000;1.606044E-006
direct_peakw0;2614.500;2614.5000;885;1770.00;0.000000E+000;1.498855E-006;0.000000E+000;0.000000E+000;5.995419E-007;0.000000E+000;2.098397E-006
direct_peakw0;2614.500;2614.5000;886;1772.00;0.000000E+000;1.077899E-006;0.000000E+000;0.000000E+000;0.000000E+000;0.000000E+000;1.077899E-006
direct_peakw0;2614.500;2614.5000;887;1774.00;0.000000E+000;1.850307E-006;0.000000E+000;0.000000E+000;1.261539E-006;0.000000E+000;3.111846E-006
direct_peakw0;2614.500;2614.5000;888;1776.00;0.000000E+000;9.814423E-007;0.000000E+000;0.000000E+000;4.540274E-007;0.000000E+000;1.435470E-006
direct_peakw0;2614.500;2614.5000;889;1778.00;0.000000E+000;1.757018E-006;0.000000E+000;0.000000E+000;6.177667E-007;0.000000E+000;2.374785E-006
direct_peakw0;2614.500;2614.5000;890;1780.00;0.000000E+000;0.000000E+000;0.000000E+000;0.000000E+000;0.000000E+000;0.000000E+000;0.000000E+000
direct_peakw0;2614.500;2614.5000;891;1782.00;0.000000E+000;3.323472E-007;0.000000E+000;0.000000E+000;0.000000E+000;0.000000E+000;3.323472E-007
direct_peakw0;2614.500;2614.5000;892;1784.00;0.000000E+000;1.607664E-006;0.000000E+000;0.000000E+000;9.550085E-007;0.000000E+000;2.562673E-006
direct_peakw0;2614.500;2614.5000;893;1786.00;0.000000E+000;2.492386E-006;1.051374E-007;0.000000E+000;9.785093E-007;0.000000E+000;3.576033E-006
direct_peakw0;2614.500;2614.5000;894;1788.00;0.000000E+000;3.567602E-006;2.281959E-007;0.000000E+000;3.998154E-007;0.000000E+000;4.195613E-006
direct_peakw0;2614.500;2614.5000;895;1790.00;0.000000E+000;0.000000E+000;0.000000E+000;0.000000E+000;0.000000E+000;0.000000E+000;0.000000E+000
direct_peakw0;2614.500;2614.5000;896;1792.00;0.000000E+000;1.506664E-006;1.188277E-007;0.000000E+000;1.050627E-006;0.000000E+000;2.676118E-006
direct_peakw0;2614.500;2614.5000;897;1794.00;0.000000E+000;1.826670E-006;2.145056E-007;0.000000E+000;1.282706E-006;0.000000E+000;3.323882E-006
direct_peakw0;2614.500;2614.5000;898;1796.00;0.000000E+000;9.585793E-007;0.000000E+000;0.000000E+000;6.390529E-007;0.000000E+000;1.597632E-006
direct_peakw0;2614.500;2614.5000;899;1798.00;0.000000E+000;4.142071E-008;0.000000E+000;0.000000E+000;2.761381E-008;0.000000E+000;6.903452E-008
direct_peakw0;2614.500;2614.5000;900;1800.00;0.000000E+000;0.000000E+000;0.000000E+000;0.000000E+000;0.000000E+000;0.000000E+000;0.000000E+000
direct_peakw0;2614.500;2614.5000;901;1802.00;0.000000E+000;1.159530E-006;0.000000E+000;0.000000E+000;1.101560E-006;0.000000E+000;2.261091E-006
direct_peakw0;2614.500;2614.5000;902;1804.00;0.000000E+000;2.165422E-006;0.000000E+000;0.000000E+000;5.651062E-007;0.000000E+000;2.730528E-006
direct_peakw0;2614.500;2614.5000;903;1806.00;0.000000E+000;6.750481E-007;0.000000E+000;0.000000E+000;0.000000E+000;0.000000E+000;6.750481E-007
direct_peakw0;2614.500;2614.5000;904;1808.00;0.000000E+000;1.252100E-006;0.000000E+000;0.000000E+000;3.964536E-008;0.000000E+000;1.291745E-006
direct_peakw0;2614.500;2614.5000;905;1810.00;0.000000E+000;1.743031E-006;0.000000E+000;0.000000E+000;9.603547E-007;0.000000E+000;2.703386E-006
direct_peakw0;2614.500;2614.5000;906;1812.00;0.000000E+000;1.090151E-006;0.000000E+000;0.000000E+000;0.000000E+000;0.000000E+000;1.090151E-006
direct_peakw0;2614.500;2614.5000;907;1814.00;0.000000E+000;1.667074E-006;0.000000E+000;0.000000E+000;0.000000E+000;0.000000E+000;1.667074E-006
direct_peakw0;2614.500;2614.5000;908;1816.00;0.000000E+000;5.809781E-007;0.000000E+000;0.000000E+000;0.000000E+000;0.000000E+000;5.809781E-007
direct_peakw0;2614.500;2614.5000;909;1818.00;0.000000E+000;0.000000E+000;0.000000E+000;0.000000E+000;0.000000E+000;0.000000E+000;0.000000E+000
direct_peakw0;2614.500;2614.5000;910;1820.00;0.000000E+000;1.201728E-006;0.000000E+000;0.000000E+000;7.353023E-007;0.000000E+000;1.937030E-006
direct_peakw0;2614.500;2614.5000;911;1822.00;0.000000E+000;5.678787E-007;0.000000E+000;0.000000E+000;2.646977E-007;0.000000E+000;8.325764E-007
direct_peakw0;2614.500;2614.5000;912;1824.00;0.000000E+000;2.032901E-006;0.000000E+000;0.000000E+000;5.154437E-007;0.000000E+000;2.548344E-006
direct_peakw0;2614.500;2614.5000;913;1826.00;0.000000E+000;1.539082E-006;0.000000E+000;0.000000E+000;3.761969E-007;0.000000E+000;1.915279E-006
direct_peakw0;2614.500;2614.5000;914;1828.00;0.000000E+000;4.638782E-007;0.000000E+000;0.000000E+000;1.083593E-007;0.000000E+000;5.722375E-007
direct_peakw0;2614.500;2614.5000;915;1830.00;0.000000E+000;1.831886E-006;0.000000E+000;0.000000E+000;2.339075E-007;0.000000E+000;2.065793E-006
direct_peakw0;2614.500;2614.5000;916;1832.00;0.000000E+000;1.933189E-006;0.000000E+000;0.000000E+000;9.942585E-008;0.000000E+000;2.032615E-006
direct_peakw0;2614.500;2614.5000;917;1834.00;0.000000E+000;4.294582E-007;0.000000E+000;0.000000E+000;0.000000E+000;0.000000E+000;4.294582E-007
direct_peakw0;2614.500;2614.5000;918;1836.00;0.000000E+000;0.000000E+000;0.000000E+000;0.000000E+000;0.000000E+000;0.000000E+000;0.000000E+000
direct_peakw0;2614.500;2614.5000;919;1838.00;0.000000E+000;1.711563E-006;0.000000E+000;0.000000E+000;3.850915E-007;0.000000E+000;2.096654E-006
direct_peakw0;2614.500;2614.5000;920;1840.00;0.000000E+000;2.014036E-006;0.000000E+000;0.000000E+000;7.556582E-007;0.000000E+000;2.769694E-006
direct_peakw0;2614.500;2614.5000;921;1842.00;0.000000E+000;1.274401E-006;0.000000E+000;0.000000E+000;5.259170E-007;0.000000E+000;1.800319E-006
direct_peakw0;2614.500;2614.5000;922;1844.00;0.000000E+000;1.268787E-007;0.000000E+000;0.000000E+000;8.458577E-008;0.000000E+000;2.114644E-007
direct_peakw0;2614.500;2614.5000;923;1846.00;0.000000E+000;1.301567E-006;0.000000E+000;0.000000E+000;5.820809E-007;0.000000E+000;1.883648E-006
direct_peakw0;2614.500;2614.5000;924;1848.00;0.000000E+000;2.051818E-006;5.187757E-007;0.000000E+000;0.000000E+000;0.000000E+000;2.570594E-006
direct_peakw0;2614.500;2614.5000;925;1850.00;0.000000E+000;8.530691E-007;4.812243E-007;0.000000E+000;0.000000E+000;0.000000E+000;1.334293E-006
direct_peakw0;2614.500;2614.5000;926;1852.00;0.000000E+000;2.241783E-007;7.472610E-008;0.000000E+000;0.000000E+000;0.000000E+000;2.989044E-007
direct_peakw0;2614.500;2614.5000;927;1854.00;0.000000E+000;2.471324E-006;2.586072E-007;0.000000E+000;0.000000E+000;0.000000E+000;2.729931E-006
direct_peakw0;2614.500;2614.5000;928;1856.00;0.000000E+000;1.304497E-006;0.000000E+000;0.000000E+000;0.000000E+000;0.000000E+000;1.304497E-006
direct_peakw0;2614.500;2614.5000;929;1858.00;0.000000E+000;5.631427E-007;9.385713E-008;0.000000E+000;9.385713E-008;0.000000E+000;7.508570E-007
direct_peakw0;2614.500;2614.5000;930;1860.00;0.000000E+000;1.436857E-006;2.394762E-007;0.000000E+000;2.394762E-007;0.000000E+000;1.915810E-006
direct_peakw0;2614.500;2614.5000;931;1862.00;0.000000E+000;0.000000E+000;0.000000E+000;0.000000E+000;0.000000E+000;0.000000E+000;0.000000E+000
direct_peakw0;2614.500;2614.5000;932;1864.00;0.000000E+000;8.858831E-007;0.000000E+000;0.000000E+000;1.133117E-007;0.000000E+000;9.991949E-007
direct_peakw0;2614.500;2614.5000;933;1866.00;0.000000E+000;2.467476E-006;0.000000E+000;0.000000E+000;2.200216E-007;0.000000E+000;2.687498E-006
direct_peakw0;2614.500;2614.5000;934;1868.00;0.000000E+000;3.446833E-006;9.103132E-007;0.000000E+000;1.163434E-007;0.000000E+000;4.473490E-006
direct_peakw0;2614.500;2614.5000;935;1870.00;0.000000E+000;1.027902E-006;9.542579E-007;0.000000E+000;3.159421E-007;0.000000E+000;2.298102E-006
direct_peakw0;2614.500;2614.5000;936;1872.00;0.000000E+000;1.923049E-006;5.712487E-007;0.000000E+000;2.343811E-007;0.000000E+000;2.728679E-006
direct_peakw0;2614.500;2614.5000;937;1874.00;0.000000E+000;1.915523E-006;2.308470E-007;0.000000E+000;0.000000E+000;0.000000E+000;2.146370E-006
direct_peakw0;2614.500;2614.5000;938;1876.00;0.000000E+000;4.179339E-007;0.000000E+000;0.000000E+000;1.393113E-007;0.000000E+000;5.572452E-007
direct_peakw0;2614.500;2614.5000;939;1878.00;0.000000E+000;5.820660E-007;0.000000E+000;0.000000E+000;1.940220E-007;0.000000E+000;7.760881E-007
direct_peakw0;2614.500;2614.5000;940;1880.00;0.000000E+000;0.000000E+000;0.000000E+000;0.000000E+000;0.000000E+000;0.000000E+000;0.000000E+000
direct_peakw0;2614.500;2614.5000;941;1882.00;0.000000E+000;2.027102E-006;0.000000E+000;0.000000E+000;0.000000E+000;0.000000E+000;2.027102E-006
direct_peakw0;2614.500;2614.5000;942;1884.00;0.000000E+000;1.968893E-006;4.249936E-007;0.000000E+000;0.000000E+000;0.000000E+000;2.393887E-006
direct_peakw0;2614.500;2614.5000;943;1886.00;0.000000E+000;1.337338E-006;2.416731E-007;0.000000E+000;0.000000E+000;0.000000E+000;1.579011E-006
direct_peakw0;2614.500;2614.5000;944;1888.00;0.000000E+000;0.000000E+000;0.000000E+000;0.000000E+000;0.000000E+000;0.000000E+000;0.000000E+000
direct_peakw0;2614.500;2614.5000;945;1890.00;0.000000E+000;2.515172E-006;3.926258E-007;0.000000E+000;0.000000E+000;0.000000E+000;2.907798E-006
direct_peakw0;2614.500;2614.5000;946;1892.00;0.000000E+000;1.993739E-006;6.133145E-007;0.000000E+000;0.000000E+000;0.000000E+000;2.607053E-006
direct_peakw0;2614.500;2614.5000;947;1894.00;0.000000E+000;1.191594E-006;5.025192E-007;0.000000E+000;0.000000E+000;0.000000E+000;1.694114E-006
direct_peakw0;2614.500;2614.5000;948;1896.00;0.000000E+000;6.328286E-007;1.582071E-007;0.000000E+000;0.000000E+000;0.000000E+000;7.910357E-007
direct_peakw0;2614.500;2614.5000;949;1898.00;0.000000E+000;1.441458E-007;0.000000E+000;0.000000E+000;0.000000E+000;0.000000E+000;1.441458E-007
direct_peakw0;2614.500;2614.5000;950;1900.00;0.000000E+000;8.558542E-007;0.000000E+000;0.000000E+000;0.000000E+000;0.000000E+000;8.558542E-007
direct_peakw0;2614.500;2614.5000;951;1902.00;0.000000E+000;4.084016E-006;3.266303E-007;0.000000E+000;3.266303E-007;0.000000E+000;4.737277E-006
direct_peakw0;2614.500;2614.5000;952;1904.00;0.000000E+000;9.159841E-007;6.703016E-009;0.000000E+000;6.703016E-009;0.000000E+000;9.293901E-007
direct_peakw0;2614.500;2614.5000;953;1906.00;0.000000E+000;1.178953E-006;5.894765E-007;0.000000E+000;0.000000E+000;0.000000E+000;1.768429E-006
direct_peakw0;2614.500;2614.5000;954;1908.00;0.000000E+000;1.318822E-006;2.342091E-007;0.000000E+000;1.111643E-007;0.000000E+000;1.664196E-006
direct_peakw0;2614.500;2614.5000;955;1910.00;0.000000E+000;1.502225E-006;1.763144E-007;0.000000E+000;2.221690E-007;0.000000E+000;1.900708E-006
direct_peakw0;2614.500;2614.5000;956;1912.00;0.000000E+000;1.425362E-006;5.385814E-007;0.000000E+000;0.000000E+000;0.000000E+000;1.963944E-006
direct_peakw0;2614.500;2614.5000;957;1914.00;0.000000E+000;1.574638E-006;1.280852E-007;0.000000E+000;0.000000E+000;0.000000E+000;1.702723E-006
direct_peakw0;2614.500;2614.5000;958;1916.00;0.000000E+000;1.720802E-007;0.000000E+000;0.000000E+000;1.720802E-007;0.000000E+000;3.441604E-007
direct_peakw0;2614.500;2614.5000;959;1918.00;0.000000E+000;1.612531E-007;0.000000E+000;0.000000E+000;1.612531E-007;0.000000E+000;3.225063E-007
direct_peakw0;2614.500;2614.5000;960;1920.00;0.000000E+000;1.617196E-006;1.477584E-007;0.000000E+000;0.000000E+000;0.000000E+000;1.764954E-006
direct_peakw0;2614.500;2614.5000;961;1922.00;0.000000E+000;1.488512E-006;2.384288E-007;0.000000E+000;0.000000E+000;0.000000E+000;1.726941E-006
direct_peakw0;2614.500;2614.5000;962;1924.00;0.000000E+000;1.387135E-006;5.558713E-007;0.000000E+000;0.000000E+000;0.000000E+000;1.943006E-006
direct_peakw0;2614.500;2614.5000;963;1926.00;0.000000E+000;1.489246E-006;3.912748E-007;0.000000E+000;0.000000E+000;0.000000E+000;1.880521E-006
direct_peakw0;2614.500;2614.5000;964;1928.00;0.000000E+000;2.617219E-006;0.000000E+000;0.000000E+000;2.397664E-007;0.000000E+000;2.856985E-006
direct_peakw0;2614.500;2614.5000;965;1930.00;0.000000E+000;1.837421E-006;0.000000E+000;0.000000E+000;9.356698E-008;0.000000E+000;1.930988E-006
direct_peakw0;2614.500;2614.5000;966;1932.00;0.000000E+000;5.632726E-007;0.000000E+000;0.000000E+000;0.000000E+000;0.000000E+000;5.632726E-007
direct_peakw0;2614.500;2614.5000;967;1934.00;0.000000E+000;1.420609E-006;0.000000E+000;0.000000E+000;0.000000E+000;0.000000E+000;1.420609E-006
direct_peakw0;2614.500;2614.5000;968;1936.00;0.000000E+000;9.127240E-007;0.000000E+000;0.000000E+000;0.000000E+000;0.000000E+000;9.127240E-007
direct_peakw0;2614.500;2614.5000;969;1938.00;0.000000E+000;0.000000E+000;0.000000E+000;0.000000E+000;0.000000E+000;0.000000E+000;0.000000E+000
direct_peakw0;2614.500;2614.5000;970;1940.00;0.000000E+000;6.269354E-007;1.533756E-007;0.000000E+000;1.600921E-007;0.000000E+000;9.404031E-007
direct_peakw0;2614.500;2614.5000;971;1942.00;0.000000E+000;7.063979E-007;1.799578E-007;0.000000E+000;1.732412E-007;0.000000E+000;1.059597E-006
direct_peakw0;2614.500;2614.5000;972;1944.00;0.000000E+000;1.291439E-006;1.063660E-007;0.000000E+000;0.000000E+000;0.000000E+000;1.397805E-006
direct_peakw0;2614.500;2614.5000;973;1946.00;0.000000E+000;3.010801E-006;3.854780E-007;0.000000E+000;0.000000E+000;0.000000E+000;3.396279E-006
direct_peakw0;2614.500;2614.5000;974;1948.00;0.000000E+000;1.570621E-006;1.748227E-007;0.000000E+000;0.000000E+000;0.000000E+000;1.745444E-006
direct_peakw0;2614.500;2614.5000;975;1950.00;0.000000E+000;1.271391E-007;0.000000E+000;0.000000E+000;0.000000E+000;0.000000E+000;1.271391E-007
direct_peakw0;2614.500;2614.5000;976;1952.00;0.000000E+000;2.627952E-006;0.000000E+000;0.000000E+000;0.000000E+000;0.000000E+000;2.627952E-006
direct_peakw0;2614.500;2614.5000;977;1954.00;0.000000E+000;1.705382E-006;0.000000E+000;0.000000E+000;0.000000E+000;0.000000E+000;1.705382E-006
direct_peakw0;2614.500;2614.5000;978;1956.00;0.000000E+000;8.000522E-007;0.000000E+000;0.000000E+000;0.000000E+000;0.000000E+000;8.000522E-007
direct_peakw0;2614.500;2614.5000;979;1958.00;0.000000E+000;1.783391E-006;0.000000E+000;0.000000E+000;8.334905E-008;0.000000E+000;1.866740E-006
direct_peakw0;2614.500;2614.5000;980;1960.00;0.000000E+000;2.740863E-006;0.000000E+000;0.000000E+000;2.499843E-007;0.000000E+000;2.990848E-006
direct_peakw0;2614.500;2614.5000;981;1962.00;0.000000E+000;2.009027E-006;0.000000E+000;0.000000E+000;0.000000E+000;0.000000E+000;2.009027E-006
direct_peakw0;2614.500;2614.5000;982;1964.00;0.000000E+000;0.000000E+000;0.000000E+000;0.000000E+000;0.000000E+000;0.000000E+000;0.000000E+000
direct_peakw0;2614.500;2614.5000;983;1966.00;0.000000E+000;6.575140E-007;0.000000E+000;0.000000E+000;3.287570E-007;0.000000E+000;9.862709E-007
direct_peakw0;2614.500;2614.5000;984;1968.00;0.000000E+000;2.067739E-006;0.000000E+000;0.000000E+000;4.576342E-009;0.000000E+000;2.072315E-006
direct_peakw0;2614.500;2614.5000;985;1970.00;0.000000E+000;1.679430E-006;0.000000E+000;0.000000E+000;0.000000E+000;0.000000E+000;1.679430E-006
direct_peakw0;2614.500;2614.5000;986;1972.00;0.000000E+000;2.816702E-006;0.000000E+000;0.000000E+000;0.000000E+000;0.000000E+000;2.816702E-006
direct_peakw0;2614.500;2614.5000;987;1974.00;0.000000E+000;1.111949E-006;0.000000E+000;0.000000E+000;0.000000E+000;0.000000E+000;1.111949E-006
direct_peakw0;2614.500;2614.5000;988;1976.00;0.000000E+000;3.233700E-006;9.848548E-008;0.000000E+000;0.000000E+000;0.000000E+000;3.332186E-006
direct_peakw0;2614.500;2614.5000;989;1978.00;0.000000E+000;2.099633E-006;2.348479E-007;0.000000E+000;0.000000E+000;0.000000E+000;2.334481E-006
direct_peakw0;2614.500;2614.5000;990;1980.00;0.000000E+000;4.968835E-008;0.000000E+000;0.000000E+000;0.000000E+000;0.000000E+000;4.968835E-008
direct_peakw0;2614.500;2614.5000;991;1982.00;0.000000E+000;2.283645E-006;0.000000E+000;0.000000E+000;0.000000E+000;0.000000E+000;2.283645E-006
direct_peakw0;2614.500;2614.5000;992;1984.00;0.000000E+000;4.402215E-007;0.000000E+000;0.000000E+000;0.000000E+000;0.000000E+000;4.402215E-007
direct_peakw0;2614.500;2614.5000;993;1986.00;0.000000E+000;5.597785E-007;0.000000E+000;0.000000E+000;0.000000E+000;0.000000E+000;5.597785E-007
direct_peakw0;2614.500;2614.5000;994;1988.00;0.000000E+000;2.586800E-006;2.090347E-007;0.000000E+000;0.000000E+000;0.000000E+000;2.795835E-006
direct_peakw0;2614.500;2614.5000;995;1990.00;0.000000E+000;3.298885E-006;1.242987E-007;0.000000E+000;0.000000E+000;0.000000E+000;3.423184E-006
direct_peakw0;2614.500;2614.5000;996;1992.00;0.000000E+000;1.026300E-006;0.000000E+000;0.000000E+000;0.000000E+000;0.000000E+000;1.026300E-006
direct_peakw0;2614.500;2614.5000;997;1994.00;0.000000E+000;7.546810E-007;0.000000E+000;0.000000E+000;0.000000E+000;0.000000E+000;7.546810E-007
direct_peakw0;2614.500;2614.5000;998;1996.00;0.000000E+000;0.000000E+000;0.000000E+000;0.000000E+000;0.000000E+000;0.000000E+000;0.000000E+000
direct_peakw0;2614.500;2614.5000;999;1998.00;0.000000E+000;1.745033E-006;0.000000E+000;0.000000E+000;0.000000E+000;0.000000E+000;1.745033E-006
direct_peakw0;2614.500;2614.5000;1000;2000.00;0.000000E+000;4.236700E-006;0.000000E+000;0.000000E+000;0.000000E+000;0.000000E+000;4.236700E-006
direct_peakw0;2614.500;2614.5000;1001;2002.00;0.000000E+000;3.516004E-007;0.000000E+000;0.000000E+000;0.000000E+000;0.000000E+000;3.516004E-007
direct_peakw0;2614.500;2614.5000;1002;2004.00;0.000000E+000;4.031330E-007;0.000000E+000;0.000000E+000;0.000000E+000;0.000000E+000;4.031330E-007
direct_peakw0;2614.500;2614.5000;1003;2006.00;0.000000E+000;3.580440E-006;3.312799E-007;0.000000E+000;0.000000E+000;0.000000E+000;3.911720E-006
direct_peakw0;2614.500;2614.5000;1004;2008.00;0.000000E+000;6.559474E-007;2.053387E-009;0.000000E+000;0.000000E+000;0.000000E+000;6.580007E-007
direct_peakw0;2614.500;2614.5000;1005;2010.00;0.000000E+000;1.551039E-006;0.000000E+000;0.000000E+000;0.000000E+000;0.000000E+000;1.551039E-006
direct_peakw0;2614.500;2614.5000;1006;2012.00;0.000000E+000;1.134967E-006;0.000000E+000;0.000000E+000;0.000000E+000;0.000000E+000;1.134967E-006
direct_peakw0;2614.500;2614.5000;1007;2014.00;0.000000E+000;3.193692E-006;0.000000E+000;0.000000E+000;2.646503E-007;0.000000E+000;3.458343E-006
direct_peakw0;2614.500;2614.5000;1008;2016.00;0.000000E+000;4.807810E-007;0.000000E+000;0.000000E+000;6.868299E-008;0.000000E+000;5.494639E-007
direct_peakw0;2614.500;2614.5000;1009;2018.00;0.000000E+000;7.142983E-007;0.000000E+000;0.000000E+000;0.000000E+000;0.000000E+000;7.142983E-007
direct_peakw0;2614.500;2614.5000;1010;2020.00;0.000000E+000;9.555438E-007;0.000000E+000;0.000000E+000;0.000000E+000;0.000000E+000;9.555438E-007
direct_peakw0;2614.500;2614.5000;1011;2022.00;0.000000E+000;2.674051E-006;0.000000E+000;0.000000E+000;0.000000E+000;0.000000E+000;2.674051E-006
direct_peakw0;2614.500;2614.5000;1012;2024.00;0.000000E+000;1.245295E-006;0.000000E+000;0.000000E+000;0.000000E+000;0.000000E+000;1.245295E-006
direct_peakw0;2614.500;2614.5000;1013;2026.00;0.000000E+000;1.351970E-007;0.000000E+000;0.000000E+000;1.923964E-008;0.000000E+000;1.544366E-007
direct_peakw0;2614.500;2614.5000;1014;2028.00;0.000000E+000;2.282995E-006;0.000000E+000;0.000000E+000;3.140937E-007;0.000000E+000;2.597089E-006
direct_peakw0;2614.500;2614.5000;1015;2030.00;0.000000E+000;6.038539E-007;0.000000E+000;0.000000E+000;0.000000E+000;0.000000E+000;6.038539E-007
direct_peakw0;2614.500;2614.5000;1016;2032.00;0.000000E+000;3.887655E-007;0.000000E+000;0.000000E+000;0.000000E+000;0.000000E+000;3.887655E-007
direct_peakw0;2614.500;2614.5000;1017;2034.00;0.000000E+000;2.764664E-006;0.000000E+000;0.000000E+000;0.000000E+000;0.000000E+000;2.764664E-006
direct_peakw0;2614.500;2614.5000;1018;2036.00;0.000000E+000;9.020025E-007;0.000000E+000;0.000000E+000;0.000000E+000;0.000000E+000;9.020025E-007
direct_peakw0;2614.500;2614.5000;1019;2038.00;0.000000E+000;0.000000E+000;0.000000E+000;0.000000E+000;0.000000E+000;0.000000E+000;0.000000E+000
direct_peakw0;2614.500;2614.5000;1020;2040.00;0.000000E+000;6.663766E-007;0.000000E+000;0.000000E+000;0.000000E+000;0.000000E+000;6.663766E-007
direct_peakw0;2614.500;2614.5000;1021;2042.00;0.000000E+000;2.500876E-006;0.000000E+000;0.000000E+000;0.000000E+000;0.000000E+000;2.500876E-006
direct_peakw0;2614.500;2614.5000;1022;2044.00;0.000000E+000;1.082380E-006;0.000000E+000;0.000000E+000;0.000000E+000;0.000000E+000;1.082380E-006
direct_peakw0;2614.500;2614.5000;1023;2046.00;0.000000E+000;3.071096E-006;0.000000E+000;0.000000E+000;0.000000E+000;0.000000E+000;3.071096E-006
direct_peakw0;2614.500;2614.5000;1024;2048.00;0.000000E+000;1.653860E-006;0.000000E+000;0.000000E+000;0.000000E+000;0.000000E+000;1.653860E-006
direct_peakw0;2614.500;2614.5000;1025;2050.00;0.000000E+000;9.944378E-007;0.000000E+000;0.000000E+000;0.000000E+000;0.000000E+000;9.944378E-007
direct_peakw0;2614.500;2614.5000;1026;2052.00;0.000000E+000;3.643081E-007;0.000000E+000;0.000000E+000;0.000000E+000;0.000000E+000;3.643081E-007
direct_peakw0;2614.500;2614.5000;1027;2054.00;0.000000E+000;1.233461E-006;0.000000E+000;0.000000E+000;0.000000E+000;0.000000E+000;1.233461E-006
direct_peakw0;2614.500;2614.5000;1028;2056.00;0.000000E+000;2.766539E-006;0.000000E+000;0.000000E+000;0.000000E+000;0.000000E+000;2.766539E-006
direct_peakw0;2614.500;2614.5000;1029;2058.00;0.000000E+000;3.129604E-007;0.000000E+000;0.000000E+000;0.000000E+000;0.000000E+000;3.129604E-007
direct_peakw0;2614.500;2614.5000;1030;2060.00;0.000000E+000;2.220203E-006;0.000000E+000;0.000000E+000;0.000000E+000;0.000000E+000;2.220203E-006
direct_peakw0;2614.500;2614.5000;1031;2062.00;0.000000E+000;1.573995E-006;0.000000E+000;0.000000E+000;0.000000E+000;0.000000E+000;1.573995E-006
direct_peakw0;2614.500;2614.5000;1032;2064.00;0.000000E+000;5.595080E-007;0.000000E+000;0.000000E+000;0.000000E+000;0.000000E+000;5.595080E-007
direct_peakw0;2614.500;2614.5000;1033;2066.00;0.000000E+000;4.057046E-007;0.000000E+000;0.000000E+000;0.000000E+000;0.000000E+000;4.057046E-007
direct_peakw0;2614.500;2614.5000;1034;2068.00;0.000000E+000;2.872260E-006;0.000000E+000;0.000000E+000;0.000000E+000;0.000000E+000;2.872260E-006
direct_peakw0;2614.500;2614.5000;1035;2070.00;0.000000E+000;8.987250E-007;0.000000E+000;0.000000E+000;0.000000E+000;0.000000E+000;8.987250E-007
direct_peakw0;2614.500;2614.5000;1036;2072.00;0.000000E+000;2.660281E-006;1.303801E-007;0.000000E+000;0.000000E+000;0.000000E+000;2.790661E-006
direct_peakw0;2614.500;2614.5000;1037;2074.00;0.000000E+000;2.496363E-006;2.029532E-007;0.000000E+000;0.000000E+000;0.000000E+000;2.699317E-006
direct_peakw0;2614.500;2614.5000;1038;2076.00;0.000000E+000;2.332926E-006;2.420011E-007;0.000000E+000;0.000000E+000;0.000000E+000;2.574927E-006
direct_peakw0;2614.500;2614.5000;1039;2078.00;0.000000E+000;2.685706E-006;9.133228E-008;0.000000E+000;0.000000E+000;0.000000E+000;2.777039E-006
direct_peakw0;2614.500;2614.5000;1040;2080.00;0.000000E+000;6.480348E-007;0.000000E+000;0.000000E+000;0.000000E+000;0.000000E+000;6.480348E-007
direct_peakw0;2614.500;2614.5000;1041;2082.00;0.000000E+000;0.000000E+000;0.000000E+000;0.000000E+000;0.000000E+000;0.000000E+000;0.000000E+000
direct_peakw0;2614.500;2614.5000;1042;2084.00;0.000000E+000;1.273657E-006;0.000000E+000;0.000000E+000;0.000000E+000;0.000000E+000;1.273657E-006
direct_peakw0;2614.500;2614.5000;1043;2086.00;0.000000E+000;1.371041E-006;0.000000E+000;0.000000E+000;0.000000E+000;0.000000E+000;1.371041E-006
direct_peakw0;2614.500;2614.5000;1044;2088.00;0.000000E+000;1.489473E-006;0.000000E+000;0.000000E+000;0.000000E+000;0.000000E+000;1.489473E-006
direct_peakw0;2614.500;2614.5000;1045;2090.00;0.000000E+000;1.046650E-006;0.000000E+000;0.000000E+000;0.000000E+000;0.000000E+000;1.046650E-006
direct_peakw0;2614.500;2614.5000;1046;2092.00;0.000000E+000;1.819179E-006;0.000000E+000;0.000000E+000;0.000000E+000;0.000000E+000;1.819179E-006
direct_peakw0;2614.500;2614.5000;1047;2094.00;0.000000E+000;1.166481E-006;0.000000E+000;0.000000E+000;0.000000E+000;0.000000E+000;1.166481E-006
direct_peakw0;2614.500;2614.5000;1048;2096.00;0.000000E+000;2.098725E-006;0.000000E+000;0.000000E+000;0.000000E+000;0.000000E+000;2.098725E-006
direct_peakw0;2614.500;2614.5000;1049;2098.00;0.000000E+000;6.812780E-008;0.000000E+000;0.000000E+000;0.000000E+000;0.000000E+000;6.812780E-008
direct_peakw0;2614.500;2614.5000;1050;2100.00;0.000000E+000;3.088308E-007;1.544154E-007;0.000000E+000;0.000000E+000;0.000000E+000;4.632463E-007
direct_peakw0;2614.500;2614.5000;1051;2102.00;0.000000E+000;2.816089E-006;3.240522E-007;0.000000E+000;0.000000E+000;0.000000E+000;3.140141E-006
direct_peakw0;2614.500;2614.5000;1052;2104.00;0.000000E+000;3.624201E-006;4.987475E-005;0.000000E+000;0.000000E+000;0.000000E+000;5.349895E-005
direct_peakw0;2614.500;2614.5000;1053;2106.00;0.000000E+000;2.508796E-007;2.998012E-005;0.000000E+000;0.000000E+000;0.000000E+000;3.023100E-005
direct_peakw0;2614.500;2614.5000;1054;2108.00;0.000000E+000;6.591098E-007;0.000000E+000;0.000000E+000;0.000000E+000;0.000000E+000;6.591098E-007
direct_peakw0;2614.500;2614.5000;1055;2110.00;0.000000E+000;2.163675E-006;0.000000E+000;0.000000E+000;0.000000E+000;0.000000E+000;2.163675E-006
direct_peakw0;2614.500;2614.5000;1056;2112.00;0.000000E+000;8.438822E-007;0.000000E+000;0.000000E+000;0.000000E+000;0.000000E+000;8.438822E-007
direct_peakw0;2614.500;2614.5000;1057;2114.00;0.000000E+000;9.554224E-007;3.811509E-007;0.000000E+000;0.000000E+000;0.000000E+000;1.336573E-006
direct_peakw0;2614.500;2614.5000;1058;2116.00;0.000000E+000;3.536685E-006;6.188491E-007;0.000000E+000;0.000000E+000;0.000000E+000;4.155534E-006
direct_peakw0;2614.500;2614.5000;1059;2118.00;0.000000E+000;5.426404E-007;1.226937E-007;0.000000E+000;0.000000E+000;0.000000E+000;6.653340E-007
direct_peakw0;2614.500;2614.5000;1060;2120.00;0.000000E+000;6.884363E-007;2.106396E-007;0.000000E+000;0.000000E+000;0.000000E+000;8.990759E-007
direct_peakw0;2614.500;2614.5000;1061;2122.00;0.000000E+000;2.417556E-006;1.153438E-007;0.000000E+000;0.000000E+000;0.000000E+000;2.532900E-006
direct_peakw0;2614.500;2614.5000;1062;2124.00;0.000000E+000;2.608945E-006;2.179896E-007;0.000000E+000;0.000000E+000;0.000000E+000;2.826935E-006
direct_peakw0;2614.500;2614.5000;1063;2126.00;0.000000E+000;1.583648E-006;0.000000E+000;0.000000E+000;0.000000E+000;0.000000E+000;1.583648E-006
direct_peakw0;2614.500;2614.5000;1064;2128.00;0.000000E+000;3.232361E-007;5.097357E-009;0.000000E+000;0.000000E+000;0.000000E+000;3.283335E-007
direct_peakw0;2614.500;2614.5000;1065;2130.00;0.000000E+000;5.263481E-006;5.371333E-007;0.000000E+000;0.000000E+000;0.000000E+000;5.800615E-006
direct_peakw0;2614.500;2614.5000;1066;2132.00;0.000000E+000;2.760652E-006;1.244360E-007;0.000000E+000;0.000000E+000;0.000000E+000;2.885088E-006
direct_peakw0;2614.500;2614.5000;1067;2134.00;0.000000E+000;1.319297E-006;0.000000E+000;0.000000E+000;0.000000E+000;0.000000E+000;1.319297E-006
direct_peakw0;2614.500;2614.5000;1068;2136.00;0.000000E+000;0.000000E+000;0.000000E+000;0.000000E+000;0.000000E+000;0.000000E+000;0.000000E+000
direct_peakw0;2614.500;2614.5000;1069;2138.00;0.000000E+000;0.000000E+000;0.000000E+000;0.000000E+000;0.000000E+000;0.000000E+000;0.000000E+000
direct_peakw0;2614.500;2614.5000;1070;2140.00;0.000000E+000;2.962252E-006;0.000000E+000;0.000000E+000;0.000000E+000;0.000000E+000;2.962252E-006
direct_peakw0;2614.500;2614.5000;1071;2142.00;0.000000E+000;3.529689E-006;6.075715E-007;0.000000E+000;0.000000E+000;0.000000E+000;4.137261E-006
direct_peakw0;2614.500;2614.5000;1072;2144.00;0.000000E+000;3.419615E-006;1.059095E-006;0.000000E+000;0.000000E+000;0.000000E+000;4.478711E-006
direct_peakw0;2614.500;2614.5000;1073;2146.00;0.000000E+000;1.168958E-006;0.000000E+000;0.000000E+000;0.000000E+000;0.000000E+000;1.168958E-006
direct_peakw0;2614.500;2614.5000;1074;2148.00;0.000000E+000;3.919485E-006;0.000000E+000;0.000000E+000;0.000000E+000;0.000000E+000;3.919485E-006
direct_peakw0;2614.500;2614.5000;1075;2150.00;0.000000E+000;0.000000E+000;0.000000E+000;0.000000E+000;0.000000E+000;0.000000E+000;0.000000E+000
direct_peakw0;2614.500;2614.5000;1076;2152.00;0.000000E+000;6.033964E-007;2.011322E-007;0.000000E+000;0.000000E+000;0.000000E+000;8.045286E-007
direct_peakw0;2614.500;2614.5000;1077;2154.00;0.000000E+000;1.396604E-006;4.655345E-007;0.000000E+000;0.000000E+000;0.000000E+000;1.862138E-006
direct_peakw0;2614.500;2614.5000;1078;2156.00;0.000000E+000;3.310514E-006;1.999371E-007;0.000000E+000;0.000000E+000;0.000000E+000;3.510451E-006
direct_peakw0;2614.500;2614.5000;1079;2158.00;0.000000E+000;2.356153E-006;1.333962E-007;0.000000E+000;0.000000E+000;0.000000E+000;2.489549E-006
direct_peakw0;2614.500;2614.5000;1080;2160.00;0.000000E+000;0.000000E+000;0.000000E+000;0.000000E+000;0.000000E+000;0.000000E+000;0.000000E+000
direct_peakw0;2614.500;2614.5000;1081;2162.00;0.000000E+000;5.468290E-007;1.647912E-007;0.000000E+000;0.000000E+000;0.000000E+000;7.116202E-007
direct_peakw0;2614.500;2614.5000;1082;2164.00;0.000000E+000;3.385948E-006;5.905790E-007;0.000000E+000;0.000000E+000;0.000000E+000;3.976527E-006
direct_peakw0;2614.500;2614.5000;1083;2166.00;0.000000E+000;1.042229E-006;3.987994E-007;0.000000E+000;0.000000E+000;0.000000E+000;1.441028E-006
direct_peakw0;2614.500;2614.5000;1084;2168.00;0.000000E+000;1.146596E-006;1.791637E-007;0.000000E+000;0.000000E+000;0.000000E+000;1.325759E-006
direct_peakw0;2614.500;2614.5000;1085;2170.00;0.000000E+000;1.769185E-006;0.000000E+000;0.000000E+000;0.000000E+000;0.000000E+000;1.769185E-006
direct_peakw0;2614.500;2614.5000;1086;2172.00;0.000000E+000;1.787634E-006;1.686256E-007;0.000000E+000;0.000000E+000;0.000000E+000;1.956259E-006
direct_peakw0;2614.500;2614.5000;1087;2174.00;0.000000E+000;1.374963E-006;1.647078E-007;0.000000E+000;0.000000E+000;0.000000E+000;1.539671E-006
direct_peakw0;2614.500;2614.5000;1088;2176.00;0.000000E+000;9.466170E-007;0.000000E+000;0.000000E+000;0.000000E+000;0.000000E+000;9.466170E-007
direct_peakw0;2614.500;2614.5000;1089;2178.00;0.000000E+000;1.503168E-006;1.878960E-007;0.000000E+000;0.000000E+000;0.000000E+000;1.691064E-006
direct_peakw0;2614.500;2614.5000;1090;2180.00;0.000000E+000;2.562221E-006;1.454373E-007;0.000000E+000;0.000000E+000;0.000000E+000;2.707658E-006
direct_peakw0;2614.500;2614.5000;1091;2182.00;0.000000E+000;3.039827E-006;0.000000E+000;0.000000E+000;0.000000E+000;0.000000E+000;3.039827E-006
direct_peakw0;2614.500;2614.5000;1092;2184.00;0.000000E+000;1.556521E-006;0.000000E+000;0.000000E+000;0.000000E+000;0.000000E+000;1.556521E-006
direct_peakw0;2614.500;2614.5000;1093;2186.00;0.000000E+000;2.968163E-006;1.214668E-008;0.000000E+000;0.000000E+000;0.000000E+000;2.980309E-006
direct_peakw0;2614.500;2614.5000;1094;2188.00;0.000000E+000;6.539387E-006;6.545200E-007;0.000000E+000;0.000000E+000;0.000000E+000;7.193906E-006
direct_peakw0;2614.500;2614.5000;1095;2190.00;0.000000E+000;1.497381E-006;0.000000E+000;0.000000E+000;0.000000E+000;0.000000E+000;1.497381E-006
direct_peakw0;2614.500;2614.5000;1096;2192.00;0.000000E+000;0.000000E+000;0.000000E+000;0.000000E+000;0.000000E+000;0.000000E+000;0.000000E+000
direct_peakw0;2614.500;2614.5000;1097;2194.00;0.000000E+000;1.343093E-006;0.000000E+000;0.000000E+000;0.000000E+000;0.000000E+000;1.343093E-006
direct_peakw0;2614.500;2614.5000;1098;2196.00;0.000000E+000;2.969653E-006;0.000000E+000;0.000000E+000;0.000000E+000;0.000000E+000;2.969653E-006
direct_peakw0;2614.500;2614.5000;1099;2198.00;0.000000E+000;1.740386E-006;1.311466E-008;0.000000E+000;0.000000E+000;0.000000E+000;1.753500E-006
direct_peakw0;2614.500;2614.5000;1100;2200.00;0.000000E+000;1.613535E-006;3.202187E-007;0.000000E+000;0.000000E+000;0.000000E+000;1.933753E-006
direct_peakw0;2614.500;2614.5000;1101;2202.00;0.000000E+000;3.618325E-007;7.236650E-008;0.000000E+000;0.000000E+000;0.000000E+000;4.341990E-007
direct_peakw0;2614.500;2614.5000;1102;2204.00;0.000000E+000;1.775193E-006;2.609668E-007;0.000000E+000;0.000000E+000;0.000000E+000;2.036160E-006
direct_peakw0;2614.500;2614.5000;1103;2206.00;0.000000E+000;1.730953E-006;6.380986E-008;0.000000E+000;0.000000E+000;0.000000E+000;1.794763E-006
direct_peakw0;2614.500;2614.5000;1104;2208.00;0.000000E+000;1.581293E-006;3.444021E-007;0.000000E+000;0.000000E+000;0.000000E+000;1.925695E-006
direct_peakw0;2614.500;2614.5000;1105;2210.00;0.000000E+000;1.952065E-006;3.086218E-007;0.000000E+000;0.000000E+000;0.000000E+000;2.260687E-006
direct_peakw0;2614.500;2614.5000;1106;2212.00;0.000000E+000;2.265330E-006;2.831662E-007;0.000000E+000;0.000000E+000;0.000000E+000;2.548496E-006
direct_peakw0;2614.500;2614.5000;1107;2214.00;0.000000E+000;4.520602E-007;0.000000E+000;0.000000E+000;0.000000E+000;0.000000E+000;4.520602E-007
direct_peakw0;2614.500;2614.5000;1108;2216.00;0.000000E+000;1.881273E-006;0.000000E+000;0.000000E+000;0.000000E+000;0.000000E+000;1.881273E-006
direct_peakw0;2614.500;2614.5000;1109;2218.00;0.000000E+000;1.602083E-006;2.931924E-007;0.000000E+000;0.000000E+000;0.000000E+000;1.895276E-006
direct_peakw0;2614.500;2614.5000;1110;2220.00;0.000000E+000;3.362066E-006;4.014094E-008;0.000000E+000;0.000000E+000;0.000000E+000;3.402207E-006
direct_peakw0;2614.500;2614.5000;1111;2222.00;0.000000E+000;1.615379E-006;0.000000E+000;0.000000E+000;0.000000E+000;0.000000E+000;1.615379E-006
direct_peakw0;2614.500;2614.5000;1112;2224.00;0.000000E+000;1.420472E-006;0.000000E+000;0.000000E+000;0.000000E+000;0.000000E+000;1.420472E-006
direct_peakw0;2614.500;2614.5000;1113;2226.00;0.000000E+000;2.222643E-007;0.000000E+000;0.000000E+000;0.000000E+000;0.000000E+000;2.222643E-007
direct_peakw0;2614.500;2614.5000;1114;2228.00;0.000000E+000;1.111069E-006;0.000000E+000;0.000000E+000;0.000000E+000;0.000000E+000;1.111069E-006
direct_peakw0;2614.500;2614.5000;1115;2230.00;0.000000E+000;1.206275E-006;2.010459E-007;0.000000E+000;0.000000E+000;0.000000E+000;1.407321E-006
direct_peakw0;2614.500;2614.5000;1116;2232.00;0.000000E+000;2.160056E-006;2.225444E-007;0.000000E+000;0.000000E+000;0.000000E+000;2.382601E-006
direct_peakw0;2614.500;2614.5000;1117;2234.00;0.000000E+000;4.633669E-006;9.097431E-007;0.000000E+000;0.000000E+000;0.000000E+000;5.543412E-006
direct_peakw0;2614.500;2614.5000;1118;2236.00;0.000000E+000;1.308417E-006;0.000000E+000;0.000000E+000;0.000000E+000;0.000000E+000;1.308417E-006
direct_peakw0;2614.500;2614.5000;1119;2238.00;0.000000E+000;3.582495E-007;0.000000E+000;0.000000E+000;0.000000E+000;0.000000E+000;3.582495E-007
direct_peakw0;2614.500;2614.5000;1120;2240.00;0.000000E+000;2.515224E-006;0.000000E+000;0.000000E+000;0.000000E+000;0.000000E+000;2.515224E-006
direct_peakw0;2614.500;2614.5000;1121;2242.00;0.000000E+000;1.151443E-006;0.000000E+000;0.000000E+000;0.000000E+000;0.000000E+000;1.151443E-006
direct_peakw0;2614.500;2614.5000;1122;2244.00;0.000000E+000;3.078254E-006;3.897457E-007;0.000000E+000;0.000000E+000;0.000000E+000;3.468000E-006
direct_peakw0;2614.500;2614.5000;1123;2246.00;0.000000E+000;2.922487E-006;2.769210E-007;0.000000E+000;0.000000E+000;0.000000E+000;3.199408E-006
direct_peakw0;2614.500;2614.5000;1124;2248.00;0.000000E+000;3.169405E-006;1.188322E-007;0.000000E+000;0.000000E+000;0.000000E+000;3.288237E-006
direct_peakw0;2614.500;2614.5000;1125;2250.00;0.000000E+000;2.496520E-006;2.145011E-007;0.000000E+000;0.000000E+000;0.000000E+000;2.711022E-006
direct_peakw0;2614.500;2614.5000;1126;2252.00;0.000000E+000;9.403699E-007;0.000000E+000;0.000000E+000;0.000000E+000;0.000000E+000;9.403699E-007
direct_peakw0;2614.500;2614.5000;1127;2254.00;0.000000E+000;3.022060E-006;0.000000E+000;0.000000E+000;0.000000E+000;0.000000E+000;3.022060E-006
direct_peakw0;2614.500;2614.5000;1128;2256.00;0.000000E+000;1.154001E-006;1.856781E-008;0.000000E+000;0.000000E+000;0.000000E+000;1.172569E-006
direct_peakw0;2614.500;2614.5000;1129;2258.00;0.000000E+000;3.288977E-006;3.147655E-007;0.000000E+000;0.000000E+000;0.000000E+000;3.603743E-006
direct_peakw0;2614.500;2614.5000;1130;2260.00;0.000000E+000;1.261259E-006;0.000000E+000;0.000000E+000;0.000000E+000;0.000000E+000;1.261259E-006
direct_peakw0;2614.500;2614.5000;1131;2262.00;0.000000E+000;8.528449E-007;8.528450E-008;0.000000E+000;0.000000E+000;0.000000E+000;9.381294E-007
direct_peakw0;2614.500;2614.5000;1132;2264.00;0.000000E+000;4.632207E-006;2.480488E-007;0.000000E+000;0.000000E+000;0.000000E+000;4.880255E-006
direct_peakw0;2614.500;2614.5000;1133;2266.00;0.000000E+000;1.347455E-006;0.000000E+000;0.000000E+000;0.000000E+000;0.000000E+000;1.347455E-006
direct_peakw0;2614.500;2614.5000;1134;2268.00;0.000000E+000;1.500827E-006;0.000000E+000;0.000000E+000;0.000000E+000;0.000000E+000;1.500827E-006
direct_peakw0;2614.500;2614.5000;1135;2270.00;0.000000E+000;6.659973E-007;0.000000E+000;0.000000E+000;0.000000E+000;0.000000E+000;6.659973E-007
direct_peakw0;2614.500;2614.5000;1136;2272.00;0.000000E+000;2.846694E-006;1.569460E-007;0.000000E+000;0.000000E+000;0.000000E+000;3.003640E-006
direct_peakw0;2614.500;2614.5000;1137;2274.00;0.000000E+000;4.609682E-006;4.675285E-007;0.000000E+000;0.000000E+000;0.000000E+000;5.077210E-006
direct_peakw0;2614.500;2614.5000;1138;2276.00;0.000000E+000;2.109605E-007;4.219210E-008;0.000000E+000;0.000000E+000;0.000000E+000;2.531526E-007
direct_peakw0;2614.500;2614.5000;1139;2278.00;0.000000E+000;1.264822E-006;3.162055E-007;0.000000E+000;0.000000E+000;0.000000E+000;1.581027E-006
direct_peakw0;2614.500;2614.5000;1140;2280.00;0.000000E+000;7.242189E-007;7.883936E-008;0.000000E+000;0.000000E+000;0.000000E+000;8.030583E-007
direct_peakw0;2614.500;2614.5000;1141;2282.00;0.000000E+000;2.344293E-006;9.382885E-007;0.000000E+000;0.000000E+000;0.000000E+000;3.282581E-006
direct_peakw0;2614.500;2614.5000;1142;2284.00;0.000000E+000;9.069430E-007;4.589072E-008;0.000000E+000;0.000000E+000;0.000000E+000;9.528337E-007
direct_peakw0;2614.500;2614.5000;1143;2286.00;0.000000E+000;4.759724E-006;2.874426E-007;0.000000E+000;0.000000E+000;0.000000E+000;5.047166E-006
direct_peakw0;2614.500;2614.5000;1144;2288.00;0.000000E+000;4.241506E-007;0.000000E+000;0.000000E+000;0.000000E+000;0.000000E+000;4.241506E-007
direct_peakw0;2614.500;2614.5000;1145;2290.00;0.000000E+000;1.946525E-006;4.287606E-007;0.000000E+000;0.000000E+000;0.000000E+000;2.375286E-006
direct_peakw0;2614.500;2614.5000;1146;2292.00;0.000000E+000;1.295991E-006;5.712394E-007;0.000000E+000;0.000000E+000;0.000000E+000;1.867230E-006
direct_peakw0;2614.500;2614.5000;1147;2294.00;0.000000E+000;2.077511E-006;2.596889E-007;0.000000E+000;0.000000E+000;0.000000E+000;2.337200E-006
direct_peakw0;2614.500;2614.5000;1148;2296.00;0.000000E+000;9.357855E-007;7.364439E-008;0.000000E+000;0.000000E+000;0.000000E+000;1.009430E-006
direct_peakw0;2614.500;2614.5000;1149;2298.00;0.000000E+000;1.188313E-006;0.000000E+000;0.000000E+000;0.000000E+000;0.000000E+000;1.188313E-006
direct_peakw0;2614.500;2614.5000;1150;2300.00;0.000000E+000;2.899720E-006;0.000000E+000;0.000000E+000;0.000000E+000;0.000000E+000;2.899720E-006
direct_peakw0;2614.500;2614.5000;1151;2302.00;0.000000E+000;5.736197E-006;1.753342E-007;0.000000E+000;0.000000E+000;0.000000E+000;5.911531E-006
direct_peakw0;2614.500;2614.5000;1152;2304.00;0.000000E+000;8.291400E-007;1.579992E-007;0.000000E+000;0.000000E+000;0.000000E+000;9.871392E-007
direct_peakw0;2614.500;2614.5000;1153;2306.00;0.000000E+000;9.666403E-007;2.148090E-007;0.000000E+000;0.000000E+000;0.000000E+000;1.181449E-006
direct_peakw0;2614.500;2614.5000;1154;2308.00;0.000000E+000;5.269023E-006;4.518577E-007;0.000000E+000;0.000000E+000;0.000000E+000;5.720881E-006
direct_peakw0;2614.500;2614.5000;1155;2310.00;0.000000E+000;7.288798E-007;0.000000E+000;0.000000E+000;0.000000E+000;0.000000E+000;7.288798E-007
direct_peakw0;2614.500;2614.5000;1156;2312.00;0.000000E+000;1.545461E-006;0.000000E+000;0.000000E+000;0.000000E+000;0.000000E+000;1.545461E-006
direct_peakw0;2614.500;2614.5000;1157;2314.00;0.000000E+000;4.103166E-006;0.000000E+000;0.000000E+000;0.000000E+000;0.000000E+000;4.103166E-006
direct_peakw0;2614.500;2614.5000;1158;2316.00;0.000000E+000;2.025477E-006;0.000000E+000;0.000000E+000;0.000000E+000;0.000000E+000;2.025477E-006
direct_peakw0;2614.500;2614.5000;1159;2318.00;0.000000E+000;2.922250E-006;0.000000E+000;0.000000E+000;0.000000E+000;0.000000E+000;2.922250E-006
direct_peakw0;2614.500;2614.5000;1160;2320.00;0.000000E+000;9.574919E-007;0.000000E+000;0.000000E+000;0.000000E+000;0.000000E+000;9.574919E-007
direct_peakw0;2614.500;2614.5000;1161;2322.00;0.000000E+000;1.482787E-007;0.000000E+000;0.000000E+000;0.000000E+000;0.000000E+000;1.482787E-007
direct_peakw0;2614.500;2614.5000;1162;2324.00;0.000000E+000;5.962715E-006;3.189486E-007;0.000000E+000;0.000000E+000;0.000000E+000;6.281664E-006
direct_peakw0;2614.500;2614.5000;1163;2326.00;0.000000E+000;6.896143E-007;1.438473E-008;0.000000E+000;0.000000E+000;0.000000E+000;7.039990E-007
direct_peakw0;2614.500;2614.5000;1164;2328.00;0.000000E+000;3.410804E-006;0.000000E+000;0.000000E+000;0.000000E+000;0.000000E+000;3.410804E-006
direct_peakw0;2614.500;2614.5000;1165;2330.00;0.000000E+000;2.037201E-006;0.000000E+000;0.000000E+000;0.000000E+000;0.000000E+000;2.037201E-006
direct_peakw0;2614.500;2614.5000;1166;2332.00;0.000000E+000;6.577757E-007;0.000000E+000;0.000000E+000;0.000000E+000;0.000000E+000;6.577757E-007
direct_peakw0;2614.500;2614.5000;1167;2334.00;0.000000E+000;1.202752E-006;2.510112E-007;0.000000E+000;0.000000E+000;0.000000E+000;1.453763E-006
direct_peakw0;2614.500;2614.5000;1168;2336.00;0.000000E+000;2.583730E-006;7.245737E-007;0.000000E+000;0.000000E+000;0.000000E+000;3.308304E-006
direct_peakw0;2614.500;2614.5000;1169;2338.00;0.000000E+000;5.531247E-006;6.668838E-007;0.000000E+000;0.000000E+000;0.000000E+000;6.198131E-006
direct_peakw0;2614.500;2614.5000;1170;2340.00;0.000000E+000;9.241619E-007;2.419799E-008;0.000000E+000;0.000000E+000;0.000000E+000;9.483599E-007
direct_peakw0;2614.500;2614.5000;1171;2342.00;0.000000E+000;8.308302E-008;0.000000E+000;0.000000E+000;0.000000E+000;0.000000E+000;8.308302E-008
direct_peakw0;2614.500;2614.5000;1172;2344.00;0.000000E+000;2.068710E-006;1.439741E-007;0.000000E+000;0.000000E+000;0.000000E+000;2.212684E-006
direct_peakw0;2614.500;2614.5000;1173;2346.00;0.000000E+000;1.514873E-006;1.893592E-007;0.000000E+000;0.000000E+000;0.000000E+000;1.704233E-006
direct_peakw0;2614.500;2614.5000;1174;2348.00;0.000000E+000;0.000000E+000;0.000000E+000;0.000000E+000;0.000000E+000;0.000000E+000;0.000000E+000
direct_peakw0;2614.500;2614.5000;1175;2350.00;0.000000E+000;2.063728E-006;2.047287E-007;0.000000E+000;0.000000E+000;0.000000E+000;2.268457E-006
direct_peakw0;2614.500;2614.5000;1176;2352.00;0.000000E+000;1.936272E-006;1.286046E-007;0.000000E+000;0.000000E+000;0.000000E+000;2.064877E-006
direct_peakw0;2614.500;2614.5000;1177;2354.00;0.000000E+000;2.620363E-006;4.649193E-007;0.000000E+000;0.000000E+000;0.000000E+000;3.085282E-006
direct_peakw0;2614.500;2614.5000;1178;2356.00;0.000000E+000;2.472715E-006;3.750896E-007;0.000000E+000;0.000000E+000;0.000000E+000;2.847804E-006
direct_peakw0;2614.500;2614.5000;1179;2358.00;0.000000E+000;4.224565E-006;3.804699E-007;0.000000E+000;0.000000E+000;0.000000E+000;4.605035E-006
direct_peakw0;2614.500;2614.5000;1180;2360.00;0.000000E+000;1.015691E-006;1.128546E-007;0.000000E+000;0.000000E+000;0.000000E+000;1.128545E-006
direct_peakw0;2614.500;2614.5000;1181;2362.00;0.000000E+000;1.478770E-006;0.000000E+000;0.000000E+000;0.000000E+000;0.000000E+000;1.478770E-006
direct_peakw0;2614.500;2614.5000;1182;2364.00;0.000000E+000;2.093530E-006;9.208005E-008;0.000000E+000;0.000000E+000;0.000000E+000;2.185610E-006
direct_peakw0;2614.500;2614.5000;1183;2366.00;0.000000E+000;3.094367E-006;2.412533E-007;0.000000E+000;0.000000E+000;0.000000E+000;3.335620E-006
direct_peakw0;2614.500;2614.5000;1184;2368.00;0.000000E+000;3.334879E-007;0.000000E+000;0.000000E+000;0.000000E+000;0.000000E+000;3.334879E-007
direct_peakw0;2614.500;2614.5000;1185;2370.00;0.000000E+000;1.426828E-006;1.040551E-008;0.000000E+000;0.000000E+000;0.000000E+000;1.437234E-006
direct_peakw0;2614.500;2614.5000;1186;2372.00;0.000000E+000;3.795982E-006;3.229278E-007;0.000000E+000;0.000000E+000;0.000000E+000;4.118910E-006
direct_peakw0;2614.500;2614.5000;1187;2374.00;0.000000E+000;2.893745E-006;0.000000E+000;0.000000E+000;0.000000E+000;0.000000E+000;2.893745E-006
direct_peakw0;2614.500;2614.5000;1188;2376.00;0.000000E+000;2.198759E-006;0.000000E+000;0.000000E+000;0.000000E+000;0.000000E+000;2.198759E-006
direct_peakw0;2614.500;2614.5000;1189;2378.00;0.000000E+000;1.351197E-006;0.000000E+000;0.000000E+000;0.000000E+000;0.000000E+000;1.351197E-006
direct_peakw0;2614.500;2614.5000;1190;2380.00;0.000000E+000;3.813332E-007;0.000000E+000;0.000000E+000;0.000000E+000;0.000000E+000;3.813332E-007
direct_peakw0;2614.500;2614.5000;1191;2382.00;0.000000E+000;9.520002E-007;0.000000E+000;0.000000E+000;0.000000E+000;0.000000E+000;9.520002E-007
direct_peakw0;2614.500;2614.5000;1192;2384.00;0.000000E+000;1.107679E-006;0.000000E+000;0.000000E+000;0.000000E+000;0.000000E+000;1.107679E-006
direct_peakw0;2614.500;2614.5000;1193;2386.00;0.000000E+000;1.558987E-006;0.000000E+000;0.000000E+000;0.000000E+000;0.000000E+000;1.558987E-006
direct_peakw0;2614.500;2614.5000;1194;2388.00;0.000000E+000;0.000000E+000;0.000000E+000;0.000000E+000;0.000000E+000;0.000000E+000;0.000000E+000
direct_peakw0;2614.500;2614.5000;1195;2390.00;0.000000E+000;9.220770E-007;0.000000E+000;0.000000E+000;0.000000E+000;0.000000E+000;9.220770E-007
direct_peakw0;2614.500;2614.5000;1196;2392.00;0.000000E+000;2.529588E-007;0.000000E+000;0.000000E+000;0.000000E+000;0.000000E+000;2.529588E-007
direct_peakw0;2614.500;2614.5000;1197;2394.00;0.000000E+000;2.236880E-006;2.577359E-007;0.000000E+000;0.000000E+000;0.000000E+000;2.494616E-006
direct_peakw0;2614.500;2614.5000;1198;2396.00;0.000000E+000;1.798919E-006;7.559743E-008;0.000000E+000;0.000000E+000;0.000000E+000;1.874516E-006
direct_peakw0;2614.500;2614.5000;1199;2398.00;0.000000E+000;4.558318E-007;0.000000E+000;0.000000E+000;0.000000E+000;0.000000E+000;4.558318E-007
direct_peakw0;2614.500;2614.5000;1200;2400.00;0.000000E+000;9.557900E-007;0.000000E+000;0.000000E+000;0.000000E+000;0.000000E+000;9.557900E-007
direct_peakw0;2614.500;2614.5000;1201;2402.00;0.000000E+000;7.401150E-007;0.000000E+000;0.000000E+000;0.000000E+000;0.000000E+000;7.401150E-007
direct_peakw0;2614.500;2614.5000;1202;2404.00;0.000000E+000;5.817185E-007;0.000000E+000;0.000000E+000;0.000000E+000;0.000000E+000;5.817185E-007
direct_peakw0;2614.500;2614.5000;1203;2406.00;0.000000E+000;3.394416E-007;8.819067E-008;0.000000E+000;0.000000E+000;0.000000E+000;4.276322E-007
direct_peakw0;2614.500;2614.5000;1204;2408.00;0.000000E+000;1.146662E-006;2.451427E-007;0.000000E+000;0.000000E+000;0.000000E+000;1.391805E-006
direct_peakw0;2614.500;2614.5000;1205;2410.00;0.000000E+000;2.362724E-007;0.000000E+000;0.000000E+000;0.000000E+000;0.000000E+000;2.362724E-007
direct_peakw0;2614.500;2614.5000;1206;2412.00;0.000000E+000;2.861909E-007;0.000000E+000;0.000000E+000;0.000000E+000;0.000000E+000;2.861909E-007
direct_peakw0;2614.500;2614.5000;1207;2414.00;0.000000E+000;7.138091E-007;0.000000E+000;0.000000E+000;0.000000E+000;0.000000E+000;7.138091E-007
direct_peakw0;2614.500;2614.5000;1208;2416.00;0.000000E+000;0.000000E+000;0.000000E+000;0.000000E+000;0.000000E+000;0.000000E+000;0.000000E+000
direct_peakw0;2614.500;2614.5000;1209;2418.00;0.000000E+000;8.803560E-007;0.000000E+000;0.000000E+000;0.000000E+000;0.000000E+000;8.803560E-007
direct_peakw0;2614.500;2614.5000;1210;2420.00;0.000000E+000;1.196440E-007;0.000000E+000;0.000000E+000;0.000000E+000;0.000000E+000;1.196440E-007
direct_peakw0;2614.500;2614.5000;1211;2422.00;0.000000E+000;1.602422E-006;2.589980E-007;0.000000E+000;0.000000E+000;0.000000E+000;1.861420E-006
direct_peakw0;2614.500;2614.5000;1212;2424.00;0.000000E+000;6.386830E-007;7.433537E-008;0.000000E+000;0.000000E+000;0.000000E+000;7.130184E-007
direct_peakw0;2614.500;2614.5000;1213;2426.00;0.000000E+000;1.064345E-006;0.000000E+000;0.000000E+000;0.000000E+000;0.000000E+000;1.064345E-006
direct_peakw0;2614.500;2614.5000;1214;2428.00;0.000000E+000;3.500205E-007;0.000000E+000;0.000000E+000;0.000000E+000;0.000000E+000;3.500205E-007
direct_peakw0;2614.500;2614.5000;1215;2430.00;0.000000E+000;3.445297E-007;0.000000E+000;0.000000E+000;0.000000E+000;0.000000E+000;3.445297E-007
direct_peakw0;2614.500;2614.5000;1216;2432.00;0.000000E+000;1.320163E-006;0.000000E+000;0.000000E+000;0.000000E+000;0.000000E+000;1.320163E-006
direct_peakw0;2614.500;2614.5000;1217;2434.00;0.000000E+000;5.223919E-007;4.878143E-008;0.000000E+000;0.000000E+000;0.000000E+000;5.711733E-007
direct_peakw0;2614.500;2614.5000;1218;2436.00;0.000000E+000;1.574450E-007;2.845519E-007;0.000000E+000;0.000000E+000;0.000000E+000;4.419969E-007
direct_peakw0;2614.500;2614.5000;1219;2438.00;0.000000E+000;0.000000E+000;0.000000E+000;0.000000E+000;0.000000E+000;0.000000E+000;0.000000E+000
direct_peakw0;2614.500;2614.5000;1220;2440.00;0.000000E+000;4.807133E-007;0.000000E+000;0.000000E+000;0.000000E+000;0.000000E+000;4.807133E-007
direct_peakw0;2614.500;2614.5000;1221;2442.00;0.000000E+000;9.032042E-007;0.000000E+000;0.000000E+000;0.000000E+000;0.000000E+000;9.032042E-007
direct_peakw0;2614.500;2614.5000;1222;2444.00;0.000000E+000;9.494158E-007;0.000000E+000;0.000000E+000;0.000000E+000;0.000000E+000;9.494158E-007
direct_peakw0;2614.500;2614.5000;1223;2446.00;0.000000E+000;0.000000E+000;7.892922E-008;0.000000E+000;0.000000E+000;0.000000E+000;7.892922E-008
direct_peakw0;2614.500;2614.5000;1224;2448.00;0.000000E+000;7.227455E-008;2.544041E-007;0.000000E+000;0.000000E+000;0.000000E+000;3.266787E-007
direct_peakw0;2614.500;2614.5000;1225;2450.00;0.000000E+000;2.610588E-007;0.000000E+000;0.000000E+000;0.000000E+000;0.000000E+000;2.610588E-007
direct_peakw0;2614.500;2614.5000;1226;2452.00;0.000000E+000;0.000000E+000;0.000000E+000;0.000000E+000;0.000000E+000;0.000000E+000;0.000000E+000
direct_peakw0;2614.500;2614.5000;1227;2454.00;0.000000E+000;0.000000E+000;0.000000E+000;0.000000E+000;0.000000E+000;0.000000E+000;0.000000E+000
direct_peakw0;2614.500;2614.5000;1228;2456.00;0.000000E+000;0.000000E+000;0.000000E+000;0.000000E+000;0.000000E+000;0.000000E+000;0.000000E+000
direct_peakw0;2614.500;2614.5000;1229;2458.00;0.000000E+000;0.000000E+000;0.000000E+000;0.000000E+000;0.000000E+000;0.000000E+000;0.000000E+000
direct_peakw0;2614.500;2614.5000;1230;2460.00;0.000000E+000;5.160361E-007;0.000000E+000;0.000000E+000;0.000000E+000;0.000000E+000;5.160361E-007
direct_peakw0;2614.500;2614.5000;1231;2462.00;0.000000E+000;4.839639E-007;0.000000E+000;0.000000E+000;0.000000E+000;0.000000E+000;4.839639E-007
direct_peakw0;2614.500;2614.5000;1232;2464.00;0.000000E+000;0.000000E+000;0.000000E+000;0.000000E+000;0.000000E+000;0.000000E+000;0.000000E+000
direct_peakw0;2614.500;2614.5000;1233;2466.00;0.000000E+000;2.839631E-007;0.000000E+000;0.000000E+000;0.000000E+000;0.000000E+000;2.839631E-007
direct_peakw0;2614.500;2614.5000;1234;2468.00;0.000000E+000;4.707297E-007;0.000000E+000;0.000000E+000;0.000000E+000;0.000000E+000;4.707297E-007
direct_peakw0;2614.500;2614.5000;1235;2470.00;0.000000E+000;2.453072E-007;0.000000E+000;0.000000E+000;0.000000E+000;0.000000E+000;2.453072E-007
direct_peakw0;2614.500;2614.5000;1236;2472.00;0.000000E+000;0.000000E+000;0.000000E+000;0.000000E+000;0.000000E+000;0.000000E+000;0.000000E+000
direct_peakw0;2614.500;2614.5000;1237;2474.00;0.000000E+000;0.000000E+000;0.000000E+000;0.000000E+000;0.000000E+000;0.000000E+000;0.000000E+000
direct_peakw0;2614.500;2614.5000;1238;2476.00;0.000000E+000;3.388132E-007;0.000000E+000;0.000000E+000;0.000000E+000;0.000000E+000;3.388132E-007
direct_peakw0;2614.500;2614.5000;1239;2478.00;0.000000E+000;9.945201E-007;0.000000E+000;0.000000E+000;0.000000E+000;0.000000E+000;9.945201E-007
direct_peakw0;2614.500;2614.5000;1240;2480.00;0.000000E+000;0.000000E+000;0.000000E+000;0.000000E+000;0.000000E+000;0.000000E+000;0.000000E+000
direct_peakw0;2614.500;2614.5000;1241;2482.00;0.000000E+000;2.208104E-007;0.000000E+000;0.000000E+000;0.000000E+000;0.000000E+000;2.208104E-007
direct_peakw0;2614.500;2614.5000;1242;2484.00;0.000000E+000;1.125229E-007;0.000000E+000;0.000000E+000;0.000000E+000;0.000000E+000;1.125229E-007
direct_peakw0;2614.500;2614.5000;1243;2486.00;0.000000E+000;0.000000E+000;0.000000E+000;0.000000E+000;0.000000E+000;0.000000E+000;0.000000E+000
direct_peakw0;2614.500;2614.5000;1244;2488.00;0.000000E+000;2.926126E-007;0.000000E+000;0.000000E+000;0.000000E+000;0.000000E+000;2.926126E-007
direct_peakw0;2614.500;2614.5000;1245;2490.00;0.000000E+000;3.740541E-007;0.000000E+000;0.000000E+000;0.000000E+000;0.000000E+000;3.740541E-007
direct_peakw0;2614.500;2614.5000;1246;2492.00;0.000000E+000;2.245308E-007;0.000000E+000;0.000000E+000;0.000000E+000;0.000000E+000;2.245308E-007
direct_peakw0;2614.500;2614.5000;1247;2494.00;0.000000E+000;5.197011E-007;0.000000E+000;0.000000E+000;0.000000E+000;0.000000E+000;5.197011E-007
direct_peakw0;2614.500;2614.5000;1248;2496.00;0.000000E+000;4.503083E-007;0.000000E+000;0.000000E+000;0.000000E+000;0.000000E+000;4.503083E-007
direct_peakw0;2614.500;2614.5000;1249;2498.00;0.000000E+000;1.387931E-007;0.000000E+000;0.000000E+000;0.000000E+000;0.000000E+000;1.387931E-007
direct_peakw0;2614.500;2614.5000;1250;2500.00;0.000000E+000;0.000000E+000;0.000000E+000;0.000000E+000;0.000000E+000;0.000000E+000;0.000000E+000
direct_peakw0;2614.500;2614.5000;1251;2502.00;0.000000E+000;0.000000E+000;0.000000E+000;0.000000E+000;0.000000E+000;0.000000E+000;0.000000E+000
direct_peakw0;2614.500;2614.5000;1252;2504.00;0.000000E+000;0.000000E+000;0.000000E+000;0.000000E+000;0.000000E+000;0.000000E+000;0.000000E+000
direct_peakw0;2614.500;2614.5000;1253;2506.00;0.000000E+000;3.648248E-007;0.000000E+000;0.000000E+000;0.000000E+000;0.000000E+000;3.648248E-007
direct_peakw0;2614.500;2614.5000;1254;2508.00;0.000000E+000;3.018418E-007;1.425077E-007;0.000000E+000;0.000000E+000;0.000000E+000;4.443496E-007
direct_peakw0;2614.500;2614.5000;1255;2510.00;0.000000E+000;1.666290E-009;1.908256E-007;0.000000E+000;0.000000E+000;0.000000E+000;1.924919E-007
direct_peakw0;2614.500;2614.5000;1256;2512.00;0.000000E+000;4.919094E-007;0.000000E+000;0.000000E+000;0.000000E+000;0.000000E+000;4.919094E-007
direct_peakw0;2614.500;2614.5000;1257;2514.00;0.000000E+000;2.580633E-007;0.000000E+000;0.000000E+000;0.000000E+000;0.000000E+000;2.580633E-007
direct_peakw0;2614.500;2614.5000;1258;2516.00;0.000000E+000;2.483610E-007;0.000000E+000;0.000000E+000;0.000000E+000;0.000000E+000;2.483610E-007
direct_peakw0;2614.500;2614.5000;1259;2518.00;0.000000E+000;0.000000E+000;0.000000E+000;0.000000E+000;0.000000E+000;0.000000E+000;0.000000E+000
direct_peakw0;2614.500;2614.5000;1260;2520.00;0.000000E+000;0.000000E+000;0.000000E+000;0.000000E+000;0.000000E+000;0.000000E+000;0.000000E+000
direct_peakw0;2614.500;2614.5000;1261;2522.00;0.000000E+000;0.000000E+000;0.000000E+000;0.000000E+000;0.000000E+000;0.000000E+000;0.000000E+000
direct_peakw0;2614.500;2614.5000;1262;2524.00;0.000000E+000;0.000000E+000;0.000000E+000;0.000000E+000;0.000000E+000;0.000000E+000;0.000000E+000
direct_peakw0;2614.500;2614.5000;1263;2526.00;0.000000E+000;0.000000E+000;0.000000E+000;0.000000E+000;0.000000E+000;0.000000E+000;0.000000E+000
direct_peakw0;2614.500;2614.5000;1264;2528.00;0.000000E+000;0.000000E+000;0.000000E+000;0.000000E+000;0.000000E+000;0.000000E+000;0.000000E+000
direct_peakw0;2614.500;2614.5000;1265;2530.00;0.000000E+000;0.000000E+000;0.000000E+000;0.000000E+000;0.000000E+000;0.000000E+000;0.000000E+000
direct_peakw0;2614.500;2614.5000;1266;2532.00;0.000000E+000;0.000000E+000;0.000000E+000;0.000000E+000;0.000000E+000;0.000000E+000;0.000000E+000
direct_peakw0;2614.500;2614.5000;1267;2534.00;0.000000E+000;0.000000E+000;0.000000E+000;0.000000E+000;0.000000E+000;0.000000E+000;0.000000E+000
direct_peakw0;2614.500;2614.5000;1268;2536.00;0.000000E+000;0.000000E+000;0.000000E+000;0.000000E+000;0.000000E+000;0.000000E+000;0.000000E+000
direct_peakw0;2614.500;2614.5000;1269;2538.00;0.000000E+000;0.000000E+000;0.000000E+000;0.000000E+000;0.000000E+000;0.000000E+000;0.000000E+000
direct_peakw0;2614.500;2614.5000;1270;2540.00;0.000000E+000;0.000000E+000;0.000000E+000;0.000000E+000;0.000000E+000;0.000000E+000;0.000000E+000
direct_peakw0;2614.500;2614.5000;1271;2542.00;0.000000E+000;0.000000E+000;0.000000E+000;0.000000E+000;0.000000E+000;0.000000E+000;0.000000E+000
direct_peakw0;2614.500;2614.5000;1272;2544.00;0.000000E+000;0.000000E+000;0.000000E+000;0.000000E+000;0.000000E+000;0.000000E+000;0.000000E+000
direct_peakw0;2614.500;2614.5000;1273;2546.00;0.000000E+000;2.725706E-007;0.000000E+000;0.000000E+000;0.000000E+000;0.000000E+000;2.725706E-007
direct_peakw0;2614.500;2614.5000;1274;2548.00;0.000000E+000;2.366211E-007;0.000000E+000;0.000000E+000;0.000000E+000;0.000000E+000;2.366211E-007
direct_peakw0;2614.500;2614.5000;1275;2550.00;0.000000E+000;1.574750E-007;0.000000E+000;0.000000E+000;0.000000E+000;0.000000E+000;1.574750E-007
direct_peakw0;2614.500;2614.5000;1276;2552.00;0.000000E+000;0.000000E+000;0.000000E+000;0.000000E+000;0.000000E+000;0.000000E+000;0.000000E+000
direct_peakw0;2614.500;2614.5000;1277;2554.00;0.000000E+000;4.471212E-008;0.000000E+000;0.000000E+000;0.000000E+000;0.000000E+000;4.471212E-008
direct_peakw0;2614.500;2614.5000;1278;2556.00;0.000000E+000;2.886212E-007;0.000000E+000;0.000000E+000;0.000000E+000;0.000000E+000;2.886212E-007
direct_peakw0;2614.500;2614.5000;1279;2558.00;0.000000E+000;0.000000E+000;0.000000E+000;0.000000E+000;0.000000E+000;0.000000E+000;0.000000E+000
direct_peakw0;2614.500;2614.5000;1280;2560.00;0.000000E+000;0.000000E+000;0.000000E+000;0.000000E+000;0.000000E+000;0.000000E+000;0.000000E+000
direct_peakw0;2614.500;2614.5000;1281;2562.00;0.000000E+000;0.000000E+000;0.000000E+000;0.000000E+000;0.000000E+000;0.000000E+000;0.000000E+000
direct_peakw0;2614.500;2614.5000;1282;2564.00;0.000000E+000;0.000000E+000;0.000000E+000;0.000000E+000;0.000000E+000;0.000000E+000;0.000000E+000
direct_peakw0;2614.500;2614.5000;1283;2566.00;0.000000E+000;2.159013E-007;0.000000E+000;0.000000E+000;0.000000E+000;0.000000E+000;2.159013E-007
direct_peakw0;2614.500;2614.5000;1284;2568.00;0.000000E+000;2.055265E-007;0.000000E+000;0.000000E+000;0.000000E+000;0.000000E+000;2.055265E-007
direct_peakw0;2614.500;2614.5000;1285;2570.00;0.000000E+000;7.412496E-007;0.000000E+000;0.000000E+000;0.000000E+000;0.000000E+000;7.412496E-007
direct_peakw0;2614.500;2614.5000;1286;2572.00;0.000000E+000;1.706559E-007;0.000000E+000;0.000000E+000;0.000000E+000;0.000000E+000;1.706559E-007
direct_peakw0;2614.500;2614.5000;1287;2574.00;0.000000E+000;1.760605E-007;0.000000E+000;0.000000E+000;0.000000E+000;0.000000E+000;1.760605E-007
direct_peakw0;2614.500;2614.5000;1288;2576.00;0.000000E+000;1.572728E-007;0.000000E+000;0.000000E+000;0.000000E+000;0.000000E+000;1.572728E-007
direct_peakw0;2614.500;2614.5000;1289;2578.00;0.000000E+000;1.470747E-008;0.000000E+000;0.000000E+000;0.000000E+000;0.000000E+000;1.470747E-008
direct_peakw0;2614.500;2614.5000;1290;2580.00;0.000000E+000;5.551900E-007;0.000000E+000;0.000000E+000;0.000000E+000;0.000000E+000;5.551900E-007
direct_peakw0;2614.500;2614.5000;1291;2582.00;0.000000E+000;9.935385E-008;0.000000E+000;1.550772E-008;0.000000E+000;0.000000E+000;1.148616E-007
direct_peakw0;2614.500;2614.5000;1292;2584.00;0.000000E+000;3.307487E-007;0.000000E+000;1.984492E-006;0.000000E+000;0.000000E+000;2.315241E-006
direct_peakw0;2614.500;2614.5000;1293;2586.00;0.000000E+000;0.000000E+000;0.000000E+000;0.000000E+000;0.000000E+000;0.000000E+000;0.000000E+000
direct_peakw0;2614.500;2614.5000;1294;2588.00;0.000000E+000;0.000000E+000;0.000000E+000;0.000000E+000;0.000000E+000;0.000000E+000;0.000000E+000
direct_peakw0;2614.500;2614.5000;1295;2590.00;0.000000E+000;0.000000E+000;0.000000E+000;0.000000E+000;0.000000E+000;0.000000E+000;0.000000E+000
direct_peakw0;2614.500;2614.5000;1296;2592.00;0.000000E+000;1.510125E-007;0.000000E+000;0.000000E+000;0.000000E+000;0.000000E+000;1.510125E-007
direct_peakw0;2614.500;2614.5000;1297;2594.00;0.000000E+000;1.823208E-007;0.000000E+000;0.000000E+000;0.000000E+000;0.000000E+000;1.823208E-007
direct_peakw0;2614.500;2614.5000;1298;2596.00;0.000000E+000;0.000000E+000;0.000000E+000;0.000000E+000;0.000000E+000;0.000000E+000;0.000000E+000
direct_peakw0;2614.500;2614.5000;1299;2598.00;0.000000E+000;0.000000E+000;0.000000E+000;0.000000E+000;0.000000E+000;0.000000E+000;0.000000E+000
direct_peakw0;2614.500;2614.5000;1300;2600.00;0.000000E+000;0.000000E+000;0.000000E+000;0.000000E+000;0.000000E+000;0.000000E+000;0.000000E+000
direct_peakw0;2614.500;2614.5000;1301;2602.00;0.000000E+000;0.000000E+000;0.000000E+000;0.000000E+000;0.000000E+000;0.000000E+000;0.000000E+000
direct_peakw0;2614.500;2614.5000;1302;2604.00;0.000000E+000;1.336866E-007;0.000000E+000;0.000000E+000;0.000000E+000;0.000000E+000;1.336866E-007
direct_peakw0;2614.500;2614.5000;1303;2606.00;0.000000E+000;5.043169E-007;0.000000E+000;0.000000E+000;0.000000E+000;0.000000E+000;5.043169E-007
direct_peakw0;2614.500;2614.5000;1304;2608.00;0.000000E+000;2.866322E-008;0.000000E+000;0.000000E+000;0.000000E+000;0.000000E+000;2.866322E-008
direct_peakw0;2614.500;2614.5000;1305;2610.00;0.000000E+000;0.000000E+000;0.000000E+000;0.000000E+000;0.000000E+000;0.000000E+000;0.000000E+000
direct_peakw0;2614.500;2614.5000;1306;2612.00;0.000000E+000;0.000000E+000;0.000000E+000;0.000000E+000;0.000000E+000;0.000000E+000;0.000000E+000
direct_peakw0;2614.500;2614.5000;1307;2614.00;3.615918E-004;2.662940E-009;0.000000E+000;0.000000E+000;0.000000E+000;0.000000E+000;3.615944E-004
