SETUP correlatedGamma=0 twoJmax=10 vacuum=0 seed=4 killesc=0 killcarry=0 fullcarry=0 histbin=0.100 histbins=30001 iontag=1
RESULT decays=20000000
RESULT any=2038080 eps_total=1.019040e-01
RESULT window=1123.200 counts=1524 eps=7.620000e-05
RESULT window=755.500 counts=689 eps=3.445000e-05
RESULT window=712.100 counts=473 eps=2.365000e-05
RESULT window=1434.000 counts=113 eps=5.650000e-06
RESULT window=1643.400 counts=84 eps=4.200000e-06
RESULT window=366.500 counts=1956 eps=9.780000e-05
RESULT window=1233.800 counts=732 eps=3.660000e-05
RESULT window=1529.800 counts=902 eps=4.510000e-05
RESULT window=989.200 counts=331 eps=1.655000e-05
RESULT window=565.700 counts=618 eps=3.090000e-05
RESULT window=161.300 counts=3547 eps=1.773500e-04
RESULT window=161.900 counts=5799 eps=2.899500e-04
RESULT window=167.300 counts=2491 eps=1.245500e-04
RESULT window=168.400 counts=1216 eps=6.080000e-05
RESULT window=284.200 counts=1346 eps=6.730000e-05
RESULT window=284.800 counts=1942 eps=9.710000e-05
RESULT window=290.200 counts=1013 eps=5.065000e-05
RESULT window=1447.500 counts=394 eps=1.970000e-05
RESULT window=1448.100 counts=782 eps=3.910000e-05
RESULT window=1453.500 counts=225 eps=1.125000e-05
RESULT window=1003.600 counts=567 eps=2.835000e-05
RESULT window=1004.200 counts=860 eps=4.300000e-05
RESULT window=1009.600 counts=369 eps=1.845000e-05
RESULT window=1125.400 counts=289 eps=1.445000e-05
RESULT window=1126.000 counts=394 eps=1.970000e-05
RESULT window=1131.400 counts=197 eps=9.850000e-06
RESULT window=1151.600 counts=477 eps=2.385000e-05
RESULT window=1152.200 counts=678 eps=3.390000e-05
RESULT window=1157.600 counts=319 eps=1.595000e-05
RESULT window=906.900 counts=324 eps=1.620000e-05
RESULT window=907.500 counts=400 eps=2.000000e-05
RESULT window=483.500 counts=580 eps=2.900000e-05
RESULT window=484.100 counts=734 eps=3.670000e-05
RESULT window=1334.700 counts=73 eps=3.650000e-06
RESULT window=930.500 counts=357 eps=1.785000e-05
RESULT window=1109.200 counts=521 eps=2.605000e-05
RESULT window=1250.000 counts=385 eps=1.925000e-05
RESULT window=1528.100 counts=414 eps=2.070000e-05
RESULT window=329.400 counts=1251 eps=6.255000e-05
HISTBEGIN bins=30001 bin_kev=0.100000 decays=20000000
HIST 0 18
HIST 1 48
HIST 2 55
HIST 3 64
HIST 4 72
HIST 5 58
HIST 6 52
HIST 7 63
HIST 8 67
HIST 9 95
HIST 10 67
HIST 11 99
HIST 12 89
HIST 13 90
HIST 14 92
HIST 15 91
HIST 16 93
HIST 17 107
HIST 18 94
HIST 19 96
HIST 20 94
HIST 21 97
HIST 22 100
HIST 23 107
HIST 24 101
HIST 25 105
HIST 26 105
HIST 27 99
HIST 28 81
HIST 29 119
HIST 30 123
HIST 31 119
HIST 32 112
HIST 33 110
HIST 34 107
HIST 35 118
HIST 36 120
HIST 37 123
HIST 38 126
HIST 39 115
HIST 40 105
HIST 41 139
HIST 42 117
HIST 43 115
HIST 44 124
HIST 45 140
HIST 46 140
HIST 47 126
HIST 48 142
HIST 49 161
HIST 50 158
HIST 51 169
HIST 52 156
HIST 53 170
HIST 54 181
HIST 55 170
HIST 56 187
HIST 57 204
HIST 58 171
HIST 59 174
HIST 60 187
HIST 61 191
HIST 62 179
HIST 63 168
HIST 64 256
HIST 65 1379
HIST 66 198
HIST 67 173
HIST 68 183
HIST 69 195
HIST 70 444
HIST 71 2460
HIST 72 187
HIST 73 5949
HIST 74 179
HIST 75 171
HIST 76 358
HIST 77 209
HIST 78 186
HIST 79 10708
HIST 80 197
HIST 81 194
HIST 82 186
HIST 83 193
HIST 84 219
HIST 85 211
HIST 86 194
HIST 87 197
HIST 88 214
HIST 89 222
HIST 90 232
HIST 91 219
HIST 92 251
HIST 93 275
HIST 94 288
HIST 95 253
HIST 96 267
HIST 97 298
HIST 98 311
HIST 99 328
HIST 100 348
HIST 101 388
HIST 102 326
HIST 103 346
HIST 104 323
HIST 105 355
HIST 106 335
HIST 107 345
HIST 108 468
HIST 109 18987
HIST 110 250
HIST 111 328
HIST 112 290
HIST 113 10216
HIST 114 264
HIST 115 224
HIST 116 33952
HIST 117 189
HIST 118 178
HIST 119 18068
HIST 120 147
HIST 121 143
HIST 122 143
HIST 123 386
HIST 124 527
HIST 125 136
HIST 126 163
HIST 127 159
HIST 128 171
HIST 129 152
HIST 130 658
HIST 131 529
HIST 132 2102
HIST 133 143
HIST 134 154
HIST 135 172
HIST 136 274
HIST 137 352
HIST 138 188
HIST 139 126
HIST 140 254
HIST 141 157
HIST 142 154
HIST 143 539
HIST 144 371
HIST 145 542
HIST 146 256
HIST 147 144
HIST 148 328
HIST 149 138
HIST 150 138
HIST 151 122
HIST 152 145
HIST 153 110
HIST 154 139
HIST 155 166
HIST 156 173
HIST 157 116
HIST 158 137
HIST 159 132
HIST 160 141
HIST 161 154
HIST 162 142
HIST 163 170
HIST 164 120
HIST 165 164
HIST 166 134
HIST 167 3337
HIST 168 130
HIST 169 6133
HIST 170 1774
HIST 171 127
HIST 172 3428
HIST 173 119
HIST 174 100
HIST 175 165
HIST 176 117
HIST 177 136
HIST 178 124
HIST 179 133
HIST 180 1989
HIST 181 154
HIST 182 503
HIST 183 1169
HIST 184 126
HIST 185 329
HIST 186 88
HIST 187 95
HIST 188 102
HIST 189 119
HIST 190 110
HIST 191 116
HIST 192 112
HIST 193 117
HIST 194 119
HIST 195 120
HIST 196 95
HIST 197 109
HIST 198 117
HIST 199 101
HIST 200 128
HIST 201 114
HIST 202 185
HIST 203 110
HIST 204 91
HIST 205 165
HIST 206 113
HIST 207 100
HIST 208 91
HIST 209 125
HIST 210 103
HIST 211 107
HIST 212 109
HIST 213 106
HIST 214 133
HIST 215 106
HIST 216 74
HIST 217 131
HIST 218 98
HIST 219 112
HIST 220 102
HIST 221 110
HIST 222 109
HIST 223 108
HIST 224 102
HIST 225 134
HIST 226 99
HIST 227 93
HIST 228 113
HIST 229 107
HIST 230 94
HIST 231 122
HIST 232 98
HIST 233 106
HIST 234 106
HIST 235 105
HIST 236 94
HIST 237 104
HIST 238 98
HIST 239 109
HIST 240 91
HIST 241 103
HIST 242 100
HIST 243 109
HIST 244 110
HIST 245 113
HIST 246 90
HIST 247 110
HIST 248 108
HIST 249 93
HIST 250 118
HIST 251 104
HIST 252 104
HIST 253 97
HIST 254 107
HIST 255 104
HIST 256 87
HIST 257 102
HIST 258 104
HIST 259 106
HIST 260 113
HIST 261 116
HIST 262 101
HIST 263 108
HIST 264 108
HIST 265 109
HIST 266 93
HIST 267 111
HIST 268 87
HIST 269 106
HIST 270 101
HIST 271 101
HIST 272 109
HIST 273 95
HIST 274 104
HIST 275 99
HIST 276 119
HIST 277 116
HIST 278 99
HIST 279 105
HIST 280 111
HIST 281 115
HIST 282 93
HIST 283 121
HIST 284 126
HIST 285 105
HIST 286 129
HIST 287 138
HIST 288 107
HIST 289 89
HIST 290 109
HIST 291 115
HIST 292 121
HIST 293 106
HIST 294 115
HIST 295 113
HIST 296 143
HIST 297 111
HIST 298 126
HIST 299 130
HIST 300 122
HIST 301 109
HIST 302 118
HIST 303 122
HIST 304 133
HIST 305 141
HIST 306 125
HIST 307 137
HIST 308 134
HIST 309 125
HIST 310 130
HIST 311 137
HIST 312 154
HIST 313 147
HIST 314 148
HIST 315 132
HIST 316 133
HIST 317 150
HIST 318 151
HIST 319 143
HIST 320 162
HIST 321 141
HIST 322 178
HIST 323 150
HIST 324 160
HIST 325 158
HIST 326 156
HIST 327 165
HIST 328 167
HIST 329 179
HIST 330 175
HIST 331 162
HIST 332 147
HIST 333 138
HIST 334 173
HIST 335 167
HIST 336 178
HIST 337 176
HIST 338 184
HIST 339 152
HIST 340 191
HIST 341 176
HIST 342 204
HIST 343 221
HIST 344 197
HIST 345 213
HIST 346 217
HIST 347 236
HIST 348 244
HIST 349 239
HIST 350 236
HIST 351 314
HIST 352 247
HIST 353 306
HIST 354 268
HIST 355 294
HIST 356 330
HIST 357 340
HIST 358 283
HIST 359 346
HIST 360 415
HIST 361 365
HIST 362 467
HIST 363 392
HIST 364 354
HIST 365 409
HIST 366 471
HIST 367 538
HIST 368 535
HIST 369 539
HIST 370 561
HIST 371 620
HIST 372 690
HIST 373 745
HIST 374 734
HIST 375 780
HIST 376 814
HIST 377 850
HIST 378 805
HIST 379 865
HIST 380 896
HIST 381 918
HIST 382 1003
HIST 383 981
HIST 384 989
HIST 385 1047
HIST 386 1102
HIST 387 1104
HIST 388 1133
HIST 389 1086
HIST 390 1205
HIST 391 1239
HIST 392 1289
HIST 393 1242
HIST 394 1344
HIST 395 1076
HIST 396 154303
HIST 397 840
HIST 398 878
HIST 399 894
HIST 400 855
HIST 401 668
HIST 402 281398
HIST 403 132
HIST 404 138
HIST 405 140
HIST 406 158
HIST 407 146
HIST 408 150
HIST 409 158
HIST 410 146
HIST 411 167
HIST 412 164
HIST 413 193
HIST 414 169
HIST 415 190
HIST 416 179
HIST 417 164
HIST 418 190
HIST 419 177
HIST 420 196
HIST 421 220
HIST 422 186
HIST 423 235
HIST 424 2285
HIST 425 237
HIST 426 271
HIST 427 256
HIST 428 236
HIST 429 269
HIST 430 248
HIST 431 3934
HIST 432 270
HIST 433 262
HIST 434 298
HIST 435 294
HIST 436 258
HIST 437 267
HIST 438 299
HIST 439 265
HIST 440 309
HIST 441 293
HIST 442 318
HIST 443 326
HIST 444 348
HIST 445 338
HIST 446 321
HIST 447 353
HIST 448 358
HIST 449 341
HIST 450 381
HIST 451 339
HIST 452 352
HIST 453 31291
HIST 454 244
HIST 455 59937
HIST 456 136
HIST 457 148
HIST 458 1199
HIST 459 151
HIST 460 141
HIST 461 171
HIST 462 144
HIST 463 138
HIST 464 149
HIST 465 157
HIST 466 20376
HIST 467 340
HIST 468 2831
HIST 469 1543
HIST 470 82
HIST 471 102
HIST 472 93
HIST 473 111
HIST 474 150
HIST 475 144
HIST 476 93
HIST 477 96
HIST 478 102
HIST 479 86
HIST 480 127
HIST 481 116
HIST 482 92
HIST 483 89
HIST 484 88
HIST 485 69
HIST 486 492
HIST 487 81
HIST 488 879
HIST 489 93
HIST 490 98
HIST 491 90
HIST 492 103
HIST 493 85
HIST 494 86
HIST 495 102
HIST 496 89
HIST 497 91
HIST 498 101
HIST 499 91
HIST 500 364
HIST 501 106
HIST 502 90
HIST 503 137
HIST 504 100
HIST 505 173
HIST 506 91
HIST 507 96
HIST 508 126
HIST 509 92
HIST 510 84
HIST 511 407
HIST 512 102
HIST 513 81
HIST 514 252
HIST 515 83
HIST 516 92
HIST 517 371
HIST 518 77
HIST 519 101
HIST 520 244
HIST 521 70
HIST 522 85
HIST 523 86
HIST 524 97
HIST 525 106
HIST 526 113
HIST 527 97
HIST 528 84
HIST 529 63
HIST 530 88
HIST 531 80
HIST 532 106
HIST 533 94
HIST 534 122
HIST 535 90
HIST 536 90
HIST 537 91
HIST 538 83
HIST 539 91
HIST 540 78
HIST 541 84
HIST 542 84
HIST 543 81
HIST 544 86
HIST 545 95
HIST 546 96
HIST 547 98
HIST 548 67
HIST 549 77
HIST 550 87
HIST 551 83
HIST 552 97
HIST 553 98
HIST 554 91
HIST 555 114
HIST 556 86
HIST 557 79
HIST 558 80
HIST 559 96
HIST 560 80
HIST 561 86
HIST 562 70
HIST 563 123
HIST 564 127
HIST 565 98
HIST 566 102
HIST 567 108
HIST 568 104
HIST 569 144
HIST 570 170
HIST 571 79
HIST 572 122
HIST 573 165
HIST 574 87
HIST 575 102
HIST 576 93
HIST 577 99
HIST 578 84
HIST 579 78
HIST 580 79
HIST 581 103
HIST 582 128
HIST 583 77
HIST 584 92
HIST 585 106
HIST 586 101
HIST 587 78
HIST 588 90
HIST 589 97
HIST 590 73
HIST 591 95
HIST 592 94
HIST 593 98
HIST 594 86
HIST 595 82
HIST 596 90
HIST 597 89
HIST 598 78
HIST 599 84
HIST 600 85
HIST 601 76
HIST 602 80
HIST 603 80
HIST 604 77
HIST 605 86
HIST 606 72
HIST 607 71
HIST 608 103
HIST 609 96
HIST 610 80
HIST 611 79
HIST 612 83
HIST 613 82
HIST 614 67
HIST 615 87
HIST 616 98
HIST 617 105
HIST 618 82
HIST 619 93
HIST 620 79
HIST 621 99
HIST 622 96
HIST 623 95
HIST 624 101
HIST 625 89
HIST 626 105
HIST 627 77
HIST 628 88
HIST 629 77
HIST 630 81
HIST 631 83
HIST 632 78
HIST 633 72
HIST 634 80
HIST 635 94
HIST 636 86
HIST 637 93
HIST 638 91
HIST 639 76
HIST 640 94
HIST 641 94
HIST 642 84
HIST 643 81
HIST 644 80
HIST 645 84
HIST 646 70
HIST 647 100
HIST 648 74
HIST 649 79
HIST 650 89
HIST 651 94
HIST 652 97
HIST 653 86
HIST 654 92
HIST 655 92
HIST 656 89
HIST 657 93
HIST 658 83
HIST 659 81
HIST 660 91
HIST 661 98
HIST 662 94
HIST 663 79
HIST 664 93
HIST 665 89
HIST 666 82
HIST 667 90
HIST 668 87
HIST 669 96
HIST 670 80
HIST 671 107
HIST 672 101
HIST 673 98
HIST 674 93
HIST 675 80
HIST 676 95
HIST 677 90
HIST 678 76
HIST 679 86
HIST 680 82
HIST 681 70
HIST 682 78
HIST 683 106
HIST 684 76
HIST 685 88
HIST 686 79
HIST 687 84
HIST 688 86
HIST 689 92
HIST 690 89
HIST 691 83
HIST 692 83
HIST 693 85
HIST 694 92
HIST 695 88
HIST 696 93
HIST 697 92
HIST 698 103
HIST 699 81
HIST 700 103
HIST 701 97
HIST 702 85
HIST 703 86
HIST 704 82
HIST 705 93
HIST 706 91
HIST 707 82
HIST 708 100
HIST 709 98
HIST 710 93
HIST 711 81
HIST 712 84
HIST 713 88
HIST 714 94
HIST 715 74
HIST 716 82
HIST 717 83
HIST 718 81
HIST 719 97
HIST 720 97
HIST 721 102
HIST 722 98
HIST 723 87
HIST 724 87
HIST 725 82
HIST 726 87
HIST 727 78
HIST 728 80
HIST 729 81
HIST 730 70
HIST 731 57
HIST 732 98
HIST 733 95
HIST 734 77
HIST 735 84
HIST 736 83
HIST 737 113
HIST 738 79
HIST 739 85
HIST 740 95
HIST 741 101
HIST 742 96
HIST 743 87
HIST 744 95
HIST 745 90
HIST 746 111
HIST 747 105
HIST 748 93
HIST 749 85
HIST 750 89
HIST 751 90
HIST 752 88
HIST 753 81
HIST 754 98
HIST 755 82
HIST 756 76
HIST 757 89
HIST 758 85
HIST 759 82
HIST 760 114
HIST 761 88
HIST 762 80
HIST 763 75
HIST 764 78
HIST 765 104
HIST 766 104
HIST 767 84
HIST 768 99
HIST 769 122
HIST 770 95
HIST 771 78
HIST 772 101
HIST 773 97
HIST 774 81
HIST 775 98
HIST 776 89
HIST 777 90
HIST 778 107
HIST 779 99
HIST 780 117
HIST 781 98
HIST 782 102
HIST 783 99
HIST 784 102
HIST 785 107
HIST 786 93
HIST 787 86
HIST 788 109
HIST 789 102
HIST 790 100
HIST 791 455
HIST 792 103
HIST 793 126
HIST 794 100
HIST 795 99
HIST 796 103
HIST 797 1395
HIST 798 83
HIST 799 81
HIST 800 110
HIST 801 101
HIST 802 90
HIST 803 1263
HIST 804 92
HIST 805 81
HIST 806 96
HIST 807 80
HIST 808 85
HIST 809 99
HIST 810 89
HIST 811 100
HIST 812 97
HIST 813 85
HIST 814 100
HIST 815 89
HIST 816 98
HIST 817 92
HIST 818 109
HIST 819 102
HIST 820 86
HIST 821 88
HIST 822 91
HIST 823 119
HIST 824 84
HIST 825 112
HIST 826 112
HIST 827 113
HIST 828 101
HIST 829 104
HIST 830 106
HIST 831 112
HIST 832 98
HIST 833 89
HIST 834 116
HIST 835 84
HIST 836 116
HIST 837 108
HIST 838 104
HIST 839 105
HIST 840 104
HIST 841 129
HIST 842 117
HIST 843 102
HIST 844 97
HIST 845 110
HIST 846 94
HIST 847 113
HIST 848 130
HIST 849 278
HIST 850 401
HIST 851 103
HIST 852 96
HIST 853 102
HIST 854 78
HIST 855 350
HIST 856 586
HIST 857 97
HIST 858 96
HIST 859 82
HIST 860 111
HIST 861 97
HIST 862 171
HIST 863 92
HIST 864 131
HIST 865 97
HIST 866 99
HIST 867 118
HIST 868 290
HIST 869 110
HIST 870 140
HIST 871 89
HIST 872 101
HIST 873 106
HIST 874 89
HIST 875 106
HIST 876 102
HIST 877 99
HIST 878 106
HIST 879 85
HIST 880 91
HIST 881 76
HIST 882 81
HIST 883 108
HIST 884 114
HIST 885 108
HIST 886 113
HIST 887 106
HIST 888 416
HIST 889 83
HIST 890 113
HIST 891 85
HIST 892 95
HIST 893 100
HIST 894 104
HIST 895 1568
HIST 896 70
HIST 897 110
HIST 898 96
HIST 899 105
HIST 900 112
HIST 901 116
HIST 902 95
HIST 903 92
HIST 904 107
HIST 905 96
HIST 906 104
HIST 907 126
HIST 908 119
HIST 909 158
HIST 910 108
HIST 911 107
HIST 912 89
HIST 913 97
HIST 914 92
HIST 915 83
HIST 916 95
HIST 917 94
HIST 918 97
HIST 919 128
HIST 920 106
HIST 921 152
HIST 922 115
HIST 923 87
HIST 924 89
HIST 925 113
HIST 926 81
HIST 927 90
HIST 928 113
HIST 929 101
HIST 930 102
HIST 931 95
HIST 932 4000
HIST 933 95
HIST 934 112
HIST 935 2101
HIST 936 81
HIST 937 116
HIST 938 108
HIST 939 100
HIST 940 103
HIST 941 87
HIST 942 102
HIST 943 102
HIST 944 98
HIST 945 105
HIST 946 110
HIST 947 90
HIST 948 102
HIST 949 96
HIST 950 123
HIST 951 91
HIST 952 106
HIST 953 110
HIST 954 94
HIST 955 109
HIST 956 111
HIST 957 91
HIST 958 107
HIST 959 110
HIST 960 113
HIST 961 104
HIST 962 88
HIST 963 73
HIST 964 93
HIST 965 119
HIST 966 100
HIST 967 103
HIST 968 96
HIST 969 126
HIST 970 95
HIST 971 133
HIST 972 112
HIST 973 112
HIST 974 118
HIST 975 98
HIST 976 101
HIST 977 102
HIST 978 124
HIST 979 105
HIST 980 108
HIST 981 90
HIST 982 115
HIST 983 130
HIST 984 129
HIST 985 114
HIST 986 122
HIST 987 128
HIST 988 106
HIST 989 107
HIST 990 140
HIST 991 118
HIST 992 113
HIST 993 118
HIST 994 113
HIST 995 113
HIST 996 132
HIST 997 114
HIST 998 132
HIST 999 117
HIST 1000 112
HIST 1001 114
HIST 1002 131
HIST 1003 110
HIST 1004 118
HIST 1005 103
HIST 1006 120
HIST 1007 129
HIST 1008 144
HIST 1009 118
HIST 1010 122
HIST 1011 135
HIST 1012 133
HIST 1013 130
HIST 1014 131
HIST 1015 133
HIST 1016 113
HIST 1017 106
HIST 1018 119
HIST 1019 129
HIST 1020 107
HIST 1021 117
HIST 1022 123
HIST 1023 130
HIST 1024 127
HIST 1025 122
HIST 1026 134
HIST 1027 123
HIST 1028 121
HIST 1029 147
HIST 1030 117
HIST 1031 136
HIST 1032 145
HIST 1033 140
HIST 1034 115
HIST 1035 155
HIST 1036 147
HIST 1037 131
HIST 1038 135
HIST 1039 136
HIST 1040 134
HIST 1041 153
HIST 1042 141
HIST 1043 128
HIST 1044 147
HIST 1045 132
HIST 1046 116
HIST 1047 135
HIST 1048 129
HIST 1049 140
HIST 1050 139
HIST 1051 129
HIST 1052 134
HIST 1053 129
HIST 1054 149
HIST 1055 131
HIST 1056 127
HIST 1057 122
HIST 1058 146
HIST 1059 141
HIST 1060 136
HIST 1061 143
HIST 1062 160
HIST 1063 151
HIST 1064 157
HIST 1065 163
HIST 1066 140
HIST 1067 162
HIST 1068 136
HIST 1069 163
HIST 1070 128
HIST 1071 137
HIST 1072 143
HIST 1073 158
HIST 1074 138
HIST 1075 143
HIST 1076 144
HIST 1077 139
HIST 1078 139
HIST 1079 135
HIST 1080 168
HIST 1081 149
HIST 1082 161
HIST 1083 143
HIST 1084 145
HIST 1085 147
HIST 1086 136
HIST 1087 154
HIST 1088 156
HIST 1089 154
HIST 1090 157
HIST 1091 183
HIST 1092 140
HIST 1093 170
HIST 1094 146
HIST 1095 157
HIST 1096 146
HIST 1097 182
HIST 1098 137
HIST 1099 147
HIST 1100 169
HIST 1101 166
HIST 1102 138
HIST 1103 144
HIST 1104 164
HIST 1105 166
HIST 1106 150
HIST 1107 150
HIST 1108 167
HIST 1109 146
HIST 1110 145
HIST 1111 148
HIST 1112 139
HIST 1113 159
HIST 1114 161
HIST 1115 167
HIST 1116 169
HIST 1117 173
HIST 1118 174
HIST 1119 151
HIST 1120 146
HIST 1121 161
HIST 1122 173
HIST 1123 164
HIST 1124 171
HIST 1125 159
HIST 1126 142
HIST 1127 149
HIST 1128 163
HIST 1129 176
HIST 1130 162
HIST 1131 131
HIST 1132 176
HIST 1133 188
HIST 1134 169
HIST 1135 164
HIST 1136 174
HIST 1137 178
HIST 1138 179
HIST 1139 154
HIST 1140 168
HIST 1141 176
HIST 1142 164
HIST 1143 168
HIST 1144 194
HIST 1145 160
HIST 1146 181
HIST 1147 163
HIST 1148 195
HIST 1149 149
HIST 1150 147
HIST 1151 177
HIST 1152 160
HIST 1153 164
HIST 1154 168
HIST 1155 177
HIST 1156 186
HIST 1157 179
HIST 1158 177
HIST 1159 168
HIST 1160 161
HIST 1161 174
HIST 1162 196
HIST 1163 175
HIST 1164 182
HIST 1165 163
HIST 1166 169
HIST 1167 160
HIST 1168 184
HIST 1169 181
HIST 1170 206
HIST 1171 177
HIST 1172 178
HIST 1173 187
HIST 1174 162
HIST 1175 190
HIST 1176 175
HIST 1177 222
HIST 1178 171
HIST 1179 187
HIST 1180 173
HIST 1181 189
HIST 1182 167
HIST 1183 166
HIST 1184 187
HIST 1185 189
HIST 1186 217
HIST 1187 190
HIST 1188 202
HIST 1189 190
HIST 1190 218
HIST 1191 209
HIST 1192 196
HIST 1193 174
HIST 1194 203
HIST 1195 210
HIST 1196 198
HIST 1197 175
HIST 1198 189
HIST 1199 174
HIST 1200 192
HIST 1201 188
HIST 1202 203
HIST 1203 195
HIST 1204 182
HIST 1205 182
HIST 1206 187
HIST 1207 177
HIST 1208 179
HIST 1209 220
HIST 1210 189
HIST 1211 187
HIST 1212 184
HIST 1213 158
HIST 1214 170
HIST 1215 200
HIST 1216 142
HIST 1217 145
HIST 1218 290711
HIST 1219 61
HIST 1220 75
HIST 1221 64
HIST 1222 53
HIST 1223 82
HIST 1224 71
HIST 1225 85
HIST 1226 88
HIST 1227 81
HIST 1228 55
HIST 1229 74
HIST 1230 70
HIST 1231 78
HIST 1232 78
HIST 1233 58
HIST 1234 82
HIST 1235 84
HIST 1236 51
HIST 1237 63
HIST 1238 70
HIST 1239 75
HIST 1240 73
HIST 1241 67
HIST 1242 77
HIST 1243 72
HIST 1244 76
HIST 1245 71
HIST 1246 80
HIST 1247 75
HIST 1248 62
HIST 1249 60
HIST 1250 65
HIST 1251 75
HIST 1252 70
HIST 1253 65
HIST 1254 65
HIST 1255 66
HIST 1256 80
HIST 1257 117
HIST 1258 75
HIST 1259 64
HIST 1260 86
HIST 1261 70
HIST 1262 83
HIST 1263 65
HIST 1264 82
HIST 1265 75
HIST 1266 62
HIST 1267 71
HIST 1268 72
HIST 1269 72
HIST 1270 63
HIST 1271 85
HIST 1272 83
HIST 1273 77
HIST 1274 84
HIST 1275 80
HIST 1276 77
HIST 1277 80
HIST 1278 62
HIST 1279 76
HIST 1280 69
HIST 1281 80
HIST 1282 74
HIST 1283 117
HIST 1284 75
HIST 1285 83
HIST 1286 69
HIST 1287 73
HIST 1288 79
HIST 1289 116
HIST 1290 147
HIST 1291 113
HIST 1292 75
HIST 1293 73
HIST 1294 58
HIST 1295 72
HIST 1296 75
HIST 1297 242
HIST 1298 67
HIST 1299 71
HIST 1300 77
HIST 1301 82
HIST 1302 76
HIST 1303 75
HIST 1304 70
HIST 1305 74
HIST 1306 68
HIST 1307 77
HIST 1308 86
HIST 1309 86
HIST 1310 71
HIST 1311 96
HIST 1312 66
HIST 1313 112
HIST 1314 61
HIST 1315 102
HIST 1316 75
HIST 1317 65
HIST 1318 81
HIST 1319 65
HIST 1320 77
HIST 1321 83
HIST 1322 68
HIST 1323 72
HIST 1324 71
HIST 1325 68
HIST 1326 74
HIST 1327 440
HIST 1328 80
HIST 1329 81
HIST 1330 251
HIST 1331 80
HIST 1332 71
HIST 1333 725
HIST 1334 81
HIST 1335 83
HIST 1336 399
HIST 1337 70
HIST 1338 65
HIST 1339 85
HIST 1340 81
HIST 1341 74
HIST 1342 73
HIST 1343 68
HIST 1344 75
HIST 1345 72
HIST 1346 82
HIST 1347 65
HIST 1348 90
HIST 1349 83
HIST 1350 109
HIST 1351 80
HIST 1352 80
HIST 1353 58
HIST 1354 71
HIST 1355 82
HIST 1356 70
HIST 1357 69
HIST 1358 63
HIST 1359 51
HIST 1360 57
HIST 1361 92
HIST 1362 72
HIST 1363 83
HIST 1364 60
HIST 1365 64
HIST 1366 60
HIST 1367 68
HIST 1368 68
HIST 1369 79
HIST 1370 71
HIST 1371 67
HIST 1372 69
HIST 1373 60
HIST 1374 73
HIST 1375 60
HIST 1376 67
HIST 1377 80
HIST 1378 75
HIST 1379 79
HIST 1380 67
HIST 1381 52
HIST 1382 78
HIST 1383 78
HIST 1384 84
HIST 1385 126
HIST 1386 177
HIST 1387 48
HIST 1388 94
HIST 1389 131
HIST 1390 65
HIST 1391 59
HIST 1392 57
HIST 1393 76
HIST 1394 59
HIST 1395 70
HIST 1396 75
HIST 1397 71
HIST 1398 104
HIST 1399 76
HIST 1400 70
HIST 1401 96
HIST 1402 70
HIST 1403 74
HIST 1404 75
HIST 1405 73
HIST 1406 71
HIST 1407 72
HIST 1408 58
HIST 1409 87
HIST 1410 65
HIST 1411 87
HIST 1412 75
HIST 1413 80
HIST 1414 78
HIST 1415 84
HIST 1416 80
HIST 1417 71
HIST 1418 66
HIST 1419 83
HIST 1420 78
HIST 1421 68
HIST 1422 80
HIST 1423 65
HIST 1424 73
HIST 1425 63
HIST 1426 83
HIST 1427 78
HIST 1428 67
HIST 1429 73
HIST 1430 62
HIST 1431 76
HIST 1432 82
HIST 1433 98
HIST 1434 70
HIST 1435 81
HIST 1436 74
HIST 1437 77
HIST 1438 82
HIST 1439 75
HIST 1440 93
HIST 1441 62
HIST 1442 70
HIST 1443 65
HIST 1444 83
HIST 1445 75
HIST 1446 69
HIST 1447 87
HIST 1448 68
HIST 1449 82
HIST 1450 79
HIST 1451 52
HIST 1452 63
HIST 1453 63
HIST 1454 71
HIST 1455 68
HIST 1456 91
HIST 1457 64
HIST 1458 70
HIST 1459 86
HIST 1460 86
HIST 1461 72
HIST 1462 68
HIST 1463 67
HIST 1464 66
HIST 1465 80
HIST 1466 72
HIST 1467 82
HIST 1468 89
HIST 1469 83
HIST 1470 85
HIST 1471 82
HIST 1472 80
HIST 1473 93
HIST 1474 92
HIST 1475 83
HIST 1476 82
HIST 1477 88
HIST 1478 77
HIST 1479 86
HIST 1480 289
HIST 1481 86
HIST 1482 85
HIST 1483 90
HIST 1484 70
HIST 1485 91
HIST 1486 82
HIST 1487 83
HIST 1488 80
HIST 1489 66
HIST 1490 84
HIST 1491 85
HIST 1492 83
HIST 1493 96
HIST 1494 81
HIST 1495 72
HIST 1496 85
HIST 1497 78
HIST 1498 93
HIST 1499 73
HIST 1500 77
HIST 1501 92
HIST 1502 76
HIST 1503 79
HIST 1504 87
HIST 1505 91
HIST 1506 79
HIST 1507 86
HIST 1508 84
HIST 1509 86
HIST 1510 65
HIST 1511 85
HIST 1512 102
HIST 1513 73
HIST 1514 83
HIST 1515 76
HIST 1516 84
HIST 1517 85
HIST 1518 77
HIST 1519 76
HIST 1520 80
HIST 1521 91
HIST 1522 75
HIST 1523 88
HIST 1524 63
HIST 1525 85
HIST 1526 74
HIST 1527 67
HIST 1528 85
HIST 1529 91
HIST 1530 83
HIST 1531 73
HIST 1532 81
HIST 1533 77
HIST 1534 78
HIST 1535 68
HIST 1536 82
HIST 1537 95
HIST 1538 81
HIST 1539 74
HIST 1540 79
HIST 1541 73
HIST 1542 73
HIST 1543 85
HIST 1544 79
HIST 1545 77
HIST 1546 77
HIST 1547 93
HIST 1548 99
HIST 1549 83
HIST 1550 69
HIST 1551 83
HIST 1552 84
HIST 1553 78
HIST 1554 89
HIST 1555 92
HIST 1556 74
HIST 1557 74
HIST 1558 73
HIST 1559 83
HIST 1560 78
HIST 1561 98
HIST 1562 85
HIST 1563 91
HIST 1564 97
HIST 1565 82
HIST 1566 80
HIST 1567 94
HIST 1568 78
HIST 1569 84
HIST 1570 75
HIST 1571 90
HIST 1572 79
HIST 1573 72
HIST 1574 85
HIST 1575 91
HIST 1576 79
HIST 1577 96
HIST 1578 95
HIST 1579 83
HIST 1580 91
HIST 1581 69
HIST 1582 97
HIST 1583 84
HIST 1584 96
HIST 1585 100
HIST 1586 94
HIST 1587 90
HIST 1588 81
HIST 1589 83
HIST 1590 81
HIST 1591 93
HIST 1592 96
HIST 1593 87
HIST 1594 94
HIST 1595 100
HIST 1596 84
HIST 1597 90
HIST 1598 100
HIST 1599 87
HIST 1600 91
HIST 1601 80
HIST 1602 85
HIST 1603 108
HIST 1604 92
HIST 1605 90
HIST 1606 104
HIST 1607 89
HIST 1608 103
HIST 1609 96
HIST 1610 97
HIST 1611 116
HIST 1612 104
HIST 1613 2700
HIST 1614 75
HIST 1615 65
HIST 1616 94
HIST 1617 96
HIST 1618 101
HIST 1619 4747
HIST 1620 391
HIST 1621 68
HIST 1622 74
HIST 1623 79
HIST 1624 93
HIST 1625 85
HIST 1626 74
HIST 1627 79
HIST 1628 73
HIST 1629 99
HIST 1630 76
HIST 1631 59
HIST 1632 84
HIST 1633 76
HIST 1634 81
HIST 1635 87
HIST 1636 66
HIST 1637 98
HIST 1638 79
HIST 1639 92
HIST 1640 78
HIST 1641 81
HIST 1642 75
HIST 1643 70
HIST 1644 75
HIST 1645 82
HIST 1646 94
HIST 1647 82
HIST 1648 75
HIST 1649 96
HIST 1650 78
HIST 1651 96
HIST 1652 75
HIST 1653 80
HIST 1654 76
HIST 1655 93
HIST 1656 71
HIST 1657 87
HIST 1658 89
HIST 1659 76
HIST 1660 84
HIST 1661 94
HIST 1662 82
HIST 1663 81
HIST 1664 83
HIST 1665 78
HIST 1666 74
HIST 1667 75
HIST 1668 85
HIST 1669 80
HIST 1670 89
HIST 1671 623
HIST 1672 437
HIST 1673 811
HIST 1674 90
HIST 1675 100
HIST 1676 83
HIST 1677 97
HIST 1678 68
HIST 1679 89
HIST 1680 71
HIST 1681 77
HIST 1682 71
HIST 1683 72
HIST 1684 422
HIST 1685 92
HIST 1686 156
HIST 1687 85
HIST 1688 84
HIST 1689 85
HIST 1690 83
HIST 1691 67
HIST 1692 70
HIST 1693 87
HIST 1694 86
HIST 1695 88
HIST 1696 76
HIST 1697 61
HIST 1698 79
HIST 1699 88
HIST 1700 76
HIST 1701 88
HIST 1702 82
HIST 1703 82
HIST 1704 85
HIST 1705 66
HIST 1706 79
HIST 1707 86
HIST 1708 73
HIST 1709 88
HIST 1710 84
HIST 1711 78
HIST 1712 82
HIST 1713 101
HIST 1714 76
HIST 1715 90
HIST 1716 89
HIST 1717 71
HIST 1718 78
HIST 1719 85
HIST 1720 71
HIST 1721 102
HIST 1722 81
HIST 1723 87
HIST 1724 101
HIST 1725 78
HIST 1726 89
HIST 1727 76
HIST 1728 81
HIST 1729 91
HIST 1730 101
HIST 1731 82
HIST 1732 84
HIST 1733 85
HIST 1734 82
HIST 1735 99
HIST 1736 69
HIST 1737 68
HIST 1738 81
HIST 1739 80
HIST 1740 74
HIST 1741 77
HIST 1742 72
HIST 1743 75
HIST 1744 94
HIST 1745 88
HIST 1746 92
HIST 1747 78
HIST 1748 82
HIST 1749 73
HIST 1750 92
HIST 1751 86
HIST 1752 87
HIST 1753 79
HIST 1754 68
HIST 1755 66
HIST 1756 68
HIST 1757 85
HIST 1758 78
HIST 1759 68
HIST 1760 90
HIST 1761 67
HIST 1762 76
HIST 1763 68
HIST 1764 80
HIST 1765 66
HIST 1766 86
HIST 1767 92
HIST 1768 71
HIST 1769 79
HIST 1770 84
HIST 1771 65
HIST 1772 81
HIST 1773 86
HIST 1774 75
HIST 1775 87
HIST 1776 78
HIST 1777 86
HIST 1778 89
HIST 1779 77
HIST 1780 79
HIST 1781 94
HIST 1782 83
HIST 1783 86
HIST 1784 90
HIST 1785 84
HIST 1786 93
HIST 1787 98
HIST 1788 97
HIST 1789 72
HIST 1790 81
HIST 1791 90
HIST 1792 79
HIST 1793 85
HIST 1794 91
HIST 1795 85
HIST 1796 88
HIST 1797 84
HIST 1798 85
HIST 1799 78
HIST 1800 103
HIST 1801 78
HIST 1802 78
HIST 1803 84
HIST 1804 83
HIST 1805 82
HIST 1806 84
HIST 1807 69
HIST 1808 83
HIST 1809 84
HIST 1810 85
HIST 1811 88
HIST 1812 81
HIST 1813 85
HIST 1814 86
HIST 1815 87
HIST 1816 85
HIST 1817 78
HIST 1818 82
HIST 1819 78
HIST 1820 95
HIST 1821 77
HIST 1822 95
HIST 1823 87
HIST 1824 96
HIST 1825 70
HIST 1826 77
HIST 1827 73
HIST 1828 59
HIST 1829 103
HIST 1830 92
HIST 1831 81
HIST 1832 97
HIST 1833 73
HIST 1834 85
HIST 1835 92
HIST 1836 94
HIST 1837 82
HIST 1838 91
HIST 1839 78
HIST 1840 89
HIST 1841 85
HIST 1842 78
HIST 1843 85
HIST 1844 80
HIST 1845 79
HIST 1846 85
HIST 1847 71
HIST 1848 79
HIST 1849 81
HIST 1850 97
HIST 1851 97
HIST 1852 96
HIST 1853 85
HIST 1854 95
HIST 1855 86
HIST 1856 72
HIST 1857 61
HIST 1858 101
HIST 1859 103
HIST 1860 70
HIST 1861 88
HIST 1862 103
HIST 1863 87
HIST 1864 85
HIST 1865 99
HIST 1866 81
HIST 1867 82
HIST 1868 84
HIST 1869 76
HIST 1870 81
HIST 1871 85
HIST 1872 68
HIST 1873 87
HIST 1874 82
HIST 1875 80
HIST 1876 102
HIST 1877 72
HIST 1878 98
HIST 1879 88
HIST 1880 98
HIST 1881 93
HIST 1882 97
HIST 1883 89
HIST 1884 91
HIST 1885 86
HIST 1886 77
HIST 1887 97
HIST 1888 88
HIST 1889 85
HIST 1890 82
HIST 1891 75
HIST 1892 77
HIST 1893 81
HIST 1894 103
HIST 1895 88
HIST 1896 86
HIST 1897 82
HIST 1898 91
HIST 1899 78
HIST 1900 90
HIST 1901 90
HIST 1902 95
HIST 1903 71
HIST 1904 81
HIST 1905 73
HIST 1906 84
HIST 1907 108
HIST 1908 75
HIST 1909 75
HIST 1910 91
HIST 1911 82
HIST 1912 94
HIST 1913 90
HIST 1914 80
HIST 1915 77
HIST 1916 76
HIST 1917 86
HIST 1918 85
HIST 1919 75
HIST 1920 101
HIST 1921 77
HIST 1922 86
HIST 1923 62
HIST 1924 99
HIST 1925 88
HIST 1926 162
HIST 1927 106
HIST 1928 102
HIST 1929 90
HIST 1930 100
HIST 1931 94
HIST 1932 94
HIST 1933 91
HIST 1934 71
HIST 1935 82
HIST 1936 74
HIST 1937 79
HIST 1938 73
HIST 1939 87
HIST 1940 84
HIST 1941 92
HIST 1942 85
HIST 1943 69
HIST 1944 71
HIST 1945 89
HIST 1946 101
HIST 1947 77
HIST 1948 84
HIST 1949 83
HIST 1950 69
HIST 1951 94
HIST 1952 117
HIST 1953 84
HIST 1954 92
HIST 1955 75
HIST 1956 73
HIST 1957 105
HIST 1958 105
HIST 1959 87
HIST 1960 85
HIST 1961 86
HIST 1962 90
HIST 1963 93
HIST 1964 88
HIST 1965 70
HIST 1966 76
HIST 1967 88
HIST 1968 75
HIST 1969 84
HIST 1970 69
HIST 1971 79
HIST 1972 82
HIST 1973 98
HIST 1974 100
HIST 1975 95
HIST 1976 83
HIST 1977 85
HIST 1978 68
HIST 1979 87
HIST 1980 78
HIST 1981 90
HIST 1982 77
HIST 1983 86
HIST 1984 60
HIST 1985 80
HIST 1986 97
HIST 1987 80
HIST 1988 56
HIST 1989 83
HIST 1990 82
HIST 1991 74
HIST 1992 77
HIST 1993 82
HIST 1994 78
HIST 1995 83
HIST 1996 69
HIST 1997 72
HIST 1998 73
HIST 1999 75
HIST 2000 56
HIST 2001 62
HIST 2002 86
HIST 2003 55
HIST 2004 91
HIST 2005 63
HIST 2006 87
HIST 2007 79
HIST 2008 64
HIST 2009 69
HIST 2010 73
HIST 2011 75
HIST 2012 78
HIST 2013 85
HIST 2014 53
HIST 2015 78
HIST 2016 63
HIST 2017 57
HIST 2018 55
HIST 2019 81
HIST 2020 81
HIST 2021 73
HIST 2022 73
HIST 2023 62
HIST 2024 69
HIST 2025 68
HIST 2026 64
HIST 2027 82
HIST 2028 60
HIST 2029 61
HIST 2030 75
HIST 2031 76
HIST 2032 86
HIST 2033 66
HIST 2034 69
HIST 2035 80
HIST 2036 70
HIST 2037 67
HIST 2038 64
HIST 2039 74
HIST 2040 89
HIST 2041 72
HIST 2042 54
HIST 2043 61
HIST 2044 86
HIST 2045 85
HIST 2046 85
HIST 2047 73
HIST 2048 66
HIST 2049 60
HIST 2050 76
HIST 2051 67
HIST 2052 67
HIST 2053 80
HIST 2054 55
HIST 2055 57
HIST 2056 61
HIST 2057 72
HIST 2058 63
HIST 2059 57
HIST 2060 60
HIST 2061 67
HIST 2062 90
HIST 2063 78
HIST 2064 79
HIST 2065 67
HIST 2066 73
HIST 2067 68
HIST 2068 61
HIST 2069 84
HIST 2070 78
HIST 2071 91
HIST 2072 78
HIST 2073 64
HIST 2074 67
HIST 2075 69
HIST 2076 80
HIST 2077 129
HIST 2078 67
HIST 2079 62
HIST 2080 64
HIST 2081 62
HIST 2082 101
HIST 2083 72
HIST 2084 80
HIST 2085 74
HIST 2086 64
HIST 2087 75
HIST 2088 52
HIST 2089 81
HIST 2090 75
HIST 2091 60
HIST 2092 55
HIST 2093 66
HIST 2094 105
HIST 2095 64
HIST 2096 59
HIST 2097 65
HIST 2098 69
HIST 2099 108
HIST 2100 74
HIST 2101 77
HIST 2102 78
HIST 2103 74
HIST 2104 53
HIST 2105 70
HIST 2106 75
HIST 2107 67
HIST 2108 69
HIST 2109 100
HIST 2110 71
HIST 2111 72
HIST 2112 79
HIST 2113 73
HIST 2114 84
HIST 2115 79
HIST 2116 60
HIST 2117 85
HIST 2118 84
HIST 2119 63
HIST 2120 67
HIST 2121 68
HIST 2122 80
HIST 2123 87
HIST 2124 132
HIST 2125 281
HIST 2126 75
HIST 2127 69
HIST 2128 70
HIST 2129 77
HIST 2130 64
HIST 2131 69
HIST 2132 67
HIST 2133 69
HIST 2134 62
HIST 2135 70
HIST 2136 68
HIST 2137 72
HIST 2138 59
HIST 2139 71
HIST 2140 62
HIST 2141 82
HIST 2142 71
HIST 2143 80
HIST 2144 73
HIST 2145 63
HIST 2146 69
HIST 2147 64
HIST 2148 73
HIST 2149 69
HIST 2150 77
HIST 2151 75
HIST 2152 69
HIST 2153 72
HIST 2154 68
HIST 2155 89
HIST 2156 76
HIST 2157 70
HIST 2158 59
HIST 2159 60
HIST 2160 71
HIST 2161 274
HIST 2162 83
HIST 2163 59
HIST 2164 165
HIST 2165 68
HIST 2166 83
HIST 2167 85
HIST 2168 70
HIST 2169 75
HIST 2170 64
HIST 2171 64
HIST 2172 72
HIST 2173 69
HIST 2174 65
HIST 2175 84
HIST 2176 67
HIST 2177 79
HIST 2178 72
HIST 2179 56
HIST 2180 65
HIST 2181 75
HIST 2182 80
HIST 2183 66
HIST 2184 70
HIST 2185 65
HIST 2186 83
HIST 2187 72
HIST 2188 58
HIST 2189 71
HIST 2190 76
HIST 2191 74
HIST 2192 64
HIST 2193 59
HIST 2194 91
HIST 2195 74
HIST 2196 69
HIST 2197 66
HIST 2198 72
HIST 2199 87
HIST 2200 70
HIST 2201 55
HIST 2202 69
HIST 2203 67
HIST 2204 60
HIST 2205 65
HIST 2206 73
HIST 2207 62
HIST 2208 73
HIST 2209 56
HIST 2210 63
HIST 2211 63
HIST 2212 56
HIST 2213 84
HIST 2214 66
HIST 2215 70
HIST 2216 58
HIST 2217 59
HIST 2218 62
HIST 2219 76
HIST 2220 54
HIST 2221 59
HIST 2222 67
HIST 2223 88
HIST 2224 71
HIST 2225 70
HIST 2226 64
HIST 2227 66
HIST 2228 58
HIST 2229 67
HIST 2230 80
HIST 2231 68
HIST 2232 73
HIST 2233 72
HIST 2234 61
HIST 2235 81
HIST 2236 74
HIST 2237 69
HIST 2238 65
HIST 2239 62
HIST 2240 50
HIST 2241 75
HIST 2242 49
HIST 2243 73
HIST 2244 65
HIST 2245 50
HIST 2246 77
HIST 2247 71
HIST 2248 61
HIST 2249 69
HIST 2250 53
HIST 2251 63
HIST 2252 67
HIST 2253 51
HIST 2254 73
HIST 2255 80
HIST 2256 47
HIST 2257 73
HIST 2258 62
HIST 2259 66
HIST 2260 65
HIST 2261 78
HIST 2262 71
HIST 2263 70
HIST 2264 66
HIST 2265 63
HIST 2266 58
HIST 2267 62
HIST 2268 82
HIST 2269 72
HIST 2270 68
HIST 2271 70
HIST 2272 64
HIST 2273 68
HIST 2274 59
HIST 2275 66
HIST 2276 63
HIST 2277 81
HIST 2278 66
HIST 2279 66
HIST 2280 70
HIST 2281 69
HIST 2282 64
HIST 2283 60
HIST 2284 63
HIST 2285 81
HIST 2286 64
HIST 2287 65
HIST 2288 57
HIST 2289 66
HIST 2290 73
HIST 2291 74
HIST 2292 69
HIST 2293 61
HIST 2294 74
HIST 2295 71
HIST 2296 64
HIST 2297 63
HIST 2298 54
HIST 2299 63
HIST 2300 65
HIST 2301 81
HIST 2302 76
HIST 2303 72
HIST 2304 63
HIST 2305 74
HIST 2306 65
HIST 2307 70
HIST 2308 68
HIST 2309 65
HIST 2310 68
HIST 2311 64
HIST 2312 69
HIST 2313 65
HIST 2314 77
HIST 2315 85
HIST 2316 69
HIST 2317 63
HIST 2318 77
HIST 2319 64
HIST 2320 75
HIST 2321 59
HIST 2322 69
HIST 2323 72
HIST 2324 68
HIST 2325 58
HIST 2326 56
HIST 2327 59
HIST 2328 62
HIST 2329 56
HIST 2330 73
HIST 2331 60
HIST 2332 62
HIST 2333 70
HIST 2334 65
HIST 2335 71
HIST 2336 68
HIST 2337 63
HIST 2338 62
HIST 2339 54
HIST 2340 65
HIST 2341 73
HIST 2342 62
HIST 2343 71
HIST 2344 70
HIST 2345 64
HIST 2346 66
HIST 2347 81
HIST 2348 81
HIST 2349 56
HIST 2350 63
HIST 2351 65
HIST 2352 67
HIST 2353 65
HIST 2354 63
HIST 2355 59
HIST 2356 84
HIST 2357 70
HIST 2358 67
HIST 2359 65
HIST 2360 69
HIST 2361 55
HIST 2362 62
HIST 2363 63
HIST 2364 52
HIST 2365 71
HIST 2366 57
HIST 2367 76
HIST 2368 80
HIST 2369 68
HIST 2370 115
HIST 2371 67
HIST 2372 65
HIST 2373 62
HIST 2374 71
HIST 2375 62
HIST 2376 49
HIST 2377 77
HIST 2378 82
HIST 2379 80
HIST 2380 75
HIST 2381 62
HIST 2382 80
HIST 2383 65
HIST 2384 75
HIST 2385 74
HIST 2386 85
HIST 2387 62
HIST 2388 82
HIST 2389 52
HIST 2390 60
HIST 2391 70
HIST 2392 54
HIST 2393 109
HIST 2394 57
HIST 2395 66
HIST 2396 65
HIST 2397 63
HIST 2398 68
HIST 2399 56
HIST 2400 57
HIST 2401 68
HIST 2402 60
HIST 2403 72
HIST 2404 72
HIST 2405 56
HIST 2406 62
HIST 2407 56
HIST 2408 61
HIST 2409 77
HIST 2410 78
HIST 2411 48
HIST 2412 59
HIST 2413 68
HIST 2414 67
HIST 2415 69
HIST 2416 63
HIST 2417 61
HIST 2418 57
HIST 2419 66
HIST 2420 57
HIST 2421 64
HIST 2422 65
HIST 2423 66
HIST 2424 74
HIST 2425 59
HIST 2426 72
HIST 2427 65
HIST 2428 76
HIST 2429 74
HIST 2430 75
HIST 2431 82
HIST 2432 61
HIST 2433 54
HIST 2434 52
HIST 2435 62
HIST 2436 72
HIST 2437 69
HIST 2438 74
HIST 2439 64
HIST 2440 65
HIST 2441 67
HIST 2442 67
HIST 2443 67
HIST 2444 69
HIST 2445 61
HIST 2446 71
HIST 2447 57058
HIST 2448 55
HIST 2449 66
HIST 2450 61
HIST 2451 57
HIST 2452 67
HIST 2453 77
HIST 2454 66
HIST 2455 56
HIST 2456 61
HIST 2457 52
HIST 2458 51
HIST 2459 56
HIST 2460 55
HIST 2461 58
HIST 2462 49
HIST 2463 79
HIST 2464 64
HIST 2465 60
HIST 2466 67
HIST 2467 65
HIST 2468 51
HIST 2469 70
HIST 2470 52
HIST 2471 54
HIST 2472 68
HIST 2473 68
HIST 2474 50
HIST 2475 64
HIST 2476 61
HIST 2477 54
HIST 2478 68
HIST 2479 64
HIST 2480 56
HIST 2481 62
HIST 2482 49
HIST 2483 57
HIST 2484 66
HIST 2485 64
HIST 2486 66
HIST 2487 70
HIST 2488 59
HIST 2489 65
HIST 2490 66
HIST 2491 57
HIST 2492 46
HIST 2493 59
HIST 2494 76
HIST 2495 59
HIST 2496 60
HIST 2497 54
HIST 2498 58
HIST 2499 61
HIST 2500 71
HIST 2501 57
HIST 2502 60
HIST 2503 59
HIST 2504 53
HIST 2505 64
HIST 2506 73
HIST 2507 51
HIST 2508 56
HIST 2509 57
HIST 2510 55
HIST 2511 64
HIST 2512 56
HIST 2513 52
HIST 2514 64
HIST 2515 61
HIST 2516 55
HIST 2517 562
HIST 2518 68
HIST 2519 64
HIST 2520 73
HIST 2521 53
HIST 2522 57
HIST 2523 59
HIST 2524 52
HIST 2525 50
HIST 2526 96
HIST 2527 62
HIST 2528 64
HIST 2529 49
HIST 2530 70
HIST 2531 70
HIST 2532 62
HIST 2533 46
HIST 2534 68
HIST 2535 65
HIST 2536 62
HIST 2537 64
HIST 2538 57
HIST 2539 64
HIST 2540 59
HIST 2541 60
HIST 2542 62
HIST 2543 65
HIST 2544 71
HIST 2545 52
HIST 2546 57
HIST 2547 56
HIST 2548 55
HIST 2549 54
HIST 2550 51
HIST 2551 60
HIST 2552 65
HIST 2553 66
HIST 2554 57
HIST 2555 50
HIST 2556 167
HIST 2557 68
HIST 2558 64
HIST 2559 112
HIST 2560 67
HIST 2561 68
HIST 2562 52
HIST 2563 219
HIST 2564 59
HIST 2565 57
HIST 2566 125
HIST 2567 70
HIST 2568 72
HIST 2569 48
HIST 2570 64
HIST 2571 71
HIST 2572 62
HIST 2573 62
HIST 2574 57
HIST 2575 53
HIST 2576 77
HIST 2577 65
HIST 2578 63
HIST 2579 62
HIST 2580 52
HIST 2581 56
HIST 2582 69
HIST 2583 60
HIST 2584 63
HIST 2585 56
HIST 2586 65
HIST 2587 57
HIST 2588 48
HIST 2589 77
HIST 2590 68
HIST 2591 63
HIST 2592 69
HIST 2593 46
HIST 2594 60
HIST 2595 59
HIST 2596 55
HIST 2597 45
HIST 2598 55
HIST 2599 64
HIST 2600 58
HIST 2601 79
HIST 2602 59
HIST 2603 49
HIST 2604 61
HIST 2605 73
HIST 2606 58
HIST 2607 60
HIST 2608 63
HIST 2609 63
HIST 2610 67
HIST 2611 70
HIST 2612 61
HIST 2613 57
HIST 2614 79
HIST 2615 62
HIST 2616 107
HIST 2617 69
HIST 2618 61
HIST 2619 71
HIST 2620 47
HIST 2621 62
HIST 2622 59
HIST 2623 64
HIST 2624 53
HIST 2625 59
HIST 2626 54
HIST 2627 71
HIST 2628 57
HIST 2629 69
HIST 2630 58
HIST 2631 62
HIST 2632 70
HIST 2633 51
HIST 2634 52
HIST 2635 53
HIST 2636 63
HIST 2637 59
HIST 2638 44
HIST 2639 73
HIST 2640 58
HIST 2641 65
HIST 2642 61
HIST 2643 66
HIST 2644 74
HIST 2645 47
HIST 2646 68
HIST 2647 45
HIST 2648 65
HIST 2649 76
HIST 2650 62
HIST 2651 66
HIST 2652 68
HIST 2653 54
HIST 2654 43
HIST 2655 50
HIST 2656 68
HIST 2657 47
HIST 2658 40
HIST 2659 68
HIST 2660 41
HIST 2661 54
HIST 2662 58
HIST 2663 48
HIST 2664 45
HIST 2665 64
HIST 2666 55
HIST 2667 57
HIST 2668 60
HIST 2669 49
HIST 2670 67
HIST 2671 65
HIST 2672 60
HIST 2673 64
HIST 2674 50
HIST 2675 57
HIST 2676 60
HIST 2677 59
HIST 2678 62
HIST 2679 57
HIST 2680 64
HIST 2681 71
HIST 2682 49
HIST 2683 60
HIST 2684 69
HIST 2685 54
HIST 2686 54
HIST 2687 64
HIST 2688 56
HIST 2689 62
HIST 2690 62
HIST 2691 45
HIST 2692 66
HIST 2693 54
HIST 2694 71
HIST 2695 53
HIST 2696 42
HIST 2697 57
HIST 2698 122
HIST 2699 61
HIST 2700 51
HIST 2701 64
HIST 2702 71
HIST 2703 59
HIST 2704 60
HIST 2705 65
HIST 2706 62
HIST 2707 69
HIST 2708 46
HIST 2709 59
HIST 2710 48
HIST 2711 536
HIST 2712 49
HIST 2713 60
HIST 2714 67
HIST 2715 51
HIST 2716 51
HIST 2717 58
HIST 2718 49
HIST 2719 54
HIST 2720 64
HIST 2721 67
HIST 2722 59
HIST 2723 37
HIST 2724 55
HIST 2725 71
HIST 2726 69
HIST 2727 61
HIST 2728 63
HIST 2729 66
HIST 2730 58
HIST 2731 50
HIST 2732 62
HIST 2733 71
HIST 2734 53
HIST 2735 51
HIST 2736 59
HIST 2737 66
HIST 2738 53
HIST 2739 55
HIST 2740 64
HIST 2741 74
HIST 2742 70
HIST 2743 51
HIST 2744 71
HIST 2745 59
HIST 2746 60
HIST 2747 59
HIST 2748 56
HIST 2749 48
HIST 2750 56
HIST 2751 45
HIST 2752 53
HIST 2753 70
HIST 2754 254
HIST 2755 56
HIST 2756 63
HIST 2757 51
HIST 2758 69
HIST 2759 64
HIST 2760 57
HIST 2761 65
HIST 2762 58
HIST 2763 58
HIST 2764 54
HIST 2765 46
HIST 2766 69
HIST 2767 54
HIST 2768 54
HIST 2769 49
HIST 2770 57
HIST 2771 59
HIST 2772 70
HIST 2773 73
HIST 2774 65
HIST 2775 55
HIST 2776 55
HIST 2777 68
HIST 2778 63
HIST 2779 55
HIST 2780 58
HIST 2781 54
HIST 2782 61
HIST 2783 58
HIST 2784 42
HIST 2785 55
HIST 2786 74
HIST 2787 65
HIST 2788 52
HIST 2789 56
HIST 2790 50
HIST 2791 61
HIST 2792 57
HIST 2793 54
HIST 2794 57
HIST 2795 68
HIST 2796 55
HIST 2797 52
HIST 2798 62
HIST 2799 48
HIST 2800 56
HIST 2801 61
HIST 2802 58
HIST 2803 56
HIST 2804 76
HIST 2805 66
HIST 2806 62
HIST 2807 72
HIST 2808 68
HIST 2809 68
HIST 2810 57
HIST 2811 53
HIST 2812 57
HIST 2813 55
HIST 2814 58
HIST 2815 56
HIST 2816 62
HIST 2817 74
HIST 2818 59
HIST 2819 67
HIST 2820 69
HIST 2821 55
HIST 2822 57
HIST 2823 65
HIST 2824 59
HIST 2825 74
HIST 2826 59
HIST 2827 59
HIST 2828 78
HIST 2829 48
HIST 2830 75
HIST 2831 78
HIST 2832 70
HIST 2833 56
HIST 2834 43
HIST 2835 66
HIST 2836 63
HIST 2837 66
HIST 2838 78
HIST 2839 47
HIST 2840 78
HIST 2841 65
HIST 2842 37
HIST 2843 805
HIST 2844 55
HIST 2845 56
HIST 2846 60
HIST 2847 78
HIST 2848 64
HIST 2849 1382
HIST 2850 63
HIST 2851 60
HIST 2852 60
HIST 2853 51
HIST 2854 57
HIST 2855 57
HIST 2856 49
HIST 2857 56
HIST 2858 55
HIST 2859 116
HIST 2860 63
HIST 2861 55
HIST 2862 67
HIST 2863 55
HIST 2864 54
HIST 2865 51
HIST 2866 58
HIST 2867 60
HIST 2868 64
HIST 2869 56
HIST 2870 58
HIST 2871 57
HIST 2872 75
HIST 2873 73
HIST 2874 51
HIST 2875 50
HIST 2876 50
HIST 2877 63
HIST 2878 52
HIST 2879 55
HIST 2880 54
HIST 2881 60
HIST 2882 48
HIST 2883 43
HIST 2884 52
HIST 2885 50
HIST 2886 61
HIST 2887 45
HIST 2888 51
HIST 2889 41
HIST 2890 57
HIST 2891 62
HIST 2892 50
HIST 2893 50
HIST 2894 43
HIST 2895 72
HIST 2896 44
HIST 2897 62
HIST 2898 54
HIST 2899 56
HIST 2900 178
HIST 2901 57
HIST 2902 354
HIST 2903 59
HIST 2904 49
HIST 2905 70
HIST 2906 61
HIST 2907 80
HIST 2908 50
HIST 2909 52
HIST 2910 52
HIST 2911 58
HIST 2912 71
HIST 2913 157
HIST 2914 52
HIST 2915 72
HIST 2916 51
HIST 2917 60
HIST 2918 66
HIST 2919 62
HIST 2920 54
HIST 2921 69
HIST 2922 64
HIST 2923 51
HIST 2924 57
HIST 2925 51
HIST 2926 53
HIST 2927 51
HIST 2928 55
HIST 2929 41
HIST 2930 57
HIST 2931 50
HIST 2932 65
HIST 2933 67
HIST 2934 59
HIST 2935 60
HIST 2936 66
HIST 2937 49
HIST 2938 40
HIST 2939 52
HIST 2940 53
HIST 2941 51
HIST 2942 64
HIST 2943 63
HIST 2944 67
HIST 2945 49
HIST 2946 56
HIST 2947 58
HIST 2948 52
HIST 2949 62
HIST 2950 59
HIST 2951 50
HIST 2952 43
HIST 2953 58
HIST 2954 65
HIST 2955 54
HIST 2956 48
HIST 2957 50
HIST 2958 47
HIST 2959 2975
HIST 2960 65
HIST 2961 49
HIST 2962 58
HIST 2963 56
HIST 2964 61
HIST 2965 50
HIST 2966 42
HIST 2967 57
HIST 2968 41
HIST 2969 59
HIST 2970 50
HIST 2971 61
HIST 2972 48
HIST 2973 47
HIST 2974 57
HIST 2975 52
HIST 2976 59
HIST 2977 49
HIST 2978 50
HIST 2979 60
HIST 2980 52
HIST 2981 46
HIST 2982 49
HIST 2983 54
HIST 2984 43
HIST 2985 50
HIST 2986 55
HIST 2987 53
HIST 2988 51
HIST 2989 54
HIST 2990 65
HIST 2991 57
HIST 2992 63
HIST 2993 51
HIST 2994 56
HIST 2995 54
HIST 2996 50
HIST 2997 50
HIST 2998 60
HIST 2999 45
HIST 3000 50
HIST 3001 58
HIST 3002 62
HIST 3003 48
HIST 3004 38
HIST 3005 58
HIST 3006 57
HIST 3007 48
HIST 3008 63
HIST 3009 54
HIST 3010 59
HIST 3011 57
HIST 3012 60
HIST 3013 43
HIST 3014 50
HIST 3015 49
HIST 3016 48
HIST 3017 49
HIST 3018 54
HIST 3019 53
HIST 3020 68
HIST 3021 47
HIST 3022 64
HIST 3023 64
HIST 3024 54
HIST 3025 62
HIST 3026 59
HIST 3027 63
HIST 3028 46
HIST 3029 54
HIST 3030 58
HIST 3031 45
HIST 3032 60
HIST 3033 53
HIST 3034 56
HIST 3035 51
HIST 3036 56
HIST 3037 63
HIST 3038 67
HIST 3039 52
HIST 3040 47
HIST 3041 69
HIST 3042 55
HIST 3043 63
HIST 3044 58
HIST 3045 53
HIST 3046 66
HIST 3047 60
HIST 3048 46
HIST 3049 62
HIST 3050 52
HIST 3051 62
HIST 3052 65
HIST 3053 47
HIST 3054 51
HIST 3055 60
HIST 3056 52
HIST 3057 52
HIST 3058 46
HIST 3059 70
HIST 3060 62
HIST 3061 59
HIST 3062 58
HIST 3063 66
HIST 3064 56
HIST 3065 49
HIST 3066 49
HIST 3067 54
HIST 3068 44
HIST 3069 59
HIST 3070 66
HIST 3071 42
HIST 3072 56
HIST 3073 55
HIST 3074 53
HIST 3075 55
HIST 3076 50
HIST 3077 46
HIST 3078 57
HIST 3079 59
HIST 3080 55
HIST 3081 49
HIST 3082 56
HIST 3083 62
HIST 3084 50
HIST 3085 57
HIST 3086 66
HIST 3087 43
HIST 3088 58
HIST 3089 62
HIST 3090 54
HIST 3091 52
HIST 3092 60
HIST 3093 55
HIST 3094 50
HIST 3095 45
HIST 3096 53
HIST 3097 53
HIST 3098 53
HIST 3099 44
HIST 3100 54
HIST 3101 44
HIST 3102 53
HIST 3103 57
HIST 3104 52
HIST 3105 56
HIST 3106 55
HIST 3107 64
HIST 3108 60
HIST 3109 66
HIST 3110 54
HIST 3111 61
HIST 3112 82
HIST 3113 66
HIST 3114 41
HIST 3115 45
HIST 3116 43
HIST 3117 52
HIST 3118 59
HIST 3119 54
HIST 3120 261
HIST 3121 60
HIST 3122 59
HIST 3123 58
HIST 3124 63
HIST 3125 54
HIST 3126 59
HIST 3127 50
HIST 3128 60
HIST 3129 57
HIST 3130 49
HIST 3131 44
HIST 3132 61
HIST 3133 46
HIST 3134 55
HIST 3135 52
HIST 3136 59
HIST 3137 57
HIST 3138 53
HIST 3139 49
HIST 3140 46
HIST 3141 46
HIST 3142 60
HIST 3143 60
HIST 3144 47
HIST 3145 54
HIST 3146 55
HIST 3147 59
HIST 3148 58
HIST 3149 43
HIST 3150 48
HIST 3151 69
HIST 3152 331
HIST 3153 43
HIST 3154 53
HIST 3155 51
HIST 3156 65
HIST 3157 533
HIST 3158 46
HIST 3159 70
HIST 3160 384
HIST 3161 54
HIST 3162 55
HIST 3163 54
HIST 3164 49
HIST 3165 64
HIST 3166 70
HIST 3167 42
HIST 3168 55
HIST 3169 50
HIST 3170 59
HIST 3171 62
HIST 3172 53
HIST 3173 50
HIST 3174 50
HIST 3175 63
HIST 3176 52
HIST 3177 54
HIST 3178 55
HIST 3179 42
HIST 3180 49
HIST 3181 60
HIST 3182 51
HIST 3183 60
HIST 3184 57
HIST 3185 40
HIST 3186 51
HIST 3187 58
HIST 3188 62
HIST 3189 43
HIST 3190 49
HIST 3191 61
HIST 3192 51
HIST 3193 55
HIST 3194 49
HIST 3195 61
HIST 3196 58
HIST 3197 39
HIST 3198 53
HIST 3199 63
HIST 3200 44
HIST 3201 69
HIST 3202 40
HIST 3203 53
HIST 3204 46
HIST 3205 45
HIST 3206 53
HIST 3207 38
HIST 3208 59
HIST 3209 60
HIST 3210 45
HIST 3211 48
HIST 3212 52
HIST 3213 55
HIST 3214 56
HIST 3215 55
HIST 3216 47
HIST 3217 50
HIST 3218 48
HIST 3219 43
HIST 3220 49
HIST 3221 54
HIST 3222 51
HIST 3223 44
HIST 3224 60
HIST 3225 66
HIST 3226 54
HIST 3227 61
HIST 3228 59
HIST 3229 48
HIST 3230 45
HIST 3231 61
HIST 3232 53
HIST 3233 54
HIST 3234 63
HIST 3235 57
HIST 3236 57
HIST 3237 51
HIST 3238 56
HIST 3239 48
HIST 3240 51
HIST 3241 52
HIST 3242 53
HIST 3243 48
HIST 3244 45
HIST 3245 47
HIST 3246 45
HIST 3247 53
HIST 3248 495
HIST 3249 49
HIST 3250 93
HIST 3251 45
HIST 3252 66
HIST 3253 72
HIST 3254 43
HIST 3255 43
HIST 3256 51
HIST 3257 57
HIST 3258 54
HIST 3259 54
HIST 3260 49
HIST 3261 58
HIST 3262 58
HIST 3263 42
HIST 3264 48
HIST 3265 54
HIST 3266 43
HIST 3267 52
HIST 3268 62
HIST 3269 60
HIST 3270 62
HIST 3271 56
HIST 3272 44
HIST 3273 56
HIST 3274 48
HIST 3275 50
HIST 3276 45
HIST 3277 51
HIST 3278 59
HIST 3279 57
HIST 3280 65
HIST 3281 56
HIST 3282 50
HIST 3283 39
HIST 3284 48
HIST 3285 52
HIST 3286 48
HIST 3287 47
HIST 3288 69
HIST 3289 47
HIST 3290 50
HIST 3291 55
HIST 3292 51
HIST 3293 60
HIST 3294 792
HIST 3295 36
HIST 3296 46
HIST 3297 61
HIST 3298 50
HIST 3299 46
HIST 3300 50
HIST 3301 50
HIST 3302 42
HIST 3303 57
HIST 3304 49
HIST 3305 57
HIST 3306 100
HIST 3307 53
HIST 3308 53
HIST 3309 54
HIST 3310 58
HIST 3311 47
HIST 3312 53
HIST 3313 56
HIST 3314 38
HIST 3315 48
HIST 3316 50
HIST 3317 55
HIST 3318 52
HIST 3319 60
HIST 3320 63
HIST 3321 53
HIST 3322 43
HIST 3323 47
HIST 3324 54
HIST 3325 46
HIST 3326 69
HIST 3327 52
HIST 3328 51
HIST 3329 45
HIST 3330 63
HIST 3331 45
HIST 3332 68
HIST 3333 44
HIST 3334 49
HIST 3335 55
HIST 3336 37
HIST 3337 50
HIST 3338 51
HIST 3339 47
HIST 3340 54
HIST 3341 46
HIST 3342 74
HIST 3343 55
HIST 3344 72
HIST 3345 46
HIST 3346 53
HIST 3347 55
HIST 3348 56
HIST 3349 50
HIST 3350 50
HIST 3351 49
HIST 3352 47
HIST 3353 52
HIST 3354 51
HIST 3355 105
HIST 3356 49
HIST 3357 53
HIST 3358 53
HIST 3359 47
HIST 3360 42
HIST 3361 113
HIST 3362 53
HIST 3363 47
HIST 3364 52
HIST 3365 52
HIST 3366 56
HIST 3367 47
HIST 3368 61
HIST 3369 35
HIST 3370 51
HIST 3371 65
HIST 3372 59
HIST 3373 72
HIST 3374 57
HIST 3375 60
HIST 3376 47
HIST 3377 47
HIST 3378 55
HIST 3379 74
HIST 3380 54
HIST 3381 44
HIST 3382 70
HIST 3383 36
HIST 3384 61
HIST 3385 56
HIST 3386 51
HIST 3387 43
HIST 3388 53
HIST 3389 59
HIST 3390 49
HIST 3391 66
HIST 3392 66
HIST 3393 58
HIST 3394 66
HIST 3395 54
HIST 3396 39
HIST 3397 48
HIST 3398 48
HIST 3399 47
HIST 3400 45
HIST 3401 56
HIST 3402 63
HIST 3403 56
HIST 3404 215
HIST 3405 58
HIST 3406 56
HIST 3407 50
HIST 3408 50
HIST 3409 53
HIST 3410 58
HIST 3411 51
HIST 3412 52
HIST 3413 56
HIST 3414 56
HIST 3415 54
HIST 3416 53
HIST 3417 59
HIST 3418 52
HIST 3419 43
HIST 3420 55
HIST 3421 48
HIST 3422 56
HIST 3423 57
HIST 3424 45
HIST 3425 45
HIST 3426 57
HIST 3427 60
HIST 3428 49
HIST 3429 43
HIST 3430 56
HIST 3431 51
HIST 3432 72
HIST 3433 50
HIST 3434 53
HIST 3435 50
HIST 3436 45
HIST 3437 49
HIST 3438 48
HIST 3439 63
HIST 3440 46
HIST 3441 49
HIST 3442 54
HIST 3443 168297
HIST 3444 41
HIST 3445 40
HIST 3446 44
HIST 3447 38
HIST 3448 47
HIST 3449 51
HIST 3450 38
HIST 3451 40
HIST 3452 47
HIST 3453 44
HIST 3454 37
HIST 3455 44
HIST 3456 111
HIST 3457 48
HIST 3458 50
HIST 3459 43
HIST 3460 45
HIST 3461 45
HIST 3462 42
HIST 3463 44
HIST 3464 30
HIST 3465 44
HIST 3466 47
HIST 3467 47
HIST 3468 45
HIST 3469 51
HIST 3470 47
HIST 3471 43
HIST 3472 43
HIST 3473 35
HIST 3474 32
HIST 3475 46
HIST 3476 51
HIST 3477 33
HIST 3478 37
HIST 3479 37
HIST 3480 41
HIST 3481 37
HIST 3482 49
HIST 3483 33
HIST 3484 38
HIST 3485 43
HIST 3486 46
HIST 3487 46
HIST 3488 55
HIST 3489 44
HIST 3490 41
HIST 3491 46
HIST 3492 38
HIST 3493 39
HIST 3494 39
HIST 3495 40
HIST 3496 46
HIST 3497 56
HIST 3498 48
HIST 3499 36
HIST 3500 39
HIST 3501 28
HIST 3502 32
HIST 3503 57
HIST 3504 43
HIST 3505 51
HIST 3506 44
HIST 3507 40
HIST 3508 36
HIST 3509 43
HIST 3510 37
HIST 3511 49
HIST 3512 34
HIST 3513 59
HIST 3514 34
HIST 3515 40
HIST 3516 36
HIST 3517 81
HIST 3518 55
HIST 3519 33
HIST 3520 51
HIST 3521 41
HIST 3522 33
HIST 3523 48
HIST 3524 44
HIST 3525 44
HIST 3526 46
HIST 3527 41
HIST 3528 36
HIST 3529 39
HIST 3530 45
HIST 3531 42
HIST 3532 23
HIST 3533 41
HIST 3534 42
HIST 3535 33
HIST 3536 45
HIST 3537 47
HIST 3538 44
HIST 3539 36
HIST 3540 36
HIST 3541 38
HIST 3542 40
HIST 3543 39
HIST 3544 42
HIST 3545 42
HIST 3546 43
HIST 3547 58
HIST 3548 38
HIST 3549 37
HIST 3550 36
HIST 3551 37
HIST 3552 50
HIST 3553 40
HIST 3554 38
HIST 3555 37
HIST 3556 40
HIST 3557 39
HIST 3558 37
HIST 3559 35
HIST 3560 45
HIST 3561 45
HIST 3562 42
HIST 3563 45
HIST 3564 56
HIST 3565 36
HIST 3566 36
HIST 3567 36
HIST 3568 50
HIST 3569 33
HIST 3570 49
HIST 3571 65
HIST 3572 45
HIST 3573 45
HIST 3574 53
HIST 3575 48
HIST 3576 43
HIST 3577 45
HIST 3578 27
HIST 3579 47
HIST 3580 55
HIST 3581 47
HIST 3582 44
HIST 3583 31
HIST 3584 57
HIST 3585 55
HIST 3586 58
HIST 3587 52
HIST 3588 40
HIST 3589 37
HIST 3590 46
HIST 3591 50
HIST 3592 37
HIST 3593 44
HIST 3594 43
HIST 3595 44
HIST 3596 42
HIST 3597 45
HIST 3598 45
HIST 3599 40
HIST 3600 53
HIST 3601 38
HIST 3602 42
HIST 3603 48
HIST 3604 41
HIST 3605 38
HIST 3606 45
HIST 3607 54
HIST 3608 55
HIST 3609 32
HIST 3610 42
HIST 3611 52
HIST 3612 45
HIST 3613 35
HIST 3614 42
HIST 3615 56
HIST 3616 58
HIST 3617 37
HIST 3618 48
HIST 3619 33
HIST 3620 41
HIST 3621 52
HIST 3622 42
HIST 3623 41
HIST 3624 49
HIST 3625 47
HIST 3626 45
HIST 3627 37
HIST 3628 37
HIST 3629 34
HIST 3630 42
HIST 3631 47
HIST 3632 43
HIST 3633 39
HIST 3634 46
HIST 3635 45
HIST 3636 37
HIST 3637 43
HIST 3638 55
HIST 3639 42
HIST 3640 45
HIST 3641 40
HIST 3642 37
HIST 3643 45
HIST 3644 49
HIST 3645 38
HIST 3646 40
HIST 3647 41
HIST 3648 36
HIST 3649 43
HIST 3650 43
HIST 3651 52
HIST 3652 50
HIST 3653 52
HIST 3654 46
HIST 3655 51
HIST 3656 42
HIST 3657 40
HIST 3658 46
HIST 3659 43
HIST 3660 42
HIST 3661 48
HIST 3662 37
HIST 3663 40
HIST 3664 28
HIST 3665 1572
HIST 3666 47
HIST 3667 54
HIST 3668 45
HIST 3669 41
HIST 3670 45
HIST 3671 42
HIST 3672 41
HIST 3673 35
HIST 3674 36
HIST 3675 44
HIST 3676 59
HIST 3677 52
HIST 3678 4866
HIST 3679 49
HIST 3680 32
HIST 3681 39
HIST 3682 41
HIST 3683 49
HIST 3684 40
HIST 3685 46
HIST 3686 46
HIST 3687 39
HIST 3688 45
HIST 3689 44
HIST 3690 51
HIST 3691 37
HIST 3692 38
HIST 3693 40
HIST 3694 45
HIST 3695 51
HIST 3696 61
HIST 3697 43
HIST 3698 44
HIST 3699 39
HIST 3700 38
HIST 3701 47
HIST 3702 24
HIST 3703 46
HIST 3704 42
HIST 3705 34
HIST 3706 31
HIST 3707 45
HIST 3708 48
HIST 3709 40
HIST 3710 52
HIST 3711 43
HIST 3712 36
HIST 3713 42
HIST 3714 43
HIST 3715 41
HIST 3716 51
HIST 3717 34
HIST 3718 42
HIST 3719 40
HIST 3720 41
HIST 3721 38
HIST 3722 39
HIST 3723 41
HIST 3724 41
HIST 3725 38
HIST 3726 40
HIST 3727 37
HIST 3728 49
HIST 3729 44
HIST 3730 45
HIST 3731 29
HIST 3732 37
HIST 3733 45
HIST 3734 63
HIST 3735 42
HIST 3736 50
HIST 3737 39
HIST 3738 36
HIST 3739 42
HIST 3740 32
HIST 3741 31
HIST 3742 46
HIST 3743 44
HIST 3744 38
HIST 3745 35
HIST 3746 42
HIST 3747 28
HIST 3748 38
HIST 3749 50
HIST 3750 47
HIST 3751 43
HIST 3752 44
HIST 3753 45
HIST 3754 43
HIST 3755 40
HIST 3756 58
HIST 3757 44
HIST 3758 38
HIST 3759 46
HIST 3760 48
HIST 3761 41
HIST 3762 61
HIST 3763 46
HIST 3764 32
HIST 3765 37
HIST 3766 40
HIST 3767 33
HIST 3768 40
HIST 3769 31
HIST 3770 41
HIST 3771 38
HIST 3772 38
HIST 3773 34
HIST 3774 55
HIST 3775 33
HIST 3776 41
HIST 3777 38
HIST 3778 36
HIST 3779 32
HIST 3780 41
HIST 3781 55
HIST 3782 40
HIST 3783 41
HIST 3784 32
HIST 3785 33
HIST 3786 43
HIST 3787 50
HIST 3788 50
HIST 3789 45
HIST 3790 39
HIST 3791 34
HIST 3792 42
HIST 3793 38
HIST 3794 47
HIST 3795 48
HIST 3796 45
HIST 3797 40
HIST 3798 39
HIST 3799 40
HIST 3800 49
HIST 3801 50
HIST 3802 43
HIST 3803 40
HIST 3804 42
HIST 3805 39
HIST 3806 54
HIST 3807 43
HIST 3808 39
HIST 3809 41
HIST 3810 48
HIST 3811 37
HIST 3812 46
HIST 3813 36
HIST 3814 38
HIST 3815 27
HIST 3816 49
HIST 3817 32
HIST 3818 35
HIST 3819 51
HIST 3820 45
HIST 3821 48
HIST 3822 42
HIST 3823 44
HIST 3824 37
HIST 3825 59
HIST 3826 46
HIST 3827 31
HIST 3828 58
HIST 3829 44
HIST 3830 37
HIST 3831 40
HIST 3832 40
HIST 3833 46
HIST 3834 32
HIST 3835 48
HIST 3836 49
HIST 3837 35
HIST 3838 35
HIST 3839 48
HIST 3840 33
HIST 3841 36
HIST 3842 47
HIST 3843 39
HIST 3844 37
HIST 3845 32
HIST 3846 45
HIST 3847 41
HIST 3848 43
HIST 3849 52
HIST 3850 39
HIST 3851 48
HIST 3852 39
HIST 3853 74
HIST 3854 35
HIST 3855 35
HIST 3856 43
HIST 3857 46
HIST 3858 41
HIST 3859 51
HIST 3860 265
HIST 3861 42
HIST 3862 38
HIST 3863 35
HIST 3864 43
HIST 3865 54
HIST 3866 52
HIST 3867 39
HIST 3868 26
HIST 3869 39
HIST 3870 55
HIST 3871 37
HIST 3872 47
HIST 3873 62
HIST 3874 50
HIST 3875 39
HIST 3876 37
HIST 3877 35
HIST 3878 48
HIST 3879 48
HIST 3880 53
HIST 3881 46
HIST 3882 39
HIST 3883 45
HIST 3884 36
HIST 3885 43
HIST 3886 49
HIST 3887 38
HIST 3888 41
HIST 3889 42
HIST 3890 39
HIST 3891 53
HIST 3892 45
HIST 3893 43
HIST 3894 54
HIST 3895 39
HIST 3896 39
HIST 3897 39
HIST 3898 38
HIST 3899 38
HIST 3900 42
HIST 3901 44
HIST 3902 35
HIST 3903 61
HIST 3904 42
HIST 3905 38
HIST 3906 46
HIST 3907 35
HIST 3908 36
HIST 3909 41
HIST 3910 37
HIST 3911 37
HIST 3912 39
HIST 3913 54
HIST 3914 38
HIST 3915 39
HIST 3916 41
HIST 3917 34
HIST 3918 39
HIST 3919 45
HIST 3920 32
HIST 3921 45
HIST 3922 42
HIST 3923 44
HIST 3924 37
HIST 3925 53
HIST 3926 45
HIST 3927 46
HIST 3928 44
HIST 3929 35
HIST 3930 39
HIST 3931 37
HIST 3932 36
HIST 3933 41
HIST 3934 52
HIST 3935 43
HIST 3936 40
HIST 3937 43
HIST 3938 46
HIST 3939 40
HIST 3940 35
HIST 3941 39
HIST 3942 38
HIST 3943 55
HIST 3944 30
HIST 3945 44
HIST 3946 35
HIST 3947 36
HIST 3948 49
HIST 3949 31
HIST 3950 45
HIST 3951 37
HIST 3952 55
HIST 3953 34
HIST 3954 44
HIST 3955 35
HIST 3956 38
HIST 3957 39
HIST 3958 30
HIST 3959 51
HIST 3960 45
HIST 3961 38
HIST 3962 41
HIST 3963 38
HIST 3964 34
HIST 3965 50
HIST 3966 41
HIST 3967 38
HIST 3968 48
HIST 3969 41
HIST 3970 45
HIST 3971 39
HIST 3972 40
HIST 3973 44
HIST 3974 46
HIST 3975 46
HIST 3976 45
HIST 3977 32
HIST 3978 60
HIST 3979 37
HIST 3980 48
HIST 3981 39
HIST 3982 46
HIST 3983 42
HIST 3984 34
HIST 3985 52
HIST 3986 38
HIST 3987 39
HIST 3988 36
HIST 3989 45
HIST 3990 49
HIST 3991 42
HIST 3992 49
HIST 3993 36
HIST 3994 43
HIST 3995 43
HIST 3996 34
HIST 3997 58
HIST 3998 33
HIST 3999 47
HIST 4000 43
HIST 4001 25
HIST 4002 45
HIST 4003 45
HIST 4004 37
HIST 4005 45
HIST 4006 35
HIST 4007 33
HIST 4008 33
HIST 4009 42
HIST 4010 45
HIST 4011 44
HIST 4012 43
HIST 4013 42
HIST 4014 52
HIST 4015 44
HIST 4016 46
HIST 4017 40
HIST 4018 41
HIST 4019 34
HIST 4020 56
HIST 4021 38
HIST 4022 42
HIST 4023 39
HIST 4024 44
HIST 4025 36
HIST 4026 40
HIST 4027 49
HIST 4028 35
HIST 4029 45
HIST 4030 34
HIST 4031 46
HIST 4032 42
HIST 4033 42
HIST 4034 53
HIST 4035 42
HIST 4036 36
HIST 4037 42
HIST 4038 36
HIST 4039 52
HIST 4040 44
HIST 4041 39
HIST 4042 38
HIST 4043 37
HIST 4044 49
HIST 4045 40
HIST 4046 37
HIST 4047 38
HIST 4048 31
HIST 4049 33
HIST 4050 40
HIST 4051 42
HIST 4052 37
HIST 4053 50
HIST 4054 39
HIST 4055 35
HIST 4056 47
HIST 4057 33
HIST 4058 48
HIST 4059 54
HIST 4060 81
HIST 4061 49
HIST 4062 27
HIST 4063 55
HIST 4064 37
HIST 4065 29
HIST 4066 72
HIST 4067 38
HIST 4068 34
HIST 4069 39
HIST 4070 39
HIST 4071 34
HIST 4072 35
HIST 4073 33
HIST 4074 49
HIST 4075 47
HIST 4076 24
HIST 4077 48
HIST 4078 52
HIST 4079 31
HIST 4080 46
HIST 4081 34
HIST 4082 44
HIST 4083 44
HIST 4084 47
HIST 4085 43
HIST 4086 45
HIST 4087 45
HIST 4088 42
HIST 4089 37
HIST 4090 43
HIST 4091 36
HIST 4092 39
HIST 4093 49
HIST 4094 37
HIST 4095 50
HIST 4096 39
HIST 4097 43
HIST 4098 40
HIST 4099 43
HIST 4100 40
HIST 4101 28
HIST 4102 37
HIST 4103 48
HIST 4104 32
HIST 4105 39
HIST 4106 40
HIST 4107 46
HIST 4108 50
HIST 4109 49
HIST 4110 41
HIST 4111 11456
HIST 4112 31
HIST 4113 41
HIST 4114 49
HIST 4115 44
HIST 4116 47
HIST 4117 57
HIST 4118 43
HIST 4119 40
HIST 4120 47
HIST 4121 39
HIST 4122 36
HIST 4123 41
HIST 4124 32
HIST 4125 38
HIST 4126 42
HIST 4127 42
HIST 4128 45
HIST 4129 34
HIST 4130 43
HIST 4131 38
HIST 4132 38
HIST 4133 39
HIST 4134 40
HIST 4135 45
HIST 4136 36
HIST 4137 48
HIST 4138 42
HIST 4139 38
HIST 4140 32
HIST 4141 34
HIST 4142 40
HIST 4143 42
HIST 4144 35
HIST 4145 41
HIST 4146 38
HIST 4147 46
HIST 4148 43
HIST 4149 18
HIST 4150 36
HIST 4151 47
HIST 4152 54
HIST 4153 35
HIST 4154 86
HIST 4155 24
HIST 4156 42
HIST 4157 66
HIST 4158 44
HIST 4159 44
HIST 4160 555
HIST 4161 38
HIST 4162 33
HIST 4163 36
HIST 4164 34
HIST 4165 32
HIST 4166 31
HIST 4167 36
HIST 4168 56
HIST 4169 53
HIST 4170 34
HIST 4171 42
HIST 4172 41
HIST 4173 36
HIST 4174 50
HIST 4175 40
HIST 4176 35
HIST 4177 104
HIST 4178 34
HIST 4179 39
HIST 4180 34
HIST 4181 34
HIST 4182 44
HIST 4183 27
HIST 4184 39
HIST 4185 55
HIST 4186 37
HIST 4187 41
HIST 4188 38
HIST 4189 44
HIST 4190 43
HIST 4191 44
HIST 4192 43
HIST 4193 42
HIST 4194 36
HIST 4195 57
HIST 4196 39
HIST 4197 42
HIST 4198 29
HIST 4199 29
HIST 4200 41
HIST 4201 38
HIST 4202 32
HIST 4203 48
HIST 4204 35
HIST 4205 46
HIST 4206 48
HIST 4207 37
HIST 4208 44
HIST 4209 30
HIST 4210 36
HIST 4211 46
HIST 4212 41
HIST 4213 46
HIST 4214 41
HIST 4215 36
HIST 4216 40
HIST 4217 46
HIST 4218 43
HIST 4219 33
HIST 4220 40
HIST 4221 47
HIST 4222 47
HIST 4223 53
HIST 4224 27
HIST 4225 43
HIST 4226 48
HIST 4227 50
HIST 4228 36
HIST 4229 45
HIST 4230 39
HIST 4231 50
HIST 4232 43
HIST 4233 28
HIST 4234 58
HIST 4235 49
HIST 4236 49
HIST 4237 39
HIST 4238 44
HIST 4239 40
HIST 4240 38
HIST 4241 41
HIST 4242 43
HIST 4243 48
HIST 4244 29
HIST 4245 39
HIST 4246 26
HIST 4247 41
HIST 4248 43
HIST 4249 48
HIST 4250 48
HIST 4251 38
HIST 4252 37
HIST 4253 55
HIST 4254 45
HIST 4255 50
HIST 4256 45
HIST 4257 41
HIST 4258 39
HIST 4259 32
HIST 4260 35
HIST 4261 41
HIST 4262 44
HIST 4263 47
HIST 4264 43
HIST 4265 35
HIST 4266 50
HIST 4267 34
HIST 4268 31
HIST 4269 45
HIST 4270 41
HIST 4271 42
HIST 4272 39
HIST 4273 37
HIST 4274 44
HIST 4275 38
HIST 4276 49
HIST 4277 31
HIST 4278 33
HIST 4279 36
HIST 4280 44
HIST 4281 28
HIST 4282 30
HIST 4283 43
HIST 4284 28
HIST 4285 55
HIST 4286 26
HIST 4287 37
HIST 4288 43
HIST 4289 47
HIST 4290 44
HIST 4291 44
HIST 4292 38
HIST 4293 32
HIST 4294 42
HIST 4295 37
HIST 4296 32
HIST 4297 40
HIST 4298 41
HIST 4299 41
HIST 4300 47
HIST 4301 46
HIST 4302 38
HIST 4303 45
HIST 4304 58
HIST 4305 48
HIST 4306 48
HIST 4307 44
HIST 4308 39
HIST 4309 31
HIST 4310 45
HIST 4311 58
HIST 4312 44
HIST 4313 46
HIST 4314 40
HIST 4315 38
HIST 4316 39
HIST 4317 46
HIST 4318 35
HIST 4319 55
HIST 4320 42
HIST 4321 43
HIST 4322 56
HIST 4323 42
HIST 4324 41
HIST 4325 38
HIST 4326 39
HIST 4327 40
HIST 4328 43
HIST 4329 36
HIST 4330 44
HIST 4331 41
HIST 4332 37
HIST 4333 56
HIST 4334 43
HIST 4335 41
HIST 4336 46
HIST 4337 32
HIST 4338 30
HIST 4339 37
HIST 4340 38
HIST 4341 29
HIST 4342 40
HIST 4343 50
HIST 4344 41
HIST 4345 31
HIST 4346 51
HIST 4347 44
HIST 4348 34
HIST 4349 32
HIST 4350 39
HIST 4351 44
HIST 4352 34
HIST 4353 35
HIST 4354 38
HIST 4355 40
HIST 4356 44
HIST 4357 35
HIST 4358 34
HIST 4359 40
HIST 4360 42
HIST 4361 27
HIST 4362 40
HIST 4363 45
HIST 4364 43
HIST 4365 32
HIST 4366 44
HIST 4367 41
HIST 4368 51
HIST 4369 47
HIST 4370 42
HIST 4371 30
HIST 4372 35
HIST 4373 33
HIST 4374 46
HIST 4375 38
HIST 4376 41
HIST 4377 42
HIST 4378 38
HIST 4379 34
HIST 4380 36
HIST 4381 34
HIST 4382 40
HIST 4383 35
HIST 4384 22
HIST 4385 41
HIST 4386 39
HIST 4387 47
HIST 4388 37
HIST 4389 31
HIST 4390 41
HIST 4391 48
HIST 4392 36
HIST 4393 38
HIST 4394 30
HIST 4395 36
HIST 4396 32
HIST 4397 35
HIST 4398 45
HIST 4399 35
HIST 4400 47
HIST 4401 49
HIST 4402 36
HIST 4403 46
HIST 4404 41
HIST 4405 52
HIST 4406 27
HIST 4407 43
HIST 4408 47
HIST 4409 46
HIST 4410 71
HIST 4411 39
HIST 4412 50
HIST 4413 48
HIST 4414 40
HIST 4415 42
HIST 4416 42
HIST 4417 51
HIST 4418 46
HIST 4419 42
HIST 4420 36
HIST 4421 48
HIST 4422 54
HIST 4423 48
HIST 4424 42
HIST 4425 33
HIST 4426 41
HIST 4427 39
HIST 4428 32
HIST 4429 40
HIST 4430 31
HIST 4431 34
HIST 4432 40
HIST 4433 40
HIST 4434 44
HIST 4435 26
HIST 4436 26
HIST 4437 31
HIST 4438 47
HIST 4439 46
HIST 4440 14519
HIST 4441 43
HIST 4442 37
HIST 4443 42
HIST 4444 35
HIST 4445 39
HIST 4446 27
HIST 4447 47
HIST 4448 63
HIST 4449 36
HIST 4450 52
HIST 4451 34
HIST 4452 45
HIST 4453 44
HIST 4454 40
HIST 4455 36
HIST 4456 39
HIST 4457 43
HIST 4458 32
HIST 4459 35
HIST 4460 38
HIST 4461 34
HIST 4462 36
HIST 4463 36
HIST 4464 34
HIST 4465 38
HIST 4466 38
HIST 4467 46
HIST 4468 25
HIST 4469 48
HIST 4470 37
HIST 4471 47
HIST 4472 34
HIST 4473 37
HIST 4474 32
HIST 4475 33
HIST 4476 40
HIST 4477 48
HIST 4478 31
HIST 4479 39
HIST 4480 35
HIST 4481 47
HIST 4482 37
HIST 4483 36
HIST 4484 38
HIST 4485 31
HIST 4486 39
HIST 4487 48
HIST 4488 28
HIST 4489 55
HIST 4490 47
HIST 4491 37
HIST 4492 31
HIST 4493 29
HIST 4494 30
HIST 4495 33
HIST 4496 40
HIST 4497 51
HIST 4498 35
HIST 4499 49
HIST 4500 25
HIST 4501 36
HIST 4502 35
HIST 4503 29
HIST 4504 44
HIST 4505 36
HIST 4506 50
HIST 4507 39
HIST 4508 41
HIST 4509 43
HIST 4510 45
HIST 4511 38
HIST 4512 61
HIST 4513 42
HIST 4514 53
HIST 4515 41
HIST 4516 35
HIST 4517 41
HIST 4518 45
HIST 4519 54
HIST 4520 42
HIST 4521 54
HIST 4522 35
HIST 4523 44
HIST 4524 52
HIST 4525 46
HIST 4526 32
HIST 4527 47
HIST 4528 36
HIST 4529 47
HIST 4530 29
HIST 4531 36
HIST 4532 38
HIST 4533 33
HIST 4534 35
HIST 4535 32
HIST 4536 42
HIST 4537 42
HIST 4538 45
HIST 4539 42
HIST 4540 33
HIST 4541 43
HIST 4542 44
HIST 4543 33
HIST 4544 44
HIST 4545 32
HIST 4546 37
HIST 4547 54
HIST 4548 51
HIST 4549 56
HIST 4550 36
HIST 4551 47
HIST 4552 34
HIST 4553 37
HIST 4554 25
HIST 4555 99
HIST 4556 45
HIST 4557 45
HIST 4558 46
HIST 4559 34
HIST 4560 35
HIST 4561 51
HIST 4562 39
HIST 4563 34
HIST 4564 51
HIST 4565 38
HIST 4566 33
HIST 4567 40
HIST 4568 42
HIST 4569 42
HIST 4570 32
HIST 4571 45
HIST 4572 39
HIST 4573 48
HIST 4574 38
HIST 4575 49
HIST 4576 39
HIST 4577 38
HIST 4578 41
HIST 4579 40
HIST 4580 44
HIST 4581 41
HIST 4582 43
HIST 4583 32
HIST 4584 30
HIST 4585 37
HIST 4586 37
HIST 4587 40
HIST 4588 41
HIST 4589 43
HIST 4590 38
HIST 4591 43
HIST 4592 38
HIST 4593 33
HIST 4594 36
HIST 4595 36
HIST 4596 32
HIST 4597 45
HIST 4598 42
HIST 4599 38
HIST 4600 42
HIST 4601 32
HIST 4602 41
HIST 4603 39
HIST 4604 32
HIST 4605 44
HIST 4606 47
HIST 4607 53
HIST 4608 48
HIST 4609 34
HIST 4610 43
HIST 4611 42
HIST 4612 38
HIST 4613 43
HIST 4614 47
HIST 4615 36
HIST 4616 30
HIST 4617 36
HIST 4618 41
HIST 4619 43
HIST 4620 37
HIST 4621 33
HIST 4622 44
HIST 4623 33
HIST 4624 45
HIST 4625 44
HIST 4626 35
HIST 4627 51
HIST 4628 34
HIST 4629 40
HIST 4630 37
HIST 4631 44
HIST 4632 38
HIST 4633 39
HIST 4634 56
HIST 4635 38
HIST 4636 42
HIST 4637 38
HIST 4638 39
HIST 4639 42
HIST 4640 28
HIST 4641 52
HIST 4642 27
HIST 4643 44
HIST 4644 49
HIST 4645 35
HIST 4646 36
HIST 4647 40
HIST 4648 36
HIST 4649 45
HIST 4650 39
HIST 4651 44
HIST 4652 47
HIST 4653 51
HIST 4654 45
HIST 4655 26
HIST 4656 55
HIST 4657 28
HIST 4658 43
HIST 4659 45
HIST 4660 41
HIST 4661 50
HIST 4662 36
HIST 4663 44
HIST 4664 35
HIST 4665 47
HIST 4666 35
HIST 4667 55
HIST 4668 39
HIST 4669 34
HIST 4670 40
HIST 4671 42
HIST 4672 34
HIST 4673 47
HIST 4674 37
HIST 4675 39
HIST 4676 39
HIST 4677 53
HIST 4678 39
HIST 4679 39
HIST 4680 34
HIST 4681 38
HIST 4682 40
HIST 4683 33
HIST 4684 28
HIST 4685 34
HIST 4686 33
HIST 4687 36
HIST 4688 41
HIST 4689 48
HIST 4690 39
HIST 4691 40
HIST 4692 42
HIST 4693 29
HIST 4694 39
HIST 4695 55
HIST 4696 48
HIST 4697 32
HIST 4698 33
HIST 4699 43
HIST 4700 37
HIST 4701 47
HIST 4702 47
HIST 4703 26
HIST 4704 28
HIST 4705 29
HIST 4706 36
HIST 4707 35
HIST 4708 45
HIST 4709 35
HIST 4710 38
HIST 4711 38
HIST 4712 48
HIST 4713 32
HIST 4714 35
HIST 4715 38
HIST 4716 44
HIST 4717 38
HIST 4718 33
HIST 4719 37
HIST 4720 36
HIST 4721 46
HIST 4722 35
HIST 4723 48
HIST 4724 46
HIST 4725 44
HIST 4726 59
HIST 4727 33
HIST 4728 38
HIST 4729 47
HIST 4730 32
HIST 4731 40
HIST 4732 46
HIST 4733 45
HIST 4734 33
HIST 4735 47
HIST 4736 43
HIST 4737 32
HIST 4738 40
HIST 4739 37
HIST 4740 45
HIST 4741 44
HIST 4742 41
HIST 4743 42
HIST 4744 44
HIST 4745 46
HIST 4746 49
HIST 4747 37
HIST 4748 35
HIST 4749 30
HIST 4750 30
HIST 4751 41
HIST 4752 45
HIST 4753 44
HIST 4754 45
HIST 4755 36
HIST 4756 27
HIST 4757 40
HIST 4758 38
HIST 4759 43
HIST 4760 34
HIST 4761 43
HIST 4762 38
HIST 4763 53
HIST 4764 51
HIST 4765 35
HIST 4766 38
HIST 4767 38
HIST 4768 34
HIST 4769 46
HIST 4770 34
HIST 4771 41
HIST 4772 46
HIST 4773 53
HIST 4774 35
HIST 4775 45
HIST 4776 38
HIST 4777 37
HIST 4778 52
HIST 4779 37
HIST 4780 31
HIST 4781 23
HIST 4782 48
HIST 4783 30
HIST 4784 51
HIST 4785 40
HIST 4786 38
HIST 4787 40
HIST 4788 35
HIST 4789 45
HIST 4790 48
HIST 4791 44
HIST 4792 31
HIST 4793 47
HIST 4794 48
HIST 4795 31
HIST 4796 36
HIST 4797 38
HIST 4798 49
HIST 4799 41
HIST 4800 26
HIST 4801 40
HIST 4802 38
HIST 4803 36
HIST 4804 41
HIST 4805 29
HIST 4806 38
HIST 4807 30
HIST 4808 27
HIST 4809 41
HIST 4810 31
HIST 4811 37
HIST 4812 36
HIST 4813 40
HIST 4814 44
HIST 4815 45
HIST 4816 46
HIST 4817 55
HIST 4818 47
HIST 4819 35
HIST 4820 37
HIST 4821 37
HIST 4822 51
HIST 4823 164
HIST 4824 50
HIST 4825 48
HIST 4826 37
HIST 4827 50
HIST 4828 40
HIST 4829 41
HIST 4830 45
HIST 4831 46
HIST 4832 42
HIST 4833 40
HIST 4834 42
HIST 4835 200
HIST 4836 43
HIST 4837 40
HIST 4838 42
HIST 4839 42
HIST 4840 48
HIST 4841 357
HIST 4842 46
HIST 4843 38
HIST 4844 35
HIST 4845 35
HIST 4846 55
HIST 4847 39
HIST 4848 47
HIST 4849 50
HIST 4850 34
HIST 4851 34
HIST 4852 23
HIST 4853 32
HIST 4854 34
HIST 4855 43
HIST 4856 28
HIST 4857 42
HIST 4858 44
HIST 4859 35
HIST 4860 33
HIST 4861 30
HIST 4862 41
HIST 4863 48
HIST 4864 41
HIST 4865 39
HIST 4866 28
HIST 4867 48
HIST 4868 37
HIST 4869 28
HIST 4870 38
HIST 4871 46
HIST 4872 28
HIST 4873 52
HIST 4874 43
HIST 4875 42
HIST 4876 40
HIST 4877 30
HIST 4878 45
HIST 4879 44
HIST 4880 43
HIST 4881 42
HIST 4882 39
HIST 4883 35
HIST 4884 47
HIST 4885 45
HIST 4886 41
HIST 4887 1677
HIST 4888 30
HIST 4889 45
HIST 4890 36
HIST 4891 37
HIST 4892 43
HIST 4893 77
HIST 4894 101
HIST 4895 32
HIST 4896 39
HIST 4897 31
HIST 4898 43
HIST 4899 36
HIST 4900 44
HIST 4901 30
HIST 4902 36
HIST 4903 49
HIST 4904 44
HIST 4905 42
HIST 4906 61
HIST 4907 39
HIST 4908 49
HIST 4909 35
HIST 4910 42
HIST 4911 34
HIST 4912 39
HIST 4913 42
HIST 4914 50
HIST 4915 45
HIST 4916 43
HIST 4917 40
HIST 4918 41
HIST 4919 38
HIST 4920 41
HIST 4921 37
HIST 4922 36
HIST 4923 35
HIST 4924 41
HIST 4925 52
HIST 4926 37
HIST 4927 40
HIST 4928 36
HIST 4929 38
HIST 4930 36
HIST 4931 36
HIST 4932 35
HIST 4933 44
HIST 4934 41
HIST 4935 33
HIST 4936 160
HIST 4937 41
HIST 4938 73
HIST 4939 42
HIST 4940 39
HIST 4941 44
HIST 4942 39
HIST 4943 40
HIST 4944 36
HIST 4945 36
HIST 4946 35
HIST 4947 45
HIST 4948 42
HIST 4949 42
HIST 4950 39
HIST 4951 33
HIST 4952 37
HIST 4953 36
HIST 4954 31
HIST 4955 48
HIST 4956 42
HIST 4957 47
HIST 4958 35
HIST 4959 38
HIST 4960 31
HIST 4961 43
HIST 4962 42
HIST 4963 54
HIST 4964 65
HIST 4965 39
HIST 4966 36
HIST 4967 41
HIST 4968 38
HIST 4969 40
HIST 4970 52
HIST 4971 39
HIST 4972 40
HIST 4973 45
HIST 4974 44
HIST 4975 36
HIST 4976 29
HIST 4977 38
HIST 4978 42
HIST 4979 50
HIST 4980 35
HIST 4981 49
HIST 4982 42
HIST 4983 40
HIST 4984 38
HIST 4985 41
HIST 4986 41
HIST 4987 35
HIST 4988 47
HIST 4989 40
HIST 4990 40
HIST 4991 39
HIST 4992 45
HIST 4993 37
HIST 4994 40
HIST 4995 45
HIST 4996 45
HIST 4997 44
HIST 4998 43
HIST 4999 49
HIST 5000 37
HIST 5001 41
HIST 5002 43
HIST 5003 38
HIST 5004 47
HIST 5005 48
HIST 5006 42
HIST 5007 39
HIST 5008 32
HIST 5009 37
HIST 5010 45
HIST 5011 43
HIST 5012 39
HIST 5013 44
HIST 5014 46
HIST 5015 36
HIST 5016 35
HIST 5017 41
HIST 5018 37
HIST 5019 50
HIST 5020 48
HIST 5021 49
HIST 5022 34
HIST 5023 42
HIST 5024 32
HIST 5025 41
HIST 5026 47
HIST 5027 37
HIST 5028 34
HIST 5029 28
HIST 5030 36
HIST 5031 33
HIST 5032 42
HIST 5033 45
HIST 5034 41
HIST 5035 676
HIST 5036 23
HIST 5037 41
HIST 5038 40
HIST 5039 42
HIST 5040 31
HIST 5041 44
HIST 5042 26
HIST 5043 46
HIST 5044 42
HIST 5045 50
HIST 5046 38
HIST 5047 32
HIST 5048 49
HIST 5049 52
HIST 5050 45
HIST 5051 39
HIST 5052 43
HIST 5053 43
HIST 5054 40
HIST 5055 32
HIST 5056 34
HIST 5057 53
HIST 5058 48
HIST 5059 23
HIST 5060 44
HIST 5061 42
HIST 5062 35
HIST 5063 47
HIST 5064 49
HIST 5065 37
HIST 5066 52
HIST 5067 47
HIST 5068 33
HIST 5069 44
HIST 5070 35
HIST 5071 40
HIST 5072 34
HIST 5073 47
HIST 5074 43
HIST 5075 36
HIST 5076 39
HIST 5077 46
HIST 5078 36
HIST 5079 30
HIST 5080 31
HIST 5081 42
HIST 5082 39
HIST 5083 30
HIST 5084 43
HIST 5085 35
HIST 5086 53
HIST 5087 42
HIST 5088 37
HIST 5089 42
HIST 5090 41
HIST 5091 40
HIST 5092 46
HIST 5093 38
HIST 5094 37
HIST 5095 43
HIST 5096 38
HIST 5097 44
HIST 5098 38
HIST 5099 34
HIST 5100 40
HIST 5101 34
HIST 5102 38
HIST 5103 44
HIST 5104 37
HIST 5105 39
HIST 5106 31
HIST 5107 26
HIST 5108 33
HIST 5109 35
HIST 5110 167
HIST 5111 53
HIST 5112 42
HIST 5113 44
HIST 5114 40
HIST 5115 44
HIST 5116 44
HIST 5117 36
HIST 5118 40
HIST 5119 40
HIST 5120 28
HIST 5121 49
HIST 5122 39
HIST 5123 38
HIST 5124 47
HIST 5125 29
HIST 5126 47
HIST 5127 45
HIST 5128 39
HIST 5129 42
HIST 5130 47
HIST 5131 43
HIST 5132 39
HIST 5133 63
HIST 5134 53
HIST 5135 36
HIST 5136 44
HIST 5137 44
HIST 5138 45
HIST 5139 30
HIST 5140 33
HIST 5141 44
HIST 5142 39
HIST 5143 47
HIST 5144 42
HIST 5145 44
HIST 5146 31
HIST 5147 36
HIST 5148 34
HIST 5149 34
HIST 5150 26
HIST 5151 35
HIST 5152 37
HIST 5153 28
HIST 5154 33
HIST 5155 39
HIST 5156 32
HIST 5157 41
HIST 5158 43
HIST 5159 40
HIST 5160 36
HIST 5161 30
HIST 5162 49
HIST 5163 44
HIST 5164 35
HIST 5165 39
HIST 5166 48
HIST 5167 36
HIST 5168 43
HIST 5169 40
HIST 5170 37
HIST 5171 38
HIST 5172 38
HIST 5173 37
HIST 5174 38
HIST 5175 32
HIST 5176 24
HIST 5177 50
HIST 5178 46
HIST 5179 38
HIST 5180 45
HIST 5181 42
HIST 5182 44
HIST 5183 42
HIST 5184 34
HIST 5185 41
HIST 5186 32
HIST 5187 46
HIST 5188 37
HIST 5189 40
HIST 5190 38
HIST 5191 31
HIST 5192 42
HIST 5193 49
HIST 5194 56
HIST 5195 46
HIST 5196 39
HIST 5197 36
HIST 5198 46
HIST 5199 48
HIST 5200 37
HIST 5201 46
HIST 5202 243
HIST 5203 41
HIST 5204 39
HIST 5205 27
HIST 5206 45
HIST 5207 47
HIST 5208 44
HIST 5209 42
HIST 5210 33
HIST 5211 28
HIST 5212 41
HIST 5213 34
HIST 5214 43
HIST 5215 36
HIST 5216 43
HIST 5217 42
HIST 5218 38
HIST 5219 42
HIST 5220 43
HIST 5221 41
HIST 5222 41
HIST 5223 36
HIST 5224 37
HIST 5225 42
HIST 5226 44
HIST 5227 45
HIST 5228 35
HIST 5229 41
HIST 5230 39
HIST 5231 82
HIST 5232 57
HIST 5233 36
HIST 5234 35
HIST 5235 37
HIST 5236 54
HIST 5237 33
HIST 5238 40
HIST 5239 34
HIST 5240 37
HIST 5241 40
HIST 5242 37
HIST 5243 36
HIST 5244 42
HIST 5245 42
HIST 5246 44
HIST 5247 38
HIST 5248 43
HIST 5249 38
HIST 5250 38
HIST 5251 28
HIST 5252 45
HIST 5253 35
HIST 5254 38
HIST 5255 37
HIST 5256 36
HIST 5257 29
HIST 5258 34
HIST 5259 26
HIST 5260 42
HIST 5261 43
HIST 5262 33
HIST 5263 37
HIST 5264 38
HIST 5265 45
HIST 5266 41
HIST 5267 44
HIST 5268 82
HIST 5269 29
HIST 5270 48
HIST 5271 40
HIST 5272 32
HIST 5273 46
HIST 5274 35
HIST 5275 33
HIST 5276 44
HIST 5277 37
HIST 5278 37
HIST 5279 34
HIST 5280 41
HIST 5281 34
HIST 5282 58
HIST 5283 36
HIST 5284 44
HIST 5285 44
HIST 5286 36
HIST 5287 42
HIST 5288 85
HIST 5289 41
HIST 5290 39
HIST 5291 38
HIST 5292 35
HIST 5293 46
HIST 5294 44
HIST 5295 42
HIST 5296 30
HIST 5297 47
HIST 5298 39
HIST 5299 35
HIST 5300 31
HIST 5301 40
HIST 5302 45
HIST 5303 32
HIST 5304 36
HIST 5305 45
HIST 5306 50
HIST 5307 46
HIST 5308 44
HIST 5309 39
HIST 5310 43
HIST 5311 42
HIST 5312 34
HIST 5313 33
HIST 5314 24
HIST 5315 37
HIST 5316 38
HIST 5317 42
HIST 5318 36
HIST 5319 40
HIST 5320 39
HIST 5321 39
HIST 5322 36
HIST 5323 36
HIST 5324 39
HIST 5325 44
HIST 5326 45
HIST 5327 44
HIST 5328 36
HIST 5329 36
HIST 5330 44
HIST 5331 37
HIST 5332 40
HIST 5333 35
HIST 5334 38
HIST 5335 39
HIST 5336 35
HIST 5337 39
HIST 5338 41
HIST 5339 43
HIST 5340 43
HIST 5341 48
HIST 5342 209
HIST 5343 44
HIST 5344 46
HIST 5345 35
HIST 5346 45
HIST 5347 39
HIST 5348 42
HIST 5349 40
HIST 5350 48
HIST 5351 31
HIST 5352 29
HIST 5353 50
HIST 5354 42
HIST 5355 42
HIST 5356 39
HIST 5357 54
HIST 5358 50
HIST 5359 38
HIST 5360 47
HIST 5361 38
HIST 5362 32
HIST 5363 47
HIST 5364 42
HIST 5365 51
HIST 5366 43
HIST 5367 35
HIST 5368 40
HIST 5369 40
HIST 5370 31
HIST 5371 41
HIST 5372 44
HIST 5373 37
HIST 5374 42
HIST 5375 52
HIST 5376 47
HIST 5377 54
HIST 5378 26
HIST 5379 48
HIST 5380 32
HIST 5381 38
HIST 5382 43
HIST 5383 54
HIST 5384 57
HIST 5385 44
HIST 5386 38
HIST 5387 37
HIST 5388 34
HIST 5389 37
HIST 5390 34
HIST 5391 47
HIST 5392 43
HIST 5393 27
HIST 5394 39
HIST 5395 34
HIST 5396 32
HIST 5397 43
HIST 5398 33
HIST 5399 46
HIST 5400 40
HIST 5401 41
HIST 5402 41
HIST 5403 35
HIST 5404 35
HIST 5405 43
HIST 5406 76
HIST 5407 43
HIST 5408 50
HIST 5409 36
HIST 5410 40
HIST 5411 32
HIST 5412 31
HIST 5413 57
HIST 5414 58
HIST 5415 28
HIST 5416 39
HIST 5417 33
HIST 5418 37
HIST 5419 50
HIST 5420 47
HIST 5421 43
HIST 5422 44
HIST 5423 40
HIST 5424 41
HIST 5425 42
HIST 5426 44
HIST 5427 36
HIST 5428 35
HIST 5429 46
HIST 5430 40
HIST 5431 39
HIST 5432 37
HIST 5433 39
HIST 5434 48
HIST 5435 43
HIST 5436 32
HIST 5437 47
HIST 5438 37
HIST 5439 30
HIST 5440 36
HIST 5441 40
HIST 5442 30
HIST 5443 40
HIST 5444 34
HIST 5445 38
HIST 5446 38
HIST 5447 52
HIST 5448 42
HIST 5449 37
HIST 5450 33
HIST 5451 42
HIST 5452 44
HIST 5453 36
HIST 5454 44
HIST 5455 50
HIST 5456 39
HIST 5457 45
HIST 5458 42
HIST 5459 41
HIST 5460 46
HIST 5461 31
HIST 5462 43
HIST 5463 49
HIST 5464 36
HIST 5465 55
HIST 5466 34
HIST 5467 40
HIST 5468 35
HIST 5469 34
HIST 5470 44
HIST 5471 38
HIST 5472 43
HIST 5473 38
HIST 5474 45
HIST 5475 37
HIST 5476 42
HIST 5477 41
HIST 5478 41
HIST 5479 41
HIST 5480 38
HIST 5481 41
HIST 5482 34
HIST 5483 40
HIST 5484 27
HIST 5485 43
HIST 5486 43
HIST 5487 29
HIST 5488 43
HIST 5489 38
HIST 5490 42
HIST 5491 33
HIST 5492 29
HIST 5493 43
HIST 5494 45
HIST 5495 31
HIST 5496 43
HIST 5497 47
HIST 5498 39
HIST 5499 48
HIST 5500 34
HIST 5501 41
HIST 5502 30
HIST 5503 52
HIST 5504 47
HIST 5505 44
HIST 5506 37
HIST 5507 44
HIST 5508 38
HIST 5509 39
HIST 5510 42
HIST 5511 31
HIST 5512 58
HIST 5513 36
HIST 5514 45
HIST 5515 51
HIST 5516 44
HIST 5517 37
HIST 5518 39
HIST 5519 38
HIST 5520 43
HIST 5521 38
HIST 5522 40
HIST 5523 42
HIST 5524 34
HIST 5525 35
HIST 5526 36
HIST 5527 37
HIST 5528 39
HIST 5529 24
HIST 5530 33
HIST 5531 38
HIST 5532 34
HIST 5533 30
HIST 5534 38
HIST 5535 45
HIST 5536 38
HIST 5537 40
HIST 5538 50
HIST 5539 39
HIST 5540 42
HIST 5541 37
HIST 5542 44
HIST 5543 38
HIST 5544 35
HIST 5545 34
HIST 5546 44
HIST 5547 36
HIST 5548 45
HIST 5549 50
HIST 5550 36
HIST 5551 35
HIST 5552 31
HIST 5553 48
HIST 5554 37
HIST 5555 40
HIST 5556 38
HIST 5557 48
HIST 5558 39
HIST 5559 26
HIST 5560 38
HIST 5561 40
HIST 5562 43
HIST 5563 54
HIST 5564 34
HIST 5565 103
HIST 5566 48
HIST 5567 45
HIST 5568 37
HIST 5569 44
HIST 5570 44
HIST 5571 43
HIST 5572 55
HIST 5573 40
HIST 5574 35
HIST 5575 37
HIST 5576 48
HIST 5577 50
HIST 5578 51
HIST 5579 38
HIST 5580 47
HIST 5581 37
HIST 5582 31
HIST 5583 36
HIST 5584 42
HIST 5585 35
HIST 5586 28
HIST 5587 55
HIST 5588 47
HIST 5589 41
HIST 5590 31
HIST 5591 27
HIST 5592 38
HIST 5593 42
HIST 5594 30
HIST 5595 42
HIST 5596 46
HIST 5597 40
HIST 5598 44
HIST 5599 48
HIST 5600 36
HIST 5601 27
HIST 5602 38
HIST 5603 50
HIST 5604 38
HIST 5605 42
HIST 5606 34
HIST 5607 52
HIST 5608 26
HIST 5609 37
HIST 5610 30
HIST 5611 38
HIST 5612 47
HIST 5613 46
HIST 5614 45
HIST 5615 48
HIST 5616 39
HIST 5617 44
HIST 5618 44
HIST 5619 46
HIST 5620 45
HIST 5621 41
HIST 5622 30
HIST 5623 47
HIST 5624 50
HIST 5625 39
HIST 5626 46
HIST 5627 41
HIST 5628 31
HIST 5629 34
HIST 5630 109
HIST 5631 39
HIST 5632 47
HIST 5633 40
HIST 5634 33
HIST 5635 47
HIST 5636 62
HIST 5637 35
HIST 5638 36
HIST 5639 32
HIST 5640 1819
HIST 5641 39
HIST 5642 43
HIST 5643 40
HIST 5644 38
HIST 5645 33
HIST 5646 43
HIST 5647 37
HIST 5648 34
HIST 5649 42
HIST 5650 41
HIST 5651 29
HIST 5652 42
HIST 5653 38
HIST 5654 35
HIST 5655 42
HIST 5656 43
HIST 5657 242
HIST 5658 77
HIST 5659 36
HIST 5660 38
HIST 5661 28
HIST 5662 45
HIST 5663 39
HIST 5664 501
HIST 5665 38
HIST 5666 49
HIST 5667 41
HIST 5668 33
HIST 5669 40
HIST 5670 49
HIST 5671 40
HIST 5672 50
HIST 5673 47
HIST 5674 32
HIST 5675 37
HIST 5676 34
HIST 5677 35
HIST 5678 45
HIST 5679 43
HIST 5680 53
HIST 5681 42
HIST 5682 35
HIST 5683 41
HIST 5684 33
HIST 5685 45
HIST 5686 33
HIST 5687 40
HIST 5688 49
HIST 5689 41
HIST 5690 46
HIST 5691 27
HIST 5692 44
HIST 5693 30
HIST 5694 38
HIST 5695 31
HIST 5696 38
HIST 5697 39
HIST 5698 43
HIST 5699 46
HIST 5700 53
HIST 5701 48
HIST 5702 43
HIST 5703 45
HIST 5704 44
HIST 5705 34
HIST 5706 27
HIST 5707 41
HIST 5708 40
HIST 5709 53
HIST 5710 33
HIST 5711 39
HIST 5712 35
HIST 5713 44
HIST 5714 45
HIST 5715 43
HIST 5716 38
HIST 5717 32
HIST 5718 49
HIST 5719 44
HIST 5720 44
HIST 5721 37
HIST 5722 39
HIST 5723 48
HIST 5724 25
HIST 5725 37
HIST 5726 52
HIST 5727 57
HIST 5728 34
HIST 5729 33
HIST 5730 47
HIST 5731 47
HIST 5732 35
HIST 5733 45
HIST 5734 43
HIST 5735 39
HIST 5736 44
HIST 5737 40
HIST 5738 31
HIST 5739 36
HIST 5740 37
HIST 5741 46
HIST 5742 42
HIST 5743 45
HIST 5744 33
HIST 5745 42
HIST 5746 46
HIST 5747 52
HIST 5748 35
HIST 5749 48
HIST 5750 33
HIST 5751 41
HIST 5752 48
HIST 5753 34
HIST 5754 39
HIST 5755 53
HIST 5756 39
HIST 5757 30
HIST 5758 45
HIST 5759 50
HIST 5760 34
HIST 5761 35
HIST 5762 28
HIST 5763 30
HIST 5764 56
HIST 5765 40
HIST 5766 34
HIST 5767 46
HIST 5768 33
HIST 5769 38
HIST 5770 40
HIST 5771 32
HIST 5772 43
HIST 5773 49
HIST 5774 50
HIST 5775 44
HIST 5776 31
HIST 5777 39
HIST 5778 39
HIST 5779 40
HIST 5780 35
HIST 5781 46
HIST 5782 43
HIST 5783 44
HIST 5784 45
HIST 5785 32
HIST 5786 24
HIST 5787 36
HIST 5788 34
HIST 5789 48
HIST 5790 40
HIST 5791 45
HIST 5792 45
HIST 5793 41
HIST 5794 51
HIST 5795 47
HIST 5796 42
HIST 5797 44
HIST 5798 34
HIST 5799 43
HIST 5800 45
HIST 5801 37
HIST 5802 42
HIST 5803 40
HIST 5804 43
HIST 5805 41
HIST 5806 30
HIST 5807 46
HIST 5808 42
HIST 5809 41
HIST 5810 48
HIST 5811 56
HIST 5812 38
HIST 5813 37
HIST 5814 47
HIST 5815 48
HIST 5816 40
HIST 5817 43
HIST 5818 34
HIST 5819 34
HIST 5820 40
HIST 5821 39
HIST 5822 50
HIST 5823 27
HIST 5824 41
HIST 5825 37
HIST 5826 29
HIST 5827 27
HIST 5828 38
HIST 5829 37
HIST 5830 41
HIST 5831 39
HIST 5832 40
HIST 5833 46
HIST 5834 29
HIST 5835 30
HIST 5836 35
HIST 5837 33
HIST 5838 47
HIST 5839 48
HIST 5840 46
HIST 5841 48
HIST 5842 38
HIST 5843 34
HIST 5844 22
HIST 5845 31
HIST 5846 35
HIST 5847 34
HIST 5848 47
HIST 5849 45
HIST 5850 42
HIST 5851 49
HIST 5852 38
HIST 5853 40
HIST 5854 47
HIST 5855 50
HIST 5856 49
HIST 5857 39
HIST 5858 34
HIST 5859 35
HIST 5860 42
HIST 5861 24
HIST 5862 40
HIST 5863 1708
HIST 5864 36
HIST 5865 39
HIST 5866 41
HIST 5867 32
HIST 5868 37
HIST 5869 34
HIST 5870 37
HIST 5871 29
HIST 5872 34
HIST 5873 31
HIST 5874 47
HIST 5875 41
HIST 5876 35
HIST 5877 29
HIST 5878 36
HIST 5879 34
HIST 5880 33
HIST 5881 41
HIST 5882 38
HIST 5883 37
HIST 5884 35
HIST 5885 39
HIST 5886 31
HIST 5887 40
HIST 5888 41
HIST 5889 46
HIST 5890 40
HIST 5891 37
HIST 5892 33
HIST 5893 38
HIST 5894 29
HIST 5895 41
HIST 5896 36
HIST 5897 36
HIST 5898 38
HIST 5899 43
HIST 5900 34
HIST 5901 47
HIST 5902 33
HIST 5903 39
HIST 5904 35
HIST 5905 36
HIST 5906 36
HIST 5907 29
HIST 5908 30
HIST 5909 32
HIST 5910 41
HIST 5911 34
HIST 5912 38
HIST 5913 38
HIST 5914 28
HIST 5915 35
HIST 5916 38
HIST 5917 22
HIST 5918 42
HIST 5919 37
HIST 5920 31
HIST 5921 33
HIST 5922 42
HIST 5923 23
HIST 5924 25
HIST 5925 44
HIST 5926 30
HIST 5927 41
HIST 5928 45
HIST 5929 37
HIST 5930 26
HIST 5931 42
HIST 5932 26
HIST 5933 40
HIST 5934 32
HIST 5935 22
HIST 5936 30
HIST 5937 30
HIST 5938 37
HIST 5939 32
HIST 5940 36
HIST 5941 41
HIST 5942 39
HIST 5943 25
HIST 5944 36
HIST 5945 39
HIST 5946 31
HIST 5947 34
HIST 5948 31
HIST 5949 32
HIST 5950 47
HIST 5951 38
HIST 5952 32
HIST 5953 32
HIST 5954 26
HIST 5955 37
HIST 5956 39
HIST 5957 33
HIST 5958 40
HIST 5959 34
HIST 5960 45
HIST 5961 43
HIST 5962 52
HIST 5963 38
HIST 5964 25
HIST 5965 36
HIST 5966 43
HIST 5967 26
HIST 5968 33
HIST 5969 38
HIST 5970 30
HIST 5971 34
HIST 5972 38
HIST 5973 32
HIST 5974 37
HIST 5975 34
HIST 5976 44
HIST 5977 34
HIST 5978 35
HIST 5979 30
HIST 5980 31
HIST 5981 34
HIST 5982 34
HIST 5983 39
HIST 5984 26
HIST 5985 28
HIST 5986 38
HIST 5987 37
HIST 5988 38
HIST 5989 26
HIST 5990 33
HIST 5991 41
HIST 5992 44
HIST 5993 38
HIST 5994 35
HIST 5995 40
HIST 5996 28
HIST 5997 41
HIST 5998 29
HIST 5999 36
HIST 6000 22
HIST 6001 32
HIST 6002 32
HIST 6003 29
HIST 6004 44
HIST 6005 33
HIST 6006 44
HIST 6007 38
HIST 6008 43
HIST 6009 29
HIST 6010 35
HIST 6011 47
HIST 6012 38
HIST 6013 38
HIST 6014 33
HIST 6015 37
HIST 6016 37
HIST 6017 32
HIST 6018 32
HIST 6019 37
HIST 6020 36
HIST 6021 26
HIST 6022 23
HIST 6023 39
HIST 6024 39
HIST 6025 27
HIST 6026 32
HIST 6027 43
HIST 6028 35
HIST 6029 37
HIST 6030 25
HIST 6031 36
HIST 6032 30
HIST 6033 40
HIST 6034 27
HIST 6035 52
HIST 6036 28
HIST 6037 39
HIST 6038 46
HIST 6039 30
HIST 6040 35
HIST 6041 41
HIST 6042 65
HIST 6043 32
HIST 6044 47
HIST 6045 30
HIST 6046 35
HIST 6047 40
HIST 6048 31
HIST 6049 37
HIST 6050 27
HIST 6051 29
HIST 6052 31
HIST 6053 39
HIST 6054 42
HIST 6055 31
HIST 6056 27
HIST 6057 37
HIST 6058 37
HIST 6059 50
HIST 6060 35
HIST 6061 25
HIST 6062 37
HIST 6063 37
HIST 6064 32
HIST 6065 42
HIST 6066 44
HIST 6067 45
HIST 6068 37
HIST 6069 35
HIST 6070 39
HIST 6071 40
HIST 6072 36
HIST 6073 37
HIST 6074 36
HIST 6075 28
HIST 6076 37
HIST 6077 35
HIST 6078 37
HIST 6079 34
HIST 6080 29
HIST 6081 39
HIST 6082 49
HIST 6083 29
HIST 6084 42
HIST 6085 39
HIST 6086 30
HIST 6087 37
HIST 6088 33
HIST 6089 34
HIST 6090 25
HIST 6091 34
HIST 6092 39
HIST 6093 42
HIST 6094 36
HIST 6095 36
HIST 6096 33
HIST 6097 40
HIST 6098 34
HIST 6099 32
HIST 6100 29
HIST 6101 32
HIST 6102 30
HIST 6103 35
HIST 6104 40
HIST 6105 81
HIST 6106 30
HIST 6107 38
HIST 6108 32
HIST 6109 33
HIST 6110 32
HIST 6111 26
HIST 6112 37
HIST 6113 35
HIST 6114 30
HIST 6115 35
HIST 6116 35
HIST 6117 38
HIST 6118 30
HIST 6119 28
HIST 6120 33
HIST 6121 35
HIST 6122 36
HIST 6123 42
HIST 6124 20
HIST 6125 37
HIST 6126 38
HIST 6127 42
HIST 6128 44
HIST 6129 38
HIST 6130 37
HIST 6131 31
HIST 6132 24
HIST 6133 36
HIST 6134 34
HIST 6135 28
HIST 6136 30
HIST 6137 34
HIST 6138 37
HIST 6139 30
HIST 6140 39
HIST 6141 37
HIST 6142 41
HIST 6143 27
HIST 6144 49
HIST 6145 36
HIST 6146 23
HIST 6147 34
HIST 6148 29
HIST 6149 30
HIST 6150 32
HIST 6151 39
HIST 6152 26
HIST 6153 37
HIST 6154 37
HIST 6155 33
HIST 6156 34
HIST 6157 37
HIST 6158 34
HIST 6159 33
HIST 6160 34
HIST 6161 78
HIST 6162 43
HIST 6163 28
HIST 6164 32
HIST 6165 30
HIST 6166 39
HIST 6167 35
HIST 6168 30
HIST 6169 40
HIST 6170 33
HIST 6171 31
HIST 6172 33
HIST 6173 30
HIST 6174 39
HIST 6175 25
HIST 6176 37
HIST 6177 29
HIST 6178 37
HIST 6179 38
HIST 6180 42
HIST 6181 42
HIST 6182 41
HIST 6183 40
HIST 6184 19
HIST 6185 34
HIST 6186 34
HIST 6187 27
HIST 6188 37
HIST 6189 28
HIST 6190 16
HIST 6191 38
HIST 6192 27
HIST 6193 51
HIST 6194 36
HIST 6195 51
HIST 6196 24
HIST 6197 31
HIST 6198 37
HIST 6199 37
HIST 6200 28
HIST 6201 33
HIST 6202 42
HIST 6203 41
HIST 6204 34
HIST 6205 29
HIST 6206 40
HIST 6207 25
HIST 6208 34
HIST 6209 35
HIST 6210 32
HIST 6211 36
HIST 6212 28
HIST 6213 48
HIST 6214 32
HIST 6215 38
HIST 6216 34
HIST 6217 44
HIST 6218 30
HIST 6219 33
HIST 6220 40
HIST 6221 38
HIST 6222 31
HIST 6223 31
HIST 6224 35
HIST 6225 38
HIST 6226 35
HIST 6227 30
HIST 6228 43
HIST 6229 38
HIST 6230 47
HIST 6231 39
HIST 6232 31
HIST 6233 33
HIST 6234 17
HIST 6235 31
HIST 6236 48
HIST 6237 35
HIST 6238 38
HIST 6239 31
HIST 6240 31
HIST 6241 32
HIST 6242 27
HIST 6243 35
HIST 6244 32
HIST 6245 28
HIST 6246 37
HIST 6247 36
HIST 6248 25
HIST 6249 40
HIST 6250 38
HIST 6251 38
HIST 6252 35
HIST 6253 36
HIST 6254 30
HIST 6255 44
HIST 6256 31
HIST 6257 24
HIST 6258 38
HIST 6259 33
HIST 6260 44
HIST 6261 36
HIST 6262 37
HIST 6263 38
HIST 6264 32
HIST 6265 39
HIST 6266 34
HIST 6267 39
HIST 6268 35
HIST 6269 28
HIST 6270 40
HIST 6271 41
HIST 6272 35
HIST 6273 34
HIST 6274 33
HIST 6275 23
HIST 6276 38
HIST 6277 38
HIST 6278 30
HIST 6279 38
HIST 6280 34
HIST 6281 33
HIST 6282 30
HIST 6283 33
HIST 6284 26
HIST 6285 41
HIST 6286 37
HIST 6287 33
HIST 6288 26
HIST 6289 39
HIST 6290 41
HIST 6291 38
HIST 6292 30
HIST 6293 47
HIST 6294 38
HIST 6295 45
HIST 6296 26
HIST 6297 32
HIST 6298 27
HIST 6299 35
HIST 6300 37
HIST 6301 20
HIST 6302 28
HIST 6303 44
HIST 6304 37
HIST 6305 33
HIST 6306 28
HIST 6307 37
HIST 6308 42
HIST 6309 36
HIST 6310 26
HIST 6311 30
HIST 6312 38
HIST 6313 32
HIST 6314 36
HIST 6315 25
HIST 6316 40
HIST 6317 43
HIST 6318 30
HIST 6319 32
HIST 6320 25
HIST 6321 36
HIST 6322 25
HIST 6323 44
HIST 6324 34
HIST 6325 33
HIST 6326 32
HIST 6327 25
HIST 6328 37
HIST 6329 36
HIST 6330 34
HIST 6331 39
HIST 6332 40
HIST 6333 31
HIST 6334 34
HIST 6335 31
HIST 6336 35
HIST 6337 38
HIST 6338 27
HIST 6339 27
HIST 6340 37
HIST 6341 34
HIST 6342 29
HIST 6343 35
HIST 6344 31
HIST 6345 34
HIST 6346 32
HIST 6347 40
HIST 6348 33
HIST 6349 37
HIST 6350 36
HIST 6351 33
HIST 6352 37
HIST 6353 31
HIST 6354 23
HIST 6355 44
HIST 6356 33
HIST 6357 36
HIST 6358 29
HIST 6359 31
HIST 6360 28
HIST 6361 38
HIST 6362 38
HIST 6363 39
HIST 6364 32
HIST 6365 29
HIST 6366 21
HIST 6367 36
HIST 6368 22
HIST 6369 28
HIST 6370 24
HIST 6371 36
HIST 6372 38
HIST 6373 32
HIST 6374 27
HIST 6375 36
HIST 6376 34
HIST 6377 37
HIST 6378 39
HIST 6379 31
HIST 6380 27
HIST 6381 37
HIST 6382 28
HIST 6383 41
HIST 6384 24
HIST 6385 32
HIST 6386 35
HIST 6387 23
HIST 6388 32
HIST 6389 34
HIST 6390 36
HIST 6391 43
HIST 6392 28
HIST 6393 33
HIST 6394 38
HIST 6395 31
HIST 6396 41
HIST 6397 26
HIST 6398 28
HIST 6399 27
HIST 6400 26
HIST 6401 30
HIST 6402 28
HIST 6403 24
HIST 6404 36
HIST 6405 33
HIST 6406 28
HIST 6407 31
HIST 6408 33
HIST 6409 36
HIST 6410 32
HIST 6411 38
HIST 6412 34
HIST 6413 37
HIST 6414 37
HIST 6415 38
HIST 6416 35
HIST 6417 31
HIST 6418 28
HIST 6419 39
HIST 6420 41
HIST 6421 41
HIST 6422 41
HIST 6423 23
HIST 6424 45
HIST 6425 34
HIST 6426 28
HIST 6427 25
HIST 6428 25
HIST 6429 29
HIST 6430 37
HIST 6431 37
HIST 6432 48
HIST 6433 40
HIST 6434 36
HIST 6435 34
HIST 6436 35
HIST 6437 32
HIST 6438 33
HIST 6439 20
HIST 6440 38
HIST 6441 34
HIST 6442 32
HIST 6443 30
HIST 6444 67
HIST 6445 39
HIST 6446 33
HIST 6447 32
HIST 6448 30
HIST 6449 26
HIST 6450 41
HIST 6451 37
HIST 6452 39
HIST 6453 41
HIST 6454 37
HIST 6455 31
HIST 6456 36
HIST 6457 44
HIST 6458 30
HIST 6459 32
HIST 6460 32
HIST 6461 32
HIST 6462 26
HIST 6463 32
HIST 6464 37
HIST 6465 25
HIST 6466 24
HIST 6467 26
HIST 6468 31
HIST 6469 27
HIST 6470 32
HIST 6471 33
HIST 6472 28
HIST 6473 35
HIST 6474 32
HIST 6475 30
HIST 6476 33
HIST 6477 26
HIST 6478 34
HIST 6479 36
HIST 6480 42
HIST 6481 28
HIST 6482 38
HIST 6483 27
HIST 6484 35
HIST 6485 35
HIST 6486 34
HIST 6487 31
HIST 6488 24
HIST 6489 37
HIST 6490 33
HIST 6491 28
HIST 6492 27
HIST 6493 23
HIST 6494 27
HIST 6495 38
HIST 6496 26
HIST 6497 37
HIST 6498 32
HIST 6499 39
HIST 6500 35
HIST 6501 34
HIST 6502 42
HIST 6503 33
HIST 6504 27
HIST 6505 41
HIST 6506 30
HIST 6507 29
HIST 6508 28
HIST 6509 33
HIST 6510 37
HIST 6511 37
HIST 6512 27
HIST 6513 35
HIST 6514 22
HIST 6515 33
HIST 6516 30
HIST 6517 47
HIST 6518 49
HIST 6519 41
HIST 6520 43
HIST 6521 48
HIST 6522 17
HIST 6523 26
HIST 6524 33
HIST 6525 20
HIST 6526 24
HIST 6527 32
HIST 6528 30
HIST 6529 36
HIST 6530 33
HIST 6531 36
HIST 6532 23
HIST 6533 36
HIST 6534 29
HIST 6535 35
HIST 6536 30
HIST 6537 34
HIST 6538 32
HIST 6539 33
HIST 6540 27
HIST 6541 33
HIST 6542 42
HIST 6543 38
HIST 6544 27
HIST 6545 37
HIST 6546 37
HIST 6547 24
HIST 6548 41
HIST 6549 31
HIST 6550 38
HIST 6551 26
HIST 6552 33
HIST 6553 29
HIST 6554 31
HIST 6555 51
HIST 6556 44
HIST 6557 32
HIST 6558 29
HIST 6559 34
HIST 6560 33
HIST 6561 38
HIST 6562 22
HIST 6563 33
HIST 6564 35
HIST 6565 467
HIST 6566 20
HIST 6567 30
HIST 6568 35
HIST 6569 28
HIST 6570 34
HIST 6571 33
HIST 6572 33
HIST 6573 37
HIST 6574 41
HIST 6575 32
HIST 6576 30
HIST 6577 27
HIST 6578 30
HIST 6579 35
HIST 6580 38
HIST 6581 30
HIST 6582 33
HIST 6583 34
HIST 6584 28
HIST 6585 33
HIST 6586 36
HIST 6587 36
HIST 6588 34
HIST 6589 33
HIST 6590 34
HIST 6591 36
HIST 6592 27
HIST 6593 31
HIST 6594 44
HIST 6595 35
HIST 6596 29
HIST 6597 31
HIST 6598 37
HIST 6599 27
HIST 6600 35
HIST 6601 48
HIST 6602 41
HIST 6603 39
HIST 6604 28
HIST 6605 33
HIST 6606 29
HIST 6607 32
HIST 6608 27
HIST 6609 31
HIST 6610 28
HIST 6611 35
HIST 6612 34
HIST 6613 28
HIST 6614 35
HIST 6615 27
HIST 6616 29
HIST 6617 33
HIST 6618 27
HIST 6619 32
HIST 6620 26
HIST 6621 33
HIST 6622 40
HIST 6623 32
HIST 6624 35
HIST 6625 28
HIST 6626 30
HIST 6627 33
HIST 6628 32
HIST 6629 28
HIST 6630 29
HIST 6631 29
HIST 6632 41
HIST 6633 45
HIST 6634 33
HIST 6635 27
HIST 6636 28
HIST 6637 26
HIST 6638 35
HIST 6639 29
HIST 6640 43
HIST 6641 31
HIST 6642 32
HIST 6643 29
HIST 6644 32
HIST 6645 42
HIST 6646 33
HIST 6647 35
HIST 6648 57
HIST 6649 37
HIST 6650 34
HIST 6651 27
HIST 6652 29
HIST 6653 41
HIST 6654 28
HIST 6655 25
HIST 6656 32
HIST 6657 35
HIST 6658 31
HIST 6659 28
HIST 6660 32
HIST 6661 32
HIST 6662 30
HIST 6663 45
HIST 6664 30
HIST 6665 26
HIST 6666 35
HIST 6667 30
HIST 6668 33
HIST 6669 30
HIST 6670 30
HIST 6671 27
HIST 6672 27
HIST 6673 23
HIST 6674 38
HIST 6675 33
HIST 6676 35
HIST 6677 34
HIST 6678 35
HIST 6679 37
HIST 6680 39
HIST 6681 29
HIST 6682 26
HIST 6683 37
HIST 6684 29
HIST 6685 32
HIST 6686 25
HIST 6687 39
HIST 6688 29
HIST 6689 22
HIST 6690 33
HIST 6691 40
HIST 6692 23
HIST 6693 26
HIST 6694 21
HIST 6695 31
HIST 6696 35
HIST 6697 34
HIST 6698 40
HIST 6699 36
HIST 6700 40
HIST 6701 31
HIST 6702 28
HIST 6703 29
HIST 6704 26
HIST 6705 25
HIST 6706 34
HIST 6707 28
HIST 6708 29
HIST 6709 28
HIST 6710 28
HIST 6711 24
HIST 6712 117
HIST 6713 28
HIST 6714 34
HIST 6715 22
HIST 6716 43
HIST 6717 20
HIST 6718 39
HIST 6719 27
HIST 6720 30
HIST 6721 29
HIST 6722 23
HIST 6723 27
HIST 6724 37
HIST 6725 33
HIST 6726 38
HIST 6727 31
HIST 6728 29
HIST 6729 27
HIST 6730 35
HIST 6731 32
HIST 6732 30
HIST 6733 31
HIST 6734 29
HIST 6735 33
HIST 6736 37
HIST 6737 40
HIST 6738 41
HIST 6739 36
HIST 6740 42
HIST 6741 37
HIST 6742 37
HIST 6743 39
HIST 6744 25
HIST 6745 32
HIST 6746 492
HIST 6747 34
HIST 6748 26
HIST 6749 18
HIST 6750 31
HIST 6751 78
HIST 6752 36
HIST 6753 37
HIST 6754 35
HIST 6755 40
HIST 6756 28
HIST 6757 31
HIST 6758 36
HIST 6759 29
HIST 6760 39
HIST 6761 42
HIST 6762 27
HIST 6763 36
HIST 6764 26
HIST 6765 27
HIST 6766 21
HIST 6767 38
HIST 6768 36
HIST 6769 24
HIST 6770 28
HIST 6771 29
HIST 6772 25
HIST 6773 40
HIST 6774 25
HIST 6775 28
HIST 6776 26
HIST 6777 33
HIST 6778 35
HIST 6779 32
HIST 6780 41
HIST 6781 34
HIST 6782 40
HIST 6783 35
HIST 6784 34
HIST 6785 35
HIST 6786 1535
HIST 6787 31
HIST 6788 17
HIST 6789 35
HIST 6790 34
HIST 6791 22
HIST 6792 29
HIST 6793 42
HIST 6794 27
HIST 6795 25
HIST 6796 24
HIST 6797 33
HIST 6798 36
HIST 6799 25
HIST 6800 37
HIST 6801 31
HIST 6802 28
HIST 6803 31
HIST 6804 36
HIST 6805 35
HIST 6806 40
HIST 6807 31
HIST 6808 34
HIST 6809 23
HIST 6810 33
HIST 6811 29
HIST 6812 31
HIST 6813 37
HIST 6814 35
HIST 6815 40
HIST 6816 27
HIST 6817 30
HIST 6818 29
HIST 6819 41
HIST 6820 37
HIST 6821 30
HIST 6822 37
HIST 6823 32
HIST 6824 31
HIST 6825 26
HIST 6826 27
HIST 6827 32
HIST 6828 26
HIST 6829 34
HIST 6830 30
HIST 6831 38
HIST 6832 23
HIST 6833 41
HIST 6834 38
HIST 6835 34
HIST 6836 31
HIST 6837 29
HIST 6838 29
HIST 6839 32
HIST 6840 29
HIST 6841 24
HIST 6842 34
HIST 6843 43
HIST 6844 29
HIST 6845 32
HIST 6846 31
HIST 6847 40
HIST 6848 47
HIST 6849 25
HIST 6850 29
HIST 6851 36
HIST 6852 25
HIST 6853 41
HIST 6854 31
HIST 6855 28
HIST 6856 27
HIST 6857 34
HIST 6858 61
HIST 6859 28
HIST 6860 30
HIST 6861 24
HIST 6862 35
HIST 6863 36
HIST 6864 38
HIST 6865 83
HIST 6866 36
HIST 6867 29
HIST 6868 29
HIST 6869 36
HIST 6870 17
HIST 6871 28
HIST 6872 42
HIST 6873 38
HIST 6874 40
HIST 6875 30
HIST 6876 36
HIST 6877 36
HIST 6878 38
HIST 6879 23
HIST 6880 37
HIST 6881 38
HIST 6882 40
HIST 6883 24
HIST 6884 38
HIST 6885 38
HIST 6886 27
HIST 6887 2562
HIST 6888 26
HIST 6889 26
HIST 6890 28
HIST 6891 31
HIST 6892 31
HIST 6893 36
HIST 6894 37
HIST 6895 37
HIST 6896 20
HIST 6897 23
HIST 6898 28
HIST 6899 36
HIST 6900 33
HIST 6901 29
HIST 6902 25
HIST 6903 33
HIST 6904 38
HIST 6905 24
HIST 6906 39
HIST 6907 27
HIST 6908 34
HIST 6909 31
HIST 6910 32
HIST 6911 37
HIST 6912 39
HIST 6913 29
HIST 6914 17
HIST 6915 39
HIST 6916 43
HIST 6917 23
HIST 6918 38
HIST 6919 25
HIST 6920 27
HIST 6921 39
HIST 6922 36
HIST 6923 45
HIST 6924 32
HIST 6925 30
HIST 6926 23
HIST 6927 33
HIST 6928 38
HIST 6929 38
HIST 6930 30
HIST 6931 33
HIST 6932 33
HIST 6933 32
HIST 6934 28
HIST 6935 20
HIST 6936 36
HIST 6937 42
HIST 6938 18
HIST 6939 29
HIST 6940 31
HIST 6941 32
HIST 6942 27
HIST 6943 24
HIST 6944 29
HIST 6945 36
HIST 6946 37
HIST 6947 26
HIST 6948 28
HIST 6949 30
HIST 6950 35
HIST 6951 34
HIST 6952 33
HIST 6953 34
HIST 6954 32
HIST 6955 35
HIST 6956 26
HIST 6957 35
HIST 6958 29
HIST 6959 38
HIST 6960 30
HIST 6961 28
HIST 6962 44
HIST 6963 33
HIST 6964 35
HIST 6965 35
HIST 6966 33
HIST 6967 51
HIST 6968 28
HIST 6969 26
HIST 6970 24
HIST 6971 37
HIST 6972 31
HIST 6973 37
HIST 6974 36
HIST 6975 36
HIST 6976 32
HIST 6977 32
HIST 6978 30
HIST 6979 35
HIST 6980 26
HIST 6981 27
HIST 6982 34
HIST 6983 38
HIST 6984 19
HIST 6985 28
HIST 6986 31
HIST 6987 23
HIST 6988 34
HIST 6989 38
HIST 6990 25
HIST 6991 27
HIST 6992 42
HIST 6993 29
HIST 6994 36
HIST 6995 37
HIST 6996 24
HIST 6997 36
HIST 6998 39
HIST 6999 24
HIST 7000 30
HIST 7001 38
HIST 7002 36
HIST 7003 36
HIST 7004 30
HIST 7005 39
HIST 7006 39
HIST 7007 33
HIST 7008 37
HIST 7009 25
HIST 7010 36
HIST 7011 35
HIST 7012 57
HIST 7013 32
HIST 7014 27
HIST 7015 37
HIST 7016 24
HIST 7017 33
HIST 7018 33
HIST 7019 34
HIST 7020 31
HIST 7021 32
HIST 7022 39
HIST 7023 28
HIST 7024 37
HIST 7025 26
HIST 7026 29
HIST 7027 25
HIST 7028 41
HIST 7029 35
HIST 7030 39
HIST 7031 20
HIST 7032 42
HIST 7033 36
HIST 7034 27
HIST 7035 47
HIST 7036 21
HIST 7037 36
HIST 7038 30
HIST 7039 29
HIST 7040 25
HIST 7041 25
HIST 7042 35
HIST 7043 40
HIST 7044 35
HIST 7045 28
HIST 7046 24
HIST 7047 25
HIST 7048 27
HIST 7049 33
HIST 7050 32
HIST 7051 31
HIST 7052 26
HIST 7053 30
HIST 7054 37
HIST 7055 31
HIST 7056 21
HIST 7057 39
HIST 7058 36
HIST 7059 38
HIST 7060 35
HIST 7061 35
HIST 7062 32
HIST 7063 27
HIST 7064 29
HIST 7065 40
HIST 7066 39
HIST 7067 32
HIST 7068 39
HIST 7069 29
HIST 7070 32
HIST 7071 30
HIST 7072 32
HIST 7073 30
HIST 7074 34
HIST 7075 22
HIST 7076 32
HIST 7077 37
HIST 7078 33
HIST 7079 29
HIST 7080 27
HIST 7081 33
HIST 7082 36
HIST 7083 33
HIST 7084 40
HIST 7085 29
HIST 7086 30
HIST 7087 28
HIST 7088 28
HIST 7089 34
HIST 7090 26
HIST 7091 30
HIST 7092 27
HIST 7093 35
HIST 7094 41
HIST 7095 39
HIST 7096 37
HIST 7097 26
HIST 7098 49
HIST 7099 27
HIST 7100 47
HIST 7101 40
HIST 7102 36
HIST 7103 34
HIST 7104 29
HIST 7105 30
HIST 7106 28
HIST 7107 30
HIST 7108 29
HIST 7109 30
HIST 7110 29
HIST 7111 28
HIST 7112 26
HIST 7113 32
HIST 7114 36
HIST 7115 31
HIST 7116 32
HIST 7117 24
HIST 7118 27
HIST 7119 27
HIST 7120 28
HIST 7121 202
HIST 7122 22
HIST 7123 41
HIST 7124 33
HIST 7125 34
HIST 7126 40
HIST 7127 33
HIST 7128 31
HIST 7129 290
HIST 7130 32
HIST 7131 38
HIST 7132 26
HIST 7133 31
HIST 7134 34
HIST 7135 36
HIST 7136 22
HIST 7137 28
HIST 7138 43
HIST 7139 26
HIST 7140 39
HIST 7141 38
HIST 7142 41
HIST 7143 33
HIST 7144 33
HIST 7145 27
HIST 7146 38
HIST 7147 41
HIST 7148 33
HIST 7149 31
HIST 7150 39
HIST 7151 33
HIST 7152 32
HIST 7153 37
HIST 7154 38
HIST 7155 33
HIST 7156 25
HIST 7157 31
HIST 7158 38
HIST 7159 36
HIST 7160 31
HIST 7161 38
HIST 7162 19
HIST 7163 31
HIST 7164 28
HIST 7165 35
HIST 7166 27
HIST 7167 27
HIST 7168 34
HIST 7169 29
HIST 7170 26
HIST 7171 33
HIST 7172 35
HIST 7173 37
HIST 7174 28
HIST 7175 24
HIST 7176 29
HIST 7177 40
HIST 7178 38
HIST 7179 32
HIST 7180 32
HIST 7181 40
HIST 7182 34
HIST 7183 37
HIST 7184 30
HIST 7185 31
HIST 7186 34
HIST 7187 30
HIST 7188 24
HIST 7189 37
HIST 7190 23
HIST 7191 29
HIST 7192 31
HIST 7193 284
HIST 7194 751
HIST 7195 23
HIST 7196 25
HIST 7197 34
HIST 7198 34
HIST 7199 39
HIST 7200 39
HIST 7201 36
HIST 7202 32
HIST 7203 31
HIST 7204 35
HIST 7205 28
HIST 7206 28
HIST 7207 32
HIST 7208 39
HIST 7209 29
HIST 7210 36
HIST 7211 37
HIST 7212 30
HIST 7213 29
HIST 7214 34
HIST 7215 32
HIST 7216 31
HIST 7217 38
HIST 7218 27
HIST 7219 18
HIST 7220 42
HIST 7221 24
HIST 7222 33
HIST 7223 25
HIST 7224 31
HIST 7225 34
HIST 7226 34
HIST 7227 29
HIST 7228 41
HIST 7229 32
HIST 7230 25
HIST 7231 30
HIST 7232 31
HIST 7233 26
HIST 7234 36
HIST 7235 39
HIST 7236 37
HIST 7237 35
HIST 7238 25
HIST 7239 32
HIST 7240 29
HIST 7241 42
HIST 7242 30
HIST 7243 28
HIST 7244 40
HIST 7245 38
HIST 7246 29
HIST 7247 34
HIST 7248 35
HIST 7249 36
HIST 7250 31
HIST 7251 39
HIST 7252 29
HIST 7253 26
HIST 7254 27
HIST 7255 33
HIST 7256 28
HIST 7257 27
HIST 7258 33
HIST 7259 29
HIST 7260 28
HIST 7261 27
HIST 7262 37
HIST 7263 33
HIST 7264 32
HIST 7265 37
HIST 7266 31
HIST 7267 31
HIST 7268 35
HIST 7269 28
HIST 7270 21
HIST 7271 37
HIST 7272 35
HIST 7273 42
HIST 7274 33
HIST 7275 31
HIST 7276 39
HIST 7277 28
HIST 7278 37
HIST 7279 26
HIST 7280 58
HIST 7281 33
HIST 7282 61
HIST 7283 38
HIST 7284 21
HIST 7285 34
HIST 7286 32
HIST 7287 34
HIST 7288 73
HIST 7289 31
HIST 7290 33
HIST 7291 36
HIST 7292 29
HIST 7293 38
HIST 7294 29
HIST 7295 29
HIST 7296 35
HIST 7297 27
HIST 7298 25
HIST 7299 30
HIST 7300 27
HIST 7301 38
HIST 7302 29
HIST 7303 29
HIST 7304 41
HIST 7305 40
HIST 7306 35
HIST 7307 24
HIST 7308 37
HIST 7309 24
HIST 7310 29
HIST 7311 30
HIST 7312 26
HIST 7313 34
HIST 7314 37
HIST 7315 33
HIST 7316 35
HIST 7317 36
HIST 7318 33
HIST 7319 36
HIST 7320 26
HIST 7321 36
HIST 7322 31
HIST 7323 33
HIST 7324 45
HIST 7325 36
HIST 7326 41
HIST 7327 34
HIST 7328 32
HIST 7329 34
HIST 7330 38
HIST 7331 38
HIST 7332 37
HIST 7333 28
HIST 7334 56
HIST 7335 34
HIST 7336 29
HIST 7337 33
HIST 7338 35
HIST 7339 36
HIST 7340 39
HIST 7341 50
HIST 7342 26
HIST 7343 28
HIST 7344 28
HIST 7345 27
HIST 7346 39
HIST 7347 31
HIST 7348 32
HIST 7349 42
HIST 7350 30
HIST 7351 28
HIST 7352 32
HIST 7353 31
HIST 7354 44
HIST 7355 31
HIST 7356 30
HIST 7357 38
HIST 7358 35
HIST 7359 28
HIST 7360 38
HIST 7361 33
HIST 7362 43
HIST 7363 41
HIST 7364 34
HIST 7365 50
HIST 7366 42
HIST 7367 35
HIST 7368 22
HIST 7369 31
HIST 7370 45
HIST 7371 31
HIST 7372 34
HIST 7373 33
HIST 7374 27
HIST 7375 28
HIST 7376 31
HIST 7377 33
HIST 7378 26
HIST 7379 34
HIST 7380 38
HIST 7381 37
HIST 7382 35
HIST 7383 31
HIST 7384 33
HIST 7385 26
HIST 7386 30
HIST 7387 19
HIST 7388 31
HIST 7389 36
HIST 7390 28
HIST 7391 39
HIST 7392 30
HIST 7393 26
HIST 7394 38
HIST 7395 26
HIST 7396 34
HIST 7397 33
HIST 7398 31
HIST 7399 41
HIST 7400 34
HIST 7401 33
HIST 7402 39
HIST 7403 23
HIST 7404 31
HIST 7405 23
HIST 7406 33
HIST 7407 32
HIST 7408 32
HIST 7409 28
HIST 7410 30
HIST 7411 27
HIST 7412 33
HIST 7413 29
HIST 7414 31
HIST 7415 28
HIST 7416 33
HIST 7417 37
HIST 7418 44
HIST 7419 34
HIST 7420 28
HIST 7421 32
HIST 7422 27
HIST 7423 40
HIST 7424 37
HIST 7425 30
HIST 7426 29
HIST 7427 38
HIST 7428 28
HIST 7429 28
HIST 7430 31
HIST 7431 28
HIST 7432 40
HIST 7433 24
HIST 7434 30
HIST 7435 28
HIST 7436 35
HIST 7437 38
HIST 7438 31
HIST 7439 30
HIST 7440 31
HIST 7441 35
HIST 7442 41
HIST 7443 37
HIST 7444 23
HIST 7445 33
HIST 7446 38
HIST 7447 35
HIST 7448 33
HIST 7449 28
HIST 7450 33
HIST 7451 31
HIST 7452 33
HIST 7453 31
HIST 7454 33
HIST 7455 21
HIST 7456 35
HIST 7457 32
HIST 7458 26
HIST 7459 44
HIST 7460 40
HIST 7461 32
HIST 7462 41
HIST 7463 27
HIST 7464 39
HIST 7465 31
HIST 7466 50
HIST 7467 51
HIST 7468 26
HIST 7469 31
HIST 7470 33
HIST 7471 37
HIST 7472 38
HIST 7473 30
HIST 7474 33
HIST 7475 33
HIST 7476 28
HIST 7477 34
HIST 7478 31
HIST 7479 31
HIST 7480 35
HIST 7481 32
HIST 7482 30
HIST 7483 35
HIST 7484 29
HIST 7485 36
HIST 7486 31
HIST 7487 35
HIST 7488 40
HIST 7489 40
HIST 7490 29
HIST 7491 38
HIST 7492 35
HIST 7493 33
HIST 7494 26
HIST 7495 36
HIST 7496 28
HIST 7497 28
HIST 7498 34
HIST 7499 36
HIST 7500 30
HIST 7501 36
HIST 7502 41
HIST 7503 101
HIST 7504 42
HIST 7505 31
HIST 7506 66
HIST 7507 41
HIST 7508 28
HIST 7509 26
HIST 7510 29
HIST 7511 34
HIST 7512 36
HIST 7513 33
HIST 7514 39
HIST 7515 29
HIST 7516 32
HIST 7517 32
HIST 7518 38
HIST 7519 32
HIST 7520 36
HIST 7521 31
HIST 7522 28
HIST 7523 38
HIST 7524 26
HIST 7525 32
HIST 7526 28
HIST 7527 27
HIST 7528 44
HIST 7529 20
HIST 7530 37
HIST 7531 27
HIST 7532 29
HIST 7533 36
HIST 7534 26
HIST 7535 23
HIST 7536 32
HIST 7537 25
HIST 7538 27
HIST 7539 28
HIST 7540 32
HIST 7541 38
HIST 7542 22
HIST 7543 35
HIST 7544 23
HIST 7545 38
HIST 7546 20
HIST 7547 33
HIST 7548 21
HIST 7549 34
HIST 7550 34
HIST 7551 30
HIST 7552 22
HIST 7553 39
HIST 7554 400
HIST 7555 34
HIST 7556 30
HIST 7557 31
HIST 7558 38
HIST 7559 30
HIST 7560 30
HIST 7561 45
HIST 7562 29
HIST 7563 25
HIST 7564 34
HIST 7565 32
HIST 7566 33
HIST 7567 34
HIST 7568 28
HIST 7569 29
HIST 7570 41
HIST 7571 34
HIST 7572 26
HIST 7573 35
HIST 7574 28
HIST 7575 32
HIST 7576 32
HIST 7577 35
HIST 7578 34
HIST 7579 36
HIST 7580 28
HIST 7581 44
HIST 7582 28
HIST 7583 30
HIST 7584 31
HIST 7585 38
HIST 7586 23
HIST 7587 25
HIST 7588 24
HIST 7589 46
HIST 7590 34
HIST 7591 43
HIST 7592 30
HIST 7593 30
HIST 7594 35
HIST 7595 48
HIST 7596 30
HIST 7597 27
HIST 7598 31
HIST 7599 19
HIST 7600 35
HIST 7601 37
HIST 7602 31
HIST 7603 33
HIST 7604 24
HIST 7605 39
HIST 7606 23
HIST 7607 42
HIST 7608 30
HIST 7609 24
HIST 7610 28
HIST 7611 21
HIST 7612 25
HIST 7613 26
HIST 7614 38
HIST 7615 27
HIST 7616 28
HIST 7617 39
HIST 7618 29
HIST 7619 21
HIST 7620 33
HIST 7621 32
HIST 7622 23
HIST 7623 16
HIST 7624 22
HIST 7625 32
HIST 7626 16
HIST 7627 29
HIST 7628 24
HIST 7629 24
HIST 7630 26
HIST 7631 29
HIST 7632 31
HIST 7633 21
HIST 7634 25
HIST 7635 24
HIST 7636 30
HIST 7637 31
HIST 7638 18
HIST 7639 33
HIST 7640 29
HIST 7641 27
HIST 7642 24
HIST 7643 22
HIST 7644 38
HIST 7645 31
HIST 7646 37
HIST 7647 25
HIST 7648 19
HIST 7649 603
HIST 7650 20
HIST 7651 31
HIST 7652 32
HIST 7653 32
HIST 7654 28
HIST 7655 32
HIST 7656 22
HIST 7657 28
HIST 7658 29
HIST 7659 27
HIST 7660 24
HIST 7661 25
HIST 7662 33
HIST 7663 22
HIST 7664 25
HIST 7665 25
HIST 7666 30
HIST 7667 20
HIST 7668 28
HIST 7669 27
HIST 7670 26
HIST 7671 24
HIST 7672 30
HIST 7673 26
HIST 7674 21
HIST 7675 28
HIST 7676 20
HIST 7677 26
HIST 7678 30
HIST 7679 23
HIST 7680 29
HIST 7681 28
HIST 7682 32
HIST 7683 22
HIST 7684 31
HIST 7685 24
HIST 7686 27
HIST 7687 20
HIST 7688 22
HIST 7689 26
HIST 7690 258
HIST 7691 21
HIST 7692 32
HIST 7693 22
HIST 7694 20
HIST 7695 41
HIST 7696 22
HIST 7697 32
HIST 7698 26
HIST 7699 28
HIST 7700 32
HIST 7701 29
HIST 7702 24
HIST 7703 22
HIST 7704 40
HIST 7705 36
HIST 7706 29
HIST 7707 41
HIST 7708 37
HIST 7709 34
HIST 7710 27
HIST 7711 31
HIST 7712 29
HIST 7713 28
HIST 7714 20
HIST 7715 25
HIST 7716 32
HIST 7717 17
HIST 7718 28
HIST 7719 24
HIST 7720 30
HIST 7721 36
HIST 7722 34
HIST 7723 26
HIST 7724 38
HIST 7725 30
HIST 7726 23
HIST 7727 36
HIST 7728 27
HIST 7729 22
HIST 7730 30
HIST 7731 35
HIST 7732 34
HIST 7733 25
HIST 7734 25
HIST 7735 30
HIST 7736 25
HIST 7737 26
HIST 7738 38
HIST 7739 23
HIST 7740 30
HIST 7741 23
HIST 7742 21
HIST 7743 20
HIST 7744 30
HIST 7745 25
HIST 7746 15
HIST 7747 32
HIST 7748 13
HIST 7749 24
HIST 7750 17
HIST 7751 29
HIST 7752 24
HIST 7753 27
HIST 7754 19
HIST 7755 31
HIST 7756 25
HIST 7757 23
HIST 7758 38
HIST 7759 28
HIST 7760 22
HIST 7761 26
HIST 7762 23
HIST 7763 42
HIST 7764 26
HIST 7765 28
HIST 7766 31
HIST 7767 23
HIST 7768 23
HIST 7769 26
HIST 7770 31
HIST 7771 28
HIST 7772 30
HIST 7773 16
HIST 7774 29
HIST 7775 27
HIST 7776 27
HIST 7777 31
HIST 7778 40
HIST 7779 28
HIST 7780 26
HIST 7781 26
HIST 7782 36
HIST 7783 38
HIST 7784 28
HIST 7785 32
HIST 7786 38
HIST 7787 28
HIST 7788 24
HIST 7789 35997
HIST 7790 22
HIST 7791 34
HIST 7792 24
HIST 7793 26
HIST 7794 21
HIST 7795 21
HIST 7796 24
HIST 7797 28
HIST 7798 28
HIST 7799 33
HIST 7800 26
HIST 7801 28
HIST 7802 33
HIST 7803 29
HIST 7804 32
HIST 7805 22
HIST 7806 26
HIST 7807 23
HIST 7808 28
HIST 7809 20
HIST 7810 18
HIST 7811 35
HIST 7812 17
HIST 7813 24
HIST 7814 25
HIST 7815 20
HIST 7816 32
HIST 7817 21
HIST 7818 25
HIST 7819 25
HIST 7820 33
HIST 7821 22
HIST 7822 19
HIST 7823 27
HIST 7824 18
HIST 7825 16
HIST 7826 32
HIST 7827 33
HIST 7828 23
HIST 7829 23
HIST 7830 21
HIST 7831 31
HIST 7832 24
HIST 7833 29
HIST 7834 33
HIST 7835 21
HIST 7836 14
HIST 7837 27
HIST 7838 24
HIST 7839 23
HIST 7840 13
HIST 7841 24
HIST 7842 20
HIST 7843 22
HIST 7844 23
HIST 7845 18
HIST 7846 31
HIST 7847 29
HIST 7848 23
HIST 7849 27
HIST 7850 23
HIST 7851 32
HIST 7852 17
HIST 7853 39
HIST 7854 17
HIST 7855 29
HIST 7856 31
HIST 7857 22
HIST 7858 17
HIST 7859 29
HIST 7860 28
HIST 7861 30
HIST 7862 22
HIST 7863 24
HIST 7864 28
HIST 7865 23
HIST 7866 27
HIST 7867 16
HIST 7868 24
HIST 7869 28
HIST 7870 18
HIST 7871 38
HIST 7872 17
HIST 7873 28
HIST 7874 20
HIST 7875 18
HIST 7876 23
HIST 7877 22
HIST 7878 20
HIST 7879 19
HIST 7880 34
HIST 7881 48
HIST 7882 22
HIST 7883 27
HIST 7884 23
HIST 7885 28
HIST 7886 19
HIST 7887 34
HIST 7888 36
HIST 7889 18
HIST 7890 19
HIST 7891 35
HIST 7892 26
HIST 7893 18
HIST 7894 25
HIST 7895 24
HIST 7896 25
HIST 7897 23
HIST 7898 26
HIST 7899 26
HIST 7900 24
HIST 7901 23
HIST 7902 21
HIST 7903 27
HIST 7904 22
HIST 7905 34
HIST 7906 28
HIST 7907 23
HIST 7908 22
HIST 7909 23
HIST 7910 23
HIST 7911 23
HIST 7912 29
HIST 7913 15
HIST 7914 19
HIST 7915 28
HIST 7916 41
HIST 7917 24
HIST 7918 23
HIST 7919 20
HIST 7920 28
HIST 7921 26
HIST 7922 24
HIST 7923 21
HIST 7924 17
HIST 7925 25
HIST 7926 27
HIST 7927 30
HIST 7928 11
HIST 7929 14
HIST 7930 31
HIST 7931 27
HIST 7932 18
HIST 7933 27
HIST 7934 36
HIST 7935 29
HIST 7936 31
HIST 7937 33
HIST 7938 19
HIST 7939 37
HIST 7940 21
HIST 7941 28
HIST 7942 19
HIST 7943 21
HIST 7944 25
HIST 7945 21
HIST 7946 20
HIST 7947 22
HIST 7948 76
HIST 7949 27
HIST 7950 29
HIST 7951 27
HIST 7952 28
HIST 7953 39
HIST 7954 18
HIST 7955 16
HIST 7956 25
HIST 7957 19
HIST 7958 22
HIST 7959 25
HIST 7960 17
HIST 7961 27
HIST 7962 32
HIST 7963 19
HIST 7964 40
HIST 7965 23
HIST 7966 33
HIST 7967 22
HIST 7968 19
HIST 7969 24
HIST 7970 30
HIST 7971 25
HIST 7972 28
HIST 7973 24
HIST 7974 22
HIST 7975 23
HIST 7976 36
HIST 7977 26
HIST 7978 15
HIST 7979 26
HIST 7980 31
HIST 7981 30
HIST 7982 21
HIST 7983 22
HIST 7984 39
HIST 7985 35
HIST 7986 27
HIST 7987 21
HIST 7988 31
HIST 7989 31
HIST 7990 31
HIST 7991 22
HIST 7992 32
HIST 7993 26
HIST 7994 19
HIST 7995 22
HIST 7996 26
HIST 7997 38
HIST 7998 33
HIST 7999 33
HIST 8000 28
HIST 8001 16
HIST 8002 25
HIST 8003 27
HIST 8004 24
HIST 8005 22
HIST 8006 17
HIST 8007 21
HIST 8008 23
HIST 8009 23
HIST 8010 23
HIST 8011 30
HIST 8012 29
HIST 8013 23
HIST 8014 17
HIST 8015 24
HIST 8016 27
HIST 8017 27
HIST 8018 25
HIST 8019 23
HIST 8020 21
HIST 8021 28
HIST 8022 15
HIST 8023 33
HIST 8024 27
HIST 8025 32
HIST 8026 30
HIST 8027 30
HIST 8028 25
HIST 8029 35
HIST 8030 30
HIST 8031 25
HIST 8032 19
HIST 8033 32
HIST 8034 27
HIST 8035 27
HIST 8036 33
HIST 8037 26
HIST 8038 28
HIST 8039 25
HIST 8040 29
HIST 8041 20
HIST 8042 32
HIST 8043 28
HIST 8044 24
HIST 8045 29
HIST 8046 21
HIST 8047 22
HIST 8048 32
HIST 8049 20
HIST 8050 22
HIST 8051 24
HIST 8052 31
HIST 8053 32
HIST 8054 25
HIST 8055 28
HIST 8056 21
HIST 8057 21
HIST 8058 72
HIST 8059 37
HIST 8060 26
HIST 8061 23
HIST 8062 22
HIST 8063 33
HIST 8064 20
HIST 8065 26
HIST 8066 32
HIST 8067 22
HIST 8068 25
HIST 8069 27
HIST 8070 25
HIST 8071 19
HIST 8072 26
HIST 8073 20
HIST 8074 23
HIST 8075 31
HIST 8076 13
HIST 8077 29
HIST 8078 31
HIST 8079 27
HIST 8080 33
HIST 8081 29
HIST 8082 18
HIST 8083 20
HIST 8084 25
HIST 8085 42
HIST 8086 31
HIST 8087 27
HIST 8088 28
HIST 8089 26
HIST 8090 26
HIST 8091 39
HIST 8092 23
HIST 8093 33
HIST 8094 21
HIST 8095 34
HIST 8096 30
HIST 8097 18
HIST 8098 29
HIST 8099 27
HIST 8100 24
HIST 8101 19
HIST 8102 25
HIST 8103 23
HIST 8104 16
HIST 8105 922
HIST 8106 28
HIST 8107 35
HIST 8108 26
HIST 8109 27
HIST 8110 26
HIST 8111 28
HIST 8112 26
HIST 8113 20
HIST 8114 23
HIST 8115 16
HIST 8116 29
HIST 8117 26
HIST 8118 28
HIST 8119 25
HIST 8120 32
HIST 8121 21
HIST 8122 30
HIST 8123 22
HIST 8124 24
HIST 8125 27
HIST 8126 22
HIST 8127 30
HIST 8128 25
HIST 8129 22
HIST 8130 38
HIST 8131 23
HIST 8132 35
HIST 8133 37
HIST 8134 19
HIST 8135 29
HIST 8136 34
HIST 8137 32
HIST 8138 20
HIST 8139 27
HIST 8140 25
HIST 8141 28
HIST 8142 25
HIST 8143 22
HIST 8144 25
HIST 8145 26
HIST 8146 24
HIST 8147 24
HIST 8148 27
HIST 8149 20
HIST 8150 21
HIST 8151 16
HIST 8152 21
HIST 8153 23
HIST 8154 27
HIST 8155 20
HIST 8156 22
HIST 8157 23
HIST 8158 31
HIST 8159 21
HIST 8160 29
HIST 8161 24
HIST 8162 32
HIST 8163 28
HIST 8164 25
HIST 8165 26
HIST 8166 31
HIST 8167 32
HIST 8168 21
HIST 8169 22
HIST 8170 28
HIST 8171 39
HIST 8172 28
HIST 8173 18
HIST 8174 34
HIST 8175 22
HIST 8176 32
HIST 8177 27
HIST 8178 27
HIST 8179 30
HIST 8180 28
HIST 8181 22
HIST 8182 23
HIST 8183 24
HIST 8184 26
HIST 8185 22
HIST 8186 33
HIST 8187 14
HIST 8188 29
HIST 8189 35
HIST 8190 28
HIST 8191 27
HIST 8192 23
HIST 8193 18
HIST 8194 18
HIST 8195 20
HIST 8196 30
HIST 8197 23
HIST 8198 21
HIST 8199 23
HIST 8200 25
HIST 8201 20
HIST 8202 29
HIST 8203 22
HIST 8204 27
HIST 8205 21
HIST 8206 21
HIST 8207 21
HIST 8208 24
HIST 8209 18
HIST 8210 30
HIST 8211 17
HIST 8212 20
HIST 8213 48
HIST 8214 19
HIST 8215 21
HIST 8216 24
HIST 8217 25
HIST 8218 29
HIST 8219 22
HIST 8220 60
HIST 8221 23
HIST 8222 22
HIST 8223 29
HIST 8224 23
HIST 8225 29
HIST 8226 27
HIST 8227 26
HIST 8228 25
HIST 8229 28
HIST 8230 19
HIST 8231 28
HIST 8232 21
HIST 8233 26
HIST 8234 31
HIST 8235 23
HIST 8236 21
HIST 8237 28
HIST 8238 13
HIST 8239 20
HIST 8240 22
HIST 8241 28
HIST 8242 28
HIST 8243 29
HIST 8244 29
HIST 8245 27
HIST 8246 27
HIST 8247 25
HIST 8248 35
HIST 8249 22
HIST 8250 23
HIST 8251 27
HIST 8252 29
HIST 8253 26
HIST 8254 27
HIST 8255 23
HIST 8256 27
HIST 8257 17
HIST 8258 26
HIST 8259 34
HIST 8260 28
HIST 8261 33
HIST 8262 19
HIST 8263 31
HIST 8264 30
HIST 8265 20
HIST 8266 24
HIST 8267 34
HIST 8268 29
HIST 8269 23
HIST 8270 17
HIST 8271 32
HIST 8272 21
HIST 8273 38
HIST 8274 26
HIST 8275 33
HIST 8276 32
HIST 8277 25
HIST 8278 24
HIST 8279 27
HIST 8280 28
HIST 8281 21
HIST 8282 22
HIST 8283 32
HIST 8284 31
HIST 8285 23
HIST 8286 31
HIST 8287 24
HIST 8288 23
HIST 8289 34
HIST 8290 22
HIST 8291 23
HIST 8292 26
HIST 8293 20
HIST 8294 22
HIST 8295 32
HIST 8296 34
HIST 8297 23
HIST 8298 28
HIST 8299 21
HIST 8300 19
HIST 8301 34
HIST 8302 25
HIST 8303 18
HIST 8304 23
HIST 8305 34
HIST 8306 25
HIST 8307 26
HIST 8308 19
HIST 8309 31
HIST 8310 24
HIST 8311 31
HIST 8312 22
HIST 8313 28
HIST 8314 19
HIST 8315 33
HIST 8316 20
HIST 8317 21
HIST 8318 24
HIST 8319 20
HIST 8320 20
HIST 8321 28
HIST 8322 21
HIST 8323 22
HIST 8324 25
HIST 8325 25
HIST 8326 29
HIST 8327 23
HIST 8328 33
HIST 8329 26
HIST 8330 22
HIST 8331 23
HIST 8332 32
HIST 8333 21
HIST 8334 25
HIST 8335 30
HIST 8336 21
HIST 8337 21
HIST 8338 24
HIST 8339 31
HIST 8340 27
HIST 8341 18
HIST 8342 33
HIST 8343 26
HIST 8344 20
HIST 8345 23
HIST 8346 32
HIST 8347 22
HIST 8348 22
HIST 8349 22
HIST 8350 27
HIST 8351 20
HIST 8352 23
HIST 8353 25
HIST 8354 25
HIST 8355 33
HIST 8356 34
HIST 8357 30
HIST 8358 30
HIST 8359 30
HIST 8360 19
HIST 8361 26
HIST 8362 25
HIST 8363 24
HIST 8364 23
HIST 8365 29
HIST 8366 31
HIST 8367 32
HIST 8368 21
HIST 8369 21
HIST 8370 24
HIST 8371 19
HIST 8372 28
HIST 8373 32
HIST 8374 34
HIST 8375 30
HIST 8376 23
HIST 8377 31
HIST 8378 33
HIST 8379 20
HIST 8380 27
HIST 8381 28
HIST 8382 23
HIST 8383 30
HIST 8384 26
HIST 8385 21
HIST 8386 30
HIST 8387 31
HIST 8388 45
HIST 8389 38
HIST 8390 27
HIST 8391 32
HIST 8392 24
HIST 8393 17
HIST 8394 70
HIST 8395 30
HIST 8396 33
HIST 8397 26
HIST 8398 25
HIST 8399 18
HIST 8400 19
HIST 8401 27
HIST 8402 24
HIST 8403 20
HIST 8404 30
HIST 8405 23
HIST 8406 27
HIST 8407 20
HIST 8408 24
HIST 8409 34
HIST 8410 21
HIST 8411 45
HIST 8412 30
HIST 8413 25
HIST 8414 15
HIST 8415 39
HIST 8416 417
HIST 8417 26
HIST 8418 30
HIST 8419 32
HIST 8420 30
HIST 8421 25
HIST 8422 22
HIST 8423 25
HIST 8424 23
HIST 8425 25
HIST 8426 30
HIST 8427 30
HIST 8428 32
HIST 8429 28
HIST 8430 23
HIST 8431 22
HIST 8432 24
HIST 8433 24
HIST 8434 16
HIST 8435 21
HIST 8436 22
HIST 8437 23
HIST 8438 34
HIST 8439 28
HIST 8440 25
HIST 8441 11
HIST 8442 26
HIST 8443 29
HIST 8444 33
HIST 8445 25
HIST 8446 13
HIST 8447 19
HIST 8448 28
HIST 8449 19
HIST 8450 23
HIST 8451 22
HIST 8452 21
HIST 8453 28
HIST 8454 32
HIST 8455 19
HIST 8456 21
HIST 8457 28
HIST 8458 23
HIST 8459 24
HIST 8460 27
HIST 8461 28
HIST 8462 24
HIST 8463 24
HIST 8464 24
HIST 8465 24
HIST 8466 24
HIST 8467 25
HIST 8468 24
HIST 8469 28
HIST 8470 22
HIST 8471 29
HIST 8472 21
HIST 8473 29
HIST 8474 29
HIST 8475 28
HIST 8476 23
HIST 8477 25
HIST 8478 46
HIST 8479 34
HIST 8480 21
HIST 8481 22
HIST 8482 27
HIST 8483 19
HIST 8484 30
HIST 8485 32
HIST 8486 29
HIST 8487 24
HIST 8488 19
HIST 8489 21
HIST 8490 24
HIST 8491 23
HIST 8492 28
HIST 8493 33
HIST 8494 21
HIST 8495 30
HIST 8496 25
HIST 8497 27
HIST 8498 24
HIST 8499 27
HIST 8500 25
HIST 8501 32
HIST 8502 39
HIST 8503 26
HIST 8504 26
HIST 8505 28
HIST 8506 39
HIST 8507 24
HIST 8508 25
HIST 8509 25
HIST 8510 21
HIST 8511 27
HIST 8512 25
HIST 8513 32
HIST 8514 22
HIST 8515 26
HIST 8516 27
HIST 8517 24
HIST 8518 47
HIST 8519 21
HIST 8520 18
HIST 8521 21
HIST 8522 28
HIST 8523 20
HIST 8524 25
HIST 8525 22
HIST 8526 18
HIST 8527 21
HIST 8528 26
HIST 8529 36
HIST 8530 25
HIST 8531 22
HIST 8532 30
HIST 8533 25
HIST 8534 25
HIST 8535 27
HIST 8536 21
HIST 8537 32
HIST 8538 21
HIST 8539 24
HIST 8540 30
HIST 8541 30
HIST 8542 21
HIST 8543 20
HIST 8544 25
HIST 8545 23
HIST 8546 37
HIST 8547 33
HIST 8548 27
HIST 8549 30
HIST 8550 20
HIST 8551 27
HIST 8552 29
HIST 8553 25
HIST 8554 37
HIST 8555 29
HIST 8556 34
HIST 8557 21
HIST 8558 30
HIST 8559 31
HIST 8560 23
HIST 8561 28
HIST 8562 22
HIST 8563 22
HIST 8564 26
HIST 8565 21
HIST 8566 28
HIST 8567 25
HIST 8568 24
HIST 8569 22
HIST 8570 40
HIST 8571 28
HIST 8572 41
HIST 8573 27
HIST 8574 27
HIST 8575 21
HIST 8576 25
HIST 8577 14
HIST 8578 28
HIST 8579 17
HIST 8580 27
HIST 8581 24
HIST 8582 27
HIST 8583 34
HIST 8584 18
HIST 8585 18
HIST 8586 30
HIST 8587 17
HIST 8588 23
HIST 8589 29
HIST 8590 22
HIST 8591 31
HIST 8592 26
HIST 8593 23
HIST 8594 23
HIST 8595 31
HIST 8596 33
HIST 8597 34
HIST 8598 24
HIST 8599 37
HIST 8600 23
HIST 8601 22
HIST 8602 26
HIST 8603 14
HIST 8604 29
HIST 8605 37
HIST 8606 22
HIST 8607 33
HIST 8608 28
HIST 8609 24
HIST 8610 28
HIST 8611 28
HIST 8612 29
HIST 8613 30
HIST 8614 21
HIST 8615 17
HIST 8616 29
HIST 8617 21
HIST 8618 32
HIST 8619 25
HIST 8620 27
HIST 8621 32
HIST 8622 24
HIST 8623 26
HIST 8624 18
HIST 8625 25
HIST 8626 26
HIST 8627 28
HIST 8628 31
HIST 8629 28
HIST 8630 29
HIST 8631 27
HIST 8632 22
HIST 8633 32
HIST 8634 29
HIST 8635 29
HIST 8636 20
HIST 8637 25
HIST 8638 28
HIST 8639 28
HIST 8640 33
HIST 8641 24
HIST 8642 19
HIST 8643 26
HIST 8644 29
HIST 8645 36
HIST 8646 23
HIST 8647 33
HIST 8648 22
HIST 8649 30
HIST 8650 36
HIST 8651 25
HIST 8652 25
HIST 8653 20
HIST 8654 27
HIST 8655 27
HIST 8656 31
HIST 8657 23
HIST 8658 21
HIST 8659 20
HIST 8660 33
HIST 8661 31
HIST 8662 17
HIST 8663 23
HIST 8664 23
HIST 8665 26
HIST 8666 36
HIST 8667 28
HIST 8668 24
HIST 8669 24
HIST 8670 30
HIST 8671 25
HIST 8672 28
HIST 8673 30
HIST 8674 9464
HIST 8675 32
HIST 8676 30
HIST 8677 28
HIST 8678 30
HIST 8679 23
HIST 8680 26
HIST 8681 29
HIST 8682 17
HIST 8683 30
HIST 8684 22
HIST 8685 32
HIST 8686 36
HIST 8687 28
HIST 8688 24
HIST 8689 22
HIST 8690 20
HIST 8691 27
HIST 8692 26
HIST 8693 28
HIST 8694 33
HIST 8695 29
HIST 8696 32
HIST 8697 16
HIST 8698 28
HIST 8699 31
HIST 8700 24
HIST 8701 22
HIST 8702 27
HIST 8703 25
HIST 8704 41
HIST 8705 18
HIST 8706 27
HIST 8707 27
HIST 8708 33
HIST 8709 27
HIST 8710 27
HIST 8711 23
HIST 8712 31
HIST 8713 24
HIST 8714 29
HIST 8715 28
HIST 8716 28
HIST 8717 25
HIST 8718 30
HIST 8719 31
HIST 8720 29
HIST 8721 22
HIST 8722 25
HIST 8723 22
HIST 8724 26
HIST 8725 22
HIST 8726 24
HIST 8727 21
HIST 8728 24
HIST 8729 36
HIST 8730 23
HIST 8731 34
HIST 8732 23
HIST 8733 40
HIST 8734 20
HIST 8735 32
HIST 8736 28
HIST 8737 24
HIST 8738 29
HIST 8739 23
HIST 8740 17
HIST 8741 29
HIST 8742 25
HIST 8743 20
HIST 8744 28
HIST 8745 23
HIST 8746 24
HIST 8747 22
HIST 8748 31
HIST 8749 22
HIST 8750 37
HIST 8751 25
HIST 8752 23
HIST 8753 34
HIST 8754 28
HIST 8755 26
HIST 8756 18
HIST 8757 28
HIST 8758 31
HIST 8759 26
HIST 8760 20
HIST 8761 18
HIST 8762 34
HIST 8763 34
HIST 8764 24
HIST 8765 27
HIST 8766 32
HIST 8767 33
HIST 8768 22
HIST 8769 24
HIST 8770 31
HIST 8771 21
HIST 8772 23
HIST 8773 30
HIST 8774 25
HIST 8775 13
HIST 8776 25
HIST 8777 21
HIST 8778 19
HIST 8779 23
HIST 8780 24
HIST 8781 31
HIST 8782 29
HIST 8783 37
HIST 8784 31
HIST 8785 23
HIST 8786 26
HIST 8787 19
HIST 8788 35
HIST 8789 45
HIST 8790 30
HIST 8791 31
HIST 8792 44
HIST 8793 29
HIST 8794 24
HIST 8795 24
HIST 8796 19
HIST 8797 29
HIST 8798 29
HIST 8799 31
HIST 8800 24
HIST 8801 28
HIST 8802 31
HIST 8803 27
HIST 8804 18
HIST 8805 27
HIST 8806 25
HIST 8807 26
HIST 8808 25
HIST 8809 23
HIST 8810 29
HIST 8811 30
HIST 8812 26
HIST 8813 21
HIST 8814 23
HIST 8815 27
HIST 8816 31
HIST 8817 34
HIST 8818 32
HIST 8819 25
HIST 8820 26
HIST 8821 18
HIST 8822 23
HIST 8823 21
HIST 8824 13
HIST 8825 27
HIST 8826 22
HIST 8827 20
HIST 8828 24
HIST 8829 19
HIST 8830 20
HIST 8831 21
HIST 8832 18
HIST 8833 16
HIST 8834 21
HIST 8835 15
HIST 8836 20
HIST 8837 27
HIST 8838 25
HIST 8839 25
HIST 8840 29
HIST 8841 21
HIST 8842 25
HIST 8843 27
HIST 8844 25
HIST 8845 28
HIST 8846 21
HIST 8847 27
HIST 8848 23
HIST 8849 17
HIST 8850 18
HIST 8851 14
HIST 8852 29
HIST 8853 24
HIST 8854 27
HIST 8855 22
HIST 8856 24
HIST 8857 16
HIST 8858 19
HIST 8859 16
HIST 8860 25
HIST 8861 20
HIST 8862 17
HIST 8863 18
HIST 8864 25
HIST 8865 29
HIST 8866 22
HIST 8867 14
HIST 8868 15
HIST 8869 23
HIST 8870 17
HIST 8871 24
HIST 8872 26
HIST 8873 33
HIST 8874 28
HIST 8875 31
HIST 8876 19
HIST 8877 20
HIST 8878 26
HIST 8879 16
HIST 8880 15
HIST 8881 21
HIST 8882 27
HIST 8883 15
HIST 8884 19
HIST 8885 31
HIST 8886 24
HIST 8887 17
HIST 8888 20
HIST 8889 26
HIST 8890 23
HIST 8891 22
HIST 8892 22
HIST 8893 19
HIST 8894 22
HIST 8895 13
HIST 8896 17
HIST 8897 19
HIST 8898 21
HIST 8899 24
HIST 8900 16
HIST 8901 18
HIST 8902 24
HIST 8903 22
HIST 8904 24
HIST 8905 23
HIST 8906 17
HIST 8907 29
HIST 8908 38
HIST 8909 21
HIST 8910 22
HIST 8911 26
HIST 8912 27
HIST 8913 27
HIST 8914 20
HIST 8915 30
HIST 8916 18
HIST 8917 26
HIST 8918 24
HIST 8919 23
HIST 8920 15
HIST 8921 18
HIST 8922 28
HIST 8923 20
HIST 8924 22
HIST 8925 19
HIST 8926 24
HIST 8927 17
HIST 8928 23
HIST 8929 34
HIST 8930 20
HIST 8931 29
HIST 8932 25
HIST 8933 22
HIST 8934 23
HIST 8935 24
HIST 8936 22
HIST 8937 26
HIST 8938 26
HIST 8939 22
HIST 8940 22
HIST 8941 24
HIST 8942 19
HIST 8943 17
HIST 8944 24
HIST 8945 23
HIST 8946 23
HIST 8947 21
HIST 8948 15
HIST 8949 22
HIST 8950 24
HIST 8951 17
HIST 8952 23
HIST 8953 28
HIST 8954 28
HIST 8955 14
HIST 8956 29
HIST 8957 20
HIST 8958 21
HIST 8959 19
HIST 8960 22
HIST 8961 22
HIST 8962 23
HIST 8963 26
HIST 8964 17
HIST 8965 25
HIST 8966 21
HIST 8967 21
HIST 8968 21
HIST 8969 16
HIST 8970 421
HIST 8971 24
HIST 8972 21
HIST 8973 22
HIST 8974 25
HIST 8975 18
HIST 8976 21
HIST 8977 13
HIST 8978 24
HIST 8979 16
HIST 8980 20
HIST 8981 17
HIST 8982 22
HIST 8983 24
HIST 8984 20
HIST 8985 20
HIST 8986 21
HIST 8987 24
HIST 8988 12
HIST 8989 18
HIST 8990 19
HIST 8991 18
HIST 8992 21
HIST 8993 17
HIST 8994 27
HIST 8995 15
HIST 8996 21
HIST 8997 14
HIST 8998 13
HIST 8999 15
HIST 9000 23
HIST 9001 22
HIST 9002 19
HIST 9003 23
HIST 9004 23
HIST 9005 26
HIST 9006 20
HIST 9007 17
HIST 9008 22
HIST 9009 17
HIST 9010 20
HIST 9011 24
HIST 9012 248
HIST 9013 28
HIST 9014 25
HIST 9015 21
HIST 9016 26
HIST 9017 22
HIST 9018 28
HIST 9019 28
HIST 9020 29
HIST 9021 26
HIST 9022 22
HIST 9023 22
HIST 9024 11
HIST 9025 18
HIST 9026 21
HIST 9027 29
HIST 9028 18
HIST 9029 21
HIST 9030 26
HIST 9031 14
HIST 9032 23
HIST 9033 19
HIST 9034 27
HIST 9035 29
HIST 9036 16
HIST 9037 17
HIST 9038 20
HIST 9039 24
HIST 9040 19
HIST 9041 24
HIST 9042 22
HIST 9043 11
HIST 9044 21
HIST 9045 18
HIST 9046 22
HIST 9047 20
HIST 9048 18
HIST 9049 20
HIST 9050 20
HIST 9051 22
HIST 9052 21
HIST 9053 29
HIST 9054 12
HIST 9055 21
HIST 9056 18
HIST 9057 21
HIST 9058 19
HIST 9059 21
HIST 9060 45
HIST 9061 24
HIST 9062 20
HIST 9063 16
HIST 9064 19
HIST 9065 20
HIST 9066 21
HIST 9067 20
HIST 9068 18
HIST 9069 167
HIST 9070 16
HIST 9071 11
HIST 9072 18
HIST 9073 18
HIST 9074 17
HIST 9075 236
HIST 9076 29
HIST 9077 19
HIST 9078 18
HIST 9079 14
HIST 9080 21
HIST 9081 20
HIST 9082 13
HIST 9083 16
HIST 9084 23
HIST 9085 12
HIST 9086 24
HIST 9087 15
HIST 9088 10
HIST 9089 17
HIST 9090 23
HIST 9091 21
HIST 9092 15
HIST 9093 19
HIST 9094 14
HIST 9095 20
HIST 9096 15
HIST 9097 16
HIST 9098 15
HIST 9099 14
HIST 9100 21
HIST 9101 20
HIST 9102 15
HIST 9103 16
HIST 9104 16
HIST 9105 18
HIST 9106 15
HIST 9107 20
HIST 9108 19
HIST 9109 13
HIST 9110 16
HIST 9111 14
HIST 9112 17
HIST 9113 15
HIST 9114 18
HIST 9115 16
HIST 9116 13
HIST 9117 16
HIST 9118 19
HIST 9119 14
HIST 9120 23
HIST 9121 15
HIST 9122 27
HIST 9123 21
HIST 9124 12
HIST 9125 20
HIST 9126 22
HIST 9127 29
HIST 9128 54
HIST 9129 10
HIST 9130 14
HIST 9131 9
HIST 9132 28
HIST 9133 14
HIST 9134 23
HIST 9135 20
HIST 9136 16
HIST 9137 22
HIST 9138 12
HIST 9139 18
HIST 9140 33
HIST 9141 13
HIST 9142 23
HIST 9143 15
HIST 9144 25
HIST 9145 16
HIST 9146 12
HIST 9147 15
HIST 9148 20
HIST 9149 17
HIST 9150 11
HIST 9151 22
HIST 9152 17
HIST 9153 16
HIST 9154 16
HIST 9155 10
HIST 9156 11
HIST 9157 13
HIST 9158 16
HIST 9159 13
HIST 9160 19
HIST 9161 17
HIST 9162 17
HIST 9163 13
HIST 9164 15
HIST 9165 16
HIST 9166 8
HIST 9167 23
HIST 9168 10
HIST 9169 17
HIST 9170 13
HIST 9171 11
HIST 9172 20
HIST 9173 22
HIST 9174 16
HIST 9175 15
HIST 9176 20
HIST 9177 17
HIST 9178 19
HIST 9179 17
HIST 9180 14
HIST 9181 21
HIST 9182 16
HIST 9183 12
HIST 9184 24
HIST 9185 16
HIST 9186 14
HIST 9187 15
HIST 9188 13
HIST 9189 16
HIST 9190 23
HIST 9191 14
HIST 9192 12
HIST 9193 975
HIST 9194 14
HIST 9195 12
HIST 9196 17
HIST 9197 28
HIST 9198 18
HIST 9199 17
HIST 9200 13
HIST 9201 14
HIST 9202 16
HIST 9203 10
HIST 9204 18
HIST 9205 20
HIST 9206 15
HIST 9207 12
HIST 9208 8
HIST 9209 13
HIST 9210 16
HIST 9211 9
HIST 9212 18
HIST 9213 14
HIST 9214 12
HIST 9215 10
HIST 9216 17
HIST 9217 14
HIST 9218 13
HIST 9219 17
HIST 9220 15
HIST 9221 17
HIST 9222 9
HIST 9223 10
HIST 9224 15
HIST 9225 17
HIST 9226 15
HIST 9227 16
HIST 9228 15
HIST 9229 17
HIST 9230 23
HIST 9231 16
HIST 9232 12
HIST 9233 21
HIST 9234 18
HIST 9235 12
HIST 9236 11
HIST 9237 12
HIST 9238 20
HIST 9239 11
HIST 9240 20
HIST 9241 20
HIST 9242 16
HIST 9243 13
HIST 9244 14
HIST 9245 17
HIST 9246 14
HIST 9247 16
HIST 9248 12
HIST 9249 7
HIST 9250 12
HIST 9251 13
HIST 9252 17
HIST 9253 17
HIST 9254 20
HIST 9255 17
HIST 9256 15
HIST 9257 11
HIST 9258 19
HIST 9259 19
HIST 9260 17
HIST 9261 16
HIST 9262 14
HIST 9263 602
HIST 9264 9
HIST 9265 15
HIST 9266 16
HIST 9267 19
HIST 9268 23
HIST 9269 15
HIST 9270 16
HIST 9271 17
HIST 9272 15
HIST 9273 11
HIST 9274 22
HIST 9275 11
HIST 9276 13
HIST 9277 20
HIST 9278 16
HIST 9279 14
HIST 9280 13
HIST 9281 15
HIST 9282 9
HIST 9283 16
HIST 9284 13
HIST 9285 15
HIST 9286 16
HIST 9287 17
HIST 9288 22
HIST 9289 27
HIST 9290 13
HIST 9291 14
HIST 9292 17
HIST 9293 10
HIST 9294 15
HIST 9295 21
HIST 9296 8
HIST 9297 15
HIST 9298 12
HIST 9299 9
HIST 9300 17
HIST 9301 13
HIST 9302 21
HIST 9303 14
HIST 9304 18
HIST 9305 229
HIST 9306 11
HIST 9307 12
HIST 9308 13
HIST 9309 12
HIST 9310 18
HIST 9311 17
HIST 9312 15
HIST 9313 11
HIST 9314 19
HIST 9315 15
HIST 9316 17
HIST 9317 23
HIST 9318 43
HIST 9319 15
HIST 9320 10
HIST 9321 8
HIST 9322 11
HIST 9323 17
HIST 9324 9
HIST 9325 22
HIST 9326 11
HIST 9327 18
HIST 9328 14
HIST 9329 15
HIST 9330 18
HIST 9331 17
HIST 9332 15
HIST 9333 16
HIST 9334 15
HIST 9335 14
HIST 9336 14
HIST 9337 7
HIST 9338 10
HIST 9339 21
HIST 9340 9
HIST 9341 17
HIST 9342 17
HIST 9343 16
HIST 9344 19
HIST 9345 14
HIST 9346 14
HIST 9347 13
HIST 9348 15
HIST 9349 12
HIST 9350 18
HIST 9351 11
HIST 9352 7
HIST 9353 9
HIST 9354 65
HIST 9355 14
HIST 9356 16
HIST 9357 37
HIST 9358 13
HIST 9359 17
HIST 9360 14
HIST 9361 18
HIST 9362 14
HIST 9363 8
HIST 9364 14
HIST 9365 11
HIST 9366 22
HIST 9367 11
HIST 9368 14
HIST 9369 15
HIST 9370 21
HIST 9371 16
HIST 9372 27
HIST 9373 16
HIST 9374 14
HIST 9375 15
HIST 9376 15
HIST 9377 24
HIST 9378 12
HIST 9379 12
HIST 9380 26
HIST 9381 13
HIST 9382 19
HIST 9383 10
HIST 9384 15
HIST 9385 7
HIST 9386 10
HIST 9387 13
HIST 9388 21
HIST 9389 20
HIST 9390 6
HIST 9391 10
HIST 9392 18
HIST 9393 10
HIST 9394 16
HIST 9395 12
HIST 9396 9
HIST 9397 15
HIST 9398 12
HIST 9399 12
HIST 9400 14
HIST 9401 17
HIST 9402 14
HIST 9403 21
HIST 9404 13
HIST 9405 13
HIST 9406 17
HIST 9407 16
HIST 9408 8
HIST 9409 19
HIST 9410 15
HIST 9411 14
HIST 9412 19
HIST 9413 13
HIST 9414 14
HIST 9415 11
HIST 9416 14
HIST 9417 16
HIST 9418 20
HIST 9419 15
HIST 9420 14
HIST 9421 13
HIST 9422 15
HIST 9423 11
HIST 9424 21
HIST 9425 23
HIST 9426 17
HIST 9427 17
HIST 9428 11
HIST 9429 17
HIST 9430 9
HIST 9431 11
HIST 9432 14
HIST 9433 7
HIST 9434 13
HIST 9435 14
HIST 9436 13
HIST 9437 15
HIST 9438 10
HIST 9439 20
HIST 9440 16
HIST 9441 9
HIST 9442 15
HIST 9443 9
HIST 9444 15
HIST 9445 10
HIST 9446 9
HIST 9447 13
HIST 9448 7
HIST 9449 7
HIST 9450 15
HIST 9451 17
HIST 9452 13
HIST 9453 19
HIST 9454 6
HIST 9455 6
HIST 9456 9
HIST 9457 25
HIST 9458 11
HIST 9459 12
HIST 9460 7
HIST 9461 12
HIST 9462 10
HIST 9463 6
HIST 9464 16
HIST 9465 11
HIST 9466 27
HIST 9467 11
HIST 9468 14
HIST 9469 11
HIST 9470 18
HIST 9471 20
HIST 9472 13
HIST 9473 17
HIST 9474 11
HIST 9475 13
HIST 9476 14
HIST 9477 22
HIST 9478 11
HIST 9479 5
HIST 9480 18
HIST 9481 12
HIST 9482 26
HIST 9483 18
HIST 9484 14
HIST 9485 9
HIST 9486 16
HIST 9487 7
HIST 9488 9
HIST 9489 10
HIST 9490 17
HIST 9491 6
HIST 9492 14
HIST 9493 16
HIST 9494 12
HIST 9495 17
HIST 9496 15
HIST 9497 6
HIST 9498 10
HIST 9499 14
HIST 9500 9
HIST 9501 14
HIST 9502 7
HIST 9503 12
HIST 9504 20
HIST 9505 19
HIST 9506 11
HIST 9507 13
HIST 9508 13
HIST 9509 20
HIST 9510 14
HIST 9511 19
HIST 9512 5
HIST 9513 10
HIST 9514 5
HIST 9515 11
HIST 9516 13
HIST 9517 13
HIST 9518 20
HIST 9519 18
HIST 9520 11
HIST 9521 16
HIST 9522 11
HIST 9523 13
HIST 9524 10
HIST 9525 8
HIST 9526 15
HIST 9527 10
HIST 9528 15
HIST 9529 9
HIST 9530 14
HIST 9531 12
HIST 9532 16
HIST 9533 23
HIST 9534 9
HIST 9535 9
HIST 9536 14
HIST 9537 16
HIST 9538 11
HIST 9539 11
HIST 9540 18
HIST 9541 26
HIST 9542 11
HIST 9543 15
HIST 9544 11
HIST 9545 11
HIST 9546 8
HIST 9547 8
HIST 9548 16
HIST 9549 12
HIST 9550 12
HIST 9551 13
HIST 9552 12
HIST 9553 17
HIST 9554 13
HIST 9555 10
HIST 9556 17
HIST 9557 13
HIST 9558 7
HIST 9559 9
HIST 9560 9
HIST 9561 16
HIST 9562 11
HIST 9563 8
HIST 9564 20
HIST 9565 15
HIST 9566 14
HIST 9567 9
HIST 9568 20
HIST 9569 23
HIST 9570 9
HIST 9571 12
HIST 9572 18
HIST 9573 16
HIST 9574 10
HIST 9575 12
HIST 9576 14
HIST 9577 13
HIST 9578 9
HIST 9579 13
HIST 9580 15
HIST 9581 11
HIST 9582 15
HIST 9583 11
HIST 9584 21
HIST 9585 16
HIST 9586 8
HIST 9587 54
HIST 9588 16
HIST 9589 28
HIST 9590 10
HIST 9591 12
HIST 9592 7
HIST 9593 12
HIST 9594 11
HIST 9595 31
HIST 9596 16
HIST 9597 11
HIST 9598 20
HIST 9599 17
HIST 9600 25
HIST 9601 8
HIST 9602 13
HIST 9603 21
HIST 9604 21
HIST 9605 11
HIST 9606 14
HIST 9607 15
HIST 9608 15
HIST 9609 24
HIST 9610 14
HIST 9611 29
HIST 9612 21
HIST 9613 8
HIST 9614 14
HIST 9615 10
HIST 9616 10
HIST 9617 13
HIST 9618 7
HIST 9619 17
HIST 9620 16
HIST 9621 11
HIST 9622 19
HIST 9623 14
HIST 9624 11
HIST 9625 15
HIST 9626 8
HIST 9627 15
HIST 9628 10
HIST 9629 14
HIST 9630 12
HIST 9631 18
HIST 9632 17
HIST 9633 17
HIST 9634 310
HIST 9635 16
HIST 9636 15
HIST 9637 14
HIST 9638 13
HIST 9639 7
HIST 9640 11
HIST 9641 31622
HIST 9642 13
HIST 9643 7
HIST 9644 14
HIST 9645 10
HIST 9646 5
HIST 9647 15
HIST 9648 13
HIST 9649 15
HIST 9650 11
HIST 9651 9
HIST 9652 11
HIST 9653 11
HIST 9654 13
HIST 9655 16
HIST 9656 2
HIST 9657 14
HIST 9658 24
HIST 9659 17
HIST 9660 16
HIST 9661 15
HIST 9662 13
HIST 9663 12
HIST 9664 13
HIST 9665 23
HIST 9666 15
HIST 9667 9
HIST 9668 20
HIST 9669 15
HIST 9670 9
HIST 9671 7
HIST 9672 24
HIST 9673 20
HIST 9674 9
HIST 9675 10
HIST 9676 7
HIST 9677 19
HIST 9678 12
HIST 9679 9
HIST 9680 7
HIST 9681 8
HIST 9682 15
HIST 9683 12
HIST 9684 16
HIST 9685 12
HIST 9686 15
HIST 9687 20
HIST 9688 12
HIST 9689 9
HIST 9690 9
HIST 9691 14
HIST 9692 14
HIST 9693 21
HIST 9694 11
HIST 9695 12
HIST 9696 6
HIST 9697 19
HIST 9698 14
HIST 9699 18
HIST 9700 14
HIST 9701 10
HIST 9702 11
HIST 9703 17
HIST 9704 9
HIST 9705 11
HIST 9706 16
HIST 9707 7
HIST 9708 12
HIST 9709 13
HIST 9710 16
HIST 9711 16
HIST 9712 22
HIST 9713 15
HIST 9714 21
HIST 9715 8
HIST 9716 9
HIST 9717 12
HIST 9718 17
HIST 9719 26
HIST 9720 25
HIST 9721 19
HIST 9722 16
HIST 9723 14
HIST 9724 19
HIST 9725 11
HIST 9726 15
HIST 9727 12
HIST 9728 8
HIST 9729 16
HIST 9730 15
HIST 9731 16
HIST 9732 8
HIST 9733 15
HIST 9734 9
HIST 9735 16
HIST 9736 11
HIST 9737 13
HIST 9738 14
HIST 9739 12
HIST 9740 11
HIST 9741 31
HIST 9742 11
HIST 9743 14
HIST 9744 17
HIST 9745 11
HIST 9746 21
HIST 9747 12
HIST 9748 15
HIST 9749 15
HIST 9750 76
HIST 9751 9
HIST 9752 17
HIST 9753 54
HIST 9754 15
HIST 9755 13
HIST 9756 99
HIST 9757 10
HIST 9758 15
HIST 9759 58
HIST 9760 14
HIST 9761 16
HIST 9762 19
HIST 9763 6
HIST 9764 18
HIST 9765 14
HIST 9766 22
HIST 9767 14
HIST 9768 12
HIST 9769 15
HIST 9770 10
HIST 9771 22
HIST 9772 19
HIST 9773 13
HIST 9774 16
HIST 9775 9
HIST 9776 15
HIST 9777 19
HIST 9778 14
HIST 9779 14
HIST 9780 15
HIST 9781 13
HIST 9782 12
HIST 9783 12
HIST 9784 13
HIST 9785 11
HIST 9786 11
HIST 9787 12
HIST 9788 10
HIST 9789 7
HIST 9790 7
HIST 9791 16
HIST 9792 10
HIST 9793 14
HIST 9794 13
HIST 9795 7
HIST 9796 12
HIST 9797 10
HIST 9798 8
HIST 9799 16
HIST 9800 15
HIST 9801 11
HIST 9802 16
HIST 9803 13
HIST 9804 13
HIST 9805 17
HIST 9806 9
HIST 9807 8
HIST 9808 26
HIST 9809 35
HIST 9810 9
HIST 9811 17
HIST 9812 20
HIST 9813 9
HIST 9814 12
HIST 9815 16
HIST 9816 12
HIST 9817 10
HIST 9818 14
HIST 9819 13
HIST 9820 6
HIST 9821 19
HIST 9822 9
HIST 9823 17
HIST 9824 15
HIST 9825 13
HIST 9826 17
HIST 9827 14
HIST 9828 11
HIST 9829 15
HIST 9830 15
HIST 9831 11
HIST 9832 8
HIST 9833 20
HIST 9834 18
HIST 9835 12
HIST 9836 8
HIST 9837 15
HIST 9838 3
HIST 9839 6
HIST 9840 14
HIST 9841 17
HIST 9842 17
HIST 9843 14
HIST 9844 9
HIST 9845 14
HIST 9846 14
HIST 9847 17
HIST 9848 12
HIST 9849 16
HIST 9850 8
HIST 9851 14
HIST 9852 14
HIST 9853 13
HIST 9854 20
HIST 9855 6
HIST 9856 11
HIST 9857 11
HIST 9858 11
HIST 9859 6
HIST 9860 8
HIST 9861 16
HIST 9862 13
HIST 9863 14
HIST 9864 9
HIST 9865 13
HIST 9866 17
HIST 9867 8
HIST 9868 16
HIST 9869 14
HIST 9870 12
HIST 9871 7
HIST 9872 19
HIST 9873 11
HIST 9874 12
HIST 9875 9
HIST 9876 14
HIST 9877 8
HIST 9878 6
HIST 9879 13
HIST 9880 12
HIST 9881 12
HIST 9882 17
HIST 9883 10
HIST 9884 10
HIST 9885 11
HIST 9886 12
HIST 9887 15
HIST 9888 11
HIST 9889 11
HIST 9890 12
HIST 9891 5
HIST 9892 236
HIST 9893 7
HIST 9894 7
HIST 9895 17
HIST 9896 14
HIST 9897 15
HIST 9898 11
HIST 9899 11
HIST 9900 15
HIST 9901 17
HIST 9902 83
HIST 9903 13
HIST 9904 10
HIST 9905 14
HIST 9906 7
HIST 9907 10
HIST 9908 12
HIST 9909 10
HIST 9910 16
HIST 9911 12
HIST 9912 13
HIST 9913 10
HIST 9914 11
HIST 9915 14
HIST 9916 11
HIST 9917 11
HIST 9918 16
HIST 9919 18
HIST 9920 7
HIST 9921 16
HIST 9922 13
HIST 9923 9
HIST 9924 10
HIST 9925 15
HIST 9926 11
HIST 9927 13
HIST 9928 11
HIST 9929 10
HIST 9930 17
HIST 9931 12
HIST 9932 3
HIST 9933 7
HIST 9934 15
HIST 9935 17
HIST 9936 7
HIST 9937 14
HIST 9938 11
HIST 9939 14
HIST 9940 7
HIST 9941 10
HIST 9942 8
HIST 9943 16
HIST 9944 16
HIST 9945 12
HIST 9946 11
HIST 9947 9
HIST 9948 12
HIST 9949 7
HIST 9950 12
HIST 9951 12
HIST 9952 6
HIST 9953 7
HIST 9954 7
HIST 9955 10
HIST 9956 13
HIST 9957 9
HIST 9958 7
HIST 9959 17
HIST 9960 7
HIST 9961 15
HIST 9962 11
HIST 9963 15
HIST 9964 13
HIST 9965 11
HIST 9966 11
HIST 9967 11
HIST 9968 20
HIST 9969 9
HIST 9970 21
HIST 9971 17
HIST 9972 14
HIST 9973 15
HIST 9974 10
HIST 9975 9
HIST 9976 18
HIST 9977 13
HIST 9978 16
HIST 9979 16
HIST 9980 12
HIST 9981 17
HIST 9982 9
HIST 9983 11
HIST 9984 10
HIST 9985 8
HIST 9986 8
HIST 9987 15
HIST 9988 17
HIST 9989 9
HIST 9990 13
HIST 9991 13
HIST 9992 10
HIST 9993 8
HIST 9994 15
HIST 9995 9
HIST 9996 17
HIST 9997 13
HIST 9998 9
HIST 9999 12
HIST 10000 10
HIST 10001 15
HIST 10002 12
HIST 10003 18
HIST 10004 15
HIST 10005 11
HIST 10006 13
HIST 10007 12
HIST 10008 18
HIST 10009 13
HIST 10010 9
HIST 10011 8
HIST 10012 18
HIST 10013 14
HIST 10014 14
HIST 10015 14
HIST 10016 9
HIST 10017 9
HIST 10018 22
HIST 10019 20
HIST 10020 13
HIST 10021 14
HIST 10022 19
HIST 10023 14
HIST 10024 11
HIST 10025 17
HIST 10026 14
HIST 10027 9
HIST 10028 23
HIST 10029 14
HIST 10030 15
HIST 10031 9
HIST 10032 16
HIST 10033 16
HIST 10034 19
HIST 10035 21
HIST 10036 437
HIST 10037 14
HIST 10038 9
HIST 10039 11
HIST 10040 13
HIST 10041 13
HIST 10042 740
HIST 10043 13
HIST 10044 20
HIST 10045 9
HIST 10046 16
HIST 10047 16
HIST 10048 15
HIST 10049 10
HIST 10050 9
HIST 10051 16
HIST 10052 9
HIST 10053 1272
HIST 10054 10
HIST 10055 8
HIST 10056 14
HIST 10057 13
HIST 10058 13
HIST 10059 7
HIST 10060 10
HIST 10061 14
HIST 10062 16
HIST 10063 16
HIST 10064 12
HIST 10065 14
HIST 10066 11
HIST 10067 12
HIST 10068 16
HIST 10069 14
HIST 10070 10
HIST 10071 13
HIST 10072 12
HIST 10073 10
HIST 10074 15
HIST 10075 8
HIST 10076 8
HIST 10077 17
HIST 10078 11
HIST 10079 8
HIST 10080 11
HIST 10081 19
HIST 10082 10
HIST 10083 13
HIST 10084 9
HIST 10085 15
HIST 10086 15
HIST 10087 18
HIST 10088 8
HIST 10089 9
HIST 10090 10
HIST 10091 24
HIST 10092 17
HIST 10093 17
HIST 10094 82
HIST 10095 163
HIST 10096 12
HIST 10097 13
HIST 10098 20
HIST 10099 15
HIST 10100 14
HIST 10101 9
HIST 10102 11
HIST 10103 14
HIST 10104 11
HIST 10105 13
HIST 10106 10
HIST 10107 55
HIST 10108 20
HIST 10109 23
HIST 10110 9
HIST 10111 13
HIST 10112 19
HIST 10113 9
HIST 10114 10
HIST 10115 9
HIST 10116 12
HIST 10117 10
HIST 10118 10
HIST 10119 11
HIST 10120 7
HIST 10121 13
HIST 10122 19
HIST 10123 8
HIST 10124 13
HIST 10125 9
HIST 10126 12
HIST 10127 7
HIST 10128 13
HIST 10129 9
HIST 10130 11
HIST 10131 12
HIST 10132 11
HIST 10133 14
HIST 10134 12
HIST 10135 8
HIST 10136 11
HIST 10137 12
HIST 10138 10
HIST 10139 10
HIST 10140 12
HIST 10141 13
HIST 10142 8
HIST 10143 8
HIST 10144 12
HIST 10145 14
HIST 10146 7
HIST 10147 9
HIST 10148 13
HIST 10149 12
HIST 10150 6
HIST 10151 13
HIST 10152 15
HIST 10153 11
HIST 10154 6
HIST 10155 14
HIST 10156 10
HIST 10157 20
HIST 10158 16
HIST 10159 16
HIST 10160 14
HIST 10161 11
HIST 10162 18
HIST 10163 16
HIST 10164 11
HIST 10165 14
HIST 10166 9
HIST 10167 6
HIST 10168 14
HIST 10169 8
HIST 10170 24
HIST 10171 12
HIST 10172 10
HIST 10173 11
HIST 10174 14
HIST 10175 13
HIST 10176 13
HIST 10177 12
HIST 10178 11
HIST 10179 15
HIST 10180 7
HIST 10181 2
HIST 10182 12
HIST 10183 8
HIST 10184 9
HIST 10185 12
HIST 10186 8
HIST 10187 11
HIST 10188 20
HIST 10189 12
HIST 10190 12
HIST 10191 8
HIST 10192 11
HIST 10193 10
HIST 10194 12
HIST 10195 13
HIST 10196 8
HIST 10197 8
HIST 10198 9
HIST 10199 12
HIST 10200 12
HIST 10201 12
HIST 10202 10
HIST 10203 16
HIST 10204 11
HIST 10205 11
HIST 10206 11
HIST 10207 10
HIST 10208 12
HIST 10209 21
HIST 10210 11
HIST 10211 12
HIST 10212 12
HIST 10213 16
HIST 10214 8
HIST 10215 13
HIST 10216 5
HIST 10217 6
HIST 10218 14
HIST 10219 7
HIST 10220 11
HIST 10221 9
HIST 10222 14
HIST 10223 16
HIST 10224 11
HIST 10225 8
HIST 10226 8
HIST 10227 17
HIST 10228 12
HIST 10229 62
HIST 10230 24
HIST 10231 10
HIST 10232 19
HIST 10233 10
HIST 10234 6
HIST 10235 11
HIST 10236 11
HIST 10237 17
HIST 10238 13
HIST 10239 13
HIST 10240 12
HIST 10241 15
HIST 10242 9
HIST 10243 11
HIST 10244 8
HIST 10245 9
HIST 10246 11
HIST 10247 16
HIST 10248 16
HIST 10249 12
HIST 10250 13
HIST 10251 19
HIST 10252 11
HIST 10253 14
HIST 10254 8
HIST 10255 10
HIST 10256 14
HIST 10257 8
HIST 10258 17
HIST 10259 13
HIST 10260 14
HIST 10261 12
HIST 10262 8
HIST 10263 14
HIST 10264 17
HIST 10265 8
HIST 10266 15
HIST 10267 12
HIST 10268 8
HIST 10269 14
HIST 10270 9
HIST 10271 10
HIST 10272 13
HIST 10273 11
HIST 10274 12
HIST 10275 8
HIST 10276 10
HIST 10277 10
HIST 10278 8
HIST 10279 7
HIST 10280 13
HIST 10281 8
HIST 10282 9
HIST 10283 12
HIST 10284 7
HIST 10285 15
HIST 10286 13
HIST 10287 16
HIST 10288 9
HIST 10289 11
HIST 10290 13
HIST 10291 17
HIST 10292 1
HIST 10293 19
HIST 10294 15
HIST 10295 7
HIST 10296 11
HIST 10297 11
HIST 10298 14
HIST 10299 14
HIST 10300 9
HIST 10301 15
HIST 10302 13
HIST 10303 10
HIST 10304 9
HIST 10305 10
HIST 10306 12
HIST 10307 9
HIST 10308 14
HIST 10309 13
HIST 10310 17
HIST 10311 15
HIST 10312 8
HIST 10313 9
HIST 10314 11
HIST 10315 14
HIST 10316 9
HIST 10317 10
HIST 10318 15
HIST 10319 13
HIST 10320 15
HIST 10321 16
HIST 10322 10
HIST 10323 13
HIST 10324 14
HIST 10325 16
HIST 10326 13
HIST 10327 8
HIST 10328 8
HIST 10329 9
HIST 10330 15
HIST 10331 10
HIST 10332 9
HIST 10333 8
HIST 10334 16
HIST 10335 14
HIST 10336 10
HIST 10337 13
HIST 10338 10
HIST 10339 15
HIST 10340 12
HIST 10341 12
HIST 10342 7
HIST 10343 9
HIST 10344 9
HIST 10345 11
HIST 10346 17
HIST 10347 11
HIST 10348 15
HIST 10349 8
HIST 10350 10
HIST 10351 13
HIST 10352 13
HIST 10353 11
HIST 10354 14
HIST 10355 10
HIST 10356 14
HIST 10357 13
HIST 10358 16
HIST 10359 18
HIST 10360 12
HIST 10361 9
HIST 10362 14
HIST 10363 9
HIST 10364 7
HIST 10365 18
HIST 10366 14
HIST 10367 16
HIST 10368 10
HIST 10369 8
HIST 10370 16
HIST 10371 11
HIST 10372 13
HIST 10373 14
HIST 10374 11
HIST 10375 14
HIST 10376 10
HIST 10377 12
HIST 10378 12
HIST 10379 16
HIST 10380 15
HIST 10381 12
HIST 10382 13
HIST 10383 11
HIST 10384 13
HIST 10385 9
HIST 10386 5
HIST 10387 13
HIST 10388 6
HIST 10389 8
HIST 10390 11
HIST 10391 17
HIST 10392 12
HIST 10393 13
HIST 10394 5
HIST 10395 9
HIST 10396 9
HIST 10397 13
HIST 10398 14
HIST 10399 3
HIST 10400 10
HIST 10401 10
HIST 10402 11
HIST 10403 17
HIST 10404 13
HIST 10405 9
HIST 10406 6
HIST 10407 8
HIST 10408 12
HIST 10409 15
HIST 10410 11
HIST 10411 33
HIST 10412 5
HIST 10413 11
HIST 10414 13
HIST 10415 19
HIST 10416 10
HIST 10417 8
HIST 10418 6
HIST 10419 11
HIST 10420 13
HIST 10421 5
HIST 10422 6
HIST 10423 8
HIST 10424 15
HIST 10425 12
HIST 10426 11
HIST 10427 8
HIST 10428 8
HIST 10429 9
HIST 10430 14
HIST 10431 13
HIST 10432 11
HIST 10433 6
HIST 10434 14
HIST 10435 10
HIST 10436 12
HIST 10437 9
HIST 10438 18
HIST 10439 14
HIST 10440 16
HIST 10441 14
HIST 10442 11
HIST 10443 10
HIST 10444 12
HIST 10445 8
HIST 10446 8
HIST 10447 15
HIST 10448 17
HIST 10449 6
HIST 10450 12
HIST 10451 9
HIST 10452 13
HIST 10453 16
HIST 10454 58
HIST 10455 13
HIST 10456 20
HIST 10457 11
HIST 10458 12
HIST 10459 12
HIST 10460 14
HIST 10461 6
HIST 10462 9
HIST 10463 15
HIST 10464 10
HIST 10465 1
HIST 10466 11
HIST 10467 16
HIST 10468 10
HIST 10469 11
HIST 10470 15
HIST 10471 8
HIST 10472 11
HIST 10473 9
HIST 10474 9
HIST 10475 13
HIST 10476 6
HIST 10477 20
HIST 10478 12
HIST 10479 9
HIST 10480 11
HIST 10481 26
HIST 10482 11
HIST 10483 14
HIST 10484 15
HIST 10485 12
HIST 10486 8
HIST 10487 19
HIST 10488 11
HIST 10489 13
HIST 10490 12
HIST 10491 11
HIST 10492 10
HIST 10493 10
HIST 10494 6
HIST 10495 15
HIST 10496 12
HIST 10497 13
HIST 10498 10
HIST 10499 13
HIST 10500 12
HIST 10501 21
HIST 10502 9
HIST 10503 18
HIST 10504 19
HIST 10505 8
HIST 10506 15
HIST 10507 20
HIST 10508 11
HIST 10509 15
HIST 10510 11
HIST 10511 9
HIST 10512 12
HIST 10513 11
HIST 10514 13
HIST 10515 10
HIST 10516 12
HIST 10517 9
HIST 10518 16
HIST 10519 21
HIST 10520 21
HIST 10521 12
HIST 10522 17
HIST 10523 12
HIST 10524 16
HIST 10525 19
HIST 10526 17
HIST 10527 13
HIST 10528 14
HIST 10529 10
HIST 10530 10
HIST 10531 13
HIST 10532 10
HIST 10533 9
HIST 10534 10
HIST 10535 18
HIST 10536 22
HIST 10537 9
HIST 10538 12
HIST 10539 18
HIST 10540 11
HIST 10541 11
HIST 10542 9
HIST 10543 17
HIST 10544 8
HIST 10545 5
HIST 10546 6
HIST 10547 9
HIST 10548 5
HIST 10549 10
HIST 10550 14
HIST 10551 8
HIST 10552 8
HIST 10553 11
HIST 10554 12
HIST 10555 15
HIST 10556 13
HIST 10557 11
HIST 10558 11
HIST 10559 10
HIST 10560 13
HIST 10561 8
HIST 10562 8
HIST 10563 11
HIST 10564 10
HIST 10565 12
HIST 10566 10
HIST 10567 12
HIST 10568 19
HIST 10569 14
HIST 10570 7
HIST 10571 17
HIST 10572 64
HIST 10573 6
HIST 10574 11
HIST 10575 37
HIST 10576 7
HIST 10577 11
HIST 10578 12
HIST 10579 9
HIST 10580 7
HIST 10581 10
HIST 10582 16
HIST 10583 9
HIST 10584 7
HIST 10585 8
HIST 10586 12
HIST 10587 7
HIST 10588 13
HIST 10589 10
HIST 10590 11
HIST 10591 14
HIST 10592 16
HIST 10593 18
HIST 10594 9
HIST 10595 16
HIST 10596 9
HIST 10597 13
HIST 10598 11
HIST 10599 15
HIST 10600 9
HIST 10601 10
HIST 10602 11
HIST 10603 10
HIST 10604 13
HIST 10605 8
HIST 10606 10
HIST 10607 10
HIST 10608 4
HIST 10609 15
HIST 10610 12
HIST 10611 17
HIST 10612 12
HIST 10613 12
HIST 10614 13
HIST 10615 12
HIST 10616 10
HIST 10617 8
HIST 10618 10
HIST 10619 9
HIST 10620 8
HIST 10621 11
HIST 10622 8
HIST 10623 12
HIST 10624 6
HIST 10625 10
HIST 10626 7
HIST 10627 9
HIST 10628 12
HIST 10629 19
HIST 10630 11
HIST 10631 8
HIST 10632 12
HIST 10633 10
HIST 10634 13
HIST 10635 9
HIST 10636 17
HIST 10637 13
HIST 10638 10
HIST 10639 11
HIST 10640 11
HIST 10641 15
HIST 10642 12
HIST 10643 18
HIST 10644 8
HIST 10645 11
HIST 10646 11
HIST 10647 14
HIST 10648 19
HIST 10649 13
HIST 10650 9
HIST 10651 11
HIST 10652 16
HIST 10653 9
HIST 10654 11
HIST 10655 17
HIST 10656 13
HIST 10657 11
HIST 10658 10
HIST 10659 10
HIST 10660 13
HIST 10661 10
HIST 10662 4
HIST 10663 6
HIST 10664 16
HIST 10665 17
HIST 10666 5
HIST 10667 11
HIST 10668 10
HIST 10669 18
HIST 10670 3
HIST 10671 15
HIST 10672 7
HIST 10673 7
HIST 10674 6
HIST 10675 10
HIST 10676 10
HIST 10677 9
HIST 10678 8
HIST 10679 12
HIST 10680 18
HIST 10681 13
HIST 10682 8
HIST 10683 7
HIST 10684 13
HIST 10685 17
HIST 10686 9
HIST 10687 9
HIST 10688 13
HIST 10689 13
HIST 10690 6
HIST 10691 18
HIST 10692 11
HIST 10693 14
HIST 10694 10
HIST 10695 12
HIST 10696 9
HIST 10697 16
HIST 10698 9
HIST 10699 8
HIST 10700 12
HIST 10701 9
HIST 10702 13
HIST 10703 14
HIST 10704 10
HIST 10705 11
HIST 10706 14
HIST 10707 10
HIST 10708 11
HIST 10709 13
HIST 10710 10
HIST 10711 9
HIST 10712 6
HIST 10713 10
HIST 10714 6
HIST 10715 10
HIST 10716 15
HIST 10717 11
HIST 10718 9
HIST 10719 15
HIST 10720 9
HIST 10721 10
HIST 10722 14
HIST 10723 10
HIST 10724 15
HIST 10725 10
HIST 10726 20
HIST 10727 9
HIST 10728 11
HIST 10729 10
HIST 10730 18
HIST 10731 15
HIST 10732 15
HIST 10733 7
HIST 10734 11
HIST 10735 8
HIST 10736 9
HIST 10737 8
HIST 10738 17
HIST 10739 13
HIST 10740 10
HIST 10741 16
HIST 10742 4
HIST 10743 12
HIST 10744 15
HIST 10745 17
HIST 10746 14
HIST 10747 13
HIST 10748 10
HIST 10749 8
HIST 10750 8
HIST 10751 15
HIST 10752 14
HIST 10753 10
HIST 10754 11
HIST 10755 12
HIST 10756 12
HIST 10757 15
HIST 10758 15
HIST 10759 10
HIST 10760 6
HIST 10761 16
HIST 10762 13
HIST 10763 13
HIST 10764 10
HIST 10765 13
HIST 10766 15
HIST 10767 8
HIST 10768 6
HIST 10769 8
HIST 10770 12
HIST 10771 12
HIST 10772 9
HIST 10773 13
HIST 10774 12
HIST 10775 10
HIST 10776 16
HIST 10777 10
HIST 10778 13
HIST 10779 8
HIST 10780 12
HIST 10781 12
HIST 10782 9
HIST 10783 9
HIST 10784 9
HIST 10785 11
HIST 10786 10
HIST 10787 11
HIST 10788 9
HIST 10789 9
HIST 10790 19
HIST 10791 10
HIST 10792 13
HIST 10793 11
HIST 10794 11
HIST 10795 9
HIST 10796 16
HIST 10797 21
HIST 10798 22
HIST 10799 14
HIST 10800 8
HIST 10801 6
HIST 10802 15
HIST 10803 17
HIST 10804 6
HIST 10805 16
HIST 10806 9
HIST 10807 10
HIST 10808 11
HIST 10809 15
HIST 10810 15
HIST 10811 8
HIST 10812 11
HIST 10813 13
HIST 10814 14
HIST 10815 8
HIST 10816 8
HIST 10817 9
HIST 10818 14
HIST 10819 16
HIST 10820 13
HIST 10821 13
HIST 10822 13
HIST 10823 12
HIST 10824 10
HIST 10825 11
HIST 10826 9
HIST 10827 13
HIST 10828 13
HIST 10829 15
HIST 10830 10
HIST 10831 9
HIST 10832 17
HIST 10833 16
HIST 10834 10
HIST 10835 51
HIST 10836 16
HIST 10837 13
HIST 10838 40
HIST 10839 16
HIST 10840 11
HIST 10841 13
HIST 10842 11
HIST 10843 14
HIST 10844 34
HIST 10845 13
HIST 10846 19
HIST 10847 15
HIST 10848 5
HIST 10849 10
HIST 10850 18
HIST 10851 11
HIST 10852 12
HIST 10853 11
HIST 10854 18
HIST 10855 10
HIST 10856 14
HIST 10857 10
HIST 10858 21135
HIST 10859 9
HIST 10860 12
HIST 10861 12
HIST 10862 6
HIST 10863 4
HIST 10864 10
HIST 10865 10
HIST 10866 10
HIST 10867 11
HIST 10868 15
HIST 10869 13
HIST 10870 10
HIST 10871 10
HIST 10872 9
HIST 10873 6
HIST 10874 12
HIST 10875 14
HIST 10876 15
HIST 10877 8
HIST 10878 8
HIST 10879 5
HIST 10880 16
HIST 10881 8
HIST 10882 8
HIST 10883 9
HIST 10884 8
HIST 10885 9
HIST 10886 8
HIST 10887 12
HIST 10888 11
HIST 10889 10
HIST 10890 8
HIST 10891 13
HIST 10892 15
HIST 10893 6
HIST 10894 12
HIST 10895 11
HIST 10896 12
HIST 10897 3574
HIST 10898 9
HIST 10899 10
HIST 10900 11
HIST 10901 7
HIST 10902 9
HIST 10903 12
HIST 10904 13
HIST 10905 14
HIST 10906 14
HIST 10907 10
HIST 10908 7
HIST 10909 13
HIST 10910 11
HIST 10911 7
HIST 10912 3
HIST 10913 11
HIST 10914 15
HIST 10915 9
HIST 10916 14
HIST 10917 8
HIST 10918 9
HIST 10919 7
HIST 10920 10
HIST 10921 7
HIST 10922 17
HIST 10923 15
HIST 10924 12
HIST 10925 15
HIST 10926 10
HIST 10927 9
HIST 10928 6
HIST 10929 12
HIST 10930 11
HIST 10931 15
HIST 10932 12
HIST 10933 15
HIST 10934 17
HIST 10935 14
HIST 10936 11
HIST 10937 16
HIST 10938 7
HIST 10939 7
HIST 10940 11
HIST 10941 11
HIST 10942 20
HIST 10943 14
HIST 10944 19
HIST 10945 10
HIST 10946 19
HIST 10947 11
HIST 10948 10
HIST 10949 13
HIST 10950 14
HIST 10951 17
HIST 10952 10
HIST 10953 8
HIST 10954 9
HIST 10955 10
HIST 10956 9
HIST 10957 8
HIST 10958 12
HIST 10959 13
HIST 10960 9
HIST 10961 8
HIST 10962 19
HIST 10963 8
HIST 10964 11
HIST 10965 11
HIST 10966 12
HIST 10967 6
HIST 10968 49
HIST 10969 13
HIST 10970 8
HIST 10971 28
HIST 10972 8
HIST 10973 9
HIST 10974 45
HIST 10975 9
HIST 10976 17
HIST 10977 28
HIST 10978 14
HIST 10979 9
HIST 10980 10
HIST 10981 7
HIST 10982 3
HIST 10983 9
HIST 10984 6
HIST 10985 13
HIST 10986 8
HIST 10987 12
HIST 10988 11
HIST 10989 6
HIST 10990 10
HIST 10991 12
HIST 10992 10
HIST 10993 10
HIST 10994 11
HIST 10995 15
HIST 10996 10
HIST 10997 14
HIST 10998 8
HIST 10999 11
HIST 11000 10
HIST 11001 12
HIST 11002 13
HIST 11003 11
HIST 11004 7
HIST 11005 9
HIST 11006 11
HIST 11007 9
HIST 11008 9
HIST 11009 8
HIST 11010 16
HIST 11011 10
HIST 11012 8
HIST 11013 19
HIST 11014 11
HIST 11015 15
HIST 11016 14
HIST 11017 12
HIST 11018 14
HIST 11019 11
HIST 11020 7
HIST 11021 12
HIST 11022 14
HIST 11023 12
HIST 11024 9
HIST 11025 11
HIST 11026 16
HIST 11027 25
HIST 11028 12
HIST 11029 9
HIST 11030 17
HIST 11031 14
HIST 11032 9
HIST 11033 8
HIST 11034 11
HIST 11035 7
HIST 11036 12
HIST 11037 10
HIST 11038 6
HIST 11039 11
HIST 11040 11
HIST 11041 12
HIST 11042 12
HIST 11043 13
HIST 11044 10
HIST 11045 10
HIST 11046 12
HIST 11047 7
HIST 11048 12
HIST 11049 10
HIST 11050 13
HIST 11051 7
HIST 11052 10
HIST 11053 10
HIST 11054 9
HIST 11055 13
HIST 11056 15
HIST 11057 8
HIST 11058 7
HIST 11059 13
HIST 11060 10
HIST 11061 9
HIST 11062 5
HIST 11063 9
HIST 11064 6
HIST 11065 10
HIST 11066 8
HIST 11067 14
HIST 11068 11
HIST 11069 8
HIST 11070 6
HIST 11071 10
HIST 11072 9
HIST 11073 7
HIST 11074 11
HIST 11075 9
HIST 11076 8
HIST 11077 12
HIST 11078 14
HIST 11079 8
HIST 11080 14
HIST 11081 14
HIST 11082 16
HIST 11083 9
HIST 11084 18
HIST 11085 16
HIST 11086 13
HIST 11087 10
HIST 11088 14
HIST 11089 13
HIST 11090 7
HIST 11091 14
HIST 11092 420
HIST 11093 13
HIST 11094 11
HIST 11095 9
HIST 11096 8
HIST 11097 12
HIST 11098 14
HIST 11099 18
HIST 11100 12
HIST 11101 12
HIST 11102 14
HIST 11103 6
HIST 11104 8
HIST 11105 19
HIST 11106 15
HIST 11107 13
HIST 11108 13
HIST 11109 11
HIST 11110 10
HIST 11111 10
HIST 11112 7
HIST 11113 16
HIST 11114 9
HIST 11115 8
HIST 11116 13
HIST 11117 10
HIST 11118 10
HIST 11119 15
HIST 11120 8
HIST 11121 25912
HIST 11122 15
HIST 11123 15
HIST 11124 9
HIST 11125 9
HIST 11126 12
HIST 11127 11
HIST 11128 12
HIST 11129 14
HIST 11130 6
HIST 11131 9
HIST 11132 11
HIST 11133 13
HIST 11134 13
HIST 11135 17
HIST 11136 14
HIST 11137 12
HIST 11138 11
HIST 11139 13
HIST 11140 11
HIST 11141 10
HIST 11142 9
HIST 11143 12
HIST 11144 14
HIST 11145 10
HIST 11146 3
HIST 11147 16
HIST 11148 13
HIST 11149 10
HIST 11150 7
HIST 11151 15
HIST 11152 11
HIST 11153 8
HIST 11154 19
HIST 11155 11
HIST 11156 15
HIST 11157 14
HIST 11158 15
HIST 11159 12
HIST 11160 12
HIST 11161 21
HIST 11162 11
HIST 11163 9
HIST 11164 8
HIST 11165 14
HIST 11166 6
HIST 11167 15
HIST 11168 8
HIST 11169 12
HIST 11170 7
HIST 11171 13
HIST 11172 9
HIST 11173 12
HIST 11174 9
HIST 11175 7
HIST 11176 8
HIST 11177 10
HIST 11178 15
HIST 11179 17
HIST 11180 14
HIST 11181 15
HIST 11182 16
HIST 11183 6
HIST 11184 11
HIST 11185 12
HIST 11186 18
HIST 11187 9
HIST 11188 10
HIST 11189 7
HIST 11190 10
HIST 11191 10
HIST 11192 15
HIST 11193 31
HIST 11194 11
HIST 11195 8
HIST 11196 15
HIST 11197 11
HIST 11198 13
HIST 11199 8
HIST 11200 46
HIST 11201 11
HIST 11202 14
HIST 11203 9
HIST 11204 11
HIST 11205 16
HIST 11206 12
HIST 11207 6
HIST 11208 10
HIST 11209 9
HIST 11210 20
HIST 11211 12
HIST 11212 17
HIST 11213 8
HIST 11214 7
HIST 11215 18
HIST 11216 9
HIST 11217 5
HIST 11218 19
HIST 11219 16
HIST 11220 8
HIST 11221 13
HIST 11222 14
HIST 11223 13
HIST 11224 17
HIST 11225 16
HIST 11226 8
HIST 11227 14
HIST 11228 18
HIST 11229 11
HIST 11230 59
HIST 11231 10
HIST 11232 1262
HIST 11233 23
HIST 11234 16
HIST 11235 12
HIST 11236 99
HIST 11237 12
HIST 11238 13
HIST 11239 60
HIST 11240 11
HIST 11241 9
HIST 11242 9
HIST 11243 9
HIST 11244 9
HIST 11245 7
HIST 11246 12
HIST 11247 10
HIST 11248 11
HIST 11249 13
HIST 11250 11
HIST 11251 10
HIST 11252 11
HIST 11253 10
HIST 11254 199
HIST 11255 7
HIST 11256 7
HIST 11257 10
HIST 11258 13
HIST 11259 7
HIST 11260 315
HIST 11261 12
HIST 11262 11
HIST 11263 5
HIST 11264 5
HIST 11265 5
HIST 11266 15
HIST 11267 10
HIST 11268 13
HIST 11269 12
HIST 11270 44
HIST 11271 20
HIST 11272 12
HIST 11273 13
HIST 11274 12
HIST 11275 12
HIST 11276 13
HIST 11277 7
HIST 11278 13
HIST 11279 19
HIST 11280 11
HIST 11281 10
HIST 11282 12
HIST 11283 13
HIST 11284 15
HIST 11285 8
HIST 11286 11
HIST 11287 10
HIST 11288 18
HIST 11289 33
HIST 11290 12
HIST 11291 14
HIST 11292 19
HIST 11293 11
HIST 11294 13
HIST 11295 9
HIST 11296 5
HIST 11297 3
HIST 11298 13
HIST 11299 13
HIST 11300 14
HIST 11301 20
HIST 11302 13
HIST 11303 13
HIST 11304 15
HIST 11305 8
HIST 11306 19
HIST 11307 6
HIST 11308 10
HIST 11309 8
HIST 11310 15
HIST 11311 10
HIST 11312 38
HIST 11313 65
HIST 11314 15
HIST 11315 10
HIST 11316 12
HIST 11317 7
HIST 11318 16
HIST 11319 9
HIST 11320 11
HIST 11321 11
HIST 11322 7
HIST 11323 5
HIST 11324 20
HIST 11325 36
HIST 11326 14
HIST 11327 16
HIST 11328 15
HIST 11329 9
HIST 11330 9
HIST 11331 12
HIST 11332 20
HIST 11333 16
HIST 11334 12
HIST 11335 12
HIST 11336 16
HIST 11337 4
HIST 11338 5
HIST 11339 16
HIST 11340 19
HIST 11341 11
HIST 11342 12
HIST 11343 10
HIST 11344 8
HIST 11345 12
HIST 11346 11
HIST 11347 19
HIST 11348 14
HIST 11349 13
HIST 11350 9
HIST 11351 6
HIST 11352 12
HIST 11353 15
HIST 11354 10
HIST 11355 8
HIST 11356 14
HIST 11357 9
HIST 11358 17
HIST 11359 9
HIST 11360 9
HIST 11361 12
HIST 11362 8
HIST 11363 14
HIST 11364 11
HIST 11365 12
HIST 11366 10
HIST 11367 13
HIST 11368 13
HIST 11369 17
HIST 11370 10
HIST 11371 8
HIST 11372 8
HIST 11373 11
HIST 11374 10
HIST 11375 15
HIST 11376 11
HIST 11377 8
HIST 11378 13
HIST 11379 11
HIST 11380 12
HIST 11381 11
HIST 11382 11
HIST 11383 15
HIST 11384 11
HIST 11385 12
HIST 11386 16
HIST 11387 13
HIST 11388 16
HIST 11389 11
HIST 11390 15
HIST 11391 8
HIST 11392 13
HIST 11393 8
HIST 11394 11
HIST 11395 12
HIST 11396 16
HIST 11397 13
HIST 11398 11
HIST 11399 9
HIST 11400 17
HIST 11401 6
HIST 11402 9
HIST 11403 10
HIST 11404 11
HIST 11405 8
HIST 11406 16
HIST 11407 9
HIST 11408 13
HIST 11409 7
HIST 11410 7
HIST 11411 11
HIST 11412 10
HIST 11413 5
HIST 11414 8
HIST 11415 13
HIST 11416 7
HIST 11417 8
HIST 11418 14
HIST 11419 15
HIST 11420 7
HIST 11421 9
HIST 11422 9
HIST 11423 10
HIST 11424 10
HIST 11425 11
HIST 11426 9
HIST 11427 11
HIST 11428 14
HIST 11429 14
HIST 11430 11
HIST 11431 10
HIST 11432 10
HIST 11433 9
HIST 11434 10
HIST 11435 15
HIST 11436 9
HIST 11437 14
HIST 11438 10
HIST 11439 9
HIST 11440 7
HIST 11441 14
HIST 11442 18
HIST 11443 8
HIST 11444 12
HIST 11445 8
HIST 11446 16
HIST 11447 12
HIST 11448 10
HIST 11449 6
HIST 11450 14
HIST 11451 16
HIST 11452 14
HIST 11453 15
HIST 11454 16
HIST 11455 18
HIST 11456 10
HIST 11457 5
HIST 11458 8
HIST 11459 9
HIST 11460 13
HIST 11461 10
HIST 11462 6
HIST 11463 13
HIST 11464 9
HIST 11465 6
HIST 11466 14
HIST 11467 10
HIST 11468 12
HIST 11469 6
HIST 11470 8
HIST 11471 13
HIST 11472 9
HIST 11473 10
HIST 11474 8
HIST 11475 10
HIST 11476 15
HIST 11477 7
HIST 11478 8
HIST 11479 7
HIST 11480 10
HIST 11481 13
HIST 11482 7
HIST 11483 9
HIST 11484 11
HIST 11485 11
HIST 11486 14
HIST 11487 13
HIST 11488 9
HIST 11489 12
HIST 11490 12
HIST 11491 14
HIST 11492 10
HIST 11493 16
HIST 11494 13
HIST 11495 10
HIST 11496 13
HIST 11497 19
HIST 11498 14
HIST 11499 7
HIST 11500 12
HIST 11501 12
HIST 11502 12
HIST 11503 17
HIST 11504 11
HIST 11505 8
HIST 11506 14
HIST 11507 11
HIST 11508 10
HIST 11509 14
HIST 11510 19
HIST 11511 20
HIST 11512 14
HIST 11513 14
HIST 11514 12
HIST 11515 13
HIST 11516 356
HIST 11517 15
HIST 11518 10
HIST 11519 16
HIST 11520 11
HIST 11521 12
HIST 11522 573
HIST 11523 7
HIST 11524 17
HIST 11525 9
HIST 11526 9
HIST 11527 12
HIST 11528 10
HIST 11529 10
HIST 11530 11
HIST 11531 14
HIST 11532 10
HIST 11533 11
HIST 11534 8
HIST 11535 18
HIST 11536 10
HIST 11537 11
HIST 11538 15
HIST 11539 13
HIST 11540 11
HIST 11541 14
HIST 11542 8
HIST 11543 11
HIST 11544 15
HIST 11545 10
HIST 11546 10
HIST 11547 11
HIST 11548 7
HIST 11549 13
HIST 11550 14
HIST 11551 9
HIST 11552 4
HIST 11553 18
HIST 11554 11
HIST 11555 15
HIST 11556 5
HIST 11557 8
HIST 11558 17
HIST 11559 11
HIST 11560 10
HIST 11561 8
HIST 11562 15
HIST 11563 6
HIST 11564 15
HIST 11565 8
HIST 11566 14
HIST 11567 5
HIST 11568 14
HIST 11569 13
HIST 11570 15
HIST 11571 8
HIST 11572 16
HIST 11573 10
HIST 11574 84
HIST 11575 140
HIST 11576 11
HIST 11577 12
HIST 11578 15
HIST 11579 13
HIST 11580 9
HIST 11581 11
HIST 11582 11
HIST 11583 8
HIST 11584 10
HIST 11585 14
HIST 11586 6
HIST 11587 48
HIST 11588 6
HIST 11589 21
HIST 11590 14
HIST 11591 7
HIST 11592 16
HIST 11593 8
HIST 11594 13
HIST 11595 13
HIST 11596 16
HIST 11597 12
HIST 11598 9
HIST 11599 9
HIST 11600 12
HIST 11601 13
HIST 11602 12
HIST 11603 7
HIST 11604 8
HIST 11605 12
HIST 11606 9
HIST 11607 9
HIST 11608 14
HIST 11609 9
HIST 11610 7
HIST 11611 10
HIST 11612 9
HIST 11613 12
HIST 11614 10
HIST 11615 11
HIST 11616 12
HIST 11617 14
HIST 11618 15
HIST 11619 9
HIST 11620 17
HIST 11621 6
HIST 11622 14
HIST 11623 17
HIST 11624 13
HIST 11625 11
HIST 11626 17
HIST 11627 15
HIST 11628 12
HIST 11629 9
HIST 11630 11
HIST 11631 8
HIST 11632 15
HIST 11633 27
HIST 11634 13
HIST 11635 9
HIST 11636 6
HIST 11637 8
HIST 11638 14
HIST 11639 16
HIST 11640 9
HIST 11641 20
HIST 11642 10
HIST 11643 9
HIST 11644 9
HIST 11645 7
HIST 11646 13
HIST 11647 11
HIST 11648 13
HIST 11649 14
HIST 11650 14
HIST 11651 9
HIST 11652 13
HIST 11653 11
HIST 11654 13
HIST 11655 11
HIST 11656 8
HIST 11657 14
HIST 11658 8
HIST 11659 9
HIST 11660 18
HIST 11661 12
HIST 11662 12
HIST 11663 9
HIST 11664 12
HIST 11665 13
HIST 11666 9
HIST 11667 10
HIST 11668 11
HIST 11669 13
HIST 11670 15
HIST 11671 15
HIST 11672 11
HIST 11673 16
HIST 11674 9
HIST 11675 10
HIST 11676 15
HIST 11677 9
HIST 11678 17
HIST 11679 13
HIST 11680 11
HIST 11681 5
HIST 11682 18
HIST 11683 7
HIST 11684 17
HIST 11685 8
HIST 11686 14
HIST 11687 7
HIST 11688 8
HIST 11689 21
HIST 11690 9
HIST 11691 10
HIST 11692 11
HIST 11693 13
HIST 11694 11
HIST 11695 10
HIST 11696 10
HIST 11697 10
HIST 11698 11
HIST 11699 11
HIST 11700 14
HIST 11701 11
HIST 11702 13
HIST 11703 10
HIST 11704 7
HIST 11705 15
HIST 11706 12
HIST 11707 10
HIST 11708 9
HIST 11709 14
HIST 11710 107
HIST 11711 5
HIST 11712 10
HIST 11713 10
HIST 11714 12
HIST 11715 8
HIST 11716 11
HIST 11717 12
HIST 11718 11
HIST 11719 11
HIST 11720 11
HIST 11721 7
HIST 11722 20
HIST 11723 12
HIST 11724 15
HIST 11725 13
HIST 11726 8
HIST 11727 14
HIST 11728 11
HIST 11729 14
HIST 11730 10
HIST 11731 16
HIST 11732 20
HIST 11733 6
HIST 11734 17
HIST 11735 14
HIST 11736 19
HIST 11737 6
HIST 11738 13
HIST 11739 16
HIST 11740 7
HIST 11741 12
HIST 11742 14
HIST 11743 13
HIST 11744 6
HIST 11745 11
HIST 11746 6
HIST 11747 11
HIST 11748 18
HIST 11749 10
HIST 11750 8
HIST 11751 8
HIST 11752 15
HIST 11753 13
HIST 11754 11
HIST 11755 8
HIST 11756 10
HIST 11757 6
HIST 11758 10
HIST 11759 10
HIST 11760 5
HIST 11761 8
HIST 11762 16
HIST 11763 7
HIST 11764 11
HIST 11765 16
HIST 11766 8
HIST 11767 7
HIST 11768 15
HIST 11769 8
HIST 11770 10
HIST 11771 12
HIST 11772 10
HIST 11773 15
HIST 11774 11
HIST 11775 16
HIST 11776 7
HIST 11777 10
HIST 11778 7
HIST 11779 15
HIST 11780 17
HIST 11781 16
HIST 11782 13
HIST 11783 11
HIST 11784 12
HIST 11785 11
HIST 11786 12
HIST 11787 12
HIST 11788 14
HIST 11789 11
HIST 11790 15
HIST 11791 16
HIST 11792 10
HIST 11793 8
HIST 11794 11
HIST 11795 8
HIST 11796 10
HIST 11797 15
HIST 11798 10
HIST 11799 18
HIST 11800 13
HIST 11801 12
HIST 11802 6
HIST 11803 12
HIST 11804 8
HIST 11805 10
HIST 11806 14
HIST 11807 10
HIST 11808 16
HIST 11809 10
HIST 11810 10
HIST 11811 16
HIST 11812 11
HIST 11813 13
HIST 11814 7
HIST 11815 13
HIST 11816 11
HIST 11817 10
HIST 11818 9
HIST 11819 18
HIST 11820 12
HIST 11821 15
HIST 11822 9
HIST 11823 13
HIST 11824 14
HIST 11825 9
HIST 11826 8
HIST 11827 7
HIST 11828 11
HIST 11829 11
HIST 11830 10
HIST 11831 12
HIST 11832 9
HIST 11833 9
HIST 11834 14
HIST 11835 11
HIST 11836 6
HIST 11837 10
HIST 11838 10
HIST 11839 10
HIST 11840 8
HIST 11841 8
HIST 11842 11
HIST 11843 8
HIST 11844 16
HIST 11845 8
HIST 11846 18
HIST 11847 10
HIST 11848 6
HIST 11849 13
HIST 11850 15
HIST 11851 13
HIST 11852 11
HIST 11853 6
HIST 11854 13
HIST 11855 13
HIST 11856 13
HIST 11857 15
HIST 11858 18
HIST 11859 14
HIST 11860 13
HIST 11861 11
HIST 11862 6
HIST 11863 5
HIST 11864 14
HIST 11865 14
HIST 11866 10
HIST 11867 10
HIST 11868 5
HIST 11869 12
HIST 11870 5
HIST 11871 10
HIST 11872 9
HIST 11873 14
HIST 11874 18
HIST 11875 6
HIST 11876 8
HIST 11877 13
HIST 11878 15
HIST 11879 5
HIST 11880 9
HIST 11881 8
HIST 11882 12
HIST 11883 13
HIST 11884 8
HIST 11885 11
HIST 11886 9
HIST 11887 11
HIST 11888 9
HIST 11889 8
HIST 11890 11
HIST 11891 8
HIST 11892 11
HIST 11893 7
HIST 11894 9
HIST 11895 11
HIST 11896 11
HIST 11897 7
HIST 11898 13
HIST 11899 15
HIST 11900 11
HIST 11901 9
HIST 11902 10
HIST 11903 8
HIST 11904 7
HIST 11905 11
HIST 11906 13
HIST 11907 11
HIST 11908 13
HIST 11909 11
HIST 11910 10
HIST 11911 12
HIST 11912 8
HIST 11913 8
HIST 11914 6
HIST 11915 7
HIST 11916 10
HIST 11917 4
HIST 11918 10
HIST 11919 8
HIST 11920 9
HIST 11921 10
HIST 11922 7
HIST 11923 9
HIST 11924 11
HIST 11925 9
HIST 11926 3
HIST 11927 8
HIST 11928 11
HIST 11929 7
HIST 11930 8
HIST 11931 7
HIST 11932 5
HIST 11933 7
HIST 11934 3
HIST 11935 11
HIST 11936 4
HIST 11937 3
HIST 11938 8
HIST 11939 10
HIST 11940 6
HIST 11941 13
HIST 11942 11
HIST 11943 3
HIST 11944 6
HIST 11945 6
HIST 11946 4
HIST 11947 11
HIST 11948 9
HIST 11949 12
HIST 11950 4
HIST 11951 9
HIST 11952 7
HIST 11953 7
HIST 11954 8
HIST 11955 6
HIST 11956 9
HIST 11957 9
HIST 11958 5
HIST 11959 4
HIST 11960 7
HIST 11961 6
HIST 11962 5
HIST 11963 8
HIST 11964 5
HIST 11965 8
HIST 11966 8
HIST 11967 8
HIST 11968 9
HIST 11969 7
HIST 11970 9
HIST 11971 5
HIST 11972 6
HIST 11973 10
HIST 11974 8
HIST 11975 2
HIST 11976 6
HIST 11977 6
HIST 11978 7
HIST 11979 7
HIST 11980 5
HIST 11981 6
HIST 11982 5
HIST 11983 6
HIST 11984 5
HIST 11985 7
HIST 11986 10
HIST 11987 7
HIST 11988 8
HIST 11989 6
HIST 11990 4
HIST 11991 2
HIST 11992 5
HIST 11993 5
HIST 11994 7
HIST 11995 6
HIST 11996 5
HIST 11997 6
HIST 11998 11
HIST 11999 5
HIST 12000 5
HIST 12001 7
HIST 12002 2
HIST 12003 5
HIST 12004 6
HIST 12005 8
HIST 12006 7
HIST 12007 6
HIST 12008 6
HIST 12009 9
HIST 12010 4
HIST 12011 10
HIST 12012 4
HIST 12013 7
HIST 12014 5
HIST 12015 5
HIST 12016 7
HIST 12017 6
HIST 12018 4
HIST 12019 6
HIST 12020 6
HIST 12021 11
HIST 12022 1
HIST 12023 3
HIST 12024 4
HIST 12025 7
HIST 12026 5
HIST 12027 8
HIST 12028 4
HIST 12029 9
HIST 12030 9
HIST 12031 5
HIST 12032 7
HIST 12033 4
HIST 12034 5
HIST 12035 3
HIST 12036 5
HIST 12037 6
HIST 12038 2
HIST 12039 2
HIST 12040 7
HIST 12041 7
HIST 12042 6
HIST 12043 3
HIST 12044 6
HIST 12045 2
HIST 12046 10
HIST 12047 6
HIST 12048 10
HIST 12049 5
HIST 12050 6
HIST 12051 9
HIST 12052 10
HIST 12053 2
HIST 12054 7
HIST 12055 9
HIST 12056 10
HIST 12057 2
HIST 12058 7
HIST 12059 44
HIST 12060 4
HIST 12061 4
HIST 12062 10
HIST 12063 5
HIST 12065 7
HIST 12066 9
HIST 12067 5
HIST 12068 4
HIST 12069 2
HIST 12070 3
HIST 12071 4
HIST 12072 5
HIST 12073 2
HIST 12074 3
HIST 12075 7
HIST 12076 2
HIST 12077 5
HIST 12078 4
HIST 12079 4
HIST 12080 7
HIST 12081 5
HIST 12082 7
HIST 12083 5
HIST 12084 2
HIST 12085 5
HIST 12086 9
HIST 12087 4
HIST 12088 6
HIST 12089 7
HIST 12090 6
HIST 12091 4
HIST 12092 13
HIST 12093 8
HIST 12094 10
HIST 12095 2
HIST 12096 5
HIST 12097 1
HIST 12098 2
HIST 12099 4
HIST 12100 7
HIST 12101 3
HIST 12102 11
HIST 12103 1
HIST 12104 2
HIST 12105 7
HIST 12106 8
HIST 12107 4
HIST 12108 2
HIST 12109 9
HIST 12110 5
HIST 12111 7
HIST 12112 6
HIST 12113 4
HIST 12114 5
HIST 12115 5
HIST 12116 5
HIST 12117 4
HIST 12118 6
HIST 12119 8
HIST 12120 3
HIST 12121 4
HIST 12122 5
HIST 12123 8
HIST 12124 6
HIST 12125 6
HIST 12126 5
HIST 12127 8
HIST 12128 3
HIST 12129 2320
HIST 12130 7
HIST 12131 4
HIST 12132 5
HIST 12133 4
HIST 12134 9
HIST 12135 7
HIST 12136 6
HIST 12137 9
HIST 12138 9
HIST 12139 4
HIST 12140 5
HIST 12141 1
HIST 12142 6
HIST 12143 3
HIST 12144 7
HIST 12145 3
HIST 12146 4
HIST 12147 8
HIST 12148 7
HIST 12149 3
HIST 12150 6
HIST 12151 5
HIST 12152 3
HIST 12153 3
HIST 12154 6
HIST 12155 5
HIST 12156 4
HIST 12157 7
HIST 12158 2
HIST 12159 1
HIST 12160 5
HIST 12161 4
HIST 12162 3
HIST 12163 2
HIST 12164 4
HIST 12165 5
HIST 12166 5
HIST 12167 5
HIST 12168 4
HIST 12169 4
HIST 12170 6
HIST 12171 2
HIST 12172 10
HIST 12173 5
HIST 12174 5
HIST 12175 4
HIST 12176 6
HIST 12177 5
HIST 12178 7
HIST 12179 5
HIST 12180 3
HIST 12181 5
HIST 12182 1
HIST 12183 4
HIST 12184 5
HIST 12185 5
HIST 12186 6
HIST 12187 3
HIST 12188 10
HIST 12189 2
HIST 12190 3
HIST 12191 7
HIST 12192 5
HIST 12193 5
HIST 12194 4
HIST 12195 4
HIST 12196 7
HIST 12197 6
HIST 12198 1
HIST 12199 4
HIST 12200 9
HIST 12201 6
HIST 12202 6
HIST 12203 5
HIST 12205 7
HIST 12206 4
HIST 12207 2
HIST 12208 7
HIST 12209 3
HIST 12210 4
HIST 12211 5
HIST 12212 5
HIST 12213 5
HIST 12214 3
HIST 12215 3
HIST 12216 4
HIST 12217 2
HIST 12218 5
HIST 12219 9
HIST 12220 4
HIST 12221 2
HIST 12222 3
HIST 12223 5
HIST 12224 5
HIST 12225 5
HIST 12226 4
HIST 12227 5
HIST 12228 5
HIST 12229 7
HIST 12230 3
HIST 12231 2
HIST 12232 6
HIST 12233 6
HIST 12234 3
HIST 12235 2
HIST 12236 1
HIST 12237 4
HIST 12238 3
HIST 12239 14
HIST 12240 7
HIST 12241 6
HIST 12242 6
HIST 12243 5
HIST 12244 5
HIST 12245 20
HIST 12246 3
HIST 12247 1
HIST 12248 9
HIST 12249 5
HIST 12250 3
HIST 12251 3
HIST 12252 3
HIST 12253 5
HIST 12254 6
HIST 12255 6
HIST 12256 2
HIST 12257 3
HIST 12258 2
HIST 12259 2
HIST 12260 5
HIST 12261 5
HIST 12262 4
HIST 12263 6
HIST 12264 4
HIST 12265 1
HIST 12266 1
HIST 12267 5
HIST 12268 3
HIST 12269 5
HIST 12270 2
HIST 12272 8
HIST 12273 8
HIST 12274 3
HIST 12275 4
HIST 12276 11
HIST 12277 3
HIST 12278 4
HIST 12279 6
HIST 12280 4
HIST 12281 2
HIST 12282 5
HIST 12283 3
HIST 12284 1
HIST 12285 5
HIST 12286 6
HIST 12287 4
HIST 12288 2
HIST 12289 3
HIST 12290 8
HIST 12291 1
HIST 12292 4
HIST 12293 4
HIST 12294 7
HIST 12295 2
HIST 12296 4
HIST 12297 5
HIST 12298 5
HIST 12299 5
HIST 12300 5
HIST 12301 4
HIST 12302 7
HIST 12303 4
HIST 12304 2
HIST 12305 2
HIST 12306 3
HIST 12307 4
HIST 12308 4
HIST 12309 7
HIST 12310 6
HIST 12311 3
HIST 12312 5
HIST 12313 1
HIST 12314 10
HIST 12315 1
HIST 12316 4
HIST 12317 3
HIST 12318 3
HIST 12319 3
HIST 12320 7
HIST 12321 6
HIST 12322 4
HIST 12323 1
HIST 12324 9
HIST 12325 2
HIST 12326 6
HIST 12327 1
HIST 12328 2
HIST 12329 4
HIST 12330 5
HIST 12331 11
HIST 12332 6
HIST 12333 2
HIST 12334 2
HIST 12335 2
HIST 12336 5
HIST 12337 2
HIST 12338 5
HIST 12339 708
HIST 12340 2
HIST 12341 2
HIST 12342 2
HIST 12343 3
HIST 12344 4
HIST 12345 2
HIST 12346 4
HIST 12347 2
HIST 12348 3
HIST 12349 3
HIST 12350 8
HIST 12351 3
HIST 12352 2
HIST 12353 6
HIST 12354 2
HIST 12355 8
HIST 12356 2
HIST 12357 3
HIST 12358 7
HIST 12359 2
HIST 12360 5
HIST 12361 1
HIST 12362 4
HIST 12363 5
HIST 12364 2
HIST 12365 5
HIST 12366 3
HIST 12367 4
HIST 12368 5
HIST 12369 4
HIST 12370 1
HIST 12371 5
HIST 12372 4
HIST 12373 5
HIST 12374 4
HIST 12375 3
HIST 12376 7
HIST 12377 5
HIST 12378 6
HIST 12379 2
HIST 12380 3
HIST 12381 6
HIST 12382 3
HIST 12383 3
HIST 12384 7
HIST 12385 2
HIST 12386 3
HIST 12387 4
HIST 12388 1
HIST 12389 2
HIST 12390 3
HIST 12391 7
HIST 12392 5
HIST 12393 5
HIST 12394 1
HIST 12395 4
HIST 12396 6
HIST 12397 3
HIST 12398 2
HIST 12399 3
HIST 12400 4
HIST 12401 1
HIST 12402 6
HIST 12403 4
HIST 12404 2
HIST 12405 3
HIST 12406 4
HIST 12407 3
HIST 12408 5
HIST 12409 2
HIST 12410 4
HIST 12411 2
HIST 12412 2
HIST 12413 2
HIST 12414 5
HIST 12415 1
HIST 12416 3
HIST 12417 3
HIST 12418 5
HIST 12419 5
HIST 12420 6
HIST 12421 4
HIST 12422 4
HIST 12423 6
HIST 12424 4
HIST 12425 3
HIST 12426 8
HIST 12427 6
HIST 12428 1
HIST 12429 1
HIST 12430 2
HIST 12431 3
HIST 12433 1
HIST 12434 4
HIST 12435 1
HIST 12436 2
HIST 12437 2
HIST 12438 2
HIST 12439 5
HIST 12440 3
HIST 12441 4
HIST 12442 4
HIST 12443 1
HIST 12444 5
HIST 12445 5
HIST 12446 6
HIST 12447 5
HIST 12448 7
HIST 12449 2
HIST 12450 2
HIST 12451 10
HIST 12452 1
HIST 12453 6
HIST 12454 5
HIST 12456 5
HIST 12457 3
HIST 12458 1
HIST 12459 4
HIST 12460 1
HIST 12461 3
HIST 12462 3
HIST 12463 5
HIST 12464 5
HIST 12465 4
HIST 12466 6
HIST 12467 4
HIST 12468 6
HIST 12469 2
HIST 12470 2
HIST 12471 2
HIST 12472 4
HIST 12473 3
HIST 12474 2
HIST 12475 2
HIST 12476 6
HIST 12477 7
HIST 12478 2
HIST 12479 2
HIST 12480 4
HIST 12481 1
HIST 12482 2
HIST 12483 1
HIST 12484 4
HIST 12485 1
HIST 12486 4
HIST 12487 1
HIST 12488 3
HIST 12489 6
HIST 12490 5
HIST 12491 2
HIST 12492 1
HIST 12493 1
HIST 12494 2
HIST 12495 6
HIST 12496 4
HIST 12497 1
HIST 12498 2
HIST 12499 363
HIST 12501 2
HIST 12502 1
HIST 12503 5
HIST 12504 3
HIST 12505 1
HIST 12506 2
HIST 12507 7
HIST 12508 2
HIST 12509 1
HIST 12510 4
HIST 12511 1
HIST 12512 1
HIST 12513 3
HIST 12514 6
HIST 12515 1
HIST 12516 1
HIST 12517 3
HIST 12518 3
HIST 12519 3
HIST 12520 4
HIST 12521 4
HIST 12522 5
HIST 12523 7
HIST 12524 3
HIST 12525 21
HIST 12526 6
HIST 12527 4
HIST 12528 4
HIST 12529 3
HIST 12530 2
HIST 12531 56
HIST 12532 1
HIST 12533 3
HIST 12534 1
HIST 12535 2
HIST 12536 1
HIST 12537 3
HIST 12538 5
HIST 12539 1
HIST 12540 2
HIST 12541 4
HIST 12542 3
HIST 12543 2
HIST 12545 1
HIST 12546 1
HIST 12547 2
HIST 12548 2
HIST 12549 5
HIST 12550 3
HIST 12551 3
HIST 12552 2
HIST 12553 2
HIST 12554 4
HIST 12555 2
HIST 12556 5
HIST 12557 2
HIST 12558 3
HIST 12559 2
HIST 12561 4
HIST 12562 2
HIST 12563 5
HIST 12564 1
HIST 12565 4
HIST 12566 1
HIST 12567 5
HIST 12568 4
HIST 12569 2
HIST 12570 2
HIST 12571 2
HIST 12572 4
HIST 12573 1
HIST 12574 2
HIST 12575 5
HIST 12576 1
HIST 12577 4
HIST 12578 2
HIST 12579 3
HIST 12580 4
HIST 12581 2
HIST 12582 2
HIST 12583 12
HIST 12584 18
HIST 12585 4
HIST 12586 1
HIST 12587 5
HIST 12588 4
HIST 12589 5
HIST 12590 2
HIST 12591 2
HIST 12592 2
HIST 12593 2
HIST 12594 2
HIST 12595 3
HIST 12596 2
HIST 12597 2
HIST 12598 4
HIST 12599 2
HIST 12601 4
HIST 12602 2
HIST 12603 2
HIST 12604 2
HIST 12606 2
HIST 12608 4
HIST 12609 5
HIST 12610 4
HIST 12611 3
HIST 12612 4
HIST 12613 60
HIST 12615 3
HIST 12616 2
HIST 12617 2
HIST 12618 3
HIST 12619 5
HIST 12620 1
HIST 12622 2
HIST 12623 6
HIST 12624 1
HIST 12625 1
HIST 12626 2
HIST 12627 1
HIST 12628 4
HIST 12629 3
HIST 12630 1
HIST 12631 5
HIST 12632 2
HIST 12633 2
HIST 12634 4
HIST 12635 1
HIST 12636 2
HIST 12637 2
HIST 12638 2
HIST 12639 3
HIST 12640 3
HIST 12641 1
HIST 12643 1
HIST 12644 3
HIST 12645 6
HIST 12646 3
HIST 12647 3
HIST 12648 2
HIST 12649 1
HIST 12650 2
HIST 12651 1
HIST 12652 1
HIST 12654 1
HIST 12655 3
HIST 12656 2
HIST 12657 2
HIST 12659 1
HIST 12660 5
HIST 12661 1
HIST 12662 4
HIST 12663 1
HIST 12664 1
HIST 12665 2
HIST 12667 3
HIST 12668 7
HIST 12669 3
HIST 12671 3
HIST 12672 2
HIST 12673 3
HIST 12674 5
HIST 12675 3
HIST 12676 4
HIST 12677 1
HIST 12678 3
HIST 12679 2
HIST 12680 3
HIST 12681 1
HIST 12682 1
HIST 12683 6
HIST 12684 1
HIST 12685 1
HIST 12686 1
HIST 12687 4
HIST 12688 3
HIST 12689 2
HIST 12690 3
HIST 12691 2
HIST 12692 6
HIST 12693 4
HIST 12694 2
HIST 12695 3
HIST 12696 4
HIST 12697 3
HIST 12698 4
HIST 12699 2
HIST 12701 2
HIST 12702 2
HIST 12703 3
HIST 12704 3
HIST 12705 5
HIST 12706 4
HIST 12707 1
HIST 12708 4
HIST 12709 2
HIST 12710 5
HIST 12711 1
HIST 12712 1
HIST 12713 3
HIST 12715 3
HIST 12716 4
HIST 12717 2
HIST 12719 5
HIST 12720 1
HIST 12721 3
HIST 12722 2
HIST 12723 2
HIST 12724 1
HIST 12725 5
HIST 12726 3
HIST 12727 4
HIST 12729 2
HIST 12730 2
HIST 12731 2
HIST 12733 1
HIST 12734 6
HIST 12735 1
HIST 12737 1
HIST 12738 3
HIST 12739 1
HIST 12740 9
HIST 12741 3
HIST 12742 2
HIST 12743 2
HIST 12744 1
HIST 12745 3
HIST 12746 2
HIST 12747 4
HIST 12748 2
HIST 12750 3
HIST 12751 1
HIST 12752 2
HIST 12753 1
HIST 12754 3
HIST 12756 3
HIST 12757 2
HIST 12759 1
HIST 12760 3
HIST 12761 1
HIST 12763 2
HIST 12764 3
HIST 12765 2
HIST 12766 1
HIST 12767 3
HIST 12768 6
HIST 12770 1
HIST 12771 4
HIST 12772 3
HIST 12773 1
HIST 12774 2
HIST 12775 4
HIST 12776 2
HIST 12777 2
HIST 12778 1
HIST 12779 2
HIST 12781 1
HIST 12782 1
HIST 12783 3
HIST 12784 1
HIST 12785 1
HIST 12786 1
HIST 12787 5
HIST 12788 1
HIST 12789 3
HIST 12792 1
HIST 12793 5
HIST 12794 3
HIST 12795 2
HIST 12796 1
HIST 12797 7
HIST 12798 2
HIST 12799 1
HIST 12800 1
HIST 12801 2
HIST 12802 1
HIST 12803 1
HIST 12804 3
HIST 12805 1
HIST 12806 3
HIST 12807 1
HIST 12808 2
HIST 12809 4
HIST 12810 4
HIST 12811 1
HIST 12812 2
HIST 12813 4
HIST 12814 2
HIST 12815 1
HIST 12816 2
HIST 12817 5
HIST 12818 1
HIST 12819 1
HIST 12821 1
HIST 12822 7
HIST 12823 2
HIST 12824 1
HIST 12825 2
HIST 12827 1
HIST 12828 3
HIST 12829 1
HIST 12830 1
HIST 12831 3
HIST 12832 2
HIST 12833 3
HIST 12834 3
HIST 12835 1
HIST 12838 1
HIST 12839 5
HIST 12840 2
HIST 12841 3
HIST 12843 1
HIST 12844 3
HIST 12846 1
HIST 12847 1
HIST 12849 2
HIST 12850 1
HIST 12851 3
HIST 12852 1
HIST 12853 3
HIST 12857 3
HIST 12858 1
HIST 12860 2
HIST 12861 1
HIST 12862 5
HIST 12863 4
HIST 12864 1
HIST 12865 1
HIST 12866 4
HIST 12867 4
HIST 12868 3
HIST 12869 2
HIST 12870 5
HIST 12872 3
HIST 12873 1
HIST 12874 3
HIST 12875 2
HIST 12876 3
HIST 12877 2
HIST 12878 2
HIST 12880 3
HIST 12881 1
HIST 12882 2
HIST 12883 1
HIST 12885 2
HIST 12887 1
HIST 12888 2
HIST 12889 2
HIST 12891 3
HIST 12892 2
HIST 12894 3
HIST 12895 7
HIST 12897 2
HIST 12898 3
HIST 12900 2
HIST 12901 10
HIST 12903 4
HIST 12904 2
HIST 12905 2
HIST 12906 2
HIST 12907 1
HIST 12909 1
HIST 12910 1
HIST 12911 4
HIST 12912 2
HIST 12913 2
HIST 12914 1
HIST 12915 3
HIST 12916 4
HIST 12917 1
HIST 12918 1
HIST 12922 3
HIST 12923 1
HIST 12925 2
HIST 12926 2
HIST 12927 2
HIST 12928 172
HIST 12929 3
HIST 12930 2
HIST 12931 2
HIST 12932 2
HIST 12933 3
HIST 12934 2
HIST 12935 2
HIST 12936 2
HIST 12937 1
HIST 12939 4
HIST 12940 1
HIST 12941 4
HIST 12942 4
HIST 12943 1
HIST 12944 3
HIST 12945 6
HIST 12947 1
HIST 12948 2
HIST 12949 1
HIST 12950 4
HIST 12951 4
HIST 12952 3
HIST 12953 1
HIST 12954 4
HIST 12955 5
HIST 12958 2
HIST 12961 1
HIST 12962 4
HIST 12963 3
HIST 12964 4
HIST 12965 2
HIST 12966 1
HIST 12968 3
HIST 12969 3
HIST 12970 1
HIST 12971 2
HIST 12972 2
HIST 12973 1
HIST 12974 3
HIST 12975 2
HIST 12976 4
HIST 12977 1
HIST 12979 1
HIST 12980 1
HIST 12981 1
HIST 12982 1
HIST 12984 1
HIST 12985 1
HIST 12986 3
HIST 12987 2
HIST 12989 1
HIST 12990 3
HIST 12991 2764
HIST 12992 2
HIST 12993 1
HIST 12994 3
HIST 12995 1
HIST 12996 2
HIST 12998 1
HIST 12999 2
HIST 13000 1
HIST 13001 1
HIST 13002 3
HIST 13003 1
HIST 13005 3
HIST 13006 4
HIST 13008 2
HIST 13009 2
HIST 13012 1
HIST 13013 1
HIST 13014 1
HIST 13015 3
HIST 13017 2
HIST 13018 4
HIST 13019 2
HIST 13021 1
HIST 13022 2
HIST 13023 1
HIST 13024 1
HIST 13025 3
HIST 13026 1
HIST 13027 1
HIST 13028 1
HIST 13029 3
HIST 13036 1
HIST 13037 1
HIST 13038 1
HIST 13040 1
HIST 13041 2
HIST 13042 2
HIST 13043 2
HIST 13044 1
HIST 13046 2
HIST 13047 3
HIST 13049 3
HIST 13050 1
HIST 13051 1
HIST 13054 2
HIST 13055 2
HIST 13056 4
HIST 13057 1
HIST 13058 1
HIST 13059 1
HIST 13061 2
HIST 13062 2
HIST 13063 1
HIST 13065 4
HIST 13066 2
HIST 13067 1
HIST 13068 3
HIST 13071 3
HIST 13072 2
HIST 13073 1
HIST 13074 3
HIST 13075 1
HIST 13076 1
HIST 13077 2
HIST 13078 2
HIST 13079 1
HIST 13081 2
HIST 13082 2
HIST 13083 2
HIST 13084 2
HIST 13085 2
HIST 13086 3
HIST 13088 2
HIST 13090 1
HIST 13092 2
HIST 13093 2
HIST 13094 2
HIST 13095 1
HIST 13096 1
HIST 13097 1
HIST 13098 2
HIST 13100 1
HIST 13102 6
HIST 13103 2
HIST 13104 1
HIST 13105 1
HIST 13106 1
HIST 13108 3
HIST 13109 2
HIST 13110 2
HIST 13111 2
HIST 13112 2
HIST 13113 1
HIST 13114 2
HIST 13115 3
HIST 13116 2
HIST 13118 2
HIST 13120 1
HIST 13121 3
HIST 13122 4
HIST 13125 1
HIST 13128 2
HIST 13130 3
HIST 13131 1
HIST 13132 3
HIST 13133 2
HIST 13135 4
HIST 13136 3
HIST 13137 1
HIST 13138 2
HIST 13139 2
HIST 13140 2
HIST 13143 2
HIST 13145 1
HIST 13146 5
HIST 13148 1
HIST 13149 3
HIST 13150 1
HIST 13151 2
HIST 13152 2
HIST 13154 2
HIST 13155 1
HIST 13156 5
HIST 13159 2
HIST 13162 1
HIST 13163 2
HIST 13164 2
HIST 13166 2
HIST 13168 2
HIST 13169 5
HIST 13170 2
HIST 13171 3
HIST 13173 3
HIST 13175 1
HIST 13176 1
HIST 13180 4
HIST 13181 1
HIST 13184 5
HIST 13186 1
HIST 13188 1
HIST 13191 3
HIST 13192 1
HIST 13193 1
HIST 13197 2
HIST 13199 2
HIST 13200 2
HIST 13201 1
HIST 13202 2
HIST 13203 2
HIST 13204 1
HIST 13205 1
HIST 13206 2
HIST 13207 1
HIST 13208 1
HIST 13209 1
HIST 13210 1
HIST 13211 3
HIST 13214 1
HIST 13215 2
HIST 13216 1
HIST 13217 2
HIST 13218 1
HIST 13219 1
HIST 13220 1
HIST 13221 2
HIST 13222 1
HIST 13223 1
HIST 13224 2
HIST 13226 1
HIST 13228 3
HIST 13229 1
HIST 13230 2
HIST 13231 1
HIST 13232 1
HIST 13233 1
HIST 13234 1
HIST 13235 2
HIST 13236 2
HIST 13237 1
HIST 13238 3
HIST 13240 1
HIST 13241 2
HIST 13243 3
HIST 13248 1
HIST 13249 1
HIST 13250 2
HIST 13252 1
HIST 13254 1
HIST 13255 1
HIST 13256 1
HIST 13259 3
HIST 13261 1
HIST 13263 1
HIST 13264 1
HIST 13265 1
HIST 13267 1
HIST 13270 1
HIST 13271 1
HIST 13272 2
HIST 13273 1
HIST 13274 1
HIST 13276 1
HIST 13277 4
HIST 13278 1
HIST 13279 2
HIST 13280 4
HIST 13281 1
HIST 13282 1
HIST 13285 2
HIST 13286 1
HIST 13287 4
HIST 13289 1
HIST 13291 1
HIST 13293 1
HIST 13294 2
HIST 13295 1
HIST 13299 1
HIST 13301 1
HIST 13305 1
HIST 13306 5
HIST 13311 1
HIST 13313 1
HIST 13315 1
HIST 13317 1
HIST 13318 1
HIST 13320 1
HIST 13321 3
HIST 13323 2
HIST 13324 2
HIST 13326 2
HIST 13327 1
HIST 13328 2
HIST 13329 4
HIST 13333 1
HIST 13335 2
HIST 13336 1
HIST 13337 1
HIST 13338 1
HIST 13340 2
HIST 13341 1
HIST 13343 1
HIST 13345 3
HIST 13346 1
HIST 13347 62
HIST 13348 1
HIST 13349 2
HIST 13350 1
HIST 13351 1
HIST 13352 2
HIST 13356 2
HIST 13357 2
HIST 13359 1
HIST 13360 1
HIST 13362 1
HIST 13363 1
HIST 13364 1
HIST 13365 1
HIST 13368 2
HIST 13370 1
HIST 13371 1
HIST 13372 1
HIST 13376 2
HIST 13377 2
HIST 13378 4
HIST 13380 3
HIST 13383 2
HIST 13385 1
HIST 13387 2
HIST 13392 1
HIST 13393 1
HIST 13394 1
HIST 13395 1
HIST 13399 1
HIST 13401 2
HIST 13404 1
HIST 13406 2
HIST 13408 2
HIST 13409 1
HIST 13411 1
HIST 13413 2
HIST 13415 5
HIST 13417 2
HIST 13418 1
HIST 13419 1
HIST 13421 1
HIST 13422 3
HIST 13423 1
HIST 13424 2
HIST 13429 4
HIST 13433 1
HIST 13434 2
HIST 13435 1
HIST 13438 3
HIST 13439 1
HIST 13443 1
HIST 13444 1
HIST 13445 1
HIST 13448 2
HIST 13452 1
HIST 13457 2
HIST 13458 1
HIST 13459 2
HIST 13461 1
HIST 13462 1
HIST 13463 2
HIST 13464 2
HIST 13465 1
HIST 13466 1
HIST 13467 1
HIST 13468 2
HIST 13469 1
HIST 13470 2
HIST 13471 1
HIST 13474 1
HIST 13476 1
HIST 13481 28
HIST 13484 1
HIST 13487 3
HIST 13488 1
HIST 13491 2
HIST 13492 1
HIST 13494 1
HIST 13498 2
HIST 13503 2
HIST 13504 2
HIST 13507 1
HIST 13508 2
HIST 13513 1
HIST 13514 2
HIST 13516 1
HIST 13517 1
HIST 13518 1
HIST 13519 1
HIST 13520 1
HIST 13522 1
HIST 13528 1
HIST 13529 2
HIST 13531 1
HIST 13535 1
HIST 13537 1
HIST 13541 1
HIST 13543 2
HIST 13546 1
HIST 13547 2
HIST 13548 1
HIST 13554 1
HIST 13556 3
HIST 13558 1
HIST 13560 1
HIST 13562 1
HIST 13564 1
HIST 13565 2
HIST 13568 1
HIST 13569 2
HIST 13571 2
HIST 13572 2
HIST 13573 1
HIST 13577 1
HIST 13579 1
HIST 13584 1
HIST 13586 1
HIST 13587 1
HIST 13588 1
HIST 13591 1
HIST 13595 1
HIST 13596 1
HIST 13598 2
HIST 13602 1
HIST 13603 1
HIST 13608 2
HIST 13609 1
HIST 13611 1
HIST 13613 2
HIST 13614 2
HIST 13616 2
HIST 13617 2
HIST 13619 1
HIST 13620 1
HIST 13623 3
HIST 13625 3
HIST 13626 1
HIST 13630 1
HIST 13631 2
HIST 13637 37
HIST 13638 1
HIST 13640 1
HIST 13642 1
HIST 13644 2
HIST 13645 1
HIST 13646 3
HIST 13647 2
HIST 13648 3
HIST 13651 1
HIST 13653 1
HIST 13657 1
HIST 13658 1
HIST 13660 4
HIST 13662 1
HIST 13665 2
HIST 13666 1
HIST 13671 2
HIST 13674 1
HIST 13675 1
HIST 13677 1
HIST 13681 1
HIST 13682 1
HIST 13683 1
HIST 13684 1
HIST 13685 1
HIST 13686 2
HIST 13689 1
HIST 13690 1
HIST 13695 2
HIST 13696 1
HIST 13697 1
HIST 13699 1
HIST 13702 1
HIST 13703 2
HIST 13704 2
HIST 13706 2
HIST 13707 2
HIST 13708 1
HIST 13709 2
HIST 13710 1
HIST 13711 1
HIST 13716 1
HIST 13717 15
HIST 13720 1
HIST 13725 2
HIST 13726 1
HIST 13727 1
HIST 13728 1
HIST 13729 2
HIST 13730 1
HIST 13738 2
HIST 13741 1
HIST 13742 1
HIST 13743 1
HIST 13750 5
HIST 13752 2
HIST 13753 2
HIST 13756 2
HIST 13757 24
HIST 13758 6
HIST 13759 2
HIST 13760 1
HIST 13761 1
HIST 13763 2
HIST 13765 1
HIST 13766 1
HIST 13770 1
HIST 13772 2
HIST 13773 2
HIST 13774 1
HIST 13790 1
HIST 13794 40
HIST 13795 1
HIST 13797 26
HIST 13798 1
HIST 13801 1
HIST 13802 2
HIST 13807 2
HIST 13808 1
HIST 13810 1
HIST 13811 1
HIST 13812 2
HIST 13815 2
HIST 13816 1
HIST 13818 1
HIST 13820 3
HIST 13822 1
HIST 13823 1
HIST 13824 1
HIST 13825 1
HIST 13830 1
HIST 13834 2
HIST 13835 1
HIST 13837 1
HIST 13840 1
HIST 13842 1
HIST 13843 3
HIST 13844 1
HIST 13845 1
HIST 13846 3
HIST 13847 1
HIST 13849 1
HIST 13850 1
HIST 13854 1
HIST 13855 1
HIST 13857 1
HIST 13861 1
HIST 13862 1
HIST 13867 1
HIST 13869 1
HIST 13871 2
HIST 13874 2
HIST 13877 1
HIST 13880 1
HIST 13881 2
HIST 13883 3
HIST 13885 1
HIST 13886 1
HIST 13887 1
HIST 13888 1
HIST 13890 1
HIST 13891 1
HIST 13892 1
HIST 13893 2
HIST 13895 1
HIST 13896 1
HIST 13900 1
HIST 13901 1
HIST 13903 1
HIST 13904 1
HIST 13905 3
HIST 13909 1
HIST 13911 1
HIST 13912 1
HIST 13913 1
HIST 13914 1
HIST 13918 1
HIST 13919 2
HIST 13920 2
HIST 13925 1
HIST 13926 2
HIST 13927 1
HIST 13928 1
HIST 13931 1
HIST 13939 1
HIST 13940 1
HIST 13947 1
HIST 13949 1
HIST 13951 1
HIST 13956 1
HIST 13959 1
HIST 13960 1
HIST 13963 1
HIST 13968 1
HIST 13969 1
HIST 13971 1
HIST 13972 1
HIST 13973 1
HIST 13974 1
HIST 13978 1
HIST 13981 1
HIST 13982 1
HIST 13984 1
HIST 13989 1
HIST 13991 1
HIST 13992 2
HIST 13993 1
HIST 13994 1
HIST 13999 2
HIST 14000 1
HIST 14001 1
HIST 14002 2
HIST 14004 1
HIST 14006 1
HIST 14007 1
HIST 14008 1
HIST 14009 1
HIST 14014 1
HIST 14018 1
HIST 14019 2
HIST 14020 2
HIST 14021 1
HIST 14022 1
HIST 14023 1
HIST 14026 1
HIST 14031 1
HIST 14033 1
HIST 14043 1
HIST 14044 3
HIST 14045 1
HIST 14048 1
HIST 14051 1
HIST 14052 1
HIST 14056 2
HIST 14057 1
HIST 14060 1
HIST 14062 1
HIST 14063 1
HIST 14064 2
HIST 14065 1
HIST 14068 1
HIST 14069 1
HIST 14072 2
HIST 14074 1
HIST 14076 2
HIST 14080 31781
HIST 14081 1
HIST 14082 1
HIST 14083 1
HIST 14090 1
HIST 14091 2
HIST 14096 1
HIST 14104 1
HIST 14108 1
HIST 14115 1
HIST 14116 1
HIST 14118 2
HIST 14122 1
HIST 14124 1
HIST 14135 1
HIST 14136 1
HIST 14137 1
HIST 14140 1
HIST 14141 3
HIST 14143 1
HIST 14145 1
HIST 14146 2
HIST 14149 1
HIST 14150 1
HIST 14152 6
HIST 14153 10
HIST 14155 1
HIST 14157 1
HIST 14159 27
HIST 14162 1
HIST 14163 1
HIST 14164 2
HIST 14166 1
HIST 14169 1
HIST 14170 1
HIST 14171 1
HIST 14174 1
HIST 14176 1
HIST 14182 1
HIST 14184 1
HIST 14188 1
HIST 14189 1
HIST 14190 50
HIST 14193 14
HIST 14194 3
HIST 14196 93
HIST 14197 2
HIST 14199 58
HIST 14200 1
HIST 14203 1
HIST 14205 1
HIST 14208 1
HIST 14209 1
HIST 14212 9
HIST 14216 1
HIST 14217 1
HIST 14222 1
HIST 14223 4
HIST 14232 2
HIST 14235 2
HIST 14238 1
HIST 14246 1
HIST 14247 12
HIST 14249 15
HIST 14251 4
HIST 14252 10
HIST 14254 1
HIST 14255 1
HIST 14260 2
HIST 14263 5
HIST 14285 1
HIST 14290 4
HIST 14293 1
HIST 14298 1
HIST 14301 1
HIST 14307 2
HIST 14309 2
HIST 14327 1
HIST 14340 112
HIST 14342 1
HIST 14350 1
HIST 14363 1
HIST 14371 1
HIST 14373 1
HIST 14381 1
HIST 14384 1
HIST 14389 1
HIST 14402 1
HIST 14403 1
HIST 14404 1
HIST 14405 1
HIST 14406 1
HIST 14410 1
HIST 14414 1
HIST 14415 1
HIST 14424 1
HIST 14426 2
HIST 14427 1
HIST 14429 1
HIST 14433 1
HIST 14442 3
HIST 14443 2
HIST 14444 1
HIST 14446 2
HIST 14447 1
HIST 14449 2
HIST 14451 2
HIST 14452 3
HIST 14453 1
HIST 14455 2
HIST 14456 4
HIST 14457 1
HIST 14458 2
HIST 14459 2
HIST 14460 3
HIST 14461 1
HIST 14462 1
HIST 14463 1
HIST 14464 4
HIST 14465 5
HIST 14466 3
HIST 14467 2
HIST 14468 3
HIST 14469 3
HIST 14470 2
HIST 14471 5
HIST 14472 3
HIST 14473 1
HIST 14474 3
HIST 14476 373
HIST 14477 1
HIST 14478 3
HIST 14479 3
HIST 14480 2
HIST 14481 2
HIST 14482 767
HIST 14483 1
HIST 14484 2
HIST 14485 1
HIST 14491 1
HIST 14493 1
HIST 14500 4
HIST 14503 1
HIST 14505 1
HIST 14512 2
HIST 14513 1
HIST 14514 1
HIST 14515 1
HIST 14516 1
HIST 14517 1
HIST 14520 3
HIST 14521 4
HIST 14524 2
HIST 14528 2
HIST 14531 1
HIST 14533 1
HIST 14534 78
HIST 14535 143
HIST 14538 2
HIST 14542 1
HIST 14544 1
HIST 14546 51
HIST 14547 2
HIST 14548 2
HIST 14549 13
HIST 14553 1
HIST 14554 1
HIST 14555 7
HIST 14557 1
HIST 14563 1
HIST 14576 822
HIST 14581 1
HIST 14591 4
HIST 14600 1
HIST 14601 1
HIST 14607 1
HIST 14612 1
HIST 14615 1
HIST 14647 1
HIST 14649 2
HIST 14650 1
HIST 14655 1
HIST 14667 1
HIST 14678 1
HIST 14686 1
HIST 14690 1
HIST 14692 1
HIST 14695 2
HIST 14699 1
HIST 14712 1
HIST 14728 2
HIST 14747 1
HIST 14748 1
HIST 14757 1
HIST 14768 1
HIST 14788 1
HIST 14793 1
HIST 14799 1
HIST 14820 1
HIST 14823 1
HIST 14827 1
HIST 14836 1
HIST 14837 1
HIST 14845 1
HIST 14848 1
HIST 14855 2
HIST 14862 1
HIST 14873 1
HIST 14877 6
HIST 14879 1
HIST 14883 2
HIST 14885 1
HIST 14888 1
HIST 14890 1
HIST 14891 1
HIST 14898 1
HIST 14904 1
HIST 14910 1
HIST 14911 1
HIST 14912 1
HIST 14917 1
HIST 14920 1
HIST 14936 2
HIST 14940 1
HIST 14942 1
HIST 14947 2
HIST 14960 1
HIST 14961 1
HIST 14966 1
HIST 14968 2
HIST 14971 1
HIST 14972 12
HIST 14975 6
HIST 14978 15
HIST 14985 2
HIST 14987 1
HIST 14994 2
HIST 14997 1
HIST 15001 1
HIST 15012 17
HIST 15014 1
HIST 15015 8
HIST 15016 1
HIST 15030 1
HIST 15031 6
HIST 15033 1
HIST 15034 1
HIST 15042 1
HIST 15043 1
HIST 15057 1
HIST 15065 1
HIST 15075 1
HIST 15086 1
HIST 15091 2
HIST 15092 1
HIST 15095 1
HIST 15103 1
HIST 15114 1
HIST 15122 1
HIST 15132 2
HIST 15133 1
HIST 15136 1
HIST 15137 1
HIST 15140 1
HIST 15143 1
HIST 15151 1
HIST 15155 1
HIST 15157 1
HIST 15160 1
HIST 15169 2
HIST 15175 1
HIST 15176 1
HIST 15185 1
HIST 15188 1
HIST 15208 2
HIST 15216 1
HIST 15218 1
HIST 15229 1
HIST 15234 1
HIST 15242 1
HIST 15245 1
HIST 15249 1
HIST 15254 1
HIST 15256 1
HIST 15257 1
HIST 15258 1
HIST 15262 1
HIST 15269 1
HIST 15280 412
HIST 15281 1
HIST 15284 1
HIST 15287 1
HIST 15289 1
HIST 15294 1
HIST 15298 901
HIST 15352 2
HIST 15353 1
HIST 15358 1
HIST 15359 1
HIST 15360 1
HIST 15375 1
HIST 15377 1
HIST 15380 1
HIST 15388 1
HIST 15396 2
HIST 15407 3
HIST 15410 1
HIST 15417 2
HIST 15444 1
HIST 15465 1
HIST 15466 1
HIST 15508 1
HIST 15514 1
HIST 15525 1
HIST 15554 1
HIST 15574 1
HIST 15587 1
HIST 15591 1
HIST 15603 2
HIST 15638 2
HIST 15664 1
HIST 15665 1
HIST 15671 1
HIST 15676 2
HIST 15679 1
HIST 15682 9
HIST 15693 1
HIST 15694 14
HIST 15697 1
HIST 15700 20
HIST 15726 1
HIST 15734 3
HIST 15751 1
HIST 15764 3
HIST 15794 21
HIST 16056 16
HIST 16060 1
HIST 16084 11
HIST 16111 1
HIST 16248 1
HIST 16352 2
HIST 16414 1
HIST 16424 1
HIST 16434 84
HIST 16449 1
HIST 16473 13
HIST 16498 19
HIST 16900 1
HIST 16924 1
HIST 17002 1
HIST 17302 1
HIST 17570 1
HIST 17691 12
HIST 18093 2
HISTEND
EMITBEGIN events=20000000 bin_kev=0.01
EMIT 0.02 12
EMIT 0.07 69
EMIT 0.09 427
EMIT 0.10 7
EMIT 0.11 1993
EMIT 0.12 42
EMIT 0.13 245
EMIT 0.14 2266
EMIT 0.15 22
EMIT 0.17 17
EMIT 0.18 1
EMIT 0.20 407
EMIT 0.22 2
EMIT 0.23 433
EMIT 0.26 3
EMIT 0.29 408
EMIT 0.31 171
EMIT 0.32 2147
EMIT 0.34 22
EMIT 0.35 4
EMIT 0.38 50
EMIT 0.40 2
EMIT 0.42 2242
EMIT 0.46 28
EMIT 0.61 2
EMIT 0.84 122817
EMIT 0.86 6204
EMIT 0.92 1384
EMIT 0.95 61
EMIT 0.99 2108
EMIT 1.06 20148
EMIT 1.08 36266
EMIT 1.09 1110
EMIT 1.10 15561
EMIT 1.11 19
EMIT 1.16 62
EMIT 1.17 179
EMIT 1.18 682
EMIT 1.19 1776
EMIT 1.20 113
EMIT 1.21 332
EMIT 1.27 20362
EMIT 1.31 18
EMIT 1.36 919
EMIT 1.38 37
EMIT 1.39 9065
EMIT 1.42 805
EMIT 1.45 969
EMIT 1.48 317
EMIT 1.49 9
EMIT 1.52 106
EMIT 1.55 6
EMIT 1.59 7
EMIT 1.63 4
EMIT 1.67 396
EMIT 1.83 7
EMIT 5.01 102311
EMIT 5.18 644
EMIT 5.30 625
EMIT 5.38 1196
EMIT 5.56 7
EMIT 5.59 67552
EMIT 5.60 67307
EMIT 5.62 1222776
EMIT 5.70 2
EMIT 5.91 618
EMIT 6.01 1722
EMIT 6.04 14774
EMIT 6.08 371
EMIT 6.17 61394
EMIT 6.21 794923
EMIT 6.29 90121
EMIT 6.37 12591
EMIT 6.41 3
EMIT 6.43 95
EMIT 6.46 83
EMIT 6.57 220839
EMIT 6.59 1176
EMIT 6.62 1832
EMIT 6.66 2918
EMIT 6.68 38
EMIT 6.70 95
EMIT 6.72 10293
EMIT 6.81 958
EMIT 6.86 145
EMIT 6.96 1
EMIT 6.98 5855
EMIT 7.07 111
EMIT 7.08 300
EMIT 7.09 2570
EMIT 7.12 17
EMIT 7.15 17
EMIT 7.18 136782
EMIT 7.19 28
EMIT 7.21 1
EMIT 7.23 8
EMIT 7.27 933
EMIT 7.29 21
EMIT 7.31 65
EMIT 7.42 14421
EMIT 7.45 21768
EMIT 7.56 179
EMIT 7.57 297
EMIT 7.67 2060
EMIT 7.68 3092
EMIT 7.78 1791
EMIT 7.89 18
EMIT 8.04 131
EMIT 8.07 242
EMIT 8.19 2
EMIT 8.31 22
EMIT 8.32 29
EMIT 39.56 4229024
EMIT 40.17 7654808
EMIT 42.36 49984
EMIT 43.06 90268
EMIT 45.34 765261
EMIT 45.47 1484347
EMIT 45.76 10642
EMIT 45.79 14390
EMIT 46.60 166665
EMIT 46.63 323036
EMIT 46.73 2414
EMIT 46.74 3139
EMIT 46.85 101175
EMIT 48.62 9140
EMIT 48.76 17807
EMIT 49.07 136
EMIT 49.10 180
EMIT 49.99 1950
EMIT 50.02 3968
EMIT 50.14 23
EMIT 50.15 47
EMIT 50.27 1272
EMIT 117.25 22
EMIT 119.48 103
EMIT 121.78 5695016
EMIT 125.70 1026
EMIT 137.87 137
EMIT 148.02 3979
EMIT 150.09 150
EMIT 152.90 4
EMIT 159.06 69
EMIT 173.04 65
EMIT 175.15 241
EMIT 178.66 175
EMIT 192.64 1394
EMIT 195.23 376
EMIT 206.93 228
EMIT 207.69 1478
EMIT 209.21 48
EMIT 209.40 244
EMIT 209.93 883
EMIT 210.89 742
EMIT 212.52 4173
EMIT 237.03 1253
EMIT 239.33 1013
EMIT 241.16 82
EMIT 244.70 1502719
EMIT 251.65 13589
EMIT 269.80 1655
EMIT 271.11 15601
EMIT 272.39 129
EMIT 275.39 6842
EMIT 285.89 1983
EMIT 286.66 298
EMIT 287.19 186
EMIT 295.94 87988
EMIT 315.16 7936
EMIT 316.04 2011
EMIT 320.13 383
EMIT 324.82 13685
EMIT 325.00 983
EMIT 328.80 676
EMIT 329.41 24171
EMIT 330.61 1861
EMIT 340.45 5893
EMIT 344.28 5320697
EMIT 345.57 1968
EMIT 348.76 318
EMIT 351.70 1971
EMIT 353.81 183
EMIT 357.06 1205
EMIT 358.47 319
EMIT 367.79 170828
EMIT 379.04 47
EMIT 385.27 1193
EMIT 387.87 353
EMIT 391.26 247
EMIT 397.40 64
EMIT 401.09 138
EMIT 411.12 448063
EMIT 415.97 21452
EMIT 423.41 614
EMIT 440.96 1312
EMIT 443.96 563541
EMIT 443.97 58607
EMIT 464.23 92
EMIT 476.36 305
EMIT 482.32 5002
EMIT 482.42 429
EMIT 488.68 82859
EMIT 493.59 5839
EMIT 493.82 1936
EMIT 496.34 1131
EMIT 496.41 1172
EMIT 503.47 30427
EMIT 514.71 83
EMIT 520.23 10237
EMIT 523.14 3046
EMIT 526.85 2223
EMIT 527.06 35
EMIT 534.21 8259
EMIT 535.27 347
EMIT 538.31 850
EMIT 556.46 3549
EMIT 557.81 564
EMIT 561.28 289
EMIT 562.97 4338
EMIT 563.02 71
EMIT 563.99 98497
EMIT 566.44 26164
EMIT 571.78 844
EMIT 586.26 89593
EMIT 588.17 137
EMIT 589.93 254
EMIT 608.02 60
EMIT 608.71 262
EMIT 616.07 1837
EMIT 644.36 1445
EMIT 656.49 28939
EMIT 664.81 1964
EMIT 671.16 4901
EMIT 674.64 34006
EMIT 675.06 4111
EMIT 678.62 93848
EMIT 683.29 911
EMIT 686.47 4041
EMIT 688.67 168469
EMIT 699.23 35
EMIT 703.03 784
EMIT 703.52 523
EMIT 707.23 288
EMIT 712.87 18695
EMIT 719.35 18994
EMIT 719.36 49820
EMIT 728.01 2004
EMIT 734.03 167
EMIT 735.44 885
EMIT 738.00 177
EMIT 756.15 859
EMIT 764.92 38861
EMIT 766.84 117
EMIT 768.97 16350
EMIT 778.90 2579877
EMIT 780.91 105
EMIT 794.76 4819
EMIT 802.44 85
EMIT 805.77 2849
EMIT 810.45 62199
EMIT 813.20 808
EMIT 839.38 3565
EMIT 841.57 33386
EMIT 850.21 157
EMIT 855.16 332
EMIT 867.38 831740
EMIT 901.19 16987
EMIT 905.97 1791
EMIT 919.34 83986
EMIT 919.75 1257
EMIT 926.29 54411
EMIT 930.54 14285
EMIT 937.02 632
EMIT 946.54 208
EMIT 958.68 3645
EMIT 961.06 1555
EMIT 963.35 27366
EMIT 964.06 2899041
EMIT 968.66 1564
EMIT 970.33 227
EMIT 974.13 2795
EMIT 990.22 5712
EMIT 1005.25 130036
EMIT 1050.07 163
EMIT 1084.38 2004
EMIT 1085.84 2020925
EMIT 1089.74 346108
EMIT 1109.20 36498
EMIT 1112.08 2690799
EMIT 1170.99 7355
EMIT 1205.88 2976
EMIT 1212.94 284222
EMIT 1246.42 172
EMIT 1249.95 36484
EMIT 1261.32 7301
EMIT 1292.77 20060
EMIT 1299.13 326833
EMIT 1314.61 476
EMIT 1315.58 725
EMIT 1318.41 261
EMIT 1348.13 3278
EMIT 1363.72 5113
EMIT 1390.51 883
EMIT 1408.01 4164298
EMIT 1455.54 724
EMIT 1457.64 99770
EMIT 1491.11 102
EMIT 1528.04 55898
EMIT 1605.60 1647
EMIT 1608.41 987
EMIT 1635.21 35
EMIT 1647.34 1331
EMIT 1769.12 1742
EMITEND
TAG window=1123.200 total=1524 distinct=92
TAGSIG window=1123.200 n=1241 sig=778.9*+344.3*
TAGSIG window=1123.200 n=24 sig=1112.1*+121.8+40.2
TAGSIG window=1123.200 n=18 sig=1408.0+121.8+40.2
TAGSIG window=1123.200 n=15 sig=1112.1*+40.2
TAGSIG window=1123.200 n=15 sig=1112.1*+121.8+39.6
TAGSIG window=1123.200 n=15 sig=1112.1*+40.2+40.2
TAGSIG window=1123.200 n=15 sig=1408.0+40.2
TAGSIG window=1123.200 n=12 sig=1112.1*+40.2+39.6
TAGSIG window=1123.200 n=10 sig=1408.0+121.8+39.6
TAGSIG window=1123.200 n=10 sig=1408.0+121.8
TAGSIG window=1123.200 n=8 sig=1112.1*+39.6+39.6
TAGSIG window=1123.200 n=7 sig=1112.1*+121.8+40.2+5.6
TAGSIG window=1123.200 n=7 sig=1112.1*+39.6
TAGSIG window=1123.200 n=6 sig=1112.1*+40.2+5.6
TAGSIG window=1123.200 n=6 sig=778.9*+520.2+344.3*
TAGSIG window=1123.200 n=6 sig=1112.1*+121.8+39.6+6.2
TAGSIG window=1123.200 n=5 sig=1112.1*+39.6+39.6+6.2
TAGSIG window=1123.200 n=4 sig=1408.0+39.6
TAGSIG window=1123.200 n=4 sig=1408.0+40.2+40.2
TAGSIG window=1123.200 n=4 sig=411.1*+367.8*+344.3*
TAGSIG window=1123.200 n=3 sig=1112.1*+45.5+40.2
TAGSIG window=1123.200 n=3 sig=1408.0+40.2+5.6
TAGSIG window=1123.200 n=3 sig=1408.0+45.5+39.6
TAGSIG window=1123.200 n=3 sig=1112.1*+40.2+39.6+6.2
TAGSIG window=1123.200 n=2 sig=1085.8*+40.2
TAGSIG window=1123.200 n=2 sig=1085.8*+444.0+40.2
TAGSIG window=1123.200 n=2 sig=1112.1*+45.3+39.6
TAGSIG window=1123.200 n=2 sig=1112.1*+39.6+6.6
TAGSIG window=1123.200 n=2 sig=1112.1*+39.6+6.2
TAGSIG window=1123.200 n=2 sig=1408.0+121.8*+40.2
TAGSIG window=1123.200 n=2 sig=1408.0+121.8+40.2+5.6
TAGSIG window=1123.200 n=2 sig=1408.0+121.8+45.5
TAGSIG window=1123.200 n=2 sig=1408.0
TAGSIG window=1123.200 n=2 sig=1408.0+40.2+39.6
TAGSIG window=1123.200 n=2 sig=1408.0+45.5
TAGSIG window=1123.200 n=2 sig=1085.8*+39.6
TAGSIG window=1123.200 n=1 sig=1112.1*+46.8+40.2
TAGSIG window=1123.200 n=1 sig=1112.1+121.8+40.2*
TAGSIG window=1123.200 n=1 sig=1112.1+40.2*+5.0
TAGSIG window=1123.200 n=1 sig=1212.9+121.8*+7.2
TAGSIG window=1123.200 n=1 sig=1212.9+244.7*+40.2
TAGSIG window=1123.200 n=1 sig=1212.9+244.7*+45.3
TAGSIG window=1123.200 n=1 sig=1212.9+244.7+121.8+39.6+6.2
TAGSIG window=1123.200 n=1 sig=1292.8
TAGSIG window=1123.200 n=1 sig=1292.8+40.2
TAGSIG window=1123.200 n=1 sig=1299.1+344.3
TAGSIG window=1123.200 n=1 sig=1112.1*+45.5+40.2+5.6
TAGSIG window=1123.200 n=1 sig=1085.8*+39.6+7.2
TAGSIG window=1123.200 n=1 sig=1408.0+121.8*
TAGSIG window=1123.200 n=1 sig=1112.1*+121.8+39.6+7.2
TAGSIG window=1123.200 n=1 sig=1408.0+121.8*+45.5*
TAGSIG window=1123.200 n=1 sig=1112.1*+295.9+121.8+39.6
TAGSIG window=1123.200 n=1 sig=1408.0+121.8+39.6+1.4
TAGSIG window=1123.200 n=1 sig=1408.0+121.8+39.6+6.2
TAGSIG window=1123.200 n=1 sig=1112.1*+295.9+40.2
TAGSIG window=1123.200 n=1 sig=1408.0+121.8+40.2*
TAGSIG window=1123.200 n=1 sig=1112.1*+295.9+40.2+5.6
TAGSIG window=1123.200 n=1 sig=1408.0+121.8+45.3
TAGSIG window=1123.200 n=1 sig=1112.1*+39.6+39.6+7.2
TAGSIG window=1123.200 n=1 sig=1408.0+121.8+45.5*
TAG window=755.500 total=689 distinct=155
TAGSIG window=755.500 n=153 sig=411.1*+344.3*
TAGSIG window=755.500 n=135 sig=411.1*+367.8+344.3*
TAGSIG window=755.500 n=74 sig=678.6+411.1*+344.3*
TAGSIG window=755.500 n=14 sig=964.1+121.8+40.2
TAGSIG window=755.500 n=11 sig=1112.1+121.8+40.2
TAGSIG window=755.500 n=10 sig=964.1+121.8
TAGSIG window=755.500 n=10 sig=1299.1+344.3
TAGSIG window=755.500 n=9 sig=1085.8+39.6
TAGSIG window=755.500 n=8 sig=1085.8
TAGSIG window=755.500 n=8 sig=1085.8+40.2
TAGSIG window=755.500 n=8 sig=1408.0+121.8+40.2
TAGSIG window=755.500 n=7 sig=1089.7+344.3
TAGSIG window=755.500 n=7 sig=1112.1+121.8
TAGSIG window=755.500 n=6 sig=964.1
TAGSIG window=755.500 n=6 sig=794.8+411.1*+344.3*
TAGSIG window=755.500 n=6 sig=964.1+40.2
TAGSIG window=755.500 n=6 sig=964.1+40.2+39.6
TAGSIG window=755.500 n=6 sig=1408.0+121.8
TAGSIG window=755.500 n=5 sig=964.1+39.6
TAGSIG window=755.500 n=5 sig=1085.8+45.5
TAGSIG window=755.500 n=5 sig=1408.0+40.2
TAGSIG window=755.500 n=4 sig=778.9+344.3*
TAGSIG window=755.500 n=4 sig=1112.1+40.2
TAGSIG window=755.500 n=4 sig=964.1+40.2+40.2
TAGSIG window=755.500 n=3 sig=1112.1+121.8+39.6
TAGSIG window=755.500 n=3 sig=964.1+444.0+40.2
TAGSIG window=755.500 n=3 sig=1408.0+39.6
TAGSIG window=755.500 n=3 sig=1085.8+444.0+40.2
TAGSIG window=755.500 n=3 sig=1408.0+121.8+45.5
TAGSIG window=755.500 n=3 sig=1408.0+121.8+40.2+5.6
TAGSIG window=755.500 n=3 sig=1408.0+40.2+40.2
TAGSIG window=755.500 n=3 sig=1112.1+121.8+45.5
TAGSIG window=755.500 n=3 sig=1112.1+121.8+46.6
TAGSIG window=755.500 n=3 sig=1408.0+121.8+39.6
TAGSIG window=755.500 n=3 sig=964.1+121.8+45.5
TAGSIG window=755.500 n=3 sig=1212.9+244.7+121.8+40.2
TAGSIG window=755.500 n=3 sig=964.1+40.2+40.2+5.6
TAGSIG window=755.500 n=3 sig=1112.1+40.2+39.6
TAGSIG window=755.500 n=2 sig=964.1+45.5
TAGSIG window=755.500 n=2 sig=1112.1+121.8+40.2+5.6
TAGSIG window=755.500 n=2 sig=1212.9+244.7+39.6
TAGSIG window=755.500 n=2 sig=1408.0+40.2+39.6
TAGSIG window=755.500 n=2 sig=1112.1+39.6
TAGSIG window=755.500 n=2 sig=1085.8+444.0+39.6
TAGSIG window=755.500 n=2 sig=1112.1+39.6+39.6+6.2
TAGSIG window=755.500 n=2 sig=1408.0+40.2+5.6
TAGSIG window=755.500 n=2 sig=1112.1+40.2+40.2
TAGSIG window=755.500 n=2 sig=1408.0+45.3+40.2
TAGSIG window=755.500 n=2 sig=1408.0+45.5
TAGSIG window=755.500 n=2 sig=778.9+344.3
TAGSIG window=755.500 n=2 sig=867.4+244.7+121.8+40.2
TAGSIG window=755.500 n=2 sig=964.1+121.8+39.6
TAGSIG window=755.500 n=2 sig=1112.1
TAGSIG window=755.500 n=2 sig=964.1+121.8+40.2+5.6
TAGSIG window=755.500 n=2 sig=1112.1+45.5+39.6
TAGSIG window=755.500 n=2 sig=964.1+121.8+45.3
TAGSIG window=755.500 n=2 sig=964.1+39.6+6.2
TAGSIG window=755.500 n=1 sig=1005.3+244.7+40.2
TAGSIG window=755.500 n=1 sig=1005.3+45.5*+40.2
TAGSIG window=755.500 n=1 sig=1085.8+39.6+5.6
TAG window=712.100 total=473 distinct=146
TAGSIG window=712.100 n=166 sig=411.1+367.8*+344.3*
TAGSIG window=712.100 n=17 sig=964.1+121.8+40.2
TAGSIG window=712.100 n=15 sig=1112.1+121.8+40.2
TAGSIG window=712.100 n=12 sig=1085.8+40.2
TAGSIG window=712.100 n=8 sig=1408.0+121.8+40.2
TAGSIG window=712.100 n=8 sig=778.9+344.3
TAGSIG window=712.100 n=7 sig=964.1+40.2
TAGSIG window=712.100 n=7 sig=1299.1+344.3
TAGSIG window=712.100 n=7 sig=1112.1+121.8
TAGSIG window=712.100 n=6 sig=1112.1+40.2
TAGSIG window=712.100 n=6 sig=1408.0+121.8+39.6
TAGSIG window=712.100 n=6 sig=1112.1+39.6
TAGSIG window=712.100 n=6 sig=1085.8
TAGSIG window=712.100 n=6 sig=964.1+121.8+39.6
TAGSIG window=712.100 n=6 sig=964.1+121.8
TAGSIG window=712.100 n=5 sig=964.1+40.2+5.6
TAGSIG window=712.100 n=5 sig=1408.0+121.8
TAGSIG window=712.100 n=5 sig=1085.8+39.6
TAGSIG window=712.100 n=4 sig=964.1
TAGSIG window=712.100 n=4 sig=1089.7+344.3
TAGSIG window=712.100 n=4 sig=964.1+39.6
TAGSIG window=712.100 n=4 sig=964.1+40.2+39.6
TAGSIG window=712.100 n=3 sig=1112.1+40.2+5.6
TAGSIG window=712.100 n=3 sig=1408.0+40.2+39.6
TAGSIG window=712.100 n=3 sig=964.1+40.2+40.2
TAGSIG window=712.100 n=3 sig=964.1+39.6+39.6
TAGSIG window=712.100 n=3 sig=964.1+45.5
TAGSIG window=712.100 n=3 sig=964.1+40.2+40.2+5.6
TAGSIG window=712.100 n=2 sig=1112.1
TAGSIG window=712.100 n=2 sig=1112.1+121.8+40.2+5.6
TAGSIG window=712.100 n=2 sig=1408.0+40.2
TAGSIG window=712.100 n=2 sig=367.8*+344.3*+43.1
TAGSIG window=712.100 n=2 sig=1112.1+121.8+39.6
TAGSIG window=712.100 n=2 sig=778.9+344.3*
TAGSIG window=712.100 n=2 sig=1408.0+40.2+40.2
TAGSIG window=712.100 n=2 sig=1112.1+46.6+39.6
TAGSIG window=712.100 n=2 sig=867.4+244.7+121.8
TAGSIG window=712.100 n=2 sig=1112.1+40.2+40.2
TAGSIG window=712.100 n=2 sig=1085.8+40.2*
TAGSIG window=712.100 n=2 sig=1085.8+40.2+5.6
TAGSIG window=712.100 n=2 sig=1085.8+444.0+45.3
TAGSIG window=712.100 n=2 sig=964.1+39.6+39.6+7.2
TAGSIG window=712.100 n=2 sig=1085.8+45.5
TAGSIG window=712.100 n=2 sig=1408.0+39.6+39.6
TAGSIG window=712.100 n=2 sig=1112.1+40.2+39.6
TAGSIG window=712.100 n=2 sig=1085.8+45.3
TAGSIG window=712.100 n=2 sig=1408.0+121.8+45.5
TAGSIG window=712.100 n=2 sig=964.1+444.0+121.8+39.6
TAGSIG window=712.100 n=2 sig=964.1+45.3
TAGSIG window=712.100 n=2 sig=964.1+45.3+40.2
TAGSIG window=712.100 n=2 sig=964.1+121.8+7.5
TAGSIG window=712.100 n=1 sig=1112.1+45.3+40.2
TAGSIG window=712.100 n=1 sig=1112.1+45.5
TAGSIG window=712.100 n=1 sig=1112.1+45.5+40.2+5.6
TAGSIG window=712.100 n=1 sig=1112.1+45.5+6.2
TAGSIG window=712.100 n=1 sig=1112.1+46.6
TAGSIG window=712.100 n=1 sig=1112.1+5.9
TAGSIG window=712.100 n=1 sig=1112.1+6.2
TAGSIG window=712.100 n=1 sig=1212.9+244.7+121.8
TAGSIG window=712.100 n=1 sig=1212.9+244.7+121.8+40.2
TAG window=1434.000 total=113 distinct=5
TAGSIG window=1434.000 n=104 sig=1089.7*+344.3*
TAGSIG window=1434.000 n=4 sig=678.6*+411.1*+344.3*
TAGSIG window=1434.000 n=3 sig=930.5*+503.5*
TAGSIG window=1434.000 n=1 sig=1109.2*+324.8*
TAGSIG window=1434.000 n=1 sig=1299.1+344.3*
TAG window=1643.400 total=84 distinct=2
TAGSIG window=1643.400 n=83 sig=1299.1*+344.3*
TAGSIG window=1643.400 n=1 sig=1109.2*+534.2*
TAG window=366.500 total=1956 distinct=372
TAGSIG window=366.500 n=233 sig=867.4+244.7*+121.8*+40.2
TAGSIG window=366.500 n=157 sig=867.4+244.7*+121.8*
TAGSIG window=366.500 n=124 sig=867.4+244.7*+121.8*+39.6
TAGSIG window=366.500 n=78 sig=1212.9+244.7*+121.8*+40.2
TAGSIG window=366.500 n=72 sig=778.9+344.3
TAGSIG window=366.500 n=63 sig=1212.9+244.7*+121.8*
TAGSIG window=366.500 n=51 sig=244.7*+121.8*+40.2
TAGSIG window=366.500 n=51 sig=867.4+244.7*+121.8*+45.5
TAGSIG window=366.500 n=42 sig=1212.9+244.7*+121.8*+39.6
TAGSIG window=366.500 n=41 sig=244.7*+121.8*
TAGSIG window=366.500 n=40 sig=1005.3+244.7*+121.8*+40.2
TAGSIG window=366.500 n=35 sig=867.4+244.7*+121.8*+40.2+5.6
TAGSIG window=366.500 n=34 sig=244.7*+121.8*+39.6
TAGSIG window=366.500 n=31 sig=867.4+244.7*+121.8*+45.3
TAGSIG window=366.500 n=25 sig=1005.3+244.7*+121.8*
TAGSIG window=366.500 n=19 sig=1005.3+244.7*+121.8*+39.6
TAGSIG window=366.500 n=19 sig=867.4+244.7*+121.8*+39.6+6.2
TAGSIG window=366.500 n=18 sig=926.3+244.7*+121.8*+40.2
TAGSIG window=366.500 n=16 sig=867.4+244.7*+121.8*+46.6
TAGSIG window=366.500 n=15 sig=719.4+244.7*+121.8*+40.2
TAGSIG window=366.500 n=15 sig=244.7*+121.8*+45.5
TAGSIG window=366.500 n=15 sig=1212.9+244.7*+121.8*+45.5
TAGSIG window=366.500 n=14 sig=867.4+244.7*+121.8*+6.2
TAGSIG window=366.500 n=14 sig=1212.9+244.7*+121.8*+45.3
TAGSIG window=366.500 n=13 sig=926.3+244.7*+121.8*+39.6
TAGSIG window=366.500 n=12 sig=656.5+244.7*+121.8*+39.6
TAGSIG window=366.500 n=12 sig=444.0+244.7*+121.8*+40.2
TAGSIG window=366.500 n=12 sig=1212.9+244.7*+121.8*+39.6+6.2
TAGSIG window=366.500 n=11 sig=244.7*+121.8*+40.2+5.6
TAGSIG window=366.500 n=11 sig=1212.9+244.7*+121.8*+46.6
TAGSIG window=366.500 n=11 sig=656.5+244.7*+121.8*+40.2
TAGSIG window=366.500 n=11 sig=926.3+244.7*+121.8*
TAGSIG window=366.500 n=10 sig=719.4+244.7*+121.8*+39.6
TAGSIG window=366.500 n=10 sig=1089.7+344.3
TAGSIG window=366.500 n=9 sig=1408.0+121.8+40.2
TAGSIG window=366.500 n=9 sig=244.7*+121.8*+45.3
TAGSIG window=366.500 n=9 sig=1085.8+39.6
TAGSIG window=366.500 n=8 sig=1408.0+121.8
TAGSIG window=366.500 n=8 sig=674.6+488.7+244.7*+121.8*+40.2
TAGSIG window=366.500 n=8 sig=1085.8
TAGSIG window=366.500 n=8 sig=867.4+244.7*+121.8*+5.6
TAGSIG window=366.500 n=8 sig=867.4+244.7*+121.8*+40.2+6.6
TAGSIG window=366.500 n=8 sig=1112.1+121.8+40.2
TAGSIG window=366.500 n=8 sig=964.1+121.8+40.2
TAGSIG window=366.500 n=7 sig=1005.3+244.7*+121.8*+45.3
TAGSIG window=366.500 n=7 sig=444.0+244.7*+121.8*
TAGSIG window=366.500 n=7 sig=1085.8+40.2
TAGSIG window=366.500 n=6 sig=1112.1+40.2+39.6
TAGSIG window=366.500 n=6 sig=719.4+244.7*+121.8*
TAGSIG window=366.500 n=6 sig=1005.3+244.7*+121.8*+45.5
TAGSIG window=366.500 n=5 sig=244.7*+121.8*+39.6+6.2
TAGSIG window=366.500 n=5 sig=1112.1+40.2+40.2
TAGSIG window=366.500 n=5 sig=964.1+39.6
TAGSIG window=366.500 n=5 sig=1408.0+40.2+40.2
TAGSIG window=366.500 n=5 sig=1212.9+244.7*+121.8*+40.2+5.6
TAGSIG window=366.500 n=5 sig=1112.1
TAGSIG window=366.500 n=5 sig=867.4+244.7*+121.8*+39.6+7.2
TAGSIG window=366.500 n=5 sig=1408.0+40.2
TAGSIG window=366.500 n=5 sig=867.4+295.9+244.7*+121.8*+39.6
TAGSIG window=366.500 n=4 sig=444.0+244.7*+121.8*+39.6
TAG window=1233.800 total=732 distinct=50
TAGSIG window=1233.800 n=211 sig=1112.1*+121.8*+40.2
TAGSIG window=1233.800 n=146 sig=1112.1*+121.8*
TAGSIG window=1233.800 n=118 sig=1112.1*+121.8*+39.6
TAGSIG window=1233.800 n=45 sig=1112.1*+121.8*+45.5
TAGSIG window=1233.800 n=33 sig=1112.1*+121.8*+40.2+5.6
TAGSIG window=1233.800 n=28 sig=1112.1*+121.8*+45.3
TAGSIG window=1233.800 n=25 sig=1112.1*+121.8*+39.6+6.2
TAGSIG window=1233.800 n=17 sig=1112.1*+121.8*+46.6
TAGSIG window=1233.800 n=14 sig=1112.1*+121.8*+5.6
TAGSIG window=1233.800 n=6 sig=1112.1*+121.8*+40.2+6.6
TAGSIG window=1233.800 n=6 sig=1112.1*+121.8*+6.2
TAGSIG window=1233.800 n=5 sig=1112.1*+121.8*+6.3
TAGSIG window=1233.800 n=5 sig=1112.1*+295.9+121.8*
TAGSIG window=1233.800 n=5 sig=1408.0+40.2
TAGSIG window=1233.800 n=4 sig=1112.1*+121.8*+46.8
TAGSIG window=1233.800 n=4 sig=1112.1*+121.8*+39.6+5.6
TAGSIG window=1233.800 n=4 sig=1112.1*+295.9+121.8*+40.2
TAGSIG window=1233.800 n=4 sig=1408.0+121.8+40.2
TAGSIG window=1233.800 n=4 sig=867.4*+244.7*+121.8*
TAGSIG window=1233.800 n=4 sig=867.4*+244.7*+121.8*+45.5
TAGSIG window=1233.800 n=3 sig=1112.1*+121.8*+39.6+7.2
TAGSIG window=1233.800 n=3 sig=1112.1*+121.8*+40.2+5.0
TAGSIG window=1233.800 n=3 sig=1112.1*+121.8*+7.4
TAGSIG window=1233.800 n=3 sig=1112.1*+295.9+121.8*+39.6
TAGSIG window=1233.800 n=3 sig=1408.0+121.8
TAGSIG window=1233.800 n=3 sig=1408.0+39.6
TAGSIG window=1233.800 n=2 sig=1408.0
TAGSIG window=1233.800 n=2 sig=867.4*+244.7*+121.8*+40.2
TAGSIG window=1233.800 n=1 sig=1085.8*+148.0*+39.6
TAGSIG window=1233.800 n=1 sig=1112.1*+416.0+121.8*+39.6
TAGSIG window=1233.800 n=1 sig=1112.1*+416.0+121.8*+40.2
TAGSIG window=1233.800 n=1 sig=1112.1*+416.0+121.8*+40.2+5.0
TAGSIG window=1233.800 n=1 sig=1299.1+344.3
TAGSIG window=1233.800 n=1 sig=1112.1*+121.8*+45.5+1.3
TAGSIG window=1233.800 n=1 sig=1112.1*+121.8*+45.8
TAGSIG window=1233.800 n=1 sig=1408.0+121.8*
TAGSIG window=1233.800 n=1 sig=1408.0+121.8*+40.2
TAGSIG window=1233.800 n=1 sig=1112.1*+121.8*+6.2+5.6
TAGSIG window=1233.800 n=1 sig=1408.0+121.8+45.5*
TAGSIG window=1233.800 n=1 sig=1112.1*+121.8*+6.6+6.3
TAGSIG window=1233.800 n=1 sig=1112.1*+121.8*+7.2
TAGSIG window=1233.800 n=1 sig=1408.0+45.3*+6.3
TAGSIG window=1233.800 n=1 sig=1408.0+7.2+6.3
TAGSIG window=1233.800 n=1 sig=1457.6+1.4
TAGSIG window=1233.800 n=1 sig=1112.1*+121.8+40.2
TAGSIG window=1233.800 n=1 sig=1085.8+444.0+46.6
TAGSIG window=1233.800 n=1 sig=1112.1*+121.8*+40.2+5.6+1.1
TAGSIG window=1233.800 n=1 sig=867.4*+244.7*+121.8*+46.6
TAGSIG window=1233.800 n=1 sig=867.4*+295.9+244.7*+121.8*+40.2+5.6
TAGSIG window=1233.800 n=1 sig=964.1+444.0*+40.2*+39.6+5.6
TAG window=1529.800 total=902 distinct=45
TAGSIG window=1529.800 n=259 sig=1408.0*+121.8*+40.2
TAGSIG window=1529.800 n=212 sig=1408.0*+121.8*
TAGSIG window=1529.800 n=135 sig=1408.0*+121.8*+39.6
TAGSIG window=1529.800 n=57 sig=1408.0*+121.8*+45.5
TAGSIG window=1529.800 n=46 sig=1408.0*+121.8*+45.3
TAGSIG window=1529.800 n=40 sig=1408.0*+121.8*+40.2+5.6
TAGSIG window=1529.800 n=20 sig=1085.8*+444.0*+40.2
TAGSIG window=1529.800 n=14 sig=1085.8*+444.0*
TAGSIG window=1529.800 n=14 sig=1408.0*+121.8*+39.6+6.2
TAGSIG window=1529.800 n=14 sig=1408.0*+121.8*+46.6
TAGSIG window=1529.800 n=10 sig=1085.8*+444.0*+39.6
TAGSIG window=1529.800 n=9 sig=1408.0*+121.8*+5.6
TAGSIG window=1529.800 n=7 sig=1085.8*+444.0*+45.5
TAGSIG window=1529.800 n=7 sig=1408.0*+121.8*+6.2
TAGSIG window=1529.800 n=5 sig=1408.0*+121.8*+40.2+6.6
TAGSIG window=1529.800 n=5 sig=1408.0*+121.8*+46.8
TAGSIG window=1529.800 n=4 sig=1085.8*+444.0*+46.6
TAGSIG window=1529.800 n=4 sig=1085.8*+444.0*+40.2+5.6
TAGSIG window=1529.800 n=4 sig=1408.0*+121.8*+6.3
TAGSIG window=1529.800 n=3 sig=1408.0*+121.8*+39.6+7.2
TAGSIG window=1529.800 n=3 sig=1408.0*+121.8*+39.6+5.6
TAGSIG window=1529.800 n=3 sig=1408.0*+121.8*+5.0
TAGSIG window=1529.800 n=2 sig=1408.0*+121.8*+40.2+5.0
TAGSIG window=1529.800 n=2 sig=1408.0*+121.8*+39.6+6.6
TAGSIG window=1529.800 n=2 sig=1408.0*+121.8*+46.9
TAGSIG window=1529.800 n=2 sig=1408.0*+121.8*+40.2+1.1
TAGSIG window=1529.800 n=1 sig=1085.8*+444.0*+39.6+5.6
TAGSIG window=1529.800 n=1 sig=1085.8*+444.0*+39.6+6.2
TAGSIG window=1529.800 n=1 sig=1085.8*+444.0*+45.3
TAGSIG window=1529.800 n=1 sig=1085.8*+444.0*+6.2
TAGSIG window=1529.800 n=1 sig=1112.1*+295.9*+121.8*
TAGSIG window=1529.800 n=1 sig=1408.0*+121.8*+39.6+5.0
TAGSIG window=1529.800 n=1 sig=1408.0*+121.8*+45.8
TAGSIG window=1529.800 n=1 sig=1408.0*+121.8*+1.3
TAGSIG window=1529.800 n=1 sig=1408.0*+121.8*+1.2
TAGSIG window=1529.800 n=1 sig=1112.1*+295.9*+121.8*+40.2+5.0
TAGSIG window=1529.800 n=1 sig=1112.1*+295.9*+121.8*+40.2
TAGSIG window=1529.800 n=1 sig=1408.0*+121.8*+6.3+6.2
TAGSIG window=1529.800 n=1 sig=1408.0*+121.8*+6.6
TAGSIG window=1529.800 n=1 sig=919.3*+488.7*+121.8*+40.2
TAGSIG window=1529.800 n=1 sig=919.3*+488.7*+121.8*+5.6
TAGSIG window=1529.800 n=1 sig=963.4*+566.4*
TAGSIG window=1529.800 n=1 sig=963.4*+566.4*+40.2
TAGSIG window=1529.800 n=1 sig=964.1*+444.0*+121.8*
TAGSIG window=1529.800 n=1 sig=964.1*+444.0*+121.8*+40.2+5.6
TAG window=989.200 total=331 distinct=97
TAGSIG window=989.200 n=77 sig=867.4*+244.7+121.8*+40.2
TAGSIG window=989.200 n=38 sig=867.4*+244.7+121.8*
TAGSIG window=989.200 n=30 sig=867.4*+244.7+121.8*+39.6
TAGSIG window=989.200 n=19 sig=867.4*+244.7+121.8*+45.5
TAGSIG window=989.200 n=9 sig=1408.0+121.8+40.2
TAGSIG window=989.200 n=7 sig=867.4*+244.7+121.8*+46.6
TAGSIG window=989.200 n=5 sig=1299.1+344.3
TAGSIG window=989.200 n=5 sig=867.4*+121.8*+40.2
TAGSIG window=989.200 n=5 sig=1408.0+40.2
TAGSIG window=989.200 n=5 sig=1408.0+121.8+39.6
TAGSIG window=989.200 n=5 sig=1408.0+121.8+39.6+6.2
TAGSIG window=989.200 n=5 sig=867.4*+244.7+121.8*+45.3
TAGSIG window=989.200 n=4 sig=1408.0+121.8
TAGSIG window=989.200 n=4 sig=867.4*+121.8*+40.2+40.2
TAGSIG window=989.200 n=4 sig=867.4*+244.7+121.8*+40.2+5.6
TAGSIG window=989.200 n=3 sig=1408.0+39.6
TAGSIG window=989.200 n=3 sig=1408.0
TAGSIG window=989.200 n=3 sig=867.4*+121.8*+39.6
TAGSIG window=989.200 n=3 sig=1408.0+40.2+39.6
TAGSIG window=989.200 n=3 sig=867.4*+244.7+121.8*+40.2+6.6
TAGSIG window=989.200 n=3 sig=1089.7+344.3
TAGSIG window=989.200 n=3 sig=1408.0+121.8+45.3
TAGSIG window=989.200 n=3 sig=867.4*+121.8*+40.2+39.6
TAGSIG window=989.200 n=2 sig=867.4*+244.7+121.8*+39.6+6.2
TAGSIG window=989.200 n=2 sig=1408.0+40.2+40.2
TAGSIG window=989.200 n=2 sig=867.4*+121.8*
TAGSIG window=989.200 n=2 sig=867.4*+121.8*+40.2+39.6+5.6
TAGSIG window=989.200 n=2 sig=1408.0+45.5+40.2
TAGSIG window=989.200 n=2 sig=1408.0+121.8+6.2
TAGSIG window=989.200 n=2 sig=1408.0+121.8+45.5
TAGSIG window=989.200 n=2 sig=867.4*+244.7+121.8*+46.8
TAGSIG window=989.200 n=2 sig=867.4*+244.7+121.8*+5.6
TAGSIG window=989.200 n=2 sig=867.4*+295.9+244.7+121.8*
TAGSIG window=989.200 n=2 sig=867.4*+295.9+244.7+121.8*+39.6
TAGSIG window=989.200 n=1 sig=1249.9+45.3
TAGSIG window=989.200 n=1 sig=1249.9+45.3+40.2
TAGSIG window=989.200 n=1 sig=1112.1+40.2+39.6+6.2
TAGSIG window=989.200 n=1 sig=1299.1+344.3*
TAGSIG window=989.200 n=1 sig=1408.0+121.8*+39.6
TAGSIG window=989.200 n=1 sig=1408.0+121.8*+40.2
TAGSIG window=989.200 n=1 sig=1408.0+121.8*+45.3
TAGSIG window=989.200 n=1 sig=1408.0+39.6+39.6
TAGSIG window=989.200 n=1 sig=1408.0+39.6+5.6
TAGSIG window=989.200 n=1 sig=1408.0+40.2*
TAGSIG window=989.200 n=1 sig=1408.0+40.2+5.0
TAGSIG window=989.200 n=1 sig=1408.0+40.2+5.6
TAGSIG window=989.200 n=1 sig=1408.0+40.2+6.2
TAGSIG window=989.200 n=1 sig=1408.0+45.3+39.6*
TAGSIG window=989.200 n=1 sig=1085.8
TAGSIG window=989.200 n=1 sig=1408.0+45.5+39.6
TAGSIG window=989.200 n=1 sig=1085.8+40.2
TAGSIG window=989.200 n=1 sig=1457.6
TAGSIG window=989.200 n=1 sig=1457.6+121.8+6.2+6.2
TAGSIG window=989.200 n=1 sig=1528.0+121.8*+45.3
TAGSIG window=989.200 n=1 sig=778.9*+344.3
TAGSIG window=989.200 n=1 sig=1085.8+444.0*+40.2
TAGSIG window=989.200 n=1 sig=1085.8+444.0+39.6*
TAGSIG window=989.200 n=1 sig=867.4*+121.8*+39.6+39.6
TAGSIG window=989.200 n=1 sig=867.4*+121.8*+39.6+6.2
TAGSIG window=989.200 n=1 sig=1089.7+344.3*
TAG window=565.700 total=618 distinct=202
TAGSIG window=565.700 n=102 sig=778.9+344.3
TAGSIG window=565.700 n=55 sig=964.1+444.0*+121.8*+40.2
TAGSIG window=565.700 n=51 sig=964.1+444.0*+121.8*
TAGSIG window=565.700 n=34 sig=964.1+444.0*+121.8*+39.6
TAGSIG window=565.700 n=12 sig=1085.8+40.2
TAGSIG window=565.700 n=11 sig=964.1+444.0*+121.8*+45.5
TAGSIG window=565.700 n=10 sig=1112.1+40.2
TAGSIG window=565.700 n=9 sig=964.1+444.0*+121.8*+40.2+5.6
TAGSIG window=565.700 n=8 sig=1408.0+121.8+40.2
TAGSIG window=565.700 n=8 sig=1089.7+344.3
TAGSIG window=565.700 n=7 sig=1299.1+344.3
TAGSIG window=565.700 n=7 sig=1112.1+121.8
TAGSIG window=565.700 n=7 sig=964.1+444.0*+121.8*+39.6+6.2
TAGSIG window=565.700 n=6 sig=444.0*+244.7+121.8*+40.2
TAGSIG window=565.700 n=6 sig=1085.8
TAGSIG window=565.700 n=6 sig=1408.0+121.8
TAGSIG window=565.700 n=6 sig=964.1+40.2
TAGSIG window=565.700 n=6 sig=964.1+444.0*+121.8*+46.6
TAGSIG window=565.700 n=5 sig=1112.1+121.8+40.2
TAGSIG window=565.700 n=5 sig=444.0*+244.7+121.8*+39.6
TAGSIG window=565.700 n=5 sig=1408.0+121.8+39.6
TAGSIG window=565.700 n=5 sig=964.1+121.8
TAGSIG window=565.700 n=5 sig=964.1+121.8+39.6
TAGSIG window=565.700 n=5 sig=964.1+121.8+40.2
TAGSIG window=565.700 n=5 sig=964.1+444.0*+121.8*+45.3
TAGSIG window=565.700 n=4 sig=1112.1+45.5+40.2
TAGSIG window=565.700 n=4 sig=964.1+444.0*+121.8*+40.2+6.6
TAGSIG window=565.700 n=4 sig=964.1+444.0*+121.8*+5.6
TAGSIG window=565.700 n=3 sig=1408.0
TAGSIG window=565.700 n=3 sig=1112.1+40.2+40.2
TAGSIG window=565.700 n=3 sig=964.1+40.2+40.2
TAGSIG window=565.700 n=3 sig=867.4+244.7
TAGSIG window=565.700 n=3 sig=867.4+244.7+121.8
TAGSIG window=565.700 n=3 sig=867.4+244.7+121.8+39.6
TAGSIG window=565.700 n=3 sig=867.4+244.7+121.8+40.2
TAGSIG window=565.700 n=3 sig=867.4+244.7+40.2
TAGSIG window=565.700 n=3 sig=1408.0+39.6
TAGSIG window=565.700 n=3 sig=1085.8+39.6
TAGSIG window=565.700 n=3 sig=1408.0+40.2
TAGSIG window=565.700 n=3 sig=964.1+45.5
TAGSIG window=565.700 n=2 sig=930.5
TAGSIG window=565.700 n=2 sig=964.1
TAGSIG window=565.700 n=2 sig=444.0*+244.7+121.8*
TAGSIG window=565.700 n=2 sig=1112.1+121.8+45.3
TAGSIG window=565.700 n=2 sig=1292.8+40.2
TAGSIG window=565.700 n=2 sig=1112.1+39.6
TAGSIG window=565.700 n=2 sig=964.1+121.8+46.6
TAGSIG window=565.700 n=2 sig=964.1+121.8+39.6+6.2
TAGSIG window=565.700 n=2 sig=1408.0+121.8+39.6+6.2
TAGSIG window=565.700 n=2 sig=964.1+40.2+6.2
TAGSIG window=565.700 n=2 sig=444.0*+244.7+121.8*+39.6+6.2
TAGSIG window=565.700 n=2 sig=1085.8+444.0
TAGSIG window=565.700 n=2 sig=778.9+42.4
TAGSIG window=565.700 n=2 sig=411.1+367.8+344.3*
TAGSIG window=565.700 n=2 sig=778.9
TAGSIG window=565.700 n=2 sig=1408.0+121.8+45.5
TAGSIG window=565.700 n=2 sig=1085.8+45.5
TAGSIG window=565.700 n=2 sig=1112.1
TAGSIG window=565.700 n=2 sig=964.1+444.0*+121.8*+46.9
TAGSIG window=565.700 n=2 sig=867.4+244.7+121.8+40.2+5.6
TAG window=161.300 total=3547 distinct=433
TAGSIG window=161.300 n=734 sig=1408.0+121.8*+39.6*
TAGSIG window=161.300 n=472 sig=1112.1+121.8*+39.6*
TAGSIG window=161.300 n=446 sig=964.1+121.8*+39.6*
TAGSIG window=161.300 n=190 sig=778.9+344.3
TAGSIG window=161.300 n=120 sig=1408.0+121.8*+39.6*+6.2
TAGSIG window=161.300 n=120 sig=867.4+244.7+121.8*+39.6*
TAGSIG window=161.300 n=78 sig=344.3
TAGSIG window=161.300 n=76 sig=1112.1+121.8*+39.6*+6.2
TAGSIG window=161.300 n=72 sig=964.1+444.0+121.8*+39.6*
TAGSIG window=161.300 n=66 sig=964.1+121.8*+39.6*+6.2
TAGSIG window=161.300 n=53 sig=121.8*+39.6*
TAGSIG window=161.300 n=31 sig=1212.9+244.7+121.8*+39.6*
TAGSIG window=161.300 n=24 sig=411.1+367.8+344.3
TAGSIG window=161.300 n=24 sig=688.7+121.8*+39.6*
TAGSIG window=161.300 n=22 sig=1408.0+121.8*+39.6*+7.2
TAGSIG window=161.300 n=22 sig=1408.0+121.8*+39.6*+5.6
TAGSIG window=161.300 n=20 sig=1408.0+121.8*+40.2
TAGSIG window=161.300 n=20 sig=1299.1+344.3
TAGSIG window=161.300 n=19 sig=244.7+121.8*+39.6*
TAGSIG window=161.300 n=18 sig=411.1+344.3
TAGSIG window=161.300 n=18 sig=1089.7+344.3
TAGSIG window=161.300 n=17 sig=1005.3+244.7+121.8*+39.6*
TAGSIG window=161.300 n=17 sig=867.4+244.7+121.8*+39.6*+6.2
TAGSIG window=161.300 n=15 sig=1408.0+121.8*+40.2*
TAGSIG window=161.300 n=14 sig=1457.6+121.8*+39.6*
TAGSIG window=161.300 n=14 sig=678.6+411.1+344.3
TAGSIG window=161.300 n=13 sig=121.8*+39.6*+6.2
TAGSIG window=161.300 n=13 sig=1112.1+295.9+121.8*+39.6*
TAGSIG window=161.300 n=12 sig=919.3+488.7+121.8*+39.6*
TAGSIG window=161.300 n=11 sig=964.1+121.8*+40.2*
TAGSIG window=161.300 n=11 sig=719.4+244.7+121.8*+39.6*
TAGSIG window=161.300 n=11 sig=964.1+121.8*+40.2
TAGSIG window=161.300 n=11 sig=964.1+121.8*+39.6*+5.6
TAGSIG window=161.300 n=11 sig=1112.1+121.8*+39.6*+5.6
TAGSIG window=161.300 n=11 sig=926.3+244.7+121.8*+39.6*
TAGSIG window=161.300 n=10 sig=1112.1+121.8*+40.2
TAGSIG window=161.300 n=10 sig=1408.0+121.8+40.2
TAGSIG window=161.300 n=9 sig=867.4+121.8*+40.2+39.6*
TAGSIG window=161.300 n=9 sig=1085.8+40.2
TAGSIG window=161.300 n=8 sig=964.1+564.0+121.8*+39.6*
TAGSIG window=161.300 n=8 sig=1112.1+121.8*+39.6*+7.2
TAGSIG window=161.300 n=8 sig=1085.8
TAGSIG window=161.300 n=8 sig=1112.1+121.8*+40.2*
TAGSIG window=161.300 n=8 sig=964.1+121.8
TAGSIG window=161.300 n=8 sig=1528.0+121.8*+39.6*
TAGSIG window=161.300 n=7 sig=1112.1+121.8+40.2
TAGSIG window=161.300 n=7 sig=964.1+444.0+121.8*+39.6*+6.2
TAGSIG window=161.300 n=7 sig=1212.9+121.8*+40.2+39.6*
TAGSIG window=161.300 n=6 sig=1085.8+444.0+39.6
TAGSIG window=161.300 n=6 sig=867.4+121.8*+39.6*
TAGSIG window=161.300 n=6 sig=1112.1+121.8+39.6
TAGSIG window=161.300 n=6 sig=1408.0+121.8+40.2*
TAGSIG window=161.300 n=6 sig=964.1+121.8*+39.6*+7.2
TAGSIG window=161.300 n=6 sig=919.3+121.8*+39.6*
TAGSIG window=161.300 n=6 sig=444.0+244.7+121.8*+39.6*
TAGSIG window=161.300 n=6 sig=1112.1+416.0+121.8*+39.6*
TAGSIG window=161.300 n=5 sig=1408.0+121.8
TAGSIG window=161.300 n=5 sig=1112.1+121.8*+40.2*+5.6
TAGSIG window=161.300 n=5 sig=1212.9+244.7+121.8*+39.6*+6.2
TAGSIG window=161.300 n=5 sig=867.4+244.7+121.8*+39.6*+5.6
TAG window=161.900 total=5799 distinct=431
TAGSIG window=161.900 n=1387 sig=1408.0+121.8*+40.2*
TAGSIG window=161.900 n=942 sig=1112.1+121.8*+40.2*
TAGSIG window=161.900 n=850 sig=964.1+121.8*+40.2*
TAGSIG window=161.900 n=235 sig=867.4+244.7+121.8*+40.2*
TAGSIG window=161.900 n=231 sig=778.9+344.3
TAGSIG window=161.900 n=201 sig=1408.0+121.8*+40.2*+5.6
TAGSIG window=161.900 n=129 sig=121.8*+40.2*
TAGSIG window=161.900 n=122 sig=1112.1+121.8*+40.2*+5.6
TAGSIG window=161.900 n=112 sig=964.1+444.0+121.8*+40.2*
TAGSIG window=161.900 n=102 sig=964.1+121.8*+40.2*+5.6
TAGSIG window=161.900 n=91 sig=1212.9+244.7+121.8*+40.2*
TAGSIG window=161.900 n=77 sig=344.3
TAGSIG window=161.900 n=54 sig=244.7+121.8*+40.2*
TAGSIG window=161.900 n=50 sig=867.4+244.7+121.8*+40.2*+5.6
TAGSIG window=161.900 n=49 sig=688.7+121.8*+40.2*
TAGSIG window=161.900 n=40 sig=1005.3+244.7+121.8*+40.2*
TAGSIG window=161.900 n=35 sig=1408.0+121.8*+40.2*+6.6
TAGSIG window=161.900 n=30 sig=1457.6+121.8*+40.2*
TAGSIG window=161.900 n=26 sig=1112.1+295.9+121.8*+40.2*
TAGSIG window=161.900 n=25 sig=411.1+367.8+344.3
TAGSIG window=161.900 n=24 sig=964.1+564.0+121.8*+40.2*
TAGSIG window=161.900 n=22 sig=964.1+121.8*+40.2*+6.6
TAGSIG window=161.900 n=21 sig=919.3+488.7+121.8*+40.2*
TAGSIG window=161.900 n=20 sig=1299.1+344.3
TAGSIG window=161.900 n=19 sig=1249.9+121.8*+40.2*
TAGSIG window=161.900 n=18 sig=1112.1+121.8*+40.2*+6.6
TAGSIG window=161.900 n=18 sig=964.1+444.0+121.8*+40.2*+5.6
TAGSIG window=161.900 n=16 sig=121.8*+40.2*+5.6
TAGSIG window=161.900 n=14 sig=1528.0+121.8*+40.2*
TAGSIG window=161.900 n=14 sig=926.3+244.7+121.8*+40.2*
TAGSIG window=161.900 n=13 sig=678.6+411.1+344.3
TAGSIG window=161.900 n=12 sig=1089.7+344.3
TAGSIG window=161.900 n=12 sig=867.4+121.8*+40.2*+39.6
TAGSIG window=161.900 n=12 sig=444.0+244.7+121.8*+40.2*
TAGSIG window=161.900 n=12 sig=1408.0+121.8+40.2
TAGSIG window=161.900 n=12 sig=244.7+121.8*+40.2*+5.6
TAGSIG window=161.900 n=12 sig=1212.9+244.7+121.8*+40.2*+5.6
TAGSIG window=161.900 n=12 sig=719.4+244.7+121.8*+40.2*
TAGSIG window=161.900 n=10 sig=411.1+344.3
TAGSIG window=161.900 n=9 sig=867.4+121.8*+40.2*
TAGSIG window=161.900 n=9 sig=1457.6+121.8*+40.2*+5.6
TAGSIG window=161.900 n=9 sig=964.1+121.8+40.2
TAGSIG window=161.900 n=9 sig=964.1+121.8*+40.2*+5.0
TAGSIG window=161.900 n=9 sig=867.4+121.8*+40.2*+40.2
TAGSIG window=161.900 n=8 sig=1112.1+121.8*+40.2*+1.1
TAGSIG window=161.900 n=8 sig=1408.0+121.8*+40.2*+5.0
TAGSIG window=161.900 n=8 sig=656.5+244.7+121.8*+40.2*
TAGSIG window=161.900 n=8 sig=1112.1+121.8*+40.2*+5.0
TAGSIG window=161.900 n=7 sig=841.6+329.4+121.8*+40.2*
TAGSIG window=161.900 n=7 sig=1112.1+416.0+121.8*+40.2*
TAGSIG window=161.900 n=7 sig=1005.3+244.7+121.8*+40.2*+5.6
TAGSIG window=161.900 n=7 sig=1112.1+121.8+40.2
TAGSIG window=161.900 n=7 sig=121.8*+40.2*+39.6
TAGSIG window=161.900 n=7 sig=964.1+40.2
TAGSIG window=161.900 n=6 sig=867.4+121.8*+40.2+40.2*
TAGSIG window=161.900 n=6 sig=1085.8+40.2
TAGSIG window=161.900 n=6 sig=1085.8
TAGSIG window=161.900 n=5 sig=1408.0+121.8*+40.2*+1.1
TAGSIG window=161.900 n=5 sig=1528.0+121.8*+40.2*+5.6
TAGSIG window=161.900 n=5 sig=586.3+344.3
TAG window=167.300 total=2491 distinct=357
TAGSIG window=167.300 n=372 sig=1408.0+121.8*+45.5*
TAGSIG window=167.300 n=229 sig=964.1+121.8*+45.5*
TAGSIG window=167.300 n=223 sig=1112.1+121.8*+45.5*
TAGSIG window=167.300 n=223 sig=778.9+344.3
TAGSIG window=167.300 n=183 sig=1408.0+121.8*+45.3*
TAGSIG window=167.300 n=125 sig=1112.1+121.8*+45.3*
TAGSIG window=167.300 n=109 sig=964.1+121.8*+45.3*
TAGSIG window=167.300 n=87 sig=344.3
TAGSIG window=167.300 n=63 sig=867.4+244.7+121.8*+45.5*
TAGSIG window=167.300 n=33 sig=964.1+444.0+121.8*+45.5*
TAGSIG window=167.300 n=25 sig=121.8*+45.5*
TAGSIG window=167.300 n=24 sig=867.4+244.7+121.8*+45.3*
TAGSIG window=167.300 n=24 sig=411.1+367.8+344.3
TAGSIG window=167.300 n=21 sig=1299.1+344.3
TAGSIG window=167.300 n=20 sig=1089.7+344.3
TAGSIG window=167.300 n=20 sig=1212.9+244.7+121.8*+45.5*
TAGSIG window=167.300 n=20 sig=411.1+344.3
TAGSIG window=167.300 n=15 sig=964.1+444.0+121.8*+45.3*
TAGSIG window=167.300 n=15 sig=244.7+121.8*+45.5*
TAGSIG window=167.300 n=15 sig=688.7+121.8*+45.5*
TAGSIG window=167.300 n=14 sig=121.8*+45.3*
TAGSIG window=167.300 n=13 sig=964.1+121.8
TAGSIG window=167.300 n=13 sig=1085.8+444.0+40.2
TAGSIG window=167.300 n=12 sig=1005.3+244.7+121.8*+45.5*
TAGSIG window=167.300 n=11 sig=1085.8+40.2
TAGSIG window=167.300 n=11 sig=678.6+411.1+344.3
TAGSIG window=167.300 n=10 sig=1085.8
TAGSIG window=167.300 n=10 sig=1408.0+121.8+40.2
TAGSIG window=167.300 n=9 sig=244.7+121.8*+45.3*
TAGSIG window=167.300 n=8 sig=1212.9+244.7+121.8*+45.3*
TAGSIG window=167.300 n=7 sig=1112.1+121.8+39.6
TAGSIG window=167.300 n=7 sig=1112.1+121.8+40.2
TAGSIG window=167.300 n=7 sig=964.1+564.0+121.8*+45.5*
TAGSIG window=167.300 n=7 sig=964.1+121.8+40.2
TAGSIG window=167.300 n=7 sig=1457.6+121.8*+45.5*
TAGSIG window=167.300 n=6 sig=867.4+121.8*+45.5*
TAGSIG window=167.300 n=6 sig=867.4+244.7+121.8
TAGSIG window=167.300 n=6 sig=1112.1+121.8*+45.8*
TAGSIG window=167.300 n=6 sig=1085.8+444.0
TAGSIG window=167.300 n=6 sig=1005.3+244.7+121.8*+45.3*
TAGSIG window=167.300 n=5 sig=688.7+121.8*+45.3*
TAGSIG window=167.300 n=5 sig=1112.1+121.8
TAGSIG window=167.300 n=5 sig=586.3+344.3
TAGSIG window=167.300 n=5 sig=1112.1+40.2
TAGSIG window=167.300 n=5 sig=867.4+244.7+121.8+40.2
TAGSIG window=167.300 n=5 sig=919.3+488.7+121.8*+45.3*
TAGSIG window=167.300 n=5 sig=964.1+40.2+40.2
TAGSIG window=167.300 n=4 sig=1212.9+244.7+40.2
TAGSIG window=167.300 n=4 sig=1408.0+40.2+39.6
TAGSIG window=167.300 n=4 sig=867.4+121.8*+45.5*+39.6
TAGSIG window=167.300 n=4 sig=1112.1+295.9+121.8*+45.5*
TAGSIG window=167.300 n=4 sig=1085.8+444.0+39.6
TAGSIG window=167.300 n=4 sig=867.4+295.9+244.7+121.8*+45.5*
TAGSIG window=167.300 n=4 sig=1005.3+244.7+121.8+40.2
TAGSIG window=167.300 n=4 sig=867.4+244.7+121.8+39.6
TAGSIG window=167.300 n=4 sig=964.1+121.8+45.3
TAGSIG window=167.300 n=4 sig=964.1+40.2+39.6
TAGSIG window=167.300 n=4 sig=964.1+444.0+121.8+40.2
TAGSIG window=167.300 n=3 sig=1112.1+40.2+39.6
TAGSIG window=167.300 n=3 sig=1249.9+121.8*+45.5*
TAG window=168.400 total=1216 distinct=289
TAGSIG window=168.400 n=181 sig=778.9+344.3
TAGSIG window=168.400 n=128 sig=1408.0+121.8*+46.6*
TAGSIG window=168.400 n=72 sig=1112.1+121.8*+46.6*
TAGSIG window=168.400 n=72 sig=344.3
TAGSIG window=168.400 n=67 sig=964.1+121.8*+46.6*
TAGSIG window=168.400 n=29 sig=1089.7+344.3
TAGSIG window=168.400 n=28 sig=411.1+367.8+344.3
TAGSIG window=168.400 n=25 sig=867.4+244.7+121.8*+46.6*
TAGSIG window=168.400 n=24 sig=1408.0+121.8*+46.8*
TAGSIG window=168.400 n=20 sig=678.6+411.1+344.3
TAGSIG window=168.400 n=17 sig=411.1+344.3
TAGSIG window=168.400 n=16 sig=1299.1+344.3
TAGSIG window=168.400 n=16 sig=964.1+121.8*+46.8*
TAGSIG window=168.400 n=11 sig=964.1+444.0+121.8*+46.6*
TAGSIG window=168.400 n=11 sig=964.1+40.2
TAGSIG window=168.400 n=11 sig=1085.8+40.2
TAGSIG window=168.400 n=9 sig=1085.8
TAGSIG window=168.400 n=9 sig=1408.0+121.8+40.2
TAGSIG window=168.400 n=9 sig=1112.1+121.8*+46.8*
TAGSIG window=168.400 n=8 sig=1112.1+121.8*+46.9*
TAGSIG window=168.400 n=8 sig=1112.1+40.2+39.6
TAGSIG window=168.400 n=7 sig=1085.8+444.0+40.2
TAGSIG window=168.400 n=7 sig=1408.0+121.8+39.6
TAGSIG window=168.400 n=7 sig=1408.0
TAGSIG window=168.400 n=7 sig=964.1+121.8+40.2
TAGSIG window=168.400 n=7 sig=1112.1+121.8+40.2
TAGSIG window=168.400 n=7 sig=867.4+244.7+121.8+40.2
TAGSIG window=168.400 n=6 sig=964.1+121.8
TAGSIG window=168.400 n=6 sig=964.1+40.2+39.6
TAGSIG window=168.400 n=6 sig=1408.0+121.8
TAGSIG window=168.400 n=6 sig=121.8*+46.6*
TAGSIG window=168.400 n=6 sig=1085.8+444.0+39.6
TAGSIG window=168.400 n=6 sig=964.1+444.0+121.8+40.2
TAGSIG window=168.400 n=5 sig=1112.1+40.2+40.2
TAGSIG window=168.400 n=5 sig=688.7+121.8*+46.6*
TAGSIG window=168.400 n=5 sig=964.1+121.8*+46.9*
TAGSIG window=168.400 n=5 sig=1408.0+39.6
TAGSIG window=168.400 n=5 sig=964.1
TAGSIG window=168.400 n=4 sig=586.3+503.5+344.3
TAGSIG window=168.400 n=4 sig=1408.0+40.2
TAGSIG window=168.400 n=4 sig=1112.1+40.2
TAGSIG window=168.400 n=4 sig=1408.0+121.8*+46.9*
TAGSIG window=168.400 n=4 sig=964.1+121.8+39.6
TAGSIG window=168.400 n=4 sig=964.1+40.2+40.2
TAGSIG window=168.400 n=4 sig=244.7+121.8*+46.6*
TAGSIG window=168.400 n=4 sig=964.1+444.0+40.2
TAGSIG window=168.400 n=3 sig=1112.1+40.2+5.6
TAGSIG window=168.400 n=3 sig=867.4+244.7+121.8*+46.8*
TAGSIG window=168.400 n=3 sig=586.3+344.3
TAGSIG window=168.400 n=3 sig=1408.0+121.8*+46.7*
TAGSIG window=168.400 n=3 sig=1112.1
TAGSIG window=168.400 n=3 sig=867.4+244.7+121.8
TAGSIG window=168.400 n=3 sig=1348.1+344.3
TAGSIG window=168.400 n=3 sig=867.4+244.7+121.8+39.6
TAGSIG window=168.400 n=3 sig=867.4+244.7+40.2
TAGSIG window=168.400 n=3 sig=867.4+244.7+40.2+40.2
TAGSIG window=168.400 n=3 sig=1112.1+121.8+40.2+5.6
TAGSIG window=168.400 n=3 sig=1212.9+244.7+121.8*+46.6*
TAGSIG window=168.400 n=3 sig=1408.0+121.8+45.5
TAGSIG window=168.400 n=3 sig=121.8*+46.9*
TAG window=284.200 total=1346 distinct=426
TAGSIG window=284.200 n=118 sig=778.9+344.3
TAGSIG window=284.200 n=91 sig=867.4+244.7*+121.8+39.6*
TAGSIG window=284.200 n=66 sig=867.4+244.7*+39.6*
TAGSIG window=284.200 n=46 sig=867.4+244.7*+40.2+39.6*
TAGSIG window=284.200 n=40 sig=1212.9+244.7*+121.8+39.6*
TAGSIG window=284.200 n=33 sig=344.3
TAGSIG window=284.200 n=26 sig=1212.9+244.7*+39.6*
TAGSIG window=284.200 n=23 sig=867.4+244.7*+39.6*+6.2
TAGSIG window=284.200 n=22 sig=1299.1+344.3
TAGSIG window=284.200 n=21 sig=244.7*+121.8+39.6*
TAGSIG window=284.200 n=18 sig=867.4+244.7*+39.6*+39.6
TAGSIG window=284.200 n=17 sig=867.4+244.7*+39.6+39.6*
TAGSIG window=284.200 n=14 sig=1005.3+244.7*+121.8+39.6*
TAGSIG window=284.200 n=13 sig=867.4+244.7*+121.8+39.6*+6.2
TAGSIG window=284.200 n=13 sig=1089.7+344.3
TAGSIG window=284.200 n=12 sig=1212.9+244.7*+40.2+39.6*
TAGSIG window=284.200 n=12 sig=1005.3+244.7*+39.6*
TAGSIG window=284.200 n=12 sig=1112.1+121.8+40.2
TAGSIG window=284.200 n=11 sig=244.7*+39.6*
TAGSIG window=284.200 n=10 sig=244.7*+40.2+39.6*
TAGSIG window=284.200 n=9 sig=1085.8+40.2
TAGSIG window=284.200 n=9 sig=1212.9+244.7*+45.5+39.6*
TAGSIG window=284.200 n=9 sig=964.1+121.8+40.2
TAGSIG window=284.200 n=9 sig=867.4+244.7*+45.3+39.6*
TAGSIG window=284.200 n=9 sig=867.4+244.7*+40.2+39.6*+5.6
TAGSIG window=284.200 n=9 sig=1112.1+121.8+39.6
TAGSIG window=284.200 n=9 sig=411.1+367.8+344.3
TAGSIG window=284.200 n=8 sig=867.4+244.7*+40.2+39.6*+6.2
TAGSIG window=284.200 n=8 sig=1408.0+121.8
TAGSIG window=284.200 n=8 sig=1212.9+244.7*+39.6*+39.6
TAGSIG window=284.200 n=8 sig=964.1+40.2
TAGSIG window=284.200 n=8 sig=1408.0+40.2
TAGSIG window=284.200 n=8 sig=867.4+244.7*+45.5+39.6*
TAGSIG window=284.200 n=7 sig=867.4+244.7*+39.6*+39.6+6.2
TAGSIG window=284.200 n=7 sig=964.1+40.2+39.6
TAGSIG window=284.200 n=7 sig=1408.0+121.8+40.2
TAGSIG window=284.200 n=7 sig=964.1+121.8
TAGSIG window=284.200 n=6 sig=1085.8+444.0
TAGSIG window=284.200 n=6 sig=719.4+244.7*+121.8+39.6*
TAGSIG window=284.200 n=6 sig=1212.9+244.7*+121.8+39.6*+6.2
TAGSIG window=284.200 n=6 sig=1112.1+40.2
TAGSIG window=284.200 n=6 sig=964.1+444.0+121.8+40.2
TAGSIG window=284.200 n=6 sig=678.6+411.1+344.3
TAGSIG window=284.200 n=6 sig=719.4+244.7*+39.6*
TAGSIG window=284.200 n=6 sig=444.0+244.7*+39.6*
TAGSIG window=284.200 n=5 sig=244.7*+39.6*+39.6
TAGSIG window=284.200 n=5 sig=867.4+244.7*+121.8+40.2
TAGSIG window=284.200 n=5 sig=656.5+244.7*+121.8+39.6*
TAGSIG window=284.200 n=5 sig=444.0+244.7*+121.8+39.6*
TAGSIG window=284.200 n=5 sig=1005.3+244.7*+40.2+39.6*
TAGSIG window=284.200 n=4 sig=1085.8+39.6
TAGSIG window=284.200 n=4 sig=926.3+244.7*+39.6*
TAGSIG window=284.200 n=4 sig=867.4+244.7+121.8+40.2
TAGSIG window=284.200 n=4 sig=1212.9+244.7*+39.6*+39.6+6.2
TAGSIG window=284.200 n=4 sig=867.4+244.7*+45.3+39.6*+6.2
TAGSIG window=284.200 n=4 sig=1408.0+121.8+45.5
TAGSIG window=284.200 n=4 sig=926.3+244.7*+121.8+39.6*
TAGSIG window=284.200 n=4 sig=244.7*+39.6+39.6*
TAGSIG window=284.200 n=4 sig=1212.9+244.7*+46.6+39.6*
TAGSIG window=284.200 n=4 sig=674.6+488.7+244.7*+121.8+39.6*
TAG window=284.800 total=1942 distinct=455
TAGSIG window=284.800 n=180 sig=867.4+244.7*+121.8+40.2*
TAGSIG window=284.800 n=122 sig=778.9+344.3
TAGSIG window=284.800 n=120 sig=867.4+244.7*+40.2*
TAGSIG window=284.800 n=60 sig=1212.9+244.7*+121.8+40.2*
TAGSIG window=284.800 n=56 sig=867.4+244.7*+40.2*+39.6
TAGSIG window=284.800 n=54 sig=867.4+244.7*+40.2+40.2*
TAGSIG window=284.800 n=47 sig=867.4+244.7*+40.2*+40.2
TAGSIG window=284.800 n=41 sig=244.7*+121.8+40.2*
TAGSIG window=284.800 n=38 sig=1212.9+244.7*+40.2*
TAGSIG window=284.800 n=36 sig=1005.3+244.7*+121.8+40.2*
TAGSIG window=284.800 n=33 sig=344.3
TAGSIG window=284.800 n=31 sig=867.4+244.7*+121.8+40.2*+5.6
TAGSIG window=284.800 n=26 sig=244.7*+40.2*
TAGSIG window=284.800 n=24 sig=1212.9+244.7*+40.2*+39.6
TAGSIG window=284.800 n=23 sig=867.4+244.7*+40.2*+40.2+5.6
TAGSIG window=284.800 n=21 sig=867.4+244.7*+45.5+40.2*
TAGSIG window=284.800 n=21 sig=1212.9+244.7*+40.2+40.2*
TAGSIG window=284.800 n=16 sig=867.4+244.7*+40.2*+5.6
TAGSIG window=284.800 n=16 sig=1212.9+244.7*+40.2*+40.2
TAGSIG window=284.800 n=16 sig=244.7*+40.2+40.2*
TAGSIG window=284.800 n=16 sig=1299.1+344.3
TAGSIG window=284.800 n=15 sig=244.7*+40.2*+39.6
TAGSIG window=284.800 n=14 sig=1005.3+244.7*+40.2*
TAGSIG window=284.800 n=13 sig=926.3+244.7*+121.8+40.2*
TAGSIG window=284.800 n=13 sig=867.4+244.7*+45.3+40.2*
TAGSIG window=284.800 n=13 sig=867.4+244.7*+40.2*+39.6+5.6
TAGSIG window=284.800 n=13 sig=244.7*+40.2*+40.2
TAGSIG window=284.800 n=12 sig=964.1+121.8+40.2
TAGSIG window=284.800 n=12 sig=867.4+244.7*+40.2+40.2*+5.6
TAGSIG window=284.800 n=12 sig=1408.0+40.2
TAGSIG window=284.800 n=11 sig=926.3+244.7*+40.2*
TAGSIG window=284.800 n=11 sig=1212.9+244.7*+121.8+40.2*+5.6
TAGSIG window=284.800 n=11 sig=1085.8+40.2
TAGSIG window=284.800 n=10 sig=867.4+244.7*+40.2*+6.2
TAGSIG window=284.800 n=10 sig=1112.1+121.8+40.2
TAGSIG window=284.800 n=10 sig=1408.0+121.8+40.2
TAGSIG window=284.800 n=10 sig=1005.3+244.7*+40.2*+40.2
TAGSIG window=284.800 n=9 sig=1212.9+244.7*+45.5+40.2*
TAGSIG window=284.800 n=9 sig=867.4+244.7*+40.2*+39.6+6.2
TAGSIG window=284.800 n=9 sig=444.0+244.7*+121.8+40.2*
TAGSIG window=284.800 n=8 sig=1212.9+244.7*+40.2*+5.6
TAGSIG window=284.800 n=8 sig=678.6+411.1+344.3
TAGSIG window=284.800 n=8 sig=719.4+244.7*+40.2*
TAGSIG window=284.800 n=8 sig=964.1+121.8
TAGSIG window=284.800 n=8 sig=964.1+40.2+39.6
TAGSIG window=284.800 n=7 sig=1212.9+244.7*+40.2+40.2*+5.6
TAGSIG window=284.800 n=7 sig=719.4+244.7*+121.8+40.2*
TAGSIG window=284.800 n=7 sig=1212.9+244.7*+40.2*+39.6+5.6
TAGSIG window=284.800 n=7 sig=1089.7+344.3
TAGSIG window=284.800 n=7 sig=1112.1+40.2
TAGSIG window=284.800 n=7 sig=1408.0+121.8
TAGSIG window=284.800 n=7 sig=244.7*+45.5+40.2*
TAGSIG window=284.800 n=7 sig=964.1+40.2
TAGSIG window=284.800 n=7 sig=1085.8
TAGSIG window=284.800 n=6 sig=964.1+444.0+121.8
TAGSIG window=284.800 n=6 sig=1085.8+444.0
TAGSIG window=284.800 n=6 sig=244.7*+40.2*+5.6
TAGSIG window=284.800 n=6 sig=674.6+488.7+244.7*+121.8+40.2*
TAGSIG window=284.800 n=6 sig=964.1+121.8+40.2+5.6
TAGSIG window=284.800 n=5 sig=867.4+295.9+244.7*+121.8+40.2*
TAG window=290.200 total=1013 distinct=327
TAGSIG window=290.200 n=137 sig=778.9+344.3
TAGSIG window=290.200 n=48 sig=867.4+244.7*+121.8+45.5*
TAGSIG window=290.200 n=39 sig=344.3
TAGSIG window=290.200 n=32 sig=867.4+244.7*+45.5*
TAGSIG window=290.200 n=27 sig=867.4+244.7*+45.5*+40.2
TAGSIG window=290.200 n=18 sig=244.7*+121.8+45.5*
TAGSIG window=290.200 n=17 sig=1085.8+40.2
TAGSIG window=290.200 n=17 sig=867.4+244.7*+121.8+45.3*
TAGSIG window=290.200 n=17 sig=1299.1+344.3
TAGSIG window=290.200 n=17 sig=867.4+244.7*+45.3*
TAGSIG window=290.200 n=14 sig=1089.7+344.3
TAGSIG window=290.200 n=14 sig=1212.9+244.7*+121.8+45.5*
TAGSIG window=290.200 n=14 sig=1408.0+121.8+40.2
TAGSIG window=290.200 n=11 sig=867.4+244.7*+45.5*+39.6
TAGSIG window=290.200 n=10 sig=867.4+244.7*+45.3*+40.2
TAGSIG window=290.200 n=10 sig=1212.9+244.7*+45.5*+40.2
TAGSIG window=290.200 n=10 sig=964.1+121.8+40.2
TAGSIG window=290.200 n=9 sig=1212.9+244.7*+45.5*
TAGSIG window=290.200 n=8 sig=1005.3+244.7*+121.8+45.5*
TAGSIG window=290.200 n=8 sig=1005.3+244.7*+121.8+45.3*
TAGSIG window=290.200 n=8 sig=964.1+121.8
TAGSIG window=290.200 n=8 sig=1112.1+121.8+40.2
TAGSIG window=290.200 n=8 sig=411.1+367.8+344.3
TAGSIG window=290.200 n=8 sig=411.1+344.3
TAGSIG window=290.200 n=7 sig=1005.3+244.7*+45.5*
TAGSIG window=290.200 n=7 sig=244.7*+45.5*
TAGSIG window=290.200 n=6 sig=244.7*+121.8+45.3*
TAGSIG window=290.200 n=6 sig=1408.0+39.6
TAGSIG window=290.200 n=6 sig=1085.8+39.6
TAGSIG window=290.200 n=6 sig=1085.8+444.0+40.2
TAGSIG window=290.200 n=6 sig=1112.1+40.2
TAGSIG window=290.200 n=5 sig=1005.3+244.7*+45.5*+40.2
TAGSIG window=290.200 n=5 sig=1085.8
TAGSIG window=290.200 n=5 sig=926.3+244.7*+45.5*+40.2
TAGSIG window=290.200 n=5 sig=244.7*+45.3*+40.2
TAGSIG window=290.200 n=5 sig=926.3+244.7*+45.5*+39.6
TAGSIG window=290.200 n=5 sig=1408.0
TAGSIG window=290.200 n=5 sig=1112.1+39.6
TAGSIG window=290.200 n=5 sig=867.4+244.7*+45.5*+45.5
TAGSIG window=290.200 n=5 sig=964.1+40.2
TAGSIG window=290.200 n=5 sig=1212.9+244.7*+121.8+45.3*
TAGSIG window=290.200 n=5 sig=1212.9+244.7*+45.3*
TAGSIG window=290.200 n=4 sig=867.4+244.7*+45.3*+39.6
TAGSIG window=290.200 n=4 sig=1408.0+40.2
TAGSIG window=290.200 n=4 sig=926.3+244.7*+121.8+45.5*
TAGSIG window=290.200 n=4 sig=867.4+244.7*+46.6+45.5*
TAGSIG window=290.200 n=4 sig=964.1+40.2+40.2
TAGSIG window=290.200 n=3 sig=867.4+244.7*+45.5+45.3*
TAGSIG window=290.200 n=3 sig=1112.1+121.8+45.5
TAGSIG window=290.200 n=3 sig=1408.0+121.8+39.6
TAGSIG window=290.200 n=3 sig=244.7*+45.5*+40.2
TAGSIG window=290.200 n=3 sig=1112.1+121.8+39.6
TAGSIG window=290.200 n=3 sig=1408.0+121.8
TAGSIG window=290.200 n=3 sig=1363.7+244.7*+45.5*
TAGSIG window=290.200 n=3 sig=1085.8+45.5
TAGSIG window=290.200 n=3 sig=1085.8+45.3
TAGSIG window=290.200 n=3 sig=964.1+121.8+45.5
TAGSIG window=290.200 n=3 sig=244.7*+45.3*
TAGSIG window=290.200 n=3 sig=964.1+121.8+39.6
TAGSIG window=290.200 n=3 sig=964.1+45.5
TAG window=1447.500 total=394 distinct=48
TAGSIG window=1447.500 n=93 sig=1408.0*+121.8+39.6*
TAGSIG window=1447.500 n=62 sig=1408.0*+40.2+39.6*
TAGSIG window=1447.500 n=60 sig=1408.0*+39.6*
TAGSIG window=1447.500 n=21 sig=1408.0*+39.6+39.6*
TAGSIG window=1447.500 n=17 sig=1408.0*+39.6*+39.6
TAGSIG window=1447.500 n=17 sig=1408.0*+40.2+39.6*+6.2
TAGSIG window=1447.500 n=14 sig=1408.0*+39.6*+6.2
TAGSIG window=1447.500 n=14 sig=1408.0*+45.5+39.6*
TAGSIG window=1447.500 n=11 sig=1408.0*+121.8+39.6*+6.2
TAGSIG window=1447.500 n=9 sig=1408.0*+40.2+39.6*+5.6
TAGSIG window=1447.500 n=6 sig=1408.0*+39.6*+39.6+6.2
TAGSIG window=1447.500 n=6 sig=1408.0*+39.6*+5.6
TAGSIG window=1447.500 n=5 sig=1408.0*+39.6+39.6*+6.2
TAGSIG window=1447.500 n=5 sig=1408.0*+45.3+39.6*
TAGSIG window=1447.500 n=4 sig=1408.0*+121.8+40.2
TAGSIG window=1447.500 n=4 sig=1408.0*+121.8+39.6*+7.2
TAGSIG window=1447.500 n=4 sig=1408.0*+39.6*+7.2
TAGSIG window=1447.500 n=3 sig=1408.0*+46.6+39.6*
TAGSIG window=1447.500 n=2 sig=1408.0*+39.6+39.6*+7.2
TAGSIG window=1447.500 n=2 sig=1408.0*+121.8+40.2*
TAGSIG window=1447.500 n=2 sig=1408.0*+40.2*+39.6
TAGSIG window=1447.500 n=2 sig=1408.0*+40.2*+40.2
TAGSIG window=1447.500 n=2 sig=1408.0*+40.2+39.6*+7.2
TAGSIG window=1447.500 n=2 sig=1408.0*+40.2+39.6*+7.2+6.6
TAGSIG window=1447.500 n=2 sig=1408.0*+40.2+40.2
TAGSIG window=1447.500 n=2 sig=1408.0*+45.3+40.2
TAGSIG window=1447.500 n=2 sig=1408.0*+46.8+39.6*
TAGSIG window=1447.500 n=1 sig=1408.0*+39.6*+1.1
TAGSIG window=1447.500 n=1 sig=1408.0*+40.2+39.6*+1.1
TAGSIG window=1447.500 n=1 sig=1408.0*+40.2+39.6*+5.0
TAGSIG window=1447.500 n=1 sig=1408.0*+40.2*
TAGSIG window=1447.500 n=1 sig=1408.0*+39.6*+39.6+7.2
TAGSIG window=1447.500 n=1 sig=1408.0*+40.2+39.6*+6.2+5.6
TAGSIG window=1447.500 n=1 sig=1408.0*+39.6*+5.6+5.6
TAGSIG window=1447.500 n=1 sig=1408.0*+39.6*+6.2+1.4
TAGSIG window=1447.500 n=1 sig=1408.0*+39.6*+6.2+5.6
TAGSIG window=1447.500 n=1 sig=1408.0*+40.2+39.6+7.2
TAGSIG window=1447.500 n=1 sig=1408.0*+39.6+39.6*+5.6
TAGSIG window=1447.500 n=1 sig=1408.0*+39.6+39.6*+7.2+6.2
TAGSIG window=1447.500 n=1 sig=1408.0*+45.3+39.6*+5.6
TAGSIG window=1447.500 n=1 sig=1408.0*+121.8
TAGSIG window=1447.500 n=1 sig=1408.0*+40.2+39.6+1.1
TAGSIG window=1447.500 n=1 sig=1408.0*+45.5+39.6*+6.2
TAGSIG window=1447.500 n=1 sig=1408.0*+45.5+39.6*+7.2
TAGSIG window=1447.500 n=1 sig=1408.0*+45.8+39.6*+6.2
TAGSIG window=1447.500 n=1 sig=1408.0*+121.8+39.6
TAGSIG window=1447.500 n=1 sig=1408.0*+121.8+39.6*+5.0
TAGSIG window=1447.500 n=1 sig=1408.0+45.5*+40.2*
TAG window=1448.100 total=782 distinct=57
TAGSIG window=1448.100 n=202 sig=1408.0*+121.8+40.2*
TAGSIG window=1448.100 n=150 sig=1408.0*+40.2*
TAGSIG window=1448.100 n=64 sig=1408.0*+40.2*+40.2
TAGSIG window=1448.100 n=62 sig=1408.0*+40.2*+39.6
TAGSIG window=1448.100 n=59 sig=1408.0*+40.2+40.2*
TAGSIG window=1448.100 n=30 sig=1408.0*+45.5+40.2*
TAGSIG window=1448.100 n=26 sig=1408.0*+40.2*+5.6
TAGSIG window=1448.100 n=23 sig=1408.0*+45.3+40.2*
TAGSIG window=1448.100 n=21 sig=1408.0*+40.2+40.2*+5.6
TAGSIG window=1448.100 n=19 sig=1408.0*+121.8+40.2*+5.6
TAGSIG window=1448.100 n=15 sig=1408.0*+40.2*+40.2+5.6
TAGSIG window=1448.100 n=11 sig=1408.0*+121.8+40.2*+6.6
TAGSIG window=1448.100 n=11 sig=1408.0*+40.2*+39.6+6.2
TAGSIG window=1448.100 n=10 sig=1408.0*+46.6+40.2*
TAGSIG window=1448.100 n=6 sig=1408.0*+40.2*+39.6+5.6
TAGSIG window=1448.100 n=6 sig=1408.0*+40.2*+6.2
TAGSIG window=1448.100 n=5 sig=1408.0*+40.2*+6.6
TAGSIG window=1448.100 n=4 sig=1408.0*+40.2*+39.6+6.6
TAGSIG window=1448.100 n=4 sig=1408.0*+40.2*+39.6+7.2
TAGSIG window=1448.100 n=4 sig=1408.0*+40.2+40.2*+6.6
TAGSIG window=1448.100 n=4 sig=1408.0*+45.5+40.2*+5.6
TAGSIG window=1448.100 n=3 sig=1408.0*+121.8+40.2*+5.0
TAGSIG window=1448.100 n=3 sig=1408.0*+40.2*+5.0
TAGSIG window=1448.100 n=2 sig=1408.0*+40.2*+39.6+6.2+5.6
TAGSIG window=1448.100 n=2 sig=1408.0*+40.2*+40.2+6.6
TAGSIG window=1448.100 n=2 sig=1408.0*+40.2*+40.2+5.0
TAGSIG window=1448.100 n=2 sig=1408.0*+40.2*+6.2+5.6
TAGSIG window=1448.100 n=2 sig=1408.0*+45.5+40.2*+6.6
TAGSIG window=1448.100 n=2 sig=1408.0*+46.8+40.2*
TAGSIG window=1448.100 n=1 sig=1112.1*+295.9*+40.2*+40.2
TAGSIG window=1448.100 n=1 sig=1408.0*+121.8
TAGSIG window=1448.100 n=1 sig=1408.0*+40.2*+5.6+1.1
TAGSIG window=1448.100 n=1 sig=1408.0*+40.2*+5.6+5.6
TAGSIG window=1448.100 n=1 sig=1408.0*+121.8+40.2*+1.1
TAGSIG window=1448.100 n=1 sig=1112.1*+295.9*+40.2*
TAGSIG window=1448.100 n=1 sig=1408.0*+40.2*+6.3
TAGSIG window=1448.100 n=1 sig=1408.0*+121.8+45.5
TAGSIG window=1448.100 n=1 sig=1408.0*+40.2*+7.0
TAGSIG window=1448.100 n=1 sig=1408.0*+40.2*+7.4
TAGSIG window=1448.100 n=1 sig=1408.0*+40.2*+39.6+1.4
TAGSIG window=1448.100 n=1 sig=1408.0*+40.2+40.2*+1.1
TAGSIG window=1448.100 n=1 sig=1408.0*+40.2+40.2*+5.0
TAGSIG window=1448.100 n=1 sig=1408.0*+40.2*+39.6+5.0
TAGSIG window=1448.100 n=1 sig=1408.0*+40.2*+39.6+5.6+5.6
TAGSIG window=1448.100 n=1 sig=1408.0*+40.2*+40.2+1.1
TAGSIG window=1448.100 n=1 sig=1408.0*+40.2*+40.2+1.3
TAGSIG window=1448.100 n=1 sig=1408.0*+45.5+40.2*+5.0
TAGSIG window=1448.100 n=1 sig=1408.0*+40.2*+40.2+5.6+5.6
TAGSIG window=1448.100 n=1 sig=1408.0*+40.2*+40.2+6.4
TAGSIG window=1448.100 n=1 sig=1408.0*+45.5+45.3
TAGSIG window=1448.100 n=1 sig=1408.0*+45.8+40.2*
TAGSIG window=1448.100 n=1 sig=1408.0*+40.2*+40.2+6.5
TAGSIG window=1448.100 n=1 sig=1408.0*+46.6+40.2*+5.6
TAGSIG window=1448.100 n=1 sig=1408.0*+40.2*+40.2+6.7
TAGSIG window=1448.100 n=1 sig=1408.0+121.8+46.6*
TAGSIG window=1448.100 n=1 sig=1408.0+45.5*+40.2*
TAGSIG window=1448.100 n=1 sig=1408.0+45.5*+45.3
TAG window=1453.500 total=225 distinct=34
TAGSIG window=1453.500 n=46 sig=1408.0*+121.8+45.5*
TAGSIG window=1453.500 n=29 sig=1408.0*+45.5*+40.2
TAGSIG window=1453.500 n=27 sig=1408.0*+45.5*
TAGSIG window=1453.500 n=20 sig=1408.0*+45.3*+40.2
TAGSIG window=1453.500 n=20 sig=1408.0*+121.8+45.3*
TAGSIG window=1453.500 n=20 sig=1408.0*+45.3*
TAGSIG window=1453.500 n=12 sig=1408.0*+45.5*+39.6
TAGSIG window=1453.500 n=6 sig=1408.0*+45.5*+5.6
TAGSIG window=1453.500 n=5 sig=1408.0*+45.3*+39.6
TAGSIG window=1453.500 n=5 sig=1408.0*+45.5*+40.2+5.6
TAGSIG window=1453.500 n=4 sig=1408.0*+45.5*+6.2
TAGSIG window=1453.500 n=3 sig=1408.0*+45.5+45.3*
TAGSIG window=1453.500 n=3 sig=1408.0*+46.6+45.5*
TAGSIG window=1453.500 n=2 sig=1408.0*+45.3*+5.6
TAGSIG window=1453.500 n=2 sig=1408.0*+45.5*+39.6+6.2
TAGSIG window=1453.500 n=2 sig=1408.0*+45.5*+45.5
TAGSIG window=1453.500 n=2 sig=1408.0*+46.9+45.5*
TAGSIG window=1453.500 n=1 sig=1408.0*+45.5*+39.6+5.6
TAGSIG window=1453.500 n=1 sig=1299.1+344.3*
TAGSIG window=1453.500 n=1 sig=1408.0*+45.3*+1.4
TAGSIG window=1453.500 n=1 sig=1408.0*+45.3*+39.6+6.6
TAGSIG window=1453.500 n=1 sig=1408.0*+45.3*+39.6+7.2
TAGSIG window=1453.500 n=1 sig=1408.0*+45.3*+40.2+5.6
TAGSIG window=1453.500 n=1 sig=1408.0*+45.3*+45.3
TAGSIG window=1453.500 n=1 sig=1408.0*+45.5*+7.2
TAGSIG window=1453.500 n=1 sig=1408.0*+45.3*+6.2
TAGSIG window=1453.500 n=1 sig=1408.0*+45.5+45.3*+1.1
TAGSIG window=1453.500 n=1 sig=1408.0*+45.8*+40.2
TAGSIG window=1453.500 n=1 sig=1408.0*+46.6
TAGSIG window=1453.500 n=1 sig=1408.0*+45.3+45.3*
TAGSIG window=1453.500 n=1 sig=1408.0*+46.8+40.2
TAGSIG window=1453.500 n=1 sig=1408.0*+45.5*+39.6+1.4
TAGSIG window=1453.500 n=1 sig=1408.0+121.8*+40.2
TAGSIG window=1453.500 n=1 sig=964.1*+444.0*+45.5*+6.2
TAG window=1003.600 total=567 distinct=129
TAGSIG window=1003.600 n=97 sig=964.1*+121.8+39.6*
TAGSIG window=1003.600 n=82 sig=964.1*+39.6*
TAGSIG window=1003.600 n=61 sig=964.1*+40.2+39.6*
TAGSIG window=1003.600 n=16 sig=964.1*+121.8+39.6*+6.2
TAGSIG window=1003.600 n=15 sig=964.1*+39.6*+39.6
TAGSIG window=1003.600 n=14 sig=964.1*+45.5+39.6*
TAGSIG window=1003.600 n=12 sig=964.1*+39.6*+6.2
TAGSIG window=1003.600 n=12 sig=964.1*+444.0+39.6*
TAGSIG window=1003.600 n=11 sig=1408.0+40.2
TAGSIG window=1003.600 n=11 sig=964.1*+40.2+39.6*+6.2
TAGSIG window=1003.600 n=9 sig=964.1*+39.6+39.6*
TAGSIG window=1003.600 n=8 sig=964.1*+39.6*+5.6
TAGSIG window=1003.600 n=8 sig=964.1*+40.2+39.6*+5.6
TAGSIG window=1003.600 n=7 sig=1408.0+121.8+40.2+5.6
TAGSIG window=1003.600 n=7 sig=964.1*+45.3+39.6*
TAGSIG window=1003.600 n=6 sig=1408.0
TAGSIG window=1003.600 n=6 sig=1408.0+121.8+39.6
TAGSIG window=1003.600 n=6 sig=964.1*+121.8+39.6*+5.6
TAGSIG window=1003.600 n=5 sig=1408.0+121.8+40.2
TAGSIG window=1003.600 n=5 sig=1299.1+344.3
TAGSIG window=1003.600 n=5 sig=963.4*+566.4+40.2*
TAGSIG window=1003.600 n=5 sig=964.1*+444.0+121.8+39.6*
TAGSIG window=1003.600 n=4 sig=964.1*+444.0+40.2+39.6*
TAGSIG window=1003.600 n=4 sig=964.1*+39.6*+39.6+6.2
TAGSIG window=1003.600 n=4 sig=964.1*+40.2+39.6*+6.6
TAGSIG window=1003.600 n=4 sig=964.1*+444.0+121.8+40.2
TAGSIG window=1003.600 n=4 sig=964.1*+46.6+39.6*
TAGSIG window=1003.600 n=3 sig=964.1*+40.2
TAGSIG window=1003.600 n=3 sig=1408.0+121.8*+40.2
TAGSIG window=1003.600 n=3 sig=1408.0+45.5+39.6
TAGSIG window=1003.600 n=3 sig=1085.8+40.2
TAGSIG window=1003.600 n=3 sig=964.1*+39.6*+39.6+5.6
TAGSIG window=1003.600 n=3 sig=1408.0+39.6
TAGSIG window=1003.600 n=3 sig=963.4*+329.4+40.2*
TAGSIG window=1003.600 n=3 sig=1408.0+121.8+46.6
TAGSIG window=1003.600 n=3 sig=1408.0+45.5
TAGSIG window=1003.600 n=3 sig=964.1*+39.6+39.6*+6.2
TAGSIG window=1003.600 n=3 sig=964.1*+564.0+39.6*
TAGSIG window=1003.600 n=2 sig=1408.0+40.2+39.6
TAGSIG window=1003.600 n=2 sig=1408.0+40.2+40.2
TAGSIG window=1003.600 n=2 sig=1408.0+45.3+40.2
TAGSIG window=1003.600 n=2 sig=964.1*+40.2+40.2+5.6
TAGSIG window=1003.600 n=2 sig=1408.0+121.8
TAGSIG window=1003.600 n=2 sig=964.1*+39.6*+7.2
TAGSIG window=1003.600 n=2 sig=964.1*+121.8+40.2
TAGSIG window=1003.600 n=2 sig=964.1*+444.0+39.6*+39.6
TAGSIG window=1003.600 n=2 sig=964.1*+121.8+40.2*
TAGSIG window=1003.600 n=2 sig=1112.1+121.8+40.2
TAGSIG window=1003.600 n=2 sig=1085.8+39.6
TAGSIG window=1003.600 n=2 sig=964.1*+40.2*
TAGSIG window=1003.600 n=2 sig=964.1*+46.6+39.6*+6.2
TAGSIG window=1003.600 n=2 sig=964.1*+40.2+39.6*+5.0
TAGSIG window=1003.600 n=2 sig=964.1*+564.0+40.2+39.6*+6.2
TAGSIG window=1003.600 n=1 sig=1408.0+46.6+40.2+5.6
TAGSIG window=1003.600 n=1 sig=1457.6+40.2
TAGSIG window=1003.600 n=1 sig=1528.0+40.2
TAGSIG window=1003.600 n=1 sig=719.4*+244.7*+39.6+39.6*+6.2
TAGSIG window=1003.600 n=1 sig=867.4*+244.7+121.8+40.2
TAGSIG window=1003.600 n=1 sig=963.4*+329.4+40.2*+6.4
TAGSIG window=1003.600 n=1 sig=964.1*+121.8+39.6*+1.1
TAG window=1004.200 total=860 distinct=128
TAGSIG window=1004.200 n=167 sig=964.1*+121.8+40.2*
TAGSIG window=1004.200 n=105 sig=964.1*+40.2*
TAGSIG window=1004.200 n=67 sig=964.1*+40.2*+39.6
TAGSIG window=1004.200 n=62 sig=964.1*+40.2*+40.2
TAGSIG window=1004.200 n=50 sig=964.1*+40.2+40.2*
TAGSIG window=1004.200 n=28 sig=964.1*+444.0+121.8+40.2*
TAGSIG window=1004.200 n=26 sig=964.1*+45.5+40.2*
TAGSIG window=1004.200 n=22 sig=964.1*+40.2*+5.6
TAGSIG window=1004.200 n=19 sig=964.1*+121.8+40.2*+5.6
TAGSIG window=1004.200 n=16 sig=964.1*+45.3+40.2*
TAGSIG window=1004.200 n=14 sig=964.1*+40.2*+39.6+5.6
TAGSIG window=1004.200 n=13 sig=1408.0+121.8+40.2
TAGSIG window=1004.200 n=12 sig=964.1*+40.2*+40.2+5.6
TAGSIG window=1004.200 n=12 sig=964.1*+444.0+40.2*
TAGSIG window=1004.200 n=10 sig=1408.0+121.8
TAGSIG window=1004.200 n=9 sig=964.1*+40.2*+39.6+6.2
TAGSIG window=1004.200 n=8 sig=964.1*+46.6+40.2*
TAGSIG window=1004.200 n=8 sig=964.1*+444.0+40.2+40.2*
TAGSIG window=1004.200 n=8 sig=964.1*+444.0+40.2*+39.6
TAGSIG window=1004.200 n=8 sig=964.1*+40.2+40.2*+5.6
TAGSIG window=1004.200 n=8 sig=964.1*+40.2*+6.2
TAGSIG window=1004.200 n=7 sig=1299.1+344.3
TAGSIG window=1004.200 n=7 sig=1408.0
TAGSIG window=1004.200 n=6 sig=964.1*+564.0+121.8+40.2*
TAGSIG window=1004.200 n=6 sig=964.1*+444.0+40.2*+40.2
TAGSIG window=1004.200 n=6 sig=1408.0+121.8+39.6
TAGSIG window=1004.200 n=6 sig=964.1*+40.2+40.2*+6.6
TAGSIG window=1004.200 n=6 sig=1408.0+39.6
TAGSIG window=1004.200 n=5 sig=1408.0+40.2
TAGSIG window=1004.200 n=5 sig=1408.0+121.8+40.2+5.6
TAGSIG window=1004.200 n=5 sig=964.1*+40.2*+6.6
TAGSIG window=1004.200 n=4 sig=964.1*+444.0+121.8+40.2*+5.6
TAGSIG window=1004.200 n=3 sig=964.1*+121.8+40.2*+5.0
TAGSIG window=1004.200 n=3 sig=964.1*+40.2*+40.2+5.6+5.6
TAGSIG window=1004.200 n=3 sig=964.1*+121.8+40.2*+6.6
TAGSIG window=1004.200 n=3 sig=1408.0+121.8+45.5
TAGSIG window=1004.200 n=3 sig=964.1*+40.2*+40.2+5.0
TAGSIG window=1004.200 n=3 sig=964.1*+40.2*+40.2+6.6
TAGSIG window=1004.200 n=3 sig=1408.0+40.2+5.6
TAGSIG window=1004.200 n=3 sig=1408.0+45.5
TAGSIG window=1004.200 n=2 sig=1408.0+121.8+46.8
TAGSIG window=1004.200 n=2 sig=964.1*+40.2*+39.6+6.2+5.6
TAGSIG window=1004.200 n=2 sig=1408.0+121.8*+40.2
TAGSIG window=1004.200 n=2 sig=964.1*+40.2*+5.0
TAGSIG window=1004.200 n=2 sig=1408.0+121.8+46.6
TAGSIG window=1004.200 n=2 sig=964.1*+40.2+40.2*+1.1
TAGSIG window=1004.200 n=2 sig=1408.0+46.6
TAGSIG window=1004.200 n=2 sig=964.1*+444.0+40.2*+40.2+6.6
TAGSIG window=1004.200 n=2 sig=964.1*+444.0+40.2*+5.6
TAGSIG window=1004.200 n=2 sig=964.1*+444.0+45.5+40.2*
TAGSIG window=1004.200 n=2 sig=1408.0+39.6+39.6
TAGSIG window=1004.200 n=2 sig=964.1*+564.0+40.2*+40.2
TAGSIG window=1004.200 n=2 sig=964.1*+564.0+40.2*+40.2+5.6
TAGSIG window=1004.200 n=1 sig=1112.1+40.2+39.6
TAGSIG window=1004.200 n=1 sig=1212.9+244.7+121.8*+39.6
TAGSIG window=1004.200 n=1 sig=1212.9+244.7+121.8+6.2
TAGSIG window=1004.200 n=1 sig=1212.9+244.7+40.2+40.2+5.6
TAGSIG window=1004.200 n=1 sig=1212.9+244.7+45.5+40.2
TAGSIG window=1004.200 n=1 sig=1249.9+121.8+40.2
TAGSIG window=1004.200 n=1 sig=1292.8
TAG window=1009.600 total=369 distinct=99
TAGSIG window=1009.600 n=50 sig=964.1*+121.8+45.5*
TAGSIG window=1009.600 n=32 sig=964.1*+45.5*
TAGSIG window=1009.600 n=25 sig=964.1*+45.5*+40.2
TAGSIG window=1009.600 n=18 sig=964.1*+121.8+45.3*
TAGSIG window=1009.600 n=14 sig=964.1*+45.3*+40.2
TAGSIG window=1009.600 n=13 sig=964.1*+45.3*
TAGSIG window=1009.600 n=12 sig=1408.0+121.8
TAGSIG window=1009.600 n=11 sig=1408.0+40.2
TAGSIG window=1009.600 n=11 sig=964.1*+45.5*+39.6
TAGSIG window=1009.600 n=11 sig=1408.0+121.8+39.6
TAGSIG window=1009.600 n=10 sig=1408.0+121.8+40.2
TAGSIG window=1009.600 n=8 sig=1408.0+39.6
TAGSIG window=1009.600 n=6 sig=1408.0
TAGSIG window=1009.600 n=6 sig=1299.1+344.3
TAGSIG window=1009.600 n=5 sig=1085.8+40.2
TAGSIG window=1009.600 n=5 sig=1408.0+121.8+45.5
TAGSIG window=1009.600 n=5 sig=964.1*+45.5+45.5*
TAGSIG window=1009.600 n=4 sig=964.1*+45.3*+39.6
TAGSIG window=1009.600 n=4 sig=964.1*+45.5*+45.3
TAGSIG window=1009.600 n=4 sig=1408.0+40.2+40.2
TAGSIG window=1009.600 n=4 sig=964.1*+45.5*+45.5
TAGSIG window=1009.600 n=4 sig=964.1*+444.0+121.8+45.5*
TAGSIG window=1009.600 n=3 sig=1408.0+45.3
TAGSIG window=1009.600 n=3 sig=964.1*+444.0+45.5*+39.6
TAGSIG window=1009.600 n=3 sig=964.1*+444.0+45.3*
TAGSIG window=1009.600 n=3 sig=1408.0+40.2+39.6
TAGSIG window=1009.600 n=3 sig=964.1*+45.5+45.3*
TAGSIG window=1009.600 n=3 sig=964.1*+45.5*+40.2+5.6
TAGSIG window=1009.600 n=2 sig=1408.0+40.2+5.6
TAGSIG window=1009.600 n=2 sig=1408.0+45.5
TAGSIG window=1009.600 n=2 sig=1408.0+46.6
TAGSIG window=1009.600 n=2 sig=1085.8
TAGSIG window=1009.600 n=2 sig=778.9*+344.3
TAGSIG window=1009.600 n=2 sig=1112.1+121.8+40.2
TAGSIG window=1009.600 n=2 sig=964.1*+121.8+45.8*
TAGSIG window=1009.600 n=2 sig=964.1*+444.0+45.5*
TAGSIG window=1009.600 n=2 sig=964.1*+444.0+45.5*+40.2
TAGSIG window=1009.600 n=2 sig=964.1*+45.5*+5.6
TAGSIG window=1009.600 n=2 sig=964.1*+46.6+39.6
TAGSIG window=1009.600 n=2 sig=964.1*+46.6+45.3*
TAGSIG window=1009.600 n=2 sig=964.1*+564.0+121.8+45.5*
TAGSIG window=1009.600 n=2 sig=1408.0+121.8+39.6+6.2
TAGSIG window=1009.600 n=2 sig=1408.0+121.8+40.2+5.6
TAGSIG window=1009.600 n=2 sig=1408.0+121.8+45.3
TAGSIG window=1009.600 n=2 sig=1408.0+40.2*+40.2
TAGSIG window=1009.600 n=2 sig=1408.0+40.2+40.2+6.6
TAGSIG window=1009.600 n=1 sig=1085.8+39.6+6.2
TAGSIG window=1009.600 n=1 sig=1085.8+45.3
TAGSIG window=1009.600 n=1 sig=1112.1+121.8
TAGSIG window=1009.600 n=1 sig=1112.1+121.8*
TAGSIG window=1009.600 n=1 sig=1112.1+121.8*+45.3
TAGSIG window=1009.600 n=1 sig=1112.1+121.8+45.5
TAGSIG window=1009.600 n=1 sig=1112.1+40.2
TAGSIG window=1009.600 n=1 sig=1112.1+40.2+39.6+6.2
TAGSIG window=1009.600 n=1 sig=1112.1+6.6
TAGSIG window=1009.600 n=1 sig=1212.9+244.7+121.8
TAGSIG window=1009.600 n=1 sig=1212.9+244.7+121.8*+39.6+6.2
TAGSIG window=1009.600 n=1 sig=1212.9+244.7+121.8+40.2
TAGSIG window=1009.600 n=1 sig=964.1*+121.8
TAGSIG window=1009.600 n=1 sig=1408.0+45.5+40.2*
TAG window=1125.400 total=289 distinct=56
TAGSIG window=1125.400 n=139 sig=1085.8*+39.6*
TAGSIG window=1125.400 n=23 sig=1085.8*+444.0+39.6*
TAGSIG window=1125.400 n=17 sig=1408.0+121.8+40.2
TAGSIG window=1125.400 n=15 sig=1085.8*+39.6*+6.2
TAGSIG window=1125.400 n=8 sig=1408.0+40.2
TAGSIG window=1125.400 n=6 sig=1408.0+121.8+39.6
TAGSIG window=1125.400 n=4 sig=1408.0+40.2+39.6
TAGSIG window=1125.400 n=4 sig=1085.8*+39.6*+7.2
TAGSIG window=1125.400 n=4 sig=1085.8*+40.2
TAGSIG window=1125.400 n=4 sig=1408.0+121.8
TAGSIG window=1125.400 n=4 sig=1408.0+39.6
TAGSIG window=1125.400 n=4 sig=1408.0+45.5
TAGSIG window=1125.400 n=3 sig=1085.8*+39.6*+5.6
TAGSIG window=1125.400 n=3 sig=1408.0
TAGSIG window=1125.400 n=3 sig=1408.0+40.2+40.2
TAGSIG window=1125.400 n=3 sig=964.1*+121.8*+39.6*
TAGSIG window=1125.400 n=2 sig=1085.8*+564.0+39.6*
TAGSIG window=1125.400 n=2 sig=1408.0+121.8+45.5
TAGSIG window=1125.400 n=2 sig=1408.0+121.8+40.2+5.6
TAGSIG window=1125.400 n=2 sig=1408.0+45.5+40.2
TAGSIG window=1125.400 n=2 sig=1408.0+46.6+40.2
TAGSIG window=1125.400 n=1 sig=1112.1+416.0*+40.2*
TAGSIG window=1125.400 n=1 sig=1292.8+40.2
TAGSIG window=1125.400 n=1 sig=1299.1+344.3
TAGSIG window=1125.400 n=1 sig=1363.7+244.7+40.2+39.6
TAGSIG window=1125.400 n=1 sig=1408.0+121.8*
TAGSIG window=1125.400 n=1 sig=1408.0+121.8+40.2*+5.6
TAGSIG window=1125.400 n=1 sig=1408.0+121.8+40.2+5.0
TAGSIG window=1125.400 n=1 sig=1085.8*+40.2*
TAGSIG window=1125.400 n=1 sig=1408.0+121.8+45.3
TAGSIG window=1125.400 n=1 sig=1085.8*+39.6*+1.5
TAGSIG window=1125.400 n=1 sig=1085.8*+39.6*+39.6
TAGSIG window=1125.400 n=1 sig=1408.0+39.6+39.6
TAGSIG window=1125.400 n=1 sig=1408.0+39.6+6.3
TAGSIG window=1125.400 n=1 sig=1085.8*+444.0+39.6*+5.0
TAGSIG window=1125.400 n=1 sig=1085.8*+444.0+39.6*+6.2
TAGSIG window=1125.400 n=1 sig=1408.0+40.2+39.6*+5.6
TAGSIG window=1125.400 n=1 sig=1085.8*+493.6+39.6*
TAGSIG window=1125.400 n=1 sig=1408.0+40.2+40.2*
TAGSIG window=1125.400 n=1 sig=1408.0+40.2+5.6
TAGSIG window=1125.400 n=1 sig=1408.0+40.2+5.6+5.6
TAGSIG window=1125.400 n=1 sig=1408.0+40.2+6.6+5.6
TAGSIG window=1125.400 n=1 sig=1408.0+45.3
TAGSIG window=1125.400 n=1 sig=1408.0+45.3+6.3
TAGSIG window=1125.400 n=1 sig=1112.1*+121.8+45.3
TAGSIG window=1125.400 n=1 sig=1408.0+45.5+39.6
TAGSIG window=1125.400 n=1 sig=1112.1*+45.3
TAGSIG window=1125.400 n=1 sig=1408.0+45.5+45.3
TAGSIG window=1125.400 n=1 sig=1408.0+46.6
TAGSIG window=1125.400 n=1 sig=1112.1*+45.5
TAGSIG window=1125.400 n=1 sig=1457.6+121.8+39.6
TAGSIG window=1125.400 n=1 sig=1457.6+40.2+39.6
TAGSIG window=1125.400 n=1 sig=1112.1*+45.5+39.6
TAGSIG window=1125.400 n=1 sig=964.1*+121.8*+39.6*+6.2
TAGSIG window=1125.400 n=1 sig=964.1*+121.8*+40.2
TAGSIG window=1125.400 n=1 sig=964.1*+564.0+121.8*+39.6*
TAG window=1126.000 total=394 distinct=50
TAGSIG window=1126.000 n=217 sig=1085.8*+40.2*
TAGSIG window=1126.000 n=36 sig=1085.8*+444.0+40.2*
TAGSIG window=1126.000 n=27 sig=1085.8*+40.2*+5.6
TAGSIG window=1126.000 n=16 sig=1408.0+121.8+40.2
TAGSIG window=1126.000 n=10 sig=964.1*+121.8*+40.2*
TAGSIG window=1126.000 n=8 sig=1408.0+121.8+39.6
TAGSIG window=1126.000 n=7 sig=1408.0+40.2
TAGSIG window=1126.000 n=5 sig=1085.8*+444.0+40.2*+5.6
TAGSIG window=1126.000 n=4 sig=1085.8*+40.2*+6.6
TAGSIG window=1126.000 n=4 sig=1408.0+121.8+45.5
TAGSIG window=1126.000 n=3 sig=1408.0+45.5
TAGSIG window=1126.000 n=3 sig=1408.0+39.6
TAGSIG window=1126.000 n=3 sig=1085.8*+564.0+40.2*
TAGSIG window=1126.000 n=3 sig=1408.0+121.8+45.3
TAGSIG window=1126.000 n=3 sig=1299.1+344.3
TAGSIG window=1126.000 n=3 sig=1408.0
TAGSIG window=1126.000 n=2 sig=1085.8*+40.2*+1.1
TAGSIG window=1126.000 n=2 sig=1408.0+121.8+40.2+5.6
TAGSIG window=1126.000 n=2 sig=1408.0+40.2+40.2
TAGSIG window=1126.000 n=2 sig=1408.0+40.2+39.6
TAGSIG window=1126.000 n=2 sig=1408.0+40.2+40.2+5.6
TAGSIG window=1126.000 n=2 sig=1408.0+40.2+5.6
TAGSIG window=1126.000 n=2 sig=1408.0+45.3
TAGSIG window=1126.000 n=2 sig=964.1*+444.0+121.8*+40.2*
TAGSIG window=1126.000 n=1 sig=1085.8*+40.2*+5.0
TAGSIG window=1126.000 n=1 sig=1085.8*+40.2*+6.7
TAGSIG window=1126.000 n=1 sig=1085.8*+45.3+40.2*
TAGSIG window=1126.000 n=1 sig=1085.8*+683.3+40.2*+5.6
TAGSIG window=1126.000 n=1 sig=1112.1*+121.8+45.5
TAGSIG window=1126.000 n=1 sig=1112.1+416.0*+40.2*
TAGSIG window=1126.000 n=1 sig=1212.9+244.7+46.8
TAGSIG window=1126.000 n=1 sig=1408.0+121.8+39.6+6.2
TAGSIG window=1126.000 n=1 sig=1408.0+40.2+40.2*
TAGSIG window=1126.000 n=1 sig=1408.0+121.8+40.2+5.0
TAGSIG window=1126.000 n=1 sig=1408.0+39.6+6.3
TAGSIG window=1126.000 n=1 sig=1408.0+40.2+5.6+5.6
TAGSIG window=1126.000 n=1 sig=1408.0+40.2+6.6+5.6
TAGSIG window=1126.000 n=1 sig=1408.0+40.2+39.6*+5.6
TAGSIG window=1126.000 n=1 sig=1408.0+45.3+6.3
TAGSIG window=1126.000 n=1 sig=1408.0+121.8*
TAGSIG window=1126.000 n=1 sig=1408.0+45.5+40.2
TAGSIG window=1126.000 n=1 sig=1408.0+46.6+39.6
TAGSIG window=1126.000 n=1 sig=1408.0+46.8+39.6+6.2
TAGSIG window=1126.000 n=1 sig=1408.0+40.2+39.6+6.2
TAGSIG window=1126.000 n=1 sig=1457.6+40.2+39.6
TAGSIG window=1126.000 n=1 sig=1528.0+121.8+39.6
TAGSIG window=1126.000 n=1 sig=1408.0+121.8
TAGSIG window=1126.000 n=1 sig=964.1*+121.8*+40.2*+5.0
TAGSIG window=1126.000 n=1 sig=964.1*+121.8*+40.2*+5.6
TAGSIG window=1126.000 n=1 sig=1457.6+121.8+39.6
TAG window=1131.400 total=197 distinct=49
TAGSIG window=1131.400 n=41 sig=1085.8*+45.5*
TAGSIG window=1131.400 n=29 sig=1085.8*+45.3*
TAGSIG window=1131.400 n=15 sig=1408.0+121.8+40.2
TAGSIG window=1131.400 n=13 sig=1408.0+121.8
TAGSIG window=1131.400 n=13 sig=1408.0+40.2
TAGSIG window=1131.400 n=10 sig=1085.8*+444.0+45.5*
TAGSIG window=1131.400 n=9 sig=1408.0+121.8+39.6
TAGSIG window=1131.400 n=6 sig=1408.0+40.2+39.6
TAGSIG window=1131.400 n=4 sig=1408.0+121.8+45.5
TAGSIG window=1131.400 n=4 sig=1408.0+40.2+40.2
TAGSIG window=1131.400 n=3 sig=1408.0+121.8+40.2+5.6
TAGSIG window=1131.400 n=3 sig=964.1*+121.8*+45.5*
TAGSIG window=1131.400 n=3 sig=1408.0+45.5
TAGSIG window=1131.400 n=3 sig=1408.0+45.5+39.6
TAGSIG window=1131.400 n=3 sig=1408.0+45.5+40.2
TAGSIG window=1131.400 n=2 sig=1408.0+121.8+45.3
TAGSIG window=1131.400 n=2 sig=1085.8*+564.0+45.5*
TAGSIG window=1131.400 n=2 sig=1408.0+39.6
TAGSIG window=1131.400 n=2 sig=1408.0+46.8
TAGSIG window=1131.400 n=1 sig=1408.0+121.8+39.6+1.1
TAGSIG window=1131.400 n=1 sig=1408.0+121.8+39.6+6.2
TAGSIG window=1131.400 n=1 sig=1408.0+121.8+39.6+7.0
TAGSIG window=1131.400 n=1 sig=1408.0+121.8+46.6
TAGSIG window=1131.400 n=1 sig=1408.0+121.8+46.9
TAGSIG window=1131.400 n=1 sig=1085.8*+564.0+45.3*
TAGSIG window=1131.400 n=1 sig=1408.0+39.6+39.6
TAGSIG window=1131.400 n=1 sig=1408.0+39.6+39.6+7.2
TAGSIG window=1131.400 n=1 sig=1408.0+39.6+6.2
TAGSIG window=1131.400 n=1 sig=1408.0+39.6+6.2+5.6
TAGSIG window=1131.400 n=1 sig=1085.8*+444.0+45.3*
TAGSIG window=1131.400 n=1 sig=1408.0+39.6*+6.2
TAGSIG window=1131.400 n=1 sig=1408.0+40.2+39.6+5.6
TAGSIG window=1131.400 n=1 sig=1085.8*+45.5*+1.3
TAGSIG window=1131.400 n=1 sig=1408.0+40.2+40.2*
TAGSIG window=1131.400 n=1 sig=1408.0+40.2+5.6
TAGSIG window=1131.400 n=1 sig=1408.0+40.2+5.6+1.1
TAGSIG window=1131.400 n=1 sig=1085.8*+46.6
TAGSIG window=1131.400 n=1 sig=1408.0+45.3+40.2
TAGSIG window=1131.400 n=1 sig=1085.8+493.6+40.2*
TAGSIG window=1131.400 n=1 sig=1299.1+344.3
TAGSIG window=1131.400 n=1 sig=1408.0+45.5+39.6+5.6
TAGSIG window=1131.400 n=1 sig=1408.0
TAGSIG window=1131.400 n=1 sig=1408.0+45.3
TAGSIG window=1131.400 n=1 sig=1408.0+121.8*+40.2
TAGSIG window=1131.400 n=1 sig=1408.0+6.3
TAGSIG window=1131.400 n=1 sig=1457.6+121.8+5.6
TAGSIG window=1131.400 n=1 sig=1457.6+40.2+40.2
TAGSIG window=1131.400 n=1 sig=719.3*+688.7+121.8
TAGSIG window=1131.400 n=1 sig=1408.0+46.6+40.2
TAG window=1151.600 total=477 distinct=104
TAGSIG window=1151.600 n=90 sig=1112.1*+121.8+39.6*
TAGSIG window=1151.600 n=55 sig=1112.1*+39.6*
TAGSIG window=1151.600 n=47 sig=1112.1*+40.2+39.6*
TAGSIG window=1151.600 n=22 sig=1112.1*+39.6*+39.6
TAGSIG window=1151.600 n=15 sig=1112.1*+39.6+39.6*
TAGSIG window=1151.600 n=15 sig=1408.0+40.2
TAGSIG window=1151.600 n=14 sig=1112.1*+121.8+39.6*+6.2
TAGSIG window=1151.600 n=14 sig=1408.0+121.8+40.2
TAGSIG window=1151.600 n=14 sig=1112.1*+45.5+39.6*
TAGSIG window=1151.600 n=10 sig=1408.0+121.8
TAGSIG window=1151.600 n=9 sig=1112.1*+39.6*+6.2
TAGSIG window=1151.600 n=7 sig=1112.1*+39.6*+5.6
TAGSIG window=1151.600 n=7 sig=1112.1*+40.2+39.6*+6.2
TAGSIG window=1151.600 n=6 sig=1408.0+121.8+45.3
TAGSIG window=1151.600 n=6 sig=1408.0+121.8+39.6
TAGSIG window=1151.600 n=6 sig=1112.1*+39.6*+39.6+6.2
TAGSIG window=1151.600 n=6 sig=1408.0+45.5
TAGSIG window=1151.600 n=5 sig=1408.0+39.6
TAGSIG window=1151.600 n=5 sig=1112.1*+40.2+39.6*+5.6
TAGSIG window=1151.600 n=5 sig=1112.1*+45.3+39.6*
TAGSIG window=1151.600 n=5 sig=1112.1*+46.6+39.6*
TAGSIG window=1151.600 n=4 sig=867.4*+244.7*+121.8+39.6*
TAGSIG window=1151.600 n=3 sig=1408.0
TAGSIG window=1151.600 n=3 sig=1112.1*+295.9+121.8+39.6*
TAGSIG window=1151.600 n=3 sig=1112.1*+39.6+39.6*+6.2
TAGSIG window=1151.600 n=3 sig=1112.1*+121.8+40.2
TAGSIG window=1151.600 n=3 sig=1408.0+121.8+40.2+5.6
TAGSIG window=1151.600 n=3 sig=1112.1*+121.8+39.6*+7.2
TAGSIG window=1151.600 n=3 sig=1112.1*+39.6+39.6*+5.6
TAGSIG window=1151.600 n=3 sig=1112.1*+121.8+39.6*+5.6
TAGSIG window=1151.600 n=3 sig=1408.0+40.2+39.6
TAGSIG window=1151.600 n=2 sig=1112.1*+295.9+40.2+39.6*
TAGSIG window=1151.600 n=2 sig=1408.0+121.8*
TAGSIG window=1151.600 n=2 sig=1408.0+121.8+45.5
TAGSIG window=1151.600 n=2 sig=1408.0+121.8+5.6
TAGSIG window=1151.600 n=2 sig=1408.0+39.6+5.6
TAGSIG window=1151.600 n=2 sig=1408.0+40.2+40.2
TAGSIG window=1151.600 n=2 sig=1112.1*+295.9+45.3+39.6*
TAGSIG window=1151.600 n=2 sig=1408.0+46.6+40.2
TAGSIG window=1151.600 n=2 sig=1408.0+5.6
TAGSIG window=1151.600 n=2 sig=1112.1*+39.6*+39.6+5.6
TAGSIG window=1151.600 n=1 sig=1112.1*+40.2*+40.2+1.1
TAGSIG window=1151.600 n=1 sig=1112.1*+40.2+39.6
TAGSIG window=1151.600 n=1 sig=1112.1*+40.2+39.6*+1.1
TAGSIG window=1151.600 n=1 sig=1112.1*+416.0+39.6+39.6*
TAGSIG window=1151.600 n=1 sig=1112.1*+416.0+40.2+39.6*
TAGSIG window=1151.600 n=1 sig=1112.1*+45.5+39.6
TAGSIG window=1151.600 n=1 sig=1112.1*+45.5+39.6*+6.2
TAGSIG window=1151.600 n=1 sig=1112.1*+45.5+39.6*+7.2
TAGSIG window=1151.600 n=1 sig=1112.1*+45.5+40.2
TAGSIG window=1151.600 n=1 sig=1112.1*+45.5+40.2*
TAGSIG window=1151.600 n=1 sig=1112.1*+45.5+40.2*+5.6
TAGSIG window=1151.600 n=1 sig=1112.1*+45.5+5.6
TAGSIG window=1151.600 n=1 sig=1112.1*+121.8+39.6*+5.0
TAGSIG window=1151.600 n=1 sig=1112.1*+46.6+39.6*+6.2
TAGSIG window=1151.600 n=1 sig=1112.1*+496.3+121.8+39.6*
TAGSIG window=1151.600 n=1 sig=1299.1+344.3
TAGSIG window=1151.600 n=1 sig=1112.1*+121.8+39.6*+7.0
TAGSIG window=1151.600 n=1 sig=1112.1*+121.8+40.2*
TAGSIG window=1151.600 n=1 sig=1112.1*+121.8+40.2+39.6*
TAG window=1152.200 total=678 distinct=96
TAGSIG window=1152.200 n=167 sig=1112.1*+121.8+40.2*
TAGSIG window=1152.200 n=94 sig=1112.1*+40.2*
TAGSIG window=1152.200 n=47 sig=1112.1*+40.2*+40.2
TAGSIG window=1152.200 n=43 sig=1112.1*+40.2*+39.6
TAGSIG window=1152.200 n=42 sig=1112.1*+40.2+40.2*
TAGSIG window=1152.200 n=22 sig=1112.1*+45.5+40.2*
TAGSIG window=1152.200 n=22 sig=1112.1*+121.8+40.2*+5.6
TAGSIG window=1152.200 n=16 sig=1112.1*+45.3+40.2*
TAGSIG window=1152.200 n=15 sig=1408.0+121.8+40.2
TAGSIG window=1152.200 n=12 sig=1112.1*+40.2*+5.6
TAGSIG window=1152.200 n=12 sig=1112.1*+40.2+40.2*+5.6
TAGSIG window=1152.200 n=10 sig=1408.0+40.2
TAGSIG window=1152.200 n=10 sig=1112.1*+40.2*+40.2+5.6
TAGSIG window=1152.200 n=9 sig=1112.1*+40.2*+6.2
TAGSIG window=1152.200 n=8 sig=1112.1*+40.2*+39.6+5.6
TAGSIG window=1152.200 n=8 sig=1112.1*+46.6+40.2*
TAGSIG window=1152.200 n=7 sig=1408.0+121.8+39.6
TAGSIG window=1152.200 n=5 sig=1112.1*+40.2*+6.6
TAGSIG window=1152.200 n=5 sig=1408.0+39.6
TAGSIG window=1152.200 n=4 sig=1408.0+121.8+45.5
TAGSIG window=1152.200 n=4 sig=1408.0+40.2+5.6
TAGSIG window=1152.200 n=4 sig=1112.1*+40.2*+39.6+6.2
TAGSIG window=1152.200 n=4 sig=1112.1*+416.0+121.8+40.2*
TAGSIG window=1152.200 n=4 sig=1112.1*+295.9+121.8+40.2*
TAGSIG window=1152.200 n=4 sig=1408.0
TAGSIG window=1152.200 n=4 sig=1408.0+121.8+45.3
TAGSIG window=1152.200 n=3 sig=1112.1*+45.5+40.2*+5.6
TAGSIG window=1152.200 n=3 sig=1112.1*+40.2*+40.2+6.6
TAGSIG window=1152.200 n=3 sig=1112.1*+45.3+40.2*+5.6
TAGSIG window=1152.200 n=3 sig=1408.0+40.2+40.2+5.6
TAGSIG window=1152.200 n=3 sig=1408.0+121.8
TAGSIG window=1152.200 n=2 sig=1112.1*+295.9+40.2*
TAGSIG window=1152.200 n=2 sig=1408.0+121.8*
TAGSIG window=1152.200 n=2 sig=1408.0+121.8*+40.2
TAGSIG window=1152.200 n=2 sig=1299.1+344.3
TAGSIG window=1152.200 n=2 sig=1408.0+121.8+39.6+5.6
TAGSIG window=1152.200 n=2 sig=1112.1*+40.2+40.2*+6.6
TAGSIG window=1152.200 n=2 sig=1112.1*+523.1+121.8+40.2*
TAGSIG window=1152.200 n=2 sig=1408.0+121.8+46.6
TAGSIG window=1152.200 n=2 sig=1112.1*+40.2+40.2*+5.6+5.6
TAGSIG window=1152.200 n=2 sig=1408.0+39.6+5.6
TAGSIG window=1152.200 n=2 sig=1408.0+40.2+40.2
TAGSIG window=1152.200 n=2 sig=1408.0+45.5
TAGSIG window=1152.200 n=2 sig=1408.0+46.6
TAGSIG window=1152.200 n=2 sig=1408.0+6.2
TAGSIG window=1152.200 n=2 sig=867.4*+244.7*+121.8+40.2*
TAGSIG window=1152.200 n=2 sig=867.4*+244.7*+40.2*
TAGSIG window=1152.200 n=1 sig=1212.9+244.7*+121.8+40.2
TAGSIG window=1152.200 n=1 sig=1112.1*+416.0+40.2+40.2*
TAGSIG window=1152.200 n=1 sig=1089.7+344.3*
TAGSIG window=1152.200 n=1 sig=1109.2*+43.1*
TAGSIG window=1152.200 n=1 sig=1112.1*+121.8+40.2*+6.6
TAGSIG window=1152.200 n=1 sig=1112.1*+295.9+121.8+40.2*+5.6
TAGSIG window=1152.200 n=1 sig=1408.0+121.8*+40.2+5.6
TAGSIG window=1152.200 n=1 sig=1112.1*+295.9+40.2*+39.6
TAGSIG window=1152.200 n=1 sig=1408.0+121.8+39.6*
TAGSIG window=1152.200 n=1 sig=1112.1*+295.9+40.2*+40.2+5.6
TAGSIG window=1152.200 n=1 sig=1112.1*+40.2*+39.6+1.4
TAGSIG window=1152.200 n=1 sig=1408.0+121.8+40.2*
TAGSIG window=1152.200 n=1 sig=1408.0+121.8+40.2+5.0
TAG window=1157.600 total=319 distinct=95
TAGSIG window=1157.600 n=40 sig=1112.1*+121.8+45.5*
TAGSIG window=1157.600 n=28 sig=1112.1*+45.5*
TAGSIG window=1157.600 n=25 sig=1112.1*+45.5*+40.2
TAGSIG window=1157.600 n=17 sig=1112.1*+121.8+45.3*
TAGSIG window=1157.600 n=14 sig=1112.1*+45.3*+40.2
TAGSIG window=1157.600 n=13 sig=1112.1*+45.3*
TAGSIG window=1157.600 n=12 sig=1408.0+121.8+40.2
TAGSIG window=1157.600 n=11 sig=1408.0+121.8
TAGSIG window=1157.600 n=10 sig=1408.0+121.8+39.6
TAGSIG window=1157.600 n=8 sig=1408.0+40.2
TAGSIG window=1157.600 n=6 sig=1112.1*+45.3*+39.6
TAGSIG window=1157.600 n=6 sig=1408.0+39.6
TAGSIG window=1157.600 n=6 sig=1112.1*+45.5*+39.6
TAGSIG window=1157.600 n=5 sig=1408.0
TAGSIG window=1157.600 n=4 sig=1112.1*+45.5+45.3*
TAGSIG window=1157.600 n=3 sig=867.4*+244.7*+121.8+45.5*
TAGSIG window=1157.600 n=3 sig=1408.0+40.2+39.6
TAGSIG window=1157.600 n=3 sig=1112.1*+45.5*+6.2
TAGSIG window=1157.600 n=3 sig=1408.0+40.2+40.2+5.6
TAGSIG window=1157.600 n=3 sig=1112.1*+46.6+45.3*
TAGSIG window=1157.600 n=3 sig=1112.1*+45.5*+39.6+6.2
TAGSIG window=1157.600 n=3 sig=1112.1*+45.3*+6.2
TAGSIG window=1157.600 n=2 sig=1112.1*+121.8+45.8*
TAGSIG window=1157.600 n=2 sig=1112.1*+45.5*+45.3
TAGSIG window=1157.600 n=2 sig=1112.1*+295.9+45.5*+40.2
TAGSIG window=1157.600 n=2 sig=1408.0+121.8*+40.2+5.6
TAGSIG window=1157.600 n=2 sig=1112.1*+45.5*+40.2+5.6
TAGSIG window=1157.600 n=2 sig=1112.1*+45.5*+39.6+5.6
TAGSIG window=1157.600 n=2 sig=1408.0+121.8+45.3
TAGSIG window=1157.600 n=2 sig=1408.0+121.8+45.5
TAGSIG window=1157.600 n=2 sig=1408.0+121.8+40.2+5.6
TAGSIG window=1157.600 n=2 sig=1299.1+344.3*
TAGSIG window=1157.600 n=2 sig=1408.0+39.6+6.2
TAGSIG window=1157.600 n=2 sig=1112.1*+46.6+45.5*
TAGSIG window=1157.600 n=2 sig=1408.0+40.2*
TAGSIG window=1157.600 n=2 sig=1112.1*+45.5+45.5*
TAGSIG window=1157.600 n=2 sig=1408.0+39.6*
TAGSIG window=1157.600 n=2 sig=1112.1*+45.3*+39.6+6.2
TAGSIG window=1157.600 n=2 sig=1408.0+45.3+39.6
TAGSIG window=1157.600 n=2 sig=1408.0+45.5
TAGSIG window=1157.600 n=2 sig=1408.0+45.5+40.2+5.6
TAGSIG window=1157.600 n=2 sig=1408.0+40.2+39.6+6.2
TAGSIG window=1157.600 n=1 sig=1112.1*+45.8*
TAGSIG window=1157.600 n=1 sig=1112.1*+45.8*+39.6
TAGSIG window=1157.600 n=1 sig=1112.1*+45.8*+45.3
TAGSIG window=1157.600 n=1 sig=1112.1*+46.6+40.2
TAGSIG window=1157.600 n=1 sig=1112.1*+46.8+45.3*
TAGSIG window=1157.600 n=1 sig=1112.1*+121.8+39.6+6.2
TAGSIG window=1157.600 n=1 sig=1299.1+344.3
TAGSIG window=1157.600 n=1 sig=1112.1*+295.9+121.8+39.6
TAGSIG window=1157.600 n=1 sig=1112.1*+295.9+121.8+45.5*
TAGSIG window=1157.600 n=1 sig=1112.1*+295.9+45.3*
TAGSIG window=1157.600 n=1 sig=1408.0+121.8*
TAGSIG window=1157.600 n=1 sig=1408.0+121.8*+40.2
TAGSIG window=1157.600 n=1 sig=1112.1*+295.9+45.5*+5.6
TAGSIG window=1157.600 n=1 sig=1112.1*+295.9+46.8+45.5*
TAGSIG window=1157.600 n=1 sig=1408.0+121.8+39.6*
TAGSIG window=1157.600 n=1 sig=1112.1*+416.0+121.8+45.3*
TAGSIG window=1157.600 n=1 sig=1212.9+244.7+121.8+40.2
TAGSIG window=1157.600 n=1 sig=1112.1*+416.0+45.5*
TAG window=906.900 total=324 distinct=141
TAGSIG window=906.900 n=35 sig=867.4*+244.7+121.8+39.6*
TAGSIG window=906.900 n=23 sig=867.4*+244.7+40.2+39.6*
TAGSIG window=906.900 n=23 sig=867.4*+244.7+39.6*
TAGSIG window=906.900 n=9 sig=1408.0+121.8+40.2
TAGSIG window=906.900 n=9 sig=867.4*+244.7+121.8+39.6*+6.2
TAGSIG window=906.900 n=8 sig=867.4*+244.7+39.6*+6.2
TAGSIG window=906.900 n=8 sig=1408.0+40.2
TAGSIG window=906.900 n=6 sig=1299.1+344.3
TAGSIG window=906.900 n=5 sig=867.4*+244.7+39.6+39.6*
TAGSIG window=906.900 n=5 sig=1112.1+121.8+40.2
TAGSIG window=906.900 n=5 sig=867.4*+244.7+39.6*+39.6
TAGSIG window=906.900 n=5 sig=1408.0+39.6
TAGSIG window=906.900 n=5 sig=1112.1+40.2
TAGSIG window=906.900 n=4 sig=1408.0+40.2+40.2
TAGSIG window=906.900 n=4 sig=1112.1+39.6
TAGSIG window=906.900 n=4 sig=867.4*+244.7+40.2+39.6*+6.2
TAGSIG window=906.900 n=4 sig=1408.0+40.2+39.6
TAGSIG window=906.900 n=4 sig=1408.0+121.8
TAGSIG window=906.900 n=4 sig=867.4*+244.7+45.5+39.6*
TAGSIG window=906.900 n=4 sig=867.4*+244.7+46.6+39.6*
TAGSIG window=906.900 n=3 sig=1085.8+40.2
TAGSIG window=906.900 n=3 sig=1089.7+344.3
TAGSIG window=906.900 n=3 sig=867.4*+121.8+39.6*
TAGSIG window=906.900 n=3 sig=867.4*+244.7+45.3+39.6*
TAGSIG window=906.900 n=3 sig=1112.1+40.2+40.2
TAGSIG window=906.900 n=3 sig=1085.8
TAGSIG window=906.900 n=2 sig=1112.1+121.8
TAGSIG window=906.900 n=2 sig=867.4*+39.6*
TAGSIG window=906.900 n=2 sig=1085.8+45.5
TAGSIG window=906.900 n=2 sig=1112.1+45.5
TAGSIG window=906.900 n=2 sig=1112.1+121.8+40.2*
TAGSIG window=906.900 n=2 sig=867.4*+244.7+39.6*+5.6
TAGSIG window=906.900 n=2 sig=1212.9+244.7+121.8*
TAGSIG window=906.900 n=2 sig=867.4*+244.7+39.6*+7.2
TAGSIG window=906.900 n=2 sig=1085.8+39.6
TAGSIG window=906.900 n=2 sig=1112.1+121.8*+40.2
TAGSIG window=906.900 n=2 sig=867.4*+244.7+40.2+39.6*+5.6
TAGSIG window=906.900 n=2 sig=1112.1+40.2+6.6
TAGSIG window=906.900 n=2 sig=867.4*+244.7+40.2+40.2
TAGSIG window=906.900 n=2 sig=1112.1
TAGSIG window=906.900 n=2 sig=1408.0+45.3+40.2
TAGSIG window=906.900 n=2 sig=1408.0+45.5+40.2
TAGSIG window=906.900 n=2 sig=867.4*+40.2+39.6*
TAGSIG window=906.900 n=1 sig=1112.1+295.9+39.6
TAGSIG window=906.900 n=1 sig=1112.1+295.9+40.2+40.2+5.6
TAGSIG window=906.900 n=1 sig=1112.1+39.6*
TAGSIG window=906.900 n=1 sig=1112.1+39.6+39.6
TAGSIG window=906.900 n=1 sig=1112.1+39.6+39.6+6.2
TAGSIG window=906.900 n=1 sig=1112.1+39.6+6.2
TAGSIG window=906.900 n=1 sig=1112.1+40.2*+40.2+6.6
TAGSIG window=906.900 n=1 sig=1112.1+40.2+39.6
TAGSIG window=906.900 n=1 sig=1112.1+40.2+39.6*+5.6
TAGSIG window=906.900 n=1 sig=1112.1+45.3
TAGSIG window=906.900 n=1 sig=1112.1+45.5*+40.2+5.6
TAGSIG window=906.900 n=1 sig=1112.1+45.5+45.3
TAGSIG window=906.900 n=1 sig=1112.1+5.6
TAGSIG window=906.900 n=1 sig=1112.1+6.3
TAGSIG window=906.900 n=1 sig=1212.9+244.7+121.8+45.5
TAGSIG window=906.900 n=1 sig=1212.9+244.7+121.8+6.4+6.2
TAGSIG window=906.900 n=1 sig=1249.9+39.6
TAG window=907.500 total=400 distinct=150
TAGSIG window=907.500 n=63 sig=867.4*+244.7+121.8+40.2*
TAGSIG window=907.500 n=40 sig=867.4*+244.7+40.2*
TAGSIG window=907.500 n=17 sig=867.4*+244.7+40.2*+40.2
TAGSIG window=907.500 n=13 sig=867.4*+244.7+40.2+40.2*
TAGSIG window=907.500 n=11 sig=867.4*+244.7+40.2*+39.6
TAGSIG window=907.500 n=10 sig=867.4*+244.7+45.5+40.2*
TAGSIG window=907.500 n=8 sig=1408.0+40.2
TAGSIG window=907.500 n=7 sig=1408.0+121.8
TAGSIG window=907.500 n=7 sig=1112.1+121.8+40.2
TAGSIG window=907.500 n=6 sig=1408.0+121.8+40.2
TAGSIG window=907.500 n=6 sig=1408.0+121.8+45.5
TAGSIG window=907.500 n=5 sig=1299.1+344.3
TAGSIG window=907.500 n=5 sig=867.4*+244.7+45.3+40.2*
TAGSIG window=907.500 n=5 sig=867.4*+244.7+40.2*+40.2+5.6
TAGSIG window=907.500 n=4 sig=1112.1+121.8+39.6
TAGSIG window=907.500 n=4 sig=1085.8
TAGSIG window=907.500 n=4 sig=867.4*+40.2*+39.6
TAGSIG window=907.500 n=4 sig=1408.0
TAGSIG window=907.500 n=4 sig=1112.1+40.2
TAGSIG window=907.500 n=4 sig=1408.0+121.8+39.6
TAGSIG window=907.500 n=4 sig=1408.0+121.8+39.6+6.2
TAGSIG window=907.500 n=3 sig=1085.8+40.2
TAGSIG window=907.500 n=3 sig=1089.7+344.3
TAGSIG window=907.500 n=3 sig=1112.1+40.2+40.2
TAGSIG window=907.500 n=3 sig=1408.0+39.6
TAGSIG window=907.500 n=3 sig=867.4*+121.8+40.2+40.2*+5.6
TAGSIG window=907.500 n=3 sig=778.9*+344.3
TAGSIG window=907.500 n=3 sig=867.4*+40.2*+40.2
TAGSIG window=907.500 n=2 sig=1085.8+39.6
TAGSIG window=907.500 n=2 sig=1085.8+39.6*+6.2
TAGSIG window=907.500 n=2 sig=1408.0+45.3+40.2
TAGSIG window=907.500 n=2 sig=867.4*+121.8+45.3+40.2*
TAGSIG window=907.500 n=2 sig=778.9+344.3*
TAGSIG window=907.500 n=2 sig=1085.8+45.5
TAGSIG window=907.500 n=2 sig=867.4*+121.8+40.2*+40.2
TAGSIG window=907.500 n=2 sig=1112.1+40.2+6.6
TAGSIG window=907.500 n=2 sig=1112.1
TAGSIG window=907.500 n=2 sig=1112.1+45.5+39.6+6.2
TAGSIG window=907.500 n=2 sig=867.4*+121.8+40.2+40.2*
TAGSIG window=907.500 n=2 sig=867.4*+244.7+121.8+40.2*+5.6
TAGSIG window=907.500 n=2 sig=867.4*+244.7+121.8+40.2*+6.6
TAGSIG window=907.500 n=2 sig=867.4*+244.7+40.2*+39.6+5.6
TAGSIG window=907.500 n=2 sig=867.4*+244.7+40.2*+6.2
TAGSIG window=907.500 n=2 sig=1112.1+121.8+40.2*
TAGSIG window=907.500 n=2 sig=1212.9+244.7+121.8+40.2
TAGSIG window=907.500 n=2 sig=867.4*+244.7+40.2+40.2*+6.6
TAGSIG window=907.500 n=2 sig=867.4*+244.7+46.6+40.2*
TAGSIG window=907.500 n=2 sig=1212.9+244.7+40.2
TAGSIG window=907.500 n=2 sig=867.4*+40.2+40.2*
TAGSIG window=907.500 n=2 sig=1408.0+121.8+40.2+5.6
TAGSIG window=907.500 n=2 sig=1408.0+39.6+39.6
TAGSIG window=907.500 n=2 sig=1112.1+39.6
TAGSIG window=907.500 n=2 sig=1408.0+40.2+39.6
TAGSIG window=907.500 n=2 sig=1408.0+40.2+5.6
TAGSIG window=907.500 n=1 sig=1085.8+40.2*
TAGSIG window=907.500 n=1 sig=1085.8+444.0+39.6
TAGSIG window=907.500 n=1 sig=1085.8+45.3
TAGSIG window=907.500 n=1 sig=1085.8+564.0
TAGSIG window=907.500 n=1 sig=1085.8+564.0+40.2
TAGSIG window=907.500 n=1 sig=1112.1+121.8
TAG window=483.500 total=580 distinct=213
TAGSIG window=483.500 n=78 sig=778.9+344.3
TAGSIG window=483.500 n=45 sig=1085.8+444.0*+39.6*
TAGSIG window=483.500 n=23 sig=964.1+444.0*+39.6*
TAGSIG window=483.500 n=21 sig=964.1+444.0*+121.8+39.6*
TAGSIG window=483.500 n=20 sig=1408.0+121.8+40.2
TAGSIG window=483.500 n=13 sig=964.1+444.0*+40.2+39.6*
TAGSIG window=483.500 n=10 sig=1085.8+39.6
TAGSIG window=483.500 n=10 sig=1085.8+40.2
TAGSIG window=483.500 n=10 sig=1089.7+344.3
TAGSIG window=483.500 n=8 sig=1408.0+121.8
TAGSIG window=483.500 n=7 sig=1085.8
TAGSIG window=483.500 n=7 sig=964.1+40.2
TAGSIG window=483.500 n=7 sig=1408.0+121.8+39.6
TAGSIG window=483.500 n=7 sig=964.1+121.8+40.2
TAGSIG window=483.500 n=7 sig=1408.0+40.2
TAGSIG window=483.500 n=7 sig=1299.1+344.3
TAGSIG window=483.500 n=6 sig=1085.8+444.0*+39.6*+6.2
TAGSIG window=483.500 n=6 sig=1112.1+40.2
TAGSIG window=483.500 n=6 sig=964.1+444.0*+39.6+39.6*
TAGSIG window=483.500 n=5 sig=964.1+121.8+45.5
TAGSIG window=483.500 n=5 sig=964.1+121.8+39.6
TAGSIG window=483.500 n=5 sig=867.4+244.7+121.8+40.2
TAGSIG window=483.500 n=5 sig=867.4+244.7+121.8
TAGSIG window=483.500 n=4 sig=964.1+40.2+39.6
TAGSIG window=483.500 n=4 sig=964.1
TAGSIG window=483.500 n=4 sig=964.1+39.6
TAGSIG window=483.500 n=4 sig=964.1+121.8
TAGSIG window=483.500 n=4 sig=1112.1+121.8+40.2
TAGSIG window=483.500 n=4 sig=1408.0+40.2+39.6
TAGSIG window=483.500 n=4 sig=1112.1
TAGSIG window=483.500 n=4 sig=1112.1+121.8
TAGSIG window=483.500 n=4 sig=778.9+43.1
TAGSIG window=483.500 n=3 sig=1112.1+121.8+39.6
TAGSIG window=483.500 n=3 sig=1112.1+40.2+39.6
TAGSIG window=483.500 n=3 sig=867.4+244.7+40.2
TAGSIG window=483.500 n=3 sig=964.1+444.0*+121.8+39.6*+6.2
TAGSIG window=483.500 n=3 sig=1408.0+121.8+45.5
TAGSIG window=483.500 n=3 sig=964.1+444.0*+39.6*+39.6
TAGSIG window=483.500 n=3 sig=444.0*+244.7+121.8+39.6*
TAGSIG window=483.500 n=3 sig=1112.1+40.2+40.2
TAGSIG window=483.500 n=3 sig=964.1+444.0*+40.2+39.6*+5.6
TAGSIG window=483.500 n=3 sig=964.1+444.0*+45.5+39.6*
TAGSIG window=483.500 n=3 sig=964.1+45.5+40.2
TAGSIG window=483.500 n=2 sig=1408.0+39.6+39.6
TAGSIG window=483.500 n=2 sig=964.1+444.0*+39.6*+6.2
TAGSIG window=483.500 n=2 sig=964.1+121.8+39.6+6.2
TAGSIG window=483.500 n=2 sig=1408.0+39.6
TAGSIG window=483.500 n=2 sig=1112.1+39.6
TAGSIG window=483.500 n=2 sig=444.0*+121.8+40.2+39.6*
TAGSIG window=483.500 n=2 sig=1408.0+40.2+40.2
TAGSIG window=483.500 n=2 sig=1112.1+121.8+45.5
TAGSIG window=483.500 n=2 sig=964.1+40.2+39.6+5.6
TAGSIG window=483.500 n=2 sig=964.1+40.2+40.2
TAGSIG window=483.500 n=2 sig=964.1+444.0
TAGSIG window=483.500 n=2 sig=1408.0+121.8+40.2+5.6
TAGSIG window=483.500 n=2 sig=1408.0+121.8*
TAGSIG window=483.500 n=2 sig=1085.8+45.5
TAGSIG window=483.500 n=2 sig=1408.0+45.5+40.2
TAGSIG window=483.500 n=2 sig=1112.1+121.8+39.6+6.2
TAGSIG window=483.500 n=2 sig=867.4+244.7+40.2+39.6
TAG window=484.100 total=734 distinct=232
TAGSIG window=484.100 n=87 sig=1085.8+444.0*+40.2*
TAGSIG window=484.100 n=75 sig=778.9+344.3
TAGSIG window=484.100 n=37 sig=964.1+444.0*+121.8+40.2*
TAGSIG window=484.100 n=31 sig=964.1+444.0*+40.2*
TAGSIG window=484.100 n=16 sig=964.1+444.0*+121.8+40.2*+5.6
TAGSIG window=484.100 n=15 sig=964.1+444.0*+40.2*+40.2
TAGSIG window=484.100 n=15 sig=964.1+444.0*+40.2*+39.6
TAGSIG window=484.100 n=14 sig=964.1+444.0*+40.2+40.2*
TAGSIG window=484.100 n=13 sig=1408.0+121.8+40.2
TAGSIG window=484.100 n=12 sig=1085.8+40.2
TAGSIG window=484.100 n=12 sig=1085.8+444.0*+40.2*+5.6
TAGSIG window=484.100 n=9 sig=1112.1+121.8+40.2
TAGSIG window=484.100 n=9 sig=1085.8
TAGSIG window=484.100 n=9 sig=964.1+121.8+40.2
TAGSIG window=484.100 n=8 sig=1085.8+39.6
TAGSIG window=484.100 n=8 sig=964.1+121.8
TAGSIG window=484.100 n=8 sig=1408.0+40.2
TAGSIG window=484.100 n=8 sig=1089.7+344.3
TAGSIG window=484.100 n=8 sig=964.1+40.2
TAGSIG window=484.100 n=7 sig=444.0*+244.7+121.8+40.2*
TAGSIG window=484.100 n=7 sig=964.1+121.8+39.6
TAGSIG window=484.100 n=6 sig=1112.1+40.2
TAGSIG window=484.100 n=6 sig=964.1+40.2+39.6
TAGSIG window=484.100 n=6 sig=1408.0+121.8+39.6
TAGSIG window=484.100 n=6 sig=964.1+121.8+45.5
TAGSIG window=484.100 n=5 sig=1408.0+40.2+39.6
TAGSIG window=484.100 n=5 sig=1408.0+121.8
TAGSIG window=484.100 n=5 sig=778.9+43.1
TAGSIG window=484.100 n=5 sig=1299.1+344.3
TAGSIG window=484.100 n=4 sig=1085.8+444.0*+40.2*+6.6
TAGSIG window=484.100 n=4 sig=1112.1+121.8
TAGSIG window=484.100 n=4 sig=1112.1+121.8+39.6
TAGSIG window=484.100 n=4 sig=1408.0+121.8+45.5
TAGSIG window=484.100 n=4 sig=688.7+40.2
TAGSIG window=484.100 n=4 sig=1112.1+121.8+40.2+5.6
TAGSIG window=484.100 n=4 sig=444.0*+244.7+40.2*
TAGSIG window=484.100 n=4 sig=964.1+444.0*+40.2+40.2*+5.6
TAGSIG window=484.100 n=3 sig=1112.1
TAGSIG window=484.100 n=3 sig=1408.0+40.2+40.2
TAGSIG window=484.100 n=3 sig=444.0*+244.7+40.2+40.2*
TAGSIG window=484.100 n=3 sig=867.4+244.7+121.8
TAGSIG window=484.100 n=3 sig=1112.1+40.2+40.2
TAGSIG window=484.100 n=3 sig=1408.0
TAGSIG window=484.100 n=3 sig=964.1+45.3
TAGSIG window=484.100 n=3 sig=1112.1+45.3
TAGSIG window=484.100 n=3 sig=964.1+444.0*+40.2*+5.6
TAGSIG window=484.100 n=3 sig=1408.0+46.6
TAGSIG window=484.100 n=3 sig=444.0*+244.7+40.2*+40.2+5.6
TAGSIG window=484.100 n=3 sig=964.1+444.0*+45.3+40.2*
TAGSIG window=484.100 n=3 sig=964.1+444.0*+46.6+40.2*
TAGSIG window=484.100 n=2 sig=964.1+444.0*+40.2*+40.2+5.6
TAGSIG window=484.100 n=2 sig=964.1+121.8+39.6+6.2
TAGSIG window=484.100 n=2 sig=1112.1+45.5
TAGSIG window=484.100 n=2 sig=964.1+121.8+45.3
TAGSIG window=484.100 n=2 sig=1085.8+45.5
TAGSIG window=484.100 n=2 sig=964.1+121.8+46.6
TAGSIG window=484.100 n=2 sig=964.1+121.8+5.6
TAGSIG window=484.100 n=2 sig=964.1+39.6
TAGSIG window=484.100 n=2 sig=964.1+39.6+39.6
TAGSIG window=484.100 n=2 sig=1085.8+444.0+46.6
TAG window=1334.700 total=73 distinct=26
TAGSIG window=1334.700 n=25 sig=1212.9*+244.7+121.8*+40.2
TAGSIG window=1334.700 n=12 sig=1212.9*+244.7+121.8*+39.6
TAGSIG window=1334.700 n=7 sig=1212.9*+244.7+121.8*
TAGSIG window=1334.700 n=3 sig=1212.9*+244.7+121.8*+45.3
TAGSIG window=1334.700 n=3 sig=1212.9*+244.7+121.8*+45.5
TAGSIG window=1334.700 n=2 sig=1212.9*+121.8*
TAGSIG window=1334.700 n=2 sig=990.2*+344.3*+271.1
TAGSIG window=1334.700 n=1 sig=1212.9*+121.8*+39.6
TAGSIG window=1334.700 n=1 sig=1212.9*+121.8*+39.6+5.6
TAGSIG window=1334.700 n=1 sig=1212.9*+121.8*+40.2+39.6
TAGSIG window=1334.700 n=1 sig=1212.9*+121.8*+40.2+6.2
TAGSIG window=1334.700 n=1 sig=1212.9*+121.8*+45.5+39.6
TAGSIG window=1334.700 n=1 sig=1212.9*+244.7+121.8*+39.6+6.2
TAGSIG window=1334.700 n=1 sig=1212.9*+244.7+121.8*+39.6+6.6
TAGSIG window=1334.700 n=1 sig=1212.9*+244.7+121.8*+46.6
TAGSIG window=1334.700 n=1 sig=1212.9*+244.7+121.8*+6.3
TAGSIG window=1334.700 n=1 sig=1212.9+244.7*+121.8+40.2
TAGSIG window=1334.700 n=1 sig=1299.1*+344.3
TAGSIG window=1334.700 n=1 sig=1299.1+344.3*
TAGSIG window=1334.700 n=1 sig=1408.0+121.8*+39.6+6.2
TAGSIG window=1334.700 n=1 sig=1408.0+121.8+45.3
TAGSIG window=1334.700 n=1 sig=1408.0+121.8+5.6
TAGSIG window=1334.700 n=1 sig=1408.0+39.6+5.6
TAGSIG window=1334.700 n=1 sig=1408.0+40.2
TAGSIG window=1334.700 n=1 sig=1408.0+40.2+40.2+5.6
TAGSIG window=1334.700 n=1 sig=1408.0+45.5
TAG window=930.500 total=357 distinct=97
TAGSIG window=930.500 n=75 sig=930.5*
TAGSIG window=930.500 n=37 sig=586.3*+344.3*
TAGSIG window=930.500 n=33 sig=930.5*+712.9
TAGSIG window=930.500 n=30 sig=930.5*+503.5
TAGSIG window=930.500 n=9 sig=586.3*+503.5+344.3*
TAGSIG window=930.500 n=8 sig=712.9+586.3*+344.3*
TAGSIG window=930.500 n=7 sig=778.9*+344.3
TAGSIG window=930.500 n=7 sig=1112.1+121.8+40.2
TAGSIG window=930.500 n=6 sig=1408.0+121.8
TAGSIG window=930.500 n=6 sig=1408.0+121.8+39.6
TAGSIG window=930.500 n=6 sig=1408.0+40.2
TAGSIG window=930.500 n=5 sig=1299.1+344.3
TAGSIG window=930.500 n=5 sig=1408.0
TAGSIG window=930.500 n=5 sig=1408.0+121.8+40.2
TAGSIG window=930.500 n=5 sig=1408.0+40.2+39.6
TAGSIG window=930.500 n=5 sig=930.5*+675.1
TAGSIG window=930.500 n=4 sig=930.5*+351.7
TAGSIG window=930.500 n=4 sig=675.1+586.3*+344.3*
TAGSIG window=930.500 n=3 sig=1408.0+121.8+46.6
TAGSIG window=930.500 n=3 sig=1212.9+244.7+40.2
TAGSIG window=930.500 n=3 sig=1408.0+40.2+40.2
TAGSIG window=930.500 n=3 sig=586.3*+351.7+344.3*
TAGSIG window=930.500 n=3 sig=1089.7+344.3
TAGSIG window=930.500 n=3 sig=1112.1+121.8
TAGSIG window=930.500 n=2 sig=1408.0+121.8+45.5
TAGSIG window=930.500 n=2 sig=1085.8+39.6
TAGSIG window=930.500 n=2 sig=1085.8+40.2
TAGSIG window=930.500 n=2 sig=1408.0+40.2+5.6
TAGSIG window=930.500 n=2 sig=1408.0+39.6+6.2
TAGSIG window=930.500 n=2 sig=1212.9+244.7+40.2+39.6
TAGSIG window=930.500 n=2 sig=1408.0+45.3
TAGSIG window=930.500 n=2 sig=1408.0+121.8+39.6+6.2
TAGSIG window=930.500 n=2 sig=778.9+344.3*
TAGSIG window=930.500 n=1 sig=1112.1+121.8*+39.6+6.2
TAGSIG window=930.500 n=1 sig=1112.1+121.8+39.6
TAGSIG window=930.500 n=1 sig=1112.1+121.8+39.6*
TAGSIG window=930.500 n=1 sig=1112.1+121.8+39.6+6.2
TAGSIG window=930.500 n=1 sig=1112.1+121.8+40.2+5.6
TAGSIG window=930.500 n=1 sig=1112.1+121.8+45.3*
TAGSIG window=930.500 n=1 sig=1112.1+121.8+5.0
TAGSIG window=930.500 n=1 sig=1112.1+40.2
TAGSIG window=930.500 n=1 sig=1112.1+40.2+39.6+6.2+5.6
TAGSIG window=930.500 n=1 sig=1112.1+40.2+40.2
TAGSIG window=930.500 n=1 sig=1112.1+40.2+6.6
TAGSIG window=930.500 n=1 sig=1112.1+416.0+121.8
TAGSIG window=930.500 n=1 sig=1112.1+45.5
TAGSIG window=930.500 n=1 sig=1112.1+45.5+5.6
TAGSIG window=930.500 n=1 sig=1112.1+46.6
TAGSIG window=930.500 n=1 sig=1112.1+6.2
TAGSIG window=930.500 n=1 sig=1212.9+121.8*+40.2+40.2
TAGSIG window=930.500 n=1 sig=1212.9+244.7+121.8
TAGSIG window=930.500 n=1 sig=1212.9+244.7+121.8*+40.2+6.6
TAGSIG window=930.500 n=1 sig=1212.9+244.7+121.8+45.3
TAGSIG window=930.500 n=1 sig=1212.9+244.7+45.3*
TAGSIG window=930.500 n=1 sig=1408.0+39.6+7.2
TAGSIG window=930.500 n=1 sig=1408.0+121.8+45.5*
TAGSIG window=930.500 n=1 sig=1408.0+40.2*
TAGSIG window=930.500 n=1 sig=1408.0+40.2*+40.2
TAGSIG window=930.500 n=1 sig=1408.0+40.2+39.6+6.6
TAGSIG window=930.500 n=1 sig=1408.0+121.8+5.6
TAG window=1109.200 total=521 distinct=55
TAGSIG window=1109.200 n=279 sig=1109.2*
TAGSIG window=1109.200 n=66 sig=1109.2*+324.8
TAGSIG window=1109.200 n=36 sig=1109.2*+534.2
TAGSIG window=1109.200 n=14 sig=764.9*+344.3*
TAGSIG window=1109.200 n=13 sig=1408.0+121.8+40.2
TAGSIG window=1109.200 n=11 sig=1408.0+121.8
TAGSIG window=1109.200 n=10 sig=1408.0+40.2
TAGSIG window=1109.200 n=7 sig=1109.2*+441.0
TAGSIG window=1109.200 n=7 sig=1408.0+40.2+40.2
TAGSIG window=1109.200 n=6 sig=1109.2*+496.4
TAGSIG window=1109.200 n=5 sig=1408.0+121.8+39.6
TAGSIG window=1109.200 n=5 sig=1408.0
TAGSIG window=1109.200 n=5 sig=1408.0+39.6+39.6
TAGSIG window=1109.200 n=3 sig=1408.0+121.8+40.2+5.6
TAGSIG window=1109.200 n=3 sig=1408.0+121.8+45.3
TAGSIG window=1109.200 n=3 sig=1408.0+40.2+39.6
TAGSIG window=1109.200 n=3 sig=1408.0+40.2+39.6+5.6
TAGSIG window=1109.200 n=3 sig=1408.0+40.2+5.6
TAGSIG window=1109.200 n=2 sig=1089.7+344.3*
TAGSIG window=1109.200 n=2 sig=1299.1+344.3
TAGSIG window=1109.200 n=2 sig=1408.0+40.2*
TAGSIG window=1109.200 n=2 sig=1408.0+39.6
TAGSIG window=1109.200 n=2 sig=764.9*+344.3*+324.8
TAGSIG window=1109.200 n=1 sig=1299.1+344.3*
TAGSIG window=1109.200 n=1 sig=1408.0+121.8*+45.5
TAGSIG window=1109.200 n=1 sig=1408.0+121.8+39.6+6.2
TAGSIG window=1109.200 n=1 sig=1408.0+121.8+40.2*
TAGSIG window=1109.200 n=1 sig=1109.2*+43.1
TAGSIG window=1109.200 n=1 sig=1085.8+444.0*
TAGSIG window=1109.200 n=1 sig=1109.2*+209.2
TAGSIG window=1109.200 n=1 sig=1408.0+39.6+39.6+5.6
TAGSIG window=1109.200 n=1 sig=1408.0+39.6+6.2
TAGSIG window=1109.200 n=1 sig=1109.2*+42.4
TAGSIG window=1109.200 n=1 sig=1408.0+121.8+46.6
TAGSIG window=1109.200 n=1 sig=1112.1+121.8
TAGSIG window=1109.200 n=1 sig=1112.1+121.8+39.6
TAGSIG window=1109.200 n=1 sig=1408.0+40.2+39.6+6.2
TAGSIG window=1109.200 n=1 sig=1112.1+40.2+39.6+5.6
TAGSIG window=1109.200 n=1 sig=1408.0+40.2+40.2+5.6
TAGSIG window=1109.200 n=1 sig=1408.0+40.2+40.2+6.6+5.6
TAGSIG window=1109.200 n=1 sig=1408.0+40.2+5.0
TAGSIG window=1109.200 n=1 sig=1112.1+45.5+5.6
TAGSIG window=1109.200 n=1 sig=1408.0+40.2+6.2
TAGSIG window=1109.200 n=1 sig=1408.0+45.3
TAGSIG window=1109.200 n=1 sig=1408.0+45.5
TAGSIG window=1109.200 n=1 sig=1408.0+45.5+39.6
TAGSIG window=1109.200 n=1 sig=1408.0+45.5+40.2
TAGSIG window=1109.200 n=1 sig=1408.0+45.5+40.2+5.6
TAGSIG window=1109.200 n=1 sig=1408.0+45.5+45.5
TAGSIG window=1109.200 n=1 sig=1408.0+46.6+40.2
TAGSIG window=1109.200 n=1 sig=1457.6+39.6+6.2
TAGSIG window=1109.200 n=1 sig=1212.9+244.7+40.2
TAGSIG window=1109.200 n=1 sig=1292.8+39.6
TAGSIG window=1109.200 n=1 sig=764.9*+441.0+344.3*
TAGSIG window=1109.200 n=1 sig=764.9*+534.2+344.3*
TAG window=1250.000 total=385 distinct=108
TAGSIG window=1250.000 n=43 sig=1249.9*+121.8+40.2
TAGSIG window=1250.000 n=35 sig=1249.9*+121.8+39.6
TAGSIG window=1250.000 n=32 sig=1249.9*+40.2
TAGSIG window=1250.000 n=25 sig=1249.9*+121.8
TAGSIG window=1250.000 n=19 sig=1249.9*
TAGSIG window=1250.000 n=16 sig=1249.9*+39.6
TAGSIG window=1250.000 n=13 sig=1249.9*+40.2+40.2
TAGSIG window=1250.000 n=10 sig=1249.9*+121.8+45.5
TAGSIG window=1250.000 n=8 sig=1249.9*+40.2+5.6
TAGSIG window=1250.000 n=7 sig=1249.9*+45.5+40.2
TAGSIG window=1250.000 n=6 sig=1005.3*+244.7*+40.2+40.2
TAGSIG window=1250.000 n=6 sig=1249.9*+121.8+45.3
TAGSIG window=1250.000 n=6 sig=1249.9*+40.2+39.6
TAGSIG window=1250.000 n=5 sig=1005.3*+244.7*+121.8+45.5
TAGSIG window=1250.000 n=5 sig=1249.9*+39.6+6.2
TAGSIG window=1250.000 n=4 sig=1005.3*+244.7*+121.8+40.2
TAGSIG window=1250.000 n=4 sig=1249.9*+121.8+39.6+6.2
TAGSIG window=1250.000 n=4 sig=1249.9*+121.8+40.2+5.6
TAGSIG window=1250.000 n=4 sig=1249.9*+45.5
TAGSIG window=1250.000 n=4 sig=1249.9*+45.5+39.6
TAGSIG window=1250.000 n=4 sig=1249.9*+5.6
TAGSIG window=1250.000 n=3 sig=1005.3*+244.7*+121.8
TAGSIG window=1250.000 n=3 sig=1249.9*+121.8+40.2+6.6
TAGSIG window=1250.000 n=3 sig=1249.9*+121.8+6.2
TAGSIG window=1250.000 n=3 sig=1249.9*+40.2+39.6+6.2
TAGSIG window=1250.000 n=3 sig=1249.9*+46.6
TAGSIG window=1250.000 n=3 sig=1408.0+121.8+40.2
TAGSIG window=1250.000 n=3 sig=1408.0+40.2+39.6
TAGSIG window=1250.000 n=2 sig=1005.3*+244.7*+121.8+39.6
TAGSIG window=1250.000 n=2 sig=1005.3*+244.7*
TAGSIG window=1250.000 n=2 sig=1249.9*+39.6+5.6
TAGSIG window=1250.000 n=2 sig=1249.9*+121.8+46.6
TAGSIG window=1250.000 n=2 sig=1249.9*+40.2+39.6+5.6
TAGSIG window=1250.000 n=2 sig=1005.3*+244.7*+40.2
TAGSIG window=1250.000 n=2 sig=1005.3*+244.7*+40.2+39.6
TAGSIG window=1250.000 n=2 sig=1005.3*+244.7*+40.2+5.6
TAGSIG window=1250.000 n=2 sig=1249.9*+45.3+40.2
TAGSIG window=1250.000 n=2 sig=1249.9*+121.8+5.6
TAGSIG window=1250.000 n=2 sig=1005.3*+244.7*+45.3
TAGSIG window=1250.000 n=2 sig=1005.3*+244.7*+45.3+39.6
TAGSIG window=1250.000 n=2 sig=1249.9*+45.8+40.2
TAGSIG window=1250.000 n=2 sig=1005.3*+244.7*+45.5
TAGSIG window=1250.000 n=2 sig=1249.9*+46.6+39.6
TAGSIG window=1250.000 n=2 sig=1249.9*+46.6+40.2
TAGSIG window=1250.000 n=2 sig=1249.9*+121.8+6.3
TAGSIG window=1250.000 n=2 sig=1249.9*+6.2
TAGSIG window=1250.000 n=2 sig=1408.0+121.8
TAGSIG window=1250.000 n=2 sig=1249.9*+39.6+39.6
TAGSIG window=1250.000 n=2 sig=1408.0+121.8+46.6
TAGSIG window=1250.000 n=2 sig=1249.9*+39.6+39.6+6.2
TAGSIG window=1250.000 n=2 sig=1408.0+45.5+39.6
TAGSIG window=1250.000 n=2 sig=1457.6+40.2
TAGSIG window=1250.000 n=1 sig=1249.9*+385.3+40.2
TAGSIG window=1250.000 n=1 sig=1249.9*+39.6+39.6+7.2
TAGSIG window=1250.000 n=1 sig=1005.3*+244.7*+39.6+5.6
TAGSIG window=1250.000 n=1 sig=1005.3*+244.7*+121.8+40.2+5.6
TAGSIG window=1250.000 n=1 sig=1249.9*+39.6+7.2
TAGSIG window=1250.000 n=1 sig=1249.9*+397.4+40.2
TAGSIG window=1250.000 n=1 sig=1005.3*+244.7*+121.8+40.2+6.6
TAGSIG window=1250.000 n=1 sig=1005.3*+244.7*+121.8+45.3
TAG window=1528.100 total=414 distinct=86
TAGSIG window=1528.100 n=70 sig=1528.0*+121.8+40.2
TAGSIG window=1528.100 n=38 sig=1528.0*+121.8+39.6
TAGSIG window=1528.100 n=37 sig=1528.0*+121.8
TAGSIG window=1528.100 n=34 sig=1528.0*+40.2
TAGSIG window=1528.100 n=21 sig=1528.0*
TAGSIG window=1528.100 n=19 sig=1528.0*+39.6
TAGSIG window=1528.100 n=17 sig=1528.0*+40.2+39.6
TAGSIG window=1528.100 n=16 sig=1528.0*+40.2+40.2
TAGSIG window=1528.100 n=10 sig=1528.0*+121.8+45.5
TAGSIG window=1528.100 n=8 sig=1528.0*+45.5
TAGSIG window=1528.100 n=7 sig=1528.0*+39.6+39.6
TAGSIG window=1528.100 n=6 sig=1528.0*+121.8+45.3
TAGSIG window=1528.100 n=6 sig=1528.0*+121.8+5.6
TAGSIG window=1528.100 n=5 sig=1528.0*+39.6+6.2
TAGSIG window=1528.100 n=5 sig=1528.0*+121.8+39.6+6.2
TAGSIG window=1528.100 n=5 sig=1528.0*+40.2+5.6
TAGSIG window=1528.100 n=5 sig=1528.0*+121.8+40.2+5.6
TAGSIG window=1528.100 n=5 sig=1528.0*+45.3+40.2
TAGSIG window=1528.100 n=5 sig=1528.0*+45.5+39.6
TAGSIG window=1528.100 n=4 sig=1528.0*+40.2+40.2+5.6
TAGSIG window=1528.100 n=4 sig=1528.0*+45.3
TAGSIG window=1528.100 n=4 sig=1528.0*+45.5+40.2
TAGSIG window=1528.100 n=3 sig=1528.0*+121.8+46.6
TAGSIG window=1528.100 n=3 sig=1528.0*+40.2+40.2+6.6
TAGSIG window=1528.100 n=3 sig=1528.0*+46.6+39.6
TAGSIG window=1528.100 n=3 sig=1528.0*+46.6+40.2
TAGSIG window=1528.100 n=3 sig=964.1*+564.0*+121.8+40.2
TAGSIG window=1528.100 n=2 sig=1528.0*+45.5+45.5
TAGSIG window=1528.100 n=2 sig=1528.0*+40.2+39.6+5.6
TAGSIG window=1528.100 n=2 sig=1528.0*+39.6+39.6+6.2
TAGSIG window=1528.100 n=2 sig=1528.0*+5.6
TAGSIG window=1528.100 n=2 sig=964.1*+564.0*+121.8
TAGSIG window=1528.100 n=2 sig=1528.0*+40.2+39.6+6.2
TAGSIG window=1528.100 n=2 sig=964.1*+564.0*+121.8+45.5
TAGSIG window=1528.100 n=2 sig=964.1*+564.0*+39.6
TAGSIG window=1528.100 n=2 sig=964.1*+564.0*+40.2
TAGSIG window=1528.100 n=1 sig=1528.0*+39.6+5.6
TAGSIG window=1528.100 n=1 sig=1528.0*+39.6+7.2
TAGSIG window=1528.100 n=1 sig=1528.0*+39.6+7.2+6.2
TAGSIG window=1528.100 n=1 sig=1528.0*+40.2+39.6+1.4
TAGSIG window=1528.100 n=1 sig=1528.0*+40.2+39.6+7.2
TAGSIG window=1528.100 n=1 sig=1528.0*+40.2+40.2+5.0
TAGSIG window=1528.100 n=1 sig=1528.0*+40.2+5.0
TAGSIG window=1528.100 n=1 sig=1528.0*+40.2+6.2
TAGSIG window=1528.100 n=1 sig=1528.0*+40.2+6.2+5.0
TAGSIG window=1528.100 n=1 sig=1528.0*+40.2+6.2+5.6
TAGSIG window=1528.100 n=1 sig=1528.0*+40.2+6.3
TAGSIG window=1528.100 n=1 sig=1528.0*+40.2+6.6
TAGSIG window=1528.100 n=1 sig=1528.0*+40.2+7.2
TAGSIG window=1528.100 n=1 sig=1112.1*+416.0*+121.8+39.6+6.2
TAGSIG window=1528.100 n=1 sig=1528.0*+45.3+39.6
TAGSIG window=1528.100 n=1 sig=1528.0*+45.3+39.6+6.2
TAGSIG window=1528.100 n=1 sig=1112.1*+416.0*+121.8+40.2
TAGSIG window=1528.100 n=1 sig=1528.0*+45.3+40.2+5.6
TAGSIG window=1528.100 n=1 sig=1112.1*+416.0*+39.6
TAGSIG window=1528.100 n=1 sig=1112.1*+416.0*+6.2
TAGSIG window=1528.100 n=1 sig=1528.0*+45.5+39.6+5.6
TAGSIG window=1528.100 n=1 sig=1408.0*+121.8+39.6
TAGSIG window=1528.100 n=1 sig=1528.0*+45.5+40.2+5.0
TAGSIG window=1528.100 n=1 sig=1408.0*+121.8+40.2
TAG window=329.400 total=1251 distinct=281
TAGSIG window=329.400 n=111 sig=778.9+344.3
TAGSIG window=329.400 n=102 sig=963.4+329.4*+40.2
TAGSIG window=329.400 n=78 sig=963.4+329.4*
TAGSIG window=329.400 n=63 sig=841.6+329.4*+121.8+40.2
TAGSIG window=329.400 n=57 sig=963.4+329.4*+39.6
TAGSIG window=329.400 n=44 sig=841.6+329.4*+40.2
TAGSIG window=329.400 n=37 sig=841.6+329.4*+121.8
TAGSIG window=329.400 n=32 sig=344.3
TAGSIG window=329.400 n=32 sig=841.6+329.4*+121.8+39.6
TAGSIG window=329.400 n=23 sig=963.4+329.4*+45.5
TAGSIG window=329.400 n=21 sig=963.4+329.4*+45.3
TAGSIG window=329.400 n=18 sig=841.6+329.4*+40.2+39.6
TAGSIG window=329.400 n=18 sig=841.6+329.4*+40.2+40.2
TAGSIG window=329.400 n=17 sig=841.6+329.4*
TAGSIG window=329.400 n=15 sig=964.1+121.8+40.2
TAGSIG window=329.400 n=15 sig=841.6+329.4*+39.6
TAGSIG window=329.400 n=14 sig=841.6+329.4*+121.8+45.5
TAGSIG window=329.400 n=13 sig=963.4+329.4*+40.2+5.6
TAGSIG window=329.400 n=11 sig=1299.1+344.3
TAGSIG window=329.400 n=11 sig=841.6+329.4*+45.5+40.2
TAGSIG window=329.400 n=9 sig=964.1+121.8+39.6
TAGSIG window=329.400 n=9 sig=841.6+329.4*+121.8+45.3
TAGSIG window=329.400 n=9 sig=841.6+329.4*+121.8+40.2+5.6
TAGSIG window=329.400 n=9 sig=1089.7+344.3
TAGSIG window=329.400 n=8 sig=1085.8
TAGSIG window=329.400 n=8 sig=1085.8+40.2
TAGSIG window=329.400 n=8 sig=963.4+329.4*+6.2
TAGSIG window=329.400 n=8 sig=1408.0+121.8+40.2
TAGSIG window=329.400 n=8 sig=963.4+329.4*+39.6+6.2
TAGSIG window=329.400 n=7 sig=1112.1+40.2
TAGSIG window=329.400 n=7 sig=964.1+39.6
TAGSIG window=329.400 n=7 sig=1112.1+121.8+40.2
TAGSIG window=329.400 n=7 sig=841.6+329.4*+45.5
TAGSIG window=329.400 n=7 sig=1408.0+121.8
TAGSIG window=329.400 n=6 sig=1085.8+39.6
TAGSIG window=329.400 n=6 sig=1408.0
TAGSIG window=329.400 n=6 sig=841.6+329.4*+40.2+40.2+5.6
TAGSIG window=329.400 n=6 sig=964.1+121.8
TAGSIG window=329.400 n=6 sig=964.1+40.2+39.6
TAGSIG window=329.400 n=5 sig=867.4+244.7+121.8+40.2
TAGSIG window=329.400 n=5 sig=1085.8+45.5
TAGSIG window=329.400 n=5 sig=841.6+329.4*+39.6+6.2
TAGSIG window=329.400 n=5 sig=678.6+411.1+344.3
TAGSIG window=329.400 n=5 sig=1112.1+39.6
TAGSIG window=329.400 n=5 sig=841.6+329.4*+40.2+39.6+5.6
TAGSIG window=329.400 n=5 sig=963.4+329.4*+39.6+5.6
TAGSIG window=329.400 n=4 sig=411.1+344.3
TAGSIG window=329.400 n=4 sig=778.9+520.2+344.3
TAGSIG window=329.400 n=4 sig=1408.0+121.8+39.6
TAGSIG window=329.400 n=4 sig=1085.8+444.0+40.2
TAGSIG window=329.400 n=4 sig=1112.1+40.2+5.6
TAGSIG window=329.400 n=4 sig=963.4+329.4*+46.6
TAGSIG window=329.400 n=4 sig=841.6+329.4*+45.3+40.2
TAGSIG window=329.400 n=4 sig=841.6+329.4*+45.3
TAGSIG window=329.400 n=4 sig=841.6+329.4*+40.2+5.6
TAGSIG window=329.400 n=3 sig=841.6+329.4*+45.5+45.5
TAGSIG window=329.400 n=3 sig=586.3+344.3
TAGSIG window=329.400 n=3 sig=841.6+329.4*+121.8+39.6+6.2
TAGSIG window=329.400 n=3 sig=1085.8+40.2+5.6
TAGSIG window=329.400 n=3 sig=841.6+329.4*+45.5+39.6
TAGEND
