SETUP correlatedGamma=0 twoJmax=10 vacuum=0 seed=5 killesc=0 killcarry=0 fullcarry=0 histbin=0.100 histbins=30001 iontag=1
RESULT decays=20000000
RESULT any=2036505 eps_total=1.018253e-01
RESULT window=1123.200 counts=1429 eps=7.145000e-05
RESULT window=755.500 counts=673 eps=3.365000e-05
RESULT window=712.100 counts=504 eps=2.520000e-05
RESULT window=1434.000 counts=132 eps=6.600000e-06
RESULT window=1643.400 counts=94 eps=4.700000e-06
RESULT window=366.500 counts=1957 eps=9.785000e-05
RESULT window=1233.800 counts=708 eps=3.540000e-05
RESULT window=1529.800 counts=930 eps=4.650000e-05
RESULT window=989.200 counts=377 eps=1.885000e-05
RESULT window=565.700 counts=587 eps=2.935000e-05
RESULT window=161.300 counts=3615 eps=1.807500e-04
RESULT window=161.900 counts=5758 eps=2.879000e-04
RESULT window=167.300 counts=2449 eps=1.224500e-04
RESULT window=168.400 counts=1184 eps=5.920000e-05
RESULT window=284.200 counts=1305 eps=6.525000e-05
RESULT window=284.800 counts=1897 eps=9.485000e-05
RESULT window=290.200 counts=976 eps=4.880000e-05
RESULT window=1447.500 counts=401 eps=2.005000e-05
RESULT window=1448.100 counts=658 eps=3.290000e-05
RESULT window=1453.500 counts=235 eps=1.175000e-05
RESULT window=1003.600 counts=534 eps=2.670000e-05
RESULT window=1004.200 counts=804 eps=4.020000e-05
RESULT window=1009.600 counts=364 eps=1.820000e-05
RESULT window=1125.400 counts=317 eps=1.585000e-05
RESULT window=1126.000 counts=476 eps=2.380000e-05
RESULT window=1131.400 counts=194 eps=9.700000e-06
RESULT window=1151.600 counts=405 eps=2.025000e-05
RESULT window=1152.200 counts=692 eps=3.460000e-05
RESULT window=1157.600 counts=323 eps=1.615000e-05
RESULT window=906.900 counts=325 eps=1.625000e-05
RESULT window=907.500 counts=400 eps=2.000000e-05
RESULT window=483.500 counts=573 eps=2.865000e-05
RESULT window=484.100 counts=698 eps=3.490000e-05
RESULT window=1334.700 counts=73 eps=3.650000e-06
RESULT window=930.500 counts=341 eps=1.705000e-05
RESULT window=1109.200 counts=492 eps=2.460000e-05
RESULT window=1250.000 counts=375 eps=1.875000e-05
RESULT window=1528.100 counts=430 eps=2.150000e-05
RESULT window=329.400 counts=1283 eps=6.415000e-05
HISTBEGIN bins=30001 bin_kev=0.100000 decays=20000000
HIST 0 6
HIST 1 55
HIST 2 61
HIST 3 46
HIST 4 60
HIST 5 51
HIST 6 57
HIST 7 76
HIST 8 81
HIST 9 91
HIST 10 77
HIST 11 92
HIST 12 96
HIST 13 100
HIST 14 81
HIST 15 87
HIST 16 113
HIST 17 94
HIST 18 78
HIST 19 89
HIST 20 89
HIST 21 96
HIST 22 103
HIST 23 108
HIST 24 83
HIST 25 87
HIST 26 99
HIST 27 94
HIST 28 90
HIST 29 108
HIST 30 118
HIST 31 110
HIST 32 103
HIST 33 110
HIST 34 115
HIST 35 103
HIST 36 105
HIST 37 118
HIST 38 106
HIST 39 115
HIST 40 108
HIST 41 105
HIST 42 110
HIST 43 118
HIST 44 131
HIST 45 102
HIST 46 158
HIST 47 144
HIST 48 169
HIST 49 153
HIST 50 160
HIST 51 151
HIST 52 177
HIST 53 169
HIST 54 181
HIST 55 187
HIST 56 182
HIST 57 173
HIST 58 172
HIST 59 173
HIST 60 185
HIST 61 177
HIST 62 189
HIST 63 189
HIST 64 312
HIST 65 1420
HIST 66 218
HIST 67 185
HIST 68 188
HIST 69 193
HIST 70 460
HIST 71 2421
HIST 72 232
HIST 73 6053
HIST 74 203
HIST 75 197
HIST 76 358
HIST 77 215
HIST 78 187
HIST 79 10764
HIST 80 169
HIST 81 183
HIST 82 214
HIST 83 184
HIST 84 207
HIST 85 207
HIST 86 201
HIST 87 214
HIST 88 232
HIST 89 223
HIST 90 229
HIST 91 231
HIST 92 251
HIST 93 276
HIST 94 278
HIST 95 265
HIST 96 267
HIST 97 287
HIST 98 307
HIST 99 297
HIST 100 353
HIST 101 394
HIST 102 315
HIST 103 341
HIST 104 318
HIST 105 335
HIST 106 346
HIST 107 326
HIST 108 454
HIST 109 18963
HIST 110 303
HIST 111 290
HIST 112 257
HIST 113 10250
HIST 114 275
HIST 115 248
HIST 116 33375
HIST 117 182
HIST 118 158
HIST 119 18011
HIST 120 122
HIST 121 140
HIST 122 150
HIST 123 401
HIST 124 568
HIST 125 144
HIST 126 145
HIST 127 140
HIST 128 167
HIST 129 164
HIST 130 709
HIST 131 540
HIST 132 2029
HIST 133 162
HIST 134 141
HIST 135 185
HIST 136 291
HIST 137 388
HIST 138 191
HIST 139 132
HIST 140 273
HIST 141 153
HIST 142 135
HIST 143 562
HIST 144 334
HIST 145 528
HIST 146 266
HIST 147 134
HIST 148 331
HIST 149 126
HIST 150 146
HIST 151 121
HIST 152 134
HIST 153 145
HIST 154 136
HIST 155 147
HIST 156 147
HIST 157 140
HIST 158 138
HIST 159 139
HIST 160 150
HIST 161 146
HIST 162 140
HIST 163 167
HIST 164 135
HIST 165 166
HIST 166 138
HIST 167 3215
HIST 168 143
HIST 169 6202
HIST 170 1743
HIST 171 101
HIST 172 3479
HIST 173 117
HIST 174 103
HIST 175 193
HIST 176 114
HIST 177 123
HIST 178 118
HIST 179 109
HIST 180 2074
HIST 181 141
HIST 182 510
HIST 183 1128
HIST 184 124
HIST 185 336
HIST 186 116
HIST 187 98
HIST 188 146
HIST 189 102
HIST 190 72
HIST 191 109
HIST 192 110
HIST 193 118
HIST 194 118
HIST 195 107
HIST 196 97
HIST 197 115
HIST 198 103
HIST 199 106
HIST 200 134
HIST 201 115
HIST 202 184
HIST 203 112
HIST 204 115
HIST 205 150
HIST 206 106
HIST 207 92
HIST 208 101
HIST 209 100
HIST 210 120
HIST 211 110
HIST 212 92
HIST 213 82
HIST 214 123
HIST 215 100
HIST 216 117
HIST 217 123
HIST 218 115
HIST 219 93
HIST 220 108
HIST 221 110
HIST 222 123
HIST 223 102
HIST 224 100
HIST 225 118
HIST 226 107
HIST 227 102
HIST 228 111
HIST 229 99
HIST 230 99
HIST 231 129
HIST 232 112
HIST 233 105
HIST 234 117
HIST 235 107
HIST 236 90
HIST 237 105
HIST 238 96
HIST 239 107
HIST 240 111
HIST 241 98
HIST 242 95
HIST 243 84
HIST 244 108
HIST 245 105
HIST 246 106
HIST 247 122
HIST 248 108
HIST 249 120
HIST 250 105
HIST 251 103
HIST 252 98
HIST 253 94
HIST 254 113
HIST 255 101
HIST 256 105
HIST 257 96
HIST 258 105
HIST 259 94
HIST 260 105
HIST 261 131
HIST 262 116
HIST 263 101
HIST 264 104
HIST 265 92
HIST 266 110
HIST 267 96
HIST 268 98
HIST 269 108
HIST 270 108
HIST 271 113
HIST 272 97
HIST 273 95
HIST 274 83
HIST 275 91
HIST 276 115
HIST 277 112
HIST 278 95
HIST 279 125
HIST 280 99
HIST 281 104
HIST 282 103
HIST 283 88
HIST 284 127
HIST 285 108
HIST 286 106
HIST 287 129
HIST 288 96
HIST 289 95
HIST 290 98
HIST 291 102
HIST 292 129
HIST 293 128
HIST 294 100
HIST 295 120
HIST 296 136
HIST 297 110
HIST 298 123
HIST 299 120
HIST 300 124
HIST 301 125
HIST 302 132
HIST 303 122
HIST 304 121
HIST 305 102
HIST 306 134
HIST 307 114
HIST 308 118
HIST 309 120
HIST 310 141
HIST 311 149
HIST 312 153
HIST 313 141
HIST 314 135
HIST 315 148
HIST 316 113
HIST 317 148
HIST 318 129
HIST 319 131
HIST 320 155
HIST 321 145
HIST 322 176
HIST 323 137
HIST 324 173
HIST 325 170
HIST 326 167
HIST 327 158
HIST 328 157
HIST 329 146
HIST 330 175
HIST 331 196
HIST 332 161
HIST 333 163
HIST 334 155
HIST 335 162
HIST 336 161
HIST 337 180
HIST 338 172
HIST 339 202
HIST 340 188
HIST 341 208
HIST 342 193
HIST 343 208
HIST 344 203
HIST 345 214
HIST 346 238
HIST 347 223
HIST 348 261
HIST 349 249
HIST 350 264
HIST 351 317
HIST 352 255
HIST 353 324
HIST 354 291
HIST 355 278
HIST 356 344
HIST 357 311
HIST 358 277
HIST 359 335
HIST 360 404
HIST 361 370
HIST 362 459
HIST 363 404
HIST 364 444
HIST 365 413
HIST 366 496
HIST 367 509
HIST 368 532
HIST 369 530
HIST 370 611
HIST 371 585
HIST 372 641
HIST 373 714
HIST 374 811
HIST 375 764
HIST 376 792
HIST 377 885
HIST 378 831
HIST 379 864
HIST 380 883
HIST 381 938
HIST 382 1016
HIST 383 951
HIST 384 1004
HIST 385 1043
HIST 386 1089
HIST 387 1117
HIST 388 1159
HIST 389 1190
HIST 390 1178
HIST 391 1193
HIST 392 1229
HIST 393 1233
HIST 394 1286
HIST 395 1105
HIST 396 153221
HIST 397 907
HIST 398 926
HIST 399 861
HIST 400 882
HIST 401 603
HIST 402 280954
HIST 403 135
HIST 404 150
HIST 405 138
HIST 406 155
HIST 407 167
HIST 408 145
HIST 409 149
HIST 410 120
HIST 411 153
HIST 412 174
HIST 413 171
HIST 414 163
HIST 415 182
HIST 416 161
HIST 417 176
HIST 418 182
HIST 419 168
HIST 420 190
HIST 421 201
HIST 422 204
HIST 423 202
HIST 424 2278
HIST 425 230
HIST 426 236
HIST 427 258
HIST 428 259
HIST 429 272
HIST 430 262
HIST 431 4022
HIST 432 245
HIST 433 246
HIST 434 262
HIST 435 294
HIST 436 236
HIST 437 292
HIST 438 305
HIST 439 278
HIST 440 257
HIST 441 299
HIST 442 306
HIST 443 317
HIST 444 325
HIST 445 331
HIST 446 345
HIST 447 338
HIST 448 289
HIST 449 342
HIST 450 362
HIST 451 324
HIST 452 338
HIST 453 31320
HIST 454 227
HIST 455 60497
HIST 456 148
HIST 457 144
HIST 458 1138
HIST 459 152
HIST 460 137
HIST 461 147
HIST 462 139
HIST 463 179
HIST 464 139
HIST 465 143
HIST 466 20321
HIST 467 311
HIST 468 2936
HIST 469 1500
HIST 470 86
HIST 471 101
HIST 472 103
HIST 473 104
HIST 474 152
HIST 475 131
HIST 476 87
HIST 477 86
HIST 478 93
HIST 479 85
HIST 480 134
HIST 481 118
HIST 482 85
HIST 483 87
HIST 484 97
HIST 485 106
HIST 486 516
HIST 487 99
HIST 488 846
HIST 489 88
HIST 490 96
HIST 491 122
HIST 492 92
HIST 493 90
HIST 494 99
HIST 495 87
HIST 496 89
HIST 497 109
HIST 498 98
HIST 499 77
HIST 500 346
HIST 501 98
HIST 502 82
HIST 503 156
HIST 504 83
HIST 505 160
HIST 506 80
HIST 507 93
HIST 508 141
HIST 509 80
HIST 510 96
HIST 511 364
HIST 512 86
HIST 513 80
HIST 514 248
HIST 515 84
HIST 516 101
HIST 517 366
HIST 518 94
HIST 519 81
HIST 520 236
HIST 521 111
HIST 522 81
HIST 523 91
HIST 524 98
HIST 525 91
HIST 526 89
HIST 527 89
HIST 528 104
HIST 529 92
HIST 530 81
HIST 531 88
HIST 532 112
HIST 533 107
HIST 534 73
HIST 535 80
HIST 536 90
HIST 537 91
HIST 538 67
HIST 539 83
HIST 540 106
HIST 541 98
HIST 542 89
HIST 543 88
HIST 544 94
HIST 545 87
HIST 546 90
HIST 547 69
HIST 548 97
HIST 549 103
HIST 550 85
HIST 551 88
HIST 552 92
HIST 553 94
HIST 554 109
HIST 555 93
HIST 556 88
HIST 557 84
HIST 558 83
HIST 559 88
HIST 560 70
HIST 561 86
HIST 562 66
HIST 563 115
HIST 564 149
HIST 565 76
HIST 566 103
HIST 567 117
HIST 568 98
HIST 569 129
HIST 570 196
HIST 571 96
HIST 572 120
HIST 573 150
HIST 574 85
HIST 575 96
HIST 576 84
HIST 577 88
HIST 578 89
HIST 579 99
HIST 580 87
HIST 581 76
HIST 582 103
HIST 583 88
HIST 584 96
HIST 585 102
HIST 586 87
HIST 587 106
HIST 588 74
HIST 589 76
HIST 590 104
HIST 591 92
HIST 592 88
HIST 593 74
HIST 594 77
HIST 595 77
HIST 596 85
HIST 597 96
HIST 598 74
HIST 599 85
HIST 600 82
HIST 601 87
HIST 602 87
HIST 603 78
HIST 604 73
HIST 605 92
HIST 606 88
HIST 607 84
HIST 608 100
HIST 609 89
HIST 610 67
HIST 611 89
HIST 612 81
HIST 613 75
HIST 614 72
HIST 615 70
HIST 616 78
HIST 617 84
HIST 618 88
HIST 619 89
HIST 620 87
HIST 621 81
HIST 622 96
HIST 623 83
HIST 624 77
HIST 625 79
HIST 626 99
HIST 627 72
HIST 628 75
HIST 629 73
HIST 630 78
HIST 631 97
HIST 632 80
HIST 633 95
HIST 634 83
HIST 635 96
HIST 636 87
HIST 637 92
HIST 638 108
HIST 639 86
HIST 640 90
HIST 641 85
HIST 642 82
HIST 643 75
HIST 644 73
HIST 645 101
HIST 646 81
HIST 647 98
HIST 648 94
HIST 649 92
HIST 650 86
HIST 651 92
HIST 652 91
HIST 653 76
HIST 654 94
HIST 655 95
HIST 656 91
HIST 657 72
HIST 658 98
HIST 659 73
HIST 660 91
HIST 661 100
HIST 662 103
HIST 663 90
HIST 664 95
HIST 665 101
HIST 666 84
HIST 667 96
HIST 668 99
HIST 669 101
HIST 670 98
HIST 671 97
HIST 672 75
HIST 673 84
HIST 674 93
HIST 675 98
HIST 676 100
HIST 677 108
HIST 678 68
HIST 679 100
HIST 680 94
HIST 681 113
HIST 682 90
HIST 683 97
HIST 684 90
HIST 685 79
HIST 686 75
HIST 687 69
HIST 688 82
HIST 689 78
HIST 690 82
HIST 691 87
HIST 692 79
HIST 693 94
HIST 694 93
HIST 695 75
HIST 696 74
HIST 697 76
HIST 698 89
HIST 699 88
HIST 700 79
HIST 701 79
HIST 702 93
HIST 703 86
HIST 704 68
HIST 705 86
HIST 706 101
HIST 707 89
HIST 708 85
HIST 709 102
HIST 710 73
HIST 711 90
HIST 712 79
HIST 713 100
HIST 714 84
HIST 715 77
HIST 716 92
HIST 717 81
HIST 718 105
HIST 719 86
HIST 720 79
HIST 721 76
HIST 722 101
HIST 723 94
HIST 724 71
HIST 725 85
HIST 726 69
HIST 727 97
HIST 728 78
HIST 729 86
HIST 730 92
HIST 731 87
HIST 732 77
HIST 733 90
HIST 734 92
HIST 735 79
HIST 736 90
HIST 737 92
HIST 738 95
HIST 739 90
HIST 740 86
HIST 741 92
HIST 742 111
HIST 743 103
HIST 744 99
HIST 745 80
HIST 746 99
HIST 747 98
HIST 748 81
HIST 749 85
HIST 750 70
HIST 751 103
HIST 752 95
HIST 753 81
HIST 754 84
HIST 755 84
HIST 756 83
HIST 757 102
HIST 758 92
HIST 759 94
HIST 760 74
HIST 761 107
HIST 762 97
HIST 763 76
HIST 764 74
HIST 765 82
HIST 766 110
HIST 767 113
HIST 768 80
HIST 769 89
HIST 770 94
HIST 771 88
HIST 772 106
HIST 773 94
HIST 774 86
HIST 775 87
HIST 776 114
HIST 777 108
HIST 778 88
HIST 779 81
HIST 780 102
HIST 781 87
HIST 782 100
HIST 783 94
HIST 784 104
HIST 785 84
HIST 786 121
HIST 787 104
HIST 788 102
HIST 789 89
HIST 790 89
HIST 791 415
HIST 792 97
HIST 793 104
HIST 794 92
HIST 795 97
HIST 796 95
HIST 797 1399
HIST 798 118
HIST 799 121
HIST 800 103
HIST 801 99
HIST 802 87
HIST 803 1283
HIST 804 90
HIST 805 79
HIST 806 79
HIST 807 69
HIST 808 99
HIST 809 96
HIST 810 96
HIST 811 93
HIST 812 104
HIST 813 108
HIST 814 86
HIST 815 86
HIST 816 92
HIST 817 93
HIST 818 91
HIST 819 96
HIST 820 99
HIST 821 99
HIST 822 90
HIST 823 78
HIST 824 109
HIST 825 108
HIST 826 109
HIST 827 84
HIST 828 94
HIST 829 108
HIST 830 95
HIST 831 119
HIST 832 111
HIST 833 97
HIST 834 105
HIST 835 116
HIST 836 118
HIST 837 120
HIST 838 110
HIST 839 106
HIST 840 99
HIST 841 103
HIST 842 90
HIST 843 105
HIST 844 125
HIST 845 106
HIST 846 105
HIST 847 77
HIST 848 112
HIST 849 234
HIST 850 382
HIST 851 104
HIST 852 113
HIST 853 117
HIST 854 113
HIST 855 376
HIST 856 606
HIST 857 100
HIST 858 101
HIST 859 87
HIST 860 105
HIST 861 75
HIST 862 181
HIST 863 101
HIST 864 109
HIST 865 103
HIST 866 95
HIST 867 93
HIST 868 242
HIST 869 91
HIST 870 119
HIST 871 105
HIST 872 82
HIST 873 113
HIST 874 87
HIST 875 92
HIST 876 102
HIST 877 86
HIST 878 97
HIST 879 92
HIST 880 75
HIST 881 104
HIST 882 71
HIST 883 109
HIST 884 113
HIST 885 96
HIST 886 131
HIST 887 92
HIST 888 450
HIST 889 100
HIST 890 81
HIST 891 92
HIST 892 96
HIST 893 100
HIST 894 124
HIST 895 1594
HIST 896 102
HIST 897 77
HIST 898 95
HIST 899 111
HIST 900 115
HIST 901 104
HIST 902 101
HIST 903 100
HIST 904 89
HIST 905 86
HIST 906 104
HIST 907 129
HIST 908 154
HIST 909 142
HIST 910 100
HIST 911 105
HIST 912 113
HIST 913 72
HIST 914 94
HIST 915 90
HIST 916 96
HIST 917 105
HIST 918 95
HIST 919 100
HIST 920 100
HIST 921 117
HIST 922 109
HIST 923 113
HIST 924 108
HIST 925 110
HIST 926 88
HIST 927 103
HIST 928 94
HIST 929 117
HIST 930 107
HIST 931 94
HIST 932 4125
HIST 933 105
HIST 934 113
HIST 935 2126
HIST 936 114
HIST 937 104
HIST 938 90
HIST 939 88
HIST 940 113
HIST 941 112
HIST 942 96
HIST 943 81
HIST 944 100
HIST 945 84
HIST 946 113
HIST 947 109
HIST 948 114
HIST 949 114
HIST 950 105
HIST 951 101
HIST 952 105
HIST 953 97
HIST 954 94
HIST 955 103
HIST 956 106
HIST 957 114
HIST 958 99
HIST 959 113
HIST 960 100
HIST 961 107
HIST 962 103
HIST 963 98
HIST 964 92
HIST 965 111
HIST 966 98
HIST 967 109
HIST 968 114
HIST 969 101
HIST 970 102
HIST 971 122
HIST 972 114
HIST 973 118
HIST 974 121
HIST 975 123
HIST 976 122
HIST 977 102
HIST 978 122
HIST 979 120
HIST 980 113
HIST 981 124
HIST 982 124
HIST 983 108
HIST 984 102
HIST 985 113
HIST 986 105
HIST 987 123
HIST 988 114
HIST 989 120
HIST 990 105
HIST 991 111
HIST 992 119
HIST 993 118
HIST 994 118
HIST 995 107
HIST 996 102
HIST 997 120
HIST 998 116
HIST 999 115
HIST 1000 118
HIST 1001 121
HIST 1002 117
HIST 1003 140
HIST 1004 126
HIST 1005 131
HIST 1006 96
HIST 1007 128
HIST 1008 108
HIST 1009 121
HIST 1010 119
HIST 1011 125
HIST 1012 119
HIST 1013 146
HIST 1014 123
HIST 1015 129
HIST 1016 125
HIST 1017 116
HIST 1018 126
HIST 1019 120
HIST 1020 119
HIST 1021 119
HIST 1022 120
HIST 1023 145
HIST 1024 111
HIST 1025 116
HIST 1026 122
HIST 1027 129
HIST 1028 128
HIST 1029 144
HIST 1030 137
HIST 1031 133
HIST 1032 112
HIST 1033 124
HIST 1034 134
HIST 1035 161
HIST 1036 131
HIST 1037 146
HIST 1038 137
HIST 1039 160
HIST 1040 148
HIST 1041 115
HIST 1042 120
HIST 1043 119
HIST 1044 132
HIST 1045 158
HIST 1046 145
HIST 1047 142
HIST 1048 145
HIST 1049 130
HIST 1050 127
HIST 1051 125
HIST 1052 120
HIST 1053 132
HIST 1054 136
HIST 1055 140
HIST 1056 160
HIST 1057 130
HIST 1058 141
HIST 1059 134
HIST 1060 119
HIST 1061 134
HIST 1062 134
HIST 1063 139
HIST 1064 152
HIST 1065 174
HIST 1066 143
HIST 1067 149
HIST 1068 119
HIST 1069 129
HIST 1070 152
HIST 1071 138
HIST 1072 168
HIST 1073 145
HIST 1074 152
HIST 1075 150
HIST 1076 141
HIST 1077 152
HIST 1078 162
HIST 1079 166
HIST 1080 119
HIST 1081 126
HIST 1082 162
HIST 1083 156
HIST 1084 139
HIST 1085 157
HIST 1086 146
HIST 1087 148
HIST 1088 134
HIST 1089 148
HIST 1090 156
HIST 1091 147
HIST 1092 154
HIST 1093 137
HIST 1094 163
HIST 1095 156
HIST 1096 143
HIST 1097 167
HIST 1098 176
HIST 1099 153
HIST 1100 144
HIST 1101 156
HIST 1102 153
HIST 1103 167
HIST 1104 161
HIST 1105 169
HIST 1106 163
HIST 1107 141
HIST 1108 155
HIST 1109 146
HIST 1110 153
HIST 1111 166
HIST 1112 152
HIST 1113 155
HIST 1114 161
HIST 1115 146
HIST 1116 158
HIST 1117 160
HIST 1118 154
HIST 1119 151
HIST 1120 178
HIST 1121 166
HIST 1122 154
HIST 1123 163
HIST 1124 159
HIST 1125 169
HIST 1126 162
HIST 1127 163
HIST 1128 161
HIST 1129 134
HIST 1130 188
HIST 1131 178
HIST 1132 166
HIST 1133 163
HIST 1134 174
HIST 1135 178
HIST 1136 203
HIST 1137 172
HIST 1138 183
HIST 1139 186
HIST 1140 166
HIST 1141 188
HIST 1142 174
HIST 1143 161
HIST 1144 188
HIST 1145 157
HIST 1146 162
HIST 1147 180
HIST 1148 164
HIST 1149 165
HIST 1150 177
HIST 1151 184
HIST 1152 179
HIST 1153 146
HIST 1154 168
HIST 1155 158
HIST 1156 171
HIST 1157 185
HIST 1158 169
HIST 1159 168
HIST 1160 165
HIST 1161 154
HIST 1162 157
HIST 1163 164
HIST 1164 180
HIST 1165 173
HIST 1166 172
HIST 1167 178
HIST 1168 161
HIST 1169 148
HIST 1170 185
HIST 1171 197
HIST 1172 186
HIST 1173 176
HIST 1174 166
HIST 1175 188
HIST 1176 194
HIST 1177 187
HIST 1178 196
HIST 1179 191
HIST 1180 151
HIST 1181 177
HIST 1182 197
HIST 1183 182
HIST 1184 202
HIST 1185 205
HIST 1186 191
HIST 1187 183
HIST 1188 177
HIST 1189 208
HIST 1190 187
HIST 1191 180
HIST 1192 194
HIST 1193 213
HIST 1194 179
HIST 1195 196
HIST 1196 205
HIST 1197 202
HIST 1198 206
HIST 1199 195
HIST 1200 197
HIST 1201 190
HIST 1202 194
HIST 1203 204
HIST 1204 187
HIST 1205 183
HIST 1206 169
HIST 1207 161
HIST 1208 180
HIST 1209 183
HIST 1210 196
HIST 1211 192
HIST 1212 170
HIST 1213 171
HIST 1214 171
HIST 1215 169
HIST 1216 155
HIST 1217 137
HIST 1218 290238
HIST 1219 57
HIST 1220 67
HIST 1221 76
HIST 1222 79
HIST 1223 77
HIST 1224 69
HIST 1225 75
HIST 1226 67
HIST 1227 66
HIST 1228 62
HIST 1229 50
HIST 1230 74
HIST 1231 74
HIST 1232 66
HIST 1233 91
HIST 1234 78
HIST 1235 63
HIST 1236 85
HIST 1237 61
HIST 1238 58
HIST 1239 78
HIST 1240 74
HIST 1241 78
HIST 1242 74
HIST 1243 91
HIST 1244 78
HIST 1245 67
HIST 1246 68
HIST 1247 67
HIST 1248 77
HIST 1249 69
HIST 1250 63
HIST 1251 72
HIST 1252 82
HIST 1253 70
HIST 1254 76
HIST 1255 70
HIST 1256 66
HIST 1257 125
HIST 1258 75
HIST 1259 75
HIST 1260 78
HIST 1261 80
HIST 1262 71
HIST 1263 72
HIST 1264 67
HIST 1265 77
HIST 1266 70
HIST 1267 74
HIST 1268 86
HIST 1269 79
HIST 1270 76
HIST 1271 63
HIST 1272 90
HIST 1273 77
HIST 1274 61
HIST 1275 89
HIST 1276 86
HIST 1277 83
HIST 1278 74
HIST 1279 75
HIST 1280 74
HIST 1281 70
HIST 1282 81
HIST 1283 105
HIST 1284 70
HIST 1285 76
HIST 1286 70
HIST 1287 70
HIST 1288 69
HIST 1289 105
HIST 1290 155
HIST 1291 113
HIST 1292 74
HIST 1293 83
HIST 1294 80
HIST 1295 62
HIST 1296 73
HIST 1297 297
HIST 1298 80
HIST 1299 69
HIST 1300 86
HIST 1301 83
HIST 1302 76
HIST 1303 75
HIST 1304 65
HIST 1305 68
HIST 1306 67
HIST 1307 70
HIST 1308 74
HIST 1309 77
HIST 1310 83
HIST 1311 59
HIST 1312 73
HIST 1313 81
HIST 1314 86
HIST 1315 66
HIST 1316 59
HIST 1317 65
HIST 1318 77
HIST 1319 77
HIST 1320 70
HIST 1321 68
HIST 1322 81
HIST 1323 72
HIST 1324 76
HIST 1325 76
HIST 1326 77
HIST 1327 475
HIST 1328 81
HIST 1329 75
HIST 1330 258
HIST 1331 81
HIST 1332 81
HIST 1333 747
HIST 1334 81
HIST 1335 80
HIST 1336 412
HIST 1337 83
HIST 1338 71
HIST 1339 81
HIST 1340 89
HIST 1341 83
HIST 1342 72
HIST 1343 80
HIST 1344 75
HIST 1345 77
HIST 1346 75
HIST 1347 88
HIST 1348 89
HIST 1349 76
HIST 1350 98
HIST 1351 79
HIST 1352 67
HIST 1353 82
HIST 1354 63
HIST 1355 64
HIST 1356 70
HIST 1357 61
HIST 1358 64
HIST 1359 63
HIST 1360 65
HIST 1361 78
HIST 1362 82
HIST 1363 76
HIST 1364 72
HIST 1365 72
HIST 1366 71
HIST 1367 71
HIST 1368 80
HIST 1369 74
HIST 1370 70
HIST 1371 75
HIST 1372 80
HIST 1373 67
HIST 1374 51
HIST 1375 72
HIST 1376 79
HIST 1377 75
HIST 1378 72
HIST 1379 76
HIST 1380 73
HIST 1381 61
HIST 1382 57
HIST 1383 76
HIST 1384 68
HIST 1385 127
HIST 1386 177
HIST 1387 73
HIST 1388 97
HIST 1389 151
HIST 1390 71
HIST 1391 88
HIST 1392 66
HIST 1393 62
HIST 1394 70
HIST 1395 74
HIST 1396 82
HIST 1397 62
HIST 1398 110
HIST 1399 75
HIST 1400 95
HIST 1401 82
HIST 1402 73
HIST 1403 88
HIST 1404 72
HIST 1405 87
HIST 1406 89
HIST 1407 70
HIST 1408 71
HIST 1409 75
HIST 1410 73
HIST 1411 72
HIST 1412 73
HIST 1413 65
HIST 1414 71
HIST 1415 86
HIST 1416 86
HIST 1417 83
HIST 1418 71
HIST 1419 72
HIST 1420 77
HIST 1421 69
HIST 1422 57
HIST 1423 82
HIST 1424 71
HIST 1425 58
HIST 1426 85
HIST 1427 91
HIST 1428 76
HIST 1429 60
HIST 1430 77
HIST 1431 85
HIST 1432 77
HIST 1433 86
HIST 1434 67
HIST 1435 90
HIST 1436 65
HIST 1437 79
HIST 1438 76
HIST 1439 73
HIST 1440 76
HIST 1441 68
HIST 1442 81
HIST 1443 77
HIST 1444 64
HIST 1445 78
HIST 1446 78
HIST 1447 74
HIST 1448 71
HIST 1449 73
HIST 1450 62
HIST 1451 66
HIST 1452 87
HIST 1453 85
HIST 1454 62
HIST 1455 92
HIST 1456 74
HIST 1457 68
HIST 1458 80
HIST 1459 77
HIST 1460 92
HIST 1461 70
HIST 1462 82
HIST 1463 71
HIST 1464 73
HIST 1465 87
HIST 1466 83
HIST 1467 64
HIST 1468 66
HIST 1469 69
HIST 1470 69
HIST 1471 85
HIST 1472 69
HIST 1473 73
HIST 1474 64
HIST 1475 78
HIST 1476 69
HIST 1477 92
HIST 1478 89
HIST 1479 78
HIST 1480 271
HIST 1481 85
HIST 1482 90
HIST 1483 76
HIST 1484 84
HIST 1485 70
HIST 1486 84
HIST 1487 76
HIST 1488 72
HIST 1489 85
HIST 1490 85
HIST 1491 87
HIST 1492 79
HIST 1493 69
HIST 1494 109
HIST 1495 91
HIST 1496 60
HIST 1497 66
HIST 1498 89
HIST 1499 80
HIST 1500 67
HIST 1501 78
HIST 1502 94
HIST 1503 81
HIST 1504 68
HIST 1505 82
HIST 1506 92
HIST 1507 73
HIST 1508 82
HIST 1509 85
HIST 1510 71
HIST 1511 78
HIST 1512 67
HIST 1513 81
HIST 1514 77
HIST 1515 83
HIST 1516 68
HIST 1517 73
HIST 1518 71
HIST 1519 77
HIST 1520 78
HIST 1521 89
HIST 1522 87
HIST 1523 74
HIST 1524 112
HIST 1525 82
HIST 1526 75
HIST 1527 84
HIST 1528 84
HIST 1529 90
HIST 1530 81
HIST 1531 87
HIST 1532 79
HIST 1533 75
HIST 1534 87
HIST 1535 81
HIST 1536 70
HIST 1537 78
HIST 1538 74
HIST 1539 91
HIST 1540 85
HIST 1541 73
HIST 1542 93
HIST 1543 81
HIST 1544 93
HIST 1545 92
HIST 1546 84
HIST 1547 89
HIST 1548 89
HIST 1549 81
HIST 1550 71
HIST 1551 71
HIST 1552 106
HIST 1553 85
HIST 1554 85
HIST 1555 93
HIST 1556 72
HIST 1557 83
HIST 1558 78
HIST 1559 87
HIST 1560 87
HIST 1561 72
HIST 1562 94
HIST 1563 83
HIST 1564 87
HIST 1565 77
HIST 1566 79
HIST 1567 89
HIST 1568 90
HIST 1569 94
HIST 1570 91
HIST 1571 70
HIST 1572 84
HIST 1573 69
HIST 1574 76
HIST 1575 78
HIST 1576 76
HIST 1577 91
HIST 1578 81
HIST 1579 108
HIST 1580 94
HIST 1581 86
HIST 1582 94
HIST 1583 92
HIST 1584 92
HIST 1585 77
HIST 1586 105
HIST 1587 73
HIST 1588 88
HIST 1589 75
HIST 1590 73
HIST 1591 94
HIST 1592 84
HIST 1593 108
HIST 1594 78
HIST 1595 76
HIST 1596 83
HIST 1597 99
HIST 1598 97
HIST 1599 98
HIST 1600 101
HIST 1601 85
HIST 1602 95
HIST 1603 100
HIST 1604 102
HIST 1605 108
HIST 1606 93
HIST 1607 112
HIST 1608 93
HIST 1609 94
HIST 1610 107
HIST 1611 121
HIST 1612 107
HIST 1613 2714
HIST 1614 73
HIST 1615 101
HIST 1616 92
HIST 1617 106
HIST 1618 90
HIST 1619 4679
HIST 1620 367
HIST 1621 82
HIST 1622 83
HIST 1623 82
HIST 1624 80
HIST 1625 87
HIST 1626 78
HIST 1627 56
HIST 1628 89
HIST 1629 72
HIST 1630 67
HIST 1631 92
HIST 1632 93
HIST 1633 79
HIST 1634 80
HIST 1635 80
HIST 1636 74
HIST 1637 88
HIST 1638 76
HIST 1639 90
HIST 1640 83
HIST 1641 69
HIST 1642 84
HIST 1643 70
HIST 1644 74
HIST 1645 80
HIST 1646 68
HIST 1647 79
HIST 1648 85
HIST 1649 93
HIST 1650 86
HIST 1651 97
HIST 1652 97
HIST 1653 81
HIST 1654 92
HIST 1655 75
HIST 1656 94
HIST 1657 74
HIST 1658 80
HIST 1659 80
HIST 1660 78
HIST 1661 62
HIST 1662 90
HIST 1663 89
HIST 1664 82
HIST 1665 83
HIST 1666 71
HIST 1667 80
HIST 1668 87
HIST 1669 83
HIST 1670 81
HIST 1671 587
HIST 1672 422
HIST 1673 851
HIST 1674 73
HIST 1675 103
HIST 1676 96
HIST 1677 77
HIST 1678 74
HIST 1679 77
HIST 1680 87
HIST 1681 70
HIST 1682 69
HIST 1683 82
HIST 1684 441
HIST 1685 83
HIST 1686 128
HIST 1687 63
HIST 1688 72
HIST 1689 70
HIST 1690 70
HIST 1691 89
HIST 1692 69
HIST 1693 74
HIST 1694 79
HIST 1695 82
HIST 1696 77
HIST 1697 92
HIST 1698 71
HIST 1699 65
HIST 1700 51
HIST 1701 69
HIST 1702 79
HIST 1703 84
HIST 1704 76
HIST 1705 84
HIST 1706 93
HIST 1707 90
HIST 1708 72
HIST 1709 81
HIST 1710 82
HIST 1711 80
HIST 1712 77
HIST 1713 78
HIST 1714 87
HIST 1715 58
HIST 1716 75
HIST 1717 85
HIST 1718 66
HIST 1719 75
HIST 1720 80
HIST 1721 72
HIST 1722 80
HIST 1723 89
HIST 1724 82
HIST 1725 95
HIST 1726 69
HIST 1727 83
HIST 1728 67
HIST 1729 78
HIST 1730 78
HIST 1731 87
HIST 1732 78
HIST 1733 75
HIST 1734 75
HIST 1735 87
HIST 1736 67
HIST 1737 70
HIST 1738 73
HIST 1739 89
HIST 1740 91
HIST 1741 80
HIST 1742 85
HIST 1743 78
HIST 1744 76
HIST 1745 74
HIST 1746 75
HIST 1747 77
HIST 1748 91
HIST 1749 72
HIST 1750 87
HIST 1751 100
HIST 1752 89
HIST 1753 91
HIST 1754 89
HIST 1755 75
HIST 1756 88
HIST 1757 76
HIST 1758 83
HIST 1759 85
HIST 1760 73
HIST 1761 78
HIST 1762 87
HIST 1763 77
HIST 1764 101
HIST 1765 81
HIST 1766 75
HIST 1767 93
HIST 1768 91
HIST 1769 90
HIST 1770 92
HIST 1771 75
HIST 1772 76
HIST 1773 92
HIST 1774 84
HIST 1775 78
HIST 1776 82
HIST 1777 66
HIST 1778 68
HIST 1779 85
HIST 1780 90
HIST 1781 87
HIST 1782 77
HIST 1783 74
HIST 1784 74
HIST 1785 80
HIST 1786 91
HIST 1787 96
HIST 1788 75
HIST 1789 79
HIST 1790 86
HIST 1791 83
HIST 1792 70
HIST 1793 67
HIST 1794 94
HIST 1795 71
HIST 1796 98
HIST 1797 95
HIST 1798 86
HIST 1799 80
HIST 1800 80
HIST 1801 72
HIST 1802 84
HIST 1803 77
HIST 1804 91
HIST 1805 86
HIST 1806 70
HIST 1807 85
HIST 1808 72
HIST 1809 84
HIST 1810 92
HIST 1811 83
HIST 1812 86
HIST 1813 80
HIST 1814 73
HIST 1815 94
HIST 1816 68
HIST 1817 104
HIST 1818 70
HIST 1819 78
HIST 1820 67
HIST 1821 85
HIST 1822 76
HIST 1823 86
HIST 1824 76
HIST 1825 78
HIST 1826 82
HIST 1827 95
HIST 1828 98
HIST 1829 77
HIST 1830 84
HIST 1831 81
HIST 1832 77
HIST 1833 78
HIST 1834 86
HIST 1835 78
HIST 1836 86
HIST 1837 74
HIST 1838 83
HIST 1839 97
HIST 1840 71
HIST 1841 74
HIST 1842 100
HIST 1843 102
HIST 1844 99
HIST 1845 73
HIST 1846 90
HIST 1847 102
HIST 1848 91
HIST 1849 87
HIST 1850 83
HIST 1851 84
HIST 1852 91
HIST 1853 74
HIST 1854 76
HIST 1855 80
HIST 1856 97
HIST 1857 78
HIST 1858 89
HIST 1859 93
HIST 1860 86
HIST 1861 118
HIST 1862 83
HIST 1863 80
HIST 1864 97
HIST 1865 86
HIST 1866 81
HIST 1867 80
HIST 1868 89
HIST 1869 80
HIST 1870 91
HIST 1871 86
HIST 1872 86
HIST 1873 82
HIST 1874 96
HIST 1875 89
HIST 1876 91
HIST 1877 80
HIST 1878 76
HIST 1879 93
HIST 1880 92
HIST 1881 81
HIST 1882 87
HIST 1883 95
HIST 1884 76
HIST 1885 97
HIST 1886 79
HIST 1887 86
HIST 1888 75
HIST 1889 82
HIST 1890 87
HIST 1891 91
HIST 1892 88
HIST 1893 75
HIST 1894 77
HIST 1895 93
HIST 1896 85
HIST 1897 82
HIST 1898 93
HIST 1899 84
HIST 1900 76
HIST 1901 89
HIST 1902 84
HIST 1903 86
HIST 1904 72
HIST 1905 85
HIST 1906 74
HIST 1907 80
HIST 1908 85
HIST 1909 81
HIST 1910 85
HIST 1911 89
HIST 1912 87
HIST 1913 92
HIST 1914 79
HIST 1915 61
HIST 1916 86
HIST 1917 87
HIST 1918 71
HIST 1919 84
HIST 1920 87
HIST 1921 87
HIST 1922 86
HIST 1923 76
HIST 1924 102
HIST 1925 100
HIST 1926 156
HIST 1927 91
HIST 1928 86
HIST 1929 93
HIST 1930 97
HIST 1931 87
HIST 1932 99
HIST 1933 89
HIST 1934 95
HIST 1935 92
HIST 1936 94
HIST 1937 90
HIST 1938 89
HIST 1939 77
HIST 1940 87
HIST 1941 94
HIST 1942 101
HIST 1943 87
HIST 1944 81
HIST 1945 82
HIST 1946 102
HIST 1947 86
HIST 1948 80
HIST 1949 98
HIST 1950 95
HIST 1951 87
HIST 1952 104
HIST 1953 68
HIST 1954 76
HIST 1955 89
HIST 1956 83
HIST 1957 80
HIST 1958 85
HIST 1959 85
HIST 1960 78
HIST 1961 92
HIST 1962 91
HIST 1963 101
HIST 1964 73
HIST 1965 85
HIST 1966 86
HIST 1967 79
HIST 1968 79
HIST 1969 86
HIST 1970 81
HIST 1971 81
HIST 1972 70
HIST 1973 93
HIST 1974 88
HIST 1975 72
HIST 1976 79
HIST 1977 78
HIST 1978 73
HIST 1979 82
HIST 1980 75
HIST 1981 90
HIST 1982 70
HIST 1983 69
HIST 1984 76
HIST 1985 88
HIST 1986 76
HIST 1987 62
HIST 1988 75
HIST 1989 58
HIST 1990 75
HIST 1991 68
HIST 1992 79
HIST 1993 60
HIST 1994 75
HIST 1995 81
HIST 1996 80
HIST 1997 71
HIST 1998 90
HIST 1999 71
HIST 2000 79
HIST 2001 69
HIST 2002 66
HIST 2003 65
HIST 2004 74
HIST 2005 76
HIST 2006 82
HIST 2007 80
HIST 2008 76
HIST 2009 68
HIST 2010 55
HIST 2011 65
HIST 2012 63
HIST 2013 66
HIST 2014 80
HIST 2015 70
HIST 2016 75
HIST 2017 74
HIST 2018 68
HIST 2019 78
HIST 2020 70
HIST 2021 68
HIST 2022 71
HIST 2023 67
HIST 2024 73
HIST 2025 53
HIST 2026 58
HIST 2027 64
HIST 2028 68
HIST 2029 61
HIST 2030 62
HIST 2031 86
HIST 2032 54
HIST 2033 70
HIST 2034 81
HIST 2035 69
HIST 2036 77
HIST 2037 71
HIST 2038 71
HIST 2039 73
HIST 2040 61
HIST 2041 59
HIST 2042 71
HIST 2043 68
HIST 2044 74
HIST 2045 72
HIST 2046 60
HIST 2047 62
HIST 2048 87
HIST 2049 67
HIST 2050 65
HIST 2051 69
HIST 2052 79
HIST 2053 70
HIST 2054 68
HIST 2055 71
HIST 2056 88
HIST 2057 79
HIST 2058 54
HIST 2059 71
HIST 2060 72
HIST 2061 79
HIST 2062 70
HIST 2063 90
HIST 2064 79
HIST 2065 58
HIST 2066 77
HIST 2067 65
HIST 2068 77
HIST 2069 73
HIST 2070 68
HIST 2071 66
HIST 2072 66
HIST 2073 56
HIST 2074 77
HIST 2075 64
HIST 2076 91
HIST 2077 133
HIST 2078 78
HIST 2079 75
HIST 2080 68
HIST 2081 66
HIST 2082 68
HIST 2083 65
HIST 2084 69
HIST 2085 56
HIST 2086 56
HIST 2087 76
HIST 2088 76
HIST 2089 72
HIST 2090 56
HIST 2091 84
HIST 2092 79
HIST 2093 78
HIST 2094 84
HIST 2095 71
HIST 2096 109
HIST 2097 62
HIST 2098 74
HIST 2099 102
HIST 2100 81
HIST 2101 71
HIST 2102 73
HIST 2103 78
HIST 2104 57
HIST 2105 77
HIST 2106 70
HIST 2107 80
HIST 2108 97
HIST 2109 106
HIST 2110 74
HIST 2111 63
HIST 2112 60
HIST 2113 61
HIST 2114 66
HIST 2115 73
HIST 2116 51
HIST 2117 81
HIST 2118 64
HIST 2119 74
HIST 2120 60
HIST 2121 67
HIST 2122 86
HIST 2123 67
HIST 2124 139
HIST 2125 272
HIST 2126 71
HIST 2127 78
HIST 2128 73
HIST 2129 65
HIST 2130 79
HIST 2131 71
HIST 2132 74
HIST 2133 67
HIST 2134 63
HIST 2135 71
HIST 2136 70
HIST 2137 68
HIST 2138 74
HIST 2139 82
HIST 2140 71
HIST 2141 89
HIST 2142 73
HIST 2143 70
HIST 2144 62
HIST 2145 63
HIST 2146 64
HIST 2147 71
HIST 2148 66
HIST 2149 69
HIST 2150 86
HIST 2151 68
HIST 2152 89
HIST 2153 70
HIST 2154 67
HIST 2155 68
HIST 2156 75
HIST 2157 57
HIST 2158 81
HIST 2159 64
HIST 2160 66
HIST 2161 331
HIST 2162 68
HIST 2163 70
HIST 2164 190
HIST 2165 84
HIST 2166 69
HIST 2167 82
HIST 2168 69
HIST 2169 70
HIST 2170 59
HIST 2171 80
HIST 2172 67
HIST 2173 74
HIST 2174 70
HIST 2175 70
HIST 2176 75
HIST 2177 76
HIST 2178 67
HIST 2179 70
HIST 2180 60
HIST 2181 63
HIST 2182 59
HIST 2183 66
HIST 2184 73
HIST 2185 77
HIST 2186 84
HIST 2187 70
HIST 2188 69
HIST 2189 63
HIST 2190 69
HIST 2191 63
HIST 2192 63
HIST 2193 53
HIST 2194 53
HIST 2195 77
HIST 2196 76
HIST 2197 71
HIST 2198 57
HIST 2199 81
HIST 2200 80
HIST 2201 74
HIST 2202 64
HIST 2203 73
HIST 2204 68
HIST 2205 61
HIST 2206 65
HIST 2207 76
HIST 2208 79
HIST 2209 75
HIST 2210 91
HIST 2211 63
HIST 2212 64
HIST 2213 79
HIST 2214 56
HIST 2215 70
HIST 2216 58
HIST 2217 64
HIST 2218 66
HIST 2219 62
HIST 2220 58
HIST 2221 60
HIST 2222 83
HIST 2223 71
HIST 2224 77
HIST 2225 60
HIST 2226 50
HIST 2227 63
HIST 2228 69
HIST 2229 65
HIST 2230 56
HIST 2231 65
HIST 2232 67
HIST 2233 57
HIST 2234 89
HIST 2235 81
HIST 2236 66
HIST 2237 62
HIST 2238 64
HIST 2239 80
HIST 2240 81
HIST 2241 67
HIST 2242 66
HIST 2243 97
HIST 2244 66
HIST 2245 73
HIST 2246 76
HIST 2247 72
HIST 2248 89
HIST 2249 51
HIST 2250 57
HIST 2251 80
HIST 2252 66
HIST 2253 76
HIST 2254 69
HIST 2255 66
HIST 2256 57
HIST 2257 57
HIST 2258 71
HIST 2259 53
HIST 2260 80
HIST 2261 71
HIST 2262 75
HIST 2263 69
HIST 2264 54
HIST 2265 64
HIST 2266 73
HIST 2267 71
HIST 2268 80
HIST 2269 62
HIST 2270 64
HIST 2271 56
HIST 2272 80
HIST 2273 57
HIST 2274 68
HIST 2275 64
HIST 2276 95
HIST 2277 72
HIST 2278 73
HIST 2279 62
HIST 2280 62
HIST 2281 68
HIST 2282 59
HIST 2283 76
HIST 2284 57
HIST 2285 58
HIST 2286 71
HIST 2287 68
HIST 2288 56
HIST 2289 69
HIST 2290 79
HIST 2291 59
HIST 2292 73
HIST 2293 59
HIST 2294 66
HIST 2295 57
HIST 2296 77
HIST 2297 59
HIST 2298 71
HIST 2299 64
HIST 2300 54
HIST 2301 70
HIST 2302 74
HIST 2303 82
HIST 2304 65
HIST 2305 61
HIST 2306 60
HIST 2307 52
HIST 2308 82
HIST 2309 54
HIST 2310 64
HIST 2311 70
HIST 2312 62
HIST 2313 66
HIST 2314 72
HIST 2315 73
HIST 2316 67
HIST 2317 79
HIST 2318 70
HIST 2319 59
HIST 2320 68
HIST 2321 55
HIST 2322 77
HIST 2323 55
HIST 2324 78
HIST 2325 85
HIST 2326 61
HIST 2327 60
HIST 2328 64
HIST 2329 69
HIST 2330 54
HIST 2331 64
HIST 2332 57
HIST 2333 64
HIST 2334 70
HIST 2335 68
HIST 2336 61
HIST 2337 79
HIST 2338 74
HIST 2339 82
HIST 2340 73
HIST 2341 62
HIST 2342 68
HIST 2343 77
HIST 2344 58
HIST 2345 63
HIST 2346 55
HIST 2347 78
HIST 2348 70
HIST 2349 62
HIST 2350 71
HIST 2351 67
HIST 2352 64
HIST 2353 77
HIST 2354 60
HIST 2355 63
HIST 2356 59
HIST 2357 61
HIST 2358 61
HIST 2359 67
HIST 2360 71
HIST 2361 78
HIST 2362 68
HIST 2363 71
HIST 2364 68
HIST 2365 57
HIST 2366 61
HIST 2367 65
HIST 2368 57
HIST 2369 74
HIST 2370 120
HIST 2371 58
HIST 2372 72
HIST 2373 69
HIST 2374 68
HIST 2375 85
HIST 2376 70
HIST 2377 76
HIST 2378 68
HIST 2379 60
HIST 2380 85
HIST 2381 58
HIST 2382 68
HIST 2383 75
HIST 2384 69
HIST 2385 63
HIST 2386 60
HIST 2387 71
HIST 2388 70
HIST 2389 76
HIST 2390 59
HIST 2391 67
HIST 2392 70
HIST 2393 103
HIST 2394 59
HIST 2395 72
HIST 2396 71
HIST 2397 54
HIST 2398 63
HIST 2399 59
HIST 2400 63
HIST 2401 70
HIST 2402 63
HIST 2403 65
HIST 2404 73
HIST 2405 67
HIST 2406 62
HIST 2407 65
HIST 2408 64
HIST 2409 60
HIST 2410 55
HIST 2411 55
HIST 2412 61
HIST 2413 74
HIST 2414 70
HIST 2415 72
HIST 2416 79
HIST 2417 58
HIST 2418 70
HIST 2419 71
HIST 2420 67
HIST 2421 64
HIST 2422 52
HIST 2423 66
HIST 2424 66
HIST 2425 71
HIST 2426 86
HIST 2427 70
HIST 2428 56
HIST 2429 71
HIST 2430 65
HIST 2431 67
HIST 2432 73
HIST 2433 63
HIST 2434 57
HIST 2435 67
HIST 2436 75
HIST 2437 62
HIST 2438 61
HIST 2439 61
HIST 2440 72
HIST 2441 72
HIST 2442 63
HIST 2443 64
HIST 2444 67
HIST 2445 63
HIST 2446 59
HIST 2447 57020
HIST 2448 54
HIST 2449 63
HIST 2450 63
HIST 2451 58
HIST 2452 36
HIST 2453 53
HIST 2454 76
HIST 2455 57
HIST 2456 65
HIST 2457 60
HIST 2458 65
HIST 2459 60
HIST 2460 62
HIST 2461 61
HIST 2462 56
HIST 2463 56
HIST 2464 59
HIST 2465 66
HIST 2466 51
HIST 2467 54
HIST 2468 78
HIST 2469 56
HIST 2470 62
HIST 2471 61
HIST 2472 61
HIST 2473 56
HIST 2474 82
HIST 2475 66
HIST 2476 66
HIST 2477 69
HIST 2478 54
HIST 2479 65
HIST 2480 65
HIST 2481 58
HIST 2482 52
HIST 2483 52
HIST 2484 72
HIST 2485 75
HIST 2486 59
HIST 2487 57
HIST 2488 52
HIST 2489 54
HIST 2490 62
HIST 2491 63
HIST 2492 62
HIST 2493 72
HIST 2494 50
HIST 2495 58
HIST 2496 63
HIST 2497 48
HIST 2498 65
HIST 2499 74
HIST 2500 56
HIST 2501 58
HIST 2502 56
HIST 2503 50
HIST 2504 58
HIST 2505 51
HIST 2506 62
HIST 2507 59
HIST 2508 55
HIST 2509 46
HIST 2510 60
HIST 2511 60
HIST 2512 66
HIST 2513 66
HIST 2514 68
HIST 2515 59
HIST 2516 57
HIST 2517 593
HIST 2518 61
HIST 2519 70
HIST 2520 88
HIST 2521 56
HIST 2522 61
HIST 2523 55
HIST 2524 65
HIST 2525 66
HIST 2526 125
HIST 2527 60
HIST 2528 58
HIST 2529 72
HIST 2530 56
HIST 2531 65
HIST 2532 65
HIST 2533 57
HIST 2534 65
HIST 2535 63
HIST 2536 56
HIST 2537 55
HIST 2538 58
HIST 2539 57
HIST 2540 50
HIST 2541 60
HIST 2542 57
HIST 2543 60
HIST 2544 60
HIST 2545 43
HIST 2546 60
HIST 2547 67
HIST 2548 51
HIST 2549 43
HIST 2550 57
HIST 2551 56
HIST 2552 70
HIST 2553 50
HIST 2554 57
HIST 2555 68
HIST 2556 146
HIST 2557 55
HIST 2558 69
HIST 2559 115
HIST 2560 67
HIST 2561 50
HIST 2562 64
HIST 2563 222
HIST 2564 62
HIST 2565 59
HIST 2566 127
HIST 2567 63
HIST 2568 40
HIST 2569 59
HIST 2570 57
HIST 2571 60
HIST 2572 66
HIST 2573 53
HIST 2574 69
HIST 2575 63
HIST 2576 58
HIST 2577 53
HIST 2578 70
HIST 2579 65
HIST 2580 67
HIST 2581 58
HIST 2582 71
HIST 2583 66
HIST 2584 53
HIST 2585 59
HIST 2586 47
HIST 2587 64
HIST 2588 61
HIST 2589 65
HIST 2590 80
HIST 2591 60
HIST 2592 60
HIST 2593 65
HIST 2594 68
HIST 2595 52
HIST 2596 51
HIST 2597 62
HIST 2598 41
HIST 2599 70
HIST 2600 68
HIST 2601 43
HIST 2602 56
HIST 2603 64
HIST 2604 61
HIST 2605 52
HIST 2606 56
HIST 2607 59
HIST 2608 60
HIST 2609 55
HIST 2610 55
HIST 2611 59
HIST 2612 64
HIST 2613 69
HIST 2614 80
HIST 2615 59
HIST 2616 75
HIST 2617 78
HIST 2618 49
HIST 2619 68
HIST 2620 63
HIST 2621 45
HIST 2622 65
HIST 2623 71
HIST 2624 70
HIST 2625 51
HIST 2626 63
HIST 2627 65
HIST 2628 65
HIST 2629 66
HIST 2630 67
HIST 2631 55
HIST 2632 74
HIST 2633 59
HIST 2634 54
HIST 2635 55
HIST 2636 62
HIST 2637 57
HIST 2638 54
HIST 2639 58
HIST 2640 59
HIST 2641 63
HIST 2642 63
HIST 2643 55
HIST 2644 56
HIST 2645 70
HIST 2646 70
HIST 2647 64
HIST 2648 51
HIST 2649 42
HIST 2650 53
HIST 2651 60
HIST 2652 54
HIST 2653 47
HIST 2654 60
HIST 2655 54
HIST 2656 60
HIST 2657 63
HIST 2658 63
HIST 2659 65
HIST 2660 60
HIST 2661 54
HIST 2662 50
HIST 2663 51
HIST 2664 57
HIST 2665 54
HIST 2666 44
HIST 2667 57
HIST 2668 60
HIST 2669 47
HIST 2670 68
HIST 2671 49
HIST 2672 66
HIST 2673 82
HIST 2674 67
HIST 2675 79
HIST 2676 60
HIST 2677 66
HIST 2678 46
HIST 2679 65
HIST 2680 51
HIST 2681 49
HIST 2682 54
HIST 2683 64
HIST 2684 47
HIST 2685 60
HIST 2686 61
HIST 2687 51
HIST 2688 50
HIST 2689 58
HIST 2690 49
HIST 2691 71
HIST 2692 42
HIST 2693 65
HIST 2694 60
HIST 2695 54
HIST 2696 45
HIST 2697 48
HIST 2698 114
HIST 2699 62
HIST 2700 48
HIST 2701 49
HIST 2702 54
HIST 2703 60
HIST 2704 46
HIST 2705 61
HIST 2706 62
HIST 2707 46
HIST 2708 68
HIST 2709 64
HIST 2710 53
HIST 2711 627
HIST 2712 54
HIST 2713 67
HIST 2714 50
HIST 2715 75
HIST 2716 65
HIST 2717 64
HIST 2718 55
HIST 2719 64
HIST 2720 59
HIST 2721 59
HIST 2722 66
HIST 2723 58
HIST 2724 44
HIST 2725 58
HIST 2726 53
HIST 2727 71
HIST 2728 62
HIST 2729 49
HIST 2730 64
HIST 2731 65
HIST 2732 62
HIST 2733 60
HIST 2734 55
HIST 2735 56
HIST 2736 56
HIST 2737 50
HIST 2738 67
HIST 2739 52
HIST 2740 67
HIST 2741 59
HIST 2742 51
HIST 2743 51
HIST 2744 59
HIST 2745 65
HIST 2746 68
HIST 2747 60
HIST 2748 82
HIST 2749 76
HIST 2750 54
HIST 2751 71
HIST 2752 67
HIST 2753 54
HIST 2754 332
HIST 2755 52
HIST 2756 55
HIST 2757 84
HIST 2758 42
HIST 2759 53
HIST 2760 59
HIST 2761 62
HIST 2762 57
HIST 2763 53
HIST 2764 52
HIST 2765 72
HIST 2766 45
HIST 2767 57
HIST 2768 55
HIST 2769 60
HIST 2770 46
HIST 2771 66
HIST 2772 59
HIST 2773 61
HIST 2774 66
HIST 2775 59
HIST 2776 60
HIST 2777 65
HIST 2778 47
HIST 2779 55
HIST 2780 63
HIST 2781 58
HIST 2782 57
HIST 2783 47
HIST 2784 78
HIST 2785 63
HIST 2786 72
HIST 2787 57
HIST 2788 66
HIST 2789 66
HIST 2790 67
HIST 2791 85
HIST 2792 54
HIST 2793 65
HIST 2794 47
HIST 2795 64
HIST 2796 53
HIST 2797 64
HIST 2798 65
HIST 2799 46
HIST 2800 53
HIST 2801 57
HIST 2802 58
HIST 2803 65
HIST 2804 57
HIST 2805 49
HIST 2806 54
HIST 2807 59
HIST 2808 49
HIST 2809 69
HIST 2810 57
HIST 2811 56
HIST 2812 69
HIST 2813 55
HIST 2814 69
HIST 2815 68
HIST 2816 75
HIST 2817 64
HIST 2818 59
HIST 2819 61
HIST 2820 49
HIST 2821 62
HIST 2822 54
HIST 2823 53
HIST 2824 63
HIST 2825 68
HIST 2826 62
HIST 2827 50
HIST 2828 47
HIST 2829 50
HIST 2830 63
HIST 2831 62
HIST 2832 76
HIST 2833 53
HIST 2834 52
HIST 2835 68
HIST 2836 64
HIST 2837 45
HIST 2838 61
HIST 2839 69
HIST 2840 55
HIST 2841 61
HIST 2842 54
HIST 2843 792
HIST 2844 53
HIST 2845 62
HIST 2846 49
HIST 2847 66
HIST 2848 41
HIST 2849 1396
HIST 2850 65
HIST 2851 51
HIST 2852 55
HIST 2853 60
HIST 2854 68
HIST 2855 51
HIST 2856 55
HIST 2857 63
HIST 2858 48
HIST 2859 132
HIST 2860 55
HIST 2861 58
HIST 2862 50
HIST 2863 55
HIST 2864 43
HIST 2865 72
HIST 2866 60
HIST 2867 60
HIST 2868 60
HIST 2869 60
HIST 2870 57
HIST 2871 65
HIST 2872 84
HIST 2873 60
HIST 2874 56
HIST 2875 47
HIST 2876 50
HIST 2877 62
HIST 2878 56
HIST 2879 60
HIST 2880 61
HIST 2881 54
HIST 2882 62
HIST 2883 42
HIST 2884 57
HIST 2885 58
HIST 2886 50
HIST 2887 67
HIST 2888 62
HIST 2889 73
HIST 2890 50
HIST 2891 53
HIST 2892 55
HIST 2893 53
HIST 2894 54
HIST 2895 57
HIST 2896 53
HIST 2897 61
HIST 2898 46
HIST 2899 70
HIST 2900 202
HIST 2901 63
HIST 2902 318
HIST 2903 74
HIST 2904 47
HIST 2905 55
HIST 2906 47
HIST 2907 55
HIST 2908 60
HIST 2909 49
HIST 2910 52
HIST 2911 47
HIST 2912 68
HIST 2913 161
HIST 2914 60
HIST 2915 79
HIST 2916 53
HIST 2917 58
HIST 2918 77
HIST 2919 66
HIST 2920 59
HIST 2921 52
HIST 2922 59
HIST 2923 54
HIST 2924 48
HIST 2925 78
HIST 2926 55
HIST 2927 53
HIST 2928 51
HIST 2929 60
HIST 2930 52
HIST 2931 62
HIST 2932 62
HIST 2933 54
HIST 2934 60
HIST 2935 65
HIST 2936 49
HIST 2937 62
HIST 2938 55
HIST 2939 51
HIST 2940 43
HIST 2941 53
HIST 2942 56
HIST 2943 62
HIST 2944 73
HIST 2945 53
HIST 2946 49
HIST 2947 59
HIST 2948 65
HIST 2949 57
HIST 2950 58
HIST 2951 50
HIST 2952 57
HIST 2953 53
HIST 2954 61
HIST 2955 56
HIST 2956 55
HIST 2957 52
HIST 2958 55
HIST 2959 2942
HIST 2960 60
HIST 2961 67
HIST 2962 69
HIST 2963 52
HIST 2964 50
HIST 2965 61
HIST 2966 59
HIST 2967 42
HIST 2968 60
HIST 2969 57
HIST 2970 58
HIST 2971 50
HIST 2972 55
HIST 2973 56
HIST 2974 68
HIST 2975 57
HIST 2976 59
HIST 2977 48
HIST 2978 61
HIST 2979 58
HIST 2980 56
HIST 2981 53
HIST 2982 76
HIST 2983 50
HIST 2984 54
HIST 2985 44
HIST 2986 30
HIST 2987 50
HIST 2988 55
HIST 2989 66
HIST 2990 52
HIST 2991 45
HIST 2992 60
HIST 2993 50
HIST 2994 51
HIST 2995 52
HIST 2996 49
HIST 2997 60
HIST 2998 54
HIST 2999 54
HIST 3000 52
HIST 3001 52
HIST 3002 49
HIST 3003 48
HIST 3004 54
HIST 3005 43
HIST 3006 44
HIST 3007 52
HIST 3008 60
HIST 3009 58
HIST 3010 43
HIST 3011 56
HIST 3012 49
HIST 3013 49
HIST 3014 66
HIST 3015 46
HIST 3016 63
HIST 3017 58
HIST 3018 60
HIST 3019 56
HIST 3020 59
HIST 3021 61
HIST 3022 54
HIST 3023 59
HIST 3024 52
HIST 3025 61
HIST 3026 56
HIST 3027 44
HIST 3028 51
HIST 3029 60
HIST 3030 44
HIST 3031 62
HIST 3032 53
HIST 3033 57
HIST 3034 46
HIST 3035 61
HIST 3036 74
HIST 3037 38
HIST 3038 61
HIST 3039 62
HIST 3040 60
HIST 3041 59
HIST 3042 62
HIST 3043 58
HIST 3044 64
HIST 3045 62
HIST 3046 57
HIST 3047 52
HIST 3048 49
HIST 3049 61
HIST 3050 52
HIST 3051 36
HIST 3052 54
HIST 3053 54
HIST 3054 47
HIST 3055 55
HIST 3056 51
HIST 3057 45
HIST 3058 43
HIST 3059 44
HIST 3060 64
HIST 3061 65
HIST 3062 52
HIST 3063 60
HIST 3064 65
HIST 3065 57
HIST 3066 57
HIST 3067 53
HIST 3068 61
HIST 3069 62
HIST 3070 72
HIST 3071 57
HIST 3072 60
HIST 3073 50
HIST 3074 49
HIST 3075 70
HIST 3076 51
HIST 3077 51
HIST 3078 63
HIST 3079 52
HIST 3080 61
HIST 3081 55
HIST 3082 60
HIST 3083 61
HIST 3084 73
HIST 3085 51
HIST 3086 49
HIST 3087 58
HIST 3088 46
HIST 3089 48
HIST 3090 58
HIST 3091 46
HIST 3092 62
HIST 3093 54
HIST 3094 55
HIST 3095 38
HIST 3096 62
HIST 3097 49
HIST 3098 48
HIST 3099 31
HIST 3100 64
HIST 3101 52
HIST 3102 50
HIST 3103 58
HIST 3104 52
HIST 3105 58
HIST 3106 43
HIST 3107 54
HIST 3108 54
HIST 3109 50
HIST 3110 52
HIST 3111 62
HIST 3112 77
HIST 3113 75
HIST 3114 50
HIST 3115 56
HIST 3116 41
HIST 3117 56
HIST 3118 65
HIST 3119 64
HIST 3120 284
HIST 3121 48
HIST 3122 46
HIST 3123 54
HIST 3124 52
HIST 3125 50
HIST 3126 64
HIST 3127 46
HIST 3128 49
HIST 3129 51
HIST 3130 50
HIST 3131 55
HIST 3132 51
HIST 3133 45
HIST 3134 43
HIST 3135 47
HIST 3136 49
HIST 3137 49
HIST 3138 52
HIST 3139 60
HIST 3140 57
HIST 3141 66
HIST 3142 62
HIST 3143 59
HIST 3144 51
HIST 3145 55
HIST 3146 66
HIST 3147 48
HIST 3148 51
HIST 3149 59
HIST 3150 44
HIST 3151 47
HIST 3152 319
HIST 3153 42
HIST 3154 62
HIST 3155 39
HIST 3156 58
HIST 3157 581
HIST 3158 46
HIST 3159 56
HIST 3160 357
HIST 3161 58
HIST 3162 44
HIST 3163 55
HIST 3164 56
HIST 3165 49
HIST 3166 64
HIST 3167 64
HIST 3168 55
HIST 3169 61
HIST 3170 57
HIST 3171 49
HIST 3172 33
HIST 3173 48
HIST 3174 65
HIST 3175 48
HIST 3176 33
HIST 3177 48
HIST 3178 57
HIST 3179 56
HIST 3180 41
HIST 3181 68
HIST 3182 53
HIST 3183 50
HIST 3184 47
HIST 3185 50
HIST 3186 48
HIST 3187 65
HIST 3188 47
HIST 3189 51
HIST 3190 50
HIST 3191 61
HIST 3192 45
HIST 3193 48
HIST 3194 49
HIST 3195 56
HIST 3196 57
HIST 3197 55
HIST 3198 50
HIST 3199 58
HIST 3200 52
HIST 3201 72
HIST 3202 55
HIST 3203 53
HIST 3204 51
HIST 3205 68
HIST 3206 49
HIST 3207 60
HIST 3208 51
HIST 3209 54
HIST 3210 40
HIST 3211 56
HIST 3212 66
HIST 3213 39
HIST 3214 45
HIST 3215 52
HIST 3216 49
HIST 3217 42
HIST 3218 44
HIST 3219 59
HIST 3220 62
HIST 3221 40
HIST 3222 61
HIST 3223 41
HIST 3224 55
HIST 3225 50
HIST 3226 53
HIST 3227 54
HIST 3228 54
HIST 3229 53
HIST 3230 58
HIST 3231 53
HIST 3232 55
HIST 3233 45
HIST 3234 47
HIST 3235 59
HIST 3236 56
HIST 3237 48
HIST 3238 66
HIST 3239 51
HIST 3240 49
HIST 3241 50
HIST 3242 48
HIST 3243 53
HIST 3244 49
HIST 3245 68
HIST 3246 45
HIST 3247 58
HIST 3248 465
HIST 3249 53
HIST 3250 77
HIST 3251 54
HIST 3252 46
HIST 3253 58
HIST 3254 56
HIST 3255 45
HIST 3256 46
HIST 3257 60
HIST 3258 52
HIST 3259 62
HIST 3260 35
HIST 3261 48
HIST 3262 62
HIST 3263 48
HIST 3264 55
HIST 3265 48
HIST 3266 50
HIST 3267 63
HIST 3268 48
HIST 3269 50
HIST 3270 69
HIST 3271 47
HIST 3272 63
HIST 3273 50
HIST 3274 54
HIST 3275 43
HIST 3276 50
HIST 3277 56
HIST 3278 58
HIST 3279 48
HIST 3280 37
HIST 3281 43
HIST 3282 57
HIST 3283 58
HIST 3284 54
HIST 3285 43
HIST 3286 60
HIST 3287 39
HIST 3288 79
HIST 3289 47
HIST 3290 46
HIST 3291 53
HIST 3292 60
HIST 3293 53
HIST 3294 812
HIST 3295 51
HIST 3296 55
HIST 3297 51
HIST 3298 54
HIST 3299 59
HIST 3300 41
HIST 3301 46
HIST 3302 58
HIST 3303 50
HIST 3304 48
HIST 3305 55
HIST 3306 103
HIST 3307 49
HIST 3308 67
HIST 3309 39
HIST 3310 60
HIST 3311 54
HIST 3312 58
HIST 3313 52
HIST 3314 49
HIST 3315 69
HIST 3316 53
HIST 3317 49
HIST 3318 53
HIST 3319 49
HIST 3320 30
HIST 3321 48
HIST 3322 54
HIST 3323 60
HIST 3324 45
HIST 3325 52
HIST 3326 46
HIST 3327 57
HIST 3328 60
HIST 3329 54
HIST 3330 50
HIST 3331 57
HIST 3332 50
HIST 3333 52
HIST 3334 62
HIST 3335 49
HIST 3336 55
HIST 3337 49
HIST 3338 44
HIST 3339 45
HIST 3340 60
HIST 3341 54
HIST 3342 66
HIST 3343 58
HIST 3344 62
HIST 3345 54
HIST 3346 54
HIST 3347 59
HIST 3348 51
HIST 3349 53
HIST 3350 44
HIST 3351 60
HIST 3352 48
HIST 3353 43
HIST 3354 55
HIST 3355 73
HIST 3356 63
HIST 3357 53
HIST 3358 43
HIST 3359 44
HIST 3360 44
HIST 3361 93
HIST 3362 59
HIST 3363 39
HIST 3364 62
HIST 3365 56
HIST 3366 54
HIST 3367 51
HIST 3368 55
HIST 3369 72
HIST 3370 57
HIST 3371 48
HIST 3372 47
HIST 3373 45
HIST 3374 57
HIST 3375 61
HIST 3376 48
HIST 3377 45
HIST 3378 37
HIST 3379 64
HIST 3380 49
HIST 3381 62
HIST 3382 71
HIST 3383 30
HIST 3384 43
HIST 3385 48
HIST 3386 51
HIST 3387 52
HIST 3388 50
HIST 3389 56
HIST 3390 47
HIST 3391 46
HIST 3392 59
HIST 3393 48
HIST 3394 60
HIST 3395 54
HIST 3396 57
HIST 3397 57
HIST 3398 53
HIST 3399 46
HIST 3400 47
HIST 3401 54
HIST 3402 36
HIST 3403 59
HIST 3404 236
HIST 3405 44
HIST 3406 55
HIST 3407 63
HIST 3408 56
HIST 3409 49
HIST 3410 61
HIST 3411 51
HIST 3412 51
HIST 3413 66
HIST 3414 71
HIST 3415 52
HIST 3416 57
HIST 3417 53
HIST 3418 48
HIST 3419 57
HIST 3420 40
HIST 3421 65
HIST 3422 59
HIST 3423 43
HIST 3424 48
HIST 3425 55
HIST 3426 54
HIST 3427 49
HIST 3428 42
HIST 3429 49
HIST 3430 43
HIST 3431 53
HIST 3432 51
HIST 3433 48
HIST 3434 43
HIST 3435 54
HIST 3436 51
HIST 3437 52
HIST 3438 43
HIST 3439 64
HIST 3440 50
HIST 3441 52
HIST 3442 50
HIST 3443 169306
HIST 3444 48
HIST 3445 39
HIST 3446 37
HIST 3447 48
HIST 3448 55
HIST 3449 37
HIST 3450 45
HIST 3451 33
HIST 3452 40
HIST 3453 47
HIST 3454 45
HIST 3455 34
HIST 3456 96
HIST 3457 42
HIST 3458 41
HIST 3459 51
HIST 3460 37
HIST 3461 43
HIST 3462 40
HIST 3463 45
HIST 3464 44
HIST 3465 43
HIST 3466 42
HIST 3467 36
HIST 3468 42
HIST 3469 46
HIST 3470 39
HIST 3471 46
HIST 3472 35
HIST 3473 37
HIST 3474 32
HIST 3475 39
HIST 3476 41
HIST 3477 43
HIST 3478 46
HIST 3479 37
HIST 3480 56
HIST 3481 44
HIST 3482 41
HIST 3483 38
HIST 3484 45
HIST 3485 53
HIST 3486 41
HIST 3487 49
HIST 3488 61
HIST 3489 52
HIST 3490 45
HIST 3491 44
HIST 3492 45
HIST 3493 47
HIST 3494 44
HIST 3495 53
HIST 3496 47
HIST 3497 57
HIST 3498 57
HIST 3499 51
HIST 3500 42
HIST 3501 47
HIST 3502 26
HIST 3503 45
HIST 3504 47
HIST 3505 40
HIST 3506 51
HIST 3507 39
HIST 3508 42
HIST 3509 45
HIST 3510 48
HIST 3511 43
HIST 3512 45
HIST 3513 36
HIST 3514 35
HIST 3515 44
HIST 3516 40
HIST 3517 108
HIST 3518 48
HIST 3519 44
HIST 3520 32
HIST 3521 50
HIST 3522 35
HIST 3523 40
HIST 3524 51
HIST 3525 44
HIST 3526 46
HIST 3527 46
HIST 3528 39
HIST 3529 56
HIST 3530 37
HIST 3531 37
HIST 3532 41
HIST 3533 51
HIST 3534 44
HIST 3535 47
HIST 3536 38
HIST 3537 48
HIST 3538 52
HIST 3539 48
HIST 3540 49
HIST 3541 56
HIST 3542 29
HIST 3543 38
HIST 3544 49
HIST 3545 44
HIST 3546 34
HIST 3547 50
HIST 3548 51
HIST 3549 38
HIST 3550 50
HIST 3551 49
HIST 3552 35
HIST 3553 50
HIST 3554 42
HIST 3555 38
HIST 3556 40
HIST 3557 39
HIST 3558 36
HIST 3559 44
HIST 3560 39
HIST 3561 45
HIST 3562 34
HIST 3563 50
HIST 3564 42
HIST 3565 37
HIST 3566 43
HIST 3567 52
HIST 3568 47
HIST 3569 44
HIST 3570 48
HIST 3571 72
HIST 3572 45
HIST 3573 51
HIST 3574 45
HIST 3575 49
HIST 3576 44
HIST 3577 46
HIST 3578 44
HIST 3579 45
HIST 3580 40
HIST 3581 49
HIST 3582 36
HIST 3583 33
HIST 3584 43
HIST 3585 44
HIST 3586 39
HIST 3587 47
HIST 3588 41
HIST 3589 47
HIST 3590 47
HIST 3591 26
HIST 3592 49
HIST 3593 46
HIST 3594 48
HIST 3595 41
HIST 3596 33
HIST 3597 39
HIST 3598 48
HIST 3599 51
HIST 3600 54
HIST 3601 53
HIST 3602 46
HIST 3603 41
HIST 3604 38
HIST 3605 41
HIST 3606 28
HIST 3607 47
HIST 3608 47
HIST 3609 43
HIST 3610 38
HIST 3611 40
HIST 3612 55
HIST 3613 47
HIST 3614 39
HIST 3615 47
HIST 3616 51
HIST 3617 46
HIST 3618 44
HIST 3619 41
HIST 3620 42
HIST 3621 30
HIST 3622 46
HIST 3623 47
HIST 3624 41
HIST 3625 41
HIST 3626 53
HIST 3627 30
HIST 3628 33
HIST 3629 52
HIST 3630 30
HIST 3631 46
HIST 3632 36
HIST 3633 40
HIST 3634 44
HIST 3635 44
HIST 3636 43
HIST 3637 57
HIST 3638 38
HIST 3639 46
HIST 3640 53
HIST 3641 40
HIST 3642 41
HIST 3643 51
HIST 3644 40
HIST 3645 40
HIST 3646 40
HIST 3647 39
HIST 3648 33
HIST 3649 38
HIST 3650 36
HIST 3651 45
HIST 3652 37
HIST 3653 43
HIST 3654 37
HIST 3655 50
HIST 3656 41
HIST 3657 48
HIST 3658 38
HIST 3659 43
HIST 3660 39
HIST 3661 55
HIST 3662 44
HIST 3663 40
HIST 3664 41
HIST 3665 1585
HIST 3666 42
HIST 3667 38
HIST 3668 41
HIST 3669 35
HIST 3670 37
HIST 3671 41
HIST 3672 46
HIST 3673 35
HIST 3674 40
HIST 3675 44
HIST 3676 41
HIST 3677 34
HIST 3678 4828
HIST 3679 43
HIST 3680 47
HIST 3681 40
HIST 3682 39
HIST 3683 42
HIST 3684 45
HIST 3685 42
HIST 3686 47
HIST 3687 29
HIST 3688 48
HIST 3689 39
HIST 3690 52
HIST 3691 44
HIST 3692 50
HIST 3693 43
HIST 3694 31
HIST 3695 40
HIST 3696 60
HIST 3697 50
HIST 3698 26
HIST 3699 40
HIST 3700 49
HIST 3701 32
HIST 3702 50
HIST 3703 41
HIST 3704 35
HIST 3705 44
HIST 3706 55
HIST 3707 48
HIST 3708 28
HIST 3709 35
HIST 3710 44
HIST 3711 42
HIST 3712 32
HIST 3713 45
HIST 3714 36
HIST 3715 52
HIST 3716 47
HIST 3717 39
HIST 3718 37
HIST 3719 38
HIST 3720 47
HIST 3721 40
HIST 3722 38
HIST 3723 41
HIST 3724 44
HIST 3725 43
HIST 3726 37
HIST 3727 37
HIST 3728 40
HIST 3729 40
HIST 3730 41
HIST 3731 41
HIST 3732 36
HIST 3733 40
HIST 3734 71
HIST 3735 47
HIST 3736 34
HIST 3737 31
HIST 3738 43
HIST 3739 44
HIST 3740 42
HIST 3741 42
HIST 3742 39
HIST 3743 39
HIST 3744 44
HIST 3745 44
HIST 3746 33
HIST 3747 47
HIST 3748 41
HIST 3749 47
HIST 3750 38
HIST 3751 50
HIST 3752 33
HIST 3753 40
HIST 3754 33
HIST 3755 50
HIST 3756 31
HIST 3757 53
HIST 3758 49
HIST 3759 49
HIST 3760 46
HIST 3761 42
HIST 3762 28
HIST 3763 35
HIST 3764 42
HIST 3765 35
HIST 3766 45
HIST 3767 46
HIST 3768 47
HIST 3769 44
HIST 3770 65
HIST 3771 40
HIST 3772 42
HIST 3773 33
HIST 3774 38
HIST 3775 42
HIST 3776 39
HIST 3777 39
HIST 3778 48
HIST 3779 39
HIST 3780 38
HIST 3781 46
HIST 3782 45
HIST 3783 57
HIST 3784 42
HIST 3785 33
HIST 3786 41
HIST 3787 39
HIST 3788 63
HIST 3789 40
HIST 3790 50
HIST 3791 42
HIST 3792 37
HIST 3793 46
HIST 3794 44
HIST 3795 31
HIST 3796 39
HIST 3797 45
HIST 3798 44
HIST 3799 45
HIST 3800 34
HIST 3801 38
HIST 3802 36
HIST 3803 41
HIST 3804 34
HIST 3805 42
HIST 3806 39
HIST 3807 46
HIST 3808 49
HIST 3809 40
HIST 3810 47
HIST 3811 48
HIST 3812 40
HIST 3813 33
HIST 3814 44
HIST 3815 40
HIST 3816 33
HIST 3817 54
HIST 3818 39
HIST 3819 44
HIST 3820 35
HIST 3821 27
HIST 3822 36
HIST 3823 38
HIST 3824 46
HIST 3825 72
HIST 3826 57
HIST 3827 35
HIST 3828 52
HIST 3829 30
HIST 3830 39
HIST 3831 29
HIST 3832 48
HIST 3833 54
HIST 3834 45
HIST 3835 37
HIST 3836 36
HIST 3837 41
HIST 3838 47
HIST 3839 42
HIST 3840 40
HIST 3841 43
HIST 3842 45
HIST 3843 39
HIST 3844 37
HIST 3845 45
HIST 3846 46
HIST 3847 45
HIST 3848 51
HIST 3849 44
HIST 3850 40
HIST 3851 46
HIST 3852 41
HIST 3853 59
HIST 3854 60
HIST 3855 41
HIST 3856 35
HIST 3857 40
HIST 3858 36
HIST 3859 39
HIST 3860 327
HIST 3861 51
HIST 3862 49
HIST 3863 43
HIST 3864 44
HIST 3865 26
HIST 3866 48
HIST 3867 34
HIST 3868 54
HIST 3869 44
HIST 3870 42
HIST 3871 44
HIST 3872 34
HIST 3873 59
HIST 3874 42
HIST 3875 38
HIST 3876 45
HIST 3877 44
HIST 3878 36
HIST 3879 29
HIST 3880 45
HIST 3881 28
HIST 3882 45
HIST 3883 53
HIST 3884 45
HIST 3885 38
HIST 3886 37
HIST 3887 43
HIST 3888 45
HIST 3889 40
HIST 3890 43
HIST 3891 51
HIST 3892 34
HIST 3893 31
HIST 3894 30
HIST 3895 40
HIST 3896 49
HIST 3897 41
HIST 3898 29
HIST 3899 43
HIST 3900 34
HIST 3901 43
HIST 3902 50
HIST 3903 38
HIST 3904 45
HIST 3905 39
HIST 3906 45
HIST 3907 46
HIST 3908 43
HIST 3909 37
HIST 3910 35
HIST 3911 37
HIST 3912 42
HIST 3913 41
HIST 3914 42
HIST 3915 39
HIST 3916 50
HIST 3917 43
HIST 3918 43
HIST 3919 50
HIST 3920 39
HIST 3921 45
HIST 3922 52
HIST 3923 34
HIST 3924 38
HIST 3925 45
HIST 3926 33
HIST 3927 39
HIST 3928 46
HIST 3929 47
HIST 3930 45
HIST 3931 52
HIST 3932 43
HIST 3933 47
HIST 3934 45
HIST 3935 44
HIST 3936 37
HIST 3937 40
HIST 3938 43
HIST 3939 45
HIST 3940 43
HIST 3941 54
HIST 3942 35
HIST 3943 41
HIST 3944 36
HIST 3945 51
HIST 3946 29
HIST 3947 31
HIST 3948 45
HIST 3949 36
HIST 3950 48
HIST 3951 41
HIST 3952 38
HIST 3953 45
HIST 3954 41
HIST 3955 35
HIST 3956 47
HIST 3957 41
HIST 3958 39
HIST 3959 42
HIST 3960 35
HIST 3961 47
HIST 3962 29
HIST 3963 36
HIST 3964 46
HIST 3965 49
HIST 3966 48
HIST 3967 34
HIST 3968 46
HIST 3969 50
HIST 3970 32
HIST 3971 41
HIST 3972 52
HIST 3973 43
HIST 3974 45
HIST 3975 45
HIST 3976 52
HIST 3977 44
HIST 3978 33
HIST 3979 50
HIST 3980 39
HIST 3981 54
HIST 3982 38
HIST 3983 41
HIST 3984 48
HIST 3985 34
HIST 3986 35
HIST 3987 46
HIST 3988 34
HIST 3989 41
HIST 3990 38
HIST 3991 31
HIST 3992 44
HIST 3993 33
HIST 3994 46
HIST 3995 33
HIST 3996 40
HIST 3997 31
HIST 3998 33
HIST 3999 40
HIST 4000 38
HIST 4001 45
HIST 4002 46
HIST 4003 40
HIST 4004 44
HIST 4005 58
HIST 4006 45
HIST 4007 42
HIST 4008 52
HIST 4009 35
HIST 4010 38
HIST 4011 45
HIST 4012 45
HIST 4013 50
HIST 4014 35
HIST 4015 43
HIST 4016 34
HIST 4017 42
HIST 4018 46
HIST 4019 38
HIST 4020 43
HIST 4021 47
HIST 4022 45
HIST 4023 35
HIST 4024 43
HIST 4025 40
HIST 4026 47
HIST 4027 40
HIST 4028 51
HIST 4029 42
HIST 4030 30
HIST 4031 43
HIST 4032 53
HIST 4033 39
HIST 4034 38
HIST 4035 41
HIST 4036 46
HIST 4037 47
HIST 4038 44
HIST 4039 42
HIST 4040 39
HIST 4041 52
HIST 4042 50
HIST 4043 29
HIST 4044 46
HIST 4045 52
HIST 4046 35
HIST 4047 38
HIST 4048 40
HIST 4049 43
HIST 4050 39
HIST 4051 59
HIST 4052 39
HIST 4053 44
HIST 4054 52
HIST 4055 44
HIST 4056 42
HIST 4057 47
HIST 4058 48
HIST 4059 47
HIST 4060 56
HIST 4061 26
HIST 4062 38
HIST 4063 36
HIST 4064 41
HIST 4065 37
HIST 4066 63
HIST 4067 33
HIST 4068 41
HIST 4069 29
HIST 4070 27
HIST 4071 37
HIST 4072 31
HIST 4073 44
HIST 4074 34
HIST 4075 33
HIST 4076 43
HIST 4077 42
HIST 4078 35
HIST 4079 41
HIST 4080 37
HIST 4081 35
HIST 4082 39
HIST 4083 28
HIST 4084 37
HIST 4085 44
HIST 4086 41
HIST 4087 41
HIST 4088 45
HIST 4089 37
HIST 4090 45
HIST 4091 55
HIST 4092 42
HIST 4093 43
HIST 4094 47
HIST 4095 38
HIST 4096 45
HIST 4097 30
HIST 4098 44
HIST 4099 43
HIST 4100 35
HIST 4101 33
HIST 4102 40
HIST 4103 48
HIST 4104 53
HIST 4105 50
HIST 4106 44
HIST 4107 34
HIST 4108 50
HIST 4109 51
HIST 4110 42
HIST 4111 11548
HIST 4112 36
HIST 4113 39
HIST 4114 40
HIST 4115 46
HIST 4116 33
HIST 4117 57
HIST 4118 57
HIST 4119 53
HIST 4120 32
HIST 4121 47
HIST 4122 34
HIST 4123 41
HIST 4124 43
HIST 4125 37
HIST 4126 37
HIST 4127 52
HIST 4128 44
HIST 4129 34
HIST 4130 45
HIST 4131 41
HIST 4132 43
HIST 4133 40
HIST 4134 36
HIST 4135 41
HIST 4136 34
HIST 4137 25
HIST 4138 38
HIST 4139 40
HIST 4140 46
HIST 4141 40
HIST 4142 32
HIST 4143 40
HIST 4144 47
HIST 4145 38
HIST 4146 31
HIST 4147 27
HIST 4148 34
HIST 4149 41
HIST 4150 38
HIST 4151 54
HIST 4152 39
HIST 4153 43
HIST 4154 71
HIST 4155 41
HIST 4156 35
HIST 4157 62
HIST 4158 29
HIST 4159 40
HIST 4160 559
HIST 4161 32
HIST 4162 30
HIST 4163 38
HIST 4164 37
HIST 4165 43
HIST 4166 43
HIST 4167 49
HIST 4168 45
HIST 4169 43
HIST 4170 54
HIST 4171 32
HIST 4172 35
HIST 4173 38
HIST 4174 38
HIST 4175 45
HIST 4176 41
HIST 4177 140
HIST 4178 44
HIST 4179 38
HIST 4180 34
HIST 4181 39
HIST 4182 37
HIST 4183 40
HIST 4184 47
HIST 4185 43
HIST 4186 40
HIST 4187 47
HIST 4188 47
HIST 4189 44
HIST 4190 40
HIST 4191 48
HIST 4192 49
HIST 4193 33
HIST 4194 36
HIST 4195 54
HIST 4196 48
HIST 4197 42
HIST 4198 28
HIST 4199 51
HIST 4200 47
HIST 4201 35
HIST 4202 39
HIST 4203 45
HIST 4204 38
HIST 4205 41
HIST 4206 40
HIST 4207 43
HIST 4208 41
HIST 4209 43
HIST 4210 43
HIST 4211 38
HIST 4212 33
HIST 4213 47
HIST 4214 45
HIST 4215 48
HIST 4216 42
HIST 4217 44
HIST 4218 53
HIST 4219 48
HIST 4220 40
HIST 4221 36
HIST 4222 31
HIST 4223 36
HIST 4224 37
HIST 4225 40
HIST 4226 47
HIST 4227 53
HIST 4228 39
HIST 4229 32
HIST 4230 52
HIST 4231 28
HIST 4232 38
HIST 4233 46
HIST 4234 62
HIST 4235 39
HIST 4236 46
HIST 4237 47
HIST 4238 49
HIST 4239 40
HIST 4240 36
HIST 4241 46
HIST 4242 44
HIST 4243 44
HIST 4244 47
HIST 4245 31
HIST 4246 42
HIST 4247 40
HIST 4248 52
HIST 4249 36
HIST 4250 55
HIST 4251 45
HIST 4252 35
HIST 4253 38
HIST 4254 51
HIST 4255 39
HIST 4256 50
HIST 4257 36
HIST 4258 39
HIST 4259 38
HIST 4260 42
HIST 4261 44
HIST 4262 39
HIST 4263 36
HIST 4264 29
HIST 4265 52
HIST 4266 33
HIST 4267 24
HIST 4268 44
HIST 4269 39
HIST 4270 39
HIST 4271 30
HIST 4272 39
HIST 4273 38
HIST 4274 39
HIST 4275 32
HIST 4276 29
HIST 4277 46
HIST 4278 36
HIST 4279 41
HIST 4280 38
HIST 4281 40
HIST 4282 37
HIST 4283 43
HIST 4284 43
HIST 4285 34
HIST 4286 48
HIST 4287 34
HIST 4288 36
HIST 4289 44
HIST 4290 38
HIST 4291 35
HIST 4292 38
HIST 4293 41
HIST 4294 30
HIST 4295 38
HIST 4296 42
HIST 4297 59
HIST 4298 38
HIST 4299 41
HIST 4300 37
HIST 4301 40
HIST 4302 36
HIST 4303 34
HIST 4304 32
HIST 4305 35
HIST 4306 44
HIST 4307 35
HIST 4308 45
HIST 4309 40
HIST 4310 45
HIST 4311 36
HIST 4312 39
HIST 4313 52
HIST 4314 38
HIST 4315 41
HIST 4316 36
HIST 4317 41
HIST 4318 43
HIST 4319 32
HIST 4320 41
HIST 4321 44
HIST 4322 34
HIST 4323 42
HIST 4324 35
HIST 4325 46
HIST 4326 45
HIST 4327 39
HIST 4328 46
HIST 4329 37
HIST 4330 44
HIST 4331 46
HIST 4332 35
HIST 4333 48
HIST 4334 45
HIST 4335 36
HIST 4336 40
HIST 4337 53
HIST 4338 39
HIST 4339 45
HIST 4340 41
HIST 4341 38
HIST 4342 53
HIST 4343 25
HIST 4344 40
HIST 4345 43
HIST 4346 48
HIST 4347 36
HIST 4348 39
HIST 4349 41
HIST 4350 34
HIST 4351 47
HIST 4352 36
HIST 4353 32
HIST 4354 37
HIST 4355 38
HIST 4356 54
HIST 4357 28
HIST 4358 34
HIST 4359 30
HIST 4360 32
HIST 4361 39
HIST 4362 46
HIST 4363 37
HIST 4364 55
HIST 4365 31
HIST 4366 38
HIST 4367 45
HIST 4368 50
HIST 4369 32
HIST 4370 43
HIST 4371 40
HIST 4372 38
HIST 4373 36
HIST 4374 37
HIST 4375 36
HIST 4376 35
HIST 4377 45
HIST 4378 38
HIST 4379 42
HIST 4380 48
HIST 4381 33
HIST 4382 35
HIST 4383 38
HIST 4384 33
HIST 4385 47
HIST 4386 40
HIST 4387 40
HIST 4388 52
HIST 4389 45
HIST 4390 40
HIST 4391 33
HIST 4392 31
HIST 4393 41
HIST 4394 33
HIST 4395 42
HIST 4396 35
HIST 4397 43
HIST 4398 52
HIST 4399 36
HIST 4400 44
HIST 4401 39
HIST 4402 42
HIST 4403 37
HIST 4404 47
HIST 4405 45
HIST 4406 25
HIST 4407 39
HIST 4408 34
HIST 4409 38
HIST 4410 67
HIST 4411 45
HIST 4412 46
HIST 4413 50
HIST 4414 44
HIST 4415 28
HIST 4416 36
HIST 4417 43
HIST 4418 32
HIST 4419 41
HIST 4420 31
HIST 4421 55
HIST 4422 26
HIST 4423 31
HIST 4424 44
HIST 4425 35
HIST 4426 36
HIST 4427 34
HIST 4428 38
HIST 4429 39
HIST 4430 42
HIST 4431 37
HIST 4432 41
HIST 4433 42
HIST 4434 41
HIST 4435 29
HIST 4436 27
HIST 4437 34
HIST 4438 46
HIST 4439 38
HIST 4440 14435
HIST 4441 55
HIST 4442 45
HIST 4443 40
HIST 4444 31
HIST 4445 51
HIST 4446 37
HIST 4447 44
HIST 4448 28
HIST 4449 33
HIST 4450 41
HIST 4451 39
HIST 4452 46
HIST 4453 43
HIST 4454 51
HIST 4455 35
HIST 4456 38
HIST 4457 38
HIST 4458 41
HIST 4459 54
HIST 4460 47
HIST 4461 39
HIST 4462 40
HIST 4463 32
HIST 4464 29
HIST 4465 41
HIST 4466 31
HIST 4467 44
HIST 4468 43
HIST 4469 42
HIST 4470 38
HIST 4471 45
HIST 4472 44
HIST 4473 38
HIST 4474 27
HIST 4475 41
HIST 4476 37
HIST 4477 32
HIST 4478 37
HIST 4479 59
HIST 4480 49
HIST 4481 23
HIST 4482 39
HIST 4483 45
HIST 4484 46
HIST 4485 33
HIST 4486 47
HIST 4487 43
HIST 4488 46
HIST 4489 34
HIST 4490 48
HIST 4491 34
HIST 4492 45
HIST 4493 43
HIST 4494 51
HIST 4495 34
HIST 4496 48
HIST 4497 38
HIST 4498 44
HIST 4499 43
HIST 4500 36
HIST 4501 45
HIST 4502 47
HIST 4503 39
HIST 4504 47
HIST 4505 42
HIST 4506 39
HIST 4507 41
HIST 4508 47
HIST 4509 43
HIST 4510 41
HIST 4511 45
HIST 4512 49
HIST 4513 48
HIST 4514 47
HIST 4515 37
HIST 4516 38
HIST 4517 52
HIST 4518 40
HIST 4519 42
HIST 4520 33
HIST 4521 39
HIST 4522 39
HIST 4523 36
HIST 4524 50
HIST 4525 48
HIST 4526 36
HIST 4527 46
HIST 4528 39
HIST 4529 32
HIST 4530 51
HIST 4531 39
HIST 4532 51
HIST 4533 40
HIST 4534 40
HIST 4535 40
HIST 4536 42
HIST 4537 46
HIST 4538 48
HIST 4539 38
HIST 4540 40
HIST 4541 37
HIST 4542 61
HIST 4543 42
HIST 4544 41
HIST 4545 38
HIST 4546 32
HIST 4547 47
HIST 4548 51
HIST 4549 56
HIST 4550 52
HIST 4551 45
HIST 4552 36
HIST 4553 42
HIST 4554 40
HIST 4555 94
HIST 4556 33
HIST 4557 47
HIST 4558 58
HIST 4559 39
HIST 4560 30
HIST 4561 49
HIST 4562 41
HIST 4563 37
HIST 4564 38
HIST 4565 51
HIST 4566 38
HIST 4567 33
HIST 4568 45
HIST 4569 38
HIST 4570 51
HIST 4571 39
HIST 4572 38
HIST 4573 40
HIST 4574 43
HIST 4575 50
HIST 4576 41
HIST 4577 41
HIST 4578 47
HIST 4579 52
HIST 4580 55
HIST 4581 36
HIST 4582 49
HIST 4583 32
HIST 4584 31
HIST 4585 41
HIST 4586 46
HIST 4587 29
HIST 4588 34
HIST 4589 41
HIST 4590 39
HIST 4591 42
HIST 4592 45
HIST 4593 27
HIST 4594 30
HIST 4595 49
HIST 4596 39
HIST 4597 35
HIST 4598 48
HIST 4599 37
HIST 4600 42
HIST 4601 42
HIST 4602 34
HIST 4603 32
HIST 4604 34
HIST 4605 53
HIST 4606 37
HIST 4607 44
HIST 4608 44
HIST 4609 36
HIST 4610 38
HIST 4611 40
HIST 4612 40
HIST 4613 52
HIST 4614 44
HIST 4615 47
HIST 4616 46
HIST 4617 37
HIST 4618 39
HIST 4619 33
HIST 4620 32
HIST 4621 24
HIST 4622 45
HIST 4623 26
HIST 4624 33
HIST 4625 47
HIST 4626 45
HIST 4627 41
HIST 4628 37
HIST 4629 45
HIST 4630 37
HIST 4631 36
HIST 4632 37
HIST 4633 37
HIST 4634 42
HIST 4635 38
HIST 4636 34
HIST 4637 51
HIST 4638 28
HIST 4639 34
HIST 4640 37
HIST 4641 41
HIST 4642 39
HIST 4643 36
HIST 4644 26
HIST 4645 36
HIST 4646 37
HIST 4647 31
HIST 4648 42
HIST 4649 47
HIST 4650 42
HIST 4651 41
HIST 4652 53
HIST 4653 32
HIST 4654 37
HIST 4655 39
HIST 4656 40
HIST 4657 43
HIST 4658 36
HIST 4659 44
HIST 4660 28
HIST 4661 32
HIST 4662 28
HIST 4663 44
HIST 4664 42
HIST 4665 44
HIST 4666 30
HIST 4667 36
HIST 4668 37
HIST 4669 36
HIST 4670 34
HIST 4671 47
HIST 4672 41
HIST 4673 38
HIST 4674 44
HIST 4675 32
HIST 4676 38
HIST 4677 41
HIST 4678 29
HIST 4679 38
HIST 4680 30
HIST 4681 47
HIST 4682 46
HIST 4683 38
HIST 4684 35
HIST 4685 34
HIST 4686 40
HIST 4687 48
HIST 4688 37
HIST 4689 37
HIST 4690 52
HIST 4691 37
HIST 4692 33
HIST 4693 49
HIST 4694 35
HIST 4695 49
HIST 4696 50
HIST 4697 39
HIST 4698 43
HIST 4699 45
HIST 4700 34
HIST 4701 29
HIST 4702 37
HIST 4703 47
HIST 4704 31
HIST 4705 35
HIST 4706 46
HIST 4707 42
HIST 4708 31
HIST 4709 46
HIST 4710 28
HIST 4711 44
HIST 4712 39
HIST 4713 32
HIST 4714 41
HIST 4715 41
HIST 4716 38
HIST 4717 31
HIST 4718 43
HIST 4719 41
HIST 4720 45
HIST 4721 45
HIST 4722 49
HIST 4723 45
HIST 4724 37
HIST 4725 37
HIST 4726 33
HIST 4727 34
HIST 4728 45
HIST 4729 37
HIST 4730 35
HIST 4731 44
HIST 4732 39
HIST 4733 42
HIST 4734 41
HIST 4735 36
HIST 4736 29
HIST 4737 39
HIST 4738 36
HIST 4739 45
HIST 4740 31
HIST 4741 50
HIST 4742 42
HIST 4743 50
HIST 4744 42
HIST 4745 31
HIST 4746 33
HIST 4747 39
HIST 4748 35
HIST 4749 36
HIST 4750 39
HIST 4751 47
HIST 4752 33
HIST 4753 36
HIST 4754 46
HIST 4755 44
HIST 4756 27
HIST 4757 32
HIST 4758 40
HIST 4759 42
HIST 4760 28
HIST 4761 33
HIST 4762 41
HIST 4763 42
HIST 4764 38
HIST 4765 33
HIST 4766 50
HIST 4767 32
HIST 4768 41
HIST 4769 40
HIST 4770 39
HIST 4771 49
HIST 4772 26
HIST 4773 38
HIST 4774 51
HIST 4775 41
HIST 4776 46
HIST 4777 40
HIST 4778 31
HIST 4779 48
HIST 4780 49
HIST 4781 45
HIST 4782 32
HIST 4783 50
HIST 4784 48
HIST 4785 50
HIST 4786 39
HIST 4787 30
HIST 4788 42
HIST 4789 39
HIST 4790 44
HIST 4791 48
HIST 4792 37
HIST 4793 39
HIST 4794 34
HIST 4795 33
HIST 4796 37
HIST 4797 48
HIST 4798 42
HIST 4799 47
HIST 4800 45
HIST 4801 37
HIST 4802 36
HIST 4803 38
HIST 4804 39
HIST 4805 43
HIST 4806 38
HIST 4807 33
HIST 4808 41
HIST 4809 34
HIST 4810 38
HIST 4811 41
HIST 4812 26
HIST 4813 40
HIST 4814 36
HIST 4815 35
HIST 4816 47
HIST 4817 36
HIST 4818 39
HIST 4819 40
HIST 4820 42
HIST 4821 42
HIST 4822 41
HIST 4823 130
HIST 4824 44
HIST 4825 37
HIST 4826 29
HIST 4827 33
HIST 4828 50
HIST 4829 37
HIST 4830 43
HIST 4831 33
HIST 4832 26
HIST 4833 49
HIST 4834 45
HIST 4835 198
HIST 4836 51
HIST 4837 38
HIST 4838 39
HIST 4839 52
HIST 4840 43
HIST 4841 339
HIST 4842 32
HIST 4843 43
HIST 4844 39
HIST 4845 32
HIST 4846 37
HIST 4847 39
HIST 4848 31
HIST 4849 50
HIST 4850 48
HIST 4851 44
HIST 4852 49
HIST 4853 29
HIST 4854 33
HIST 4855 38
HIST 4856 49
HIST 4857 32
HIST 4858 46
HIST 4859 40
HIST 4860 38
HIST 4861 42
HIST 4862 45
HIST 4863 39
HIST 4864 39
HIST 4865 47
HIST 4866 40
HIST 4867 31
HIST 4868 29
HIST 4869 43
HIST 4870 32
HIST 4871 30
HIST 4872 34
HIST 4873 44
HIST 4874 33
HIST 4875 29
HIST 4876 41
HIST 4877 48
HIST 4878 27
HIST 4879 32
HIST 4880 41
HIST 4881 33
HIST 4882 41
HIST 4883 45
HIST 4884 41
HIST 4885 39
HIST 4886 31
HIST 4887 1761
HIST 4888 38
HIST 4889 49
HIST 4890 39
HIST 4891 36
HIST 4892 35
HIST 4893 63
HIST 4894 94
HIST 4895 29
HIST 4896 27
HIST 4897 43
HIST 4898 34
HIST 4899 48
HIST 4900 34
HIST 4901 33
HIST 4902 49
HIST 4903 44
HIST 4904 30
HIST 4905 38
HIST 4906 69
HIST 4907 32
HIST 4908 44
HIST 4909 38
HIST 4910 47
HIST 4911 47
HIST 4912 40
HIST 4913 37
HIST 4914 47
HIST 4915 41
HIST 4916 36
HIST 4917 43
HIST 4918 44
HIST 4919 31
HIST 4920 40
HIST 4921 43
HIST 4922 29
HIST 4923 38
HIST 4924 49
HIST 4925 37
HIST 4926 35
HIST 4927 39
HIST 4928 35
HIST 4929 36
HIST 4930 39
HIST 4931 36
HIST 4932 37
HIST 4933 37
HIST 4934 47
HIST 4935 39
HIST 4936 165
HIST 4937 30
HIST 4938 71
HIST 4939 51
HIST 4940 49
HIST 4941 35
HIST 4942 33
HIST 4943 49
HIST 4944 36
HIST 4945 43
HIST 4946 35
HIST 4947 29
HIST 4948 34
HIST 4949 29
HIST 4950 38
HIST 4951 38
HIST 4952 46
HIST 4953 26
HIST 4954 39
HIST 4955 36
HIST 4956 33
HIST 4957 34
HIST 4958 36
HIST 4959 41
HIST 4960 50
HIST 4961 43
HIST 4962 31
HIST 4963 65
HIST 4964 62
HIST 4965 43
HIST 4966 32
HIST 4967 37
HIST 4968 48
HIST 4969 29
HIST 4970 54
HIST 4971 32
HIST 4972 41
HIST 4973 43
HIST 4974 36
HIST 4975 28
HIST 4976 49
HIST 4977 35
HIST 4978 39
HIST 4979 40
HIST 4980 33
HIST 4981 39
HIST 4982 30
HIST 4983 41
HIST 4984 30
HIST 4985 33
HIST 4986 39
HIST 4987 41
HIST 4988 47
HIST 4989 35
HIST 4990 28
HIST 4991 48
HIST 4992 45
HIST 4993 35
HIST 4994 34
HIST 4995 44
HIST 4996 41
HIST 4997 41
HIST 4998 54
HIST 4999 47
HIST 5000 40
HIST 5001 43
HIST 5002 28
HIST 5003 40
HIST 5004 58
HIST 5005 31
HIST 5006 36
HIST 5007 47
HIST 5008 39
HIST 5009 46
HIST 5010 37
HIST 5011 32
HIST 5012 40
HIST 5013 50
HIST 5014 42
HIST 5015 34
HIST 5016 47
HIST 5017 49
HIST 5018 32
HIST 5019 36
HIST 5020 34
HIST 5021 31
HIST 5022 52
HIST 5023 29
HIST 5024 31
HIST 5025 49
HIST 5026 30
HIST 5027 31
HIST 5028 47
HIST 5029 38
HIST 5030 29
HIST 5031 36
HIST 5032 50
HIST 5033 41
HIST 5034 27
HIST 5035 650
HIST 5036 39
HIST 5037 40
HIST 5038 35
HIST 5039 37
HIST 5040 43
HIST 5041 36
HIST 5042 43
HIST 5043 34
HIST 5044 45
HIST 5045 42
HIST 5046 41
HIST 5047 35
HIST 5048 39
HIST 5049 35
HIST 5050 34
HIST 5051 50
HIST 5052 39
HIST 5053 48
HIST 5054 50
HIST 5055 41
HIST 5056 47
HIST 5057 31
HIST 5058 36
HIST 5059 50
HIST 5060 54
HIST 5061 48
HIST 5062 37
HIST 5063 48
HIST 5064 27
HIST 5065 41
HIST 5066 43
HIST 5067 33
HIST 5068 35
HIST 5069 39
HIST 5070 45
HIST 5071 35
HIST 5072 31
HIST 5073 32
HIST 5074 43
HIST 5075 34
HIST 5076 49
HIST 5077 49
HIST 5078 40
HIST 5079 46
HIST 5080 39
HIST 5081 37
HIST 5082 36
HIST 5083 47
HIST 5084 32
HIST 5085 38
HIST 5086 32
HIST 5087 46
HIST 5088 30
HIST 5089 27
HIST 5090 42
HIST 5091 43
HIST 5092 32
HIST 5093 47
HIST 5094 44
HIST 5095 38
HIST 5096 38
HIST 5097 38
HIST 5098 52
HIST 5099 32
HIST 5100 48
HIST 5101 44
HIST 5102 37
HIST 5103 35
HIST 5104 37
HIST 5105 29
HIST 5106 34
HIST 5107 48
HIST 5108 47
HIST 5109 32
HIST 5110 146
HIST 5111 31
HIST 5112 34
HIST 5113 46
HIST 5114 44
HIST 5115 35
HIST 5116 41
HIST 5117 44
HIST 5118 36
HIST 5119 35
HIST 5120 29
HIST 5121 38
HIST 5122 44
HIST 5123 36
HIST 5124 35
HIST 5125 45
HIST 5126 44
HIST 5127 35
HIST 5128 30
HIST 5129 46
HIST 5130 41
HIST 5131 44
HIST 5132 42
HIST 5133 38
HIST 5134 38
HIST 5135 35
HIST 5136 43
HIST 5137 32
HIST 5138 42
HIST 5139 42
HIST 5140 49
HIST 5141 46
HIST 5142 31
HIST 5143 35
HIST 5144 45
HIST 5145 46
HIST 5146 37
HIST 5147 32
HIST 5148 38
HIST 5149 43
HIST 5150 46
HIST 5151 44
HIST 5152 45
HIST 5153 44
HIST 5154 28
HIST 5155 44
HIST 5156 31
HIST 5157 37
HIST 5158 40
HIST 5159 34
HIST 5160 41
HIST 5161 32
HIST 5162 28
HIST 5163 40
HIST 5164 47
HIST 5165 41
HIST 5166 40
HIST 5167 36
HIST 5168 48
HIST 5169 39
HIST 5170 39
HIST 5171 39
HIST 5172 36
HIST 5173 43
HIST 5174 45
HIST 5175 45
HIST 5176 44
HIST 5177 38
HIST 5178 35
HIST 5179 19
HIST 5180 46
HIST 5181 45
HIST 5182 47
HIST 5183 51
HIST 5184 37
HIST 5185 46
HIST 5186 52
HIST 5187 27
HIST 5188 40
HIST 5189 37
HIST 5190 46
HIST 5191 37
HIST 5192 36
HIST 5193 41
HIST 5194 44
HIST 5195 35
HIST 5196 37
HIST 5197 41
HIST 5198 36
HIST 5199 36
HIST 5200 53
HIST 5201 51
HIST 5202 221
HIST 5203 42
HIST 5204 46
HIST 5205 42
HIST 5206 45
HIST 5207 34
HIST 5208 30
HIST 5209 40
HIST 5210 43
HIST 5211 33
HIST 5212 34
HIST 5213 38
HIST 5214 30
HIST 5215 45
HIST 5216 46
HIST 5217 48
HIST 5218 47
HIST 5219 35
HIST 5220 38
HIST 5221 39
HIST 5222 40
HIST 5223 40
HIST 5224 42
HIST 5225 26
HIST 5226 27
HIST 5227 43
HIST 5228 33
HIST 5229 35
HIST 5230 51
HIST 5231 94
HIST 5232 39
HIST 5233 39
HIST 5234 30
HIST 5235 45
HIST 5236 33
HIST 5237 51
HIST 5238 34
HIST 5239 43
HIST 5240 47
HIST 5241 36
HIST 5242 34
HIST 5243 33
HIST 5244 31
HIST 5245 47
HIST 5246 41
HIST 5247 36
HIST 5248 39
HIST 5249 48
HIST 5250 33
HIST 5251 44
HIST 5252 39
HIST 5253 44
HIST 5254 36
HIST 5255 31
HIST 5256 41
HIST 5257 35
HIST 5258 33
HIST 5259 39
HIST 5260 39
HIST 5261 38
HIST 5262 41
HIST 5263 35
HIST 5264 40
HIST 5265 39
HIST 5266 48
HIST 5267 35
HIST 5268 76
HIST 5269 39
HIST 5270 54
HIST 5271 38
HIST 5272 38
HIST 5273 47
HIST 5274 34
HIST 5275 43
HIST 5276 33
HIST 5277 40
HIST 5278 36
HIST 5279 50
HIST 5280 43
HIST 5281 31
HIST 5282 74
HIST 5283 47
HIST 5284 34
HIST 5285 45
HIST 5286 30
HIST 5287 39
HIST 5288 74
HIST 5289 42
HIST 5290 45
HIST 5291 54
HIST 5292 34
HIST 5293 40
HIST 5294 40
HIST 5295 40
HIST 5296 36
HIST 5297 46
HIST 5298 43
HIST 5299 36
HIST 5300 41
HIST 5301 42
HIST 5302 27
HIST 5303 43
HIST 5304 43
HIST 5305 48
HIST 5306 43
HIST 5307 49
HIST 5308 44
HIST 5309 38
HIST 5310 46
HIST 5311 29
HIST 5312 36
HIST 5313 29
HIST 5314 38
HIST 5315 37
HIST 5316 47
HIST 5317 35
HIST 5318 47
HIST 5319 37
HIST 5320 61
HIST 5321 37
HIST 5322 39
HIST 5323 51
HIST 5324 54
HIST 5325 43
HIST 5326 37
HIST 5327 27
HIST 5328 38
HIST 5329 39
HIST 5330 43
HIST 5331 53
HIST 5332 32
HIST 5333 40
HIST 5334 49
HIST 5335 34
HIST 5336 26
HIST 5337 47
HIST 5338 50
HIST 5339 41
HIST 5340 44
HIST 5341 52
HIST 5342 200
HIST 5343 39
HIST 5344 41
HIST 5345 36
HIST 5346 36
HIST 5347 21
HIST 5348 51
HIST 5349 37
HIST 5350 49
HIST 5351 37
HIST 5352 51
HIST 5353 44
HIST 5354 46
HIST 5355 35
HIST 5356 50
HIST 5357 39
HIST 5358 32
HIST 5359 47
HIST 5360 44
HIST 5361 51
HIST 5362 30
HIST 5363 49
HIST 5364 33
HIST 5365 34
HIST 5366 42
HIST 5367 36
HIST 5368 34
HIST 5369 29
HIST 5370 44
HIST 5371 46
HIST 5372 27
HIST 5373 50
HIST 5374 48
HIST 5375 39
HIST 5376 39
HIST 5377 48
HIST 5378 43
HIST 5379 35
HIST 5380 31
HIST 5381 39
HIST 5382 44
HIST 5383 52
HIST 5384 41
HIST 5385 24
HIST 5386 41
HIST 5387 42
HIST 5388 40
HIST 5389 37
HIST 5390 36
HIST 5391 42
HIST 5392 37
HIST 5393 46
HIST 5394 40
HIST 5395 26
HIST 5396 38
HIST 5397 39
HIST 5398 35
HIST 5399 36
HIST 5400 51
HIST 5401 46
HIST 5402 39
HIST 5403 37
HIST 5404 40
HIST 5405 38
HIST 5406 73
HIST 5407 37
HIST 5408 34
HIST 5409 40
HIST 5410 38
HIST 5411 38
HIST 5412 44
HIST 5413 40
HIST 5414 34
HIST 5415 48
HIST 5416 41
HIST 5417 45
HIST 5418 35
HIST 5419 38
HIST 5420 50
HIST 5421 39
HIST 5422 45
HIST 5423 29
HIST 5424 36
HIST 5425 32
HIST 5426 35
HIST 5427 36
HIST 5428 37
HIST 5429 36
HIST 5430 49
HIST 5431 46
HIST 5432 40
HIST 5433 37
HIST 5434 45
HIST 5435 37
HIST 5436 44
HIST 5437 40
HIST 5438 40
HIST 5439 40
HIST 5440 32
HIST 5441 39
HIST 5442 40
HIST 5443 46
HIST 5444 35
HIST 5445 36
HIST 5446 42
HIST 5447 36
HIST 5448 27
HIST 5449 40
HIST 5450 36
HIST 5451 40
HIST 5452 55
HIST 5453 38
HIST 5454 26
HIST 5455 52
HIST 5456 41
HIST 5457 42
HIST 5458 54
HIST 5459 47
HIST 5460 50
HIST 5461 45
HIST 5462 41
HIST 5463 46
HIST 5464 39
HIST 5465 34
HIST 5466 37
HIST 5467 35
HIST 5468 31
HIST 5469 41
HIST 5470 30
HIST 5471 38
HIST 5472 42
HIST 5473 47
HIST 5474 37
HIST 5475 33
HIST 5476 38
HIST 5477 35
HIST 5478 45
HIST 5479 37
HIST 5480 56
HIST 5481 46
HIST 5482 47
HIST 5483 34
HIST 5484 43
HIST 5485 37
HIST 5486 39
HIST 5487 28
HIST 5488 43
HIST 5489 30
HIST 5490 44
HIST 5491 39
HIST 5492 26
HIST 5493 41
HIST 5494 38
HIST 5495 33
HIST 5496 37
HIST 5497 42
HIST 5498 38
HIST 5499 39
HIST 5500 45
HIST 5501 36
HIST 5502 46
HIST 5503 42
HIST 5504 31
HIST 5505 54
HIST 5506 36
HIST 5507 36
HIST 5508 40
HIST 5509 38
HIST 5510 47
HIST 5511 39
HIST 5512 41
HIST 5513 41
HIST 5514 64
HIST 5515 44
HIST 5516 40
HIST 5517 59
HIST 5518 49
HIST 5519 30
HIST 5520 45
HIST 5521 43
HIST 5522 40
HIST 5523 47
HIST 5524 39
HIST 5525 48
HIST 5526 41
HIST 5527 39
HIST 5528 36
HIST 5529 39
HIST 5530 47
HIST 5531 46
HIST 5532 43
HIST 5533 48
HIST 5534 36
HIST 5535 40
HIST 5536 49
HIST 5537 49
HIST 5538 42
HIST 5539 39
HIST 5540 43
HIST 5541 44
HIST 5542 44
HIST 5543 45
HIST 5544 29
HIST 5545 41
HIST 5546 44
HIST 5547 46
HIST 5548 43
HIST 5549 44
HIST 5550 49
HIST 5551 39
HIST 5552 33
HIST 5553 42
HIST 5554 36
HIST 5555 44
HIST 5556 46
HIST 5557 34
HIST 5558 38
HIST 5559 32
HIST 5560 47
HIST 5561 41
HIST 5562 35
HIST 5563 35
HIST 5564 35
HIST 5565 95
HIST 5566 37
HIST 5567 49
HIST 5568 50
HIST 5569 40
HIST 5570 40
HIST 5571 41
HIST 5572 39
HIST 5573 39
HIST 5574 32
HIST 5575 42
HIST 5576 42
HIST 5577 43
HIST 5578 49
HIST 5579 33
HIST 5580 46
HIST 5581 40
HIST 5582 34
HIST 5583 49
HIST 5584 32
HIST 5585 43
HIST 5586 33
HIST 5587 30
HIST 5588 39
HIST 5589 37
HIST 5590 35
HIST 5591 41
HIST 5592 37
HIST 5593 29
HIST 5594 50
HIST 5595 45
HIST 5596 30
HIST 5597 42
HIST 5598 46
HIST 5599 41
HIST 5600 58
HIST 5601 32
HIST 5602 43
HIST 5603 33
HIST 5604 38
HIST 5605 42
HIST 5606 46
HIST 5607 39
HIST 5608 35
HIST 5609 42
HIST 5610 35
HIST 5611 42
HIST 5612 38
HIST 5613 41
HIST 5614 47
HIST 5615 37
HIST 5616 44
HIST 5617 31
HIST 5618 48
HIST 5619 42
HIST 5620 43
HIST 5621 55
HIST 5622 53
HIST 5623 37
HIST 5624 48
HIST 5625 38
HIST 5626 46
HIST 5627 36
HIST 5628 40
HIST 5629 31
HIST 5630 124
HIST 5631 39
HIST 5632 39
HIST 5633 41
HIST 5634 39
HIST 5635 34
HIST 5636 50
HIST 5637 48
HIST 5638 30
HIST 5639 43
HIST 5640 1872
HIST 5641 47
HIST 5642 49
HIST 5643 52
HIST 5644 35
HIST 5645 42
HIST 5646 45
HIST 5647 35
HIST 5648 43
HIST 5649 50
HIST 5650 41
HIST 5651 38
HIST 5652 32
HIST 5653 33
HIST 5654 31
HIST 5655 36
HIST 5656 42
HIST 5657 214
HIST 5658 69
HIST 5659 50
HIST 5660 27
HIST 5661 44
HIST 5662 46
HIST 5663 41
HIST 5664 509
HIST 5665 42
HIST 5666 41
HIST 5667 39
HIST 5668 30
HIST 5669 35
HIST 5670 31
HIST 5671 46
HIST 5672 46
HIST 5673 44
HIST 5674 40
HIST 5675 44
HIST 5676 46
HIST 5677 35
HIST 5678 40
HIST 5679 38
HIST 5680 42
HIST 5681 29
HIST 5682 37
HIST 5683 31
HIST 5684 40
HIST 5685 38
HIST 5686 34
HIST 5687 41
HIST 5688 38
HIST 5689 38
HIST 5690 36
HIST 5691 33
HIST 5692 32
HIST 5693 48
HIST 5694 45
HIST 5695 40
HIST 5696 45
HIST 5697 39
HIST 5698 37
HIST 5699 39
HIST 5700 44
HIST 5701 45
HIST 5702 48
HIST 5703 44
HIST 5704 46
HIST 5705 39
HIST 5706 40
HIST 5707 49
HIST 5708 50
HIST 5709 40
HIST 5710 55
HIST 5711 39
HIST 5712 34
HIST 5713 52
HIST 5714 44
HIST 5715 32
HIST 5716 50
HIST 5717 53
HIST 5718 43
HIST 5719 36
HIST 5720 36
HIST 5721 53
HIST 5722 41
HIST 5723 41
HIST 5724 42
HIST 5725 36
HIST 5726 38
HIST 5727 46
HIST 5728 44
HIST 5729 39
HIST 5730 38
HIST 5731 35
HIST 5732 48
HIST 5733 37
HIST 5734 30
HIST 5735 36
HIST 5736 45
HIST 5737 37
HIST 5738 31
HIST 5739 44
HIST 5740 38
HIST 5741 39
HIST 5742 48
HIST 5743 43
HIST 5744 37
HIST 5745 48
HIST 5746 44
HIST 5747 48
HIST 5748 46
HIST 5749 43
HIST 5750 36
HIST 5751 53
HIST 5752 45
HIST 5753 48
HIST 5754 42
HIST 5755 46
HIST 5756 35
HIST 5757 47
HIST 5758 47
HIST 5759 38
HIST 5760 48
HIST 5761 36
HIST 5762 47
HIST 5763 48
HIST 5764 40
HIST 5765 39
HIST 5766 43
HIST 5767 34
HIST 5768 29
HIST 5769 36
HIST 5770 47
HIST 5771 45
HIST 5772 45
HIST 5773 40
HIST 5774 42
HIST 5775 35
HIST 5776 47
HIST 5777 35
HIST 5778 47
HIST 5779 39
HIST 5780 52
HIST 5781 32
HIST 5782 40
HIST 5783 34
HIST 5784 48
HIST 5785 38
HIST 5786 44
HIST 5787 29
HIST 5788 34
HIST 5789 47
HIST 5790 44
HIST 5791 39
HIST 5792 44
HIST 5793 48
HIST 5794 41
HIST 5795 37
HIST 5796 49
HIST 5797 37
HIST 5798 41
HIST 5799 31
HIST 5800 28
HIST 5801 36
HIST 5802 36
HIST 5803 41
HIST 5804 35
HIST 5805 45
HIST 5806 48
HIST 5807 31
HIST 5808 48
HIST 5809 56
HIST 5810 36
HIST 5811 43
HIST 5812 53
HIST 5813 45
HIST 5814 39
HIST 5815 43
HIST 5816 30
HIST 5817 42
HIST 5818 38
HIST 5819 39
HIST 5820 40
HIST 5821 43
HIST 5822 40
HIST 5823 44
HIST 5824 35
HIST 5825 57
HIST 5826 41
HIST 5827 45
HIST 5828 44
HIST 5829 42
HIST 5830 38
HIST 5831 48
HIST 5832 43
HIST 5833 32
HIST 5834 33
HIST 5835 31
HIST 5836 51
HIST 5837 37
HIST 5838 36
HIST 5839 39
HIST 5840 50
HIST 5841 41
HIST 5842 34
HIST 5843 43
HIST 5844 38
HIST 5845 35
HIST 5846 48
HIST 5847 35
HIST 5848 31
HIST 5849 35
HIST 5850 38
HIST 5851 41
HIST 5852 35
HIST 5853 40
HIST 5854 30
HIST 5855 42
HIST 5856 32
HIST 5857 41
HIST 5858 45
HIST 5859 47
HIST 5860 35
HIST 5861 37
HIST 5862 36
HIST 5863 1632
HIST 5864 37
HIST 5865 31
HIST 5866 38
HIST 5867 35
HIST 5868 35
HIST 5869 38
HIST 5870 33
HIST 5871 39
HIST 5872 42
HIST 5873 46
HIST 5874 40
HIST 5875 37
HIST 5876 24
HIST 5877 30
HIST 5878 37
HIST 5879 34
HIST 5880 27
HIST 5881 35
HIST 5882 31
HIST 5883 37
HIST 5884 35
HIST 5885 31
HIST 5886 41
HIST 5887 37
HIST 5888 41
HIST 5889 33
HIST 5890 36
HIST 5891 35
HIST 5892 40
HIST 5893 38
HIST 5894 38
HIST 5895 36
HIST 5896 47
HIST 5897 50
HIST 5898 41
HIST 5899 41
HIST 5900 39
HIST 5901 25
HIST 5902 41
HIST 5903 36
HIST 5904 41
HIST 5905 39
HIST 5906 41
HIST 5907 30
HIST 5908 34
HIST 5909 31
HIST 5910 43
HIST 5911 41
HIST 5912 25
HIST 5913 34
HIST 5914 24
HIST 5915 32
HIST 5916 45
HIST 5917 36
HIST 5918 34
HIST 5919 32
HIST 5920 38
HIST 5921 37
HIST 5922 42
HIST 5923 29
HIST 5924 33
HIST 5925 34
HIST 5926 42
HIST 5927 31
HIST 5928 36
HIST 5929 41
HIST 5930 33
HIST 5931 25
HIST 5932 40
HIST 5933 28
HIST 5934 36
HIST 5935 28
HIST 5936 47
HIST 5937 30
HIST 5938 31
HIST 5939 36
HIST 5940 43
HIST 5941 29
HIST 5942 38
HIST 5943 29
HIST 5944 35
HIST 5945 32
HIST 5946 31
HIST 5947 26
HIST 5948 39
HIST 5949 30
HIST 5950 39
HIST 5951 32
HIST 5952 29
HIST 5953 36
HIST 5954 36
HIST 5955 36
HIST 5956 36
HIST 5957 30
HIST 5958 35
HIST 5959 34
HIST 5960 36
HIST 5961 31
HIST 5962 42
HIST 5963 26
HIST 5964 32
HIST 5965 43
HIST 5966 26
HIST 5967 32
HIST 5968 30
HIST 5969 53
HIST 5970 27
HIST 5971 36
HIST 5972 36
HIST 5973 30
HIST 5974 32
HIST 5975 27
HIST 5976 24
HIST 5977 33
HIST 5978 30
HIST 5979 34
HIST 5980 41
HIST 5981 34
HIST 5982 30
HIST 5983 36
HIST 5984 34
HIST 5985 29
HIST 5986 31
HIST 5987 40
HIST 5988 36
HIST 5989 27
HIST 5990 30
HIST 5991 41
HIST 5992 36
HIST 5993 44
HIST 5994 36
HIST 5995 36
HIST 5996 28
HIST 5997 35
HIST 5998 42
HIST 5999 43
HIST 6000 29
HIST 6001 37
HIST 6002 40
HIST 6003 40
HIST 6004 36
HIST 6005 31
HIST 6006 39
HIST 6007 30
HIST 6008 35
HIST 6009 32
HIST 6010 40
HIST 6011 59
HIST 6012 35
HIST 6013 19
HIST 6014 40
HIST 6015 33
HIST 6016 25
HIST 6017 36
HIST 6018 28
HIST 6019 35
HIST 6020 30
HIST 6021 37
HIST 6022 53
HIST 6023 27
HIST 6024 33
HIST 6025 38
HIST 6026 38
HIST 6027 33
HIST 6028 42
HIST 6029 29
HIST 6030 44
HIST 6031 31
HIST 6032 45
HIST 6033 37
HIST 6034 27
HIST 6035 48
HIST 6036 35
HIST 6037 30
HIST 6038 38
HIST 6039 40
HIST 6040 41
HIST 6041 33
HIST 6042 71
HIST 6043 33
HIST 6044 29
HIST 6045 39
HIST 6046 34
HIST 6047 35
HIST 6048 37
HIST 6049 27
HIST 6050 32
HIST 6051 42
HIST 6052 29
HIST 6053 37
HIST 6054 39
HIST 6055 35
HIST 6056 33
HIST 6057 26
HIST 6058 33
HIST 6059 34
HIST 6060 34
HIST 6061 38
HIST 6062 32
HIST 6063 40
HIST 6064 45
HIST 6065 30
HIST 6066 42
HIST 6067 29
HIST 6068 31
HIST 6069 35
HIST 6070 35
HIST 6071 33
HIST 6072 33
HIST 6073 41
HIST 6074 30
HIST 6075 25
HIST 6076 35
HIST 6077 29
HIST 6078 40
HIST 6079 27
HIST 6080 44
HIST 6081 31
HIST 6082 29
HIST 6083 39
HIST 6084 31
HIST 6085 40
HIST 6086 39
HIST 6087 43
HIST 6088 36
HIST 6089 39
HIST 6090 35
HIST 6091 27
HIST 6092 36
HIST 6093 44
HIST 6094 29
HIST 6095 37
HIST 6096 34
HIST 6097 31
HIST 6098 37
HIST 6099 34
HIST 6100 34
HIST 6101 34
HIST 6102 37
HIST 6103 32
HIST 6104 34
HIST 6105 57
HIST 6106 39
HIST 6107 33
HIST 6108 36
HIST 6109 44
HIST 6110 37
HIST 6111 24
HIST 6112 39
HIST 6113 32
HIST 6114 23
HIST 6115 40
HIST 6116 45
HIST 6117 37
HIST 6118 33
HIST 6119 35
HIST 6120 34
HIST 6121 38
HIST 6122 32
HIST 6123 27
HIST 6124 38
HIST 6125 26
HIST 6126 37
HIST 6127 34
HIST 6128 28
HIST 6129 27
HIST 6130 34
HIST 6131 33
HIST 6132 41
HIST 6133 38
HIST 6134 29
HIST 6135 24
HIST 6136 37
HIST 6137 34
HIST 6138 39
HIST 6139 35
HIST 6140 36
HIST 6141 35
HIST 6142 36
HIST 6143 39
HIST 6144 31
HIST 6145 34
HIST 6146 28
HIST 6147 31
HIST 6148 40
HIST 6149 38
HIST 6150 39
HIST 6151 28
HIST 6152 31
HIST 6153 43
HIST 6154 57
HIST 6155 38
HIST 6156 43
HIST 6157 31
HIST 6158 31
HIST 6159 31
HIST 6160 34
HIST 6161 65
HIST 6162 34
HIST 6163 36
HIST 6164 30
HIST 6165 34
HIST 6166 36
HIST 6167 43
HIST 6168 37
HIST 6169 27
HIST 6170 29
HIST 6171 35
HIST 6172 35
HIST 6173 36
HIST 6174 45
HIST 6175 30
HIST 6176 34
HIST 6177 37
HIST 6178 41
HIST 6179 31
HIST 6180 40
HIST 6181 27
HIST 6182 43
HIST 6183 33
HIST 6184 29
HIST 6185 37
HIST 6186 23
HIST 6187 33
HIST 6188 26
HIST 6189 31
HIST 6190 33
HIST 6191 25
HIST 6192 27
HIST 6193 30
HIST 6194 34
HIST 6195 44
HIST 6196 29
HIST 6197 44
HIST 6198 32
HIST 6199 37
HIST 6200 42
HIST 6201 31
HIST 6202 26
HIST 6203 32
HIST 6204 26
HIST 6205 31
HIST 6206 28
HIST 6207 21
HIST 6208 29
HIST 6209 33
HIST 6210 38
HIST 6211 48
HIST 6212 37
HIST 6213 36
HIST 6214 25
HIST 6215 45
HIST 6216 41
HIST 6217 26
HIST 6218 34
HIST 6219 26
HIST 6220 43
HIST 6221 29
HIST 6222 35
HIST 6223 37
HIST 6224 38
HIST 6225 30
HIST 6226 34
HIST 6227 32
HIST 6228 28
HIST 6229 31
HIST 6230 37
HIST 6231 32
HIST 6232 30
HIST 6233 33
HIST 6234 25
HIST 6235 40
HIST 6236 42
HIST 6237 42
HIST 6238 33
HIST 6239 34
HIST 6240 40
HIST 6241 42
HIST 6242 34
HIST 6243 32
HIST 6244 39
HIST 6245 32
HIST 6246 38
HIST 6247 40
HIST 6248 34
HIST 6249 26
HIST 6250 38
HIST 6251 31
HIST 6252 35
HIST 6253 32
HIST 6254 32
HIST 6255 28
HIST 6256 39
HIST 6257 33
HIST 6258 35
HIST 6259 30
HIST 6260 37
HIST 6261 42
HIST 6262 28
HIST 6263 33
HIST 6264 33
HIST 6265 34
HIST 6266 26
HIST 6267 27
HIST 6268 28
HIST 6269 29
HIST 6270 31
HIST 6271 37
HIST 6272 47
HIST 6273 38
HIST 6274 31
HIST 6275 29
HIST 6276 31
HIST 6277 36
HIST 6278 27
HIST 6279 35
HIST 6280 51
HIST 6281 32
HIST 6282 39
HIST 6283 28
HIST 6284 23
HIST 6285 35
HIST 6286 37
HIST 6287 35
HIST 6288 42
HIST 6289 29
HIST 6290 37
HIST 6291 29
HIST 6292 28
HIST 6293 43
HIST 6294 29
HIST 6295 27
HIST 6296 46
HIST 6297 35
HIST 6298 27
HIST 6299 31
HIST 6300 36
HIST 6301 31
HIST 6302 31
HIST 6303 32
HIST 6304 32
HIST 6305 40
HIST 6306 30
HIST 6307 30
HIST 6308 28
HIST 6309 32
HIST 6310 35
HIST 6311 27
HIST 6312 36
HIST 6313 33
HIST 6314 30
HIST 6315 31
HIST 6316 26
HIST 6317 37
HIST 6318 33
HIST 6319 38
HIST 6320 37
HIST 6321 29
HIST 6322 27
HIST 6323 31
HIST 6324 38
HIST 6325 35
HIST 6326 31
HIST 6327 26
HIST 6328 35
HIST 6329 32
HIST 6330 36
HIST 6331 30
HIST 6332 33
HIST 6333 28
HIST 6334 35
HIST 6335 34
HIST 6336 29
HIST 6337 18
HIST 6338 24
HIST 6339 28
HIST 6340 33
HIST 6341 31
HIST 6342 38
HIST 6343 16
HIST 6344 25
HIST 6345 25
HIST 6346 24
HIST 6347 29
HIST 6348 22
HIST 6349 27
HIST 6350 32
HIST 6351 33
HIST 6352 34
HIST 6353 37
HIST 6354 32
HIST 6355 39
HIST 6356 39
HIST 6357 25
HIST 6358 31
HIST 6359 24
HIST 6360 27
HIST 6361 26
HIST 6362 35
HIST 6363 24
HIST 6364 36
HIST 6365 25
HIST 6366 24
HIST 6367 32
HIST 6368 33
HIST 6369 26
HIST 6370 33
HIST 6371 27
HIST 6372 35
HIST 6373 22
HIST 6374 35
HIST 6375 41
HIST 6376 30
HIST 6377 35
HIST 6378 30
HIST 6379 33
HIST 6380 37
HIST 6381 44
HIST 6382 35
HIST 6383 41
HIST 6384 30
HIST 6385 38
HIST 6386 28
HIST 6387 22
HIST 6388 34
HIST 6389 38
HIST 6390 35
HIST 6391 29
HIST 6392 33
HIST 6393 38
HIST 6394 39
HIST 6395 27
HIST 6396 39
HIST 6397 33
HIST 6398 37
HIST 6399 38
HIST 6400 40
HIST 6401 36
HIST 6402 41
HIST 6403 35
HIST 6404 28
HIST 6405 23
HIST 6406 25
HIST 6407 38
HIST 6408 28
HIST 6409 27
HIST 6410 32
HIST 6411 40
HIST 6412 33
HIST 6413 23
HIST 6414 25
HIST 6415 37
HIST 6416 32
HIST 6417 31
HIST 6418 29
HIST 6419 29
HIST 6420 40
HIST 6421 22
HIST 6422 29
HIST 6423 34
HIST 6424 30
HIST 6425 37
HIST 6426 33
HIST 6427 36
HIST 6428 31
HIST 6429 26
HIST 6430 31
HIST 6431 38
HIST 6432 26
HIST 6433 29
HIST 6434 36
HIST 6435 32
HIST 6436 32
HIST 6437 30
HIST 6438 36
HIST 6439 38
HIST 6440 30
HIST 6441 34
HIST 6442 37
HIST 6443 30
HIST 6444 54
HIST 6445 35
HIST 6446 34
HIST 6447 23
HIST 6448 44
HIST 6449 34
HIST 6450 20
HIST 6451 25
HIST 6452 33
HIST 6453 37
HIST 6454 32
HIST 6455 28
HIST 6456 32
HIST 6457 35
HIST 6458 29
HIST 6459 42
HIST 6460 35
HIST 6461 34
HIST 6462 27
HIST 6463 38
HIST 6464 30
HIST 6465 29
HIST 6466 32
HIST 6467 21
HIST 6468 28
HIST 6469 32
HIST 6470 31
HIST 6471 40
HIST 6472 33
HIST 6473 26
HIST 6474 47
HIST 6475 39
HIST 6476 36
HIST 6477 35
HIST 6478 32
HIST 6479 21
HIST 6480 33
HIST 6481 33
HIST 6482 32
HIST 6483 34
HIST 6484 46
HIST 6485 34
HIST 6486 45
HIST 6487 31
HIST 6488 36
HIST 6489 31
HIST 6490 20
HIST 6491 27
HIST 6492 34
HIST 6493 34
HIST 6494 30
HIST 6495 26
HIST 6496 29
HIST 6497 27
HIST 6498 36
HIST 6499 33
HIST 6500 43
HIST 6501 33
HIST 6502 31
HIST 6503 28
HIST 6504 38
HIST 6505 28
HIST 6506 32
HIST 6507 39
HIST 6508 27
HIST 6509 31
HIST 6510 35
HIST 6511 38
HIST 6512 26
HIST 6513 28
HIST 6514 34
HIST 6515 31
HIST 6516 29
HIST 6517 34
HIST 6518 31
HIST 6519 38
HIST 6520 29
HIST 6521 34
HIST 6522 36
HIST 6523 32
HIST 6524 33
HIST 6525 31
HIST 6526 38
HIST 6527 31
HIST 6528 34
HIST 6529 41
HIST 6530 41
HIST 6531 43
HIST 6532 31
HIST 6533 41
HIST 6534 29
HIST 6535 32
HIST 6536 33
HIST 6537 28
HIST 6538 37
HIST 6539 29
HIST 6540 40
HIST 6541 28
HIST 6542 33
HIST 6543 30
HIST 6544 26
HIST 6545 33
HIST 6546 36
HIST 6547 30
HIST 6548 31
HIST 6549 33
HIST 6550 32
HIST 6551 44
HIST 6552 42
HIST 6553 28
HIST 6554 41
HIST 6555 30
HIST 6556 50
HIST 6557 36
HIST 6558 32
HIST 6559 41
HIST 6560 35
HIST 6561 36
HIST 6562 36
HIST 6563 34
HIST 6564 25
HIST 6565 475
HIST 6566 42
HIST 6567 23
HIST 6568 23
HIST 6569 31
HIST 6570 36
HIST 6571 29
HIST 6572 27
HIST 6573 30
HIST 6574 30
HIST 6575 30
HIST 6576 35
HIST 6577 18
HIST 6578 29
HIST 6579 34
HIST 6580 33
HIST 6581 31
HIST 6582 26
HIST 6583 32
HIST 6584 35
HIST 6585 27
HIST 6586 32
HIST 6587 42
HIST 6588 32
HIST 6589 31
HIST 6590 36
HIST 6591 41
HIST 6592 30
HIST 6593 38
HIST 6594 38
HIST 6595 30
HIST 6596 26
HIST 6597 29
HIST 6598 40
HIST 6599 40
HIST 6600 34
HIST 6601 43
HIST 6602 37
HIST 6603 35
HIST 6604 38
HIST 6605 38
HIST 6606 33
HIST 6607 43
HIST 6608 26
HIST 6609 43
HIST 6610 25
HIST 6611 41
HIST 6612 33
HIST 6613 13
HIST 6614 34
HIST 6615 26
HIST 6616 32
HIST 6617 37
HIST 6618 29
HIST 6619 45
HIST 6620 22
HIST 6621 29
HIST 6622 30
HIST 6623 33
HIST 6624 37
HIST 6625 26
HIST 6626 38
HIST 6627 27
HIST 6628 28
HIST 6629 33
HIST 6630 39
HIST 6631 28
HIST 6632 31
HIST 6633 26
HIST 6634 29
HIST 6635 30
HIST 6636 33
HIST 6637 22
HIST 6638 35
HIST 6639 45
HIST 6640 39
HIST 6641 30
HIST 6642 36
HIST 6643 32
HIST 6644 24
HIST 6645 32
HIST 6646 31
HIST 6647 34
HIST 6648 58
HIST 6649 30
HIST 6650 26
HIST 6651 33
HIST 6652 33
HIST 6653 29
HIST 6654 29
HIST 6655 35
HIST 6656 30
HIST 6657 34
HIST 6658 45
HIST 6659 28
HIST 6660 33
HIST 6661 29
HIST 6662 18
HIST 6663 43
HIST 6664 51
HIST 6665 43
HIST 6666 27
HIST 6667 34
HIST 6668 25
HIST 6669 33
HIST 6670 30
HIST 6671 39
HIST 6672 37
HIST 6673 42
HIST 6674 32
HIST 6675 35
HIST 6676 33
HIST 6677 28
HIST 6678 35
HIST 6679 33
HIST 6680 47
HIST 6681 34
HIST 6682 30
HIST 6683 26
HIST 6684 35
HIST 6685 32
HIST 6686 35
HIST 6687 36
HIST 6688 42
HIST 6689 34
HIST 6690 29
HIST 6691 41
HIST 6692 40
HIST 6693 36
HIST 6694 31
HIST 6695 25
HIST 6696 34
HIST 6697 31
HIST 6698 35
HIST 6699 36
HIST 6700 34
HIST 6701 38
HIST 6702 32
HIST 6703 36
HIST 6704 29
HIST 6705 34
HIST 6706 30
HIST 6707 44
HIST 6708 31
HIST 6709 41
HIST 6710 30
HIST 6711 41
HIST 6712 110
HIST 6713 36
HIST 6714 38
HIST 6715 26
HIST 6716 31
HIST 6717 39
HIST 6718 36
HIST 6719 36
HIST 6720 25
HIST 6721 22
HIST 6722 27
HIST 6723 34
HIST 6724 38
HIST 6725 27
HIST 6726 24
HIST 6727 32
HIST 6728 28
HIST 6729 41
HIST 6730 41
HIST 6731 33
HIST 6732 43
HIST 6733 38
HIST 6734 31
HIST 6735 21
HIST 6736 33
HIST 6737 20
HIST 6738 40
HIST 6739 29
HIST 6740 41
HIST 6741 36
HIST 6742 26
HIST 6743 30
HIST 6744 28
HIST 6745 36
HIST 6746 519
HIST 6747 18
HIST 6748 30
HIST 6749 27
HIST 6750 38
HIST 6751 109
HIST 6752 35
HIST 6753 28
HIST 6754 31
HIST 6755 42
HIST 6756 32
HIST 6757 25
HIST 6758 33
HIST 6759 24
HIST 6760 35
HIST 6761 30
HIST 6762 28
HIST 6763 34
HIST 6764 19
HIST 6765 32
HIST 6766 35
HIST 6767 32
HIST 6768 41
HIST 6769 33
HIST 6770 39
HIST 6771 42
HIST 6772 37
HIST 6773 42
HIST 6774 26
HIST 6775 27
HIST 6776 30
HIST 6777 36
HIST 6778 31
HIST 6779 29
HIST 6780 26
HIST 6781 23
HIST 6782 45
HIST 6783 28
HIST 6784 29
HIST 6785 26
HIST 6786 1440
HIST 6787 26
HIST 6788 25
HIST 6789 38
HIST 6790 26
HIST 6791 34
HIST 6792 28
HIST 6793 33
HIST 6794 27
HIST 6795 25
HIST 6796 47
HIST 6797 45
HIST 6798 24
HIST 6799 31
HIST 6800 33
HIST 6801 32
HIST 6802 25
HIST 6803 35
HIST 6804 25
HIST 6805 23
HIST 6806 24
HIST 6807 32
HIST 6808 37
HIST 6809 37
HIST 6810 37
HIST 6811 30
HIST 6812 25
HIST 6813 32
HIST 6814 27
HIST 6815 31
HIST 6816 43
HIST 6817 29
HIST 6818 27
HIST 6819 23
HIST 6820 22
HIST 6821 29
HIST 6822 23
HIST 6823 32
HIST 6824 32
HIST 6825 18
HIST 6826 28
HIST 6827 31
HIST 6828 38
HIST 6829 25
HIST 6830 35
HIST 6831 26
HIST 6832 23
HIST 6833 39
HIST 6834 37
HIST 6835 26
HIST 6836 27
HIST 6837 30
HIST 6838 41
HIST 6839 34
HIST 6840 33
HIST 6841 29
HIST 6842 37
HIST 6843 30
HIST 6844 35
HIST 6845 37
HIST 6846 33
HIST 6847 39
HIST 6848 34
HIST 6849 34
HIST 6850 31
HIST 6851 34
HIST 6852 33
HIST 6853 37
HIST 6854 38
HIST 6855 34
HIST 6856 40
HIST 6857 24
HIST 6858 53
HIST 6859 39
HIST 6860 35
HIST 6861 37
HIST 6862 29
HIST 6863 41
HIST 6864 31
HIST 6865 84
HIST 6866 29
HIST 6867 25
HIST 6868 30
HIST 6869 31
HIST 6870 26
HIST 6871 38
HIST 6872 28
HIST 6873 35
HIST 6874 31
HIST 6875 35
HIST 6876 38
HIST 6877 49
HIST 6878 20
HIST 6879 40
HIST 6880 32
HIST 6881 29
HIST 6882 37
HIST 6883 34
HIST 6884 32
HIST 6885 28
HIST 6886 26
HIST 6887 2523
HIST 6888 27
HIST 6889 31
HIST 6890 38
HIST 6891 31
HIST 6892 24
HIST 6893 29
HIST 6894 32
HIST 6895 36
HIST 6896 27
HIST 6897 36
HIST 6898 33
HIST 6899 35
HIST 6900 35
HIST 6901 29
HIST 6902 36
HIST 6903 29
HIST 6904 26
HIST 6905 35
HIST 6906 27
HIST 6907 31
HIST 6908 41
HIST 6909 25
HIST 6910 26
HIST 6911 39
HIST 6912 26
HIST 6913 27
HIST 6914 31
HIST 6915 29
HIST 6916 28
HIST 6917 26
HIST 6918 30
HIST 6919 33
HIST 6920 31
HIST 6921 32
HIST 6922 30
HIST 6923 31
HIST 6924 25
HIST 6925 23
HIST 6926 43
HIST 6927 32
HIST 6928 24
HIST 6929 32
HIST 6930 31
HIST 6931 28
HIST 6932 31
HIST 6933 24
HIST 6934 25
HIST 6935 34
HIST 6936 28
HIST 6937 33
HIST 6938 41
HIST 6939 36
HIST 6940 27
HIST 6941 34
HIST 6942 24
HIST 6943 33
HIST 6944 34
HIST 6945 36
HIST 6946 23
HIST 6947 31
HIST 6948 33
HIST 6949 43
HIST 6950 26
HIST 6951 40
HIST 6952 32
HIST 6953 35
HIST 6954 36
HIST 6955 29
HIST 6956 24
HIST 6957 28
HIST 6958 34
HIST 6959 28
HIST 6960 42
HIST 6961 24
HIST 6962 43
HIST 6963 42
HIST 6964 33
HIST 6965 32
HIST 6966 30
HIST 6967 30
HIST 6968 41
HIST 6969 37
HIST 6970 29
HIST 6971 35
HIST 6972 22
HIST 6973 36
HIST 6974 27
HIST 6975 30
HIST 6976 25
HIST 6977 26
HIST 6978 44
HIST 6979 27
HIST 6980 27
HIST 6981 44
HIST 6982 34
HIST 6983 30
HIST 6984 39
HIST 6985 28
HIST 6986 29
HIST 6987 25
HIST 6988 21
HIST 6989 42
HIST 6990 33
HIST 6991 36
HIST 6992 39
HIST 6993 42
HIST 6994 25
HIST 6995 23
HIST 6996 38
HIST 6997 36
HIST 6998 30
HIST 6999 28
HIST 7000 38
HIST 7001 24
HIST 7002 34
HIST 7003 44
HIST 7004 27
HIST 7005 38
HIST 7006 30
HIST 7007 36
HIST 7008 25
HIST 7009 29
HIST 7010 35
HIST 7011 27
HIST 7012 24
HIST 7013 35
HIST 7014 22
HIST 7015 34
HIST 7016 32
HIST 7017 38
HIST 7018 40
HIST 7019 32
HIST 7020 27
HIST 7021 29
HIST 7022 30
HIST 7023 38
HIST 7024 30
HIST 7025 26
HIST 7026 28
HIST 7027 34
HIST 7028 32
HIST 7029 31
HIST 7030 36
HIST 7031 43
HIST 7032 32
HIST 7033 28
HIST 7034 28
HIST 7035 39
HIST 7036 23
HIST 7037 36
HIST 7038 29
HIST 7039 43
HIST 7040 36
HIST 7041 38
HIST 7042 37
HIST 7043 36
HIST 7044 36
HIST 7045 31
HIST 7046 31
HIST 7047 32
HIST 7048 34
HIST 7049 29
HIST 7050 31
HIST 7051 32
HIST 7052 28
HIST 7053 39
HIST 7054 46
HIST 7055 42
HIST 7056 33
HIST 7057 33
HIST 7058 27
HIST 7059 42
HIST 7060 30
HIST 7061 28
HIST 7062 30
HIST 7063 28
HIST 7064 38
HIST 7065 25
HIST 7066 36
HIST 7067 31
HIST 7068 33
HIST 7069 36
HIST 7070 43
HIST 7071 26
HIST 7072 35
HIST 7073 45
HIST 7074 28
HIST 7075 25
HIST 7076 28
HIST 7077 33
HIST 7078 36
HIST 7079 26
HIST 7080 38
HIST 7081 34
HIST 7082 28
HIST 7083 36
HIST 7084 32
HIST 7085 38
HIST 7086 32
HIST 7087 27
HIST 7088 33
HIST 7089 31
HIST 7090 30
HIST 7091 31
HIST 7092 29
HIST 7093 40
HIST 7094 32
HIST 7095 30
HIST 7096 33
HIST 7097 35
HIST 7098 28
HIST 7099 25
HIST 7100 34
HIST 7101 31
HIST 7102 36
HIST 7103 28
HIST 7104 37
HIST 7105 42
HIST 7106 32
HIST 7107 27
HIST 7108 38
HIST 7109 27
HIST 7110 34
HIST 7111 23
HIST 7112 31
HIST 7113 39
HIST 7114 34
HIST 7115 37
HIST 7116 28
HIST 7117 31
HIST 7118 26
HIST 7119 30
HIST 7120 25
HIST 7121 219
HIST 7122 36
HIST 7123 26
HIST 7124 35
HIST 7125 40
HIST 7126 34
HIST 7127 31
HIST 7128 26
HIST 7129 329
HIST 7130 30
HIST 7131 38
HIST 7132 28
HIST 7133 25
HIST 7134 38
HIST 7135 32
HIST 7136 40
HIST 7137 27
HIST 7138 32
HIST 7139 35
HIST 7140 23
HIST 7141 39
HIST 7142 39
HIST 7143 29
HIST 7144 25
HIST 7145 36
HIST 7146 35
HIST 7147 34
HIST 7148 49
HIST 7149 24
HIST 7150 34
HIST 7151 32
HIST 7152 36
HIST 7153 41
HIST 7154 41
HIST 7155 41
HIST 7156 34
HIST 7157 35
HIST 7158 28
HIST 7159 29
HIST 7160 34
HIST 7161 27
HIST 7162 46
HIST 7163 33
HIST 7164 38
HIST 7165 26
HIST 7166 34
HIST 7167 29
HIST 7168 33
HIST 7169 41
HIST 7170 39
HIST 7171 41
HIST 7172 25
HIST 7173 33
HIST 7174 31
HIST 7175 35
HIST 7176 32
HIST 7177 36
HIST 7178 26
HIST 7179 21
HIST 7180 28
HIST 7181 42
HIST 7182 43
HIST 7183 37
HIST 7184 45
HIST 7185 34
HIST 7186 28
HIST 7187 27
HIST 7188 33
HIST 7189 31
HIST 7190 26
HIST 7191 27
HIST 7192 40
HIST 7193 300
HIST 7194 708
HIST 7195 35
HIST 7196 20
HIST 7197 36
HIST 7198 26
HIST 7199 26
HIST 7200 36
HIST 7201 39
HIST 7202 22
HIST 7203 43
HIST 7204 28
HIST 7205 40
HIST 7206 21
HIST 7207 38
HIST 7208 32
HIST 7209 39
HIST 7210 30
HIST 7211 25
HIST 7212 29
HIST 7213 29
HIST 7214 23
HIST 7215 30
HIST 7216 27
HIST 7217 41
HIST 7218 28
HIST 7219 36
HIST 7220 34
HIST 7221 35
HIST 7222 38
HIST 7223 33
HIST 7224 30
HIST 7225 25
HIST 7226 31
HIST 7227 22
HIST 7228 26
HIST 7229 23
HIST 7230 34
HIST 7231 31
HIST 7232 35
HIST 7233 29
HIST 7234 31
HIST 7235 31
HIST 7236 31
HIST 7237 26
HIST 7238 26
HIST 7239 27
HIST 7240 32
HIST 7241 30
HIST 7242 35
HIST 7243 26
HIST 7244 32
HIST 7245 26
HIST 7246 28
HIST 7247 31
HIST 7248 30
HIST 7249 37
HIST 7250 40
HIST 7251 38
HIST 7252 28
HIST 7253 32
HIST 7254 36
HIST 7255 36
HIST 7256 26
HIST 7257 39
HIST 7258 28
HIST 7259 30
HIST 7260 32
HIST 7261 36
HIST 7262 28
HIST 7263 40
HIST 7264 28
HIST 7265 35
HIST 7266 34
HIST 7267 28
HIST 7268 45
HIST 7269 26
HIST 7270 24
HIST 7271 36
HIST 7272 42
HIST 7273 28
HIST 7274 22
HIST 7275 35
HIST 7276 36
HIST 7277 36
HIST 7278 47
HIST 7279 34
HIST 7280 55
HIST 7281 29
HIST 7282 60
HIST 7283 23
HIST 7284 31
HIST 7285 39
HIST 7286 25
HIST 7287 40
HIST 7288 86
HIST 7289 31
HIST 7290 29
HIST 7291 41
HIST 7292 35
HIST 7293 34
HIST 7294 36
HIST 7295 27
HIST 7296 29
HIST 7297 33
HIST 7298 35
HIST 7299 27
HIST 7300 38
HIST 7301 29
HIST 7302 36
HIST 7303 31
HIST 7304 18
HIST 7305 30
HIST 7306 27
HIST 7307 27
HIST 7308 28
HIST 7309 22
HIST 7310 35
HIST 7311 28
HIST 7312 28
HIST 7313 22
HIST 7314 36
HIST 7315 38
HIST 7316 30
HIST 7317 39
HIST 7318 37
HIST 7319 23
HIST 7320 28
HIST 7321 35
HIST 7322 28
HIST 7323 37
HIST 7324 30
HIST 7325 25
HIST 7326 32
HIST 7327 31
HIST 7328 22
HIST 7329 20
HIST 7330 27
HIST 7331 37
HIST 7332 24
HIST 7333 32
HIST 7334 48
HIST 7335 35
HIST 7336 29
HIST 7337 29
HIST 7338 36
HIST 7339 38
HIST 7340 47
HIST 7341 47
HIST 7342 24
HIST 7343 32
HIST 7344 35
HIST 7345 27
HIST 7346 44
HIST 7347 35
HIST 7348 30
HIST 7349 23
HIST 7350 30
HIST 7351 33
HIST 7352 34
HIST 7353 38
HIST 7354 37
HIST 7355 34
HIST 7356 32
HIST 7357 32
HIST 7358 26
HIST 7359 36
HIST 7360 31
HIST 7361 39
HIST 7362 28
HIST 7363 36
HIST 7364 23
HIST 7365 35
HIST 7366 29
HIST 7367 28
HIST 7368 35
HIST 7369 34
HIST 7370 30
HIST 7371 34
HIST 7372 31
HIST 7373 29
HIST 7374 33
HIST 7375 25
HIST 7376 40
HIST 7377 38
HIST 7378 33
HIST 7379 33
HIST 7380 35
HIST 7381 24
HIST 7382 29
HIST 7383 36
HIST 7384 32
HIST 7385 22
HIST 7386 28
HIST 7387 41
HIST 7388 32
HIST 7389 36
HIST 7390 30
HIST 7391 30
HIST 7392 47
HIST 7393 33
HIST 7394 40
HIST 7395 36
HIST 7396 27
HIST 7397 34
HIST 7398 20
HIST 7399 27
HIST 7400 35
HIST 7401 30
HIST 7402 35
HIST 7403 26
HIST 7404 28
HIST 7405 34
HIST 7406 41
HIST 7407 33
HIST 7408 25
HIST 7409 31
HIST 7410 35
HIST 7411 42
HIST 7412 37
HIST 7413 37
HIST 7414 35
HIST 7415 30
HIST 7416 40
HIST 7417 37
HIST 7418 30
HIST 7419 38
HIST 7420 31
HIST 7421 32
HIST 7422 27
HIST 7423 32
HIST 7424 28
HIST 7425 33
HIST 7426 26
HIST 7427 44
HIST 7428 28
HIST 7429 28
HIST 7430 32
HIST 7431 30
HIST 7432 32
HIST 7433 33
HIST 7434 31
HIST 7435 32
HIST 7436 29
HIST 7437 39
HIST 7438 27
HIST 7439 34
HIST 7440 30
HIST 7441 30
HIST 7442 33
HIST 7443 24
HIST 7444 31
HIST 7445 31
HIST 7446 26
HIST 7447 32
HIST 7448 30
HIST 7449 34
HIST 7450 35
HIST 7451 39
HIST 7452 32
HIST 7453 37
HIST 7454 32
HIST 7455 40
HIST 7456 25
HIST 7457 32
HIST 7458 28
HIST 7459 45
HIST 7460 33
HIST 7461 31
HIST 7462 41
HIST 7463 45
HIST 7464 28
HIST 7465 31
HIST 7466 63
HIST 7467 47
HIST 7468 32
HIST 7469 26
HIST 7470 34
HIST 7471 28
HIST 7472 31
HIST 7473 44
HIST 7474 37
HIST 7475 35
HIST 7476 37
HIST 7477 38
HIST 7478 30
HIST 7479 30
HIST 7480 36
HIST 7481 32
HIST 7482 32
HIST 7483 38
HIST 7484 21
HIST 7485 32
HIST 7486 32
HIST 7487 29
HIST 7488 36
HIST 7489 36
HIST 7490 41
HIST 7491 32
HIST 7492 34
HIST 7493 37
HIST 7494 30
HIST 7495 36
HIST 7496 26
HIST 7497 34
HIST 7498 42
HIST 7499 36
HIST 7500 22
HIST 7501 31
HIST 7502 29
HIST 7503 99
HIST 7504 33
HIST 7505 25
HIST 7506 65
HIST 7507 31
HIST 7508 31
HIST 7509 33
HIST 7510 41
HIST 7511 37
HIST 7512 30
HIST 7513 27
HIST 7514 30
HIST 7515 26
HIST 7516 30
HIST 7517 17
HIST 7518 33
HIST 7519 36
HIST 7520 25
HIST 7521 36
HIST 7522 37
HIST 7523 39
HIST 7524 34
HIST 7525 30
HIST 7526 34
HIST 7527 32
HIST 7528 35
HIST 7529 30
HIST 7530 25
HIST 7531 26
HIST 7532 31
HIST 7533 29
HIST 7534 28
HIST 7535 30
HIST 7536 34
HIST 7537 32
HIST 7538 35
HIST 7539 38
HIST 7540 31
HIST 7541 33
HIST 7542 38
HIST 7543 33
HIST 7544 31
HIST 7545 26
HIST 7546 37
HIST 7547 38
HIST 7548 27
HIST 7549 29
HIST 7550 23
HIST 7551 23
HIST 7552 28
HIST 7553 34
HIST 7554 384
HIST 7555 31
HIST 7556 30
HIST 7557 46
HIST 7558 39
HIST 7559 35
HIST 7560 27
HIST 7561 45
HIST 7562 40
HIST 7563 30
HIST 7564 37
HIST 7565 35
HIST 7566 29
HIST 7567 33
HIST 7568 31
HIST 7569 34
HIST 7570 31
HIST 7571 28
HIST 7572 22
HIST 7573 29
HIST 7574 35
HIST 7575 40
HIST 7576 31
HIST 7577 33
HIST 7578 39
HIST 7579 36
HIST 7580 28
HIST 7581 33
HIST 7582 36
HIST 7583 31
HIST 7584 34
HIST 7585 34
HIST 7586 24
HIST 7587 23
HIST 7588 32
HIST 7589 33
HIST 7590 16
HIST 7591 23
HIST 7592 32
HIST 7593 31
HIST 7594 37
HIST 7595 45
HIST 7596 29
HIST 7597 36
HIST 7598 25
HIST 7599 32
HIST 7600 25
HIST 7601 32
HIST 7602 35
HIST 7603 38
HIST 7604 31
HIST 7605 40
HIST 7606 29
HIST 7607 42
HIST 7608 36
HIST 7609 30
HIST 7610 33
HIST 7611 40
HIST 7612 33
HIST 7613 25
HIST 7614 31
HIST 7615 33
HIST 7616 40
HIST 7617 30
HIST 7618 22
HIST 7619 27
HIST 7620 26
HIST 7621 33
HIST 7622 20
HIST 7623 37
HIST 7624 37
HIST 7625 26
HIST 7626 22
HIST 7627 25
HIST 7628 24
HIST 7629 40
HIST 7630 35
HIST 7631 20
HIST 7632 22
HIST 7633 28
HIST 7634 36
HIST 7635 25
HIST 7636 30
HIST 7637 26
HIST 7638 22
HIST 7639 32
HIST 7640 25
HIST 7641 33
HIST 7642 34
HIST 7643 34
HIST 7644 28
HIST 7645 29
HIST 7646 25
HIST 7647 38
HIST 7648 34
HIST 7649 590
HIST 7650 41
HIST 7651 25
HIST 7652 31
HIST 7653 24
HIST 7654 32
HIST 7655 31
HIST 7656 28
HIST 7657 20
HIST 7658 33
HIST 7659 28
HIST 7660 24
HIST 7661 21
HIST 7662 34
HIST 7663 34
HIST 7664 28
HIST 7665 29
HIST 7666 30
HIST 7667 27
HIST 7668 29
HIST 7669 30
HIST 7670 30
HIST 7671 21
HIST 7672 42
HIST 7673 23
HIST 7674 23
HIST 7675 20
HIST 7676 27
HIST 7677 22
HIST 7678 25
HIST 7679 24
HIST 7680 37
HIST 7681 29
HIST 7682 26
HIST 7683 29
HIST 7684 37
HIST 7685 39
HIST 7686 24
HIST 7687 27
HIST 7688 18
HIST 7689 22
HIST 7690 256
HIST 7691 29
HIST 7692 22
HIST 7693 42
HIST 7694 37
HIST 7695 25
HIST 7696 27
HIST 7697 31
HIST 7698 32
HIST 7699 30
HIST 7700 23
HIST 7701 23
HIST 7702 22
HIST 7703 29
HIST 7704 24
HIST 7705 33
HIST 7706 31
HIST 7707 26
HIST 7708 30
HIST 7709 25
HIST 7710 24
HIST 7711 36
HIST 7712 31
HIST 7713 26
HIST 7714 15
HIST 7715 33
HIST 7716 26
HIST 7717 34
HIST 7718 25
HIST 7719 28
HIST 7720 22
HIST 7721 29
HIST 7722 31
HIST 7723 19
HIST 7724 24
HIST 7725 30
HIST 7726 32
HIST 7727 28
HIST 7728 23
HIST 7729 19
HIST 7730 37
HIST 7731 30
HIST 7732 27
HIST 7733 25
HIST 7734 21
HIST 7735 24
HIST 7736 35
HIST 7737 28
HIST 7738 29
HIST 7739 27
HIST 7740 28
HIST 7741 27
HIST 7742 31
HIST 7743 25
HIST 7744 25
HIST 7745 26
HIST 7746 24
HIST 7747 24
HIST 7748 22
HIST 7749 17
HIST 7750 21
HIST 7751 38
HIST 7752 35
HIST 7753 20
HIST 7754 27
HIST 7755 23
HIST 7756 34
HIST 7757 26
HIST 7758 23
HIST 7759 27
HIST 7760 31
HIST 7761 38
HIST 7762 23
HIST 7763 22
HIST 7764 21
HIST 7765 32
HIST 7766 24
HIST 7767 21
HIST 7768 31
HIST 7769 42
HIST 7770 20
HIST 7771 29
HIST 7772 32
HIST 7773 28
HIST 7774 33
HIST 7775 33
HIST 7776 23
HIST 7777 31
HIST 7778 27
HIST 7779 19
HIST 7780 33
HIST 7781 29
HIST 7782 27
HIST 7783 43
HIST 7784 28
HIST 7785 24
HIST 7786 20
HIST 7787 34
HIST 7788 27
HIST 7789 35997
HIST 7790 29
HIST 7791 24
HIST 7792 19
HIST 7793 16
HIST 7794 32
HIST 7795 31
HIST 7796 22
HIST 7797 22
HIST 7798 29
HIST 7799 34
HIST 7800 23
HIST 7801 18
HIST 7802 27
HIST 7803 19
HIST 7804 34
HIST 7805 28
HIST 7806 20
HIST 7807 24
HIST 7808 28
HIST 7809 32
HIST 7810 33
HIST 7811 26
HIST 7812 24
HIST 7813 31
HIST 7814 30
HIST 7815 21
HIST 7816 25
HIST 7817 29
HIST 7818 24
HIST 7819 24
HIST 7820 24
HIST 7821 31
HIST 7822 22
HIST 7823 21
HIST 7824 26
HIST 7825 34
HIST 7826 25
HIST 7827 31
HIST 7828 25
HIST 7829 22
HIST 7830 27
HIST 7831 35
HIST 7832 30
HIST 7833 22
HIST 7834 24
HIST 7835 28
HIST 7836 35
HIST 7837 22
HIST 7838 22
HIST 7839 27
HIST 7840 33
HIST 7841 24
HIST 7842 24
HIST 7843 31
HIST 7844 18
HIST 7845 24
HIST 7846 32
HIST 7847 28
HIST 7848 26
HIST 7849 38
HIST 7850 20
HIST 7851 22
HIST 7852 19
HIST 7853 29
HIST 7854 28
HIST 7855 22
HIST 7856 20
HIST 7857 36
HIST 7858 27
HIST 7859 24
HIST 7860 31
HIST 7861 21
HIST 7862 26
HIST 7863 29
HIST 7864 30
HIST 7865 23
HIST 7866 23
HIST 7867 18
HIST 7868 30
HIST 7869 36
HIST 7870 26
HIST 7871 29
HIST 7872 26
HIST 7873 21
HIST 7874 30
HIST 7875 22
HIST 7876 29
HIST 7877 24
HIST 7878 19
HIST 7879 32
HIST 7880 19
HIST 7881 43
HIST 7882 28
HIST 7883 26
HIST 7884 23
HIST 7885 26
HIST 7886 26
HIST 7887 18
HIST 7888 22
HIST 7889 33
HIST 7890 20
HIST 7891 28
HIST 7892 34
HIST 7893 25
HIST 7894 23
HIST 7895 22
HIST 7896 34
HIST 7897 20
HIST 7898 28
HIST 7899 22
HIST 7900 34
HIST 7901 27
HIST 7902 24
HIST 7903 15
HIST 7904 35
HIST 7905 21
HIST 7906 18
HIST 7907 32
HIST 7908 25
HIST 7909 31
HIST 7910 21
HIST 7911 29
HIST 7912 16
HIST 7913 24
HIST 7914 37
HIST 7915 23
HIST 7916 20
HIST 7917 32
HIST 7918 28
HIST 7919 29
HIST 7920 23
HIST 7921 28
HIST 7922 35
HIST 7923 35
HIST 7924 30
HIST 7925 20
HIST 7926 21
HIST 7927 27
HIST 7928 18
HIST 7929 29
HIST 7930 26
HIST 7931 30
HIST 7932 20
HIST 7933 22
HIST 7934 24
HIST 7935 25
HIST 7936 28
HIST 7937 25
HIST 7938 21
HIST 7939 20
HIST 7940 21
HIST 7941 25
HIST 7942 25
HIST 7943 31
HIST 7944 38
HIST 7945 28
HIST 7946 26
HIST 7947 32
HIST 7948 98
HIST 7949 20
HIST 7950 28
HIST 7951 22
HIST 7952 28
HIST 7953 26
HIST 7954 24
HIST 7955 24
HIST 7956 13
HIST 7957 23
HIST 7958 21
HIST 7959 29
HIST 7960 22
HIST 7961 19
HIST 7962 33
HIST 7963 24
HIST 7964 39
HIST 7965 31
HIST 7966 32
HIST 7967 24
HIST 7968 28
HIST 7969 22
HIST 7970 25
HIST 7971 29
HIST 7972 23
HIST 7973 26
HIST 7974 17
HIST 7975 19
HIST 7976 29
HIST 7977 26
HIST 7978 22
HIST 7979 30
HIST 7980 27
HIST 7981 21
HIST 7982 14
HIST 7983 28
HIST 7984 29
HIST 7985 23
HIST 7986 16
HIST 7987 31
HIST 7988 20
HIST 7989 28
HIST 7990 21
HIST 7991 16
HIST 7992 33
HIST 7993 28
HIST 7994 28
HIST 7995 22
HIST 7996 18
HIST 7997 24
HIST 7998 22
HIST 7999 23
HIST 8000 18
HIST 8001 23
HIST 8002 18
HIST 8003 31
HIST 8004 35
HIST 8005 30
HIST 8006 23
HIST 8007 35
HIST 8008 22
HIST 8009 12
HIST 8010 21
HIST 8011 21
HIST 8012 18
HIST 8013 31
HIST 8014 20
HIST 8015 22
HIST 8016 18
HIST 8017 22
HIST 8018 24
HIST 8019 28
HIST 8020 30
HIST 8021 21
HIST 8022 23
HIST 8023 30
HIST 8024 28
HIST 8025 27
HIST 8026 29
HIST 8027 30
HIST 8028 24
HIST 8029 30
HIST 8030 24
HIST 8031 26
HIST 8032 25
HIST 8033 28
HIST 8034 28
HIST 8035 27
HIST 8036 20
HIST 8037 24
HIST 8038 30
HIST 8039 21
HIST 8040 25
HIST 8041 25
HIST 8042 24
HIST 8043 24
HIST 8044 24
HIST 8045 26
HIST 8046 28
HIST 8047 23
HIST 8048 20
HIST 8049 21
HIST 8050 31
HIST 8051 29
HIST 8052 22
HIST 8053 25
HIST 8054 23
HIST 8055 19
HIST 8056 20
HIST 8057 27
HIST 8058 56
HIST 8059 22
HIST 8060 34
HIST 8061 26
HIST 8062 28
HIST 8063 16
HIST 8064 20
HIST 8065 30
HIST 8066 18
HIST 8067 23
HIST 8068 42
HIST 8069 23
HIST 8070 21
HIST 8071 35
HIST 8072 25
HIST 8073 24
HIST 8074 24
HIST 8075 25
HIST 8076 21
HIST 8077 29
HIST 8078 19
HIST 8079 31
HIST 8080 26
HIST 8081 26
HIST 8082 24
HIST 8083 28
HIST 8084 18
HIST 8085 27
HIST 8086 26
HIST 8087 30
HIST 8088 23
HIST 8089 17
HIST 8090 26
HIST 8091 24
HIST 8092 20
HIST 8093 23
HIST 8094 17
HIST 8095 23
HIST 8096 16
HIST 8097 22
HIST 8098 18
HIST 8099 19
HIST 8100 24
HIST 8101 24
HIST 8102 26
HIST 8103 22
HIST 8104 23
HIST 8105 952
HIST 8106 33
HIST 8107 26
HIST 8108 22
HIST 8109 29
HIST 8110 23
HIST 8111 24
HIST 8112 26
HIST 8113 27
HIST 8114 30
HIST 8115 21
HIST 8116 23
HIST 8117 24
HIST 8118 26
HIST 8119 26
HIST 8120 20
HIST 8121 24
HIST 8122 28
HIST 8123 29
HIST 8124 30
HIST 8125 30
HIST 8126 23
HIST 8127 25
HIST 8128 23
HIST 8129 27
HIST 8130 16
HIST 8131 23
HIST 8132 28
HIST 8133 27
HIST 8134 32
HIST 8135 27
HIST 8136 30
HIST 8137 21
HIST 8138 23
HIST 8139 20
HIST 8140 30
HIST 8141 25
HIST 8142 22
HIST 8143 22
HIST 8144 26
HIST 8145 23
HIST 8146 24
HIST 8147 28
HIST 8148 23
HIST 8149 25
HIST 8150 24
HIST 8151 22
HIST 8152 22
HIST 8153 28
HIST 8154 32
HIST 8155 28
HIST 8156 18
HIST 8157 32
HIST 8158 21
HIST 8159 31
HIST 8160 34
HIST 8161 20
HIST 8162 31
HIST 8163 16
HIST 8164 20
HIST 8165 31
HIST 8166 27
HIST 8167 20
HIST 8168 27
HIST 8169 26
HIST 8170 23
HIST 8171 30
HIST 8172 26
HIST 8173 27
HIST 8174 31
HIST 8175 39
HIST 8176 28
HIST 8177 22
HIST 8178 26
HIST 8179 25
HIST 8180 19
HIST 8181 18
HIST 8182 31
HIST 8183 25
HIST 8184 34
HIST 8185 20
HIST 8186 25
HIST 8187 31
HIST 8188 22
HIST 8189 18
HIST 8190 26
HIST 8191 24
HIST 8192 15
HIST 8193 27
HIST 8194 20
HIST 8195 20
HIST 8196 24
HIST 8197 23
HIST 8198 27
HIST 8199 32
HIST 8200 25
HIST 8201 24
HIST 8202 22
HIST 8203 25
HIST 8204 15
HIST 8205 25
HIST 8206 19
HIST 8207 19
HIST 8208 25
HIST 8209 23
HIST 8210 22
HIST 8211 25
HIST 8212 22
HIST 8213 41
HIST 8214 24
HIST 8215 28
HIST 8216 27
HIST 8217 28
HIST 8218 21
HIST 8219 23
HIST 8220 39
HIST 8221 19
HIST 8222 22
HIST 8223 25
HIST 8224 21
HIST 8225 24
HIST 8226 27
HIST 8227 25
HIST 8228 25
HIST 8229 22
HIST 8230 34
HIST 8231 34
HIST 8232 26
HIST 8233 21
HIST 8234 31
HIST 8235 24
HIST 8236 27
HIST 8237 28
HIST 8238 20
HIST 8239 26
HIST 8240 24
HIST 8241 26
HIST 8242 22
HIST 8243 24
HIST 8244 25
HIST 8245 40
HIST 8246 21
HIST 8247 28
HIST 8248 26
HIST 8249 20
HIST 8250 32
HIST 8251 24
HIST 8252 24
HIST 8253 28
HIST 8254 31
HIST 8255 28
HIST 8256 16
HIST 8257 32
HIST 8258 33
HIST 8259 30
HIST 8260 20
HIST 8261 29
HIST 8262 28
HIST 8263 24
HIST 8264 29
HIST 8265 20
HIST 8266 27
HIST 8267 25
HIST 8268 27
HIST 8269 21
HIST 8270 22
HIST 8271 24
HIST 8272 29
HIST 8273 20
HIST 8274 26
HIST 8275 22
HIST 8276 33
HIST 8277 35
HIST 8278 20
HIST 8279 28
HIST 8280 31
HIST 8281 23
HIST 8282 27
HIST 8283 26
HIST 8284 28
HIST 8285 24
HIST 8286 23
HIST 8287 26
HIST 8288 27
HIST 8289 20
HIST 8290 19
HIST 8291 25
HIST 8292 28
HIST 8293 18
HIST 8294 24
HIST 8295 28
HIST 8296 22
HIST 8297 24
HIST 8298 20
HIST 8299 29
HIST 8300 22
HIST 8301 28
HIST 8302 22
HIST 8303 25
HIST 8304 22
HIST 8305 27
HIST 8306 21
HIST 8307 26
HIST 8308 13
HIST 8309 18
HIST 8310 31
HIST 8311 28
HIST 8312 20
HIST 8313 27
HIST 8314 21
HIST 8315 23
HIST 8316 27
HIST 8317 21
HIST 8318 23
HIST 8319 26
HIST 8320 18
HIST 8321 17
HIST 8322 26
HIST 8323 25
HIST 8324 23
HIST 8325 22
HIST 8326 19
HIST 8327 22
HIST 8328 31
HIST 8329 23
HIST 8330 30
HIST 8331 15
HIST 8332 29
HIST 8333 23
HIST 8334 27
HIST 8335 22
HIST 8336 16
HIST 8337 28
HIST 8338 24
HIST 8339 27
HIST 8340 22
HIST 8341 32
HIST 8342 32
HIST 8343 22
HIST 8344 21
HIST 8345 33
HIST 8346 27
HIST 8347 23
HIST 8348 33
HIST 8349 26
HIST 8350 22
HIST 8351 32
HIST 8352 31
HIST 8353 25
HIST 8354 15
HIST 8355 29
HIST 8356 30
HIST 8357 21
HIST 8358 23
HIST 8359 22
HIST 8360 34
HIST 8361 20
HIST 8362 17
HIST 8363 23
HIST 8364 16
HIST 8365 30
HIST 8366 38
HIST 8367 32
HIST 8368 21
HIST 8369 23
HIST 8370 30
HIST 8371 19
HIST 8372 28
HIST 8373 20
HIST 8374 21
HIST 8375 37
HIST 8376 15
HIST 8377 29
HIST 8378 27
HIST 8379 27
HIST 8380 21
HIST 8381 24
HIST 8382 16
HIST 8383 23
HIST 8384 18
HIST 8385 21
HIST 8386 34
HIST 8387 20
HIST 8388 33
HIST 8389 27
HIST 8390 23
HIST 8391 36
HIST 8392 24
HIST 8393 24
HIST 8394 76
HIST 8395 29
HIST 8396 18
HIST 8397 15
HIST 8398 23
HIST 8399 23
HIST 8400 23
HIST 8401 29
HIST 8402 40
HIST 8403 26
HIST 8404 36
HIST 8405 25
HIST 8406 21
HIST 8407 28
HIST 8408 22
HIST 8409 23
HIST 8410 15
HIST 8411 50
HIST 8412 26
HIST 8413 26
HIST 8414 25
HIST 8415 21
HIST 8416 396
HIST 8417 26
HIST 8418 30
HIST 8419 31
HIST 8420 28
HIST 8421 25
HIST 8422 25
HIST 8423 22
HIST 8424 21
HIST 8425 20
HIST 8426 37
HIST 8427 27
HIST 8428 24
HIST 8429 24
HIST 8430 23
HIST 8431 17
HIST 8432 23
HIST 8433 23
HIST 8434 18
HIST 8435 27
HIST 8436 17
HIST 8437 29
HIST 8438 21
HIST 8439 33
HIST 8440 28
HIST 8441 39
HIST 8442 25
HIST 8443 25
HIST 8444 26
HIST 8445 32
HIST 8446 27
HIST 8447 24
HIST 8448 27
HIST 8449 23
HIST 8450 21
HIST 8451 26
HIST 8452 21
HIST 8453 20
HIST 8454 28
HIST 8455 29
HIST 8456 28
HIST 8457 22
HIST 8458 19
HIST 8459 36
HIST 8460 26
HIST 8461 17
HIST 8462 27
HIST 8463 23
HIST 8464 26
HIST 8465 19
HIST 8466 18
HIST 8467 33
HIST 8468 28
HIST 8469 24
HIST 8470 17
HIST 8471 27
HIST 8472 29
HIST 8473 26
HIST 8474 29
HIST 8475 25
HIST 8476 28
HIST 8477 32
HIST 8478 32
HIST 8479 21
HIST 8480 21
HIST 8481 32
HIST 8482 25
HIST 8483 26
HIST 8484 26
HIST 8485 25
HIST 8486 23
HIST 8487 29
HIST 8488 32
HIST 8489 18
HIST 8490 25
HIST 8491 31
HIST 8492 25
HIST 8493 31
HIST 8494 27
HIST 8495 26
HIST 8496 27
HIST 8497 25
HIST 8498 35
HIST 8499 29
HIST 8500 36
HIST 8501 23
HIST 8502 26
HIST 8503 22
HIST 8504 22
HIST 8505 27
HIST 8506 50
HIST 8507 25
HIST 8508 19
HIST 8509 27
HIST 8510 30
HIST 8511 28
HIST 8512 21
HIST 8513 24
HIST 8514 34
HIST 8515 27
HIST 8516 18
HIST 8517 20
HIST 8518 24
HIST 8519 30
HIST 8520 23
HIST 8521 27
HIST 8522 26
HIST 8523 23
HIST 8524 26
HIST 8525 29
HIST 8526 26
HIST 8527 30
HIST 8528 39
HIST 8529 26
HIST 8530 28
HIST 8531 27
HIST 8532 26
HIST 8533 23
HIST 8534 36
HIST 8535 23
HIST 8536 18
HIST 8537 25
HIST 8538 24
HIST 8539 32
HIST 8540 31
HIST 8541 26
HIST 8542 30
HIST 8543 16
HIST 8544 18
HIST 8545 27
HIST 8546 27
HIST 8547 25
HIST 8548 31
HIST 8549 31
HIST 8550 26
HIST 8551 28
HIST 8552 26
HIST 8553 20
HIST 8554 16
HIST 8555 23
HIST 8556 26
HIST 8557 30
HIST 8558 32
HIST 8559 23
HIST 8560 24
HIST 8561 29
HIST 8562 29
HIST 8563 24
HIST 8564 22
HIST 8565 21
HIST 8566 28
HIST 8567 21
HIST 8568 19
HIST 8569 17
HIST 8570 33
HIST 8571 33
HIST 8572 24
HIST 8573 22
HIST 8574 30
HIST 8575 30
HIST 8576 39
HIST 8577 26
HIST 8578 20
HIST 8579 38
HIST 8580 24
HIST 8581 22
HIST 8582 24
HIST 8583 23
HIST 8584 24
HIST 8585 26
HIST 8586 23
HIST 8587 23
HIST 8588 26
HIST 8589 25
HIST 8590 28
HIST 8591 37
HIST 8592 35
HIST 8593 36
HIST 8594 29
HIST 8595 20
HIST 8596 26
HIST 8597 33
HIST 8598 29
HIST 8599 26
HIST 8600 28
HIST 8601 27
HIST 8602 21
HIST 8603 22
HIST 8604 28
HIST 8605 23
HIST 8606 28
HIST 8607 24
HIST 8608 30
HIST 8609 18
HIST 8610 26
HIST 8611 24
HIST 8612 25
HIST 8613 26
HIST 8614 21
HIST 8615 15
HIST 8616 28
HIST 8617 24
HIST 8618 18
HIST 8619 27
HIST 8620 22
HIST 8621 29
HIST 8622 24
HIST 8623 30
HIST 8624 34
HIST 8625 23
HIST 8626 30
HIST 8627 30
HIST 8628 33
HIST 8629 22
HIST 8630 24
HIST 8631 29
HIST 8632 21
HIST 8633 23
HIST 8634 24
HIST 8635 34
HIST 8636 34
HIST 8637 26
HIST 8638 22
HIST 8639 21
HIST 8640 21
HIST 8641 14
HIST 8642 30
HIST 8643 31
HIST 8644 24
HIST 8645 44
HIST 8646 21
HIST 8647 24
HIST 8648 23
HIST 8649 26
HIST 8650 20
HIST 8651 21
HIST 8652 29
HIST 8653 38
HIST 8654 24
HIST 8655 25
HIST 8656 29
HIST 8657 28
HIST 8658 28
HIST 8659 28
HIST 8660 23
HIST 8661 17
HIST 8662 20
HIST 8663 30
HIST 8664 29
HIST 8665 24
HIST 8666 31
HIST 8667 24
HIST 8668 20
HIST 8669 36
HIST 8670 26
HIST 8671 23
HIST 8672 33
HIST 8673 27
HIST 8674 9685
HIST 8675 26
HIST 8676 15
HIST 8677 27
HIST 8678 30
HIST 8679 28
HIST 8680 21
HIST 8681 23
HIST 8682 30
HIST 8683 27
HIST 8684 24
HIST 8685 31
HIST 8686 28
HIST 8687 21
HIST 8688 27
HIST 8689 26
HIST 8690 19
HIST 8691 21
HIST 8692 27
HIST 8693 23
HIST 8694 31
HIST 8695 26
HIST 8696 28
HIST 8697 32
HIST 8698 16
HIST 8699 35
HIST 8700 23
HIST 8701 21
HIST 8702 25
HIST 8703 26
HIST 8704 30
HIST 8705 27
HIST 8706 30
HIST 8707 24
HIST 8708 29
HIST 8709 23
HIST 8710 29
HIST 8711 29
HIST 8712 28
HIST 8713 26
HIST 8714 22
HIST 8715 34
HIST 8716 23
HIST 8717 24
HIST 8718 26
HIST 8719 22
HIST 8720 28
HIST 8721 22
HIST 8722 20
HIST 8723 13
HIST 8724 35
HIST 8725 24
HIST 8726 22
HIST 8727 29
HIST 8728 28
HIST 8729 33
HIST 8730 23
HIST 8731 23
HIST 8732 29
HIST 8733 19
HIST 8734 19
HIST 8735 27
HIST 8736 24
HIST 8737 28
HIST 8738 25
HIST 8739 29
HIST 8740 19
HIST 8741 24
HIST 8742 26
HIST 8743 23
HIST 8744 31
HIST 8745 26
HIST 8746 23
HIST 8747 27
HIST 8748 25
HIST 8749 35
HIST 8750 27
HIST 8751 31
HIST 8752 25
HIST 8753 37
HIST 8754 27
HIST 8755 27
HIST 8756 23
HIST 8757 16
HIST 8758 32
HIST 8759 27
HIST 8760 29
HIST 8761 17
HIST 8762 33
HIST 8763 14
HIST 8764 23
HIST 8765 31
HIST 8766 19
HIST 8767 24
HIST 8768 21
HIST 8769 25
HIST 8770 21
HIST 8771 26
HIST 8772 21
HIST 8773 24
HIST 8774 23
HIST 8775 26
HIST 8776 22
HIST 8777 24
HIST 8778 21
HIST 8779 27
HIST 8780 15
HIST 8781 27
HIST 8782 22
HIST 8783 38
HIST 8784 21
HIST 8785 34
HIST 8786 31
HIST 8787 23
HIST 8788 33
HIST 8789 51
HIST 8790 23
HIST 8791 23
HIST 8792 28
HIST 8793 31
HIST 8794 23
HIST 8795 34
HIST 8796 20
HIST 8797 23
HIST 8798 27
HIST 8799 28
HIST 8800 22
HIST 8801 24
HIST 8802 27
HIST 8803 22
HIST 8804 23
HIST 8805 17
HIST 8806 26
HIST 8807 29
HIST 8808 20
HIST 8809 28
HIST 8810 33
HIST 8811 26
HIST 8812 22
HIST 8813 31
HIST 8814 29
HIST 8815 21
HIST 8816 26
HIST 8817 31
HIST 8818 23
HIST 8819 23
HIST 8820 35
HIST 8821 25
HIST 8822 13
HIST 8823 22
HIST 8824 31
HIST 8825 23
HIST 8826 12
HIST 8827 22
HIST 8828 17
HIST 8829 20
HIST 8830 26
HIST 8831 22
HIST 8832 16
HIST 8833 19
HIST 8834 22
HIST 8835 26
HIST 8836 25
HIST 8837 24
HIST 8838 12
HIST 8839 28
HIST 8840 26
HIST 8841 30
HIST 8842 24
HIST 8843 29
HIST 8844 26
HIST 8845 14
HIST 8846 19
HIST 8847 23
HIST 8848 28
HIST 8849 22
HIST 8850 34
HIST 8851 10
HIST 8852 16
HIST 8853 18
HIST 8854 19
HIST 8855 24
HIST 8856 14
HIST 8857 24
HIST 8858 20
HIST 8859 22
HIST 8860 17
HIST 8861 14
HIST 8862 24
HIST 8863 16
HIST 8864 25
HIST 8865 21
HIST 8866 23
HIST 8867 27
HIST 8868 25
HIST 8869 26
HIST 8870 29
HIST 8871 16
HIST 8872 15
HIST 8873 14
HIST 8874 24
HIST 8875 30
HIST 8876 19
HIST 8877 26
HIST 8878 22
HIST 8879 21
HIST 8880 17
HIST 8881 18
HIST 8882 25
HIST 8883 21
HIST 8884 19
HIST 8885 31
HIST 8886 27
HIST 8887 22
HIST 8888 26
HIST 8889 17
HIST 8890 18
HIST 8891 26
HIST 8892 23
HIST 8893 22
HIST 8894 23
HIST 8895 23
HIST 8896 18
HIST 8897 21
HIST 8898 24
HIST 8899 23
HIST 8900 22
HIST 8901 19
HIST 8902 27
HIST 8903 21
HIST 8904 20
HIST 8905 26
HIST 8906 16
HIST 8907 21
HIST 8908 22
HIST 8909 20
HIST 8910 21
HIST 8911 25
HIST 8912 19
HIST 8913 20
HIST 8914 19
HIST 8915 23
HIST 8916 25
HIST 8917 27
HIST 8918 24
HIST 8919 22
HIST 8920 26
HIST 8921 21
HIST 8922 20
HIST 8923 23
HIST 8924 25
HIST 8925 22
HIST 8926 21
HIST 8927 34
HIST 8928 15
HIST 8929 15
HIST 8930 25
HIST 8931 24
HIST 8932 19
HIST 8933 20
HIST 8934 24
HIST 8935 21
HIST 8936 23
HIST 8937 18
HIST 8938 12
HIST 8939 15
HIST 8940 21
HIST 8941 18
HIST 8942 21
HIST 8943 14
HIST 8944 21
HIST 8945 20
HIST 8946 21
HIST 8947 29
HIST 8948 21
HIST 8949 27
HIST 8950 17
HIST 8951 22
HIST 8952 32
HIST 8953 24
HIST 8954 20
HIST 8955 25
HIST 8956 20
HIST 8957 19
HIST 8958 22
HIST 8959 16
HIST 8960 31
HIST 8961 21
HIST 8962 22
HIST 8963 18
HIST 8964 22
HIST 8965 27
HIST 8966 14
HIST 8967 18
HIST 8968 27
HIST 8969 15
HIST 8970 459
HIST 8971 21
HIST 8972 24
HIST 8973 12
HIST 8974 22
HIST 8975 29
HIST 8976 20
HIST 8977 17
HIST 8978 14
HIST 8979 26
HIST 8980 27
HIST 8981 14
HIST 8982 27
HIST 8983 26
HIST 8984 17
HIST 8985 27
HIST 8986 21
HIST 8987 26
HIST 8988 22
HIST 8989 22
HIST 8990 20
HIST 8991 27
HIST 8992 19
HIST 8993 21
HIST 8994 19
HIST 8995 19
HIST 8996 15
HIST 8997 26
HIST 8998 24
HIST 8999 25
HIST 9000 29
HIST 9001 11
HIST 9002 21
HIST 9003 21
HIST 9004 26
HIST 9005 23
HIST 9006 21
HIST 9007 21
HIST 9008 23
HIST 9009 29
HIST 9010 17
HIST 9011 11
HIST 9012 254
HIST 9013 20
HIST 9014 18
HIST 9015 28
HIST 9016 23
HIST 9017 19
HIST 9018 19
HIST 9019 25
HIST 9020 12
HIST 9021 20
HIST 9022 21
HIST 9023 19
HIST 9024 14
HIST 9025 19
HIST 9026 18
HIST 9027 19
HIST 9028 16
HIST 9029 24
HIST 9030 16
HIST 9031 24
HIST 9032 13
HIST 9033 14
HIST 9034 22
HIST 9035 13
HIST 9036 24
HIST 9037 22
HIST 9038 13
HIST 9039 25
HIST 9040 17
HIST 9041 18
HIST 9042 15
HIST 9043 21
HIST 9044 22
HIST 9045 19
HIST 9046 21
HIST 9047 17
HIST 9048 26
HIST 9049 12
HIST 9050 17
HIST 9051 27
HIST 9052 16
HIST 9053 15
HIST 9054 24
HIST 9055 17
HIST 9056 19
HIST 9057 18
HIST 9058 21
HIST 9059 15
HIST 9060 30
HIST 9061 18
HIST 9062 17
HIST 9063 14
HIST 9064 22
HIST 9065 18
HIST 9066 20
HIST 9067 15
HIST 9068 23
HIST 9069 155
HIST 9070 19
HIST 9071 16
HIST 9072 13
HIST 9073 24
HIST 9074 19
HIST 9075 239
HIST 9076 18
HIST 9077 18
HIST 9078 16
HIST 9079 21
HIST 9080 22
HIST 9081 18
HIST 9082 18
HIST 9083 16
HIST 9084 16
HIST 9085 15
HIST 9086 15
HIST 9087 22
HIST 9088 16
HIST 9089 20
HIST 9090 10
HIST 9091 28
HIST 9092 23
HIST 9093 16
HIST 9094 22
HIST 9095 14
HIST 9096 19
HIST 9097 12
HIST 9098 21
HIST 9099 18
HIST 9100 21
HIST 9101 21
HIST 9102 21
HIST 9103 11
HIST 9104 15
HIST 9105 19
HIST 9106 13
HIST 9107 18
HIST 9108 14
HIST 9109 16
HIST 9110 10
HIST 9111 23
HIST 9112 20
HIST 9113 17
HIST 9114 21
HIST 9115 20
HIST 9116 16
HIST 9117 21
HIST 9118 15
HIST 9119 14
HIST 9120 19
HIST 9121 16
HIST 9122 15
HIST 9123 10
HIST 9124 17
HIST 9125 27
HIST 9126 21
HIST 9127 45
HIST 9128 62
HIST 9129 20
HIST 9130 14
HIST 9131 15
HIST 9132 17
HIST 9133 16
HIST 9134 12
HIST 9135 26
HIST 9136 15
HIST 9137 10
HIST 9138 25
HIST 9139 17
HIST 9140 42
HIST 9141 26
HIST 9142 19
HIST 9143 17
HIST 9144 11
HIST 9145 16
HIST 9146 13
HIST 9147 19
HIST 9148 12
HIST 9149 25
HIST 9150 16
HIST 9151 15
HIST 9152 13
HIST 9153 20
HIST 9154 15
HIST 9155 15
HIST 9156 15
HIST 9157 14
HIST 9158 13
HIST 9159 18
HIST 9160 14
HIST 9161 14
HIST 9162 25
HIST 9163 20
HIST 9164 8
HIST 9165 19
HIST 9166 14
HIST 9167 18
HIST 9168 18
HIST 9169 16
HIST 9170 14
HIST 9171 17
HIST 9172 17
HIST 9173 14
HIST 9174 11
HIST 9175 13
HIST 9176 13
HIST 9177 14
HIST 9178 21
HIST 9179 15
HIST 9180 15
HIST 9181 12
HIST 9182 14
HIST 9183 14
HIST 9184 14
HIST 9185 15
HIST 9186 17
HIST 9187 15
HIST 9188 17
HIST 9189 19
HIST 9190 16
HIST 9191 17
HIST 9192 11
HIST 9193 1001
HIST 9194 15
HIST 9195 19
HIST 9196 16
HIST 9197 23
HIST 9198 14
HIST 9199 18
HIST 9200 15
HIST 9201 21
HIST 9202 17
HIST 9203 13
HIST 9204 11
HIST 9205 13
HIST 9206 16
HIST 9207 12
HIST 9208 15
HIST 9209 12
HIST 9210 8
HIST 9211 16
HIST 9212 23
HIST 9213 13
HIST 9214 16
HIST 9215 16
HIST 9216 19
HIST 9217 19
HIST 9218 18
HIST 9219 17
HIST 9220 18
HIST 9221 13
HIST 9222 16
HIST 9223 15
HIST 9224 7
HIST 9225 24
HIST 9226 15
HIST 9227 18
HIST 9228 12
HIST 9229 17
HIST 9230 15
HIST 9231 17
HIST 9232 16
HIST 9233 17
HIST 9234 13
HIST 9235 15
HIST 9236 14
HIST 9237 15
HIST 9238 21
HIST 9239 20
HIST 9240 14
HIST 9241 20
HIST 9242 9
HIST 9243 13
HIST 9244 11
HIST 9245 16
HIST 9246 9
HIST 9247 17
HIST 9248 11
HIST 9249 16
HIST 9250 22
HIST 9251 16
HIST 9252 12
HIST 9253 19
HIST 9254 14
HIST 9255 12
HIST 9256 16
HIST 9257 16
HIST 9258 16
HIST 9259 17
HIST 9260 21
HIST 9261 19
HIST 9262 18
HIST 9263 527
HIST 9264 10
HIST 9265 14
HIST 9266 10
HIST 9267 16
HIST 9268 9
HIST 9269 25
HIST 9270 15
HIST 9271 14
HIST 9272 13
HIST 9273 16
HIST 9274 13
HIST 9275 16
HIST 9276 14
HIST 9277 22
HIST 9278 21
HIST 9279 16
HIST 9280 8
HIST 9281 16
HIST 9282 11
HIST 9283 16
HIST 9284 11
HIST 9285 15
HIST 9286 19
HIST 9287 21
HIST 9288 13
HIST 9289 16
HIST 9290 20
HIST 9291 19
HIST 9292 14
HIST 9293 16
HIST 9294 11
HIST 9295 18
HIST 9296 18
HIST 9297 14
HIST 9298 15
HIST 9299 14
HIST 9300 13
HIST 9301 14
HIST 9302 13
HIST 9303 13
HIST 9304 13
HIST 9305 214
HIST 9306 17
HIST 9307 14
HIST 9308 12
HIST 9309 15
HIST 9310 24
HIST 9311 14
HIST 9312 20
HIST 9313 14
HIST 9314 16
HIST 9315 13
HIST 9316 12
HIST 9317 16
HIST 9318 34
HIST 9319 19
HIST 9320 13
HIST 9321 9
HIST 9322 17
HIST 9323 21
HIST 9324 12
HIST 9325 16
HIST 9326 18
HIST 9327 9
HIST 9328 15
HIST 9329 14
HIST 9330 12
HIST 9331 16
HIST 9332 15
HIST 9333 13
HIST 9334 12
HIST 9335 9
HIST 9336 15
HIST 9337 11
HIST 9338 16
HIST 9339 10
HIST 9340 14
HIST 9341 7
HIST 9342 16
HIST 9343 16
HIST 9344 12
HIST 9345 12
HIST 9346 12
HIST 9347 13
HIST 9348 19
HIST 9349 8
HIST 9350 12
HIST 9351 13
HIST 9352 21
HIST 9353 12
HIST 9354 66
HIST 9355 19
HIST 9356 9
HIST 9357 39
HIST 9358 14
HIST 9359 8
HIST 9360 10
HIST 9361 18
HIST 9362 17
HIST 9363 18
HIST 9364 24
HIST 9365 8
HIST 9366 16
HIST 9367 15
HIST 9368 13
HIST 9369 12
HIST 9370 32
HIST 9371 12
HIST 9372 24
HIST 9373 10
HIST 9374 16
HIST 9375 12
HIST 9376 15
HIST 9377 15
HIST 9378 13
HIST 9379 14
HIST 9380 13
HIST 9381 9
HIST 9382 15
HIST 9383 14
HIST 9384 18
HIST 9385 11
HIST 9386 9
HIST 9387 10
HIST 9388 19
HIST 9389 15
HIST 9390 15
HIST 9391 12
HIST 9392 14
HIST 9393 14
HIST 9394 17
HIST 9395 20
HIST 9396 15
HIST 9397 18
HIST 9398 15
HIST 9399 14
HIST 9400 14
HIST 9401 17
HIST 9402 10
HIST 9403 20
HIST 9404 16
HIST 9405 13
HIST 9406 16
HIST 9407 21
HIST 9408 27
HIST 9409 14
HIST 9410 11
HIST 9411 15
HIST 9412 12
HIST 9413 8
HIST 9414 18
HIST 9415 17
HIST 9416 15
HIST 9417 16
HIST 9418 10
HIST 9419 12
HIST 9420 10
HIST 9421 10
HIST 9422 14
HIST 9423 14
HIST 9424 11
HIST 9425 13
HIST 9426 11
HIST 9427 13
HIST 9428 15
HIST 9429 11
HIST 9430 20
HIST 9431 15
HIST 9432 17
HIST 9433 16
HIST 9434 9
HIST 9435 22
HIST 9436 14
HIST 9437 13
HIST 9438 15
HIST 9439 18
HIST 9440 20
HIST 9441 16
HIST 9442 15
HIST 9443 13
HIST 9444 14
HIST 9445 8
HIST 9446 10
HIST 9447 12
HIST 9448 11
HIST 9449 16
HIST 9450 20
HIST 9451 17
HIST 9452 14
HIST 9453 16
HIST 9454 12
HIST 9455 14
HIST 9456 8
HIST 9457 10
HIST 9458 8
HIST 9459 20
HIST 9460 23
HIST 9461 9
HIST 9462 11
HIST 9463 17
HIST 9464 13
HIST 9465 18
HIST 9466 22
HIST 9467 9
HIST 9468 11
HIST 9469 10
HIST 9470 13
HIST 9471 18
HIST 9472 18
HIST 9473 13
HIST 9474 10
HIST 9475 15
HIST 9476 14
HIST 9477 15
HIST 9478 20
HIST 9479 22
HIST 9480 7
HIST 9481 11
HIST 9482 8
HIST 9483 10
HIST 9484 15
HIST 9485 10
HIST 9486 17
HIST 9487 13
HIST 9488 8
HIST 9489 9
HIST 9490 11
HIST 9491 8
HIST 9492 13
HIST 9493 16
HIST 9494 7
HIST 9495 14
HIST 9496 20
HIST 9497 18
HIST 9498 17
HIST 9499 20
HIST 9500 14
HIST 9501 11
HIST 9502 13
HIST 9503 15
HIST 9504 18
HIST 9505 16
HIST 9506 14
HIST 9507 11
HIST 9508 12
HIST 9509 14
HIST 9510 15
HIST 9511 13
HIST 9512 12
HIST 9513 18
HIST 9514 13
HIST 9515 13
HIST 9516 13
HIST 9517 12
HIST 9518 11
HIST 9519 17
HIST 9520 14
HIST 9521 10
HIST 9522 14
HIST 9523 12
HIST 9524 18
HIST 9525 15
HIST 9526 13
HIST 9527 12
HIST 9528 8
HIST 9529 11
HIST 9530 11
HIST 9531 12
HIST 9532 20
HIST 9533 11
HIST 9534 8
HIST 9535 15
HIST 9536 13
HIST 9537 11
HIST 9538 22
HIST 9539 14
HIST 9540 13
HIST 9541 7
HIST 9542 13
HIST 9543 17
HIST 9544 15
HIST 9545 13
HIST 9546 15
HIST 9547 9
HIST 9548 10
HIST 9549 14
HIST 9550 16
HIST 9551 15
HIST 9552 11
HIST 9553 11
HIST 9554 15
HIST 9555 14
HIST 9556 8
HIST 9557 8
HIST 9558 20
HIST 9559 14
HIST 9560 14
HIST 9561 10
HIST 9562 11
HIST 9563 15
HIST 9564 17
HIST 9565 13
HIST 9566 12
HIST 9567 14
HIST 9568 16
HIST 9569 10
HIST 9570 17
HIST 9571 13
HIST 9572 16
HIST 9573 14
HIST 9574 11
HIST 9575 11
HIST 9576 11
HIST 9577 15
HIST 9578 8
HIST 9579 17
HIST 9580 19
HIST 9581 12
HIST 9582 18
HIST 9583 17
HIST 9584 8
HIST 9585 13
HIST 9586 14
HIST 9587 64
HIST 9588 15
HIST 9589 25
HIST 9590 10
HIST 9591 11
HIST 9592 6
HIST 9593 16
HIST 9594 12
HIST 9595 42
HIST 9596 10
HIST 9597 13
HIST 9598 15
HIST 9599 13
HIST 9600 16
HIST 9601 15
HIST 9602 18
HIST 9603 11
HIST 9604 15
HIST 9605 13
HIST 9606 14
HIST 9607 12
HIST 9608 10
HIST 9609 15
HIST 9610 15
HIST 9611 22
HIST 9612 19
HIST 9613 11
HIST 9614 9
HIST 9615 12
HIST 9616 8
HIST 9617 12
HIST 9618 17
HIST 9619 15
HIST 9620 15
HIST 9621 8
HIST 9622 9
HIST 9623 11
HIST 9624 16
HIST 9625 15
HIST 9626 14
HIST 9627 18
HIST 9628 20
HIST 9629 14
HIST 9630 18
HIST 9631 14
HIST 9632 11
HIST 9633 14
HIST 9634 302
HIST 9635 14
HIST 9636 14
HIST 9637 11
HIST 9638 12
HIST 9639 6
HIST 9640 14
HIST 9641 31643
HIST 9642 8
HIST 9643 12
HIST 9644 17
HIST 9645 8
HIST 9646 13
HIST 9647 12
HIST 9648 19
HIST 9649 13
HIST 9650 18
HIST 9651 12
HIST 9652 11
HIST 9653 15
HIST 9654 13
HIST 9655 8
HIST 9656 11
HIST 9657 7
HIST 9658 25
HIST 9659 18
HIST 9660 17
HIST 9661 9
HIST 9662 12
HIST 9663 7
HIST 9664 7
HIST 9665 26
HIST 9666 13
HIST 9667 11
HIST 9668 8
HIST 9669 11
HIST 9670 14
HIST 9671 18
HIST 9672 6
HIST 9673 22
HIST 9674 9
HIST 9675 14
HIST 9676 6
HIST 9677 11
HIST 9678 11
HIST 9679 11
HIST 9680 8
HIST 9681 13
HIST 9682 12
HIST 9683 19
HIST 9684 17
HIST 9685 13
HIST 9686 16
HIST 9687 31
HIST 9688 15
HIST 9689 22
HIST 9690 10
HIST 9691 18
HIST 9692 10
HIST 9693 10
HIST 9694 7
HIST 9695 10
HIST 9696 11
HIST 9697 10
HIST 9698 15
HIST 9699 13
HIST 9700 13
HIST 9701 15
HIST 9702 20
HIST 9703 16
HIST 9704 19
HIST 9705 16
HIST 9706 13
HIST 9707 14
HIST 9708 19
HIST 9709 19
HIST 9710 11
HIST 9711 10
HIST 9712 14
HIST 9713 27
HIST 9714 26
HIST 9715 15
HIST 9716 19
HIST 9717 10
HIST 9718 21
HIST 9719 35
HIST 9720 17
HIST 9721 11
HIST 9722 19
HIST 9723 9
HIST 9724 9
HIST 9725 6
HIST 9726 16
HIST 9727 13
HIST 9728 10
HIST 9729 18
HIST 9730 15
HIST 9731 10
HIST 9732 14
HIST 9733 22
HIST 9734 10
HIST 9735 15
HIST 9736 13
HIST 9737 15
HIST 9738 17
HIST 9739 15
HIST 9740 17
HIST 9741 40
HIST 9742 9
HIST 9743 8
HIST 9744 18
HIST 9745 11
HIST 9746 22
HIST 9747 15
HIST 9748 11
HIST 9749 14
HIST 9750 69
HIST 9751 18
HIST 9752 12
HIST 9753 36
HIST 9754 9
HIST 9755 14
HIST 9756 89
HIST 9757 13
HIST 9758 13
HIST 9759 61
HIST 9760 16
HIST 9761 8
HIST 9762 13
HIST 9763 13
HIST 9764 13
HIST 9765 20
HIST 9766 8
HIST 9767 13
HIST 9768 10
HIST 9769 15
HIST 9770 12
HIST 9771 12
HIST 9772 17
HIST 9773 15
HIST 9774 9
HIST 9775 10
HIST 9776 13
HIST 9777 16
HIST 9778 15
HIST 9779 10
HIST 9780 10
HIST 9781 14
HIST 9782 9
HIST 9783 14
HIST 9784 13
HIST 9785 16
HIST 9786 12
HIST 9787 15
HIST 9788 12
HIST 9789 16
HIST 9790 12
HIST 9791 5
HIST 9792 13
HIST 9793 8
HIST 9794 17
HIST 9795 4
HIST 9796 19
HIST 9797 15
HIST 9798 15
HIST 9799 10
HIST 9800 9
HIST 9801 13
HIST 9802 17
HIST 9803 8
HIST 9804 19
HIST 9805 10
HIST 9806 10
HIST 9807 19
HIST 9808 21
HIST 9809 32
HIST 9810 10
HIST 9811 13
HIST 9812 27
HIST 9813 7
HIST 9814 13
HIST 9815 19
HIST 9816 8
HIST 9817 10
HIST 9818 12
HIST 9819 9
HIST 9820 11
HIST 9821 11
HIST 9822 17
HIST 9823 15
HIST 9824 10
HIST 9825 13
HIST 9826 12
HIST 9827 13
HIST 9828 7
HIST 9829 15
HIST 9830 13
HIST 9831 15
HIST 9832 6
HIST 9833 11
HIST 9834 18
HIST 9835 16
HIST 9836 12
HIST 9837 12
HIST 9838 14
HIST 9839 9
HIST 9840 14
HIST 9841 10
HIST 9842 10
HIST 9843 19
HIST 9844 7
HIST 9845 16
HIST 9846 13
HIST 9847 10
HIST 9848 6
HIST 9849 14
HIST 9850 5
HIST 9851 17
HIST 9852 7
HIST 9853 14
HIST 9854 12
HIST 9855 10
HIST 9856 15
HIST 9857 14
HIST 9858 9
HIST 9859 14
HIST 9860 21
HIST 9861 16
HIST 9862 13
HIST 9863 10
HIST 9864 16
HIST 9865 9
HIST 9866 17
HIST 9867 13
HIST 9868 7
HIST 9869 9
HIST 9870 11
HIST 9871 11
HIST 9872 16
HIST 9873 7
HIST 9874 11
HIST 9875 16
HIST 9876 12
HIST 9877 16
HIST 9878 14
HIST 9879 10
HIST 9880 11
HIST 9881 14
HIST 9882 9
HIST 9883 11
HIST 9884 13
HIST 9885 14
HIST 9886 13
HIST 9887 8
HIST 9888 14
HIST 9889 11
HIST 9890 12
HIST 9891 8
HIST 9892 271
HIST 9893 15
HIST 9894 15
HIST 9895 9
HIST 9896 13
HIST 9897 12
HIST 9898 8
HIST 9899 16
HIST 9900 6
HIST 9901 16
HIST 9902 68
HIST 9903 20
HIST 9904 12
HIST 9905 13
HIST 9906 12
HIST 9907 9
HIST 9908 11
HIST 9909 13
HIST 9910 6
HIST 9911 14
HIST 9912 10
HIST 9913 11
HIST 9914 14
HIST 9915 17
HIST 9916 16
HIST 9917 9
HIST 9918 15
HIST 9919 11
HIST 9920 12
HIST 9921 13
HIST 9922 17
HIST 9923 7
HIST 9924 17
HIST 9925 11
HIST 9926 10
HIST 9927 9
HIST 9928 13
HIST 9929 13
HIST 9930 13
HIST 9931 12
HIST 9932 13
HIST 9933 14
HIST 9934 10
HIST 9935 2
HIST 9936 9
HIST 9937 13
HIST 9938 11
HIST 9939 12
HIST 9940 5
HIST 9941 11
HIST 9942 14
HIST 9943 8
HIST 9944 17
HIST 9945 9
HIST 9946 16
HIST 9947 11
HIST 9948 12
HIST 9949 15
HIST 9950 16
HIST 9951 17
HIST 9952 12
HIST 9953 17
HIST 9954 13
HIST 9955 7
HIST 9956 16
HIST 9957 10
HIST 9958 9
HIST 9959 10
HIST 9960 19
HIST 9961 18
HIST 9962 13
HIST 9963 15
HIST 9964 18
HIST 9965 13
HIST 9966 9
HIST 9967 11
HIST 9968 13
HIST 9969 7
HIST 9970 17
HIST 9971 18
HIST 9972 12
HIST 9973 13
HIST 9974 16
HIST 9975 10
HIST 9976 13
HIST 9977 8
HIST 9978 10
HIST 9979 14
HIST 9980 13
HIST 9981 7
HIST 9982 9
HIST 9983 17
HIST 9984 11
HIST 9985 17
HIST 9986 14
HIST 9987 6
HIST 9988 14
HIST 9989 15
HIST 9990 9
HIST 9991 16
HIST 9992 13
HIST 9993 18
HIST 9994 9
HIST 9995 13
HIST 9996 17
HIST 9997 7
HIST 9998 10
HIST 9999 11
HIST 10000 3
HIST 10001 14
HIST 10002 4
HIST 10003 11
HIST 10004 17
HIST 10005 23
HIST 10006 15
HIST 10007 15
HIST 10008 16
HIST 10009 16
HIST 10010 17
HIST 10011 11
HIST 10012 16
HIST 10013 15
HIST 10014 19
HIST 10015 8
HIST 10016 11
HIST 10017 22
HIST 10018 19
HIST 10019 2
HIST 10020 18
HIST 10021 16
HIST 10022 12
HIST 10023 9
HIST 10024 19
HIST 10025 15
HIST 10026 13
HIST 10027 15
HIST 10028 16
HIST 10029 12
HIST 10030 11
HIST 10031 15
HIST 10032 9
HIST 10033 16
HIST 10034 21
HIST 10035 18
HIST 10036 390
HIST 10037 27
HIST 10038 13
HIST 10039 11
HIST 10040 15
HIST 10041 10
HIST 10042 700
HIST 10043 6
HIST 10044 10
HIST 10045 16
HIST 10046 7
HIST 10047 12
HIST 10048 9
HIST 10049 7
HIST 10050 17
HIST 10051 15
HIST 10052 10
HIST 10053 1318
HIST 10054 13
HIST 10055 13
HIST 10056 10
HIST 10057 8
HIST 10058 11
HIST 10059 19
HIST 10060 15
HIST 10061 17
HIST 10062 7
HIST 10063 16
HIST 10064 17
HIST 10065 11
HIST 10066 11
HIST 10067 14
HIST 10068 11
HIST 10069 14
HIST 10070 13
HIST 10071 17
HIST 10072 11
HIST 10073 16
HIST 10074 8
HIST 10075 13
HIST 10076 19
HIST 10077 8
HIST 10078 17
HIST 10079 16
HIST 10080 11
HIST 10081 9
HIST 10082 17
HIST 10083 17
HIST 10084 8
HIST 10085 10
HIST 10086 17
HIST 10087 13
HIST 10088 13
HIST 10089 12
HIST 10090 9
HIST 10091 23
HIST 10092 16
HIST 10093 5
HIST 10094 93
HIST 10095 160
HIST 10096 18
HIST 10097 15
HIST 10098 14
HIST 10099 13
HIST 10100 11
HIST 10101 13
HIST 10102 8
HIST 10103 9
HIST 10104 10
HIST 10105 16
HIST 10106 4
HIST 10107 63
HIST 10108 12
HIST 10109 28
HIST 10110 9
HIST 10111 19
HIST 10112 11
HIST 10113 14
HIST 10114 15
HIST 10115 12
HIST 10116 9
HIST 10117 14
HIST 10118 16
HIST 10119 15
HIST 10120 9
HIST 10121 8
HIST 10122 14
HIST 10123 12
HIST 10124 14
HIST 10125 16
HIST 10126 14
HIST 10127 21
HIST 10128 11
HIST 10129 10
HIST 10130 7
HIST 10131 12
HIST 10132 15
HIST 10133 8
HIST 10134 13
HIST 10135 10
HIST 10136 10
HIST 10137 8
HIST 10138 11
HIST 10139 17
HIST 10140 14
HIST 10141 11
HIST 10142 9
HIST 10143 18
HIST 10144 11
HIST 10145 13
HIST 10146 13
HIST 10147 10
HIST 10148 13
HIST 10149 14
HIST 10150 6
HIST 10151 11
HIST 10152 16
HIST 10153 13
HIST 10154 12
HIST 10155 5
HIST 10156 10
HIST 10157 11
HIST 10158 14
HIST 10159 11
HIST 10160 16
HIST 10161 8
HIST 10162 16
HIST 10163 15
HIST 10164 13
HIST 10165 6
HIST 10166 11
HIST 10167 15
HIST 10168 12
HIST 10169 19
HIST 10170 31
HIST 10171 11
HIST 10172 5
HIST 10173 15
HIST 10174 16
HIST 10175 14
HIST 10176 19
HIST 10177 8
HIST 10178 15
HIST 10179 17
HIST 10180 4
HIST 10181 14
HIST 10182 14
HIST 10183 10
HIST 10184 13
HIST 10185 10
HIST 10186 16
HIST 10187 3
HIST 10188 18
HIST 10189 13
HIST 10190 10
HIST 10191 8
HIST 10192 8
HIST 10193 19
HIST 10194 13
HIST 10195 6
HIST 10196 12
HIST 10197 16
HIST 10198 12
HIST 10199 10
HIST 10200 14
HIST 10201 11
HIST 10202 13
HIST 10203 8
HIST 10204 9
HIST 10205 8
HIST 10206 12
HIST 10207 8
HIST 10208 15
HIST 10209 9
HIST 10210 9
HIST 10211 10
HIST 10212 10
HIST 10213 13
HIST 10214 8
HIST 10215 13
HIST 10216 8
HIST 10217 11
HIST 10218 8
HIST 10219 13
HIST 10220 17
HIST 10221 11
HIST 10222 13
HIST 10223 6
HIST 10224 8
HIST 10225 12
HIST 10226 6
HIST 10227 11
HIST 10228 9
HIST 10229 67
HIST 10230 18
HIST 10231 8
HIST 10232 15
HIST 10233 10
HIST 10234 13
HIST 10235 16
HIST 10236 12
HIST 10237 15
HIST 10238 13
HIST 10239 11
HIST 10240 10
HIST 10241 7
HIST 10242 5
HIST 10243 14
HIST 10244 15
HIST 10245 12
HIST 10246 7
HIST 10247 13
HIST 10248 8
HIST 10249 10
HIST 10250 11
HIST 10251 11
HIST 10252 18
HIST 10253 14
HIST 10254 10
HIST 10255 10
HIST 10256 10
HIST 10257 14
HIST 10258 11
HIST 10259 13
HIST 10260 11
HIST 10261 9
HIST 10262 10
HIST 10263 10
HIST 10264 14
HIST 10265 14
HIST 10266 15
HIST 10267 9
HIST 10268 7
HIST 10269 10
HIST 10270 16
HIST 10271 5
HIST 10272 15
HIST 10273 6
HIST 10274 13
HIST 10275 14
HIST 10276 6
HIST 10277 13
HIST 10278 13
HIST 10279 10
HIST 10280 7
HIST 10281 18
HIST 10282 6
HIST 10283 14
HIST 10284 10
HIST 10285 16
HIST 10286 4
HIST 10287 11
HIST 10288 15
HIST 10289 13
HIST 10290 7
HIST 10291 14
HIST 10292 12
HIST 10293 19
HIST 10294 18
HIST 10295 15
HIST 10296 10
HIST 10297 11
HIST 10298 6
HIST 10299 17
HIST 10300 8
HIST 10301 13
HIST 10302 7
HIST 10303 9
HIST 10304 13
HIST 10305 14
HIST 10306 7
HIST 10307 13
HIST 10308 11
HIST 10309 7
HIST 10310 10
HIST 10311 8
HIST 10312 12
HIST 10313 18
HIST 10314 9
HIST 10315 11
HIST 10316 13
HIST 10317 14
HIST 10318 8
HIST 10319 11
HIST 10320 16
HIST 10321 11
HIST 10322 12
HIST 10323 15
HIST 10324 15
HIST 10325 7
HIST 10326 11
HIST 10327 9
HIST 10328 4
HIST 10329 12
HIST 10330 10
HIST 10331 14
HIST 10332 19
HIST 10333 9
HIST 10334 11
HIST 10335 12
HIST 10336 10
HIST 10337 8
HIST 10338 4
HIST 10339 17
HIST 10340 16
HIST 10341 15
HIST 10342 8
HIST 10343 10
HIST 10344 12
HIST 10345 21
HIST 10346 20
HIST 10347 8
HIST 10348 13
HIST 10349 11
HIST 10350 16
HIST 10351 13
HIST 10352 10
HIST 10353 9
HIST 10354 14
HIST 10355 8
HIST 10356 8
HIST 10357 15
HIST 10358 13
HIST 10359 11
HIST 10360 16
HIST 10361 13
HIST 10362 12
HIST 10363 11
HIST 10364 16
HIST 10365 8
HIST 10366 9
HIST 10367 11
HIST 10368 14
HIST 10369 12
HIST 10370 12
HIST 10371 11
HIST 10372 18
HIST 10373 10
HIST 10374 9
HIST 10375 12
HIST 10376 10
HIST 10377 4
HIST 10378 11
HIST 10379 6
HIST 10380 11
HIST 10381 9
HIST 10382 7
HIST 10383 7
HIST 10384 12
HIST 10385 8
HIST 10386 8
HIST 10387 12
HIST 10388 15
HIST 10389 8
HIST 10390 14
HIST 10391 9
HIST 10392 7
HIST 10393 12
HIST 10394 7
HIST 10395 10
HIST 10396 9
HIST 10397 17
HIST 10398 10
HIST 10399 14
HIST 10400 14
HIST 10401 6
HIST 10402 11
HIST 10403 9
HIST 10404 11
HIST 10405 13
HIST 10406 13
HIST 10407 8
HIST 10408 11
HIST 10409 9
HIST 10410 8
HIST 10411 30
HIST 10412 16
HIST 10413 21
HIST 10414 10
HIST 10415 9
HIST 10416 8
HIST 10417 6
HIST 10418 11
HIST 10419 17
HIST 10420 18
HIST 10421 12
HIST 10422 7
HIST 10423 10
HIST 10424 7
HIST 10425 15
HIST 10426 13
HIST 10427 10
HIST 10428 11
HIST 10429 10
HIST 10430 8
HIST 10431 17
HIST 10432 7
HIST 10433 6
HIST 10434 6
HIST 10435 15
HIST 10436 12
HIST 10437 10
HIST 10438 18
HIST 10439 9
HIST 10440 14
HIST 10441 20
HIST 10442 18
HIST 10443 13
HIST 10444 17
HIST 10445 9
HIST 10446 12
HIST 10447 7
HIST 10448 36
HIST 10449 15
HIST 10450 9
HIST 10451 10
HIST 10452 14
HIST 10453 8
HIST 10454 40
HIST 10455 8
HIST 10456 11
HIST 10457 12
HIST 10458 11
HIST 10459 14
HIST 10460 14
HIST 10461 11
HIST 10462 12
HIST 10463 11
HIST 10464 11
HIST 10465 11
HIST 10466 17
HIST 10467 14
HIST 10468 10
HIST 10469 9
HIST 10470 14
HIST 10471 13
HIST 10472 9
HIST 10473 8
HIST 10474 8
HIST 10475 10
HIST 10476 15
HIST 10477 8
HIST 10478 13
HIST 10479 6
HIST 10480 10
HIST 10481 24
HIST 10482 13
HIST 10483 10
HIST 10484 17
HIST 10485 13
HIST 10486 13
HIST 10487 8
HIST 10488 12
HIST 10489 14
HIST 10490 9
HIST 10491 11
HIST 10492 15
HIST 10493 8
HIST 10494 13
HIST 10495 10
HIST 10496 16
HIST 10497 13
HIST 10498 11
HIST 10499 18
HIST 10500 13
HIST 10501 8
HIST 10502 9
HIST 10503 12
HIST 10504 15
HIST 10505 16
HIST 10506 14
HIST 10507 16
HIST 10508 11
HIST 10509 9
HIST 10510 16
HIST 10511 12
HIST 10512 12
HIST 10513 8
HIST 10514 10
HIST 10515 13
HIST 10516 11
HIST 10517 12
HIST 10518 11
HIST 10519 11
HIST 10520 15
HIST 10521 20
HIST 10522 10
HIST 10523 16
HIST 10524 17
HIST 10525 8
HIST 10526 11
HIST 10527 9
HIST 10528 18
HIST 10529 14
HIST 10530 7
HIST 10531 12
HIST 10532 8
HIST 10533 16
HIST 10534 9
HIST 10535 30
HIST 10536 18
HIST 10537 10
HIST 10538 11
HIST 10539 10
HIST 10540 19
HIST 10541 12
HIST 10542 7
HIST 10543 12
HIST 10544 8
HIST 10545 8
HIST 10546 18
HIST 10547 17
HIST 10548 8
HIST 10549 8
HIST 10550 8
HIST 10551 8
HIST 10552 16
HIST 10553 17
HIST 10554 7
HIST 10555 10
HIST 10556 7
HIST 10557 14
HIST 10558 20
HIST 10559 8
HIST 10560 7
HIST 10561 10
HIST 10562 11
HIST 10563 15
HIST 10564 13
HIST 10565 11
HIST 10566 10
HIST 10567 12
HIST 10568 9
HIST 10569 11
HIST 10570 4
HIST 10571 19
HIST 10572 62
HIST 10573 18
HIST 10574 15
HIST 10575 31
HIST 10576 12
HIST 10577 10
HIST 10578 10
HIST 10579 10
HIST 10580 16
HIST 10581 11
HIST 10582 4
HIST 10583 14
HIST 10584 11
HIST 10585 15
HIST 10586 10
HIST 10587 12
HIST 10588 13
HIST 10589 6
HIST 10590 12
HIST 10591 12
HIST 10592 12
HIST 10593 16
HIST 10594 16
HIST 10595 15
HIST 10596 16
HIST 10597 9
HIST 10598 13
HIST 10599 7
HIST 10600 12
HIST 10601 11
HIST 10602 14
HIST 10603 9
HIST 10604 12
HIST 10605 13
HIST 10606 9
HIST 10607 17
HIST 10608 5
HIST 10609 17
HIST 10610 12
HIST 10611 21
HIST 10612 12
HIST 10613 14
HIST 10614 20
HIST 10615 12
HIST 10616 15
HIST 10617 16
HIST 10618 11
HIST 10619 15
HIST 10620 6
HIST 10621 14
HIST 10622 13
HIST 10623 14
HIST 10624 16
HIST 10625 12
HIST 10626 5
HIST 10627 9
HIST 10628 12
HIST 10629 7
HIST 10630 14
HIST 10631 11
HIST 10632 15
HIST 10633 7
HIST 10634 12
HIST 10635 9
HIST 10636 10
HIST 10637 5
HIST 10638 20
HIST 10639 10
HIST 10640 8
HIST 10641 11
HIST 10642 12
HIST 10643 10
HIST 10644 10
HIST 10645 15
HIST 10646 10
HIST 10647 12
HIST 10648 10
HIST 10649 18
HIST 10650 11
HIST 10651 15
HIST 10652 11
HIST 10653 11
HIST 10654 8
HIST 10655 7
HIST 10656 4
HIST 10657 20
HIST 10658 16
HIST 10659 7
HIST 10660 9
HIST 10661 15
HIST 10662 4
HIST 10663 14
HIST 10664 16
HIST 10665 19
HIST 10666 12
HIST 10667 15
HIST 10668 15
HIST 10669 14
HIST 10670 15
HIST 10671 9
HIST 10672 16
HIST 10673 10
HIST 10674 13
HIST 10675 11
HIST 10676 8
HIST 10677 8
HIST 10678 9
HIST 10679 15
HIST 10680 11
HIST 10681 8
HIST 10682 11
HIST 10683 13
HIST 10684 10
HIST 10685 8
HIST 10686 13
HIST 10687 18
HIST 10688 10
HIST 10689 14
HIST 10690 17
HIST 10691 8
HIST 10692 20
HIST 10693 9
HIST 10694 15
HIST 10695 13
HIST 10696 16
HIST 10697 9
HIST 10698 11
HIST 10699 14
HIST 10700 9
HIST 10701 12
HIST 10702 17
HIST 10703 7
HIST 10704 12
HIST 10705 16
HIST 10706 14
HIST 10707 10
HIST 10708 6
HIST 10709 9
HIST 10710 12
HIST 10711 8
HIST 10712 8
HIST 10713 6
HIST 10714 9
HIST 10715 8
HIST 10716 9
HIST 10717 13
HIST 10718 5
HIST 10719 17
HIST 10720 17
HIST 10721 8
HIST 10722 9
HIST 10723 12
HIST 10724 8
HIST 10725 22
HIST 10726 14
HIST 10727 13
HIST 10728 12
HIST 10729 8
HIST 10730 12
HIST 10731 9
HIST 10732 9
HIST 10733 15
HIST 10734 11
HIST 10735 12
HIST 10736 10
HIST 10737 9
HIST 10738 12
HIST 10739 8
HIST 10740 12
HIST 10741 8
HIST 10742 13
HIST 10743 13
HIST 10744 11
HIST 10745 8
HIST 10746 12
HIST 10747 8
HIST 10748 13
HIST 10749 19
HIST 10750 10
HIST 10751 12
HIST 10752 12
HIST 10753 13
HIST 10754 13
HIST 10755 9
HIST 10756 12
HIST 10757 13
HIST 10758 18
HIST 10759 10
HIST 10760 15
HIST 10761 8
HIST 10762 10
HIST 10763 11
HIST 10764 11
HIST 10765 9
HIST 10766 11
HIST 10767 8
HIST 10768 11
HIST 10769 13
HIST 10770 10
HIST 10771 13
HIST 10772 12
HIST 10773 13
HIST 10774 16
HIST 10775 13
HIST 10776 11
HIST 10777 6
HIST 10778 11
HIST 10779 7
HIST 10780 16
HIST 10781 14
HIST 10782 13
HIST 10783 11
HIST 10784 12
HIST 10785 15
HIST 10786 10
HIST 10787 8
HIST 10788 14
HIST 10789 14
HIST 10790 17
HIST 10791 9
HIST 10792 21
HIST 10793 10
HIST 10794 9
HIST 10795 13
HIST 10796 10
HIST 10797 13
HIST 10798 28
HIST 10799 3
HIST 10800 10
HIST 10801 9
HIST 10802 14
HIST 10803 7
HIST 10804 8
HIST 10805 9
HIST 10806 11
HIST 10807 11
HIST 10808 15
HIST 10809 10
HIST 10810 14
HIST 10811 9
HIST 10812 9
HIST 10813 11
HIST 10814 14
HIST 10815 13
HIST 10816 13
HIST 10817 15
HIST 10818 14
HIST 10819 8
HIST 10820 9
HIST 10821 20
HIST 10822 11
HIST 10823 9
HIST 10824 8
HIST 10825 10
HIST 10826 9
HIST 10827 10
HIST 10828 17
HIST 10829 18
HIST 10830 12
HIST 10831 10
HIST 10832 10
HIST 10833 4
HIST 10834 16
HIST 10835 67
HIST 10836 11
HIST 10837 11
HIST 10838 39
HIST 10839 14
HIST 10840 14
HIST 10841 15
HIST 10842 8
HIST 10843 10
HIST 10844 33
HIST 10845 17
HIST 10846 9
HIST 10847 15
HIST 10848 15
HIST 10849 14
HIST 10850 15
HIST 10851 17
HIST 10852 11
HIST 10853 8
HIST 10854 10
HIST 10855 13
HIST 10856 15
HIST 10857 12
HIST 10858 21357
HIST 10859 19
HIST 10860 9
HIST 10861 12
HIST 10862 7
HIST 10863 10
HIST 10864 8
HIST 10865 19
HIST 10866 14
HIST 10867 12
HIST 10868 7
HIST 10869 11
HIST 10870 11
HIST 10871 14
HIST 10872 21
HIST 10873 14
HIST 10874 10
HIST 10875 14
HIST 10876 15
HIST 10877 13
HIST 10878 13
HIST 10879 12
HIST 10880 6
HIST 10881 14
HIST 10882 11
HIST 10883 7
HIST 10884 7
HIST 10885 12
HIST 10886 11
HIST 10887 6
HIST 10888 10
HIST 10889 10
HIST 10890 14
HIST 10891 6
HIST 10892 14
HIST 10893 10
HIST 10894 10
HIST 10895 16
HIST 10896 6
HIST 10897 3553
HIST 10898 6
HIST 10899 14
HIST 10900 12
HIST 10901 10
HIST 10902 16
HIST 10903 9
HIST 10904 9
HIST 10905 11
HIST 10906 10
HIST 10907 8
HIST 10908 14
HIST 10909 16
HIST 10910 18
HIST 10911 14
HIST 10912 9
HIST 10913 10
HIST 10914 9
HIST 10915 11
HIST 10916 12
HIST 10917 12
HIST 10918 19
HIST 10919 12
HIST 10920 7
HIST 10921 8
HIST 10922 9
HIST 10923 18
HIST 10924 20
HIST 10925 11
HIST 10926 8
HIST 10927 15
HIST 10928 7
HIST 10929 9
HIST 10930 11
HIST 10931 16
HIST 10932 18
HIST 10933 10
HIST 10934 15
HIST 10935 15
HIST 10936 12
HIST 10937 16
HIST 10938 20
HIST 10939 12
HIST 10940 10
HIST 10941 13
HIST 10942 9
HIST 10943 15
HIST 10944 10
HIST 10945 10
HIST 10946 18
HIST 10947 12
HIST 10948 16
HIST 10949 21
HIST 10950 15
HIST 10951 11
HIST 10952 10
HIST 10953 12
HIST 10954 12
HIST 10955 14
HIST 10956 5
HIST 10957 9
HIST 10958 7
HIST 10959 12
HIST 10960 8
HIST 10961 9
HIST 10962 14
HIST 10963 16
HIST 10964 11
HIST 10965 12
HIST 10966 16
HIST 10967 15
HIST 10968 26
HIST 10969 9
HIST 10970 5
HIST 10971 21
HIST 10972 9
HIST 10973 9
HIST 10974 64
HIST 10975 7
HIST 10976 7
HIST 10977 32
HIST 10978 13
HIST 10979 7
HIST 10980 9
HIST 10981 7
HIST 10982 10
HIST 10983 8
HIST 10984 12
HIST 10985 12
HIST 10986 13
HIST 10987 12
HIST 10988 12
HIST 10989 9
HIST 10990 12
HIST 10991 11
HIST 10992 10
HIST 10993 9
HIST 10994 13
HIST 10995 5
HIST 10996 9
HIST 10997 8
HIST 10998 15
HIST 10999 5
HIST 11000 12
HIST 11001 10
HIST 11002 18
HIST 11003 8
HIST 11004 10
HIST 11005 12
HIST 11006 21
HIST 11007 11
HIST 11008 9
HIST 11009 7
HIST 11010 11
HIST 11011 11
HIST 11012 16
HIST 11013 3
HIST 11014 11
HIST 11015 14
HIST 11016 13
HIST 11017 12
HIST 11018 12
HIST 11019 13
HIST 11020 14
HIST 11021 8
HIST 11022 17
HIST 11023 4
HIST 11024 14
HIST 11025 12
HIST 11026 14
HIST 11027 25
HIST 11028 9
HIST 11029 11
HIST 11030 12
HIST 11031 17
HIST 11032 9
HIST 11033 15
HIST 11034 6
HIST 11035 7
HIST 11036 8
HIST 11037 10
HIST 11038 13
HIST 11039 14
HIST 11040 17
HIST 11041 12
HIST 11042 23
HIST 11043 9
HIST 11044 12
HIST 11045 10
HIST 11046 12
HIST 11047 13
HIST 11048 13
HIST 11049 13
HIST 11050 8
HIST 11051 14
HIST 11052 5
HIST 11053 8
HIST 11054 12
HIST 11055 12
HIST 11056 19
HIST 11057 9
HIST 11058 13
HIST 11059 7
HIST 11060 14
HIST 11061 13
HIST 11062 15
HIST 11063 9
HIST 11064 16
HIST 11065 4
HIST 11066 10
HIST 11067 13
HIST 11068 9
HIST 11069 10
HIST 11070 14
HIST 11071 12
HIST 11072 9
HIST 11073 7
HIST 11074 11
HIST 11075 8
HIST 11076 9
HIST 11077 20
HIST 11078 13
HIST 11079 16
HIST 11080 9
HIST 11081 12
HIST 11082 13
HIST 11083 12
HIST 11084 4
HIST 11085 7
HIST 11086 6
HIST 11087 8
HIST 11088 7
HIST 11089 24
HIST 11090 12
HIST 11091 10
HIST 11092 402
HIST 11093 6
HIST 11094 8
HIST 11095 8
HIST 11096 7
HIST 11097 8
HIST 11098 7
HIST 11099 15
HIST 11100 7
HIST 11101 14
HIST 11102 8
HIST 11103 10
HIST 11104 12
HIST 11105 10
HIST 11106 5
HIST 11107 10
HIST 11108 14
HIST 11109 13
HIST 11110 15
HIST 11111 6
HIST 11112 9
HIST 11113 13
HIST 11114 12
HIST 11115 18
HIST 11116 4
HIST 11117 15
HIST 11118 4
HIST 11119 7
HIST 11120 17
HIST 11121 25981
HIST 11122 7
HIST 11123 16
HIST 11124 6
HIST 11125 11
HIST 11126 10
HIST 11127 13
HIST 11128 6
HIST 11129 9
HIST 11130 8
HIST 11131 9
HIST 11132 10
HIST 11133 10
HIST 11134 11
HIST 11135 9
HIST 11136 14
HIST 11137 12
HIST 11138 10
HIST 11139 10
HIST 11140 10
HIST 11141 9
HIST 11142 13
HIST 11143 18
HIST 11144 6
HIST 11145 12
HIST 11146 8
HIST 11147 10
HIST 11148 11
HIST 11149 13
HIST 11150 11
HIST 11151 11
HIST 11152 11
HIST 11153 11
HIST 11154 13
HIST 11155 10
HIST 11156 10
HIST 11157 10
HIST 11158 14
HIST 11159 15
HIST 11160 14
HIST 11161 9
HIST 11162 13
HIST 11163 12
HIST 11164 14
HIST 11165 10
HIST 11166 12
HIST 11167 12
HIST 11168 8
HIST 11169 11
HIST 11170 14
HIST 11171 15
HIST 11172 13
HIST 11173 5
HIST 11174 8
HIST 11175 9
HIST 11176 14
HIST 11177 11
HIST 11178 15
HIST 11179 13
HIST 11180 8
HIST 11181 8
HIST 11182 10
HIST 11183 12
HIST 11184 12
HIST 11185 13
HIST 11186 14
HIST 11187 13
HIST 11188 13
HIST 11189 10
HIST 11190 6
HIST 11191 17
HIST 11192 22
HIST 11193 22
HIST 11194 11
HIST 11195 16
HIST 11196 11
HIST 11197 10
HIST 11198 12
HIST 11199 12
HIST 11200 32
HIST 11201 5
HIST 11202 11
HIST 11203 11
HIST 11204 7
HIST 11205 11
HIST 11206 13
HIST 11207 15
HIST 11208 13
HIST 11209 3
HIST 11210 20
HIST 11211 9
HIST 11212 15
HIST 11213 12
HIST 11214 16
HIST 11215 10
HIST 11216 11
HIST 11217 9
HIST 11218 7
HIST 11219 9
HIST 11220 16
HIST 11221 12
HIST 11222 10
HIST 11223 8
HIST 11224 17
HIST 11225 14
HIST 11226 14
HIST 11227 7
HIST 11228 12
HIST 11229 17
HIST 11230 61
HIST 11231 16
HIST 11232 1182
HIST 11233 32
HIST 11234 8
HIST 11235 9
HIST 11236 84
HIST 11237 12
HIST 11238 15
HIST 11239 55
HIST 11240 14
HIST 11241 15
HIST 11242 10
HIST 11243 11
HIST 11244 18
HIST 11245 11
HIST 11246 17
HIST 11247 13
HIST 11248 14
HIST 11249 12
HIST 11250 8
HIST 11251 15
HIST 11252 14
HIST 11253 18
HIST 11254 201
HIST 11255 11
HIST 11256 14
HIST 11257 9
HIST 11258 11
HIST 11259 17
HIST 11260 361
HIST 11261 10
HIST 11262 11
HIST 11263 13
HIST 11264 17
HIST 11265 16
HIST 11266 12
HIST 11267 9
HIST 11268 15
HIST 11269 6
HIST 11270 37
HIST 11271 9
HIST 11272 9
HIST 11273 16
HIST 11274 9
HIST 11275 13
HIST 11276 8
HIST 11277 18
HIST 11278 9
HIST 11279 13
HIST 11280 12
HIST 11281 12
HIST 11282 7
HIST 11283 10
HIST 11284 12
HIST 11285 13
HIST 11286 10
HIST 11287 9
HIST 11288 12
HIST 11289 20
HIST 11290 13
HIST 11291 11
HIST 11292 14
HIST 11293 8
HIST 11294 12
HIST 11295 12
HIST 11296 14
HIST 11297 12
HIST 11298 10
HIST 11299 5
HIST 11300 10
HIST 11301 11
HIST 11302 13
HIST 11303 13
HIST 11304 14
HIST 11305 6
HIST 11306 12
HIST 11307 12
HIST 11308 14
HIST 11309 15
HIST 11310 10
HIST 11311 12
HIST 11312 36
HIST 11313 70
HIST 11314 9
HIST 11315 6
HIST 11316 17
HIST 11317 9
HIST 11318 10
HIST 11319 13
HIST 11320 8
HIST 11321 9
HIST 11322 8
HIST 11323 17
HIST 11324 19
HIST 11325 27
HIST 11326 8
HIST 11327 17
HIST 11328 17
HIST 11329 5
HIST 11330 12
HIST 11331 13
HIST 11332 10
HIST 11333 16
HIST 11334 10
HIST 11335 7
HIST 11336 10
HIST 11337 13
HIST 11338 13
HIST 11339 10
HIST 11340 9
HIST 11341 12
HIST 11342 13
HIST 11343 8
HIST 11344 12
HIST 11345 12
HIST 11346 14
HIST 11347 8
HIST 11348 10
HIST 11349 11
HIST 11350 8
HIST 11351 14
HIST 11352 9
HIST 11353 9
HIST 11354 11
HIST 11355 14
HIST 11356 19
HIST 11357 12
HIST 11358 11
HIST 11359 10
HIST 11360 12
HIST 11361 9
HIST 11362 17
HIST 11363 16
HIST 11364 16
HIST 11365 10
HIST 11366 13
HIST 11367 12
HIST 11368 11
HIST 11369 15
HIST 11370 11
HIST 11371 15
HIST 11372 12
HIST 11373 9
HIST 11374 7
HIST 11375 11
HIST 11376 14
HIST 11377 20
HIST 11378 15
HIST 11379 19
HIST 11380 12
HIST 11381 9
HIST 11382 10
HIST 11383 8
HIST 11384 10
HIST 11385 12
HIST 11386 13
HIST 11387 16
HIST 11388 12
HIST 11389 14
HIST 11390 13
HIST 11391 15
HIST 11392 11
HIST 11393 8
HIST 11394 11
HIST 11395 16
HIST 11396 13
HIST 11397 16
HIST 11398 16
HIST 11399 5
HIST 11400 20
HIST 11401 15
HIST 11402 10
HIST 11403 13
HIST 11404 10
HIST 11405 5
HIST 11406 8
HIST 11407 12
HIST 11408 13
HIST 11409 14
HIST 11410 9
HIST 11411 13
HIST 11412 11
HIST 11413 5
HIST 11414 11
HIST 11415 5
HIST 11416 6
HIST 11417 13
HIST 11418 10
HIST 11419 15
HIST 11420 10
HIST 11421 16
HIST 11422 12
HIST 11423 11
HIST 11424 7
HIST 11425 13
HIST 11426 17
HIST 11427 7
HIST 11428 8
HIST 11429 20
HIST 11430 7
HIST 11431 11
HIST 11432 13
HIST 11433 12
HIST 11434 10
HIST 11435 10
HIST 11436 11
HIST 11437 8
HIST 11438 13
HIST 11439 15
HIST 11440 12
HIST 11441 11
HIST 11442 8
HIST 11443 11
HIST 11444 13
HIST 11445 9
HIST 11446 6
HIST 11447 10
HIST 11448 11
HIST 11449 5
HIST 11450 10
HIST 11451 13
HIST 11452 9
HIST 11453 11
HIST 11454 16
HIST 11455 7
HIST 11456 6
HIST 11457 9
HIST 11458 7
HIST 11459 11
HIST 11460 7
HIST 11461 9
HIST 11462 12
HIST 11463 12
HIST 11464 14
HIST 11465 8
HIST 11466 14
HIST 11467 12
HIST 11468 14
HIST 11469 10
HIST 11470 14
HIST 11471 10
HIST 11472 16
HIST 11473 9
HIST 11474 23
HIST 11475 10
HIST 11476 15
HIST 11477 6
HIST 11478 14
HIST 11479 15
HIST 11480 11
HIST 11481 15
HIST 11482 6
HIST 11483 9
HIST 11484 14
HIST 11485 7
HIST 11486 12
HIST 11487 9
HIST 11488 6
HIST 11489 13
HIST 11490 9
HIST 11491 17
HIST 11492 11
HIST 11493 9
HIST 11494 8
HIST 11495 7
HIST 11496 11
HIST 11497 9
HIST 11498 17
HIST 11499 9
HIST 11500 17
HIST 11501 8
HIST 11502 15
HIST 11503 12
HIST 11504 15
HIST 11505 15
HIST 11506 10
HIST 11507 14
HIST 11508 11
HIST 11509 15
HIST 11510 14
HIST 11511 7
HIST 11512 11
HIST 11513 13
HIST 11514 14
HIST 11515 12
HIST 11516 312
HIST 11517 7
HIST 11518 10
HIST 11519 12
HIST 11520 6
HIST 11521 6
HIST 11522 604
HIST 11523 13
HIST 11524 7
HIST 11525 12
HIST 11526 11
HIST 11527 8
HIST 11528 15
HIST 11529 11
HIST 11530 11
HIST 11531 16
HIST 11532 11
HIST 11533 16
HIST 11534 11
HIST 11535 9
HIST 11536 10
HIST 11537 11
HIST 11538 11
HIST 11539 8
HIST 11540 19
HIST 11541 14
HIST 11542 7
HIST 11543 11
HIST 11544 12
HIST 11545 11
HIST 11546 10
HIST 11547 12
HIST 11548 13
HIST 11549 12
HIST 11550 7
HIST 11551 10
HIST 11552 12
HIST 11553 8
HIST 11554 10
HIST 11555 16
HIST 11556 17
HIST 11557 16
HIST 11558 15
HIST 11559 11
HIST 11560 16
HIST 11561 10
HIST 11562 16
HIST 11563 14
HIST 11564 14
HIST 11565 16
HIST 11566 13
HIST 11567 12
HIST 11568 8
HIST 11569 13
HIST 11570 12
HIST 11571 15
HIST 11572 7
HIST 11573 10
HIST 11574 91
HIST 11575 146
HIST 11576 7
HIST 11577 9
HIST 11578 9
HIST 11579 15
HIST 11580 13
HIST 11581 13
HIST 11582 12
HIST 11583 10
HIST 11584 17
HIST 11585 19
HIST 11586 16
HIST 11587 46
HIST 11588 12
HIST 11589 20
HIST 11590 13
HIST 11591 12
HIST 11592 11
HIST 11593 14
HIST 11594 18
HIST 11595 8
HIST 11596 9
HIST 11597 14
HIST 11598 8
HIST 11599 7
HIST 11600 10
HIST 11601 9
HIST 11602 14
HIST 11603 18
HIST 11604 12
HIST 11605 11
HIST 11606 14
HIST 11607 20
HIST 11608 11
HIST 11609 10
HIST 11610 5
HIST 11611 8
HIST 11612 9
HIST 11613 9
HIST 11614 15
HIST 11615 10
HIST 11616 7
HIST 11617 13
HIST 11618 19
HIST 11619 16
HIST 11620 11
HIST 11621 14
HIST 11622 5
HIST 11623 10
HIST 11624 12
HIST 11625 12
HIST 11626 10
HIST 11627 11
HIST 11628 17
HIST 11629 9
HIST 11630 15
HIST 11631 8
HIST 11632 13
HIST 11633 48
HIST 11634 5
HIST 11635 12
HIST 11636 13
HIST 11637 8
HIST 11638 16
HIST 11639 8
HIST 11640 11
HIST 11641 11
HIST 11642 16
HIST 11643 11
HIST 11644 13
HIST 11645 4
HIST 11646 8
HIST 11647 11
HIST 11648 11
HIST 11649 9
HIST 11650 10
HIST 11651 11
HIST 11652 7
HIST 11653 7
HIST 11654 16
HIST 11655 10
HIST 11656 8
HIST 11657 12
HIST 11658 13
HIST 11659 8
HIST 11660 11
HIST 11661 12
HIST 11662 11
HIST 11663 9
HIST 11664 7
HIST 11665 9
HIST 11666 7
HIST 11667 12
HIST 11668 12
HIST 11669 11
HIST 11670 9
HIST 11671 13
HIST 11672 15
HIST 11673 12
HIST 11674 11
HIST 11675 12
HIST 11676 8
HIST 11677 14
HIST 11678 11
HIST 11679 10
HIST 11680 15
HIST 11681 17
HIST 11682 8
HIST 11683 13
HIST 11684 14
HIST 11685 16
HIST 11686 9
HIST 11687 16
HIST 11688 9
HIST 11689 21
HIST 11690 9
HIST 11691 9
HIST 11692 25
HIST 11693 8
HIST 11694 12
HIST 11695 3
HIST 11696 9
HIST 11697 9
HIST 11698 13
HIST 11699 8
HIST 11700 11
HIST 11701 10
HIST 11702 10
HIST 11703 10
HIST 11704 15
HIST 11705 17
HIST 11706 12
HIST 11707 5
HIST 11708 9
HIST 11709 7
HIST 11710 105
HIST 11711 12
HIST 11712 7
HIST 11713 12
HIST 11714 12
HIST 11715 11
HIST 11716 8
HIST 11717 15
HIST 11718 8
HIST 11719 14
HIST 11720 14
HIST 11721 9
HIST 11722 16
HIST 11723 11
HIST 11724 10
HIST 11725 12
HIST 11726 6
HIST 11727 12
HIST 11728 7
HIST 11729 10
HIST 11730 9
HIST 11731 10
HIST 11732 11
HIST 11733 5
HIST 11734 17
HIST 11735 8
HIST 11736 11
HIST 11737 8
HIST 11738 8
HIST 11739 11
HIST 11740 11
HIST 11741 11
HIST 11742 8
HIST 11743 4
HIST 11744 13
HIST 11745 7
HIST 11746 14
HIST 11747 20
HIST 11748 10
HIST 11749 10
HIST 11750 11
HIST 11751 11
HIST 11752 8
HIST 11753 11
HIST 11754 13
HIST 11755 15
HIST 11756 12
HIST 11757 7
HIST 11758 13
HIST 11759 17
HIST 11760 13
HIST 11761 11
HIST 11762 14
HIST 11763 10
HIST 11764 10
HIST 11765 9
HIST 11766 22
HIST 11767 13
HIST 11768 10
HIST 11769 15
HIST 11770 11
HIST 11771 9
HIST 11772 11
HIST 11773 7
HIST 11774 14
HIST 11775 16
HIST 11776 15
HIST 11777 11
HIST 11778 9
HIST 11779 8
HIST 11780 14
HIST 11781 12
HIST 11782 9
HIST 11783 14
HIST 11784 10
HIST 11785 13
HIST 11786 6
HIST 11787 14
HIST 11788 13
HIST 11789 17
HIST 11790 16
HIST 11791 11
HIST 11792 12
HIST 11793 12
HIST 11794 10
HIST 11795 6
HIST 11796 9
HIST 11797 10
HIST 11798 8
HIST 11799 15
HIST 11800 6
HIST 11801 15
HIST 11802 10
HIST 11803 10
HIST 11804 7
HIST 11805 16
HIST 11806 13
HIST 11807 12
HIST 11808 10
HIST 11809 9
HIST 11810 12
HIST 11811 6
HIST 11812 9
HIST 11813 12
HIST 11814 12
HIST 11815 10
HIST 11816 11
HIST 11817 9
HIST 11818 7
HIST 11819 4
HIST 11820 10
HIST 11821 10
HIST 11822 14
HIST 11823 5
HIST 11824 10
HIST 11825 8
HIST 11826 12
HIST 11827 12
HIST 11828 14
HIST 11829 16
HIST 11830 12
HIST 11831 7
HIST 11832 12
HIST 11833 10
HIST 11834 10
HIST 11835 13
HIST 11836 10
HIST 11837 15
HIST 11838 18
HIST 11839 8
HIST 11840 10
HIST 11841 10
HIST 11842 16
HIST 11843 16
HIST 11844 16
HIST 11845 14
HIST 11846 11
HIST 11847 12
HIST 11848 9
HIST 11849 14
HIST 11850 6
HIST 11851 9
HIST 11852 6
HIST 11853 8
HIST 11854 14
HIST 11855 16
HIST 11856 15
HIST 11857 11
HIST 11858 6
HIST 11859 16
HIST 11860 13
HIST 11861 14
HIST 11862 7
HIST 11863 8
HIST 11864 7
HIST 11865 14
HIST 11866 16
HIST 11867 12
HIST 11868 9
HIST 11869 9
HIST 11870 11
HIST 11871 11
HIST 11872 8
HIST 11873 10
HIST 11874 7
HIST 11875 17
HIST 11876 15
HIST 11877 11
HIST 11878 12
HIST 11879 9
HIST 11880 10
HIST 11881 12
HIST 11882 10
HIST 11883 12
HIST 11884 8
HIST 11885 10
HIST 11886 12
HIST 11887 14
HIST 11888 12
HIST 11889 9
HIST 11890 9
HIST 11891 9
HIST 11892 8
HIST 11893 8
HIST 11894 10
HIST 11895 6
HIST 11896 13
HIST 11897 12
HIST 11898 10
HIST 11899 10
HIST 11900 13
HIST 11901 11
HIST 11902 5
HIST 11903 5
HIST 11904 12
HIST 11905 10
HIST 11906 16
HIST 11907 3
HIST 11908 10
HIST 11909 8
HIST 11910 6
HIST 11911 8
HIST 11912 15
HIST 11913 10
HIST 11914 9
HIST 11915 11
HIST 11916 4
HIST 11917 7
HIST 11918 20
HIST 11919 10
HIST 11920 11
HIST 11921 6
HIST 11922 9
HIST 11923 3
HIST 11924 11
HIST 11925 13
HIST 11926 6
HIST 11927 4
HIST 11928 10
HIST 11929 9
HIST 11930 9
HIST 11931 7
HIST 11932 10
HIST 11933 10
HIST 11934 9
HIST 11935 12
HIST 11936 9
HIST 11937 7
HIST 11938 4
HIST 11939 14
HIST 11940 3
HIST 11941 6
HIST 11942 10
HIST 11943 7
HIST 11944 7
HIST 11945 4
HIST 11946 8
HIST 11947 7
HIST 11948 8
HIST 11949 5
HIST 11950 12
HIST 11951 8
HIST 11952 7
HIST 11953 6
HIST 11954 7
HIST 11955 8
HIST 11956 11
HIST 11957 4
HIST 11958 5
HIST 11959 6
HIST 11960 6
HIST 11961 7
HIST 11962 8
HIST 11963 3
HIST 11964 10
HIST 11965 9
HIST 11966 11
HIST 11967 6
HIST 11968 5
HIST 11969 3
HIST 11970 7
HIST 11971 5
HIST 11972 9
HIST 11973 5
HIST 11974 4
HIST 11975 4
HIST 11976 2
HIST 11977 10
HIST 11978 5
HIST 11979 3
HIST 11980 3
HIST 11981 4
HIST 11982 7
HIST 11983 8
HIST 11984 7
HIST 11985 5
HIST 11986 5
HIST 11987 7
HIST 11988 4
HIST 11989 9
HIST 11990 6
HIST 11991 6
HIST 11992 8
HIST 11993 3
HIST 11994 6
HIST 11995 6
HIST 11996 7
HIST 11997 9
HIST 11998 5
HIST 11999 13
HIST 12000 3
HIST 12001 6
HIST 12002 7
HIST 12003 5
HIST 12004 8
HIST 12005 9
HIST 12006 6
HIST 12007 3
HIST 12008 5
HIST 12009 3
HIST 12010 6
HIST 12011 8
HIST 12012 5
HIST 12013 9
HIST 12014 8
HIST 12015 2
HIST 12016 7
HIST 12017 6
HIST 12018 4
HIST 12019 6
HIST 12020 6
HIST 12021 4
HIST 12022 7
HIST 12023 3
HIST 12024 9
HIST 12025 3
HIST 12026 5
HIST 12027 5
HIST 12028 3
HIST 12029 7
HIST 12030 9
HIST 12031 5
HIST 12032 6
HIST 12033 10
HIST 12034 5
HIST 12035 4
HIST 12036 8
HIST 12037 4
HIST 12038 11
HIST 12039 3
HIST 12040 7
HIST 12041 4
HIST 12042 8
HIST 12043 4
HIST 12044 6
HIST 12045 3
HIST 12046 5
HIST 12047 8
HIST 12048 5
HIST 12049 8
HIST 12050 3
HIST 12051 9
HIST 12052 22
HIST 12053 7
HIST 12054 4
HIST 12055 5
HIST 12056 4
HIST 12057 9
HIST 12058 8
HIST 12059 36
HIST 12060 5
HIST 12061 2
HIST 12062 8
HIST 12063 2
HIST 12064 4
HIST 12065 2
HIST 12066 9
HIST 12067 5
HIST 12068 5
HIST 12069 6
HIST 12070 7
HIST 12071 4
HIST 12072 4
HIST 12073 2
HIST 12074 7
HIST 12075 8
HIST 12076 6
HIST 12077 5
HIST 12078 6
HIST 12079 6
HIST 12080 4
HIST 12081 5
HIST 12082 6
HIST 12083 6
HIST 12084 7
HIST 12085 3
HIST 12086 2
HIST 12087 7
HIST 12088 6
HIST 12089 7
HIST 12090 6
HIST 12091 7
HIST 12092 8
HIST 12093 5
HIST 12094 4
HIST 12095 5
HIST 12096 6
HIST 12097 6
HIST 12098 2
HIST 12099 4
HIST 12101 2
HIST 12103 10
HIST 12104 2
HIST 12105 5
HIST 12106 3
HIST 12107 10
HIST 12108 4
HIST 12109 2
HIST 12110 3
HIST 12111 3
HIST 12112 8
HIST 12113 3
HIST 12114 8
HIST 12115 9
HIST 12116 1
HIST 12117 6
HIST 12118 2
HIST 12119 5
HIST 12120 4
HIST 12121 3
HIST 12122 4
HIST 12123 5
HIST 12124 5
HIST 12125 4
HIST 12126 4
HIST 12127 5
HIST 12128 7
HIST 12129 2298
HIST 12130 6
HIST 12131 3
HIST 12132 3
HIST 12133 5
HIST 12134 7
HIST 12135 8
HIST 12136 5
HIST 12137 4
HIST 12138 6
HIST 12139 4
HIST 12140 6
HIST 12141 3
HIST 12142 6
HIST 12143 5
HIST 12144 3
HIST 12145 6
HIST 12146 3
HIST 12147 2
HIST 12148 4
HIST 12149 1
HIST 12150 2
HIST 12151 3
HIST 12152 2
HIST 12153 7
HIST 12154 6
HIST 12155 4
HIST 12156 3
HIST 12157 5
HIST 12158 5
HIST 12159 3
HIST 12160 3
HIST 12161 4
HIST 12162 9
HIST 12163 7
HIST 12164 7
HIST 12165 9
HIST 12166 5
HIST 12167 11
HIST 12168 5
HIST 12169 8
HIST 12170 5
HIST 12171 3
HIST 12172 4
HIST 12173 5
HIST 12174 5
HIST 12175 5
HIST 12176 9
HIST 12177 6
HIST 12178 2
HIST 12179 8
HIST 12180 4
HIST 12181 4
HIST 12182 3
HIST 12183 3
HIST 12184 2
HIST 12185 6
HIST 12186 4
HIST 12187 5
HIST 12188 7
HIST 12189 1
HIST 12190 9
HIST 12191 13
HIST 12192 4
HIST 12193 6
HIST 12194 6
HIST 12195 3
HIST 12196 4
HIST 12197 8
HIST 12198 6
HIST 12199 7
HIST 12200 4
HIST 12201 3
HIST 12202 6
HIST 12203 9
HIST 12204 5
HIST 12205 2
HIST 12206 5
HIST 12207 3
HIST 12208 4
HIST 12209 2
HIST 12210 10
HIST 12211 2
HIST 12212 3
HIST 12213 5
HIST 12214 8
HIST 12215 3
HIST 12216 6
HIST 12217 5
HIST 12218 1
HIST 12219 3
HIST 12220 5
HIST 12221 5
HIST 12222 6
HIST 12223 5
HIST 12224 11
HIST 12225 7
HIST 12226 4
HIST 12227 6
HIST 12228 7
HIST 12229 3
HIST 12230 2
HIST 12231 5
HIST 12232 6
HIST 12233 3
HIST 12234 6
HIST 12235 5
HIST 12236 2
HIST 12237 2
HIST 12238 7
HIST 12239 8
HIST 12240 5
HIST 12241 3
HIST 12242 11
HIST 12243 1
HIST 12244 4
HIST 12245 12
HIST 12246 7
HIST 12247 6
HIST 12248 12
HIST 12249 3
HIST 12250 4
HIST 12251 3
HIST 12252 4
HIST 12253 7
HIST 12254 5
HIST 12255 4
HIST 12256 5
HIST 12257 3
HIST 12258 2
HIST 12259 3
HIST 12260 7
HIST 12261 2
HIST 12262 6
HIST 12263 4
HIST 12264 3
HIST 12265 6
HIST 12266 6
HIST 12267 4
HIST 12268 1
HIST 12269 3
HIST 12270 3
HIST 12271 5
HIST 12272 6
HIST 12273 3
HIST 12274 4
HIST 12275 5
HIST 12276 5
HIST 12277 5
HIST 12278 3
HIST 12279 7
HIST 12280 5
HIST 12281 3
HIST 12282 6
HIST 12283 6
HIST 12284 6
HIST 12285 7
HIST 12286 6
HIST 12287 7
HIST 12288 3
HIST 12289 5
HIST 12290 7
HIST 12291 7
HIST 12292 2
HIST 12293 4
HIST 12294 1
HIST 12295 3
HIST 12297 5
HIST 12298 6
HIST 12299 2
HIST 12300 1
HIST 12301 4
HIST 12302 3
HIST 12303 6
HIST 12304 4
HIST 12305 2
HIST 12306 2
HIST 12307 2
HIST 12308 5
HIST 12309 6
HIST 12310 3
HIST 12311 2
HIST 12312 1
HIST 12313 7
HIST 12314 1
HIST 12315 8
HIST 12316 6
HIST 12317 1
HIST 12318 3
HIST 12319 6
HIST 12320 2
HIST 12321 6
HIST 12322 1
HIST 12323 5
HIST 12324 4
HIST 12325 3
HIST 12326 6
HIST 12327 4
HIST 12328 3
HIST 12329 4
HIST 12330 1
HIST 12331 5
HIST 12332 4
HIST 12333 5
HIST 12335 5
HIST 12336 1
HIST 12337 2
HIST 12338 2
HIST 12339 689
HIST 12340 4
HIST 12341 1
HIST 12342 2
HIST 12343 1
HIST 12344 2
HIST 12345 4
HIST 12346 4
HIST 12347 5
HIST 12348 4
HIST 12349 3
HIST 12350 1
HIST 12351 4
HIST 12352 3
HIST 12353 3
HIST 12354 5
HIST 12355 5
HIST 12356 2
HIST 12357 2
HIST 12358 3
HIST 12359 7
HIST 12360 2
HIST 12361 5
HIST 12362 4
HIST 12363 5
HIST 12364 6
HIST 12365 6
HIST 12366 3
HIST 12367 2
HIST 12368 2
HIST 12369 8
HIST 12370 6
HIST 12371 4
HIST 12372 4
HIST 12373 5
HIST 12374 5
HIST 12375 1
HIST 12376 6
HIST 12377 2
HIST 12378 5
HIST 12379 2
HIST 12380 4
HIST 12381 3
HIST 12382 4
HIST 12383 4
HIST 12384 4
HIST 12385 5
HIST 12386 4
HIST 12387 3
HIST 12388 2
HIST 12389 2
HIST 12390 1
HIST 12391 2
HIST 12392 4
HIST 12393 3
HIST 12394 2
HIST 12395 4
HIST 12396 2
HIST 12397 3
HIST 12398 6
HIST 12399 5
HIST 12400 4
HIST 12401 2
HIST 12402 3
HIST 12403 2
HIST 12404 6
HIST 12405 4
HIST 12406 3
HIST 12407 4
HIST 12408 5
HIST 12409 4
HIST 12411 4
HIST 12412 3
HIST 12413 2
HIST 12414 2
HIST 12415 5
HIST 12416 4
HIST 12418 5
HIST 12419 4
HIST 12420 3
HIST 12421 2
HIST 12422 4
HIST 12423 2
HIST 12424 5
HIST 12425 2
HIST 12426 2
HIST 12427 4
HIST 12428 3
HIST 12429 6
HIST 12430 3
HIST 12431 2
HIST 12432 4
HIST 12433 1
HIST 12434 6
HIST 12435 1
HIST 12436 3
HIST 12437 2
HIST 12438 3
HIST 12439 3
HIST 12440 1
HIST 12441 6
HIST 12442 1
HIST 12443 5
HIST 12445 8
HIST 12446 3
HIST 12447 2
HIST 12448 4
HIST 12449 6
HIST 12450 1
HIST 12451 3
HIST 12452 1
HIST 12453 2
HIST 12454 2
HIST 12455 6
HIST 12456 3
HIST 12458 4
HIST 12460 3
HIST 12461 2
HIST 12462 4
HIST 12463 3
HIST 12464 9
HIST 12465 5
HIST 12466 2
HIST 12467 1
HIST 12468 6
HIST 12469 3
HIST 12470 3
HIST 12471 3
HIST 12472 2
HIST 12473 1
HIST 12474 3
HIST 12475 4
HIST 12476 3
HIST 12477 2
HIST 12478 5
HIST 12479 5
HIST 12480 3
HIST 12481 4
HIST 12482 7
HIST 12483 1
HIST 12484 5
HIST 12485 2
HIST 12486 2
HIST 12487 3
HIST 12488 3
HIST 12489 4
HIST 12490 5
HIST 12491 6
HIST 12492 3
HIST 12493 3
HIST 12494 4
HIST 12495 4
HIST 12496 3
HIST 12497 1
HIST 12498 1
HIST 12499 356
HIST 12500 1
HIST 12501 2
HIST 12502 4
HIST 12503 4
HIST 12504 2
HIST 12506 3
HIST 12507 1
HIST 12508 5
HIST 12510 2
HIST 12511 4
HIST 12512 4
HIST 12513 1
HIST 12514 1
HIST 12515 4
HIST 12516 3
HIST 12517 2
HIST 12518 2
HIST 12519 5
HIST 12520 1
HIST 12521 6
HIST 12522 2
HIST 12523 3
HIST 12524 5
HIST 12525 26
HIST 12526 3
HIST 12527 2
HIST 12528 2
HIST 12529 4
HIST 12530 2
HIST 12531 48
HIST 12532 1
HIST 12533 2
HIST 12534 3
HIST 12535 2
HIST 12536 4
HIST 12538 3
HIST 12539 1
HIST 12540 4
HIST 12541 1
HIST 12542 2
HIST 12543 2
HIST 12544 3
HIST 12545 1
HIST 12546 3
HIST 12547 4
HIST 12548 3
HIST 12549 4
HIST 12551 3
HIST 12552 2
HIST 12553 3
HIST 12555 2
HIST 12556 4
HIST 12557 2
HIST 12559 6
HIST 12560 3
HIST 12561 3
HIST 12562 6
HIST 12563 2
HIST 12564 5
HIST 12565 1
HIST 12567 3
HIST 12568 2
HIST 12569 1
HIST 12570 1
HIST 12571 4
HIST 12572 1
HIST 12573 2
HIST 12574 5
HIST 12575 4
HIST 12576 3
HIST 12577 4
HIST 12579 2
HIST 12580 5
HIST 12581 5
HIST 12582 1
HIST 12583 12
HIST 12584 12
HIST 12586 6
HIST 12587 1
HIST 12588 3
HIST 12589 3
HIST 12593 4
HIST 12594 5
HIST 12595 4
HIST 12596 5
HIST 12597 5
HIST 12598 2
HIST 12599 3
HIST 12600 2
HIST 12601 3
HIST 12603 2
HIST 12604 3
HIST 12605 6
HIST 12606 6
HIST 12607 3
HIST 12608 2
HIST 12609 4
HIST 12610 5
HIST 12612 5
HIST 12613 72
HIST 12614 1
HIST 12615 4
HIST 12616 6
HIST 12617 1
HIST 12618 2
HIST 12619 2
HIST 12620 2
HIST 12621 2
HIST 12622 2
HIST 12623 5
HIST 12624 3
HIST 12625 4
HIST 12627 2
HIST 12628 1
HIST 12629 4
HIST 12630 3
HIST 12632 4
HIST 12633 1
HIST 12635 3
HIST 12636 1
HIST 12637 3
HIST 12639 3
HIST 12640 1
HIST 12641 5
HIST 12643 1
HIST 12644 1
HIST 12645 3
HIST 12647 4
HIST 12648 2
HIST 12649 2
HIST 12651 2
HIST 12652 2
HIST 12653 1
HIST 12654 5
HIST 12655 3
HIST 12656 2
HIST 12659 1
HIST 12660 2
HIST 12661 3
HIST 12662 4
HIST 12663 5
HIST 12664 5
HIST 12665 2
HIST 12666 2
HIST 12667 2
HIST 12668 3
HIST 12669 2
HIST 12670 3
HIST 12672 2
HIST 12673 3
HIST 12674 2
HIST 12675 3
HIST 12677 5
HIST 12678 1
HIST 12679 2
HIST 12680 2
HIST 12681 3
HIST 12682 3
HIST 12683 1
HIST 12684 3
HIST 12685 4
HIST 12686 3
HIST 12687 5
HIST 12688 1
HIST 12690 2
HIST 12691 5
HIST 12692 1
HIST 12694 2
HIST 12695 3
HIST 12696 2
HIST 12697 1
HIST 12698 4
HIST 12699 1
HIST 12700 1
HIST 12701 1
HIST 12702 2
HIST 12703 1
HIST 12704 2
HIST 12705 4
HIST 12707 1
HIST 12708 7
HIST 12709 3
HIST 12710 3
HIST 12711 4
HIST 12712 3
HIST 12713 7
HIST 12715 2
HIST 12716 2
HIST 12717 2
HIST 12719 3
HIST 12720 4
HIST 12721 2
HIST 12722 3
HIST 12724 3
HIST 12725 1
HIST 12727 3
HIST 12728 2
HIST 12730 5
HIST 12731 3
HIST 12732 2
HIST 12733 4
HIST 12734 13
HIST 12736 2
HIST 12737 2
HIST 12738 4
HIST 12739 1
HIST 12740 15
HIST 12741 5
HIST 12742 1
HIST 12743 3
HIST 12744 1
HIST 12745 1
HIST 12746 3
HIST 12747 3
HIST 12748 1
HIST 12749 1
HIST 12750 3
HIST 12751 1
HIST 12752 1
HIST 12753 1
HIST 12754 4
HIST 12755 3
HIST 12756 4
HIST 12757 2
HIST 12758 1
HIST 12759 2
HIST 12760 2
HIST 12761 2
HIST 12762 1
HIST 12763 3
HIST 12764 2
HIST 12765 2
HIST 12766 4
HIST 12767 2
HIST 12769 2
HIST 12770 3
HIST 12771 1
HIST 12772 4
HIST 12773 1
HIST 12774 3
HIST 12775 1
HIST 12776 1
HIST 12777 2
HIST 12779 1
HIST 12781 1
HIST 12782 4
HIST 12783 1
HIST 12784 1
HIST 12785 2
HIST 12786 2
HIST 12787 2
HIST 12788 1
HIST 12789 2
HIST 12791 2
HIST 12792 1
HIST 12793 6
HIST 12795 1
HIST 12796 4
HIST 12797 1
HIST 12798 1
HIST 12799 2
HIST 12800 1
HIST 12801 5
HIST 12803 3
HIST 12805 5
HIST 12806 1
HIST 12807 2
HIST 12808 1
HIST 12809 8
HIST 12810 2
HIST 12811 1
HIST 12812 5
HIST 12813 1
HIST 12814 2
HIST 12815 4
HIST 12816 6
HIST 12817 4
HIST 12819 2
HIST 12820 1
HIST 12821 1
HIST 12822 6
HIST 12824 2
HIST 12825 1
HIST 12826 4
HIST 12827 1
HIST 12828 1
HIST 12829 1
HIST 12830 3
HIST 12831 1
HIST 12832 1
HIST 12833 1
HIST 12834 6
HIST 12835 3
HIST 12836 2
HIST 12837 5
HIST 12838 2
HIST 12839 3
HIST 12840 5
HIST 12841 2
HIST 12842 3
HIST 12843 2
HIST 12844 2
HIST 12845 3
HIST 12847 3
HIST 12848 1
HIST 12849 2
HIST 12850 1
HIST 12851 3
HIST 12852 3
HIST 12853 1
HIST 12854 3
HIST 12856 1
HIST 12857 2
HIST 12859 2
HIST 12860 1
HIST 12861 2
HIST 12863 3
HIST 12864 3
HIST 12865 1
HIST 12866 5
HIST 12868 2
HIST 12869 2
HIST 12870 1
HIST 12871 2
HIST 12874 1
HIST 12875 1
HIST 12876 2
HIST 12878 1
HIST 12879 2
HIST 12880 2
HIST 12881 1
HIST 12882 1
HIST 12883 2
HIST 12884 1
HIST 12885 2
HIST 12886 4
HIST 12887 3
HIST 12888 1
HIST 12889 1
HIST 12890 2
HIST 12891 2
HIST 12892 1
HIST 12893 1
HIST 12894 1
HIST 12895 7
HIST 12896 2
HIST 12898 2
HIST 12899 1
HIST 12900 2
HIST 12901 12
HIST 12902 1
HIST 12903 1
HIST 12904 1
HIST 12905 2
HIST 12907 2
HIST 12908 3
HIST 12910 2
HIST 12911 2
HIST 12912 2
HIST 12913 2
HIST 12914 1
HIST 12915 3
HIST 12916 2
HIST 12917 2
HIST 12918 2
HIST 12919 2
HIST 12920 3
HIST 12921 1
HIST 12922 1
HIST 12924 2
HIST 12927 4
HIST 12928 206
HIST 12929 1
HIST 12930 2
HIST 12932 3
HIST 12934 2
HIST 12935 1
HIST 12936 6
HIST 12937 2
HIST 12938 1
HIST 12939 1
HIST 12940 1
HIST 12943 1
HIST 12944 2
HIST 12945 2
HIST 12946 4
HIST 12947 3
HIST 12948 1
HIST 12949 2
HIST 12950 1
HIST 12951 4
HIST 12952 4
HIST 12953 1
HIST 12954 3
HIST 12955 1
HIST 12956 1
HIST 12958 3
HIST 12959 1
HIST 12960 3
HIST 12963 3
HIST 12964 1
HIST 12965 1
HIST 12966 2
HIST 12967 1
HIST 12968 2
HIST 12969 1
HIST 12970 3
HIST 12972 1
HIST 12973 1
HIST 12974 2
HIST 12975 1
HIST 12976 2
HIST 12977 2
HIST 12978 2
HIST 12979 1
HIST 12983 3
HIST 12984 2
HIST 12985 1
HIST 12987 2
HIST 12988 1
HIST 12989 2
HIST 12990 1
HIST 12991 2728
HIST 12992 3
HIST 12993 1
HIST 12994 2
HIST 12996 1
HIST 12997 2
HIST 12998 3
HIST 12999 2
HIST 13000 2
HIST 13001 1
HIST 13003 4
HIST 13004 4
HIST 13005 2
HIST 13006 2
HIST 13007 4
HIST 13008 3
HIST 13010 3
HIST 13011 4
HIST 13012 1
HIST 13013 1
HIST 13014 1
HIST 13018 2
HIST 13020 1
HIST 13021 1
HIST 13022 1
HIST 13023 1
HIST 13024 1
HIST 13025 3
HIST 13027 2
HIST 13028 1
HIST 13030 5
HIST 13031 2
HIST 13033 1
HIST 13034 2
HIST 13035 2
HIST 13036 1
HIST 13037 2
HIST 13038 4
HIST 13039 2
HIST 13041 2
HIST 13042 1
HIST 13043 2
HIST 13044 1
HIST 13045 2
HIST 13046 1
HIST 13047 1
HIST 13048 1
HIST 13049 1
HIST 13050 1
HIST 13054 3
HIST 13055 2
HIST 13057 2
HIST 13058 4
HIST 13059 2
HIST 13060 1
HIST 13061 1
HIST 13062 2
HIST 13063 1
HIST 13064 3
HIST 13065 1
HIST 13066 2
HIST 13067 1
HIST 13068 2
HIST 13069 1
HIST 13070 2
HIST 13071 2
HIST 13072 3
HIST 13073 3
HIST 13074 2
HIST 13076 1
HIST 13077 3
HIST 13078 1
HIST 13079 1
HIST 13081 2
HIST 13082 2
HIST 13083 7
HIST 13084 2
HIST 13086 3
HIST 13087 1
HIST 13088 3
HIST 13089 2
HIST 13091 3
HIST 13092 3
HIST 13093 2
HIST 13094 1
HIST 13095 2
HIST 13096 2
HIST 13097 3
HIST 13099 1
HIST 13100 5
HIST 13101 2
HIST 13102 3
HIST 13103 1
HIST 13104 1
HIST 13105 2
HIST 13106 1
HIST 13107 1
HIST 13108 2
HIST 13109 1
HIST 13110 1
HIST 13111 2
HIST 13113 2
HIST 13114 1
HIST 13115 1
HIST 13117 1
HIST 13118 2
HIST 13119 1
HIST 13120 1
HIST 13122 1
HIST 13123 1
HIST 13124 2
HIST 13125 1
HIST 13126 1
HIST 13127 1
HIST 13129 1
HIST 13130 1
HIST 13131 4
HIST 13132 4
HIST 13133 3
HIST 13134 1
HIST 13135 2
HIST 13136 2
HIST 13137 1
HIST 13138 3
HIST 13139 3
HIST 13141 1
HIST 13142 1
HIST 13144 1
HIST 13145 3
HIST 13146 7
HIST 13147 3
HIST 13150 1
HIST 13151 2
HIST 13152 2
HIST 13154 2
HIST 13156 7
HIST 13158 2
HIST 13160 2
HIST 13161 1
HIST 13162 4
HIST 13163 1
HIST 13164 3
HIST 13165 2
HIST 13166 1
HIST 13167 2
HIST 13168 1
HIST 13169 1
HIST 13170 1
HIST 13171 1
HIST 13172 3
HIST 13173 1
HIST 13174 2
HIST 13176 2
HIST 13177 2
HIST 13178 1
HIST 13179 1
HIST 13180 1
HIST 13181 3
HIST 13182 1
HIST 13183 1
HIST 13184 3
HIST 13185 3
HIST 13186 2
HIST 13188 1
HIST 13189 1
HIST 13190 6
HIST 13191 1
HIST 13192 1
HIST 13193 1
HIST 13194 3
HIST 13196 1
HIST 13199 1
HIST 13201 1
HIST 13204 2
HIST 13205 2
HIST 13206 1
HIST 13207 1
HIST 13209 1
HIST 13211 4
HIST 13213 1
HIST 13214 1
HIST 13215 1
HIST 13217 1
HIST 13218 2
HIST 13219 1
HIST 13223 1
HIST 13225 2
HIST 13226 1
HIST 13228 4
HIST 13229 1
HIST 13230 1
HIST 13232 1
HIST 13234 1
HIST 13235 2
HIST 13236 2
HIST 13237 1
HIST 13244 1
HIST 13245 2
HIST 13246 2
HIST 13247 1
HIST 13248 2
HIST 13249 1
HIST 13251 1
HIST 13252 2
HIST 13253 2
HIST 13255 2
HIST 13257 1
HIST 13258 2
HIST 13259 3
HIST 13260 3
HIST 13261 1
HIST 13263 2
HIST 13266 2
HIST 13267 3
HIST 13268 3
HIST 13269 2
HIST 13270 2
HIST 13271 3
HIST 13274 1
HIST 13275 1
HIST 13276 4
HIST 13277 1
HIST 13278 2
HIST 13280 2
HIST 13283 1
HIST 13284 2
HIST 13286 1
HIST 13288 1
HIST 13289 4
HIST 13290 2
HIST 13293 1
HIST 13294 3
HIST 13296 2
HIST 13297 1
HIST 13299 1
HIST 13300 1
HIST 13301 2
HIST 13303 2
HIST 13307 1
HIST 13308 1
HIST 13309 1
HIST 13311 3
HIST 13312 1
HIST 13313 2
HIST 13314 2
HIST 13315 1
HIST 13317 1
HIST 13318 2
HIST 13323 5
HIST 13325 1
HIST 13326 1
HIST 13328 3
HIST 13329 2
HIST 13332 2
HIST 13333 1
HIST 13334 1
HIST 13335 1
HIST 13336 1
HIST 13338 1
HIST 13340 2
HIST 13342 1
HIST 13343 1
HIST 13344 2
HIST 13346 1
HIST 13347 67
HIST 13348 1
HIST 13352 1
HIST 13353 1
HIST 13357 3
HIST 13358 2
HIST 13359 1
HIST 13360 2
HIST 13361 1
HIST 13363 2
HIST 13364 2
HIST 13365 2
HIST 13366 1
HIST 13367 1
HIST 13370 3
HIST 13371 1
HIST 13374 1
HIST 13375 1
HIST 13376 1
HIST 13378 2
HIST 13381 1
HIST 13382 1
HIST 13383 2
HIST 13385 3
HIST 13386 2
HIST 13390 2
HIST 13393 1
HIST 13394 2
HIST 13395 2
HIST 13396 1
HIST 13397 2
HIST 13402 1
HIST 13404 1
HIST 13405 1
HIST 13406 2
HIST 13408 1
HIST 13409 2
HIST 13413 2
HIST 13414 2
HIST 13416 1
HIST 13417 1
HIST 13418 3
HIST 13419 1
HIST 13420 1
HIST 13422 1
HIST 13426 1
HIST 13427 3
HIST 13428 2
HIST 13429 1
HIST 13430 1
HIST 13431 1
HIST 13432 1
HIST 13433 1
HIST 13435 4
HIST 13436 1
HIST 13437 1
HIST 13438 1
HIST 13439 3
HIST 13440 1
HIST 13442 2
HIST 13445 1
HIST 13446 1
HIST 13448 1
HIST 13449 1
HIST 13450 1
HIST 13451 1
HIST 13452 1
HIST 13454 1
HIST 13456 2
HIST 13458 3
HIST 13459 1
HIST 13460 1
HIST 13463 2
HIST 13464 1
HIST 13465 1
HIST 13466 1
HIST 13468 1
HIST 13469 1
HIST 13473 1
HIST 13475 1
HIST 13477 3
HIST 13479 1
HIST 13481 26
HIST 13482 1
HIST 13483 1
HIST 13485 1
HIST 13486 1
HIST 13487 1
HIST 13488 1
HIST 13491 1
HIST 13493 2
HIST 13494 4
HIST 13495 1
HIST 13496 2
HIST 13497 2
HIST 13498 1
HIST 13500 1
HIST 13502 2
HIST 13503 1
HIST 13505 2
HIST 13506 2
HIST 13507 1
HIST 13508 1
HIST 13509 1
HIST 13513 1
HIST 13514 1
HIST 13515 1
HIST 13519 1
HIST 13520 1
HIST 13523 1
HIST 13524 1
HIST 13525 1
HIST 13526 1
HIST 13528 3
HIST 13530 1
HIST 13531 1
HIST 13533 2
HIST 13535 1
HIST 13537 3
HIST 13538 1
HIST 13540 1
HIST 13543 1
HIST 13546 1
HIST 13549 1
HIST 13551 3
HIST 13553 1
HIST 13556 1
HIST 13557 2
HIST 13558 2
HIST 13559 1
HIST 13560 1
HIST 13561 2
HIST 13563 1
HIST 13564 1
HIST 13565 2
HIST 13566 1
HIST 13568 3
HIST 13569 2
HIST 13570 1
HIST 13571 1
HIST 13573 2
HIST 13577 1
HIST 13578 1
HIST 13580 4
HIST 13581 1
HIST 13582 2
HIST 13583 1
HIST 13584 1
HIST 13585 2
HIST 13587 1
HIST 13589 1
HIST 13591 1
HIST 13593 1
HIST 13594 1
HIST 13595 1
HIST 13596 1
HIST 13598 3
HIST 13600 2
HIST 13603 1
HIST 13604 1
HIST 13606 1
HIST 13607 1
HIST 13609 1
HIST 13612 2
HIST 13613 2
HIST 13615 1
HIST 13616 2
HIST 13618 1
HIST 13620 1
HIST 13623 1
HIST 13625 2
HIST 13630 1
HIST 13631 2
HIST 13632 3
HIST 13636 1
HIST 13637 36
HIST 13640 2
HIST 13641 2
HIST 13642 1
HIST 13643 1
HIST 13644 1
HIST 13645 3
HIST 13647 2
HIST 13648 4
HIST 13652 2
HIST 13654 2
HIST 13657 1
HIST 13659 1
HIST 13660 2
HIST 13662 1
HIST 13663 1
HIST 13667 1
HIST 13668 1
HIST 13669 3
HIST 13672 1
HIST 13673 1
HIST 13675 1
HIST 13676 1
HIST 13677 2
HIST 13678 2
HIST 13679 1
HIST 13680 2
HIST 13681 1
HIST 13683 2
HIST 13688 2
HIST 13691 1
HIST 13696 1
HIST 13697 2
HIST 13698 4
HIST 13699 1
HIST 13703 1
HIST 13707 2
HIST 13710 2
HIST 13712 4
HIST 13713 1
HIST 13716 1
HIST 13717 10
HIST 13721 2
HIST 13722 1
HIST 13727 2
HIST 13731 1
HIST 13732 1
HIST 13733 1
HIST 13736 1
HIST 13738 3
HIST 13744 1
HIST 13746 1
HIST 13747 1
HIST 13748 2
HIST 13749 4
HIST 13750 8
HIST 13752 2
HIST 13753 1
HIST 13754 1
HIST 13755 1
HIST 13756 1
HIST 13757 18
HIST 13758 8
HIST 13759 1
HIST 13760 1
HIST 13761 1
HIST 13764 2
HIST 13766 1
HIST 13767 1
HIST 13770 3
HIST 13771 1
HIST 13772 1
HIST 13773 1
HIST 13774 1
HIST 13781 2
HIST 13782 1
HIST 13784 1
HIST 13786 1
HIST 13790 1
HIST 13791 1
HIST 13794 59
HIST 13797 26
HIST 13798 1
HIST 13800 2
HIST 13807 1
HIST 13808 1
HIST 13811 2
HIST 13816 1
HIST 13824 1
HIST 13830 1
HIST 13840 1
HIST 13841 1
HIST 13842 1
HIST 13844 1
HIST 13845 1
HIST 13848 1
HIST 13851 1
HIST 13853 2
HIST 13859 1
HIST 13861 1
HIST 13867 1
HIST 13869 2
HIST 13870 1
HIST 13872 1
HIST 13873 1
HIST 13874 3
HIST 13875 3
HIST 13877 1
HIST 13880 1
HIST 13882 2
HIST 13885 1
HIST 13886 2
HIST 13887 3
HIST 13888 2
HIST 13891 2
HIST 13894 2
HIST 13897 1
HIST 13898 1
HIST 13900 1
HIST 13901 2
HIST 13904 2
HIST 13905 8
HIST 13908 1
HIST 13911 1
HIST 13913 1
HIST 13914 1
HIST 13917 1
HIST 13921 1
HIST 13922 1
HIST 13925 1
HIST 13941 1
HIST 13944 1
HIST 13945 2
HIST 13948 1
HIST 13950 1
HIST 13954 2
HIST 13957 1
HIST 13960 1
HIST 13963 1
HIST 13966 1
HIST 13967 1
HIST 13970 1
HIST 13975 1
HIST 13976 1
HIST 13980 1
HIST 13981 1
HIST 13984 1
HIST 13985 1
HIST 13989 1
HIST 13993 1
HIST 14001 1
HIST 14003 1
HIST 14007 1
HIST 14012 1
HIST 14013 1
HIST 14017 2
HIST 14018 1
HIST 14021 1
HIST 14022 2
HIST 14026 1
HIST 14027 2
HIST 14031 1
HIST 14033 2
HIST 14040 1
HIST 14044 1
HIST 14045 2
HIST 14046 1
HIST 14049 2
HIST 14050 4
HIST 14051 1
HIST 14054 2
HIST 14056 3
HIST 14059 1
HIST 14061 2
HIST 14063 1
HIST 14066 1
HIST 14067 1
HIST 14068 1
HIST 14069 1
HIST 14070 2
HIST 14073 1
HIST 14076 1
HIST 14077 1
HIST 14080 31938
HIST 14086 1
HIST 14090 1
HIST 14095 1
HIST 14097 1
HIST 14106 1
HIST 14107 1
HIST 14109 1
HIST 14113 1
HIST 14124 1
HIST 14126 1
HIST 14127 1
HIST 14130 1
HIST 14131 3
HIST 14132 1
HIST 14134 1
HIST 14136 1
HIST 14137 2
HIST 14145 1
HIST 14146 1
HIST 14152 3
HIST 14153 21
HIST 14155 1
HIST 14157 1
HIST 14159 19
HIST 14160 1
HIST 14163 1
HIST 14165 1
HIST 14166 1
HIST 14168 2
HIST 14173 1
HIST 14174 1
HIST 14183 1
HIST 14184 1
HIST 14185 2
HIST 14186 1
HIST 14187 1
HIST 14188 2
HIST 14190 60
HIST 14193 34
HIST 14196 85
HIST 14197 1
HIST 14199 42
HIST 14202 1
HIST 14203 1
HIST 14205 3
HIST 14206 1
HIST 14211 4
HIST 14212 2
HIST 14216 1
HIST 14217 1
HIST 14218 3
HIST 14221 2
HIST 14223 1
HIST 14224 1
HIST 14225 1
HIST 14226 1
HIST 14229 1
HIST 14237 3
HIST 14239 1
HIST 14241 1
HIST 14242 1
HIST 14247 10
HIST 14249 14
HIST 14251 4
HIST 14252 7
HIST 14254 1
HIST 14258 1
HIST 14259 2
HIST 14260 10
HIST 14263 4
HIST 14268 1
HIST 14273 2
HIST 14275 1
HIST 14280 1
HIST 14289 1
HIST 14290 1
HIST 14293 2
HIST 14294 1
HIST 14297 1
HIST 14301 2
HIST 14309 1
HIST 14317 1
HIST 14324 1
HIST 14331 3
HIST 14335 1
HIST 14336 1
HIST 14340 130
HIST 14351 1
HIST 14353 1
HIST 14359 1
HIST 14367 1
HIST 14376 1
HIST 14378 2
HIST 14381 1
HIST 14384 1
HIST 14387 1
HIST 14392 1
HIST 14397 1
HIST 14404 1
HIST 14412 1
HIST 14413 1
HIST 14417 1
HIST 14419 2
HIST 14420 1
HIST 14428 1
HIST 14431 2
HIST 14433 1
HIST 14434 1
HIST 14435 1
HIST 14440 1
HIST 14445 1
HIST 14447 3
HIST 14448 1
HIST 14449 1
HIST 14450 1
HIST 14451 1
HIST 14452 1
HIST 14453 2
HIST 14454 1
HIST 14455 4
HIST 14456 4
HIST 14457 4
HIST 14458 3
HIST 14459 2
HIST 14460 3
HIST 14462 5
HIST 14464 2
HIST 14466 1
HIST 14467 4
HIST 14468 1
HIST 14469 6
HIST 14470 4
HIST 14471 4
HIST 14472 3
HIST 14473 5
HIST 14474 2
HIST 14475 2
HIST 14476 373
HIST 14477 2
HIST 14478 4
HIST 14479 3
HIST 14480 2
HIST 14481 4
HIST 14482 643
HIST 14492 1
HIST 14493 2
HIST 14494 1
HIST 14504 1
HIST 14505 1
HIST 14506 1
HIST 14507 2
HIST 14508 1
HIST 14509 1
HIST 14515 1
HIST 14518 2
HIST 14519 2
HIST 14522 1
HIST 14523 2
HIST 14525 2
HIST 14528 1
HIST 14529 2
HIST 14531 1
HIST 14533 3
HIST 14534 90
HIST 14535 136
HIST 14536 1
HIST 14538 4
HIST 14543 1
HIST 14546 52
HIST 14549 19
HIST 14555 5
HIST 14569 1
HIST 14571 1
HIST 14576 839
HIST 14582 1
HIST 14591 1
HIST 14592 1
HIST 14597 2
HIST 14610 1
HIST 14623 1
HIST 14628 1
HIST 14648 1
HIST 14653 1
HIST 14655 1
HIST 14668 1
HIST 14689 2
HIST 14692 2
HIST 14695 1
HIST 14698 1
HIST 14699 1
HIST 14704 1
HIST 14711 1
HIST 14716 1
HIST 14717 1
HIST 14723 1
HIST 14724 1
HIST 14739 1
HIST 14742 1
HIST 14757 1
HIST 14798 1
HIST 14808 1
HIST 14810 1
HIST 14813 1
HIST 14818 1
HIST 14822 1
HIST 14842 1
HIST 14855 2
HIST 14871 1
HIST 14877 7
HIST 14880 1
HIST 14883 5
HIST 14889 1
HIST 14894 1
HIST 14911 1
HIST 14915 1
HIST 14921 1
HIST 14922 1
HIST 14930 1
HIST 14932 1
HIST 14948 2
HIST 14955 1
HIST 14962 1
HIST 14968 1
HIST 14972 13
HIST 14975 3
HIST 14976 2
HIST 14978 22
HIST 14993 1
HIST 14994 2
HIST 14996 1
HIST 15012 15
HIST 15015 5
HIST 15019 1
HIST 15020 1
HIST 15030 2
HIST 15031 6
HIST 15041 1
HIST 15043 2
HIST 15049 1
HIST 15061 1
HIST 15068 1
HIST 15071 1
HIST 15078 1
HIST 15080 1
HIST 15081 1
HIST 15082 1
HIST 15084 1
HIST 15090 1
HIST 15094 1
HIST 15103 1
HIST 15107 2
HIST 15120 1
HIST 15122 2
HIST 15126 1
HIST 15129 1
HIST 15142 1
HIST 15145 1
HIST 15146 1
HIST 15149 1
HIST 15150 1
HIST 15156 1
HIST 15158 1
HIST 15160 1
HIST 15167 1
HIST 15177 1
HIST 15188 2
HIST 15201 1
HIST 15207 1
HIST 15213 1
HIST 15214 1
HIST 15216 2
HIST 15217 1
HIST 15219 1
HIST 15221 1
HIST 15226 1
HIST 15230 2
HIST 15235 1
HIST 15238 2
HIST 15241 1
HIST 15245 1
HIST 15247 1
HIST 15248 2
HIST 15249 1
HIST 15253 1
HIST 15261 1
HIST 15262 1
HIST 15264 2
HIST 15266 2
HIST 15269 1
HIST 15278 1
HIST 15279 1
HIST 15280 423
HIST 15281 2
HIST 15282 2
HIST 15286 1
HIST 15288 2
HIST 15291 1
HIST 15292 1
HIST 15296 2
HIST 15298 928
HIST 15311 1
HIST 15350 1
HIST 15371 1
HIST 15374 1
HIST 15377 1
HIST 15390 2
HIST 15396 5
HIST 15397 1
HIST 15407 3
HIST 15414 2
HIST 15417 1
HIST 15449 1
HIST 15478 1
HIST 15502 2
HIST 15535 1
HIST 15545 2
HIST 15576 1
HIST 15580 1
HIST 15625 1
HIST 15634 1
HIST 15647 1
HIST 15657 1
HIST 15658 1
HIST 15667 1
HIST 15670 1
HIST 15676 4
HIST 15679 1
HIST 15682 8
HIST 15687 1
HIST 15694 8
HIST 15700 7
HIST 15735 1
HIST 15751 1
HIST 15753 5
HIST 15759 1
HIST 15761 1
HIST 15764 1
HIST 15794 31
HIST 16056 16
HIST 16060 1
HIST 16084 11
HIST 16148 1
HIST 16184 1
HIST 16286 1
HIST 16352 1
HIST 16428 1
HIST 16434 94
HIST 16473 11
HIST 16480 1
HIST 16498 22
HIST 16869 1
HIST 16924 1
HIST 17087 1
HIST 17691 12
HIST 17791 1
HISTEND
EMITBEGIN events=20000000 bin_kev=0.01
EMIT 0.02 12
EMIT 0.07 67
EMIT 0.09 472
EMIT 0.10 2
EMIT 0.11 1961
EMIT 0.12 51
EMIT 0.13 218
EMIT 0.14 2299
EMIT 0.15 32
EMIT 0.17 25
EMIT 0.20 411
EMIT 0.22 2
EMIT 0.23 522
EMIT 0.26 6
EMIT 0.29 404
EMIT 0.31 155
EMIT 0.32 2101
EMIT 0.34 20
EMIT 0.35 1
EMIT 0.38 50
EMIT 0.42 2259
EMIT 0.46 16
EMIT 0.61 4
EMIT 0.84 122750
EMIT 0.86 6285
EMIT 0.92 1350
EMIT 0.95 59
EMIT 0.99 2179
EMIT 1.06 20186
EMIT 1.08 36692
EMIT 1.09 1084
EMIT 1.10 15414
EMIT 1.11 16
EMIT 1.16 53
EMIT 1.17 195
EMIT 1.18 664
EMIT 1.19 1858
EMIT 1.20 108
EMIT 1.21 376
EMIT 1.27 20350
EMIT 1.31 30
EMIT 1.36 896
EMIT 1.38 27
EMIT 1.39 9062
EMIT 1.42 845
EMIT 1.45 961
EMIT 1.48 303
EMIT 1.49 8
EMIT 1.52 128
EMIT 1.55 6
EMIT 1.59 14
EMIT 1.63 2
EMIT 1.67 365
EMIT 1.83 4
EMIT 5.01 102818
EMIT 5.18 688
EMIT 5.30 596
EMIT 5.38 1207
EMIT 5.56 6
EMIT 5.59 67455
EMIT 5.60 67258
EMIT 5.62 1225013
EMIT 5.70 8
EMIT 5.91 622
EMIT 6.01 1603
EMIT 6.04 14765
EMIT 6.08 369
EMIT 6.17 61573
EMIT 6.21 796482
EMIT 6.29 89718
EMIT 6.37 12791
EMIT 6.41 5
EMIT 6.43 87
EMIT 6.46 93
EMIT 6.57 221416
EMIT 6.59 1207
EMIT 6.62 1774
EMIT 6.66 2932
EMIT 6.68 48
EMIT 6.70 133
EMIT 6.72 10514
EMIT 6.81 922
EMIT 6.86 169
EMIT 6.96 1
EMIT 6.98 5678
EMIT 7.07 121
EMIT 7.08 271
EMIT 7.09 2569
EMIT 7.12 10
EMIT 7.15 22
EMIT 7.18 137400
EMIT 7.19 20
EMIT 7.23 4
EMIT 7.27 909
EMIT 7.29 32
EMIT 7.31 69
EMIT 7.42 14470
EMIT 7.45 21935
EMIT 7.56 157
EMIT 7.57 336
EMIT 7.67 2080
EMIT 7.68 3083
EMIT 7.78 1830
EMIT 7.89 15
EMIT 7.92 1
EMIT 7.93 2
EMIT 8.04 149
EMIT 8.07 215
EMIT 8.19 9
EMIT 8.31 14
EMIT 8.32 34
EMIT 39.56 4230289
EMIT 40.17 7653086
EMIT 42.36 50186
EMIT 43.06 90211
EMIT 45.34 767290
EMIT 45.47 1486052
EMIT 45.76 10731
EMIT 45.79 14500
EMIT 46.60 166112
EMIT 46.63 322589
EMIT 46.73 2413
EMIT 46.74 3064
EMIT 46.85 100723
EMIT 48.62 9022
EMIT 48.76 17879
EMIT 49.07 154
EMIT 49.10 179
EMIT 49.99 2102
EMIT 50.02 3742
EMIT 50.14 27
EMIT 50.15 41
EMIT 50.27 1305
EMIT 117.25 12
EMIT 119.48 112
EMIT 121.78 5695098
EMIT 125.70 1008
EMIT 137.87 133
EMIT 148.02 3999
EMIT 150.09 170
EMIT 152.90 4
EMIT 159.06 80
EMIT 173.04 71
EMIT 175.15 235
EMIT 178.66 199
EMIT 192.64 1338
EMIT 195.23 377
EMIT 206.93 218
EMIT 207.69 1517
EMIT 209.21 28
EMIT 209.40 235
EMIT 209.93 818
EMIT 210.89 731
EMIT 212.52 4232
EMIT 237.03 1286
EMIT 239.33 1076
EMIT 241.16 93
EMIT 244.70 1502753
EMIT 251.65 13591
EMIT 269.80 1598
EMIT 271.11 15641
EMIT 272.39 119
EMIT 275.39 6996
EMIT 285.89 1956
EMIT 286.66 249
EMIT 287.19 154
EMIT 295.94 88271
EMIT 315.16 8023
EMIT 316.04 1968
EMIT 320.13 368
EMIT 324.82 13626
EMIT 325.00 919
EMIT 328.80 714
EMIT 329.41 24128
EMIT 330.61 1801
EMIT 340.45 5984
EMIT 344.28 5316840
EMIT 345.57 1971
EMIT 348.76 339
EMIT 351.70 1937
EMIT 353.81 231
EMIT 357.06 1267
EMIT 358.47 320
EMIT 367.79 170853
EMIT 379.04 47
EMIT 385.27 1088
EMIT 387.87 391
EMIT 391.26 296
EMIT 397.40 63
EMIT 401.09 114
EMIT 411.12 448195
EMIT 415.97 21654
EMIT 423.41 606
EMIT 440.96 1272
EMIT 443.96 563940
EMIT 443.97 58676
EMIT 464.23 97
EMIT 476.36 325
EMIT 482.32 4846
EMIT 482.42 445
EMIT 488.68 83563
EMIT 493.59 5952
EMIT 493.82 2034
EMIT 496.34 1187
EMIT 496.41 1185
EMIT 503.47 30120
EMIT 514.71 77
EMIT 520.23 10321
EMIT 523.14 3114
EMIT 526.85 2128
EMIT 527.06 29
EMIT 534.21 8174
EMIT 535.27 284
EMIT 538.31 901
EMIT 556.46 3599
EMIT 557.81 577
EMIT 561.28 277
EMIT 562.97 4162
EMIT 563.02 66
EMIT 563.99 98135
EMIT 566.44 26235
EMIT 571.78 839
EMIT 586.26 89674
EMIT 588.17 107
EMIT 589.93 267
EMIT 608.02 57
EMIT 608.71 219
EMIT 616.07 1877
EMIT 644.36 1360
EMIT 656.49 29318
EMIT 664.81 1995
EMIT 671.16 4919
EMIT 674.64 34321
EMIT 675.06 4184
EMIT 678.62 94440
EMIT 683.29 887
EMIT 686.47 4148
EMIT 688.67 168223
EMIT 699.23 35
EMIT 703.03 784
EMIT 703.52 541
EMIT 707.23 290
EMIT 712.87 18927
EMIT 719.35 18795
EMIT 719.36 50078
EMIT 728.01 2096
EMIT 734.03 193
EMIT 735.44 942
EMIT 738.00 170
EMIT 756.15 772
EMIT 764.92 38854
EMIT 766.84 134
EMIT 768.97 16531
EMIT 778.90 2579179
EMIT 780.91 116
EMIT 794.76 4773
EMIT 802.44 90
EMIT 805.77 2838
EMIT 810.45 62685
EMIT 813.20 821
EMIT 839.38 3565
EMIT 841.57 33241
EMIT 850.21 159
EMIT 855.16 409
EMIT 867.38 831403
EMIT 901.19 17057
EMIT 905.97 1871
EMIT 919.34 84651
EMIT 919.75 1251
EMIT 926.29 54447
EMIT 930.54 14338
EMIT 937.02 659
EMIT 946.54 243
EMIT 958.68 3509
EMIT 961.06 1456
EMIT 963.35 27644
EMIT 964.06 2897771
EMIT 968.66 1536
EMIT 970.33 282
EMIT 974.13 2728
EMIT 990.22 5662
EMIT 1005.25 129660
EMIT 1050.07 151
EMIT 1084.38 2007
EMIT 1085.84 2022934
EMIT 1089.74 345667
EMIT 1109.20 36047
EMIT 1112.08 2689520
EMIT 1170.99 7500
EMIT 1205.88 2926
EMIT 1212.94 284579
EMIT 1246.42 191
EMIT 1249.95 36244
EMIT 1261.32 7065
EMIT 1292.77 19948
EMIT 1299.13 327080
EMIT 1314.61 456
EMIT 1315.58 719
EMIT 1318.41 292
EMIT 1348.13 3261
EMIT 1363.72 5069
EMIT 1390.51 871
EMIT 1408.01 4167672
EMIT 1455.54 738
EMIT 1457.64 99707
EMIT 1491.11 118
EMIT 1528.04 55684
EMIT 1605.60 1662
EMIT 1608.41 1073
EMIT 1635.21 41
EMIT 1647.34 1325
EMIT 1769.12 1733
EMITEND
TAG window=1123.200 total=1429 distinct=92
TAGSIG window=1123.200 n=1162 sig=778.9*+344.3*
TAGSIG window=1123.200 n=21 sig=1112.1*+121.8+39.6
TAGSIG window=1123.200 n=16 sig=1112.1*+40.2+39.6
TAGSIG window=1123.200 n=16 sig=1408.0+121.8+40.2
TAGSIG window=1123.200 n=16 sig=1112.1*+121.8+40.2
TAGSIG window=1123.200 n=16 sig=1112.1*+40.2+40.2
TAGSIG window=1123.200 n=13 sig=1112.1*+39.6
TAGSIG window=1123.200 n=12 sig=1408.0+121.8
TAGSIG window=1123.200 n=11 sig=1112.1*+40.2
TAGSIG window=1123.200 n=11 sig=1408.0+40.2
TAGSIG window=1123.200 n=9 sig=411.1*+367.8*+344.3*
TAGSIG window=1123.200 n=5 sig=1112.1*+39.6+39.6
TAGSIG window=1123.200 n=5 sig=1112.1*+121.8+39.6+6.2
TAGSIG window=1123.200 n=5 sig=1408.0+121.8+39.6
TAGSIG window=1123.200 n=4 sig=1085.8*+39.6
TAGSIG window=1123.200 n=4 sig=1408.0
TAGSIG window=1123.200 n=3 sig=1112.1*+39.6+6.2
TAGSIG window=1123.200 n=3 sig=778.9*+520.2+344.3*
TAGSIG window=1123.200 n=3 sig=1408.0+121.8+39.6+6.2
TAGSIG window=1123.200 n=3 sig=1408.0+121.8+40.2+5.6
TAGSIG window=1123.200 n=3 sig=1408.0+121.8+45.3
TAGSIG window=1123.200 n=3 sig=1408.0+121.8+45.5
TAGSIG window=1123.200 n=3 sig=1085.8*+40.2
TAGSIG window=1123.200 n=3 sig=1112.1*+121.8+40.2+5.6
TAGSIG window=1123.200 n=3 sig=1112.1*+40.2+40.2+5.6
TAGSIG window=1123.200 n=2 sig=1112.1*+40.2+40.2+5.6+5.6
TAGSIG window=1123.200 n=2 sig=1408.0+39.6
TAGSIG window=1123.200 n=2 sig=1408.0+39.6+39.6
TAGSIG window=1123.200 n=2 sig=1112.1*+40.2+39.6+5.6
TAGSIG window=1123.200 n=2 sig=1408.0+5.6
TAGSIG window=1123.200 n=2 sig=1408.0+45.5+40.2
TAGSIG window=1123.200 n=2 sig=1112.1*+39.6+39.6+6.2
TAGSIG window=1123.200 n=2 sig=1112.1*+40.2+39.6+6.2
TAGSIG window=1123.200 n=2 sig=1112.1*+45.5+40.2
TAGSIG window=1123.200 n=1 sig=1112.1*+416.0+39.6+39.6
TAGSIG window=1123.200 n=1 sig=1112.1*+45.3+39.6
TAGSIG window=1123.200 n=1 sig=1112.1*+45.3+40.2+5.6
TAGSIG window=1123.200 n=1 sig=1112.1*+45.5+39.6
TAGSIG window=1123.200 n=1 sig=1112.1*+45.8+40.2
TAGSIG window=1123.200 n=1 sig=1112.1*+46.6+39.6
TAGSIG window=1123.200 n=1 sig=1112.1+39.6*+39.6
TAGSIG window=1123.200 n=1 sig=1112.1+39.6*+5.6
TAGSIG window=1123.200 n=1 sig=1112.1+40.2*
TAGSIG window=1123.200 n=1 sig=1212.9+244.7+121.8+39.6
TAGSIG window=1123.200 n=1 sig=1212.9+244.7+39.6
TAGSIG window=1123.200 n=1 sig=1299.1+344.3
TAGSIG window=1123.200 n=1 sig=1408.0+121.8*
TAGSIG window=1123.200 n=1 sig=1408.0+121.8*+40.2
TAGSIG window=1123.200 n=1 sig=1085.8*+564.0+39.6
TAGSIG window=1123.200 n=1 sig=1112.1*+121.8+39.6+5.0
TAGSIG window=1123.200 n=1 sig=1112.1*+121.8+39.6+7.2
TAGSIG window=1123.200 n=1 sig=1408.0+121.8+40.2*
TAGSIG window=1123.200 n=1 sig=1112.1*+121.8+40.2+6.6
TAGSIG window=1123.200 n=1 sig=1112.1*+295.9+121.8+45.5
TAGSIG window=1123.200 n=1 sig=1112.1*+39.6+5.6
TAGSIG window=1123.200 n=1 sig=1408.0+121.8+46.6
TAGSIG window=1123.200 n=1 sig=1408.0+121.8+5.6
TAGSIG window=1123.200 n=1 sig=1408.0+121.8+6.3
TAGSIG window=1123.200 n=1 sig=1112.1*+39.6+6.6
TAGSIG window=1123.200 n=1 sig=1112.1*+39.6+7.2
TAGFULL window=1123.200 n=1165 full=778.9+344.3
TAGFULL window=1123.200 n=141 full=1112.1
TAGFULL window=1123.200 n=93 full=-
TAGFULL window=1123.200 n=9 full=411.1+367.8+344.3
TAGFULL window=1123.200 n=8 full=1085.8
TAGFULL window=1123.200 n=2 full=121.8
TAGFULL window=1123.200 n=2 full=39.6
TAGFULL window=1123.200 n=2 full=40.2
TAGFULL window=1123.200 n=2 full=867.4+244.7
TAGFULL window=1123.200 n=1 full=444.0
TAGFULL window=1123.200 n=1 full=45.3
TAGFULL window=1123.200 n=1 full=46.6
TAGFULL window=1123.200 n=1 full=46.9
TAGFULL window=1123.200 n=1 full=926.3
TAG window=755.500 total=673 distinct=164
TAGSIG window=755.500 n=139 sig=411.1*+344.3*
TAGSIG window=755.500 n=132 sig=411.1*+367.8+344.3*
TAGSIG window=755.500 n=72 sig=678.6+411.1*+344.3*
TAGSIG window=755.500 n=14 sig=964.1+121.8+40.2
TAGSIG window=755.500 n=12 sig=1085.8+40.2
TAGSIG window=755.500 n=10 sig=1085.8+39.6
TAGSIG window=755.500 n=9 sig=1408.0+121.8+40.2
TAGSIG window=755.500 n=9 sig=1299.1+344.3
TAGSIG window=755.500 n=9 sig=1089.7+344.3
TAGSIG window=755.500 n=8 sig=1085.8
TAGSIG window=755.500 n=6 sig=1408.0+40.2
TAGSIG window=755.500 n=6 sig=1408.0+121.8+39.6
TAGSIG window=755.500 n=6 sig=1112.1+121.8
TAGSIG window=755.500 n=6 sig=778.9+344.3
TAGSIG window=755.500 n=5 sig=1112.1+121.8+40.2
TAGSIG window=755.500 n=5 sig=1112.1+40.2
TAGSIG window=755.500 n=5 sig=964.1+40.2+40.2
TAGSIG window=755.500 n=5 sig=964.1+40.2
TAGSIG window=755.500 n=5 sig=1112.1+45.5
TAGSIG window=755.500 n=5 sig=964.1+121.8+39.6
TAGSIG window=755.500 n=4 sig=964.1+45.5+40.2
TAGSIG window=755.500 n=4 sig=964.1+444.0+121.8+40.2
TAGSIG window=755.500 n=4 sig=964.1+39.6
TAGSIG window=755.500 n=4 sig=794.8+411.1*+344.3*
TAGSIG window=755.500 n=4 sig=1112.1
TAGSIG window=755.500 n=4 sig=1112.1+121.8+39.6
TAGSIG window=755.500 n=3 sig=1112.1+39.6
TAGSIG window=755.500 n=3 sig=1085.8+40.2*
TAGSIG window=755.500 n=3 sig=1112.1+40.2+5.6
TAGSIG window=755.500 n=3 sig=1408.0
TAGSIG window=755.500 n=3 sig=1112.1+40.2+39.6+5.6
TAGSIG window=755.500 n=3 sig=1112.1+121.8+45.3
TAGSIG window=755.500 n=3 sig=964.1+121.8
TAGSIG window=755.500 n=3 sig=964.1+444.0+121.8
TAGSIG window=755.500 n=3 sig=964.1+40.2+39.6
TAGSIG window=755.500 n=2 sig=1408.0+45.5+40.2
TAGSIG window=755.500 n=2 sig=1408.0+121.8
TAGSIG window=755.500 n=2 sig=1112.1+46.6+40.2
TAGSIG window=755.500 n=2 sig=526.8+411.1*+344.3*
TAGSIG window=755.500 n=2 sig=1112.1+121.8*+45.5
TAGSIG window=755.500 n=2 sig=1109.2+534.2
TAGSIG window=755.500 n=2 sig=778.9+344.3*
TAGSIG window=755.500 n=2 sig=964.1
TAGSIG window=755.500 n=2 sig=1408.0+40.2+5.6
TAGSIG window=755.500 n=2 sig=1085.8+564.0+40.2
TAGSIG window=755.500 n=2 sig=964.1+121.8+39.6+6.2
TAGSIG window=755.500 n=2 sig=1408.0+121.8+40.2+5.6
TAGSIG window=755.500 n=2 sig=1112.1+121.8+45.5
TAGSIG window=755.500 n=2 sig=964.1+121.8+5.6
TAGSIG window=755.500 n=2 sig=1408.0+39.6
TAGSIG window=755.500 n=2 sig=964.1+39.6+6.2
TAGSIG window=755.500 n=2 sig=1408.0+40.2+39.6
TAGSIG window=755.500 n=2 sig=964.1+40.2*+40.2
TAGSIG window=755.500 n=2 sig=1408.0+121.8+45.5
TAGSIG window=755.500 n=2 sig=1085.8+444.0+40.2
TAGSIG window=755.500 n=2 sig=964.1+40.2+6.2
TAGSIG window=755.500 n=2 sig=1085.8+444.0
TAGSIG window=755.500 n=2 sig=964.1+444.0+39.6
TAGSIG window=755.500 n=2 sig=1212.9+244.7+121.8+40.2
TAGSIG window=755.500 n=2 sig=964.1+46.6
TAGFULL window=755.500 n=351 full=411.1+344.3
TAGFULL window=755.500 n=286 full=-
TAGFULL window=755.500 n=14 full=40.2
TAGFULL window=755.500 n=6 full=121.8
TAGFULL window=755.500 n=4 full=244.7
TAGFULL window=755.500 n=3 full=344.3
TAGFULL window=755.500 n=2 full=39.6
TAGFULL window=755.500 n=2 full=45.5
TAGFULL window=755.500 n=1 full=367.8+344.3+43.1
TAGFULL window=755.500 n=1 full=45.3
TAGFULL window=755.500 n=1 full=46.9
TAGFULL window=755.500 n=1 full=678.6
TAGFULL window=755.500 n=1 full=712.9+42.4
TAG window=712.100 total=504 distinct=168
TAGSIG window=712.100 n=171 sig=411.1+367.8*+344.3*
TAGSIG window=712.100 n=15 sig=1085.8+40.2
TAGSIG window=712.100 n=12 sig=1408.0+121.8+40.2
TAGSIG window=712.100 n=11 sig=1089.7+344.3
TAGSIG window=712.100 n=11 sig=1112.1+40.2
TAGSIG window=712.100 n=11 sig=964.1+121.8+40.2
TAGSIG window=712.100 n=9 sig=1085.8
TAGSIG window=712.100 n=8 sig=1112.1+121.8+40.2
TAGSIG window=712.100 n=7 sig=1408.0+121.8
TAGSIG window=712.100 n=7 sig=964.1+121.8
TAGSIG window=712.100 n=7 sig=964.1+40.2
TAGSIG window=712.100 n=6 sig=1408.0+40.2
TAGSIG window=712.100 n=6 sig=1408.0+39.6
TAGSIG window=712.100 n=5 sig=1299.1+344.3
TAGSIG window=712.100 n=5 sig=1112.1+121.8
TAGSIG window=712.100 n=5 sig=964.1+121.8+39.6
TAGSIG window=712.100 n=4 sig=1408.0+40.2+39.6
TAGSIG window=712.100 n=4 sig=1085.8+444.0+40.2
TAGSIG window=712.100 n=4 sig=1112.1
TAGSIG window=712.100 n=4 sig=964.1+444.0+121.8+40.2
TAGSIG window=712.100 n=4 sig=964.1+121.8+45.5
TAGSIG window=712.100 n=4 sig=964.1+40.2+39.6+6.2
TAGSIG window=712.100 n=3 sig=1112.1+40.2+40.2+5.6
TAGSIG window=712.100 n=3 sig=1085.8+45.5
TAGSIG window=712.100 n=3 sig=1408.0+121.8+39.6
TAGSIG window=712.100 n=3 sig=1085.8+39.6+6.2
TAGSIG window=712.100 n=3 sig=1408.0+45.3+40.2
TAGSIG window=712.100 n=3 sig=1085.8+40.2+5.6
TAGSIG window=712.100 n=3 sig=1112.1+121.8+39.6
TAGSIG window=712.100 n=3 sig=778.9+344.3
TAGSIG window=712.100 n=3 sig=964.1
TAGSIG window=712.100 n=3 sig=964.1+444.0+40.2
TAGSIG window=712.100 n=2 sig=367.8*+344.3*+42.4
TAGSIG window=712.100 n=2 sig=1085.8+45.3
TAGSIG window=712.100 n=2 sig=520.2+411.1+367.8*+344.3*
TAGSIG window=712.100 n=2 sig=1408.0+121.8+45.5
TAGSIG window=712.100 n=2 sig=778.9+344.3*
TAGSIG window=712.100 n=2 sig=1408.0+121.8+46.6
TAGSIG window=712.100 n=2 sig=1112.1+39.6+39.6
TAGSIG window=712.100 n=2 sig=1085.8+6.2
TAGSIG window=712.100 n=2 sig=964.1+121.8+39.6+6.2
TAGSIG window=712.100 n=2 sig=1005.3+244.7+39.6
TAGSIG window=712.100 n=2 sig=1085.8+39.6
TAGSIG window=712.100 n=2 sig=964.1+121.8+40.2+6.6
TAGSIG window=712.100 n=2 sig=964.1+121.8+45.3
TAGSIG window=712.100 n=2 sig=1085.8+40.2+5.0
TAGSIG window=712.100 n=2 sig=1085.8+444.0+40.2+5.6
TAGSIG window=712.100 n=2 sig=1408.0+40.2+5.6
TAGSIG window=712.100 n=2 sig=1112.1+46.6
TAGSIG window=712.100 n=2 sig=964.1+46.6
TAGSIG window=712.100 n=1 sig=1112.1+295.9+39.6
TAGSIG window=712.100 n=1 sig=1112.1+39.6
TAGSIG window=712.100 n=1 sig=1112.1+39.6+5.6
TAGSIG window=712.100 n=1 sig=1005.3+244.7+121.8
TAGSIG window=712.100 n=1 sig=1112.1+40.2+39.6
TAGSIG window=712.100 n=1 sig=1112.1+40.2+40.2+6.6
TAGSIG window=712.100 n=1 sig=1112.1+40.2+5.0
TAGSIG window=712.100 n=1 sig=1112.1+40.2+6.2
TAGSIG window=712.100 n=1 sig=1112.1+40.2+6.6
TAGSIG window=712.100 n=1 sig=1112.1+45.5
TAGFULL window=712.100 n=294 full=-
TAGFULL window=712.100 n=180 full=367.8+344.3
TAGFULL window=712.100 n=8 full=121.8
TAGFULL window=712.100 n=5 full=40.2
TAGFULL window=712.100 n=4 full=344.3
TAGFULL window=712.100 n=4 full=45.3
TAGFULL window=712.100 n=3 full=39.6
TAGFULL window=712.100 n=2 full=46.6
TAGFULL window=712.100 n=1 full=121.8+40.2
TAGFULL window=712.100 n=1 full=244.7
TAGFULL window=712.100 n=1 full=444.0
TAGFULL window=712.100 n=1 full=45.5
TAG window=1434.000 total=132 distinct=3
TAGSIG window=1434.000 n=130 sig=1089.7*+344.3*
TAGSIG window=1434.000 n=1 sig=1109.2*+324.8*
TAGSIG window=1434.000 n=1 sig=1408.0+39.6*+6.2
TAGFULL window=1434.000 n=130 full=1089.7+344.3
TAGFULL window=1434.000 n=1 full=1109.2+324.8
TAGFULL window=1434.000 n=1 full=39.6
TAG window=1643.400 total=94 distinct=1
TAGSIG window=1643.400 n=94 sig=1299.1*+344.3*
TAGFULL window=1643.400 n=94 full=1299.1+344.3
TAG window=366.500 total=1957 distinct=353
TAGSIG window=366.500 n=260 sig=867.4+244.7*+121.8*+40.2
TAGSIG window=366.500 n=145 sig=867.4+244.7*+121.8*
TAGSIG window=366.500 n=126 sig=867.4+244.7*+121.8*+39.6
TAGSIG window=366.500 n=75 sig=1212.9+244.7*+121.8*+40.2
TAGSIG window=366.500 n=70 sig=778.9+344.3
TAGSIG window=366.500 n=64 sig=244.7*+121.8*+40.2
TAGSIG window=366.500 n=64 sig=1212.9+244.7*+121.8*
TAGSIG window=366.500 n=49 sig=1212.9+244.7*+121.8*+39.6
TAGSIG window=366.500 n=47 sig=867.4+244.7*+121.8*+45.5
TAGSIG window=366.500 n=38 sig=1005.3+244.7*+121.8*+40.2
TAGSIG window=366.500 n=35 sig=244.7*+121.8*
TAGSIG window=366.500 n=33 sig=1005.3+244.7*+121.8*
TAGSIG window=366.500 n=27 sig=867.4+244.7*+121.8*+45.3
TAGSIG window=366.500 n=27 sig=244.7*+121.8*+39.6
TAGSIG window=366.500 n=25 sig=867.4+244.7*+121.8*+40.2+5.6
TAGSIG window=366.500 n=22 sig=1005.3+244.7*+121.8*+39.6
TAGSIG window=366.500 n=19 sig=719.4+244.7*+121.8*+40.2
TAGSIG window=366.500 n=18 sig=1408.0+121.8+40.2
TAGSIG window=366.500 n=18 sig=1212.9+244.7*+121.8*+45.5
TAGSIG window=366.500 n=17 sig=867.4+244.7*+121.8*+46.6
TAGSIG window=366.500 n=16 sig=867.4+244.7*+121.8*+39.6+6.2
TAGSIG window=366.500 n=15 sig=1212.9+244.7*+121.8*+40.2+5.6
TAGSIG window=366.500 n=15 sig=444.0+244.7*+121.8*+39.6
TAGSIG window=366.500 n=15 sig=244.7*+121.8*+45.5
TAGSIG window=366.500 n=14 sig=926.3+244.7*+121.8*+40.2
TAGSIG window=366.500 n=14 sig=1085.8+39.6
TAGSIG window=366.500 n=13 sig=1085.8+40.2
TAGSIG window=366.500 n=12 sig=964.1+40.2
TAGSIG window=366.500 n=12 sig=674.6+488.7+244.7*+121.8*+40.2
TAGSIG window=366.500 n=11 sig=1212.9+244.7*+121.8*+45.3
TAGSIG window=366.500 n=11 sig=867.4+244.7*+121.8*+5.6
TAGSIG window=366.500 n=11 sig=444.0+244.7*+121.8*+40.2
TAGSIG window=366.500 n=10 sig=244.7*+121.8*+46.6
TAGSIG window=366.500 n=10 sig=1212.9+244.7*+121.8*+39.6+6.2
TAGSIG window=366.500 n=10 sig=926.3+244.7*+121.8*
TAGSIG window=366.500 n=9 sig=1089.7+344.3
TAGSIG window=366.500 n=9 sig=867.4+244.7*+121.8*+40.2+6.6
TAGSIG window=366.500 n=8 sig=444.0+244.7*+121.8*
TAGSIG window=366.500 n=8 sig=867.4+295.9+244.7*+121.8*+40.2
TAGSIG window=366.500 n=8 sig=964.1+121.8+40.2
TAGSIG window=366.500 n=8 sig=244.7*+121.8*+45.3
TAGSIG window=366.500 n=7 sig=1005.3+244.7*+121.8*+45.3
TAGSIG window=366.500 n=7 sig=926.3+244.7*+121.8*+39.6
TAGSIG window=366.500 n=7 sig=1005.3+244.7*+121.8*+45.5
TAGSIG window=366.500 n=7 sig=719.4+244.7*+121.8*+39.6
TAGSIG window=366.500 n=7 sig=719.4+244.7*+121.8*
TAGSIG window=366.500 n=7 sig=244.7*+121.8*+40.2+5.6
TAGSIG window=366.500 n=7 sig=1085.8
TAGSIG window=366.500 n=6 sig=1112.1+121.8
TAGSIG window=366.500 n=6 sig=867.4+244.7*+121.8*+39.6+5.6
TAGSIG window=366.500 n=6 sig=244.7*+121.8*+39.6+6.2
TAGSIG window=366.500 n=5 sig=867.4+244.7*+121.8*+6.2
TAGSIG window=366.500 n=5 sig=1112.1+40.2
TAGSIG window=366.500 n=5 sig=867.4+295.9+244.7*+121.8*
TAGSIG window=366.500 n=5 sig=778.9+344.3*
TAGSIG window=366.500 n=5 sig=1005.3+244.7*+121.8*+5.6
TAGSIG window=366.500 n=5 sig=1299.1+344.3
TAGSIG window=366.500 n=5 sig=867.4+244.7*+121.8*+46.8
TAGSIG window=366.500 n=5 sig=1112.1+40.2+39.6
TAGSIG window=366.500 n=5 sig=719.4+244.7*+121.8*+46.6
TAGFULL window=366.500 n=1548 full=244.7+121.8
TAGFULL window=366.500 n=374 full=-
TAGFULL window=366.500 n=10 full=344.3
TAGFULL window=366.500 n=9 full=121.8
TAGFULL window=366.500 n=4 full=39.6
TAGFULL window=366.500 n=3 full=40.2
TAGFULL window=366.500 n=3 full=45.5
TAGFULL window=366.500 n=2 full=45.3
TAGFULL window=366.500 n=1 full=244.7
TAGFULL window=366.500 n=1 full=244.7+39.6
TAGFULL window=366.500 n=1 full=244.7+40.2
TAGFULL window=366.500 n=1 full=46.6
TAG window=1233.800 total=708 distinct=66
TAGSIG window=1233.800 n=216 sig=1112.1*+121.8*+40.2
TAGSIG window=1233.800 n=120 sig=1112.1*+121.8*
TAGSIG window=1233.800 n=111 sig=1112.1*+121.8*+39.6
TAGSIG window=1233.800 n=53 sig=1112.1*+121.8*+45.5
TAGSIG window=1233.800 n=33 sig=1112.1*+121.8*+45.3
TAGSIG window=1233.800 n=32 sig=1112.1*+121.8*+40.2+5.6
TAGSIG window=1233.800 n=30 sig=1112.1*+121.8*+39.6+6.2
TAGSIG window=1233.800 n=16 sig=1112.1*+121.8*+46.6
TAGSIG window=1233.800 n=9 sig=1112.1*+295.9+121.8*
TAGSIG window=1233.800 n=6 sig=1112.1*+121.8*+6.2
TAGSIG window=1233.800 n=6 sig=1112.1*+121.8*+5.6
TAGSIG window=1233.800 n=5 sig=1112.1*+121.8*+40.2+5.0
TAGSIG window=1233.800 n=4 sig=1112.1*+295.9+121.8*+39.6
TAGSIG window=1233.800 n=4 sig=1112.1*+295.9+121.8*+40.2
TAGSIG window=1233.800 n=3 sig=1408.0
TAGSIG window=1233.800 n=3 sig=1112.1*+121.8*+6.3
TAGSIG window=1233.800 n=3 sig=1112.1*+121.8*+7.5
TAGSIG window=1233.800 n=3 sig=1112.1*+121.8*+40.2+6.6
TAGSIG window=1233.800 n=2 sig=1112.1*+121.8*+7.2
TAGSIG window=1233.800 n=2 sig=1112.1*+121.8*+40.2+1.1
TAGSIG window=1233.800 n=2 sig=1408.0+121.8+40.2
TAGSIG window=1233.800 n=1 sig=1085.8*+148.0*+39.6
TAGSIG window=1233.800 n=1 sig=1112.1*+121.8*+39.6+7.2
TAGSIG window=1233.800 n=1 sig=1112.1*+121.8*+39.6+6.6
TAGSIG window=1233.800 n=1 sig=1112.1*+121.8*+45.5+1.1
TAGSIG window=1233.800 n=1 sig=1112.1*+121.8*+45.8
TAGSIG window=1233.800 n=1 sig=1112.1*+121.8*+46.8
TAGSIG window=1233.800 n=1 sig=1112.1*+121.8*+46.9
TAGSIG window=1233.800 n=1 sig=1112.1*+121.8*+5.0
TAGSIG window=1233.800 n=1 sig=1112.1*+121.8*+6.6
TAGSIG window=1233.800 n=1 sig=1112.1*+121.8*+7.0
TAGSIG window=1233.800 n=1 sig=1112.1*+121.8*+7.2+5.6
TAGSIG window=1233.800 n=1 sig=1112.1*+121.8*+7.4
TAGSIG window=1233.800 n=1 sig=1112.1*+121.8*+6.2+5.6
TAGSIG window=1233.800 n=1 sig=1085.8*+444.0+6.2
TAGSIG window=1233.800 n=1 sig=1112.1*+121.8*+39.6+1.1
TAGSIG window=1233.800 n=1 sig=1112.1*+121.8*+39.6+5.0
TAGSIG window=1233.800 n=1 sig=1112.1*+295.9+121.8*+46.9
TAGSIG window=1233.800 n=1 sig=1112.1*+416.0+121.8*
TAGSIG window=1233.800 n=1 sig=1112.1*+416.0+121.8*+40.2
TAGSIG window=1233.800 n=1 sig=1112.1*+416.0+121.8*+45.5
TAGSIG window=1233.800 n=1 sig=1112.1*+121.8*+7.7
TAGSIG window=1233.800 n=1 sig=1408.0+121.8
TAGSIG window=1233.800 n=1 sig=1408.0+121.8*
TAGSIG window=1233.800 n=1 sig=1408.0+121.8*+46.6
TAGSIG window=1233.800 n=1 sig=1408.0+121.8*+6.2
TAGSIG window=1233.800 n=1 sig=1112.1*+121.8*+39.6+5.6
TAGSIG window=1233.800 n=1 sig=1408.0+121.8+45.5
TAGSIG window=1233.800 n=1 sig=1408.0+39.6*
TAGSIG window=1233.800 n=1 sig=1408.0+40.2*+40.2+5.6
TAGSIG window=1233.800 n=1 sig=1408.0+40.2+6.2
TAGSIG window=1233.800 n=1 sig=1408.0+45.3
TAGSIG window=1233.800 n=1 sig=1408.0+45.5
TAGSIG window=1233.800 n=1 sig=1408.0+5.6
TAGSIG window=1233.800 n=1 sig=1457.6+121.8+5.6
TAGSIG window=1233.800 n=1 sig=1457.6+45.8
TAGSIG window=1233.800 n=1 sig=1528.0+121.8
TAGSIG window=1233.800 n=1 sig=1528.0+121.8+40.2+5.6
TAGSIG window=1233.800 n=1 sig=867.4*+244.7*+121.8*
TAGSIG window=1233.800 n=1 sig=867.4*+244.7*+121.8*+39.6
TAGFULL window=1233.800 n=678 full=1112.1+121.8
TAGFULL window=1233.800 n=15 full=-
TAGFULL window=1233.800 n=8 full=867.4+244.7+121.8
TAGFULL window=1233.800 n=3 full=121.8
TAGFULL window=1233.800 n=1 full=1085.8
TAGFULL window=1233.800 n=1 full=1085.8+148.0
TAGFULL window=1233.800 n=1 full=39.6
TAGFULL window=1233.800 n=1 full=40.2
TAG window=1529.800 total=930 distinct=43
TAGSIG window=1529.800 n=270 sig=1408.0*+121.8*+40.2
TAGSIG window=1529.800 n=200 sig=1408.0*+121.8*
TAGSIG window=1529.800 n=152 sig=1408.0*+121.8*+39.6
TAGSIG window=1529.800 n=68 sig=1408.0*+121.8*+45.5
TAGSIG window=1529.800 n=33 sig=1408.0*+121.8*+40.2+5.6
TAGSIG window=1529.800 n=30 sig=1408.0*+121.8*+45.3
TAGSIG window=1529.800 n=26 sig=1408.0*+121.8*+46.6
TAGSIG window=1529.800 n=24 sig=1408.0*+121.8*+39.6+6.2
TAGSIG window=1529.800 n=16 sig=1085.8*+444.0*
TAGSIG window=1529.800 n=14 sig=1085.8*+444.0*+40.2
TAGSIG window=1529.800 n=11 sig=1408.0*+121.8*+40.2+6.6
TAGSIG window=1529.800 n=9 sig=1408.0*+121.8*+5.6
TAGSIG window=1529.800 n=8 sig=1085.8*+444.0*+39.6
TAGSIG window=1529.800 n=8 sig=1408.0*+121.8*+6.3
TAGSIG window=1529.800 n=8 sig=1408.0*+121.8*+39.6+5.6
TAGSIG window=1529.800 n=8 sig=1408.0*+121.8*+39.6+7.2
TAGSIG window=1529.800 n=6 sig=1408.0*+121.8*+6.2
TAGSIG window=1529.800 n=4 sig=1408.0*+121.8*+6.6
TAGSIG window=1529.800 n=3 sig=1085.8*+444.0*+40.2+5.6
TAGSIG window=1529.800 n=3 sig=1085.8*+444.0*+45.5
TAGSIG window=1529.800 n=2 sig=1085.8*+444.0*+39.6+6.2
TAGSIG window=1529.800 n=2 sig=1408.0*+121.8*+40.2+5.0
TAGSIG window=1529.800 n=2 sig=1408.0*+121.8*+46.8
TAGSIG window=1529.800 n=2 sig=1408.0*+121.8*+46.9
TAGSIG window=1529.800 n=2 sig=1408.0*+121.8*+6.2+5.6
TAGSIG window=1529.800 n=2 sig=963.4*+566.4*
TAGSIG window=1529.800 n=1 sig=1408.0*+121.8*+45.8
TAGSIG window=1529.800 n=1 sig=1408.0*+121.8*+1.1
TAGSIG window=1529.800 n=1 sig=1408.0*+121.8*+39.6+7.0
TAGSIG window=1529.800 n=1 sig=1408.0*+121.8*+39.6+6.6
TAGSIG window=1529.800 n=1 sig=1112.1*+295.9*+121.8*+39.6
TAGSIG window=1529.800 n=1 sig=1085.8*+444.0*+6.6
TAGSIG window=1529.800 n=1 sig=1408.0*+121.8*+39.6+1.3
TAGSIG window=1529.800 n=1 sig=1085.8*+444.0*+6.2+5.0
TAGSIG window=1529.800 n=1 sig=1085.8*+444.0*+6.2
TAGSIG window=1529.800 n=1 sig=1408.0*+121.8*+7.2
TAGSIG window=1529.800 n=1 sig=1408.0*+121.8*+7.2+5.6
TAGSIG window=1529.800 n=1 sig=1408.0*+121.8*+7.4
TAGSIG window=1529.800 n=1 sig=1408.0*+121.8*+1.4
TAGSIG window=1529.800 n=1 sig=963.4*+566.4*+39.6
TAGSIG window=1529.800 n=1 sig=963.4*+566.4*+40.2
TAGSIG window=1529.800 n=1 sig=964.1*+444.0*+121.8*+39.6
TAGSIG window=1529.800 n=1 sig=964.1*+444.0*+121.8*+45.5
TAGFULL window=1529.800 n=874 full=1408.0+121.8
TAGFULL window=1529.800 n=49 full=1085.8+444.0
TAGFULL window=1529.800 n=4 full=963.4+566.4
TAGFULL window=1529.800 n=2 full=964.1+444.0+121.8
TAGFULL window=1529.800 n=1 full=1112.1+295.9+121.8
TAG window=989.200 total=377 distinct=98
TAGSIG window=989.200 n=66 sig=867.4*+244.7+121.8*+40.2
TAGSIG window=989.200 n=58 sig=867.4*+244.7+121.8*
TAGSIG window=989.200 n=40 sig=867.4*+244.7+121.8*+39.6
TAGSIG window=989.200 n=14 sig=1408.0+121.8
TAGSIG window=989.200 n=14 sig=867.4*+244.7+121.8*+45.5
TAGSIG window=989.200 n=11 sig=867.4*+244.7+121.8*+40.2+5.6
TAGSIG window=989.200 n=9 sig=1408.0+121.8+40.2
TAGSIG window=989.200 n=9 sig=867.4*+244.7+121.8*+5.6
TAGSIG window=989.200 n=6 sig=867.4*+244.7+121.8*+39.6+6.2
TAGSIG window=989.200 n=6 sig=867.4*+244.7+121.8*+45.3
TAGSIG window=989.200 n=6 sig=1299.1+344.3
TAGSIG window=989.200 n=5 sig=867.4*+121.8*+40.2+39.6
TAGSIG window=989.200 n=5 sig=1408.0+40.2
TAGSIG window=989.200 n=4 sig=1085.8+40.2
TAGSIG window=989.200 n=4 sig=867.4*+244.7+121.8*+46.6
TAGSIG window=989.200 n=4 sig=1408.0+40.2+39.6
TAGSIG window=989.200 n=4 sig=867.4*+121.8*
TAGSIG window=989.200 n=3 sig=1408.0
TAGSIG window=989.200 n=3 sig=1408.0+121.8+39.6
TAGSIG window=989.200 n=3 sig=867.4*+244.7+121.8*+40.2+6.6
TAGSIG window=989.200 n=3 sig=1112.1+40.2
TAGSIG window=989.200 n=3 sig=1408.0+40.2+39.6+6.2
TAGSIG window=989.200 n=3 sig=867.4*+121.8*+40.2+40.2+5.6
TAGSIG window=989.200 n=3 sig=867.4*+295.9+244.7+121.8*+40.2
TAGSIG window=989.200 n=3 sig=867.4*+244.7+121.8*+6.2
TAGSIG window=989.200 n=2 sig=1085.8
TAGSIG window=989.200 n=2 sig=867.4*+121.8*+45.3+40.2
TAGSIG window=989.200 n=2 sig=867.4*+244.7+121.8*+46.9
TAGSIG window=989.200 n=2 sig=1212.9+244.7+40.2
TAGSIG window=989.200 n=2 sig=867.4*+244.7+121.8*+6.3
TAGSIG window=989.200 n=2 sig=1408.0+121.8+45.5
TAGSIG window=989.200 n=2 sig=1408.0+39.6
TAGSIG window=989.200 n=2 sig=1408.0+39.6+39.6
TAGSIG window=989.200 n=2 sig=1408.0+39.6+6.2
TAGSIG window=989.200 n=2 sig=1408.0+40.2+40.2
TAGSIG window=989.200 n=2 sig=1408.0+40.2+5.6
TAGSIG window=989.200 n=2 sig=1112.1+39.6
TAGSIG window=989.200 n=2 sig=1408.0+45.5+39.6
TAGSIG window=989.200 n=2 sig=1408.0+45.5+40.2
TAGSIG window=989.200 n=2 sig=867.4*+121.8*+40.2
TAGSIG window=989.200 n=1 sig=1085.8+40.2+5.6
TAGSIG window=989.200 n=1 sig=1085.8+444.0
TAGSIG window=989.200 n=1 sig=1112.1
TAGSIG window=989.200 n=1 sig=1112.1+121.8
TAGSIG window=989.200 n=1 sig=1112.1+121.8*
TAGSIG window=989.200 n=1 sig=1112.1+121.8+40.2
TAGSIG window=989.200 n=1 sig=1112.1+121.8+40.2+5.6
TAGSIG window=989.200 n=1 sig=1112.1+121.8+45.3
TAGSIG window=989.200 n=1 sig=1112.1+295.9
TAGSIG window=989.200 n=1 sig=1112.1+295.9+121.8+45.3
TAGSIG window=989.200 n=1 sig=1112.1+40.2+40.2+5.6
TAGSIG window=989.200 n=1 sig=1112.1+40.2+5.6
TAGSIG window=989.200 n=1 sig=1171.0+45.3+39.6
TAGSIG window=989.200 n=1 sig=1212.9+244.7+121.8+39.6
TAGSIG window=989.200 n=1 sig=1212.9+244.7+121.8+40.2
TAGSIG window=989.200 n=1 sig=1212.9+244.7+40.2+5.6+5.6
TAGSIG window=989.200 n=1 sig=1408.0+46.6+40.2
TAGSIG window=989.200 n=1 sig=1408.0+46.6+6.2
TAGSIG window=989.200 n=1 sig=1408.0+46.8
TAGSIG window=989.200 n=1 sig=1408.0+6.2
TAGFULL window=989.200 n=257 full=867.4+121.8
TAGFULL window=989.200 n=112 full=-
TAGFULL window=989.200 n=2 full=121.8
TAGFULL window=989.200 n=2 full=40.2
TAGFULL window=989.200 n=1 full=244.7
TAGFULL window=989.200 n=1 full=344.3
TAGFULL window=989.200 n=1 full=46.6
TAGFULL window=989.200 n=1 full=919.3
TAG window=565.700 total=587 distinct=201
TAGSIG window=565.700 n=75 sig=778.9+344.3
TAGSIG window=565.700 n=56 sig=964.1+444.0*+121.8*+40.2
TAGSIG window=565.700 n=37 sig=964.1+444.0*+121.8*
TAGSIG window=565.700 n=24 sig=964.1+444.0*+121.8*+39.6
TAGSIG window=565.700 n=17 sig=964.1+444.0*+121.8*+45.5
TAGSIG window=565.700 n=10 sig=964.1+121.8
TAGSIG window=565.700 n=8 sig=1089.7+344.3
TAGSIG window=565.700 n=8 sig=1085.8+40.2
TAGSIG window=565.700 n=8 sig=1112.1+121.8
TAGSIG window=565.700 n=8 sig=1112.1+121.8+39.6
TAGSIG window=565.700 n=8 sig=1112.1+121.8+40.2
TAGSIG window=565.700 n=8 sig=964.1+121.8+40.2
TAGSIG window=565.700 n=7 sig=1299.1+344.3
TAGSIG window=565.700 n=7 sig=964.1+40.2
TAGSIG window=565.700 n=7 sig=1408.0+40.2
TAGSIG window=565.700 n=6 sig=964.1+444.0*+121.8*+6.2
TAGSIG window=565.700 n=6 sig=964.1+444.0*+121.8*+46.6
TAGSIG window=565.700 n=6 sig=964.1+444.0*+121.8*+40.2+5.6
TAGSIG window=565.700 n=6 sig=1408.0+121.8+40.2
TAGSIG window=565.700 n=5 sig=1112.1+40.2
TAGSIG window=565.700 n=4 sig=1112.1
TAGSIG window=565.700 n=4 sig=778.9+344.3*
TAGSIG window=565.700 n=4 sig=1085.8+39.6
TAGSIG window=565.700 n=4 sig=964.1+121.8+40.2+5.6
TAGSIG window=565.700 n=4 sig=964.1+444.0*+121.8*+39.6+6.2
TAGSIG window=565.700 n=4 sig=1408.0+121.8+39.6
TAGSIG window=565.700 n=4 sig=964.1+39.6
TAGSIG window=565.700 n=4 sig=1085.8+45.5
TAGSIG window=565.700 n=4 sig=1112.1+40.2+40.2
TAGSIG window=565.700 n=3 sig=1085.8
TAGSIG window=565.700 n=3 sig=867.4+244.7+121.8+40.2
TAGSIG window=565.700 n=3 sig=1408.0+40.2+40.2
TAGSIG window=565.700 n=3 sig=1408.0+45.5+40.2
TAGSIG window=565.700 n=3 sig=444.0*+244.7+121.8*+45.5
TAGSIG window=565.700 n=3 sig=867.4+244.7+121.8+39.6
TAGSIG window=565.700 n=3 sig=964.1+444.0*+121.8*+45.3
TAGSIG window=565.700 n=3 sig=964.1+121.8+39.6
TAGSIG window=565.700 n=3 sig=444.0*+244.7+121.8*+40.2
TAGSIG window=565.700 n=3 sig=964.1+40.2+39.6
TAGSIG window=565.700 n=3 sig=778.9+42.4
TAGSIG window=565.700 n=3 sig=1408.0+121.8+45.5
TAGSIG window=565.700 n=3 sig=444.0*+244.7+121.8*+39.6
TAGSIG window=565.700 n=3 sig=964.1+444.0*+121.8*+5.6
TAGSIG window=565.700 n=2 sig=1085.8+45.3
TAGSIG window=565.700 n=2 sig=1085.8+444.0
TAGSIG window=565.700 n=2 sig=688.7+121.8+39.6
TAGSIG window=565.700 n=2 sig=1112.1+39.6
TAGSIG window=565.700 n=2 sig=769.0+444.0*+244.7+121.8*+39.6
TAGSIG window=565.700 n=2 sig=1112.1+121.8+5.0
TAGSIG window=565.700 n=2 sig=1408.0+121.8+40.2*
TAGSIG window=565.700 n=2 sig=867.4+244.7
TAGSIG window=565.700 n=2 sig=867.4+244.7+39.6
TAGSIG window=565.700 n=2 sig=867.4+244.7+40.2+39.6
TAGSIG window=565.700 n=2 sig=444.0*+244.7+121.8*+45.3
TAGSIG window=565.700 n=2 sig=1085.8+39.6+6.2
TAGSIG window=565.700 n=2 sig=1112.1+121.8+45.3
TAGSIG window=565.700 n=2 sig=1112.1+295.9+121.8+39.6
TAGSIG window=565.700 n=2 sig=964.1+121.8+45.3
TAGSIG window=565.700 n=2 sig=1112.1+40.2+39.6
TAGSIG window=565.700 n=2 sig=964.1+39.6+6.2
TAGFULL window=565.700 n=358 full=-
TAGFULL window=565.700 n=200 full=444.0+121.8
TAGFULL window=565.700 n=8 full=40.2
TAGFULL window=565.700 n=7 full=344.3
TAGFULL window=565.700 n=5 full=121.8
TAGFULL window=565.700 n=2 full=244.7
TAGFULL window=565.700 n=2 full=444.0
TAGFULL window=565.700 n=1 full=271.1+48.6
TAGFULL window=565.700 n=1 full=367.8
TAGFULL window=565.700 n=1 full=39.6
TAGFULL window=565.700 n=1 full=46.6+40.2
TAGFULL window=565.700 n=1 full=556.5
TAG window=161.300 total=3615 distinct=449
TAGSIG window=161.300 n=691 sig=1408.0+121.8*+39.6*
TAGSIG window=161.300 n=454 sig=964.1+121.8*+39.6*
TAGSIG window=161.300 n=448 sig=1112.1+121.8*+39.6*
TAGSIG window=161.300 n=176 sig=778.9+344.3
TAGSIG window=161.300 n=132 sig=867.4+244.7+121.8*+39.6*
TAGSIG window=161.300 n=103 sig=1408.0+121.8*+39.6*+6.2
TAGSIG window=161.300 n=91 sig=1112.1+121.8*+39.6*+6.2
TAGSIG window=161.300 n=82 sig=121.8*+39.6*
TAGSIG window=161.300 n=64 sig=344.3
TAGSIG window=161.300 n=61 sig=964.1+121.8*+39.6*+6.2
TAGSIG window=161.300 n=43 sig=1212.9+244.7+121.8*+39.6*
TAGSIG window=161.300 n=43 sig=964.1+444.0+121.8*+39.6*
TAGSIG window=161.300 n=37 sig=688.7+121.8*+39.6*
TAGSIG window=161.300 n=33 sig=244.7+121.8*+39.6*
TAGSIG window=161.300 n=29 sig=1299.1+344.3
TAGSIG window=161.300 n=29 sig=1408.0+121.8*+39.6*+7.2
TAGSIG window=161.300 n=28 sig=411.1+367.8+344.3
TAGSIG window=161.300 n=25 sig=867.4+244.7+121.8*+39.6*+6.2
TAGSIG window=161.300 n=24 sig=1005.3+244.7+121.8*+39.6*
TAGSIG window=161.300 n=21 sig=1089.7+344.3
TAGSIG window=161.300 n=17 sig=1408.0+121.8*+40.2*
TAGSIG window=161.300 n=17 sig=1112.1+121.8*+40.2
TAGSIG window=161.300 n=17 sig=411.1+344.3
TAGSIG window=161.300 n=17 sig=1408.0+121.8*+40.2
TAGSIG window=161.300 n=15 sig=964.1+121.8+40.2
TAGSIG window=161.300 n=15 sig=1408.0+121.8*+39.6*+5.6
TAGSIG window=161.300 n=14 sig=867.4+121.8*+39.6*
TAGSIG window=161.300 n=14 sig=964.1+121.8*+39.6*+5.6
TAGSIG window=161.300 n=13 sig=678.6+411.1+344.3
TAGSIG window=161.300 n=13 sig=1408.0+121.8+40.2
TAGSIG window=161.300 n=13 sig=964.1+121.8*+40.2
TAGSIG window=161.300 n=12 sig=964.1+121.8*+40.2*
TAGSIG window=161.300 n=12 sig=964.1+121.8*+39.6*+7.2
TAGSIG window=161.300 n=11 sig=1457.6+121.8*+39.6*
TAGSIG window=161.300 n=10 sig=1112.1+295.9+121.8*+39.6*
TAGSIG window=161.300 n=10 sig=1528.0+121.8*+39.6*
TAGSIG window=161.300 n=10 sig=1112.1+121.8*+39.6*+5.6
TAGSIG window=161.300 n=10 sig=919.3+488.7+121.8*+39.6*
TAGSIG window=161.300 n=10 sig=1408.0+121.8
TAGSIG window=161.300 n=10 sig=926.3+244.7+121.8*+39.6*
TAGSIG window=161.300 n=10 sig=444.0+244.7+121.8*+39.6*
TAGSIG window=161.300 n=9 sig=1085.8+444.0+40.2
TAGSIG window=161.300 n=9 sig=121.8*+39.6*+6.2
TAGSIG window=161.300 n=9 sig=1112.1+121.8*+40.2*
TAGSIG window=161.300 n=9 sig=1112.1+121.8*+39.6*+7.2
TAGSIG window=161.300 n=9 sig=1085.8+40.2
TAGSIG window=161.300 n=9 sig=964.1+40.2
TAGSIG window=161.300 n=8 sig=1408.0+40.2
TAGSIG window=161.300 n=8 sig=656.5+244.7+121.8*+39.6*
TAGSIG window=161.300 n=7 sig=867.4+244.7+121.8+39.6
TAGSIG window=161.300 n=7 sig=1408.0+121.8*+39.6*+6.6
TAGSIG window=161.300 n=7 sig=1085.8+39.6
TAGSIG window=161.300 n=7 sig=964.1+121.8
TAGSIG window=161.300 n=7 sig=964.1+444.0+121.8*+39.6*+6.2
TAGSIG window=161.300 n=7 sig=867.4+121.8*+40.2+39.6*
TAGSIG window=161.300 n=6 sig=964.1+564.0+121.8*+39.6*
TAGSIG window=161.300 n=6 sig=1408.0+121.8*+40.2+5.6
TAGSIG window=161.300 n=6 sig=964.1+40.2+40.2
TAGSIG window=161.300 n=6 sig=1112.1+121.8+40.2
TAGSIG window=161.300 n=5 sig=964.1+444.0+40.2
TAGFULL window=161.300 n=2675 full=121.8+39.6
TAGFULL window=161.300 n=753 full=-
TAGFULL window=161.300 n=96 full=121.8
TAGFULL window=161.300 n=57 full=121.8+40.2
TAGFULL window=161.300 n=19 full=40.2
TAGFULL window=161.300 n=4 full=39.6
TAGFULL window=161.300 n=4 full=45.5
TAGFULL window=161.300 n=4 full=46.6
TAGFULL window=161.300 n=1 full=45.3
TAGFULL window=161.300 n=1 full=45.8
TAGFULL window=161.300 n=1 full=46.9
TAG window=161.900 total=5758 distinct=459
TAGSIG window=161.900 n=1431 sig=1408.0+121.8*+40.2*
TAGSIG window=161.900 n=905 sig=1112.1+121.8*+40.2*
TAGSIG window=161.900 n=882 sig=964.1+121.8*+40.2*
TAGSIG window=161.900 n=239 sig=867.4+244.7+121.8*+40.2*
TAGSIG window=161.900 n=186 sig=778.9+344.3
TAGSIG window=161.900 n=168 sig=1408.0+121.8*+40.2*+5.6
TAGSIG window=161.900 n=126 sig=964.1+121.8*+40.2*+5.6
TAGSIG window=161.900 n=118 sig=1112.1+121.8*+40.2*+5.6
TAGSIG window=161.900 n=112 sig=121.8*+40.2*
TAGSIG window=161.900 n=101 sig=964.1+444.0+121.8*+40.2*
TAGSIG window=161.900 n=84 sig=1212.9+244.7+121.8*+40.2*
TAGSIG window=161.900 n=80 sig=344.3
TAGSIG window=161.900 n=69 sig=244.7+121.8*+40.2*
TAGSIG window=161.900 n=34 sig=1005.3+244.7+121.8*+40.2*
TAGSIG window=161.900 n=34 sig=688.7+121.8*+40.2*
TAGSIG window=161.900 n=30 sig=1457.6+121.8*+40.2*
TAGSIG window=161.900 n=27 sig=1112.1+295.9+121.8*+40.2*
TAGSIG window=161.900 n=27 sig=1299.1+344.3
TAGSIG window=161.900 n=26 sig=1408.0+121.8*+40.2*+6.6
TAGSIG window=161.900 n=24 sig=1089.7+344.3
TAGSIG window=161.900 n=24 sig=964.1+121.8*+40.2*+6.6
TAGSIG window=161.900 n=23 sig=867.4+244.7+121.8*+40.2*+5.6
TAGSIG window=161.900 n=22 sig=121.8*+40.2*+5.6
TAGSIG window=161.900 n=17 sig=926.3+244.7+121.8*+40.2*
TAGSIG window=161.900 n=17 sig=919.3+488.7+121.8*+40.2*
TAGSIG window=161.900 n=16 sig=411.1+367.8+344.3
TAGSIG window=161.900 n=15 sig=678.6+411.1+344.3
TAGSIG window=161.900 n=14 sig=964.1+564.0+121.8*+40.2*
TAGSIG window=161.900 n=13 sig=1408.0+121.8*+40.2*+5.0
TAGSIG window=161.900 n=13 sig=1528.0+121.8*+40.2*
TAGSIG window=161.900 n=13 sig=1112.1+121.8*+40.2*+6.6
TAGSIG window=161.900 n=13 sig=1112.1+121.8+40.2
TAGSIG window=161.900 n=12 sig=1085.8+39.6
TAGSIG window=161.900 n=12 sig=411.1+344.3
TAGSIG window=161.900 n=12 sig=444.0+244.7+121.8*+40.2*
TAGSIG window=161.900 n=12 sig=1085.8+40.2
TAGSIG window=161.900 n=11 sig=1408.0+121.8+40.2
TAGSIG window=161.900 n=11 sig=867.4+121.8*+40.2*
TAGSIG window=161.900 n=11 sig=719.4+244.7+121.8*+40.2*
TAGSIG window=161.900 n=10 sig=964.1+121.8+40.2
TAGSIG window=161.900 n=10 sig=867.4+121.8*+40.2+40.2*
TAGSIG window=161.900 n=10 sig=867.4+121.8*+40.2*+39.6
TAGSIG window=161.900 n=9 sig=841.6+566.4+121.8*+40.2*
TAGSIG window=161.900 n=9 sig=964.1+444.0+121.8*+40.2*+5.6
TAGSIG window=161.900 n=8 sig=656.5+244.7+121.8*+40.2*
TAGSIG window=161.900 n=8 sig=867.4+121.8*+40.2*+40.2
TAGSIG window=161.900 n=8 sig=1408.0+121.8*+40.2*+1.1
TAGSIG window=161.900 n=8 sig=1212.9+244.7+121.8*+40.2*+5.6
TAGSIG window=161.900 n=8 sig=1249.9+121.8*+40.2*
TAGSIG window=161.900 n=7 sig=674.6+488.7+244.7+121.8*+40.2*
TAGSIG window=161.900 n=7 sig=1112.1+40.2
TAGSIG window=161.900 n=7 sig=964.1+121.8*+40.2*+5.0
TAGSIG window=161.900 n=7 sig=964.1+40.2
TAGSIG window=161.900 n=6 sig=244.7+121.8*+40.2*+5.6
TAGSIG window=161.900 n=6 sig=1085.8+444.0+40.2
TAGSIG window=161.900 n=6 sig=867.4+244.7+121.8*+40.2*+6.6
TAGSIG window=161.900 n=6 sig=586.3+344.3
TAGSIG window=161.900 n=6 sig=1408.0+40.2+5.6
TAGSIG window=161.900 n=6 sig=688.7+121.8*+40.2*+5.6
TAGSIG window=161.900 n=6 sig=1408.0+40.2
TAGFULL window=161.900 n=4950 full=121.8+40.2
TAGFULL window=161.900 n=760 full=-
TAGFULL window=161.900 n=21 full=121.8
TAGFULL window=161.900 n=11 full=45.5
TAGFULL window=161.900 n=7 full=40.2
TAGFULL window=161.900 n=4 full=46.6
TAGFULL window=161.900 n=3 full=39.6
TAGFULL window=161.900 n=1 full=42.4
TAGFULL window=161.900 n=1 full=45.3
TAG window=167.300 total=2449 distinct=342
TAGSIG window=167.300 n=384 sig=1408.0+121.8*+45.5*
TAGSIG window=167.300 n=235 sig=1112.1+121.8*+45.5*
TAGSIG window=167.300 n=220 sig=964.1+121.8*+45.5*
TAGSIG window=167.300 n=208 sig=778.9+344.3
TAGSIG window=167.300 n=158 sig=1408.0+121.8*+45.3*
TAGSIG window=167.300 n=132 sig=1112.1+121.8*+45.3*
TAGSIG window=167.300 n=93 sig=344.3
TAGSIG window=167.300 n=80 sig=964.1+121.8*+45.3*
TAGSIG window=167.300 n=72 sig=867.4+244.7+121.8*+45.5*
TAGSIG window=167.300 n=29 sig=411.1+367.8+344.3
TAGSIG window=167.300 n=28 sig=121.8*+45.5*
TAGSIG window=167.300 n=25 sig=1089.7+344.3
TAGSIG window=167.300 n=25 sig=867.4+244.7+121.8*+45.3*
TAGSIG window=167.300 n=20 sig=411.1+344.3
TAGSIG window=167.300 n=20 sig=121.8*+45.3*
TAGSIG window=167.300 n=20 sig=1212.9+244.7+121.8*+45.5*
TAGSIG window=167.300 n=17 sig=964.1+444.0+121.8*+45.5*
TAGSIG window=167.300 n=16 sig=244.7+121.8*+45.5*
TAGSIG window=167.300 n=15 sig=1299.1+344.3
TAGSIG window=167.300 n=15 sig=688.7+121.8*+45.5*
TAGSIG window=167.300 n=14 sig=1212.9+244.7+121.8*+45.3*
TAGSIG window=167.300 n=13 sig=1408.0+121.8+40.2
TAGSIG window=167.300 n=12 sig=964.1+444.0+121.8*+45.3*
TAGSIG window=167.300 n=12 sig=1005.3+244.7+121.8*+45.5*
TAGSIG window=167.300 n=10 sig=1408.0+121.8
TAGSIG window=167.300 n=10 sig=1085.8+40.2
TAGSIG window=167.300 n=10 sig=1408.0+40.2
TAGSIG window=167.300 n=10 sig=678.6+411.1+344.3
TAGSIG window=167.300 n=9 sig=1112.1+295.9+121.8*+45.5*
TAGSIG window=167.300 n=9 sig=867.4+244.7+121.8+40.2
TAGSIG window=167.300 n=8 sig=964.1+121.8+40.2
TAGSIG window=167.300 n=8 sig=1112.1+121.8
TAGSIG window=167.300 n=8 sig=244.7+121.8*+45.3*
TAGSIG window=167.300 n=7 sig=919.3+488.7+121.8*+45.5*
TAGSIG window=167.300 n=6 sig=1112.1+40.2
TAGSIG window=167.300 n=6 sig=1408.0+39.6
TAGSIG window=167.300 n=6 sig=964.1+121.8*+45.8*
TAGSIG window=167.300 n=6 sig=586.3+344.3
TAGSIG window=167.300 n=5 sig=867.4+121.8*+45.5*+40.2
TAGSIG window=167.300 n=5 sig=1457.6+121.8*+45.5*
TAGSIG window=167.300 n=5 sig=964.1+444.0+121.8
TAGSIG window=167.300 n=5 sig=1408.0+121.8*+46.6
TAGSIG window=167.300 n=5 sig=1408.0+121.8+39.6
TAGSIG window=167.300 n=5 sig=1457.6+121.8*+45.3*
TAGSIG window=167.300 n=5 sig=1408.0+121.8*+45.8*
TAGSIG window=167.300 n=5 sig=444.0+244.7+121.8*+45.5*
TAGSIG window=167.300 n=5 sig=1112.1+121.8+40.2
TAGSIG window=167.300 n=4 sig=1112.1+121.8*+45.8*
TAGSIG window=167.300 n=4 sig=1112.1+121.8+39.6
TAGSIG window=167.300 n=4 sig=1249.9+121.8*+45.5*
TAGSIG window=167.300 n=4 sig=1212.9+121.8*+45.5*+40.2
TAGSIG window=167.300 n=4 sig=867.4+244.7
TAGSIG window=167.300 n=4 sig=867.4+244.7+121.8
TAGSIG window=167.300 n=4 sig=867.4+244.7+121.8+39.6
TAGSIG window=167.300 n=4 sig=926.3+244.7+121.8*+45.5*
TAGSIG window=167.300 n=4 sig=1085.8+444.0
TAGSIG window=167.300 n=4 sig=964.1+121.8
TAGSIG window=167.300 n=4 sig=964.1+121.8*+46.6
TAGSIG window=167.300 n=4 sig=964.1+121.8+39.6
TAGSIG window=167.300 n=4 sig=964.1+444.0+39.6
TAGFULL window=167.300 n=1118 full=121.8+45.5
TAGFULL window=167.300 n=761 full=-
TAGFULL window=167.300 n=510 full=121.8+45.3
TAGFULL window=167.300 n=22 full=121.8+45.8
TAGFULL window=167.300 n=19 full=121.8
TAGFULL window=167.300 n=6 full=40.2
TAGFULL window=167.300 n=5 full=39.6
TAGFULL window=167.300 n=2 full=45.3
TAGFULL window=167.300 n=2 full=45.5
TAGFULL window=167.300 n=2 full=46.6
TAGFULL window=167.300 n=1 full=121.8+40.2
TAGFULL window=167.300 n=1 full=43.1
TAG window=168.400 total=1184 distinct=288
TAGSIG window=168.400 n=184 sig=778.9+344.3
TAGSIG window=168.400 n=124 sig=1408.0+121.8*+46.6*
TAGSIG window=168.400 n=95 sig=344.3
TAGSIG window=168.400 n=77 sig=1112.1+121.8*+46.6*
TAGSIG window=168.400 n=73 sig=964.1+121.8*+46.6*
TAGSIG window=168.400 n=25 sig=1089.7+344.3
TAGSIG window=168.400 n=23 sig=411.1+367.8+344.3
TAGSIG window=168.400 n=22 sig=1299.1+344.3
TAGSIG window=168.400 n=18 sig=867.4+244.7+121.8*+46.6*
TAGSIG window=168.400 n=14 sig=678.6+411.1+344.3
TAGSIG window=168.400 n=13 sig=964.1+121.8+40.2
TAGSIG window=168.400 n=13 sig=1085.8
TAGSIG window=168.400 n=12 sig=964.1+121.8*+46.8*
TAGSIG window=168.400 n=11 sig=411.1+344.3
TAGSIG window=168.400 n=11 sig=964.1+40.2
TAGSIG window=168.400 n=10 sig=244.7+121.8*+46.6*
TAGSIG window=168.400 n=10 sig=1408.0+40.2
TAGSIG window=168.400 n=9 sig=1408.0+121.8*+46.8*
TAGSIG window=168.400 n=9 sig=1112.1+121.8*+46.8*
TAGSIG window=168.400 n=8 sig=1085.8+40.2
TAGSIG window=168.400 n=8 sig=964.1+121.8+39.6
TAGSIG window=168.400 n=8 sig=964.1+444.0+121.8*+46.6*
TAGSIG window=168.400 n=7 sig=1112.1+121.8*+46.9*
TAGSIG window=168.400 n=6 sig=1408.0+121.8+40.2
TAGSIG window=168.400 n=6 sig=1112.1+40.2
TAGSIG window=168.400 n=5 sig=1408.0+121.8
TAGSIG window=168.400 n=5 sig=1112.1+295.9+121.8*+46.6*
TAGSIG window=168.400 n=5 sig=1085.8+444.0
TAGSIG window=168.400 n=5 sig=867.4+244.7+121.8*+46.8*
TAGSIG window=168.400 n=5 sig=1112.1+121.8+40.2
TAGSIG window=168.400 n=5 sig=1408.0+40.2+40.2
TAGSIG window=168.400 n=5 sig=1408.0+121.8*+46.9*
TAGSIG window=168.400 n=4 sig=964.1+121.8
TAGSIG window=168.400 n=4 sig=121.8*+46.6*
TAGSIG window=168.400 n=4 sig=1085.8+444.0+40.2
TAGSIG window=168.400 n=4 sig=1112.1+121.8
TAGSIG window=168.400 n=4 sig=1408.0+121.8+45.3
TAGSIG window=168.400 n=4 sig=1212.9+244.7+121.8*+46.6*
TAGSIG window=168.400 n=4 sig=867.4+244.7+40.2
TAGSIG window=168.400 n=4 sig=964.1+39.6
TAGSIG window=168.400 n=4 sig=867.4+244.7+121.8+40.2
TAGSIG window=168.400 n=4 sig=867.4+244.7+40.2+39.6
TAGSIG window=168.400 n=4 sig=964.1+444.0+121.8+40.2
TAGSIG window=168.400 n=3 sig=1212.9+121.8*+46.6*+40.2
TAGSIG window=168.400 n=3 sig=1112.1
TAGSIG window=168.400 n=3 sig=1112.1+121.8+39.6
TAGSIG window=168.400 n=3 sig=586.3+503.5+344.3
TAGSIG window=168.400 n=3 sig=719.4+244.7+121.8*+46.6*
TAGSIG window=168.400 n=3 sig=764.9+344.3
TAGSIG window=168.400 n=3 sig=867.4+244.7+121.8
TAGSIG window=168.400 n=3 sig=867.4+244.7+121.8*+46.9*
TAGSIG window=168.400 n=3 sig=964.1+121.8*+46.7*
TAGSIG window=168.400 n=3 sig=1408.0+45.5
TAGSIG window=168.400 n=3 sig=1085.8+39.6
TAGSIG window=168.400 n=3 sig=1112.1+40.2+39.6
TAGSIG window=168.400 n=3 sig=964.1+444.0
TAGSIG window=168.400 n=3 sig=1408.0+121.8+40.2+5.6
TAGSIG window=168.400 n=3 sig=1408.0+121.8+45.5
TAGSIG window=168.400 n=3 sig=964.1+444.0+45.5
TAGSIG window=168.400 n=2 sig=1085.8+444.0+39.6
TAGFULL window=168.400 n=732 full=-
TAGFULL window=168.400 n=353 full=121.8+46.6
TAGFULL window=168.400 n=46 full=121.8+46.8
TAGFULL window=168.400 n=20 full=121.8+46.9
TAGFULL window=168.400 n=8 full=40.2
TAGFULL window=168.400 n=7 full=121.8
TAGFULL window=168.400 n=6 full=121.8+46.7
TAGFULL window=168.400 n=5 full=39.6
TAGFULL window=168.400 n=2 full=45.3
TAGFULL window=168.400 n=2 full=45.5
TAGFULL window=168.400 n=1 full=46.6
TAGFULL window=168.400 n=1 full=46.9
TAGFULL window=168.400 n=1 full=49.1
TAG window=284.200 total=1305 distinct=374
TAGSIG window=284.200 n=135 sig=778.9+344.3
TAGSIG window=284.200 n=99 sig=867.4+244.7*+121.8+39.6*
TAGSIG window=284.200 n=68 sig=867.4+244.7*+39.6*
TAGSIG window=284.200 n=56 sig=867.4+244.7*+40.2+39.6*
TAGSIG window=284.200 n=34 sig=1212.9+244.7*+121.8+39.6*
TAGSIG window=284.200 n=34 sig=344.3
TAGSIG window=284.200 n=21 sig=244.7*+121.8+39.6*
TAGSIG window=284.200 n=20 sig=1212.9+244.7*+40.2+39.6*
TAGSIG window=284.200 n=19 sig=1212.9+244.7*+39.6*
TAGSIG window=284.200 n=19 sig=244.7*+39.6*
TAGSIG window=284.200 n=17 sig=867.4+244.7*+39.6*+39.6
TAGSIG window=284.200 n=17 sig=867.4+244.7*+39.6+39.6*
TAGSIG window=284.200 n=16 sig=1005.3+244.7*+121.8+39.6*
TAGSIG window=284.200 n=14 sig=1005.3+244.7*+40.2+39.6*
TAGSIG window=284.200 n=14 sig=244.7*+40.2+39.6*
TAGSIG window=284.200 n=13 sig=867.4+244.7*+121.8+39.6*+6.2
TAGSIG window=284.200 n=13 sig=1089.7+344.3
TAGSIG window=284.200 n=13 sig=1005.3+244.7*+39.6*
TAGSIG window=284.200 n=13 sig=867.4+244.7*+40.2+39.6*+5.6
TAGSIG window=284.200 n=13 sig=867.4+244.7*+45.5+39.6*
TAGSIG window=284.200 n=13 sig=964.1+121.8+40.2
TAGSIG window=284.200 n=12 sig=867.4+244.7*+39.6*+6.2
TAGSIG window=284.200 n=12 sig=1085.8+40.2
TAGSIG window=284.200 n=11 sig=1299.1+344.3
TAGSIG window=284.200 n=9 sig=411.1+344.3
TAGSIG window=284.200 n=8 sig=867.4+244.7*+39.6*+5.6
TAGSIG window=284.200 n=8 sig=1085.8
TAGSIG window=284.200 n=7 sig=1112.1+40.2
TAGSIG window=284.200 n=7 sig=926.3+244.7*+39.6*
TAGSIG window=284.200 n=7 sig=867.4+244.7*+39.6*+39.6+6.2
TAGSIG window=284.200 n=7 sig=867.4+244.7*+46.6+39.6*
TAGSIG window=284.200 n=7 sig=867.4+244.7*+45.3+39.6*
TAGSIG window=284.200 n=7 sig=964.1+40.2
TAGSIG window=284.200 n=6 sig=1212.9+244.7*+39.6*+39.6
TAGSIG window=284.200 n=6 sig=964.1+40.2+39.6
TAGSIG window=284.200 n=6 sig=1112.1+39.6
TAGSIG window=284.200 n=5 sig=1212.9+244.7*+39.6+39.6*
TAGSIG window=284.200 n=5 sig=1112.1+121.8+40.2
TAGSIG window=284.200 n=5 sig=719.4+244.7*+121.8+39.6*
TAGSIG window=284.200 n=5 sig=1085.8+39.6
TAGSIG window=284.200 n=5 sig=1112.1+40.2+40.2
TAGSIG window=284.200 n=5 sig=586.3+344.3
TAGSIG window=284.200 n=5 sig=1408.0+121.8+40.2
TAGSIG window=284.200 n=5 sig=867.4+244.7*+121.8+40.2
TAGSIG window=284.200 n=5 sig=964.1+39.6
TAGSIG window=284.200 n=5 sig=1112.1+121.8
TAGSIG window=284.200 n=4 sig=1212.9+244.7*+39.6*+5.6
TAGSIG window=284.200 n=4 sig=1212.9+244.7*+39.6*+6.2
TAGSIG window=284.200 n=4 sig=674.6+488.7+244.7*+121.8+39.6*
TAGSIG window=284.200 n=4 sig=1212.9+244.7*+40.2+39.6*+5.6
TAGSIG window=284.200 n=4 sig=1408.0+40.2
TAGSIG window=284.200 n=4 sig=444.0+244.7*+39.6*
TAGSIG window=284.200 n=4 sig=867.4+244.7*+40.2+39.6*+6.2
TAGSIG window=284.200 n=4 sig=1408.0+40.2+39.6
TAGSIG window=284.200 n=4 sig=411.1+367.8+344.3
TAGSIG window=284.200 n=4 sig=244.7*+39.6+39.6*
TAGSIG window=284.200 n=4 sig=1112.1
TAGSIG window=284.200 n=4 sig=867.4+244.7+121.8+39.6
TAGSIG window=284.200 n=4 sig=926.3+244.7*+121.8+39.6*
TAGSIG window=284.200 n=4 sig=926.3+244.7*+40.2+39.6*
TAGFULL window=284.200 n=735 full=244.7+39.6
TAGFULL window=284.200 n=511 full=-
TAGFULL window=284.200 n=25 full=244.7
TAGFULL window=284.200 n=10 full=40.2
TAGFULL window=284.200 n=8 full=121.8
TAGFULL window=284.200 n=8 full=244.7+40.2
TAGFULL window=284.200 n=5 full=39.6
TAGFULL window=284.200 n=2 full=45.5
TAGFULL window=284.200 n=1 full=251.7
TAG window=284.800 total=1897 distinct=437
TAGSIG window=284.800 n=174 sig=867.4+244.7*+121.8+40.2*
TAGSIG window=284.800 n=132 sig=778.9+344.3
TAGSIG window=284.800 n=104 sig=867.4+244.7*+40.2*
TAGSIG window=284.800 n=70 sig=1212.9+244.7*+121.8+40.2*
TAGSIG window=284.800 n=58 sig=867.4+244.7*+40.2*+39.6
TAGSIG window=284.800 n=54 sig=867.4+244.7*+40.2*+40.2
TAGSIG window=284.800 n=45 sig=1212.9+244.7*+40.2*
TAGSIG window=284.800 n=43 sig=244.7*+121.8+40.2*
TAGSIG window=284.800 n=43 sig=344.3
TAGSIG window=284.800 n=39 sig=867.4+244.7*+40.2+40.2*
TAGSIG window=284.800 n=31 sig=867.4+244.7*+45.5+40.2*
TAGSIG window=284.800 n=26 sig=867.4+244.7*+121.8+40.2*+5.6
TAGSIG window=284.800 n=25 sig=867.4+244.7*+40.2*+40.2+5.6
TAGSIG window=284.800 n=24 sig=244.7*+40.2*
TAGSIG window=284.800 n=22 sig=1005.3+244.7*+121.8+40.2*
TAGSIG window=284.800 n=22 sig=867.4+244.7*+40.2*+5.6
TAGSIG window=284.800 n=20 sig=1212.9+244.7*+40.2+40.2*
TAGSIG window=284.800 n=17 sig=244.7*+40.2*+40.2
TAGSIG window=284.800 n=16 sig=867.4+244.7*+40.2+40.2*+5.6
TAGSIG window=284.800 n=15 sig=1089.7+344.3
TAGSIG window=284.800 n=15 sig=1005.3+244.7*+40.2*
TAGSIG window=284.800 n=15 sig=1212.9+244.7*+40.2*+39.6
TAGSIG window=284.800 n=15 sig=867.4+244.7*+40.2*+39.6+5.6
TAGSIG window=284.800 n=14 sig=867.4+244.7*+45.3+40.2*
TAGSIG window=284.800 n=14 sig=1212.9+244.7*+40.2*+40.2
TAGSIG window=284.800 n=14 sig=926.3+244.7*+40.2*
TAGSIG window=284.800 n=13 sig=244.7*+40.2*+39.6
TAGSIG window=284.800 n=13 sig=244.7*+40.2+40.2*
TAGSIG window=284.800 n=13 sig=1299.1+344.3
TAGSIG window=284.800 n=12 sig=1212.9+244.7*+40.2*+5.6
TAGSIG window=284.800 n=10 sig=926.3+244.7*+121.8+40.2*
TAGSIG window=284.800 n=9 sig=1085.8+40.2
TAGSIG window=284.800 n=9 sig=719.4+244.7*+121.8+40.2*
TAGSIG window=284.800 n=9 sig=1408.0+121.8+40.2
TAGSIG window=284.800 n=9 sig=1085.8+39.6
TAGSIG window=284.800 n=9 sig=244.7*+40.2*+5.6
TAGSIG window=284.800 n=8 sig=1112.1+121.8+40.2
TAGSIG window=284.800 n=8 sig=1112.1+40.2
TAGSIG window=284.800 n=8 sig=1005.3+244.7*+40.2*+39.6
TAGSIG window=284.800 n=8 sig=964.1+121.8+40.2
TAGSIG window=284.800 n=8 sig=964.1+39.6
TAGSIG window=284.800 n=7 sig=411.1+344.3
TAGSIG window=284.800 n=7 sig=964.1+121.8
TAGSIG window=284.800 n=7 sig=1085.8
TAGSIG window=284.800 n=7 sig=244.7*+121.8+40.2*+5.6
TAGSIG window=284.800 n=7 sig=867.4+244.7*+40.2*+6.2
TAGSIG window=284.800 n=7 sig=964.1+40.2
TAGSIG window=284.800 n=7 sig=867.4+244.7*+46.6+40.2*
TAGSIG window=284.800 n=7 sig=1212.9+244.7*+45.3+40.2*
TAGSIG window=284.800 n=7 sig=674.6+488.7+244.7*+121.8+40.2*
TAGSIG window=284.800 n=7 sig=1005.3+244.7*+40.2+40.2*
TAGSIG window=284.800 n=7 sig=719.4+244.7*+40.2*
TAGSIG window=284.800 n=6 sig=867.4+244.7*+45.3+40.2*+5.6
TAGSIG window=284.800 n=6 sig=1212.9+244.7*+121.8+40.2*+5.6
TAGSIG window=284.800 n=6 sig=444.0+244.7*+40.2*
TAGSIG window=284.800 n=6 sig=1005.3+244.7*+40.2*+40.2
TAGSIG window=284.800 n=6 sig=1112.1+121.8
TAGSIG window=284.800 n=6 sig=444.0+244.7*+121.8+40.2*
TAGSIG window=284.800 n=6 sig=678.6+411.1+344.3
TAGSIG window=284.800 n=6 sig=1212.9+244.7*+45.5+40.2*
TAGFULL window=284.800 n=1347 full=244.7+40.2
TAGFULL window=284.800 n=514 full=-
TAGFULL window=284.800 n=10 full=121.8
TAGFULL window=284.800 n=10 full=40.2
TAGFULL window=284.800 n=6 full=39.6
TAGFULL window=284.800 n=4 full=244.7
TAGFULL window=284.800 n=3 full=45.5
TAGFULL window=284.800 n=1 full=45.3
TAGFULL window=284.800 n=1 full=45.5+40.2
TAGFULL window=284.800 n=1 full=46.6
TAG window=290.200 total=976 distinct=305
TAGSIG window=290.200 n=138 sig=778.9+344.3
TAGSIG window=290.200 n=36 sig=867.4+244.7*+121.8+45.5*
TAGSIG window=290.200 n=31 sig=344.3
TAGSIG window=290.200 n=23 sig=867.4+244.7*+45.5*
TAGSIG window=290.200 n=23 sig=867.4+244.7*+121.8+45.3*
TAGSIG window=290.200 n=20 sig=867.4+244.7*+45.5*+40.2
TAGSIG window=290.200 n=16 sig=1089.7+344.3
TAGSIG window=290.200 n=13 sig=1085.8+40.2
TAGSIG window=290.200 n=13 sig=1299.1+344.3
TAGSIG window=290.200 n=13 sig=244.7*+121.8+45.5*
TAGSIG window=290.200 n=13 sig=1212.9+244.7*+45.5*+40.2
TAGSIG window=290.200 n=12 sig=244.7*+45.3*
TAGSIG window=290.200 n=12 sig=867.4+244.7*+45.5*+39.6
TAGSIG window=290.200 n=12 sig=867.4+244.7*+45.3*
TAGSIG window=290.200 n=12 sig=867.4+244.7*+45.3*+40.2
TAGSIG window=290.200 n=11 sig=1112.1+121.8+40.2
TAGSIG window=290.200 n=10 sig=1408.0+121.8+40.2
TAGSIG window=290.200 n=10 sig=1212.9+244.7*+121.8+45.5*
TAGSIG window=290.200 n=9 sig=1085.8
TAGSIG window=290.200 n=9 sig=1212.9+244.7*+121.8+45.3*
TAGSIG window=290.200 n=9 sig=1212.9+244.7*+45.5*
TAGSIG window=290.200 n=9 sig=1085.8+39.6
TAGSIG window=290.200 n=9 sig=964.1+121.8
TAGSIG window=290.200 n=9 sig=678.6+411.1+344.3
TAGSIG window=290.200 n=8 sig=1005.3+244.7*+45.5*+40.2
TAGSIG window=290.200 n=8 sig=244.7*+121.8+45.3*
TAGSIG window=290.200 n=8 sig=1408.0+121.8+39.6
TAGSIG window=290.200 n=8 sig=964.1+40.2
TAGSIG window=290.200 n=8 sig=964.1+121.8+40.2
TAGSIG window=290.200 n=8 sig=411.1+367.8+344.3
TAGSIG window=290.200 n=7 sig=867.4+244.7*+45.3*+39.6
TAGSIG window=290.200 n=7 sig=656.5+244.7*+121.8+45.3*
TAGSIG window=290.200 n=7 sig=1212.9+244.7*+45.3*+40.2
TAGSIG window=290.200 n=7 sig=1005.3+244.7*+121.8+45.5*
TAGSIG window=290.200 n=6 sig=1408.0+121.8
TAGSIG window=290.200 n=6 sig=244.7*+45.5*+40.2
TAGSIG window=290.200 n=6 sig=1212.9+244.7*+45.3*
TAGSIG window=290.200 n=6 sig=1085.8+40.2+5.6
TAGSIG window=290.200 n=6 sig=244.7*+45.5*
TAGSIG window=290.200 n=5 sig=1112.1+121.8
TAGSIG window=290.200 n=5 sig=1112.1+121.8+39.6
TAGSIG window=290.200 n=5 sig=1112.1+40.2
TAGSIG window=290.200 n=5 sig=867.4+244.7*+45.5+45.5*
TAGSIG window=290.200 n=5 sig=964.1+444.0+121.8+40.2
TAGSIG window=290.200 n=5 sig=1408.0+40.2
TAGSIG window=290.200 n=4 sig=1085.8+45.3
TAGSIG window=290.200 n=4 sig=867.4+244.7*+45.5*+39.6+6.2
TAGSIG window=290.200 n=4 sig=1212.9+244.7*+45.5*+39.6
TAGSIG window=290.200 n=4 sig=586.3+503.5+344.3
TAGSIG window=290.200 n=4 sig=867.4+244.7*+45.5*+45.5
TAGSIG window=290.200 n=4 sig=867.4+244.7+121.8+40.2
TAGSIG window=290.200 n=4 sig=964.1+121.8+45.5
TAGSIG window=290.200 n=4 sig=964.1+40.2+39.6
TAGSIG window=290.200 n=3 sig=244.7*+45.5*+39.6
TAGSIG window=290.200 n=3 sig=1085.8+45.5
TAGSIG window=290.200 n=3 sig=444.0+244.7*+121.8+45.5*
TAGSIG window=290.200 n=3 sig=867.4+244.7*+45.5*+45.3
TAGSIG window=290.200 n=3 sig=1005.3+244.7*+45.3*
TAGSIG window=290.200 n=3 sig=867.4+244.7*+45.5*+5.6
TAGSIG window=290.200 n=3 sig=1005.3+244.7*+45.3*+40.2
TAGFULL window=290.200 n=546 full=-
TAGFULL window=290.200 n=256 full=244.7+45.5
TAGFULL window=290.200 n=150 full=244.7+45.3
TAGFULL window=290.200 n=8 full=121.8
TAGFULL window=290.200 n=5 full=244.7+45.8
TAGFULL window=290.200 n=4 full=244.7
TAGFULL window=290.200 n=2 full=39.6
TAGFULL window=290.200 n=2 full=40.2
TAGFULL window=290.200 n=1 full=40.2+39.6
TAGFULL window=290.200 n=1 full=42.4
TAGFULL window=290.200 n=1 full=45.3
TAG window=1447.500 total=401 distinct=49
TAGSIG window=1447.500 n=91 sig=1408.0*+121.8+39.6*
TAGSIG window=1447.500 n=72 sig=1408.0*+39.6*
TAGSIG window=1447.500 n=69 sig=1408.0*+40.2+39.6*
TAGSIG window=1447.500 n=17 sig=1408.0*+39.6+39.6*
TAGSIG window=1447.500 n=14 sig=1408.0*+39.6*+39.6
TAGSIG window=1447.500 n=14 sig=1408.0*+40.2+39.6*+5.6
TAGSIG window=1447.500 n=13 sig=1408.0*+121.8+39.6*+6.2
TAGSIG window=1447.500 n=10 sig=1408.0*+45.5+39.6*
TAGSIG window=1447.500 n=10 sig=1408.0*+39.6*+6.2
TAGSIG window=1447.500 n=8 sig=1408.0*+40.2+39.6*+6.2
TAGSIG window=1447.500 n=7 sig=1408.0*+39.6*+5.6
TAGSIG window=1447.500 n=6 sig=1408.0*+40.2+40.2
TAGSIG window=1447.500 n=5 sig=1408.0*+121.8+39.6*+7.2
TAGSIG window=1447.500 n=5 sig=1408.0*+45.3+39.6*
TAGSIG window=1447.500 n=5 sig=1408.0*+39.6*+39.6+6.2
TAGSIG window=1447.500 n=5 sig=1408.0*+39.6*+7.2
TAGSIG window=1447.500 n=4 sig=1408.0*+121.8+40.2
TAGSIG window=1447.500 n=3 sig=1408.0*+46.6+39.6*
TAGSIG window=1447.500 n=3 sig=1408.0*+40.2
TAGSIG window=1447.500 n=3 sig=1408.0*+39.6+39.6*+6.2
TAGSIG window=1447.500 n=2 sig=1408.0*+121.8+40.2*
TAGSIG window=1447.500 n=2 sig=1408.0*+39.6*+39.6+6.2+6.2
TAGSIG window=1447.500 n=2 sig=1408.0*+40.2*
TAGSIG window=1447.500 n=2 sig=1408.0*+40.2*+39.6
TAGSIG window=1447.500 n=2 sig=1408.0*+40.2+39.6*+6.6
TAGSIG window=1447.500 n=2 sig=1408.0*+40.2+39.6*+7.2
TAGSIG window=1447.500 n=2 sig=1408.0*+45.5+39.6*+6.2
TAGSIG window=1447.500 n=2 sig=1408.0*+45.5+40.2*
TAGSIG window=1447.500 n=1 sig=1408.0*+40.2+39.6*+6.2+1.1
TAGSIG window=1447.500 n=1 sig=1408.0*+40.2+39.6*+6.2+5.6
TAGSIG window=1447.500 n=1 sig=1408.0*+40.2*+6.2
TAGSIG window=1447.500 n=1 sig=1408.0*+40.2+39.6*+7.0
TAGSIG window=1447.500 n=1 sig=1408.0*+39.6+39.6*+7.2
TAGSIG window=1447.500 n=1 sig=1408.0*+39.6*+6.2+5.6
TAGSIG window=1447.500 n=1 sig=1408.0*+40.2+40.2+5.6
TAGSIG window=1447.500 n=1 sig=1408.0*+40.2+6.6
TAGSIG window=1447.500 n=1 sig=1408.0*+40.2+7.4
TAGSIG window=1447.500 n=1 sig=1408.0*+39.6*+39.6+5.6
TAGSIG window=1447.500 n=1 sig=1408.0*+45.3+39.6*+6.2
TAGSIG window=1447.500 n=1 sig=1408.0*+45.3+39.6*+7.2
TAGSIG window=1447.500 n=1 sig=1408.0*+45.5
TAGSIG window=1447.500 n=1 sig=1408.0*+39.6*+1.1
TAGSIG window=1447.500 n=1 sig=1408.0*+45.5+39.6*+5.6
TAGSIG window=1447.500 n=1 sig=1408.0*+39.6+39.6*+6.2+6.2
TAGSIG window=1447.500 n=1 sig=1408.0*+39.6*+6.6+6.2
TAGSIG window=1447.500 n=1 sig=1408.0*+121.8+39.6*+5.6
TAGSIG window=1447.500 n=1 sig=1408.0*+46.6+39.6*+5.6
TAGSIG window=1447.500 n=1 sig=1408.0*+46.9+39.6*
TAGSIG window=1447.500 n=1 sig=964.1*+444.0*+40.2+39.6*+6.6
TAGFULL window=1447.500 n=374 full=1408.0+39.6
TAGFULL window=1447.500 n=17 full=1408.0
TAGFULL window=1447.500 n=9 full=1408.0+40.2
TAGFULL window=1447.500 n=1 full=964.1+444.0+39.6
TAG window=1448.100 total=658 distinct=43
TAGSIG window=1448.100 n=191 sig=1408.0*+121.8+40.2*
TAGSIG window=1448.100 n=141 sig=1408.0*+40.2*
TAGSIG window=1448.100 n=57 sig=1408.0*+40.2*+39.6
TAGSIG window=1448.100 n=49 sig=1408.0*+40.2+40.2*
TAGSIG window=1448.100 n=42 sig=1408.0*+40.2*+40.2
TAGSIG window=1448.100 n=27 sig=1408.0*+121.8+40.2*+5.6
TAGSIG window=1448.100 n=20 sig=1408.0*+40.2*+5.6
TAGSIG window=1448.100 n=17 sig=1408.0*+45.5+40.2*
TAGSIG window=1448.100 n=16 sig=1408.0*+40.2+40.2*+5.6
TAGSIG window=1448.100 n=14 sig=1408.0*+40.2*+40.2+5.6
TAGSIG window=1448.100 n=9 sig=1408.0*+40.2*+6.2
TAGSIG window=1448.100 n=7 sig=1408.0*+40.2*+39.6+5.6
TAGSIG window=1448.100 n=7 sig=1408.0*+40.2*+39.6+6.2
TAGSIG window=1448.100 n=6 sig=1408.0*+45.3+40.2*
TAGSIG window=1448.100 n=5 sig=1408.0*+121.8+40.2*+6.6
TAGSIG window=1448.100 n=5 sig=1408.0*+46.6+40.2*
TAGSIG window=1448.100 n=4 sig=1408.0*+40.2*+39.6+6.6
TAGSIG window=1448.100 n=4 sig=1408.0*+40.2+40.2*+6.6
TAGSIG window=1448.100 n=3 sig=1408.0*+45.3+40.2*+5.6
TAGSIG window=1448.100 n=2 sig=1408.0*+40.2*+40.2+6.6
TAGSIG window=1448.100 n=2 sig=1408.0*+121.8+40.2*+5.0
TAGSIG window=1448.100 n=2 sig=1408.0*+40.2*+1.1
TAGSIG window=1448.100 n=2 sig=1408.0*+40.2*+1.3
TAGSIG window=1448.100 n=2 sig=1408.0*+40.2*+40.2+5.0
TAGSIG window=1448.100 n=2 sig=1408.0*+40.2*+40.2+5.6+5.6
TAGSIG window=1448.100 n=2 sig=1408.0*+40.2*+5.6+5.6
TAGSIG window=1448.100 n=2 sig=1408.0*+40.2*+6.6
TAGSIG window=1448.100 n=2 sig=1408.0*+40.2+40.2*+5.0
TAGSIG window=1448.100 n=2 sig=1408.0*+45.5+40.2*+5.6
TAGSIG window=1448.100 n=1 sig=1408.0*+40.2*+39.6+7.2+5.6
TAGSIG window=1448.100 n=1 sig=1408.0*+40.2+40.2*+1.3
TAGSIG window=1448.100 n=1 sig=1408.0*+40.2*+39.6+7.2+6.6
TAGSIG window=1448.100 n=1 sig=1408.0*+40.2*+5.0
TAGSIG window=1448.100 n=1 sig=1408.0*+121.8+40.2*+1.1
TAGSIG window=1448.100 n=1 sig=1408.0*+40.2*+39.6+5.6+5.6
TAGSIG window=1448.100 n=1 sig=1408.0*+40.2*+39.6+6.2+5.6
TAGSIG window=1448.100 n=1 sig=1408.0*+40.2*+6.2+5.6
TAGSIG window=1448.100 n=1 sig=1408.0*+45.5+40.2*+5.0
TAGSIG window=1448.100 n=1 sig=1408.0*+40.2*+6.3
TAGSIG window=1448.100 n=1 sig=1408.0*+40.2*+39.6+7.2
TAGSIG window=1448.100 n=1 sig=1408.0*+46.6+40.2*+5.6
TAGSIG window=1448.100 n=1 sig=1408.0*+46.9+40.2*+6.6
TAGSIG window=1448.100 n=1 sig=964.1*+444.0*+40.2+40.2*+5.6
TAGFULL window=1448.100 n=657 full=1408.0+40.2
TAGFULL window=1448.100 n=1 full=964.1+444.0+40.2
TAG window=1453.500 total=235 distinct=32
TAGSIG window=1453.500 n=42 sig=1408.0*+45.5*
TAGSIG window=1453.500 n=38 sig=1408.0*+121.8+45.3*
TAGSIG window=1453.500 n=33 sig=1408.0*+121.8+45.5*
TAGSIG window=1453.500 n=22 sig=1408.0*+45.5*+40.2
TAGSIG window=1453.500 n=18 sig=1408.0*+45.3*
TAGSIG window=1453.500 n=17 sig=1408.0*+45.3*+40.2
TAGSIG window=1453.500 n=14 sig=1408.0*+45.5*+39.6
TAGSIG window=1453.500 n=8 sig=1408.0*+45.5*+45.3
TAGSIG window=1453.500 n=5 sig=1408.0*+45.5+45.3*
TAGSIG window=1453.500 n=3 sig=1408.0*+45.3*+39.6
TAGSIG window=1453.500 n=3 sig=1408.0*+45.5*+40.2+5.6
TAGSIG window=1453.500 n=3 sig=1408.0*+45.5*+45.5
TAGSIG window=1453.500 n=3 sig=1408.0*+45.5+45.5*
TAGSIG window=1453.500 n=3 sig=1408.0*+46.6+45.5*
TAGSIG window=1453.500 n=2 sig=1408.0*+45.3*+40.2+5.6
TAGSIG window=1453.500 n=2 sig=1408.0*+45.3*+45.3
TAGSIG window=1453.500 n=2 sig=1408.0*+45.5*+39.6+6.2
TAGSIG window=1453.500 n=2 sig=1408.0*+45.8*
TAGSIG window=1453.500 n=2 sig=1408.0*+46.6+45.3*
TAGSIG window=1453.500 n=1 sig=1299.1*+344.3
TAGSIG window=1453.500 n=1 sig=1408.0*+121.8+45.8*
TAGSIG window=1453.500 n=1 sig=1408.0*+121.8+46.6
TAGSIG window=1453.500 n=1 sig=1408.0*+45.3*+39.6+6.2
TAGSIG window=1453.500 n=1 sig=1408.0*+45.3*+39.6+7.2
TAGSIG window=1453.500 n=1 sig=1408.0*+45.3*+5.6
TAGSIG window=1453.500 n=1 sig=1408.0*+45.5*+39.6+1.1
TAGSIG window=1453.500 n=1 sig=1408.0*+45.5*+40.2+6.6
TAGSIG window=1453.500 n=1 sig=1408.0*+45.5*+5.6
TAGSIG window=1453.500 n=1 sig=1408.0*+45.8*+39.6
TAGSIG window=1453.500 n=1 sig=1408.0*+46.8+45.3*
TAGSIG window=1453.500 n=1 sig=1408.0*+46.9+45.5*
TAGSIG window=1453.500 n=1 sig=964.1*+444.0*+45.5*+40.2+5.6
TAGFULL window=1453.500 n=137 full=1408.0+45.5
TAGFULL window=1453.500 n=91 full=1408.0+45.3
TAGFULL window=1453.500 n=4 full=1408.0+45.8
TAGFULL window=1453.500 n=1 full=1299.1
TAGFULL window=1453.500 n=1 full=1408.0
TAGFULL window=1453.500 n=1 full=964.1+444.0+45.5
TAG window=1003.600 total=534 distinct=146
TAGSIG window=1003.600 n=92 sig=964.1*+121.8+39.6*
TAGSIG window=1003.600 n=56 sig=964.1*+40.2+39.6*
TAGSIG window=1003.600 n=54 sig=964.1*+39.6*
TAGSIG window=1003.600 n=18 sig=964.1*+121.8+39.6*+6.2
TAGSIG window=1003.600 n=18 sig=964.1*+39.6*+39.6
TAGSIG window=1003.600 n=13 sig=964.1*+39.6*+6.2
TAGSIG window=1003.600 n=11 sig=1408.0+121.8+40.2
TAGSIG window=1003.600 n=11 sig=964.1*+39.6+39.6*
TAGSIG window=1003.600 n=9 sig=1408.0+121.8+39.6
TAGSIG window=1003.600 n=8 sig=964.1*+40.2+39.6*+5.6
TAGSIG window=1003.600 n=8 sig=964.1*+40.2+39.6*+6.2
TAGSIG window=1003.600 n=7 sig=964.1*+121.8+40.2
TAGSIG window=1003.600 n=7 sig=1299.1+344.3
TAGSIG window=1003.600 n=7 sig=964.1*+444.0+121.8+39.6*
TAGSIG window=1003.600 n=7 sig=964.1*+45.5+39.6*
TAGSIG window=1003.600 n=6 sig=1408.0+121.8
TAGSIG window=1003.600 n=6 sig=964.1*+444.0+39.6*
TAGSIG window=1003.600 n=5 sig=964.1*+39.6*+5.6
TAGSIG window=1003.600 n=5 sig=1408.0
TAGSIG window=1003.600 n=5 sig=964.1*+45.3+39.6*
TAGSIG window=1003.600 n=5 sig=1408.0+121.8+45.5
TAGSIG window=1003.600 n=5 sig=1408.0+40.2+39.6
TAGSIG window=1003.600 n=5 sig=964.1*+444.0+40.2+39.6*
TAGSIG window=1003.600 n=5 sig=964.1*+39.6*+39.6+6.2
TAGSIG window=1003.600 n=4 sig=1408.0+40.2
TAGSIG window=1003.600 n=4 sig=964.1*+444.0+39.6*+6.2
TAGSIG window=1003.600 n=3 sig=964.1*+40.2+39.6*+7.2
TAGSIG window=1003.600 n=3 sig=964.1*+39.6+39.6*+6.2
TAGSIG window=1003.600 n=3 sig=964.1*+40.2+39.6*+6.6
TAGSIG window=1003.600 n=3 sig=964.1*+444.0+39.6*+39.6
TAGSIG window=1003.600 n=3 sig=1408.0+40.2+40.2
TAGSIG window=1003.600 n=3 sig=964.1*+444.0+45.5+39.6*
TAGSIG window=1003.600 n=3 sig=963.4*+686.5+40.2*
TAGSIG window=1003.600 n=3 sig=964.1*+46.6+39.6*
TAGSIG window=1003.600 n=2 sig=1408.0+45.3
TAGSIG window=1003.600 n=2 sig=1408.0+121.8+45.3
TAGSIG window=1003.600 n=2 sig=1408.0+121.8+40.2*
TAGSIG window=1003.600 n=2 sig=964.1*+40.2+39.6+6.2
TAGSIG window=1003.600 n=2 sig=1408.0+121.8+46.6
TAGSIG window=1003.600 n=2 sig=1457.6+121.8+40.2
TAGSIG window=1003.600 n=2 sig=964.1*+444.0+121.8+39.6*+6.2
TAGSIG window=1003.600 n=2 sig=964.1*+444.0+121.8+40.2
TAGSIG window=1003.600 n=2 sig=1408.0+39.6
TAGSIG window=1003.600 n=2 sig=1112.1+121.8*+40.2
TAGSIG window=1003.600 n=2 sig=964.1*+40.2+40.2
TAGSIG window=1003.600 n=2 sig=1408.0+45.5
TAGSIG window=1003.600 n=2 sig=964.1*+40.2
TAGSIG window=1003.600 n=2 sig=1112.1+40.2
TAGSIG window=1003.600 n=2 sig=963.4*+329.4+40.2*
TAGSIG window=1003.600 n=2 sig=964.1*+46.8+39.6*
TAGSIG window=1003.600 n=2 sig=964.1*+564.0+40.2+39.6*
TAGSIG window=1003.600 n=1 sig=1408.0+121.8+6.3
TAGSIG window=1003.600 n=1 sig=1408.0+121.8+7.2
TAGSIG window=1003.600 n=1 sig=1408.0+39.6+39.6
TAGSIG window=1003.600 n=1 sig=1408.0+39.6+6.2
TAGSIG window=1003.600 n=1 sig=1408.0+40.2*+40.2
TAGSIG window=1003.600 n=1 sig=1408.0+40.2+39.6+5.6
TAGSIG window=1003.600 n=1 sig=1408.0+40.2+39.6+6.2
TAGSIG window=1003.600 n=1 sig=1408.0+40.2+40.2+5.6
TAGSIG window=1003.600 n=1 sig=1408.0+40.2+40.2+5.6+5.6
TAGFULL window=1003.600 n=375 full=964.1+39.6
TAGFULL window=1003.600 n=111 full=-
TAGFULL window=1003.600 n=23 full=964.1
TAGFULL window=1003.600 n=7 full=121.8
TAGFULL window=1003.600 n=6 full=963.4+40.2
TAGFULL window=1003.600 n=5 full=40.2
TAGFULL window=1003.600 n=4 full=964.1+40.2
TAGFULL window=1003.600 n=2 full=444.0
TAGFULL window=1003.600 n=1 full=344.3
TAG window=1004.200 total=804 distinct=132
TAGSIG window=1004.200 n=157 sig=964.1*+121.8+40.2*
TAGSIG window=1004.200 n=124 sig=964.1*+40.2*
TAGSIG window=1004.200 n=53 sig=964.1*+40.2+40.2*
TAGSIG window=1004.200 n=40 sig=964.1*+40.2*+39.6
TAGSIG window=1004.200 n=40 sig=964.1*+40.2*+40.2
TAGSIG window=1004.200 n=29 sig=964.1*+121.8+40.2*+5.6
TAGSIG window=1004.200 n=20 sig=964.1*+444.0+121.8+40.2*
TAGSIG window=1004.200 n=19 sig=964.1*+444.0+40.2*
TAGSIG window=1004.200 n=17 sig=964.1*+40.2*+5.6
TAGSIG window=1004.200 n=17 sig=964.1*+45.5+40.2*
TAGSIG window=1004.200 n=13 sig=964.1*+40.2+40.2*+5.6
TAGSIG window=1004.200 n=13 sig=964.1*+40.2*+40.2+5.6
TAGSIG window=1004.200 n=13 sig=964.1*+45.3+40.2*
TAGSIG window=1004.200 n=11 sig=964.1*+46.6+40.2*
TAGSIG window=1004.200 n=10 sig=1408.0+121.8+40.2
TAGSIG window=1004.200 n=10 sig=964.1*+444.0+40.2*+40.2
TAGSIG window=1004.200 n=9 sig=964.1*+40.2*+39.6+5.6
TAGSIG window=1004.200 n=8 sig=964.1*+444.0+40.2+40.2*
TAGSIG window=1004.200 n=7 sig=964.1*+564.0+40.2*+39.6
TAGSIG window=1004.200 n=7 sig=964.1*+40.2*+6.6
TAGSIG window=1004.200 n=6 sig=964.1*+121.8+40.2*+6.6
TAGSIG window=1004.200 n=6 sig=1408.0+40.2
TAGSIG window=1004.200 n=6 sig=1408.0+121.8
TAGSIG window=1004.200 n=6 sig=964.1*+40.2*+39.6+6.2
TAGSIG window=1004.200 n=5 sig=1408.0+45.5+40.2
TAGSIG window=1004.200 n=4 sig=964.1*+45.5+40.2*+5.6
TAGSIG window=1004.200 n=4 sig=1408.0+121.8+45.5
TAGSIG window=1004.200 n=4 sig=1408.0+45.3
TAGSIG window=1004.200 n=4 sig=1299.1+344.3
TAGSIG window=1004.200 n=4 sig=964.1*+40.2*+6.2
TAGSIG window=1004.200 n=3 sig=1408.0+121.8+39.6
TAGSIG window=1004.200 n=3 sig=964.1*+40.2*+40.2+6.6
TAGSIG window=1004.200 n=3 sig=1408.0
TAGSIG window=1004.200 n=3 sig=964.1*+444.0+121.8+40.2*+5.6
TAGSIG window=1004.200 n=3 sig=1408.0+40.2+39.6
TAGSIG window=1004.200 n=3 sig=964.1*+444.0+40.2*+39.6
TAGSIG window=1004.200 n=3 sig=964.1*+444.0+40.2*+5.6
TAGSIG window=1004.200 n=3 sig=1408.0+121.8+46.6
TAGSIG window=1004.200 n=3 sig=1408.0+121.8+40.2*
TAGSIG window=1004.200 n=2 sig=1112.1+121.8
TAGSIG window=1004.200 n=2 sig=964.1*+40.2*+39.6+7.2
TAGSIG window=1004.200 n=2 sig=964.1*+40.2*+7.2
TAGSIG window=1004.200 n=2 sig=1408.0+121.8*+40.2
TAGSIG window=1004.200 n=2 sig=964.1*+40.2+40.2*+6.6
TAGSIG window=1004.200 n=2 sig=964.1*+40.2*+5.6+5.6
TAGSIG window=1004.200 n=2 sig=1457.6+40.2+39.6
TAGSIG window=1004.200 n=2 sig=1408.0+39.6+39.6
TAGSIG window=1004.200 n=2 sig=964.1*+444.0+40.2+40.2*+5.6
TAGSIG window=1004.200 n=2 sig=964.1*+444.0+45.3+40.2*
TAGSIG window=1004.200 n=2 sig=964.1*+444.0+45.5+40.2*
TAGSIG window=1004.200 n=2 sig=1408.0+39.6
TAGSIG window=1004.200 n=2 sig=964.1*+45.3+40.2*+6.6
TAGSIG window=1004.200 n=2 sig=964.1*+121.8+40.2*+1.1
TAGSIG window=1004.200 n=2 sig=964.1*+564.0+121.8+40.2*
TAGSIG window=1004.200 n=2 sig=964.1*+564.0+121.8+40.2*+5.6
TAGSIG window=1004.200 n=2 sig=964.1*+564.0+40.2*+40.2+5.6
TAGSIG window=1004.200 n=2 sig=964.1*+564.0+40.2+40.2*
TAGSIG window=1004.200 n=1 sig=1408.0+45.5+39.6
TAGSIG window=1004.200 n=1 sig=1408.0+46.6
TAGSIG window=1004.200 n=1 sig=1457.6
TAGFULL window=1004.200 n=695 full=964.1+40.2
TAGFULL window=1004.200 n=96 full=-
TAGFULL window=1004.200 n=4 full=40.2
TAGFULL window=1004.200 n=3 full=121.8
TAGFULL window=1004.200 n=2 full=344.3
TAGFULL window=1004.200 n=2 full=444.0
TAGFULL window=1004.200 n=1 full=719.4+244.7+40.2
TAGFULL window=1004.200 n=1 full=964.1
TAG window=1009.600 total=364 distinct=108
TAGSIG window=1009.600 n=49 sig=964.1*+121.8+45.5*
TAGSIG window=1009.600 n=33 sig=964.1*+45.5*
TAGSIG window=1009.600 n=23 sig=964.1*+45.3*
TAGSIG window=1009.600 n=20 sig=1408.0+121.8+40.2
TAGSIG window=1009.600 n=18 sig=964.1*+121.8+45.3*
TAGSIG window=1009.600 n=18 sig=964.1*+45.5*+40.2
TAGSIG window=1009.600 n=14 sig=964.1*+45.3*+40.2
TAGSIG window=1009.600 n=13 sig=964.1*+45.5*+39.6
TAGSIG window=1009.600 n=8 sig=1408.0+39.6
TAGSIG window=1009.600 n=6 sig=1299.1+344.3
TAGSIG window=1009.600 n=6 sig=1408.0+121.8+39.6
TAGSIG window=1009.600 n=5 sig=1408.0+121.8
TAGSIG window=1009.600 n=5 sig=1408.0+40.2+40.2
TAGSIG window=1009.600 n=5 sig=964.1*+45.5*+45.3
TAGSIG window=1009.600 n=4 sig=964.1*+444.0+121.8+45.5*
TAGSIG window=1009.600 n=4 sig=964.1*+45.3*+39.6
TAGSIG window=1009.600 n=4 sig=964.1*+444.0+121.8+45.3*
TAGSIG window=1009.600 n=4 sig=964.1*+444.0+45.5*+40.2
TAGSIG window=1009.600 n=3 sig=1408.0+40.2
TAGSIG window=1009.600 n=3 sig=1408.0+121.8+40.2+5.6
TAGSIG window=1009.600 n=3 sig=1112.1+121.8+40.2
TAGSIG window=1009.600 n=3 sig=1408.0+121.8+45.3
TAGSIG window=1009.600 n=3 sig=1408.0+121.8+45.5
TAGSIG window=1009.600 n=3 sig=1408.0
TAGSIG window=1009.600 n=3 sig=964.1*+45.5*+39.6+5.6
TAGSIG window=1009.600 n=3 sig=964.1*+45.5*+45.5
TAGSIG window=1009.600 n=3 sig=964.1*+45.5+45.3*
TAGSIG window=1009.600 n=2 sig=964.1*+444.0+45.3*+39.6
TAGSIG window=1009.600 n=2 sig=964.1*+444.0+45.5*+39.6
TAGSIG window=1009.600 n=2 sig=964.1*+444.0+45.5*+39.6+6.2
TAGSIG window=1009.600 n=2 sig=1408.0+45.5
TAGSIG window=1009.600 n=2 sig=1408.0+40.2+39.6
TAGSIG window=1009.600 n=2 sig=1408.0+40.2+40.2+5.6
TAGSIG window=1009.600 n=2 sig=1408.0+40.2+5.6
TAGSIG window=1009.600 n=2 sig=1408.0+45.5+39.6
TAGSIG window=1009.600 n=2 sig=1408.0+45.5*
TAGSIG window=1009.600 n=2 sig=1408.0+5.6
TAGSIG window=1009.600 n=2 sig=964.1*+45.5*+39.6+6.2
TAGSIG window=1009.600 n=2 sig=964.1*+45.5*+40.2+5.6
TAGSIG window=1009.600 n=2 sig=1408.0+121.8+39.6+6.2
TAGSIG window=1009.600 n=2 sig=1408.0+45.3+40.2
TAGSIG window=1009.600 n=2 sig=964.1*+45.5*+5.6
TAGSIG window=1009.600 n=2 sig=1112.1+121.8
TAGSIG window=1009.600 n=2 sig=964.1*+564.0+45.5*
TAGSIG window=1009.600 n=1 sig=1408.0+39.6+6.2
TAGSIG window=1009.600 n=1 sig=1408.0+39.6+6.3
TAGSIG window=1009.600 n=1 sig=1408.0+40.2*
TAGSIG window=1009.600 n=1 sig=1408.0+40.2*+5.6
TAGSIG window=1009.600 n=1 sig=1408.0+40.2+39.6+6.2
TAGSIG window=1009.600 n=1 sig=1408.0+40.2+6.2
TAGSIG window=1009.600 n=1 sig=1408.0+45.3+39.6+5.0
TAGSIG window=1009.600 n=1 sig=1408.0+45.5+1.1
TAGSIG window=1009.600 n=1 sig=1408.0+45.5+40.2
TAGSIG window=1009.600 n=1 sig=1408.0+45.5+45.5
TAGSIG window=1009.600 n=1 sig=1085.8+444.0*+40.2+5.6
TAGSIG window=1009.600 n=1 sig=1408.0+46.6*
TAGSIG window=1009.600 n=1 sig=1408.0+46.6+45.5
TAGSIG window=1009.600 n=1 sig=1085.8+45.5
TAGSIG window=1009.600 n=1 sig=1528.0+121.8+46.6
TAGSIG window=1009.600 n=1 sig=1528.0+39.6
TAGFULL window=1009.600 n=154 full=964.1+45.5
TAGFULL window=1009.600 n=114 full=-
TAGFULL window=1009.600 n=79 full=964.1+45.3
TAGFULL window=1009.600 n=4 full=121.8
TAGFULL window=1009.600 n=3 full=40.2
TAGFULL window=1009.600 n=2 full=45.5
TAGFULL window=1009.600 n=2 full=964.1+45.8
TAGFULL window=1009.600 n=1 full=244.7+40.2
TAGFULL window=1009.600 n=1 full=39.6
TAGFULL window=1009.600 n=1 full=444.0
TAGFULL window=1009.600 n=1 full=46.6
TAGFULL window=1009.600 n=1 full=963.4+46.6
TAGFULL window=1009.600 n=1 full=964.1
TAG window=1125.400 total=317 distinct=72
TAGSIG window=1125.400 n=133 sig=1085.8*+39.6*
TAGSIG window=1125.400 n=21 sig=1085.8*+39.6*+6.2
TAGSIG window=1125.400 n=21 sig=1085.8*+444.0+39.6*
TAGSIG window=1125.400 n=14 sig=1408.0+121.8+40.2
TAGSIG window=1125.400 n=11 sig=1408.0+121.8+39.6
TAGSIG window=1125.400 n=8 sig=1408.0+121.8
TAGSIG window=1125.400 n=8 sig=964.1*+121.8*+39.6*
TAGSIG window=1125.400 n=6 sig=1408.0+39.6
TAGSIG window=1125.400 n=5 sig=1085.8*+444.0+39.6*+6.2
TAGSIG window=1125.400 n=5 sig=1408.0+40.2
TAGSIG window=1125.400 n=4 sig=1408.0
TAGSIG window=1125.400 n=3 sig=1085.8*+39.6*+5.6
TAGSIG window=1125.400 n=3 sig=1408.0+121.8+40.2+5.6
TAGSIG window=1125.400 n=3 sig=1299.1+344.3
TAGSIG window=1125.400 n=3 sig=1085.8*+564.0+39.6*
TAGSIG window=1125.400 n=3 sig=1408.0+121.8+46.6
TAGSIG window=1125.400 n=3 sig=1408.0+40.2+5.6
TAGSIG window=1125.400 n=2 sig=1085.8*+39.6*+7.2
TAGSIG window=1125.400 n=2 sig=1112.1*+45.5+40.2
TAGSIG window=1125.400 n=2 sig=1112.1*+121.8+45.5
TAGSIG window=1125.400 n=2 sig=1408.0+121.8+45.5
TAGSIG window=1125.400 n=2 sig=1408.0+40.2+39.6
TAGSIG window=1125.400 n=2 sig=1408.0+40.2+40.2
TAGSIG window=1125.400 n=2 sig=1408.0+45.3
TAGSIG window=1125.400 n=2 sig=1408.0+45.5+39.6
TAGSIG window=1125.400 n=1 sig=1085.8*+444.0+39.6*+5.6
TAGSIG window=1125.400 n=1 sig=1112.1*+40.2+39.6+5.6
TAGSIG window=1125.400 n=1 sig=1112.1*+45.3+1.1
TAGSIG window=1125.400 n=1 sig=1112.1*+45.3+40.2
TAGSIG window=1125.400 n=1 sig=1112.1*+45.5+39.6
TAGSIG window=1125.400 n=1 sig=1112.1+121.8+45.5*
TAGSIG window=1125.400 n=1 sig=1408.0+121.8+1.1
TAGSIG window=1125.400 n=1 sig=1408.0+121.8+39.6+6.2
TAGSIG window=1125.400 n=1 sig=1408.0+121.8+40.2+1.1
TAGSIG window=1125.400 n=1 sig=1408.0+121.8+40.2+6.6
TAGSIG window=1125.400 n=1 sig=1408.0+121.8+45.3
TAGSIG window=1125.400 n=1 sig=1408.0+121.8+45.3+1.1
TAGSIG window=1125.400 n=1 sig=1085.8*+39.6*+1.1
TAGSIG window=1125.400 n=1 sig=1085.8*+40.2
TAGSIG window=1125.400 n=1 sig=1408.0+121.8+6.2
TAGSIG window=1125.400 n=1 sig=1085.8*+40.2*
TAGSIG window=1125.400 n=1 sig=1408.0+39.6+39.6*+6.2+6.2
TAGSIG window=1125.400 n=1 sig=1085.8*+40.2*+6.6
TAGSIG window=1125.400 n=1 sig=1408.0+40.2*+40.2+5.6
TAGSIG window=1125.400 n=1 sig=1085.8*+444.0+39.6*+7.2
TAGSIG window=1125.400 n=1 sig=1408.0+40.2+39.6*+5.6
TAGSIG window=1125.400 n=1 sig=1408.0+40.2+39.6+6.2
TAGSIG window=1125.400 n=1 sig=1408.0+40.2+39.6+6.2+5.6
TAGSIG window=1125.400 n=1 sig=1085.8*+444.0+40.2*
TAGSIG window=1125.400 n=1 sig=1085.8+444.0*+39.6
TAGSIG window=1125.400 n=1 sig=1408.0+40.2+6.6
TAGSIG window=1125.400 n=1 sig=1085.8+444.0*+40.2+5.6
TAGSIG window=1125.400 n=1 sig=1408.0+45.3*+40.2+5.6
TAGSIG window=1125.400 n=1 sig=1408.0+45.3+40.2
TAGSIG window=1125.400 n=1 sig=1408.0+45.3+40.2+6.6
TAGSIG window=1125.400 n=1 sig=1408.0+45.3+45.3
TAGSIG window=1125.400 n=1 sig=1408.0+45.5
TAGSIG window=1125.400 n=1 sig=1085.8+45.5*
TAGSIG window=1125.400 n=1 sig=1408.0+45.5+40.2
TAGSIG window=1125.400 n=1 sig=1408.0+46.6+40.2
TAGFULL window=1125.400 n=191 full=1085.8+39.6
TAGFULL window=1125.400 n=91 full=-
TAGFULL window=1125.400 n=9 full=1112.1
TAGFULL window=1125.400 n=8 full=964.1+121.8+39.6
TAGFULL window=1125.400 n=3 full=1085.8+40.2
TAGFULL window=1125.400 n=3 full=444.0
TAGFULL window=1125.400 n=2 full=39.6
TAGFULL window=1125.400 n=2 full=45.5
TAGFULL window=1125.400 n=1 full=1085.8
TAGFULL window=1125.400 n=1 full=40.2
TAGFULL window=1125.400 n=1 full=45.3
TAGFULL window=1125.400 n=1 full=520.2
TAGFULL window=1125.400 n=1 full=564.0
TAGFULL window=1125.400 n=1 full=964.1
TAGFULL window=1125.400 n=1 full=964.1+121.8
TAGFULL window=1125.400 n=1 full=964.1+121.8+40.2
TAG window=1126.000 total=476 distinct=66
TAGSIG window=1126.000 n=249 sig=1085.8*+40.2*
TAGSIG window=1126.000 n=39 sig=1085.8*+40.2*+5.6
TAGSIG window=1126.000 n=33 sig=1085.8*+444.0+40.2*
TAGSIG window=1126.000 n=15 sig=1408.0+121.8+40.2
TAGSIG window=1126.000 n=13 sig=964.1*+121.8*+40.2*
TAGSIG window=1126.000 n=12 sig=1408.0+121.8+39.6
TAGSIG window=1126.000 n=10 sig=1408.0+121.8
TAGSIG window=1126.000 n=7 sig=1408.0+121.8+45.5
TAGSIG window=1126.000 n=7 sig=1299.1+344.3
TAGSIG window=1126.000 n=6 sig=1408.0
TAGSIG window=1126.000 n=5 sig=1408.0+40.2
TAGSIG window=1126.000 n=4 sig=1085.8*+444.0+40.2*+5.6
TAGSIG window=1126.000 n=4 sig=1085.8*+564.0+40.2*
TAGSIG window=1126.000 n=3 sig=1085.8*+40.2*+6.6
TAGSIG window=1126.000 n=3 sig=1408.0+121.8+40.2+5.6
TAGSIG window=1126.000 n=3 sig=1408.0+39.6
TAGSIG window=1126.000 n=3 sig=1408.0+45.5+39.6
TAGSIG window=1126.000 n=2 sig=1408.0+121.8+45.3
TAGSIG window=1126.000 n=2 sig=1085.8*+40.2*+5.0
TAGSIG window=1126.000 n=2 sig=1085.8*+285.9+40.2*
TAGSIG window=1126.000 n=2 sig=1085.8*+444.0+40.2*+6.6
TAGSIG window=1126.000 n=2 sig=1408.0+40.2+39.6
TAGSIG window=1126.000 n=2 sig=1408.0+40.2+40.2
TAGSIG window=1126.000 n=2 sig=1408.0+40.2+5.6
TAGSIG window=1126.000 n=2 sig=1408.0+45.3
TAGSIG window=1126.000 n=2 sig=1408.0+45.3+40.2
TAGSIG window=1126.000 n=2 sig=1408.0+45.5+40.2
TAGSIG window=1126.000 n=2 sig=964.1*+444.0+121.8*+40.2*
TAGSIG window=1126.000 n=1 sig=1212.9+244.7*+6.2
TAGSIG window=1126.000 n=1 sig=1212.9+244.7+39.6+6.2
TAGSIG window=1126.000 n=1 sig=1408.0+121.8*
TAGSIG window=1126.000 n=1 sig=1408.0+121.8*+45.3
TAGSIG window=1126.000 n=1 sig=1408.0+121.8+45.3+1.1
TAGSIG window=1126.000 n=1 sig=1408.0+121.8+46.6
TAGSIG window=1126.000 n=1 sig=1408.0+121.8+6.6
TAGSIG window=1126.000 n=1 sig=1085.8*+40.2*+1.1
TAGSIG window=1126.000 n=1 sig=1408.0+39.6+39.6
TAGSIG window=1126.000 n=1 sig=1408.0+39.6+39.6*+6.2+6.2
TAGSIG window=1126.000 n=1 sig=1085.8*+40.2*+1.3
TAGSIG window=1126.000 n=1 sig=1408.0+40.2*+40.2+5.6
TAGSIG window=1126.000 n=1 sig=1085.8*+40.2*+1.4
TAGSIG window=1126.000 n=1 sig=1408.0+40.2+39.6*+6.2
TAGSIG window=1126.000 n=1 sig=1408.0+40.2+39.6+5.6
TAGSIG window=1126.000 n=1 sig=1085.8*+444.0+40.2*+5.6+1.1
TAGSIG window=1126.000 n=1 sig=1085.8*+45.3+40.2*
TAGSIG window=1126.000 n=1 sig=1085.8+444.0*+39.6
TAGSIG window=1126.000 n=1 sig=1112.1*+121.8+46.6
TAGSIG window=1126.000 n=1 sig=1408.0+45.3+40.2+5.6
TAGSIG window=1126.000 n=1 sig=1408.0+45.3+45.3
TAGSIG window=1126.000 n=1 sig=1408.0+45.5
TAGSIG window=1126.000 n=1 sig=1112.1*+46.6
TAGSIG window=1126.000 n=1 sig=1112.1*+46.6+39.6
TAGSIG window=1126.000 n=1 sig=1408.0+6.2
TAGSIG window=1126.000 n=1 sig=1408.0+6.3
TAGSIG window=1126.000 n=1 sig=1457.6+121.8+39.6
TAGSIG window=1126.000 n=1 sig=1457.6+121.8+40.2+5.6
TAGSIG window=1126.000 n=1 sig=1528.0+121.8+40.2
TAGSIG window=1126.000 n=1 sig=1528.0+40.2
TAGSIG window=1126.000 n=1 sig=1608.4+121.8
TAGSIG window=1126.000 n=1 sig=703.0+344.3*+271.1
TAGFULL window=1126.000 n=343 full=1085.8+40.2
TAGFULL window=1126.000 n=102 full=-
TAGFULL window=1126.000 n=17 full=964.1+121.8+40.2
TAGFULL window=1126.000 n=4 full=1112.1
TAGFULL window=1126.000 n=2 full=121.8
TAGFULL window=1126.000 n=2 full=39.6
TAGFULL window=1126.000 n=2 full=444.0
TAGFULL window=1126.000 n=1 full=244.7
TAGFULL window=1126.000 n=1 full=344.3
TAGFULL window=1126.000 n=1 full=40.2
TAGFULL window=1126.000 n=1 full=964.1
TAG window=1131.400 total=194 distinct=54
TAGSIG window=1131.400 n=52 sig=1085.8*+45.5*
TAGSIG window=1131.400 n=23 sig=1085.8*+45.3*
TAGSIG window=1131.400 n=19 sig=1408.0+121.8+40.2
TAGSIG window=1131.400 n=10 sig=1408.0+121.8
TAGSIG window=1131.400 n=8 sig=1408.0+40.2
TAGSIG window=1131.400 n=6 sig=1408.0+39.6
TAGSIG window=1131.400 n=5 sig=1408.0
TAGSIG window=1131.400 n=5 sig=1085.8*+444.0+45.5*
TAGSIG window=1131.400 n=5 sig=1408.0+121.8+39.6
TAGSIG window=1131.400 n=5 sig=1408.0+121.8+45.5
TAGSIG window=1131.400 n=3 sig=1408.0+46.6+40.2
TAGSIG window=1131.400 n=3 sig=964.1*+121.8*+45.5*
TAGSIG window=1131.400 n=2 sig=1085.8*+444.0+45.3*
TAGSIG window=1131.400 n=2 sig=1408.0+121.8*+39.6
TAGSIG window=1131.400 n=2 sig=1085.8*+564.0+45.5*
TAGSIG window=1131.400 n=2 sig=1408.0+121.8+40.2+5.6
TAGSIG window=1131.400 n=2 sig=1408.0+121.8+45.3
TAGSIG window=1131.400 n=2 sig=1408.0+45.5
TAGSIG window=1131.400 n=2 sig=1408.0+45.5+40.2
TAGSIG window=1131.400 n=2 sig=1408.0+45.5+45.5
TAGSIG window=1131.400 n=1 sig=1212.9+244.7*+45.5+40.2
TAGSIG window=1131.400 n=1 sig=1212.9+244.7+46.6+45.3
TAGSIG window=1131.400 n=1 sig=1299.1+344.3
TAGSIG window=1131.400 n=1 sig=1408.0+121.8+40.2*
TAGSIG window=1131.400 n=1 sig=1408.0+121.8+5.6
TAGSIG window=1131.400 n=1 sig=1408.0+121.8+7.5
TAGSIG window=1131.400 n=1 sig=1408.0+39.6+39.6
TAGSIG window=1131.400 n=1 sig=1408.0+39.6+5.6
TAGSIG window=1131.400 n=1 sig=1085.8*+148.0+45.5*
TAGSIG window=1131.400 n=1 sig=1408.0+40.2+39.6
TAGSIG window=1131.400 n=1 sig=1408.0+40.2+39.6+5.6
TAGSIG window=1131.400 n=1 sig=1408.0+40.2+39.6+6.6
TAGSIG window=1131.400 n=1 sig=1408.0+40.2+40.2
TAGSIG window=1131.400 n=1 sig=1408.0+40.2+40.2+5.6
TAGSIG window=1131.400 n=1 sig=1408.0+40.2+5.6
TAGSIG window=1131.400 n=1 sig=1408.0+40.2+6.2
TAGSIG window=1131.400 n=1 sig=1408.0+45.3+1.4
TAGSIG window=1131.400 n=1 sig=1408.0+45.3+40.2
TAGSIG window=1131.400 n=1 sig=1085.8*+45.8*
TAGSIG window=1131.400 n=1 sig=1408.0+45.5*+40.2
TAGSIG window=1131.400 n=1 sig=1408.0+45.5+39.6+6.2
TAGSIG window=1131.400 n=1 sig=1085.8*+46.6
TAGSIG window=1131.400 n=1 sig=1085.8*+564.0+45.3*
TAGSIG window=1131.400 n=1 sig=1408.0+45.5+6.6
TAGSIG window=1131.400 n=1 sig=1089.7*+43.1
TAGSIG window=1131.400 n=1 sig=1408.0+46.6+40.2+5.6
TAGSIG window=1131.400 n=1 sig=1408.0+5.6
TAGSIG window=1131.400 n=1 sig=1408.0+6.2
TAGSIG window=1131.400 n=1 sig=1457.6+121.8
TAGSIG window=1131.400 n=1 sig=1457.6+121.8+40.2
TAGSIG window=1131.400 n=1 sig=678.6+411.1*+344.3
TAGSIG window=1131.400 n=1 sig=964.1*+121.8*+45.3*+1.1
TAGSIG window=1131.400 n=1 sig=1212.9+244.7*+121.8+40.2
TAGSIG window=1131.400 n=1 sig=964.1+564.0*+121.8+39.6
TAGFULL window=1131.400 n=93 full=-
TAGFULL window=1131.400 n=60 full=1085.8+45.5
TAGFULL window=1131.400 n=26 full=1085.8+45.3
TAGFULL window=1131.400 n=3 full=964.1+121.8+45.5
TAGFULL window=1131.400 n=2 full=121.8
TAGFULL window=1131.400 n=2 full=244.7
TAGFULL window=1131.400 n=1 full=1085.8
TAGFULL window=1131.400 n=1 full=1085.8+45.8
TAGFULL window=1131.400 n=1 full=1089.7
TAGFULL window=1131.400 n=1 full=40.2
TAGFULL window=1131.400 n=1 full=411.1
TAGFULL window=1131.400 n=1 full=45.5
TAGFULL window=1131.400 n=1 full=564.0
TAGFULL window=1131.400 n=1 full=964.1+121.8+45.3
TAG window=1151.600 total=405 distinct=87
TAGSIG window=1151.600 n=80 sig=1112.1*+121.8+39.6*
TAGSIG window=1151.600 n=53 sig=1112.1*+39.6*
TAGSIG window=1151.600 n=49 sig=1112.1*+40.2+39.6*
TAGSIG window=1151.600 n=16 sig=1408.0+121.8+40.2
TAGSIG window=1151.600 n=11 sig=1112.1*+39.6+39.6*
TAGSIG window=1151.600 n=11 sig=1112.1*+121.8+39.6*+6.2
TAGSIG window=1151.600 n=11 sig=1112.1*+39.6*+39.6
TAGSIG window=1151.600 n=10 sig=1112.1*+45.3+39.6*
TAGSIG window=1151.600 n=9 sig=1408.0+121.8
TAGSIG window=1151.600 n=8 sig=1112.1*+39.6*+6.2
TAGSIG window=1151.600 n=7 sig=1408.0+40.2
TAGSIG window=1151.600 n=6 sig=1112.1*+39.6+39.6*+6.2
TAGSIG window=1151.600 n=6 sig=1408.0+40.2+40.2
TAGSIG window=1151.600 n=6 sig=1408.0+40.2+39.6
TAGSIG window=1151.600 n=6 sig=1408.0+121.8+39.6
TAGSIG window=1151.600 n=5 sig=1408.0
TAGSIG window=1151.600 n=5 sig=1112.1*+40.2+39.6*+6.2
TAGSIG window=1151.600 n=5 sig=1408.0+121.8+45.5
TAGSIG window=1151.600 n=5 sig=1112.1*+45.5+39.6*
TAGSIG window=1151.600 n=4 sig=1408.0+40.2+39.6+6.2
TAGSIG window=1151.600 n=4 sig=1112.1*+40.2+39.6*+5.6
TAGSIG window=1151.600 n=4 sig=1112.1*+39.6*+5.6
TAGSIG window=1151.600 n=4 sig=1408.0+39.6
TAGSIG window=1151.600 n=3 sig=1408.0+45.5+40.2
TAGSIG window=1151.600 n=3 sig=1112.1*+40.2+39.6*+7.2
TAGSIG window=1151.600 n=3 sig=1112.1*+121.8+39.6*+7.2
TAGSIG window=1151.600 n=3 sig=1112.1*+39.6*+7.2
TAGSIG window=1151.600 n=2 sig=1112.1*+45.3+39.6*+6.2
TAGSIG window=1151.600 n=2 sig=1112.1*+46.6+39.6*
TAGSIG window=1151.600 n=2 sig=1112.1*+121.8+40.2
TAGSIG window=1151.600 n=2 sig=1112.1*+121.8+40.2*+5.6
TAGSIG window=1151.600 n=2 sig=1408.0+121.8+6.2
TAGSIG window=1151.600 n=2 sig=1112.1*+40.2+39.6*+6.2+5.6
TAGSIG window=1151.600 n=2 sig=1112.1*+39.6+39.6*+7.2
TAGSIG window=1151.600 n=2 sig=867.4*+244.7*+121.8+39.6*+6.2
TAGSIG window=1151.600 n=1 sig=1112.1*+295.9+40.2+39.6*
TAGSIG window=1151.600 n=1 sig=1112.1*+39.6*+39.6+1.3
TAGSIG window=1151.600 n=1 sig=1112.1*+39.6*+39.6+6.2
TAGSIG window=1151.600 n=1 sig=1112.1*+39.6*+39.6+7.2+7.2
TAGSIG window=1151.600 n=1 sig=1112.1*+39.6*+6.2+6.2
TAGSIG window=1151.600 n=1 sig=1112.1*+39.6*+6.3
TAGSIG window=1151.600 n=1 sig=1112.1*+39.6*+6.4
TAGSIG window=1151.600 n=1 sig=1112.1*+39.6*+7.0
TAGSIG window=1151.600 n=1 sig=1112.1*+39.6+39.6*+5.6
TAGSIG window=1151.600 n=1 sig=1112.1*+39.6+39.6*+6.2+5.6
TAGSIG window=1151.600 n=1 sig=1112.1*+39.6+39.6*+6.6+5.6
TAGSIG window=1151.600 n=1 sig=1112.1*+45.3+39.6*+5.9
TAGSIG window=1151.600 n=1 sig=1112.1*+45.5+39.6*+6.2
TAGSIG window=1151.600 n=1 sig=1212.9+244.7+121.8+39.6
TAGSIG window=1151.600 n=1 sig=1299.1+344.3
TAGSIG window=1151.600 n=1 sig=1112.1*+40.2+5.6
TAGSIG window=1151.600 n=1 sig=1112.1*+40.2+40.2
TAGSIG window=1151.600 n=1 sig=1408.0+121.8*+5.6
TAGSIG window=1151.600 n=1 sig=1112.1*+40.2+39.6+6.2
TAGSIG window=1151.600 n=1 sig=1408.0+121.8+40.2*
TAGSIG window=1151.600 n=1 sig=1112.1*+40.2+39.6*+6.6
TAGSIG window=1151.600 n=1 sig=1408.0+121.8+46.6
TAGSIG window=1151.600 n=1 sig=1408.0+121.8+46.6*
TAGSIG window=1151.600 n=1 sig=1085.8+564.0*+39.6
TAGSIG window=1151.600 n=1 sig=1408.0+121.8+6.3
TAGFULL window=1151.600 n=292 full=1112.1+39.6
TAGFULL window=1151.600 n=91 full=-
TAGFULL window=1151.600 n=6 full=1112.1
TAGFULL window=1151.600 n=5 full=867.4+244.7+39.6
TAGFULL window=1151.600 n=4 full=1112.1+40.2
TAGFULL window=1151.600 n=3 full=40.2
TAGFULL window=1151.600 n=1 full=121.8
TAGFULL window=1151.600 n=1 full=39.6
TAGFULL window=1151.600 n=1 full=46.6
TAGFULL window=1151.600 n=1 full=564.0
TAG window=1152.200 total=692 distinct=91
TAGSIG window=1152.200 n=146 sig=1112.1*+121.8+40.2*
TAGSIG window=1152.200 n=111 sig=1112.1*+40.2*
TAGSIG window=1152.200 n=50 sig=1112.1*+40.2+40.2*
TAGSIG window=1152.200 n=49 sig=1112.1*+40.2*+40.2
TAGSIG window=1152.200 n=48 sig=1112.1*+40.2*+39.6
TAGSIG window=1152.200 n=30 sig=1112.1*+121.8+40.2*+5.6
TAGSIG window=1152.200 n=29 sig=1112.1*+45.5+40.2*
TAGSIG window=1152.200 n=22 sig=1408.0+121.8+40.2
TAGSIG window=1152.200 n=21 sig=1112.1*+40.2*+5.6
TAGSIG window=1152.200 n=13 sig=1112.1*+40.2+40.2*+5.6
TAGSIG window=1152.200 n=12 sig=1112.1*+40.2*+40.2+5.6
TAGSIG window=1152.200 n=8 sig=1408.0+121.8+39.6
TAGSIG window=1152.200 n=8 sig=1112.1*+40.2*+39.6+5.6
TAGSIG window=1152.200 n=8 sig=1112.1*+40.2*+39.6+6.2
TAGSIG window=1152.200 n=7 sig=1408.0
TAGSIG window=1152.200 n=6 sig=1408.0+121.8
TAGSIG window=1152.200 n=5 sig=1408.0+40.2
TAGSIG window=1152.200 n=5 sig=1112.1*+40.2+40.2*+6.6
TAGSIG window=1152.200 n=4 sig=1112.1*+121.8+40.2*+6.6
TAGSIG window=1152.200 n=4 sig=1112.1*+295.9+121.8+40.2*
TAGSIG window=1152.200 n=4 sig=1112.1*+40.2*+6.2
TAGSIG window=1152.200 n=4 sig=1408.0+40.2+39.6
TAGSIG window=1152.200 n=3 sig=1112.1*+40.2*+7.2
TAGSIG window=1152.200 n=3 sig=1112.1*+45.3+40.2*
TAGSIG window=1152.200 n=3 sig=1112.1*+40.2*+6.3
TAGSIG window=1152.200 n=3 sig=1408.0+40.2+40.2
TAGSIG window=1152.200 n=3 sig=1112.1*+416.0+121.8+40.2*
TAGSIG window=1152.200 n=3 sig=1408.0+40.2+39.6+6.2
TAGSIG window=1152.200 n=3 sig=1408.0+45.5+39.6
TAGSIG window=1152.200 n=2 sig=1112.1*+40.2*+5.0
TAGSIG window=1152.200 n=2 sig=1112.1*+295.9+40.2*+39.6
TAGSIG window=1152.200 n=2 sig=1112.1*+295.9+40.2*
TAGSIG window=1152.200 n=2 sig=1112.1*+121.8+40.2*+5.0
TAGSIG window=1152.200 n=2 sig=1112.1*+295.9+40.2+40.2*
TAGSIG window=1152.200 n=2 sig=1408.0+39.6
TAGSIG window=1152.200 n=2 sig=1112.1*+121.8+40.2
TAGSIG window=1152.200 n=2 sig=1112.1*+40.2*+39.6+6.6
TAGSIG window=1152.200 n=2 sig=1112.1*+295.9+45.5+40.2*
TAGSIG window=1152.200 n=2 sig=1408.0+121.8+45.5
TAGSIG window=1152.200 n=2 sig=1112.1*+45.5+40.2*+6.6
TAGSIG window=1152.200 n=2 sig=1408.0+45.5+40.2
TAGSIG window=1152.200 n=2 sig=867.4*+244.7*+121.8+40.2*
TAGSIG window=1152.200 n=2 sig=867.4*+244.7*+121.8+40.2*+5.6
TAGSIG window=1152.200 n=2 sig=867.4*+244.7*+40.2*
TAGSIG window=1152.200 n=1 sig=1112.1*+40.2+40.2*+6.6+5.6
TAGSIG window=1152.200 n=1 sig=1112.1*+416.0+40.2*+39.6
TAGSIG window=1152.200 n=1 sig=1112.1*+416.0+40.2*+39.6+5.6
TAGSIG window=1152.200 n=1 sig=1112.1*+416.0+40.2*+40.2
TAGSIG window=1152.200 n=1 sig=1112.1*+416.0+40.2+40.2*
TAGSIG window=1152.200 n=1 sig=1085.8*+444.0
TAGSIG window=1152.200 n=1 sig=1112.1*+45.3+40.2*+6.6
TAGSIG window=1152.200 n=1 sig=1112.1*+121.8+40.2*+1.1
TAGSIG window=1152.200 n=1 sig=1112.1*+295.9+40.2*+5.6
TAGSIG window=1152.200 n=1 sig=1112.1*+45.8+40.2*+5.6
TAGSIG window=1152.200 n=1 sig=1112.1*+46.6+40.2*
TAGSIG window=1152.200 n=1 sig=1112.1*+46.6+40.2*+5.6
TAGSIG window=1152.200 n=1 sig=1112.1*+46.6+40.2*+6.6
TAGSIG window=1152.200 n=1 sig=1112.1*+46.8+40.2*
TAGSIG window=1152.200 n=1 sig=1299.1+344.3
TAGSIG window=1152.200 n=1 sig=1112.1*+295.9+40.2*+6.6+5.0
TAGFULL window=1152.200 n=598 full=1112.1+40.2
TAGFULL window=1152.200 n=81 full=-
TAGFULL window=1152.200 n=6 full=867.4+244.7+40.2
TAGFULL window=1152.200 n=2 full=1112.1
TAGFULL window=1152.200 n=2 full=444.0
TAGFULL window=1152.200 n=1 full=1085.8
TAGFULL window=1152.200 n=1 full=40.2
TAGFULL window=1152.200 n=1 full=488.7
TAG window=1157.600 total=323 distinct=84
TAGSIG window=1157.600 n=45 sig=1112.1*+121.8+45.5*
TAGSIG window=1157.600 n=36 sig=1112.1*+45.5*
TAGSIG window=1157.600 n=25 sig=1112.1*+121.8+45.3*
TAGSIG window=1157.600 n=17 sig=1112.1*+45.5*+40.2
TAGSIG window=1157.600 n=16 sig=1112.1*+45.3*
TAGSIG window=1157.600 n=16 sig=1112.1*+45.3*+40.2
TAGSIG window=1157.600 n=13 sig=1408.0+121.8+40.2
TAGSIG window=1157.600 n=11 sig=1112.1*+45.5*+39.6
TAGSIG window=1157.600 n=8 sig=1408.0+121.8+39.6
TAGSIG window=1157.600 n=8 sig=1408.0+40.2+39.6
TAGSIG window=1157.600 n=7 sig=1408.0
TAGSIG window=1157.600 n=6 sig=1112.1*+45.5*+40.2+5.6
TAGSIG window=1157.600 n=6 sig=1408.0+40.2
TAGSIG window=1157.600 n=5 sig=1112.1*+45.5+45.3*
TAGSIG window=1157.600 n=4 sig=1408.0+40.2+5.6
TAGSIG window=1157.600 n=4 sig=1112.1*+45.3*+39.6
TAGSIG window=1157.600 n=4 sig=1408.0+40.2+40.2
TAGSIG window=1157.600 n=4 sig=1408.0+121.8+45.5
TAGSIG window=1157.600 n=3 sig=1112.1*+45.8*
TAGSIG window=1157.600 n=3 sig=1112.1*+45.5*+45.5
TAGSIG window=1157.600 n=3 sig=1408.0+121.8+40.2+5.6
TAGSIG window=1157.600 n=3 sig=1408.0+121.8+46.6
TAGSIG window=1157.600 n=3 sig=1408.0+121.8
TAGSIG window=1157.600 n=2 sig=1112.1*+416.0+45.3*
TAGSIG window=1157.600 n=2 sig=1112.1*+45.5*+5.6
TAGSIG window=1157.600 n=2 sig=1408.0+121.8+45.3
TAGSIG window=1157.600 n=2 sig=1112.1*+45.3*+39.6+6.6
TAGSIG window=1157.600 n=2 sig=1408.0+121.8+39.6+6.2
TAGSIG window=1157.600 n=2 sig=1112.1*+45.5*+45.3
TAGSIG window=1157.600 n=2 sig=1408.0+39.6
TAGSIG window=1157.600 n=2 sig=1408.0+40.2+6.2
TAGSIG window=1157.600 n=2 sig=1408.0+45.3
TAGSIG window=1157.600 n=2 sig=1408.0+45.3+39.6
TAGSIG window=1157.600 n=2 sig=1408.0+45.5
TAGSIG window=1157.600 n=2 sig=1408.0+46.6
TAGSIG window=1157.600 n=1 sig=1112.1*+416.0+45.5*
TAGSIG window=1157.600 n=1 sig=1112.1*+45.3*+39.6+6.2
TAGSIG window=1157.600 n=1 sig=1112.1*+45.3*+40.2+1.1
TAGSIG window=1157.600 n=1 sig=1112.1*+45.3*+40.2+6.6
TAGSIG window=1157.600 n=1 sig=1112.1*+45.3*+5.6
TAGSIG window=1157.600 n=1 sig=1112.1*+45.3+45.3*
TAGSIG window=1157.600 n=1 sig=1112.1*+45.5*+39.6+5.6
TAGSIG window=1157.600 n=1 sig=1112.1*+45.5*+6.2
TAGSIG window=1157.600 n=1 sig=1112.1*+45.5*+6.3
TAGSIG window=1157.600 n=1 sig=1112.1*+45.5*+7.2
TAGSIG window=1157.600 n=1 sig=1112.1*+45.5+45.5*
TAGSIG window=1157.600 n=1 sig=1112.1*+45.8*+39.6
TAGSIG window=1157.600 n=1 sig=1363.7+244.7+46.6+39.6
TAGSIG window=1157.600 n=1 sig=1408.0+121.8+40.2*
TAGSIG window=1157.600 n=1 sig=1408.0+121.8+39.6*
TAGSIG window=1157.600 n=1 sig=1212.9+244.7*+121.8+40.2
TAGSIG window=1157.600 n=1 sig=1408.0+121.8+45.8
TAGSIG window=1157.600 n=1 sig=1408.0+121.8+39.6+1.1
TAGSIG window=1157.600 n=1 sig=1408.0+121.8+6.2
TAGSIG window=1157.600 n=1 sig=1112.1*+121.8+45.8*
TAGSIG window=1157.600 n=1 sig=1408.0+39.6+39.6
TAGSIG window=1157.600 n=1 sig=1408.0+39.6+39.6+6.2
TAGSIG window=1157.600 n=1 sig=1408.0+39.6+6.2
TAGSIG window=1157.600 n=1 sig=1408.0+39.6+7.2
TAGSIG window=1157.600 n=1 sig=1112.1+121.8*+40.2
TAGFULL window=1157.600 n=132 full=1112.1+45.5
TAGFULL window=1157.600 n=97 full=-
TAGFULL window=1157.600 n=78 full=1112.1+45.3
TAGFULL window=1157.600 n=6 full=1112.1+45.8
TAGFULL window=1157.600 n=3 full=40.2
TAGFULL window=1157.600 n=3 full=867.4+244.7+45.3
TAGFULL window=1157.600 n=1 full=121.8
TAGFULL window=1157.600 n=1 full=244.7
TAGFULL window=1157.600 n=1 full=39.6
TAGFULL window=1157.600 n=1 full=867.4+244.7+45.5
TAG window=906.900 total=325 distinct=146
TAGSIG window=906.900 n=29 sig=867.4*+244.7+121.8+39.6*
TAGSIG window=906.900 n=20 sig=867.4*+244.7+40.2+39.6*
TAGSIG window=906.900 n=16 sig=867.4*+244.7+39.6*
TAGSIG window=906.900 n=12 sig=1408.0+121.8+40.2
TAGSIG window=906.900 n=7 sig=1085.8+40.2
TAGSIG window=906.900 n=6 sig=1299.1+344.3
TAGSIG window=906.900 n=6 sig=1112.1+121.8
TAGSIG window=906.900 n=6 sig=1112.1+121.8+39.6
TAGSIG window=906.900 n=6 sig=867.4*+244.7+39.6*+39.6
TAGSIG window=906.900 n=6 sig=867.4*+244.7+45.5+39.6*
TAGSIG window=906.900 n=5 sig=1408.0+121.8
TAGSIG window=906.900 n=5 sig=1408.0+40.2
TAGSIG window=906.900 n=5 sig=1408.0+40.2+40.2
TAGSIG window=906.900 n=5 sig=867.4*+244.7+121.8+39.6*+6.2
TAGSIG window=906.900 n=4 sig=1408.0+39.6
TAGSIG window=906.900 n=4 sig=1112.1+121.8+40.2
TAGSIG window=906.900 n=4 sig=1408.0+121.8+45.5
TAGSIG window=906.900 n=4 sig=1408.0+40.2+39.6
TAGSIG window=906.900 n=4 sig=778.9+344.3*
TAGSIG window=906.900 n=4 sig=867.4*+244.7+39.6+39.6*
TAGSIG window=906.900 n=4 sig=867.4*+244.7+40.2+39.6*+6.2
TAGSIG window=906.900 n=3 sig=1408.0+40.2+5.6
TAGSIG window=906.900 n=3 sig=1408.0+121.8+40.2+5.6
TAGSIG window=906.900 n=3 sig=1089.7+344.3
TAGSIG window=906.900 n=3 sig=1112.1+40.2+40.2
TAGSIG window=906.900 n=3 sig=1112.1+40.2+40.2+5.6
TAGSIG window=906.900 n=3 sig=867.4*+244.7+121.8+40.2
TAGSIG window=906.900 n=3 sig=867.4*+244.7+39.6*+5.6
TAGSIG window=906.900 n=3 sig=867.4*+244.7+39.6*+6.2
TAGSIG window=906.900 n=2 sig=1408.0+121.8+39.6
TAGSIG window=906.900 n=2 sig=1457.6+40.2
TAGSIG window=906.900 n=2 sig=778.9*+344.3
TAGSIG window=906.900 n=2 sig=1408.0+121.8+45.3
TAGSIG window=906.900 n=2 sig=867.4*+121.8+40.2+39.6*
TAGSIG window=906.900 n=2 sig=1408.0+121.8+39.6+6.2
TAGSIG window=906.900 n=2 sig=1112.1
TAGSIG window=906.900 n=2 sig=1408.0+39.6+6.2
TAGSIG window=906.900 n=2 sig=1112.1+121.8+45.3
TAGSIG window=906.900 n=2 sig=1212.9+244.7+121.8+40.2
TAGSIG window=906.900 n=2 sig=867.4*+244.7+39.6*+39.6+6.2
TAGSIG window=906.900 n=2 sig=1408.0+46.6+39.6
TAGSIG window=906.900 n=2 sig=1408.0+45.5
TAGSIG window=906.900 n=2 sig=867.4*+244.7+39.6*+7.2
TAGSIG window=906.900 n=2 sig=1112.1+39.6+39.6
TAGSIG window=906.900 n=2 sig=867.4*+244.7+39.6+39.6*+6.2
TAGSIG window=906.900 n=2 sig=1408.0
TAGSIG window=906.900 n=2 sig=1112.1+40.2
TAGSIG window=906.900 n=2 sig=867.4*+244.7+40.2+39.6*+6.6
TAGSIG window=906.900 n=2 sig=867.4*+244.7+45.3+39.6*
TAGSIG window=906.900 n=2 sig=1085.8+39.6
TAGSIG window=906.900 n=2 sig=867.4*+295.9+244.7+121.8+39.6*
TAGSIG window=906.900 n=1 sig=1112.1+45.5
TAGSIG window=906.900 n=1 sig=1112.1+45.5*+40.2
TAGSIG window=906.900 n=1 sig=1112.1+45.5+45.3
TAGSIG window=906.900 n=1 sig=1112.1+46.6+40.2+5.6
TAGSIG window=906.900 n=1 sig=1171.0+39.6+7.2
TAGSIG window=906.900 n=1 sig=1212.9
TAGSIG window=906.900 n=1 sig=1212.9+121.8+45.5+39.6
TAGSIG window=906.900 n=1 sig=1212.9+244.7+121.8*+40.2+5.6
TAGSIG window=906.900 n=1 sig=1212.9+244.7+121.8+39.6
TAGFULL window=906.900 n=160 full=-
TAGFULL window=906.900 n=135 full=867.4+39.6
TAGFULL window=906.900 n=7 full=867.4
TAGFULL window=906.900 n=5 full=344.3
TAGFULL window=906.900 n=3 full=39.6
TAGFULL window=906.900 n=3 full=867.4+40.2
TAGFULL window=906.900 n=2 full=295.9
TAGFULL window=906.900 n=2 full=45.5
TAGFULL window=906.900 n=2 full=778.9
TAGFULL window=906.900 n=1 full=121.8
TAGFULL window=906.900 n=1 full=244.7
TAGFULL window=906.900 n=1 full=244.7+45.5
TAGFULL window=906.900 n=1 full=40.2
TAGFULL window=906.900 n=1 full=488.7
TAGFULL window=906.900 n=1 full=678.6
TAG window=907.500 total=400 distinct=143
TAGSIG window=907.500 n=49 sig=867.4*+244.7+121.8+40.2*
TAGSIG window=907.500 n=32 sig=867.4*+244.7+40.2*
TAGSIG window=907.500 n=17 sig=867.4*+244.7+40.2*+39.6
TAGSIG window=907.500 n=14 sig=867.4*+244.7+40.2+40.2*
TAGSIG window=907.500 n=13 sig=867.4*+244.7+40.2*+40.2
TAGSIG window=907.500 n=9 sig=1408.0
TAGSIG window=907.500 n=9 sig=1408.0+121.8+40.2
TAGSIG window=907.500 n=9 sig=867.4*+244.7+121.8+40.2*+5.6
TAGSIG window=907.500 n=8 sig=1408.0+121.8
TAGSIG window=907.500 n=7 sig=1085.8+40.2
TAGSIG window=907.500 n=7 sig=867.4*+244.7+45.5+40.2*
TAGSIG window=907.500 n=6 sig=867.4*+244.7+40.2*+40.2+5.6
TAGSIG window=907.500 n=6 sig=867.4*+244.7+40.2+40.2*+5.6
TAGSIG window=907.500 n=5 sig=1408.0+40.2+40.2
TAGSIG window=907.500 n=5 sig=1408.0+121.8+39.6
TAGSIG window=907.500 n=5 sig=1408.0+40.2
TAGSIG window=907.500 n=5 sig=778.9*+344.3
TAGSIG window=907.500 n=5 sig=867.4*+244.7+40.2*+6.2
TAGSIG window=907.500 n=4 sig=1085.8+39.6
TAGSIG window=907.500 n=4 sig=1112.1+40.2
TAGSIG window=907.500 n=4 sig=1089.7+344.3
TAGSIG window=907.500 n=4 sig=1408.0+121.8+45.5
TAGSIG window=907.500 n=4 sig=867.4*+244.7+121.8+40.2*+6.6
TAGSIG window=907.500 n=4 sig=1299.1+344.3
TAGSIG window=907.500 n=4 sig=1112.1+121.8+40.2
TAGSIG window=907.500 n=4 sig=867.4*+121.8+40.2*+40.2
TAGSIG window=907.500 n=4 sig=1408.0+40.2+39.6
TAGSIG window=907.500 n=4 sig=1112.1+40.2+40.2
TAGSIG window=907.500 n=4 sig=867.4*+244.7+46.6+40.2*
TAGSIG window=907.500 n=3 sig=1408.0+121.8+39.6+6.2
TAGSIG window=907.500 n=3 sig=867.4*+244.7+121.8+40.2*+5.0
TAGSIG window=907.500 n=3 sig=867.4*+244.7+40.2*+5.6
TAGSIG window=907.500 n=3 sig=1112.1+121.8+39.6
TAGSIG window=907.500 n=3 sig=867.4*+244.7+45.3+40.2*
TAGSIG window=907.500 n=3 sig=778.9+344.3*
TAGSIG window=907.500 n=3 sig=867.4*+121.8+40.2*
TAGSIG window=907.500 n=3 sig=867.4*+244.7+40.2*+39.6+6.2
TAGSIG window=907.500 n=3 sig=867.4*+40.2+40.2*
TAGSIG window=907.500 n=2 sig=1408.0+46.6+39.6
TAGSIG window=907.500 n=2 sig=1408.0+39.6+6.2
TAGSIG window=907.500 n=2 sig=1408.0+45.5
TAGSIG window=907.500 n=2 sig=1408.0+39.6
TAGSIG window=907.500 n=2 sig=1112.1+121.8
TAGSIG window=907.500 n=2 sig=1408.0+40.2+5.6
TAGSIG window=907.500 n=2 sig=1112.1+40.2+40.2+5.6
TAGSIG window=907.500 n=2 sig=1408.0+121.8+40.2+5.6
TAGSIG window=907.500 n=2 sig=867.4*+244.7+40.2*+39.6+5.6
TAGSIG window=907.500 n=2 sig=867.4*+40.2*
TAGSIG window=907.500 n=2 sig=867.4*+40.2*+39.6
TAGSIG window=907.500 n=2 sig=1112.1+39.6+6.2
TAGSIG window=907.500 n=2 sig=867.4*+45.3+40.2*
TAGSIG window=907.500 n=1 sig=1212.9+244.7+39.6
TAGSIG window=907.500 n=1 sig=1212.9+244.7+40.2
TAGSIG window=907.500 n=1 sig=1212.9+244.7+40.2+39.6
TAGSIG window=907.500 n=1 sig=1249.9+121.8+40.2+6.6
TAGSIG window=907.500 n=1 sig=1261.3+344.3
TAGSIG window=907.500 n=1 sig=1292.8+237.0
TAGSIG window=907.500 n=1 sig=1292.8+237.0+39.6
TAGSIG window=907.500 n=1 sig=1299.1+43.1
TAGSIG window=907.500 n=1 sig=1408.0+121.8+45.3
TAGFULL window=907.500 n=232 full=867.4+40.2
TAGFULL window=907.500 n=143 full=-
TAGFULL window=907.500 n=6 full=40.2
TAGFULL window=907.500 n=5 full=778.9
TAGFULL window=907.500 n=4 full=344.3
TAGFULL window=907.500 n=2 full=295.9
TAGFULL window=907.500 n=2 full=39.6
TAGFULL window=907.500 n=1 full=121.8
TAGFULL window=907.500 n=1 full=244.7
TAGFULL window=907.500 n=1 full=244.7+45.5
TAGFULL window=907.500 n=1 full=45.3
TAGFULL window=907.500 n=1 full=503.5
TAGFULL window=907.500 n=1 full=867.4
TAG window=483.500 total=573 distinct=224
TAGSIG window=483.500 n=82 sig=778.9+344.3
TAGSIG window=483.500 n=41 sig=1085.8+444.0*+39.6*
TAGSIG window=483.500 n=19 sig=964.1+444.0*+39.6*
TAGSIG window=483.500 n=18 sig=964.1+444.0*+121.8+39.6*
TAGSIG window=483.500 n=16 sig=964.1+444.0*+40.2+39.6*
TAGSIG window=483.500 n=16 sig=1085.8+40.2
TAGSIG window=483.500 n=10 sig=1089.7+344.3
TAGSIG window=483.500 n=10 sig=1112.1+121.8+40.2
TAGSIG window=483.500 n=9 sig=1408.0+40.2
TAGSIG window=483.500 n=7 sig=1085.8
TAGSIG window=483.500 n=7 sig=1085.8+444.0*+39.6*+6.2
TAGSIG window=483.500 n=7 sig=964.1+121.8
TAGSIG window=483.500 n=7 sig=964.1+121.8+39.6
TAGSIG window=483.500 n=7 sig=964.1+121.8+40.2
TAGSIG window=483.500 n=6 sig=1085.8+39.6
TAGSIG window=483.500 n=6 sig=1408.0+121.8+40.2
TAGSIG window=483.500 n=6 sig=1408.0+121.8
TAGSIG window=483.500 n=6 sig=1299.1+344.3
TAGSIG window=483.500 n=6 sig=964.1+40.2
TAGSIG window=483.500 n=5 sig=778.9+344.3*
TAGSIG window=483.500 n=5 sig=964.1+444.0*+39.6*+39.6
TAGSIG window=483.500 n=4 sig=1408.0+39.6
TAGSIG window=483.500 n=4 sig=688.7+40.2
TAGSIG window=483.500 n=4 sig=1085.8+444.0*+40.2
TAGSIG window=483.500 n=4 sig=1112.1+40.2
TAGSIG window=483.500 n=4 sig=1112.1+121.8+45.5
TAGSIG window=483.500 n=4 sig=964.1
TAGSIG window=483.500 n=4 sig=964.1+444.0*+40.2+39.6*+5.6
TAGSIG window=483.500 n=4 sig=964.1+40.2+40.2
TAGSIG window=483.500 n=4 sig=444.0*+244.7+121.8+39.6*
TAGSIG window=483.500 n=4 sig=964.1+444.0*+39.6*+6.2
TAGSIG window=483.500 n=3 sig=1085.8+40.2+5.6
TAGSIG window=483.500 n=3 sig=1112.1+121.8
TAGSIG window=483.500 n=3 sig=1408.0+121.8+45.5
TAGSIG window=483.500 n=3 sig=1085.8+45.3
TAGSIG window=483.500 n=3 sig=678.6+411.1+344.3
TAGSIG window=483.500 n=3 sig=964.1+40.2+5.6
TAGSIG window=483.500 n=3 sig=964.1+444.0*+121.8+39.6*+6.2
TAGSIG window=483.500 n=3 sig=964.1+444.0*+39.6+39.6*+6.2
TAGSIG window=483.500 n=3 sig=1085.8+45.5
TAGSIG window=483.500 n=2 sig=1408.0+121.8+39.6
TAGSIG window=483.500 n=2 sig=867.4+244.7+121.8+40.2
TAGSIG window=483.500 n=2 sig=867.4+244.7+40.2
TAGSIG window=483.500 n=2 sig=1408.0+121.8+40.2+5.6
TAGSIG window=483.500 n=2 sig=1085.8+444.0*+39.6*+5.6
TAGSIG window=483.500 n=2 sig=688.7+121.8+40.2
TAGSIG window=483.500 n=2 sig=964.1+121.8+39.6+6.2
TAGSIG window=483.500 n=2 sig=1408.0+40.2+40.2
TAGSIG window=483.500 n=2 sig=964.1+121.8+45.3
TAGSIG window=483.500 n=2 sig=1112.1+40.2+5.6
TAGSIG window=483.500 n=2 sig=1112.1+45.5+39.6
TAGSIG window=483.500 n=2 sig=964.1+40.2+39.6
TAGSIG window=483.500 n=2 sig=1112.1+121.8+39.6
TAGSIG window=483.500 n=2 sig=1112.1+121.8+40.2+5.6
TAGSIG window=483.500 n=2 sig=1408.0
TAGSIG window=483.500 n=2 sig=964.1+444.0*+121.8+39.6*+5.6
TAGSIG window=483.500 n=2 sig=1408.0+45.3
TAGSIG window=483.500 n=2 sig=964.1+444.0*+121.8+40.2
TAGSIG window=483.500 n=2 sig=1408.0+40.2+39.6
TAGSIG window=483.500 n=2 sig=444.0*+244.7+39.6*+6.2
TAGFULL window=483.500 n=373 full=-
TAGFULL window=483.500 n=158 full=444.0+39.6
TAGFULL window=483.500 n=9 full=444.0
TAGFULL window=483.500 n=6 full=121.8
TAGFULL window=483.500 n=6 full=344.3
TAGFULL window=483.500 n=6 full=39.6
TAGFULL window=483.500 n=6 full=40.2
TAGFULL window=483.500 n=3 full=244.7
TAGFULL window=483.500 n=3 full=45.5
TAGFULL window=483.500 n=2 full=444.0+40.2
TAGFULL window=483.500 n=1 full=46.6
TAG window=484.100 total=698 distinct=221
TAGSIG window=484.100 n=77 sig=778.9+344.3
TAGSIG window=484.100 n=65 sig=1085.8+444.0*+40.2*
TAGSIG window=484.100 n=46 sig=964.1+444.0*+121.8+40.2*
TAGSIG window=484.100 n=34 sig=964.1+444.0*+40.2*
TAGSIG window=484.100 n=16 sig=1085.8+40.2
TAGSIG window=484.100 n=15 sig=964.1+444.0*+40.2+40.2*
TAGSIG window=484.100 n=15 sig=1085.8+444.0*+40.2*+5.6
TAGSIG window=484.100 n=13 sig=1408.0+40.2
TAGSIG window=484.100 n=13 sig=964.1+121.8+40.2
TAGSIG window=484.100 n=13 sig=1089.7+344.3
TAGSIG window=484.100 n=12 sig=964.1+444.0*+40.2*+39.6
TAGSIG window=484.100 n=12 sig=964.1+444.0*+121.8+40.2*+5.6
TAGSIG window=484.100 n=11 sig=964.1+444.0*+40.2*+5.6
TAGSIG window=484.100 n=10 sig=964.1+444.0*+40.2*+40.2
TAGSIG window=484.100 n=10 sig=1112.1+121.8+40.2
TAGSIG window=484.100 n=8 sig=1408.0+121.8
TAGSIG window=484.100 n=7 sig=964.1+121.8+39.6
TAGSIG window=484.100 n=7 sig=1408.0+121.8+40.2
TAGSIG window=484.100 n=7 sig=444.0*+244.7+121.8+40.2*
TAGSIG window=484.100 n=6 sig=964.1
TAGSIG window=484.100 n=6 sig=964.1+121.8
TAGSIG window=484.100 n=5 sig=1085.8+39.6
TAGSIG window=484.100 n=5 sig=678.6+411.1+344.3
TAGSIG window=484.100 n=5 sig=1085.8
TAGSIG window=484.100 n=4 sig=1299.1+344.3
TAGSIG window=484.100 n=4 sig=1112.1+39.6
TAGSIG window=484.100 n=4 sig=964.1+45.5+40.2
TAGSIG window=484.100 n=4 sig=964.1+444.0*+45.5+40.2*
TAGSIG window=484.100 n=4 sig=1085.8+45.3
TAGSIG window=484.100 n=4 sig=1408.0+39.6
TAGSIG window=484.100 n=4 sig=1408.0+121.8+45.5
TAGSIG window=484.100 n=3 sig=1408.0+121.8+39.6
TAGSIG window=484.100 n=3 sig=444.0*+244.7+40.2*+39.6+6.2
TAGSIG window=484.100 n=3 sig=1112.1+40.2
TAGSIG window=484.100 n=3 sig=1408.0+45.5+40.2
TAGSIG window=484.100 n=3 sig=964.1+40.2
TAGSIG window=484.100 n=3 sig=964.1+40.2+39.6
TAGSIG window=484.100 n=3 sig=964.1+40.2+5.6
TAGSIG window=484.100 n=3 sig=444.0*+244.7+40.2*
TAGSIG window=484.100 n=3 sig=1112.1+121.8+45.5
TAGSIG window=484.100 n=3 sig=1112.1+121.8
TAGSIG window=484.100 n=3 sig=964.1+444.0*+40.2*+40.2+5.6
TAGSIG window=484.100 n=3 sig=778.9+344.3*
TAGSIG window=484.100 n=3 sig=1085.8+45.5
TAGSIG window=484.100 n=3 sig=964.1+444.0*+40.2*+39.6+6.2
TAGSIG window=484.100 n=3 sig=964.1+444.0*+40.2+40.2*+5.6
TAGSIG window=484.100 n=3 sig=867.4+244.7+121.8+40.2
TAGSIG window=484.100 n=3 sig=964.1+444.0*+45.3+40.2*
TAGSIG window=484.100 n=3 sig=1408.0+40.2+39.6
TAGSIG window=484.100 n=2 sig=1085.8+39.6+6.2
TAGSIG window=484.100 n=2 sig=444.0*+40.2*+40.2+5.6
TAGSIG window=484.100 n=2 sig=1112.1+40.2+40.2
TAGSIG window=484.100 n=2 sig=1408.0+40.2+6.2+5.6
TAGSIG window=484.100 n=2 sig=1112.1+40.2+5.6
TAGSIG window=484.100 n=2 sig=1085.8+444.0+40.2
TAGSIG window=484.100 n=2 sig=719.4+444.0*+244.7+40.2*
TAGSIG window=484.100 n=2 sig=778.9+42.4
TAGSIG window=484.100 n=2 sig=778.9+43.1
TAGSIG window=484.100 n=2 sig=867.4+244.7+121.8
TAGSIG window=484.100 n=2 sig=867.4+244.7+40.2
TAGFULL window=484.100 n=372 full=-
TAGFULL window=484.100 n=299 full=444.0+40.2
TAGFULL window=484.100 n=6 full=121.8
TAGFULL window=484.100 n=4 full=39.6
TAGFULL window=484.100 n=4 full=40.2
TAGFULL window=484.100 n=4 full=45.5
TAGFULL window=484.100 n=3 full=344.3
TAGFULL window=484.100 n=2 full=244.7
TAGFULL window=484.100 n=1 full=121.8+39.6
TAGFULL window=484.100 n=1 full=411.1
TAGFULL window=484.100 n=1 full=444.0
TAGFULL window=484.100 n=1 full=45.3
TAG window=1334.700 total=73 distinct=25
TAGSIG window=1334.700 n=19 sig=1212.9*+244.7+121.8*+40.2
TAGSIG window=1334.700 n=14 sig=1212.9*+244.7+121.8*
TAGSIG window=1334.700 n=9 sig=1212.9*+244.7+121.8*+39.6
TAGSIG window=1334.700 n=5 sig=1212.9*+244.7+121.8*+45.5
TAGSIG window=1334.700 n=2 sig=1212.9*+121.8*+39.6
TAGSIG window=1334.700 n=2 sig=1212.9*+121.8*+40.2
TAGSIG window=1334.700 n=2 sig=1212.9*+244.7+121.8*+45.3
TAGSIG window=1334.700 n=2 sig=1212.9*+244.7+121.8*+6.3
TAGSIG window=1334.700 n=2 sig=1408.0+121.8
TAGSIG window=1334.700 n=1 sig=1089.7+344.3*
TAGSIG window=1334.700 n=1 sig=1212.9*+121.8*+39.6+39.6+6.2
TAGSIG window=1334.700 n=1 sig=1212.9*+121.8*+39.6+39.6+7.2
TAGSIG window=1334.700 n=1 sig=1212.9*+121.8*+40.2+39.6+6.6
TAGSIG window=1334.700 n=1 sig=1212.9*+121.8*+40.2+40.2
TAGSIG window=1334.700 n=1 sig=1212.9*+121.8*+45.3
TAGSIG window=1334.700 n=1 sig=1212.9*+244.7+121.8*+39.6+5.6
TAGSIG window=1334.700 n=1 sig=1212.9*+244.7+121.8*+40.2+5.6
TAGSIG window=1334.700 n=1 sig=1212.9*+244.7+121.8*+40.2+6.4
TAGSIG window=1334.700 n=1 sig=1212.9*+244.7+121.8*+40.2+6.6
TAGSIG window=1334.700 n=1 sig=1212.9*+244.7+121.8*+5.6
TAGSIG window=1334.700 n=1 sig=1212.9*+244.7+121.8*+6.6
TAGSIG window=1334.700 n=1 sig=1299.1+344.3*
TAGSIG window=1334.700 n=1 sig=1408.0+121.8+39.6
TAGSIG window=1334.700 n=1 sig=1408.0+45.5*
TAGSIG window=1334.700 n=1 sig=1408.0+46.8
TAGFULL window=1334.700 n=66 full=1212.9+121.8
TAGFULL window=1334.700 n=4 full=-
TAGFULL window=1334.700 n=2 full=344.3
TAGFULL window=1334.700 n=1 full=45.5
TAG window=930.500 total=341 distinct=95
TAGSIG window=930.500 n=64 sig=930.5*
TAGSIG window=930.500 n=42 sig=930.5*+503.5
TAGSIG window=930.500 n=31 sig=586.3*+344.3*
TAGSIG window=930.500 n=29 sig=930.5*+712.9
TAGSIG window=930.500 n=13 sig=586.3*+503.5+344.3*
TAGSIG window=930.500 n=9 sig=1408.0+121.8
TAGSIG window=930.500 n=8 sig=1299.1+344.3
TAGSIG window=930.500 n=8 sig=1408.0+121.8+40.2
TAGSIG window=930.500 n=8 sig=1408.0+39.6
TAGSIG window=930.500 n=8 sig=712.9+586.3*+344.3*
TAGSIG window=930.500 n=5 sig=1408.0+121.8+39.6
TAGSIG window=930.500 n=5 sig=1408.0+40.2
TAGSIG window=930.500 n=4 sig=1085.8+40.2
TAGSIG window=930.500 n=4 sig=1112.1+121.8+39.6
TAGSIG window=930.500 n=4 sig=1408.0+40.2+39.6
TAGSIG window=930.500 n=4 sig=930.5*+192.6
TAGSIG window=930.500 n=4 sig=930.5*+351.7
TAGSIG window=930.500 n=3 sig=1408.0
TAGSIG window=930.500 n=2 sig=1408.0+121.8+46.6
TAGSIG window=930.500 n=2 sig=1112.1+40.2
TAGSIG window=930.500 n=2 sig=1112.1+40.2*
TAGSIG window=930.500 n=2 sig=1408.0+121.8*+40.2
TAGSIG window=930.500 n=2 sig=1408.0+40.2+5.6
TAGSIG window=930.500 n=2 sig=1112.1+121.8+40.2
TAGSIG window=930.500 n=2 sig=1408.0+39.6+39.6
TAGSIG window=930.500 n=2 sig=1408.0+45.5
TAGSIG window=930.500 n=2 sig=1528.0+39.6
TAGSIG window=930.500 n=2 sig=778.9+344.3*
TAGSIG window=930.500 n=2 sig=930.5*+675.1
TAGSIG window=930.500 n=1 sig=1112.1+45.5
TAGSIG window=930.500 n=1 sig=1112.1+45.5+39.6
TAGSIG window=930.500 n=1 sig=1212.9+244.7
TAGSIG window=930.500 n=1 sig=1212.9+244.7+121.8*+40.2
TAGSIG window=930.500 n=1 sig=1212.9+244.7+121.8+40.2+5.6
TAGSIG window=930.500 n=1 sig=1212.9+244.7+39.6+39.6
TAGSIG window=930.500 n=1 sig=1212.9+244.7+40.2
TAGSIG window=930.500 n=1 sig=1212.9+244.7+40.2+40.2
TAGSIG window=930.500 n=1 sig=1212.9+244.7+40.2+5.6
TAGSIG window=930.500 n=1 sig=1212.9+244.7+45.5
TAGSIG window=930.500 n=1 sig=1212.9+244.7+46.9*+40.2
TAGSIG window=930.500 n=1 sig=1212.9+45.3+40.2
TAGSIG window=930.500 n=1 sig=1292.8+39.6
TAGSIG window=930.500 n=1 sig=1292.8+40.2
TAGSIG window=930.500 n=1 sig=1299.1+344.3*
TAGSIG window=930.500 n=1 sig=1408.0+121.8*
TAGSIG window=930.500 n=1 sig=1408.0+121.8+39.6+5.6
TAGSIG window=930.500 n=1 sig=1408.0+121.8+45.5*
TAGSIG window=930.500 n=1 sig=1112.1+121.8+39.6+6.2
TAGSIG window=930.500 n=1 sig=1408.0+121.8+6.2
TAGSIG window=930.500 n=1 sig=1085.8+39.6
TAGSIG window=930.500 n=1 sig=1408.0+39.6*
TAGSIG window=930.500 n=1 sig=1085.8+39.6*+5.6
TAGSIG window=930.500 n=1 sig=1408.0+39.6+39.6*
TAGSIG window=930.500 n=1 sig=1408.0+39.6+6.2
TAGSIG window=930.500 n=1 sig=1085.8+39.6*+6.2
TAGSIG window=930.500 n=1 sig=1085.8+40.2+5.6
TAGSIG window=930.500 n=1 sig=1408.0+40.2+39.6*
TAGSIG window=930.500 n=1 sig=1408.0+40.2+40.2
TAGSIG window=930.500 n=1 sig=1408.0+121.8+5.6
TAGSIG window=930.500 n=1 sig=1408.0+40.2+7.2+6.6
TAGFULL window=930.500 n=148 full=930.5
TAGFULL window=930.500 n=111 full=-
TAGFULL window=930.500 n=54 full=586.3+344.3
TAGFULL window=930.500 n=8 full=919.3
TAGFULL window=930.500 n=5 full=39.6
TAGFULL window=930.500 n=4 full=121.8
TAGFULL window=930.500 n=4 full=40.2
TAGFULL window=930.500 n=3 full=344.3
TAGFULL window=930.500 n=1 full=444.0
TAGFULL window=930.500 n=1 full=45.5
TAGFULL window=930.500 n=1 full=46.9
TAGFULL window=930.500 n=1 full=778.9
TAG window=1109.200 total=492 distinct=58
TAGSIG window=1109.200 n=236 sig=1109.2*
TAGSIG window=1109.200 n=67 sig=1109.2*+324.8
TAGSIG window=1109.200 n=37 sig=1109.2*+534.2
TAGSIG window=1109.200 n=21 sig=764.9*+344.3*
TAGSIG window=1109.200 n=13 sig=1408.0+121.8+40.2
TAGSIG window=1109.200 n=11 sig=1109.2*+496.4
TAGSIG window=1109.200 n=9 sig=1408.0+121.8
TAGSIG window=1109.200 n=6 sig=1408.0+39.6
TAGSIG window=1109.200 n=4 sig=1109.2*+441.0
TAGSIG window=1109.200 n=4 sig=1408.0+121.8+39.6
TAGSIG window=1109.200 n=4 sig=1408.0+121.8+46.6
TAGSIG window=1109.200 n=4 sig=1408.0+45.5
TAGSIG window=1109.200 n=4 sig=1408.0
TAGSIG window=1109.200 n=4 sig=1299.1+344.3
TAGSIG window=1109.200 n=4 sig=764.9*+534.2+344.3*
TAGSIG window=1109.200 n=4 sig=1408.0+40.2
TAGSIG window=1109.200 n=3 sig=1408.0+121.8+45.5
TAGSIG window=1109.200 n=3 sig=1109.2*+42.4
TAGSIG window=1109.200 n=3 sig=1408.0+121.8+40.2+5.6
TAGSIG window=1109.200 n=3 sig=1408.0+40.2+39.6
TAGSIG window=1109.200 n=3 sig=1408.0+45.5+39.6
TAGSIG window=1109.200 n=2 sig=1408.0+121.8*+40.2
TAGSIG window=1109.200 n=2 sig=1408.0+40.2+40.2
TAGSIG window=1109.200 n=2 sig=1408.0+40.2+5.6
TAGSIG window=1109.200 n=2 sig=1408.0+46.9+40.2
TAGSIG window=1109.200 n=2 sig=1408.0+40.2+6.6
TAGSIG window=1109.200 n=2 sig=1408.0+39.6+6.2
TAGSIG window=1109.200 n=2 sig=1408.0+46.6
TAGSIG window=1109.200 n=2 sig=764.9*+344.3*+324.8
TAGSIG window=1109.200 n=1 sig=1112.1+39.6
TAGSIG window=1109.200 n=1 sig=1085.8+444.0*+40.2
TAGSIG window=1109.200 n=1 sig=1408.0+121.8*+45.3
TAGSIG window=1109.200 n=1 sig=1408.0+121.8+39.6+6.2
TAGSIG window=1109.200 n=1 sig=1408.0+121.8+45.3
TAGSIG window=1109.200 n=1 sig=1408.0+121.8+5.6
TAGSIG window=1109.200 n=1 sig=1408.0+40.2+39.6+5.6
TAGSIG window=1109.200 n=1 sig=1408.0+40.2+40.2+5.6
TAGSIG window=1109.200 n=1 sig=1112.1+121.8*
TAGSIG window=1109.200 n=1 sig=1408.0+40.2+6.2
TAGSIG window=1109.200 n=1 sig=1109.2*+325.0
TAGSIG window=1109.200 n=1 sig=1408.0+45.3+39.6
TAGSIG window=1109.200 n=1 sig=1408.0+45.3+40.2
TAGSIG window=1109.200 n=1 sig=1408.0+45.3+40.2+5.6
TAGSIG window=1109.200 n=1 sig=1109.2*+43.1
TAGSIG window=1109.200 n=1 sig=1109.2*+43.1+6.0
TAGSIG window=1109.200 n=1 sig=1408.0+45.5+40.2
TAGSIG window=1109.200 n=1 sig=1408.0+45.5+45.5
TAGSIG window=1109.200 n=1 sig=1112.1+121.8
TAGSIG window=1109.200 n=1 sig=1408.0+46.6*+40.2
TAGSIG window=1109.200 n=1 sig=1408.0+46.6+40.2
TAGSIG window=1109.200 n=1 sig=1408.0+121.8+40.2*
TAGSIG window=1109.200 n=1 sig=1457.6+39.6+5.6
TAGSIG window=1109.200 n=1 sig=1408.0+39.6*+39.6+6.2
TAGSIG window=1109.200 n=1 sig=1647.3+121.8
TAGSIG window=1109.200 n=1 sig=1408.0+121.8+6.2
TAGSIG window=1109.200 n=1 sig=1112.1+295.9+121.8
TAGSIG window=1109.200 n=1 sig=764.9*+496.4+344.3*
TAGSIG window=1109.200 n=1 sig=1457.6+46.6
TAGFULL window=1109.200 n=361 full=1109.2
TAGFULL window=1109.200 n=95 full=-
TAGFULL window=1109.200 n=28 full=764.9+344.3
TAGFULL window=1109.200 n=4 full=121.8
TAGFULL window=1109.200 n=1 full=39.6
TAGFULL window=1109.200 n=1 full=40.2
TAGFULL window=1109.200 n=1 full=444.0
TAGFULL window=1109.200 n=1 full=46.6
TAG window=1250.000 total=375 distinct=93
TAGSIG window=1250.000 n=52 sig=1249.9*+121.8+40.2
TAGSIG window=1250.000 n=33 sig=1249.9*+40.2
TAGSIG window=1250.000 n=28 sig=1249.9*+121.8+39.6
TAGSIG window=1250.000 n=21 sig=1249.9*+121.8
TAGSIG window=1250.000 n=14 sig=1249.9*+121.8+45.5
TAGSIG window=1250.000 n=13 sig=1249.9*+40.2+39.6
TAGSIG window=1250.000 n=12 sig=1249.9*+39.6
TAGSIG window=1250.000 n=11 sig=1005.3*+244.7*+121.8+40.2
TAGSIG window=1250.000 n=10 sig=1249.9*+40.2+40.2
TAGSIG window=1250.000 n=8 sig=1249.9*
TAGSIG window=1250.000 n=7 sig=1249.9*+45.5+39.6
TAGSIG window=1250.000 n=7 sig=1408.0+121.8+40.2
TAGSIG window=1250.000 n=6 sig=1249.9*+45.5
TAGSIG window=1250.000 n=6 sig=1249.9*+121.8+40.2+5.6
TAGSIG window=1250.000 n=5 sig=1249.9*+121.8+45.3
TAGSIG window=1250.000 n=5 sig=1249.9*+45.3
TAGSIG window=1250.000 n=5 sig=1249.9*+40.2+5.6
TAGSIG window=1250.000 n=5 sig=1249.9*+40.2+40.2+5.6
TAGSIG window=1250.000 n=5 sig=1005.3*+244.7*+40.2+5.6
TAGSIG window=1250.000 n=5 sig=1249.9*+121.8+46.6
TAGSIG window=1250.000 n=5 sig=1249.9*+45.5+40.2
TAGSIG window=1250.000 n=5 sig=1249.9*+46.6
TAGSIG window=1250.000 n=4 sig=1005.3*+244.7*+121.8+39.6
TAGSIG window=1250.000 n=4 sig=1249.9*+40.2+39.6+5.6
TAGSIG window=1250.000 n=4 sig=1249.9*+39.6+39.6
TAGSIG window=1250.000 n=3 sig=1408.0+40.2
TAGSIG window=1250.000 n=3 sig=1005.3*+244.7*+40.2
TAGSIG window=1250.000 n=3 sig=1249.9*+121.8+40.2+6.6
TAGSIG window=1250.000 n=3 sig=1005.3*+244.7*+39.6
TAGSIG window=1250.000 n=3 sig=1249.9*+46.6+40.2
TAGSIG window=1250.000 n=3 sig=1249.9*+39.6+39.6+6.2
TAGSIG window=1250.000 n=2 sig=1005.3*+244.7*+40.2+39.6
TAGSIG window=1250.000 n=2 sig=1249.9*+121.8+40.2+5.0
TAGSIG window=1250.000 n=2 sig=1005.3*+244.7*+121.8+45.3
TAGSIG window=1250.000 n=2 sig=1249.9*+40.2+6.2
TAGSIG window=1250.000 n=2 sig=1249.9*+121.8+6.3
TAGSIG window=1250.000 n=2 sig=1005.3*+244.7*+121.8+5.6
TAGSIG window=1250.000 n=2 sig=1005.3*+244.7*+121.8+45.5
TAGSIG window=1250.000 n=2 sig=1249.9*+39.6+5.6
TAGSIG window=1250.000 n=2 sig=1005.3*+244.7*+40.2+6.2
TAGSIG window=1250.000 n=2 sig=1249.9*+40.2+6.3
TAGSIG window=1250.000 n=2 sig=1005.3*+244.7*+45.3+40.2
TAGSIG window=1250.000 n=2 sig=1005.3*+244.7*+40.2+39.6+6.2
TAGSIG window=1250.000 n=2 sig=1299.1+344.3*
TAGSIG window=1250.000 n=2 sig=1249.9*+40.2+39.6+6.2
TAGSIG window=1250.000 n=2 sig=1249.9*+45.5+40.2+5.6
TAGSIG window=1250.000 n=1 sig=1005.3*+244.7*
TAGSIG window=1250.000 n=1 sig=1249.9*+39.6+39.6+7.2
TAGSIG window=1250.000 n=1 sig=1005.3*+244.7*+121.8
TAGSIG window=1250.000 n=1 sig=1249.9*+39.6+7.2
TAGSIG window=1250.000 n=1 sig=1249.9*+39.6+7.2+1.1
TAGSIG window=1250.000 n=1 sig=1005.3*+244.7*+121.8+40.2+5.6
TAGSIG window=1250.000 n=1 sig=1005.3*+244.7*+121.8+46.6
TAGSIG window=1250.000 n=1 sig=1005.3*+244.7*+207.7+121.8+39.6
TAGSIG window=1250.000 n=1 sig=1005.3*+244.7*+40.2+40.2
TAGSIG window=1250.000 n=1 sig=1249.9*+40.2+39.6+6.2+1.1
TAGSIG window=1250.000 n=1 sig=1005.3*+244.7*+45.3
TAGSIG window=1250.000 n=1 sig=1005.3*+244.7*+45.5+1.3
TAGSIG window=1250.000 n=1 sig=1249.9*+40.2+40.2+5.6+5.6
TAGSIG window=1250.000 n=1 sig=1249.9*+40.2+5.0
TAGFULL window=1250.000 n=301 full=1249.9
TAGFULL window=1250.000 n=54 full=1005.3+244.7
TAGFULL window=1250.000 n=15 full=-
TAGFULL window=1250.000 n=3 full=121.8
TAGFULL window=1250.000 n=2 full=344.3
TAG window=1528.100 total=430 distinct=82
TAGSIG window=1528.100 n=59 sig=1528.0*+121.8+40.2
TAGSIG window=1528.100 n=47 sig=1528.0*+40.2
TAGSIG window=1528.100 n=42 sig=1528.0*+121.8
TAGSIG window=1528.100 n=26 sig=1528.0*+121.8+39.6
TAGSIG window=1528.100 n=22 sig=1528.0*
TAGSIG window=1528.100 n=19 sig=1528.0*+40.2+40.2
TAGSIG window=1528.100 n=19 sig=1528.0*+39.6
TAGSIG window=1528.100 n=17 sig=1528.0*+40.2+39.6
TAGSIG window=1528.100 n=15 sig=1528.0*+121.8+45.5
TAGSIG window=1528.100 n=11 sig=1528.0*+121.8+40.2+5.6
TAGSIG window=1528.100 n=10 sig=1528.0*+39.6+39.6
TAGSIG window=1528.100 n=9 sig=1528.0*+45.5
TAGSIG window=1528.100 n=5 sig=1528.0*+46.6
TAGSIG window=1528.100 n=5 sig=1528.0*+45.5+40.2
TAGSIG window=1528.100 n=5 sig=1528.0*+40.2+5.6
TAGSIG window=1528.100 n=5 sig=1528.0*+121.8+46.6
TAGSIG window=1528.100 n=4 sig=1408.0*+121.8+40.2
TAGSIG window=1528.100 n=4 sig=1528.0*+121.8+39.6+6.2
TAGSIG window=1528.100 n=4 sig=1528.0*+40.2+40.2+5.6
TAGSIG window=1528.100 n=4 sig=1528.0*+121.8+45.3
TAGSIG window=1528.100 n=4 sig=1528.0*+40.2+6.2
TAGSIG window=1528.100 n=4 sig=1528.0*+46.6+40.2
TAGSIG window=1528.100 n=4 sig=1528.0*+6.2
TAGSIG window=1528.100 n=3 sig=1528.0*+45.3
TAGSIG window=1528.100 n=3 sig=1528.0*+40.2+6.6
TAGSIG window=1528.100 n=3 sig=1528.0*+39.6+6.2
TAGSIG window=1528.100 n=3 sig=1528.0*+39.6+6.6
TAGSIG window=1528.100 n=3 sig=1528.0*+45.5+39.6
TAGSIG window=1528.100 n=3 sig=1528.0*+46.6+39.6
TAGSIG window=1528.100 n=3 sig=964.1*+564.0*+40.2
TAGSIG window=1528.100 n=2 sig=1528.0*+121.8+46.8
TAGSIG window=1528.100 n=2 sig=1528.0*+121.8+5.6
TAGSIG window=1528.100 n=2 sig=1528.0*+121.8+6.2
TAGSIG window=1528.100 n=2 sig=1408.0*+121.8+45.5
TAGSIG window=1528.100 n=2 sig=1528.0*+39.6+5.6
TAGSIG window=1528.100 n=2 sig=1528.0*+40.2+40.2+6.6
TAGSIG window=1528.100 n=2 sig=1528.0*+45.3+39.6
TAGSIG window=1528.100 n=2 sig=1528.0*+45.3+40.2
TAGSIG window=1528.100 n=2 sig=1528.0*+40.2+39.6+5.6
TAGSIG window=1528.100 n=2 sig=1528.0*+45.5+40.2+5.6
TAGSIG window=1528.100 n=2 sig=1528.0*+45.5+45.3
TAGSIG window=1528.100 n=2 sig=964.1*+564.0*+6.2
TAGSIG window=1528.100 n=2 sig=1528.0*+46.9+39.6
TAGSIG window=1528.100 n=1 sig=1112.1*+416.0*+121.8
TAGSIG window=1528.100 n=1 sig=1112.1*+416.0*+121.8+40.2
TAGSIG window=1528.100 n=1 sig=1112.1*+416.0*+121.8+45.5
TAGSIG window=1528.100 n=1 sig=1112.1*+416.0*+39.6+6.2
TAGSIG window=1528.100 n=1 sig=1112.1*+416.0*+40.2
TAGSIG window=1528.100 n=1 sig=1528.0*+40.2+6.2+5.6
TAGSIG window=1528.100 n=1 sig=1528.0*+40.2+6.3
TAGSIG window=1528.100 n=1 sig=1112.1*+416.0*+40.2+39.6+5.6
TAGSIG window=1528.100 n=1 sig=1528.0*+40.2+39.6+5.6+1.1
TAGSIG window=1528.100 n=1 sig=1112.1*+416.0*+40.2+5.6
TAGSIG window=1528.100 n=1 sig=1112.1*+416.0*+5.6
TAGSIG window=1528.100 n=1 sig=1528.0*+45.3+40.2+6.6
TAGSIG window=1528.100 n=1 sig=1408.0*+121.8+46.6
TAGSIG window=1528.100 n=1 sig=1528.0*+1.4
TAGSIG window=1528.100 n=1 sig=1528.0*+45.5+39.6+1.1
TAGSIG window=1528.100 n=1 sig=1528.0*+121.8+40.2+5.0
TAGSIG window=1528.100 n=1 sig=1528.0*+121.8+40.2+5.6+1.1
TAGFULL window=1528.100 n=404 full=1528.0
TAGFULL window=1528.100 n=11 full=964.1+564.0
TAGFULL window=1528.100 n=8 full=1112.1+416.0
TAGFULL window=1528.100 n=7 full=1408.0
TAG window=329.400 total=1283 distinct=317
TAGSIG window=329.400 n=131 sig=963.4+329.4*+40.2
TAGSIG window=329.400 n=114 sig=778.9+344.3
TAGSIG window=329.400 n=75 sig=963.4+329.4*
TAGSIG window=329.400 n=72 sig=963.4+329.4*+39.6
TAGSIG window=329.400 n=53 sig=841.6+329.4*+121.8+40.2
TAGSIG window=329.400 n=40 sig=841.6+329.4*+40.2
TAGSIG window=329.400 n=30 sig=841.6+329.4*+121.8+39.6
TAGSIG window=329.400 n=29 sig=841.6+329.4*+121.8
TAGSIG window=329.400 n=26 sig=344.3
TAGSIG window=329.400 n=26 sig=963.4+329.4*+45.5
TAGSIG window=329.400 n=19 sig=841.6+329.4*+39.6
TAGSIG window=329.400 n=16 sig=841.6+329.4*
TAGSIG window=329.400 n=16 sig=841.6+329.4*+40.2+39.6
TAGSIG window=329.400 n=15 sig=963.4+329.4*+40.2+5.6
TAGSIG window=329.400 n=15 sig=841.6+329.4*+40.2+40.2
TAGSIG window=329.400 n=14 sig=411.1+367.8+344.3
TAGSIG window=329.400 n=13 sig=841.6+329.4*+45.5
TAGSIG window=329.400 n=11 sig=1085.8
TAGSIG window=329.400 n=11 sig=963.4+329.4*+46.6
TAGSIG window=329.400 n=10 sig=963.4+329.4*+45.3
TAGSIG window=329.400 n=9 sig=1299.1+344.3
TAGSIG window=329.400 n=9 sig=1085.8+40.2
TAGSIG window=329.400 n=9 sig=1089.7+344.3
TAGSIG window=329.400 n=9 sig=1112.1+121.8+40.2
TAGSIG window=329.400 n=9 sig=964.1+121.8+39.6
TAGSIG window=329.400 n=8 sig=841.6+329.4*+121.8+45.5
TAGSIG window=329.400 n=8 sig=841.6+329.4*+40.2+5.6
TAGSIG window=329.400 n=7 sig=1408.0+121.8
TAGSIG window=329.400 n=7 sig=1085.8+39.6
TAGSIG window=329.400 n=7 sig=841.6+329.4*+121.8+40.2+5.6
TAGSIG window=329.400 n=7 sig=841.6+329.4*+46.6
TAGSIG window=329.400 n=7 sig=964.1+121.8+40.2
TAGSIG window=329.400 n=6 sig=678.6+411.1+344.3
TAGSIG window=329.400 n=6 sig=841.6+329.4*+121.8+45.3
TAGSIG window=329.400 n=6 sig=963.4+329.4*+39.6+6.2
TAGSIG window=329.400 n=6 sig=1112.1+40.2
TAGSIG window=329.400 n=6 sig=841.6+329.4*+121.8+39.6+6.2
TAGSIG window=329.400 n=5 sig=841.6+329.4*+39.6+6.2
TAGSIG window=329.400 n=5 sig=964.1+39.6
TAGSIG window=329.400 n=5 sig=1408.0+40.2
TAGSIG window=329.400 n=5 sig=841.6+329.4*+121.8+46.6
TAGSIG window=329.400 n=5 sig=867.4+244.7+121.8+40.2
TAGSIG window=329.400 n=4 sig=586.3+503.5+344.3
TAGSIG window=329.400 n=4 sig=1408.0+121.8+40.2
TAGSIG window=329.400 n=4 sig=411.1+344.3
TAGSIG window=329.400 n=4 sig=841.6+329.4*+40.2+39.6+6.2
TAGSIG window=329.400 n=4 sig=841.6+329.4*+40.2+40.2+5.6
TAGSIG window=329.400 n=4 sig=841.6+329.4*+45.5+40.2+5.6
TAGSIG window=329.400 n=4 sig=963.4+329.4*+5.6
TAGSIG window=329.400 n=4 sig=963.4+329.4*+6.3
TAGSIG window=329.400 n=4 sig=964.1+121.8
TAGSIG window=329.400 n=4 sig=841.6+329.4*+46.6+40.2
TAGSIG window=329.400 n=4 sig=1408.0+121.8+39.6
TAGSIG window=329.400 n=4 sig=964.1+40.2+39.6
TAGSIG window=329.400 n=3 sig=841.6+329.4*+40.2+6.2
TAGSIG window=329.400 n=3 sig=841.6+329.4*+40.2+39.6+5.6
TAGSIG window=329.400 n=3 sig=841.6+329.4*+45.5+40.2
TAGSIG window=329.400 n=3 sig=963.4+329.4*+40.2+6.6
TAGSIG window=329.400 n=3 sig=1112.1+45.5+39.6
TAGSIG window=329.400 n=3 sig=841.6+329.4*+39.6+39.6
TAGFULL window=329.400 n=762 full=329.4
TAGFULL window=329.400 n=497 full=-
TAGFULL window=329.400 n=8 full=121.8
TAGFULL window=329.400 n=6 full=40.2
TAGFULL window=329.400 n=2 full=244.7
TAGFULL window=329.400 n=2 full=244.7+45.5+39.6
TAGFULL window=329.400 n=2 full=45.3
TAGFULL window=329.400 n=1 full=207.7+121.8
TAGFULL window=329.400 n=1 full=244.7+45.3+39.6
TAGFULL window=329.400 n=1 full=39.6
TAGFULL window=329.400 n=1 full=48.8
TAGEND
