ch,keV,net,fit,model,continuum_raw,Ac-228,Tl-208,Pb-212,Bi-212,Ra-224,Th-228,Rn-220,Th-232
0,-15.235,0.000,-4466.333,0.000,0.000,0.000,0.000,0.000,0.000,0.000,0.000,0.000,0.000
1,-14.844,0.000,-4525.194,0.000,0.000,0.000,0.000,0.000,0.000,0.000,0.000,0.000,0.000
2,-14.454,0.000,-4574.991,0.000,0.000,0.000,0.000,0.000,0.000,0.000,0.000,0.000,0.000
3,-14.064,0.000,-4689.418,0.000,0.000,0.000,0.000,0.000,0.000,0.000,0.000,0.000,0.000
4,-13.674,0.000,-4798.821,0.000,0.000,0.000,0.000,0.000,0.000,0.000,0.000,0.000,0.000
5,-13.284,0.000,-4775.775,0.000,0.000,0.000,0.000,0.000,0.000,0.000,0.000,0.000,0.000
6,-12.894,0.000,-4829.940,0.000,0.000,0.000,0.000,0.000,0.000,0.000,0.000,0.000,0.000
7,-12.504,0.000,-4934.344,0.000,0.000,0.000,0.000,0.000,0.000,0.000,0.000,0.000,0.000
8,-12.114,0.000,-4968.669,0.000,0.000,0.000,0.000,0.000,0.000,0.000,0.000,0.000,0.000
9,-11.725,0.000,-5029.702,0.000,0.000,0.000,0.000,0.000,0.000,0.000,0.000,0.000,0.000
10,-11.335,0.000,-5109.008,0.000,0.000,0.000,0.000,0.000,0.000,0.000,0.000,0.000,0.000
11,-10.945,0.000,-5246.640,0.000,0.000,0.000,0.000,0.000,0.000,0.000,0.000,0.000,0.000
12,-10.555,0.000,-5321.834,0.000,0.000,0.000,0.000,0.000,0.000,0.000,0.000,0.000,0.000
13,-10.166,0.000,-5392.275,0.000,0.000,0.000,0.000,0.000,0.000,0.000,0.000,0.000,0.000
14,-9.776,0.000,-5411.245,0.000,0.000,0.000,0.000,0.000,0.000,0.000,0.000,0.000,0.000
15,-9.387,0.000,-5534.998,0.000,0.000,0.000,0.000,0.000,0.000,0.000,0.000,0.000,0.000
16,-8.997,0.000,-5617.612,0.000,0.000,0.000,0.000,0.000,0.000,0.000,0.000,0.000,0.000
17,-8.608,0.000,-5636.129,0.000,0.000,0.000,0.000,0.000,0.000,0.000,0.000,0.000,0.000
18,-8.218,0.000,-5798.149,0.000,0.000,0.000,0.000,0.000,0.000,0.000,0.000,0.000,0.000
19,-7.829,0.000,-5857.809,0.000,0.000,0.000,0.000,0.000,0.000,0.000,0.000,0.000,0.000
20,-7.440,0.000,-6002.039,0.000,0.000,0.000,0.000,0.000,0.000,0.000,0.000,0.000,0.000
21,-7.050,0.000,-6118.625,0.000,0.000,0.000,0.000,0.000,0.000,0.000,0.000,0.000,0.000
22,-6.661,0.000,-6131.814,0.000,0.000,0.000,0.000,0.000,0.000,0.000,0.000,0.000,0.000
23,-6.272,0.000,-6274.775,0.000,0.000,0.000,0.000,0.000,0.000,0.000,0.000,0.000,0.000
24,-5.883,0.000,-6402.211,0.000,0.000,0.000,0.000,0.000,0.000,0.000,0.000,0.000,0.000
25,-5.494,0.000,-6574.926,0.000,0.000,0.000,0.000,0.000,0.000,0.000,0.000,0.000,0.000
26,-5.105,0.000,-6706.333,0.000,0.000,0.000,0.000,0.000,0.000,0.000,0.000,0.000,0.000
27,-4.716,0.000,-6746.732,0.000,0.000,0.000,0.000,0.000,0.000,0.000,0.000,0.000,0.000
28,-4.327,0.000,-6868.023,0.000,0.000,0.000,0.000,0.000,0.000,0.000,0.000,0.000,0.000
29,-3.938,0.000,-6988.910,0.000,0.000,0.000,0.000,0.000,0.000,0.000,0.000,0.000,0.000
30,-3.549,0.000,-7090.457,0.000,0.000,0.000,0.000,0.000,0.000,0.000,0.000,0.000,0.000
31,-3.160,0.000,-7251.790,0.000,0.000,0.000,0.000,0.000,0.000,0.000,0.000,0.000,0.000
32,-2.771,0.000,-7359.331,0.000,0.000,0.000,0.000,0.000,0.000,0.000,0.000,0.000,0.000
33,-2.382,0.000,-7434.886,0.000,0.000,0.000,0.000,0.000,0.000,0.000,0.000,0.000,0.000
34,-1.994,0.000,-7562.603,0.000,0.000,0.000,0.000,0.000,0.000,0.000,0.000,0.000,0.000
35,-1.605,0.000,-7699.208,0.000,0.000,0.000,0.000,0.000,0.000,0.000,0.000,0.000,0.000
36,-1.217,0.000,-7779.549,0.000,0.000,0.000,0.000,0.000,0.000,0.000,0.000,0.000,0.000
37,-0.828,0.000,-7907.159,0.000,0.000,0.000,0.000,0.000,0.000,0.000,0.000,0.000,0.000
38,-0.439,0.000,-8026.727,0.000,0.000,0.000,0.000,0.000,0.000,0.000,0.000,0.000,0.000
39,-0.051,0.000,-8194.024,0.000,0.000,0.000,0.000,0.000,0.000,0.000,0.000,0.000,0.000
40,0.337,0.000,-8301.912,0.000,0.000,0.000,0.000,0.000,0.000,0.000,0.000,0.000,0.000
41,0.726,0.000,-8431.751,0.000,0.000,0.000,0.000,0.000,0.000,0.000,0.000,0.000,0.000
42,1.114,0.000,-8522.103,0.000,0.000,0.000,0.000,0.000,0.000,0.000,0.000,0.000,0.000
43,1.502,0.000,-8711.252,0.000,0.000,0.000,0.000,0.000,0.000,0.000,0.000,0.000,0.000
44,1.891,0.000,-8792.646,0.000,0.000,0.000,0.000,0.000,0.000,0.000,0.000,0.000,0.000
45,2.279,0.000,-8931.189,0.000,0.000,0.000,0.000,0.000,0.000,0.000,0.000,0.000,0.000
46,2.667,0.000,-8988.971,0.000,0.000,0.000,0.000,0.000,0.000,0.000,0.000,0.000,0.000
47,3.055,0.000,-9188.787,0.000,0.000,0.000,0.000,0.000,0.000,0.000,0.000,0.000,0.000
48,3.443,0.000,-9263.121,0.000,0.000,0.000,0.000,0.000,0.000,0.000,0.000,0.000,0.000
49,3.831,0.000,-9375.027,0.000,0.000,0.000,0.000,0.000,0.000,0.000,0.000,0.000,0.000
50,4.219,0.000,-9556.140,0.000,0.000,0.000,0.000,0.000,0.000,0.000,0.000,0.000,0.000
51,4.607,0.000,-9623.674,0.000,0.000,0.000,0.000,0.000,0.000,0.000,0.000,0.000,0.000
52,4.995,0.000,-9768.360,0.000,0.000,0.000,0.000,0.000,0.000,0.000,0.000,0.000,0.000
53,5.383,0.000,-9897.852,0.000,0.000,0.000,0.000,0.000,0.000,0.000,0.000,0.000,0.000
54,5.771,0.000,-9783.219,0.000,0.000,0.000,0.000,0.000,0.000,0.000,0.000,0.000,0.000
55,6.159,0.000,-9381.127,0.000,0.000,0.000,0.000,0.000,0.000,0.000,0.000,0.000,0.000
56,6.546,0.000,-8840.309,0.000,0.000,0.000,0.000,0.000,0.000,0.000,0.000,0.000,0.000
57,6.934,0.000,-7982.209,0.000,0.000,0.000,0.000,0.000,0.000,0.000,0.000,0.000,0.000
58,7.322,0.000,-7051.529,0.000,0.000,0.000,0.000,0.000,0.000,0.000,0.000,0.000,0.000
59,7.709,0.000,-6128.873,0.000,0.000,0.000,0.000,0.000,0.000,0.000,0.000,0.000,0.000
60,8.097,0.000,-5303.397,0.000,0.000,0.000,0.000,0.000,0.000,0.000,0.000,0.000,0.000
61,8.484,0.000,-4212.655,0.000,0.000,0.000,0.000,0.000,0.000,0.000,0.000,0.000,0.000
62,8.872,0.000,-3945.914,0.000,0.000,0.000,0.000,0.000,0.000,0.000,0.000,0.000,0.000
63,9.259,0.000,-3331.816,0.000,0.000,0.000,0.000,0.000,0.000,0.000,0.000,0.000,0.000
64,9.647,0.000,-2788.648,0.000,0.000,0.000,0.000,0.000,0.000,0.000,0.000,0.000,0.000
65,10.034,0.000,-2723.884,0.000,0.000,0.000,0.000,0.000,0.000,0.000,0.000,0.000,0.000
66,10.421,0.000,-2510.297,0.000,0.000,0.000,0.000,0.000,0.000,0.000,0.000,0.000,0.000
67,10.809,0.000,-2411.052,0.000,0.000,0.000,0.000,0.000,0.000,0.000,0.000,0.000,0.000
68,11.196,0.000,-2454.621,0.000,0.000,0.000,0.000,0.000,0.000,0.000,0.000,0.000,0.000
69,11.583,0.000,-2501.915,0.000,0.000,0.000,0.000,0.000,0.000,0.000,0.000,0.000,0.000
70,11.970,0.000,-2287.096,0.000,0.000,0.000,0.000,0.000,0.000,0.000,0.000,0.000,0.000
71,12.357,0.000,-2422.392,0.000,0.000,0.000,0.000,0.000,0.000,0.000,0.000,0.000,0.000
72,12.744,0.000,-2487.695,0.000,0.000,0.000,0.000,0.000,0.000,0.000,0.000,0.000,0.000
73,13.131,0.000,-2324.642,0.000,0.000,0.000,0.000,0.000,0.000,0.000,0.000,0.000,0.000
74,13.518,0.000,-2295.609,0.000,0.000,0.000,0.000,0.000,0.000,0.000,0.000,0.000,0.000
75,13.905,0.000,-2427.930,0.000,0.000,0.000,0.000,0.000,0.000,0.000,0.000,0.000,0.000
76,14.292,0.000,-2181.224,0.000,0.000,0.000,0.000,0.000,0.000,0.000,0.000,0.000,0.000
77,14.679,0.000,-2401.817,0.000,0.000,0.000,0.000,0.000,0.000,0.000,0.000,0.000,0.000
78,15.066,0.000,-2347.918,0.000,0.000,0.000,0.000,0.000,0.000,0.000,0.000,0.000,0.000
79,15.453,0.000,-1907.805,0.000,0.000,0.000,0.000,0.000,0.000,0.000,0.000,0.000,0.000
80,15.839,0.000,-2159.190,0.000,0.000,0.000,0.000,0.000,0.000,0.000,0.000,0.000,0.000
81,16.226,0.000,-2056.899,0.000,0.000,0.000,0.000,0.000,0.000,0.000,0.000,0.000,0.000
82,16.613,0.000,-2223.193,0.000,0.000,0.000,0.000,0.000,0.000,0.000,0.000,0.000,0.000
83,16.999,0.000,-2058.834,0.000,0.000,0.000,0.000,0.000,0.000,0.000,0.000,0.000,0.000
84,17.386,0.000,-2085.201,0.000,0.000,0.000,0.000,0.000,0.000,0.000,0.000,0.000,0.000
85,17.772,0.000,-2172.321,0.000,0.000,0.000,0.000,0.000,0.000,0.000,0.000,0.000,0.000
86,18.159,0.000,-1922.923,0.000,0.000,0.000,0.000,0.000,0.000,0.000,0.000,0.000,0.000
87,18.545,0.000,-1798.196,0.000,0.000,0.000,0.000,0.000,0.000,0.000,0.000,0.000,0.000
88,18.931,0.000,-1798.212,0.000,0.000,0.000,0.000,0.000,0.000,0.000,0.000,0.000,0.000
89,19.318,0.000,-1885.015,0.001,0.000,0.000,0.000,0.000,0.001,0.000,0.000,0.000,0.000
90,19.704,0.000,-1909.384,0.002,0.000,0.000,0.000,0.000,0.002,0.000,0.000,0.000,0.000
91,20.090,0.000,-1824.263,0.006,0.000,0.000,0.000,0.000,0.006,0.000,0.000,0.000,0.000
92,20.477,0.000,-1953.322,0.015,0.000,0.000,0.000,0.000,0.015,0.000,0.000,0.000,0.000
93,20.863,0.000,-1932.204,0.037,0.000,0.000,0.000,0.000,0.037,0.000,0.000,0.000,0.000
94,21.249,0.000,-1644.467,0.091,0.000,0.000,0.000,0.000,0.091,0.000,0.000,0.000,0.000
95,21.635,0.000,-1552.693,0.213,0.000,0.000,0.000,0.000,0.213,0.000,0.000,0.000,0.000
96,22.021,0.000,-1501.456,0.481,0.000,0.000,0.000,0.000,0.481,0.000,0.000,0.000,0.000
97,22.407,0.000,-1753.683,1.047,0.000,0.000,0.000,0.000,1.047,0.000,0.000,0.000,0.000
98,22.793,0.000,-1416.211,2.197,0.000,0.000,0.000,0.000,2.197,0.000,0.000,0.000,0.000
99,23.179,0.000,-1227.449,4.438,0.000,0.000,0.000,0.000,4.438,0.000,0.000,0.000,0.000
100,23.565,0.000,-1316.770,8.642,0.000,0.000,0.000,0.000,8.642,0.000,0.000,0.000,0.000
101,23.951,0.000,-1261.371,16.218,0.000,0.000,0.000,0.000,16.218,0.000,0.000,0.000,0.000
102,24.336,0.000,-1091.989,29.345,0.000,0.000,0.000,0.000,29.345,0.000,0.000,0.000,0.000
103,24.722,0.000,-1319.570,51.210,0.000,0.000,0.000,0.000,51.210,0.000,0.000,0.000,0.000
104,25.108,0.000,-1158.756,86.223,0.000,0.000,0.000,0.000,86.223,0.000,0.000,0.000,0.000
105,25.494,0.000,-1080.561,140.130,0.000,0.000,0.000,0.000,140.130,0.000,0.000,0.000,0.000
106,25.879,0.000,-1312.719,219.947,0.000,0.000,0.000,0.000,219.947,0.000,0.000,0.000,0.000
107,26.265,0.000,-1113.398,333.630,0.000,0.000,0.000,0.000,333.630,0.000,0.000,0.000,0.000
108,26.650,0.000,-1041.805,489.439,0.000,0.000,0.000,0.000,489.439,0.000,0.000,0.000,0.000
109,27.036,0.000,-1017.438,695.025,0.000,0.000,0.000,0.000,695.025,0.000,0.000,0.000,0.000
110,27.421,0.000,-1008.363,956.349,0.000,0.000,0.000,0.000,956.349,0.000,0.000,0.000,0.000
111,27.807,0.000,-991.555,1276.606,0.000,0.000,0.000,0.000,1276.606,0.000,0.000,0.000,0.000
112,28.192,0.000,-1049.298,1655.385,0.000,0.000,0.000,0.000,1655.385,0.000,0.000,0.000,0.000
113,28.578,0.000,-939.075,2088.269,0.000,0.000,0.000,0.000,2088.269,0.000,0.000,0.000,0.000
114,28.963,0.000,-1145.481,2566.975,0.000,0.000,0.000,0.000,2566.975,0.000,0.000,0.000,0.000
115,29.348,0.000,-906.309,3080.027,0.000,0.000,0.000,0.000,3080.026,0.000,0.000,0.000,0.000
116,29.733,0.000,-829.526,3613.785,0.000,0.001,0.000,0.000,3613.785,0.000,0.000,0.000,0.000
117,30.119,0.000,-816.603,4153.613,0.000,0.002,0.000,0.000,4153.611,0.000,0.000,0.000,0.000
118,30.504,0.000,-476.254,4684.906,0.000,0.004,0.000,0.000,4684.902,0.000,0.000,0.000,0.000
119,30.889,0.000,-294.216,5193.836,0.000,0.009,0.000,0.000,5193.827,0.000,0.000,0.000,0.000
120,31.274,0.000,-275.857,5667.746,0.000,0.021,0.000,0.000,5667.725,0.000,0.000,0.000,0.000
121,31.659,3.034,3.034,6095.303,0.000,0.048,0.000,0.000,6095.255,0.000,0.000,0.000,0.000
122,32.044,67.807,67.807,6466.555,0.000,0.105,0.000,0.000,6466.450,0.000,0.000,0.000,0.000
123,32.429,216.696,216.696,6773.080,0.000,0.224,0.000,0.000,6772.855,0.000,0.000,0.000,0.000
124,32.814,301.674,301.674,7008.310,0.000,0.466,0.000,0.000,7007.844,0.000,0.000,0.000,0.000
125,33.199,848.303,848.303,7168.045,0.000,0.941,0.000,0.000,7167.104,0.000,0.000,0.000,0.000
126,33.584,893.053,893.053,7251.025,0.000,1.851,0.000,0.000,7249.174,0.000,0.000,0.000,0.000
127,33.968,1267.492,1267.492,7454.582,195.179,83.549,54.888,46.045,7265.806,3.584,0.585,0.087,0.036
128,34.353,1352.872,1352.872,7589.279,390.358,166.682,109.837,92.141,7212.028,7.172,1.172,0.174,0.072
129,34.738,1740.499,1740.499,7664.207,585.537,252.153,164.846,138.287,7096.026,10.764,1.758,0.261,0.108
130,35.122,1706.873,1706.873,7691.104,780.716,341.333,219.913,184.483,6928.173,14.359,2.346,0.348,0.144
131,35.507,1934.788,1934.788,7683.291,975.896,436.211,275.037,230.725,6719.805,17.959,2.934,0.435,0.180
132,35.892,2416.148,2416.148,7654.392,1171.075,539.533,330.213,277.011,6481.804,21.561,3.522,0.522,0.216
133,36.276,2534.454,2534.454,7617.076,1366.254,654.888,385.439,323.340,6223.259,25.167,4.111,0.610,0.253
134,36.661,3005.093,3005.093,7582.034,1561.433,786.687,440.712,369.707,5950.454,28.776,4.701,0.697,0.289
135,37.045,3264.332,3264.332,7557.332,1756.612,939.965,496.029,416.112,5666.425,32.388,5.291,0.785,0.325
136,37.430,3502.437,3502.437,7548.220,1951.791,1119.957,551.387,462.551,5371.192,36.003,5.881,0.872,0.361
137,37.814,3619.769,3619.769,7557.351,2146.970,1331.402,606.785,509.024,5062.675,39.620,6.472,0.960,0.398
138,38.198,3743.749,3743.749,7585.311,2342.149,1577.609,662.221,555.529,4738.149,43.240,7.063,1.047,0.434
139,38.583,3821.573,3821.573,7631.289,2537.328,1859.422,717.694,602.064,4395.967,46.862,7.655,1.135,0.471
140,38.967,3818.557,3818.557,7693.763,2732.508,2174.321,773.203,648.630,4037.125,50.486,8.247,1.223,0.508
141,39.351,4057.047,4057.047,7771.068,2927.687,2516.042,828.746,695.224,3666.225,54.113,8.840,1.311,0.545
142,39.736,3952.096,3952.096,7861.790,3122.866,2874.997,884.324,741.848,3291.443,57.742,9.432,1.399,0.583
143,40.120,3799.846,3799.846,7964.963,3318.045,3239.564,939.935,788.499,2923.434,61.373,10.026,1.487,0.622
144,40.504,3551.352,3551.352,8080.098,3513.224,3597.973,995.580,835.179,2573.480,65.006,10.619,1.575,0.661
145,40.888,3630.415,3630.415,8207.090,3708.403,3940.186,1051.258,881.887,2251.513,68.642,11.213,1.663,0.702
146,41.272,3310.747,3310.747,8346.049,3903.582,4259.221,1106.969,928.622,1964.627,72.280,11.807,1.751,0.744
147,41.656,3142.010,3142.010,8497.118,4098.761,4551.583,1162.714,975.385,1716.458,75.919,12.402,1.839,0.788
148,42.040,2946.720,2946.720,8660.303,4293.940,4816.892,1218.493,1022.177,1507.389,79.562,12.997,1.927,0.835
149,42.424,3332.288,3332.288,8835.337,4489.119,5057.008,1274.307,1068.998,1335.292,83.206,13.592,2.016,0.885
150,42.808,2795.902,2795.902,9021.604,4684.299,5275.025,1330.156,1115.849,1196.456,86.852,14.188,2.104,0.940
151,43.192,2942.995,2942.995,9218.112,4879.478,5474.406,1386.042,1162.730,1086.419,90.501,14.784,2.192,1.001
152,43.575,3026.753,3026.753,9423.503,5074.657,5658.381,1441.968,1209.642,1000.591,94.153,15.380,2.281,1.070
153,43.959,3083.368,3083.368,9636.112,5269.836,5829.610,1497.934,1256.587,934.641,97.807,15.977,2.369,1.149
154,44.343,3140.461,3140.461,9854.038,5465.015,5990.069,1553.944,1303.566,884.684,101.463,16.575,2.458,1.240
155,44.727,3318.973,3318.973,10075.231,5660.194,6141.074,1610.001,1350.578,847.349,105.123,17.172,2.546,1.346
156,45.110,3728.918,3728.918,10297.588,5855.373,6283.390,1666.110,1397.626,819.757,108.784,17.771,2.635,1.471
157,45.494,3680.176,3680.176,10519.040,6050.552,6417.371,1722.281,1444.711,799.472,112.449,18.369,2.724,1.619
158,45.878,3947.133,3947.133,10737.637,6245.731,6543.108,1778.525,1491.834,784.436,116.116,18.968,2.813,1.792
159,46.261,4450.820,4450.820,10951.625,6440.911,6660.556,1834.862,1538.996,772.913,119.786,19.568,2.902,1.995
160,46.645,4490.548,4490.548,11159.512,6636.090,6769.648,1891.321,1586.201,763.446,123.459,20.168,2.991,2.231
161,47.028,5143.988,5143.988,11360.132,6831.269,6870.374,1947.947,1633.453,754.825,127.135,20.768,3.080,2.501
162,47.412,5496.743,5496.743,11552.691,7026.448,6962.841,2004.804,1680.760,746.078,130.813,21.369,3.169,2.807
163,47.795,5880.886,5880.886,11736.804,7221.627,7047.304,2061.987,1728.134,736.456,134.493,21.970,3.258,3.149
164,48.178,6192.559,6192.559,11912.510,7416.806,7124.174,2119.628,1775.594,725.440,138.177,22.572,3.347,3.525
165,48.562,6437.436,6437.436,12080.279,7611.985,7194.005,2177.910,1823.168,712.737,141.862,23.174,3.436,3.931
166,48.945,7298.560,7298.560,12240.980,7807.164,7257.462,2237.075,1870.899,698.270,145.550,23.776,3.526,4.364
167,49.328,7741.641,7741.641,12395.838,8002.343,7315.265,2297.441,1918.849,682.171,149.240,24.379,3.615,4.819
168,49.711,7851.541,7851.541,12546.367,8197.523,7368.130,2359.411,1967.106,664.751,152.933,24.982,3.705,5.290
169,50.094,8457.990,8457.990,12694.278,8392.702,7416.696,2423.477,2015.789,646.477,156.628,25.586,3.794,5.770
170,50.478,8715.738,8715.738,12841.392,8587.881,7461.457,2490.229,2065.063,627.927,160.326,26.189,3.884,6.254
171,50.861,9332.608,9332.608,12989.526,8783.060,7502.693,2560.340,2115.138,609.758,164.026,26.793,3.973,6.738
172,51.244,9926.805,9926.805,13140.407,8978.239,7540.438,2634.551,2166.286,592.658,167.731,27.398,4.063,7.216
173,51.627,10303.127,10303.127,13295.579,9173.418,7574.461,2713.626,2218.836,577.305,171.440,28.002,4.152,7.686
174,52.010,10743.895,10743.895,13456.335,9368.597,7604.299,2798.301,2273.183,564.329,175.155,28.607,4.242,8.146
175,52.393,11299.714,11299.714,13623.665,9563.776,7629.329,2889.206,2329.772,554.267,178.879,29.213,4.332,8.594
176,52.776,11436.225,11436.225,13798.235,9758.955,7648.876,2986.777,2389.086,547.530,182.613,29.818,4.422,9.035
177,53.159,11932.590,11932.590,13980.372,9954.134,7662.356,3091.172,2451.616,544.376,186.363,30.425,4.512,9.472
178,53.541,12568.731,12568.731,14170.086,10149.314,7669.410,3202.196,2517.831,544.886,190.132,31.031,4.601,9.916
179,53.924,12740.275,12740.275,14367.096,10344.493,7670.022,3319.259,2588.134,548.960,193.927,31.638,4.691,10.379
180,54.307,12955.323,12955.323,14570.875,10539.672,7664.586,3441.383,2662.825,556.330,197.754,32.247,4.781,10.880
181,54.690,13469.191,13469.191,14780.702,10734.851,7653.904,3567.252,2742.072,566.586,201.624,32.856,4.871,11.444
182,55.072,13892.829,13892.829,14995.719,10930.030,7639.132,3695.311,2825.890,579.217,205.547,33.466,4.962,12.098
183,55.455,14537.975,14537.975,15214.988,11125.209,7621.667,3823.887,2914.135,593.661,209.534,34.078,5.052,12.876
184,55.838,14705.541,14705.541,15437.548,11320.388,7603.017,3951.319,3006.516,609.347,213.599,34.692,5.142,13.814
185,56.220,14612.969,14612.969,15662.468,11515.567,7584.682,4076.081,3102.610,625.743,217.757,35.308,5.232,14.949
186,56.603,15237.036,15237.036,15888.889,11710.746,7568.042,4196.869,3201.895,642.380,222.023,35.929,5.323,16.319
187,56.985,15844.496,15844.496,16116.063,11905.926,7554.297,4312.662,3303.776,658.875,226.415,36.554,5.413,17.960
188,57.368,15949.013,15949.013,16343.380,12101.105,7544.428,4422.747,3407.615,674.932,230.950,37.186,5.504,19.903
189,57.750,16648.771,16648.771,16570.378,12296.284,7539.196,4526.718,3512.761,690.344,235.647,37.826,5.594,22.175
190,58.132,16327.654,16327.654,16855.762,12550.471,7563.120,4641.388,3632.802,707.527,241.633,38.658,5.712,24.802
191,58.515,17093.359,17093.359,17140.365,12804.657,7592.590,4749.940,3752.907,723.874,247.816,39.503,5.830,27.782
192,58.897,17809.720,17809.720,17424.162,13058.844,7627.815,4852.691,3872.518,739.378,254.211,40.366,5.947,31.109
193,59.279,18337.189,18337.189,17707.230,13313.031,7668.872,4950.106,3991.144,754.071,260.833,41.252,6.065,34.759
194,59.662,18401.833,18401.833,17989.727,13567.218,7715.728,5042.752,4108.371,768.016,267.689,42.165,6.183,38.694
195,60.044,19061.670,19061.670,18271.858,13821.405,7768.254,5131.257,4223.871,781.293,274.785,43.112,6.301,42.853
196,60.426,19463.773,19463.773,18553.850,14075.591,7826.243,5216.268,4337.415,793.991,282.120,44.101,6.419,47.159
197,60.808,20064.542,20064.542,18835.933,14329.778,7889.416,5298.424,4448.877,806.205,289.686,45.140,6.537,51.512
198,61.190,20286.434,20286.434,19118.332,14583.965,7957.434,5378.334,4558.245,818.024,297.467,46.239,6.656,55.796
199,61.572,21173.784,21173.784,19401.271,14838.152,8029.909,5456.562,4665.624,829.535,305.440,47.407,6.774,59.881
200,61.954,21587.872,21587.872,19684.990,15092.339,8106.413,5533.618,4771.253,840.814,313.573,48.656,6.893,63.627
201,62.336,22886.481,22886.481,19969.774,15346.525,8186.495,5609.960,4875.516,851.931,321.826,49.997,7.011,66.894
202,62.718,23549.834,23549.834,20255.998,15600.712,8269.690,5685.996,4978.951,862.946,330.155,51.438,7.130,69.545
203,63.100,24534.242,24534.242,20544.173,15854.899,8355.538,5762.093,5082.277,873.912,338.506,52.991,7.249,71.458
204,63.482,25568.764,25568.764,20835.004,16109.086,8443.599,5838.584,5186.402,884.873,346.827,54.663,7.368,72.537
205,63.864,26729.606,26729.606,21129.441,16363.273,8533.467,5915.778,5292.451,895.871,355.061,56.460,7.487,72.714
206,64.246,28017.618,28017.618,21428.733,16617.459,8624.780,5993.973,5401.780,906.939,363.157,58.386,7.606,71.959
207,64.627,29195.839,29195.839,21734.460,16871.646,8717.236,6073.453,5515.995,918.109,371.066,60.439,7.725,70.281
208,65.009,30622.620,30622.620,22048.559,17125.833,8810.593,6154.502,5636.962,929.408,378.746,62.617,7.844,67.730
209,65.391,32738.031,32738.031,22373.329,17380.020,8904.673,6237.392,5766.807,940.862,386.166,64.913,7.964,64.392
210,65.773,35145.037,35145.037,22711.404,17634.207,8999.365,6322.385,5907.912,952.489,393.304,67.316,8.084,60.388
211,66.154,36916.970,36916.970,23065.713,17888.393,9094.616,6409.721,6062.882,964.306,400.148,69.814,8.203,55.859
212,66.536,38699.918,38699.918,23439.396,18142.580,9190.425,6499.603,6234.505,976.323,406.700,72.390,8.323,50.962
213,66.917,41564.103,41564.103,23835.706,18396.767,9286.833,6592.185,6425.680,988.541,412.970,75.026,8.443,45.860
214,67.299,43222.774,43222.774,24257.879,18650.954,9383.914,6687.551,6639.333,1000.956,418.978,77.705,8.564,40.709
215,67.680,45884.496,45884.496,24708.981,18905.141,9481.761,6785.699,6878.300,1013.553,424.753,80.408,8.684,35.653
216,68.062,48542.131,48542.131,25191.745,19159.328,9580.480,6886.521,7145.198,1026.306,430.328,83.119,8.805,30.814
217,68.443,50527.487,50527.487,25708.395,19413.514,9680.175,6989.798,7442.279,1039.183,435.743,85.825,8.926,26.291
218,68.825,53517.374,53517.374,26260.476,19667.701,9780.944,7095.181,7771.277,1052.138,441.039,88.515,9.047,22.157
219,69.206,56170.621,56170.621,26848.694,19921.888,9882.871,7202.196,8133.255,1065.121,446.260,91.185,9.169,18.457
220,69.587,59343.495,59343.495,27472.780,20176.075,9986.023,7310.246,8528.465,1078.075,451.447,93.838,9.291,15.213
221,69.969,61714.845,61714.845,28131.387,20430.262,10090.449,7418.625,8956.228,1090.941,456.644,96.480,9.414,12.423
222,70.350,63870.489,63870.489,28822.026,20684.448,10196.178,7526.538,9414.839,1103.659,461.890,99.130,9.537,10.070
223,70.731,65723.793,65723.793,29541.053,20938.635,10303.220,7633.135,9901.518,1116.173,467.224,101.813,9.660,8.122
224,71.112,67885.713,67885.713,30283.699,21192.822,10411.570,7737.540,10412.392,1128.433,472.685,104.566,9.784,6.539
225,71.493,69535.535,69535.535,31044.158,21447.009,10521.207,7838.897,10942.535,1140.400,478.308,107.436,9.908,5.276
226,71.874,70918.603,70918.603,31815.713,21701.196,10632.097,7936.407,11486.035,1152.046,484.129,110.485,10.033,4.286
227,72.255,71915.240,71915.240,32590.903,21955.382,10744.197,8029.376,12036.122,1163.358,490.184,113.785,10.159,3.525
228,72.636,72296.728,72296.728,33361.724,22209.569,10857.454,8117.249,12585.313,1174.336,496.510,117.428,10.285,2.951
229,73.017,72998.910,72998.910,34119.844,22463.756,10971.810,8199.642,13125.598,1184.994,503.144,121.518,10.412,2.526
230,73.398,72851.936,72851.936,34856.835,22717.943,11087.198,8276.370,13648.639,1195.361,510.128,126.179,10.540,2.218
231,73.779,71717.981,71717.981,35564.399,22972.130,11203.552,8347.454,14145.993,1205.477,517.502,131.551,10.668,1.999
232,74.160,70864.655,70864.655,36234.596,23226.316,11320.799,8413.125,14609.332,1215.388,525.309,137.791,10.797,1.848
233,74.541,69192.827,69192.827,36860.056,23480.503,11438.867,8473.818,15030.672,1225.150,533.596,145.073,10.926,1.746
234,74.922,68047.090,68047.090,37434.179,23734.690,11557.686,8530.141,15402.602,1234.817,542.405,153.582,11.056,1.680
235,75.303,65896.223,65896.223,37951.318,23988.877,11677.187,8582.854,15718.503,1244.445,551.779,163.515,11.187,1.638
236,75.683,63298.488,63298.488,38406.948,24243.064,11797.313,8632.823,15972.759,1254.085,561.755,175.067,11.318,1.614
237,76.064,60988.642,60988.642,38797.813,24497.250,11918.016,8680.981,16160.967,1263.783,572.366,188.433,11.450,1.602
238,76.445,58676.674,58676.674,39122.055,24751.437,12039.267,8728.285,16280.109,1273.577,583.633,203.789,11.582,1.597
239,76.826,55737.398,55737.398,39379.320,25005.624,12161.059,8775.666,16328.721,1283.493,595.564,221.288,11.714,1.597
240,77.206,53762.097,53762.097,39570.835,25259.811,12283.417,8823.993,16307.014,1293.552,608.152,241.042,11.847,1.599
241,77.587,51275.822,51275.822,39699.443,25513.998,12406.400,8874.041,16216.954,1303.761,621.372,263.111,11.980,1.603
242,77.967,49116.887,49116.887,39769.601,25768.184,12530.116,8926.459,16062.294,1314.119,635.179,287.489,12.113,1.607
243,78.348,46587.860,46587.860,39787.317,26022.371,12654.721,8981.759,15848.538,1324.618,649.504,314.093,12.246,1.612
244,78.728,44970.443,44970.443,39760.038,26276.558,12780.432,9040.299,15582.835,1335.241,664.257,342.750,12.379,1.616
245,79.109,43696.397,43696.397,39696.466,26530.745,12907.531,9102.291,15273.799,1345.965,679.327,373.189,12.513,1.621
246,79.489,42097.104,42097.104,39606.328,26784.932,13036.374,9167.804,14931.262,1356.761,694.582,405.041,12.646,1.625
247,79.869,40971.311,40971.311,39500.074,27039.119,13167.390,9236.777,14565.953,1367.600,709.876,437.836,12.779,1.630
248,80.250,40629.829,40629.829,39388.555,27293.305,13301.086,9309.040,14189.138,1378.445,725.050,471.012,12.913,1.635
249,80.630,40270.362,40270.362,39282.651,27547.492,13438.046,9384.340,13812.214,1389.261,739.941,503.927,13.046,1.640
250,81.010,39657.283,39657.283,39192.910,27801.679,13578.928,9462.357,13446.290,1400.010,754.384,535.878,13.178,1.645
251,81.391,39955.708,39955.708,39129.185,28055.866,13724.457,9542.737,13101.784,1410.655,768.225,566.124,13.311,1.651
252,81.771,40222.078,40222.078,39100.306,28310.053,13875.414,9625.111,12788.041,1421.159,781.323,593.912,13.444,1.658
253,82.151,40120.441,40120.441,39113.800,28564.239,14032.626,9709.120,12513.013,1431.484,793.560,618.509,13.577,1.665
254,82.531,40540.893,40540.893,39175.675,28818.426,14196.940,9794.431,12282.996,1441.595,804.847,639.235,13.709,1.673
255,82.911,41039.372,41039.372,39290.273,29072.613,14369.210,9880.756,12102.455,1451.459,815.127,655.492,13.842,1.681
256,83.291,41656.591,41656.591,39460.196,29326.800,14550.265,9967.859,11973.937,1461.044,824.381,666.792,13.975,1.691
257,83.671,42031.221,42031.221,39686.315,29580.987,14740.885,10055.572,11898.063,1470.324,832.626,672.782,14.107,1.701
258,84.051,42597.703,42597.703,39967.841,29835.173,14941.771,10143.790,11873.612,1479.274,839.922,673.262,14.241,1.712
259,84.431,43209.378,43209.378,40302.459,30089.360,15153.510,10232.480,11897.675,1487.878,846.362,668.196,14.374,1.724
260,84.811,43543.369,43543.369,40686.509,30343.547,15376.548,10321.672,11965.869,1496.123,852.076,657.715,14.508,1.736
261,85.191,43913.021,43913.021,41115.202,30597.734,15611.155,10411.458,12072.599,1504.007,857.219,642.110,14.642,1.749
262,85.571,43888.646,43888.646,41136.136,30405.198,15671.723,10370.720,12111.173,1491.756,853.416,620.786,14.563,1.737
263,85.951,44242.288,44242.288,41189.700,30212.663,15743.664,10330.769,12174.861,1479.136,849.414,595.383,14.484,1.726
264,86.331,44738.523,44738.523,41269.153,30020.128,15826.576,10291.802,12256.249,1466.170,845.407,566.566,14.406,1.715
265,86.710,45014.138,45014.138,41367.566,29827.592,15919.789,10254.027,12347.915,1452.888,841.584,535.070,14.328,1.705
266,87.090,44916.578,44916.578,41478.027,29635.057,16022.361,10217.642,12442.701,1439.329,838.121,501.668,14.251,1.695
267,87.470,44438.738,44438.738,41593.813,29442.522,16133.073,10182.826,12533.942,1425.545,835.174,467.135,14.174,1.685
268,87.850,43711.251,43711.251,41708.533,29249.986,16250.437,10149.722,12615.658,1411.592,832.871,432.222,14.098,1.676
269,88.229,43398.066,43398.066,41816.244,29057.451,16372.711,10118.423,12682.693,1397.537,831.305,397.627,14.023,1.667
270,88.609,43137.204,43137.204,41911.522,28864.916,16497.920,10088.963,12730.817,1383.450,830.535,363.972,13.949,1.659
271,88.988,42720.155,42720.155,41989.520,28672.380,16623.891,10061.306,12756.768,1369.409,830.579,331.786,13.877,1.651
272,89.368,42164.384,42164.384,42045.988,28479.845,16748.285,10035.342,12758.257,1355.491,831.415,301.495,13.805,1.643
273,89.747,41142.785,41142.785,42077.272,28287.310,16868.649,10010.882,12733.934,1341.778,832.984,273.419,13.735,1.636
274,90.127,40258.734,40258.734,42080.298,28094.774,16982.463,9987.660,12683.316,1328.350,835.189,247.770,13.667,1.630
275,90.506,39418.925,39418.925,42052.545,27902.239,17087.200,9965.334,12606.688,1315.282,837.904,224.659,13.601,1.624
276,90.886,38085.115,38085.115,41992.008,27709.704,17180.380,9943.495,12504.992,1302.648,840.975,204.109,13.537,1.619
277,91.265,37745.119,37745.119,41897.154,27517.168,17259.635,9921.674,12379.698,1290.514,844.227,186.062,13.476,1.615
278,91.644,36641.465,36641.465,41766.892,27324.633,17322.766,9899.356,12232.678,1278.940,847.474,170.398,13.418,1.612
279,92.024,35581.789,35581.789,41600.536,27132.098,17367.802,9875.989,12066.080,1267.977,850.519,156.946,13.362,1.610
280,92.403,34433.987,34433.987,41397.782,26939.562,17393.053,9851.005,11882.216,1257.667,853.169,145.504,13.310,1.609
281,92.782,33600.077,33600.077,41158.696,26747.027,17397.158,9823.834,11683.459,1248.042,855.234,135.848,13.262,1.610
282,93.161,32452.511,32452.511,40883.701,26554.492,17379.121,9793.923,11472.170,1239.124,856.538,127.747,13.217,1.612
283,93.541,31727.719,31727.719,40573.584,26361.956,17338.342,9760.750,11250.629,1230.926,856.925,120.973,13.177,1.616
284,93.920,30766.787,30766.787,40229.500,26169.421,17274.636,9723.842,11020.999,1223.448,856.259,115.307,13.140,1.621
285,94.299,29538.788,29538.788,39852.981,25976.886,17188.237,9682.793,10785.301,1216.684,854.433,110.549,13.109,1.629
286,94.678,29073.726,29073.726,39445.945,25784.350,17079.797,9637.273,10545.407,1210.615,851.368,106.520,13.081,1.639
287,95.057,28293.858,28293.858,39010.697,25591.815,16950.361,9587.042,10303.047,1205.216,847.015,103.063,13.059,1.651
288,95.436,27016.851,27016.851,38549.925,25399.279,16801.342,9531.958,10059.819,1200.454,841.360,100.045,13.041,1.665
289,95.815,26627.519,26627.519,38066.688,25206.744,16634.480,9471.981,9817.215,1196.287,834.417,97.358,13.027,1.682
290,96.194,25847.676,25847.676,37564.384,25014.209,16451.793,9407.180,9576.638,1192.668,826.232,94.916,13.017,1.701
291,96.573,25299.579,25299.579,37046.707,24821.673,16255.518,9337.723,9339.419,1189.545,816.877,92.653,13.011,1.723
292,96.952,24380.460,24380.460,36517.600,24629.138,16048.053,9263.883,9106.839,1186.862,806.450,90.520,13.009,1.748
293,97.331,24116.280,24116.280,35981.178,24436.603,15831.892,9186.024,8880.130,1184.558,795.071,88.484,13.010,1.775
294,97.709,23505.386,23505.386,35441.658,24244.067,15609.559,9104.593,8660.482,1182.572,782.875,86.525,13.014,1.805
295,98.088,23103.642,23103.642,34903.267,24051.532,15383.546,9020.107,8449.038,1180.841,770.013,84.632,13.020,1.838
296,98.467,23134.381,23134.381,34370.155,23858.997,15156.258,8933.140,8246.880,1179.302,756.643,82.802,13.028,1.874
297,98.846,22651.653,22651.653,33846.306,23666.461,14929.955,8844.306,8055.010,1177.896,742.928,81.036,13.037,1.912
298,99.224,22600.402,22600.402,33335.443,23473.926,14706.708,8754.241,7874.337,1176.563,729.032,79.340,13.047,1.952
299,99.603,22049.972,22049.972,32840.950,23281.391,14488.361,8663.592,7705.644,1175.248,715.112,77.721,13.056,1.995
300,99.982,21581.571,21581.571,32365.798,23088.855,14276.498,8572.990,7549.573,1173.901,701.323,76.188,13.065,2.039
301,100.360,21872.802,21872.802,31912.477,22896.320,14072.427,8483.047,7406.598,1172.478,687.803,74.749,13.073,2.086
302,100.739,21652.536,21652.536,31482.951,22703.785,13877.159,8394.327,7277.008,1170.938,674.681,73.409,13.080,2.134
303,101.117,21677.445,21677.445,31078.620,22511.249,13691.409,8307.347,7160.892,1169.249,662.067,72.175,13.085,2.183
304,101.496,21709.936,21709.936,30700.303,22318.714,13515.595,8222.555,7058.133,1167.384,650.056,71.048,13.088,2.233
305,101.874,21739.247,21739.247,30348.229,22126.179,13349.846,8140.326,6968.403,1165.322,638.722,70.029,13.088,2.284
306,102.253,21440.054,21440.054,30022.052,21933.643,13194.019,8060.956,6891.165,1163.046,628.121,69.117,13.086,2.335
307,102.631,21494.161,21494.161,29720.873,21741.108,13047.718,7984.653,6825.686,1160.547,618.288,68.309,13.081,2.386
308,103.010,21360.372,21360.372,29443.279,21548.573,12910.321,7911.544,6771.050,1157.816,609.239,67.596,13.073,2.437
309,103.388,21636.089,21636.089,29187.396,21356.037,12781.007,7841.667,6726.178,1154.849,600.972,66.973,13.062,2.486
310,103.766,21353.735,21353.735,28950.947,21163.502,12658.791,7774.979,6689.852,1151.643,593.469,66.429,13.048,2.535
311,104.145,20988.412,20988.412,28731.321,20970.967,12542.558,7711.362,6660.748,1148.196,586.693,65.954,13.030,2.581
312,104.523,20794.845,20794.845,28525.653,20778.431,12431.101,7650.627,6637.457,1144.505,580.596,65.535,13.009,2.625
313,104.901,20859.359,20859.359,28330.900,20585.896,12323.158,7592.523,6618.529,1140.566,575.116,65.161,12.985,2.667
314,105.279,20959.220,20959.220,28143.925,20393.360,12217.454,7536.748,6602.495,1136.374,570.181,64.817,12.957,2.705
315,105.657,20913.426,20913.426,27961.582,20200.825,12112.732,7482.957,6587.911,1131.923,565.711,64.491,12.925,2.740
316,106.036,20706.839,20706.839,27780.792,20008.290,12007.794,7430.774,6573.380,1127.203,561.620,64.171,12.888,2.771
317,106.414,21148.925,21148.925,27598.624,19815.754,11901.528,7379.804,6557.592,1122.203,557.818,63.844,12.848,2.798
318,106.792,20677.892,20677.892,27412.362,19623.219,11792.941,7329.641,6539.344,1116.910,554.215,63.500,12.803,2.820
319,107.170,20293.903,20293.903,27219.565,19430.684,11681.179,7279.882,6517.569,1111.312,550.720,63.128,12.753,2.837
320,107.548,20253.822,20253.822,27018.121,19238.148,11565.548,7230.133,6491.352,1105.393,547.243,62.719,12.698,2.849
321,107.926,20101.666,20101.666,26806.285,19045.613,11445.526,7180.024,6459.950,1099.141,543.702,62.266,12.637,2.856
322,108.304,19739.355,19739.355,26582.708,18853.078,11320.767,7129.211,6422.793,1092.542,540.019,61.765,12.571,2.857
323,108.682,19619.197,19619.197,26346.449,18660.542,11191.109,7077.390,6379.497,1085.587,536.124,61.210,12.500,2.852
324,109.059,19575.353,19575.353,26096.984,18468.007,11056.563,7024.296,6329.857,1078.266,531.956,60.601,12.423,2.842
325,109.437,19196.571,19196.571,25834.186,18275.472,10917.307,6969.716,6273.839,1070.577,527.465,59.936,12.340,2.827
326,109.815,19377.635,19377.635,25558.313,18082.936,10773.673,6913.484,6211.572,1062.520,522.613,59.217,12.251,2.806
327,110.193,19006.971,19006.971,25269.971,17890.401,10626.125,6855.488,6143.331,1054.098,517.370,58.447,12.157,2.780
328,110.571,18945.135,18945.135,24970.078,17697.866,10475.241,6795.668,6069.514,1045.321,511.722,57.631,12.058,2.749
329,110.948,18726.121,18726.121,24659.813,17505.330,10321.692,6734.016,5990.624,1036.203,505.665,56.774,11.953,2.713
330,111.326,18543.867,18543.867,24340.568,17312.795,10166.214,6670.572,5907.242,1026.765,499.204,55.882,11.844,2.674
331,111.704,18624.039,18624.039,24013.898,17120.260,10009.588,6605.420,5820.008,1017.029,492.359,54.965,11.730,2.631
332,112.081,18576.574,18576.574,23681.459,16927.724,9852.614,6538.685,5729.588,1007.023,485.155,54.029,11.613,2.584
333,112.459,18295.987,18295.987,23344.964,16735.189,9696.093,6470.523,5636.663,996.780,477.628,53.084,11.492,2.535
334,112.837,18095.766,18095.766,23006.132,16542.654,9540.805,6401.119,5541.900,986.332,469.821,52.139,11.369,2.483
335,113.214,18176.867,18176.867,22666.644,16350.118,9387.492,6330.677,5445.940,975.716,461.781,51.203,11.243,2.430
336,113.592,18282.530,18282.530,22328.108,16157.583,9236.848,6259.413,5349.380,964.968,453.561,50.286,11.115,2.376
337,113.969,17891.175,17891.175,21992.024,15965.048,9089.505,6187.551,5252.767,954.125,445.213,49.397,10.987,2.321
338,114.347,18249.157,18249.157,21659.767,15772.512,8946.026,6115.313,5156.588,943.224,436.793,48.543,10.857,2.265
339,114.724,18303.655,18303.655,21332.565,15579.977,8806.902,6042.915,5061.267,932.298,428.355,47.735,10.728,2.211
340,115.102,18147.261,18147.261,21011.494,15387.441,8672.551,5970.560,4967.164,921.379,419.951,46.979,10.599,2.157
341,115.479,17811.187,17811.187,20697.472,15194.906,8543.317,5898.436,4874.579,910.498,411.632,46.284,10.471,2.104
342,115.856,17891.398,17891.398,20391.265,15002.371,8419.473,5826.712,4783.755,899.679,403.441,45.658,10.344,2.053
343,116.234,18048.556,18048.556,20093.491,14809.835,8301.231,5755.534,4694.884,888.946,395.420,45.107,10.218,2.004
344,116.611,17891.699,17891.699,19804.632,14617.300,8188.739,5685.023,4608.115,878.315,387.604,44.638,10.094,1.957
345,116.988,17846.915,17846.915,19525.049,14424.765,8082.095,5615.278,4523.560,867.803,380.024,44.260,9.971,1.912
346,117.365,17789.350,17789.350,19254.991,14232.229,7981.352,5546.371,4441.302,857.419,372.704,43.978,9.851,1.871
347,117.743,17891.305,17891.305,18994.615,14039.694,7886.520,5478.355,4361.400,847.170,365.664,43.801,9.733,1.832
348,118.120,18220.979,18220.979,18743.999,13847.159,7797.580,5411.257,4283.898,837.060,358.917,43.734,9.616,1.797
349,118.497,18045.790,18045.790,18503.150,13654.623,7714.482,5345.086,4208.829,827.089,352.472,43.787,9.502,1.765
350,118.874,17969.484,17969.484,18272.020,13462.088,7637.155,5279.834,4136.214,817.256,346.333,43.966,9.390,1.736
351,119.251,18025.372,18025.372,18050.515,13269.553,7565.503,5215.477,4066.073,807.555,340.500,44.281,9.280,1.710
352,119.628,18094.169,18094.169,17838.496,13077.017,7499.413,5151.981,3998.417,797.981,334.971,44.739,9.172,1.688
353,120.005,18307.708,18307.708,17635.786,12884.482,7438.750,5089.301,3933.255,788.526,329.738,45.348,9.065,1.669
354,120.382,18757.753,18757.753,17442.172,12691.947,7383.358,5027.383,3870.592,779.182,324.793,46.118,8.961,1.654
355,120.759,18432.259,18432.259,17257.404,12499.411,7333.058,4966.173,3810.424,769.938,320.125,47.057,8.857,1.643
356,121.136,18673.958,18673.958,17258.369,12484.053,7361.060,4959.396,3790.757,769.008,319.040,48.489,8.844,1.645
357,121.513,18932.683,18932.683,17267.554,12468.696,7393.702,4953.216,3773.555,768.162,318.205,50.104,8.832,1.651
358,121.890,18852.560,18852.560,17284.579,12453.338,7430.706,4947.572,3758.789,767.389,317.604,51.907,8.822,1.662
359,122.267,18908.747,18908.747,17309.010,12437.980,7471.757,4942.409,3746.419,766.680,317.224,53.904,8.812,1.677
360,122.643,18976.301,18976.301,17340.357,12422.622,7516.492,4937.672,3736.391,766.027,317.048,56.097,8.803,1.698
361,123.020,18783.468,18783.468,17378.069,12407.264,7564.501,4933.312,3728.640,765.423,317.061,58.486,8.795,1.724
362,123.397,19370.516,19370.516,17421.535,12391.907,7615.323,4929.282,3723.084,764.860,317.247,61.069,8.787,1.756
363,123.774,19289.403,19289.403,17470.081,12376.549,7668.443,4925.541,3719.629,764.332,317.590,63.842,8.781,1.795
364,124.150,19430.294,19430.294,17522.972,12361.191,7723.298,4922.053,3718.171,763.833,318.077,66.796,8.774,1.843
365,124.527,19346.494,19346.494,17579.415,12345.833,7779.273,4918.783,3718.593,763.360,318.693,69.919,8.768,1.898
366,124.904,19677.198,19677.198,17638.565,12330.475,7835.711,4915.704,3720.769,762.907,319.423,73.196,8.762,1.964
367,125.280,19855.090,19855.090,17699.534,12315.117,7891.914,4912.791,3724.568,762.472,320.255,76.608,8.757,2.041
368,125.657,19857.382,19857.382,17761.399,12299.760,7947.157,4910.022,3729.851,762.051,321.177,80.131,8.751,2.130
369,126.033,19759.282,19759.282,17823.216,12284.402,8000.695,4907.380,3736.479,761.642,322.176,83.737,8.746,2.233
370,126.410,20176.071,20176.071,17884.035,12269.044,8051.774,4904.847,3744.311,761.244,323.241,87.397,8.741,2.352
371,126.786,20304.899,20304.899,17942.911,12253.686,8099.649,4902.412,3753.208,760.855,324.362,91.075,8.735,2.487
372,127.163,20701.915,20701.915,17998.924,12238.328,8143.592,4900.062,3763.033,760.473,325.530,94.735,8.730,2.642
373,127.539,20576.826,20576.826,18051.194,12222.970,8182.914,4897.787,3773.656,760.098,326.734,98.337,8.725,2.816
374,127.916,20431.629,20431.629,18098.898,12207.613,8216.974,4895.579,3784.951,759.730,327.967,101.838,8.719,3.012
375,128.292,20475.716,20475.716,18141.286,12192.255,8245.194,4893.430,3796.802,759.368,329.221,105.197,8.714,3.233
376,128.668,20607.863,20607.863,18177.694,12176.897,8267.077,4891.333,3809.099,759.011,330.490,108.371,8.708,3.478
377,129.045,20454.231,20454.231,18207.559,12161.539,8282.215,4889.280,3821.741,758.660,331.766,111.318,8.702,3.750
378,129.421,20580.877,20580.877,18230.431,12146.181,8290.300,4887.266,3834.637,758.315,333.044,113.996,8.696,4.050
379,129.797,20737.212,20737.212,18245.980,12130.824,8291.131,4885.285,3847.706,757.974,334.320,116.368,8.690,4.379
380,130.174,20447.327,20447.327,18253.999,12115.466,8284.621,4883.330,3860.873,757.640,335.588,118.399,8.684,4.738
381,130.550,20145.760,20145.760,18254.413,12100.108,8270.799,4881.397,3874.074,757.311,336.845,120.057,8.677,5.127
382,130.926,20138.513,20138.513,18247.272,12084.750,8249.808,4879.477,3887.252,756.987,338.087,121.318,8.670,5.546
383,131.302,20313.326,20313.326,18232.754,12069.392,8221.904,4877.567,3900.357,756.670,339.311,122.160,8.663,5.995
384,131.678,20454.752,20454.752,18211.153,12054.034,8187.446,4875.660,3913.349,756.357,340.515,122.571,8.656,6.473
385,132.054,20043.346,20043.346,18182.871,12038.677,8146.893,4873.749,3926.189,756.051,341.696,122.540,8.649,6.978
386,132.431,20147.190,20147.190,18148.410,12023.319,8100.786,4871.829,3938.849,755.749,342.852,122.069,8.642,7.508
387,132.807,19953.294,19953.294,18108.354,12007.961,8049.741,4869.893,3951.301,755.453,343.982,121.162,8.635,8.061
388,133.183,19929.924,19929.924,18063.355,11992.603,7994.431,4867.937,3963.524,755.162,345.085,119.830,8.627,8.633
389,133.559,19497.229,19497.229,18014.119,11977.245,7935.572,4865.953,3975.499,754.876,346.159,118.094,8.620,9.220
390,133.935,19335.737,19335.737,17961.386,11961.887,7873.908,4863.936,3987.211,754.594,347.204,115.976,8.612,9.819
391,134.310,19524.076,19524.076,17905.913,11946.530,7810.193,4861.881,3998.646,754.316,348.218,113.506,8.604,10.423
392,134.686,19379.689,19379.689,17848.462,11931.172,7745.177,4859.782,4009.792,754.041,349.201,110.718,8.597,11.029
393,135.062,19045.278,19045.278,17789.780,11915.814,7679.592,4857.635,4020.639,753.769,350.152,107.650,8.589,11.629
394,135.438,18907.438,18907.438,17730.587,11900.456,7614.138,4855.434,4031.177,753.499,351.071,104.343,8.581,12.217
395,135.814,18975.501,18975.501,17671.563,11885.098,7549.474,4853.176,4041.399,753.230,351.958,100.837,8.574,12.788
396,136.190,18966.443,18966.443,17613.338,11869.741,7486.207,4850.856,4051.297,752.962,352.811,97.178,8.566,13.334
397,136.566,18840.545,18840.545,17556.485,11854.383,7424.882,4848.471,4060.865,752.694,353.632,93.409,8.558,13.849
398,136.941,18698.438,18698.438,17501.512,11839.025,7365.981,4846.018,4070.094,752.425,354.419,89.572,8.551,14.327
399,137.317,18328.521,18328.521,17448.859,11823.667,7309.920,4843.494,4078.981,752.154,355.172,85.709,8.543,14.760
400,137.693,18540.246,18540.246,17398.895,11808.309,7257.043,4840.898,4087.519,751.880,355.891,81.859,8.535,15.144
401,138.068,18271.810,18271.810,17351.921,11792.951,7207.627,4838.229,4095.704,751.602,356.577,78.057,8.527,15.473
402,138.444,18452.456,18452.456,17308.170,11777.594,7161.881,4835.485,4103.533,751.320,357.228,74.338,8.520,15.741
403,138.820,18146.088,18146.088,17267.810,11762.236,7119.954,4832.666,4111.001,751.032,357.845,70.729,8.512,15.946
404,139.195,18003.036,18003.036,17230.950,11746.878,7081.934,4829.773,4118.108,750.738,358.429,67.256,8.505,16.084
405,139.571,18116.276,18116.276,17197.644,11731.520,7047.859,4826.806,4124.851,750.436,358.978,63.940,8.497,16.152
406,139.946,17947.452,17947.452,17167.898,11716.162,7017.717,4823.768,4131.231,750.127,359.494,60.797,8.489,16.149
407,140.322,17927.727,17927.727,17141.676,11700.804,6991.459,4820.659,4137.250,749.809,359.976,57.841,8.482,16.075
408,140.697,18095.009,18095.009,17118.909,11685.447,6969.000,4817.483,4142.909,749.482,360.425,55.081,8.474,15.931
409,141.073,17917.710,17917.710,17099.497,11670.089,6950.229,4814.243,4148.212,749.145,360.841,52.520,8.467,15.717
410,141.448,18087.335,18087.335,17083.317,11654.731,6935.009,4810.941,4153.163,748.796,361.225,50.162,8.460,15.436
411,141.823,17934.336,17934.336,17070.230,11639.373,6923.190,4807.581,4157.769,748.437,361.578,48.006,8.452,15.093
412,142.199,18035.180,18035.180,17060.081,11624.015,6914.607,4804.168,4162.035,748.066,361.899,46.047,8.445,14.690
413,142.574,18084.326,18084.326,17052.711,11608.658,6909.088,4800.704,4165.969,747.683,362.191,44.280,8.438,14.234
414,142.949,17835.553,17835.553,17047.951,11593.300,6906.454,4797.195,4169.580,747.287,362.453,42.697,8.431,13.729
415,143.325,18164.786,18164.786,17045.631,11577.942,6906.525,4793.645,4172.877,746.878,362.687,41.290,8.423,13.182
416,143.700,17757.913,17757.913,17045.579,11562.584,6909.116,4790.057,4175.868,746.456,362.893,40.049,8.416,12.599
417,144.075,17978.554,17978.554,17047.623,11547.226,6914.046,4786.437,4178.563,746.021,363.073,38.963,8.410,11.987
418,144.450,18154.457,18154.457,17051.590,11531.868,6921.132,4782.787,4180.973,745.572,363.227,38.021,8.403,11.352
419,144.826,18190.865,18190.865,17057.309,11516.511,6930.191,4779.112,4183.106,745.109,363.356,37.214,8.396,10.702
420,145.201,18263.492,18263.492,17064.608,11501.153,6941.041,4775.415,4184.972,744.632,363.462,36.531,8.390,10.042
421,145.576,18015.759,18015.759,17073.313,11485.795,6953.499,4771.700,4186.581,744.140,363.545,35.961,8.383,9.380
422,145.951,17945.957,17945.957,17083.252,11470.437,6967.381,4767.970,4187.940,743.635,363.607,35.497,8.377,8.722
423,146.326,18158.558,18158.558,17094.247,11455.079,6982.503,4764.227,4189.058,743.116,363.648,35.129,8.371,8.072
424,146.701,17881.935,17881.935,17106.119,11439.721,6998.676,4760.473,4189.943,742.584,363.669,34.850,8.365,7.436
425,147.076,17964.551,17964.551,17118.686,11424.364,7015.710,4756.710,4190.600,742.037,363.672,34.655,8.359,6.819
426,147.451,17858.608,17858.608,17131.760,11409.006,7033.410,4752.941,4191.037,741.477,363.657,34.538,8.353,6.224
427,147.826,18056.055,18056.055,17145.152,11393.648,7051.580,4749.166,4191.258,740.904,363.624,34.495,8.348,5.655
428,148.201,17868.988,17868.988,17158.669,11378.290,7070.021,4745.386,4191.267,740.317,363.575,34.523,8.342,5.114
429,148.576,18077.973,18077.973,17172.114,11362.932,7088.530,4741.602,4191.070,739.719,363.510,34.620,8.337,4.603
430,148.951,18249.941,18249.941,17185.290,11347.575,7106.905,4737.815,4190.668,739.108,363.429,34.786,8.332,4.124
431,149.326,17942.208,17942.208,17197.999,11332.217,7124.942,4734.025,4190.065,738.487,363.334,35.019,8.327,3.678
432,149.701,18168.750,18168.750,17210.046,11316.859,7142.440,4730.231,4189.263,737.854,363.225,35.323,8.322,3.265
433,150.075,17810.721,17810.721,17221.236,11301.501,7159.203,4726.435,4188.263,737.211,363.102,35.697,8.317,2.885
434,150.450,17894.351,17894.351,17231.385,11286.143,7175.038,4722.637,4187.068,736.559,362.965,36.146,8.313,2.538
435,150.825,17967.527,17967.527,17240.314,11270.785,7189.761,4718.836,4185.680,735.899,362.815,36.671,8.308,2.221
436,151.200,17882.912,17882.912,17247.855,11255.428,7203.199,4715.033,4184.099,735.231,362.653,37.278,8.304,1.936
437,151.574,17951.081,17951.081,17253.854,11240.070,7215.192,4711.229,4182.329,734.556,362.477,37.970,8.300,1.679
438,151.949,18097.431,18097.431,17258.173,11224.712,7225.593,4707.425,4180.370,733.876,362.290,38.752,8.295,1.449
439,152.324,18046.711,18046.711,17260.692,11209.354,7234.274,4703.621,4178.226,733.192,362.091,39.629,8.291,1.245
440,152.698,17854.002,17854.002,17261.310,11193.996,7241.126,4699.819,4175.900,732.504,361.881,40.606,8.287,1.065
441,153.073,17463.054,17463.054,17259.950,11178.638,7246.062,4696.021,4173.396,731.814,361.659,41.687,8.283,0.907
442,153.448,17652.172,17652.172,17256.556,11163.281,7249.016,4692.228,4170.718,731.122,361.426,42.877,8.279,0.768
443,153.822,18013.949,18013.949,17251.099,11147.923,7249.945,4688.444,4167.872,730.431,361.183,44.180,8.275,0.648
444,154.197,17746.991,17746.991,17243.572,11132.565,7248.833,4684.670,4164.863,729.741,360.929,45.600,8.271,0.544
445,154.571,17756.111,17756.111,17233.995,11117.207,7245.686,4680.911,4161.699,729.053,360.666,47.138,8.267,0.455
446,154.946,17600.740,17600.740,17222.412,11101.849,7240.534,4677.169,4158.388,728.368,360.394,48.798,8.262,0.378
447,155.320,17360.797,17360.797,17208.892,11086.492,7233.433,4673.449,4154.938,727.688,360.113,50.579,8.258,0.313
448,155.695,17461.526,17461.526,17193.524,11071.134,7224.459,4669.754,4151.358,727.013,359.823,52.482,8.254,0.258
449,156.069,17521.902,17521.902,17176.419,11055.776,7213.711,4666.090,4147.660,726.344,359.527,54.505,8.250,0.212
450,156.443,17383.714,17383.714,17157.707,11040.418,7201.304,4662.461,4143.854,725.682,359.223,56.643,8.246,0.173
451,156.818,17597.561,17597.561,17137.533,11025.060,7187.372,4658.872,4139.951,725.029,358.913,58.893,8.241,0.140
452,157.192,17651.621,17651.621,17116.055,11009.702,7172.063,4655.328,4135.964,724.384,358.597,61.248,8.237,0.114
453,157.566,17057.264,17057.264,17093.444,10994.345,7155.536,4651.834,4131.905,723.748,358.277,63.698,8.233,0.091
454,157.941,17442.380,17442.380,17069.873,10978.987,7137.960,4648.397,4127.785,723.121,357.953,66.235,8.228,0.073
455,158.315,17182.234,17182.234,17045.524,10963.629,7119.507,4645.020,4123.619,722.505,357.625,68.845,8.224,0.058
456,158.689,17287.686,17287.686,17020.577,10948.271,7100.354,4641.709,4119.417,721.899,357.295,71.516,8.220,0.046
457,159.063,17292.136,17292.136,16995.211,10932.913,7080.679,4638.470,4115.193,721.303,356.964,74.230,8.215,0.037
458,159.437,17014.624,17014.624,16969.600,10917.555,7060.654,4635.307,4110.957,720.718,356.631,76.972,8.211,0.029
459,159.812,17019.486,17019.486,16943.910,10902.198,7040.449,4632.225,4106.722,720.144,356.298,79.722,8.207,0.023
460,160.186,16778.538,16778.538,16918.299,10886.840,7020.225,4629.230,4102.498,719.580,355.966,82.460,8.203,0.018
461,160.560,16785.992,16785.992,16892.910,10871.482,7000.134,4626.325,4098.293,719.026,355.635,85.164,8.199,0.014
462,160.934,17078.617,17078.617,16867.875,10856.124,6980.317,4623.514,4094.118,718.482,355.305,87.813,8.195,0.011
463,161.308,16869.177,16869.177,16843.312,10840.766,6960.900,4620.802,4089.981,717.948,354.978,90.384,8.191,0.008
464,161.682,16751.087,16751.087,16819.321,10825.409,6941.999,4618.193,4085.886,717.423,354.654,92.854,8.187,0.006
465,162.056,16657.932,16657.932,16795.989,10810.051,6923.713,4615.688,4081.841,716.906,354.333,95.199,8.184,0.005
466,162.430,16603.910,16603.910,16773.384,10794.693,6906.128,4613.292,4077.850,716.398,354.016,97.397,8.180,0.004
467,162.804,16822.943,16822.943,16751.561,10779.335,6889.313,4611.006,4073.915,715.897,353.703,99.426,8.177,0.003
468,163.178,16737.998,16737.998,16730.557,10763.977,6873.325,4608.834,4070.039,715.404,353.393,101.266,8.175,0.002
469,163.552,16603.007,16603.007,16710.398,10748.619,6858.204,4606.777,4066.223,714.917,353.088,102.896,8.172,0.002
470,163.926,16563.630,16563.630,16691.094,10733.262,6843.978,4604.836,4062.466,714.436,352.788,104.299,8.170,0.001
471,164.300,16565.654,16565.654,16672.643,10717.904,6830.663,4603.014,4058.768,713.960,352.491,105.459,8.168,0.001
472,164.673,16377.592,16377.592,16655.034,10702.546,6818.260,4601.311,4055.125,713.490,352.199,106.362,8.167,0.001
473,165.047,16298.115,16298.115,16638.244,10687.188,6806.763,4599.728,4051.536,713.023,351.911,106.999,8.166,0.000
474,165.421,16262.760,16262.760,16622.245,10671.830,6796.155,4598.265,4047.995,712.560,351.626,107.359,8.165,0.000
475,165.795,16439.729,16439.729,16607.001,10656.472,6786.410,4596.924,4044.500,712.099,351.345,107.439,8.165,0.000
476,166.169,16421.920,16421.920,16592.472,10641.115,6777.496,4595.704,4041.043,711.642,351.067,107.236,8.165,0.000
477,166.542,16620.594,16620.594,16578.613,10625.757,6769.374,4594.604,4037.621,711.186,350.792,106.750,8.166,0.000
478,166.916,16054.112,16054.112,16569.816,10614.837,6763.831,4594.999,4035.163,710.942,350.601,105.991,8.169,0.000
479,167.290,16235.095,16235.095,16561.596,10603.917,6758.991,4595.515,4032.726,710.699,350.413,104.960,8.173,0.000
480,167.663,16187.805,16187.805,16553.906,10592.997,6754.803,4596.151,4030.306,710.457,350.225,103.667,8.178,0.000
481,168.037,16611.754,16611.754,16546.700,10582.076,6751.216,4596.907,4027.896,710.215,350.039,102.124,8.183,0.000
482,168.411,16421.641,16421.641,16539.932,10571.156,6748.178,4597.781,4025.491,709.974,349.854,100.346,8.189,0.000
483,168.784,16219.526,16219.526,16533.560,10560.236,6745.636,4598.774,4023.085,709.734,349.669,98.349,8.195,0.000
484,169.158,16234.915,16234.915,16527.544,10549.316,6743.538,4599.882,4020.674,709.493,349.484,96.154,8.202,0.000
485,169.531,16304.750,16304.750,16521.846,10538.396,6741.830,4601.107,4018.252,709.252,349.298,93.779,8.209,0.000
486,169.905,16419.506,16419.506,16516.433,10527.476,6740.464,4602.446,4015.815,709.011,349.112,91.248,8.217,0.000
487,170.278,16089.848,16089.848,16511.272,10516.556,6739.390,4603.898,4013.361,708.770,348.925,88.584,8.225,0.000
488,170.652,16277.553,16277.553,16506.337,10505.636,6738.561,4605.462,4010.886,708.529,348.737,85.809,8.234,0.000
489,171.025,16451.017,16451.017,16501.601,10494.716,6737.931,4607.137,4008.389,708.288,348.548,82.948,8.244,0.000
490,171.398,16290.697,16290.697,16497.044,10483.795,6737.458,4608.920,4005.867,708.047,348.357,80.024,8.254,0.000
491,171.772,16235.861,16235.861,16492.644,10472.875,6737.101,4610.810,4003.319,707.806,348.164,77.061,8.264,0.000
492,172.145,16053.549,16053.549,16488.385,10461.955,6736.822,4612.806,4000.747,707.566,347.970,74.081,8.275,0.000
493,172.519,16014.174,16014.174,16484.250,10451.035,6736.585,4614.906,3998.149,707.327,347.775,71.106,8.286,0.000
494,172.892,16254.135,16254.135,16480.228,10440.115,6736.356,4617.107,3995.528,707.090,347.578,68.156,8.298,0.000
495,173.265,16029.144,16029.144,16476.307,10429.195,6736.104,4619.408,3992.885,706.854,347.379,65.250,8.310,0.000
496,173.638,16217.451,16217.451,16472.475,10418.275,6735.801,4621.806,3990.223,706.620,347.180,62.405,8.322,0.000
497,174.012,15988.093,15988.093,16468.724,10407.355,6735.421,4624.299,3987.545,706.390,346.980,59.636,8.335,0.000
498,174.385,16289.614,16289.614,16465.046,10396.435,6734.940,4626.885,3984.855,706.163,346.780,56.959,8.348,0.000
499,174.758,16345.245,16345.245,16461.435,10385.514,6734.337,4629.560,3982.156,705.941,346.579,54.383,8.362,0.000
500,175.131,16246.869,16246.869,16457.883,10374.594,6733.594,4632.322,3979.454,705.724,346.378,51.919,8.375,0.000
501,175.504,16167.173,16167.173,16454.387,10363.674,6732.694,4635.168,3976.753,705.513,346.179,49.575,8.389,0.000
502,175.878,16439.700,16439.700,16450.942,10352.754,6731.624,4638.093,3974.059,705.309,345.980,47.357,8.403,0.000
503,176.251,16203.241,16203.241,16447.544,10341.834,6730.373,4641.095,3971.377,705.114,345.782,45.269,8.417,0.000
504,176.624,16684.863,16684.863,16444.191,10330.914,6728.932,4644.168,3968.714,704.928,345.587,43.313,8.432,0.000
505,176.997,16660.616,16660.616,16440.880,10319.994,6727.296,4647.310,3966.075,704.753,345.394,41.490,8.446,0.000
506,177.370,16456.876,16456.876,16437.612,10309.074,6725.462,4650.514,3963.466,704.589,345.203,39.801,8.460,0.000
507,177.743,16520.594,16520.594,16434.386,10298.154,6723.428,4653.776,3960.894,704.438,345.016,38.242,8.475,0.000
508,178.116,16321.278,16321.278,16431.204,10287.234,6721.197,4657.091,3958.365,704.302,344.833,36.811,8.489,0.000
509,178.489,16695.157,16695.157,16428.068,10276.313,6718.774,4660.452,3955.884,704.181,344.654,35.504,8.504,0.000
510,178.862,16356.273,16356.273,16424.982,10265.393,6716.166,4663.853,3953.457,704.076,344.479,34.316,8.518,0.000
511,179.235,16623.892,16623.892,16421.951,10254.473,6713.382,4667.289,3951.091,703.990,344.309,33.241,8.532,0.000
512,179.608,16467.763,16467.763,16418.981,10243.553,6710.436,4670.751,3948.790,703.923,344.145,32.274,8.546,0.000
513,179.981,16593.006,16593.006,16416.082,10232.633,6707.343,4674.234,3946.560,703.876,343.986,31.407,8.560,0.000
514,180.353,16876.273,16876.273,16413.263,10221.713,6704.121,4677.728,3944.406,703.850,343.832,30.635,8.574,0.000
515,180.726,16542.793,16542.793,16410.535,10210.793,6700.790,4681.226,3942.333,703.847,343.685,29.950,8.588,0.000
516,181.099,16875.890,16875.890,16407.914,10199.873,6697.374,4684.721,3940.345,703.867,343.544,29.346,8.601,0.000
517,181.472,16513.078,16513.078,16405.413,10188.953,6693.899,4688.203,3938.446,703.911,343.409,28.816,8.614,0.000
518,181.845,16781.620,16781.620,16403.053,10178.032,6690.393,4691.665,3936.640,703.980,343.280,28.352,8.627,0.000
519,182.217,16899.599,16899.599,16400.853,10167.112,6686.888,4695.096,3934.931,704.074,343.158,27.950,8.640,0.000
520,182.590,16606.531,16606.531,16398.837,10156.192,6683.418,4698.489,3933.323,704.194,343.042,27.602,8.652,0.000
521,182.963,16473.516,16473.516,16397.031,10145.272,6680.020,4701.835,3931.819,704.339,342.933,27.304,8.664,0.000
522,183.335,16461.169,16461.169,16395.464,10134.352,6676.734,4705.125,3930.423,704.511,342.831,27.049,8.676,0.000
523,183.708,16892.041,16892.041,16394.170,10123.432,6673.602,4708.350,3929.139,704.708,342.735,26.834,8.687,0.000
524,184.081,16788.898,16788.898,16393.184,10112.512,6670.670,4711.501,3927.969,704.931,342.646,26.653,8.698,0.000
525,184.453,16591.599,16591.599,16392.547,10101.592,6667.988,4714.571,3926.919,705.179,342.563,26.503,8.709,0.000
526,184.826,16543.631,16543.631,16392.303,10090.672,6665.606,4717.551,3925.992,705.451,342.486,26.380,8.719,0.000
527,185.199,16582.459,16582.459,16392.501,10079.752,6663.582,4720.434,3925.193,705.748,342.417,26.282,8.729,0.000
528,185.571,16460.122,16460.122,16393.195,10068.831,6661.973,4723.213,3924.527,706.067,342.354,26.206,8.738,0.000
529,185.944,16410.307,16410.307,16394.443,10057.911,6660.843,4725.880,3924.000,706.409,342.298,26.149,8.747,0.000
530,186.316,16516.424,16516.424,16396.310,10046.991,6660.257,4728.430,3923.618,706.772,342.249,26.111,8.756,0.000
531,186.689,16507.184,16507.184,16398.864,10036.071,6660.285,4730.858,3923.388,707.155,342.207,26.090,8.764,0.000
532,187.061,16496.514,16496.514,16402.182,10025.151,6661.002,4733.159,3923.318,707.556,342.173,26.086,8.772,0.000
533,187.434,16446.262,16446.262,16406.345,10014.231,6662.486,4735.328,3923.416,707.974,342.147,26.098,8.780,0.000
534,187.806,16602.411,16602.411,16411.440,10003.311,6664.820,4737.362,3923.691,708.408,342.130,26.127,8.787,0.000
535,188.178,16721.868,16721.868,16417.560,9992.391,6668.088,4739.259,3924.154,708.856,342.121,26.172,8.793,0.000
536,188.551,16154.971,16154.971,16424.805,9981.471,6672.383,4741.017,3924.814,709.317,342.123,26.235,8.800,0.000
537,188.923,16458.845,16458.845,16433.279,9970.550,6677.799,4742.635,3925.682,709.789,342.134,26.317,8.805,0.000
538,189.295,16507.525,16507.525,16443.096,9959.630,6684.435,4744.114,3926.772,710.271,342.158,26.419,8.811,0.000
539,189.668,16717.501,16717.501,16454.370,9948.710,6692.394,4745.452,3928.094,710.760,342.193,26.543,8.816,0.000
540,190.040,16205.497,16205.497,16467.225,9937.790,6701.782,4746.653,3929.661,711.257,342.243,26.691,8.821,0.000
541,190.412,16461.123,16461.123,16481.787,9926.870,6712.710,4747.717,3931.485,711.758,342.306,26.867,8.825,0.000
542,190.785,16538.929,16538.929,16498.186,9915.950,6725.291,4748.649,3933.580,712.264,342.385,27.071,8.829,0.000
543,191.157,16210.918,16210.918,16516.557,9905.030,6739.641,4749.450,3935.956,712.771,342.481,27.308,8.832,0.000
544,191.529,16350.122,16350.122,16537.037,9894.110,6755.877,4750.125,3938.626,713.280,342.595,27.580,8.836,0.000
545,191.901,16461.018,16461.018,16559.763,9883.190,6774.120,4750.678,3941.601,713.788,342.728,27.892,8.839,0.000
546,192.273,16135.399,16135.399,16584.875,9872.270,6794.489,4751.114,3944.890,714.295,342.882,28.245,8.841,0.000
547,192.645,16501.898,16501.898,16612.510,9861.349,6817.105,4751.438,3948.502,714.800,343.058,28.646,8.844,0.000
548,193.018,16446.558,16446.558,16642.805,9850.429,6842.087,4751.656,3952.444,715.301,343.257,29.097,8.846,0.000
549,193.390,16403.845,16403.845,16675.892,9839.509,6869.551,4751.773,3956.721,715.797,343.481,29.603,8.848,0.000
550,193.762,16062.252,16062.252,16711.898,9828.589,6899.612,4751.796,3961.336,716.289,343.730,30.168,8.849,0.000
551,194.134,16528.722,16528.722,16750.944,9817.669,6932.378,4751.729,3966.291,716.774,344.005,30.798,8.850,0.000
552,194.506,16387.958,16387.958,16793.141,9806.749,6967.952,4751.579,3971.582,717.253,344.308,31.497,8.851,0.000
553,194.878,16477.926,16477.926,16838.592,9795.829,7006.429,4751.352,3977.206,717.725,344.639,32.271,8.852,0.000
554,195.250,16314.184,16314.184,16887.385,9784.909,7047.895,4751.053,3983.155,718.188,344.998,33.124,8.853,0.000
555,195.622,16400.606,16400.606,16939.595,9773.989,7092.424,4750.687,3989.418,718.643,345.387,34.063,8.853,0.000
556,195.994,16528.797,16528.797,16995.281,9763.068,7140.080,4750.260,3995.980,719.090,345.806,35.093,8.853,0.000
557,196.366,16473.455,16473.455,17054.484,9752.148,7190.908,4749.778,4002.825,719.527,346.254,36.219,8.853,0.000
558,196.738,16408.478,16408.478,17117.222,9741.228,7244.940,4749.243,4009.931,719.956,346.731,37.448,8.853,0.000
559,197.110,16536.360,16536.360,17183.493,9730.308,7302.189,4748.661,4017.274,720.374,347.237,38.785,8.853,0.000
560,197.481,16659.752,16659.752,17253.270,9719.388,7362.647,4748.035,4024.825,720.783,347.772,40.237,8.852,0.000
561,197.853,16871.156,16871.156,17326.501,9708.468,7426.283,4747.369,4032.554,721.182,348.333,41.809,8.852,0.000
562,198.225,16583.292,16583.292,17403.106,9697.548,7493.044,4746.666,4040.426,721.571,348.921,43.508,8.851,0.000
563,198.597,17034.655,17034.655,17482.973,9686.628,7562.851,4745.929,4048.404,721.950,349.532,45.338,8.850,0.000
564,198.969,16827.131,16827.131,17565.965,9675.708,7635.598,4745.159,4056.449,722.318,350.166,47.306,8.849,0.000
565,199.340,17010.676,17010.676,17651.908,9664.787,7711.150,4744.358,4064.517,722.677,350.821,49.418,8.847,0.000
566,199.712,17117.036,17117.036,17740.601,9653.867,7789.344,4743.529,4072.566,723.026,351.493,51.678,8.846,0.000
567,200.084,17232.334,17232.334,17831.807,9642.947,7869.985,4742.671,4080.551,723.364,352.181,54.090,8.844,0.000
568,200.456,16774.708,16774.708,17925.257,9632.027,7952.850,4741.786,4088.424,723.693,352.881,56.661,8.842,0.000
569,200.827,17352.968,17352.968,18020.651,9621.107,8037.681,4740.875,4096.141,724.011,353.590,59.392,8.840,0.000
570,201.199,17043.652,17043.652,18117.658,9610.187,8124.193,4739.936,4103.656,724.320,354.305,62.287,8.838,0.000
571,201.571,17430.066,17430.066,18215.914,9599.267,8212.069,4738.971,4110.925,724.619,355.023,65.350,8.836,0.000
572,201.942,17465.154,17465.154,18315.030,9588.347,8300.963,4737.979,4117.904,724.909,355.739,68.581,8.834,0.000
573,202.314,17220.896,17220.896,18414.587,9577.427,8390.500,4736.959,4124.555,725.189,356.451,71.981,8.831,0.000
574,202.685,17543.545,17543.545,18514.146,9566.507,8480.279,4735.911,4130.842,725.459,357.154,75.549,8.829,0.000
575,203.057,17411.823,17411.823,18613.242,9555.586,8569.876,4734.834,4136.734,725.721,357.844,79.285,8.826,0.000
576,203.429,17816.239,17816.239,18711.398,9544.666,8658.845,4733.727,4142.204,725.973,358.519,83.186,8.823,0.000
577,203.800,17730.520,17730.520,18808.121,9533.746,8746.719,4732.590,4147.235,726.215,359.174,87.247,8.820,0.000
578,204.172,17967.227,17967.227,18902.910,9522.826,8833.019,4731.420,4151.814,726.449,359.806,91.463,8.817,0.000
579,204.543,17731.551,17731.551,18995.257,9511.906,8917.255,4730.217,4155.937,726.674,360.412,95.828,8.814,0.000
580,204.915,17846.661,17846.661,19084.661,9500.986,8998.926,4728.980,4159.612,726.889,360.989,100.332,8.810,0.000
581,205.286,18099.283,18099.283,19170.621,9490.066,9077.531,4727.708,4162.856,727.096,361.535,104.966,8.807,0.000
582,205.657,18236.993,18236.993,19252.654,9479.146,9152.572,4726.399,4165.698,727.293,362.047,109.719,8.803,0.000
583,206.029,18044.466,18044.466,19330.291,9468.226,9223.554,4725.053,4168.179,727.482,362.526,114.576,8.799,0.000
584,206.400,18321.828,18321.828,19403.091,9457.305,9289.997,4723.668,4170.355,727.661,362.970,119.523,8.795,0.000
585,206.772,18266.166,18266.166,19470.640,9446.385,9351.434,4722.243,4172.297,727.831,363.379,124.542,8.791,0.000
586,207.143,18505.237,18505.237,19532.565,9435.465,9407.423,4720.777,4174.092,727.992,363.754,129.616,8.787,0.000
587,207.514,18726.387,18726.387,19588.534,9424.545,9457.546,4719.270,4175.846,728.144,364.098,134.725,8.783,0.000
588,207.886,18469.928,18469.928,19638.263,9413.625,9501.417,4717.719,4177.681,728.286,364.413,139.847,8.778,0.000
589,208.257,18385.828,18385.828,19681.526,9402.705,9538.684,4716.123,4179.741,728.418,364.704,144.959,8.774,0.000
590,208.628,18365.144,18365.144,19718.155,9391.785,9569.035,4714.482,4182.190,728.541,364.977,150.038,8.769,0.000
591,208.999,18384.742,18384.742,19748.050,9380.865,9592.203,4712.795,4185.217,728.653,365.238,155.057,8.764,0.000
592,209.371,18306.086,18306.086,19771.180,9369.945,9607.963,4711.060,4189.032,728.755,365.496,159.991,8.759,0.000
593,209.742,18496.110,18496.110,19787.590,9359.025,9616.145,4709.276,4193.870,728.847,365.761,164.813,8.754,0.000
594,210.113,18727.734,18727.734,19797.405,9348.104,9616.626,4707.443,4199.996,728.927,366.045,169.496,8.749,0.000
595,210.484,18365.341,18365.341,19800.832,9337.184,9609.336,4705.558,4207.699,728.997,366.363,174.011,8.744,0.000
596,210.855,18256.697,18256.697,19798.162,9326.264,9594.263,4703.621,4217.300,729.056,366.729,178.332,8.738,0.000
597,211.227,18483.048,18483.048,19789.776,9315.344,9571.446,4701.631,4229.149,729.103,367.162,182.430,8.732,0.000
598,211.598,18342.262,18342.262,19776.144,9304.424,9540.979,4699.588,4243.628,729.138,367.683,186.279,8.727,0.000
599,211.969,18401.445,18401.445,19757.823,9293.504,9503.009,4697.489,4261.153,729.162,368.314,189.852,8.721,0.000
600,212.340,18325.398,18325.398,19735.463,9282.584,9457.736,4695.335,4282.176,729.173,369.080,193.125,8.715,0.000
601,212.711,18081.005,18081.005,19709.804,9271.664,9405.410,4693.125,4307.182,729.172,370.011,196.073,8.709,0.000
602,213.082,18671.714,18671.714,19681.673,9260.744,9346.326,4690.858,4336.694,729.159,371.137,198.674,8.702,0.000
603,213.453,18305.739,18305.739,19651.985,9249.823,9280.825,4688.535,4371.273,729.133,372.492,200.908,8.696,0.000
604,213.824,18501.435,18501.435,19621.740,9238.903,9209.288,4686.156,4411.519,729.095,374.113,202.757,8.689,0.000
605,214.195,18363.079,18363.079,19592.018,9227.983,9132.130,4683.721,4458.070,729.044,376.041,204.205,8.683,0.000
606,214.566,18271.084,18271.084,19563.978,9217.063,9049.801,4681.232,4511.606,728.981,378.320,205.239,8.676,0.000
607,214.937,18023.090,18023.090,19538.851,9206.143,8962.776,4678.690,4572.842,728.907,380.998,205.848,8.669,0.000
608,215.308,18322.170,18322.170,19517.938,9195.223,8871.552,4676.097,4642.536,728.820,384.124,206.023,8.662,0.000
609,215.679,18466.838,18466.838,19502.603,9184.303,8776.645,4673.456,4721.484,728.722,387.755,205.762,8.655,0.000
610,216.050,18750.725,18750.725,19494.265,9173.383,8678.581,4670.770,4810.518,728.614,391.949,205.061,8.648,0.000
611,216.420,18442.515,18442.515,19494.395,9162.463,8577.894,4668.044,4910.506,728.496,396.769,203.923,8.640,0.000
612,216.791,18646.810,18646.810,19504.506,9151.543,8475.118,4665.282,5022.350,728.368,402.280,202.351,8.633,0.000
613,217.162,18656.500,18656.500,19526.146,9140.622,8370.786,4662.491,5146.982,728.232,408.552,200.354,8.626,0.000
614,217.533,18804.176,18804.176,19560.892,9129.702,8265.421,4659.676,5285.362,728.089,415.660,197.941,8.618,0.000
615,217.904,18947.016,18947.016,19610.337,9118.782,8159.535,4656.846,5438.473,727.940,423.682,195.127,8.611,0.000
616,218.275,19338.915,19338.915,19676.083,9107.862,8053.621,4654.008,5607.316,727.786,432.697,191.928,8.604,0.000
617,218.645,18949.366,18949.366,19759.731,9096.942,7948.155,4651.171,5792.903,727.629,442.792,188.361,8.596,0.000
618,219.016,19748.620,19748.620,19862.872,9086.022,7843.586,4648.345,5996.256,727.470,454.053,184.449,8.589,0.000
619,219.387,19797.922,19797.922,19987.072,9075.102,7740.337,4645.540,6218.393,727.311,466.571,180.214,8.582,0.000
620,219.757,19593.331,19593.331,20133.864,9064.182,7638.801,4642.768,6460.323,727.154,480.438,175.682,8.575,0.000
621,220.128,20083.804,20083.804,20304.736,9053.262,7539.342,4640.039,6723.037,727.000,495.751,170.878,8.568,0.000
622,220.499,20579.970,20579.970,20501.117,9042.341,7442.286,4637.365,7007.497,726.850,512.604,165.831,8.561,0.000
623,220.869,20660.981,20660.981,20724.364,9031.421,7347.930,4634.759,7314.627,726.708,531.095,160.568,8.554,0.000
624,221.240,21078.978,21078.978,20975.751,9020.501,7256.532,4632.231,7645.300,726.574,551.322,155.121,8.547,0.000
625,221.611,21853.584,21853.584,21256.452,9009.581,7168.319,4629.795,8000.325,726.451,573.381,149.517,8.541,0.000
626,221.981,22013.937,22013.937,21567.533,8998.661,7083.480,4627.462,8380.437,726.340,597.368,143.788,8.535,0.000
627,222.352,22368.448,22368.448,21909.929,8987.741,7002.172,4625.245,8786.280,726.243,623.375,137.963,8.529,0.000
628,222.722,22769.583,22769.583,22284.440,8976.821,6924.519,4623.155,9218.395,726.161,651.492,132.071,8.523,0.000
629,223.093,23363.464,23363.464,22691.708,8965.901,6850.614,4621.205,9677.207,726.097,681.805,126.141,8.517,0.000
630,223.464,23574.907,23574.907,23132.210,8954.981,6780.519,4619.406,10163.007,726.051,714.392,120.200,8.512,0.000
631,223.834,24276.160,24276.160,23606.240,8944.060,6714.270,4617.769,10675.944,726.026,749.326,114.276,8.507,0.000
632,224.205,25185.020,25185.020,24113.899,8933.140,6651.875,4616.306,11216.005,726.023,786.672,108.393,8.502,0.000
633,224.575,25429.951,25429.951,24655.078,8922.220,6593.320,4615.029,11783.006,726.043,826.485,102.574,8.498,0.000
634,224.946,25925.949,25925.949,25229.453,8911.300,6538.569,4613.949,12376.578,726.089,868.809,96.844,8.493,0.000
635,225.316,26601.163,26601.163,25826.266,8890.177,6483.378,4609.756,12994.153,725.655,913.498,91.220,8.484,0.000
636,225.686,27591.955,27591.955,26454.925,8869.054,6431.853,4605.774,13636.979,725.248,960.751,85.722,8.475,0.000
637,226.057,27972.485,27972.485,27114.391,8847.931,6383.905,4602.012,14304.074,724.869,1010.573,80.369,8.467,0.000
638,226.427,29041.414,29041.414,27803.370,8826.808,6339.433,4598.481,14994.230,724.519,1062.952,75.174,8.458,0.000
639,226.798,29632.332,29632.332,28520.312,8805.685,6298.324,4595.190,15706.015,724.200,1117.861,70.150,8.450,0.000
640,227.168,30657.514,30657.514,29263.406,8784.562,6260.457,4592.147,16437.764,723.912,1175.252,65.308,8.443,0.000
641,227.538,31154.662,31154.662,30030.582,8763.439,6225.703,4589.363,17187.581,723.657,1235.061,60.658,8.435,0.000
642,227.909,32165.635,32165.635,30819.510,8742.316,6193.929,4586.845,17953.341,723.436,1297.202,56.207,8.428,0.000
643,228.279,33022.644,33022.644,31627.609,8721.193,6164.997,4584.601,18732.689,723.250,1361.568,51.960,8.421,0.000
644,228.649,34237.483,34237.483,32452.049,8700.070,6138.768,4582.639,19523.053,723.099,1428.033,47.921,8.415,0.000
645,229.019,34372.188,34372.188,33289.767,8678.947,6115.101,4580.964,20321.649,722.985,1496.447,44.091,8.409,0.000
646,229.390,36125.169,36125.169,34137.472,8657.824,6093.855,4579.582,21125.491,722.908,1566.639,40.472,8.403,0.000
647,229.760,36812.331,36812.331,34991.668,8636.701,6074.891,4578.498,21931.412,722.869,1638.416,37.062,8.397,0.000
648,230.130,37670.010,37670.010,35848.668,8615.578,6058.073,4577.717,22736.072,722.869,1711.565,33.859,8.392,0.000
649,230.500,38548.801,38548.801,36704.615,8594.455,6043.266,4577.239,23535.985,722.907,1785.849,30.860,8.387,0.000
650,230.870,39401.047,39401.047,37555.507,8573.332,6030.339,4577.068,24327.539,722.984,1861.014,28.059,8.383,0.000
651,231.241,39925.285,39925.285,38397.222,8552.209,6019.165,4577.203,25107.017,723.101,1936.783,25.452,8.378,0.000
652,231.611,40833.970,40833.970,39225.546,8531.086,6009.624,4577.644,25870.628,723.256,2012.865,23.033,8.374,0.000
653,231.981,42014.124,42014.124,40036.203,8509.963,6001.595,4578.388,26614.534,723.450,2088.949,20.794,8.371,0.000
654,232.351,42695.476,42695.476,40824.888,8488.840,5994.968,4579.432,27334.876,723.683,2164.712,18.728,8.367,0.000
655,232.721,43388.675,43388.675,41587.299,8467.717,5989.634,4580.770,28027.811,723.952,2239.817,16.827,8.364,0.000
656,233.091,43821.269,43821.269,42319.171,8446.594,5985.491,4582.397,28689.542,724.259,2313.916,15.084,8.361,0.000
657,233.461,45006.040,45006.040,43016.314,8425.471,5982.440,4584.304,29316.348,724.601,2386.653,13.488,8.359,0.000
658,233.831,45602.787,45602.787,43674.646,8404.348,5980.390,4586.481,29904.619,724.977,2457.668,12.033,8.356,0.000
659,234.201,46453.408,46453.408,44290.226,8383.225,5979.251,4588.918,30450.889,725.386,2526.596,10.709,8.354,0.000
660,234.571,46610.652,46610.652,44859.296,8362.102,5978.942,4591.602,30951.868,725.827,2593.074,9.508,8.352,0.000
661,234.941,47385.280,47385.280,45378.307,8340.978,5979.384,4594.519,31404.472,726.296,2656.741,8.422,8.351,0.000
662,235.311,48030.876,48030.876,45843.956,8319.855,5980.501,4597.654,31805.852,726.793,2717.242,7.442,8.349,0.000
663,235.681,48452.181,48452.181,46253.217,8298.732,5982.225,4600.990,32153.423,727.315,2774.234,6.560,8.348,0.000
664,236.051,49251.950,49251.950,46603.365,8277.609,5984.489,4604.509,32444.888,727.859,2827.383,5.769,8.347,0.000
665,236.421,49397.548,49397.548,46892.009,8256.486,5987.231,4608.190,32678.266,728.422,2876.371,5.061,8.346,0.000
666,236.791,49865.108,49865.108,47117.109,8235.363,5990.392,4612.014,32851.902,729.002,2920.901,4.430,8.345,0.000
667,237.161,49830.708,49830.708,47276.997,8214.240,5993.918,4615.959,32964.495,729.596,2960.694,3.868,8.344,0.000
668,237.531,49716.961,49716.961,47370.396,8193.117,5997.756,4620.002,33015.104,730.201,2995.497,3.369,8.343,0.000
669,237.901,50143.496,50143.496,47396.431,8171.994,6001.859,4624.120,33003.162,730.813,3025.084,2.927,8.343,0.000
670,238.271,50395.818,50395.818,47354.634,8150.871,6006.181,4628.288,32928.480,731.429,3049.254,2.538,8.342,0.000
671,238.640,50682.983,50682.983,47244.956,8129.748,6010.680,4632.480,32791.249,732.045,3067.842,2.195,8.341,0.000
672,239.010,50566.377,50566.377,47067.760,8108.625,6015.318,4636.673,32592.043,732.659,3080.710,1.893,8.340,0.000
673,239.380,50289.992,50289.992,46823.822,8087.502,6020.059,4640.839,32331.808,733.265,3087.759,1.630,8.339,0.000
674,239.750,50173.924,50173.924,46514.323,8066.379,6024.870,4644.954,32011.857,733.860,3088.920,1.399,8.338,0.000
675,240.120,49977.278,49977.278,46140.832,8045.256,6029.722,4648.991,31633.855,734.442,3084.164,1.199,8.337,0.000
676,240.489,49715.806,49715.806,45705.300,8024.133,6034.588,4652.924,31199.804,735.005,3073.494,1.024,8.336,0.000
677,240.859,49421.958,49421.958,45210.030,8003.010,6039.446,4656.730,30712.024,735.547,3056.953,0.873,8.334,0.000
678,241.229,49295.776,49295.776,44657.665,7981.887,6044.276,4660.382,30173.129,736.064,3034.615,0.742,8.332,0.000
679,241.598,48723.489,48723.489,44051.153,7960.764,6049.062,4663.857,29586.005,736.552,3006.593,0.630,8.330,0.000
680,241.968,48461.207,48461.207,43393.727,7939.641,6053.792,4667.133,28953.778,737.008,2973.032,0.533,8.328,0.000
681,242.338,47756.826,47756.826,42688.868,7918.518,6058.456,4670.187,28279.789,737.428,2934.109,0.450,8.325,0.000
682,242.707,47400.786,47400.786,41940.277,7897.395,6063.051,4672.999,27567.561,737.810,2890.032,0.379,8.322,0.000
683,243.077,46345.252,46345.252,41151.840,7876.272,6067.573,4675.550,26820.767,738.150,2841.038,0.319,8.319,0.000
684,243.447,45884.584,45884.584,40327.591,7855.149,6072.028,4677.823,26043.197,738.446,2787.391,0.267,8.315,0.000
685,243.816,45488.901,45488.901,39471.680,7834.026,6076.422,4679.802,25238.726,738.694,2729.377,0.223,8.311,0.000
686,244.186,45096.059,45096.059,38588.334,7812.903,6080.765,4681.473,24411.279,738.894,2667.305,0.186,8.306,0.000
687,244.555,43992.615,43992.615,37681.823,7791.780,6085.073,4682.826,23564.799,739.042,2601.501,0.155,8.301,0.000
688,244.925,43137.668,43137.668,36756.427,7770.657,6089.367,4683.849,22703.216,739.137,2532.308,0.129,8.296,0.000
689,245.295,42589.145,42589.145,35816.397,7749.534,6093.669,4684.537,21830.414,739.177,2460.078,0.107,8.290,0.000
690,245.664,41245.509,41245.509,34865.930,7728.411,6098.008,4684.885,20950.205,739.161,2385.176,0.088,8.284,0.000
691,246.034,39919.577,39919.577,33909.132,7707.288,6102.415,4684.889,20066.297,739.088,2307.970,0.073,8.277,0.000
692,246.403,39820.764,39820.764,32949.992,7686.165,6106.927,4684.550,19182.274,738.956,2228.832,0.060,8.270,0.000
693,246.773,38999.338,38999.338,31992.356,7665.042,6111.583,4683.870,18301.568,738.766,2148.133,0.049,8.262,0.000
694,247.142,37863.439,37863.439,31039.904,7643.919,6116.427,4682.854,17427.444,738.518,2066.243,0.040,8.254,0.000
695,247.512,37203.506,37203.506,30096.124,7622.796,6121.506,4681.510,16562.973,738.210,1983.523,0.033,8.245,0.000
696,247.881,36075.322,36075.322,29164.302,7601.673,6126.870,4679.847,15711.027,737.844,1900.327,0.027,8.236,0.000
697,248.250,34936.465,34936.465,28247.500,7580.550,6132.571,4677.879,14874.259,737.420,1816.998,0.022,8.227,0.000
698,248.620,33891.783,33891.783,27348.544,7559.427,6138.666,4675.619,14055.097,736.940,1733.864,0.018,8.217,0.000
699,248.989,33490.759,33490.759,26470.019,7538.304,6145.211,4673.085,13255.734,736.403,1651.241,0.014,8.207,0.000
700,249.359,32448.971,32448.971,25614.256,7517.181,6152.266,4670.297,12478.125,735.812,1569.424,0.011,8.196,0.000
701,249.728,31001.367,31001.367,24783.333,7496.057,6159.893,4667.276,11723.987,735.167,1488.691,0.009,8.185,0.000
702,250.097,30207.509,30207.509,23979.071,7474.934,6168.151,4664.047,10994.797,734.472,1409.300,0.007,8.174,0.000
703,250.467,29338.133,29338.133,23203.039,7453.811,6177.103,4660.635,10291.795,733.727,1331.487,0.006,8.162,0.000
704,250.836,28583.653,28583.653,22456.550,7432.688,6186.811,4657.070,9615.989,732.935,1255.467,0.005,8.150,0.000
705,251.205,27588.647,27588.647,21740.675,7411.565,6197.335,4653.380,8968.165,732.098,1181.432,0.004,8.138,0.000
706,251.575,26698.672,26698.672,21056.246,7390.442,6208.734,4649.598,8348.892,731.219,1109.553,0.003,8.125,0.000
707,251.944,25461.843,25461.843,20403.868,7369.319,6221.066,4645.757,7758.533,730.300,1039.975,0.002,8.112,0.000
708,252.313,25004.842,25004.842,19783.926,7348.196,6234.385,4641.892,7197.257,729.344,972.825,0.002,8.099,0.000
709,252.682,23859.902,23859.902,19196.603,7327.073,6248.742,4638.040,6665.054,728.354,908.203,0.001,8.086,0.000
710,253.052,23308.579,23308.579,18641.886,7305.950,6264.184,4634.238,6161.744,727.333,846.192,0.001,8.072,0.000
711,253.421,22252.878,22252.878,18119.589,7284.827,6280.755,4630.524,5686.994,726.283,786.852,0.001,8.059,0.000
712,253.790,21782.199,21782.199,17629.357,7263.704,6298.489,4626.938,5240.332,725.208,730.223,0.001,8.045,0.000
713,254.159,20764.558,20764.558,17170.692,7242.581,6317.419,4623.520,4821.162,724.110,676.327,0.001,8.031,0.000
714,254.528,20590.869,20590.869,16742.958,7221.458,6337.568,4620.310,4428.779,722.993,625.168,0.000,8.017,0.000
715,254.897,19633.734,19633.734,16345.403,7200.335,6358.952,4617.349,4062.381,721.860,576.736,0.000,8.003,0.000
716,255.267,19347.812,19347.812,15977.171,7179.212,6381.579,4614.677,3721.088,720.714,531.003,0.000,7.989,0.000
717,255.636,18031.111,18031.111,15637.316,7158.089,6405.447,4612.334,3403.953,719.557,487.929,0.000,7.975,0.000
718,256.005,17688.138,17688.138,15324.819,7136.966,6430.546,4610.360,3109.977,718.393,447.463,0.000,7.961,0.000
719,256.374,17027.373,17027.373,15038.597,7115.843,6456.854,4608.794,2838.119,717.224,409.540,0.000,7.946,0.000
720,256.743,16667.539,16667.539,14777.519,7094.720,6484.341,4607.673,2587.311,716.052,374.088,0.000,7.932,0.000
721,257.112,16123.179,16123.179,14540.415,7073.597,6512.963,4607.036,2356.468,714.882,341.029,0.000,7.918,0.000
722,257.481,15380.802,15380.802,14326.091,7052.474,6542.667,4606.916,2144.495,713.715,310.274,0.000,7.903,0.000
723,257.850,15473.950,15473.950,14133.335,7031.351,6573.388,4607.349,1950.304,712.553,281.733,0.000,7.889,0.000
724,258.219,14981.692,14981.692,13960.929,7010.228,6605.049,4608.366,1772.812,711.400,255.309,0.000,7.875,0.000
725,258.588,14373.779,14373.779,13807.656,6989.105,6637.562,4609.998,1610.957,710.257,230.902,0.000,7.860,0.000
726,258.957,13983.881,13983.881,13672.308,6967.982,6670.829,4612.274,1463.699,709.128,208.413,0.000,7.846,0.000
727,259.326,13589.385,13589.385,13553.692,6946.859,6704.741,4615.221,1330.027,708.015,187.739,0.000,7.832,0.000
728,259.695,13324.729,13324.729,13450.636,6925.736,6739.177,4618.862,1208.965,706.920,168.778,0.000,7.817,0.000
729,260.064,13211.610,13211.610,13361.994,6904.613,6774.008,4623.221,1099.570,705.846,151.428,0.000,7.803,0.000
730,260.433,12825.163,12825.163,13286.649,6883.490,6809.096,4628.317,1000.945,704.797,135.589,0.000,7.788,0.000
731,260.802,12453.663,12453.663,13223.518,6862.367,6844.295,4634.165,912.229,703.774,121.164,0.000,7.773,0.000
732,261.171,12422.065,12422.065,13171.554,6841.244,6879.450,4640.782,832.609,702.782,108.056,0.000,7.758,0.000
733,261.540,12359.705,12359.705,13129.747,6820.121,6914.402,4648.176,761.314,701.823,96.173,0.000,7.744,0.000
734,261.909,12312.728,12312.728,13097.128,6798.998,6948.984,4656.355,697.619,700.900,85.424,0.000,7.729,0.000
735,262.278,11916.083,11916.083,13072.766,6777.875,6983.025,4665.324,640.845,700.019,75.724,0.000,7.714,0.000
736,262.646,11632.339,11632.339,13055.774,6756.752,7016.351,4675.080,590.357,699.181,66.990,0.000,7.699,0.000
737,263.015,12001.574,12001.574,13045.305,6735.629,7048.786,4685.621,545.563,698.391,59.144,0.000,7.683,0.000
738,263.384,11628.782,11628.782,13040.552,6714.506,7080.151,4696.937,505.915,697.653,52.112,0.000,7.668,0.000
739,263.753,11527.669,11527.669,13040.752,6693.383,7110.268,4709.013,470.908,696.971,45.823,0.000,7.652,0.000
740,264.122,11423.183,11423.183,13045.179,6672.260,7138.959,4721.832,440.074,696.349,40.212,0.000,7.637,0.000
741,264.490,11515.582,11515.582,13053.151,6651.136,7166.049,4735.370,412.986,695.792,35.217,0.000,7.621,0.000
742,264.859,11347.119,11347.119,13064.021,6630.013,7191.365,4749.598,389.254,695.303,30.781,0.000,7.605,0.000
743,265.228,11188.697,11188.697,13077.183,6608.890,7214.739,4764.481,368.522,694.887,26.849,0.000,7.590,0.000
744,265.597,11264.305,11264.305,13092.066,6587.767,7236.010,4779.979,350.467,694.550,23.372,0.000,7.574,0.000
745,265.966,11084.840,11084.840,13108.137,6566.644,7255.023,4796.047,334.797,694.294,20.304,0.000,7.557,0.000
746,266.334,11079.750,11079.750,13124.896,6545.521,7271.629,4812.634,321.250,694.124,17.603,0.000,7.541,0.000
747,266.703,11249.534,11249.534,13141.881,6524.398,7285.691,4829.683,309.591,694.046,15.231,0.000,7.525,0.000
748,267.072,11201.961,11201.961,13158.660,6503.275,7297.080,4847.132,299.611,694.062,13.152,0.000,7.509,0.000
749,267.440,11166.461,11166.461,13174.834,6482.152,7305.681,4864.915,291.122,694.177,11.334,0.000,7.492,0.000
750,267.809,11206.051,11206.051,13190.037,6461.029,7311.387,4882.957,283.960,694.395,9.748,0.000,7.475,0.000
751,268.178,11009.556,11009.556,13203.931,6439.906,7314.108,4901.184,277.981,694.720,8.366,0.000,7.459,0.000
752,268.546,11207.275,11207.275,13216.210,6418.783,7313.764,4919.511,273.058,695.156,7.166,0.000,7.442,0.000
753,268.915,11350.092,11350.092,13226.597,6397.660,7310.293,4937.855,269.081,695.705,6.126,0.000,7.425,0.000
754,269.284,11229.802,11229.802,13234.842,6376.537,7303.644,4956.124,265.957,696.371,5.226,0.000,7.408,0.000
755,269.652,11248.683,11248.683,13240.724,6355.414,7293.785,4974.226,263.605,697.156,4.450,0.000,7.391,0.000
756,270.021,11155.229,11155.229,13244.048,6334.291,7280.697,4992.065,261.957,698.062,3.781,0.000,7.374,0.000
757,270.389,11158.549,11158.549,13244.645,6313.168,7264.378,5009.542,260.958,699.093,3.206,0.000,7.357,0.000
758,270.758,11432.474,11432.474,13242.373,6292.045,7244.841,5026.557,260.563,700.248,2.713,0.000,7.340,0.000
759,271.126,11192.594,11192.594,13237.113,6270.922,7222.115,5043.009,260.735,701.529,2.292,0.000,7.322,0.000
760,271.495,11183.184,11183.184,13228.772,6249.799,7196.244,5058.796,261.448,702.937,1.932,0.000,7.305,0.000
761,271.863,11377.994,11377.994,13217.279,6228.676,7167.289,5073.815,262.681,704.471,1.625,0.000,7.288,0.000
762,272.232,11365.696,11365.696,13202.588,6207.553,7135.324,5087.967,264.423,706.130,1.364,0.000,7.270,0.000
763,272.600,11365.650,11365.650,13184.673,6186.430,7100.437,5101.150,266.666,707.914,1.143,0.000,7.253,0.000
764,272.969,11426.307,11426.307,13163.530,6165.307,7062.731,5113.268,269.411,709.819,0.955,0.000,7.235,0.000
765,273.337,11362.726,11362.726,13139.176,6144.184,7022.320,5124.225,272.662,711.844,0.797,0.000,7.218,0.000
766,273.706,11346.886,11346.886,13111.646,6123.061,6979.330,5133.930,276.428,713.985,0.664,0.000,7.200,0.000
767,274.074,11188.876,11188.876,13080.997,6101.938,6933.898,5142.295,280.723,716.237,0.552,0.000,7.183,0.000
768,274.443,11393.556,11393.556,13047.300,6080.815,6886.171,5149.238,285.562,718.596,0.458,0.000,7.165,0.000
769,274.811,11459.713,11459.713,13010.646,6059.692,6836.305,5154.682,290.967,721.056,0.379,0.000,7.148,0.000
770,275.180,11448.945,11448.945,12971.140,6038.569,6784.463,5158.556,296.959,723.610,0.313,0.000,7.130,0.000
771,275.548,11621.621,11621.621,12928.902,6017.446,6730.813,5160.793,303.565,726.250,0.258,0.000,7.113,0.000
772,275.916,11599.206,11599.206,12884.066,5996.323,6675.530,5161.338,310.812,728.970,0.212,0.000,7.095,0.000
773,276.285,11432.381,11432.381,12836.778,5975.200,6618.792,5160.138,318.729,731.759,0.174,0.000,7.078,0.000
774,276.653,11477.552,11477.552,12787.195,5954.077,6560.779,5157.152,327.346,734.608,0.143,0.000,7.061,0.000
775,277.021,11393.884,11393.884,12735.486,5932.954,6501.673,5152.344,336.695,737.506,0.117,0.000,7.043,0.000
776,277.390,11426.870,11426.870,12681.826,5911.831,6441.656,5145.690,346.809,740.443,0.095,0.000,7.026,0.000
777,277.758,11319.209,11319.209,12626.398,5890.708,6380.908,5137.171,357.721,743.405,0.078,0.000,7.008,0.000
778,278.126,11460.793,11460.793,12569.394,5869.585,6319.609,5126.778,369.465,746.382,0.063,0.000,6.991,0.000
779,278.495,11616.963,11616.963,12511.007,5848.462,6257.933,5114.513,382.072,749.359,0.051,0.000,6.974,0.000
780,278.863,11596.409,11596.409,12451.437,5827.339,6196.051,5100.383,395.576,752.323,0.041,0.000,6.956,0.000
781,279.231,11416.319,11416.319,12390.883,5806.215,6134.130,5084.407,410.009,755.259,0.033,0.000,6.939,0.000
782,279.600,11481.608,11481.608,12329.548,5785.092,6072.329,5066.610,425.402,758.153,0.027,0.000,6.922,0.000
783,279.968,11391.687,11391.687,12267.634,5763.969,6010.800,5047.029,441.783,760.990,0.022,0.000,6.905,0.000
784,280.336,11441.837,11441.837,12205.340,5742.846,5949.689,5025.705,459.181,763.755,0.017,0.000,6.888,0.000
785,280.704,11217.746,11217.746,12142.865,5721.723,5889.133,5002.690,477.620,766.432,0.014,0.000,6.870,0.000
786,281.072,11502.650,11502.650,12080.402,5700.600,5829.260,4978.042,497.124,769.006,0.011,0.000,6.853,0.000
787,281.441,11368.801,11368.801,12018.139,5679.477,5770.189,4951.827,517.713,771.460,0.009,0.000,6.836,0.000
788,281.809,11232.063,11232.063,11956.260,5658.354,5712.030,4924.115,539.404,773.781,0.007,0.000,6.819,0.000
789,282.177,11405.375,11405.375,11894.941,5637.231,5654.883,4894.985,562.210,775.951,0.006,0.000,6.802,0.000
790,282.545,11372.739,11372.739,11834.348,5616.108,5598.837,4864.521,586.140,777.957,0.004,0.000,6.785,0.000
791,282.913,11392.406,11392.406,11774.641,5594.985,5543.974,4832.809,611.200,779.783,0.004,0.000,6.769,0.000
792,283.282,11305.103,11305.103,11715.969,5573.862,5490.362,4799.942,637.391,781.416,0.003,0.000,6.752,0.000
793,283.650,11344.201,11344.201,11658.470,5552.739,5438.064,4766.017,664.709,782.841,0.002,0.000,6.735,0.000
794,284.018,11341.219,11341.219,11602.272,5531.616,5387.129,4731.130,693.145,784.046,0.002,0.000,6.718,0.000
795,284.386,11276.373,11276.373,11547.489,5510.493,5337.599,4695.383,722.684,785.018,0.001,0.000,6.701,0.000
796,284.754,11351.022,11351.022,11494.225,5489.370,5289.507,4658.878,753.305,785.746,0.001,0.000,6.684,0.000
797,285.122,11279.210,11279.210,11442.569,5468.247,5242.877,4621.719,784.983,786.220,0.001,0.000,6.668,0.000
798,285.490,11191.101,11191.101,11392.598,5447.124,5197.723,4584.006,817.686,786.429,0.001,0.000,6.651,0.000
799,285.858,11107.078,11107.078,11344.375,5426.001,5154.054,4545.845,851.375,786.366,0.001,0.000,6.634,0.000
800,286.226,11517.549,11517.549,11297.951,5404.878,5111.870,4507.335,886.004,786.023,0.000,0.000,6.618,0.000
801,286.594,11339.693,11339.693,11253.360,5383.755,5071.165,4468.577,921.522,785.393,0.000,0.000,6.601,0.000
802,286.962,11321.203,11321.203,11210.623,5362.632,5031.925,4429.669,957.872,784.473,0.000,0.000,6.584,0.000
803,287.330,11283.924,11283.924,11169.749,5341.509,4994.132,4390.704,994.988,783.257,0.000,0.000,6.568,0.000
804,287.698,11179.375,11179.375,11130.732,5320.386,4957.762,4351.775,1032.799,781.745,0.000,0.000,6.551,0.000
805,288.066,11227.948,11227.948,11093.553,5299.263,4922.787,4312.969,1071.228,779.934,0.000,0.000,6.535,0.000
806,288.434,11367.927,11367.927,11058.178,5278.140,4889.176,4274.371,1110.189,777.825,0.000,0.000,6.518,0.000
807,288.802,11144.521,11144.521,11024.562,5257.017,4856.890,4236.058,1149.593,775.419,0.000,0.000,6.502,0.000
808,289.170,11258.392,11258.392,10992.648,5235.894,4825.893,4198.107,1189.343,772.720,0.000,0.000,6.485,0.000
809,289.538,11116.019,11116.019,10962.366,5214.771,4796.143,4160.586,1229.338,769.731,0.000,0.000,6.469,0.000
810,289.906,11178.335,11178.335,10933.635,5193.648,4767.597,4123.561,1269.469,766.459,0.000,0.000,6.452,0.000
811,290.274,11280.826,11280.826,10906.366,5172.525,4740.210,4087.089,1309.624,762.909,0.000,0.000,6.436,0.000
812,290.642,11161.876,11161.876,10880.457,5151.402,4713.937,4051.225,1349.687,759.089,0.000,0.000,6.419,0.000
813,291.010,11157.381,11157.381,10855.798,5130.279,4688.733,4016.018,1389.537,755.010,0.000,0.000,6.403,0.000
814,291.378,11163.636,11163.636,10832.273,5109.156,4664.552,3981.509,1429.049,750.680,0.000,0.000,6.387,0.000
815,291.746,10966.043,10966.043,10809.758,5088.033,4641.347,3947.737,1468.095,746.110,0.000,0.000,6.370,0.000
816,292.114,11298.115,11298.115,10788.121,5066.910,4619.076,3914.733,1506.547,741.314,0.000,0.000,6.354,0.000
817,292.481,11022.624,11022.624,10767.228,5045.787,4597.694,3882.524,1544.273,736.304,0.000,0.000,6.338,0.000
818,292.849,11164.695,11164.695,10746.940,5024.664,4577.158,3851.131,1581.141,731.093,0.000,0.000,6.322,0.000
819,293.217,11158.125,11158.125,10727.115,5003.541,4557.429,3820.571,1617.018,725.696,0.000,0.000,6.306,0.000
820,293.585,11049.304,11049.304,10707.608,4982.417,4538.468,3790.855,1651.772,720.128,0.000,0.000,6.290,0.000
821,293.953,10674.919,10674.919,10688.276,4961.294,4520.238,3761.992,1685.274,714.404,0.000,0.000,6.273,0.000
822,294.321,10963.166,10963.166,10668.976,4940.171,4502.705,3733.984,1717.394,708.540,0.000,0.000,6.257,0.000
823,294.688,11063.858,11063.858,10649.564,4919.048,4485.839,3706.830,1748.006,702.553,0.000,0.000,6.241,0.000
824,295.056,10849.849,10849.849,10629.901,4897.925,4469.609,3680.525,1776.989,696.458,0.000,0.000,6.226,0.000
825,295.424,11006.777,11006.777,10609.852,4876.802,4453.990,3655.062,1804.224,690.273,0.000,0.000,6.210,0.000
826,295.792,10892.273,10892.273,10589.287,4855.679,4438.959,3630.427,1829.599,684.013,0.000,0.000,6.194,0.000
827,296.159,10814.821,10814.821,10568.079,4834.556,4424.496,3606.608,1853.007,677.696,0.000,0.000,6.178,0.000
828,296.527,10981.722,10981.722,10546.113,4813.433,4410.584,3583.588,1874.348,671.337,0.000,0.000,6.162,0.000
829,296.895,10597.792,10597.792,10523.277,4792.310,4397.209,3561.346,1893.529,664.952,0.000,0.000,6.147,0.000
830,297.263,10922.594,10922.594,10499.470,4771.187,4384.361,3539.863,1910.465,658.557,0.000,0.000,6.131,0.000
831,297.630,10771.627,10771.627,10474.601,4750.064,4372.032,3519.115,1925.078,652.168,0.000,0.000,6.115,0.000
832,297.998,10481.931,10481.931,10448.589,4728.941,4360.219,3499.078,1937.300,645.799,0.000,0.000,6.100,0.000
833,298.366,10457.829,10457.829,10421.362,4707.818,4348.921,3479.726,1947.075,639.464,0.000,0.000,6.084,0.000
834,298.733,10830.006,10830.006,10392.863,4686.695,4338.141,3461.032,1954.351,633.178,0.000,0.000,6.069,0.000
835,299.101,10656.990,10656.990,10372.299,4674.826,4332.628,3446.799,1959.194,627.527,0.000,0.000,6.060,0.000
836,299.469,10603.027,10603.027,10350.382,4662.957,4327.652,3433.172,1961.468,621.949,0.000,0.000,6.050,0.000
837,299.836,10473.995,10473.995,10327.092,4651.088,4323.224,3420.124,1961.155,616.457,0.000,0.000,6.041,0.000
838,300.204,10487.713,10487.713,10302.420,4639.219,4319.361,3407.626,1958.249,611.061,0.000,0.000,6.032,0.000
839,300.572,10677.591,10677.591,10276.373,4627.350,4316.083,3395.652,1952.754,605.771,0.000,0.000,6.022,0.000
840,300.939,10415.663,10415.663,10248.971,4615.481,4313.412,3384.174,1944.685,600.596,0.000,0.000,6.013,0.000
841,301.307,10376.875,10376.875,10220.245,4603.612,4311.373,3373.164,1934.068,595.545,0.000,0.000,6.004,0.000
842,301.675,10307.800,10307.800,10190.243,4591.743,4309.997,3362.595,1920.939,590.626,0.000,0.000,5.995,0.000
843,302.042,10244.497,10244.497,10159.024,4579.874,4309.314,3352.444,1905.345,585.845,0.000,0.000,5.986,0.000
844,302.410,10133.933,10133.933,10126.661,4568.005,4309.361,3342.683,1887.342,581.209,0.000,0.000,5.977,0.000
845,302.777,10100.309,10100.309,10093.241,4556.136,4310.175,3333.288,1866.997,576.723,0.000,0.000,5.968,0.000
846,303.145,10107.198,10107.198,10058.859,4544.267,4311.798,3324.237,1844.385,572.391,0.000,0.000,5.959,0.000
847,303.512,10086.990,10086.990,10023.627,4532.398,4314.274,3315.506,1819.590,568.217,0.000,0.000,5.950,0.000
848,303.880,9889.193,9889.193,9987.664,4520.529,4317.650,3307.074,1792.705,564.204,0.000,0.000,5.941,0.000
849,304.247,9864.104,9864.104,9951.103,4508.660,4321.975,3298.921,1763.829,560.355,0.000,0.000,5.932,0.000
850,304.615,9918.035,9918.035,9914.083,4496.791,4327.303,3291.027,1733.069,556.671,0.000,0.000,5.924,0.000
851,304.983,10020.232,10020.232,9876.756,4484.922,4333.687,3283.374,1700.538,553.154,0.000,0.000,5.915,0.000
852,305.350,9681.519,9681.519,9839.280,4473.053,4341.186,3275.944,1666.353,549.802,0.000,0.000,5.906,0.000
853,305.718,9615.762,9615.762,9801.820,4461.184,4349.859,3268.721,1630.637,546.617,0.000,0.000,5.898,0.000
854,306.085,9531.136,9531.136,9764.550,4449.315,4359.767,3261.689,1593.519,543.598,0.000,0.000,5.889,0.000
855,306.452,9640.618,9640.618,9727.647,4437.446,4370.975,3254.834,1555.126,540.744,0.000,0.000,5.880,0.000
856,306.820,9532.364,9532.364,9691.294,4425.577,4383.548,3248.142,1515.592,538.052,0.000,0.000,5.872,0.000
857,307.187,9396.814,9396.814,9655.677,4413.708,4397.554,3241.602,1475.050,535.521,0.000,0.000,5.863,0.000
858,307.555,9439.516,9439.516,9620.986,4401.839,4413.060,3235.200,1433.636,533.148,0.000,0.000,5.854,0.000
859,307.922,9266.678,9266.678,9587.411,4389.970,4430.137,3228.927,1391.483,530.931,0.000,0.000,5.846,0.000
860,308.290,9355.423,9355.423,9555.145,4378.101,4448.857,3222.772,1348.726,528.865,0.000,0.000,5.837,0.000
861,308.657,9071.464,9071.464,9524.378,4366.232,4469.289,3216.727,1305.497,526.949,0.000,0.000,5.829,0.000
862,309.025,9156.613,9156.613,9495.301,4354.363,4491.508,3210.782,1261.927,525.178,0.000,0.000,5.820,0.000
863,309.392,9261.190,9261.190,9468.102,4342.494,4515.584,3204.929,1218.143,523.548,0.000,0.000,5.812,0.000
864,309.759,9173.572,9173.572,9442.966,4330.625,4541.590,3199.161,1174.271,522.054,0.000,0.000,5.803,0.000
865,310.127,9063.318,9063.318,9420.075,4318.756,4569.599,3193.471,1130.430,520.694,0.000,0.000,5.794,0.000
866,310.494,8927.219,8927.219,9399.603,4306.887,4599.680,3187.854,1086.736,519.461,0.000,0.000,5.786,0.000
867,310.861,9023.656,9023.656,9381.724,4295.018,4631.904,3182.303,1043.301,518.352,0.000,0.000,5.777,0.000
868,311.229,9010.044,9010.044,9366.599,4283.148,4666.340,3176.813,1000.230,517.361,0.000,0.000,5.769,0.000
869,311.596,9020.082,9020.082,9354.386,4271.279,4703.053,3171.378,957.624,516.485,0.000,0.000,5.760,0.000
870,311.964,9027.935,9027.935,9345.235,4259.410,4742.108,3165.995,915.577,515.717,0.000,0.000,5.752,0.000
871,312.331,9115.048,9115.048,9339.284,4247.541,4783.567,3160.659,874.176,515.052,0.000,0.000,5.743,0.000
872,312.698,8930.044,8930.044,9336.666,4235.672,4827.489,3155.367,833.504,514.487,0.000,0.000,5.735,0.000
873,313.065,9028.635,9028.635,9337.501,4223.803,4873.927,3150.113,793.634,514.015,0.000,0.000,5.726,0.000
874,313.433,9009.467,9009.467,9341.899,4211.934,4922.934,3144.896,754.636,513.631,0.000,0.000,5.718,0.000
875,313.800,8951.086,8951.086,9349.961,4200.065,4974.555,3139.711,716.570,513.330,0.000,0.000,5.709,0.000
876,314.167,8882.107,8882.107,9361.773,4188.196,5028.833,3134.555,679.491,513.107,0.000,0.000,5.701,0.000
877,314.535,8908.081,8908.081,9377.411,4176.327,5085.803,3129.427,643.448,512.957,0.000,0.000,5.692,0.000
878,314.902,8812.023,8812.023,9396.941,4164.458,5145.497,3124.321,608.481,512.873,0.000,0.000,5.684,0.000
879,315.269,9295.783,9295.783,9420.412,4152.589,5207.938,3119.237,574.625,512.852,0.000,0.000,5.675,0.000
880,315.636,8874.397,8874.397,9447.863,4140.720,5273.144,3114.172,541.909,512.887,0.000,0.000,5.667,0.000
881,316.004,8947.001,8947.001,9479.319,4128.851,5341.126,3109.122,510.355,512.973,0.000,0.000,5.659,0.000
882,316.371,9032.824,9032.824,9514.790,4116.982,5411.885,3104.087,479.980,513.105,0.000,0.000,5.650,0.000
883,316.738,8987.584,8987.584,9554.276,4105.113,5485.417,3099.062,450.793,513.277,0.000,0.000,5.642,0.000
884,317.105,9047.466,9047.466,9597.760,4093.244,5561.709,3094.048,422.802,513.485,0.000,0.000,5.633,0.000
885,317.473,9061.460,9061.460,9645.213,4081.375,5640.736,3089.040,396.006,513.723,0.000,0.000,5.625,0.000
886,317.840,9039.336,9039.336,9696.591,4069.506,5722.467,3084.038,370.400,513.985,0.000,0.000,5.617,0.000
887,318.207,9211.789,9211.789,9751.835,4057.637,5806.862,3079.039,345.976,514.267,0.000,0.000,5.608,0.000
888,318.574,9287.839,9287.839,9810.876,4045.768,5893.867,3074.041,322.721,514.563,0.000,0.000,5.600,0.000
889,318.941,9263.983,9263.983,9873.627,4033.899,5983.422,3069.043,300.618,514.868,0.000,0.000,5.592,0.000
890,319.308,9307.626,9307.626,9939.988,4022.030,6075.455,3064.043,279.646,515.178,0.000,0.000,5.584,0.000
891,319.676,9512.799,9512.799,10009.848,4010.161,6169.881,3059.040,259.783,515.486,0.000,0.000,5.576,0.000
892,320.043,9692.636,9692.636,10083.080,3998.292,6266.609,3054.031,241.002,515.788,0.000,0.000,5.567,0.000
893,320.410,9524.812,9524.812,10159.543,3986.423,6365.532,3049.015,223.275,516.080,0.000,0.000,5.559,0.000
894,320.777,9844.041,9844.041,10239.086,3974.554,6466.534,3043.992,206.570,516.356,0.000,0.000,5.551,0.000
895,321.144,9693.071,9693.071,10321.541,3962.685,6569.488,3038.958,190.857,516.613,0.000,0.000,5.543,0.000
896,321.511,9786.428,9786.428,10406.731,3950.816,6674.256,3033.914,176.100,516.844,0.000,0.000,5.535,0.000
897,321.878,10037.638,10037.638,10494.466,3938.947,6780.687,3028.858,162.265,517.046,0.000,0.000,5.527,0.000
898,322.245,10001.246,10001.246,10584.542,3927.078,6888.621,3023.789,149.316,517.215,0.000,0.000,5.520,0.000
899,322.613,9857.532,9857.532,10676.746,3915.209,6997.885,3018.705,137.216,517.347,0.000,0.000,5.512,0.000
900,322.980,10184.221,10184.221,10770.854,3903.340,7108.297,3013.607,125.928,517.438,0.000,0.000,5.504,0.000
901,323.347,10306.103,10306.103,10866.630,3891.471,7219.664,3008.492,115.414,517.483,0.000,0.000,5.496,0.000
902,323.714,10637.755,10637.755,10963.829,3879.602,7331.782,3003.360,105.638,517.479,0.000,0.000,5.489,0.000
903,324.081,10312.767,10312.767,11062.198,3867.733,7444.439,2998.211,96.563,517.424,0.000,0.000,5.481,0.000
904,324.448,10572.584,10572.584,11161.473,3855.864,7557.411,2993.043,88.151,517.313,0.000,0.000,5.473,0.000
905,324.815,10633.880,10633.880,11261.383,3843.995,7670.467,2987.856,80.368,517.145,0.000,0.000,5.466,0.000
906,325.182,10814.904,10814.904,11361.650,3832.126,7783.369,2982.650,73.177,516.916,0.000,0.000,5.458,0.000
907,325.549,10596.069,10596.069,11461.991,3820.257,7895.869,2977.424,66.544,516.623,0.000,0.000,5.451,0.000
908,325.916,10771.101,10771.101,11562.114,3808.388,8007.713,2972.177,60.435,516.265,0.000,0.000,5.444,0.000
909,326.283,11123.092,11123.092,11661.725,3796.519,8118.640,2966.910,54.819,515.840,0.000,0.000,5.436,0.000
910,326.650,10977.841,10977.841,11760.526,3784.650,8228.386,2961.621,49.663,515.346,0.000,0.000,5.429,0.000
911,327.017,11382.590,11382.590,11858.213,3772.781,8336.681,2956.311,44.937,514.782,0.000,0.000,5.422,0.000
912,327.384,11461.242,11461.242,11954.484,3760.912,8443.251,2950.980,40.612,514.146,0.000,0.000,5.415,0.000
913,327.751,11354.330,11354.330,12049.033,3749.043,8547.820,2945.627,36.661,513.438,0.000,0.000,5.408,0.000
914,328.118,11487.776,11487.776,12141.556,3737.174,8650.110,2940.253,33.056,512.658,0.000,0.000,5.401,0.000
915,328.485,11693.684,11693.684,12231.749,3725.305,8749.843,2934.857,29.773,511.804,0.000,0.000,5.394,0.000
916,328.852,11879.171,11879.171,12319.310,3713.436,8846.741,2929.439,26.786,510.877,0.000,0.000,5.387,0.000
917,329.219,12040.003,12040.003,12403.941,3701.567,8940.528,2924.000,24.075,509.878,0.000,0.000,5.380,0.000
918,329.586,11888.297,11888.297,12485.347,3689.698,9030.931,2918.540,21.616,508.807,0.000,0.000,5.373,0.000
919,329.953,12178.131,12178.131,12563.239,3677.828,9117.681,2913.059,19.391,507.664,0.000,0.000,5.367,0.000
920,330.320,12175.480,12175.480,12637.337,3665.959,9200.511,2907.556,17.379,506.451,0.000,0.000,5.360,0.000
921,330.687,12541.183,12541.183,12707.364,3654.090,9279.165,2902.033,15.564,505.170,0.000,0.000,5.353,0.000
922,331.054,12576.309,12576.309,12773.055,3642.221,9353.391,2896.489,13.928,503.821,0.000,0.000,5.347,0.000
923,331.420,12734.319,12734.319,12834.154,3630.352,9422.947,2890.926,12.456,502.407,0.000,0.000,5.340,0.000
924,331.787,12680.238,12680.238,12890.417,3618.483,9487.599,2885.342,11.134,500.929,0.000,0.000,5.334,0.000
925,332.154,12853.825,12853.825,12941.609,3606.614,9547.126,2879.739,9.948,499.391,0.000,0.000,5.328,0.000
926,332.521,12750.450,12750.450,12987.512,3594.745,9601.317,2874.116,8.886,497.794,0.000,0.000,5.321,0.000
927,332.888,12870.361,12870.361,13027.918,3582.876,9649.974,2868.475,7.936,496.140,0.000,0.000,5.315,0.000
928,333.255,13046.199,13046.199,13062.636,3571.007,9692.913,2862.815,7.088,494.434,0.000,0.000,5.309,0.000
929,333.622,13228.945,13228.945,13091.492,3559.138,9729.965,2857.138,6.332,492.677,0.000,0.000,5.302,0.000
930,333.989,13326.275,13326.275,13114.325,3547.269,9760.976,2851.442,5.659,490.873,0.000,0.000,5.296,0.000
931,334.356,13132.207,13132.207,13130.994,3535.400,9785.811,2845.729,5.061,489.025,0.000,0.000,5.290,0.000
932,334.722,13415.062,13415.062,13141.375,3523.531,9804.347,2840.000,4.530,487.136,0.000,0.000,5.284,0.000
933,335.089,13525.741,13525.741,13145.363,3511.662,9816.485,2834.254,4.060,485.210,0.000,0.000,5.278,0.000
934,335.456,13612.355,13612.355,13142.872,3499.793,9822.139,2828.492,3.644,483.250,0.000,0.000,5.272,0.000
935,335.823,13651.141,13651.141,13133.836,3487.924,9821.245,2822.714,3.276,481.258,0.000,0.000,5.266,0.000
936,336.190,13467.372,13467.372,13118.207,3476.055,9813.758,2816.920,2.952,479.240,0.000,0.000,5.260,0.000
937,336.557,13508.203,13508.203,13095.959,3464.186,9799.652,2811.112,2.666,477.198,0.000,0.000,5.254,0.000
938,336.923,13638.078,13638.078,13067.087,3452.317,9778.922,2805.289,2.415,475.135,0.000,0.000,5.248,0.000
939,337.290,14205.671,14205.671,13031.604,3440.448,9751.581,2799.452,2.195,473.056,0.000,0.000,5.242,0.000
940,337.657,13596.655,13596.655,12989.545,3428.579,9717.665,2793.602,2.003,470.963,0.000,0.000,5.236,0.000
941,338.024,13667.594,13667.594,12940.964,3416.710,9677.227,2787.737,1.834,468.860,0.000,0.000,5.230,0.000
942,338.390,13728.275,13728.275,12885.937,3404.841,9630.341,2781.859,1.687,466.749,0.000,0.000,5.225,0.000
943,338.757,14069.609,14069.609,12824.559,3392.972,9577.101,2775.969,1.559,464.635,0.000,0.000,5.219,0.000
944,339.124,13769.806,13769.806,12756.942,3381.103,9517.620,2770.066,1.448,462.520,0.000,0.000,5.213,0.000
945,339.491,14114.640,14114.640,12683.220,3369.234,9452.028,2764.151,1.352,460.407,0.000,0.000,5.207,0.000
946,339.858,13840.500,13840.500,12603.544,3357.365,9380.476,2758.224,1.269,458.299,0.000,0.000,5.201,0.000
947,340.224,14196.134,14196.134,12518.081,3345.496,9303.130,2752.285,1.197,456.198,0.000,0.000,5.195,0.000
948,340.591,13774.470,13774.470,12427.017,3333.627,9220.174,2746.335,1.136,454.108,0.000,0.000,5.189,0.000
949,340.958,14092.381,14092.381,12330.551,3321.758,9131.807,2740.373,1.084,452.030,0.000,0.000,5.183,0.000
950,341.324,13933.216,13933.216,12228.901,3309.889,9038.242,2734.401,1.039,449.967,0.000,0.000,5.177,0.000
951,341.691,14142.485,14142.485,12122.295,3298.020,8939.709,2728.419,1.002,447.920,0.000,0.000,5.171,0.000
952,342.058,13701.583,13701.583,12010.976,3286.151,8836.447,2722.426,0.971,445.893,0.000,0.000,5.164,0.000
953,342.425,13652.611,13652.611,11895.198,3274.282,8728.710,2716.423,0.946,443.886,0.000,0.000,5.158,0.000
954,342.791,13743.600,13743.600,11775.225,3262.413,8616.762,2710.410,0.925,441.901,0.000,0.000,5.152,0.000
955,343.158,13793.614,13793.614,11651.331,3250.544,8500.874,2704.388,0.909,439.940,0.000,0.000,5.146,0.000
956,343.525,13882.745,13882.745,11523.798,3238.675,8381.327,2698.357,0.896,438.004,0.000,0.000,5.139,0.000
957,343.891,13711.845,13711.845,11392.915,3226.806,8258.410,2692.317,0.888,436.094,0.000,0.000,5.133,0.000
958,344.258,13663.300,13663.300,11258.976,3214.937,8132.416,2686.268,0.882,434.211,0.000,0.000,5.126,0.000
959,344.625,13582.393,13582.393,11122.280,3203.068,8003.642,2680.211,0.879,432.355,0.000,0.000,5.119,0.000
960,344.991,13604.558,13604.558,10983.128,3191.199,7872.389,2674.145,0.879,430.529,0.000,0.000,5.112,0.000
961,345.358,13422.773,13422.773,10841.823,3179.330,7738.960,2668.072,0.882,428.731,0.000,0.000,5.106,0.000
962,345.725,13308.259,13308.259,10698.669,3167.461,7603.657,2661.991,0.886,426.963,0.000,0.000,5.098,0.000
963,346.091,13192.698,13192.698,10553.968,3155.592,7466.783,2655.903,0.893,425.225,0.000,0.000,5.091,0.000
964,346.458,13411.161,13411.161,10408.021,3143.723,7328.637,2649.807,0.902,423.517,0.000,0.000,5.084,0.000
965,346.825,13007.750,13007.750,10261.124,3131.854,7189.517,2643.706,0.913,421.839,0.000,0.000,5.076,0.000
966,347.191,12906.921,12906.921,10113.570,3119.985,7049.714,2637.598,0.926,420.191,0.000,0.000,5.069,0.000
967,347.558,12849.613,12849.613,9965.647,3108.116,6909.517,2631.484,0.941,418.572,0.000,0.000,5.061,0.000
968,347.925,12747.906,12747.906,9817.635,3096.247,6769.205,2625.364,0.958,416.983,0.000,0.000,5.053,0.000
969,348.291,12599.711,12599.711,9669.807,3084.378,6629.052,2619.239,0.977,415.423,0.000,0.000,5.045,0.000
970,348.658,12516.794,12516.794,9522.428,3072.509,6489.322,2613.109,0.997,413.891,0.000,0.000,5.037,0.000
971,349.024,12521.083,12521.083,9375.752,3060.639,6350.270,2606.974,1.020,412.388,0.000,0.000,5.028,0.000
972,349.391,12601.070,12601.070,9230.025,3048.770,6212.142,2600.835,1.045,410.912,0.000,0.000,5.019,0.000
973,349.758,12405.019,12405.019,9085.481,3036.901,6075.171,2594.693,1.072,409.462,0.000,0.000,5.010,0.000
974,350.124,12035.817,12035.817,8942.343,3025.032,5939.583,2588.547,1.101,408.039,0.000,0.000,5.001,0.000
975,350.491,11949.189,11949.189,8800.822,3013.163,5805.587,2582.398,1.132,406.642,0.000,0.000,4.992,0.000
976,350.857,11998.828,11998.828,8661.116,3001.294,5673.382,2576.246,1.165,405.269,0.000,0.000,4.982,0.000
977,351.224,11699.896,11699.896,8523.411,2989.425,5543.155,2570.093,1.201,403.919,0.000,0.000,4.972,0.000
978,351.591,11698.880,11698.880,8387.881,2977.556,5415.078,2563.937,1.239,402.593,0.000,0.000,4.962,0.000
979,351.957,11422.472,11422.472,8254.683,2965.687,5289.312,2557.780,1.280,401.288,0.000,0.000,4.952,0.000
980,352.324,11300.336,11300.336,8123.965,2953.818,5166.002,2551.623,1.323,400.005,0.000,0.000,4.941,0.000
981,352.690,11328.353,11328.353,7995.858,2941.949,5045.281,2545.464,1.369,398.743,0.000,0.000,4.930,0.000
982,353.057,11168.701,11168.701,7870.481,2930.080,4927.268,2539.306,1.418,397.499,0.000,0.000,4.919,0.000
983,353.423,10961.781,10961.781,7747.940,2918.211,4812.069,2533.148,1.470,396.275,0.000,0.000,4.907,0.000
984,353.790,10743.861,10743.861,7628.326,2906.342,4699.777,2526.991,1.525,395.067,0.000,0.000,4.896,0.000
985,354.156,10738.566,10738.566,7511.719,2894.473,4590.471,2520.835,1.582,393.877,0.000,0.000,4.883,0.000
986,354.523,10508.982,10508.982,7398.184,2882.604,4484.217,2514.680,1.643,392.703,0.000,0.000,4.871,0.000
987,354.889,10547.098,10547.098,7287.776,2870.735,4381.069,2508.528,1.707,391.544,0.000,0.000,4.858,0.000
988,355.256,10344.198,10344.198,7180.535,2858.866,4281.069,2502.378,1.775,390.399,0.000,0.000,4.845,0.000
989,355.622,10148.060,10148.060,7076.491,2846.997,4184.247,2496.230,1.845,389.268,0.000,0.000,4.832,0.000
990,355.989,10047.098,10047.098,6975.663,2835.128,4090.622,2490.086,1.920,388.149,0.000,0.000,4.818,0.000
991,356.355,9653.077,9653.077,6878.058,2823.259,4000.201,2483.944,1.997,387.043,0.000,0.000,4.804,0.000
992,356.722,9663.733,9663.733,6783.674,2811.390,3912.983,2477.807,2.079,385.947,0.000,0.000,4.789,0.000
993,357.088,9469.065,9469.065,6692.498,2799.521,3828.956,2471.673,2.164,384.863,0.000,0.000,4.775,0.000
994,357.455,9256.635,9256.635,6604.509,2787.652,3748.097,2465.543,2.253,383.788,0.000,0.000,4.759,0.000
995,357.821,9469.876,9469.876,6519.676,2775.783,3670.378,2459.418,2.345,382.722,0.000,0.000,4.744,0.000
996,358.188,9214.283,9214.283,6437.961,2763.914,3595.761,2453.298,2.442,381.665,0.000,0.000,4.728,0.000
997,358.554,8996.912,8996.912,6359.320,2752.045,3524.200,2447.182,2.542,380.616,0.000,0.000,4.712,0.000
998,358.921,8941.290,8941.290,6283.700,2740.176,3455.645,2441.071,2.646,379.575,0.000,0.000,4.695,0.000
999,359.287,8759.443,8759.443,6211.042,2728.307,3390.037,2434.965,2.754,378.540,0.000,0.000,4.678,0.000
1000,359.654,8654.695,8654.695,6141.283,2716.438,3327.312,2428.865,2.866,377.512,0.000,0.000,4.661,0.000
1001,360.020,8407.187,8407.187,6074.355,2704.569,3267.404,2422.770,2.982,376.490,0.000,0.000,4.643,0.000
1002,360.387,8304.312,8304.312,6010.185,2692.700,3210.238,2416.680,3.102,375.473,0.000,0.000,4.625,0.000
1003,360.753,8173.842,8173.842,5948.695,2680.831,3155.739,2410.595,3.226,374.461,0.000,0.000,4.606,0.000
1004,361.120,8112.145,8112.145,5889.806,2668.962,3103.828,2404.516,3.354,373.455,0.000,0.000,4.587,0.000
1005,361.486,7997.617,7997.617,5833.435,2657.093,3054.422,2398.442,3.485,372.452,0.000,0.000,4.568,0.000
1006,361.852,7938.388,7938.388,5779.498,2645.224,3007.438,2392.373,3.620,371.453,0.000,0.000,4.548,0.000
1007,362.219,7728.415,7728.415,5727.909,2633.355,2962.789,2386.309,3.759,370.458,0.000,0.000,4.528,0.000
1008,362.585,7548.503,7548.503,5678.580,2621.486,2920.388,2380.251,3.901,369.467,0.000,0.000,4.508,0.000
1009,362.952,7796.298,7796.298,5631.423,2609.617,2880.149,2374.197,4.047,368.478,0.000,0.000,4.487,0.000
1010,363.318,7317.057,7317.057,5586.350,2597.748,2841.982,2368.149,4.196,367.492,0.000,0.000,4.466,0.000
1011,363.685,7329.757,7329.757,5543.273,2585.879,2805.802,2362.104,4.348,366.509,0.000,0.000,4.444,0.000
1012,364.051,7019.228,7019.228,5502.103,2574.010,2771.519,2356.065,4.504,365.528,0.000,0.000,4.422,0.000
1013,364.417,7110.113,7110.113,5462.753,2562.141,2739.048,2350.029,4.662,364.549,0.000,0.000,4.400,0.000
1014,364.784,7050.105,7050.105,5425.139,2550.272,2708.304,2343.997,4.823,363.572,0.000,0.000,4.377,0.000
1015,365.150,6995.097,6995.097,5389.175,2538.403,2679.202,2337.969,4.987,362.597,0.000,0.000,4.354,0.000
1016,365.516,6700.417,6700.417,5354.778,2526.534,2651.660,2331.945,5.153,361.624,0.000,0.000,4.331,0.000
1017,365.883,6645.106,6645.106,5321.867,2514.665,2625.599,2325.923,5.321,360.652,0.000,0.000,4.308,0.000
1018,366.249,6478.258,6478.258,5290.364,2502.796,2600.939,2319.904,5.492,359.682,0.000,0.000,4.284,0.000
1019,366.616,6423.761,6423.761,5260.192,2490.927,2577.604,2313.888,5.663,358.713,0.000,0.000,4.260,0.000
1020,366.982,6317.447,6317.447,5231.276,2479.058,2555.522,2307.873,5.837,357.745,0.000,0.000,4.235,0.000
1021,367.348,6375.380,6375.380,5203.544,2467.189,2534.620,2301.860,6.011,356.779,0.000,0.000,4.210,0.000
1022,367.715,6078.222,6078.222,5176.927,2455.320,2514.830,2295.848,6.186,355.813,0.000,0.000,4.185,0.000
1023,368.081,6018.904,6018.904,5151.358,2443.450,2496.087,2289.837,6.362,354.849,0.000,0.000,4.160,0.000
1024,368.447,5897.725,5897.725,5126.774,2431.581,2478.327,2283.826,6.539,353.885,0.000,0.000,4.134,0.000
1025,368.814,5809.976,5809.976,5103.113,2419.712,2461.490,2277.814,6.715,352.923,0.000,0.000,4.109,0.000
1026,369.180,5881.357,5881.357,5080.316,2407.843,2445.518,2271.801,6.891,351.961,0.000,0.000,4.083,0.000
1027,369.547,5878.902,5878.902,5058.329,2395.974,2430.357,2265.786,7.066,351.001,0.000,0.000,4.057,0.000
1028,369.913,5778.276,5778.276,5037.099,2384.105,2415.955,2259.769,7.241,350.041,0.000,0.000,4.030,0.000
1029,370.279,5737.070,5737.070,5016.574,2372.236,2402.264,2253.749,7.414,349.082,0.000,0.000,4.004,0.000
1030,370.646,5447.509,5447.509,4996.709,2360.367,2389.236,2247.725,7.585,348.124,0.000,0.000,3.977,0.000
1031,371.012,5667.353,5667.353,4977.459,2348.498,2376.828,2241.696,7.755,347.168,0.000,0.000,3.950,0.000
1032,371.378,5438.626,5438.626,4958.780,2336.629,2365.000,2235.662,7.922,346.211,0.000,0.000,3.923,0.000
1033,371.745,5310.809,5310.809,4940.635,2324.760,2353.713,2229.621,8.087,345.256,0.000,0.000,3.896,0.000
1034,372.111,5347.049,5347.049,4922.986,2312.891,2342.932,2223.573,8.249,344.302,0.000,0.000,3.869,0.000
1035,372.477,5226.697,5226.697,4905.799,2301.022,2332.623,2217.517,8.407,343.349,0.000,0.000,3.842,0.000
1036,372.843,5132.570,5132.570,4889.041,2289.153,2322.756,2211.452,8.562,342.396,0.000,0.000,3.814,0.000
1037,373.210,5027.590,5027.590,4872.684,2277.284,2313.303,2205.376,8.713,341.445,0.000,0.000,3.787,0.000
1038,373.576,5080.621,5080.621,4856.698,2265.415,2304.237,2199.288,8.859,340.494,0.000,0.000,3.759,0.000
1039,373.942,4974.171,4974.171,4841.060,2253.546,2295.534,2193.188,9.001,339.545,0.000,0.000,3.732,0.000
1040,374.309,5023.916,5023.916,4825.745,2241.677,2287.172,2187.073,9.138,338.596,0.000,0.000,3.705,0.000
1041,374.675,4980.311,4980.311,4810.731,2229.808,2279.132,2180.943,9.270,337.649,0.000,0.000,3.677,0.000
1042,375.041,4890.600,4890.600,4796.000,2217.939,2271.396,2174.797,9.396,336.702,0.000,0.000,3.650,0.000
1043,375.408,4828.395,4828.395,4781.533,2206.070,2263.946,2168.632,9.516,335.757,0.000,0.000,3.622,0.000
1044,375.774,4912.106,4912.106,4767.314,2194.201,2256.769,2162.448,9.630,334.812,0.000,0.000,3.595,0.000
1045,376.140,4792.059,4792.059,4753.328,2182.332,2249.851,2156.243,9.738,333.869,0.000,0.000,3.568,0.000
1046,376.506,4791.142,4791.142,4739.562,2170.463,2243.181,2150.015,9.840,332.927,0.000,0.000,3.541,0.000
1047,376.873,4698.251,4698.251,4726.004,2158.594,2236.749,2143.762,9.934,331.986,0.000,0.000,3.514,0.000
1048,377.239,4602.884,4602.884,4712.644,2146.725,2230.547,2137.484,10.022,331.046,0.000,0.000,3.487,0.000
1049,377.605,4773.854,4773.854,4699.472,2134.856,2224.566,2131.178,10.102,330.107,0.000,0.000,3.460,0.000
1050,377.972,4612.968,4612.968,4686.480,2122.987,2218.801,2124.842,10.175,329.169,0.000,0.000,3.433,0.000
1051,378.338,4606.202,4606.202,4673.661,2111.118,2213.247,2118.476,10.241,328.232,0.000,0.000,3.406,0.000
1052,378.704,4523.818,4523.818,4661.009,2099.249,2207.899,2112.076,10.298,327.297,0.000,0.000,3.380,0.000
1053,379.070,4644.998,4644.998,4648.518,2087.380,2202.755,2105.641,10.349,326.362,0.000,0.000,3.354,0.000
1054,379.437,4632.277,4632.277,4636.186,2075.511,2197.811,2099.169,10.391,325.429,0.000,0.000,3.328,0.000
1055,379.803,4609.778,4609.778,4624.007,2063.642,2193.066,2092.659,10.425,324.496,0.000,0.000,3.302,0.000
1056,380.169,4575.586,4575.586,4611.979,2051.773,2188.521,2086.107,10.451,323.565,0.000,0.000,3.276,0.000
1057,380.535,4449.469,4449.469,4600.100,2039.904,2184.173,2079.513,10.470,322.635,0.000,0.000,3.251,0.000
1058,380.902,4458.557,4458.557,4588.368,2028.035,2180.024,2072.874,10.480,321.706,0.000,0.000,3.226,0.000
1059,381.268,4506.590,4506.590,4576.783,2016.166,2176.075,2066.189,10.482,320.779,0.000,0.000,3.201,0.000
1060,381.634,4393.622,4393.622,4565.343,2004.297,2172.327,2059.454,10.477,319.852,0.000,0.000,3.176,0.000
1061,382.000,4491.867,4491.867,4554.048,1992.428,2168.782,2052.669,10.463,318.926,0.000,0.000,3.151,0.000
1062,382.367,4594.528,4594.528,4542.899,1980.559,2165.442,2045.830,10.442,318.002,0.000,0.000,3.127,0.000
1063,382.733,4429.395,4429.395,4531.896,1968.690,2162.309,2038.937,10.413,317.078,0.000,0.000,3.103,0.000
1064,383.099,4357.336,4357.336,4521.039,1956.821,2159.386,2031.987,10.376,316.156,0.000,0.000,3.079,0.000
1065,383.465,4424.481,4424.481,4510.330,1944.952,2156.675,2024.977,10.332,315.234,0.000,0.000,3.056,0.000
1066,383.831,4468.621,4468.621,4499.769,1933.083,2154.179,2017.907,10.281,314.314,0.000,0.000,3.032,0.000
1067,384.198,4437.792,4437.792,4489.358,1921.214,2151.902,2010.774,10.222,313.394,0.000,0.000,3.009,0.000
1068,384.564,4531.916,4531.916,4479.097,1909.345,2149.846,2003.577,10.157,312.476,0.000,0.000,2.986,0.000
1069,384.930,4414.003,4414.003,4468.988,1897.476,2148.013,1996.313,10.085,311.558,0.000,0.000,2.964,0.000
1070,385.296,4444.776,4444.776,4459.032,1885.607,2146.407,1988.980,10.006,310.642,0.000,0.000,2.942,0.000
1071,385.663,4504.771,4504.771,4449.230,1873.738,2145.029,1981.577,9.921,309.726,0.000,0.000,2.920,0.000
1072,386.029,4265.975,4265.975,4439.582,1861.869,2143.883,1974.103,9.831,308.812,0.000,0.000,2.898,0.000
1073,386.395,4441.315,4441.315,4430.090,1850.000,2142.971,1966.555,9.734,307.898,0.000,0.000,2.877,0.000
1074,386.761,4353.302,4353.302,4420.753,1838.130,2142.293,1958.932,9.632,306.986,0.000,0.000,2.855,0.000
1075,387.127,4502.984,4502.984,4411.572,1826.261,2141.851,1951.233,9.525,306.074,0.000,0.000,2.835,0.000
1076,387.494,4361.300,4361.300,4402.548,1814.392,2141.647,1943.456,9.414,305.163,0.000,0.000,2.814,0.000
1077,387.860,4480.272,4480.272,4393.679,1802.523,2141.681,1935.599,9.297,304.253,0.000,0.000,2.794,0.000
1078,388.226,4464.460,4464.460,4384.964,1790.654,2141.953,1927.663,9.177,303.344,0.000,0.000,2.773,0.000
1079,388.592,4444.238,4444.238,4376.404,1778.785,2142.463,1919.645,9.053,302.435,0.000,0.000,2.754,0.000
1080,388.958,4465.565,4465.565,4367.995,1766.916,2143.209,1911.545,8.925,301.528,0.000,0.000,2.734,0.000
1081,389.324,4394.397,4394.397,4359.736,1755.047,2144.190,1903.362,8.794,300.621,0.000,0.000,2.715,0.000
1082,389.691,4438.249,4438.249,4351.624,1743.178,2145.405,1895.095,8.660,299.715,0.000,0.000,2.696,0.000
1083,390.057,4535.782,4535.782,4343.657,1731.309,2146.849,1886.744,8.524,298.810,0.000,0.000,2.677,0.000
1084,390.423,4381.044,4381.044,4335.831,1719.440,2148.521,1878.307,8.385,297.906,0.000,0.000,2.658,0.000
1085,390.789,4322.325,4322.325,4328.141,1707.571,2150.414,1869.786,8.245,297.002,0.000,0.000,2.640,0.000
1086,391.155,4455.404,4455.404,4320.583,1695.702,2152.526,1861.179,8.103,296.100,0.000,0.000,2.622,0.000
1087,391.522,4370.733,4370.733,4323.898,1694.580,2159.926,1857.427,7.962,295.919,0.000,0.000,2.611,0.000
1088,391.888,4361.086,4361.086,4327.333,1693.457,2167.531,1853.590,7.819,295.739,0.000,0.000,2.600,0.000
1089,392.254,4468.929,4468.929,4330.882,1692.334,2175.335,1849.668,7.676,295.560,0.000,0.000,2.590,0.000
1090,392.620,4497.439,4497.439,4334.538,1691.212,2183.328,1845.663,7.532,295.382,0.000,0.000,2.580,0.000
1091,392.986,4450.367,4450.367,4338.292,1690.089,2191.503,1841.573,7.389,295.204,0.000,0.000,2.570,0.000
1092,393.352,4384.557,4384.557,4342.137,1688.967,2199.849,1837.401,7.246,295.027,0.000,0.000,2.561,0.000
1093,393.719,4424.405,4424.405,4346.063,1687.844,2208.357,1833.146,7.104,294.851,0.000,0.000,2.551,0.000
1094,394.085,4204.232,4204.232,4350.059,1686.721,2217.016,1828.811,6.963,294.675,0.000,0.000,2.542,0.000
1095,394.451,4391.142,4391.142,4354.117,1685.599,2225.812,1824.395,6.823,294.501,0.000,0.000,2.533,0.000
1096,394.817,4361.068,4361.068,4358.224,1684.476,2234.735,1819.901,6.685,294.327,0.000,0.000,2.524,0.000
1097,395.183,4478.246,4478.246,4362.369,1683.353,2243.769,1815.329,6.549,294.154,0.000,0.000,2.515,0.000
1098,395.549,4346.088,4346.088,4366.539,1682.231,2252.902,1810.682,6.414,293.981,0.000,0.000,2.507,0.000
1099,395.916,4330.282,4330.282,4370.722,1681.108,2262.118,1805.961,6.282,293.810,0.000,0.000,2.498,0.000
1100,396.282,4324.080,4324.080,4374.903,1679.986,2271.401,1801.168,6.152,293.639,0.000,0.000,2.490,0.000
1101,396.648,4504.080,4504.080,4379.070,1678.863,2280.735,1796.305,6.025,293.469,0.000,0.000,2.482,0.000
1102,397.014,4504.499,4504.499,4383.206,1677.740,2290.104,1791.375,5.901,293.300,0.000,0.000,2.474,0.000
1103,397.380,4340.636,4340.636,4387.298,1676.618,2299.489,1786.378,5.780,293.132,0.000,0.000,2.467,0.000
1104,397.746,4302.646,4302.646,4391.330,1675.495,2308.873,1781.319,5.662,292.965,0.000,0.000,2.459,0.000
1105,398.113,4285.844,4285.844,4395.285,1674.373,2318.236,1776.199,5.548,292.798,0.000,0.000,2.451,0.000
1106,398.479,4496.194,4496.194,4399.148,1673.250,2327.561,1771.021,5.437,292.633,0.000,0.000,2.444,0.000
1107,398.845,4427.951,4427.951,4402.902,1672.127,2336.827,1765.788,5.329,292.468,0.000,0.000,2.437,0.000
1108,399.211,4444.958,4444.958,4406.530,1671.005,2346.015,1760.503,5.226,292.304,0.000,0.000,2.430,0.000
1109,399.577,4201.878,4201.878,4410.015,1669.882,2355.105,1755.168,5.126,292.142,0.000,0.000,2.423,0.000
1110,399.943,4454.684,4454.684,4413.340,1668.759,2364.075,1749.787,5.030,291.980,0.000,0.000,2.416,0.000
1111,400.309,4370.185,4370.185,4416.488,1667.637,2372.906,1744.363,4.938,291.820,0.000,0.000,2.409,0.000
1112,400.676,4405.870,4405.870,4419.440,1666.514,2381.578,1738.898,4.849,291.660,0.000,0.000,2.403,0.000
1113,401.042,4341.522,4341.522,4422.181,1665.392,2390.068,1733.397,4.765,291.502,0.000,0.000,2.396,0.000
1114,401.408,4259.464,4259.464,4424.692,1664.269,2398.358,1727.862,4.685,291.345,0.000,0.000,2.390,0.000
1115,401.774,4484.020,4484.020,4426.956,1663.146,2406.425,1722.297,4.609,291.190,0.000,0.000,2.384,0.000
1116,402.140,4394.598,4394.598,4428.957,1662.024,2414.251,1716.705,4.536,291.036,0.000,0.000,2.377,0.000
1117,402.506,4554.983,4554.983,4430.678,1660.901,2421.814,1711.090,4.468,290.883,0.000,0.000,2.371,0.000
1118,402.872,4361.098,4361.098,4432.102,1659.779,2429.095,1705.455,4.403,290.732,0.000,0.000,2.365,0.000
1119,403.238,4226.524,4226.524,4433.214,1658.656,2436.074,1699.803,4.343,290.582,0.000,0.000,2.359,0.000
1120,403.605,4285.864,4285.864,4433.998,1657.533,2442.733,1694.139,4.286,290.434,0.000,0.000,2.353,0.000
1121,403.971,4422.077,4422.077,4434.439,1656.411,2449.054,1688.465,4.233,290.288,0.000,0.000,2.348,0.000
1122,404.337,4206.183,4206.183,4434.524,1655.288,2455.017,1682.786,4.183,290.144,0.000,0.000,2.342,0.000
1123,404.703,4355.654,4355.654,4434.238,1654.165,2460.607,1677.103,4.137,290.002,0.000,0.000,2.336,0.000
1124,405.069,4299.429,4299.429,4433.568,1653.043,2465.806,1671.422,4.095,289.863,0.000,0.000,2.331,0.000
1125,405.435,4313.508,4313.508,4432.502,1651.920,2470.600,1665.745,4.056,289.725,0.000,0.000,2.325,0.000
1126,405.801,4345.816,4345.816,4431.030,1650.798,2474.973,1660.076,4.020,289.590,0.000,0.000,2.320,0.000
1127,406.168,4400.374,4400.374,4429.140,1649.675,2478.912,1654.417,3.987,289.458,0.000,0.000,2.314,0.000
1128,406.534,4341.007,4341.007,4426.823,1648.552,2482.404,1648.774,3.956,289.329,0.000,0.000,2.309,0.000
1129,406.900,4350.851,4350.851,4424.071,1647.430,2485.437,1643.147,3.929,289.202,0.000,0.000,2.304,0.000
1130,407.266,4286.653,4286.653,4420.876,1646.307,2488.001,1637.541,3.905,289.079,0.000,0.000,2.298,0.000
1131,407.632,4466.192,4466.192,4417.232,1645.184,2490.086,1631.959,3.882,288.960,0.000,0.000,2.293,0.000
1132,407.998,4477.437,4477.437,4413.133,1644.062,2491.684,1626.404,3.862,288.844,0.000,0.000,2.288,0.000
1133,408.364,4247.818,4247.818,4408.576,1642.939,2492.787,1620.878,3.845,288.732,0.000,0.000,2.283,0.000
1134,408.730,4310.711,4310.711,4403.557,1641.817,2493.390,1615.384,3.829,288.624,0.000,0.000,2.278,0.000
1135,409.097,4225.627,4225.627,4398.076,1640.694,2493.489,1609.926,3.815,288.521,0.000,0.000,2.273,0.000
1136,409.463,4206.830,4206.830,4392.130,1639.571,2493.079,1604.506,3.803,288.423,0.000,0.000,2.268,0.000
1137,409.829,4373.056,4373.056,4385.721,1638.449,2492.159,1599.125,3.792,288.330,0.000,0.000,2.263,0.000
1138,410.195,4266.162,4266.162,4378.852,1637.326,2490.729,1593.788,3.782,288.242,0.000,0.000,2.259,0.000
1139,410.561,4111.682,4111.682,4371.525,1636.204,2488.790,1588.495,3.774,288.161,0.000,0.000,2.254,0.000
1140,410.927,4088.922,4088.922,4363.744,1635.081,2486.342,1583.250,3.767,288.085,0.000,0.000,2.249,0.000
1141,411.293,4284.622,4284.622,4355.516,1633.958,2483.390,1578.053,3.760,288.016,0.000,0.000,2.245,0.000
1142,411.659,4237.202,4237.202,4346.847,1632.836,2479.938,1572.908,3.754,287.955,0.000,0.000,2.240,0.000
1143,412.026,4163.879,4163.879,4337.746,1631.713,2475.994,1567.817,3.748,287.901,0.000,0.000,2.235,0.000
1144,412.392,4118.582,4118.582,4328.221,1630.590,2471.562,1562.779,3.743,287.854,0.000,0.000,2.231,0.000
1145,412.758,4135.808,4135.808,4318.285,1629.468,2466.654,1557.799,3.738,287.817,0.000,0.000,2.226,0.000
1146,413.124,4201.875,4201.875,4307.947,1628.345,2461.278,1552.876,3.733,287.788,0.000,0.000,2.222,0.000
1147,413.490,4172.689,4172.689,4297.222,1627.223,2455.445,1548.012,3.728,287.769,0.000,0.000,2.217,0.000
1148,413.856,4050.417,4050.417,4286.123,1626.100,2449.169,1543.208,3.722,287.760,0.000,0.000,2.213,0.000
1149,414.222,4188.580,4188.580,4274.665,1624.977,2442.461,1538.467,3.716,287.762,0.000,0.000,2.208,0.000
1150,414.588,4098.046,4098.046,4262.864,1623.855,2435.338,1533.787,3.709,287.775,0.000,0.000,2.204,0.000
1151,414.954,4046.921,4046.921,4250.738,1622.732,2427.814,1529.171,3.702,287.800,0.000,0.000,2.200,0.000
1152,415.321,4167.425,4167.425,4238.303,1621.610,2419.905,1524.620,3.694,287.837,0.000,0.000,2.196,0.000
1153,415.687,4146.086,4146.086,4225.579,1620.487,2411.631,1520.133,3.685,287.888,0.000,0.000,2.191,0.000
1154,416.053,4134.735,4134.735,4212.585,1619.364,2403.008,1515.711,3.674,287.953,0.000,0.000,2.187,0.000
1155,416.419,4076.940,4076.940,4199.341,1618.242,2394.057,1511.355,3.663,288.033,0.000,0.000,2.183,0.000
1156,416.785,4015.027,4015.027,4185.869,1617.119,2384.796,1507.065,3.650,288.128,0.000,0.000,2.179,0.000
1157,417.151,3894.752,3894.752,4172.190,1615.996,2375.247,1502.842,3.636,288.239,0.000,0.000,2.175,0.000
1158,417.517,4032.718,4032.718,4158.326,1614.874,2365.432,1498.685,3.621,288.367,0.000,0.000,2.171,0.000
1159,417.883,4058.993,4058.993,4144.299,1613.751,2355.371,1494.594,3.604,288.513,0.000,0.000,2.167,0.000
1160,418.250,4049.802,4049.802,4130.133,1612.629,2345.088,1490.569,3.586,288.677,0.000,0.000,2.163,0.000
1161,418.616,3904.597,3904.597,4115.852,1611.506,2334.604,1486.611,3.566,288.861,0.000,0.000,2.159,0.000
1162,418.982,3847.654,3847.654,4101.478,1610.383,2323.944,1482.718,3.544,289.065,0.000,0.000,2.155,0.000
1163,419.348,4006.032,4006.032,4087.035,1609.261,2313.131,1478.892,3.521,289.290,0.000,0.000,2.151,0.000
1164,419.714,3955.731,3955.731,4072.549,1608.138,2302.188,1475.130,3.496,289.538,0.000,0.000,2.147,0.000
1165,420.080,3866.914,3866.914,4058.043,1607.015,2291.140,1471.432,3.469,289.808,0.000,0.000,2.143,0.000
1166,420.446,4125.305,4125.305,4043.541,1605.893,2280.010,1467.799,3.441,290.102,0.000,0.000,2.139,0.000
1167,420.812,3981.728,3981.728,4029.067,1604.770,2268.821,1464.229,3.411,290.420,0.000,0.000,2.136,0.000
1168,421.179,3914.234,3914.234,4014.647,1603.648,2257.600,1460.722,3.379,290.764,0.000,0.000,2.132,0.000
1169,421.545,3913.043,3913.043,4000.303,1602.525,2246.368,1457.277,3.345,291.135,0.000,0.000,2.128,0.000
1170,421.911,3935.288,3935.288,3986.059,1601.402,2235.150,1453.892,3.310,291.533,0.000,0.000,2.124,0.000
1171,422.277,3890.249,3890.249,3971.940,1600.280,2223.969,1450.568,3.273,291.959,0.000,0.000,2.121,0.000
1172,422.643,3813.433,3813.433,3957.969,1599.157,2212.850,1447.304,3.234,292.414,0.000,0.000,2.117,0.000
1173,423.009,3759.774,3759.774,3944.168,1598.035,2201.814,1444.098,3.194,292.899,0.000,0.000,2.114,0.000
1174,423.375,3943.343,3943.343,3930.560,1596.912,2190.885,1440.949,3.152,293.414,0.000,0.000,2.110,0.000
1175,423.741,3716.973,3716.973,3917.167,1595.789,2180.084,1437.856,3.108,293.962,0.000,0.000,2.107,0.000
1176,424.108,3805.271,3805.271,3904.012,1594.667,2169.435,1434.819,3.063,294.541,0.000,0.000,2.103,0.000
1177,424.474,3737.501,3737.501,3891.115,1593.544,2158.958,1431.836,3.017,295.154,0.000,0.000,2.100,0.000
1178,424.840,3756.237,3756.237,3878.497,1592.421,2148.674,1428.906,2.969,295.800,0.000,0.000,2.096,0.000
1179,425.206,3738.449,3738.449,3866.178,1591.299,2138.604,1426.028,2.920,296.481,0.000,0.000,2.093,0.000
1180,425.572,3833.058,3833.058,3854.177,1590.176,2128.768,1423.202,2.870,297.198,0.000,0.000,2.090,0.000
1181,425.938,3597.048,3597.048,3842.514,1589.054,2119.185,1420.424,2.819,297.950,0.000,0.000,2.087,0.000
1182,426.304,3675.615,3675.615,3831.207,1587.931,2109.874,1417.695,2.767,298.738,0.000,0.000,2.083,0.000
1183,426.671,3736.580,3736.580,3820.274,1586.808,2100.853,1415.014,2.713,299.563,0.000,0.000,2.080,0.000
1184,427.037,3744.697,3744.697,3809.731,1585.686,2092.140,1412.379,2.659,300.425,0.000,0.000,2.077,0.000
1185,427.403,3746.947,3746.947,3799.594,1584.563,2083.752,1409.789,2.604,301.326,0.000,0.000,2.074,0.000
1186,427.769,3713.062,3713.062,3789.879,1583.441,2075.705,1407.242,2.548,302.264,0.000,0.000,2.071,0.000
1187,428.135,3669.174,3669.174,3780.601,1582.318,2068.014,1404.738,2.492,303.240,0.000,0.000,2.068,0.000
1188,428.501,3763.139,3763.139,3771.775,1581.195,2060.695,1402.276,2.435,304.255,0.000,0.000,2.065,0.000
1189,428.867,3654.330,3654.330,3763.412,1580.073,2053.762,1399.854,2.377,305.308,0.000,0.000,2.062,0.000
1190,429.234,3791.186,3791.186,3755.527,1578.950,2047.228,1397.471,2.319,306.400,0.000,0.000,2.059,0.000
1191,429.600,3718.280,3718.280,3748.130,1577.827,2041.107,1395.126,2.261,307.530,0.000,0.000,2.056,0.000
1192,429.966,3750.411,3750.411,3741.233,1576.705,2035.412,1392.818,2.203,308.698,0.000,0.000,2.053,0.000
1193,430.332,3679.194,3679.194,3734.847,1575.582,2030.152,1390.546,2.145,309.904,0.000,0.000,2.050,0.000
1194,430.698,3769.222,3769.222,3728.980,1574.460,2025.341,1388.308,2.086,311.148,0.000,0.000,2.047,0.000
1195,431.064,3771.998,3771.998,3723.642,1573.337,2020.988,1386.103,2.028,312.429,0.000,0.000,2.045,0.000
1196,431.430,3620.348,3620.348,3718.841,1572.214,2017.102,1383.932,1.969,313.746,0.000,0.000,2.042,0.000
1197,431.797,3644.781,3644.781,3714.584,1571.092,2013.693,1381.791,1.911,315.100,0.000,0.000,2.039,0.000
1198,432.163,3726.734,3726.734,3710.879,1569.969,2010.770,1379.681,1.854,316.488,0.000,0.000,2.037,0.000
1199,432.529,3711.187,3711.187,3707.730,1568.847,2008.340,1377.600,1.796,317.911,0.000,0.000,2.034,0.000
1200,432.895,3535.190,3535.190,3705.144,1567.724,2006.410,1375.547,1.739,319.366,0.000,0.000,2.032,0.000
1201,433.261,3739.255,3739.255,3703.124,1566.601,2004.987,1373.522,1.683,320.854,0.000,0.000,2.029,0.000
1202,433.627,3688.016,3688.016,3701.674,1565.479,2004.076,1371.523,1.627,322.372,0.000,0.000,2.027,0.000
1203,433.994,3765.075,3765.075,3700.798,1564.356,2003.683,1369.550,1.572,323.920,0.000,0.000,2.024,0.000
1204,434.360,3754.307,3754.307,3700.498,1563.233,2003.813,1367.601,1.517,325.495,0.000,0.000,2.022,0.000
1205,434.726,3786.671,3786.671,3700.775,1562.111,2004.470,1365.676,1.463,327.097,0.000,0.000,2.020,0.000
1206,435.092,3793.209,3793.209,3701.630,1560.988,2005.656,1363.774,1.410,328.723,0.000,0.000,2.017,0.000
1207,435.458,3718.726,3718.726,3703.063,1559.866,2007.375,1361.894,1.358,330.372,0.000,0.000,2.015,0.000
1208,435.824,3608.013,3608.013,3705.074,1558.743,2009.629,1360.035,1.307,332.041,0.000,0.000,2.013,0.000
1209,436.191,3780.342,3780.342,3707.662,1557.620,2012.420,1358.196,1.257,333.729,0.000,0.000,2.011,0.000
1210,436.557,3720.262,3720.262,3710.824,1556.498,2015.748,1356.377,1.207,335.434,0.000,0.000,2.008,0.000
1211,436.923,3537.967,3537.967,3714.557,1555.375,2019.613,1354.577,1.159,337.152,0.000,0.000,2.006,0.000
1212,437.289,3749.284,3749.284,3718.859,1554.252,2024.015,1352.796,1.112,338.882,0.000,0.000,2.004,0.000
1213,437.655,3738.638,3738.638,3723.725,1553.130,2028.954,1351.032,1.066,340.622,0.000,0.000,2.002,0.000
1214,438.021,3681.318,3681.318,3729.150,1552.007,2034.426,1349.285,1.021,342.368,0.000,0.000,2.000,0.000
1215,438.388,3731.511,3731.511,3735.128,1550.885,2040.431,1347.555,0.977,344.118,0.000,0.000,1.998,0.000
1216,438.754,3833.044,3833.044,3741.653,1549.762,2046.964,1345.841,0.934,345.869,0.000,0.000,1.996,0.000
1217,439.120,3633.708,3633.708,3748.718,1548.639,2054.022,1344.142,0.893,347.619,0.000,0.000,1.994,0.000
1218,439.486,3794.470,3794.470,3756.315,1547.517,2061.600,1342.458,0.853,349.364,0.000,0.000,1.992,0.000
1219,439.852,3827.950,3827.950,3764.435,1546.394,2069.693,1340.788,0.813,351.101,0.000,0.000,1.990,0.000
1220,440.219,3677.973,3677.973,3773.069,1545.272,2078.296,1339.132,0.775,352.828,0.000,0.000,1.988,0.000
1221,440.585,3740.248,3740.248,3782.205,1544.149,2087.400,1337.490,0.739,354.541,0.000,0.000,1.987,0.000
1222,440.951,3762.510,3762.510,3791.835,1543.026,2097.000,1335.861,0.703,356.238,0.000,0.000,1.985,0.000
1223,441.317,3738.044,3738.044,3801.944,1541.904,2107.085,1334.245,0.669,357.914,0.000,0.000,1.983,0.000
1224,441.683,3912.761,3912.761,3812.522,1540.781,2117.649,1332.641,0.635,359.567,0.000,0.000,1.981,0.000
1225,442.050,3792.057,3792.057,3823.554,1539.658,2128.679,1331.050,0.603,361.194,0.000,0.000,1.979,0.000
1226,442.416,3874.016,3874.016,3835.026,1538.536,2140.166,1329.470,0.572,362.791,0.000,0.000,1.978,0.000
1227,442.782,3935.242,3935.242,3846.923,1537.413,2152.098,1327.902,0.543,364.355,0.000,0.000,1.976,0.000
1228,443.148,3817.468,3817.468,3859.230,1536.291,2164.463,1326.346,0.514,365.884,0.000,0.000,1.974,0.000
1229,443.514,3832.095,3832.095,3871.930,1535.168,2177.247,1324.802,0.487,367.373,0.000,0.000,1.973,0.000
1230,443.881,3937.606,3937.606,3885.004,1534.045,2190.437,1323.268,0.460,368.820,0.000,0.000,1.971,0.000
1231,444.247,3880.287,3880.287,3898.436,1532.923,2204.016,1321.746,0.435,370.221,0.000,0.000,1.969,0.000
1232,444.613,3901.561,3901.561,3912.206,1531.800,2217.970,1320.235,0.411,371.574,0.000,0.000,1.968,0.000
1233,444.979,3859.445,3859.445,3926.295,1530.678,2232.281,1318.736,0.387,372.876,0.000,0.000,1.966,0.000
1234,445.346,3988.815,3988.815,3940.681,1529.555,2246.932,1317.247,0.365,374.123,0.000,0.000,1.965,0.000
1235,445.712,4029.690,4029.690,3955.344,1528.432,2261.905,1315.770,0.344,375.313,0.000,0.000,1.963,0.000
1236,446.078,3928.824,3928.824,3970.261,1527.310,2277.180,1314.304,0.324,376.443,0.000,0.000,1.962,0.000
1237,446.444,4039.238,4039.238,3985.410,1526.187,2292.736,1312.850,0.305,377.511,0.000,0.000,1.960,0.000
1238,446.810,3873.121,3873.121,4000.768,1525.064,2308.554,1311.407,0.286,378.514,0.000,0.000,1.958,0.000
1239,447.177,3994.136,3994.136,4016.310,1523.942,2324.610,1309.976,0.269,379.449,0.000,0.000,1.957,0.000
1240,447.543,3931.824,3931.824,4032.011,1522.819,2340.883,1308.558,0.252,380.314,0.000,0.000,1.955,0.000
1241,447.909,4101.232,4101.232,4047.847,1521.697,2357.349,1307.151,0.237,381.108,0.000,0.000,1.954,0.000
1242,448.275,3916.466,3916.466,4063.790,1520.574,2373.983,1305.758,0.222,381.827,0.000,0.000,1.952,0.000
1243,448.642,4072.498,4072.498,4079.816,1519.451,2390.761,1304.377,0.207,382.471,0.000,0.000,1.951,0.000
1244,449.008,4104.344,4104.344,4095.897,1518.329,2407.657,1303.010,0.194,383.038,0.000,0.000,1.950,0.000
1245,449.374,4177.834,4177.834,4112.005,1517.206,2424.645,1301.657,0.181,383.525,0.000,0.000,1.948,0.000
1246,449.740,3962.568,3962.568,4128.113,1516.084,2441.698,1300.318,0.169,383.932,0.000,0.000,1.947,0.000
1247,450.107,4152.242,4152.242,4144.192,1514.961,2458.789,1298.994,0.158,384.258,0.000,0.000,1.945,0.000
1248,450.473,4129.981,4129.981,4160.214,1513.838,2475.889,1297.686,0.147,384.501,0.000,0.000,1.944,0.000
1249,450.839,4249.835,4249.835,4176.151,1512.716,2492.969,1296.394,0.137,384.660,0.000,0.000,1.942,0.000
1250,451.206,4107.393,4107.393,4191.973,1511.593,2510.002,1295.119,0.128,384.736,0.000,0.000,1.941,0.000
1251,451.572,4119.968,4119.968,4207.651,1510.470,2526.957,1293.861,0.119,384.726,0.000,0.000,1.940,0.000
1252,451.938,4218.767,4218.767,4223.156,1509.348,2543.805,1292.622,0.110,384.632,0.000,0.000,1.938,0.000
1253,452.304,4222.485,4222.485,4238.459,1508.225,2560.516,1291.402,0.103,384.454,0.000,0.000,1.937,0.000
1254,452.671,4281.844,4281.844,4253.530,1507.103,2577.060,1290.202,0.095,384.190,0.000,0.000,1.935,0.000
1255,453.037,4443.052,4443.052,4268.342,1505.980,2593.407,1289.023,0.088,383.841,0.000,0.000,1.934,0.000
1256,453.403,4354.272,4354.272,4282.864,1504.857,2609.526,1287.867,0.082,383.409,0.000,0.000,1.932,0.000
1257,453.769,4277.903,4277.903,4297.069,1503.735,2625.387,1286.734,0.076,382.893,0.000,0.000,1.931,0.000
1258,454.136,4330.826,4330.826,4310.928,1502.612,2640.961,1285.625,0.070,382.294,0.000,0.000,1.930,0.000
1259,454.502,4319.320,4319.320,4324.413,1501.489,2656.216,1284.542,0.065,381.614,0.000,0.000,1.928,0.000
1260,454.868,4306.795,4306.795,4337.498,1500.367,2671.124,1283.486,0.060,380.853,0.000,0.000,1.927,0.000
1261,455.235,4207.747,4207.747,4350.155,1499.244,2685.655,1282.459,0.055,380.013,0.000,0.000,1.925,0.000
1262,455.601,4372.246,4372.246,4362.358,1498.122,2699.779,1281.461,0.051,379.096,0.000,0.000,1.924,0.000
1263,455.967,4202.013,4202.013,4374.083,1496.999,2713.468,1280.495,0.047,378.102,0.000,0.000,1.922,0.000
1264,456.334,4518.518,4518.518,4385.304,1495.876,2726.695,1279.562,0.043,377.035,0.000,0.000,1.921,0.000
1265,456.700,4443.151,4443.151,4395.998,1494.754,2739.431,1278.664,0.040,375.895,0.000,0.000,1.920,0.000
1266,457.066,4350.616,4350.616,4406.142,1493.631,2751.651,1277.803,0.036,374.685,0.000,0.000,1.918,0.000
1267,457.433,4328.334,4328.334,4415.714,1492.509,2763.327,1276.981,0.033,373.408,0.000,0.000,1.917,0.000
1268,457.799,4326.210,4326.210,4424.694,1491.386,2774.435,1276.200,0.031,372.065,0.000,0.000,1.915,0.000
1269,458.165,4394.978,4394.978,4433.063,1490.263,2784.951,1275.462,0.028,370.660,0.000,0.000,1.914,0.000
1270,458.532,4319.271,4319.271,4440.801,1489.141,2794.852,1274.769,0.026,369.194,0.000,0.000,1.912,0.000
1271,458.898,4476.586,4476.586,4447.892,1488.018,2804.115,1274.124,0.024,367.671,0.000,0.000,1.911,0.000
1272,459.264,4291.133,4291.133,4454.321,1486.895,2812.720,1273.530,0.022,366.093,0.000,0.000,1.910,0.000
1273,459.631,4412.168,4412.168,4460.073,1485.773,2820.647,1272.988,0.020,364.463,0.000,0.000,1.908,0.000
1274,459.997,4433.634,4433.634,4465.136,1484.650,2827.877,1272.502,0.018,362.784,0.000,0.000,1.907,0.000
1275,460.363,4406.394,4406.394,4469.498,1483.528,2834.394,1272.076,0.016,361.060,0.000,0.000,1.905,0.000
1276,460.730,4260.775,4260.775,4473.150,1482.405,2840.181,1271.711,0.015,359.292,0.000,0.000,1.904,0.000
1277,461.096,4305.041,4305.041,4476.084,1481.282,2845.224,1271.412,0.014,357.485,0.000,0.000,1.902,0.000
1278,461.462,4357.933,4357.933,4478.293,1480.160,2849.510,1271.181,0.012,355.642,0.000,0.000,1.901,0.000
1279,461.829,4405.661,4405.661,4479.773,1479.037,2853.028,1271.022,0.011,353.765,0.000,0.000,1.899,0.000
1280,462.195,4422.665,4422.665,4480.521,1477.915,2855.768,1270.940,0.010,351.858,0.000,0.000,1.898,0.000
1281,462.561,4375.396,4375.396,4480.535,1476.792,2857.722,1270.937,0.009,349.923,0.000,0.000,1.896,0.000
1282,462.928,4465.396,4465.396,4479.817,1475.669,2858.882,1271.019,0.008,347.966,0.000,0.000,1.895,0.000
1283,463.294,4363.118,4363.118,4478.369,1474.547,2859.245,1271.188,0.008,345.987,0.000,0.000,1.893,0.000
1284,463.661,4313.485,4313.485,4476.194,1473.424,2858.806,1271.451,0.007,343.991,0.000,0.000,1.892,0.000
1285,464.027,4463.385,4463.385,4473.300,1472.301,2857.565,1271.811,0.006,341.981,0.000,0.000,1.890,0.000
1286,464.393,4318.063,4318.063,4469.693,1471.179,2855.519,1272.273,0.006,339.960,0.000,0.000,1.889,0.000
1287,464.760,4225.408,4225.408,4465.384,1470.056,2852.673,1272.842,0.005,337.930,0.000,0.000,1.887,0.000
1288,465.126,4356.835,4356.835,4460.384,1468.934,2849.027,1273.524,0.005,335.895,0.000,0.000,1.885,0.000
1289,465.493,4271.129,4271.129,4454.706,1467.811,2844.589,1274.324,0.004,333.858,0.000,0.000,1.884,0.000
1290,465.859,4420.976,4420.976,4448.366,1466.688,2839.363,1275.247,0.004,331.822,0.000,0.000,1.882,0.000
1291,466.225,4358.042,4358.042,4441.379,1465.566,2833.359,1276.300,0.003,329.789,0.000,0.000,1.881,0.000
1292,466.592,4419.161,4419.161,4433.765,1464.443,2826.585,1277.488,0.003,327.762,0.000,0.000,1.879,0.000
1293,466.958,4326.787,4326.787,4425.543,1463.320,2819.053,1278.819,0.003,325.744,0.000,0.000,1.878,0.000
1294,467.325,4385.461,4385.461,4416.736,1462.198,2810.777,1280.297,0.002,323.737,0.000,0.000,1.876,0.000
1295,467.691,4429.313,4429.313,4407.367,1461.075,2801.769,1281.930,0.002,321.743,0.000,0.000,1.875,0.000
1296,468.058,4257.995,4257.995,4397.460,1459.953,2792.047,1283.726,0.002,319.766,0.000,0.000,1.873,0.000
1297,468.424,4300.864,4300.864,4387.043,1458.830,2781.626,1285.690,0.002,317.807,0.000,0.000,1.871,0.000
1298,468.790,4302.852,4302.852,4376.143,1457.707,2770.525,1287.830,0.002,315.868,0.000,0.000,1.870,0.000
1299,469.157,4181.779,4181.779,4364.788,1456.585,2758.765,1290.155,0.001,313.952,0.000,0.000,1.868,0.000
1300,469.523,4207.521,4207.521,4353.011,1455.462,2746.365,1292.671,0.001,312.060,0.000,0.000,1.867,0.000
1301,469.890,4369.305,4369.305,4340.842,1454.340,2733.349,1295.386,0.001,310.194,0.000,0.000,1.865,0.000
1302,470.256,4233.100,4233.100,4328.315,1453.217,2719.738,1298.309,0.001,308.356,0.000,0.000,1.863,0.000
1303,470.623,4294.319,4294.319,4315.462,1452.094,2705.557,1301.449,0.001,306.547,0.000,0.000,1.862,0.000
1304,470.989,4165.168,4165.168,4302.320,1450.972,2690.831,1304.812,0.001,304.769,0.000,0.000,1.860,0.000
1305,471.356,4261.830,4261.830,4288.925,1449.849,2675.586,1308.409,0.001,303.023,0.000,0.000,1.859,0.000
1306,471.722,4103.366,4103.366,4275.312,1448.726,2659.849,1312.248,0.001,301.311,0.000,0.000,1.857,0.000
1307,472.089,4151.094,4151.094,4261.519,1447.604,2643.646,1316.337,0.001,299.633,0.000,0.000,1.856,0.000
1308,472.455,4123.364,4123.364,4247.585,1446.481,2627.007,1320.687,0.001,297.990,0.000,0.000,1.854,0.000
1309,472.822,4201.780,4201.780,4233.547,1445.359,2609.958,1325.306,0.000,296.384,0.000,0.000,1.852,0.000
1310,473.188,4105.856,4105.856,4219.446,1444.236,2592.529,1330.204,0.000,294.814,0.000,0.000,1.851,0.000
1311,473.554,4148.517,4148.517,4205.320,1443.113,2574.750,1335.390,0.000,293.283,0.000,0.000,1.849,0.000
1312,473.921,4195.409,4195.409,4191.209,1441.991,2556.650,1340.874,0.000,291.790,0.000,0.000,1.848,0.000
1313,474.288,4091.731,4091.731,4177.153,1440.868,2538.259,1346.666,0.000,290.336,0.000,0.000,1.846,0.000
1314,474.654,4136.077,4136.077,4163.192,1439.746,2519.606,1352.774,0.000,288.921,0.000,0.000,1.845,0.000
1315,475.021,3986.740,3986.740,4149.366,1438.623,2500.721,1359.210,0.000,287.545,0.000,0.000,1.843,0.000
1316,475.387,4006.508,4006.508,4135.714,1437.500,2481.635,1365.982,0.000,286.209,0.000,0.000,1.842,0.000
1317,475.754,4020.898,4020.898,4122.276,1436.378,2462.376,1373.100,0.000,284.913,0.000,0.000,1.840,0.000
1318,476.120,4050.304,4050.304,4109.091,1435.255,2442.975,1380.574,0.000,283.656,0.000,0.000,1.839,0.000
1319,476.487,3869.892,3869.892,4096.198,1434.132,2423.461,1388.414,0.000,282.439,0.000,0.000,1.837,0.000
1320,476.853,3913.148,3913.148,4083.635,1433.010,2403.862,1396.628,0.000,281.262,0.000,0.000,1.836,0.000
1321,477.220,4025.362,4025.362,4071.441,1431.887,2384.208,1405.228,0.000,280.124,0.000,0.000,1.834,0.000
1322,477.586,4011.729,4011.729,4059.651,1430.765,2364.525,1414.221,0.000,279.025,0.000,0.000,1.833,0.000
1323,477.953,3943.812,3943.812,4048.302,1429.642,2344.842,1423.617,0.000,277.964,0.000,0.000,1.831,0.000
1324,478.319,3952.432,3952.432,4037.429,1428.519,2325.185,1433.425,0.000,276.942,0.000,0.000,1.830,0.000
1325,478.686,3979.246,3979.246,4027.067,1427.397,2305.581,1443.653,0.000,275.958,0.000,0.000,1.829,0.000
1326,479.053,3926.975,3926.975,4017.249,1426.274,2286.055,1454.310,0.000,275.010,0.000,0.000,1.827,0.000
1327,479.419,3971.439,3971.439,4008.007,1425.152,2266.631,1465.404,0.000,274.099,0.000,0.000,1.826,0.000
1328,479.786,3965.535,3965.535,3999.372,1424.029,2247.334,1476.942,0.000,273.225,0.000,0.000,1.825,0.000
1329,480.152,4016.795,4016.795,3991.374,1422.906,2228.186,1488.933,0.000,272.385,0.000,0.000,1.824,0.000
1330,480.519,3959.048,3959.048,3984.041,1421.784,2209.209,1501.382,0.000,271.581,0.000,0.000,1.823,0.000
1331,480.885,3970.570,3970.570,3977.401,1420.661,2190.425,1514.297,0.000,270.810,0.000,0.000,1.822,0.000
1332,481.252,3978.789,3978.789,3971.477,1419.538,2171.854,1527.684,0.000,270.073,0.000,0.000,1.820,0.000
1333,481.619,3810.798,3810.798,3966.295,1418.416,2153.515,1541.547,0.000,269.367,0.000,0.000,1.819,0.000
1334,481.985,3921.679,3921.679,3961.877,1417.293,2135.426,1555.892,0.000,268.694,0.000,0.000,1.818,0.000
1335,482.352,3929.564,3929.564,3958.244,1416.171,2117.605,1570.724,0.000,268.051,0.000,0.000,1.818,0.000
1336,482.718,4002.504,4002.504,3955.413,1415.048,2100.067,1586.045,0.000,267.439,0.000,0.000,1.817,0.000
1337,483.085,3841.894,3841.894,3953.404,1413.925,2082.827,1601.859,0.000,266.855,0.000,0.000,1.816,0.000
1338,483.452,3920.937,3920.937,3952.230,1412.803,2065.899,1618.169,0.000,266.300,0.000,0.000,1.815,0.000
1339,483.818,3922.952,3922.952,3951.906,1411.680,2049.297,1634.976,0.000,265.772,0.000,0.000,1.815,0.000
1340,484.185,4081.112,4081.112,3952.442,1410.557,2033.032,1652.280,0.000,265.270,0.000,0.000,1.814,0.000
1341,484.552,3948.577,3948.577,3953.850,1409.435,2017.114,1670.082,0.000,264.795,0.000,0.000,1.814,0.000
1342,484.918,3846.280,3846.280,3956.137,1408.312,2001.554,1688.380,0.000,264.344,0.000,0.000,1.813,0.000
1343,485.285,3992.680,3992.680,3959.308,1407.190,1986.359,1707.173,0.000,263.917,0.000,0.000,1.813,0.000
1344,485.652,3915.026,3915.026,3963.368,1406.067,1971.537,1726.458,0.000,263.513,0.000,0.000,1.813,0.000
1345,486.018,3841.399,3841.399,3968.318,1404.944,1957.096,1746.232,0.000,263.131,0.000,0.000,1.813,0.000
1346,486.385,4016.173,4016.173,3974.159,1403.822,1943.039,1766.489,0.000,262.771,0.000,0.000,1.813,0.000
1347,486.752,3985.061,3985.061,3980.888,1402.699,1929.373,1787.224,0.000,262.432,0.000,0.000,1.813,0.000
1348,487.118,4053.101,4053.101,3988.500,1401.577,1916.099,1808.430,0.000,262.112,0.000,0.000,1.813,0.000
1349,487.485,3925.267,3925.267,3996.991,1400.454,1903.221,1830.099,0.000,261.811,0.000,0.000,1.814,0.000
1350,487.852,3828.159,3828.159,4006.352,1399.331,1890.740,1852.223,0.000,261.529,0.000,0.000,1.814,0.000
1351,488.218,4073.436,4073.436,4016.572,1398.209,1878.656,1874.790,0.000,261.264,0.000,0.000,1.815,0.000
1352,488.585,4008.401,4008.401,4027.639,1397.086,1866.971,1897.791,0.000,261.015,0.000,0.000,1.816,0.000
1353,488.952,3919.035,3919.035,4039.540,1395.963,1855.682,1921.212,0.000,260.783,0.000,0.000,1.817,0.000
1354,489.319,3906.212,3906.212,4052.258,1394.841,1844.787,1945.040,0.000,260.565,0.000,0.000,1.819,0.000
1355,489.685,4083.095,4083.095,4065.774,1393.718,1834.285,1969.260,0.000,260.363,0.000,0.000,1.820,0.000
1356,490.052,4111.940,4111.940,4080.070,1392.596,1824.172,1993.857,0.000,260.173,0.000,0.000,1.822,0.000
1357,490.419,3946.536,3946.536,4095.123,1391.473,1814.443,2018.813,0.000,259.997,0.000,0.000,1.824,0.000
1358,490.785,3925.170,3925.170,4110.910,1390.350,1805.094,2044.109,0.000,259.834,0.000,0.000,1.826,0.000
1359,491.152,4079.548,4079.548,4127.404,1389.228,1796.120,2069.727,0.000,259.682,0.000,0.000,1.829,0.000
1360,491.519,4087.976,4087.976,4144.580,1388.105,1787.515,2095.646,0.000,259.541,0.000,0.000,1.832,0.000
1361,491.886,4178.873,4178.873,4162.407,1386.983,1779.271,2121.843,0.000,259.411,0.000,0.000,1.835,0.000
1362,492.253,3969.448,3969.448,4180.856,1385.860,1771.384,2148.296,0.000,259.291,0.000,0.000,1.838,0.000
1363,492.619,4091.643,4091.643,4199.893,1384.737,1763.844,2174.981,0.000,259.181,0.000,0.000,1.842,0.000
1364,492.986,4131.331,4131.331,4219.487,1383.615,1756.643,2201.872,0.000,259.079,0.000,0.000,1.846,0.000
1365,493.353,4185.565,4185.565,4239.601,1382.492,1749.775,2228.944,0.000,258.985,0.000,0.000,1.851,0.000
1366,493.720,4112.513,4112.513,4260.198,1381.369,1743.229,2256.168,0.000,258.899,0.000,0.000,1.856,0.000
1367,494.086,4149.210,4149.210,4281.241,1380.247,1736.997,2283.516,0.000,258.821,0.000,0.000,1.861,0.000
1368,494.453,4160.925,4160.925,4302.692,1379.124,1731.070,2310.959,0.000,258.749,0.000,0.000,1.867,0.000
1369,494.820,4180.941,4180.941,4324.508,1378.002,1725.439,2338.466,0.000,258.684,0.000,0.000,1.874,0.000
1370,495.187,4157.658,4157.658,4346.649,1376.879,1720.092,2366.006,0.000,258.624,0.000,0.000,1.880,0.000
1371,495.554,4161.074,4161.074,4369.073,1375.756,1715.021,2393.548,0.000,258.570,0.000,0.000,1.888,0.000
1372,495.920,4168.267,4168.267,4391.735,1374.634,1710.216,2421.057,0.000,258.520,0.000,0.000,1.896,0.000
1373,496.287,4217.096,4217.096,4414.592,1373.511,1705.666,2448.501,0.000,258.475,0.000,0.000,1.904,0.000
1374,496.654,4374.184,4374.184,4437.599,1372.388,1701.361,2475.844,0.000,258.435,0.000,0.000,1.914,0.000
1375,497.021,4386.477,4386.477,4460.710,1371.266,1697.290,2503.053,0.000,258.397,0.000,0.000,1.923,0.000
1376,497.388,4468.468,4468.468,4483.878,1370.143,1693.444,2530.091,0.000,258.363,0.000,0.000,1.934,0.000
1377,497.755,4393.484,4393.484,4507.057,1369.021,1689.811,2556.923,0.000,258.332,0.000,0.000,1.945,0.000
1378,498.122,4386.352,4386.352,4530.201,1367.898,1686.382,2583.511,0.000,258.304,0.000,0.000,1.957,0.000
1379,498.488,4481.407,4481.407,4553.260,1366.775,1683.146,2609.820,0.000,258.277,0.000,0.000,1.970,0.000
1380,498.855,4336.242,4336.242,4576.189,1365.653,1680.094,2635.813,0.000,258.252,0.000,0.000,1.984,0.000
1381,499.222,4408.800,4408.800,4598.938,1364.530,1677.214,2661.451,0.000,258.229,0.000,0.000,1.999,0.000
1382,499.589,4379.074,4379.074,4621.462,1363.408,1674.497,2686.698,0.000,258.206,0.000,0.000,2.015,0.000
1383,499.956,4524.502,4524.502,4643.712,1362.285,1671.933,2711.516,0.000,258.184,0.000,0.000,2.032,0.000
1384,500.323,4447.799,4447.799,4665.640,1361.162,1669.513,2735.869,0.000,258.163,0.000,0.000,2.049,0.000
1385,500.690,4452.597,4452.597,4687.201,1360.040,1667.226,2759.720,0.000,258.141,0.000,0.000,2.068,0.000
1386,501.057,4463.203,4463.203,4708.348,1358.917,1665.064,2783.030,0.000,258.120,0.000,0.000,2.088,0.000
1387,501.424,4564.538,4564.538,4729.035,1357.794,1663.017,2805.765,0.000,258.097,0.000,0.000,2.110,0.000
1388,501.791,4603.894,4603.894,4749.216,1356.672,1661.077,2827.888,0.000,258.073,0.000,0.000,2.132,0.000
1389,502.157,4399.169,4399.169,4768.848,1355.549,1659.234,2849.363,0.000,258.048,0.000,0.000,2.156,0.000
1390,502.524,4531.211,4531.211,4787.887,1354.427,1657.481,2870.157,0.000,258.022,0.000,0.000,2.182,0.000
1391,502.891,4406.463,4406.463,4806.290,1353.304,1655.808,2890.233,0.000,257.993,0.000,0.000,2.209,0.000
1392,503.258,4630.536,4630.536,4824.016,1352.181,1654.209,2909.561,0.000,257.963,0.000,0.000,2.237,0.000
1393,503.625,4657.364,4657.364,4841.024,1351.059,1652.676,2928.106,0.000,257.929,0.000,0.000,2.268,0.000
1394,503.992,4602.090,4602.090,4857.276,1349.936,1651.201,2945.837,0.000,257.893,0.000,0.000,2.299,0.000
1395,504.359,4740.044,4740.044,4872.734,1348.814,1649.778,2962.724,0.000,257.853,0.000,0.000,2.333,0.000
1396,504.726,4561.031,4561.031,4887.361,1347.691,1648.399,2978.737,0.000,257.810,0.000,0.000,2.369,0.000
1397,505.093,4603.985,4603.985,4901.122,1346.568,1647.058,2993.849,0.000,257.764,0.000,0.000,2.406,0.000
1398,505.460,4643.421,4643.421,4913.986,1345.446,1645.749,3008.033,0.000,257.713,0.000,0.000,2.446,0.000
1399,505.827,4673.003,4673.003,4925.919,1344.323,1644.466,3021.263,0.000,257.657,0.000,0.000,2.487,0.000
1400,506.194,4619.911,4619.911,4936.893,1343.200,1643.204,3033.515,0.000,257.597,0.000,0.000,2.531,0.000
1401,506.561,4605.354,4605.354,4946.879,1342.078,1641.957,3044.767,0.000,257.532,0.000,0.000,2.577,0.000
1402,506.928,4707.316,4707.316,4955.851,1340.955,1640.721,3054.997,0.000,257.462,0.000,0.000,2.626,0.000
1403,507.295,4861.680,4861.680,4963.681,1339.727,1639.443,3064.137,0.000,257.379,0.000,0.000,2.677,0.000
1404,507.662,4613.965,4613.965,4970.451,1338.499,1638.167,3072.218,0.000,257.290,0.000,0.000,2.730,0.000
1405,508.029,4721.369,4721.369,4976.141,1337.271,1636.888,3079.225,0.000,257.195,0.000,0.000,2.786,0.000
1406,508.396,4737.854,4737.854,4980.733,1336.043,1635.604,3085.144,0.000,257.094,0.000,0.000,2.845,0.000
1407,508.763,4710.048,4710.048,4984.213,1334.815,1634.310,3089.964,0.000,256.986,0.000,0.000,2.907,0.000
1408,509.130,4632.858,4632.858,4986.565,1333.587,1633.004,3093.672,0.000,256.871,0.000,0.000,2.972,0.000
1409,509.498,4693.160,4693.160,4987.779,1332.359,1631.682,3096.262,0.000,256.749,0.000,0.000,3.040,0.000
1410,509.865,4742.856,4742.856,4987.845,1331.131,1630.343,3097.726,0.000,256.619,0.000,0.000,3.111,0.000
1411,510.232,4751.898,4751.898,4986.757,1329.903,1628.985,3098.061,0.000,256.481,0.000,0.000,3.185,0.000
1412,510.599,4655.519,4655.519,4984.510,1328.675,1627.604,3097.262,0.000,256.335,0.000,0.000,3.263,0.000
1413,510.966,4546.705,4546.705,4981.101,1327.447,1626.200,3095.330,0.000,256.181,0.000,0.000,3.344,0.000
1414,511.333,4650.281,4650.281,4976.531,1326.219,1624.771,3092.267,0.000,256.019,0.000,0.000,3.429,0.000
1415,511.700,4742.082,4742.082,4970.801,1324.991,1623.316,3088.074,0.000,255.847,0.000,0.000,3.518,0.000
1416,512.067,4620.112,4620.112,4963.916,1323.762,1621.835,3082.759,0.000,255.666,0.000,0.000,3.610,0.000
1417,512.434,4574.442,4574.442,4955.882,1322.534,1620.326,3076.327,0.000,255.476,0.000,0.000,3.707,0.000
1418,512.802,4603.927,4603.927,4946.709,1321.306,1618.790,3068.789,0.000,255.277,0.000,0.000,3.807,0.000
1419,513.169,4564.158,4564.158,4936.406,1320.078,1617.225,3060.155,0.000,255.068,0.000,0.000,3.912,0.000
1420,513.536,4612.536,4612.536,4924.987,1318.850,1615.633,3050.439,0.000,254.848,0.000,0.000,4.021,0.000
1421,513.903,4522.275,4522.275,4912.467,1317.622,1614.013,3039.655,0.000,254.619,0.000,0.000,4.134,0.000
1422,514.270,4536.314,4536.314,4898.863,1316.394,1612.366,3027.821,0.000,254.379,0.000,0.000,4.252,0.000
1423,514.637,4410.685,4410.685,4884.195,1315.166,1610.693,3014.954,0.000,254.128,0.000,0.000,4.374,0.000
1424,515.004,4418.051,4418.051,4868.484,1313.938,1608.994,3001.076,0.000,253.867,0.000,0.000,4.501,0.000
1425,515.372,4598.589,4598.589,4851.752,1312.710,1607.270,2986.208,0.000,253.594,0.000,0.000,4.633,0.000
1426,515.739,4416.044,4416.044,4834.024,1311.482,1605.523,2970.375,0.000,253.311,0.000,0.000,4.770,0.000
1427,516.106,4509.099,4509.099,4815.328,1310.254,1603.754,2953.600,0.000,253.016,0.000,0.000,4.912,0.000
1428,516.473,4339.628,4339.628,4795.690,1309.026,1601.965,2935.912,0.000,252.710,0.000,0.000,5.059,0.000
1429,516.840,4355.091,4355.091,4775.142,1307.798,1600.156,2917.338,0.000,252.392,0.000,0.000,5.211,0.000
1430,517.208,4351.978,4351.978,4753.714,1306.570,1598.330,2897.908,0.000,252.062,0.000,0.000,5.368,0.000
1431,517.575,4324.321,4324.321,4731.440,1305.342,1596.489,2877.654,0.000,251.721,0.000,0.000,5.531,0.000
1432,517.942,4278.387,4278.387,4708.352,1304.114,1594.635,2856.607,0.000,251.367,0.000,0.000,5.699,0.000
1433,518.309,4457.117,4457.117,4684.488,1302.886,1592.769,2834.800,0.000,251.001,0.000,0.000,5.872,0.000
1434,518.677,4211.648,4211.648,4659.884,1301.658,1590.895,2812.269,0.000,250.624,0.000,0.000,6.051,0.000
1435,519.044,4330.093,4330.093,4634.576,1300.430,1589.013,2789.049,0.000,250.234,0.000,0.000,6.236,0.000
1436,519.411,4277.720,4277.720,4608.605,1299.201,1587.127,2765.175,0.000,249.832,0.000,0.000,6.426,0.000
1437,519.778,4295.120,4295.120,4582.010,1297.973,1585.238,2740.687,0.000,249.417,0.000,0.000,6.622,0.000
1438,520.146,4297.661,4297.661,4554.830,1296.745,1583.350,2715.621,0.000,248.990,0.000,0.000,6.824,0.000
1439,520.513,4265.328,4265.328,4527.109,1295.517,1581.465,2690.016,0.000,248.551,0.000,0.000,7.032,0.000
1440,520.880,4328.145,4328.145,4498.886,1294.289,1579.585,2663.912,0.000,248.099,0.000,0.000,7.245,0.000
1441,521.248,4175.508,4175.508,4470.206,1293.061,1577.713,2637.348,0.000,247.635,0.000,0.000,7.465,0.000
1442,521.615,4202.307,4202.307,4441.110,1291.833,1575.851,2610.365,0.000,247.158,0.000,0.000,7.690,0.000
1443,521.982,4135.190,4135.190,4411.642,1290.605,1574.003,2583.004,0.000,246.669,0.000,0.000,7.921,0.000
1444,522.350,4010.956,4010.956,4381.845,1289.377,1572.170,2555.304,0.000,246.168,0.000,0.000,8.158,0.000
1445,522.717,4157.782,4157.782,4351.763,1288.149,1570.355,2527.308,0.000,245.655,0.000,0.000,8.400,0.000
1446,523.084,4004.994,4004.994,4321.440,1286.921,1568.561,2499.057,0.000,245.129,0.000,0.000,8.649,0.000
1447,523.452,4203.478,4203.478,4290.920,1285.693,1566.790,2470.591,0.000,244.591,0.000,0.000,8.903,0.000
1448,523.819,3870.756,3870.756,4260.246,1284.465,1565.046,2441.951,0.000,244.041,0.000,0.000,9.163,0.000
1449,524.186,3918.669,3918.669,4229.462,1283.237,1563.329,2413.180,0.000,243.480,0.000,0.000,9.429,0.000
1450,524.554,3914.851,3914.851,4198.612,1282.009,1561.644,2384.317,0.000,242.906,0.000,0.000,9.700,0.000
1451,524.921,3770.536,3770.536,4167.738,1280.781,1559.992,2355.403,0.000,242.321,0.000,0.000,9.977,0.000
1452,525.289,3841.510,3841.510,4136.883,1279.553,1558.376,2326.478,0.000,241.725,0.000,0.000,10.259,0.000
1453,525.656,3714.609,3714.609,4106.089,1278.325,1556.798,2297.583,0.000,241.117,0.000,0.000,10.546,0.000
1454,526.023,3889.485,3889.485,4075.399,1277.097,1555.260,2268.757,0.000,240.498,0.000,0.000,10.839,0.000
1455,526.391,3763.654,3763.654,4044.853,1275.868,1553.766,2240.038,0.000,239.868,0.000,0.000,11.137,0.000
1456,526.758,4010.431,4010.431,4014.492,1274.640,1552.316,2211.465,0.000,239.227,0.000,0.000,11.440,0.000
1457,527.126,3746.555,3746.555,3984.357,1273.412,1550.913,2183.076,0.000,238.576,0.000,0.000,11.747,0.000
1458,527.493,3864.620,3864.620,3954.485,1272.184,1549.558,2154.908,0.000,237.915,0.000,0.000,12.059,0.000
1459,527.861,3833.799,3833.799,3924.916,1270.956,1548.255,2126.997,0.000,237.243,0.000,0.000,12.376,0.000
1460,528.228,3681.783,3681.783,3895.688,1269.728,1547.005,2099.380,0.000,236.562,0.000,0.000,12.697,0.000
1461,528.596,3803.126,3803.126,3866.837,1268.500,1545.809,2072.091,0.000,235.871,0.000,0.000,13.022,0.000
1462,528.963,3755.412,3755.412,3838.400,1267.272,1544.669,2045.164,0.000,235.170,0.000,0.000,13.351,0.000
1463,529.331,3658.208,3658.208,3810.411,1266.044,1543.587,2018.634,0.000,234.461,0.000,0.000,13.684,0.000
1464,529.698,3713.854,3713.854,3782.905,1264.816,1542.565,1992.533,0.000,233.743,0.000,0.000,14.019,0.000
1465,530.066,3706.042,3706.042,3755.915,1263.588,1541.603,1966.892,0.000,233.017,0.000,0.000,14.359,0.000
1466,530.433,3402.964,3402.964,3729.474,1262.360,1540.703,1941.742,0.000,232.282,0.000,0.000,14.701,0.000
1467,530.801,3581.638,3581.638,3703.612,1261.132,1539.867,1917.115,0.000,231.540,0.000,0.000,15.045,0.000
1468,531.168,3633.995,3633.995,3678.360,1259.904,1539.094,1893.039,0.000,230.790,0.000,0.000,15.392,0.000
1469,531.536,3597.951,3597.951,3653.749,1258.676,1538.387,1869.542,0.000,230.033,0.000,0.000,15.741,0.000
1470,531.903,3382.856,3382.856,3629.805,1257.448,1537.746,1846.653,0.000,229.270,0.000,0.000,16.092,0.000
1471,532.271,3464.301,3464.301,3606.558,1256.220,1537.172,1824.397,0.000,228.500,0.000,0.000,16.444,0.000
1472,532.638,3400.502,3400.502,3584.033,1254.992,1536.665,1802.802,0.000,227.723,0.000,0.000,16.798,0.000
1473,533.006,3446.163,3446.163,3562.255,1253.764,1536.226,1781.891,0.000,226.941,0.000,0.000,17.152,0.000
1474,533.373,3576.735,3576.735,3541.251,1252.536,1535.855,1761.690,0.000,226.154,0.000,0.000,17.506,0.000
1475,533.741,3475.311,3475.311,3521.043,1251.307,1535.554,1742.222,0.000,225.362,0.000,0.000,17.861,0.000
1476,534.109,3508.498,3508.498,3501.655,1250.079,1535.321,1723.510,0.000,224.565,0.000,0.000,18.215,0.000
1477,534.476,3504.003,3504.003,3483.108,1248.851,1535.157,1705.575,0.000,223.763,0.000,0.000,18.569,0.000
1478,534.844,3515.123,3515.123,3465.424,1247.623,1535.062,1688.438,0.000,222.958,0.000,0.000,18.921,0.000
1479,535.212,3392.166,3392.166,3448.623,1246.395,1535.035,1672.121,0.000,222.150,0.000,0.000,19.272,0.000
1480,535.579,3350.704,3350.704,3432.724,1245.167,1535.077,1656.643,0.000,221.338,0.000,0.000,19.621,0.000
1481,535.947,3576.586,3576.586,3417.746,1243.939,1535.187,1642.023,0.000,220.523,0.000,0.000,19.968,0.000
1482,536.314,3456.132,3456.132,3403.707,1242.711,1535.364,1628.280,0.000,219.706,0.000,0.000,20.313,0.000
1483,536.682,3446.603,3446.603,3390.625,1241.483,1535.608,1615.431,0.000,218.887,0.000,0.000,20.654,0.000
1484,537.050,3508.486,3508.486,3378.515,1240.255,1535.918,1603.494,0.000,218.066,0.000,0.000,20.992,0.000
1485,537.417,3435.697,3435.697,3367.394,1239.027,1536.293,1592.486,0.000,217.244,0.000,0.000,21.326,0.000
1486,537.785,3481.668,3481.668,3357.276,1237.799,1536.732,1582.423,0.000,216.421,0.000,0.000,21.656,0.000
1487,538.153,3587.886,3587.886,3348.178,1236.571,1537.234,1573.320,0.000,215.597,0.000,0.000,21.981,0.000
1488,538.521,3483.159,3483.159,3340.111,1235.343,1537.798,1565.193,0.000,214.774,0.000,0.000,22.301,0.000
1489,538.888,3506.351,3506.351,3333.091,1234.115,1538.423,1558.058,0.000,213.950,0.000,0.000,22.615,0.000
1490,539.256,3569.534,3569.534,3327.129,1232.887,1539.106,1551.927,0.000,213.127,0.000,0.000,22.924,0.000
1491,539.624,3626.946,3626.946,3322.239,1231.659,1539.847,1546.816,0.000,212.305,0.000,0.000,23.226,0.000
1492,539.991,3519.719,3519.719,3318.432,1230.431,1540.644,1542.738,0.000,211.485,0.000,0.000,23.521,0.000
1493,540.359,3570.811,3570.811,3315.720,1229.203,1541.494,1539.706,0.000,210.665,0.000,0.000,23.809,0.000
1494,540.727,3620.329,3620.329,3314.115,1227.974,1542.397,1537.734,0.000,209.848,0.000,0.000,24.090,0.000
1495,541.095,3513.779,3513.779,3313.626,1226.746,1543.350,1536.834,0.000,209.033,0.000,0.000,24.363,0.000
1496,541.463,3579.938,3579.938,3314.264,1225.518,1544.352,1537.019,0.000,208.221,0.000,0.000,24.627,0.000
1497,541.830,3467.881,3467.881,3316.039,1224.290,1545.399,1538.301,0.000,207.412,0.000,0.000,24.883,0.000
1498,542.198,3613.266,3613.266,3318.962,1223.062,1546.491,1540.691,0.000,206.605,0.000,0.000,25.130,0.000
1499,542.566,3745.572,3745.572,3323.041,1221.834,1547.624,1544.202,0.000,205.803,0.000,0.000,25.367,0.000
1500,542.934,3739.655,3739.655,3328.285,1220.606,1548.796,1548.845,0.000,205.004,0.000,0.000,25.594,0.000
1501,543.302,3768.936,3768.936,3334.703,1219.378,1550.005,1554.632,0.000,204.209,0.000,0.000,25.812,0.000
1502,543.669,3646.868,3646.868,3342.304,1218.150,1551.249,1561.573,0.000,203.419,0.000,0.000,26.019,0.000
1503,544.037,3686.953,3686.953,3351.096,1216.922,1552.523,1569.680,0.000,202.634,0.000,0.000,26.215,0.000
1504,544.405,3737.509,3737.509,3361.087,1215.694,1553.827,1578.962,0.000,201.853,0.000,0.000,26.400,0.000
1505,544.773,3861.447,3861.447,3372.284,1214.466,1555.157,1589.431,0.000,201.078,0.000,0.000,26.574,0.000
1506,545.141,3922.404,3922.404,3384.696,1213.238,1556.511,1601.096,0.000,200.308,0.000,0.000,26.736,0.000
1507,545.509,3900.504,3900.504,3398.328,1212.010,1557.885,1613.968,0.000,199.544,0.000,0.000,26.886,0.000
1508,545.877,4026.742,4026.742,3413.187,1210.782,1559.277,1628.056,0.000,198.785,0.000,0.000,27.024,0.000
1509,546.245,3921.455,3921.455,3429.281,1209.554,1560.684,1643.369,0.000,198.033,0.000,0.000,27.150,0.000
1510,546.612,4127.541,4127.541,3446.615,1208.326,1562.103,1659.917,0.000,197.288,0.000,0.000,27.264,0.000
1511,546.980,4057.438,4057.438,3465.196,1207.098,1563.530,1677.708,0.000,196.548,0.000,0.000,27.364,0.000
1512,547.348,4067.317,4067.317,3485.027,1205.870,1564.963,1696.751,0.000,195.816,0.000,0.000,27.452,0.000
1513,547.716,4011.693,4011.693,3506.115,1204.641,1566.399,1717.053,0.000,195.091,0.000,0.000,27.527,0.000
1514,548.084,4184.363,4184.363,3528.464,1203.413,1567.835,1738.623,0.000,194.372,0.000,0.000,27.589,0.000
1515,548.452,4089.880,4089.880,3552.079,1202.185,1569.268,1761.468,0.000,193.661,0.000,0.000,27.637,0.000
1516,548.820,4151.089,4151.089,3576.962,1200.957,1570.693,1785.594,0.000,192.958,0.000,0.000,27.672,0.000
1517,549.188,4172.810,4172.810,3603.117,1199.729,1572.110,1811.007,0.000,192.261,0.000,0.000,27.694,0.000
1518,549.556,4248.533,4248.533,3630.547,1198.501,1573.513,1837.714,0.000,191.573,0.000,0.000,27.702,0.000
1519,549.924,4501.029,4501.029,3659.254,1197.273,1574.901,1865.719,0.000,190.893,0.000,0.000,27.697,0.000
1520,550.292,4354.299,4354.299,3689.239,1196.045,1576.270,1895.026,0.000,190.220,0.000,0.000,27.678,0.000
1521,550.660,4397.058,4397.058,3720.502,1194.817,1577.616,1925.639,0.000,189.555,0.000,0.000,27.646,0.000
1522,551.028,4472.369,4472.369,3753.044,1193.589,1578.938,1957.562,0.000,188.899,0.000,0.000,27.600,0.000
1523,551.396,4588.981,4588.981,3786.864,1192.361,1580.232,1990.796,0.000,188.250,0.000,0.000,27.541,0.000
1524,551.764,4676.132,4676.132,3821.960,1191.133,1581.494,2025.342,0.000,187.610,0.000,0.000,27.469,0.000
1525,552.132,4458.348,4458.348,3858.330,1189.905,1582.723,2061.201,0.000,186.979,0.000,0.000,27.383,0.000
1526,552.500,4778.580,4778.580,3895.971,1188.677,1583.915,2098.372,0.000,186.355,0.000,0.000,27.284,0.000
1527,552.868,4688.466,4688.466,3934.878,1187.449,1585.066,2136.853,0.000,185.741,0.000,0.000,27.173,0.000
1528,553.236,4784.218,4784.218,3975.045,1186.221,1586.176,2176.642,0.000,185.134,0.000,0.000,27.048,0.000
1529,553.605,4882.734,4882.734,4016.467,1184.993,1587.240,2217.735,0.000,184.536,0.000,0.000,26.911,0.000
1530,553.973,5022.705,5022.705,4059.135,1183.765,1588.255,2260.126,0.000,183.947,0.000,0.000,26.761,0.000
1531,554.341,4944.315,4944.315,4103.041,1182.537,1589.221,2303.810,0.000,183.366,0.000,0.000,26.599,0.000
1532,554.709,5072.200,5072.200,4148.174,1181.309,1590.133,2348.778,0.000,182.793,0.000,0.000,26.425,0.000
1533,555.077,5095.837,5095.837,4194.524,1180.080,1590.989,2395.021,0.000,182.230,0.000,0.000,26.240,0.000
1534,555.445,5160.797,5160.797,4242.078,1178.852,1591.787,2442.529,0.000,181.674,0.000,0.000,26.042,0.000
1535,555.813,5177.912,5177.912,4290.822,1177.624,1592.525,2491.291,0.000,181.127,0.000,0.000,25.834,0.000
1536,556.182,5258.466,5258.466,4340.740,1176.396,1593.200,2541.291,0.000,180.589,0.000,0.000,25.614,0.000
1537,556.550,5203.825,5203.825,4391.815,1175.168,1593.811,2592.516,0.000,180.059,0.000,0.000,25.384,0.000
1538,556.918,5311.321,5311.321,4444.028,1173.940,1594.355,2644.948,0.000,179.537,0.000,0.000,25.143,0.000
1539,557.286,5457.645,5457.645,4497.360,1172.712,1594.831,2698.568,0.000,179.024,0.000,0.000,24.893,0.000
1540,557.654,5420.020,5420.020,4551.789,1171.484,1595.236,2753.357,0.000,178.519,0.000,0.000,24.632,0.000
1541,558.023,5563.069,5563.069,4607.291,1170.256,1595.569,2809.293,0.000,178.022,0.000,0.000,24.363,0.000
1542,558.391,5635.114,5635.114,4663.842,1169.028,1595.829,2866.351,0.000,177.533,0.000,0.000,24.084,0.000
1543,558.759,5713.211,5713.211,4721.413,1167.800,1596.013,2924.506,0.000,177.052,0.000,0.000,23.797,0.000
1544,559.127,5809.042,5809.042,4779.977,1166.572,1596.122,2983.730,0.000,176.580,0.000,0.000,23.501,0.000
1545,559.495,5872.555,5872.555,4839.504,1165.344,1596.153,3043.993,0.000,176.115,0.000,0.000,23.198,0.000
1546,559.864,5856.062,5856.062,4899.960,1164.116,1596.105,3105.264,0.000,175.658,0.000,0.000,22.887,0.000
1547,560.232,6066.620,6066.620,4961.311,1162.888,1595.978,3167.510,0.000,175.209,0.000,0.000,22.569,0.000
1548,560.600,5974.092,5974.092,5023.522,1161.660,1595.770,3230.695,0.000,174.767,0.000,0.000,22.245,0.000
1549,560.969,6198.259,6198.259,5086.555,1160.432,1595.482,3294.781,0.000,174.333,0.000,0.000,21.914,0.000
1550,561.337,6194.117,6194.117,5150.370,1159.204,1595.112,3359.728,0.000,173.907,0.000,0.000,21.577,0.000
1551,561.705,6294.178,6294.178,5214.925,1157.976,1594.660,3425.496,0.000,173.488,0.000,0.000,21.235,0.000
1552,562.074,6483.669,6483.669,5280.176,1156.747,1594.127,3492.040,0.000,173.076,0.000,0.000,20.888,0.000
1553,562.442,6525.137,6525.137,5346.079,1155.519,1593.511,3559.315,0.000,172.671,0.000,0.000,20.537,0.000
1554,562.810,6463.942,6463.942,5412.586,1154.291,1592.812,3627.274,0.000,172.273,0.000,0.000,20.181,0.000
1555,563.179,6505.744,6505.744,5479.647,1153.063,1592.032,3695.866,0.000,171.882,0.000,0.000,19.822,0.000
1556,563.547,6581.316,6581.316,5547.212,1151.835,1591.169,3765.040,0.000,171.498,0.000,0.000,19.459,0.000
1557,563.915,6641.024,6641.024,5615.228,1150.607,1590.225,3834.742,0.000,171.121,0.000,0.000,19.094,0.000
1558,564.284,6734.163,6734.163,5683.640,1149.379,1589.200,3904.918,0.000,170.750,0.000,0.000,18.726,0.000
1559,564.652,6900.811,6900.811,5752.392,1148.151,1588.095,3975.509,0.000,170.386,0.000,0.000,18.356,0.000
1560,565.021,6831.947,6831.947,5821.425,1146.923,1586.911,4046.458,0.000,170.028,0.000,0.000,17.984,0.000
1561,565.389,7053.834,7053.834,5890.681,1145.695,1585.647,4117.702,0.000,169.676,0.000,0.000,17.611,0.000
1562,565.757,7155.939,7155.939,5960.099,1144.467,1584.307,4189.179,0.000,169.330,0.000,0.000,17.237,0.000
1563,566.126,7253.683,7253.683,6029.614,1143.239,1582.889,4260.826,0.000,168.991,0.000,0.000,16.863,0.000
1564,566.494,7071.817,7071.817,6099.163,1142.011,1581.397,4332.576,0.000,168.657,0.000,0.000,16.488,0.000
1565,566.863,7332.531,7332.531,6168.681,1140.783,1579.831,4404.362,0.000,168.328,0.000,0.000,16.114,0.000
1566,567.231,7288.585,7288.585,6238.101,1139.555,1578.193,4476.116,0.000,168.006,0.000,0.000,15.741,0.000
1567,567.600,7494.946,7494.946,6307.353,1138.327,1576.484,4547.768,0.000,167.689,0.000,0.000,15.368,0.000
1568,567.968,7480.922,7480.922,6376.371,1137.099,1574.706,4619.246,0.000,167.377,0.000,0.000,14.997,0.000
1569,568.337,7541.352,7541.352,6445.081,1135.871,1572.860,4690.479,0.000,167.070,0.000,0.000,14.627,0.000
1570,568.705,7547.556,7547.556,6513.415,1134.643,1570.950,4761.392,0.000,166.769,0.000,0.000,14.259,0.000
1571,569.074,7612.158,7612.158,6581.299,1133.415,1568.976,4831.912,0.000,166.472,0.000,0.000,13.894,0.000
1572,569.442,7626.683,7626.683,6648.661,1132.186,1566.941,4901.963,0.000,166.180,0.000,0.000,13.531,0.000
1573,569.811,7782.593,7782.593,6715.427,1130.958,1564.846,4971.471,0.000,165.893,0.000,0.000,13.171,0.000
1574,570.180,7691.219,7691.219,6781.523,1129.730,1562.694,5040.358,0.000,165.611,0.000,0.000,12.815,0.000
1575,570.548,7850.439,7850.439,6846.876,1128.502,1560.488,5108.548,0.000,165.333,0.000,0.000,12.461,0.000
1576,570.917,7848.316,7848.316,6911.410,1127.274,1558.229,5175.964,0.000,165.060,0.000,0.000,12.112,0.000
1577,571.285,7788.395,7788.395,6975.050,1126.046,1555.921,5242.528,0.000,164.790,0.000,0.000,11.766,0.000
1578,571.654,8070.896,8070.896,7037.722,1124.818,1553.564,5308.164,0.000,164.525,0.000,0.000,11.424,0.000
1579,572.023,8175.540,8175.540,7099.352,1123.590,1551.162,5372.793,0.000,164.264,0.000,0.000,11.087,0.000
1580,572.391,8088.054,8088.054,7159.865,1122.362,1548.718,5436.340,0.000,164.007,0.000,0.000,10.754,0.000
1581,572.760,8140.119,8140.119,7219.186,1121.134,1546.233,5498.728,0.000,163.753,0.000,0.000,10.426,0.000
1582,573.128,8363.423,8363.423,7277.243,1119.906,1543.711,5559.880,0.000,163.503,0.000,0.000,10.103,0.000
1583,573.497,8190.785,8190.785,7333.963,1118.678,1541.154,5619.721,0.000,163.257,0.000,0.000,9.785,0.000
1584,573.866,8353.363,8353.363,7389.273,1117.450,1538.564,5678.177,0.000,163.014,0.000,0.000,9.473,0.000
1585,574.234,8269.136,8269.136,7443.104,1116.222,1535.945,5735.173,0.000,162.775,0.000,0.000,9.166,0.000
1586,574.603,8366.002,8366.002,7495.384,1114.994,1533.298,5790.638,0.000,162.539,0.000,0.000,8.864,0.000
1587,574.972,8521.148,8521.148,7546.045,1113.766,1530.626,5844.500,0.000,162.305,0.000,0.000,8.568,0.000
1588,575.341,8667.935,8667.935,7595.020,1112.538,1527.933,5896.689,0.000,162.075,0.000,0.000,8.277,0.000
1589,575.709,8455.958,8455.958,7642.242,1111.310,1525.219,5947.137,0.000,161.848,0.000,0.000,7.993,0.000
1590,576.078,8527.197,8527.197,7687.649,1110.082,1522.489,5995.776,0.000,161.624,0.000,0.000,7.714,0.000
1591,576.447,8654.154,8654.154,7731.177,1108.853,1519.745,6042.543,0.000,161.402,0.000,0.000,7.441,0.000
1592,576.816,8582.152,8582.152,7772.765,1107.625,1516.988,6087.374,0.000,161.183,0.000,0.000,7.175,0.000
1593,577.184,8601.833,8601.833,7812.356,1106.397,1514.222,6130.208,0.000,160.966,0.000,0.000,6.914,0.000
1594,577.553,8891.230,8891.230,7849.894,1105.169,1511.449,6170.987,0.000,160.752,0.000,0.000,6.660,0.000
1595,577.922,8864.939,8864.939,7885.323,1103.941,1508.671,6209.654,0.000,160.540,0.000,0.000,6.412,0.000
1596,578.291,8826.380,8826.380,7918.592,1102.713,1505.891,6246.155,0.000,160.331,0.000,0.000,6.169,0.000
1597,578.660,8790.328,8790.328,7949.653,1101.485,1503.111,6280.439,0.000,160.123,0.000,0.000,5.933,0.000
1598,579.028,8698.915,8698.915,7978.458,1100.257,1500.334,6312.458,0.000,159.918,0.000,0.000,5.704,0.000
1599,579.397,8769.624,8769.624,8004.965,1099.029,1497.560,6342.165,0.000,159.714,0.000,0.000,5.480,0.000
1600,579.766,8855.599,8855.599,8029.132,1097.801,1494.793,6369.518,0.000,159.512,0.000,0.000,5.262,0.000
1601,580.135,8730.115,8730.115,8050.920,1096.573,1492.035,6394.477,0.000,159.312,0.000,0.000,5.051,0.000
1602,580.504,8771.495,8771.495,8070.296,1095.345,1489.287,6417.004,0.000,159.114,0.000,0.000,4.846,0.000
1603,580.873,8771.408,8771.408,8087.228,1094.117,1486.552,6437.067,0.000,158.917,0.000,0.000,4.646,0.000
1604,581.242,8716.453,8716.453,8101.685,1092.889,1483.831,6454.634,0.000,158.722,0.000,0.000,4.453,0.000
1605,581.611,8782.226,8782.226,8113.644,1091.661,1481.126,6469.679,0.000,158.528,0.000,0.000,4.265,0.000
1606,581.980,8781.914,8781.914,8123.081,1090.433,1478.438,6482.178,0.000,158.336,0.000,0.000,4.084,0.000
1607,582.349,8903.918,8903.918,8129.979,1089.205,1475.770,6492.111,0.000,158.145,0.000,0.000,3.908,0.000
1608,582.717,8725.899,8725.899,8134.321,1087.977,1473.123,6499.460,0.000,157.955,0.000,0.000,3.738,0.000
1609,583.086,8759.247,8759.247,8136.095,1086.749,1470.499,6504.212,0.000,157.766,0.000,0.000,3.573,0.000
1610,583.455,8864.649,8864.649,8135.293,1085.521,1467.898,6506.358,0.000,157.578,0.000,0.000,3.414,0.000
1611,583.824,8722.222,8722.222,8131.910,1084.292,1465.322,6505.891,0.000,157.391,0.000,0.000,3.260,0.000
1612,584.193,8525.355,8525.355,8125.944,1083.064,1462.772,6502.809,0.000,157.205,0.000,0.000,3.112,0.000
1613,584.562,8634.313,8634.313,8117.396,1081.836,1460.250,6497.112,0.000,157.020,0.000,0.000,2.969,0.000
1614,584.931,8597.742,8597.742,8106.274,1080.608,1457.756,6488.806,0.000,156.836,0.000,0.000,2.831,0.000
1615,585.300,8636.275,8636.275,8092.585,1079.380,1455.291,6477.898,0.000,156.652,0.000,0.000,2.698,0.000
1616,585.670,8576.998,8576.998,8076.341,1078.152,1452.857,6464.400,0.000,156.469,0.000,0.000,2.570,0.000
1617,586.039,8577.233,8577.233,8057.559,1076.924,1450.454,6448.327,0.000,156.286,0.000,0.000,2.447,0.000
1618,586.408,8643.164,8643.164,8036.258,1075.696,1448.082,6429.698,0.000,156.104,0.000,0.000,2.329,0.000
1619,586.777,8282.606,8282.606,8012.461,1074.468,1445.743,6408.535,0.000,155.923,0.000,0.000,2.215,0.000
1620,587.146,8392.881,8392.881,7986.193,1073.240,1443.437,6384.864,0.000,155.742,0.000,0.000,2.106,0.000
1621,587.515,8285.122,8285.122,7957.484,1072.012,1441.164,6358.714,0.000,155.561,0.000,0.000,2.001,0.000
1622,587.884,8413.225,8413.225,7926.367,1070.784,1438.925,6330.116,0.000,155.380,0.000,0.000,1.901,0.000
1623,588.253,8234.120,8234.120,7892.876,1069.556,1436.720,6299.107,0.000,155.200,0.000,0.000,1.804,0.000
1624,588.622,8228.502,8228.502,7857.051,1068.328,1434.550,6265.725,0.000,155.019,0.000,0.000,1.712,0.000
1625,588.991,8137.969,8137.969,7818.933,1067.100,1432.414,6230.012,0.000,154.839,0.000,0.000,1.623,0.000
1626,589.361,8147.803,8147.803,7778.567,1065.872,1430.313,6192.012,0.000,154.659,0.000,0.000,1.539,0.000
1627,589.730,8178.549,8178.549,7736.001,1064.644,1428.247,6151.772,0.000,154.479,0.000,0.000,1.458,0.000
1628,590.099,8046.624,8046.624,7691.284,1063.416,1426.216,6109.344,0.000,154.299,0.000,0.000,1.380,0.000
1629,590.468,8052.032,8052.032,7644.469,1062.188,1424.220,6064.780,0.000,154.119,0.000,0.000,1.306,0.000
1630,590.837,7944.469,7944.469,7595.611,1060.959,1422.258,6018.135,0.000,153.938,0.000,0.000,1.235,0.000
1631,591.207,7896.514,7896.514,7544.768,1059.731,1420.330,5969.468,0.000,153.758,0.000,0.000,1.168,0.000
1632,591.576,7789.378,7789.378,7492.000,1058.503,1418.437,5918.838,0.000,153.577,0.000,0.000,1.104,0.000
1633,591.945,7928.615,7928.615,7437.368,1057.275,1416.578,5866.307,0.000,153.396,0.000,0.000,1.042,0.000
1634,592.314,7645.024,7645.024,7380.936,1056.047,1414.753,5811.941,0.000,153.215,0.000,0.000,0.984,0.000
1635,592.684,7621.237,7621.237,7322.771,1054.819,1412.961,5755.805,0.000,153.033,0.000,0.000,0.929,0.000
1636,593.053,7331.244,7331.244,7262.939,1053.591,1411.201,5697.967,0.000,152.851,0.000,0.000,0.876,0.000
1637,593.422,7516.658,7516.658,7201.509,1052.363,1409.475,5638.497,0.000,152.669,0.000,0.000,0.825,0.000
1638,593.792,7511.896,7511.896,7138.553,1051.135,1407.780,5577.465,0.000,152.487,0.000,0.000,0.778,0.000
1639,594.161,7624.145,7624.145,7074.141,1049.907,1406.116,5514.945,0.000,152.304,0.000,0.000,0.732,0.000
1640,594.530,7398.866,7398.866,7008.347,1048.679,1404.484,5451.010,0.000,152.120,0.000,0.000,0.689,0.000
1641,594.900,7036.389,7036.389,6941.244,1047.451,1402.882,5385.734,0.000,151.936,0.000,0.000,0.648,0.000
1642,595.269,7173.682,7173.682,6872.907,1046.223,1401.309,5319.193,0.000,151.752,0.000,0.000,0.610,0.000
1643,595.638,7112.563,7112.563,6803.412,1044.995,1399.766,5251.463,0.000,151.567,0.000,0.000,0.573,0.000
1644,596.008,7103.980,7103.980,6732.835,1043.767,1398.251,5182.621,0.000,151.382,0.000,0.000,0.538,0.000
1645,596.377,6999.131,6999.131,6661.252,1042.539,1396.764,5112.744,0.000,151.196,0.000,0.000,0.505,0.000
1646,596.747,6964.440,6964.440,6588.740,1041.311,1395.305,5041.910,0.000,151.010,0.000,0.000,0.474,0.000
1647,597.116,6902.962,6902.962,6515.376,1040.083,1393.871,4970.195,0.000,150.823,0.000,0.000,0.444,0.000
1648,597.485,6671.378,6671.378,6441.236,1038.855,1392.464,4897.678,0.000,150.635,0.000,0.000,0.417,0.000
1649,597.855,6856.401,6856.401,6366.398,1037.626,1391.081,4824.437,0.000,150.447,0.000,0.000,0.390,0.000
1650,598.224,6706.797,6706.797,6290.938,1036.398,1389.723,4750.548,0.000,150.259,0.000,0.000,0.366,0.000
1651,598.594,6443.058,6443.058,6214.931,1035.170,1388.389,4676.089,0.000,150.070,0.000,0.000,0.342,0.000
1652,598.963,6480.882,6480.882,6138.454,1033.942,1387.078,4601.135,0.000,149.880,0.000,0.000,0.320,0.000
1653,599.333,6281.474,6281.474,6061.582,1032.714,1385.789,4525.762,0.000,149.690,0.000,0.000,0.299,0.000
1654,599.702,6402.050,6402.050,5984.387,1031.486,1384.522,4450.045,0.000,149.499,0.000,0.000,0.280,0.000
1655,600.072,6277.344,6277.344,5906.944,1030.258,1383.276,4374.058,0.000,149.308,0.000,0.000,0.261,0.000
1656,600.441,6093.642,6093.642,5829.324,1029.030,1382.049,4297.874,0.000,149.116,0.000,0.000,0.244,0.000
1657,600.811,6104.229,6104.229,5751.599,1027.802,1380.843,4221.564,0.000,148.924,0.000,0.000,0.228,0.000
1658,601.180,5908.232,5908.232,5673.838,1026.574,1379.656,4145.198,0.000,148.731,0.000,0.000,0.212,0.000
1659,601.550,6069.756,6069.756,5596.110,1025.346,1378.486,4068.847,0.000,148.538,0.000,0.000,0.198,0.000
1660,601.920,5983.628,5983.628,5518.481,1024.118,1377.335,3992.577,0.000,148.344,0.000,0.000,0.184,0.000
1661,602.289,5873.475,5873.475,5441.017,1022.890,1376.200,3916.455,0.000,148.150,0.000,0.000,0.172,0.000
1662,602.659,5682.918,5682.918,5363.783,1021.662,1375.082,3840.545,0.000,147.956,0.000,0.000,0.160,0.000
1663,603.028,5705.887,5705.887,5286.839,1020.434,1373.980,3764.909,0.000,147.761,0.000,0.000,0.149,0.000
1664,603.398,5685.590,5685.590,5210.246,1019.206,1372.893,3689.609,0.000,147.565,0.000,0.000,0.138,0.000
1665,603.768,5651.523,5651.523,5134.063,1017.978,1371.821,3614.704,0.000,147.370,0.000,0.000,0.128,0.000
1666,604.137,5604.955,5604.955,5058.347,1016.750,1370.764,3540.251,0.000,147.174,0.000,0.000,0.119,0.000
1667,604.507,5393.002,5393.002,4983.152,1015.522,1369.720,3466.304,0.000,146.977,0.000,0.000,0.111,0.000
1668,604.877,5362.412,5362.412,4908.530,1014.294,1368.689,3392.919,0.000,146.781,0.000,0.000,0.103,0.000
1669,605.246,5225.345,5225.345,4834.533,1013.065,1367.671,3320.144,0.000,146.584,0.000,0.000,0.095,0.000
1670,605.616,5071.858,5071.858,4761.210,1011.837,1366.666,3248.030,0.000,146.386,0.000,0.000,0.088,0.000
1671,605.986,5160.270,5160.270,4688.605,1010.609,1365.673,3176.623,0.000,146.189,0.000,0.000,0.082,0.000
1672,606.356,5074.042,5074.042,4616.765,1009.381,1364.691,3105.968,0.000,145.991,0.000,0.000,0.076,0.000
1673,606.725,4940.917,4940.917,4545.730,1008.153,1363.721,3036.107,0.000,145.794,0.000,0.000,0.070,0.000
1674,607.095,5011.641,5011.641,4475.541,1006.925,1362.762,2967.080,0.000,145.596,0.000,0.000,0.065,0.000
1675,607.465,4946.113,4946.113,4406.235,1005.697,1361.813,2898.926,0.000,145.398,0.000,0.000,0.060,0.000
1676,607.835,4934.034,4934.034,4337.849,1004.469,1360.875,2831.680,0.000,145.200,0.000,0.000,0.056,0.000
1677,608.205,4762.381,4762.381,4270.414,1003.241,1359.947,2765.376,0.000,145.002,0.000,0.000,0.051,0.000
1678,608.574,4762.818,4762.818,4203.963,1002.013,1359.030,2700.045,0.000,144.804,0.000,0.000,0.047,0.000
1679,608.944,4687.333,4687.333,4138.525,1000.785,1358.122,2635.716,0.000,144.606,0.000,0.000,0.044,0.000
1680,609.314,4708.718,4708.718,4074.125,999.557,1357.223,2572.416,0.000,144.408,0.000,0.000,0.040,0.000
1681,609.684,4519.972,4519.972,4010.789,998.329,1356.334,2510.170,0.000,144.210,0.000,0.000,0.037,0.000
1682,610.054,4585.768,4585.768,3948.538,997.101,1355.455,2449.000,0.000,144.013,0.000,0.000,0.034,0.000
1683,610.424,4323.580,4323.580,3887.394,995.873,1354.585,2388.926,0.000,143.815,0.000,0.000,0.032,0.000
1684,610.794,4339.791,4339.791,3827.374,994.645,1353.724,2329.967,0.000,143.618,0.000,0.000,0.029,0.000
1685,611.164,4450.722,4450.722,3768.495,993.417,1352.873,2272.138,0.000,143.421,0.000,0.000,0.027,0.000
1686,611.533,4501.579,4501.579,3710.770,992.189,1352.030,2215.455,0.000,143.224,0.000,0.000,0.025,0.000
1687,611.903,4274.833,4274.833,3654.212,990.961,1351.197,2159.929,0.000,143.028,0.000,0.000,0.023,0.000
1688,612.273,4285.919,4285.919,3598.831,989.732,1350.374,2105.569,0.000,142.832,0.000,0.000,0.021,0.000
1689,612.643,3931.635,3931.635,3544.635,988.504,1349.560,2052.386,0.000,142.636,0.000,0.000,0.019,0.000
1690,613.013,4128.839,4128.839,3491.632,987.276,1348.755,2000.384,0.000,142.441,0.000,0.000,0.017,0.000
1691,613.383,3940.152,3940.152,3439.825,986.048,1347.960,1949.568,0.000,142.246,0.000,0.000,0.016,0.000
1692,613.753,3964.968,3964.968,3389.217,984.820,1347.175,1899.942,0.000,142.051,0.000,0.000,0.015,0.000
1693,614.123,3742.564,3742.564,3339.810,983.592,1346.400,1851.506,0.000,141.857,0.000,0.000,0.013,0.000
1694,614.493,3772.139,3772.139,3291.604,982.364,1345.635,1804.259,0.000,141.664,0.000,0.000,0.012,0.000
1695,614.863,3860.517,3860.517,3244.597,981.136,1344.880,1758.201,0.000,141.471,0.000,0.000,0.011,0.000
1696,615.233,3839.332,3839.332,3198.786,979.908,1344.136,1713.327,0.000,141.278,0.000,0.000,0.010,0.000
1697,615.604,3722.243,3722.243,3154.165,978.680,1343.403,1669.632,0.000,141.087,0.000,0.000,0.009,0.000
1698,615.974,3714.805,3714.805,3110.728,977.452,1342.681,1627.109,0.000,140.896,0.000,0.000,0.009,0.000
1699,616.344,3626.315,3626.315,3068.469,976.224,1341.971,1585.752,0.000,140.705,0.000,0.000,0.008,0.000
1700,616.714,3536.800,3536.800,3027.378,974.996,1341.272,1545.550,0.000,140.515,0.000,0.000,0.007,0.000
1701,617.084,3522.387,3522.387,2987.446,973.768,1340.586,1506.495,0.000,140.326,0.000,0.000,0.007,0.000
1702,617.454,3466.503,3466.503,2948.662,972.540,1339.912,1468.573,0.000,140.138,0.000,0.000,0.006,0.000
1703,617.824,3482.461,3482.461,2911.013,971.312,1339.251,1431.774,0.000,139.950,0.000,0.000,0.005,0.000
1704,618.194,3355.904,3355.904,2874.487,970.084,1338.604,1396.083,0.000,139.763,0.000,0.000,0.005,0.000
1705,618.565,3217.547,3217.547,2839.070,968.856,1337.970,1361.487,0.000,139.577,0.000,0.000,0.005,0.000
1706,618.935,3341.378,3341.378,2804.747,967.628,1337.351,1327.970,0.000,139.391,0.000,0.000,0.004,0.000
1707,619.305,3534.847,3534.847,2771.503,966.400,1336.746,1295.515,0.000,139.206,0.000,0.000,0.004,0.000
1708,619.675,3265.748,3265.748,2739.321,965.171,1336.156,1264.108,0.000,139.023,0.000,0.000,0.003,0.000
1709,620.046,3161.579,3161.579,2708.184,963.943,1335.582,1233.729,0.000,138.840,0.000,0.000,0.003,0.000
1710,620.416,3288.863,3288.863,2678.076,962.715,1335.024,1204.361,0.000,138.657,0.000,0.000,0.003,0.000
1711,620.786,3098.897,3098.897,2648.977,961.487,1334.482,1175.985,0.000,138.476,0.000,0.000,0.003,0.000
1712,621.156,3153.303,3153.303,2620.869,960.259,1333.958,1148.582,0.000,138.295,0.000,0.000,0.002,0.000
1713,621.527,3039.607,3039.607,2593.733,959.031,1333.452,1122.133,0.000,138.116,0.000,0.000,0.002,0.000
1714,621.897,3152.595,3152.595,2567.550,957.803,1332.964,1096.617,0.000,137.937,0.000,0.000,0.002,0.000
1715,622.267,3016.935,3016.935,2542.300,956.575,1332.494,1072.015,0.000,137.759,0.000,0.000,0.002,0.000
1716,622.638,2973.182,2973.182,2517.963,955.347,1332.045,1048.305,0.000,137.582,0.000,0.000,0.002,0.000
1717,623.008,3018.124,3018.124,2494.519,954.119,1331.615,1025.467,0.000,137.406,0.000,0.000,0.001,0.000
1718,623.378,3020.577,3020.577,2471.948,952.891,1331.206,1003.480,0.000,137.230,0.000,0.000,0.001,0.000
1719,623.749,3015.001,3015.001,2450.228,951.663,1330.818,982.323,0.000,137.056,0.000,0.000,0.001,0.000
1720,624.119,2904.215,2904.215,2429.339,950.435,1330.453,961.974,0.000,136.882,0.000,0.000,0.001,0.000
1721,624.489,2797.782,2797.782,2409.261,949.207,1330.110,942.412,0.000,136.709,0.000,0.000,0.001,0.000
1722,624.860,2691.726,2691.726,2389.973,947.979,1329.790,923.616,0.000,136.538,0.000,0.000,0.001,0.000
1723,625.230,2737.523,2737.523,2371.454,946.751,1329.494,905.564,0.000,136.367,0.000,0.000,0.001,0.000
1724,625.601,2693.811,2693.811,2353.683,945.523,1329.223,888.235,0.000,136.197,0.000,0.000,0.001,0.000
1725,625.971,2711.898,2711.898,2336.641,944.295,1328.977,871.607,0.000,136.027,0.000,0.000,0.001,0.000
1726,626.342,2714.989,2714.989,2320.306,943.067,1328.757,855.661,0.000,135.859,0.000,0.000,0.001,0.000
1727,626.712,2641.466,2641.466,2304.659,941.838,1328.564,840.375,0.000,135.692,0.000,0.000,0.001,0.000
1728,627.083,2575.796,2575.796,2289.680,940.610,1328.399,825.728,0.000,135.525,0.000,0.000,0.000,0.000
1729,627.453,2652.512,2652.512,2275.348,939.382,1328.261,811.699,0.000,135.359,0.000,0.000,0.000,0.000
1730,627.824,2644.624,2644.624,2261.644,938.154,1328.153,798.269,0.000,135.194,0.000,0.000,0.000,0.000
1731,628.194,2616.181,2616.181,2248.550,936.926,1328.074,785.417,0.000,135.030,0.000,0.000,0.000,0.000
1732,628.565,2602.738,2602.738,2236.045,935.698,1328.026,773.124,0.000,134.867,0.000,0.000,0.000,0.000
1733,628.935,2515.716,2515.716,2224.111,934.470,1328.009,761.370,0.000,134.705,0.000,0.000,0.000,0.000
1734,629.306,2516.999,2516.999,2212.731,933.242,1328.024,750.136,0.000,134.543,0.000,0.000,0.000,0.000
1735,629.677,2536.151,2536.151,2201.885,932.014,1328.072,739.403,0.000,134.383,0.000,0.000,0.000,0.000
1736,630.047,2508.440,2508.440,2191.556,930.786,1328.153,729.153,0.000,134.223,0.000,0.000,0.000,0.000
1737,630.418,2468.452,2468.452,2181.727,929.558,1328.268,719.368,0.000,134.064,0.000,0.000,0.000,0.000
1738,630.789,2471.670,2471.670,2172.381,928.330,1328.418,710.030,0.000,133.906,0.000,0.000,0.000,0.000
1739,631.159,2368.108,2368.108,2163.501,927.102,1328.604,701.121,0.000,133.749,0.000,0.000,0.000,0.000
1740,631.530,2457.282,2457.282,2155.071,925.874,1328.827,692.626,0.000,133.592,0.000,0.000,0.000,0.000
1741,631.901,2356.865,2356.865,2147.076,924.646,1329.086,684.527,0.000,133.437,0.000,0.000,0.000,0.000
1742,632.271,2345.953,2345.953,2139.500,923.418,1329.384,676.808,0.000,133.282,0.000,0.000,0.000,0.000
1743,632.642,2471.981,2471.981,2132.328,922.190,1329.720,669.453,0.000,133.128,0.000,0.000,0.000,0.000
1744,633.013,2287.631,2287.631,2125.545,920.962,1330.096,662.448,0.000,132.975,0.000,0.000,0.000,0.000
1745,633.383,2359.124,2359.124,2119.138,919.734,1330.512,655.777,0.000,132.823,0.000,0.000,0.000,0.000
1746,633.754,2382.797,2382.797,2113.092,918.506,1330.969,649.426,0.000,132.672,0.000,0.000,0.000,0.000
1747,634.125,2274.595,2274.595,2107.394,917.277,1331.467,643.381,0.000,132.521,0.000,0.000,0.000,0.000
1748,634.496,2325.636,2325.636,2102.032,916.049,1332.007,637.628,0.000,132.372,0.000,0.000,0.000,0.000
1749,634.867,2253.514,2253.514,2096.992,914.821,1332.590,632.154,0.000,132.223,0.000,0.000,0.000,0.000
1750,635.237,2260.979,2260.979,2092.264,913.593,1333.217,626.947,0.000,132.075,0.000,0.000,0.000,0.000
1751,635.608,2086.814,2086.814,2087.834,912.365,1333.887,621.993,0.000,131.928,0.000,0.000,0.000,0.000
1752,635.979,2200.671,2200.671,2083.692,911.137,1334.602,617.282,0.000,131.782,0.000,0.000,0.000,0.000
1753,636.350,2206.120,2206.120,2079.826,909.909,1335.362,612.801,0.000,131.637,0.000,0.000,0.000,0.000
1754,636.721,2177.928,2177.928,2076.226,908.681,1336.168,608.540,0.000,131.493,0.000,0.000,0.000,0.000
1755,637.092,2186.089,2186.089,2072.883,907.453,1337.020,604.487,0.000,131.350,0.000,0.000,0.000,0.000
1756,637.463,2180.158,2180.158,2069.785,906.225,1337.919,600.633,0.000,131.208,0.000,0.000,0.000,0.000
1757,637.834,2092.365,2092.365,2066.923,904.997,1338.865,596.967,0.000,131.067,0.000,0.000,0.000,0.000
1758,638.204,2174.257,2174.257,2064.289,903.769,1339.858,593.480,0.000,130.927,0.000,0.000,0.000,0.000
1759,638.575,2204.352,2204.352,2061.874,902.541,1340.899,590.162,0.000,130.789,0.000,0.000,0.000,0.000
1760,638.946,2081.123,2081.123,2059.668,901.313,1341.988,587.005,0.000,130.651,0.000,0.000,0.000,0.000
1761,639.317,2064.239,2064.239,2057.665,900.085,1343.125,584.001,0.000,130.515,0.000,0.000,0.000,0.000
1762,639.688,2115.760,2115.760,2055.855,898.857,1344.311,581.140,0.000,130.379,0.000,0.000,0.000,0.000
1763,640.059,2005.260,2005.260,2054.231,897.629,1345.546,578.416,0.000,130.245,0.000,0.000,0.000,0.000
1764,640.430,2099.934,2099.934,2052.787,896.401,1346.829,575.821,0.000,130.113,0.000,0.000,0.000,0.000
1765,640.801,2138.616,2138.616,2051.515,895.173,1348.162,573.348,0.000,129.981,0.000,0.000,0.000,0.000
1766,641.173,2142.765,2142.765,2050.407,893.944,1349.543,570.989,0.000,129.851,0.000,0.000,0.000,0.000
1767,641.544,2102.260,2102.260,2049.459,892.716,1350.974,568.739,0.000,129.723,0.000,0.000,0.000,0.000
1768,641.915,1994.150,1994.150,2048.663,891.488,1352.453,566.590,0.000,129.596,0.000,0.000,0.000,0.000
1769,642.286,2104.490,2104.490,2048.013,890.260,1353.981,564.538,0.000,129.471,0.000,0.000,0.000,0.000
1770,642.657,2093.055,2093.055,2047.505,889.032,1355.558,562.577,0.000,129.347,0.000,0.000,0.000,0.000
1771,643.028,2022.851,2022.851,2047.131,887.804,1357.183,560.700,0.000,129.225,0.000,0.000,0.000,0.000
1772,643.399,1961.433,1961.433,2046.887,886.576,1358.855,558.903,0.000,129.105,0.000,0.000,0.000,0.000
1773,643.770,2166.519,2166.519,2046.767,885.348,1360.575,557.182,0.000,128.987,0.000,0.000,0.000,0.000
1774,644.141,1975.931,1975.931,2046.766,884.120,1362.343,555.530,0.000,128.870,0.000,0.000,0.000,0.000
1775,644.513,2009.486,2009.486,2046.881,882.892,1364.156,553.945,0.000,128.756,0.000,0.000,0.000,0.000
1776,644.884,1956.686,1956.686,2047.105,881.664,1366.016,552.421,0.000,128.644,0.000,0.000,0.000,0.000
1777,645.255,2034.078,2034.078,2047.434,880.436,1367.921,550.955,0.000,128.535,0.000,0.000,0.000,0.000
1778,645.626,2045.742,2045.742,2047.864,879.208,1369.871,549.543,0.000,128.427,0.000,0.000,0.000,0.000
1779,645.998,1962.316,1962.316,2048.391,877.980,1371.864,548.182,0.000,128.323,0.000,0.000,0.000,0.000
1780,646.369,2033.510,2033.510,2049.010,876.752,1373.900,546.867,0.000,128.221,0.000,0.000,0.000,0.000
1781,646.740,1960.901,1960.901,2049.718,875.524,1375.978,545.596,0.000,128.121,0.000,0.000,0.000,0.000
1782,647.111,2038.994,2038.994,2050.511,874.296,1378.097,544.366,0.000,128.025,0.000,0.000,0.000,0.000
1783,647.483,1924.251,1924.251,2051.384,873.068,1380.256,543.174,0.000,127.932,0.000,0.000,0.000,0.000
1784,647.854,1944.315,1944.315,2052.334,871.840,1382.453,542.017,0.000,127.842,0.000,0.000,0.000,0.000
1785,648.225,2049.438,2049.438,2053.358,870.612,1384.688,540.892,0.000,127.755,0.000,0.000,0.000,0.000
1786,648.597,2074.695,2074.695,2054.451,869.383,1386.959,539.798,0.000,127.672,0.000,0.000,0.000,0.000
1787,648.968,1919.176,1919.176,2055.611,868.155,1389.264,538.732,0.000,127.593,0.000,0.000,0.000,0.000
1788,649.340,2005.904,2005.904,2056.834,866.927,1391.603,537.692,0.000,127.517,0.000,0.000,0.000,0.000
1789,649.711,1974.617,1974.617,2058.117,865.699,1393.973,536.676,0.000,127.446,0.000,0.000,0.000,0.000
1790,650.082,2091.861,2091.861,2059.456,864.471,1396.373,535.682,0.000,127.379,0.000,0.000,0.000,0.000
1791,650.454,1932.622,1932.622,2060.848,863.243,1398.802,534.708,0.000,127.317,0.000,0.000,0.000,0.000
1792,650.825,1961.587,1961.587,2062.291,862.015,1401.257,533.753,0.000,127.260,0.000,0.000,0.000,0.000
1793,651.197,2103.679,2103.679,2063.780,860.787,1403.737,532.815,0.000,127.207,0.000,0.000,0.000,0.000
1794,651.568,1963.887,1963.887,2065.313,859.559,1406.239,531.892,0.000,127.160,0.000,0.000,0.000,0.000
1795,651.940,1893.147,1893.147,2067.599,859.044,1409.141,531.260,0.000,127.177,0.000,0.000,0.000,0.000
1796,652.311,2096.786,2096.786,2069.923,858.528,1412.061,530.641,0.000,127.200,0.000,0.000,0.000,0.000
1797,652.683,2056.236,2056.236,2072.282,858.013,1414.998,530.034,0.000,127.229,0.000,0.000,0.000,0.000
1798,653.054,1949.271,1949.271,2074.673,857.498,1417.949,529.438,0.000,127.264,0.000,0.000,0.000,0.000
1799,653.426,1897.394,1897.394,2077.092,856.983,1420.912,528.852,0.000,127.307,0.000,0.000,0.000,0.000
1800,653.797,1963.335,1963.335,2079.537,856.467,1423.885,528.275,0.000,127.356,0.000,0.000,0.000,0.000
1801,654.169,1929.822,1929.822,2082.006,855.952,1426.866,527.706,0.000,127.413,0.000,0.000,0.000,0.000
1802,654.541,1854.555,1854.555,2084.494,855.437,1429.851,527.145,0.000,127.478,0.000,0.000,0.000,0.000
1803,654.912,1970.373,1970.373,2087.000,854.921,1432.839,526.590,0.000,127.550,0.000,0.000,0.000,0.000
1804,655.284,1976.142,1976.142,2089.521,854.406,1435.827,526.041,0.000,127.632,0.000,0.000,0.000,0.000
1805,655.655,1928.091,1928.091,2092.053,853.891,1438.812,525.498,0.000,127.722,0.000,0.000,0.000,0.000
1806,656.027,2027.209,2027.209,2094.594,853.376,1441.792,524.959,0.000,127.822,0.000,0.000,0.000,0.000
1807,656.399,2056.379,2056.379,2097.142,852.860,1444.764,524.424,0.000,127.932,0.000,0.000,0.000,0.000
1808,656.770,1918.593,1918.593,2099.693,852.345,1447.726,523.894,0.000,128.052,0.000,0.000,0.000,0.000
1809,657.142,2053.957,2053.957,2102.245,851.830,1450.674,523.366,0.000,128.183,0.000,0.000,0.000,0.000
1810,657.514,2039.581,2039.581,2104.795,851.314,1453.606,522.842,0.000,128.326,0.000,0.000,0.000,0.000
1811,657.886,1937.830,1937.830,2107.340,850.799,1456.520,522.320,0.000,128.480,0.000,0.000,0.000,0.000
1812,658.257,1957.902,1957.902,2109.879,850.284,1459.411,521.800,0.000,128.647,0.000,0.000,0.000,0.000
1813,658.629,1956.583,1956.583,2112.407,849.769,1462.278,521.282,0.000,128.827,0.000,0.000,0.000,0.000
1814,659.001,1913.915,1913.915,2114.924,849.253,1465.117,520.766,0.000,129.020,0.000,0.000,0.000,0.000
1815,659.373,2002.232,2002.232,2117.426,848.738,1467.926,520.251,0.000,129.227,0.000,0.000,0.000,0.000
1816,659.745,2028.951,2028.951,2119.910,848.223,1470.702,519.738,0.000,129.450,0.000,0.000,0.000,0.000
1817,660.116,2016.630,2016.630,2122.375,847.707,1473.442,519.226,0.000,129.688,0.000,0.000,0.000,0.000
1818,660.488,1957.912,1957.912,2124.818,847.192,1476.142,518.714,0.000,129.942,0.000,0.000,0.000,0.000
1819,660.860,1955.733,1955.733,2127.237,846.677,1478.800,518.203,0.000,130.212,0.000,0.000,0.000,0.000
1820,661.232,1983.808,1983.808,2129.628,846.161,1481.414,517.693,0.000,130.501,0.000,0.000,0.000,0.000
1821,661.604,1922.233,1922.233,2131.992,845.646,1483.979,517.184,0.000,130.808,0.000,0.000,0.000,0.000
1822,661.976,1981.087,1981.087,2134.324,845.131,1486.494,516.675,0.000,131.134,0.000,0.000,0.000,0.000
1823,662.348,1971.537,1971.537,2136.622,844.616,1488.956,516.167,0.000,131.480,0.000,0.000,0.000,0.000
1824,662.720,2005.377,2005.377,2138.886,844.100,1491.361,515.658,0.000,131.847,0.000,0.000,0.000,0.000
1825,663.092,2000.296,2000.296,2141.113,843.585,1493.706,515.151,0.000,132.235,0.000,0.000,0.000,0.000
1826,663.464,2011.553,2011.553,2143.300,843.070,1495.990,514.643,0.000,132.647,0.000,0.000,0.000,0.000
1827,663.836,2021.583,2021.583,2145.447,842.554,1498.209,514.136,0.000,133.081,0.000,0.000,0.000,0.000
1828,664.208,1993.782,1993.782,2147.551,842.039,1500.361,513.630,0.000,133.540,0.000,0.000,0.000,0.000
1829,664.580,1930.955,1930.955,2149.610,841.524,1502.442,513.123,0.000,134.025,0.000,0.000,0.000,0.000
1830,664.952,2000.419,2000.419,2151.624,841.009,1504.451,512.617,0.000,134.536,0.000,0.000,0.000,0.000
1831,665.324,1931.613,1931.613,2153.590,840.493,1506.384,512.112,0.000,135.075,0.000,0.000,0.000,0.000
1832,665.696,1934.516,1934.516,2155.508,839.978,1508.240,511.607,0.000,135.642,0.000,0.000,0.000,0.000
1833,666.068,1934.934,1934.934,2157.375,839.463,1510.015,511.102,0.000,136.239,0.000,0.000,0.000,0.000
1834,666.440,1964.769,1964.769,2159.192,838.947,1511.708,510.598,0.000,136.866,0.000,0.000,0.000,0.000
1835,666.812,1919.153,1919.153,2160.956,838.432,1513.315,510.095,0.000,137.526,0.000,0.000,0.000,0.000
1836,667.184,1980.239,1980.239,2162.667,837.917,1514.836,509.592,0.000,138.219,0.000,0.000,0.000,0.000
1837,667.556,1962.526,1962.526,2164.323,837.402,1516.267,509.090,0.000,138.946,0.000,0.000,0.000,0.000
1838,667.929,2022.368,2022.368,2165.925,836.886,1517.607,508.589,0.000,139.709,0.000,0.000,0.000,0.000
1839,668.301,1913.895,1913.895,2167.472,836.371,1518.854,508.089,0.000,140.510,0.000,0.000,0.000,0.000
1840,668.673,2011.938,2011.938,2168.962,835.856,1520.005,507.589,0.000,141.348,0.000,0.000,0.000,0.000
1841,669.045,1998.773,1998.773,2170.396,835.340,1521.060,507.091,0.000,142.226,0.000,0.000,0.000,0.000
1842,669.417,2077.634,2077.634,2171.774,834.825,1522.015,506.594,0.000,143.146,0.000,0.000,0.000,0.000
1843,669.790,2063.026,2063.026,2173.095,834.310,1522.870,506.098,0.000,144.108,0.000,0.000,0.000,0.000
1844,670.162,1961.136,1961.136,2174.359,833.795,1523.623,505.603,0.000,145.113,0.000,0.000,0.000,0.000
1845,670.534,2026.911,2026.911,2175.567,833.279,1524.273,505.110,0.000,146.165,0.000,0.000,0.000,0.000
1846,670.907,1947.332,1947.332,2176.719,832.764,1524.819,504.618,0.000,147.263,0.000,0.000,0.000,0.000
1847,671.279,1999.110,1999.110,2177.815,832.249,1525.258,504.128,0.000,148.410,0.000,0.000,0.000,0.000
1848,671.651,1872.364,1872.364,2178.856,831.733,1525.591,503.639,0.000,149.607,0.000,0.000,0.000,0.000
1849,672.024,1858.134,1858.134,2179.843,831.218,1525.815,503.152,0.000,150.856,0.000,0.000,0.000,0.000
1850,672.396,1973.760,1973.760,2180.776,830.703,1525.931,502.666,0.000,152.159,0.000,0.000,0.000,0.000
1851,672.768,1976.126,1976.126,2181.656,830.188,1525.938,502.183,0.000,153.516,0.000,0.000,0.000,0.000
1852,673.141,1911.499,1911.499,2182.485,829.672,1525.834,501.701,0.000,154.930,0.000,0.000,0.000,0.000
1853,673.513,2019.468,2019.468,2183.264,829.157,1525.620,501.222,0.000,156.403,0.000,0.000,0.000,0.000
1854,673.886,1983.784,1983.784,2183.994,828.642,1525.295,500.744,0.000,157.936,0.000,0.000,0.000,0.000
1855,674.258,1940.931,1940.931,2184.677,828.126,1524.858,500.269,0.000,159.531,0.000,0.000,0.000,0.000
1856,674.630,1965.831,1965.831,2185.315,827.611,1524.310,499.796,0.000,161.190,0.000,0.000,0.000,0.000
1857,675.003,2008.735,2008.735,2185.910,827.096,1523.651,499.325,0.000,162.915,0.000,0.000,0.000,0.000
1858,675.375,1989.036,1989.036,2186.463,826.580,1522.880,498.857,0.000,164.707,0.000,0.000,0.000,0.000
1859,675.748,2029.857,2029.857,2186.976,826.065,1521.998,498.391,0.000,166.568,0.000,0.000,0.000,0.000
1860,676.121,1965.473,1965.473,2187.453,825.550,1521.006,497.927,0.000,168.501,0.000,0.000,0.000,0.000
1861,676.493,1995.915,1995.915,2187.895,825.035,1519.903,497.466,0.000,170.507,0.000,0.000,0.000,0.000
1862,676.866,1919.044,1919.044,2188.305,824.519,1518.690,497.008,0.000,172.588,0.000,0.000,0.000,0.000
1863,677.238,1950.195,1950.195,2188.685,824.004,1517.368,496.552,0.000,174.746,0.000,0.000,0.000,0.000
1864,677.611,1986.262,1986.262,2189.039,823.489,1515.938,496.099,0.000,176.984,0.000,0.000,0.000,0.000
1865,677.983,2058.888,2058.888,2189.369,822.973,1514.400,495.649,0.000,179.302,0.000,0.000,0.000,0.000
1866,678.356,2029.590,2029.590,2189.679,822.458,1512.756,495.201,0.000,181.702,0.000,0.000,0.000,0.000
1867,678.729,2038.723,2038.723,2189.971,821.943,1511.007,494.757,0.000,184.188,0.000,0.000,0.000,0.000
1868,679.101,1924.265,1924.265,2190.249,821.428,1509.154,494.315,0.000,186.761,0.000,0.000,0.000,0.000
1869,679.474,1943.458,1943.458,2190.516,820.912,1507.199,493.877,0.000,189.422,0.000,0.000,0.000,0.000
1870,679.847,1958.086,1958.086,2190.776,820.397,1505.142,493.441,0.000,192.174,0.000,0.000,0.000,0.000
1871,680.219,2045.452,2045.452,2191.032,819.882,1502.986,493.008,0.000,195.019,0.000,0.000,0.000,0.000
1872,680.592,1935.129,1935.129,2191.288,819.366,1500.732,492.579,0.000,197.958,0.000,0.000,0.000,0.000
1873,680.965,1929.001,1929.001,2191.547,818.851,1498.382,492.153,0.000,200.994,0.000,0.000,0.000,0.000
1874,681.338,1976.138,1976.138,2191.814,818.336,1495.938,491.729,0.000,204.129,0.000,0.000,0.000,0.000
1875,681.710,2003.019,2003.019,2192.093,817.821,1493.401,491.309,0.000,207.364,0.000,0.000,0.000,0.000
1876,682.083,1998.778,1998.778,2192.387,817.305,1490.775,490.892,0.000,210.701,0.000,0.000,0.000,0.000
1877,682.456,2031.714,2031.714,2192.700,816.790,1488.060,490.479,0.000,214.143,0.000,0.000,0.000,0.000
1878,682.829,1992.787,1992.787,2193.036,816.275,1485.259,490.068,0.000,217.690,0.000,0.000,0.000,0.000
1879,683.202,1992.184,1992.184,2193.401,815.759,1482.375,489.661,0.000,221.346,0.000,0.000,0.000,0.000
1880,683.575,2035.253,2035.253,2193.797,815.244,1479.410,489.258,0.000,225.111,0.000,0.000,0.000,0.000
1881,683.947,2044.874,2044.874,2194.229,814.729,1476.366,488.857,0.000,228.988,0.000,0.000,0.000,0.000
1882,684.320,2026.665,2026.665,2194.701,814.214,1473.245,488.460,0.000,232.977,0.000,0.000,0.000,0.000
1883,684.693,2135.701,2135.701,2195.218,813.698,1470.051,488.067,0.000,237.082,0.000,0.000,0.000,0.000
1884,685.066,2069.916,2069.916,2195.784,813.183,1466.786,487.677,0.000,241.303,0.000,0.000,0.000,0.000
1885,685.439,2018.263,2018.263,2196.402,812.668,1463.452,487.290,0.000,245.642,0.000,0.000,0.000,0.000
1886,685.812,1960.155,1960.155,2197.078,812.152,1460.053,486.907,0.000,250.100,0.000,0.000,0.000,0.000
1887,686.185,2006.282,2006.282,2197.815,811.637,1456.591,486.527,0.000,254.679,0.000,0.000,0.000,0.000
1888,686.558,1974.371,1974.371,2198.618,811.122,1453.068,486.151,0.000,259.381,0.000,0.000,0.000,0.000
1889,686.931,2147.937,2147.937,2199.490,810.606,1449.488,485.778,0.000,264.206,0.000,0.000,0.000,0.000
1890,687.304,2005.113,2005.113,2200.437,810.091,1445.854,485.409,0.000,269.157,0.000,0.000,0.000,0.000
1891,687.677,2061.686,2061.686,2201.462,809.576,1442.168,485.043,0.000,274.233,0.000,0.000,0.000,0.000
1892,688.050,2076.321,2076.321,2202.568,809.061,1438.433,484.681,0.000,279.437,0.000,0.000,0.000,0.000
1893,688.423,2094.578,2094.578,2203.761,808.545,1434.653,484.322,0.000,284.768,0.000,0.000,0.000,0.000
1894,688.796,2149.014,2149.014,2205.044,808.030,1430.829,483.967,0.000,290.229,0.000,0.000,0.000,0.000
1895,689.170,2066.228,2066.228,2206.420,807.515,1426.966,483.616,0.000,295.820,0.000,0.000,0.000,0.000
1896,689.543,2056.691,2056.691,2207.894,806.999,1423.066,483.268,0.000,301.542,0.000,0.000,0.000,0.000
1897,689.916,2159.017,2159.017,2209.469,806.484,1419.132,482.924,0.000,307.394,0.000,0.000,0.000,0.000
1898,690.289,2189.187,2189.187,2211.148,805.969,1415.167,482.584,0.000,313.379,0.000,0.000,0.000,0.000
1899,690.662,2114.155,2114.155,2212.935,805.454,1411.174,482.247,0.000,319.496,0.000,0.000,0.000,0.000
1900,691.035,2120.011,2120.011,2214.834,804.938,1407.156,481.915,0.000,325.746,0.000,0.000,0.000,0.000
1901,691.409,2122.178,2122.178,2216.847,804.423,1403.115,481.585,0.000,332.128,0.000,0.000,0.000,0.000
1902,691.782,2208.489,2208.489,2218.977,803.908,1399.055,481.260,0.000,338.644,0.000,0.000,0.000,0.000
1903,692.155,2147.797,2147.797,2221.228,803.392,1394.979,480.939,0.000,345.292,0.000,0.000,0.000,0.000
1904,692.528,2131.796,2131.796,2223.601,802.877,1390.889,480.621,0.000,352.073,0.000,0.000,0.000,0.000
1905,692.902,2087.821,2087.821,2226.099,802.362,1386.789,480.307,0.000,358.986,0.000,0.000,0.000,0.000
1906,693.275,2135.827,2135.827,2228.726,801.847,1382.680,479.997,0.000,366.031,0.000,0.000,0.000,0.000
1907,693.648,2105.410,2105.410,2231.482,801.331,1378.566,479.691,0.000,373.207,0.000,0.000,0.000,0.000
1908,694.022,2151.802,2151.802,2234.371,800.816,1374.449,479.389,0.000,380.514,0.000,0.000,0.000,0.000
1909,694.395,2168.521,2168.521,2237.393,800.301,1370.333,479.092,0.000,387.951,0.000,0.000,0.000,0.000
1910,694.768,2188.725,2188.725,2240.550,799.785,1366.219,478.798,0.000,395.516,0.000,0.000,0.000,0.000
1911,695.142,2146.351,2146.351,2243.844,799.270,1362.111,478.508,0.000,403.208,0.000,0.000,0.000,0.000
1912,695.515,2204.760,2204.760,2247.277,798.755,1358.010,478.222,0.000,411.027,0.000,0.000,0.000,0.000
1913,695.889,2266.668,2266.668,2250.848,798.240,1353.919,477.941,0.000,418.970,0.000,0.000,0.000,0.000
1914,696.262,2264.375,2264.375,2254.559,797.724,1349.841,477.663,0.000,427.036,0.000,0.000,0.000,0.000
1915,696.636,2289.948,2289.948,2258.410,797.209,1345.778,477.390,0.000,435.224,0.000,0.000,0.000,0.000
1916,697.009,2356.152,2356.152,2262.402,796.694,1341.732,477.122,0.000,443.530,0.000,0.000,0.000,0.000
1917,697.383,2181.208,2181.208,2266.535,796.178,1337.706,476.857,0.000,451.954,0.000,0.000,0.000,0.000
1918,697.756,2277.947,2277.947,2270.808,795.663,1333.702,476.598,0.000,460.492,0.000,0.000,0.000,0.000
1919,698.130,2302.048,2302.048,2275.222,795.148,1329.721,476.342,0.000,469.142,0.000,0.000,0.000,0.000
1920,698.503,2364.526,2364.526,2279.776,794.632,1325.765,476.091,0.000,477.901,0.000,0.000,0.000,0.000
1921,698.877,2355.604,2355.604,2284.468,794.117,1321.838,475.845,0.000,486.767,0.000,0.000,0.000,0.000
1922,699.250,2343.219,2343.219,2289.298,793.602,1317.940,475.604,0.000,495.737,0.000,0.000,0.000,0.000
1923,699.624,2340.719,2340.719,2294.265,793.087,1314.073,475.367,0.000,504.807,0.000,0.000,0.000,0.000
1924,699.997,2385.706,2385.706,2299.366,792.571,1310.240,475.135,0.000,513.974,0.000,0.000,0.000,0.000
1925,700.371,2384.625,2384.625,2304.601,792.056,1306.441,474.908,0.000,523.234,0.000,0.000,0.000,0.000
1926,700.745,2344.886,2344.886,2309.967,791.541,1302.679,474.686,0.000,532.584,0.000,0.000,0.000,0.000
1927,701.118,2381.415,2381.415,2315.461,791.025,1298.955,474.469,0.000,542.020,0.000,0.000,0.000,0.000
1928,701.492,2441.510,2441.510,2321.082,790.510,1295.271,474.257,0.000,551.537,0.000,0.000,0.000,0.000
1929,701.866,2296.401,2296.401,2326.826,789.995,1291.627,474.050,0.000,561.132,0.000,0.000,0.000,0.000
1930,702.240,2394.798,2394.798,2332.691,789.480,1288.025,473.849,0.000,570.800,0.000,0.000,0.000,0.000
1931,702.613,2267.409,2267.409,2338.672,788.964,1284.467,473.653,0.000,580.535,0.000,0.000,0.000,0.000
1932,702.987,2394.235,2394.235,2344.768,788.449,1280.954,473.462,0.000,590.335,0.000,0.000,0.000,0.000
1933,703.361,2367.399,2367.399,2350.973,787.934,1277.486,473.277,0.000,600.193,0.000,0.000,0.000,0.000
1934,703.735,2450.147,2450.147,2357.284,787.418,1274.065,473.097,0.000,610.105,0.000,0.000,0.000,0.000
1935,704.108,2388.280,2388.280,2363.697,786.903,1270.691,472.924,0.000,620.064,0.000,0.000,0.000,0.000
1936,704.482,2417.624,2417.624,2370.207,786.388,1267.367,472.756,0.000,630.067,0.000,0.000,0.000,0.000
1937,704.856,2502.038,2502.038,2376.810,785.873,1264.092,472.594,0.000,640.107,0.000,0.000,0.000,0.000
1938,705.230,2461.744,2461.744,2383.501,785.357,1260.867,472.438,0.000,650.178,0.000,0.000,0.000,0.000
1939,705.604,2533.685,2533.685,2390.274,784.842,1257.694,472.288,0.000,660.275,0.000,0.000,0.000,0.000
1940,705.978,2454.887,2454.887,2397.125,784.327,1254.572,472.145,0.000,670.391,0.000,0.000,0.000,0.000
1941,706.352,2425.896,2425.896,2404.048,783.811,1251.502,472.008,0.000,680.521,0.000,0.000,0.000,0.000
1942,706.726,2508.233,2508.233,2411.038,783.296,1248.485,471.877,0.000,690.658,0.000,0.000,0.000,0.000
1943,707.100,2540.952,2540.952,2418.088,782.781,1245.522,471.753,0.000,700.796,0.000,0.000,0.000,0.000
1944,707.474,2523.608,2523.608,2425.193,782.266,1242.612,471.636,0.000,710.928,0.000,0.000,0.000,0.000
1945,707.848,2594.464,2594.464,2432.346,781.750,1239.757,471.525,0.000,721.047,0.000,0.000,0.000,0.000
1946,708.222,2549.122,2549.122,2439.542,781.235,1236.956,471.421,0.000,731.147,0.000,0.000,0.000,0.000
1947,708.596,2515.226,2515.226,2446.773,780.720,1234.209,471.325,0.000,741.221,0.000,0.000,0.000,0.000
1948,708.970,2601.085,2601.085,2454.033,780.204,1231.518,471.235,0.000,751.263,0.000,0.000,0.000,0.000
1949,709.344,2517.929,2517.929,2461.316,779.689,1228.882,471.153,0.000,761.264,0.000,0.000,0.000,0.000
1950,709.718,2622.399,2622.399,2468.614,779.174,1226.301,471.078,0.000,771.218,0.000,0.000,0.000,0.000
1951,710.092,2545.919,2545.919,2475.921,778.658,1223.776,471.011,0.000,781.117,0.000,0.000,0.000,0.000
1952,710.466,2553.166,2553.166,2483.230,778.143,1221.306,470.951,0.000,790.955,0.000,0.000,0.000,0.000
1953,710.840,2630.058,2630.058,2490.533,777.628,1218.891,470.899,0.000,800.725,0.000,0.000,0.000,0.000
1954,711.214,2501.807,2501.807,2497.822,777.113,1216.532,470.855,0.000,810.418,0.000,0.000,0.000,0.000
1955,711.588,2621.449,2621.449,2505.092,776.597,1214.229,470.819,0.000,820.027,0.000,0.000,0.000,0.000
1956,711.963,2593.424,2593.424,2512.334,776.082,1211.980,470.791,0.000,829.546,0.000,0.000,0.000,0.000
1957,712.337,2626.061,2626.061,2519.542,775.567,1209.787,470.772,0.000,838.966,0.000,0.000,0.000,0.000
1958,712.711,2621.077,2621.077,2526.707,775.051,1207.649,470.760,0.000,848.280,0.000,0.000,0.000,0.000
1959,713.085,2685.289,2685.289,2533.822,774.536,1205.566,470.758,0.000,857.481,0.000,0.000,0.000,0.000
1960,713.460,2626.666,2626.666,2540.879,774.021,1203.537,470.763,0.000,866.562,0.000,0.000,0.000,0.000
1961,713.834,2621.942,2621.942,2547.872,773.506,1201.563,470.778,0.000,875.514,0.000,0.000,0.000,0.000
1962,714.208,2674.388,2674.388,2554.793,772.990,1199.643,470.801,0.000,884.331,0.000,0.000,0.000,0.000
1963,714.582,2579.377,2579.377,2561.634,772.475,1197.777,470.834,0.000,893.006,0.000,0.000,0.000,0.000
1964,714.957,2612.445,2612.445,2568.388,771.960,1195.965,470.875,0.000,901.530,0.000,0.000,0.000,0.000
1965,715.331,2656.787,2656.787,2575.047,771.444,1194.206,470.926,0.000,909.898,0.000,0.000,0.000,0.000
1966,715.706,2724.638,2724.638,2581.604,770.929,1192.501,470.986,0.000,918.101,0.000,0.000,0.000,0.000
1967,716.080,2602.524,2602.524,2588.052,770.414,1190.848,471.055,0.000,926.133,0.000,0.000,0.000,0.000
1968,716.454,2706.329,2706.329,2594.384,769.899,1189.247,471.134,0.000,933.986,0.000,0.000,0.000,0.000
1969,716.829,2647.479,2647.479,2600.593,769.383,1187.699,471.222,0.000,941.655,0.000,0.000,0.000,0.000
1970,717.203,2759.773,2759.773,2606.671,768.868,1186.202,471.321,0.000,949.131,0.000,0.000,0.000,0.000
1971,717.578,2697.361,2697.361,2612.613,768.353,1184.757,471.429,0.000,956.409,0.000,0.000,0.000,0.000
1972,717.952,2747.051,2747.051,2618.410,767.837,1183.363,471.547,0.000,963.483,0.000,0.000,0.000,0.000
1973,718.327,2750.763,2750.763,2624.057,767.322,1182.020,471.675,0.000,970.344,0.000,0.000,0.000,0.000
1974,718.701,2759.299,2759.299,2629.546,766.807,1180.727,471.813,0.000,976.989,0.000,0.000,0.000,0.000
1975,719.076,2690.906,2690.906,2634.873,766.292,1179.484,471.962,0.000,983.410,0.000,0.000,0.000,0.000
1976,719.450,2668.566,2668.566,2640.030,765.776,1178.291,472.120,0.000,989.601,0.000,0.000,0.000,0.000
1977,719.825,2642.693,2642.693,2645.012,765.261,1177.148,472.289,0.000,995.558,0.000,0.000,0.000,0.000
1978,720.199,2702.817,2702.817,2649.813,764.746,1176.053,472.469,0.000,1001.273,0.000,0.000,0.000,0.000
1979,720.574,2791.831,2791.831,2654.427,764.230,1175.007,472.659,0.000,1006.743,0.000,0.000,0.000,0.000
1980,720.949,2762.411,2762.411,2658.849,763.715,1174.010,472.860,0.000,1011.962,0.000,0.000,0.000,0.000
1981,721.323,2787.921,2787.921,2663.074,763.200,1173.061,473.071,0.000,1016.925,0.000,0.000,0.000,0.000
1982,721.698,2874.200,2874.200,2667.097,762.685,1172.159,473.293,0.000,1021.628,0.000,0.000,0.000,0.000
1983,722.073,2701.986,2701.986,2670.914,762.169,1171.305,473.526,0.000,1026.066,0.000,0.000,0.000,0.000
1984,722.447,2728.042,2728.042,2674.519,761.654,1170.498,473.769,0.000,1030.235,0.000,0.000,0.000,0.000
1985,722.822,2636.682,2636.682,2677.909,761.139,1169.738,474.023,0.000,1034.130,0.000,0.000,0.000,0.000
1986,723.197,2710.843,2710.843,2681.079,760.623,1169.024,474.289,0.000,1037.749,0.000,0.000,0.000,0.000
1987,723.572,2651.459,2651.459,2684.027,760.108,1168.357,474.565,0.000,1041.088,0.000,0.000,0.000,0.000
1988,723.946,2660.310,2660.310,2686.748,759.593,1167.736,474.852,0.000,1044.143,0.000,0.000,0.000,0.000
1989,724.321,2703.608,2703.608,2689.239,759.077,1167.161,475.149,0.000,1046.912,0.000,0.000,0.000,0.000
1990,724.696,2673.005,2673.005,2691.498,758.562,1166.631,475.458,0.000,1049.392,0.000,0.000,0.000,0.000
1991,725.071,2723.560,2723.560,2693.522,758.047,1166.147,475.778,0.000,1051.580,0.000,0.000,0.000,0.000
1992,725.446,2783.675,2783.675,2695.309,757.532,1165.708,476.108,0.000,1053.475,0.000,0.000,0.000,0.000
1993,725.820,2795.395,2795.395,2696.856,757.016,1165.314,476.450,0.000,1055.075,0.000,0.000,0.000,0.000
1994,726.195,2678.122,2678.122,2698.163,756.501,1164.965,476.802,0.000,1056.379,0.000,0.000,0.000,0.000
1995,726.570,2727.198,2727.198,2699.226,755.986,1164.660,477.165,0.000,1057.384,0.000,0.000,0.000,0.000
1996,726.945,2579.016,2579.016,2700.046,755.470,1164.400,477.538,0.000,1058.090,0.000,0.000,0.000,0.000
1997,727.320,2697.151,2697.151,2700.622,754.955,1164.185,477.923,0.000,1058.497,0.000,0.000,0.000,0.000
1998,727.695,2690.700,2690.700,2700.952,754.440,1164.013,478.318,0.000,1058.604,0.000,0.000,0.000,0.000
1999,728.070,2562.955,2562.955,2701.038,753.925,1163.886,478.723,0.000,1058.411,0.000,0.000,0.000,0.000
2000,728.445,2761.850,2761.850,2700.877,753.409,1163.803,479.139,0.000,1057.918,0.000,0.000,0.000,0.000
2001,728.820,2690.298,2690.298,2700.473,752.894,1163.763,479.565,0.000,1057.126,0.000,0.000,0.000,0.000
2002,729.195,2578.219,2578.219,2699.823,752.379,1163.768,480.002,0.000,1056.036,0.000,0.000,0.000,0.000
2003,729.570,2655.006,2655.006,2698.931,751.863,1163.816,480.449,0.000,1054.648,0.000,0.000,0.000,0.000
2004,729.945,2602.050,2602.050,2697.796,751.348,1163.908,480.905,0.000,1052.965,0.000,0.000,0.000,0.000
2005,730.320,2606.700,2606.700,2696.421,750.833,1164.043,481.372,0.000,1050.988,0.000,0.000,0.000,0.000
2006,730.695,2635.683,2635.683,2694.807,750.318,1164.222,481.848,0.000,1048.719,0.000,0.000,0.000,0.000
2007,731.071,2499.263,2499.263,2692.956,749.802,1164.445,482.334,0.000,1046.160,0.000,0.000,0.000,0.000
2008,731.446,2622.552,2622.552,2690.872,749.287,1164.711,482.829,0.000,1043.313,0.000,0.000,0.000,0.000
2009,731.821,2661.411,2661.411,2688.555,748.772,1165.020,483.334,0.000,1040.183,0.000,0.000,0.000,0.000
2010,732.196,2702.371,2702.371,2686.010,748.256,1165.373,483.848,0.000,1036.771,0.000,0.000,0.000,0.000
2011,732.571,2649.617,2649.617,2683.239,747.741,1165.769,484.370,0.000,1033.082,0.000,0.000,0.000,0.000
2012,732.946,2635.346,2635.346,2680.246,747.226,1166.209,484.901,0.000,1029.118,0.000,0.000,0.000,0.000
2013,733.322,2604.294,2604.294,2677.035,746.711,1166.692,485.441,0.000,1024.884,0.000,0.000,0.000,0.000
2014,733.697,2623.970,2623.970,2673.610,746.195,1167.218,485.988,0.000,1020.384,0.000,0.000,0.000,0.000
2015,734.072,2523.881,2523.881,2669.974,745.680,1167.788,486.544,0.000,1015.623,0.000,0.000,0.000,0.000
2016,734.448,2473.751,2473.751,2666.132,745.165,1168.401,487.107,0.000,1010.605,0.000,0.000,0.000,0.000
2017,734.823,2629.155,2629.155,2662.089,744.649,1169.057,487.678,0.000,1005.334,0.000,0.000,0.000,0.000
2018,735.198,2625.683,2625.683,2657.849,744.134,1169.757,488.256,0.000,999.817,0.000,0.000,0.000,0.000
2019,735.574,2567.799,2567.799,2653.418,743.619,1170.500,488.841,0.000,994.058,0.000,0.000,0.000,0.000
2020,735.949,2470.445,2470.445,2648.802,743.103,1171.286,489.432,0.000,988.064,0.000,0.000,0.000,0.000
2021,736.324,2471.520,2471.520,2644.004,742.588,1172.116,490.030,0.000,981.839,0.000,0.000,0.000,0.000
2022,736.700,2594.855,2594.855,2639.031,742.073,1172.988,490.633,0.000,975.389,0.000,0.000,0.000,0.000
2023,737.075,2544.236,2544.236,2633.889,741.558,1173.904,491.243,0.000,968.722,0.000,0.000,0.000,0.000
2024,737.451,2482.352,2482.352,2628.584,741.042,1174.864,491.857,0.000,961.843,0.000,0.000,0.000,0.000
2025,737.826,2447.530,2447.530,2623.121,740.527,1175.866,492.477,0.000,954.758,0.000,0.000,0.000,0.000
2026,738.202,2493.994,2493.994,2617.507,740.012,1176.911,493.101,0.000,947.474,0.000,0.000,0.000,0.000
2027,738.577,2401.828,2401.828,2611.748,739.496,1178.000,493.729,0.000,939.999,0.000,0.000,0.000,0.000
2028,738.953,2447.842,2447.842,2605.851,738.981,1179.131,494.361,0.000,932.338,0.000,0.000,0.000,0.000
2029,739.328,2442.056,2442.056,2599.823,738.466,1180.305,494.997,0.000,924.500,0.000,0.000,0.000,0.000
2030,739.704,2548.496,2548.496,2593.669,737.951,1181.522,495.635,0.000,916.490,0.000,0.000,0.000,0.000
2031,740.079,2484.365,2484.365,2587.397,737.435,1182.782,496.277,0.000,908.317,0.000,0.000,0.000,0.000
2032,740.455,2358.344,2358.344,2581.014,736.920,1184.084,496.920,0.000,899.988,0.000,0.000,0.000,0.000
2033,740.830,2481.071,2481.071,2574.526,736.405,1185.428,497.566,0.000,891.509,0.000,0.000,0.000,0.000
2034,741.206,2385.480,2385.480,2567.940,735.889,1186.815,498.213,0.000,882.890,0.000,0.000,0.000,0.000
2035,741.582,2441.311,2441.311,2561.263,735.374,1188.244,498.861,0.000,874.136,0.000,0.000,0.000,0.000
2036,741.957,2385.392,2385.392,2554.503,734.859,1189.715,499.509,0.000,865.256,0.000,0.000,0.000,0.000
2037,742.333,2351.416,2351.416,2547.666,734.344,1191.227,500.157,0.000,856.258,0.000,0.000,0.000,0.000
2038,742.709,2248.786,2248.786,2540.759,733.828,1192.781,500.805,0.000,847.149,0.000,0.000,0.000,0.000
2039,743.085,2298.935,2298.935,2533.789,733.313,1194.376,501.453,0.000,837.937,0.000,0.000,0.000,0.000
2040,743.460,2341.140,2341.140,2526.764,732.798,1196.012,502.098,0.000,828.629,0.000,0.000,0.000,0.000
2041,743.836,2327.776,2327.776,2519.690,732.282,1197.689,502.743,0.000,819.234,0.000,0.000,0.000,0.000
2042,744.212,2283.210,2283.210,2512.574,731.767,1199.406,503.384,0.000,809.758,0.000,0.000,0.000,0.000
2043,744.588,2297.153,2297.153,2505.423,731.252,1201.164,504.024,0.000,800.211,0.000,0.000,0.000,0.000
2044,744.964,2351.116,2351.116,2498.244,730.737,1202.961,504.660,0.000,790.598,0.000,0.000,0.000,0.000
2045,745.339,2335.554,2335.554,2491.043,730.221,1204.797,505.292,0.000,780.929,0.000,0.000,0.000,0.000
2046,745.715,2290.836,2290.836,2483.828,729.706,1206.672,505.920,0.000,771.210,0.000,0.000,0.000,0.000
2047,746.091,2306.135,2306.135,2476.605,729.191,1208.586,506.543,0.000,761.449,0.000,0.000,0.000,0.000
2048,746.467,2284.527,2284.527,2469.380,728.675,1210.538,507.161,0.000,751.654,0.000,0.000,0.000,0.000
2049,746.843,2206.873,2206.873,2462.160,728.160,1212.527,507.774,0.000,741.831,0.000,0.000,0.000,0.000
2050,747.219,2250.610,2250.610,2454.951,727.645,1214.554,508.380,0.000,731.989,0.000,0.000,0.000,0.000
2051,747.595,2301.706,2301.706,2447.759,727.129,1216.617,508.979,0.000,722.134,0.000,0.000,0.000,0.000
2052,747.971,2205.490,2205.490,2440.590,726.614,1218.717,509.572,0.000,712.273,0.000,0.000,0.000,0.000
2053,748.347,2204.678,2204.678,2433.451,726.099,1220.851,510.156,0.000,702.414,0.000,0.000,0.000,0.000
2054,748.723,2266.504,2266.504,2426.346,725.584,1223.021,510.733,0.000,692.562,0.000,0.000,0.000,0.000
2055,749.099,2314.695,2314.695,2419.281,725.068,1225.225,511.300,0.000,682.726,0.000,0.000,0.000,0.000
2056,749.475,2348.725,2348.725,2412.263,724.553,1227.462,511.859,0.000,672.911,0.000,0.000,0.000,0.000
2057,749.851,2309.947,2309.947,2405.296,724.038,1229.732,512.408,0.000,663.124,0.000,0.000,0.000,0.000
2058,750.227,2251.345,2251.345,2398.384,723.522,1232.034,512.947,0.000,653.371,0.000,0.000,0.000,0.000
2059,750.603,2196.666,2196.666,2391.534,723.007,1234.368,513.475,0.000,643.659,0.000,0.000,0.000,0.000
2060,750.980,2241.317,2241.317,2384.750,722.492,1236.732,513.992,0.000,633.993,0.000,0.000,0.000,0.000
2061,751.356,2272.940,2272.940,2378.036,721.977,1239.126,514.497,0.000,624.379,0.000,0.000,0.000,0.000
2062,751.732,2273.804,2273.804,2371.397,721.461,1241.549,514.990,0.000,614.823,0.000,0.000,0.000,0.000
2063,752.108,2165.366,2165.366,2364.837,720.946,1244.000,515.471,0.000,605.330,0.000,0.000,0.000,0.000
2064,752.484,2179.461,2179.461,2358.359,720.431,1246.478,515.939,0.000,595.906,0.000,0.000,0.000,0.000
2065,752.861,2100.655,2100.655,2351.968,719.915,1248.983,516.393,0.000,586.556,0.000,0.000,0.000,0.000
2066,753.237,2228.311,2228.311,2345.668,719.400,1251.512,516.834,0.000,577.284,0.000,0.000,0.000,0.000
2067,753.613,2238.173,2238.173,2339.460,718.885,1254.066,517.260,0.000,568.097,0.000,0.000,0.000,0.000
2068,753.989,2237.642,2237.642,2333.350,718.370,1256.643,517.671,0.000,558.997,0.000,0.000,0.000,0.000
2069,754.366,2179.207,2179.207,2327.338,717.854,1259.242,518.067,0.000,549.989,0.000,0.000,0.000,0.000
2070,754.742,2140.951,2140.951,2321.429,717.339,1261.862,518.448,0.000,541.078,0.000,0.000,0.000,0.000
2071,755.118,2180.722,2180.722,2315.625,716.824,1264.502,518.813,0.000,532.268,0.000,0.000,0.000,0.000
2072,755.495,2153.016,2153.016,2309.927,716.308,1267.160,519.161,0.000,523.563,0.000,0.000,0.000,0.000
2073,755.871,2081.184,2081.184,2304.338,715.793,1269.837,519.493,0.000,514.965,0.000,0.000,0.000,0.000
2074,756.248,2217.075,2217.075,2298.860,715.278,1272.529,519.808,0.000,506.479,0.000,0.000,0.000,0.000
2075,756.624,2202.464,2202.464,2293.494,714.763,1275.237,520.105,0.000,498.107,0.000,0.000,0.000,0.000
2076,757.000,2114.843,2114.843,2288.242,714.247,1277.958,520.385,0.000,489.853,0.000,0.000,0.000,0.000
2077,757.377,2204.123,2204.123,2283.105,713.732,1280.692,520.646,0.000,481.719,0.000,0.000,0.000,0.000
2078,757.753,2136.747,2136.747,2278.083,713.217,1283.436,520.890,0.000,473.709,0.000,0.000,0.000,0.000
2079,758.130,2151.783,2151.783,2273.178,712.701,1286.191,521.114,0.000,465.824,0.000,0.000,0.000,0.000
2080,758.507,2203.404,2203.404,2268.390,712.186,1288.954,521.320,0.000,458.066,0.000,0.000,0.000,0.000
2081,758.883,2194.500,2194.500,2263.720,711.671,1291.724,521.507,0.000,450.438,0.000,0.000,0.000,0.000
2082,759.260,2148.337,2148.337,2259.167,711.155,1294.499,521.674,0.000,442.941,0.000,0.000,0.000,0.000
2083,759.636,2174.979,2174.979,2254.731,710.640,1297.278,521.821,0.000,435.578,0.000,0.000,0.000,0.000
2084,760.013,2134.896,2134.896,2250.412,710.125,1300.060,521.949,0.000,428.348,0.000,0.000,0.000,0.000
2085,760.389,2160.253,2160.253,2246.210,709.610,1302.842,522.057,0.000,421.255,0.000,0.000,0.000,0.000
2086,760.766,2091.075,2091.075,2242.124,709.094,1305.624,522.144,0.000,414.298,0.000,0.000,0.000,0.000
2087,761.143,2087.880,2087.880,2238.153,708.579,1308.404,522.212,0.000,407.479,0.000,0.000,0.000,0.000
2088,761.520,2301.149,2301.149,2234.295,708.064,1311.179,522.259,0.000,400.798,0.000,0.000,0.000,0.000
2089,761.896,2188.946,2188.946,2230.551,707.548,1313.949,522.285,0.000,394.255,0.000,0.000,0.000,0.000
2090,762.273,2095.386,2095.386,2226.918,707.033,1316.712,522.290,0.000,387.852,0.000,0.000,0.000,0.000
2091,762.650,2219.001,2219.001,2223.394,706.518,1319.467,522.275,0.000,381.588,0.000,0.000,0.000,0.000
2092,763.026,2194.429,2194.429,2219.979,706.003,1322.210,522.239,0.000,375.464,0.000,0.000,0.000,0.000
2093,763.403,2216.906,2216.906,2216.669,705.487,1324.942,522.182,0.000,369.478,0.000,0.000,0.000,0.000
2094,763.780,2007.679,2007.679,2213.464,704.972,1327.659,522.105,0.000,363.631,0.000,0.000,0.000,0.000
2095,764.157,2200.683,2200.683,2210.360,704.457,1330.360,522.006,0.000,357.923,0.000,0.000,0.000,0.000
2096,764.534,2171.568,2171.568,2207.355,703.941,1333.044,521.887,0.000,352.352,0.000,0.000,0.000,0.000
2097,764.911,2248.763,2248.763,2204.448,703.426,1335.709,521.747,0.000,346.919,0.000,0.000,0.000,0.000
2098,765.288,2025.031,2025.031,2201.634,702.911,1338.353,521.586,0.000,341.621,0.000,0.000,0.000,0.000
2099,765.664,2075.141,2075.141,2198.913,702.396,1340.974,521.404,0.000,336.458,0.000,0.000,0.000,0.000
2100,766.041,2155.585,2155.585,2196.279,701.880,1343.570,521.202,0.000,331.429,0.000,0.000,0.000,0.000
2101,766.418,2239.359,2239.359,2193.732,701.365,1346.139,520.980,0.000,326.533,0.000,0.000,0.000,0.000
2102,766.795,2093.022,2093.022,2191.267,700.850,1348.680,520.738,0.000,321.767,0.000,0.000,0.000,0.000
2103,767.172,2099.893,2099.893,2188.881,700.334,1351.191,520.475,0.000,317.132,0.000,0.000,0.000,0.000
2104,767.549,2158.586,2158.586,2186.571,699.819,1353.669,520.192,0.000,312.624,0.000,0.000,0.000,0.000
2105,767.926,2187.484,2187.484,2184.334,699.304,1356.114,519.890,0.000,308.242,0.000,0.000,0.000,0.000
2106,768.303,2219.851,2219.851,2182.166,698.789,1358.523,519.569,0.000,303.985,0.000,0.000,0.000,0.000
2107,768.680,2222.129,2222.129,2180.063,698.273,1360.895,519.228,0.000,299.850,0.000,0.000,0.000,0.000
2108,769.058,2235.838,2235.838,2178.023,697.758,1363.226,518.868,0.000,295.836,0.000,0.000,0.000,0.000
2109,769.435,2266.774,2266.774,2176.041,697.243,1365.517,518.490,0.000,291.940,0.000,0.000,0.000,0.000
2110,769.812,2195.922,2195.922,2174.113,696.727,1367.764,518.093,0.000,288.160,0.000,0.000,0.000,0.000
2111,770.189,2199.638,2199.638,2172.237,696.212,1369.967,517.679,0.000,284.493,0.000,0.000,0.000,0.000
2112,770.566,2148.375,2148.375,2170.407,695.697,1372.122,517.247,0.000,280.938,0.000,0.000,0.000,0.000
2113,770.943,2199.616,2199.616,2168.621,695.181,1374.229,516.797,0.000,277.493,0.000,0.000,0.000,0.000
2114,771.321,2250.128,2250.128,2166.874,694.666,1376.285,516.331,0.000,274.154,0.000,0.000,0.000,0.000
2115,771.698,2163.168,2163.168,2165.163,694.151,1378.289,515.848,0.000,270.919,0.000,0.000,0.000,0.000
2116,772.075,2161.533,2161.533,2163.483,693.636,1380.239,515.350,0.000,267.785,0.000,0.000,0.000,0.000
2117,772.452,2164.932,2164.932,2161.830,693.120,1382.134,514.835,0.000,264.751,0.000,0.000,0.000,0.000
2118,772.830,2226.301,2226.301,2160.202,692.605,1383.970,514.306,0.000,261.813,0.000,0.000,0.000,0.000
2119,773.207,2124.479,2124.479,2158.593,692.090,1385.748,513.762,0.000,258.968,0.000,0.000,0.000,0.000
2120,773.584,2268.843,2268.843,2157.000,691.574,1387.464,513.204,0.000,256.215,0.000,0.000,0.000,0.000
2121,773.962,2211.852,2211.852,2155.420,691.059,1389.118,512.633,0.000,253.550,0.000,0.000,0.000,0.000
2122,774.339,2222.652,2222.652,2153.847,690.544,1390.708,512.048,0.000,250.970,0.000,0.000,0.000,0.000
2123,774.716,2104.068,2104.068,2152.279,690.029,1392.231,511.451,0.000,248.473,0.000,0.000,0.000,0.000
2124,775.094,2082.842,2082.842,2150.711,689.513,1393.687,510.842,0.000,246.057,0.000,0.000,0.000,0.000
2125,775.471,2154.671,2154.671,2149.140,688.998,1395.075,510.221,0.000,243.717,0.000,0.000,0.000,0.000
2126,775.849,2207.413,2207.413,2147.563,688.483,1396.391,509.590,0.000,241.452,0.000,0.000,0.000,0.000
2127,776.226,2141.705,2141.705,2145.974,687.967,1397.635,508.948,0.000,239.258,0.000,0.000,0.000,0.000
2128,776.604,2174.946,2174.946,2144.372,687.452,1398.806,508.297,0.000,237.134,0.000,0.000,0.000,0.000
2129,776.981,2109.367,2109.367,2142.752,686.937,1399.902,507.637,0.000,235.076,0.000,0.000,0.000,0.000
2130,777.359,2240.374,2240.374,2141.111,686.422,1400.922,506.969,0.000,233.081,0.000,0.000,0.000,0.000
2131,777.736,2158.067,2158.067,2139.445,685.906,1401.864,506.293,0.000,231.147,0.000,0.000,0.000,0.000
2132,778.114,2103.929,2103.929,2137.752,685.391,1402.726,505.610,0.000,229.271,0.000,0.000,0.000,0.000
2133,778.491,2023.695,2023.695,2136.027,684.876,1403.509,504.921,0.000,227.450,0.000,0.000,0.000,0.000
2134,778.869,2192.401,2192.401,2134.268,684.360,1404.211,504.226,0.000,225.683,0.000,0.000,0.000,0.000
2135,779.247,2148.217,2148.217,2132.472,683.845,1404.829,503.527,0.000,223.965,0.000,0.000,0.000,0.000
2136,779.624,2063.355,2063.355,2130.635,683.330,1405.364,502.823,0.000,222.295,0.000,0.000,0.000,0.000
2137,780.002,2102.118,2102.118,2128.756,682.815,1405.815,502.115,0.000,220.670,0.000,0.000,0.000,0.000
2138,780.380,2240.303,2240.303,2126.830,682.299,1406.179,501.405,0.000,219.087,0.000,0.000,0.000,0.000
2139,780.758,2124.594,2124.594,2124.856,681.784,1406.458,500.693,0.000,217.545,0.000,0.000,0.000,0.000
2140,781.135,2122.228,2122.228,2122.831,681.269,1406.648,499.980,0.000,216.040,0.000,0.000,0.000,0.000
2141,781.513,2145.814,2145.814,2120.752,680.753,1406.750,499.266,0.000,214.571,0.000,0.000,0.000,0.000
2142,781.891,2142.776,2142.776,2118.617,680.238,1406.763,498.552,0.000,213.134,0.000,0.000,0.000,0.000
2143,782.269,2101.714,2101.714,2116.424,679.723,1406.687,497.839,0.000,211.729,0.000,0.000,0.000,0.000
2144,782.646,2077.839,2077.839,2114.171,679.208,1406.519,497.128,0.000,210.352,0.000,0.000,0.000,0.000
2145,783.024,2157.984,2157.984,2111.856,678.692,1406.261,496.419,0.000,209.001,0.000,0.000,0.000,0.000
2146,783.402,2097.700,2097.700,2109.477,678.177,1405.911,495.714,0.000,207.675,0.000,0.000,0.000,0.000
2147,783.780,2057.314,2057.314,2107.032,677.662,1405.470,495.013,0.000,206.371,0.000,0.000,0.000,0.000
2148,784.158,2138.916,2138.916,2104.520,677.146,1404.935,494.316,0.000,205.087,0.000,0.000,0.000,0.000
2149,784.536,2059.454,2059.454,2101.939,676.631,1404.308,493.626,0.000,203.822,0.000,0.000,0.000,0.000
2150,784.914,2119.247,2119.247,2099.288,676.116,1403.588,492.941,0.000,202.573,0.000,0.000,0.000,0.000
2151,785.292,2091.035,2091.035,2096.566,675.600,1402.775,492.264,0.000,201.339,0.000,0.000,0.000,0.000
2152,785.670,2041.048,2041.048,2093.772,675.085,1401.869,491.595,0.000,200.118,0.000,0.000,0.000,0.000
2153,786.048,1990.518,1990.518,2090.904,674.570,1400.869,490.934,0.000,198.908,0.000,0.000,0.000,0.000
2154,786.426,2048.489,2048.489,2087.962,674.055,1399.776,490.283,0.000,197.708,0.000,0.000,0.000,0.000
2155,786.804,2026.859,2026.859,2084.946,673.539,1398.590,489.643,0.000,196.516,0.000,0.000,0.000,0.000
2156,787.182,2053.091,2053.091,2081.855,673.024,1397.311,489.013,0.000,195.331,0.000,0.000,0.000,0.000
2157,787.560,2046.974,2046.974,2078.688,672.509,1395.938,488.396,0.000,194.152,0.000,0.000,0.000,0.000
2158,787.938,2076.656,2076.656,2075.445,671.993,1394.474,487.791,0.000,192.976,0.000,0.000,0.000,0.000
2159,788.316,2063.210,2063.210,2072.126,671.478,1392.917,487.200,0.000,191.803,0.000,0.000,0.000,0.000
2160,788.694,1977.522,1977.522,2068.732,670.963,1391.268,486.623,0.000,190.632,0.000,0.000,0.000,0.000
2161,789.073,1985.035,1985.035,2065.262,670.448,1389.529,486.062,0.000,189.461,0.000,0.000,0.000,0.000
2162,789.451,2021.202,2021.202,2061.716,669.932,1387.698,485.516,0.000,188.290,0.000,0.000,0.000,0.000
2163,789.829,2016.374,2016.374,2058.096,669.417,1385.778,484.987,0.000,187.116,0.000,0.000,0.000,0.000
2164,790.207,2124.292,2124.292,2054.401,668.902,1383.769,484.476,0.000,185.941,0.000,0.000,0.000,0.000
2165,790.586,1989.754,1989.754,2050.633,668.386,1381.671,483.983,0.000,184.761,0.000,0.000,0.000,0.000
2166,790.964,1992.459,1992.459,2046.792,667.871,1379.485,483.510,0.000,183.578,0.000,0.000,0.000,0.000
2167,791.342,2059.699,2059.699,2042.880,667.356,1377.213,483.056,0.000,182.389,0.000,0.000,0.000,0.000
2168,791.720,1997.601,1997.601,2038.896,666.841,1374.856,482.623,0.000,181.195,0.000,0.000,0.000,0.000
2169,792.099,1998.911,1998.911,2034.843,666.325,1372.413,482.211,0.000,179.994,0.000,0.000,0.000,0.000
2170,792.477,1933.041,1933.041,2030.723,665.810,1369.888,481.822,0.000,178.786,0.000,0.000,0.000,0.000
2171,792.856,1933.667,1933.667,2026.535,665.295,1367.280,481.456,0.000,177.571,0.000,0.000,0.000,0.000
2172,793.234,1902.244,1902.244,2022.282,664.779,1364.591,481.114,0.000,176.348,0.000,0.000,0.000,0.000
2173,793.612,1919.163,1919.163,2017.966,664.264,1361.822,480.796,0.000,175.117,0.000,0.000,0.000,0.000
2174,793.991,1997.235,1997.235,2013.589,663.749,1358.975,480.504,0.000,173.877,0.000,0.000,0.000,0.000
2175,794.369,1954.510,1954.510,2009.152,663.234,1356.052,480.239,0.000,172.628,0.000,0.000,0.000,0.000
2176,794.748,1965.111,1965.111,2004.657,662.718,1353.053,480.000,0.000,171.369,0.000,0.000,0.000,0.000
2177,795.126,1971.493,1971.493,2000.107,662.203,1349.980,479.789,0.000,170.102,0.000,0.000,0.000,0.000
2178,795.505,1914.605,1914.605,1995.503,661.688,1346.834,479.606,0.000,168.824,0.000,0.000,0.000,0.000
2179,795.883,1954.670,1954.670,1990.849,661.172,1343.619,479.453,0.000,167.538,0.000,0.000,0.000,0.000
2180,796.262,1944.860,1944.860,1986.146,660.657,1340.334,479.330,0.000,166.241,0.000,0.000,0.000,0.000
2181,796.641,1921.089,1921.089,1981.397,660.142,1336.982,479.238,0.000,164.935,0.000,0.000,0.000,0.000
2182,797.019,1915.360,1915.360,1976.604,659.626,1333.565,479.178,0.000,163.619,0.000,0.000,0.000,0.000
2183,797.398,1922.721,1922.721,1971.771,659.111,1330.085,479.149,0.000,162.294,0.000,0.000,0.000,0.000
2184,797.776,1890.434,1890.434,1966.900,658.596,1326.542,479.154,0.000,160.959,0.000,0.000,0.000,0.000
2185,798.155,1900.339,1900.339,1961.994,658.081,1322.940,479.193,0.000,159.615,0.000,0.000,0.000,0.000
2186,798.534,2012.200,2012.200,1957.055,657.565,1319.280,479.267,0.000,158.262,0.000,0.000,0.000,0.000
2187,798.913,2001.952,2001.952,1952.087,657.050,1315.565,479.375,0.000,156.900,0.000,0.000,0.000,0.000
2188,799.291,1906.828,1906.828,1947.092,656.535,1311.795,479.520,0.000,155.529,0.000,0.000,0.000,0.000
2189,799.670,1791.895,1791.895,1942.075,656.019,1307.974,479.702,0.000,154.150,0.000,0.000,0.000,0.000
2190,800.049,1813.828,1813.828,1937.037,655.504,1304.104,479.921,0.000,152.763,0.000,0.000,0.000,0.000
2191,800.428,1854.789,1854.789,1931.982,654.989,1300.185,480.179,0.000,151.369,0.000,0.000,0.000,0.000
2192,800.806,1782.776,1782.776,1926.914,654.474,1296.221,480.475,0.000,149.967,0.000,0.000,0.000,0.000
2193,801.185,1846.203,1846.203,1921.835,653.958,1292.214,480.811,0.000,148.559,0.000,0.000,0.000,0.000
2194,801.564,1803.432,1803.432,1916.749,653.443,1288.165,481.188,0.000,147.144,0.000,0.000,0.000,0.000
2195,801.943,1877.053,1877.053,1911.658,652.928,1284.078,481.606,0.000,145.724,0.000,0.000,0.000,0.000
2196,802.322,1845.201,1845.201,1906.568,652.412,1279.953,482.065,0.000,144.298,0.000,0.000,0.000,0.000
2197,802.701,1844.314,1844.314,1901.480,651.897,1275.794,482.568,0.000,142.867,0.000,0.000,0.000,0.000
2198,803.080,1759.954,1759.954,1896.398,651.382,1271.603,483.113,0.000,141.431,0.000,0.000,0.000,0.000
2199,803.459,1845.440,1845.440,1891.325,650.867,1267.381,483.702,0.000,139.992,0.000,0.000,0.000,0.000
2200,803.838,1801.991,1801.991,1886.266,650.351,1263.130,484.336,0.000,138.549,0.000,0.000,0.000,0.000
2201,804.217,1790.339,1790.339,1881.223,649.836,1258.854,485.015,0.000,137.103,0.000,0.000,0.000,0.000
2202,804.596,1806.238,1806.238,1876.200,649.321,1254.554,485.739,0.000,135.656,0.000,0.000,0.000,0.000
2203,804.975,1813.890,1813.890,1871.199,648.805,1250.232,486.510,0.000,134.206,0.000,0.000,0.000,0.000
2204,805.354,1732.237,1732.237,1866.225,648.290,1245.890,487.329,0.000,132.756,0.000,0.000,0.000,0.000
2205,805.733,1814.116,1814.116,1861.281,647.775,1241.532,488.195,0.000,131.304,0.000,0.000,0.000,0.000
2206,806.112,1749.933,1749.933,1856.370,647.260,1237.157,489.109,0.000,129.853,0.000,0.000,0.000,0.000
2207,806.491,1792.697,1792.697,1851.495,646.744,1232.770,490.073,0.000,128.403,0.000,0.000,0.000,0.000
2208,806.871,1805.593,1805.593,1846.660,646.229,1228.371,491.086,0.000,126.954,0.000,0.000,0.000,0.000
2209,807.250,1712.652,1712.652,1841.868,645.714,1223.964,492.149,0.000,125.507,0.000,0.000,0.000,0.000
2210,807.629,1720.501,1720.501,1837.121,645.198,1219.549,493.263,0.000,124.062,0.000,0.000,0.000,0.000
2211,808.008,1778.866,1778.866,1832.424,644.683,1215.129,494.429,0.000,122.621,0.000,0.000,0.000,0.000
2212,808.387,1772.761,1772.761,1827.780,644.168,1210.706,495.646,0.000,121.183,0.000,0.000,0.000,0.000
2213,808.767,1758.198,1758.198,1823.190,643.652,1206.282,496.915,0.000,119.749,0.000,0.000,0.000,0.000
2214,809.146,1807.510,1807.510,1818.659,643.137,1201.858,498.238,0.000,118.320,0.000,0.000,0.000,0.000
2215,809.525,1721.074,1721.074,1814.190,642.622,1197.437,499.613,0.000,116.897,0.000,0.000,0.000,0.000
2216,809.905,1717.455,1717.455,1809.784,642.107,1193.020,501.043,0.000,115.479,0.000,0.000,0.000,0.000
2217,810.284,1718.388,1718.388,1805.446,641.591,1188.610,502.527,0.000,114.069,0.000,0.000,0.000,0.000
2218,810.663,1771.378,1771.378,1801.177,641.076,1184.207,504.066,0.000,112.665,0.000,0.000,0.000,0.000
2219,811.043,1764.302,1764.302,1796.981,640.561,1179.814,505.660,0.000,111.269,0.000,0.000,0.000,0.000
2220,811.422,1789.791,1789.791,1792.859,640.045,1175.432,507.310,0.000,109.882,0.000,0.000,0.000,0.000
2221,811.802,1707.293,1707.293,1788.816,639.530,1171.062,509.015,0.000,108.503,0.000,0.000,0.000,0.000
2222,812.181,1689.117,1689.117,1784.852,639.015,1166.707,510.777,0.000,107.134,0.000,0.000,0.000,0.000
2223,812.561,1688.458,1688.458,1780.970,638.500,1162.368,512.596,0.000,105.774,0.000,0.000,0.000,0.000
2224,812.940,1796.214,1796.214,1777.174,637.984,1158.046,514.472,0.000,104.425,0.000,0.000,0.000,0.000
2225,813.320,1766.574,1766.574,1773.463,637.469,1153.743,516.405,0.000,103.086,0.000,0.000,0.000,0.000
2226,813.699,1731.171,1731.171,1769.842,636.954,1149.459,518.396,0.000,101.759,0.000,0.000,0.000,0.000
2227,814.079,1625.518,1625.518,1766.312,636.438,1145.197,520.445,0.000,100.444,0.000,0.000,0.000,0.000
2228,814.458,1705.673,1705.673,1762.875,635.923,1140.958,522.552,0.000,99.141,0.000,0.000,0.000,0.000
2229,814.838,1714.104,1714.104,1759.532,635.408,1136.742,524.717,0.000,97.850,0.000,0.000,0.000,0.000
2230,815.218,1720.691,1720.691,1756.285,634.893,1132.551,526.941,0.000,96.573,0.000,0.000,0.000,0.000
2231,815.597,1705.836,1705.836,1753.137,634.377,1128.386,529.223,0.000,95.309,0.000,0.000,0.000,0.000
2232,815.977,1739.689,1739.689,1750.088,633.862,1124.248,531.564,0.000,94.059,0.000,0.000,0.000,0.000
2233,816.357,1788.283,1788.283,1747.140,633.347,1120.138,533.964,0.000,92.823,0.000,0.000,0.000,0.000
2234,816.736,1657.905,1657.905,1744.294,632.831,1116.057,536.422,0.000,91.602,0.000,0.000,0.000,0.000
2235,817.116,1734.631,1734.631,1741.552,632.316,1112.006,538.939,0.000,90.396,0.000,0.000,0.000,0.000
2236,817.496,1840.076,1840.076,1738.914,631.801,1107.985,541.516,0.000,89.205,0.000,0.000,0.000,0.000
2237,817.876,1664.643,1664.643,1736.382,631.286,1103.996,544.150,0.000,88.029,0.000,0.000,0.000,0.000
2238,818.255,1721.323,1721.323,1733.956,630.770,1100.038,546.844,0.000,86.870,0.000,0.000,0.000,0.000
2239,818.635,1721.151,1721.151,1731.638,630.255,1096.114,549.596,0.000,85.726,0.000,0.000,0.000,0.000
2240,819.015,1719.285,1719.285,1729.428,629.740,1092.223,552.406,0.000,84.599,0.000,0.000,0.000,0.000
2241,819.395,1700.130,1700.130,1727.326,629.224,1088.366,555.274,0.000,83.488,0.000,0.000,0.000,0.000
2242,819.775,1750.505,1750.505,1725.334,628.709,1084.543,558.200,0.000,82.395,0.000,0.000,0.000,0.000
2243,820.155,1667.161,1667.161,1723.451,628.194,1080.756,561.184,0.000,81.318,0.000,0.000,0.000,0.000
2244,820.535,1664.071,1664.071,1721.679,627.678,1077.004,564.224,0.000,80.259,0.000,0.000,0.000,0.000
2245,820.915,1723.797,1723.797,1720.016,627.163,1073.288,567.322,0.000,79.217,0.000,0.000,0.000,0.000
2246,821.295,1783.931,1783.931,1718.463,626.648,1069.609,570.475,0.000,78.192,0.000,0.000,0.000,0.000
2247,821.675,1772.255,1772.255,1717.021,626.133,1065.966,573.685,0.000,77.186,0.000,0.000,0.000,0.000
2248,822.055,1745.048,1745.048,1715.689,625.617,1062.361,576.950,0.000,76.197,0.000,0.000,0.000,0.000
2249,822.435,1704.113,1704.113,1714.467,625.102,1058.792,580.269,0.000,75.226,0.000,0.000,0.000,0.000
2250,822.815,1719.849,1719.849,1713.355,624.587,1055.262,583.643,0.000,74.273,0.000,0.000,0.000,0.000
2251,823.195,1735.916,1735.916,1712.352,624.071,1051.769,587.070,0.000,73.339,0.000,0.000,0.000,0.000
2252,823.575,1796.561,1796.561,1711.458,623.556,1048.314,590.549,0.000,72.422,0.000,0.000,0.000,0.000
2253,823.955,1665.172,1665.172,1710.673,623.041,1044.898,594.081,0.000,71.524,0.000,0.000,0.000,0.000
2254,824.335,1686.323,1686.323,1709.995,622.526,1041.520,597.663,0.000,70.645,0.000,0.000,0.000,0.000
2255,824.715,1669.076,1669.076,1709.425,622.010,1038.181,601.296,0.000,69.783,0.000,0.000,0.000,0.000
2256,825.096,1801.551,1801.551,1708.961,621.495,1034.880,604.978,0.000,68.940,0.000,0.000,0.000,0.000
2257,825.476,1726.337,1726.337,1708.603,620.980,1031.619,608.709,0.000,68.116,0.000,0.000,0.000,0.000
2258,825.856,1802.290,1802.290,1708.350,620.464,1028.396,612.486,0.000,67.310,0.000,0.000,0.000,0.000
2259,826.236,1700.210,1700.210,1708.200,619.949,1025.213,616.310,0.000,66.522,0.000,0.000,0.000,0.000
2260,826.617,1695.624,1695.624,1708.154,619.434,1022.070,620.179,0.000,65.752,0.000,0.000,0.000,0.000
2261,826.997,1700.484,1700.484,1708.209,618.919,1018.966,624.092,0.000,65.001,0.000,0.000,0.000,0.000
2262,827.377,1739.344,1739.344,1708.364,618.403,1015.902,628.047,0.000,64.268,0.000,0.000,0.000,0.000
2263,827.758,1782.750,1782.750,1708.619,617.888,1012.877,632.043,0.000,63.553,0.000,0.000,0.000,0.000
2264,828.138,1765.221,1765.221,1708.972,617.373,1009.893,636.080,0.000,62.856,0.000,0.000,0.000,0.000
2265,828.518,1793.291,1793.291,1709.422,616.857,1006.949,640.155,0.000,62.178,0.000,0.000,0.000,0.000
2266,828.899,1764.137,1764.137,1709.967,616.342,1004.046,644.267,0.000,61.517,0.000,0.000,0.000,0.000
2267,829.279,1843.894,1843.894,1710.607,615.827,1001.183,648.414,0.000,60.874,0.000,0.000,0.000,0.000
2268,829.660,1811.021,1811.021,1711.339,615.312,998.362,652.596,0.000,60.249,0.000,0.000,0.000,0.000
2269,830.040,1779.726,1779.726,1712.162,614.796,995.582,656.809,0.000,59.641,0.000,0.000,0.000,0.000
2270,830.421,1778.766,1778.766,1713.076,614.281,992.843,661.054,0.000,59.051,0.000,0.000,0.000,0.000
2271,830.801,1732.285,1732.285,1714.077,613.766,990.147,665.327,0.000,58.478,0.000,0.000,0.000,0.000
2272,831.182,1735.696,1735.696,1715.166,613.250,987.493,669.628,0.000,57.922,0.000,0.000,0.000,0.000
2273,831.562,1842.721,1842.721,1716.340,612.735,984.881,673.954,0.000,57.384,0.000,0.000,0.000,0.000
2274,831.943,1872.326,1872.326,1717.597,612.220,982.314,678.303,0.000,56.862,0.000,0.000,0.000,0.000
2275,832.323,1779.629,1779.629,1718.937,611.705,979.790,682.674,0.000,56.357,0.000,0.000,0.000,0.000
2276,832.704,1912.632,1912.632,1720.358,611.189,977.311,687.065,0.000,55.869,0.000,0.000,0.000,0.000
2277,833.085,1819.717,1819.717,1721.858,610.674,974.877,691.473,0.000,55.397,0.000,0.000,0.000,0.000
2278,833.465,1832.415,1832.415,1723.584,610.307,972.563,695.966,0.000,54.946,0.000,0.000,0.000,0.000
2279,833.846,1900.434,1900.434,1725.386,609.941,970.296,700.473,0.000,54.511,0.000,0.000,0.000,0.000
2280,834.227,1857.734,1857.734,1727.263,609.574,968.076,704.991,0.000,54.091,0.000,0.000,0.000,0.000
2281,834.608,1832.871,1832.871,1729.213,609.208,965.905,709.518,0.000,53.688,0.000,0.000,0.000,0.000
2282,834.988,1849.901,1849.901,1731.234,608.841,963.783,714.051,0.000,53.300,0.000,0.000,0.000,0.000
2283,835.369,1937.175,1937.175,1733.326,608.474,961.711,718.589,0.000,52.927,0.000,0.000,0.000,0.000
2284,835.750,1883.280,1883.280,1735.486,608.108,959.691,723.130,0.000,52.570,0.000,0.000,0.000,0.000
2285,836.131,1792.608,1792.608,1737.714,607.741,957.723,727.670,0.000,52.227,0.000,0.000,0.000,0.000
2286,836.512,1850.493,1850.493,1740.008,607.375,955.809,732.207,0.000,51.900,0.000,0.000,0.000,0.000
2287,836.892,1869.436,1869.436,1742.366,607.008,953.951,736.740,0.000,51.587,0.000,0.000,0.000,0.000
2288,837.273,1807.264,1807.264,1744.788,606.641,952.149,741.265,0.000,51.288,0.000,0.000,0.000,0.000
2289,837.654,1867.458,1867.458,1747.273,606.275,950.405,745.780,0.000,51.003,0.000,0.000,0.000,0.000
2290,838.035,1857.642,1857.642,1749.818,605.908,948.720,750.282,0.000,50.733,0.000,0.000,0.000,0.000
2291,838.416,1977.871,1977.871,1752.424,605.542,947.097,754.770,0.000,50.476,0.000,0.000,0.000,0.000
2292,838.797,1784.546,1784.546,1755.088,605.175,945.537,759.240,0.000,50.233,0.000,0.000,0.000,0.000
2293,839.178,1854.386,1854.386,1757.810,604.809,944.041,763.689,0.000,50.003,0.000,0.000,0.000,0.000
2294,839.559,1896.528,1896.528,1760.590,604.442,942.613,768.116,0.000,49.786,0.000,0.000,0.000,0.000
2295,839.940,1854.688,1854.688,1763.426,604.075,941.252,772.518,0.000,49.582,0.000,0.000,0.000,0.000
2296,840.321,1976.547,1976.547,1766.317,603.709,939.963,776.891,0.000,49.392,0.000,0.000,0.000,0.000
2297,840.702,1852.574,1852.574,1769.263,603.342,938.746,781.234,0.000,49.213,0.000,0.000,0.000,0.000
2298,841.084,1835.317,1835.317,1772.264,602.976,937.605,785.544,0.000,49.047,0.000,0.000,0.000,0.000
2299,841.465,1884.797,1884.797,1775.318,602.609,936.541,789.817,0.000,48.894,0.000,0.000,0.000,0.000
2300,841.846,1935.890,1935.890,1778.425,602.242,935.557,794.052,0.000,48.752,0.000,0.000,0.000,0.000
2301,842.227,1884.048,1884.048,1781.585,601.876,934.656,798.245,0.000,48.622,0.000,0.000,0.000,0.000
2302,842.608,1939.421,1939.421,1784.798,601.509,933.839,802.395,0.000,48.504,0.000,0.000,0.000,0.000
2303,842.989,1895.052,1895.052,1788.064,601.143,933.110,806.497,0.000,48.397,0.000,0.000,0.000,0.000
2304,843.371,1968.677,1968.677,1791.381,600.776,932.472,810.551,0.000,48.301,0.000,0.000,0.000,0.000
2305,843.752,2087.256,2087.256,1794.751,600.409,931.927,814.552,0.000,48.216,0.000,0.000,0.000,0.000
2306,844.133,1898.441,1898.441,1798.174,600.043,931.478,818.499,0.000,48.143,0.000,0.000,0.000,0.000
2307,844.515,1987.832,1987.832,1801.649,599.676,931.129,822.388,0.000,48.079,0.000,0.000,0.000,0.000
2308,844.896,1869.687,1869.687,1805.177,599.310,930.882,826.218,0.000,48.027,0.000,0.000,0.000,0.000
2309,845.277,1937.479,1937.479,1808.759,598.943,930.740,829.985,0.000,47.984,0.000,0.000,0.000,0.000
2310,845.659,1906.548,1906.548,1812.395,598.577,930.708,833.687,0.000,47.952,0.000,0.000,0.000,0.000
2311,846.040,1975.684,1975.684,1816.085,598.210,930.787,837.321,0.000,47.930,0.000,0.000,0.000,0.000
2312,846.422,1996.294,1996.294,1819.831,597.843,930.983,840.885,0.000,47.917,0.000,0.000,0.000,0.000
2313,846.803,2006.429,2006.429,1823.632,597.477,931.297,844.377,0.000,47.914,0.000,0.000,0.000,0.000
2314,847.184,2061.682,2061.682,1827.491,597.110,931.735,847.793,0.000,47.920,0.000,0.000,0.000,0.000
2315,847.566,2046.671,2046.671,1831.408,596.744,932.298,851.132,0.000,47.936,0.000,0.000,0.000,0.000
2316,847.947,2065.976,2065.976,1835.384,596.377,932.992,854.392,0.000,47.960,0.000,0.000,0.000,0.000
2317,848.329,2029.581,2029.581,1839.420,596.010,933.819,857.568,0.000,47.994,0.000,0.000,0.000,0.000
2318,848.711,2096.179,2096.179,1843.519,595.644,934.784,860.661,0.000,48.036,0.000,0.000,0.000,0.000
2319,849.092,2017.886,2017.886,1847.680,595.277,935.891,863.666,0.000,48.087,0.000,0.000,0.000,0.000
2320,849.474,1987.959,1987.959,1851.907,594.911,937.143,866.583,0.000,48.146,0.000,0.000,0.000,0.000
2321,849.855,2036.027,2036.027,1856.200,594.544,938.544,869.408,0.000,48.213,0.000,0.000,0.000,0.000
2322,850.237,1991.508,1991.508,1860.561,594.178,940.099,872.140,0.000,48.288,0.000,0.000,0.000,0.000
2323,850.619,2131.935,2131.935,1864.993,593.811,941.812,874.777,0.000,48.372,0.000,0.000,0.000,0.000
2324,851.000,2094.857,2094.857,1869.496,593.444,943.686,877.317,0.000,48.463,0.000,0.000,0.000,0.000
2325,851.382,1983.739,1983.739,1874.074,593.078,945.726,879.757,0.000,48.561,0.000,0.000,0.000,0.000
2326,851.764,2117.756,2117.756,1878.728,592.711,947.935,882.096,0.000,48.667,0.000,0.000,0.000,0.000
2327,852.146,2140.212,2140.212,1883.461,592.345,950.319,884.333,0.000,48.781,0.000,0.000,0.000,0.000
2328,852.527,2050.837,2050.837,1888.274,591.978,952.882,886.464,0.000,48.901,0.000,0.000,0.000,0.000
2329,852.909,2144.940,2144.940,1893.171,591.611,955.626,888.490,0.000,49.029,0.000,0.000,0.000,0.000
2330,853.291,2027.354,2027.354,1898.154,591.245,958.558,890.408,0.000,49.163,0.000,0.000,0.000,0.000
2331,853.673,2039.423,2039.423,1903.225,590.878,961.681,892.216,0.000,49.304,0.000,0.000,0.000,0.000
2332,854.055,2096.781,2096.781,1908.387,590.512,964.999,893.913,0.000,49.451,0.000,0.000,0.000,0.000
2333,854.437,2028.363,2028.363,1913.643,590.145,968.517,895.498,0.000,49.605,0.000,0.000,0.000,0.000
2334,854.819,2145.168,2145.168,1918.996,589.778,972.239,896.970,0.000,49.765,0.000,0.000,0.000,0.000
2335,855.201,2171.355,2171.355,1924.448,589.412,976.169,898.327,0.000,49.931,0.000,0.000,0.000,0.000
2336,855.583,2157.566,2157.566,1930.003,589.045,980.311,899.569,0.000,50.103,0.000,0.000,0.000,0.000
2337,855.965,2090.634,2090.634,1935.664,588.679,984.670,900.693,0.000,50.281,0.000,0.000,0.000,0.000
2338,856.347,2148.266,2148.266,1941.433,588.312,989.249,901.700,0.000,50.465,0.000,0.000,0.000,0.000
2339,856.729,2185.589,2185.589,1947.314,587.946,994.054,902.588,0.000,50.654,0.000,0.000,0.000,0.000
2340,857.111,2251.510,2251.510,1953.309,587.579,999.087,903.357,0.000,50.848,0.000,0.000,0.000,0.000
2341,857.493,2200.007,2200.007,1959.423,587.212,1004.354,904.005,0.000,51.047,0.000,0.000,0.000,0.000
2342,857.875,2101.507,2101.507,1965.658,586.846,1009.857,904.533,0.000,51.252,0.000,0.000,0.000,0.000
2343,858.257,2190.673,2190.673,1972.018,586.479,1015.602,904.939,0.000,51.462,0.000,0.000,0.000,0.000
2344,858.639,2163.239,2163.239,1978.506,586.113,1021.591,905.224,0.000,51.676,0.000,0.000,0.000,0.000
2345,859.021,2172.274,2172.274,1985.125,585.746,1027.829,905.386,0.000,51.895,0.000,0.000,0.000,0.000
2346,859.403,2302.363,2302.363,1991.878,585.379,1034.320,905.427,0.000,52.118,0.000,0.000,0.000,0.000
2347,859.786,2332.658,2332.658,1998.770,585.013,1041.066,905.345,0.000,52.346,0.000,0.000,0.000,0.000
2348,860.168,2277.530,2277.530,2005.803,584.646,1048.072,905.140,0.000,52.578,0.000,0.000,0.000,0.000
2349,860.550,2349.589,2349.589,2012.981,584.280,1055.342,904.813,0.000,52.814,0.000,0.000,0.000,0.000
2350,860.932,2304.138,2304.138,2020.307,583.913,1062.878,904.364,0.000,53.054,0.000,0.000,0.000,0.000
2351,861.315,2279.879,2279.879,2027.785,583.546,1070.684,903.792,0.000,53.297,0.000,0.000,0.000,0.000
2352,861.697,2350.044,2350.044,2035.417,583.180,1078.763,903.098,0.000,53.544,0.000,0.000,0.000,0.000
2353,862.079,2382.044,2382.044,2043.207,582.813,1087.118,902.283,0.000,53.795,0.000,0.000,0.000,0.000
2354,862.462,2336.139,2336.139,2051.159,582.447,1095.753,901.347,0.000,54.049,0.000,0.000,0.000,0.000
2355,862.844,2252.314,2252.314,2059.276,582.080,1104.669,900.291,0.000,54.306,0.000,0.000,0.000,0.000
2356,863.227,2280.047,2280.047,2067.560,581.714,1113.870,899.115,0.000,54.566,0.000,0.000,0.000,0.000
2357,863.609,2436.858,2436.858,2076.015,581.347,1123.357,897.820,0.000,54.829,0.000,0.000,0.000,0.000
2358,863.991,2480.946,2480.946,2084.645,580.980,1133.135,896.406,0.000,55.095,0.000,0.000,0.000,0.000
2359,864.374,2341.777,2341.777,2093.451,580.614,1143.204,894.876,0.000,55.363,0.000,0.000,0.000,0.000
2360,864.756,2332.257,2332.257,2102.438,580.247,1153.567,893.229,0.000,55.633,0.000,0.000,0.000,0.000
2361,865.139,2360.500,2360.500,2111.607,579.881,1164.226,891.467,0.000,55.906,0.000,0.000,0.000,0.000
2362,865.522,2447.776,2447.776,2120.962,579.514,1175.183,889.591,0.000,56.181,0.000,0.000,0.000,0.000
2363,865.904,2429.617,2429.617,2130.506,579.147,1186.439,887.603,0.000,56.457,0.000,0.000,0.000,0.000
2364,866.287,2404.248,2404.248,2140.241,578.781,1197.995,885.503,0.000,56.736,0.000,0.000,0.000,0.000
2365,866.669,2498.797,2498.797,2150.169,578.414,1209.854,883.293,0.000,57.016,0.000,0.000,0.000,0.000
2366,867.052,2483.813,2483.813,2160.293,578.048,1222.015,880.975,0.000,57.297,0.000,0.000,0.000,0.000
2367,867.435,2542.080,2542.080,2170.616,577.681,1234.480,878.550,0.000,57.580,0.000,0.000,0.000,0.000
2368,867.817,2505.610,2505.610,2181.138,577.315,1247.250,876.019,0.000,57.864,0.000,0.000,0.000,0.000
2369,868.200,2489.176,2489.176,2191.864,576.948,1260.325,873.385,0.000,58.149,0.000,0.000,0.000,0.000
2370,868.583,2669.306,2669.306,2202.793,576.581,1273.705,870.650,0.000,58.434,0.000,0.000,0.000,0.000
2371,868.965,2655.427,2655.427,2213.929,576.215,1287.390,867.814,0.000,58.720,0.000,0.000,0.000,0.000
2372,869.348,2520.653,2520.653,2225.272,575.848,1301.380,864.881,0.000,59.007,0.000,0.000,0.000,0.000
2373,869.731,2692.117,2692.117,2236.825,575.482,1315.676,861.851,0.000,59.293,0.000,0.000,0.000,0.000
2374,870.114,2555.633,2555.633,2248.588,575.115,1330.275,858.728,0.000,59.580,0.000,0.000,0.000,0.000
2375,870.497,2532.843,2532.843,2260.562,574.748,1345.178,855.513,0.000,59.867,0.000,0.000,0.000,0.000
2376,870.880,2710.328,2710.328,2272.749,574.382,1360.383,852.208,0.000,60.154,0.000,0.000,0.000,0.000
2377,871.263,2622.192,2622.192,2285.149,574.015,1375.889,848.816,0.000,60.440,0.000,0.000,0.000,0.000
2378,871.645,2683.262,2683.262,2297.763,573.649,1391.694,845.339,0.000,60.726,0.000,0.000,0.000,0.000
2379,872.028,2740.517,2740.517,2310.591,573.282,1407.798,841.779,0.000,61.011,0.000,0.000,0.000,0.000
2380,872.411,2750.436,2750.436,2323.633,572.915,1424.197,838.138,0.000,61.295,0.000,0.000,0.000,0.000
2381,872.794,2705.297,2705.297,2336.890,572.549,1440.890,834.420,0.000,61.578,0.000,0.000,0.000,0.000
2382,873.177,2796.371,2796.371,2350.361,572.182,1457.873,830.625,0.000,61.860,0.000,0.000,0.000,0.000
2383,873.560,2732.129,2732.129,2364.046,571.816,1475.145,826.758,0.000,62.140,0.000,0.000,0.000,0.000
2384,873.943,2814.186,2814.186,2377.943,571.449,1492.703,822.820,0.000,62.419,0.000,0.000,0.000,0.000
2385,874.326,2750.802,2750.802,2392.054,571.083,1510.542,818.813,0.000,62.696,0.000,0.000,0.000,0.000
2386,874.710,2746.256,2746.256,2406.375,570.716,1528.660,814.742,0.000,62.971,0.000,0.000,0.000,0.000
2387,875.093,2876.047,2876.047,2420.907,570.349,1547.054,810.607,0.000,63.244,0.000,0.000,0.000,0.000
2388,875.476,2842.174,2842.174,2435.646,569.983,1565.718,806.412,0.000,63.514,0.000,0.000,0.000,0.000
2389,875.859,2917.492,2917.492,2450.593,569.616,1584.648,802.160,0.000,63.783,0.000,0.000,0.000,0.000
2390,876.242,2786.159,2786.159,2465.744,569.250,1603.841,797.852,0.000,64.049,0.000,0.000,0.000,0.000
2391,876.625,2857.860,2857.860,2481.098,568.883,1623.292,793.493,0.000,64.312,0.000,0.000,0.000,0.000
2392,877.009,2951.211,2951.211,2496.652,568.516,1642.995,789.084,0.000,64.572,0.000,0.000,0.000,0.000
2393,877.392,2941.987,2941.987,2512.404,568.150,1662.945,784.628,0.000,64.829,0.000,0.000,0.000,0.000
2394,877.775,3096.887,3096.887,2528.349,567.783,1683.137,780.128,0.000,65.083,0.000,0.000,0.000,0.000
2395,878.158,2981.531,2981.531,2544.487,567.417,1703.565,775.586,0.000,65.334,0.000,0.000,0.000,0.000
2396,878.542,3035.767,3035.767,2560.812,567.050,1724.223,771.006,0.000,65.581,0.000,0.000,0.000,0.000
2397,878.925,3112.411,3112.411,2577.321,566.683,1745.105,766.391,0.000,65.824,0.000,0.000,0.000,0.000
2398,879.309,3177.351,3177.351,2594.010,566.317,1766.204,761.742,0.000,66.063,0.000,0.000,0.000,0.000
2399,879.692,2959.221,2959.221,2610.876,565.950,1787.514,757.062,0.000,66.299,0.000,0.000,0.000,0.000
2400,880.075,3062.336,3062.336,2627.914,565.584,1809.028,752.355,0.000,66.530,0.000,0.000,0.000,0.000
2401,880.459,3087.175,3087.175,2645.119,565.217,1830.738,747.623,0.000,66.758,0.000,0.000,0.000,0.000
2402,880.842,3211.367,3211.367,2662.486,564.851,1852.637,742.868,0.000,66.980,0.000,0.000,0.000,0.000
2403,881.226,3215.802,3215.802,2680.010,564.484,1874.717,738.094,0.000,67.198,0.000,0.000,0.000,0.000
2404,881.609,3242.111,3242.111,2697.687,564.117,1896.971,733.302,0.000,67.412,0.000,0.000,0.000,0.000
2405,881.993,3235.500,3235.500,2715.509,563.751,1919.391,728.497,0.000,67.621,0.000,0.000,0.000,0.000
2406,882.376,3264.475,3264.475,2733.472,563.384,1941.967,723.679,0.000,67.824,0.000,0.000,0.000,0.000
2407,882.760,3225.549,3225.549,2751.570,563.018,1964.693,718.853,0.000,68.023,0.000,0.000,0.000,0.000
2408,883.144,3250.673,3250.673,2769.795,562.651,1987.558,714.020,0.000,68.217,0.000,0.000,0.000,0.000
2409,883.527,3302.441,3302.441,2788.143,562.284,2010.555,709.182,0.000,68.405,0.000,0.000,0.000,0.000
2410,883.911,3303.391,3303.391,2806.605,561.918,2033.673,704.343,0.000,68.588,0.000,0.000,0.000,0.000
2411,884.294,3388.293,3388.293,2825.175,561.551,2056.904,699.505,0.000,68.765,0.000,0.000,0.000,0.000
2412,884.678,3345.068,3345.068,2843.846,561.185,2080.239,694.671,0.000,68.936,0.000,0.000,0.000,0.000
2413,885.062,3313.395,3313.395,2862.611,560.818,2103.667,689.842,0.000,69.102,0.000,0.000,0.000,0.000
2414,885.446,3359.196,3359.196,2881.462,560.452,2127.178,685.021,0.000,69.262,0.000,0.000,0.000,0.000
2415,885.829,3420.246,3420.246,2900.391,560.085,2150.764,680.210,0.000,69.416,0.000,0.000,0.000,0.000
2416,886.213,3634.230,3634.230,2919.391,559.718,2174.414,675.413,0.000,69.564,0.000,0.000,0.000,0.000
2417,886.597,3436.952,3436.952,2938.452,559.352,2198.117,670.630,0.000,69.706,0.000,0.000,0.000,0.000
2418,886.981,3462.117,3462.117,2957.568,558.985,2221.863,665.864,0.000,69.841,0.000,0.000,0.000,0.000
2419,887.365,3572.089,3572.089,2976.729,558.619,2245.642,661.117,0.000,69.971,0.000,0.000,0.000,0.000
2420,887.749,3493.995,3493.995,2995.928,558.252,2269.442,656.391,0.000,70.094,0.000,0.000,0.000,0.000
2421,888.132,3481.703,3481.703,3015.154,557.885,2293.255,651.689,0.000,70.210,0.000,0.000,0.000,0.000
2422,888.516,3540.578,3540.578,3034.400,557.519,2317.067,647.012,0.000,70.320,0.000,0.000,0.000,0.000
2423,888.900,3629.766,3629.766,3053.656,557.152,2340.870,642.363,0.000,70.424,0.000,0.000,0.000,0.000
2424,889.284,3703.359,3703.359,3072.914,556.786,2364.651,637.742,0.000,70.521,0.000,0.000,0.000,0.000
2425,889.668,3659.185,3659.185,3092.163,556.419,2388.399,633.153,0.000,70.611,0.000,0.000,0.000,0.000
2426,890.052,3738.002,3738.002,3111.394,556.052,2412.104,628.596,0.000,70.694,0.000,0.000,0.000,0.000
2427,890.436,3616.610,3616.610,3130.599,555.686,2435.754,624.073,0.000,70.771,0.000,0.000,0.000,0.000
2428,890.820,3635.697,3635.697,3149.767,555.319,2459.339,619.587,0.000,70.841,0.000,0.000,0.000,0.000
2429,891.204,3701.069,3701.069,3168.889,554.953,2482.846,615.139,0.000,70.904,0.000,0.000,0.000,0.000
2430,891.589,3846.893,3846.893,3187.955,554.586,2506.265,610.729,0.000,70.961,0.000,0.000,0.000,0.000
2431,891.973,3893.466,3893.466,3206.956,554.220,2529.584,606.361,0.000,71.010,0.000,0.000,0.000,0.000
2432,892.357,3840.964,3840.964,3225.880,553.853,2552.793,602.035,0.000,71.053,0.000,0.000,0.000,0.000
2433,892.741,3828.166,3828.166,3244.720,553.486,2575.879,597.752,0.000,71.089,0.000,0.000,0.000,0.000
2434,893.125,3932.590,3932.590,3263.464,553.120,2598.832,593.514,0.000,71.118,0.000,0.000,0.000,0.000
2435,893.509,3908.977,3908.977,3282.103,552.753,2621.640,589.322,0.000,71.140,0.000,0.000,0.000,0.000
2436,893.894,3753.340,3753.340,3300.627,552.387,2644.293,585.178,0.000,71.155,0.000,0.000,0.000,0.000
2437,894.278,3917.005,3917.005,3319.025,552.020,2666.779,581.082,0.000,71.164,0.000,0.000,0.000,0.000
2438,894.662,3837.061,3837.061,3337.289,551.653,2689.087,577.036,0.000,71.166,0.000,0.000,0.000,0.000
2439,895.047,3843.788,3843.788,3355.409,551.287,2711.207,573.041,0.000,71.160,0.000,0.000,0.000,0.000
2440,895.431,3939.030,3939.030,3373.373,550.920,2733.128,569.097,0.000,71.149,0.000,0.000,0.000,0.000
2441,895.815,3923.217,3923.217,3391.173,550.554,2754.838,565.205,0.000,71.130,0.000,0.000,0.000,0.000
2442,896.200,3959.286,3959.286,3408.800,550.187,2776.327,561.367,0.000,71.105,0.000,0.000,0.000,0.000
2443,896.584,3985.450,3985.450,3426.242,549.820,2797.586,557.584,0.000,71.073,0.000,0.000,0.000,0.000
2444,896.969,3947.786,3947.786,3443.492,549.454,2818.602,553.855,0.000,71.035,0.000,0.000,0.000,0.000
2445,897.353,4018.243,4018.243,3460.538,549.087,2839.367,550.181,0.000,70.990,0.000,0.000,0.000,0.000
2446,897.737,4085.518,4085.518,3477.373,548.721,2859.870,546.564,0.000,70.938,0.000,0.000,0.000,0.000
2447,898.122,4132.100,4132.100,3493.986,548.354,2880.102,543.004,0.000,70.880,0.000,0.000,0.000,0.000
2448,898.507,4076.872,4076.872,3510.369,547.988,2900.052,539.501,0.000,70.816,0.000,0.000,0.000,0.000
2449,898.891,4240.977,4240.977,3526.513,547.621,2919.711,536.056,0.000,70.746,0.000,0.000,0.000,0.000
2450,899.276,4049.617,4049.617,3542.408,547.254,2939.070,532.669,0.000,70.669,0.000,0.000,0.000,0.000
2451,899.660,4131.806,4131.806,3558.047,546.888,2958.120,529.340,0.000,70.587,0.000,0.000,0.000,0.000
2452,900.045,4070.706,4070.706,3573.420,546.521,2976.851,526.071,0.000,70.498,0.000,0.000,0.000,0.000
2453,900.430,4104.526,4104.526,3588.520,546.155,2995.256,522.860,0.000,70.404,0.000,0.000,0.000,0.000
2454,900.814,4200.686,4200.686,3603.339,545.788,3013.326,519.709,0.000,70.304,0.000,0.000,0.000,0.000
2455,901.199,4123.455,4123.455,3617.868,545.421,3031.052,516.618,0.000,70.198,0.000,0.000,0.000,0.000
2456,901.584,4050.842,4050.842,3632.100,545.055,3048.427,513.586,0.000,70.086,0.000,0.000,0.000,0.000
2457,901.968,4287.752,4287.752,3646.027,544.688,3065.444,510.614,0.000,69.969,0.000,0.000,0.000,0.000
2458,902.353,4171.540,4171.540,3659.643,544.322,3082.094,507.702,0.000,69.847,0.000,0.000,0.000,0.000
2459,902.738,4252.664,4252.664,3672.939,543.955,3098.371,504.849,0.000,69.719,0.000,0.000,0.000,0.000
2460,903.123,4163.000,4163.000,3685.910,543.589,3114.268,502.056,0.000,69.586,0.000,0.000,0.000,0.000
2461,903.507,4194.420,4194.420,3698.550,543.222,3129.778,499.323,0.000,69.449,0.000,0.000,0.000,0.000
2462,903.892,4263.769,4263.769,3710.851,542.855,3144.895,496.649,0.000,69.306,0.000,0.000,0.000,0.000
2463,904.277,4196.817,4196.817,3722.808,542.489,3159.614,494.035,0.000,69.159,0.000,0.000,0.000,0.000
2464,904.662,4141.078,4141.078,3734.416,542.122,3173.929,491.479,0.000,69.007,0.000,0.000,0.000,0.000
2465,905.047,4233.315,4233.315,3745.668,541.756,3187.835,488.983,0.000,68.850,0.000,0.000,0.000,0.000
2466,905.432,4231.793,4231.793,3756.560,541.389,3201.326,486.545,0.000,68.690,0.000,0.000,0.000,0.000
2467,905.817,4258.326,4258.326,3767.088,541.022,3214.399,484.165,0.000,68.525,0.000,0.000,0.000,0.000
2468,906.202,4071.685,4071.685,3777.246,540.656,3227.048,481.843,0.000,68.356,0.000,0.000,0.000,0.000
2469,906.587,4252.914,4252.914,3787.031,540.289,3239.271,479.578,0.000,68.183,0.000,0.000,0.000,0.000
2470,906.972,4272.639,4272.639,3796.439,539.923,3251.063,477.370,0.000,68.006,0.000,0.000,0.000,0.000
2471,907.357,4253.986,4253.986,3805.466,539.556,3262.422,475.219,0.000,67.826,0.000,0.000,0.000,0.000
2472,907.742,4181.747,4181.747,3814.110,539.189,3273.344,473.124,0.000,67.642,0.000,0.000,0.000,0.000
2473,908.127,4223.925,4223.925,3822.366,538.823,3283.827,471.085,0.000,67.455,0.000,0.000,0.000,0.000
2474,908.512,4155.551,4155.551,3830.234,538.456,3293.869,469.100,0.000,67.264,0.000,0.000,0.000,0.000
2475,908.898,4197.407,4197.407,3837.710,538.090,3303.469,467.171,0.000,67.071,0.000,0.000,0.000,0.000
2476,909.283,4226.690,4226.690,3844.794,537.723,3312.624,465.295,0.000,66.875,0.000,0.000,0.000,0.000
2477,909.668,4217.726,4217.726,3851.483,537.357,3321.334,463.472,0.000,66.676,0.000,0.000,0.000,0.000
2478,910.053,4245.793,4245.793,3857.776,536.990,3329.599,461.703,0.000,66.475,0.000,0.000,0.000,0.000
2479,910.438,4141.399,4141.399,3863.673,536.623,3337.417,459.985,0.000,66.271,0.000,0.000,0.000,0.000
2480,910.824,4171.706,4171.706,3869.173,536.257,3344.790,458.319,0.000,66.065,0.000,0.000,0.000,0.000
2481,911.209,4131.318,4131.318,3874.276,535.890,3351.716,456.703,0.000,65.856,0.000,0.000,0.000,0.000
2482,911.594,4147.803,4147.803,3878.983,535.524,3358.199,455.138,0.000,65.646,0.000,0.000,0.000,0.000
2483,911.980,4023.200,4023.200,3883.293,535.157,3364.237,453.622,0.000,65.434,0.000,0.000,0.000,0.000
2484,912.365,4108.109,4108.109,3887.209,534.790,3369.833,452.154,0.000,65.221,0.000,0.000,0.000,0.000
2485,912.750,4093.057,4093.057,3890.730,534.424,3374.990,450.735,0.000,65.006,0.000,0.000,0.000,0.000
2486,913.136,4045.764,4045.764,3893.860,534.057,3379.708,449.363,0.000,64.789,0.000,0.000,0.000,0.000
2487,913.521,4107.186,4107.186,3896.599,533.691,3383.990,448.037,0.000,64.572,0.000,0.000,0.000,0.000
2488,913.907,4031.838,4031.838,3898.950,533.324,3387.841,446.757,0.000,64.353,0.000,0.000,0.000,0.000
2489,914.292,4201.777,4201.777,3900.916,532.957,3391.262,445.521,0.000,64.133,0.000,0.000,0.000,0.000
2490,914.678,4098.594,4098.594,3902.500,532.591,3394.257,444.330,0.000,63.913,0.000,0.000,0.000,0.000
2491,915.063,3918.129,3918.129,3903.705,532.224,3396.830,443.182,0.000,63.692,0.000,0.000,0.000,0.000
2492,915.449,4121.071,4121.071,3904.534,531.858,3398.986,442.077,0.000,63.471,0.000,0.000,0.000,0.000
2493,915.834,3997.604,3997.604,3904.991,531.491,3400.729,441.013,0.000,63.249,0.000,0.000,0.000,0.000
2494,916.220,4040.899,4040.899,3905.081,531.125,3402.063,439.991,0.000,63.027,0.000,0.000,0.000,0.000
2495,916.606,4013.160,4013.160,3904.809,530.758,3402.995,439.008,0.000,62.806,0.000,0.000,0.000,0.000
2496,916.991,3893.059,3893.059,3904.178,530.391,3403.529,438.065,0.000,62.584,0.000,0.000,0.000,0.000
2497,917.377,3972.949,3972.949,3903.193,530.025,3403.671,437.160,0.000,62.362,0.000,0.000,0.000,0.000
2498,917.763,3839.362,3839.362,3901.861,529.658,3403.427,436.294,0.000,62.141,0.000,0.000,0.000,0.000
2499,918.148,3932.269,3932.269,3900.187,529.292,3402.803,435.464,0.000,61.920,0.000,0.000,0.000,0.000
2500,918.534,3877.855,3877.855,3898.176,528.925,3401.807,434.670,0.000,61.700,0.000,0.000,0.000,0.000
2501,918.920,3950.004,3950.004,3895.835,528.558,3400.444,433.912,0.000,61.480,0.000,0.000,0.000,0.000
2502,919.306,3971.495,3971.495,3893.170,528.192,3398.721,433.188,0.000,61.261,0.000,0.000,0.000,0.000
2503,919.692,3842.470,3842.470,3890.188,527.825,3396.647,432.498,0.000,61.043,0.000,0.000,0.000,0.000
2504,920.077,3802.829,3802.829,3886.895,527.459,3394.227,431.841,0.000,60.827,0.000,0.000,0.000,0.000
2505,920.463,3763.573,3763.573,3883.298,527.092,3391.471,431.216,0.000,60.611,0.000,0.000,0.000,0.000
2506,920.849,3882.688,3882.688,3879.405,526.726,3388.386,430.623,0.000,60.396,0.000,0.000,0.000,0.000
2507,921.235,3744.773,3744.773,3875.222,526.359,3384.979,430.060,0.000,60.183,0.000,0.000,0.000,0.000
2508,921.621,3718.506,3718.506,3870.758,525.992,3381.259,429.527,0.000,59.972,0.000,0.000,0.000,0.000
2509,922.007,3698.619,3698.619,3866.020,525.626,3377.235,429.024,0.000,59.761,0.000,0.000,0.000,0.000
2510,922.393,3937.576,3937.576,3861.016,525.259,3372.915,428.548,0.000,59.553,0.000,0.000,0.000,0.000
2511,922.779,3823.215,3823.215,3855.754,524.893,3368.308,428.101,0.000,59.346,0.000,0.000,0.000,0.000
2512,923.165,3681.246,3681.246,3850.242,524.526,3363.422,427.680,0.000,59.141,0.000,0.000,0.000,0.000
2513,923.551,3617.770,3617.770,3844.488,524.159,3358.266,427.285,0.000,58.937,0.000,0.000,0.000,0.000
2514,923.937,3700.954,3700.954,3838.501,523.793,3352.849,426.916,0.000,58.736,0.000,0.000,0.000,0.000
2515,924.323,3551.543,3551.543,3832.289,523.426,3347.181,426.572,0.000,58.536,0.000,0.000,0.000,0.000
2516,924.709,3681.202,3681.202,3825.861,523.060,3341.270,426.252,0.000,58.339,0.000,0.000,0.000,0.000
2517,925.095,3579.627,3579.627,3819.225,522.693,3335.126,425.955,0.000,58.144,0.000,0.000,0.000,0.000
2518,925.482,3716.525,3716.525,3812.390,522.326,3328.758,425.681,0.000,57.951,0.000,0.000,0.000,0.000
2519,925.868,3509.306,3509.306,3805.364,521.960,3322.176,425.429,0.000,57.760,0.000,0.000,0.000,0.000
2520,926.254,3622.224,3622.224,3798.157,521.593,3315.388,425.198,0.000,57.571,0.000,0.000,0.000,0.000
2521,926.640,3560.967,3560.967,3790.777,521.227,3308.404,424.988,0.000,57.384,0.000,0.000,0.000,0.000
2522,927.026,3439.514,3439.514,3783.232,520.860,3301.233,424.799,0.000,57.200,0.000,0.000,0.000,0.000
2523,927.413,3416.640,3416.640,3775.532,520.494,3293.885,424.628,0.000,57.018,0.000,0.000,0.000,0.000
2524,927.799,3476.756,3476.756,3767.686,520.127,3286.369,424.477,0.000,56.839,0.000,0.000,0.000,0.000
2525,928.185,3324.987,3324.987,3759.701,519.760,3278.695,424.344,0.000,56.662,0.000,0.000,0.000,0.000
2526,928.572,3402.998,3402.998,3751.587,519.394,3270.871,424.229,0.000,56.488,0.000,0.000,0.000,0.000
2527,928.958,3397.644,3397.644,3743.353,519.027,3262.906,424.131,0.000,56.316,0.000,0.000,0.000,0.000
2528,929.345,3435.157,3435.157,3735.006,518.661,3254.810,424.050,0.000,56.146,0.000,0.000,0.000,0.000
2529,929.731,3424.869,3424.869,3726.555,518.294,3246.592,423.984,0.000,55.979,0.000,0.000,0.000,0.000
2530,930.117,3324.129,3324.129,3718.009,517.927,3238.261,423.934,0.000,55.814,0.000,0.000,0.000,0.000
2531,930.504,3401.419,3401.419,3709.376,517.561,3229.825,423.900,0.000,55.652,0.000,0.000,0.000,0.000
2532,930.890,3403.797,3403.797,3700.664,517.194,3221.293,423.879,0.000,55.492,0.000,0.000,0.000,0.000
2533,931.277,3467.704,3467.704,3691.881,516.828,3212.673,423.873,0.000,55.335,0.000,0.000,0.000,0.000
2534,931.664,3403.248,3403.248,3683.035,516.461,3203.975,423.880,0.000,55.181,0.000,0.000,0.000,0.000
2535,932.050,3359.528,3359.528,3674.134,516.094,3195.206,423.900,0.000,55.028,0.000,0.000,0.000,0.000
2536,932.437,3122.594,3122.594,3665.186,515.728,3186.374,423.933,0.000,54.879,0.000,0.000,0.000,0.000
2537,932.823,3322.456,3322.456,3656.197,515.361,3177.487,423.978,0.000,54.731,0.000,0.000,0.000,0.000
2538,933.210,3364.312,3364.312,3647.175,514.995,3168.554,424.035,0.000,54.586,0.000,0.000,0.000,0.000
2539,933.597,3320.395,3320.395,3638.127,514.628,3159.581,424.103,0.000,54.444,0.000,0.000,0.000,0.000
2540,933.983,3289.612,3289.612,3629.061,514.262,3150.575,424.182,0.000,54.304,0.000,0.000,0.000,0.000
2541,934.370,3304.933,3304.933,3619.982,513.895,3141.545,424.271,0.000,54.166,0.000,0.000,0.000,0.000
2542,934.757,3232.457,3232.457,3610.898,513.528,3132.497,424.371,0.000,54.031,0.000,0.000,0.000,0.000
2543,935.144,3233.431,3233.431,3601.814,513.162,3123.437,424.480,0.000,53.897,0.000,0.000,0.000,0.000
2544,935.530,3225.134,3225.134,3592.737,512.795,3114.372,424.598,0.000,53.766,0.000,0.000,0.000,0.000
2545,935.917,3298.952,3298.952,3583.672,512.429,3105.308,424.726,0.000,53.638,0.000,0.000,0.000,0.000
2546,936.304,3170.811,3170.811,3574.625,512.062,3096.252,424.862,0.000,53.511,0.000,0.000,0.000,0.000
2547,936.691,3181.636,3181.636,3565.602,511.695,3087.209,425.007,0.000,53.387,0.000,0.000,0.000,0.000
2548,937.078,3233.592,3233.592,3556.607,511.329,3078.183,425.159,0.000,53.264,0.000,0.000,0.000,0.000
2549,937.465,3070.189,3070.189,3547.645,510.962,3069.182,425.319,0.000,53.144,0.000,0.000,0.000,0.000
2550,937.852,3170.711,3170.711,3538.721,510.596,3060.209,425.487,0.000,53.025,0.000,0.000,0.000,0.000
2551,938.238,3132.097,3132.097,3529.840,510.229,3051.269,425.662,0.000,52.909,0.000,0.000,0.000,0.000
2552,938.625,3190.242,3190.242,3521.005,509.863,3042.367,425.843,0.000,52.794,0.000,0.000,0.000,0.000
2553,939.012,3171.896,3171.896,3512.219,509.496,3033.507,426.031,0.000,52.681,0.000,0.000,0.000,0.000
2554,939.399,3114.101,3114.101,3503.488,509.129,3024.692,426.226,0.000,52.570,0.000,0.000,0.000,0.000
2555,939.787,3143.026,3143.026,3494.813,508.763,3015.926,426.426,0.000,52.461,0.000,0.000,0.000,0.000
2556,940.174,3044.802,3044.802,3486.198,508.396,3007.213,426.632,0.000,52.353,0.000,0.000,0.000,0.000
2557,940.561,3023.806,3023.806,3477.645,508.030,2998.554,426.844,0.000,52.246,0.000,0.000,0.000,0.000
2558,940.948,3130.242,3130.242,3469.157,507.663,2989.954,427.061,0.000,52.142,0.000,0.000,0.000,0.000
2559,941.335,3155.411,3155.411,3460.736,507.296,2981.414,427.284,0.000,52.038,0.000,0.000,0.000,0.000
2560,941.722,3025.015,3025.015,3452.384,506.930,2972.937,427.511,0.000,51.936,0.000,0.000,0.000,0.000
2561,942.109,2996.200,2996.200,3444.102,506.563,2964.524,427.743,0.000,51.836,0.000,0.000,0.000,0.000
2562,942.497,3062.375,3062.375,3435.892,506.197,2956.177,427.979,0.000,51.736,0.000,0.000,0.000,0.000
2563,942.884,3097.662,3097.662,3427.755,505.830,2947.896,428.220,0.000,51.638,0.000,0.000,0.000,0.000
2564,943.271,2987.463,2987.463,3419.690,505.463,2939.684,428.465,0.000,51.541,0.000,0.000,0.000,0.000
2565,943.658,2980.563,2980.563,3411.699,505.097,2931.541,428.714,0.000,51.445,0.000,0.000,0.000,0.000
2566,944.046,3097.418,3097.418,3403.783,504.730,2923.466,428.967,0.000,51.350,0.000,0.000,0.000,0.000
2567,944.433,3112.498,3112.498,3395.939,504.364,2915.461,429.223,0.000,51.256,0.000,0.000,0.000,0.000
2568,944.820,3035.533,3035.533,3388.170,503.997,2907.524,429.483,0.000,51.162,0.000,0.000,0.000,0.000
2569,945.208,2997.882,2997.882,3380.472,503.631,2899.656,429.747,0.000,51.070,0.000,0.000,0.000,0.000
2570,945.595,3139.368,3139.368,3372.847,503.264,2891.856,430.013,0.000,50.978,0.000,0.000,0.000,0.000
2571,945.983,2954.656,2954.656,3365.292,502.897,2884.122,430.283,0.000,50.887,0.000,0.000,0.000,0.000
2572,946.370,3046.479,3046.479,3357.806,502.531,2876.454,430.556,0.000,50.796,0.000,0.000,0.000,0.000
2573,946.757,3030.533,3030.533,3350.388,502.164,2868.851,430.831,0.000,50.706,0.000,0.000,0.000,0.000
2574,947.145,2965.944,2965.944,3343.035,501.798,2861.309,431.110,0.000,50.617,0.000,0.000,0.000,0.000
2575,947.533,3067.729,3067.729,3335.746,501.431,2853.828,431.391,0.000,50.528,0.000,0.000,0.000,0.000
2576,947.920,3105.771,3105.771,3328.517,501.064,2846.404,431.674,0.000,50.439,0.000,0.000,0.000,0.000
2577,948.308,3073.016,3073.016,3321.347,500.698,2839.037,431.960,0.000,50.350,0.000,0.000,0.000,0.000
2578,948.695,3108.646,3108.646,3314.232,500.331,2831.722,432.248,0.000,50.262,0.000,0.000,0.000,0.000
2579,949.083,2987.384,2987.384,3307.170,499.965,2824.458,432.539,0.000,50.173,0.000,0.000,0.000,0.000
2580,949.471,3060.212,3060.212,3300.157,499.598,2817.240,432.831,0.000,50.085,0.000,0.000,0.000,0.000
2581,949.858,3003.799,3003.799,3293.189,499.231,2810.066,433.126,0.000,49.997,0.000,0.000,0.000,0.000
2582,950.246,2973.586,2973.586,3286.264,498.865,2802.932,433.423,0.000,49.909,0.000,0.000,0.000,0.000
2583,950.634,3024.692,3024.692,3279.377,498.498,2795.835,433.721,0.000,49.821,0.000,0.000,0.000,0.000
2584,951.021,3032.253,3032.253,3272.524,498.132,2788.770,434.022,0.000,49.733,0.000,0.000,0.000,0.000
2585,951.409,3029.929,3029.929,3265.701,497.765,2781.733,434.324,0.000,49.644,0.000,0.000,0.000,0.000
2586,951.797,3126.893,3126.893,3258.904,497.399,2774.721,434.628,0.000,49.555,0.000,0.000,0.000,0.000
2587,952.185,3059.142,3059.142,3252.129,497.032,2767.729,434.933,0.000,49.466,0.000,0.000,0.000,0.000
2588,952.573,3073.416,3073.416,3245.370,496.665,2760.753,435.240,0.000,49.377,0.000,0.000,0.000,0.000
2589,952.960,3081.073,3081.073,3238.623,496.299,2753.787,435.548,0.000,49.288,0.000,0.000,0.000,0.000
2590,953.348,3091.543,3091.543,3231.883,495.932,2746.828,435.858,0.000,49.197,0.000,0.000,0.000,0.000
2591,953.736,3133.264,3133.264,3225.146,495.566,2739.870,436.169,0.000,49.107,0.000,0.000,0.000,0.000
2592,954.124,3052.123,3052.123,3218.405,495.199,2732.908,436.481,0.000,49.016,0.000,0.000,0.000,0.000
2593,954.512,2990.217,2990.217,3211.657,494.832,2725.938,436.795,0.000,48.924,0.000,0.000,0.000,0.000
2594,954.900,3052.583,3052.583,3204.895,494.466,2718.953,437.110,0.000,48.832,0.000,0.000,0.000,0.000
2595,955.288,2989.789,2989.789,3198.115,494.099,2711.950,437.425,0.000,48.740,0.000,0.000,0.000,0.000
2596,955.676,3010.540,3010.540,3191.311,493.733,2704.923,437.742,0.000,48.646,0.000,0.000,0.000,0.000
2597,956.064,3034.047,3034.047,3184.478,493.366,2697.865,438.060,0.000,48.553,0.000,0.000,0.000,0.000
2598,956.452,3029.689,3029.689,3177.610,493.000,2690.773,438.379,0.000,48.458,0.000,0.000,0.000,0.000
2599,956.840,3014.837,3014.837,3170.702,492.633,2683.641,438.698,0.000,48.363,0.000,0.000,0.000,0.000
2600,957.228,3127.979,3127.979,3163.748,492.266,2676.462,439.019,0.000,48.267,0.000,0.000,0.000,0.000
2601,957.617,3043.948,3043.948,3156.743,491.900,2669.233,439.340,0.000,48.170,0.000,0.000,0.000,0.000
2602,958.005,3048.814,3048.814,3149.681,491.533,2661.946,439.662,0.000,48.072,0.000,0.000,0.000,0.000
2603,958.393,2962.286,2962.286,3142.557,491.167,2654.598,439.985,0.000,47.974,0.000,0.000,0.000,0.000
2604,958.781,3093.489,3093.489,3135.365,490.800,2647.182,440.308,0.000,47.875,0.000,0.000,0.000,0.000
2605,959.169,2939.015,2939.015,3128.100,490.433,2639.693,440.632,0.000,47.775,0.000,0.000,0.000,0.000
2606,959.558,3073.044,3073.044,3120.756,490.067,2632.126,440.956,0.000,47.674,0.000,0.000,0.000,0.000
2607,959.946,3055.033,3055.033,3113.329,489.700,2624.475,441.281,0.000,47.572,0.000,0.000,0.000,0.000
2608,960.334,3023.540,3023.540,3105.812,489.334,2616.735,441.606,0.000,47.470,0.000,0.000,0.000,0.000
2609,960.723,3033.882,3033.882,3098.200,488.967,2608.902,441.932,0.000,47.367,0.000,0.000,0.000,0.000
2610,961.111,3054.809,3054.809,3090.489,488.600,2600.969,442.258,0.000,47.262,0.000,0.000,0.000,0.000
2611,961.499,3059.192,3059.192,3082.672,488.234,2592.931,442.584,0.000,47.157,0.000,0.000,0.000,0.000
2612,961.888,2893.815,2893.815,3074.746,487.867,2584.784,442.910,0.000,47.052,0.000,0.000,0.000,0.000
2613,962.276,2943.026,2943.026,3066.705,487.501,2576.523,443.237,0.000,46.945,0.000,0.000,0.000,0.000
2614,962.665,2947.764,2947.764,3058.544,487.134,2568.144,443.563,0.000,46.837,0.000,0.000,0.000,0.000
2615,963.053,2928.019,2928.019,3050.259,486.768,2559.640,443.890,0.000,46.729,0.000,0.000,0.000,0.000
2616,963.442,2917.201,2917.201,3041.845,486.401,2551.008,444.216,0.000,46.620,0.000,0.000,0.000,0.000
2617,963.830,2924.150,2924.150,3033.297,486.034,2542.244,444.543,0.000,46.510,0.000,0.000,0.000,0.000
2618,964.219,2995.537,2995.537,3024.611,485.668,2533.343,444.869,0.000,46.399,0.000,0.000,0.000,0.000
2619,964.607,3003.163,3003.163,3015.784,485.301,2524.301,445.195,0.000,46.287,0.000,0.000,0.000,0.000
2620,964.996,2905.373,2905.373,3006.810,484.935,2515.114,445.521,0.000,46.175,0.000,0.000,0.000,0.000
2621,965.385,2857.148,2857.148,2997.686,484.568,2505.778,445.847,0.000,46.062,0.000,0.000,0.000,0.000
2622,965.773,2897.628,2897.628,2988.409,484.201,2496.289,446.172,0.000,45.948,0.000,0.000,0.000,0.000
2623,966.162,2898.993,2898.993,2978.975,483.835,2486.645,446.497,0.000,45.833,0.000,0.000,0.000,0.000
2624,966.551,2876.049,2876.049,2969.379,483.468,2476.840,446.821,0.000,45.718,0.000,0.000,0.000,0.000
2625,966.939,2956.813,2956.813,2959.620,483.102,2466.874,447.145,0.000,45.602,0.000,0.000,0.000,0.000
2626,967.328,2783.776,2783.776,2949.694,482.735,2456.741,447.468,0.000,45.485,0.000,0.000,0.000,0.000
2627,967.717,2818.703,2818.703,2939.598,482.368,2446.440,447.790,0.000,45.368,0.000,0.000,0.000,0.000
2628,968.106,2890.277,2890.277,2929.330,482.002,2435.968,448.112,0.000,45.250,0.000,0.000,0.000,0.000
2629,968.494,2780.903,2780.903,2918.887,481.635,2425.323,448.433,0.000,45.132,0.000,0.000,0.000,0.000
2630,968.883,2917.426,2917.426,2908.266,481.269,2414.501,448.752,0.000,45.013,0.000,0.000,0.000,0.000
2631,969.272,2738.100,2738.100,2897.466,480.902,2403.502,449.071,0.000,44.893,0.000,0.000,0.000,0.000
2632,969.661,2918.172,2918.172,2886.485,480.536,2392.323,449.389,0.000,44.773,0.000,0.000,0.000,0.000
2633,970.050,2832.176,2832.176,2875.321,480.169,2380.963,449.706,0.000,44.653,0.000,0.000,0.000,0.000
2634,970.439,2812.780,2812.780,2863.973,479.802,2369.419,450.022,0.000,44.532,0.000,0.000,0.000,0.000
2635,970.828,2683.860,2683.860,2852.439,479.436,2357.692,450.336,0.000,44.411,0.000,0.000,0.000,0.000
2636,971.217,2718.906,2718.906,2840.718,479.069,2345.780,450.649,0.000,44.289,0.000,0.000,0.000,0.000
2637,971.606,2749.728,2749.728,2828.810,478.703,2333.682,450.961,0.000,44.167,0.000,0.000,0.000,0.000
2638,971.995,2828.963,2828.963,2816.713,478.336,2321.397,451.271,0.000,44.045,0.000,0.000,0.000,0.000
2639,972.384,2590.382,2590.382,2804.428,477.969,2308.926,451.579,0.000,43.923,0.000,0.000,0.000,0.000
2640,972.773,2653.653,2653.653,2791.954,477.603,2296.267,451.886,0.000,43.800,0.000,0.000,0.000,0.000
2641,973.162,2670.576,2670.576,2779.291,477.236,2283.422,452.192,0.000,43.677,0.000,0.000,0.000,0.000
2642,973.551,2609.571,2609.571,2766.439,476.870,2270.389,452.495,0.000,43.555,0.000,0.000,0.000,0.000
2643,973.941,2600.734,2600.734,2753.399,476.503,2257.171,452.797,0.000,43.432,0.000,0.000,0.000,0.000
2644,974.330,2583.258,2583.258,2740.172,476.137,2243.766,453.097,0.000,43.309,0.000,0.000,0.000,0.000
2645,974.719,2688.312,2688.312,2726.757,475.770,2230.177,453.394,0.000,43.186,0.000,0.000,0.000,0.000
2646,975.108,2535.967,2535.967,2713.157,475.403,2216.404,453.690,0.000,43.063,0.000,0.000,0.000,0.000
2647,975.497,2483.495,2483.495,2699.373,475.037,2202.448,453.984,0.000,42.941,0.000,0.000,0.000,0.000
2648,975.887,2460.020,2460.020,2685.405,474.670,2188.312,454.275,0.000,42.818,0.000,0.000,0.000,0.000
2649,976.276,2517.321,2517.321,2671.256,474.304,2173.996,454.564,0.000,42.696,0.000,0.000,0.000,0.000
2650,976.665,2434.267,2434.267,2656.927,473.937,2159.503,454.851,0.000,42.573,0.000,0.000,0.000,0.000
2651,977.055,2439.196,2439.196,2642.421,473.570,2144.835,455.135,0.000,42.452,0.000,0.000,0.000,0.000
2652,977.444,2441.172,2441.172,2627.740,473.204,2129.993,455.416,0.000,42.330,0.000,0.000,0.000,0.000
2653,977.833,2352.027,2352.027,2612.886,472.837,2114.981,455.695,0.000,42.209,0.000,0.000,0.000,0.000
2654,978.223,2317.956,2317.956,2597.861,472.471,2099.801,455.972,0.000,42.088,0.000,0.000,0.000,0.000
2655,978.612,2445.878,2445.878,2582.670,472.104,2084.456,456.245,0.000,41.968,0.000,0.000,0.000,0.000
2656,979.002,2282.690,2282.690,2567.313,471.737,2068.949,456.516,0.000,41.848,0.000,0.000,0.000,0.000
2657,979.391,2328.022,2328.022,2551.796,471.371,2053.283,456.784,0.000,41.729,0.000,0.000,0.000,0.000
2658,979.781,2321.725,2321.725,2536.120,471.004,2037.461,457.049,0.000,41.610,0.000,0.000,0.000,0.000
2659,980.170,2342.260,2342.260,2520.290,470.638,2021.487,457.310,0.000,41.492,0.000,0.000,0.000,0.000
2660,980.560,2179.275,2179.275,2504.309,470.271,2005.365,457.569,0.000,41.375,0.000,0.000,0.000,0.000
2661,980.950,2279.514,2279.514,2488.181,469.905,1989.098,457.824,0.000,41.259,0.000,0.000,0.000,0.000
2662,981.339,2106.189,2106.189,2471.910,469.538,1972.690,458.076,0.000,41.143,0.000,0.000,0.000,0.000
2663,981.729,2242.862,2242.862,2455.499,469.171,1956.146,458.325,0.000,41.028,0.000,0.000,0.000,0.000
2664,982.118,2142.223,2142.223,2438.954,468.805,1939.470,458.570,0.000,40.914,0.000,0.000,0.000,0.000
2665,982.508,2182.745,2182.745,2422.279,468.438,1922.666,458.812,0.000,40.801,0.000,0.000,0.000,0.000
2666,982.898,2081.692,2081.692,2405.477,468.072,1905.738,459.050,0.000,40.688,0.000,0.000,0.000,0.000
2667,983.288,2145.315,2145.315,2388.554,467.705,1888.692,459.285,0.000,40.577,0.000,0.000,0.000,0.000
2668,983.677,2148.594,2148.594,2371.515,467.338,1871.531,459.516,0.000,40.467,0.000,0.000,0.000,0.000
2669,984.067,2133.758,2133.758,2354.363,466.972,1854.262,459.743,0.000,40.358,0.000,0.000,0.000,0.000
2670,984.457,1974.959,1974.959,2337.105,466.605,1836.888,459.967,0.000,40.250,0.000,0.000,0.000,0.000
2671,984.847,1960.162,1960.162,2319.745,466.239,1819.415,460.186,0.000,40.143,0.000,0.000,0.000,0.000
2672,985.237,1972.160,1972.160,2302.288,465.872,1801.849,460.402,0.000,40.038,0.000,0.000,0.000,0.000
2673,985.627,1957.958,1957.958,2284.739,465.505,1784.193,460.613,0.000,39.933,0.000,0.000,0.000,0.000
2674,986.016,1983.105,1983.105,2267.105,465.139,1766.454,460.820,0.000,39.830,0.000,0.000,0.000,0.000
2675,986.406,1840.901,1840.901,2249.390,464.772,1748.637,461.024,0.000,39.729,0.000,0.000,0.000,0.000
2676,986.796,1960.489,1960.489,2231.599,464.406,1730.747,461.223,0.000,39.628,0.000,0.000,0.000,0.000
2677,987.186,1950.345,1950.345,2213.738,464.039,1712.791,461.418,0.000,39.529,0.000,0.000,0.000,0.000
2678,987.576,1872.792,1872.792,2195.813,463.673,1694.772,461.609,0.000,39.432,0.000,0.000,0.000,0.000
2679,987.966,1816.114,1816.114,2177.829,463.306,1676.698,461.795,0.000,39.336,0.000,0.000,0.000,0.000
2680,988.356,1858.344,1858.344,2159.792,462.939,1658.574,461.977,0.000,39.242,0.000,0.000,0.000,0.000
2681,988.746,1799.909,1799.909,2141.708,462.573,1640.405,462.155,0.000,39.149,0.000,0.000,0.000,0.000
2682,989.137,1769.610,1769.610,2123.582,462.206,1622.197,462.328,0.000,39.057,0.000,0.000,0.000,0.000
2683,989.527,1732.380,1732.380,2105.420,461.840,1603.956,462.496,0.000,38.968,0.000,0.000,0.000,0.000
2684,989.917,1736.300,1736.300,2087.228,461.473,1585.687,462.661,0.000,38.880,0.000,0.000,0.000,0.000
2685,990.307,1763.100,1763.100,2069.011,461.106,1567.397,462.820,0.000,38.794,0.000,0.000,0.000,0.000
2686,990.697,1679.921,1679.921,2050.776,460.740,1549.091,462.975,0.000,38.709,0.000,0.000,0.000,0.000
2687,991.087,1674.898,1674.898,2032.527,460.373,1530.775,463.125,0.000,38.626,0.000,0.000,0.000,0.000
2688,991.478,1607.798,1607.798,2014.272,460.007,1512.455,463.271,0.000,38.546,0.000,0.000,0.000,0.000
2689,991.868,1612.905,1612.905,1996.015,459.640,1494.136,463.412,0.000,38.467,0.000,0.000,0.000,0.000
2690,992.258,1545.558,1545.558,1977.762,459.274,1475.824,463.548,0.000,38.389,0.000,0.000,0.000,0.000
2691,992.649,1655.668,1655.668,1959.519,458.907,1457.525,463.680,0.000,38.314,0.000,0.000,0.000,0.000
2692,993.039,1632.448,1632.448,1941.292,458.540,1439.244,463.807,0.000,38.241,0.000,0.000,0.000,0.000
2693,993.429,1543.872,1543.872,1923.086,458.174,1420.988,463.929,0.000,38.170,0.000,0.000,0.000,0.000
2694,993.820,1512.008,1512.008,1904.907,457.807,1402.761,464.046,0.000,38.101,0.000,0.000,0.000,0.000
2695,994.210,1572.783,1572.783,1886.761,457.441,1384.569,464.158,0.000,38.033,0.000,0.000,0.000,0.000
2696,994.601,1561.065,1561.065,1868.652,457.074,1366.418,464.266,0.000,37.968,0.000,0.000,0.000,0.000
2697,994.991,1389.878,1389.878,1850.587,456.707,1348.314,464.369,0.000,37.905,0.000,0.000,0.000,0.000
2698,995.382,1433.877,1433.877,1832.571,456.341,1330.260,464.467,0.000,37.844,0.000,0.000,0.000,0.000
2699,995.772,1410.711,1410.711,1814.609,455.974,1312.264,464.560,0.000,37.786,0.000,0.000,0.000,0.000
2700,996.163,1411.635,1411.635,1796.707,455.608,1294.329,464.648,0.000,37.729,0.000,0.000,0.000,0.000
2701,996.553,1398.426,1398.426,1778.869,455.241,1276.462,464.731,0.000,37.675,0.000,0.000,0.000,0.000
2702,996.944,1338.343,1338.343,1761.101,454.874,1258.668,464.810,0.000,37.623,0.000,0.000,0.000,0.000
2703,997.334,1321.005,1321.005,1743.407,454.508,1240.950,464.884,0.000,37.573,0.000,0.000,0.000,0.000
2704,997.725,1401.965,1401.965,1725.793,454.141,1223.315,464.953,0.000,37.526,0.000,0.000,0.000,0.000
2705,998.116,1342.651,1342.651,1708.264,453.775,1205.767,465.017,0.000,37.481,0.000,0.000,0.000,0.000
2706,998.506,1279.772,1279.772,1690.825,453.408,1188.310,465.076,0.000,37.438,0.000,0.000,0.000,0.000
2707,998.897,1269.000,1269.000,1673.479,453.042,1170.950,465.131,0.000,37.398,0.000,0.000,0.000,0.000
2708,999.288,1289.419,1289.419,1656.232,452.675,1153.691,465.181,0.000,37.360,0.000,0.000,0.000,0.000
2709,999.678,1234.130,1234.130,1639.088,452.308,1136.538,465.226,0.000,37.325,0.000,0.000,0.000,0.000
2710,1000.069,1269.437,1269.437,1622.052,451.942,1119.494,465.267,0.000,37.292,0.000,0.000,0.000,0.000
2711,1000.460,1210.927,1210.927,1605.128,451.575,1102.564,465.302,0.000,37.261,0.000,0.000,0.000,0.000
2712,1000.851,1182.564,1182.564,1588.319,451.209,1085.753,465.334,0.000,37.233,0.000,0.000,0.000,0.000
2713,1001.242,1168.281,1168.281,1571.631,450.842,1069.063,465.360,0.000,37.208,0.000,0.000,0.000,0.000
2714,1001.633,1183.400,1183.400,1555.067,450.475,1052.500,465.382,0.000,37.185,0.000,0.000,0.000,0.000
2715,1002.024,1231.654,1231.654,1538.630,450.109,1036.066,465.399,0.000,37.165,0.000,0.000,0.000,0.000
2716,1002.414,1163.925,1163.925,1522.325,449.742,1019.766,465.412,0.000,37.147,0.000,0.000,0.000,0.000
2717,1002.805,1169.335,1169.335,1506.155,449.376,1003.602,465.421,0.000,37.132,0.000,0.000,0.000,0.000
2718,1003.196,1095.577,1095.577,1490.124,449.009,987.579,465.425,0.000,37.120,0.000,0.000,0.000,0.000
2719,1003.587,1011.986,1011.986,1474.235,448.642,971.700,465.424,0.000,37.110,0.000,0.000,0.000,0.000
2720,1003.978,1096.850,1096.850,1458.490,448.276,955.968,465.420,0.000,37.103,0.000,0.000,0.000,0.000
2721,1004.369,1062.428,1062.428,1442.895,447.909,940.385,465.411,0.000,37.099,0.000,0.000,0.000,0.000
2722,1004.761,1151.546,1151.546,1427.450,447.543,924.955,465.398,0.000,37.098,0.000,0.000,0.000,0.000
2723,1005.152,1048.333,1048.333,1412.160,447.176,909.681,465.380,0.000,37.099,0.000,0.000,0.000,0.000
2724,1005.543,1061.430,1061.430,1397.027,446.810,894.565,465.359,0.000,37.103,0.000,0.000,0.000,0.000
2725,1005.934,1068.994,1068.994,1382.054,446.443,879.610,465.333,0.000,37.110,0.000,0.000,0.000,0.000
2726,1006.325,1020.397,1020.397,1367.242,446.076,864.818,465.304,0.000,37.120,0.000,0.000,0.000,0.000
2727,1006.716,998.504,998.504,1352.595,445.710,850.192,465.270,0.000,37.133,0.000,0.000,0.000,0.000
2728,1007.107,1040.080,1040.080,1338.115,445.343,835.733,465.233,0.000,37.148,0.000,0.000,0.000,0.000
2729,1007.499,1043.696,1043.696,1323.803,444.977,821.445,465.192,0.000,37.167,0.000,0.000,0.000,0.000
2730,1007.890,875.902,875.902,1309.662,444.610,807.327,465.147,0.000,37.188,0.000,0.000,0.000,0.000
2731,1008.281,937.877,937.877,1295.694,444.243,793.383,465.099,0.000,37.212,0.000,0.000,0.000,0.000
2732,1008.673,973.309,973.309,1281.901,443.877,779.614,465.047,0.000,37.240,0.000,0.000,0.000,0.000
2733,1009.064,897.080,897.080,1268.283,443.510,766.022,464.991,0.000,37.270,0.000,0.000,0.000,0.000
2734,1009.455,1016.568,1016.568,1254.843,443.144,752.608,464.932,0.000,37.303,0.000,0.000,0.000,0.000
2735,1009.847,933.152,933.152,1241.582,442.777,739.373,464.870,0.000,37.340,0.000,0.000,0.000,0.000
2736,1010.238,906.264,906.264,1228.501,442.411,726.318,464.804,0.000,37.379,0.000,0.000,0.000,0.000
2737,1010.630,931.371,931.371,1215.602,442.044,713.445,464.735,0.000,37.421,0.000,0.000,0.000,0.000
2738,1011.021,898.275,898.275,1202.885,441.677,700.755,464.664,0.000,37.467,0.000,0.000,0.000,0.000
2739,1011.412,871.344,871.344,1190.351,441.311,688.247,464.589,0.000,37.515,0.000,0.000,0.000,0.000
2740,1011.804,863.826,863.826,1178.002,440.944,675.924,464.511,0.000,37.567,0.000,0.000,0.000,0.000
2741,1012.196,868.596,868.596,1165.837,440.578,663.785,464.430,0.000,37.622,0.000,0.000,0.000,0.000
2742,1012.587,812.429,812.429,1153.858,440.211,651.831,464.347,0.000,37.680,0.000,0.000,0.000,0.000
2743,1012.979,897.163,897.163,1142.064,439.844,640.062,464.261,0.000,37.741,0.000,0.000,0.000,0.000
2744,1013.370,872.248,872.248,1130.457,439.478,628.479,464.173,0.000,37.806,0.000,0.000,0.000,0.000
2745,1013.762,828.933,828.933,1119.036,439.111,617.082,464.082,0.000,37.873,0.000,0.000,0.000,0.000
2746,1014.154,840.099,840.099,1107.802,438.745,605.870,463.988,0.000,37.944,0.000,0.000,0.000,0.000
2747,1014.545,855.233,855.233,1096.754,438.378,594.844,463.893,0.000,38.018,0.000,0.000,0.000,0.000
2748,1014.937,826.747,826.747,1085.894,438.011,584.004,463.795,0.000,38.095,0.000,0.000,0.000,0.000
2749,1015.329,830.512,830.512,1075.219,437.645,573.349,463.695,0.000,38.175,0.000,0.000,0.000,0.000
2750,1015.720,885.779,885.779,1064.731,437.278,562.878,463.593,0.000,38.259,0.000,0.000,0.000,0.000
2751,1016.112,769.824,769.824,1054.429,436.912,552.593,463.490,0.000,38.346,0.000,0.000,0.000,0.000
2752,1016.504,796.662,796.662,1044.312,436.545,542.491,463.384,0.000,38.437,0.000,0.000,0.000,0.000
2753,1016.896,789.612,789.612,1034.380,436.179,532.572,463.278,0.000,38.530,0.000,0.000,0.000,0.000
2754,1017.288,820.241,820.241,1024.633,435.812,522.836,463.169,0.000,38.627,0.000,0.000,0.000,0.000
2755,1017.680,808.511,808.511,1015.069,435.445,513.282,463.059,0.000,38.727,0.000,0.000,0.000,0.000
2756,1018.071,758.718,758.718,1005.688,435.079,503.909,462.948,0.000,38.831,0.000,0.000,0.000,0.000
2757,1018.463,793.951,793.951,996.489,434.712,494.715,462.836,0.000,38.938,0.000,0.000,0.000,0.000
2758,1018.855,802.018,802.018,987.471,434.346,485.701,462.722,0.000,39.048,0.000,0.000,0.000,0.000
2759,1019.247,757.985,757.985,978.634,433.979,476.864,462.608,0.000,39.162,0.000,0.000,0.000,0.000
2760,1019.639,763.077,763.077,969.976,433.612,468.204,462.492,0.000,39.279,0.000,0.000,0.000,0.000
2761,1020.031,726.944,726.944,961.495,433.246,459.719,462.376,0.000,39.400,0.000,0.000,0.000,0.000
2762,1020.423,745.037,745.037,953.191,432.879,451.408,462.259,0.000,39.524,0.000,0.000,0.000,0.000
2763,1020.815,753.852,753.852,945.063,432.513,443.270,462.142,0.000,39.651,0.000,0.000,0.000,0.000
2764,1021.208,740.351,740.351,937.109,432.146,435.303,462.025,0.000,39.782,0.000,0.000,0.000,0.000
2765,1021.600,774.827,774.827,929.328,431.779,427.506,461.907,0.000,39.916,0.000,0.000,0.000,0.000
2766,1021.992,775.302,775.302,921.718,431.413,419.876,461.788,0.000,40.053,0.000,0.000,0.000,0.000
2767,1022.384,688.051,688.051,914.278,431.046,412.414,461.670,0.000,40.194,0.000,0.000,0.000,0.000
2768,1022.776,748.617,748.617,907.007,430.680,405.116,461.552,0.000,40.339,0.000,0.000,0.000,0.000
2769,1023.168,698.427,698.427,899.902,430.313,397.981,461.434,0.000,40.487,0.000,0.000,0.000,0.000
2770,1023.561,713.604,713.604,892.962,429.947,391.008,461.316,0.000,40.638,0.000,0.000,0.000,0.000
2771,1023.953,751.193,751.193,886.186,429.580,384.194,461.199,0.000,40.792,0.000,0.000,0.000,0.000
2772,1024.345,684.803,684.803,879.571,429.213,377.538,461.082,0.000,40.951,0.000,0.000,0.000,0.000
2773,1024.737,791.980,791.980,873.116,428.847,371.038,460.966,0.000,41.112,0.000,0.000,0.000,0.000
2774,1025.130,707.089,707.089,866.820,428.480,364.692,460.850,0.000,41.277,0.000,0.000,0.000,0.000
2775,1025.522,625.651,625.651,860.679,428.114,358.498,460.736,0.000,41.445,0.000,0.000,0.000,0.000
2776,1025.915,740.827,740.827,854.693,427.747,352.454,460.622,0.000,41.617,0.000,0.000,0.000,0.000
2777,1026.307,712.147,712.147,848.860,427.380,346.559,460.510,0.000,41.792,0.000,0.000,0.000,0.000
2778,1026.699,697.442,697.442,843.177,427.014,340.809,460.398,0.000,41.970,0.000,0.000,0.000,0.000
2779,1027.092,719.345,719.345,837.643,426.647,335.203,460.288,0.000,42.152,0.000,0.000,0.000,0.000
2780,1027.484,686.625,686.625,832.256,426.281,329.739,460.179,0.000,42.337,0.000,0.000,0.000,0.000
2781,1027.877,640.742,640.742,827.013,425.914,324.415,460.072,0.000,42.526,0.000,0.000,0.000,0.000
2782,1028.269,655.640,655.640,821.913,425.548,319.229,459.966,0.000,42.718,0.000,0.000,0.000,0.000
2783,1028.662,620.355,620.355,816.954,425.181,314.178,459.862,0.000,42.913,0.000,0.000,0.000,0.000
2784,1029.054,706.138,706.138,812.133,424.814,309.261,459.760,0.000,43.111,0.000,0.000,0.000,0.000
2785,1029.447,665.998,665.998,807.449,424.448,304.475,459.660,0.000,43.313,0.000,0.000,0.000,0.000
2786,1029.840,655.922,655.922,802.899,424.081,299.819,459.562,0.000,43.518,0.000,0.000,0.000,0.000
2787,1030.232,714.347,714.347,798.481,423.715,295.289,459.466,0.000,43.726,0.000,0.000,0.000,0.000
2788,1030.625,710.895,710.895,794.194,423.348,290.884,459.372,0.000,43.938,0.000,0.000,0.000,0.000
2789,1031.018,676.995,676.995,790.035,422.981,286.602,459.281,0.000,44.152,0.000,0.000,0.000,0.000
2790,1031.410,627.348,627.348,786.002,422.615,282.441,459.192,0.000,44.370,0.000,0.000,0.000,0.000
2791,1031.803,699.157,699.157,782.093,422.248,278.397,459.105,0.000,44.591,0.000,0.000,0.000,0.000
2792,1032.196,648.499,648.499,778.306,421.882,274.470,459.021,0.000,44.815,0.000,0.000,0.000,0.000
2793,1032.589,683.591,683.591,774.639,421.515,270.657,458.940,0.000,45.042,0.000,0.000,0.000,0.000
2794,1032.982,676.339,676.339,771.089,421.148,266.956,458.862,0.000,45.272,0.000,0.000,0.000,0.000
2795,1033.374,687.379,687.379,767.655,420.782,263.365,458.786,0.000,45.505,0.000,0.000,0.000,0.000
2796,1033.767,656.802,656.802,764.335,420.415,259.881,458.713,0.000,45.741,0.000,0.000,0.000,0.000
2797,1034.160,657.679,657.679,761.125,420.049,256.503,458.643,0.000,45.979,0.000,0.000,0.000,0.000
2798,1034.553,660.243,660.243,758.025,419.682,253.227,458.577,0.000,46.221,0.000,0.000,0.000,0.000
2799,1034.946,741.797,741.797,755.032,419.316,250.053,458.513,0.000,46.466,0.000,0.000,0.000,0.000
2800,1035.339,674.403,674.403,752.145,418.949,246.979,458.453,0.000,46.713,0.000,0.000,0.000,0.000
2801,1035.732,716.044,716.044,749.360,418.582,244.001,458.396,0.000,46.963,0.000,0.000,0.000,0.000
2802,1036.125,676.645,676.645,746.676,418.216,241.118,458.343,0.000,47.215,0.000,0.000,0.000,0.000
2803,1036.518,695.127,695.127,744.091,417.849,238.328,458.293,0.000,47.471,0.000,0.000,0.000,0.000
2804,1036.911,656.460,656.460,741.603,417.483,235.629,458.246,0.000,47.728,0.000,0.000,0.000,0.000
2805,1037.304,701.260,701.260,739.210,417.116,233.018,458.203,0.000,47.989,0.000,0.000,0.000,0.000
2806,1037.697,659.670,659.670,736.910,416.749,230.495,458.164,0.000,48.251,0.000,0.000,0.000,0.000
2807,1038.091,720.745,720.745,734.700,416.383,228.056,458.128,0.000,48.516,0.000,0.000,0.000,0.000
2808,1038.484,733.188,733.188,732.580,416.016,225.700,458.096,0.000,48.784,0.000,0.000,0.000,0.000
2809,1038.877,654.802,654.802,730.546,415.650,223.425,458.068,0.000,49.053,0.000,0.000,0.000,0.000
2810,1039.270,687.785,687.785,728.598,415.283,221.229,458.043,0.000,49.325,0.000,0.000,0.000,0.000
2811,1039.663,669.504,669.504,726.733,414.916,219.111,458.023,0.000,49.599,0.000,0.000,0.000,0.000
2812,1040.057,649.364,649.364,724.949,414.550,217.067,458.006,0.000,49.875,0.000,0.000,0.000,0.000
2813,1040.450,692.426,692.426,723.244,414.183,215.098,457.994,0.000,50.153,0.000,0.000,0.000,0.000
2814,1040.843,657.392,657.392,721.617,413.817,213.199,457.985,0.000,50.433,0.000,0.000,0.000,0.000
2815,1041.237,621.529,621.529,720.065,413.450,211.371,457.980,0.000,50.714,0.000,0.000,0.000,0.000
2816,1041.630,687.284,687.284,718.587,413.084,209.610,457.979,0.000,50.997,0.000,0.000,0.000,0.000
2817,1042.023,663.995,663.995,717.182,412.717,207.916,457.983,0.000,51.282,0.000,0.000,0.000,0.000
2818,1042.417,615.315,615.315,715.846,412.350,206.287,457.990,0.000,51.569,0.000,0.000,0.000,0.000
2819,1042.810,682.059,682.059,714.579,411.984,204.720,458.002,0.000,51.857,0.000,0.000,0.000,0.000
2820,1043.204,733.267,733.267,713.379,411.617,203.215,458.018,0.000,52.146,0.000,0.000,0.000,0.000
2821,1043.597,721.826,721.826,712.243,411.251,201.769,458.038,0.000,52.437,0.000,0.000,0.000,0.000
2822,1043.991,692.183,692.183,711.171,410.884,200.382,458.062,0.000,52.728,0.000,0.000,0.000,0.000
2823,1044.384,667.056,667.056,710.161,410.517,199.050,458.090,0.000,53.021,0.000,0.000,0.000,0.000
2824,1044.778,658.598,658.598,709.211,410.151,197.774,458.122,0.000,53.315,0.000,0.000,0.000,0.000
2825,1045.171,670.980,670.980,708.319,409.784,196.551,458.159,0.000,53.610,0.000,0.000,0.000,0.000
2826,1045.565,642.675,642.675,707.484,409.418,195.380,458.199,0.000,53.905,0.000,0.000,0.000,0.000
2827,1045.958,702.751,702.751,706.705,409.051,194.259,458.244,0.000,54.202,0.000,0.000,0.000,0.000
2828,1046.352,777.214,777.214,705.978,408.685,193.187,458.293,0.000,54.498,0.000,0.000,0.000,0.000
2829,1046.746,746.402,746.402,705.305,408.318,192.162,458.346,0.000,54.796,0.000,0.000,0.000,0.000
2830,1047.139,641.592,641.592,704.681,407.951,191.184,458.404,0.000,55.094,0.000,0.000,0.000,0.000
2831,1047.533,655.594,655.594,704.107,407.585,190.251,458.465,0.000,55.392,0.000,0.000,0.000,0.000
2832,1047.927,748.193,748.193,703.581,407.218,189.361,458.531,0.000,55.690,0.000,0.000,0.000,0.000
2833,1048.321,712.622,712.622,703.101,406.852,188.513,458.600,0.000,55.988,0.000,0.000,0.000,0.000
2834,1048.714,712.979,712.979,702.665,406.485,187.705,458.674,0.000,56.286,0.000,0.000,0.000,0.000
2835,1049.108,674.993,674.993,702.274,406.118,186.938,458.752,0.000,56.584,0.000,0.000,0.000,0.000
2836,1049.502,685.062,685.062,701.924,405.752,186.208,458.834,0.000,56.882,0.000,0.000,0.000,0.000
2837,1049.896,694.469,694.469,701.615,405.385,185.516,458.919,0.000,57.179,0.000,0.000,0.000,0.000
2838,1050.290,671.590,671.590,701.345,405.019,184.860,459.009,0.000,57.476,0.000,0.000,0.000,0.000
2839,1050.684,689.608,689.608,701.114,404.652,184.239,459.103,0.000,57.772,0.000,0.000,0.000,0.000
2840,1051.078,664.127,664.127,700.919,404.285,183.651,459.200,0.000,58.068,0.000,0.000,0.000,0.000
2841,1051.472,718.150,718.150,700.760,403.919,183.096,459.302,0.000,58.362,0.000,0.000,0.000,0.000
2842,1051.866,700.372,700.372,700.635,403.552,182.573,459.407,0.000,58.656,0.000,0.000,0.000,0.000
2843,1052.260,734.800,734.800,700.544,403.186,182.080,459.515,0.000,58.948,0.000,0.000,0.000,0.000
2844,1052.654,716.534,716.534,700.484,402.819,181.616,459.628,0.000,59.239,0.000,0.000,0.000,0.000
2845,1053.048,650.648,650.648,700.455,402.453,181.181,459.744,0.000,59.529,0.000,0.000,0.000,0.000
2846,1053.442,720.407,720.407,700.455,402.086,180.774,459.864,0.000,59.818,0.000,0.000,0.000,0.000
2847,1053.836,721.103,721.103,700.484,401.719,180.393,459.987,0.000,60.105,0.000,0.000,0.000,0.000
2848,1054.230,627.456,627.456,700.541,401.353,180.038,460.113,0.000,60.390,0.000,0.000,0.000,0.000
2849,1054.624,770.970,770.970,700.623,400.986,179.707,460.243,0.000,60.673,0.000,0.000,0.000,0.000
2850,1055.019,725.635,725.635,700.731,400.620,179.400,460.377,0.000,60.954,0.000,0.000,0.000,0.000
2851,1055.413,706.198,706.198,700.863,400.253,179.116,460.513,0.000,61.234,0.000,0.000,0.000,0.000
2852,1055.807,680.884,680.884,701.018,399.886,178.855,460.653,0.000,61.511,0.000,0.000,0.000,0.000
2853,1056.201,746.804,746.804,701.195,399.520,178.615,460.795,0.000,61.785,0.000,0.000,0.000,0.000
2854,1056.595,749.263,749.263,701.393,399.153,178.395,460.941,0.000,62.058,0.000,0.000,0.000,0.000
2855,1056.990,722.896,722.896,701.611,398.787,178.195,461.089,0.000,62.327,0.000,0.000,0.000,0.000
2856,1057.384,766.106,766.106,701.849,398.420,178.014,461.241,0.000,62.594,0.000,0.000,0.000,0.000
2857,1057.778,700.718,700.718,702.104,398.053,177.851,461.394,0.000,62.858,0.000,0.000,0.000,0.000
2858,1058.173,774.485,774.485,702.377,397.687,177.706,461.551,0.000,63.119,0.000,0.000,0.000,0.000
2859,1058.567,717.307,717.307,702.666,397.320,177.578,461.710,0.000,63.378,0.000,0.000,0.000,0.000
2860,1058.962,709.378,709.378,702.970,396.954,177.466,461.871,0.000,63.633,0.000,0.000,0.000,0.000
2861,1059.356,684.252,684.252,703.289,396.587,177.370,462.035,0.000,63.884,0.000,0.000,0.000,0.000
2862,1059.751,752.629,752.629,703.622,396.221,177.289,462.201,0.000,64.132,0.000,0.000,0.000,0.000
2863,1060.145,746.648,746.648,703.968,395.854,177.222,462.369,0.000,64.377,0.000,0.000,0.000,0.000
2864,1060.540,707.467,707.467,704.326,395.487,177.169,462.539,0.000,64.618,0.000,0.000,0.000,0.000
2865,1060.934,714.010,714.010,704.695,395.121,177.129,462.711,0.000,64.855,0.000,0.000,0.000,0.000
2866,1061.329,742.719,742.719,705.074,394.754,177.101,462.884,0.000,65.089,0.000,0.000,0.000,0.000
2867,1061.723,774.694,774.694,705.463,394.388,177.086,463.059,0.000,65.318,0.000,0.000,0.000,0.000
2868,1062.118,790.346,790.346,705.861,394.021,177.082,463.236,0.000,65.543,0.000,0.000,0.000,0.000
2869,1062.513,750.174,750.174,706.317,393.705,177.097,463.454,0.000,65.766,0.000,0.000,0.000,0.000
2870,1062.907,693.391,693.391,706.781,393.388,177.123,463.673,0.000,65.985,0.000,0.000,0.000,0.000
2871,1063.302,757.475,757.475,707.251,393.072,177.159,463.893,0.000,66.199,0.000,0.000,0.000,0.000
2872,1063.697,665.294,665.294,707.728,392.756,177.205,464.114,0.000,66.409,0.000,0.000,0.000,0.000
2873,1064.091,704.947,704.947,708.209,392.439,177.259,464.336,0.000,66.614,0.000,0.000,0.000,0.000
2874,1064.486,753.528,753.528,708.695,392.123,177.322,464.558,0.000,66.814,0.000,0.000,0.000,0.000
2875,1064.881,707.421,707.421,709.185,391.806,177.394,464.782,0.000,67.010,0.000,0.000,0.000,0.000
2876,1065.276,692.894,692.894,709.679,391.490,177.473,465.005,0.000,67.200,0.000,0.000,0.000,0.000
2877,1065.671,735.463,735.463,710.175,391.174,177.560,465.229,0.000,67.386,0.000,0.000,0.000,0.000
2878,1066.066,711.357,711.357,710.673,390.857,177.654,465.453,0.000,67.566,0.000,0.000,0.000,0.000
2879,1066.460,747.954,747.954,711.172,390.541,177.755,465.676,0.000,67.741,0.000,0.000,0.000,0.000
2880,1066.855,745.539,745.539,711.672,390.225,177.861,465.900,0.000,67.911,0.000,0.000,0.000,0.000
2881,1067.250,761.539,761.539,712.173,389.908,177.974,466.123,0.000,68.075,0.000,0.000,0.000,0.000
2882,1067.645,744.540,744.540,712.673,389.592,178.093,466.346,0.000,68.234,0.000,0.000,0.000,0.000
2883,1068.040,744.226,744.226,713.172,389.276,178.216,466.568,0.000,68.388,0.000,0.000,0.000,0.000
2884,1068.435,730.410,730.410,713.669,388.959,178.345,466.789,0.000,68.535,0.000,0.000,0.000,0.000
2885,1068.830,726.333,726.333,714.164,388.643,178.478,467.009,0.000,68.677,0.000,0.000,0.000,0.000
2886,1069.225,798.792,798.792,714.657,388.326,178.616,467.228,0.000,68.813,0.000,0.000,0.000,0.000
2887,1069.620,786.776,786.776,715.147,388.010,178.757,467.446,0.000,68.943,0.000,0.000,0.000,0.000
2888,1070.016,809.855,809.855,715.633,387.694,178.903,467.662,0.000,69.068,0.000,0.000,0.000,0.000
2889,1070.411,741.448,741.448,716.114,387.377,179.052,467.877,0.000,69.186,0.000,0.000,0.000,0.000
2890,1070.806,755.978,755.978,716.592,387.061,179.204,468.089,0.000,69.298,0.000,0.000,0.000,0.000
2891,1071.201,796.816,796.816,717.064,386.745,179.360,468.300,0.000,69.404,0.000,0.000,0.000,0.000
2892,1071.596,780.310,780.310,717.530,386.428,179.518,468.509,0.000,69.504,0.000,0.000,0.000,0.000
2893,1071.991,774.679,774.679,717.990,386.112,179.678,468.715,0.000,69.597,0.000,0.000,0.000,0.000
2894,1072.387,769.805,769.805,718.444,385.796,179.841,468.919,0.000,69.685,0.000,0.000,0.000,0.000
2895,1072.782,766.351,766.351,718.891,385.479,180.006,469.120,0.000,69.766,0.000,0.000,0.000,0.000
2896,1073.177,778.640,778.640,719.331,385.163,180.173,469.318,0.000,69.840,0.000,0.000,0.000,0.000
2897,1073.573,792.546,792.546,719.762,384.846,180.341,469.513,0.000,69.908,0.000,0.000,0.000,0.000
2898,1073.968,810.299,810.299,720.186,384.530,180.511,469.705,0.000,69.970,0.000,0.000,0.000,0.000
2899,1074.363,753.484,753.484,720.600,384.214,180.682,469.894,0.000,70.025,0.000,0.000,0.000,0.000
2900,1074.759,791.545,791.545,721.006,383.897,180.854,470.079,0.000,70.073,0.000,0.000,0.000,0.000
2901,1075.154,779.003,779.003,721.403,383.581,181.027,470.261,0.000,70.115,0.000,0.000,0.000,0.000
2902,1075.550,782.408,782.408,721.789,383.265,181.201,470.438,0.000,70.150,0.000,0.000,0.000,0.000
2903,1075.945,785.112,785.112,722.166,382.948,181.375,470.612,0.000,70.179,0.000,0.000,0.000,0.000
2904,1076.341,829.109,829.109,722.532,382.632,181.550,470.781,0.000,70.201,0.000,0.000,0.000,0.000
2905,1076.736,744.461,744.461,722.887,382.316,181.724,470.946,0.000,70.216,0.000,0.000,0.000,0.000
2906,1077.132,775.907,775.907,723.231,381.999,181.899,471.107,0.000,70.225,0.000,0.000,0.000,0.000
2907,1077.527,819.260,819.260,723.563,381.683,182.074,471.263,0.000,70.227,0.000,0.000,0.000,0.000
2908,1077.923,753.175,753.175,723.884,381.366,182.248,471.414,0.000,70.222,0.000,0.000,0.000,0.000
2909,1078.318,793.492,793.492,724.193,381.050,182.422,471.560,0.000,70.211,0.000,0.000,0.000,0.000
2910,1078.714,775.464,775.464,724.489,380.734,182.596,471.701,0.000,70.192,0.000,0.000,0.000,0.000
2911,1079.110,763.172,763.172,724.772,380.417,182.769,471.836,0.000,70.167,0.000,0.000,0.000,0.000
2912,1079.505,819.629,819.629,725.042,380.101,182.941,471.966,0.000,70.136,0.000,0.000,0.000,0.000
2913,1079.901,801.224,801.224,725.300,379.785,183.112,472.090,0.000,70.098,0.000,0.000,0.000,0.000
2914,1080.297,785.303,785.303,725.543,379.468,183.282,472.209,0.000,70.053,0.000,0.000,0.000,0.000
2915,1080.693,901.755,901.755,725.773,379.152,183.450,472.321,0.000,70.001,0.000,0.000,0.000,0.000
2916,1081.088,740.123,740.123,725.988,378.836,183.618,472.428,0.000,69.943,0.000,0.000,0.000,0.000
2917,1081.484,787.618,787.618,726.190,378.519,183.784,472.528,0.000,69.878,0.000,0.000,0.000,0.000
2918,1081.880,852.939,852.939,726.376,378.203,183.948,472.622,0.000,69.806,0.000,0.000,0.000,0.000
2919,1082.276,814.102,814.102,726.549,377.886,184.111,472.709,0.000,69.728,0.000,0.000,0.000,0.000
2920,1082.672,823.236,823.236,726.706,377.570,184.273,472.789,0.000,69.644,0.000,0.000,0.000,0.000
2921,1083.068,812.563,812.563,726.847,377.254,184.432,472.863,0.000,69.553,0.000,0.000,0.000,0.000
2922,1083.464,883.087,883.087,726.974,376.937,184.589,472.929,0.000,69.455,0.000,0.000,0.000,0.000
2923,1083.860,823.101,823.101,727.085,376.621,184.744,472.989,0.000,69.352,0.000,0.000,0.000,0.000
2924,1084.255,756.054,756.054,727.180,376.305,184.897,473.041,0.000,69.241,0.000,0.000,0.000,0.000
2925,1084.651,786.449,786.449,727.259,375.988,185.048,473.086,0.000,69.125,0.000,0.000,0.000,0.000
2926,1085.048,807.652,807.652,727.322,375.672,185.197,473.124,0.000,69.002,0.000,0.000,0.000,0.000
2927,1085.444,828.880,828.880,727.369,375.356,185.343,473.153,0.000,68.873,0.000,0.000,0.000,0.000
2928,1085.840,841.419,841.419,727.400,375.039,185.487,473.175,0.000,68.738,0.000,0.000,0.000,0.000
2929,1086.236,856.726,856.726,727.414,374.723,185.627,473.190,0.000,68.596,0.000,0.000,0.000,0.000
2930,1086.632,839.870,839.870,727.411,374.406,185.766,473.196,0.000,68.449,0.000,0.000,0.000,0.000
2931,1087.028,821.359,821.359,727.391,374.090,185.901,473.194,0.000,68.296,0.000,0.000,0.000,0.000
2932,1087.424,864.861,864.861,727.355,373.774,186.034,473.184,0.000,68.137,0.000,0.000,0.000,0.000
2933,1087.820,801.695,801.695,727.301,373.457,186.163,473.166,0.000,67.972,0.000,0.000,0.000,0.000
2934,1088.217,829.064,829.064,727.231,373.141,186.290,473.139,0.000,67.801,0.000,0.000,0.000,0.000
2935,1088.613,780.151,780.151,727.143,372.825,186.414,473.104,0.000,67.625,0.000,0.000,0.000,0.000
2936,1089.009,785.570,785.570,727.037,372.508,186.534,473.061,0.000,67.443,0.000,0.000,0.000,0.000
2937,1089.405,846.904,846.904,726.915,372.192,186.651,473.009,0.000,67.255,0.000,0.000,0.000,0.000
2938,1089.802,873.958,873.958,726.775,371.876,186.765,472.948,0.000,67.062,0.000,0.000,0.000,0.000
2939,1090.198,902.504,902.504,726.617,371.559,186.875,472.878,0.000,66.864,0.000,0.000,0.000,0.000
2940,1090.594,848.818,848.818,726.442,371.243,186.982,472.800,0.000,66.660,0.000,0.000,0.000,0.000
2941,1090.991,800.379,800.379,726.249,370.926,187.085,472.712,0.000,66.452,0.000,0.000,0.000,0.000
2942,1091.387,825.803,825.803,726.038,370.610,187.185,472.616,0.000,66.238,0.000,0.000,0.000,0.000
2943,1091.784,901.183,901.183,725.810,370.294,187.281,472.510,0.000,66.019,0.000,0.000,0.000,0.000
2944,1092.180,899.481,899.481,725.564,369.977,187.373,472.396,0.000,65.795,0.000,0.000,0.000,0.000
2945,1092.577,868.269,868.269,725.300,369.661,187.462,472.272,0.000,65.567,0.000,0.000,0.000,0.000
2946,1092.973,926.553,926.553,725.019,369.345,187.546,472.139,0.000,65.334,0.000,0.000,0.000,0.000
2947,1093.370,807.133,807.133,724.720,369.028,187.627,471.997,0.000,65.096,0.000,0.000,0.000,0.000
2948,1093.766,921.364,921.364,724.403,368.712,187.703,471.846,0.000,64.854,0.000,0.000,0.000,0.000
2949,1094.163,862.332,862.332,724.068,368.396,187.776,471.685,0.000,64.607,0.000,0.000,0.000,0.000
2950,1094.559,816.585,816.585,723.715,368.079,187.844,471.515,0.000,64.356,0.000,0.000,0.000,0.000
2951,1094.956,932.328,932.328,723.345,367.763,187.908,471.336,0.000,64.101,0.000,0.000,0.000,0.000
2952,1095.353,851.257,851.257,722.957,367.446,187.968,471.147,0.000,63.842,0.000,0.000,0.000,0.000
2953,1095.749,859.289,859.289,722.551,367.130,188.024,470.949,0.000,63.579,0.000,0.000,0.000,0.000
2954,1096.146,893.667,893.667,722.128,366.814,188.075,470.742,0.000,63.312,0.000,0.000,0.000,0.000
2955,1096.543,874.540,874.540,721.687,366.497,188.121,470.525,0.000,63.041,0.000,0.000,0.000,0.000
2956,1096.940,909.727,909.727,721.229,366.181,188.163,470.299,0.000,62.767,0.000,0.000,0.000,0.000
2957,1097.336,922.639,922.639,720.753,365.865,188.201,470.063,0.000,62.489,0.000,0.000,0.000,0.000
2958,1097.733,847.286,847.286,720.260,365.548,188.234,469.818,0.000,62.208,0.000,0.000,0.000,0.000
2959,1098.130,832.083,832.083,719.750,365.232,188.262,469.564,0.000,61.924,0.000,0.000,0.000,0.000
2960,1098.527,882.480,882.480,719.223,364.916,188.286,469.301,0.000,61.636,0.000,0.000,0.000,0.000
2961,1098.924,839.288,839.288,718.678,364.599,188.305,469.028,0.000,61.345,0.000,0.000,0.000,0.000
2962,1099.321,859.305,859.305,718.117,364.283,188.319,468.746,0.000,61.052,0.000,0.000,0.000,0.000
2963,1099.717,844.749,844.749,717.538,363.966,188.328,468.455,0.000,60.755,0.000,0.000,0.000,0.000
2964,1100.114,888.397,888.397,716.943,363.650,188.332,468.154,0.000,60.456,0.000,0.000,0.000,0.000
2965,1100.511,820.940,820.940,716.331,363.334,188.332,467.845,0.000,60.154,0.000,0.000,0.000,0.000
2966,1100.908,893.900,893.900,715.702,363.017,188.326,467.526,0.000,59.850,0.000,0.000,0.000,0.000
2967,1101.305,902.780,902.780,715.058,362.701,188.315,467.199,0.000,59.544,0.000,0.000,0.000,0.000
2968,1101.702,923.720,923.720,714.396,362.385,188.299,466.862,0.000,59.235,0.000,0.000,0.000,0.000
2969,1102.099,874.492,874.492,713.719,362.068,188.278,466.516,0.000,58.924,0.000,0.000,0.000,0.000
2970,1102.497,887.646,887.646,713.026,361.752,188.252,466.162,0.000,58.612,0.000,0.000,0.000,0.000
2971,1102.894,872.336,872.336,712.317,361.436,188.221,465.799,0.000,58.297,0.000,0.000,0.000,0.000
2972,1103.291,892.244,892.244,711.592,361.119,188.184,465.427,0.000,57.980,0.000,0.000,0.000,0.000
2973,1103.688,870.541,870.541,710.851,360.803,188.143,465.047,0.000,57.662,0.000,0.000,0.000,0.000
2974,1104.085,869.825,869.825,710.096,360.486,188.095,464.658,0.000,57.343,0.000,0.000,0.000,0.000
2975,1104.482,917.630,917.630,709.325,360.170,188.043,464.260,0.000,57.022,0.000,0.000,0.000,0.000
2976,1104.880,937.449,937.449,708.539,359.854,187.985,463.854,0.000,56.699,0.000,0.000,0.000,0.000
2977,1105.277,824.877,824.877,707.738,359.537,187.922,463.440,0.000,56.376,0.000,0.000,0.000,0.000
2978,1105.674,915.762,915.762,706.923,359.221,187.853,463.018,0.000,56.051,0.000,0.000,0.000,0.000
2979,1106.071,923.769,923.769,706.093,358.905,187.779,462.588,0.000,55.726,0.000,0.000,0.000,0.000
2980,1106.469,839.767,839.767,705.249,358.588,187.699,462.150,0.000,55.399,0.000,0.000,0.000,0.000
2981,1106.866,938.584,938.584,704.390,358.272,187.614,461.704,0.000,55.072,0.000,0.000,0.000,0.000
2982,1107.263,904.339,904.339,703.518,357.956,187.523,461.250,0.000,54.745,0.000,0.000,0.000,0.000
2983,1107.661,907.098,907.098,702.632,357.639,187.427,460.789,0.000,54.416,0.000,0.000,0.000,0.000
2984,1108.058,952.252,952.252,701.733,357.323,187.325,460.320,0.000,54.088,0.000,0.000,0.000,0.000
2985,1108.456,896.667,896.667,700.821,357.006,187.218,459.844,0.000,53.759,0.000,0.000,0.000,0.000
2986,1108.853,840.029,840.029,699.895,356.690,187.105,459.361,0.000,53.430,0.000,0.000,0.000,0.000
2987,1109.251,860.508,860.508,698.957,356.374,186.986,458.870,0.000,53.101,0.000,0.000,0.000,0.000
2988,1109.648,882.757,882.757,698.006,356.057,186.862,458.373,0.000,52.771,0.000,0.000,0.000,0.000
2989,1110.046,942.992,942.992,697.043,355.741,186.733,457.869,0.000,52.442,0.000,0.000,0.000,0.000
2990,1110.443,837.064,837.064,696.068,355.425,186.597,457.358,0.000,52.113,0.000,0.000,0.000,0.000
2991,1110.841,887.452,887.452,695.081,355.108,186.456,456.840,0.000,51.785,0.000,0.000,0.000,0.000
2992,1111.239,893.333,893.333,694.083,354.792,186.310,456.316,0.000,51.457,0.000,0.000,0.000,0.000
2993,1111.636,802.308,802.308,693.073,354.476,186.158,455.786,0.000,51.129,0.000,0.000,0.000,0.000
2994,1112.034,918.602,918.602,692.051,354.159,186.000,455.250,0.000,50.802,0.000,0.000,0.000,0.000
2995,1112.432,874.906,874.906,691.019,353.843,185.836,454.707,0.000,50.476,0.000,0.000,0.000,0.000
2996,1112.829,903.544,903.544,689.977,353.526,185.667,454.159,0.000,50.150,0.000,0.000,0.000,0.000
2997,1113.227,909.527,909.527,688.924,353.210,185.493,453.606,0.000,49.825,0.000,0.000,0.000,0.000
2998,1113.625,905.451,905.451,687.860,352.894,185.313,453.046,0.000,49.502,0.000,0.000,0.000,0.000
2999,1114.023,938.122,938.122,686.787,352.577,185.127,452.482,0.000,49.179,0.000,0.000,0.000,0.000
3000,1114.420,850.056,850.056,685.705,352.261,184.936,451.912,0.000,48.857,0.000,0.000,0.000,0.000
3001,1114.818,850.702,850.702,684.613,351.945,184.739,451.337,0.000,48.537,0.000,0.000,0.000,0.000
3002,1115.216,920.685,920.685,683.512,351.628,184.536,450.757,0.000,48.218,0.000,0.000,0.000,0.000
3003,1115.614,910.672,910.672,682.402,351.312,184.329,450.173,0.000,47.900,0.000,0.000,0.000,0.000
3004,1116.012,957.608,957.608,681.283,350.996,184.116,449.584,0.000,47.584,0.000,0.000,0.000,0.000
3005,1116.410,892.076,892.076,680.157,350.679,183.897,448.991,0.000,47.269,0.000,0.000,0.000,0.000
3006,1116.808,926.009,926.009,679.022,350.363,183.673,448.393,0.000,46.956,0.000,0.000,0.000,0.000
3007,1117.206,812.893,812.893,677.879,350.046,183.444,447.791,0.000,46.644,0.000,0.000,0.000,0.000
3008,1117.604,892.230,892.230,676.729,349.730,183.209,447.186,0.000,46.335,0.000,0.000,0.000,0.000
3009,1118.002,801.005,801.005,675.572,349.414,182.969,446.577,0.000,46.027,0.000,0.000,0.000,0.000
3010,1118.400,872.562,872.562,674.408,349.097,182.724,445.964,0.000,45.721,0.000,0.000,0.000,0.000
3011,1118.798,872.967,872.967,673.237,348.781,182.473,445.348,0.000,45.416,0.000,0.000,0.000,0.000
3012,1119.196,899.271,899.271,672.060,348.465,182.218,444.728,0.000,45.114,0.000,0.000,0.000,0.000
3013,1119.594,877.351,877.351,670.877,348.148,181.957,444.106,0.000,44.814,0.000,0.000,0.000,0.000
3014,1119.992,924.402,924.402,669.688,347.832,181.691,443.481,0.000,44.516,0.000,0.000,0.000,0.000
3015,1120.390,833.036,833.036,668.493,347.516,181.421,442.853,0.000,44.220,0.000,0.000,0.000,0.000
3016,1120.789,898.762,898.762,667.293,347.199,181.145,442.222,0.000,43.926,0.000,0.000,0.000,0.000
3017,1121.187,816.279,816.279,666.088,346.883,180.864,441.589,0.000,43.635,0.000,0.000,0.000,0.000
3018,1121.585,860.357,860.357,664.879,346.566,180.579,440.954,0.000,43.346,0.000,0.000,0.000,0.000
3019,1121.983,848.856,848.856,663.664,346.250,180.289,440.317,0.000,43.059,0.000,0.000,0.000,0.000
3020,1122.381,882.438,882.438,662.446,345.934,179.994,439.677,0.000,42.775,0.000,0.000,0.000,0.000
3021,1122.780,824.358,824.358,661.224,345.617,179.695,439.037,0.000,42.493,0.000,0.000,0.000,0.000
3022,1123.178,884.106,884.106,659.998,345.301,179.390,438.394,0.000,42.213,0.000,0.000,0.000,0.000
3023,1123.576,873.153,873.153,658.768,344.985,179.082,437.750,0.000,41.936,0.000,0.000,0.000,0.000
3024,1123.975,896.154,896.154,657.536,344.668,178.769,437.105,0.000,41.662,0.000,0.000,0.000,0.000
3025,1124.373,844.674,844.674,656.301,344.352,178.452,436.459,0.000,41.390,0.000,0.000,0.000,0.000
3026,1124.772,832.506,832.506,655.063,344.035,178.130,435.812,0.000,41.121,0.000,0.000,0.000,0.000
3027,1125.170,803.178,803.178,653.822,343.719,177.804,435.164,0.000,40.854,0.000,0.000,0.000,0.000
3028,1125.569,905.484,905.484,652.580,343.403,177.474,434.516,0.000,40.590,0.000,0.000,0.000,0.000
3029,1125.967,828.409,828.409,651.336,343.086,177.140,433.867,0.000,40.329,0.000,0.000,0.000,0.000
3030,1126.366,875.103,875.103,650.091,342.770,176.802,433.218,0.000,40.071,0.000,0.000,0.000,0.000
3031,1126.764,850.776,850.776,648.844,342.454,176.460,432.568,0.000,39.815,0.000,0.000,0.000,0.000
3032,1127.163,815.305,815.305,647.596,342.137,176.114,431.919,0.000,39.563,0.000,0.000,0.000,0.000
3033,1127.561,801.192,801.192,646.347,341.821,175.765,431.270,0.000,39.313,0.000,0.000,0.000,0.000
3034,1127.960,845.658,845.658,645.098,341.505,175.412,430.621,0.000,39.065,0.000,0.000,0.000,0.000
3035,1128.359,838.338,838.338,643.849,341.188,175.055,429.972,0.000,38.821,0.000,0.000,0.000,0.000
3036,1128.757,828.132,828.132,642.599,340.872,174.695,429.324,0.000,38.580,0.000,0.000,0.000,0.000
3037,1129.156,818.079,818.079,641.350,340.555,174.332,428.677,0.000,38.341,0.000,0.000,0.000,0.000
3038,1129.555,831.492,831.492,640.101,340.239,173.966,428.030,0.000,38.105,0.000,0.000,0.000,0.000
3039,1129.953,768.000,768.000,638.853,339.923,173.596,427.385,0.000,37.872,0.000,0.000,0.000,0.000
3040,1130.352,745.151,745.151,637.606,339.606,173.223,426.740,0.000,37.642,0.000,0.000,0.000,0.000
3041,1130.751,805.493,805.493,636.360,339.290,172.848,426.097,0.000,37.415,0.000,0.000,0.000,0.000
3042,1131.150,898.783,898.783,635.116,338.974,172.469,425.455,0.000,37.191,0.000,0.000,0.000,0.000
3043,1131.549,911.144,911.144,633.873,338.657,172.088,424.815,0.000,36.970,0.000,0.000,0.000,0.000
3044,1131.947,836.732,836.732,632.632,338.341,171.704,424.176,0.000,36.752,0.000,0.000,0.000,0.000
3045,1132.346,754.939,754.939,631.393,338.025,171.317,423.539,0.000,36.537,0.000,0.000,0.000,0.000
3046,1132.745,755.246,755.246,630.157,337.708,170.929,422.904,0.000,36.324,0.000,0.000,0.000,0.000
3047,1133.144,801.374,801.374,628.923,337.392,170.537,422.271,0.000,36.115,0.000,0.000,0.000,0.000
3048,1133.543,774.097,774.097,627.692,337.075,170.144,421.639,0.000,35.908,0.000,0.000,0.000,0.000
3049,1133.942,763.661,763.661,626.463,336.759,169.748,421.010,0.000,35.705,0.000,0.000,0.000,0.000
3050,1134.341,798.300,798.300,625.238,336.443,169.351,420.384,0.000,35.504,0.000,0.000,0.000,0.000
3051,1134.740,742.915,742.915,624.017,336.126,168.951,419.759,0.000,35.306,0.000,0.000,0.000,0.000
3052,1135.139,766.163,766.163,622.798,335.810,168.550,419.137,0.000,35.111,0.000,0.000,0.000,0.000
3053,1135.538,809.982,809.982,621.584,335.494,168.147,418.518,0.000,34.919,0.000,0.000,0.000,0.000
3054,1135.937,766.934,766.934,620.374,335.177,167.743,417.901,0.000,34.730,0.000,0.000,0.000,0.000
3055,1136.336,746.610,746.610,619.168,334.861,167.337,417.287,0.000,34.544,0.000,0.000,0.000,0.000
3056,1136.736,776.935,776.935,617.966,334.545,166.930,416.675,0.000,34.360,0.000,0.000,0.000,0.000
3057,1137.135,705.182,705.182,616.768,334.228,166.521,416.067,0.000,34.180,0.000,0.000,0.000,0.000
3058,1137.534,760.533,760.533,615.576,333.912,166.112,415.462,0.000,34.002,0.000,0.000,0.000,0.000
3059,1137.933,795.870,795.870,614.388,333.595,165.701,414.859,0.000,33.827,0.000,0.000,0.000,0.000
3060,1138.332,742.970,742.970,613.205,333.279,165.290,414.260,0.000,33.655,0.000,0.000,0.000,0.000
3061,1138.732,766.186,766.186,612.028,332.963,164.878,413.664,0.000,33.486,0.000,0.000,0.000,0.000
3062,1139.131,758.273,758.273,610.856,332.646,164.465,413.072,0.000,33.319,0.000,0.000,0.000,0.000
3063,1139.530,700.771,700.771,609.689,332.330,164.051,412.483,0.000,33.155,0.000,0.000,0.000,0.000
3064,1139.930,756.781,756.781,608.528,332.014,163.637,411.897,0.000,32.994,0.000,0.000,0.000,0.000
3065,1140.329,751.536,751.536,607.373,331.697,163.223,411.314,0.000,32.836,0.000,0.000,0.000,0.000
3066,1140.728,721.817,721.817,606.224,331.381,162.809,410.735,0.000,32.680,0.000,0.000,0.000,0.000
3067,1141.128,701.498,701.498,605.081,331.065,162.394,410.160,0.000,32.527,0.000,0.000,0.000,0.000
3068,1141.527,765.338,765.338,603.945,330.748,161.979,409.589,0.000,32.377,0.000,0.000,0.000,0.000
3069,1141.927,749.270,749.270,602.815,330.432,161.565,409.021,0.000,32.229,0.000,0.000,0.000,0.000
3070,1142.326,710.444,710.444,601.691,330.115,161.151,408.457,0.000,32.084,0.000,0.000,0.000,0.000
3071,1142.726,766.112,766.112,600.574,329.799,160.737,407.896,0.000,31.941,0.000,0.000,0.000,0.000
3072,1143.125,750.424,750.424,599.464,329.483,160.323,407.340,0.000,31.801,0.000,0.000,0.000,0.000
3073,1143.525,693.811,693.811,598.361,329.166,159.910,406.787,0.000,31.664,0.000,0.000,0.000,0.000
3074,1143.924,743.699,743.699,597.265,328.850,159.498,406.238,0.000,31.529,0.000,0.000,0.000,0.000
3075,1144.324,722.161,722.161,596.176,328.534,159.086,405.693,0.000,31.396,0.000,0.000,0.000,0.000
3076,1144.723,693.600,693.600,595.094,328.217,158.675,405.152,0.000,31.266,0.000,0.000,0.000,0.000
3077,1145.123,734.198,734.198,594.019,327.901,158.266,404.615,0.000,31.139,0.000,0.000,0.000,0.000
3078,1145.523,693.532,693.532,592.952,327.585,157.857,404.082,0.000,31.013,0.000,0.000,0.000,0.000
3079,1145.922,709.327,709.327,591.893,327.268,157.449,403.554,0.000,30.890,0.000,0.000,0.000,0.000
3080,1146.322,711.110,711.110,590.841,326.952,157.043,403.029,0.000,30.770,0.000,0.000,0.000,0.000
3081,1146.722,651.244,651.244,589.797,326.635,156.638,402.508,0.000,30.652,0.000,0.000,0.000,0.000
3082,1147.122,638.652,638.652,588.761,326.319,156.234,401.991,0.000,30.536,0.000,0.000,0.000,0.000
3083,1147.521,731.491,731.491,587.733,326.003,155.832,401.479,0.000,30.422,0.000,0.000,0.000,0.000
3084,1147.921,689.483,689.483,586.713,325.686,155.432,400.970,0.000,30.310,0.000,0.000,0.000,0.000
3085,1148.321,665.174,665.174,585.700,325.370,155.034,400.466,0.000,30.201,0.000,0.000,0.000,0.000
3086,1148.721,697.392,697.392,584.696,325.054,154.637,399.966,0.000,30.094,0.000,0.000,0.000,0.000
3087,1149.121,677.163,677.163,583.700,324.737,154.242,399.470,0.000,29.989,0.000,0.000,0.000,0.000
3088,1149.521,662.024,662.024,582.713,324.421,153.849,398.978,0.000,29.886,0.000,0.000,0.000,0.000
3089,1149.921,728.878,728.878,581.733,324.105,153.458,398.490,0.000,29.785,0.000,0.000,0.000,0.000
3090,1150.320,701.590,701.590,580.762,323.788,153.070,398.006,0.000,29.686,0.000,0.000,0.000,0.000
3091,1150.720,681.212,681.212,579.800,323.472,152.684,397.527,0.000,29.590,0.000,0.000,0.000,0.000
3092,1151.120,682.445,682.445,578.846,323.155,152.300,397.051,0.000,29.495,0.000,0.000,0.000,0.000
3093,1151.520,636.977,636.977,577.900,322.839,151.919,396.580,0.000,29.402,0.000,0.000,0.000,0.000
3094,1151.920,672.523,672.523,576.963,322.523,151.540,396.112,0.000,29.311,0.000,0.000,0.000,0.000
3095,1152.321,653.590,653.590,576.035,322.206,151.163,395.649,0.000,29.222,0.000,0.000,0.000,0.000
3096,1152.721,622.091,622.091,575.115,321.890,150.790,395.190,0.000,29.135,0.000,0.000,0.000,0.000
3097,1153.121,628.102,628.102,574.204,321.574,150.419,394.735,0.000,29.050,0.000,0.000,0.000,0.000
3098,1153.521,631.803,631.803,573.301,321.257,150.051,394.284,0.000,28.966,0.000,0.000,0.000,0.000
3099,1153.921,665.220,665.220,572.407,320.941,149.686,393.837,0.000,28.885,0.000,0.000,0.000,0.000
3100,1154.321,577.615,577.615,571.522,320.625,149.324,393.394,0.000,28.805,0.000,0.000,0.000,0.000
3101,1154.721,576.801,576.801,570.646,320.308,148.965,392.955,0.000,28.726,0.000,0.000,0.000,0.000
3102,1155.122,603.420,603.420,569.778,319.992,148.609,392.520,0.000,28.650,0.000,0.000,0.000,0.000
3103,1155.522,630.647,630.647,568.919,319.675,148.256,392.088,0.000,28.575,0.000,0.000,0.000,0.000
3104,1155.922,658.471,658.471,568.069,319.359,147.907,391.661,0.000,28.502,0.000,0.000,0.000,0.000
3105,1156.322,653.542,653.542,567.228,319.043,147.560,391.237,0.000,28.430,0.000,0.000,0.000,0.000
3106,1156.723,604.554,604.554,566.396,318.726,147.218,390.818,0.000,28.360,0.000,0.000,0.000,0.000
3107,1157.123,652.659,652.659,565.572,318.410,146.878,390.402,0.000,28.292,0.000,0.000,0.000,0.000
3108,1157.523,602.530,602.530,564.757,318.094,146.542,389.990,0.000,28.225,0.000,0.000,0.000,0.000
3109,1157.924,635.094,635.094,563.951,317.777,146.210,389.582,0.000,28.159,0.000,0.000,0.000,0.000
3110,1158.324,635.164,635.164,563.154,317.461,145.881,389.177,0.000,28.095,0.000,0.000,0.000,0.000
3111,1158.725,597.630,597.630,562.365,317.145,145.556,388.776,0.000,28.033,0.000,0.000,0.000,0.000
3112,1159.125,611.952,611.952,561.585,316.828,145.235,388.379,0.000,27.972,0.000,0.000,0.000,0.000
3113,1159.526,646.163,646.163,560.814,316.512,144.917,387.985,0.000,27.912,0.000,0.000,0.000,0.000
3114,1159.926,665.252,665.252,560.052,316.195,144.603,387.595,0.000,27.854,0.000,0.000,0.000,0.000
3115,1160.327,620.079,620.079,559.298,315.879,144.293,387.208,0.000,27.797,0.000,0.000,0.000,0.000
3116,1160.727,561.850,561.850,558.553,315.563,143.987,386.825,0.000,27.741,0.000,0.000,0.000,0.000
3117,1161.128,575.191,575.191,557.817,315.246,143.685,386.445,0.000,27.686,0.000,0.000,0.000,0.000
3118,1161.528,594.113,594.113,557.089,314.930,143.387,386.069,0.000,27.633,0.000,0.000,0.000,0.000
3119,1161.929,558.035,558.035,556.370,314.614,143.093,385.696,0.000,27.581,0.000,0.000,0.000,0.000
3120,1162.330,591.558,591.558,555.660,314.297,142.803,385.326,0.000,27.530,0.000,0.000,0.000,0.000
3121,1162.730,576.062,576.062,554.958,313.981,142.517,384.960,0.000,27.481,0.000,0.000,0.000,0.000
3122,1163.131,590.577,590.577,554.264,313.665,142.235,384.597,0.000,27.432,0.000,0.000,0.000,0.000
3123,1163.532,585.940,585.940,553.579,313.348,141.957,384.237,0.000,27.385,0.000,0.000,0.000,0.000
3124,1163.932,592.228,592.228,552.903,313.032,141.684,383.880,0.000,27.339,0.000,0.000,0.000,0.000
3125,1164.333,574.651,574.651,552.234,312.715,141.414,383.526,0.000,27.294,0.000,0.000,0.000,0.000
3126,1164.734,618.329,618.329,551.575,312.399,141.149,383.176,0.000,27.250,0.000,0.000,0.000,0.000
3127,1165.135,591.502,591.502,550.923,312.083,140.888,382.828,0.000,27.207,0.000,0.000,0.000,0.000
3128,1165.536,591.918,591.918,550.280,311.766,140.632,382.483,0.000,27.165,0.000,0.000,0.000,0.000
3129,1165.937,519.400,519.400,549.645,311.450,140.379,382.142,0.000,27.124,0.000,0.000,0.000,0.000
3130,1166.337,525.372,525.372,549.018,311.134,140.131,381.803,0.000,27.084,0.000,0.000,0.000,0.000
3131,1166.738,574.017,574.017,548.400,310.817,139.888,381.467,0.000,27.045,0.000,0.000,0.000,0.000
3132,1167.139,546.439,546.439,547.789,310.501,139.649,381.134,0.000,27.007,0.000,0.000,0.000,0.000
3133,1167.540,541.388,541.388,547.187,310.185,139.414,380.803,0.000,26.970,0.000,0.000,0.000,0.000
3134,1167.941,541.766,541.766,546.592,309.868,139.184,380.475,0.000,26.933,0.000,0.000,0.000,0.000
3135,1168.342,569.080,569.080,546.006,309.552,138.958,380.150,0.000,26.898,0.000,0.000,0.000,0.000
3136,1168.743,563.680,563.680,545.427,309.235,138.736,379.827,0.000,26.863,0.000,0.000,0.000,0.000
3137,1169.144,535.105,535.105,544.856,308.919,138.519,379.507,0.000,26.830,0.000,0.000,0.000,0.000
3138,1169.545,546.085,546.085,544.293,308.603,138.306,379.190,0.000,26.797,0.000,0.000,0.000,0.000
3139,1169.946,588.181,588.181,543.738,308.286,138.098,378.875,0.000,26.765,0.000,0.000,0.000,0.000
3140,1170.347,576.602,576.602,543.190,307.970,137.894,378.562,0.000,26.733,0.000,0.000,0.000,0.000
3141,1170.749,559.290,559.290,542.650,307.654,137.695,378.252,0.000,26.703,0.000,0.000,0.000,0.000
3142,1171.150,575.599,575.599,542.117,307.337,137.500,377.944,0.000,26.673,0.000,0.000,0.000,0.000
3143,1171.551,509.920,509.920,541.592,307.021,137.310,377.639,0.000,26.644,0.000,0.000,0.000,0.000
3144,1171.952,585.113,585.113,541.075,306.705,137.124,377.335,0.000,26.615,0.000,0.000,0.000,0.000
3145,1172.353,503.652,503.652,540.564,306.388,136.943,377.034,0.000,26.587,0.000,0.000,0.000,0.000
3146,1172.755,600.006,600.006,540.062,306.072,136.766,376.735,0.000,26.560,0.000,0.000,0.000,0.000
3147,1173.156,525.127,525.127,539.566,305.755,136.594,376.438,0.000,26.534,0.000,0.000,0.000,0.000
3148,1173.557,479.772,479.772,539.077,305.439,136.426,376.143,0.000,26.508,0.000,0.000,0.000,0.000
3149,1173.959,535.992,535.992,538.596,305.123,136.262,375.851,0.000,26.483,0.000,0.000,0.000,0.000
3150,1174.360,537.560,537.560,538.122,304.806,136.103,375.560,0.000,26.459,0.000,0.000,0.000,0.000
3151,1174.761,534.074,534.074,537.655,304.490,135.949,375.271,0.000,26.435,0.000,0.000,0.000,0.000
3152,1175.163,570.945,570.945,537.194,304.174,135.799,374.984,0.000,26.411,0.000,0.000,0.000,0.000
3153,1175.564,485.871,485.871,536.741,303.857,135.654,374.699,0.000,26.389,0.000,0.000,0.000,0.000
3154,1175.966,526.577,526.577,536.294,303.541,135.512,374.415,0.000,26.366,0.000,0.000,0.000,0.000
3155,1176.367,552.374,552.374,535.854,303.225,135.376,374.134,0.000,26.345,0.000,0.000,0.000,0.000
3156,1176.768,522.729,522.729,535.421,302.908,135.244,373.854,0.000,26.323,0.000,0.000,0.000,0.000
3157,1177.170,503.463,503.463,534.995,302.592,135.116,373.576,0.000,26.303,0.000,0.000,0.000,0.000
3158,1177.571,466.580,466.580,534.575,302.275,134.992,373.300,0.000,26.283,0.000,0.000,0.000,0.000
3159,1177.973,510.247,510.247,534.161,301.959,134.873,373.025,0.000,26.263,0.000,0.000,0.000,0.000
3160,1178.375,497.351,497.351,533.754,301.643,134.759,372.751,0.000,26.244,0.000,0.000,0.000,0.000
3161,1178.776,486.486,486.486,533.353,301.326,134.649,372.480,0.000,26.225,0.000,0.000,0.000,0.000
3162,1179.178,494.168,494.168,532.959,301.010,134.543,372.210,0.000,26.207,0.000,0.000,0.000,0.000
3163,1179.579,500.743,500.743,532.571,300.694,134.441,371.941,0.000,26.189,0.000,0.000,0.000,0.000
3164,1179.981,491.705,491.705,532.189,300.377,134.344,371.674,0.000,26.171,0.000,0.000,0.000,0.000
3165,1180.383,503.049,503.049,531.813,300.061,134.251,371.408,0.000,26.154,0.000,0.000,0.000,0.000
3166,1180.785,493.080,493.080,531.443,299.745,134.162,371.143,0.000,26.138,0.000,0.000,0.000,0.000
3167,1181.186,471.153,471.153,531.079,299.428,134.078,370.880,0.000,26.122,0.000,0.000,0.000,0.000
3168,1181.588,506.872,506.872,530.721,299.112,133.997,370.618,0.000,26.106,0.000,0.000,0.000,0.000
3169,1181.990,527.462,527.462,530.369,298.795,133.921,370.357,0.000,26.090,0.000,0.000,0.000,0.000
3170,1182.392,508.029,508.029,530.023,298.479,133.850,370.098,0.000,26.075,0.000,0.000,0.000,0.000
3171,1182.793,539.455,539.455,529.682,298.163,133.782,369.840,0.000,26.060,0.000,0.000,0.000,0.000
3172,1183.195,469.005,469.005,529.347,297.846,133.718,369.583,0.000,26.046,0.000,0.000,0.000,0.000
3173,1183.597,483.454,483.454,529.018,297.530,133.659,369.327,0.000,26.032,0.000,0.000,0.000,0.000
3174,1183.999,459.071,459.071,528.694,297.214,133.604,369.072,0.000,26.018,0.000,0.000,0.000,0.000
3175,1184.401,476.271,476.271,528.375,296.897,133.552,368.818,0.000,26.005,0.000,0.000,0.000,0.000
3176,1184.803,469.788,469.788,528.062,296.581,133.505,368.565,0.000,25.992,0.000,0.000,0.000,0.000
3177,1185.205,512.420,512.420,527.755,296.265,133.462,368.314,0.000,25.979,0.000,0.000,0.000,0.000
3178,1185.607,473.628,473.628,527.452,295.948,133.423,368.063,0.000,25.966,0.000,0.000,0.000,0.000
3179,1186.009,467.543,467.543,527.155,295.632,133.388,367.813,0.000,25.954,0.000,0.000,0.000,0.000
3180,1186.411,492.347,492.347,526.863,295.315,133.356,367.564,0.000,25.942,0.000,0.000,0.000,0.000
3181,1186.813,485.516,485.516,526.576,294.999,133.329,367.316,0.000,25.931,0.000,0.000,0.000,0.000
3182,1187.215,481.163,481.163,526.294,294.683,133.305,367.069,0.000,25.919,0.000,0.000,0.000,0.000
3183,1187.617,469.919,469.919,526.016,294.366,133.285,366.823,0.000,25.908,0.000,0.000,0.000,0.000
3184,1188.019,406.223,406.223,525.744,294.050,133.269,366.578,0.000,25.897,0.000,0.000,0.000,0.000
3185,1188.421,471.688,471.688,525.477,293.734,133.257,366.333,0.000,25.886,0.000,0.000,0.000,0.000
3186,1188.824,519.734,519.734,525.214,293.417,133.249,366.089,0.000,25.876,0.000,0.000,0.000,0.000
3187,1189.226,521.131,521.131,524.956,293.101,133.244,365.846,0.000,25.866,0.000,0.000,0.000,0.000
3188,1189.628,514.881,514.881,524.702,292.785,133.243,365.604,0.000,25.856,0.000,0.000,0.000,0.000
3189,1190.030,471.164,471.164,524.453,292.468,133.245,365.362,0.000,25.846,0.000,0.000,0.000,0.000
3190,1190.433,545.780,545.780,524.209,292.152,133.252,365.121,0.000,25.836,0.000,0.000,0.000,0.000
3191,1190.835,514.410,514.410,523.969,291.835,133.261,364.881,0.000,25.827,0.000,0.000,0.000,0.000
3192,1191.237,482.251,482.251,523.733,291.519,133.274,364.641,0.000,25.818,0.000,0.000,0.000,0.000
3193,1191.640,514.470,514.470,523.502,291.203,133.291,364.402,0.000,25.809,0.000,0.000,0.000,0.000
3194,1192.042,454.443,454.443,523.275,290.886,133.311,364.164,0.000,25.800,0.000,0.000,0.000,0.000
3195,1192.444,466.036,466.036,523.052,290.570,133.335,363.926,0.000,25.791,0.000,0.000,0.000,0.000
3196,1192.847,493.210,493.210,522.833,290.254,133.361,363.688,0.000,25.783,0.000,0.000,0.000,0.000
3197,1193.249,474.422,474.422,522.618,289.937,133.392,363.452,0.000,25.775,0.000,0.000,0.000,0.000
3198,1193.652,505.563,505.563,522.407,289.621,133.425,363.215,0.000,25.767,0.000,0.000,0.000,0.000
3199,1194.054,494.128,494.128,522.200,289.305,133.462,362.980,0.000,25.759,0.000,0.000,0.000,0.000
3200,1194.457,457.089,457.089,521.997,288.988,133.501,362.744,0.000,25.751,0.000,0.000,0.000,0.000
3201,1194.859,428.798,428.798,521.797,288.672,133.544,362.510,0.000,25.743,0.000,0.000,0.000,0.000
3202,1195.262,468.681,468.681,521.601,288.355,133.590,362.275,0.000,25.736,0.000,0.000,0.000,0.000
3203,1195.664,454.436,454.436,521.409,288.039,133.640,362.041,0.000,25.728,0.000,0.000,0.000,0.000
3204,1196.067,412.998,412.998,521.220,287.723,133.692,361.808,0.000,25.721,0.000,0.000,0.000,0.000
3205,1196.469,483.379,483.379,521.035,287.406,133.747,361.575,0.000,25.714,0.000,0.000,0.000,0.000
3206,1196.872,493.765,493.765,520.854,287.090,133.805,361.342,0.000,25.707,0.000,0.000,0.000,0.000
3207,1197.275,431.762,431.762,520.675,286.774,133.866,361.110,0.000,25.700,0.000,0.000,0.000,0.000
3208,1197.677,412.573,412.573,520.500,286.457,133.929,360.878,0.000,25.693,0.000,0.000,0.000,0.000
3209,1198.080,424.000,424.000,520.328,286.141,133.996,360.646,0.000,25.687,0.000,0.000,0.000,0.000
3210,1198.483,474.209,474.209,520.160,285.825,134.065,360.415,0.000,25.680,0.000,0.000,0.000,0.000
3211,1198.885,472.446,472.446,519.994,285.508,134.136,360.184,0.000,25.674,0.000,0.000,0.000,0.000
3212,1199.288,444.571,444.571,519.831,285.192,134.211,359.953,0.000,25.668,0.000,0.000,0.000,0.000
3213,1199.691,495.125,495.125,519.672,284.875,134.288,359.722,0.000,25.661,0.000,0.000,0.000,0.000
3214,1200.094,425.351,425.351,519.515,284.559,134.367,359.492,0.000,25.655,0.000,0.000,0.000,0.000
3215,1200.497,491.857,491.857,519.361,284.243,134.449,359.262,0.000,25.649,0.000,0.000,0.000,0.000
3216,1200.900,447.833,447.833,519.210,283.926,134.533,359.033,0.000,25.643,0.000,0.000,0.000,0.000
3217,1201.302,470.485,470.485,519.061,283.610,134.620,358.803,0.000,25.638,0.000,0.000,0.000,0.000
3218,1201.705,471.615,471.615,518.915,283.294,134.709,358.574,0.000,25.632,0.000,0.000,0.000,0.000
3219,1202.108,484.527,484.527,518.771,282.977,134.800,358.345,0.000,25.626,0.000,0.000,0.000,0.000
3220,1202.511,456.389,456.389,518.630,282.661,134.893,358.116,0.000,25.621,0.000,0.000,0.000,0.000
3221,1202.914,505.741,505.741,518.492,282.345,134.989,357.888,0.000,25.615,0.000,0.000,0.000,0.000
3222,1203.317,477.168,477.168,518.355,282.028,135.086,357.659,0.000,25.610,0.000,0.000,0.000,0.000
3223,1203.720,469.113,469.113,518.221,281.712,135.185,357.431,0.000,25.604,0.000,0.000,0.000,0.000
3224,1204.123,491.585,491.585,518.089,281.395,135.287,357.203,0.000,25.599,0.000,0.000,0.000,0.000
3225,1204.526,473.339,473.339,517.959,281.079,135.390,356.975,0.000,25.594,0.000,0.000,0.000,0.000
3226,1204.929,498.853,498.853,517.831,280.763,135.495,356.747,0.000,25.589,0.000,0.000,0.000,0.000
3227,1205.332,475.795,475.795,517.705,280.446,135.602,356.520,0.000,25.584,0.000,0.000,0.000,0.000
3228,1205.736,428.958,428.958,517.581,280.130,135.710,356.292,0.000,25.579,0.000,0.000,0.000,0.000
3229,1206.139,462.482,462.482,517.459,279.814,135.820,356.065,0.000,25.574,0.000,0.000,0.000,0.000
3230,1206.542,457.587,457.587,517.338,279.497,135.931,355.838,0.000,25.569,0.000,0.000,0.000,0.000
3231,1206.945,467.307,467.307,517.219,279.181,136.044,355.610,0.000,25.564,0.000,0.000,0.000,0.000
3232,1207.348,493.748,493.748,517.101,278.865,136.159,355.383,0.000,25.559,0.000,0.000,0.000,0.000
3233,1207.752,496.200,496.200,516.985,278.548,136.275,355.156,0.000,25.554,0.000,0.000,0.000,0.000
3234,1208.155,458.609,458.609,516.871,278.232,136.392,354.929,0.000,25.550,0.000,0.000,0.000,0.000
3235,1208.558,490.264,490.264,516.757,277.915,136.510,354.702,0.000,25.545,0.000,0.000,0.000,0.000
3236,1208.961,490.879,490.879,516.645,277.599,136.629,354.476,0.000,25.540,0.000,0.000,0.000,0.000
3237,1209.365,465.018,465.018,516.534,277.283,136.750,354.249,0.000,25.536,0.000,0.000,0.000,0.000
3238,1209.768,465.185,465.185,516.424,276.966,136.871,354.022,0.000,25.531,0.000,0.000,0.000,0.000
3239,1210.172,470.537,470.537,516.315,276.650,136.993,353.795,0.000,25.527,0.000,0.000,0.000,0.000
3240,1210.575,488.790,488.790,516.207,276.334,137.117,353.569,0.000,25.522,0.000,0.000,0.000,0.000
3241,1210.978,494.673,494.673,516.100,276.017,137.241,353.342,0.000,25.518,0.000,0.000,0.000,0.000
3242,1211.382,463.292,463.292,515.994,275.701,137.365,353.115,0.000,25.513,0.000,0.000,0.000,0.000
3243,1211.785,471.823,471.823,515.888,275.384,137.490,352.889,0.000,25.509,0.000,0.000,0.000,0.000
3244,1212.189,440.141,440.141,515.783,275.068,137.616,352.662,0.000,25.504,0.000,0.000,0.000,0.000
3245,1212.592,459.286,459.286,515.678,274.752,137.743,352.435,0.000,25.500,0.000,0.000,0.000,0.000
3246,1212.996,451.751,451.751,515.574,274.435,137.869,352.209,0.000,25.496,0.000,0.000,0.000,0.000
3247,1213.399,467.396,467.396,515.470,274.119,137.997,351.982,0.000,25.491,0.000,0.000,0.000,0.000
3248,1213.803,438.213,438.213,515.366,273.803,138.124,351.755,0.000,25.487,0.000,0.000,0.000,0.000
3249,1214.207,450.693,450.693,515.263,273.486,138.251,351.529,0.000,25.483,0.000,0.000,0.000,0.000
3250,1214.610,471.435,471.435,515.160,273.170,138.379,351.302,0.000,25.479,0.000,0.000,0.000,0.000
3251,1215.014,501.951,501.951,515.056,272.854,138.507,351.075,0.000,25.474,0.000,0.000,0.000,0.000
3252,1215.417,477.231,477.231,514.953,272.537,138.634,350.848,0.000,25.470,0.000,0.000,0.000,0.000
3253,1215.821,459.528,459.528,514.849,272.221,138.762,350.622,0.000,25.466,0.000,0.000,0.000,0.000
3254,1216.225,468.014,468.014,514.745,271.904,138.889,350.395,0.000,25.462,0.000,0.000,0.000,0.000
3255,1216.629,503.357,503.357,514.641,271.588,139.016,350.168,0.000,25.457,0.000,0.000,0.000,0.000
3256,1217.032,449.638,449.638,514.536,271.272,139.143,349.941,0.000,25.453,0.000,0.000,0.000,0.000
3257,1217.436,480.593,480.593,514.431,270.955,139.269,349.713,0.000,25.449,0.000,0.000,0.000,0.000
3258,1217.840,447.071,447.071,514.325,270.639,139.394,349.486,0.000,25.445,0.000,0.000,0.000,0.000
3259,1218.244,466.850,466.850,514.219,270.323,139.519,349.259,0.000,25.440,0.000,0.000,0.000,0.000
3260,1218.648,443.194,443.194,514.112,270.006,139.644,349.032,0.000,25.436,0.000,0.000,0.000,0.000
3261,1219.052,487.936,487.936,514.004,269.690,139.767,348.804,0.000,25.432,0.000,0.000,0.000,0.000
3262,1219.455,471.733,471.733,513.895,269.374,139.890,348.577,0.000,25.428,0.000,0.000,0.000,0.000
3263,1219.859,470.420,470.420,513.785,269.057,140.012,348.349,0.000,25.424,0.000,0.000,0.000,0.000
3264,1220.263,467.469,467.469,513.674,268.741,140.133,348.121,0.000,25.419,0.000,0.000,0.000,0.000
3265,1220.667,497.601,497.601,513.561,268.424,140.253,347.894,0.000,25.415,0.000,0.000,0.000,0.000
3266,1221.071,511.759,511.759,513.448,268.108,140.371,347.666,0.000,25.411,0.000,0.000,0.000,0.000
3267,1221.475,455.488,455.488,513.333,267.792,140.489,347.438,0.000,25.407,0.000,0.000,0.000,0.000
3268,1221.879,457.313,457.313,513.217,267.475,140.605,347.209,0.000,25.402,0.000,0.000,0.000,0.000
3269,1222.283,495.342,495.342,513.099,267.159,140.719,346.981,0.000,25.398,0.000,0.000,0.000,0.000
3270,1222.687,504.669,504.669,512.979,266.843,140.833,346.753,0.000,25.394,0.000,0.000,0.000,0.000
3271,1223.091,513.145,513.145,512.858,266.526,140.944,346.524,0.000,25.390,0.000,0.000,0.000,0.000
3272,1223.496,490.881,490.881,512.735,266.210,141.054,346.296,0.000,25.385,0.000,0.000,0.000,0.000
3273,1223.900,491.384,491.384,512.611,265.894,141.163,346.067,0.000,25.381,0.000,0.000,0.000,0.000
3274,1224.304,485.471,485.471,512.484,265.577,141.269,345.838,0.000,25.377,0.000,0.000,0.000,0.000
3275,1224.708,430.601,430.601,512.355,265.261,141.374,345.609,0.000,25.372,0.000,0.000,0.000,0.000
3276,1225.112,494.894,494.894,512.224,264.944,141.477,345.380,0.000,25.368,0.000,0.000,0.000,0.000
3277,1225.517,469.190,469.190,512.091,264.628,141.577,345.150,0.000,25.364,0.000,0.000,0.000,0.000
3278,1225.921,472.911,472.911,511.956,264.312,141.676,344.921,0.000,25.359,0.000,0.000,0.000,0.000
3279,1226.325,484.867,484.867,511.818,263.995,141.772,344.691,0.000,25.355,0.000,0.000,0.000,0.000
3280,1226.729,482.473,482.473,511.678,263.679,141.866,344.462,0.000,25.350,0.000,0.000,0.000,0.000
3281,1227.134,449.599,449.599,511.536,263.363,141.958,344.232,0.000,25.346,0.000,0.000,0.000,0.000
3282,1227.538,514.939,514.939,511.391,263.046,142.048,344.002,0.000,25.341,0.000,0.000,0.000,0.000
3283,1227.942,480.458,480.458,511.243,262.730,142.135,343.771,0.000,25.337,0.000,0.000,0.000,0.000
3284,1228.347,430.657,430.657,511.093,262.414,142.219,343.541,0.000,25.332,0.000,0.000,0.000,0.000
3285,1228.751,529.456,529.456,510.939,262.097,142.301,343.310,0.000,25.328,0.000,0.000,0.000,0.000
3286,1229.156,480.524,480.524,510.783,261.781,142.380,343.080,0.000,25.323,0.000,0.000,0.000,0.000
3287,1229.560,525.904,525.904,510.624,261.464,142.457,342.849,0.000,25.318,0.000,0.000,0.000,0.000
3288,1229.964,555.556,555.556,510.462,261.148,142.531,342.618,0.000,25.314,0.000,0.000,0.000,0.000
3289,1230.369,522.279,522.279,510.297,260.832,142.601,342.387,0.000,25.309,0.000,0.000,0.000,0.000
3290,1230.773,479.315,479.315,510.129,260.515,142.669,342.155,0.000,25.304,0.000,0.000,0.000,0.000
3291,1231.178,500.876,500.876,509.957,260.199,142.734,341.924,0.000,25.300,0.000,0.000,0.000,0.000
3292,1231.583,462.714,462.714,509.782,259.883,142.796,341.692,0.000,25.295,0.000,0.000,0.000,0.000
3293,1231.987,505.812,505.812,509.604,259.566,142.854,341.460,0.000,25.290,0.000,0.000,0.000,0.000
3294,1232.392,550.489,550.489,509.423,259.250,142.909,341.228,0.000,25.285,0.000,0.000,0.000,0.000
3295,1232.796,504.486,504.486,509.238,258.934,142.961,340.996,0.000,25.280,0.000,0.000,0.000,0.000
3296,1233.201,482.587,482.587,509.049,258.617,143.010,340.763,0.000,25.275,0.000,0.000,0.000,0.000
3297,1233.606,496.644,496.644,508.857,258.301,143.056,340.531,0.000,25.270,0.000,0.000,0.000,0.000
3298,1234.010,487.583,487.583,508.661,257.984,143.097,340.298,0.000,25.265,0.000,0.000,0.000,0.000
3299,1234.415,529.392,529.392,508.461,257.668,143.136,340.065,0.000,25.260,0.000,0.000,0.000,0.000
3300,1234.820,507.827,507.827,508.258,257.352,143.171,339.832,0.000,25.255,0.000,0.000,0.000,0.000
3301,1235.225,502.571,502.571,508.051,257.035,143.202,339.599,0.000,25.250,0.000,0.000,0.000,0.000
3302,1235.629,487.012,487.012,507.840,256.719,143.229,339.365,0.000,25.245,0.000,0.000,0.000,0.000
3303,1236.034,491.341,491.341,507.625,256.403,143.253,339.132,0.000,25.240,0.000,0.000,0.000,0.000
3304,1236.439,536.245,536.245,507.406,256.086,143.273,338.898,0.000,25.235,0.000,0.000,0.000,0.000
3305,1236.844,497.811,497.811,507.183,255.770,143.290,338.664,0.000,25.229,0.000,0.000,0.000,0.000
3306,1237.249,489.361,489.361,506.955,255.454,143.302,338.429,0.000,25.224,0.000,0.000,0.000,0.000
3307,1237.654,574.101,574.101,506.724,255.137,143.310,338.195,0.000,25.219,0.000,0.000,0.000,0.000
3308,1238.059,503.763,503.763,506.489,254.821,143.315,337.961,0.000,25.213,0.000,0.000,0.000,0.000
3309,1238.463,472.129,472.129,506.249,254.504,143.315,337.726,0.000,25.208,0.000,0.000,0.000,0.000
3310,1238.868,509.639,509.639,506.005,254.188,143.312,337.491,0.000,25.202,0.000,0.000,0.000,0.000
3311,1239.273,443.264,443.264,505.757,253.872,143.304,337.256,0.000,25.197,0.000,0.000,0.000,0.000
3312,1239.678,477.836,477.836,505.504,253.555,143.293,337.020,0.000,25.191,0.000,0.000,0.000,0.000
3313,1240.083,500.068,500.068,505.247,253.239,143.277,336.785,0.000,25.185,0.000,0.000,0.000,0.000
3314,1240.488,503.727,503.727,504.986,252.923,143.257,336.549,0.000,25.180,0.000,0.000,0.000,0.000
3315,1240.894,443.883,443.883,504.720,252.606,143.233,336.314,0.000,25.174,0.000,0.000,0.000,0.000
3316,1241.299,516.569,516.569,504.450,252.290,143.204,336.078,0.000,25.168,0.000,0.000,0.000,0.000
3317,1241.704,523.539,523.539,504.175,251.974,143.171,335.841,0.000,25.162,0.000,0.000,0.000,0.000
3318,1242.109,502.196,502.196,503.896,251.657,143.134,335.605,0.000,25.156,0.000,0.000,0.000,0.000
3319,1242.514,478.987,478.987,503.612,251.341,143.093,335.369,0.000,25.150,0.000,0.000,0.000,0.000
3320,1242.919,485.729,485.729,503.323,251.024,143.047,335.132,0.000,25.144,0.000,0.000,0.000,0.000
3321,1243.324,539.879,539.879,503.030,250.708,142.997,334.895,0.000,25.138,0.000,0.000,0.000,0.000
3322,1243.730,503.275,503.275,502.733,250.392,142.943,334.658,0.000,25.132,0.000,0.000,0.000,0.000
3323,1244.135,513.482,513.482,502.431,250.075,142.884,334.421,0.000,25.126,0.000,0.000,0.000,0.000
3324,1244.540,524.132,524.132,502.124,249.759,142.820,334.183,0.000,25.120,0.000,0.000,0.000,0.000
3325,1244.945,502.405,502.405,501.812,249.443,142.753,333.946,0.000,25.114,0.000,0.000,0.000,0.000
3326,1245.351,519.939,519.939,501.496,249.126,142.681,333.708,0.000,25.107,0.000,0.000,0.000,0.000
3327,1245.756,499.250,499.250,501.175,248.810,142.604,333.470,0.000,25.101,0.000,0.000,0.000,0.000
3328,1246.161,486.744,486.744,500.850,248.494,142.523,333.232,0.000,25.095,0.000,0.000,0.000,0.000
3329,1246.567,453.754,453.754,500.520,248.177,142.437,332.994,0.000,25.088,0.000,0.000,0.000,0.000
3330,1246.972,532.491,532.491,500.185,247.861,142.347,332.756,0.000,25.082,0.000,0.000,0.000,0.000
3331,1247.378,477.397,477.397,499.845,247.544,142.253,332.518,0.000,25.075,0.000,0.000,0.000,0.000
3332,1247.783,478.449,478.449,499.501,247.228,142.154,332.279,0.000,25.068,0.000,0.000,0.000,0.000
3333,1248.188,495.637,495.637,499.152,246.912,142.051,332.040,0.000,25.062,0.000,0.000,0.000,0.000
3334,1248.594,532.078,532.078,498.799,246.595,141.943,331.801,0.000,25.055,0.000,0.000,0.000,0.000
3335,1248.999,487.991,487.991,498.441,246.279,141.830,331.562,0.000,25.048,0.000,0.000,0.000,0.000
3336,1249.405,496.723,496.723,498.078,245.963,141.714,331.323,0.000,25.041,0.000,0.000,0.000,0.000
3337,1249.810,523.090,523.090,497.710,245.646,141.592,331.084,0.000,25.034,0.000,0.000,0.000,0.000
3338,1250.216,510.383,510.383,497.338,245.330,141.467,330.844,0.000,25.027,0.000,0.000,0.000,0.000
3339,1250.622,476.227,476.227,496.961,245.014,141.337,330.605,0.000,25.020,0.000,0.000,0.000,0.000
3340,1251.027,548.513,548.513,496.580,244.697,141.202,330.365,0.000,25.013,0.000,0.000,0.000,0.000
3341,1251.433,498.580,498.580,496.194,244.381,141.063,330.125,0.000,25.006,0.000,0.000,0.000,0.000
3342,1251.839,523.689,523.689,495.804,244.064,140.920,329.885,0.000,24.998,0.000,0.000,0.000,0.000
3343,1252.244,520.020,520.020,495.409,243.748,140.772,329.645,0.000,24.991,0.000,0.000,0.000,0.000
3344,1252.650,531.354,531.354,495.010,243.432,140.620,329.405,0.000,24.984,0.000,0.000,0.000,0.000
3345,1253.056,532.720,532.720,494.606,243.115,140.464,329.165,0.000,24.976,0.000,0.000,0.000,0.000
3346,1253.461,460.907,460.907,494.197,242.799,140.304,328.925,0.000,24.969,0.000,0.000,0.000,0.000
3347,1253.867,472.364,472.364,493.785,242.483,140.139,328.684,0.000,24.961,0.000,0.000,0.000,0.000
3348,1254.273,474.366,474.366,493.367,242.166,139.970,328.444,0.000,24.954,0.000,0.000,0.000,0.000
3349,1254.679,518.670,518.670,492.946,241.850,139.797,328.203,0.000,24.946,0.000,0.000,0.000,0.000
3350,1255.085,508.283,508.283,492.520,241.534,139.620,327.962,0.000,24.938,0.000,0.000,0.000,0.000
3351,1255.490,490.713,490.713,492.090,241.217,139.438,327.721,0.000,24.931,0.000,0.000,0.000,0.000
3352,1255.896,454.255,454.255,491.656,240.901,139.253,327.480,0.000,24.923,0.000,0.000,0.000,0.000
3353,1256.302,537.674,537.674,491.218,240.584,139.064,327.239,0.000,24.915,0.000,0.000,0.000,0.000
3354,1256.708,529.772,529.772,490.775,240.268,138.870,326.998,0.000,24.907,0.000,0.000,0.000,0.000
3355,1257.114,487.193,487.193,490.329,239.952,138.673,326.757,0.000,24.899,0.000,0.000,0.000,0.000
3356,1257.520,509.255,509.255,489.878,239.635,138.471,326.516,0.000,24.891,0.000,0.000,0.000,0.000
3357,1257.926,507.833,507.833,489.423,239.319,138.266,326.275,0.000,24.882,0.000,0.000,0.000,0.000
3358,1258.332,492.390,492.390,488.965,239.003,138.057,326.033,0.000,24.874,0.000,0.000,0.000,0.000
3359,1258.738,501.803,501.803,488.502,238.686,137.845,325.792,0.000,24.866,0.000,0.000,0.000,0.000
3360,1259.144,559.406,559.406,488.036,238.370,137.628,325.550,0.000,24.857,0.000,0.000,0.000,0.000
3361,1259.550,481.023,481.023,487.566,238.054,137.408,325.309,0.000,24.849,0.000,0.000,0.000,0.000
3362,1259.956,439.112,439.112,487.092,237.737,137.184,325.067,0.000,24.840,0.000,0.000,0.000,0.000
3363,1260.362,493.678,493.678,486.615,237.421,136.957,324.826,0.000,24.832,0.000,0.000,0.000,0.000
3364,1260.768,531.958,531.958,486.133,237.104,136.726,324.584,0.000,24.823,0.000,0.000,0.000,0.000
3365,1261.174,490.865,490.865,485.649,236.788,136.492,324.342,0.000,24.815,0.000,0.000,0.000,0.000
3366,1261.581,494.207,494.207,485.161,236.472,136.255,324.100,0.000,24.806,0.000,0.000,0.000,0.000
3367,1261.987,469.559,469.559,484.669,236.155,136.014,323.859,0.000,24.797,0.000,0.000,0.000,0.000
3368,1262.393,488.793,488.793,484.174,235.839,135.770,323.617,0.000,24.788,0.000,0.000,0.000,0.000
3369,1262.799,500.521,500.521,483.676,235.523,135.522,323.375,0.000,24.779,0.000,0.000,0.000,0.000
3370,1263.206,512.064,512.064,483.175,235.206,135.272,323.133,0.000,24.770,0.000,0.000,0.000,0.000
3371,1263.612,434.613,434.613,482.671,234.890,135.018,322.891,0.000,24.761,0.000,0.000,0.000,0.000
3372,1264.018,517.840,517.840,482.163,234.574,134.762,322.650,0.000,24.752,0.000,0.000,0.000,0.000
3373,1264.424,466.563,466.563,481.652,234.257,134.502,322.408,0.000,24.743,0.000,0.000,0.000,0.000
3374,1264.831,450.520,450.520,481.139,233.941,134.240,322.166,0.000,24.733,0.000,0.000,0.000,0.000
3375,1265.237,525.575,525.575,480.623,233.624,133.975,321.924,0.000,24.724,0.000,0.000,0.000,0.000
3376,1265.643,492.341,492.341,480.104,233.308,133.707,321.682,0.000,24.714,0.000,0.000,0.000,0.000
3377,1266.050,501.089,501.089,479.582,232.992,133.436,321.440,0.000,24.705,0.000,0.000,0.000,0.000
3378,1266.456,526.092,526.092,479.057,232.675,133.163,321.199,0.000,24.695,0.000,0.000,0.000,0.000
3379,1266.863,437.842,437.842,478.530,232.359,132.888,320.957,0.000,24.686,0.000,0.000,0.000,0.000
3380,1267.269,493.112,493.112,478.001,232.043,132.610,320.715,0.000,24.676,0.000,0.000,0.000,0.000
3381,1267.676,449.508,449.508,477.469,231.726,132.329,320.473,0.000,24.666,0.000,0.000,0.000,0.000
3382,1268.082,485.181,485.181,476.935,231.410,132.047,320.232,0.000,24.657,0.000,0.000,0.000,0.000
3383,1268.489,496.289,496.289,476.398,231.094,131.762,319.990,0.000,24.647,0.000,0.000,0.000,0.000
3384,1268.895,533.385,533.385,475.860,230.777,131.475,319.748,0.000,24.637,0.000,0.000,0.000,0.000
3385,1269.302,465.865,465.865,475.319,230.461,131.186,319.507,0.000,24.627,0.000,0.000,0.000,0.000
3386,1269.708,503.439,503.439,474.776,230.144,130.894,319.265,0.000,24.617,0.000,0.000,0.000,0.000
3387,1270.115,473.490,473.490,474.232,229.828,130.601,319.024,0.000,24.606,0.000,0.000,0.000,0.000
3388,1270.522,522.166,522.166,473.685,229.512,130.307,318.782,0.000,24.596,0.000,0.000,0.000,0.000
3389,1270.928,480.408,480.408,473.137,229.195,130.010,318.541,0.000,24.586,0.000,0.000,0.000,0.000
3390,1271.335,464.672,464.672,472.587,228.879,129.712,318.300,0.000,24.576,0.000,0.000,0.000,0.000
3391,1271.742,490.286,490.286,472.036,228.563,129.412,318.059,0.000,24.565,0.000,0.000,0.000,0.000
3392,1272.148,459.851,459.851,471.483,228.246,129.111,317.817,0.000,24.555,0.000,0.000,0.000,0.000
3393,1272.555,501.865,501.865,470.928,227.930,128.808,317.576,0.000,24.544,0.000,0.000,0.000,0.000
3394,1272.962,466.921,466.921,470.373,227.614,128.504,317.335,0.000,24.533,0.000,0.000,0.000,0.000
3395,1273.369,478.855,478.855,469.816,227.297,128.199,317.094,0.000,24.523,0.000,0.000,0.000,0.000
3396,1273.776,476.869,476.869,469.258,226.981,127.892,316.854,0.000,24.512,0.000,0.000,0.000,0.000
3397,1274.182,481.124,481.124,468.698,226.664,127.584,316.613,0.000,24.501,0.000,0.000,0.000,0.000
3398,1274.589,455.298,455.298,468.138,226.348,127.276,316.372,0.000,24.490,0.000,0.000,0.000,0.000
3399,1274.996,472.978,472.978,467.577,226.032,126.966,316.132,0.000,24.479,0.000,0.000,0.000,0.000
3400,1275.403,474.299,474.299,467.015,225.715,126.655,315.891,0.000,24.468,0.000,0.000,0.000,0.000
3401,1275.810,417.029,417.029,466.452,225.399,126.344,315.651,0.000,24.457,0.000,0.000,0.000,0.000
3402,1276.217,406.245,406.245,465.889,225.083,126.032,315.410,0.000,24.446,0.000,0.000,0.000,0.000
3403,1276.624,467.333,467.333,465.325,224.766,125.719,315.170,0.000,24.435,0.000,0.000,0.000,0.000
3404,1277.031,484.171,484.171,464.760,224.450,125.406,314.930,0.000,24.424,0.000,0.000,0.000,0.000
3405,1277.438,474.914,474.914,464.195,224.134,125.093,314.690,0.000,24.412,0.000,0.000,0.000,0.000
3406,1277.845,460.318,460.318,463.630,223.817,124.778,314.450,0.000,24.401,0.000,0.000,0.000,0.000
3407,1278.252,541.297,541.297,463.064,223.501,124.464,314.211,0.000,24.389,0.000,0.000,0.000,0.000
3408,1278.659,439.424,439.424,462.498,223.184,124.149,313.971,0.000,24.378,0.000,0.000,0.000,0.000
3409,1279.066,465.343,465.343,461.933,222.868,123.835,313.732,0.000,24.366,0.000,0.000,0.000,0.000
3410,1279.473,461.657,461.657,461.367,222.552,123.520,313.492,0.000,24.355,0.000,0.000,0.000,0.000
3411,1279.880,434.757,434.757,460.801,222.235,123.205,313.253,0.000,24.343,0.000,0.000,0.000,0.000
3412,1280.287,410.477,410.477,460.235,221.919,122.890,313.014,0.000,24.331,0.000,0.000,0.000,0.000
3413,1280.694,456.228,456.228,459.670,221.603,122.575,312.775,0.000,24.319,0.000,0.000,0.000,0.000
3414,1281.102,500.676,500.676,459.104,221.286,122.261,312.536,0.000,24.307,0.000,0.000,0.000,0.000
3415,1281.509,417.640,417.640,458.540,220.970,121.947,312.297,0.000,24.295,0.000,0.000,0.000,0.000
3416,1281.916,506.232,506.232,457.975,220.654,121.633,312.059,0.000,24.283,0.000,0.000,0.000,0.000
3417,1282.323,440.030,440.030,457.411,220.337,121.320,311.820,0.000,24.271,0.000,0.000,0.000,0.000
3418,1282.730,438.486,438.486,456.848,220.021,121.007,311.582,0.000,24.259,0.000,0.000,0.000,0.000
3419,1283.138,440.193,440.193,456.285,219.704,120.695,311.344,0.000,24.247,0.000,0.000,0.000,0.000
3420,1283.545,440.175,440.175,455.723,219.388,120.383,311.106,0.000,24.235,0.000,0.000,0.000,0.000
3421,1283.952,400.573,400.573,455.162,219.072,120.072,310.868,0.000,24.222,0.000,0.000,0.000,0.000
3422,1284.360,436.295,436.295,454.602,218.755,119.762,310.630,0.000,24.210,0.000,0.000,0.000,0.000
3423,1284.767,482.581,482.581,454.043,218.439,119.453,310.393,0.000,24.198,0.000,0.000,0.000,0.000
3424,1285.175,473.374,473.374,453.485,218.123,119.144,310.155,0.000,24.185,0.000,0.000,0.000,0.000
3425,1285.582,490.376,490.376,452.927,217.806,118.837,309.918,0.000,24.172,0.000,0.000,0.000,0.000
3426,1285.989,483.165,483.165,452.371,217.490,118.531,309.681,0.000,24.160,0.000,0.000,0.000,0.000
3427,1286.397,430.403,430.403,451.817,217.174,118.226,309.444,0.000,24.147,0.000,0.000,0.000,0.000
3428,1286.804,454.156,454.156,451.263,216.857,117.922,309.207,0.000,24.134,0.000,0.000,0.000,0.000
3429,1287.212,462.098,462.098,450.711,216.541,117.619,308.970,0.000,24.121,0.000,0.000,0.000,0.000
3430,1287.619,430.113,430.113,450.160,216.224,117.318,308.734,0.000,24.109,0.000,0.000,0.000,0.000
3431,1288.027,419.619,419.619,449.611,215.908,117.018,308.497,0.000,24.096,0.000,0.000,0.000,0.000
3432,1288.434,450.788,450.788,449.063,215.592,116.719,308.261,0.000,24.083,0.000,0.000,0.000,0.000
3433,1288.842,456.727,456.727,448.517,215.275,116.422,308.025,0.000,24.070,0.000,0.000,0.000,0.000
3434,1289.250,448.611,448.611,447.972,214.959,116.127,307.789,0.000,24.056,0.000,0.000,0.000,0.000
3435,1289.657,486.596,486.596,447.429,214.643,115.833,307.553,0.000,24.043,0.000,0.000,0.000,0.000
3436,1290.065,480.279,480.279,446.888,214.326,115.540,307.318,0.000,24.030,0.000,0.000,0.000,0.000
3437,1290.472,452.950,452.950,446.348,214.010,115.250,307.082,0.000,24.017,0.000,0.000,0.000,0.000
3438,1290.880,436.575,436.575,445.811,213.694,114.961,306.847,0.000,24.003,0.000,0.000,0.000,0.000
3439,1291.288,418.757,418.757,445.275,213.377,114.674,306.612,0.000,23.990,0.000,0.000,0.000,0.000
3440,1291.696,424.559,424.559,444.742,213.061,114.389,306.377,0.000,23.976,0.000,0.000,0.000,0.000
3441,1292.103,437.849,437.849,444.210,212.744,114.105,306.142,0.000,23.963,0.000,0.000,0.000,0.000
3442,1292.511,435.090,435.090,443.680,212.428,113.824,305.907,0.000,23.949,0.000,0.000,0.000,0.000
3443,1292.919,437.657,437.657,443.153,212.112,113.545,305.672,0.000,23.936,0.000,0.000,0.000,0.000
3444,1293.327,433.701,433.701,442.627,211.795,113.268,305.438,0.000,23.922,0.000,0.000,0.000,0.000
3445,1293.734,440.288,440.288,442.104,211.479,112.992,305.204,0.000,23.908,0.000,0.000,0.000,0.000
3446,1294.142,425.062,425.062,441.583,211.163,112.719,304.970,0.000,23.894,0.000,0.000,0.000,0.000
3447,1294.550,370.624,370.624,441.065,210.846,112.449,304.736,0.000,23.880,0.000,0.000,0.000,0.000
3448,1294.958,439.105,439.105,440.548,210.530,112.180,304.502,0.000,23.867,0.000,0.000,0.000,0.000
3449,1295.366,422.968,422.968,440.034,210.214,111.914,304.268,0.000,23.853,0.000,0.000,0.000,0.000
3450,1295.774,400.085,400.085,439.522,209.897,111.649,304.034,0.000,23.838,0.000,0.000,0.000,0.000
3451,1296.182,449.663,449.663,439.013,209.581,111.388,303.801,0.000,23.824,0.000,0.000,0.000,0.000
3452,1296.590,413.994,413.994,438.506,209.264,111.128,303.568,0.000,23.810,0.000,0.000,0.000,0.000
3453,1296.998,451.163,451.163,438.002,208.948,110.871,303.334,0.000,23.796,0.000,0.000,0.000,0.000
3454,1297.406,440.699,440.699,437.500,208.632,110.617,303.101,0.000,23.782,0.000,0.000,0.000,0.000
3455,1297.814,408.517,408.517,437.000,208.315,110.364,302.869,0.000,23.767,0.000,0.000,0.000,0.000
3456,1298.222,424.632,424.632,436.503,207.999,110.115,302.636,0.000,23.753,0.000,0.000,0.000,0.000
3457,1298.630,445.839,445.839,436.009,207.683,109.868,302.403,0.000,23.738,0.000,0.000,0.000,0.000
3458,1299.038,439.539,439.539,435.518,207.366,109.623,302.171,0.000,23.724,0.000,0.000,0.000,0.000
3459,1299.446,406.333,406.333,435.029,207.050,109.381,301.938,0.000,23.709,0.000,0.000,0.000,0.000
3460,1299.854,440.094,440.094,434.542,206.733,109.142,301.706,0.000,23.695,0.000,0.000,0.000,0.000
3461,1300.262,439.195,439.195,434.058,206.417,108.905,301.474,0.000,23.680,0.000,0.000,0.000,0.000
3462,1300.670,454.803,454.803,433.577,206.101,108.670,301.242,0.000,23.665,0.000,0.000,0.000,0.000
3463,1301.079,423.364,423.364,433.099,205.784,108.439,301.010,0.000,23.650,0.000,0.000,0.000,0.000
3464,1301.487,423.725,423.725,432.623,205.468,108.210,300.778,0.000,23.636,0.000,0.000,0.000,0.000
3465,1301.895,413.820,413.820,432.151,205.152,107.984,300.546,0.000,23.621,0.000,0.000,0.000,0.000
3466,1302.303,394.791,394.791,431.680,204.835,107.760,300.315,0.000,23.606,0.000,0.000,0.000,0.000
3467,1302.712,434.767,434.767,431.213,204.519,107.539,300.083,0.000,23.591,0.000,0.000,0.000,0.000
3468,1303.120,453.317,453.317,430.748,204.203,107.321,299.852,0.000,23.575,0.000,0.000,0.000,0.000
3469,1303.528,393.104,393.104,430.287,203.886,107.106,299.620,0.000,23.560,0.000,0.000,0.000,0.000
3470,1303.937,421.538,421.538,429.828,203.570,106.893,299.389,0.000,23.545,0.000,0.000,0.000,0.000
3471,1304.345,416.216,416.216,429.371,203.253,106.683,299.158,0.000,23.530,0.000,0.000,0.000,0.000
3472,1304.753,486.510,486.510,428.918,202.937,106.476,298.927,0.000,23.514,0.000,0.000,0.000,0.000
3473,1305.162,421.035,421.035,428.467,202.621,106.272,298.696,0.000,23.499,0.000,0.000,0.000,0.000
3474,1305.570,391.772,391.772,428.019,202.304,106.071,298.465,0.000,23.484,0.000,0.000,0.000,0.000
3475,1305.978,399.880,399.880,427.574,201.988,105.872,298.234,0.000,23.468,0.000,0.000,0.000,0.000
3476,1306.387,389.289,389.289,427.132,201.672,105.676,298.004,0.000,23.452,0.000,0.000,0.000,0.000
3477,1306.795,405.859,405.859,426.693,201.355,105.483,297.773,0.000,23.437,0.000,0.000,0.000,0.000
3478,1307.204,375.716,375.716,426.256,201.039,105.293,297.542,0.000,23.421,0.000,0.000,0.000,0.000
3479,1307.612,380.861,380.861,425.822,200.723,105.105,297.312,0.000,23.405,0.000,0.000,0.000,0.000
3480,1308.021,469.625,469.625,425.391,200.406,104.920,297.081,0.000,23.389,0.000,0.000,0.000,0.000
3481,1308.429,394.093,394.093,424.963,200.090,104.738,296.851,0.000,23.373,0.000,0.000,0.000,0.000
3482,1308.838,331.468,331.468,424.537,199.773,104.559,296.620,0.000,23.358,0.000,0.000,0.000,0.000
3483,1309.247,415.104,415.104,424.114,199.457,104.383,296.390,0.000,23.341,0.000,0.000,0.000,0.000
3484,1309.655,409.491,409.491,423.694,199.141,104.209,296.160,0.000,23.325,0.000,0.000,0.000,0.000
3485,1310.064,411.093,411.093,423.277,198.824,104.038,295.929,0.000,23.309,0.000,0.000,0.000,0.000
3486,1310.473,407.007,407.007,422.862,198.508,103.870,295.699,0.000,23.293,0.000,0.000,0.000,0.000
3487,1310.881,352.891,352.891,422.450,198.192,103.705,295.469,0.000,23.277,0.000,0.000,0.000,0.000
3488,1311.290,409.980,409.980,422.041,197.875,103.542,295.239,0.000,23.260,0.000,0.000,0.000,0.000
3489,1311.699,375.000,375.000,421.635,197.559,103.383,295.008,0.000,23.244,0.000,0.000,0.000,0.000
3490,1312.107,395.538,395.538,421.231,197.243,103.226,294.778,0.000,23.227,0.000,0.000,0.000,0.000
3491,1312.516,413.782,413.782,420.830,196.926,103.071,294.548,0.000,23.211,0.000,0.000,0.000,0.000
3492,1312.925,360.932,360.932,420.431,196.610,102.919,294.318,0.000,23.194,0.000,0.000,0.000,0.000
3493,1313.334,424.709,424.709,420.035,196.293,102.770,294.088,0.000,23.177,0.000,0.000,0.000,0.000
3494,1313.742,389.727,389.727,419.642,195.977,102.624,293.857,0.000,23.160,0.000,0.000,0.000,0.000
3495,1314.151,400.596,400.596,419.251,195.661,102.480,293.627,0.000,23.143,0.000,0.000,0.000,0.000
3496,1314.560,346.534,346.534,418.863,195.344,102.339,293.397,0.000,23.127,0.000,0.000,0.000,0.000
3497,1314.969,369.747,369.747,418.477,195.028,102.201,293.167,0.000,23.109,0.000,0.000,0.000,0.000
3498,1315.378,373.542,373.542,418.094,194.712,102.065,292.936,0.000,23.092,0.000,0.000,0.000,0.000
3499,1315.787,351.379,351.379,417.713,194.395,101.931,292.706,0.000,23.075,0.000,0.000,0.000,0.000
3500,1316.196,368.179,368.179,417.334,194.079,101.801,292.476,0.000,23.058,0.000,0.000,0.000,0.000
3501,1316.605,395.218,395.218,416.958,193.763,101.672,292.245,0.000,23.040,0.000,0.000,0.000,0.000
3502,1317.014,396.186,396.186,416.585,193.446,101.547,292.015,0.000,23.023,0.000,0.000,0.000,0.000
3503,1317.423,418.759,418.759,416.213,193.130,101.423,291.784,0.000,23.005,0.000,0.000,0.000,0.000
3504,1317.832,389.900,389.900,415.844,192.813,101.303,291.554,0.000,22.988,0.000,0.000,0.000,0.000
3505,1318.241,388.022,388.022,415.478,192.497,101.184,291.323,0.000,22.970,0.000,0.000,0.000,0.000
3506,1318.650,389.988,389.988,415.113,192.181,101.068,291.093,0.000,22.952,0.000,0.000,0.000,0.000
3507,1319.059,392.787,392.787,414.751,191.864,100.955,290.862,0.000,22.934,0.000,0.000,0.000,0.000
3508,1319.468,367.798,367.798,414.391,191.548,100.843,290.631,0.000,22.916,0.000,0.000,0.000,0.000
3509,1319.877,404.233,404.233,414.033,191.232,100.734,290.400,0.000,22.898,0.000,0.000,0.000,0.000
3510,1320.286,362.633,362.633,413.677,190.915,100.628,290.169,0.000,22.880,0.000,0.000,0.000,0.000
3511,1320.695,342.556,342.556,413.324,190.599,100.523,289.938,0.000,22.862,0.000,0.000,0.000,0.000
3512,1321.104,407.987,407.987,412.972,190.283,100.421,289.707,0.000,22.844,0.000,0.000,0.000,0.000
3513,1321.514,369.573,369.573,412.622,189.966,100.321,289.476,0.000,22.825,0.000,0.000,0.000,0.000
3514,1321.923,378.023,378.023,412.274,189.650,100.223,289.245,0.000,22.807,0.000,0.000,0.000,0.000
3515,1322.332,369.960,369.960,411.929,189.333,100.128,289.013,0.000,22.788,0.000,0.000,0.000,0.000
3516,1322.741,385.286,385.286,411.585,189.017,100.034,288.782,0.000,22.769,0.000,0.000,0.000,0.000
3517,1323.150,417.838,417.838,411.243,188.701,99.942,288.550,0.000,22.750,0.000,0.000,0.000,0.000
3518,1323.560,355.006,355.006,410.903,188.384,99.853,288.318,0.000,22.731,0.000,0.000,0.000,0.000
3519,1323.969,356.568,356.568,410.564,188.068,99.765,288.086,0.000,22.712,0.000,0.000,0.000,0.000
3520,1324.378,367.895,367.895,410.227,187.752,99.680,287.854,0.000,22.693,0.000,0.000,0.000,0.000
3521,1324.788,376.638,376.638,409.892,187.435,99.596,287.622,0.000,22.674,0.000,0.000,0.000,0.000
3522,1325.197,394.805,394.805,409.559,187.119,99.515,287.390,0.000,22.654,0.000,0.000,0.000,0.000
3523,1325.606,388.273,388.273,409.227,186.803,99.435,287.157,0.000,22.635,0.000,0.000,0.000,0.000
3524,1326.016,384.670,384.670,408.897,186.486,99.357,286.925,0.000,22.615,0.000,0.000,0.000,0.000
3525,1326.425,399.007,399.007,408.568,186.170,99.281,286.692,0.000,22.595,0.000,0.000,0.000,0.000
3526,1326.835,418.253,418.253,408.241,185.853,99.206,286.459,0.000,22.576,0.000,0.000,0.000,0.000
3527,1327.244,408.980,408.980,407.915,185.537,99.133,286.226,0.000,22.556,0.000,0.000,0.000,0.000
3528,1327.654,380.783,380.783,407.590,185.221,99.062,285.993,0.000,22.535,0.000,0.000,0.000,0.000
3529,1328.063,378.351,378.351,407.267,184.904,98.993,285.759,0.000,22.515,0.000,0.000,0.000,0.000
3530,1328.473,373.898,373.898,406.946,184.588,98.925,285.526,0.000,22.495,0.000,0.000,0.000,0.000
3531,1328.882,353.653,353.653,406.625,184.272,98.859,285.292,0.000,22.474,0.000,0.000,0.000,0.000
3532,1329.292,405.583,405.583,406.306,183.955,98.794,285.058,0.000,22.454,0.000,0.000,0.000,0.000
3533,1329.701,376.826,376.826,405.987,183.639,98.731,284.824,0.000,22.433,0.000,0.000,0.000,0.000
3534,1330.111,314.113,314.113,405.670,183.323,98.669,284.589,0.000,22.412,0.000,0.000,0.000,0.000
3535,1330.521,379.362,379.362,405.354,183.006,98.609,284.355,0.000,22.391,0.000,0.000,0.000,0.000
3536,1330.930,383.042,383.042,405.039,182.690,98.550,284.120,0.000,22.370,0.000,0.000,0.000,0.000
3537,1331.340,364.247,364.247,404.725,182.373,98.492,283.885,0.000,22.348,0.000,0.000,0.000,0.000
3538,1331.750,363.188,363.188,404.412,182.057,98.435,283.650,0.000,22.327,0.000,0.000,0.000,0.000
3539,1332.159,313.132,313.132,404.100,181.741,98.380,283.414,0.000,22.305,0.000,0.000,0.000,0.000
3540,1332.569,352.609,352.609,403.789,181.424,98.326,283.179,0.000,22.284,0.000,0.000,0.000,0.000
3541,1332.979,348.329,348.329,403.478,181.108,98.273,282.943,0.000,22.262,0.000,0.000,0.000,0.000
3542,1333.388,355.665,355.665,403.168,180.792,98.222,282.707,0.000,22.240,0.000,0.000,0.000,0.000
3543,1333.798,371.490,371.490,402.859,180.475,98.171,282.471,0.000,22.217,0.000,0.000,0.000,0.000
3544,1334.208,379.313,379.313,402.551,180.159,98.121,282.234,0.000,22.195,0.000,0.000,0.000,0.000
3545,1334.618,340.254,340.254,402.243,179.843,98.073,281.997,0.000,22.172,0.000,0.000,0.000,0.000
3546,1335.028,356.244,356.244,401.935,179.526,98.025,281.760,0.000,22.150,0.000,0.000,0.000,0.000
3547,1335.437,409.876,409.876,401.629,179.210,97.979,281.523,0.000,22.127,0.000,0.000,0.000,0.000
3548,1335.847,402.359,402.359,401.322,178.893,97.933,281.286,0.000,22.104,0.000,0.000,0.000,0.000
3549,1336.257,401.099,401.099,401.016,178.577,97.888,281.048,0.000,22.081,0.000,0.000,0.000,0.000
3550,1336.667,354.603,354.603,400.711,178.261,97.844,280.810,0.000,22.057,0.000,0.000,0.000,0.000
3551,1337.077,368.462,368.462,400.406,177.944,97.800,280.572,0.000,22.034,0.000,0.000,0.000,0.000
3552,1337.487,388.171,388.171,400.101,177.628,97.758,280.333,0.000,22.010,0.000,0.000,0.000,0.000
3553,1337.897,375.400,375.400,399.796,177.312,97.716,280.095,0.000,21.986,0.000,0.000,0.000,0.000
3554,1338.307,397.845,397.845,399.492,176.995,97.674,279.856,0.000,21.962,0.000,0.000,0.000,0.000
3555,1338.717,378.076,378.076,399.188,176.679,97.634,279.616,0.000,21.938,0.000,0.000,0.000,0.000
3556,1339.127,328.317,328.317,398.884,176.363,97.593,279.377,0.000,21.913,0.000,0.000,0.000,0.000
3557,1339.537,394.630,394.630,398.580,176.046,97.554,279.137,0.000,21.889,0.000,0.000,0.000,0.000
3558,1339.947,454.906,454.906,398.276,175.730,97.515,278.897,0.000,21.864,0.000,0.000,0.000,0.000
3559,1340.357,382.141,382.141,397.971,175.413,97.476,278.657,0.000,21.839,0.000,0.000,0.000,0.000
3560,1340.767,398.057,398.057,397.667,175.097,97.438,278.416,0.000,21.814,0.000,0.000,0.000,0.000
3561,1341.177,385.241,385.241,397.363,174.781,97.400,278.175,0.000,21.788,0.000,0.000,0.000,0.000
3562,1341.587,375.652,375.652,397.059,174.464,97.362,277.934,0.000,21.763,0.000,0.000,0.000,0.000
3563,1341.998,404.562,404.562,396.754,174.148,97.325,277.693,0.000,21.737,0.000,0.000,0.000,0.000
3564,1342.408,382.384,382.384,396.450,173.832,97.288,277.451,0.000,21.711,0.000,0.000,0.000,0.000
3565,1342.818,374.860,374.860,396.145,173.515,97.251,277.209,0.000,21.685,0.000,0.000,0.000,0.000
3566,1343.228,328.248,328.248,395.840,173.199,97.215,276.967,0.000,21.658,0.000,0.000,0.000,0.000
3567,1343.638,371.838,371.838,395.534,172.883,97.178,276.724,0.000,21.632,0.000,0.000,0.000,0.000
3568,1344.049,364.411,364.411,395.228,172.566,97.142,276.481,0.000,21.605,0.000,0.000,0.000,0.000
3569,1344.459,445.513,445.513,394.922,172.250,97.106,276.238,0.000,21.578,0.000,0.000,0.000,0.000
3570,1344.869,352.317,352.317,394.615,171.933,97.070,275.995,0.000,21.550,0.000,0.000,0.000,0.000
3571,1345.279,413.751,413.751,394.308,171.617,97.034,275.751,0.000,21.523,0.000,0.000,0.000,0.000
3572,1345.690,366.050,366.050,394.000,171.301,96.998,275.507,0.000,21.495,0.000,0.000,0.000,0.000
3573,1346.100,390.104,390.104,393.692,170.984,96.962,275.263,0.000,21.467,0.000,0.000,0.000,0.000
3574,1346.510,377.693,377.693,393.383,170.668,96.925,275.018,0.000,21.439,0.000,0.000,0.000,0.000
3575,1346.921,382.437,382.437,393.073,170.352,96.889,274.773,0.000,21.411,0.000,0.000,0.000,0.000
3576,1347.331,384.266,384.266,392.763,170.035,96.853,274.528,0.000,21.382,0.000,0.000,0.000,0.000
3577,1347.742,386.171,386.171,392.452,169.719,96.816,274.283,0.000,21.353,0.000,0.000,0.000,0.000
3578,1348.152,362.642,362.642,392.141,169.403,96.779,274.037,0.000,21.324,0.000,0.000,0.000,0.000
3579,1348.562,324.452,324.452,391.828,169.086,96.742,273.791,0.000,21.295,0.000,0.000,0.000,0.000
3580,1348.973,382.814,382.814,391.515,168.770,96.705,273.545,0.000,21.265,0.000,0.000,0.000,0.000
3581,1349.383,401.370,401.370,391.201,168.453,96.668,273.298,0.000,21.235,0.000,0.000,0.000,0.000
3582,1349.794,355.650,355.650,390.887,168.137,96.630,273.051,0.000,21.205,0.000,0.000,0.000,0.000
3583,1350.204,393.507,393.507,390.571,167.821,96.592,272.804,0.000,21.175,0.000,0.000,0.000,0.000
3584,1350.615,379.765,379.765,390.255,167.504,96.553,272.557,0.000,21.145,0.000,0.000,0.000,0.000
3585,1351.026,437.079,437.079,389.937,167.188,96.515,272.309,0.000,21.114,0.000,0.000,0.000,0.000
3586,1351.436,379.301,379.301,389.619,166.872,96.475,272.061,0.000,21.083,0.000,0.000,0.000,0.000
3587,1351.847,362.632,362.632,389.300,166.555,96.436,271.813,0.000,21.052,0.000,0.000,0.000,0.000
3588,1352.257,387.363,387.363,389.283,166.542,96.432,271.823,0.000,21.029,0.000,0.000,0.000,0.000
3589,1352.668,338.513,338.513,389.265,166.529,96.427,271.832,0.000,21.006,0.000,0.000,0.000,0.000
3590,1353.079,367.044,367.044,389.246,166.516,96.422,271.842,0.000,20.982,0.000,0.000,0.000,0.000
3591,1353.489,373.716,373.716,389.226,166.503,96.416,271.851,0.000,20.959,0.000,0.000,0.000,0.000
3592,1353.900,426.397,426.397,389.205,166.489,96.410,271.860,0.000,20.935,0.000,0.000,0.000,0.000
3593,1354.311,410.780,410.780,389.183,166.476,96.403,271.869,0.000,20.911,0.000,0.000,0.000,0.000
3594,1354.721,430.673,430.673,389.160,166.463,96.396,271.877,0.000,20.887,0.000,0.000,0.000,0.000
3595,1355.132,393.171,393.171,389.135,166.450,96.388,271.886,0.000,20.862,0.000,0.000,0.000,0.000
3596,1355.543,397.715,397.715,389.110,166.437,96.379,271.894,0.000,20.837,0.000,0.000,0.000,0.000
3597,1355.954,367.675,367.675,389.083,166.424,96.370,271.901,0.000,20.812,0.000,0.000,0.000,0.000
3598,1356.365,371.059,371.059,389.056,166.410,96.360,271.909,0.000,20.787,0.000,0.000,0.000,0.000
3599,1356.775,336.431,336.431,389.027,166.397,96.349,271.916,0.000,20.761,0.000,0.000,0.000,0.000
3600,1357.186,410.661,410.661,388.997,166.384,96.338,271.924,0.000,20.735,0.000,0.000,0.000,0.000
3601,1357.597,347.218,347.218,388.965,166.371,96.326,271.931,0.000,20.709,0.000,0.000,0.000,0.000
3602,1358.008,359.658,359.658,388.933,166.358,96.314,271.937,0.000,20.682,0.000,0.000,0.000,0.000
3603,1358.419,407.398,407.398,388.900,166.345,96.300,271.944,0.000,20.655,0.000,0.000,0.000,0.000
3604,1358.830,433.367,433.367,388.865,166.331,96.286,271.950,0.000,20.628,0.000,0.000,0.000,0.000
3605,1359.241,434.732,434.732,388.829,166.318,96.272,271.956,0.000,20.601,0.000,0.000,0.000,0.000
3606,1359.652,352.451,352.451,388.792,166.305,96.256,271.962,0.000,20.573,0.000,0.000,0.000,0.000
3607,1360.063,430.083,430.083,388.753,166.292,96.240,271.968,0.000,20.545,0.000,0.000,0.000,0.000
3608,1360.474,431.976,431.976,388.714,166.279,96.223,271.973,0.000,20.517,0.000,0.000,0.000,0.000
3609,1360.885,416.927,416.927,388.673,166.266,96.206,271.978,0.000,20.489,0.000,0.000,0.000,0.000
3610,1361.296,331.416,331.416,388.631,166.252,96.187,271.983,0.000,20.460,0.000,0.000,0.000,0.000
3611,1361.707,367.603,367.603,388.588,166.239,96.168,271.988,0.000,20.431,0.000,0.000,0.000,0.000
3612,1362.118,361.906,361.906,388.544,166.226,96.149,271.993,0.000,20.402,0.000,0.000,0.000,0.000
3613,1362.529,429.894,429.894,388.498,166.213,96.128,271.998,0.000,20.372,0.000,0.000,0.000,0.000
3614,1362.940,417.191,417.191,388.451,166.200,96.107,272.002,0.000,20.342,0.000,0.000,0.000,0.000
3615,1363.351,411.584,411.584,388.403,166.187,96.085,272.006,0.000,20.312,0.000,0.000,0.000,0.000
3616,1363.762,376.563,376.563,388.354,166.173,96.062,272.010,0.000,20.282,0.000,0.000,0.000,0.000
3617,1364.173,361.321,361.321,388.304,166.160,96.039,272.014,0.000,20.251,0.000,0.000,0.000,0.000
3618,1364.584,379.038,379.038,388.253,166.147,96.015,272.018,0.000,20.220,0.000,0.000,0.000,0.000
3619,1364.996,385.862,385.862,388.200,166.134,95.990,272.021,0.000,20.189,0.000,0.000,0.000,0.000
3620,1365.407,406.773,406.773,388.147,166.121,95.965,272.024,0.000,20.158,0.000,0.000,0.000,0.000
3621,1365.818,419.210,419.210,388.092,166.108,95.938,272.028,0.000,20.126,0.000,0.000,0.000,0.000
3622,1366.229,395.235,395.235,388.036,166.094,95.912,272.031,0.000,20.094,0.000,0.000,0.000,0.000
3623,1366.641,368.828,368.828,387.979,166.081,95.884,272.033,0.000,20.062,0.000,0.000,0.000,0.000
3624,1367.052,372.066,372.066,387.922,166.068,95.856,272.036,0.000,20.029,0.000,0.000,0.000,0.000
3625,1367.463,445.775,445.775,387.863,166.055,95.827,272.039,0.000,19.996,0.000,0.000,0.000,0.000
3626,1367.874,424.457,424.457,387.803,166.042,95.798,272.041,0.000,19.963,0.000,0.000,0.000,0.000
3627,1368.286,422.838,422.838,387.742,166.028,95.768,272.044,0.000,19.930,0.000,0.000,0.000,0.000
3628,1368.697,376.448,376.448,387.680,166.015,95.737,272.046,0.000,19.896,0.000,0.000,0.000,0.000
3629,1369.109,389.940,389.940,387.617,166.002,95.706,272.048,0.000,19.863,0.000,0.000,0.000,0.000
3630,1369.520,415.487,415.487,387.553,165.989,95.675,272.050,0.000,19.828,0.000,0.000,0.000,0.000
3631,1369.931,380.504,380.504,387.488,165.976,95.643,272.052,0.000,19.794,0.000,0.000,0.000,0.000
3632,1370.343,398.890,398.890,387.423,165.963,95.610,272.053,0.000,19.759,0.000,0.000,0.000,0.000
3633,1370.754,370.267,370.267,387.356,165.949,95.577,272.055,0.000,19.725,0.000,0.000,0.000,0.000
3634,1371.166,378.790,378.790,387.289,165.936,95.543,272.057,0.000,19.689,0.000,0.000,0.000,0.000
3635,1371.577,301.446,301.446,387.221,165.923,95.509,272.058,0.000,19.654,0.000,0.000,0.000,0.000
3636,1371.989,380.245,380.245,387.152,165.910,95.475,272.059,0.000,19.618,0.000,0.000,0.000,0.000
3637,1372.400,365.385,365.385,387.083,165.897,95.440,272.061,0.000,19.583,0.000,0.000,0.000,0.000
3638,1372.812,420.911,420.911,387.013,165.884,95.405,272.062,0.000,19.546,0.000,0.000,0.000,0.000
3639,1373.223,439.771,439.771,386.942,165.870,95.369,272.063,0.000,19.510,0.000,0.000,0.000,0.000
3640,1373.635,385.326,385.326,386.871,165.857,95.333,272.064,0.000,19.474,0.000,0.000,0.000,0.000
3641,1374.046,454.894,454.894,386.799,165.844,95.297,272.065,0.000,19.437,0.000,0.000,0.000,0.000
3642,1374.458,380.965,380.965,386.726,165.831,95.261,272.066,0.000,19.400,0.000,0.000,0.000,0.000
3643,1374.870,385.536,385.536,386.653,165.818,95.224,272.067,0.000,19.362,0.000,0.000,0.000,0.000
3644,1375.281,441.059,441.059,386.580,165.805,95.188,272.068,0.000,19.325,0.000,0.000,0.000,0.000
3645,1375.693,399.459,399.459,386.506,165.791,95.151,272.068,0.000,19.287,0.000,0.000,0.000,0.000
3646,1376.105,428.810,428.810,386.432,165.778,95.114,272.069,0.000,19.249,0.000,0.000,0.000,0.000
3647,1376.516,436.151,436.151,386.358,165.765,95.077,272.070,0.000,19.211,0.000,0.000,0.000,0.000
3648,1376.928,421.172,421.172,386.283,165.752,95.040,272.070,0.000,19.173,0.000,0.000,0.000,0.000
3649,1377.340,375.658,375.658,386.208,165.739,95.003,272.071,0.000,19.134,0.000,0.000,0.000,0.000
3650,1377.751,416.133,416.133,386.132,165.726,94.966,272.072,0.000,19.095,0.000,0.000,0.000,0.000
3651,1378.163,399.261,399.261,386.057,165.712,94.929,272.072,0.000,19.056,0.000,0.000,0.000,0.000
3652,1378.575,376.868,376.868,385.982,165.699,94.892,272.073,0.000,19.017,0.000,0.000,0.000,0.000
3653,1378.987,340.439,340.439,385.906,165.686,94.855,272.073,0.000,18.978,0.000,0.000,0.000,0.000
3654,1379.399,451.252,451.252,385.831,165.673,94.819,272.074,0.000,18.938,0.000,0.000,0.000,0.000
3655,1379.810,408.953,408.953,385.755,165.660,94.782,272.074,0.000,18.899,0.000,0.000,0.000,0.000
3656,1380.222,406.864,406.864,385.680,165.647,94.746,272.075,0.000,18.859,0.000,0.000,0.000,0.000
3657,1380.634,418.112,418.112,385.605,165.633,94.711,272.075,0.000,18.819,0.000,0.000,0.000,0.000
3658,1381.046,459.777,459.777,385.530,165.620,94.675,272.076,0.000,18.779,0.000,0.000,0.000,0.000
3659,1381.458,414.594,414.594,385.455,165.607,94.640,272.076,0.000,18.738,0.000,0.000,0.000,0.000
3660,1381.870,430.303,430.303,385.381,165.594,94.606,272.077,0.000,18.698,0.000,0.000,0.000,0.000
3661,1382.282,442.967,442.967,385.306,165.581,94.572,272.077,0.000,18.657,0.000,0.000,0.000,0.000
3662,1382.694,400.474,400.474,385.233,165.568,94.539,272.078,0.000,18.616,0.000,0.000,0.000,0.000
3663,1383.106,376.353,376.353,385.160,165.554,94.506,272.078,0.000,18.575,0.000,0.000,0.000,0.000
3664,1383.518,423.326,423.326,385.087,165.541,94.474,272.079,0.000,18.534,0.000,0.000,0.000,0.000
3665,1383.930,369.033,369.033,385.015,165.528,94.442,272.080,0.000,18.493,0.000,0.000,0.000,0.000
3666,1384.342,385.722,385.722,384.944,165.515,94.411,272.081,0.000,18.452,0.000,0.000,0.000,0.000
3667,1384.754,380.468,380.468,384.873,165.502,94.381,272.081,0.000,18.410,0.000,0.000,0.000,0.000
3668,1385.166,391.157,391.157,384.803,165.489,94.352,272.082,0.000,18.369,0.000,0.000,0.000,0.000
3669,1385.578,429.881,429.881,384.734,165.475,94.324,272.083,0.000,18.327,0.000,0.000,0.000,0.000
3670,1385.990,387.216,387.216,384.666,165.462,94.296,272.084,0.000,18.285,0.000,0.000,0.000,0.000
3671,1386.402,441.757,441.757,384.599,165.449,94.270,272.085,0.000,18.244,0.000,0.000,0.000,0.000
3672,1386.814,472.270,472.270,384.532,165.436,94.245,272.086,0.000,18.202,0.000,0.000,0.000,0.000
3673,1387.226,429.674,429.674,384.467,165.423,94.220,272.087,0.000,18.160,0.000,0.000,0.000,0.000
3674,1387.639,373.231,373.231,384.403,165.410,94.197,272.088,0.000,18.118,0.000,0.000,0.000,0.000
3675,1388.051,385.589,385.589,384.340,165.396,94.175,272.089,0.000,18.076,0.000,0.000,0.000,0.000
3676,1388.463,476.185,476.185,384.278,165.383,94.154,272.091,0.000,18.034,0.000,0.000,0.000,0.000
3677,1388.875,436.563,436.563,384.218,165.370,94.135,272.092,0.000,17.991,0.000,0.000,0.000,0.000
3678,1389.287,446.449,446.449,384.159,165.357,94.116,272.094,0.000,17.949,0.000,0.000,0.000,0.000
3679,1389.700,392.900,392.900,384.101,165.344,94.099,272.095,0.000,17.907,0.000,0.000,0.000,0.000
3680,1390.112,409.813,409.813,384.045,165.331,94.084,272.097,0.000,17.865,0.000,0.000,0.000,0.000
3681,1390.524,368.968,368.968,383.991,165.317,94.070,272.099,0.000,17.822,0.000,0.000,0.000,0.000
3682,1390.936,421.223,421.223,383.938,165.304,94.057,272.101,0.000,17.780,0.000,0.000,0.000,0.000
3683,1391.349,396.159,396.159,383.887,165.291,94.046,272.103,0.000,17.738,0.000,0.000,0.000,0.000
3684,1391.761,395.971,395.971,383.837,165.278,94.037,272.105,0.000,17.695,0.000,0.000,0.000,0.000
3685,1392.173,460.297,460.297,383.789,165.265,94.029,272.107,0.000,17.653,0.000,0.000,0.000,0.000
3686,1392.586,392.479,392.479,383.743,165.251,94.024,272.109,0.000,17.611,0.000,0.000,0.000,0.000
3687,1392.998,415.964,415.964,383.699,165.238,94.019,272.111,0.000,17.568,0.000,0.000,0.000,0.000
3688,1393.411,423.026,423.026,383.657,165.225,94.017,272.114,0.000,17.526,0.000,0.000,0.000,0.000
3689,1393.823,402.443,402.443,383.617,165.212,94.017,272.117,0.000,17.484,0.000,0.000,0.000,0.000
3690,1394.235,421.336,421.336,383.579,165.199,94.018,272.119,0.000,17.442,0.000,0.000,0.000,0.000
3691,1394.648,429.649,429.649,383.544,165.186,94.021,272.122,0.000,17.400,0.000,0.000,0.000,0.000
3692,1395.060,346.721,346.721,383.510,165.172,94.027,272.125,0.000,17.358,0.000,0.000,0.000,0.000
3693,1395.473,452.992,452.992,383.479,165.159,94.034,272.128,0.000,17.316,0.000,0.000,0.000,0.000
3694,1395.885,468.150,468.150,383.450,165.146,94.044,272.132,0.000,17.274,0.000,0.000,0.000,0.000
3695,1396.298,453.957,453.957,383.423,165.133,94.056,272.135,0.000,17.233,0.000,0.000,0.000,0.000
3696,1396.710,369.722,369.722,383.399,165.120,94.070,272.138,0.000,17.191,0.000,0.000,0.000,0.000
3697,1397.123,417.818,417.818,383.378,165.107,94.086,272.142,0.000,17.150,0.000,0.000,0.000,0.000
3698,1397.536,408.123,408.123,383.359,165.093,94.104,272.146,0.000,17.108,0.000,0.000,0.000,0.000
3699,1397.948,466.788,466.788,383.342,165.080,94.125,272.150,0.000,17.067,0.000,0.000,0.000,0.000
3700,1398.361,416.146,416.146,383.328,165.067,94.149,272.154,0.000,17.026,0.000,0.000,0.000,0.000
3701,1398.773,448.651,448.651,383.317,165.054,94.174,272.158,0.000,16.985,0.000,0.000,0.000,0.000
3702,1399.186,403.464,403.464,383.309,165.041,94.202,272.162,0.000,16.945,0.000,0.000,0.000,0.000
3703,1399.599,454.815,454.815,383.304,165.028,94.233,272.167,0.000,16.904,0.000,0.000,0.000,0.000
3704,1400.011,404.083,404.083,383.301,165.014,94.266,272.171,0.000,16.864,0.000,0.000,0.000,0.000
3705,1400.424,397.473,397.473,383.302,165.001,94.302,272.176,0.000,16.823,0.000,0.000,0.000,0.000
3706,1400.837,469.849,469.849,383.305,164.988,94.340,272.181,0.000,16.784,0.000,0.000,0.000,0.000
3707,1401.250,448.309,448.309,383.312,164.975,94.382,272.186,0.000,16.744,0.000,0.000,0.000,0.000
3708,1401.662,426.506,426.506,383.321,164.962,94.425,272.191,0.000,16.704,0.000,0.000,0.000,0.000
3709,1402.075,487.424,487.424,383.334,164.949,94.472,272.197,0.000,16.665,0.000,0.000,0.000,0.000
3710,1402.488,407.778,407.778,383.350,164.935,94.521,272.202,0.000,16.626,0.000,0.000,0.000,0.000
3711,1402.901,411.379,411.379,383.369,164.922,94.574,272.208,0.000,16.587,0.000,0.000,0.000,0.000
3712,1403.313,365.377,365.377,383.392,164.909,94.629,272.214,0.000,16.549,0.000,0.000,0.000,0.000
3713,1403.726,334.727,334.727,383.417,164.896,94.687,272.220,0.000,16.511,0.000,0.000,0.000,0.000
3714,1404.139,403.500,403.500,383.447,164.883,94.748,272.226,0.000,16.473,0.000,0.000,0.000,0.000
3715,1404.552,357.269,357.269,383.479,164.870,94.812,272.233,0.000,16.435,0.000,0.000,0.000,0.000
3716,1404.965,449.059,449.059,383.515,164.856,94.879,272.239,0.000,16.398,0.000,0.000,0.000,0.000
3717,1405.378,444.877,444.877,383.555,164.843,94.949,272.246,0.000,16.361,0.000,0.000,0.000,0.000
3718,1405.791,456.616,456.616,383.598,164.830,95.022,272.253,0.000,16.324,0.000,0.000,0.000,0.000
3719,1406.204,419.227,419.227,383.645,164.817,95.098,272.260,0.000,16.288,0.000,0.000,0.000,0.000
3720,1406.616,382.146,382.146,383.695,164.804,95.177,272.267,0.000,16.252,0.000,0.000,0.000,0.000
3721,1407.029,434.462,434.462,383.749,164.791,95.259,272.274,0.000,16.216,0.000,0.000,0.000,0.000
3722,1407.442,385.634,385.634,383.807,164.777,95.345,272.281,0.000,16.181,0.000,0.000,0.000,0.000
3723,1407.855,398.801,398.801,383.869,164.764,95.434,272.289,0.000,16.146,0.000,0.000,0.000,0.000
3724,1408.268,369.186,369.186,383.934,164.751,95.526,272.297,0.000,16.111,0.000,0.000,0.000,0.000
3725,1408.681,423.364,423.364,384.003,164.738,95.621,272.305,0.000,16.077,0.000,0.000,0.000,0.000
3726,1409.094,437.482,437.482,384.076,164.725,95.719,272.313,0.000,16.044,0.000,0.000,0.000,0.000
3727,1409.508,430.411,430.411,384.153,164.712,95.821,272.321,0.000,16.011,0.000,0.000,0.000,0.000
3728,1409.921,414.840,414.840,384.234,164.698,95.926,272.330,0.000,15.978,0.000,0.000,0.000,0.000
3729,1410.334,397.054,397.054,384.319,164.685,96.035,272.339,0.000,15.945,0.000,0.000,0.000,0.000
3730,1410.747,408.690,408.690,384.407,164.672,96.146,272.347,0.000,15.914,0.000,0.000,0.000,0.000
3731,1411.160,477.899,477.899,384.500,164.659,96.261,272.356,0.000,15.882,0.000,0.000,0.000,0.000
3732,1411.573,406.566,406.566,384.596,164.646,96.380,272.366,0.000,15.851,0.000,0.000,0.000,0.000
3733,1411.986,429.511,429.511,384.697,164.633,96.501,272.375,0.000,15.821,0.000,0.000,0.000,0.000
3734,1412.399,381.210,381.210,384.802,164.619,96.627,272.384,0.000,15.791,0.000,0.000,0.000,0.000
3735,1412.813,395.280,395.280,384.911,164.606,96.755,272.394,0.000,15.761,0.000,0.000,0.000,0.000
3736,1413.226,399.400,399.400,385.023,164.593,96.887,272.404,0.000,15.732,0.000,0.000,0.000,0.000
3737,1413.639,414.976,414.976,385.140,164.580,97.022,272.414,0.000,15.704,0.000,0.000,0.000,0.000
3738,1414.052,422.164,422.164,385.262,164.567,97.161,272.424,0.000,15.676,0.000,0.000,0.000,0.000
3739,1414.466,437.508,437.508,385.387,164.554,97.303,272.435,0.000,15.649,0.000,0.000,0.000,0.000
3740,1414.879,399.679,399.679,385.516,164.540,97.449,272.445,0.000,15.622,0.000,0.000,0.000,0.000
3741,1415.292,367.256,367.256,385.650,164.527,97.598,272.456,0.000,15.596,0.000,0.000,0.000,0.000
3742,1415.705,416.562,416.562,385.787,164.514,97.750,272.467,0.000,15.571,0.000,0.000,0.000,0.000
3743,1416.119,436.644,436.644,385.929,164.501,97.906,272.478,0.000,15.546,0.000,0.000,0.000,0.000
3744,1416.532,402.816,402.816,386.075,164.488,98.065,272.489,0.000,15.522,0.000,0.000,0.000,0.000
3745,1416.945,430.610,430.610,386.226,164.475,98.227,272.500,0.000,15.498,0.000,0.000,0.000,0.000
3746,1417.359,472.187,472.187,386.380,164.461,98.393,272.512,0.000,15.475,0.000,0.000,0.000,0.000
3747,1417.772,413.694,413.694,386.539,164.448,98.563,272.524,0.000,15.452,0.000,0.000,0.000,0.000
3748,1418.186,417.206,417.206,386.702,164.435,98.735,272.536,0.000,15.431,0.000,0.000,0.000,0.000
3749,1418.599,435.297,435.297,386.869,164.422,98.911,272.548,0.000,15.410,0.000,0.000,0.000,0.000
3750,1419.012,428.440,428.440,387.040,164.409,99.091,272.560,0.000,15.389,0.000,0.000,0.000,0.000
3751,1419.426,406.943,406.943,387.215,164.395,99.274,272.572,0.000,15.369,0.000,0.000,0.000,0.000
3752,1419.839,422.765,422.765,387.395,164.382,99.460,272.585,0.000,15.350,0.000,0.000,0.000,0.000
3753,1420.253,459.719,459.719,387.579,164.369,99.649,272.598,0.000,15.332,0.000,0.000,0.000,0.000
3754,1420.666,394.583,394.583,387.767,164.356,99.842,272.611,0.000,15.314,0.000,0.000,0.000,0.000
3755,1421.080,406.750,406.750,387.959,164.343,100.037,272.624,0.000,15.298,0.000,0.000,0.000,0.000
3756,1421.493,431.403,431.403,388.155,164.330,100.237,272.637,0.000,15.281,0.000,0.000,0.000,0.000
3757,1421.907,464.291,464.291,388.355,164.316,100.439,272.650,0.000,15.266,0.000,0.000,0.000,0.000
3758,1422.320,446.659,446.659,388.560,164.303,100.644,272.664,0.000,15.251,0.000,0.000,0.000,0.000
3759,1422.734,396.840,396.840,388.768,164.290,100.853,272.678,0.000,15.237,0.000,0.000,0.000,0.000
3760,1423.148,430.648,430.648,388.981,164.277,101.065,272.692,0.000,15.224,0.000,0.000,0.000,0.000
3761,1423.561,448.945,448.945,389.198,164.264,101.280,272.706,0.000,15.212,0.000,0.000,0.000,0.000
3762,1423.975,434.306,434.306,389.419,164.251,101.498,272.720,0.000,15.200,0.000,0.000,0.000,0.000
3763,1424.388,406.295,406.295,389.643,164.237,101.719,272.735,0.000,15.190,0.000,0.000,0.000,0.000
3764,1424.802,437.839,437.839,389.872,164.224,101.943,272.749,0.000,15.180,0.000,0.000,0.000,0.000
3765,1425.216,358.677,358.677,390.105,164.211,102.170,272.764,0.000,15.171,0.000,0.000,0.000,0.000
3766,1425.629,391.355,391.355,390.342,164.198,102.400,272.779,0.000,15.162,0.000,0.000,0.000,0.000
3767,1426.043,424.928,424.928,390.582,164.185,102.633,272.794,0.000,15.155,0.000,0.000,0.000,0.000
3768,1426.457,412.373,412.373,390.827,164.172,102.869,272.810,0.000,15.148,0.000,0.000,0.000,0.000
3769,1426.871,365.470,365.470,391.075,164.158,103.108,272.825,0.000,15.143,0.000,0.000,0.000,0.000
3770,1427.284,395.037,395.037,391.328,164.145,103.349,272.841,0.000,15.138,0.000,0.000,0.000,0.000
3771,1427.698,385.729,385.729,391.584,164.132,103.593,272.857,0.000,15.134,0.000,0.000,0.000,0.000
3772,1428.112,401.262,401.262,391.843,164.119,103.840,272.873,0.000,15.131,0.000,0.000,0.000,0.000
3773,1428.526,420.596,420.596,392.107,164.106,104.090,272.889,0.000,15.129,0.000,0.000,0.000,0.000
3774,1428.939,438.200,438.200,392.374,164.093,104.342,272.905,0.000,15.127,0.000,0.000,0.000,0.000
3775,1429.353,370.127,370.127,392.645,164.079,104.596,272.922,0.000,15.127,0.000,0.000,0.000,0.000
3776,1429.767,401.659,401.659,392.919,164.066,104.854,272.938,0.000,15.127,0.000,0.000,0.000,0.000
3777,1430.181,391.897,391.897,393.197,164.053,105.113,272.955,0.000,15.129,0.000,0.000,0.000,0.000
3778,1430.595,370.548,370.548,393.479,164.040,105.375,272.972,0.000,15.131,0.000,0.000,0.000,0.000
3779,1431.009,410.902,410.902,393.764,164.027,105.640,272.990,0.000,15.134,0.000,0.000,0.000,0.000
3780,1431.423,406.783,406.783,394.052,164.014,105.906,273.007,0.000,15.139,0.000,0.000,0.000,0.000
3781,1431.837,422.796,422.796,394.344,164.000,106.176,273.025,0.000,15.144,0.000,0.000,0.000,0.000
3782,1432.251,369.495,369.495,394.639,163.987,106.447,273.042,0.000,15.150,0.000,0.000,0.000,0.000
3783,1432.664,411.917,411.917,394.938,163.974,106.720,273.060,0.000,15.157,0.000,0.000,0.000,0.000
3784,1433.078,412.061,412.061,395.239,163.961,106.996,273.079,0.000,15.165,0.000,0.000,0.000,0.000
3785,1433.492,334.282,334.282,395.544,163.948,107.273,273.097,0.000,15.174,0.000,0.000,0.000,0.000
3786,1433.906,390.248,390.248,395.852,163.935,107.552,273.115,0.000,15.184,0.000,0.000,0.000,0.000
3787,1434.320,387.655,387.655,396.163,163.921,107.834,273.134,0.000,15.195,0.000,0.000,0.000,0.000
3788,1434.734,374.963,374.963,396.477,163.908,108.117,273.153,0.000,15.207,0.000,0.000,0.000,0.000
3789,1435.148,410.209,410.209,396.794,163.895,108.402,273.172,0.000,15.220,0.000,0.000,0.000,0.000
3790,1435.563,441.130,441.130,397.114,163.882,108.689,273.191,0.000,15.234,0.000,0.000,0.000,0.000
3791,1435.977,393.093,393.093,397.437,163.869,108.977,273.211,0.000,15.249,0.000,0.000,0.000,0.000
3792,1436.391,439.975,439.975,397.763,163.856,109.267,273.231,0.000,15.265,0.000,0.000,0.000,0.000
3793,1436.805,394.172,394.172,398.091,163.842,109.558,273.250,0.000,15.282,0.000,0.000,0.000,0.000
3794,1437.219,356.961,356.961,398.422,163.829,109.851,273.271,0.000,15.300,0.000,0.000,0.000,0.000
3795,1437.633,419.689,419.689,398.756,163.816,110.145,273.291,0.000,15.319,0.000,0.000,0.000,0.000
3796,1438.047,446.855,446.855,399.092,163.803,110.441,273.311,0.000,15.339,0.000,0.000,0.000,0.000
3797,1438.461,349.464,349.464,399.430,163.790,110.738,273.332,0.000,15.360,0.000,0.000,0.000,0.000
3798,1438.876,382.732,382.732,399.771,163.777,111.036,273.353,0.000,15.383,0.000,0.000,0.000,0.000
3799,1439.290,367.151,367.151,400.115,163.763,111.335,273.374,0.000,15.406,0.000,0.000,0.000,0.000
3800,1439.704,405.812,405.812,400.461,163.750,111.635,273.395,0.000,15.430,0.000,0.000,0.000,0.000
3801,1440.118,412.876,412.876,400.809,163.737,111.937,273.417,0.000,15.455,0.000,0.000,0.000,0.000
3802,1440.532,406.301,406.301,401.159,163.724,112.239,273.438,0.000,15.482,0.000,0.000,0.000,0.000
3803,1440.947,381.468,381.468,401.511,163.711,112.542,273.460,0.000,15.509,0.000,0.000,0.000,0.000
3804,1441.361,385.842,385.842,401.865,163.698,112.845,273.483,0.000,15.537,0.000,0.000,0.000,0.000
3805,1441.775,442.501,442.501,402.221,163.684,113.150,273.505,0.000,15.567,0.000,0.000,0.000,0.000
3806,1442.190,362.884,362.884,402.580,163.671,113.455,273.528,0.000,15.597,0.000,0.000,0.000,0.000
3807,1442.604,426.724,426.724,402.939,163.658,113.760,273.551,0.000,15.629,0.000,0.000,0.000,0.000
3808,1443.018,392.458,392.458,403.301,163.645,114.066,273.574,0.000,15.661,0.000,0.000,0.000,0.000
3809,1443.433,439.241,439.241,403.665,163.632,114.373,273.597,0.000,15.695,0.000,0.000,0.000,0.000
3810,1443.847,389.838,389.838,404.030,163.618,114.679,273.621,0.000,15.730,0.000,0.000,0.000,0.000
3811,1444.261,391.326,391.326,404.396,163.605,114.986,273.644,0.000,15.765,0.000,0.000,0.000,0.000
3812,1444.676,369.560,369.560,404.764,163.592,115.293,273.669,0.000,15.802,0.000,0.000,0.000,0.000
3813,1445.090,414.864,414.864,405.133,163.579,115.601,273.693,0.000,15.840,0.000,0.000,0.000,0.000
3814,1445.505,355.158,355.158,405.504,163.566,115.908,273.718,0.000,15.879,0.000,0.000,0.000,0.000
3815,1445.919,406.402,406.402,405.876,163.553,116.215,273.742,0.000,15.919,0.000,0.000,0.000,0.000
3816,1446.333,328.375,328.375,406.249,163.539,116.522,273.768,0.000,15.960,0.000,0.000,0.000,0.000
3817,1446.748,321.825,321.825,406.623,163.526,116.829,273.793,0.000,16.002,0.000,0.000,0.000,0.000
3818,1447.162,366.225,366.225,406.999,163.513,117.135,273.819,0.000,16.045,0.000,0.000,0.000,0.000
3819,1447.577,417.336,417.336,407.375,163.500,117.442,273.845,0.000,16.089,0.000,0.000,0.000,0.000
3820,1447.991,421.769,421.769,407.752,163.487,117.748,273.871,0.000,16.134,0.000,0.000,0.000,0.000
3821,1448.406,390.133,390.133,408.130,163.474,118.053,273.897,0.000,16.180,0.000,0.000,0.000,0.000
3822,1448.820,396.083,396.083,408.509,163.460,118.358,273.924,0.000,16.227,0.000,0.000,0.000,0.000
3823,1449.235,351.331,351.331,408.888,163.447,118.662,273.952,0.000,16.275,0.000,0.000,0.000,0.000
3824,1449.650,417.623,417.623,409.268,163.434,118.965,273.979,0.000,16.324,0.000,0.000,0.000,0.000
3825,1450.064,386.525,386.525,409.649,163.421,119.268,274.007,0.000,16.374,0.000,0.000,0.000,0.000
3826,1450.479,382.525,382.525,410.030,163.408,119.569,274.035,0.000,16.426,0.000,0.000,0.000,0.000
3827,1450.893,365.866,365.866,410.411,163.395,119.870,274.063,0.000,16.478,0.000,0.000,0.000,0.000
3828,1451.308,412.253,412.253,410.793,163.381,120.170,274.092,0.000,16.531,0.000,0.000,0.000,0.000
3829,1451.723,451.276,451.276,411.175,163.368,120.469,274.121,0.000,16.585,0.000,0.000,0.000,0.000
3830,1452.137,384.765,384.765,411.557,163.355,120.766,274.151,0.000,16.640,0.000,0.000,0.000,0.000
3831,1452.552,398.334,398.334,411.939,163.342,121.062,274.181,0.000,16.696,0.000,0.000,0.000,0.000
3832,1452.967,349.932,349.932,412.322,163.329,121.357,274.211,0.000,16.754,0.000,0.000,0.000,0.000
3833,1453.381,354.811,354.811,412.704,163.316,121.651,274.241,0.000,16.812,0.000,0.000,0.000,0.000
3834,1453.796,387.070,387.070,413.086,163.302,121.943,274.272,0.000,16.871,0.000,0.000,0.000,0.000
3835,1454.211,386.166,386.166,413.468,163.289,122.234,274.304,0.000,16.931,0.000,0.000,0.000,0.000
3836,1454.626,393.366,393.366,413.850,163.276,122.523,274.335,0.000,16.991,0.000,0.000,0.000,0.000
3837,1455.040,387.847,387.847,414.232,163.263,122.811,274.368,0.000,17.053,0.000,0.000,0.000,0.000
3838,1455.455,385.512,385.512,414.613,163.250,123.097,274.400,0.000,17.116,0.000,0.000,0.000,0.000
3839,1455.870,407.775,407.775,414.994,163.237,123.381,274.433,0.000,17.180,0.000,0.000,0.000,0.000
3840,1456.285,407.413,407.413,415.374,163.223,123.663,274.466,0.000,17.244,0.000,0.000,0.000,0.000
3841,1456.699,413.198,413.198,415.754,163.210,123.944,274.500,0.000,17.310,0.000,0.000,0.000,0.000
3842,1457.114,445.254,445.254,416.133,163.197,124.222,274.535,0.000,17.376,0.000,0.000,0.000,0.000
3843,1457.529,405.026,405.026,416.512,163.184,124.499,274.569,0.000,17.443,0.000,0.000,0.000,0.000
3844,1457.944,413.644,413.644,416.889,163.171,124.773,274.605,0.000,17.511,0.000,0.000,0.000,0.000
3845,1458.359,400.593,400.593,417.266,163.158,125.046,274.640,0.000,17.580,0.000,0.000,0.000,0.000
3846,1458.774,387.231,387.231,417.642,163.144,125.316,274.676,0.000,17.650,0.000,0.000,0.000,0.000
3847,1459.189,472.950,472.950,418.018,163.131,125.584,274.713,0.000,17.721,0.000,0.000,0.000,0.000
3848,1459.604,484.145,484.145,418.392,163.118,125.850,274.750,0.000,17.792,0.000,0.000,0.000,0.000
3849,1460.018,402.517,402.517,418.765,163.105,126.113,274.788,0.000,17.864,0.000,0.000,0.000,0.000
3850,1460.433,321.184,321.184,419.137,163.092,126.374,274.826,0.000,17.937,0.000,0.000,0.000,0.000
3851,1460.848,407.976,407.976,419.509,163.079,126.633,274.865,0.000,18.011,0.000,0.000,0.000,0.000
3852,1461.263,409.247,409.247,419.879,163.065,126.889,274.904,0.000,18.086,0.000,0.000,0.000,0.000
3853,1461.678,465.144,465.144,420.247,163.052,127.142,274.944,0.000,18.161,0.000,0.000,0.000,0.000
3854,1462.093,395.184,395.184,420.615,163.039,127.393,274.985,0.000,18.237,0.000,0.000,0.000,0.000
3855,1462.508,421.216,421.216,420.981,163.026,127.642,275.026,0.000,18.314,0.000,0.000,0.000,0.000
3856,1462.923,423.941,423.941,421.346,163.013,127.887,275.067,0.000,18.391,0.000,0.000,0.000,0.000
3857,1463.338,407.741,407.741,421.709,163.000,128.130,275.109,0.000,18.469,0.000,0.000,0.000,0.000
3858,1463.754,403.887,403.887,422.071,162.986,128.371,275.152,0.000,18.548,0.000,0.000,0.000,0.000
3859,1464.169,434.498,434.498,422.432,162.973,128.608,275.196,0.000,18.628,0.000,0.000,0.000,0.000
3860,1464.584,385.296,385.296,422.791,162.960,128.843,275.240,0.000,18.708,0.000,0.000,0.000,0.000
3861,1464.999,451.732,451.732,423.148,162.947,129.075,275.285,0.000,18.789,0.000,0.000,0.000,0.000
3862,1465.414,401.629,401.629,423.504,162.934,129.303,275.330,0.000,18.870,0.000,0.000,0.000,0.000
3863,1465.829,448.563,448.563,423.858,162.921,129.529,275.377,0.000,18.952,0.000,0.000,0.000,0.000
3864,1466.244,422.310,422.310,424.211,162.907,129.753,275.424,0.000,19.035,0.000,0.000,0.000,0.000
3865,1466.659,441.209,441.209,424.562,162.894,129.973,275.471,0.000,19.118,0.000,0.000,0.000,0.000
3866,1467.074,432.806,432.806,424.911,162.881,130.190,275.520,0.000,19.202,0.000,0.000,0.000,0.000
3867,1467.490,423.926,423.926,425.259,162.868,130.404,275.569,0.000,19.286,0.000,0.000,0.000,0.000
3868,1467.905,484.630,484.630,425.604,162.855,130.615,275.619,0.000,19.371,0.000,0.000,0.000,0.000
3869,1468.320,484.203,484.203,425.948,162.842,130.823,275.669,0.000,19.456,0.000,0.000,0.000,0.000
3870,1468.735,434.833,434.833,426.290,162.828,131.027,275.721,0.000,19.542,0.000,0.000,0.000,0.000
3871,1469.151,471.258,471.258,426.631,162.815,131.229,275.773,0.000,19.629,0.000,0.000,0.000,0.000
3872,1469.566,470.398,470.398,426.969,162.802,131.428,275.826,0.000,19.715,0.000,0.000,0.000,0.000
3873,1469.981,479.125,479.125,427.306,162.789,131.623,275.880,0.000,19.803,0.000,0.000,0.000,0.000
3874,1470.396,444.726,444.726,427.641,162.776,131.815,275.935,0.000,19.890,0.000,0.000,0.000,0.000
3875,1470.812,393.097,393.097,427.974,162.762,132.005,275.991,0.000,19.978,0.000,0.000,0.000,0.000
3876,1471.227,534.470,534.470,428.305,162.749,132.191,276.048,0.000,20.067,0.000,0.000,0.000,0.000
3877,1471.642,511.136,511.136,428.634,162.736,132.373,276.105,0.000,20.155,0.000,0.000,0.000,0.000
3878,1472.058,489.630,489.630,428.961,162.723,132.553,276.164,0.000,20.245,0.000,0.000,0.000,0.000
3879,1472.473,491.893,491.893,429.286,162.710,132.729,276.223,0.000,20.334,0.000,0.000,0.000,0.000
3880,1472.888,543.759,543.759,429.610,162.697,132.903,276.284,0.000,20.424,0.000,0.000,0.000,0.000
3881,1473.304,495.617,495.617,429.931,162.683,133.073,276.345,0.000,20.514,0.000,0.000,0.000,0.000
3882,1473.719,477.172,477.172,430.251,162.670,133.239,276.408,0.000,20.604,0.000,0.000,0.000,0.000
3883,1474.134,483.656,483.656,430.569,162.657,133.403,276.471,0.000,20.695,0.000,0.000,0.000,0.000
3884,1474.550,462.900,462.900,430.885,162.644,133.564,276.536,0.000,20.786,0.000,0.000,0.000,0.000
3885,1474.965,545.075,545.075,431.199,162.631,133.721,276.601,0.000,20.877,0.000,0.000,0.000,0.000
3886,1475.381,485.139,485.139,431.511,162.618,133.875,276.668,0.000,20.968,0.000,0.000,0.000,0.000
3887,1475.796,470.695,470.695,431.821,162.604,134.026,276.736,0.000,21.059,0.000,0.000,0.000,0.000
3888,1476.212,527.382,527.382,432.130,162.591,134.174,276.805,0.000,21.151,0.000,0.000,0.000,0.000
3889,1476.627,405.568,405.568,432.437,162.578,134.319,276.875,0.000,21.242,0.000,0.000,0.000,0.000
3890,1477.043,457.052,457.052,432.742,162.565,134.461,276.946,0.000,21.334,0.000,0.000,0.000,0.000
3891,1477.458,443.769,443.769,433.045,162.552,134.600,277.019,0.000,21.426,0.000,0.000,0.000,0.000
3892,1477.874,487.650,487.650,433.347,162.539,134.736,277.093,0.000,21.518,0.000,0.000,0.000,0.000
3893,1478.289,457.689,457.689,433.646,162.525,134.868,277.168,0.000,21.610,0.000,0.000,0.000,0.000
3894,1478.705,465.147,465.147,433.945,162.512,134.998,277.244,0.000,21.702,0.000,0.000,0.000,0.000
3895,1479.120,527.465,527.465,434.241,162.499,135.125,277.322,0.000,21.794,0.000,0.000,0.000,0.000
3896,1479.536,511.698,511.698,434.536,162.486,135.249,277.401,0.000,21.887,0.000,0.000,0.000,0.000
3897,1479.952,511.689,511.689,434.830,162.473,135.370,277.481,0.000,21.979,0.000,0.000,0.000,0.000
3898,1480.367,511.260,511.260,435.122,162.460,135.488,277.563,0.000,22.071,0.000,0.000,0.000,0.000
3899,1480.783,478.468,478.468,435.412,162.446,135.604,277.646,0.000,22.163,0.000,0.000,0.000,0.000
3900,1481.198,551.420,551.420,435.701,162.433,135.716,277.730,0.000,22.255,0.000,0.000,0.000,0.000
3901,1481.614,512.936,512.936,435.989,162.420,135.826,277.816,0.000,22.347,0.000,0.000,0.000,0.000
3902,1482.030,465.898,465.898,436.275,162.407,135.934,277.903,0.000,22.439,0.000,0.000,0.000,0.000
3903,1482.445,555.195,555.195,436.561,162.394,136.038,277.992,0.000,22.530,0.000,0.000,0.000,0.000
3904,1482.861,571.815,571.815,436.845,162.381,136.141,278.082,0.000,22.622,0.000,0.000,0.000,0.000
3905,1483.277,495.737,495.737,437.127,162.367,136.240,278.174,0.000,22.713,0.000,0.000,0.000,0.000
3906,1483.692,545.539,545.539,437.409,162.354,136.337,278.268,0.000,22.804,0.000,0.000,0.000,0.000
3907,1484.108,593.775,593.775,437.690,162.341,136.432,278.363,0.000,22.895,0.000,0.000,0.000,0.000
3908,1484.524,509.115,509.115,437.970,162.328,136.525,278.459,0.000,22.986,0.000,0.000,0.000,0.000
3909,1484.940,591.256,591.256,438.249,162.315,136.615,278.558,0.000,23.077,0.000,0.000,0.000,0.000
3910,1485.355,518.634,518.634,438.527,162.302,136.703,278.658,0.000,23.167,0.000,0.000,0.000,0.000
3911,1485.771,540.106,540.106,438.805,162.288,136.789,278.759,0.000,23.257,0.000,0.000,0.000,0.000
3912,1486.187,591.432,591.432,439.082,162.275,136.872,278.863,0.000,23.347,0.000,0.000,0.000,0.000
3913,1486.603,604.875,604.875,439.358,162.262,136.954,278.968,0.000,23.436,0.000,0.000,0.000,0.000
3914,1487.019,584.548,584.548,439.634,162.249,137.034,279.075,0.000,23.525,0.000,0.000,0.000,0.000
3915,1487.434,552.264,552.264,439.909,162.236,137.112,279.183,0.000,23.614,0.000,0.000,0.000,0.000
3916,1487.850,524.327,524.327,440.184,162.223,137.188,279.294,0.000,23.703,0.000,0.000,0.000,0.000
3917,1488.266,561.745,561.745,440.459,162.209,137.262,279.406,0.000,23.791,0.000,0.000,0.000,0.000
3918,1488.682,556.492,556.492,440.734,162.196,137.335,279.520,0.000,23.879,0.000,0.000,0.000,0.000
3919,1489.098,549.758,549.758,441.008,162.183,137.406,279.637,0.000,23.966,0.000,0.000,0.000,0.000
3920,1489.514,515.221,515.221,441.283,162.170,137.475,279.755,0.000,24.053,0.000,0.000,0.000,0.000
3921,1489.930,542.588,542.588,441.558,162.157,137.543,279.875,0.000,24.140,0.000,0.000,0.000,0.000
3922,1490.346,625.059,625.059,441.833,162.144,137.610,279.997,0.000,24.226,0.000,0.000,0.000,0.000
3923,1490.762,644.662,644.662,442.108,162.130,137.676,280.121,0.000,24.311,0.000,0.000,0.000,0.000
3924,1491.178,562.335,562.335,442.384,162.117,137.740,280.247,0.000,24.397,0.000,0.000,0.000,0.000
3925,1491.593,593.351,593.351,442.661,162.104,137.804,280.375,0.000,24.481,0.000,0.000,0.000,0.000
3926,1492.009,587.300,587.300,442.938,162.091,137.866,280.506,0.000,24.566,0.000,0.000,0.000,0.000
3927,1492.425,526.920,526.920,443.216,162.078,137.928,280.638,0.000,24.650,0.000,0.000,0.000,0.000
3928,1492.841,595.729,595.729,443.495,162.065,137.989,280.773,0.000,24.733,0.000,0.000,0.000,0.000
3929,1493.257,573.945,573.945,443.775,162.051,138.049,280.910,0.000,24.816,0.000,0.000,0.000,0.000
3930,1493.673,588.374,588.374,444.056,162.038,138.108,281.049,0.000,24.898,0.000,0.000,0.000,0.000
3931,1494.089,538.539,538.539,444.338,162.025,138.167,281.190,0.000,24.980,0.000,0.000,0.000,0.000
3932,1494.506,628.130,628.130,444.621,162.012,138.226,281.334,0.000,25.061,0.000,0.000,0.000,0.000
3933,1494.922,574.724,574.724,444.906,161.999,138.284,281.480,0.000,25.142,0.000,0.000,0.000,0.000
3934,1495.338,602.742,602.742,445.193,161.985,138.342,281.628,0.000,25.222,0.000,0.000,0.000,0.000
3935,1495.754,563.916,563.916,445.481,161.972,138.400,281.779,0.000,25.302,0.000,0.000,0.000,0.000
3936,1496.170,600.779,600.779,445.772,161.959,138.458,281.932,0.000,25.381,0.000,0.000,0.000,0.000
3937,1496.586,607.789,607.789,446.064,161.946,138.516,282.088,0.000,25.460,0.000,0.000,0.000,0.000
3938,1497.002,612.399,612.399,446.358,161.933,138.575,282.246,0.000,25.538,0.000,0.000,0.000,0.000
3939,1497.418,549.228,549.228,446.655,161.920,138.633,282.406,0.000,25.615,0.000,0.000,0.000,0.000
3940,1497.834,571.016,571.016,446.954,161.906,138.693,282.569,0.000,25.692,0.000,0.000,0.000,0.000
3941,1498.250,599.947,599.947,447.255,161.893,138.752,282.735,0.000,25.768,0.000,0.000,0.000,0.000
3942,1498.667,565.042,565.042,447.559,161.880,138.813,282.903,0.000,25.844,0.000,0.000,0.000,0.000
3943,1499.083,582.991,582.991,447.866,161.867,138.874,283.074,0.000,25.919,0.000,0.000,0.000,0.000
3944,1499.499,619.415,619.415,448.176,161.854,138.936,283.247,0.000,25.993,0.000,0.000,0.000,0.000
3945,1499.915,599.931,599.931,448.489,161.841,138.999,283.423,0.000,26.067,0.000,0.000,0.000,0.000
3946,1500.331,638.773,638.773,448.805,161.827,139.063,283.602,0.000,26.140,0.000,0.000,0.000,0.000
3947,1500.748,595.960,595.960,449.124,161.814,139.128,283.783,0.000,26.213,0.000,0.000,0.000,0.000
3948,1501.164,580.692,580.692,449.447,161.801,139.195,283.968,0.000,26.285,0.000,0.000,0.000,0.000
3949,1501.580,623.745,623.745,449.774,161.788,139.263,284.155,0.000,26.356,0.000,0.000,0.000,0.000
3950,1501.996,532.537,532.537,450.104,161.775,139.332,284.344,0.000,26.427,0.000,0.000,0.000,0.000
3951,1502.413,588.326,588.326,450.438,161.762,139.404,284.537,0.000,26.497,0.000,0.000,0.000,0.000
3952,1502.829,593.022,593.022,450.776,161.748,139.477,284.732,0.000,26.567,0.000,0.000,0.000,0.000
3953,1503.245,587.434,587.434,451.119,161.735,139.552,284.931,0.000,26.636,0.000,0.000,0.000,0.000
3954,1503.662,613.308,613.308,451.466,161.722,139.629,285.132,0.000,26.705,0.000,0.000,0.000,0.000
3955,1504.078,549.074,549.074,451.817,161.709,139.708,285.336,0.000,26.773,0.000,0.000,0.000,0.000
3956,1504.494,591.962,591.962,452.173,161.696,139.790,285.544,0.000,26.840,0.000,0.000,0.000,0.000
3957,1504.911,605.633,605.633,452.534,161.683,139.873,285.754,0.000,26.907,0.000,0.000,0.000,0.000
3958,1505.327,589.066,589.066,452.900,161.669,139.960,285.967,0.000,26.973,0.000,0.000,0.000,0.000
3959,1505.743,645.127,645.127,453.271,161.656,140.049,286.183,0.000,27.039,0.000,0.000,0.000,0.000
3960,1506.160,558.928,558.928,453.647,161.643,140.140,286.402,0.000,27.104,0.000,0.000,0.000,0.000
3961,1506.576,590.301,590.301,454.028,161.630,140.235,286.625,0.000,27.169,0.000,0.000,0.000,0.000
3962,1506.993,604.196,604.196,454.415,161.617,140.332,286.850,0.000,27.233,0.000,0.000,0.000,0.000
3963,1507.409,621.491,621.491,454.808,161.604,140.433,287.079,0.000,27.296,0.000,0.000,0.000,0.000
3964,1507.826,626.242,626.242,455.207,161.590,140.537,287.311,0.000,27.360,0.000,0.000,0.000,0.000
3965,1508.242,631.422,631.422,455.612,161.577,140.644,287.546,0.000,27.422,0.000,0.000,0.000,0.000
3966,1508.658,518.410,518.410,456.022,161.564,140.754,287.784,0.000,27.484,0.000,0.000,0.000,0.000
3967,1509.075,593.705,593.705,456.439,161.551,140.868,288.025,0.000,27.546,0.000,0.000,0.000,0.000
3968,1509.491,632.732,632.732,456.863,161.538,140.986,288.270,0.000,27.607,0.000,0.000,0.000,0.000
3969,1509.908,618.423,618.423,457.293,161.525,141.107,288.518,0.000,27.668,0.000,0.000,0.000,0.000
3970,1510.324,631.428,631.428,457.730,161.511,141.233,288.769,0.000,27.728,0.000,0.000,0.000,0.000
3971,1510.741,565.705,565.705,458.174,161.498,141.362,289.024,0.000,27.788,0.000,0.000,0.000,0.000
3972,1511.157,575.272,575.272,458.624,161.485,141.495,289.282,0.000,27.848,0.000,0.000,0.000,0.000
3973,1511.574,564.720,564.720,459.082,161.472,141.633,289.543,0.000,27.907,0.000,0.000,0.000,0.000
3974,1511.991,605.554,605.554,459.548,161.459,141.774,289.807,0.000,27.966,0.000,0.000,0.000,0.000
3975,1512.407,569.757,569.757,460.020,161.446,141.921,290.075,0.000,28.024,0.000,0.000,0.000,0.000
3976,1512.824,582.212,582.212,460.501,161.432,142.071,290.347,0.000,28.082,0.000,0.000,0.000,0.000
3977,1513.240,623.204,623.204,460.989,161.419,142.227,290.622,0.000,28.140,0.000,0.000,0.000,0.000
3978,1513.657,542.567,542.567,461.485,161.406,142.387,290.900,0.000,28.198,0.000,0.000,0.000,0.000
3979,1514.073,625.028,625.028,461.989,161.393,142.552,291.181,0.000,28.255,0.000,0.000,0.000,0.000
3980,1514.490,593.301,593.301,462.501,161.380,142.722,291.467,0.000,28.312,0.000,0.000,0.000,0.000
3981,1514.907,572.673,572.673,463.021,161.367,142.897,291.755,0.000,28.369,0.000,0.000,0.000,0.000
3982,1515.323,613.247,613.247,463.550,161.353,143.077,292.047,0.000,28.426,0.000,0.000,0.000,0.000
3983,1515.740,597.688,597.688,464.087,161.340,143.262,292.343,0.000,28.482,0.000,0.000,0.000,0.000
3984,1516.157,561.192,561.192,464.633,161.327,143.452,292.642,0.000,28.539,0.000,0.000,0.000,0.000
3985,1516.573,571.852,571.852,465.188,161.314,143.648,292.945,0.000,28.595,0.000,0.000,0.000,0.000
3986,1516.990,529.739,529.739,465.752,161.301,143.850,293.251,0.000,28.651,0.000,0.000,0.000,0.000
3987,1517.407,556.454,556.454,466.325,161.288,144.057,293.561,0.000,28.707,0.000,0.000,0.000,0.000
3988,1517.824,617.585,617.585,466.907,161.274,144.269,293.874,0.000,28.763,0.000,0.000,0.000,0.000
3989,1518.240,576.509,576.509,467.498,161.261,144.488,294.191,0.000,28.819,0.000,0.000,0.000,0.000
3990,1518.657,560.741,560.741,468.098,161.248,144.712,294.511,0.000,28.875,0.000,0.000,0.000,0.000
3991,1519.074,584.037,584.037,468.709,161.235,144.942,294.835,0.000,28.931,0.000,0.000,0.000,0.000
3992,1519.491,581.255,581.255,469.328,161.222,145.178,295.163,0.000,28.987,0.000,0.000,0.000,0.000
3993,1519.907,572.413,572.413,469.958,161.209,145.421,295.494,0.000,29.043,0.000,0.000,0.000,0.000
3994,1520.324,555.937,555.937,470.597,161.195,145.669,295.829,0.000,29.099,0.000,0.000,0.000,0.000
3995,1520.741,560.606,560.606,471.247,161.182,145.924,296.167,0.000,29.156,0.000,0.000,0.000,0.000
3996,1521.158,580.571,580.571,471.906,161.169,146.185,296.509,0.000,29.212,0.000,0.000,0.000,0.000
3997,1521.575,592.166,592.166,472.576,161.156,146.452,296.855,0.000,29.269,0.000,0.000,0.000,0.000
3998,1521.991,602.104,602.104,473.255,161.143,146.725,297.204,0.000,29.326,0.000,0.000,0.000,0.000
3999,1522.408,563.220,563.220,473.945,161.129,147.005,297.557,0.000,29.383,0.000,0.000,0.000,0.000
4000,1522.825,529.639,529.639,474.646,161.116,147.292,297.913,0.000,29.441,0.000,0.000,0.000,0.000
4001,1523.242,525.599,525.599,475.357,161.103,147.585,298.273,0.000,29.499,0.000,0.000,0.000,0.000
4002,1523.659,542.470,542.470,476.078,161.090,147.885,298.636,0.000,29.557,0.000,0.000,0.000,0.000
4003,1524.076,565.236,565.236,476.811,161.077,148.192,299.003,0.000,29.616,0.000,0.000,0.000,0.000
4004,1524.493,530.666,530.666,477.554,161.064,148.505,299.374,0.000,29.675,0.000,0.000,0.000,0.000
4005,1524.909,501.942,501.942,478.307,161.050,148.825,299.748,0.000,29.734,0.000,0.000,0.000,0.000
4006,1525.326,578.973,578.973,479.072,161.037,149.152,300.126,0.000,29.794,0.000,0.000,0.000,0.000
4007,1525.743,528.545,528.545,479.847,161.024,149.486,300.507,0.000,29.855,0.000,0.000,0.000,0.000
4008,1526.160,557.868,557.868,480.634,161.011,149.826,300.892,0.000,29.916,0.000,0.000,0.000,0.000
4009,1526.577,518.081,518.081,481.432,160.998,150.174,301.280,0.000,29.978,0.000,0.000,0.000,0.000
4010,1526.994,545.739,545.739,482.240,160.985,150.529,301.672,0.000,30.040,0.000,0.000,0.000,0.000
4011,1527.411,513.714,513.714,483.060,160.971,150.890,302.067,0.000,30.103,0.000,0.000,0.000,0.000
4012,1527.828,540.117,540.117,483.891,160.958,151.259,302.465,0.000,30.167,0.000,0.000,0.000,0.000
4013,1528.245,544.261,544.261,484.733,160.945,151.635,302.868,0.000,30.231,0.000,0.000,0.000,0.000
4014,1528.662,503.394,503.394,485.587,160.932,152.017,303.273,0.000,30.296,0.000,0.000,0.000,0.000
4015,1529.079,505.865,505.865,486.451,160.919,152.407,303.682,0.000,30.362,0.000,0.000,0.000,0.000
4016,1529.496,533.810,533.810,487.328,160.906,152.804,304.095,0.000,30.429,0.000,0.000,0.000,0.000
4017,1529.913,530.166,530.166,488.215,160.892,153.208,304.510,0.000,30.497,0.000,0.000,0.000,0.000
4018,1530.330,541.165,541.165,489.114,160.879,153.619,304.929,0.000,30.565,0.000,0.000,0.000,0.000
4019,1530.747,474.804,474.804,490.024,160.866,154.037,305.352,0.000,30.635,0.000,0.000,0.000,0.000
4020,1531.164,536.109,536.109,490.945,160.853,154.463,305.778,0.000,30.705,0.000,0.000,0.000,0.000
4021,1531.582,484.895,484.895,491.878,160.840,154.895,306.207,0.000,30.777,0.000,0.000,0.000,0.000
4022,1531.999,514.015,514.015,492.823,160.827,155.335,306.639,0.000,30.849,0.000,0.000,0.000,0.000
4023,1532.416,555.223,555.223,493.778,160.813,155.781,307.074,0.000,30.923,0.000,0.000,0.000,0.000
4024,1532.833,501.552,501.552,494.745,160.800,156.235,307.513,0.000,30.997,0.000,0.000,0.000,0.000
4025,1533.250,461.296,461.296,495.724,160.787,156.696,307.955,0.000,31.073,0.000,0.000,0.000,0.000
4026,1533.667,474.375,474.375,496.713,160.774,157.164,308.399,0.000,31.150,0.000,0.000,0.000,0.000
4027,1534.084,516.030,516.030,497.714,160.761,157.638,308.847,0.000,31.228,0.000,0.000,0.000,0.000
4028,1534.501,512.449,512.449,498.727,160.748,158.120,309.298,0.000,31.308,0.000,0.000,0.000,0.000
4029,1534.919,558.597,558.597,499.750,160.734,158.609,309.752,0.000,31.389,0.000,0.000,0.000,0.000
4030,1535.336,501.344,501.344,500.785,160.721,159.104,310.209,0.000,31.471,0.000,0.000,0.000,0.000
4031,1535.753,463.993,463.993,501.831,160.708,159.607,310.669,0.000,31.554,0.000,0.000,0.000,0.000
4032,1536.170,511.671,511.671,502.887,160.695,160.116,311.132,0.000,31.639,0.000,0.000,0.000,0.000
4033,1536.587,461.896,461.896,503.955,160.682,160.632,311.598,0.000,31.725,0.000,0.000,0.000,0.000
4034,1537.005,529.887,529.887,505.034,160.669,161.155,312.066,0.000,31.813,0.000,0.000,0.000,0.000
4035,1537.422,518.322,518.322,506.124,160.655,161.685,312.538,0.000,31.902,0.000,0.000,0.000,0.000
4036,1537.839,479.813,479.813,507.225,160.642,162.221,313.011,0.000,31.993,0.000,0.000,0.000,0.000
4037,1538.256,516.688,516.688,508.337,160.629,162.763,313.488,0.000,32.085,0.000,0.000,0.000,0.000
4038,1538.674,519.012,519.012,509.459,160.616,163.313,313.967,0.000,32.179,0.000,0.000,0.000,0.000
4039,1539.091,485.587,485.587,510.592,160.603,163.868,314.449,0.000,32.274,0.000,0.000,0.000,0.000
4040,1539.508,472.838,472.838,511.735,160.590,164.430,314.933,0.000,32.372,0.000,0.000,0.000,0.000
4041,1539.925,461.051,461.051,512.889,160.576,164.998,315.420,0.000,32.470,0.000,0.000,0.000,0.000
4042,1540.343,520.185,520.185,514.053,160.563,165.573,315.909,0.000,32.571,0.000,0.000,0.000,0.000
4043,1540.760,461.435,461.435,515.227,160.550,166.154,316.401,0.000,32.673,0.000,0.000,0.000,0.000
4044,1541.177,473.651,473.651,516.412,160.537,166.740,316.895,0.000,32.777,0.000,0.000,0.000,0.000
4045,1541.595,494.822,494.822,517.606,160.524,167.333,317.391,0.000,32.883,0.000,0.000,0.000,0.000
4046,1542.012,436.718,436.718,518.810,160.511,167.931,317.889,0.000,32.990,0.000,0.000,0.000,0.000
4047,1542.429,521.539,521.539,520.024,160.497,168.536,318.389,0.000,33.099,0.000,0.000,0.000,0.000
4048,1542.847,484.731,484.731,521.248,160.484,169.146,318.892,0.000,33.211,0.000,0.000,0.000,0.000
4049,1543.264,470.240,470.240,522.481,160.471,169.761,319.396,0.000,33.324,0.000,0.000,0.000,0.000
4050,1543.681,457.877,457.877,523.724,160.458,170.382,319.903,0.000,33.439,0.000,0.000,0.000,0.000
4051,1544.099,457.070,457.070,524.975,160.445,171.008,320.411,0.000,33.556,0.000,0.000,0.000,0.000
4052,1544.516,512.175,512.175,526.236,160.432,171.640,320.921,0.000,33.675,0.000,0.000,0.000,0.000
4053,1544.934,490.179,490.179,527.505,160.418,172.277,321.433,0.000,33.796,0.000,0.000,0.000,0.000
4054,1545.351,505.231,505.231,528.784,160.405,172.919,321.946,0.000,33.919,0.000,0.000,0.000,0.000
4055,1545.769,481.373,481.373,530.070,160.392,173.565,322.461,0.000,34.044,0.000,0.000,0.000,0.000
4056,1546.186,481.632,481.632,531.365,160.379,174.217,322.978,0.000,34.171,0.000,0.000,0.000,0.000
4057,1546.603,492.243,492.243,532.669,160.366,174.873,323.496,0.000,34.300,0.000,0.000,0.000,0.000
4058,1547.021,498.825,498.825,533.980,160.352,175.533,324.016,0.000,34.431,0.000,0.000,0.000,0.000
4059,1547.438,487.953,487.953,535.299,160.339,176.199,324.536,0.000,34.564,0.000,0.000,0.000,0.000
4060,1547.856,498.107,498.107,536.626,160.326,176.868,325.058,0.000,34.700,0.000,0.000,0.000,0.000
4061,1548.273,507.540,507.540,537.960,160.313,177.541,325.582,0.000,34.837,0.000,0.000,0.000,0.000
4062,1548.691,498.437,498.437,539.301,160.300,178.219,326.106,0.000,34.977,0.000,0.000,0.000,0.000
4063,1549.108,456.349,456.349,540.650,160.287,178.900,326.631,0.000,35.119,0.000,0.000,0.000,0.000
4064,1549.526,462.290,462.290,542.005,160.273,179.585,327.158,0.000,35.263,0.000,0.000,0.000,0.000
4065,1549.943,488.867,488.867,543.367,160.260,180.273,327.685,0.000,35.409,0.000,0.000,0.000,0.000
4066,1550.361,496.689,496.689,544.735,160.247,180.965,328.213,0.000,35.558,0.000,0.000,0.000,0.000
4067,1550.778,462.685,462.685,546.110,160.234,181.660,328.741,0.000,35.708,0.000,0.000,0.000,0.000
4068,1551.196,479.109,479.109,547.490,160.221,182.358,329.270,0.000,35.861,0.000,0.000,0.000,0.000
4069,1551.614,500.315,500.315,548.876,160.208,183.059,329.800,0.000,36.016,0.000,0.000,0.000,0.000
4070,1552.031,451.563,451.563,550.267,160.194,183.763,330.330,0.000,36.174,0.000,0.000,0.000,0.000
4071,1552.449,486.975,486.975,551.664,160.181,184.469,330.861,0.000,36.333,0.000,0.000,0.000,0.000
4072,1552.866,500.432,500.432,553.065,160.168,185.178,331.392,0.000,36.495,0.000,0.000,0.000,0.000
4073,1553.284,443.120,443.120,554.472,160.155,185.889,331.923,0.000,36.660,0.000,0.000,0.000,0.000
4074,1553.702,477.098,477.098,555.882,160.142,186.602,332.454,0.000,36.826,0.000,0.000,0.000,0.000
4075,1554.119,502.000,502.000,557.297,160.129,187.317,332.985,0.000,36.995,0.000,0.000,0.000,0.000
4076,1554.537,499.767,499.767,558.716,160.115,188.034,333.517,0.000,37.166,0.000,0.000,0.000,0.000
4077,1554.955,454.812,454.812,560.139,160.102,188.752,334.048,0.000,37.339,0.000,0.000,0.000,0.000
4078,1555.372,471.135,471.135,561.565,160.089,189.472,334.578,0.000,37.515,0.000,0.000,0.000,0.000
4079,1555.790,479.622,479.622,562.994,160.076,190.193,335.109,0.000,37.692,0.000,0.000,0.000,0.000
4080,1556.208,483.751,483.751,564.426,160.063,190.914,335.639,0.000,37.872,0.000,0.000,0.000,0.000
4081,1556.625,440.026,440.026,565.860,160.050,191.637,336.168,0.000,38.055,0.000,0.000,0.000,0.000
4082,1557.043,475.568,475.568,567.297,160.036,192.360,336.697,0.000,38.239,0.000,0.000,0.000,0.000
4083,1557.461,482.096,482.096,568.736,160.023,193.084,337.225,0.000,38.426,0.000,0.000,0.000,0.000
4084,1557.878,460.627,460.627,570.176,160.010,193.808,337.753,0.000,38.615,0.000,0.000,0.000,0.000
4085,1558.296,431.085,431.085,571.618,159.997,194.532,338.280,0.000,38.807,0.000,0.000,0.000,0.000
4086,1558.714,493.598,493.598,573.061,159.984,195.256,338.805,0.000,39.000,0.000,0.000,0.000,0.000
4087,1559.132,452.184,452.184,574.505,159.971,195.980,339.330,0.000,39.196,0.000,0.000,0.000,0.000
4088,1559.549,451.721,451.721,575.950,159.957,196.703,339.853,0.000,39.394,0.000,0.000,0.000,0.000
4089,1559.967,460.143,460.143,577.394,159.944,197.425,340.375,0.000,39.594,0.000,0.000,0.000,0.000
4090,1560.385,491.884,491.884,578.839,159.931,198.146,340.896,0.000,39.796,0.000,0.000,0.000,0.000
4091,1560.803,461.362,461.362,580.283,159.918,198.867,341.416,0.000,40.001,0.000,0.000,0.000,0.000
4092,1561.220,455.867,455.867,581.726,159.905,199.586,341.934,0.000,40.207,0.000,0.000,0.000,0.000
4093,1561.638,488.991,488.991,583.169,159.892,200.303,342.450,0.000,40.416,0.000,0.000,0.000,0.000
4094,1562.056,459.433,459.433,584.610,159.878,201.019,342.965,0.000,40.627,0.000,0.000,0.000,0.000
4095,1562.474,452.323,452.323,586.050,159.865,201.733,343.477,0.000,40.840,0.000,0.000,0.000,0.000
4096,1562.892,453.193,453.193,587.487,159.852,202.444,343.988,0.000,41.055,0.000,0.000,0.000,0.000
4097,1563.309,420.663,420.663,588.922,159.839,203.154,344.497,0.000,41.272,0.000,0.000,0.000,0.000
4098,1563.727,437.092,437.092,590.355,159.826,203.861,345.004,0.000,41.491,0.000,0.000,0.000,0.000
4099,1564.145,463.670,463.670,591.785,159.813,204.565,345.509,0.000,41.711,0.000,0.000,0.000,0.000
4100,1564.563,463.424,463.424,593.211,159.799,205.266,346.011,0.000,41.934,0.000,0.000,0.000,0.000
4101,1564.981,421.189,421.189,594.634,159.786,205.964,346.511,0.000,42.159,0.000,0.000,0.000,0.000
4102,1565.399,456.013,456.013,596.053,159.773,206.658,347.009,0.000,42.386,0.000,0.000,0.000,0.000
4103,1565.817,465.240,465.240,597.468,159.760,207.350,347.504,0.000,42.614,0.000,0.000,0.000,0.000
4104,1566.234,500.194,500.194,598.878,159.747,208.037,347.997,0.000,42.845,0.000,0.000,0.000,0.000
4105,1566.652,456.354,456.354,600.284,159.734,208.720,348.486,0.000,43.077,0.000,0.000,0.000,0.000
4106,1567.070,457.084,457.084,601.684,159.720,209.400,348.973,0.000,43.311,0.000,0.000,0.000,0.000
4107,1567.488,461.316,461.316,603.078,159.707,210.074,349.457,0.000,43.547,0.000,0.000,0.000,0.000
4108,1567.906,511.897,511.897,604.467,159.694,210.745,349.938,0.000,43.784,0.000,0.000,0.000,0.000
4109,1568.324,475.007,475.007,605.849,159.681,211.410,350.416,0.000,44.023,0.000,0.000,0.000,0.000
4110,1568.742,501.808,501.808,607.225,159.668,212.071,350.891,0.000,44.264,0.000,0.000,0.000,0.000
4111,1569.160,477.399,477.399,608.594,159.655,212.726,351.363,0.000,44.506,0.000,0.000,0.000,0.000
4112,1569.578,489.338,489.338,609.956,159.641,213.376,351.831,0.000,44.749,0.000,0.000,0.000,0.000
4113,1569.996,479.103,479.103,611.310,159.628,214.020,352.296,0.000,44.995,0.000,0.000,0.000,0.000
4114,1570.414,430.015,430.015,612.657,159.615,214.659,352.757,0.000,45.241,0.000,0.000,0.000,0.000
4115,1570.832,468.131,468.131,613.995,159.602,215.291,353.214,0.000,45.489,0.000,0.000,0.000,0.000
4116,1571.250,457.117,457.117,615.325,159.589,215.918,353.668,0.000,45.739,0.000,0.000,0.000,0.000
4117,1571.668,458.857,458.857,616.646,159.576,216.538,354.119,0.000,45.989,0.000,0.000,0.000,0.000
4118,1572.086,451.795,451.795,617.957,159.562,217.151,354.565,0.000,46.241,0.000,0.000,0.000,0.000
4119,1572.504,496.042,496.042,619.259,159.549,217.758,355.007,0.000,46.494,0.000,0.000,0.000,0.000
4120,1572.922,496.011,496.011,620.552,159.536,218.357,355.446,0.000,46.749,0.000,0.000,0.000,0.000
4121,1573.340,490.996,490.996,621.834,159.523,218.950,355.880,0.000,47.004,0.000,0.000,0.000,0.000
4122,1573.758,459.854,459.854,623.105,159.510,219.535,356.310,0.000,47.260,0.000,0.000,0.000,0.000
4123,1574.176,470.756,470.756,624.366,159.496,220.113,356.736,0.000,47.518,0.000,0.000,0.000,0.000
4124,1574.594,472.137,472.137,625.616,159.483,220.682,357.157,0.000,47.776,0.000,0.000,0.000,0.000
4125,1575.012,500.686,500.686,626.854,159.470,221.244,357.574,0.000,48.035,0.000,0.000,0.000,0.000
4126,1575.430,494.814,494.814,628.080,159.457,221.798,357.987,0.000,48.296,0.000,0.000,0.000,0.000
4127,1575.848,428.040,428.040,629.295,159.444,222.344,358.395,0.000,48.556,0.000,0.000,0.000,0.000
4128,1576.266,476.163,476.163,630.497,159.431,222.881,358.798,0.000,48.818,0.000,0.000,0.000,0.000
4129,1576.685,491.574,491.574,631.686,159.417,223.409,359.197,0.000,49.080,0.000,0.000,0.000,0.000
4130,1577.103,454.320,454.320,632.862,159.404,223.929,359.590,0.000,49.343,0.000,0.000,0.000,0.000
4131,1577.521,467.529,467.529,634.025,159.391,224.440,359.979,0.000,49.606,0.000,0.000,0.000,0.000
4132,1577.939,458.562,458.562,635.174,159.378,224.941,360.363,0.000,49.870,0.000,0.000,0.000,0.000
4133,1578.357,513.141,513.141,636.310,159.365,225.433,360.743,0.000,50.134,0.000,0.000,0.000,0.000
4134,1578.775,479.092,479.092,637.431,159.352,225.916,361.117,0.000,50.399,0.000,0.000,0.000,0.000
4135,1579.193,429.179,429.179,638.537,159.338,226.389,361.485,0.000,50.663,0.000,0.000,0.000,0.000
4136,1579.611,477.835,477.835,639.629,159.325,226.852,361.849,0.000,50.928,0.000,0.000,0.000,0.000
4137,1580.030,521.089,521.089,640.706,159.312,227.305,362.208,0.000,51.193,0.000,0.000,0.000,0.000
4138,1580.448,468.265,468.265,641.767,159.299,227.748,362.561,0.000,51.459,0.000,0.000,0.000,0.000
4139,1580.866,492.893,492.893,642.812,159.286,228.180,362.908,0.000,51.724,0.000,0.000,0.000,0.000
4140,1581.284,488.955,488.955,643.842,159.273,228.602,363.251,0.000,51.989,0.000,0.000,0.000,0.000
4141,1581.702,479.510,479.510,644.855,159.259,229.014,363.588,0.000,52.254,0.000,0.000,0.000,0.000
4142,1582.121,468.309,468.309,645.852,159.246,229.414,363.919,0.000,52.519,0.000,0.000,0.000,0.000
4143,1582.539,506.694,506.694,646.832,159.233,229.804,364.245,0.000,52.783,0.000,0.000,0.000,0.000
4144,1582.957,514.168,514.168,647.795,159.220,230.183,364.565,0.000,53.048,0.000,0.000,0.000,0.000
4145,1583.375,459.637,459.637,648.741,159.207,230.550,364.879,0.000,53.311,0.000,0.000,0.000,0.000
4146,1583.794,510.810,510.810,649.669,159.194,230.907,365.188,0.000,53.575,0.000,0.000,0.000,0.000
4147,1584.212,510.924,510.924,650.579,159.180,231.251,365.490,0.000,53.837,0.000,0.000,0.000,0.000
4148,1584.630,479.445,479.445,651.471,159.167,231.584,365.787,0.000,54.100,0.000,0.000,0.000,0.000
4149,1585.048,521.638,521.638,652.345,159.154,231.906,366.079,0.000,54.361,0.000,0.000,0.000,0.000
4150,1585.467,557.607,557.607,653.201,159.141,232.215,366.364,0.000,54.622,0.000,0.000,0.000,0.000
4151,1585.885,485.060,485.060,654.037,159.128,232.513,366.643,0.000,54.881,0.000,0.000,0.000,0.000
4152,1586.303,471.880,471.880,654.855,159.115,232.798,366.916,0.000,55.140,0.000,0.000,0.000,0.000
4153,1586.721,495.609,495.609,655.653,159.101,233.071,367.184,0.000,55.398,0.000,0.000,0.000,0.000
4154,1587.140,509.557,509.557,656.432,159.088,233.332,367.445,0.000,55.655,0.000,0.000,0.000,0.000
4155,1587.558,540.035,540.035,657.191,159.075,233.581,367.700,0.000,55.911,0.000,0.000,0.000,0.000
4156,1587.976,559.299,559.299,657.930,159.062,233.817,367.949,0.000,56.165,0.000,0.000,0.000,0.000
4157,1588.395,560.176,560.176,658.650,159.049,234.040,368.191,0.000,56.418,0.000,0.000,0.000,0.000
4158,1588.813,512.124,512.124,659.348,159.036,234.251,368.428,0.000,56.670,0.000,0.000,0.000,0.000
4159,1589.231,523.581,523.581,660.027,159.022,234.448,368.658,0.000,56.920,0.000,0.000,0.000,0.000
4160,1589.650,507.078,507.078,660.684,159.009,234.633,368.882,0.000,57.169,0.000,0.000,0.000,0.000
4161,1590.068,509.286,509.286,661.321,158.996,234.805,369.100,0.000,57.416,0.000,0.000,0.000,0.000
4162,1590.486,444.305,444.305,661.937,158.983,234.963,369.311,0.000,57.662,0.000,0.000,0.000,0.000
4163,1590.905,538.138,538.138,662.531,158.970,235.109,369.516,0.000,57.906,0.000,0.000,0.000,0.000
4164,1591.323,502.731,502.731,663.104,158.957,235.241,369.715,0.000,58.148,0.000,0.000,0.000,0.000
4165,1591.742,511.287,511.287,663.655,158.943,235.360,369.908,0.000,58.388,0.000,0.000,0.000,0.000
4166,1592.160,553.756,553.756,664.185,158.930,235.465,370.094,0.000,58.626,0.000,0.000,0.000,0.000
4167,1592.578,511.938,511.938,664.693,158.917,235.557,370.274,0.000,58.862,0.000,0.000,0.000,0.000
4168,1592.997,496.387,496.387,665.178,158.904,235.636,370.447,0.000,59.096,0.000,0.000,0.000,0.000
4169,1593.415,502.348,502.348,665.642,158.891,235.700,370.614,0.000,59.327,0.000,0.000,0.000,0.000
4170,1593.834,520.639,520.639,666.083,158.878,235.752,370.775,0.000,59.557,0.000,0.000,0.000,0.000
4171,1594.252,523.571,523.571,666.502,158.864,235.789,370.929,0.000,59.784,0.000,0.000,0.000,0.000
4172,1594.670,528.621,528.621,666.898,158.851,235.813,371.076,0.000,60.009,0.000,0.000,0.000,0.000
4173,1595.089,573.181,573.181,667.271,158.838,235.822,371.218,0.000,60.231,0.000,0.000,0.000,0.000
4174,1595.507,549.147,549.147,667.621,158.825,235.818,371.353,0.000,60.450,0.000,0.000,0.000,0.000
4175,1595.926,555.772,555.772,667.949,158.812,235.801,371.481,0.000,60.667,0.000,0.000,0.000,0.000
4176,1596.344,554.296,554.296,668.253,158.799,235.769,371.603,0.000,60.881,0.000,0.000,0.000,0.000
4177,1596.763,509.015,509.015,668.535,158.785,235.723,371.719,0.000,61.093,0.000,0.000,0.000,0.000
4178,1597.181,522.059,522.059,668.793,158.772,235.663,371.828,0.000,61.301,0.000,0.000,0.000,0.000
4179,1597.600,543.051,543.051,669.028,158.759,235.589,371.931,0.000,61.507,0.000,0.000,0.000,0.000
4180,1598.018,559.756,559.756,669.239,158.746,235.501,372.028,0.000,61.710,0.000,0.000,0.000,0.000
4181,1598.437,540.248,540.248,669.427,158.733,235.400,372.118,0.000,61.909,0.000,0.000,0.000,0.000
4182,1598.855,552.185,552.185,669.591,158.719,235.284,372.202,0.000,62.106,0.000,0.000,0.000,0.000
4183,1599.274,589.380,589.380,669.732,158.706,235.154,372.279,0.000,62.299,0.000,0.000,0.000,0.000
4184,1599.692,556.429,556.429,669.849,158.693,235.009,372.350,0.000,62.489,0.000,0.000,0.000,0.000
4185,1600.111,591.744,591.744,669.942,158.680,234.851,372.415,0.000,62.675,0.000,0.000,0.000,0.000
4186,1600.529,557.741,557.741,670.011,158.667,234.679,372.474,0.000,62.859,0.000,0.000,0.000,0.000
4187,1600.948,554.630,554.630,670.057,158.654,234.492,372.526,0.000,63.038,0.000,0.000,0.000,0.000
4188,1601.366,585.156,585.156,670.079,158.640,234.292,372.572,0.000,63.214,0.000,0.000,0.000,0.000
4189,1601.785,589.498,589.498,670.077,158.627,234.078,372.612,0.000,63.387,0.000,0.000,0.000,0.000
4190,1602.203,559.807,559.807,670.051,158.614,233.849,372.646,0.000,63.556,0.000,0.000,0.000,0.000
4191,1602.622,589.052,589.052,670.001,158.601,233.606,372.674,0.000,63.721,0.000,0.000,0.000,0.000
4192,1603.041,600.795,600.795,669.927,158.588,233.350,372.695,0.000,63.882,0.000,0.000,0.000,0.000
4193,1603.459,548.255,548.255,669.830,158.575,233.079,372.711,0.000,64.040,0.000,0.000,0.000,0.000
4194,1603.878,570.566,570.566,669.708,158.561,232.795,372.720,0.000,64.193,0.000,0.000,0.000,0.000
4195,1604.296,579.529,579.529,669.563,158.548,232.496,372.723,0.000,64.343,0.000,0.000,0.000,0.000
4196,1604.715,589.802,589.802,669.393,158.535,232.184,372.721,0.000,64.489,0.000,0.000,0.000,0.000
4197,1605.134,566.350,566.350,669.200,158.522,231.857,372.712,0.000,64.630,0.000,0.000,0.000,0.000
4198,1605.552,602.443,602.443,668.983,158.509,231.517,372.698,0.000,64.767,0.000,0.000,0.000,0.000
4199,1605.971,606.471,606.471,668.742,158.496,231.164,372.678,0.000,64.901,0.000,0.000,0.000,0.000
4200,1606.389,579.101,579.101,668.477,158.482,230.796,372.652,0.000,65.029,0.000,0.000,0.000,0.000
4201,1606.808,606.032,606.032,668.189,158.469,230.415,372.620,0.000,65.154,0.000,0.000,0.000,0.000
4202,1607.227,562.218,562.218,667.876,158.456,230.020,372.582,0.000,65.274,0.000,0.000,0.000,0.000
4203,1607.645,568.306,568.306,667.541,158.443,229.612,372.539,0.000,65.390,0.000,0.000,0.000,0.000
4204,1608.064,562.511,562.511,667.181,158.430,229.190,372.490,0.000,65.501,0.000,0.000,0.000,0.000
4205,1608.483,525.480,525.480,666.798,158.417,228.754,372.436,0.000,65.608,0.000,0.000,0.000,0.000
4206,1608.901,497.447,497.447,666.392,158.403,228.306,372.376,0.000,65.711,0.000,0.000,0.000,0.000
4207,1609.320,571.133,571.133,665.962,158.390,227.844,372.310,0.000,65.808,0.000,0.000,0.000,0.000
4208,1609.739,584.994,584.994,665.509,158.377,227.369,372.239,0.000,65.901,0.000,0.000,0.000,0.000
4209,1610.157,586.488,586.488,665.033,158.364,226.880,372.163,0.000,65.990,0.000,0.000,0.000,0.000
4210,1610.576,592.070,592.070,664.534,158.351,226.379,372.082,0.000,66.074,0.000,0.000,0.000,0.000
4211,1610.995,586.722,586.722,664.012,158.338,225.864,371.995,0.000,66.152,0.000,0.000,0.000,0.000
4212,1611.413,575.952,575.952,663.467,158.324,225.337,371.903,0.000,66.227,0.000,0.000,0.000,0.000
4213,1611.832,559.299,559.299,662.899,158.311,224.797,371.806,0.000,66.296,0.000,0.000,0.000,0.000
4214,1612.251,638.258,638.258,662.308,158.298,224.244,371.704,0.000,66.360,0.000,0.000,0.000,0.000
4215,1612.670,583.311,583.311,661.695,158.285,223.679,371.597,0.000,66.420,0.000,0.000,0.000,0.000
4216,1613.088,600.137,600.137,661.060,158.272,223.101,371.484,0.000,66.475,0.000,0.000,0.000,0.000
4217,1613.507,609.187,609.187,660.402,158.259,222.510,371.367,0.000,66.524,0.000,0.000,0.000,0.000
4218,1613.926,611.608,611.608,659.722,158.245,221.907,371.246,0.000,66.569,0.000,0.000,0.000,0.000
4219,1614.344,574.663,574.663,659.020,158.232,221.292,371.119,0.000,66.608,0.000,0.000,0.000,0.000
4220,1614.763,588.690,588.690,658.296,158.219,220.665,370.988,0.000,66.643,0.000,0.000,0.000,0.000
4221,1615.182,577.876,577.876,657.550,158.206,220.026,370.852,0.000,66.672,0.000,0.000,0.000,0.000
4222,1615.601,583.010,583.010,656.783,158.193,219.375,370.711,0.000,66.697,0.000,0.000,0.000,0.000
4223,1616.019,613.399,613.399,655.994,158.180,218.712,370.566,0.000,66.716,0.000,0.000,0.000,0.000
4224,1616.438,637.573,637.573,655.185,158.166,218.037,370.417,0.000,66.730,0.000,0.000,0.000,0.000
4225,1616.857,625.388,625.388,654.354,158.153,217.351,370.263,0.000,66.739,0.000,0.000,0.000,0.000
4226,1617.276,624.499,624.499,653.502,158.140,216.653,370.105,0.000,66.743,0.000,0.000,0.000,0.000
4227,1617.695,637.342,637.342,652.629,158.127,215.944,369.943,0.000,66.742,0.000,0.000,0.000,0.000
4228,1618.113,570.979,570.979,651.736,158.114,215.224,369.777,0.000,66.735,0.000,0.000,0.000,0.000
4229,1618.532,656.497,656.497,650.822,158.101,214.493,369.606,0.000,66.723,0.000,0.000,0.000,0.000
4230,1618.951,618.993,618.993,649.889,158.087,213.751,369.432,0.000,66.706,0.000,0.000,0.000,0.000
4231,1619.370,629.380,629.380,648.935,158.074,212.998,369.254,0.000,66.684,0.000,0.000,0.000,0.000
4232,1619.789,611.641,611.641,647.961,158.061,212.234,369.072,0.000,66.656,0.000,0.000,0.000,0.000
4233,1620.207,625.284,625.284,646.968,158.048,211.459,368.886,0.000,66.623,0.000,0.000,0.000,0.000
4234,1620.626,603.142,603.142,645.956,158.035,210.675,368.696,0.000,66.585,0.000,0.000,0.000,0.000
4235,1621.045,613.619,613.619,644.924,158.022,209.879,368.503,0.000,66.542,0.000,0.000,0.000,0.000
4236,1621.464,618.780,618.780,643.873,158.008,209.074,368.306,0.000,66.493,0.000,0.000,0.000,0.000
4237,1621.883,597.934,597.934,642.804,157.995,208.259,368.106,0.000,66.439,0.000,0.000,0.000,0.000
4238,1622.302,643.938,643.938,641.716,157.982,207.434,367.902,0.000,66.380,0.000,0.000,0.000,0.000
4239,1622.720,584.850,584.850,640.610,157.969,206.599,367.695,0.000,66.316,0.000,0.000,0.000,0.000
4240,1623.139,619.626,619.626,639.485,157.956,205.754,367.485,0.000,66.246,0.000,0.000,0.000,0.000
4241,1623.558,631.004,631.004,638.343,157.943,204.900,367.272,0.000,66.171,0.000,0.000,0.000,0.000
4242,1623.977,582.662,582.662,637.183,157.929,204.037,367.056,0.000,66.091,0.000,0.000,0.000,0.000
4243,1624.396,595.132,595.132,636.006,157.916,203.164,366.836,0.000,66.005,0.000,0.000,0.000,0.000
4244,1624.815,592.669,592.669,634.811,157.903,202.283,366.614,0.000,65.914,0.000,0.000,0.000,0.000
4245,1625.234,644.236,644.236,633.600,157.890,201.393,366.389,0.000,65.818,0.000,0.000,0.000,0.000
4246,1625.653,635.682,635.682,632.372,157.877,200.493,366.161,0.000,65.717,0.000,0.000,0.000,0.000
4247,1626.072,656.992,656.992,631.127,157.863,199.586,365.930,0.000,65.611,0.000,0.000,0.000,0.000
4248,1626.490,631.417,631.417,629.866,157.850,198.670,365.697,0.000,65.500,0.000,0.000,0.000,0.000
4249,1626.909,612.492,612.492,628.590,157.837,197.745,365.461,0.000,65.383,0.000,0.000,0.000,0.000
4250,1627.328,650.233,650.233,627.297,157.824,196.813,365.223,0.000,65.261,0.000,0.000,0.000,0.000
4251,1627.747,597.787,597.787,625.989,157.811,195.873,364.983,0.000,65.134,0.000,0.000,0.000,0.000
4252,1628.166,634.855,634.855,624.666,157.798,194.925,364.740,0.000,65.002,0.000,0.000,0.000,0.000
4253,1628.585,645.753,645.753,623.329,157.784,193.969,364.495,0.000,64.865,0.000,0.000,0.000,0.000
4254,1629.004,686.995,686.995,621.976,157.771,193.005,364.247,0.000,64.723,0.000,0.000,0.000,0.000
4255,1629.423,641.203,641.203,620.609,157.758,192.035,363.998,0.000,64.576,0.000,0.000,0.000,0.000
4256,1629.842,632.547,632.547,619.228,157.745,191.057,363.747,0.000,64.424,0.000,0.000,0.000,0.000
4257,1630.261,621.338,621.338,617.833,157.732,190.072,363.494,0.000,64.267,0.000,0.000,0.000,0.000
4258,1630.680,580.840,580.840,616.424,157.719,189.081,363.239,0.000,64.105,0.000,0.000,0.000,0.000
4259,1631.099,618.032,618.032,615.002,157.705,188.083,362.982,0.000,63.938,0.000,0.000,0.000,0.000
4260,1631.518,647.790,647.790,613.567,157.692,187.078,362.723,0.000,63.766,0.000,0.000,0.000,0.000
4261,1631.937,645.526,645.526,612.119,157.679,186.067,362.463,0.000,63.589,0.000,0.000,0.000,0.000
4262,1632.356,606.213,606.213,610.659,157.666,185.049,362.202,0.000,63.408,0.000,0.000,0.000,0.000
4263,1632.775,631.418,631.418,609.187,157.653,184.026,361.938,0.000,63.222,0.000,0.000,0.000,0.000
4264,1633.194,671.097,671.097,607.702,157.640,182.997,361.674,0.000,63.031,0.000,0.000,0.000,0.000
4265,1633.613,660.510,660.510,606.206,157.626,181.962,361.408,0.000,62.836,0.000,0.000,0.000,0.000
4266,1634.032,616.987,616.987,604.698,157.613,180.922,361.141,0.000,62.635,0.000,0.000,0.000,0.000
4267,1634.451,605.091,605.091,603.179,157.600,179.876,360.873,0.000,62.431,0.000,0.000,0.000,0.000
4268,1634.870,711.168,711.168,601.650,157.587,178.825,360.604,0.000,62.221,0.000,0.000,0.000,0.000
4269,1635.289,620.640,620.640,600.110,157.574,177.769,360.333,0.000,62.008,0.000,0.000,0.000,0.000
4270,1635.708,641.051,641.051,598.559,157.561,176.708,360.062,0.000,61.789,0.000,0.000,0.000,0.000
4271,1636.127,650.801,650.801,596.999,157.547,175.642,359.790,0.000,61.567,0.000,0.000,0.000,0.000
4272,1636.546,628.907,628.907,595.429,157.534,174.572,359.517,0.000,61.340,0.000,0.000,0.000,0.000
4273,1636.965,654.120,654.120,593.849,157.521,173.497,359.243,0.000,61.109,0.000,0.000,0.000,0.000
4274,1637.384,680.961,680.961,592.260,157.508,172.418,358.969,0.000,60.873,0.000,0.000,0.000,0.000
4275,1637.803,582.718,582.718,590.662,157.495,171.335,358.694,0.000,60.633,0.000,0.000,0.000,0.000
4276,1638.222,619.958,619.958,589.056,157.482,170.248,358.418,0.000,60.390,0.000,0.000,0.000,0.000
4277,1638.641,664.138,664.138,587.442,157.468,169.158,358.142,0.000,60.142,0.000,0.000,0.000,0.000
4278,1639.060,677.263,677.263,585.819,157.455,168.063,357.866,0.000,59.890,0.000,0.000,0.000,0.000
4279,1639.479,646.416,646.416,584.189,157.442,166.966,357.589,0.000,59.634,0.000,0.000,0.000,0.000
4280,1639.898,640.236,640.236,582.551,157.429,165.865,357.312,0.000,59.374,0.000,0.000,0.000,0.000
4281,1640.317,638.349,638.349,580.906,157.416,164.761,357.035,0.000,59.110,0.000,0.000,0.000,0.000
4282,1640.736,609.490,609.490,579.254,157.403,163.654,356.758,0.000,58.842,0.000,0.000,0.000,0.000
4283,1641.155,633.327,633.327,577.595,157.389,162.544,356.480,0.000,58.571,0.000,0.000,0.000,0.000
4284,1641.574,638.684,638.684,575.930,157.376,161.431,356.203,0.000,58.296,0.000,0.000,0.000,0.000
4285,1641.993,652.463,652.463,574.259,157.363,160.316,355.925,0.000,58.018,0.000,0.000,0.000,0.000
4286,1642.412,593.418,593.418,572.582,157.350,159.199,355.648,0.000,57.735,0.000,0.000,0.000,0.000
4287,1642.831,624.462,624.462,570.900,157.337,158.080,355.371,0.000,57.450,0.000,0.000,0.000,0.000
4288,1643.251,679.442,679.442,569.213,157.324,156.958,355.094,0.000,57.161,0.000,0.000,0.000,0.000
4289,1643.670,637.025,637.025,567.520,157.310,155.835,354.817,0.000,56.868,0.000,0.000,0.000,0.000
4290,1644.089,648.969,648.969,565.823,157.297,154.710,354.541,0.000,56.572,0.000,0.000,0.000,0.000
4291,1644.508,627.222,627.222,564.122,157.284,153.583,354.265,0.000,56.273,0.000,0.000,0.000,0.000
4292,1644.927,610.887,610.887,562.416,157.271,152.456,353.989,0.000,55.971,0.000,0.000,0.000,0.000
4293,1645.346,609.838,609.838,560.706,157.258,151.326,353.714,0.000,55.666,0.000,0.000,0.000,0.000
4294,1645.765,627.287,627.287,558.993,157.245,150.196,353.440,0.000,55.358,0.000,0.000,0.000,0.000
4295,1646.184,677.368,677.368,557.277,157.231,149.065,353.166,0.000,55.046,0.000,0.000,0.000,0.000
4296,1646.603,602.206,602.206,555.557,157.218,147.933,352.892,0.000,54.732,0.000,0.000,0.000,0.000
4297,1647.022,608.727,608.727,553.835,157.205,146.800,352.620,0.000,54.415,0.000,0.000,0.000,0.000
4298,1647.442,639.664,639.664,552.110,157.192,145.667,352.348,0.000,54.095,0.000,0.000,0.000,0.000
4299,1647.861,603.301,603.301,550.383,157.179,144.533,352.077,0.000,53.773,0.000,0.000,0.000,0.000
4300,1648.280,568.723,568.723,548.654,157.166,143.400,351.807,0.000,53.448,0.000,0.000,0.000,0.000
4301,1648.699,583.858,583.858,546.923,157.152,142.266,351.537,0.000,53.120,0.000,0.000,0.000,0.000
4302,1649.118,619.842,619.842,545.191,157.139,141.132,351.269,0.000,52.790,0.000,0.000,0.000,0.000
4303,1649.537,607.610,607.610,543.457,157.126,139.998,351.002,0.000,52.457,0.000,0.000,0.000,0.000
4304,1649.956,638.780,638.780,541.723,157.113,138.865,350.735,0.000,52.122,0.000,0.000,0.000,0.000
4305,1650.376,627.404,627.404,539.988,157.100,137.732,350.470,0.000,51.785,0.000,0.000,0.000,0.000
4306,1650.795,580.431,580.431,538.252,157.086,136.600,350.206,0.000,51.446,0.000,0.000,0.000,0.000
4307,1651.214,601.399,601.399,536.516,157.073,135.469,349.943,0.000,51.105,0.000,0.000,0.000,0.000
4308,1651.633,628.309,628.309,534.780,157.060,134.338,349.681,0.000,50.761,0.000,0.000,0.000,0.000
4309,1652.052,657.056,657.056,533.045,157.047,133.209,349.420,0.000,50.416,0.000,0.000,0.000,0.000
4310,1652.471,622.018,622.018,531.310,157.034,132.081,349.161,0.000,50.068,0.000,0.000,0.000,0.000
4311,1652.891,584.312,584.312,529.575,157.021,130.954,348.903,0.000,49.719,0.000,0.000,0.000,0.000
4312,1653.310,616.241,616.241,527.842,157.007,129.828,348.646,0.000,49.368,0.000,0.000,0.000,0.000
4313,1653.729,607.600,607.600,526.110,156.994,128.704,348.391,0.000,49.015,0.000,0.000,0.000,0.000
4314,1654.148,645.836,645.836,524.379,156.981,127.582,348.137,0.000,48.661,0.000,0.000,0.000,0.000
4315,1654.567,594.678,594.678,522.650,156.968,126.461,347.884,0.000,48.305,0.000,0.000,0.000,0.000
4316,1654.987,597.181,597.181,520.923,156.955,125.342,347.633,0.000,47.948,0.000,0.000,0.000,0.000
4317,1655.406,642.442,642.442,519.199,156.942,124.226,347.383,0.000,47.590,0.000,0.000,0.000,0.000
4318,1655.825,562.982,562.982,517.476,156.928,123.111,347.135,0.000,47.230,0.000,0.000,0.000,0.000
4319,1656.244,618.476,618.476,515.756,156.915,121.999,346.889,0.000,46.868,0.000,0.000,0.000,0.000
4320,1656.663,557.799,557.799,514.039,156.902,120.889,346.644,0.000,46.506,0.000,0.000,0.000,0.000
4321,1657.083,604.974,604.974,512.325,156.889,119.782,346.401,0.000,46.143,0.000,0.000,0.000,0.000
4322,1657.502,650.922,650.922,510.614,156.876,118.677,346.159,0.000,45.778,0.000,0.000,0.000,0.000
4323,1657.921,599.990,599.990,508.907,156.863,117.575,345.919,0.000,45.413,0.000,0.000,0.000,0.000
4324,1658.340,575.248,575.248,507.203,156.849,116.476,345.681,0.000,45.046,0.000,0.000,0.000,0.000
4325,1658.759,564.282,564.282,505.503,156.836,115.380,345.444,0.000,44.679,0.000,0.000,0.000,0.000
4326,1659.179,576.154,576.154,503.808,156.823,114.287,345.210,0.000,44.311,0.000,0.000,0.000,0.000
4327,1659.598,631.234,631.234,502.116,156.810,113.197,344.977,0.000,43.943,0.000,0.000,0.000,0.000
4328,1660.017,549.421,549.421,500.429,156.797,112.110,344.745,0.000,43.574,0.000,0.000,0.000,0.000
4329,1660.436,580.096,580.096,498.747,156.784,111.027,344.516,0.000,43.204,0.000,0.000,0.000,0.000
4330,1660.856,582.878,582.878,497.069,156.770,109.947,344.288,0.000,42.834,0.000,0.000,0.000,0.000
4331,1661.275,542.013,542.013,495.396,156.757,108.871,344.062,0.000,42.463,0.000,0.000,0.000,0.000
4332,1661.694,568.922,568.922,493.729,156.744,107.798,343.838,0.000,42.092,0.000,0.000,0.000,0.000
4333,1662.113,597.376,597.376,492.067,156.731,106.730,343.616,0.000,41.721,0.000,0.000,0.000,0.000
4334,1662.533,544.176,544.176,490.411,156.718,105.665,343.396,0.000,41.350,0.000,0.000,0.000,0.000
4335,1662.952,563.935,563.935,488.760,156.705,104.604,343.178,0.000,40.978,0.000,0.000,0.000,0.000
4336,1663.371,534.723,534.723,487.115,156.691,103.547,342.961,0.000,40.607,0.000,0.000,0.000,0.000
4337,1663.790,577.450,577.450,485.477,156.678,102.494,342.747,0.000,40.235,0.000,0.000,0.000,0.000
4338,1664.210,568.753,568.753,483.844,156.665,101.446,342.535,0.000,39.864,0.000,0.000,0.000,0.000
4339,1664.629,589.810,589.810,482.219,156.652,100.402,342.324,0.000,39.493,0.000,0.000,0.000,0.000
4340,1665.048,556.121,556.121,480.599,156.639,99.362,342.115,0.000,39.122,0.000,0.000,0.000,0.000
4341,1665.467,545.145,545.145,478.987,156.626,98.327,341.909,0.000,38.751,0.000,0.000,0.000,0.000
4342,1665.887,528.284,528.284,477.381,156.612,97.296,341.704,0.000,38.380,0.000,0.000,0.000,0.000
4343,1666.306,534.572,534.572,475.782,156.599,96.270,341.502,0.000,38.010,0.000,0.000,0.000,0.000
4344,1666.725,549.977,549.977,474.191,156.586,95.249,341.301,0.000,37.641,0.000,0.000,0.000,0.000
4345,1667.145,510.506,510.506,472.607,156.573,94.232,341.103,0.000,37.272,0.000,0.000,0.000,0.000
4346,1667.564,559.798,559.798,471.030,156.560,93.221,340.906,0.000,36.903,0.000,0.000,0.000,0.000
4347,1667.983,562.859,562.859,469.461,156.547,92.214,340.711,0.000,36.535,0.000,0.000,0.000,0.000
4348,1668.402,500.271,500.271,467.899,156.533,91.212,340.519,0.000,36.168,0.000,0.000,0.000,0.000
4349,1668.822,517.696,517.696,466.346,156.520,90.216,340.329,0.000,35.802,0.000,0.000,0.000,0.000
4350,1669.241,533.672,533.672,464.801,156.507,89.224,340.140,0.000,35.436,0.000,0.000,0.000,0.000
4351,1669.660,510.264,510.264,463.263,156.494,88.238,339.954,0.000,35.071,0.000,0.000,0.000,0.000
4352,1670.080,570.090,570.090,461.734,156.481,87.257,339.769,0.000,34.708,0.000,0.000,0.000,0.000
4353,1670.499,534.934,534.934,460.214,156.468,86.282,339.587,0.000,34.345,0.000,0.000,0.000,0.000
4354,1670.918,506.973,506.973,458.702,156.454,85.312,339.407,0.000,33.983,0.000,0.000,0.000,0.000
4355,1671.338,547.955,547.955,457.198,156.441,84.347,339.229,0.000,33.622,0.000,0.000,0.000,0.000
4356,1671.757,510.890,510.890,455.704,156.428,83.388,339.053,0.000,33.263,0.000,0.000,0.000,0.000
4357,1672.176,547.120,547.120,454.218,156.415,82.435,338.878,0.000,32.904,0.000,0.000,0.000,0.000
4358,1672.595,537.533,537.533,452.741,156.402,81.487,338.706,0.000,32.547,0.000,0.000,0.000,0.000
4359,1673.015,553.955,553.955,451.273,156.389,80.545,338.536,0.000,32.191,0.000,0.000,0.000,0.000
4360,1673.434,467.200,467.200,449.814,156.375,79.609,338.369,0.000,31.837,0.000,0.000,0.000,0.000
4361,1673.853,533.878,533.878,448.364,156.362,78.678,338.203,0.000,31.484,0.000,0.000,0.000,0.000
4362,1674.273,505.665,505.665,446.924,156.349,77.753,338.039,0.000,31.132,0.000,0.000,0.000,0.000
4363,1674.692,508.038,508.038,445.493,156.336,76.835,337.877,0.000,30.782,0.000,0.000,0.000,0.000
4364,1675.111,534.969,534.969,444.072,156.323,75.922,337.717,0.000,30.433,0.000,0.000,0.000,0.000
4365,1675.531,515.243,515.243,442.660,156.309,75.015,337.559,0.000,30.086,0.000,0.000,0.000,0.000
4366,1675.950,489.358,489.358,441.258,156.296,74.114,337.404,0.000,29.741,0.000,0.000,0.000,0.000
4367,1676.369,511.707,511.707,439.866,156.283,73.219,337.250,0.000,29.397,0.000,0.000,0.000,0.000
4368,1676.789,554.437,554.437,438.484,156.270,72.331,337.098,0.000,29.055,0.000,0.000,0.000,0.000
4369,1677.208,511.330,511.330,437.111,156.257,71.448,336.949,0.000,28.714,0.000,0.000,0.000,0.000
4370,1677.627,513.013,513.013,435.748,156.244,70.572,336.801,0.000,28.376,0.000,0.000,0.000,0.000
4371,1678.047,503.320,503.320,434.396,156.230,69.702,336.655,0.000,28.039,0.000,0.000,0.000,0.000
4372,1678.466,455.727,455.727,433.053,156.217,68.838,336.511,0.000,27.704,0.000,0.000,0.000,0.000
4373,1678.885,476.227,476.227,431.721,156.204,67.980,336.370,0.000,27.371,0.000,0.000,0.000,0.000
4374,1679.305,533.032,533.032,430.399,156.191,67.129,336.230,0.000,27.040,0.000,0.000,0.000,0.000
4375,1679.724,515.349,515.349,429.087,156.178,66.284,336.092,0.000,26.711,0.000,0.000,0.000,0.000
4376,1680.143,489.240,489.240,427.786,156.165,65.446,335.956,0.000,26.384,0.000,0.000,0.000,0.000
4377,1680.563,509.280,509.280,426.495,156.151,64.614,335.822,0.000,26.059,0.000,0.000,0.000,0.000
4378,1680.982,480.234,480.234,425.214,156.138,63.788,335.690,0.000,25.736,0.000,0.000,0.000,0.000
4379,1681.401,491.182,491.182,423.944,156.125,62.969,335.560,0.000,25.415,0.000,0.000,0.000,0.000
4380,1681.821,502.270,502.270,422.684,156.112,62.156,335.432,0.000,25.096,0.000,0.000,0.000,0.000
4381,1682.240,522.222,522.222,421.435,156.099,61.349,335.306,0.000,24.780,0.000,0.000,0.000,0.000
4382,1682.659,480.129,480.129,420.196,156.086,60.549,335.181,0.000,24.465,0.000,0.000,0.000,0.000
4383,1683.079,508.339,508.339,418.968,156.072,59.756,335.059,0.000,24.153,0.000,0.000,0.000,0.000
4384,1683.498,454.574,454.574,417.750,156.059,58.969,334.938,0.000,23.843,0.000,0.000,0.000,0.000
4385,1683.918,524.984,524.984,416.544,156.046,58.189,334.819,0.000,23.536,0.000,0.000,0.000,0.000
4386,1684.337,465.832,465.832,415.348,156.033,57.415,334.702,0.000,23.230,0.000,0.000,0.000,0.000
4387,1684.756,503.132,503.132,414.162,156.020,56.648,334.587,0.000,22.927,0.000,0.000,0.000,0.000
4388,1685.176,465.626,465.626,412.988,156.007,55.887,334.474,0.000,22.627,0.000,0.000,0.000,0.000
4389,1685.595,499.640,499.640,411.824,155.993,55.133,334.362,0.000,22.328,0.000,0.000,0.000,0.000
4390,1686.014,451.744,451.744,410.671,155.980,54.386,334.252,0.000,22.032,0.000,0.000,0.000,0.000
4391,1686.434,506.580,506.580,409.528,155.967,53.645,334.144,0.000,21.739,0.000,0.000,0.000,0.000
4392,1686.853,461.838,461.838,408.397,155.954,52.911,334.038,0.000,21.448,0.000,0.000,0.000,0.000
4393,1687.272,476.462,476.462,407.276,155.941,52.183,333.933,0.000,21.159,0.000,0.000,0.000,0.000
4394,1687.692,427.769,427.769,406.166,155.928,51.462,333.831,0.000,20.873,0.000,0.000,0.000,0.000
4395,1688.111,462.240,462.240,405.067,155.914,50.748,333.730,0.000,20.590,0.000,0.000,0.000,0.000
4396,1688.531,472.798,472.798,403.979,155.901,50.040,333.630,0.000,20.308,0.000,0.000,0.000,0.000
4397,1688.950,459.776,459.776,402.901,155.888,49.339,333.533,0.000,20.030,0.000,0.000,0.000,0.000
4398,1689.369,476.133,476.133,401.834,155.875,48.644,333.437,0.000,19.754,0.000,0.000,0.000,0.000
4399,1689.789,489.923,489.923,400.778,155.862,47.956,333.342,0.000,19.480,0.000,0.000,0.000,0.000
4400,1690.208,440.310,440.310,399.733,155.849,47.274,333.250,0.000,19.209,0.000,0.000,0.000,0.000
4401,1690.627,427.122,427.122,398.699,155.835,46.600,333.159,0.000,18.941,0.000,0.000,0.000,0.000
4402,1691.047,446.476,446.476,397.675,155.822,45.931,333.069,0.000,18.675,0.000,0.000,0.000,0.000
4403,1691.466,414.329,414.329,396.663,155.809,45.270,332.981,0.000,18.412,0.000,0.000,0.000,0.000
4404,1691.886,433.199,433.199,395.661,155.796,44.614,332.895,0.000,18.151,0.000,0.000,0.000,0.000
4405,1692.305,440.325,440.325,394.669,155.783,43.966,332.810,0.000,17.893,0.000,0.000,0.000,0.000
4406,1692.724,409.845,409.845,393.689,155.770,43.324,332.727,0.000,17.638,0.000,0.000,0.000,0.000
4407,1693.144,428.421,428.421,392.719,155.756,42.688,332.645,0.000,17.385,0.000,0.000,0.000,0.000
4408,1693.563,475.230,475.230,391.759,155.743,42.059,332.565,0.000,17.135,0.000,0.000,0.000,0.000
4409,1693.983,413.559,413.559,390.811,155.730,41.436,332.487,0.000,16.887,0.000,0.000,0.000,0.000
4410,1694.402,403.554,403.554,389.873,155.717,40.820,332.410,0.000,16.643,0.000,0.000,0.000,0.000
4411,1694.821,404.640,404.640,388.945,155.704,40.211,332.334,0.000,16.400,0.000,0.000,0.000,0.000
4412,1695.241,441.168,441.168,388.028,155.691,39.607,332.260,0.000,16.161,0.000,0.000,0.000,0.000
4413,1695.660,424.148,424.148,387.122,155.677,39.011,332.187,0.000,15.924,0.000,0.000,0.000,0.000
4414,1696.080,433.137,433.137,386.226,155.664,38.420,332.116,0.000,15.690,0.000,0.000,0.000,0.000
4415,1696.499,402.411,402.411,385.340,155.651,37.836,332.046,0.000,15.458,0.000,0.000,0.000,0.000
4416,1696.918,418.523,418.523,384.465,155.638,37.259,331.977,0.000,15.229,0.000,0.000,0.000,0.000
4417,1697.338,413.520,413.520,383.601,155.625,36.687,331.910,0.000,15.003,0.000,0.000,0.000,0.000
4418,1697.757,437.003,437.003,382.746,155.612,36.123,331.844,0.000,14.780,0.000,0.000,0.000,0.000
4419,1698.176,400.025,400.025,381.902,155.598,35.564,331.780,0.000,14.559,0.000,0.000,0.000,0.000
4420,1698.596,469.363,469.363,381.069,155.585,35.011,331.717,0.000,14.340,0.000,0.000,0.000,0.000
4421,1699.015,373.627,373.627,380.245,155.572,34.465,331.655,0.000,14.125,0.000,0.000,0.000,0.000
4422,1699.435,398.975,398.975,379.432,155.559,33.925,331.594,0.000,13.912,0.000,0.000,0.000,0.000
4423,1699.854,405.959,405.959,378.628,155.546,33.392,331.535,0.000,13.702,0.000,0.000,0.000,0.000
4424,1700.273,423.567,423.567,377.835,155.533,32.864,331.477,0.000,13.494,0.000,0.000,0.000,0.000
4425,1700.693,416.764,416.764,377.052,155.519,32.343,331.420,0.000,13.289,0.000,0.000,0.000,0.000
4426,1701.112,390.445,390.445,376.278,155.506,31.827,331.365,0.000,13.087,0.000,0.000,0.000,0.000
4427,1701.532,363.202,363.202,375.515,155.493,31.318,331.310,0.000,12.887,0.000,0.000,0.000,0.000
4428,1701.951,396.863,396.863,374.762,155.480,30.815,331.257,0.000,12.690,0.000,0.000,0.000,0.000
4429,1702.370,374.244,374.244,374.018,155.467,30.318,331.205,0.000,12.495,0.000,0.000,0.000,0.000
4430,1702.790,382.392,382.392,373.284,155.453,29.826,331.154,0.000,12.303,0.000,0.000,0.000,0.000
4431,1703.209,343.522,343.522,372.560,155.440,29.341,331.105,0.000,12.114,0.000,0.000,0.000,0.000
4432,1703.629,384.648,384.648,371.845,155.427,28.862,331.056,0.000,11.927,0.000,0.000,0.000,0.000
4433,1704.048,379.899,379.899,371.140,155.414,28.388,331.009,0.000,11.743,0.000,0.000,0.000,0.000
4434,1704.467,378.769,378.769,370.445,155.401,27.921,330.962,0.000,11.562,0.000,0.000,0.000,0.000
4435,1704.887,398.293,398.293,369.759,155.388,27.459,330.917,0.000,11.383,0.000,0.000,0.000,0.000
4436,1705.306,396.113,396.113,369.082,155.374,27.003,330.873,0.000,11.206,0.000,0.000,0.000,0.000
4437,1705.726,385.847,385.847,368.415,155.361,26.553,330.830,0.000,11.032,0.000,0.000,0.000,0.000
4438,1706.145,359.429,359.429,367.757,155.348,26.108,330.788,0.000,10.861,0.000,0.000,0.000,0.000
4439,1706.564,420.325,420.325,367.108,155.335,25.669,330.747,0.000,10.692,0.000,0.000,0.000,0.000
4440,1706.984,379.211,379.211,366.468,155.322,25.236,330.707,0.000,10.526,0.000,0.000,0.000,0.000
4441,1707.403,356.067,356.067,365.838,155.309,24.808,330.667,0.000,10.362,0.000,0.000,0.000,0.000
4442,1707.823,315.308,315.308,365.216,155.295,24.386,330.629,0.000,10.201,0.000,0.000,0.000,0.000
4443,1708.242,384.323,384.323,364.604,155.282,23.970,330.592,0.000,10.042,0.000,0.000,0.000,0.000
4444,1708.661,358.905,358.905,364.000,155.269,23.559,330.556,0.000,9.885,0.000,0.000,0.000,0.000
4445,1709.081,388.115,388.115,363.405,155.256,23.153,330.521,0.000,9.731,0.000,0.000,0.000,0.000
4446,1709.500,373.047,373.047,362.819,155.243,22.753,330.486,0.000,9.580,0.000,0.000,0.000,0.000
4447,1709.919,354.480,354.480,362.242,155.230,22.358,330.453,0.000,9.431,0.000,0.000,0.000,0.000
4448,1710.339,359.215,359.215,361.673,155.216,21.968,330.420,0.000,9.284,0.000,0.000,0.000,0.000
4449,1710.758,338.023,338.023,361.112,155.203,21.584,330.389,0.000,9.140,0.000,0.000,0.000,0.000
4450,1711.178,373.547,373.547,360.560,155.190,21.205,330.358,0.000,8.998,0.000,0.000,0.000,0.000
4451,1711.597,310.606,310.606,360.017,155.177,20.831,330.328,0.000,8.858,0.000,0.000,0.000,0.000
4452,1712.016,364.551,364.551,359.482,155.164,20.463,330.298,0.000,8.721,0.000,0.000,0.000,0.000
4453,1712.436,367.369,367.369,358.955,155.151,20.099,330.270,0.000,8.586,0.000,0.000,0.000,0.000
4454,1712.855,335.983,335.983,358.436,155.137,19.741,330.242,0.000,8.453,0.000,0.000,0.000,0.000
4455,1713.275,382.548,382.548,357.926,155.124,19.387,330.216,0.000,8.323,0.000,0.000,0.000,0.000
4456,1713.694,347.091,347.091,357.288,154.976,19.039,330.055,0.000,8.194,0.000,0.000,0.000,0.000
4457,1714.113,378.717,378.717,356.658,154.828,18.695,329.895,0.000,8.068,0.000,0.000,0.000,0.000
4458,1714.533,343.195,343.195,356.036,154.679,18.356,329.736,0.000,7.944,0.000,0.000,0.000,0.000
4459,1714.952,382.058,382.058,355.422,154.531,18.023,329.578,0.000,7.822,0.000,0.000,0.000,0.000
4460,1715.372,344.301,344.301,354.816,154.383,17.693,329.420,0.000,7.703,0.000,0.000,0.000,0.000
4461,1715.791,342.458,342.458,354.217,154.235,17.369,329.263,0.000,7.585,0.000,0.000,0.000,0.000
4462,1716.210,337.123,337.123,353.626,154.086,17.050,329.106,0.000,7.470,0.000,0.000,0.000,0.000
4463,1716.630,368.303,368.303,353.043,153.938,16.735,328.951,0.000,7.357,0.000,0.000,0.000,0.000
4464,1717.049,336.187,336.187,352.467,153.790,16.425,328.796,0.000,7.246,0.000,0.000,0.000,0.000
4465,1717.468,346.245,346.245,351.898,153.642,16.119,328.641,0.000,7.137,0.000,0.000,0.000,0.000
4466,1717.888,307.371,307.371,351.336,153.493,15.818,328.488,0.000,7.030,0.000,0.000,0.000,0.000
4467,1718.307,333.175,333.175,350.782,153.345,15.522,328.334,0.000,6.926,0.000,0.000,0.000,0.000
4468,1718.727,313.795,313.795,350.235,153.197,15.230,328.182,0.000,6.823,0.000,0.000,0.000,0.000
4469,1719.146,320.140,320.140,349.695,153.048,14.942,328.030,0.000,6.723,0.000,0.000,0.000,0.000
4470,1719.565,343.629,343.629,349.162,152.900,14.659,327.879,0.000,6.624,0.000,0.000,0.000,0.000
4471,1719.985,312.105,312.105,348.636,152.752,14.380,327.728,0.000,6.527,0.000,0.000,0.000,0.000
4472,1720.404,290.931,290.931,348.116,152.604,14.106,327.578,0.000,6.433,0.000,0.000,0.000,0.000
4473,1720.823,335.643,335.643,347.604,152.455,13.836,327.428,0.000,6.340,0.000,0.000,0.000,0.000
4474,1721.243,345.238,345.238,347.098,152.307,13.570,327.279,0.000,6.250,0.000,0.000,0.000,0.000
4475,1721.662,309.526,309.526,346.599,152.159,13.308,327.130,0.000,6.161,0.000,0.000,0.000,0.000
4476,1722.082,352.918,352.918,346.106,152.011,13.050,326.982,0.000,6.074,0.000,0.000,0.000,0.000
4477,1722.501,332.223,332.223,345.620,151.862,12.796,326.834,0.000,5.989,0.000,0.000,0.000,0.000
4478,1722.920,269.361,269.361,345.140,151.714,12.547,326.687,0.000,5.906,0.000,0.000,0.000,0.000
4479,1723.340,335.048,335.048,344.666,151.566,12.301,326.541,0.000,5.824,0.000,0.000,0.000,0.000
4480,1723.759,300.604,300.604,344.199,151.418,12.059,326.394,0.000,5.745,0.000,0.000,0.000,0.000
4481,1724.178,325.921,325.921,343.738,151.269,11.822,326.249,0.000,5.667,0.000,0.000,0.000,0.000
4482,1724.598,321.146,321.146,343.282,151.121,11.588,326.104,0.000,5.591,0.000,0.000,0.000,0.000
4483,1725.017,314.571,314.571,342.833,150.973,11.358,325.959,0.000,5.517,0.000,0.000,0.000,0.000
4484,1725.436,330.929,330.929,342.390,150.824,11.131,325.814,0.000,5.444,0.000,0.000,0.000,0.000
4485,1725.856,324.482,324.482,341.953,150.676,10.909,325.670,0.000,5.374,0.000,0.000,0.000,0.000
4486,1726.275,275.981,275.981,341.521,150.528,10.690,325.527,0.000,5.305,0.000,0.000,0.000,0.000
4487,1726.695,309.655,309.655,341.096,150.380,10.475,325.384,0.000,5.237,0.000,0.000,0.000,0.000
4488,1727.114,296.047,296.047,340.675,150.231,10.263,325.241,0.000,5.171,0.000,0.000,0.000,0.000
4489,1727.533,328.013,328.013,340.261,150.083,10.055,325.099,0.000,5.107,0.000,0.000,0.000,0.000
4490,1727.953,306.587,306.587,339.852,149.935,9.850,324.957,0.000,5.045,0.000,0.000,0.000,0.000
4491,1728.372,260.828,260.828,339.448,149.787,9.649,324.815,0.000,4.984,0.000,0.000,0.000,0.000
4492,1728.791,328.431,328.431,339.050,149.638,9.451,324.674,0.000,4.925,0.000,0.000,0.000,0.000
4493,1729.211,311.302,311.302,338.657,149.490,9.257,324.533,0.000,4.867,0.000,0.000,0.000,0.000
4494,1729.630,315.499,315.499,338.269,149.342,9.066,324.393,0.000,4.811,0.000,0.000,0.000,0.000
4495,1730.049,285.420,285.420,337.887,149.193,8.878,324.252,0.000,4.756,0.000,0.000,0.000,0.000
4496,1730.469,281.106,281.106,337.509,149.045,8.694,324.113,0.000,4.703,0.000,0.000,0.000,0.000
4497,1730.888,315.462,315.462,337.137,148.897,8.513,323.973,0.000,4.651,0.000,0.000,0.000,0.000
4498,1731.307,307.397,307.397,336.769,148.749,8.335,323.834,0.000,4.601,0.000,0.000,0.000,0.000
4499,1731.727,317.605,317.605,336.407,148.600,8.160,323.695,0.000,4.552,0.000,0.000,0.000,0.000
4500,1732.146,302.882,302.882,336.049,148.452,7.988,323.556,0.000,4.504,0.000,0.000,0.000,0.000
4501,1732.565,325.001,325.001,335.696,148.304,7.819,323.418,0.000,4.458,0.000,0.000,0.000,0.000
4502,1732.985,312.751,312.751,335.347,148.156,7.654,323.280,0.000,4.414,0.000,0.000,0.000,0.000
4503,1733.404,298.638,298.638,335.003,148.007,7.491,323.142,0.000,4.370,0.000,0.000,0.000,0.000
4504,1733.823,295.606,295.606,334.664,147.859,7.331,323.005,0.000,4.328,0.000,0.000,0.000,0.000
4505,1734.243,276.771,276.771,334.329,147.711,7.174,322.867,0.000,4.288,0.000,0.000,0.000,0.000
4506,1734.662,299.891,299.891,333.999,147.563,7.020,322.730,0.000,4.248,0.000,0.000,0.000,0.000
4507,1735.081,303.018,303.018,333.673,147.414,6.869,322.594,0.000,4.210,0.000,0.000,0.000,0.000
4508,1735.501,266.926,266.926,333.351,147.266,6.720,322.457,0.000,4.173,0.000,0.000,0.000,0.000
4509,1735.920,305.771,305.771,333.033,147.118,6.574,322.321,0.000,4.138,0.000,0.000,0.000,0.000
4510,1736.339,286.001,286.001,332.720,146.969,6.431,322.185,0.000,4.104,0.000,0.000,0.000,0.000
4511,1736.758,294.191,294.191,332.410,146.821,6.291,322.049,0.000,4.070,0.000,0.000,0.000,0.000
4512,1737.178,274.376,274.376,332.105,146.673,6.153,321.914,0.000,4.038,0.000,0.000,0.000,0.000
4513,1737.597,296.664,296.664,331.804,146.525,6.018,321.778,0.000,4.008,0.000,0.000,0.000,0.000
4514,1738.016,317.310,317.310,331.506,146.376,5.885,321.643,0.000,3.978,0.000,0.000,0.000,0.000
4515,1738.436,299.066,299.066,331.212,146.228,5.755,321.508,0.000,3.949,0.000,0.000,0.000,0.000
4516,1738.855,322.777,322.777,330.923,146.080,5.627,321.373,0.000,3.922,0.000,0.000,0.000,0.000
4517,1739.274,286.752,286.752,330.636,145.932,5.502,321.239,0.000,3.896,0.000,0.000,0.000,0.000
4518,1739.694,339.190,339.190,330.354,145.783,5.379,321.104,0.000,3.871,0.000,0.000,0.000,0.000
4519,1740.113,267.673,267.673,330.075,145.635,5.259,320.970,0.000,3.846,0.000,0.000,0.000,0.000
4520,1740.532,306.138,306.138,329.800,145.487,5.140,320.836,0.000,3.823,0.000,0.000,0.000,0.000
4521,1740.951,294.787,294.787,329.528,145.338,5.024,320.702,0.000,3.801,0.000,0.000,0.000,0.000
4522,1741.371,304.971,304.971,329.260,145.190,4.911,320.569,0.000,3.780,0.000,0.000,0.000,0.000
4523,1741.790,292.307,292.307,328.994,145.042,4.799,320.435,0.000,3.760,0.000,0.000,0.000,0.000
4524,1742.209,299.116,299.116,328.733,144.894,4.690,320.302,0.000,3.741,0.000,0.000,0.000,0.000
4525,1742.628,288.575,288.575,328.474,144.745,4.583,320.169,0.000,3.723,0.000,0.000,0.000,0.000
4526,1743.048,289.649,289.649,328.219,144.597,4.478,320.036,0.000,3.705,0.000,0.000,0.000,0.000
4527,1743.467,292.305,292.305,327.967,144.449,4.375,319.903,0.000,3.689,0.000,0.000,0.000,0.000
4528,1743.886,296.972,296.972,327.718,144.301,4.274,319.770,0.000,3.674,0.000,0.000,0.000,0.000
4529,1744.306,309.299,309.299,327.472,144.152,4.176,319.637,0.000,3.659,0.000,0.000,0.000,0.000
4530,1744.725,329.655,329.655,327.229,144.004,4.079,319.505,0.000,3.645,0.000,0.000,0.000,0.000
4531,1745.144,292.169,292.169,326.989,143.856,3.984,319.372,0.000,3.633,0.000,0.000,0.000,0.000
4532,1745.563,247.621,247.621,326.752,143.708,3.891,319.240,0.000,3.621,0.000,0.000,0.000,0.000
4533,1745.983,282.006,282.006,326.517,143.559,3.800,319.108,0.000,3.609,0.000,0.000,0.000,0.000
4534,1746.402,274.487,274.487,326.286,143.411,3.711,318.976,0.000,3.599,0.000,0.000,0.000,0.000
4535,1746.821,300.212,300.212,326.057,143.263,3.623,318.844,0.000,3.590,0.000,0.000,0.000,0.000
4536,1747.240,264.537,264.537,325.831,143.114,3.538,318.712,0.000,3.581,0.000,0.000,0.000,0.000
4537,1747.659,301.698,301.698,325.608,142.966,3.454,318.581,0.000,3.573,0.000,0.000,0.000,0.000
4538,1748.079,287.882,287.882,325.387,142.818,3.372,318.449,0.000,3.565,0.000,0.000,0.000,0.000
4539,1748.498,238.278,238.278,325.168,142.670,3.292,318.318,0.000,3.559,0.000,0.000,0.000,0.000
4540,1748.917,270.598,270.598,324.953,142.521,3.213,318.187,0.000,3.553,0.000,0.000,0.000,0.000
4541,1749.336,300.032,300.032,324.739,142.373,3.136,318.055,0.000,3.548,0.000,0.000,0.000,0.000
4542,1749.756,270.800,270.800,324.528,142.225,3.061,317.924,0.000,3.543,0.000,0.000,0.000,0.000
4543,1750.175,252.223,252.223,324.320,142.077,2.987,317.793,0.000,3.540,0.000,0.000,0.000,0.000
4544,1750.594,294.411,294.411,324.113,141.928,2.914,317.662,0.000,3.537,0.000,0.000,0.000,0.000
4545,1751.013,323.102,323.102,323.909,141.780,2.844,317.531,0.000,3.534,0.000,0.000,0.000,0.000
4546,1751.432,278.278,278.278,323.707,141.632,2.775,317.400,0.000,3.532,0.000,0.000,0.000,0.000
4547,1751.852,312.435,312.435,323.508,141.483,2.707,317.270,0.000,3.531,0.000,0.000,0.000,0.000
4548,1752.271,316.406,316.406,323.310,141.335,2.641,317.139,0.000,3.530,0.000,0.000,0.000,0.000
4549,1752.690,306.520,306.520,323.115,141.187,2.576,317.009,0.000,3.530,0.000,0.000,0.000,0.000
4550,1753.109,283.574,283.574,322.921,141.039,2.512,316.878,0.000,3.531,0.000,0.000,0.000,0.000
4551,1753.528,274.250,274.250,322.730,140.890,2.450,316.748,0.000,3.532,0.000,0.000,0.000,0.000
4552,1753.948,284.441,284.441,322.540,140.742,2.390,316.617,0.000,3.533,0.000,0.000,0.000,0.000
4553,1754.367,332.991,332.991,322.353,140.594,2.330,316.487,0.000,3.535,0.000,0.000,0.000,0.000
4554,1754.786,304.177,304.177,322.167,140.446,2.272,316.357,0.000,3.538,0.000,0.000,0.000,0.000
4555,1755.205,285.619,285.619,321.984,140.297,2.216,316.227,0.000,3.541,0.000,0.000,0.000,0.000
4556,1755.624,282.695,282.695,321.802,140.149,2.160,316.097,0.000,3.545,0.000,0.000,0.000,0.000
4557,1756.043,269.180,269.180,321.621,140.001,2.106,315.967,0.000,3.549,0.000,0.000,0.000,0.000
4558,1756.463,283.410,283.410,321.443,139.853,2.053,315.837,0.000,3.553,0.000,0.000,0.000,0.000
4559,1756.882,314.222,314.222,321.266,139.704,2.001,315.707,0.000,3.558,0.000,0.000,0.000,0.000
4560,1757.301,295.624,295.624,321.091,139.556,1.950,315.577,0.000,3.564,0.000,0.000,0.000,0.000
4561,1757.720,307.649,307.649,320.918,139.408,1.901,315.447,0.000,3.570,0.000,0.000,0.000,0.000
4562,1758.139,306.690,306.690,320.746,139.259,1.853,315.317,0.000,3.576,0.000,0.000,0.000,0.000
4563,1758.558,266.495,266.495,320.575,139.111,1.805,315.188,0.000,3.582,0.000,0.000,0.000,0.000
4564,1758.977,291.762,291.762,320.407,138.963,1.759,315.058,0.000,3.589,0.000,0.000,0.000,0.000
4565,1759.397,275.680,275.680,320.239,138.815,1.714,314.929,0.000,3.597,0.000,0.000,0.000,0.000
4566,1759.816,331.478,331.478,320.073,138.666,1.670,314.799,0.000,3.605,0.000,0.000,0.000,0.000
4567,1760.235,310.737,310.737,319.909,138.518,1.627,314.670,0.000,3.613,0.000,0.000,0.000,0.000
4568,1760.654,268.746,268.746,319.746,138.370,1.584,314.540,0.000,3.621,0.000,0.000,0.000,0.000
4569,1761.073,314.305,314.305,319.584,138.222,1.543,314.411,0.000,3.630,0.000,0.000,0.000,0.000
4570,1761.492,254.663,254.663,319.424,138.073,1.503,314.281,0.000,3.639,0.000,0.000,0.000,0.000
4571,1761.911,272.197,272.197,319.264,137.925,1.464,314.152,0.000,3.648,0.000,0.000,0.000,0.000
4572,1762.330,324.513,324.513,319.106,137.777,1.426,314.023,0.000,3.658,0.000,0.000,0.000,0.000
4573,1762.750,307.999,307.999,318.950,137.628,1.388,313.893,0.000,3.668,0.000,0.000,0.000,0.000
4574,1763.169,302.581,302.581,318.794,137.480,1.352,313.764,0.000,3.678,0.000,0.000,0.000,0.000
4575,1763.588,309.739,309.739,318.640,137.332,1.316,313.635,0.000,3.689,0.000,0.000,0.000,0.000
4576,1764.007,297.220,297.220,318.487,137.184,1.281,313.506,0.000,3.700,0.000,0.000,0.000,0.000
4577,1764.426,313.798,313.798,318.335,137.035,1.247,313.377,0.000,3.711,0.000,0.000,0.000,0.000
4578,1764.845,303.891,303.891,318.184,136.887,1.214,313.248,0.000,3.722,0.000,0.000,0.000,0.000
4579,1765.264,326.337,326.337,318.033,136.739,1.182,313.119,0.000,3.733,0.000,0.000,0.000,0.000
4580,1765.683,300.155,300.155,317.885,136.591,1.150,312.990,0.000,3.745,0.000,0.000,0.000,0.000
4581,1766.102,302.076,302.076,317.736,136.442,1.119,312.860,0.000,3.757,0.000,0.000,0.000,0.000
4582,1766.521,295.965,295.965,317.589,136.294,1.089,312.732,0.000,3.769,0.000,0.000,0.000,0.000
4583,1766.940,306.851,306.851,317.443,136.146,1.060,312.603,0.000,3.781,0.000,0.000,0.000,0.000
4584,1767.359,314.611,314.611,317.298,135.997,1.031,312.474,0.000,3.793,0.000,0.000,0.000,0.000
4585,1767.778,314.631,314.631,317.154,135.849,1.003,312.345,0.000,3.806,0.000,0.000,0.000,0.000
4586,1768.197,290.559,290.559,317.010,135.701,0.976,312.216,0.000,3.818,0.000,0.000,0.000,0.000
4587,1768.616,305.064,305.064,316.868,135.553,0.949,312.087,0.000,3.831,0.000,0.000,0.000,0.000
4588,1769.035,295.739,295.739,316.726,135.404,0.924,311.958,0.000,3.844,0.000,0.000,0.000,0.000
4589,1769.455,334.567,334.567,316.585,135.256,0.898,311.829,0.000,3.857,0.000,0.000,0.000,0.000
4590,1769.874,321.473,321.473,316.444,135.108,0.874,311.701,0.000,3.870,0.000,0.000,0.000,0.000
4591,1770.293,289.841,289.841,316.305,134.960,0.850,311.572,0.000,3.884,0.000,0.000,0.000,0.000
4592,1770.712,306.618,306.618,316.166,134.811,0.826,311.443,0.000,3.897,0.000,0.000,0.000,0.000
4593,1771.131,339.149,339.149,316.028,134.663,0.803,311.314,0.000,3.910,0.000,0.000,0.000,0.000
4594,1771.550,281.897,281.897,315.890,134.515,0.781,311.185,0.000,3.924,0.000,0.000,0.000,0.000
4595,1771.969,327.597,327.597,315.754,134.367,0.759,311.057,0.000,3.937,0.000,0.000,0.000,0.000
4596,1772.388,341.600,341.600,315.617,134.218,0.738,310.928,0.000,3.951,0.000,0.000,0.000,0.000
4597,1772.807,325.494,325.494,315.482,134.070,0.718,310.799,0.000,3.965,0.000,0.000,0.000,0.000
4598,1773.226,334.029,334.029,315.347,133.922,0.698,310.671,0.000,3.978,0.000,0.000,0.000,0.000
4599,1773.645,340.257,340.257,315.212,133.773,0.678,310.542,0.000,3.992,0.000,0.000,0.000,0.000
4600,1774.063,293.538,293.538,315.078,133.625,0.659,310.413,0.000,4.006,0.000,0.000,0.000,0.000
4601,1774.482,323.976,323.976,314.945,133.477,0.640,310.285,0.000,4.020,0.000,0.000,0.000,0.000
4602,1774.901,369.839,369.839,314.812,133.329,0.622,310.156,0.000,4.033,0.000,0.000,0.000,0.000
4603,1775.320,360.073,360.073,314.679,133.180,0.605,310.027,0.000,4.047,0.000,0.000,0.000,0.000
4604,1775.739,346.738,346.738,314.547,133.032,0.587,309.899,0.000,4.061,0.000,0.000,0.000,0.000
4605,1776.158,317.961,317.961,314.415,132.884,0.571,309.770,0.000,4.075,0.000,0.000,0.000,0.000
4606,1776.577,332.565,332.565,314.284,132.736,0.554,309.642,0.000,4.088,0.000,0.000,0.000,0.000
4607,1776.996,357.503,357.503,314.154,132.587,0.539,309.513,0.000,4.102,0.000,0.000,0.000,0.000
4608,1777.415,357.701,357.701,314.023,132.439,0.523,309.384,0.000,4.116,0.000,0.000,0.000,0.000
4609,1777.834,337.475,337.475,313.893,132.291,0.508,309.256,0.000,4.129,0.000,0.000,0.000,0.000
4610,1778.253,321.204,321.204,313.763,132.142,0.493,309.127,0.000,4.143,0.000,0.000,0.000,0.000
4611,1778.672,350.419,350.419,313.634,131.994,0.479,308.999,0.000,4.156,0.000,0.000,0.000,0.000
4612,1779.091,326.533,326.533,313.505,131.846,0.465,308.870,0.000,4.170,0.000,0.000,0.000,0.000
4613,1779.510,307.426,307.426,313.376,131.698,0.452,308.741,0.000,4.183,0.000,0.000,0.000,0.000
4614,1779.929,363.774,363.774,313.248,131.549,0.439,308.613,0.000,4.196,0.000,0.000,0.000,0.000
4615,1780.347,356.438,356.438,313.119,131.401,0.426,308.484,0.000,4.209,0.000,0.000,0.000,0.000
4616,1780.766,350.364,350.364,312.992,131.253,0.413,308.356,0.000,4.222,0.000,0.000,0.000,0.000
4617,1781.185,318.389,318.389,312.864,131.105,0.401,308.227,0.000,4.235,0.000,0.000,0.000,0.000
4618,1781.604,341.870,341.870,312.736,130.956,0.389,308.099,0.000,4.248,0.000,0.000,0.000,0.000
4619,1782.023,360.821,360.821,312.609,130.808,0.378,307.970,0.000,4.261,0.000,0.000,0.000,0.000
4620,1782.442,335.205,335.205,312.482,130.660,0.367,307.841,0.000,4.274,0.000,0.000,0.000,0.000
4621,1782.861,332.288,332.288,312.355,130.512,0.356,307.713,0.000,4.286,0.000,0.000,0.000,0.000
4622,1783.279,331.069,331.069,312.228,130.363,0.345,307.584,0.000,4.298,0.000,0.000,0.000,0.000
4623,1783.698,367.261,367.261,312.101,130.215,0.335,307.455,0.000,4.311,0.000,0.000,0.000,0.000
4624,1784.117,364.221,364.221,311.975,130.067,0.325,307.327,0.000,4.323,0.000,0.000,0.000,0.000
4625,1784.536,338.581,338.581,311.848,129.918,0.315,307.198,0.000,4.335,0.000,0.000,0.000,0.000
4626,1784.955,325.835,325.835,311.722,129.770,0.306,307.070,0.000,4.346,0.000,0.000,0.000,0.000
4627,1785.374,386.574,386.574,311.596,129.622,0.297,306.941,0.000,4.358,0.000,0.000,0.000,0.000
4628,1785.792,351.240,351.240,311.470,129.474,0.288,306.812,0.000,4.369,0.000,0.000,0.000,0.000
4629,1786.211,370.462,370.462,311.344,129.325,0.279,306.684,0.000,4.381,0.000,0.000,0.000,0.000
4630,1786.630,349.419,349.419,311.218,129.177,0.271,306.555,0.000,4.392,0.000,0.000,0.000,0.000
4631,1787.049,364.545,364.545,311.092,129.029,0.263,306.426,0.000,4.403,0.000,0.000,0.000,0.000
4632,1787.468,358.167,358.167,310.966,128.881,0.255,306.297,0.000,4.413,0.000,0.000,0.000,0.000
4633,1787.886,392.000,392.000,310.840,128.732,0.247,306.169,0.000,4.424,0.000,0.000,0.000,0.000
4634,1788.305,366.690,366.690,310.714,128.584,0.239,306.040,0.000,4.434,0.000,0.000,0.000,0.000
4635,1788.724,343.053,343.053,310.588,128.436,0.232,305.911,0.000,4.444,0.000,0.000,0.000,0.000
4636,1789.143,353.391,353.391,310.462,128.287,0.225,305.782,0.000,4.454,0.000,0.000,0.000,0.000
4637,1789.562,340.006,340.006,310.336,128.139,0.218,305.654,0.000,4.464,0.000,0.000,0.000,0.000
4638,1789.980,380.312,380.312,310.210,127.991,0.211,305.525,0.000,4.474,0.000,0.000,0.000,0.000
4639,1790.399,366.387,366.387,310.084,127.843,0.205,305.396,0.000,4.483,0.000,0.000,0.000,0.000
4640,1790.818,347.398,347.398,309.958,127.694,0.199,305.267,0.000,4.492,0.000,0.000,0.000,0.000
4641,1791.236,381.656,381.656,309.831,127.546,0.192,305.138,0.000,4.501,0.000,0.000,0.000,0.000
4642,1791.655,354.655,354.655,309.705,127.398,0.186,305.009,0.000,4.509,0.000,0.000,0.000,0.000
4643,1792.074,384.450,384.450,309.579,127.250,0.181,304.880,0.000,4.518,0.000,0.000,0.000,0.000
4644,1792.493,339.890,339.890,309.452,127.101,0.175,304.751,0.000,4.526,0.000,0.000,0.000,0.000
4645,1792.911,348.131,348.131,309.326,126.953,0.170,304.623,0.000,4.534,0.000,0.000,0.000,0.000
4646,1793.330,377.589,377.589,309.199,126.805,0.164,304.494,0.000,4.541,0.000,0.000,0.000,0.000
4647,1793.749,385.958,385.958,309.072,126.657,0.159,304.364,0.000,4.548,0.000,0.000,0.000,0.000
4648,1794.167,378.513,378.513,308.945,126.508,0.154,304.235,0.000,4.556,0.000,0.000,0.000,0.000
4649,1794.586,372.081,372.081,308.818,126.360,0.149,304.106,0.000,4.562,0.000,0.000,0.000,0.000
4650,1795.005,374.011,374.011,308.691,126.212,0.145,303.977,0.000,4.569,0.000,0.000,0.000,0.000
4651,1795.423,386.266,386.266,308.563,126.063,0.140,303.848,0.000,4.575,0.000,0.000,0.000,0.000
4652,1795.842,364.871,364.871,308.436,125.915,0.136,303.719,0.000,4.581,0.000,0.000,0.000,0.000
4653,1796.261,353.658,353.658,308.308,125.767,0.131,303.590,0.000,4.587,0.000,0.000,0.000,0.000
4654,1796.679,367.740,367.740,308.180,125.619,0.127,303.460,0.000,4.593,0.000,0.000,0.000,0.000
4655,1797.098,335.520,335.520,308.052,125.470,0.123,303.331,0.000,4.598,0.000,0.000,0.000,0.000
4656,1797.517,373.083,373.083,307.924,125.322,0.119,303.202,0.000,4.603,0.000,0.000,0.000,0.000
4657,1797.935,378.527,378.527,307.795,125.174,0.115,303.072,0.000,4.608,0.000,0.000,0.000,0.000
4658,1798.354,351.924,351.924,307.667,125.026,0.112,302.943,0.000,4.612,0.000,0.000,0.000,0.000
4659,1798.773,365.162,365.162,307.538,124.877,0.108,302.814,0.000,4.616,0.000,0.000,0.000,0.000
4660,1799.191,388.243,388.243,307.408,124.729,0.105,302.684,0.000,4.620,0.000,0.000,0.000,0.000
4661,1799.610,380.156,380.156,307.279,124.581,0.101,302.555,0.000,4.623,0.000,0.000,0.000,0.000
4662,1800.028,433.621,433.621,307.149,124.432,0.098,302.425,0.000,4.627,0.000,0.000,0.000,0.000
4663,1800.447,419.179,419.179,307.020,124.284,0.095,302.295,0.000,4.630,0.000,0.000,0.000,0.000
4664,1800.865,381.391,381.391,306.889,124.136,0.092,302.166,0.000,4.632,0.000,0.000,0.000,0.000
4665,1801.284,400.039,400.039,306.759,123.988,0.089,302.036,0.000,4.634,0.000,0.000,0.000,0.000
4666,1801.703,332.267,332.267,306.629,123.839,0.086,301.906,0.000,4.637,0.000,0.000,0.000,0.000
4667,1802.121,350.333,350.333,306.498,123.691,0.083,301.776,0.000,4.638,0.000,0.000,0.000,0.000
4668,1802.540,323.407,323.407,306.367,123.543,0.080,301.647,0.000,4.640,0.000,0.000,0.000,0.000
4669,1802.958,334.234,334.234,306.235,123.395,0.078,301.517,0.000,4.641,0.000,0.000,0.000,0.000
4670,1803.377,364.476,364.476,306.103,123.246,0.075,301.387,0.000,4.642,0.000,0.000,0.000,0.000
4671,1803.795,364.492,364.492,305.971,123.098,0.073,301.257,0.000,4.642,0.000,0.000,0.000,0.000
4672,1804.214,378.283,378.283,305.839,122.950,0.070,301.127,0.000,4.642,0.000,0.000,0.000,0.000
4673,1804.632,363.197,363.197,305.707,122.802,0.068,300.997,0.000,4.642,0.000,0.000,0.000,0.000
4674,1805.051,415.477,415.477,305.574,122.653,0.066,300.866,0.000,4.642,0.000,0.000,0.000,0.000
4675,1805.469,379.565,379.565,305.441,122.505,0.063,300.736,0.000,4.641,0.000,0.000,0.000,0.000
4676,1805.888,406.361,406.361,305.307,122.357,0.061,300.606,0.000,4.640,0.000,0.000,0.000,0.000
4677,1806.306,362.733,362.733,305.173,122.208,0.059,300.475,0.000,4.639,0.000,0.000,0.000,0.000
4678,1806.725,416.814,416.814,305.039,122.060,0.057,300.345,0.000,4.637,0.000,0.000,0.000,0.000
4679,1807.143,436.763,436.763,304.905,121.912,0.055,300.215,0.000,4.635,0.000,0.000,0.000,0.000
4680,1807.562,409.544,409.544,304.770,121.764,0.054,300.084,0.000,4.633,0.000,0.000,0.000,0.000
4681,1807.980,394.977,394.977,304.635,121.615,0.052,299.953,0.000,4.630,0.000,0.000,0.000,0.000
4682,1808.398,403.712,403.712,304.500,121.467,0.050,299.823,0.000,4.627,0.000,0.000,0.000,0.000
4683,1808.817,402.317,402.317,304.364,121.319,0.048,299.692,0.000,4.624,0.000,0.000,0.000,0.000
4684,1809.235,385.115,385.115,304.228,121.171,0.047,299.561,0.000,4.620,0.000,0.000,0.000,0.000
4685,1809.654,400.116,400.116,304.092,121.022,0.045,299.430,0.000,4.617,0.000,0.000,0.000,0.000
4686,1810.072,422.079,422.079,303.955,120.874,0.044,299.299,0.000,4.612,0.000,0.000,0.000,0.000
4687,1810.491,339.774,339.774,303.818,120.726,0.042,299.168,0.000,4.608,0.000,0.000,0.000,0.000
4688,1810.909,394.397,394.397,303.681,120.577,0.041,299.037,0.000,4.603,0.000,0.000,0.000,0.000
4689,1811.327,429.470,429.470,303.543,120.429,0.039,298.906,0.000,4.598,0.000,0.000,0.000,0.000
4690,1811.746,379.793,379.793,303.405,120.281,0.038,298.775,0.000,4.593,0.000,0.000,0.000,0.000
4691,1812.164,405.625,405.625,303.267,120.133,0.037,298.643,0.000,4.587,0.000,0.000,0.000,0.000
4692,1812.582,394.858,394.858,303.128,119.984,0.035,298.512,0.000,4.581,0.000,0.000,0.000,0.000
4693,1813.001,394.980,394.980,302.989,119.836,0.034,298.381,0.000,4.574,0.000,0.000,0.000,0.000
4694,1813.419,373.339,373.339,302.850,119.688,0.033,298.249,0.000,4.568,0.000,0.000,0.000,0.000
4695,1813.837,396.985,396.985,302.710,119.540,0.032,298.117,0.000,4.561,0.000,0.000,0.000,0.000
4696,1814.256,364.480,364.480,302.570,119.391,0.031,297.986,0.000,4.553,0.000,0.000,0.000,0.000
4697,1814.674,396.893,396.893,302.429,119.243,0.030,297.854,0.000,4.546,0.000,0.000,0.000,0.000
4698,1815.092,400.027,400.027,302.288,119.095,0.029,297.722,0.000,4.538,0.000,0.000,0.000,0.000
4699,1815.511,383.685,383.685,302.147,118.947,0.028,297.590,0.000,4.530,0.000,0.000,0.000,0.000
4700,1815.929,404.385,404.385,302.006,118.798,0.027,297.458,0.000,4.521,0.000,0.000,0.000,0.000
4701,1816.347,421.364,421.364,301.864,118.650,0.026,297.326,0.000,4.512,0.000,0.000,0.000,0.000
4702,1816.766,368.529,368.529,301.721,118.502,0.025,297.193,0.000,4.503,0.000,0.000,0.000,0.000
4703,1817.184,407.482,407.482,301.579,118.353,0.024,297.061,0.000,4.494,0.000,0.000,0.000,0.000
4704,1817.602,379.247,379.247,301.436,118.205,0.023,296.929,0.000,4.484,0.000,0.000,0.000,0.000
4705,1818.020,385.295,385.295,301.292,118.057,0.022,296.796,0.000,4.474,0.000,0.000,0.000,0.000
4706,1818.439,408.410,408.410,301.148,117.909,0.022,296.663,0.000,4.464,0.000,0.000,0.000,0.000
4707,1818.857,390.587,390.587,301.004,117.760,0.021,296.531,0.000,4.453,0.000,0.000,0.000,0.000
4708,1819.275,419.443,419.443,300.860,117.612,0.020,296.398,0.000,4.442,0.000,0.000,0.000,0.000
4709,1819.693,374.672,374.672,300.715,117.464,0.019,296.265,0.000,4.431,0.000,0.000,0.000,0.000
4710,1820.111,393.975,393.975,300.570,117.316,0.019,296.132,0.000,4.419,0.000,0.000,0.000,0.000
4711,1820.530,375.085,375.085,300.424,117.167,0.018,295.999,0.000,4.407,0.000,0.000,0.000,0.000
4712,1820.948,398.869,398.869,300.278,117.019,0.017,295.865,0.000,4.395,0.000,0.000,0.000,0.000
4713,1821.366,422.848,422.848,300.132,116.871,0.017,295.732,0.000,4.383,0.000,0.000,0.000,0.000
4714,1821.784,405.912,405.912,299.985,116.722,0.016,295.598,0.000,4.370,0.000,0.000,0.000,0.000
4715,1822.202,441.140,441.140,299.838,116.574,0.016,295.465,0.000,4.358,0.000,0.000,0.000,0.000
4716,1822.620,387.094,387.094,299.691,116.426,0.015,295.331,0.000,4.344,0.000,0.000,0.000,0.000
4717,1823.039,438.560,438.560,299.543,116.278,0.014,295.197,0.000,4.331,0.000,0.000,0.000,0.000
4718,1823.457,400.585,400.585,299.395,116.129,0.014,295.063,0.000,4.317,0.000,0.000,0.000,0.000
4719,1823.875,451.133,451.133,299.246,115.981,0.013,294.929,0.000,4.303,0.000,0.000,0.000,0.000
4720,1824.293,421.696,421.696,299.097,115.833,0.013,294.795,0.000,4.289,0.000,0.000,0.000,0.000
4721,1824.711,397.129,397.129,298.948,115.685,0.013,294.661,0.000,4.274,0.000,0.000,0.000,0.000
4722,1825.129,378.174,378.174,298.798,115.536,0.012,294.527,0.000,4.260,0.000,0.000,0.000,0.000
4723,1825.547,389.972,389.972,298.648,115.388,0.012,294.392,0.000,4.245,0.000,0.000,0.000,0.000
4724,1825.965,388.351,388.351,298.498,115.240,0.011,294.257,0.000,4.229,0.000,0.000,0.000,0.000
4725,1826.383,392.381,392.381,298.347,115.092,0.011,294.123,0.000,4.214,0.000,0.000,0.000,0.000
4726,1826.801,423.237,423.237,298.196,114.943,0.010,293.988,0.000,4.198,0.000,0.000,0.000,0.000
4727,1827.219,411.244,411.244,298.045,114.795,0.010,293.853,0.000,4.182,0.000,0.000,0.000,0.000
4728,1827.637,394.092,394.092,297.893,114.647,0.010,293.718,0.000,4.166,0.000,0.000,0.000,0.000
4729,1828.055,346.204,346.204,297.741,114.498,0.009,293.582,0.000,4.149,0.000,0.000,0.000,0.000
4730,1828.473,409.954,409.954,297.589,114.350,0.009,293.447,0.000,4.133,0.000,0.000,0.000,0.000
4731,1828.891,414.534,414.534,297.436,114.202,0.009,293.311,0.000,4.116,0.000,0.000,0.000,0.000
4732,1829.309,384.214,384.214,297.283,114.054,0.008,293.176,0.000,4.098,0.000,0.000,0.000,0.000
4733,1829.727,372.250,372.250,297.129,113.905,0.008,293.040,0.000,4.081,0.000,0.000,0.000,0.000
4734,1830.145,391.172,391.172,296.975,113.757,0.008,292.904,0.000,4.063,0.000,0.000,0.000,0.000
4735,1830.563,414.286,414.286,296.821,113.609,0.007,292.768,0.000,4.046,0.000,0.000,0.000,0.000
4736,1830.981,416.509,416.509,296.666,113.461,0.007,292.632,0.000,4.027,0.000,0.000,0.000,0.000
4737,1831.399,385.928,385.928,296.512,113.312,0.007,292.495,0.000,4.009,0.000,0.000,0.000,0.000
4738,1831.817,368.484,368.484,296.356,113.164,0.007,292.359,0.000,3.991,0.000,0.000,0.000,0.000
4739,1832.235,425.200,425.200,296.201,113.016,0.006,292.222,0.000,3.972,0.000,0.000,0.000,0.000
4740,1832.653,374.623,374.623,296.045,112.867,0.006,292.086,0.000,3.953,0.000,0.000,0.000,0.000
4741,1833.071,379.860,379.860,295.889,112.719,0.006,291.949,0.000,3.934,0.000,0.000,0.000,0.000
4742,1833.489,381.116,381.116,295.732,112.571,0.006,291.812,0.000,3.915,0.000,0.000,0.000,0.000
4743,1833.907,395.509,395.509,295.575,112.423,0.005,291.674,0.000,3.895,0.000,0.000,0.000,0.000
4744,1834.325,369.114,369.114,295.418,112.274,0.005,291.537,0.000,3.876,0.000,0.000,0.000,0.000
4745,1834.743,367.277,367.277,295.260,112.126,0.005,291.400,0.000,3.856,0.000,0.000,0.000,0.000
4746,1835.160,354.241,354.241,295.103,111.978,0.005,291.262,0.000,3.836,0.000,0.000,0.000,0.000
4747,1835.578,380.010,380.010,294.944,111.830,0.005,291.124,0.000,3.815,0.000,0.000,0.000,0.000
4748,1835.996,382.645,382.645,294.786,111.681,0.005,290.986,0.000,3.795,0.000,0.000,0.000,0.000
4749,1836.414,369.266,369.266,294.627,111.533,0.004,290.848,0.000,3.775,0.000,0.000,0.000,0.000
4750,1836.832,390.861,390.861,294.468,111.385,0.004,290.710,0.000,3.754,0.000,0.000,0.000,0.000
4751,1837.250,381.348,381.348,294.308,111.236,0.004,290.571,0.000,3.733,0.000,0.000,0.000,0.000
4752,1837.667,344.962,344.962,294.149,111.088,0.004,290.433,0.000,3.712,0.000,0.000,0.000,0.000
4753,1838.085,342.032,342.032,293.989,110.940,0.004,290.294,0.000,3.691,0.000,0.000,0.000,0.000
4754,1838.503,360.860,360.860,293.828,110.792,0.004,290.155,0.000,3.669,0.000,0.000,0.000,0.000
4755,1838.921,398.939,398.939,293.668,110.643,0.003,290.016,0.000,3.648,0.000,0.000,0.000,0.000
4756,1839.338,372.456,372.456,293.507,110.495,0.003,289.877,0.000,3.626,0.000,0.000,0.000,0.000
4757,1839.756,382.684,382.684,293.345,110.347,0.003,289.737,0.000,3.605,0.000,0.000,0.000,0.000
4758,1840.174,411.468,411.468,293.184,110.199,0.003,289.598,0.000,3.583,0.000,0.000,0.000,0.000
4759,1840.592,358.205,358.205,293.022,110.050,0.003,289.458,0.000,3.561,0.000,0.000,0.000,0.000
4760,1841.009,317.788,317.788,292.860,109.902,0.003,289.318,0.000,3.539,0.000,0.000,0.000,0.000
4761,1841.427,381.293,381.293,292.697,109.754,0.003,289.178,0.000,3.516,0.000,0.000,0.000,0.000
4762,1841.845,402.237,402.237,292.534,109.606,0.003,289.038,0.000,3.494,0.000,0.000,0.000,0.000
4763,1842.262,360.318,360.318,292.371,109.457,0.003,288.898,0.000,3.471,0.000,0.000,0.000,0.000
4764,1842.680,403.537,403.537,292.208,109.309,0.002,288.757,0.000,3.449,0.000,0.000,0.000,0.000
4765,1843.098,374.892,374.892,292.045,109.161,0.002,288.616,0.000,3.426,0.000,0.000,0.000,0.000
4766,1843.515,342.032,342.032,291.881,109.012,0.002,288.475,0.000,3.403,0.000,0.000,0.000,0.000
4767,1843.933,381.923,381.923,291.717,108.864,0.002,288.334,0.000,3.380,0.000,0.000,0.000,0.000
4768,1844.351,353.897,353.897,291.552,108.716,0.002,288.193,0.000,3.357,0.000,0.000,0.000,0.000
4769,1844.768,347.663,347.663,291.388,108.568,0.002,288.051,0.000,3.334,0.000,0.000,0.000,0.000
4770,1845.186,353.085,353.085,291.223,108.419,0.002,287.910,0.000,3.311,0.000,0.000,0.000,0.000
4771,1845.604,323.788,323.788,291.058,108.271,0.002,287.768,0.000,3.288,0.000,0.000,0.000,0.000
4772,1846.021,362.642,362.642,290.892,108.123,0.002,287.626,0.000,3.265,0.000,0.000,0.000,0.000
4773,1846.439,363.127,363.127,290.726,107.975,0.002,287.484,0.000,3.241,0.000,0.000,0.000,0.000
4774,1846.856,338.730,338.730,290.560,107.826,0.002,287.341,0.000,3.218,0.000,0.000,0.000,0.000
4775,1847.274,335.022,335.022,290.394,107.678,0.002,287.199,0.000,3.194,0.000,0.000,0.000,0.000
4776,1847.691,385.047,385.047,290.228,107.530,0.001,287.056,0.000,3.171,0.000,0.000,0.000,0.000
4777,1848.109,372.012,372.012,290.061,107.381,0.001,286.913,0.000,3.147,0.000,0.000,0.000,0.000
4778,1848.526,350.414,350.414,289.894,107.233,0.001,286.770,0.000,3.123,0.000,0.000,0.000,0.000
4779,1848.944,366.413,366.413,289.727,107.085,0.001,286.626,0.000,3.099,0.000,0.000,0.000,0.000
4780,1849.361,371.704,371.704,289.560,106.937,0.001,286.483,0.000,3.076,0.000,0.000,0.000,0.000
4781,1849.779,324.123,324.123,289.392,106.788,0.001,286.339,0.000,3.052,0.000,0.000,0.000,0.000
4782,1850.196,346.980,346.980,289.224,106.640,0.001,286.195,0.000,3.028,0.000,0.000,0.000,0.000
4783,1850.614,355.590,355.590,289.056,106.492,0.001,286.051,0.000,3.004,0.000,0.000,0.000,0.000
4784,1851.031,347.550,347.550,288.888,106.344,0.001,285.907,0.000,2.980,0.000,0.000,0.000,0.000
4785,1851.449,350.178,350.178,288.719,106.195,0.001,285.762,0.000,2.956,0.000,0.000,0.000,0.000
4786,1851.866,322.366,322.366,288.550,106.047,0.001,285.617,0.000,2.932,0.000,0.000,0.000,0.000
4787,1852.284,322.206,322.206,288.381,105.899,0.001,285.473,0.000,2.908,0.000,0.000,0.000,0.000
4788,1852.701,332.394,332.394,288.212,105.751,0.001,285.327,0.000,2.884,0.000,0.000,0.000,0.000
4789,1853.118,357.025,357.025,288.043,105.602,0.001,285.182,0.000,2.860,0.000,0.000,0.000,0.000
4790,1853.536,333.013,333.013,287.873,105.454,0.001,285.037,0.000,2.836,0.000,0.000,0.000,0.000
4791,1853.953,322.379,322.379,287.703,105.306,0.001,284.891,0.000,2.811,0.000,0.000,0.000,0.000
4792,1854.370,312.529,312.529,287.533,105.157,0.001,284.745,0.000,2.787,0.000,0.000,0.000,0.000
4793,1854.788,314.008,314.008,287.363,105.009,0.001,284.599,0.000,2.763,0.000,0.000,0.000,0.000
4794,1855.205,337.278,337.278,287.192,104.861,0.001,284.452,0.000,2.739,0.000,0.000,0.000,0.000
4795,1855.622,307.458,307.458,287.022,104.713,0.001,284.306,0.000,2.715,0.000,0.000,0.000,0.000
4796,1856.040,316.874,316.874,286.851,104.564,0.001,284.159,0.000,2.691,0.000,0.000,0.000,0.000
4797,1856.457,347.541,347.541,286.680,104.416,0.001,284.012,0.000,2.667,0.000,0.000,0.000,0.000
4798,1856.874,345.198,345.198,286.509,104.268,0.001,283.865,0.000,2.643,0.000,0.000,0.000,0.000
4799,1857.292,321.347,321.347,286.337,104.120,0.001,283.718,0.000,2.619,0.000,0.000,0.000,0.000
4800,1857.709,325.716,325.716,286.166,103.971,0.001,283.570,0.000,2.595,0.000,0.000,0.000,0.000
4801,1858.126,327.976,327.976,285.994,103.823,0.001,283.422,0.000,2.571,0.000,0.000,0.000,0.000
4802,1858.543,309.569,309.569,285.822,103.675,0.001,283.274,0.000,2.547,0.000,0.000,0.000,0.000
4803,1858.961,328.805,328.805,285.650,103.526,0.000,283.126,0.000,2.523,0.000,0.000,0.000,0.000
4804,1859.378,333.255,333.255,285.477,103.378,0.000,282.977,0.000,2.499,0.000,0.000,0.000,0.000
4805,1859.795,311.172,311.172,285.305,103.230,0.000,282.829,0.000,2.476,0.000,0.000,0.000,0.000
4806,1860.212,284.607,284.607,285.132,103.082,0.000,282.680,0.000,2.452,0.000,0.000,0.000,0.000
4807,1860.629,314.862,314.862,284.959,102.933,0.000,282.531,0.000,2.428,0.000,0.000,0.000,0.000
4808,1861.047,349.136,349.136,284.786,102.785,0.000,282.381,0.000,2.404,0.000,0.000,0.000,0.000
4809,1861.464,337.974,337.974,284.613,102.637,0.000,282.232,0.000,2.381,0.000,0.000,0.000,0.000
4810,1861.881,323.070,323.070,284.440,102.489,0.000,282.082,0.000,2.357,0.000,0.000,0.000,0.000
4811,1862.298,327.563,327.563,284.266,102.340,0.000,281.932,0.000,2.334,0.000,0.000,0.000,0.000
4812,1862.715,290.824,290.824,284.093,102.192,0.000,281.782,0.000,2.310,0.000,0.000,0.000,0.000
4813,1863.132,307.284,307.284,283.919,102.044,0.000,281.632,0.000,2.287,0.000,0.000,0.000,0.000
4814,1863.549,318.971,318.971,283.745,101.896,0.000,281.481,0.000,2.264,0.000,0.000,0.000,0.000
4815,1863.966,343.202,343.202,283.571,101.747,0.000,281.330,0.000,2.240,0.000,0.000,0.000,0.000
4816,1864.383,345.742,345.742,283.396,101.599,0.000,281.179,0.000,2.217,0.000,0.000,0.000,0.000
4817,1864.800,315.911,315.911,283.222,101.451,0.000,281.028,0.000,2.194,0.000,0.000,0.000,0.000
4818,1865.217,307.568,307.568,283.047,101.302,0.000,280.876,0.000,2.171,0.000,0.000,0.000,0.000
4819,1865.634,315.170,315.170,282.873,101.154,0.000,280.724,0.000,2.148,0.000,0.000,0.000,0.000
4820,1866.051,315.259,315.259,282.698,101.006,0.000,280.572,0.000,2.125,0.000,0.000,0.000,0.000
4821,1866.468,320.697,320.697,282.523,100.858,0.000,280.420,0.000,2.103,0.000,0.000,0.000,0.000
4822,1866.885,276.955,276.955,282.348,100.709,0.000,280.268,0.000,2.080,0.000,0.000,0.000,0.000
4823,1867.302,297.602,297.602,282.173,100.561,0.000,280.115,0.000,2.057,0.000,0.000,0.000,0.000
4824,1867.719,309.888,309.888,281.997,100.413,0.000,279.962,0.000,2.035,0.000,0.000,0.000,0.000
4825,1868.136,318.127,318.127,281.822,100.265,0.000,279.809,0.000,2.012,0.000,0.000,0.000,0.000
4826,1868.553,296.426,296.426,281.646,100.116,0.000,279.656,0.000,1.990,0.000,0.000,0.000,0.000
4827,1868.970,314.003,314.003,281.470,99.968,0.000,279.502,0.000,1.968,0.000,0.000,0.000,0.000
4828,1869.387,283.608,283.608,281.294,99.820,0.000,279.348,0.000,1.946,0.000,0.000,0.000,0.000
4829,1869.804,273.886,273.886,281.118,99.671,0.000,279.194,0.000,1.924,0.000,0.000,0.000,0.000
4830,1870.221,275.582,275.582,280.942,99.523,0.000,279.040,0.000,1.902,0.000,0.000,0.000,0.000
4831,1870.638,287.065,287.065,280.766,99.375,0.000,278.886,0.000,1.880,0.000,0.000,0.000,0.000
4832,1871.055,339.714,339.714,280.590,99.227,0.000,278.731,0.000,1.859,0.000,0.000,0.000,0.000
4833,1871.471,328.839,328.839,280.413,99.078,0.000,278.576,0.000,1.837,0.000,0.000,0.000,0.000
4834,1871.888,278.875,278.875,280.237,98.930,0.000,278.421,0.000,1.816,0.000,0.000,0.000,0.000
4835,1872.305,322.283,322.283,280.060,98.782,0.000,278.266,0.000,1.794,0.000,0.000,0.000,0.000
4836,1872.722,285.219,285.219,279.883,98.634,0.000,278.110,0.000,1.773,0.000,0.000,0.000,0.000
4837,1873.139,280.676,280.676,279.706,98.485,0.000,277.954,0.000,1.752,0.000,0.000,0.000,0.000
4838,1873.555,300.601,300.601,279.529,98.337,0.000,277.798,0.000,1.731,0.000,0.000,0.000,0.000
4839,1873.972,263.279,263.279,279.352,98.189,0.000,277.642,0.000,1.710,0.000,0.000,0.000,0.000
4840,1874.389,300.233,300.233,279.175,98.041,0.000,277.485,0.000,1.689,0.000,0.000,0.000,0.000
4841,1874.806,271.601,271.601,278.998,97.892,0.000,277.329,0.000,1.669,0.000,0.000,0.000,0.000
4842,1875.222,287.119,287.119,278.820,97.744,0.000,277.172,0.000,1.648,0.000,0.000,0.000,0.000
4843,1875.639,293.761,293.761,278.643,97.596,0.000,277.014,0.000,1.628,0.000,0.000,0.000,0.000
4844,1876.056,304.209,304.209,278.465,97.447,0.000,276.857,0.000,1.608,0.000,0.000,0.000,0.000
4845,1876.473,301.852,301.852,278.287,97.299,0.000,276.699,0.000,1.588,0.000,0.000,0.000,0.000
4846,1876.889,283.441,283.441,278.109,97.151,0.000,276.541,0.000,1.568,0.000,0.000,0.000,0.000
4847,1877.306,304.480,304.480,277.932,97.003,0.000,276.383,0.000,1.548,0.000,0.000,0.000,0.000
4848,1877.723,287.524,287.524,277.754,96.854,0.000,276.225,0.000,1.528,0.000,0.000,0.000,0.000
4849,1878.139,276.320,276.320,277.575,96.706,0.000,276.067,0.000,1.509,0.000,0.000,0.000,0.000
4850,1878.556,271.075,271.075,277.397,96.558,0.000,275.908,0.000,1.490,0.000,0.000,0.000,0.000
4851,1878.972,250.960,250.960,277.219,96.410,0.000,275.749,0.000,1.470,0.000,0.000,0.000,0.000
4852,1879.389,264.297,264.297,277.041,96.261,0.000,275.590,0.000,1.451,0.000,0.000,0.000,0.000
4853,1879.806,292.366,292.366,276.862,96.113,0.000,275.430,0.000,1.432,0.000,0.000,0.000,0.000
4854,1880.222,241.834,241.834,276.684,95.965,0.000,275.270,0.000,1.413,0.000,0.000,0.000,0.000
4855,1880.639,273.580,273.580,276.505,95.816,0.000,275.111,0.000,1.395,0.000,0.000,0.000,0.000
4856,1881.055,304.008,304.008,276.327,95.668,0.000,274.951,0.000,1.376,0.000,0.000,0.000,0.000
4857,1881.472,291.299,291.299,276.148,95.520,0.000,274.790,0.000,1.358,0.000,0.000,0.000,0.000
4858,1881.888,263.780,263.780,275.969,95.372,0.000,274.630,0.000,1.340,0.000,0.000,0.000,0.000
4859,1882.305,260.206,260.206,275.790,95.223,0.000,274.469,0.000,1.321,0.000,0.000,0.000,0.000
4860,1882.721,294.582,294.582,275.612,95.075,0.000,274.308,0.000,1.303,0.000,0.000,0.000,0.000
4861,1883.138,281.545,281.545,275.433,94.927,0.000,274.147,0.000,1.286,0.000,0.000,0.000,0.000
4862,1883.554,289.340,289.340,275.253,94.779,0.000,273.985,0.000,1.268,0.000,0.000,0.000,0.000
4863,1883.970,211.089,211.089,275.074,94.630,0.000,273.824,0.000,1.250,0.000,0.000,0.000,0.000
4864,1884.387,276.716,276.716,274.895,94.482,0.000,273.662,0.000,1.233,0.000,0.000,0.000,0.000
4865,1884.803,282.412,282.412,274.716,94.334,0.000,273.500,0.000,1.216,0.000,0.000,0.000,0.000
4866,1885.220,291.689,291.689,274.537,94.186,0.000,273.338,0.000,1.199,0.000,0.000,0.000,0.000
4867,1885.636,291.460,291.460,274.357,94.037,0.000,273.175,0.000,1.182,0.000,0.000,0.000,0.000
4868,1886.052,267.351,267.351,274.178,93.889,0.000,273.013,0.000,1.165,0.000,0.000,0.000,0.000
4869,1886.469,264.101,264.101,273.999,93.741,0.000,272.850,0.000,1.149,0.000,0.000,0.000,0.000
4870,1886.885,268.155,268.155,273.819,93.592,0.000,272.687,0.000,1.132,0.000,0.000,0.000,0.000
4871,1887.301,254.612,254.612,273.639,93.444,0.000,272.524,0.000,1.116,0.000,0.000,0.000,0.000
4872,1887.718,260.767,260.767,273.460,93.296,0.000,272.360,0.000,1.100,0.000,0.000,0.000,0.000
4873,1888.134,288.259,288.259,273.280,93.148,0.000,272.197,0.000,1.084,0.000,0.000,0.000,0.000
4874,1888.550,303.278,303.278,273.101,92.999,0.000,272.033,0.000,1.068,0.000,0.000,0.000,0.000
4875,1888.966,246.998,246.998,272.921,92.851,0.000,271.869,0.000,1.052,0.000,0.000,0.000,0.000
4876,1889.383,286.661,286.661,272.741,92.703,0.000,271.704,0.000,1.037,0.000,0.000,0.000,0.000
4877,1889.799,288.052,288.052,272.561,92.555,0.000,271.540,0.000,1.021,0.000,0.000,0.000,0.000
4878,1890.215,259.034,259.034,272.381,92.406,0.000,271.375,0.000,1.006,0.000,0.000,0.000,0.000
4879,1890.631,266.198,266.198,272.202,92.258,0.000,271.211,0.000,0.991,0.000,0.000,0.000,0.000
4880,1891.047,291.208,291.208,272.022,92.110,0.000,271.046,0.000,0.976,0.000,0.000,0.000,0.000
4881,1891.464,247.554,247.554,271.842,91.961,0.000,270.881,0.000,0.961,0.000,0.000,0.000,0.000
4882,1891.880,270.025,270.025,271.662,91.813,0.000,270.715,0.000,0.947,0.000,0.000,0.000,0.000
4883,1892.296,257.416,257.416,271.482,91.665,0.000,270.550,0.000,0.932,0.000,0.000,0.000,0.000
4884,1892.712,269.144,269.144,271.302,91.517,0.000,270.384,0.000,0.918,0.000,0.000,0.000,0.000
4885,1893.128,282.912,282.912,271.122,91.368,0.000,270.218,0.000,0.904,0.000,0.000,0.000,0.000
4886,1893.544,255.922,255.922,270.942,91.220,0.000,270.052,0.000,0.890,0.000,0.000,0.000,0.000
4887,1893.960,233.851,233.851,270.762,91.072,0.000,269.886,0.000,0.876,0.000,0.000,0.000,0.000
4888,1894.376,254.616,254.616,270.582,90.924,0.000,269.720,0.000,0.862,0.000,0.000,0.000,0.000
4889,1894.792,265.222,265.222,270.402,90.775,0.000,269.553,0.000,0.848,0.000,0.000,0.000,0.000
4890,1895.208,270.524,270.524,270.221,90.627,0.000,269.386,0.000,0.835,0.000,0.000,0.000,0.000
4891,1895.624,292.847,292.847,270.041,90.479,0.000,269.220,0.000,0.822,0.000,0.000,0.000,0.000
4892,1896.040,280.391,280.391,269.861,90.331,0.000,269.053,0.000,0.809,0.000,0.000,0.000,0.000
4893,1896.456,264.357,264.357,269.681,90.182,0.000,268.885,0.000,0.796,0.000,0.000,0.000,0.000
4894,1896.872,272.621,272.621,269.501,90.034,0.000,268.718,0.000,0.783,0.000,0.000,0.000,0.000
4895,1897.288,252.817,252.817,269.321,89.886,0.000,268.551,0.000,0.770,0.000,0.000,0.000,0.000
4896,1897.704,253.226,253.226,269.141,89.737,0.000,268.383,0.000,0.758,0.000,0.000,0.000,0.000
4897,1898.120,255.753,255.753,268.961,89.589,0.000,268.215,0.000,0.745,0.000,0.000,0.000,0.000
4898,1898.536,265.355,265.355,268.781,89.441,0.000,268.047,0.000,0.733,0.000,0.000,0.000,0.000
4899,1898.952,277.809,277.809,268.601,89.293,0.000,267.879,0.000,0.721,0.000,0.000,0.000,0.000
4900,1899.368,249.828,249.828,268.421,89.144,0.000,267.711,0.000,0.709,0.000,0.000,0.000,0.000
4901,1899.784,262.914,262.914,268.241,88.996,0.000,267.543,0.000,0.697,0.000,0.000,0.000,0.000
4902,1900.200,281.691,281.691,268.061,88.848,0.000,267.375,0.000,0.686,0.000,0.000,0.000,0.000
4903,1900.615,251.788,251.788,267.881,88.700,0.000,267.206,0.000,0.674,0.000,0.000,0.000,0.000
4904,1901.031,262.600,262.600,267.701,88.551,0.000,267.038,0.000,0.663,0.000,0.000,0.000,0.000
4905,1901.447,257.218,257.218,267.521,88.403,0.000,266.869,0.000,0.652,0.000,0.000,0.000,0.000
4906,1901.863,239.230,239.230,267.341,88.255,0.000,266.700,0.000,0.641,0.000,0.000,0.000,0.000
4907,1902.279,254.811,254.811,267.161,88.106,0.000,266.531,0.000,0.630,0.000,0.000,0.000,0.000
4908,1902.694,275.290,275.290,266.981,87.958,0.000,266.362,0.000,0.619,0.000,0.000,0.000,0.000
4909,1903.110,250.809,250.809,266.801,87.810,0.000,266.193,0.000,0.608,0.000,0.000,0.000,0.000
4910,1903.526,263.751,263.751,266.622,87.662,0.000,266.024,0.000,0.598,0.000,0.000,0.000,0.000
4911,1903.941,250.684,250.684,266.442,87.513,0.000,265.855,0.000,0.587,0.000,0.000,0.000,0.000
4912,1904.357,275.380,275.380,266.263,87.365,0.000,265.685,0.000,0.577,0.000,0.000,0.000,0.000
4913,1904.773,269.447,269.447,266.083,87.217,0.000,265.516,0.000,0.567,0.000,0.000,0.000,0.000
4914,1905.188,258.238,258.238,265.904,87.069,0.000,265.346,0.000,0.557,0.000,0.000,0.000,0.000
4915,1905.604,271.165,271.165,265.724,86.920,0.000,265.177,0.000,0.547,0.000,0.000,0.000,0.000
4916,1906.020,284.288,284.288,265.545,86.772,0.000,265.007,0.000,0.538,0.000,0.000,0.000,0.000
4917,1906.435,250.321,250.321,265.366,86.624,0.000,264.837,0.000,0.528,0.000,0.000,0.000,0.000
4918,1906.851,248.356,248.356,265.186,86.476,0.000,264.668,0.000,0.519,0.000,0.000,0.000,0.000
4919,1907.266,248.793,248.793,265.007,86.327,0.000,264.498,0.000,0.509,0.000,0.000,0.000,0.000
4920,1907.682,266.091,266.091,264.828,86.179,0.000,264.328,0.000,0.500,0.000,0.000,0.000,0.000
4921,1908.097,265.436,265.436,264.649,86.031,0.000,264.158,0.000,0.491,0.000,0.000,0.000,0.000
4922,1908.513,263.772,263.772,264.471,85.882,0.000,263.988,0.000,0.482,0.000,0.000,0.000,0.000
4923,1908.928,267.436,267.436,264.292,85.734,0.000,263.818,0.000,0.473,0.000,0.000,0.000,0.000
4924,1909.344,265.089,265.089,264.113,85.586,0.000,263.648,0.000,0.465,0.000,0.000,0.000,0.000
4925,1909.759,261.963,261.963,263.935,85.438,0.000,263.479,0.000,0.456,0.000,0.000,0.000,0.000
4926,1910.175,265.059,265.059,263.756,85.289,0.000,263.309,0.000,0.448,0.000,0.000,0.000,0.000
4927,1910.590,266.715,266.715,263.578,85.141,0.000,263.139,0.000,0.440,0.000,0.000,0.000,0.000
4928,1911.006,219.977,219.977,263.400,84.993,0.000,262.969,0.000,0.431,0.000,0.000,0.000,0.000
4929,1911.421,260.637,260.637,263.222,84.845,0.000,262.799,0.000,0.423,0.000,0.000,0.000,0.000
4930,1911.836,244.558,244.558,263.044,84.696,0.000,262.629,0.000,0.415,0.000,0.000,0.000,0.000
4931,1912.252,256.957,256.957,262.866,84.548,0.000,262.459,0.000,0.408,0.000,0.000,0.000,0.000
4932,1912.667,263.980,263.980,262.689,84.400,0.000,262.289,0.000,0.400,0.000,0.000,0.000,0.000
4933,1913.083,320.650,320.650,262.511,84.251,0.000,262.119,0.000,0.392,0.000,0.000,0.000,0.000
4934,1913.498,246.155,246.155,262.334,84.103,0.000,261.949,0.000,0.385,0.000,0.000,0.000,0.000
4935,1913.913,271.374,271.374,262.157,83.955,0.000,261.780,0.000,0.377,0.000,0.000,0.000,0.000
4936,1914.328,244.170,244.170,261.980,83.807,0.000,261.610,0.000,0.370,0.000,0.000,0.000,0.000
4937,1914.744,238.495,238.495,261.803,83.658,0.000,261.440,0.000,0.363,0.000,0.000,0.000,0.000
4938,1915.159,254.860,254.860,261.627,83.510,0.000,261.271,0.000,0.356,0.000,0.000,0.000,0.000
4939,1915.574,263.248,263.248,261.450,83.362,0.000,261.101,0.000,0.349,0.000,0.000,0.000,0.000
4940,1915.989,250.666,250.666,261.274,83.214,0.000,260.932,0.000,0.342,0.000,0.000,0.000,0.000
4941,1916.405,283.903,283.903,261.098,83.065,0.000,260.763,0.000,0.336,0.000,0.000,0.000,0.000
4942,1916.820,247.162,247.162,260.922,82.917,0.000,260.593,0.000,0.329,0.000,0.000,0.000,0.000
4943,1917.235,261.573,261.573,260.747,82.769,0.000,260.424,0.000,0.323,0.000,0.000,0.000,0.000
4944,1917.650,246.383,246.383,260.572,82.620,0.000,260.255,0.000,0.316,0.000,0.000,0.000,0.000
4945,1918.065,243.159,243.159,260.396,82.472,0.000,260.086,0.000,0.310,0.000,0.000,0.000,0.000
4946,1918.480,228.117,228.117,260.222,82.324,0.000,259.918,0.000,0.304,0.000,0.000,0.000,0.000
4947,1918.895,224.470,224.470,260.047,82.176,0.000,259.749,0.000,0.298,0.000,0.000,0.000,0.000
4948,1919.310,250.380,250.380,259.873,82.027,0.000,259.581,0.000,0.292,0.000,0.000,0.000,0.000
4949,1919.725,220.955,220.955,259.698,81.879,0.000,259.412,0.000,0.286,0.000,0.000,0.000,0.000
4950,1920.140,277.159,277.159,259.524,81.731,0.000,259.244,0.000,0.280,0.000,0.000,0.000,0.000
4951,1920.555,281.960,281.960,259.351,81.583,0.000,259.076,0.000,0.274,0.000,0.000,0.000,0.000
4952,1920.970,255.051,255.051,259.178,81.434,0.000,258.909,0.000,0.269,0.000,0.000,0.000,0.000
4953,1921.385,251.516,251.516,259.004,81.286,0.000,258.741,0.000,0.263,0.000,0.000,0.000,0.000
4954,1921.800,244.405,244.405,258.832,81.138,0.000,258.574,0.000,0.258,0.000,0.000,0.000,0.000
4955,1922.215,234.003,234.003,258.659,80.990,0.000,258.407,0.000,0.253,0.000,0.000,0.000,0.000
4956,1922.630,294.533,294.533,258.487,80.841,0.000,258.240,0.000,0.247,0.000,0.000,0.000,0.000
4957,1923.045,256.665,256.665,258.315,80.693,0.000,258.073,0.000,0.242,0.000,0.000,0.000,0.000
4958,1923.460,275.015,275.015,258.144,80.545,0.000,257.906,0.000,0.237,0.000,0.000,0.000,0.000
4959,1923.875,213.025,213.025,257.973,80.396,0.000,257.740,0.000,0.232,0.000,0.000,0.000,0.000
4960,1924.290,255.026,255.026,257.802,80.248,0.000,257.574,0.000,0.228,0.000,0.000,0.000,0.000
4961,1924.705,208.556,208.556,257.631,80.100,0.000,257.409,0.000,0.223,0.000,0.000,0.000,0.000
4962,1925.120,234.744,234.744,257.461,79.952,0.000,257.243,0.000,0.218,0.000,0.000,0.000,0.000
4963,1925.534,243.077,243.077,257.291,79.803,0.000,257.078,0.000,0.213,0.000,0.000,0.000,0.000
4964,1925.949,254.576,254.576,257.122,79.655,0.000,256.913,0.000,0.209,0.000,0.000,0.000,0.000
4965,1926.364,253.294,253.294,256.953,79.507,0.000,256.749,0.000,0.204,0.000,0.000,0.000,0.000
4966,1926.779,264.924,264.924,256.785,79.359,0.000,256.584,0.000,0.200,0.000,0.000,0.000,0.000
4967,1927.193,231.025,231.025,256.616,79.210,0.000,256.421,0.000,0.196,0.000,0.000,0.000,0.000
4968,1927.608,255.440,255.440,256.449,79.062,0.000,256.257,0.000,0.192,0.000,0.000,0.000,0.000
4969,1928.023,237.066,237.066,256.281,78.914,0.000,256.094,0.000,0.187,0.000,0.000,0.000,0.000
4970,1928.437,251.375,251.375,256.114,78.765,0.000,255.931,0.000,0.183,0.000,0.000,0.000,0.000
4971,1928.852,261.605,261.605,255.948,78.617,0.000,255.769,0.000,0.179,0.000,0.000,0.000,0.000
4972,1929.267,235.108,235.108,255.782,78.469,0.000,255.606,0.000,0.176,0.000,0.000,0.000,0.000
4973,1929.681,282.896,282.896,255.616,78.321,0.000,255.445,0.000,0.172,0.000,0.000,0.000,0.000
4974,1930.096,255.549,255.549,255.451,78.172,0.000,255.283,0.000,0.168,0.000,0.000,0.000,0.000
4975,1930.510,251.789,251.789,255.287,78.024,0.000,255.123,0.000,0.164,0.000,0.000,0.000,0.000
4976,1930.925,253.703,253.703,255.123,77.876,0.000,254.962,0.000,0.161,0.000,0.000,0.000,0.000
4977,1931.340,245.028,245.028,254.959,77.728,0.000,254.802,0.000,0.157,0.000,0.000,0.000,0.000
4978,1931.754,229.510,229.510,254.796,77.579,0.000,254.643,0.000,0.154,0.000,0.000,0.000,0.000
4979,1932.169,217.493,217.493,254.634,77.431,0.000,254.484,0.000,0.150,0.000,0.000,0.000,0.000
4980,1932.583,243.290,243.290,254.472,77.283,0.000,254.325,0.000,0.147,0.000,0.000,0.000,0.000
4981,1932.998,248.988,248.988,254.311,77.135,0.000,254.167,0.000,0.144,0.000,0.000,0.000,0.000
4982,1933.412,251.665,251.665,254.150,76.986,0.000,254.009,0.000,0.140,0.000,0.000,0.000,0.000
4983,1933.826,248.171,248.171,253.989,76.838,0.000,253.852,0.000,0.137,0.000,0.000,0.000,0.000
4984,1934.241,257.515,257.515,253.830,76.690,0.000,253.696,0.000,0.134,0.000,0.000,0.000,0.000
4985,1934.655,230.080,230.080,253.671,76.541,0.000,253.540,0.000,0.131,0.000,0.000,0.000,0.000
4986,1935.070,247.659,247.659,253.512,76.393,0.000,253.384,0.000,0.128,0.000,0.000,0.000,0.000
4987,1935.484,225.393,225.393,253.355,76.245,0.000,253.230,0.000,0.125,0.000,0.000,0.000,0.000
4988,1935.898,243.849,243.849,253.198,76.097,0.000,253.075,0.000,0.122,0.000,0.000,0.000,0.000
4989,1936.313,254.290,254.290,253.041,75.948,0.000,252.922,0.000,0.119,0.000,0.000,0.000,0.000
4990,1936.727,223.457,223.457,252.885,75.800,0.000,252.769,0.000,0.117,0.000,0.000,0.000,0.000
4991,1937.141,243.042,243.042,252.730,75.652,0.000,252.616,0.000,0.114,0.000,0.000,0.000,0.000
4992,1937.555,249.657,249.657,252.576,75.504,0.000,252.464,0.000,0.111,0.000,0.000,0.000,0.000
4993,1937.970,254.269,254.269,252.422,75.355,0.000,252.313,0.000,0.109,0.000,0.000,0.000,0.000
4994,1938.384,239.030,239.030,252.269,75.207,0.000,252.163,0.000,0.106,0.000,0.000,0.000,0.000
4995,1938.798,223.251,223.251,252.117,75.059,0.000,252.013,0.000,0.104,0.000,0.000,0.000,0.000
4996,1939.212,225.591,225.591,251.965,74.910,0.000,251.864,0.000,0.101,0.000,0.000,0.000,0.000
4997,1939.626,248.413,248.413,251.815,74.762,0.000,251.716,0.000,0.099,0.000,0.000,0.000,0.000
4998,1940.041,232.648,232.648,251.665,74.614,0.000,251.568,0.000,0.097,0.000,0.000,0.000,0.000
4999,1940.455,245.302,245.302,251.515,74.466,0.000,251.421,0.000,0.094,0.000,0.000,0.000,0.000
5000,1940.869,251.160,251.160,251.367,74.317,0.000,251.275,0.000,0.092,0.000,0.000,0.000,0.000
5001,1941.283,263.401,263.401,251.220,74.169,0.000,251.130,0.000,0.090,0.000,0.000,0.000,0.000
5002,1941.697,281.562,281.562,251.073,74.021,0.000,250.985,0.000,0.088,0.000,0.000,0.000,0.000
5003,1942.111,233.325,233.325,250.927,73.873,0.000,250.841,0.000,0.086,0.000,0.000,0.000,0.000
5004,1942.525,236.268,236.268,250.782,73.724,0.000,250.699,0.000,0.084,0.000,0.000,0.000,0.000
5005,1942.939,228.942,228.942,250.638,73.576,0.000,250.556,0.000,0.082,0.000,0.000,0.000,0.000
5006,1943.353,248.047,248.047,250.495,73.428,0.000,250.415,0.000,0.080,0.000,0.000,0.000,0.000
5007,1943.767,271.565,271.565,250.353,73.280,0.000,250.275,0.000,0.078,0.000,0.000,0.000,0.000
5008,1944.181,245.998,245.998,250.211,73.131,0.000,250.135,0.000,0.076,0.000,0.000,0.000,0.000
5009,1944.595,268.484,268.484,250.071,72.983,0.000,249.997,0.000,0.074,0.000,0.000,0.000,0.000
5010,1945.009,254.402,254.402,249.931,72.835,0.000,249.859,0.000,0.072,0.000,0.000,0.000,0.000
5011,1945.423,246.407,246.407,249.793,72.686,0.000,249.723,0.000,0.070,0.000,0.000,0.000,0.000
5012,1945.836,270.268,270.268,249.656,72.538,0.000,249.587,0.000,0.069,0.000,0.000,0.000,0.000
5013,1946.250,256.163,256.163,249.519,72.390,0.000,249.452,0.000,0.067,0.000,0.000,0.000,0.000
5014,1946.664,246.899,246.899,249.384,72.242,0.000,249.319,0.000,0.065,0.000,0.000,0.000,0.000
5015,1947.078,236.368,236.368,249.249,72.093,0.000,249.186,0.000,0.064,0.000,0.000,0.000,0.000
5016,1947.492,246.616,246.616,249.116,71.945,0.000,249.054,0.000,0.062,0.000,0.000,0.000,0.000
5017,1947.905,266.316,266.316,248.984,71.797,0.000,248.924,0.000,0.061,0.000,0.000,0.000,0.000
5018,1948.319,231.711,231.711,248.853,71.649,0.000,248.794,0.000,0.059,0.000,0.000,0.000,0.000
5019,1948.733,250.986,250.986,248.723,71.500,0.000,248.665,0.000,0.058,0.000,0.000,0.000,0.000
5020,1949.147,235.700,235.700,248.594,71.352,0.000,248.538,0.000,0.056,0.000,0.000,0.000,0.000
5021,1949.560,257.682,257.682,248.467,71.204,0.000,248.412,0.000,0.055,0.000,0.000,0.000,0.000
5022,1949.974,246.188,246.188,248.340,71.055,0.000,248.287,0.000,0.053,0.000,0.000,0.000,0.000
5023,1950.388,238.004,238.004,248.215,70.907,0.000,248.163,0.000,0.052,0.000,0.000,0.000,0.000
5024,1950.801,254.135,254.135,248.091,70.759,0.000,248.040,0.000,0.051,0.000,0.000,0.000,0.000
5025,1951.215,217.841,217.841,247.968,70.611,0.000,247.919,0.000,0.049,0.000,0.000,0.000,0.000
5026,1951.628,231.016,231.016,247.846,70.462,0.000,247.798,0.000,0.048,0.000,0.000,0.000,0.000
5027,1952.042,233.443,233.443,247.726,70.314,0.000,247.679,0.000,0.047,0.000,0.000,0.000,0.000
5028,1952.455,215.503,215.503,247.607,70.166,0.000,247.561,0.000,0.046,0.000,0.000,0.000,0.000
5029,1952.869,228.653,228.653,247.489,70.018,0.000,247.445,0.000,0.044,0.000,0.000,0.000,0.000
5030,1953.282,249.356,249.356,247.373,69.869,0.000,247.330,0.000,0.043,0.000,0.000,0.000,0.000
5031,1953.696,229.407,229.407,247.258,69.721,0.000,247.216,0.000,0.042,0.000,0.000,0.000,0.000
5032,1954.109,247.685,247.685,247.144,69.573,0.000,247.103,0.000,0.041,0.000,0.000,0.000,0.000
5033,1954.523,223.294,223.294,247.032,69.425,0.000,246.992,0.000,0.040,0.000,0.000,0.000,0.000
5034,1954.936,234.149,234.149,246.921,69.276,0.000,246.882,0.000,0.039,0.000,0.000,0.000,0.000
5035,1955.350,231.264,231.264,246.812,69.128,0.000,246.774,0.000,0.038,0.000,0.000,0.000,0.000
5036,1955.763,233.459,233.459,246.704,68.980,0.000,246.667,0.000,0.037,0.000,0.000,0.000,0.000
5037,1956.176,245.694,245.694,246.597,68.831,0.000,246.561,0.000,0.036,0.000,0.000,0.000,0.000
5038,1956.590,240.319,240.319,246.492,68.683,0.000,246.457,0.000,0.035,0.000,0.000,0.000,0.000
5039,1957.003,251.124,251.124,246.389,68.535,0.000,246.355,0.000,0.034,0.000,0.000,0.000,0.000
5040,1957.416,229.303,229.303,246.287,68.387,0.000,246.254,0.000,0.033,0.000,0.000,0.000,0.000
5041,1957.830,254.633,254.633,246.187,68.238,0.000,246.154,0.000,0.032,0.000,0.000,0.000,0.000
5042,1958.243,244.963,244.963,246.088,68.090,0.000,246.056,0.000,0.032,0.000,0.000,0.000,0.000
5043,1958.656,210.110,210.110,245.991,67.942,0.000,245.960,0.000,0.031,0.000,0.000,0.000,0.000
5044,1959.069,232.942,232.942,245.895,67.794,0.000,245.865,0.000,0.030,0.000,0.000,0.000,0.000
5045,1959.482,210.361,210.361,245.801,67.645,0.000,245.772,0.000,0.029,0.000,0.000,0.000,0.000
5046,1959.896,221.080,221.080,245.709,67.497,0.000,245.680,0.000,0.028,0.000,0.000,0.000,0.000
5047,1960.309,225.675,225.675,245.618,67.349,0.000,245.591,0.000,0.028,0.000,0.000,0.000,0.000
5048,1960.722,227.709,227.709,245.529,67.200,0.000,245.503,0.000,0.027,0.000,0.000,0.000,0.000
5049,1961.135,200.330,200.330,245.442,67.052,0.000,245.416,0.000,0.026,0.000,0.000,0.000,0.000
5050,1961.548,253.832,253.832,245.357,66.904,0.000,245.332,0.000,0.025,0.000,0.000,0.000,0.000
5051,1961.961,223.984,223.984,245.273,66.756,0.000,245.249,0.000,0.025,0.000,0.000,0.000,0.000
5052,1962.374,227.838,227.838,245.192,66.607,0.000,245.168,0.000,0.024,0.000,0.000,0.000,0.000
5053,1962.787,235.512,235.512,245.112,66.459,0.000,245.088,0.000,0.023,0.000,0.000,0.000,0.000
5054,1963.200,232.169,232.169,245.034,66.311,0.000,245.011,0.000,0.023,0.000,0.000,0.000,0.000
5055,1963.613,249.100,249.100,244.958,66.163,0.000,244.935,0.000,0.022,0.000,0.000,0.000,0.000
5056,1964.026,264.128,264.128,244.883,66.014,0.000,244.862,0.000,0.022,0.000,0.000,0.000,0.000
5057,1964.439,209.010,209.010,244.811,65.866,0.000,244.790,0.000,0.021,0.000,0.000,0.000,0.000
5058,1964.852,205.928,205.928,244.741,65.718,0.000,244.720,0.000,0.020,0.000,0.000,0.000,0.000
5059,1965.265,213.867,213.867,244.672,65.570,0.000,244.652,0.000,0.020,0.000,0.000,0.000,0.000
5060,1965.677,220.972,220.972,244.606,65.421,0.000,244.587,0.000,0.019,0.000,0.000,0.000,0.000
5061,1966.090,261.285,261.285,244.542,65.273,0.000,244.523,0.000,0.019,0.000,0.000,0.000,0.000
5062,1966.503,237.187,237.187,244.479,65.125,0.000,244.461,0.000,0.018,0.000,0.000,0.000,0.000
5063,1966.916,227.868,227.868,244.419,64.976,0.000,244.401,0.000,0.018,0.000,0.000,0.000,0.000
5064,1967.329,241.148,241.148,244.361,64.828,0.000,244.344,0.000,0.017,0.000,0.000,0.000,0.000
5065,1967.741,228.671,228.671,244.305,64.680,0.000,244.288,0.000,0.017,0.000,0.000,0.000,0.000
5066,1968.154,230.375,230.375,244.251,64.532,0.000,244.235,0.000,0.016,0.000,0.000,0.000,0.000
5067,1968.567,223.381,223.381,244.199,64.383,0.000,244.183,0.000,0.016,0.000,0.000,0.000,0.000
5068,1968.979,219.193,219.193,244.150,64.235,0.000,244.134,0.000,0.015,0.000,0.000,0.000,0.000
5069,1969.392,213.041,213.041,244.103,64.087,0.000,244.088,0.000,0.015,0.000,0.000,0.000,0.000
5070,1969.805,218.751,218.751,244.058,63.939,0.000,244.043,0.000,0.015,0.000,0.000,0.000,0.000
5071,1970.217,214.607,214.607,244.015,63.790,0.000,244.001,0.000,0.014,0.000,0.000,0.000,0.000
5072,1970.630,231.122,231.122,243.975,63.642,0.000,243.961,0.000,0.014,0.000,0.000,0.000,0.000
5073,1971.042,235.866,235.866,243.937,63.494,0.000,243.923,0.000,0.013,0.000,0.000,0.000,0.000
5074,1971.455,214.101,214.101,243.901,63.345,0.000,243.888,0.000,0.013,0.000,0.000,0.000,0.000
5075,1971.867,252.908,252.908,243.868,63.197,0.000,243.855,0.000,0.013,0.000,0.000,0.000,0.000
5076,1972.280,239.082,239.082,243.837,63.049,0.000,243.824,0.000,0.012,0.000,0.000,0.000,0.000
5077,1972.692,201.214,201.214,243.808,62.901,0.000,243.796,0.000,0.012,0.000,0.000,0.000,0.000
5078,1973.105,229.153,229.153,243.782,62.752,0.000,243.771,0.000,0.012,0.000,0.000,0.000,0.000
5079,1973.517,231.083,231.083,243.759,62.604,0.000,243.747,0.000,0.011,0.000,0.000,0.000,0.000
5080,1973.930,272.993,272.993,243.738,62.456,0.000,243.727,0.000,0.011,0.000,0.000,0.000,0.000
5081,1974.342,240.643,240.643,243.719,62.308,0.000,243.709,0.000,0.011,0.000,0.000,0.000,0.000
5082,1974.754,234.294,234.294,243.703,62.159,0.000,243.693,0.000,0.010,0.000,0.000,0.000,0.000
5083,1975.167,216.818,216.818,243.690,62.011,0.000,243.680,0.000,0.010,0.000,0.000,0.000,0.000
5084,1975.579,225.601,225.601,243.680,61.863,0.000,243.670,0.000,0.010,0.000,0.000,0.000,0.000
5085,1975.991,250.083,250.083,243.672,61.715,0.000,243.662,0.000,0.009,0.000,0.000,0.000,0.000
5086,1976.404,229.404,229.404,243.666,61.566,0.000,243.657,0.000,0.009,0.000,0.000,0.000,0.000
5087,1976.816,231.924,231.924,243.664,61.418,0.000,243.655,0.000,0.009,0.000,0.000,0.000,0.000
5088,1977.228,201.150,201.150,243.664,61.270,0.000,243.655,0.000,0.009,0.000,0.000,0.000,0.000
5089,1977.640,219.725,219.725,243.667,61.121,0.000,243.659,0.000,0.008,0.000,0.000,0.000,0.000
5090,1978.052,218.741,218.741,243.673,60.973,0.000,243.665,0.000,0.008,0.000,0.000,0.000,0.000
5091,1978.465,206.403,206.403,243.681,60.825,0.000,243.673,0.000,0.008,0.000,0.000,0.000,0.000
5092,1978.877,206.470,206.470,243.693,60.677,0.000,243.685,0.000,0.008,0.000,0.000,0.000,0.000
5093,1979.289,202.970,202.970,243.707,60.528,0.000,243.700,0.000,0.008,0.000,0.000,0.000,0.000
5094,1979.701,220.403,220.403,243.724,60.380,0.000,243.717,0.000,0.007,0.000,0.000,0.000,0.000
5095,1980.113,238.172,238.172,243.744,60.232,0.000,243.737,0.000,0.007,0.000,0.000,0.000,0.000
5096,1980.525,255.190,255.190,243.768,60.084,0.000,243.761,0.000,0.007,0.000,0.000,0.000,0.000
5097,1980.937,242.015,242.015,243.794,59.935,0.000,243.787,0.000,0.007,0.000,0.000,0.000,0.000
5098,1981.349,224.650,224.650,243.823,59.787,0.000,243.816,0.000,0.007,0.000,0.000,0.000,0.000
5099,1981.761,232.600,232.600,243.855,59.639,0.000,243.849,0.000,0.006,0.000,0.000,0.000,0.000
5100,1982.173,230.239,230.239,243.890,59.490,0.000,243.884,0.000,0.006,0.000,0.000,0.000,0.000
5101,1982.585,215.569,215.569,243.928,59.342,0.000,243.922,0.000,0.006,0.000,0.000,0.000,0.000
5102,1982.997,193.420,193.420,243.970,59.194,0.000,243.964,0.000,0.006,0.000,0.000,0.000,0.000
5103,1983.408,204.799,204.799,244.014,59.046,0.000,244.009,0.000,0.006,0.000,0.000,0.000,0.000
5104,1983.820,216.361,216.361,244.062,58.897,0.000,244.057,0.000,0.005,0.000,0.000,0.000,0.000
5105,1984.232,222.422,222.422,244.113,58.749,0.000,244.108,0.000,0.005,0.000,0.000,0.000,0.000
5106,1984.644,233.975,233.975,244.167,58.601,0.000,244.162,0.000,0.005,0.000,0.000,0.000,0.000
5107,1985.056,197.952,197.952,244.225,58.453,0.000,244.220,0.000,0.005,0.000,0.000,0.000,0.000
5108,1985.467,221.814,221.814,244.286,58.304,0.000,244.281,0.000,0.005,0.000,0.000,0.000,0.000
5109,1985.879,219.163,219.163,244.350,58.156,0.000,244.345,0.000,0.005,0.000,0.000,0.000,0.000
5110,1986.291,212.398,212.398,244.417,58.008,0.000,244.413,0.000,0.005,0.000,0.000,0.000,0.000
5111,1986.702,199.556,199.556,244.488,57.859,0.000,244.484,0.000,0.004,0.000,0.000,0.000,0.000
5112,1987.114,221.274,221.274,244.562,57.711,0.000,244.558,0.000,0.004,0.000,0.000,0.000,0.000
5113,1987.526,213.735,213.735,244.640,57.563,0.000,244.636,0.000,0.004,0.000,0.000,0.000,0.000
5114,1987.937,180.334,180.334,244.721,57.415,0.000,244.717,0.000,0.004,0.000,0.000,0.000,0.000
5115,1988.349,206.446,206.446,244.806,57.266,0.000,244.802,0.000,0.004,0.000,0.000,0.000,0.000
5116,1988.760,214.122,214.122,244.894,57.118,0.000,244.890,0.000,0.004,0.000,0.000,0.000,0.000
5117,1989.172,217.710,217.710,244.985,56.970,0.000,244.982,0.000,0.004,0.000,0.000,0.000,0.000
5118,1989.583,237.272,237.272,245.081,56.822,0.000,245.077,0.000,0.004,0.000,0.000,0.000,0.000
5119,1989.995,211.272,211.272,245.179,56.673,0.000,245.176,0.000,0.004,0.000,0.000,0.000,0.000
5120,1990.406,261.137,261.137,245.282,56.525,0.000,245.278,0.000,0.003,0.000,0.000,0.000,0.000
5121,1990.818,207.238,207.238,245.388,56.377,0.000,245.385,0.000,0.003,0.000,0.000,0.000,0.000
5122,1991.229,202.549,202.549,245.498,56.229,0.000,245.494,0.000,0.003,0.000,0.000,0.000,0.000
5123,1991.641,201.183,201.183,245.611,56.080,0.000,245.608,0.000,0.003,0.000,0.000,0.000,0.000
5124,1992.052,207.199,207.199,245.728,55.932,0.000,245.725,0.000,0.003,0.000,0.000,0.000,0.000
5125,1992.463,237.231,237.231,245.849,55.784,0.000,245.846,0.000,0.003,0.000,0.000,0.000,0.000
5126,1992.875,194.867,194.867,245.974,55.635,0.000,245.971,0.000,0.003,0.000,0.000,0.000,0.000
5127,1993.286,221.695,221.695,246.102,55.487,0.000,246.099,0.000,0.003,0.000,0.000,0.000,0.000
5128,1993.697,226.877,226.877,246.234,55.339,0.000,246.232,0.000,0.003,0.000,0.000,0.000,0.000
5129,1994.108,179.879,179.879,246.371,55.191,0.000,246.368,0.000,0.003,0.000,0.000,0.000,0.000
5130,1994.519,221.337,221.337,246.510,55.042,0.000,246.508,0.000,0.003,0.000,0.000,0.000,0.000
5131,1994.931,242.811,242.811,246.654,54.894,0.000,246.652,0.000,0.003,0.000,0.000,0.000,0.000
5132,1995.342,222.047,222.047,246.802,54.746,0.000,246.800,0.000,0.003,0.000,0.000,0.000,0.000
5133,1995.753,236.125,236.125,246.954,54.598,0.000,246.951,0.000,0.002,0.000,0.000,0.000,0.000
5134,1996.164,244.128,244.128,247.110,54.449,0.000,247.107,0.000,0.002,0.000,0.000,0.000,0.000
5135,1996.575,215.104,215.104,247.269,54.301,0.000,247.267,0.000,0.002,0.000,0.000,0.000,0.000
5136,1996.986,212.549,212.549,247.433,54.153,0.000,247.431,0.000,0.002,0.000,0.000,0.000,0.000
5137,1997.397,224.476,224.476,247.601,54.004,0.000,247.598,0.000,0.002,0.000,0.000,0.000,0.000
5138,1997.808,212.897,212.897,247.772,53.856,0.000,247.770,0.000,0.002,0.000,0.000,0.000,0.000
5139,1998.219,222.241,222.241,247.948,53.708,0.000,247.946,0.000,0.002,0.000,0.000,0.000,0.000
5140,1998.630,234.779,234.779,248.128,53.560,0.000,248.126,0.000,0.002,0.000,0.000,0.000,0.000
5141,1999.041,228.607,228.607,248.312,53.411,0.000,248.310,0.000,0.002,0.000,0.000,0.000,0.000
5142,1999.452,251.622,251.622,248.500,53.263,0.000,248.498,0.000,0.002,0.000,0.000,0.000,0.000
5143,1999.863,203.284,203.284,248.693,53.115,0.000,248.691,0.000,0.002,0.000,0.000,0.000,0.000
5144,2000.274,226.326,226.326,248.889,52.967,0.000,248.888,0.000,0.002,0.000,0.000,0.000,0.000
5145,2000.684,201.237,201.237,249.090,52.818,0.000,249.088,0.000,0.002,0.000,0.000,0.000,0.000
5146,2001.095,201.604,201.604,249.295,52.670,0.000,249.293,0.000,0.002,0.000,0.000,0.000,0.000
5147,2001.506,236.681,236.681,249.504,52.522,0.000,249.503,0.000,0.002,0.000,0.000,0.000,0.000
5148,2001.917,218.229,218.229,249.718,52.374,0.000,249.716,0.000,0.002,0.000,0.000,0.000,0.000
5149,2002.328,215.908,215.908,249.935,52.225,0.000,249.934,0.000,0.002,0.000,0.000,0.000,0.000
5150,2002.738,195.153,195.153,250.158,52.077,0.000,250.156,0.000,0.002,0.000,0.000,0.000,0.000
5151,2003.149,200.681,200.681,250.384,51.929,0.000,250.382,0.000,0.002,0.000,0.000,0.000,0.000
5152,2003.560,224.554,224.554,250.615,51.780,0.000,250.613,0.000,0.002,0.000,0.000,0.000,0.000
5153,2003.970,204.112,204.112,250.850,51.632,0.000,250.848,0.000,0.001,0.000,0.000,0.000,0.000
5154,2004.381,207.413,207.413,251.089,51.484,0.000,251.088,0.000,0.001,0.000,0.000,0.000,0.000
5155,2004.791,205.059,205.059,251.333,51.336,0.000,251.331,0.000,0.001,0.000,0.000,0.000,0.000
5156,2005.202,206.612,206.612,251.581,51.187,0.000,251.580,0.000,0.001,0.000,0.000,0.000,0.000
5157,2005.612,174.340,174.340,251.834,51.039,0.000,251.832,0.000,0.001,0.000,0.000,0.000,0.000
5158,2006.023,174.892,174.892,252.091,50.891,0.000,252.089,0.000,0.001,0.000,0.000,0.000,0.000
5159,2006.433,220.540,220.540,252.352,50.743,0.000,252.351,0.000,0.001,0.000,0.000,0.000,0.000
5160,2006.844,190.990,190.990,252.618,50.594,0.000,252.617,0.000,0.001,0.000,0.000,0.000,0.000
5161,2007.254,206.607,206.607,252.888,50.446,0.000,252.887,0.000,0.001,0.000,0.000,0.000,0.000
5162,2007.664,190.232,190.232,253.163,50.298,0.000,253.162,0.000,0.001,0.000,0.000,0.000,0.000
5163,2008.075,198.711,198.711,253.442,50.149,0.000,253.441,0.000,0.001,0.000,0.000,0.000,0.000
5164,2008.485,201.135,201.135,253.726,50.001,0.000,253.725,0.000,0.001,0.000,0.000,0.000,0.000
5165,2008.895,236.106,236.106,254.014,49.853,0.000,254.013,0.000,0.001,0.000,0.000,0.000,0.000
5166,2009.306,221.969,221.969,254.307,49.705,0.000,254.306,0.000,0.001,0.000,0.000,0.000,0.000
5167,2009.716,213.930,213.930,254.605,49.556,0.000,254.604,0.000,0.001,0.000,0.000,0.000,0.000
5168,2010.126,222.516,222.516,254.907,49.408,0.000,254.906,0.000,0.001,0.000,0.000,0.000,0.000
5169,2010.536,235.067,235.067,255.213,49.260,0.000,255.212,0.000,0.001,0.000,0.000,0.000,0.000
5170,2010.947,215.118,215.118,255.524,49.112,0.000,255.523,0.000,0.001,0.000,0.000,0.000,0.000
5171,2011.357,220.775,220.775,255.840,48.963,0.000,255.839,0.000,0.001,0.000,0.000,0.000,0.000
5172,2011.767,232.780,232.780,256.160,48.815,0.000,256.159,0.000,0.001,0.000,0.000,0.000,0.000
5173,2012.177,210.320,210.320,256.484,48.667,0.000,256.484,0.000,0.001,0.000,0.000,0.000,0.000
5174,2012.587,185.134,185.134,256.814,48.519,0.000,256.813,0.000,0.001,0.000,0.000,0.000,0.000
5175,2012.997,218.613,218.613,257.148,48.370,0.000,257.147,0.000,0.001,0.000,0.000,0.000,0.000
5176,2013.407,187.038,187.038,257.486,48.222,0.000,257.485,0.000,0.001,0.000,0.000,0.000,0.000
5177,2013.817,202.106,202.106,257.829,48.074,0.000,257.828,0.000,0.001,0.000,0.000,0.000,0.000
5178,2014.227,211.882,211.882,258.177,47.925,0.000,258.176,0.000,0.001,0.000,0.000,0.000,0.000
5179,2014.637,215.213,215.213,258.529,47.777,0.000,258.528,0.000,0.001,0.000,0.000,0.000,0.000
5180,2015.047,176.865,176.865,258.886,47.629,0.000,258.885,0.000,0.001,0.000,0.000,0.000,0.000
5181,2015.457,230.565,230.565,259.247,47.481,0.000,259.246,0.000,0.001,0.000,0.000,0.000,0.000
5182,2015.866,228.980,228.980,259.613,47.332,0.000,259.612,0.000,0.001,0.000,0.000,0.000,0.000
5183,2016.276,189.774,189.774,259.984,47.184,0.000,259.983,0.000,0.001,0.000,0.000,0.000,0.000
5184,2016.686,197.621,197.621,260.359,47.036,0.000,260.358,0.000,0.001,0.000,0.000,0.000,0.000
5185,2017.096,205.748,205.748,260.739,46.888,0.000,260.738,0.000,0.001,0.000,0.000,0.000,0.000
5186,2017.506,229.925,229.925,261.123,46.739,0.000,261.122,0.000,0.001,0.000,0.000,0.000,0.000
5187,2017.915,240.987,240.987,261.512,46.591,0.000,261.511,0.000,0.001,0.000,0.000,0.000,0.000
5188,2018.325,188.782,188.782,261.905,46.443,0.000,261.905,0.000,0.001,0.000,0.000,0.000,0.000
5189,2018.735,187.144,187.144,262.303,46.294,0.000,262.303,0.000,0.001,0.000,0.000,0.000,0.000
5190,2019.144,218.951,218.951,262.706,46.146,0.000,262.705,0.000,0.001,0.000,0.000,0.000,0.000
5191,2019.554,216.509,216.509,263.113,45.998,0.000,263.112,0.000,0.001,0.000,0.000,0.000,0.000
5192,2019.963,232.234,232.234,263.525,45.850,0.000,263.524,0.000,0.001,0.000,0.000,0.000,0.000
5193,2020.373,215.982,215.982,263.941,45.701,0.000,263.940,0.000,0.001,0.000,0.000,0.000,0.000
5194,2020.782,221.491,221.491,264.362,45.553,0.000,264.361,0.000,0.001,0.000,0.000,0.000,0.000
5195,2021.192,190.743,190.743,264.787,45.405,0.000,264.786,0.000,0.001,0.000,0.000,0.000,0.000
5196,2021.601,220.503,220.503,265.217,45.257,0.000,265.216,0.000,0.001,0.000,0.000,0.000,0.000
5197,2022.011,192.131,192.131,265.651,45.108,0.000,265.650,0.000,0.001,0.000,0.000,0.000,0.000
5198,2022.420,173.408,173.408,266.090,44.960,0.000,266.089,0.000,0.001,0.000,0.000,0.000,0.000
5199,2022.830,216.089,216.089,266.533,44.812,0.000,266.532,0.000,0.001,0.000,0.000,0.000,0.000
5200,2023.239,213.611,213.611,266.981,44.664,0.000,266.980,0.000,0.001,0.000,0.000,0.000,0.000
5201,2023.648,200.812,200.812,267.433,44.515,0.000,267.432,0.000,0.001,0.000,0.000,0.000,0.000
5202,2024.058,232.137,232.137,267.889,44.367,0.000,267.888,0.000,0.001,0.000,0.000,0.000,0.000
5203,2024.467,204.405,204.405,268.350,44.219,0.000,268.349,0.000,0.001,0.000,0.000,0.000,0.000
5204,2024.876,210.310,210.310,268.815,44.070,0.000,268.814,0.000,0.001,0.000,0.000,0.000,0.000
5205,2025.285,253.779,253.779,269.285,43.922,0.000,269.284,0.000,0.001,0.000,0.000,0.000,0.000
5206,2025.694,190.318,190.318,269.758,43.774,0.000,269.758,0.000,0.001,0.000,0.000,0.000,0.000
5207,2026.104,205.673,205.673,270.237,43.626,0.000,270.236,0.000,0.001,0.000,0.000,0.000,0.000
5208,2026.513,235.362,235.362,270.719,43.477,0.000,270.719,0.000,0.001,0.000,0.000,0.000,0.000
5209,2026.922,203.116,203.116,271.206,43.329,0.000,271.205,0.000,0.001,0.000,0.000,0.000,0.000
5210,2027.331,229.639,229.639,271.697,43.181,0.000,271.696,0.000,0.001,0.000,0.000,0.000,0.000
5211,2027.740,212.697,212.697,272.192,43.033,0.000,272.191,0.000,0.001,0.000,0.000,0.000,0.000
5212,2028.149,196.936,196.936,272.691,42.884,0.000,272.691,0.000,0.001,0.000,0.000,0.000,0.000
5213,2028.558,261.408,261.408,273.195,42.736,0.000,273.194,0.000,0.001,0.000,0.000,0.000,0.000
5214,2028.967,201.607,201.607,273.702,42.588,0.000,273.702,0.000,0.001,0.000,0.000,0.000,0.000
5215,2029.376,207.424,207.424,274.214,42.439,0.000,274.213,0.000,0.001,0.000,0.000,0.000,0.000
5216,2029.785,202.169,202.169,274.730,42.291,0.000,274.729,0.000,0.001,0.000,0.000,0.000,0.000
5217,2030.194,197.649,197.649,275.250,42.143,0.000,275.249,0.000,0.001,0.000,0.000,0.000,0.000
5218,2030.602,233.566,233.566,275.773,41.995,0.000,275.773,0.000,0.001,0.000,0.000,0.000,0.000
5219,2031.011,228.409,228.409,276.301,41.846,0.000,276.301,0.000,0.001,0.000,0.000,0.000,0.000
5220,2031.420,199.333,199.333,276.833,41.698,0.000,276.832,0.000,0.001,0.000,0.000,0.000,0.000
5221,2031.829,182.867,182.867,277.368,41.550,0.000,277.368,0.000,0.001,0.000,0.000,0.000,0.000
5222,2032.237,248.315,248.315,277.908,41.402,0.000,277.907,0.000,0.001,0.000,0.000,0.000,0.000
5223,2032.646,219.730,219.730,278.451,41.253,0.000,278.450,0.000,0.001,0.000,0.000,0.000,0.000
5224,2033.055,201.259,201.259,278.998,41.105,0.000,278.997,0.000,0.001,0.000,0.000,0.000,0.000
5225,2033.463,239.321,239.321,279.549,40.957,0.000,279.548,0.000,0.001,0.000,0.000,0.000,0.000
5226,2033.872,200.072,200.072,280.103,40.809,0.000,280.103,0.000,0.000,0.000,0.000,0.000,0.000
5227,2034.281,224.601,224.601,280.661,40.660,0.000,280.661,0.000,0.000,0.000,0.000,0.000,0.000
5228,2034.689,212.730,212.730,281.223,40.512,0.000,281.222,0.000,0.000,0.000,0.000,0.000,0.000
5229,2035.098,202.366,202.366,281.788,40.364,0.000,281.788,0.000,0.000,0.000,0.000,0.000,0.000
5230,2035.506,204.499,204.499,282.357,40.215,0.000,282.357,0.000,0.000,0.000,0.000,0.000,0.000
5231,2035.915,221.742,221.742,282.929,40.067,0.000,282.929,0.000,0.000,0.000,0.000,0.000,0.000
5232,2036.323,224.664,224.664,283.505,39.919,0.000,283.504,0.000,0.000,0.000,0.000,0.000,0.000
5233,2036.731,201.871,201.871,284.084,39.771,0.000,284.084,0.000,0.000,0.000,0.000,0.000,0.000
5234,2037.140,233.517,233.517,284.666,39.622,0.000,284.666,0.000,0.000,0.000,0.000,0.000,0.000
5235,2037.548,190.818,190.818,285.252,39.474,0.000,285.252,0.000,0.000,0.000,0.000,0.000,0.000
5236,2037.956,199.468,199.468,285.841,39.326,0.000,285.840,0.000,0.000,0.000,0.000,0.000,0.000
5237,2038.365,207.662,207.662,286.433,39.178,0.000,286.433,0.000,0.000,0.000,0.000,0.000,0.000
5238,2038.773,201.391,201.391,287.028,39.029,0.000,287.028,0.000,0.000,0.000,0.000,0.000,0.000
5239,2039.181,211.529,211.529,287.626,38.881,0.000,287.626,0.000,0.000,0.000,0.000,0.000,0.000
5240,2039.589,237.748,237.748,288.228,38.733,0.000,288.227,0.000,0.000,0.000,0.000,0.000,0.000
5241,2039.998,177.606,177.606,288.832,38.584,0.000,288.831,0.000,0.000,0.000,0.000,0.000,0.000
5242,2040.406,197.872,197.872,289.439,38.436,0.000,289.438,0.000,0.000,0.000,0.000,0.000,0.000
5243,2040.814,235.259,235.259,290.049,38.288,0.000,290.048,0.000,0.000,0.000,0.000,0.000,0.000
5244,2041.222,217.657,217.657,290.662,38.140,0.000,290.661,0.000,0.000,0.000,0.000,0.000,0.000
5245,2041.630,205.367,205.367,291.277,37.991,0.000,291.277,0.000,0.000,0.000,0.000,0.000,0.000
5246,2042.038,167.660,167.660,291.895,37.843,0.000,291.895,0.000,0.000,0.000,0.000,0.000,0.000
5247,2042.446,187.051,187.051,292.516,37.695,0.000,292.515,0.000,0.000,0.000,0.000,0.000,0.000
5248,2042.854,230.982,230.982,293.139,37.547,0.000,293.138,0.000,0.000,0.000,0.000,0.000,0.000
5249,2043.262,217.878,217.878,293.765,37.398,0.000,293.764,0.000,0.000,0.000,0.000,0.000,0.000
5250,2043.670,203.693,203.693,294.393,37.250,0.000,294.392,0.000,0.000,0.000,0.000,0.000,0.000
5251,2044.078,202.305,202.305,295.023,37.102,0.000,295.023,0.000,0.000,0.000,0.000,0.000,0.000
5252,2044.485,196.672,196.672,295.656,36.954,0.000,295.655,0.000,0.000,0.000,0.000,0.000,0.000
5253,2044.893,206.625,206.625,296.290,36.805,0.000,296.290,0.000,0.000,0.000,0.000,0.000,0.000
5254,2045.301,214.605,214.605,296.927,36.657,0.000,296.927,0.000,0.000,0.000,0.000,0.000,0.000
5255,2045.709,215.091,215.091,297.566,36.509,0.000,297.566,0.000,0.000,0.000,0.000,0.000,0.000
5256,2046.116,245.623,245.623,298.207,36.360,0.000,298.207,0.000,0.000,0.000,0.000,0.000,0.000
5257,2046.524,186.726,186.726,298.850,36.212,0.000,298.850,0.000,0.000,0.000,0.000,0.000,0.000
5258,2046.932,195.830,195.830,299.495,36.064,0.000,299.494,0.000,0.000,0.000,0.000,0.000,0.000
5259,2047.339,223.315,223.315,300.141,35.916,0.000,300.141,0.000,0.000,0.000,0.000,0.000,0.000
5260,2047.747,225.609,225.609,300.789,35.767,0.000,300.789,0.000,0.000,0.000,0.000,0.000,0.000
5261,2048.155,200.691,200.691,301.439,35.619,0.000,301.439,0.000,0.000,0.000,0.000,0.000,0.000
5262,2048.562,227.386,227.386,302.091,35.471,0.000,302.090,0.000,0.000,0.000,0.000,0.000,0.000
5263,2048.970,237.991,237.991,302.743,35.323,0.000,302.743,0.000,0.000,0.000,0.000,0.000,0.000
5264,2049.377,213.347,213.347,303.397,35.174,0.000,303.397,0.000,0.000,0.000,0.000,0.000,0.000
5265,2049.784,215.739,215.739,304.053,35.026,0.000,304.052,0.000,0.000,0.000,0.000,0.000,0.000
5266,2050.192,202.160,202.160,304.709,34.878,0.000,304.709,0.000,0.000,0.000,0.000,0.000,0.000
5267,2050.599,208.560,208.560,305.367,34.729,0.000,305.367,0.000,0.000,0.000,0.000,0.000,0.000
5268,2051.007,220.066,220.066,306.026,34.581,0.000,306.026,0.000,0.000,0.000,0.000,0.000,0.000
5269,2051.414,203.130,203.130,306.686,34.433,0.000,306.685,0.000,0.000,0.000,0.000,0.000,0.000
5270,2051.821,234.591,234.591,307.346,34.285,0.000,307.346,0.000,0.000,0.000,0.000,0.000,0.000
5271,2052.228,196.902,196.902,308.008,34.136,0.000,308.008,0.000,0.000,0.000,0.000,0.000,0.000
5272,2052.636,222.512,222.512,308.670,33.988,0.000,308.670,0.000,0.000,0.000,0.000,0.000,0.000
5273,2053.043,180.154,180.154,309.333,33.840,0.000,309.333,0.000,0.000,0.000,0.000,0.000,0.000
5274,2053.450,205.934,205.934,309.996,33.692,0.000,309.996,0.000,0.000,0.000,0.000,0.000,0.000
5275,2053.857,198.115,198.115,310.660,33.543,0.000,310.660,0.000,0.000,0.000,0.000,0.000,0.000
5276,2054.264,204.576,204.576,311.324,33.395,0.000,311.324,0.000,0.000,0.000,0.000,0.000,0.000
5277,2054.671,223.314,223.314,311.989,33.247,0.000,311.988,0.000,0.000,0.000,0.000,0.000,0.000
5278,2055.078,184.382,184.382,312.653,33.098,0.000,312.653,0.000,0.000,0.000,0.000,0.000,0.000
5279,2055.485,191.835,191.835,313.318,32.950,0.000,313.318,0.000,0.000,0.000,0.000,0.000,0.000
5280,2055.892,213.220,213.220,313.983,32.802,0.000,313.982,0.000,0.000,0.000,0.000,0.000,0.000
5281,2056.299,202.672,202.672,314.647,32.654,0.000,314.647,0.000,0.000,0.000,0.000,0.000,0.000
5282,2056.706,183.374,183.374,315.312,32.505,0.000,315.312,0.000,0.000,0.000,0.000,0.000,0.000
5283,2057.113,204.557,204.557,315.976,32.357,0.000,315.976,0.000,0.000,0.000,0.000,0.000,0.000
5284,2057.520,213.674,213.674,316.640,32.209,0.000,316.640,0.000,0.000,0.000,0.000,0.000,0.000
5285,2057.927,205.361,205.361,317.303,32.061,0.000,317.303,0.000,0.000,0.000,0.000,0.000,0.000
5286,2058.333,200.869,200.869,317.966,31.912,0.000,317.966,0.000,0.000,0.000,0.000,0.000,0.000
5287,2058.740,226.549,226.549,318.628,31.764,0.000,318.628,0.000,0.000,0.000,0.000,0.000,0.000
5288,2059.147,213.565,213.565,319.290,31.616,0.000,319.289,0.000,0.000,0.000,0.000,0.000,0.000
5289,2059.554,214.797,214.797,319.950,31.468,0.000,319.950,0.000,0.000,0.000,0.000,0.000,0.000
5290,2059.960,200.810,200.810,320.610,31.319,0.000,320.610,0.000,0.000,0.000,0.000,0.000,0.000
5291,2060.367,234.831,234.831,321.269,31.171,0.000,321.268,0.000,0.000,0.000,0.000,0.000,0.000
5292,2060.773,210.400,210.400,321.926,31.023,0.000,321.926,0.000,0.000,0.000,0.000,0.000,0.000
5293,2061.180,191.899,191.899,322.583,30.874,0.000,322.582,0.000,0.000,0.000,0.000,0.000,0.000
5294,2061.586,193.069,193.069,323.238,30.726,0.000,323.237,0.000,0.000,0.000,0.000,0.000,0.000
5295,2061.993,195.691,195.691,323.891,30.578,0.000,323.891,0.000,0.000,0.000,0.000,0.000,0.000
5296,2062.399,201.116,201.116,324.543,30.430,0.000,324.543,0.000,0.000,0.000,0.000,0.000,0.000
5297,2062.806,207.236,207.236,325.194,30.281,0.000,325.193,0.000,0.000,0.000,0.000,0.000,0.000
5298,2063.212,210.130,210.130,325.842,30.133,0.000,325.842,0.000,0.000,0.000,0.000,0.000,0.000
5299,2063.619,187.235,187.235,326.489,29.985,0.000,326.489,0.000,0.000,0.000,0.000,0.000,0.000
5300,2064.025,214.572,214.572,327.134,29.837,0.000,327.134,0.000,0.000,0.000,0.000,0.000,0.000
5301,2064.431,225.311,225.311,327.777,29.688,0.000,327.777,0.000,0.000,0.000,0.000,0.000,0.000
5302,2064.837,233.145,233.145,328.418,29.540,0.000,328.417,0.000,0.000,0.000,0.000,0.000,0.000
5303,2065.244,226.576,226.576,329.056,29.392,0.000,329.056,0.000,0.000,0.000,0.000,0.000,0.000
5304,2065.650,196.484,196.484,329.693,29.243,0.000,329.692,0.000,0.000,0.000,0.000,0.000,0.000
5305,2066.056,219.423,219.423,330.327,29.095,0.000,330.326,0.000,0.000,0.000,0.000,0.000,0.000
5306,2066.462,223.817,223.817,330.958,28.947,0.000,330.958,0.000,0.000,0.000,0.000,0.000,0.000
5307,2066.868,196.908,196.908,331.587,28.799,0.000,331.586,0.000,0.000,0.000,0.000,0.000,0.000
5308,2067.274,192.381,192.381,332.213,28.650,0.000,332.212,0.000,0.000,0.000,0.000,0.000,0.000
5309,2067.680,181.111,181.111,332.836,28.502,0.000,332.835,0.000,0.000,0.000,0.000,0.000,0.000
5310,2068.086,235.332,235.332,333.456,28.354,0.000,333.456,0.000,0.000,0.000,0.000,0.000,0.000
5311,2068.492,193.324,193.324,334.073,28.206,0.000,334.073,0.000,0.000,0.000,0.000,0.000,0.000
5312,2068.898,178.818,178.818,334.687,28.057,0.000,334.687,0.000,0.000,0.000,0.000,0.000,0.000
5313,2069.304,200.942,200.942,335.298,27.909,0.000,335.298,0.000,0.000,0.000,0.000,0.000,0.000
5314,2069.710,194.553,194.553,335.906,27.761,0.000,335.905,0.000,0.000,0.000,0.000,0.000,0.000
5315,2070.116,218.360,218.360,336.510,27.613,0.000,336.510,0.000,0.000,0.000,0.000,0.000,0.000
5316,2070.522,187.988,187.988,337.110,27.464,0.000,337.110,0.000,0.000,0.000,0.000,0.000,0.000
5317,2070.927,202.825,202.825,337.707,27.316,0.000,337.707,0.000,0.000,0.000,0.000,0.000,0.000
5318,2071.333,225.626,225.626,338.301,27.168,0.000,338.300,0.000,0.000,0.000,0.000,0.000,0.000
5319,2071.739,219.259,219.259,338.890,27.019,0.000,338.890,0.000,0.000,0.000,0.000,0.000,0.000
5320,2072.145,230.766,230.766,339.475,26.871,0.000,339.475,0.000,0.000,0.000,0.000,0.000,0.000
5321,2072.550,176.746,176.746,340.057,26.723,0.000,340.056,0.000,0.000,0.000,0.000,0.000,0.000
5322,2072.956,216.183,216.183,340.634,26.575,0.000,340.634,0.000,0.000,0.000,0.000,0.000,0.000
5323,2073.361,219.640,219.640,341.207,26.426,0.000,341.207,0.000,0.000,0.000,0.000,0.000,0.000
5324,2073.767,219.095,219.095,341.776,26.278,0.000,341.776,0.000,0.000,0.000,0.000,0.000,0.000
5325,2074.172,170.482,170.482,342.340,26.130,0.000,342.340,0.000,0.000,0.000,0.000,0.000,0.000
5326,2074.578,193.330,193.330,342.900,25.982,0.000,342.900,0.000,0.000,0.000,0.000,0.000,0.000
5327,2074.983,229.382,229.382,343.455,25.833,0.000,343.455,0.000,0.000,0.000,0.000,0.000,0.000
5328,2075.389,202.407,202.407,344.005,25.685,0.000,344.005,0.000,0.000,0.000,0.000,0.000,0.000
5329,2075.794,216.733,216.733,344.551,25.537,0.000,344.551,0.000,0.000,0.000,0.000,0.000,0.000
5330,2076.199,225.912,225.912,345.092,25.388,0.000,345.091,0.000,0.000,0.000,0.000,0.000,0.000
5331,2076.605,225.653,225.653,345.627,25.240,0.000,345.627,0.000,0.000,0.000,0.000,0.000,0.000
5332,2077.010,204.788,204.788,346.158,25.092,0.000,346.158,0.000,0.000,0.000,0.000,0.000,0.000
5333,2077.415,191.526,191.526,346.683,24.944,0.000,346.683,0.000,0.000,0.000,0.000,0.000,0.000
5334,2077.820,203.852,203.852,347.203,24.795,0.000,347.203,0.000,0.000,0.000,0.000,0.000,0.000
5335,2078.226,189.813,189.813,347.718,24.647,0.000,347.718,0.000,0.000,0.000,0.000,0.000,0.000
5336,2078.631,220.139,220.139,348.227,24.499,0.000,348.227,0.000,0.000,0.000,0.000,0.000,0.000
5337,2079.036,203.252,203.252,348.731,24.351,0.000,348.731,0.000,0.000,0.000,0.000,0.000,0.000
5338,2079.441,213.146,213.146,349.229,24.202,0.000,349.229,0.000,0.000,0.000,0.000,0.000,0.000
5339,2079.846,205.716,205.716,349.721,24.054,0.000,349.721,0.000,0.000,0.000,0.000,0.000,0.000
5340,2080.251,211.486,211.486,350.207,23.906,0.000,350.207,0.000,0.000,0.000,0.000,0.000,0.000
5341,2080.656,202.357,202.357,350.688,23.758,0.000,350.688,0.000,0.000,0.000,0.000,0.000,0.000
5342,2081.061,234.260,234.260,351.162,23.609,0.000,351.162,0.000,0.000,0.000,0.000,0.000,0.000
5343,2081.466,177.173,177.173,351.631,23.461,0.000,351.630,0.000,0.000,0.000,0.000,0.000,0.000
5344,2081.871,184.999,184.999,352.093,23.313,0.000,352.092,0.000,0.000,0.000,0.000,0.000,0.000
5345,2082.275,229.733,229.733,352.548,23.164,0.000,352.548,0.000,0.000,0.000,0.000,0.000,0.000
5346,2082.680,200.965,200.965,352.998,23.016,0.000,352.997,0.000,0.000,0.000,0.000,0.000,0.000
5347,2083.085,208.392,208.392,353.441,22.868,0.000,353.440,0.000,0.000,0.000,0.000,0.000,0.000
5348,2083.490,197.735,197.735,353.877,22.720,0.000,353.877,0.000,0.000,0.000,0.000,0.000,0.000
5349,2083.894,218.294,218.294,354.307,22.571,0.000,354.307,0.000,0.000,0.000,0.000,0.000,0.000
5350,2084.299,209.516,209.516,354.730,22.423,0.000,354.730,0.000,0.000,0.000,0.000,0.000,0.000
5351,2084.704,189.977,189.977,355.146,22.275,0.000,355.146,0.000,0.000,0.000,0.000,0.000,0.000
5352,2085.108,181.058,181.058,355.556,22.127,0.000,355.555,0.000,0.000,0.000,0.000,0.000,0.000
5353,2085.513,210.594,210.594,355.958,21.978,0.000,355.958,0.000,0.000,0.000,0.000,0.000,0.000
5354,2085.917,207.049,207.049,356.353,21.830,0.000,356.353,0.000,0.000,0.000,0.000,0.000,0.000
5355,2086.322,231.733,231.733,356.742,21.682,0.000,356.741,0.000,0.000,0.000,0.000,0.000,0.000
5356,2086.726,228.454,228.454,357.123,21.533,0.000,357.123,0.000,0.000,0.000,0.000,0.000,0.000
5357,2087.131,224.130,224.130,357.497,21.385,0.000,357.497,0.000,0.000,0.000,0.000,0.000,0.000
5358,2087.535,210.192,210.192,357.863,21.237,0.000,357.863,0.000,0.000,0.000,0.000,0.000,0.000
5359,2087.939,237.645,237.645,358.222,21.089,0.000,358.222,0.000,0.000,0.000,0.000,0.000,0.000
5360,2088.344,215.461,215.461,358.574,20.940,0.000,358.574,0.000,0.000,0.000,0.000,0.000,0.000
5361,2088.748,204.406,204.406,358.918,20.792,0.000,358.918,0.000,0.000,0.000,0.000,0.000,0.000
5362,2089.152,216.309,216.309,359.255,20.644,0.000,359.255,0.000,0.000,0.000,0.000,0.000,0.000
5363,2089.556,220.661,220.661,359.584,20.496,0.000,359.583,0.000,0.000,0.000,0.000,0.000,0.000
5364,2089.960,226.212,226.212,359.905,20.347,0.000,359.905,0.000,0.000,0.000,0.000,0.000,0.000
5365,2090.365,221.155,221.155,360.218,20.199,0.000,360.218,0.000,0.000,0.000,0.000,0.000,0.000
5366,2090.769,194.873,194.873,360.524,20.051,0.000,360.523,0.000,0.000,0.000,0.000,0.000,0.000
5367,2091.173,194.963,194.963,360.821,19.903,0.000,360.821,0.000,0.000,0.000,0.000,0.000,0.000
5368,2091.577,209.276,209.276,361.110,19.754,0.000,361.110,0.000,0.000,0.000,0.000,0.000,0.000
5369,2091.981,195.250,195.250,361.392,19.606,0.000,361.392,0.000,0.000,0.000,0.000,0.000,0.000
5370,2092.385,227.538,227.538,361.665,19.458,0.000,361.665,0.000,0.000,0.000,0.000,0.000,0.000
5371,2092.789,224.584,224.584,361.930,19.309,0.000,361.930,0.000,0.000,0.000,0.000,0.000,0.000
5372,2093.192,221.216,221.216,362.187,19.161,0.000,362.187,0.000,0.000,0.000,0.000,0.000,0.000
5373,2093.596,201.624,201.624,362.436,19.013,0.000,362.436,0.000,0.000,0.000,0.000,0.000,0.000
5374,2094.000,180.754,180.754,362.676,18.865,0.000,362.676,0.000,0.000,0.000,0.000,0.000,0.000
5375,2094.404,228.212,228.212,362.908,18.716,0.000,362.908,0.000,0.000,0.000,0.000,0.000,0.000
5376,2094.808,208.047,208.047,363.132,18.568,0.000,363.131,0.000,0.000,0.000,0.000,0.000,0.000
5377,2095.211,187.164,187.164,363.347,18.420,0.000,363.346,0.000,0.000,0.000,0.000,0.000,0.000
5378,2095.615,214.714,214.714,363.553,18.272,0.000,363.553,0.000,0.000,0.000,0.000,0.000,0.000
5379,2096.019,232.986,232.986,363.751,18.123,0.000,363.751,0.000,0.000,0.000,0.000,0.000,0.000
5380,2096.422,198.755,198.755,363.940,17.975,0.000,363.940,0.000,0.000,0.000,0.000,0.000,0.000
5381,2096.826,229.728,229.728,364.121,17.827,0.000,364.121,0.000,0.000,0.000,0.000,0.000,0.000
5382,2097.229,229.786,229.786,364.293,17.678,0.000,364.292,0.000,0.000,0.000,0.000,0.000,0.000
5383,2097.633,213.418,213.418,364.456,17.530,0.000,364.456,0.000,0.000,0.000,0.000,0.000,0.000
5384,2098.036,223.201,223.201,364.610,17.382,0.000,364.610,0.000,0.000,0.000,0.000,0.000,0.000
5385,2098.440,227.439,227.439,364.756,17.234,0.000,364.755,0.000,0.000,0.000,0.000,0.000,0.000
5386,2098.843,219.910,219.910,364.892,17.085,0.000,364.892,0.000,0.000,0.000,0.000,0.000,0.000
5387,2099.246,230.153,230.153,365.020,16.937,0.000,365.020,0.000,0.000,0.000,0.000,0.000,0.000
5388,2099.650,220.351,220.351,365.139,16.789,0.000,365.139,0.000,0.000,0.000,0.000,0.000,0.000
5389,2100.053,232.488,232.488,365.249,16.641,0.000,365.249,0.000,0.000,0.000,0.000,0.000,0.000
5390,2100.456,225.484,225.484,365.350,16.492,0.000,365.350,0.000,0.000,0.000,0.000,0.000,0.000
5391,2100.859,188.067,188.067,365.442,16.344,0.000,365.441,0.000,0.000,0.000,0.000,0.000,0.000
5392,2101.262,232.411,232.411,365.525,16.196,0.000,365.524,0.000,0.000,0.000,0.000,0.000,0.000
5393,2101.665,208.378,208.378,365.598,16.048,0.000,365.598,0.000,0.000,0.000,0.000,0.000,0.000
5394,2102.069,207.227,207.227,365.663,15.899,0.000,365.663,0.000,0.000,0.000,0.000,0.000,0.000
5395,2102.472,199.647,199.647,365.719,15.751,0.000,365.719,0.000,0.000,0.000,0.000,0.000,0.000
5396,2102.875,222.061,222.061,365.765,15.603,0.000,365.765,0.000,0.000,0.000,0.000,0.000,0.000
5397,2103.278,258.037,258.037,365.803,15.454,0.000,365.803,0.000,0.000,0.000,0.000,0.000,0.000
5398,2103.680,217.752,217.752,365.831,15.306,0.000,365.831,0.000,0.000,0.000,0.000,0.000,0.000
5399,2104.083,231.087,231.087,365.850,15.158,0.000,365.850,0.000,0.000,0.000,0.000,0.000,0.000
5400,2104.486,245.062,245.062,365.860,15.010,0.000,365.860,0.000,0.000,0.000,0.000,0.000,0.000
5401,2104.889,193.134,193.134,365.861,14.861,0.000,365.860,0.000,0.000,0.000,0.000,0.000,0.000
5402,2105.292,201.237,201.237,365.852,14.713,0.000,365.852,0.000,0.000,0.000,0.000,0.000,0.000
5403,2105.695,199.855,199.855,365.834,14.565,0.000,365.834,0.000,0.000,0.000,0.000,0.000,0.000
5404,2106.097,207.276,207.276,365.808,14.417,0.000,365.807,0.000,0.000,0.000,0.000,0.000,0.000
5405,2106.500,212.143,212.143,365.771,14.268,0.000,365.771,0.000,0.000,0.000,0.000,0.000,0.000
5406,2106.903,223.530,223.530,365.726,14.120,0.000,365.726,0.000,0.000,0.000,0.000,0.000,0.000
5407,2107.305,247.210,247.210,365.672,13.972,0.000,365.671,0.000,0.000,0.000,0.000,0.000,0.000
5408,2107.708,231.812,231.812,365.608,13.823,0.000,365.608,0.000,0.000,0.000,0.000,0.000,0.000
5409,2108.110,248.913,248.913,365.535,13.675,0.000,365.535,0.000,0.000,0.000,0.000,0.000,0.000
5410,2108.513,218.625,218.625,365.453,13.527,0.000,365.453,0.000,0.000,0.000,0.000,0.000,0.000
5411,2108.915,225.022,225.022,365.361,13.379,0.000,365.361,0.000,0.000,0.000,0.000,0.000,0.000
5412,2109.318,250.550,250.550,365.261,13.230,0.000,365.261,0.000,0.000,0.000,0.000,0.000,0.000
5413,2109.720,207.681,207.681,365.151,13.082,0.000,365.151,0.000,0.000,0.000,0.000,0.000,0.000
5414,2110.122,215.104,215.104,365.032,12.934,0.000,365.032,0.000,0.000,0.000,0.000,0.000,0.000
5415,2110.525,244.701,244.701,364.904,12.786,0.000,364.904,0.000,0.000,0.000,0.000,0.000,0.000
5416,2110.927,226.283,226.283,364.767,12.637,0.000,364.767,0.000,0.000,0.000,0.000,0.000,0.000
5417,2111.329,227.860,227.860,364.621,12.489,0.000,364.620,0.000,0.000,0.000,0.000,0.000,0.000
5418,2111.731,210.698,210.698,364.465,12.341,0.000,364.465,0.000,0.000,0.000,0.000,0.000,0.000
5419,2112.133,241.080,241.080,364.301,12.193,0.000,364.300,0.000,0.000,0.000,0.000,0.000,0.000
5420,2112.535,231.248,231.248,364.127,12.044,0.000,364.127,0.000,0.000,0.000,0.000,0.000,0.000
5421,2112.938,210.261,210.261,363.944,11.896,0.000,363.944,0.000,0.000,0.000,0.000,0.000,0.000
5422,2113.340,211.854,211.854,363.753,11.748,0.000,363.752,0.000,0.000,0.000,0.000,0.000,0.000
5423,2113.742,251.332,251.332,363.552,11.599,0.000,363.552,0.000,0.000,0.000,0.000,0.000,0.000
5424,2114.144,227.738,227.738,363.342,11.451,0.000,363.342,0.000,0.000,0.000,0.000,0.000,0.000
5425,2114.545,236.372,236.372,363.124,11.303,0.000,363.123,0.000,0.000,0.000,0.000,0.000,0.000
5426,2114.947,227.244,227.244,362.896,11.155,0.000,362.896,0.000,0.000,0.000,0.000,0.000,0.000
5427,2115.349,218.251,218.251,362.660,11.006,0.000,362.660,0.000,0.000,0.000,0.000,0.000,0.000
5428,2115.751,231.716,231.716,362.414,10.858,0.000,362.414,0.000,0.000,0.000,0.000,0.000,0.000
5429,2116.153,227.324,227.324,362.160,10.710,0.000,362.160,0.000,0.000,0.000,0.000,0.000,0.000
5430,2116.554,223.425,223.425,361.898,10.562,0.000,361.897,0.000,0.000,0.000,0.000,0.000,0.000
5431,2116.956,242.915,242.915,361.626,10.413,0.000,361.626,0.000,0.000,0.000,0.000,0.000,0.000
5432,2117.358,254.412,254.412,361.346,10.265,0.000,361.346,0.000,0.000,0.000,0.000,0.000,0.000
5433,2117.759,235.251,235.251,361.057,10.117,0.000,361.057,0.000,0.000,0.000,0.000,0.000,0.000
5434,2118.161,231.979,231.979,360.759,9.968,0.000,360.759,0.000,0.000,0.000,0.000,0.000,0.000
5435,2118.562,250.684,250.684,360.453,9.820,0.000,360.453,0.000,0.000,0.000,0.000,0.000,0.000
5436,2118.964,258.177,258.177,360.139,9.672,0.000,360.139,0.000,0.000,0.000,0.000,0.000,0.000
5437,2119.365,246.632,246.632,359.816,9.524,0.000,359.816,0.000,0.000,0.000,0.000,0.000,0.000
5438,2119.767,238.451,238.451,359.484,9.375,0.000,359.484,0.000,0.000,0.000,0.000,0.000,0.000
5439,2120.168,241.264,241.264,359.144,9.227,0.000,359.144,0.000,0.000,0.000,0.000,0.000,0.000
5440,2120.570,215.178,215.178,358.796,9.079,0.000,358.796,0.000,0.000,0.000,0.000,0.000,0.000
5441,2120.971,217.208,217.208,358.440,8.931,0.000,358.440,0.000,0.000,0.000,0.000,0.000,0.000
5442,2121.372,275.186,275.186,358.075,8.782,0.000,358.075,0.000,0.000,0.000,0.000,0.000,0.000
5443,2121.773,221.094,221.094,357.702,8.634,0.000,357.702,0.000,0.000,0.000,0.000,0.000,0.000
5444,2122.175,264.309,264.309,357.321,8.486,0.000,357.321,0.000,0.000,0.000,0.000,0.000,0.000
5445,2122.576,255.872,255.872,356.932,8.337,0.000,356.932,0.000,0.000,0.000,0.000,0.000,0.000
5446,2122.977,205.865,205.865,356.535,8.189,0.000,356.535,0.000,0.000,0.000,0.000,0.000,0.000
5447,2123.378,239.216,239.216,356.130,8.041,0.000,356.130,0.000,0.000,0.000,0.000,0.000,0.000
5448,2123.779,225.557,225.557,355.718,7.893,0.000,355.718,0.000,0.000,0.000,0.000,0.000,0.000
5449,2124.180,241.819,241.819,355.297,7.744,0.000,355.297,0.000,0.000,0.000,0.000,0.000,0.000
5450,2124.581,207.859,207.859,354.869,7.596,0.000,354.869,0.000,0.000,0.000,0.000,0.000,0.000
5451,2124.982,236.439,236.439,354.433,7.448,0.000,354.433,0.000,0.000,0.000,0.000,0.000,0.000
5452,2125.383,266.129,266.129,353.989,7.300,0.000,353.989,0.000,0.000,0.000,0.000,0.000,0.000
5453,2125.783,274.912,274.912,353.538,7.151,0.000,353.538,0.000,0.000,0.000,0.000,0.000,0.000
5454,2126.184,250.282,250.282,353.080,7.003,0.000,353.080,0.000,0.000,0.000,0.000,0.000,0.000
5455,2126.585,245.507,245.507,352.614,6.855,0.000,352.614,0.000,0.000,0.000,0.000,0.000,0.000
5456,2126.986,239.159,239.159,352.140,6.707,0.000,352.140,0.000,0.000,0.000,0.000,0.000,0.000
5457,2127.386,249.043,249.043,351.660,6.558,0.000,351.660,0.000,0.000,0.000,0.000,0.000,0.000
5458,2127.787,278.173,278.173,351.172,6.410,0.000,351.172,0.000,0.000,0.000,0.000,0.000,0.000
5459,2128.187,251.578,251.578,350.677,6.262,0.000,350.677,0.000,0.000,0.000,0.000,0.000,0.000
5460,2128.588,258.858,258.858,350.176,6.113,0.000,350.176,0.000,0.000,0.000,0.000,0.000,0.000
5461,2128.989,225.730,225.730,349.667,5.965,0.000,349.667,0.000,0.000,0.000,0.000,0.000,0.000
5462,2129.389,263.717,263.717,349.151,5.817,0.000,349.151,0.000,0.000,0.000,0.000,0.000,0.000
5463,2129.789,235.758,235.758,348.629,5.669,0.000,348.629,0.000,0.000,0.000,0.000,0.000,0.000
5464,2130.190,274.935,274.935,348.100,5.520,0.000,348.100,0.000,0.000,0.000,0.000,0.000,0.000
5465,2130.590,256.060,256.060,347.564,5.372,0.000,347.564,0.000,0.000,0.000,0.000,0.000,0.000
5466,2130.990,264.062,264.062,347.022,5.224,0.000,347.021,0.000,0.000,0.000,0.000,0.000,0.000
5467,2131.391,236.638,236.638,346.473,5.076,0.000,346.473,0.000,0.000,0.000,0.000,0.000,0.000
5468,2131.791,240.157,240.157,345.918,4.927,0.000,345.917,0.000,0.000,0.000,0.000,0.000,0.000
5469,2132.191,254.079,254.079,345.356,4.779,0.000,345.356,0.000,0.000,0.000,0.000,0.000,0.000
5470,2132.591,241.080,241.080,344.788,4.631,0.000,344.788,0.000,0.000,0.000,0.000,0.000,0.000
5471,2132.991,277.539,277.539,344.215,4.482,0.000,344.214,0.000,0.000,0.000,0.000,0.000,0.000
5472,2133.391,273.561,273.561,343.635,4.334,0.000,343.635,0.000,0.000,0.000,0.000,0.000,0.000
5473,2133.792,254.944,254.944,343.049,4.186,0.000,343.049,0.000,0.000,0.000,0.000,0.000,0.000
5474,2134.191,253.954,253.954,342.457,4.038,0.000,342.457,0.000,0.000,0.000,0.000,0.000,0.000
5475,2134.591,251.224,251.224,341.860,3.889,0.000,341.860,0.000,0.000,0.000,0.000,0.000,0.000
5476,2134.991,285.801,285.801,341.256,3.741,0.000,341.256,0.000,0.000,0.000,0.000,0.000,0.000
5477,2135.391,265.416,265.416,340.648,3.593,0.000,340.648,0.000,0.000,0.000,0.000,0.000,0.000
5478,2135.791,268.125,268.125,340.033,3.445,0.000,340.033,0.000,0.000,0.000,0.000,0.000,0.000
5479,2136.191,247.358,247.358,339.414,3.296,0.000,339.414,0.000,0.000,0.000,0.000,0.000,0.000
5480,2136.591,253.952,253.952,338.789,3.148,0.000,338.789,0.000,0.000,0.000,0.000,0.000,0.000
5481,2136.990,241.850,241.850,338.158,3.000,0.000,338.158,0.000,0.000,0.000,0.000,0.000,0.000
5482,2137.390,238.908,238.908,337.523,2.852,0.000,337.523,0.000,0.000,0.000,0.000,0.000,0.000
5483,2137.790,244.810,244.810,336.882,2.703,0.000,336.882,0.000,0.000,0.000,0.000,0.000,0.000
5484,2138.189,285.543,285.543,336.237,2.555,0.000,336.237,0.000,0.000,0.000,0.000,0.000,0.000
5485,2138.589,251.933,251.933,335.587,2.407,0.000,335.587,0.000,0.000,0.000,0.000,0.000,0.000
5486,2138.988,261.703,261.703,334.932,2.258,0.000,334.932,0.000,0.000,0.000,0.000,0.000,0.000
5487,2139.388,305.519,305.519,334.272,2.110,0.000,334.272,0.000,0.000,0.000,0.000,0.000,0.000
5488,2139.787,264.320,264.320,333.607,1.962,0.000,333.607,0.000,0.000,0.000,0.000,0.000,0.000
5489,2140.186,301.742,301.742,332.939,1.814,0.000,332.939,0.000,0.000,0.000,0.000,0.000,0.000
5490,2140.586,271.368,271.368,332.265,1.665,0.000,332.265,0.000,0.000,0.000,0.000,0.000,0.000
5491,2140.985,275.303,275.303,331.588,1.517,0.000,331.588,0.000,0.000,0.000,0.000,0.000,0.000
5492,2141.384,295.706,295.706,330.906,1.369,0.000,330.906,0.000,0.000,0.000,0.000,0.000,0.000
5493,2141.783,285.157,285.157,330.220,1.221,0.000,330.220,0.000,0.000,0.000,0.000,0.000,0.000
5494,2142.183,288.117,288.117,329.530,1.072,0.000,329.530,0.000,0.000,0.000,0.000,0.000,0.000
5495,2142.582,247.974,247.974,328.837,0.924,0.000,328.837,0.000,0.000,0.000,0.000,0.000,0.000
5496,2142.981,245.533,245.533,328.139,0.776,0.000,328.139,0.000,0.000,0.000,0.000,0.000,0.000
5497,2143.380,266.955,266.955,327.438,0.627,0.000,327.438,0.000,0.000,0.000,0.000,0.000,0.000
5498,2143.779,284.160,284.160,326.733,0.479,0.000,326.733,0.000,0.000,0.000,0.000,0.000,0.000
5499,2144.178,273.628,273.628,326.272,0.578,0.000,326.272,0.000,0.000,0.000,0.000,0.000,0.000
5500,2144.577,290.185,290.185,325.807,0.677,0.000,325.807,0.000,0.000,0.000,0.000,0.000,0.000
5501,2144.976,249.277,249.277,325.339,0.776,0.000,325.339,0.000,0.000,0.000,0.000,0.000,0.000
5502,2145.374,265.417,265.417,324.868,0.875,0.000,324.868,0.000,0.000,0.000,0.000,0.000,0.000
5503,2145.773,290.518,290.518,324.394,0.974,0.000,324.394,0.000,0.000,0.000,0.000,0.000,0.000
5504,2146.172,260.427,260.427,323.917,1.073,0.000,323.917,0.000,0.000,0.000,0.000,0.000,0.000
5505,2146.571,296.156,296.156,323.437,1.173,0.000,323.437,0.000,0.000,0.000,0.000,0.000,0.000
5506,2146.969,288.425,288.425,322.954,1.272,0.000,322.954,0.000,0.000,0.000,0.000,0.000,0.000
5507,2147.368,267.306,267.306,322.468,1.371,0.000,322.468,0.000,0.000,0.000,0.000,0.000,0.000
5508,2147.767,272.038,272.038,321.979,1.470,0.000,321.979,0.000,0.000,0.000,0.000,0.000,0.000
5509,2148.165,270.835,270.835,321.488,1.569,0.000,321.488,0.000,0.000,0.000,0.000,0.000,0.000
5510,2148.564,310.073,310.073,320.995,1.668,0.000,320.995,0.000,0.000,0.000,0.000,0.000,0.000
5511,2148.962,284.449,284.449,320.499,1.767,0.000,320.499,0.000,0.000,0.000,0.000,0.000,0.000
5512,2149.360,265.362,265.362,320.001,1.866,0.000,320.001,0.000,0.000,0.000,0.000,0.000,0.000
5513,2149.759,287.474,287.474,319.501,1.965,0.000,319.501,0.000,0.000,0.000,0.000,0.000,0.000
5514,2150.157,291.437,291.437,318.999,2.064,0.000,318.998,0.000,0.000,0.000,0.000,0.000,0.000
5515,2150.555,295.612,295.612,318.494,2.163,0.000,318.494,0.000,0.000,0.000,0.000,0.000,0.000
5516,2150.954,290.337,290.337,317.988,2.262,0.000,317.988,0.000,0.000,0.000,0.000,0.000,0.000
5517,2151.352,289.384,289.384,317.480,2.361,0.000,317.480,0.000,0.000,0.000,0.000,0.000,0.000
5518,2151.750,290.439,290.439,316.970,2.460,0.000,316.970,0.000,0.000,0.000,0.000,0.000,0.000
5519,2152.148,301.736,301.736,316.459,2.559,0.000,316.459,0.000,0.000,0.000,0.000,0.000,0.000
5520,2152.546,291.759,291.759,315.946,2.658,0.000,315.946,0.000,0.000,0.000,0.000,0.000,0.000
5521,2152.944,286.910,286.910,315.432,2.757,0.000,315.432,0.000,0.000,0.000,0.000,0.000,0.000
5522,2153.342,275.014,275.014,314.917,2.856,0.000,314.917,0.000,0.000,0.000,0.000,0.000,0.000
5523,2153.740,279.113,279.113,314.400,2.955,0.000,314.400,0.000,0.000,0.000,0.000,0.000,0.000
5524,2154.138,338.580,338.580,313.882,3.054,0.000,313.882,0.000,0.000,0.000,0.000,0.000,0.000
5525,2154.536,323.689,323.689,313.363,3.153,0.000,313.363,0.000,0.000,0.000,0.000,0.000,0.000
5526,2154.934,297.941,297.941,312.843,3.253,0.000,312.843,0.000,0.000,0.000,0.000,0.000,0.000
5527,2155.331,302.607,302.607,312.323,3.352,0.000,312.323,0.000,0.000,0.000,0.000,0.000,0.000
5528,2155.729,301.411,301.411,311.801,3.451,0.000,311.801,0.000,0.000,0.000,0.000,0.000,0.000
5529,2156.127,321.131,321.131,311.279,3.550,0.000,311.279,0.000,0.000,0.000,0.000,0.000,0.000
5530,2156.524,295.082,295.082,310.756,3.649,0.000,310.756,0.000,0.000,0.000,0.000,0.000,0.000
5531,2156.922,306.587,306.587,310.233,3.748,0.000,310.233,0.000,0.000,0.000,0.000,0.000,0.000
5532,2157.320,287.223,287.223,309.709,3.847,0.000,309.709,0.000,0.000,0.000,0.000,0.000,0.000
5533,2157.717,289.373,289.373,309.185,3.946,0.000,309.185,0.000,0.000,0.000,0.000,0.000,0.000
5534,2158.115,289.751,289.751,308.661,4.045,0.000,308.661,0.000,0.000,0.000,0.000,0.000,0.000
5535,2158.512,313.286,313.286,308.137,4.144,0.000,308.137,0.000,0.000,0.000,0.000,0.000,0.000
5536,2158.909,313.379,313.379,307.612,4.243,0.000,307.612,0.000,0.000,0.000,0.000,0.000,0.000
5537,2159.307,329.869,329.869,307.088,4.342,0.000,307.087,0.000,0.000,0.000,0.000,0.000,0.000
5538,2159.704,317.828,317.828,306.563,4.441,0.000,306.563,0.000,0.000,0.000,0.000,0.000,0.000
5539,2160.101,336.126,336.126,306.039,4.540,0.000,306.039,0.000,0.000,0.000,0.000,0.000,0.000
5540,2160.498,315.670,315.670,305.515,4.639,0.000,305.515,0.000,0.000,0.000,0.000,0.000,0.000
5541,2160.896,328.652,328.652,304.991,4.738,0.000,304.991,0.000,0.000,0.000,0.000,0.000,0.000
5542,2161.293,321.994,321.994,304.468,4.837,0.000,304.468,0.000,0.000,0.000,0.000,0.000,0.000
5543,2161.690,305.116,305.116,303.945,4.936,0.000,303.945,0.000,0.000,0.000,0.000,0.000,0.000
5544,2162.087,369.927,369.927,303.423,5.035,0.000,303.423,0.000,0.000,0.000,0.000,0.000,0.000
5545,2162.484,327.765,327.765,302.902,5.134,0.000,302.902,0.000,0.000,0.000,0.000,0.000,0.000
5546,2162.881,308.446,308.446,302.381,5.233,0.000,302.381,0.000,0.000,0.000,0.000,0.000,0.000
5547,2163.278,308.734,308.734,301.861,5.332,0.000,301.861,0.000,0.000,0.000,0.000,0.000,0.000
5548,2163.674,313.378,313.378,301.342,5.432,0.000,301.342,0.000,0.000,0.000,0.000,0.000,0.000
5549,2164.071,325.742,325.742,300.824,5.531,0.000,300.824,0.000,0.000,0.000,0.000,0.000,0.000
5550,2164.468,332.723,332.723,300.307,5.630,0.000,300.307,0.000,0.000,0.000,0.000,0.000,0.000
5551,2164.865,302.928,302.928,299.791,5.729,0.000,299.791,0.000,0.000,0.000,0.000,0.000,0.000
5552,2165.261,307.998,307.998,299.276,5.828,0.000,299.276,0.000,0.000,0.000,0.000,0.000,0.000
5553,2165.658,314.583,314.583,298.762,5.927,0.000,298.762,0.000,0.000,0.000,0.000,0.000,0.000
5554,2166.055,304.159,304.159,298.250,6.026,0.000,298.250,0.000,0.000,0.000,0.000,0.000,0.000
5555,2166.451,319.395,319.395,297.739,6.125,0.000,297.739,0.000,0.000,0.000,0.000,0.000,0.000
5556,2166.848,313.586,313.586,297.230,6.224,0.000,297.230,0.000,0.000,0.000,0.000,0.000,0.000
5557,2167.244,344.149,344.149,296.722,6.323,0.000,296.722,0.000,0.000,0.000,0.000,0.000,0.000
5558,2167.640,330.445,330.445,296.216,6.422,0.000,296.216,0.000,0.000,0.000,0.000,0.000,0.000
5559,2168.037,337.240,337.240,295.711,6.521,0.000,295.711,0.000,0.000,0.000,0.000,0.000,0.000
5560,2168.433,342.162,342.162,295.209,6.620,0.000,295.208,0.000,0.000,0.000,0.000,0.000,0.000
5561,2168.829,338.583,338.583,294.708,6.719,0.000,294.707,0.000,0.000,0.000,0.000,0.000,0.000
5562,2169.226,346.415,346.415,294.208,6.818,0.000,294.208,0.000,0.000,0.000,0.000,0.000,0.000
5563,2169.622,357.380,357.380,293.711,6.917,0.000,293.711,0.000,0.000,0.000,0.000,0.000,0.000
5564,2170.018,318.329,318.329,293.216,7.016,0.000,293.216,0.000,0.000,0.000,0.000,0.000,0.000
5565,2170.414,330.599,330.599,292.722,7.115,0.000,292.722,0.000,0.000,0.000,0.000,0.000,0.000
5566,2170.810,339.124,339.124,292.231,7.214,0.000,292.231,0.000,0.000,0.000,0.000,0.000,0.000
5567,2171.206,335.628,335.628,291.742,7.313,0.000,291.742,0.000,0.000,0.000,0.000,0.000,0.000
5568,2171.602,352.738,352.738,291.255,7.412,0.000,291.255,0.000,0.000,0.000,0.000,0.000,0.000
5569,2171.998,328.674,328.674,290.771,7.511,0.000,290.771,0.000,0.000,0.000,0.000,0.000,0.000
5570,2172.394,313.994,313.994,290.289,7.611,0.000,290.289,0.000,0.000,0.000,0.000,0.000,0.000
5571,2172.790,331.615,331.615,289.809,7.710,0.000,289.809,0.000,0.000,0.000,0.000,0.000,0.000
5572,2173.185,369.685,369.685,289.331,7.809,0.000,289.331,0.000,0.000,0.000,0.000,0.000,0.000
5573,2173.581,330.070,330.070,288.856,7.908,0.000,288.856,0.000,0.000,0.000,0.000,0.000,0.000
5574,2173.977,341.458,341.458,288.384,8.007,0.000,288.384,0.000,0.000,0.000,0.000,0.000,0.000
5575,2174.372,343.324,343.324,287.914,8.106,0.000,287.914,0.000,0.000,0.000,0.000,0.000,0.000
5576,2174.768,361.177,361.177,287.447,8.205,0.000,287.447,0.000,0.000,0.000,0.000,0.000,0.000
5577,2175.164,347.455,347.455,286.983,8.304,0.000,286.982,0.000,0.000,0.000,0.000,0.000,0.000
5578,2175.559,365.562,365.562,286.521,8.403,0.000,286.521,0.000,0.000,0.000,0.000,0.000,0.000
5579,2175.955,357.070,357.070,286.062,8.502,0.000,286.062,0.000,0.000,0.000,0.000,0.000,0.000
5580,2176.350,363.527,363.527,285.606,8.601,0.000,285.605,0.000,0.000,0.000,0.000,0.000,0.000
5581,2176.745,318.742,318.742,285.152,8.700,0.000,285.152,0.000,0.000,0.000,0.000,0.000,0.000
5582,2177.141,347.897,347.897,284.702,8.799,0.000,284.702,0.000,0.000,0.000,0.000,0.000,0.000
5583,2177.536,350.938,350.938,284.254,8.898,0.000,284.254,0.000,0.000,0.000,0.000,0.000,0.000
5584,2177.931,389.096,389.096,283.810,8.997,0.000,283.810,0.000,0.000,0.000,0.000,0.000,0.000
5585,2178.326,375.326,375.326,283.369,9.096,0.000,283.368,0.000,0.000,0.000,0.000,0.000,0.000
5586,2178.721,389.091,389.091,282.930,9.195,0.000,282.930,0.000,0.000,0.000,0.000,0.000,0.000
5587,2179.117,368.574,368.574,282.495,9.294,0.000,282.495,0.000,0.000,0.000,0.000,0.000,0.000
5588,2179.512,371.552,371.552,282.063,9.393,0.000,282.063,0.000,0.000,0.000,0.000,0.000,0.000
5589,2179.907,357.733,357.733,281.634,9.492,0.000,281.634,0.000,0.000,0.000,0.000,0.000,0.000
5590,2180.302,401.716,401.716,281.208,9.591,0.000,281.208,0.000,0.000,0.000,0.000,0.000,0.000
5591,2180.696,350.334,350.334,280.786,9.691,0.000,280.786,0.000,0.000,0.000,0.000,0.000,0.000
5592,2181.091,399.250,399.250,280.367,9.790,0.000,280.367,0.000,0.000,0.000,0.000,0.000,0.000
5593,2181.486,378.343,378.343,279.951,9.889,0.000,279.951,0.000,0.000,0.000,0.000,0.000,0.000
5594,2181.881,389.721,389.721,279.538,9.988,0.000,279.538,0.000,0.000,0.000,0.000,0.000,0.000
5595,2182.276,389.620,389.620,279.129,10.087,0.000,279.129,0.000,0.000,0.000,0.000,0.000,0.000
5596,2182.670,384.399,384.399,278.724,10.186,0.000,278.723,0.000,0.000,0.000,0.000,0.000,0.000
5597,2183.065,344.340,344.340,278.321,10.285,0.000,278.321,0.000,0.000,0.000,0.000,0.000,0.000
5598,2183.459,391.199,391.199,277.922,10.384,0.000,277.922,0.000,0.000,0.000,0.000,0.000,0.000
5599,2183.854,385.380,385.380,277.527,10.483,0.000,277.527,0.000,0.000,0.000,0.000,0.000,0.000
5600,2184.248,362.480,362.480,277.135,10.582,0.000,277.135,0.000,0.000,0.000,0.000,0.000,0.000
5601,2184.643,427.456,427.456,276.747,10.681,0.000,276.747,0.000,0.000,0.000,0.000,0.000,0.000
5602,2185.037,380.909,380.909,276.362,10.780,0.000,276.362,0.000,0.000,0.000,0.000,0.000,0.000
5603,2185.432,397.684,397.684,275.981,10.879,0.000,275.981,0.000,0.000,0.000,0.000,0.000,0.000
5604,2185.826,374.627,374.627,275.604,10.978,0.000,275.604,0.000,0.000,0.000,0.000,0.000,0.000
5605,2186.220,405.685,405.685,275.230,11.077,0.000,275.230,0.000,0.000,0.000,0.000,0.000,0.000
5606,2186.614,359.201,359.201,274.860,11.176,0.000,274.859,0.000,0.000,0.000,0.000,0.000,0.000
5607,2187.009,394.879,394.879,274.493,11.275,0.000,274.493,0.000,0.000,0.000,0.000,0.000,0.000
5608,2187.403,405.352,405.352,274.130,11.374,0.000,274.130,0.000,0.000,0.000,0.000,0.000,0.000
5609,2187.797,375.809,375.809,273.771,11.473,0.000,273.771,0.000,0.000,0.000,0.000,0.000,0.000
5610,2188.191,417.920,417.920,273.415,11.572,0.000,273.415,0.000,0.000,0.000,0.000,0.000,0.000
5611,2188.585,355.122,355.122,273.064,11.671,0.000,273.064,0.000,0.000,0.000,0.000,0.000,0.000
5612,2188.979,390.043,390.043,272.716,11.770,0.000,272.716,0.000,0.000,0.000,0.000,0.000,0.000
5613,2189.372,395.593,395.593,272.372,11.870,0.000,272.371,0.000,0.000,0.000,0.000,0.000,0.000
5614,2189.766,386.340,386.340,272.031,11.969,0.000,272.031,0.000,0.000,0.000,0.000,0.000,0.000
5615,2190.160,424.061,424.061,271.694,12.068,0.000,271.694,0.000,0.000,0.000,0.000,0.000,0.000
5616,2190.554,414.980,414.980,271.361,12.167,0.000,271.361,0.000,0.000,0.000,0.000,0.000,0.000
5617,2190.947,375.735,375.735,271.032,12.266,0.000,271.032,0.000,0.000,0.000,0.000,0.000,0.000
5618,2191.341,411.053,411.053,270.707,12.365,0.000,270.707,0.000,0.000,0.000,0.000,0.000,0.000
5619,2191.735,406.787,406.787,270.386,12.464,0.000,270.385,0.000,0.000,0.000,0.000,0.000,0.000
5620,2192.128,364.994,364.994,270.068,12.563,0.000,270.068,0.000,0.000,0.000,0.000,0.000,0.000
5621,2192.522,393.369,393.369,269.754,12.662,0.000,269.754,0.000,0.000,0.000,0.000,0.000,0.000
5622,2192.915,382.487,382.487,269.444,12.761,0.000,269.444,0.000,0.000,0.000,0.000,0.000,0.000
5623,2193.309,397.310,397.310,269.138,12.860,0.000,269.138,0.000,0.000,0.000,0.000,0.000,0.000
5624,2193.702,412.260,412.260,268.836,12.959,0.000,268.836,0.000,0.000,0.000,0.000,0.000,0.000
5625,2194.095,403.239,403.239,268.537,13.058,0.000,268.537,0.000,0.000,0.000,0.000,0.000,0.000
5626,2194.488,383.125,383.125,268.243,13.157,0.000,268.243,0.000,0.000,0.000,0.000,0.000,0.000
5627,2194.882,391.285,391.285,267.952,13.256,0.000,267.952,0.000,0.000,0.000,0.000,0.000,0.000
5628,2195.275,397.748,397.748,267.665,13.355,0.000,267.665,0.000,0.000,0.000,0.000,0.000,0.000
5629,2195.668,406.930,406.930,267.382,13.454,0.000,267.382,0.000,0.000,0.000,0.000,0.000,0.000
5630,2196.061,407.655,407.655,267.103,13.553,0.000,267.103,0.000,0.000,0.000,0.000,0.000,0.000
5631,2196.454,414.596,414.596,266.828,13.652,0.000,266.828,0.000,0.000,0.000,0.000,0.000,0.000
5632,2196.847,430.819,430.819,266.556,13.751,0.000,266.556,0.000,0.000,0.000,0.000,0.000,0.000
5633,2197.240,413.182,413.182,266.289,13.850,0.000,266.289,0.000,0.000,0.000,0.000,0.000,0.000
5634,2197.633,382.576,382.576,266.025,13.949,0.000,266.025,0.000,0.000,0.000,0.000,0.000,0.000
5635,2198.025,433.063,433.063,265.765,14.049,0.000,265.765,0.000,0.000,0.000,0.000,0.000,0.000
5636,2198.418,424.763,424.763,265.509,14.148,0.000,265.509,0.000,0.000,0.000,0.000,0.000,0.000
5637,2198.811,413.199,413.199,265.257,14.247,0.000,265.257,0.000,0.000,0.000,0.000,0.000,0.000
5638,2199.204,390.735,390.735,265.009,14.346,0.000,265.008,0.000,0.000,0.000,0.000,0.000,0.000
5639,2199.596,408.419,408.419,264.764,14.445,0.000,264.764,0.000,0.000,0.000,0.000,0.000,0.000
5640,2199.989,390.954,390.954,264.523,14.544,0.000,264.523,0.000,0.000,0.000,0.000,0.000,0.000
5641,2200.381,377.026,377.026,264.286,14.643,0.000,264.286,0.000,0.000,0.000,0.000,0.000,0.000
5642,2200.774,389.776,389.776,264.053,14.742,0.000,264.053,0.000,0.000,0.000,0.000,0.000,0.000
5643,2201.166,441.782,441.782,263.824,14.841,0.000,263.824,0.000,0.000,0.000,0.000,0.000,0.000
5644,2201.559,398.071,398.071,263.598,14.940,0.000,263.598,0.000,0.000,0.000,0.000,0.000,0.000
5645,2201.951,405.700,405.700,263.376,15.039,0.000,263.376,0.000,0.000,0.000,0.000,0.000,0.000
5646,2202.343,417.657,417.657,263.158,15.138,0.000,263.158,0.000,0.000,0.000,0.000,0.000,0.000
5647,2202.735,383.545,383.545,262.944,15.237,0.000,262.944,0.000,0.000,0.000,0.000,0.000,0.000
5648,2203.128,429.965,429.965,262.734,15.336,0.000,262.733,0.000,0.000,0.000,0.000,0.000,0.000
5649,2203.520,392.559,392.559,262.527,15.435,0.000,262.526,0.000,0.000,0.000,0.000,0.000,0.000
5650,2203.912,397.677,397.677,262.324,15.534,0.000,262.323,0.000,0.000,0.000,0.000,0.000,0.000
5651,2204.304,437.546,437.546,262.124,15.633,0.000,262.124,0.000,0.000,0.000,0.000,0.000,0.000
5652,2204.696,424.358,424.358,261.928,15.732,0.000,261.928,0.000,0.000,0.000,0.000,0.000,0.000
5653,2205.088,387.061,387.061,261.736,15.831,0.000,261.736,0.000,0.000,0.000,0.000,0.000,0.000
5654,2205.480,392.085,392.085,261.548,15.930,0.000,261.548,0.000,0.000,0.000,0.000,0.000,0.000
5655,2205.871,437.543,437.543,261.363,16.029,0.000,261.363,0.000,0.000,0.000,0.000,0.000,0.000
5656,2206.263,412.752,412.752,261.182,16.129,0.000,261.182,0.000,0.000,0.000,0.000,0.000,0.000
5657,2206.655,379.135,379.135,261.004,16.228,0.000,261.004,0.000,0.000,0.000,0.000,0.000,0.000
5658,2207.047,378.530,378.530,260.830,16.327,0.000,260.830,0.000,0.000,0.000,0.000,0.000,0.000
5659,2207.438,419.714,419.714,260.660,16.426,0.000,260.659,0.000,0.000,0.000,0.000,0.000,0.000
5660,2207.830,433.243,433.243,260.493,16.525,0.000,260.493,0.000,0.000,0.000,0.000,0.000,0.000
5661,2208.221,378.083,378.083,260.329,16.624,0.000,260.329,0.000,0.000,0.000,0.000,0.000,0.000
5662,2208.613,412.214,412.214,260.170,16.723,0.000,260.169,0.000,0.000,0.000,0.000,0.000,0.000
5663,2209.004,423.892,423.892,260.013,16.822,0.000,260.013,0.000,0.000,0.000,0.000,0.000,0.000
5664,2209.396,384.308,384.308,259.860,16.921,0.000,259.860,0.000,0.000,0.000,0.000,0.000,0.000
5665,2209.787,397.141,397.141,259.711,17.020,0.000,259.711,0.000,0.000,0.000,0.000,0.000,0.000
5666,2210.178,390.860,390.860,259.565,17.119,0.000,259.565,0.000,0.000,0.000,0.000,0.000,0.000
5667,2210.570,445.594,445.594,259.422,17.218,0.000,259.422,0.000,0.000,0.000,0.000,0.000,0.000
5668,2210.961,402.444,402.444,259.283,17.317,0.000,259.283,0.000,0.000,0.000,0.000,0.000,0.000
5669,2211.352,421.474,421.474,259.147,17.416,0.000,259.147,0.000,0.000,0.000,0.000,0.000,0.000
5670,2211.743,453.131,453.131,259.015,17.515,0.000,259.015,0.000,0.000,0.000,0.000,0.000,0.000
5671,2212.134,430.172,430.172,258.886,17.614,0.000,258.886,0.000,0.000,0.000,0.000,0.000,0.000
5672,2212.525,422.684,422.684,258.760,17.713,0.000,258.760,0.000,0.000,0.000,0.000,0.000,0.000
5673,2212.916,371.461,371.461,258.637,17.812,0.000,258.637,0.000,0.000,0.000,0.000,0.000,0.000
5674,2213.307,435.780,435.780,258.518,17.911,0.000,258.518,0.000,0.000,0.000,0.000,0.000,0.000
5675,2213.698,372.986,372.986,258.402,18.010,0.000,258.402,0.000,0.000,0.000,0.000,0.000,0.000
5676,2214.088,410.676,410.676,258.289,18.109,0.000,258.289,0.000,0.000,0.000,0.000,0.000,0.000
5677,2214.479,399.147,399.147,258.180,18.208,0.000,258.179,0.000,0.000,0.000,0.000,0.000,0.000
5678,2214.870,400.288,400.288,258.073,18.308,0.000,258.073,0.000,0.000,0.000,0.000,0.000,0.000
5679,2215.260,349.781,349.781,257.970,18.407,0.000,257.970,0.000,0.000,0.000,0.000,0.000,0.000
5680,2215.651,393.213,393.213,257.870,18.506,0.000,257.869,0.000,0.000,0.000,0.000,0.000,0.000
5681,2216.042,354.026,354.026,257.772,18.605,0.000,257.772,0.000,0.000,0.000,0.000,0.000,0.000
5682,2216.432,401.498,401.498,257.678,18.704,0.000,257.678,0.000,0.000,0.000,0.000,0.000,0.000
5683,2216.822,427.071,427.071,257.587,18.803,0.000,257.587,0.000,0.000,0.000,0.000,0.000,0.000
5684,2217.213,445.274,445.274,257.499,18.902,0.000,257.499,0.000,0.000,0.000,0.000,0.000,0.000
5685,2217.603,431.365,431.365,257.414,19.001,0.000,257.414,0.000,0.000,0.000,0.000,0.000,0.000
5686,2217.993,382.549,382.549,257.332,19.100,0.000,257.332,0.000,0.000,0.000,0.000,0.000,0.000
5687,2218.384,411.301,411.301,257.253,19.199,0.000,257.253,0.000,0.000,0.000,0.000,0.000,0.000
5688,2218.774,402.252,402.252,257.177,19.298,0.000,257.177,0.000,0.000,0.000,0.000,0.000,0.000
5689,2219.164,409.390,409.390,257.104,19.397,0.000,257.103,0.000,0.000,0.000,0.000,0.000,0.000
5690,2219.554,396.939,396.939,257.033,19.496,0.000,257.033,0.000,0.000,0.000,0.000,0.000,0.000
5691,2219.944,405.729,405.729,256.966,19.595,0.000,256.965,0.000,0.000,0.000,0.000,0.000,0.000
5692,2220.334,395.387,395.387,256.901,19.694,0.000,256.901,0.000,0.000,0.000,0.000,0.000,0.000
5693,2220.724,418.998,418.998,256.839,19.793,0.000,256.839,0.000,0.000,0.000,0.000,0.000,0.000
5694,2221.114,404.793,404.793,256.780,19.892,0.000,256.779,0.000,0.000,0.000,0.000,0.000,0.000
5695,2221.503,449.733,449.733,256.723,19.991,0.000,256.723,0.000,0.000,0.000,0.000,0.000,0.000
5696,2221.893,398.795,398.795,256.669,20.090,0.000,256.669,0.000,0.000,0.000,0.000,0.000,0.000
5697,2222.283,383.690,383.690,256.618,20.189,0.000,256.618,0.000,0.000,0.000,0.000,0.000,0.000
5698,2222.673,404.166,404.166,256.570,20.288,0.000,256.569,0.000,0.000,0.000,0.000,0.000,0.000
5699,2223.062,441.459,441.459,256.524,20.387,0.000,256.523,0.000,0.000,0.000,0.000,0.000,0.000
5700,2223.452,392.651,392.651,256.480,20.487,0.000,256.480,0.000,0.000,0.000,0.000,0.000,0.000
5701,2223.841,354.847,354.847,256.440,20.586,0.000,256.439,0.000,0.000,0.000,0.000,0.000,0.000
5702,2224.231,392.139,392.139,256.402,20.685,0.000,256.401,0.000,0.000,0.000,0.000,0.000,0.000
5703,2224.620,418.705,418.705,256.366,20.784,0.000,256.365,0.000,0.000,0.000,0.000,0.000,0.000
5704,2225.009,389.453,389.453,256.333,20.883,0.000,256.332,0.000,0.000,0.000,0.000,0.000,0.000
5705,2225.399,387.080,387.080,256.302,20.982,0.000,256.301,0.000,0.000,0.000,0.000,0.000,0.000
5706,2225.788,400.447,400.447,256.273,21.081,0.000,256.273,0.000,0.000,0.000,0.000,0.000,0.000
5707,2226.177,391.584,391.584,256.248,21.180,0.000,256.247,0.000,0.000,0.000,0.000,0.000,0.000
5708,2226.566,411.843,411.843,256.224,21.279,0.000,256.224,0.000,0.000,0.000,0.000,0.000,0.000
5709,2226.955,358.821,358.821,256.203,21.378,0.000,256.202,0.000,0.000,0.000,0.000,0.000,0.000
5710,2227.344,423.961,423.961,256.184,21.477,0.000,256.183,0.000,0.000,0.000,0.000,0.000,0.000
5711,2227.733,340.819,340.819,256.167,21.576,0.000,256.167,0.000,0.000,0.000,0.000,0.000,0.000
5712,2228.122,383.990,383.990,256.153,21.675,0.000,256.152,0.000,0.000,0.000,0.000,0.000,0.000
5713,2228.511,403.503,403.503,256.141,21.774,0.000,256.140,0.000,0.000,0.000,0.000,0.000,0.000
5714,2228.900,426.122,426.122,256.131,21.873,0.000,256.130,0.000,0.000,0.000,0.000,0.000,0.000
5715,2229.289,344.588,344.588,256.123,21.972,0.000,256.122,0.000,0.000,0.000,0.000,0.000,0.000
5716,2229.677,364.289,364.289,256.117,22.071,0.000,256.117,0.000,0.000,0.000,0.000,0.000,0.000
5717,2230.066,382.813,382.813,256.114,22.170,0.000,256.113,0.000,0.000,0.000,0.000,0.000,0.000
5718,2230.455,379.091,379.091,256.112,22.269,0.000,256.112,0.000,0.000,0.000,0.000,0.000,0.000
5719,2230.843,383.890,383.890,256.113,22.368,0.000,256.112,0.000,0.000,0.000,0.000,0.000,0.000
5720,2231.232,421.482,421.482,256.115,22.467,0.000,256.115,0.000,0.000,0.000,0.000,0.000,0.000
5721,2231.620,374.756,374.756,256.120,22.567,0.000,256.119,0.000,0.000,0.000,0.000,0.000,0.000
5722,2232.008,360.994,360.994,256.126,22.666,0.000,256.126,0.000,0.000,0.000,0.000,0.000,0.000
5723,2232.397,361.164,361.164,256.135,22.765,0.000,256.135,0.000,0.000,0.000,0.000,0.000,0.000
5724,2232.785,377.969,377.969,256.145,22.864,0.000,256.145,0.000,0.000,0.000,0.000,0.000,0.000
5725,2233.173,398.057,398.057,256.158,22.963,0.000,256.157,0.000,0.000,0.000,0.000,0.000,0.000
5726,2233.561,372.074,372.074,256.172,23.062,0.000,256.172,0.000,0.000,0.000,0.000,0.000,0.000
5727,2233.950,363.664,363.664,256.188,23.161,0.000,256.188,0.000,0.000,0.000,0.000,0.000,0.000
5728,2234.338,401.060,401.060,256.206,23.260,0.000,256.205,0.000,0.000,0.000,0.000,0.000,0.000
5729,2234.726,378.163,378.163,256.225,23.359,0.000,256.225,0.000,0.000,0.000,0.000,0.000,0.000
5730,2235.114,408.789,408.789,256.247,23.458,0.000,256.246,0.000,0.000,0.000,0.000,0.000,0.000
5731,2235.502,365.025,365.025,256.270,23.557,0.000,256.269,0.000,0.000,0.000,0.000,0.000,0.000
5732,2235.889,391.742,391.742,256.295,23.656,0.000,256.294,0.000,0.000,0.000,0.000,0.000,0.000
5733,2236.277,391.111,391.111,256.321,23.755,0.000,256.321,0.000,0.000,0.000,0.000,0.000,0.000
5734,2236.665,328.948,328.948,256.349,23.854,0.000,256.349,0.000,0.000,0.000,0.000,0.000,0.000
5735,2237.053,354.730,354.730,256.379,23.953,0.000,256.378,0.000,0.000,0.000,0.000,0.000,0.000
5736,2237.440,379.951,379.951,256.410,24.052,0.000,256.410,0.000,0.000,0.000,0.000,0.000,0.000
5737,2237.828,383.834,383.834,256.443,24.151,0.000,256.442,0.000,0.000,0.000,0.000,0.000,0.000
5738,2238.215,374.187,374.187,256.477,24.250,0.000,256.477,0.000,0.000,0.000,0.000,0.000,0.000
5739,2238.603,373.216,373.216,256.513,24.349,0.000,256.513,0.000,0.000,0.000,0.000,0.000,0.000
5740,2238.990,381.883,381.883,256.550,24.448,0.000,256.550,0.000,0.000,0.000,0.000,0.000,0.000
5741,2239.378,358.500,358.500,256.589,24.547,0.000,256.589,0.000,0.000,0.000,0.000,0.000,0.000
5742,2239.765,391.469,391.469,256.629,24.646,0.000,256.629,0.000,0.000,0.000,0.000,0.000,0.000
5743,2240.152,365.450,365.450,256.671,24.746,0.000,256.671,0.000,0.000,0.000,0.000,0.000,0.000
5744,2240.539,325.016,325.016,256.714,24.845,0.000,256.714,0.000,0.000,0.000,0.000,0.000,0.000
5745,2240.927,364.890,364.890,256.758,24.944,0.000,256.758,0.000,0.000,0.000,0.000,0.000,0.000
5746,2241.314,404.812,404.812,256.804,25.043,0.000,256.804,0.000,0.000,0.000,0.000,0.000,0.000
5747,2241.701,360.283,360.283,256.851,25.142,0.000,256.850,0.000,0.000,0.000,0.000,0.000,0.000
5748,2242.088,359.921,359.921,256.899,25.241,0.000,256.899,0.000,0.000,0.000,0.000,0.000,0.000
5749,2242.475,380.401,380.401,256.949,25.340,0.000,256.948,0.000,0.000,0.000,0.000,0.000,0.000
5750,2242.862,390.703,390.703,256.999,25.439,0.000,256.999,0.000,0.000,0.000,0.000,0.000,0.000
5751,2243.248,336.090,336.090,257.051,25.538,0.000,257.051,0.000,0.000,0.000,0.000,0.000,0.000
5752,2243.635,342.624,342.624,257.104,25.637,0.000,257.103,0.000,0.000,0.000,0.000,0.000,0.000
5753,2244.022,347.814,347.814,257.158,25.736,0.000,257.158,0.000,0.000,0.000,0.000,0.000,0.000
5754,2244.409,361.355,361.355,257.213,25.835,0.000,257.213,0.000,0.000,0.000,0.000,0.000,0.000
5755,2244.795,358.589,358.589,257.270,25.934,0.000,257.269,0.000,0.000,0.000,0.000,0.000,0.000
5756,2245.182,373.226,373.226,257.327,26.033,0.000,257.326,0.000,0.000,0.000,0.000,0.000,0.000
5757,2245.568,342.298,342.298,257.385,26.132,0.000,257.385,0.000,0.000,0.000,0.000,0.000,0.000
5758,2245.955,357.350,357.350,257.445,26.231,0.000,257.444,0.000,0.000,0.000,0.000,0.000,0.000
5759,2246.341,380.017,380.017,257.505,26.330,0.000,257.505,0.000,0.000,0.000,0.000,0.000,0.000
5760,2246.727,334.917,334.917,257.567,26.429,0.000,257.566,0.000,0.000,0.000,0.000,0.000,0.000
5761,2247.114,315.042,315.042,257.629,26.528,0.000,257.628,0.000,0.000,0.000,0.000,0.000,0.000
5762,2247.500,340.744,340.744,257.692,26.627,0.000,257.691,0.000,0.000,0.000,0.000,0.000,0.000
5763,2247.886,347.600,347.600,257.756,26.726,0.000,257.756,0.000,0.000,0.000,0.000,0.000,0.000
5764,2248.272,381.201,381.201,257.821,26.825,0.000,257.820,0.000,0.001,0.000,0.000,0.000,0.000
5765,2248.658,331.004,331.004,257.887,26.925,0.000,257.886,0.000,0.001,0.000,0.000,0.000,0.000
5766,2249.044,338.552,338.552,257.953,27.024,0.000,257.953,0.000,0.001,0.000,0.000,0.000,0.000
5767,2249.430,316.758,316.758,258.021,27.123,0.000,258.020,0.000,0.001,0.000,0.000,0.000,0.000
5768,2249.816,368.244,368.244,258.089,27.222,0.000,258.088,0.000,0.001,0.000,0.000,0.000,0.000
5769,2250.202,369.156,369.156,258.158,27.321,0.000,258.157,0.000,0.001,0.000,0.000,0.000,0.000
5770,2250.588,334.787,334.787,258.227,27.420,0.000,258.227,0.000,0.001,0.000,0.000,0.000,0.000
5771,2250.973,319.642,319.642,258.298,27.519,0.000,258.297,0.000,0.001,0.000,0.000,0.000,0.000
5772,2251.359,312.469,312.469,258.369,27.618,0.000,258.368,0.000,0.001,0.000,0.000,0.000,0.000
5773,2251.745,337.654,337.654,258.440,27.717,0.000,258.440,0.000,0.001,0.000,0.000,0.000,0.000
5774,2252.130,295.577,295.577,258.512,27.816,0.000,258.512,0.000,0.001,0.000,0.000,0.000,0.000
5775,2252.516,334.083,334.083,258.585,27.915,0.000,258.585,0.000,0.001,0.000,0.000,0.000,0.000
5776,2252.901,336.660,336.660,258.659,28.014,0.000,258.658,0.000,0.001,0.000,0.000,0.000,0.000
5777,2253.287,305.691,305.691,258.733,28.113,0.000,258.732,0.000,0.001,0.000,0.000,0.000,0.000
5778,2253.672,344.098,344.098,258.807,28.212,0.000,258.807,0.000,0.001,0.000,0.000,0.000,0.000
5779,2254.057,341.430,341.430,258.882,28.311,0.000,258.882,0.000,0.001,0.000,0.000,0.000,0.000
5780,2254.442,327.961,327.961,258.958,28.410,0.000,258.957,0.000,0.001,0.000,0.000,0.000,0.000
5781,2254.828,334.241,334.241,259.034,28.509,0.000,259.033,0.000,0.001,0.000,0.000,0.000,0.000
5782,2255.213,350.618,350.618,259.110,28.608,0.000,259.109,0.000,0.001,0.000,0.000,0.000,0.000
5783,2255.598,327.473,327.473,259.187,28.707,0.000,259.186,0.000,0.001,0.000,0.000,0.000,0.000
5784,2255.983,325.821,325.821,259.264,28.806,0.000,259.263,0.000,0.001,0.000,0.000,0.000,0.000
5785,2256.368,348.258,348.258,259.342,28.905,0.000,259.341,0.000,0.001,0.000,0.000,0.000,0.000
5786,2256.752,330.504,330.504,259.419,29.005,0.000,259.419,0.000,0.001,0.000,0.000,0.000,0.000
5787,2257.137,316.485,316.485,259.498,29.104,0.000,259.497,0.000,0.001,0.000,0.000,0.000,0.000
5788,2257.522,342.740,342.740,259.576,29.203,0.000,259.576,0.000,0.001,0.000,0.000,0.000,0.000
5789,2257.907,306.617,306.617,259.655,29.302,0.000,259.655,0.000,0.001,0.000,0.000,0.000,0.000
5790,2258.291,321.890,321.890,259.734,29.401,0.000,259.734,0.000,0.001,0.000,0.000,0.000,0.000
5791,2258.676,311.185,311.185,259.814,29.500,0.000,259.813,0.000,0.001,0.000,0.000,0.000,0.000
5792,2259.061,330.991,330.991,259.893,29.599,0.000,259.893,0.000,0.001,0.000,0.000,0.000,0.000
5793,2259.445,340.464,340.464,259.973,29.698,0.000,259.973,0.000,0.001,0.000,0.000,0.000,0.000
5794,2259.829,349.452,349.452,260.053,29.797,0.000,260.053,0.000,0.001,0.000,0.000,0.000,0.000
5795,2260.214,338.414,338.414,260.133,29.896,0.000,260.133,0.000,0.001,0.000,0.000,0.000,0.000
5796,2260.598,336.226,336.226,260.214,29.995,0.000,260.213,0.000,0.001,0.000,0.000,0.000,0.000
5797,2260.982,322.808,322.808,260.294,30.094,0.000,260.294,0.000,0.001,0.000,0.000,0.000,0.000
5798,2261.367,328.677,328.677,260.375,30.193,0.000,260.374,0.000,0.001,0.000,0.000,0.000,0.000
5799,2261.751,330.473,330.473,260.456,30.292,0.000,260.455,0.000,0.001,0.000,0.000,0.000,0.000
5800,2262.135,288.099,288.099,260.536,30.391,0.000,260.536,0.000,0.001,0.000,0.000,0.000,0.000
5801,2262.519,329.354,329.354,260.617,30.490,0.000,260.616,0.000,0.001,0.000,0.000,0.000,0.000
5802,2262.903,315.682,315.682,260.698,30.589,0.000,260.697,0.000,0.001,0.000,0.000,0.000,0.000
5803,2263.287,277.838,277.838,260.779,30.688,0.000,260.778,0.000,0.001,0.000,0.000,0.000,0.000
5804,2263.671,346.463,346.463,260.859,30.787,0.000,260.859,0.000,0.001,0.000,0.000,0.000,0.000
5805,2264.054,295.250,295.250,260.940,30.886,0.000,260.939,0.000,0.001,0.000,0.000,0.000,0.000
5806,2264.438,328.001,328.001,261.021,30.985,0.000,261.020,0.000,0.001,0.000,0.000,0.000,0.000
5807,2264.822,333.669,333.669,261.101,31.084,0.000,261.101,0.000,0.001,0.000,0.000,0.000,0.000
5808,2265.205,324.096,324.096,261.182,31.184,0.000,261.181,0.000,0.001,0.000,0.000,0.000,0.000
5809,2265.589,281.784,281.784,261.262,31.283,0.000,261.262,0.000,0.001,0.000,0.000,0.000,0.000
5810,2265.973,348.428,348.428,261.343,31.382,0.000,261.342,0.000,0.001,0.000,0.000,0.000,0.000
5811,2266.356,326.879,326.879,261.423,31.481,0.000,261.422,0.000,0.001,0.000,0.000,0.000,0.000
5812,2266.739,306.564,306.564,261.503,31.580,0.000,261.502,0.000,0.001,0.000,0.000,0.000,0.000
5813,2267.123,291.377,291.377,261.583,31.679,0.000,261.582,0.000,0.001,0.000,0.000,0.000,0.000
5814,2267.506,304.221,304.221,261.662,31.778,0.000,261.661,0.000,0.001,0.000,0.000,0.000,0.000
5815,2267.889,336.723,336.723,261.741,31.877,0.000,261.741,0.000,0.001,0.000,0.000,0.000,0.000
5816,2268.272,322.826,322.826,261.821,31.976,0.000,261.820,0.000,0.001,0.000,0.000,0.000,0.000
5817,2268.655,319.991,319.991,261.899,32.075,0.000,261.899,0.000,0.001,0.000,0.000,0.000,0.000
5818,2269.038,333.124,333.124,261.978,32.174,0.000,261.977,0.000,0.001,0.000,0.000,0.000,0.000
5819,2269.421,323.678,323.678,262.056,32.273,0.000,262.055,0.000,0.001,0.000,0.000,0.000,0.000
5820,2269.804,328.987,328.987,262.134,32.372,0.000,262.133,0.000,0.001,0.000,0.000,0.000,0.000
5821,2270.187,327.599,327.599,262.212,32.471,0.000,262.211,0.000,0.001,0.000,0.000,0.000,0.000
5822,2270.570,303.337,303.337,262.289,32.570,0.000,262.288,0.000,0.001,0.000,0.000,0.000,0.000
5823,2270.953,306.860,306.860,262.366,32.669,0.000,262.365,0.000,0.001,0.000,0.000,0.000,0.000
5824,2271.336,295.213,295.213,262.443,32.768,0.000,262.442,0.000,0.001,0.000,0.000,0.000,0.000
5825,2271.718,339.096,339.096,262.519,32.867,0.000,262.518,0.000,0.001,0.000,0.000,0.000,0.000
5826,2272.101,290.526,290.526,262.594,32.966,0.000,262.594,0.000,0.001,0.000,0.000,0.000,0.000
5827,2272.483,333.110,333.110,262.670,33.065,0.000,262.669,0.000,0.001,0.000,0.000,0.000,0.000
5828,2272.866,341.033,341.033,262.744,33.164,0.000,262.744,0.000,0.001,0.000,0.000,0.000,0.000
5829,2273.248,328.292,328.292,262.819,33.263,0.000,262.818,0.000,0.001,0.000,0.000,0.000,0.000
5830,2273.630,321.424,321.424,262.893,33.363,0.000,262.892,0.000,0.001,0.000,0.000,0.000,0.000
5831,2274.013,276.301,276.301,262.966,33.462,0.000,262.965,0.000,0.001,0.000,0.000,0.000,0.000
5832,2274.395,295.770,295.770,263.039,33.561,0.000,263.038,0.000,0.001,0.000,0.000,0.000,0.000
5833,2274.777,299.263,299.263,263.111,33.660,0.000,263.110,0.000,0.001,0.000,0.000,0.000,0.000
5834,2275.159,294.832,294.832,263.183,33.759,0.000,263.182,0.000,0.001,0.000,0.000,0.000,0.000
5835,2275.541,315.611,315.611,263.254,33.858,0.000,263.253,0.000,0.001,0.000,0.000,0.000,0.000
5836,2275.923,302.577,302.577,263.324,33.957,0.000,263.323,0.000,0.001,0.000,0.000,0.000,0.000
5837,2276.305,317.149,317.149,263.394,34.056,0.000,263.393,0.000,0.001,0.000,0.000,0.000,0.000
5838,2276.687,302.543,302.543,263.464,34.155,0.000,263.463,0.000,0.001,0.000,0.000,0.000,0.000
5839,2277.069,284.727,284.727,263.532,34.254,0.000,263.531,0.000,0.001,0.000,0.000,0.000,0.000
5840,2277.451,299.443,299.443,263.600,34.353,0.000,263.599,0.000,0.001,0.000,0.000,0.000,0.000
5841,2277.832,291.749,291.749,263.668,34.452,0.000,263.667,0.000,0.001,0.000,0.000,0.000,0.000
5842,2278.214,302.872,302.872,263.734,34.551,0.000,263.733,0.000,0.001,0.000,0.000,0.000,0.000
5843,2278.595,321.704,321.704,263.800,34.650,0.000,263.799,0.000,0.001,0.000,0.000,0.000,0.000
5844,2278.977,295.637,295.637,263.865,34.749,0.000,263.865,0.000,0.001,0.000,0.000,0.000,0.000
5845,2279.358,299.361,299.361,263.930,34.848,0.000,263.929,0.000,0.001,0.000,0.000,0.000,0.000
5846,2279.740,326.792,326.792,263.994,34.947,0.000,263.993,0.000,0.001,0.000,0.000,0.000,0.000
5847,2280.121,296.226,296.226,264.057,35.046,0.000,264.056,0.000,0.001,0.000,0.000,0.000,0.000
5848,2280.502,305.738,305.738,264.119,35.145,0.000,264.118,0.000,0.001,0.000,0.000,0.000,0.000
5849,2280.884,309.053,309.053,264.180,35.244,0.000,264.179,0.000,0.001,0.000,0.000,0.000,0.000
5850,2281.265,314.038,314.038,264.241,35.343,0.000,264.240,0.000,0.001,0.000,0.000,0.000,0.000
5851,2281.646,272.193,272.193,264.300,35.443,0.000,264.300,0.000,0.001,0.000,0.000,0.000,0.000
5852,2282.027,306.993,306.993,264.359,35.542,0.000,264.358,0.000,0.001,0.000,0.000,0.000,0.000
5853,2282.408,300.239,300.239,264.417,35.641,0.000,264.416,0.000,0.001,0.000,0.000,0.000,0.000
5854,2282.789,326.872,326.872,264.475,35.740,0.000,264.474,0.000,0.001,0.000,0.000,0.000,0.000
5855,2283.170,303.968,303.968,264.531,35.839,0.000,264.530,0.000,0.001,0.000,0.000,0.000,0.000
5856,2283.550,291.114,291.114,264.586,35.938,0.000,264.585,0.000,0.001,0.000,0.000,0.000,0.000
5857,2283.931,312.826,312.826,264.641,36.037,0.000,264.640,0.000,0.001,0.000,0.000,0.000,0.000
5858,2284.312,317.819,317.819,264.694,36.136,0.000,264.693,0.000,0.001,0.000,0.000,0.000,0.000
5859,2284.692,314.383,314.383,264.747,36.235,0.000,264.746,0.000,0.001,0.000,0.000,0.000,0.000
5860,2285.073,283.764,283.764,264.798,36.334,0.000,264.797,0.000,0.001,0.000,0.000,0.000,0.000
5861,2285.453,280.018,280.018,264.849,36.433,0.000,264.848,0.000,0.001,0.000,0.000,0.000,0.000
5862,2285.834,283.923,283.923,264.898,36.532,0.000,264.897,0.000,0.001,0.000,0.000,0.000,0.000
5863,2286.214,322.707,322.707,264.947,36.631,0.000,264.946,0.000,0.001,0.000,0.000,0.000,0.000
5864,2286.595,290.321,290.321,264.994,36.730,0.000,264.993,0.000,0.001,0.000,0.000,0.000,0.000
5865,2286.975,310.908,310.908,265.041,36.829,0.000,265.040,0.000,0.001,0.000,0.000,0.000,0.000
5866,2287.355,287.980,287.980,265.086,36.928,0.000,265.085,0.000,0.001,0.000,0.000,0.000,0.000
5867,2287.735,304.125,304.125,265.131,37.027,0.000,265.130,0.000,0.001,0.000,0.000,0.000,0.000
5868,2288.115,333.655,333.655,265.174,37.126,0.000,265.173,0.000,0.001,0.000,0.000,0.000,0.000
5869,2288.495,293.992,293.992,265.216,37.225,0.000,265.215,0.000,0.001,0.000,0.000,0.000,0.000
5870,2288.875,295.256,295.256,265.257,37.324,0.000,265.256,0.000,0.001,0.000,0.000,0.000,0.000
5871,2289.255,291.888,291.888,265.297,37.423,0.000,265.296,0.000,0.001,0.000,0.000,0.000,0.000
5872,2289.635,289.475,289.475,265.336,37.522,0.000,265.335,0.000,0.001,0.000,0.000,0.000,0.000
5873,2290.015,315.031,315.031,265.374,37.622,0.000,265.373,0.000,0.001,0.000,0.000,0.000,0.000
5874,2290.394,304.468,304.468,265.410,37.721,0.000,265.409,0.000,0.001,0.000,0.000,0.000,0.000
5875,2290.774,309.277,309.277,265.446,37.820,0.000,265.445,0.000,0.001,0.000,0.000,0.000,0.000
5876,2291.153,311.956,311.956,265.480,37.919,0.000,265.479,0.000,0.001,0.000,0.000,0.000,0.000
5877,2291.533,272.291,272.291,265.513,38.018,0.000,265.512,0.000,0.001,0.000,0.000,0.000,0.000
5878,2291.912,304.976,304.976,265.545,38.117,0.000,265.543,0.000,0.001,0.000,0.000,0.000,0.000
5879,2292.292,324.038,324.038,265.575,38.216,0.000,265.574,0.000,0.001,0.000,0.000,0.000,0.000
5880,2292.671,299.225,299.225,265.604,38.315,0.000,265.603,0.000,0.001,0.000,0.000,0.000,0.000
5881,2293.050,307.324,307.324,265.632,38.414,0.000,265.631,0.000,0.001,0.000,0.000,0.000,0.000
5882,2293.430,294.890,294.890,265.659,38.513,0.000,265.658,0.000,0.001,0.000,0.000,0.000,0.000
5883,2293.809,315.361,315.361,265.684,38.612,0.000,265.683,0.000,0.001,0.000,0.000,0.000,0.000
5884,2294.188,299.866,299.866,265.708,38.711,0.000,265.707,0.000,0.001,0.000,0.000,0.000,0.000
5885,2294.567,300.697,300.697,265.731,38.810,0.000,265.730,0.000,0.001,0.000,0.000,0.000,0.000
5886,2294.946,312.870,312.870,265.753,38.909,0.000,265.751,0.000,0.001,0.000,0.000,0.000,0.000
5887,2295.325,316.910,316.910,265.773,39.008,0.000,265.771,0.000,0.001,0.000,0.000,0.000,0.000
5888,2295.703,288.892,288.892,265.791,39.107,0.000,265.790,0.000,0.001,0.000,0.000,0.000,0.000
5889,2296.082,337.583,337.583,265.809,39.206,0.000,265.807,0.000,0.001,0.000,0.000,0.000,0.000
5890,2296.461,302.926,302.926,265.825,39.305,0.000,265.823,0.000,0.001,0.000,0.000,0.000,0.000
5891,2296.840,314.072,314.072,265.839,39.404,0.000,265.838,0.000,0.001,0.000,0.000,0.000,0.000
5892,2297.218,255.960,255.960,265.853,39.503,0.000,265.851,0.000,0.001,0.000,0.000,0.000,0.000
5893,2297.597,308.828,308.828,265.864,39.602,0.000,265.863,0.000,0.001,0.000,0.000,0.000,0.000
5894,2297.975,279.956,279.956,265.875,39.701,0.000,265.873,0.000,0.001,0.000,0.000,0.000,0.000
5895,2298.354,306.831,306.831,265.884,39.801,0.000,265.882,0.000,0.001,0.000,0.000,0.000,0.000
5896,2298.732,307.699,307.699,265.891,39.900,0.000,265.890,0.000,0.001,0.000,0.000,0.000,0.000
5897,2299.110,311.435,311.435,265.897,39.999,0.000,265.896,0.000,0.001,0.000,0.000,0.000,0.000
5898,2299.488,284.757,284.757,265.902,40.098,0.000,265.900,0.000,0.001,0.000,0.000,0.000,0.000
5899,2299.866,288.868,288.868,265.905,40.197,0.000,265.903,0.000,0.001,0.000,0.000,0.000,0.000
5900,2300.245,306.379,306.379,265.906,40.296,0.000,265.905,0.000,0.002,0.000,0.000,0.000,0.000
5901,2300.623,277.096,277.096,265.906,40.395,0.000,265.905,0.000,0.002,0.000,0.000,0.000,0.000
5902,2301.000,284.144,284.144,265.905,40.494,0.000,265.903,0.000,0.002,0.000,0.000,0.000,0.000
5903,2301.378,266.197,266.197,265.902,40.593,0.000,265.900,0.000,0.002,0.000,0.000,0.000,0.000
5904,2301.756,260.318,260.318,265.897,40.692,0.000,265.896,0.000,0.002,0.000,0.000,0.000,0.000
5905,2302.134,268.203,268.203,265.891,40.791,0.000,265.890,0.000,0.002,0.000,0.000,0.000,0.000
5906,2302.512,314.491,314.491,265.883,40.890,0.000,265.882,0.000,0.002,0.000,0.000,0.000,0.000
5907,2302.889,320.207,320.207,265.874,40.989,0.000,265.873,0.000,0.002,0.000,0.000,0.000,0.000
5908,2303.267,287.005,287.005,265.863,41.088,0.000,265.862,0.000,0.002,0.000,0.000,0.000,0.000
5909,2303.644,343.758,343.758,265.851,41.187,0.000,265.849,0.000,0.002,0.000,0.000,0.000,0.000
5910,2304.022,280.487,280.487,265.837,41.286,0.000,265.835,0.000,0.002,0.000,0.000,0.000,0.000
5911,2304.399,289.146,289.146,265.821,41.385,0.000,265.819,0.000,0.002,0.000,0.000,0.000,0.000
5912,2304.777,278.874,278.874,265.804,41.484,0.000,265.802,0.000,0.002,0.000,0.000,0.000,0.000
5913,2305.154,291.359,291.359,265.785,41.583,0.000,265.783,0.000,0.002,0.000,0.000,0.000,0.000
5914,2305.531,284.166,284.166,265.764,41.682,0.000,265.762,0.000,0.002,0.000,0.000,0.000,0.000
5915,2305.908,297.635,297.635,265.742,41.781,0.000,265.740,0.000,0.002,0.000,0.000,0.000,0.000
5916,2306.285,279.183,279.183,265.718,41.880,0.000,265.716,0.000,0.002,0.000,0.000,0.000,0.000
5917,2306.662,313.667,313.667,265.692,41.980,0.000,265.690,0.000,0.002,0.000,0.000,0.000,0.000
5918,2307.039,287.346,287.346,265.665,42.079,0.000,265.663,0.000,0.002,0.000,0.000,0.000,0.000
5919,2307.416,312.276,312.276,265.636,42.178,0.000,265.634,0.000,0.002,0.000,0.000,0.000,0.000
5920,2307.793,285.942,285.942,265.605,42.277,0.000,265.603,0.000,0.002,0.000,0.000,0.000,0.000
5921,2308.170,273.062,273.062,265.572,42.376,0.000,265.570,0.000,0.002,0.000,0.000,0.000,0.000
5922,2308.546,278.804,278.804,265.538,42.475,0.000,265.536,0.000,0.002,0.000,0.000,0.000,0.000
5923,2308.923,313.628,313.628,265.502,42.574,0.000,265.500,0.000,0.002,0.000,0.000,0.000,0.000
5924,2309.299,281.738,281.738,265.464,42.673,0.000,265.462,0.000,0.002,0.000,0.000,0.000,0.000
5925,2309.676,272.466,272.466,265.425,42.772,0.000,265.423,0.000,0.002,0.000,0.000,0.000,0.000
5926,2310.052,270.232,270.232,265.383,42.871,0.000,265.381,0.000,0.002,0.000,0.000,0.000,0.000
5927,2310.429,258.508,258.508,265.340,42.970,0.000,265.338,0.000,0.002,0.000,0.000,0.000,0.000
5928,2310.805,271.345,271.345,265.295,43.069,0.000,265.293,0.000,0.002,0.000,0.000,0.000,0.000
5929,2311.181,273.928,273.928,265.248,43.168,0.000,265.247,0.000,0.002,0.000,0.000,0.000,0.000
5930,2311.557,270.923,270.923,265.200,43.267,0.000,265.198,0.000,0.002,0.000,0.000,0.000,0.000
5931,2311.934,299.711,299.711,265.150,43.366,0.000,265.148,0.000,0.002,0.000,0.000,0.000,0.000
5932,2312.310,290.241,290.241,265.097,43.465,0.000,265.095,0.000,0.002,0.000,0.000,0.000,0.000
5933,2312.686,286.060,286.060,265.043,43.564,0.000,265.041,0.000,0.002,0.000,0.000,0.000,0.000
5934,2313.061,302.580,302.580,264.988,43.663,0.000,264.985,0.000,0.002,0.000,0.000,0.000,0.000
5935,2313.437,288.727,288.727,264.930,43.762,0.000,264.928,0.000,0.002,0.000,0.000,0.000,0.000
5936,2313.813,260.937,260.937,264.870,43.861,0.000,264.868,0.000,0.002,0.000,0.000,0.000,0.000
5937,2314.189,287.421,287.421,264.809,43.960,0.000,264.807,0.000,0.002,0.000,0.000,0.000,0.000
5938,2314.564,296.601,296.601,264.745,44.060,0.000,264.743,0.000,0.002,0.000,0.000,0.000,0.000
5939,2314.940,303.980,303.980,264.680,44.159,0.000,264.678,0.000,0.002,0.000,0.000,0.000,0.000
5940,2315.316,290.168,290.168,264.613,44.258,0.000,264.611,0.000,0.002,0.000,0.000,0.000,0.000
5941,2315.691,279.026,279.026,264.544,44.357,0.000,264.542,0.000,0.002,0.000,0.000,0.000,0.000
5942,2316.066,296.451,296.451,264.473,44.456,0.000,264.471,0.000,0.002,0.000,0.000,0.000,0.000
5943,2316.442,280.177,280.177,264.400,44.555,0.000,264.398,0.000,0.002,0.000,0.000,0.000,0.000
5944,2316.817,280.017,280.017,264.325,44.654,0.000,264.323,0.000,0.002,0.000,0.000,0.000,0.000
5945,2317.192,284.929,284.929,264.249,44.753,0.000,264.247,0.000,0.002,0.000,0.000,0.000,0.000
5946,2317.567,262.712,262.712,264.170,44.852,0.000,264.168,0.000,0.002,0.000,0.000,0.000,0.000
5947,2317.942,298.464,298.464,264.090,44.951,0.000,264.087,0.000,0.002,0.000,0.000,0.000,0.000
5948,2318.317,276.159,276.159,264.007,45.050,0.000,264.005,0.000,0.002,0.000,0.000,0.000,0.000
5949,2318.692,261.089,261.089,263.922,45.149,0.000,263.920,0.000,0.002,0.000,0.000,0.000,0.000
5950,2319.067,286.444,286.444,263.836,45.248,0.000,263.834,0.000,0.002,0.000,0.000,0.000,0.000
5951,2319.442,311.854,311.854,263.748,45.347,0.000,263.745,0.000,0.002,0.000,0.000,0.000,0.000
5952,2319.817,280.378,280.378,263.657,45.446,0.000,263.655,0.000,0.002,0.000,0.000,0.000,0.000
5953,2320.191,294.412,294.412,263.565,45.545,0.000,263.562,0.000,0.002,0.000,0.000,0.000,0.000
5954,2320.566,308.877,308.877,263.470,45.644,0.000,263.468,0.000,0.002,0.000,0.000,0.000,0.000
5955,2320.941,302.626,302.626,263.374,45.743,0.000,263.371,0.000,0.002,0.000,0.000,0.000,0.000
5956,2321.315,261.668,261.668,263.276,45.842,0.000,263.273,0.000,0.002,0.000,0.000,0.000,0.000
5957,2321.689,265.986,265.986,263.175,45.941,0.000,263.173,0.000,0.002,0.000,0.000,0.000,0.000
5958,2322.064,270.817,270.817,263.073,46.040,0.000,263.070,0.000,0.003,0.000,0.000,0.000,0.000
5959,2322.438,316.734,316.734,262.968,46.139,0.000,262.966,0.000,0.003,0.000,0.000,0.000,0.000
5960,2322.812,272.017,272.017,262.862,46.239,0.000,262.859,0.000,0.003,0.000,0.000,0.000,0.000
5961,2323.186,295.574,295.574,262.753,46.338,0.000,262.751,0.000,0.003,0.000,0.000,0.000,0.000
5962,2323.560,279.486,279.486,262.643,46.437,0.000,262.640,0.000,0.003,0.000,0.000,0.000,0.000
5963,2323.934,287.322,287.322,262.530,46.536,0.000,262.528,0.000,0.003,0.000,0.000,0.000,0.000
5964,2324.308,249.175,249.175,262.416,46.635,0.000,262.413,0.000,0.003,0.000,0.000,0.000,0.000
5965,2324.682,286.416,286.416,262.299,46.734,0.000,262.296,0.000,0.003,0.000,0.000,0.000,0.000
5966,2325.056,282.105,282.105,262.180,46.833,0.000,262.178,0.000,0.003,0.000,0.000,0.000,0.000
5967,2325.430,261.682,261.682,262.059,46.932,0.000,262.057,0.000,0.003,0.000,0.000,0.000,0.000
5968,2325.803,282.084,282.084,261.937,47.031,0.000,261.934,0.000,0.003,0.000,0.000,0.000,0.000
5969,2326.177,269.503,269.503,261.812,47.130,0.000,261.809,0.000,0.003,0.000,0.000,0.000,0.000
5970,2326.551,294.236,294.236,261.685,47.229,0.000,261.682,0.000,0.003,0.000,0.000,0.000,0.000
5971,2326.924,332.441,332.441,261.556,47.328,0.000,261.553,0.000,0.003,0.000,0.000,0.000,0.000
5972,2327.298,276.347,276.347,261.425,47.427,0.000,261.422,0.000,0.003,0.000,0.000,0.000,0.000
5973,2327.671,282.000,282.000,261.291,47.526,0.000,261.289,0.000,0.003,0.000,0.000,0.000,0.000
5974,2328.044,285.131,285.131,261.156,47.625,0.000,261.153,0.000,0.003,0.000,0.000,0.000,0.000
5975,2328.417,242.189,242.189,261.019,47.724,0.000,261.016,0.000,0.003,0.000,0.000,0.000,0.000
5976,2328.790,276.509,276.509,260.879,47.823,0.000,260.877,0.000,0.003,0.000,0.000,0.000,0.000
5977,2329.164,284.431,284.431,260.738,47.922,0.000,260.735,0.000,0.003,0.000,0.000,0.000,0.000
5978,2329.537,277.998,277.998,260.594,48.021,0.000,260.591,0.000,0.003,0.000,0.000,0.000,0.000
5979,2329.909,285.914,285.914,260.449,48.120,0.000,260.446,0.000,0.003,0.000,0.000,0.000,0.000
5980,2330.282,261.794,261.794,260.301,48.219,0.000,260.298,0.000,0.003,0.000,0.000,0.000,0.000
5981,2330.655,293.113,293.113,260.151,48.318,0.000,260.148,0.000,0.003,0.000,0.000,0.000,0.000
5982,2331.028,255.045,255.045,259.999,48.418,0.000,259.996,0.000,0.003,0.000,0.000,0.000,0.000
5983,2331.401,319.773,319.773,259.845,48.517,0.000,259.842,0.000,0.003,0.000,0.000,0.000,0.000
5984,2331.773,268.345,268.345,259.689,48.616,0.000,259.686,0.000,0.003,0.000,0.000,0.000,0.000
5985,2332.146,274.939,274.939,259.530,48.715,0.000,259.527,0.000,0.003,0.000,0.000,0.000,0.000
5986,2332.518,264.800,264.800,259.370,48.814,0.000,259.367,0.000,0.003,0.000,0.000,0.000,0.000
5987,2332.891,292.819,292.819,259.208,48.913,0.000,259.204,0.000,0.003,0.000,0.000,0.000,0.000
5988,2333.263,258.258,258.258,259.043,49.012,0.000,259.040,0.000,0.003,0.000,0.000,0.000,0.000
5989,2333.635,275.768,275.768,258.876,49.111,0.000,258.873,0.000,0.003,0.000,0.000,0.000,0.000
5990,2334.007,285.156,285.156,258.708,49.210,0.000,258.704,0.000,0.003,0.000,0.000,0.000,0.000
5991,2334.380,292.003,292.003,258.537,49.309,0.000,258.533,0.000,0.003,0.000,0.000,0.000,0.000
5992,2334.752,299.507,299.507,258.364,49.408,0.000,258.360,0.000,0.003,0.000,0.000,0.000,0.000
5993,2335.124,274.635,274.635,258.188,49.507,0.000,258.185,0.000,0.003,0.000,0.000,0.000,0.000
5994,2335.495,250.164,250.164,258.011,49.606,0.000,258.008,0.000,0.003,0.000,0.000,0.000,0.000
5995,2335.867,313.594,313.594,257.832,49.705,0.000,257.828,0.000,0.003,0.000,0.000,0.000,0.000
5996,2336.239,288.882,288.882,257.650,49.804,0.000,257.647,0.000,0.003,0.000,0.000,0.000,0.000
5997,2336.611,285.949,285.949,257.467,49.903,0.000,257.463,0.000,0.003,0.000,0.000,0.000,0.000
5998,2336.982,258.263,258.263,257.281,50.002,0.000,257.278,0.000,0.003,0.000,0.000,0.000,0.000
5999,2337.354,249.095,249.095,257.094,50.101,0.000,257.090,0.000,0.004,0.000,0.000,0.000,0.000
6000,2337.726,282.558,282.558,256.904,50.200,0.000,256.900,0.000,0.004,0.000,0.000,0.000,0.000
6001,2338.097,298.833,298.833,256.712,50.299,0.000,256.708,0.000,0.004,0.000,0.000,0.000,0.000
6002,2338.468,293.726,293.726,256.518,50.398,0.000,256.514,0.000,0.004,0.000,0.000,0.000,0.000
6003,2338.840,274.102,274.102,256.322,50.498,0.000,256.318,0.000,0.004,0.000,0.000,0.000,0.000
6004,2339.211,255.805,255.805,256.123,50.597,0.000,256.120,0.000,0.004,0.000,0.000,0.000,0.000
6005,2339.582,269.716,269.716,255.923,50.696,0.000,255.919,0.000,0.004,0.000,0.000,0.000,0.000
6006,2339.953,263.165,263.165,255.721,50.795,0.000,255.717,0.000,0.004,0.000,0.000,0.000,0.000
6007,2340.324,277.062,277.062,255.516,50.894,0.000,255.512,0.000,0.004,0.000,0.000,0.000,0.000
6008,2340.695,251.652,251.652,255.310,50.993,0.000,255.306,0.000,0.004,0.000,0.000,0.000,0.000
6009,2341.066,252.180,252.180,255.101,51.092,0.000,255.097,0.000,0.004,0.000,0.000,0.000,0.000
6010,2341.437,293.893,293.893,254.890,51.191,0.000,254.886,0.000,0.004,0.000,0.000,0.000,0.000
6011,2341.808,267.381,267.381,254.677,51.290,0.000,254.673,0.000,0.004,0.000,0.000,0.000,0.000
6012,2342.178,283.403,283.403,254.462,51.389,0.000,254.459,0.000,0.004,0.000,0.000,0.000,0.000
6013,2342.549,233.442,233.442,254.245,51.488,0.000,254.242,0.000,0.004,0.000,0.000,0.000,0.000
6014,2342.920,271.714,271.714,254.026,51.587,0.000,254.023,0.000,0.004,0.000,0.000,0.000,0.000
6015,2343.290,270.037,270.037,253.805,51.686,0.000,253.801,0.000,0.004,0.000,0.000,0.000,0.000
6016,2343.660,317.903,317.903,253.582,51.785,0.000,253.578,0.000,0.004,0.000,0.000,0.000,0.000
6017,2344.031,262.182,262.182,253.357,51.884,0.000,253.353,0.000,0.004,0.000,0.000,0.000,0.000
6018,2344.401,303.721,303.721,253.130,51.983,0.000,253.126,0.000,0.004,0.000,0.000,0.000,0.000
6019,2344.771,269.702,269.702,252.901,52.082,0.000,252.897,0.000,0.004,0.000,0.000,0.000,0.000
6020,2345.141,271.230,271.230,252.669,52.181,0.000,252.665,0.000,0.004,0.000,0.000,0.000,0.000
6021,2345.511,261.582,261.582,252.436,52.280,0.000,252.432,0.000,0.004,0.000,0.000,0.000,0.000
6022,2345.881,266.457,266.457,252.201,52.379,0.000,252.196,0.000,0.004,0.000,0.000,0.000,0.000
6023,2346.251,291.424,291.424,251.963,52.478,0.000,251.959,0.000,0.004,0.000,0.000,0.000,0.000
6024,2346.621,303.627,303.627,251.724,52.577,0.000,251.720,0.000,0.004,0.000,0.000,0.000,0.000
6025,2346.991,263.861,263.861,251.482,52.677,0.000,251.478,0.000,0.004,0.000,0.000,0.000,0.000
6026,2347.361,281.293,281.293,251.239,52.776,0.000,251.235,0.000,0.004,0.000,0.000,0.000,0.000
6027,2347.730,304.635,304.635,250.994,52.875,0.000,250.989,0.000,0.004,0.000,0.000,0.000,0.000
6028,2348.100,278.854,278.854,250.746,52.974,0.000,250.742,0.000,0.004,0.000,0.000,0.000,0.000
6029,2348.469,247.189,247.189,250.497,53.073,0.000,250.493,0.000,0.004,0.000,0.000,0.000,0.000
6030,2348.839,290.019,290.019,250.246,53.172,0.000,250.241,0.000,0.004,0.000,0.000,0.000,0.000
6031,2349.208,270.475,270.475,249.992,53.271,0.000,249.988,0.000,0.004,0.000,0.000,0.000,0.000
6032,2349.577,278.594,278.594,249.737,53.370,0.000,249.732,0.000,0.004,0.000,0.000,0.000,0.000
6033,2349.947,251.005,251.005,249.480,53.469,0.000,249.475,0.000,0.004,0.000,0.000,0.000,0.000
6034,2350.316,260.097,260.097,249.220,53.568,0.000,249.216,0.000,0.004,0.000,0.000,0.000,0.000
6035,2350.685,288.630,288.630,248.959,53.667,0.000,248.955,0.000,0.005,0.000,0.000,0.000,0.000
6036,2351.054,293.517,293.517,248.696,53.766,0.000,248.692,0.000,0.005,0.000,0.000,0.000,0.000
6037,2351.423,283.343,283.343,248.431,53.865,0.000,248.427,0.000,0.005,0.000,0.000,0.000,0.000
6038,2351.792,262.704,262.704,248.164,53.964,0.000,248.160,0.000,0.005,0.000,0.000,0.000,0.000
6039,2352.161,274.943,274.943,247.895,54.063,0.000,247.891,0.000,0.005,0.000,0.000,0.000,0.000
6040,2352.529,248.116,248.116,247.625,54.162,0.000,247.620,0.000,0.005,0.000,0.000,0.000,0.000
6041,2352.898,257.603,257.603,247.352,54.261,0.000,247.347,0.000,0.005,0.000,0.000,0.000,0.000
6042,2353.267,287.845,287.845,247.078,54.360,0.000,247.073,0.000,0.005,0.000,0.000,0.000,0.000
6043,2353.635,237.501,237.501,246.801,54.459,0.000,246.796,0.000,0.005,0.000,0.000,0.000,0.000
6044,2354.003,276.910,276.910,246.523,54.558,0.000,246.518,0.000,0.005,0.000,0.000,0.000,0.000
6045,2354.372,268.999,268.999,246.243,54.657,0.000,246.238,0.000,0.005,0.000,0.000,0.000,0.000
6046,2354.740,252.296,252.296,245.961,54.756,0.000,245.956,0.000,0.005,0.000,0.000,0.000,0.000
6047,2355.108,287.769,287.769,245.677,54.856,0.000,245.672,0.000,0.005,0.000,0.000,0.000,0.000
6048,2355.477,257.604,257.604,245.391,54.955,0.000,245.386,0.000,0.005,0.000,0.000,0.000,0.000
6049,2355.845,280.380,280.380,245.104,55.054,0.000,245.099,0.000,0.005,0.000,0.000,0.000,0.000
6050,2356.213,278.436,278.436,244.815,55.153,0.000,244.810,0.000,0.005,0.000,0.000,0.000,0.000
6051,2356.581,254.337,254.337,244.524,55.252,0.000,244.519,0.000,0.005,0.000,0.000,0.000,0.000
6052,2356.948,269.073,269.073,244.231,55.351,0.000,244.226,0.000,0.005,0.000,0.000,0.000,0.000
6053,2357.316,262.296,262.296,243.936,55.450,0.000,243.931,0.000,0.005,0.000,0.000,0.000,0.000
6054,2357.684,250.410,250.410,243.640,55.549,0.000,243.635,0.000,0.005,0.000,0.000,0.000,0.000
6055,2358.052,282.702,282.702,243.342,55.648,0.000,243.336,0.000,0.005,0.000,0.000,0.000,0.000
6056,2358.419,280.718,280.718,243.042,55.747,0.000,243.036,0.000,0.005,0.000,0.000,0.000,0.000
6057,2358.787,249.063,249.063,242.740,55.846,0.000,242.735,0.000,0.005,0.000,0.000,0.000,0.000
6058,2359.154,267.878,267.878,242.437,55.945,0.000,242.431,0.000,0.005,0.000,0.000,0.000,0.000
6059,2359.522,249.195,249.195,242.132,56.044,0.000,242.126,0.000,0.005,0.000,0.000,0.000,0.000
6060,2359.889,263.515,263.515,241.825,56.143,0.000,241.819,0.000,0.005,0.000,0.000,0.000,0.000
6061,2360.256,242.891,242.891,241.516,56.242,0.000,241.511,0.000,0.005,0.000,0.000,0.000,0.000
6062,2360.623,275.092,275.092,241.206,56.341,0.000,241.201,0.000,0.005,0.000,0.000,0.000,0.000
6063,2360.990,263.359,263.359,240.894,56.440,0.000,240.889,0.000,0.005,0.000,0.000,0.000,0.000
6064,2361.357,273.826,273.826,240.581,56.539,0.000,240.575,0.000,0.005,0.000,0.000,0.000,0.000
6065,2361.724,261.226,261.226,240.266,56.638,0.000,240.260,0.000,0.005,0.000,0.000,0.000,0.000
6066,2362.091,255.505,255.505,239.949,56.737,0.000,239.944,0.000,0.005,0.000,0.000,0.000,0.000
6067,2362.458,292.587,292.587,239.631,56.836,0.000,239.625,0.000,0.005,0.000,0.000,0.000,0.000
6068,2362.825,263.700,263.700,239.311,56.936,0.000,239.305,0.000,0.006,0.000,0.000,0.000,0.000
6069,2363.191,257.712,257.712,238.989,57.035,0.000,238.984,0.000,0.006,0.000,0.000,0.000,0.000
6070,2363.558,260.466,260.466,238.666,57.134,0.000,238.661,0.000,0.006,0.000,0.000,0.000,0.000
6071,2363.924,275.363,275.363,238.341,57.233,0.000,238.336,0.000,0.006,0.000,0.000,0.000,0.000
6072,2364.291,237.281,237.281,238.015,57.332,0.000,238.010,0.000,0.006,0.000,0.000,0.000,0.000
6073,2364.657,263.130,263.130,237.687,57.431,0.000,237.682,0.000,0.006,0.000,0.000,0.000,0.000
6074,2365.023,276.165,276.165,237.358,57.530,0.000,237.352,0.000,0.006,0.000,0.000,0.000,0.000
6075,2365.390,266.188,266.188,237.027,57.629,0.000,237.022,0.000,0.006,0.000,0.000,0.000,0.000
6076,2365.756,247.258,247.258,236.695,57.728,0.000,236.689,0.000,0.006,0.000,0.000,0.000,0.000
6077,2366.122,236.539,236.539,236.361,57.827,0.000,236.356,0.000,0.006,0.000,0.000,0.000,0.000
6078,2366.488,270.367,270.367,236.026,57.926,0.000,236.020,0.000,0.006,0.000,0.000,0.000,0.000
6079,2366.854,285.375,285.375,235.689,58.025,0.000,235.684,0.000,0.006,0.000,0.000,0.000,0.000
6080,2367.220,246.959,246.959,235.351,58.124,0.000,235.345,0.000,0.006,0.000,0.000,0.000,0.000
6081,2367.585,273.044,273.044,235.012,58.223,0.000,235.006,0.000,0.006,0.000,0.000,0.000,0.000
6082,2367.951,251.952,251.952,234.671,58.322,0.000,234.665,0.000,0.006,0.000,0.000,0.000,0.000
6083,2368.317,250.344,250.344,234.328,58.421,0.000,234.322,0.000,0.006,0.000,0.000,0.000,0.000
6084,2368.682,259.173,259.173,233.985,58.520,0.000,233.979,0.000,0.006,0.000,0.000,0.000,0.000
6085,2369.048,254.620,254.620,233.640,58.619,0.000,233.634,0.000,0.006,0.000,0.000,0.000,0.000
6086,2369.413,235.686,235.686,233.293,58.718,0.000,233.287,0.000,0.006,0.000,0.000,0.000,0.000
6087,2369.778,266.875,266.875,232.945,58.817,0.000,232.939,0.000,0.006,0.000,0.000,0.000,0.000
6088,2370.144,263.955,263.955,232.596,58.916,0.000,232.590,0.000,0.006,0.000,0.000,0.000,0.000
6089,2370.509,267.965,267.965,232.246,59.015,0.000,232.240,0.000,0.006,0.000,0.000,0.000,0.000
6090,2370.874,244.176,244.176,231.894,59.115,0.000,231.888,0.000,0.006,0.000,0.000,0.000,0.000
6091,2371.239,251.611,251.611,231.541,59.214,0.000,231.535,0.000,0.006,0.000,0.000,0.000,0.000
6092,2371.604,274.080,274.080,231.187,59.313,0.000,231.181,0.000,0.006,0.000,0.000,0.000,0.000
6093,2371.969,258.902,258.902,230.831,59.412,0.000,230.825,0.000,0.006,0.000,0.000,0.000,0.000
6094,2372.334,251.784,251.784,230.475,59.511,0.000,230.468,0.000,0.006,0.000,0.000,0.000,0.000
6095,2372.698,284.533,284.533,230.117,59.610,0.000,230.111,0.000,0.006,0.000,0.000,0.000,0.000
6096,2373.063,264.719,264.719,229.758,59.709,0.000,229.751,0.000,0.006,0.000,0.000,0.000,0.000
6097,2373.428,266.736,266.736,229.398,59.808,0.000,229.391,0.000,0.006,0.000,0.000,0.000,0.000
6098,2373.792,235.729,235.729,229.036,59.907,0.000,229.030,0.000,0.006,0.000,0.000,0.000,0.000
6099,2374.157,284.207,284.207,228.674,60.006,0.000,228.667,0.000,0.006,0.000,0.000,0.000,0.000
6100,2374.521,255.635,255.635,228.310,60.105,0.000,228.303,0.000,0.006,0.000,0.000,0.000,0.000
6101,2374.885,254.556,254.556,227.945,60.204,0.000,227.939,0.000,0.006,0.000,0.000,0.000,0.000
6102,2375.250,245.655,245.655,227.579,60.303,0.000,227.573,0.000,0.006,0.000,0.000,0.000,0.000
6103,2375.614,276.552,276.552,227.212,60.402,0.000,227.206,0.000,0.007,0.000,0.000,0.000,0.000
6104,2375.978,250.826,250.826,226.844,60.501,0.000,226.838,0.000,0.007,0.000,0.000,0.000,0.000
6105,2376.342,261.103,261.103,226.475,60.600,0.000,226.469,0.000,0.007,0.000,0.000,0.000,0.000
6106,2376.706,257.472,257.472,226.105,60.699,0.000,226.098,0.000,0.007,0.000,0.000,0.000,0.000
6107,2377.070,254.768,254.768,225.734,60.798,0.000,225.727,0.000,0.007,0.000,0.000,0.000,0.000
6108,2377.433,263.932,263.932,225.362,60.897,0.000,225.355,0.000,0.007,0.000,0.000,0.000,0.000
6109,2377.797,235.423,235.423,224.989,60.996,0.000,224.982,0.000,0.007,0.000,0.000,0.000,0.000
6110,2378.161,234.998,234.998,224.615,61.095,0.000,224.608,0.000,0.007,0.000,0.000,0.000,0.000
6111,2378.524,274.429,274.429,224.240,61.194,0.000,224.233,0.000,0.007,0.000,0.000,0.000,0.000
6112,2378.888,254.448,254.448,223.864,61.294,0.000,223.857,0.000,0.007,0.000,0.000,0.000,0.000
6113,2379.251,270.167,270.167,223.487,61.393,0.000,223.480,0.000,0.007,0.000,0.000,0.000,0.000
6114,2379.614,259.773,259.773,223.110,61.492,0.000,223.103,0.000,0.007,0.000,0.000,0.000,0.000
6115,2379.978,276.117,276.117,222.731,61.591,0.000,222.724,0.000,0.007,0.000,0.000,0.000,0.000
6116,2380.341,242.057,242.057,222.352,61.690,0.000,222.345,0.000,0.007,0.000,0.000,0.000,0.000
6117,2380.704,228.120,228.120,221.971,61.789,0.000,221.965,0.000,0.007,0.000,0.000,0.000,0.000
6118,2381.067,244.364,244.364,221.590,61.888,0.000,221.583,0.000,0.007,0.000,0.000,0.000,0.000
6119,2381.430,267.970,267.970,221.209,61.987,0.000,221.202,0.000,0.007,0.000,0.000,0.000,0.000
6120,2381.793,254.930,254.930,220.826,62.086,0.000,220.819,0.000,0.007,0.000,0.000,0.000,0.000
6121,2382.156,250.235,250.235,220.443,62.185,0.000,220.436,0.000,0.007,0.000,0.000,0.000,0.000
6122,2382.518,291.058,291.058,220.059,62.284,0.000,220.052,0.000,0.007,0.000,0.000,0.000,0.000
6123,2382.881,244.779,244.779,219.674,62.383,0.000,219.667,0.000,0.007,0.000,0.000,0.000,0.000
6124,2383.243,256.554,256.554,219.288,62.482,0.000,219.281,0.000,0.007,0.000,0.000,0.000,0.000
6125,2383.606,267.452,267.452,218.902,62.581,0.000,218.895,0.000,0.007,0.000,0.000,0.000,0.000
6126,2383.968,232.975,232.975,218.515,62.680,0.000,218.508,0.000,0.007,0.000,0.000,0.000,0.000
6127,2384.331,259.130,259.130,218.128,62.779,0.000,218.121,0.000,0.007,0.000,0.000,0.000,0.000
6128,2384.693,280.002,280.002,217.740,62.878,0.000,217.732,0.000,0.007,0.000,0.000,0.000,0.000
6129,2385.055,278.366,278.366,217.351,62.977,0.000,217.344,0.000,0.007,0.000,0.000,0.000,0.000
6130,2385.417,247.927,247.927,216.961,63.076,0.000,216.954,0.000,0.007,0.000,0.000,0.000,0.000
6131,2385.779,263.053,263.053,216.572,63.175,0.000,216.564,0.000,0.007,0.000,0.000,0.000,0.000
6132,2386.141,276.620,276.620,216.181,63.274,0.000,216.174,0.000,0.007,0.000,0.000,0.000,0.000
6133,2386.503,260.869,260.869,215.790,63.374,0.000,215.783,0.000,0.007,0.000,0.000,0.000,0.000
6134,2386.865,246.109,246.109,215.398,63.473,0.000,215.391,0.000,0.007,0.000,0.000,0.000,0.000
6135,2387.227,247.019,247.019,215.006,63.572,0.000,214.999,0.000,0.007,0.000,0.000,0.000,0.000
6136,2387.588,247.676,247.676,214.614,63.671,0.000,214.607,0.000,0.007,0.000,0.000,0.000,0.000
6137,2387.950,243.684,243.684,214.221,63.770,0.000,214.214,0.000,0.007,0.000,0.000,0.000,0.000
6138,2388.311,278.594,278.594,213.828,63.869,0.000,213.820,0.000,0.007,0.000,0.000,0.000,0.000
6139,2388.673,240.369,240.369,213.434,63.968,0.000,213.426,0.000,0.007,0.000,0.000,0.000,0.000
6140,2389.034,240.844,240.844,213.039,64.067,0.000,213.032,0.000,0.007,0.000,0.000,0.000,0.000
6141,2389.395,263.286,263.286,212.645,64.166,0.000,212.637,0.000,0.007,0.000,0.000,0.000,0.000
6142,2389.757,248.991,248.991,212.250,64.265,0.000,212.242,0.000,0.007,0.000,0.000,0.000,0.000
6143,2390.118,262.773,262.773,211.855,64.364,0.000,211.847,0.000,0.007,0.000,0.000,0.000,0.000
6144,2390.479,250.219,250.219,211.459,64.463,0.000,211.451,0.000,0.007,0.000,0.000,0.000,0.000
6145,2390.840,239.535,239.535,211.063,64.562,0.000,211.055,0.000,0.007,0.000,0.000,0.000,0.000
6146,2391.201,247.129,247.129,210.667,64.661,0.000,210.659,0.000,0.007,0.000,0.000,0.000,0.000
6147,2391.561,251.035,251.035,210.270,64.760,0.000,210.263,0.000,0.008,0.000,0.000,0.000,0.000
6148,2391.922,258.725,258.725,209.873,64.859,0.000,209.866,0.000,0.008,0.000,0.000,0.000,0.000
6149,2392.283,251.339,251.339,209.476,64.958,0.000,209.469,0.000,0.008,0.000,0.000,0.000,0.000
6150,2392.643,233.937,233.937,209.079,65.057,0.000,209.071,0.000,0.008,0.000,0.000,0.000,0.000
6151,2393.004,283.690,283.690,208.682,65.156,0.000,208.674,0.000,0.008,0.000,0.000,0.000,0.000
6152,2393.364,247.181,247.181,208.284,65.255,0.000,208.276,0.000,0.008,0.000,0.000,0.000,0.000
6153,2393.725,248.696,248.696,207.886,65.354,0.000,207.878,0.000,0.008,0.000,0.000,0.000,0.000
6154,2394.085,281.351,281.351,207.488,65.453,0.000,207.481,0.000,0.008,0.000,0.000,0.000,0.000
6155,2394.445,278.479,278.479,207.090,65.553,0.000,207.082,0.000,0.008,0.000,0.000,0.000,0.000
6156,2394.805,237.358,237.358,206.692,65.652,0.000,206.684,0.000,0.008,0.000,0.000,0.000,0.000
6157,2395.165,238.709,238.709,206.294,65.751,0.000,206.286,0.000,0.008,0.000,0.000,0.000,0.000
6158,2395.525,233.468,233.468,205.895,65.850,0.000,205.888,0.000,0.008,0.000,0.000,0.000,0.000
6159,2395.885,232.824,232.824,205.497,65.949,0.000,205.489,0.000,0.008,0.000,0.000,0.000,0.000
6160,2396.245,238.100,238.100,205.099,66.048,0.000,205.091,0.000,0.008,0.000,0.000,0.000,0.000
6161,2396.605,246.200,246.200,204.700,66.147,0.000,204.693,0.000,0.008,0.000,0.000,0.000,0.000
6162,2396.964,239.232,239.232,204.302,66.246,0.000,204.294,0.000,0.008,0.000,0.000,0.000,0.000
6163,2397.324,254.263,254.263,203.904,66.345,0.000,203.896,0.000,0.008,0.000,0.000,0.000,0.000
6164,2397.683,240.105,240.105,203.505,66.444,0.000,203.498,0.000,0.008,0.000,0.000,0.000,0.000
6165,2398.043,252.413,252.413,203.107,66.543,0.000,203.099,0.000,0.008,0.000,0.000,0.000,0.000
6166,2398.402,220.939,220.939,202.709,66.642,0.000,202.701,0.000,0.008,0.000,0.000,0.000,0.000
6167,2398.761,275.073,275.073,202.311,66.741,0.000,202.303,0.000,0.008,0.000,0.000,0.000,0.000
6168,2399.120,272.792,272.792,201.913,66.840,0.000,201.905,0.000,0.008,0.000,0.000,0.000,0.000
6169,2399.479,269.558,269.558,201.516,66.939,0.000,201.508,0.000,0.008,0.000,0.000,0.000,0.000
6170,2399.839,257.035,257.035,201.118,67.038,0.000,201.110,0.000,0.008,0.000,0.000,0.000,0.000
6171,2400.197,294.913,294.913,200.721,67.137,0.000,200.713,0.000,0.008,0.000,0.000,0.000,0.000
6172,2400.556,254.671,254.671,200.323,67.236,0.000,200.316,0.000,0.008,0.000,0.000,0.000,0.000
6173,2400.915,250.976,250.976,199.926,67.335,0.000,199.919,0.000,0.008,0.000,0.000,0.000,0.000
6174,2401.274,267.960,267.960,199.530,67.434,0.000,199.522,0.000,0.008,0.000,0.000,0.000,0.000
6175,2401.632,253.301,253.301,199.133,67.533,0.000,199.125,0.000,0.008,0.000,0.000,0.000,0.000
6176,2401.991,234.380,234.380,198.737,67.632,0.000,198.729,0.000,0.008,0.000,0.000,0.000,0.000
6177,2402.349,241.923,241.923,198.341,67.732,0.000,198.333,0.000,0.008,0.000,0.000,0.000,0.000
6178,2402.708,261.063,261.063,197.946,67.831,0.000,197.938,0.000,0.008,0.000,0.000,0.000,0.000
6179,2403.066,290.223,290.223,197.550,67.930,0.000,197.542,0.000,0.008,0.000,0.000,0.000,0.000
6180,2403.424,248.819,248.819,197.155,68.029,0.000,197.147,0.000,0.008,0.000,0.000,0.000,0.000
6181,2403.782,243.760,243.760,196.761,68.128,0.000,196.753,0.000,0.008,0.000,0.000,0.000,0.000
6182,2404.141,253.798,253.798,196.367,68.227,0.000,196.359,0.000,0.008,0.000,0.000,0.000,0.000
6183,2404.499,256.288,256.288,195.973,68.326,0.000,195.965,0.000,0.008,0.000,0.000,0.000,0.000
6184,2404.856,253.252,253.252,195.580,68.425,0.000,195.572,0.000,0.008,0.000,0.000,0.000,0.000
6185,2405.214,280.488,280.488,195.187,68.524,0.000,195.179,0.000,0.008,0.000,0.000,0.000,0.000
6186,2405.572,242.250,242.250,194.794,68.623,0.000,194.786,0.000,0.008,0.000,0.000,0.000,0.000
6187,2405.930,263.580,263.580,194.402,68.722,0.000,194.394,0.000,0.008,0.000,0.000,0.000,0.000
6188,2406.287,261.326,261.326,194.011,68.821,0.000,194.003,0.000,0.008,0.000,0.000,0.000,0.000
6189,2406.645,219.477,219.477,193.620,68.920,0.000,193.612,0.000,0.008,0.000,0.000,0.000,0.000
6190,2407.002,255.682,255.682,193.230,69.019,0.000,193.222,0.000,0.008,0.000,0.000,0.000,0.000
6191,2407.360,254.272,254.272,192.840,69.118,0.000,192.832,0.000,0.008,0.000,0.000,0.000,0.000
6192,2407.717,247.729,247.729,192.450,69.217,0.000,192.442,0.000,0.008,0.000,0.000,0.000,0.000
6193,2408.074,235.609,235.609,192.062,69.316,0.000,192.054,0.000,0.008,0.000,0.000,0.000,0.000
6194,2408.431,245.511,245.511,191.674,69.415,0.000,191.666,0.000,0.008,0.000,0.000,0.000,0.000
6195,2408.788,274.743,274.743,191.286,69.514,0.000,191.278,0.000,0.008,0.000,0.000,0.000,0.000
6196,2409.145,257.818,257.818,190.899,69.613,0.000,190.891,0.000,0.008,0.000,0.000,0.000,0.000
6197,2409.502,249.373,249.373,190.513,69.712,0.000,190.505,0.000,0.008,0.000,0.000,0.000,0.000
6198,2409.859,267.988,267.988,190.128,69.812,0.000,190.120,0.000,0.008,0.000,0.000,0.000,0.000
6199,2410.215,232.862,232.862,189.743,69.911,0.000,189.735,0.000,0.008,0.000,0.000,0.000,0.000
6200,2410.572,258.190,258.190,189.359,70.010,0.000,189.351,0.000,0.008,0.000,0.000,0.000,0.000
6201,2410.929,234.461,234.461,188.976,70.109,0.000,188.968,0.000,0.008,0.000,0.000,0.000,0.000
6202,2411.285,229.251,229.251,188.593,70.208,0.000,188.585,0.000,0.008,0.000,0.000,0.000,0.000
6203,2411.641,248.580,248.580,188.211,70.307,0.000,188.203,0.000,0.008,0.000,0.000,0.000,0.000
6204,2411.998,253.949,253.949,187.830,70.406,0.000,187.822,0.000,0.008,0.000,0.000,0.000,0.000
6205,2412.354,273.137,273.137,187.450,70.505,0.000,187.442,0.000,0.008,0.000,0.000,0.000,0.000
6206,2412.710,274.373,274.373,187.070,70.604,0.000,187.062,0.000,0.008,0.000,0.000,0.000,0.000
6207,2413.066,261.073,261.073,186.692,70.703,0.000,186.684,0.000,0.008,0.000,0.000,0.000,0.000
6208,2413.422,245.120,245.120,186.314,70.802,0.000,186.306,0.000,0.008,0.000,0.000,0.000,0.000
6209,2413.778,228.034,228.034,185.937,70.901,0.000,185.929,0.000,0.008,0.000,0.000,0.000,0.000
6210,2414.134,247.039,247.039,185.561,71.000,0.000,185.553,0.000,0.008,0.000,0.000,0.000,0.000
6211,2414.490,247.210,247.210,185.186,71.099,0.000,185.178,0.000,0.008,0.000,0.000,0.000,0.000
6212,2414.845,231.471,231.471,184.812,71.198,0.000,184.804,0.000,0.008,0.000,0.000,0.000,0.000
6213,2415.201,237.134,237.134,184.439,71.297,0.000,184.431,0.000,0.008,0.000,0.000,0.000,0.000
6214,2415.556,273.587,273.587,184.067,71.396,0.000,184.059,0.000,0.008,0.000,0.000,0.000,0.000
6215,2415.912,242.463,242.463,183.695,71.495,0.000,183.687,0.000,0.008,0.000,0.000,0.000,0.000
6216,2416.267,254.855,254.855,183.325,71.594,0.000,183.317,0.000,0.008,0.000,0.000,0.000,0.000
6217,2416.622,232.913,232.913,182.956,71.693,0.000,182.948,0.000,0.008,0.000,0.000,0.000,0.000
6218,2416.978,242.547,242.547,182.588,71.792,0.000,182.580,0.000,0.008,0.000,0.000,0.000,0.000
6219,2417.333,248.771,248.771,182.220,71.891,0.000,182.212,0.000,0.008,0.000,0.000,0.000,0.000
6220,2417.688,233.091,233.091,181.854,71.991,0.000,181.846,0.000,0.008,0.000,0.000,0.000,0.000
6221,2418.043,238.499,238.499,181.489,72.090,0.000,181.481,0.000,0.008,0.000,0.000,0.000,0.000
6222,2418.397,214.187,214.187,181.125,72.189,0.000,181.117,0.000,0.008,0.000,0.000,0.000,0.000
6223,2418.752,259.701,259.701,180.762,72.288,0.000,180.754,0.000,0.008,0.000,0.000,0.000,0.000
6224,2419.107,235.918,235.918,180.401,72.387,0.000,180.393,0.000,0.008,0.000,0.000,0.000,0.000
6225,2419.461,252.635,252.635,180.040,72.486,0.000,180.032,0.000,0.008,0.000,0.000,0.000,0.000
6226,2419.816,243.531,243.531,179.681,72.585,0.000,179.673,0.000,0.008,0.000,0.000,0.000,0.000
6227,2420.170,228.177,228.177,179.322,72.684,0.000,179.314,0.000,0.008,0.000,0.000,0.000,0.000
6228,2420.525,239.604,239.604,178.965,72.783,0.000,178.957,0.000,0.008,0.000,0.000,0.000,0.000
6229,2420.879,258.598,258.598,178.609,72.882,0.000,178.601,0.000,0.008,0.000,0.000,0.000,0.000
6230,2421.233,253.152,253.152,178.255,72.981,0.000,178.247,0.000,0.008,0.000,0.000,0.000,0.000
6231,2421.587,259.083,259.083,177.901,73.080,0.000,177.893,0.000,0.008,0.000,0.000,0.000,0.000
6232,2421.941,223.005,223.005,177.549,73.179,0.000,177.541,0.000,0.008,0.000,0.000,0.000,0.000
6233,2422.295,266.730,266.730,177.198,73.278,0.000,177.190,0.000,0.008,0.000,0.000,0.000,0.000
6234,2422.649,252.421,252.421,176.849,73.377,0.000,176.841,0.000,0.008,0.000,0.000,0.000,0.000
6235,2423.003,248.857,248.857,176.501,73.476,0.000,176.493,0.000,0.008,0.000,0.000,0.000,0.000
6236,2423.357,223.895,223.895,176.154,73.575,0.000,176.146,0.000,0.008,0.000,0.000,0.000,0.000
6237,2423.710,217.233,217.233,175.808,73.674,0.000,175.800,0.000,0.008,0.000,0.000,0.000,0.000
6238,2424.064,225.529,225.529,175.464,73.773,0.000,175.456,0.000,0.008,0.000,0.000,0.000,0.000
6239,2424.417,217.975,217.975,175.121,73.872,0.000,175.113,0.000,0.008,0.000,0.000,0.000,0.000
6240,2424.771,261.555,261.555,174.780,73.971,0.000,174.772,0.000,0.008,0.000,0.000,0.000,0.000
6241,2425.124,240.149,240.149,174.440,74.070,0.000,174.432,0.000,0.008,0.000,0.000,0.000,0.000
6242,2425.477,232.354,232.354,174.101,74.170,0.000,174.093,0.000,0.008,0.000,0.000,0.000,0.000
6243,2425.830,255.067,255.067,173.764,74.269,0.000,173.756,0.000,0.008,0.000,0.000,0.000,0.000
6244,2426.183,254.779,254.779,173.428,74.368,0.000,173.420,0.000,0.008,0.000,0.000,0.000,0.000
6245,2426.536,244.250,244.250,173.094,74.467,0.000,173.086,0.000,0.008,0.000,0.000,0.000,0.000
6246,2426.889,196.029,196.029,172.761,74.566,0.000,172.753,0.000,0.008,0.000,0.000,0.000,0.000
6247,2427.242,246.288,246.288,172.430,74.665,0.000,172.422,0.000,0.008,0.000,0.000,0.000,0.000
6248,2427.594,277.081,277.081,172.100,74.764,0.000,172.092,0.000,0.008,0.000,0.000,0.000,0.000
6249,2427.947,241.030,241.030,171.772,74.863,0.000,171.764,0.000,0.008,0.000,0.000,0.000,0.000
6250,2428.300,209.928,209.928,171.445,74.962,0.000,171.437,0.000,0.008,0.000,0.000,0.000,0.000
6251,2428.652,235.501,235.501,171.120,75.061,0.000,171.112,0.000,0.008,0.000,0.000,0.000,0.000
6252,2429.004,220.788,220.788,170.796,75.160,0.000,170.789,0.000,0.008,0.000,0.000,0.000,0.000
6253,2429.357,215.832,215.832,170.475,75.259,0.000,170.467,0.000,0.008,0.000,0.000,0.000,0.000
6254,2429.709,217.787,217.787,170.154,75.358,0.000,170.147,0.000,0.008,0.000,0.000,0.000,0.000
6255,2430.061,239.553,239.553,169.836,75.457,0.000,169.828,0.000,0.008,0.000,0.000,0.000,0.000
6256,2430.413,235.468,235.468,169.519,75.556,0.000,169.511,0.000,0.008,0.000,0.000,0.000,0.000
6257,2430.765,226.825,226.825,169.203,75.655,0.000,169.196,0.000,0.008,0.000,0.000,0.000,0.000
6258,2431.117,250.550,250.550,168.890,75.754,0.000,168.882,0.000,0.008,0.000,0.000,0.000,0.000
6259,2431.469,213.298,213.298,168.578,75.853,0.000,168.570,0.000,0.008,0.000,0.000,0.000,0.000
6260,2431.820,246.679,246.679,168.268,75.952,0.000,168.260,0.000,0.008,0.000,0.000,0.000,0.000
6261,2432.172,217.283,217.283,167.959,76.051,0.000,167.951,0.000,0.008,0.000,0.000,0.000,0.000
6262,2432.523,225.625,225.625,167.652,76.150,0.000,167.645,0.000,0.008,0.000,0.000,0.000,0.000
6263,2432.875,267.648,267.648,167.347,76.250,0.000,167.340,0.000,0.008,0.000,0.000,0.000,0.000
6264,2433.226,212.689,212.689,167.044,76.349,0.000,167.037,0.000,0.008,0.000,0.000,0.000,0.000
6265,2433.577,207.169,207.169,166.743,76.448,0.000,166.735,0.000,0.007,0.000,0.000,0.000,0.000
6266,2433.929,221.576,221.576,166.443,76.547,0.000,166.436,0.000,0.007,0.000,0.000,0.000,0.000
6267,2434.280,233.141,233.141,166.145,76.646,0.000,166.138,0.000,0.007,0.000,0.000,0.000,0.000
6268,2434.631,228.154,228.154,165.849,76.745,0.000,165.842,0.000,0.007,0.000,0.000,0.000,0.000
6269,2434.982,247.083,247.083,165.555,76.844,0.000,165.548,0.000,0.007,0.000,0.000,0.000,0.000
6270,2435.333,211.235,211.235,165.263,76.943,0.000,165.256,0.000,0.007,0.000,0.000,0.000,0.000
6271,2435.683,237.785,237.785,164.973,77.042,0.000,164.966,0.000,0.007,0.000,0.000,0.000,0.000
6272,2436.034,251.030,251.030,164.685,77.141,0.000,164.677,0.000,0.007,0.000,0.000,0.000,0.000
6273,2436.385,214.164,214.164,164.398,77.240,0.000,164.391,0.000,0.007,0.000,0.000,0.000,0.000
6274,2436.735,227.536,227.536,164.114,77.339,0.000,164.106,0.000,0.007,0.000,0.000,0.000,0.000
6275,2437.086,214.950,214.950,163.831,77.438,0.000,163.824,0.000,0.007,0.000,0.000,0.000,0.000
6276,2437.436,191.764,191.764,163.551,77.537,0.000,163.543,0.000,0.007,0.000,0.000,0.000,0.000
6277,2437.786,214.494,214.494,163.272,77.636,0.000,163.265,0.000,0.007,0.000,0.000,0.000,0.000
6278,2438.136,219.377,219.377,162.995,77.735,0.000,162.988,0.000,0.007,0.000,0.000,0.000,0.000
6279,2438.486,225.538,225.538,162.721,77.834,0.000,162.714,0.000,0.007,0.000,0.000,0.000,0.000
6280,2438.836,223.385,223.385,162.448,77.933,0.000,162.441,0.000,0.007,0.000,0.000,0.000,0.000
6281,2439.186,222.075,222.075,162.178,78.032,0.000,162.171,0.000,0.007,0.000,0.000,0.000,0.000
6282,2439.536,217.257,217.257,161.910,78.131,0.000,161.903,0.000,0.007,0.000,0.000,0.000,0.000
6283,2439.886,219.959,219.959,161.643,78.230,0.000,161.636,0.000,0.007,0.000,0.000,0.000,0.000
6284,2440.235,207.119,207.119,161.379,78.329,0.000,161.372,0.000,0.007,0.000,0.000,0.000,0.000
6285,2440.585,191.794,191.794,161.117,78.429,0.000,161.110,0.000,0.007,0.000,0.000,0.000,0.000
6286,2440.934,228.847,228.847,160.858,78.528,0.000,160.850,0.000,0.007,0.000,0.000,0.000,0.000
6287,2441.284,211.615,211.615,160.600,78.627,0.000,160.593,0.000,0.007,0.000,0.000,0.000,0.000
6288,2441.633,217.970,217.970,160.344,78.726,0.000,160.337,0.000,0.007,0.000,0.000,0.000,0.000
6289,2441.982,242.917,242.917,160.091,78.825,0.000,160.084,0.000,0.007,0.000,0.000,0.000,0.000
6290,2442.332,223.454,223.454,159.840,78.924,0.000,159.833,0.000,0.007,0.000,0.000,0.000,0.000
6291,2442.681,215.334,215.334,159.591,79.023,0.000,159.584,0.000,0.007,0.000,0.000,0.000,0.000
6292,2443.030,213.591,213.591,159.345,79.122,0.000,159.338,0.000,0.007,0.000,0.000,0.000,0.000
6293,2443.378,187.684,187.684,159.100,79.221,0.000,159.093,0.000,0.007,0.000,0.000,0.000,0.000
6294,2443.727,192.083,192.083,158.858,79.320,0.000,158.851,0.000,0.007,0.000,0.000,0.000,0.000
6295,2444.076,217.536,217.536,158.619,79.419,0.000,158.612,0.000,0.007,0.000,0.000,0.000,0.000
6296,2444.425,226.500,226.500,158.381,79.518,0.000,158.374,0.000,0.007,0.000,0.000,0.000,0.000
6297,2444.773,207.997,207.997,158.146,79.617,0.000,158.139,0.000,0.007,0.000,0.000,0.000,0.000
6298,2445.122,198.451,198.451,157.913,79.716,0.000,157.907,0.000,0.007,0.000,0.000,0.000,0.000
6299,2445.470,225.386,225.386,157.683,79.815,0.000,157.676,0.000,0.007,0.000,0.000,0.000,0.000
6300,2445.818,248.715,248.715,157.455,79.914,0.000,157.448,0.000,0.007,0.000,0.000,0.000,0.000
6301,2446.166,206.122,206.122,157.230,80.013,0.000,157.223,0.000,0.007,0.000,0.000,0.000,0.000
6302,2446.514,195.554,195.554,157.007,80.112,0.000,157.000,0.000,0.007,0.000,0.000,0.000,0.000
6303,2446.862,193.537,193.537,156.786,80.211,0.000,156.779,0.000,0.007,0.000,0.000,0.000,0.000
6304,2447.210,231.514,231.514,156.568,80.310,0.000,156.561,0.000,0.007,0.000,0.000,0.000,0.000
6305,2447.558,202.880,202.880,156.352,80.409,0.000,156.346,0.000,0.007,0.000,0.000,0.000,0.000
6306,2447.906,221.119,221.119,156.139,80.508,0.000,156.133,0.000,0.007,0.000,0.000,0.000,0.000
6307,2448.254,216.556,216.556,155.929,80.608,0.000,155.922,0.000,0.007,0.000,0.000,0.000,0.000
6308,2448.601,221.403,221.403,155.721,80.707,0.000,155.714,0.000,0.007,0.000,0.000,0.000,0.000
6309,2448.949,208.499,208.499,155.515,80.806,0.000,155.509,0.000,0.007,0.000,0.000,0.000,0.000
6310,2449.296,192.139,192.139,155.312,80.905,0.000,155.306,0.000,0.007,0.000,0.000,0.000,0.000
6311,2449.643,198.107,198.107,155.112,81.004,0.000,155.106,0.000,0.007,0.000,0.000,0.000,0.000
6312,2449.991,210.078,210.078,154.915,81.103,0.000,154.908,0.000,0.007,0.000,0.000,0.000,0.000
6313,2450.338,219.317,219.317,154.720,81.202,0.000,154.713,0.000,0.006,0.000,0.000,0.000,0.000
6314,2450.685,227.097,227.097,154.527,81.301,0.000,154.521,0.000,0.006,0.000,0.000,0.000,0.000
6315,2451.032,168.211,168.211,154.338,81.400,0.000,154.331,0.000,0.006,0.000,0.000,0.000,0.000
6316,2451.379,201.919,201.919,154.151,81.499,0.000,154.144,0.000,0.006,0.000,0.000,0.000,0.000
6317,2451.726,200.399,200.399,153.967,81.598,0.000,153.960,0.000,0.006,0.000,0.000,0.000,0.000
6318,2452.072,196.078,196.078,153.785,81.697,0.000,153.779,0.000,0.006,0.000,0.000,0.000,0.000
6319,2452.419,214.106,214.106,153.607,81.796,0.000,153.600,0.000,0.006,0.000,0.000,0.000,0.000
6320,2452.765,204.011,204.011,153.431,81.895,0.000,153.425,0.000,0.006,0.000,0.000,0.000,0.000
6321,2453.112,195.494,195.494,153.258,81.994,0.000,153.252,0.000,0.006,0.000,0.000,0.000,0.000
6322,2453.458,204.174,204.174,153.088,82.093,0.000,153.082,0.000,0.006,0.000,0.000,0.000,0.000
6323,2453.804,203.446,203.446,152.921,82.192,0.000,152.914,0.000,0.006,0.000,0.000,0.000,0.000
6324,2454.151,172.013,172.013,152.756,82.291,0.000,152.750,0.000,0.006,0.000,0.000,0.000,0.000
6325,2454.497,190.288,190.288,152.595,82.390,0.000,152.588,0.000,0.006,0.000,0.000,0.000,0.000
6326,2454.843,196.621,196.621,152.436,82.489,0.000,152.430,0.000,0.006,0.000,0.000,0.000,0.000
6327,2455.189,201.842,201.842,152.280,82.588,0.000,152.274,0.000,0.006,0.000,0.000,0.000,0.000
6328,2455.534,179.531,179.531,152.128,82.688,0.000,152.122,0.000,0.006,0.000,0.000,0.000,0.000
6329,2455.880,195.902,195.902,151.978,82.787,0.000,151.972,0.000,0.006,0.000,0.000,0.000,0.000
6330,2456.226,198.778,198.778,151.832,82.886,0.000,151.825,0.000,0.006,0.000,0.000,0.000,0.000
6331,2456.571,196.665,196.665,151.688,82.985,0.000,151.682,0.000,0.006,0.000,0.000,0.000,0.000
6332,2456.917,198.422,198.422,151.547,83.084,0.000,151.541,0.000,0.006,0.000,0.000,0.000,0.000
6333,2457.262,233.715,233.715,151.410,83.183,0.000,151.404,0.000,0.006,0.000,0.000,0.000,0.000
6334,2457.607,212.522,212.522,151.276,83.282,0.000,151.270,0.000,0.006,0.000,0.000,0.000,0.000
6335,2457.953,207.789,207.789,151.145,83.381,0.000,151.139,0.000,0.006,0.000,0.000,0.000,0.000
6336,2458.298,234.304,234.304,151.017,83.480,0.000,151.011,0.000,0.006,0.000,0.000,0.000,0.000
6337,2458.643,174.453,174.453,150.892,83.579,0.000,150.886,0.000,0.006,0.000,0.000,0.000,0.000
6338,2458.988,188.069,188.069,150.770,83.678,0.000,150.764,0.000,0.006,0.000,0.000,0.000,0.000
6339,2459.333,201.152,201.152,150.652,83.777,0.000,150.646,0.000,0.006,0.000,0.000,0.000,0.000
6340,2459.677,177.447,177.447,150.537,83.876,0.000,150.531,0.000,0.006,0.000,0.000,0.000,0.000
6341,2460.022,195.086,195.086,150.425,83.975,0.000,150.419,0.000,0.006,0.000,0.000,0.000,0.000
6342,2460.367,178.086,178.086,150.316,84.074,0.000,150.311,0.000,0.006,0.000,0.000,0.000,0.000
6343,2460.711,209.120,209.120,150.211,84.173,0.000,150.205,0.000,0.006,0.000,0.000,0.000,0.000
6344,2461.055,197.891,197.891,150.109,84.272,0.000,150.104,0.000,0.006,0.000,0.000,0.000,0.000
6345,2461.400,181.649,181.649,150.011,84.371,0.000,150.005,0.000,0.006,0.000,0.000,0.000,0.000
6346,2461.744,215.912,215.912,149.916,84.470,0.000,149.910,0.000,0.006,0.000,0.000,0.000,0.000
6347,2462.088,200.781,200.781,149.824,84.569,0.000,149.819,0.000,0.006,0.000,0.000,0.000,0.000
6348,2462.432,187.675,187.675,149.736,84.668,0.000,149.731,0.000,0.006,0.000,0.000,0.000,0.000
6349,2462.776,184.365,184.365,149.652,84.767,0.000,149.646,0.000,0.006,0.000,0.000,0.000,0.000
6350,2463.120,206.307,206.307,149.571,84.867,0.000,149.565,0.000,0.006,0.000,0.000,0.000,0.000
6351,2463.464,200.839,200.839,149.493,84.966,0.000,149.488,0.000,0.006,0.000,0.000,0.000,0.000
6352,2463.807,183.924,183.924,149.419,85.065,0.000,149.414,0.000,0.006,0.000,0.000,0.000,0.000
6353,2464.151,178.037,178.037,149.349,85.164,0.000,149.343,0.000,0.006,0.000,0.000,0.000,0.000
6354,2464.494,202.926,202.926,149.282,85.263,0.000,149.277,0.000,0.005,0.000,0.000,0.000,0.000
6355,2464.838,193.682,193.682,149.219,85.362,0.000,149.214,0.000,0.005,0.000,0.000,0.000,0.000
6356,2465.181,204.599,204.599,149.160,85.461,0.000,149.154,0.000,0.005,0.000,0.000,0.000,0.000
6357,2465.524,204.277,204.277,149.104,85.560,0.000,149.099,0.000,0.005,0.000,0.000,0.000,0.000
6358,2465.868,172.288,172.288,149.052,85.659,0.000,149.047,0.000,0.005,0.000,0.000,0.000,0.000
6359,2466.211,198.756,198.756,149.004,85.758,0.000,148.999,0.000,0.005,0.000,0.000,0.000,0.000
6360,2466.554,172.635,172.635,148.960,85.857,0.000,148.955,0.000,0.005,0.000,0.000,0.000,0.000
6361,2466.896,162.388,162.388,148.919,85.956,0.000,148.914,0.000,0.005,0.000,0.000,0.000,0.000
6362,2467.239,200.669,200.669,148.883,86.055,0.000,148.878,0.000,0.005,0.000,0.000,0.000,0.000
6363,2467.582,183.202,183.202,148.850,86.154,0.000,148.845,0.000,0.005,0.000,0.000,0.000,0.000
6364,2467.924,180.470,180.470,148.821,86.253,0.000,148.816,0.000,0.005,0.000,0.000,0.000,0.000
6365,2468.267,169.995,169.995,148.797,86.352,0.000,148.791,0.000,0.005,0.000,0.000,0.000,0.000
6366,2468.609,200.559,200.559,148.776,86.451,0.000,148.771,0.000,0.005,0.000,0.000,0.000,0.000
6367,2468.952,183.722,183.722,148.759,86.550,0.000,148.754,0.000,0.005,0.000,0.000,0.000,0.000
6368,2469.294,161.229,161.229,148.746,86.649,0.000,148.741,0.000,0.005,0.000,0.000,0.000,0.000
6369,2469.636,194.666,194.666,148.738,86.748,0.000,148.733,0.000,0.005,0.000,0.000,0.000,0.000
6370,2469.978,141.726,141.726,148.733,86.847,0.000,148.728,0.000,0.005,0.000,0.000,0.000,0.000
6371,2470.320,179.447,179.447,148.733,86.946,0.000,148.728,0.000,0.005,0.000,0.000,0.000,0.000
6372,2470.662,174.567,174.567,148.737,87.046,0.000,148.732,0.000,0.005,0.000,0.000,0.000,0.000
6373,2471.004,155.358,155.358,148.745,87.145,0.000,148.740,0.000,0.005,0.000,0.000,0.000,0.000
6374,2471.345,151.126,151.126,148.757,87.244,0.000,148.752,0.000,0.005,0.000,0.000,0.000,0.000
6375,2471.687,182.842,182.842,148.774,87.343,0.000,148.769,0.000,0.005,0.000,0.000,0.000,0.000
6376,2472.029,187.096,187.096,148.795,87.442,0.000,148.790,0.000,0.005,0.000,0.000,0.000,0.000
6377,2472.370,192.444,192.444,148.820,87.541,0.000,148.815,0.000,0.005,0.000,0.000,0.000,0.000
6378,2472.711,169.622,169.622,148.850,87.640,0.000,148.845,0.000,0.005,0.000,0.000,0.000,0.000
6379,2473.052,173.913,173.913,148.884,87.739,0.000,148.879,0.000,0.005,0.000,0.000,0.000,0.000
6380,2473.394,168.051,168.051,148.922,87.838,0.000,148.917,0.000,0.005,0.000,0.000,0.000,0.000
6381,2473.735,186.021,186.021,148.965,87.937,0.000,148.961,0.000,0.005,0.000,0.000,0.000,0.000
6382,2474.076,190.849,190.849,149.013,88.036,0.000,149.008,0.000,0.005,0.000,0.000,0.000,0.000
6383,2474.416,179.763,179.763,149.065,88.135,0.000,149.060,0.000,0.005,0.000,0.000,0.000,0.000
6384,2474.757,165.693,165.693,149.122,88.234,0.000,149.117,0.000,0.005,0.000,0.000,0.000,0.000
6385,2475.098,167.880,167.880,149.183,88.333,0.000,149.178,0.000,0.005,0.000,0.000,0.000,0.000
6386,2475.438,197.777,197.777,149.249,88.432,0.000,149.244,0.000,0.005,0.000,0.000,0.000,0.000
6387,2475.779,152.589,152.589,149.320,88.531,0.000,149.315,0.000,0.005,0.000,0.000,0.000,0.000
6388,2476.119,171.437,171.437,149.395,88.630,0.000,149.391,0.000,0.005,0.000,0.000,0.000,0.000
6389,2476.460,169.325,169.325,149.476,88.729,0.000,149.471,0.000,0.005,0.000,0.000,0.000,0.000
6390,2476.800,160.814,160.814,149.561,88.828,0.000,149.556,0.000,0.005,0.000,0.000,0.000,0.000
6391,2477.140,179.061,179.061,149.651,88.927,0.000,149.646,0.000,0.005,0.000,0.000,0.000,0.000
6392,2477.480,183.512,183.512,149.746,89.026,0.000,149.741,0.000,0.005,0.000,0.000,0.000,0.000
6393,2477.820,169.757,169.757,149.845,89.126,0.000,149.841,0.000,0.005,0.000,0.000,0.000,0.000
6394,2478.160,202.854,202.854,149.950,89.225,0.000,149.945,0.000,0.005,0.000,0.000,0.000,0.000
6395,2478.500,147.850,147.850,150.060,89.324,0.000,150.055,0.000,0.005,0.000,0.000,0.000,0.000
6396,2478.839,189.901,189.901,150.175,89.423,0.000,150.170,0.000,0.005,0.000,0.000,0.000,0.000
6397,2479.179,168.258,168.258,150.295,89.522,0.000,150.290,0.000,0.005,0.000,0.000,0.000,0.000
6398,2479.518,167.531,167.531,150.420,89.621,0.000,150.415,0.000,0.005,0.000,0.000,0.000,0.000
6399,2479.858,183.966,183.966,150.550,89.720,0.000,150.545,0.000,0.005,0.000,0.000,0.000,0.000
6400,2480.197,199.538,199.538,150.685,89.819,0.000,150.681,0.000,0.005,0.000,0.000,0.000,0.000
6401,2480.536,149.289,149.289,150.826,89.918,0.000,150.821,0.000,0.005,0.000,0.000,0.000,0.000
6402,2480.875,189.213,189.213,150.972,90.017,0.000,150.967,0.000,0.004,0.000,0.000,0.000,0.000
6403,2481.214,176.824,176.824,151.123,90.116,0.000,151.119,0.000,0.004,0.000,0.000,0.000,0.000
6404,2481.553,172.172,172.172,151.280,90.215,0.000,151.275,0.000,0.004,0.000,0.000,0.000,0.000
6405,2481.892,177.969,177.969,151.442,90.314,0.000,151.437,0.000,0.004,0.000,0.000,0.000,0.000
6406,2482.231,157.333,157.333,151.609,90.413,0.000,151.605,0.000,0.004,0.000,0.000,0.000,0.000
6407,2482.569,175.385,175.385,151.782,90.512,0.000,151.778,0.000,0.004,0.000,0.000,0.000,0.000
6408,2482.908,176.945,176.945,151.961,90.611,0.000,151.956,0.000,0.004,0.000,0.000,0.000,0.000
6409,2483.246,200.058,200.058,152.145,90.710,0.000,152.140,0.000,0.004,0.000,0.000,0.000,0.000
6410,2483.585,175.653,175.653,152.334,90.809,0.000,152.330,0.000,0.004,0.000,0.000,0.000,0.000
6411,2483.923,170.643,170.643,152.530,90.908,0.000,152.526,0.000,0.004,0.000,0.000,0.000,0.000
6412,2484.261,145.883,145.883,152.731,91.007,0.000,152.727,0.000,0.004,0.000,0.000,0.000,0.000
6413,2484.599,174.142,174.142,152.938,91.106,0.000,152.933,0.000,0.004,0.000,0.000,0.000,0.000
6414,2484.937,178.676,178.676,153.150,91.205,0.000,153.146,0.000,0.004,0.000,0.000,0.000,0.000
6415,2485.275,160.081,160.081,153.369,91.305,0.000,153.365,0.000,0.004,0.000,0.000,0.000,0.000
6416,2485.613,144.088,144.088,153.593,91.404,0.000,153.589,0.000,0.004,0.000,0.000,0.000,0.000
6417,2485.950,160.607,160.607,153.823,91.503,0.000,153.819,0.000,0.004,0.000,0.000,0.000,0.000
6418,2486.288,160.334,160.334,154.060,91.602,0.000,154.055,0.000,0.004,0.000,0.000,0.000,0.000
6419,2486.626,180.218,180.218,154.302,91.701,0.000,154.298,0.000,0.004,0.000,0.000,0.000,0.000
6420,2486.963,166.141,166.141,154.550,91.800,0.000,154.546,0.000,0.004,0.000,0.000,0.000,0.000
6421,2487.300,161.331,161.331,154.805,91.899,0.000,154.800,0.000,0.004,0.000,0.000,0.000,0.000
6422,2487.637,187.499,187.499,155.065,91.998,0.000,155.061,0.000,0.004,0.000,0.000,0.000,0.000
6423,2487.975,147.346,147.346,155.332,92.097,0.000,155.328,0.000,0.004,0.000,0.000,0.000,0.000
6424,2488.312,157.426,157.426,155.605,92.196,0.000,155.601,0.000,0.004,0.000,0.000,0.000,0.000
6425,2488.649,158.695,158.695,155.884,92.295,0.000,155.880,0.000,0.004,0.000,0.000,0.000,0.000
6426,2488.985,153.970,153.970,156.170,92.394,0.000,156.165,0.000,0.004,0.000,0.000,0.000,0.000
6427,2489.322,177.239,177.239,156.461,92.493,0.000,156.457,0.000,0.004,0.000,0.000,0.000,0.000
6428,2489.659,180.895,180.895,156.760,92.592,0.000,156.756,0.000,0.004,0.000,0.000,0.000,0.000
6429,2489.995,154.375,154.375,157.065,92.691,0.000,157.061,0.000,0.004,0.000,0.000,0.000,0.000
6430,2490.332,177.707,177.707,157.376,92.790,0.000,157.372,0.000,0.004,0.000,0.000,0.000,0.000
6431,2490.668,172.716,172.716,157.694,92.889,0.000,157.690,0.000,0.004,0.000,0.000,0.000,0.000
6432,2491.004,157.808,157.808,158.018,92.988,0.000,158.014,0.000,0.004,0.000,0.000,0.000,0.000
6433,2491.341,158.719,158.719,158.349,93.087,0.000,158.345,0.000,0.004,0.000,0.000,0.000,0.000
6434,2491.677,163.644,163.644,158.687,93.186,0.000,158.683,0.000,0.004,0.000,0.000,0.000,0.000
6435,2492.013,178.482,178.482,159.032,93.285,0.000,159.028,0.000,0.004,0.000,0.000,0.000,0.000
6436,2492.349,146.219,146.219,159.383,93.384,0.000,159.379,0.000,0.004,0.000,0.000,0.000,0.000
6437,2492.684,142.916,142.916,159.741,93.484,0.000,159.737,0.000,0.004,0.000,0.000,0.000,0.000
6438,2493.020,156.275,156.275,160.106,93.583,0.000,160.102,0.000,0.004,0.000,0.000,0.000,0.000
6439,2493.356,159.294,159.294,160.478,93.682,0.000,160.474,0.000,0.004,0.000,0.000,0.000,0.000
6440,2493.691,138.062,138.062,160.857,93.781,0.000,160.853,0.000,0.004,0.000,0.000,0.000,0.000
6441,2494.027,148.898,148.898,161.243,93.880,0.000,161.239,0.000,0.004,0.000,0.000,0.000,0.000
6442,2494.362,166.513,166.513,161.636,93.979,0.000,161.632,0.000,0.004,0.000,0.000,0.000,0.000
6443,2494.697,159.457,159.457,162.036,94.078,0.000,162.032,0.000,0.004,0.000,0.000,0.000,0.000
6444,2495.032,164.597,164.597,162.443,94.177,0.000,162.439,0.000,0.004,0.000,0.000,0.000,0.000
6445,2495.367,166.757,166.757,162.858,94.276,0.000,162.854,0.000,0.004,0.000,0.000,0.000,0.000
6446,2495.702,163.264,163.264,163.280,94.375,0.000,163.276,0.000,0.004,0.000,0.000,0.000,0.000
6447,2496.037,115.705,115.705,163.709,94.474,0.000,163.705,0.000,0.004,0.000,0.000,0.000,0.000
6448,2496.372,127.608,127.608,164.145,94.573,0.000,164.141,0.000,0.004,0.000,0.000,0.000,0.000
6449,2496.706,166.156,166.156,164.589,94.672,0.000,164.585,0.000,0.004,0.000,0.000,0.000,0.000
6450,2497.041,169.805,169.805,165.040,94.771,0.000,165.036,0.000,0.004,0.000,0.000,0.000,0.000
6451,2497.375,147.549,147.549,165.499,94.870,0.000,165.495,0.000,0.004,0.000,0.000,0.000,0.000
6452,2497.710,151.043,151.043,165.965,94.969,0.000,165.961,0.000,0.004,0.000,0.000,0.000,0.000
6453,2498.044,153.086,153.086,166.439,95.068,0.000,166.435,0.000,0.004,0.000,0.000,0.000,0.000
6454,2498.378,162.825,162.825,166.921,95.167,0.000,166.917,0.000,0.004,0.000,0.000,0.000,0.000
6455,2498.712,155.485,155.485,167.410,95.266,0.000,167.406,0.000,0.004,0.000,0.000,0.000,0.000
6456,2499.046,153.008,153.008,167.907,95.365,0.000,167.903,0.000,0.004,0.000,0.000,0.000,0.000
6457,2499.380,143.778,143.778,168.411,95.464,0.000,168.407,0.000,0.004,0.000,0.000,0.000,0.000
6458,2499.714,159.701,159.701,168.924,95.563,0.000,168.920,0.000,0.004,0.000,0.000,0.000,0.000
6459,2500.048,156.784,156.784,169.444,95.663,0.000,169.440,0.000,0.004,0.000,0.000,0.000,0.000
6460,2500.381,156.158,156.158,169.973,95.762,0.000,169.969,0.000,0.004,0.000,0.000,0.000,0.000
6461,2500.715,176.930,176.930,170.509,95.861,0.000,170.505,0.000,0.004,0.000,0.000,0.000,0.000
6462,2501.048,159.751,159.751,171.053,95.960,0.000,171.049,0.000,0.004,0.000,0.000,0.000,0.000
6463,2501.381,169.982,169.982,171.606,96.059,0.000,171.602,0.000,0.004,0.000,0.000,0.000,0.000
6464,2501.715,145.102,145.102,172.166,96.158,0.000,172.162,0.000,0.004,0.000,0.000,0.000,0.000
6465,2502.048,156.051,156.051,172.735,96.257,0.000,172.731,0.000,0.004,0.000,0.000,0.000,0.000
6466,2502.381,163.573,163.573,173.312,96.356,0.000,173.308,0.000,0.004,0.000,0.000,0.000,0.000
6467,2502.714,172.364,172.364,173.897,96.455,0.000,173.893,0.000,0.004,0.000,0.000,0.000,0.000
6468,2503.046,145.870,145.870,174.490,96.554,0.000,174.486,0.000,0.004,0.000,0.000,0.000,0.000
6469,2503.379,151.818,151.818,175.092,96.653,0.000,175.088,0.000,0.004,0.000,0.000,0.000,0.000
6470,2503.712,139.602,139.602,175.702,96.752,0.000,175.698,0.000,0.004,0.000,0.000,0.000,0.000
6471,2504.044,153.315,153.315,176.320,96.851,0.000,176.317,0.000,0.004,0.000,0.000,0.000,0.000
6472,2504.377,140.360,140.360,176.947,96.950,0.000,176.944,0.000,0.004,0.000,0.000,0.000,0.000
6473,2504.709,163.994,163.994,177.583,97.049,0.000,177.579,0.000,0.004,0.000,0.000,0.000,0.000
6474,2505.041,137.703,137.703,178.227,97.148,0.000,178.223,0.000,0.004,0.000,0.000,0.000,0.000
6475,2505.373,178.293,178.293,178.880,97.247,0.000,178.876,0.000,0.004,0.000,0.000,0.000,0.000
6476,2505.705,147.152,147.152,179.541,97.346,0.000,179.537,0.000,0.004,0.000,0.000,0.000,0.000
6477,2506.037,152.908,152.908,180.211,97.445,0.000,180.207,0.000,0.004,0.000,0.000,0.000,0.000
6478,2506.369,133.947,133.947,180.890,97.544,0.000,180.886,0.000,0.004,0.000,0.000,0.000,0.000
6479,2506.701,144.162,144.162,181.578,97.643,0.000,181.574,0.000,0.004,0.000,0.000,0.000,0.000
6480,2507.032,131.904,131.904,182.274,97.743,0.000,182.270,0.000,0.004,0.000,0.000,0.000,0.000
6481,2507.364,163.726,163.726,182.980,97.842,0.000,182.976,0.000,0.004,0.000,0.000,0.000,0.000
6482,2507.695,154.828,154.828,183.694,97.941,0.000,183.690,0.000,0.004,0.000,0.000,0.000,0.000
6483,2508.027,150.949,150.949,184.417,98.040,0.000,184.413,0.000,0.004,0.000,0.000,0.000,0.000
6484,2508.358,129.021,129.021,185.149,98.139,0.000,185.145,0.000,0.004,0.000,0.000,0.000,0.000
6485,2508.689,146.223,146.223,185.891,98.238,0.000,185.887,0.000,0.004,0.000,0.000,0.000,0.000
6486,2509.020,134.126,134.126,186.641,98.337,0.000,186.637,0.000,0.004,0.000,0.000,0.000,0.000
6487,2509.351,136.779,136.779,187.401,98.436,0.000,187.397,0.000,0.004,0.000,0.000,0.000,0.000
6488,2509.682,136.724,136.724,188.169,98.535,0.000,188.165,0.000,0.004,0.000,0.000,0.000,0.000
6489,2510.013,148.004,148.004,188.947,98.634,0.000,188.943,0.000,0.004,0.000,0.000,0.000,0.000
6490,2510.343,128.378,128.378,189.734,98.733,0.000,189.730,0.000,0.004,0.000,0.000,0.000,0.000
6491,2510.674,143.996,143.996,190.531,98.832,0.000,190.527,0.000,0.004,0.000,0.000,0.000,0.000
6492,2511.004,145.493,145.493,191.337,98.931,0.000,191.333,0.000,0.004,0.000,0.000,0.000,0.000
6493,2511.334,128.061,128.061,192.152,99.030,0.000,192.148,0.000,0.004,0.000,0.000,0.000,0.000
6494,2511.665,136.359,136.359,192.976,99.129,0.000,192.972,0.000,0.004,0.000,0.000,0.000,0.000
6495,2511.995,130.880,130.880,193.811,99.228,0.000,193.807,0.000,0.004,0.000,0.000,0.000,0.000
6496,2512.325,148.751,148.751,194.654,99.327,0.000,194.650,0.000,0.004,0.000,0.000,0.000,0.000
6497,2512.655,124.744,124.744,195.507,99.426,0.000,195.503,0.000,0.004,0.000,0.000,0.000,0.000
6498,2512.985,173.261,173.261,196.370,99.525,0.000,196.366,0.000,0.004,0.000,0.000,0.000,0.000
6499,2513.314,146.268,146.268,197.242,99.624,0.000,197.238,0.000,0.004,0.000,0.000,0.000,0.000
6500,2513.644,109.816,109.816,198.124,99.723,0.000,198.120,0.000,0.004,0.000,0.000,0.000,0.000
6501,2513.974,127.481,127.481,199.015,99.822,0.000,199.011,0.000,0.004,0.000,0.000,0.000,0.000
6502,2514.303,145.186,145.186,199.917,99.922,0.000,199.913,0.000,0.004,0.000,0.000,0.000,0.000
6503,2514.632,139.671,139.671,200.828,100.021,0.000,200.824,0.000,0.004,0.000,0.000,0.000,0.000
6504,2514.962,157.300,157.300,201.748,100.120,0.000,201.744,0.000,0.004,0.000,0.000,0.000,0.000
6505,2515.291,138.305,138.305,202.679,100.219,0.000,202.675,0.000,0.004,0.000,0.000,0.000,0.000
6506,2515.620,117.118,117.118,203.619,100.318,0.000,203.615,0.000,0.004,0.000,0.000,0.000,0.000
6507,2515.949,162.845,162.845,204.570,100.417,0.000,204.566,0.000,0.004,0.000,0.000,0.000,0.000
6508,2516.278,110.368,110.368,205.530,100.516,0.000,205.526,0.000,0.004,0.000,0.000,0.000,0.000
6509,2516.606,140.314,140.314,206.500,100.615,0.000,206.496,0.000,0.004,0.000,0.000,0.000,0.000
6510,2516.935,139.841,139.841,207.480,100.714,0.000,207.476,0.000,0.004,0.000,0.000,0.000,0.000
6511,2517.264,128.612,128.612,208.470,100.813,0.000,208.466,0.000,0.004,0.000,0.000,0.000,0.000
6512,2517.592,142.482,142.482,209.470,100.912,0.000,209.466,0.000,0.004,0.000,0.000,0.000,0.000
6513,2517.920,140.713,140.713,210.480,101.011,0.000,210.476,0.000,0.004,0.000,0.000,0.000,0.000
6514,2518.249,137.625,137.625,211.501,101.110,0.000,211.496,0.000,0.004,0.000,0.000,0.000,0.000
6515,2518.577,140.667,140.667,212.531,101.209,0.000,212.527,0.000,0.004,0.000,0.000,0.000,0.000
6516,2518.905,132.068,132.068,213.571,101.308,0.000,213.567,0.000,0.004,0.000,0.000,0.000,0.000
6517,2519.233,131.298,131.298,214.622,101.407,0.000,214.618,0.000,0.004,0.000,0.000,0.000,0.000
6518,2519.561,153.390,153.390,215.683,101.506,0.000,215.679,0.000,0.004,0.000,0.000,0.000,0.000
6519,2519.888,126.716,126.716,216.754,101.605,0.000,216.750,0.000,0.004,0.000,0.000,0.000,0.000
6520,2520.216,134.797,134.797,217.835,101.704,0.000,217.831,0.000,0.004,0.000,0.000,0.000,0.000
6521,2520.543,155.135,155.135,218.927,101.803,0.000,218.922,0.000,0.004,0.000,0.000,0.000,0.000
6522,2520.871,143.011,143.011,220.028,101.902,0.000,220.024,0.000,0.004,0.000,0.000,0.000,0.000
6523,2521.198,138.391,138.391,221.140,102.001,0.000,221.136,0.000,0.004,0.000,0.000,0.000,0.000
6524,2521.525,135.726,135.726,222.263,102.101,0.000,222.258,0.000,0.004,0.000,0.000,0.000,0.000
6525,2521.853,118.662,118.662,223.395,102.200,0.000,223.391,0.000,0.004,0.000,0.000,0.000,0.000
6526,2522.180,155.889,155.889,224.538,102.299,0.000,224.534,0.000,0.004,0.000,0.000,0.000,0.000
6527,2522.507,104.923,104.923,225.692,102.398,0.000,225.687,0.000,0.004,0.000,0.000,0.000,0.000
6528,2522.833,123.079,123.079,226.855,102.497,0.000,226.851,0.000,0.004,0.000,0.000,0.000,0.000
6529,2523.160,129.063,129.063,228.030,102.596,0.000,228.025,0.000,0.004,0.000,0.000,0.000,0.000
6530,2523.487,139.983,139.983,229.214,102.695,0.000,229.210,0.000,0.004,0.000,0.000,0.000,0.000
6531,2523.813,136.679,136.679,230.409,102.794,0.000,230.405,0.000,0.004,0.000,0.000,0.000,0.000
6532,2524.140,120.356,120.356,231.614,102.893,0.000,231.610,0.000,0.004,0.000,0.000,0.000,0.000
6533,2524.466,122.271,122.271,232.830,102.992,0.000,232.826,0.000,0.004,0.000,0.000,0.000,0.000
6534,2524.792,136.964,136.964,234.057,103.091,0.000,234.052,0.000,0.004,0.000,0.000,0.000,0.000
6535,2525.118,136.644,136.644,235.293,103.190,0.000,235.289,0.000,0.004,0.000,0.000,0.000,0.000
6536,2525.444,153.989,153.989,236.541,103.289,0.000,236.536,0.000,0.004,0.000,0.000,0.000,0.000
6537,2525.770,139.988,139.988,237.798,103.388,0.000,237.794,0.000,0.005,0.000,0.000,0.000,0.000
6538,2526.096,144.051,144.051,239.066,103.487,0.000,239.062,0.000,0.005,0.000,0.000,0.000,0.000
6539,2526.422,134.132,134.132,240.345,103.586,0.000,240.341,0.000,0.005,0.000,0.000,0.000,0.000
6540,2526.747,137.623,137.623,241.634,103.685,0.000,241.630,0.000,0.005,0.000,0.000,0.000,0.000
6541,2527.073,139.578,139.578,242.934,103.784,0.000,242.929,0.000,0.005,0.000,0.000,0.000,0.000
6542,2527.398,129.011,129.011,244.244,103.883,0.000,244.239,0.000,0.005,0.000,0.000,0.000,0.000
6543,2527.724,116.729,116.729,245.565,103.982,0.000,245.560,0.000,0.005,0.000,0.000,0.000,0.000
6544,2528.049,136.534,136.534,246.896,104.081,0.000,246.891,0.000,0.005,0.000,0.000,0.000,0.000
6545,2528.374,154.701,154.701,248.238,104.181,0.000,248.233,0.000,0.005,0.000,0.000,0.000,0.000
6546,2528.699,152.670,152.670,249.590,104.280,0.000,249.585,0.000,0.005,0.000,0.000,0.000,0.000
6547,2529.024,130.154,130.154,250.952,104.379,0.000,250.948,0.000,0.005,0.000,0.000,0.000,0.000
6548,2529.349,140.839,140.839,252.325,104.478,0.000,252.321,0.000,0.005,0.000,0.000,0.000,0.000
6549,2529.673,130.259,130.259,253.709,104.577,0.000,253.704,0.000,0.005,0.000,0.000,0.000,0.000
6550,2529.998,140.661,140.661,255.103,104.676,0.000,255.098,0.000,0.005,0.000,0.000,0.000,0.000
6551,2530.322,149.157,149.157,256.508,104.775,0.000,256.503,0.000,0.005,0.000,0.000,0.000,0.000
6552,2530.647,133.393,133.393,257.923,104.874,0.000,257.918,0.000,0.005,0.000,0.000,0.000,0.000
6553,2530.971,129.112,129.112,259.348,104.973,0.000,259.343,0.000,0.005,0.000,0.000,0.000,0.000
6554,2531.295,133.599,133.599,260.784,105.072,0.000,260.779,0.000,0.005,0.000,0.000,0.000,0.000
6555,2531.619,144.757,144.757,262.230,105.171,0.000,262.226,0.000,0.005,0.000,0.000,0.000,0.000
6556,2531.943,133.415,133.415,263.687,105.270,0.000,263.682,0.000,0.005,0.000,0.000,0.000,0.000
6557,2532.267,152.407,152.407,265.154,105.369,0.000,265.149,0.000,0.005,0.000,0.000,0.000,0.000
6558,2532.591,126.067,126.067,266.632,105.468,0.000,266.627,0.000,0.005,0.000,0.000,0.000,0.000
6559,2532.914,134.966,134.966,268.119,105.567,0.000,268.115,0.000,0.005,0.000,0.000,0.000,0.000
6560,2533.238,144.404,144.404,269.618,105.666,0.000,269.613,0.000,0.005,0.000,0.000,0.000,0.000
6561,2533.561,151.886,151.886,271.126,105.765,0.000,271.121,0.000,0.005,0.000,0.000,0.000,0.000
6562,2533.885,146.123,146.123,272.645,105.864,0.000,272.640,0.000,0.005,0.000,0.000,0.000,0.000
6563,2534.208,167.631,167.631,274.174,105.963,0.000,274.169,0.000,0.005,0.000,0.000,0.000,0.000
6564,2534.531,130.974,130.974,275.713,106.062,0.000,275.708,0.000,0.005,0.000,0.000,0.000,0.000
6565,2534.854,117.515,117.515,277.263,106.161,0.000,277.258,0.000,0.005,0.000,0.000,0.000,0.000
6566,2535.177,143.976,143.976,278.822,106.260,0.000,278.817,0.000,0.005,0.000,0.000,0.000,0.000
6567,2535.500,123.769,123.769,280.392,106.360,0.000,280.387,0.000,0.005,0.000,0.000,0.000,0.000
6568,2535.822,137.815,137.815,281.972,106.459,0.000,281.967,0.000,0.005,0.000,0.000,0.000,0.000
6569,2536.145,130.083,130.083,283.562,106.558,0.000,283.557,0.000,0.005,0.000,0.000,0.000,0.000
6570,2536.468,132.495,132.495,285.162,106.657,0.000,285.157,0.000,0.005,0.000,0.000,0.000,0.000
6571,2536.790,141.813,141.813,286.772,106.756,0.000,286.767,0.000,0.005,0.000,0.000,0.000,0.000
6572,2537.112,118.341,118.341,288.392,106.855,0.000,288.387,0.000,0.005,0.000,0.000,0.000,0.000
6573,2537.434,128.003,128.003,290.022,106.954,0.000,290.017,0.000,0.005,0.000,0.000,0.000,0.000
6574,2537.757,128.176,128.176,291.662,107.053,0.000,291.657,0.000,0.005,0.000,0.000,0.000,0.000
6575,2538.078,149.064,149.064,293.312,107.152,0.000,293.307,0.000,0.005,0.000,0.000,0.000,0.000
6576,2538.400,143.696,143.696,294.972,107.251,0.000,294.967,0.000,0.005,0.000,0.000,0.000,0.000
6577,2538.722,146.878,146.878,296.642,107.350,0.000,296.636,0.000,0.005,0.000,0.000,0.000,0.000
6578,2539.044,125.404,125.404,298.321,107.449,0.000,298.315,0.000,0.005,0.000,0.000,0.000,0.000
6579,2539.365,157.530,157.530,300.010,107.548,0.000,300.004,0.000,0.005,0.000,0.000,0.000,0.000
6580,2539.687,147.536,147.536,301.708,107.647,0.000,301.703,0.000,0.005,0.000,0.000,0.000,0.000
6581,2540.008,122.364,122.364,303.416,107.746,0.000,303.411,0.000,0.005,0.000,0.000,0.000,0.000
6582,2540.329,153.964,153.964,305.134,107.845,0.000,305.129,0.000,0.005,0.000,0.000,0.000,0.000
6583,2540.651,142.616,142.616,306.861,107.944,0.000,306.856,0.000,0.005,0.000,0.000,0.000,0.000
6584,2540.972,142.718,142.718,308.598,108.043,0.000,308.592,0.000,0.005,0.000,0.000,0.000,0.000
6585,2541.292,136.431,136.431,310.344,108.142,0.000,310.338,0.000,0.006,0.000,0.000,0.000,0.000
6586,2541.613,171.823,171.823,312.099,108.241,0.000,312.094,0.000,0.006,0.000,0.000,0.000,0.000
6587,2541.934,140.393,140.393,313.864,108.340,0.000,313.858,0.000,0.006,0.000,0.000,0.000,0.000
6588,2542.255,152.017,152.017,315.638,108.439,0.000,315.632,0.000,0.006,0.000,0.000,0.000,0.000
6589,2542.575,143.050,143.050,317.421,108.539,0.000,317.415,0.000,0.006,0.000,0.000,0.000,0.000
6590,2542.896,141.674,141.674,319.213,108.638,0.000,319.207,0.000,0.006,0.000,0.000,0.000,0.000
6591,2543.216,164.146,164.146,321.014,108.737,0.000,321.008,0.000,0.006,0.000,0.000,0.000,0.000
6592,2543.536,157.959,157.959,322.824,108.836,0.000,322.818,0.000,0.006,0.000,0.000,0.000,0.000
6593,2543.856,156.039,156.039,324.643,108.935,0.000,324.637,0.000,0.006,0.000,0.000,0.000,0.000
6594,2544.176,137.985,137.985,326.471,109.034,0.000,326.465,0.000,0.006,0.000,0.000,0.000,0.000
6595,2544.496,131.371,131.371,328.307,109.133,0.000,328.301,0.000,0.006,0.000,0.000,0.000,0.000
6596,2544.816,136.065,136.065,330.152,109.232,0.000,330.146,0.000,0.006,0.000,0.000,0.000,0.000
6597,2545.135,136.888,136.888,332.006,109.331,0.000,332.000,0.000,0.006,0.000,0.000,0.000,0.000
6598,2545.455,127.149,127.149,333.868,109.430,0.000,333.862,0.000,0.006,0.000,0.000,0.000,0.000
6599,2545.774,148.799,148.799,335.739,109.529,0.000,335.733,0.000,0.006,0.000,0.000,0.000,0.000
6600,2546.094,152.011,152.011,337.618,109.628,0.000,337.612,0.000,0.006,0.000,0.000,0.000,0.000
6601,2546.413,155.591,155.591,339.505,109.727,0.000,339.499,0.000,0.006,0.000,0.000,0.000,0.000
6602,2546.732,129.114,129.114,341.401,109.826,0.000,341.395,0.000,0.006,0.000,0.000,0.000,0.000
6603,2547.051,119.864,119.864,343.304,109.925,0.000,343.299,0.000,0.006,0.000,0.000,0.000,0.000
6604,2547.370,151.041,151.041,345.216,110.024,0.000,345.210,0.000,0.006,0.000,0.000,0.000,0.000
6605,2547.689,132.313,132.313,347.136,110.123,0.000,347.130,0.000,0.006,0.000,0.000,0.000,0.000
6606,2548.007,151.491,151.491,349.063,110.222,0.000,349.057,0.000,0.006,0.000,0.000,0.000,0.000
6607,2548.326,126.302,126.302,350.998,110.321,0.000,350.992,0.000,0.006,0.000,0.000,0.000,0.000
6608,2548.645,143.783,143.783,352.941,110.420,0.000,352.935,0.000,0.006,0.000,0.000,0.000,0.000
6609,2548.963,141.077,141.077,354.892,110.519,0.000,354.886,0.000,0.006,0.000,0.000,0.000,0.000
6610,2549.281,153.101,153.101,356.850,110.619,0.000,356.844,0.000,0.006,0.000,0.000,0.000,0.000
6611,2549.599,161.200,161.200,358.815,110.718,0.000,358.809,0.000,0.006,0.000,0.000,0.000,0.000
6612,2549.917,147.904,147.904,360.788,110.817,0.000,360.782,0.000,0.006,0.000,0.000,0.000,0.000
6613,2550.235,153.714,153.714,362.768,110.916,0.000,362.761,0.000,0.006,0.000,0.000,0.000,0.000
6614,2550.553,147.382,147.382,364.755,111.015,0.000,364.748,0.000,0.006,0.000,0.000,0.000,0.000
6615,2550.871,134.062,134.062,366.748,111.114,0.000,366.742,0.000,0.006,0.000,0.000,0.000,0.000
6616,2551.189,137.491,137.491,368.749,111.213,0.000,368.743,0.000,0.006,0.000,0.000,0.000,0.000
6617,2551.506,152.509,152.509,370.757,111.312,0.000,370.750,0.000,0.006,0.000,0.000,0.000,0.000
6618,2551.823,111.319,111.319,372.771,111.411,0.000,372.765,0.000,0.006,0.000,0.000,0.000,0.000
6619,2552.141,138.928,138.928,374.792,111.510,0.000,374.785,0.000,0.006,0.000,0.000,0.000,0.000
6620,2552.458,143.099,143.099,376.819,111.609,0.000,376.812,0.000,0.006,0.000,0.000,0.000,0.000
6621,2552.775,155.678,155.678,378.852,111.708,0.000,378.846,0.000,0.006,0.000,0.000,0.000,0.000
6622,2553.092,134.924,134.924,380.892,111.807,0.000,380.886,0.000,0.006,0.000,0.000,0.000,0.000
6623,2553.409,147.064,147.064,382.938,111.906,0.000,382.931,0.000,0.006,0.000,0.000,0.000,0.000
6624,2553.726,133.881,133.881,384.989,112.005,0.000,384.983,0.000,0.006,0.000,0.000,0.000,0.000
6625,2554.042,129.908,129.908,387.047,112.104,0.000,387.041,0.000,0.006,0.000,0.000,0.000,0.000
6626,2554.359,143.863,143.863,389.110,112.203,0.000,389.104,0.000,0.007,0.000,0.000,0.000,0.000
6627,2554.675,147.795,147.795,391.179,112.302,0.000,391.173,0.000,0.007,0.000,0.000,0.000,0.000
6628,2554.992,152.058,152.058,393.254,112.401,0.000,393.247,0.000,0.007,0.000,0.000,0.000,0.000
6629,2555.308,134.328,134.328,395.334,112.500,0.000,395.327,0.000,0.007,0.000,0.000,0.000,0.000
6630,2555.624,144.676,144.676,397.419,112.599,0.000,397.412,0.000,0.007,0.000,0.000,0.000,0.000
6631,2555.940,141.330,141.330,399.509,112.698,0.000,399.502,0.000,0.007,0.000,0.000,0.000,0.000
6632,2556.256,161.854,161.854,401.604,112.798,0.000,401.598,0.000,0.007,0.000,0.000,0.000,0.000
6633,2556.572,171.333,171.333,403.704,112.897,0.000,403.698,0.000,0.007,0.000,0.000,0.000,0.000
6634,2556.887,173.136,173.136,405.809,112.996,0.000,405.802,0.000,0.007,0.000,0.000,0.000,0.000
6635,2557.203,156.387,156.387,407.918,113.095,0.000,407.912,0.000,0.007,0.000,0.000,0.000,0.000
6636,2557.518,154.894,154.894,410.032,113.194,0.000,410.025,0.000,0.007,0.000,0.000,0.000,0.000
6637,2557.834,172.963,172.963,412.150,113.293,0.000,412.143,0.000,0.007,0.000,0.000,0.000,0.000
6638,2558.149,164.893,164.893,414.272,113.392,0.000,414.266,0.000,0.007,0.000,0.000,0.000,0.000
6639,2558.464,150.236,150.236,416.399,113.491,0.000,416.392,0.000,0.007,0.000,0.000,0.000,0.000
6640,2558.779,151.601,151.601,418.529,113.590,0.000,418.522,0.000,0.007,0.000,0.000,0.000,0.000
6641,2559.094,155.445,155.445,420.663,113.689,0.000,420.656,0.000,0.007,0.000,0.000,0.000,0.000
6642,2559.409,119.046,119.046,422.800,113.788,0.000,422.793,0.000,0.007,0.000,0.000,0.000,0.000
6643,2559.724,166.245,166.245,424.941,113.887,0.000,424.934,0.000,0.007,0.000,0.000,0.000,0.000
6644,2560.038,141.244,141.244,427.085,113.986,0.000,427.078,0.000,0.007,0.000,0.000,0.000,0.000
6645,2560.353,140.236,140.236,429.233,114.085,0.000,429.226,0.000,0.007,0.000,0.000,0.000,0.000
6646,2560.667,141.864,141.864,431.383,114.184,0.000,431.376,0.000,0.007,0.000,0.000,0.000,0.000
6647,2560.981,164.829,164.829,433.536,114.283,0.000,433.529,0.000,0.007,0.000,0.000,0.000,0.000
6648,2561.295,169.284,169.284,435.692,114.382,0.000,435.685,0.000,0.007,0.000,0.000,0.000,0.000
6649,2561.609,151.931,151.931,437.851,114.481,0.000,437.844,0.000,0.007,0.000,0.000,0.000,0.000
6650,2561.923,138.515,138.515,440.012,114.580,0.000,440.005,0.000,0.007,0.000,0.000,0.000,0.000
6651,2562.237,179.845,179.845,442.175,114.679,0.000,442.168,0.000,0.007,0.000,0.000,0.000,0.000
6652,2562.551,155.596,155.596,444.340,114.778,0.000,444.333,0.000,0.007,0.000,0.000,0.000,0.000
6653,2562.864,151.116,151.116,446.508,114.877,0.000,446.500,0.000,0.007,0.000,0.000,0.000,0.000
6654,2563.178,149.782,149.782,448.676,114.977,0.000,448.669,0.000,0.007,0.000,0.000,0.000,0.000
6655,2563.491,173.707,173.707,450.847,115.076,0.000,450.840,0.000,0.007,0.000,0.000,0.000,0.000
6656,2563.805,160.828,160.828,453.019,115.175,0.000,453.012,0.000,0.007,0.000,0.000,0.000,0.000
6657,2564.118,169.568,169.568,455.192,115.274,0.000,455.185,0.000,0.007,0.000,0.000,0.000,0.000
6658,2564.431,145.819,145.819,457.367,115.373,0.000,457.359,0.000,0.007,0.000,0.000,0.000,0.000
6659,2564.744,174.079,174.079,459.542,115.472,0.000,459.535,0.000,0.007,0.000,0.000,0.000,0.000
6660,2565.057,174.805,174.805,461.718,115.571,0.000,461.711,0.000,0.007,0.000,0.000,0.000,0.000
6661,2565.369,188.714,188.714,463.895,115.670,0.000,463.887,0.000,0.007,0.000,0.000,0.000,0.000
6662,2565.682,174.744,174.744,466.072,115.769,0.000,466.064,0.000,0.007,0.000,0.000,0.000,0.000
6663,2565.994,166.578,166.578,468.249,115.868,0.000,468.242,0.000,0.007,0.000,0.000,0.000,0.000
6664,2566.307,167.948,167.948,470.427,115.967,0.000,470.419,0.000,0.007,0.000,0.000,0.000,0.000
6665,2566.619,160.472,160.472,472.604,116.066,0.000,472.597,0.000,0.007,0.000,0.000,0.000,0.000
6666,2566.931,153.621,153.621,474.781,116.165,0.000,474.774,0.000,0.007,0.000,0.000,0.000,0.000
6667,2567.243,178.515,178.515,476.958,116.264,0.000,476.950,0.000,0.007,0.000,0.000,0.000,0.000
6668,2567.555,185.306,185.306,479.134,116.363,0.000,479.126,0.000,0.007,0.000,0.000,0.000,0.000
6669,2567.867,194.052,194.052,481.309,116.462,0.000,481.302,0.000,0.007,0.000,0.000,0.000,0.000
6670,2568.179,185.678,185.678,483.484,116.561,0.000,483.476,0.000,0.008,0.000,0.000,0.000,0.000
6671,2568.490,156.397,156.397,485.657,116.660,0.000,485.649,0.000,0.008,0.000,0.000,0.000,0.000
6672,2568.802,197.093,197.093,487.829,116.759,0.000,487.821,0.000,0.008,0.000,0.000,0.000,0.000
6673,2569.113,178.155,178.155,489.999,116.858,0.000,489.992,0.000,0.008,0.000,0.000,0.000,0.000
6674,2569.424,185.851,185.851,492.168,116.957,0.000,492.160,0.000,0.008,0.000,0.000,0.000,0.000
6675,2569.736,188.317,188.317,494.335,117.057,0.000,494.327,0.000,0.008,0.000,0.000,0.000,0.000
6676,2570.047,188.874,188.874,496.500,117.156,0.000,496.492,0.000,0.008,0.000,0.000,0.000,0.000
6677,2570.358,187.239,187.239,498.662,117.255,0.000,498.655,0.000,0.008,0.000,0.000,0.000,0.000
6678,2570.668,187.045,187.045,500.823,117.354,0.000,500.815,0.000,0.008,0.000,0.000,0.000,0.000
6679,2570.979,173.104,173.104,502.980,117.453,0.000,502.973,0.000,0.008,0.000,0.000,0.000,0.000
6680,2571.290,162.489,162.489,505.135,117.552,0.000,505.127,0.000,0.008,0.000,0.000,0.000,0.000
6681,2571.600,187.887,187.887,507.287,117.651,0.000,507.279,0.000,0.008,0.000,0.000,0.000,0.000
6682,2571.911,184.910,184.910,509.436,117.750,0.000,509.428,0.000,0.008,0.000,0.000,0.000,0.000
6683,2572.221,197.066,197.066,511.581,117.849,0.000,511.574,0.000,0.008,0.000,0.000,0.000,0.000
6684,2572.531,181.678,181.678,513.723,117.948,0.000,513.715,0.000,0.008,0.000,0.000,0.000,0.000
6685,2572.841,150.761,150.761,515.861,118.047,0.000,515.854,0.000,0.008,0.000,0.000,0.000,0.000
6686,2573.151,176.234,176.234,517.996,118.146,0.000,517.988,0.000,0.008,0.000,0.000,0.000,0.000
6687,2573.461,150.722,150.722,520.126,118.245,0.000,520.118,0.000,0.008,0.000,0.000,0.000,0.000
6688,2573.770,176.965,176.965,522.252,118.344,0.000,522.244,0.000,0.008,0.000,0.000,0.000,0.000
6689,2574.080,194.222,194.222,524.373,118.443,0.000,524.365,0.000,0.008,0.000,0.000,0.000,0.000
6690,2574.389,191.002,191.002,526.490,118.542,0.000,526.482,0.000,0.008,0.000,0.000,0.000,0.000
6691,2574.699,195.793,195.793,528.602,118.641,0.000,528.594,0.000,0.008,0.000,0.000,0.000,0.000
6692,2575.008,179.686,179.686,530.709,118.740,0.000,530.701,0.000,0.008,0.000,0.000,0.000,0.000
6693,2575.317,196.940,196.940,532.810,118.839,0.000,532.803,0.000,0.008,0.000,0.000,0.000,0.000
6694,2575.626,218.308,218.308,534.907,118.938,0.000,534.899,0.000,0.008,0.000,0.000,0.000,0.000
6695,2575.935,187.040,187.040,536.997,119.037,0.000,536.989,0.000,0.008,0.000,0.000,0.000,0.000
6696,2576.244,208.651,208.651,539.082,119.136,0.000,539.074,0.000,0.008,0.000,0.000,0.000,0.000
6697,2576.553,182.327,182.327,541.161,119.236,0.000,541.153,0.000,0.008,0.000,0.000,0.000,0.000
6698,2576.861,207.749,207.749,543.233,119.335,0.000,543.225,0.000,0.008,0.000,0.000,0.000,0.000
6699,2577.170,191.749,191.749,545.300,119.434,0.000,545.292,0.000,0.008,0.000,0.000,0.000,0.000
6700,2577.478,195.219,195.219,547.359,119.533,0.000,547.351,0.000,0.008,0.000,0.000,0.000,0.000
6701,2577.786,192.175,192.175,549.412,119.632,0.000,549.404,0.000,0.008,0.000,0.000,0.000,0.000
6702,2578.094,196.598,196.598,551.458,119.731,0.000,551.450,0.000,0.008,0.000,0.000,0.000,0.000
6703,2578.402,207.199,207.199,553.497,119.830,0.000,553.488,0.000,0.008,0.000,0.000,0.000,0.000
6704,2578.710,190.550,190.550,555.528,119.929,0.000,555.520,0.000,0.008,0.000,0.000,0.000,0.000
6705,2579.018,192.403,192.403,557.552,120.028,0.000,557.544,0.000,0.008,0.000,0.000,0.000,0.000
6706,2579.326,175.137,175.137,559.568,120.127,0.000,559.560,0.000,0.008,0.000,0.000,0.000,0.000
6707,2579.633,217.677,217.677,561.576,120.226,0.000,561.568,0.000,0.008,0.000,0.000,0.000,0.000
6708,2579.941,203.777,203.777,563.576,120.325,0.000,563.567,0.000,0.008,0.000,0.000,0.000,0.000
6709,2580.248,218.848,218.848,565.567,120.424,0.000,565.559,0.000,0.008,0.000,0.000,0.000,0.000
6710,2580.555,214.578,214.578,567.550,120.523,0.000,567.542,0.000,0.008,0.000,0.000,0.000,0.000
6711,2580.862,186.640,186.640,569.525,120.622,0.000,569.516,0.000,0.008,0.000,0.000,0.000,0.000
6712,2581.169,192.356,192.356,571.490,120.721,0.000,571.482,0.000,0.008,0.000,0.000,0.000,0.000
6713,2581.476,213.235,213.235,573.446,120.820,0.000,573.438,0.000,0.008,0.000,0.000,0.000,0.000
6714,2581.783,188.137,188.137,575.393,120.919,0.000,575.385,0.000,0.008,0.000,0.000,0.000,0.000
6715,2582.089,224.831,224.831,577.331,121.018,0.000,577.323,0.000,0.008,0.000,0.000,0.000,0.000
6716,2582.396,239.869,239.869,579.259,121.117,0.000,579.251,0.000,0.008,0.000,0.000,0.000,0.000
6717,2582.702,242.219,242.219,581.177,121.216,0.000,581.169,0.000,0.008,0.000,0.000,0.000,0.000
6718,2583.009,210.712,210.712,583.085,121.315,0.000,583.077,0.000,0.008,0.000,0.000,0.000,0.000
6719,2583.315,217.209,217.209,584.982,121.415,0.000,584.974,0.000,0.008,0.000,0.000,0.000,0.000
6720,2583.621,229.964,229.964,586.870,121.514,0.000,586.862,0.000,0.008,0.000,0.000,0.000,0.000
6721,2583.927,193.475,193.475,588.746,121.613,0.000,588.738,0.000,0.008,0.000,0.000,0.000,0.000
6722,2584.233,238.699,238.699,590.612,121.712,0.000,590.604,0.000,0.008,0.000,0.000,0.000,0.000
6723,2584.538,212.587,212.587,592.467,121.811,0.000,592.459,0.000,0.008,0.000,0.000,0.000,0.000
6724,2584.844,225.325,225.325,594.311,121.910,0.000,594.302,0.000,0.008,0.000,0.000,0.000,0.000
6725,2585.149,228.657,228.657,596.143,122.009,0.000,596.135,0.000,0.008,0.000,0.000,0.000,0.000
6726,2585.455,237.175,237.175,597.964,122.108,0.000,597.955,0.000,0.008,0.000,0.000,0.000,0.000
6727,2585.760,251.797,251.797,599.772,122.207,0.000,599.764,0.000,0.008,0.000,0.000,0.000,0.000
6728,2586.065,244.045,244.045,601.569,122.306,0.000,601.561,0.000,0.008,0.000,0.000,0.000,0.000
6729,2586.370,232.298,232.298,603.354,122.405,0.000,603.346,0.000,0.008,0.000,0.000,0.000,0.000
6730,2586.675,210.959,210.959,605.127,122.504,0.000,605.118,0.000,0.008,0.000,0.000,0.000,0.000
6731,2586.980,225.167,225.167,606.887,122.603,0.000,606.879,0.000,0.008,0.000,0.000,0.000,0.000
6732,2587.285,257.198,257.198,608.634,122.702,0.000,608.626,0.000,0.008,0.000,0.000,0.000,0.000
6733,2587.589,225.029,225.029,610.369,122.801,0.000,610.360,0.000,0.008,0.000,0.000,0.000,0.000
6734,2587.894,207.170,207.170,612.090,122.900,0.000,612.082,0.000,0.008,0.000,0.000,0.000,0.000
6735,2588.198,233.049,233.049,613.799,122.999,0.000,613.790,0.000,0.008,0.000,0.000,0.000,0.000
6736,2588.502,225.572,225.572,615.494,123.098,0.000,615.485,0.000,0.008,0.000,0.000,0.000,0.000
6737,2588.806,249.201,249.201,617.175,123.197,0.000,617.167,0.000,0.008,0.000,0.000,0.000,0.000
6738,2589.110,258.453,258.453,618.843,123.296,0.000,618.834,0.000,0.008,0.000,0.000,0.000,0.000
6739,2589.414,244.783,244.783,620.496,123.395,0.000,620.488,0.000,0.008,0.000,0.000,0.000,0.000
6740,2589.718,245.298,245.298,622.136,123.495,0.000,622.128,0.000,0.008,0.000,0.000,0.000,0.000
6741,2590.021,249.023,249.023,623.761,123.594,0.000,623.753,0.000,0.008,0.000,0.000,0.000,0.000
6742,2590.325,261.265,261.265,625.372,123.693,0.000,625.364,0.000,0.008,0.000,0.000,0.000,0.000
6743,2590.628,241.075,241.075,626.969,123.792,0.000,626.960,0.000,0.008,0.000,0.000,0.000,0.000
6744,2590.932,212.241,212.241,628.550,123.891,0.000,628.542,0.000,0.008,0.000,0.000,0.000,0.000
6745,2591.235,266.201,266.201,630.117,123.990,0.000,630.108,0.000,0.008,0.000,0.000,0.000,0.000
6746,2591.538,249.407,249.407,631.483,123.904,0.000,631.475,0.000,0.008,0.000,0.000,0.000,0.000
6747,2591.841,254.684,254.684,632.835,123.818,0.000,632.826,0.000,0.008,0.000,0.000,0.000,0.000
6748,2592.144,251.386,251.386,634.171,123.732,0.000,634.162,0.000,0.008,0.000,0.000,0.000,0.000
6749,2592.446,242.047,242.047,635.491,123.647,0.000,635.483,0.000,0.008,0.000,0.000,0.000,0.000
6750,2592.749,280.962,280.962,636.796,123.561,0.000,636.788,0.000,0.008,0.000,0.000,0.000,0.000
6751,2593.051,242.401,242.401,638.085,123.475,0.000,638.076,0.000,0.008,0.000,0.000,0.000,0.000
6752,2593.354,269.656,269.656,639.357,123.389,0.000,639.349,0.000,0.008,0.000,0.000,0.000,0.000
6753,2593.656,278.332,278.332,640.614,123.303,0.000,640.605,0.000,0.008,0.000,0.000,0.000,0.000
6754,2593.958,315.462,315.462,641.854,123.217,0.000,641.845,0.000,0.008,0.000,0.000,0.000,0.000
6755,2594.260,251.338,251.338,643.077,123.132,0.000,643.069,0.000,0.008,0.000,0.000,0.000,0.000
6756,2594.562,273.444,273.444,644.284,123.046,0.000,644.276,0.000,0.008,0.000,0.000,0.000,0.000
6757,2594.864,256.928,256.928,645.474,122.960,0.000,645.466,0.000,0.008,0.000,0.000,0.000,0.000
6758,2595.165,282.413,282.413,646.647,122.874,0.000,646.639,0.000,0.008,0.000,0.000,0.000,0.000
6759,2595.467,269.749,269.749,647.803,122.788,0.000,647.795,0.000,0.008,0.000,0.000,0.000,0.000
6760,2595.768,277.621,277.621,648.942,122.703,0.000,648.933,0.000,0.008,0.000,0.000,0.000,0.000
6761,2596.070,302.722,302.722,650.063,122.617,0.000,650.055,0.000,0.008,0.000,0.000,0.000,0.000
6762,2596.371,301.138,301.138,651.166,122.531,0.000,651.158,0.000,0.008,0.000,0.000,0.000,0.000
6763,2596.672,288.147,288.147,652.252,122.445,0.000,652.244,0.000,0.008,0.000,0.000,0.000,0.000
6764,2596.973,299.906,299.906,653.321,122.359,0.000,653.312,0.000,0.008,0.000,0.000,0.000,0.000
6765,2597.274,309.100,309.100,654.371,122.274,0.000,654.362,0.000,0.008,0.000,0.000,0.000,0.000
6766,2597.574,286.371,286.371,655.403,122.188,0.000,655.394,0.000,0.008,0.000,0.000,0.000,0.000
6767,2597.875,292.228,292.228,656.416,122.102,0.000,656.408,0.000,0.008,0.000,0.000,0.000,0.000
6768,2598.175,286.845,286.845,657.412,122.016,0.000,657.404,0.000,0.008,0.000,0.000,0.000,0.000
6769,2598.476,318.845,318.845,658.389,121.930,0.000,658.380,0.000,0.008,0.000,0.000,0.000,0.000
6770,2598.776,311.571,311.571,659.347,121.845,0.000,659.339,0.000,0.008,0.000,0.000,0.000,0.000
6771,2599.076,326.397,326.397,660.287,121.759,0.000,660.278,0.000,0.008,0.000,0.000,0.000,0.000
6772,2599.376,325.350,325.350,661.207,121.673,0.000,661.199,0.000,0.008,0.000,0.000,0.000,0.000
6773,2599.676,285.070,285.070,662.109,121.587,0.000,662.101,0.000,0.008,0.000,0.000,0.000,0.000
6774,2599.976,326.410,326.410,662.991,121.501,0.000,662.983,0.000,0.008,0.000,0.000,0.000,0.000
6775,2600.275,323.971,323.971,663.855,121.416,0.000,663.847,0.000,0.008,0.000,0.000,0.000,0.000
6776,2600.575,325.238,325.238,664.699,121.330,0.000,664.691,0.000,0.008,0.000,0.000,0.000,0.000
6777,2600.874,298.158,298.158,665.523,121.244,0.000,665.515,0.000,0.008,0.000,0.000,0.000,0.000
6778,2601.173,331.722,331.722,666.328,121.158,0.000,666.320,0.000,0.008,0.000,0.000,0.000,0.000
6779,2601.473,314.168,314.168,667.114,121.072,0.000,667.105,0.000,0.008,0.000,0.000,0.000,0.000
6780,2601.772,329.033,329.033,667.879,120.987,0.000,667.871,0.000,0.008,0.000,0.000,0.000,0.000
6781,2602.071,325.858,325.858,668.625,120.901,0.000,668.617,0.000,0.008,0.000,0.000,0.000,0.000
6782,2602.369,341.833,341.833,669.351,120.815,0.000,669.342,0.000,0.008,0.000,0.000,0.000,0.000
6783,2602.668,346.688,346.688,670.056,120.729,0.000,670.048,0.000,0.008,0.000,0.000,0.000,0.000
6784,2602.967,326.104,326.104,670.742,120.643,0.000,670.733,0.000,0.008,0.000,0.000,0.000,0.000
6785,2603.265,337.697,337.697,671.407,120.557,0.000,671.399,0.000,0.008,0.000,0.000,0.000,0.000
6786,2603.563,340.324,340.324,672.051,120.472,0.000,672.043,0.000,0.008,0.000,0.000,0.000,0.000
6787,2603.862,333.162,333.162,672.676,120.386,0.000,672.668,0.000,0.008,0.000,0.000,0.000,0.000
6788,2604.160,348.119,348.119,673.280,120.300,0.000,673.271,0.000,0.008,0.000,0.000,0.000,0.000
6789,2604.458,373.061,373.061,673.863,120.214,0.000,673.855,0.000,0.008,0.000,0.000,0.000,0.000
6790,2604.755,368.646,368.646,674.425,120.128,0.000,674.417,0.000,0.008,0.000,0.000,0.000,0.000
6791,2605.053,315.479,315.479,674.967,120.043,0.000,674.959,0.000,0.008,0.000,0.000,0.000,0.000
6792,2605.351,353.031,353.031,675.488,119.957,0.000,675.480,0.000,0.008,0.000,0.000,0.000,0.000
6793,2605.648,357.314,357.314,675.987,119.871,0.000,675.979,0.000,0.008,0.000,0.000,0.000,0.000
6794,2605.946,361.521,361.521,676.466,119.785,0.000,676.458,0.000,0.008,0.000,0.000,0.000,0.000
6795,2606.243,350.956,350.956,676.924,119.699,0.000,676.916,0.000,0.008,0.000,0.000,0.000,0.000
6796,2606.540,339.764,339.764,677.361,119.614,0.000,677.353,0.000,0.008,0.000,0.000,0.000,0.000
6797,2606.837,350.062,350.062,677.776,119.528,0.000,677.768,0.000,0.008,0.000,0.000,0.000,0.000
6798,2607.134,390.057,390.057,678.170,119.442,0.000,678.162,0.000,0.008,0.000,0.000,0.000,0.000
6799,2607.431,374.437,374.437,678.543,119.356,0.000,678.535,0.000,0.008,0.000,0.000,0.000,0.000
6800,2607.727,343.329,343.329,678.894,119.270,0.000,678.886,0.000,0.008,0.000,0.000,0.000,0.000
6801,2608.024,381.515,381.515,679.224,119.185,0.000,679.216,0.000,0.008,0.000,0.000,0.000,0.000
6802,2608.320,352.299,352.299,679.532,119.099,0.000,679.525,0.000,0.008,0.000,0.000,0.000,0.000
6803,2608.616,385.758,385.758,679.819,119.013,0.000,679.811,0.000,0.008,0.000,0.000,0.000,0.000
6804,2608.913,387.603,387.603,680.084,118.927,0.000,680.077,0.000,0.008,0.000,0.000,0.000,0.000
6805,2609.209,411.893,411.893,680.328,118.841,0.000,680.320,0.000,0.008,0.000,0.000,0.000,0.000
6806,2609.505,405.392,405.392,680.550,118.756,0.000,680.542,0.000,0.008,0.000,0.000,0.000,0.000
6807,2609.800,378.593,378.593,680.750,118.670,0.000,680.742,0.000,0.008,0.000,0.000,0.000,0.000
6808,2610.096,383.393,383.393,680.928,118.584,0.000,680.920,0.000,0.008,0.000,0.000,0.000,0.000
6809,2610.392,399.268,399.268,681.085,118.498,0.000,681.077,0.000,0.008,0.000,0.000,0.000,0.000
6810,2610.687,387.375,387.375,681.219,118.412,0.000,681.212,0.000,0.008,0.000,0.000,0.000,0.000
6811,2610.982,407.211,407.211,681.332,118.327,0.000,681.324,0.000,0.008,0.000,0.000,0.000,0.000
6812,2611.278,434.720,434.720,681.423,118.241,0.000,681.415,0.000,0.008,0.000,0.000,0.000,0.000
6813,2611.573,404.328,404.328,681.492,118.155,0.000,681.484,0.000,0.008,0.000,0.000,0.000,0.000
6814,2611.868,396.910,396.910,681.539,118.069,0.000,681.531,0.000,0.008,0.000,0.000,0.000,0.000
6815,2612.162,368.532,368.532,681.564,117.983,0.000,681.556,0.000,0.008,0.000,0.000,0.000,0.000
6816,2612.457,413.387,413.387,681.567,117.898,0.000,681.560,0.000,0.008,0.000,0.000,0.000,0.000
6817,2612.752,426.027,426.027,681.548,117.812,0.000,681.541,0.000,0.008,0.000,0.000,0.000,0.000
6818,2613.046,432.967,432.967,681.507,117.726,0.000,681.500,0.000,0.008,0.000,0.000,0.000,0.000
6819,2613.340,412.919,412.919,681.444,117.640,0.000,681.437,0.000,0.008,0.000,0.000,0.000,0.000
6820,2613.635,413.876,413.876,681.359,117.554,0.000,681.352,0.000,0.008,0.000,0.000,0.000,0.000
6821,2613.929,405.110,405.110,681.252,117.468,0.000,681.245,0.000,0.008,0.000,0.000,0.000,0.000
6822,2614.223,453.115,453.115,681.123,117.383,0.000,681.116,0.000,0.008,0.000,0.000,0.000,0.000
6823,2614.517,478.366,478.366,680.972,117.297,0.000,680.964,0.000,0.008,0.000,0.000,0.000,0.000
6824,2614.810,443.942,443.942,680.799,117.211,0.000,680.791,0.000,0.007,0.000,0.000,0.000,0.000
6825,2615.104,435.238,435.238,680.604,117.125,0.000,680.596,0.000,0.007,0.000,0.000,0.000,0.000
6826,2615.397,413.521,413.521,680.386,117.039,0.000,680.379,0.000,0.007,0.000,0.000,0.000,0.000
6827,2615.691,414.734,414.734,680.147,116.954,0.000,680.140,0.000,0.007,0.000,0.000,0.000,0.000
6828,2615.984,444.698,444.698,679.886,116.868,0.000,679.879,0.000,0.007,0.000,0.000,0.000,0.000
6829,2616.277,449.232,449.232,679.603,116.782,0.000,679.596,0.000,0.007,0.000,0.000,0.000,0.000
6830,2616.570,473.829,473.829,679.298,116.696,0.000,679.290,0.000,0.007,0.000,0.000,0.000,0.000
6831,2616.863,448.781,448.781,678.971,116.610,0.000,678.963,0.000,0.007,0.000,0.000,0.000,0.000
6832,2617.156,446.679,446.679,678.622,116.525,0.000,678.615,0.000,0.007,0.000,0.000,0.000,0.000
6833,2617.448,458.818,458.818,678.251,116.439,0.000,678.244,0.000,0.007,0.000,0.000,0.000,0.000
6834,2617.741,499.186,499.186,677.858,116.353,0.000,677.851,0.000,0.007,0.000,0.000,0.000,0.000
6835,2618.033,441.868,441.868,677.444,116.267,0.000,677.437,0.000,0.007,0.000,0.000,0.000,0.000
6836,2618.325,455.768,455.768,677.008,116.181,0.000,677.000,0.000,0.007,0.000,0.000,0.000,0.000
6837,2618.618,464.813,464.813,676.550,116.096,0.000,676.542,0.000,0.007,0.000,0.000,0.000,0.000
6838,2618.910,485.555,485.555,676.070,116.010,0.000,676.063,0.000,0.007,0.000,0.000,0.000,0.000
6839,2619.202,506.848,506.848,675.569,115.924,0.000,675.562,0.000,0.007,0.000,0.000,0.000,0.000
6840,2619.493,513.940,513.940,675.046,115.838,0.000,675.039,0.000,0.007,0.000,0.000,0.000,0.000
6841,2619.785,524.558,524.558,674.501,115.752,0.000,674.494,0.000,0.007,0.000,0.000,0.000,0.000
6842,2620.076,516.603,516.603,673.935,115.667,0.000,673.928,0.000,0.007,0.000,0.000,0.000,0.000
6843,2620.368,505.519,505.519,673.348,115.581,0.000,673.341,0.000,0.007,0.000,0.000,0.000,0.000
6844,2620.659,490.142,490.142,672.739,115.495,0.000,672.732,0.000,0.007,0.000,0.000,0.000,0.000
6845,2620.950,490.352,490.352,672.109,115.409,0.000,672.102,0.000,0.007,0.000,0.000,0.000,0.000
6846,2621.241,522.825,522.825,671.457,115.323,0.000,671.450,0.000,0.007,0.000,0.000,0.000,0.000
6847,2621.532,509.348,509.348,670.785,115.238,0.000,670.778,0.000,0.007,0.000,0.000,0.000,0.000
6848,2621.823,550.874,550.874,670.091,115.152,0.000,670.084,0.000,0.007,0.000,0.000,0.000,0.000
6849,2622.114,527.028,527.028,669.376,115.066,0.000,669.369,0.000,0.007,0.000,0.000,0.000,0.000
6850,2622.404,552.513,552.513,668.640,114.980,0.000,668.633,0.000,0.007,0.000,0.000,0.000,0.000
6851,2622.694,510.340,510.340,667.883,114.894,0.000,667.876,0.000,0.007,0.000,0.000,0.000,0.000
6852,2622.985,559.772,559.772,667.105,114.808,0.000,667.098,0.000,0.007,0.000,0.000,0.000,0.000
6853,2623.275,514.476,514.476,666.307,114.723,0.000,666.300,0.000,0.007,0.000,0.000,0.000,0.000
6854,2623.565,517.156,517.156,665.487,114.637,0.000,665.481,0.000,0.007,0.000,0.000,0.000,0.000
6855,2623.855,559.154,559.154,664.647,114.551,0.000,664.641,0.000,0.007,0.000,0.000,0.000,0.000
6856,2624.145,545.169,545.169,663.787,114.465,0.000,663.780,0.000,0.007,0.000,0.000,0.000,0.000
6857,2624.434,551.131,551.131,662.906,114.379,0.000,662.899,0.000,0.007,0.000,0.000,0.000,0.000
6858,2624.724,564.524,564.524,662.005,114.294,0.000,661.998,0.000,0.007,0.000,0.000,0.000,0.000
6859,2625.013,562.628,562.628,661.083,114.208,0.000,661.077,0.000,0.007,0.000,0.000,0.000,0.000
6860,2625.302,521.729,521.729,660.142,114.122,0.000,660.135,0.000,0.007,0.000,0.000,0.000,0.000
6861,2625.592,557.368,557.368,659.180,114.036,0.000,659.173,0.000,0.007,0.000,0.000,0.000,0.000
6862,2625.881,510.522,510.522,658.198,113.950,0.000,658.192,0.000,0.007,0.000,0.000,0.000,0.000
6863,2626.170,606.423,606.423,657.197,113.865,0.000,657.190,0.000,0.007,0.000,0.000,0.000,0.000
6864,2626.458,600.366,600.366,656.175,113.779,0.000,656.169,0.000,0.006,0.000,0.000,0.000,0.000
6865,2626.747,529.936,529.936,655.134,113.693,0.000,655.128,0.000,0.006,0.000,0.000,0.000,0.000
6866,2627.035,603.058,603.058,654.074,113.607,0.000,654.067,0.000,0.006,0.000,0.000,0.000,0.000
6867,2627.324,565.211,565.211,652.994,113.521,0.000,652.987,0.000,0.006,0.000,0.000,0.000,0.000
6868,2627.612,561.101,561.101,651.894,113.436,0.000,651.888,0.000,0.006,0.000,0.000,0.000,0.000
6869,2627.900,600.483,600.483,650.776,113.350,0.000,650.769,0.000,0.006,0.000,0.000,0.000,0.000
6870,2628.188,533.894,533.894,649.638,113.264,0.000,649.632,0.000,0.006,0.000,0.000,0.000,0.000
6871,2628.476,566.552,566.552,648.481,113.178,0.000,648.475,0.000,0.006,0.000,0.000,0.000,0.000
6872,2628.764,619.598,619.598,647.306,113.092,0.000,647.299,0.000,0.006,0.000,0.000,0.000,0.000
6873,2629.052,611.009,611.009,646.111,113.007,0.000,646.105,0.000,0.006,0.000,0.000,0.000,0.000
6874,2629.339,614.604,614.604,644.898,112.921,0.000,644.892,0.000,0.006,0.000,0.000,0.000,0.000
6875,2629.627,593.415,593.415,643.667,112.835,0.000,643.661,0.000,0.006,0.000,0.000,0.000,0.000
6876,2629.914,610.463,610.463,642.417,112.749,0.000,642.411,0.000,0.006,0.000,0.000,0.000,0.000
6877,2630.201,633.593,633.593,641.149,112.663,0.000,641.143,0.000,0.006,0.000,0.000,0.000,0.000
6878,2630.488,612.315,612.315,639.863,112.578,0.000,639.857,0.000,0.006,0.000,0.000,0.000,0.000
6879,2630.775,609.028,609.028,638.558,112.492,0.000,638.552,0.000,0.006,0.000,0.000,0.000,0.000
6880,2631.062,628.612,628.612,637.236,112.406,0.000,637.230,0.000,0.006,0.000,0.000,0.000,0.000
6881,2631.348,599.247,599.247,635.897,112.320,0.000,635.891,0.000,0.006,0.000,0.000,0.000,0.000
6882,2631.635,576.420,576.420,634.540,112.234,0.000,634.534,0.000,0.006,0.000,0.000,0.000,0.000
6883,2631.921,673.892,673.892,633.165,112.149,0.000,633.159,0.000,0.006,0.000,0.000,0.000,0.000
6884,2632.207,643.750,643.750,631.773,112.063,0.000,631.767,0.000,0.006,0.000,0.000,0.000,0.000
6885,2632.494,683.167,683.167,630.364,111.977,0.000,630.358,0.000,0.006,0.000,0.000,0.000,0.000
6886,2632.780,604.133,604.133,628.938,111.891,0.000,628.932,0.000,0.006,0.000,0.000,0.000,0.000
6887,2633.065,631.449,631.449,627.495,111.805,0.000,627.489,0.000,0.006,0.000,0.000,0.000,0.000
6888,2633.351,662.772,662.772,626.035,111.719,0.000,626.029,0.000,0.006,0.000,0.000,0.000,0.000
6889,2633.637,650.799,650.799,624.559,111.634,0.000,624.553,0.000,0.006,0.000,0.000,0.000,0.000
6890,2633.922,637.231,637.231,623.067,111.548,0.000,623.061,0.000,0.006,0.000,0.000,0.000,0.000
6891,2634.208,608.558,608.558,621.558,111.462,0.000,621.552,0.000,0.006,0.000,0.000,0.000,0.000
6892,2634.493,628.350,628.350,620.033,111.376,0.000,620.027,0.000,0.006,0.000,0.000,0.000,0.000
6893,2634.778,670.739,670.739,618.492,111.290,0.000,618.487,0.000,0.006,0.000,0.000,0.000,0.000
6894,2635.063,656.586,656.586,616.936,111.205,0.000,616.930,0.000,0.006,0.000,0.000,0.000,0.000
6895,2635.348,659.212,659.212,615.364,111.119,0.000,615.358,0.000,0.006,0.000,0.000,0.000,0.000
6896,2635.633,630.365,630.365,613.776,111.033,0.000,613.770,0.000,0.006,0.000,0.000,0.000,0.000
6897,2635.917,663.385,663.385,612.173,110.947,0.000,612.168,0.000,0.006,0.000,0.000,0.000,0.000
6898,2636.202,688.115,688.115,610.555,110.861,0.000,610.550,0.000,0.006,0.000,0.000,0.000,0.000
6899,2636.486,695.564,695.564,608.922,110.776,0.000,608.917,0.000,0.005,0.000,0.000,0.000,0.000
6900,2636.770,671.068,671.068,607.275,110.690,0.000,607.269,0.000,0.005,0.000,0.000,0.000,0.000
6901,2637.054,701.543,701.543,605.612,110.604,0.000,605.607,0.000,0.005,0.000,0.000,0.000,0.000
6902,2637.338,694.650,694.650,603.936,110.518,0.000,603.930,0.000,0.005,0.000,0.000,0.000,0.000
6903,2637.622,676.057,676.057,602.245,110.432,0.000,602.239,0.000,0.005,0.000,0.000,0.000,0.000
6904,2637.906,685.197,685.197,600.540,110.347,0.000,600.534,0.000,0.005,0.000,0.000,0.000,0.000
6905,2638.189,645.413,645.413,598.821,110.261,0.000,598.815,0.000,0.005,0.000,0.000,0.000,0.000
6906,2638.473,721.344,721.344,597.088,110.175,0.000,597.083,0.000,0.005,0.000,0.000,0.000,0.000
6907,2638.756,673.965,673.965,595.342,110.089,0.000,595.336,0.000,0.005,0.000,0.000,0.000,0.000
6908,2639.039,713.899,713.899,593.582,110.003,0.000,593.577,0.000,0.005,0.000,0.000,0.000,0.000
6909,2639.322,717.185,717.185,591.809,109.918,0.000,591.804,0.000,0.005,0.000,0.000,0.000,0.000
6910,2639.605,721.100,721.100,590.023,109.832,0.000,590.018,0.000,0.005,0.000,0.000,0.000,0.000
6911,2639.888,763.416,763.416,588.224,109.746,0.000,588.219,0.000,0.005,0.000,0.000,0.000,0.000
6912,2640.171,693.310,693.310,586.412,109.660,0.000,586.407,0.000,0.005,0.000,0.000,0.000,0.000
6913,2640.453,735.358,735.358,584.588,109.574,0.000,584.583,0.000,0.005,0.000,0.000,0.000,0.000
6914,2640.736,744.628,744.628,582.752,109.489,0.000,582.747,0.000,0.005,0.000,0.000,0.000,0.000
6915,2641.018,731.617,731.617,580.903,109.403,0.000,580.898,0.000,0.005,0.000,0.000,0.000,0.000
6916,2641.300,755.364,755.364,579.043,109.317,0.000,579.038,0.000,0.005,0.000,0.000,0.000,0.000
6917,2641.582,767.850,767.850,577.171,109.231,0.000,577.166,0.000,0.005,0.000,0.000,0.000,0.000
6918,2641.864,707.605,707.605,575.287,109.145,0.000,575.282,0.000,0.005,0.000,0.000,0.000,0.000
6919,2642.146,770.639,770.639,573.391,109.059,0.000,573.386,0.000,0.005,0.000,0.000,0.000,0.000
6920,2642.428,763.521,763.521,571.485,108.974,0.000,571.480,0.000,0.005,0.000,0.000,0.000,0.000
6921,2642.709,724.895,724.895,569.567,108.888,0.000,569.563,0.000,0.005,0.000,0.000,0.000,0.000
6922,2642.991,705.344,705.344,567.639,108.802,0.000,567.634,0.000,0.005,0.000,0.000,0.000,0.000
6923,2643.272,713.730,713.730,565.700,108.716,0.000,565.695,0.000,0.005,0.000,0.000,0.000,0.000
6924,2643.553,717.195,717.195,563.750,108.630,0.000,563.746,0.000,0.005,0.000,0.000,0.000,0.000
6925,2643.834,736.529,736.529,561.791,108.545,0.000,561.786,0.000,0.005,0.000,0.000,0.000,0.000
6926,2644.115,739.890,739.890,559.821,108.459,0.000,559.816,0.000,0.005,0.000,0.000,0.000,0.000
6927,2644.396,715.927,715.927,557.841,108.373,0.000,557.836,0.000,0.005,0.000,0.000,0.000,0.000
6928,2644.676,707.155,707.155,555.851,108.287,0.000,555.847,0.000,0.005,0.000,0.000,0.000,0.000
6929,2644.957,790.249,790.249,553.852,108.201,0.000,553.848,0.000,0.005,0.000,0.000,0.000,0.000
6930,2645.237,757.447,757.447,551.844,108.116,0.000,551.839,0.000,0.005,0.000,0.000,0.000,0.000
6931,2645.517,744.730,744.730,549.826,108.030,0.000,549.822,0.000,0.004,0.000,0.000,0.000,0.000
6932,2645.797,737.339,737.339,547.800,107.944,0.000,547.795,0.000,0.004,0.000,0.000,0.000,0.000
6933,2646.077,758.387,758.387,545.765,107.858,0.000,545.760,0.000,0.004,0.000,0.000,0.000,0.000
6934,2646.357,752.200,752.200,543.721,107.772,0.000,543.716,0.000,0.004,0.000,0.000,0.000,0.000
6935,2646.637,731.408,731.408,541.669,107.687,0.000,541.664,0.000,0.004,0.000,0.000,0.000,0.000
6936,2646.916,714.194,714.194,539.608,107.601,0.000,539.604,0.000,0.004,0.000,0.000,0.000,0.000
6937,2647.196,730.630,730.630,537.540,107.515,0.000,537.536,0.000,0.004,0.000,0.000,0.000,0.000
6938,2647.475,723.897,723.897,535.464,107.429,0.000,535.460,0.000,0.004,0.000,0.000,0.000,0.000
6939,2647.754,798.250,798.250,533.380,107.343,0.000,533.376,0.000,0.004,0.000,0.000,0.000,0.000
6940,2648.033,723.912,723.912,531.289,107.258,0.000,531.285,0.000,0.004,0.000,0.000,0.000,0.000
6941,2648.312,778.510,778.510,529.191,107.172,0.000,529.186,0.000,0.004,0.000,0.000,0.000,0.000
6942,2648.591,731.341,731.341,527.085,107.086,0.000,527.081,0.000,0.004,0.000,0.000,0.000,0.000
6943,2648.870,782.092,782.092,524.973,107.000,0.000,524.969,0.000,0.004,0.000,0.000,0.000,0.000
6944,2649.148,744.249,744.249,522.854,106.914,0.000,522.850,0.000,0.004,0.000,0.000,0.000,0.000
6945,2649.427,777.588,777.588,520.729,106.829,0.000,520.724,0.000,0.004,0.000,0.000,0.000,0.000
6946,2649.705,727.730,727.730,518.597,106.743,0.000,518.593,0.000,0.004,0.000,0.000,0.000,0.000
6947,2649.983,814.207,814.207,516.459,106.657,0.000,516.455,0.000,0.004,0.000,0.000,0.000,0.000
6948,2650.261,795.479,795.479,514.316,106.571,0.000,514.312,0.000,0.004,0.000,0.000,0.000,0.000
6949,2650.539,818.772,818.772,512.166,106.485,0.000,512.162,0.000,0.004,0.000,0.000,0.000,0.000
6950,2650.817,755.577,755.577,510.012,106.399,0.000,510.008,0.000,0.004,0.000,0.000,0.000,0.000
6951,2651.094,769.122,769.122,507.851,106.314,0.000,507.848,0.000,0.004,0.000,0.000,0.000,0.000
6952,2651.372,753.674,753.674,505.686,106.228,0.000,505.682,0.000,0.004,0.000,0.000,0.000,0.000
6953,2651.649,746.687,746.687,503.516,106.142,0.000,503.512,0.000,0.004,0.000,0.000,0.000,0.000
6954,2651.926,714.885,714.885,501.341,106.056,0.000,501.337,0.000,0.004,0.000,0.000,0.000,0.000
6955,2652.203,768.832,768.832,499.162,105.970,0.000,499.158,0.000,0.004,0.000,0.000,0.000,0.000
6956,2652.480,760.297,760.297,496.978,105.885,0.000,496.974,0.000,0.004,0.000,0.000,0.000,0.000
6957,2652.757,763.017,763.017,494.790,105.799,0.000,494.786,0.000,0.004,0.000,0.000,0.000,0.000
6958,2653.034,772.027,772.027,492.598,105.713,0.000,492.594,0.000,0.004,0.000,0.000,0.000,0.000
6959,2653.310,789.027,789.027,490.402,105.627,0.000,490.399,0.000,0.004,0.000,0.000,0.000,0.000
6960,2653.587,770.759,770.759,488.203,105.541,0.000,488.199,0.000,0.004,0.000,0.000,0.000,0.000
6961,2653.863,765.866,765.866,486.000,105.456,0.000,485.997,0.000,0.004,0.000,0.000,0.000,0.000
6962,2654.139,714.658,714.658,483.794,105.370,0.000,483.791,0.000,0.004,0.000,0.000,0.000,0.000
6963,2654.415,768.501,768.501,481.585,105.284,0.000,481.582,0.000,0.004,0.000,0.000,0.000,0.000
6964,2654.691,725.512,725.512,479.373,105.198,0.000,479.370,0.000,0.004,0.000,0.000,0.000,0.000
6965,2654.967,800.391,800.391,477.159,105.112,0.000,477.155,0.000,0.004,0.000,0.000,0.000,0.000
6966,2655.242,783.568,783.568,474.942,105.027,0.000,474.938,0.000,0.003,0.000,0.000,0.000,0.000
6967,2655.518,768.136,768.136,472.722,104.941,0.000,472.719,0.000,0.003,0.000,0.000,0.000,0.000
6968,2655.793,782.292,782.292,470.501,104.855,0.000,470.497,0.000,0.003,0.000,0.000,0.000,0.000
6969,2656.068,782.807,782.807,468.277,104.769,0.000,468.274,0.000,0.003,0.000,0.000,0.000,0.000
6970,2656.343,773.712,773.712,466.052,104.683,0.000,466.048,0.000,0.003,0.000,0.000,0.000,0.000
6971,2656.618,749.890,749.890,463.825,104.598,0.000,463.821,0.000,0.003,0.000,0.000,0.000,0.000
6972,2656.893,784.085,784.085,461.596,104.512,0.000,461.593,0.000,0.003,0.000,0.000,0.000,0.000
6973,2657.168,745.583,745.583,459.367,104.426,0.000,459.363,0.000,0.003,0.000,0.000,0.000,0.000
6974,2657.442,731.905,731.905,457.136,104.340,0.000,457.133,0.000,0.003,0.000,0.000,0.000,0.000
6975,2657.717,788.137,788.137,454.904,104.254,0.000,454.901,0.000,0.003,0.000,0.000,0.000,0.000
6976,2657.991,766.548,766.548,452.672,104.169,0.000,452.669,0.000,0.003,0.000,0.000,0.000,0.000
6977,2658.265,759.932,759.932,450.439,104.083,0.000,450.436,0.000,0.003,0.000,0.000,0.000,0.000
6978,2658.539,727.510,727.510,448.206,103.997,0.000,448.203,0.000,0.003,0.000,0.000,0.000,0.000
6979,2658.813,779.164,779.164,445.972,103.911,0.000,445.969,0.000,0.003,0.000,0.000,0.000,0.000
6980,2659.087,740.890,740.890,443.739,103.825,0.000,443.736,0.000,0.003,0.000,0.000,0.000,0.000
6981,2659.360,761.901,761.901,441.506,103.740,0.000,441.503,0.000,0.003,0.000,0.000,0.000,0.000
6982,2659.634,772.233,772.233,439.273,103.654,0.000,439.270,0.000,0.003,0.000,0.000,0.000,0.000
6983,2659.907,735.944,735.944,437.040,103.568,0.000,437.037,0.000,0.003,0.000,0.000,0.000,0.000
6984,2660.181,814.471,814.471,434.808,103.482,0.000,434.805,0.000,0.003,0.000,0.000,0.000,0.000
6985,2660.454,792.600,792.600,432.577,103.396,0.000,432.574,0.000,0.003,0.000,0.000,0.000,0.000
6986,2660.727,730.079,730.079,430.347,103.310,0.000,430.344,0.000,0.003,0.000,0.000,0.000,0.000
6987,2660.999,774.401,774.401,428.118,103.225,0.000,428.115,0.000,0.003,0.000,0.000,0.000,0.000
6988,2661.272,762.676,762.676,425.890,103.139,0.000,425.887,0.000,0.003,0.000,0.000,0.000,0.000
6989,2661.545,788.031,788.031,423.663,103.053,0.000,423.661,0.000,0.003,0.000,0.000,0.000,0.000
6990,2661.817,765.398,765.398,421.439,102.967,0.000,421.436,0.000,0.003,0.000,0.000,0.000,0.000
6991,2662.089,757.721,757.721,419.216,102.881,0.000,419.213,0.000,0.003,0.000,0.000,0.000,0.000
6992,2662.361,761.224,761.224,416.995,102.796,0.000,416.992,0.000,0.003,0.000,0.000,0.000,0.000
6993,2662.633,724.515,724.515,414.776,102.710,0.000,414.773,0.000,0.003,0.000,0.000,0.000,0.000
6994,2662.905,768.280,768.280,412.559,102.624,0.000,412.556,0.000,0.003,0.000,0.000,0.000,0.000
6995,2663.177,781.887,781.887,410.345,102.538,0.000,410.342,0.000,0.003,0.000,0.000,0.000,0.000
6996,2663.449,748.750,748.750,408.133,102.452,0.000,408.130,0.000,0.003,0.000,0.000,0.000,0.000
6997,2663.720,778.007,778.007,405.924,102.367,0.000,405.921,0.000,0.003,0.000,0.000,0.000,0.000
6998,2663.991,740.106,740.106,403.717,102.281,0.000,403.715,0.000,0.003,0.000,0.000,0.000,0.000
6999,2664.263,717.715,717.715,401.514,102.195,0.000,401.511,0.000,0.003,0.000,0.000,0.000,0.000
7000,2664.534,733.581,733.581,399.314,102.109,0.000,399.311,0.000,0.003,0.000,0.000,0.000,0.000
7001,2664.805,747.231,747.231,397.117,102.023,0.000,397.114,0.000,0.003,0.000,0.000,0.000,0.000
7002,2665.075,771.085,771.085,394.923,101.938,0.000,394.921,0.000,0.003,0.000,0.000,0.000,0.000
7003,2665.346,753.642,753.642,392.733,101.852,0.000,392.731,0.000,0.003,0.000,0.000,0.000,0.000
7004,2665.616,720.887,720.887,390.547,101.766,0.000,390.544,0.000,0.003,0.000,0.000,0.000,0.000
7005,2665.887,681.496,681.496,388.364,101.680,0.000,388.362,0.000,0.002,0.000,0.000,0.000,0.000
7006,2666.157,748.459,748.459,386.186,101.594,0.000,386.183,0.000,0.002,0.000,0.000,0.000,0.000
7007,2666.427,774.984,774.984,384.011,101.509,0.000,384.009,0.000,0.002,0.000,0.000,0.000,0.000
7008,2666.697,674.098,674.098,381.841,101.423,0.000,381.839,0.000,0.002,0.000,0.000,0.000,0.000
7009,2666.967,731.628,731.628,379.675,101.337,0.000,379.673,0.000,0.002,0.000,0.000,0.000,0.000
7010,2667.237,690.087,690.087,377.514,101.251,0.000,377.512,0.000,0.002,0.000,0.000,0.000,0.000
7011,2667.506,767.240,767.240,375.357,101.165,0.000,375.355,0.000,0.002,0.000,0.000,0.000,0.000
7012,2667.776,733.776,733.776,373.205,101.080,0.000,373.203,0.000,0.002,0.000,0.000,0.000,0.000
7013,2668.045,729.628,729.628,371.058,100.994,0.000,371.056,0.000,0.002,0.000,0.000,0.000,0.000
7014,2668.314,713.343,713.343,368.916,100.908,0.000,368.914,0.000,0.002,0.000,0.000,0.000,0.000
7015,2668.583,722.138,722.138,366.779,100.822,0.000,366.777,0.000,0.002,0.000,0.000,0.000,0.000
7016,2668.852,643.988,643.988,364.648,100.736,0.000,364.645,0.000,0.002,0.000,0.000,0.000,0.000
7017,2669.121,756.814,756.814,362.521,100.650,0.000,362.519,0.000,0.002,0.000,0.000,0.000,0.000
7018,2669.389,673.488,673.488,360.401,100.565,0.000,360.398,0.000,0.002,0.000,0.000,0.000,0.000
7019,2669.658,718.190,718.190,358.286,100.479,0.000,358.283,0.000,0.002,0.000,0.000,0.000,0.000
7020,2669.926,670.613,670.613,356.176,100.393,0.000,356.174,0.000,0.002,0.000,0.000,0.000,0.000
7021,2670.194,689.578,689.578,354.073,100.307,0.000,354.070,0.000,0.002,0.000,0.000,0.000,0.000
7022,2670.462,642.122,642.122,351.975,100.221,0.000,351.973,0.000,0.002,0.000,0.000,0.000,0.000
7023,2670.730,665.494,665.494,349.883,100.136,0.000,349.881,0.000,0.002,0.000,0.000,0.000,0.000
7024,2670.998,686.668,686.668,347.798,100.050,0.000,347.796,0.000,0.002,0.000,0.000,0.000,0.000
7025,2671.266,683.946,683.946,345.719,99.964,0.000,345.717,0.000,0.002,0.000,0.000,0.000,0.000
7026,2671.533,699.032,699.032,343.646,99.878,0.000,343.644,0.000,0.002,0.000,0.000,0.000,0.000
7027,2671.801,725.508,725.508,341.580,99.792,0.000,341.578,0.000,0.002,0.000,0.000,0.000,0.000
7028,2672.068,697.516,697.516,339.520,99.707,0.000,339.518,0.000,0.002,0.000,0.000,0.000,0.000
7029,2672.335,656.371,656.371,337.467,99.621,0.000,337.466,0.000,0.002,0.000,0.000,0.000,0.000
7030,2672.602,689.988,689.988,335.421,99.535,0.000,335.419,0.000,0.002,0.000,0.000,0.000,0.000
7031,2672.869,630.951,630.951,333.382,99.449,0.000,333.380,0.000,0.002,0.000,0.000,0.000,0.000
7032,2673.135,675.157,675.157,331.350,99.363,0.000,331.348,0.000,0.002,0.000,0.000,0.000,0.000
7033,2673.402,687.811,687.811,329.325,99.278,0.000,329.323,0.000,0.002,0.000,0.000,0.000,0.000
7034,2673.668,682.371,682.371,327.307,99.192,0.000,327.305,0.000,0.002,0.000,0.000,0.000,0.000
7035,2673.935,649.941,649.941,325.296,99.106,0.000,325.294,0.000,0.002,0.000,0.000,0.000,0.000
7036,2674.201,663.810,663.810,323.293,99.020,0.000,323.291,0.000,0.002,0.000,0.000,0.000,0.000
7037,2674.467,627.267,627.267,321.297,98.934,0.000,321.295,0.000,0.002,0.000,0.000,0.000,0.000
7038,2674.733,676.233,676.233,319.309,98.849,0.000,319.307,0.000,0.002,0.000,0.000,0.000,0.000
7039,2674.998,643.430,643.430,317.328,98.763,0.000,317.326,0.000,0.002,0.000,0.000,0.000,0.000
7040,2675.264,632.647,632.647,315.355,98.677,0.000,315.354,0.000,0.002,0.000,0.000,0.000,0.000
7041,2675.529,666.786,666.786,313.390,98.591,0.000,313.388,0.000,0.002,0.000,0.000,0.000,0.000
7042,2675.795,697.862,697.862,311.433,98.505,0.000,311.431,0.000,0.002,0.000,0.000,0.000,0.000
7043,2676.060,608.868,608.868,309.484,98.420,0.000,309.482,0.000,0.002,0.000,0.000,0.000,0.000
7044,2676.325,625.302,625.302,307.542,98.334,0.000,307.541,0.000,0.002,0.000,0.000,0.000,0.000
7045,2676.590,615.681,615.681,305.609,98.248,0.000,305.607,0.000,0.002,0.000,0.000,0.000,0.000
7046,2676.855,648.597,648.597,303.684,98.162,0.000,303.682,0.000,0.002,0.000,0.000,0.000,0.000
7047,2677.119,605.691,605.691,301.767,98.076,0.000,301.766,0.000,0.002,0.000,0.000,0.000,0.000
7048,2677.384,599.400,599.400,299.859,97.991,0.000,299.857,0.000,0.002,0.000,0.000,0.000,0.000
7049,2677.648,615.201,615.201,297.959,97.905,0.000,297.957,0.000,0.002,0.000,0.000,0.000,0.000
7050,2677.912,618.972,618.972,296.067,97.819,0.000,296.066,0.000,0.002,0.000,0.000,0.000,0.000
7051,2678.176,623.321,623.321,294.184,97.733,0.000,294.183,0.000,0.002,0.000,0.000,0.000,0.000
7052,2678.440,617.850,617.850,292.310,97.647,0.000,292.308,0.000,0.002,0.000,0.000,0.000,0.000
7053,2678.704,587.528,587.528,290.444,97.561,0.000,290.442,0.000,0.002,0.000,0.000,0.000,0.000
7054,2678.967,593.098,593.098,288.587,97.476,0.000,288.585,0.000,0.002,0.000,0.000,0.000,0.000
7055,2679.231,600.742,600.742,286.738,97.390,0.000,286.737,0.000,0.001,0.000,0.000,0.000,0.000
7056,2679.494,594.608,594.608,284.899,97.304,0.000,284.897,0.000,0.001,0.000,0.000,0.000,0.000
7057,2679.758,592.485,592.485,283.068,97.218,0.000,283.067,0.000,0.001,0.000,0.000,0.000,0.000
7058,2680.021,605.350,605.350,281.247,97.132,0.000,281.245,0.000,0.001,0.000,0.000,0.000,0.000
7059,2680.284,593.754,593.754,279.434,97.047,0.000,279.432,0.000,0.001,0.000,0.000,0.000,0.000
7060,2680.546,568.780,568.780,277.630,96.961,0.000,277.629,0.000,0.001,0.000,0.000,0.000,0.000
7061,2680.809,592.705,592.705,275.836,96.875,0.000,275.834,0.000,0.001,0.000,0.000,0.000,0.000
7062,2681.071,551.786,551.786,274.050,96.789,0.000,274.049,0.000,0.001,0.000,0.000,0.000,0.000
7063,2681.334,559.965,559.965,272.274,96.703,0.000,272.273,0.000,0.001,0.000,0.000,0.000,0.000
7064,2681.596,583.588,583.588,270.507,96.618,0.000,270.506,0.000,0.001,0.000,0.000,0.000,0.000
7065,2681.858,532.085,532.085,268.749,96.532,0.000,268.748,0.000,0.001,0.000,0.000,0.000,0.000
7066,2682.120,537.212,537.212,267.001,96.446,0.000,267.000,0.000,0.001,0.000,0.000,0.000,0.000
7067,2682.382,565.815,565.815,265.262,96.360,0.000,265.261,0.000,0.001,0.000,0.000,0.000,0.000
7068,2682.644,543.351,543.351,263.532,96.274,0.000,263.531,0.000,0.001,0.000,0.000,0.000,0.000
7069,2682.905,547.233,547.233,261.812,96.189,0.000,261.811,0.000,0.001,0.000,0.000,0.000,0.000
7070,2683.167,502.638,502.638,260.102,96.103,0.000,260.100,0.000,0.001,0.000,0.000,0.000,0.000
7071,2683.428,540.640,540.640,258.400,96.017,0.000,258.399,0.000,0.001,0.000,0.000,0.000,0.000
7072,2683.689,521.591,521.591,256.709,95.931,0.000,256.708,0.000,0.001,0.000,0.000,0.000,0.000
7073,2683.950,504.644,504.644,255.027,95.845,0.000,255.026,0.000,0.001,0.000,0.000,0.000,0.000
7074,2684.211,545.649,545.649,253.354,95.760,0.000,253.353,0.000,0.001,0.000,0.000,0.000,0.000
7075,2684.471,485.262,485.262,251.691,95.674,0.000,251.690,0.000,0.001,0.000,0.000,0.000,0.000
7076,2684.732,531.021,531.021,250.038,95.588,0.000,250.037,0.000,0.001,0.000,0.000,0.000,0.000
7077,2684.992,502.260,502.260,248.395,95.502,0.000,248.394,0.000,0.001,0.000,0.000,0.000,0.000
7078,2685.253,496.719,496.719,246.761,95.416,0.000,246.760,0.000,0.001,0.000,0.000,0.000,0.000
7079,2685.513,539.835,539.835,245.137,95.331,0.000,245.136,0.000,0.001,0.000,0.000,0.000,0.000
7080,2685.773,508.067,508.067,243.523,95.245,0.000,243.522,0.000,0.001,0.000,0.000,0.000,0.000
7081,2686.033,518.997,518.997,241.918,95.159,0.000,241.917,0.000,0.001,0.000,0.000,0.000,0.000
7082,2686.292,491.370,491.370,240.324,95.073,0.000,240.323,0.000,0.001,0.000,0.000,0.000,0.000
7083,2686.552,450.142,450.142,238.739,94.987,0.000,238.738,0.000,0.001,0.000,0.000,0.000,0.000
7084,2686.811,453.886,453.886,237.164,94.901,0.000,237.163,0.000,0.001,0.000,0.000,0.000,0.000
7085,2687.070,491.146,491.146,235.599,94.816,0.000,235.598,0.000,0.001,0.000,0.000,0.000,0.000
7086,2687.330,444.723,444.723,234.044,94.730,0.000,234.043,0.000,0.001,0.000,0.000,0.000,0.000
7087,2687.589,453.289,453.289,232.498,94.644,0.000,232.497,0.000,0.001,0.000,0.000,0.000,0.000
7088,2687.847,468.916,468.916,230.963,94.558,0.000,230.962,0.000,0.001,0.000,0.000,0.000,0.000
7089,2688.106,416.631,416.631,229.437,94.472,0.000,229.436,0.000,0.001,0.000,0.000,0.000,0.000
7090,2688.365,475.682,475.682,227.921,94.387,0.000,227.920,0.000,0.001,0.000,0.000,0.000,0.000
7091,2688.623,437.719,437.719,226.416,94.301,0.000,226.415,0.000,0.001,0.000,0.000,0.000,0.000
7092,2688.881,453.691,453.691,224.920,94.215,0.000,224.919,0.000,0.001,0.000,0.000,0.000,0.000
7093,2689.139,439.882,439.882,223.434,94.129,0.000,223.433,0.000,0.001,0.000,0.000,0.000,0.000
7094,2689.397,416.296,416.296,221.958,94.043,0.000,221.957,0.000,0.001,0.000,0.000,0.000,0.000
7095,2689.655,524.557,524.557,220.492,93.958,0.000,220.491,0.000,0.001,0.000,0.000,0.000,0.000
7096,2689.913,426.519,426.519,219.036,93.872,0.000,219.035,0.000,0.001,0.000,0.000,0.000,0.000
7097,2690.171,417.233,417.233,217.590,93.786,0.000,217.589,0.000,0.001,0.000,0.000,0.000,0.000
7098,2690.428,403.590,403.590,216.153,93.700,0.000,216.153,0.000,0.001,0.000,0.000,0.000,0.000
7099,2690.685,438.661,438.661,214.727,93.614,0.000,214.726,0.000,0.001,0.000,0.000,0.000,0.000
7100,2690.942,410.273,410.273,213.311,93.529,0.000,213.310,0.000,0.001,0.000,0.000,0.000,0.000
7101,2691.199,423.552,423.552,211.904,93.443,0.000,211.903,0.000,0.001,0.000,0.000,0.000,0.000
7102,2691.456,398.160,398.160,210.508,93.357,0.000,210.507,0.000,0.001,0.000,0.000,0.000,0.000
7103,2691.713,439.722,439.722,209.121,93.271,0.000,209.120,0.000,0.001,0.000,0.000,0.000,0.000
7104,2691.970,402.770,402.770,207.744,93.185,0.000,207.744,0.000,0.001,0.000,0.000,0.000,0.000
7105,2692.226,380.369,380.369,206.378,93.100,0.000,206.377,0.000,0.001,0.000,0.000,0.000,0.000
7106,2692.482,442.551,442.551,205.021,93.014,0.000,205.020,0.000,0.001,0.000,0.000,0.000,0.000
7107,2692.738,362.978,362.978,203.674,92.928,0.000,203.673,0.000,0.001,0.000,0.000,0.000,0.000
7108,2692.994,438.588,438.588,202.337,92.842,0.000,202.336,0.000,0.001,0.000,0.000,0.000,0.000
7109,2693.250,398.167,398.167,201.009,92.756,0.000,201.008,0.000,0.001,0.000,0.000,0.000,0.000
7110,2693.506,402.761,402.761,199.692,92.671,0.000,199.691,0.000,0.001,0.000,0.000,0.000,0.000
7111,2693.761,386.876,386.876,198.384,92.585,0.000,198.383,0.000,0.001,0.000,0.000,0.000,0.000
7112,2694.017,410.568,410.568,197.086,92.499,0.000,197.085,0.000,0.001,0.000,0.000,0.000,0.000
7113,2694.272,347.324,347.324,195.798,92.413,0.000,195.797,0.000,0.001,0.000,0.000,0.000,0.000
7114,2694.527,361.604,361.604,194.520,92.327,0.000,194.519,0.000,0.001,0.000,0.000,0.000,0.000
7115,2694.782,386.258,386.258,193.251,92.242,0.000,193.251,0.000,0.001,0.000,0.000,0.000,0.000
7116,2695.037,382.804,382.804,191.993,92.156,0.000,191.992,0.000,0.001,0.000,0.000,0.000,0.000
7117,2695.292,363.864,363.864,190.743,92.070,0.000,190.743,0.000,0.001,0.000,0.000,0.000,0.000
7118,2695.546,325.532,325.532,189.504,91.984,0.000,189.503,0.000,0.001,0.000,0.000,0.000,0.000
7119,2695.801,350.369,350.369,188.274,91.898,0.000,188.274,0.000,0.001,0.000,0.000,0.000,0.000
7120,2696.055,358.722,358.722,187.054,91.812,0.000,187.054,0.000,0.001,0.000,0.000,0.000,0.000
7121,2696.309,344.776,344.776,185.844,91.727,0.000,185.843,0.000,0.001,0.000,0.000,0.000,0.000
7122,2696.563,346.661,346.661,184.643,91.641,0.000,184.642,0.000,0.001,0.000,0.000,0.000,0.000
7123,2696.817,334.282,334.282,183.452,91.555,0.000,183.451,0.000,0.001,0.000,0.000,0.000,0.000
7124,2697.070,348.324,348.324,182.270,91.469,0.000,182.269,0.000,0.001,0.000,0.000,0.000,0.000
7125,2697.324,328.585,328.585,181.098,91.383,0.000,181.097,0.000,0.001,0.000,0.000,0.000,0.000
7126,2697.577,346.523,346.523,179.935,91.298,0.000,179.934,0.000,0.001,0.000,0.000,0.000,0.000
7127,2697.831,325.587,325.587,178.782,91.212,0.000,178.781,0.000,0.001,0.000,0.000,0.000,0.000
7128,2698.084,332.503,332.503,177.638,91.126,0.000,177.637,0.000,0.001,0.000,0.000,0.000,0.000
7129,2698.337,321.015,321.015,176.503,91.040,0.000,176.503,0.000,0.001,0.000,0.000,0.000,0.000
7130,2698.589,334.662,334.662,175.378,90.954,0.000,175.378,0.000,0.001,0.000,0.000,0.000,0.000
7131,2698.842,331.215,331.215,174.263,90.869,0.000,174.262,0.000,0.001,0.000,0.000,0.000,0.000
7132,2699.095,309.781,309.781,173.156,90.783,0.000,173.156,0.000,0.001,0.000,0.000,0.000,0.000
7133,2699.347,326.606,326.606,172.059,90.697,0.000,172.058,0.000,0.001,0.000,0.000,0.000,0.000
7134,2699.599,339.609,339.609,170.971,90.611,0.000,170.970,0.000,0.001,0.000,0.000,0.000,0.000
7135,2699.851,337.923,337.923,169.892,90.525,0.000,169.892,0.000,0.001,0.000,0.000,0.000,0.000
7136,2700.103,298.961,298.961,168.823,90.440,0.000,168.822,0.000,0.001,0.000,0.000,0.000,0.000
7137,2700.355,297.881,297.881,167.762,90.354,0.000,167.762,0.000,0.001,0.000,0.000,0.000,0.000
7138,2700.607,313.984,313.984,166.711,90.268,0.000,166.710,0.000,0.001,0.000,0.000,0.000,0.000
7139,2700.858,311.584,311.584,165.669,90.182,0.000,165.668,0.000,0.001,0.000,0.000,0.000,0.000
7140,2701.110,305.764,305.764,164.635,90.096,0.000,164.635,0.000,0.000,0.000,0.000,0.000,0.000
7141,2701.361,302.871,302.871,163.611,90.011,0.000,163.610,0.000,0.000,0.000,0.000,0.000,0.000
7142,2701.612,291.197,291.197,162.596,89.925,0.000,162.595,0.000,0.000,0.000,0.000,0.000,0.000
7143,2701.863,280.594,280.594,161.589,89.839,0.000,161.589,0.000,0.000,0.000,0.000,0.000,0.000
7144,2702.113,279.840,279.840,160.591,89.753,0.000,160.591,0.000,0.000,0.000,0.000,0.000,0.000
7145,2702.364,275.538,275.538,159.603,89.667,0.000,159.602,0.000,0.000,0.000,0.000,0.000,0.000
7146,2702.615,265.837,265.837,158.623,89.582,0.000,158.622,0.000,0.000,0.000,0.000,0.000,0.000
7147,2702.865,280.446,280.446,157.651,89.496,0.000,157.651,0.000,0.000,0.000,0.000,0.000,0.000
7148,2703.115,249.470,249.470,156.689,89.410,0.000,156.688,0.000,0.000,0.000,0.000,0.000,0.000
7149,2703.365,267.228,267.228,155.735,89.324,0.000,155.734,0.000,0.000,0.000,0.000,0.000,0.000
7150,2703.615,261.582,261.582,154.789,89.238,0.000,154.789,0.000,0.000,0.000,0.000,0.000,0.000
7151,2703.865,269.891,269.891,153.853,89.152,0.000,153.852,0.000,0.000,0.000,0.000,0.000,0.000
7152,2704.114,262.197,262.197,152.924,89.067,0.000,152.924,0.000,0.000,0.000,0.000,0.000,0.000
7153,2704.364,265.381,265.381,152.005,88.981,0.000,152.004,0.000,0.000,0.000,0.000,0.000,0.000
7154,2704.613,263.577,263.577,151.093,88.895,0.000,151.093,0.000,0.000,0.000,0.000,0.000,0.000
7155,2704.862,262.117,262.117,150.190,88.809,0.000,150.190,0.000,0.000,0.000,0.000,0.000,0.000
7156,2705.111,236.437,236.437,149.296,88.723,0.000,149.295,0.000,0.000,0.000,0.000,0.000,0.000
7157,2705.360,229.714,229.714,148.409,88.638,0.000,148.409,0.000,0.000,0.000,0.000,0.000,0.000
7158,2705.609,253.822,253.822,147.531,88.552,0.000,147.531,0.000,0.000,0.000,0.000,0.000,0.000
7159,2705.857,233.825,233.825,146.661,88.466,0.000,146.661,0.000,0.000,0.000,0.000,0.000,0.000
7160,2706.106,247.143,247.143,145.799,88.380,0.000,145.799,0.000,0.000,0.000,0.000,0.000,0.000
7161,2706.354,249.767,249.767,144.946,88.294,0.000,144.945,0.000,0.000,0.000,0.000,0.000,0.000
7162,2706.602,252.074,252.074,144.100,88.209,0.000,144.100,0.000,0.000,0.000,0.000,0.000,0.000
7163,2706.850,214.255,214.255,143.263,88.123,0.000,143.262,0.000,0.000,0.000,0.000,0.000,0.000
7164,2707.098,255.990,255.990,142.433,88.037,0.000,142.433,0.000,0.000,0.000,0.000,0.000,0.000
7165,2707.345,207.754,207.754,141.611,87.951,0.000,141.611,0.000,0.000,0.000,0.000,0.000,0.000
7166,2707.593,239.842,239.842,140.797,87.865,0.000,140.797,0.000,0.000,0.000,0.000,0.000,0.000
7167,2707.840,210.173,210.173,139.991,87.780,0.000,139.991,0.000,0.000,0.000,0.000,0.000,0.000
7168,2708.088,207.846,207.846,139.193,87.694,0.000,139.193,0.000,0.000,0.000,0.000,0.000,0.000
7169,2708.335,201.660,201.660,138.402,87.608,0.000,138.402,0.000,0.000,0.000,0.000,0.000,0.000
7170,2708.582,228.311,228.311,137.619,87.522,0.000,137.619,0.000,0.000,0.000,0.000,0.000,0.000
7171,2708.828,221.739,221.739,136.844,87.436,0.000,136.844,0.000,0.000,0.000,0.000,0.000,0.000
7172,2709.075,204.175,204.175,136.076,87.351,0.000,136.076,0.000,0.000,0.000,0.000,0.000,0.000
7173,2709.321,207.715,207.715,135.316,87.265,0.000,135.316,0.000,0.000,0.000,0.000,0.000,0.000
7174,2709.568,173.959,173.959,134.563,87.179,0.000,134.563,0.000,0.000,0.000,0.000,0.000,0.000
7175,2709.814,202.368,202.368,133.818,87.093,0.000,133.818,0.000,0.000,0.000,0.000,0.000,0.000
7176,2710.060,198.560,198.560,133.080,87.007,0.000,133.080,0.000,0.000,0.000,0.000,0.000,0.000
7177,2710.306,167.678,167.678,132.349,86.922,0.000,132.349,0.000,0.000,0.000,0.000,0.000,0.000
7178,2710.552,214.558,214.558,131.626,86.836,0.000,131.625,0.000,0.000,0.000,0.000,0.000,0.000
7179,2710.797,164.914,164.914,130.909,86.750,0.000,130.909,0.000,0.000,0.000,0.000,0.000,0.000
7180,2711.043,195.849,195.849,130.200,86.664,0.000,130.200,0.000,0.000,0.000,0.000,0.000,0.000
7181,2711.288,184.781,184.781,129.498,86.578,0.000,129.498,0.000,0.000,0.000,0.000,0.000,0.000
7182,2711.533,200.443,200.443,128.803,86.492,0.000,128.803,0.000,0.000,0.000,0.000,0.000,0.000
7183,2711.778,177.136,177.136,128.115,86.407,0.000,128.115,0.000,0.000,0.000,0.000,0.000,0.000
7184,2712.023,175.965,175.965,127.434,86.321,0.000,127.434,0.000,0.000,0.000,0.000,0.000,0.000
7185,2712.268,193.823,193.823,126.760,86.235,0.000,126.760,0.000,0.000,0.000,0.000,0.000,0.000
7186,2712.512,194.363,194.363,126.093,86.149,0.000,126.092,0.000,0.000,0.000,0.000,0.000,0.000
7187,2712.756,197.303,197.303,125.432,86.063,0.000,125.432,0.000,0.000,0.000,0.000,0.000,0.000
7188,2713.001,178.575,178.575,124.778,85.978,0.000,124.778,0.000,0.000,0.000,0.000,0.000,0.000
7189,2713.245,178.183,178.183,124.131,85.892,0.000,124.131,0.000,0.000,0.000,0.000,0.000,0.000
7190,2713.489,168.761,168.761,123.491,85.806,0.000,123.490,0.000,0.000,0.000,0.000,0.000,0.000
7191,2713.733,185.648,185.648,122.857,85.720,0.000,122.857,0.000,0.000,0.000,0.000,0.000,0.000
7192,2713.976,201.650,201.650,122.229,85.634,0.000,122.229,0.000,0.000,0.000,0.000,0.000,0.000
7193,2714.220,189.652,189.652,121.608,85.549,0.000,121.608,0.000,0.000,0.000,0.000,0.000,0.000
7194,2714.463,162.654,162.654,120.994,85.463,0.000,120.994,0.000,0.000,0.000,0.000,0.000,0.000
7195,2714.706,163.510,163.510,120.386,85.377,0.000,120.386,0.000,0.000,0.000,0.000,0.000,0.000
7196,2714.949,160.588,160.588,119.784,85.291,0.000,119.784,0.000,0.000,0.000,0.000,0.000,0.000
7197,2715.192,185.846,185.846,119.188,85.205,0.000,119.188,0.000,0.000,0.000,0.000,0.000,0.000
7198,2715.435,174.693,174.693,118.599,85.120,0.000,118.599,0.000,0.000,0.000,0.000,0.000,0.000
7199,2715.677,161.254,161.254,118.016,85.034,0.000,118.016,0.000,0.000,0.000,0.000,0.000,0.000
7200,2715.920,156.333,156.333,117.439,84.948,0.000,117.438,0.000,0.000,0.000,0.000,0.000,0.000
7201,2716.162,148.041,148.041,116.868,84.862,0.000,116.867,0.000,0.000,0.000,0.000,0.000,0.000
7202,2716.404,156.566,156.566,116.303,84.776,0.000,116.302,0.000,0.000,0.000,0.000,0.000,0.000
7203,2716.646,144.118,144.118,115.743,84.691,0.000,115.743,0.000,0.000,0.000,0.000,0.000,0.000
7204,2716.888,163.953,163.953,115.190,84.605,0.000,115.190,0.000,0.000,0.000,0.000,0.000,0.000
7205,2717.130,173.095,173.095,114.643,84.519,0.000,114.643,0.000,0.000,0.000,0.000,0.000,0.000
7206,2717.371,129.310,129.310,114.101,84.433,0.000,114.101,0.000,0.000,0.000,0.000,0.000,0.000
7207,2717.613,174.831,174.831,113.565,84.347,0.000,113.565,0.000,0.000,0.000,0.000,0.000,0.000
7208,2717.854,150.867,150.867,113.035,84.262,0.000,113.035,0.000,0.000,0.000,0.000,0.000,0.000
7209,2718.095,149.869,149.869,112.511,84.176,0.000,112.511,0.000,0.000,0.000,0.000,0.000,0.000
7210,2718.336,141.871,141.871,111.992,84.090,0.000,111.992,0.000,0.000,0.000,0.000,0.000,0.000
7211,2718.577,139.873,139.873,111.478,84.004,0.000,111.478,0.000,0.000,0.000,0.000,0.000,0.000
7212,2718.817,132.875,132.875,110.970,83.918,0.000,110.970,0.000,0.000,0.000,0.000,0.000,0.000
7213,2719.058,148.778,148.778,110.468,83.833,0.000,110.468,0.000,0.000,0.000,0.000,0.000,0.000
7214,2719.298,123.528,123.528,109.971,83.747,0.000,109.971,0.000,0.000,0.000,0.000,0.000,0.000
7215,2719.538,141.248,141.248,109.479,83.661,0.000,109.479,0.000,0.000,0.000,0.000,0.000,0.000
7216,2719.778,119.979,119.979,108.992,83.575,0.000,108.992,0.000,0.000,0.000,0.000,0.000,0.000
7217,2720.018,157.893,157.893,108.511,83.489,0.000,108.511,0.000,0.000,0.000,0.000,0.000,0.000
7218,2720.258,142.800,142.800,108.035,83.403,0.000,108.035,0.000,0.000,0.000,0.000,0.000,0.000
7219,2720.497,141.888,141.888,107.564,83.318,0.000,107.564,0.000,0.000,0.000,0.000,0.000,0.000
7220,2720.737,135.245,135.245,107.098,83.232,0.000,107.098,0.000,0.000,0.000,0.000,0.000,0.000
7221,2720.976,114.622,114.622,106.637,83.146,0.000,106.637,0.000,0.000,0.000,0.000,0.000,0.000
7222,2721.215,127.808,127.808,106.181,83.060,0.000,106.181,0.000,0.000,0.000,0.000,0.000,0.000
7223,2721.454,131.258,131.258,105.730,82.974,0.000,105.730,0.000,0.000,0.000,0.000,0.000,0.000
7224,2721.693,150.716,150.716,105.284,82.889,0.000,105.284,0.000,0.000,0.000,0.000,0.000,0.000
7225,2721.931,137.812,137.812,104.843,82.803,0.000,104.843,0.000,0.000,0.000,0.000,0.000,0.000
7226,2722.170,121.723,121.723,104.407,82.717,0.000,104.406,0.000,0.000,0.000,0.000,0.000,0.000
7227,2722.408,116.633,116.633,103.975,82.631,0.000,103.975,0.000,0.000,0.000,0.000,0.000,0.000
7228,2722.646,120.536,120.536,103.548,82.545,0.000,103.548,0.000,0.000,0.000,0.000,0.000,0.000
7229,2722.884,148.016,148.016,103.125,82.460,0.000,103.125,0.000,0.000,0.000,0.000,0.000,0.000
7230,2723.122,135.455,135.455,102.708,82.374,0.000,102.707,0.000,0.000,0.000,0.000,0.000,0.000
7231,2723.360,116.876,116.876,102.294,82.288,0.000,102.294,0.000,0.000,0.000,0.000,0.000,0.000
7232,2723.597,136.403,136.403,101.885,82.202,0.000,101.885,0.000,0.000,0.000,0.000,0.000,0.000
7233,2723.835,117.823,117.823,101.481,82.116,0.000,101.481,0.000,0.000,0.000,0.000,0.000,0.000
7234,2724.072,118.864,118.864,101.081,82.031,0.000,101.081,0.000,0.000,0.000,0.000,0.000,0.000
7235,2724.309,109.351,109.351,100.686,81.945,0.000,100.685,0.000,0.000,0.000,0.000,0.000,0.000
7236,2724.546,107.646,107.646,100.294,81.859,0.000,100.294,0.000,0.000,0.000,0.000,0.000,0.000
7237,2724.783,93.143,93.143,99.907,81.773,0.000,99.907,0.000,0.000,0.000,0.000,0.000,0.000
7238,2725.020,122.555,122.555,99.524,81.687,0.000,99.524,0.000,0.000,0.000,0.000,0.000,0.000
7239,2725.256,116.193,116.193,99.146,81.602,0.000,99.146,0.000,0.000,0.000,0.000,0.000,0.000
7240,2725.492,134.222,134.222,98.771,81.516,0.000,98.771,0.000,0.000,0.000,0.000,0.000,0.000
7241,2725.729,108.590,108.590,98.401,81.430,0.000,98.401,0.000,0.000,0.000,0.000,0.000,0.000
7242,2725.965,116.377,116.377,98.034,81.344,0.000,98.034,0.000,0.000,0.000,0.000,0.000,0.000
7243,2726.201,100.604,100.604,97.672,81.258,0.000,97.672,0.000,0.000,0.000,0.000,0.000,0.000
7244,2726.436,135.478,135.478,97.314,81.173,0.000,97.313,0.000,0.000,0.000,0.000,0.000,0.000
7245,2726.672,102.480,102.480,96.959,81.087,0.000,96.959,0.000,0.000,0.000,0.000,0.000,0.000
7246,2726.907,104.774,104.774,96.608,81.001,0.000,96.608,0.000,0.000,0.000,0.000,0.000,0.000
7247,2727.142,120.894,120.894,96.261,80.915,0.000,96.261,0.000,0.000,0.000,0.000,0.000,0.000
7248,2727.378,126.023,126.023,95.918,80.829,0.000,95.918,0.000,0.000,0.000,0.000,0.000,0.000
7249,2727.612,97.339,97.339,95.579,80.743,0.000,95.579,0.000,0.000,0.000,0.000,0.000,0.000
7250,2727.847,102.425,102.425,95.243,80.658,0.000,95.243,0.000,0.000,0.000,0.000,0.000,0.000
7251,2728.082,115.386,115.386,94.911,80.572,0.000,94.911,0.000,0.000,0.000,0.000,0.000,0.000
7252,2728.316,128.894,128.894,94.583,80.486,0.000,94.582,0.000,0.000,0.000,0.000,0.000,0.000
7253,2728.551,102.820,102.820,94.258,80.400,0.000,94.258,0.000,0.000,0.000,0.000,0.000,0.000
7254,2728.785,99.494,99.494,93.936,80.314,0.000,93.936,0.000,0.000,0.000,0.000,0.000,0.000
7255,2729.019,95.957,95.957,93.618,80.229,0.000,93.618,0.000,0.000,0.000,0.000,0.000,0.000
7256,2729.253,82.173,82.173,93.304,80.143,0.000,93.304,0.000,0.000,0.000,0.000,0.000,0.000
7257,2729.486,83.856,83.856,92.993,80.057,0.000,92.993,0.000,0.000,0.000,0.000,0.000,0.000
7258,2729.720,87.447,87.447,92.685,79.971,0.000,92.685,0.000,0.000,0.000,0.000,0.000,0.000
7259,2729.953,102.160,102.160,92.381,79.885,0.000,92.380,0.000,0.000,0.000,0.000,0.000,0.000
7260,2730.187,100.504,100.504,92.079,79.800,0.000,92.079,0.000,0.000,0.000,0.000,0.000,0.000
7261,2730.420,105.684,105.684,91.781,79.714,0.000,91.781,0.000,0.000,0.000,0.000,0.000,0.000
7262,2730.653,84.863,84.863,91.487,79.628,0.000,91.487,0.000,0.000,0.000,0.000,0.000,0.000
7263,2730.885,99.720,99.720,91.195,79.542,0.000,91.195,0.000,0.000,0.000,0.000,0.000,0.000
7264,2731.118,100.382,100.382,90.907,79.456,0.000,90.907,0.000,0.000,0.000,0.000,0.000,0.000
7265,2731.350,116.868,116.868,90.621,79.371,0.000,90.621,0.000,0.000,0.000,0.000,0.000,0.000
7266,2731.583,83.025,83.025,90.339,79.285,0.000,90.339,0.000,0.000,0.000,0.000,0.000,0.000
7267,2731.815,86.048,86.048,90.060,79.199,0.000,90.060,0.000,0.000,0.000,0.000,0.000,0.000
7268,2732.047,102.049,102.049,89.783,79.113,0.000,89.783,0.000,0.000,0.000,0.000,0.000,0.000
7269,2732.279,97.051,97.051,89.510,79.027,0.000,89.510,0.000,0.000,0.000,0.000,0.000,0.000
7270,2732.510,99.925,99.925,89.239,78.942,0.000,89.239,0.000,0.000,0.000,0.000,0.000,0.000
7271,2732.742,75.522,75.522,88.972,78.856,0.000,88.971,0.000,0.000,0.000,0.000,0.000,0.000
7272,2732.973,99.256,99.256,88.707,78.770,0.000,88.707,0.000,0.000,0.000,0.000,0.000,0.000
7273,2733.204,80.365,80.365,88.445,78.684,0.000,88.445,0.000,0.000,0.000,0.000,0.000,0.000
7274,2733.435,86.997,86.997,88.185,78.598,0.000,88.185,0.000,0.000,0.000,0.000,0.000,0.000
7275,2733.666,83.138,83.138,87.929,78.513,0.000,87.929,0.000,0.000,0.000,0.000,0.000,0.000
7276,2733.897,82.890,82.890,87.675,78.427,0.000,87.675,0.000,0.000,0.000,0.000,0.000,0.000
7277,2734.128,85.356,85.356,87.423,78.341,0.000,87.423,0.000,0.000,0.000,0.000,0.000,0.000
7278,2734.358,94.862,94.862,87.175,78.255,0.000,87.175,0.000,0.000,0.000,0.000,0.000,0.000
7279,2734.588,84.416,84.416,86.928,78.169,0.000,86.928,0.000,0.000,0.000,0.000,0.000,0.000
7280,2734.818,92.902,92.902,86.685,78.084,0.000,86.685,0.000,0.000,0.000,0.000,0.000,0.000
7281,2735.048,91.009,91.009,86.444,77.998,0.000,86.444,0.000,0.000,0.000,0.000,0.000,0.000
7282,2735.278,81.122,81.122,86.205,77.912,0.000,86.205,0.000,0.000,0.000,0.000,0.000,0.000
7283,2735.508,94.998,94.998,85.969,77.826,0.000,85.969,0.000,0.000,0.000,0.000,0.000,0.000
7284,2735.737,83.053,83.053,85.735,77.740,0.000,85.735,0.000,0.000,0.000,0.000,0.000,0.000
7285,2735.967,84.123,84.123,85.504,77.654,0.000,85.504,0.000,0.000,0.000,0.000,0.000,0.000
7286,2736.196,88.006,88.006,85.275,77.569,0.000,85.275,0.000,0.000,0.000,0.000,0.000,0.000
7287,2736.425,92.968,92.968,85.048,77.483,0.000,85.048,0.000,0.000,0.000,0.000,0.000,0.000
7288,2736.654,100.125,100.125,84.824,77.397,0.000,84.824,0.000,0.000,0.000,0.000,0.000,0.000
7289,2736.882,102.031,102.031,84.602,77.311,0.000,84.602,0.000,0.000,0.000,0.000,0.000,0.000
7290,2737.111,70.952,70.952,84.382,77.225,0.000,84.382,0.000,0.000,0.000,0.000,0.000,0.000
7291,2737.339,89.613,89.613,84.164,77.140,0.000,84.164,0.000,0.000,0.000,0.000,0.000,0.000
7292,2737.567,72.043,72.043,83.948,77.054,0.000,83.948,0.000,0.000,0.000,0.000,0.000,0.000
7293,2737.795,94.210,94.210,83.735,76.968,0.000,83.735,0.000,0.000,0.000,0.000,0.000,0.000
7294,2738.023,92.212,92.212,83.523,76.882,0.000,83.523,0.000,0.000,0.000,0.000,0.000,0.000
7295,2738.251,79.615,79.615,83.314,76.796,0.000,83.314,0.000,0.000,0.000,0.000,0.000,0.000
7296,2738.479,72.782,72.782,83.107,76.711,0.000,83.107,0.000,0.000,0.000,0.000,0.000,0.000
7297,2738.706,76.191,76.191,82.902,76.625,0.000,82.902,0.000,0.000,0.000,0.000,0.000,0.000
7298,2738.933,70.915,70.915,82.698,76.539,0.000,82.698,0.000,0.000,0.000,0.000,0.000,0.000
7299,2739.160,63.916,63.916,82.497,76.453,0.000,82.497,0.000,0.000,0.000,0.000,0.000,0.000
7300,2739.387,77.099,77.099,82.298,76.367,0.000,82.298,0.000,0.000,0.000,0.000,0.000,0.000
7301,2739.614,79.266,79.266,82.100,76.282,0.000,82.100,0.000,0.000,0.000,0.000,0.000,0.000
7302,2739.841,75.777,75.777,81.905,76.196,0.000,81.905,0.000,0.000,0.000,0.000,0.000,0.000
7303,2740.067,73.123,73.123,81.711,76.110,0.000,81.711,0.000,0.000,0.000,0.000,0.000,0.000
7304,2740.293,70.789,70.789,81.519,76.024,0.000,81.519,0.000,0.000,0.000,0.000,0.000,0.000
7305,2740.520,64.924,64.924,81.329,75.938,0.000,81.329,0.000,0.000,0.000,0.000,0.000,0.000
7306,2740.745,68.897,68.897,81.140,75.853,0.000,81.140,0.000,0.000,0.000,0.000,0.000,0.000
7307,2740.971,65.618,65.618,80.954,75.767,0.000,80.954,0.000,0.000,0.000,0.000,0.000,0.000
7308,2741.197,77.515,77.515,80.769,75.681,0.000,80.769,0.000,0.000,0.000,0.000,0.000,0.000
7309,2741.422,80.446,80.446,80.586,75.595,0.000,80.586,0.000,0.000,0.000,0.000,0.000,0.000
7310,2741.648,84.277,84.277,80.404,75.509,0.000,80.404,0.000,0.000,0.000,0.000,0.000,0.000
7311,2741.873,85.060,85.060,80.224,75.424,0.000,80.224,0.000,0.000,0.000,0.000,0.000,0.000
7312,2742.098,59.763,59.763,80.046,75.338,0.000,80.046,0.000,0.000,0.000,0.000,0.000,0.000
7313,2742.323,82.047,82.047,79.870,75.252,0.000,79.869,0.000,0.000,0.000,0.000,0.000,0.000
7314,2742.548,68.991,68.991,79.694,75.166,0.000,79.694,0.000,0.000,0.000,0.000,0.000,0.000
7315,2742.772,86.939,86.939,79.521,75.080,0.000,79.521,0.000,0.000,0.000,0.000,0.000,0.000
7316,2742.997,69.487,69.487,79.349,74.994,0.000,79.349,0.000,0.000,0.000,0.000,0.000,0.000
7317,2743.221,76.826,76.826,79.178,74.909,0.000,79.178,0.000,0.000,0.000,0.000,0.000,0.000
7318,2743.445,66.486,66.486,79.009,74.823,0.000,79.009,0.000,0.000,0.000,0.000,0.000,0.000
7319,2743.669,77.886,77.886,78.842,74.737,0.000,78.842,0.000,0.000,0.000,0.000,0.000,0.000
7320,2743.892,78.118,78.118,78.676,74.651,0.000,78.676,0.000,0.000,0.000,0.000,0.000,0.000
7321,2744.116,59.834,59.834,78.511,74.565,0.000,78.511,0.000,0.000,0.000,0.000,0.000,0.000
7322,2744.339,84.014,84.014,78.348,74.480,0.000,78.348,0.000,0.000,0.000,0.000,0.000,0.000
7323,2744.563,68.146,68.146,78.186,74.394,0.000,78.186,0.000,0.000,0.000,0.000,0.000,0.000
7324,2744.786,79.612,79.612,78.025,74.308,0.000,78.025,0.000,0.000,0.000,0.000,0.000,0.000
7325,2745.009,78.311,78.311,77.866,74.222,0.000,77.866,0.000,0.000,0.000,0.000,0.000,0.000
7326,2745.232,78.148,78.148,77.708,74.136,0.000,77.708,0.000,0.000,0.000,0.000,0.000,0.000
7327,2745.454,78.869,78.869,77.551,74.051,0.000,77.551,0.000,0.000,0.000,0.000,0.000,0.000
7328,2745.677,68.469,68.469,77.396,73.965,0.000,77.396,0.000,0.000,0.000,0.000,0.000,0.000
7329,2745.899,76.741,76.741,77.242,73.879,0.000,77.242,0.000,0.000,0.000,0.000,0.000,0.000
7330,2746.121,61.621,61.621,77.089,73.793,0.000,77.089,0.000,0.000,0.000,0.000,0.000,0.000
7331,2746.343,62.793,62.793,76.937,73.707,0.000,76.937,0.000,0.000,0.000,0.000,0.000,0.000
7332,2746.565,72.181,72.181,76.787,73.622,0.000,76.787,0.000,0.000,0.000,0.000,0.000,0.000
7333,2746.786,56.474,56.474,76.638,73.536,0.000,76.638,0.000,0.000,0.000,0.000,0.000,0.000
7334,2747.008,58.475,58.475,76.489,73.450,0.000,76.489,0.000,0.000,0.000,0.000,0.000,0.000
7335,2747.229,63.476,63.476,76.342,73.364,0.000,76.342,0.000,0.000,0.000,0.000,0.000,0.000
7336,2747.450,67.477,67.477,76.196,73.278,0.000,76.196,0.000,0.000,0.000,0.000,0.000,0.000
7337,2747.671,82.478,82.478,76.052,73.193,0.000,76.052,0.000,0.000,0.000,0.000,0.000,0.000
7338,2747.892,66.480,66.480,75.908,73.107,0.000,75.908,0.000,0.000,0.000,0.000,0.000,0.000
7339,2748.113,71.481,71.481,75.765,73.021,0.000,75.765,0.000,0.000,0.000,0.000,0.000,0.000
7340,2748.333,75.797,75.797,75.624,72.935,0.000,75.624,0.000,0.000,0.000,0.000,0.000,0.000
7341,2748.554,84.157,84.157,75.483,72.849,0.000,75.483,0.000,0.000,0.000,0.000,0.000,0.000
7342,2748.774,61.449,61.449,75.344,72.764,0.000,75.344,0.000,0.000,0.000,0.000,0.000,0.000
7343,2748.994,80.424,80.424,75.205,72.678,0.000,75.205,0.000,0.000,0.000,0.000,0.000,0.000
7344,2749.214,63.823,63.823,75.067,72.592,0.000,75.067,0.000,0.000,0.000,0.000,0.000,0.000
7345,2749.434,71.334,71.334,74.931,72.506,0.000,74.931,0.000,0.000,0.000,0.000,0.000,0.000
7346,2749.653,62.985,62.985,74.795,72.420,0.000,74.795,0.000,0.000,0.000,0.000,0.000,0.000
7347,2749.872,60.624,60.624,74.660,72.334,0.000,74.660,0.000,0.000,0.000,0.000,0.000,0.000
7348,2750.092,63.817,63.817,74.527,72.249,0.000,74.527,0.000,0.000,0.000,0.000,0.000,0.000
7349,2750.311,69.162,69.162,74.394,72.163,0.000,74.394,0.000,0.000,0.000,0.000,0.000,0.000
7350,2750.530,77.163,77.163,74.262,72.077,0.000,74.262,0.000,0.000,0.000,0.000,0.000,0.000
7351,2750.748,76.100,76.100,74.131,71.991,0.000,74.131,0.000,0.000,0.000,0.000,0.000,0.000
7352,2750.967,64.659,64.659,74.000,71.905,0.000,74.000,0.000,0.000,0.000,0.000,0.000,0.000
7353,2751.185,74.333,74.333,73.871,71.820,0.000,73.871,0.000,0.000,0.000,0.000,0.000,0.000
7354,2751.403,60.332,60.332,73.742,71.734,0.000,73.742,0.000,0.000,0.000,0.000,0.000,0.000
7355,2751.622,60.079,60.079,73.615,71.648,0.000,73.615,0.000,0.000,0.000,0.000,0.000,0.000
7356,2751.839,65.019,65.019,73.488,71.562,0.000,73.488,0.000,0.000,0.000,0.000,0.000,0.000
7357,2752.057,73.167,73.167,73.361,71.476,0.000,73.361,0.000,0.000,0.000,0.000,0.000,0.000
7358,2752.275,72.011,72.011,73.236,71.391,0.000,73.236,0.000,0.000,0.000,0.000,0.000,0.000
7359,2752.492,68.836,68.836,73.111,71.305,0.000,73.111,0.000,0.000,0.000,0.000,0.000,0.000
7360,2752.709,65.700,65.700,72.987,71.219,0.000,72.987,0.000,0.000,0.000,0.000,0.000,0.000
7361,2752.927,58.671,58.671,72.864,71.133,0.000,72.864,0.000,0.000,0.000,0.000,0.000,0.000
7362,2753.143,60.672,60.672,72.742,71.047,0.000,72.742,0.000,0.000,0.000,0.000,0.000,0.000
7363,2753.360,60.018,60.018,72.620,70.962,0.000,72.620,0.000,0.000,0.000,0.000,0.000,0.000
7364,2753.577,64.337,64.337,72.499,70.876,0.000,72.499,0.000,0.000,0.000,0.000,0.000,0.000
7365,2753.793,60.194,60.194,72.379,70.790,0.000,72.379,0.000,0.000,0.000,0.000,0.000,0.000
7366,2754.010,59.103,59.103,72.259,70.704,0.000,72.259,0.000,0.000,0.000,0.000,0.000,0.000
7367,2754.226,73.842,73.842,72.140,70.618,0.000,72.140,0.000,0.000,0.000,0.000,0.000,0.000
7368,2754.442,71.208,71.208,72.022,70.533,0.000,72.022,0.000,0.000,0.000,0.000,0.000,0.000
7369,2754.657,64.505,64.505,71.904,70.447,0.000,71.904,0.000,0.000,0.000,0.000,0.000,0.000
7370,2754.873,77.505,77.505,71.787,70.361,0.000,71.787,0.000,0.000,0.000,0.000,0.000,0.000
7371,2755.088,57.468,57.468,71.671,70.275,0.000,71.671,0.000,0.000,0.000,0.000,0.000,0.000
7372,2755.304,66.341,66.341,71.555,70.189,0.000,71.555,0.000,0.000,0.000,0.000,0.000,0.000
7373,2755.519,71.434,71.434,71.440,70.104,0.000,71.440,0.000,0.000,0.000,0.000,0.000,0.000
7374,2755.734,57.507,57.507,71.325,70.018,0.000,71.325,0.000,0.000,0.000,0.000,0.000,0.000
7375,2755.948,37.064,37.064,71.211,69.932,0.000,71.211,0.000,0.000,0.000,0.000,0.000,0.000
7376,2756.163,71.977,71.977,71.097,69.846,0.000,71.097,0.000,0.000,0.000,0.000,0.000,0.000
7377,2756.378,69.851,69.851,70.984,69.760,0.000,70.984,0.000,0.000,0.000,0.000,0.000,0.000
7378,2756.592,68.852,68.852,70.872,69.675,0.000,70.872,0.000,0.000,0.000,0.000,0.000,0.000
7379,2756.806,59.853,59.853,70.760,69.589,0.000,70.760,0.000,0.000,0.000,0.000,0.000,0.000
7380,2757.020,61.434,61.434,70.649,69.503,0.000,70.649,0.000,0.000,0.000,0.000,0.000,0.000
7381,2757.234,67.440,67.440,70.538,69.417,0.000,70.538,0.000,0.000,0.000,0.000,0.000,0.000
7382,2757.447,54.183,54.183,70.428,69.331,0.000,70.428,0.000,0.000,0.000,0.000,0.000,0.000
7383,2757.661,58.009,58.009,70.318,69.245,0.000,70.318,0.000,0.000,0.000,0.000,0.000,0.000
7384,2757.874,62.857,62.857,70.208,69.160,0.000,70.208,0.000,0.000,0.000,0.000,0.000,0.000
7385,2758.087,62.137,62.137,70.100,69.074,0.000,70.100,0.000,0.000,0.000,0.000,0.000,0.000
7386,2758.300,50.157,50.157,69.991,68.988,0.000,69.991,0.000,0.000,0.000,0.000,0.000,0.000
7387,2758.513,66.023,66.023,69.883,68.902,0.000,69.883,0.000,0.000,0.000,0.000,0.000,0.000
7388,2758.726,57.341,57.341,69.776,68.816,0.000,69.776,0.000,0.000,0.000,0.000,0.000,0.000
7389,2758.938,67.675,67.675,69.669,68.731,0.000,69.669,0.000,0.000,0.000,0.000,0.000,0.000
7390,2759.150,66.023,66.023,69.562,68.645,0.000,69.562,0.000,0.000,0.000,0.000,0.000,0.000
7391,2759.362,49.882,49.882,69.456,68.559,0.000,69.456,0.000,0.000,0.000,0.000,0.000,0.000
7392,2759.574,69.027,69.027,69.350,68.473,0.000,69.350,0.000,0.000,0.000,0.000,0.000,0.000
7393,2759.786,63.096,63.096,69.245,68.387,0.000,69.245,0.000,0.000,0.000,0.000,0.000,0.000
7394,2759.998,65.190,65.190,69.140,68.302,0.000,69.140,0.000,0.000,0.000,0.000,0.000,0.000
7395,2760.209,70.309,70.309,69.036,68.216,0.000,69.036,0.000,0.000,0.000,0.000,0.000,0.000
7396,2760.421,56.353,56.353,68.932,68.130,0.000,68.932,0.000,0.000,0.000,0.000,0.000,0.000
7397,2760.632,70.354,70.354,68.828,68.044,0.000,68.828,0.000,0.000,0.000,0.000,0.000,0.000
7398,2760.843,52.299,52.299,68.725,67.958,0.000,68.725,0.000,0.000,0.000,0.000,0.000,0.000
7399,2761.054,63.193,63.193,68.622,67.873,0.000,68.622,0.000,0.000,0.000,0.000,0.000,0.000
7400,2761.264,58.884,58.884,68.519,67.787,0.000,68.519,0.000,0.000,0.000,0.000,0.000,0.000
7401,2761.475,64.711,64.711,68.417,67.701,0.000,68.417,0.000,0.000,0.000,0.000,0.000,0.000
7402,2761.685,57.863,57.863,68.315,67.615,0.000,68.315,0.000,0.000,0.000,0.000,0.000,0.000
7403,2761.895,64.799,64.799,68.213,67.529,0.000,68.213,0.000,0.000,0.000,0.000,0.000,0.000
7404,2762.105,56.554,56.554,68.112,67.444,0.000,68.112,0.000,0.000,0.000,0.000,0.000,0.000
7405,2762.315,67.894,67.894,68.011,67.358,0.000,68.011,0.000,0.000,0.000,0.000,0.000,0.000
7406,2762.524,65.198,65.198,67.911,67.272,0.000,67.911,0.000,0.000,0.000,0.000,0.000,0.000
7407,2762.734,69.804,69.804,67.810,67.186,0.000,67.810,0.000,0.000,0.000,0.000,0.000,0.000
7408,2762.943,56.771,56.771,67.710,67.100,0.000,67.710,0.000,0.000,0.000,0.000,0.000,0.000
7409,2763.152,62.200,62.200,67.611,67.015,0.000,67.611,0.000,0.000,0.000,0.000,0.000,0.000
7410,2763.361,61.137,61.137,67.511,66.929,0.000,67.511,0.000,0.000,0.000,0.000,0.000,0.000
7411,2763.570,67.041,67.041,67.412,66.843,0.000,67.412,0.000,0.000,0.000,0.000,0.000,0.000
7412,2763.779,55.477,55.477,67.314,66.757,0.000,67.314,0.000,0.000,0.000,0.000,0.000,0.000
7413,2763.987,59.681,59.681,67.215,66.671,0.000,67.215,0.000,0.000,0.000,0.000,0.000,0.000
7414,2764.195,63.067,63.067,67.117,66.585,0.000,67.117,0.000,0.000,0.000,0.000,0.000,0.000
7415,2764.403,66.199,66.199,67.019,66.500,0.000,67.019,0.000,0.000,0.000,0.000,0.000,0.000
7416,2764.611,73.682,73.682,66.922,66.414,0.000,66.922,0.000,0.000,0.000,0.000,0.000,0.000
7417,2764.819,65.434,65.434,66.824,66.328,0.000,66.824,0.000,0.000,0.000,0.000,0.000,0.000
7418,2765.027,72.205,72.205,66.727,66.242,0.000,66.727,0.000,0.000,0.000,0.000,0.000,0.000
7419,2765.234,71.080,71.080,66.630,66.156,0.000,66.630,0.000,0.000,0.000,0.000,0.000,0.000
7420,2765.441,73.080,73.080,66.534,66.071,0.000,66.534,0.000,0.000,0.000,0.000,0.000,0.000
7421,2765.649,61.524,61.524,66.437,65.985,0.000,66.437,0.000,0.000,0.000,0.000,0.000,0.000
7422,2765.856,53.096,53.096,66.341,65.899,0.000,66.341,0.000,0.000,0.000,0.000,0.000,0.000
7423,2766.062,51.259,51.259,66.245,65.813,0.000,66.245,0.000,0.000,0.000,0.000,0.000,0.000
7424,2766.269,59.931,59.931,66.149,65.727,0.000,66.149,0.000,0.000,0.000,0.000,0.000,0.000
7425,2766.475,70.368,70.368,66.054,65.642,0.000,66.054,0.000,0.000,0.000,0.000,0.000,0.000
7426,2766.682,54.368,54.368,65.959,65.556,0.000,65.959,0.000,0.000,0.000,0.000,0.000,0.000
7427,2766.888,50.369,50.369,65.864,65.470,0.000,65.864,0.000,0.000,0.000,0.000,0.000,0.000
7428,2767.094,55.369,55.369,65.769,65.384,0.000,65.769,0.000,0.000,0.000,0.000,0.000,0.000
7429,2767.299,52.308,52.308,65.674,65.298,0.000,65.674,0.000,0.000,0.000,0.000,0.000,0.000
7430,2767.505,64.213,64.213,65.580,65.213,0.000,65.580,0.000,0.000,0.000,0.000,0.000,0.000
7431,2767.710,75.008,75.008,65.486,65.127,0.000,65.486,0.000,0.000,0.000,0.000,0.000,0.000
7432,2767.915,55.900,55.900,65.392,65.041,0.000,65.392,0.000,0.000,0.000,0.000,0.000,0.000
7433,2768.121,61.044,61.044,65.298,64.955,0.000,65.298,0.000,0.000,0.000,0.000,0.000,0.000
7434,2768.325,57.211,57.211,65.204,64.869,0.000,65.204,0.000,0.000,0.000,0.000,0.000,0.000
7435,2768.530,62.000,62.000,65.111,64.784,0.000,65.111,0.000,0.000,0.000,0.000,0.000,0.000
7436,2768.735,65.548,65.548,65.018,64.698,0.000,65.018,0.000,0.000,0.000,0.000,0.000,0.000
7437,2768.939,59.905,59.905,64.924,64.612,0.000,64.924,0.000,0.000,0.000,0.000,0.000,0.000
7438,2769.143,55.009,55.009,64.832,64.526,0.000,64.832,0.000,0.000,0.000,0.000,0.000,0.000
7439,2769.347,51.063,51.063,64.739,64.440,0.000,64.739,0.000,0.000,0.000,0.000,0.000,0.000
7440,2769.551,48.063,48.063,64.646,64.355,0.000,64.646,0.000,0.000,0.000,0.000,0.000,0.000
7441,2769.755,58.134,58.134,64.554,64.269,0.000,64.554,0.000,0.000,0.000,0.000,0.000,0.000
7442,2769.958,59.532,59.532,64.462,64.183,0.000,64.461,0.000,0.000,0.000,0.000,0.000,0.000
7443,2770.162,46.169,46.169,64.369,64.097,0.000,64.369,0.000,0.000,0.000,0.000,0.000,0.000
7444,2770.365,50.600,50.600,64.277,64.011,0.000,64.277,0.000,0.000,0.000,0.000,0.000,0.000
7445,2770.568,57.893,57.893,64.186,63.926,0.000,64.186,0.000,0.000,0.000,0.000,0.000,0.000
7446,2770.771,59.068,59.068,64.094,63.840,0.000,64.094,0.000,0.000,0.000,0.000,0.000,0.000
7447,2770.974,58.337,58.337,64.003,63.754,0.000,64.002,0.000,0.000,0.000,0.000,0.000,0.000
7448,2771.176,54.321,54.321,63.911,63.668,0.000,63.911,0.000,0.000,0.000,0.000,0.000,0.000
7449,2771.378,58.760,58.760,63.820,63.582,0.000,63.820,0.000,0.000,0.000,0.000,0.000,0.000
7450,2771.581,56.963,56.963,63.729,63.496,0.000,63.729,0.000,0.000,0.000,0.000,0.000,0.000
7451,2771.783,71.381,71.381,63.638,63.411,0.000,63.638,0.000,0.000,0.000,0.000,0.000,0.000
7452,2771.984,51.955,51.955,63.547,63.325,0.000,63.547,0.000,0.000,0.000,0.000,0.000,0.000
7453,2772.186,64.610,64.610,63.456,63.239,0.000,63.456,0.000,0.000,0.000,0.000,0.000,0.000
7454,2772.388,48.331,48.331,63.366,63.153,0.000,63.366,0.000,0.000,0.000,0.000,0.000,0.000
7455,2772.589,69.538,69.538,63.275,63.067,0.000,63.275,0.000,0.000,0.000,0.000,0.000,0.000
7456,2772.790,48.384,48.384,63.185,62.982,0.000,63.185,0.000,0.000,0.000,0.000,0.000,0.000
7457,2772.991,56.250,56.250,63.095,62.896,0.000,63.095,0.000,0.000,0.000,0.000,0.000,0.000
7458,2773.192,58.770,58.770,63.005,62.810,0.000,63.005,0.000,0.000,0.000,0.000,0.000,0.000
7459,2773.392,54.637,54.637,62.915,62.724,0.000,62.915,0.000,0.000,0.000,0.000,0.000,0.000
7460,2773.593,60.465,60.465,62.825,62.638,0.000,62.825,0.000,0.000,0.000,0.000,0.000,0.000
7461,2773.793,60.263,60.263,62.735,62.553,0.000,62.735,0.000,0.000,0.000,0.000,0.000,0.000
7462,2773.993,47.693,47.693,62.645,62.467,0.000,62.645,0.000,0.000,0.000,0.000,0.000,0.000
7463,2774.193,57.376,57.376,62.556,62.381,0.000,62.556,0.000,0.000,0.000,0.000,0.000,0.000
7464,2774.393,64.238,64.238,62.466,62.295,0.000,62.466,0.000,0.000,0.000,0.000,0.000,0.000
7465,2774.592,51.236,51.236,62.377,62.209,0.000,62.377,0.000,0.000,0.000,0.000,0.000,0.000
7466,2774.792,51.278,51.278,62.288,62.124,0.000,62.288,0.000,0.000,0.000,0.000,0.000,0.000
7467,2774.991,49.390,49.390,62.199,62.038,0.000,62.199,0.000,0.000,0.000,0.000,0.000,0.000
7468,2775.190,62.317,62.317,62.110,61.952,0.000,62.110,0.000,0.000,0.000,0.000,0.000,0.000
7469,2775.389,50.238,50.238,62.021,61.866,0.000,62.021,0.000,0.000,0.000,0.000,0.000,0.000
7470,2775.588,62.342,62.342,61.932,61.780,0.000,61.932,0.000,0.000,0.000,0.000,0.000,0.000
7471,2775.786,65.392,65.392,61.843,61.695,0.000,61.843,0.000,0.000,0.000,0.000,0.000,0.000
7472,2775.985,53.392,53.392,61.754,61.609,0.000,61.754,0.000,0.000,0.000,0.000,0.000,0.000
7473,2776.183,57.318,57.318,61.666,61.523,0.000,61.666,0.000,0.000,0.000,0.000,0.000,0.000
7474,2776.381,52.332,52.332,61.577,61.437,0.000,61.577,0.000,0.000,0.000,0.000,0.000,0.000
7475,2776.579,58.651,58.651,61.489,61.351,0.000,61.489,0.000,0.000,0.000,0.000,0.000,0.000
7476,2776.776,55.546,55.546,61.401,61.266,0.000,61.401,0.000,0.000,0.000,0.000,0.000,0.000
7477,2776.974,53.068,53.068,61.312,61.180,0.000,61.312,0.000,0.000,0.000,0.000,0.000,0.000
7478,2777.171,57.488,57.488,61.224,61.094,0.000,61.224,0.000,0.000,0.000,0.000,0.000,0.000
7479,2777.368,64.971,64.971,61.136,61.008,0.000,61.136,0.000,0.000,0.000,0.000,0.000,0.000
7480,2777.565,58.246,58.246,61.048,60.922,0.000,61.048,0.000,0.000,0.000,0.000,0.000,0.000
7481,2777.762,79.246,79.246,60.960,60.836,0.000,60.960,0.000,0.000,0.000,0.000,0.000,0.000
7482,2777.959,45.247,45.247,60.872,60.751,0.000,60.872,0.000,0.000,0.000,0.000,0.000,0.000
7483,2778.155,54.549,54.549,60.784,60.665,0.000,60.784,0.000,0.000,0.000,0.000,0.000,0.000
7484,2778.352,59.495,59.495,60.697,60.579,0.000,60.697,0.000,0.000,0.000,0.000,0.000,0.000
7485,2778.548,47.249,47.249,60.609,60.493,0.000,60.609,0.000,0.000,0.000,0.000,0.000,0.000
7486,2778.744,60.038,60.038,60.521,60.407,0.000,60.521,0.000,0.000,0.000,0.000,0.000,0.000
7487,2778.939,60.650,60.650,60.434,60.322,0.000,60.434,0.000,0.000,0.000,0.000,0.000,0.000
7488,2779.135,64.966,64.966,60.346,60.236,0.000,60.346,0.000,0.000,0.000,0.000,0.000,0.000
7489,2779.330,60.252,60.252,60.259,60.150,0.000,60.259,0.000,0.000,0.000,0.000,0.000,0.000
7490,2779.526,42.356,42.356,60.172,60.064,0.000,60.172,0.000,0.000,0.000,0.000,0.000,0.000
7491,2779.721,73.402,73.402,60.084,59.978,0.000,60.084,0.000,0.000,0.000,0.000,0.000,0.000
7492,2779.916,60.146,60.146,59.997,59.893,0.000,59.997,0.000,0.000,0.000,0.000,0.000,0.000
7493,2780.110,70.111,70.111,59.910,59.807,0.000,59.910,0.000,0.000,0.000,0.000,0.000,0.000
7494,2780.305,60.404,60.404,59.823,59.721,0.000,59.823,0.000,0.000,0.000,0.000,0.000,0.000
7495,2780.499,62.324,62.324,59.736,59.635,0.000,59.736,0.000,0.000,0.000,0.000,0.000,0.000
7496,2780.693,57.959,57.959,59.649,59.549,0.000,59.649,0.000,0.000,0.000,0.000,0.000,0.000
7497,2780.887,39.160,39.160,59.562,59.464,0.000,59.562,0.000,0.000,0.000,0.000,0.000,0.000
7498,2781.081,61.554,61.554,59.475,59.378,0.000,59.475,0.000,0.000,0.000,0.000,0.000,0.000
7499,2781.275,55.336,55.336,59.388,59.292,0.000,59.388,0.000,0.000,0.000,0.000,0.000,0.000
7500,2781.468,50.111,50.111,59.302,59.206,0.000,59.302,0.000,0.000,0.000,0.000,0.000,0.000
7501,2781.662,48.206,48.206,59.215,59.120,0.000,59.215,0.000,0.000,0.000,0.000,0.000,0.000
7502,2781.855,54.260,54.260,59.128,59.035,0.000,59.128,0.000,0.000,0.000,0.000,0.000,0.000
7503,2782.048,52.611,52.611,59.042,58.949,0.000,59.042,0.000,0.000,0.000,0.000,0.000,0.000
7504,2782.241,50.705,50.705,58.955,58.863,0.000,58.955,0.000,0.000,0.000,0.000,0.000,0.000
7505,2782.433,45.741,45.741,58.869,58.777,0.000,58.869,0.000,0.000,0.000,0.000,0.000,0.000
7506,2782.626,47.695,47.695,58.782,58.691,0.000,58.782,0.000,0.000,0.000,0.000,0.000,0.000
7507,2782.818,66.969,66.969,58.696,58.606,0.000,58.696,0.000,0.000,0.000,0.000,0.000,0.000
7508,2783.010,58.876,58.876,58.610,58.520,0.000,58.610,0.000,0.000,0.000,0.000,0.000,0.000
7509,2783.202,56.530,56.530,58.523,58.434,0.000,58.523,0.000,0.000,0.000,0.000,0.000,0.000
7510,2783.394,46.735,46.735,58.437,58.348,0.000,58.437,0.000,0.000,0.000,0.000,0.000,0.000
7511,2783.585,51.119,51.119,58.351,58.262,0.000,58.351,0.000,0.000,0.000,0.000,0.000,0.000
7512,2783.777,48.261,48.261,58.265,58.176,0.000,58.265,0.000,0.000,0.000,0.000,0.000,0.000
7513,2783.968,50.414,50.414,58.179,58.091,0.000,58.179,0.000,0.000,0.000,0.000,0.000,0.000
7514,2784.159,55.326,55.326,58.093,58.005,0.000,58.093,0.000,0.000,0.000,0.000,0.000,0.000
7515,2784.350,59.269,59.269,58.007,57.919,0.000,58.007,0.000,0.000,0.000,0.000,0.000,0.000
7516,2784.540,40.056,40.056,57.921,57.833,0.000,57.921,0.000,0.000,0.000,0.000,0.000,0.000
7517,2784.731,40.978,40.978,57.835,57.747,0.000,57.835,0.000,0.000,0.000,0.000,0.000,0.000
7518,2784.921,61.353,61.353,57.749,57.662,0.000,57.749,0.000,0.000,0.000,0.000,0.000,0.000
7519,2785.111,62.417,62.417,57.663,57.576,0.000,57.663,0.000,0.000,0.000,0.000,0.000,0.000
7520,2785.301,54.568,54.568,57.577,57.490,0.000,57.577,0.000,0.000,0.000,0.000,0.000,0.000
7521,2785.491,56.597,56.597,57.492,57.404,0.000,57.492,0.000,0.000,0.000,0.000,0.000,0.000
7522,2785.681,63.128,63.128,57.406,57.318,0.000,57.406,0.000,0.000,0.000,0.000,0.000,0.000
7523,2785.870,59.246,59.246,57.320,57.233,0.000,57.320,0.000,0.000,0.000,0.000,0.000,0.000
7524,2786.059,53.710,53.710,57.235,57.147,0.000,57.235,0.000,0.000,0.000,0.000,0.000,0.000
7525,2786.248,55.576,55.576,57.149,57.061,0.000,57.149,0.000,0.000,0.000,0.000,0.000,0.000
7526,2786.437,48.276,48.276,57.064,56.975,0.000,57.064,0.000,0.000,0.000,0.000,0.000,0.000
7527,2786.626,54.277,54.277,56.978,56.889,0.000,56.978,0.000,0.000,0.000,0.000,0.000,0.000
7528,2786.814,64.278,64.278,56.893,56.804,0.000,56.893,0.000,0.000,0.000,0.000,0.000,0.000
7529,2787.003,63.980,63.980,56.807,56.718,0.000,56.807,0.000,0.000,0.000,0.000,0.000,0.000
7530,2787.191,53.702,53.702,56.722,56.632,0.000,56.722,0.000,0.000,0.000,0.000,0.000,0.000
7531,2787.379,45.881,45.881,56.637,56.546,0.000,56.637,0.000,0.000,0.000,0.000,0.000,0.000
7532,2787.567,46.992,46.992,56.551,56.460,0.000,56.551,0.000,0.000,0.000,0.000,0.000,0.000
7533,2787.754,57.891,57.891,56.466,56.375,0.000,56.466,0.000,0.000,0.000,0.000,0.000,0.000
7534,2787.942,56.851,56.851,56.381,56.289,0.000,56.381,0.000,0.000,0.000,0.000,0.000,0.000
7535,2788.129,56.082,56.082,56.296,56.203,0.000,56.296,0.000,0.000,0.000,0.000,0.000,0.000
7536,2788.316,65.140,65.140,56.211,56.117,0.000,56.211,0.000,0.000,0.000,0.000,0.000,0.000
7537,2788.503,43.268,43.268,56.126,56.031,0.000,56.126,0.000,0.000,0.000,0.000,0.000,0.000
7538,2788.690,52.284,52.284,56.041,55.946,0.000,56.041,0.000,0.000,0.000,0.000,0.000,0.000
7539,2788.877,59.285,59.285,55.956,55.860,0.000,55.956,0.000,0.000,0.000,0.000,0.000,0.000
7540,2789.063,42.252,42.252,55.871,55.774,0.000,55.871,0.000,0.000,0.000,0.000,0.000,0.000
7541,2789.249,56.716,56.716,55.786,55.688,0.000,55.786,0.000,0.000,0.000,0.000,0.000,0.000
7542,2789.435,53.814,53.814,55.701,55.602,0.000,55.701,0.000,0.000,0.000,0.000,0.000,0.000
7543,2789.621,60.430,60.430,55.616,55.517,0.000,55.616,0.000,0.000,0.000,0.000,0.000,0.000
7544,2789.807,60.401,60.401,55.531,55.431,0.000,55.531,0.000,0.000,0.000,0.000,0.000,0.000
7545,2789.992,56.289,56.289,55.447,55.345,0.000,55.447,0.000,0.000,0.000,0.000,0.000,0.000
7546,2790.178,50.210,50.210,55.362,55.259,0.000,55.362,0.000,0.000,0.000,0.000,0.000,0.000
7547,2790.363,52.007,52.007,55.277,55.173,0.000,55.277,0.000,0.000,0.000,0.000,0.000,0.000
7548,2790.548,56.156,56.156,55.193,55.087,0.000,55.193,0.000,0.000,0.000,0.000,0.000,0.000
7549,2790.733,49.434,49.434,55.108,55.002,0.000,55.108,0.000,0.000,0.000,0.000,0.000,0.000
7550,2790.917,57.317,57.317,55.024,54.916,0.000,55.024,0.000,0.000,0.000,0.000,0.000,0.000
7551,2791.102,52.152,52.152,54.939,54.830,0.000,54.939,0.000,0.000,0.000,0.000,0.000,0.000
7552,2791.286,49.420,49.420,54.855,54.744,0.000,54.855,0.000,0.000,0.000,0.000,0.000,0.000
7553,2791.470,54.718,54.718,54.770,54.658,0.000,54.770,0.000,0.000,0.000,0.000,0.000,0.000
7554,2791.654,67.420,67.420,54.686,54.573,0.000,54.686,0.000,0.000,0.000,0.000,0.000,0.000
7555,2791.837,59.155,59.155,54.602,54.487,0.000,54.602,0.000,0.000,0.000,0.000,0.000,0.000
7556,2792.021,71.402,71.402,54.517,54.401,0.000,54.517,0.000,0.000,0.000,0.000,0.000,0.000
7557,2792.204,73.578,73.578,54.433,54.315,0.000,54.433,0.000,0.000,0.000,0.000,0.000,0.000
7558,2792.387,55.667,55.667,54.349,54.229,0.000,54.349,0.000,0.000,0.000,0.000,0.000,0.000
7559,2792.570,68.719,68.719,54.265,54.144,0.000,54.265,0.000,0.000,0.000,0.000,0.000,0.000
7560,2792.753,59.435,59.435,54.181,54.058,0.000,54.181,0.000,0.000,0.000,0.000,0.000,0.000
7561,2792.936,53.300,53.300,54.097,53.972,0.000,54.097,0.000,0.000,0.000,0.000,0.000,0.000
7562,2793.118,55.602,55.602,54.013,53.886,0.000,54.013,0.000,0.000,0.000,0.000,0.000,0.000
7563,2793.301,55.721,55.721,53.929,53.800,0.000,53.929,0.000,0.000,0.000,0.000,0.000,0.000
7564,2793.483,55.615,55.615,53.845,53.715,0.000,53.845,0.000,0.000,0.000,0.000,0.000,0.000
7565,2793.664,51.582,51.582,53.761,53.629,0.000,53.761,0.000,0.000,0.000,0.000,0.000,0.000
7566,2793.846,53.252,53.252,53.677,53.543,0.000,53.677,0.000,0.000,0.000,0.000,0.000,0.000
7567,2794.028,54.165,54.165,53.593,53.457,0.000,53.593,0.000,0.000,0.000,0.000,0.000,0.000
7568,2794.209,47.824,47.824,53.510,53.371,0.000,53.510,0.000,0.000,0.000,0.000,0.000,0.000
7569,2794.390,51.750,51.750,53.426,53.286,0.000,53.426,0.000,0.000,0.000,0.000,0.000,0.000
7570,2794.571,41.751,41.751,53.342,53.200,0.000,53.342,0.000,0.000,0.000,0.000,0.000,0.000
7571,2794.752,59.753,59.753,53.259,53.114,0.000,53.259,0.000,0.000,0.000,0.000,0.000,0.000
7572,2794.933,51.115,51.115,53.175,53.028,0.000,53.175,0.000,0.000,0.000,0.000,0.000,0.000
7573,2795.113,46.170,46.170,53.092,52.942,0.000,53.092,0.000,0.000,0.000,0.000,0.000,0.000
7574,2795.293,54.171,54.171,53.008,52.857,0.000,53.008,0.000,0.000,0.000,0.000,0.000,0.000
7575,2795.473,67.172,67.172,52.925,52.771,0.000,52.925,0.000,0.000,0.000,0.000,0.000,0.000
7576,2795.653,54.048,54.048,52.841,52.685,0.000,52.841,0.000,0.000,0.000,0.000,0.000,0.000
7577,2795.833,63.036,63.036,52.758,52.599,0.000,52.758,0.000,0.000,0.000,0.000,0.000,0.000
7578,2796.013,67.162,67.162,52.675,52.513,0.000,52.675,0.000,0.000,0.000,0.000,0.000,0.000
7579,2796.192,47.175,47.175,52.591,52.427,0.000,52.591,0.000,0.000,0.000,0.000,0.000,0.000
7580,2796.371,52.302,52.302,52.508,52.342,0.000,52.508,0.000,0.000,0.000,0.000,0.000,0.000
7581,2796.550,55.314,55.314,52.425,52.256,0.000,52.425,0.000,0.000,0.000,0.000,0.000,0.000
7582,2796.729,60.315,60.315,52.342,52.170,0.000,52.342,0.000,0.000,0.000,0.000,0.000,0.000
7583,2796.908,60.315,60.315,52.259,52.084,0.000,52.259,0.000,0.000,0.000,0.000,0.000,0.000
7584,2797.086,72.316,72.316,52.176,51.998,0.000,52.176,0.000,0.000,0.000,0.000,0.000,0.000
7585,2797.264,48.317,48.317,52.093,51.913,0.000,52.093,0.000,0.000,0.000,0.000,0.000,0.000
7586,2797.442,52.317,52.317,52.010,51.827,0.000,52.010,0.000,0.000,0.000,0.000,0.000,0.000
7587,2797.620,64.318,64.318,51.928,51.741,0.000,51.928,0.000,0.000,0.000,0.000,0.000,0.000
7588,2797.798,49.826,49.826,51.845,51.655,0.000,51.845,0.000,0.000,0.000,0.000,0.000,0.000
7589,2797.975,56.775,56.775,51.762,51.569,0.000,51.762,0.000,0.000,0.000,0.000,0.000,0.000
7590,2798.153,56.382,56.382,51.680,51.484,0.000,51.680,0.000,0.000,0.000,0.000,0.000,0.000
7591,2798.330,53.457,53.457,51.597,51.398,0.000,51.597,0.000,0.000,0.000,0.000,0.000,0.000
7592,2798.507,50.102,50.102,51.514,51.312,0.000,51.514,0.000,0.000,0.000,0.000,0.000,0.000
7593,2798.684,50.051,50.051,51.432,51.226,0.000,51.432,0.000,0.000,0.000,0.000,0.000,0.000
7594,2798.860,63.398,63.398,51.350,51.140,0.000,51.350,0.000,0.000,0.000,0.000,0.000,0.000
7595,2799.037,49.459,49.459,51.267,51.055,0.000,51.267,0.000,0.000,0.000,0.000,0.000,0.000
7596,2799.213,71.348,71.348,51.185,50.969,0.000,51.185,0.000,0.000,0.000,0.000,0.000,0.000
7597,2799.389,56.325,56.325,51.103,50.883,0.000,51.103,0.000,0.000,0.000,0.000,0.000,0.000
7598,2799.565,39.897,39.897,51.021,50.797,0.000,51.021,0.000,0.000,0.000,0.000,0.000,0.000
7599,2799.740,45.788,45.788,50.939,50.711,0.000,50.939,0.000,0.000,0.000,0.000,0.000,0.000
7600,2799.916,46.198,46.198,50.857,50.626,0.000,50.857,0.000,0.000,0.000,0.000,0.000,0.000
7601,2800.091,57.328,57.328,50.775,50.540,0.000,50.775,0.000,0.000,0.000,0.000,0.000,0.000
7602,2800.266,58.135,58.135,50.693,50.454,0.000,50.693,0.000,0.000,0.000,0.000,0.000,0.000
7603,2800.441,58.061,58.061,50.611,50.368,0.000,50.611,0.000,0.000,0.000,0.000,0.000,0.000
7604,2800.616,65.243,65.243,50.529,50.282,0.000,50.529,0.000,0.000,0.000,0.000,0.000,0.000
7605,2800.791,58.331,58.331,50.447,50.197,0.000,50.447,0.000,0.000,0.000,0.000,0.000,0.000
7606,2800.965,54.079,54.079,50.366,50.111,0.000,50.366,0.000,0.000,0.000,0.000,0.000,0.000
7607,2801.139,58.931,58.931,50.284,50.025,0.000,50.284,0.000,0.000,0.000,0.000,0.000,0.000
7608,2801.313,66.163,66.163,50.203,49.939,0.000,50.203,0.000,0.000,0.000,0.000,0.000,0.000
7609,2801.487,57.334,57.334,50.121,49.853,0.000,50.121,0.000,0.000,0.000,0.000,0.000,0.000
7610,2801.661,54.265,54.265,50.040,49.768,0.000,50.040,0.000,0.000,0.000,0.000,0.000,0.000
7611,2801.834,66.202,66.202,49.959,49.682,0.000,49.959,0.000,0.000,0.000,0.000,0.000,0.000
7612,2802.008,53.020,53.020,49.877,49.596,0.000,49.877,0.000,0.000,0.000,0.000,0.000,0.000
7613,2802.181,49.805,49.805,49.796,49.510,0.000,49.796,0.000,0.000,0.000,0.000,0.000,0.000
7614,2802.354,32.170,32.170,49.715,49.424,0.000,49.715,0.000,0.000,0.000,0.000,0.000,0.000
7615,2802.526,60.735,60.735,49.634,49.338,0.000,49.634,0.000,0.000,0.000,0.000,0.000,0.000
7616,2802.699,49.693,49.693,49.553,49.253,0.000,49.553,0.000,0.000,0.000,0.000,0.000,0.000
7617,2802.871,57.604,57.604,49.472,49.167,0.000,49.472,0.000,0.000,0.000,0.000,0.000,0.000
7618,2803.043,60.669,60.669,49.392,49.081,0.000,49.392,0.000,0.000,0.000,0.000,0.000,0.000
7619,2803.215,39.868,39.868,49.311,48.995,0.000,49.311,0.000,0.000,0.000,0.000,0.000,0.000
7620,2803.387,47.780,47.780,49.230,48.909,0.000,49.230,0.000,0.000,0.000,0.000,0.000,0.000
7621,2803.559,55.342,55.342,49.150,48.824,0.000,49.150,0.000,0.000,0.000,0.000,0.000,0.000
7622,2803.730,47.332,47.332,49.069,48.738,0.000,49.069,0.000,0.000,0.000,0.000,0.000,0.000
7623,2803.901,56.212,56.212,48.989,48.652,0.000,48.989,0.000,0.000,0.000,0.000,0.000,0.000
7624,2804.073,66.213,66.213,48.909,48.566,0.000,48.909,0.000,0.000,0.000,0.000,0.000,0.000
7625,2804.243,49.474,49.474,48.829,48.480,0.000,48.829,0.000,0.000,0.000,0.000,0.000,0.000
7626,2804.414,49.476,49.476,48.748,48.395,0.000,48.748,0.000,0.000,0.000,0.000,0.000,0.000
7627,2804.585,58.242,58.242,48.668,48.309,0.000,48.668,0.000,0.000,0.000,0.000,0.000,0.000
7628,2804.755,52.216,52.216,48.589,48.223,0.000,48.589,0.000,0.000,0.000,0.000,0.000,0.000
7629,2804.925,51.008,51.008,48.509,48.137,0.000,48.509,0.000,0.000,0.000,0.000,0.000,0.000
7630,2805.095,56.957,56.957,48.429,48.051,0.000,48.429,0.000,0.000,0.000,0.000,0.000,0.000
7631,2805.265,43.413,43.413,48.349,47.966,0.000,48.349,0.000,0.000,0.000,0.000,0.000,0.000
7632,2805.434,63.610,63.610,48.270,47.880,0.000,48.270,0.000,0.000,0.000,0.000,0.000,0.000
7633,2805.604,50.304,50.304,48.190,47.794,0.000,48.190,0.000,0.000,0.000,0.000,0.000,0.000
7634,2805.773,53.092,53.092,48.111,47.708,0.000,48.111,0.000,0.000,0.000,0.000,0.000,0.000
7635,2805.942,55.216,55.216,48.032,47.622,0.000,48.032,0.000,0.000,0.000,0.000,0.000,0.000
7636,2806.111,44.353,44.353,47.952,47.537,0.000,47.952,0.000,0.000,0.000,0.000,0.000,0.000
7637,2806.279,55.214,55.214,47.873,47.451,0.000,47.873,0.000,0.000,0.000,0.000,0.000,0.000
7638,2806.448,54.967,54.967,47.794,47.365,0.000,47.794,0.000,0.000,0.000,0.000,0.000,0.000
7639,2806.616,53.120,53.120,47.715,47.279,0.000,47.715,0.000,0.000,0.000,0.000,0.000,0.000
7640,2806.784,51.613,51.613,47.637,47.193,0.000,47.637,0.000,0.000,0.000,0.000,0.000,0.000
7641,2806.952,64.558,64.558,47.558,47.108,0.000,47.558,0.000,0.000,0.000,0.000,0.000,0.000
7642,2807.120,52.100,52.100,47.479,47.022,0.000,47.479,0.000,0.000,0.000,0.000,0.000,0.000
7643,2807.287,43.101,43.101,47.401,46.936,0.000,47.401,0.000,0.000,0.000,0.000,0.000,0.000
7644,2807.454,38.477,38.477,47.322,46.850,0.000,47.322,0.000,0.000,0.000,0.000,0.000,0.000
7645,2807.621,58.487,58.487,47.244,46.764,0.000,47.244,0.000,0.000,0.000,0.000,0.000,0.000
7646,2807.788,47.060,47.060,47.166,46.678,0.000,47.166,0.000,0.000,0.000,0.000,0.000,0.000
7647,2807.955,57.977,57.977,47.088,46.593,0.000,47.088,0.000,0.000,0.000,0.000,0.000,0.000
7648,2808.122,43.421,43.421,47.010,46.507,0.000,47.010,0.000,0.000,0.000,0.000,0.000,0.000
7649,2808.288,56.617,56.617,46.932,46.421,0.000,46.932,0.000,0.000,0.000,0.000,0.000,0.000
7650,2808.454,61.687,61.687,46.854,46.335,0.000,46.854,0.000,0.000,0.000,0.000,0.000,0.000
7651,2808.620,51.745,51.745,46.777,46.249,0.000,46.777,0.000,0.000,0.000,0.000,0.000,0.000
7652,2808.786,54.746,54.746,46.699,46.164,0.000,46.699,0.000,0.000,0.000,0.000,0.000,0.000
7653,2808.952,53.746,53.746,46.622,46.078,0.000,46.622,0.000,0.000,0.000,0.000,0.000,0.000
7654,2809.117,49.599,49.599,46.545,45.992,0.000,46.545,0.000,0.000,0.000,0.000,0.000,0.000
7655,2809.282,59.113,59.113,46.468,45.906,0.000,46.468,0.000,0.000,0.000,0.000,0.000,0.000
7656,2809.447,61.131,61.131,46.390,45.820,0.000,46.390,0.000,0.000,0.000,0.000,0.000,0.000
7657,2809.612,45.368,45.368,46.314,45.735,0.000,46.314,0.000,0.000,0.000,0.000,0.000,0.000
7658,2809.777,53.368,53.368,46.237,45.649,0.000,46.237,0.000,0.000,0.000,0.000,0.000,0.000
7659,2809.941,43.916,43.916,46.160,45.563,0.000,46.160,0.000,0.000,0.000,0.000,0.000,0.000
7660,2810.106,52.866,52.866,46.084,45.477,0.000,46.084,0.000,0.000,0.000,0.000,0.000,0.000
7661,2810.270,67.595,67.595,46.007,45.391,0.000,46.007,0.000,0.000,0.000,0.000,0.000,0.000
7662,2810.434,65.874,65.874,45.931,45.306,0.000,45.931,0.000,0.000,0.000,0.000,0.000,0.000
7663,2810.597,60.670,60.670,45.855,45.220,0.000,45.855,0.000,0.000,0.000,0.000,0.000,0.000
7664,2810.761,60.498,60.498,45.779,45.134,0.000,45.779,0.000,0.000,0.000,0.000,0.000,0.000
7665,2810.924,52.275,52.275,45.703,45.048,0.000,45.703,0.000,0.000,0.000,0.000,0.000,0.000
7666,2811.087,52.874,52.874,45.627,44.962,0.000,45.627,0.000,0.000,0.000,0.000,0.000,0.000
7667,2811.250,47.937,47.937,45.552,44.877,0.000,45.552,0.000,0.000,0.000,0.000,0.000,0.000
7668,2811.413,44.251,44.251,45.476,44.791,0.000,45.476,0.000,0.000,0.000,0.000,0.000,0.000
7669,2811.576,55.252,55.252,45.401,44.705,0.000,45.401,0.000,0.000,0.000,0.000,0.000,0.000
7670,2811.738,56.253,56.253,45.326,44.619,0.000,45.326,0.000,0.000,0.000,0.000,0.000,0.000
7671,2811.900,43.253,43.253,45.251,44.533,0.000,45.251,0.000,0.000,0.000,0.000,0.000,0.000
7672,2812.062,59.064,59.064,45.176,44.448,0.000,45.176,0.000,0.000,0.000,0.000,0.000,0.000
7673,2812.224,55.007,55.007,45.101,44.362,0.000,45.101,0.000,0.000,0.000,0.000,0.000,0.000
7674,2812.386,44.423,44.423,45.026,44.276,0.000,45.026,0.000,0.000,0.000,0.000,0.000,0.000
7675,2812.547,54.752,54.752,44.952,44.190,0.000,44.952,0.000,0.000,0.000,0.000,0.000,0.000
7676,2812.709,62.710,62.710,44.878,44.104,0.000,44.878,0.000,0.000,0.000,0.000,0.000,0.000
7677,2812.870,42.629,42.629,44.803,44.019,0.000,44.803,0.000,0.000,0.000,0.000,0.000,0.000
7678,2813.030,64.553,64.553,44.729,43.933,0.000,44.729,0.000,0.000,0.000,0.000,0.000,0.000
7679,2813.191,48.014,48.014,44.656,43.847,0.000,44.656,0.000,0.000,0.000,0.000,0.000,0.000
7680,2813.352,66.015,66.015,44.582,43.761,0.000,44.582,0.000,0.000,0.000,0.000,0.000,0.000
7681,2813.512,50.795,50.795,44.508,43.675,0.000,44.508,0.000,0.000,0.000,0.000,0.000,0.000
7682,2813.672,58.772,58.772,44.435,43.589,0.000,44.435,0.000,0.000,0.000,0.000,0.000,0.000
7683,2813.832,62.018,62.018,44.362,43.504,0.000,44.362,0.000,0.000,0.000,0.000,0.000,0.000
7684,2813.992,52.142,52.142,44.289,43.418,0.000,44.289,0.000,0.000,0.000,0.000,0.000,0.000
7685,2814.151,61.248,61.248,44.216,43.332,0.000,44.216,0.000,0.000,0.000,0.000,0.000,0.000
7686,2814.310,46.389,46.389,44.143,43.246,0.000,44.143,0.000,0.000,0.000,0.000,0.000,0.000
7687,2814.470,57.412,57.412,44.071,43.160,0.000,44.071,0.000,0.000,0.000,0.000,0.000,0.000
7688,2814.629,51.512,51.512,43.998,43.075,0.000,43.998,0.000,0.000,0.000,0.000,0.000,0.000
7689,2814.787,51.513,51.513,43.926,42.989,0.000,43.926,0.000,0.000,0.000,0.000,0.000,0.000
7690,2814.946,53.855,53.855,43.854,42.903,0.000,43.854,0.000,0.000,0.000,0.000,0.000,0.000
7691,2815.104,57.878,57.878,43.782,42.817,0.000,43.782,0.000,0.000,0.000,0.000,0.000,0.000
7692,2815.262,46.384,46.384,43.710,42.731,0.000,43.710,0.000,0.000,0.000,0.000,0.000,0.000
7693,2815.420,54.152,54.152,43.639,42.646,0.000,43.639,0.000,0.000,0.000,0.000,0.000,0.000
7694,2815.578,47.153,47.153,43.567,42.560,0.000,43.567,0.000,0.000,0.000,0.000,0.000,0.000
7695,2815.736,52.154,52.154,43.496,42.474,0.000,43.496,0.000,0.000,0.000,0.000,0.000,0.000
7696,2815.893,43.209,43.209,43.425,42.388,0.000,43.425,0.000,0.000,0.000,0.000,0.000,0.000
7697,2816.051,57.517,57.517,43.355,42.302,0.000,43.355,0.000,0.000,0.000,0.000,0.000,0.000
7698,2816.208,59.518,59.518,43.284,42.217,0.000,43.284,0.000,0.000,0.000,0.000,0.000,0.000
7699,2816.364,58.308,58.308,43.214,42.131,0.000,43.214,0.000,0.000,0.000,0.000,0.000,0.000
7700,2816.521,41.279,41.279,43.143,42.045,0.000,43.143,0.000,0.000,0.000,0.000,0.000,0.000
7701,2816.677,64.351,64.351,43.073,41.959,0.000,43.073,0.000,0.000,0.000,0.000,0.000,0.000
7702,2816.834,59.401,59.401,43.003,41.873,0.000,43.003,0.000,0.000,0.000,0.000,0.000,0.000
7703,2816.990,65.364,65.364,42.934,41.788,0.000,42.934,0.000,0.000,0.000,0.000,0.000,0.000
7704,2817.146,48.282,48.282,42.864,41.702,0.000,42.864,0.000,0.000,0.000,0.000,0.000,0.000
7705,2817.301,50.280,50.280,42.795,41.616,0.000,42.795,0.000,0.000,0.000,0.000,0.000,0.000
7706,2817.457,49.046,49.046,42.726,41.530,0.000,42.726,0.000,0.000,0.000,0.000,0.000,0.000
7707,2817.612,54.047,54.047,42.657,41.444,0.000,42.657,0.000,0.000,0.000,0.000,0.000,0.000
7708,2817.767,56.473,56.473,42.589,41.359,0.000,42.589,0.000,0.000,0.000,0.000,0.000,0.000
7709,2817.922,55.643,55.643,42.520,41.273,0.000,42.520,0.000,0.000,0.000,0.000,0.000,0.000
7710,2818.077,56.547,56.547,42.452,41.187,0.000,42.452,0.000,0.000,0.000,0.000,0.000,0.000
7711,2818.231,46.407,46.407,42.384,41.101,0.000,42.384,0.000,0.000,0.000,0.000,0.000,0.000
7712,2818.386,57.419,57.419,42.316,41.015,0.000,42.316,0.000,0.000,0.000,0.000,0.000,0.000
7713,2818.540,55.527,55.527,42.249,40.929,0.000,42.249,0.000,0.000,0.000,0.000,0.000,0.000
7714,2818.694,48.528,48.528,42.181,40.844,0.000,42.181,0.000,0.000,0.000,0.000,0.000,0.000
7715,2818.847,50.437,50.437,42.114,40.758,0.000,42.114,0.000,0.000,0.000,0.000,0.000,0.000
7716,2819.001,53.411,53.411,42.047,40.672,0.000,42.047,0.000,0.000,0.000,0.000,0.000,0.000
7717,2819.154,57.517,57.517,41.981,40.586,0.000,41.981,0.000,0.000,0.000,0.000,0.000,0.000
7718,2819.308,56.647,56.647,41.914,40.500,0.000,41.914,0.000,0.000,0.000,0.000,0.000,0.000
7719,2819.460,59.581,59.581,41.848,40.415,0.000,41.848,0.000,0.000,0.000,0.000,0.000,0.000
7720,2819.613,66.062,66.062,41.782,40.329,0.000,41.782,0.000,0.000,0.000,0.000,0.000,0.000
7721,2819.766,67.063,67.063,41.716,40.243,0.000,41.716,0.000,0.000,0.000,0.000,0.000,0.000
7722,2819.918,44.607,44.607,41.651,40.157,0.000,41.651,0.000,0.000,0.000,0.000,0.000,0.000
7723,2820.070,60.766,60.766,41.585,40.071,0.000,41.585,0.000,0.000,0.000,0.000,0.000,0.000
7724,2820.222,53.469,53.469,41.520,39.986,0.000,41.520,0.000,0.000,0.000,0.000,0.000,0.000
7725,2820.374,47.068,47.068,41.455,39.900,0.000,41.455,0.000,0.000,0.000,0.000,0.000,0.000
7726,2820.526,48.086,48.086,41.391,39.814,0.000,41.391,0.000,0.000,0.000,0.000,0.000,0.000
7727,2820.677,59.303,59.303,41.326,39.728,0.000,41.326,0.000,0.000,0.000,0.000,0.000,0.000
7728,2820.828,65.304,65.304,41.262,39.642,0.000,41.262,0.000,0.000,0.000,0.000,0.000,0.000
7729,2820.979,48.976,48.976,41.198,39.557,0.000,41.198,0.000,0.000,0.000,0.000,0.000,0.000
7730,2821.130,44.843,44.843,41.135,39.471,0.000,41.135,0.000,0.000,0.000,0.000,0.000,0.000
7731,2821.281,39.805,39.805,41.072,39.385,0.000,41.072,0.000,0.000,0.000,0.000,0.000,0.000
7732,2821.431,45.730,45.730,41.008,39.299,0.000,41.008,0.000,0.000,0.000,0.000,0.000,0.000
7733,2821.581,55.732,55.732,40.946,39.213,0.000,40.946,0.000,0.000,0.000,0.000,0.000,0.000
7734,2821.731,54.399,54.399,40.883,39.128,0.000,40.883,0.000,0.000,0.000,0.000,0.000,0.000
7735,2821.881,53.425,53.425,40.821,39.042,0.000,40.821,0.000,0.000,0.000,0.000,0.000,0.000
7736,2822.031,30.626,30.626,40.759,38.956,0.000,40.759,0.000,0.000,0.000,0.000,0.000,0.000
7737,2822.180,42.771,42.771,40.697,38.870,0.000,40.697,0.000,0.000,0.000,0.000,0.000,0.000
7738,2822.330,56.771,56.771,40.635,38.784,0.000,40.635,0.000,0.000,0.000,0.000,0.000,0.000
7739,2822.479,60.771,60.771,40.574,38.699,0.000,40.574,0.000,0.000,0.000,0.000,0.000,0.000
7740,2822.628,51.772,51.772,40.513,38.613,0.000,40.513,0.000,0.000,0.000,0.000,0.000,0.000
7741,2822.776,41.411,41.411,40.452,38.527,0.000,40.452,0.000,0.000,0.000,0.000,0.000,0.000
7742,2822.925,50.316,50.316,40.392,38.441,0.000,40.392,0.000,0.000,0.000,0.000,0.000,0.000
7743,2823.073,47.274,47.274,40.332,38.355,0.000,40.332,0.000,0.000,0.000,0.000,0.000,0.000
7744,2823.221,56.205,56.205,40.272,38.269,0.000,40.272,0.000,0.000,0.000,0.000,0.000,0.000
7745,2823.369,56.206,56.206,40.212,38.184,0.000,40.212,0.000,0.000,0.000,0.000,0.000,0.000
7746,2823.517,53.427,53.427,40.153,38.098,0.000,40.153,0.000,0.000,0.000,0.000,0.000,0.000
7747,2823.664,55.434,55.434,40.094,38.012,0.000,40.094,0.000,0.000,0.000,0.000,0.000,0.000
7748,2823.811,49.187,49.187,40.035,37.926,0.000,40.035,0.000,0.000,0.000,0.000,0.000,0.000
7749,2823.958,42.984,42.984,39.976,37.840,0.000,39.976,0.000,0.000,0.000,0.000,0.000,0.000
7750,2824.105,35.026,35.026,39.918,37.755,0.000,39.918,0.000,0.000,0.000,0.000,0.000,0.000
7751,2824.252,52.325,52.325,39.860,37.669,0.000,39.860,0.000,0.000,0.000,0.000,0.000,0.000
7752,2824.398,52.325,52.325,39.803,37.583,0.000,39.803,0.000,0.000,0.000,0.000,0.000,0.000
7753,2824.545,45.250,45.250,39.745,37.497,0.000,39.745,0.000,0.000,0.000,0.000,0.000,0.000
7754,2824.691,55.215,55.215,39.688,37.411,0.000,39.688,0.000,0.000,0.000,0.000,0.000,0.000
7755,2824.837,41.243,41.243,39.632,37.326,0.000,39.632,0.000,0.000,0.000,0.000,0.000,0.000
7756,2824.982,59.329,59.329,39.575,37.240,0.000,39.575,0.000,0.000,0.000,0.000,0.000,0.000
7757,2825.128,55.330,55.330,39.519,37.154,0.000,39.519,0.000,0.000,0.000,0.000,0.000,0.000
7758,2825.273,57.331,57.331,39.464,37.068,0.000,39.464,0.000,0.000,0.000,0.000,0.000,0.000
7759,2825.418,42.332,42.332,39.408,36.982,0.000,39.408,0.000,0.000,0.000,0.000,0.000,0.000
7760,2825.563,52.440,52.440,39.353,36.897,0.000,39.353,0.000,0.000,0.000,0.000,0.000,0.000
7761,2825.708,53.667,53.667,39.298,36.811,0.000,39.298,0.000,0.000,0.000,0.000,0.000,0.000
7762,2825.852,57.667,57.667,39.244,36.725,0.000,39.244,0.000,0.000,0.000,0.000,0.000,0.000
7763,2825.997,46.479,46.479,39.189,36.639,0.000,39.189,0.000,0.000,0.000,0.000,0.000,0.000
7764,2826.141,43.447,43.447,39.135,36.553,0.000,39.135,0.000,0.000,0.000,0.000,0.000,0.000
7765,2826.285,49.489,49.489,39.082,36.468,0.000,39.082,0.000,0.000,0.000,0.000,0.000,0.000
7766,2826.428,50.559,50.559,39.029,36.382,0.000,39.029,0.000,0.000,0.000,0.000,0.000,0.000
7767,2826.572,62.559,62.559,38.976,36.296,0.000,38.976,0.000,0.000,0.000,0.000,0.000,0.000
7768,2826.715,39.365,39.365,38.923,36.210,0.000,38.923,0.000,0.000,0.000,0.000,0.000,0.000
7769,2826.858,34.341,34.341,38.871,36.124,0.000,38.871,0.000,0.000,0.000,0.000,0.000,0.000
7770,2827.001,41.555,41.555,38.819,36.039,0.000,38.819,0.000,0.000,0.000,0.000,0.000,0.000
7771,2827.144,51.890,51.890,38.768,35.953,0.000,38.768,0.000,0.000,0.000,0.000,0.000,0.000
7772,2827.287,49.891,49.891,38.716,35.867,0.000,38.716,0.000,0.000,0.000,0.000,0.000,0.000
7773,2827.429,46.407,46.407,38.665,35.781,0.000,38.665,0.000,0.000,0.000,0.000,0.000,0.000
7774,2827.571,52.345,52.345,38.615,35.695,0.000,38.615,0.000,0.000,0.000,0.000,0.000,0.000
7775,2827.713,47.306,47.306,38.565,35.610,0.000,38.565,0.000,0.000,0.000,0.000,0.000,0.000
7776,2827.855,45.239,45.239,38.515,35.524,0.000,38.515,0.000,0.000,0.000,0.000,0.000,0.000
7777,2827.996,51.240,51.240,38.465,35.438,0.000,38.465,0.000,0.000,0.000,0.000,0.000,0.000
7778,2828.138,45.148,45.148,38.416,35.352,0.000,38.416,0.000,0.000,0.000,0.000,0.000,0.000
7779,2828.279,43.133,43.133,38.367,35.266,0.000,38.367,0.000,0.000,0.000,0.000,0.000,0.000
7780,2828.420,43.169,43.169,38.319,35.180,0.000,38.319,0.000,0.000,0.000,0.000,0.000,0.000
7781,2828.560,45.244,45.244,38.271,35.095,0.000,38.271,0.000,0.000,0.000,0.000,0.000,0.000
7782,2828.701,43.245,43.245,38.223,35.009,0.000,38.223,0.000,0.000,0.000,0.000,0.000,0.000
7783,2828.841,60.414,60.414,38.176,34.923,0.000,38.176,0.000,0.000,0.000,0.000,0.000,0.000
7784,2828.981,46.462,46.462,38.129,34.837,0.000,38.129,0.000,0.000,0.000,0.000,0.000,0.000
7785,2829.121,39.513,39.513,38.082,34.751,0.000,38.082,0.000,0.000,0.000,0.000,0.000,0.000
7786,2829.261,51.678,51.678,38.036,34.666,0.000,38.036,0.000,0.000,0.000,0.000,0.000,0.000
7787,2829.400,49.679,49.679,37.990,34.580,0.000,37.990,0.000,0.000,0.000,0.000,0.000,0.000
7788,2829.540,47.463,47.463,37.944,34.494,0.000,37.944,0.000,0.000,0.000,0.000,0.000,0.000
7789,2829.679,57.359,57.359,37.899,34.408,0.000,37.899,0.000,0.000,0.000,0.000,0.000,0.000
7790,2829.818,50.371,50.371,37.855,34.322,0.000,37.855,0.000,0.000,0.000,0.000,0.000,0.000
7791,2829.956,48.468,48.468,37.810,34.237,0.000,37.810,0.000,0.000,0.000,0.000,0.000,0.000
7792,2830.095,45.468,45.468,37.766,34.151,0.000,37.766,0.000,0.000,0.000,0.000,0.000,0.000
7793,2830.233,52.301,52.301,37.723,34.065,0.000,37.723,0.000,0.000,0.000,0.000,0.000,0.000
7794,2830.371,49.152,49.152,37.679,33.979,0.000,37.679,0.000,0.000,0.000,0.000,0.000,0.000
7795,2830.509,39.153,39.153,37.636,33.893,0.000,37.636,0.000,0.000,0.000,0.000,0.000,0.000
7796,2830.647,35.452,35.452,37.594,33.808,0.000,37.594,0.000,0.000,0.000,0.000,0.000,0.000
7797,2830.785,51.472,51.472,37.552,33.722,0.000,37.552,0.000,0.000,0.000,0.000,0.000,0.000
7798,2830.922,41.545,41.545,37.510,33.636,0.000,37.510,0.000,0.000,0.000,0.000,0.000,0.000
7799,2831.059,50.684,50.684,37.469,33.550,0.000,37.469,0.000,0.000,0.000,0.000,0.000,0.000
7800,2831.196,44.685,44.685,37.428,33.464,0.000,37.428,0.000,0.000,0.000,0.000,0.000,0.000
7801,2831.333,42.299,42.299,37.388,33.379,0.000,37.388,0.000,0.000,0.000,0.000,0.000,0.000
7802,2831.469,50.162,50.162,37.348,33.293,0.000,37.348,0.000,0.000,0.000,0.000,0.000,0.000
7803,2831.605,39.188,39.188,37.308,33.207,0.000,37.308,0.000,0.000,0.000,0.000,0.000,0.000
7804,2831.741,48.373,48.373,37.269,33.121,0.000,37.269,0.000,0.000,0.000,0.000,0.000,0.000
7805,2831.877,42.374,42.374,37.230,33.035,0.000,37.230,0.000,0.000,0.000,0.000,0.000,0.000
7806,2832.013,45.580,45.580,37.191,32.950,0.000,37.191,0.000,0.000,0.000,0.000,0.000,0.000
7807,2832.149,35.792,35.792,37.153,32.864,0.000,37.153,0.000,0.000,0.000,0.000,0.000,0.000
7808,2832.284,51.792,51.792,37.116,32.778,0.000,37.116,0.000,0.000,0.000,0.000,0.000,0.000
7809,2832.419,46.615,46.615,37.078,32.692,0.000,37.078,0.000,0.000,0.000,0.000,0.000,0.000
7810,2832.554,48.586,48.586,37.041,32.606,0.000,37.041,0.000,0.000,0.000,0.000,0.000,0.000
7811,2832.688,38.586,38.586,37.005,32.520,0.000,37.005,0.000,0.000,0.000,0.000,0.000,0.000
7812,2832.823,50.587,50.587,36.969,32.435,0.000,36.969,0.000,0.000,0.000,0.000,0.000,0.000
7813,2832.957,45.588,45.588,36.934,32.349,0.000,36.934,0.000,0.000,0.000,0.000,0.000,0.000
7814,2833.091,36.588,36.588,36.898,32.263,0.000,36.898,0.000,0.000,0.000,0.000,0.000,0.000
7815,2833.225,52.589,52.589,36.864,32.177,0.000,36.864,0.000,0.000,0.000,0.000,0.000,0.000
7816,2833.359,48.590,48.590,36.829,32.091,0.000,36.829,0.000,0.000,0.000,0.000,0.000,0.000
7817,2833.492,47.680,47.680,36.796,32.006,0.000,36.796,0.000,0.000,0.000,0.000,0.000,0.000
7818,2833.625,36.693,36.693,36.762,31.920,0.000,36.762,0.000,0.000,0.000,0.000,0.000,0.000
7819,2833.759,43.653,43.653,36.729,31.834,0.000,36.729,0.000,0.000,0.000,0.000,0.000,0.000
7820,2833.891,39.490,39.490,36.696,31.748,0.000,36.696,0.000,0.000,0.000,0.000,0.000,0.000
7821,2834.024,40.491,40.491,36.664,31.662,0.000,36.664,0.000,0.000,0.000,0.000,0.000,0.000
7822,2834.156,45.492,45.492,36.633,31.577,0.000,36.633,0.000,0.000,0.000,0.000,0.000,0.000
7823,2834.289,52.492,52.492,36.601,31.491,0.000,36.601,0.000,0.000,0.000,0.000,0.000,0.000
7824,2834.421,54.493,54.493,36.571,31.405,0.000,36.571,0.000,0.000,0.000,0.000,0.000,0.000
7825,2834.553,46.576,46.576,36.540,31.319,0.000,36.540,0.000,0.000,0.000,0.000,0.000,0.000
7826,2834.684,47.596,47.596,36.510,31.233,0.000,36.510,0.000,0.000,0.000,0.000,0.000,0.000
7827,2834.816,52.559,52.559,36.481,31.148,0.000,36.481,0.000,0.000,0.000,0.000,0.000,0.000
7828,2834.947,48.194,48.194,36.452,31.062,0.000,36.452,0.000,0.000,0.000,0.000,0.000,0.000
7829,2835.078,43.195,43.195,36.423,30.976,0.000,36.423,0.000,0.000,0.000,0.000,0.000,0.000
7830,2835.209,41.382,41.382,36.395,30.890,0.000,36.395,0.000,0.000,0.000,0.000,0.000,0.000
7831,2835.339,52.699,52.699,36.367,30.804,0.000,36.367,0.000,0.000,0.000,0.000,0.000,0.000
7832,2835.470,42.700,42.700,36.340,30.719,0.000,36.340,0.000,0.000,0.000,0.000,0.000,0.000
7833,2835.600,30.511,30.511,36.313,30.633,0.000,36.313,0.000,0.000,0.000,0.000,0.000,0.000
7834,2835.730,42.401,42.401,36.287,30.547,0.000,36.287,0.000,0.000,0.000,0.000,0.000,0.000
7835,2835.860,47.402,47.402,36.261,30.461,0.000,36.261,0.000,0.000,0.000,0.000,0.000,0.000
7836,2835.989,38.315,38.315,36.235,30.375,0.000,36.235,0.000,0.000,0.000,0.000,0.000,0.000
7837,2836.119,34.305,34.305,36.210,30.290,0.000,36.210,0.000,0.000,0.000,0.000,0.000,0.000
7838,2836.248,47.306,47.306,36.186,30.204,0.000,36.186,0.000,0.000,0.000,0.000,0.000,0.000
7839,2836.377,33.307,33.307,36.162,30.118,0.000,36.162,0.000,0.000,0.000,0.000,0.000,0.000
7840,2836.505,37.308,37.308,36.138,30.032,0.000,36.138,0.000,0.000,0.000,0.000,0.000,0.000
7841,2836.634,37.344,37.344,36.115,29.946,0.000,36.115,0.000,0.000,0.000,0.000,0.000,0.000
7842,2836.762,55.409,55.409,36.092,29.861,0.000,36.092,0.000,0.000,0.000,0.000,0.000,0.000
7843,2836.890,47.410,47.410,36.070,29.775,0.000,36.070,0.000,0.000,0.000,0.000,0.000,0.000
7844,2837.018,36.411,36.411,36.048,29.689,0.000,36.048,0.000,0.000,0.000,0.000,0.000,0.000
7845,2837.146,47.412,47.412,36.027,29.603,0.000,36.027,0.000,0.000,0.000,0.000,0.000,0.000
7846,2837.274,44.413,44.413,36.006,29.517,0.000,36.006,0.000,0.000,0.000,0.000,0.000,0.000
7847,2837.401,42.413,42.413,35.986,29.431,0.000,35.986,0.000,0.000,0.000,0.000,0.000,0.000
7848,2837.528,42.414,42.414,35.966,29.346,0.000,35.966,0.000,0.000,0.000,0.000,0.000,0.000
7849,2837.655,43.415,43.415,35.946,29.260,0.000,35.946,0.000,0.000,0.000,0.000,0.000,0.000
7850,2837.782,42.510,42.510,35.927,29.174,0.000,35.927,0.000,0.000,0.000,0.000,0.000,0.000
7851,2837.908,49.514,49.514,35.909,29.088,0.000,35.909,0.000,0.000,0.000,0.000,0.000,0.000
7852,2838.034,47.542,47.542,35.891,29.002,0.000,35.891,0.000,0.000,0.000,0.000,0.000,0.000
7853,2838.160,30.710,30.710,35.873,28.917,0.000,35.873,0.000,0.000,0.000,0.000,0.000,0.000
7854,2838.286,54.710,54.710,35.856,28.831,0.000,35.856,0.000,0.000,0.000,0.000,0.000,0.000
7855,2838.412,40.682,40.682,35.840,28.745,0.000,35.840,0.000,0.000,0.000,0.000,0.000,0.000
7856,2838.537,57.615,57.615,35.823,28.659,0.000,35.823,0.000,0.000,0.000,0.000,0.000,0.000
7857,2838.663,44.615,44.615,35.808,28.573,0.000,35.808,0.000,0.000,0.000,0.000,0.000,0.000
7858,2838.788,53.269,53.269,35.793,28.488,0.000,35.793,0.000,0.000,0.000,0.000,0.000,0.000
7859,2838.913,41.850,41.850,35.778,28.402,0.000,35.778,0.000,0.000,0.000,0.000,0.000,0.000
7860,2839.037,37.852,37.852,35.764,28.316,0.000,35.764,0.000,0.000,0.000,0.000,0.000,0.000
7861,2839.162,40.191,40.191,35.750,28.230,0.000,35.750,0.000,0.000,0.000,0.000,0.000,0.000
7862,2839.286,40.428,40.428,35.736,28.144,0.000,35.736,0.000,0.000,0.000,0.000,0.000,0.000
7863,2839.410,44.429,44.429,35.724,28.059,0.000,35.724,0.000,0.000,0.000,0.000,0.000,0.000
7864,2839.534,40.294,40.294,35.711,27.973,0.000,35.711,0.000,0.000,0.000,0.000,0.000,0.000
7865,2839.657,42.241,42.241,35.699,27.887,0.000,35.699,0.000,0.000,0.000,0.000,0.000,0.000
7866,2839.781,49.242,49.242,35.688,27.801,0.000,35.688,0.000,0.000,0.000,0.000,0.000,0.000
7867,2839.904,42.477,42.477,35.677,27.715,0.000,35.677,0.000,0.000,0.000,0.000,0.000,0.000
7868,2840.027,38.528,38.528,35.667,27.630,0.000,35.667,0.000,0.000,0.000,0.000,0.000,0.000
7869,2840.149,38.529,38.529,35.657,27.544,0.000,35.657,0.000,0.000,0.000,0.000,0.000,0.000
7870,2840.272,48.184,48.184,35.647,27.458,0.000,35.647,0.000,0.000,0.000,0.000,0.000,0.000
7871,2840.394,31.154,31.154,35.638,27.372,0.000,35.638,0.000,0.000,0.000,0.000,0.000,0.000
7872,2840.516,41.156,41.156,35.630,27.286,0.000,35.630,0.000,0.000,0.000,0.000,0.000,0.000
7873,2840.638,41.812,41.812,35.622,27.201,0.000,35.622,0.000,0.000,0.000,0.000,0.000,0.000
7874,2840.760,37.813,37.813,35.614,27.115,0.000,35.614,0.000,0.000,0.000,0.000,0.000,0.000
7875,2840.882,41.813,41.813,35.607,27.029,0.000,35.607,0.000,0.000,0.000,0.000,0.000,0.000
7876,2841.003,46.814,46.814,35.601,26.943,0.000,35.601,0.000,0.000,0.000,0.000,0.000,0.000
7877,2841.124,37.814,37.814,35.594,26.857,0.000,35.594,0.000,0.000,0.000,0.000,0.000,0.000
7878,2841.245,48.771,48.771,35.589,26.771,0.000,35.589,0.000,0.000,0.000,0.000,0.000,0.000
7879,2841.366,57.444,57.444,35.584,26.686,0.000,35.584,0.000,0.000,0.000,0.000,0.000,0.000
7880,2841.486,55.445,55.445,35.579,26.600,0.000,35.579,0.000,0.000,0.000,0.000,0.000,0.000
7881,2841.606,43.432,43.432,35.575,26.514,0.000,35.575,0.000,0.000,0.000,0.000,0.000,0.000
7882,2841.726,39.355,39.355,35.571,26.428,0.000,35.571,0.000,0.000,0.000,0.000,0.000,0.000
7883,2841.846,43.356,43.356,35.568,26.342,0.000,35.568,0.000,0.000,0.000,0.000,0.000,0.000
7884,2841.966,47.438,47.438,35.565,26.257,0.000,35.565,0.000,0.000,0.000,0.000,0.000,0.000
7885,2842.085,32.817,32.817,35.563,26.171,0.000,35.563,0.000,0.000,0.000,0.000,0.000,0.000
7886,2842.204,40.817,40.817,35.561,26.085,0.000,35.561,0.000,0.000,0.000,0.000,0.000,0.000
7887,2842.323,32.718,32.718,35.559,25.999,0.000,35.559,0.000,0.000,0.000,0.000,0.000,0.000
7888,2842.442,44.270,44.270,35.558,25.913,0.000,35.558,0.000,0.000,0.000,0.000,0.000,0.000
7889,2842.561,38.272,38.272,35.558,25.828,0.000,35.558,0.000,0.000,0.000,0.000,0.000,0.000
7890,2842.679,37.304,37.304,35.558,25.742,0.000,35.558,0.000,0.000,0.000,0.000,0.000,0.000
7891,2842.797,36.456,36.456,35.559,25.656,0.000,35.559,0.000,0.000,0.000,0.000,0.000,0.000
7892,2842.915,38.457,38.457,35.560,25.570,0.000,35.560,0.000,0.000,0.000,0.000,0.000,0.000
7893,2843.033,31.471,31.471,35.561,25.484,0.000,35.561,0.000,0.000,0.000,0.000,0.000,0.000
7894,2843.150,39.549,39.549,35.563,25.399,0.000,35.563,0.000,0.000,0.000,0.000,0.000,0.000
7895,2843.268,36.550,36.550,35.565,25.313,0.000,35.565,0.000,0.000,0.000,0.000,0.000,0.000
7896,2843.385,33.541,33.541,35.568,25.227,0.000,35.568,0.000,0.000,0.000,0.000,0.000,0.000
7897,2843.502,31.461,31.461,35.571,25.141,0.000,35.571,0.000,0.000,0.000,0.000,0.000,0.000
7898,2843.618,44.462,44.462,35.575,25.055,0.000,35.575,0.000,0.000,0.000,0.000,0.000,0.000
7899,2843.735,46.471,46.471,35.579,24.970,0.000,35.579,0.000,0.000,0.000,0.000,0.000,0.000
7900,2843.851,36.643,36.643,35.584,24.884,0.000,35.584,0.000,0.000,0.000,0.000,0.000,0.000
7901,2843.967,48.644,48.644,35.589,24.798,0.000,35.589,0.000,0.000,0.000,0.000,0.000,0.000
7902,2844.083,34.644,34.644,35.595,24.712,0.000,35.595,0.000,0.000,0.000,0.000,0.000,0.000
7903,2844.199,39.645,39.645,35.601,24.626,0.000,35.601,0.000,0.000,0.000,0.000,0.000,0.000
7904,2844.314,37.645,37.645,35.607,24.541,0.000,35.607,0.000,0.000,0.000,0.000,0.000,0.000
7905,2844.429,41.646,41.646,35.614,24.455,0.000,35.614,0.000,0.000,0.000,0.000,0.000,0.000
7906,2844.544,37.878,37.878,35.622,24.369,0.000,35.622,0.000,0.000,0.000,0.000,0.000,0.000
7907,2844.659,32.912,32.912,35.630,24.283,0.000,35.630,0.000,0.000,0.000,0.000,0.000,0.000
7908,2844.774,40.912,40.912,35.638,24.197,0.000,35.638,0.000,0.000,0.000,0.000,0.000,0.000
7909,2844.888,38.578,38.578,35.647,24.111,0.000,35.647,0.000,0.000,0.000,0.000,0.000,0.000
7910,2845.002,31.474,31.474,35.656,24.026,0.000,35.656,0.000,0.000,0.000,0.000,0.000,0.000
7911,2845.116,31.475,31.475,35.666,23.940,0.000,35.666,0.000,0.000,0.000,0.000,0.000,0.000
7912,2845.230,44.642,44.642,35.676,23.854,0.000,35.676,0.000,0.000,0.000,0.000,0.000,0.000
7913,2845.343,40.738,40.738,35.686,23.768,0.000,35.686,0.000,0.000,0.000,0.000,0.000,0.000
7914,2845.456,37.739,37.739,35.697,23.682,0.000,35.697,0.000,0.000,0.000,0.000,0.000,0.000
7915,2845.570,41.487,41.487,35.709,23.597,0.000,35.709,0.000,0.000,0.000,0.000,0.000,0.000
7916,2845.682,37.220,37.220,35.720,23.511,0.000,35.720,0.000,0.000,0.000,0.000,0.000,0.000
7917,2845.795,42.221,42.221,35.733,23.425,0.000,35.733,0.000,0.000,0.000,0.000,0.000,0.000
7918,2845.908,36.360,36.360,35.745,23.339,0.000,35.745,0.000,0.000,0.000,0.000,0.000,0.000
7919,2846.020,39.655,39.655,35.759,23.253,0.000,35.759,0.000,0.000,0.000,0.000,0.000,0.000
7920,2846.132,35.656,35.656,35.772,23.168,0.000,35.772,0.000,0.000,0.000,0.000,0.000,0.000
7921,2846.244,45.634,45.634,35.786,23.082,0.000,35.786,0.000,0.000,0.000,0.000,0.000,0.000
7922,2846.355,35.486,35.486,35.800,22.996,0.000,35.800,0.000,0.000,0.000,0.000,0.000,0.000
7923,2846.467,36.487,36.487,35.815,22.910,0.000,35.815,0.000,0.000,0.000,0.000,0.000,0.000
7924,2846.578,27.488,27.488,35.830,22.824,0.000,35.830,0.000,0.000,0.000,0.000,0.000,0.000
7925,2846.689,39.647,39.647,35.846,22.739,0.000,35.846,0.000,0.000,0.000,0.000,0.000,0.000
7926,2846.799,46.660,46.660,35.862,22.653,0.000,35.862,0.000,0.000,0.000,0.000,0.000,0.000
7927,2846.910,31.660,31.660,35.878,22.567,0.000,35.878,0.000,0.000,0.000,0.000,0.000,0.000
7928,2847.020,41.423,41.423,35.895,22.481,0.000,35.895,0.000,0.000,0.000,0.000,0.000,0.000
7929,2847.130,48.323,48.323,35.913,22.395,0.000,35.913,0.000,0.000,0.000,0.000,0.000,0.000
7930,2847.240,35.325,35.325,35.930,22.310,0.000,35.930,0.000,0.000,0.000,0.000,0.000,0.000
7931,2847.350,42.403,42.403,35.948,22.224,0.000,35.948,0.000,0.000,0.000,0.000,0.000,0.000
7932,2847.459,32.496,32.496,35.967,22.138,0.000,35.967,0.000,0.000,0.000,0.000,0.000,0.000
7933,2847.569,29.497,29.497,35.985,22.052,0.000,35.985,0.000,0.000,0.000,0.000,0.000,0.000
7934,2847.678,35.562,35.562,36.005,21.966,0.000,36.005,0.000,0.000,0.000,0.000,0.000,0.000
7935,2847.786,32.833,32.833,36.024,21.881,0.000,36.024,0.000,0.000,0.000,0.000,0.000,0.000
7936,2847.895,33.833,33.833,36.044,21.795,0.000,36.044,0.000,0.000,0.000,0.000,0.000,0.000
7937,2848.003,38.834,38.834,36.064,21.709,0.000,36.064,0.000,0.000,0.000,0.000,0.000,0.000
7938,2848.112,33.683,33.683,36.085,21.623,0.000,36.085,0.000,0.000,0.000,0.000,0.000,0.000
7939,2848.220,35.668,35.668,36.106,21.537,0.000,36.106,0.000,0.000,0.000,0.000,0.000,0.000
7940,2848.327,30.669,30.669,36.127,21.452,0.000,36.127,0.000,0.000,0.000,0.000,0.000,0.000
7941,2848.435,33.719,33.719,36.149,21.366,0.000,36.149,0.000,0.000,0.000,0.000,0.000,0.000
7942,2848.542,33.753,33.753,36.171,21.280,0.000,36.171,0.000,0.000,0.000,0.000,0.000,0.000
7943,2848.649,34.753,34.753,36.194,21.194,0.000,36.194,0.000,0.000,0.000,0.000,0.000,0.000
7944,2848.756,40.622,40.622,36.217,21.108,0.000,36.217,0.000,0.000,0.000,0.000,0.000,0.000
7945,2848.863,45.263,45.263,36.240,21.022,0.000,36.240,0.000,0.000,0.000,0.000,0.000,0.000
7946,2848.969,37.264,37.264,36.263,20.937,0.000,36.263,0.000,0.000,0.000,0.000,0.000,0.000
7947,2849.075,37.266,37.266,36.287,20.851,0.000,36.287,0.000,0.000,0.000,0.000,0.000,0.000
7948,2849.182,32.863,32.863,36.311,20.765,0.000,36.311,0.000,0.000,0.000,0.000,0.000,0.000
7949,2849.287,33.919,33.919,36.336,20.679,0.000,36.336,0.000,0.000,0.000,0.000,0.000,0.000
7950,2849.393,28.919,28.919,36.361,20.593,0.000,36.361,0.000,0.000,0.000,0.000,0.000,0.000
7951,2849.498,37.657,37.657,36.386,20.508,0.000,36.386,0.000,0.000,0.000,0.000,0.000,0.000
7952,2849.603,27.435,27.435,36.411,20.422,0.000,36.411,0.000,0.000,0.000,0.000,0.000,0.000
7953,2849.708,33.436,33.436,36.437,20.336,0.000,36.437,0.000,0.000,0.000,0.000,0.000,0.000
7954,2849.813,32.471,32.471,36.463,20.250,0.000,36.463,0.000,0.000,0.000,0.000,0.000,0.000
7955,2849.918,37.679,37.679,36.490,20.164,0.000,36.490,0.000,0.000,0.000,0.000,0.000,0.000
7956,2850.022,35.680,35.680,36.516,20.079,0.000,36.516,0.000,0.000,0.000,0.000,0.000,0.000
7957,2850.126,44.680,44.680,36.543,19.993,0.000,36.543,0.000,0.000,0.000,0.000,0.000,0.000
7958,2850.230,35.624,35.624,36.570,19.907,0.000,36.570,0.000,0.000,0.000,0.000,0.000,0.000
7959,2850.333,35.602,35.602,36.598,19.821,0.000,36.598,0.000,0.000,0.000,0.000,0.000,0.000
7960,2850.437,29.603,29.603,36.626,19.735,0.000,36.626,0.000,0.000,0.000,0.000,0.000,0.000
7961,2850.540,27.604,27.604,36.654,19.650,0.000,36.654,0.000,0.000,0.000,0.000,0.000,0.000
7962,2850.643,41.604,41.604,36.682,19.564,0.000,36.682,0.000,0.000,0.000,0.000,0.000,0.000
7963,2850.746,35.605,35.605,36.711,19.478,0.000,36.711,0.000,0.000,0.000,0.000,0.000,0.000
7964,2850.848,33.606,33.606,36.740,19.392,0.000,36.740,0.000,0.000,0.000,0.000,0.000,0.000
7965,2850.951,36.607,36.607,36.769,19.306,0.000,36.769,0.000,0.000,0.000,0.000,0.000,0.000
7966,2851.053,36.608,36.608,36.799,19.221,0.000,36.799,0.000,0.000,0.000,0.000,0.000,0.000
7967,2851.155,43.609,43.609,36.828,19.135,0.000,36.828,0.000,0.000,0.000,0.000,0.000,0.000
7968,2851.257,25.563,25.563,36.858,19.049,0.000,36.858,0.000,0.000,0.000,0.000,0.000,0.000
7969,2851.358,24.454,24.454,36.888,18.963,0.000,36.888,0.000,0.000,0.000,0.000,0.000,0.000
7970,2851.459,26.456,26.456,36.919,18.877,0.000,36.919,0.000,0.000,0.000,0.000,0.000,0.000
7971,2851.560,20.457,20.457,36.949,18.792,0.000,36.949,0.000,0.000,0.000,0.000,0.000,0.000
7972,2851.661,37.338,37.338,36.980,18.706,0.000,36.980,0.000,0.000,0.000,0.000,0.000,0.000
7973,2851.762,29.304,29.304,37.011,18.620,0.000,37.011,0.000,0.000,0.000,0.000,0.000,0.000
7974,2851.862,27.306,27.306,37.042,18.534,0.000,37.042,0.000,0.000,0.000,0.000,0.000,0.000
7975,2851.962,31.325,31.325,37.074,18.448,0.000,37.074,0.000,0.000,0.000,0.000,0.000,0.000
7976,2852.062,41.386,41.386,37.106,18.362,0.000,37.106,0.000,0.000,0.000,0.000,0.000,0.000
7977,2852.162,34.387,34.387,37.137,18.277,0.000,37.137,0.000,0.000,0.000,0.000,0.000,0.000
7978,2852.262,30.388,30.388,37.169,18.191,0.000,37.169,0.000,0.000,0.000,0.000,0.000,0.000
7979,2852.361,18.733,18.733,37.202,18.105,0.000,37.202,0.000,0.000,0.000,0.000,0.000,0.000
7980,2852.460,27.924,27.924,37.234,18.019,0.000,37.234,0.000,0.000,0.000,0.000,0.000,0.000
7981,2852.559,33.924,33.924,37.267,17.933,0.000,37.267,0.000,0.000,0.000,0.000,0.000,0.000
7982,2852.657,34.919,34.919,37.299,17.848,0.000,37.299,0.000,0.000,0.000,0.000,0.000,0.000
7983,2852.756,44.773,44.773,37.332,17.762,0.000,37.332,0.000,0.000,0.000,0.000,0.000,0.000
7984,2852.854,36.774,36.774,37.365,17.676,0.000,37.365,0.000,0.000,0.000,0.000,0.000,0.000
7985,2852.952,36.774,36.774,37.398,17.590,0.000,37.398,0.000,0.000,0.000,0.000,0.000,0.000
7986,2853.050,43.775,43.775,37.432,17.504,0.000,37.432,0.000,0.000,0.000,0.000,0.000,0.000
7987,2853.147,31.775,31.775,37.465,17.419,0.000,37.465,0.000,0.000,0.000,0.000,0.000,0.000
7988,2853.245,41.776,41.776,37.499,17.333,0.000,37.499,0.000,0.000,0.000,0.000,0.000,0.000
7989,2853.342,33.776,33.776,37.532,17.247,0.000,37.532,0.000,0.000,0.000,0.000,0.000,0.000
7990,2853.439,34.451,34.451,37.566,17.161,0.000,37.566,0.000,0.000,0.000,0.000,0.000,0.000
7991,2853.535,32.332,32.332,37.600,17.075,0.000,37.600,0.000,0.000,0.000,0.000,0.000,0.000
7992,2853.632,29.333,29.333,37.634,16.990,0.000,37.634,0.000,0.000,0.000,0.000,0.000,0.000
7993,2853.728,35.332,35.332,37.668,16.904,0.000,37.668,0.000,0.000,0.000,0.000,0.000,0.000
7994,2853.824,32.262,32.262,37.703,16.818,0.000,37.703,0.000,0.000,0.000,0.000,0.000,0.000
7995,2853.920,32.264,32.264,37.737,16.732,0.000,37.737,0.000,0.000,0.000,0.000,0.000,0.000
7996,2854.015,39.266,39.266,37.771,16.646,0.000,37.771,0.000,0.000,0.000,0.000,0.000,0.000
7997,2854.111,32.379,32.379,37.806,16.561,0.000,37.806,0.000,0.000,0.000,0.000,0.000,0.000
7998,2854.206,35.635,35.635,37.840,16.475,0.000,37.840,0.000,0.000,0.000,0.000,0.000,0.000
7999,2854.301,39.635,39.635,37.875,16.389,0.000,37.875,0.000,0.000,0.000,0.000,0.000,0.000
8000,2854.395,29.636,29.636,37.910,16.303,0.000,37.910,0.000,0.000,0.000,0.000,0.000,0.000
8001,2854.490,32.677,32.677,37.944,16.217,0.000,37.944,0.000,0.000,0.000,0.000,0.000,0.000
8002,2854.584,42.710,42.710,37.979,16.132,0.000,37.979,0.000,0.000,0.000,0.000,0.000,0.000
8003,2854.678,30.711,30.711,38.014,16.046,0.000,38.014,0.000,0.000,0.000,0.000,0.000,0.000
8004,2854.772,41.712,41.712,38.048,15.960,0.000,38.048,0.000,0.000,0.000,0.000,0.000,0.000
8005,2854.866,40.820,40.820,38.083,15.874,0.000,38.083,0.000,0.000,0.000,0.000,0.000,0.000
8006,2854.959,29.857,29.857,38.118,15.788,0.000,38.118,0.000,0.000,0.000,0.000,0.000,0.000
8007,2855.052,34.857,34.857,38.153,15.703,0.000,38.153,0.000,0.000,0.000,0.000,0.000,0.000
8008,2855.145,22.857,22.857,38.188,15.617,0.000,38.188,0.000,0.000,0.000,0.000,0.000,0.000
8009,2855.238,35.596,35.596,38.222,15.531,0.000,38.222,0.000,0.000,0.000,0.000,0.000,0.000
8010,2855.330,27.574,27.574,38.257,15.445,0.000,38.257,0.000,0.000,0.000,0.000,0.000,0.000
8011,2855.422,25.575,25.575,38.292,15.359,0.000,38.292,0.000,0.000,0.000,0.000,0.000,0.000
8012,2855.515,28.572,28.572,38.327,15.273,0.000,38.327,0.000,0.000,0.000,0.000,0.000,0.000
8013,2855.606,32.506,32.506,38.361,15.188,0.000,38.361,0.000,0.000,0.000,0.000,0.000,0.000
8014,2855.698,34.507,34.507,38.396,15.102,0.000,38.396,0.000,0.000,0.000,0.000,0.000,0.000
8015,2855.789,31.509,31.509,38.430,15.016,0.000,38.430,0.000,0.000,0.000,0.000,0.000,0.000
8016,2855.880,32.532,32.532,38.465,14.930,0.000,38.465,0.000,0.000,0.000,0.000,0.000,0.000
8017,2855.971,33.651,33.651,38.499,14.844,0.000,38.499,0.000,0.000,0.000,0.000,0.000,0.000
8018,2856.062,28.652,28.652,38.534,14.759,0.000,38.534,0.000,0.000,0.000,0.000,0.000,0.000
8019,2856.153,27.652,27.652,38.568,14.673,0.000,38.568,0.000,0.000,0.000,0.000,0.000,0.000
8020,2856.243,34.653,34.653,38.602,14.587,0.000,38.602,0.000,0.000,0.000,0.000,0.000,0.000
8021,2856.333,32.654,32.654,38.636,14.501,0.000,38.636,0.000,0.000,0.000,0.000,0.000,0.000
8022,2856.423,37.655,37.655,38.670,14.415,0.000,38.670,0.000,0.000,0.000,0.000,0.000,0.000
8023,2856.512,22.656,22.656,38.704,14.330,0.000,38.704,0.000,0.000,0.000,0.000,0.000,0.000
8024,2856.602,28.673,28.673,38.738,14.244,0.000,38.738,0.000,0.000,0.000,0.000,0.000,0.000
8025,2856.691,35.726,35.726,38.772,14.158,0.000,38.772,0.000,0.000,0.000,0.000,0.000,0.000
8026,2856.780,33.727,33.727,38.805,14.072,0.000,38.805,0.000,0.000,0.000,0.000,0.000,0.000
8027,2856.868,24.727,24.727,38.838,13.986,0.000,38.838,0.000,0.000,0.000,0.000,0.000,0.000
8028,2856.957,31.636,31.636,38.872,13.901,0.000,38.872,0.000,0.000,0.000,0.000,0.000,0.000
8029,2857.045,30.322,30.322,38.905,13.815,0.000,38.905,0.000,0.000,0.000,0.000,0.000,0.000
8030,2857.133,35.324,35.324,38.937,13.729,0.000,38.937,0.000,0.000,0.000,0.000,0.000,0.000
8031,2857.221,30.325,30.325,38.970,13.643,0.000,38.970,0.000,0.000,0.000,0.000,0.000,0.000
8032,2857.309,31.383,31.383,39.003,13.557,0.000,39.003,0.000,0.000,0.000,0.000,0.000,0.000
8033,2857.396,26.664,26.664,39.035,13.472,0.000,39.035,0.000,0.000,0.000,0.000,0.000,0.000
8034,2857.483,25.665,25.665,39.067,13.386,0.000,39.067,0.000,0.000,0.000,0.000,0.000,0.000
8035,2857.570,43.666,43.666,39.099,13.300,0.000,39.099,0.000,0.000,0.000,0.000,0.000,0.000
8036,2857.657,34.640,34.640,39.131,13.214,0.000,39.131,0.000,0.000,0.000,0.000,0.000,0.000
8037,2857.743,32.269,32.269,39.162,13.128,0.000,39.162,0.000,0.000,0.000,0.000,0.000,0.000
8038,2857.830,43.271,43.271,39.193,13.043,0.000,39.193,0.000,0.000,0.000,0.000,0.000,0.000
8039,2857.916,36.273,36.273,39.224,12.957,0.000,39.224,0.000,0.000,0.000,0.000,0.000,0.000
8040,2858.001,23.275,23.275,39.255,12.871,0.000,39.255,0.000,0.000,0.000,0.000,0.000,0.000
8041,2858.087,23.763,23.763,39.286,12.785,0.000,39.286,0.000,0.000,0.000,0.000,0.000,0.000
8042,2858.172,25.803,25.803,39.316,12.699,0.000,39.316,0.000,0.000,0.000,0.000,0.000,0.000
8043,2858.257,21.804,21.804,39.346,12.613,0.000,39.346,0.000,0.000,0.000,0.000,0.000,0.000
8044,2858.342,19.804,19.804,39.376,12.528,0.000,39.376,0.000,0.000,0.000,0.000,0.000,0.000
8045,2858.427,21.709,21.709,39.405,12.442,0.000,39.405,0.000,0.000,0.000,0.000,0.000,0.000
8046,2858.511,23.676,23.676,39.434,12.356,0.000,39.434,0.000,0.000,0.000,0.000,0.000,0.000
8047,2858.596,32.676,32.676,39.463,12.270,0.000,39.463,0.000,0.000,0.000,0.000,0.000,0.000
8048,2858.680,25.677,25.677,39.492,12.184,0.000,39.492,0.000,0.000,0.000,0.000,0.000,0.000
8049,2858.763,19.582,19.582,39.520,12.099,0.000,39.520,0.000,0.000,0.000,0.000,0.000,0.000
8050,2858.847,29.486,29.486,39.548,12.013,0.000,39.548,0.000,0.000,0.000,0.000,0.000,0.000
8051,2858.930,32.488,32.488,39.575,11.927,0.000,39.575,0.000,0.000,0.000,0.000,0.000,0.000
8052,2859.013,30.489,30.489,39.603,11.841,0.000,39.603,0.000,0.000,0.000,0.000,0.000,0.000
8053,2859.096,33.532,33.532,39.629,11.755,0.000,39.629,0.000,0.000,0.000,0.000,0.000,0.000
8054,2859.179,31.683,31.683,39.656,11.670,0.000,39.656,0.000,0.000,0.000,0.000,0.000,0.000
8055,2859.261,23.683,23.683,39.682,11.584,0.000,39.682,0.000,0.000,0.000,0.000,0.000,0.000
8056,2859.344,24.684,24.684,39.708,11.498,0.000,39.708,0.000,0.000,0.000,0.000,0.000,0.000
8057,2859.426,34.685,34.685,39.733,11.412,0.000,39.733,0.000,0.000,0.000,0.000,0.000,0.000
8058,2859.507,32.686,32.686,39.758,11.326,0.000,39.758,0.000,0.000,0.000,0.000,0.000,0.000
8059,2859.589,25.687,25.687,39.783,11.241,0.000,39.783,0.000,0.000,0.000,0.000,0.000,0.000
8060,2859.670,26.688,26.688,39.807,11.155,0.000,39.807,0.000,0.000,0.000,0.000,0.000,0.000
8061,2859.751,25.689,25.689,39.831,11.069,0.000,39.831,0.000,0.000,0.000,0.000,0.000,0.000
8062,2859.832,24.750,24.750,39.854,10.983,0.000,39.854,0.000,0.000,0.000,0.000,0.000,0.000
8063,2859.913,28.814,28.814,39.877,10.897,0.000,39.877,0.000,0.000,0.000,0.000,0.000,0.000
8064,2859.993,22.815,22.815,39.900,10.812,0.000,39.900,0.000,0.000,0.000,0.000,0.000,0.000
8065,2860.073,31.815,31.815,39.922,10.726,0.000,39.922,0.000,0.000,0.000,0.000,0.000,0.000
8066,2860.153,34.795,34.795,39.944,10.640,0.000,39.944,0.000,0.000,0.000,0.000,0.000,0.000
8067,2860.233,31.388,31.388,39.965,10.554,0.000,39.965,0.000,0.000,0.000,0.000,0.000,0.000
8068,2860.312,32.389,32.389,39.985,10.468,0.000,39.985,0.000,0.000,0.000,0.000,0.000,0.000
8069,2860.392,29.391,29.391,40.006,10.383,0.000,40.006,0.000,0.000,0.000,0.000,0.000,0.000
8070,2860.471,23.393,23.393,40.025,10.297,0.000,40.025,0.000,0.000,0.000,0.000,0.000,0.000
8071,2860.550,23.661,23.661,40.045,10.211,0.000,40.045,0.000,0.000,0.000,0.000,0.000,0.000
8072,2860.628,25.879,25.879,40.063,10.125,0.000,40.063,0.000,0.000,0.000,0.000,0.000,0.000
8073,2860.707,33.880,33.880,40.082,10.039,0.000,40.082,0.000,0.000,0.000,0.000,0.000,0.000
8074,2860.785,25.880,25.880,40.099,9.954,0.000,40.099,0.000,0.000,0.000,0.000,0.000,0.000
8075,2860.863,25.880,25.880,40.117,9.868,0.000,40.117,0.000,0.000,0.000,0.000,0.000,0.000
8076,2860.940,29.644,29.644,40.133,9.782,0.000,40.133,0.000,0.000,0.000,0.000,0.000,0.000
8077,2861.018,29.643,29.643,40.150,9.696,0.000,40.150,0.000,0.000,0.000,0.000,0.000,0.000
8078,2861.095,16.644,16.644,40.165,9.610,0.000,40.165,0.000,0.000,0.000,0.000,0.000,0.000
8079,2861.172,26.645,26.645,40.180,9.524,0.000,40.180,0.000,0.000,0.000,0.000,0.000,0.000
8080,2861.249,31.668,31.668,40.195,9.439,0.000,40.195,0.000,0.000,0.000,0.000,0.000,0.000
8081,2861.325,32.706,32.706,40.209,9.353,0.000,40.209,0.000,0.000,0.000,0.000,0.000,0.000
8082,2861.401,22.707,22.707,40.222,9.267,0.000,40.222,0.000,0.000,0.000,0.000,0.000,0.000
8083,2861.478,27.708,27.708,40.235,9.181,0.000,40.235,0.000,0.000,0.000,0.000,0.000,0.000
8084,2861.553,22.709,22.709,40.247,9.095,0.000,40.247,0.000,0.000,0.000,0.000,0.000,0.000
8085,2861.629,23.590,23.590,40.259,9.010,0.000,40.259,0.000,0.000,0.000,0.000,0.000,0.000
8086,2861.704,28.537,28.537,40.270,8.924,0.000,40.270,0.000,0.000,0.000,0.000,0.000,0.000
8087,2861.780,24.538,24.538,40.280,8.838,0.000,40.280,0.000,0.000,0.000,0.000,0.000,0.000
8088,2861.855,36.539,36.539,40.290,8.752,0.000,40.290,0.000,0.000,0.000,0.000,0.000,0.000
8089,2861.929,27.541,27.541,40.299,8.666,0.000,40.299,0.000,0.000,0.000,0.000,0.000,0.000
8090,2862.004,25.435,25.435,40.307,8.581,0.000,40.307,0.000,0.000,0.000,0.000,0.000,0.000
8091,2862.078,30.430,30.430,40.315,8.495,0.000,40.315,0.000,0.000,0.000,0.000,0.000,0.000
8092,2862.152,35.431,35.431,40.322,8.409,0.000,40.322,0.000,0.000,0.000,0.000,0.000,0.000
8093,2862.226,28.433,28.433,40.329,8.323,0.000,40.329,0.000,0.000,0.000,0.000,0.000,0.000
8094,2862.299,25.474,25.474,40.335,8.237,0.000,40.335,0.000,0.000,0.000,0.000,0.000,0.000
8095,2862.373,28.775,28.775,40.340,8.152,0.000,40.340,0.000,0.000,0.000,0.000,0.000,0.000
8096,2862.446,34.775,34.775,40.344,8.066,0.000,40.344,0.000,0.000,0.000,0.000,0.000,0.000
8097,2862.519,26.776,26.776,40.348,7.980,0.000,40.348,0.000,0.000,0.000,0.000,0.000,0.000
8098,2862.591,24.777,24.777,40.351,7.894,0.000,40.351,0.000,0.000,0.000,0.000,0.000,0.000
8099,2862.664,21.741,21.741,40.354,7.808,0.000,40.354,0.000,0.000,0.000,0.000,0.000,0.000
8100,2862.736,29.612,29.612,40.356,7.723,0.000,40.356,0.000,0.000,0.000,0.000,0.000,0.000
8101,2862.808,23.613,23.613,40.357,7.637,0.000,40.357,0.000,0.000,0.000,0.000,0.000,0.000
8102,2862.880,24.614,24.614,40.357,7.551,0.000,40.357,0.000,0.000,0.000,0.000,0.000,0.000
8103,2862.951,25.616,25.616,40.356,7.465,0.000,40.356,0.000,0.000,0.000,0.000,0.000,0.000
8104,2863.022,23.617,23.617,40.355,7.379,0.000,40.355,0.000,0.000,0.000,0.000,0.000,0.000
8105,2863.093,25.618,25.618,40.353,7.294,0.000,40.353,0.000,0.000,0.000,0.000,0.000,0.000
8106,2863.164,26.619,26.619,40.351,7.208,0.000,40.351,0.000,0.000,0.000,0.000,0.000,0.000
8107,2863.235,27.621,27.621,40.347,7.122,0.000,40.347,0.000,0.000,0.000,0.000,0.000,0.000
8108,2863.305,28.622,28.622,40.343,7.036,0.000,40.343,0.000,0.000,0.000,0.000,0.000,0.000
8109,2863.375,20.633,20.633,40.338,6.950,0.000,40.338,0.000,0.000,0.000,0.000,0.000,0.000
8110,2863.445,33.678,33.678,40.332,6.864,0.000,40.332,0.000,0.000,0.000,0.000,0.000,0.000
8111,2863.515,20.679,20.679,40.326,6.779,0.000,40.326,0.000,0.000,0.000,0.000,0.000,0.000
8112,2863.584,26.680,26.680,40.319,6.693,0.000,40.319,0.000,0.000,0.000,0.000,0.000,0.000
8113,2863.653,20.681,20.681,40.311,6.607,0.000,40.311,0.000,0.000,0.000,0.000,0.000,0.000
8114,2863.722,15.691,15.691,40.302,6.521,0.000,40.302,0.000,0.000,0.000,0.000,0.000,0.000
8115,2863.791,21.842,21.842,40.292,6.435,0.000,40.292,0.000,0.000,0.000,0.000,0.000,0.000
8116,2863.860,21.842,21.842,40.281,6.350,0.000,40.281,0.000,0.000,0.000,0.000,0.000,0.000
8117,2863.928,28.843,28.843,40.270,6.264,0.000,40.270,0.000,0.000,0.000,0.000,0.000,0.000
8118,2863.996,25.843,25.843,40.258,6.178,0.000,40.258,0.000,0.000,0.000,0.000,0.000,0.000
8119,2864.064,25.844,25.844,40.245,6.092,0.000,40.245,0.000,0.000,0.000,0.000,0.000,0.000
8120,2864.131,18.631,18.631,40.231,6.006,0.000,40.231,0.000,0.000,0.000,0.000,0.000,0.000
8121,2864.199,25.586,25.586,40.216,5.921,0.000,40.216,0.000,0.000,0.000,0.000,0.000,0.000
8122,2864.266,23.588,23.588,40.201,5.835,0.000,40.201,0.000,0.000,0.000,0.000,0.000,0.000
8123,2864.333,35.589,35.589,40.185,5.749,0.000,40.185,0.000,0.000,0.000,0.000,0.000,0.000
8124,2864.399,23.590,23.590,40.167,5.663,0.000,40.167,0.000,0.000,0.000,0.000,0.000,0.000
8125,2864.466,28.567,28.567,40.149,5.577,0.000,40.149,0.000,0.000,0.000,0.000,0.000,0.000
8126,2864.532,17.543,17.543,40.130,5.492,0.000,40.130,0.000,0.000,0.000,0.000,0.000,0.000
8127,2864.598,18.544,18.544,40.110,5.406,0.000,40.110,0.000,0.000,0.000,0.000,0.000,0.000
8128,2864.663,32.546,32.546,40.090,5.320,0.000,40.090,0.000,0.000,0.000,0.000,0.000,0.000
8129,2864.729,33.547,33.547,40.068,5.234,0.000,40.068,0.000,0.000,0.000,0.000,0.000,0.000
8130,2864.794,18.563,18.563,40.045,5.148,0.000,40.045,0.000,0.000,0.000,0.000,0.000,0.000
8131,2864.859,28.750,28.750,40.022,5.063,0.000,40.022,0.000,0.000,0.000,0.000,0.000,0.000
8132,2864.924,22.751,22.751,39.998,4.977,0.000,39.998,0.000,0.000,0.000,0.000,0.000,0.000
8133,2864.988,23.752,23.752,39.972,4.891,0.000,39.972,0.000,0.000,0.000,0.000,0.000,0.000
8134,2865.053,26.753,26.753,39.946,4.805,0.000,39.946,0.000,0.000,0.000,0.000,0.000,0.000
8135,2865.117,21.754,21.754,39.919,4.719,0.000,39.919,0.000,0.000,0.000,0.000,0.000,0.000
8136,2865.181,29.623,29.623,39.891,4.634,0.000,39.891,0.000,0.000,0.000,0.000,0.000,0.000
8137,2865.244,27.511,27.511,39.862,4.548,0.000,39.862,0.000,0.000,0.000,0.000,0.000,0.000
8138,2865.308,30.513,30.513,39.832,4.462,0.000,39.832,0.000,0.000,0.000,0.000,0.000,0.000
8139,2865.371,14.515,14.515,39.802,4.376,0.000,39.802,0.000,0.000,0.000,0.000,0.000,0.000
8140,2865.434,11.517,11.517,39.770,4.290,0.000,39.770,0.000,0.000,0.000,0.000,0.000,0.000
8141,2865.496,23.519,23.519,39.737,4.204,0.000,39.737,0.000,0.000,0.000,0.000,0.000,0.000
8142,2865.559,20.691,20.691,39.703,4.119,0.000,39.703,0.000,0.000,0.000,0.000,0.000,0.000
8143,2865.621,20.713,20.713,39.669,4.033,0.000,39.669,0.000,0.000,0.000,0.000,0.000,0.000
8144,2865.683,24.714,24.714,39.633,3.947,0.000,39.633,0.000,0.000,0.000,0.000,0.000,0.000
8145,2865.745,21.715,21.715,39.597,3.861,0.000,39.597,0.000,0.000,0.000,0.000,0.000,0.000
8146,2865.806,23.717,23.717,39.559,3.775,0.000,39.559,0.000,0.000,0.000,0.000,0.000,0.000
8147,2865.868,28.734,28.734,39.521,3.690,0.000,39.521,0.000,0.000,0.000,0.000,0.000,0.000
8148,2865.929,29.859,29.859,39.481,3.604,0.000,39.481,0.000,0.000,0.000,0.000,0.000,0.000
8149,2865.990,26.860,26.860,39.441,3.518,0.000,39.441,0.000,0.000,0.000,0.000,0.000,0.000
8150,2866.050,27.860,27.860,39.399,3.432,0.000,39.399,0.000,0.000,0.000,0.000,0.000,0.000
8151,2866.110,32.861,32.861,39.357,3.346,0.000,39.357,0.000,0.000,0.000,0.000,0.000,0.000
8152,2866.171,22.862,22.862,39.313,3.261,0.000,39.313,0.000,0.000,0.000,0.000,0.000,0.000
8153,2866.230,26.852,26.852,39.269,3.175,0.000,39.269,0.000,0.000,0.000,0.000,0.000,0.000
8154,2866.290,25.817,25.817,39.223,3.089,0.000,39.223,0.000,0.000,0.000,0.000,0.000,0.000
8155,2866.349,23.818,23.818,39.177,3.003,0.000,39.177,0.000,0.000,0.000,0.000,0.000,0.000
8156,2866.409,27.818,27.818,39.130,2.917,0.000,39.130,0.000,0.000,0.000,0.000,0.000,0.000
8157,2866.468,24.819,24.819,39.081,2.832,0.000,39.081,0.000,0.000,0.000,0.000,0.000,0.000
8158,2866.526,22.820,22.820,39.032,2.746,0.000,39.032,0.000,0.000,0.000,0.000,0.000,0.000
8159,2866.585,23.813,23.813,38.981,2.660,0.000,38.981,0.000,0.000,0.000,0.000,0.000,0.000
8160,2866.643,21.776,21.776,38.930,2.574,0.000,38.930,0.000,0.000,0.000,0.000,0.000,0.000
8161,2866.701,28.777,28.777,38.877,2.488,0.000,38.877,0.000,0.000,0.000,0.000,0.000,0.000
8162,2866.759,30.778,30.778,38.824,2.403,0.000,38.824,0.000,0.000,0.000,0.000,0.000,0.000
8163,2866.816,23.779,23.779,38.769,2.317,0.000,38.769,0.000,0.000,0.000,0.000,0.000,0.000
8164,2866.873,22.780,22.780,38.713,2.231,0.000,38.713,0.000,0.000,0.000,0.000,0.000,0.000
8165,2866.930,29.781,29.781,38.657,2.145,0.000,38.657,0.000,0.000,0.000,0.000,0.000,0.000
8166,2866.987,25.825,25.825,38.599,2.059,0.000,38.599,0.000,0.000,0.000,0.000,0.000,0.000
8167,2867.044,26.826,26.826,38.540,1.974,0.000,38.540,0.000,0.000,0.000,0.000,0.000,0.000
8168,2867.100,34.827,34.827,38.480,1.888,0.000,38.480,0.000,0.000,0.000,0.000,0.000,0.000
8169,2867.156,10.828,10.828,38.420,1.802,0.000,38.420,0.000,0.000,0.000,0.000,0.000,0.000
8170,2867.212,27.828,27.828,38.358,1.716,0.000,38.358,0.000,0.000,0.000,0.000,0.000,0.000
8171,2867.268,18.829,18.829,38.295,1.630,0.000,38.295,0.000,0.000,0.000,0.000,0.000,0.000
8172,2867.323,27.830,27.830,38.231,1.545,0.000,38.231,0.000,0.000,0.000,0.000,0.000,0.000
8173,2867.378,25.831,25.831,38.166,1.459,0.000,38.166,0.000,0.000,0.000,0.000,0.000,0.000
8174,2867.433,24.831,24.831,38.100,1.373,0.000,38.100,0.000,0.000,0.000,0.000,0.000,0.000
8175,2867.488,38.832,38.832,38.033,1.287,0.000,38.033,0.000,0.000,0.000,0.000,0.000,0.000
8176,2867.542,24.833,24.833,37.964,1.201,0.000,37.964,0.000,0.000,0.000,0.000,0.000,0.000
8177,2867.597,21.834,21.834,37.895,1.115,0.000,37.895,0.000,0.000,0.000,0.000,0.000,0.000
8178,2867.651,25.823,25.823,37.825,1.030,0.000,37.825,0.000,0.000,0.000,0.000,0.000,0.000
8179,2867.704,25.711,25.711,37.753,0.944,0.000,37.753,0.000,0.000,0.000,0.000,0.000,0.000
8180,2867.758,24.712,24.712,37.681,0.858,0.000,37.681,0.000,0.000,0.000,0.000,0.000,0.000
8181,2867.811,28.714,28.714,37.608,0.772,0.000,37.608,0.000,0.000,0.000,0.000,0.000,0.000
8182,2867.864,31.715,31.715,37.533,0.686,0.000,37.533,0.000,0.000,0.000,0.000,0.000,0.000
8183,2867.917,23.716,23.716,37.457,0.601,0.000,37.457,0.000,0.000,0.000,0.000,0.000,0.000
8184,2867.969,23.718,23.718,37.381,0.515,0.000,37.381,0.000,0.000,0.000,0.000,0.000,0.000
8185,2868.022,29.719,29.719,37.303,0.429,0.000,37.303,0.000,0.000,0.000,0.000,0.000,0.000
8186,2868.074,25.720,25.720,37.224,0.343,0.000,37.224,0.000,0.000,0.000,0.000,0.000,0.000
8187,2868.126,21.721,21.721,37.144,0.257,0.000,37.144,0.000,0.000,0.000,0.000,0.000,0.000
8188,2868.177,25.723,25.723,37.063,0.172,0.000,37.063,0.000,0.000,0.000,0.000,0.000,0.000
8189,2868.228,22.724,22.724,36.981,0.086,0.000,36.981,0.000,0.000,0.000,0.000,0.000,0.000
8190,2868.280,20.725,20.725,36.898,0.000,0.000,36.898,0.000,0.000,0.000,0.000,0.000,0.000
8191,2868.330,83921.726,83921.726,0.000,0.000,0.000,0.000,0.000,0.000,0.000,0.000,0.000,0.000
