spectrum,detector,chain,chain_present,k_fwhm,i_min_pct,set_lines,peaks_total,peaks_finder,peaks_library,anchors,finder_lost,strong_lines_found,strong_lines_total,strong_lines_found_finder_only,phantom_lines,decoy_lines,ms
ASN16_Th232,ASN16,Th-232,pos,0.00,0.00,69,66,8,58,1,11,21,21,13,37,46,1735
ASN16_Th232,ASN16,Th-232,pos,0.00,0.05,66,64,8,56,1,11,21,21,13,35,44,1557
ASN16_Th232,ASN16,Th-232,pos,0.00,0.10,65,63,8,55,1,11,21,21,13,34,43,1701
ASN16_Th232,ASN16,Th-232,pos,0.00,0.20,60,57,9,48,1,10,21,21,13,31,38,1727
ASN16_Th232,ASN16,Th-232,pos,0.00,0.50,44,46,10,36,1,9,21,21,13,20,28,1848
ASN16_Th232,ASN16,Th-232,pos,0.00,1.00,30,35,13,22,1,6,21,21,13,12,18,1129
ASN16_Th232,ASN16,Th-232,pos,0.00,2.00,21,27,16,11,1,3,18,21,13,7,9,633
ASN16_Th232,ASN16,Th-232,pos,0.30,0.00,43,43,12,31,1,7,21,21,13,37,46,1011
ASN16_Th232,ASN16,Th-232,pos,0.30,0.05,42,42,12,30,1,7,21,21,13,35,44,1072
ASN16_Th232,ASN16,Th-232,pos,0.30,0.10,41,41,12,29,1,7,21,21,13,34,43,1057
ASN16_Th232,ASN16,Th-232,pos,0.30,0.20,38,38,13,25,1,6,21,21,13,31,38,961
ASN16_Th232,ASN16,Th-232,pos,0.30,0.50,32,36,12,24,1,7,21,21,13,20,28,631
ASN16_Th232,ASN16,Th-232,pos,0.30,1.00,25,31,14,17,1,5,21,21,13,12,18,607
ASN16_Th232,ASN16,Th-232,pos,0.30,2.00,18,25,17,8,1,2,18,21,13,7,9,309
ASN16_Th232,ASN16,Th-232,pos,0.50,0.00,35,37,14,23,1,5,21,21,13,37,46,406
ASN16_Th232,ASN16,Th-232,pos,0.50,0.05,34,36,14,22,1,5,21,21,13,35,44,421
ASN16_Th232,ASN16,Th-232,pos,0.50,0.10,33,35,14,21,1,5,21,21,13,34,43,442
ASN16_Th232,ASN16,Th-232,pos,0.50,0.20,32,34,14,20,1,5,21,21,13,31,38,389
ASN16_Th232,ASN16,Th-232,pos,0.50,0.50,30,34,13,21,1,6,21,21,13,20,28,487
ASN16_Th232,ASN16,Th-232,pos,0.50,1.00,23,29,15,14,1,4,21,21,13,12,18,638
ASN16_Th232,ASN16,Th-232,pos,0.50,2.00,17,24,18,6,1,1,18,21,13,7,9,285
ASN16_Th232,ASN16,Th-232,pos,0.70,0.00,29,31,16,15,1,3,21,21,13,28,40,556
ASN16_Th232,ASN16,Th-232,pos,0.70,0.05,29,31,16,15,1,3,21,21,13,26,38,653
ASN16_Th232,ASN16,Th-232,pos,0.70,0.10,28,30,16,14,1,3,21,21,13,25,37,612
ASN16_Th232,ASN16,Th-232,pos,0.70,0.20,27,30,16,14,1,3,21,21,13,23,33,475
ASN16_Th232,ASN16,Th-232,pos,0.70,0.50,25,29,17,12,1,2,20,21,13,18,25,468
ASN16_Th232,ASN16,Th-232,pos,0.70,1.00,20,26,18,8,1,1,20,21,13,12,18,405
ASN16_Th232,ASN16,Th-232,pos,0.70,2.00,17,24,18,6,1,1,18,21,13,7,9,293
ASN16_Th232,ASN16,Th-232,pos,0.85,0.00,26,29,17,12,1,2,20,21,13,27,34,449
ASN16_Th232,ASN16,Th-232,pos,0.85,0.05,26,29,17,12,1,2,20,21,13,25,32,393
ASN16_Th232,ASN16,Th-232,pos,0.85,0.10,25,28,17,11,1,2,20,21,13,24,31,419
ASN16_Th232,ASN16,Th-232,pos,0.85,0.20,25,28,17,11,1,2,20,21,13,23,29,431
ASN16_Th232,ASN16,Th-232,pos,0.85,0.50,24,28,17,11,1,2,20,21,13,18,22,364
ASN16_Th232,ASN16,Th-232,pos,0.85,1.00,20,26,18,8,1,1,20,21,13,13,16,367
ASN16_Th232,ASN16,Th-232,pos,0.85,2.00,17,24,18,6,1,1,18,21,13,6,8,265
ASN16_Th232,ASN16,Th-232,pos,1.00,0.00,25,28,17,11,1,2,19,21,13,23,27,405
ASN16_Th232,ASN16,Th-232,pos,1.00,0.05,25,28,17,11,1,2,19,21,13,23,27,459
ASN16_Th232,ASN16,Th-232,pos,1.00,0.10,24,27,17,10,1,2,19,21,13,22,26,401
ASN16_Th232,ASN16,Th-232,pos,1.00,0.20,24,27,17,10,1,2,19,21,13,21,25,421
ASN16_Th232,ASN16,Th-232,pos,1.00,0.50,23,27,17,10,1,2,19,21,13,17,20,399
ASN16_Th232,ASN16,Th-232,pos,1.00,1.00,19,25,18,7,1,1,19,21,13,12,14,589
ASN16_Th232,ASN16,Th-232,pos,1.00,2.00,17,24,18,6,1,1,18,21,13,6,8,317
ASN16_Th232,ASN16,Th-232,pos,1.30,0.00,20,25,17,8,1,2,16,21,13,19,23,513
ASN16_Th232,ASN16,Th-232,pos,1.30,0.05,20,25,17,8,1,2,16,21,13,18,22,492
ASN16_Th232,ASN16,Th-232,pos,1.30,0.10,19,24,17,7,1,2,16,21,13,17,21,488
ASN16_Th232,ASN16,Th-232,pos,1.30,0.20,18,23,17,6,1,2,16,21,13,16,20,600
ASN16_Th232,ASN16,Th-232,pos,1.30,0.50,16,22,17,5,1,2,15,21,13,14,17,624
ASN16_Th232,ASN16,Th-232,pos,1.30,1.00,13,21,18,3,1,1,15,21,13,12,14,543
ASN16_Th232,ASN16,Th-232,pos,1.30,2.00,11,20,18,2,1,1,14,21,13,6,8,261
ASN16_Th232,ASN16,Th-232,pos,1.60,0.00,19,25,17,8,1,2,16,21,13,16,20,731
ASN16_Th232,ASN16,Th-232,pos,1.60,0.05,19,25,17,8,1,2,16,21,13,15,19,751
ASN16_Th232,ASN16,Th-232,pos,1.60,0.10,18,24,17,7,1,2,16,21,13,14,18,651
ASN16_Th232,ASN16,Th-232,pos,1.60,0.20,18,24,17,7,1,2,16,21,13,14,18,718
ASN16_Th232,ASN16,Th-232,pos,1.60,0.50,15,22,17,5,1,2,14,21,13,13,16,658
ASN16_Th232,ASN16,Th-232,pos,1.60,1.00,11,20,18,2,1,1,14,21,13,11,12,642
ASN16_Th232,ASN16,Th-232,pos,1.60,2.00,9,19,18,1,1,1,13,21,13,6,7,220
ASN16_Th232,ASN16,Th-232,pos,2.00,0.00,14,21,17,4,1,2,14,21,13,12,14,302
ASN16_Th232,ASN16,Th-232,pos,2.00,0.05,14,21,17,4,1,2,14,21,13,12,14,349
ASN16_Th232,ASN16,Th-232,pos,2.00,0.10,13,20,17,3,1,2,14,21,13,12,14,326
ASN16_Th232,ASN16,Th-232,pos,2.00,0.20,13,20,17,3,1,2,14,21,13,12,14,301
ASN16_Th232,ASN16,Th-232,pos,2.00,0.50,12,20,17,3,1,2,14,21,13,10,12,278
ASN16_Th232,ASN16,Th-232,pos,2.00,1.00,10,20,18,2,1,1,14,21,13,10,11,215
ASN16_Th232,ASN16,Th-232,pos,2.00,2.00,9,19,18,1,1,1,13,21,13,6,7,310
ASN16_Th232,ASN16,Ra-226,bg,0.00,0.00,61,19,19,0,0,0,,,,0,50,3
ASN16_Th232,ASN16,Ra-226,bg,0.00,0.05,35,19,19,0,0,0,,,,0,31,6
ASN16_Th232,ASN16,Ra-226,bg,0.00,0.10,34,19,19,0,0,0,,,,0,30,4
ASN16_Th232,ASN16,Ra-226,bg,0.00,0.20,34,19,19,0,0,0,,,,0,30,5
ASN16_Th232,ASN16,Ra-226,bg,0.00,0.50,31,19,19,0,0,0,,,,0,27,4
ASN16_Th232,ASN16,Ra-226,bg,0.00,1.00,27,19,19,0,0,0,,,,0,23,4
ASN16_Th232,ASN16,Ra-226,bg,0.00,2.00,17,19,19,0,0,0,,,,0,16,4
ASN16_Th232,ASN16,Ra-226,bg,0.30,0.00,46,19,19,0,0,0,,,,0,50,4
ASN16_Th232,ASN16,Ra-226,bg,0.30,0.05,33,19,19,0,0,0,,,,0,31,4
ASN16_Th232,ASN16,Ra-226,bg,0.30,0.10,32,19,19,0,0,0,,,,0,30,4
ASN16_Th232,ASN16,Ra-226,bg,0.30,0.20,32,19,19,0,0,0,,,,0,30,5
ASN16_Th232,ASN16,Ra-226,bg,0.30,0.50,29,19,19,0,0,0,,,,0,27,6
ASN16_Th232,ASN16,Ra-226,bg,0.30,1.00,26,19,19,0,0,0,,,,0,23,8
ASN16_Th232,ASN16,Ra-226,bg,0.30,2.00,17,19,19,0,0,0,,,,0,16,5
ASN16_Th232,ASN16,Ra-226,bg,0.50,0.00,39,19,19,0,0,0,,,,0,50,5
ASN16_Th232,ASN16,Ra-226,bg,0.50,0.05,30,19,19,0,0,0,,,,0,31,4
ASN16_Th232,ASN16,Ra-226,bg,0.50,0.10,29,19,19,0,0,0,,,,0,30,4
ASN16_Th232,ASN16,Ra-226,bg,0.50,0.20,29,19,19,0,0,0,,,,0,30,4
ASN16_Th232,ASN16,Ra-226,bg,0.50,0.50,26,19,19,0,0,0,,,,0,27,6
ASN16_Th232,ASN16,Ra-226,bg,0.50,1.00,23,19,19,0,0,0,,,,0,23,4
ASN16_Th232,ASN16,Ra-226,bg,0.50,2.00,15,19,19,0,0,0,,,,0,16,3
ASN16_Th232,ASN16,Ra-226,bg,0.70,0.00,33,19,19,0,0,0,,,,0,41,4
ASN16_Th232,ASN16,Ra-226,bg,0.70,0.05,24,19,19,0,0,0,,,,0,28,4
ASN16_Th232,ASN16,Ra-226,bg,0.70,0.10,24,19,19,0,0,0,,,,0,27,4
ASN16_Th232,ASN16,Ra-226,bg,0.70,0.20,24,19,19,0,0,0,,,,0,27,4
ASN16_Th232,ASN16,Ra-226,bg,0.70,0.50,21,19,19,0,0,0,,,,0,24,4
ASN16_Th232,ASN16,Ra-226,bg,0.70,1.00,20,19,19,0,0,0,,,,0,22,3
ASN16_Th232,ASN16,Ra-226,bg,0.70,2.00,15,19,19,0,0,0,,,,0,15,3
ASN16_Th232,ASN16,Ra-226,bg,0.85,0.00,29,19,19,0,0,0,,,,0,35,3
ASN16_Th232,ASN16,Ra-226,bg,0.85,0.05,22,19,19,0,0,0,,,,0,25,4
ASN16_Th232,ASN16,Ra-226,bg,0.85,0.10,22,19,19,0,0,0,,,,0,24,3
ASN16_Th232,ASN16,Ra-226,bg,0.85,0.20,22,19,19,0,0,0,,,,0,24,5
ASN16_Th232,ASN16,Ra-226,bg,0.85,0.50,21,19,19,0,0,0,,,,0,21,3
ASN16_Th232,ASN16,Ra-226,bg,0.85,1.00,19,19,19,0,0,0,,,,0,20,4
ASN16_Th232,ASN16,Ra-226,bg,0.85,2.00,15,19,19,0,0,0,,,,0,13,4
ASN16_Th232,ASN16,Ra-226,bg,1.00,0.00,25,19,19,0,0,0,,,,0,31,4
ASN16_Th232,ASN16,Ra-226,bg,1.00,0.05,22,19,19,0,0,0,,,,0,23,5
ASN16_Th232,ASN16,Ra-226,bg,1.00,0.10,22,19,19,0,0,0,,,,0,22,8
ASN16_Th232,ASN16,Ra-226,bg,1.00,0.20,22,19,19,0,0,0,,,,0,22,5
ASN16_Th232,ASN16,Ra-226,bg,1.00,0.50,21,19,19,0,0,0,,,,0,19,6
ASN16_Th232,ASN16,Ra-226,bg,1.00,1.00,19,19,19,0,0,0,,,,0,17,5
ASN16_Th232,ASN16,Ra-226,bg,1.00,2.00,15,19,19,0,0,0,,,,0,12,4
ASN16_Th232,ASN16,Ra-226,bg,1.30,0.00,21,19,19,0,0,0,,,,0,26,7
ASN16_Th232,ASN16,Ra-226,bg,1.30,0.05,19,19,19,0,0,0,,,,0,21,4
ASN16_Th232,ASN16,Ra-226,bg,1.30,0.10,19,19,19,0,0,0,,,,0,20,8
ASN16_Th232,ASN16,Ra-226,bg,1.30,0.20,19,19,19,0,0,0,,,,0,20,4
ASN16_Th232,ASN16,Ra-226,bg,1.30,0.50,17,19,19,0,0,0,,,,0,19,4
ASN16_Th232,ASN16,Ra-226,bg,1.30,1.00,16,19,19,0,0,0,,,,0,16,4
ASN16_Th232,ASN16,Ra-226,bg,1.30,2.00,14,19,19,0,0,0,,,,0,12,4
ASN16_Th232,ASN16,Ra-226,bg,1.60,0.00,19,19,19,0,0,0,,,,0,23,4
ASN16_Th232,ASN16,Ra-226,bg,1.60,0.05,16,19,19,0,0,0,,,,0,20,5
ASN16_Th232,ASN16,Ra-226,bg,1.60,0.10,16,19,19,0,0,0,,,,0,19,4
ASN16_Th232,ASN16,Ra-226,bg,1.60,0.20,16,19,19,0,0,0,,,,0,19,3
ASN16_Th232,ASN16,Ra-226,bg,1.60,0.50,15,19,19,0,0,0,,,,0,18,4
ASN16_Th232,ASN16,Ra-226,bg,1.60,1.00,15,19,19,0,0,0,,,,0,15,3
ASN16_Th232,ASN16,Ra-226,bg,1.60,2.00,14,19,19,0,0,0,,,,0,11,4
ASN16_Th232,ASN16,Ra-226,bg,2.00,0.00,16,19,19,0,0,0,,,,0,17,4
ASN16_Th232,ASN16,Ra-226,bg,2.00,0.05,14,19,19,0,0,0,,,,0,14,4
ASN16_Th232,ASN16,Ra-226,bg,2.00,0.10,14,19,19,0,0,0,,,,0,14,5
ASN16_Th232,ASN16,Ra-226,bg,2.00,0.20,14,19,19,0,0,0,,,,0,14,4
ASN16_Th232,ASN16,Ra-226,bg,2.00,0.50,13,19,19,0,0,0,,,,0,13,4
ASN16_Th232,ASN16,Ra-226,bg,2.00,1.00,12,19,19,0,0,0,,,,0,13,4
ASN16_Th232,ASN16,Ra-226,bg,2.00,2.00,11,19,19,0,0,0,,,,0,11,6
ASN16_Th232,ASN16,U-238,bg,0.00,0.00,91,19,19,0,0,0,,,,0,64,5
ASN16_Th232,ASN16,U-238,bg,0.00,0.05,48,19,19,0,0,0,,,,0,36,7
ASN16_Th232,ASN16,U-238,bg,0.00,0.10,43,19,19,0,0,0,,,,0,33,5
ASN16_Th232,ASN16,U-238,bg,0.00,0.20,41,19,19,0,0,0,,,,0,32,6
ASN16_Th232,ASN16,U-238,bg,0.00,0.50,35,19,19,0,0,0,,,,0,27,5
ASN16_Th232,ASN16,U-238,bg,0.00,1.00,31,19,19,0,0,0,,,,0,23,5
ASN16_Th232,ASN16,U-238,bg,0.00,2.00,21,19,19,0,0,0,,,,0,15,4
ASN16_Th232,ASN16,U-238,bg,0.30,0.00,55,19,19,0,0,0,,,,0,64,4
ASN16_Th232,ASN16,U-238,bg,0.30,0.05,40,19,19,0,0,0,,,,0,36,5
ASN16_Th232,ASN16,U-238,bg,0.30,0.10,38,19,19,0,0,0,,,,0,33,5
ASN16_Th232,ASN16,U-238,bg,0.30,0.20,37,19,19,0,0,0,,,,0,32,4
ASN16_Th232,ASN16,U-238,bg,0.30,0.50,32,19,19,0,0,0,,,,0,27,8
ASN16_Th232,ASN16,U-238,bg,0.30,1.00,29,19,19,0,0,0,,,,0,23,4
ASN16_Th232,ASN16,U-238,bg,0.30,2.00,20,19,19,0,0,0,,,,0,15,5
ASN16_Th232,ASN16,U-238,bg,0.50,0.00,46,19,19,0,0,0,,,,0,64,4
ASN16_Th232,ASN16,U-238,bg,0.50,0.05,36,19,19,0,0,0,,,,0,36,4
ASN16_Th232,ASN16,U-238,bg,0.50,0.10,34,19,19,0,0,0,,,,0,33,4
ASN16_Th232,ASN16,U-238,bg,0.50,0.20,33,19,19,0,0,0,,,,0,32,4
ASN16_Th232,ASN16,U-238,bg,0.50,0.50,29,19,19,0,0,0,,,,0,27,3
ASN16_Th232,ASN16,U-238,bg,0.50,1.00,26,19,19,0,0,0,,,,0,23,4
ASN16_Th232,ASN16,U-238,bg,0.50,2.00,18,19,19,0,0,0,,,,0,15,3
ASN16_Th232,ASN16,U-238,bg,0.70,0.00,39,19,19,0,0,0,,,,0,44,3
ASN16_Th232,ASN16,U-238,bg,0.70,0.05,28,19,19,0,0,0,,,,0,29,4
ASN16_Th232,ASN16,U-238,bg,0.70,0.10,28,19,19,0,0,0,,,,0,28,4
ASN16_Th232,ASN16,U-238,bg,0.70,0.20,28,19,19,0,0,0,,,,0,28,4
ASN16_Th232,ASN16,U-238,bg,0.70,0.50,24,19,19,0,0,0,,,,0,23,4
ASN16_Th232,ASN16,U-238,bg,0.70,1.00,23,19,19,0,0,0,,,,0,21,4
ASN16_Th232,ASN16,U-238,bg,0.70,2.00,18,19,19,0,0,0,,,,0,15,4
ASN16_Th232,ASN16,U-238,bg,0.85,0.00,33,19,19,0,0,0,,,,0,37,8
ASN16_Th232,ASN16,U-238,bg,0.85,0.05,26,19,19,0,0,0,,,,0,26,5
ASN16_Th232,ASN16,U-238,bg,0.85,0.10,26,19,19,0,0,0,,,,0,25,4
ASN16_Th232,ASN16,U-238,bg,0.85,0.20,26,19,19,0,0,0,,,,0,25,4
ASN16_Th232,ASN16,U-238,bg,0.85,0.50,24,19,19,0,0,0,,,,0,21,4
ASN16_Th232,ASN16,U-238,bg,0.85,1.00,22,19,19,0,0,0,,,,0,19,4
ASN16_Th232,ASN16,U-238,bg,0.85,2.00,18,19,19,0,0,0,,,,0,14,4
ASN16_Th232,ASN16,U-238,bg,1.00,0.00,29,19,19,0,0,0,,,,0,32,4
ASN16_Th232,ASN16,U-238,bg,1.00,0.05,26,19,19,0,0,0,,,,0,23,4
ASN16_Th232,ASN16,U-238,bg,1.00,0.10,26,19,19,0,0,0,,,,0,23,4
ASN16_Th232,ASN16,U-238,bg,1.00,0.20,26,19,19,0,0,0,,,,0,23,4
ASN16_Th232,ASN16,U-238,bg,1.00,0.50,24,19,19,0,0,0,,,,0,19,4
ASN16_Th232,ASN16,U-238,bg,1.00,1.00,22,19,19,0,0,0,,,,0,18,3
ASN16_Th232,ASN16,U-238,bg,1.00,2.00,18,19,19,0,0,0,,,,0,14,4
ASN16_Th232,ASN16,U-238,bg,1.30,0.00,25,19,19,0,0,0,,,,0,29,3
ASN16_Th232,ASN16,U-238,bg,1.30,0.05,21,19,19,0,0,0,,,,0,20,4
ASN16_Th232,ASN16,U-238,bg,1.30,0.10,21,19,19,0,0,0,,,,0,20,4
ASN16_Th232,ASN16,U-238,bg,1.30,0.20,21,19,19,0,0,0,,,,0,20,4
ASN16_Th232,ASN16,U-238,bg,1.30,0.50,18,19,19,0,0,0,,,,0,16,3
ASN16_Th232,ASN16,U-238,bg,1.30,1.00,17,19,19,0,0,0,,,,0,15,4
ASN16_Th232,ASN16,U-238,bg,1.30,2.00,15,19,19,0,0,0,,,,0,13,4
ASN16_Th232,ASN16,U-238,bg,1.60,0.00,22,19,19,0,0,0,,,,0,23,3
ASN16_Th232,ASN16,U-238,bg,1.60,0.05,17,19,19,0,0,0,,,,0,18,3
ASN16_Th232,ASN16,U-238,bg,1.60,0.10,17,19,19,0,0,0,,,,0,18,6
ASN16_Th232,ASN16,U-238,bg,1.60,0.20,17,19,19,0,0,0,,,,0,18,4
ASN16_Th232,ASN16,U-238,bg,1.60,0.50,16,19,19,0,0,0,,,,0,15,4
ASN16_Th232,ASN16,U-238,bg,1.60,1.00,16,19,19,0,0,0,,,,0,14,4
ASN16_Th232,ASN16,U-238,bg,1.60,2.00,15,19,19,0,0,0,,,,0,12,4
ASN16_Th232,ASN16,U-238,bg,2.00,0.00,17,19,19,0,0,0,,,,0,18,4
ASN16_Th232,ASN16,U-238,bg,2.00,0.05,15,19,19,0,0,0,,,,0,15,3
ASN16_Th232,ASN16,U-238,bg,2.00,0.10,15,19,19,0,0,0,,,,0,15,4
ASN16_Th232,ASN16,U-238,bg,2.00,0.20,15,19,19,0,0,0,,,,0,15,4
ASN16_Th232,ASN16,U-238,bg,2.00,0.50,14,19,19,0,0,0,,,,0,13,4
ASN16_Th232,ASN16,U-238,bg,2.00,1.00,13,19,19,0,0,0,,,,0,13,4
ASN16_Th232,ASN16,U-238,bg,2.00,2.00,12,19,19,0,0,0,,,,0,12,4
ASN16_Th232,ASN16,U-235,bg,0.00,0.00,110,19,19,0,0,0,,,,0,40,4
ASN16_Th232,ASN16,U-235,bg,0.00,0.05,81,19,19,0,0,0,,,,0,26,4
ASN16_Th232,ASN16,U-235,bg,0.00,0.10,79,19,19,0,0,0,,,,0,26,4
ASN16_Th232,ASN16,U-235,bg,0.00,0.20,63,19,19,0,0,0,,,,0,21,4
ASN16_Th232,ASN16,U-235,bg,0.00,0.50,45,19,19,0,0,0,,,,0,14,7
ASN16_Th232,ASN16,U-235,bg,0.00,1.00,36,19,19,0,0,0,,,,0,11,4
ASN16_Th232,ASN16,U-235,bg,0.00,2.00,22,19,19,0,0,0,,,,0,7,4
ASN16_Th232,ASN16,U-235,bg,0.30,0.00,40,19,19,0,0,0,,,,0,39,5
ASN16_Th232,ASN16,U-235,bg,0.30,0.05,35,19,19,0,0,0,,,,0,25,5
ASN16_Th232,ASN16,U-235,bg,0.30,0.10,34,19,19,0,0,0,,,,0,25,4
ASN16_Th232,ASN16,U-235,bg,0.30,0.20,32,19,19,0,0,0,,,,0,20,4
ASN16_Th232,ASN16,U-235,bg,0.30,0.50,25,19,19,0,0,0,,,,0,14,4
ASN16_Th232,ASN16,U-235,bg,0.30,1.00,22,19,19,0,0,0,,,,0,11,4
ASN16_Th232,ASN16,U-235,bg,0.30,2.00,16,19,19,0,0,0,,,,0,7,4
ASN16_Th232,ASN16,U-235,bg,0.50,0.00,28,19,19,0,0,0,,,,0,39,4
ASN16_Th232,ASN16,U-235,bg,0.50,0.05,26,19,19,0,0,0,,,,0,25,4
ASN16_Th232,ASN16,U-235,bg,0.50,0.10,26,19,19,0,0,0,,,,0,25,4
ASN16_Th232,ASN16,U-235,bg,0.50,0.20,25,19,19,0,0,0,,,,0,20,3
ASN16_Th232,ASN16,U-235,bg,0.50,0.50,19,19,19,0,0,0,,,,0,14,4
ASN16_Th232,ASN16,U-235,bg,0.50,1.00,17,19,19,0,0,0,,,,0,11,3
ASN16_Th232,ASN16,U-235,bg,0.50,2.00,13,19,19,0,0,0,,,,0,7,3
ASN16_Th232,ASN16,U-235,bg,0.70,0.00,23,19,19,0,0,0,,,,0,29,3
ASN16_Th232,ASN16,U-235,bg,0.70,0.05,21,19,19,0,0,0,,,,0,22,3
ASN16_Th232,ASN16,U-235,bg,0.70,0.10,21,19,19,0,0,0,,,,0,22,3
ASN16_Th232,ASN16,U-235,bg,0.70,0.20,19,19,19,0,0,0,,,,0,17,4
ASN16_Th232,ASN16,U-235,bg,0.70,0.50,16,19,19,0,0,0,,,,0,12,3
ASN16_Th232,ASN16,U-235,bg,0.70,1.00,15,19,19,0,0,0,,,,0,10,3
ASN16_Th232,ASN16,U-235,bg,0.70,2.00,13,19,19,0,0,0,,,,0,6,3
ASN16_Th232,ASN16,U-235,bg,0.85,0.00,22,19,19,0,0,0,,,,0,23,3
ASN16_Th232,ASN16,U-235,bg,0.85,0.05,20,19,19,0,0,0,,,,0,18,3
ASN16_Th232,ASN16,U-235,bg,0.85,0.10,20,19,19,0,0,0,,,,0,18,4
ASN16_Th232,ASN16,U-235,bg,0.85,0.20,18,19,19,0,0,0,,,,0,16,4
ASN16_Th232,ASN16,U-235,bg,0.85,0.50,15,19,19,0,0,0,,,,0,12,3
ASN16_Th232,ASN16,U-235,bg,0.85,1.00,14,19,19,0,0,0,,,,0,10,4
ASN16_Th232,ASN16,U-235,bg,0.85,2.00,11,19,19,0,0,0,,,,0,6,4
ASN16_Th232,ASN16,U-235,bg,1.00,0.00,19,19,19,0,0,0,,,,0,22,4
ASN16_Th232,ASN16,U-235,bg,1.00,0.05,18,19,19,0,0,0,,,,0,17,3
ASN16_Th232,ASN16,U-235,bg,1.00,0.10,17,19,19,0,0,0,,,,0,17,3
ASN16_Th232,ASN16,U-235,bg,1.00,0.20,16,19,19,0,0,0,,,,0,15,3
ASN16_Th232,ASN16,U-235,bg,1.00,0.50,14,19,19,0,0,0,,,,0,12,4
ASN16_Th232,ASN16,U-235,bg,1.00,1.00,13,19,19,0,0,0,,,,0,10,4
ASN16_Th232,ASN16,U-235,bg,1.00,2.00,10,19,19,0,0,0,,,,0,6,2
ASN16_Th232,ASN16,U-235,bg,1.30,0.00,14,19,19,0,0,0,,,,0,20,3
ASN16_Th232,ASN16,U-235,bg,1.30,0.05,13,19,19,0,0,0,,,,0,15,4
ASN16_Th232,ASN16,U-235,bg,1.30,0.10,13,19,19,0,0,0,,,,0,15,4
ASN16_Th232,ASN16,U-235,bg,1.30,0.20,12,19,19,0,0,0,,,,0,14,4
ASN16_Th232,ASN16,U-235,bg,1.30,0.50,10,19,19,0,0,0,,,,0,11,4
ASN16_Th232,ASN16,U-235,bg,1.30,1.00,9,19,19,0,0,0,,,,0,9,4
ASN16_Th232,ASN16,U-235,bg,1.30,2.00,8,19,19,0,0,0,,,,0,6,4
ASN16_Th232,ASN16,U-235,bg,1.60,0.00,11,19,19,0,0,0,,,,0,14,4
ASN16_Th232,ASN16,U-235,bg,1.60,0.05,10,19,19,0,0,0,,,,0,12,5
ASN16_Th232,ASN16,U-235,bg,1.60,0.10,10,19,19,0,0,0,,,,0,12,4
ASN16_Th232,ASN16,U-235,bg,1.60,0.20,9,19,19,0,0,0,,,,0,12,4
ASN16_Th232,ASN16,U-235,bg,1.60,0.50,8,19,19,0,0,0,,,,0,8,4
ASN16_Th232,ASN16,U-235,bg,1.60,1.00,8,19,19,0,0,0,,,,0,6,4
ASN16_Th232,ASN16,U-235,bg,1.60,2.00,7,19,19,0,0,0,,,,0,5,4
ASN16_Th232,ASN16,U-235,bg,2.00,0.00,11,19,19,0,0,0,,,,0,11,4
ASN16_Th232,ASN16,U-235,bg,2.00,0.05,10,19,19,0,0,0,,,,0,10,4
ASN16_Th232,ASN16,U-235,bg,2.00,0.10,10,19,19,0,0,0,,,,0,10,4
ASN16_Th232,ASN16,U-235,bg,2.00,0.20,9,19,19,0,0,0,,,,0,10,4
ASN16_Th232,ASN16,U-235,bg,2.00,0.50,8,19,19,0,0,0,,,,0,6,4
ASN16_Th232,ASN16,U-235,bg,2.00,1.00,8,19,19,0,0,0,,,,0,5,4
ASN16_Th232,ASN16,U-235,bg,2.00,2.00,7,19,19,0,0,0,,,,0,4,5
ASN16_Charoite,ASN16,Th-232,unk,0.00,0.00,69,48,12,36,1,6,,,,34,46,1949
ASN16_Charoite,ASN16,Th-232,unk,0.00,0.05,66,48,12,36,1,6,,,,33,44,2001
ASN16_Charoite,ASN16,Th-232,unk,0.00,0.10,65,47,12,35,1,6,,,,32,43,2109
ASN16_Charoite,ASN16,Th-232,unk,0.00,0.20,60,45,12,33,1,6,,,,25,38,3240
ASN16_Charoite,ASN16,Th-232,unk,0.00,0.50,44,45,13,32,1,5,,,,22,28,2528
ASN16_Charoite,ASN16,Th-232,unk,0.00,1.00,30,37,15,22,1,3,,,,12,18,1000
ASN16_Charoite,ASN16,Th-232,unk,0.00,2.00,21,29,16,13,1,2,,,,6,9,930
ASN16_Charoite,ASN16,Th-232,unk,0.30,0.00,43,39,13,26,1,5,,,,34,46,1414
ASN16_Charoite,ASN16,Th-232,unk,0.30,0.05,42,39,13,26,1,5,,,,33,44,1635
ASN16_Charoite,ASN16,Th-232,unk,0.30,0.10,41,38,13,25,1,5,,,,32,43,1530
ASN16_Charoite,ASN16,Th-232,unk,0.30,0.20,38,38,14,24,1,4,,,,25,38,2241
ASN16_Charoite,ASN16,Th-232,unk,0.30,0.50,32,40,14,26,1,4,,,,22,28,2056
ASN16_Charoite,ASN16,Th-232,unk,0.30,1.00,25,37,16,21,1,2,,,,12,18,885
ASN16_Charoite,ASN16,Th-232,unk,0.30,2.00,18,31,17,14,1,1,,,,6,9,586
ASN16_Charoite,ASN16,Th-232,unk,0.50,0.00,35,40,14,26,1,4,,,,34,46,1611
ASN16_Charoite,ASN16,Th-232,unk,0.50,0.05,34,40,14,26,1,4,,,,33,44,2106
ASN16_Charoite,ASN16,Th-232,unk,0.50,0.10,33,39,14,25,1,4,,,,32,43,1935
ASN16_Charoite,ASN16,Th-232,unk,0.50,0.20,32,38,14,24,1,4,,,,25,38,2060
ASN16_Charoite,ASN16,Th-232,unk,0.50,0.50,30,38,14,24,1,4,,,,22,28,1916
ASN16_Charoite,ASN16,Th-232,unk,0.50,1.00,23,35,16,19,1,2,,,,12,18,795
ASN16_Charoite,ASN16,Th-232,unk,0.50,2.00,17,30,17,13,1,1,,,,6,9,533
ASN16_Charoite,ASN16,Th-232,unk,0.70,0.00,29,37,14,23,1,4,,,,36,40,1672
ASN16_Charoite,ASN16,Th-232,unk,0.70,0.05,29,37,14,23,1,4,,,,33,38,1692
ASN16_Charoite,ASN16,Th-232,unk,0.70,0.10,28,36,14,22,1,4,,,,32,37,1774
ASN16_Charoite,ASN16,Th-232,unk,0.70,0.20,27,36,14,22,1,4,,,,27,33,1404
ASN16_Charoite,ASN16,Th-232,unk,0.70,0.50,25,34,14,20,1,4,,,,20,25,1060
ASN16_Charoite,ASN16,Th-232,unk,0.70,1.00,20,32,16,16,1,2,,,,12,18,527
ASN16_Charoite,ASN16,Th-232,unk,0.70,2.00,17,30,17,13,1,1,,,,6,9,508
ASN16_Charoite,ASN16,Th-232,unk,0.85,0.00,26,35,14,21,1,4,,,,31,34,751
ASN16_Charoite,ASN16,Th-232,unk,0.85,0.05,26,35,14,21,1,4,,,,28,32,721
ASN16_Charoite,ASN16,Th-232,unk,0.85,0.10,25,34,14,20,1,4,,,,27,31,676
ASN16_Charoite,ASN16,Th-232,unk,0.85,0.20,25,34,14,20,1,4,,,,24,29,668
ASN16_Charoite,ASN16,Th-232,unk,0.85,0.50,24,33,14,19,1,4,,,,18,22,813
ASN16_Charoite,ASN16,Th-232,unk,0.85,1.00,20,32,16,16,1,2,,,,12,16,550
ASN16_Charoite,ASN16,Th-232,unk,0.85,2.00,17,30,17,13,1,1,,,,5,8,465
ASN16_Charoite,ASN16,Th-232,unk,1.00,0.00,25,35,15,20,1,3,,,,22,27,725
ASN16_Charoite,ASN16,Th-232,unk,1.00,0.05,25,35,15,20,1,3,,,,22,27,805
ASN16_Charoite,ASN16,Th-232,unk,1.00,0.10,24,34,15,19,1,3,,,,21,26,745
ASN16_Charoite,ASN16,Th-232,unk,1.00,0.20,24,34,15,19,1,3,,,,19,25,725
ASN16_Charoite,ASN16,Th-232,unk,1.00,0.50,23,33,15,18,1,3,,,,15,20,729
ASN16_Charoite,ASN16,Th-232,unk,1.00,1.00,19,32,17,15,1,1,,,,10,14,514
ASN16_Charoite,ASN16,Th-232,unk,1.00,2.00,17,30,17,13,1,1,,,,5,8,466
ASN16_Charoite,ASN16,Th-232,unk,1.30,0.00,20,31,15,16,1,3,,,,18,23,449
ASN16_Charoite,ASN16,Th-232,unk,1.30,0.05,20,31,15,16,1,3,,,,17,22,487
ASN16_Charoite,ASN16,Th-232,unk,1.30,0.10,19,30,15,15,1,3,,,,16,21,466
ASN16_Charoite,ASN16,Th-232,unk,1.30,0.20,18,29,15,14,1,3,,,,14,20,491
ASN16_Charoite,ASN16,Th-232,unk,1.30,0.50,16,28,16,12,1,2,,,,12,17,496
ASN16_Charoite,ASN16,Th-232,unk,1.30,1.00,13,27,17,10,1,1,,,,10,14,416
ASN16_Charoite,ASN16,Th-232,unk,1.30,2.00,11,25,17,8,1,1,,,,5,8,348
ASN16_Charoite,ASN16,Th-232,unk,1.60,0.00,19,30,16,14,1,2,,,,14,20,365
ASN16_Charoite,ASN16,Th-232,unk,1.60,0.05,19,30,16,14,1,2,,,,13,19,309
ASN16_Charoite,ASN16,Th-232,unk,1.60,0.10,18,29,16,13,1,2,,,,12,18,342
ASN16_Charoite,ASN16,Th-232,unk,1.60,0.20,18,29,16,13,1,2,,,,12,18,331
ASN16_Charoite,ASN16,Th-232,unk,1.60,0.50,15,28,18,10,1,0,,,,11,16,350
ASN16_Charoite,ASN16,Th-232,unk,1.60,1.00,11,26,18,8,1,0,,,,9,12,305
ASN16_Charoite,ASN16,Th-232,unk,1.60,2.00,9,24,18,6,1,0,,,,5,7,346
ASN16_Charoite,ASN16,Th-232,unk,2.00,0.00,14,28,17,11,1,1,,,,10,14,344
ASN16_Charoite,ASN16,Th-232,unk,2.00,0.05,14,28,17,11,1,1,,,,10,14,327
ASN16_Charoite,ASN16,Th-232,unk,2.00,0.10,13,27,17,10,1,1,,,,10,14,301
ASN16_Charoite,ASN16,Th-232,unk,2.00,0.20,13,27,17,10,1,1,,,,10,14,361
ASN16_Charoite,ASN16,Th-232,unk,2.00,0.50,12,26,17,9,1,1,,,,9,12,287
ASN16_Charoite,ASN16,Th-232,unk,2.00,1.00,10,25,17,8,1,1,,,,9,11,333
ASN16_Charoite,ASN16,Th-232,unk,2.00,2.00,9,25,18,7,1,0,,,,5,7,346
ASN16_Charoite,ASN16,Ra-226,pos,0.00,0.00,61,40,11,29,0,7,21,21,12,32,50,2035
ASN16_Charoite,ASN16,Ra-226,pos,0.00,0.05,35,38,12,26,0,6,21,21,12,26,31,1936
ASN16_Charoite,ASN16,Ra-226,pos,0.00,0.10,34,38,12,26,0,6,21,21,12,25,30,1655
ASN16_Charoite,ASN16,Ra-226,pos,0.00,0.20,34,38,12,26,0,6,21,21,12,25,30,1633
ASN16_Charoite,ASN16,Ra-226,pos,0.00,0.50,31,37,13,24,1,5,21,21,12,23,27,1312
ASN16_Charoite,ASN16,Ra-226,pos,0.00,1.00,27,32,15,17,1,3,21,21,12,19,23,830
ASN16_Charoite,ASN16,Ra-226,pos,0.00,2.00,17,24,17,7,1,1,16,21,12,12,16,280
ASN16_Charoite,ASN16,Ra-226,pos,0.30,0.00,46,40,13,27,0,5,21,21,12,32,50,2358
ASN16_Charoite,ASN16,Ra-226,pos,0.30,0.05,33,36,12,24,0,6,21,21,12,26,31,1721
ASN16_Charoite,ASN16,Ra-226,pos,0.30,0.10,32,36,12,24,0,6,21,21,12,25,30,1612
ASN16_Charoite,ASN16,Ra-226,pos,0.30,0.20,32,36,12,24,0,6,21,21,12,25,30,1646
ASN16_Charoite,ASN16,Ra-226,pos,0.30,0.50,29,35,13,22,1,5,21,21,12,23,27,1367
ASN16_Charoite,ASN16,Ra-226,pos,0.30,1.00,26,31,15,16,1,3,21,21,12,19,23,908
ASN16_Charoite,ASN16,Ra-226,pos,0.30,2.00,17,24,17,7,1,1,16,21,12,12,16,268
ASN16_Charoite,ASN16,Ra-226,pos,0.50,0.00,39,38,13,25,0,5,21,21,12,32,50,1964
ASN16_Charoite,ASN16,Ra-226,pos,0.50,0.05,30,33,13,20,0,5,21,21,12,26,31,2023
ASN16_Charoite,ASN16,Ra-226,pos,0.50,0.10,29,33,13,20,0,5,21,21,12,25,30,1955
ASN16_Charoite,ASN16,Ra-226,pos,0.50,0.20,29,33,13,20,0,5,21,21,12,25,30,1892
ASN16_Charoite,ASN16,Ra-226,pos,0.50,0.50,26,32,14,18,1,4,21,21,12,23,27,1588
ASN16_Charoite,ASN16,Ra-226,pos,0.50,1.00,23,29,15,14,1,3,21,21,12,19,23,991
ASN16_Charoite,ASN16,Ra-226,pos,0.50,2.00,15,22,18,4,1,0,16,21,12,12,16,203
ASN16_Charoite,ASN16,Ra-226,pos,0.70,0.00,33,36,15,21,0,3,20,21,12,27,41,1726
ASN16_Charoite,ASN16,Ra-226,pos,0.70,0.05,24,28,16,12,0,2,20,21,12,22,28,1122
ASN16_Charoite,ASN16,Ra-226,pos,0.70,0.10,24,28,16,12,0,2,20,21,12,21,27,1136
ASN16_Charoite,ASN16,Ra-226,pos,0.70,0.20,24,28,16,12,0,2,20,21,12,21,27,1186
ASN16_Charoite,ASN16,Ra-226,pos,0.70,0.50,21,27,17,10,1,1,20,21,12,19,24,750
ASN16_Charoite,ASN16,Ra-226,pos,0.70,1.00,20,26,17,9,1,1,20,21,12,17,22,601
ASN16_Charoite,ASN16,Ra-226,pos,0.70,2.00,15,22,18,4,1,0,16,21,12,10,15,157
ASN16_Charoite,ASN16,Ra-226,pos,0.85,0.00,29,34,18,16,1,0,19,21,12,29,35,692
ASN16_Charoite,ASN16,Ra-226,pos,0.85,0.05,22,27,18,9,1,0,19,21,12,22,25,426
ASN16_Charoite,ASN16,Ra-226,pos,0.85,0.10,22,27,18,9,1,0,19,21,12,21,24,492
ASN16_Charoite,ASN16,Ra-226,pos,0.85,0.20,22,27,18,9,1,0,19,21,12,21,24,421
ASN16_Charoite,ASN16,Ra-226,pos,0.85,0.50,21,27,18,9,1,0,19,21,12,19,21,535
ASN16_Charoite,ASN16,Ra-226,pos,0.85,1.00,19,25,18,7,1,0,19,21,12,18,20,386
ASN16_Charoite,ASN16,Ra-226,pos,0.85,2.00,15,22,18,4,1,0,16,21,12,11,13,245
ASN16_Charoite,ASN16,Ra-226,pos,1.00,0.00,25,30,18,12,1,0,19,21,12,26,31,515
ASN16_Charoite,ASN16,Ra-226,pos,1.00,0.05,22,27,18,9,1,0,19,21,12,20,23,493
ASN16_Charoite,ASN16,Ra-226,pos,1.00,0.10,22,27,18,9,1,0,19,21,12,19,22,493
ASN16_Charoite,ASN16,Ra-226,pos,1.00,0.20,22,27,18,9,1,0,19,21,12,19,22,438
ASN16_Charoite,ASN16,Ra-226,pos,1.00,0.50,21,27,18,9,1,0,19,21,12,17,19,464
ASN16_Charoite,ASN16,Ra-226,pos,1.00,1.00,19,25,18,7,1,0,19,21,12,15,17,395
ASN16_Charoite,ASN16,Ra-226,pos,1.00,2.00,15,22,18,4,1,0,16,21,12,10,12,155
ASN16_Charoite,ASN16,Ra-226,pos,1.30,0.00,21,26,18,8,1,0,16,21,12,22,26,390
ASN16_Charoite,ASN16,Ra-226,pos,1.30,0.05,19,24,18,6,1,0,16,21,12,18,21,298
ASN16_Charoite,ASN16,Ra-226,pos,1.30,0.10,19,24,18,6,1,0,16,21,12,17,20,325
ASN16_Charoite,ASN16,Ra-226,pos,1.30,0.20,19,24,18,6,1,0,16,21,12,17,20,351
ASN16_Charoite,ASN16,Ra-226,pos,1.30,0.50,17,23,18,5,1,0,16,21,12,17,19,336
ASN16_Charoite,ASN16,Ra-226,pos,1.30,1.00,16,22,18,4,1,0,16,21,12,14,16,351
ASN16_Charoite,ASN16,Ra-226,pos,1.30,2.00,14,21,18,3,1,0,15,21,12,10,12,204
ASN16_Charoite,ASN16,Ra-226,pos,1.60,0.00,19,24,18,6,1,0,16,21,12,18,23,400
ASN16_Charoite,ASN16,Ra-226,pos,1.60,0.05,16,21,18,3,1,0,15,21,12,17,20,360
ASN16_Charoite,ASN16,Ra-226,pos,1.60,0.10,16,21,18,3,1,0,15,21,12,16,19,373
ASN16_Charoite,ASN16,Ra-226,pos,1.60,0.20,16,21,18,3,1,0,15,21,12,16,19,366
ASN16_Charoite,ASN16,Ra-226,pos,1.60,0.50,15,21,18,3,1,0,15,21,12,16,18,352
ASN16_Charoite,ASN16,Ra-226,pos,1.60,1.00,15,21,18,3,1,0,15,21,12,13,15,356
ASN16_Charoite,ASN16,Ra-226,pos,1.60,2.00,14,21,18,3,1,0,15,21,12,9,11,226
ASN16_Charoite,ASN16,Ra-226,pos,2.00,0.00,16,23,18,5,1,0,14,21,12,13,17,213
ASN16_Charoite,ASN16,Ra-226,pos,2.00,0.05,14,21,18,3,1,0,14,21,12,11,14,163
ASN16_Charoite,ASN16,Ra-226,pos,2.00,0.10,14,21,18,3,1,0,14,21,12,11,14,160
ASN16_Charoite,ASN16,Ra-226,pos,2.00,0.20,14,21,18,3,1,0,14,21,12,11,14,155
ASN16_Charoite,ASN16,Ra-226,pos,2.00,0.50,13,21,18,3,1,0,14,21,12,11,13,167
ASN16_Charoite,ASN16,Ra-226,pos,2.00,1.00,12,20,18,2,1,0,14,21,12,11,13,150
ASN16_Charoite,ASN16,Ra-226,pos,2.00,2.00,11,20,18,2,1,0,14,21,12,9,11,160
ASN16_Charoite,ASN16,U-238,unk,0.00,0.00,91,18,18,0,0,0,,,,0,64,3
ASN16_Charoite,ASN16,U-238,unk,0.00,0.05,48,18,18,0,0,0,,,,0,36,3
ASN16_Charoite,ASN16,U-238,unk,0.00,0.10,43,18,18,0,0,0,,,,0,33,3
ASN16_Charoite,ASN16,U-238,unk,0.00,0.20,41,18,18,0,0,0,,,,0,32,3
ASN16_Charoite,ASN16,U-238,unk,0.00,0.50,35,18,18,0,0,0,,,,0,27,3
ASN16_Charoite,ASN16,U-238,unk,0.00,1.00,31,18,18,0,0,0,,,,0,23,3
ASN16_Charoite,ASN16,U-238,unk,0.00,2.00,21,18,18,0,0,0,,,,0,15,2
ASN16_Charoite,ASN16,U-238,unk,0.30,0.00,55,18,18,0,0,0,,,,0,64,3
ASN16_Charoite,ASN16,U-238,unk,0.30,0.05,40,18,18,0,0,0,,,,0,36,5
ASN16_Charoite,ASN16,U-238,unk,0.30,0.10,38,18,18,0,0,0,,,,0,33,3
ASN16_Charoite,ASN16,U-238,unk,0.30,0.20,37,18,18,0,0,0,,,,0,32,3
ASN16_Charoite,ASN16,U-238,unk,0.30,0.50,32,18,18,0,0,0,,,,0,27,3
ASN16_Charoite,ASN16,U-238,unk,0.30,1.00,29,18,18,0,0,0,,,,0,23,3
ASN16_Charoite,ASN16,U-238,unk,0.30,2.00,20,18,18,0,0,0,,,,0,15,5
ASN16_Charoite,ASN16,U-238,unk,0.50,0.00,46,18,18,0,0,0,,,,0,64,3
ASN16_Charoite,ASN16,U-238,unk,0.50,0.05,36,18,18,0,0,0,,,,0,36,3
ASN16_Charoite,ASN16,U-238,unk,0.50,0.10,34,18,18,0,0,0,,,,0,33,3
ASN16_Charoite,ASN16,U-238,unk,0.50,0.20,33,18,18,0,0,0,,,,0,32,3
ASN16_Charoite,ASN16,U-238,unk,0.50,0.50,29,18,18,0,0,0,,,,0,27,3
ASN16_Charoite,ASN16,U-238,unk,0.50,1.00,26,18,18,0,0,0,,,,0,23,3
ASN16_Charoite,ASN16,U-238,unk,0.50,2.00,18,18,18,0,0,0,,,,0,15,2
ASN16_Charoite,ASN16,U-238,unk,0.70,0.00,39,18,18,0,0,0,,,,0,44,2
ASN16_Charoite,ASN16,U-238,unk,0.70,0.05,28,18,18,0,0,0,,,,0,29,2
ASN16_Charoite,ASN16,U-238,unk,0.70,0.10,28,18,18,0,0,0,,,,0,28,2
ASN16_Charoite,ASN16,U-238,unk,0.70,0.20,28,18,18,0,0,0,,,,0,28,2
ASN16_Charoite,ASN16,U-238,unk,0.70,0.50,24,18,18,0,0,0,,,,0,23,3
ASN16_Charoite,ASN16,U-238,unk,0.70,1.00,23,18,18,0,0,0,,,,0,21,3
ASN16_Charoite,ASN16,U-238,unk,0.70,2.00,18,18,18,0,0,0,,,,0,15,3
ASN16_Charoite,ASN16,U-238,unk,0.85,0.00,33,18,18,0,0,0,,,,0,37,3
ASN16_Charoite,ASN16,U-238,unk,0.85,0.05,26,18,18,0,0,0,,,,0,26,3
ASN16_Charoite,ASN16,U-238,unk,0.85,0.10,26,18,18,0,0,0,,,,0,25,3
ASN16_Charoite,ASN16,U-238,unk,0.85,0.20,26,18,18,0,0,0,,,,0,25,3
ASN16_Charoite,ASN16,U-238,unk,0.85,0.50,24,18,18,0,0,0,,,,0,21,3
ASN16_Charoite,ASN16,U-238,unk,0.85,1.00,22,18,18,0,0,0,,,,0,19,3
ASN16_Charoite,ASN16,U-238,unk,0.85,2.00,18,18,18,0,0,0,,,,0,14,3
ASN16_Charoite,ASN16,U-238,unk,1.00,0.00,29,18,18,0,0,0,,,,0,32,3
ASN16_Charoite,ASN16,U-238,unk,1.00,0.05,26,18,18,0,0,0,,,,0,23,3
ASN16_Charoite,ASN16,U-238,unk,1.00,0.10,26,18,18,0,0,0,,,,0,23,2
ASN16_Charoite,ASN16,U-238,unk,1.00,0.20,26,18,18,0,0,0,,,,0,23,2
ASN16_Charoite,ASN16,U-238,unk,1.00,0.50,24,18,18,0,0,0,,,,0,19,2
ASN16_Charoite,ASN16,U-238,unk,1.00,1.00,22,18,18,0,0,0,,,,0,18,2
ASN16_Charoite,ASN16,U-238,unk,1.00,2.00,18,18,18,0,0,0,,,,0,14,3
ASN16_Charoite,ASN16,U-238,unk,1.30,0.00,25,18,18,0,0,0,,,,0,29,2
ASN16_Charoite,ASN16,U-238,unk,1.30,0.05,21,18,18,0,0,0,,,,0,20,2
ASN16_Charoite,ASN16,U-238,unk,1.30,0.10,21,18,18,0,0,0,,,,0,20,2
ASN16_Charoite,ASN16,U-238,unk,1.30,0.20,21,18,18,0,0,0,,,,0,20,3
ASN16_Charoite,ASN16,U-238,unk,1.30,0.50,18,18,18,0,0,0,,,,0,16,3
ASN16_Charoite,ASN16,U-238,unk,1.30,1.00,17,18,18,0,0,0,,,,0,15,3
ASN16_Charoite,ASN16,U-238,unk,1.30,2.00,15,18,18,0,0,0,,,,0,13,3
ASN16_Charoite,ASN16,U-238,unk,1.60,0.00,22,18,18,0,0,0,,,,0,23,4
ASN16_Charoite,ASN16,U-238,unk,1.60,0.05,17,18,18,0,0,0,,,,0,18,3
ASN16_Charoite,ASN16,U-238,unk,1.60,0.10,17,18,18,0,0,0,,,,0,18,3
ASN16_Charoite,ASN16,U-238,unk,1.60,0.20,17,18,18,0,0,0,,,,0,18,3
ASN16_Charoite,ASN16,U-238,unk,1.60,0.50,16,18,18,0,0,0,,,,0,15,2
ASN16_Charoite,ASN16,U-238,unk,1.60,1.00,16,18,18,0,0,0,,,,0,14,2
ASN16_Charoite,ASN16,U-238,unk,1.60,2.00,15,18,18,0,0,0,,,,0,12,3
ASN16_Charoite,ASN16,U-238,unk,2.00,0.00,17,18,18,0,0,0,,,,0,18,3
ASN16_Charoite,ASN16,U-238,unk,2.00,0.05,15,18,18,0,0,0,,,,0,15,2
ASN16_Charoite,ASN16,U-238,unk,2.00,0.10,15,18,18,0,0,0,,,,0,15,2
ASN16_Charoite,ASN16,U-238,unk,2.00,0.20,15,18,18,0,0,0,,,,0,15,2
ASN16_Charoite,ASN16,U-238,unk,2.00,0.50,14,18,18,0,0,0,,,,0,13,2
ASN16_Charoite,ASN16,U-238,unk,2.00,1.00,13,18,18,0,0,0,,,,0,13,2
ASN16_Charoite,ASN16,U-238,unk,2.00,2.00,12,18,18,0,0,0,,,,0,12,3
ASN16_Charoite,ASN16,U-235,unk,0.00,0.00,110,26,17,9,1,1,,,,13,40,435
ASN16_Charoite,ASN16,U-235,unk,0.00,0.05,81,25,17,8,1,1,,,,17,26,263
ASN16_Charoite,ASN16,U-235,unk,0.00,0.10,79,25,17,8,1,1,,,,17,26,276
ASN16_Charoite,ASN16,U-235,unk,0.00,0.20,63,34,15,19,0,3,,,,16,21,299
ASN16_Charoite,ASN16,U-235,unk,0.00,0.50,45,31,16,15,0,2,,,,12,14,264
ASN16_Charoite,ASN16,U-235,unk,0.00,1.00,36,29,16,13,0,2,,,,9,11,245
ASN16_Charoite,ASN16,U-235,unk,0.00,2.00,22,26,16,10,0,2,,,,5,7,254
ASN16_Charoite,ASN16,U-235,unk,0.30,0.00,40,25,17,8,1,1,,,,13,39,316
ASN16_Charoite,ASN16,U-235,unk,0.30,0.05,35,26,16,10,0,2,,,,17,25,300
ASN16_Charoite,ASN16,U-235,unk,0.30,0.10,34,28,15,13,0,3,,,,17,25,368
ASN16_Charoite,ASN16,U-235,unk,0.30,0.20,32,30,15,15,0,3,,,,15,20,272
ASN16_Charoite,ASN16,U-235,unk,0.30,0.50,25,31,16,15,0,2,,,,12,14,265
ASN16_Charoite,ASN16,U-235,unk,0.30,1.00,22,30,16,14,0,2,,,,9,11,231
ASN16_Charoite,ASN16,U-235,unk,0.30,2.00,16,25,16,9,0,2,,,,5,7,228
ASN16_Charoite,ASN16,U-235,unk,0.50,0.00,28,28,15,13,0,3,,,,13,39,456
ASN16_Charoite,ASN16,U-235,unk,0.50,0.05,26,27,15,12,0,3,,,,17,25,434
ASN16_Charoite,ASN16,U-235,unk,0.50,0.10,26,27,15,12,0,3,,,,17,25,440
ASN16_Charoite,ASN16,U-235,unk,0.50,0.20,25,27,16,11,0,2,,,,15,20,358
ASN16_Charoite,ASN16,U-235,unk,0.50,0.50,19,28,17,11,0,1,,,,12,14,276
ASN16_Charoite,ASN16,U-235,unk,0.50,1.00,17,29,17,12,0,1,,,,9,11,264
ASN16_Charoite,ASN16,U-235,unk,0.50,2.00,13,25,17,8,0,1,,,,5,7,216
ASN16_Charoite,ASN16,U-235,unk,0.70,0.00,23,29,16,13,0,2,,,,20,29,380
ASN16_Charoite,ASN16,U-235,unk,0.70,0.05,21,28,16,12,0,2,,,,16,22,378
ASN16_Charoite,ASN16,U-235,unk,0.70,0.10,21,28,16,12,0,2,,,,16,22,367
ASN16_Charoite,ASN16,U-235,unk,0.70,0.20,19,28,17,11,0,1,,,,12,17,313
ASN16_Charoite,ASN16,U-235,unk,0.70,0.50,16,27,17,10,0,1,,,,10,12,202
ASN16_Charoite,ASN16,U-235,unk,0.70,1.00,15,27,17,10,0,1,,,,8,10,202
ASN16_Charoite,ASN16,U-235,unk,0.70,2.00,13,25,17,8,0,1,,,,4,6,228
ASN16_Charoite,ASN16,U-235,unk,0.85,0.00,22,31,17,14,1,1,,,,18,23,240
ASN16_Charoite,ASN16,U-235,unk,0.85,0.05,20,30,17,13,1,1,,,,14,18,200
ASN16_Charoite,ASN16,U-235,unk,0.85,0.10,20,30,17,13,1,1,,,,14,18,231
ASN16_Charoite,ASN16,U-235,unk,0.85,0.20,18,29,18,11,1,0,,,,13,16,165
ASN16_Charoite,ASN16,U-235,unk,0.85,0.50,15,27,18,9,1,0,,,,10,12,164
ASN16_Charoite,ASN16,U-235,unk,0.85,1.00,14,27,18,9,1,0,,,,8,10,182
ASN16_Charoite,ASN16,U-235,unk,0.85,2.00,11,24,18,6,1,0,,,,4,6,153
ASN16_Charoite,ASN16,U-235,unk,1.00,0.00,19,28,16,12,1,2,,,,18,22,174
ASN16_Charoite,ASN16,U-235,unk,1.00,0.05,18,28,16,12,1,2,,,,14,17,154
ASN16_Charoite,ASN16,U-235,unk,1.00,0.10,17,28,17,11,1,1,,,,14,17,158
ASN16_Charoite,ASN16,U-235,unk,1.00,0.20,16,28,18,10,1,0,,,,13,15,138
ASN16_Charoite,ASN16,U-235,unk,1.00,0.50,14,26,18,8,1,0,,,,10,12,127
ASN16_Charoite,ASN16,U-235,unk,1.00,1.00,13,26,18,8,1,0,,,,8,10,119
ASN16_Charoite,ASN16,U-235,unk,1.00,2.00,10,23,18,5,1,0,,,,4,6,121
ASN16_Charoite,ASN16,U-235,unk,1.30,0.00,14,25,16,9,1,2,,,,18,20,216
ASN16_Charoite,ASN16,U-235,unk,1.30,0.05,13,25,16,9,1,2,,,,13,15,205
ASN16_Charoite,ASN16,U-235,unk,1.30,0.10,13,25,16,9,1,2,,,,13,15,196
ASN16_Charoite,ASN16,U-235,unk,1.30,0.20,12,25,17,8,1,1,,,,12,14,220
ASN16_Charoite,ASN16,U-235,unk,1.30,0.50,10,24,18,6,1,0,,,,9,11,134
ASN16_Charoite,ASN16,U-235,unk,1.30,1.00,9,24,18,6,1,0,,,,7,9,116
ASN16_Charoite,ASN16,U-235,unk,1.30,2.00,8,23,18,5,1,0,,,,4,6,116
ASN16_Charoite,ASN16,U-235,unk,1.60,0.00,11,24,17,7,1,1,,,,11,14,151
ASN16_Charoite,ASN16,U-235,unk,1.60,0.05,10,24,17,7,1,1,,,,9,12,138
ASN16_Charoite,ASN16,U-235,unk,1.60,0.10,10,24,17,7,1,1,,,,9,12,154
ASN16_Charoite,ASN16,U-235,unk,1.60,0.20,9,24,18,6,1,0,,,,9,12,122
ASN16_Charoite,ASN16,U-235,unk,1.60,0.50,8,23,18,5,1,0,,,,6,8,141
ASN16_Charoite,ASN16,U-235,unk,1.60,1.00,8,23,18,5,1,0,,,,4,6,116
ASN16_Charoite,ASN16,U-235,unk,1.60,2.00,7,22,18,4,1,0,,,,3,5,113
ASN16_Charoite,ASN16,U-235,unk,2.00,0.00,11,24,17,7,1,1,,,,7,11,159
ASN16_Charoite,ASN16,U-235,unk,2.00,0.05,10,24,17,7,1,1,,,,7,10,151
ASN16_Charoite,ASN16,U-235,unk,2.00,0.10,10,24,17,7,1,1,,,,7,10,144
ASN16_Charoite,ASN16,U-235,unk,2.00,0.20,9,24,18,6,1,0,,,,7,10,132
ASN16_Charoite,ASN16,U-235,unk,2.00,0.50,8,23,18,5,1,0,,,,4,6,112
ASN16_Charoite,ASN16,U-235,unk,2.00,1.00,8,23,18,5,1,0,,,,3,5,125
ASN16_Charoite,ASN16,U-235,unk,2.00,2.00,7,22,18,4,1,0,,,,2,4,126
ASN16_UGlass,ASN16,Th-232,neg,0.00,0.00,69,26,13,13,1,2,,,,22,46,834
ASN16_UGlass,ASN16,Th-232,neg,0.00,0.05,66,26,13,13,1,2,,,,21,44,940
ASN16_UGlass,ASN16,Th-232,neg,0.00,0.10,65,25,13,12,1,2,,,,20,43,978
ASN16_UGlass,ASN16,Th-232,neg,0.00,0.20,60,26,13,13,1,2,,,,20,38,1940
ASN16_UGlass,ASN16,Th-232,neg,0.00,0.50,44,23,13,10,1,2,,,,18,28,1588
ASN16_UGlass,ASN16,Th-232,neg,0.00,1.00,30,28,12,16,1,3,,,,14,18,862
ASN16_UGlass,ASN16,Th-232,neg,0.00,2.00,21,24,12,12,1,3,,,,8,9,689
ASN16_UGlass,ASN16,Th-232,neg,0.30,0.00,43,27,13,14,1,2,,,,22,46,1075
ASN16_UGlass,ASN16,Th-232,neg,0.30,0.05,42,27,13,14,1,2,,,,21,44,1149
ASN16_UGlass,ASN16,Th-232,neg,0.30,0.10,41,26,13,13,1,2,,,,20,43,1080
ASN16_UGlass,ASN16,Th-232,neg,0.30,0.20,38,27,13,14,1,2,,,,20,38,1785
ASN16_UGlass,ASN16,Th-232,neg,0.30,0.50,32,30,13,17,1,2,,,,18,28,1509
ASN16_UGlass,ASN16,Th-232,neg,0.30,1.00,25,27,13,14,1,2,,,,14,18,647
ASN16_UGlass,ASN16,Th-232,neg,0.30,2.00,18,23,13,10,1,2,,,,8,9,398
ASN16_UGlass,ASN16,Th-232,neg,0.50,0.00,35,31,12,19,1,3,,,,22,46,1143
ASN16_UGlass,ASN16,Th-232,neg,0.50,0.05,34,31,12,19,1,3,,,,21,44,1228
ASN16_UGlass,ASN16,Th-232,neg,0.50,0.10,33,30,12,18,1,3,,,,20,43,1308
ASN16_UGlass,ASN16,Th-232,neg,0.50,0.20,32,31,12,19,1,3,,,,20,38,1830
ASN16_UGlass,ASN16,Th-232,neg,0.50,0.50,30,29,12,17,1,3,,,,18,28,1567
ASN16_UGlass,ASN16,Th-232,neg,0.50,1.00,23,26,12,14,1,3,,,,14,18,573
ASN16_UGlass,ASN16,Th-232,neg,0.50,2.00,17,23,12,11,1,3,,,,8,9,314
ASN16_UGlass,ASN16,Th-232,neg,0.70,0.00,29,29,13,16,1,2,,,,25,40,1077
ASN16_UGlass,ASN16,Th-232,neg,0.70,0.05,29,29,13,16,1,2,,,,25,38,982
ASN16_UGlass,ASN16,Th-232,neg,0.70,0.10,28,28,13,15,1,2,,,,24,37,933
ASN16_UGlass,ASN16,Th-232,neg,0.70,0.20,27,28,12,16,1,3,,,,22,33,909
ASN16_UGlass,ASN16,Th-232,neg,0.70,0.50,25,27,12,15,1,3,,,,19,25,653
ASN16_UGlass,ASN16,Th-232,neg,0.70,1.00,20,24,12,12,1,3,,,,14,18,416
ASN16_UGlass,ASN16,Th-232,neg,0.70,2.00,17,23,12,11,1,3,,,,8,9,270
ASN16_UGlass,ASN16,Th-232,neg,0.85,0.00,26,29,12,17,1,3,,,,21,34,656
ASN16_UGlass,ASN16,Th-232,neg,0.85,0.05,26,29,12,17,1,3,,,,21,32,718
ASN16_UGlass,ASN16,Th-232,neg,0.85,0.10,25,28,12,16,1,3,,,,20,31,645
ASN16_UGlass,ASN16,Th-232,neg,0.85,0.20,25,28,12,16,1,3,,,,19,29,696
ASN16_UGlass,ASN16,Th-232,neg,0.85,0.50,24,27,12,15,1,3,,,,17,22,632
ASN16_UGlass,ASN16,Th-232,neg,0.85,1.00,20,24,12,12,1,3,,,,13,16,428
ASN16_UGlass,ASN16,Th-232,neg,0.85,2.00,17,23,12,11,1,3,,,,7,8,248
ASN16_UGlass,ASN16,Th-232,neg,1.00,0.00,25,30,12,18,1,3,,,,18,27,468
ASN16_UGlass,ASN16,Th-232,neg,1.00,0.05,25,30,12,18,1,3,,,,18,27,462
ASN16_UGlass,ASN16,Th-232,neg,1.00,0.10,24,29,12,17,1,3,,,,17,26,464
ASN16_UGlass,ASN16,Th-232,neg,1.00,0.20,24,29,12,17,1,3,,,,16,25,485
ASN16_UGlass,ASN16,Th-232,neg,1.00,0.50,23,28,12,16,1,3,,,,15,20,435
ASN16_UGlass,ASN16,Th-232,neg,1.00,1.00,19,25,12,13,1,3,,,,11,14,272
ASN16_UGlass,ASN16,Th-232,neg,1.00,2.00,17,23,12,11,1,3,,,,7,8,273
ASN16_UGlass,ASN16,Th-232,neg,1.30,0.00,20,26,11,15,1,4,,,,17,23,773
ASN16_UGlass,ASN16,Th-232,neg,1.30,0.05,20,26,11,15,1,4,,,,16,22,661
ASN16_UGlass,ASN16,Th-232,neg,1.30,0.10,19,25,11,14,1,4,,,,15,21,631
ASN16_UGlass,ASN16,Th-232,neg,1.30,0.20,18,25,12,13,1,3,,,,14,20,381
ASN16_UGlass,ASN16,Th-232,neg,1.30,0.50,16,23,12,11,1,3,,,,14,17,158
ASN16_UGlass,ASN16,Th-232,neg,1.30,1.00,13,21,12,9,1,3,,,,11,14,156
ASN16_UGlass,ASN16,Th-232,neg,1.30,2.00,11,19,12,7,1,3,,,,7,8,147
ASN16_UGlass,ASN16,Th-232,neg,1.60,0.00,19,25,11,14,1,4,,,,15,20,441
ASN16_UGlass,ASN16,Th-232,neg,1.60,0.05,19,25,11,14,1,4,,,,14,19,405
ASN16_UGlass,ASN16,Th-232,neg,1.60,0.10,18,24,11,13,1,4,,,,13,18,425
ASN16_UGlass,ASN16,Th-232,neg,1.60,0.20,18,24,11,13,1,4,,,,13,18,432
ASN16_UGlass,ASN16,Th-232,neg,1.60,0.50,15,22,12,10,1,3,,,,13,16,156
ASN16_UGlass,ASN16,Th-232,neg,1.60,1.00,11,19,12,7,1,3,,,,10,12,134
ASN16_UGlass,ASN16,Th-232,neg,1.60,2.00,9,17,12,5,1,3,,,,6,7,161
ASN16_UGlass,ASN16,Th-232,neg,2.00,0.00,14,22,12,10,1,3,,,,10,14,304
ASN16_UGlass,ASN16,Th-232,neg,2.00,0.05,14,22,12,10,1,3,,,,10,14,281
ASN16_UGlass,ASN16,Th-232,neg,2.00,0.10,13,21,12,9,1,3,,,,10,14,277
ASN16_UGlass,ASN16,Th-232,neg,2.00,0.20,13,21,12,9,1,3,,,,10,14,311
ASN16_UGlass,ASN16,Th-232,neg,2.00,0.50,12,20,12,8,1,3,,,,10,12,130
ASN16_UGlass,ASN16,Th-232,neg,2.00,1.00,10,18,12,6,1,3,,,,9,11,135
ASN16_UGlass,ASN16,Th-232,neg,2.00,2.00,9,18,12,6,1,3,,,,6,7,136
ASN16_UGlass,ASN16,Ra-226,neg,0.00,0.00,61,25,13,12,0,2,,,,17,50,756
ASN16_UGlass,ASN16,Ra-226,neg,0.00,0.05,35,26,11,15,0,4,,,,14,31,1021
ASN16_UGlass,ASN16,Ra-226,neg,0.00,0.10,34,27,11,16,0,4,,,,13,30,978
ASN16_UGlass,ASN16,Ra-226,neg,0.00,0.20,34,27,11,16,0,4,,,,13,30,919
ASN16_UGlass,ASN16,Ra-226,neg,0.00,0.50,31,25,12,13,1,3,,,,14,27,728
ASN16_UGlass,ASN16,Ra-226,neg,0.00,1.00,27,23,12,11,1,3,,,,12,23,644
ASN16_UGlass,ASN16,Ra-226,neg,0.00,2.00,17,20,12,8,1,3,,,,8,16,320
ASN16_UGlass,ASN16,Ra-226,neg,0.30,0.00,46,27,11,16,0,4,,,,17,50,1574
ASN16_UGlass,ASN16,Ra-226,neg,0.30,0.05,33,26,11,15,0,4,,,,14,31,958
ASN16_UGlass,ASN16,Ra-226,neg,0.30,0.10,32,27,11,16,0,4,,,,13,30,987
ASN16_UGlass,ASN16,Ra-226,neg,0.30,0.20,32,27,11,16,0,4,,,,13,30,926
ASN16_UGlass,ASN16,Ra-226,neg,0.30,0.50,29,25,12,13,1,3,,,,14,27,720
ASN16_UGlass,ASN16,Ra-226,neg,0.30,1.00,26,23,12,11,1,3,,,,12,23,667
ASN16_UGlass,ASN16,Ra-226,neg,0.30,2.00,17,20,12,8,1,3,,,,8,16,305
ASN16_UGlass,ASN16,Ra-226,neg,0.50,0.00,39,26,11,15,0,4,,,,17,50,1301
ASN16_UGlass,ASN16,Ra-226,neg,0.50,0.05,30,25,11,14,0,4,,,,14,31,787
ASN16_UGlass,ASN16,Ra-226,neg,0.50,0.10,29,26,11,15,0,4,,,,13,30,757
ASN16_UGlass,ASN16,Ra-226,neg,0.50,0.20,29,26,11,15,0,4,,,,13,30,767
ASN16_UGlass,ASN16,Ra-226,neg,0.50,0.50,26,24,12,12,1,3,,,,14,27,571
ASN16_UGlass,ASN16,Ra-226,neg,0.50,1.00,23,22,12,10,1,3,,,,12,23,508
ASN16_UGlass,ASN16,Ra-226,neg,0.50,2.00,15,20,12,8,1,3,,,,8,16,179
ASN16_UGlass,ASN16,Ra-226,neg,0.70,0.00,33,29,11,18,0,4,,,,19,41,1238
ASN16_UGlass,ASN16,Ra-226,neg,0.70,0.05,24,26,10,16,0,5,,,,15,28,597
ASN16_UGlass,ASN16,Ra-226,neg,0.70,0.10,24,26,10,16,0,5,,,,14,27,553
ASN16_UGlass,ASN16,Ra-226,neg,0.70,0.20,24,26,10,16,0,5,,,,14,27,553
ASN16_UGlass,ASN16,Ra-226,neg,0.70,0.50,21,24,11,13,1,4,,,,12,24,343
ASN16_UGlass,ASN16,Ra-226,neg,0.70,1.00,20,23,11,12,1,4,,,,11,22,375
ASN16_UGlass,ASN16,Ra-226,neg,0.70,2.00,15,20,12,8,1,3,,,,7,15,191
ASN16_UGlass,ASN16,Ra-226,neg,0.85,0.00,29,27,13,14,1,2,,,,17,35,541
ASN16_UGlass,ASN16,Ra-226,neg,0.85,0.05,22,25,12,13,1,3,,,,14,25,232
ASN16_UGlass,ASN16,Ra-226,neg,0.85,0.10,22,25,12,13,1,3,,,,13,24,284
ASN16_UGlass,ASN16,Ra-226,neg,0.85,0.20,22,25,12,13,1,3,,,,13,24,260
ASN16_UGlass,ASN16,Ra-226,neg,0.85,0.50,21,24,12,12,1,3,,,,11,21,263
ASN16_UGlass,ASN16,Ra-226,neg,0.85,1.00,19,22,12,10,1,3,,,,11,20,256
ASN16_UGlass,ASN16,Ra-226,neg,0.85,2.00,15,20,12,8,1,3,,,,7,13,227
ASN16_UGlass,ASN16,Ra-226,neg,1.00,0.00,25,25,12,13,1,3,,,,16,31,603
ASN16_UGlass,ASN16,Ra-226,neg,1.00,0.05,22,25,12,13,1,3,,,,14,23,255
ASN16_UGlass,ASN16,Ra-226,neg,1.00,0.10,22,25,12,13,1,3,,,,13,22,256
ASN16_UGlass,ASN16,Ra-226,neg,1.00,0.20,22,25,12,13,1,3,,,,13,22,219
ASN16_UGlass,ASN16,Ra-226,neg,1.00,0.50,21,24,12,12,1,3,,,,11,19,246
ASN16_UGlass,ASN16,Ra-226,neg,1.00,1.00,19,22,12,10,1,3,,,,10,17,291
ASN16_UGlass,ASN16,Ra-226,neg,1.00,2.00,15,20,12,8,1,3,,,,7,12,210
ASN16_UGlass,ASN16,Ra-226,neg,1.30,0.00,21,24,12,12,1,3,,,,12,26,517
ASN16_UGlass,ASN16,Ra-226,neg,1.30,0.05,19,23,12,11,1,3,,,,13,21,247
ASN16_UGlass,ASN16,Ra-226,neg,1.30,0.10,19,23,12,11,1,3,,,,12,20,241
ASN16_UGlass,ASN16,Ra-226,neg,1.30,0.20,19,23,12,11,1,3,,,,12,20,257
ASN16_UGlass,ASN16,Ra-226,neg,1.30,0.50,17,21,12,9,1,3,,,,11,19,231
ASN16_UGlass,ASN16,Ra-226,neg,1.30,1.00,16,20,12,8,1,3,,,,9,16,222
ASN16_UGlass,ASN16,Ra-226,neg,1.30,2.00,14,19,12,7,1,3,,,,7,12,209
ASN16_UGlass,ASN16,Ra-226,neg,1.60,0.00,19,22,12,10,1,3,,,,12,23,518
ASN16_UGlass,ASN16,Ra-226,neg,1.60,0.05,16,21,12,9,1,3,,,,12,20,234
ASN16_UGlass,ASN16,Ra-226,neg,1.60,0.10,16,21,12,9,1,3,,,,11,19,199
ASN16_UGlass,ASN16,Ra-226,neg,1.60,0.20,16,21,12,9,1,3,,,,11,19,239
ASN16_UGlass,ASN16,Ra-226,neg,1.60,0.50,15,20,12,8,1,3,,,,10,18,216
ASN16_UGlass,ASN16,Ra-226,neg,1.60,1.00,15,20,12,8,1,3,,,,8,15,226
ASN16_UGlass,ASN16,Ra-226,neg,1.60,2.00,14,19,12,7,1,3,,,,6,11,197
ASN16_UGlass,ASN16,Ra-226,neg,2.00,0.00,16,23,14,9,1,1,,,,9,17,430
ASN16_UGlass,ASN16,Ra-226,neg,2.00,0.05,14,22,14,8,1,1,,,,9,14,181
ASN16_UGlass,ASN16,Ra-226,neg,2.00,0.10,14,22,14,8,1,1,,,,9,14,171
ASN16_UGlass,ASN16,Ra-226,neg,2.00,0.20,14,22,14,8,1,1,,,,9,14,159
ASN16_UGlass,ASN16,Ra-226,neg,2.00,0.50,13,21,14,7,1,1,,,,8,13,212
ASN16_UGlass,ASN16,Ra-226,neg,2.00,1.00,12,20,14,6,1,1,,,,8,13,166
ASN16_UGlass,ASN16,Ra-226,neg,2.00,2.00,11,19,14,5,1,1,,,,6,11,144
ASN16_UGlass,ASN16,U-238,head,0.00,0.00,91,32,12,20,1,3,2,2,2,29,64,2221
ASN16_UGlass,ASN16,U-238,head,0.00,0.05,48,31,13,18,1,2,2,2,2,27,36,1026
ASN16_UGlass,ASN16,U-238,head,0.00,0.10,43,31,13,18,1,2,2,2,2,24,33,1130
ASN16_UGlass,ASN16,U-238,head,0.00,0.20,41,31,13,18,1,2,2,2,2,23,32,1732
ASN16_UGlass,ASN16,U-238,head,0.00,0.50,35,27,13,14,1,2,2,2,2,20,27,1717
ASN16_UGlass,ASN16,U-238,head,0.00,1.00,31,25,13,12,1,2,2,2,2,17,23,1858
ASN16_UGlass,ASN16,U-238,head,0.00,2.00,21,22,14,8,1,1,2,2,2,13,15,502
ASN16_UGlass,ASN16,U-238,head,0.30,0.00,55,31,11,20,1,4,2,2,2,29,64,3400
ASN16_UGlass,ASN16,U-238,head,0.30,0.05,40,30,13,17,1,2,2,2,2,27,36,1279
ASN16_UGlass,ASN16,U-238,head,0.30,0.10,38,30,13,17,1,2,2,2,2,24,33,1683
ASN16_UGlass,ASN16,U-238,head,0.30,0.20,37,30,13,17,1,2,2,2,2,23,32,1862
ASN16_UGlass,ASN16,U-238,head,0.30,0.50,32,27,12,15,1,3,2,2,2,20,27,1494
ASN16_UGlass,ASN16,U-238,head,0.30,1.00,29,25,12,13,1,3,2,2,2,17,23,1509
ASN16_UGlass,ASN16,U-238,head,0.30,2.00,20,22,13,9,1,2,2,2,2,13,15,350
ASN16_UGlass,ASN16,U-238,head,0.50,0.00,46,29,11,18,1,4,2,2,2,29,64,1519
ASN16_UGlass,ASN16,U-238,head,0.50,0.05,36,29,13,16,1,2,2,2,2,27,36,864
ASN16_UGlass,ASN16,U-238,head,0.50,0.10,34,29,13,16,1,2,2,2,2,24,33,1033
ASN16_UGlass,ASN16,U-238,head,0.50,0.20,33,29,13,16,1,2,2,2,2,23,32,1060
ASN16_UGlass,ASN16,U-238,head,0.50,0.50,29,26,12,14,1,3,2,2,2,20,27,750
ASN16_UGlass,ASN16,U-238,head,0.50,1.00,26,24,12,12,1,3,2,2,2,17,23,719
ASN16_UGlass,ASN16,U-238,head,0.50,2.00,18,22,13,9,1,2,2,2,2,13,15,202
ASN16_UGlass,ASN16,U-238,head,0.70,0.00,39,31,11,20,1,4,2,2,2,25,44,2428
ASN16_UGlass,ASN16,U-238,head,0.70,0.05,28,29,13,16,1,2,2,2,2,21,29,793
ASN16_UGlass,ASN16,U-238,head,0.70,0.10,28,29,13,16,1,2,2,2,2,20,28,812
ASN16_UGlass,ASN16,U-238,head,0.70,0.20,28,29,13,16,1,2,2,2,2,20,28,784
ASN16_UGlass,ASN16,U-238,head,0.70,0.50,24,26,12,14,1,3,2,2,2,17,23,353
ASN16_UGlass,ASN16,U-238,head,0.70,1.00,23,25,12,13,1,3,2,2,2,16,21,345
ASN16_UGlass,ASN16,U-238,head,0.70,2.00,18,22,13,9,1,2,2,2,2,13,15,201
ASN16_UGlass,ASN16,U-238,head,0.85,0.00,33,29,11,18,1,4,2,2,2,24,37,499
ASN16_UGlass,ASN16,U-238,head,0.85,0.05,26,28,13,15,1,2,2,2,2,19,26,288
ASN16_UGlass,ASN16,U-238,head,0.85,0.10,26,28,13,15,1,2,2,2,2,18,25,284
ASN16_UGlass,ASN16,U-238,head,0.85,0.20,26,28,13,15,1,2,2,2,2,18,25,289
ASN16_UGlass,ASN16,U-238,head,0.85,0.50,24,26,13,13,1,2,2,2,2,16,21,246
ASN16_UGlass,ASN16,U-238,head,0.85,1.00,22,24,13,11,1,2,2,2,2,15,19,249
ASN16_UGlass,ASN16,U-238,head,0.85,2.00,18,22,13,9,1,2,2,2,2,11,14,185
ASN16_UGlass,ASN16,U-238,head,1.00,0.00,29,27,12,15,1,3,2,2,2,22,32,483
ASN16_UGlass,ASN16,U-238,head,1.00,0.05,26,28,13,15,1,2,2,2,2,17,23,292
ASN16_UGlass,ASN16,U-238,head,1.00,0.10,26,28,13,15,1,2,2,2,2,17,23,310
ASN16_UGlass,ASN16,U-238,head,1.00,0.20,26,28,13,15,1,2,2,2,2,17,23,344
ASN16_UGlass,ASN16,U-238,head,1.00,0.50,24,26,13,13,1,2,2,2,2,15,19,268
ASN16_UGlass,ASN16,U-238,head,1.00,1.00,22,24,13,11,1,2,2,2,2,15,18,245
ASN16_UGlass,ASN16,U-238,head,1.00,2.00,18,22,13,9,1,2,2,2,2,11,14,195
ASN16_UGlass,ASN16,U-238,head,1.30,0.00,25,26,12,14,1,3,2,2,2,19,29,435
ASN16_UGlass,ASN16,U-238,head,1.30,0.05,21,24,13,11,1,2,2,2,2,14,20,361
ASN16_UGlass,ASN16,U-238,head,1.30,0.10,21,24,13,11,1,2,2,2,2,14,20,318
ASN16_UGlass,ASN16,U-238,head,1.30,0.20,21,24,13,11,1,2,2,2,2,14,20,329
ASN16_UGlass,ASN16,U-238,head,1.30,0.50,18,22,13,9,1,2,2,2,2,12,16,198
ASN16_UGlass,ASN16,U-238,head,1.30,1.00,17,21,13,8,1,2,2,2,2,12,15,196
ASN16_UGlass,ASN16,U-238,head,1.30,2.00,15,20,13,7,1,2,2,2,2,10,13,177
ASN16_UGlass,ASN16,U-238,head,1.60,0.00,22,24,12,12,1,3,2,2,2,16,23,287
ASN16_UGlass,ASN16,U-238,head,1.60,0.05,17,22,13,9,1,2,2,2,2,13,18,203
ASN16_UGlass,ASN16,U-238,head,1.60,0.10,17,22,13,9,1,2,2,2,2,13,18,187
ASN16_UGlass,ASN16,U-238,head,1.60,0.20,17,22,13,9,1,2,2,2,2,13,18,201
ASN16_UGlass,ASN16,U-238,head,1.60,0.50,16,21,13,8,1,2,2,2,2,11,15,170
ASN16_UGlass,ASN16,U-238,head,1.60,1.00,16,21,13,8,1,2,2,2,2,11,14,181
ASN16_UGlass,ASN16,U-238,head,1.60,2.00,15,20,13,7,1,2,2,2,2,9,12,187
ASN16_UGlass,ASN16,U-238,head,2.00,0.00,17,22,12,10,1,3,2,2,2,13,18,183
ASN16_UGlass,ASN16,U-238,head,2.00,0.05,15,22,13,9,1,2,2,2,2,11,15,150
ASN16_UGlass,ASN16,U-238,head,2.00,0.10,15,22,13,9,1,2,2,2,2,11,15,171
ASN16_UGlass,ASN16,U-238,head,2.00,0.20,15,22,13,9,1,2,2,2,2,11,15,177
ASN16_UGlass,ASN16,U-238,head,2.00,0.50,14,21,13,8,1,2,2,2,2,10,13,149
ASN16_UGlass,ASN16,U-238,head,2.00,1.00,13,20,13,7,1,2,2,2,2,10,13,142
ASN16_UGlass,ASN16,U-238,head,2.00,2.00,12,19,13,6,1,2,2,2,2,9,12,149
ASN16_UGlass,ASN16,U-235,pos,0.00,0.00,110,23,14,9,1,1,7,16,4,12,40,206
ASN16_UGlass,ASN16,U-235,pos,0.00,0.05,81,22,15,7,1,0,7,16,4,10,26,152
ASN16_UGlass,ASN16,U-235,pos,0.00,0.10,79,22,15,7,1,0,7,16,4,10,26,165
ASN16_UGlass,ASN16,U-235,pos,0.00,0.20,63,21,15,6,1,0,7,16,4,13,21,228
ASN16_UGlass,ASN16,U-235,pos,0.00,0.50,45,20,15,5,1,0,8,16,4,13,14,197
ASN16_UGlass,ASN16,U-235,pos,0.00,1.00,36,20,15,5,1,0,8,16,4,10,11,176
ASN16_UGlass,ASN16,U-235,pos,0.00,2.00,22,19,14,5,1,1,8,16,4,6,7,213
ASN16_UGlass,ASN16,U-235,pos,0.30,0.00,40,23,15,8,1,0,7,16,4,12,39,164
ASN16_UGlass,ASN16,U-235,pos,0.30,0.05,35,22,15,7,1,0,7,16,4,10,25,173
ASN16_UGlass,ASN16,U-235,pos,0.30,0.10,34,22,15,7,1,0,7,16,4,10,25,220
ASN16_UGlass,ASN16,U-235,pos,0.30,0.20,32,21,15,6,1,0,7,16,4,13,20,217
ASN16_UGlass,ASN16,U-235,pos,0.30,0.50,25,20,15,5,1,0,8,16,4,13,14,185
ASN16_UGlass,ASN16,U-235,pos,0.30,1.00,22,20,15,5,1,0,8,16,4,10,11,193
ASN16_UGlass,ASN16,U-235,pos,0.30,2.00,16,18,14,4,1,1,8,16,4,6,7,196
ASN16_UGlass,ASN16,U-235,pos,0.50,0.00,28,23,15,8,1,0,8,16,4,12,39,557
ASN16_UGlass,ASN16,U-235,pos,0.50,0.05,26,22,15,7,1,0,8,16,4,10,25,451
ASN16_UGlass,ASN16,U-235,pos,0.50,0.10,26,22,15,7,1,0,8,16,4,10,25,451
ASN16_UGlass,ASN16,U-235,pos,0.50,0.20,25,21,15,6,1,0,8,16,4,13,20,457
ASN16_UGlass,ASN16,U-235,pos,0.50,0.50,19,20,15,5,1,0,9,16,4,13,14,334
ASN16_UGlass,ASN16,U-235,pos,0.50,1.00,17,22,15,7,1,0,11,16,4,10,11,403
ASN16_UGlass,ASN16,U-235,pos,0.50,2.00,13,21,14,7,1,1,11,16,4,6,7,283
ASN16_UGlass,ASN16,U-235,pos,0.70,0.00,23,27,15,12,1,0,12,16,4,18,29,519
ASN16_UGlass,ASN16,U-235,pos,0.70,0.05,21,26,15,11,1,0,12,16,4,14,22,522
ASN16_UGlass,ASN16,U-235,pos,0.70,0.10,21,26,15,11,1,0,12,16,4,14,22,511
ASN16_UGlass,ASN16,U-235,pos,0.70,0.20,19,25,15,10,1,0,12,16,4,12,17,445
ASN16_UGlass,ASN16,U-235,pos,0.70,0.50,16,23,14,9,1,1,13,16,4,11,12,402
ASN16_UGlass,ASN16,U-235,pos,0.70,1.00,15,23,14,9,1,1,13,16,4,9,10,372
ASN16_UGlass,ASN16,U-235,pos,0.70,2.00,13,21,14,7,1,1,11,16,4,5,6,283
ASN16_UGlass,ASN16,U-235,pos,0.85,0.00,22,28,12,16,1,3,13,16,4,20,23,569
ASN16_UGlass,ASN16,U-235,pos,0.85,0.05,20,27,12,15,1,3,13,16,4,15,18,542
ASN16_UGlass,ASN16,U-235,pos,0.85,0.10,20,27,12,15,1,3,13,16,4,15,18,512
ASN16_UGlass,ASN16,U-235,pos,0.85,0.20,18,26,12,14,1,3,13,16,4,13,16,504
ASN16_UGlass,ASN16,U-235,pos,0.85,0.50,15,23,14,9,1,1,12,16,4,11,12,407
ASN16_UGlass,ASN16,U-235,pos,0.85,1.00,14,23,14,9,1,1,12,16,4,9,10,410
ASN16_UGlass,ASN16,U-235,pos,0.85,2.00,11,21,14,7,1,1,11,16,4,5,6,228
ASN16_UGlass,ASN16,U-235,pos,1.00,0.00,19,24,11,13,1,4,10,16,4,19,22,386
ASN16_UGlass,ASN16,U-235,pos,1.00,0.05,18,24,11,13,1,4,10,16,4,14,17,383
ASN16_UGlass,ASN16,U-235,pos,1.00,0.10,17,24,12,12,1,3,10,16,4,14,17,414
ASN16_UGlass,ASN16,U-235,pos,1.00,0.20,16,23,12,11,1,3,10,16,4,12,15,344
ASN16_UGlass,ASN16,U-235,pos,1.00,0.50,14,21,12,9,1,3,10,16,4,11,12,318
ASN16_UGlass,ASN16,U-235,pos,1.00,1.00,13,21,12,9,1,3,10,16,4,9,10,319
ASN16_UGlass,ASN16,U-235,pos,1.00,2.00,10,19,12,7,1,3,9,16,4,5,6,150
ASN16_UGlass,ASN16,U-235,pos,1.30,0.00,14,23,13,10,1,2,12,16,4,16,20,154
ASN16_UGlass,ASN16,U-235,pos,1.30,0.05,13,23,13,10,1,2,12,16,4,12,15,158
ASN16_UGlass,ASN16,U-235,pos,1.30,0.10,13,23,13,10,1,2,12,16,4,12,15,148
ASN16_UGlass,ASN16,U-235,pos,1.30,0.20,12,22,13,9,1,2,12,16,4,11,14,142
ASN16_UGlass,ASN16,U-235,pos,1.30,0.50,10,20,13,7,1,2,11,16,4,10,11,112
ASN16_UGlass,ASN16,U-235,pos,1.30,1.00,9,20,13,7,1,2,11,16,4,8,9,129
ASN16_UGlass,ASN16,U-235,pos,1.30,2.00,8,19,13,6,1,2,10,16,4,5,6,100
ASN16_UGlass,ASN16,U-235,pos,1.60,0.00,11,21,13,8,1,2,10,16,4,10,14,95
ASN16_UGlass,ASN16,U-235,pos,1.60,0.05,10,21,13,8,1,2,10,16,4,9,12,103
ASN16_UGlass,ASN16,U-235,pos,1.60,0.10,10,21,13,8,1,2,10,16,4,9,12,106
ASN16_UGlass,ASN16,U-235,pos,1.60,0.20,9,20,13,7,1,2,10,16,4,9,12,129
ASN16_UGlass,ASN16,U-235,pos,1.60,0.50,8,19,13,6,1,2,10,16,4,7,8,96
ASN16_UGlass,ASN16,U-235,pos,1.60,1.00,8,19,13,6,1,2,10,16,4,5,6,84
ASN16_UGlass,ASN16,U-235,pos,1.60,2.00,7,18,13,5,1,2,9,16,4,4,5,89
ASN16_UGlass,ASN16,U-235,pos,2.00,0.00,11,21,13,8,1,2,10,16,4,7,11,99
ASN16_UGlass,ASN16,U-235,pos,2.00,0.05,10,21,13,8,1,2,10,16,4,7,10,118
ASN16_UGlass,ASN16,U-235,pos,2.00,0.10,10,21,13,8,1,2,10,16,4,7,10,104
ASN16_UGlass,ASN16,U-235,pos,2.00,0.20,9,20,13,7,1,2,10,16,4,7,10,112
ASN16_UGlass,ASN16,U-235,pos,2.00,0.50,8,19,13,6,1,2,10,16,4,5,6,91
ASN16_UGlass,ASN16,U-235,pos,2.00,1.00,8,19,13,6,1,2,10,16,4,4,5,90
ASN16_UGlass,ASN16,U-235,pos,2.00,2.00,7,18,13,5,1,2,9,16,4,3,4,105
ASN16_Granite,ASN16,Th-232,pos,0.00,0.00,69,41,16,25,1,4,19,21,11,32,46,1288
ASN16_Granite,ASN16,Th-232,pos,0.00,0.05,66,40,16,24,1,4,19,21,11,31,44,1336
ASN16_Granite,ASN16,Th-232,pos,0.00,0.10,65,39,16,23,1,4,19,21,11,30,43,1491
ASN16_Granite,ASN16,Th-232,pos,0.00,0.20,60,37,16,21,1,4,19,21,11,29,38,1428
ASN16_Granite,ASN16,Th-232,pos,0.00,0.50,44,36,18,18,1,2,19,21,11,18,28,891
ASN16_Granite,ASN16,Th-232,pos,0.00,1.00,30,37,15,22,1,5,20,21,11,9,18,2093
ASN16_Granite,ASN16,Th-232,pos,0.00,2.00,21,28,18,10,1,2,17,21,11,7,9,1610
ASN16_Granite,ASN16,Th-232,pos,0.30,0.00,43,36,18,18,1,2,19,21,11,32,46,916
ASN16_Granite,ASN16,Th-232,pos,0.30,0.05,42,35,18,17,1,2,19,21,11,31,44,999
ASN16_Granite,ASN16,Th-232,pos,0.30,0.10,41,34,18,16,1,2,19,21,11,30,43,1002
ASN16_Granite,ASN16,Th-232,pos,0.30,0.20,38,33,18,15,1,2,19,21,11,29,38,870
ASN16_Granite,ASN16,Th-232,pos,0.30,0.50,32,36,16,20,1,4,20,21,11,18,28,2297
ASN16_Granite,ASN16,Th-232,pos,0.30,1.00,25,33,16,17,1,4,20,21,11,9,18,1742
ASN16_Granite,ASN16,Th-232,pos,0.30,2.00,18,26,19,7,1,1,17,21,11,7,9,977
ASN16_Granite,ASN16,Th-232,pos,0.50,0.00,35,37,16,21,1,4,20,21,11,32,46,2641
ASN16_Granite,ASN16,Th-232,pos,0.50,0.05,34,36,16,20,1,4,20,21,11,31,44,2986
ASN16_Granite,ASN16,Th-232,pos,0.50,0.10,33,35,16,19,1,4,20,21,11,30,43,2902
ASN16_Granite,ASN16,Th-232,pos,0.50,0.20,32,34,16,18,1,4,20,21,11,29,38,2689
ASN16_Granite,ASN16,Th-232,pos,0.50,0.50,30,35,16,19,1,4,20,21,11,18,28,2542
ASN16_Granite,ASN16,Th-232,pos,0.50,1.00,23,32,16,16,1,4,20,21,11,9,18,1421
ASN16_Granite,ASN16,Th-232,pos,0.50,2.00,17,26,19,7,1,1,17,21,11,7,9,839
ASN16_Granite,ASN16,Th-232,pos,0.70,0.00,29,34,18,16,1,2,20,21,11,22,40,2195
ASN16_Granite,ASN16,Th-232,pos,0.70,0.05,29,34,18,16,1,2,20,21,11,21,38,1960
ASN16_Granite,ASN16,Th-232,pos,0.70,0.10,28,33,18,15,1,2,20,21,11,20,37,1799
ASN16_Granite,ASN16,Th-232,pos,0.70,0.20,27,33,18,15,1,2,20,21,11,20,33,1373
ASN16_Granite,ASN16,Th-232,pos,0.70,0.50,25,32,19,13,1,1,19,21,11,16,25,1133
ASN16_Granite,ASN16,Th-232,pos,0.70,1.00,20,29,19,10,1,1,19,21,11,9,18,736
ASN16_Granite,ASN16,Th-232,pos,0.70,2.00,17,26,19,7,1,1,17,21,11,7,9,722
ASN16_Granite,ASN16,Th-232,pos,0.85,0.00,26,32,19,13,1,1,19,21,11,25,34,851
ASN16_Granite,ASN16,Th-232,pos,0.85,0.05,26,32,19,13,1,1,19,21,11,24,32,858
ASN16_Granite,ASN16,Th-232,pos,0.85,0.10,25,31,19,12,1,1,19,21,11,23,31,809
ASN16_Granite,ASN16,Th-232,pos,0.85,0.20,25,31,19,12,1,1,19,21,11,22,29,772
ASN16_Granite,ASN16,Th-232,pos,0.85,0.50,24,31,19,12,1,1,19,21,11,16,22,786
ASN16_Granite,ASN16,Th-232,pos,0.85,1.00,20,29,19,10,1,1,19,21,11,11,16,709
ASN16_Granite,ASN16,Th-232,pos,0.85,2.00,17,26,19,7,1,1,17,21,11,7,8,743
ASN16_Granite,ASN16,Th-232,pos,1.00,0.00,25,31,19,12,1,1,19,21,11,22,27,903
ASN16_Granite,ASN16,Th-232,pos,1.00,0.05,25,31,19,12,1,1,19,21,11,22,27,801
ASN16_Granite,ASN16,Th-232,pos,1.00,0.10,24,30,19,11,1,1,19,21,11,21,26,715
ASN16_Granite,ASN16,Th-232,pos,1.00,0.20,24,30,19,11,1,1,19,21,11,20,25,694
ASN16_Granite,ASN16,Th-232,pos,1.00,0.50,23,30,19,11,1,1,19,21,11,16,20,684
ASN16_Granite,ASN16,Th-232,pos,1.00,1.00,19,28,19,9,1,1,19,21,11,11,14,655
ASN16_Granite,ASN16,Th-232,pos,1.00,2.00,17,26,19,7,1,1,17,21,11,7,8,597
ASN16_Granite,ASN16,Th-232,pos,1.30,0.00,20,27,19,8,1,1,15,21,11,19,23,419
ASN16_Granite,ASN16,Th-232,pos,1.30,0.05,20,27,19,8,1,1,15,21,11,17,22,393
ASN16_Granite,ASN16,Th-232,pos,1.30,0.10,19,26,19,7,1,1,15,21,11,16,21,428
ASN16_Granite,ASN16,Th-232,pos,1.30,0.20,18,25,19,6,1,1,15,21,11,15,20,329
ASN16_Granite,ASN16,Th-232,pos,1.30,0.50,16,24,19,5,1,1,14,21,11,13,17,300
ASN16_Granite,ASN16,Th-232,pos,1.30,1.00,13,23,19,4,1,1,14,21,11,11,14,571
ASN16_Granite,ASN16,Th-232,pos,1.30,2.00,11,21,19,2,1,1,12,21,11,7,8,493
ASN16_Granite,ASN16,Th-232,pos,1.60,0.00,19,27,20,7,1,0,15,21,11,14,20,616
ASN16_Granite,ASN16,Th-232,pos,1.60,0.05,19,27,20,7,1,0,15,21,11,13,19,611
ASN16_Granite,ASN16,Th-232,pos,1.60,0.10,18,26,20,6,1,0,15,21,11,12,18,540
ASN16_Granite,ASN16,Th-232,pos,1.60,0.20,18,26,20,6,1,0,15,21,11,12,18,545
ASN16_Granite,ASN16,Th-232,pos,1.60,0.50,15,25,20,5,1,0,14,21,11,11,16,526
ASN16_Granite,ASN16,Th-232,pos,1.60,1.00,11,23,20,3,1,0,14,21,11,9,12,453
ASN16_Granite,ASN16,Th-232,pos,1.60,2.00,9,21,20,1,1,0,12,21,11,7,7,495
ASN16_Granite,ASN16,Th-232,pos,2.00,0.00,14,25,20,5,1,0,13,21,11,11,14,392
ASN16_Granite,ASN16,Th-232,pos,2.00,0.05,14,25,20,5,1,0,13,21,11,11,14,349
ASN16_Granite,ASN16,Th-232,pos,2.00,0.10,13,24,20,4,1,0,13,21,11,11,14,342
ASN16_Granite,ASN16,Th-232,pos,2.00,0.20,13,24,20,4,1,0,13,21,11,11,14,374
ASN16_Granite,ASN16,Th-232,pos,2.00,0.50,12,24,20,4,1,0,13,21,11,9,12,403
ASN16_Granite,ASN16,Th-232,pos,2.00,1.00,10,23,20,3,1,0,13,21,11,9,11,360
ASN16_Granite,ASN16,Th-232,pos,2.00,2.00,9,22,20,2,1,0,13,21,11,7,7,314
ASN16_Granite,ASN16,Ra-226,pos,0.00,0.00,61,32,13,19,0,7,20,21,14,26,50,1872
ASN16_Granite,ASN16,Ra-226,pos,0.00,0.05,35,30,15,15,0,5,20,21,14,21,31,1985
ASN16_Granite,ASN16,Ra-226,pos,0.00,0.10,34,31,15,16,0,5,20,21,14,21,30,1866
ASN16_Granite,ASN16,Ra-226,pos,0.00,0.20,34,31,15,16,0,5,20,21,14,21,30,1851
ASN16_Granite,ASN16,Ra-226,pos,0.00,0.50,31,29,16,13,1,4,20,21,14,23,27,1645
ASN16_Granite,ASN16,Ra-226,pos,0.00,1.00,27,28,17,11,1,3,20,21,14,20,23,1415
ASN16_Granite,ASN16,Ra-226,pos,0.00,2.00,17,24,18,6,1,2,17,21,14,13,16,696
ASN16_Granite,ASN16,Ra-226,pos,0.30,0.00,46,35,13,22,0,7,20,21,14,26,50,1847
ASN16_Granite,ASN16,Ra-226,pos,0.30,0.05,33,30,15,15,0,5,20,21,14,21,31,2202
ASN16_Granite,ASN16,Ra-226,pos,0.30,0.10,32,31,15,16,0,5,20,21,14,21,30,2121
ASN16_Granite,ASN16,Ra-226,pos,0.30,0.20,32,31,15,16,0,5,20,21,14,21,30,2098
ASN16_Granite,ASN16,Ra-226,pos,0.30,0.50,29,29,16,13,1,4,20,21,14,23,27,1868
ASN16_Granite,ASN16,Ra-226,pos,0.30,1.00,26,28,17,11,1,3,20,21,14,20,23,1598
ASN16_Granite,ASN16,Ra-226,pos,0.30,2.00,17,24,18,6,1,2,17,21,14,13,16,757
ASN16_Granite,ASN16,Ra-226,pos,0.50,0.00,39,34,14,20,0,6,20,21,14,26,50,2542
ASN16_Granite,ASN16,Ra-226,pos,0.50,0.05,30,29,16,13,0,4,20,21,14,21,31,1926
ASN16_Granite,ASN16,Ra-226,pos,0.50,0.10,29,30,16,14,0,4,20,21,14,21,30,1719
ASN16_Granite,ASN16,Ra-226,pos,0.50,0.20,29,30,16,14,0,4,20,21,14,21,30,1698
ASN16_Granite,ASN16,Ra-226,pos,0.50,0.50,26,28,17,11,1,3,20,21,14,23,27,1419
ASN16_Granite,ASN16,Ra-226,pos,0.50,1.00,23,27,18,9,1,2,20,21,14,20,23,1142
ASN16_Granite,ASN16,Ra-226,pos,0.50,2.00,15,23,19,4,1,1,17,21,14,13,16,408
ASN16_Granite,ASN16,Ra-226,pos,0.70,0.00,33,35,16,19,0,4,19,21,14,25,41,2351
ASN16_Granite,ASN16,Ra-226,pos,0.70,0.05,24,28,18,10,0,2,20,21,14,21,28,1300
ASN16_Granite,ASN16,Ra-226,pos,0.70,0.10,24,28,18,10,0,2,20,21,14,21,27,1373
ASN16_Granite,ASN16,Ra-226,pos,0.70,0.20,24,28,18,10,0,2,20,21,14,21,27,1211
ASN16_Granite,ASN16,Ra-226,pos,0.70,0.50,21,26,19,7,1,1,20,21,14,20,24,847
ASN16_Granite,ASN16,Ra-226,pos,0.70,1.00,20,26,19,7,1,1,20,21,14,18,22,592
ASN16_Granite,ASN16,Ra-226,pos,0.70,2.00,15,23,19,4,1,1,17,21,14,11,15,366
ASN16_Granite,ASN16,Ra-226,pos,0.85,0.00,29,34,17,17,1,3,19,21,14,26,35,1074
ASN16_Granite,ASN16,Ra-226,pos,0.85,0.05,22,28,19,9,1,1,20,21,14,19,25,715
ASN16_Granite,ASN16,Ra-226,pos,0.85,0.10,22,28,19,9,1,1,20,21,14,19,24,713
ASN16_Granite,ASN16,Ra-226,pos,0.85,0.20,22,28,19,9,1,1,20,21,14,19,24,674
ASN16_Granite,ASN16,Ra-226,pos,0.85,0.50,21,27,19,8,1,1,20,21,14,18,21,647
ASN16_Granite,ASN16,Ra-226,pos,0.85,1.00,19,26,19,7,1,1,20,21,14,17,20,417
ASN16_Granite,ASN16,Ra-226,pos,0.85,2.00,15,23,19,4,1,1,17,21,14,10,13,339
ASN16_Granite,ASN16,Ra-226,pos,1.00,0.00,25,31,19,12,1,1,20,21,14,23,31,779
ASN16_Granite,ASN16,Ra-226,pos,1.00,0.05,22,28,19,9,1,1,20,21,14,17,23,679
ASN16_Granite,ASN16,Ra-226,pos,1.00,0.10,22,28,19,9,1,1,20,21,14,17,22,738
ASN16_Granite,ASN16,Ra-226,pos,1.00,0.20,22,28,19,9,1,1,20,21,14,17,22,689
ASN16_Granite,ASN16,Ra-226,pos,1.00,0.50,21,27,19,8,1,1,20,21,14,16,19,712
ASN16_Granite,ASN16,Ra-226,pos,1.00,1.00,19,26,19,7,1,1,20,21,14,14,17,440
ASN16_Granite,ASN16,Ra-226,pos,1.00,2.00,15,23,19,4,1,1,17,21,14,9,12,345
ASN16_Granite,ASN16,Ra-226,pos,1.30,0.00,21,30,19,11,1,1,19,21,14,21,26,554
ASN16_Granite,ASN16,Ra-226,pos,1.30,0.05,19,28,19,9,1,1,19,21,14,17,21,569
ASN16_Granite,ASN16,Ra-226,pos,1.30,0.10,19,28,19,9,1,1,19,21,14,16,20,514
ASN16_Granite,ASN16,Ra-226,pos,1.30,0.20,19,28,19,9,1,1,19,21,14,16,20,576
ASN16_Granite,ASN16,Ra-226,pos,1.30,0.50,17,25,19,6,1,1,18,21,14,16,19,677
ASN16_Granite,ASN16,Ra-226,pos,1.30,1.00,16,24,19,5,1,1,18,21,14,13,16,402
ASN16_Granite,ASN16,Ra-226,pos,1.30,2.00,14,22,19,3,1,1,16,21,14,9,12,355
ASN16_Granite,ASN16,Ra-226,pos,1.60,0.00,19,27,19,8,1,1,18,21,14,19,23,401
ASN16_Granite,ASN16,Ra-226,pos,1.60,0.05,16,24,19,5,1,1,17,21,14,16,20,353
ASN16_Granite,ASN16,Ra-226,pos,1.60,0.10,16,24,19,5,1,1,17,21,14,15,19,306
ASN16_Granite,ASN16,Ra-226,pos,1.60,0.20,16,24,19,5,1,1,17,21,14,15,19,325
ASN16_Granite,ASN16,Ra-226,pos,1.60,0.50,15,23,19,4,1,1,17,21,14,15,18,322
ASN16_Granite,ASN16,Ra-226,pos,1.60,1.00,15,23,19,4,1,1,17,21,14,12,15,293
ASN16_Granite,ASN16,Ra-226,pos,1.60,2.00,14,22,19,3,1,1,16,21,14,8,11,298
ASN16_Granite,ASN16,Ra-226,pos,2.00,0.00,16,26,19,7,1,1,17,21,14,13,17,313
ASN16_Granite,ASN16,Ra-226,pos,2.00,0.05,14,24,19,5,1,1,17,21,14,10,14,304
ASN16_Granite,ASN16,Ra-226,pos,2.00,0.10,14,24,19,5,1,1,17,21,14,10,14,303
ASN16_Granite,ASN16,Ra-226,pos,2.00,0.20,14,24,19,5,1,1,17,21,14,10,14,315
ASN16_Granite,ASN16,Ra-226,pos,2.00,0.50,13,23,19,4,1,1,17,21,14,10,13,299
ASN16_Granite,ASN16,Ra-226,pos,2.00,1.00,12,23,19,4,1,1,17,21,14,10,13,298
ASN16_Granite,ASN16,Ra-226,pos,2.00,2.00,11,22,19,3,1,1,16,21,14,8,11,283
ASN16_Granite,ASN16,U-238,pos,0.00,0.00,91,20,20,0,0,0,15,23,15,0,64,3
ASN16_Granite,ASN16,U-238,pos,0.00,0.05,48,20,20,0,0,0,15,23,15,0,36,2
ASN16_Granite,ASN16,U-238,pos,0.00,0.10,43,20,20,0,0,0,15,23,15,0,33,3
ASN16_Granite,ASN16,U-238,pos,0.00,0.20,41,20,20,0,0,0,15,23,15,0,32,2
ASN16_Granite,ASN16,U-238,pos,0.00,0.50,35,20,20,0,0,0,15,23,15,0,27,2
ASN16_Granite,ASN16,U-238,pos,0.00,1.00,31,20,20,0,0,0,15,23,15,0,23,3
ASN16_Granite,ASN16,U-238,pos,0.00,2.00,21,20,20,0,0,0,15,23,15,0,15,2
ASN16_Granite,ASN16,U-238,pos,0.30,0.00,55,20,20,0,0,0,15,23,15,0,64,3
ASN16_Granite,ASN16,U-238,pos,0.30,0.05,40,20,20,0,0,0,15,23,15,0,36,3
ASN16_Granite,ASN16,U-238,pos,0.30,0.10,38,20,20,0,0,0,15,23,15,0,33,3
ASN16_Granite,ASN16,U-238,pos,0.30,0.20,37,20,20,0,0,0,15,23,15,0,32,2
ASN16_Granite,ASN16,U-238,pos,0.30,0.50,32,20,20,0,0,0,15,23,15,0,27,2
ASN16_Granite,ASN16,U-238,pos,0.30,1.00,29,20,20,0,0,0,15,23,15,0,23,2
ASN16_Granite,ASN16,U-238,pos,0.30,2.00,20,20,20,0,0,0,15,23,15,0,15,2
ASN16_Granite,ASN16,U-238,pos,0.50,0.00,46,20,20,0,0,0,15,23,15,0,64,2
ASN16_Granite,ASN16,U-238,pos,0.50,0.05,36,20,20,0,0,0,15,23,15,0,36,2
ASN16_Granite,ASN16,U-238,pos,0.50,0.10,34,20,20,0,0,0,15,23,15,0,33,2
ASN16_Granite,ASN16,U-238,pos,0.50,0.20,33,20,20,0,0,0,15,23,15,0,32,2
ASN16_Granite,ASN16,U-238,pos,0.50,0.50,29,20,20,0,0,0,15,23,15,0,27,2
ASN16_Granite,ASN16,U-238,pos,0.50,1.00,26,20,20,0,0,0,15,23,15,0,23,2
ASN16_Granite,ASN16,U-238,pos,0.50,2.00,18,20,20,0,0,0,15,23,15,0,15,2
ASN16_Granite,ASN16,U-238,pos,0.70,0.00,39,20,20,0,0,0,15,23,15,0,44,2
ASN16_Granite,ASN16,U-238,pos,0.70,0.05,28,20,20,0,0,0,15,23,15,0,29,3
ASN16_Granite,ASN16,U-238,pos,0.70,0.10,28,20,20,0,0,0,15,23,15,0,28,3
ASN16_Granite,ASN16,U-238,pos,0.70,0.20,28,20,20,0,0,0,15,23,15,0,28,3
ASN16_Granite,ASN16,U-238,pos,0.70,0.50,24,20,20,0,0,0,15,23,15,0,23,3
ASN16_Granite,ASN16,U-238,pos,0.70,1.00,23,20,20,0,0,0,15,23,15,0,21,3
ASN16_Granite,ASN16,U-238,pos,0.70,2.00,18,20,20,0,0,0,15,23,15,0,15,3
ASN16_Granite,ASN16,U-238,pos,0.85,0.00,33,20,20,0,0,0,15,23,15,0,37,3
ASN16_Granite,ASN16,U-238,pos,0.85,0.05,26,20,20,0,0,0,15,23,15,0,26,2
ASN16_Granite,ASN16,U-238,pos,0.85,0.10,26,20,20,0,0,0,15,23,15,0,25,3
ASN16_Granite,ASN16,U-238,pos,0.85,0.20,26,20,20,0,0,0,15,23,15,0,25,2
ASN16_Granite,ASN16,U-238,pos,0.85,0.50,24,20,20,0,0,0,15,23,15,0,21,2
ASN16_Granite,ASN16,U-238,pos,0.85,1.00,22,20,20,0,0,0,15,23,15,0,19,4
ASN16_Granite,ASN16,U-238,pos,0.85,2.00,18,20,20,0,0,0,15,23,15,0,14,4
ASN16_Granite,ASN16,U-238,pos,1.00,0.00,29,20,20,0,0,0,15,23,15,0,32,5
ASN16_Granite,ASN16,U-238,pos,1.00,0.05,26,20,20,0,0,0,15,23,15,0,23,4
ASN16_Granite,ASN16,U-238,pos,1.00,0.10,26,20,20,0,0,0,15,23,15,0,23,4
ASN16_Granite,ASN16,U-238,pos,1.00,0.20,26,20,20,0,0,0,15,23,15,0,23,4
ASN16_Granite,ASN16,U-238,pos,1.00,0.50,24,20,20,0,0,0,15,23,15,0,19,3
ASN16_Granite,ASN16,U-238,pos,1.00,1.00,22,20,20,0,0,0,15,23,15,0,18,3
ASN16_Granite,ASN16,U-238,pos,1.00,2.00,18,20,20,0,0,0,15,23,15,0,14,2
ASN16_Granite,ASN16,U-238,pos,1.30,0.00,25,20,20,0,0,0,15,23,15,0,29,9
ASN16_Granite,ASN16,U-238,pos,1.30,0.05,21,20,20,0,0,0,15,23,15,0,20,2
ASN16_Granite,ASN16,U-238,pos,1.30,0.10,21,20,20,0,0,0,15,23,15,0,20,3
ASN16_Granite,ASN16,U-238,pos,1.30,0.20,21,20,20,0,0,0,15,23,15,0,20,3
ASN16_Granite,ASN16,U-238,pos,1.30,0.50,18,20,20,0,0,0,15,23,15,0,16,3
ASN16_Granite,ASN16,U-238,pos,1.30,1.00,17,20,20,0,0,0,15,23,15,0,15,2
ASN16_Granite,ASN16,U-238,pos,1.30,2.00,15,20,20,0,0,0,15,23,15,0,13,2
ASN16_Granite,ASN16,U-238,pos,1.60,0.00,22,20,20,0,0,0,15,23,15,0,23,2
ASN16_Granite,ASN16,U-238,pos,1.60,0.05,17,20,20,0,0,0,15,23,15,0,18,2
ASN16_Granite,ASN16,U-238,pos,1.60,0.10,17,20,20,0,0,0,15,23,15,0,18,3
ASN16_Granite,ASN16,U-238,pos,1.60,0.20,17,20,20,0,0,0,15,23,15,0,18,2
ASN16_Granite,ASN16,U-238,pos,1.60,0.50,16,20,20,0,0,0,15,23,15,0,15,3
ASN16_Granite,ASN16,U-238,pos,1.60,1.00,16,20,20,0,0,0,15,23,15,0,14,3
ASN16_Granite,ASN16,U-238,pos,1.60,2.00,15,20,20,0,0,0,15,23,15,0,12,3
ASN16_Granite,ASN16,U-238,pos,2.00,0.00,17,20,20,0,0,0,15,23,15,0,18,2
ASN16_Granite,ASN16,U-238,pos,2.00,0.05,15,20,20,0,0,0,15,23,15,0,15,4
ASN16_Granite,ASN16,U-238,pos,2.00,0.10,15,20,20,0,0,0,15,23,15,0,15,3
ASN16_Granite,ASN16,U-238,pos,2.00,0.20,15,20,20,0,0,0,15,23,15,0,15,3
ASN16_Granite,ASN16,U-238,pos,2.00,0.50,14,20,20,0,0,0,15,23,15,0,13,3
ASN16_Granite,ASN16,U-238,pos,2.00,1.00,13,20,20,0,0,0,15,23,15,0,13,3
ASN16_Granite,ASN16,U-238,pos,2.00,2.00,12,20,20,0,0,0,15,23,15,0,12,2
ASN16_Granite,ASN16,U-235,pos,0.00,0.00,110,46,15,31,0,5,14,16,5,11,40,389
ASN16_Granite,ASN16,U-235,pos,0.00,0.05,81,46,16,30,0,4,14,16,5,18,26,493
ASN16_Granite,ASN16,U-235,pos,0.00,0.10,79,46,16,30,0,4,14,16,5,18,26,511
ASN16_Granite,ASN16,U-235,pos,0.00,0.20,63,46,16,30,0,4,14,16,5,16,21,757
ASN16_Granite,ASN16,U-235,pos,0.00,0.50,45,41,18,23,0,2,14,16,5,13,14,586
ASN16_Granite,ASN16,U-235,pos,0.00,1.00,36,36,18,18,0,2,14,16,5,10,11,328
ASN16_Granite,ASN16,U-235,pos,0.00,2.00,22,29,19,10,0,1,11,16,5,6,7,389
ASN16_Granite,ASN16,U-235,pos,0.30,0.00,40,27,19,8,1,1,8,16,5,11,39,538
ASN16_Granite,ASN16,U-235,pos,0.30,0.05,35,38,16,22,0,4,14,16,5,18,25,550
ASN16_Granite,ASN16,U-235,pos,0.30,0.10,34,38,16,22,0,4,14,16,5,18,25,680
ASN16_Granite,ASN16,U-235,pos,0.30,0.20,32,37,16,21,0,4,14,16,5,15,20,746
ASN16_Granite,ASN16,U-235,pos,0.30,0.50,25,34,19,15,0,1,14,16,5,13,14,635
ASN16_Granite,ASN16,U-235,pos,0.30,1.00,22,33,19,14,0,1,14,16,5,10,11,464
ASN16_Granite,ASN16,U-235,pos,0.30,2.00,16,28,19,9,0,1,11,16,5,6,7,335
ASN16_Granite,ASN16,U-235,pos,0.50,0.00,28,35,16,19,0,4,14,16,5,11,39,883
ASN16_Granite,ASN16,U-235,pos,0.50,0.05,26,34,16,18,0,4,14,16,5,18,25,746
ASN16_Granite,ASN16,U-235,pos,0.50,0.10,26,34,16,18,0,4,14,16,5,18,25,780
ASN16_Granite,ASN16,U-235,pos,0.50,0.20,25,34,16,18,0,4,14,16,5,15,20,779
ASN16_Granite,ASN16,U-235,pos,0.50,0.50,19,32,19,13,0,1,14,16,5,13,14,629
ASN16_Granite,ASN16,U-235,pos,0.50,1.00,17,32,19,13,0,1,15,16,5,10,11,409
ASN16_Granite,ASN16,U-235,pos,0.50,2.00,13,28,19,9,0,1,12,16,5,6,7,232
ASN16_Granite,ASN16,U-235,pos,0.70,0.00,23,33,16,17,0,4,14,16,5,18,29,632
ASN16_Granite,ASN16,U-235,pos,0.70,0.05,21,32,16,16,0,4,14,16,5,16,22,623
ASN16_Granite,ASN16,U-235,pos,0.70,0.10,21,32,16,16,0,4,14,16,5,16,22,621
ASN16_Granite,ASN16,U-235,pos,0.70,0.20,19,32,17,15,0,3,14,16,5,13,17,614
ASN16_Granite,ASN16,U-235,pos,0.70,0.50,16,31,19,12,0,1,14,16,5,11,12,433
ASN16_Granite,ASN16,U-235,pos,0.70,1.00,15,30,19,11,0,1,14,16,5,9,10,264
ASN16_Granite,ASN16,U-235,pos,0.70,2.00,13,28,19,9,0,1,12,16,5,5,6,239
ASN16_Granite,ASN16,U-235,pos,0.85,0.00,22,34,17,17,1,3,14,16,5,17,23,611
ASN16_Granite,ASN16,U-235,pos,0.85,0.05,20,33,17,16,1,3,14,16,5,14,18,603
ASN16_Granite,ASN16,U-235,pos,0.85,0.10,20,33,17,16,1,3,14,16,5,14,18,636
ASN16_Granite,ASN16,U-235,pos,0.85,0.20,18,33,18,15,1,2,14,16,5,12,16,389
ASN16_Granite,ASN16,U-235,pos,0.85,0.50,15,32,19,13,1,1,14,16,5,11,12,299
ASN16_Granite,ASN16,U-235,pos,0.85,1.00,14,31,19,12,1,1,14,16,5,9,10,209
ASN16_Granite,ASN16,U-235,pos,0.85,2.00,11,28,19,9,1,1,12,16,5,5,6,185
ASN16_Granite,ASN16,U-235,pos,1.00,0.00,19,32,18,14,1,2,12,16,5,17,22,532
ASN16_Granite,ASN16,U-235,pos,1.00,0.05,18,32,18,14,1,2,12,16,5,14,17,500
ASN16_Granite,ASN16,U-235,pos,1.00,0.10,17,31,18,13,1,2,12,16,5,14,17,527
ASN16_Granite,ASN16,U-235,pos,1.00,0.20,16,31,18,13,1,2,12,16,5,12,15,559
ASN16_Granite,ASN16,U-235,pos,1.00,0.50,14,30,19,11,1,1,12,16,5,11,12,528
ASN16_Granite,ASN16,U-235,pos,1.00,1.00,13,29,19,10,1,1,12,16,5,9,10,503
ASN16_Granite,ASN16,U-235,pos,1.00,2.00,10,26,19,7,1,1,10,16,5,5,6,514
ASN16_Granite,ASN16,U-235,pos,1.30,0.00,14,29,20,9,1,0,11,16,5,16,20,226
ASN16_Granite,ASN16,U-235,pos,1.30,0.05,13,29,20,9,1,0,11,16,5,12,15,204
ASN16_Granite,ASN16,U-235,pos,1.30,0.10,13,29,20,9,1,0,11,16,5,12,15,193
ASN16_Granite,ASN16,U-235,pos,1.30,0.20,12,29,20,9,1,0,11,16,5,11,14,193
ASN16_Granite,ASN16,U-235,pos,1.30,0.50,10,28,20,8,1,0,11,16,5,10,11,183
ASN16_Granite,ASN16,U-235,pos,1.30,1.00,9,27,20,7,1,0,11,16,5,8,9,135
ASN16_Granite,ASN16,U-235,pos,1.30,2.00,8,26,20,6,1,0,10,16,5,5,6,128
ASN16_Granite,ASN16,U-235,pos,1.60,0.00,11,27,20,7,1,0,10,16,5,10,14,138
ASN16_Granite,ASN16,U-235,pos,1.60,0.05,10,27,20,7,1,0,10,16,5,9,12,146
ASN16_Granite,ASN16,U-235,pos,1.60,0.10,10,27,20,7,1,0,10,16,5,9,12,142
ASN16_Granite,ASN16,U-235,pos,1.60,0.20,9,27,20,7,1,0,10,16,5,9,12,148
ASN16_Granite,ASN16,U-235,pos,1.60,0.50,8,26,20,6,1,0,10,16,5,7,8,142
ASN16_Granite,ASN16,U-235,pos,1.60,1.00,8,26,20,6,1,0,10,16,5,5,6,127
ASN16_Granite,ASN16,U-235,pos,1.60,2.00,7,25,20,5,1,0,9,16,5,4,5,121
ASN16_Granite,ASN16,U-235,pos,2.00,0.00,11,27,20,7,1,0,10,16,5,7,11,136
ASN16_Granite,ASN16,U-235,pos,2.00,0.05,10,27,20,7,1,0,10,16,5,7,10,156
ASN16_Granite,ASN16,U-235,pos,2.00,0.10,10,27,20,7,1,0,10,16,5,7,10,144
ASN16_Granite,ASN16,U-235,pos,2.00,0.20,9,27,20,7,1,0,10,16,5,7,10,147
ASN16_Granite,ASN16,U-235,pos,2.00,0.50,8,26,20,6,1,0,10,16,5,5,6,128
ASN16_Granite,ASN16,U-235,pos,2.00,1.00,8,26,20,6,1,0,10,16,5,4,5,131
ASN16_Granite,ASN16,U-235,pos,2.00,2.00,7,25,20,5,1,0,9,16,5,3,4,131
AS80_Th232WT20,AS80x80,Th-232,pos,0.00,0.00,69,58,9,49,1,9,20,20,12,35,48,1268
AS80_Th232WT20,AS80x80,Th-232,pos,0.00,0.05,66,57,9,48,1,9,20,20,12,27,45,1180
AS80_Th232WT20,AS80x80,Th-232,pos,0.00,0.10,65,56,9,47,1,9,20,20,12,26,44,971
AS80_Th232WT20,AS80x80,Th-232,pos,0.00,0.20,60,55,7,48,1,11,20,20,12,24,40,1379
AS80_Th232WT20,AS80x80,Th-232,pos,0.00,0.50,44,46,8,38,1,10,20,20,12,20,29,1719
AS80_Th232WT20,AS80x80,Th-232,pos,0.00,1.00,30,36,11,25,1,7,20,20,12,9,17,1067
AS80_Th232WT20,AS80x80,Th-232,pos,0.00,2.00,21,28,15,13,1,3,18,20,12,6,9,915
AS80_Th232WT20,AS80x80,Th-232,pos,0.30,0.00,40,40,10,30,1,8,20,20,12,35,48,1777
AS80_Th232WT20,AS80x80,Th-232,pos,0.30,0.05,39,39,10,29,1,8,20,20,12,27,45,1509
AS80_Th232WT20,AS80x80,Th-232,pos,0.30,0.10,38,38,10,28,1,8,20,20,12,26,44,1532
AS80_Th232WT20,AS80x80,Th-232,pos,0.30,0.20,37,37,10,27,1,8,20,20,12,24,40,1377
AS80_Th232WT20,AS80x80,Th-232,pos,0.30,0.50,31,34,10,24,1,8,20,20,12,20,29,1654
AS80_Th232WT20,AS80x80,Th-232,pos,0.30,1.00,24,30,13,17,1,5,20,20,12,9,17,1198
AS80_Th232WT20,AS80x80,Th-232,pos,0.30,2.00,17,24,17,7,1,1,18,20,12,6,9,747
AS80_Th232WT20,AS80x80,Th-232,pos,0.50,0.00,32,34,11,23,1,7,20,20,12,35,48,1655
AS80_Th232WT20,AS80x80,Th-232,pos,0.50,0.05,31,33,11,22,1,7,20,20,12,27,45,2164
AS80_Th232WT20,AS80x80,Th-232,pos,0.50,0.10,30,32,11,21,1,7,20,20,12,26,44,1957
AS80_Th232WT20,AS80x80,Th-232,pos,0.50,0.20,29,32,11,21,1,7,20,20,12,24,40,1565
AS80_Th232WT20,AS80x80,Th-232,pos,0.50,0.50,28,32,12,20,1,6,20,20,12,20,29,1558
AS80_Th232WT20,AS80x80,Th-232,pos,0.50,1.00,22,28,13,15,1,5,20,20,12,9,17,1722
AS80_Th232WT20,AS80x80,Th-232,pos,0.50,2.00,17,24,17,7,1,1,18,20,12,6,9,928
AS80_Th232WT20,AS80x80,Th-232,pos,0.70,0.00,27,29,15,14,1,3,20,20,12,25,33,1605
AS80_Th232WT20,AS80x80,Th-232,pos,0.70,0.05,27,29,15,14,1,3,20,20,12,24,32,1682
AS80_Th232WT20,AS80x80,Th-232,pos,0.70,0.10,26,28,15,13,1,3,20,20,12,23,31,1508
AS80_Th232WT20,AS80x80,Th-232,pos,0.70,0.20,25,28,15,13,1,3,20,20,12,23,31,1231
AS80_Th232WT20,AS80x80,Th-232,pos,0.70,0.50,24,28,16,12,1,2,20,20,12,20,24,1302
AS80_Th232WT20,AS80x80,Th-232,pos,0.70,1.00,20,26,16,10,1,2,20,20,12,9,12,1183
AS80_Th232WT20,AS80x80,Th-232,pos,0.70,2.00,17,24,17,7,1,1,18,20,12,7,8,1075
AS80_Th232WT20,AS80x80,Th-232,pos,0.85,0.00,25,29,16,13,1,2,20,20,12,20,27,1062
AS80_Th232WT20,AS80x80,Th-232,pos,0.85,0.05,25,29,16,13,1,2,20,20,12,20,27,1079
AS80_Th232WT20,AS80x80,Th-232,pos,0.85,0.10,24,28,16,12,1,2,20,20,12,19,26,984
AS80_Th232WT20,AS80x80,Th-232,pos,0.85,0.20,24,28,16,12,1,2,20,20,12,19,26,938
AS80_Th232WT20,AS80x80,Th-232,pos,0.85,0.50,23,28,17,11,1,1,20,20,12,15,20,1043
AS80_Th232WT20,AS80x80,Th-232,pos,0.85,1.00,19,26,17,9,1,1,20,20,12,9,12,818
AS80_Th232WT20,AS80x80,Th-232,pos,0.85,2.00,17,24,17,7,1,1,18,20,12,7,8,814
AS80_Th232WT20,AS80x80,Th-232,pos,1.00,0.00,22,26,16,10,1,2,17,20,12,20,26,336
AS80_Th232WT20,AS80x80,Th-232,pos,1.00,0.05,22,26,16,10,1,2,17,20,12,20,26,315
AS80_Th232WT20,AS80x80,Th-232,pos,1.00,0.10,21,25,16,9,1,2,17,20,12,19,25,436
AS80_Th232WT20,AS80x80,Th-232,pos,1.00,0.20,21,25,16,9,1,2,17,20,12,19,25,334
AS80_Th232WT20,AS80x80,Th-232,pos,1.00,0.50,20,25,17,8,1,1,17,20,12,15,19,311
AS80_Th232WT20,AS80x80,Th-232,pos,1.00,1.00,16,23,18,5,1,0,17,20,12,10,12,302
AS80_Th232WT20,AS80x80,Th-232,pos,1.00,2.00,14,21,18,3,1,0,15,20,12,7,8,321
AS80_Th232WT20,AS80x80,Th-232,pos,1.30,0.00,19,24,16,8,1,2,17,20,12,16,21,364
AS80_Th232WT20,AS80x80,Th-232,pos,1.30,0.05,19,24,16,8,1,2,17,20,12,15,20,344
AS80_Th232WT20,AS80x80,Th-232,pos,1.30,0.10,18,23,16,7,1,2,17,20,12,15,20,288
AS80_Th232WT20,AS80x80,Th-232,pos,1.30,0.20,18,23,16,7,1,2,17,20,12,15,20,362
AS80_Th232WT20,AS80x80,Th-232,pos,1.30,0.50,15,21,17,4,1,1,15,20,12,13,17,307
AS80_Th232WT20,AS80x80,Th-232,pos,1.30,1.00,12,21,18,3,1,0,15,20,12,9,11,328
AS80_Th232WT20,AS80x80,Th-232,pos,1.30,2.00,9,18,18,0,1,0,12,20,12,7,8,251
AS80_Th232WT20,AS80x80,Th-232,pos,1.60,0.00,16,20,16,4,1,2,13,20,12,16,18,330
AS80_Th232WT20,AS80x80,Th-232,pos,1.60,0.05,16,20,16,4,1,2,13,20,12,15,17,384
AS80_Th232WT20,AS80x80,Th-232,pos,1.60,0.10,15,19,16,3,1,2,13,20,12,15,17,345
AS80_Th232WT20,AS80x80,Th-232,pos,1.60,0.20,15,19,16,3,1,2,13,20,12,15,17,353
AS80_Th232WT20,AS80x80,Th-232,pos,1.60,0.50,14,19,17,2,1,1,13,20,12,12,14,300
AS80_Th232WT20,AS80x80,Th-232,pos,1.60,1.00,11,19,18,1,1,0,13,20,12,9,11,244
AS80_Th232WT20,AS80x80,Th-232,pos,1.60,2.00,9,18,18,0,1,0,12,20,12,7,8,261
AS80_Th232WT20,AS80x80,Th-232,pos,2.00,0.00,13,19,17,2,1,1,12,20,12,12,14,288
AS80_Th232WT20,AS80x80,Th-232,pos,2.00,0.05,13,19,17,2,1,1,12,20,12,12,14,318
AS80_Th232WT20,AS80x80,Th-232,pos,2.00,0.10,12,18,17,1,1,1,12,20,12,12,14,266
AS80_Th232WT20,AS80x80,Th-232,pos,2.00,0.20,12,18,17,1,1,1,12,20,12,11,13,275
AS80_Th232WT20,AS80x80,Th-232,pos,2.00,0.50,12,18,17,1,1,1,12,20,12,10,12,329
AS80_Th232WT20,AS80x80,Th-232,pos,2.00,1.00,10,18,18,0,1,0,12,20,12,6,8,315
AS80_Th232WT20,AS80x80,Th-232,pos,2.00,2.00,9,18,18,0,1,0,12,20,12,4,5,277
AS80_Th232WT20,AS80x80,Ra-226,bg,0.00,0.00,61,18,18,0,0,0,,,,0,46,4
AS80_Th232WT20,AS80x80,Ra-226,bg,0.00,0.05,35,18,18,0,0,0,,,,0,26,4
AS80_Th232WT20,AS80x80,Ra-226,bg,0.00,0.10,34,18,18,0,0,0,,,,0,25,4
AS80_Th232WT20,AS80x80,Ra-226,bg,0.00,0.20,34,18,18,0,0,0,,,,0,25,4
AS80_Th232WT20,AS80x80,Ra-226,bg,0.00,0.50,31,18,18,0,0,0,,,,0,22,4
AS80_Th232WT20,AS80x80,Ra-226,bg,0.00,1.00,27,18,18,0,0,0,,,,0,19,4
AS80_Th232WT20,AS80x80,Ra-226,bg,0.00,2.00,17,18,18,0,0,0,,,,0,14,4
AS80_Th232WT20,AS80x80,Ra-226,bg,0.30,0.00,46,18,18,0,0,0,,,,0,45,4
AS80_Th232WT20,AS80x80,Ra-226,bg,0.30,0.05,33,18,18,0,0,0,,,,0,26,4
AS80_Th232WT20,AS80x80,Ra-226,bg,0.30,0.10,32,18,18,0,0,0,,,,0,25,4
AS80_Th232WT20,AS80x80,Ra-226,bg,0.30,0.20,32,18,18,0,0,0,,,,0,25,4
AS80_Th232WT20,AS80x80,Ra-226,bg,0.30,0.50,29,18,18,0,0,0,,,,0,22,4
AS80_Th232WT20,AS80x80,Ra-226,bg,0.30,1.00,26,18,18,0,0,0,,,,0,19,4
AS80_Th232WT20,AS80x80,Ra-226,bg,0.30,2.00,17,18,18,0,0,0,,,,0,14,4
AS80_Th232WT20,AS80x80,Ra-226,bg,0.50,0.00,36,18,18,0,0,0,,,,0,45,4
AS80_Th232WT20,AS80x80,Ra-226,bg,0.50,0.05,29,18,18,0,0,0,,,,0,26,4
AS80_Th232WT20,AS80x80,Ra-226,bg,0.50,0.10,28,18,18,0,0,0,,,,0,25,3
AS80_Th232WT20,AS80x80,Ra-226,bg,0.50,0.20,28,18,18,0,0,0,,,,0,25,3
AS80_Th232WT20,AS80x80,Ra-226,bg,0.50,0.50,25,18,18,0,0,0,,,,0,22,3
AS80_Th232WT20,AS80x80,Ra-226,bg,0.50,1.00,22,18,18,0,0,0,,,,0,19,3
AS80_Th232WT20,AS80x80,Ra-226,bg,0.50,2.00,15,18,18,0,0,0,,,,0,14,3
AS80_Th232WT20,AS80x80,Ra-226,bg,0.70,0.00,31,18,18,0,0,0,,,,0,35,3
AS80_Th232WT20,AS80x80,Ra-226,bg,0.70,0.05,23,18,18,0,0,0,,,,0,25,3
AS80_Th232WT20,AS80x80,Ra-226,bg,0.70,0.10,23,18,18,0,0,0,,,,0,24,3
AS80_Th232WT20,AS80x80,Ra-226,bg,0.70,0.20,23,18,18,0,0,0,,,,0,24,3
AS80_Th232WT20,AS80x80,Ra-226,bg,0.70,0.50,21,18,18,0,0,0,,,,0,21,3
AS80_Th232WT20,AS80x80,Ra-226,bg,0.70,1.00,19,18,18,0,0,0,,,,0,18,3
AS80_Th232WT20,AS80x80,Ra-226,bg,0.70,2.00,15,18,18,0,0,0,,,,0,14,3
AS80_Th232WT20,AS80x80,Ra-226,bg,0.85,0.00,26,18,18,0,0,0,,,,0,30,3
AS80_Th232WT20,AS80x80,Ra-226,bg,0.85,0.05,22,18,18,0,0,0,,,,0,23,4
AS80_Th232WT20,AS80x80,Ra-226,bg,0.85,0.10,22,18,18,0,0,0,,,,0,22,4
AS80_Th232WT20,AS80x80,Ra-226,bg,0.85,0.20,22,18,18,0,0,0,,,,0,22,4
AS80_Th232WT20,AS80x80,Ra-226,bg,0.85,0.50,21,18,18,0,0,0,,,,0,19,4
AS80_Th232WT20,AS80x80,Ra-226,bg,0.85,1.00,19,18,18,0,0,0,,,,0,17,4
AS80_Th232WT20,AS80x80,Ra-226,bg,0.85,2.00,15,18,18,0,0,0,,,,0,13,5
AS80_Th232WT20,AS80x80,Ra-226,bg,1.00,0.00,21,18,18,0,0,0,,,,0,27,4
AS80_Th232WT20,AS80x80,Ra-226,bg,1.00,0.05,19,18,18,0,0,0,,,,0,21,4
AS80_Th232WT20,AS80x80,Ra-226,bg,1.00,0.10,19,18,18,0,0,0,,,,0,20,4
AS80_Th232WT20,AS80x80,Ra-226,bg,1.00,0.20,19,18,18,0,0,0,,,,0,20,4
AS80_Th232WT20,AS80x80,Ra-226,bg,1.00,0.50,18,18,18,0,0,0,,,,0,18,4
AS80_Th232WT20,AS80x80,Ra-226,bg,1.00,1.00,17,18,18,0,0,0,,,,0,16,4
AS80_Th232WT20,AS80x80,Ra-226,bg,1.00,2.00,14,18,18,0,0,0,,,,0,13,4
AS80_Th232WT20,AS80x80,Ra-226,bg,1.30,0.00,19,18,18,0,0,0,,,,0,22,4
AS80_Th232WT20,AS80x80,Ra-226,bg,1.30,0.05,16,18,18,0,0,0,,,,0,17,4
AS80_Th232WT20,AS80x80,Ra-226,bg,1.30,0.10,16,18,18,0,0,0,,,,0,17,4
AS80_Th232WT20,AS80x80,Ra-226,bg,1.30,0.20,16,18,18,0,0,0,,,,0,17,3
AS80_Th232WT20,AS80x80,Ra-226,bg,1.30,0.50,15,18,18,0,0,0,,,,0,16,4
AS80_Th232WT20,AS80x80,Ra-226,bg,1.30,1.00,15,18,18,0,0,0,,,,0,14,3
AS80_Th232WT20,AS80x80,Ra-226,bg,1.30,2.00,14,18,18,0,0,0,,,,0,11,3
AS80_Th232WT20,AS80x80,Ra-226,bg,1.60,0.00,18,18,18,0,0,0,,,,0,19,3
AS80_Th232WT20,AS80x80,Ra-226,bg,1.60,0.05,16,18,18,0,0,0,,,,0,15,3
AS80_Th232WT20,AS80x80,Ra-226,bg,1.60,0.10,16,18,18,0,0,0,,,,0,15,3
AS80_Th232WT20,AS80x80,Ra-226,bg,1.60,0.20,16,18,18,0,0,0,,,,0,15,3
AS80_Th232WT20,AS80x80,Ra-226,bg,1.60,0.50,15,18,18,0,0,0,,,,0,14,3
AS80_Th232WT20,AS80x80,Ra-226,bg,1.60,1.00,15,18,18,0,0,0,,,,0,12,3
AS80_Th232WT20,AS80x80,Ra-226,bg,1.60,2.00,14,18,18,0,0,0,,,,0,10,2
AS80_Th232WT20,AS80x80,Ra-226,bg,2.00,0.00,16,18,18,0,0,0,,,,0,15,3
AS80_Th232WT20,AS80x80,Ra-226,bg,2.00,0.05,14,18,18,0,0,0,,,,0,12,3
AS80_Th232WT20,AS80x80,Ra-226,bg,2.00,0.10,14,18,18,0,0,0,,,,0,12,3
AS80_Th232WT20,AS80x80,Ra-226,bg,2.00,0.20,14,18,18,0,0,0,,,,0,12,3
AS80_Th232WT20,AS80x80,Ra-226,bg,2.00,0.50,13,18,18,0,0,0,,,,0,11,3
AS80_Th232WT20,AS80x80,Ra-226,bg,2.00,1.00,12,18,18,0,0,0,,,,0,11,3
AS80_Th232WT20,AS80x80,Ra-226,bg,2.00,2.00,11,18,18,0,0,0,,,,0,9,3
AS80_Th232WT20,AS80x80,U-238,bg,0.00,0.00,91,18,18,0,0,0,,,,0,57,3
AS80_Th232WT20,AS80x80,U-238,bg,0.00,0.05,48,18,18,0,0,0,,,,0,30,3
AS80_Th232WT20,AS80x80,U-238,bg,0.00,0.10,43,18,18,0,0,0,,,,0,27,3
AS80_Th232WT20,AS80x80,U-238,bg,0.00,0.20,41,18,18,0,0,0,,,,0,26,3
AS80_Th232WT20,AS80x80,U-238,bg,0.00,0.50,35,18,18,0,0,0,,,,0,21,3
AS80_Th232WT20,AS80x80,U-238,bg,0.00,1.00,31,18,18,0,0,0,,,,0,20,3
AS80_Th232WT20,AS80x80,U-238,bg,0.00,2.00,21,18,18,0,0,0,,,,0,14,3
AS80_Th232WT20,AS80x80,U-238,bg,0.30,0.00,54,18,18,0,0,0,,,,0,56,3
AS80_Th232WT20,AS80x80,U-238,bg,0.30,0.05,39,18,18,0,0,0,,,,0,29,3
AS80_Th232WT20,AS80x80,U-238,bg,0.30,0.10,37,18,18,0,0,0,,,,0,26,3
AS80_Th232WT20,AS80x80,U-238,bg,0.30,0.20,36,18,18,0,0,0,,,,0,25,3
AS80_Th232WT20,AS80x80,U-238,bg,0.30,0.50,32,18,18,0,0,0,,,,0,21,3
AS80_Th232WT20,AS80x80,U-238,bg,0.30,1.00,29,18,18,0,0,0,,,,0,20,3
AS80_Th232WT20,AS80x80,U-238,bg,0.30,2.00,20,18,18,0,0,0,,,,0,14,3
AS80_Th232WT20,AS80x80,U-238,bg,0.50,0.00,44,18,18,0,0,0,,,,0,56,3
AS80_Th232WT20,AS80x80,U-238,bg,0.50,0.05,34,18,18,0,0,0,,,,0,29,3
AS80_Th232WT20,AS80x80,U-238,bg,0.50,0.10,32,18,18,0,0,0,,,,0,26,3
AS80_Th232WT20,AS80x80,U-238,bg,0.50,0.20,32,18,18,0,0,0,,,,0,25,4
AS80_Th232WT20,AS80x80,U-238,bg,0.50,0.50,28,18,18,0,0,0,,,,0,21,4
AS80_Th232WT20,AS80x80,U-238,bg,0.50,1.00,25,18,18,0,0,0,,,,0,20,3
AS80_Th232WT20,AS80x80,U-238,bg,0.50,2.00,18,18,18,0,0,0,,,,0,14,3
AS80_Th232WT20,AS80x80,U-238,bg,0.70,0.00,35,18,18,0,0,0,,,,0,40,3
AS80_Th232WT20,AS80x80,U-238,bg,0.70,0.05,27,18,18,0,0,0,,,,0,25,3
AS80_Th232WT20,AS80x80,U-238,bg,0.70,0.10,27,18,18,0,0,0,,,,0,23,2
AS80_Th232WT20,AS80x80,U-238,bg,0.70,0.20,27,18,18,0,0,0,,,,0,22,3
AS80_Th232WT20,AS80x80,U-238,bg,0.70,0.50,24,18,18,0,0,0,,,,0,20,3
AS80_Th232WT20,AS80x80,U-238,bg,0.70,1.00,22,18,18,0,0,0,,,,0,19,3
AS80_Th232WT20,AS80x80,U-238,bg,0.70,2.00,18,18,18,0,0,0,,,,0,13,4
AS80_Th232WT20,AS80x80,U-238,bg,0.85,0.00,30,18,18,0,0,0,,,,0,33,4
AS80_Th232WT20,AS80x80,U-238,bg,0.85,0.05,26,18,18,0,0,0,,,,0,23,4
AS80_Th232WT20,AS80x80,U-238,bg,0.85,0.10,26,18,18,0,0,0,,,,0,21,4
AS80_Th232WT20,AS80x80,U-238,bg,0.85,0.20,26,18,18,0,0,0,,,,0,20,5
AS80_Th232WT20,AS80x80,U-238,bg,0.85,0.50,24,18,18,0,0,0,,,,0,18,3
AS80_Th232WT20,AS80x80,U-238,bg,0.85,1.00,22,18,18,0,0,0,,,,0,17,3
AS80_Th232WT20,AS80x80,U-238,bg,0.85,2.00,18,18,18,0,0,0,,,,0,12,3
AS80_Th232WT20,AS80x80,U-238,bg,1.00,0.00,26,18,18,0,0,0,,,,0,28,3
AS80_Th232WT20,AS80x80,U-238,bg,1.00,0.05,22,18,18,0,0,0,,,,0,21,3
AS80_Th232WT20,AS80x80,U-238,bg,1.00,0.10,22,18,18,0,0,0,,,,0,20,3
AS80_Th232WT20,AS80x80,U-238,bg,1.00,0.20,22,18,18,0,0,0,,,,0,20,3
AS80_Th232WT20,AS80x80,U-238,bg,1.00,0.50,21,18,18,0,0,0,,,,0,18,4
AS80_Th232WT20,AS80x80,U-238,bg,1.00,1.00,20,18,18,0,0,0,,,,0,17,4
AS80_Th232WT20,AS80x80,U-238,bg,1.00,2.00,17,18,18,0,0,0,,,,0,12,4
AS80_Th232WT20,AS80x80,U-238,bg,1.30,0.00,23,18,18,0,0,0,,,,0,25,4
AS80_Th232WT20,AS80x80,U-238,bg,1.30,0.05,18,18,18,0,0,0,,,,0,20,4
AS80_Th232WT20,AS80x80,U-238,bg,1.30,0.10,18,18,18,0,0,0,,,,0,20,4
AS80_Th232WT20,AS80x80,U-238,bg,1.30,0.20,18,18,18,0,0,0,,,,0,20,5
AS80_Th232WT20,AS80x80,U-238,bg,1.30,0.50,16,18,18,0,0,0,,,,0,18,3
AS80_Th232WT20,AS80x80,U-238,bg,1.30,1.00,16,18,18,0,0,0,,,,0,17,4
AS80_Th232WT20,AS80x80,U-238,bg,1.30,2.00,15,18,18,0,0,0,,,,0,12,4
AS80_Th232WT20,AS80x80,U-238,bg,1.60,0.00,19,18,18,0,0,0,,,,0,19,4
AS80_Th232WT20,AS80x80,U-238,bg,1.60,0.05,17,18,18,0,0,0,,,,0,16,4
AS80_Th232WT20,AS80x80,U-238,bg,1.60,0.10,17,18,18,0,0,0,,,,0,15,3
AS80_Th232WT20,AS80x80,U-238,bg,1.60,0.20,17,18,18,0,0,0,,,,0,15,3
AS80_Th232WT20,AS80x80,U-238,bg,1.60,0.50,16,18,18,0,0,0,,,,0,15,3
AS80_Th232WT20,AS80x80,U-238,bg,1.60,1.00,16,18,18,0,0,0,,,,0,14,3
AS80_Th232WT20,AS80x80,U-238,bg,1.60,2.00,15,18,18,0,0,0,,,,0,11,3
AS80_Th232WT20,AS80x80,U-238,bg,2.00,0.00,16,18,18,0,0,0,,,,0,16,3
AS80_Th232WT20,AS80x80,U-238,bg,2.00,0.05,15,18,18,0,0,0,,,,0,14,3
AS80_Th232WT20,AS80x80,U-238,bg,2.00,0.10,15,18,18,0,0,0,,,,0,12,3
AS80_Th232WT20,AS80x80,U-238,bg,2.00,0.20,15,18,18,0,0,0,,,,0,12,18
AS80_Th232WT20,AS80x80,U-238,bg,2.00,0.50,14,18,18,0,0,0,,,,0,12,3
AS80_Th232WT20,AS80x80,U-238,bg,2.00,1.00,13,18,18,0,0,0,,,,0,12,3
AS80_Th232WT20,AS80x80,U-238,bg,2.00,2.00,12,18,18,0,0,0,,,,0,9,3
AS80_Th232WT20,AS80x80,U-235,bg,0.00,0.00,110,18,18,0,0,0,,,,0,34,3
AS80_Th232WT20,AS80x80,U-235,bg,0.00,0.05,81,18,18,0,0,0,,,,0,26,3
AS80_Th232WT20,AS80x80,U-235,bg,0.00,0.10,79,18,18,0,0,0,,,,0,26,3
AS80_Th232WT20,AS80x80,U-235,bg,0.00,0.20,63,18,18,0,0,0,,,,0,20,5
AS80_Th232WT20,AS80x80,U-235,bg,0.00,0.50,45,18,18,0,0,0,,,,0,13,3
AS80_Th232WT20,AS80x80,U-235,bg,0.00,1.00,36,18,18,0,0,0,,,,0,10,3
AS80_Th232WT20,AS80x80,U-235,bg,0.00,2.00,22,18,18,0,0,0,,,,0,6,3
AS80_Th232WT20,AS80x80,U-235,bg,0.30,0.00,38,18,18,0,0,0,,,,0,33,3
AS80_Th232WT20,AS80x80,U-235,bg,0.30,0.05,35,18,18,0,0,0,,,,0,25,4
AS80_Th232WT20,AS80x80,U-235,bg,0.30,0.10,34,18,18,0,0,0,,,,0,25,3
AS80_Th232WT20,AS80x80,U-235,bg,0.30,0.20,32,18,18,0,0,0,,,,0,19,3
AS80_Th232WT20,AS80x80,U-235,bg,0.30,0.50,25,18,18,0,0,0,,,,0,13,3
AS80_Th232WT20,AS80x80,U-235,bg,0.30,1.00,22,18,18,0,0,0,,,,0,10,3
AS80_Th232WT20,AS80x80,U-235,bg,0.30,2.00,16,18,18,0,0,0,,,,0,6,4
AS80_Th232WT20,AS80x80,U-235,bg,0.50,0.00,26,18,18,0,0,0,,,,0,33,4
AS80_Th232WT20,AS80x80,U-235,bg,0.50,0.05,24,18,18,0,0,0,,,,0,25,4
AS80_Th232WT20,AS80x80,U-235,bg,0.50,0.10,24,18,18,0,0,0,,,,0,25,4
AS80_Th232WT20,AS80x80,U-235,bg,0.50,0.20,23,18,18,0,0,0,,,,0,19,4
AS80_Th232WT20,AS80x80,U-235,bg,0.50,0.50,18,18,18,0,0,0,,,,0,13,4
AS80_Th232WT20,AS80x80,U-235,bg,0.50,1.00,17,18,18,0,0,0,,,,0,10,3
AS80_Th232WT20,AS80x80,U-235,bg,0.50,2.00,13,18,18,0,0,0,,,,0,6,3
AS80_Th232WT20,AS80x80,U-235,bg,0.70,0.00,22,18,18,0,0,0,,,,0,28,3
AS80_Th232WT20,AS80x80,U-235,bg,0.70,0.05,20,18,18,0,0,0,,,,0,22,3
AS80_Th232WT20,AS80x80,U-235,bg,0.70,0.10,20,18,18,0,0,0,,,,0,22,3
AS80_Th232WT20,AS80x80,U-235,bg,0.70,0.20,18,18,18,0,0,0,,,,0,17,3
AS80_Th232WT20,AS80x80,U-235,bg,0.70,0.50,16,18,18,0,0,0,,,,0,12,3
AS80_Th232WT20,AS80x80,U-235,bg,0.70,1.00,15,18,18,0,0,0,,,,0,9,3
AS80_Th232WT20,AS80x80,U-235,bg,0.70,2.00,12,18,18,0,0,0,,,,0,5,3
AS80_Th232WT20,AS80x80,U-235,bg,0.85,0.00,19,18,18,0,0,0,,,,0,23,3
AS80_Th232WT20,AS80x80,U-235,bg,0.85,0.05,18,18,18,0,0,0,,,,0,18,3
AS80_Th232WT20,AS80x80,U-235,bg,0.85,0.10,17,18,18,0,0,0,,,,0,18,3
AS80_Th232WT20,AS80x80,U-235,bg,0.85,0.20,16,18,18,0,0,0,,,,0,15,3
AS80_Th232WT20,AS80x80,U-235,bg,0.85,0.50,14,18,18,0,0,0,,,,0,10,3
AS80_Th232WT20,AS80x80,U-235,bg,0.85,1.00,13,18,18,0,0,0,,,,0,9,3
AS80_Th232WT20,AS80x80,U-235,bg,0.85,2.00,10,18,18,0,0,0,,,,0,5,3
AS80_Th232WT20,AS80x80,U-235,bg,1.00,0.00,17,18,18,0,0,0,,,,0,22,3
AS80_Th232WT20,AS80x80,U-235,bg,1.00,0.05,16,18,18,0,0,0,,,,0,17,3
AS80_Th232WT20,AS80x80,U-235,bg,1.00,0.10,16,18,18,0,0,0,,,,0,17,3
AS80_Th232WT20,AS80x80,U-235,bg,1.00,0.20,15,18,18,0,0,0,,,,0,14,3
AS80_Th232WT20,AS80x80,U-235,bg,1.00,0.50,13,18,18,0,0,0,,,,0,10,3
AS80_Th232WT20,AS80x80,U-235,bg,1.00,1.00,12,18,18,0,0,0,,,,0,9,3
AS80_Th232WT20,AS80x80,U-235,bg,1.00,2.00,9,18,18,0,0,0,,,,0,5,3
AS80_Th232WT20,AS80x80,U-235,bg,1.30,0.00,12,18,18,0,0,0,,,,0,15,3
AS80_Th232WT20,AS80x80,U-235,bg,1.30,0.05,11,18,18,0,0,0,,,,0,13,4
AS80_Th232WT20,AS80x80,U-235,bg,1.30,0.10,11,18,18,0,0,0,,,,0,13,3
AS80_Th232WT20,AS80x80,U-235,bg,1.30,0.20,10,18,18,0,0,0,,,,0,11,3
AS80_Th232WT20,AS80x80,U-235,bg,1.30,0.50,9,18,18,0,0,0,,,,0,7,3
AS80_Th232WT20,AS80x80,U-235,bg,1.30,1.00,8,18,18,0,0,0,,,,0,6,3
AS80_Th232WT20,AS80x80,U-235,bg,1.30,2.00,8,18,18,0,0,0,,,,0,5,3
AS80_Th232WT20,AS80x80,U-235,bg,1.60,0.00,11,18,18,0,0,0,,,,0,12,3
AS80_Th232WT20,AS80x80,U-235,bg,1.60,0.05,10,18,18,0,0,0,,,,0,10,3
AS80_Th232WT20,AS80x80,U-235,bg,1.60,0.10,10,18,18,0,0,0,,,,0,10,3
AS80_Th232WT20,AS80x80,U-235,bg,1.60,0.20,9,18,18,0,0,0,,,,0,8,3
AS80_Th232WT20,AS80x80,U-235,bg,1.60,0.50,8,18,18,0,0,0,,,,0,6,3
AS80_Th232WT20,AS80x80,U-235,bg,1.60,1.00,8,18,18,0,0,0,,,,0,5,3
AS80_Th232WT20,AS80x80,U-235,bg,1.60,2.00,7,18,18,0,0,0,,,,0,4,3
AS80_Th232WT20,AS80x80,U-235,bg,2.00,0.00,10,18,18,0,0,0,,,,0,12,3
AS80_Th232WT20,AS80x80,U-235,bg,2.00,0.05,9,18,18,0,0,0,,,,0,10,3
AS80_Th232WT20,AS80x80,U-235,bg,2.00,0.10,9,18,18,0,0,0,,,,0,10,4
AS80_Th232WT20,AS80x80,U-235,bg,2.00,0.20,8,18,18,0,0,0,,,,0,8,4
AS80_Th232WT20,AS80x80,U-235,bg,2.00,0.50,7,18,18,0,0,0,,,,0,6,4
AS80_Th232WT20,AS80x80,U-235,bg,2.00,1.00,7,18,18,0,0,0,,,,0,5,3
AS80_Th232WT20,AS80x80,U-235,bg,2.00,2.00,5,18,18,0,0,0,,,,0,4,4
AS80_Th232_v2,AS80x80,Th-232,pos,0.00,0.00,69,56,10,46,1,8,20,20,10,34,48,1858
AS80_Th232_v2,AS80x80,Th-232,pos,0.00,0.05,66,55,10,45,1,8,20,20,10,33,45,2214
AS80_Th232_v2,AS80x80,Th-232,pos,0.00,0.10,65,55,11,44,1,7,20,20,10,32,44,2046
AS80_Th232_v2,AS80x80,Th-232,pos,0.00,0.20,60,53,11,42,1,7,20,20,10,26,40,2431
AS80_Th232_v2,AS80x80,Th-232,pos,0.00,0.50,44,47,12,35,1,6,20,20,10,18,29,1908
AS80_Th232_v2,AS80x80,Th-232,pos,0.00,1.00,30,38,14,24,1,4,20,20,10,10,17,693
AS80_Th232_v2,AS80x80,Th-232,pos,0.00,2.00,21,29,16,13,1,2,17,20,10,6,9,422
AS80_Th232_v2,AS80x80,Th-232,pos,0.30,0.00,40,39,13,26,1,5,20,20,10,34,48,1773
AS80_Th232_v2,AS80x80,Th-232,pos,0.30,0.05,39,38,13,25,1,5,20,20,10,33,45,2052
AS80_Th232_v2,AS80x80,Th-232,pos,0.30,0.10,38,38,14,24,1,4,20,20,10,32,44,2004
AS80_Th232_v2,AS80x80,Th-232,pos,0.30,0.20,37,37,14,23,1,4,20,20,10,26,40,1699
AS80_Th232_v2,AS80x80,Th-232,pos,0.30,0.50,31,35,15,20,1,3,20,20,10,18,29,1366
AS80_Th232_v2,AS80x80,Th-232,pos,0.30,1.00,24,32,16,16,1,2,20,20,10,10,17,745
AS80_Th232_v2,AS80x80,Th-232,pos,0.30,2.00,17,25,18,7,1,0,17,20,10,6,9,335
AS80_Th232_v2,AS80x80,Th-232,pos,0.50,0.00,32,36,14,22,1,4,20,20,10,34,48,773
AS80_Th232_v2,AS80x80,Th-232,pos,0.50,0.05,31,35,14,21,1,4,20,20,10,33,45,843
AS80_Th232_v2,AS80x80,Th-232,pos,0.50,0.10,30,35,15,20,1,3,20,20,10,32,44,776
AS80_Th232_v2,AS80x80,Th-232,pos,0.50,0.20,29,35,15,20,1,3,20,20,10,26,40,710
AS80_Th232_v2,AS80x80,Th-232,pos,0.50,0.50,28,34,15,19,1,3,20,20,10,18,29,667
AS80_Th232_v2,AS80x80,Th-232,pos,0.50,1.00,22,30,16,14,1,2,20,20,10,10,17,779
AS80_Th232_v2,AS80x80,Th-232,pos,0.50,2.00,17,25,18,7,1,0,17,20,10,6,9,295
AS80_Th232_v2,AS80x80,Th-232,pos,0.70,0.00,27,31,17,14,1,1,20,20,10,27,33,607
AS80_Th232_v2,AS80x80,Th-232,pos,0.70,0.05,27,31,17,14,1,1,20,20,10,26,32,603
AS80_Th232_v2,AS80x80,Th-232,pos,0.70,0.10,26,31,18,13,1,0,20,20,10,25,31,582
AS80_Th232_v2,AS80x80,Th-232,pos,0.70,0.20,25,31,18,13,1,0,20,20,10,25,31,460
AS80_Th232_v2,AS80x80,Th-232,pos,0.70,0.50,24,30,18,12,1,0,20,20,10,20,24,414
AS80_Th232_v2,AS80x80,Th-232,pos,0.70,1.00,20,28,18,10,1,0,20,20,10,8,12,382
AS80_Th232_v2,AS80x80,Th-232,pos,0.70,2.00,17,25,18,7,1,0,17,20,10,7,8,308
AS80_Th232_v2,AS80x80,Th-232,pos,0.85,0.00,25,30,17,13,1,1,19,20,10,20,27,430
AS80_Th232_v2,AS80x80,Th-232,pos,0.85,0.05,25,30,17,13,1,1,19,20,10,20,27,361
AS80_Th232_v2,AS80x80,Th-232,pos,0.85,0.10,24,30,18,12,1,0,19,20,10,19,26,295
AS80_Th232_v2,AS80x80,Th-232,pos,0.85,0.20,24,30,18,12,1,0,19,20,10,19,26,272
AS80_Th232_v2,AS80x80,Th-232,pos,0.85,0.50,23,29,18,11,1,0,19,20,10,15,20,359
AS80_Th232_v2,AS80x80,Th-232,pos,0.85,1.00,19,27,18,9,1,0,19,20,10,8,12,315
AS80_Th232_v2,AS80x80,Th-232,pos,0.85,2.00,17,25,18,7,1,0,17,20,10,7,8,366
AS80_Th232_v2,AS80x80,Th-232,pos,1.00,0.00,22,27,17,10,1,1,16,20,10,19,26,283
AS80_Th232_v2,AS80x80,Th-232,pos,1.00,0.05,22,27,17,10,1,1,16,20,10,19,26,310
AS80_Th232_v2,AS80x80,Th-232,pos,1.00,0.10,21,27,18,9,1,0,16,20,10,18,25,267
AS80_Th232_v2,AS80x80,Th-232,pos,1.00,0.20,21,27,18,9,1,0,16,20,10,18,25,364
AS80_Th232_v2,AS80x80,Th-232,pos,1.00,0.50,20,26,18,8,1,0,16,20,10,14,19,295
AS80_Th232_v2,AS80x80,Th-232,pos,1.00,1.00,16,24,18,6,1,0,16,20,10,9,12,258
AS80_Th232_v2,AS80x80,Th-232,pos,1.00,2.00,14,22,18,4,1,0,14,20,10,7,8,268
AS80_Th232_v2,AS80x80,Th-232,pos,1.30,0.00,19,25,17,8,1,1,15,20,10,15,21,629
AS80_Th232_v2,AS80x80,Th-232,pos,1.30,0.05,19,25,17,8,1,1,15,20,10,14,20,674
AS80_Th232_v2,AS80x80,Th-232,pos,1.30,0.10,18,25,18,7,1,0,15,20,10,14,20,618
AS80_Th232_v2,AS80x80,Th-232,pos,1.30,0.20,18,25,18,7,1,0,15,20,10,14,20,688
AS80_Th232_v2,AS80x80,Th-232,pos,1.30,0.50,15,22,18,4,1,0,13,20,10,12,17,500
AS80_Th232_v2,AS80x80,Th-232,pos,1.30,1.00,12,21,18,3,1,0,13,20,10,8,11,372
AS80_Th232_v2,AS80x80,Th-232,pos,1.30,2.00,9,18,18,0,1,0,10,20,10,7,8,370
AS80_Th232_v2,AS80x80,Th-232,pos,1.60,0.00,16,22,17,5,1,1,12,20,10,14,18,530
AS80_Th232_v2,AS80x80,Th-232,pos,1.60,0.05,16,22,17,5,1,1,12,20,10,13,17,587
AS80_Th232_v2,AS80x80,Th-232,pos,1.60,0.10,15,22,18,4,1,0,12,20,10,13,17,531
AS80_Th232_v2,AS80x80,Th-232,pos,1.60,0.20,15,22,18,4,1,0,12,20,10,13,17,541
AS80_Th232_v2,AS80x80,Th-232,pos,1.60,0.50,14,21,18,3,1,0,12,20,10,10,14,398
AS80_Th232_v2,AS80x80,Th-232,pos,1.60,1.00,11,20,18,2,1,0,12,20,10,8,11,315
AS80_Th232_v2,AS80x80,Th-232,pos,1.60,2.00,9,18,18,0,1,0,10,20,10,7,8,210
AS80_Th232_v2,AS80x80,Th-232,pos,2.00,0.00,13,20,17,3,1,1,11,20,10,10,14,260
AS80_Th232_v2,AS80x80,Th-232,pos,2.00,0.05,13,20,17,3,1,1,11,20,10,10,14,265
AS80_Th232_v2,AS80x80,Th-232,pos,2.00,0.10,12,20,18,2,1,0,11,20,10,10,14,291
AS80_Th232_v2,AS80x80,Th-232,pos,2.00,0.20,12,20,18,2,1,0,11,20,10,9,13,242
AS80_Th232_v2,AS80x80,Th-232,pos,2.00,0.50,12,20,18,2,1,0,11,20,10,8,12,237
AS80_Th232_v2,AS80x80,Th-232,pos,2.00,1.00,10,19,18,1,1,0,11,20,10,4,8,223
AS80_Th232_v2,AS80x80,Th-232,pos,2.00,2.00,9,18,18,0,1,0,10,20,10,4,5,216
AS80_Th232_v2,AS80x80,Ra-226,bg,0.00,0.00,61,33,15,18,0,3,,,,17,46,2505
AS80_Th232_v2,AS80x80,Ra-226,bg,0.00,0.05,35,34,14,20,0,4,,,,17,26,2116
AS80_Th232_v2,AS80x80,Ra-226,bg,0.00,0.10,34,34,14,20,0,4,,,,17,25,2085
AS80_Th232_v2,AS80x80,Ra-226,bg,0.00,0.20,34,34,14,20,0,4,,,,17,25,1998
AS80_Th232_v2,AS80x80,Ra-226,bg,0.00,0.50,31,33,15,18,1,3,,,,15,22,1642
AS80_Th232_v2,AS80x80,Ra-226,bg,0.00,1.00,27,32,15,17,1,3,,,,15,19,1747
AS80_Th232_v2,AS80x80,Ra-226,bg,0.00,2.00,17,26,14,12,1,4,,,,10,14,929
AS80_Th232_v2,AS80x80,Ra-226,bg,0.30,0.00,46,34,13,21,0,5,,,,16,45,2417
AS80_Th232_v2,AS80x80,Ra-226,bg,0.30,0.05,33,32,14,18,0,4,,,,17,26,1914
AS80_Th232_v2,AS80x80,Ra-226,bg,0.30,0.10,32,32,14,18,0,4,,,,17,25,1688
AS80_Th232_v2,AS80x80,Ra-226,bg,0.30,0.20,32,32,14,18,0,4,,,,17,25,1674
AS80_Th232_v2,AS80x80,Ra-226,bg,0.30,0.50,29,31,15,16,1,3,,,,15,22,1329
AS80_Th232_v2,AS80x80,Ra-226,bg,0.30,1.00,26,31,15,16,1,3,,,,15,19,1368
AS80_Th232_v2,AS80x80,Ra-226,bg,0.30,2.00,17,26,14,12,1,4,,,,10,14,877
AS80_Th232_v2,AS80x80,Ra-226,bg,0.50,0.00,36,31,14,17,0,4,,,,16,45,1799
AS80_Th232_v2,AS80x80,Ra-226,bg,0.50,0.05,29,29,15,14,0,3,,,,17,26,1363
AS80_Th232_v2,AS80x80,Ra-226,bg,0.50,0.10,28,29,15,14,0,3,,,,17,25,1294
AS80_Th232_v2,AS80x80,Ra-226,bg,0.50,0.20,28,29,15,14,0,3,,,,17,25,1176
AS80_Th232_v2,AS80x80,Ra-226,bg,0.50,0.50,25,28,16,12,1,2,,,,15,22,926
AS80_Th232_v2,AS80x80,Ra-226,bg,0.50,1.00,22,28,16,12,1,2,,,,15,19,1789
AS80_Th232_v2,AS80x80,Ra-226,bg,0.50,2.00,15,24,16,8,1,2,,,,10,14,710
AS80_Th232_v2,AS80x80,Ra-226,bg,0.70,0.00,31,31,14,17,1,4,,,,20,35,1716
AS80_Th232_v2,AS80x80,Ra-226,bg,0.70,0.05,23,29,15,14,1,3,,,,16,25,523
AS80_Th232_v2,AS80x80,Ra-226,bg,0.70,0.10,23,29,15,14,1,3,,,,16,24,537
AS80_Th232_v2,AS80x80,Ra-226,bg,0.70,0.20,23,29,15,14,1,3,,,,16,24,572
AS80_Th232_v2,AS80x80,Ra-226,bg,0.70,0.50,21,28,15,13,1,3,,,,14,21,432
AS80_Th232_v2,AS80x80,Ra-226,bg,0.70,1.00,19,27,15,12,1,3,,,,14,18,851
AS80_Th232_v2,AS80x80,Ra-226,bg,0.70,2.00,15,24,16,8,1,2,,,,10,14,739
AS80_Th232_v2,AS80x80,Ra-226,bg,0.85,0.00,26,29,14,15,1,4,,,,22,30,608
AS80_Th232_v2,AS80x80,Ra-226,bg,0.85,0.05,22,28,15,13,1,3,,,,17,23,474
AS80_Th232_v2,AS80x80,Ra-226,bg,0.85,0.10,22,28,15,13,1,3,,,,17,22,474
AS80_Th232_v2,AS80x80,Ra-226,bg,0.85,0.20,22,28,15,13,1,3,,,,17,22,445
AS80_Th232_v2,AS80x80,Ra-226,bg,0.85,0.50,21,28,15,13,1,3,,,,15,19,498
AS80_Th232_v2,AS80x80,Ra-226,bg,0.85,1.00,19,27,15,12,1,3,,,,13,17,862
AS80_Th232_v2,AS80x80,Ra-226,bg,0.85,2.00,15,24,16,8,1,2,,,,9,13,791
AS80_Th232_v2,AS80x80,Ra-226,bg,1.00,0.00,21,28,14,14,1,4,,,,19,27,897
AS80_Th232_v2,AS80x80,Ra-226,bg,1.00,0.05,19,27,15,12,1,3,,,,15,21,933
AS80_Th232_v2,AS80x80,Ra-226,bg,1.00,0.10,19,27,15,12,1,3,,,,15,20,858
AS80_Th232_v2,AS80x80,Ra-226,bg,1.00,0.20,19,27,15,12,1,3,,,,15,20,910
AS80_Th232_v2,AS80x80,Ra-226,bg,1.00,0.50,18,27,15,12,1,3,,,,14,18,958
AS80_Th232_v2,AS80x80,Ra-226,bg,1.00,1.00,17,26,15,11,1,3,,,,12,16,863
AS80_Th232_v2,AS80x80,Ra-226,bg,1.00,2.00,14,23,16,7,1,2,,,,9,13,729
AS80_Th232_v2,AS80x80,Ra-226,bg,1.30,0.00,19,25,13,12,1,5,,,,15,22,830
AS80_Th232_v2,AS80x80,Ra-226,bg,1.30,0.05,16,24,16,8,1,2,,,,12,17,771
AS80_Th232_v2,AS80x80,Ra-226,bg,1.30,0.10,16,24,16,8,1,2,,,,12,17,804
AS80_Th232_v2,AS80x80,Ra-226,bg,1.30,0.20,16,24,16,8,1,2,,,,12,17,805
AS80_Th232_v2,AS80x80,Ra-226,bg,1.30,0.50,15,24,16,8,1,2,,,,11,16,872
AS80_Th232_v2,AS80x80,Ra-226,bg,1.30,1.00,15,24,16,8,1,2,,,,10,14,774
AS80_Th232_v2,AS80x80,Ra-226,bg,1.30,2.00,14,23,16,7,1,2,,,,7,11,762
AS80_Th232_v2,AS80x80,Ra-226,bg,1.60,0.00,18,25,15,10,1,3,,,,11,19,820
AS80_Th232_v2,AS80x80,Ra-226,bg,1.60,0.05,16,24,16,8,1,2,,,,11,15,803
AS80_Th232_v2,AS80x80,Ra-226,bg,1.60,0.10,16,24,16,8,1,2,,,,11,15,878
AS80_Th232_v2,AS80x80,Ra-226,bg,1.60,0.20,16,24,16,8,1,2,,,,11,15,805
AS80_Th232_v2,AS80x80,Ra-226,bg,1.60,0.50,15,24,16,8,1,2,,,,10,14,794
AS80_Th232_v2,AS80x80,Ra-226,bg,1.60,1.00,15,24,16,8,1,2,,,,8,12,809
AS80_Th232_v2,AS80x80,Ra-226,bg,1.60,2.00,14,23,16,7,1,2,,,,6,10,778
AS80_Th232_v2,AS80x80,Ra-226,bg,2.00,0.00,16,24,15,9,1,3,,,,8,15,381
AS80_Th232_v2,AS80x80,Ra-226,bg,2.00,0.05,14,23,16,7,1,2,,,,8,12,325
AS80_Th232_v2,AS80x80,Ra-226,bg,2.00,0.10,14,23,16,7,1,2,,,,8,12,325
AS80_Th232_v2,AS80x80,Ra-226,bg,2.00,0.20,14,23,16,7,1,2,,,,8,12,405
AS80_Th232_v2,AS80x80,Ra-226,bg,2.00,0.50,13,23,16,7,1,2,,,,7,11,345
AS80_Th232_v2,AS80x80,Ra-226,bg,2.00,1.00,12,23,17,6,1,1,,,,7,11,315
AS80_Th232_v2,AS80x80,Ra-226,bg,2.00,2.00,11,22,17,5,1,1,,,,5,9,338
AS80_Th232_v2,AS80x80,U-238,bg,0.00,0.00,91,18,18,0,0,0,,,,0,57,3
AS80_Th232_v2,AS80x80,U-238,bg,0.00,0.05,48,18,18,0,0,0,,,,0,30,3
AS80_Th232_v2,AS80x80,U-238,bg,0.00,0.10,43,18,18,0,0,0,,,,0,27,3
AS80_Th232_v2,AS80x80,U-238,bg,0.00,0.20,41,18,18,0,0,0,,,,0,26,3
AS80_Th232_v2,AS80x80,U-238,bg,0.00,0.50,35,18,18,0,0,0,,,,0,21,3
AS80_Th232_v2,AS80x80,U-238,bg,0.00,1.00,31,18,18,0,0,0,,,,0,20,4
AS80_Th232_v2,AS80x80,U-238,bg,0.00,2.00,21,18,18,0,0,0,,,,0,14,4
AS80_Th232_v2,AS80x80,U-238,bg,0.30,0.00,54,18,18,0,0,0,,,,0,56,4
AS80_Th232_v2,AS80x80,U-238,bg,0.30,0.05,39,18,18,0,0,0,,,,0,29,4
AS80_Th232_v2,AS80x80,U-238,bg,0.30,0.10,37,18,18,0,0,0,,,,0,26,4
AS80_Th232_v2,AS80x80,U-238,bg,0.30,0.20,36,18,18,0,0,0,,,,0,25,4
AS80_Th232_v2,AS80x80,U-238,bg,0.30,0.50,32,18,18,0,0,0,,,,0,21,4
AS80_Th232_v2,AS80x80,U-238,bg,0.30,1.00,29,18,18,0,0,0,,,,0,20,4
AS80_Th232_v2,AS80x80,U-238,bg,0.30,2.00,20,18,18,0,0,0,,,,0,14,4
AS80_Th232_v2,AS80x80,U-238,bg,0.50,0.00,44,18,18,0,0,0,,,,0,56,3
AS80_Th232_v2,AS80x80,U-238,bg,0.50,0.05,34,18,18,0,0,0,,,,0,29,3
AS80_Th232_v2,AS80x80,U-238,bg,0.50,0.10,32,18,18,0,0,0,,,,0,26,4
AS80_Th232_v2,AS80x80,U-238,bg,0.50,0.20,32,18,18,0,0,0,,,,0,25,4
AS80_Th232_v2,AS80x80,U-238,bg,0.50,0.50,28,18,18,0,0,0,,,,0,21,4
AS80_Th232_v2,AS80x80,U-238,bg,0.50,1.00,25,18,18,0,0,0,,,,0,20,5
AS80_Th232_v2,AS80x80,U-238,bg,0.50,2.00,18,18,18,0,0,0,,,,0,14,4
AS80_Th232_v2,AS80x80,U-238,bg,0.70,0.00,35,18,18,0,0,0,,,,0,40,4
AS80_Th232_v2,AS80x80,U-238,bg,0.70,0.05,27,18,18,0,0,0,,,,0,25,4
AS80_Th232_v2,AS80x80,U-238,bg,0.70,0.10,27,18,18,0,0,0,,,,0,23,4
AS80_Th232_v2,AS80x80,U-238,bg,0.70,0.20,27,18,18,0,0,0,,,,0,22,4
AS80_Th232_v2,AS80x80,U-238,bg,0.70,0.50,24,18,18,0,0,0,,,,0,20,4
AS80_Th232_v2,AS80x80,U-238,bg,0.70,1.00,22,18,18,0,0,0,,,,0,19,4
AS80_Th232_v2,AS80x80,U-238,bg,0.70,2.00,18,18,18,0,0,0,,,,0,13,4
AS80_Th232_v2,AS80x80,U-238,bg,0.85,0.00,30,18,18,0,0,0,,,,0,33,5
AS80_Th232_v2,AS80x80,U-238,bg,0.85,0.05,26,18,18,0,0,0,,,,0,23,4
AS80_Th232_v2,AS80x80,U-238,bg,0.85,0.10,26,18,18,0,0,0,,,,0,21,3
AS80_Th232_v2,AS80x80,U-238,bg,0.85,0.20,26,18,18,0,0,0,,,,0,20,3
AS80_Th232_v2,AS80x80,U-238,bg,0.85,0.50,24,18,18,0,0,0,,,,0,18,3
AS80_Th232_v2,AS80x80,U-238,bg,0.85,1.00,22,18,18,0,0,0,,,,0,17,3
AS80_Th232_v2,AS80x80,U-238,bg,0.85,2.00,18,18,18,0,0,0,,,,0,12,3
AS80_Th232_v2,AS80x80,U-238,bg,1.00,0.00,26,18,18,0,0,0,,,,0,28,3
AS80_Th232_v2,AS80x80,U-238,bg,1.00,0.05,22,18,18,0,0,0,,,,0,21,3
AS80_Th232_v2,AS80x80,U-238,bg,1.00,0.10,22,18,18,0,0,0,,,,0,20,3
AS80_Th232_v2,AS80x80,U-238,bg,1.00,0.20,22,18,18,0,0,0,,,,0,20,3
AS80_Th232_v2,AS80x80,U-238,bg,1.00,0.50,21,18,18,0,0,0,,,,0,18,3
AS80_Th232_v2,AS80x80,U-238,bg,1.00,1.00,20,18,18,0,0,0,,,,0,17,5
AS80_Th232_v2,AS80x80,U-238,bg,1.00,2.00,17,18,18,0,0,0,,,,0,12,4
AS80_Th232_v2,AS80x80,U-238,bg,1.30,0.00,23,18,18,0,0,0,,,,0,25,4
AS80_Th232_v2,AS80x80,U-238,bg,1.30,0.05,18,18,18,0,0,0,,,,0,20,4
AS80_Th232_v2,AS80x80,U-238,bg,1.30,0.10,18,18,18,0,0,0,,,,0,20,4
AS80_Th232_v2,AS80x80,U-238,bg,1.30,0.20,18,18,18,0,0,0,,,,0,20,4
AS80_Th232_v2,AS80x80,U-238,bg,1.30,0.50,16,18,18,0,0,0,,,,0,18,4
AS80_Th232_v2,AS80x80,U-238,bg,1.30,1.00,16,18,18,0,0,0,,,,0,17,4
AS80_Th232_v2,AS80x80,U-238,bg,1.30,2.00,15,18,18,0,0,0,,,,0,12,4
AS80_Th232_v2,AS80x80,U-238,bg,1.60,0.00,19,18,18,0,0,0,,,,0,19,3
AS80_Th232_v2,AS80x80,U-238,bg,1.60,0.05,17,18,18,0,0,0,,,,0,16,3
AS80_Th232_v2,AS80x80,U-238,bg,1.60,0.10,17,18,18,0,0,0,,,,0,15,3
AS80_Th232_v2,AS80x80,U-238,bg,1.60,0.20,17,18,18,0,0,0,,,,0,15,4
AS80_Th232_v2,AS80x80,U-238,bg,1.60,0.50,16,18,18,0,0,0,,,,0,15,4
AS80_Th232_v2,AS80x80,U-238,bg,1.60,1.00,16,18,18,0,0,0,,,,0,14,4
AS80_Th232_v2,AS80x80,U-238,bg,1.60,2.00,15,18,18,0,0,0,,,,0,11,4
AS80_Th232_v2,AS80x80,U-238,bg,2.00,0.00,16,18,18,0,0,0,,,,0,16,4
AS80_Th232_v2,AS80x80,U-238,bg,2.00,0.05,15,18,18,0,0,0,,,,0,14,4
AS80_Th232_v2,AS80x80,U-238,bg,2.00,0.10,15,18,18,0,0,0,,,,0,12,4
AS80_Th232_v2,AS80x80,U-238,bg,2.00,0.20,15,18,18,0,0,0,,,,0,12,3
AS80_Th232_v2,AS80x80,U-238,bg,2.00,0.50,14,18,18,0,0,0,,,,0,12,4
AS80_Th232_v2,AS80x80,U-238,bg,2.00,1.00,13,18,18,0,0,0,,,,0,12,4
AS80_Th232_v2,AS80x80,U-238,bg,2.00,2.00,12,18,18,0,0,0,,,,0,9,3
AS80_Th232_v2,AS80x80,U-235,bg,0.00,0.00,110,18,18,0,0,0,,,,0,34,3
AS80_Th232_v2,AS80x80,U-235,bg,0.00,0.05,81,18,18,0,0,0,,,,0,26,3
AS80_Th232_v2,AS80x80,U-235,bg,0.00,0.10,79,18,18,0,0,0,,,,0,26,3
AS80_Th232_v2,AS80x80,U-235,bg,0.00,0.20,63,18,18,0,0,0,,,,0,20,3
AS80_Th232_v2,AS80x80,U-235,bg,0.00,0.50,45,18,18,0,0,0,,,,0,13,3
AS80_Th232_v2,AS80x80,U-235,bg,0.00,1.00,36,18,18,0,0,0,,,,0,10,3
AS80_Th232_v2,AS80x80,U-235,bg,0.00,2.00,22,18,18,0,0,0,,,,0,6,3
AS80_Th232_v2,AS80x80,U-235,bg,0.30,0.00,38,18,18,0,0,0,,,,0,33,4
AS80_Th232_v2,AS80x80,U-235,bg,0.30,0.05,35,18,18,0,0,0,,,,0,25,4
AS80_Th232_v2,AS80x80,U-235,bg,0.30,0.10,34,18,18,0,0,0,,,,0,25,3
AS80_Th232_v2,AS80x80,U-235,bg,0.30,0.20,32,18,18,0,0,0,,,,0,19,4
AS80_Th232_v2,AS80x80,U-235,bg,0.30,0.50,25,18,18,0,0,0,,,,0,13,4
AS80_Th232_v2,AS80x80,U-235,bg,0.30,1.00,22,18,18,0,0,0,,,,0,10,5
AS80_Th232_v2,AS80x80,U-235,bg,0.30,2.00,16,18,18,0,0,0,,,,0,6,4
AS80_Th232_v2,AS80x80,U-235,bg,0.50,0.00,26,18,18,0,0,0,,,,0,33,4
AS80_Th232_v2,AS80x80,U-235,bg,0.50,0.05,24,18,18,0,0,0,,,,0,25,4
AS80_Th232_v2,AS80x80,U-235,bg,0.50,0.10,24,18,18,0,0,0,,,,0,25,3
AS80_Th232_v2,AS80x80,U-235,bg,0.50,0.20,23,18,18,0,0,0,,,,0,19,3
AS80_Th232_v2,AS80x80,U-235,bg,0.50,0.50,18,18,18,0,0,0,,,,0,13,3
AS80_Th232_v2,AS80x80,U-235,bg,0.50,1.00,17,18,18,0,0,0,,,,0,10,3
AS80_Th232_v2,AS80x80,U-235,bg,0.50,2.00,13,18,18,0,0,0,,,,0,6,3
AS80_Th232_v2,AS80x80,U-235,bg,0.70,0.00,22,18,18,0,0,0,,,,0,28,3
AS80_Th232_v2,AS80x80,U-235,bg,0.70,0.05,20,18,18,0,0,0,,,,0,22,3
AS80_Th232_v2,AS80x80,U-235,bg,0.70,0.10,20,18,18,0,0,0,,,,0,22,3
AS80_Th232_v2,AS80x80,U-235,bg,0.70,0.20,18,18,18,0,0,0,,,,0,17,4
AS80_Th232_v2,AS80x80,U-235,bg,0.70,0.50,16,18,18,0,0,0,,,,0,12,4
AS80_Th232_v2,AS80x80,U-235,bg,0.70,1.00,15,18,18,0,0,0,,,,0,9,3
AS80_Th232_v2,AS80x80,U-235,bg,0.70,2.00,12,18,18,0,0,0,,,,0,5,4
AS80_Th232_v2,AS80x80,U-235,bg,0.85,0.00,19,18,18,0,0,0,,,,0,23,4
AS80_Th232_v2,AS80x80,U-235,bg,0.85,0.05,18,18,18,0,0,0,,,,0,18,3
AS80_Th232_v2,AS80x80,U-235,bg,0.85,0.10,17,18,18,0,0,0,,,,0,18,3
AS80_Th232_v2,AS80x80,U-235,bg,0.85,0.20,16,18,18,0,0,0,,,,0,15,3
AS80_Th232_v2,AS80x80,U-235,bg,0.85,0.50,14,18,18,0,0,0,,,,0,10,3
AS80_Th232_v2,AS80x80,U-235,bg,0.85,1.00,13,18,18,0,0,0,,,,0,9,3
AS80_Th232_v2,AS80x80,U-235,bg,0.85,2.00,10,18,18,0,0,0,,,,0,5,3
AS80_Th232_v2,AS80x80,U-235,bg,1.00,0.00,17,18,18,0,0,0,,,,0,22,3
AS80_Th232_v2,AS80x80,U-235,bg,1.00,0.05,16,18,18,0,0,0,,,,0,17,3
AS80_Th232_v2,AS80x80,U-235,bg,1.00,0.10,16,18,18,0,0,0,,,,0,17,3
AS80_Th232_v2,AS80x80,U-235,bg,1.00,0.20,15,18,18,0,0,0,,,,0,14,3
AS80_Th232_v2,AS80x80,U-235,bg,1.00,0.50,13,18,18,0,0,0,,,,0,10,3
AS80_Th232_v2,AS80x80,U-235,bg,1.00,1.00,12,18,18,0,0,0,,,,0,9,3
AS80_Th232_v2,AS80x80,U-235,bg,1.00,2.00,9,18,18,0,0,0,,,,0,5,4
AS80_Th232_v2,AS80x80,U-235,bg,1.30,0.00,12,18,18,0,0,0,,,,0,15,4
AS80_Th232_v2,AS80x80,U-235,bg,1.30,0.05,11,18,18,0,0,0,,,,0,13,4
AS80_Th232_v2,AS80x80,U-235,bg,1.30,0.10,11,18,18,0,0,0,,,,0,13,4
AS80_Th232_v2,AS80x80,U-235,bg,1.30,0.20,10,18,18,0,0,0,,,,0,11,4
AS80_Th232_v2,AS80x80,U-235,bg,1.30,0.50,9,18,18,0,0,0,,,,0,7,4
AS80_Th232_v2,AS80x80,U-235,bg,1.30,1.00,8,18,18,0,0,0,,,,0,6,4
AS80_Th232_v2,AS80x80,U-235,bg,1.30,2.00,8,18,18,0,0,0,,,,0,5,4
AS80_Th232_v2,AS80x80,U-235,bg,1.60,0.00,11,18,18,0,0,0,,,,0,12,3
AS80_Th232_v2,AS80x80,U-235,bg,1.60,0.05,10,18,18,0,0,0,,,,0,10,4
AS80_Th232_v2,AS80x80,U-235,bg,1.60,0.10,10,18,18,0,0,0,,,,0,10,4
AS80_Th232_v2,AS80x80,U-235,bg,1.60,0.20,9,18,18,0,0,0,,,,0,8,3
AS80_Th232_v2,AS80x80,U-235,bg,1.60,0.50,8,18,18,0,0,0,,,,0,6,3
AS80_Th232_v2,AS80x80,U-235,bg,1.60,1.00,8,18,18,0,0,0,,,,0,5,3
AS80_Th232_v2,AS80x80,U-235,bg,1.60,2.00,7,18,18,0,0,0,,,,0,4,3
AS80_Th232_v2,AS80x80,U-235,bg,2.00,0.00,10,18,18,0,0,0,,,,0,12,3
AS80_Th232_v2,AS80x80,U-235,bg,2.00,0.05,9,18,18,0,0,0,,,,0,10,4
AS80_Th232_v2,AS80x80,U-235,bg,2.00,0.10,9,18,18,0,0,0,,,,0,10,4
AS80_Th232_v2,AS80x80,U-235,bg,2.00,0.20,8,18,18,0,0,0,,,,0,8,4
AS80_Th232_v2,AS80x80,U-235,bg,2.00,0.50,7,18,18,0,0,0,,,,0,6,5
AS80_Th232_v2,AS80x80,U-235,bg,2.00,1.00,7,18,18,0,0,0,,,,0,5,4
AS80_Th232_v2,AS80x80,U-235,bg,2.00,2.00,5,18,18,0,0,0,,,,0,4,4
AS80_UGlass,AS80x80,Th-232,neg,0.00,0.00,69,14,14,0,0,0,,,,0,48,15
AS80_UGlass,AS80x80,Th-232,neg,0.00,0.05,66,14,14,0,0,0,,,,0,45,4
AS80_UGlass,AS80x80,Th-232,neg,0.00,0.10,65,14,14,0,0,0,,,,0,44,3
AS80_UGlass,AS80x80,Th-232,neg,0.00,0.20,60,14,14,0,0,0,,,,0,40,3
AS80_UGlass,AS80x80,Th-232,neg,0.00,0.50,44,14,14,0,0,0,,,,0,29,3
AS80_UGlass,AS80x80,Th-232,neg,0.00,1.00,30,14,14,0,0,0,,,,0,17,5
AS80_UGlass,AS80x80,Th-232,neg,0.00,2.00,21,14,14,0,0,0,,,,0,9,3
AS80_UGlass,AS80x80,Th-232,neg,0.30,0.00,40,14,14,0,0,0,,,,0,48,4
AS80_UGlass,AS80x80,Th-232,neg,0.30,0.05,39,14,14,0,0,0,,,,0,45,3
AS80_UGlass,AS80x80,Th-232,neg,0.30,0.10,38,14,14,0,0,0,,,,0,44,3
AS80_UGlass,AS80x80,Th-232,neg,0.30,0.20,37,14,14,0,0,0,,,,0,40,4
AS80_UGlass,AS80x80,Th-232,neg,0.30,0.50,31,14,14,0,0,0,,,,0,29,3
AS80_UGlass,AS80x80,Th-232,neg,0.30,1.00,24,14,14,0,0,0,,,,0,17,3
AS80_UGlass,AS80x80,Th-232,neg,0.30,2.00,17,14,14,0,0,0,,,,0,9,4
AS80_UGlass,AS80x80,Th-232,neg,0.50,0.00,32,14,14,0,0,0,,,,0,48,3
AS80_UGlass,AS80x80,Th-232,neg,0.50,0.05,31,14,14,0,0,0,,,,0,45,4
AS80_UGlass,AS80x80,Th-232,neg,0.50,0.10,30,14,14,0,0,0,,,,0,44,4
AS80_UGlass,AS80x80,Th-232,neg,0.50,0.20,29,14,14,0,0,0,,,,0,40,4
AS80_UGlass,AS80x80,Th-232,neg,0.50,0.50,28,14,14,0,0,0,,,,0,29,4
AS80_UGlass,AS80x80,Th-232,neg,0.50,1.00,22,14,14,0,0,0,,,,0,17,3
AS80_UGlass,AS80x80,Th-232,neg,0.50,2.00,17,14,14,0,0,0,,,,0,9,4
AS80_UGlass,AS80x80,Th-232,neg,0.70,0.00,27,14,14,0,0,0,,,,0,33,4
AS80_UGlass,AS80x80,Th-232,neg,0.70,0.05,27,14,14,0,0,0,,,,0,32,4
AS80_UGlass,AS80x80,Th-232,neg,0.70,0.10,26,14,14,0,0,0,,,,0,31,5
AS80_UGlass,AS80x80,Th-232,neg,0.70,0.20,25,14,14,0,0,0,,,,0,31,5
AS80_UGlass,AS80x80,Th-232,neg,0.70,0.50,24,14,14,0,0,0,,,,0,24,4
AS80_UGlass,AS80x80,Th-232,neg,0.70,1.00,20,14,14,0,0,0,,,,0,12,4
AS80_UGlass,AS80x80,Th-232,neg,0.70,2.00,17,14,14,0,0,0,,,,0,8,6
AS80_UGlass,AS80x80,Th-232,neg,0.85,0.00,25,14,14,0,0,0,,,,0,27,3
AS80_UGlass,AS80x80,Th-232,neg,0.85,0.05,25,14,14,0,0,0,,,,0,27,8
AS80_UGlass,AS80x80,Th-232,neg,0.85,0.10,24,14,14,0,0,0,,,,0,26,10
AS80_UGlass,AS80x80,Th-232,neg,0.85,0.20,24,14,14,0,0,0,,,,0,26,4
AS80_UGlass,AS80x80,Th-232,neg,0.85,0.50,23,14,14,0,0,0,,,,0,20,4
AS80_UGlass,AS80x80,Th-232,neg,0.85,1.00,19,14,14,0,0,0,,,,0,12,4
AS80_UGlass,AS80x80,Th-232,neg,0.85,2.00,17,14,14,0,0,0,,,,0,8,6
AS80_UGlass,AS80x80,Th-232,neg,1.00,0.00,22,14,14,0,0,0,,,,0,26,4
AS80_UGlass,AS80x80,Th-232,neg,1.00,0.05,22,14,14,0,0,0,,,,0,26,4
AS80_UGlass,AS80x80,Th-232,neg,1.00,0.10,21,14,14,0,0,0,,,,0,25,5
AS80_UGlass,AS80x80,Th-232,neg,1.00,0.20,21,14,14,0,0,0,,,,0,25,5
AS80_UGlass,AS80x80,Th-232,neg,1.00,0.50,20,14,14,0,0,0,,,,0,19,5
AS80_UGlass,AS80x80,Th-232,neg,1.00,1.00,16,14,14,0,0,0,,,,0,12,4
AS80_UGlass,AS80x80,Th-232,neg,1.00,2.00,14,14,14,0,0,0,,,,0,8,3
AS80_UGlass,AS80x80,Th-232,neg,1.30,0.00,19,14,14,0,0,0,,,,0,21,3
AS80_UGlass,AS80x80,Th-232,neg,1.30,0.05,19,14,14,0,0,0,,,,0,20,10
AS80_UGlass,AS80x80,Th-232,neg,1.30,0.10,18,14,14,0,0,0,,,,0,20,3
AS80_UGlass,AS80x80,Th-232,neg,1.30,0.20,18,14,14,0,0,0,,,,0,20,9
AS80_UGlass,AS80x80,Th-232,neg,1.30,0.50,15,14,14,0,0,0,,,,0,17,6
AS80_UGlass,AS80x80,Th-232,neg,1.30,1.00,12,14,14,0,0,0,,,,0,11,6
AS80_UGlass,AS80x80,Th-232,neg,1.30,2.00,9,14,14,0,0,0,,,,0,8,5
AS80_UGlass,AS80x80,Th-232,neg,1.60,0.00,16,14,14,0,0,0,,,,0,18,5
AS80_UGlass,AS80x80,Th-232,neg,1.60,0.05,16,14,14,0,0,0,,,,0,17,4
AS80_UGlass,AS80x80,Th-232,neg,1.60,0.10,15,14,14,0,0,0,,,,0,17,4
AS80_UGlass,AS80x80,Th-232,neg,1.60,0.20,15,14,14,0,0,0,,,,0,17,3
AS80_UGlass,AS80x80,Th-232,neg,1.60,0.50,14,14,14,0,0,0,,,,0,14,3
AS80_UGlass,AS80x80,Th-232,neg,1.60,1.00,11,14,14,0,0,0,,,,0,11,3
AS80_UGlass,AS80x80,Th-232,neg,1.60,2.00,9,14,14,0,0,0,,,,0,8,3
AS80_UGlass,AS80x80,Th-232,neg,2.00,0.00,13,14,14,0,0,0,,,,0,14,3
AS80_UGlass,AS80x80,Th-232,neg,2.00,0.05,13,14,14,0,0,0,,,,0,14,4
AS80_UGlass,AS80x80,Th-232,neg,2.00,0.10,12,14,14,0,0,0,,,,0,14,3
AS80_UGlass,AS80x80,Th-232,neg,2.00,0.20,12,14,14,0,0,0,,,,0,13,3
AS80_UGlass,AS80x80,Th-232,neg,2.00,0.50,12,14,14,0,0,0,,,,0,12,3
AS80_UGlass,AS80x80,Th-232,neg,2.00,1.00,10,14,14,0,0,0,,,,0,8,3
AS80_UGlass,AS80x80,Th-232,neg,2.00,2.00,9,14,14,0,0,0,,,,0,5,4
AS80_UGlass,AS80x80,Ra-226,neg,0.00,0.00,61,37,9,28,0,5,,,,20,46,1353
AS80_UGlass,AS80x80,Ra-226,neg,0.00,0.05,35,35,9,26,0,5,,,,19,26,1993
AS80_UGlass,AS80x80,Ra-226,neg,0.00,0.10,34,34,9,25,0,5,,,,18,25,2029
AS80_UGlass,AS80x80,Ra-226,neg,0.00,0.20,34,34,9,25,0,5,,,,18,25,2028
AS80_UGlass,AS80x80,Ra-226,neg,0.00,0.50,31,32,10,22,1,4,,,,15,22,1938
AS80_UGlass,AS80x80,Ra-226,neg,0.00,1.00,27,30,10,20,1,4,,,,13,19,1031
AS80_UGlass,AS80x80,Ra-226,neg,0.00,2.00,17,23,11,12,1,3,,,,9,14,378
AS80_UGlass,AS80x80,Ra-226,neg,0.30,0.00,46,38,8,30,0,6,,,,20,45,1191
AS80_UGlass,AS80x80,Ra-226,neg,0.30,0.05,33,35,9,26,0,5,,,,19,26,2111
AS80_UGlass,AS80x80,Ra-226,neg,0.30,0.10,32,34,9,25,0,5,,,,18,25,2061
AS80_UGlass,AS80x80,Ra-226,neg,0.30,0.20,32,34,9,25,0,5,,,,18,25,2085
AS80_UGlass,AS80x80,Ra-226,neg,0.30,0.50,29,32,10,22,1,4,,,,15,22,1724
AS80_UGlass,AS80x80,Ra-226,neg,0.30,1.00,26,29,10,19,1,4,,,,13,19,1327
AS80_UGlass,AS80x80,Ra-226,neg,0.30,2.00,17,23,11,12,1,3,,,,9,14,498
AS80_UGlass,AS80x80,Ra-226,neg,0.50,0.00,36,35,9,26,0,5,,,,20,45,2456
AS80_UGlass,AS80x80,Ra-226,neg,0.50,0.05,29,32,10,22,0,4,,,,19,26,2207
AS80_UGlass,AS80x80,Ra-226,neg,0.50,0.10,28,31,10,21,0,4,,,,18,25,1925
AS80_UGlass,AS80x80,Ra-226,neg,0.50,0.20,28,31,10,21,0,4,,,,18,25,2012
AS80_UGlass,AS80x80,Ra-226,neg,0.50,0.50,25,29,11,18,1,3,,,,15,22,1562
AS80_UGlass,AS80x80,Ra-226,neg,0.50,1.00,22,26,11,15,1,3,,,,13,19,915
AS80_UGlass,AS80x80,Ra-226,neg,0.50,2.00,15,21,12,9,1,2,,,,9,14,310
AS80_UGlass,AS80x80,Ra-226,neg,0.70,0.00,31,31,10,21,1,4,,,,26,35,2358
AS80_UGlass,AS80x80,Ra-226,neg,0.70,0.05,23,28,11,17,1,3,,,,19,25,794
AS80_UGlass,AS80x80,Ra-226,neg,0.70,0.10,23,28,11,17,1,3,,,,18,24,829
AS80_UGlass,AS80x80,Ra-226,neg,0.70,0.20,23,28,11,17,1,3,,,,18,24,813
AS80_UGlass,AS80x80,Ra-226,neg,0.70,0.50,21,26,11,15,1,3,,,,15,21,617
AS80_UGlass,AS80x80,Ra-226,neg,0.70,1.00,19,24,11,13,1,3,,,,13,18,545
AS80_UGlass,AS80x80,Ra-226,neg,0.70,2.00,15,21,12,9,1,2,,,,9,14,367
AS80_UGlass,AS80x80,Ra-226,neg,0.85,0.00,26,29,12,17,1,2,,,,25,30,1104
AS80_UGlass,AS80x80,Ra-226,neg,0.85,0.05,22,27,11,16,1,3,,,,19,23,661
AS80_UGlass,AS80x80,Ra-226,neg,0.85,0.10,22,27,11,16,1,3,,,,18,22,614
AS80_UGlass,AS80x80,Ra-226,neg,0.85,0.20,22,27,11,16,1,3,,,,18,22,665
AS80_UGlass,AS80x80,Ra-226,neg,0.85,0.50,21,26,11,15,1,3,,,,15,19,556
AS80_UGlass,AS80x80,Ra-226,neg,0.85,1.00,19,24,11,13,1,3,,,,13,17,399
AS80_UGlass,AS80x80,Ra-226,neg,0.85,2.00,15,21,12,9,1,2,,,,9,13,249
AS80_UGlass,AS80x80,Ra-226,neg,1.00,0.00,21,26,12,14,1,2,,,,21,27,366
AS80_UGlass,AS80x80,Ra-226,neg,1.00,0.05,19,25,12,13,1,2,,,,17,21,342
AS80_UGlass,AS80x80,Ra-226,neg,1.00,0.10,19,25,12,13,1,2,,,,16,20,290
AS80_UGlass,AS80x80,Ra-226,neg,1.00,0.20,19,25,12,13,1,2,,,,16,20,318
AS80_UGlass,AS80x80,Ra-226,neg,1.00,0.50,18,24,12,12,1,2,,,,14,18,300
AS80_UGlass,AS80x80,Ra-226,neg,1.00,1.00,17,23,12,11,1,2,,,,12,16,308
AS80_UGlass,AS80x80,Ra-226,neg,1.00,2.00,14,20,12,8,1,2,,,,9,13,224
AS80_UGlass,AS80x80,Ra-226,neg,1.30,0.00,19,24,12,12,1,2,,,,17,22,242
AS80_UGlass,AS80x80,Ra-226,neg,1.30,0.05,16,22,12,10,1,2,,,,13,17,326
AS80_UGlass,AS80x80,Ra-226,neg,1.30,0.10,16,22,12,10,1,2,,,,13,17,295
AS80_UGlass,AS80x80,Ra-226,neg,1.30,0.20,16,22,12,10,1,2,,,,13,17,273
AS80_UGlass,AS80x80,Ra-226,neg,1.30,0.50,15,21,12,9,1,2,,,,12,16,292
AS80_UGlass,AS80x80,Ra-226,neg,1.30,1.00,15,21,12,9,1,2,,,,10,14,296
AS80_UGlass,AS80x80,Ra-226,neg,1.30,2.00,14,20,12,8,1,2,,,,7,11,234
AS80_UGlass,AS80x80,Ra-226,neg,1.60,0.00,18,23,12,11,1,2,,,,14,19,275
AS80_UGlass,AS80x80,Ra-226,neg,1.60,0.05,16,22,12,10,1,2,,,,11,15,301
AS80_UGlass,AS80x80,Ra-226,neg,1.60,0.10,16,22,12,10,1,2,,,,11,15,259
AS80_UGlass,AS80x80,Ra-226,neg,1.60,0.20,16,22,12,10,1,2,,,,11,15,343
AS80_UGlass,AS80x80,Ra-226,neg,1.60,0.50,15,21,12,9,1,2,,,,10,14,303
AS80_UGlass,AS80x80,Ra-226,neg,1.60,1.00,15,21,12,9,1,2,,,,8,12,287
AS80_UGlass,AS80x80,Ra-226,neg,1.60,2.00,14,20,12,8,1,2,,,,6,10,279
AS80_UGlass,AS80x80,Ra-226,neg,2.00,0.00,16,22,13,9,1,1,,,,12,15,237
AS80_UGlass,AS80x80,Ra-226,neg,2.00,0.05,14,21,13,8,1,1,,,,10,12,228
AS80_UGlass,AS80x80,Ra-226,neg,2.00,0.10,14,21,13,8,1,1,,,,10,12,269
AS80_UGlass,AS80x80,Ra-226,neg,2.00,0.20,14,21,13,8,1,1,,,,10,12,248
AS80_UGlass,AS80x80,Ra-226,neg,2.00,0.50,13,20,13,7,1,1,,,,9,11,233
AS80_UGlass,AS80x80,Ra-226,neg,2.00,1.00,12,19,13,6,1,1,,,,9,11,230
AS80_UGlass,AS80x80,Ra-226,neg,2.00,2.00,11,18,13,5,1,1,,,,7,9,206
AS80_UGlass,AS80x80,U-238,head,0.00,0.00,91,28,10,18,1,4,2,2,2,21,57,913
AS80_UGlass,AS80x80,U-238,head,0.00,0.05,48,35,9,26,1,5,2,2,2,23,30,2129
AS80_UGlass,AS80x80,U-238,head,0.00,0.10,43,34,9,25,1,5,2,2,2,21,27,2031
AS80_UGlass,AS80x80,U-238,head,0.00,0.20,41,34,9,25,1,5,2,2,2,20,26,1896
AS80_UGlass,AS80x80,U-238,head,0.00,0.50,35,30,10,20,1,4,2,2,2,17,21,1830
AS80_UGlass,AS80x80,U-238,head,0.00,1.00,31,28,10,18,1,4,2,2,2,17,20,1113
AS80_UGlass,AS80x80,U-238,head,0.00,2.00,21,23,11,12,1,3,2,2,2,11,14,495
AS80_UGlass,AS80x80,U-238,head,0.30,0.00,54,32,10,22,1,4,2,2,2,21,56,714
AS80_UGlass,AS80x80,U-238,head,0.30,0.05,39,34,9,25,1,5,2,2,2,23,29,1777
AS80_UGlass,AS80x80,U-238,head,0.30,0.10,37,33,9,24,1,5,2,2,2,21,26,1442
AS80_UGlass,AS80x80,U-238,head,0.30,0.20,36,33,9,24,1,5,2,2,2,20,25,1921
AS80_UGlass,AS80x80,U-238,head,0.30,0.50,32,30,10,20,1,4,2,2,2,17,21,1533
AS80_UGlass,AS80x80,U-238,head,0.30,1.00,29,27,10,17,1,4,2,2,2,17,20,914
AS80_UGlass,AS80x80,U-238,head,0.30,2.00,20,23,11,12,1,3,2,2,2,11,14,410
AS80_UGlass,AS80x80,U-238,head,0.50,0.00,44,35,9,26,1,5,2,2,2,21,56,1713
AS80_UGlass,AS80x80,U-238,head,0.50,0.05,34,33,10,23,1,4,2,2,2,23,29,1689
AS80_UGlass,AS80x80,U-238,head,0.50,0.10,32,32,10,22,1,4,2,2,2,21,26,1301
AS80_UGlass,AS80x80,U-238,head,0.50,0.20,32,32,10,22,1,4,2,2,2,20,25,1354
AS80_UGlass,AS80x80,U-238,head,0.50,0.50,28,29,11,18,1,3,2,2,2,17,21,1049
AS80_UGlass,AS80x80,U-238,head,0.50,1.00,25,26,11,15,1,3,2,2,2,17,20,754
AS80_UGlass,AS80x80,U-238,head,0.50,2.00,18,21,12,9,1,2,2,2,2,11,14,239
AS80_UGlass,AS80x80,U-238,head,0.70,0.00,35,30,11,19,1,3,2,2,2,26,40,1435
AS80_UGlass,AS80x80,U-238,head,0.70,0.05,27,29,11,18,1,3,2,2,2,19,25,722
AS80_UGlass,AS80x80,U-238,head,0.70,0.10,27,29,11,18,1,3,2,2,2,18,23,673
AS80_UGlass,AS80x80,U-238,head,0.70,0.20,27,29,11,18,1,3,2,2,2,17,22,713
AS80_UGlass,AS80x80,U-238,head,0.70,0.50,24,26,11,15,1,3,2,2,2,16,20,515
AS80_UGlass,AS80x80,U-238,head,0.70,1.00,22,24,11,13,1,3,2,2,2,16,19,379
AS80_UGlass,AS80x80,U-238,head,0.70,2.00,18,21,12,9,1,2,2,2,2,10,13,283
AS80_UGlass,AS80x80,U-238,head,0.85,0.00,30,30,12,18,1,2,2,2,2,28,33,874
AS80_UGlass,AS80x80,U-238,head,0.85,0.05,26,28,11,17,1,3,2,2,2,19,23,515
AS80_UGlass,AS80x80,U-238,head,0.85,0.10,26,28,11,17,1,3,2,2,2,18,21,541
AS80_UGlass,AS80x80,U-238,head,0.85,0.20,26,28,11,17,1,3,2,2,2,17,20,482
AS80_UGlass,AS80x80,U-238,head,0.85,0.50,24,26,11,15,1,3,2,2,2,16,18,533
AS80_UGlass,AS80x80,U-238,head,0.85,1.00,22,24,11,13,1,3,2,2,2,16,17,347
AS80_UGlass,AS80x80,U-238,head,0.85,2.00,18,21,12,9,1,2,2,2,2,11,12,281
AS80_UGlass,AS80x80,U-238,head,1.00,0.00,26,28,12,16,1,2,2,2,2,24,28,317
AS80_UGlass,AS80x80,U-238,head,1.00,0.05,22,25,12,13,1,2,2,2,2,18,21,294
AS80_UGlass,AS80x80,U-238,head,1.00,0.10,22,25,12,13,1,2,2,2,2,17,20,322
AS80_UGlass,AS80x80,U-238,head,1.00,0.20,22,25,12,13,1,2,2,2,2,17,20,321
AS80_UGlass,AS80x80,U-238,head,1.00,0.50,21,24,12,12,1,2,2,2,2,16,18,277
AS80_UGlass,AS80x80,U-238,head,1.00,1.00,20,23,12,11,1,2,2,2,2,16,17,265
AS80_UGlass,AS80x80,U-238,head,1.00,2.00,17,20,12,8,1,2,2,2,2,11,12,266
AS80_UGlass,AS80x80,U-238,head,1.30,0.00,23,25,11,14,1,3,2,2,2,21,25,542
AS80_UGlass,AS80x80,U-238,head,1.30,0.05,18,21,11,10,1,3,2,2,2,17,20,268
AS80_UGlass,AS80x80,U-238,head,1.30,0.10,18,21,11,10,1,3,2,2,2,17,20,283
AS80_UGlass,AS80x80,U-238,head,1.30,0.20,18,21,11,10,1,3,2,2,2,17,20,299
AS80_UGlass,AS80x80,U-238,head,1.30,0.50,16,20,12,8,1,2,2,2,2,16,18,244
AS80_UGlass,AS80x80,U-238,head,1.30,1.00,16,20,12,8,1,2,2,2,2,16,17,227
AS80_UGlass,AS80x80,U-238,head,1.30,2.00,15,19,12,7,1,2,2,2,2,11,12,252
AS80_UGlass,AS80x80,U-238,head,1.60,0.00,19,22,12,10,1,2,2,2,2,17,19,300
AS80_UGlass,AS80x80,U-238,head,1.60,0.05,17,21,12,9,1,2,2,2,2,13,16,283
AS80_UGlass,AS80x80,U-238,head,1.60,0.10,17,21,12,9,1,2,2,2,2,12,15,221
AS80_UGlass,AS80x80,U-238,head,1.60,0.20,17,21,12,9,1,2,2,2,2,12,15,242
AS80_UGlass,AS80x80,U-238,head,1.60,0.50,16,20,12,8,1,2,2,2,2,12,15,262
AS80_UGlass,AS80x80,U-238,head,1.60,1.00,16,20,12,8,1,2,2,2,2,13,14,220
AS80_UGlass,AS80x80,U-238,head,1.60,2.00,15,19,12,7,1,2,2,2,2,10,11,249
AS80_UGlass,AS80x80,U-238,head,2.00,0.00,16,22,14,8,1,0,2,2,2,14,16,191
AS80_UGlass,AS80x80,U-238,head,2.00,0.05,15,21,14,7,1,0,2,2,2,12,14,182
AS80_UGlass,AS80x80,U-238,head,2.00,0.10,15,21,14,7,1,0,2,2,2,11,12,216
AS80_UGlass,AS80x80,U-238,head,2.00,0.20,15,21,14,7,1,0,2,2,2,11,12,217
AS80_UGlass,AS80x80,U-238,head,2.00,0.50,14,20,14,6,1,0,2,2,2,11,12,200
AS80_UGlass,AS80x80,U-238,head,2.00,1.00,13,19,14,5,1,0,2,2,2,11,12,195
AS80_UGlass,AS80x80,U-238,head,2.00,2.00,12,18,14,4,1,0,2,2,2,8,9,184
AS80_UGlass,AS80x80,U-235,pos,0.00,0.00,110,19,12,7,1,2,5,16,4,19,34,334
AS80_UGlass,AS80x80,U-235,pos,0.00,0.05,81,18,14,4,1,0,5,16,4,18,26,196
AS80_UGlass,AS80x80,U-235,pos,0.00,0.10,79,18,14,4,1,0,5,16,4,18,26,194
AS80_UGlass,AS80x80,U-235,pos,0.00,0.20,63,17,14,3,1,0,5,16,4,15,20,219
AS80_UGlass,AS80x80,U-235,pos,0.00,0.50,45,20,14,6,1,0,8,16,4,12,13,222
AS80_UGlass,AS80x80,U-235,pos,0.00,1.00,36,20,14,6,1,0,8,16,4,7,10,244
AS80_UGlass,AS80x80,U-235,pos,0.00,2.00,22,27,12,15,1,2,11,16,4,4,6,291
AS80_UGlass,AS80x80,U-235,pos,0.30,0.00,38,31,12,19,1,2,11,16,4,19,33,286
AS80_UGlass,AS80x80,U-235,pos,0.30,0.05,35,30,13,17,1,1,11,16,4,18,25,299
AS80_UGlass,AS80x80,U-235,pos,0.30,0.10,34,30,13,17,1,1,11,16,4,18,25,247
AS80_UGlass,AS80x80,U-235,pos,0.30,0.20,32,29,13,16,1,1,11,16,4,15,19,269
AS80_UGlass,AS80x80,U-235,pos,0.30,0.50,25,27,13,14,1,1,12,16,4,12,13,235
AS80_UGlass,AS80x80,U-235,pos,0.30,1.00,22,26,13,13,1,1,12,16,4,7,10,260
AS80_UGlass,AS80x80,U-235,pos,0.30,2.00,16,23,12,11,1,2,11,16,4,4,6,307
AS80_UGlass,AS80x80,U-235,pos,0.50,0.00,26,26,12,14,1,2,11,16,4,19,33,328
AS80_UGlass,AS80x80,U-235,pos,0.50,0.05,24,25,13,12,1,1,11,16,4,18,25,313
AS80_UGlass,AS80x80,U-235,pos,0.50,0.10,24,25,13,12,1,1,11,16,4,18,25,294
AS80_UGlass,AS80x80,U-235,pos,0.50,0.20,23,24,13,11,1,1,11,16,4,15,19,224
AS80_UGlass,AS80x80,U-235,pos,0.50,0.50,18,22,13,9,1,1,12,16,4,12,13,346
AS80_UGlass,AS80x80,U-235,pos,0.50,1.00,17,22,13,9,1,1,12,16,4,7,10,282
AS80_UGlass,AS80x80,U-235,pos,0.50,2.00,13,21,12,9,1,2,11,16,4,4,6,235
AS80_UGlass,AS80x80,U-235,pos,0.70,0.00,22,27,11,16,1,3,13,16,4,23,28,569
AS80_UGlass,AS80x80,U-235,pos,0.70,0.05,20,26,12,14,1,2,13,16,4,19,22,458
AS80_UGlass,AS80x80,U-235,pos,0.70,0.10,20,26,12,14,1,2,13,16,4,19,22,438
AS80_UGlass,AS80x80,U-235,pos,0.70,0.20,18,26,12,14,1,2,14,16,4,14,17,389
AS80_UGlass,AS80x80,U-235,pos,0.70,0.50,16,24,12,12,1,2,14,16,4,11,12,299
AS80_UGlass,AS80x80,U-235,pos,0.70,1.00,15,24,12,12,1,2,14,16,4,6,9,347
AS80_UGlass,AS80x80,U-235,pos,0.70,2.00,12,21,12,9,1,2,11,16,4,3,5,267
AS80_UGlass,AS80x80,U-235,pos,0.85,0.00,19,26,13,13,1,1,13,16,4,17,23,254
AS80_UGlass,AS80x80,U-235,pos,0.85,0.05,18,26,13,13,1,1,13,16,4,12,18,284
AS80_UGlass,AS80x80,U-235,pos,0.85,0.10,17,26,13,13,1,1,13,16,4,12,18,230
AS80_UGlass,AS80x80,U-235,pos,0.85,0.20,16,25,13,12,1,1,13,16,4,10,15,243
AS80_UGlass,AS80x80,U-235,pos,0.85,0.50,14,23,13,10,1,1,13,16,4,7,10,257
AS80_UGlass,AS80x80,U-235,pos,0.85,1.00,13,23,13,10,1,1,13,16,4,6,9,204
AS80_UGlass,AS80x80,U-235,pos,0.85,2.00,10,20,13,7,1,1,10,16,4,3,5,188
AS80_UGlass,AS80x80,U-235,pos,1.00,0.00,17,25,13,12,1,1,12,16,4,18,22,181
AS80_UGlass,AS80x80,U-235,pos,1.00,0.05,16,25,13,12,1,1,12,16,4,13,17,203
AS80_UGlass,AS80x80,U-235,pos,1.00,0.10,16,25,13,12,1,1,12,16,4,13,17,222
AS80_UGlass,AS80x80,U-235,pos,1.00,0.20,15,24,13,11,1,1,12,16,4,11,14,240
AS80_UGlass,AS80x80,U-235,pos,1.00,0.50,13,22,13,9,1,1,12,16,4,7,10,214
AS80_UGlass,AS80x80,U-235,pos,1.00,1.00,12,22,13,9,1,1,12,16,4,6,9,166
AS80_UGlass,AS80x80,U-235,pos,1.00,2.00,9,19,13,6,1,1,9,16,4,3,5,178
AS80_UGlass,AS80x80,U-235,pos,1.30,0.00,12,21,13,8,1,1,10,16,4,13,15,203
AS80_UGlass,AS80x80,U-235,pos,1.30,0.05,11,21,13,8,1,1,10,16,4,11,13,230
AS80_UGlass,AS80x80,U-235,pos,1.30,0.10,11,21,13,8,1,1,10,16,4,11,13,177
AS80_UGlass,AS80x80,U-235,pos,1.30,0.20,10,20,13,7,1,1,10,16,4,9,11,211
AS80_UGlass,AS80x80,U-235,pos,1.30,0.50,9,19,13,6,1,1,10,16,4,5,7,177
AS80_UGlass,AS80x80,U-235,pos,1.30,1.00,8,18,13,5,1,1,8,16,4,4,6,192
AS80_UGlass,AS80x80,U-235,pos,1.30,2.00,8,18,13,5,1,1,8,16,4,3,5,187
AS80_UGlass,AS80x80,U-235,pos,1.60,0.00,11,20,13,7,1,1,8,16,4,11,12,214
AS80_UGlass,AS80x80,U-235,pos,1.60,0.05,10,20,13,7,1,1,8,16,4,9,10,196
AS80_UGlass,AS80x80,U-235,pos,1.60,0.10,10,20,13,7,1,1,8,16,4,9,10,246
AS80_UGlass,AS80x80,U-235,pos,1.60,0.20,9,19,13,6,1,1,8,16,4,7,8,169
AS80_UGlass,AS80x80,U-235,pos,1.60,0.50,8,18,13,5,1,1,8,16,4,5,6,154
AS80_UGlass,AS80x80,U-235,pos,1.60,1.00,8,18,13,5,1,1,8,16,4,4,5,157
AS80_UGlass,AS80x80,U-235,pos,1.60,2.00,7,17,13,4,1,1,7,16,4,3,4,154
AS80_UGlass,AS80x80,U-235,pos,2.00,0.00,10,22,14,8,1,0,9,16,4,11,12,212
AS80_UGlass,AS80x80,U-235,pos,2.00,0.05,9,21,14,7,1,0,9,16,4,9,10,182
AS80_UGlass,AS80x80,U-235,pos,2.00,0.10,9,21,14,7,1,0,9,16,4,9,10,207
AS80_UGlass,AS80x80,U-235,pos,2.00,0.20,8,20,14,6,1,0,9,16,4,7,8,160
AS80_UGlass,AS80x80,U-235,pos,2.00,0.50,7,19,14,5,1,0,9,16,4,5,6,160
AS80_UGlass,AS80x80,U-235,pos,2.00,1.00,7,19,14,5,1,0,9,16,4,4,5,167
AS80_UGlass,AS80x80,U-235,pos,2.00,2.00,5,17,14,3,1,0,7,16,4,3,4,195
AS80_Charoite,AS80x80,Th-232,unk,0.00,0.00,69,15,15,0,0,0,,,,0,48,10
AS80_Charoite,AS80x80,Th-232,unk,0.00,0.05,66,15,15,0,0,0,,,,0,45,2
AS80_Charoite,AS80x80,Th-232,unk,0.00,0.10,65,15,15,0,0,0,,,,0,44,3
AS80_Charoite,AS80x80,Th-232,unk,0.00,0.20,60,15,15,0,0,0,,,,0,40,4
AS80_Charoite,AS80x80,Th-232,unk,0.00,0.50,44,15,15,0,0,0,,,,0,29,3
AS80_Charoite,AS80x80,Th-232,unk,0.00,1.00,30,15,15,0,0,0,,,,0,17,3
AS80_Charoite,AS80x80,Th-232,unk,0.00,2.00,21,15,15,0,0,0,,,,0,9,7
AS80_Charoite,AS80x80,Th-232,unk,0.30,0.00,40,15,15,0,0,0,,,,0,48,3
AS80_Charoite,AS80x80,Th-232,unk,0.30,0.05,39,15,15,0,0,0,,,,0,45,3
AS80_Charoite,AS80x80,Th-232,unk,0.30,0.10,38,15,15,0,0,0,,,,0,44,5
AS80_Charoite,AS80x80,Th-232,unk,0.30,0.20,37,15,15,0,0,0,,,,0,40,4
AS80_Charoite,AS80x80,Th-232,unk,0.30,0.50,31,15,15,0,0,0,,,,0,29,3
AS80_Charoite,AS80x80,Th-232,unk,0.30,1.00,24,15,15,0,0,0,,,,0,17,3
AS80_Charoite,AS80x80,Th-232,unk,0.30,2.00,17,15,15,0,0,0,,,,0,9,3
AS80_Charoite,AS80x80,Th-232,unk,0.50,0.00,32,15,15,0,0,0,,,,0,48,3
AS80_Charoite,AS80x80,Th-232,unk,0.50,0.05,31,15,15,0,0,0,,,,0,45,4
AS80_Charoite,AS80x80,Th-232,unk,0.50,0.10,30,15,15,0,0,0,,,,0,44,5
AS80_Charoite,AS80x80,Th-232,unk,0.50,0.20,29,15,15,0,0,0,,,,0,40,3
AS80_Charoite,AS80x80,Th-232,unk,0.50,0.50,28,15,15,0,0,0,,,,0,29,3
AS80_Charoite,AS80x80,Th-232,unk,0.50,1.00,22,15,15,0,0,0,,,,0,17,3
AS80_Charoite,AS80x80,Th-232,unk,0.50,2.00,17,15,15,0,0,0,,,,0,9,4
AS80_Charoite,AS80x80,Th-232,unk,0.70,0.00,27,15,15,0,0,0,,,,0,33,3
AS80_Charoite,AS80x80,Th-232,unk,0.70,0.05,27,15,15,0,0,0,,,,0,32,4
AS80_Charoite,AS80x80,Th-232,unk,0.70,0.10,26,15,15,0,0,0,,,,0,31,3
AS80_Charoite,AS80x80,Th-232,unk,0.70,0.20,25,15,15,0,0,0,,,,0,31,3
AS80_Charoite,AS80x80,Th-232,unk,0.70,0.50,24,15,15,0,0,0,,,,0,24,3
AS80_Charoite,AS80x80,Th-232,unk,0.70,1.00,20,15,15,0,0,0,,,,0,12,4
AS80_Charoite,AS80x80,Th-232,unk,0.70,2.00,17,15,15,0,0,0,,,,0,8,3
AS80_Charoite,AS80x80,Th-232,unk,0.85,0.00,25,15,15,0,0,0,,,,0,27,4
AS80_Charoite,AS80x80,Th-232,unk,0.85,0.05,25,15,15,0,0,0,,,,0,27,4
AS80_Charoite,AS80x80,Th-232,unk,0.85,0.10,24,15,15,0,0,0,,,,0,26,4
AS80_Charoite,AS80x80,Th-232,unk,0.85,0.20,24,15,15,0,0,0,,,,0,26,4
AS80_Charoite,AS80x80,Th-232,unk,0.85,0.50,23,15,15,0,0,0,,,,0,20,3
AS80_Charoite,AS80x80,Th-232,unk,0.85,1.00,19,15,15,0,0,0,,,,0,12,3
AS80_Charoite,AS80x80,Th-232,unk,0.85,2.00,17,15,15,0,0,0,,,,0,8,5
AS80_Charoite,AS80x80,Th-232,unk,1.00,0.00,22,15,15,0,0,0,,,,0,26,3
AS80_Charoite,AS80x80,Th-232,unk,1.00,0.05,22,15,15,0,0,0,,,,0,26,3
AS80_Charoite,AS80x80,Th-232,unk,1.00,0.10,21,15,15,0,0,0,,,,0,25,4
AS80_Charoite,AS80x80,Th-232,unk,1.00,0.20,21,15,15,0,0,0,,,,0,25,3
AS80_Charoite,AS80x80,Th-232,unk,1.00,0.50,20,15,15,0,0,0,,,,0,19,14
AS80_Charoite,AS80x80,Th-232,unk,1.00,1.00,16,15,15,0,0,0,,,,0,12,4
AS80_Charoite,AS80x80,Th-232,unk,1.00,2.00,14,15,15,0,0,0,,,,0,8,7
AS80_Charoite,AS80x80,Th-232,unk,1.30,0.00,19,15,15,0,0,0,,,,0,21,6
AS80_Charoite,AS80x80,Th-232,unk,1.30,0.05,19,15,15,0,0,0,,,,0,20,8
AS80_Charoite,AS80x80,Th-232,unk,1.30,0.10,18,15,15,0,0,0,,,,0,20,4
AS80_Charoite,AS80x80,Th-232,unk,1.30,0.20,18,15,15,0,0,0,,,,0,20,4
AS80_Charoite,AS80x80,Th-232,unk,1.30,0.50,15,15,15,0,0,0,,,,0,17,4
AS80_Charoite,AS80x80,Th-232,unk,1.30,1.00,12,15,15,0,0,0,,,,0,11,4
AS80_Charoite,AS80x80,Th-232,unk,1.30,2.00,9,15,15,0,0,0,,,,0,8,4
AS80_Charoite,AS80x80,Th-232,unk,1.60,0.00,16,15,15,0,0,0,,,,0,18,15
AS80_Charoite,AS80x80,Th-232,unk,1.60,0.05,16,15,15,0,0,0,,,,0,17,4
AS80_Charoite,AS80x80,Th-232,unk,1.60,0.10,15,15,15,0,0,0,,,,0,17,4
AS80_Charoite,AS80x80,Th-232,unk,1.60,0.20,15,15,15,0,0,0,,,,0,17,3
AS80_Charoite,AS80x80,Th-232,unk,1.60,0.50,14,15,15,0,0,0,,,,0,14,3
AS80_Charoite,AS80x80,Th-232,unk,1.60,1.00,11,15,15,0,0,0,,,,0,11,5
AS80_Charoite,AS80x80,Th-232,unk,1.60,2.00,9,15,15,0,0,0,,,,0,8,5
AS80_Charoite,AS80x80,Th-232,unk,2.00,0.00,13,15,15,0,0,0,,,,0,14,6
AS80_Charoite,AS80x80,Th-232,unk,2.00,0.05,13,15,15,0,0,0,,,,0,14,6
AS80_Charoite,AS80x80,Th-232,unk,2.00,0.10,12,15,15,0,0,0,,,,0,14,3
AS80_Charoite,AS80x80,Th-232,unk,2.00,0.20,12,15,15,0,0,0,,,,0,13,3
AS80_Charoite,AS80x80,Th-232,unk,2.00,0.50,12,15,15,0,0,0,,,,0,12,4
AS80_Charoite,AS80x80,Th-232,unk,2.00,1.00,10,15,15,0,0,0,,,,0,8,3
AS80_Charoite,AS80x80,Th-232,unk,2.00,2.00,9,15,15,0,0,0,,,,0,5,3
AS80_Charoite,AS80x80,Ra-226,pos,0.00,0.00,61,28,9,19,0,6,15,21,9,18,46,1098
AS80_Charoite,AS80x80,Ra-226,pos,0.00,0.05,35,26,12,14,0,3,16,21,9,20,26,1121
AS80_Charoite,AS80x80,Ra-226,pos,0.00,0.10,34,27,12,15,0,3,16,21,9,19,25,1024
AS80_Charoite,AS80x80,Ra-226,pos,0.00,0.20,34,27,12,15,0,3,16,21,9,19,25,1137
AS80_Charoite,AS80x80,Ra-226,pos,0.00,0.50,31,25,13,12,1,2,16,21,9,16,22,788
AS80_Charoite,AS80x80,Ra-226,pos,0.00,1.00,27,23,13,10,1,2,16,21,9,16,19,591
AS80_Charoite,AS80x80,Ra-226,pos,0.00,2.00,17,19,15,4,1,0,12,21,9,12,14,697
AS80_Charoite,AS80x80,Ra-226,pos,0.30,0.00,46,29,9,20,0,6,15,21,9,18,45,1283
AS80_Charoite,AS80x80,Ra-226,pos,0.30,0.05,33,26,12,14,0,3,16,21,9,20,26,1477
AS80_Charoite,AS80x80,Ra-226,pos,0.30,0.10,32,27,12,15,0,3,16,21,9,19,25,1103
AS80_Charoite,AS80x80,Ra-226,pos,0.30,0.20,32,27,12,15,0,3,16,21,9,19,25,1075
AS80_Charoite,AS80x80,Ra-226,pos,0.30,0.50,29,25,13,12,1,2,16,21,9,16,22,753
AS80_Charoite,AS80x80,Ra-226,pos,0.30,1.00,26,23,13,10,1,2,16,21,9,16,19,534
AS80_Charoite,AS80x80,Ra-226,pos,0.30,2.00,17,19,15,4,1,0,12,21,9,12,14,685
AS80_Charoite,AS80x80,Ra-226,pos,0.50,0.00,36,29,10,19,0,5,15,21,9,18,45,1448
AS80_Charoite,AS80x80,Ra-226,pos,0.50,0.05,29,25,12,13,0,3,16,21,9,20,26,948
AS80_Charoite,AS80x80,Ra-226,pos,0.50,0.10,28,26,12,14,0,3,16,21,9,19,25,961
AS80_Charoite,AS80x80,Ra-226,pos,0.50,0.20,28,26,12,14,0,3,16,21,9,19,25,883
AS80_Charoite,AS80x80,Ra-226,pos,0.50,0.50,25,24,13,11,1,2,16,21,9,16,22,632
AS80_Charoite,AS80x80,Ra-226,pos,0.50,1.00,22,22,13,9,1,2,16,21,9,16,19,471
AS80_Charoite,AS80x80,Ra-226,pos,0.50,2.00,15,19,15,4,1,0,12,21,9,12,14,377
AS80_Charoite,AS80x80,Ra-226,pos,0.70,0.00,31,30,13,17,1,2,14,21,9,21,35,1673
AS80_Charoite,AS80x80,Ra-226,pos,0.70,0.05,23,26,15,11,1,0,15,21,9,20,25,804
AS80_Charoite,AS80x80,Ra-226,pos,0.70,0.10,23,26,15,11,1,0,15,21,9,19,24,875
AS80_Charoite,AS80x80,Ra-226,pos,0.70,0.20,23,26,15,11,1,0,15,21,9,19,24,729
AS80_Charoite,AS80x80,Ra-226,pos,0.70,0.50,21,24,15,9,1,0,15,21,9,16,21,553
AS80_Charoite,AS80x80,Ra-226,pos,0.70,1.00,19,22,15,7,1,0,15,21,9,16,18,413
AS80_Charoite,AS80x80,Ra-226,pos,0.70,2.00,15,19,15,4,1,0,12,21,9,12,14,460
AS80_Charoite,AS80x80,Ra-226,pos,0.85,0.00,26,28,15,13,1,0,15,21,9,22,30,792
AS80_Charoite,AS80x80,Ra-226,pos,0.85,0.05,22,25,15,10,1,0,15,21,9,21,23,693
AS80_Charoite,AS80x80,Ra-226,pos,0.85,0.10,22,25,15,10,1,0,15,21,9,20,22,547
AS80_Charoite,AS80x80,Ra-226,pos,0.85,0.20,22,25,15,10,1,0,15,21,9,20,22,598
AS80_Charoite,AS80x80,Ra-226,pos,0.85,0.50,21,24,15,9,1,0,15,21,9,17,19,567
AS80_Charoite,AS80x80,Ra-226,pos,0.85,1.00,19,22,15,7,1,0,15,21,9,16,17,436
AS80_Charoite,AS80x80,Ra-226,pos,0.85,2.00,15,19,15,4,1,0,12,21,9,12,13,471
AS80_Charoite,AS80x80,Ra-226,pos,1.00,0.00,21,25,14,11,1,1,15,21,9,19,27,437
AS80_Charoite,AS80x80,Ra-226,pos,1.00,0.05,19,23,14,9,1,1,15,21,9,19,21,447
AS80_Charoite,AS80x80,Ra-226,pos,1.00,0.10,19,23,14,9,1,1,15,21,9,18,20,389
AS80_Charoite,AS80x80,Ra-226,pos,1.00,0.20,19,23,14,9,1,1,15,21,9,18,20,449
AS80_Charoite,AS80x80,Ra-226,pos,1.00,0.50,18,22,14,8,1,1,15,21,9,16,18,459
AS80_Charoite,AS80x80,Ra-226,pos,1.00,1.00,17,21,14,7,1,1,15,21,9,15,16,501
AS80_Charoite,AS80x80,Ra-226,pos,1.00,2.00,14,19,14,5,1,1,13,21,9,12,13,420
AS80_Charoite,AS80x80,Ra-226,pos,1.30,0.00,19,23,14,9,1,1,14,21,9,17,22,418
AS80_Charoite,AS80x80,Ra-226,pos,1.30,0.05,16,21,14,7,1,1,14,21,9,15,17,477
AS80_Charoite,AS80x80,Ra-226,pos,1.30,0.10,16,21,14,7,1,1,14,21,9,15,17,460
AS80_Charoite,AS80x80,Ra-226,pos,1.30,0.20,16,21,14,7,1,1,14,21,9,15,17,426
AS80_Charoite,AS80x80,Ra-226,pos,1.30,0.50,15,20,14,6,1,1,14,21,9,14,16,463
AS80_Charoite,AS80x80,Ra-226,pos,1.30,1.00,15,20,14,6,1,1,14,21,9,13,14,470
AS80_Charoite,AS80x80,Ra-226,pos,1.30,2.00,14,19,14,5,1,1,13,21,9,10,11,449
AS80_Charoite,AS80x80,Ra-226,pos,1.60,0.00,18,23,14,9,1,1,14,21,9,15,19,529
AS80_Charoite,AS80x80,Ra-226,pos,1.60,0.05,16,21,14,7,1,1,14,21,9,13,15,380
AS80_Charoite,AS80x80,Ra-226,pos,1.60,0.10,16,21,14,7,1,1,14,21,9,13,15,427
AS80_Charoite,AS80x80,Ra-226,pos,1.60,0.20,16,21,14,7,1,1,14,21,9,13,15,484
AS80_Charoite,AS80x80,Ra-226,pos,1.60,0.50,15,20,14,6,1,1,14,21,9,12,14,428
AS80_Charoite,AS80x80,Ra-226,pos,1.60,1.00,15,20,14,6,1,1,14,21,9,11,12,462
AS80_Charoite,AS80x80,Ra-226,pos,1.60,2.00,14,19,14,5,1,1,13,21,9,9,10,472
AS80_Charoite,AS80x80,Ra-226,pos,2.00,0.00,16,22,14,8,1,1,12,21,9,12,15,318
AS80_Charoite,AS80x80,Ra-226,pos,2.00,0.05,14,20,14,6,1,1,12,21,9,11,12,360
AS80_Charoite,AS80x80,Ra-226,pos,2.00,0.10,14,20,14,6,1,1,12,21,9,11,12,364
AS80_Charoite,AS80x80,Ra-226,pos,2.00,0.20,14,20,14,6,1,1,12,21,9,11,12,305
AS80_Charoite,AS80x80,Ra-226,pos,2.00,0.50,13,19,14,5,1,1,12,21,9,10,11,294
AS80_Charoite,AS80x80,Ra-226,pos,2.00,1.00,12,18,14,4,1,1,12,21,9,10,11,258
AS80_Charoite,AS80x80,Ra-226,pos,2.00,2.00,11,17,14,3,1,1,11,21,9,8,9,228
AS80_Charoite,AS80x80,U-238,unk,0.00,0.00,91,15,15,0,0,0,,,,0,57,5
AS80_Charoite,AS80x80,U-238,unk,0.00,0.05,48,15,15,0,0,0,,,,0,30,4
AS80_Charoite,AS80x80,U-238,unk,0.00,0.10,43,15,15,0,0,0,,,,0,27,5
AS80_Charoite,AS80x80,U-238,unk,0.00,0.20,41,15,15,0,0,0,,,,0,26,5
AS80_Charoite,AS80x80,U-238,unk,0.00,0.50,35,15,15,0,0,0,,,,0,21,3
AS80_Charoite,AS80x80,U-238,unk,0.00,1.00,31,15,15,0,0,0,,,,0,20,4
AS80_Charoite,AS80x80,U-238,unk,0.00,2.00,21,15,15,0,0,0,,,,0,14,4
AS80_Charoite,AS80x80,U-238,unk,0.30,0.00,54,15,15,0,0,0,,,,0,56,4
AS80_Charoite,AS80x80,U-238,unk,0.30,0.05,39,15,15,0,0,0,,,,0,29,4
AS80_Charoite,AS80x80,U-238,unk,0.30,0.10,37,15,15,0,0,0,,,,0,26,5
AS80_Charoite,AS80x80,U-238,unk,0.30,0.20,36,15,15,0,0,0,,,,0,25,5
AS80_Charoite,AS80x80,U-238,unk,0.30,0.50,32,15,15,0,0,0,,,,0,21,4
AS80_Charoite,AS80x80,U-238,unk,0.30,1.00,29,15,15,0,0,0,,,,0,20,5
AS80_Charoite,AS80x80,U-238,unk,0.30,2.00,20,15,15,0,0,0,,,,0,14,4
AS80_Charoite,AS80x80,U-238,unk,0.50,0.00,44,15,15,0,0,0,,,,0,56,5
AS80_Charoite,AS80x80,U-238,unk,0.50,0.05,34,15,15,0,0,0,,,,0,29,3
AS80_Charoite,AS80x80,U-238,unk,0.50,0.10,32,15,15,0,0,0,,,,0,26,4
AS80_Charoite,AS80x80,U-238,unk,0.50,0.20,32,15,15,0,0,0,,,,0,25,3
AS80_Charoite,AS80x80,U-238,unk,0.50,0.50,28,15,15,0,0,0,,,,0,21,4
AS80_Charoite,AS80x80,U-238,unk,0.50,1.00,25,15,15,0,0,0,,,,0,20,4
AS80_Charoite,AS80x80,U-238,unk,0.50,2.00,18,15,15,0,0,0,,,,0,14,4
AS80_Charoite,AS80x80,U-238,unk,0.70,0.00,35,15,15,0,0,0,,,,0,40,4
AS80_Charoite,AS80x80,U-238,unk,0.70,0.05,27,15,15,0,0,0,,,,0,25,3
AS80_Charoite,AS80x80,U-238,unk,0.70,0.10,27,15,15,0,0,0,,,,0,23,3
AS80_Charoite,AS80x80,U-238,unk,0.70,0.20,27,15,15,0,0,0,,,,0,22,4
AS80_Charoite,AS80x80,U-238,unk,0.70,0.50,24,15,15,0,0,0,,,,0,20,3
AS80_Charoite,AS80x80,U-238,unk,0.70,1.00,22,15,15,0,0,0,,,,0,19,3
AS80_Charoite,AS80x80,U-238,unk,0.70,2.00,18,15,15,0,0,0,,,,0,13,3
AS80_Charoite,AS80x80,U-238,unk,0.85,0.00,30,15,15,0,0,0,,,,0,33,4
AS80_Charoite,AS80x80,U-238,unk,0.85,0.05,26,15,15,0,0,0,,,,0,23,4
AS80_Charoite,AS80x80,U-238,unk,0.85,0.10,26,15,15,0,0,0,,,,0,21,3
AS80_Charoite,AS80x80,U-238,unk,0.85,0.20,26,15,15,0,0,0,,,,0,20,3
AS80_Charoite,AS80x80,U-238,unk,0.85,0.50,24,15,15,0,0,0,,,,0,18,3
AS80_Charoite,AS80x80,U-238,unk,0.85,1.00,22,15,15,0,0,0,,,,0,17,3
AS80_Charoite,AS80x80,U-238,unk,0.85,2.00,18,15,15,0,0,0,,,,0,12,4
AS80_Charoite,AS80x80,U-238,unk,1.00,0.00,26,15,15,0,0,0,,,,0,28,4
AS80_Charoite,AS80x80,U-238,unk,1.00,0.05,22,15,15,0,0,0,,,,0,21,4
AS80_Charoite,AS80x80,U-238,unk,1.00,0.10,22,15,15,0,0,0,,,,0,20,4
AS80_Charoite,AS80x80,U-238,unk,1.00,0.20,22,15,15,0,0,0,,,,0,20,4
AS80_Charoite,AS80x80,U-238,unk,1.00,0.50,21,15,15,0,0,0,,,,0,18,12
AS80_Charoite,AS80x80,U-238,unk,1.00,1.00,20,15,15,0,0,0,,,,0,17,8
AS80_Charoite,AS80x80,U-238,unk,1.00,2.00,17,15,15,0,0,0,,,,0,12,4
AS80_Charoite,AS80x80,U-238,unk,1.30,0.00,23,15,15,0,0,0,,,,0,25,4
AS80_Charoite,AS80x80,U-238,unk,1.30,0.05,18,15,15,0,0,0,,,,0,20,4
AS80_Charoite,AS80x80,U-238,unk,1.30,0.10,18,15,15,0,0,0,,,,0,20,4
AS80_Charoite,AS80x80,U-238,unk,1.30,0.20,18,15,15,0,0,0,,,,0,20,3
AS80_Charoite,AS80x80,U-238,unk,1.30,0.50,16,15,15,0,0,0,,,,0,18,4
AS80_Charoite,AS80x80,U-238,unk,1.30,1.00,16,15,15,0,0,0,,,,0,17,4
AS80_Charoite,AS80x80,U-238,unk,1.30,2.00,15,15,15,0,0,0,,,,0,12,4
AS80_Charoite,AS80x80,U-238,unk,1.60,0.00,19,15,15,0,0,0,,,,0,19,4
AS80_Charoite,AS80x80,U-238,unk,1.60,0.05,17,15,15,0,0,0,,,,0,16,3
AS80_Charoite,AS80x80,U-238,unk,1.60,0.10,17,15,15,0,0,0,,,,0,15,3
AS80_Charoite,AS80x80,U-238,unk,1.60,0.20,17,15,15,0,0,0,,,,0,15,4
AS80_Charoite,AS80x80,U-238,unk,1.60,0.50,16,15,15,0,0,0,,,,0,15,4
AS80_Charoite,AS80x80,U-238,unk,1.60,1.00,16,15,15,0,0,0,,,,0,14,5
AS80_Charoite,AS80x80,U-238,unk,1.60,2.00,15,15,15,0,0,0,,,,0,11,5
AS80_Charoite,AS80x80,U-238,unk,2.00,0.00,16,15,15,0,0,0,,,,0,16,4
AS80_Charoite,AS80x80,U-238,unk,2.00,0.05,15,15,15,0,0,0,,,,0,14,3
AS80_Charoite,AS80x80,U-238,unk,2.00,0.10,15,15,15,0,0,0,,,,0,12,3
AS80_Charoite,AS80x80,U-238,unk,2.00,0.20,15,15,15,0,0,0,,,,0,12,4
AS80_Charoite,AS80x80,U-238,unk,2.00,0.50,14,15,15,0,0,0,,,,0,12,6
AS80_Charoite,AS80x80,U-238,unk,2.00,1.00,13,15,15,0,0,0,,,,0,12,5
AS80_Charoite,AS80x80,U-238,unk,2.00,2.00,12,15,15,0,0,0,,,,0,9,4
AS80_Charoite,AS80x80,U-235,unk,0.00,0.00,110,15,15,0,0,0,,,,0,34,5
AS80_Charoite,AS80x80,U-235,unk,0.00,0.05,81,15,15,0,0,0,,,,0,26,5
AS80_Charoite,AS80x80,U-235,unk,0.00,0.10,79,15,15,0,0,0,,,,0,26,5
AS80_Charoite,AS80x80,U-235,unk,0.00,0.20,63,15,15,0,0,0,,,,0,20,5
AS80_Charoite,AS80x80,U-235,unk,0.00,0.50,45,15,15,0,0,0,,,,0,13,4
AS80_Charoite,AS80x80,U-235,unk,0.00,1.00,36,15,15,0,0,0,,,,0,10,4
AS80_Charoite,AS80x80,U-235,unk,0.00,2.00,22,15,15,0,0,0,,,,0,6,4
AS80_Charoite,AS80x80,U-235,unk,0.30,0.00,38,15,15,0,0,0,,,,0,33,3
AS80_Charoite,AS80x80,U-235,unk,0.30,0.05,35,15,15,0,0,0,,,,0,25,4
AS80_Charoite,AS80x80,U-235,unk,0.30,0.10,34,15,15,0,0,0,,,,0,25,4
AS80_Charoite,AS80x80,U-235,unk,0.30,0.20,32,15,15,0,0,0,,,,0,19,3
AS80_Charoite,AS80x80,U-235,unk,0.30,0.50,25,15,15,0,0,0,,,,0,13,3
AS80_Charoite,AS80x80,U-235,unk,0.30,1.00,22,15,15,0,0,0,,,,0,10,3
AS80_Charoite,AS80x80,U-235,unk,0.30,2.00,16,15,15,0,0,0,,,,0,6,4
AS80_Charoite,AS80x80,U-235,unk,0.50,0.00,26,15,15,0,0,0,,,,0,33,4
AS80_Charoite,AS80x80,U-235,unk,0.50,0.05,24,15,15,0,0,0,,,,0,25,5
AS80_Charoite,AS80x80,U-235,unk,0.50,0.10,24,15,15,0,0,0,,,,0,25,4
AS80_Charoite,AS80x80,U-235,unk,0.50,0.20,23,15,15,0,0,0,,,,0,19,4
AS80_Charoite,AS80x80,U-235,unk,0.50,0.50,18,15,15,0,0,0,,,,0,13,5
AS80_Charoite,AS80x80,U-235,unk,0.50,1.00,17,15,15,0,0,0,,,,0,10,4
AS80_Charoite,AS80x80,U-235,unk,0.50,2.00,13,15,15,0,0,0,,,,0,6,4
AS80_Charoite,AS80x80,U-235,unk,0.70,0.00,22,15,15,0,0,0,,,,0,28,4
AS80_Charoite,AS80x80,U-235,unk,0.70,0.05,20,15,15,0,0,0,,,,0,22,4
AS80_Charoite,AS80x80,U-235,unk,0.70,0.10,20,15,15,0,0,0,,,,0,22,4
AS80_Charoite,AS80x80,U-235,unk,0.70,0.20,18,15,15,0,0,0,,,,0,17,4
AS80_Charoite,AS80x80,U-235,unk,0.70,0.50,16,15,15,0,0,0,,,,0,12,4
AS80_Charoite,AS80x80,U-235,unk,0.70,1.00,15,15,15,0,0,0,,,,0,9,4
AS80_Charoite,AS80x80,U-235,unk,0.70,2.00,12,15,15,0,0,0,,,,0,5,3
AS80_Charoite,AS80x80,U-235,unk,0.85,0.00,19,15,15,0,0,0,,,,0,23,4
AS80_Charoite,AS80x80,U-235,unk,0.85,0.05,18,15,15,0,0,0,,,,0,18,4
AS80_Charoite,AS80x80,U-235,unk,0.85,0.10,17,15,15,0,0,0,,,,0,18,4
AS80_Charoite,AS80x80,U-235,unk,0.85,0.20,16,15,15,0,0,0,,,,0,15,3
AS80_Charoite,AS80x80,U-235,unk,0.85,0.50,14,15,15,0,0,0,,,,0,10,4
AS80_Charoite,AS80x80,U-235,unk,0.85,1.00,13,15,15,0,0,0,,,,0,9,3
AS80_Charoite,AS80x80,U-235,unk,0.85,2.00,10,15,15,0,0,0,,,,0,5,3
AS80_Charoite,AS80x80,U-235,unk,1.00,0.00,17,15,15,0,0,0,,,,0,22,4
AS80_Charoite,AS80x80,U-235,unk,1.00,0.05,16,15,15,0,0,0,,,,0,17,4
AS80_Charoite,AS80x80,U-235,unk,1.00,0.10,16,15,15,0,0,0,,,,0,17,3
AS80_Charoite,AS80x80,U-235,unk,1.00,0.20,15,15,15,0,0,0,,,,0,14,4
AS80_Charoite,AS80x80,U-235,unk,1.00,0.50,13,15,15,0,0,0,,,,0,10,3
AS80_Charoite,AS80x80,U-235,unk,1.00,1.00,12,15,15,0,0,0,,,,0,9,3
AS80_Charoite,AS80x80,U-235,unk,1.00,2.00,9,15,15,0,0,0,,,,0,5,3
AS80_Charoite,AS80x80,U-235,unk,1.30,0.00,12,15,15,0,0,0,,,,0,15,3
AS80_Charoite,AS80x80,U-235,unk,1.30,0.05,11,15,15,0,0,0,,,,0,13,6
AS80_Charoite,AS80x80,U-235,unk,1.30,0.10,11,15,15,0,0,0,,,,0,13,4
AS80_Charoite,AS80x80,U-235,unk,1.30,0.20,10,15,15,0,0,0,,,,0,11,4
AS80_Charoite,AS80x80,U-235,unk,1.30,0.50,9,15,15,0,0,0,,,,0,7,6
AS80_Charoite,AS80x80,U-235,unk,1.30,1.00,8,15,15,0,0,0,,,,0,6,4
AS80_Charoite,AS80x80,U-235,unk,1.30,2.00,8,15,15,0,0,0,,,,0,5,4
AS80_Charoite,AS80x80,U-235,unk,1.60,0.00,11,15,15,0,0,0,,,,0,12,4
AS80_Charoite,AS80x80,U-235,unk,1.60,0.05,10,15,15,0,0,0,,,,0,10,4
AS80_Charoite,AS80x80,U-235,unk,1.60,0.10,10,15,15,0,0,0,,,,0,10,4
AS80_Charoite,AS80x80,U-235,unk,1.60,0.20,9,15,15,0,0,0,,,,0,8,4
AS80_Charoite,AS80x80,U-235,unk,1.60,0.50,8,15,15,0,0,0,,,,0,6,5
AS80_Charoite,AS80x80,U-235,unk,1.60,1.00,8,15,15,0,0,0,,,,0,5,4
AS80_Charoite,AS80x80,U-235,unk,1.60,2.00,7,15,15,0,0,0,,,,0,4,4
AS80_Charoite,AS80x80,U-235,unk,2.00,0.00,10,15,15,0,0,0,,,,0,12,5
AS80_Charoite,AS80x80,U-235,unk,2.00,0.05,9,15,15,0,0,0,,,,0,10,4
AS80_Charoite,AS80x80,U-235,unk,2.00,0.10,9,15,15,0,0,0,,,,0,10,4
AS80_Charoite,AS80x80,U-235,unk,2.00,0.20,8,15,15,0,0,0,,,,0,8,3
AS80_Charoite,AS80x80,U-235,unk,2.00,0.50,7,15,15,0,0,0,,,,0,6,3
AS80_Charoite,AS80x80,U-235,unk,2.00,1.00,7,15,15,0,0,0,,,,0,5,3
AS80_Charoite,AS80x80,U-235,unk,2.00,2.00,5,15,15,0,0,0,,,,0,4,3
RC103_Th232WT20,RC103,Th-232,pos,0.00,0.00,69,52,5,47,1,8,19,20,9,29,43,178
RC103_Th232WT20,RC103,Th-232,pos,0.00,0.05,66,52,5,47,1,8,19,20,9,30,42,100
RC103_Th232WT20,RC103,Th-232,pos,0.00,0.10,65,51,5,46,1,8,19,20,9,29,41,105
RC103_Th232WT20,RC103,Th-232,pos,0.00,0.20,60,50,5,45,1,8,19,20,9,29,37,155
RC103_Th232WT20,RC103,Th-232,pos,0.00,0.50,44,43,5,38,1,8,19,20,9,20,25,269
RC103_Th232WT20,RC103,Th-232,pos,0.00,1.00,30,31,7,24,1,6,19,20,9,13,16,240
RC103_Th232WT20,RC103,Th-232,pos,0.00,2.00,21,23,9,14,1,4,17,20,9,7,9,114
RC103_Th232WT20,RC103,Th-232,pos,0.30,0.00,38,36,7,29,1,6,19,20,9,29,43,287
RC103_Th232WT20,RC103,Th-232,pos,0.30,0.05,37,36,7,29,1,6,19,20,9,30,42,367
RC103_Th232WT20,RC103,Th-232,pos,0.30,0.10,36,35,7,28,1,6,19,20,9,29,41,370
RC103_Th232WT20,RC103,Th-232,pos,0.30,0.20,35,34,7,27,1,6,19,20,9,29,37,336
RC103_Th232WT20,RC103,Th-232,pos,0.30,0.50,30,32,7,25,1,6,19,20,9,20,25,235
RC103_Th232WT20,RC103,Th-232,pos,0.30,1.00,23,26,9,17,1,4,19,20,9,13,16,207
RC103_Th232WT20,RC103,Th-232,pos,0.30,2.00,17,21,11,10,1,2,17,20,9,7,9,136
RC103_Th232WT20,RC103,Th-232,pos,0.50,0.00,30,30,8,22,1,5,20,20,9,29,43,180
RC103_Th232WT20,RC103,Th-232,pos,0.50,0.05,30,30,8,22,1,5,20,20,9,30,42,156
RC103_Th232WT20,RC103,Th-232,pos,0.50,0.10,29,29,8,21,1,5,20,20,9,29,41,152
RC103_Th232WT20,RC103,Th-232,pos,0.50,0.20,28,28,7,21,1,6,19,20,9,29,37,256
RC103_Th232WT20,RC103,Th-232,pos,0.50,0.50,26,27,9,18,1,4,19,20,9,20,25,285
RC103_Th232WT20,RC103,Th-232,pos,0.50,1.00,20,23,11,12,1,2,19,20,9,13,16,168
RC103_Th232WT20,RC103,Th-232,pos,0.50,2.00,17,21,11,10,1,2,17,20,9,7,9,149
RC103_Th232WT20,RC103,Th-232,pos,0.70,0.00,26,27,10,17,1,3,19,20,9,25,35,264
RC103_Th232WT20,RC103,Th-232,pos,0.70,0.05,26,27,10,17,1,3,19,20,9,26,34,227
RC103_Th232WT20,RC103,Th-232,pos,0.70,0.10,25,26,10,16,1,3,19,20,9,26,34,226
RC103_Th232WT20,RC103,Th-232,pos,0.70,0.20,25,26,10,16,1,3,19,20,9,25,31,244
RC103_Th232WT20,RC103,Th-232,pos,0.70,0.50,24,26,11,15,1,2,19,20,9,20,23,252
RC103_Th232WT20,RC103,Th-232,pos,0.70,1.00,20,23,11,12,1,2,19,20,9,13,15,175
RC103_Th232WT20,RC103,Th-232,pos,0.70,2.00,17,21,11,10,1,2,17,20,9,7,8,141
RC103_Th232WT20,RC103,Th-232,pos,0.85,0.00,22,23,11,12,1,2,15,20,9,22,27,123
RC103_Th232WT20,RC103,Th-232,pos,0.85,0.05,22,23,11,12,1,2,15,20,9,22,27,107
RC103_Th232WT20,RC103,Th-232,pos,0.85,0.10,21,22,11,11,1,2,15,20,9,22,27,85
RC103_Th232WT20,RC103,Th-232,pos,0.85,0.20,21,22,11,11,1,2,15,20,9,22,25,120
RC103_Th232WT20,RC103,Th-232,pos,0.85,0.50,20,22,12,10,1,1,15,20,9,18,20,80
RC103_Th232WT20,RC103,Th-232,pos,0.85,1.00,16,19,12,7,1,1,15,20,9,12,13,69
RC103_Th232WT20,RC103,Th-232,pos,0.85,2.00,14,18,12,6,1,1,14,20,9,7,8,89
RC103_Th232WT20,RC103,Th-232,pos,1.00,0.00,21,22,11,11,1,2,14,20,9,21,24,112
RC103_Th232WT20,RC103,Th-232,pos,1.00,0.05,21,22,11,11,1,2,14,20,9,21,24,88
RC103_Th232WT20,RC103,Th-232,pos,1.00,0.10,20,21,11,10,1,2,14,20,9,21,24,83
RC103_Th232WT20,RC103,Th-232,pos,1.00,0.20,19,20,11,9,1,2,14,20,9,19,22,104
RC103_Th232WT20,RC103,Th-232,pos,1.00,0.50,17,19,12,7,1,1,13,20,9,17,19,76
RC103_Th232WT20,RC103,Th-232,pos,1.00,1.00,14,17,12,5,1,1,13,20,9,12,13,65
RC103_Th232WT20,RC103,Th-232,pos,1.00,2.00,12,16,12,4,1,1,12,20,9,7,8,86
RC103_Th232WT20,RC103,Th-232,pos,1.30,0.00,18,20,11,9,1,2,12,20,9,16,20,100
RC103_Th232WT20,RC103,Th-232,pos,1.30,0.05,18,20,11,9,1,2,12,20,9,16,20,72
RC103_Th232WT20,RC103,Th-232,pos,1.30,0.10,17,19,11,8,1,2,12,20,9,16,20,72
RC103_Th232WT20,RC103,Th-232,pos,1.30,0.20,16,18,11,7,1,2,12,20,9,16,20,67
RC103_Th232WT20,RC103,Th-232,pos,1.30,0.50,14,17,12,5,1,1,11,20,9,15,17,89
RC103_Th232WT20,RC103,Th-232,pos,1.30,1.00,11,15,12,3,1,1,11,20,9,10,11,41
RC103_Th232WT20,RC103,Th-232,pos,1.30,2.00,9,13,12,1,1,1,9,20,9,5,6,38
RC103_Th232WT20,RC103,Th-232,pos,1.60,0.00,14,17,12,5,1,1,11,20,9,14,18,53
RC103_Th232WT20,RC103,Th-232,pos,1.60,0.05,14,17,12,5,1,1,11,20,9,14,18,53
RC103_Th232WT20,RC103,Th-232,pos,1.60,0.10,13,16,12,4,1,1,11,20,9,14,18,52
RC103_Th232WT20,RC103,Th-232,pos,1.60,0.20,13,16,12,4,1,1,11,20,9,14,18,58
RC103_Th232WT20,RC103,Th-232,pos,1.60,0.50,12,16,13,3,1,0,11,20,9,13,15,67
RC103_Th232WT20,RC103,Th-232,pos,1.60,1.00,10,15,13,2,1,0,11,20,9,9,10,31
RC103_Th232WT20,RC103,Th-232,pos,1.60,2.00,9,14,13,1,1,0,10,20,9,5,6,26
RC103_Th232WT20,RC103,Th-232,pos,2.00,0.00,13,17,13,4,1,0,11,20,9,10,13,76
RC103_Th232WT20,RC103,Th-232,pos,2.00,0.05,13,17,13,4,1,0,11,20,9,10,13,46
RC103_Th232WT20,RC103,Th-232,pos,2.00,0.10,12,16,13,3,1,0,11,20,9,10,13,47
RC103_Th232WT20,RC103,Th-232,pos,2.00,0.20,12,16,13,3,1,0,11,20,9,10,13,43
RC103_Th232WT20,RC103,Th-232,pos,2.00,0.50,12,16,13,3,1,0,11,20,9,8,10,71
RC103_Th232WT20,RC103,Th-232,pos,2.00,1.00,10,15,13,2,1,0,11,20,9,7,8,22
RC103_Th232WT20,RC103,Th-232,pos,2.00,2.00,9,14,13,1,1,0,10,20,9,4,5,27
RC103_Th232WT20,RC103,Ra-226,bg,0.00,0.00,61,13,13,0,0,0,,,,0,40,4
RC103_Th232WT20,RC103,Ra-226,bg,0.00,0.05,35,13,13,0,0,0,,,,0,26,3
RC103_Th232WT20,RC103,Ra-226,bg,0.00,0.10,34,13,13,0,0,0,,,,0,25,3
RC103_Th232WT20,RC103,Ra-226,bg,0.00,0.20,34,13,13,0,0,0,,,,0,25,4
RC103_Th232WT20,RC103,Ra-226,bg,0.00,0.50,31,13,13,0,0,0,,,,0,22,3
RC103_Th232WT20,RC103,Ra-226,bg,0.00,1.00,27,13,13,0,0,0,,,,0,19,3
RC103_Th232WT20,RC103,Ra-226,bg,0.00,2.00,17,13,13,0,0,0,,,,0,13,3
RC103_Th232WT20,RC103,Ra-226,bg,0.30,0.00,44,13,13,0,0,0,,,,0,40,3
RC103_Th232WT20,RC103,Ra-226,bg,0.30,0.05,32,13,13,0,0,0,,,,0,26,3
RC103_Th232WT20,RC103,Ra-226,bg,0.30,0.10,31,13,13,0,0,0,,,,0,25,3
RC103_Th232WT20,RC103,Ra-226,bg,0.30,0.20,31,13,13,0,0,0,,,,0,25,3
RC103_Th232WT20,RC103,Ra-226,bg,0.30,0.50,28,13,13,0,0,0,,,,0,22,4
RC103_Th232WT20,RC103,Ra-226,bg,0.30,1.00,25,13,13,0,0,0,,,,0,19,3
RC103_Th232WT20,RC103,Ra-226,bg,0.30,2.00,17,13,13,0,0,0,,,,0,13,4
RC103_Th232WT20,RC103,Ra-226,bg,0.50,0.00,33,13,13,0,0,0,,,,0,40,3
RC103_Th232WT20,RC103,Ra-226,bg,0.50,0.05,26,13,13,0,0,0,,,,0,26,4
RC103_Th232WT20,RC103,Ra-226,bg,0.50,0.10,26,13,13,0,0,0,,,,0,25,3
RC103_Th232WT20,RC103,Ra-226,bg,0.50,0.20,26,13,13,0,0,0,,,,0,25,3
RC103_Th232WT20,RC103,Ra-226,bg,0.50,0.50,23,13,13,0,0,0,,,,0,22,3
RC103_Th232WT20,RC103,Ra-226,bg,0.50,1.00,21,13,13,0,0,0,,,,0,19,3
RC103_Th232WT20,RC103,Ra-226,bg,0.50,2.00,15,13,13,0,0,0,,,,0,13,3
RC103_Th232WT20,RC103,Ra-226,bg,0.70,0.00,29,13,13,0,0,0,,,,0,36,4
RC103_Th232WT20,RC103,Ra-226,bg,0.70,0.05,22,13,13,0,0,0,,,,0,24,3
RC103_Th232WT20,RC103,Ra-226,bg,0.70,0.10,22,13,13,0,0,0,,,,0,23,3
RC103_Th232WT20,RC103,Ra-226,bg,0.70,0.20,22,13,13,0,0,0,,,,0,23,3
RC103_Th232WT20,RC103,Ra-226,bg,0.70,0.50,21,13,13,0,0,0,,,,0,21,4
RC103_Th232WT20,RC103,Ra-226,bg,0.70,1.00,19,13,13,0,0,0,,,,0,18,3
RC103_Th232WT20,RC103,Ra-226,bg,0.70,2.00,15,13,13,0,0,0,,,,0,12,4
RC103_Th232WT20,RC103,Ra-226,bg,0.85,0.00,24,13,13,0,0,0,,,,0,28,3
RC103_Th232WT20,RC103,Ra-226,bg,0.85,0.05,22,13,13,0,0,0,,,,0,22,4
RC103_Th232WT20,RC103,Ra-226,bg,0.85,0.10,22,13,13,0,0,0,,,,0,21,4
RC103_Th232WT20,RC103,Ra-226,bg,0.85,0.20,22,13,13,0,0,0,,,,0,21,4
RC103_Th232WT20,RC103,Ra-226,bg,0.85,0.50,21,13,13,0,0,0,,,,0,19,4
RC103_Th232WT20,RC103,Ra-226,bg,0.85,1.00,19,13,13,0,0,0,,,,0,16,4
RC103_Th232WT20,RC103,Ra-226,bg,0.85,2.00,15,13,13,0,0,0,,,,0,12,4
RC103_Th232WT20,RC103,Ra-226,bg,1.00,0.00,21,13,13,0,0,0,,,,0,27,4
RC103_Th232WT20,RC103,Ra-226,bg,1.00,0.05,19,13,13,0,0,0,,,,0,21,4
RC103_Th232WT20,RC103,Ra-226,bg,1.00,0.10,19,13,13,0,0,0,,,,0,20,5
RC103_Th232WT20,RC103,Ra-226,bg,1.00,0.20,19,13,13,0,0,0,,,,0,20,5
RC103_Th232WT20,RC103,Ra-226,bg,1.00,0.50,17,13,13,0,0,0,,,,0,18,4
RC103_Th232WT20,RC103,Ra-226,bg,1.00,1.00,16,13,13,0,0,0,,,,0,15,4
RC103_Th232WT20,RC103,Ra-226,bg,1.00,2.00,14,13,13,0,0,0,,,,0,12,3
RC103_Th232WT20,RC103,Ra-226,bg,1.30,0.00,18,13,13,0,0,0,,,,0,18,3
RC103_Th232WT20,RC103,Ra-226,bg,1.30,0.05,16,13,13,0,0,0,,,,0,13,4
RC103_Th232WT20,RC103,Ra-226,bg,1.30,0.10,16,13,13,0,0,0,,,,0,13,3
RC103_Th232WT20,RC103,Ra-226,bg,1.30,0.20,16,13,13,0,0,0,,,,0,13,9
RC103_Th232WT20,RC103,Ra-226,bg,1.30,0.50,15,13,13,0,0,0,,,,0,12,4
RC103_Th232WT20,RC103,Ra-226,bg,1.30,1.00,15,13,13,0,0,0,,,,0,12,4
RC103_Th232WT20,RC103,Ra-226,bg,1.30,2.00,14,13,13,0,0,0,,,,0,9,4
RC103_Th232WT20,RC103,Ra-226,bg,1.60,0.00,16,13,13,0,0,0,,,,0,16,3
RC103_Th232WT20,RC103,Ra-226,bg,1.60,0.05,14,13,13,0,0,0,,,,0,13,3
RC103_Th232WT20,RC103,Ra-226,bg,1.60,0.10,14,13,13,0,0,0,,,,0,13,3
RC103_Th232WT20,RC103,Ra-226,bg,1.60,0.20,14,13,13,0,0,0,,,,0,13,3
RC103_Th232WT20,RC103,Ra-226,bg,1.60,0.50,13,13,13,0,0,0,,,,0,12,3
RC103_Th232WT20,RC103,Ra-226,bg,1.60,1.00,12,13,13,0,0,0,,,,0,12,3
RC103_Th232WT20,RC103,Ra-226,bg,1.60,2.00,11,13,13,0,0,0,,,,0,9,4
RC103_Th232WT20,RC103,Ra-226,bg,2.00,0.00,14,13,13,0,0,0,,,,0,13,4
RC103_Th232WT20,RC103,Ra-226,bg,2.00,0.05,13,13,13,0,0,0,,,,0,12,4
RC103_Th232WT20,RC103,Ra-226,bg,2.00,0.10,13,13,13,0,0,0,,,,0,12,3
RC103_Th232WT20,RC103,Ra-226,bg,2.00,0.20,13,13,13,0,0,0,,,,0,12,3
RC103_Th232WT20,RC103,Ra-226,bg,2.00,0.50,12,13,13,0,0,0,,,,0,12,3
RC103_Th232WT20,RC103,Ra-226,bg,2.00,1.00,11,13,13,0,0,0,,,,0,12,3
RC103_Th232WT20,RC103,Ra-226,bg,2.00,2.00,10,13,13,0,0,0,,,,0,9,4
RC103_Th232WT20,RC103,U-238,bg,0.00,0.00,91,13,13,0,0,0,,,,0,50,4
RC103_Th232WT20,RC103,U-238,bg,0.00,0.05,48,13,13,0,0,0,,,,0,28,3
RC103_Th232WT20,RC103,U-238,bg,0.00,0.10,43,13,13,0,0,0,,,,0,25,4
RC103_Th232WT20,RC103,U-238,bg,0.00,0.20,41,13,13,0,0,0,,,,0,24,3
RC103_Th232WT20,RC103,U-238,bg,0.00,0.50,35,13,13,0,0,0,,,,0,20,3
RC103_Th232WT20,RC103,U-238,bg,0.00,1.00,31,13,13,0,0,0,,,,0,18,3
RC103_Th232WT20,RC103,U-238,bg,0.00,2.00,21,13,13,0,0,0,,,,0,12,4
RC103_Th232WT20,RC103,U-238,bg,0.30,0.00,52,13,13,0,0,0,,,,0,50,3
RC103_Th232WT20,RC103,U-238,bg,0.30,0.05,38,13,13,0,0,0,,,,0,28,4
RC103_Th232WT20,RC103,U-238,bg,0.30,0.10,36,13,13,0,0,0,,,,0,25,4
RC103_Th232WT20,RC103,U-238,bg,0.30,0.20,35,13,13,0,0,0,,,,0,24,4
RC103_Th232WT20,RC103,U-238,bg,0.30,0.50,31,13,13,0,0,0,,,,0,20,3
RC103_Th232WT20,RC103,U-238,bg,0.30,1.00,28,13,13,0,0,0,,,,0,18,4
RC103_Th232WT20,RC103,U-238,bg,0.30,2.00,20,13,13,0,0,0,,,,0,12,3
RC103_Th232WT20,RC103,U-238,bg,0.50,0.00,39,13,13,0,0,0,,,,0,49,3
RC103_Th232WT20,RC103,U-238,bg,0.50,0.05,30,13,13,0,0,0,,,,0,27,3
RC103_Th232WT20,RC103,U-238,bg,0.50,0.10,30,13,13,0,0,0,,,,0,24,3
RC103_Th232WT20,RC103,U-238,bg,0.50,0.20,30,13,13,0,0,0,,,,0,23,3
RC103_Th232WT20,RC103,U-238,bg,0.50,0.50,26,13,13,0,0,0,,,,0,20,6
RC103_Th232WT20,RC103,U-238,bg,0.50,1.00,24,13,13,0,0,0,,,,0,18,3
RC103_Th232WT20,RC103,U-238,bg,0.50,2.00,18,13,13,0,0,0,,,,0,12,6
RC103_Th232WT20,RC103,U-238,bg,0.70,0.00,32,13,13,0,0,0,,,,0,37,4
RC103_Th232WT20,RC103,U-238,bg,0.70,0.05,26,13,13,0,0,0,,,,0,24,4
RC103_Th232WT20,RC103,U-238,bg,0.70,0.10,26,13,13,0,0,0,,,,0,21,4
RC103_Th232WT20,RC103,U-238,bg,0.70,0.20,26,13,13,0,0,0,,,,0,20,3
RC103_Th232WT20,RC103,U-238,bg,0.70,0.50,24,13,13,0,0,0,,,,0,18,3
RC103_Th232WT20,RC103,U-238,bg,0.70,1.00,22,13,13,0,0,0,,,,0,16,3
RC103_Th232WT20,RC103,U-238,bg,0.70,2.00,18,13,13,0,0,0,,,,0,12,3
RC103_Th232WT20,RC103,U-238,bg,0.85,0.00,28,13,13,0,0,0,,,,0,33,4
RC103_Th232WT20,RC103,U-238,bg,0.85,0.05,26,13,13,0,0,0,,,,0,23,3
RC103_Th232WT20,RC103,U-238,bg,0.85,0.10,26,13,13,0,0,0,,,,0,20,4
RC103_Th232WT20,RC103,U-238,bg,0.85,0.20,26,13,13,0,0,0,,,,0,19,6
RC103_Th232WT20,RC103,U-238,bg,0.85,0.50,24,13,13,0,0,0,,,,0,17,3
RC103_Th232WT20,RC103,U-238,bg,0.85,1.00,22,13,13,0,0,0,,,,0,15,4
RC103_Th232WT20,RC103,U-238,bg,0.85,2.00,18,13,13,0,0,0,,,,0,11,3
RC103_Th232WT20,RC103,U-238,bg,1.00,0.00,25,13,13,0,0,0,,,,0,28,4
RC103_Th232WT20,RC103,U-238,bg,1.00,0.05,22,13,13,0,0,0,,,,0,20,3
RC103_Th232WT20,RC103,U-238,bg,1.00,0.10,22,13,13,0,0,0,,,,0,18,5
RC103_Th232WT20,RC103,U-238,bg,1.00,0.20,22,13,13,0,0,0,,,,0,18,4
RC103_Th232WT20,RC103,U-238,bg,1.00,0.50,19,13,13,0,0,0,,,,0,16,4
RC103_Th232WT20,RC103,U-238,bg,1.00,1.00,18,13,13,0,0,0,,,,0,15,3
RC103_Th232WT20,RC103,U-238,bg,1.00,2.00,16,13,13,0,0,0,,,,0,11,4
RC103_Th232WT20,RC103,U-238,bg,1.30,0.00,21,13,13,0,0,0,,,,0,21,6
RC103_Th232WT20,RC103,U-238,bg,1.30,0.05,17,13,13,0,0,0,,,,0,19,4
RC103_Th232WT20,RC103,U-238,bg,1.30,0.10,17,13,13,0,0,0,,,,0,17,3
RC103_Th232WT20,RC103,U-238,bg,1.30,0.20,17,13,13,0,0,0,,,,0,17,5
RC103_Th232WT20,RC103,U-238,bg,1.30,0.50,16,13,13,0,0,0,,,,0,15,5
RC103_Th232WT20,RC103,U-238,bg,1.30,1.00,16,13,13,0,0,0,,,,0,14,4
RC103_Th232WT20,RC103,U-238,bg,1.30,2.00,15,13,13,0,0,0,,,,0,11,5
RC103_Th232WT20,RC103,U-238,bg,1.60,0.00,17,13,13,0,0,0,,,,0,18,4
RC103_Th232WT20,RC103,U-238,bg,1.60,0.05,15,13,13,0,0,0,,,,0,14,4
RC103_Th232WT20,RC103,U-238,bg,1.60,0.10,15,13,13,0,0,0,,,,0,12,6
RC103_Th232WT20,RC103,U-238,bg,1.60,0.20,15,13,13,0,0,0,,,,0,12,6
RC103_Th232WT20,RC103,U-238,bg,1.60,0.50,14,13,13,0,0,0,,,,0,11,4
RC103_Th232WT20,RC103,U-238,bg,1.60,1.00,13,13,13,0,0,0,,,,0,11,5
RC103_Th232WT20,RC103,U-238,bg,1.60,2.00,12,13,13,0,0,0,,,,0,10,4
RC103_Th232WT20,RC103,U-238,bg,2.00,0.00,14,13,13,0,0,0,,,,0,16,5
RC103_Th232WT20,RC103,U-238,bg,2.00,0.05,14,13,13,0,0,0,,,,0,13,4
RC103_Th232WT20,RC103,U-238,bg,2.00,0.10,14,13,13,0,0,0,,,,0,12,4
RC103_Th232WT20,RC103,U-238,bg,2.00,0.20,14,13,13,0,0,0,,,,0,12,5
RC103_Th232WT20,RC103,U-238,bg,2.00,0.50,13,13,13,0,0,0,,,,0,11,4
RC103_Th232WT20,RC103,U-238,bg,2.00,1.00,12,13,13,0,0,0,,,,0,11,15
RC103_Th232WT20,RC103,U-238,bg,2.00,2.00,11,13,13,0,0,0,,,,0,10,8
RC103_Th232WT20,RC103,U-235,bg,0.00,0.00,110,13,13,0,0,0,,,,0,34,8
RC103_Th232WT20,RC103,U-235,bg,0.00,0.05,81,13,13,0,0,0,,,,0,25,8
RC103_Th232WT20,RC103,U-235,bg,0.00,0.10,79,13,13,0,0,0,,,,0,25,6
RC103_Th232WT20,RC103,U-235,bg,0.00,0.20,63,13,13,0,0,0,,,,0,20,9
RC103_Th232WT20,RC103,U-235,bg,0.00,0.50,45,13,13,0,0,0,,,,0,13,6
RC103_Th232WT20,RC103,U-235,bg,0.00,1.00,36,13,13,0,0,0,,,,0,10,8
RC103_Th232WT20,RC103,U-235,bg,0.00,2.00,22,13,13,0,0,0,,,,0,6,4
RC103_Th232WT20,RC103,U-235,bg,0.30,0.00,37,13,13,0,0,0,,,,0,34,7
RC103_Th232WT20,RC103,U-235,bg,0.30,0.05,34,13,13,0,0,0,,,,0,25,9
RC103_Th232WT20,RC103,U-235,bg,0.30,0.10,33,13,13,0,0,0,,,,0,25,4
RC103_Th232WT20,RC103,U-235,bg,0.30,0.20,31,13,13,0,0,0,,,,0,20,3
RC103_Th232WT20,RC103,U-235,bg,0.30,0.50,24,13,13,0,0,0,,,,0,13,4
RC103_Th232WT20,RC103,U-235,bg,0.30,1.00,22,13,13,0,0,0,,,,0,10,4
RC103_Th232WT20,RC103,U-235,bg,0.30,2.00,16,13,13,0,0,0,,,,0,6,4
RC103_Th232WT20,RC103,U-235,bg,0.50,0.00,24,13,13,0,0,0,,,,0,33,4
RC103_Th232WT20,RC103,U-235,bg,0.50,0.05,22,13,13,0,0,0,,,,0,25,4
RC103_Th232WT20,RC103,U-235,bg,0.50,0.10,22,13,13,0,0,0,,,,0,25,5
RC103_Th232WT20,RC103,U-235,bg,0.50,0.20,21,13,13,0,0,0,,,,0,20,4
RC103_Th232WT20,RC103,U-235,bg,0.50,0.50,17,13,13,0,0,0,,,,0,13,3
RC103_Th232WT20,RC103,U-235,bg,0.50,1.00,16,13,13,0,0,0,,,,0,10,3
RC103_Th232WT20,RC103,U-235,bg,0.50,2.00,13,13,13,0,0,0,,,,0,6,2
RC103_Th232WT20,RC103,U-235,bg,0.70,0.00,21,13,13,0,0,0,,,,0,26,2
RC103_Th232WT20,RC103,U-235,bg,0.70,0.05,19,13,13,0,0,0,,,,0,20,3
RC103_Th232WT20,RC103,U-235,bg,0.70,0.10,19,13,13,0,0,0,,,,0,20,3
RC103_Th232WT20,RC103,U-235,bg,0.70,0.20,17,13,13,0,0,0,,,,0,15,3
RC103_Th232WT20,RC103,U-235,bg,0.70,0.50,15,13,13,0,0,0,,,,0,10,3
RC103_Th232WT20,RC103,U-235,bg,0.70,1.00,14,13,13,0,0,0,,,,0,8,4
RC103_Th232WT20,RC103,U-235,bg,0.70,2.00,11,13,13,0,0,0,,,,0,5,3
RC103_Th232WT20,RC103,U-235,bg,0.85,0.00,18,13,13,0,0,0,,,,0,20,3
RC103_Th232WT20,RC103,U-235,bg,0.85,0.05,17,13,13,0,0,0,,,,0,17,3
RC103_Th232WT20,RC103,U-235,bg,0.85,0.10,16,13,13,0,0,0,,,,0,17,3
RC103_Th232WT20,RC103,U-235,bg,0.85,0.20,15,13,13,0,0,0,,,,0,15,3
RC103_Th232WT20,RC103,U-235,bg,0.85,0.50,13,13,13,0,0,0,,,,0,10,3
RC103_Th232WT20,RC103,U-235,bg,0.85,1.00,12,13,13,0,0,0,,,,0,8,3
RC103_Th232WT20,RC103,U-235,bg,0.85,2.00,10,13,13,0,0,0,,,,0,5,3
RC103_Th232WT20,RC103,U-235,bg,1.00,0.00,15,13,13,0,0,0,,,,0,16,3
RC103_Th232WT20,RC103,U-235,bg,1.00,0.05,14,13,13,0,0,0,,,,0,15,3
RC103_Th232WT20,RC103,U-235,bg,1.00,0.10,14,13,13,0,0,0,,,,0,15,4
RC103_Th232WT20,RC103,U-235,bg,1.00,0.20,13,13,13,0,0,0,,,,0,14,3
RC103_Th232WT20,RC103,U-235,bg,1.00,0.50,10,13,13,0,0,0,,,,0,10,3
RC103_Th232WT20,RC103,U-235,bg,1.00,1.00,9,13,13,0,0,0,,,,0,8,4
RC103_Th232WT20,RC103,U-235,bg,1.00,2.00,8,13,13,0,0,0,,,,0,5,3
RC103_Th232WT20,RC103,U-235,bg,1.30,0.00,11,13,13,0,0,0,,,,0,14,3
RC103_Th232WT20,RC103,U-235,bg,1.30,0.05,10,13,13,0,0,0,,,,0,12,3
RC103_Th232WT20,RC103,U-235,bg,1.30,0.10,10,13,13,0,0,0,,,,0,12,3
RC103_Th232WT20,RC103,U-235,bg,1.30,0.20,9,13,13,0,0,0,,,,0,10,3
RC103_Th232WT20,RC103,U-235,bg,1.30,0.50,8,13,13,0,0,0,,,,0,8,3
RC103_Th232WT20,RC103,U-235,bg,1.30,1.00,8,13,13,0,0,0,,,,0,7,4
RC103_Th232WT20,RC103,U-235,bg,1.30,2.00,7,13,13,0,0,0,,,,0,5,3
RC103_Th232WT20,RC103,U-235,bg,1.60,0.00,11,13,13,0,0,0,,,,0,11,3
RC103_Th232WT20,RC103,U-235,bg,1.60,0.05,10,13,13,0,0,0,,,,0,9,3
RC103_Th232WT20,RC103,U-235,bg,1.60,0.10,10,13,13,0,0,0,,,,0,9,4
RC103_Th232WT20,RC103,U-235,bg,1.60,0.20,9,13,13,0,0,0,,,,0,8,3
RC103_Th232WT20,RC103,U-235,bg,1.60,0.50,8,13,13,0,0,0,,,,0,6,4
RC103_Th232WT20,RC103,U-235,bg,1.60,1.00,8,13,13,0,0,0,,,,0,6,3
RC103_Th232WT20,RC103,U-235,bg,1.60,2.00,7,13,13,0,0,0,,,,0,4,3
RC103_Th232WT20,RC103,U-235,bg,2.00,0.00,9,13,13,0,0,0,,,,0,10,3
RC103_Th232WT20,RC103,U-235,bg,2.00,0.05,8,13,13,0,0,0,,,,0,9,3
RC103_Th232WT20,RC103,U-235,bg,2.00,0.10,8,13,13,0,0,0,,,,0,9,3
RC103_Th232WT20,RC103,U-235,bg,2.00,0.20,7,13,13,0,0,0,,,,0,8,3
RC103_Th232WT20,RC103,U-235,bg,2.00,0.50,6,13,13,0,0,0,,,,0,6,4
RC103_Th232WT20,RC103,U-235,bg,2.00,1.00,6,13,13,0,0,0,,,,0,6,3
RC103_Th232WT20,RC103,U-235,bg,2.00,2.00,5,13,13,0,0,0,,,,0,4,3
