Enable correlated gamma emission                  0
SETUP correlatedGamma=0 twoJmax=10 vacuum=0 seed=0 killesc=0 killcarry=0 fullcarry=0 histbin=0.100 histbins=30001
CUTS (production thresholds per material couple):
 Material : G4_AIR
 Range cuts        :  gamma  1 mm     e-  1 mm     e+  1 mm  proton 1 mm 
 Energy thresholds :  gamma  990 eV     e-  990 eV     e+  990 eV  proton 100 keV
 Material : scene_mat_2
 Range cuts        :  gamma  1 mm     e-  1 mm     e+  1 mm  proton 1 mm 
 Energy thresholds :  gamma  6.91691 keV    e-  597.603 keV    e+  574.29 keV proton 100 keV
 Material : scene_mat_1
 Range cuts        :  gamma  1 mm     e-  1 mm     e+  1 mm  proton 1 mm 
 Energy thresholds :  gamma  4.39533 keV    e-  541.252 keV    e+  522.087 keV proton 100 keV
 Material : scene_mat_0
 Range cuts        :  gamma  1 mm     e-  1 mm     e+  1 mm  proton 1 mm 
 Energy thresholds :  gamma  29.856 keV    e-  620.515 keV    e+  592.153 keV proton 100 keV
RESULT decays=20000000
RESULT any=2036614 eps_total=1.018307e-01
RESULT window=121.800 counts=291749 eps=1.458745e-02
RESULT window=244.700 counts=57866 eps=2.893300e-03
RESULT window=344.300 counts=169529 eps=8.476450e-03
RESULT window=411.100 counts=11974 eps=5.987000e-04
RESULT window=444.000 counts=14689 eps=7.344500e-04
RESULT window=778.900 counts=36554 eps=1.827700e-03
RESULT window=867.400 counts=9627 eps=4.813500e-04
RESULT window=964.100 counts=31348 eps=1.567400e-03
RESULT window=1085.800 counts=21413 eps=1.070650e-03
RESULT window=1112.100 counts=25576 eps=1.278800e-03
RESULT window=1408.000 counts=32000 eps=1.600000e-03
RESULT window=1123.200 counts=1430 eps=7.150000e-05
RESULT window=1233.900 counts=726 eps=3.630000e-05
RESULT window=1529.800 counts=881 eps=4.405000e-05
HISTBEGIN bins=30001 bin_kev=0.100000 decays=20000000
HIST 0 7
HIST 1 39
HIST 2 56
HIST 3 54
HIST 4 60
HIST 5 54
HIST 6 58
HIST 7 65
HIST 8 67
HIST 9 71
HIST 10 108
HIST 11 73
HIST 12 83
HIST 13 95
HIST 14 88
HIST 15 98
HIST 16 103
HIST 17 107
HIST 18 79
HIST 19 94
HIST 20 79
HIST 21 92
HIST 22 109
HIST 23 86
HIST 24 83
HIST 25 91
HIST 26 88
HIST 27 109
HIST 28 110
HIST 29 111
HIST 30 111
HIST 31 86
HIST 32 106
HIST 33 95
HIST 34 111
HIST 35 92
HIST 36 116
HIST 37 103
HIST 38 100
HIST 39 121
HIST 40 117
HIST 41 124
HIST 42 112
HIST 43 117
HIST 44 127
HIST 45 130
HIST 46 138
HIST 47 146
HIST 48 115
HIST 49 139
HIST 50 167
HIST 51 154
HIST 52 175
HIST 53 172
HIST 54 183
HIST 55 171
HIST 56 171
HIST 57 194
HIST 58 173
HIST 59 187
HIST 60 169
HIST 61 161
HIST 62 195
HIST 63 170
HIST 64 314
HIST 65 1417
HIST 66 179
HIST 67 174
HIST 68 175
HIST 69 181
HIST 70 485
HIST 71 2432
HIST 72 227
HIST 73 5997
HIST 74 184
HIST 75 176
HIST 76 350
HIST 77 173
HIST 78 170
HIST 79 10506
HIST 80 164
HIST 81 195
HIST 82 187
HIST 83 192
HIST 84 198
HIST 85 171
HIST 86 222
HIST 87 205
HIST 88 227
HIST 89 238
HIST 90 234
HIST 91 237
HIST 92 252
HIST 93 282
HIST 94 262
HIST 95 267
HIST 96 270
HIST 97 299
HIST 98 285
HIST 99 292
HIST 100 337
HIST 101 376
HIST 102 330
HIST 103 361
HIST 104 319
HIST 105 354
HIST 106 350
HIST 107 361
HIST 108 440
HIST 109 18890
HIST 110 287
HIST 111 286
HIST 112 286
HIST 113 10107
HIST 114 264
HIST 115 242
HIST 116 33646
HIST 117 193
HIST 118 146
HIST 119 18124
HIST 120 121
HIST 121 138
HIST 122 146
HIST 123 399
HIST 124 570
HIST 125 163
HIST 126 123
HIST 127 152
HIST 128 159
HIST 129 177
HIST 130 679
HIST 131 624
HIST 132 2031
HIST 133 129
HIST 134 153
HIST 135 178
HIST 136 288
HIST 137 365
HIST 138 179
HIST 139 144
HIST 140 268
HIST 141 129
HIST 142 168
HIST 143 538
HIST 144 369
HIST 145 535
HIST 146 277
HIST 147 139
HIST 148 375
HIST 149 148
HIST 150 128
HIST 151 155
HIST 152 135
HIST 153 144
HIST 154 122
HIST 155 151
HIST 156 120
HIST 157 157
HIST 158 166
HIST 159 147
HIST 160 152
HIST 161 127
HIST 162 147
HIST 163 130
HIST 164 166
HIST 165 162
HIST 166 123
HIST 167 3280
HIST 168 135
HIST 169 6083
HIST 170 1772
HIST 171 114
HIST 172 3335
HIST 173 128
HIST 174 112
HIST 175 157
HIST 176 139
HIST 177 131
HIST 178 125
HIST 179 112
HIST 180 2086
HIST 181 139
HIST 182 522
HIST 183 1168
HIST 184 144
HIST 185 321
HIST 186 132
HIST 187 107
HIST 188 133
HIST 189 125
HIST 190 99
HIST 191 118
HIST 192 103
HIST 193 107
HIST 194 106
HIST 195 125
HIST 196 116
HIST 197 101
HIST 198 107
HIST 199 97
HIST 200 157
HIST 201 108
HIST 202 172
HIST 203 116
HIST 204 94
HIST 205 144
HIST 206 111
HIST 207 114
HIST 208 113
HIST 209 105
HIST 210 98
HIST 211 86
HIST 212 103
HIST 213 108
HIST 214 124
HIST 215 95
HIST 216 104
HIST 217 126
HIST 218 118
HIST 219 111
HIST 220 102
HIST 221 116
HIST 222 107
HIST 223 108
HIST 224 94
HIST 225 130
HIST 226 105
HIST 227 110
HIST 228 125
HIST 229 97
HIST 230 81
HIST 231 133
HIST 232 98
HIST 233 104
HIST 234 132
HIST 235 87
HIST 236 106
HIST 237 109
HIST 238 102
HIST 239 113
HIST 240 94
HIST 241 104
HIST 242 96
HIST 243 96
HIST 244 112
HIST 245 117
HIST 246 90
HIST 247 104
HIST 248 100
HIST 249 114
HIST 250 127
HIST 251 101
HIST 252 100
HIST 253 97
HIST 254 93
HIST 255 112
HIST 256 108
HIST 257 96
HIST 258 117
HIST 259 109
HIST 260 110
HIST 261 95
HIST 262 124
HIST 263 115
HIST 264 105
HIST 265 108
HIST 266 116
HIST 267 94
HIST 268 104
HIST 269 113
HIST 270 107
HIST 271 89
HIST 272 83
HIST 273 96
HIST 274 89
HIST 275 93
HIST 276 109
HIST 277 103
HIST 278 115
HIST 279 100
HIST 280 115
HIST 281 88
HIST 282 108
HIST 283 121
HIST 284 101
HIST 285 109
HIST 286 91
HIST 287 120
HIST 288 131
HIST 289 122
HIST 290 101
HIST 291 101
HIST 292 115
HIST 293 112
HIST 294 130
HIST 295 139
HIST 296 107
HIST 297 128
HIST 298 124
HIST 299 110
HIST 300 115
HIST 301 134
HIST 302 136
HIST 303 127
HIST 304 128
HIST 305 125
HIST 306 136
HIST 307 119
HIST 308 131
HIST 309 124
HIST 310 130
HIST 311 140
HIST 312 126
HIST 313 152
HIST 314 132
HIST 315 142
HIST 316 152
HIST 317 144
HIST 318 140
HIST 319 129
HIST 320 161
HIST 321 136
HIST 322 157
HIST 323 145
HIST 324 160
HIST 325 151
HIST 326 170
HIST 327 183
HIST 328 188
HIST 329 185
HIST 330 173
HIST 331 200
HIST 332 154
HIST 333 186
HIST 334 172
HIST 335 169
HIST 336 147
HIST 337 183
HIST 338 157
HIST 339 196
HIST 340 193
HIST 341 175
HIST 342 216
HIST 343 189
HIST 344 185
HIST 345 214
HIST 346 233
HIST 347 234
HIST 348 239
HIST 349 239
HIST 350 230
HIST 351 275
HIST 352 251
HIST 353 319
HIST 354 265
HIST 355 268
HIST 356 344
HIST 357 346
HIST 358 307
HIST 359 325
HIST 360 413
HIST 361 341
HIST 362 515
HIST 363 392
HIST 364 401
HIST 365 461
HIST 366 458
HIST 367 523
HIST 368 555
HIST 369 554
HIST 370 614
HIST 371 608
HIST 372 616
HIST 373 716
HIST 374 797
HIST 375 778
HIST 376 815
HIST 377 793
HIST 378 838
HIST 379 901
HIST 380 834
HIST 381 941
HIST 382 916
HIST 383 1018
HIST 384 947
HIST 385 1071
HIST 386 1077
HIST 387 1075
HIST 388 1126
HIST 389 1193
HIST 390 1183
HIST 391 1170
HIST 392 1293
HIST 393 1229
HIST 394 1280
HIST 395 1162
HIST 396 153354
HIST 397 855
HIST 398 932
HIST 399 889
HIST 400 885
HIST 401 654
HIST 402 281804
HIST 403 123
HIST 404 144
HIST 405 140
HIST 406 146
HIST 407 131
HIST 408 157
HIST 409 136
HIST 410 152
HIST 411 168
HIST 412 139
HIST 413 170
HIST 414 168
HIST 415 194
HIST 416 175
HIST 417 156
HIST 418 202
HIST 419 206
HIST 420 200
HIST 421 205
HIST 422 206
HIST 423 199
HIST 424 2161
HIST 425 222
HIST 426 240
HIST 427 255
HIST 428 239
HIST 429 284
HIST 430 215
HIST 431 4046
HIST 432 278
HIST 433 262
HIST 434 270
HIST 435 279
HIST 436 297
HIST 437 267
HIST 438 285
HIST 439 307
HIST 440 311
HIST 441 279
HIST 442 290
HIST 443 306
HIST 444 330
HIST 445 355
HIST 446 325
HIST 447 358
HIST 448 334
HIST 449 369
HIST 450 340
HIST 451 340
HIST 452 364
HIST 453 30981
HIST 454 221
HIST 455 60416
HIST 456 137
HIST 457 168
HIST 458 1190
HIST 459 152
HIST 460 131
HIST 461 153
HIST 462 135
HIST 463 141
HIST 464 154
HIST 465 148
HIST 466 20051
HIST 467 366
HIST 468 2947
HIST 469 1493
HIST 470 87
HIST 471 87
HIST 472 95
HIST 473 115
HIST 474 159
HIST 475 134
HIST 476 91
HIST 477 84
HIST 478 97
HIST 479 91
HIST 480 148
HIST 481 87
HIST 482 106
HIST 483 101
HIST 484 95
HIST 485 69
HIST 486 474
HIST 487 85
HIST 488 914
HIST 489 83
HIST 490 102
HIST 491 110
HIST 492 86
HIST 493 95
HIST 494 73
HIST 495 76
HIST 496 92
HIST 497 82
HIST 498 78
HIST 499 99
HIST 500 355
HIST 501 90
HIST 502 96
HIST 503 172
HIST 504 112
HIST 505 165
HIST 506 91
HIST 507 97
HIST 508 145
HIST 509 95
HIST 510 89
HIST 511 383
HIST 512 78
HIST 513 68
HIST 514 252
HIST 515 95
HIST 516 60
HIST 517 369
HIST 518 81
HIST 519 86
HIST 520 230
HIST 521 83
HIST 522 85
HIST 523 99
HIST 524 91
HIST 525 76
HIST 526 114
HIST 527 88
HIST 528 103
HIST 529 83
HIST 530 95
HIST 531 100
HIST 532 83
HIST 533 116
HIST 534 114
HIST 535 85
HIST 536 85
HIST 537 88
HIST 538 112
HIST 539 93
HIST 540 82
HIST 541 85
HIST 542 94
HIST 543 88
HIST 544 112
HIST 545 97
HIST 546 94
HIST 547 89
HIST 548 91
HIST 549 71
HIST 550 72
HIST 551 95
HIST 552 75
HIST 553 76
HIST 554 77
HIST 555 93
HIST 556 76
HIST 557 85
HIST 558 96
HIST 559 96
HIST 560 81
HIST 561 86
HIST 562 79
HIST 563 126
HIST 564 148
HIST 565 82
HIST 566 98
HIST 567 116
HIST 568 98
HIST 569 147
HIST 570 186
HIST 571 92
HIST 572 100
HIST 573 128
HIST 574 89
HIST 575 87
HIST 576 86
HIST 577 84
HIST 578 104
HIST 579 92
HIST 580 96
HIST 581 85
HIST 582 144
HIST 583 89
HIST 584 85
HIST 585 92
HIST 586 82
HIST 587 84
HIST 588 85
HIST 589 69
HIST 590 95
HIST 591 72
HIST 592 71
HIST 593 78
HIST 594 94
HIST 595 89
HIST 596 93
HIST 597 82
HIST 598 86
HIST 599 102
HIST 600 90
HIST 601 83
HIST 602 86
HIST 603 97
HIST 604 78
HIST 605 72
HIST 606 79
HIST 607 86
HIST 608 85
HIST 609 78
HIST 610 67
HIST 611 91
HIST 612 73
HIST 613 85
HIST 614 67
HIST 615 74
HIST 616 86
HIST 617 74
HIST 618 76
HIST 619 80
HIST 620 72
HIST 621 69
HIST 622 91
HIST 623 103
HIST 624 75
HIST 625 101
HIST 626 94
HIST 627 84
HIST 628 84
HIST 629 89
HIST 630 71
HIST 631 100
HIST 632 91
HIST 633 95
HIST 634 78
HIST 635 90
HIST 636 89
HIST 637 96
HIST 638 87
HIST 639 90
HIST 640 74
HIST 641 84
HIST 642 73
HIST 643 101
HIST 644 91
HIST 645 97
HIST 646 80
HIST 647 76
HIST 648 76
HIST 649 81
HIST 650 82
HIST 651 78
HIST 652 98
HIST 653 105
HIST 654 84
HIST 655 90
HIST 656 96
HIST 657 77
HIST 658 93
HIST 659 87
HIST 660 101
HIST 661 89
HIST 662 84
HIST 663 90
HIST 664 92
HIST 665 71
HIST 666 81
HIST 667 78
HIST 668 77
HIST 669 107
HIST 670 89
HIST 671 99
HIST 672 88
HIST 673 118
HIST 674 78
HIST 675 89
HIST 676 83
HIST 677 97
HIST 678 85
HIST 679 93
HIST 680 94
HIST 681 75
HIST 682 90
HIST 683 93
HIST 684 63
HIST 685 80
HIST 686 99
HIST 687 81
HIST 688 102
HIST 689 84
HIST 690 81
HIST 691 102
HIST 692 87
HIST 693 75
HIST 694 93
HIST 695 84
HIST 696 83
HIST 697 90
HIST 698 90
HIST 699 91
HIST 700 79
HIST 701 99
HIST 702 91
HIST 703 92
HIST 704 74
HIST 705 95
HIST 706 84
HIST 707 89
HIST 708 84
HIST 709 97
HIST 710 106
HIST 711 93
HIST 712 90
HIST 713 88
HIST 714 82
HIST 715 86
HIST 716 94
HIST 717 91
HIST 718 86
HIST 719 99
HIST 720 86
HIST 721 91
HIST 722 95
HIST 723 94
HIST 724 101
HIST 725 84
HIST 726 91
HIST 727 93
HIST 728 90
HIST 729 98
HIST 730 98
HIST 731 82
HIST 732 109
HIST 733 101
HIST 734 95
HIST 735 88
HIST 736 96
HIST 737 88
HIST 738 85
HIST 739 90
HIST 740 90
HIST 741 91
HIST 742 96
HIST 743 81
HIST 744 85
HIST 745 89
HIST 746 92
HIST 747 103
HIST 748 102
HIST 749 77
HIST 750 88
HIST 751 91
HIST 752 82
HIST 753 85
HIST 754 82
HIST 755 83
HIST 756 92
HIST 757 84
HIST 758 77
HIST 759 56
HIST 760 77
HIST 761 90
HIST 762 88
HIST 763 96
HIST 764 89
HIST 765 86
HIST 766 87
HIST 767 97
HIST 768 88
HIST 769 109
HIST 770 88
HIST 771 118
HIST 772 101
HIST 773 104
HIST 774 100
HIST 775 103
HIST 776 89
HIST 777 99
HIST 778 89
HIST 779 86
HIST 780 119
HIST 781 100
HIST 782 104
HIST 783 102
HIST 784 121
HIST 785 97
HIST 786 108
HIST 787 112
HIST 788 105
HIST 789 119
HIST 790 105
HIST 791 468
HIST 792 116
HIST 793 89
HIST 794 86
HIST 795 97
HIST 796 112
HIST 797 1373
HIST 798 103
HIST 799 101
HIST 800 89
HIST 801 92
HIST 802 100
HIST 803 1220
HIST 804 80
HIST 805 94
HIST 806 90
HIST 807 102
HIST 808 93
HIST 809 83
HIST 810 90
HIST 811 89
HIST 812 91
HIST 813 93
HIST 814 93
HIST 815 100
HIST 816 89
HIST 817 92
HIST 818 89
HIST 819 106
HIST 820 85
HIST 821 111
HIST 822 100
HIST 823 106
HIST 824 102
HIST 825 102
HIST 826 105
HIST 827 107
HIST 828 98
HIST 829 109
HIST 830 92
HIST 831 127
HIST 832 106
HIST 833 85
HIST 834 107
HIST 835 103
HIST 836 103
HIST 837 116
HIST 838 118
HIST 839 88
HIST 840 101
HIST 841 113
HIST 842 105
HIST 843 108
HIST 844 120
HIST 845 99
HIST 846 105
HIST 847 119
HIST 848 117
HIST 849 261
HIST 850 355
HIST 851 100
HIST 852 107
HIST 853 99
HIST 854 110
HIST 855 397
HIST 856 598
HIST 857 103
HIST 858 101
HIST 859 116
HIST 860 97
HIST 861 104
HIST 862 186
HIST 863 96
HIST 864 108
HIST 865 96
HIST 866 99
HIST 867 104
HIST 868 266
HIST 869 89
HIST 870 130
HIST 871 94
HIST 872 88
HIST 873 109
HIST 874 94
HIST 875 114
HIST 876 95
HIST 877 98
HIST 878 96
HIST 879 109
HIST 880 109
HIST 881 99
HIST 882 98
HIST 883 92
HIST 884 109
HIST 885 107
HIST 886 112
HIST 887 91
HIST 888 405
HIST 889 109
HIST 890 99
HIST 891 82
HIST 892 97
HIST 893 126
HIST 894 88
HIST 895 1551
HIST 896 88
HIST 897 94
HIST 898 103
HIST 899 99
HIST 900 91
HIST 901 114
HIST 902 72
HIST 903 88
HIST 904 98
HIST 905 85
HIST 906 105
HIST 907 113
HIST 908 158
HIST 909 155
HIST 910 103
HIST 911 103
HIST 912 99
HIST 913 109
HIST 914 95
HIST 915 96
HIST 916 95
HIST 917 95
HIST 918 110
HIST 919 94
HIST 920 114
HIST 921 144
HIST 922 102
HIST 923 91
HIST 924 119
HIST 925 101
HIST 926 105
HIST 927 95
HIST 928 106
HIST 929 88
HIST 930 97
HIST 931 81
HIST 932 4075
HIST 933 106
HIST 934 103
HIST 935 2159
HIST 936 105
HIST 937 117
HIST 938 94
HIST 939 97
HIST 940 107
HIST 941 109
HIST 942 82
HIST 943 110
HIST 944 83
HIST 945 104
HIST 946 103
HIST 947 121
HIST 948 117
HIST 949 95
HIST 950 111
HIST 951 113
HIST 952 111
HIST 953 99
HIST 954 102
HIST 955 106
HIST 956 102
HIST 957 120
HIST 958 104
HIST 959 116
HIST 960 123
HIST 961 122
HIST 962 110
HIST 963 124
HIST 964 113
HIST 965 110
HIST 966 110
HIST 967 112
HIST 968 97
HIST 969 100
HIST 970 94
HIST 971 102
HIST 972 119
HIST 973 100
HIST 974 116
HIST 975 110
HIST 976 85
HIST 977 101
HIST 978 130
HIST 979 125
HIST 980 90
HIST 981 118
HIST 982 112
HIST 983 103
HIST 984 106
HIST 985 106
HIST 986 114
HIST 987 107
HIST 988 115
HIST 989 103
HIST 990 122
HIST 991 96
HIST 992 95
HIST 993 114
HIST 994 130
HIST 995 110
HIST 996 145
HIST 997 120
HIST 998 133
HIST 999 144
HIST 1000 129
HIST 1001 99
HIST 1002 130
HIST 1003 119
HIST 1004 128
HIST 1005 129
HIST 1006 129
HIST 1007 117
HIST 1008 112
HIST 1009 120
HIST 1010 128
HIST 1011 133
HIST 1012 118
HIST 1013 113
HIST 1014 132
HIST 1015 129
HIST 1016 113
HIST 1017 143
HIST 1018 102
HIST 1019 120
HIST 1020 115
HIST 1021 100
HIST 1022 145
HIST 1023 143
HIST 1024 117
HIST 1025 139
HIST 1026 140
HIST 1027 132
HIST 1028 119
HIST 1029 114
HIST 1030 116
HIST 1031 129
HIST 1032 126
HIST 1033 157
HIST 1034 128
HIST 1035 132
HIST 1036 127
HIST 1037 150
HIST 1038 129
HIST 1039 140
HIST 1040 125
HIST 1041 115
HIST 1042 137
HIST 1043 116
HIST 1044 145
HIST 1045 132
HIST 1046 148
HIST 1047 152
HIST 1048 113
HIST 1049 146
HIST 1050 154
HIST 1051 151
HIST 1052 134
HIST 1053 129
HIST 1054 128
HIST 1055 139
HIST 1056 165
HIST 1057 163
HIST 1058 141
HIST 1059 150
HIST 1060 146
HIST 1061 154
HIST 1062 131
HIST 1063 143
HIST 1064 131
HIST 1065 142
HIST 1066 138
HIST 1067 137
HIST 1068 151
HIST 1069 147
HIST 1070 126
HIST 1071 158
HIST 1072 132
HIST 1073 133
HIST 1074 147
HIST 1075 151
HIST 1076 155
HIST 1077 147
HIST 1078 141
HIST 1079 162
HIST 1080 129
HIST 1081 180
HIST 1082 151
HIST 1083 138
HIST 1084 160
HIST 1085 165
HIST 1086 146
HIST 1087 161
HIST 1088 161
HIST 1089 172
HIST 1090 144
HIST 1091 169
HIST 1092 152
HIST 1093 171
HIST 1094 136
HIST 1095 172
HIST 1096 163
HIST 1097 142
HIST 1098 139
HIST 1099 152
HIST 1100 166
HIST 1101 151
HIST 1102 156
HIST 1103 138
HIST 1104 171
HIST 1105 156
HIST 1106 156
HIST 1107 173
HIST 1108 167
HIST 1109 154
HIST 1110 158
HIST 1111 160
HIST 1112 148
HIST 1113 165
HIST 1114 173
HIST 1115 149
HIST 1116 162
HIST 1117 147
HIST 1118 198
HIST 1119 151
HIST 1120 148
HIST 1121 172
HIST 1122 177
HIST 1123 166
HIST 1124 156
HIST 1125 165
HIST 1126 157
HIST 1127 157
HIST 1128 146
HIST 1129 153
HIST 1130 174
HIST 1131 168
HIST 1132 202
HIST 1133 156
HIST 1134 149
HIST 1135 185
HIST 1136 172
HIST 1137 170
HIST 1138 201
HIST 1139 156
HIST 1140 148
HIST 1141 162
HIST 1142 166
HIST 1143 171
HIST 1144 170
HIST 1145 196
HIST 1146 152
HIST 1147 179
HIST 1148 151
HIST 1149 168
HIST 1150 180
HIST 1151 151
HIST 1152 162
HIST 1153 178
HIST 1154 157
HIST 1155 186
HIST 1156 173
HIST 1157 155
HIST 1158 151
HIST 1159 183
HIST 1160 190
HIST 1161 168
HIST 1162 173
HIST 1163 185
HIST 1164 162
HIST 1165 198
HIST 1166 172
HIST 1167 166
HIST 1168 174
HIST 1169 178
HIST 1170 170
HIST 1171 176
HIST 1172 165
HIST 1173 164
HIST 1174 179
HIST 1175 187
HIST 1176 197
HIST 1177 172
HIST 1178 197
HIST 1179 222
HIST 1180 175
HIST 1181 202
HIST 1182 174
HIST 1183 196
HIST 1184 172
HIST 1185 187
HIST 1186 201
HIST 1187 157
HIST 1188 200
HIST 1189 201
HIST 1190 210
HIST 1191 180
HIST 1192 207
HIST 1193 218
HIST 1194 207
HIST 1195 181
HIST 1196 200
HIST 1197 209
HIST 1198 182
HIST 1199 179
HIST 1200 185
HIST 1201 197
HIST 1202 202
HIST 1203 208
HIST 1204 167
HIST 1205 201
HIST 1206 186
HIST 1207 196
HIST 1208 195
HIST 1209 175
HIST 1210 199
HIST 1211 189
HIST 1212 186
HIST 1213 169
HIST 1214 169
HIST 1215 141
HIST 1216 163
HIST 1217 103
HIST 1218 290743
HIST 1219 74
HIST 1220 68
HIST 1221 88
HIST 1222 81
HIST 1223 65
HIST 1224 68
HIST 1225 70
HIST 1226 92
HIST 1227 68
HIST 1228 73
HIST 1229 64
HIST 1230 62
HIST 1231 78
HIST 1232 76
HIST 1233 68
HIST 1234 73
HIST 1235 79
HIST 1236 51
HIST 1237 75
HIST 1238 63
HIST 1239 73
HIST 1240 58
HIST 1241 69
HIST 1242 74
HIST 1243 74
HIST 1244 78
HIST 1245 78
HIST 1246 78
HIST 1247 70
HIST 1248 66
HIST 1249 73
HIST 1250 84
HIST 1251 74
HIST 1252 75
HIST 1253 68
HIST 1254 80
HIST 1255 62
HIST 1256 67
HIST 1257 140
HIST 1258 69
HIST 1259 77
HIST 1260 63
HIST 1261 83
HIST 1262 82
HIST 1263 73
HIST 1264 77
HIST 1265 85
HIST 1266 83
HIST 1267 66
HIST 1268 60
HIST 1269 72
HIST 1270 62
HIST 1271 72
HIST 1272 77
HIST 1273 78
HIST 1274 71
HIST 1275 75
HIST 1276 73
HIST 1277 83
HIST 1278 76
HIST 1279 73
HIST 1280 86
HIST 1281 74
HIST 1282 88
HIST 1283 102
HIST 1284 79
HIST 1285 80
HIST 1286 77
HIST 1287 88
HIST 1288 85
HIST 1289 124
HIST 1290 127
HIST 1291 119
HIST 1292 80
HIST 1293 82
HIST 1294 64
HIST 1295 60
HIST 1296 59
HIST 1297 265
HIST 1298 92
HIST 1299 81
HIST 1300 76
HIST 1301 73
HIST 1302 76
HIST 1303 77
HIST 1304 71
HIST 1305 70
HIST 1306 78
HIST 1307 67
HIST 1308 75
HIST 1309 82
HIST 1310 68
HIST 1311 65
HIST 1312 79
HIST 1313 77
HIST 1314 73
HIST 1315 83
HIST 1316 76
HIST 1317 60
HIST 1318 81
HIST 1319 63
HIST 1320 60
HIST 1321 81
HIST 1322 69
HIST 1323 72
HIST 1324 73
HIST 1325 79
HIST 1326 86
HIST 1327 463
HIST 1328 79
HIST 1329 73
HIST 1330 295
HIST 1331 68
HIST 1332 75
HIST 1333 694
HIST 1334 66
HIST 1335 66
HIST 1336 400
HIST 1337 70
HIST 1338 59
HIST 1339 74
HIST 1340 78
HIST 1341 87
HIST 1342 68
HIST 1343 82
HIST 1344 60
HIST 1345 79
HIST 1346 72
HIST 1347 77
HIST 1348 83
HIST 1349 69
HIST 1350 103
HIST 1351 78
HIST 1352 63
HIST 1353 85
HIST 1354 68
HIST 1355 65
HIST 1356 83
HIST 1357 72
HIST 1358 73
HIST 1359 62
HIST 1360 75
HIST 1361 76
HIST 1362 67
HIST 1363 68
HIST 1364 70
HIST 1365 73
HIST 1366 71
HIST 1367 68
HIST 1368 71
HIST 1369 81
HIST 1370 68
HIST 1371 83
HIST 1372 79
HIST 1373 74
HIST 1374 62
HIST 1375 80
HIST 1376 65
HIST 1377 69
HIST 1378 57
HIST 1379 77
HIST 1380 80
HIST 1381 67
HIST 1382 74
HIST 1383 87
HIST 1384 68
HIST 1385 134
HIST 1386 184
HIST 1387 70
HIST 1388 106
HIST 1389 137
HIST 1390 75
HIST 1391 84
HIST 1392 70
HIST 1393 60
HIST 1394 70
HIST 1395 77
HIST 1396 63
HIST 1397 68
HIST 1398 132
HIST 1399 75
HIST 1400 88
HIST 1401 102
HIST 1402 75
HIST 1403 69
HIST 1404 69
HIST 1405 74
HIST 1406 55
HIST 1407 75
HIST 1408 79
HIST 1409 75
HIST 1410 83
HIST 1411 67
HIST 1412 78
HIST 1413 72
HIST 1414 80
HIST 1415 72
HIST 1416 72
HIST 1417 77
HIST 1418 60
HIST 1419 67
HIST 1420 75
HIST 1421 71
HIST 1422 70
HIST 1423 75
HIST 1424 74
HIST 1425 61
HIST 1426 71
HIST 1427 79
HIST 1428 74
HIST 1429 70
HIST 1430 66
HIST 1431 74
HIST 1432 63
HIST 1433 64
HIST 1434 86
HIST 1435 88
HIST 1436 81
HIST 1437 73
HIST 1438 75
HIST 1439 69
HIST 1440 70
HIST 1441 64
HIST 1442 58
HIST 1443 77
HIST 1444 73
HIST 1445 86
HIST 1446 64
HIST 1447 73
HIST 1448 64
HIST 1449 81
HIST 1450 62
HIST 1451 64
HIST 1452 75
HIST 1453 77
HIST 1454 78
HIST 1455 72
HIST 1456 74
HIST 1457 61
HIST 1458 68
HIST 1459 63
HIST 1460 89
HIST 1461 81
HIST 1462 79
HIST 1463 73
HIST 1464 74
HIST 1465 76
HIST 1466 79
HIST 1467 72
HIST 1468 83
HIST 1469 84
HIST 1470 84
HIST 1471 74
HIST 1472 76
HIST 1473 70
HIST 1474 92
HIST 1475 92
HIST 1476 76
HIST 1477 83
HIST 1478 78
HIST 1479 80
HIST 1480 296
HIST 1481 97
HIST 1482 75
HIST 1483 90
HIST 1484 100
HIST 1485 64
HIST 1486 73
HIST 1487 65
HIST 1488 68
HIST 1489 77
HIST 1490 65
HIST 1491 76
HIST 1492 71
HIST 1493 106
HIST 1494 91
HIST 1495 72
HIST 1496 68
HIST 1497 87
HIST 1498 80
HIST 1499 67
HIST 1500 89
HIST 1501 92
HIST 1502 84
HIST 1503 86
HIST 1504 83
HIST 1505 76
HIST 1506 87
HIST 1507 71
HIST 1508 72
HIST 1509 96
HIST 1510 81
HIST 1511 77
HIST 1512 75
HIST 1513 82
HIST 1514 66
HIST 1515 73
HIST 1516 68
HIST 1517 88
HIST 1518 66
HIST 1519 71
HIST 1520 102
HIST 1521 68
HIST 1522 82
HIST 1523 94
HIST 1524 89
HIST 1525 72
HIST 1526 79
HIST 1527 68
HIST 1528 101
HIST 1529 76
HIST 1530 78
HIST 1531 76
HIST 1532 66
HIST 1533 80
HIST 1534 87
HIST 1535 73
HIST 1536 87
HIST 1537 61
HIST 1538 74
HIST 1539 77
HIST 1540 81
HIST 1541 80
HIST 1542 83
HIST 1543 75
HIST 1544 92
HIST 1545 66
HIST 1546 78
HIST 1547 84
HIST 1548 92
HIST 1549 87
HIST 1550 64
HIST 1551 81
HIST 1552 60
HIST 1553 89
HIST 1554 81
HIST 1555 88
HIST 1556 81
HIST 1557 66
HIST 1558 74
HIST 1559 80
HIST 1560 70
HIST 1561 77
HIST 1562 84
HIST 1563 80
HIST 1564 85
HIST 1565 83
HIST 1566 75
HIST 1567 76
HIST 1568 87
HIST 1569 101
HIST 1570 83
HIST 1571 68
HIST 1572 82
HIST 1573 89
HIST 1574 102
HIST 1575 73
HIST 1576 81
HIST 1577 79
HIST 1578 79
HIST 1579 63
HIST 1580 89
HIST 1581 87
HIST 1582 87
HIST 1583 97
HIST 1584 82
HIST 1585 77
HIST 1586 78
HIST 1587 103
HIST 1588 78
HIST 1589 103
HIST 1590 88
HIST 1591 106
HIST 1592 87
HIST 1593 94
HIST 1594 88
HIST 1595 98
HIST 1596 105
HIST 1597 85
HIST 1598 93
HIST 1599 101
HIST 1600 104
HIST 1601 106
HIST 1602 102
HIST 1603 107
HIST 1604 99
HIST 1605 95
HIST 1606 89
HIST 1607 104
HIST 1608 106
HIST 1609 119
HIST 1610 101
HIST 1611 89
HIST 1612 106
HIST 1613 2732
HIST 1614 87
HIST 1615 70
HIST 1616 97
HIST 1617 91
HIST 1618 92
HIST 1619 4535
HIST 1620 377
HIST 1621 60
HIST 1622 86
HIST 1623 84
HIST 1624 77
HIST 1625 92
HIST 1626 79
HIST 1627 81
HIST 1628 72
HIST 1629 71
HIST 1630 71
HIST 1631 80
HIST 1632 94
HIST 1633 81
HIST 1634 87
HIST 1635 83
HIST 1636 65
HIST 1637 61
HIST 1638 72
HIST 1639 71
HIST 1640 83
HIST 1641 62
HIST 1642 81
HIST 1643 75
HIST 1644 84
HIST 1645 69
HIST 1646 84
HIST 1647 92
HIST 1648 92
HIST 1649 73
HIST 1650 91
HIST 1651 83
HIST 1652 70
HIST 1653 67
HIST 1654 85
HIST 1655 87
HIST 1656 85
HIST 1657 81
HIST 1658 83
HIST 1659 88
HIST 1660 82
HIST 1661 85
HIST 1662 85
HIST 1663 100
HIST 1664 84
HIST 1665 99
HIST 1666 87
HIST 1667 93
HIST 1668 90
HIST 1669 77
HIST 1670 87
HIST 1671 598
HIST 1672 444
HIST 1673 769
HIST 1674 85
HIST 1675 84
HIST 1676 93
HIST 1677 90
HIST 1678 78
HIST 1679 76
HIST 1680 72
HIST 1681 64
HIST 1682 82
HIST 1683 82
HIST 1684 411
HIST 1685 90
HIST 1686 149
HIST 1687 74
HIST 1688 76
HIST 1689 67
HIST 1690 89
HIST 1691 83
HIST 1692 77
HIST 1693 63
HIST 1694 70
HIST 1695 78
HIST 1696 80
HIST 1697 74
HIST 1698 74
HIST 1699 60
HIST 1700 86
HIST 1701 81
HIST 1702 77
HIST 1703 74
HIST 1704 82
HIST 1705 88
HIST 1706 75
HIST 1707 82
HIST 1708 86
HIST 1709 86
HIST 1710 73
HIST 1711 77
HIST 1712 81
HIST 1713 82
HIST 1714 76
HIST 1715 82
HIST 1716 80
HIST 1717 82
HIST 1718 86
HIST 1719 85
HIST 1720 62
HIST 1721 71
HIST 1722 63
HIST 1723 85
HIST 1724 78
HIST 1725 67
HIST 1726 87
HIST 1727 73
HIST 1728 63
HIST 1729 80
HIST 1730 82
HIST 1731 81
HIST 1732 78
HIST 1733 92
HIST 1734 72
HIST 1735 82
HIST 1736 78
HIST 1737 81
HIST 1738 87
HIST 1739 80
HIST 1740 66
HIST 1741 77
HIST 1742 97
HIST 1743 81
HIST 1744 80
HIST 1745 94
HIST 1746 92
HIST 1747 77
HIST 1748 90
HIST 1749 80
HIST 1750 75
HIST 1751 90
HIST 1752 72
HIST 1753 77
HIST 1754 89
HIST 1755 69
HIST 1756 72
HIST 1757 96
HIST 1758 58
HIST 1759 80
HIST 1760 68
HIST 1761 91
HIST 1762 67
HIST 1763 73
HIST 1764 81
HIST 1765 72
HIST 1766 85
HIST 1767 76
HIST 1768 92
HIST 1769 78
HIST 1770 77
HIST 1771 90
HIST 1772 68
HIST 1773 80
HIST 1774 78
HIST 1775 81
HIST 1776 79
HIST 1777 84
HIST 1778 78
HIST 1779 76
HIST 1780 86
HIST 1781 80
HIST 1782 86
HIST 1783 79
HIST 1784 77
HIST 1785 86
HIST 1786 70
HIST 1787 88
HIST 1788 91
HIST 1789 68
HIST 1790 66
HIST 1791 92
HIST 1792 95
HIST 1793 88
HIST 1794 95
HIST 1795 81
HIST 1796 80
HIST 1797 97
HIST 1798 99
HIST 1799 84
HIST 1800 92
HIST 1801 73
HIST 1802 77
HIST 1803 76
HIST 1804 86
HIST 1805 82
HIST 1806 77
HIST 1807 84
HIST 1808 75
HIST 1809 75
HIST 1810 83
HIST 1811 86
HIST 1812 87
HIST 1813 98
HIST 1814 83
HIST 1815 85
HIST 1816 78
HIST 1817 88
HIST 1818 80
HIST 1819 82
HIST 1820 78
HIST 1821 88
HIST 1822 91
HIST 1823 92
HIST 1824 65
HIST 1825 91
HIST 1826 75
HIST 1827 80
HIST 1828 85
HIST 1829 75
HIST 1830 86
HIST 1831 81
HIST 1832 91
HIST 1833 96
HIST 1834 95
HIST 1835 88
HIST 1836 69
HIST 1837 89
HIST 1838 71
HIST 1839 83
HIST 1840 71
HIST 1841 89
HIST 1842 86
HIST 1843 85
HIST 1844 83
HIST 1845 71
HIST 1846 92
HIST 1847 98
HIST 1848 85
HIST 1849 83
HIST 1850 92
HIST 1851 80
HIST 1852 107
HIST 1853 82
HIST 1854 100
HIST 1855 85
HIST 1856 88
HIST 1857 91
HIST 1858 90
HIST 1859 79
HIST 1860 86
HIST 1861 96
HIST 1862 92
HIST 1863 74
HIST 1864 94
HIST 1865 80
HIST 1866 86
HIST 1867 101
HIST 1868 86
HIST 1869 84
HIST 1870 82
HIST 1871 84
HIST 1872 80
HIST 1873 88
HIST 1874 86
HIST 1875 89
HIST 1876 86
HIST 1877 82
HIST 1878 79
HIST 1879 94
HIST 1880 82
HIST 1881 109
HIST 1882 98
HIST 1883 72
HIST 1884 96
HIST 1885 93
HIST 1886 87
HIST 1887 83
HIST 1888 81
HIST 1889 96
HIST 1890 94
HIST 1891 93
HIST 1892 86
HIST 1893 81
HIST 1894 101
HIST 1895 73
HIST 1896 82
HIST 1897 98
HIST 1898 75
HIST 1899 72
HIST 1900 83
HIST 1901 94
HIST 1902 81
HIST 1903 101
HIST 1904 78
HIST 1905 78
HIST 1906 96
HIST 1907 86
HIST 1908 72
HIST 1909 92
HIST 1910 84
HIST 1911 88
HIST 1912 79
HIST 1913 91
HIST 1914 90
HIST 1915 90
HIST 1916 84
HIST 1917 74
HIST 1918 72
HIST 1919 86
HIST 1920 81
HIST 1921 75
HIST 1922 82
HIST 1923 79
HIST 1924 84
HIST 1925 87
HIST 1926 136
HIST 1927 81
HIST 1928 81
HIST 1929 63
HIST 1930 91
HIST 1931 90
HIST 1932 76
HIST 1933 82
HIST 1934 83
HIST 1935 75
HIST 1936 87
HIST 1937 76
HIST 1938 87
HIST 1939 95
HIST 1940 100
HIST 1941 92
HIST 1942 76
HIST 1943 84
HIST 1944 87
HIST 1945 69
HIST 1946 98
HIST 1947 92
HIST 1948 76
HIST 1949 88
HIST 1950 95
HIST 1951 85
HIST 1952 95
HIST 1953 97
HIST 1954 83
HIST 1955 97
HIST 1956 80
HIST 1957 76
HIST 1958 87
HIST 1959 94
HIST 1960 72
HIST 1961 91
HIST 1962 100
HIST 1963 65
HIST 1964 75
HIST 1965 85
HIST 1966 90
HIST 1967 76
HIST 1968 98
HIST 1969 77
HIST 1970 80
HIST 1971 76
HIST 1972 92
HIST 1973 73
HIST 1974 91
HIST 1975 78
HIST 1976 71
HIST 1977 63
HIST 1978 79
HIST 1979 75
HIST 1980 80
HIST 1981 72
HIST 1982 69
HIST 1983 78
HIST 1984 87
HIST 1985 75
HIST 1986 86
HIST 1987 77
HIST 1988 82
HIST 1989 82
HIST 1990 77
HIST 1991 72
HIST 1992 63
HIST 1993 75
HIST 1994 67
HIST 1995 61
HIST 1996 78
HIST 1997 77
HIST 1998 68
HIST 1999 76
HIST 2000 60
HIST 2001 58
HIST 2002 69
HIST 2003 66
HIST 2004 77
HIST 2005 67
HIST 2006 66
HIST 2007 64
HIST 2008 80
HIST 2009 76
HIST 2010 77
HIST 2011 75
HIST 2012 68
HIST 2013 73
HIST 2014 78
HIST 2015 73
HIST 2016 78
HIST 2017 66
HIST 2018 91
HIST 2019 77
HIST 2020 74
HIST 2021 74
HIST 2022 58
HIST 2023 76
HIST 2024 83
HIST 2025 72
HIST 2026 83
HIST 2027 82
HIST 2028 68
HIST 2029 82
HIST 2030 73
HIST 2031 52
HIST 2032 67
HIST 2033 83
HIST 2034 79
HIST 2035 73
HIST 2036 67
HIST 2037 70
HIST 2038 73
HIST 2039 59
HIST 2040 69
HIST 2041 72
HIST 2042 69
HIST 2043 50
HIST 2044 74
HIST 2045 88
HIST 2046 71
HIST 2047 73
HIST 2048 85
HIST 2049 64
HIST 2050 69
HIST 2051 61
HIST 2052 71
HIST 2053 71
HIST 2054 86
HIST 2055 66
HIST 2056 68
HIST 2057 90
HIST 2058 55
HIST 2059 84
HIST 2060 75
HIST 2061 71
HIST 2062 79
HIST 2063 61
HIST 2064 62
HIST 2065 44
HIST 2066 64
HIST 2067 75
HIST 2068 73
HIST 2069 86
HIST 2070 75
HIST 2071 84
HIST 2072 83
HIST 2073 76
HIST 2074 68
HIST 2075 56
HIST 2076 62
HIST 2077 131
HIST 2078 69
HIST 2079 72
HIST 2080 68
HIST 2081 72
HIST 2082 56
HIST 2083 53
HIST 2084 75
HIST 2085 75
HIST 2086 69
HIST 2087 69
HIST 2088 73
HIST 2089 70
HIST 2090 77
HIST 2091 65
HIST 2092 96
HIST 2093 70
HIST 2094 75
HIST 2095 93
HIST 2096 66
HIST 2097 86
HIST 2098 73
HIST 2099 100
HIST 2100 75
HIST 2101 73
HIST 2102 61
HIST 2103 57
HIST 2104 64
HIST 2105 70
HIST 2106 58
HIST 2107 61
HIST 2108 82
HIST 2109 107
HIST 2110 76
HIST 2111 87
HIST 2112 68
HIST 2113 71
HIST 2114 68
HIST 2115 78
HIST 2116 64
HIST 2117 79
HIST 2118 77
HIST 2119 73
HIST 2120 65
HIST 2121 90
HIST 2122 68
HIST 2123 63
HIST 2124 136
HIST 2125 256
HIST 2126 77
HIST 2127 66
HIST 2128 56
HIST 2129 78
HIST 2130 65
HIST 2131 71
HIST 2132 84
HIST 2133 80
HIST 2134 54
HIST 2135 69
HIST 2136 77
HIST 2137 68
HIST 2138 64
HIST 2139 71
HIST 2140 74
HIST 2141 71
HIST 2142 62
HIST 2143 65
HIST 2144 70
HIST 2145 84
HIST 2146 82
HIST 2147 90
HIST 2148 76
HIST 2149 74
HIST 2150 64
HIST 2151 69
HIST 2152 74
HIST 2153 66
HIST 2154 65
HIST 2155 61
HIST 2156 62
HIST 2157 75
HIST 2158 55
HIST 2159 69
HIST 2160 76
HIST 2161 285
HIST 2162 69
HIST 2163 68
HIST 2164 178
HIST 2165 59
HIST 2166 72
HIST 2167 74
HIST 2168 68
HIST 2169 74
HIST 2170 52
HIST 2171 61
HIST 2172 55
HIST 2173 68
HIST 2174 60
HIST 2175 74
HIST 2176 71
HIST 2177 87
HIST 2178 87
HIST 2179 76
HIST 2180 64
HIST 2181 53
HIST 2182 86
HIST 2183 49
HIST 2184 61
HIST 2185 60
HIST 2186 58
HIST 2187 65
HIST 2188 66
HIST 2189 79
HIST 2190 60
HIST 2191 60
HIST 2192 86
HIST 2193 74
HIST 2194 66
HIST 2195 71
HIST 2196 61
HIST 2197 61
HIST 2198 70
HIST 2199 60
HIST 2200 78
HIST 2201 95
HIST 2202 80
HIST 2203 68
HIST 2204 66
HIST 2205 67
HIST 2206 92
HIST 2207 68
HIST 2208 86
HIST 2209 62
HIST 2210 65
HIST 2211 65
HIST 2212 76
HIST 2213 81
HIST 2214 57
HIST 2215 88
HIST 2216 58
HIST 2217 76
HIST 2218 70
HIST 2219 67
HIST 2220 69
HIST 2221 63
HIST 2222 71
HIST 2223 73
HIST 2224 83
HIST 2225 62
HIST 2226 70
HIST 2227 62
HIST 2228 78
HIST 2229 70
HIST 2230 66
HIST 2231 64
HIST 2232 70
HIST 2233 68
HIST 2234 69
HIST 2235 59
HIST 2236 61
HIST 2237 75
HIST 2238 68
HIST 2239 73
HIST 2240 56
HIST 2241 57
HIST 2242 52
HIST 2243 59
HIST 2244 64
HIST 2245 82
HIST 2246 74
HIST 2247 76
HIST 2248 72
HIST 2249 74
HIST 2250 69
HIST 2251 76
HIST 2252 72
HIST 2253 54
HIST 2254 72
HIST 2255 59
HIST 2256 65
HIST 2257 74
HIST 2258 85
HIST 2259 61
HIST 2260 74
HIST 2261 68
HIST 2262 74
HIST 2263 61
HIST 2264 84
HIST 2265 59
HIST 2266 65
HIST 2267 60
HIST 2268 62
HIST 2269 63
HIST 2270 65
HIST 2271 73
HIST 2272 75
HIST 2273 79
HIST 2274 54
HIST 2275 69
HIST 2276 69
HIST 2277 61
HIST 2278 59
HIST 2279 75
HIST 2280 67
HIST 2281 70
HIST 2282 67
HIST 2283 85
HIST 2284 62
HIST 2285 69
HIST 2286 78
HIST 2287 69
HIST 2288 64
HIST 2289 71
HIST 2290 77
HIST 2291 72
HIST 2292 71
HIST 2293 49
HIST 2294 80
HIST 2295 73
HIST 2296 66
HIST 2297 59
HIST 2298 56
HIST 2299 67
HIST 2300 53
HIST 2301 70
HIST 2302 72
HIST 2303 66
HIST 2304 62
HIST 2305 66
HIST 2306 57
HIST 2307 75
HIST 2308 71
HIST 2309 59
HIST 2310 61
HIST 2311 73
HIST 2312 75
HIST 2313 72
HIST 2314 72
HIST 2315 78
HIST 2316 48
HIST 2317 52
HIST 2318 66
HIST 2319 61
HIST 2320 75
HIST 2321 54
HIST 2322 69
HIST 2323 51
HIST 2324 66
HIST 2325 67
HIST 2326 73
HIST 2327 79
HIST 2328 73
HIST 2329 68
HIST 2330 72
HIST 2331 75
HIST 2332 77
HIST 2333 84
HIST 2334 65
HIST 2335 69
HIST 2336 71
HIST 2337 70
HIST 2338 89
HIST 2339 52
HIST 2340 65
HIST 2341 70
HIST 2342 71
HIST 2343 70
HIST 2344 67
HIST 2345 54
HIST 2346 69
HIST 2347 76
HIST 2348 66
HIST 2349 61
HIST 2350 62
HIST 2351 74
HIST 2352 62
HIST 2353 65
HIST 2354 59
HIST 2355 58
HIST 2356 73
HIST 2357 64
HIST 2358 61
HIST 2359 49
HIST 2360 79
HIST 2361 52
HIST 2362 59
HIST 2363 70
HIST 2364 63
HIST 2365 74
HIST 2366 53
HIST 2367 68
HIST 2368 70
HIST 2369 63
HIST 2370 111
HIST 2371 64
HIST 2372 50
HIST 2373 71
HIST 2374 76
HIST 2375 66
HIST 2376 70
HIST 2377 68
HIST 2378 72
HIST 2379 64
HIST 2380 61
HIST 2381 64
HIST 2382 63
HIST 2383 59
HIST 2384 66
HIST 2385 70
HIST 2386 71
HIST 2387 78
HIST 2388 87
HIST 2389 50
HIST 2390 70
HIST 2391 68
HIST 2392 49
HIST 2393 109
HIST 2394 56
HIST 2395 66
HIST 2396 58
HIST 2397 53
HIST 2398 65
HIST 2399 71
HIST 2400 69
HIST 2401 64
HIST 2402 69
HIST 2403 59
HIST 2404 61
HIST 2405 66
HIST 2406 74
HIST 2407 74
HIST 2408 64
HIST 2409 69
HIST 2410 69
HIST 2411 45
HIST 2412 70
HIST 2413 57
HIST 2414 75
HIST 2415 61
HIST 2416 61
HIST 2417 72
HIST 2418 54
HIST 2419 58
HIST 2420 65
HIST 2421 80
HIST 2422 74
HIST 2423 67
HIST 2424 59
HIST 2425 67
HIST 2426 69
HIST 2427 61
HIST 2428 66
HIST 2429 68
HIST 2430 62
HIST 2431 62
HIST 2432 66
HIST 2433 76
HIST 2434 73
HIST 2435 52
HIST 2436 69
HIST 2437 74
HIST 2438 62
HIST 2439 62
HIST 2440 80
HIST 2441 54
HIST 2442 59
HIST 2443 62
HIST 2444 84
HIST 2445 66
HIST 2446 57
HIST 2447 57300
HIST 2448 67
HIST 2449 64
HIST 2450 53
HIST 2451 54
HIST 2452 60
HIST 2453 76
HIST 2454 65
HIST 2455 62
HIST 2456 68
HIST 2457 57
HIST 2458 71
HIST 2459 65
HIST 2460 63
HIST 2461 71
HIST 2462 66
HIST 2463 67
HIST 2464 64
HIST 2465 62
HIST 2466 62
HIST 2467 63
HIST 2468 78
HIST 2469 62
HIST 2470 63
HIST 2471 61
HIST 2472 56
HIST 2473 65
HIST 2474 44
HIST 2475 55
HIST 2476 53
HIST 2477 66
HIST 2478 65
HIST 2479 87
HIST 2480 61
HIST 2481 70
HIST 2482 60
HIST 2483 61
HIST 2484 60
HIST 2485 57
HIST 2486 52
HIST 2487 62
HIST 2488 68
HIST 2489 71
HIST 2490 61
HIST 2491 66
HIST 2492 65
HIST 2493 59
HIST 2494 71
HIST 2495 62
HIST 2496 60
HIST 2497 62
HIST 2498 64
HIST 2499 66
HIST 2500 47
HIST 2501 47
HIST 2502 55
HIST 2503 61
HIST 2504 54
HIST 2505 69
HIST 2506 48
HIST 2507 61
HIST 2508 65
HIST 2509 66
HIST 2510 60
HIST 2511 57
HIST 2512 62
HIST 2513 41
HIST 2514 52
HIST 2515 60
HIST 2516 46
HIST 2517 513
HIST 2518 75
HIST 2519 75
HIST 2520 80
HIST 2521 67
HIST 2522 57
HIST 2523 56
HIST 2524 66
HIST 2525 69
HIST 2526 113
HIST 2527 69
HIST 2528 68
HIST 2529 65
HIST 2530 73
HIST 2531 49
HIST 2532 62
HIST 2533 55
HIST 2534 66
HIST 2535 58
HIST 2536 51
HIST 2537 81
HIST 2538 62
HIST 2539 55
HIST 2540 56
HIST 2541 59
HIST 2542 51
HIST 2543 64
HIST 2544 60
HIST 2545 51
HIST 2546 54
HIST 2547 53
HIST 2548 68
HIST 2549 60
HIST 2550 55
HIST 2551 53
HIST 2552 62
HIST 2553 63
HIST 2554 48
HIST 2555 59
HIST 2556 141
HIST 2557 55
HIST 2558 57
HIST 2559 119
HIST 2560 48
HIST 2561 65
HIST 2562 61
HIST 2563 213
HIST 2564 66
HIST 2565 39
HIST 2566 146
HIST 2567 40
HIST 2568 51
HIST 2569 51
HIST 2570 50
HIST 2571 75
HIST 2572 70
HIST 2573 53
HIST 2574 74
HIST 2575 68
HIST 2576 65
HIST 2577 59
HIST 2578 56
HIST 2579 79
HIST 2580 60
HIST 2581 71
HIST 2582 52
HIST 2583 57
HIST 2584 55
HIST 2585 69
HIST 2586 51
HIST 2587 60
HIST 2588 64
HIST 2589 47
HIST 2590 61
HIST 2591 51
HIST 2592 61
HIST 2593 58
HIST 2594 74
HIST 2595 60
HIST 2596 46
HIST 2597 53
HIST 2598 55
HIST 2599 68
HIST 2600 53
HIST 2601 60
HIST 2602 52
HIST 2603 56
HIST 2604 74
HIST 2605 62
HIST 2606 54
HIST 2607 47
HIST 2608 57
HIST 2609 64
HIST 2610 70
HIST 2611 50
HIST 2612 71
HIST 2613 67
HIST 2614 88
HIST 2615 69
HIST 2616 78
HIST 2617 58
HIST 2618 57
HIST 2619 78
HIST 2620 64
HIST 2621 40
HIST 2622 56
HIST 2623 61
HIST 2624 51
HIST 2625 66
HIST 2626 69
HIST 2627 64
HIST 2628 41
HIST 2629 68
HIST 2630 66
HIST 2631 58
HIST 2632 75
HIST 2633 41
HIST 2634 54
HIST 2635 64
HIST 2636 65
HIST 2637 77
HIST 2638 40
HIST 2639 59
HIST 2640 64
HIST 2641 66
HIST 2642 58
HIST 2643 50
HIST 2644 44
HIST 2645 63
HIST 2646 58
HIST 2647 56
HIST 2648 73
HIST 2649 53
HIST 2650 62
HIST 2651 60
HIST 2652 67
HIST 2653 52
HIST 2654 63
HIST 2655 66
HIST 2656 49
HIST 2657 53
HIST 2658 53
HIST 2659 66
HIST 2660 69
HIST 2661 65
HIST 2662 50
HIST 2663 59
HIST 2664 60
HIST 2665 56
HIST 2666 52
HIST 2667 55
HIST 2668 50
HIST 2669 53
HIST 2670 62
HIST 2671 52
HIST 2672 60
HIST 2673 60
HIST 2674 52
HIST 2675 60
HIST 2676 72
HIST 2677 63
HIST 2678 60
HIST 2679 68
HIST 2680 61
HIST 2681 49
HIST 2682 71
HIST 2683 63
HIST 2684 54
HIST 2685 66
HIST 2686 47
HIST 2687 51
HIST 2688 69
HIST 2689 60
HIST 2690 51
HIST 2691 45
HIST 2692 58
HIST 2693 61
HIST 2694 54
HIST 2695 69
HIST 2696 59
HIST 2697 45
HIST 2698 116
HIST 2699 59
HIST 2700 66
HIST 2701 64
HIST 2702 52
HIST 2703 50
HIST 2704 51
HIST 2705 52
HIST 2706 68
HIST 2707 49
HIST 2708 61
HIST 2709 51
HIST 2710 59
HIST 2711 620
HIST 2712 62
HIST 2713 62
HIST 2714 51
HIST 2715 66
HIST 2716 60
HIST 2717 65
HIST 2718 54
HIST 2719 64
HIST 2720 64
HIST 2721 54
HIST 2722 59
HIST 2723 73
HIST 2724 84
HIST 2725 53
HIST 2726 60
HIST 2727 59
HIST 2728 67
HIST 2729 62
HIST 2730 52
HIST 2731 56
HIST 2732 64
HIST 2733 63
HIST 2734 73
HIST 2735 50
HIST 2736 75
HIST 2737 61
HIST 2738 59
HIST 2739 61
HIST 2740 61
HIST 2741 52
HIST 2742 60
HIST 2743 54
HIST 2744 48
HIST 2745 57
HIST 2746 66
HIST 2747 50
HIST 2748 53
HIST 2749 49
HIST 2750 45
HIST 2751 57
HIST 2752 59
HIST 2753 68
HIST 2754 291
HIST 2755 66
HIST 2756 67
HIST 2757 66
HIST 2758 55
HIST 2759 58
HIST 2760 67
HIST 2761 60
HIST 2762 55
HIST 2763 56
HIST 2764 64
HIST 2765 51
HIST 2766 58
HIST 2767 63
HIST 2768 58
HIST 2769 60
HIST 2770 60
HIST 2771 67
HIST 2772 56
HIST 2773 73
HIST 2774 53
HIST 2775 69
HIST 2776 62
HIST 2777 54
HIST 2778 47
HIST 2779 61
HIST 2780 57
HIST 2781 64
HIST 2782 50
HIST 2783 51
HIST 2784 66
HIST 2785 57
HIST 2786 65
HIST 2787 61
HIST 2788 72
HIST 2789 60
HIST 2790 66
HIST 2791 54
HIST 2792 55
HIST 2793 51
HIST 2794 61
HIST 2795 63
HIST 2796 42
HIST 2797 64
HIST 2798 78
HIST 2799 58
HIST 2800 56
HIST 2801 70
HIST 2802 74
HIST 2803 64
HIST 2804 62
HIST 2805 54
HIST 2806 42
HIST 2807 55
HIST 2808 67
HIST 2809 51
HIST 2810 60
HIST 2811 79
HIST 2812 56
HIST 2813 57
HIST 2814 61
HIST 2815 52
HIST 2816 54
HIST 2817 58
HIST 2818 67
HIST 2819 51
HIST 2820 59
HIST 2821 75
HIST 2822 62
HIST 2823 69
HIST 2824 64
HIST 2825 61
HIST 2826 55
HIST 2827 69
HIST 2828 59
HIST 2829 53
HIST 2830 66
HIST 2831 66
HIST 2832 58
HIST 2833 40
HIST 2834 47
HIST 2835 62
HIST 2836 69
HIST 2837 67
HIST 2838 50
HIST 2839 47
HIST 2840 57
HIST 2841 52
HIST 2842 58
HIST 2843 770
HIST 2844 65
HIST 2845 55
HIST 2846 51
HIST 2847 74
HIST 2848 54
HIST 2849 1359
HIST 2850 58
HIST 2851 62
HIST 2852 52
HIST 2853 70
HIST 2854 60
HIST 2855 48
HIST 2856 55
HIST 2857 54
HIST 2858 67
HIST 2859 136
HIST 2860 66
HIST 2861 60
HIST 2862 53
HIST 2863 39
HIST 2864 54
HIST 2865 61
HIST 2866 74
HIST 2867 67
HIST 2868 46
HIST 2869 65
HIST 2870 55
HIST 2871 58
HIST 2872 57
HIST 2873 62
HIST 2874 59
HIST 2875 60
HIST 2876 53
HIST 2877 55
HIST 2878 46
HIST 2879 62
HIST 2880 46
HIST 2881 64
HIST 2882 48
HIST 2883 60
HIST 2884 59
HIST 2885 67
HIST 2886 49
HIST 2887 57
HIST 2888 54
HIST 2889 61
HIST 2890 46
HIST 2891 62
HIST 2892 58
HIST 2893 59
HIST 2894 52
HIST 2895 57
HIST 2896 53
HIST 2897 48
HIST 2898 72
HIST 2899 63
HIST 2900 193
HIST 2901 57
HIST 2902 297
HIST 2903 57
HIST 2904 59
HIST 2905 66
HIST 2906 55
HIST 2907 58
HIST 2908 62
HIST 2909 54
HIST 2910 56
HIST 2911 55
HIST 2912 71
HIST 2913 162
HIST 2914 56
HIST 2915 60
HIST 2916 46
HIST 2917 60
HIST 2918 78
HIST 2919 53
HIST 2920 59
HIST 2921 62
HIST 2922 54
HIST 2923 70
HIST 2924 44
HIST 2925 41
HIST 2926 56
HIST 2927 59
HIST 2928 66
HIST 2929 69
HIST 2930 37
HIST 2931 75
HIST 2932 55
HIST 2933 57
HIST 2934 65
HIST 2935 66
HIST 2936 71
HIST 2937 54
HIST 2938 55
HIST 2939 60
HIST 2940 48
HIST 2941 68
HIST 2942 50
HIST 2943 44
HIST 2944 46
HIST 2945 48
HIST 2946 56
HIST 2947 55
HIST 2948 58
HIST 2949 57
HIST 2950 53
HIST 2951 67
HIST 2952 48
HIST 2953 50
HIST 2954 61
HIST 2955 72
HIST 2956 50
HIST 2957 53
HIST 2958 68
HIST 2959 2937
HIST 2960 48
HIST 2961 39
HIST 2962 52
HIST 2963 43
HIST 2964 54
HIST 2965 62
HIST 2966 43
HIST 2967 56
HIST 2968 58
HIST 2969 63
HIST 2970 68
HIST 2971 68
HIST 2972 63
HIST 2973 62
HIST 2974 58
HIST 2975 63
HIST 2976 57
HIST 2977 52
HIST 2978 51
HIST 2979 43
HIST 2980 57
HIST 2981 47
HIST 2982 62
HIST 2983 60
HIST 2984 56
HIST 2985 45
HIST 2986 45
HIST 2987 70
HIST 2988 61
HIST 2989 61
HIST 2990 63
HIST 2991 48
HIST 2992 59
HIST 2993 49
HIST 2994 62
HIST 2995 63
HIST 2996 62
HIST 2997 63
HIST 2998 43
HIST 2999 48
HIST 3000 64
HIST 3001 52
HIST 3002 49
HIST 3003 53
HIST 3004 72
HIST 3005 57
HIST 3006 59
HIST 3007 45
HIST 3008 54
HIST 3009 60
HIST 3010 49
HIST 3011 43
HIST 3012 63
HIST 3013 66
HIST 3014 63
HIST 3015 60
HIST 3016 67
HIST 3017 58
HIST 3018 49
HIST 3019 56
HIST 3020 49
HIST 3021 46
HIST 3022 52
HIST 3023 52
HIST 3024 50
HIST 3025 50
HIST 3026 46
HIST 3027 54
HIST 3028 52
HIST 3029 46
HIST 3030 58
HIST 3031 44
HIST 3032 73
HIST 3033 49
HIST 3034 59
HIST 3035 61
HIST 3036 54
HIST 3037 43
HIST 3038 53
HIST 3039 54
HIST 3040 52
HIST 3041 56
HIST 3042 49
HIST 3043 49
HIST 3044 61
HIST 3045 58
HIST 3046 48
HIST 3047 61
HIST 3048 52
HIST 3049 66
HIST 3050 42
HIST 3051 67
HIST 3052 50
HIST 3053 58
HIST 3054 59
HIST 3055 56
HIST 3056 64
HIST 3057 74
HIST 3058 49
HIST 3059 42
HIST 3060 59
HIST 3061 51
HIST 3062 49
HIST 3063 53
HIST 3064 56
HIST 3065 70
HIST 3066 62
HIST 3067 50
HIST 3068 49
HIST 3069 64
HIST 3070 66
HIST 3071 49
HIST 3072 56
HIST 3073 67
HIST 3074 57
HIST 3075 61
HIST 3076 56
HIST 3077 40
HIST 3078 54
HIST 3079 54
HIST 3080 46
HIST 3081 62
HIST 3082 63
HIST 3083 62
HIST 3084 57
HIST 3085 49
HIST 3086 49
HIST 3087 45
HIST 3088 56
HIST 3089 64
HIST 3090 55
HIST 3091 46
HIST 3092 62
HIST 3093 55
HIST 3094 60
HIST 3095 48
HIST 3096 49
HIST 3097 54
HIST 3098 65
HIST 3099 61
HIST 3100 49
HIST 3101 54
HIST 3102 68
HIST 3103 59
HIST 3104 61
HIST 3105 52
HIST 3106 69
HIST 3107 62
HIST 3108 59
HIST 3109 47
HIST 3110 58
HIST 3111 55
HIST 3112 88
HIST 3113 61
HIST 3114 52
HIST 3115 63
HIST 3116 46
HIST 3117 47
HIST 3118 47
HIST 3119 42
HIST 3120 240
HIST 3121 56
HIST 3122 51
HIST 3123 48
HIST 3124 51
HIST 3125 59
HIST 3126 45
HIST 3127 64
HIST 3128 52
HIST 3129 60
HIST 3130 46
HIST 3131 67
HIST 3132 61
HIST 3133 38
HIST 3134 52
HIST 3135 64
HIST 3136 45
HIST 3137 63
HIST 3138 58
HIST 3139 59
HIST 3140 37
HIST 3141 56
HIST 3142 62
HIST 3143 59
HIST 3144 54
HIST 3145 45
HIST 3146 59
HIST 3147 47
HIST 3148 43
HIST 3149 69
HIST 3150 58
HIST 3151 58
HIST 3152 306
HIST 3153 55
HIST 3154 54
HIST 3155 54
HIST 3156 53
HIST 3157 512
HIST 3158 47
HIST 3159 54
HIST 3160 350
HIST 3161 54
HIST 3162 49
HIST 3163 56
HIST 3164 56
HIST 3165 59
HIST 3166 56
HIST 3167 52
HIST 3168 72
HIST 3169 54
HIST 3170 45
HIST 3171 43
HIST 3172 50
HIST 3173 42
HIST 3174 51
HIST 3175 54
HIST 3176 49
HIST 3177 48
HIST 3178 55
HIST 3179 54
HIST 3180 57
HIST 3181 50
HIST 3182 52
HIST 3183 53
HIST 3184 46
HIST 3185 53
HIST 3186 52
HIST 3187 67
HIST 3188 45
HIST 3189 57
HIST 3190 49
HIST 3191 46
HIST 3192 61
HIST 3193 61
HIST 3194 54
HIST 3195 57
HIST 3196 42
HIST 3197 50
HIST 3198 44
HIST 3199 63
HIST 3200 51
HIST 3201 82
HIST 3202 51
HIST 3203 52
HIST 3204 50
HIST 3205 50
HIST 3206 43
HIST 3207 49
HIST 3208 55
HIST 3209 53
HIST 3210 54
HIST 3211 46
HIST 3212 52
HIST 3213 46
HIST 3214 38
HIST 3215 60
HIST 3216 48
HIST 3217 51
HIST 3218 50
HIST 3219 44
HIST 3220 61
HIST 3221 50
HIST 3222 48
HIST 3223 40
HIST 3224 57
HIST 3225 53
HIST 3226 50
HIST 3227 54
HIST 3228 53
HIST 3229 52
HIST 3230 50
HIST 3231 62
HIST 3232 55
HIST 3233 54
HIST 3234 67
HIST 3235 52
HIST 3236 43
HIST 3237 47
HIST 3238 79
HIST 3239 57
HIST 3240 59
HIST 3241 47
HIST 3242 56
HIST 3243 63
HIST 3244 61
HIST 3245 70
HIST 3246 57
HIST 3247 46
HIST 3248 522
HIST 3249 58
HIST 3250 104
HIST 3251 36
HIST 3252 51
HIST 3253 58
HIST 3254 44
HIST 3255 61
HIST 3256 43
HIST 3257 52
HIST 3258 53
HIST 3259 61
HIST 3260 59
HIST 3261 54
HIST 3262 48
HIST 3263 46
HIST 3264 60
HIST 3265 50
HIST 3266 51
HIST 3267 51
HIST 3268 57
HIST 3269 47
HIST 3270 58
HIST 3271 52
HIST 3272 48
HIST 3273 55
HIST 3274 44
HIST 3275 46
HIST 3276 54
HIST 3277 56
HIST 3278 50
HIST 3279 50
HIST 3280 53
HIST 3281 47
HIST 3282 46
HIST 3283 50
HIST 3284 48
HIST 3285 52
HIST 3286 53
HIST 3287 44
HIST 3288 61
HIST 3289 47
HIST 3290 47
HIST 3291 57
HIST 3292 34
HIST 3293 54
HIST 3294 806
HIST 3295 52
HIST 3296 61
HIST 3297 63
HIST 3298 54
HIST 3299 64
HIST 3300 70
HIST 3301 53
HIST 3302 54
HIST 3303 50
HIST 3304 41
HIST 3305 57
HIST 3306 106
HIST 3307 50
HIST 3308 63
HIST 3309 50
HIST 3310 61
HIST 3311 63
HIST 3312 55
HIST 3313 60
HIST 3314 61
HIST 3315 47
HIST 3316 41
HIST 3317 49
HIST 3318 49
HIST 3319 46
HIST 3320 53
HIST 3321 57
HIST 3322 64
HIST 3323 47
HIST 3324 60
HIST 3325 38
HIST 3326 46
HIST 3327 50
HIST 3328 36
HIST 3329 58
HIST 3330 42
HIST 3331 56
HIST 3332 63
HIST 3333 51
HIST 3334 52
HIST 3335 58
HIST 3336 57
HIST 3337 48
HIST 3338 44
HIST 3339 54
HIST 3340 53
HIST 3341 41
HIST 3342 59
HIST 3343 53
HIST 3344 51
HIST 3345 56
HIST 3346 47
HIST 3347 58
HIST 3348 63
HIST 3349 61
HIST 3350 43
HIST 3351 61
HIST 3352 56
HIST 3353 46
HIST 3354 51
HIST 3355 103
HIST 3356 58
HIST 3357 39
HIST 3358 61
HIST 3359 53
HIST 3360 49
HIST 3361 111
HIST 3362 60
HIST 3363 45
HIST 3364 48
HIST 3365 53
HIST 3366 51
HIST 3367 51
HIST 3368 57
HIST 3369 60
HIST 3370 43
HIST 3371 49
HIST 3372 40
HIST 3373 69
HIST 3374 54
HIST 3375 63
HIST 3376 50
HIST 3377 45
HIST 3378 63
HIST 3379 106
HIST 3380 49
HIST 3381 50
HIST 3382 71
HIST 3383 41
HIST 3384 65
HIST 3385 64
HIST 3386 31
HIST 3387 52
HIST 3388 62
HIST 3389 52
HIST 3390 56
HIST 3391 52
HIST 3392 71
HIST 3393 45
HIST 3394 57
HIST 3395 67
HIST 3396 46
HIST 3397 59
HIST 3398 53
HIST 3399 49
HIST 3400 48
HIST 3401 59
HIST 3402 61
HIST 3403 55
HIST 3404 220
HIST 3405 68
HIST 3406 55
HIST 3407 53
HIST 3408 46
HIST 3409 42
HIST 3410 58
HIST 3411 41
HIST 3412 49
HIST 3413 54
HIST 3414 71
HIST 3415 58
HIST 3416 37
HIST 3417 54
HIST 3418 47
HIST 3419 57
HIST 3420 59
HIST 3421 55
HIST 3422 48
HIST 3423 51
HIST 3424 63
HIST 3425 52
HIST 3426 48
HIST 3427 54
HIST 3428 51
HIST 3429 55
HIST 3430 47
HIST 3431 50
HIST 3432 32
HIST 3433 52
HIST 3434 54
HIST 3435 56
HIST 3436 58
HIST 3437 47
HIST 3438 47
HIST 3439 46
HIST 3440 44
HIST 3441 45
HIST 3442 56
HIST 3443 169101
HIST 3444 51
HIST 3445 42
HIST 3446 38
HIST 3447 53
HIST 3448 50
HIST 3449 38
HIST 3450 40
HIST 3451 52
HIST 3452 46
HIST 3453 43
HIST 3454 43
HIST 3455 39
HIST 3456 106
HIST 3457 38
HIST 3458 40
HIST 3459 32
HIST 3460 42
HIST 3461 47
HIST 3462 38
HIST 3463 40
HIST 3464 30
HIST 3465 35
HIST 3466 48
HIST 3467 54
HIST 3468 41
HIST 3469 47
HIST 3470 50
HIST 3471 52
HIST 3472 43
HIST 3473 38
HIST 3474 36
HIST 3475 43
HIST 3476 44
HIST 3477 41
HIST 3478 47
HIST 3479 36
HIST 3480 39
HIST 3481 43
HIST 3482 50
HIST 3483 46
HIST 3484 43
HIST 3485 49
HIST 3486 44
HIST 3487 46
HIST 3488 49
HIST 3489 43
HIST 3490 54
HIST 3491 52
HIST 3492 48
HIST 3493 36
HIST 3494 41
HIST 3495 47
HIST 3496 50
HIST 3497 47
HIST 3498 66
HIST 3499 38
HIST 3500 42
HIST 3501 40
HIST 3502 51
HIST 3503 44
HIST 3504 40
HIST 3505 49
HIST 3506 38
HIST 3507 42
HIST 3508 61
HIST 3509 53
HIST 3510 36
HIST 3511 49
HIST 3512 41
HIST 3513 35
HIST 3514 42
HIST 3515 42
HIST 3516 35
HIST 3517 90
HIST 3518 41
HIST 3519 56
HIST 3520 43
HIST 3521 43
HIST 3522 46
HIST 3523 36
HIST 3524 55
HIST 3525 35
HIST 3526 39
HIST 3527 36
HIST 3528 45
HIST 3529 49
HIST 3530 45
HIST 3531 61
HIST 3532 38
HIST 3533 42
HIST 3534 41
HIST 3535 37
HIST 3536 41
HIST 3537 43
HIST 3538 46
HIST 3539 49
HIST 3540 51
HIST 3541 44
HIST 3542 50
HIST 3543 43
HIST 3544 43
HIST 3545 35
HIST 3546 52
HIST 3547 42
HIST 3548 46
HIST 3549 45
HIST 3550 34
HIST 3551 47
HIST 3552 39
HIST 3553 35
HIST 3554 44
HIST 3555 46
HIST 3556 48
HIST 3557 44
HIST 3558 38
HIST 3559 45
HIST 3560 36
HIST 3561 38
HIST 3562 45
HIST 3563 40
HIST 3564 33
HIST 3565 58
HIST 3566 42
HIST 3567 46
HIST 3568 49
HIST 3569 51
HIST 3570 30
HIST 3571 77
HIST 3572 37
HIST 3573 48
HIST 3574 42
HIST 3575 32
HIST 3576 42
HIST 3577 44
HIST 3578 33
HIST 3579 41
HIST 3580 47
HIST 3581 50
HIST 3582 45
HIST 3583 36
HIST 3584 42
HIST 3585 50
HIST 3586 47
HIST 3587 52
HIST 3588 43
HIST 3589 33
HIST 3590 39
HIST 3591 51
HIST 3592 33
HIST 3593 40
HIST 3594 45
HIST 3595 43
HIST 3596 41
HIST 3597 40
HIST 3598 33
HIST 3599 36
HIST 3600 45
HIST 3601 44
HIST 3602 57
HIST 3603 38
HIST 3604 41
HIST 3605 30
HIST 3606 38
HIST 3607 35
HIST 3608 33
HIST 3609 55
HIST 3610 47
HIST 3611 36
HIST 3612 47
HIST 3613 40
HIST 3614 44
HIST 3615 45
HIST 3616 36
HIST 3617 45
HIST 3618 39
HIST 3619 47
HIST 3620 43
HIST 3621 43
HIST 3622 48
HIST 3623 46
HIST 3624 42
HIST 3625 41
HIST 3626 37
HIST 3627 49
HIST 3628 50
HIST 3629 36
HIST 3630 39
HIST 3631 41
HIST 3632 48
HIST 3633 40
HIST 3634 38
HIST 3635 41
HIST 3636 39
HIST 3637 33
HIST 3638 35
HIST 3639 38
HIST 3640 49
HIST 3641 43
HIST 3642 48
HIST 3643 50
HIST 3644 42
HIST 3645 40
HIST 3646 36
HIST 3647 38
HIST 3648 43
HIST 3649 45
HIST 3650 50
HIST 3651 49
HIST 3652 52
HIST 3653 38
HIST 3654 46
HIST 3655 45
HIST 3656 43
HIST 3657 38
HIST 3658 47
HIST 3659 33
HIST 3660 44
HIST 3661 42
HIST 3662 43
HIST 3663 34
HIST 3664 36
HIST 3665 1560
HIST 3666 37
HIST 3667 29
HIST 3668 46
HIST 3669 39
HIST 3670 41
HIST 3671 36
HIST 3672 34
HIST 3673 39
HIST 3674 41
HIST 3675 51
HIST 3676 51
HIST 3677 42
HIST 3678 4826
HIST 3679 52
HIST 3680 40
HIST 3681 49
HIST 3682 54
HIST 3683 41
HIST 3684 41
HIST 3685 41
HIST 3686 43
HIST 3687 36
HIST 3688 51
HIST 3689 38
HIST 3690 50
HIST 3691 46
HIST 3692 35
HIST 3693 36
HIST 3694 48
HIST 3695 46
HIST 3696 58
HIST 3697 47
HIST 3698 40
HIST 3699 34
HIST 3700 44
HIST 3701 40
HIST 3702 38
HIST 3703 44
HIST 3704 42
HIST 3705 48
HIST 3706 37
HIST 3707 45
HIST 3708 43
HIST 3709 43
HIST 3710 34
HIST 3711 39
HIST 3712 45
HIST 3713 39
HIST 3714 45
HIST 3715 46
HIST 3716 43
HIST 3717 52
HIST 3718 40
HIST 3719 39
HIST 3720 46
HIST 3721 53
HIST 3722 44
HIST 3723 36
HIST 3724 47
HIST 3725 49
HIST 3726 55
HIST 3727 31
HIST 3728 36
HIST 3729 34
HIST 3730 31
HIST 3731 43
HIST 3732 40
HIST 3733 40
HIST 3734 41
HIST 3735 40
HIST 3736 64
HIST 3737 46
HIST 3738 34
HIST 3739 37
HIST 3740 45
HIST 3741 44
HIST 3742 34
HIST 3743 47
HIST 3744 52
HIST 3745 43
HIST 3746 36
HIST 3747 39
HIST 3748 42
HIST 3749 36
HIST 3750 35
HIST 3751 31
HIST 3752 45
HIST 3753 46
HIST 3754 50
HIST 3755 37
HIST 3756 37
HIST 3757 40
HIST 3758 41
HIST 3759 44
HIST 3760 35
HIST 3761 40
HIST 3762 40
HIST 3763 38
HIST 3764 43
HIST 3765 47
HIST 3766 38
HIST 3767 44
HIST 3768 29
HIST 3769 47
HIST 3770 41
HIST 3771 30
HIST 3772 53
HIST 3773 47
HIST 3774 50
HIST 3775 39
HIST 3776 32
HIST 3777 40
HIST 3778 33
HIST 3779 53
HIST 3780 45
HIST 3781 48
HIST 3782 37
HIST 3783 43
HIST 3784 36
HIST 3785 31
HIST 3786 58
HIST 3787 32
HIST 3788 57
HIST 3789 42
HIST 3790 48
HIST 3791 36
HIST 3792 37
HIST 3793 40
HIST 3794 34
HIST 3795 31
HIST 3796 37
HIST 3797 40
HIST 3798 35
HIST 3799 45
HIST 3800 52
HIST 3801 57
HIST 3802 43
HIST 3803 46
HIST 3804 38
HIST 3805 41
HIST 3806 41
HIST 3807 38
HIST 3808 54
HIST 3809 47
HIST 3810 35
HIST 3811 49
HIST 3812 34
HIST 3813 44
HIST 3814 41
HIST 3815 57
HIST 3816 45
HIST 3817 46
HIST 3818 33
HIST 3819 39
HIST 3820 35
HIST 3821 51
HIST 3822 40
HIST 3823 40
HIST 3824 45
HIST 3825 70
HIST 3826 39
HIST 3827 51
HIST 3828 64
HIST 3829 47
HIST 3830 37
HIST 3831 47
HIST 3832 40
HIST 3833 51
HIST 3834 38
HIST 3835 34
HIST 3836 30
HIST 3837 37
HIST 3838 40
HIST 3839 36
HIST 3840 44
HIST 3841 43
HIST 3842 49
HIST 3843 45
HIST 3844 44
HIST 3845 40
HIST 3846 32
HIST 3847 38
HIST 3848 40
HIST 3849 50
HIST 3850 43
HIST 3851 38
HIST 3852 41
HIST 3853 67
HIST 3854 41
HIST 3855 48
HIST 3856 44
HIST 3857 62
HIST 3858 33
HIST 3859 42
HIST 3860 278
HIST 3861 29
HIST 3862 36
HIST 3863 60
HIST 3864 41
HIST 3865 47
HIST 3866 40
HIST 3867 31
HIST 3868 45
HIST 3869 42
HIST 3870 48
HIST 3871 45
HIST 3872 39
HIST 3873 62
HIST 3874 54
HIST 3875 36
HIST 3876 46
HIST 3877 44
HIST 3878 47
HIST 3879 38
HIST 3880 42
HIST 3881 43
HIST 3882 35
HIST 3883 51
HIST 3884 40
HIST 3885 52
HIST 3886 35
HIST 3887 42
HIST 3888 40
HIST 3889 28
HIST 3890 48
HIST 3891 43
HIST 3892 38
HIST 3893 63
HIST 3894 44
HIST 3895 47
HIST 3896 46
HIST 3897 42
HIST 3898 40
HIST 3899 36
HIST 3900 55
HIST 3901 37
HIST 3902 45
HIST 3903 37
HIST 3904 45
HIST 3905 47
HIST 3906 37
HIST 3907 49
HIST 3908 50
HIST 3909 37
HIST 3910 48
HIST 3911 53
HIST 3912 45
HIST 3913 42
HIST 3914 56
HIST 3915 29
HIST 3916 49
HIST 3917 32
HIST 3918 47
HIST 3919 44
HIST 3920 55
HIST 3921 39
HIST 3922 32
HIST 3923 41
HIST 3924 33
HIST 3925 34
HIST 3926 31
HIST 3927 40
HIST 3928 36
HIST 3929 50
HIST 3930 43
HIST 3931 40
HIST 3932 41
HIST 3933 38
HIST 3934 31
HIST 3935 36
HIST 3936 41
HIST 3937 40
HIST 3938 40
HIST 3939 53
HIST 3940 48
HIST 3941 37
HIST 3942 50
HIST 3943 34
HIST 3944 36
HIST 3945 37
HIST 3946 43
HIST 3947 47
HIST 3948 44
HIST 3949 39
HIST 3950 45
HIST 3951 53
HIST 3952 34
HIST 3953 44
HIST 3954 41
HIST 3955 25
HIST 3956 38
HIST 3957 35
HIST 3958 48
HIST 3959 36
HIST 3960 46
HIST 3961 45
HIST 3962 56
HIST 3963 37
HIST 3964 36
HIST 3965 54
HIST 3966 44
HIST 3967 53
HIST 3968 40
HIST 3969 40
HIST 3970 46
HIST 3971 31
HIST 3972 29
HIST 3973 35
HIST 3974 46
HIST 3975 45
HIST 3976 41
HIST 3977 45
HIST 3978 50
HIST 3979 44
HIST 3980 39
HIST 3981 39
HIST 3982 34
HIST 3983 28
HIST 3984 32
HIST 3985 27
HIST 3986 51
HIST 3987 61
HIST 3988 40
HIST 3989 41
HIST 3990 58
HIST 3991 51
HIST 3992 29
HIST 3993 40
HIST 3994 39
HIST 3995 47
HIST 3996 34
HIST 3997 41
HIST 3998 38
HIST 3999 46
HIST 4000 38
HIST 4001 40
HIST 4002 56
HIST 4003 48
HIST 4004 36
HIST 4005 35
HIST 4006 33
HIST 4007 34
HIST 4008 41
HIST 4009 37
HIST 4010 50
HIST 4011 32
HIST 4012 38
HIST 4013 31
HIST 4014 40
HIST 4015 44
HIST 4016 46
HIST 4017 38
HIST 4018 48
HIST 4019 34
HIST 4020 40
HIST 4021 27
HIST 4022 32
HIST 4023 47
HIST 4024 53
HIST 4025 44
HIST 4026 53
HIST 4027 42
HIST 4028 43
HIST 4029 39
HIST 4030 43
HIST 4031 49
HIST 4032 47
HIST 4033 47
HIST 4034 54
HIST 4035 47
HIST 4036 38
HIST 4037 48
HIST 4038 44
HIST 4039 43
HIST 4040 37
HIST 4041 45
HIST 4042 33
HIST 4043 45
HIST 4044 48
HIST 4045 29
HIST 4046 37
HIST 4047 38
HIST 4048 30
HIST 4049 30
HIST 4050 47
HIST 4051 43
HIST 4052 55
HIST 4053 37
HIST 4054 50
HIST 4055 40
HIST 4056 34
HIST 4057 47
HIST 4058 44
HIST 4059 36
HIST 4060 64
HIST 4061 33
HIST 4062 40
HIST 4063 34
HIST 4064 47
HIST 4065 44
HIST 4066 69
HIST 4067 35
HIST 4068 33
HIST 4069 45
HIST 4070 49
HIST 4071 37
HIST 4072 38
HIST 4073 52
HIST 4074 35
HIST 4075 33
HIST 4076 39
HIST 4077 43
HIST 4078 43
HIST 4079 45
HIST 4080 42
HIST 4081 55
HIST 4082 34
HIST 4083 27
HIST 4084 54
HIST 4085 45
HIST 4086 43
HIST 4087 47
HIST 4088 37
HIST 4089 35
HIST 4090 36
HIST 4091 45
HIST 4092 41
HIST 4093 27
HIST 4094 42
HIST 4095 31
HIST 4096 42
HIST 4097 45
HIST 4098 47
HIST 4099 33
HIST 4100 41
HIST 4101 40
HIST 4102 44
HIST 4103 53
HIST 4104 44
HIST 4105 53
HIST 4106 44
HIST 4107 38
HIST 4108 45
HIST 4109 48
HIST 4110 33
HIST 4111 11612
HIST 4112 44
HIST 4113 37
HIST 4114 39
HIST 4115 32
HIST 4116 45
HIST 4117 54
HIST 4118 35
HIST 4119 43
HIST 4120 25
HIST 4121 40
HIST 4122 55
HIST 4123 32
HIST 4124 47
HIST 4125 40
HIST 4126 36
HIST 4127 53
HIST 4128 37
HIST 4129 40
HIST 4130 41
HIST 4131 48
HIST 4132 40
HIST 4133 52
HIST 4134 39
HIST 4135 51
HIST 4136 44
HIST 4137 31
HIST 4138 33
HIST 4139 42
HIST 4140 41
HIST 4141 46
HIST 4142 35
HIST 4143 41
HIST 4144 36
HIST 4145 48
HIST 4146 31
HIST 4147 31
HIST 4148 48
HIST 4149 41
HIST 4150 45
HIST 4151 51
HIST 4152 30
HIST 4153 36
HIST 4154 62
HIST 4155 40
HIST 4156 40
HIST 4157 67
HIST 4158 34
HIST 4159 53
HIST 4160 588
HIST 4161 39
HIST 4162 31
HIST 4163 38
HIST 4164 36
HIST 4165 47
HIST 4166 49
HIST 4167 46
HIST 4168 38
HIST 4169 27
HIST 4170 55
HIST 4171 32
HIST 4172 36
HIST 4173 50
HIST 4174 40
HIST 4175 43
HIST 4176 30
HIST 4177 116
HIST 4178 43
HIST 4179 31
HIST 4180 41
HIST 4181 41
HIST 4182 39
HIST 4183 57
HIST 4184 39
HIST 4185 45
HIST 4186 51
HIST 4187 29
HIST 4188 36
HIST 4189 45
HIST 4190 43
HIST 4191 32
HIST 4192 46
HIST 4193 45
HIST 4194 36
HIST 4195 35
HIST 4196 32
HIST 4197 43
HIST 4198 39
HIST 4199 41
HIST 4200 31
HIST 4201 36
HIST 4202 51
HIST 4203 41
HIST 4204 39
HIST 4205 50
HIST 4206 34
HIST 4207 43
HIST 4208 37
HIST 4209 39
HIST 4210 38
HIST 4211 54
HIST 4212 43
HIST 4213 53
HIST 4214 41
HIST 4215 42
HIST 4216 37
HIST 4217 29
HIST 4218 45
HIST 4219 40
HIST 4220 45
HIST 4221 45
HIST 4222 39
HIST 4223 38
HIST 4224 47
HIST 4225 42
HIST 4226 31
HIST 4227 38
HIST 4228 41
HIST 4229 31
HIST 4230 40
HIST 4231 45
HIST 4232 42
HIST 4233 42
HIST 4234 49
HIST 4235 45
HIST 4236 43
HIST 4237 34
HIST 4238 35
HIST 4239 48
HIST 4240 36
HIST 4241 38
HIST 4242 35
HIST 4243 34
HIST 4244 35
HIST 4245 38
HIST 4246 46
HIST 4247 44
HIST 4248 43
HIST 4249 32
HIST 4250 35
HIST 4251 46
HIST 4252 43
HIST 4253 46
HIST 4254 37
HIST 4255 35
HIST 4256 50
HIST 4257 28
HIST 4258 30
HIST 4259 34
HIST 4260 42
HIST 4261 50
HIST 4262 54
HIST 4263 44
HIST 4264 49
HIST 4265 43
HIST 4266 44
HIST 4267 36
HIST 4268 42
HIST 4269 41
HIST 4270 40
HIST 4271 42
HIST 4272 50
HIST 4273 42
HIST 4274 38
HIST 4275 30
HIST 4276 31
HIST 4277 40
HIST 4278 44
HIST 4279 37
HIST 4280 35
HIST 4281 42
HIST 4282 39
HIST 4283 36
HIST 4284 49
HIST 4285 38
HIST 4286 41
HIST 4287 44
HIST 4288 41
HIST 4289 33
HIST 4290 38
HIST 4291 37
HIST 4292 37
HIST 4293 34
HIST 4294 40
HIST 4295 27
HIST 4296 47
HIST 4297 34
HIST 4298 27
HIST 4299 49
HIST 4300 41
HIST 4301 38
HIST 4302 35
HIST 4303 42
HIST 4304 36
HIST 4305 40
HIST 4306 38
HIST 4307 44
HIST 4308 27
HIST 4309 36
HIST 4310 33
HIST 4311 43
HIST 4312 41
HIST 4313 37
HIST 4314 52
HIST 4315 50
HIST 4316 53
HIST 4317 42
HIST 4318 49
HIST 4319 23
HIST 4320 54
HIST 4321 40
HIST 4322 37
HIST 4323 26
HIST 4324 32
HIST 4325 36
HIST 4326 42
HIST 4327 37
HIST 4328 38
HIST 4329 33
HIST 4330 40
HIST 4331 40
HIST 4332 34
HIST 4333 41
HIST 4334 46
HIST 4335 44
HIST 4336 40
HIST 4337 35
HIST 4338 45
HIST 4339 42
HIST 4340 43
HIST 4341 47
HIST 4342 45
HIST 4343 49
HIST 4344 36
HIST 4345 46
HIST 4346 45
HIST 4347 37
HIST 4348 38
HIST 4349 33
HIST 4350 38
HIST 4351 37
HIST 4352 32
HIST 4353 40
HIST 4354 37
HIST 4355 36
HIST 4356 34
HIST 4357 33
HIST 4358 40
HIST 4359 43
HIST 4360 39
HIST 4361 35
HIST 4362 54
HIST 4363 53
HIST 4364 37
HIST 4365 33
HIST 4366 41
HIST 4367 41
HIST 4368 41
HIST 4369 42
HIST 4370 39
HIST 4371 41
HIST 4372 42
HIST 4373 43
HIST 4374 36
HIST 4375 40
HIST 4376 31
HIST 4377 51
HIST 4378 33
HIST 4379 35
HIST 4380 45
HIST 4381 34
HIST 4382 37
HIST 4383 36
HIST 4384 41
HIST 4385 28
HIST 4386 32
HIST 4387 32
HIST 4388 40
HIST 4389 37
HIST 4390 31
HIST 4391 29
HIST 4392 38
HIST 4393 43
HIST 4394 35
HIST 4395 39
HIST 4396 47
HIST 4397 43
HIST 4398 31
HIST 4399 42
HIST 4400 47
HIST 4401 39
HIST 4402 39
HIST 4403 50
HIST 4404 39
HIST 4405 33
HIST 4406 32
HIST 4407 39
HIST 4408 40
HIST 4409 43
HIST 4410 58
HIST 4411 40
HIST 4412 38
HIST 4413 48
HIST 4414 44
HIST 4415 38
HIST 4416 44
HIST 4417 41
HIST 4418 31
HIST 4419 37
HIST 4420 45
HIST 4421 45
HIST 4422 43
HIST 4423 42
HIST 4424 38
HIST 4425 43
HIST 4426 35
HIST 4427 34
HIST 4428 45
HIST 4429 38
HIST 4430 44
HIST 4431 35
HIST 4432 53
HIST 4433 41
HIST 4434 51
HIST 4435 28
HIST 4436 43
HIST 4437 38
HIST 4438 40
HIST 4439 34
HIST 4440 14337
HIST 4441 41
HIST 4442 39
HIST 4443 43
HIST 4444 48
HIST 4445 30
HIST 4446 30
HIST 4447 35
HIST 4448 44
HIST 4449 53
HIST 4450 34
HIST 4451 43
HIST 4452 35
HIST 4453 47
HIST 4454 38
HIST 4455 39
HIST 4456 37
HIST 4457 44
HIST 4458 38
HIST 4459 41
HIST 4460 28
HIST 4461 43
HIST 4462 44
HIST 4463 35
HIST 4464 28
HIST 4465 42
HIST 4466 30
HIST 4467 50
HIST 4468 45
HIST 4469 32
HIST 4470 30
HIST 4471 38
HIST 4472 37
HIST 4473 23
HIST 4474 38
HIST 4475 47
HIST 4476 40
HIST 4477 35
HIST 4478 50
HIST 4479 40
HIST 4480 52
HIST 4481 34
HIST 4482 30
HIST 4483 47
HIST 4484 33
HIST 4485 32
HIST 4486 27
HIST 4487 37
HIST 4488 40
HIST 4489 45
HIST 4490 38
HIST 4491 34
HIST 4492 47
HIST 4493 32
HIST 4494 39
HIST 4495 40
HIST 4496 38
HIST 4497 40
HIST 4498 40
HIST 4499 49
HIST 4500 31
HIST 4501 34
HIST 4502 33
HIST 4503 37
HIST 4504 36
HIST 4505 38
HIST 4506 41
HIST 4507 40
HIST 4508 30
HIST 4509 38
HIST 4510 39
HIST 4511 49
HIST 4512 44
HIST 4513 43
HIST 4514 49
HIST 4515 30
HIST 4516 45
HIST 4517 38
HIST 4518 38
HIST 4519 34
HIST 4520 45
HIST 4521 40
HIST 4522 34
HIST 4523 33
HIST 4524 48
HIST 4525 42
HIST 4526 42
HIST 4527 38
HIST 4528 38
HIST 4529 28
HIST 4530 32
HIST 4531 41
HIST 4532 41
HIST 4533 41
HIST 4534 39
HIST 4535 35
HIST 4536 30
HIST 4537 38
HIST 4538 47
HIST 4539 43
HIST 4540 55
HIST 4541 43
HIST 4542 56
HIST 4543 42
HIST 4544 48
HIST 4545 31
HIST 4546 36
HIST 4547 40
HIST 4548 42
HIST 4549 53
HIST 4550 44
HIST 4551 31
HIST 4552 40
HIST 4553 43
HIST 4554 41
HIST 4555 78
HIST 4556 48
HIST 4557 41
HIST 4558 53
HIST 4559 43
HIST 4560 33
HIST 4561 47
HIST 4562 39
HIST 4563 31
HIST 4564 50
HIST 4565 32
HIST 4566 45
HIST 4567 37
HIST 4568 41
HIST 4569 37
HIST 4570 29
HIST 4571 45
HIST 4572 46
HIST 4573 42
HIST 4574 30
HIST 4575 46
HIST 4576 30
HIST 4577 40
HIST 4578 37
HIST 4579 41
HIST 4580 38
HIST 4581 35
HIST 4582 29
HIST 4583 50
HIST 4584 39
HIST 4585 32
HIST 4586 49
HIST 4587 53
HIST 4588 35
HIST 4589 42
HIST 4590 40
HIST 4591 40
HIST 4592 35
HIST 4593 47
HIST 4594 37
HIST 4595 40
HIST 4596 39
HIST 4597 39
HIST 4598 31
HIST 4599 46
HIST 4600 39
HIST 4601 38
HIST 4602 32
HIST 4603 34
HIST 4604 36
HIST 4605 35
HIST 4606 36
HIST 4607 44
HIST 4608 54
HIST 4609 49
HIST 4610 32
HIST 4611 30
HIST 4612 38
HIST 4613 34
HIST 4614 48
HIST 4615 40
HIST 4616 44
HIST 4617 31
HIST 4618 31
HIST 4619 41
HIST 4620 42
HIST 4621 48
HIST 4622 50
HIST 4623 37
HIST 4624 51
HIST 4625 40
HIST 4626 29
HIST 4627 40
HIST 4628 33
HIST 4629 48
HIST 4630 46
HIST 4631 39
HIST 4632 48
HIST 4633 42
HIST 4634 37
HIST 4635 47
HIST 4636 48
HIST 4637 39
HIST 4638 35
HIST 4639 40
HIST 4640 38
HIST 4641 37
HIST 4642 41
HIST 4643 31
HIST 4644 41
HIST 4645 21
HIST 4646 31
HIST 4647 40
HIST 4648 46
HIST 4649 44
HIST 4650 32
HIST 4651 35
HIST 4652 31
HIST 4653 39
HIST 4654 47
HIST 4655 43
HIST 4656 48
HIST 4657 47
HIST 4658 42
HIST 4659 50
HIST 4660 52
HIST 4661 45
HIST 4662 40
HIST 4663 58
HIST 4664 36
HIST 4665 26
HIST 4666 40
HIST 4667 33
HIST 4668 33
HIST 4669 30
HIST 4670 37
HIST 4671 39
HIST 4672 39
HIST 4673 38
HIST 4674 41
HIST 4675 41
HIST 4676 40
HIST 4677 42
HIST 4678 48
HIST 4679 35
HIST 4680 31
HIST 4681 35
HIST 4682 33
HIST 4683 45
HIST 4684 48
HIST 4685 27
HIST 4686 43
HIST 4687 37
HIST 4688 43
HIST 4689 32
HIST 4690 39
HIST 4691 36
HIST 4692 44
HIST 4693 42
HIST 4694 41
HIST 4695 41
HIST 4696 43
HIST 4697 36
HIST 4698 33
HIST 4699 40
HIST 4700 43
HIST 4701 39
HIST 4702 41
HIST 4703 42
HIST 4704 44
HIST 4705 43
HIST 4706 45
HIST 4707 46
HIST 4708 30
HIST 4709 34
HIST 4710 37
HIST 4711 34
HIST 4712 43
HIST 4713 39
HIST 4714 47
HIST 4715 48
HIST 4716 42
HIST 4717 34
HIST 4718 40
HIST 4719 33
HIST 4720 30
HIST 4721 32
HIST 4722 34
HIST 4723 40
HIST 4724 43
HIST 4725 38
HIST 4726 41
HIST 4727 35
HIST 4728 38
HIST 4729 35
HIST 4730 37
HIST 4731 31
HIST 4732 37
HIST 4733 43
HIST 4734 37
HIST 4735 54
HIST 4736 44
HIST 4737 36
HIST 4738 39
HIST 4739 50
HIST 4740 41
HIST 4741 29
HIST 4742 43
HIST 4743 44
HIST 4744 39
HIST 4745 48
HIST 4746 40
HIST 4747 30
HIST 4748 34
HIST 4749 33
HIST 4750 40
HIST 4751 44
HIST 4752 40
HIST 4753 37
HIST 4754 45
HIST 4755 43
HIST 4756 36
HIST 4757 48
HIST 4758 48
HIST 4759 42
HIST 4760 41
HIST 4761 35
HIST 4762 43
HIST 4763 31
HIST 4764 59
HIST 4765 37
HIST 4766 40
HIST 4767 43
HIST 4768 49
HIST 4769 49
HIST 4770 36
HIST 4771 32
HIST 4772 28
HIST 4773 35
HIST 4774 30
HIST 4775 36
HIST 4776 39
HIST 4777 47
HIST 4778 39
HIST 4779 31
HIST 4780 38
HIST 4781 44
HIST 4782 46
HIST 4783 33
HIST 4784 38
HIST 4785 27
HIST 4786 32
HIST 4787 45
HIST 4788 41
HIST 4789 31
HIST 4790 40
HIST 4791 41
HIST 4792 35
HIST 4793 41
HIST 4794 32
HIST 4795 49
HIST 4796 42
HIST 4797 46
HIST 4798 42
HIST 4799 43
HIST 4800 38
HIST 4801 42
HIST 4802 43
HIST 4803 38
HIST 4804 46
HIST 4805 32
HIST 4806 38
HIST 4807 41
HIST 4808 45
HIST 4809 51
HIST 4810 32
HIST 4811 41
HIST 4812 28
HIST 4813 38
HIST 4814 41
HIST 4815 49
HIST 4816 36
HIST 4817 41
HIST 4818 43
HIST 4819 37
HIST 4820 36
HIST 4821 39
HIST 4822 42
HIST 4823 165
HIST 4824 57
HIST 4825 46
HIST 4826 35
HIST 4827 21
HIST 4828 38
HIST 4829 36
HIST 4830 44
HIST 4831 39
HIST 4832 52
HIST 4833 32
HIST 4834 39
HIST 4835 198
HIST 4836 44
HIST 4837 43
HIST 4838 37
HIST 4839 34
HIST 4840 38
HIST 4841 327
HIST 4842 33
HIST 4843 37
HIST 4844 41
HIST 4845 51
HIST 4846 50
HIST 4847 30
HIST 4848 54
HIST 4849 37
HIST 4850 38
HIST 4851 36
HIST 4852 35
HIST 4853 41
HIST 4854 47
HIST 4855 47
HIST 4856 32
HIST 4857 48
HIST 4858 31
HIST 4859 36
HIST 4860 47
HIST 4861 46
HIST 4862 35
HIST 4863 32
HIST 4864 36
HIST 4865 43
HIST 4866 33
HIST 4867 51
HIST 4868 43
HIST 4869 40
HIST 4870 38
HIST 4871 38
HIST 4872 43
HIST 4873 50
HIST 4874 47
HIST 4875 42
HIST 4876 40
HIST 4877 38
HIST 4878 34
HIST 4879 29
HIST 4880 51
HIST 4881 47
HIST 4882 43
HIST 4883 43
HIST 4884 45
HIST 4885 41
HIST 4886 43
HIST 4887 1710
HIST 4888 45
HIST 4889 26
HIST 4890 46
HIST 4891 43
HIST 4892 43
HIST 4893 79
HIST 4894 107
HIST 4895 44
HIST 4896 34
HIST 4897 42
HIST 4898 35
HIST 4899 36
HIST 4900 41
HIST 4901 46
HIST 4902 42
HIST 4903 36
HIST 4904 31
HIST 4905 43
HIST 4906 70
HIST 4907 38
HIST 4908 42
HIST 4909 36
HIST 4910 44
HIST 4911 35
HIST 4912 29
HIST 4913 49
HIST 4914 48
HIST 4915 31
HIST 4916 39
HIST 4917 47
HIST 4918 43
HIST 4919 42
HIST 4920 35
HIST 4921 44
HIST 4922 38
HIST 4923 43
HIST 4924 48
HIST 4925 42
HIST 4926 41
HIST 4927 38
HIST 4928 46
HIST 4929 44
HIST 4930 43
HIST 4931 42
HIST 4932 40
HIST 4933 46
HIST 4934 45
HIST 4935 39
HIST 4936 182
HIST 4937 41
HIST 4938 76
HIST 4939 43
HIST 4940 44
HIST 4941 38
HIST 4942 42
HIST 4943 42
HIST 4944 37
HIST 4945 34
HIST 4946 36
HIST 4947 33
HIST 4948 52
HIST 4949 37
HIST 4950 44
HIST 4951 38
HIST 4952 45
HIST 4953 39
HIST 4954 38
HIST 4955 28
HIST 4956 48
HIST 4957 38
HIST 4958 44
HIST 4959 29
HIST 4960 37
HIST 4961 40
HIST 4962 44
HIST 4963 85
HIST 4964 60
HIST 4965 42
HIST 4966 45
HIST 4967 36
HIST 4968 36
HIST 4969 37
HIST 4970 47
HIST 4971 37
HIST 4972 44
HIST 4973 35
HIST 4974 51
HIST 4975 44
HIST 4976 39
HIST 4977 23
HIST 4978 19
HIST 4979 33
HIST 4980 37
HIST 4981 40
HIST 4982 39
HIST 4983 35
HIST 4984 45
HIST 4985 44
HIST 4986 44
HIST 4987 40
HIST 4988 34
HIST 4989 33
HIST 4990 32
HIST 4991 43
HIST 4992 35
HIST 4993 41
HIST 4994 34
HIST 4995 36
HIST 4996 46
HIST 4997 38
HIST 4998 53
HIST 4999 40
HIST 5000 38
HIST 5001 36
HIST 5002 47
HIST 5003 33
HIST 5004 52
HIST 5005 43
HIST 5006 42
HIST 5007 42
HIST 5008 36
HIST 5009 40
HIST 5010 40
HIST 5011 46
HIST 5012 33
HIST 5013 42
HIST 5014 26
HIST 5015 49
HIST 5016 50
HIST 5017 49
HIST 5018 40
HIST 5019 44
HIST 5020 41
HIST 5021 44
HIST 5022 49
HIST 5023 42
HIST 5024 38
HIST 5025 40
HIST 5026 41
HIST 5027 33
HIST 5028 50
HIST 5029 32
HIST 5030 32
HIST 5031 40
HIST 5032 41
HIST 5033 40
HIST 5034 39
HIST 5035 700
HIST 5036 40
HIST 5037 34
HIST 5038 33
HIST 5039 35
HIST 5040 29
HIST 5041 41
HIST 5042 31
HIST 5043 59
HIST 5044 37
HIST 5045 22
HIST 5046 29
HIST 5047 39
HIST 5048 44
HIST 5049 33
HIST 5050 38
HIST 5051 32
HIST 5052 41
HIST 5053 37
HIST 5054 39
HIST 5055 51
HIST 5056 32
HIST 5057 42
HIST 5058 34
HIST 5059 44
HIST 5060 33
HIST 5061 36
HIST 5062 47
HIST 5063 44
HIST 5064 37
HIST 5065 41
HIST 5066 39
HIST 5067 31
HIST 5068 38
HIST 5069 41
HIST 5070 42
HIST 5071 46
HIST 5072 35
HIST 5073 43
HIST 5074 41
HIST 5075 47
HIST 5076 41
HIST 5077 40
HIST 5078 46
HIST 5079 39
HIST 5080 44
HIST 5081 40
HIST 5082 27
HIST 5083 43
HIST 5084 21
HIST 5085 48
HIST 5086 44
HIST 5087 39
HIST 5088 32
HIST 5089 36
HIST 5090 41
HIST 5091 34
HIST 5092 46
HIST 5093 47
HIST 5094 44
HIST 5095 38
HIST 5096 46
HIST 5097 31
HIST 5098 35
HIST 5099 37
HIST 5100 45
HIST 5101 42
HIST 5102 46
HIST 5103 41
HIST 5104 45
HIST 5105 31
HIST 5106 41
HIST 5107 30
HIST 5108 33
HIST 5109 31
HIST 5110 162
HIST 5111 39
HIST 5112 47
HIST 5113 40
HIST 5114 41
HIST 5115 41
HIST 5116 42
HIST 5117 39
HIST 5118 36
HIST 5119 42
HIST 5120 42
HIST 5121 44
HIST 5122 33
HIST 5123 37
HIST 5124 27
HIST 5125 41
HIST 5126 41
HIST 5127 40
HIST 5128 48
HIST 5129 44
HIST 5130 43
HIST 5131 44
HIST 5132 46
HIST 5133 47
HIST 5134 39
HIST 5135 39
HIST 5136 46
HIST 5137 32
HIST 5138 50
HIST 5139 43
HIST 5140 43
HIST 5141 38
HIST 5142 48
HIST 5143 27
HIST 5144 51
HIST 5145 44
HIST 5146 46
HIST 5147 45
HIST 5148 32
HIST 5149 32
HIST 5150 34
HIST 5151 30
HIST 5152 46
HIST 5153 40
HIST 5154 44
HIST 5155 43
HIST 5156 34
HIST 5157 51
HIST 5158 38
HIST 5159 29
HIST 5160 47
HIST 5161 37
HIST 5162 52
HIST 5163 42
HIST 5164 34
HIST 5165 47
HIST 5166 36
HIST 5167 45
HIST 5168 56
HIST 5169 32
HIST 5170 37
HIST 5171 34
HIST 5172 45
HIST 5173 49
HIST 5174 41
HIST 5175 36
HIST 5176 40
HIST 5177 24
HIST 5178 47
HIST 5179 47
HIST 5180 36
HIST 5181 35
HIST 5182 34
HIST 5183 38
HIST 5184 36
HIST 5185 44
HIST 5186 43
HIST 5187 38
HIST 5188 34
HIST 5189 43
HIST 5190 40
HIST 5191 51
HIST 5192 41
HIST 5193 44
HIST 5194 27
HIST 5195 41
HIST 5196 25
HIST 5197 37
HIST 5198 49
HIST 5199 35
HIST 5200 40
HIST 5201 55
HIST 5202 262
HIST 5203 38
HIST 5204 47
HIST 5205 30
HIST 5206 33
HIST 5207 37
HIST 5208 35
HIST 5209 51
HIST 5210 38
HIST 5211 33
HIST 5212 45
HIST 5213 39
HIST 5214 41
HIST 5215 34
HIST 5216 44
HIST 5217 47
HIST 5218 42
HIST 5219 47
HIST 5220 39
HIST 5221 40
HIST 5222 39
HIST 5223 28
HIST 5224 38
HIST 5225 34
HIST 5226 28
HIST 5227 35
HIST 5228 29
HIST 5229 45
HIST 5230 30
HIST 5231 104
HIST 5232 40
HIST 5233 36
HIST 5234 48
HIST 5235 44
HIST 5236 31
HIST 5237 39
HIST 5238 46
HIST 5239 32
HIST 5240 39
HIST 5241 45
HIST 5242 41
HIST 5243 42
HIST 5244 38
HIST 5245 42
HIST 5246 41
HIST 5247 47
HIST 5248 44
HIST 5249 46
HIST 5250 30
HIST 5251 30
HIST 5252 43
HIST 5253 38
HIST 5254 27
HIST 5255 45
HIST 5256 39
HIST 5257 52
HIST 5258 40
HIST 5259 36
HIST 5260 46
HIST 5261 44
HIST 5262 36
HIST 5263 49
HIST 5264 27
HIST 5265 48
HIST 5266 38
HIST 5267 41
HIST 5268 81
HIST 5269 42
HIST 5270 47
HIST 5271 35
HIST 5272 55
HIST 5273 40
HIST 5274 39
HIST 5275 48
HIST 5276 43
HIST 5277 39
HIST 5278 43
HIST 5279 31
HIST 5280 31
HIST 5281 29
HIST 5282 61
HIST 5283 40
HIST 5284 40
HIST 5285 47
HIST 5286 38
HIST 5287 35
HIST 5288 82
HIST 5289 36
HIST 5290 59
HIST 5291 40
HIST 5292 47
HIST 5293 49
HIST 5294 41
HIST 5295 44
HIST 5296 37
HIST 5297 39
HIST 5298 51
HIST 5299 41
HIST 5300 36
HIST 5301 45
HIST 5302 47
HIST 5303 40
HIST 5304 34
HIST 5305 35
HIST 5306 37
HIST 5307 44
HIST 5308 36
HIST 5309 38
HIST 5310 42
HIST 5311 37
HIST 5312 44
HIST 5313 33
HIST 5314 28
HIST 5315 38
HIST 5316 33
HIST 5317 45
HIST 5318 33
HIST 5319 43
HIST 5320 33
HIST 5321 44
HIST 5322 37
HIST 5323 48
HIST 5324 40
HIST 5325 37
HIST 5326 34
HIST 5327 45
HIST 5328 34
HIST 5329 41
HIST 5330 48
HIST 5331 50
HIST 5332 36
HIST 5333 58
HIST 5334 38
HIST 5335 56
HIST 5336 41
HIST 5337 41
HIST 5338 37
HIST 5339 43
HIST 5340 54
HIST 5341 47
HIST 5342 214
HIST 5343 41
HIST 5344 42
HIST 5345 33
HIST 5346 32
HIST 5347 46
HIST 5348 47
HIST 5349 38
HIST 5350 34
HIST 5351 30
HIST 5352 37
HIST 5353 59
HIST 5354 51
HIST 5355 29
HIST 5356 38
HIST 5357 45
HIST 5358 40
HIST 5359 40
HIST 5360 38
HIST 5361 48
HIST 5362 36
HIST 5363 37
HIST 5364 52
HIST 5365 37
HIST 5366 34
HIST 5367 41
HIST 5368 53
HIST 5369 38
HIST 5370 31
HIST 5371 64
HIST 5372 49
HIST 5373 36
HIST 5374 47
HIST 5375 45
HIST 5376 39
HIST 5377 51
HIST 5378 41
HIST 5379 49
HIST 5380 38
HIST 5381 44
HIST 5382 40
HIST 5383 57
HIST 5384 42
HIST 5385 37
HIST 5386 32
HIST 5387 50
HIST 5388 34
HIST 5389 35
HIST 5390 28
HIST 5391 41
HIST 5392 44
HIST 5393 34
HIST 5394 37
HIST 5395 41
HIST 5396 42
HIST 5397 32
HIST 5398 47
HIST 5399 41
HIST 5400 31
HIST 5401 39
HIST 5402 45
HIST 5403 37
HIST 5404 37
HIST 5405 32
HIST 5406 70
HIST 5407 45
HIST 5408 35
HIST 5409 43
HIST 5410 39
HIST 5411 43
HIST 5412 51
HIST 5413 28
HIST 5414 41
HIST 5415 34
HIST 5416 38
HIST 5417 46
HIST 5418 28
HIST 5419 41
HIST 5420 44
HIST 5421 44
HIST 5422 45
HIST 5423 23
HIST 5424 33
HIST 5425 36
HIST 5426 37
HIST 5427 31
HIST 5428 23
HIST 5429 36
HIST 5430 44
HIST 5431 30
HIST 5432 33
HIST 5433 34
HIST 5434 37
HIST 5435 45
HIST 5436 37
HIST 5437 47
HIST 5438 45
HIST 5439 38
HIST 5440 31
HIST 5441 41
HIST 5442 47
HIST 5443 44
HIST 5444 25
HIST 5445 38
HIST 5446 52
HIST 5447 50
HIST 5448 38
HIST 5449 40
HIST 5450 36
HIST 5451 41
HIST 5452 35
HIST 5453 33
HIST 5454 34
HIST 5455 42
HIST 5456 39
HIST 5457 49
HIST 5458 42
HIST 5459 50
HIST 5460 54
HIST 5461 41
HIST 5462 39
HIST 5463 34
HIST 5464 37
HIST 5465 42
HIST 5466 39
HIST 5467 36
HIST 5468 36
HIST 5469 42
HIST 5470 41
HIST 5471 35
HIST 5472 49
HIST 5473 41
HIST 5474 40
HIST 5475 31
HIST 5476 40
HIST 5477 40
HIST 5478 41
HIST 5479 47
HIST 5480 38
HIST 5481 34
HIST 5482 30
HIST 5483 42
HIST 5484 39
HIST 5485 44
HIST 5486 50
HIST 5487 35
HIST 5488 49
HIST 5489 41
HIST 5490 41
HIST 5491 33
HIST 5492 36
HIST 5493 38
HIST 5494 55
HIST 5495 46
HIST 5496 29
HIST 5497 36
HIST 5498 37
HIST 5499 49
HIST 5500 44
HIST 5501 31
HIST 5502 37
HIST 5503 39
HIST 5504 29
HIST 5505 36
HIST 5506 35
HIST 5507 35
HIST 5508 42
HIST 5509 33
HIST 5510 47
HIST 5511 41
HIST 5512 43
HIST 5513 53
HIST 5514 32
HIST 5515 39
HIST 5516 39
HIST 5517 57
HIST 5518 43
HIST 5519 44
HIST 5520 40
HIST 5521 33
HIST 5522 34
HIST 5523 39
HIST 5524 31
HIST 5525 30
HIST 5526 44
HIST 5527 42
HIST 5528 53
HIST 5529 41
HIST 5530 41
HIST 5531 33
HIST 5532 41
HIST 5533 35
HIST 5534 47
HIST 5535 46
HIST 5536 29
HIST 5537 39
HIST 5538 39
HIST 5539 37
HIST 5540 51
HIST 5541 34
HIST 5542 45
HIST 5543 46
HIST 5544 37
HIST 5545 30
HIST 5546 46
HIST 5547 43
HIST 5548 34
HIST 5549 38
HIST 5550 30
HIST 5551 39
HIST 5552 43
HIST 5553 37
HIST 5554 40
HIST 5555 36
HIST 5556 33
HIST 5557 40
HIST 5558 37
HIST 5559 45
HIST 5560 36
HIST 5561 39
HIST 5562 34
HIST 5563 53
HIST 5564 43
HIST 5565 127
HIST 5566 33
HIST 5567 28
HIST 5568 36
HIST 5569 48
HIST 5570 36
HIST 5571 43
HIST 5572 27
HIST 5573 43
HIST 5574 44
HIST 5575 35
HIST 5576 47
HIST 5577 36
HIST 5578 55
HIST 5579 33
HIST 5580 54
HIST 5581 45
HIST 5582 35
HIST 5583 47
HIST 5584 56
HIST 5585 52
HIST 5586 38
HIST 5587 35
HIST 5588 46
HIST 5589 36
HIST 5590 61
HIST 5591 45
HIST 5592 45
HIST 5593 42
HIST 5594 24
HIST 5595 46
HIST 5596 46
HIST 5597 42
HIST 5598 38
HIST 5599 39
HIST 5600 36
HIST 5601 33
HIST 5602 42
HIST 5603 36
HIST 5604 43
HIST 5605 32
HIST 5606 30
HIST 5607 46
HIST 5608 40
HIST 5609 49
HIST 5610 47
HIST 5611 48
HIST 5612 34
HIST 5613 49
HIST 5614 37
HIST 5615 36
HIST 5616 37
HIST 5617 33
HIST 5618 26
HIST 5619 42
HIST 5620 41
HIST 5621 39
HIST 5622 41
HIST 5623 35
HIST 5624 40
HIST 5625 37
HIST 5626 41
HIST 5627 40
HIST 5628 43
HIST 5629 29
HIST 5630 114
HIST 5631 38
HIST 5632 40
HIST 5633 49
HIST 5634 38
HIST 5635 51
HIST 5636 49
HIST 5637 38
HIST 5638 47
HIST 5639 34
HIST 5640 1873
HIST 5641 44
HIST 5642 37
HIST 5643 42
HIST 5644 50
HIST 5645 36
HIST 5646 37
HIST 5647 51
HIST 5648 31
HIST 5649 42
HIST 5650 45
HIST 5651 40
HIST 5652 29
HIST 5653 44
HIST 5654 44
HIST 5655 32
HIST 5656 43
HIST 5657 220
HIST 5658 74
HIST 5659 46
HIST 5660 39
HIST 5661 42
HIST 5662 42
HIST 5663 43
HIST 5664 517
HIST 5665 39
HIST 5666 45
HIST 5667 36
HIST 5668 40
HIST 5669 44
HIST 5670 42
HIST 5671 34
HIST 5672 38
HIST 5673 35
HIST 5674 49
HIST 5675 33
HIST 5676 38
HIST 5677 38
HIST 5678 36
HIST 5679 32
HIST 5680 42
HIST 5681 43
HIST 5682 39
HIST 5683 42
HIST 5684 49
HIST 5685 41
HIST 5686 32
HIST 5687 38
HIST 5688 46
HIST 5689 34
HIST 5690 43
HIST 5691 50
HIST 5692 47
HIST 5693 48
HIST 5694 44
HIST 5695 46
HIST 5696 37
HIST 5697 48
HIST 5698 33
HIST 5699 50
HIST 5700 33
HIST 5701 36
HIST 5702 42
HIST 5703 44
HIST 5704 47
HIST 5705 33
HIST 5706 40
HIST 5707 35
HIST 5708 34
HIST 5709 46
HIST 5710 39
HIST 5711 48
HIST 5712 39
HIST 5713 45
HIST 5714 47
HIST 5715 45
HIST 5716 43
HIST 5717 33
HIST 5718 53
HIST 5719 44
HIST 5720 48
HIST 5721 43
HIST 5722 41
HIST 5723 37
HIST 5724 21
HIST 5725 39
HIST 5726 27
HIST 5727 46
HIST 5728 55
HIST 5729 45
HIST 5730 47
HIST 5731 44
HIST 5732 40
HIST 5733 24
HIST 5734 34
HIST 5735 41
HIST 5736 32
HIST 5737 48
HIST 5738 37
HIST 5739 50
HIST 5740 51
HIST 5741 42
HIST 5742 32
HIST 5743 33
HIST 5744 38
HIST 5745 35
HIST 5746 43
HIST 5747 43
HIST 5748 50
HIST 5749 36
HIST 5750 45
HIST 5751 46
HIST 5752 50
HIST 5753 42
HIST 5754 49
HIST 5755 33
HIST 5756 34
HIST 5757 34
HIST 5758 40
HIST 5759 53
HIST 5760 36
HIST 5761 37
HIST 5762 41
HIST 5763 38
HIST 5764 39
HIST 5765 39
HIST 5766 54
HIST 5767 50
HIST 5768 34
HIST 5769 48
HIST 5770 46
HIST 5771 29
HIST 5772 44
HIST 5773 36
HIST 5774 36
HIST 5775 34
HIST 5776 43
HIST 5777 30
HIST 5778 29
HIST 5779 46
HIST 5780 42
HIST 5781 48
HIST 5782 34
HIST 5783 40
HIST 5784 41
HIST 5785 41
HIST 5786 40
HIST 5787 59
HIST 5788 48
HIST 5789 38
HIST 5790 29
HIST 5791 42
HIST 5792 43
HIST 5793 33
HIST 5794 37
HIST 5795 45
HIST 5796 51
HIST 5797 45
HIST 5798 29
HIST 5799 37
HIST 5800 48
HIST 5801 45
HIST 5802 34
HIST 5803 45
HIST 5804 28
HIST 5805 37
HIST 5806 40
HIST 5807 43
HIST 5808 38
HIST 5809 48
HIST 5810 44
HIST 5811 34
HIST 5812 42
HIST 5813 42
HIST 5814 49
HIST 5815 35
HIST 5816 36
HIST 5817 47
HIST 5818 46
HIST 5819 32
HIST 5820 50
HIST 5821 35
HIST 5822 38
HIST 5823 36
HIST 5824 40
HIST 5825 37
HIST 5826 44
HIST 5827 50
HIST 5828 38
HIST 5829 36
HIST 5830 44
HIST 5831 36
HIST 5832 36
HIST 5833 41
HIST 5834 43
HIST 5835 29
HIST 5836 39
HIST 5837 42
HIST 5838 50
HIST 5839 40
HIST 5840 39
HIST 5841 52
HIST 5842 25
HIST 5843 44
HIST 5844 32
HIST 5845 43
HIST 5846 33
HIST 5847 55
HIST 5848 42
HIST 5849 40
HIST 5850 41
HIST 5851 54
HIST 5852 42
HIST 5853 33
HIST 5854 44
HIST 5855 50
HIST 5856 35
HIST 5857 42
HIST 5858 40
HIST 5859 41
HIST 5860 39
HIST 5861 31
HIST 5862 41
HIST 5863 1663
HIST 5864 40
HIST 5865 42
HIST 5866 30
HIST 5867 39
HIST 5868 39
HIST 5869 45
HIST 5870 37
HIST 5871 52
HIST 5872 38
HIST 5873 40
HIST 5874 42
HIST 5875 39
HIST 5876 38
HIST 5877 35
HIST 5878 34
HIST 5879 35
HIST 5880 41
HIST 5881 32
HIST 5882 35
HIST 5883 40
HIST 5884 37
HIST 5885 29
HIST 5886 31
HIST 5887 30
HIST 5888 44
HIST 5889 35
HIST 5890 39
HIST 5891 33
HIST 5892 26
HIST 5893 49
HIST 5894 47
HIST 5895 33
HIST 5896 40
HIST 5897 41
HIST 5898 46
HIST 5899 53
HIST 5900 28
HIST 5901 37
HIST 5902 39
HIST 5903 35
HIST 5904 42
HIST 5905 26
HIST 5906 33
HIST 5907 30
HIST 5908 30
HIST 5909 38
HIST 5910 32
HIST 5911 42
HIST 5912 38
HIST 5913 35
HIST 5914 32
HIST 5915 37
HIST 5916 30
HIST 5917 39
HIST 5918 31
HIST 5919 36
HIST 5920 27
HIST 5921 39
HIST 5922 37
HIST 5923 22
HIST 5924 33
HIST 5925 33
HIST 5926 45
HIST 5927 27
HIST 5928 37
HIST 5929 35
HIST 5930 42
HIST 5931 38
HIST 5932 32
HIST 5933 31
HIST 5934 35
HIST 5935 38
HIST 5936 20
HIST 5937 50
HIST 5938 32
HIST 5939 32
HIST 5940 45
HIST 5941 29
HIST 5942 28
HIST 5943 47
HIST 5944 29
HIST 5945 27
HIST 5946 45
HIST 5947 41
HIST 5948 22
HIST 5949 40
HIST 5950 41
HIST 5951 32
HIST 5952 42
HIST 5953 33
HIST 5954 36
HIST 5955 35
HIST 5956 38
HIST 5957 41
HIST 5958 49
HIST 5959 29
HIST 5960 36
HIST 5961 40
HIST 5962 39
HIST 5963 32
HIST 5964 22
HIST 5965 26
HIST 5966 37
HIST 5967 43
HIST 5968 28
HIST 5969 49
HIST 5970 37
HIST 5971 27
HIST 5972 30
HIST 5973 39
HIST 5974 35
HIST 5975 29
HIST 5976 38
HIST 5977 39
HIST 5978 35
HIST 5979 40
HIST 5980 40
HIST 5981 38
HIST 5982 34
HIST 5983 34
HIST 5984 33
HIST 5985 37
HIST 5986 36
HIST 5987 30
HIST 5988 40
HIST 5989 42
HIST 5990 36
HIST 5991 29
HIST 5992 33
HIST 5993 32
HIST 5994 26
HIST 5995 42
HIST 5996 26
HIST 5997 40
HIST 5998 30
HIST 5999 29
HIST 6000 32
HIST 6001 39
HIST 6002 25
HIST 6003 28
HIST 6004 31
HIST 6005 36
HIST 6006 30
HIST 6007 36
HIST 6008 37
HIST 6009 38
HIST 6010 34
HIST 6011 60
HIST 6012 42
HIST 6013 43
HIST 6014 27
HIST 6015 25
HIST 6016 25
HIST 6017 34
HIST 6018 40
HIST 6019 37
HIST 6020 39
HIST 6021 34
HIST 6022 29
HIST 6023 33
HIST 6024 36
HIST 6025 45
HIST 6026 36
HIST 6027 40
HIST 6028 34
HIST 6029 33
HIST 6030 42
HIST 6031 28
HIST 6032 37
HIST 6033 47
HIST 6034 27
HIST 6035 49
HIST 6036 37
HIST 6037 36
HIST 6038 35
HIST 6039 25
HIST 6040 37
HIST 6041 26
HIST 6042 76
HIST 6043 31
HIST 6044 32
HIST 6045 44
HIST 6046 28
HIST 6047 37
HIST 6048 28
HIST 6049 34
HIST 6050 38
HIST 6051 22
HIST 6052 41
HIST 6053 40
HIST 6054 45
HIST 6055 45
HIST 6056 30
HIST 6057 38
HIST 6058 35
HIST 6059 36
HIST 6060 43
HIST 6061 38
HIST 6062 32
HIST 6063 32
HIST 6064 36
HIST 6065 37
HIST 6066 42
HIST 6067 38
HIST 6068 30
HIST 6069 33
HIST 6070 36
HIST 6071 39
HIST 6072 39
HIST 6073 40
HIST 6074 41
HIST 6075 34
HIST 6076 41
HIST 6077 32
HIST 6078 40
HIST 6079 32
HIST 6080 26
HIST 6081 31
HIST 6082 36
HIST 6083 34
HIST 6084 35
HIST 6085 26
HIST 6086 33
HIST 6087 26
HIST 6088 30
HIST 6089 26
HIST 6090 35
HIST 6091 35
HIST 6092 32
HIST 6093 43
HIST 6094 33
HIST 6095 37
HIST 6096 34
HIST 6097 20
HIST 6098 32
HIST 6099 36
HIST 6100 39
HIST 6101 33
HIST 6102 29
HIST 6103 35
HIST 6104 31
HIST 6105 82
HIST 6106 42
HIST 6107 31
HIST 6108 31
HIST 6109 38
HIST 6110 26
HIST 6111 36
HIST 6112 31
HIST 6113 25
HIST 6114 35
HIST 6115 29
HIST 6116 33
HIST 6117 28
HIST 6118 35
HIST 6119 25
HIST 6120 36
HIST 6121 46
HIST 6122 45
HIST 6123 34
HIST 6124 36
HIST 6125 28
HIST 6126 28
HIST 6127 24
HIST 6128 37
HIST 6129 34
HIST 6130 36
HIST 6131 37
HIST 6132 44
HIST 6133 42
HIST 6134 47
HIST 6135 24
HIST 6136 43
HIST 6137 39
HIST 6138 33
HIST 6139 31
HIST 6140 32
HIST 6141 31
HIST 6142 27
HIST 6143 38
HIST 6144 33
HIST 6145 37
HIST 6146 35
HIST 6147 21
HIST 6148 32
HIST 6149 51
HIST 6150 27
HIST 6151 33
HIST 6152 28
HIST 6153 29
HIST 6154 58
HIST 6155 23
HIST 6156 31
HIST 6157 23
HIST 6158 44
HIST 6159 27
HIST 6160 33
HIST 6161 62
HIST 6162 40
HIST 6163 34
HIST 6164 31
HIST 6165 28
HIST 6166 39
HIST 6167 27
HIST 6168 18
HIST 6169 23
HIST 6170 25
HIST 6171 34
HIST 6172 36
HIST 6173 44
HIST 6174 26
HIST 6175 30
HIST 6176 43
HIST 6177 34
HIST 6178 32
HIST 6179 42
HIST 6180 31
HIST 6181 27
HIST 6182 45
HIST 6183 36
HIST 6184 36
HIST 6185 31
HIST 6186 41
HIST 6187 37
HIST 6188 40
HIST 6189 40
HIST 6190 33
HIST 6191 32
HIST 6192 34
HIST 6193 43
HIST 6194 41
HIST 6195 35
HIST 6196 35
HIST 6197 36
HIST 6198 24
HIST 6199 38
HIST 6200 29
HIST 6201 29
HIST 6202 33
HIST 6203 34
HIST 6204 24
HIST 6205 33
HIST 6206 46
HIST 6207 40
HIST 6208 31
HIST 6209 38
HIST 6210 40
HIST 6211 27
HIST 6212 32
HIST 6213 35
HIST 6214 31
HIST 6215 27
HIST 6216 24
HIST 6217 27
HIST 6218 34
HIST 6219 20
HIST 6220 31
HIST 6221 37
HIST 6222 34
HIST 6223 37
HIST 6224 36
HIST 6225 32
HIST 6226 22
HIST 6227 26
HIST 6228 36
HIST 6229 35
HIST 6230 25
HIST 6231 36
HIST 6232 33
HIST 6233 32
HIST 6234 28
HIST 6235 40
HIST 6236 39
HIST 6237 40
HIST 6238 32
HIST 6239 28
HIST 6240 40
HIST 6241 25
HIST 6242 32
HIST 6243 40
HIST 6244 33
HIST 6245 49
HIST 6246 35
HIST 6247 33
HIST 6248 35
HIST 6249 45
HIST 6250 32
HIST 6251 35
HIST 6252 26
HIST 6253 36
HIST 6254 28
HIST 6255 37
HIST 6256 30
HIST 6257 27
HIST 6258 43
HIST 6259 34
HIST 6260 48
HIST 6261 33
HIST 6262 28
HIST 6263 42
HIST 6264 32
HIST 6265 48
HIST 6266 33
HIST 6267 31
HIST 6268 33
HIST 6269 46
HIST 6270 34
HIST 6271 30
HIST 6272 36
HIST 6273 32
HIST 6274 40
HIST 6275 38
HIST 6276 32
HIST 6277 36
HIST 6278 37
HIST 6279 29
HIST 6280 34
HIST 6281 38
HIST 6282 36
HIST 6283 35
HIST 6284 32
HIST 6285 40
HIST 6286 36
HIST 6287 34
HIST 6288 16
HIST 6289 24
HIST 6290 39
HIST 6291 24
HIST 6292 41
HIST 6293 40
HIST 6294 37
HIST 6295 27
HIST 6296 37
HIST 6297 25
HIST 6298 46
HIST 6299 32
HIST 6300 33
HIST 6301 33
HIST 6302 34
HIST 6303 36
HIST 6304 27
HIST 6305 34
HIST 6306 37
HIST 6307 31
HIST 6308 40
HIST 6309 35
HIST 6310 22
HIST 6311 32
HIST 6312 33
HIST 6313 34
HIST 6314 34
HIST 6315 23
HIST 6316 34
HIST 6317 26
HIST 6318 33
HIST 6319 30
HIST 6320 33
HIST 6321 36
HIST 6322 29
HIST 6323 37
HIST 6324 28
HIST 6325 23
HIST 6326 38
HIST 6327 30
HIST 6328 37
HIST 6329 36
HIST 6330 30
HIST 6331 39
HIST 6332 28
HIST 6333 30
HIST 6334 26
HIST 6335 32
HIST 6336 32
HIST 6337 35
HIST 6338 29
HIST 6339 37
HIST 6340 38
HIST 6341 35
HIST 6342 35
HIST 6343 35
HIST 6344 40
HIST 6345 32
HIST 6346 31
HIST 6347 20
HIST 6348 27
HIST 6349 38
HIST 6350 35
HIST 6351 37
HIST 6352 27
HIST 6353 44
HIST 6354 33
HIST 6355 39
HIST 6356 27
HIST 6357 41
HIST 6358 36
HIST 6359 33
HIST 6360 38
HIST 6361 36
HIST 6362 35
HIST 6363 29
HIST 6364 38
HIST 6365 41
HIST 6366 26
HIST 6367 35
HIST 6368 35
HIST 6369 30
HIST 6370 29
HIST 6371 29
HIST 6372 34
HIST 6373 31
HIST 6374 33
HIST 6375 35
HIST 6376 38
HIST 6377 29
HIST 6378 26
HIST 6379 29
HIST 6380 36
HIST 6381 28
HIST 6382 42
HIST 6383 45
HIST 6384 40
HIST 6385 37
HIST 6386 33
HIST 6387 38
HIST 6388 23
HIST 6389 30
HIST 6390 27
HIST 6391 32
HIST 6392 25
HIST 6393 32
HIST 6394 25
HIST 6395 35
HIST 6396 33
HIST 6397 38
HIST 6398 43
HIST 6399 29
HIST 6400 42
HIST 6401 28
HIST 6402 37
HIST 6403 34
HIST 6404 30
HIST 6405 37
HIST 6406 27
HIST 6407 35
HIST 6408 30
HIST 6409 30
HIST 6410 26
HIST 6411 33
HIST 6412 36
HIST 6413 39
HIST 6414 26
HIST 6415 29
HIST 6416 20
HIST 6417 32
HIST 6418 33
HIST 6419 42
HIST 6420 42
HIST 6421 32
HIST 6422 24
HIST 6423 41
HIST 6424 29
HIST 6425 30
HIST 6426 36
HIST 6427 31
HIST 6428 42
HIST 6429 32
HIST 6430 36
HIST 6431 39
HIST 6432 37
HIST 6433 39
HIST 6434 29
HIST 6435 34
HIST 6436 31
HIST 6437 43
HIST 6438 23
HIST 6439 46
HIST 6440 35
HIST 6441 31
HIST 6442 33
HIST 6443 32
HIST 6444 42
HIST 6445 32
HIST 6446 29
HIST 6447 23
HIST 6448 36
HIST 6449 39
HIST 6450 36
HIST 6451 24
HIST 6452 29
HIST 6453 33
HIST 6454 36
HIST 6455 28
HIST 6456 41
HIST 6457 43
HIST 6458 30
HIST 6459 34
HIST 6460 32
HIST 6461 27
HIST 6462 38
HIST 6463 38
HIST 6464 56
HIST 6465 22
HIST 6466 28
HIST 6467 33
HIST 6468 33
HIST 6469 38
HIST 6470 40
HIST 6471 48
HIST 6472 34
HIST 6473 34
HIST 6474 21
HIST 6475 36
HIST 6476 29
HIST 6477 34
HIST 6478 34
HIST 6479 31
HIST 6480 31
HIST 6481 37
HIST 6482 29
HIST 6483 39
HIST 6484 31
HIST 6485 31
HIST 6486 35
HIST 6487 36
HIST 6488 37
HIST 6489 30
HIST 6490 36
HIST 6491 31
HIST 6492 37
HIST 6493 35
HIST 6494 30
HIST 6495 29
HIST 6496 32
HIST 6497 37
HIST 6498 36
HIST 6499 42
HIST 6500 20
HIST 6501 33
HIST 6502 34
HIST 6503 32
HIST 6504 37
HIST 6505 31
HIST 6506 34
HIST 6507 31
HIST 6508 36
HIST 6509 28
HIST 6510 35
HIST 6511 35
HIST 6512 39
HIST 6513 21
HIST 6514 39
HIST 6515 32
HIST 6516 36
HIST 6517 27
HIST 6518 30
HIST 6519 36
HIST 6520 36
HIST 6521 33
HIST 6522 29
HIST 6523 35
HIST 6524 23
HIST 6525 31
HIST 6526 28
HIST 6527 36
HIST 6528 32
HIST 6529 34
HIST 6530 30
HIST 6531 33
HIST 6532 20
HIST 6533 29
HIST 6534 32
HIST 6535 42
HIST 6536 32
HIST 6537 27
HIST 6538 32
HIST 6539 29
HIST 6540 30
HIST 6541 33
HIST 6542 28
HIST 6543 40
HIST 6544 27
HIST 6545 37
HIST 6546 31
HIST 6547 36
HIST 6548 36
HIST 6549 40
HIST 6550 41
HIST 6551 33
HIST 6552 32
HIST 6553 32
HIST 6554 32
HIST 6555 29
HIST 6556 26
HIST 6557 37
HIST 6558 27
HIST 6559 28
HIST 6560 35
HIST 6561 40
HIST 6562 33
HIST 6563 38
HIST 6564 44
HIST 6565 464
HIST 6566 37
HIST 6567 36
HIST 6568 26
HIST 6569 32
HIST 6570 34
HIST 6571 29
HIST 6572 27
HIST 6573 36
HIST 6574 28
HIST 6575 33
HIST 6576 36
HIST 6577 40
HIST 6578 32
HIST 6579 53
HIST 6580 39
HIST 6581 41
HIST 6582 34
HIST 6583 33
HIST 6584 34
HIST 6585 27
HIST 6586 30
HIST 6587 26
HIST 6588 38
HIST 6589 32
HIST 6590 29
HIST 6591 42
HIST 6592 38
HIST 6593 32
HIST 6594 38
HIST 6595 36
HIST 6596 28
HIST 6597 25
HIST 6598 34
HIST 6599 37
HIST 6600 35
HIST 6601 37
HIST 6602 29
HIST 6603 33
HIST 6604 46
HIST 6605 31
HIST 6606 26
HIST 6607 32
HIST 6608 40
HIST 6609 20
HIST 6610 22
HIST 6611 28
HIST 6612 33
HIST 6613 27
HIST 6614 41
HIST 6615 30
HIST 6616 29
HIST 6617 33
HIST 6618 40
HIST 6619 31
HIST 6620 32
HIST 6621 29
HIST 6622 24
HIST 6623 26
HIST 6624 30
HIST 6625 40
HIST 6626 32
HIST 6627 28
HIST 6628 30
HIST 6629 33
HIST 6630 37
HIST 6631 30
HIST 6632 37
HIST 6633 31
HIST 6634 22
HIST 6635 34
HIST 6636 17
HIST 6637 27
HIST 6638 28
HIST 6639 34
HIST 6640 43
HIST 6641 33
HIST 6642 38
HIST 6643 19
HIST 6644 37
HIST 6645 36
HIST 6646 37
HIST 6647 36
HIST 6648 54
HIST 6649 37
HIST 6650 34
HIST 6651 29
HIST 6652 35
HIST 6653 37
HIST 6654 30
HIST 6655 35
HIST 6656 28
HIST 6657 24
HIST 6658 31
HIST 6659 28
HIST 6660 30
HIST 6661 31
HIST 6662 33
HIST 6663 30
HIST 6664 27
HIST 6665 36
HIST 6666 37
HIST 6667 36
HIST 6668 31
HIST 6669 33
HIST 6670 37
HIST 6671 35
HIST 6672 28
HIST 6673 38
HIST 6674 32
HIST 6675 28
HIST 6676 32
HIST 6677 22
HIST 6678 27
HIST 6679 25
HIST 6680 25
HIST 6681 30
HIST 6682 37
HIST 6683 32
HIST 6684 39
HIST 6685 42
HIST 6686 47
HIST 6687 30
HIST 6688 37
HIST 6689 30
HIST 6690 29
HIST 6691 52
HIST 6692 26
HIST 6693 38
HIST 6694 33
HIST 6695 40
HIST 6696 34
HIST 6697 36
HIST 6698 21
HIST 6699 29
HIST 6700 34
HIST 6701 41
HIST 6702 31
HIST 6703 34
HIST 6704 24
HIST 6705 27
HIST 6706 40
HIST 6707 21
HIST 6708 27
HIST 6709 27
HIST 6710 29
HIST 6711 31
HIST 6712 108
HIST 6713 25
HIST 6714 33
HIST 6715 16
HIST 6716 29
HIST 6717 43
HIST 6718 30
HIST 6719 37
HIST 6720 31
HIST 6721 34
HIST 6722 45
HIST 6723 31
HIST 6724 25
HIST 6725 32
HIST 6726 28
HIST 6727 30
HIST 6728 25
HIST 6729 30
HIST 6730 33
HIST 6731 33
HIST 6732 25
HIST 6733 34
HIST 6734 26
HIST 6735 36
HIST 6736 35
HIST 6737 24
HIST 6738 34
HIST 6739 30
HIST 6740 34
HIST 6741 16
HIST 6742 35
HIST 6743 36
HIST 6744 21
HIST 6745 30
HIST 6746 528
HIST 6747 29
HIST 6748 41
HIST 6749 23
HIST 6750 33
HIST 6751 103
HIST 6752 38
HIST 6753 32
HIST 6754 35
HIST 6755 35
HIST 6756 32
HIST 6757 33
HIST 6758 33
HIST 6759 36
HIST 6760 25
HIST 6761 37
HIST 6762 31
HIST 6763 28
HIST 6764 32
HIST 6765 35
HIST 6766 34
HIST 6767 28
HIST 6768 30
HIST 6769 40
HIST 6770 41
HIST 6771 35
HIST 6772 38
HIST 6773 31
HIST 6774 37
HIST 6775 37
HIST 6776 43
HIST 6777 30
HIST 6778 25
HIST 6779 23
HIST 6780 30
HIST 6781 31
HIST 6782 24
HIST 6783 40
HIST 6784 38
HIST 6785 27
HIST 6786 1431
HIST 6787 35
HIST 6788 30
HIST 6789 37
HIST 6790 28
HIST 6791 41
HIST 6792 39
HIST 6793 26
HIST 6794 26
HIST 6795 23
HIST 6796 35
HIST 6797 33
HIST 6798 31
HIST 6799 28
HIST 6800 27
HIST 6801 26
HIST 6802 26
HIST 6803 30
HIST 6804 34
HIST 6805 33
HIST 6806 28
HIST 6807 34
HIST 6808 28
HIST 6809 34
HIST 6810 29
HIST 6811 31
HIST 6812 42
HIST 6813 24
HIST 6814 31
HIST 6815 31
HIST 6816 38
HIST 6817 29
HIST 6818 30
HIST 6819 24
HIST 6820 24
HIST 6821 31
HIST 6822 38
HIST 6823 37
HIST 6824 34
HIST 6825 27
HIST 6826 47
HIST 6827 29
HIST 6828 34
HIST 6829 31
HIST 6830 38
HIST 6831 40
HIST 6832 30
HIST 6833 41
HIST 6834 30
HIST 6835 34
HIST 6836 35
HIST 6837 22
HIST 6838 26
HIST 6839 27
HIST 6840 16
HIST 6841 36
HIST 6842 36
HIST 6843 30
HIST 6844 33
HIST 6845 41
HIST 6846 32
HIST 6847 27
HIST 6848 18
HIST 6849 28
HIST 6850 38
HIST 6851 34
HIST 6852 54
HIST 6853 32
HIST 6854 38
HIST 6855 31
HIST 6856 35
HIST 6857 33
HIST 6858 50
HIST 6859 33
HIST 6860 38
HIST 6861 31
HIST 6862 28
HIST 6863 28
HIST 6864 38
HIST 6865 88
HIST 6866 40
HIST 6867 27
HIST 6868 28
HIST 6869 15
HIST 6870 31
HIST 6871 33
HIST 6872 27
HIST 6873 35
HIST 6874 32
HIST 6875 39
HIST 6876 21
HIST 6877 32
HIST 6878 23
HIST 6879 31
HIST 6880 40
HIST 6881 27
HIST 6882 33
HIST 6883 32
HIST 6884 23
HIST 6885 38
HIST 6886 38
HIST 6887 2588
HIST 6888 30
HIST 6889 31
HIST 6890 36
HIST 6891 37
HIST 6892 31
HIST 6893 31
HIST 6894 27
HIST 6895 27
HIST 6896 21
HIST 6897 31
HIST 6898 29
HIST 6899 36
HIST 6900 32
HIST 6901 28
HIST 6902 26
HIST 6903 36
HIST 6904 32
HIST 6905 40
HIST 6906 32
HIST 6907 29
HIST 6908 33
HIST 6909 39
HIST 6910 36
HIST 6911 21
HIST 6912 44
HIST 6913 38
HIST 6914 31
HIST 6915 21
HIST 6916 31
HIST 6917 27
HIST 6918 25
HIST 6919 30
HIST 6920 31
HIST 6921 31
HIST 6922 29
HIST 6923 28
HIST 6924 31
HIST 6925 25
HIST 6926 36
HIST 6927 34
HIST 6928 38
HIST 6929 43
HIST 6930 28
HIST 6931 36
HIST 6932 26
HIST 6933 18
HIST 6934 33
HIST 6935 33
HIST 6936 29
HIST 6937 35
HIST 6938 27
HIST 6939 30
HIST 6940 37
HIST 6941 45
HIST 6942 21
HIST 6943 31
HIST 6944 31
HIST 6945 32
HIST 6946 36
HIST 6947 29
HIST 6948 44
HIST 6949 30
HIST 6950 34
HIST 6951 31
HIST 6952 35
HIST 6953 23
HIST 6954 33
HIST 6955 38
HIST 6956 30
HIST 6957 25
HIST 6958 31
HIST 6959 39
HIST 6960 35
HIST 6961 30
HIST 6962 36
HIST 6963 36
HIST 6964 33
HIST 6965 29
HIST 6966 36
HIST 6967 35
HIST 6968 41
HIST 6969 34
HIST 6970 30
HIST 6971 32
HIST 6972 34
HIST 6973 36
HIST 6974 50
HIST 6975 26
HIST 6976 29
HIST 6977 31
HIST 6978 36
HIST 6979 28
HIST 6980 35
HIST 6981 36
HIST 6982 26
HIST 6983 25
HIST 6984 38
HIST 6985 33
HIST 6986 33
HIST 6987 27
HIST 6988 26
HIST 6989 36
HIST 6990 31
HIST 6991 32
HIST 6992 30
HIST 6993 40
HIST 6994 32
HIST 6995 30
HIST 6996 45
HIST 6997 38
HIST 6998 39
HIST 6999 44
HIST 7000 29
HIST 7001 28
HIST 7002 37
HIST 7003 36
HIST 7004 43
HIST 7005 31
HIST 7006 35
HIST 7007 27
HIST 7008 26
HIST 7009 35
HIST 7010 32
HIST 7011 27
HIST 7012 24
HIST 7013 35
HIST 7014 30
HIST 7015 32
HIST 7016 32
HIST 7017 27
HIST 7018 43
HIST 7019 41
HIST 7020 40
HIST 7021 27
HIST 7022 38
HIST 7023 32
HIST 7024 26
HIST 7025 19
HIST 7026 40
HIST 7027 39
HIST 7028 28
HIST 7029 29
HIST 7030 39
HIST 7031 35
HIST 7032 35
HIST 7033 32
HIST 7034 24
HIST 7035 45
HIST 7036 32
HIST 7037 31
HIST 7038 32
HIST 7039 32
HIST 7040 39
HIST 7041 29
HIST 7042 34
HIST 7043 28
HIST 7044 34
HIST 7045 36
HIST 7046 48
HIST 7047 33
HIST 7048 29
HIST 7049 32
HIST 7050 44
HIST 7051 38
HIST 7052 36
HIST 7053 36
HIST 7054 38
HIST 7055 29
HIST 7056 34
HIST 7057 33
HIST 7058 26
HIST 7059 35
HIST 7060 44
HIST 7061 21
HIST 7062 38
HIST 7063 23
HIST 7064 35
HIST 7065 26
HIST 7066 44
HIST 7067 38
HIST 7068 33
HIST 7069 26
HIST 7070 39
HIST 7071 35
HIST 7072 35
HIST 7073 23
HIST 7074 34
HIST 7075 38
HIST 7076 30
HIST 7077 23
HIST 7078 32
HIST 7079 28
HIST 7080 38
HIST 7081 26
HIST 7082 38
HIST 7083 31
HIST 7084 33
HIST 7085 33
HIST 7086 37
HIST 7087 27
HIST 7088 38
HIST 7089 42
HIST 7090 22
HIST 7091 30
HIST 7092 39
HIST 7093 39
HIST 7094 30
HIST 7095 34
HIST 7096 38
HIST 7097 27
HIST 7098 41
HIST 7099 31
HIST 7100 35
HIST 7101 38
HIST 7102 47
HIST 7103 37
HIST 7104 26
HIST 7105 35
HIST 7106 26
HIST 7107 42
HIST 7108 23
HIST 7109 31
HIST 7110 32
HIST 7111 34
HIST 7112 21
HIST 7113 39
HIST 7114 36
HIST 7115 38
HIST 7116 37
HIST 7117 28
HIST 7118 27
HIST 7119 33
HIST 7120 31
HIST 7121 203
HIST 7122 25
HIST 7123 26
HIST 7124 25
HIST 7125 40
HIST 7126 32
HIST 7127 26
HIST 7128 30
HIST 7129 311
HIST 7130 43
HIST 7131 21
HIST 7132 37
HIST 7133 40
HIST 7134 39
HIST 7135 27
HIST 7136 27
HIST 7137 34
HIST 7138 30
HIST 7139 27
HIST 7140 38
HIST 7141 30
HIST 7142 31
HIST 7143 35
HIST 7144 31
HIST 7145 38
HIST 7146 38
HIST 7147 32
HIST 7148 42
HIST 7149 33
HIST 7150 33
HIST 7151 33
HIST 7152 34
HIST 7153 29
HIST 7154 27
HIST 7155 35
HIST 7156 49
HIST 7157 36
HIST 7158 40
HIST 7159 35
HIST 7160 32
HIST 7161 34
HIST 7162 24
HIST 7163 39
HIST 7164 42
HIST 7165 26
HIST 7166 24
HIST 7167 41
HIST 7168 25
HIST 7169 42
HIST 7170 42
HIST 7171 34
HIST 7172 24
HIST 7173 47
HIST 7174 35
HIST 7175 25
HIST 7176 33
HIST 7177 29
HIST 7178 29
HIST 7179 34
HIST 7180 24
HIST 7181 30
HIST 7182 34
HIST 7183 33
HIST 7184 24
HIST 7185 26
HIST 7186 20
HIST 7187 26
HIST 7188 26
HIST 7189 32
HIST 7190 41
HIST 7191 29
HIST 7192 35
HIST 7193 308
HIST 7194 724
HIST 7195 27
HIST 7196 37
HIST 7197 31
HIST 7198 26
HIST 7199 30
HIST 7200 36
HIST 7201 39
HIST 7202 41
HIST 7203 27
HIST 7204 28
HIST 7205 29
HIST 7206 28
HIST 7207 31
HIST 7208 31
HIST 7209 32
HIST 7210 34
HIST 7211 32
HIST 7212 37
HIST 7213 38
HIST 7214 22
HIST 7215 35
HIST 7216 32
HIST 7217 31
HIST 7218 30
HIST 7219 41
HIST 7220 33
HIST 7221 32
HIST 7222 34
HIST 7223 28
HIST 7224 29
HIST 7225 36
HIST 7226 43
HIST 7227 23
HIST 7228 37
HIST 7229 27
HIST 7230 34
HIST 7231 38
HIST 7232 35
HIST 7233 33
HIST 7234 33
HIST 7235 29
HIST 7236 33
HIST 7237 34
HIST 7238 30
HIST 7239 44
HIST 7240 31
HIST 7241 31
HIST 7242 33
HIST 7243 38
HIST 7244 27
HIST 7245 34
HIST 7246 30
HIST 7247 33
HIST 7248 36
HIST 7249 29
HIST 7250 33
HIST 7251 40
HIST 7252 44
HIST 7253 37
HIST 7254 23
HIST 7255 39
HIST 7256 34
HIST 7257 34
HIST 7258 32
HIST 7259 37
HIST 7260 33
HIST 7261 33
HIST 7262 28
HIST 7263 31
HIST 7264 33
HIST 7265 24
HIST 7266 33
HIST 7267 39
HIST 7268 22
HIST 7269 22
HIST 7270 29
HIST 7271 32
HIST 7272 25
HIST 7273 31
HIST 7274 34
HIST 7275 35
HIST 7276 28
HIST 7277 31
HIST 7278 34
HIST 7279 30
HIST 7280 54
HIST 7281 33
HIST 7282 56
HIST 7283 34
HIST 7284 36
HIST 7285 48
HIST 7286 23
HIST 7287 33
HIST 7288 86
HIST 7289 33
HIST 7290 31
HIST 7291 39
HIST 7292 36
HIST 7293 27
HIST 7294 29
HIST 7295 26
HIST 7296 35
HIST 7297 28
HIST 7298 28
HIST 7299 31
HIST 7300 32
HIST 7301 20
HIST 7302 37
HIST 7303 29
HIST 7304 31
HIST 7305 33
HIST 7306 32
HIST 7307 32
HIST 7308 34
HIST 7309 26
HIST 7310 28
HIST 7311 38
HIST 7312 29
HIST 7313 24
HIST 7314 43
HIST 7315 45
HIST 7316 38
HIST 7317 31
HIST 7318 32
HIST 7319 49
HIST 7320 24
HIST 7321 43
HIST 7322 25
HIST 7323 23
HIST 7324 32
HIST 7325 30
HIST 7326 23
HIST 7327 31
HIST 7328 39
HIST 7329 28
HIST 7330 31
HIST 7331 43
HIST 7332 31
HIST 7333 34
HIST 7334 48
HIST 7335 30
HIST 7336 27
HIST 7337 22
HIST 7338 37
HIST 7339 38
HIST 7340 50
HIST 7341 34
HIST 7342 28
HIST 7343 31
HIST 7344 33
HIST 7345 32
HIST 7346 25
HIST 7347 38
HIST 7348 35
HIST 7349 22
HIST 7350 32
HIST 7351 35
HIST 7352 37
HIST 7353 37
HIST 7354 58
HIST 7355 29
HIST 7356 40
HIST 7357 33
HIST 7358 34
HIST 7359 37
HIST 7360 34
HIST 7361 26
HIST 7362 18
HIST 7363 37
HIST 7364 26
HIST 7365 28
HIST 7366 27
HIST 7367 35
HIST 7368 27
HIST 7369 21
HIST 7370 29
HIST 7371 24
HIST 7372 40
HIST 7373 36
HIST 7374 41
HIST 7375 28
HIST 7376 30
HIST 7377 30
HIST 7378 29
HIST 7379 44
HIST 7380 27
HIST 7381 34
HIST 7382 36
HIST 7383 39
HIST 7384 36
HIST 7385 32
HIST 7386 27
HIST 7387 34
HIST 7388 37
HIST 7389 40
HIST 7390 31
HIST 7391 32
HIST 7392 40
HIST 7393 31
HIST 7394 35
HIST 7395 32
HIST 7396 25
HIST 7397 25
HIST 7398 24
HIST 7399 32
HIST 7400 42
HIST 7401 25
HIST 7402 29
HIST 7403 33
HIST 7404 39
HIST 7405 36
HIST 7406 20
HIST 7407 31
HIST 7408 37
HIST 7409 25
HIST 7410 29
HIST 7411 23
HIST 7412 22
HIST 7413 31
HIST 7414 23
HIST 7415 35
HIST 7416 47
HIST 7417 31
HIST 7418 31
HIST 7419 28
HIST 7420 36
HIST 7421 30
HIST 7422 29
HIST 7423 30
HIST 7424 35
HIST 7425 34
HIST 7426 26
HIST 7427 41
HIST 7428 36
HIST 7429 27
HIST 7430 28
HIST 7431 32
HIST 7432 30
HIST 7433 31
HIST 7434 29
HIST 7435 31
HIST 7436 31
HIST 7437 33
HIST 7438 31
HIST 7439 24
HIST 7440 27
HIST 7441 42
HIST 7442 29
HIST 7443 40
HIST 7444 38
HIST 7445 34
HIST 7446 28
HIST 7447 30
HIST 7448 27
HIST 7449 32
HIST 7450 28
HIST 7451 31
HIST 7452 34
HIST 7453 26
HIST 7454 28
HIST 7455 37
HIST 7456 29
HIST 7457 28
HIST 7458 26
HIST 7459 32
HIST 7460 36
HIST 7461 38
HIST 7462 30
HIST 7463 31
HIST 7464 28
HIST 7465 30
HIST 7466 53
HIST 7467 44
HIST 7468 34
HIST 7469 28
HIST 7470 40
HIST 7471 36
HIST 7472 34
HIST 7473 30
HIST 7474 28
HIST 7475 25
HIST 7476 22
HIST 7477 37
HIST 7478 37
HIST 7479 31
HIST 7480 36
HIST 7481 38
HIST 7482 32
HIST 7483 39
HIST 7484 26
HIST 7485 30
HIST 7486 34
HIST 7487 31
HIST 7488 37
HIST 7489 26
HIST 7490 24
HIST 7491 28
HIST 7492 27
HIST 7493 28
HIST 7494 39
HIST 7495 27
HIST 7496 27
HIST 7497 38
HIST 7498 29
HIST 7499 33
HIST 7500 31
HIST 7501 28
HIST 7502 40
HIST 7503 108
HIST 7504 38
HIST 7505 37
HIST 7506 71
HIST 7507 29
HIST 7508 35
HIST 7509 40
HIST 7510 33
HIST 7511 32
HIST 7512 33
HIST 7513 20
HIST 7514 35
HIST 7515 31
HIST 7516 27
HIST 7517 31
HIST 7518 23
HIST 7519 30
HIST 7520 32
HIST 7521 30
HIST 7522 35
HIST 7523 27
HIST 7524 31
HIST 7525 36
HIST 7526 43
HIST 7527 32
HIST 7528 39
HIST 7529 40
HIST 7530 23
HIST 7531 29
HIST 7532 34
HIST 7533 31
HIST 7534 31
HIST 7535 31
HIST 7536 35
HIST 7537 40
HIST 7538 33
HIST 7539 41
HIST 7540 31
HIST 7541 26
HIST 7542 33
HIST 7543 39
HIST 7544 29
HIST 7545 36
HIST 7546 33
HIST 7547 29
HIST 7548 44
HIST 7549 40
HIST 7550 32
HIST 7551 33
HIST 7552 33
HIST 7553 36
HIST 7554 414
HIST 7555 33
HIST 7556 25
HIST 7557 29
HIST 7558 29
HIST 7559 40
HIST 7560 26
HIST 7561 45
HIST 7562 40
HIST 7563 25
HIST 7564 28
HIST 7565 46
HIST 7566 22
HIST 7567 32
HIST 7568 24
HIST 7569 34
HIST 7570 20
HIST 7571 28
HIST 7572 32
HIST 7573 30
HIST 7574 29
HIST 7575 32
HIST 7576 32
HIST 7577 36
HIST 7578 32
HIST 7579 32
HIST 7580 34
HIST 7581 24
HIST 7582 34
HIST 7583 36
HIST 7584 35
HIST 7585 33
HIST 7586 27
HIST 7587 29
HIST 7588 35
HIST 7589 39
HIST 7590 36
HIST 7591 30
HIST 7592 24
HIST 7593 36
HIST 7594 29
HIST 7595 53
HIST 7596 42
HIST 7597 28
HIST 7598 32
HIST 7599 30
HIST 7600 26
HIST 7601 36
HIST 7602 34
HIST 7603 40
HIST 7604 29
HIST 7605 24
HIST 7606 32
HIST 7607 40
HIST 7608 32
HIST 7609 39
HIST 7610 21
HIST 7611 29
HIST 7612 29
HIST 7613 30
HIST 7614 30
HIST 7615 31
HIST 7616 39
HIST 7617 23
HIST 7618 32
HIST 7619 35
HIST 7620 29
HIST 7621 20
HIST 7622 26
HIST 7623 28
HIST 7624 24
HIST 7625 30
HIST 7626 33
HIST 7627 32
HIST 7628 22
HIST 7629 27
HIST 7630 37
HIST 7631 31
HIST 7632 28
HIST 7633 34
HIST 7634 27
HIST 7635 26
HIST 7636 37
HIST 7637 27
HIST 7638 31
HIST 7639 36
HIST 7640 35
HIST 7641 33
HIST 7642 27
HIST 7643 19
HIST 7644 26
HIST 7645 31
HIST 7646 22
HIST 7647 27
HIST 7648 44
HIST 7649 546
HIST 7650 24
HIST 7651 24
HIST 7652 32
HIST 7653 32
HIST 7654 17
HIST 7655 33
HIST 7656 19
HIST 7657 32
HIST 7658 27
HIST 7659 22
HIST 7660 29
HIST 7661 34
HIST 7662 31
HIST 7663 30
HIST 7664 28
HIST 7665 33
HIST 7666 29
HIST 7667 27
HIST 7668 32
HIST 7669 27
HIST 7670 27
HIST 7671 25
HIST 7672 17
HIST 7673 23
HIST 7674 23
HIST 7675 21
HIST 7676 32
HIST 7677 27
HIST 7678 32
HIST 7679 28
HIST 7680 28
HIST 7681 34
HIST 7682 25
HIST 7683 31
HIST 7684 33
HIST 7685 27
HIST 7686 36
HIST 7687 22
HIST 7688 23
HIST 7689 41
HIST 7690 232
HIST 7691 23
HIST 7692 20
HIST 7693 39
HIST 7694 23
HIST 7695 33
HIST 7696 29
HIST 7697 23
HIST 7698 27
HIST 7699 35
HIST 7700 23
HIST 7701 20
HIST 7702 32
HIST 7703 20
HIST 7704 31
HIST 7705 22
HIST 7706 31
HIST 7707 30
HIST 7708 28
HIST 7709 20
HIST 7710 24
HIST 7711 19
HIST 7712 20
HIST 7713 34
HIST 7714 22
HIST 7715 22
HIST 7716 28
HIST 7717 19
HIST 7718 29
HIST 7719 34
HIST 7720 36
HIST 7721 28
HIST 7722 24
HIST 7723 23
HIST 7724 30
HIST 7725 37
HIST 7726 28
HIST 7727 28
HIST 7728 33
HIST 7729 36
HIST 7730 22
HIST 7731 24
HIST 7732 30
HIST 7733 37
HIST 7734 25
HIST 7735 21
HIST 7736 22
HIST 7737 27
HIST 7738 30
HIST 7739 26
HIST 7740 24
HIST 7741 30
HIST 7742 29
HIST 7743 25
HIST 7744 17
HIST 7745 19
HIST 7746 28
HIST 7747 27
HIST 7748 18
HIST 7749 25
HIST 7750 38
HIST 7751 32
HIST 7752 21
HIST 7753 23
HIST 7754 33
HIST 7755 21
HIST 7756 28
HIST 7757 13
HIST 7758 25
HIST 7759 18
HIST 7760 22
HIST 7761 21
HIST 7762 34
HIST 7763 21
HIST 7764 30
HIST 7765 22
HIST 7766 30
HIST 7767 37
HIST 7768 23
HIST 7769 27
HIST 7770 40
HIST 7771 24
HIST 7772 26
HIST 7773 28
HIST 7774 24
HIST 7775 24
HIST 7776 26
HIST 7777 23
HIST 7778 26
HIST 7779 21
HIST 7780 28
HIST 7781 23
HIST 7782 28
HIST 7783 39
HIST 7784 28
HIST 7785 30
HIST 7786 25
HIST 7787 24
HIST 7788 27
HIST 7789 36346
HIST 7790 21
HIST 7791 17
HIST 7792 20
HIST 7793 17
HIST 7794 21
HIST 7795 27
HIST 7796 27
HIST 7797 33
HIST 7798 33
HIST 7799 32
HIST 7800 26
HIST 7801 24
HIST 7802 25
HIST 7803 23
HIST 7804 18
HIST 7805 25
HIST 7806 31
HIST 7807 34
HIST 7808 17
HIST 7809 25
HIST 7810 27
HIST 7811 32
HIST 7812 28
HIST 7813 24
HIST 7814 29
HIST 7815 23
HIST 7816 29
HIST 7817 18
HIST 7818 23
HIST 7819 24
HIST 7820 28
HIST 7821 32
HIST 7822 29
HIST 7823 18
HIST 7824 30
HIST 7825 25
HIST 7826 33
HIST 7827 25
HIST 7828 18
HIST 7829 29
HIST 7830 22
HIST 7831 27
HIST 7832 32
HIST 7833 27
HIST 7834 32
HIST 7835 28
HIST 7836 34
HIST 7837 27
HIST 7838 20
HIST 7839 24
HIST 7840 35
HIST 7841 23
HIST 7842 27
HIST 7843 32
HIST 7844 20
HIST 7845 34
HIST 7846 26
HIST 7847 27
HIST 7848 30
HIST 7849 25
HIST 7850 33
HIST 7851 33
HIST 7852 30
HIST 7853 35
HIST 7854 29
HIST 7855 18
HIST 7856 32
HIST 7857 18
HIST 7858 21
HIST 7859 34
HIST 7860 22
HIST 7861 27
HIST 7862 25
HIST 7863 24
HIST 7864 22
HIST 7865 26
HIST 7866 26
HIST 7867 22
HIST 7868 23
HIST 7869 17
HIST 7870 27
HIST 7871 24
HIST 7872 21
HIST 7873 28
HIST 7874 24
HIST 7875 25
HIST 7876 26
HIST 7877 26
HIST 7878 21
HIST 7879 28
HIST 7880 25
HIST 7881 39
HIST 7882 22
HIST 7883 25
HIST 7884 24
HIST 7885 23
HIST 7886 24
HIST 7887 30
HIST 7888 30
HIST 7889 26
HIST 7890 30
HIST 7891 32
HIST 7892 22
HIST 7893 24
HIST 7894 29
HIST 7895 26
HIST 7896 23
HIST 7897 24
HIST 7898 28
HIST 7899 19
HIST 7900 16
HIST 7901 17
HIST 7902 25
HIST 7903 18
HIST 7904 22
HIST 7905 23
HIST 7906 34
HIST 7907 23
HIST 7908 24
HIST 7909 22
HIST 7910 23
HIST 7911 19
HIST 7912 30
HIST 7913 20
HIST 7914 23
HIST 7915 24
HIST 7916 27
HIST 7917 33
HIST 7918 26
HIST 7919 30
HIST 7920 24
HIST 7921 24
HIST 7922 28
HIST 7923 21
HIST 7924 34
HIST 7925 27
HIST 7926 22
HIST 7927 21
HIST 7928 24
HIST 7929 31
HIST 7930 34
HIST 7931 20
HIST 7932 29
HIST 7933 24
HIST 7934 23
HIST 7935 25
HIST 7936 31
HIST 7937 28
HIST 7938 23
HIST 7939 27
HIST 7940 32
HIST 7941 24
HIST 7942 22
HIST 7943 33
HIST 7944 31
HIST 7945 27
HIST 7946 24
HIST 7947 29
HIST 7948 81
HIST 7949 26
HIST 7950 27
HIST 7951 26
HIST 7952 24
HIST 7953 23
HIST 7954 18
HIST 7955 31
HIST 7956 22
HIST 7957 30
HIST 7958 22
HIST 7959 20
HIST 7960 32
HIST 7961 26
HIST 7962 23
HIST 7963 25
HIST 7964 39
HIST 7965 31
HIST 7966 33
HIST 7967 31
HIST 7968 19
HIST 7969 24
HIST 7970 27
HIST 7971 24
HIST 7972 25
HIST 7973 23
HIST 7974 25
HIST 7975 31
HIST 7976 24
HIST 7977 32
HIST 7978 32
HIST 7979 39
HIST 7980 27
HIST 7981 17
HIST 7982 25
HIST 7983 29
HIST 7984 23
HIST 7985 19
HIST 7986 23
HIST 7987 21
HIST 7988 25
HIST 7989 26
HIST 7990 22
HIST 7991 31
HIST 7992 27
HIST 7993 26
HIST 7994 18
HIST 7995 23
HIST 7996 31
HIST 7997 26
HIST 7998 21
HIST 7999 22
HIST 8000 26
HIST 8001 23
HIST 8002 29
HIST 8003 17
HIST 8004 22
HIST 8005 26
HIST 8006 35
HIST 8007 25
HIST 8008 32
HIST 8009 24
HIST 8010 28
HIST 8011 30
HIST 8012 31
HIST 8013 21
HIST 8014 35
HIST 8015 24
HIST 8016 24
HIST 8017 29
HIST 8018 19
HIST 8019 28
HIST 8020 23
HIST 8021 25
HIST 8022 25
HIST 8023 23
HIST 8024 20
HIST 8025 27
HIST 8026 35
HIST 8027 20
HIST 8028 35
HIST 8029 19
HIST 8030 36
HIST 8031 27
HIST 8032 21
HIST 8033 31
HIST 8034 25
HIST 8035 36
HIST 8036 28
HIST 8037 32
HIST 8038 24
HIST 8039 28
HIST 8040 26
HIST 8041 20
HIST 8042 24
HIST 8043 30
HIST 8044 20
HIST 8045 28
HIST 8046 22
HIST 8047 23
HIST 8048 26
HIST 8049 28
HIST 8050 32
HIST 8051 26
HIST 8052 25
HIST 8053 16
HIST 8054 28
HIST 8055 21
HIST 8056 27
HIST 8057 20
HIST 8058 73
HIST 8059 22
HIST 8060 19
HIST 8061 25
HIST 8062 26
HIST 8063 20
HIST 8064 29
HIST 8065 34
HIST 8066 32
HIST 8067 26
HIST 8068 28
HIST 8069 19
HIST 8070 42
HIST 8071 25
HIST 8072 29
HIST 8073 28
HIST 8074 24
HIST 8075 22
HIST 8076 30
HIST 8077 18
HIST 8078 23
HIST 8079 34
HIST 8080 27
HIST 8081 30
HIST 8082 22
HIST 8083 35
HIST 8084 27
HIST 8085 30
HIST 8086 26
HIST 8087 25
HIST 8088 16
HIST 8089 32
HIST 8090 30
HIST 8091 30
HIST 8092 28
HIST 8093 31
HIST 8094 31
HIST 8095 27
HIST 8096 25
HIST 8097 25
HIST 8098 28
HIST 8099 26
HIST 8100 29
HIST 8101 24
HIST 8102 24
HIST 8103 20
HIST 8104 20
HIST 8105 894
HIST 8106 27
HIST 8107 27
HIST 8108 22
HIST 8109 24
HIST 8110 29
HIST 8111 29
HIST 8112 25
HIST 8113 29
HIST 8114 26
HIST 8115 23
HIST 8116 20
HIST 8117 27
HIST 8118 27
HIST 8119 17
HIST 8120 24
HIST 8121 26
HIST 8122 21
HIST 8123 21
HIST 8124 22
HIST 8125 24
HIST 8126 17
HIST 8127 24
HIST 8128 28
HIST 8129 32
HIST 8130 21
HIST 8131 23
HIST 8132 37
HIST 8133 40
HIST 8134 22
HIST 8135 23
HIST 8136 22
HIST 8137 19
HIST 8138 28
HIST 8139 23
HIST 8140 30
HIST 8141 17
HIST 8142 29
HIST 8143 30
HIST 8144 22
HIST 8145 28
HIST 8146 29
HIST 8147 31
HIST 8148 25
HIST 8149 20
HIST 8150 23
HIST 8151 21
HIST 8152 29
HIST 8153 36
HIST 8154 22
HIST 8155 27
HIST 8156 25
HIST 8157 21
HIST 8158 27
HIST 8159 25
HIST 8160 29
HIST 8161 33
HIST 8162 33
HIST 8163 23
HIST 8164 19
HIST 8165 26
HIST 8166 22
HIST 8167 28
HIST 8168 24
HIST 8169 35
HIST 8170 25
HIST 8171 31
HIST 8172 29
HIST 8173 29
HIST 8174 22
HIST 8175 30
HIST 8176 18
HIST 8177 29
HIST 8178 25
HIST 8179 17
HIST 8180 24
HIST 8181 18
HIST 8182 21
HIST 8183 25
HIST 8184 22
HIST 8185 27
HIST 8186 18
HIST 8187 28
HIST 8188 27
HIST 8189 24
HIST 8190 31
HIST 8191 26
HIST 8192 25
HIST 8193 18
HIST 8194 23
HIST 8195 18
HIST 8196 23
HIST 8197 35
HIST 8198 28
HIST 8199 21
HIST 8200 25
HIST 8201 25
HIST 8202 32
HIST 8203 28
HIST 8204 21
HIST 8205 23
HIST 8206 29
HIST 8207 27
HIST 8208 25
HIST 8209 27
HIST 8210 38
HIST 8211 27
HIST 8212 29
HIST 8213 50
HIST 8214 21
HIST 8215 25
HIST 8216 29
HIST 8217 16
HIST 8218 27
HIST 8219 36
HIST 8220 42
HIST 8221 26
HIST 8222 25
HIST 8223 24
HIST 8224 25
HIST 8225 25
HIST 8226 18
HIST 8227 27
HIST 8228 25
HIST 8229 28
HIST 8230 24
HIST 8231 31
HIST 8232 31
HIST 8233 26
HIST 8234 23
HIST 8235 28
HIST 8236 24
HIST 8237 37
HIST 8238 29
HIST 8239 29
HIST 8240 25
HIST 8241 30
HIST 8242 25
HIST 8243 33
HIST 8244 21
HIST 8245 35
HIST 8246 26
HIST 8247 27
HIST 8248 17
HIST 8249 21
HIST 8250 23
HIST 8251 24
HIST 8252 25
HIST 8253 23
HIST 8254 21
HIST 8255 35
HIST 8256 22
HIST 8257 24
HIST 8258 22
HIST 8259 27
HIST 8260 21
HIST 8261 30
HIST 8262 20
HIST 8263 21
HIST 8264 26
HIST 8265 20
HIST 8266 22
HIST 8267 28
HIST 8268 33
HIST 8269 24
HIST 8270 30
HIST 8271 26
HIST 8272 28
HIST 8273 41
HIST 8274 21
HIST 8275 35
HIST 8276 24
HIST 8277 34
HIST 8278 20
HIST 8279 27
HIST 8280 22
HIST 8281 19
HIST 8282 33
HIST 8283 28
HIST 8284 24
HIST 8285 24
HIST 8286 29
HIST 8287 16
HIST 8288 27
HIST 8289 24
HIST 8290 36
HIST 8291 25
HIST 8292 26
HIST 8293 27
HIST 8294 24
HIST 8295 22
HIST 8296 22
HIST 8297 25
HIST 8298 22
HIST 8299 29
HIST 8300 14
HIST 8301 20
HIST 8302 29
HIST 8303 35
HIST 8304 28
HIST 8305 20
HIST 8306 33
HIST 8307 28
HIST 8308 34
HIST 8309 23
HIST 8310 22
HIST 8311 20
HIST 8312 26
HIST 8313 26
HIST 8314 27
HIST 8315 37
HIST 8316 29
HIST 8317 23
HIST 8318 30
HIST 8319 24
HIST 8320 28
HIST 8321 22
HIST 8322 25
HIST 8323 35
HIST 8324 28
HIST 8325 28
HIST 8326 29
HIST 8327 27
HIST 8328 27
HIST 8329 17
HIST 8330 33
HIST 8331 26
HIST 8332 32
HIST 8333 19
HIST 8334 31
HIST 8335 33
HIST 8336 25
HIST 8337 20
HIST 8338 24
HIST 8339 28
HIST 8340 33
HIST 8341 28
HIST 8342 33
HIST 8343 25
HIST 8344 21
HIST 8345 32
HIST 8346 32
HIST 8347 25
HIST 8348 29
HIST 8349 30
HIST 8350 28
HIST 8351 36
HIST 8352 14
HIST 8353 23
HIST 8354 31
HIST 8355 15
HIST 8356 25
HIST 8357 32
HIST 8358 18
HIST 8359 25
HIST 8360 26
HIST 8361 31
HIST 8362 19
HIST 8363 30
HIST 8364 35
HIST 8365 16
HIST 8366 25
HIST 8367 32
HIST 8368 15
HIST 8369 34
HIST 8370 18
HIST 8371 21
HIST 8372 25
HIST 8373 21
HIST 8374 15
HIST 8375 22
HIST 8376 20
HIST 8377 22
HIST 8378 33
HIST 8379 19
HIST 8380 33
HIST 8381 29
HIST 8382 23
HIST 8383 33
HIST 8384 15
HIST 8385 24
HIST 8386 17
HIST 8387 24
HIST 8388 42
HIST 8389 31
HIST 8390 19
HIST 8391 46
HIST 8392 19
HIST 8393 21
HIST 8394 65
HIST 8395 27
HIST 8396 28
HIST 8397 28
HIST 8398 25
HIST 8399 27
HIST 8400 22
HIST 8401 13
HIST 8402 27
HIST 8403 28
HIST 8404 26
HIST 8405 30
HIST 8406 25
HIST 8407 18
HIST 8408 28
HIST 8409 22
HIST 8410 25
HIST 8411 60
HIST 8412 20
HIST 8413 26
HIST 8414 38
HIST 8415 16
HIST 8416 445
HIST 8417 31
HIST 8418 29
HIST 8419 15
HIST 8420 34
HIST 8421 25
HIST 8422 25
HIST 8423 30
HIST 8424 28
HIST 8425 16
HIST 8426 19
HIST 8427 33
HIST 8428 30
HIST 8429 24
HIST 8430 41
HIST 8431 32
HIST 8432 31
HIST 8433 23
HIST 8434 22
HIST 8435 30
HIST 8436 37
HIST 8437 29
HIST 8438 20
HIST 8439 30
HIST 8440 25
HIST 8441 26
HIST 8442 28
HIST 8443 15
HIST 8444 24
HIST 8445 27
HIST 8446 15
HIST 8447 28
HIST 8448 22
HIST 8449 19
HIST 8450 25
HIST 8451 31
HIST 8452 19
HIST 8453 36
HIST 8454 25
HIST 8455 27
HIST 8456 26
HIST 8457 28
HIST 8458 29
HIST 8459 27
HIST 8460 27
HIST 8461 34
HIST 8462 17
HIST 8463 28
HIST 8464 25
HIST 8465 25
HIST 8466 27
HIST 8467 23
HIST 8468 19
HIST 8469 21
HIST 8470 32
HIST 8471 40
HIST 8472 30
HIST 8473 22
HIST 8474 27
HIST 8475 35
HIST 8476 32
HIST 8477 27
HIST 8478 43
HIST 8479 18
HIST 8480 25
HIST 8481 25
HIST 8482 25
HIST 8483 27
HIST 8484 28
HIST 8485 27
HIST 8486 31
HIST 8487 30
HIST 8488 20
HIST 8489 25
HIST 8490 23
HIST 8491 20
HIST 8492 21
HIST 8493 19
HIST 8494 37
HIST 8495 39
HIST 8496 26
HIST 8497 25
HIST 8498 28
HIST 8499 30
HIST 8500 31
HIST 8501 29
HIST 8502 19
HIST 8503 26
HIST 8504 24
HIST 8505 20
HIST 8506 33
HIST 8507 25
HIST 8508 24
HIST 8509 18
HIST 8510 27
HIST 8511 29
HIST 8512 27
HIST 8513 25
HIST 8514 32
HIST 8515 22
HIST 8516 18
HIST 8517 11
HIST 8518 19
HIST 8519 35
HIST 8520 21
HIST 8521 22
HIST 8522 22
HIST 8523 30
HIST 8524 13
HIST 8525 22
HIST 8526 25
HIST 8527 21
HIST 8528 27
HIST 8529 34
HIST 8530 29
HIST 8531 34
HIST 8532 28
HIST 8533 36
HIST 8534 24
HIST 8535 26
HIST 8536 34
HIST 8537 27
HIST 8538 26
HIST 8539 28
HIST 8540 19
HIST 8541 22
HIST 8542 32
HIST 8543 24
HIST 8544 24
HIST 8545 31
HIST 8546 25
HIST 8547 24
HIST 8548 31
HIST 8549 16
HIST 8550 28
HIST 8551 24
HIST 8552 33
HIST 8553 20
HIST 8554 15
HIST 8555 31
HIST 8556 19
HIST 8557 29
HIST 8558 21
HIST 8559 30
HIST 8560 26
HIST 8561 22
HIST 8562 32
HIST 8563 19
HIST 8564 19
HIST 8565 23
HIST 8566 28
HIST 8567 18
HIST 8568 24
HIST 8569 39
HIST 8570 24
HIST 8571 34
HIST 8572 26
HIST 8573 17
HIST 8574 20
HIST 8575 36
HIST 8576 24
HIST 8577 30
HIST 8578 24
HIST 8579 32
HIST 8580 27
HIST 8581 25
HIST 8582 25
HIST 8583 34
HIST 8584 40
HIST 8585 16
HIST 8586 28
HIST 8587 28
HIST 8588 26
HIST 8589 35
HIST 8590 36
HIST 8591 25
HIST 8592 31
HIST 8593 24
HIST 8594 31
HIST 8595 28
HIST 8596 33
HIST 8597 26
HIST 8598 16
HIST 8599 34
HIST 8600 30
HIST 8601 24
HIST 8602 26
HIST 8603 24
HIST 8604 21
HIST 8605 28
HIST 8606 20
HIST 8607 30
HIST 8608 20
HIST 8609 19
HIST 8610 31
HIST 8611 35
HIST 8612 22
HIST 8613 32
HIST 8614 25
HIST 8615 25
HIST 8616 28
HIST 8617 22
HIST 8618 26
HIST 8619 27
HIST 8620 24
HIST 8621 31
HIST 8622 23
HIST 8623 25
HIST 8624 27
HIST 8625 21
HIST 8626 27
HIST 8627 36
HIST 8628 17
HIST 8629 27
HIST 8630 39
HIST 8631 29
HIST 8632 24
HIST 8633 22
HIST 8634 21
HIST 8635 29
HIST 8636 28
HIST 8637 19
HIST 8638 31
HIST 8639 28
HIST 8640 37
HIST 8641 34
HIST 8642 32
HIST 8643 30
HIST 8644 20
HIST 8645 35
HIST 8646 22
HIST 8647 28
HIST 8648 27
HIST 8649 21
HIST 8650 28
HIST 8651 27
HIST 8652 18
HIST 8653 30
HIST 8654 20
HIST 8655 24
HIST 8656 25
HIST 8657 24
HIST 8658 22
HIST 8659 18
HIST 8660 31
HIST 8661 33
HIST 8662 30
HIST 8663 27
HIST 8664 27
HIST 8665 28
HIST 8666 36
HIST 8667 21
HIST 8668 24
HIST 8669 36
HIST 8670 28
HIST 8671 17
HIST 8672 21
HIST 8673 19
HIST 8674 9408
HIST 8675 24
HIST 8676 22
HIST 8677 32
HIST 8678 30
HIST 8679 18
HIST 8680 32
HIST 8681 26
HIST 8682 23
HIST 8683 21
HIST 8684 16
HIST 8685 27
HIST 8686 29
HIST 8687 28
HIST 8688 25
HIST 8689 25
HIST 8690 27
HIST 8691 26
HIST 8692 30
HIST 8693 34
HIST 8694 28
HIST 8695 19
HIST 8696 23
HIST 8697 20
HIST 8698 25
HIST 8699 31
HIST 8700 26
HIST 8701 15
HIST 8702 30
HIST 8703 19
HIST 8704 23
HIST 8705 24
HIST 8706 22
HIST 8707 20
HIST 8708 23
HIST 8709 29
HIST 8710 25
HIST 8711 17
HIST 8712 21
HIST 8713 18
HIST 8714 20
HIST 8715 27
HIST 8716 30
HIST 8717 26
HIST 8718 24
HIST 8719 22
HIST 8720 29
HIST 8721 28
HIST 8722 28
HIST 8723 24
HIST 8724 20
HIST 8725 21
HIST 8726 34
HIST 8727 23
HIST 8728 25
HIST 8729 35
HIST 8730 29
HIST 8731 25
HIST 8732 23
HIST 8733 25
HIST 8734 26
HIST 8735 25
HIST 8736 26
HIST 8737 37
HIST 8738 28
HIST 8739 39
HIST 8740 25
HIST 8741 22
HIST 8742 24
HIST 8743 21
HIST 8744 28
HIST 8745 31
HIST 8746 26
HIST 8747 29
HIST 8748 21
HIST 8749 26
HIST 8750 20
HIST 8751 36
HIST 8752 22
HIST 8753 27
HIST 8754 26
HIST 8755 29
HIST 8756 25
HIST 8757 27
HIST 8758 19
HIST 8759 24
HIST 8760 29
HIST 8761 26
HIST 8762 25
HIST 8763 24
HIST 8764 32
HIST 8765 23
HIST 8766 21
HIST 8767 31
HIST 8768 24
HIST 8769 30
HIST 8770 29
HIST 8771 26
HIST 8772 23
HIST 8773 23
HIST 8774 16
HIST 8775 31
HIST 8776 25
HIST 8777 22
HIST 8778 24
HIST 8779 27
HIST 8780 32
HIST 8781 18
HIST 8782 26
HIST 8783 36
HIST 8784 26
HIST 8785 21
HIST 8786 31
HIST 8787 23
HIST 8788 21
HIST 8789 53
HIST 8790 22
HIST 8791 30
HIST 8792 43
HIST 8793 19
HIST 8794 29
HIST 8795 23
HIST 8796 30
HIST 8797 22
HIST 8798 27
HIST 8799 37
HIST 8800 24
HIST 8801 20
HIST 8802 22
HIST 8803 19
HIST 8804 23
HIST 8805 29
HIST 8806 25
HIST 8807 21
HIST 8808 32
HIST 8809 23
HIST 8810 17
HIST 8811 35
HIST 8812 22
HIST 8813 22
HIST 8814 25
HIST 8815 19
HIST 8816 22
HIST 8817 29
HIST 8818 17
HIST 8819 23
HIST 8820 24
HIST 8821 20
HIST 8822 29
HIST 8823 24
HIST 8824 29
HIST 8825 22
HIST 8826 28
HIST 8827 25
HIST 8828 27
HIST 8829 23
HIST 8830 30
HIST 8831 24
HIST 8832 19
HIST 8833 23
HIST 8834 30
HIST 8835 27
HIST 8836 26
HIST 8837 17
HIST 8838 19
HIST 8839 17
HIST 8840 22
HIST 8841 11
HIST 8842 28
HIST 8843 21
HIST 8844 21
HIST 8845 25
HIST 8846 20
HIST 8847 28
HIST 8848 27
HIST 8849 20
HIST 8850 17
HIST 8851 22
HIST 8852 26
HIST 8853 27
HIST 8854 33
HIST 8855 26
HIST 8856 20
HIST 8857 28
HIST 8858 31
HIST 8859 14
HIST 8860 19
HIST 8861 11
HIST 8862 22
HIST 8863 19
HIST 8864 27
HIST 8865 20
HIST 8866 21
HIST 8867 23
HIST 8868 14
HIST 8869 23
HIST 8870 27
HIST 8871 20
HIST 8872 19
HIST 8873 19
HIST 8874 17
HIST 8875 29
HIST 8876 20
HIST 8877 23
HIST 8878 22
HIST 8879 18
HIST 8880 15
HIST 8881 23
HIST 8882 21
HIST 8883 21
HIST 8884 20
HIST 8885 22
HIST 8886 21
HIST 8887 15
HIST 8888 23
HIST 8889 23
HIST 8890 17
HIST 8891 23
HIST 8892 15
HIST 8893 18
HIST 8894 18
HIST 8895 19
HIST 8896 27
HIST 8897 28
HIST 8898 19
HIST 8899 27
HIST 8900 22
HIST 8901 20
HIST 8902 24
HIST 8903 18
HIST 8904 22
HIST 8905 22
HIST 8906 28
HIST 8907 23
HIST 8908 23
HIST 8909 27
HIST 8910 21
HIST 8911 21
HIST 8912 18
HIST 8913 25
HIST 8914 28
HIST 8915 24
HIST 8916 21
HIST 8917 23
HIST 8918 25
HIST 8919 11
HIST 8920 22
HIST 8921 21
HIST 8922 22
HIST 8923 25
HIST 8924 14
HIST 8925 26
HIST 8926 28
HIST 8927 28
HIST 8928 12
HIST 8929 20
HIST 8930 14
HIST 8931 22
HIST 8932 23
HIST 8933 19
HIST 8934 23
HIST 8935 25
HIST 8936 21
HIST 8937 24
HIST 8938 18
HIST 8939 18
HIST 8940 17
HIST 8941 19
HIST 8942 20
HIST 8943 32
HIST 8944 22
HIST 8945 21
HIST 8946 25
HIST 8947 25
HIST 8948 19
HIST 8949 19
HIST 8950 12
HIST 8951 30
HIST 8952 22
HIST 8953 20
HIST 8954 19
HIST 8955 21
HIST 8956 17
HIST 8957 26
HIST 8958 16
HIST 8959 28
HIST 8960 23
HIST 8961 22
HIST 8962 19
HIST 8963 20
HIST 8964 19
HIST 8965 26
HIST 8966 20
HIST 8967 19
HIST 8968 15
HIST 8969 29
HIST 8970 414
HIST 8971 18
HIST 8972 22
HIST 8973 18
HIST 8974 22
HIST 8975 16
HIST 8976 23
HIST 8977 17
HIST 8978 22
HIST 8979 30
HIST 8980 20
HIST 8981 27
HIST 8982 16
HIST 8983 20
HIST 8984 12
HIST 8985 32
HIST 8986 27
HIST 8987 14
HIST 8988 21
HIST 8989 19
HIST 8990 19
HIST 8991 27
HIST 8992 26
HIST 8993 19
HIST 8994 24
HIST 8995 21
HIST 8996 16
HIST 8997 18
HIST 8998 19
HIST 8999 27
HIST 9000 17
HIST 9001 31
HIST 9002 16
HIST 9003 18
HIST 9004 15
HIST 9005 20
HIST 9006 21
HIST 9007 21
HIST 9008 21
HIST 9009 19
HIST 9010 13
HIST 9011 24
HIST 9012 187
HIST 9013 20
HIST 9014 21
HIST 9015 19
HIST 9016 19
HIST 9017 17
HIST 9018 18
HIST 9019 19
HIST 9020 14
HIST 9021 21
HIST 9022 20
HIST 9023 22
HIST 9024 17
HIST 9025 23
HIST 9026 25
HIST 9027 27
HIST 9028 21
HIST 9029 18
HIST 9030 13
HIST 9031 22
HIST 9032 20
HIST 9033 23
HIST 9034 22
HIST 9035 26
HIST 9036 21
HIST 9037 21
HIST 9038 25
HIST 9039 18
HIST 9040 22
HIST 9041 13
HIST 9042 12
HIST 9043 21
HIST 9044 15
HIST 9045 16
HIST 9046 21
HIST 9047 20
HIST 9048 19
HIST 9049 22
HIST 9050 17
HIST 9051 16
HIST 9052 22
HIST 9053 20
HIST 9054 20
HIST 9055 23
HIST 9056 16
HIST 9057 13
HIST 9058 15
HIST 9059 21
HIST 9060 44
HIST 9061 15
HIST 9062 20
HIST 9063 17
HIST 9064 23
HIST 9065 16
HIST 9066 16
HIST 9067 15
HIST 9068 22
HIST 9069 151
HIST 9070 20
HIST 9071 22
HIST 9072 8
HIST 9073 13
HIST 9074 17
HIST 9075 221
HIST 9076 14
HIST 9077 11
HIST 9078 18
HIST 9079 22
HIST 9080 16
HIST 9081 21
HIST 9082 15
HIST 9083 9
HIST 9084 16
HIST 9085 27
HIST 9086 17
HIST 9087 15
HIST 9088 16
HIST 9089 16
HIST 9090 15
HIST 9091 16
HIST 9092 15
HIST 9093 21
HIST 9094 17
HIST 9095 15
HIST 9096 23
HIST 9097 17
HIST 9098 13
HIST 9099 20
HIST 9100 18
HIST 9101 12
HIST 9102 14
HIST 9103 22
HIST 9104 17
HIST 9105 19
HIST 9106 20
HIST 9107 13
HIST 9108 13
HIST 9109 17
HIST 9110 19
HIST 9111 14
HIST 9112 19
HIST 9113 18
HIST 9114 21
HIST 9115 15
HIST 9116 19
HIST 9117 18
HIST 9118 21
HIST 9119 15
HIST 9120 16
HIST 9121 20
HIST 9122 14
HIST 9123 18
HIST 9124 21
HIST 9125 8
HIST 9126 17
HIST 9127 44
HIST 9128 65
HIST 9129 21
HIST 9130 15
HIST 9131 11
HIST 9132 28
HIST 9133 20
HIST 9134 19
HIST 9135 15
HIST 9136 19
HIST 9137 16
HIST 9138 10
HIST 9139 15
HIST 9140 42
HIST 9141 16
HIST 9142 20
HIST 9143 11
HIST 9144 18
HIST 9145 21
HIST 9146 10
HIST 9147 14
HIST 9148 10
HIST 9149 8
HIST 9150 15
HIST 9151 8
HIST 9152 15
HIST 9153 13
HIST 9154 16
HIST 9155 14
HIST 9156 16
HIST 9157 15
HIST 9158 16
HIST 9159 15
HIST 9160 16
HIST 9161 15
HIST 9162 16
HIST 9163 13
HIST 9164 13
HIST 9165 10
HIST 9166 17
HIST 9167 21
HIST 9168 10
HIST 9169 20
HIST 9170 18
HIST 9171 15
HIST 9172 20
HIST 9173 15
HIST 9174 13
HIST 9175 24
HIST 9176 17
HIST 9177 10
HIST 9178 20
HIST 9179 17
HIST 9180 12
HIST 9181 12
HIST 9182 13
HIST 9183 15
HIST 9184 19
HIST 9185 16
HIST 9186 15
HIST 9187 12
HIST 9188 18
HIST 9189 11
HIST 9190 7
HIST 9191 13
HIST 9192 18
HIST 9193 978
HIST 9194 18
HIST 9195 10
HIST 9196 17
HIST 9197 32
HIST 9198 16
HIST 9199 15
HIST 9200 17
HIST 9201 17
HIST 9202 16
HIST 9203 19
HIST 9204 11
HIST 9205 19
HIST 9206 20
HIST 9207 20
HIST 9208 14
HIST 9209 18
HIST 9210 15
HIST 9211 15
HIST 9212 18
HIST 9213 12
HIST 9214 19
HIST 9215 14
HIST 9216 16
HIST 9217 23
HIST 9218 13
HIST 9219 14
HIST 9220 13
HIST 9221 23
HIST 9222 14
HIST 9223 12
HIST 9224 18
HIST 9225 13
HIST 9226 14
HIST 9227 16
HIST 9228 20
HIST 9229 21
HIST 9230 17
HIST 9231 22
HIST 9232 6
HIST 9233 13
HIST 9234 25
HIST 9235 19
HIST 9236 18
HIST 9237 18
HIST 9238 13
HIST 9239 8
HIST 9240 17
HIST 9241 12
HIST 9242 15
HIST 9243 11
HIST 9244 15
HIST 9245 17
HIST 9246 18
HIST 9247 17
HIST 9248 15
HIST 9249 9
HIST 9250 14
HIST 9251 9
HIST 9252 22
HIST 9253 21
HIST 9254 14
HIST 9255 12
HIST 9256 11
HIST 9257 14
HIST 9258 22
HIST 9259 10
HIST 9260 14
HIST 9261 18
HIST 9262 14
HIST 9263 601
HIST 9264 11
HIST 9265 23
HIST 9266 16
HIST 9267 11
HIST 9268 9
HIST 9269 16
HIST 9270 15
HIST 9271 21
HIST 9272 17
HIST 9273 25
HIST 9274 13
HIST 9275 14
HIST 9276 11
HIST 9277 10
HIST 9278 14
HIST 9279 11
HIST 9280 7
HIST 9281 12
HIST 9282 14
HIST 9283 17
HIST 9284 17
HIST 9285 10
HIST 9286 9
HIST 9287 16
HIST 9288 17
HIST 9289 14
HIST 9290 15
HIST 9291 16
HIST 9292 14
HIST 9293 19
HIST 9294 22
HIST 9295 11
HIST 9296 18
HIST 9297 8
HIST 9298 22
HIST 9299 14
HIST 9300 15
HIST 9301 17
HIST 9302 13
HIST 9303 20
HIST 9304 15
HIST 9305 227
HIST 9306 17
HIST 9307 13
HIST 9308 9
HIST 9309 13
HIST 9310 18
HIST 9311 17
HIST 9312 16
HIST 9313 22
HIST 9314 14
HIST 9315 18
HIST 9316 11
HIST 9317 3
HIST 9318 32
HIST 9319 18
HIST 9320 13
HIST 9321 15
HIST 9322 14
HIST 9323 17
HIST 9324 16
HIST 9325 14
HIST 9326 14
HIST 9327 13
HIST 9328 17
HIST 9329 19
HIST 9330 16
HIST 9331 11
HIST 9332 15
HIST 9333 12
HIST 9334 25
HIST 9335 13
HIST 9336 20
HIST 9337 13
HIST 9338 13
HIST 9339 18
HIST 9340 10
HIST 9341 18
HIST 9342 16
HIST 9343 20
HIST 9344 9
HIST 9345 10
HIST 9346 13
HIST 9347 17
HIST 9348 4
HIST 9349 12
HIST 9350 13
HIST 9351 12
HIST 9352 15
HIST 9353 15
HIST 9354 79
HIST 9355 13
HIST 9356 16
HIST 9357 39
HIST 9358 16
HIST 9359 13
HIST 9360 22
HIST 9361 17
HIST 9362 14
HIST 9363 9
HIST 9364 23
HIST 9365 15
HIST 9366 16
HIST 9367 12
HIST 9368 13
HIST 9369 16
HIST 9370 26
HIST 9371 18
HIST 9372 24
HIST 9373 14
HIST 9374 14
HIST 9375 17
HIST 9376 7
HIST 9377 17
HIST 9378 19
HIST 9379 10
HIST 9380 13
HIST 9381 16
HIST 9382 12
HIST 9383 11
HIST 9384 12
HIST 9385 17
HIST 9386 16
HIST 9387 7
HIST 9388 14
HIST 9389 16
HIST 9390 6
HIST 9391 13
HIST 9392 17
HIST 9393 12
HIST 9394 9
HIST 9395 21
HIST 9396 14
HIST 9397 11
HIST 9398 12
HIST 9399 14
HIST 9400 9
HIST 9401 26
HIST 9402 9
HIST 9403 12
HIST 9404 10
HIST 9405 7
HIST 9406 13
HIST 9407 14
HIST 9408 11
HIST 9409 9
HIST 9410 14
HIST 9411 13
HIST 9412 12
HIST 9413 15
HIST 9414 17
HIST 9415 15
HIST 9416 13
HIST 9417 9
HIST 9418 20
HIST 9419 12
HIST 9420 14
HIST 9421 14
HIST 9422 11
HIST 9423 7
HIST 9424 10
HIST 9425 20
HIST 9426 16
HIST 9427 12
HIST 9428 6
HIST 9429 13
HIST 9430 11
HIST 9431 21
HIST 9432 13
HIST 9433 14
HIST 9434 13
HIST 9435 20
HIST 9436 20
HIST 9437 15
HIST 9438 6
HIST 9439 9
HIST 9440 14
HIST 9441 13
HIST 9442 13
HIST 9443 16
HIST 9444 10
HIST 9445 10
HIST 9446 15
HIST 9447 11
HIST 9448 14
HIST 9449 14
HIST 9450 23
HIST 9451 14
HIST 9452 9
HIST 9453 16
HIST 9454 17
HIST 9455 21
HIST 9456 14
HIST 9457 11
HIST 9458 10
HIST 9459 14
HIST 9460 16
HIST 9461 21
HIST 9462 11
HIST 9463 16
HIST 9464 10
HIST 9465 19
HIST 9466 27
HIST 9467 24
HIST 9468 16
HIST 9469 12
HIST 9470 11
HIST 9471 19
HIST 9472 11
HIST 9473 9
HIST 9474 15
HIST 9475 12
HIST 9476 14
HIST 9477 8
HIST 9478 13
HIST 9479 17
HIST 9480 9
HIST 9481 18
HIST 9482 12
HIST 9483 16
HIST 9484 19
HIST 9485 12
HIST 9486 13
HIST 9487 18
HIST 9488 16
HIST 9489 9
HIST 9490 10
HIST 9491 14
HIST 9492 15
HIST 9493 17
HIST 9494 15
HIST 9495 19
HIST 9496 11
HIST 9497 8
HIST 9498 15
HIST 9499 13
HIST 9500 13
HIST 9501 14
HIST 9502 15
HIST 9503 15
HIST 9504 13
HIST 9505 8
HIST 9506 12
HIST 9507 13
HIST 9508 18
HIST 9509 11
HIST 9510 13
HIST 9511 11
HIST 9512 12
HIST 9513 12
HIST 9514 9
HIST 9515 11
HIST 9516 10
HIST 9517 10
HIST 9518 10
HIST 9519 19
HIST 9520 17
HIST 9521 13
HIST 9522 15
HIST 9523 18
HIST 9524 12
HIST 9525 16
HIST 9526 10
HIST 9527 15
HIST 9528 12
HIST 9529 20
HIST 9530 15
HIST 9531 11
HIST 9532 15
HIST 9533 9
HIST 9534 11
HIST 9535 19
HIST 9536 12
HIST 9537 10
HIST 9538 10
HIST 9539 14
HIST 9540 13
HIST 9541 8
HIST 9542 14
HIST 9543 12
HIST 9544 20
HIST 9545 17
HIST 9546 16
HIST 9547 17
HIST 9548 16
HIST 9549 17
HIST 9550 15
HIST 9551 14
HIST 9552 12
HIST 9553 13
HIST 9554 15
HIST 9555 8
HIST 9556 15
HIST 9557 15
HIST 9558 21
HIST 9559 9
HIST 9560 13
HIST 9561 9
HIST 9562 9
HIST 9563 14
HIST 9564 13
HIST 9565 16
HIST 9566 12
HIST 9567 18
HIST 9568 12
HIST 9569 16
HIST 9570 16
HIST 9571 9
HIST 9572 12
HIST 9573 12
HIST 9574 15
HIST 9575 13
HIST 9576 10
HIST 9577 11
HIST 9578 11
HIST 9579 9
HIST 9580 13
HIST 9581 16
HIST 9582 12
HIST 9583 14
HIST 9584 12
HIST 9585 11
HIST 9586 12
HIST 9587 41
HIST 9588 14
HIST 9589 22
HIST 9590 12
HIST 9591 13
HIST 9592 12
HIST 9593 13
HIST 9594 11
HIST 9595 36
HIST 9596 14
HIST 9597 15
HIST 9598 18
HIST 9599 16
HIST 9600 9
HIST 9601 12
HIST 9602 12
HIST 9603 12
HIST 9604 12
HIST 9605 13
HIST 9606 20
HIST 9607 13
HIST 9608 16
HIST 9609 17
HIST 9610 14
HIST 9611 31
HIST 9612 20
HIST 9613 17
HIST 9614 15
HIST 9615 14
HIST 9616 19
HIST 9617 13
HIST 9618 19
HIST 9619 12
HIST 9620 12
HIST 9621 19
HIST 9622 8
HIST 9623 16
HIST 9624 12
HIST 9625 14
HIST 9626 20
HIST 9627 12
HIST 9628 13
HIST 9629 9
HIST 9630 11
HIST 9631 13
HIST 9632 10
HIST 9633 13
HIST 9634 323
HIST 9635 27
HIST 9636 6
HIST 9637 14
HIST 9638 10
HIST 9639 12
HIST 9640 19
HIST 9641 31238
HIST 9642 10
HIST 9643 9
HIST 9644 11
HIST 9645 17
HIST 9646 10
HIST 9647 20
HIST 9648 12
HIST 9649 15
HIST 9650 10
HIST 9651 14
HIST 9652 12
HIST 9653 12
HIST 9654 10
HIST 9655 10
HIST 9656 10
HIST 9657 14
HIST 9658 23
HIST 9659 21
HIST 9660 16
HIST 9661 16
HIST 9662 13
HIST 9663 14
HIST 9664 10
HIST 9665 29
HIST 9666 6
HIST 9667 16
HIST 9668 11
HIST 9669 11
HIST 9670 15
HIST 9671 16
HIST 9672 9
HIST 9673 10
HIST 9674 12
HIST 9675 15
HIST 9676 12
HIST 9677 7
HIST 9678 8
HIST 9679 10
HIST 9680 9
HIST 9681 14
HIST 9682 5
HIST 9683 10
HIST 9684 11
HIST 9685 9
HIST 9686 16
HIST 9687 33
HIST 9688 13
HIST 9689 16
HIST 9690 15
HIST 9691 16
HIST 9692 6
HIST 9693 11
HIST 9694 17
HIST 9695 8
HIST 9696 12
HIST 9697 14
HIST 9698 16
HIST 9699 11
HIST 9700 12
HIST 9701 10
HIST 9702 20
HIST 9703 15
HIST 9704 8
HIST 9705 7
HIST 9706 14
HIST 9707 16
HIST 9708 13
HIST 9709 11
HIST 9710 7
HIST 9711 21
HIST 9712 13
HIST 9713 20
HIST 9714 18
HIST 9715 14
HIST 9716 15
HIST 9717 11
HIST 9718 12
HIST 9719 34
HIST 9720 16
HIST 9721 12
HIST 9722 16
HIST 9723 14
HIST 9724 18
HIST 9725 9
HIST 9726 19
HIST 9727 17
HIST 9728 13
HIST 9729 11
HIST 9730 9
HIST 9731 8
HIST 9732 18
HIST 9733 18
HIST 9734 12
HIST 9735 12
HIST 9736 13
HIST 9737 12
HIST 9738 14
HIST 9739 11
HIST 9740 13
HIST 9741 54
HIST 9742 17
HIST 9743 19
HIST 9744 12
HIST 9745 17
HIST 9746 19
HIST 9747 9
HIST 9748 16
HIST 9749 19
HIST 9750 53
HIST 9751 10
HIST 9752 11
HIST 9753 48
HIST 9754 15
HIST 9755 12
HIST 9756 104
HIST 9757 4
HIST 9758 13
HIST 9759 59
HIST 9760 13
HIST 9761 13
HIST 9762 9
HIST 9763 11
HIST 9764 19
HIST 9765 14
HIST 9766 17
HIST 9767 11
HIST 9768 9
HIST 9769 15
HIST 9770 8
HIST 9771 11
HIST 9772 15
HIST 9773 20
HIST 9774 19
HIST 9775 17
HIST 9776 5
HIST 9777 14
HIST 9778 15
HIST 9779 14
HIST 9780 12
HIST 9781 13
HIST 9782 8
HIST 9783 15
HIST 9784 15
HIST 9785 19
HIST 9786 13
HIST 9787 15
HIST 9788 12
HIST 9789 6
HIST 9790 7
HIST 9791 11
HIST 9792 23
HIST 9793 21
HIST 9794 15
HIST 9795 16
HIST 9796 12
HIST 9797 11
HIST 9798 14
HIST 9799 16
HIST 9800 12
HIST 9801 13
HIST 9802 14
HIST 9803 17
HIST 9804 18
HIST 9805 10
HIST 9806 14
HIST 9807 12
HIST 9808 16
HIST 9809 35
HIST 9810 10
HIST 9811 18
HIST 9812 21
HIST 9813 15
HIST 9814 14
HIST 9815 7
HIST 9816 18
HIST 9817 11
HIST 9818 15
HIST 9819 7
HIST 9820 18
HIST 9821 19
HIST 9822 8
HIST 9823 20
HIST 9824 14
HIST 9825 9
HIST 9826 16
HIST 9827 14
HIST 9828 10
HIST 9829 6
HIST 9830 13
HIST 9831 19
HIST 9832 7
HIST 9833 21
HIST 9834 12
HIST 9835 14
HIST 9836 12
HIST 9837 12
HIST 9838 15
HIST 9839 13
HIST 9840 19
HIST 9841 17
HIST 9842 22
HIST 9843 10
HIST 9844 13
HIST 9845 16
HIST 9846 13
HIST 9847 15
HIST 9848 14
HIST 9849 6
HIST 9850 11
HIST 9851 20
HIST 9852 16
HIST 9853 12
HIST 9854 7
HIST 9855 15
HIST 9856 12
HIST 9857 13
HIST 9858 8
HIST 9859 16
HIST 9860 12
HIST 9861 14
HIST 9862 15
HIST 9863 10
HIST 9864 8
HIST 9865 9
HIST 9866 9
HIST 9867 14
HIST 9868 13
HIST 9869 13
HIST 9870 10
HIST 9871 19
HIST 9872 18
HIST 9873 14
HIST 9874 13
HIST 9875 14
HIST 9876 11
HIST 9877 16
HIST 9878 7
HIST 9879 11
HIST 9880 8
HIST 9881 11
HIST 9882 13
HIST 9883 12
HIST 9884 14
HIST 9885 9
HIST 9886 9
HIST 9887 10
HIST 9888 8
HIST 9889 15
HIST 9890 6
HIST 9891 18
HIST 9892 274
HIST 9893 16
HIST 9894 15
HIST 9895 15
HIST 9896 10
HIST 9897 13
HIST 9898 9
HIST 9899 16
HIST 9900 10
HIST 9901 16
HIST 9902 83
HIST 9903 10
HIST 9904 18
HIST 9905 7
HIST 9906 14
HIST 9907 13
HIST 9908 9
HIST 9909 10
HIST 9910 6
HIST 9911 17
HIST 9912 8
HIST 9913 16
HIST 9914 9
HIST 9915 10
HIST 9916 17
HIST 9917 16
HIST 9918 6
HIST 9919 10
HIST 9920 10
HIST 9921 8
HIST 9922 11
HIST 9923 14
HIST 9924 12
HIST 9925 18
HIST 9926 8
HIST 9927 13
HIST 9928 15
HIST 9929 10
HIST 9930 9
HIST 9931 7
HIST 9932 10
HIST 9933 13
HIST 9934 11
HIST 9935 11
HIST 9936 13
HIST 9937 10
HIST 9938 8
HIST 9939 8
HIST 9940 13
HIST 9941 14
HIST 9942 16
HIST 9943 18
HIST 9944 12
HIST 9945 16
HIST 9946 4
HIST 9947 10
HIST 9948 15
HIST 9949 10
HIST 9950 15
HIST 9951 18
HIST 9952 14
HIST 9953 11
HIST 9954 10
HIST 9955 15
HIST 9956 12
HIST 9957 7
HIST 9958 15
HIST 9959 12
HIST 9960 15
HIST 9961 16
HIST 9962 8
HIST 9963 11
HIST 9964 10
HIST 9965 11
HIST 9966 16
HIST 9967 9
HIST 9968 7
HIST 9969 11
HIST 9970 10
HIST 9971 10
HIST 9972 7
HIST 9973 13
HIST 9974 11
HIST 9975 10
HIST 9976 10
HIST 9977 11
HIST 9978 14
HIST 9979 6
HIST 9980 15
HIST 9981 10
HIST 9982 23
HIST 9983 7
HIST 9984 14
HIST 9985 12
HIST 9986 13
HIST 9987 18
HIST 9988 14
HIST 9989 19
HIST 9990 12
HIST 9991 17
HIST 9992 5
HIST 9993 20
HIST 9994 4
HIST 9995 13
HIST 9996 12
HIST 9997 7
HIST 9998 14
HIST 9999 16
HIST 10000 11
HIST 10001 9
HIST 10002 9
HIST 10003 11
HIST 10004 7
HIST 10005 13
HIST 10006 12
HIST 10007 9
HIST 10008 11
HIST 10009 15
HIST 10010 16
HIST 10011 5
HIST 10012 13
HIST 10013 11
HIST 10014 13
HIST 10015 12
HIST 10016 10
HIST 10017 17
HIST 10018 8
HIST 10019 18
HIST 10020 11
HIST 10021 14
HIST 10022 12
HIST 10023 15
HIST 10024 23
HIST 10025 12
HIST 10026 9
HIST 10027 18
HIST 10028 15
HIST 10029 15
HIST 10030 10
HIST 10031 15
HIST 10032 14
HIST 10033 8
HIST 10034 11
HIST 10035 27
HIST 10036 422
HIST 10037 15
HIST 10038 18
HIST 10039 19
HIST 10040 18
HIST 10041 15
HIST 10042 784
HIST 10043 13
HIST 10044 14
HIST 10045 11
HIST 10046 7
HIST 10047 15
HIST 10048 15
HIST 10049 9
HIST 10050 11
HIST 10051 9
HIST 10052 11
HIST 10053 1259
HIST 10054 11
HIST 10055 11
HIST 10056 14
HIST 10057 10
HIST 10058 14
HIST 10059 6
HIST 10060 12
HIST 10061 8
HIST 10062 6
HIST 10063 14
HIST 10064 13
HIST 10065 15
HIST 10066 12
HIST 10067 9
HIST 10068 17
HIST 10069 18
HIST 10070 10
HIST 10071 9
HIST 10072 13
HIST 10073 10
HIST 10074 9
HIST 10075 10
HIST 10076 10
HIST 10077 10
HIST 10078 9
HIST 10079 13
HIST 10080 15
HIST 10081 10
HIST 10082 10
HIST 10083 15
HIST 10084 18
HIST 10085 16
HIST 10086 12
HIST 10087 12
HIST 10088 22
HIST 10089 7
HIST 10090 11
HIST 10091 7
HIST 10092 10
HIST 10093 9
HIST 10094 83
HIST 10095 149
HIST 10096 10
HIST 10097 13
HIST 10098 10
HIST 10099 16
HIST 10100 13
HIST 10101 11
HIST 10102 10
HIST 10103 16
HIST 10104 13
HIST 10105 17
HIST 10106 10
HIST 10107 69
HIST 10108 17
HIST 10109 22
HIST 10110 11
HIST 10111 9
HIST 10112 11
HIST 10113 22
HIST 10114 19
HIST 10115 8
HIST 10116 13
HIST 10117 7
HIST 10118 12
HIST 10119 7
HIST 10120 15
HIST 10121 14
HIST 10122 10
HIST 10123 13
HIST 10124 10
HIST 10125 13
HIST 10126 14
HIST 10127 13
HIST 10128 15
HIST 10129 8
HIST 10130 6
HIST 10131 9
HIST 10132 19
HIST 10133 6
HIST 10134 9
HIST 10135 14
HIST 10136 7
HIST 10137 11
HIST 10138 12
HIST 10139 14
HIST 10140 15
HIST 10141 12
HIST 10142 10
HIST 10143 13
HIST 10144 10
HIST 10145 9
HIST 10146 12
HIST 10147 12
HIST 10148 16
HIST 10149 13
HIST 10150 13
HIST 10151 12
HIST 10152 9
HIST 10153 5
HIST 10154 7
HIST 10155 13
HIST 10156 8
HIST 10157 11
HIST 10158 16
HIST 10159 5
HIST 10160 9
HIST 10161 14
HIST 10162 15
HIST 10163 8
HIST 10164 9
HIST 10165 9
HIST 10166 8
HIST 10167 12
HIST 10168 12
HIST 10169 6
HIST 10170 21
HIST 10171 16
HIST 10172 12
HIST 10173 16
HIST 10174 14
HIST 10175 10
HIST 10176 12
HIST 10177 10
HIST 10178 13
HIST 10179 9
HIST 10180 11
HIST 10181 15
HIST 10182 7
HIST 10183 12
HIST 10184 15
HIST 10185 16
HIST 10186 8
HIST 10187 10
HIST 10188 32
HIST 10189 9
HIST 10190 16
HIST 10191 11
HIST 10192 14
HIST 10193 13
HIST 10194 10
HIST 10195 15
HIST 10196 9
HIST 10197 11
HIST 10198 18
HIST 10199 14
HIST 10200 17
HIST 10201 7
HIST 10202 9
HIST 10203 14
HIST 10204 6
HIST 10205 15
HIST 10206 8
HIST 10207 11
HIST 10208 5
HIST 10209 16
HIST 10210 13
HIST 10211 15
HIST 10212 10
HIST 10213 6
HIST 10214 11
HIST 10215 7
HIST 10216 23
HIST 10217 10
HIST 10218 10
HIST 10219 11
HIST 10220 5
HIST 10221 10
HIST 10222 14
HIST 10223 9
HIST 10224 21
HIST 10225 14
HIST 10226 11
HIST 10227 12
HIST 10228 16
HIST 10229 57
HIST 10230 21
HIST 10231 11
HIST 10232 10
HIST 10233 14
HIST 10234 10
HIST 10235 8
HIST 10236 15
HIST 10237 16
HIST 10238 15
HIST 10239 12
HIST 10240 12
HIST 10241 15
HIST 10242 10
HIST 10243 7
HIST 10244 11
HIST 10245 9
HIST 10246 13
HIST 10247 10
HIST 10248 10
HIST 10249 14
HIST 10250 14
HIST 10251 18
HIST 10252 11
HIST 10253 13
HIST 10254 8
HIST 10255 9
HIST 10256 9
HIST 10257 6
HIST 10258 13
HIST 10259 9
HIST 10260 14
HIST 10261 15
HIST 10262 11
HIST 10263 10
HIST 10264 11
HIST 10265 7
HIST 10266 7
HIST 10267 8
HIST 10268 11
HIST 10269 10
HIST 10270 15
HIST 10271 12
HIST 10272 12
HIST 10273 11
HIST 10274 8
HIST 10275 11
HIST 10276 12
HIST 10277 12
HIST 10278 9
HIST 10279 10
HIST 10280 7
HIST 10281 8
HIST 10282 8
HIST 10283 13
HIST 10284 10
HIST 10285 8
HIST 10286 11
HIST 10287 18
HIST 10288 17
HIST 10289 15
HIST 10290 9
HIST 10291 7
HIST 10292 15
HIST 10293 17
HIST 10294 12
HIST 10295 16
HIST 10296 10
HIST 10297 14
HIST 10298 6
HIST 10299 9
HIST 10300 12
HIST 10301 15
HIST 10302 13
HIST 10303 14
HIST 10304 13
HIST 10305 13
HIST 10306 10
HIST 10307 9
HIST 10308 16
HIST 10309 11
HIST 10310 12
HIST 10311 12
HIST 10312 13
HIST 10313 8
HIST 10314 7
HIST 10315 13
HIST 10316 11
HIST 10317 13
HIST 10318 6
HIST 10319 9
HIST 10320 13
HIST 10321 7
HIST 10322 13
HIST 10323 7
HIST 10324 13
HIST 10325 12
HIST 10326 16
HIST 10327 5
HIST 10328 4
HIST 10329 10
HIST 10330 18
HIST 10331 7
HIST 10332 12
HIST 10333 16
HIST 10334 7
HIST 10335 9
HIST 10336 10
HIST 10337 18
HIST 10338 12
HIST 10339 13
HIST 10340 14
HIST 10341 13
HIST 10342 10
HIST 10343 10
HIST 10344 13
HIST 10345 12
HIST 10346 11
HIST 10347 13
HIST 10348 6
HIST 10349 11
HIST 10350 14
HIST 10351 16
HIST 10352 16
HIST 10353 7
HIST 10354 13
HIST 10355 17
HIST 10356 8
HIST 10357 11
HIST 10358 11
HIST 10359 10
HIST 10360 10
HIST 10361 14
HIST 10362 16
HIST 10363 14
HIST 10364 11
HIST 10365 17
HIST 10366 14
HIST 10367 9
HIST 10368 10
HIST 10369 10
HIST 10370 9
HIST 10371 20
HIST 10372 8
HIST 10373 14
HIST 10374 12
HIST 10375 7
HIST 10376 10
HIST 10377 6
HIST 10378 14
HIST 10379 9
HIST 10380 11
HIST 10381 8
HIST 10382 10
HIST 10383 11
HIST 10384 11
HIST 10385 12
HIST 10386 8
HIST 10387 3
HIST 10388 10
HIST 10389 12
HIST 10390 16
HIST 10391 13
HIST 10392 7
HIST 10393 7
HIST 10394 10
HIST 10395 4
HIST 10396 19
HIST 10397 12
HIST 10398 14
HIST 10399 6
HIST 10400 8
HIST 10401 6
HIST 10402 10
HIST 10403 19
HIST 10404 9
HIST 10405 15
HIST 10406 12
HIST 10407 14
HIST 10408 9
HIST 10409 9
HIST 10410 13
HIST 10411 36
HIST 10412 10
HIST 10413 8
HIST 10414 11
HIST 10415 18
HIST 10416 18
HIST 10417 12
HIST 10418 12
HIST 10419 10
HIST 10420 11
HIST 10421 10
HIST 10422 15
HIST 10423 12
HIST 10424 9
HIST 10425 15
HIST 10426 9
HIST 10427 9
HIST 10428 11
HIST 10429 13
HIST 10430 8
HIST 10431 13
HIST 10432 11
HIST 10433 7
HIST 10434 4
HIST 10435 9
HIST 10436 16
HIST 10437 16
HIST 10438 19
HIST 10439 10
HIST 10440 11
HIST 10441 9
HIST 10442 12
HIST 10443 20
HIST 10444 13
HIST 10445 6
HIST 10446 12
HIST 10447 9
HIST 10448 20
HIST 10449 13
HIST 10450 3
HIST 10451 7
HIST 10452 10
HIST 10453 10
HIST 10454 43
HIST 10455 11
HIST 10456 14
HIST 10457 13
HIST 10458 13
HIST 10459 7
HIST 10460 15
HIST 10461 12
HIST 10462 16
HIST 10463 13
HIST 10464 12
HIST 10465 18
HIST 10466 4
HIST 10467 12
HIST 10468 9
HIST 10469 12
HIST 10470 11
HIST 10471 11
HIST 10472 11
HIST 10473 8
HIST 10474 9
HIST 10475 11
HIST 10476 8
HIST 10477 7
HIST 10478 18
HIST 10479 12
HIST 10480 13
HIST 10481 34
HIST 10482 10
HIST 10483 17
HIST 10484 20
HIST 10485 16
HIST 10486 8
HIST 10487 11
HIST 10488 7
HIST 10489 15
HIST 10490 14
HIST 10491 12
HIST 10492 13
HIST 10493 10
HIST 10494 12
HIST 10495 14
HIST 10496 12
HIST 10497 11
HIST 10498 11
HIST 10499 12
HIST 10500 14
HIST 10501 13
HIST 10502 12
HIST 10503 8
HIST 10504 14
HIST 10505 10
HIST 10506 15
HIST 10507 22
HIST 10508 12
HIST 10509 15
HIST 10510 10
HIST 10511 12
HIST 10512 11
HIST 10513 15
HIST 10514 8
HIST 10515 12
HIST 10516 16
HIST 10517 13
HIST 10518 8
HIST 10519 13
HIST 10520 9
HIST 10521 22
HIST 10522 8
HIST 10523 9
HIST 10524 10
HIST 10525 9
HIST 10526 8
HIST 10527 12
HIST 10528 22
HIST 10529 7
HIST 10530 17
HIST 10531 13
HIST 10532 10
HIST 10533 14
HIST 10534 12
HIST 10535 25
HIST 10536 23
HIST 10537 13
HIST 10538 5
HIST 10539 13
HIST 10540 13
HIST 10541 11
HIST 10542 7
HIST 10543 9
HIST 10544 9
HIST 10545 9
HIST 10546 6
HIST 10547 8
HIST 10548 12
HIST 10549 10
HIST 10550 13
HIST 10551 11
HIST 10552 13
HIST 10553 8
HIST 10554 6
HIST 10555 15
HIST 10556 11
HIST 10557 10
HIST 10558 3
HIST 10559 17
HIST 10560 10
HIST 10561 15
HIST 10562 8
HIST 10563 9
HIST 10564 7
HIST 10565 9
HIST 10566 6
HIST 10567 16
HIST 10568 17
HIST 10569 6
HIST 10570 9
HIST 10571 19
HIST 10572 64
HIST 10573 11
HIST 10574 13
HIST 10575 35
HIST 10576 10
HIST 10577 9
HIST 10578 8
HIST 10579 11
HIST 10580 10
HIST 10581 7
HIST 10582 13
HIST 10583 13
HIST 10584 12
HIST 10585 9
HIST 10586 9
HIST 10587 7
HIST 10588 12
HIST 10589 6
HIST 10590 20
HIST 10591 18
HIST 10592 14
HIST 10593 13
HIST 10594 8
HIST 10595 6
HIST 10596 17
HIST 10597 11
HIST 10598 11
HIST 10599 9
HIST 10600 11
HIST 10601 14
HIST 10602 16
HIST 10603 15
HIST 10604 12
HIST 10605 11
HIST 10606 17
HIST 10607 8
HIST 10608 11
HIST 10609 9
HIST 10610 10
HIST 10611 13
HIST 10612 12
HIST 10613 14
HIST 10614 19
HIST 10615 10
HIST 10616 6
HIST 10617 10
HIST 10618 14
HIST 10619 13
HIST 10620 13
HIST 10621 14
HIST 10622 7
HIST 10623 13
HIST 10624 13
HIST 10625 10
HIST 10626 13
HIST 10627 13
HIST 10628 10
HIST 10629 11
HIST 10630 10
HIST 10631 5
HIST 10632 12
HIST 10633 13
HIST 10634 13
HIST 10635 14
HIST 10636 9
HIST 10637 11
HIST 10638 11
HIST 10639 11
HIST 10640 11
HIST 10641 13
HIST 10642 11
HIST 10643 9
HIST 10644 10
HIST 10645 7
HIST 10646 14
HIST 10647 10
HIST 10648 13
HIST 10649 21
HIST 10650 9
HIST 10651 14
HIST 10652 12
HIST 10653 18
HIST 10654 6
HIST 10655 18
HIST 10656 14
HIST 10657 5
HIST 10658 4
HIST 10659 10
HIST 10660 8
HIST 10661 8
HIST 10662 10
HIST 10663 10
HIST 10664 10
HIST 10665 15
HIST 10666 9
HIST 10667 10
HIST 10668 10
HIST 10669 12
HIST 10670 16
HIST 10671 16
HIST 10672 16
HIST 10673 9
HIST 10674 16
HIST 10675 19
HIST 10676 9
HIST 10677 13
HIST 10678 14
HIST 10679 12
HIST 10680 11
HIST 10681 9
HIST 10682 10
HIST 10683 11
HIST 10684 19
HIST 10685 16
HIST 10686 9
HIST 10687 7
HIST 10688 11
HIST 10689 14
HIST 10690 9
HIST 10691 8
HIST 10692 12
HIST 10693 15
HIST 10694 12
HIST 10695 9
HIST 10696 9
HIST 10697 14
HIST 10698 14
HIST 10699 8
HIST 10700 12
HIST 10701 10
HIST 10702 14
HIST 10703 10
HIST 10704 19
HIST 10705 12
HIST 10706 6
HIST 10707 12
HIST 10708 7
HIST 10709 14
HIST 10710 5
HIST 10711 8
HIST 10712 13
HIST 10713 14
HIST 10714 8
HIST 10715 9
HIST 10716 11
HIST 10717 18
HIST 10718 8
HIST 10719 13
HIST 10720 14
HIST 10721 7
HIST 10722 8
HIST 10723 10
HIST 10724 15
HIST 10725 14
HIST 10726 14
HIST 10727 17
HIST 10728 12
HIST 10729 8
HIST 10730 7
HIST 10731 19
HIST 10732 17
HIST 10733 10
HIST 10734 11
HIST 10735 9
HIST 10736 12
HIST 10737 16
HIST 10738 14
HIST 10739 13
HIST 10740 11
HIST 10741 9
HIST 10742 10
HIST 10743 8
HIST 10744 11
HIST 10745 20
HIST 10746 19
HIST 10747 7
HIST 10748 12
HIST 10749 8
HIST 10750 7
HIST 10751 14
HIST 10752 9
HIST 10753 11
HIST 10754 10
HIST 10755 8
HIST 10756 11
HIST 10757 12
HIST 10758 13
HIST 10759 8
HIST 10760 9
HIST 10761 15
HIST 10762 13
HIST 10763 10
HIST 10764 7
HIST 10765 7
HIST 10766 9
HIST 10767 8
HIST 10768 12
HIST 10769 12
HIST 10770 9
HIST 10771 12
HIST 10772 14
HIST 10773 15
HIST 10774 4
HIST 10775 11
HIST 10776 19
HIST 10777 9
HIST 10778 12
HIST 10779 15
HIST 10780 8
HIST 10781 11
HIST 10782 11
HIST 10783 13
HIST 10784 7
HIST 10785 9
HIST 10786 8
HIST 10787 10
HIST 10788 15
HIST 10789 14
HIST 10790 17
HIST 10791 10
HIST 10792 4
HIST 10793 10
HIST 10794 10
HIST 10795 16
HIST 10796 6
HIST 10797 10
HIST 10798 30
HIST 10799 2
HIST 10800 9
HIST 10801 13
HIST 10802 10
HIST 10803 12
HIST 10804 13
HIST 10805 9
HIST 10806 9
HIST 10807 8
HIST 10808 12
HIST 10809 10
HIST 10810 14
HIST 10811 15
HIST 10812 8
HIST 10813 13
HIST 10814 7
HIST 10815 11
HIST 10816 6
HIST 10817 16
HIST 10818 15
HIST 10819 18
HIST 10820 9
HIST 10821 11
HIST 10822 13
HIST 10823 13
HIST 10824 12
HIST 10825 7
HIST 10826 14
HIST 10827 20
HIST 10828 12
HIST 10829 13
HIST 10830 9
HIST 10831 15
HIST 10832 10
HIST 10833 15
HIST 10834 7
HIST 10835 52
HIST 10836 8
HIST 10837 19
HIST 10838 27
HIST 10839 7
HIST 10840 18
HIST 10841 12
HIST 10842 13
HIST 10843 18
HIST 10844 27
HIST 10845 7
HIST 10846 7
HIST 10847 12
HIST 10848 13
HIST 10849 14
HIST 10850 11
HIST 10851 13
HIST 10852 21
HIST 10853 12
HIST 10854 9
HIST 10855 7
HIST 10856 13
HIST 10857 8
HIST 10858 21334
HIST 10859 11
HIST 10860 11
HIST 10861 9
HIST 10862 3
HIST 10863 10
HIST 10864 9
HIST 10865 10
HIST 10866 9
HIST 10867 12
HIST 10868 14
HIST 10869 12
HIST 10870 8
HIST 10871 11
HIST 10872 10
HIST 10873 11
HIST 10874 12
HIST 10875 10
HIST 10876 12
HIST 10877 8
HIST 10878 11
HIST 10879 13
HIST 10880 17
HIST 10881 15
HIST 10882 17
HIST 10883 14
HIST 10884 6
HIST 10885 14
HIST 10886 7
HIST 10887 11
HIST 10888 10
HIST 10889 9
HIST 10890 8
HIST 10891 12
HIST 10892 12
HIST 10893 9
HIST 10894 12
HIST 10895 5
HIST 10896 10
HIST 10897 3550
HIST 10898 13
HIST 10899 7
HIST 10900 8
HIST 10901 10
HIST 10902 10
HIST 10903 14
HIST 10904 12
HIST 10905 7
HIST 10906 9
HIST 10907 19
HIST 10908 13
HIST 10909 9
HIST 10910 8
HIST 10911 8
HIST 10912 12
HIST 10913 8
HIST 10914 8
HIST 10915 8
HIST 10916 8
HIST 10917 12
HIST 10918 14
HIST 10919 13
HIST 10920 8
HIST 10921 9
HIST 10922 15
HIST 10923 7
HIST 10924 13
HIST 10925 11
HIST 10926 11
HIST 10927 11
HIST 10928 6
HIST 10929 15
HIST 10930 12
HIST 10931 12
HIST 10932 13
HIST 10933 12
HIST 10934 9
HIST 10935 13
HIST 10936 9
HIST 10937 22
HIST 10938 16
HIST 10939 15
HIST 10940 9
HIST 10941 6
HIST 10942 10
HIST 10943 8
HIST 10944 11
HIST 10945 15
HIST 10946 20
HIST 10947 9
HIST 10948 16
HIST 10949 12
HIST 10950 11
HIST 10951 5
HIST 10952 16
HIST 10953 14
HIST 10954 7
HIST 10955 15
HIST 10956 3
HIST 10957 6
HIST 10958 7
HIST 10959 12
HIST 10960 7
HIST 10961 9
HIST 10962 11
HIST 10963 10
HIST 10964 11
HIST 10965 12
HIST 10966 11
HIST 10967 11
HIST 10968 37
HIST 10969 21
HIST 10970 12
HIST 10971 20
HIST 10972 8
HIST 10973 12
HIST 10974 64
HIST 10975 12
HIST 10976 11
HIST 10977 24
HIST 10978 16
HIST 10979 9
HIST 10980 12
HIST 10981 13
HIST 10982 15
HIST 10983 10
HIST 10984 13
HIST 10985 15
HIST 10986 10
HIST 10987 12
HIST 10988 15
HIST 10989 9
HIST 10990 11
HIST 10991 9
HIST 10992 8
HIST 10993 11
HIST 10994 10
HIST 10995 11
HIST 10996 10
HIST 10997 15
HIST 10998 10
HIST 10999 13
HIST 11000 7
HIST 11001 6
HIST 11002 16
HIST 11003 10
HIST 11004 9
HIST 11005 25
HIST 11006 10
HIST 11007 7
HIST 11008 11
HIST 11009 12
HIST 11010 9
HIST 11011 11
HIST 11012 10
HIST 11013 9
HIST 11014 9
HIST 11015 11
HIST 11016 10
HIST 11017 7
HIST 11018 11
HIST 11019 12
HIST 11020 15
HIST 11021 7
HIST 11022 12
HIST 11023 5
HIST 11024 7
HIST 11025 8
HIST 11026 12
HIST 11027 21
HIST 11028 2
HIST 11029 14
HIST 11030 14
HIST 11031 11
HIST 11032 15
HIST 11033 8
HIST 11034 6
HIST 11035 9
HIST 11036 15
HIST 11037 9
HIST 11038 7
HIST 11039 14
HIST 11040 8
HIST 11041 9
HIST 11042 11
HIST 11043 12
HIST 11044 13
HIST 11045 18
HIST 11046 16
HIST 11047 16
HIST 11048 12
HIST 11049 7
HIST 11050 8
HIST 11051 8
HIST 11052 12
HIST 11053 15
HIST 11054 11
HIST 11055 13
HIST 11056 9
HIST 11057 8
HIST 11058 8
HIST 11059 9
HIST 11060 9
HIST 11061 12
HIST 11062 9
HIST 11063 14
HIST 11064 11
HIST 11065 15
HIST 11066 9
HIST 11067 12
HIST 11068 9
HIST 11069 9
HIST 11070 21
HIST 11071 17
HIST 11072 10
HIST 11073 15
HIST 11074 12
HIST 11075 10
HIST 11076 18
HIST 11077 8
HIST 11078 8
HIST 11079 11
HIST 11080 12
HIST 11081 11
HIST 11082 11
HIST 11083 11
HIST 11084 9
HIST 11085 8
HIST 11086 7
HIST 11087 17
HIST 11088 14
HIST 11089 12
HIST 11090 5
HIST 11091 10
HIST 11092 408
HIST 11093 6
HIST 11094 10
HIST 11095 14
HIST 11096 17
HIST 11097 9
HIST 11098 12
HIST 11099 8
HIST 11100 15
HIST 11101 12
HIST 11102 9
HIST 11103 15
HIST 11104 7
HIST 11105 9
HIST 11106 13
HIST 11107 12
HIST 11108 12
HIST 11109 10
HIST 11110 14
HIST 11111 4
HIST 11112 10
HIST 11113 4
HIST 11114 12
HIST 11115 10
HIST 11116 9
HIST 11117 10
HIST 11118 13
HIST 11119 9
HIST 11120 9
HIST 11121 25485
HIST 11122 7
HIST 11123 9
HIST 11124 8
HIST 11125 9
HIST 11126 17
HIST 11127 9
HIST 11128 11
HIST 11129 13
HIST 11130 8
HIST 11131 8
HIST 11132 13
HIST 11133 8
HIST 11134 13
HIST 11135 11
HIST 11136 4
HIST 11137 13
HIST 11138 8
HIST 11139 14
HIST 11140 6
HIST 11141 10
HIST 11142 6
HIST 11143 13
HIST 11144 9
HIST 11145 8
HIST 11146 13
HIST 11147 10
HIST 11148 15
HIST 11149 15
HIST 11150 8
HIST 11151 9
HIST 11152 16
HIST 11153 8
HIST 11154 16
HIST 11155 19
HIST 11156 13
HIST 11157 14
HIST 11158 14
HIST 11159 4
HIST 11160 12
HIST 11161 6
HIST 11162 15
HIST 11163 3
HIST 11164 9
HIST 11165 11
HIST 11166 8
HIST 11167 11
HIST 11168 8
HIST 11169 13
HIST 11170 17
HIST 11171 17
HIST 11172 9
HIST 11173 15
HIST 11174 6
HIST 11175 15
HIST 11176 12
HIST 11177 13
HIST 11178 15
HIST 11179 12
HIST 11180 11
HIST 11181 10
HIST 11182 10
HIST 11183 10
HIST 11184 12
HIST 11185 4
HIST 11186 9
HIST 11187 14
HIST 11188 10
HIST 11189 14
HIST 11190 12
HIST 11191 18
HIST 11192 14
HIST 11193 28
HIST 11194 15
HIST 11195 10
HIST 11196 19
HIST 11197 14
HIST 11198 7
HIST 11199 11
HIST 11200 30
HIST 11201 10
HIST 11202 14
HIST 11203 17
HIST 11204 13
HIST 11205 13
HIST 11206 14
HIST 11207 12
HIST 11208 5
HIST 11209 7
HIST 11210 11
HIST 11211 13
HIST 11212 11
HIST 11213 10
HIST 11214 8
HIST 11215 10
HIST 11216 9
HIST 11217 8
HIST 11218 13
HIST 11219 14
HIST 11220 10
HIST 11221 9
HIST 11222 15
HIST 11223 15
HIST 11224 16
HIST 11225 16
HIST 11226 10
HIST 11227 15
HIST 11228 12
HIST 11229 14
HIST 11230 62
HIST 11231 13
HIST 11232 1177
HIST 11233 35
HIST 11234 8
HIST 11235 11
HIST 11236 86
HIST 11237 12
HIST 11238 14
HIST 11239 52
HIST 11240 12
HIST 11241 7
HIST 11242 15
HIST 11243 10
HIST 11244 10
HIST 11245 19
HIST 11246 13
HIST 11247 10
HIST 11248 10
HIST 11249 10
HIST 11250 12
HIST 11251 12
HIST 11252 8
HIST 11253 17
HIST 11254 192
HIST 11255 16
HIST 11256 7
HIST 11257 13
HIST 11258 14
HIST 11259 10
HIST 11260 371
HIST 11261 9
HIST 11262 15
HIST 11263 11
HIST 11264 12
HIST 11265 12
HIST 11266 10
HIST 11267 18
HIST 11268 9
HIST 11269 6
HIST 11270 44
HIST 11271 15
HIST 11272 10
HIST 11273 12
HIST 11274 10
HIST 11275 15
HIST 11276 12
HIST 11277 11
HIST 11278 11
HIST 11279 14
HIST 11280 10
HIST 11281 14
HIST 11282 20
HIST 11283 13
HIST 11284 5
HIST 11285 7
HIST 11286 9
HIST 11287 11
HIST 11288 16
HIST 11289 30
HIST 11290 10
HIST 11291 11
HIST 11292 15
HIST 11293 13
HIST 11294 14
HIST 11295 14
HIST 11296 15
HIST 11297 15
HIST 11298 16
HIST 11299 11
HIST 11300 11
HIST 11301 21
HIST 11302 12
HIST 11303 16
HIST 11304 13
HIST 11305 12
HIST 11306 8
HIST 11307 11
HIST 11308 10
HIST 11309 9
HIST 11310 8
HIST 11311 13
HIST 11312 54
HIST 11313 91
HIST 11314 8
HIST 11315 8
HIST 11316 10
HIST 11317 11
HIST 11318 9
HIST 11319 10
HIST 11320 13
HIST 11321 8
HIST 11322 10
HIST 11323 11
HIST 11324 19
HIST 11325 32
HIST 11326 13
HIST 11327 18
HIST 11328 16
HIST 11329 12
HIST 11330 14
HIST 11331 7
HIST 11332 4
HIST 11333 11
HIST 11334 11
HIST 11335 14
HIST 11336 13
HIST 11337 4
HIST 11338 9
HIST 11339 12
HIST 11340 14
HIST 11341 10
HIST 11342 10
HIST 11343 12
HIST 11344 7
HIST 11345 5
HIST 11346 8
HIST 11347 11
HIST 11348 9
HIST 11349 18
HIST 11350 12
HIST 11351 14
HIST 11352 10
HIST 11353 11
HIST 11354 14
HIST 11355 10
HIST 11356 12
HIST 11357 8
HIST 11358 8
HIST 11359 6
HIST 11360 13
HIST 11361 10
HIST 11362 15
HIST 11363 5
HIST 11364 10
HIST 11365 11
HIST 11366 13
HIST 11367 15
HIST 11368 11
HIST 11369 12
HIST 11370 9
HIST 11371 12
HIST 11372 9
HIST 11373 6
HIST 11374 8
HIST 11375 12
HIST 11376 6
HIST 11377 12
HIST 11378 11
HIST 11379 8
HIST 11380 13
HIST 11381 6
HIST 11382 10
HIST 11383 15
HIST 11384 14
HIST 11385 7
HIST 11386 13
HIST 11387 10
HIST 11388 12
HIST 11389 11
HIST 11390 8
HIST 11391 10
HIST 11392 6
HIST 11393 12
HIST 11394 8
HIST 11395 12
HIST 11396 15
HIST 11397 16
HIST 11398 8
HIST 11399 10
HIST 11400 10
HIST 11401 11
HIST 11402 14
HIST 11403 13
HIST 11404 14
HIST 11405 16
HIST 11406 8
HIST 11407 8
HIST 11408 7
HIST 11409 8
HIST 11410 10
HIST 11411 16
HIST 11412 10
HIST 11413 16
HIST 11414 12
HIST 11415 9
HIST 11416 14
HIST 11417 8
HIST 11418 13
HIST 11419 14
HIST 11420 12
HIST 11421 10
HIST 11422 13
HIST 11423 11
HIST 11424 18
HIST 11425 12
HIST 11426 13
HIST 11427 8
HIST 11428 7
HIST 11429 8
HIST 11430 9
HIST 11431 20
HIST 11432 19
HIST 11433 8
HIST 11434 8
HIST 11435 10
HIST 11436 10
HIST 11437 6
HIST 11438 12
HIST 11439 9
HIST 11440 16
HIST 11441 18
HIST 11442 10
HIST 11443 21
HIST 11444 9
HIST 11445 9
HIST 11446 11
HIST 11447 7
HIST 11448 14
HIST 11449 6
HIST 11450 7
HIST 11451 6
HIST 11452 13
HIST 11453 10
HIST 11454 20
HIST 11455 11
HIST 11456 12
HIST 11457 12
HIST 11458 13
HIST 11459 7
HIST 11460 10
HIST 11461 13
HIST 11462 15
HIST 11463 8
HIST 11464 8
HIST 11465 8
HIST 11466 16
HIST 11467 14
HIST 11468 14
HIST 11469 11
HIST 11470 17
HIST 11471 7
HIST 11472 12
HIST 11473 9
HIST 11474 15
HIST 11475 12
HIST 11476 12
HIST 11477 13
HIST 11478 6
HIST 11479 9
HIST 11480 13
HIST 11481 12
HIST 11482 12
HIST 11483 11
HIST 11484 15
HIST 11485 5
HIST 11486 17
HIST 11487 6
HIST 11488 12
HIST 11489 9
HIST 11490 15
HIST 11491 14
HIST 11492 23
HIST 11493 8
HIST 11494 9
HIST 11495 16
HIST 11496 12
HIST 11497 7
HIST 11498 16
HIST 11499 16
HIST 11500 17
HIST 11501 17
HIST 11502 11
HIST 11503 9
HIST 11504 11
HIST 11505 13
HIST 11506 16
HIST 11507 17
HIST 11508 21
HIST 11509 21
HIST 11510 13
HIST 11511 17
HIST 11512 15
HIST 11513 14
HIST 11514 18
HIST 11515 19
HIST 11516 349
HIST 11517 14
HIST 11518 6
HIST 11519 7
HIST 11520 13
HIST 11521 12
HIST 11522 577
HIST 11523 12
HIST 11524 12
HIST 11525 6
HIST 11526 8
HIST 11527 11
HIST 11528 5
HIST 11529 15
HIST 11530 5
HIST 11531 9
HIST 11532 16
HIST 11533 12
HIST 11534 10
HIST 11535 15
HIST 11536 11
HIST 11537 9
HIST 11538 22
HIST 11539 6
HIST 11540 17
HIST 11541 9
HIST 11542 9
HIST 11543 15
HIST 11544 13
HIST 11545 9
HIST 11546 16
HIST 11547 9
HIST 11548 15
HIST 11549 7
HIST 11550 13
HIST 11551 8
HIST 11552 11
HIST 11553 7
HIST 11554 16
HIST 11555 8
HIST 11556 12
HIST 11557 10
HIST 11558 5
HIST 11559 13
HIST 11560 10
HIST 11561 11
HIST 11562 10
HIST 11563 11
HIST 11564 9
HIST 11565 5
HIST 11566 11
HIST 11567 8
HIST 11568 16
HIST 11569 15
HIST 11570 15
HIST 11571 13
HIST 11572 15
HIST 11573 12
HIST 11574 90
HIST 11575 143
HIST 11576 19
HIST 11577 8
HIST 11578 13
HIST 11579 11
HIST 11580 14
HIST 11581 16
HIST 11582 14
HIST 11583 13
HIST 11584 9
HIST 11585 16
HIST 11586 16
HIST 11587 50
HIST 11588 7
HIST 11589 19
HIST 11590 10
HIST 11591 18
HIST 11592 13
HIST 11593 13
HIST 11594 11
HIST 11595 13
HIST 11596 6
HIST 11597 17
HIST 11598 13
HIST 11599 8
HIST 11600 9
HIST 11601 9
HIST 11602 7
HIST 11603 17
HIST 11604 9
HIST 11605 9
HIST 11606 12
HIST 11607 15
HIST 11608 10
HIST 11609 10
HIST 11610 12
HIST 11611 12
HIST 11612 11
HIST 11613 9
HIST 11614 6
HIST 11615 11
HIST 11616 11
HIST 11617 8
HIST 11618 13
HIST 11619 15
HIST 11620 12
HIST 11621 10
HIST 11622 12
HIST 11623 9
HIST 11624 16
HIST 11625 16
HIST 11626 11
HIST 11627 16
HIST 11628 12
HIST 11629 14
HIST 11630 12
HIST 11631 12
HIST 11632 6
HIST 11633 23
HIST 11634 9
HIST 11635 16
HIST 11636 8
HIST 11637 10
HIST 11638 10
HIST 11639 12
HIST 11640 7
HIST 11641 10
HIST 11642 12
HIST 11643 9
HIST 11644 8
HIST 11645 6
HIST 11646 11
HIST 11647 12
HIST 11648 10
HIST 11649 7
HIST 11650 17
HIST 11651 10
HIST 11652 11
HIST 11653 11
HIST 11654 6
HIST 11655 14
HIST 11656 11
HIST 11657 7
HIST 11658 4
HIST 11659 6
HIST 11660 10
HIST 11661 9
HIST 11662 14
HIST 11663 8
HIST 11664 10
HIST 11665 8
HIST 11666 15
HIST 11667 11
HIST 11668 19
HIST 11669 6
HIST 11670 8
HIST 11671 13
HIST 11672 10
HIST 11673 10
HIST 11674 9
HIST 11675 10
HIST 11676 10
HIST 11677 10
HIST 11678 14
HIST 11679 13
HIST 11680 11
HIST 11681 16
HIST 11682 10
HIST 11683 11
HIST 11684 14
HIST 11685 12
HIST 11686 9
HIST 11687 11
HIST 11688 9
HIST 11689 12
HIST 11690 13
HIST 11691 17
HIST 11692 9
HIST 11693 11
HIST 11694 9
HIST 11695 12
HIST 11696 15
HIST 11697 12
HIST 11698 11
HIST 11699 13
HIST 11700 18
HIST 11701 7
HIST 11702 11
HIST 11703 18
HIST 11704 10
HIST 11705 10
HIST 11706 11
HIST 11707 11
HIST 11708 11
HIST 11709 15
HIST 11710 108
HIST 11711 13
HIST 11712 10
HIST 11713 9
HIST 11714 11
HIST 11715 14
HIST 11716 10
HIST 11717 12
HIST 11718 16
HIST 11719 10
HIST 11720 8
HIST 11721 8
HIST 11722 12
HIST 11723 15
HIST 11724 12
HIST 11725 10
HIST 11726 8
HIST 11727 6
HIST 11728 12
HIST 11729 15
HIST 11730 10
HIST 11731 10
HIST 11732 16
HIST 11733 13
HIST 11734 12
HIST 11735 14
HIST 11736 9
HIST 11737 10
HIST 11738 14
HIST 11739 15
HIST 11740 17
HIST 11741 12
HIST 11742 9
HIST 11743 10
HIST 11744 16
HIST 11745 18
HIST 11746 8
HIST 11747 16
HIST 11748 14
HIST 11749 9
HIST 11750 5
HIST 11751 7
HIST 11752 15
HIST 11753 7
HIST 11754 6
HIST 11755 10
HIST 11756 10
HIST 11757 11
HIST 11758 20
HIST 11759 7
HIST 11760 14
HIST 11761 9
HIST 11762 11
HIST 11763 17
HIST 11764 10
HIST 11765 12
HIST 11766 7
HIST 11767 14
HIST 11768 16
HIST 11769 7
HIST 11770 14
HIST 11771 11
HIST 11772 8
HIST 11773 11
HIST 11774 10
HIST 11775 15
HIST 11776 15
HIST 11777 11
HIST 11778 12
HIST 11779 9
HIST 11780 10
HIST 11781 7
HIST 11782 6
HIST 11783 10
HIST 11784 7
HIST 11785 10
HIST 11786 12
HIST 11787 14
HIST 11788 13
HIST 11789 18
HIST 11790 12
HIST 11791 12
HIST 11792 19
HIST 11793 14
HIST 11794 12
HIST 11795 10
HIST 11796 14
HIST 11797 9
HIST 11798 7
HIST 11799 13
HIST 11800 15
HIST 11801 8
HIST 11802 12
HIST 11803 15
HIST 11804 5
HIST 11805 8
HIST 11806 10
HIST 11807 12
HIST 11808 17
HIST 11809 10
HIST 11810 10
HIST 11811 8
HIST 11812 14
HIST 11813 12
HIST 11814 10
HIST 11815 14
HIST 11816 10
HIST 11817 8
HIST 11818 11
HIST 11819 8
HIST 11820 13
HIST 11821 10
HIST 11822 11
HIST 11823 15
HIST 11824 9
HIST 11825 14
HIST 11826 13
HIST 11827 24
HIST 11828 8
HIST 11829 4
HIST 11830 18
HIST 11831 10
HIST 11832 2
HIST 11833 10
HIST 11834 12
HIST 11835 13
HIST 11836 12
HIST 11837 12
HIST 11838 10
HIST 11839 8
HIST 11840 7
HIST 11841 8
HIST 11842 4
HIST 11843 16
HIST 11844 7
HIST 11845 4
HIST 11846 19
HIST 11847 11
HIST 11848 7
HIST 11849 7
HIST 11850 16
HIST 11851 6
HIST 11852 15
HIST 11853 11
HIST 11854 13
HIST 11855 10
HIST 11856 9
HIST 11857 18
HIST 11858 8
HIST 11859 10
HIST 11860 11
HIST 11861 7
HIST 11862 10
HIST 11863 12
HIST 11864 7
HIST 11865 5
HIST 11866 12
HIST 11867 5
HIST 11868 17
HIST 11869 11
HIST 11870 14
HIST 11871 6
HIST 11872 7
HIST 11873 10
HIST 11874 8
HIST 11875 7
HIST 11876 8
HIST 11877 7
HIST 11878 20
HIST 11879 10
HIST 11880 8
HIST 11881 12
HIST 11882 10
HIST 11883 8
HIST 11884 6
HIST 11885 8
HIST 11886 15
HIST 11887 11
HIST 11888 11
HIST 11889 11
HIST 11890 12
HIST 11891 12
HIST 11892 8
HIST 11893 11
HIST 11894 7
HIST 11895 10
HIST 11896 9
HIST 11897 10
HIST 11898 14
HIST 11899 8
HIST 11900 7
HIST 11901 11
HIST 11902 6
HIST 11903 13
HIST 11904 7
HIST 11905 7
HIST 11906 16
HIST 11907 14
HIST 11908 9
HIST 11909 8
HIST 11910 6
HIST 11911 15
HIST 11912 8
HIST 11913 8
HIST 11914 8
HIST 11915 9
HIST 11916 10
HIST 11917 7
HIST 11918 13
HIST 11919 7
HIST 11920 7
HIST 11921 9
HIST 11922 11
HIST 11923 9
HIST 11924 8
HIST 11925 7
HIST 11926 5
HIST 11927 6
HIST 11928 9
HIST 11929 10
HIST 11930 8
HIST 11931 9
HIST 11932 6
HIST 11933 5
HIST 11934 10
HIST 11935 5
HIST 11936 7
HIST 11937 6
HIST 11938 6
HIST 11939 9
HIST 11940 7
HIST 11941 10
HIST 11942 7
HIST 11943 3
HIST 11944 12
HIST 11945 6
HIST 11946 10
HIST 11947 6
HIST 11948 7
HIST 11949 4
HIST 11950 6
HIST 11951 5
HIST 11952 7
HIST 11953 8
HIST 11954 6
HIST 11955 7
HIST 11956 6
HIST 11957 7
HIST 11958 8
HIST 11959 4
HIST 11960 5
HIST 11961 8
HIST 11962 13
HIST 11963 7
HIST 11964 5
HIST 11965 11
HIST 11966 8
HIST 11967 4
HIST 11968 4
HIST 11969 2
HIST 11970 6
HIST 11971 5
HIST 11972 4
HIST 11973 7
HIST 11974 6
HIST 11975 9
HIST 11976 5
HIST 11977 5
HIST 11978 8
HIST 11979 7
HIST 11980 10
HIST 11981 8
HIST 11982 2
HIST 11983 9
HIST 11984 6
HIST 11985 5
HIST 11986 6
HIST 11987 4
HIST 11988 13
HIST 11989 7
HIST 11990 7
HIST 11991 3
HIST 11992 5
HIST 11993 3
HIST 11994 9
HIST 11995 7
HIST 11996 5
HIST 11997 4
HIST 11998 6
HIST 11999 6
HIST 12000 9
HIST 12001 6
HIST 12002 3
HIST 12003 4
HIST 12004 6
HIST 12005 4
HIST 12006 5
HIST 12007 6
HIST 12008 14
HIST 12009 7
HIST 12010 4
HIST 12011 9
HIST 12012 5
HIST 12013 6
HIST 12014 10
HIST 12015 6
HIST 12016 13
HIST 12017 8
HIST 12018 4
HIST 12019 2
HIST 12020 3
HIST 12021 8
HIST 12022 3
HIST 12023 8
HIST 12024 5
HIST 12025 3
HIST 12026 6
HIST 12027 5
HIST 12028 7
HIST 12029 8
HIST 12030 6
HIST 12031 5
HIST 12032 4
HIST 12033 7
HIST 12034 7
HIST 12035 5
HIST 12036 7
HIST 12037 5
HIST 12038 7
HIST 12039 4
HIST 12040 6
HIST 12041 5
HIST 12042 4
HIST 12043 6
HIST 12044 2
HIST 12045 2
HIST 12046 10
HIST 12047 9
HIST 12048 3
HIST 12049 5
HIST 12050 8
HIST 12051 3
HIST 12052 12
HIST 12053 10
HIST 12054 5
HIST 12055 3
HIST 12056 9
HIST 12057 13
HIST 12058 3
HIST 12059 32
HIST 12060 9
HIST 12061 5
HIST 12062 3
HIST 12063 7
HIST 12064 6
HIST 12065 3
HIST 12066 9
HIST 12067 7
HIST 12068 4
HIST 12069 6
HIST 12070 1
HIST 12071 5
HIST 12072 8
HIST 12073 4
HIST 12074 7
HIST 12075 3
HIST 12076 4
HIST 12077 2
HIST 12078 4
HIST 12079 1
HIST 12080 6
HIST 12081 7
HIST 12082 5
HIST 12083 3
HIST 12085 7
HIST 12086 7
HIST 12087 2
HIST 12088 7
HIST 12089 3
HIST 12090 6
HIST 12091 3
HIST 12092 7
HIST 12093 1
HIST 12094 7
HIST 12095 2
HIST 12096 8
HIST 12097 2
HIST 12098 6
HIST 12099 3
HIST 12100 3
HIST 12101 3
HIST 12102 4
HIST 12103 6
HIST 12104 7
HIST 12105 6
HIST 12106 4
HIST 12107 8
HIST 12108 8
HIST 12109 5
HIST 12110 3
HIST 12111 5
HIST 12112 9
HIST 12113 5
HIST 12114 8
HIST 12115 5
HIST 12116 6
HIST 12117 4
HIST 12118 6
HIST 12119 4
HIST 12120 8
HIST 12121 5
HIST 12122 4
HIST 12123 4
HIST 12124 6
HIST 12125 4
HIST 12126 4
HIST 12127 7
HIST 12128 5
HIST 12129 2362
HIST 12130 4
HIST 12131 3
HIST 12132 8
HIST 12133 3
HIST 12134 10
HIST 12135 6
HIST 12136 5
HIST 12137 3
HIST 12138 5
HIST 12139 4
HIST 12140 3
HIST 12141 4
HIST 12142 5
HIST 12143 3
HIST 12144 5
HIST 12145 4
HIST 12146 3
HIST 12147 2
HIST 12148 2
HIST 12149 5
HIST 12150 5
HIST 12151 1
HIST 12152 7
HIST 12153 7
HIST 12154 7
HIST 12155 5
HIST 12156 3
HIST 12157 2
HIST 12158 5
HIST 12159 6
HIST 12160 4
HIST 12161 6
HIST 12162 1
HIST 12163 4
HIST 12164 1
HIST 12165 5
HIST 12166 4
HIST 12167 5
HIST 12168 7
HIST 12169 5
HIST 12170 3
HIST 12171 5
HIST 12172 6
HIST 12173 1
HIST 12174 8
HIST 12175 3
HIST 12176 5
HIST 12177 1
HIST 12178 6
HIST 12179 4
HIST 12180 9
HIST 12181 9
HIST 12182 7
HIST 12183 4
HIST 12184 6
HIST 12185 2
HIST 12186 6
HIST 12187 3
HIST 12188 6
HIST 12189 4
HIST 12190 6
HIST 12191 2
HIST 12192 5
HIST 12193 3
HIST 12194 2
HIST 12195 4
HIST 12196 6
HIST 12197 3
HIST 12198 2
HIST 12199 6
HIST 12200 3
HIST 12201 3
HIST 12202 3
HIST 12203 4
HIST 12204 7
HIST 12205 6
HIST 12206 6
HIST 12207 3
HIST 12208 6
HIST 12209 6
HIST 12210 6
HIST 12211 4
HIST 12212 4
HIST 12213 8
HIST 12214 4
HIST 12215 8
HIST 12216 9
HIST 12217 7
HIST 12218 4
HIST 12219 7
HIST 12220 2
HIST 12221 10
HIST 12222 5
HIST 12223 4
HIST 12224 4
HIST 12225 8
HIST 12226 3
HIST 12227 4
HIST 12228 5
HIST 12229 2
HIST 12230 3
HIST 12231 4
HIST 12232 5
HIST 12233 5
HIST 12234 2
HIST 12235 4
HIST 12236 6
HIST 12237 7
HIST 12238 7
HIST 12239 12
HIST 12240 4
HIST 12241 7
HIST 12242 7
HIST 12243 4
HIST 12244 2
HIST 12245 11
HIST 12246 4
HIST 12247 4
HIST 12248 5
HIST 12249 2
HIST 12250 5
HIST 12251 5
HIST 12252 6
HIST 12253 3
HIST 12254 7
HIST 12255 7
HIST 12256 4
HIST 12257 2
HIST 12258 6
HIST 12259 4
HIST 12260 8
HIST 12261 2
HIST 12262 6
HIST 12263 5
HIST 12264 4
HIST 12265 4
HIST 12266 4
HIST 12267 5
HIST 12268 4
HIST 12269 2
HIST 12270 5
HIST 12271 2
HIST 12272 7
HIST 12273 1
HIST 12274 3
HIST 12275 5
HIST 12276 4
HIST 12277 3
HIST 12278 4
HIST 12279 1
HIST 12280 5
HIST 12281 4
HIST 12282 1
HIST 12283 4
HIST 12284 7
HIST 12285 5
HIST 12286 2
HIST 12287 2
HIST 12288 3
HIST 12289 4
HIST 12290 3
HIST 12291 5
HIST 12292 1
HIST 12293 5
HIST 12294 3
HIST 12295 2
HIST 12296 5
HIST 12297 1
HIST 12298 10
HIST 12299 2
HIST 12300 9
HIST 12301 5
HIST 12302 2
HIST 12303 7
HIST 12304 10
HIST 12305 1
HIST 12306 4
HIST 12307 6
HIST 12309 3
HIST 12310 4
HIST 12311 3
HIST 12312 2
HIST 12313 4
HIST 12314 3
HIST 12315 2
HIST 12316 5
HIST 12317 3
HIST 12318 5
HIST 12319 3
HIST 12320 5
HIST 12321 6
HIST 12322 4
HIST 12323 5
HIST 12324 4
HIST 12325 2
HIST 12326 3
HIST 12327 6
HIST 12328 5
HIST 12329 4
HIST 12330 4
HIST 12331 2
HIST 12332 3
HIST 12333 4
HIST 12334 4
HIST 12335 7
HIST 12336 3
HIST 12337 1
HIST 12338 2
HIST 12339 699
HIST 12340 3
HIST 12341 3
HIST 12342 4
HIST 12343 3
HIST 12344 2
HIST 12345 9
HIST 12346 2
HIST 12347 4
HIST 12348 1
HIST 12349 3
HIST 12350 5
HIST 12351 3
HIST 12352 4
HIST 12353 1
HIST 12354 3
HIST 12355 3
HIST 12356 5
HIST 12357 4
HIST 12358 3
HIST 12359 4
HIST 12360 4
HIST 12361 4
HIST 12362 3
HIST 12363 6
HIST 12364 5
HIST 12365 5
HIST 12366 2
HIST 12367 4
HIST 12368 2
HIST 12369 1
HIST 12370 4
HIST 12371 4
HIST 12372 4
HIST 12373 2
HIST 12374 3
HIST 12375 6
HIST 12376 2
HIST 12377 2
HIST 12378 4
HIST 12379 2
HIST 12380 3
HIST 12381 4
HIST 12382 3
HIST 12383 3
HIST 12384 4
HIST 12385 1
HIST 12386 1
HIST 12387 2
HIST 12388 1
HIST 12389 4
HIST 12390 2
HIST 12391 3
HIST 12392 2
HIST 12393 2
HIST 12394 3
HIST 12395 5
HIST 12396 4
HIST 12397 2
HIST 12398 1
HIST 12400 7
HIST 12401 2
HIST 12403 6
HIST 12404 2
HIST 12406 3
HIST 12407 6
HIST 12408 1
HIST 12409 2
HIST 12411 5
HIST 12412 6
HIST 12413 4
HIST 12414 5
HIST 12415 6
HIST 12416 3
HIST 12417 5
HIST 12418 6
HIST 12419 4
HIST 12420 4
HIST 12421 7
HIST 12422 3
HIST 12423 4
HIST 12424 7
HIST 12425 1
HIST 12426 3
HIST 12427 4
HIST 12428 7
HIST 12429 1
HIST 12430 3
HIST 12432 5
HIST 12433 4
HIST 12434 2
HIST 12436 3
HIST 12437 1
HIST 12438 3
HIST 12439 4
HIST 12440 7
HIST 12441 2
HIST 12442 1
HIST 12443 10
HIST 12444 3
HIST 12445 5
HIST 12446 6
HIST 12447 4
HIST 12448 3
HIST 12449 1
HIST 12450 3
HIST 12451 3
HIST 12452 3
HIST 12453 2
HIST 12454 3
HIST 12455 1
HIST 12456 2
HIST 12457 3
HIST 12458 1
HIST 12459 5
HIST 12460 3
HIST 12461 3
HIST 12462 4
HIST 12463 5
HIST 12464 4
HIST 12465 2
HIST 12466 2
HIST 12467 5
HIST 12468 3
HIST 12469 7
HIST 12470 2
HIST 12471 3
HIST 12472 3
HIST 12473 2
HIST 12474 3
HIST 12475 1
HIST 12476 3
HIST 12477 3
HIST 12478 7
HIST 12479 2
HIST 12480 3
HIST 12481 3
HIST 12482 6
HIST 12483 3
HIST 12484 4
HIST 12486 9
HIST 12487 2
HIST 12488 2
HIST 12489 2
HIST 12490 1
HIST 12491 3
HIST 12492 5
HIST 12493 2
HIST 12494 4
HIST 12495 5
HIST 12496 3
HIST 12497 3
HIST 12498 2
HIST 12499 379
HIST 12500 2
HIST 12501 5
HIST 12502 2
HIST 12504 2
HIST 12505 3
HIST 12506 7
HIST 12507 1
HIST 12508 2
HIST 12509 1
HIST 12510 1
HIST 12511 5
HIST 12512 3
HIST 12514 5
HIST 12515 5
HIST 12516 7
HIST 12517 2
HIST 12518 1
HIST 12519 5
HIST 12520 3
HIST 12521 2
HIST 12522 5
HIST 12524 1
HIST 12525 36
HIST 12526 4
HIST 12527 3
HIST 12529 6
HIST 12530 6
HIST 12531 49
HIST 12532 3
HIST 12533 2
HIST 12534 2
HIST 12535 4
HIST 12536 2
HIST 12537 4
HIST 12538 3
HIST 12539 4
HIST 12540 2
HIST 12541 8
HIST 12542 3
HIST 12543 1
HIST 12545 2
HIST 12546 6
HIST 12547 8
HIST 12548 4
HIST 12549 2
HIST 12550 2
HIST 12551 2
HIST 12552 2
HIST 12553 2
HIST 12554 6
HIST 12555 3
HIST 12556 1
HIST 12557 2
HIST 12558 7
HIST 12559 3
HIST 12560 1
HIST 12562 2
HIST 12563 3
HIST 12564 3
HIST 12565 3
HIST 12566 3
HIST 12567 2
HIST 12568 3
HIST 12569 2
HIST 12570 4
HIST 12571 4
HIST 12572 1
HIST 12573 3
HIST 12574 3
HIST 12575 1
HIST 12576 3
HIST 12577 1
HIST 12578 2
HIST 12579 5
HIST 12581 3
HIST 12582 1
HIST 12583 5
HIST 12584 10
HIST 12585 4
HIST 12586 1
HIST 12587 1
HIST 12588 4
HIST 12589 4
HIST 12590 6
HIST 12591 4
HIST 12592 4
HIST 12593 2
HIST 12594 3
HIST 12595 5
HIST 12596 3
HIST 12597 3
HIST 12598 5
HIST 12599 2
HIST 12600 2
HIST 12601 3
HIST 12603 1
HIST 12604 1
HIST 12605 3
HIST 12606 2
HIST 12608 3
HIST 12609 1
HIST 12610 3
HIST 12611 1
HIST 12612 4
HIST 12613 67
HIST 12615 4
HIST 12616 4
HIST 12617 4
HIST 12618 3
HIST 12619 2
HIST 12620 3
HIST 12621 2
HIST 12622 3
HIST 12623 2
HIST 12625 3
HIST 12626 1
HIST 12627 3
HIST 12628 2
HIST 12629 1
HIST 12630 2
HIST 12631 2
HIST 12632 2
HIST 12634 3
HIST 12635 4
HIST 12636 3
HIST 12637 1
HIST 12639 4
HIST 12640 2
HIST 12641 4
HIST 12642 1
HIST 12643 4
HIST 12644 1
HIST 12645 2
HIST 12647 3
HIST 12648 4
HIST 12649 2
HIST 12650 6
HIST 12651 2
HIST 12652 3
HIST 12653 4
HIST 12654 1
HIST 12656 4
HIST 12660 3
HIST 12661 2
HIST 12662 1
HIST 12663 4
HIST 12664 1
HIST 12665 2
HIST 12666 1
HIST 12667 5
HIST 12668 4
HIST 12669 5
HIST 12670 2
HIST 12671 3
HIST 12672 3
HIST 12673 2
HIST 12674 2
HIST 12676 1
HIST 12678 2
HIST 12679 2
HIST 12680 1
HIST 12682 1
HIST 12683 2
HIST 12685 3
HIST 12686 2
HIST 12687 2
HIST 12688 2
HIST 12689 2
HIST 12690 1
HIST 12692 1
HIST 12693 3
HIST 12694 2
HIST 12695 2
HIST 12696 6
HIST 12698 2
HIST 12699 3
HIST 12700 2
HIST 12701 3
HIST 12702 3
HIST 12703 2
HIST 12704 1
HIST 12705 7
HIST 12706 3
HIST 12707 1
HIST 12708 7
HIST 12709 1
HIST 12710 6
HIST 12711 5
HIST 12713 4
HIST 12714 1
HIST 12715 2
HIST 12716 3
HIST 12717 1
HIST 12718 3
HIST 12719 4
HIST 12720 1
HIST 12721 1
HIST 12722 2
HIST 12723 1
HIST 12724 3
HIST 12726 3
HIST 12727 2
HIST 12728 4
HIST 12729 4
HIST 12731 2
HIST 12732 3
HIST 12733 1
HIST 12734 3
HIST 12735 4
HIST 12736 1
HIST 12738 1
HIST 12739 3
HIST 12740 11
HIST 12741 1
HIST 12742 3
HIST 12743 1
HIST 12744 1
HIST 12745 2
HIST 12746 2
HIST 12747 1
HIST 12748 2
HIST 12749 2
HIST 12750 3
HIST 12751 3
HIST 12752 3
HIST 12753 2
HIST 12754 3
HIST 12755 2
HIST 12756 1
HIST 12757 1
HIST 12758 2
HIST 12759 1
HIST 12760 3
HIST 12761 2
HIST 12762 2
HIST 12763 1
HIST 12764 2
HIST 12765 1
HIST 12766 1
HIST 12767 2
HIST 12768 2
HIST 12770 1
HIST 12772 3
HIST 12773 2
HIST 12774 2
HIST 12775 3
HIST 12777 1
HIST 12778 1
HIST 12779 2
HIST 12780 1
HIST 12782 2
HIST 12783 2
HIST 12784 1
HIST 12785 1
HIST 12786 1
HIST 12787 1
HIST 12788 1
HIST 12790 1
HIST 12791 1
HIST 12792 2
HIST 12793 7
HIST 12794 1
HIST 12795 4
HIST 12796 1
HIST 12797 2
HIST 12798 3
HIST 12799 1
HIST 12800 4
HIST 12801 2
HIST 12802 3
HIST 12803 1
HIST 12804 2
HIST 12805 6
HIST 12806 3
HIST 12807 1
HIST 12808 1
HIST 12809 4
HIST 12810 3
HIST 12811 1
HIST 12812 2
HIST 12813 2
HIST 12814 1
HIST 12815 5
HIST 12816 1
HIST 12817 1
HIST 12818 3
HIST 12819 1
HIST 12820 3
HIST 12821 3
HIST 12822 6
HIST 12823 1
HIST 12824 1
HIST 12825 2
HIST 12827 2
HIST 12829 1
HIST 12831 1
HIST 12832 3
HIST 12833 5
HIST 12834 4
HIST 12835 1
HIST 12836 2
HIST 12837 2
HIST 12838 2
HIST 12840 5
HIST 12841 3
HIST 12842 2
HIST 12844 4
HIST 12846 3
HIST 12848 3
HIST 12849 2
HIST 12850 2
HIST 12851 3
HIST 12853 1
HIST 12854 2
HIST 12855 2
HIST 12856 1
HIST 12857 5
HIST 12858 2
HIST 12859 1
HIST 12860 1
HIST 12861 6
HIST 12862 2
HIST 12863 1
HIST 12864 1
HIST 12865 2
HIST 12866 1
HIST 12868 2
HIST 12869 3
HIST 12872 1
HIST 12873 4
HIST 12874 2
HIST 12875 1
HIST 12876 1
HIST 12878 3
HIST 12880 3
HIST 12882 1
HIST 12883 1
HIST 12884 1
HIST 12885 1
HIST 12886 2
HIST 12887 3
HIST 12888 2
HIST 12891 1
HIST 12894 1
HIST 12895 5
HIST 12897 3
HIST 12898 2
HIST 12899 1
HIST 12901 10
HIST 12902 4
HIST 12905 1
HIST 12906 2
HIST 12907 2
HIST 12908 4
HIST 12909 1
HIST 12910 2
HIST 12911 3
HIST 12912 2
HIST 12913 1
HIST 12914 3
HIST 12915 4
HIST 12916 1
HIST 12918 1
HIST 12919 3
HIST 12921 1
HIST 12922 2
HIST 12925 1
HIST 12927 2
HIST 12928 187
HIST 12929 1
HIST 12930 2
HIST 12931 1
HIST 12932 1
HIST 12933 2
HIST 12934 2
HIST 12935 1
HIST 12936 1
HIST 12939 1
HIST 12940 2
HIST 12942 1
HIST 12943 4
HIST 12944 3
HIST 12945 3
HIST 12946 1
HIST 12949 3
HIST 12950 3
HIST 12951 1
HIST 12953 3
HIST 12954 2
HIST 12955 3
HIST 12956 3
HIST 12957 2
HIST 12958 3
HIST 12960 4
HIST 12961 1
HIST 12962 2
HIST 12963 3
HIST 12964 7
HIST 12965 2
HIST 12966 3
HIST 12967 1
HIST 12968 1
HIST 12969 1
HIST 12970 1
HIST 12971 1
HIST 12972 2
HIST 12974 1
HIST 12976 4
HIST 12978 2
HIST 12980 2
HIST 12982 1
HIST 12983 1
HIST 12984 2
HIST 12986 2
HIST 12987 1
HIST 12988 3
HIST 12989 3
HIST 12991 2852
HIST 12992 2
HIST 12993 1
HIST 12994 3
HIST 12995 1
HIST 12997 3
HIST 12999 2
HIST 13000 1
HIST 13001 3
HIST 13002 1
HIST 13003 2
HIST 13004 2
HIST 13005 1
HIST 13006 3
HIST 13007 1
HIST 13008 2
HIST 13009 6
HIST 13010 1
HIST 13011 2
HIST 13013 6
HIST 13015 3
HIST 13016 2
HIST 13017 1
HIST 13018 1
HIST 13020 1
HIST 13021 1
HIST 13023 3
HIST 13024 3
HIST 13025 4
HIST 13027 3
HIST 13028 2
HIST 13029 3
HIST 13031 3
HIST 13033 5
HIST 13034 1
HIST 13035 2
HIST 13036 1
HIST 13038 2
HIST 13039 5
HIST 13040 1
HIST 13041 1
HIST 13043 3
HIST 13045 1
HIST 13046 1
HIST 13048 2
HIST 13049 1
HIST 13050 1
HIST 13051 2
HIST 13052 1
HIST 13054 4
HIST 13055 2
HIST 13056 1
HIST 13057 1
HIST 13058 1
HIST 13059 2
HIST 13060 1
HIST 13061 4
HIST 13063 1
HIST 13064 2
HIST 13065 2
HIST 13067 2
HIST 13068 1
HIST 13069 1
HIST 13070 1
HIST 13073 1
HIST 13074 3
HIST 13075 2
HIST 13076 1
HIST 13077 4
HIST 13078 2
HIST 13079 1
HIST 13081 1
HIST 13084 3
HIST 13085 1
HIST 13086 1
HIST 13087 3
HIST 13088 3
HIST 13089 3
HIST 13090 3
HIST 13091 1
HIST 13093 2
HIST 13095 3
HIST 13096 3
HIST 13097 1
HIST 13098 1
HIST 13099 1
HIST 13100 2
HIST 13101 1
HIST 13102 2
HIST 13103 2
HIST 13104 1
HIST 13105 1
HIST 13106 2
HIST 13108 1
HIST 13110 3
HIST 13111 4
HIST 13112 3
HIST 13113 1
HIST 13115 2
HIST 13116 1
HIST 13117 2
HIST 13118 1
HIST 13120 1
HIST 13121 2
HIST 13122 3
HIST 13123 3
HIST 13125 2
HIST 13128 1
HIST 13133 1
HIST 13134 1
HIST 13135 2
HIST 13136 1
HIST 13137 4
HIST 13141 3
HIST 13144 2
HIST 13146 2
HIST 13147 1
HIST 13150 4
HIST 13151 1
HIST 13152 1
HIST 13154 3
HIST 13156 6
HIST 13157 1
HIST 13158 3
HIST 13159 1
HIST 13160 1
HIST 13161 2
HIST 13162 2
HIST 13163 1
HIST 13164 1
HIST 13166 1
HIST 13168 1
HIST 13169 1
HIST 13170 1
HIST 13171 2
HIST 13172 1
HIST 13173 2
HIST 13174 2
HIST 13175 1
HIST 13177 2
HIST 13179 1
HIST 13180 1
HIST 13181 1
HIST 13182 1
HIST 13183 2
HIST 13184 2
HIST 13185 4
HIST 13190 1
HIST 13191 1
HIST 13192 1
HIST 13194 5
HIST 13197 1
HIST 13199 1
HIST 13200 2
HIST 13202 2
HIST 13203 1
HIST 13205 2
HIST 13207 2
HIST 13208 1
HIST 13209 1
HIST 13211 1
HIST 13213 1
HIST 13214 2
HIST 13216 2
HIST 13222 3
HIST 13223 3
HIST 13224 1
HIST 13225 1
HIST 13226 2
HIST 13227 2
HIST 13228 1
HIST 13230 3
HIST 13232 1
HIST 13234 1
HIST 13235 1
HIST 13236 1
HIST 13238 1
HIST 13239 1
HIST 13240 1
HIST 13241 1
HIST 13242 1
HIST 13243 1
HIST 13244 1
HIST 13245 1
HIST 13247 2
HIST 13249 1
HIST 13252 1
HIST 13253 1
HIST 13254 1
HIST 13255 1
HIST 13256 2
HIST 13257 2
HIST 13258 4
HIST 13259 3
HIST 13261 2
HIST 13263 1
HIST 13264 1
HIST 13266 4
HIST 13270 2
HIST 13271 2
HIST 13272 1
HIST 13275 1
HIST 13276 1
HIST 13279 1
HIST 13280 1
HIST 13281 1
HIST 13282 2
HIST 13283 3
HIST 13285 3
HIST 13286 4
HIST 13287 1
HIST 13290 1
HIST 13292 1
HIST 13294 1
HIST 13295 1
HIST 13297 5
HIST 13298 3
HIST 13299 1
HIST 13303 1
HIST 13304 2
HIST 13305 1
HIST 13306 2
HIST 13307 1
HIST 13309 1
HIST 13310 2
HIST 13314 2
HIST 13317 3
HIST 13319 1
HIST 13321 3
HIST 13322 2
HIST 13325 2
HIST 13326 1
HIST 13328 5
HIST 13329 1
HIST 13330 1
HIST 13331 1
HIST 13334 1
HIST 13335 1
HIST 13336 1
HIST 13337 2
HIST 13341 1
HIST 13342 3
HIST 13343 1
HIST 13345 6
HIST 13346 3
HIST 13347 58
HIST 13348 2
HIST 13349 2
HIST 13350 1
HIST 13351 2
HIST 13354 1
HIST 13356 2
HIST 13358 1
HIST 13359 1
HIST 13360 1
HIST 13361 2
HIST 13362 2
HIST 13363 1
HIST 13364 1
HIST 13365 2
HIST 13366 3
HIST 13368 1
HIST 13370 2
HIST 13371 1
HIST 13372 2
HIST 13374 2
HIST 13376 1
HIST 13378 2
HIST 13381 1
HIST 13382 1
HIST 13386 1
HIST 13387 1
HIST 13388 3
HIST 13389 1
HIST 13392 2
HIST 13394 1
HIST 13395 1
HIST 13396 2
HIST 13397 1
HIST 13399 2
HIST 13403 1
HIST 13405 3
HIST 13408 3
HIST 13409 3
HIST 13411 1
HIST 13412 3
HIST 13413 3
HIST 13414 1
HIST 13415 1
HIST 13416 2
HIST 13417 1
HIST 13419 2
HIST 13421 2
HIST 13422 4
HIST 13423 1
HIST 13425 2
HIST 13427 1
HIST 13431 1
HIST 13432 2
HIST 13434 2
HIST 13435 1
HIST 13436 2
HIST 13437 2
HIST 13443 2
HIST 13444 1
HIST 13445 1
HIST 13447 1
HIST 13448 1
HIST 13449 3
HIST 13450 2
HIST 13455 3
HIST 13458 3
HIST 13459 1
HIST 13463 1
HIST 13464 1
HIST 13465 1
HIST 13466 2
HIST 13468 1
HIST 13472 1
HIST 13474 2
HIST 13475 1
HIST 13476 1
HIST 13480 2
HIST 13481 20
HIST 13483 2
HIST 13484 1
HIST 13485 1
HIST 13486 2
HIST 13487 1
HIST 13488 2
HIST 13489 1
HIST 13491 2
HIST 13492 1
HIST 13497 2
HIST 13498 1
HIST 13505 1
HIST 13506 1
HIST 13507 1
HIST 13512 4
HIST 13513 1
HIST 13514 3
HIST 13518 1
HIST 13519 1
HIST 13522 2
HIST 13525 2
HIST 13526 1
HIST 13527 1
HIST 13528 1
HIST 13531 3
HIST 13537 1
HIST 13541 1
HIST 13543 2
HIST 13548 1
HIST 13549 1
HIST 13550 1
HIST 13551 1
HIST 13553 1
HIST 13554 3
HIST 13556 2
HIST 13557 1
HIST 13559 3
HIST 13562 3
HIST 13563 1
HIST 13565 1
HIST 13566 1
HIST 13568 1
HIST 13573 1
HIST 13574 1
HIST 13576 1
HIST 13577 2
HIST 13579 1
HIST 13580 1
HIST 13582 3
HIST 13584 1
HIST 13585 2
HIST 13587 1
HIST 13590 2
HIST 13593 1
HIST 13595 1
HIST 13596 2
HIST 13597 1
HIST 13598 1
HIST 13603 2
HIST 13604 2
HIST 13605 1
HIST 13606 1
HIST 13608 1
HIST 13610 2
HIST 13619 1
HIST 13621 2
HIST 13622 1
HIST 13623 1
HIST 13624 1
HIST 13625 2
HIST 13626 1
HIST 13631 1
HIST 13633 1
HIST 13637 34
HIST 13639 1
HIST 13640 1
HIST 13643 2
HIST 13644 3
HIST 13645 1
HIST 13646 1
HIST 13647 1
HIST 13648 1
HIST 13649 2
HIST 13650 1
HIST 13652 1
HIST 13653 1
HIST 13654 1
HIST 13655 1
HIST 13656 1
HIST 13659 1
HIST 13664 2
HIST 13666 2
HIST 13669 1
HIST 13670 2
HIST 13671 1
HIST 13673 1
HIST 13677 1
HIST 13678 1
HIST 13680 1
HIST 13681 2
HIST 13682 1
HIST 13686 1
HIST 13687 3
HIST 13688 1
HIST 13689 2
HIST 13693 2
HIST 13694 3
HIST 13695 2
HIST 13696 1
HIST 13697 1
HIST 13698 2
HIST 13701 1
HIST 13706 1
HIST 13708 2
HIST 13709 2
HIST 13717 12
HIST 13718 1
HIST 13719 1
HIST 13720 1
HIST 13721 1
HIST 13723 2
HIST 13724 2
HIST 13725 1
HIST 13729 1
HIST 13731 3
HIST 13732 2
HIST 13733 1
HIST 13735 1
HIST 13736 1
HIST 13737 2
HIST 13739 2
HIST 13741 1
HIST 13742 1
HIST 13745 1
HIST 13747 2
HIST 13749 3
HIST 13750 3
HIST 13751 2
HIST 13752 1
HIST 13753 2
HIST 13754 1
HIST 13755 1
HIST 13756 1
HIST 13757 16
HIST 13758 7
HIST 13762 1
HIST 13763 2
HIST 13765 3
HIST 13766 1
HIST 13767 1
HIST 13768 1
HIST 13769 1
HIST 13775 2
HIST 13777 2
HIST 13790 1
HIST 13791 1
HIST 13794 60
HIST 13795 1
HIST 13796 1
HIST 13797 23
HIST 13798 1
HIST 13800 1
HIST 13803 1
HIST 13805 1
HIST 13807 2
HIST 13808 1
HIST 13810 3
HIST 13813 1
HIST 13818 1
HIST 13820 1
HIST 13823 1
HIST 13824 1
HIST 13825 1
HIST 13833 1
HIST 13835 1
HIST 13836 1
HIST 13837 1
HIST 13838 1
HIST 13839 1
HIST 13840 2
HIST 13841 1
HIST 13843 1
HIST 13845 1
HIST 13848 1
HIST 13851 1
HIST 13855 1
HIST 13856 2
HIST 13858 1
HIST 13861 1
HIST 13864 1
HIST 13865 1
HIST 13870 1
HIST 13871 1
HIST 13872 1
HIST 13873 1
HIST 13875 2
HIST 13876 1
HIST 13878 1
HIST 13879 1
HIST 13885 1
HIST 13887 1
HIST 13888 1
HIST 13891 1
HIST 13892 1
HIST 13895 2
HIST 13897 2
HIST 13898 1
HIST 13900 2
HIST 13901 1
HIST 13903 1
HIST 13904 1
HIST 13905 6
HIST 13907 1
HIST 13912 1
HIST 13914 3
HIST 13915 1
HIST 13918 1
HIST 13923 1
HIST 13926 1
HIST 13928 1
HIST 13931 1
HIST 13932 1
HIST 13935 1
HIST 13941 1
HIST 13942 2
HIST 13944 1
HIST 13945 1
HIST 13962 1
HIST 13966 1
HIST 13973 2
HIST 13978 2
HIST 13981 1
HIST 13983 1
HIST 13985 1
HIST 13986 1
HIST 13989 1
HIST 13994 1
HIST 13998 1
HIST 13999 2
HIST 14000 1
HIST 14003 3
HIST 14006 1
HIST 14012 2
HIST 14015 2
HIST 14022 2
HIST 14026 1
HIST 14034 1
HIST 14035 1
HIST 14036 1
HIST 14039 3
HIST 14042 1
HIST 14043 1
HIST 14045 1
HIST 14050 2
HIST 14051 1
HIST 14052 2
HIST 14054 1
HIST 14060 1
HIST 14062 1
HIST 14065 1
HIST 14069 1
HIST 14070 1
HIST 14073 1
HIST 14077 3
HIST 14078 1
HIST 14080 31994
HIST 14083 1
HIST 14084 1
HIST 14090 1
HIST 14091 1
HIST 14096 1
HIST 14098 1
HIST 14101 1
HIST 14104 1
HIST 14116 1
HIST 14117 1
HIST 14121 1
HIST 14124 1
HIST 14132 1
HIST 14133 1
HIST 14137 2
HIST 14138 1
HIST 14140 1
HIST 14141 1
HIST 14145 4
HIST 14146 2
HIST 14147 1
HIST 14150 1
HIST 14151 1
HIST 14152 4
HIST 14153 13
HIST 14154 1
HIST 14157 1
HIST 14158 2
HIST 14159 34
HIST 14160 1
HIST 14165 1
HIST 14169 2
HIST 14173 1
HIST 14180 1
HIST 14181 1
HIST 14182 1
HIST 14183 1
HIST 14186 1
HIST 14187 1
HIST 14189 1
HIST 14190 42
HIST 14192 1
HIST 14193 19
HIST 14194 1
HIST 14196 91
HIST 14199 35
HIST 14204 1
HIST 14211 3
HIST 14212 6
HIST 14214 1
HIST 14215 1
HIST 14216 2
HIST 14223 1
HIST 14224 2
HIST 14228 1
HIST 14231 1
HIST 14233 2
HIST 14235 1
HIST 14238 3
HIST 14241 1
HIST 14247 11
HIST 14249 12
HIST 14251 2
HIST 14252 9
HIST 14253 1
HIST 14255 1
HIST 14256 1
HIST 14258 2
HIST 14259 1
HIST 14260 3
HIST 14263 6
HIST 14265 1
HIST 14266 1
HIST 14269 1
HIST 14272 1
HIST 14276 1
HIST 14278 1
HIST 14285 1
HIST 14287 1
HIST 14289 1
HIST 14290 1
HIST 14291 1
HIST 14292 1
HIST 14304 1
HIST 14308 1
HIST 14311 1
HIST 14312 2
HIST 14318 1
HIST 14321 1
HIST 14326 1
HIST 14331 1
HIST 14332 1
HIST 14334 2
HIST 14336 1
HIST 14337 1
HIST 14340 115
HIST 14357 1
HIST 14363 1
HIST 14365 1
HIST 14367 1
HIST 14368 1
HIST 14373 1
HIST 14376 3
HIST 14381 1
HIST 14383 1
HIST 14396 1
HIST 14398 1
HIST 14404 1
HIST 14406 1
HIST 14410 1
HIST 14413 1
HIST 14417 1
HIST 14423 1
HIST 14426 2
HIST 14428 2
HIST 14429 1
HIST 14430 1
HIST 14432 1
HIST 14433 2
HIST 14436 2
HIST 14438 1
HIST 14439 3
HIST 14440 2
HIST 14443 4
HIST 14446 1
HIST 14447 2
HIST 14450 2
HIST 14453 2
HIST 14454 1
HIST 14455 3
HIST 14456 1
HIST 14457 4
HIST 14458 2
HIST 14459 1
HIST 14460 2
HIST 14461 5
HIST 14462 2
HIST 14463 1
HIST 14464 6
HIST 14465 2
HIST 14467 5
HIST 14468 2
HIST 14469 6
HIST 14470 2
HIST 14471 1
HIST 14472 5
HIST 14473 3
HIST 14474 2
HIST 14475 2
HIST 14476 388
HIST 14477 2
HIST 14478 2
HIST 14479 2
HIST 14480 3
HIST 14482 710
HIST 14492 1
HIST 14494 1
HIST 14495 2
HIST 14496 1
HIST 14498 1
HIST 14502 2
HIST 14503 1
HIST 14504 2
HIST 14508 1
HIST 14510 1
HIST 14511 1
HIST 14515 1
HIST 14516 1
HIST 14517 2
HIST 14518 1
HIST 14519 1
HIST 14520 1
HIST 14521 1
HIST 14522 1
HIST 14525 1
HIST 14526 1
HIST 14527 1
HIST 14528 3
HIST 14530 1
HIST 14531 1
HIST 14534 71
HIST 14535 140
HIST 14536 1
HIST 14538 4
HIST 14542 1
HIST 14543 1
HIST 14544 2
HIST 14546 59
HIST 14548 2
HIST 14549 13
HIST 14553 1
HIST 14555 4
HIST 14570 1
HIST 14576 823
HIST 14581 1
HIST 14588 1
HIST 14594 2
HIST 14597 3
HIST 14604 1
HIST 14614 1
HIST 14615 1
HIST 14621 1
HIST 14625 1
HIST 14626 1
HIST 14628 1
HIST 14632 1
HIST 14638 1
HIST 14644 1
HIST 14649 3
HIST 14655 1
HIST 14686 1
HIST 14687 2
HIST 14692 4
HIST 14693 1
HIST 14695 2
HIST 14717 1
HIST 14726 1
HIST 14747 1
HIST 14758 1
HIST 14772 1
HIST 14773 1
HIST 14780 1
HIST 14782 1
HIST 14796 1
HIST 14799 1
HIST 14814 1
HIST 14822 1
HIST 14841 1
HIST 14845 1
HIST 14846 1
HIST 14855 3
HIST 14862 1
HIST 14863 1
HIST 14867 1
HIST 14870 1
HIST 14871 1
HIST 14877 4
HIST 14883 2
HIST 14904 1
HIST 14905 1
HIST 14911 1
HIST 14929 1
HIST 14930 1
HIST 14935 1
HIST 14936 2
HIST 14959 1
HIST 14962 1
HIST 14972 8
HIST 14973 1
HIST 14975 6
HIST 14976 2
HIST 14978 14
HIST 14982 1
HIST 14984 1
HIST 14989 1
HIST 14991 1
HIST 14994 1
HIST 14997 1
HIST 15005 1
HIST 15010 1
HIST 15012 12
HIST 15015 7
HIST 15021 1
HIST 15028 1
HIST 15030 2
HIST 15031 4
HIST 15038 1
HIST 15041 1
HIST 15043 2
HIST 15046 1
HIST 15054 1
HIST 15071 1
HIST 15080 1
HIST 15084 1
HIST 15088 1
HIST 15100 1
HIST 15101 1
HIST 15103 2
HIST 15115 1
HIST 15135 1
HIST 15147 1
HIST 15151 1
HIST 15157 2
HIST 15161 1
HIST 15162 1
HIST 15163 1
HIST 15166 1
HIST 15168 1
HIST 15178 1
HIST 15186 1
HIST 15187 2
HIST 15188 2
HIST 15196 1
HIST 15208 1
HIST 15214 1
HIST 15217 1
HIST 15225 2
HIST 15227 1
HIST 15232 2
HIST 15236 1
HIST 15240 1
HIST 15244 1
HIST 15246 2
HIST 15249 2
HIST 15250 1
HIST 15254 1
HIST 15264 1
HIST 15267 1
HIST 15275 2
HIST 15277 1
HIST 15279 1
HIST 15280 437
HIST 15285 1
HIST 15295 1
HIST 15296 1
HIST 15297 1
HIST 15298 878
HIST 15322 1
HIST 15345 1
HIST 15353 1
HIST 15369 1
HIST 15371 1
HIST 15377 1
HIST 15396 1
HIST 15399 1
HIST 15402 1
HIST 15407 1
HIST 15410 1
HIST 15414 3
HIST 15417 1
HIST 15467 1
HIST 15485 1
HIST 15502 1
HIST 15508 1
HIST 15565 1
HIST 15595 1
HIST 15603 1
HIST 15612 1
HIST 15642 1
HIST 15643 1
HIST 15653 1
HIST 15664 1
HIST 15670 1
HIST 15676 5
HIST 15682 5
HIST 15685 1
HIST 15687 1
HIST 15694 11
HIST 15700 13
HIST 15707 1
HIST 15735 1
HIST 15746 1
HIST 15747 1
HIST 15751 1
HIST 15753 1
HIST 15783 1
HIST 15794 26
HIST 15872 1
HIST 15994 1
HIST 16056 10
HIST 16084 5
HIST 16190 3
HIST 16212 1
HIST 16215 1
HIST 16337 1
HIST 16352 2
HIST 16434 94
HIST 16473 9
HIST 16498 23
HIST 16548 1
HIST 16900 1
HIST 16928 1
HIST 16953 1
HIST 17302 1
HIST 17691 9
HIST 17807 1
HISTEND
