ch,keV,net,model,continuum_raw,Ac-228,Tl-208,Pb-212,Bi-212,Ra-224,Th-228,Rn-220,Th-232,Xray-Pb,Xray-Th,Xray-Ba
0,-7.711,0.000,0.000,0.000,0.000,0.000,0.000,0.000,0.000,0.000,0.000,0.000,0.000,0.000,0.000
1,-7.375,0.000,0.000,0.000,0.000,0.000,0.000,0.000,0.000,0.000,0.000,0.000,0.000,0.000,0.000
2,-7.040,0.000,0.000,0.000,0.000,0.000,0.000,0.000,0.000,0.000,0.000,0.000,0.000,0.000,0.000
3,-6.704,0.000,0.000,0.000,0.000,0.000,0.000,0.000,0.000,0.000,0.000,0.000,0.000,0.000,0.000
4,-6.368,0.000,0.000,0.000,0.000,0.000,0.000,0.000,0.000,0.000,0.000,0.000,0.000,0.000,0.000
5,-6.032,0.000,0.000,0.000,0.000,0.000,0.000,0.000,0.000,0.000,0.000,0.000,0.000,0.000,0.000
6,-5.697,0.000,0.000,0.000,0.000,0.000,0.000,0.000,0.000,0.000,0.000,0.000,0.000,0.000,0.000
7,-5.361,0.000,0.000,0.000,0.000,0.000,0.000,0.000,0.000,0.000,0.000,0.000,0.000,0.000,0.000
8,-5.025,0.000,0.000,0.000,0.000,0.000,0.000,0.000,0.000,0.000,0.000,0.000,0.000,0.000,0.000
9,-4.689,0.000,0.000,0.000,0.000,0.000,0.000,0.000,0.000,0.000,0.000,0.000,0.000,0.000,0.000
10,-4.353,0.000,0.000,0.000,0.000,0.000,0.000,0.000,0.000,0.000,0.000,0.000,0.000,0.000,0.000
11,-4.017,0.000,0.000,0.000,0.000,0.000,0.000,0.000,0.000,0.000,0.000,0.000,0.000,0.000,0.000
12,-3.682,0.000,0.000,0.000,0.000,0.000,0.000,0.000,0.000,0.000,0.000,0.000,0.000,0.000,0.000
13,-3.346,0.000,0.000,0.000,0.000,0.000,0.000,0.000,0.000,0.000,0.000,0.000,0.000,0.000,0.000
14,-3.010,0.000,0.000,0.000,0.000,0.000,0.000,0.000,0.000,0.000,0.000,0.000,0.000,0.000,0.000
15,-2.674,0.000,0.000,0.000,0.000,0.000,0.000,0.000,0.000,0.000,0.000,0.000,0.000,0.000,0.000
16,-2.338,0.000,0.000,0.000,0.000,0.000,0.000,0.000,0.000,0.000,0.000,0.000,0.000,0.000,0.000
17,-2.002,0.000,0.000,0.000,0.000,0.000,0.000,0.000,0.000,0.000,0.000,0.000,0.000,0.000,0.000
18,-1.665,0.000,0.000,0.000,0.000,0.000,0.000,0.000,0.000,0.000,0.000,0.000,0.000,0.000,0.000
19,-1.329,0.000,0.000,0.000,0.000,0.000,0.000,0.000,0.000,0.000,0.000,0.000,0.000,0.000,0.000
20,-0.993,0.000,0.000,0.000,0.000,0.000,0.000,0.000,0.000,0.000,0.000,0.000,0.000,0.000,0.000
21,-0.657,0.000,0.000,0.000,0.000,0.000,0.000,0.000,0.000,0.000,0.000,0.000,0.000,0.000,0.000
22,-0.321,0.000,0.000,0.000,0.000,0.000,0.000,0.000,0.000,0.000,0.000,0.000,0.000,0.000,0.000
23,0.015,0.000,0.000,0.000,0.000,0.000,0.000,0.000,0.000,0.000,0.000,0.000,0.000,0.000,0.000
24,0.351,0.000,0.000,0.000,0.000,0.000,0.000,0.000,0.000,0.000,0.000,0.000,0.000,0.000,0.000
25,0.688,0.000,0.000,0.000,0.000,0.000,0.000,0.000,0.000,0.000,0.000,0.000,0.000,0.000,0.000
26,1.024,0.000,0.000,0.000,0.000,0.000,0.000,0.000,0.000,0.000,0.000,0.000,0.000,0.000,0.000
27,1.360,0.000,0.000,0.000,0.000,0.000,0.000,0.000,0.000,0.000,0.000,0.000,0.000,0.000,0.000
28,1.696,0.000,0.000,0.000,0.000,0.000,0.000,0.000,0.000,0.000,0.000,0.000,0.000,0.000,0.000
29,2.033,0.000,0.000,0.000,0.000,0.000,0.000,0.000,0.000,0.000,0.000,0.000,0.000,0.000,0.000
30,2.369,0.000,0.000,0.000,0.000,0.000,0.000,0.000,0.000,0.000,0.000,0.000,0.000,0.000,0.000
31,2.705,0.000,0.000,0.000,0.000,0.000,0.000,0.000,0.000,0.000,0.000,0.000,0.000,0.000,0.000
32,3.042,0.000,0.000,0.000,0.000,0.000,0.000,0.000,0.000,0.000,0.000,0.000,0.000,0.000,0.000
33,3.378,0.000,0.000,0.000,0.000,0.000,0.000,0.000,0.000,0.000,0.000,0.000,0.000,0.000,0.000
34,3.715,0.000,0.000,0.000,0.000,0.000,0.000,0.000,0.000,0.000,0.000,0.000,0.000,0.000,0.000
35,4.051,0.000,0.000,0.000,0.000,0.000,0.000,0.000,0.000,0.000,0.000,0.000,0.000,0.000,0.000
36,4.388,0.000,0.000,0.000,0.000,0.000,0.000,0.000,0.000,0.000,0.000,0.000,0.000,0.000,0.000
37,4.724,0.000,0.000,0.000,0.000,0.000,0.000,0.000,0.000,0.000,0.000,0.000,0.000,0.000,0.000
38,5.061,0.000,0.000,0.000,0.000,0.000,0.000,0.000,0.000,0.000,0.000,0.000,0.000,0.000,0.000
39,5.397,0.000,0.000,0.000,0.000,0.000,0.000,0.000,0.000,0.000,0.000,0.000,0.000,0.000,0.000
40,5.734,0.000,0.000,0.000,0.000,0.000,0.000,0.000,0.000,0.000,0.000,0.000,0.000,0.000,0.000
41,6.070,0.000,0.000,0.000,0.000,0.000,0.000,0.000,0.000,0.000,0.000,0.000,0.000,0.000,0.000
42,6.407,0.000,0.000,0.000,0.000,0.000,0.000,0.000,0.000,0.000,0.000,0.000,0.000,0.000,0.000
43,6.744,0.000,0.000,0.000,0.000,0.000,0.000,0.000,0.000,0.000,0.000,0.000,0.000,0.000,0.000
44,7.080,0.000,0.000,0.000,0.000,0.000,0.000,0.000,0.000,0.000,0.000,0.000,0.000,0.000,0.000
45,7.417,0.000,0.000,0.000,0.000,0.000,0.000,0.000,0.000,0.000,0.000,0.000,0.000,0.000,0.000
46,7.754,0.000,0.000,0.000,0.000,0.000,0.000,0.000,0.000,0.000,0.000,0.000,0.000,0.000,0.000
47,8.090,0.000,0.000,0.000,0.000,0.000,0.000,0.000,0.000,0.000,0.000,0.000,0.000,0.000,0.000
48,8.427,0.000,0.000,0.000,0.000,0.000,0.000,0.000,0.000,0.000,0.000,0.000,0.000,0.000,0.000
49,8.764,0.000,0.000,0.000,0.000,0.000,0.000,0.000,0.000,0.000,0.000,0.000,0.000,0.000,0.000
50,9.101,0.000,0.000,0.000,0.000,0.000,0.000,0.000,0.000,0.000,0.000,0.000,0.000,0.000,0.000
51,9.438,0.852,0.000,0.000,0.000,0.000,0.000,0.000,0.000,0.000,0.000,0.000,0.000,0.000,0.000
52,9.774,0.000,0.000,0.000,0.000,0.000,0.000,0.000,0.000,0.000,0.000,0.000,0.000,0.000,0.000
53,10.111,0.000,0.000,0.000,0.000,0.000,0.000,0.000,0.000,0.000,0.000,0.000,0.000,0.000,0.000
54,10.448,0.037,0.000,0.000,0.000,0.000,0.000,0.000,0.000,0.000,0.000,0.000,0.000,0.000,0.000
55,10.785,4.889,0.000,0.000,0.000,0.000,0.000,0.000,0.000,0.000,0.000,0.000,0.000,0.000,0.000
56,11.122,12.853,0.000,0.000,0.000,0.000,0.000,0.000,0.000,0.000,0.000,0.000,0.000,0.000,0.000
57,11.459,23.373,0.000,0.000,0.000,0.000,0.000,0.000,0.000,0.000,0.000,0.000,0.000,0.000,0.000
58,11.796,50.412,0.000,0.000,0.000,0.000,0.000,0.000,0.000,0.000,0.000,0.000,0.000,0.000,0.000
59,12.133,84.230,0.000,0.000,0.000,0.000,0.000,0.000,0.000,0.000,0.000,0.000,0.000,0.000,0.000
60,12.470,132.234,0.000,0.000,0.000,0.000,0.000,0.000,0.000,0.000,0.000,0.000,0.000,0.000,0.000
61,12.807,160.759,0.000,0.000,0.000,0.000,0.000,0.000,0.000,0.000,0.000,0.000,0.000,0.000,0.000
62,13.144,207.691,0.000,0.000,0.000,0.000,0.000,0.000,0.000,0.000,0.000,0.000,0.000,0.000,0.000
63,13.481,240.807,0.000,0.000,0.000,0.000,0.000,0.000,0.000,0.000,0.000,0.000,0.000,0.000,0.000
64,13.818,297.330,0.000,0.000,0.000,0.000,0.000,0.000,0.000,0.000,0.000,0.000,0.000,0.000,0.000
65,14.155,288.630,0.000,0.000,0.000,0.000,0.000,0.000,0.000,0.000,0.000,0.000,0.000,0.000,0.000
66,14.492,317.745,0.000,0.000,0.000,0.000,0.000,0.000,0.000,0.000,0.000,0.000,0.000,0.000,0.000
67,14.830,363.376,0.000,0.000,0.000,0.000,0.000,0.000,0.000,0.000,0.000,0.000,0.000,0.000,0.000
68,15.167,315.749,0.000,0.000,0.000,0.000,0.000,0.000,0.000,0.000,0.000,0.000,0.000,0.000,0.000
69,15.504,384.897,0.000,0.000,0.000,0.000,0.000,0.000,0.000,0.000,0.000,0.000,0.000,0.000,0.000
70,15.841,329.122,351.706,351.417,96.658,52.315,90.441,9.124,6.903,1.261,0.122,0.079,77.096,15.096,2.602
71,16.178,363.898,357.679,357.359,98.290,53.200,91.970,9.278,7.020,1.283,0.125,0.080,78.400,15.352,2.675
72,16.516,378.716,363.654,363.301,99.919,54.084,93.499,9.433,7.137,1.304,0.127,0.082,79.703,15.607,2.753
73,16.853,372.714,369.633,369.243,101.545,54.969,95.029,9.587,7.254,1.325,0.129,0.083,81.007,15.862,2.837
74,17.190,376.682,375.616,375.185,103.169,55.853,96.558,9.741,7.370,1.346,0.131,0.085,82.310,16.117,2.929
75,17.528,360.754,381.607,381.127,104.792,56.738,98.087,9.896,7.487,1.368,0.133,0.086,83.614,16.373,3.029
76,17.865,394.052,387.608,387.069,106.415,57.623,99.617,10.050,7.604,1.389,0.135,0.087,84.918,16.628,3.139
77,18.202,395.830,393.620,393.011,108.038,58.507,101.146,10.204,7.720,1.410,0.137,0.089,86.221,16.883,3.260
78,18.540,387.831,399.647,398.953,109.662,59.392,102.675,10.359,7.837,1.432,0.139,0.090,87.525,17.138,3.395
79,18.877,402.016,405.691,404.895,111.287,60.276,104.205,10.513,7.954,1.453,0.141,0.091,88.829,17.394,3.545
80,19.215,378.093,411.755,410.837,112.913,61.161,105.734,10.668,8.071,1.474,0.143,0.093,90.132,17.649,3.714
81,19.552,376.460,417.842,416.779,114.541,62.046,107.263,10.822,8.187,1.496,0.145,0.094,91.436,17.904,3.905
82,19.890,374.761,423.955,422.721,116.170,62.930,108.793,10.977,8.304,1.517,0.147,0.095,92.740,18.160,4.120
83,20.227,405.317,430.099,428.663,117.800,63.815,110.322,11.131,8.421,1.538,0.149,0.097,94.044,18.415,4.364
84,20.565,406.136,436.278,434.605,119.431,64.700,111.852,11.286,8.538,1.560,0.151,0.098,95.347,18.670,4.643
85,20.902,360.432,442.497,440.546,121.063,65.585,113.381,11.440,8.654,1.581,0.154,0.099,96.651,18.925,4.961
86,21.240,414.732,448.764,446.488,122.695,66.469,114.911,11.595,8.771,1.602,0.156,0.101,97.955,19.181,5.326
87,21.578,409.253,455.086,452.430,124.328,67.354,116.440,11.750,8.888,1.624,0.158,0.102,99.259,19.436,5.745
88,21.915,429.401,461.471,458.372,125.961,68.239,117.970,11.905,9.005,1.645,0.160,0.103,100.563,19.691,6.227
89,22.253,433.553,467.931,464.314,127.594,69.124,119.500,12.059,9.121,1.666,0.162,0.105,101.867,19.947,6.783
90,22.590,408.403,474.477,470.256,129.228,70.009,121.030,12.214,9.238,1.688,0.164,0.106,103.171,20.202,7.425
91,22.928,490.184,481.125,476.198,130.861,70.894,122.560,12.369,9.355,1.709,0.166,0.107,104.476,20.458,8.168
92,23.266,433.816,487.891,482.140,132.495,71.779,124.090,12.525,9.472,1.730,0.168,0.109,105.780,20.713,9.028
93,23.604,455.223,494.794,488.082,134.129,72.664,125.621,12.680,9.589,1.752,0.170,0.110,107.085,20.968,10.025
94,23.941,534.964,501.859,494.024,135.763,73.550,127.151,12.835,9.705,1.773,0.172,0.111,108.389,21.224,11.182
95,24.279,524.113,509.112,499.966,137.398,74.435,128.682,12.991,9.822,1.794,0.174,0.113,109.694,21.479,12.525
96,24.617,555.780,516.583,505.908,139.033,75.321,130.213,13.147,9.939,1.816,0.176,0.114,111.000,21.735,14.087
97,24.955,605.222,524.311,511.850,140.668,76.207,131.745,13.303,10.056,1.837,0.178,0.115,112.305,21.991,15.903
98,25.293,592.334,532.338,517.792,142.304,77.093,133.277,13.459,10.173,1.859,0.180,0.117,113.611,22.246,18.017
99,25.630,638.259,540.714,523.734,143.940,77.979,134.809,13.616,10.290,1.880,0.183,0.118,114.917,22.502,20.477
100,25.968,583.187,549.497,529.675,145.577,78.866,136.342,13.773,10.407,1.901,0.185,0.119,116.224,22.758,23.342
101,26.306,725.704,558.755,535.617,147.214,79.753,137.876,13.931,10.524,1.923,0.187,0.121,117.531,23.014,26.679
102,26.644,727.591,568.569,541.559,148.853,80.641,139.410,14.089,10.641,1.944,0.189,0.122,118.839,23.270,30.568
103,26.982,721.219,579.031,547.501,150.492,81.529,140.946,14.247,10.758,1.965,0.191,0.123,120.148,23.526,35.102
104,27.320,780.442,590.250,553.443,152.133,82.418,142.482,14.406,10.876,1.987,0.193,0.125,121.458,23.783,40.387
105,27.658,729.442,602.352,559.385,153.775,83.307,144.020,14.566,10.993,2.008,0.195,0.126,122.769,24.040,46.550
106,27.996,828.959,615.485,565.327,155.419,84.198,145.559,14.727,11.111,2.030,0.197,0.127,124.081,24.297,53.738
107,28.334,808.257,629.823,571.269,157.064,85.089,147.100,14.889,11.228,2.051,0.199,0.129,125.395,24.554,62.122
108,28.672,771.439,645.560,577.211,158.712,85.982,148.644,15.052,11.346,2.073,0.201,0.130,126.711,24.811,71.896
109,29.010,808.996,662.707,583.153,160.363,86.876,150.190,15.216,11.464,2.094,0.203,0.131,128.028,25.069,83.069
110,29.348,815.809,680.680,589.095,162.016,87.772,151.738,15.382,11.582,2.116,0.205,0.133,129.348,25.328,95.056
111,29.686,811.810,699.011,595.037,163.673,88.670,153.290,15.549,11.701,2.138,0.208,0.134,130.671,25.587,107.388
112,30.024,853.698,717.405,600.979,165.334,89.569,154.845,15.719,11.819,2.159,0.210,0.136,131.997,25.847,119.768
113,30.363,849.737,735.551,606.921,166.998,90.471,156.404,15.890,11.938,2.181,0.212,0.137,133.326,26.107,131.884
114,30.701,847.663,753.133,612.863,168.667,91.375,157.966,16.064,12.058,2.203,0.214,0.138,134.658,26.368,143.421
115,31.039,839.886,769.775,618.805,170.338,92.280,159.532,16.241,12.177,2.225,0.216,0.140,135.992,26.629,154.001
116,31.377,800.513,785.023,624.746,172.014,93.188,161.101,16.421,12.297,2.247,0.218,0.141,137.330,26.891,163.174
117,31.715,867.737,798.591,630.688,173.692,94.097,162.673,16.604,12.417,2.268,0.220,0.143,138.670,27.153,170.650
118,32.054,777.624,810.299,636.630,175.374,95.008,164.248,16.791,12.537,2.290,0.222,0.144,140.012,27.416,176.253
119,32.392,811.661,820.076,642.572,177.058,95.920,165.825,16.983,12.657,2.312,0.225,0.145,141.357,27.679,179.912
120,32.730,802.552,827.919,648.514,178.744,96.834,167.404,17.179,12.778,2.334,0.227,0.147,142.702,27.943,181.625
121,33.069,839.033,833.785,654.456,180.431,97.748,168.984,17.381,12.899,2.356,0.229,0.148,144.049,28.207,181.350
122,33.407,762.069,837.663,660.398,182.119,98.662,170.565,17.590,13.019,2.379,0.231,0.150,145.397,28.470,179.078
123,33.745,783.293,839.729,666.340,183.808,99.577,172.146,17.806,13.140,2.401,0.233,0.151,146.745,28.734,174.986
124,34.084,847.735,840.215,672.282,185.496,100.492,173.727,18.030,13.261,2.423,0.235,0.153,148.093,28.998,169.305
125,34.422,739.550,839.392,678.224,187.184,101.406,175.308,18.263,13.381,2.445,0.237,0.154,149.444,29.262,162.306
126,34.760,743.735,837.526,684.166,188.871,102.319,176.887,18.507,13.502,2.467,0.240,0.155,150.792,29.526,154.258
127,35.099,753.773,832.371,687.614,189.868,102.859,177.821,18.698,13.573,2.480,0.241,0.156,151.588,29.682,145.404
128,35.437,759.995,826.665,691.062,190.862,103.398,178.752,18.903,13.644,2.493,0.242,0.157,152.382,29.837,135.992
129,35.776,733.442,820.682,694.511,191.855,103.936,179.682,19.125,13.715,2.506,0.243,0.158,153.219,29.992,126.248
130,36.114,742.480,814.542,697.959,192.845,104.472,180.609,19.364,13.786,2.519,0.245,0.159,154.021,30.147,116.372
131,36.453,789.666,808.442,701.407,193.833,105.007,181.534,19.625,13.856,2.531,0.246,0.160,154.815,30.301,106.530
132,36.791,764.591,802.521,704.855,194.818,105.541,182.456,19.902,13.927,2.544,0.247,0.161,155.608,30.455,96.857
133,37.130,753.666,796.960,708.303,195.801,106.074,183.384,20.190,13.997,2.557,0.248,0.162,156.471,30.609,87.465
134,37.468,752.595,791.698,711.752,196.782,106.605,184.302,20.484,14.067,2.570,0.250,0.163,157.271,30.762,78.440
135,37.807,718.222,786.864,715.200,197.760,107.135,185.219,20.781,14.137,2.583,0.251,0.164,158.068,30.915,69.849
136,38.146,763.149,782.511,718.648,198.736,107.663,186.133,21.080,14.207,2.595,0.252,0.164,158.866,31.067,61.744
137,38.484,759.708,778.676,722.096,199.710,108.191,187.047,21.375,14.276,2.608,0.253,0.165,159.663,31.219,54.165
138,38.823,719.117,775.384,725.545,200.682,108.717,187.958,21.659,14.346,2.621,0.255,0.166,160.461,31.371,47.146
139,39.162,808.226,772.665,728.993,201.652,109.242,188.867,21.922,14.415,2.633,0.256,0.167,161.259,31.523,40.725
140,39.500,773.747,770.514,732.441,202.621,109.766,189.774,22.161,14.484,2.646,0.257,0.168,162.058,31.674,34.900
141,39.839,810.562,768.907,735.889,203.588,110.290,190.683,22.370,14.553,2.659,0.258,0.169,162.859,31.825,29.650
142,40.178,722.193,767.832,739.337,204.554,110.813,191.600,22.545,14.622,2.671,0.259,0.171,163.662,31.976,24.957
143,40.517,718.861,767.250,742.786,205.519,111.335,192.505,22.683,14.691,2.684,0.261,0.172,164.467,32.126,20.805
144,40.855,841.936,767.148,746.234,206.482,111.856,193.410,22.784,14.760,2.696,0.262,0.173,165.274,32.277,17.172
145,41.194,808.159,767.503,749.682,207.445,112.377,194.313,22.846,14.828,2.709,0.263,0.174,166.085,32.427,14.032
146,41.533,759.197,768.287,753.130,208.407,112.897,195.217,22.872,14.897,2.722,0.264,0.175,166.899,32.577,11.357
147,41.872,791.678,769.459,756.579,209.369,113.417,196.120,22.862,14.966,2.734,0.265,0.176,167.717,32.727,9.102
148,42.211,828.312,770.977,760.027,210.330,113.937,197.023,22.822,15.034,2.747,0.267,0.178,168.540,32.876,7.220
149,42.549,817.608,772.802,763.475,211.291,114.457,197.926,22.754,15.103,2.759,0.268,0.179,169.368,33.026,5.668
150,42.888,854.573,774.897,766.923,212.252,114.976,198.829,22.664,15.171,2.772,0.269,0.181,170.202,33.176,4.403
151,43.227,856.724,777.229,770.372,213.213,115.495,199.732,22.557,15.240,2.784,0.270,0.182,171.043,33.325,3.385
152,43.566,893.689,779.772,773.820,214.174,116.014,200.636,22.438,15.308,2.797,0.272,0.184,171.891,33.475,2.582
153,43.905,879.428,782.503,777.268,215.135,116.533,201.540,22.314,15.376,2.810,0.273,0.185,172.750,33.624,1.959
154,44.244,874.244,785.385,780.716,216.096,117.052,202.445,22.189,15.445,2.823,0.274,0.187,173.619,33.774,1.478
155,44.583,927.208,788.389,784.164,217.058,117.571,203.350,22.067,15.513,2.836,0.275,0.189,174.495,33.923,1.108
156,44.922,859.656,791.501,787.613,218.021,118.090,204.257,21.953,15.582,2.848,0.276,0.191,175.382,34.073,0.825
157,45.261,798.472,794.705,791.061,218.984,118.609,205.164,21.850,15.650,2.861,0.278,0.193,176.282,34.222,0.609
158,45.600,870.955,798.020,794.509,219.948,119.128,206.073,21.761,15.718,2.873,0.279,0.195,177.222,34.371,0.447
159,45.939,836.326,801.404,797.957,220.913,119.648,206.984,21.687,15.787,2.886,0.280,0.197,178.171,34.521,0.327
160,46.278,770.441,804.838,801.406,221.880,120.167,207.895,21.629,15.855,2.899,0.281,0.200,179.119,34.670,0.240
161,46.617,804.665,808.333,804.854,222.847,120.687,208.808,21.587,15.923,2.911,0.282,0.203,180.086,34.819,0.176
162,46.957,748.297,811.892,808.302,223.816,121.206,209.728,21.562,15.992,2.924,0.284,0.206,181.073,34.970,0.129
163,47.296,764.740,815.503,811.750,224.787,121.727,210.647,21.553,16.060,2.937,0.285,0.209,182.082,35.119,0.094
164,47.635,771.336,819.165,815.199,225.759,122.247,211.566,21.559,16.129,2.950,0.286,0.212,183.116,35.269,0.069
165,47.974,711.412,822.880,818.647,226.733,122.768,212.489,21.578,16.197,2.962,0.287,0.216,184.176,35.419,0.050
166,48.313,789.080,826.656,822.095,227.711,123.289,213.415,21.610,16.265,2.975,0.289,0.220,185.267,35.574,0.037
167,48.652,709.564,830.479,825.543,228.691,123.810,214.343,21.653,16.334,2.988,0.290,0.225,186.389,35.725,0.027
168,48.992,766.009,834.355,828.991,229.673,124.332,215.275,21.705,16.402,3.001,0.291,0.229,187.548,35.875,0.020
169,49.331,709.825,838.288,832.440,230.658,124.854,216.210,21.765,16.471,3.014,0.292,0.235,188.746,36.026,0.015
170,49.670,668.827,842.284,835.888,231.647,125.377,217.149,21.831,16.539,3.027,0.293,0.240,189.987,36.178,0.011
171,50.010,701.683,846.341,839.336,232.640,125.901,218.092,21.903,16.608,3.040,0.295,0.247,191.276,36.329,0.008
172,50.349,717.722,850.465,842.784,233.637,126.425,219.040,21.979,16.676,3.053,0.296,0.254,192.616,36.480,0.006
173,50.688,726.982,854.664,846.233,234.639,126.949,219.994,22.059,16.745,3.066,0.297,0.261,194.015,36.632,0.004
174,51.028,722.429,858.956,849.681,235.649,127.475,220.953,22.141,16.814,3.079,0.298,0.269,195.476,36.794,0.003
175,51.367,752.801,863.321,853.129,236.663,128.001,221.919,22.226,16.882,3.092,0.299,0.278,197.007,36.947,0.002
176,51.706,765.509,867.781,856.577,237.683,128.529,222.892,22.312,16.951,3.106,0.301,0.288,198.614,37.099,0.002
177,52.046,747.583,872.343,860.026,238.711,129.057,223.872,22.399,17.020,3.119,0.302,0.299,200.305,37.252,0.001
178,52.385,754.809,877.018,863.474,239.747,129.587,224.861,22.488,17.089,3.133,0.303,0.311,202.088,37.406,0.001
179,52.725,742.701,881.816,866.922,240.793,130.118,225.859,22.577,17.158,3.146,0.304,0.324,203.973,37.559,0.001
180,53.064,922.664,886.751,870.370,241.849,130.650,226.868,22.667,17.227,3.160,0.306,0.339,205.969,37.713,0.000
181,53.404,873.481,891.835,873.818,242.916,131.184,227.887,22.757,17.296,3.173,0.307,0.355,208.087,37.868,0.000
182,53.743,859.855,897.083,877.267,243.997,131.719,228.919,22.848,17.365,3.187,0.308,0.373,210.340,38.023,0.000
183,54.083,850.008,902.511,880.715,245.091,132.257,229.964,22.939,17.434,3.201,0.309,0.392,212.741,38.179,0.000
184,54.422,823.674,908.136,884.163,246.199,132.796,231.024,23.030,17.504,3.216,0.310,0.414,215.304,38.335,0.000
185,54.762,917.234,913.976,887.611,247.322,133.338,232.100,23.122,17.573,3.230,0.312,0.438,218.046,38.492,0.000
186,55.101,919.494,920.053,891.060,248.461,133.882,233.194,23.214,17.643,3.244,0.313,0.464,220.985,38.649,0.000
187,55.441,964.055,926.391,894.508,249.619,134.428,234.307,23.306,17.712,3.259,0.314,0.493,224.140,38.807,0.000
188,55.781,940.946,933.011,897.956,250.793,134.978,235.442,23.399,17.782,3.274,0.315,0.525,227.532,38.966,0.000
189,56.120,939.909,939.931,901.404,251.974,135.531,236.600,23.492,17.852,3.289,0.317,0.561,231.185,39.126,0.000
190,56.460,940.986,947.175,904.853,253.157,136.088,237.784,23.585,17.923,3.304,0.318,0.600,235.125,39.287,0.000
191,56.800,939.731,954.770,908.301,254.337,136.649,238.997,23.679,17.993,3.320,0.319,0.643,239.381,39.449,0.000
192,57.139,991.991,962.749,911.749,255.513,137.214,240.240,23.773,18.064,3.336,0.320,0.691,243.983,39.612,0.000
193,57.479,1039.879,971.146,915.197,256.679,137.784,241.517,23.868,18.134,3.352,0.321,0.744,248.966,39.776,0.000
194,57.819,1082.180,980.000,918.645,257.833,138.359,242.832,23.963,18.205,3.368,0.323,0.803,254.368,39.942,0.000
195,58.158,1111.884,989.355,922.094,258.971,138.940,244.187,24.059,18.277,3.385,0.324,0.868,260.231,40.110,0.000
196,58.498,1065.295,999.258,925.542,260.089,139.527,245.587,24.155,18.349,3.403,0.325,0.940,266.600,40.280,0.000
197,58.838,1067.522,1009.761,928.990,261.185,140.121,247.037,24.252,18.421,3.420,0.326,1.019,273.525,40.451,0.000
198,59.178,1132.524,1020.926,932.438,262.257,140.723,248.541,24.350,18.493,3.439,0.328,1.107,281.062,40.623,0.000
199,59.518,1104.120,1032.823,935.887,263.304,141.334,250.103,24.448,18.566,3.457,0.329,1.204,289.271,40.802,0.000
200,59.857,1191.230,1045.518,939.335,264.323,141.953,251.731,24.548,18.639,3.477,0.330,1.312,298.219,40.981,0.000
201,60.197,1151.307,1059.092,942.783,265.315,142.583,253.431,24.648,18.713,3.497,0.331,1.429,307.980,41.161,0.000
202,60.537,1087.385,1067.483,940.074,264.574,142.299,253.611,24.589,18.665,3.495,0.331,1.557,317.282,41.077,0.000
203,60.877,1213.644,1076.946,937.366,263.807,142.028,253.876,24.531,18.618,3.494,0.330,1.697,327.567,40.995,0.000
204,61.217,1155.425,1087.594,934.657,263.017,141.769,254.235,24.474,18.571,3.494,0.329,1.851,338.933,40.917,0.000
205,61.557,1230.988,1099.544,931.948,262.206,141.525,254.697,24.419,18.525,3.495,0.328,2.016,351.487,40.842,0.000
206,61.897,1298.095,1112.925,929.239,261.378,141.297,255.271,24.365,18.480,3.497,0.327,2.187,365.348,40.771,0.000
207,62.237,1273.954,1127.877,926.530,260.536,141.086,255.970,24.313,18.435,3.500,0.326,2.358,380.645,40.704,0.000
208,62.577,1295.544,1144.562,923.822,259.686,140.895,256.805,24.262,18.391,3.504,0.325,2.527,397.522,40.641,0.000
209,62.917,1262.288,1163.152,921.113,258.831,140.724,257.789,24.214,18.348,3.509,0.325,2.692,416.135,40.583,0.000
210,63.257,1277.438,1183.840,918.404,257.975,140.577,258.936,24.167,18.306,3.515,0.324,2.849,436.656,40.530,0.000
211,63.597,1329.255,1206.837,915.695,257.125,140.455,260.263,24.123,18.266,3.524,0.323,2.996,459.276,40.483,0.000
212,63.937,1304.069,1232.374,912.986,256.285,140.361,261.787,24.082,18.226,3.533,0.322,3.130,484.202,40.442,0.000
213,64.277,1308.334,1260.705,910.278,255.458,140.298,263.527,24.043,18.188,3.545,0.321,3.248,511.664,40.408,0.000
214,64.617,1359.189,1292.109,907.569,254.650,140.269,265.504,24.008,18.151,3.558,0.320,3.349,541.915,40.381,0.000
215,64.957,1438.334,1326.892,904.860,253.863,140.277,267.742,23.976,18.116,3.574,0.320,3.429,575.230,40.362,0.000
216,65.297,1391.340,1365.393,902.151,253.103,140.325,270.265,23.948,18.082,3.592,0.319,3.488,611.916,40.351,0.000
217,65.638,1539.453,1407.980,899.443,252.371,140.419,273.102,23.924,18.051,3.613,0.318,3.523,652.305,40.350,0.000
218,65.978,1623.600,1455.060,896.734,251.671,140.561,276.283,23.904,18.021,3.636,0.318,3.534,696.768,40.360,0.000
219,66.318,1533.270,1507.082,894.025,251.006,140.758,279.841,23.890,17.994,3.662,0.317,3.521,745.709,40.380,0.000
220,66.658,1583.868,1564.537,891.316,250.378,141.015,283.813,23.881,17.969,3.692,0.316,3.484,799.571,40.413,0.000
221,66.998,1592.456,1627.965,888.607,249.789,141.337,288.240,23.879,17.947,3.725,0.316,3.424,858.846,40.459,0.000
222,67.339,1559.170,1697.863,885.899,249.242,141.730,293.165,23.883,17.928,3.762,0.315,3.341,923.974,40.519,0.000
223,67.679,1653.057,1774.628,883.190,248.738,142.199,298.638,23.893,17.912,3.804,0.314,3.237,995.292,40.595,0.000
224,68.019,1709.128,1858.817,880.481,248.280,142.750,304.711,23.912,17.899,3.850,0.314,3.116,1073.292,40.689,0.000
225,68.359,1844.984,1951.093,877.772,247.870,143.391,311.443,23.938,17.891,3.901,0.313,2.978,1158.563,40.801,0.000
226,68.700,1925.911,2052.189,875.063,247.511,144.129,318.898,23.972,17.887,3.958,0.313,2.826,1251.758,40.933,0.000
227,69.040,1894.253,2162.897,872.355,247.204,144.973,327.146,24.017,17.887,4.021,0.313,2.664,1353.580,41.088,0.000
228,69.380,2047.622,2281.987,869.646,246.954,145.913,336.230,24.068,17.893,4.091,0.312,2.493,1462.762,41.266,0.000
229,69.721,2095.439,2407.904,866.937,246.762,146.935,346.191,24.125,17.904,4.168,0.312,2.318,1577.712,41.471,0.000
230,70.061,2206.847,2540.291,864.228,246.632,148.037,357.098,24.186,17.922,4.253,0.312,2.141,1698.002,41.704,0.000
231,70.402,2296.328,2678.972,861.520,246.565,149.217,369.027,24.251,17.945,4.347,0.312,1.963,1823.372,41.968,0.000
232,70.742,2475.549,2823.788,858.811,246.565,150.474,382.064,24.319,17.976,4.450,0.311,1.789,1953.572,42.264,0.000
233,71.082,2545.594,2974.291,856.102,246.634,151.805,396.273,24.389,18.014,4.563,0.311,1.619,2088.084,42.596,0.000
234,71.423,2795.368,3125.778,853.393,246.773,153.169,411.341,24.459,18.059,4.687,0.311,1.455,2222.554,42.965,0.000
235,71.763,2886.039,3275.273,850.684,246.984,154.538,427.111,24.530,18.113,4.823,0.312,1.300,2354.182,43.376,0.000
236,72.104,2994.519,3420.941,847.976,247.268,155.895,443.529,24.600,18.176,4.973,0.312,1.155,2481.200,43.829,0.000
237,72.444,3169.522,3560.967,845.267,247.624,157.223,460.543,24.668,18.247,5.136,0.312,1.019,2601.861,44.329,0.000
238,72.785,3193.008,3693.558,842.558,248.051,158.504,478.099,24.733,18.327,5.315,0.313,0.894,2714.440,44.878,0.000
239,73.125,3613.229,3816.974,839.849,248.548,159.721,496.131,24.794,18.417,5.511,0.313,0.780,2817.275,45.479,0.000
240,73.466,3723.936,3929.549,837.140,249.113,160.857,514.539,24.851,18.517,5.725,0.313,0.678,2908.816,46.135,0.000
241,73.806,3853.081,4029.807,834.432,249.744,161.897,533.264,24.902,18.627,5.958,0.314,0.586,2987.660,46.850,0.000
242,74.147,4084.640,4116.484,831.723,250.438,162.827,552.265,24.948,18.748,6.213,0.315,0.504,3052.594,47.628,0.000
243,74.488,4096.862,4188.555,829.014,251.191,163.634,571.518,24.987,18.879,6.491,0.315,0.433,3102.630,48.473,0.000
244,74.828,4274.308,4245.218,826.305,251.999,164.310,590.962,25.020,19.021,6.794,0.316,0.371,3137.032,49.389,0.000
245,75.169,4356.197,4285.623,823.597,252.859,164.846,610.215,25.046,19.175,7.125,0.317,0.317,3155.339,50.381,0.000
246,75.510,4532.568,4308.976,820.888,253.767,165.238,628.651,25.065,19.341,7.485,0.318,0.271,3157.383,51.453,0.000
247,75.850,4575.123,4315.192,818.179,254.716,165.485,646.057,25.077,19.519,7.877,0.319,0.232,3143.293,52.613,0.000
248,76.191,4643.497,4304.506,815.470,255.702,165.586,662.237,25.083,19.710,8.305,0.319,0.199,3113.496,53.865,0.000
249,76.532,4592.313,4277.456,812.761,256.720,165.545,677.004,25.082,19.914,8.771,0.320,0.172,3068.707,55.217,0.000
250,76.872,4565.608,4234.869,810.053,257.766,165.369,690.189,25.076,20.133,9.278,0.321,0.150,3009.908,56.675,0.000
251,77.213,4574.349,4177.838,807.344,258.835,165.066,701.638,25.064,20.365,9.831,0.322,0.132,2938.331,58.248,0.000
252,77.554,4674.832,4107.695,804.635,259.922,164.647,711.222,25.048,20.613,10.433,0.323,0.118,2855.419,59.946,0.000
253,77.895,4469.348,4025.984,801.926,261.025,164.126,718.833,25.027,20.876,11.089,0.324,0.106,2762.797,61.777,0.000
254,78.235,4346.018,3934.419,799.218,262.140,163.517,724.395,25.002,21.156,11.804,0.324,0.097,2662.226,63.753,0.000
255,78.576,4253.240,3834.845,796.509,263.267,162.836,727.857,24.973,21.454,12.583,0.325,0.090,2555.570,65.886,0.000
256,78.917,4214.132,3729.191,793.800,264.404,162.100,729.202,24.942,21.768,13.427,0.326,0.084,2444.744,68.189,0.000
257,79.258,4061.651,3619.429,791.091,265.553,161.322,728.445,24.909,22.095,14.337,0.326,0.080,2331.682,70.676,0.000
258,79.599,3900.798,3507.550,788.382,266.714,160.521,725.632,24.874,22.431,15.315,0.327,0.076,2218.292,73.364,0.000
259,79.940,3726.579,3395.521,785.674,267.891,159.713,720.841,24.837,22.776,16.365,0.327,0.073,2106.424,76.271,0.000
260,80.281,3631.134,3285.256,782.965,269.087,158.913,714.181,24.800,23.131,17.491,0.328,0.070,1997.835,79.415,0.000
261,80.622,3383.497,3178.548,780.256,270.310,158.137,705.792,24.762,23.492,18.694,0.328,0.069,1894.141,82.818,0.000
262,80.962,3185.203,3076.871,777.547,271.566,157.390,695.840,24.725,23.855,19.945,0.328,0.067,1796.648,86.503,0.000
263,81.303,3096.685,2981.511,774.838,272.864,156.673,684.513,24.687,24.211,21.208,0.329,0.066,1706.462,90.494,0.000
264,81.644,2820.208,2893.766,772.130,274.213,155.992,672.022,24.651,24.556,22.467,0.329,0.065,1624.647,94.821,0.000
265,81.985,2814.021,2814.809,769.421,275.625,155.353,658.596,24.615,24.886,23.708,0.329,0.064,1552.118,99.511,0.000
266,82.326,2758.096,2745.662,766.712,277.112,154.760,644.478,24.580,25.198,24.916,0.329,0.063,1489.624,104.598,0.000
267,82.667,2539.281,2686.707,764.003,278.688,154.214,629.908,24.547,25.489,26.076,0.329,0.063,1437.271,110.117,0.000
268,83.008,2489.467,2637.031,761.295,280.369,153.716,615.114,24.515,25.755,27.174,0.329,0.063,1393.884,116.107,0.000
269,83.349,2387.203,2595.874,758.586,282.169,153.265,600.330,24.486,25.993,28.195,0.329,0.062,1358.431,122.609,0.000
270,83.691,2485.837,2562.950,755.877,284.105,152.859,585.796,24.458,26.201,29.125,0.329,0.062,1330.341,129.668,0.000
271,84.032,2216.063,2537.833,753.168,286.195,152.494,571.748,24.432,26.377,29.950,0.329,0.062,1308.909,137.334,0.000
272,84.373,2390.801,2519.977,750.459,288.456,152.167,558.410,24.409,26.517,30.658,0.329,0.062,1293.308,145.658,0.000
273,84.714,2323.802,2508.568,747.751,290.901,151.872,545.859,24.387,26.622,31.238,0.329,0.061,1282.624,154.672,0.000
274,85.055,2264.507,2502.609,745.042,293.537,151.599,534.067,24.367,26.690,31.681,0.329,0.061,1275.882,164.392,0.000
275,85.396,2320.914,2501.181,742.333,296.378,151.343,523.073,24.350,26.720,31.981,0.329,0.061,1272.085,174.858,0.000
276,85.737,2343.206,2503.514,739.624,299.441,151.097,512.942,24.334,26.714,32.131,0.329,0.061,1270.339,186.122,0.000
277,86.078,2413.062,2508.700,736.915,302.744,150.857,503.708,24.320,26.671,32.130,0.329,0.061,1269.635,198.241,0.000
278,86.420,2351.287,2515.797,734.207,306.302,150.616,495.383,24.309,26.594,31.976,0.329,0.061,1268.958,211.266,0.000
279,86.761,2468.099,2523.583,731.498,310.070,150.369,487.894,24.299,26.485,31.672,0.328,0.061,1267.381,225.020,0.000
280,87.102,2419.135,2530.969,728.789,314.010,150.110,481.157,24.290,26.345,31.222,0.328,0.061,1264.082,239.359,0.000
281,87.443,2473.284,2537.117,726.080,318.110,149.838,475.092,24.282,26.178,30.632,0.328,0.061,1258.355,254.235,0.000
282,87.785,2544.358,2541.419,723.372,322.363,149.548,469.623,24.276,25.988,29.911,0.328,0.061,1249.699,269.618,0.000
283,88.126,2530.062,2543.415,720.663,326.759,149.241,464.660,24.270,25.777,29.069,0.328,0.061,1237.770,285.476,0.000
284,88.467,2617.987,2542.491,717.954,331.288,148.913,460.084,24.265,25.550,28.118,0.328,0.061,1222.110,301.769,0.000
285,88.808,2604.918,2538.084,715.245,335.918,148.563,455.775,24.261,25.310,27.071,0.328,0.061,1202.417,318.376,0.000
286,89.150,2595.174,2529.859,712.536,340.631,148.190,451.615,24.256,25.061,25.941,0.328,0.061,1178.542,335.228,0.000
287,89.491,2453.508,2517.654,709.828,345.413,147.795,447.491,24.252,24.807,24.745,0.328,0.061,1150.477,352.281,0.000
288,89.832,2555.396,2501.451,707.119,350.254,147.379,443.298,24.247,24.552,23.496,0.328,0.061,1118.334,369.497,0.000
289,90.174,2558.358,2481.351,704.410,355.145,146.942,438.944,24.242,24.299,22.211,0.328,0.061,1082.333,386.841,0.000
290,90.515,2636.647,2457.329,701.701,360.029,146.486,434.346,24.236,24.052,20.903,0.328,0.061,1042.784,404.100,0.000
291,90.857,2570.321,2429.057,698.992,364.768,146.014,429.432,24.229,23.810,19.588,0.328,0.061,1000.068,420.755,0.000
292,91.198,2471.021,2396.716,696.284,369.318,145.528,424.146,24.220,23.574,18.278,0.328,0.061,954.627,436.631,0.000
293,91.539,2555.469,2360.574,693.575,373.638,145.030,418.448,24.211,23.348,16.987,0.328,0.061,906.940,451.580,0.000
294,91.881,2442.099,2320.949,690.866,377.690,144.522,412.316,24.199,23.131,15.725,0.327,0.061,857.518,465.455,0.000
295,92.222,2357.169,2278.209,688.157,381.441,144.006,405.754,24.186,22.926,14.502,0.327,0.061,806.881,478.121,0.000
296,92.564,2363.360,2232.751,685.449,384.858,143.484,398.786,24.170,22.732,13.327,0.327,0.061,755.549,489.453,0.000
297,92.905,2318.247,2184.952,682.740,387.913,142.959,391.412,24.153,22.549,12.207,0.327,0.061,704.029,499.338,0.000
298,93.247,2404.136,2135.199,680.031,390.585,142.432,383.649,24.133,22.378,11.148,0.327,0.061,652.804,507.679,0.000
299,93.588,2296.506,2083.887,677.322,392.855,141.904,375.530,24.110,22.218,10.153,0.326,0.061,602.327,514.399,0.000
300,93.930,2185.129,2031.404,674.613,394.711,141.377,367.103,24.085,22.068,9.225,0.326,0.061,553.008,519.436,0.000
301,94.272,2045.389,1978.125,671.905,396.144,140.852,358.424,24.057,21.928,8.366,0.326,0.060,505.213,522.750,0.000
302,94.613,1925.763,1924.400,669.196,397.144,140.331,349.555,24.027,21.795,7.576,0.325,0.060,459.258,524.324,0.000
303,94.955,1998.762,1870.559,666.487,397.711,139.813,340.565,23.993,21.668,6.855,0.325,0.060,415.407,524.159,0.000
304,95.296,1974.463,1816.916,663.778,397.853,139.299,331.521,23.957,21.545,6.201,0.324,0.060,373.871,522.281,0.000
305,95.638,1804.432,1763.757,661.069,397.586,138.789,322.493,23.918,21.425,5.611,0.324,0.060,334.810,518.737,0.000
306,95.980,1794.392,1715.743,662.764,398.598,139.194,314.907,24.036,21.425,5.095,0.325,0.061,298.353,513.744,0.000
307,96.321,1689.979,1668.684,664.458,399.230,139.608,307.470,24.152,21.426,4.636,0.327,0.061,264.536,507.234,0.000
308,96.663,1613.318,1622.753,666.152,399.476,140.030,300.237,24.266,21.426,4.233,0.328,0.061,233.378,499.313,0.000
309,97.005,1564.056,1578.120,667.847,399.354,140.460,293.260,24.378,21.425,3.879,0.330,0.061,204.858,490.109,0.000
310,97.346,1555.575,1534.936,669.541,398.891,140.898,286.584,24.488,21.422,3.572,0.331,0.062,178.922,479.761,0.000
311,97.688,1507.237,1493.332,671.235,398.117,141.342,280.245,24.596,21.415,3.307,0.333,0.062,155.486,468.425,0.000
312,98.030,1425.015,1453.422,672.929,397.062,141.792,274.274,24.702,21.404,3.079,0.334,0.062,134.441,456.267,0.000
313,98.372,1425.905,1415.308,674.624,395.762,142.247,268.694,24.807,21.388,2.885,0.336,0.063,115.662,443.461,0.000
314,98.713,1338.642,1379.083,676.318,394.252,142.706,263.519,24.909,21.368,2.722,0.337,0.063,99.013,430.189,0.000
315,99.055,1222.792,1344.835,678.012,392.571,143.171,258.761,25.010,21.343,2.588,0.338,0.063,84.351,416.635,0.000
316,99.397,1272.341,1312.626,679.707,390.756,143.639,254.421,25.109,21.314,2.478,0.340,0.064,71.514,402.988,0.000
317,99.739,1221.089,1282.507,681.401,388.846,144.109,250.496,25.206,21.280,2.388,0.341,0.064,60.339,389.433,0.000
318,100.081,1205.828,1254.498,683.095,386.876,144.582,246.980,25.302,21.242,2.315,0.342,0.064,50.664,376.126,0.000
319,100.422,1101.685,1228.569,684.789,384.872,145.055,243.860,25.397,21.200,2.256,0.344,0.064,42.335,363.180,0.000
320,100.764,1125.123,1204.729,686.484,382.865,145.530,241.122,25.490,21.155,2.208,0.345,0.065,35.223,350.721,0.000
321,101.106,1168.086,1183.051,688.178,380.887,146.005,238.748,25.582,21.107,2.170,0.346,0.065,29.249,338.886,0.000
322,101.448,1114.829,1163.541,689.872,378.969,146.481,236.719,25.673,21.057,2.140,0.347,0.065,24.285,327.800,0.000
323,101.790,1099.863,1146.152,691.567,377.142,146.957,235.011,25.763,21.006,2.117,0.349,0.066,20.163,317.575,0.000
324,102.132,1127.270,1130.674,693.261,375.400,147.432,233.601,25.852,20.954,2.099,0.350,0.066,16.741,308.174,0.000
325,102.474,1077.346,1116.867,694.955,373.733,147.908,232.467,25.940,20.903,2.085,0.351,0.066,13.900,299.511,0.000
326,102.816,1095.386,1104.595,696.649,372.142,148.383,231.584,26.028,20.853,2.075,0.352,0.066,11.541,291.566,0.000
327,103.158,1133.641,1093.758,698.344,370.636,148.859,230.939,26.114,20.804,2.069,0.353,0.067,9.582,284.331,0.000
328,103.500,1125.782,1084.249,700.038,369.217,149.334,230.513,26.201,20.758,2.065,0.355,0.067,7.956,277.779,0.000
329,103.842,1040.899,1075.945,701.732,367.887,149.809,230.281,26.286,20.715,2.063,0.356,0.067,6.605,271.869,0.000
330,104.184,1009.010,1068.704,703.427,366.631,150.284,230.218,26.372,20.676,2.063,0.357,0.068,5.484,266.547,0.000
331,104.526,987.486,1062.391,705.121,365.439,150.759,230.302,26.457,20.640,2.065,0.358,0.068,4.554,261.746,0.000
332,104.868,990.191,1056.873,706.815,364.301,151.233,230.515,26.541,20.608,2.068,0.359,0.068,3.781,257.394,0.000
333,105.210,1009.303,1052.024,708.509,363.209,151.707,230.841,26.626,20.581,2.072,0.360,0.069,3.139,253.416,0.000
334,105.552,994.857,1047.732,710.204,362.156,152.181,231.270,26.710,20.558,2.077,0.361,0.069,2.606,249.738,0.000
335,105.894,1044.006,1043.864,711.898,361.130,152.654,231.790,26.794,20.541,2.083,0.363,0.069,2.164,246.273,0.000
336,106.236,1005.191,1040.291,713.592,360.119,153.127,232.389,26.877,20.528,2.090,0.364,0.070,1.797,242.928,0.000
337,106.578,1057.707,1036.889,715.287,359.109,153.599,233.056,26.961,20.520,2.097,0.365,0.070,1.492,239.616,0.000
338,106.920,973.484,1033.548,716.981,358.091,154.071,233.785,27.044,20.517,2.105,0.366,0.070,1.239,236.256,0.000
339,107.262,948.523,1030.169,718.675,357.054,154.542,234.568,27.127,20.519,2.113,0.367,0.071,1.028,232.775,0.000
340,107.605,968.043,1026.670,720.369,355.990,155.012,235.402,27.210,20.526,2.122,0.368,0.071,0.854,229.111,0.000
341,107.947,979.114,1022.978,722.064,354.891,155.482,236.281,27.293,20.537,2.132,0.369,0.072,0.709,225.209,0.000
342,108.289,997.817,1019.029,723.758,353.753,155.950,237.204,27.375,20.552,2.141,0.370,0.072,0.589,221.018,0.000
343,108.631,945.039,1014.774,725.452,352.569,156.418,238.168,27.457,20.571,2.152,0.372,0.072,0.489,216.502,0.000
344,108.973,1026.820,1010.177,727.147,351.337,156.884,239.171,27.539,20.595,2.163,0.373,0.073,0.406,211.633,0.000
345,109.316,910.931,1005.218,728.841,350.055,157.349,240.213,27.621,20.621,2.174,0.374,0.073,0.337,206.396,0.000
346,109.658,977.297,999.896,730.535,348.727,157.812,241.293,27.702,20.651,2.185,0.375,0.074,0.280,200.792,0.000
347,110.000,1017.107,994.237,732.229,347.361,158.273,242.405,27.783,20.685,2.197,0.376,0.074,0.232,194.846,0.000
348,110.342,931.959,988.239,733.924,345.956,158.732,243.547,27.864,20.721,2.210,0.377,0.075,0.193,188.560,0.000
349,110.685,980.593,981.912,735.618,344.517,159.189,244.716,27.944,20.759,2.223,0.378,0.075,0.160,181.946,0.000
350,111.027,910.295,975.283,737.312,343.047,159.644,245.912,28.024,20.800,2.237,0.379,0.076,0.133,175.027,0.000
351,111.369,910.184,968.389,739.006,341.555,160.096,247.135,28.104,20.842,2.251,0.380,0.076,0.110,167.835,0.000
352,111.712,924.366,961.268,740.701,340.048,160.546,248.377,28.183,20.887,2.265,0.381,0.077,0.092,160.409,0.000
353,112.054,916.370,953.962,742.395,338.536,160.993,249.625,28.261,20.932,2.280,0.382,0.078,0.076,152.793,0.000
354,112.396,920.435,946.519,744.089,337.031,161.437,250.869,28.339,20.979,2.296,0.383,0.078,0.063,145.038,0.000
355,112.739,918.327,938.997,745.784,335.544,161.878,252.106,28.417,21.027,2.313,0.385,0.079,0.052,137.192,0.000
356,113.081,826.587,931.454,747.478,334.086,162.317,253.330,28.494,21.076,2.330,0.386,0.080,0.044,129.309,0.000
357,113.424,844.626,923.947,749.172,332.669,162.752,254.536,28.570,21.125,2.348,0.387,0.080,0.036,121.440,0.000
358,113.766,860.437,916.533,750.866,331.304,163.184,255.718,28.646,21.175,2.367,0.388,0.081,0.030,113.634,0.000
359,114.108,852.438,909.265,752.561,330.005,163.614,256.873,28.721,21.226,2.386,0.389,0.082,0.025,105.940,0.000
360,114.451,817.919,902.195,754.255,328.781,164.040,257.994,28.796,21.277,2.407,0.390,0.083,0.021,98.402,0.000
361,114.793,846.362,895.369,755.949,327.643,164.463,259.078,28.870,21.328,2.428,0.391,0.084,0.017,91.061,0.000
362,115.136,939.177,888.827,757.644,326.600,164.884,260.120,28.944,21.380,2.451,0.392,0.085,0.014,83.953,0.000
363,115.478,794.956,882.605,759.338,325.661,165.302,261.116,29.018,21.431,2.474,0.393,0.086,0.012,77.109,0.000
364,115.821,856.840,876.735,761.032,324.833,165.717,262.061,29.090,21.483,2.499,0.394,0.087,0.010,70.556,0.000
365,116.163,886.723,871.243,762.726,324.126,166.129,262.953,29.163,21.535,2.525,0.395,0.088,0.008,64.317,0.000
366,116.506,866.844,866.149,764.421,323.545,166.539,263.788,29.235,21.586,2.553,0.396,0.089,0.007,58.407,0.000
367,116.848,839.838,861.469,766.115,323.095,166.946,264.565,29.306,21.638,2.582,0.397,0.090,0.006,52.839,0.000
368,117.191,854.650,857.213,767.809,322.781,167.352,265.282,29.378,21.689,2.612,0.398,0.092,0.005,47.620,0.000
369,117.534,773.397,853.383,769.504,322.605,167.755,265.936,29.448,21.741,2.644,0.398,0.093,0.004,42.754,0.000
370,117.876,805.691,849.983,771.198,322.570,168.156,266.528,29.519,21.792,2.679,0.399,0.094,0.003,38.238,0.000
371,118.219,931.656,847.009,772.892,322.676,168.556,267.058,29.589,21.843,2.715,0.400,0.096,0.003,34.068,0.000
372,118.561,853.134,844.456,774.586,322.927,168.954,267.527,29.659,21.894,2.753,0.401,0.098,0.002,30.237,0.000
373,118.904,840.654,842.315,776.281,323.322,169.350,267.934,29.728,21.945,2.793,0.402,0.099,0.002,26.735,0.000
374,119.247,842.539,840.578,777.975,323.862,169.745,268.284,29.798,21.996,2.836,0.403,0.101,0.002,23.547,0.000
375,119.589,862.466,839.232,779.669,324.549,170.139,268.577,29.867,22.046,2.881,0.404,0.103,0.001,20.660,0.000
376,119.932,847.238,838.265,781.364,325.382,170.532,268.816,29.936,22.097,2.929,0.405,0.105,0.001,18.058,0.000
377,120.275,812.499,837.665,783.058,326.362,170.923,269.006,30.004,22.148,2.979,0.406,0.107,0.001,15.723,0.000
378,120.617,824.169,837.419,784.752,327.489,171.314,269.150,30.073,22.198,3.033,0.407,0.109,0.001,13.639,0.000
379,120.960,792.982,837.518,786.446,328.764,171.705,269.252,30.142,22.248,3.090,0.408,0.112,0.001,11.791,0.000
380,121.303,863.426,837.947,788.141,330.188,172.095,269.317,30.210,22.299,3.151,0.409,0.114,0.001,10.158,0.000
381,121.646,764.313,838.692,789.835,331.761,172.484,269.350,30.278,22.349,3.216,0.410,0.117,0.000,8.722,0.000
382,121.988,865.536,839.742,791.529,333.485,172.873,269.355,30.347,22.400,3.284,0.411,0.120,0.000,7.462,0.000
383,122.331,897.462,841.086,793.224,335.362,173.262,269.337,30.415,22.450,3.357,0.412,0.123,0.000,6.363,0.000
384,122.674,806.200,842.718,794.918,337.394,173.651,269.302,30.483,22.500,3.435,0.412,0.126,0.000,5.409,0.000
385,123.017,860.568,844.642,796.612,339.587,174.040,269.254,30.552,22.551,3.517,0.413,0.130,0.000,4.594,0.000
386,123.360,944.308,846.838,798.306,341.931,174.429,269.199,30.620,22.601,3.605,0.414,0.133,0.000,3.901,0.000
387,123.702,861.162,849.271,800.001,344.404,174.819,269.140,30.688,22.651,3.698,0.415,0.137,0.000,3.312,0.000
388,124.045,870.352,851.922,801.695,346.998,175.209,269.084,30.757,22.702,3.797,0.416,0.141,0.000,2.813,0.000
389,124.388,893.012,854.780,803.389,349.710,175.599,269.033,30.825,22.752,3.903,0.417,0.146,0.000,2.389,0.000
390,124.731,897.602,857.835,805.084,352.538,175.990,268.992,30.894,22.803,4.016,0.418,0.150,0.000,2.028,0.000
391,125.074,1016.269,861.073,806.778,355.473,176.381,268.965,30.963,22.854,4.135,0.419,0.155,0.000,1.723,0.000
392,125.417,1003.677,864.452,808.472,358.478,176.773,268.955,31.031,22.904,4.261,0.420,0.161,0.000,1.463,0.000
393,125.760,876.339,867.919,810.166,361.505,177.166,268.964,31.100,22.955,4.393,0.421,0.166,0.000,1.242,0.000
394,126.103,1038.381,871.449,811.861,364.534,177.560,268.995,31.170,23.006,4.530,0.422,0.172,0.000,1.055,0.000
395,126.446,1032.487,875.025,813.555,367.548,177.955,269.050,31.239,23.057,4.673,0.423,0.179,0.000,0.896,0.000
396,126.789,919.785,878.624,815.249,370.530,178.350,269.131,31.308,23.109,4.821,0.424,0.185,0.000,0.761,0.000
397,127.131,1012.785,882.226,816.943,373.460,178.747,269.238,31.378,23.160,4.974,0.425,0.193,0.000,0.646,0.000
398,127.474,959.819,885.808,818.638,376.322,179.144,269.374,31.448,23.212,5.129,0.426,0.200,0.000,0.549,0.000
399,127.817,987.558,889.348,820.332,379.097,179.542,269.538,31.517,23.263,5.284,0.426,0.208,0.000,0.466,0.000
400,128.160,1013.075,892.825,822.026,381.768,179.941,269.731,31.588,23.315,5.437,0.427,0.217,0.000,0.396,0.000
401,128.503,1005.601,896.221,823.721,384.319,180.341,269.952,31.658,23.367,5.589,0.428,0.226,0.000,0.336,0.000
402,128.847,992.631,899.516,825.415,386.733,180.742,270.201,31.728,23.419,5.737,0.429,0.236,0.000,0.285,0.000
403,129.190,986.075,902.691,827.109,388.994,181.143,270.478,31.799,23.471,5.882,0.430,0.247,0.000,0.242,0.000
404,129.533,1025.075,905.729,828.803,391.089,181.546,270.781,31.869,23.523,6.021,0.431,0.258,0.000,0.206,0.000
405,129.876,984.149,908.616,830.498,393.005,181.949,271.111,31.940,23.575,6.154,0.432,0.270,0.000,0.175,0.000
406,130.219,1057.518,911.335,832.192,394.731,182.352,271.464,32.011,23.627,6.280,0.433,0.282,0.000,0.148,0.000
407,130.562,971.778,913.876,833.886,396.257,182.756,271.842,32.082,23.680,6.398,0.434,0.296,0.000,0.126,0.000
408,130.905,926.892,916.226,835.581,397.575,183.161,272.241,32.153,23.732,6.507,0.435,0.310,0.000,0.107,0.000
409,131.248,1075.625,918.377,837.275,398.678,183.566,272.661,32.224,23.784,6.606,0.436,0.325,0.000,0.091,0.000
410,131.591,1042.404,920.322,838.969,399.564,183.972,273.100,32.295,23.837,6.694,0.437,0.342,0.000,0.077,0.000
411,131.934,1026.035,922.057,840.663,400.229,184.377,273.557,32.366,23.890,6.771,0.438,0.359,0.000,0.066,0.000
412,132.278,1023.998,923.579,842.358,400.673,184.783,274.030,32.437,23.942,6.836,0.439,0.377,0.000,0.056,0.000
413,132.621,998.443,924.887,844.052,400.899,185.189,274.518,32.509,23.995,6.888,0.440,0.397,0.000,0.047,0.000
414,132.964,1022.480,925.984,845.746,400.911,185.595,275.020,32.580,24.047,6.926,0.441,0.418,0.000,0.040,0.000
415,133.307,1011.402,926.872,847.441,400.714,186.001,275.533,32.651,24.100,6.952,0.442,0.439,0.000,0.034,0.000
416,133.650,1070.103,927.558,849.135,400.316,186.406,276.058,32.722,24.152,6.964,0.443,0.462,0.000,0.029,0.000
417,133.994,1027.476,928.050,850.829,399.727,186.812,276.592,32.794,24.205,6.962,0.444,0.486,0.000,0.025,0.000
418,134.337,1052.546,928.358,852.523,398.957,187.217,277.135,32.865,24.257,6.946,0.445,0.510,0.000,0.021,0.000
419,134.680,971.217,928.494,854.218,398.021,187.621,277.685,32.936,24.310,6.917,0.446,0.535,0.000,0.018,0.000
420,135.023,995.769,928.469,855.912,396.930,188.025,278.242,33.007,24.362,6.874,0.447,0.561,0.000,0.015,0.000
421,135.367,1015.400,928.297,857.606,395.701,188.429,278.803,33.077,24.415,6.818,0.448,0.587,0.000,0.013,0.000
422,135.710,1031.139,927.993,859.301,394.350,188.831,279.369,33.148,24.467,6.750,0.449,0.613,0.000,0.011,0.000
423,136.053,969.916,927.577,860.995,392.895,189.233,279.938,33.219,24.519,6.671,0.450,0.639,0.000,0.009,0.000
424,136.397,980.360,927.063,862.689,391.353,189.635,280.509,33.289,24.571,6.580,0.450,0.664,0.000,0.008,0.000
425,136.740,948.026,926.464,864.383,389.735,190.035,281.082,33.359,24.623,6.479,0.451,0.689,0.000,0.007,0.000
426,137.083,897.287,925.801,866.078,388.062,190.434,281.656,33.430,24.674,6.368,0.452,0.713,0.000,0.006,0.000
427,137.427,959.432,925.091,867.772,386.353,190.833,282.232,33.499,24.726,6.249,0.453,0.736,0.000,0.005,0.000
428,137.770,939.542,924.352,869.466,384.624,191.231,282.808,33.569,24.778,6.122,0.454,0.757,0.000,0.004,0.000
429,138.113,967.949,923.601,871.161,382.891,191.627,283.384,33.639,24.829,5.989,0.455,0.778,0.000,0.003,0.000
430,138.457,906.764,922.854,872.855,381.170,192.023,283.960,33.708,24.880,5.850,0.456,0.797,0.000,0.003,0.000
431,138.800,942.095,922.127,874.549,379.477,192.418,284.537,33.778,24.931,5.707,0.457,0.815,0.000,0.002,0.000
432,139.144,872.690,921.435,876.243,377.825,192.811,285.112,33.847,24.982,5.560,0.458,0.831,0.000,0.002,0.000
433,139.487,905.353,920.791,877.938,376.228,193.204,285.688,33.916,25.033,5.411,0.459,0.845,0.000,0.002,0.000
434,139.830,898.355,920.210,879.632,374.698,193.596,286.262,33.985,25.084,5.261,0.460,0.857,0.000,0.002,0.000
435,140.174,915.164,919.700,881.326,373.243,193.987,286.836,34.053,25.135,5.110,0.461,0.868,0.000,0.001,0.000
436,140.517,875.762,919.273,883.021,371.876,194.377,287.409,34.122,25.185,4.960,0.462,0.876,0.000,0.001,0.000
437,140.861,847.240,918.939,884.715,370.603,194.766,287.982,34.190,25.236,4.812,0.463,0.882,0.000,0.001,0.000
438,141.204,929.496,918.705,886.409,369.433,195.154,288.553,34.258,25.286,4.666,0.464,0.885,0.000,0.001,0.000
439,141.548,882.388,918.579,888.103,368.371,195.542,289.124,34.326,25.336,4.523,0.464,0.886,0.000,0.001,0.000
440,141.891,880.166,918.566,889.798,367.422,195.928,289.694,34.394,25.386,4.384,0.465,0.885,0.000,0.001,0.000
441,142.235,922.758,918.670,891.492,366.591,196.314,290.263,34.462,25.436,4.249,0.466,0.882,0.000,0.000,0.000
442,142.579,927.347,918.896,893.186,365.880,196.700,290.831,34.529,25.486,4.120,0.467,0.876,0.000,0.000,0.000
443,142.922,910.568,919.245,894.880,365.290,197.084,291.399,34.597,25.536,3.996,0.468,0.869,0.000,0.000,0.000
444,143.266,855.754,917.471,894.327,363.960,196.973,291.234,34.577,25.522,3.872,0.468,0.858,0.000,0.000,0.000
445,143.609,893.976,915.822,893.773,362.753,196.862,291.068,34.558,25.507,3.755,0.468,0.846,0.000,0.000,0.000
446,143.953,989.158,914.300,893.219,361.669,196.750,290.901,34.538,25.493,3.645,0.467,0.832,0.000,0.000,0.000
447,144.296,844.974,912.904,892.665,360.706,196.637,290.734,34.518,25.478,3.541,0.467,0.815,0.000,0.000,0.000
448,144.640,893.050,911.631,892.111,359.864,196.524,290.567,34.499,25.463,3.444,0.467,0.797,0.000,0.000,0.000
449,144.984,902.787,910.482,891.557,359.140,196.411,290.399,34.479,25.449,3.354,0.467,0.777,0.000,0.000,0.000
450,145.327,959.418,909.454,891.003,358.533,196.298,290.231,34.459,25.434,3.271,0.466,0.756,0.000,0.000,0.000
451,145.671,909.862,908.544,890.450,358.039,196.184,290.062,34.439,25.419,3.195,0.466,0.733,0.000,0.000,0.000
452,146.015,839.785,907.752,889.896,357.657,196.070,289.894,34.419,25.405,3.126,0.466,0.710,0.000,0.000,0.000
453,146.358,867.227,907.074,889.342,357.385,195.956,289.725,34.399,25.390,3.064,0.465,0.685,0.000,0.000,0.000
454,146.702,878.785,906.509,888.788,357.219,195.842,289.556,34.379,25.375,3.009,0.465,0.659,0.000,0.000,0.000
455,147.046,844.452,906.056,888.234,357.160,195.728,289.387,34.359,25.360,2.960,0.465,0.632,0.000,0.000,0.000
456,147.389,861.415,905.712,887.680,357.204,195.614,289.218,34.339,25.345,2.917,0.465,0.605,0.000,0.000,0.000
457,147.733,932.525,905.469,887.126,357.342,195.500,289.050,34.319,25.331,2.881,0.464,0.577,0.000,0.000,0.000
458,148.077,910.005,905.305,886.572,357.554,195.386,288.881,34.299,25.316,2.850,0.464,0.550,0.000,0.000,0.000
459,148.421,824.454,905.201,886.019,357.820,195.272,288.713,34.279,25.301,2.825,0.464,0.522,0.000,0.000,0.000
460,148.764,908.078,905.151,885.465,358.133,195.159,288.545,34.259,25.287,2.806,0.464,0.494,0.000,0.000,0.000
461,149.108,891.599,905.148,884.911,358.487,195.045,288.377,34.239,25.272,2.792,0.463,0.466,0.000,0.000,0.000
462,149.452,880.337,905.184,884.357,358.875,194.932,288.210,34.219,25.257,2.783,0.463,0.439,0.000,0.000,0.000
463,149.796,927.374,905.251,883.803,359.286,194.819,288.043,34.199,25.243,2.779,0.463,0.412,0.000,0.000,0.000
464,150.140,895.335,905.338,883.249,359.713,194.707,287.877,34.180,25.228,2.779,0.463,0.386,0.000,0.000,0.000
465,150.483,846.151,905.439,882.695,360.147,194.595,287.711,34.160,25.213,2.784,0.462,0.361,0.000,0.000,0.000
466,150.827,880.630,905.545,882.141,360.581,194.483,287.545,34.140,25.199,2.794,0.462,0.336,0.000,0.000,0.000
467,151.171,894.888,905.649,881.588,361.006,194.371,287.380,34.121,25.184,2.807,0.462,0.312,0.000,0.000,0.000
468,151.515,860.890,905.743,881.034,361.415,194.260,287.215,34.101,25.170,2.825,0.461,0.289,0.000,0.000,0.000
469,151.859,954.554,905.820,880.480,361.802,194.148,287.051,34.081,25.156,2.847,0.461,0.267,0.000,0.000,0.000
470,152.203,884.960,905.874,879.926,362.161,194.038,286.887,34.062,25.141,2.873,0.461,0.246,0.000,0.000,0.000
471,152.547,980.998,905.899,879.372,362.485,193.927,286.724,34.043,25.127,2.902,0.461,0.226,0.000,0.000,0.000
472,152.891,883.851,905.890,878.818,362.769,193.817,286.560,34.023,25.113,2.935,0.460,0.207,0.000,0.000,0.000
473,153.234,928.219,905.840,878.264,363.007,193.706,286.398,34.004,25.098,2.972,0.460,0.189,0.000,0.000,0.000
474,153.578,950.404,905.746,877.710,363.196,193.596,286.235,33.985,25.084,3.012,0.460,0.173,0.000,0.000,0.000
475,153.922,811.330,905.603,877.157,363.331,193.487,286.073,33.965,25.070,3.056,0.460,0.157,0.000,0.000,0.000
476,154.266,807.073,905.408,876.603,363.408,193.377,285.911,33.946,25.056,3.104,0.459,0.142,0.000,0.000,0.000
477,154.610,877.142,905.158,876.049,363.424,193.268,285.749,33.927,25.042,3.155,0.459,0.129,0.000,0.000,0.000
478,154.954,924.256,904.849,875.495,363.377,193.158,285.587,33.908,25.027,3.211,0.459,0.116,0.000,0.000,0.000
479,155.298,905.217,904.480,874.941,363.265,193.049,285.426,33.889,25.013,3.270,0.459,0.104,0.000,0.000,0.000
480,155.642,862.214,904.050,874.387,363.086,192.940,285.264,33.869,24.999,3.334,0.458,0.093,0.000,0.000,0.000
481,155.986,879.142,903.558,873.833,362.840,192.831,285.103,33.850,24.985,3.402,0.458,0.084,0.000,0.000,0.000
482,156.330,955.581,903.004,873.279,362.526,192.722,284.942,33.831,24.971,3.475,0.458,0.075,0.000,0.000,0.000
483,156.674,923.360,902.388,872.726,362.144,192.613,284.780,33.812,24.957,3.552,0.458,0.066,0.000,0.000,0.000
484,157.018,896.839,901.710,872.172,361.696,192.504,284.619,33.793,24.943,3.634,0.457,0.059,0.000,0.000,0.000
485,157.362,832.766,900.974,871.618,361.183,192.394,284.458,33.774,24.928,3.722,0.457,0.052,0.000,0.000,0.000
486,157.707,875.027,900.184,871.064,360.590,192.285,284.318,33.754,24.914,3.814,0.457,0.046,0.000,0.000,0.000
487,158.051,828.806,899.421,870.510,359.974,192.176,284.219,33.735,24.900,3.914,0.456,0.040,0.000,0.000,0.000
488,158.395,911.840,898.525,869.956,359.279,192.066,284.061,33.716,24.886,4.019,0.456,0.036,0.000,0.000,0.000
489,158.739,840.952,897.581,869.402,358.530,191.956,283.903,33.697,24.872,4.130,0.456,0.031,0.000,0.000,0.000
490,159.083,800.725,896.593,868.848,357.730,191.846,283.744,33.677,24.857,4.248,0.456,0.027,0.000,0.000,0.000
491,159.427,812.395,895.563,868.295,356.880,191.736,283.586,33.658,24.847,4.371,0.455,0.024,0.000,0.000,0.000
492,159.771,868.468,894.493,867.741,355.986,191.626,283.427,33.639,24.837,4.496,0.455,0.021,0.000,0.000,0.000
493,160.115,842.169,893.388,867.187,355.060,191.515,283.269,33.619,24.823,4.622,0.455,0.018,0.000,0.000,0.000
494,160.459,849.466,892.249,866.633,354.100,191.405,283.110,33.600,24.809,4.750,0.455,0.016,0.000,0.000,0.000
495,160.804,879.467,891.080,866.079,353.110,191.294,282.951,33.580,24.795,4.877,0.454,0.014,0.000,0.000,0.000
496,161.148,819.280,889.887,865.525,352.096,191.182,282.792,33.561,24.781,5.003,0.454,0.012,0.000,0.000,0.000
497,161.492,869.058,888.673,864.971,351.063,191.071,282.632,33.541,24.767,5.129,0.454,0.010,0.000,0.000,0.000
498,161.836,839.500,887.443,864.417,350.017,190.959,282.473,33.522,24.753,5.252,0.454,0.009,0.000,0.000,0.000
499,162.180,850.016,886.201,863.864,348.961,190.846,282.313,33.502,24.739,5.373,0.453,0.008,0.000,0.000,0.000
500,162.525,879.166,884.950,863.310,347.900,190.734,282.153,33.482,24.725,5.491,0.453,0.007,0.000,0.000,0.000
501,162.869,784.759,883.695,862.756,346.840,190.621,281.993,33.462,24.711,5.605,0.453,0.006,0.000,0.000,0.000
502,163.213,787.127,882.440,862.202,345.783,190.508,281.832,33.442,24.697,5.714,0.453,0.005,0.000,0.000,0.000
503,163.557,862.759,881.187,861.648,344.735,190.394,281.672,33.422,24.682,5.818,0.452,0.005,0.000,0.000,0.000
504,163.902,837.796,879.939,861.094,343.699,190.280,281.512,33.402,24.668,5.916,0.452,0.004,0.000,0.000,0.000
505,164.246,828.314,878.701,860.540,342.679,190.166,281.351,33.382,24.654,6.007,0.452,0.003,0.000,0.000,0.000
506,164.590,867.532,877.474,859.986,341.678,190.052,281.190,33.362,24.640,6.092,0.451,0.003,0.000,0.000,0.000
507,164.935,851.278,876.261,859.433,340.699,189.937,281.029,33.342,24.626,6.168,0.451,0.003,0.000,0.000,0.000
508,165.279,898.757,875.063,858.879,339.744,189.822,280.869,33.322,24.611,6.236,0.451,0.002,0.000,0.000,0.000
509,165.623,835.607,873.884,858.325,338.817,189.706,280.708,33.302,24.597,6.296,0.451,0.002,0.000,0.000,0.000
510,165.968,796.978,872.724,857.771,337.918,189.591,280.547,33.281,24.583,6.346,0.450,0.002,0.000,0.000,0.000
511,166.312,805.570,871.584,857.217,337.049,189.475,280.387,33.261,24.569,6.386,0.450,0.002,0.000,0.000,0.000
512,166.656,850.714,870.466,856.663,336.213,189.359,280.226,33.241,24.555,6.417,0.450,0.001,0.000,0.000,0.000
513,167.001,863.088,869.371,856.109,335.409,189.242,280.066,33.220,24.540,6.438,0.450,0.001,0.000,0.000,0.000
514,167.345,817.900,868.299,855.555,334.639,189.125,279.905,33.200,24.526,6.448,0.449,0.001,0.000,0.000,0.000
515,167.689,762.455,867.251,855.002,333.902,189.009,279.746,33.179,24.512,6.448,0.449,0.001,0.000,0.000,0.000
516,168.034,789.531,866.227,854.448,333.201,188.891,279.586,33.159,24.498,6.437,0.449,0.001,0.000,0.000,0.000
517,168.378,814.083,865.226,853.894,332.533,188.774,279.426,33.138,24.484,6.416,0.448,0.001,0.000,0.000,0.000
518,168.723,819.121,864.250,853.340,331.900,188.657,279.267,33.117,24.470,6.385,0.448,0.001,0.000,0.000,0.000
519,169.067,748.047,863.297,852.786,331.300,188.539,279.109,33.097,24.456,6.344,0.448,0.001,0.000,0.000,0.000
520,169.412,730.938,862.368,852.232,330.733,188.421,278.951,33.076,24.442,6.292,0.448,0.000,0.000,0.000,0.000
521,169.756,856.195,861.462,851.678,330.199,188.303,278.793,33.055,24.428,6.231,0.447,0.000,0.000,0.000,0.000
522,170.100,900.825,860.579,851.124,329.696,188.185,278.636,33.035,24.414,6.161,0.447,0.000,0.000,0.000,0.000
523,170.445,836.271,859.718,850.571,329.224,188.066,278.479,33.014,24.400,6.082,0.447,0.000,0.000,0.000,0.000
524,170.789,876.935,858.878,850.017,328.781,187.948,278.323,32.993,24.386,5.995,0.446,0.000,0.000,0.000,0.000
525,171.134,858.894,858.060,849.463,328.367,187.829,278.168,32.972,24.372,5.900,0.446,0.000,0.000,0.000,0.000
526,171.478,835.858,857.263,848.909,327.980,187.710,278.014,32.951,24.358,5.798,0.446,0.000,0.000,0.000,0.000
527,171.823,848.267,856.486,848.355,327.619,187.591,277.860,32.930,24.344,5.689,0.446,0.000,0.000,0.000,0.000
528,172.167,777.119,855.729,847.801,327.283,187.472,277.708,32.910,24.331,5.575,0.445,0.000,0.000,0.000,0.000
529,172.512,882.041,854.992,847.247,326.971,187.353,277.556,32.889,24.317,5.455,0.445,0.000,0.000,0.000,0.000
530,172.857,823.968,854.274,846.693,326.682,187.234,277.405,32.868,24.304,5.331,0.445,0.000,0.000,0.000,0.000
531,173.201,809.300,853.575,846.140,326.414,187.115,277.256,32.847,24.290,5.203,0.444,0.000,0.000,0.000,0.000
532,173.546,911.523,852.894,845.586,326.168,186.996,277.107,32.826,24.277,5.072,0.444,0.000,0.000,0.000,0.000
533,173.890,766.857,852.233,845.032,325.941,186.876,276.960,32.805,24.264,4.938,0.444,0.000,0.000,0.000,0.000
534,174.235,808.559,851.591,844.478,325.734,186.757,276.814,32.784,24.250,4.802,0.444,0.000,0.000,0.000,0.000
535,174.579,866.077,850.968,843.924,325.547,186.638,276.669,32.763,24.237,4.666,0.443,0.000,0.000,0.000,0.000
536,174.924,889.818,850.365,843.370,325.377,186.518,276.526,32.742,24.224,4.529,0.443,0.000,0.000,0.000,0.000
537,175.269,800.965,849.780,842.816,325.224,186.399,276.384,32.721,24.211,4.393,0.443,0.000,0.000,0.000,0.000
538,175.613,821.408,849.213,842.262,325.086,186.279,276.244,32.700,24.199,4.257,0.442,0.000,0.000,0.000,0.000
539,175.958,916.559,848.664,841.709,324.963,186.160,276.105,32.679,24.186,4.123,0.442,0.000,0.000,0.000,0.000
540,176.303,888.148,848.133,841.155,324.855,186.040,275.969,32.658,24.174,3.990,0.442,0.000,0.000,0.000,0.000
541,176.647,824.042,847.621,840.601,324.760,185.920,275.834,32.637,24.161,3.861,0.442,0.000,0.000,0.000,0.000
542,176.992,888.854,847.127,840.047,324.678,185.801,275.701,32.616,24.149,3.734,0.441,0.000,0.000,0.000,0.000
543,177.337,790.703,846.651,839.493,324.610,185.682,275.570,32.595,24.137,3.611,0.441,0.000,0.000,0.000,0.000
544,177.681,846.222,846.195,838.939,324.555,185.562,275.442,32.574,24.125,3.491,0.441,0.000,0.000,0.000,0.000
545,178.026,864.853,845.759,838.385,324.513,185.443,275.315,32.553,24.114,3.375,0.440,0.000,0.000,0.000,0.000
546,178.371,875.813,845.342,837.831,324.483,185.323,275.192,32.532,24.102,3.264,0.440,0.000,0.000,0.000,0.000
547,178.715,928.256,844.946,837.278,324.467,185.204,275.070,32.511,24.091,3.157,0.440,0.000,0.000,0.000,0.000
548,179.060,813.259,844.571,836.724,324.464,185.085,274.951,32.490,24.080,3.056,0.440,0.000,0.000,0.000,0.000
549,179.405,813.554,844.217,836.170,324.475,184.966,274.835,32.470,24.069,2.959,0.439,0.000,0.000,0.000,0.000
550,179.750,835.812,843.886,835.616,324.499,184.846,274.722,32.449,24.058,2.867,0.439,0.000,0.000,0.000,0.000
551,180.094,897.592,843.577,835.062,324.538,184.727,274.612,32.428,24.047,2.781,0.439,0.000,0.000,0.000,0.000
552,180.439,853.702,843.292,834.508,324.591,184.608,274.506,32.407,24.037,2.699,0.439,0.000,0.000,0.000,0.000
553,180.784,928.962,843.031,833.954,324.659,184.490,274.402,32.386,24.027,2.623,0.438,0.000,0.000,0.000,0.000
554,181.129,819.071,842.795,833.401,324.743,184.371,274.302,32.365,24.018,2.552,0.438,0.000,0.000,0.000,0.000
555,181.474,914.516,842.584,832.847,324.843,184.252,274.206,32.344,24.008,2.487,0.438,0.000,0.000,0.000,0.000
556,181.818,828.995,842.400,832.293,324.961,184.134,274.114,32.324,23.999,2.426,0.437,0.000,0.000,0.000,0.000
557,182.163,874.772,842.243,831.739,325.096,184.016,274.026,32.303,23.990,2.370,0.437,0.000,0.000,0.000,0.000
558,182.508,847.699,842.118,831.185,325.253,183.898,273.942,32.282,23.982,2.320,0.437,0.000,0.000,0.000,0.000
559,182.853,845.181,842.020,830.631,325.427,183.780,273.862,32.261,23.973,2.274,0.437,0.000,0.000,0.000,0.000
560,183.198,832.735,841.950,830.077,325.620,183.662,273.787,32.241,23.966,2.232,0.436,0.000,0.000,0.000,0.000
561,183.543,893.437,841.912,829.523,325.835,183.544,273.718,32.220,23.958,2.196,0.436,0.000,0.000,0.000,0.000
562,183.887,851.624,841.905,828.970,326.071,183.427,273.653,32.199,23.951,2.163,0.436,0.000,0.000,0.000,0.000
563,184.232,874.031,841.932,828.416,326.330,183.310,273.593,32.179,23.944,2.135,0.435,0.000,0.000,0.000,0.000
564,184.577,920.808,841.994,827.862,326.614,183.193,273.540,32.158,23.938,2.110,0.435,0.000,0.000,0.000,0.000
565,184.922,870.951,842.092,827.308,326.923,183.077,273.492,32.138,23.932,2.090,0.435,0.000,0.000,0.000,0.000
566,185.267,834.804,842.227,826.754,327.259,182.960,273.450,32.117,23.927,2.073,0.435,0.000,0.000,0.000,0.000
567,185.612,889.142,842.400,826.200,327.622,182.844,273.415,32.097,23.922,2.060,0.434,0.000,0.000,0.000,0.000
568,185.957,884.918,842.615,825.646,328.015,182.728,273.387,32.077,23.918,2.050,0.434,0.000,0.000,0.000,0.000
569,186.302,926.139,842.871,825.092,328.439,182.613,273.365,32.057,23.914,2.044,0.434,0.000,0.000,0.000,0.000
570,186.647,895.067,843.171,824.539,328.896,182.498,273.351,32.036,23.911,2.040,0.434,0.000,0.000,0.000,0.000
571,186.992,937.213,843.517,823.985,329.386,182.383,273.345,32.016,23.908,2.040,0.433,0.000,0.000,0.000,0.000
572,187.337,866.099,843.911,823.431,329.912,182.269,273.347,31.996,23.906,2.042,0.433,0.000,0.000,0.000,0.000
573,187.682,837.840,844.355,822.877,330.476,182.155,273.358,31.976,23.905,2.048,0.433,0.000,0.000,0.000,0.000
574,188.027,842.654,844.851,822.323,331.079,182.041,273.377,31.956,23.904,2.056,0.432,0.000,0.000,0.000,0.000
575,188.372,860.471,845.401,821.769,331.723,181.928,273.406,31.936,23.904,2.067,0.432,0.000,0.000,0.000,0.000
576,188.717,865.286,846.009,821.215,332.411,181.815,273.445,31.916,23.905,2.080,0.432,0.000,0.000,0.000,0.000
577,189.062,912.800,846.678,820.661,333.144,181.704,273.493,31.897,23.906,2.096,0.432,0.000,0.000,0.000,0.000
578,189.407,910.025,847.409,820.108,333.926,181.594,273.553,31.877,23.908,2.114,0.431,0.000,0.000,0.000,0.000
579,189.752,861.060,848.203,819.554,334.757,181.483,273.624,31.858,23.911,2.134,0.431,0.000,0.000,0.000,0.000
580,190.097,869.872,849.066,819.000,335.642,181.373,273.706,31.838,23.915,2.156,0.431,0.000,0.000,0.000,0.000
581,190.442,925.172,850.001,818.446,336.582,181.263,273.801,31.819,23.920,2.180,0.431,0.000,0.000,0.000,0.000
582,190.787,837.690,851.011,817.892,337.581,181.153,273.909,31.800,23.926,2.207,0.430,0.000,0.000,0.000,0.000
583,191.132,914.394,852.099,817.338,338.641,181.045,274.030,31.780,23.933,2.235,0.430,0.000,0.000,0.000,0.000
584,191.477,935.800,853.270,816.784,339.765,180.937,274.165,31.761,23.941,2.266,0.430,0.000,0.000,0.000,0.000
585,191.822,905.912,854.528,816.230,340.957,180.829,274.315,31.743,23.950,2.299,0.430,0.000,0.000,0.000,0.000
586,192.167,880.243,855.870,815.677,342.214,180.723,274.480,31.724,23.960,2.335,0.429,0.000,0.000,0.000,0.000
587,192.512,849.577,857.295,815.123,343.533,180.617,274.661,31.705,23.971,2.372,0.429,0.000,0.000,0.000,0.000
588,192.857,906.722,858.805,814.569,344.916,180.512,274.860,31.687,23.984,2.412,0.429,0.000,0.000,0.000,0.000
589,193.202,896.686,860.402,814.015,346.365,180.408,275.076,31.668,23.998,2.454,0.429,0.000,0.000,0.000,0.000
590,193.548,873.723,862.091,813.461,347.880,180.304,275.310,31.650,24.013,2.499,0.428,0.000,0.000,0.000,0.000
591,193.893,859.761,863.874,812.907,349.466,180.202,275.564,31.632,24.030,2.546,0.428,0.000,0.000,0.000,0.000
592,194.238,832.948,865.754,812.353,351.124,180.101,275.838,31.614,24.049,2.596,0.428,0.000,0.000,0.000,0.000
593,194.583,922.502,867.736,811.799,352.856,180.000,276.133,31.597,24.068,2.649,0.428,0.000,0.000,0.000,0.000
594,194.928,965.832,869.822,811.246,354.665,179.901,276.450,31.579,24.090,2.705,0.427,0.000,0.000,0.000,0.000
595,195.273,930.060,872.018,810.692,356.553,179.802,276.791,31.562,24.113,2.763,0.427,0.000,0.000,0.000,0.000
596,195.619,848.240,874.326,810.138,358.525,179.705,277.156,31.545,24.138,2.825,0.427,0.000,0.000,0.000,0.000
597,195.964,915.718,876.752,809.584,360.582,179.609,277.546,31.528,24.165,2.890,0.427,0.000,0.000,0.000,0.000
598,196.309,832.797,879.301,809.030,362.729,179.514,277.962,31.511,24.194,2.958,0.426,0.000,0.000,0.000,0.000
599,196.654,859.830,881.978,808.476,364.969,179.421,278.406,31.495,24.225,3.030,0.426,0.000,0.000,0.000,0.000
600,196.999,917.795,884.788,807.922,367.305,179.329,278.880,31.479,24.258,3.106,0.426,0.000,0.000,0.000,0.000
601,197.345,899.607,887.738,807.368,369.743,179.238,279.383,31.463,24.294,3.186,0.426,0.000,0.000,0.000,0.000
602,197.690,968.126,890.832,806.815,372.286,179.148,279.918,31.447,24.332,3.269,0.426,0.000,0.000,0.000,0.000
603,198.035,876.125,894.078,806.261,374.939,179.061,280.487,31.432,24.372,3.357,0.425,0.000,0.000,0.000,0.000
604,198.380,899.164,897.483,805.707,377.709,178.974,281.090,31.417,24.415,3.448,0.425,0.000,0.000,0.000,0.000
605,198.726,931.014,901.054,805.153,380.599,178.889,281.730,31.402,24.460,3.543,0.425,0.000,0.000,0.000,0.000
606,199.071,867.534,904.798,804.599,383.617,178.806,282.407,31.387,24.509,3.642,0.425,0.000,0.000,0.000,0.000
607,199.416,944.012,908.725,804.045,386.769,178.725,283.124,31.373,24.560,3.744,0.425,0.000,0.000,0.000,0.000
608,199.762,923.867,912.844,803.491,390.062,178.646,283.883,31.359,24.614,3.851,0.424,0.000,0.000,0.000,0.000
609,200.107,949.900,917.165,802.937,393.503,178.568,284.686,31.345,24.672,3.962,0.424,0.000,0.000,0.000,0.000
610,200.452,921.568,921.697,802.384,397.100,178.492,285.533,31.332,24.733,4.077,0.424,0.000,0.000,0.000,0.000
611,200.797,934.385,926.452,801.830,400.862,178.419,286.429,31.319,24.798,4.197,0.424,0.000,0.000,0.000,0.000
612,201.143,980.161,931.441,801.276,404.798,178.347,287.374,31.306,24.866,4.321,0.424,0.000,0.000,0.000,0.000
613,201.488,967.048,936.674,800.722,408.914,178.278,288.372,31.294,24.938,4.450,0.423,0.000,0.000,0.000,0.000
614,201.833,951.642,942.110,800.168,413.166,178.212,289.423,31.282,25.014,4.583,0.423,0.000,0.000,0.000,0.000
615,202.179,874.827,947.680,799.614,417.484,178.147,290.532,31.271,25.095,4.722,0.423,0.000,0.000,0.000,0.000
616,202.524,965.827,953.361,799.060,421.841,178.086,291.701,31.260,25.179,4.866,0.423,0.000,0.000,0.000,0.000
617,202.870,991.971,959.145,798.506,426.225,178.026,292.932,31.250,25.269,5.016,0.423,0.000,0.000,0.000,0.000
618,203.215,1037.751,965.024,797.953,430.625,177.970,294.228,31.240,25.363,5.171,0.423,0.000,0.000,0.000,0.000
619,203.560,982.825,970.989,797.399,435.030,177.916,295.591,31.230,25.462,5.332,0.423,0.000,0.000,0.000,0.000
620,203.906,982.492,977.032,796.845,439.426,177.865,297.026,31.221,25.567,5.499,0.422,0.000,0.000,0.000,0.000
621,204.251,983.603,983.143,796.291,443.802,177.816,298.535,31.212,25.677,5.673,0.422,0.000,0.000,0.000,0.000
622,204.597,1025.156,988.315,794.738,447.767,177.547,299.793,31.165,25.764,5.852,0.422,0.000,0.000,0.000,0.000
623,204.942,948.823,993.537,793.185,451.686,177.280,301.132,31.118,25.857,6.038,0.421,0.000,0.000,0.000,0.000
624,205.287,970.862,998.802,791.632,455.546,177.016,302.555,31.072,25.956,6.232,0.420,0.000,0.000,0.000,0.000
625,205.633,919.455,1004.098,790.078,459.330,176.755,304.067,31.026,26.062,6.433,0.420,0.000,0.000,0.000,0.000
626,205.978,997.341,1009.404,788.525,463.011,176.496,305.673,30.980,26.174,6.644,0.419,0.000,0.000,0.000,0.000
627,206.324,1029.453,1014.694,786.972,466.558,176.240,307.380,30.935,26.294,6.862,0.419,0.000,0.000,0.000,0.000
628,206.669,1026.303,1019.946,785.419,469.953,175.987,309.182,30.891,26.421,7.090,0.418,0.000,0.000,0.000,0.000
629,207.015,1020.823,1025.153,783.866,473.178,175.736,311.087,30.846,26.556,7.328,0.417,0.000,0.000,0.000,0.000
630,207.360,1038.600,1030.303,782.313,476.218,175.487,313.100,30.803,26.698,7.575,0.417,0.000,0.000,0.000,0.000
631,207.706,1014.375,1035.385,780.760,479.057,175.241,315.227,30.759,26.849,7.830,0.416,0.000,0.000,0.000,0.000
632,208.051,1029.488,1040.388,779.206,481.685,174.998,317.474,30.716,27.009,8.086,0.416,0.000,0.000,0.000,0.000
633,208.397,1049.709,1045.304,777.653,484.088,174.757,319.846,30.674,27.178,8.342,0.415,0.000,0.000,0.000,0.000
634,208.742,1029.226,1050.124,776.100,486.250,174.518,322.349,30.632,27.356,8.598,0.414,0.000,0.000,0.000,0.000
635,209.088,1010.894,1054.837,774.547,488.160,174.282,324.988,30.590,27.545,8.854,0.414,0.000,0.000,0.000,0.000
636,209.433,1057.077,1059.438,772.994,489.802,174.048,327.770,30.549,27.744,9.107,0.413,0.000,0.000,0.000,0.000
637,209.779,1003.560,1063.921,771.441,491.168,173.816,330.699,30.508,27.953,9.358,0.413,0.000,0.000,0.000,0.000
638,210.124,999.783,1068.283,769.888,492.247,173.586,333.785,30.468,28.174,9.605,0.412,0.000,0.000,0.000,0.000
639,210.470,1055.671,1072.521,768.335,493.030,173.359,337.032,30.428,28.407,9.848,0.412,0.000,0.000,0.000,0.000
640,210.815,1032.821,1076.635,766.781,493.511,173.133,340.449,30.388,28.653,10.085,0.411,0.000,0.000,0.000,0.000
641,211.161,996.854,1080.628,765.228,493.684,172.910,344.043,30.349,28.911,10.316,0.411,0.000,0.000,0.000,0.000
642,211.506,1014.115,1084.501,763.675,493.544,172.689,347.822,30.309,29.183,10.539,0.410,0.000,0.000,0.000,0.000
643,211.852,1027.411,1088.261,762.122,493.088,172.470,351.794,30.271,29.469,10.754,0.410,0.000,0.000,0.000,0.000
644,212.198,973.634,1091.913,760.569,492.316,172.252,355.969,30.232,29.769,10.960,0.409,0.000,0.000,0.000,0.000
645,212.543,1001.633,1095.468,759.016,491.226,172.036,360.356,30.194,30.085,11.156,0.409,0.000,0.000,0.000,0.000
646,212.889,977.670,1098.936,757.463,489.822,171.823,364.963,30.157,30.418,11.341,0.408,0.000,0.000,0.000,0.000
647,213.234,970.706,1102.331,755.909,488.106,171.611,369.802,30.119,30.767,11.515,0.408,0.000,0.000,0.000,0.000
648,213.580,969.706,1105.667,754.356,486.082,171.400,374.882,30.082,31.133,11.675,0.407,0.000,0.000,0.000,0.000
649,213.926,991.370,1108.963,752.803,483.758,171.192,380.216,30.045,31.518,11.822,0.407,0.000,0.000,0.000,0.000
650,214.271,966.891,1112.236,751.250,481.140,170.985,385.814,30.008,31.922,11.955,0.406,0.000,0.000,0.000,0.000
651,214.617,1048.411,1115.508,749.697,478.238,170.780,391.688,29.972,32.347,12.073,0.406,0.000,0.000,0.000,0.000
652,214.963,1048.371,1118.804,748.144,475.061,170.576,397.852,29.936,32.792,12.176,0.405,0.000,0.000,0.000,0.000
653,215.308,1061.002,1122.147,746.591,471.622,170.375,404.318,29.900,33.259,12.262,0.405,0.000,0.000,0.000,0.000
654,215.654,955.595,1125.565,745.037,467.933,170.175,411.101,29.865,33.750,12.333,0.404,0.000,0.000,0.000,0.000
655,216.000,1029.260,1129.088,743.484,464.007,169.977,418.216,29.830,34.264,12.386,0.404,0.000,0.000,0.000,0.000
656,216.345,962.778,1132.745,741.931,459.860,169.780,425.677,29.795,34.804,12.421,0.403,0.000,0.000,0.000,0.000
657,216.691,951.888,1136.569,740.378,455.506,169.586,433.500,29.760,35.370,12.440,0.403,0.000,0.000,0.000,0.000
658,217.037,1009.851,1140.595,738.825,450.962,169.393,441.704,29.726,35.963,12.440,0.402,0.000,0.000,0.000,0.000
659,217.382,1033.888,1144.858,737.272,446.245,169.202,450.304,29.692,36.585,12.423,0.402,0.000,0.000,0.000,0.000
660,217.728,947.369,1149.396,735.719,441.372,169.014,459.320,29.659,37.238,12.387,0.401,0.000,0.000,0.000,0.000
661,218.074,1041.520,1154.247,734.166,436.362,168.828,468.771,29.626,37.922,12.334,0.401,0.000,0.000,0.000,0.000
662,218.420,1063.740,1159.451,732.612,431.231,168.644,478.677,29.593,38.638,12.263,0.400,0.000,0.000,0.000,0.000
663,218.765,980.373,1165.049,731.059,425.998,168.463,489.059,29.561,39.390,12.174,0.400,0.000,0.000,0.000,0.000
664,219.111,1061.591,1171.085,729.506,420.682,168.284,499.940,29.529,40.177,12.069,0.399,0.000,0.000,0.000,0.000
665,219.457,1071.998,1177.601,727.953,415.300,168.108,511.342,29.497,41.003,11.946,0.399,0.000,0.000,0.000,0.000
666,219.803,1015.743,1184.642,726.400,409.871,167.935,523.291,29.467,41.867,11.807,0.399,0.000,0.000,0.000,0.000
667,220.148,1073.003,1192.255,724.847,404.411,167.766,535.812,29.436,42.774,11.652,0.398,0.000,0.000,0.000,0.000
668,220.494,1073.850,1200.485,723.294,398.940,167.600,548.931,29.406,43.723,11.482,0.398,0.000,0.000,0.000,0.000
669,220.840,1068.554,1209.381,721.740,393.472,167.438,562.676,29.377,44.718,11.298,0.397,0.000,0.000,0.000,0.000
670,221.186,1152.293,1218.992,720.187,388.025,167.280,577.076,29.349,45.760,11.099,0.397,0.000,0.000,0.000,0.000
671,221.531,1148.811,1229.367,718.634,382.615,167.126,592.163,29.321,46.852,10.888,0.397,0.000,0.000,0.000,0.000
672,221.877,1154.923,1240.556,717.081,377.255,166.977,607.968,29.294,47.996,10.664,0.396,0.000,0.000,0.000,0.000
673,222.223,1099.479,1252.611,715.528,371.961,166.833,624.524,29.268,49.194,10.429,0.396,0.000,0.000,0.000,0.000
674,222.569,1255.440,1265.583,713.975,366.746,166.694,641.867,29.243,50.449,10.184,0.396,0.000,0.000,0.000,0.000
675,222.915,1344.332,1279.528,712.422,361.622,166.561,660.033,29.219,51.763,9.929,0.395,0.000,0.000,0.000,0.000
676,223.261,1302.961,1294.498,710.868,356.601,166.435,679.061,29.196,53.140,9.666,0.395,0.000,0.000,0.000,0.000
677,223.606,1228.256,1310.550,709.315,351.694,166.314,698.991,29.174,54.582,9.395,0.395,0.000,0.000,0.000,0.000
678,223.952,1319.253,1327.740,707.762,346.912,166.201,719.865,29.153,56.092,9.117,0.394,0.000,0.000,0.000,0.000
679,224.298,1384.261,1346.125,706.209,342.262,166.096,741.727,29.134,57.673,8.834,0.394,0.000,0.000,0.000,0.000
680,224.644,1358.292,1365.764,704.656,337.752,165.998,764.623,29.116,59.329,8.547,0.394,0.000,0.000,0.000,0.000
681,224.990,1372.479,1386.717,703.103,333.391,165.910,788.600,29.099,61.063,8.256,0.394,0.000,0.000,0.000,0.000
682,225.336,1488.403,1409.046,701.550,329.182,165.830,813.710,29.084,62.879,7.963,0.393,0.000,0.000,0.000,0.000
683,225.682,1634.034,1432.815,699.997,325.133,165.760,840.005,29.071,64.780,7.668,0.393,0.000,0.000,0.000,0.000
684,226.027,1487.330,1458.088,698.443,321.247,165.701,867.540,29.059,66.771,7.372,0.393,0.000,0.000,0.000,0.000
685,226.373,1500.365,1484.933,696.890,317.528,165.652,896.372,29.050,68.855,7.077,0.393,0.000,0.000,0.000,0.000
686,226.719,1659.068,1513.418,695.337,313.979,165.616,926.563,29.042,71.037,6.783,0.393,0.000,0.000,0.000,0.000
687,227.065,1665.551,1543.616,693.784,310.602,165.592,958.175,29.036,73.322,6.491,0.393,0.000,0.000,0.000,0.000
688,227.411,1689.401,1575.599,692.231,307.399,165.582,991.273,29.033,75.713,6.202,0.393,0.000,0.000,0.000,0.000
689,227.757,1786.327,1609.446,690.678,304.370,165.585,1025.927,29.032,78.217,5.916,0.393,0.000,0.000,0.000,0.000
690,228.103,1828.958,1645.234,689.125,301.516,165.604,1062.210,29.034,80.838,5.635,0.393,0.000,0.000,0.000,0.000
691,228.449,1871.993,1683.048,687.571,298.838,165.638,1100.195,29.039,83.581,5.358,0.393,0.000,0.000,0.000,0.000
692,228.795,1996.438,1722.956,686.018,296.338,165.690,1139.938,29.046,86.459,5.088,0.393,0.000,0.000,0.000,0.000
693,229.141,2006.884,1764.609,684.465,294.013,165.760,1181.075,29.057,89.483,4.824,0.393,0.000,0.000,0.000,0.000
694,229.487,2151.919,1807.032,682.912,291.856,165.848,1222.646,29.071,92.646,4.567,0.393,0.000,0.000,0.000,0.000
695,229.833,2105.959,1850.071,681.359,289.865,165.956,1264.496,29.088,95.951,4.316,0.393,0.000,0.000,0.000,0.000
696,230.179,2189.549,1893.611,679.806,288.038,166.084,1306.504,29.108,99.406,4.072,0.394,0.000,0.000,0.000,0.000
697,230.525,2144.774,1937.527,678.253,286.370,166.232,1348.542,29.132,103.016,3.836,0.394,0.000,0.000,0.000,0.000
698,230.871,2339.104,1981.692,676.699,284.859,166.401,1390.503,29.160,106.762,3.608,0.394,0.000,0.000,0.000,0.000
699,231.217,2283.028,2025.971,675.146,283.503,166.591,1432.310,29.191,110.588,3.387,0.395,0.000,0.000,0.000,0.000
700,231.563,2448.215,2070.224,673.593,282.298,166.802,1473.869,29.226,114.453,3.176,0.395,0.000,0.000,0.000,0.000
701,231.909,2435.212,2114.308,672.040,281.239,167.036,1515.050,29.265,118.346,2.972,0.396,0.000,0.000,0.000,0.000
702,232.255,2449.807,2158.056,670.487,280.321,167.291,1555.702,29.307,122.257,2.778,0.396,0.000,0.000,0.000,0.000
703,232.601,2493.436,2201.296,668.934,279.540,167.568,1595.669,29.353,126.172,2.592,0.397,0.000,0.000,0.000,0.000
704,232.947,2524.436,2243.867,667.381,278.891,167.868,1634.806,29.403,130.082,2.415,0.397,0.000,0.000,0.000,0.000
705,233.293,2560.845,2285.608,665.828,278.369,168.191,1672.970,29.457,133.973,2.246,0.398,0.000,0.000,0.000,0.000
706,233.639,2556.028,2326.362,664.274,277.970,168.536,1710.020,29.515,137.833,2.086,0.399,0.000,0.000,0.000,0.000
707,233.985,2696.954,2365.974,662.721,277.692,168.903,1745.814,29.576,141.650,1.934,0.400,0.000,0.000,0.000,0.000
708,234.331,2719.987,2404.287,661.168,277.534,169.293,1780.211,29.642,145.411,1.790,0.401,0.000,0.000,0.000,0.000
709,234.677,2787.991,2441.146,659.615,277.489,169.705,1813.076,29.711,149.104,1.654,0.401,0.000,0.000,0.000,0.000
710,235.023,2804.990,2476.397,658.062,277.551,170.140,1844.275,29.784,152.714,1.526,0.402,0.000,0.000,0.000,0.000
711,235.369,2842.249,2509.892,656.509,277.713,170.596,1873.678,29.860,156.230,1.406,0.403,0.000,0.000,0.000,0.000
712,235.715,3000.728,2541.485,654.956,277.969,171.074,1901.162,29.941,159.637,1.293,0.404,0.000,0.000,0.000,0.000
713,236.061,2935.769,2571.041,653.402,278.315,171.573,1926.607,30.024,162.923,1.188,0.406,0.000,0.000,0.000,0.000
714,236.407,2983.803,2598.428,651.849,278.744,172.093,1949.903,30.112,166.076,1.089,0.407,0.000,0.000,0.000,0.000
715,236.753,2903.805,2623.532,650.296,279.260,172.633,1970.946,30.202,169.082,0.997,0.408,0.000,0.000,0.000,0.000
716,237.100,2941.359,2646.234,648.743,279.852,173.192,1989.639,30.296,171.930,0.911,0.409,0.000,0.000,0.000,0.000
717,237.446,3060.025,2666.421,647.190,280.507,173.770,2005.897,30.393,174.607,0.831,0.410,0.000,0.000,0.000,0.000
718,237.792,3048.136,2684.008,645.637,281.230,174.367,2019.641,30.493,177.103,0.757,0.412,0.000,0.000,0.000,0.000
719,238.138,3206.208,2698.909,644.084,282.013,174.981,2030.805,30.596,179.407,0.689,0.413,0.000,0.000,0.000,0.000
720,238.484,2922.764,2711.054,642.530,282.857,175.611,2039.332,30.702,181.508,0.625,0.415,0.000,0.000,0.000,0.000
721,238.830,3040.208,2720.384,640.977,283.756,176.257,2045.176,30.810,183.398,0.567,0.416,0.000,0.000,0.000,0.000
722,239.176,3120.357,2726.849,639.424,284.706,176.917,2048.303,30.920,185.067,0.513,0.417,0.000,0.000,0.000,0.000
723,239.523,3090.947,2730.415,637.871,285.704,177.590,2048.691,31.032,186.509,0.464,0.419,0.000,0.000,0.000,0.000
724,239.869,3030.392,2731.056,636.318,286.746,178.276,2046.327,31.147,187.716,0.418,0.420,0.000,0.000,0.000,0.000
725,240.215,3170.505,2728.764,634.765,287.829,178.973,2041.213,31.263,188.682,0.377,0.422,0.000,0.000,0.000,0.000
726,240.561,3019.689,2723.539,633.212,288.948,179.679,2033.361,31.380,189.403,0.340,0.423,0.000,0.000,0.000,0.000
727,240.907,3107.541,2715.398,631.659,290.100,180.394,2022.795,31.499,189.875,0.306,0.425,0.000,0.000,0.000,0.000
728,241.253,3059.577,2704.368,630.105,291.282,181.116,2009.551,31.619,190.093,0.276,0.427,0.000,0.000,0.000,0.000
729,241.600,3027.133,2690.489,628.552,292.491,181.843,1993.676,31.739,190.058,0.248,0.428,0.000,0.000,0.000,0.000
730,241.946,3013.763,2673.815,626.999,293.724,182.575,1975.229,31.860,189.768,0.224,0.430,0.000,0.000,0.000,0.000
731,242.292,2953.576,2654.409,625.446,294.977,183.309,1954.280,31.981,189.223,0.201,0.431,0.000,0.000,0.000,0.000
732,242.638,2929.985,2632.347,623.893,296.249,184.045,1930.906,32.101,188.426,0.181,0.433,0.000,0.000,0.000,0.000
733,242.984,2909.908,2607.715,622.340,297.534,184.781,1905.198,32.222,187.377,0.163,0.434,0.000,0.000,0.000,0.000
734,243.331,2911.240,2580.611,620.787,298.832,185.514,1877.252,32.341,186.082,0.147,0.436,0.000,0.000,0.000,0.000
735,243.677,2875.315,2551.139,619.233,300.139,186.245,1847.175,32.460,184.545,0.133,0.438,0.000,0.000,0.000,0.000
736,244.023,2850.052,2519.416,617.680,301.453,186.971,1815.080,32.578,182.770,0.119,0.439,0.000,0.000,0.000,0.000
737,244.369,2785.647,2485.564,616.127,302.771,187.690,1781.090,32.694,180.766,0.108,0.441,0.000,0.000,0.000,0.000
738,244.716,2799.793,2449.713,614.574,304.091,188.402,1745.329,32.808,178.539,0.097,0.442,0.000,0.000,0.000,0.000
739,245.062,2682.980,2411.999,613.021,305.410,189.104,1707.930,32.920,176.097,0.087,0.444,0.000,0.000,0.000,0.000
740,245.408,2663.054,2372.564,611.468,306.727,189.797,1669.031,33.030,173.451,0.079,0.445,0.000,0.000,0.000,0.000
741,245.754,2553.533,2331.554,609.915,308.039,190.477,1628.769,33.137,170.609,0.071,0.446,0.000,0.000,0.000,0.000
742,246.101,2544.793,2289.120,608.362,309.344,191.144,1587.289,33.242,167.583,0.064,0.448,0.000,0.000,0.000,0.000
743,246.447,2494.277,2245.413,606.808,310.642,191.797,1544.735,33.343,164.383,0.057,0.449,0.000,0.000,0.000,0.000
744,246.793,2328.605,2200.588,605.255,311.929,192.435,1501.252,33.442,161.022,0.052,0.450,0.000,0.000,0.000,0.000
745,247.139,2385.199,2154.800,603.702,313.206,193.056,1456.986,33.536,157.511,0.047,0.451,0.000,0.000,0.000,0.000
746,247.486,2354.940,2108.204,602.149,314.471,193.660,1412.082,33.627,153.864,0.042,0.452,0.000,0.000,0.000,0.000
747,247.832,2223.828,2060.955,600.596,315.722,194.246,1366.682,33.715,150.094,0.038,0.454,0.000,0.000,0.000,0.000
748,248.178,2171.605,2013.204,599.043,316.959,194.812,1320.928,33.798,146.212,0.034,0.455,0.000,0.000,0.000,0.000
749,248.525,2070.827,1965.102,597.490,318.183,195.360,1274.957,33.877,142.233,0.031,0.456,0.000,0.000,0.000,0.000
750,248.871,2143.049,1916.795,595.936,319.391,195.887,1228.905,33.952,138.171,0.028,0.456,0.000,0.000,0.000,0.000
751,249.217,2057.010,1868.426,594.383,320.585,196.393,1182.900,34.023,134.038,0.025,0.457,0.000,0.000,0.000,0.000
752,249.564,1999.270,1820.133,592.830,321.764,196.879,1137.068,34.089,129.848,0.022,0.458,0.000,0.000,0.000,0.000
753,249.910,1934.602,1772.049,591.277,322.928,197.343,1091.529,34.150,125.614,0.020,0.459,0.000,0.000,0.000,0.000
754,250.256,1859.154,1724.301,589.724,324.079,197.786,1046.396,34.207,121.349,0.018,0.459,0.000,0.000,0.000,0.000
755,250.603,1874.639,1677.010,588.171,325.217,198.209,1001.777,34.260,117.065,0.016,0.460,0.000,0.000,0.000,0.000
756,250.949,1663.159,1630.290,586.618,326.344,198.610,957.772,34.308,112.775,0.015,0.460,0.000,0.000,0.000,0.000
757,251.295,1714.418,1584.248,585.064,327.459,198.991,914.476,34.351,108.491,0.013,0.461,0.000,0.000,0.000,0.000
758,251.642,1667.308,1538.986,583.511,328.566,199.352,871.975,34.390,104.224,0.012,0.461,0.000,0.000,0.000,0.000
759,251.988,1581.567,1494.595,581.958,329.665,199.693,830.349,34.424,99.986,0.011,0.462,0.000,0.000,0.000,0.000
760,252.334,1512.230,1451.160,580.405,330.759,200.015,789.670,34.454,95.786,0.010,0.462,0.000,0.000,0.000,0.000
761,252.681,1475.861,1408.760,578.852,331.850,200.319,750.002,34.479,91.634,0.009,0.462,0.000,0.000,0.000,0.000
762,253.027,1505.118,1367.463,577.299,332.939,200.605,711.403,34.501,87.540,0.008,0.462,0.000,0.000,0.000,0.000
763,253.373,1373.158,1327.333,575.746,334.031,200.874,673.923,34.518,83.512,0.007,0.462,0.000,0.000,0.000,0.000
764,253.720,1366.561,1288.422,574.193,335.126,201.128,637.604,34.531,79.558,0.006,0.462,0.000,0.000,0.000,0.000
765,254.066,1237.489,1250.779,572.639,336.230,201.368,602.482,34.540,75.686,0.006,0.462,0.000,0.000,0.000,0.000
766,254.413,1302.784,1214.442,571.086,337.343,201.593,568.586,34.545,71.901,0.005,0.462,0.000,0.000,0.000,0.000
767,254.759,1183.562,1179.445,569.533,338.471,201.807,535.937,34.547,68.211,0.005,0.462,0.000,0.000,0.000,0.000
768,255.106,1185.635,1145.813,567.980,339.615,202.010,504.551,34.546,64.619,0.004,0.461,0.000,0.000,0.000,0.000
769,255.452,1089.487,1113.565,566.427,340.781,202.204,474.437,34.541,61.131,0.004,0.461,0.000,0.000,0.000,0.000
770,255.798,1073.858,1082.713,564.874,341.971,202.389,445.600,34.533,57.751,0.003,0.461,0.000,0.000,0.000,0.000
771,256.145,973.782,1053.266,563.321,343.190,202.568,418.037,34.522,54.481,0.003,0.460,0.000,0.000,0.000,0.000
772,256.491,999.117,1025.225,561.767,344.441,202.742,391.740,34.509,51.324,0.003,0.460,0.000,0.000,0.000,0.000
773,256.838,976.820,998.585,560.214,345.729,202.912,366.700,34.493,48.283,0.002,0.459,0.000,0.000,0.000,0.000
774,257.184,932.117,973.338,558.661,347.058,203.081,342.899,34.475,45.359,0.002,0.459,0.000,0.000,0.000,0.000
775,257.531,928.263,949.472,557.108,348.433,203.249,320.317,34.454,42.552,0.002,0.458,0.000,0.000,0.000,0.000
776,257.877,862.633,926.969,555.555,349.858,203.418,298.931,34.432,39.863,0.002,0.457,0.000,0.000,0.000,0.000
777,258.223,855.227,905.809,554.002,351.339,203.591,278.715,34.408,37.292,0.002,0.457,0.000,0.000,0.000,0.000
778,258.570,915.747,885.969,552.449,352.879,203.768,259.637,34.383,34.838,0.001,0.456,0.000,0.000,0.000,0.000
779,258.916,795.969,867.422,550.895,354.483,203.952,241.667,34.356,32.501,0.001,0.455,0.000,0.000,0.000,0.000
780,259.263,805.411,850.140,549.342,356.158,204.144,224.770,34.329,30.277,0.001,0.455,0.000,0.000,0.000,0.000
781,259.609,750.005,834.092,547.789,357.908,204.346,208.911,34.300,28.167,0.001,0.454,0.000,0.000,0.000,0.000
782,259.956,758.226,819.240,546.236,359.732,204.560,194.050,34.271,26.166,0.001,0.453,0.000,0.000,0.000,0.000
783,260.302,763.854,805.507,544.683,361.594,204.787,180.151,34.241,24.274,0.001,0.452,0.000,0.000,0.000,0.000
784,260.649,740.741,792.826,543.130,363.466,205.030,167.174,34.212,22.488,0.001,0.451,0.000,0.000,0.000,0.000
785,260.995,726.743,781.152,541.577,365.342,205.290,155.078,34.182,20.804,0.001,0.450,0.000,0.000,0.000,0.000
786,261.342,739.706,770.437,540.024,367.218,205.568,143.825,34.152,19.219,0.001,0.450,0.000,0.000,0.000,0.000
787,261.688,668.076,760.635,538.470,369.088,205.868,133.372,34.122,17.730,0.001,0.449,0.000,0.000,0.000,0.000
788,262.035,670.889,751.701,536.917,370.949,206.190,123.682,34.093,16.333,0.001,0.448,0.000,0.000,0.000,0.000
789,262.381,611.521,743.587,535.364,372.794,206.536,114.714,34.065,15.026,0.000,0.447,0.000,0.000,0.000,0.000
790,262.728,604.039,736.248,533.811,374.618,206.908,106.429,34.037,13.803,0.000,0.446,0.000,0.000,0.000,0.000
791,263.074,639.298,729.637,532.258,376.416,207.309,98.789,34.010,12.663,0.000,0.445,0.000,0.000,0.000,0.000
792,263.421,601.111,723.711,530.705,378.180,207.739,91.757,33.985,11.601,0.000,0.444,0.000,0.000,0.000,0.000
793,263.768,647.037,718.430,529.152,379.901,208.199,85.309,33.960,10.612,0.000,0.443,0.000,0.000,0.000,0.000
794,264.114,613.889,713.806,527.598,381.577,208.694,79.457,33.937,9.694,0.000,0.442,0.000,0.000,0.000,0.000
795,264.461,588.149,709.804,526.045,383.205,209.224,74.168,33.916,8.843,0.000,0.441,0.000,0.000,0.000,0.000
796,264.807,645.037,706.361,524.492,384.779,209.794,69.390,33.896,8.056,0.000,0.440,0.000,0.000,0.000,0.000
797,265.154,610.184,703.421,522.939,386.291,210.404,65.074,33.879,7.330,0.000,0.439,0.000,0.000,0.000,0.000
798,265.500,555.667,700.933,521.386,387.735,211.056,61.177,33.863,6.659,0.000,0.438,0.000,0.000,0.000,0.000
799,265.847,658.146,698.851,519.833,389.102,211.752,57.661,33.850,6.043,0.000,0.437,0.000,0.000,0.000,0.000
800,266.193,580.667,697.130,518.280,390.384,212.495,54.490,33.839,5.481,0.000,0.436,0.000,0.000,0.000,0.000
801,266.540,574.590,695.731,516.726,391.574,213.284,51.632,33.831,4.970,0.000,0.435,0.000,0.000,0.000,0.000
802,266.887,637.295,694.619,515.173,392.665,214.124,49.059,33.825,4.508,0.000,0.434,0.000,0.000,0.000,0.000
803,267.233,573.740,693.762,513.620,393.653,215.015,46.745,33.822,4.088,0.000,0.433,0.000,0.000,0.000,0.000
804,267.580,610.517,693.130,512.067,394.533,215.962,44.668,33.822,3.707,0.000,0.432,0.000,0.000,0.000,0.000
805,267.926,623.702,692.682,510.514,395.301,216.952,42.807,33.825,3.362,0.000,0.431,0.000,0.000,0.000,0.000
806,268.273,623.182,692.371,508.961,395.951,217.963,41.142,33.831,3.049,0.000,0.430,0.000,0.000,0.000,0.000
807,268.620,640.961,692.161,507.408,396.479,218.986,39.657,33.841,2.765,0.000,0.429,0.000,0.000,0.000,0.000
808,268.966,601.556,692.026,505.855,396.881,220.017,38.335,33.854,2.507,0.000,0.428,0.000,0.000,0.000,0.000
809,269.313,552.368,691.943,504.301,397.152,221.054,37.162,33.871,2.274,0.000,0.427,0.000,0.000,0.000,0.000
810,269.659,614.333,691.890,502.748,397.288,222.093,36.125,33.891,2.062,0.000,0.426,0.000,0.000,0.000,0.000
811,270.006,568.331,691.846,501.195,397.287,223.130,35.213,33.916,1.870,0.000,0.425,0.000,0.000,0.000,0.000
812,270.353,625.849,691.794,499.642,397.146,224.163,34.416,33.945,1.696,0.000,0.424,0.000,0.000,0.000,0.000
813,270.699,665.923,691.716,498.089,396.862,225.186,33.724,33.978,1.538,0.000,0.423,0.000,0.000,0.000,0.000
814,271.046,636.184,691.596,496.536,396.433,226.197,33.129,34.016,1.395,0.000,0.422,0.000,0.000,0.000,0.000
815,271.393,598.218,691.422,494.983,395.859,227.192,32.622,34.058,1.265,0.000,0.420,0.000,0.000,0.000,0.000
816,271.739,633.998,691.180,493.429,395.139,228.166,32.198,34.105,1.147,0.000,0.419,0.000,0.000,0.000,0.000
817,272.086,640.626,690.858,491.876,394.272,229.115,31.849,34.157,1.040,0.000,0.418,0.000,0.000,0.000,0.000
818,272.433,626.404,690.447,490.323,393.259,230.036,31.571,34.215,0.943,0.000,0.417,0.000,0.000,0.000,0.000
819,272.779,566.886,689.939,488.770,392.101,230.924,31.359,34.277,0.856,0.000,0.416,0.000,0.000,0.000,0.000
820,273.126,592.366,689.324,487.217,390.799,231.776,31.207,34.346,0.776,0.000,0.415,0.000,0.000,0.000,0.000
821,273.473,656.255,688.596,485.664,389.354,232.586,31.113,34.420,0.704,0.000,0.414,0.000,0.000,0.000,0.000
822,273.819,663.218,687.751,484.111,387.770,233.352,31.072,34.501,0.638,0.000,0.413,0.000,0.000,0.000,0.000
823,274.166,575.441,686.783,482.557,386.048,234.069,31.082,34.587,0.579,0.000,0.412,0.000,0.000,0.000,0.000
824,274.513,634.996,685.689,481.004,384.194,234.733,31.140,34.681,0.525,0.000,0.411,0.000,0.000,0.000,0.000
825,274.859,626.403,684.466,479.451,382.210,235.341,31.244,34.781,0.476,0.000,0.410,0.000,0.000,0.000,0.000
826,275.206,613.884,683.112,477.898,380.100,235.888,31.390,34.888,0.432,0.000,0.409,0.000,0.000,0.000,0.000
827,275.553,602.146,681.628,476.345,377.870,236.372,31.579,35.002,0.391,0.000,0.408,0.000,0.000,0.000,0.000
828,275.899,634.662,680.013,474.792,375.524,236.790,31.807,35.125,0.355,0.000,0.407,0.000,0.000,0.000,0.000
829,276.246,621.885,678.267,473.239,373.068,237.137,32.074,35.255,0.322,0.000,0.406,0.000,0.000,0.000,0.000
830,276.593,634.255,676.394,471.686,370.507,237.412,32.379,35.393,0.292,0.000,0.405,0.000,0.000,0.000,0.000
831,276.940,622.701,674.395,470.132,367.848,237.611,32.721,35.540,0.265,0.000,0.404,0.000,0.000,0.000,0.000
832,277.286,624.105,672.274,468.579,365.098,237.733,33.099,35.696,0.240,0.000,0.403,0.000,0.000,0.000,0.000
833,277.633,669.031,670.031,467.026,362.262,237.774,33.512,35.859,0.218,0.000,0.402,0.000,0.000,0.000,0.000
834,277.980,629.476,667.669,465.473,359.347,237.733,33.961,36.025,0.197,0.000,0.401,0.000,0.000,0.000,0.000
835,278.326,622.180,665.190,463.920,356.361,237.608,34.444,36.193,0.179,0.000,0.400,0.000,0.000,0.000,0.000
836,278.673,657.810,662.599,462.367,353.310,237.398,34.963,36.362,0.162,0.000,0.399,0.000,0.000,0.000,0.000
837,279.020,661.698,659.902,460.814,350.202,237.102,35.516,36.531,0.147,0.000,0.398,0.000,0.000,0.000,0.000
838,279.367,629.626,657.104,459.260,347.044,236.718,36.105,36.701,0.134,0.000,0.397,0.000,0.000,0.000,0.000
839,279.713,580.807,654.212,457.707,343.842,236.247,36.730,36.871,0.121,0.000,0.396,0.000,0.000,0.000,0.000
840,280.060,667.921,651.232,456.154,340.605,235.688,37.390,37.039,0.110,0.000,0.395,0.000,0.000,0.000,0.000
841,280.407,637.437,648.173,454.601,337.339,235.042,38.087,37.206,0.100,0.000,0.394,0.000,0.000,0.000,0.000
842,280.754,641.955,645.040,453.048,334.052,234.308,38.822,37.371,0.090,0.000,0.393,0.000,0.000,0.000,0.000
843,281.100,605.326,641.843,451.495,330.750,233.487,39.594,37.532,0.082,0.000,0.392,0.000,0.000,0.000,0.000
844,281.447,648.809,638.588,449.942,327.441,232.582,40.405,37.691,0.074,0.000,0.391,0.000,0.000,0.000,0.000
845,281.794,636.251,635.285,448.388,324.131,231.591,41.256,37.845,0.067,0.000,0.390,0.000,0.000,0.000,0.000
846,282.141,602.512,631.941,446.835,320.826,230.519,42.147,37.995,0.061,0.000,0.389,0.000,0.000,0.000,0.000
847,282.488,641.291,629.409,446.125,317.995,229.663,43.110,38.192,0.055,0.000,0.388,0.000,0.000,0.000,0.000
848,282.834,589.292,626.854,445.416,315.183,228.728,44.115,38.384,0.050,0.000,0.388,0.000,0.000,0.000,0.000
849,283.181,609.771,624.284,444.706,312.395,227.717,45.165,38.569,0.046,0.000,0.387,0.000,0.000,0.000,0.000
850,283.528,645.140,621.710,443.996,309.636,226.633,46.261,38.747,0.041,0.000,0.387,0.000,0.000,0.000,0.000
851,283.875,629.067,619.139,443.286,306.911,225.478,47.404,38.917,0.037,0.000,0.387,0.000,0.000,0.000,0.000
852,284.222,625.883,616.581,442.576,304.226,224.255,48.596,39.078,0.034,0.000,0.386,0.000,0.000,0.000,0.000
853,284.568,660.029,614.044,441.866,301.586,222.968,49.838,39.230,0.031,0.000,0.386,0.000,0.000,0.000,0.000
854,284.915,626.919,611.538,441.156,298.994,221.621,51.132,39.373,0.028,0.000,0.386,0.000,0.000,0.000,0.000
855,285.262,639.586,609.072,440.446,296.454,220.215,52.481,39.506,0.025,0.000,0.385,0.000,0.000,0.000,0.000
856,285.609,636.992,606.654,439.736,293.971,218.757,53.886,39.628,0.023,0.000,0.385,0.000,0.000,0.000,0.000
857,285.956,639.881,604.294,439.027,291.547,217.249,55.349,39.738,0.021,0.000,0.385,0.000,0.000,0.000,0.000
858,286.302,615.842,601.999,438.317,289.186,215.695,56.873,39.837,0.019,0.000,0.384,0.000,0.000,0.000,0.000
859,286.649,536.956,599.779,437.607,286.890,214.100,58.459,39.924,0.017,0.000,0.384,0.000,0.000,0.000,0.000
860,286.996,596.289,597.643,436.897,284.663,212.467,60.110,39.999,0.016,0.000,0.383,0.000,0.000,0.000,0.000
861,287.343,557.770,595.597,436.187,282.505,210.802,61.828,40.061,0.014,0.000,0.383,0.000,0.000,0.000,0.000
862,287.690,584.954,593.652,435.477,280.418,209.107,63.617,40.109,0.013,0.000,0.383,0.000,0.000,0.000,0.000
863,288.037,588.731,591.814,434.767,278.405,207.387,65.478,40.145,0.012,0.000,0.382,0.000,0.000,0.000,0.000
864,288.383,637.066,590.092,434.057,276.466,205.647,67.415,40.166,0.011,0.000,0.382,0.000,0.000,0.000,0.000
865,288.730,639.249,588.494,433.347,274.603,203.891,69.430,40.174,0.010,0.000,0.381,0.000,0.000,0.000,0.000
866,289.077,626.361,587.024,432.638,272.816,202.121,71.525,40.168,0.009,0.000,0.381,0.000,0.000,0.000,0.000
867,289.424,544.880,585.662,431.928,271.105,200.344,73.672,40.148,0.008,0.000,0.381,0.000,0.000,0.000,0.000
868,289.771,584.990,584.378,431.218,269.471,198.562,75.839,40.114,0.007,0.000,0.380,0.000,0.000,0.000,0.000
869,290.118,605.842,583.171,430.508,267.913,196.780,78.022,40.065,0.006,0.000,0.380,0.000,0.000,0.000,0.000
870,290.465,627.581,582.041,429.798,266.432,195.000,80.216,40.003,0.006,0.000,0.379,0.000,0.000,0.000,0.000
871,290.811,625.362,580.987,429.088,265.027,193.227,82.416,39.927,0.005,0.000,0.379,0.000,0.000,0.000,0.000
872,291.158,555.471,580.006,428.378,263.698,191.464,84.619,39.837,0.005,0.000,0.379,0.000,0.000,0.000,0.000
873,291.505,637.805,579.096,427.668,262.443,189.714,86.819,39.733,0.004,0.000,0.378,0.000,0.000,0.000,0.000
874,291.852,584.398,578.256,426.958,261.262,187.981,89.011,39.616,0.004,0.000,0.378,0.000,0.000,0.000,0.000
875,292.199,648.065,577.482,426.249,260.153,186.267,91.190,39.486,0.004,0.000,0.377,0.000,0.000,0.000,0.000
876,292.546,574.767,576.770,425.539,259.117,184.574,93.351,39.343,0.003,0.000,0.377,0.000,0.000,0.000,0.000
877,292.893,595.065,576.117,424.829,258.150,182.907,95.488,39.188,0.003,0.000,0.377,0.000,0.000,0.000,0.000
878,293.240,625.729,575.520,424.119,257.253,181.266,97.597,39.021,0.003,0.000,0.376,0.000,0.000,0.000,0.000
879,293.586,590.433,574.973,423.409,256.423,179.654,99.671,38.842,0.002,0.000,0.376,0.000,0.000,0.000,0.000
880,293.933,586.765,574.472,422.699,255.660,178.073,101.705,38.652,0.002,0.000,0.375,0.000,0.000,0.000,0.000
881,294.280,629.211,574.014,421.989,254.962,176.524,103.694,38.452,0.002,0.000,0.375,0.000,0.000,0.000,0.000
882,294.627,597.879,573.593,421.279,254.329,175.010,105.632,38.241,0.002,0.000,0.375,0.000,0.000,0.000,0.000
883,294.974,645.209,573.203,420.570,253.757,173.532,107.513,38.021,0.002,0.000,0.374,0.000,0.000,0.000,0.000
884,295.321,602.285,572.840,419.860,253.245,172.091,109.333,37.792,0.001,0.000,0.374,0.000,0.000,0.000,0.000
885,295.668,561.953,572.498,419.150,252.792,170.688,111.085,37.554,0.001,0.000,0.373,0.000,0.000,0.000,0.000
886,296.015,627.580,572.172,418.440,252.397,169.323,112.765,37.309,0.001,0.000,0.373,0.000,0.000,0.000,0.000
887,296.362,651.765,571.858,417.730,252.058,167.998,114.367,37.057,0.001,0.000,0.373,0.000,0.000,0.000,0.000
888,296.709,661.875,571.549,417.020,251.774,166.713,115.886,36.798,0.001,0.000,0.372,0.000,0.000,0.000,0.000
889,297.056,649.950,571.241,416.310,251.544,165.469,117.318,36.534,0.001,0.000,0.372,0.000,0.000,0.000,0.000
890,297.402,626.285,570.930,415.600,251.366,164.265,118.658,36.264,0.001,0.000,0.371,0.000,0.000,0.000,0.000
891,297.749,619.840,570.609,414.890,251.240,163.101,119.901,35.990,0.001,0.000,0.371,0.000,0.000,0.000,0.000
892,298.096,606.618,570.276,414.181,251.166,161.978,121.045,35.712,0.001,0.000,0.370,0.000,0.000,0.000,0.000
893,298.443,557.469,569.929,413.471,251.145,160.895,122.083,35.432,0.001,0.000,0.370,0.000,0.000,0.000,0.000
894,298.790,624.319,569.563,412.761,251.174,159.851,123.014,35.148,0.001,0.000,0.370,0.000,0.000,0.000,0.000
895,299.137,601.246,569.172,412.051,251.253,158.848,123.834,34.863,0.001,0.000,0.369,0.000,0.000,0.000,0.000
896,299.484,551.726,568.753,411.341,251.380,157.882,124.539,34.577,0.000,0.000,0.369,0.000,0.000,0.000,0.000
897,299.831,590.357,568.300,410.631,251.553,156.955,125.128,34.290,0.000,0.000,0.368,0.000,0.000,0.000,0.000
898,300.178,600.317,567.812,409.921,251.772,156.066,125.598,34.004,0.000,0.000,0.368,0.000,0.000,0.000,0.000
899,300.525,616.539,567.284,409.211,252.035,155.212,125.946,33.718,0.000,0.000,0.368,0.000,0.000,0.000,0.000
900,300.872,605.059,566.715,408.501,252.342,154.395,126.173,33.434,0.000,0.000,0.367,0.000,0.000,0.000,0.000
901,301.219,600.318,566.102,407.792,252.692,153.611,126.275,33.151,0.000,0.000,0.367,0.000,0.000,0.000,0.000
902,301.566,581.911,565.443,407.082,253.085,152.862,126.254,32.871,0.000,0.000,0.366,0.000,0.000,0.000,0.000
903,301.913,584.393,564.737,406.372,253.521,152.145,126.108,32.593,0.000,0.000,0.366,0.000,0.000,0.000,0.000
904,302.260,545.355,563.985,405.662,253.999,151.459,125.837,32.319,0.000,0.000,0.366,0.000,0.000,0.000,0.000
905,302.607,539.132,563.184,404.952,254.520,150.803,125.442,32.049,0.000,0.000,0.365,0.000,0.000,0.000,0.000
906,302.954,625.132,562.337,404.242,255.084,150.177,124.923,31.783,0.000,0.000,0.365,0.000,0.000,0.000,0.000
907,303.301,544.502,561.443,403.532,255.691,149.578,124.282,31.522,0.000,0.000,0.364,0.000,0.000,0.000,0.000
908,303.648,537.093,560.504,402.822,256.342,149.006,123.521,31.266,0.000,0.000,0.364,0.000,0.000,0.000,0.000
909,303.995,579.574,559.522,402.112,257.036,148.460,122.641,31.016,0.000,0.000,0.363,0.000,0.000,0.000,0.000
910,304.342,547.836,558.498,401.403,257.776,147.938,121.645,30.771,0.000,0.000,0.363,0.000,0.000,0.000,0.000
911,304.689,530.836,557.436,400.693,258.561,147.440,120.535,30.533,0.000,0.000,0.363,0.000,0.000,0.000,0.000
912,305.036,541.097,556.338,399.983,259.393,146.963,119.315,30.300,0.000,0.000,0.362,0.000,0.000,0.000,0.000
913,305.383,511.908,555.207,399.273,260.273,146.507,117.987,30.074,0.000,0.000,0.362,0.000,0.000,0.000,0.000
914,305.730,537.725,554.049,398.563,261.201,146.071,116.556,29.855,0.000,0.000,0.361,0.000,0.000,0.000,0.000
915,306.077,530.132,552.866,397.853,262.178,145.654,115.025,29.643,0.000,0.000,0.361,0.000,0.000,0.000,0.000
916,306.424,496.317,551.664,397.143,263.207,145.255,113.399,29.439,0.000,0.000,0.361,0.000,0.000,0.000,0.000
917,306.771,543.612,550.450,396.433,264.289,144.874,111.682,29.241,0.000,0.000,0.360,0.000,0.000,0.000,0.000
918,307.118,511.647,549.228,395.723,265.425,144.510,109.878,29.051,0.000,0.000,0.360,0.000,0.000,0.000,0.000
919,307.465,476.647,548.004,395.014,266.616,144.163,107.993,28.868,0.000,0.000,0.359,0.000,0.000,0.000,0.000
920,307.812,524.499,546.783,394.304,267.865,143.830,106.032,28.693,0.000,0.000,0.359,0.000,0.000,0.000,0.000
921,308.159,541.351,545.572,393.594,269.173,143.511,104.000,28.525,0.000,0.000,0.358,0.000,0.000,0.000,0.000
922,308.506,512.685,544.376,392.884,270.542,143.204,101.903,28.365,0.000,0.000,0.358,0.000,0.000,0.000,0.000
923,308.853,548.241,543.202,392.174,271.974,142.909,99.745,28.212,0.000,0.000,0.358,0.000,0.000,0.000,0.000
924,309.200,533.462,542.056,391.464,273.472,142.623,97.532,28.067,0.000,0.000,0.357,0.000,0.000,0.000,0.000
925,309.547,492.427,540.946,390.754,275.037,142.346,95.271,27.930,0.000,0.000,0.357,0.000,0.000,0.000,0.000
926,309.894,544.832,539.878,390.044,276.672,142.079,92.966,27.800,0.000,0.000,0.356,0.000,0.000,0.000,0.000
927,310.241,509.758,538.860,389.334,278.379,141.818,90.624,27.678,0.000,0.000,0.356,0.000,0.000,0.000,0.000
928,310.588,550.573,537.899,388.625,280.162,141.565,88.249,27.563,0.000,0.000,0.355,0.000,0.000,0.000,0.000
929,310.935,515.758,537.004,387.915,282.021,141.319,85.849,27.456,0.000,0.000,0.355,0.000,0.000,0.000,0.000
930,311.282,487.055,536.181,387.205,283.962,141.078,83.427,27.356,0.000,0.000,0.355,0.000,0.000,0.000,0.000
931,311.629,486.497,535.439,386.495,285.985,140.843,80.990,27.262,0.000,0.000,0.354,0.000,0.000,0.000,0.000
932,311.976,504.981,534.785,385.785,288.095,140.613,78.543,27.176,0.000,0.000,0.354,0.000,0.000,0.000,0.000
933,312.323,491.721,534.227,385.075,290.294,140.387,76.091,27.098,0.000,0.000,0.353,0.000,0.000,0.000,0.000
934,312.670,501.351,533.774,384.365,292.587,140.166,73.640,27.025,0.000,0.000,0.353,0.000,0.000,0.000,0.000
935,313.017,510.313,533.434,383.655,294.975,139.948,71.193,26.960,0.000,0.000,0.352,0.000,0.000,0.000,0.000
936,313.364,527.943,533.213,382.945,297.464,139.734,68.757,26.902,0.000,0.000,0.352,0.000,0.000,0.000,0.000
937,313.711,538.018,533.121,382.236,300.056,139.524,66.336,26.850,0.000,0.000,0.351,0.000,0.000,0.000,0.000
938,314.058,503.387,533.165,381.526,302.756,139.317,63.933,26.804,0.000,0.000,0.351,0.000,0.000,0.000,0.000
939,314.405,511.684,533.354,380.816,305.567,139.113,61.554,26.765,0.000,0.000,0.351,0.000,0.000,0.000,0.000
940,314.752,514.090,533.694,380.106,308.494,138.911,59.202,26.733,0.000,0.000,0.350,0.000,0.000,0.000,0.000
941,315.099,528.276,534.194,379.396,311.541,138.713,56.881,26.706,0.000,0.000,0.350,0.000,0.000,0.000,0.000
942,315.447,495.906,534.863,378.686,314.712,138.517,54.594,26.686,0.000,0.000,0.349,0.000,0.000,0.000,0.000
943,315.794,496.980,535.707,377.976,318.013,138.323,52.345,26.671,0.000,0.000,0.349,0.000,0.000,0.000,0.000
944,316.141,494.792,536.734,377.266,321.448,138.132,50.137,26.663,0.000,0.000,0.348,0.000,0.000,0.000,0.000
945,316.488,521.200,537.951,376.556,325.023,137.944,47.972,26.660,0.000,0.000,0.348,0.000,0.000,0.000,0.000
946,316.835,490.273,539.355,375.847,328.730,137.758,45.854,26.661,0.000,0.000,0.348,0.000,0.000,0.000,0.000
947,317.182,512.870,540.923,375.137,332.549,137.574,43.783,26.666,0.000,0.000,0.347,0.000,0.000,0.000,0.000
948,317.529,517.719,542.652,374.427,336.471,137.392,41.763,26.675,0.000,0.000,0.347,0.000,0.000,0.000,0.000
949,317.876,497.757,544.541,373.717,340.497,137.213,39.795,26.686,0.000,0.000,0.346,0.000,0.000,0.000,0.000
950,318.223,568.383,546.594,373.007,344.627,137.036,37.880,26.701,0.000,0.000,0.346,0.000,0.000,0.000,0.000
951,318.570,503.053,548.812,372.297,348.862,136.861,36.020,26.719,0.000,0.000,0.345,0.000,0.000,0.000,0.000
952,318.917,502.349,551.195,371.587,353.202,136.689,34.217,26.739,0.000,0.000,0.345,0.000,0.000,0.000,0.000
953,319.264,558.238,553.745,370.877,357.648,136.518,32.470,26.761,0.000,0.000,0.345,0.000,0.000,0.000,0.000
954,319.611,498.161,556.464,370.167,362.200,136.351,30.780,26.784,0.000,0.000,0.344,0.000,0.000,0.000,0.000
955,319.959,530.349,559.351,369.458,366.860,136.185,29.149,26.809,0.000,0.000,0.344,0.000,0.000,0.000,0.000
956,320.306,554.272,562.408,368.748,371.627,136.022,27.576,26.835,0.000,0.000,0.343,0.000,0.000,0.000,0.000
957,320.653,496.977,565.635,368.038,376.504,135.861,26.060,26.862,0.000,0.000,0.343,0.000,0.000,0.000,0.000
958,321.000,565.609,569.032,367.328,381.490,135.703,24.603,26.890,0.000,0.000,0.343,0.000,0.000,0.000,0.000
959,321.347,555.680,572.601,366.618,386.586,135.547,23.204,26.918,0.000,0.000,0.342,0.000,0.000,0.000,0.000
960,321.694,519.570,576.342,365.908,391.795,135.394,21.862,26.946,0.000,0.000,0.342,0.000,0.000,0.000,0.000
961,322.041,534.941,580.255,365.198,397.116,135.243,20.576,26.974,0.000,0.000,0.341,0.000,0.000,0.000,0.000
962,322.388,578.162,584.342,364.488,402.553,135.095,19.347,27.002,0.000,0.000,0.341,0.000,0.000,0.000,0.000
963,322.735,563.644,588.602,363.778,408.106,134.950,18.173,27.029,0.000,0.000,0.341,0.000,0.000,0.000,0.000
964,323.082,600.939,593.036,363.069,413.777,134.807,17.052,27.055,0.000,0.000,0.340,0.000,0.000,0.000,0.000
965,323.430,496.125,597.647,362.359,419.570,134.668,15.985,27.080,0.000,0.000,0.340,0.000,0.000,0.000,0.000
966,323.777,591.533,602.434,361.649,425.485,134.531,14.969,27.104,0.000,0.000,0.340,0.000,0.000,0.000,0.000
967,324.124,608.569,607.400,360.939,431.527,134.398,14.004,27.127,0.000,0.000,0.339,0.000,0.000,0.000,0.000
968,324.471,599.606,612.545,360.229,437.698,134.267,13.088,27.148,0.000,0.000,0.339,0.000,0.000,0.000,0.000
969,324.818,616.938,617.873,359.519,444.002,134.140,12.221,27.167,0.000,0.000,0.339,0.000,0.000,0.000,0.000
970,325.165,660.015,623.384,358.809,450.442,134.015,11.399,27.185,0.000,0.000,0.338,0.000,0.000,0.000,0.000
971,325.512,558.572,629.083,358.099,457.023,133.895,10.622,27.200,0.000,0.000,0.338,0.000,0.000,0.000,0.000
972,325.859,638.051,634.955,357.389,463.733,133.777,9.889,27.214,0.000,0.000,0.338,0.000,0.000,0.000,0.000
973,326.206,611.902,640.935,356.680,470.508,133.664,9.197,27.225,0.000,0.000,0.338,0.000,0.000,0.000,0.000
974,326.554,637.680,646.960,355.970,477.285,133.553,8.546,27.234,0.000,0.000,0.337,0.000,0.000,0.000,0.000
975,326.901,688.569,653.014,355.260,484.053,133.447,7.933,27.240,0.000,0.000,0.337,0.000,0.000,0.000,0.000
976,327.248,582.089,659.087,354.550,490.801,133.343,7.358,27.243,0.000,0.000,0.337,0.000,0.000,0.000,0.000
977,327.595,637.976,665.165,353.840,497.519,133.244,6.818,27.244,0.000,0.000,0.337,0.000,0.000,0.000,0.000
978,327.942,626.012,671.232,353.130,504.190,133.148,6.312,27.242,0.000,0.000,0.336,0.000,0.000,0.000,0.000
979,328.289,695.311,677.261,352.420,510.790,133.056,5.838,27.237,0.000,0.000,0.336,0.000,0.000,0.000,0.000
980,328.636,697.458,683.232,351.710,517.300,132.967,5.395,27.230,0.000,0.000,0.336,0.000,0.000,0.000,0.000
981,328.984,741.645,689.129,351.001,523.707,132.882,4.982,27.219,0.000,0.000,0.336,0.000,0.000,0.000,0.000
982,329.331,746.607,694.939,350.291,529.998,132.800,4.596,27.205,0.000,0.000,0.335,0.000,0.000,0.000,0.000
983,329.678,647.234,700.645,349.581,536.159,132.722,4.237,27.187,0.000,0.000,0.335,0.000,0.000,0.000,0.000
984,330.025,646.903,706.235,348.871,542.176,132.647,3.905,27.167,0.000,0.000,0.335,0.000,0.000,0.000,0.000
985,330.372,758.310,711.695,348.161,548.037,132.576,3.600,27.144,0.000,0.000,0.335,0.000,0.000,0.000,0.000
986,330.719,710.532,717.010,347.451,553.727,132.508,3.320,27.117,0.000,0.000,0.335,0.000,0.000,0.000,0.000
987,331.066,750.607,722.165,346.741,559.234,132.443,3.062,27.087,0.000,0.000,0.335,0.000,0.000,0.000,0.000
988,331.413,701.976,727.143,346.031,564.544,132.381,2.825,27.055,0.000,0.000,0.334,0.000,0.000,0.000,0.000
989,331.761,717.272,731.932,345.321,569.645,132.322,2.608,27.019,0.000,0.000,0.334,0.000,0.000,0.000,0.000
990,332.108,730.089,736.516,344.612,574.524,132.266,2.408,26.979,0.000,0.000,0.334,0.000,0.000,0.000,0.000
991,332.455,806.532,740.881,343.902,579.169,132.213,2.224,26.937,0.000,0.000,0.334,0.000,0.000,0.000,0.000
992,332.802,708.494,745.016,343.192,583.568,132.162,2.055,26.892,0.000,0.000,0.334,0.000,0.000,0.000,0.000
993,333.149,754.866,748.906,342.482,587.709,132.114,1.900,26.844,0.000,0.000,0.334,0.000,0.000,0.000,0.000
994,333.496,690.235,752.540,341.772,591.582,132.069,1.758,26.793,0.000,0.000,0.334,0.000,0.000,0.000,0.000
995,333.844,791.422,755.905,341.062,595.176,132.026,1.627,26.739,0.000,0.000,0.333,0.000,0.000,0.000,0.000
996,334.191,826.347,758.992,340.352,598.480,131.985,1.506,26.683,0.000,0.000,0.333,0.000,0.000,0.000,0.000
997,334.538,711.460,761.790,339.642,601.486,131.946,1.396,26.624,0.000,0.000,0.333,0.000,0.000,0.000,0.000
998,334.885,807.717,764.288,338.932,604.185,131.909,1.294,26.562,0.000,0.000,0.333,0.000,0.000,0.000,0.000
999,335.232,678.752,766.479,338.223,606.568,131.874,1.201,26.498,0.000,0.000,0.333,0.000,0.000,0.000,0.000
1000,335.579,805.680,768.353,337.513,608.629,131.840,1.116,26.432,0.000,0.000,0.333,0.000,0.000,0.000,0.000
1001,335.926,785.975,769.904,336.803,610.359,131.808,1.037,26.364,0.000,0.000,0.333,0.000,0.000,0.000,0.000
1002,336.274,803.125,771.125,336.093,611.754,131.776,0.965,26.293,0.000,0.000,0.333,0.000,0.000,0.000,0.000
1003,336.621,797.718,772.010,335.383,612.808,131.746,0.898,26.221,0.000,0.000,0.333,0.000,0.000,0.000,0.000
1004,336.968,799.419,772.553,334.673,613.516,131.717,0.837,26.146,0.000,0.000,0.333,0.000,0.000,0.000,0.000
1005,337.315,808.456,772.752,333.963,613.876,131.688,0.781,26.070,0.000,0.000,0.333,0.000,0.000,0.000,0.000
1006,337.662,742.273,772.602,333.253,613.883,131.659,0.730,25.992,0.000,0.000,0.333,0.000,0.000,0.000,0.000
1007,338.009,757.051,772.101,332.543,613.537,131.631,0.683,25.913,0.000,0.000,0.332,0.000,0.000,0.000,0.000
1008,338.357,816.865,771.250,331.834,612.838,131.603,0.640,25.833,0.000,0.000,0.332,0.000,0.000,0.000,0.000
1009,338.704,802.604,770.046,331.124,611.783,131.575,0.600,25.751,0.000,0.000,0.332,0.000,0.000,0.000,0.000
1010,339.051,745.235,768.487,330.414,610.373,131.546,0.564,25.669,0.000,0.000,0.332,0.000,0.000,0.000,0.000
1011,339.398,760.938,766.577,329.704,608.609,131.517,0.530,25.585,0.000,0.000,0.332,0.000,0.000,0.000,0.000
1012,339.745,829.902,764.318,328.994,606.495,131.486,0.499,25.500,0.000,0.000,0.332,0.000,0.000,0.000,0.000
1013,340.092,799.495,761.712,328.284,604.034,131.455,0.471,25.415,0.000,0.000,0.332,0.000,0.000,0.000,0.000
1014,340.440,854.049,758.764,327.574,601.230,131.423,0.446,25.329,0.000,0.000,0.332,0.000,0.000,0.000,0.000
1015,340.787,850.828,755.478,326.864,598.087,131.389,0.422,25.243,0.000,0.000,0.332,0.000,0.000,0.000,0.000
1016,341.134,768.976,751.859,326.154,594.613,131.354,0.400,25.157,0.000,0.000,0.332,0.000,0.000,0.000,0.000
1017,341.481,792.051,747.914,325.445,590.812,131.316,0.381,25.070,0.000,0.000,0.332,0.000,0.000,0.000,0.000
1018,341.828,811.976,743.651,324.735,586.692,131.277,0.363,24.983,0.000,0.000,0.332,0.000,0.000,0.000,0.000
1019,342.175,797.716,739.076,324.025,582.263,131.235,0.346,24.896,0.000,0.000,0.331,0.000,0.000,0.000,0.000
1020,342.523,861.051,734.198,323.315,577.531,131.192,0.331,24.809,0.000,0.000,0.331,0.000,0.000,0.000,0.000
1021,342.870,731.310,729.028,322.605,572.508,131.145,0.317,24.723,0.000,0.000,0.331,0.000,0.000,0.000,0.000
1022,343.217,818.236,723.574,321.895,567.202,131.096,0.304,24.636,0.000,0.000,0.331,0.000,0.000,0.000,0.000
1023,343.564,787.122,717.847,321.185,561.626,131.043,0.293,24.550,0.000,0.000,0.331,0.000,0.000,0.000,0.000
1024,343.911,803.976,711.858,320.475,555.789,130.988,0.282,24.464,0.000,0.000,0.331,0.000,0.000,0.000,0.000
1025,344.259,807.679,705.620,319.765,549.704,130.929,0.273,24.379,0.000,0.000,0.331,0.000,0.000,0.000,0.000
1026,344.606,755.604,699.144,319.056,543.384,130.866,0.264,24.295,0.000,0.000,0.331,0.000,0.000,0.000,0.000
1027,344.953,768.494,692.442,318.346,536.840,130.800,0.256,24.211,0.000,0.000,0.330,0.000,0.000,0.000,0.000
1028,345.300,769.938,685.529,317.636,530.087,130.731,0.249,24.127,0.000,0.000,0.330,0.000,0.000,0.000,0.000
1029,345.647,756.049,678.416,316.926,523.137,130.657,0.243,24.045,0.000,0.000,0.330,0.000,0.000,0.000,0.000
1030,345.994,764.715,671.118,316.216,516.005,130.579,0.237,23.963,0.000,0.000,0.330,0.000,0.000,0.000,0.000
1031,346.342,833.345,663.649,315.506,508.704,130.497,0.232,23.882,0.000,0.000,0.330,0.000,0.000,0.000,0.000
1032,346.689,740.050,656.023,314.796,501.249,130.411,0.227,23.802,0.000,0.000,0.329,0.000,0.000,0.000,0.000
1033,347.036,788.788,648.254,314.086,493.655,130.320,0.223,23.723,0.000,0.000,0.329,0.000,0.000,0.000,0.000
1034,347.383,772.825,640.356,313.376,485.934,130.225,0.219,23.644,0.000,0.000,0.329,0.000,0.000,0.000,0.000
1035,347.730,797.269,632.344,312.667,478.103,130.126,0.216,23.567,0.000,0.000,0.329,0.000,0.000,0.000,0.000
1036,348.078,737.198,624.233,311.957,470.175,130.021,0.213,23.490,0.000,0.000,0.328,0.000,0.000,0.000,0.000
1037,348.425,761.602,616.036,311.247,462.166,129.912,0.211,23.415,0.000,0.000,0.328,0.000,0.000,0.000,0.000
1038,348.772,728.788,607.767,310.537,454.088,129.798,0.209,23.340,0.000,0.000,0.328,0.000,0.000,0.000,0.000
1039,349.119,826.677,599.442,309.827,445.957,129.679,0.207,23.267,0.000,0.000,0.328,0.000,0.000,0.000,0.000
1040,349.466,711.974,591.074,309.117,437.787,129.556,0.205,23.194,0.000,0.000,0.327,0.000,0.000,0.000,0.000
1041,349.814,717.491,582.676,308.407,429.591,129.427,0.204,23.122,0.000,0.000,0.327,0.000,0.000,0.000,0.000
1042,350.161,704.788,574.262,307.697,421.383,129.293,0.203,23.052,0.000,0.000,0.327,0.000,0.000,0.000,0.000
1043,350.508,701.047,565.846,306.987,413.176,129.155,0.203,22.982,0.000,0.000,0.326,0.000,0.000,0.000,0.000
1044,350.855,707.566,557.439,306.278,404.982,129.011,0.202,22.913,0.000,0.000,0.326,0.000,0.000,0.000,0.000
1045,351.202,703.639,549.055,305.568,396.815,128.863,0.202,22.845,0.000,0.000,0.326,0.000,0.000,0.000,0.000
1046,351.549,726.897,540.705,304.858,388.687,128.710,0.202,22.778,0.000,0.000,0.325,0.000,0.000,0.000,0.000
1047,351.897,735.787,532.402,304.148,380.608,128.551,0.202,22.712,0.000,0.000,0.325,0.000,0.000,0.000,0.000
1048,352.244,653.788,524.155,303.438,372.590,128.388,0.202,22.646,0.000,0.000,0.324,0.000,0.000,0.000,0.000
1049,352.591,658.788,515.977,302.728,364.644,128.220,0.203,22.582,0.000,0.000,0.324,0.000,0.000,0.000,0.000
1050,352.938,609.009,507.876,302.018,356.780,128.047,0.204,22.518,0.000,0.000,0.323,0.000,0.000,0.000,0.000
1051,353.285,617.195,499.863,301.308,349.007,127.869,0.205,22.455,0.000,0.000,0.323,0.000,0.000,0.000,0.000
1052,353.633,565.231,491.947,300.598,341.335,127.687,0.206,22.393,0.000,0.000,0.323,0.000,0.000,0.000,0.000
1053,353.980,601.785,484.136,299.889,333.772,127.500,0.207,22.331,0.000,0.000,0.322,0.000,0.000,0.000,0.000
1054,354.327,598.082,476.438,299.179,326.326,127.308,0.208,22.270,0.000,0.000,0.322,0.000,0.000,0.000,0.000
1055,354.674,604.971,468.861,298.469,319.004,127.112,0.210,22.210,0.000,0.000,0.321,0.000,0.000,0.000,0.000
1056,355.021,673.748,461.411,297.759,311.813,126.911,0.212,22.151,0.000,0.000,0.321,0.000,0.000,0.000,0.000
1057,355.369,573.636,454.095,297.049,304.760,126.706,0.213,22.092,0.000,0.000,0.320,0.000,0.000,0.000,0.000
1058,355.716,619.933,446.919,296.339,297.850,126.497,0.215,22.033,0.000,0.000,0.320,0.000,0.000,0.000,0.000
1059,356.063,591.229,439.887,295.629,291.088,126.284,0.218,21.975,0.000,0.000,0.319,0.000,0.000,0.000,0.000
1060,356.410,583.045,433.004,294.919,284.478,126.066,0.220,21.918,0.000,0.000,0.318,0.000,0.000,0.000,0.000
1061,356.757,575.304,426.275,294.209,278.025,125.845,0.222,21.861,0.000,0.000,0.318,0.000,0.000,0.000,0.000
1062,357.105,520.453,419.702,293.500,271.732,125.620,0.225,21.804,0.000,0.000,0.317,0.000,0.000,0.000,0.000
1063,357.452,546.931,413.289,292.790,265.602,125.391,0.228,21.748,0.000,0.000,0.317,0.000,0.000,0.000,0.000
1064,357.799,560.451,407.037,292.080,259.636,125.158,0.230,21.693,0.000,0.000,0.316,0.000,0.000,0.000,0.000
1065,358.146,529.376,400.950,291.370,253.838,124.922,0.233,21.637,0.000,0.000,0.316,0.000,0.000,0.000,0.000
1066,358.493,534.524,395.028,290.660,248.208,124.682,0.237,21.582,0.000,0.000,0.315,0.000,0.000,0.000,0.000
1067,358.841,522.783,389.272,289.950,242.747,124.439,0.240,21.528,0.000,0.000,0.314,0.000,0.000,0.000,0.000
1068,359.188,529.746,383.683,289.240,237.456,124.193,0.243,21.473,0.000,0.000,0.314,0.000,0.000,0.000,0.000
1069,359.535,506.708,378.260,288.530,232.334,123.943,0.247,21.419,0.000,0.000,0.313,0.000,0.000,0.000,0.000
1070,359.882,561.968,373.005,287.820,227.381,123.691,0.251,21.365,0.000,0.000,0.312,0.000,0.000,0.000,0.000
1071,360.229,444.488,367.917,287.111,222.599,123.436,0.255,21.312,0.000,0.000,0.312,0.000,0.000,0.000,0.000
1072,360.577,496.227,362.996,286.401,217.985,123.178,0.259,21.259,0.000,0.000,0.311,0.000,0.000,0.000,0.000
1073,360.924,504.264,358.239,285.691,213.539,122.917,0.263,21.206,0.000,0.000,0.310,0.000,0.000,0.000,0.000
1074,361.271,487.039,353.645,284.981,209.257,122.654,0.267,21.153,0.000,0.000,0.310,0.000,0.000,0.000,0.000
1075,361.618,476.857,349.211,284.271,205.137,122.389,0.272,21.101,0.000,0.000,0.309,0.000,0.000,0.000,0.000
1076,361.965,419.523,344.934,283.561,201.176,122.121,0.277,21.048,0.000,0.000,0.308,0.000,0.000,0.000,0.000
1077,362.313,393.078,340.812,282.851,197.372,121.851,0.281,20.996,0.000,0.000,0.308,0.000,0.000,0.000,0.000
1078,362.660,429.781,336.840,282.141,193.721,121.578,0.287,20.944,0.000,0.000,0.307,0.000,0.000,0.000,0.000
1079,363.007,440.151,333.017,281.432,190.219,121.304,0.292,20.892,0.000,0.000,0.306,0.000,0.000,0.000,0.000
1080,363.354,431.039,329.338,280.722,186.863,121.028,0.297,20.840,0.000,0.000,0.306,0.000,0.000,0.000,0.000
1081,363.701,430.150,325.799,280.012,183.650,120.750,0.303,20.788,0.000,0.000,0.305,0.000,0.000,0.000,0.000
1082,364.048,467.336,322.398,279.302,180.576,120.470,0.309,20.736,0.000,0.000,0.304,0.000,0.000,0.000,0.000
1083,364.396,378.115,319.131,278.592,177.636,120.188,0.315,20.684,0.000,0.000,0.304,0.000,0.000,0.000,0.000
1084,364.743,412.706,315.993,277.882,174.828,119.905,0.321,20.632,0.000,0.000,0.303,0.000,0.000,0.000,0.000
1085,365.090,385.594,312.981,277.172,172.146,119.621,0.328,20.580,0.000,0.000,0.302,0.000,0.000,0.000,0.000
1086,365.437,374.481,310.090,276.462,169.587,119.335,0.334,20.529,0.000,0.000,0.301,0.000,0.000,0.000,0.000
1087,365.784,382.558,307.317,275.752,167.148,119.047,0.341,20.477,0.000,0.000,0.301,0.000,0.000,0.000,0.000
1088,366.132,410.408,304.658,275.043,164.822,118.759,0.348,20.425,0.000,0.000,0.300,0.000,0.000,0.000,0.000
1089,366.479,372.742,302.109,274.333,162.608,118.469,0.356,20.373,0.000,0.000,0.299,0.000,0.000,0.000,0.000
1090,366.826,320.298,299.665,273.623,160.500,118.178,0.364,20.321,0.000,0.000,0.299,0.000,0.000,0.000,0.000
1091,367.173,370.408,297.323,272.913,158.495,117.886,0.371,20.269,0.000,0.000,0.298,0.000,0.000,0.000,0.000
1092,367.520,330.037,295.078,272.203,156.588,117.593,0.379,20.217,0.000,0.000,0.297,0.000,0.000,0.000,0.000
1093,367.868,362.443,292.927,271.493,154.775,117.299,0.388,20.166,0.000,0.000,0.296,0.000,0.000,0.000,0.000
1094,368.215,355.556,290.867,270.783,153.053,117.004,0.396,20.114,0.000,0.000,0.296,0.000,0.000,0.000,0.000
1095,368.562,350.666,288.892,270.073,151.417,116.709,0.405,20.062,0.000,0.000,0.295,0.000,0.000,0.000,0.000
1096,368.909,337.296,286.999,269.363,149.865,116.413,0.414,20.010,0.000,0.000,0.294,0.000,0.000,0.000,0.000
1097,369.256,329.408,285.185,268.654,148.391,116.116,0.423,19.958,0.000,0.000,0.293,0.000,0.000,0.000,0.000
1098,369.604,352.148,283.447,267.944,146.996,115.818,0.431,19.906,0.000,0.000,0.293,0.000,0.000,0.000,0.000
1099,369.951,374.925,281.787,267.234,145.678,115.520,0.440,19.854,0.000,0.000,0.292,0.000,0.000,0.000,0.000
1100,370.298,360.851,280.202,266.524,144.435,115.221,0.449,19.802,0.000,0.000,0.291,0.000,0.000,0.000,0.000
1101,370.645,342.517,278.686,265.814,143.263,114.921,0.458,19.750,0.000,0.000,0.290,0.000,0.000,0.000,0.000
1102,370.992,299.371,277.235,265.104,142.156,114.621,0.466,19.698,0.000,0.000,0.290,0.000,0.000,0.000,0.000
1103,371.339,313.443,275.845,264.394,141.111,114.321,0.475,19.646,0.000,0.000,0.289,0.000,0.000,0.000,0.000
1104,371.687,279.517,274.512,263.684,140.123,114.020,0.483,19.594,0.000,0.000,0.288,0.000,0.000,0.000,0.000
1105,372.034,314.331,273.232,262.974,139.188,113.719,0.491,19.542,0.000,0.000,0.287,0.000,0.000,0.000,0.000
1106,372.381,278.331,272.002,262.265,138.304,113.418,0.499,19.490,0.000,0.000,0.286,0.000,0.000,0.000,0.000
1107,372.728,316.961,270.819,261.555,137.468,113.116,0.507,19.438,0.000,0.000,0.286,0.000,0.000,0.000,0.000
1108,373.075,284.369,269.680,260.845,136.676,112.814,0.515,19.386,0.000,0.000,0.285,0.000,0.000,0.000,0.000
1109,373.423,321.035,268.583,260.135,135.926,112.512,0.523,19.334,0.000,0.000,0.284,0.000,0.000,0.000,0.000
1110,373.770,277.776,267.523,259.425,135.214,112.209,0.531,19.282,0.000,0.000,0.283,0.000,0.000,0.000,0.000
1111,374.117,282.110,266.500,258.715,134.538,111.907,0.538,19.230,0.000,0.000,0.283,0.000,0.000,0.000,0.000
1112,374.464,282.183,265.509,258.005,133.896,111.604,0.545,19.178,0.000,0.000,0.282,0.000,0.000,0.000,0.000
1113,374.811,292.776,264.550,257.295,133.285,111.301,0.553,19.127,0.000,0.000,0.281,0.000,0.000,0.000,0.000
1114,375.158,258.144,263.619,256.585,132.704,110.997,0.559,19.075,0.000,0.000,0.280,0.000,0.000,0.000,0.000
1115,375.506,265.811,262.716,255.876,132.150,110.694,0.566,19.023,0.000,0.000,0.280,0.000,0.000,0.000,0.000
1116,375.853,275.440,261.838,255.166,131.621,110.391,0.573,18.971,0.000,0.000,0.279,0.000,0.000,0.000,0.000
1117,376.200,230.702,260.985,254.456,131.114,110.091,0.579,18.919,0.000,0.000,0.278,0.000,0.000,0.000,0.000
1118,376.547,276.960,260.158,253.746,130.636,109.788,0.586,18.867,0.000,0.000,0.277,0.000,0.000,0.000,0.000
1119,376.894,274.663,259.348,253.036,130.175,109.485,0.592,18.815,0.000,0.000,0.277,0.000,0.000,0.000,0.000
1120,377.241,281.923,258.557,252.326,129.735,109.181,0.599,18.764,0.000,0.000,0.276,0.000,0.000,0.000,0.000
1121,377.589,258.182,257.786,251.616,129.313,108.877,0.605,18.712,0.000,0.000,0.275,0.000,0.000,0.000,0.000
1122,377.936,240.960,257.032,250.906,128.910,108.573,0.611,18.660,0.000,0.000,0.274,0.000,0.000,0.000,0.000
1123,378.283,275.107,256.295,250.196,128.523,108.270,0.617,18.608,0.000,0.000,0.273,0.000,0.000,0.000,0.000
1124,378.630,260.810,255.973,249.886,128.350,108.139,0.623,18.586,0.000,0.000,0.273,0.000,0.000,0.000,0.000
1125,378.977,244.996,255.667,249.576,128.191,108.008,0.628,18.564,0.000,0.000,0.273,0.000,0.000,0.000,0.000
1126,379.325,237.774,255.376,249.266,128.047,107.877,0.634,18.542,0.000,0.000,0.272,0.000,0.000,0.000,0.000
1127,379.672,283.182,255.099,248.955,127.918,107.746,0.639,18.520,0.000,0.000,0.272,0.000,0.000,0.000,0.000
1128,380.019,260.404,254.835,248.645,127.801,107.615,0.645,18.499,0.000,0.000,0.272,0.000,0.000,0.000,0.000
1129,380.366,211.959,254.583,248.335,127.698,107.484,0.650,18.477,0.000,0.000,0.271,0.000,0.000,0.000,0.000
1130,380.713,256.368,254.345,248.024,127.608,107.353,0.655,18.455,0.000,0.000,0.271,0.000,0.000,0.000,0.000
1131,381.060,260.922,254.118,247.714,127.530,107.222,0.659,18.433,0.000,0.000,0.271,0.000,0.000,0.000,0.000
1132,381.408,280.663,253.903,247.404,127.463,107.091,0.664,18.411,0.000,0.000,0.270,0.000,0.000,0.000,0.000
1133,381.755,263.922,253.700,247.093,127.409,106.960,0.668,18.390,0.000,0.000,0.270,0.000,0.000,0.000,0.000
1134,382.102,222.960,253.508,246.783,127.365,106.830,0.672,18.368,0.000,0.000,0.270,0.000,0.000,0.000,0.000
1135,382.449,257.181,253.327,246.473,127.333,106.699,0.676,18.347,0.000,0.000,0.269,0.000,0.000,0.000,0.000
1136,382.796,232.478,253.156,246.163,127.311,106.568,0.679,18.325,0.000,0.000,0.269,0.000,0.000,0.000,0.000
1137,383.143,290.959,252.996,245.852,127.301,106.438,0.682,18.304,0.000,0.000,0.269,0.000,0.000,0.000,0.000
1138,383.490,247.032,252.847,245.542,127.301,106.307,0.685,18.282,0.000,0.000,0.269,0.000,0.000,0.000,0.000
1139,383.838,220.329,252.708,245.232,127.311,106.177,0.687,18.261,0.000,0.000,0.268,0.000,0.000,0.000,0.000
1140,384.185,287.847,252.579,244.921,127.333,106.047,0.689,18.240,0.000,0.000,0.268,0.000,0.000,0.000,0.000
1141,384.532,226.515,252.461,244.611,127.364,105.917,0.691,18.218,0.000,0.000,0.268,0.000,0.000,0.000,0.000
1142,384.879,245.736,252.353,244.301,127.407,105.786,0.692,18.197,0.000,0.000,0.267,0.000,0.000,0.000,0.000
1143,385.226,258.589,252.255,243.991,127.459,105.656,0.693,18.176,0.000,0.000,0.267,0.000,0.000,0.000,0.000
1144,385.573,293.364,252.168,243.680,127.523,105.527,0.694,18.155,0.000,0.000,0.267,0.000,0.000,0.000,0.000
1145,385.920,273.107,252.091,243.370,127.597,105.397,0.694,18.134,0.000,0.000,0.266,0.000,0.000,0.000,0.000
1146,386.268,258.735,252.025,243.060,127.681,105.267,0.694,18.113,0.000,0.000,0.266,0.000,0.000,0.000,0.000
1147,386.615,230.883,251.969,242.749,127.777,105.138,0.694,18.092,0.000,0.000,0.266,0.000,0.000,0.000,0.000
1148,386.962,277.032,251.924,242.439,127.883,105.008,0.693,18.071,0.000,0.000,0.265,0.000,0.000,0.000,0.000
1149,387.309,242.402,251.890,242.129,128.001,104.879,0.692,18.051,0.000,0.000,0.265,0.000,0.000,0.000,0.000
1150,387.656,221.809,251.867,241.818,128.130,104.750,0.690,18.030,0.000,0.000,0.265,0.000,0.000,0.000,0.000
1151,388.003,261.662,251.856,241.508,128.271,104.621,0.688,18.009,0.000,0.000,0.264,0.000,0.000,0.000,0.000
1152,388.350,265.217,251.856,241.198,128.423,104.492,0.685,17.989,0.000,0.000,0.264,0.000,0.000,0.000,0.000
1153,388.698,211.587,251.868,240.888,128.587,104.363,0.683,17.968,0.000,0.000,0.264,0.000,0.000,0.000,0.000
1154,389.045,229.438,251.891,240.577,128.763,104.235,0.679,17.948,0.000,0.000,0.263,0.000,0.000,0.000,0.000
1155,389.392,252.069,251.927,240.267,128.951,104.106,0.676,17.928,0.000,0.000,0.263,0.000,0.000,0.000,0.000
1156,389.739,247.773,251.976,239.957,129.152,103.978,0.672,17.908,0.000,0.000,0.263,0.000,0.000,0.000,0.000
1157,390.086,261.882,252.037,239.646,129.366,103.850,0.668,17.888,0.000,0.000,0.262,0.000,0.000,0.000,0.000
1158,390.433,253.994,252.112,239.336,129.594,103.722,0.663,17.868,0.000,0.000,0.262,0.000,0.000,0.000,0.000
1159,390.780,250.883,252.200,239.026,129.834,103.594,0.658,17.848,0.000,0.000,0.262,0.000,0.000,0.000,0.000
1160,391.128,252.697,252.301,238.716,130.089,103.467,0.653,17.828,0.000,0.000,0.261,0.000,0.000,0.000,0.000
1161,391.475,215.031,252.417,238.405,130.358,103.340,0.647,17.808,0.000,0.000,0.261,0.000,0.000,0.000,0.000
1162,391.822,231.734,252.548,238.095,130.642,103.213,0.642,17.788,0.000,0.000,0.261,0.000,0.000,0.000,0.000
1163,392.169,290.216,252.694,237.785,130.940,103.086,0.635,17.769,0.000,0.000,0.260,0.000,0.000,0.000,0.000
1164,392.516,246.364,252.855,237.474,131.254,102.959,0.629,17.750,0.000,0.000,0.260,0.000,0.000,0.000,0.000
1165,392.863,252.216,253.032,237.164,131.583,102.833,0.622,17.730,0.000,0.000,0.260,0.000,0.000,0.000,0.000
1166,393.210,262.179,253.225,236.854,131.929,102.706,0.616,17.711,0.000,0.000,0.259,0.000,0.000,0.000,0.000
1167,393.557,244.439,253.435,236.543,132.292,102.581,0.608,17.692,0.000,0.000,0.259,0.000,0.000,0.000,0.000
1168,393.904,243.697,253.662,236.233,132.671,102.455,0.601,17.673,0.000,0.000,0.259,0.000,0.000,0.000,0.000
1169,394.252,284.735,253.908,235.923,133.069,102.329,0.594,17.654,0.000,0.000,0.258,0.000,0.000,0.000,0.000
1170,394.599,236.144,254.171,235.613,133.484,102.204,0.586,17.636,0.000,0.000,0.258,0.000,0.000,0.000,0.000
1171,394.946,254.585,254.454,235.302,133.918,102.079,0.578,17.617,0.000,0.000,0.258,0.000,0.000,0.000,0.000
1172,395.293,234.772,254.756,234.992,134.371,101.955,0.570,17.599,0.000,0.000,0.257,0.000,0.000,0.000,0.000
1173,395.640,273.289,255.078,234.682,134.844,101.831,0.562,17.580,0.000,0.000,0.257,0.000,0.000,0.000,0.000
1174,395.987,237.068,255.420,234.371,135.338,101.707,0.554,17.562,0.000,0.000,0.257,0.000,0.000,0.000,0.000
1175,396.334,240.624,255.781,234.061,135.849,101.583,0.545,17.544,0.000,0.000,0.257,0.000,0.000,0.000,0.000
1176,396.681,250.734,256.152,233.751,136.370,101.460,0.537,17.527,0.000,0.000,0.256,0.000,0.000,0.000,0.000
1177,397.028,257.733,256.529,233.441,136.896,101.336,0.529,17.509,0.000,0.000,0.256,0.000,0.000,0.000,0.000
1178,397.376,238.104,256.911,233.130,137.427,101.214,0.520,17.491,0.000,0.000,0.256,0.000,0.000,0.000,0.000
1179,397.723,253.214,257.297,232.820,137.962,101.091,0.512,17.474,0.000,0.000,0.255,0.000,0.000,0.000,0.000
1180,398.070,240.660,257.687,232.510,138.499,100.969,0.503,17.457,0.000,0.000,0.255,0.000,0.000,0.000,0.000
1181,398.417,266.846,258.079,232.199,139.040,100.848,0.495,17.440,0.000,0.000,0.255,0.000,0.000,0.000,0.000
1182,398.764,266.029,258.474,231.889,139.581,100.726,0.486,17.423,0.000,0.000,0.254,0.000,0.000,0.000,0.000
1183,399.111,244.734,258.869,231.579,140.122,100.605,0.478,17.406,0.000,0.000,0.254,0.000,0.000,0.000,0.000
1184,399.458,216.031,259.264,231.268,140.663,100.484,0.469,17.390,0.000,0.000,0.254,0.000,0.000,0.000,0.000
1185,399.805,273.808,259.658,230.958,141.202,100.364,0.461,17.373,0.000,0.000,0.253,0.000,0.000,0.000,0.000
1186,400.152,258.844,260.049,230.648,141.739,100.244,0.453,17.357,0.000,0.000,0.253,0.000,0.000,0.000,0.000
1187,400.499,237.067,260.438,230.338,142.271,100.124,0.445,17.341,0.000,0.000,0.253,0.000,0.000,0.000,0.000
1188,400.846,245.770,260.822,230.027,142.799,100.005,0.437,17.326,0.000,0.000,0.253,0.000,0.000,0.000,0.000
1189,401.193,228.364,261.201,229.717,143.321,99.886,0.429,17.310,0.000,0.000,0.252,0.000,0.000,0.000,0.000
1190,401.541,218.735,261.574,229.407,143.836,99.767,0.422,17.295,0.000,0.000,0.252,0.000,0.000,0.000,0.000
1191,401.888,215.512,261.940,229.096,144.343,99.649,0.414,17.280,0.000,0.000,0.252,0.000,0.000,0.000,0.000
1192,402.235,255.068,262.297,228.786,144.840,99.530,0.407,17.265,0.000,0.000,0.251,0.000,0.000,0.000,0.000
1193,402.582,253.992,262.644,228.476,145.328,99.413,0.400,17.250,0.000,0.000,0.251,0.000,0.000,0.000,0.000
1194,402.929,241.659,262.981,228.166,145.804,99.295,0.393,17.236,0.000,0.000,0.251,0.000,0.000,0.000,0.000
1195,403.276,264.620,263.307,227.855,146.268,99.178,0.386,17.221,0.000,0.000,0.250,0.000,0.000,0.000,0.000
1196,403.623,231.363,263.620,227.545,146.719,99.061,0.380,17.207,0.000,0.000,0.250,0.000,0.000,0.000,0.000
1197,403.970,204.512,263.919,227.235,147.155,98.944,0.373,17.193,0.000,0.000,0.250,0.000,0.000,0.000,0.000
1198,404.317,240.400,264.203,226.924,147.575,98.828,0.367,17.180,0.000,0.000,0.250,0.000,0.000,0.000,0.000
1199,404.664,276.584,264.471,226.614,147.979,98.712,0.362,17.166,0.000,0.000,0.249,0.000,0.000,0.000,0.000
1200,405.011,250.659,264.723,226.304,148.365,98.596,0.356,17.153,0.000,0.000,0.249,0.000,0.000,0.000,0.000
1201,405.358,249.067,264.957,225.993,148.733,98.481,0.351,17.140,0.000,0.000,0.249,0.000,0.000,0.000,0.000
1202,405.705,211.512,265.172,225.683,149.082,98.365,0.346,17.128,0.000,0.000,0.248,0.000,0.000,0.000,0.000
1203,406.052,266.880,265.368,225.373,149.410,98.250,0.341,17.116,0.000,0.000,0.248,0.000,0.000,0.000,0.000
1204,406.399,221.881,265.544,225.063,149.717,98.136,0.337,17.103,0.000,0.000,0.248,0.000,0.000,0.000,0.000
1205,406.746,253.658,265.698,224.752,150.002,98.021,0.332,17.092,0.000,0.000,0.247,0.000,0.000,0.000,0.000
1206,407.093,226.325,265.829,224.442,150.264,97.907,0.328,17.080,0.000,0.000,0.247,0.000,0.000,0.000,0.000
1207,407.441,267.510,265.939,224.132,150.503,97.793,0.324,17.069,0.000,0.000,0.247,0.000,0.000,0.000,0.000
1208,407.788,223.067,266.024,223.821,150.717,97.679,0.321,17.058,0.000,0.000,0.247,0.000,0.000,0.000,0.000
1209,408.135,258.214,266.085,223.511,150.907,97.565,0.317,17.047,0.000,0.000,0.246,0.000,0.000,0.000,0.000
1210,408.482,199.511,266.122,223.201,151.071,97.451,0.314,17.037,0.000,0.000,0.246,0.000,0.000,0.000,0.000
1211,408.829,238.806,266.133,222.891,151.209,97.338,0.311,17.027,0.000,0.000,0.246,0.000,0.000,0.000,0.000
1212,409.176,230.547,266.118,222.580,151.320,97.225,0.308,17.017,0.000,0.000,0.245,0.000,0.000,0.000,0.000
1213,409.523,228.066,266.077,222.270,151.404,97.111,0.305,17.007,0.000,0.000,0.245,0.000,0.000,0.000,0.000
1214,409.870,200.954,266.008,221.960,151.461,96.998,0.303,16.998,0.000,0.000,0.245,0.000,0.000,0.000,0.000
1215,410.217,244.807,265.913,221.649,151.491,96.886,0.300,16.989,0.000,0.000,0.245,0.000,0.000,0.000,0.000
1216,410.564,259.548,265.791,221.339,151.492,96.773,0.298,16.981,0.000,0.000,0.244,0.000,0.000,0.000,0.000
1217,410.911,237.844,265.640,221.029,151.465,96.660,0.296,16.973,0.000,0.000,0.244,0.000,0.000,0.000,0.000
1218,411.258,205.916,265.462,220.718,151.409,96.548,0.294,16.965,0.000,0.000,0.244,0.000,0.000,0.000,0.000
1219,411.605,222.620,265.256,220.408,151.326,96.435,0.292,16.958,0.000,0.000,0.243,0.000,0.000,0.000,0.000
1220,411.952,240.066,265.023,220.098,151.213,96.323,0.290,16.950,0.000,0.000,0.243,0.000,0.000,0.000,0.000
1221,412.299,244.064,264.761,219.788,151.073,96.210,0.289,16.944,0.000,0.000,0.243,0.000,0.000,0.000,0.000
1222,412.646,259.251,264.472,219.477,150.904,96.098,0.287,16.937,0.000,0.000,0.243,0.000,0.000,0.000,0.000
1223,412.993,214.249,264.155,219.167,150.707,95.985,0.286,16.932,0.000,0.000,0.242,0.000,0.000,0.000,0.000
1224,413.340,240.325,263.810,218.857,150.482,95.873,0.284,16.926,0.000,0.000,0.242,0.000,0.000,0.000,0.000
1225,413.687,231.510,263.439,218.546,150.229,95.761,0.283,16.921,0.000,0.000,0.242,0.000,0.000,0.000,0.000
1226,414.034,243.659,263.041,218.236,149.950,95.649,0.282,16.916,0.000,0.000,0.241,0.000,0.000,0.000,0.000
1227,414.381,220.805,262.617,217.926,149.643,95.536,0.281,16.912,0.000,0.000,0.241,0.000,0.000,0.000,0.000
1228,414.728,207.400,262.167,217.616,149.311,95.424,0.280,16.908,0.000,0.000,0.241,0.000,0.000,0.000,0.000
1229,415.075,232.473,261.691,217.305,148.952,95.311,0.279,16.905,0.000,0.000,0.241,0.000,0.000,0.000,0.000
1230,415.422,212.251,261.191,216.995,148.569,95.199,0.278,16.902,0.000,0.000,0.240,0.000,0.000,0.000,0.000
1231,415.769,174.362,260.667,216.685,148.161,95.087,0.277,16.900,0.000,0.000,0.240,0.000,0.000,0.000,0.000
1232,416.116,218.472,260.120,216.374,147.729,94.974,0.276,16.898,0.000,0.000,0.240,0.000,0.000,0.000,0.000
1233,416.463,228.732,259.550,216.064,147.274,94.861,0.276,16.896,0.000,0.000,0.239,0.000,0.000,0.000,0.000
1234,416.810,239.620,258.959,215.754,146.797,94.749,0.275,16.896,0.000,0.000,0.239,0.000,0.000,0.000,0.000
1235,417.157,229.436,258.346,215.443,146.299,94.636,0.274,16.895,0.000,0.000,0.239,0.000,0.000,0.000,0.000
1236,417.504,217.396,257.714,215.133,145.781,94.523,0.273,16.896,0.000,0.000,0.239,0.000,0.000,0.000,0.000
1237,417.851,226.400,257.063,214.823,145.242,94.410,0.272,16.896,0.000,0.000,0.238,0.000,0.000,0.000,0.000
1238,418.198,222.434,256.393,214.513,144.686,94.297,0.271,16.898,0.000,0.000,0.238,0.000,0.000,0.000,0.000
1239,418.545,219.138,255.707,214.202,144.112,94.184,0.271,16.900,0.000,0.000,0.238,0.000,0.000,0.000,0.000
1240,418.892,223.399,255.005,213.892,143.521,94.071,0.270,16.903,0.000,0.000,0.237,0.000,0.000,0.000,0.000
1241,419.238,221.028,254.288,213.582,142.916,93.957,0.269,16.906,0.000,0.000,0.237,0.000,0.000,0.000,0.000
1242,419.585,223.435,253.557,213.271,142.296,93.844,0.268,16.910,0.000,0.000,0.237,0.000,0.000,0.000,0.000
1243,419.932,217.916,252.814,212.961,141.663,93.730,0.267,16.915,0.000,0.000,0.237,0.000,0.000,0.000,0.000
1244,420.279,226.212,252.059,212.651,141.018,93.616,0.265,16.920,0.000,0.000,0.236,0.000,0.000,0.000,0.000
1245,420.626,241.989,251.293,212.341,140.362,93.503,0.264,16.926,0.000,0.000,0.236,0.000,0.000,0.000,0.000
1246,420.973,236.174,250.519,212.030,139.696,93.389,0.263,16.933,0.000,0.000,0.236,0.000,0.000,0.000,0.000
1247,421.320,184.547,249.737,211.720,139.022,93.274,0.262,16.940,0.000,0.000,0.235,0.000,0.000,0.000,0.000
1248,421.667,229.029,248.948,211.410,138.341,93.160,0.260,16.949,0.000,0.000,0.235,0.000,0.000,0.000,0.000
1249,422.014,243.174,248.154,211.099,137.654,93.046,0.259,16.958,0.000,0.000,0.235,0.000,0.000,0.000,0.000
1250,422.361,224.101,247.356,210.789,136.962,92.931,0.257,16.968,0.000,0.000,0.234,0.000,0.000,0.000,0.000
1251,422.708,222.138,246.554,210.479,136.266,92.817,0.255,16.979,0.000,0.000,0.234,0.000,0.000,0.000,0.000
1252,423.055,212.656,245.751,210.168,135.568,92.702,0.253,16.991,0.000,0.000,0.234,0.000,0.000,0.000,0.000
1253,423.402,226.730,244.948,209.858,134.869,92.587,0.252,17.003,0.000,0.000,0.234,0.000,0.000,0.000,0.000
1254,423.749,242.175,244.145,209.548,134.170,92.472,0.250,17.017,0.000,0.000,0.233,0.000,0.000,0.000,0.000
1255,424.096,212.842,243.344,209.238,133.471,92.357,0.247,17.032,0.000,0.000,0.233,0.000,0.000,0.000,0.000
1256,424.443,229.767,242.546,208.927,132.775,92.242,0.245,17.047,0.000,0.000,0.233,0.000,0.000,0.000,0.000
1257,424.789,189.064,241.752,208.617,132.083,92.127,0.243,17.064,0.000,0.000,0.232,0.000,0.000,0.000,0.000
1258,425.136,215.323,240.964,208.307,131.395,92.012,0.241,17.082,0.000,0.000,0.232,0.000,0.000,0.000,0.000
1259,425.483,174.620,240.182,207.996,130.712,91.896,0.238,17.101,0.000,0.000,0.232,0.000,0.000,0.000,0.000
1260,425.830,220.248,239.408,207.686,130.036,91.781,0.236,17.121,0.000,0.000,0.231,0.000,0.000,0.000,0.000
1261,426.177,194.361,238.643,207.376,129.368,91.666,0.233,17.142,0.000,0.000,0.231,0.000,0.000,0.000,0.000
1262,426.524,232.730,237.887,207.066,128.709,91.550,0.230,17.165,0.000,0.000,0.231,0.000,0.000,0.000,0.000
1263,426.871,225.175,237.143,206.755,128.059,91.435,0.227,17.189,0.000,0.000,0.231,0.000,0.000,0.000,0.000
1264,427.218,203.620,236.410,206.445,127.420,91.319,0.224,17.214,0.000,0.000,0.230,0.000,0.000,0.000,0.000
1265,427.565,201.507,235.690,206.135,126.793,91.204,0.221,17.240,0.000,0.000,0.230,0.000,0.000,0.000,0.000
1266,427.912,241.876,234.985,205.824,126.178,91.088,0.218,17.268,0.000,0.000,0.230,0.000,0.000,0.000,0.000
1267,428.258,208.212,234.293,205.514,125.576,90.972,0.215,17.297,0.000,0.000,0.229,0.000,0.000,0.000,0.000
1268,428.605,210.917,233.618,205.204,124.989,90.857,0.212,17.328,0.000,0.000,0.229,0.000,0.000,0.000,0.000
1269,428.952,210.916,232.959,204.893,124.417,90.742,0.209,17.360,0.000,0.000,0.229,0.000,0.000,0.000,0.000
1270,429.299,198.139,232.317,204.583,123.860,90.626,0.205,17.394,0.000,0.000,0.228,0.000,0.000,0.000,0.000
1271,429.646,203.990,231.694,204.273,123.320,90.511,0.202,17.430,0.000,0.000,0.228,0.000,0.000,0.000,0.000
1272,429.993,219.952,231.090,203.963,122.798,90.396,0.198,17.467,0.000,0.000,0.228,0.000,0.000,0.000,0.000
1273,430.340,201.138,230.505,203.652,122.293,90.281,0.195,17.506,0.000,0.000,0.228,0.000,0.000,0.000,0.000
1274,430.686,202.286,229.941,203.342,121.806,90.166,0.191,17.547,0.000,0.000,0.227,0.000,0.000,0.000,0.000
1275,431.033,204.729,229.398,203.032,121.339,90.051,0.188,17.590,0.000,0.000,0.227,0.000,0.000,0.000,0.000
1276,431.380,194.100,228.876,202.721,120.892,89.936,0.184,17.635,0.000,0.000,0.227,0.000,0.000,0.000,0.000
1277,431.727,223.878,228.377,202.411,120.464,89.822,0.180,17.682,0.000,0.000,0.226,0.000,0.000,0.000,0.000
1278,432.074,199.360,227.901,202.101,120.058,89.707,0.177,17.731,0.000,0.000,0.226,0.000,0.000,0.000,0.000
1279,432.421,203.582,227.449,201.791,119.672,89.593,0.173,17.782,0.000,0.000,0.226,0.000,0.000,0.000,0.000
1280,432.768,211.581,227.021,201.480,119.309,89.480,0.169,17.835,0.000,0.000,0.225,0.000,0.000,0.000,0.000
1281,433.114,215.580,226.617,201.170,118.967,89.366,0.165,17.891,0.000,0.000,0.225,0.000,0.000,0.000,0.000
1282,433.461,234.212,226.238,200.860,118.648,89.253,0.162,17.949,0.000,0.000,0.225,0.000,0.000,0.000,0.000
1283,433.808,221.878,225.885,200.549,118.351,89.140,0.158,18.009,0.000,0.000,0.224,0.000,0.000,0.000,0.000
1284,434.155,191.582,225.558,200.239,118.078,89.027,0.154,18.072,0.000,0.000,0.224,0.000,0.000,0.000,0.000
1285,434.502,198.952,225.257,199.929,117.828,88.915,0.150,18.138,0.000,0.000,0.224,0.000,0.000,0.000,0.000
1286,434.849,220.620,224.984,199.618,117.602,88.803,0.146,18.206,0.000,0.000,0.224,0.000,0.000,0.000,0.000
1287,435.195,199.878,224.737,199.308,117.400,88.692,0.142,18.277,0.000,0.000,0.223,0.000,0.000,0.000,0.000
1288,435.542,232.360,224.518,198.998,117.222,88.581,0.139,18.351,0.000,0.000,0.223,0.000,0.000,0.000,0.000
1289,435.889,241.322,224.327,198.688,117.069,88.470,0.135,18.428,0.000,0.000,0.223,0.000,0.000,0.000,0.000
1290,436.236,223.174,224.165,198.377,116.941,88.360,0.131,18.508,0.000,0.000,0.222,0.000,0.000,0.000,0.000
1291,436.583,233.805,224.031,198.067,116.837,88.250,0.127,18.591,0.000,0.000,0.222,0.000,0.000,0.000,0.000
1292,436.929,206.025,223.926,197.757,116.759,88.141,0.124,18.678,0.000,0.000,0.222,0.000,0.000,0.000,0.000
1293,437.276,195.212,223.850,197.446,116.707,88.033,0.120,18.767,0.000,0.000,0.221,0.000,0.000,0.000,0.000
1294,437.623,224.359,223.817,197.136,116.680,87.940,0.116,18.858,0.000,0.000,0.221,0.000,0.000,0.000,0.000
1295,437.970,198.100,223.800,196.826,116.678,87.836,0.113,18.949,0.000,0.000,0.221,0.000,0.000,0.000,0.000
1296,438.317,255.210,223.807,196.516,116.703,87.730,0.109,19.042,0.000,0.000,0.221,0.000,0.000,0.000,0.000
1297,438.663,241.617,223.841,196.205,116.754,87.624,0.106,19.134,0.000,0.000,0.220,0.000,0.000,0.000,0.000
1298,439.010,176.210,223.903,195.895,116.831,87.519,0.102,19.228,0.000,0.000,0.220,0.000,0.000,0.000,0.000
1299,439.357,212.359,223.992,195.585,116.934,87.415,0.099,19.322,0.000,0.000,0.220,0.000,0.000,0.000,0.000
1300,439.704,224.507,224.109,195.274,117.064,87.311,0.095,19.416,0.000,0.000,0.219,0.000,0.000,0.000,0.000
1301,440.051,200.840,224.254,194.964,117.221,87.209,0.092,19.510,0.000,0.000,0.219,0.000,0.000,0.000,0.000
1302,440.397,180.916,224.427,194.654,117.406,87.107,0.089,19.604,0.000,0.000,0.219,0.000,0.000,0.000,0.000
1303,440.744,250.210,224.628,194.343,117.617,87.006,0.086,19.698,0.000,0.000,0.218,0.000,0.000,0.000,0.000
1304,441.091,200.173,224.856,194.033,117.856,86.905,0.082,19.792,0.000,0.000,0.218,0.000,0.000,0.000,0.000
1305,441.438,223.952,225.113,193.723,118.123,86.806,0.079,19.885,0.000,0.000,0.218,0.000,0.000,0.000,0.000
1306,441.784,212.136,225.399,193.413,118.417,86.708,0.076,19.977,0.000,0.000,0.218,0.000,0.000,0.000,0.000
1307,442.131,211.136,225.712,193.102,118.740,86.610,0.073,20.069,0.000,0.000,0.217,0.000,0.000,0.000,0.000
1308,442.478,235.247,226.054,192.792,119.091,86.514,0.071,20.159,0.000,0.000,0.217,0.000,0.000,0.000,0.000
1309,442.825,207.656,226.425,192.482,119.471,86.418,0.068,20.249,0.000,0.000,0.217,0.000,0.000,0.000,0.000
1310,443.171,203.322,226.824,192.171,119.880,86.324,0.065,20.337,0.000,0.000,0.216,0.000,0.000,0.000,0.000
1311,443.518,234.285,227.253,191.861,120.318,86.230,0.062,20.423,0.000,0.000,0.216,0.000,0.000,0.000,0.000
1312,443.865,228.395,227.710,191.551,120.786,86.138,0.060,20.508,0.000,0.000,0.216,0.000,0.000,0.000,0.000
1313,444.211,236.618,228.197,191.241,121.284,86.047,0.057,20.591,0.000,0.000,0.216,0.000,0.000,0.000,0.000
1314,444.558,223.137,228.714,190.930,121.813,85.957,0.055,20.672,0.000,0.000,0.215,0.000,0.000,0.000,0.000
1315,444.905,223.543,229.260,190.620,122.372,85.868,0.052,20.751,0.000,0.000,0.215,0.000,0.000,0.000,0.000
1316,445.252,243.173,229.837,190.310,122.963,85.780,0.050,20.827,0.000,0.000,0.215,0.000,0.000,0.000,0.000
1317,445.598,228.581,230.445,189.999,123.585,85.694,0.048,20.901,0.000,0.000,0.214,0.000,0.000,0.000,0.000
1318,445.945,266.025,231.083,189.689,124.240,85.609,0.046,20.972,0.000,0.000,0.214,0.000,0.000,0.000,0.000
1319,446.292,230.062,231.753,189.379,124.927,85.525,0.043,21.041,0.000,0.000,0.214,0.000,0.000,0.000,0.000
1320,446.638,227.506,232.456,189.068,125.649,85.443,0.041,21.106,0.000,0.000,0.214,0.000,0.000,0.000,0.000
1321,446.985,202.434,233.191,188.758,126.405,85.362,0.039,21.168,0.000,0.000,0.213,0.000,0.000,0.000,0.000
1322,447.332,199.469,233.960,188.448,127.197,85.283,0.038,21.227,0.000,0.000,0.213,0.000,0.000,0.000,0.000
1323,447.679,230.840,234.762,188.138,128.023,85.205,0.036,21.283,0.000,0.000,0.213,0.000,0.000,0.000,0.000
1324,448.025,211.432,235.598,187.827,128.886,85.128,0.034,21.335,0.000,0.000,0.213,0.000,0.000,0.000,0.000
1325,448.372,238.841,236.469,187.517,129.785,85.054,0.032,21.383,0.000,0.000,0.212,0.000,0.000,0.000,0.000
1326,448.719,234.952,237.375,187.207,130.721,84.981,0.031,21.428,0.000,0.000,0.212,0.000,0.000,0.000,0.000
1327,449.065,224.765,238.308,186.896,131.687,84.909,0.029,21.468,0.000,0.000,0.212,0.000,0.000,0.000,0.000
1328,449.412,230.876,239.255,186.586,132.670,84.839,0.027,21.505,0.000,0.000,0.212,0.000,0.000,0.000,0.000
1329,449.759,221.100,240.213,186.276,133.664,84.772,0.026,21.537,0.000,0.000,0.211,0.000,0.000,0.000,0.000
1330,450.105,227.878,241.178,185.966,134.669,84.706,0.025,21.565,0.000,0.000,0.211,0.000,0.000,0.000,0.000
1331,450.452,214.321,242.149,185.655,135.683,84.641,0.023,21.589,0.000,0.000,0.211,0.000,0.000,0.000,0.000
1332,450.799,230.729,243.126,185.345,136.704,84.579,0.022,21.608,0.000,0.000,0.211,0.000,0.000,0.000,0.000
1333,451.145,213.061,244.105,185.035,137.731,84.518,0.021,21.623,0.000,0.000,0.210,0.000,0.000,0.000,0.000
1334,451.492,247.023,245.087,184.724,138.762,84.460,0.020,21.633,0.000,0.000,0.210,0.000,0.000,0.000,0.000
1335,451.839,202.840,246.068,184.414,139.795,84.404,0.019,21.638,0.000,0.000,0.210,0.000,0.000,0.000,0.000
1336,452.185,244.543,247.048,184.104,140.830,84.349,0.017,21.639,0.000,0.000,0.210,0.000,0.000,0.000,0.000
1337,452.532,220.581,248.024,183.793,141.864,84.297,0.016,21.635,0.000,0.000,0.209,0.000,0.000,0.000,0.000
1338,452.878,201.025,248.996,183.483,142.896,84.247,0.015,21.626,0.000,0.000,0.209,0.000,0.000,0.000,0.000
1339,453.225,250.729,249.961,183.173,143.924,84.199,0.015,21.612,0.000,0.000,0.209,0.000,0.000,0.000,0.000
1340,453.572,224.765,250.918,182.863,144.946,84.153,0.014,21.594,0.000,0.000,0.209,0.000,0.000,0.000,0.000
1341,453.918,244.506,251.865,182.552,145.961,84.109,0.013,21.571,0.000,0.000,0.209,0.000,0.000,0.000,0.000
1342,454.265,253.357,252.801,182.242,146.967,84.068,0.012,21.542,0.000,0.000,0.208,0.000,0.000,0.000,0.000
1343,454.612,205.320,253.723,181.932,147.962,84.029,0.011,21.509,0.000,0.000,0.208,0.000,0.000,0.000,0.000
1344,454.958,204.173,254.631,181.621,148.945,83.993,0.011,21.472,0.000,0.000,0.208,0.000,0.000,0.000,0.000
1345,455.305,244.098,255.522,181.311,149.914,83.959,0.010,21.429,0.000,0.000,0.208,0.000,0.000,0.000,0.000
1346,455.651,231.987,256.395,181.001,150.866,83.927,0.009,21.382,0.000,0.000,0.207,0.000,0.000,0.000,0.000
1347,455.998,249.801,257.248,180.690,151.801,83.899,0.009,21.330,0.000,0.000,0.207,0.000,0.000,0.000,0.000
1348,456.345,247.763,258.079,180.380,152.716,83.872,0.008,21.273,0.000,0.000,0.207,0.000,0.000,0.000,0.000
1349,456.691,261.914,258.888,180.070,153.610,83.849,0.008,21.212,0.000,0.000,0.207,0.000,0.000,0.000,0.000
1350,457.038,256.616,259.672,179.760,154.482,83.828,0.007,21.146,0.000,0.000,0.207,0.000,0.000,0.000,0.000
1351,457.384,240.803,260.430,179.449,155.329,83.809,0.007,21.076,0.000,0.000,0.206,0.000,0.000,0.000,0.000
1352,457.731,223.506,261.160,179.139,156.150,83.794,0.006,21.001,0.000,0.000,0.206,0.000,0.000,0.000,0.000
1353,458.077,262.468,261.862,178.829,156.943,83.781,0.006,20.923,0.000,0.000,0.206,0.000,0.000,0.000,0.000
1354,458.424,251.764,262.532,178.518,157.707,83.772,0.005,20.840,0.000,0.000,0.206,0.000,0.000,0.000,0.000
1355,458.771,217.876,263.171,178.208,158.440,83.765,0.005,20.752,0.000,0.000,0.206,0.000,0.000,0.000,0.000
1356,459.117,275.949,263.777,177.898,159.141,83.762,0.005,20.662,0.000,0.000,0.206,0.000,0.000,0.000,0.000
1357,459.464,216.840,264.348,177.588,159.808,83.761,0.004,20.567,0.000,0.000,0.205,0.000,0.000,0.000,0.000
1358,459.810,264.394,264.884,177.277,160.440,83.764,0.004,20.468,0.000,0.000,0.205,0.000,0.000,0.000,0.000
1359,460.157,261.838,265.383,176.967,161.035,83.770,0.004,20.366,0.000,0.000,0.205,0.000,0.000,0.000,0.000
1360,460.503,251.987,265.844,176.657,161.593,83.779,0.004,20.261,0.000,0.000,0.205,0.000,0.000,0.000,0.000
1361,460.850,258.506,266.265,176.346,162.111,83.792,0.003,20.152,0.000,0.000,0.205,0.000,0.000,0.000,0.000
1362,461.196,273.729,266.647,176.036,162.589,83.808,0.003,20.040,0.000,0.000,0.205,0.000,0.000,0.000,0.000
1363,461.543,276.394,266.988,175.726,163.026,83.828,0.003,19.925,0.000,0.000,0.204,0.000,0.000,0.000,0.000
1364,461.889,256.395,267.288,175.415,163.420,83.851,0.003,19.808,0.000,0.000,0.204,0.000,0.000,0.000,0.000
1365,462.236,243.874,267.545,175.105,163.770,83.878,0.003,19.687,0.000,0.000,0.204,0.000,0.000,0.000,0.000
1366,462.582,228.543,267.759,174.795,164.077,83.909,0.002,19.564,0.000,0.000,0.204,0.000,0.000,0.000,0.000
1367,462.929,249.468,267.929,174.485,164.338,83.943,0.002,19.439,0.000,0.000,0.204,0.000,0.000,0.000,0.000
1368,463.275,247.098,268.055,174.174,164.553,83.982,0.002,19.312,0.000,0.000,0.204,0.000,0.000,0.000,0.000
1369,463.622,241.394,268.137,173.864,164.722,84.024,0.002,19.182,0.000,0.000,0.204,0.000,0.000,0.000,0.000
1370,463.968,216.542,268.173,173.554,164.844,84.071,0.002,19.051,0.000,0.000,0.203,0.000,0.000,0.000,0.000
1371,464.315,255.135,268.165,173.243,164.918,84.122,0.002,18.918,0.000,0.000,0.203,0.000,0.000,0.000,0.000
1372,464.661,243.506,268.111,172.933,164.944,84.177,0.002,18.783,0.000,0.000,0.203,0.000,0.000,0.000,0.000
1373,465.008,256.319,268.012,172.623,164.921,84.236,0.001,18.647,0.000,0.000,0.203,0.000,0.000,0.000,0.000
1374,465.354,272.246,267.867,172.313,164.850,84.301,0.001,18.510,0.000,0.000,0.203,0.000,0.000,0.000,0.000
1375,465.701,262.060,267.677,172.002,164.730,84.369,0.001,18.372,0.000,0.000,0.203,0.000,0.000,0.000,0.000
1376,466.047,240.802,267.443,171.692,164.561,84.443,0.001,18.233,0.000,0.000,0.203,0.000,0.000,0.000,0.000
1377,466.394,255.394,267.163,171.382,164.343,84.521,0.001,18.093,0.000,0.000,0.203,0.000,0.000,0.000,0.000
1378,466.740,275.802,266.839,171.071,164.076,84.604,0.001,17.953,0.000,0.000,0.202,0.000,0.000,0.000,0.000
1379,467.087,243.171,266.472,170.761,163.761,84.692,0.001,17.812,0.000,0.000,0.202,0.000,0.000,0.000,0.000
1380,467.433,206.321,266.061,170.451,163.398,84.786,0.001,17.671,0.000,0.000,0.202,0.000,0.000,0.000,0.000
1381,467.780,260.505,265.607,170.140,162.987,84.885,0.001,17.530,0.000,0.000,0.202,0.000,0.000,0.000,0.000
1382,468.126,242.802,265.112,169.830,162.528,84.989,0.001,17.389,0.000,0.000,0.202,0.000,0.000,0.000,0.000
1383,468.472,260.431,264.576,169.520,162.023,85.099,0.001,17.249,0.000,0.000,0.202,0.000,0.000,0.000,0.000
1384,468.819,242.394,264.000,169.210,161.471,85.215,0.001,17.108,0.000,0.000,0.202,0.000,0.000,0.000,0.000
1385,469.165,279.506,263.384,168.899,160.874,85.337,0.001,16.968,0.000,0.000,0.202,0.000,0.000,0.000,0.000
1386,469.512,287.911,262.731,168.589,160.232,85.464,0.001,16.829,0.000,0.000,0.202,0.000,0.000,0.000,0.000
1387,469.858,236.245,262.040,168.279,159.547,85.598,0.001,16.690,0.000,0.000,0.202,0.000,0.000,0.000,0.000
1388,470.205,251.949,261.314,167.968,158.818,85.739,0.001,16.553,0.000,0.000,0.202,0.000,0.000,0.000,0.000
1389,470.551,231.913,260.554,167.658,158.048,85.886,0.001,16.416,0.000,0.000,0.202,0.000,0.000,0.000,0.000
1390,470.897,240.282,259.761,167.348,157.237,86.040,0.000,16.280,0.000,0.000,0.202,0.000,0.000,0.000,0.000
1391,471.244,225.468,258.936,167.038,156.386,86.200,0.000,16.146,0.000,0.000,0.202,0.000,0.000,0.000,0.000
1392,471.590,275.135,258.082,166.727,155.497,86.368,0.000,16.013,0.000,0.000,0.202,0.000,0.000,0.000,0.000
1393,471.937,245.506,257.198,166.417,154.570,86.543,0.000,15.881,0.000,0.000,0.201,0.000,0.000,0.000,0.000
1394,472.283,213.060,256.289,166.107,153.608,86.726,0.000,15.750,0.000,0.000,0.201,0.000,0.000,0.000,0.000
1395,472.629,258.950,255.354,165.796,152.612,86.916,0.000,15.622,0.000,0.000,0.201,0.000,0.000,0.000,0.000
1396,472.976,207.727,254.395,165.486,151.582,87.114,0.000,15.495,0.000,0.000,0.201,0.000,0.000,0.000,0.000
1397,473.322,244.135,253.415,165.176,150.522,87.321,0.000,15.369,0.000,0.000,0.201,0.000,0.000,0.000,0.000
1398,473.668,243.691,252.416,164.865,149.431,87.536,0.000,15.246,0.000,0.000,0.201,0.000,0.000,0.000,0.000
1399,474.015,244.431,251.398,164.555,148.311,87.759,0.000,15.124,0.000,0.000,0.201,0.000,0.000,0.000,0.000
1400,474.361,277.096,250.364,164.245,147.165,87.991,0.000,15.004,0.000,0.000,0.201,0.000,0.000,0.000,0.000
1401,474.707,231.541,249.317,163.935,145.994,88.233,0.000,14.886,0.000,0.000,0.201,0.000,0.000,0.000,0.000
1402,475.054,243.913,248.257,163.624,144.799,88.484,0.000,14.770,0.000,0.000,0.201,0.000,0.000,0.000,0.000
1403,475.400,224.801,247.186,163.314,143.582,88.744,0.000,14.656,0.000,0.000,0.201,0.000,0.000,0.000,0.000
1404,475.747,220.541,246.108,163.004,142.345,89.014,0.000,14.544,0.000,0.000,0.202,0.000,0.000,0.000,0.000
1405,476.093,249.023,245.023,162.693,141.090,89.295,0.000,14.434,0.000,0.000,0.202,0.000,0.000,0.000,0.000
1406,476.439,280.133,243.934,162.383,139.817,89.586,0.000,14.327,0.000,0.000,0.202,0.000,0.000,0.000,0.000
1407,476.785,272.207,242.843,162.073,138.530,89.888,0.000,14.221,0.000,0.000,0.202,0.000,0.000,0.000,0.000
1408,477.132,273.208,241.752,161.763,137.229,90.201,0.000,14.118,0.000,0.000,0.202,0.000,0.000,0.000,0.000
1409,477.478,219.688,240.663,161.452,135.916,90.525,0.000,14.017,0.000,0.000,0.202,0.000,0.000,0.000,0.000
1410,477.824,229.135,239.577,161.142,134.594,90.861,0.000,13.918,0.000,0.000,0.202,0.000,0.000,0.000,0.000
1411,478.171,219.985,238.498,160.832,133.262,91.210,0.000,13.822,0.000,0.000,0.202,0.000,0.000,0.000,0.000
1412,478.517,277.394,237.426,160.521,131.925,91.570,0.000,13.727,0.000,0.000,0.202,0.000,0.000,0.000,0.000
1413,478.863,231.986,236.365,160.211,130.582,91.944,0.000,13.635,0.000,0.000,0.202,0.000,0.000,0.000,0.000
1414,479.210,261.505,235.315,159.901,129.235,92.331,0.000,13.545,0.000,0.000,0.202,0.000,0.000,0.000,0.000
1415,479.556,193.764,234.279,159.590,127.887,92.731,0.000,13.457,0.000,0.000,0.202,0.000,0.000,0.000,0.000
1416,479.902,236.356,233.259,159.280,126.539,93.145,0.000,13.371,0.000,0.000,0.203,0.000,0.000,0.000,0.000
1417,480.248,233.283,232.257,158.970,125.191,93.574,0.000,13.287,0.000,0.000,0.203,0.000,0.000,0.000,0.000
1418,480.595,203.319,231.275,158.660,123.847,94.017,0.000,13.205,0.000,0.000,0.203,0.000,0.000,0.000,0.000
1419,480.941,211.245,230.314,158.349,122.506,94.476,0.000,13.126,0.000,0.000,0.203,0.000,0.000,0.000,0.000
1420,481.287,213.576,229.376,158.039,121.172,94.950,0.000,13.049,0.000,0.000,0.203,0.000,0.000,0.000,0.000
1421,481.633,246.726,228.463,157.729,119.844,95.440,0.000,12.973,0.000,0.000,0.203,0.000,0.000,0.000,0.000
1422,481.980,258.208,227.578,157.418,118.525,95.947,0.000,12.900,0.000,0.000,0.204,0.000,0.000,0.000,0.000
1423,482.326,222.245,226.721,157.108,117.215,96.471,0.000,12.828,0.000,0.000,0.204,0.000,0.000,0.000,0.000
1424,482.672,246.911,225.894,156.798,115.916,97.013,0.000,12.759,0.000,0.000,0.204,0.000,0.000,0.000,0.000
1425,483.018,214.096,225.100,156.488,114.630,97.572,0.000,12.691,0.000,0.000,0.204,0.000,0.000,0.000,0.000
1426,483.365,234.985,224.339,156.177,113.356,98.150,0.000,12.626,0.000,0.000,0.205,0.000,0.000,0.000,0.000
1427,483.711,243.912,223.614,155.867,112.097,98.748,0.000,12.562,0.000,0.000,0.205,0.000,0.000,0.000,0.000
1428,484.057,248.060,222.925,155.557,110.853,99.365,0.000,12.500,0.000,0.000,0.205,0.000,0.000,0.000,0.000
1429,484.403,230.615,222.275,155.246,109.626,100.002,0.000,12.439,0.000,0.000,0.205,0.000,0.000,0.000,0.000
1430,484.749,242.244,221.665,154.936,108.416,100.660,0.000,12.381,0.000,0.000,0.206,0.000,0.000,0.000,0.000
1431,485.096,203.540,221.096,154.626,107.224,101.340,0.000,12.324,0.000,0.000,0.206,0.000,0.000,0.000,0.000
1432,485.442,209.874,220.569,154.315,106.051,102.041,0.000,12.268,0.000,0.000,0.206,0.000,0.000,0.000,0.000
1433,485.788,200.799,220.087,154.005,104.898,102.766,0.000,12.214,0.000,0.000,0.207,0.000,0.000,0.000,0.000
1434,486.134,242.392,219.651,153.695,103.766,103.513,0.000,12.162,0.000,0.000,0.207,0.000,0.000,0.000,0.000
1435,486.480,225.504,219.261,153.385,102.655,104.285,0.000,12.111,0.000,0.000,0.208,0.000,0.000,0.000,0.000
1436,486.827,229.578,218.919,153.074,101.565,105.082,0.000,12.062,0.000,0.000,0.208,0.000,0.000,0.000,0.000
1437,487.173,212.504,218.626,152.764,100.498,105.904,0.000,12.014,0.000,0.000,0.208,0.000,0.000,0.000,0.000
1438,487.519,232.355,218.384,152.454,99.454,106.752,0.000,11.967,0.000,0.000,0.209,0.000,0.000,0.000,0.000
1439,487.865,204.800,218.194,152.143,98.433,107.627,0.000,11.922,0.000,0.000,0.209,0.000,0.000,0.000,0.000
1440,488.211,244.505,218.056,151.833,97.436,108.530,0.000,11.878,0.000,0.000,0.210,0.000,0.000,0.000,0.000
1441,488.557,238.912,217.972,151.523,96.463,109.461,0.000,11.835,0.000,0.000,0.210,0.000,0.000,0.000,0.000
1442,488.904,219.467,217.944,151.213,95.515,110.422,0.000,11.793,0.000,0.000,0.211,0.000,0.000,0.000,0.000
1443,489.250,204.467,217.971,150.902,94.591,111.413,0.000,11.752,0.000,0.000,0.212,0.000,0.000,0.000,0.000
1444,489.596,228.615,218.056,150.592,93.693,112.436,0.000,11.713,0.000,0.000,0.212,0.000,0.000,0.000,0.000
1445,489.942,217.171,218.198,150.282,92.819,113.490,0.000,11.675,0.000,0.000,0.213,0.000,0.000,0.000,0.000
1446,490.288,229.319,218.400,149.971,91.971,114.577,0.000,11.637,0.000,0.000,0.213,0.000,0.000,0.000,0.000
1447,490.634,236.318,218.663,149.661,91.148,115.698,0.000,11.601,0.000,0.000,0.214,0.000,0.000,0.000,0.000
1448,490.980,263.431,218.986,149.351,90.350,116.853,0.000,11.566,0.000,0.000,0.215,0.000,0.000,0.000,0.000
1449,491.326,242.171,219.372,149.040,89.578,118.045,0.000,11.531,0.000,0.000,0.215,0.000,0.000,0.000,0.000
1450,491.672,244.985,219.821,148.730,88.832,119.273,0.000,11.498,0.000,0.000,0.216,0.000,0.000,0.000,0.000
1451,492.019,232.504,220.335,148.420,88.110,120.540,0.000,11.466,0.000,0.000,0.217,0.000,0.000,0.000,0.000
1452,492.365,236.688,220.914,148.110,87.412,121.847,0.000,11.434,0.000,0.000,0.218,0.000,0.000,0.000,0.000
1453,492.711,253.948,221.558,147.799,86.738,123.196,0.000,11.404,0.000,0.000,0.219,0.000,0.000,0.000,0.000
1454,493.057,253.169,222.270,147.489,86.087,124.588,0.000,11.374,0.000,0.000,0.219,0.000,0.000,0.000,0.000
1455,493.403,247.911,223.050,147.179,85.459,126.024,0.000,11.344,0.000,0.000,0.220,0.000,0.000,0.000,0.000
1456,493.749,261.133,223.893,146.868,84.853,127.501,0.000,11.316,0.000,0.000,0.221,0.000,0.000,0.000,0.000
1457,494.095,251.984,224.778,146.558,84.267,128.999,0.000,11.288,0.000,0.000,0.222,0.000,0.000,0.000,0.000
1458,494.441,216.873,225.697,146.248,83.703,130.509,0.000,11.260,0.000,0.000,0.223,0.000,0.000,0.000,0.000
1459,494.787,220.689,226.649,145.938,83.159,132.029,0.000,11.234,0.000,0.000,0.224,0.000,0.000,0.000,0.000
1460,495.133,264.874,227.630,145.627,82.636,133.559,0.000,11.207,0.000,0.000,0.225,0.000,0.000,0.000,0.000
1461,495.479,239.652,228.888,145.566,82.248,135.210,0.000,11.201,0.000,0.000,0.227,0.000,0.000,0.000,0.000
1462,495.825,276.614,230.172,145.504,81.880,136.867,0.000,11.194,0.000,0.000,0.228,0.000,0.000,0.000,0.000
1463,496.171,247.800,231.480,145.442,81.531,138.529,0.000,11.189,0.000,0.000,0.230,0.000,0.000,0.000,0.000
1464,496.517,252.578,232.810,145.380,81.200,140.193,0.000,11.183,0.000,0.000,0.231,0.000,0.000,0.000,0.000
1465,496.863,224.541,234.159,145.319,80.887,141.859,0.000,11.178,0.000,0.000,0.233,0.000,0.000,0.000,0.000
1466,497.209,262.133,235.525,145.257,80.591,143.523,0.000,11.174,0.000,0.000,0.234,0.000,0.000,0.000,0.000
1467,497.555,225.170,236.905,145.195,80.312,145.186,0.000,11.170,0.000,0.000,0.236,0.000,0.000,0.000,0.000
1468,497.901,240.429,238.298,145.134,80.049,146.844,0.000,11.166,0.000,0.000,0.238,0.000,0.000,0.000,0.000
1469,498.247,256.095,239.701,145.072,79.801,148.495,0.000,11.162,0.000,0.000,0.239,0.000,0.000,0.000,0.000
1470,498.593,253.911,241.111,145.010,79.569,150.139,0.000,11.159,0.000,0.000,0.241,0.000,0.000,0.000,0.000
1471,498.939,288.762,242.526,144.949,79.351,151.773,0.000,11.157,0.000,0.000,0.243,0.000,0.000,0.000,0.000
1472,499.285,248.356,243.943,144.887,79.147,153.395,0.000,11.154,0.000,0.000,0.245,0.000,0.000,0.000,0.000
1473,499.631,257.799,245.360,144.825,78.956,155.003,0.000,11.152,0.000,0.000,0.247,0.000,0.000,0.000,0.000
1474,499.977,243.059,246.774,144.764,78.778,156.595,0.000,11.150,0.000,0.000,0.249,0.000,0.000,0.000,0.000
1475,500.323,259.984,248.183,144.702,78.612,158.170,0.000,11.149,0.000,0.000,0.251,0.000,0.000,0.000,0.000
1476,500.669,265.651,249.584,144.640,78.457,159.725,0.000,11.147,0.000,0.000,0.253,0.000,0.000,0.000,0.000
1477,501.015,288.392,250.974,144.579,78.313,161.258,0.000,11.146,0.000,0.000,0.255,0.000,0.000,0.000,0.000
1478,501.361,238.059,252.352,144.517,78.180,162.767,0.000,11.145,0.000,0.000,0.257,0.000,0.000,0.000,0.000
1479,501.707,242.541,253.713,144.455,78.056,164.250,0.000,11.145,0.000,0.000,0.260,0.000,0.000,0.000,0.000
1480,502.053,241.058,255.057,144.394,77.942,165.706,0.000,11.144,0.000,0.000,0.262,0.000,0.000,0.000,0.000
1481,502.399,262.465,256.380,144.332,77.837,167.132,0.000,11.144,0.000,0.000,0.264,0.000,0.000,0.000,0.000
1482,502.745,286.614,257.680,144.270,77.740,168.527,0.000,11.144,0.000,0.000,0.267,0.000,0.000,0.000,0.000
1483,503.091,236.800,258.955,144.208,77.651,169.888,0.000,11.144,0.000,0.000,0.269,0.000,0.000,0.000,0.000
1484,503.436,259.873,260.203,144.147,77.570,171.214,0.000,11.145,0.000,0.000,0.272,0.000,0.000,0.000,0.000
1485,503.782,262.318,261.422,144.085,77.498,172.503,0.000,11.145,0.000,0.000,0.274,0.000,0.000,0.000,0.000
1486,504.128,266.355,262.610,144.023,77.432,173.752,0.000,11.146,0.000,0.000,0.277,0.000,0.000,0.000,0.000
1487,504.474,252.428,263.763,143.962,77.373,174.961,0.000,11.147,0.000,0.000,0.280,0.000,0.000,0.000,0.000
1488,504.820,281.874,264.880,143.900,77.319,176.128,0.000,11.148,0.000,0.000,0.283,0.000,0.000,0.000,0.000
1489,505.166,299.392,265.958,143.838,77.271,177.250,0.000,11.149,0.000,0.000,0.286,0.000,0.000,0.000,0.000
1490,505.512,239.207,266.995,143.777,77.227,178.326,0.000,11.151,0.000,0.000,0.289,0.000,0.000,0.000,0.000
1491,505.858,268.540,267.989,143.715,77.187,179.355,0.000,11.152,0.000,0.000,0.292,0.000,0.000,0.000,0.000
1492,506.203,255.095,268.938,143.653,77.151,180.336,0.000,11.154,0.000,0.000,0.295,0.000,0.000,0.000,0.000
1493,506.549,264.355,269.839,143.592,77.118,181.266,0.000,11.155,0.000,0.000,0.298,0.000,0.000,0.000,0.000
1494,506.895,244.911,270.692,143.530,77.087,182.144,0.000,11.157,0.000,0.000,0.302,0.000,0.000,0.000,0.000
1495,507.241,311.984,271.495,143.468,77.058,182.970,0.000,11.159,0.000,0.000,0.305,0.000,0.000,0.000,0.000
1496,507.587,238.726,272.245,143.407,77.032,183.741,0.000,11.161,0.000,0.000,0.309,0.000,0.000,0.000,0.000
1497,507.933,302.948,272.942,143.345,77.006,184.458,0.000,11.163,0.000,0.000,0.312,0.000,0.000,0.000,0.000
1498,508.279,297.428,273.583,143.283,76.982,185.118,0.000,11.166,0.000,0.000,0.316,0.000,0.000,0.000,0.000
1499,508.624,293.318,274.169,143.221,76.958,185.721,0.000,11.168,0.000,0.000,0.320,0.000,0.000,0.000,0.000
1500,508.970,275.762,274.697,143.160,76.935,186.266,0.000,11.170,0.000,0.000,0.324,0.000,0.000,0.000,0.000
1501,509.316,270.465,275.166,143.098,76.912,186.752,0.000,11.173,0.000,0.000,0.328,0.000,0.000,0.000,0.000
1502,509.662,292.354,275.576,143.036,76.889,187.178,0.000,11.175,0.000,0.000,0.332,0.000,0.000,0.000,0.000
1503,510.008,274.948,275.926,142.975,76.865,187.545,0.000,11.178,0.000,0.000,0.336,0.000,0.000,0.000,0.000
1504,510.353,266.726,276.215,142.913,76.841,187.851,0.000,11.180,0.000,0.000,0.340,0.000,0.000,0.000,0.000
1505,510.699,285.687,276.443,142.851,76.817,188.096,0.000,11.183,0.000,0.000,0.345,0.000,0.000,0.000,0.000
1506,511.045,255.244,276.608,142.790,76.791,188.279,0.000,11.186,0.000,0.000,0.349,0.000,0.000,0.000,0.000
1507,511.391,274.725,276.711,142.728,76.765,188.402,0.000,11.189,0.000,0.000,0.354,0.000,0.000,0.000,0.000
1508,511.736,236.947,276.752,142.666,76.737,188.463,0.000,11.192,0.000,0.000,0.359,0.000,0.000,0.000,0.000
1509,512.082,259.243,276.730,142.605,76.708,188.462,0.000,11.194,0.000,0.000,0.364,0.000,0.000,0.000,0.000
1510,512.428,285.947,276.645,142.543,76.677,188.400,0.000,11.197,0.000,0.000,0.369,0.000,0.000,0.000,0.000
1511,512.774,299.243,276.498,142.481,76.645,188.277,0.000,11.200,0.000,0.000,0.374,0.000,0.000,0.000,0.000
1512,513.119,264.132,276.289,142.420,76.612,188.093,0.000,11.203,0.000,0.000,0.379,0.000,0.000,0.000,0.000
1513,513.465,288.726,276.019,142.358,76.577,187.849,0.000,11.206,0.000,0.000,0.385,0.000,0.000,0.000,0.000
1514,513.811,290.687,275.686,142.296,76.540,187.545,0.000,11.209,0.000,0.000,0.390,0.000,0.000,0.000,0.000
1515,514.157,323.208,275.293,142.234,76.501,187.182,0.000,11.212,0.000,0.000,0.396,0.000,0.000,0.000,0.000
1516,514.502,287.612,274.839,142.173,76.460,186.760,0.000,11.215,0.000,0.000,0.402,0.000,0.000,0.000,0.000
1517,514.848,280.539,274.326,142.111,76.418,186.280,0.000,11.218,0.000,0.000,0.408,0.000,0.000,0.000,0.000
1518,515.194,259.540,273.755,142.049,76.373,185.744,0.000,11.221,0.000,0.000,0.414,0.000,0.000,0.000,0.000
1519,515.539,248.428,273.126,141.988,76.327,185.152,0.000,11.224,0.000,0.000,0.421,0.000,0.000,0.000,0.000
1520,515.885,273.428,272.441,141.926,76.279,184.506,0.000,11.227,0.000,0.000,0.427,0.000,0.000,0.000,0.000
1521,516.231,280.946,271.700,141.864,76.229,183.806,0.000,11.229,0.000,0.000,0.434,0.000,0.000,0.000,0.000
1522,516.576,268.799,270.906,141.803,76.178,183.054,0.000,11.232,0.000,0.000,0.441,0.000,0.000,0.000,0.000
1523,516.922,259.280,270.060,141.741,76.124,182.251,0.000,11.235,0.000,0.000,0.448,0.000,0.000,0.000,0.000
1524,517.268,271.539,269.163,141.679,76.069,181.398,0.000,11.238,0.000,0.000,0.455,0.000,0.000,0.000,0.000
1525,517.613,250.947,268.216,141.618,76.013,180.498,0.000,11.240,0.000,0.000,0.463,0.000,0.000,0.000,0.000
1526,517.959,230.280,267.221,141.556,75.954,179.552,0.000,11.243,0.000,0.000,0.470,0.000,0.000,0.000,0.000
1527,518.305,258.873,266.181,141.494,75.895,178.560,0.000,11.246,0.000,0.000,0.478,0.000,0.000,0.000,0.000
1528,518.650,284.835,265.096,141.433,75.833,177.526,0.000,11.248,0.000,0.000,0.486,0.000,0.000,0.000,0.000
1529,518.996,251.539,263.969,141.371,75.771,176.451,0.000,11.251,0.000,0.000,0.494,0.000,0.000,0.000,0.000
1530,519.342,250.204,262.801,141.309,75.707,175.336,0.000,11.253,0.000,0.000,0.503,0.000,0.000,0.000,0.000
1531,519.687,256.355,261.595,141.248,75.642,174.184,0.000,11.256,0.000,0.000,0.511,0.000,0.000,0.000,0.000
1532,520.033,213.280,260.353,141.186,75.576,172.997,0.000,11.258,0.000,0.000,0.520,0.000,0.000,0.000,0.000
1533,520.378,266.020,259.076,141.124,75.508,171.775,0.000,11.260,0.000,0.000,0.529,0.000,0.000,0.000,0.000
1534,520.724,278.984,257.767,141.062,75.440,170.523,0.000,11.263,0.000,0.000,0.539,0.000,0.000,0.000,0.000
1535,521.070,243.651,256.427,141.001,75.371,169.241,0.000,11.265,0.000,0.000,0.548,0.000,0.000,0.000,0.000
1536,521.415,236.798,255.060,140.939,75.302,167.931,0.000,11.267,0.000,0.000,0.558,0.000,0.000,0.000,0.000
1537,521.761,257.946,253.667,140.877,75.232,166.596,0.000,11.269,0.000,0.000,0.568,0.000,0.000,0.000,0.000
1538,522.106,233.946,252.251,140.816,75.161,165.238,0.000,11.271,0.000,0.000,0.579,0.000,0.000,0.000,0.000
1539,522.452,235.279,250.813,140.754,75.090,163.859,0.000,11.273,0.000,0.000,0.589,0.000,0.000,0.000,0.000
1540,522.797,217.798,249.356,140.692,75.019,162.460,0.000,11.275,0.000,0.000,0.600,0.000,0.000,0.000,0.000
1541,523.143,250.168,247.883,140.631,74.948,161.046,0.000,11.276,0.000,0.000,0.612,0.000,0.000,0.000,0.000
1542,523.489,224.021,246.396,140.569,74.877,159.616,0.000,11.278,0.000,0.000,0.623,0.000,0.000,0.000,0.000
1543,523.834,230.982,244.896,140.507,74.805,158.174,0.000,11.279,0.000,0.000,0.635,0.000,0.000,0.000,0.000
1544,524.180,227.724,243.387,140.446,74.735,156.722,0.000,11.281,0.000,0.000,0.647,0.000,0.000,0.000,0.000
1545,524.525,222.797,241.870,140.384,74.664,155.262,0.000,11.282,0.000,0.000,0.659,0.000,0.000,0.000,0.000
1546,524.871,205.168,240.348,140.322,74.594,153.796,0.000,11.283,0.000,0.000,0.672,0.000,0.000,0.000,0.000
1547,525.216,254.353,238.824,140.261,74.525,152.327,0.000,11.285,0.000,0.000,0.685,0.000,0.000,0.000,0.000
1548,525.562,238.686,237.298,140.199,74.456,150.855,0.000,11.286,0.000,0.000,0.699,0.000,0.000,0.000,0.000
1549,525.907,211.390,235.774,140.137,74.389,149.384,0.000,11.287,0.000,0.000,0.713,0.000,0.000,0.000,0.000
1550,526.253,232.983,234.254,140.075,74.322,147.915,0.000,11.288,0.000,0.000,0.727,0.000,0.000,0.000,0.000
1551,526.598,248.686,232.740,140.014,74.256,146.451,0.000,11.288,0.000,0.000,0.741,0.000,0.000,0.000,0.000
1552,526.944,207.538,231.234,139.952,74.192,144.994,0.000,11.289,0.000,0.000,0.756,0.000,0.000,0.000,0.000
1553,527.289,234.909,229.737,139.890,74.129,143.545,0.000,11.290,0.000,0.000,0.771,0.000,0.000,0.000,0.000
1554,527.635,230.019,228.254,139.829,74.068,142.106,0.000,11.290,0.000,0.000,0.787,0.000,0.000,0.000,0.000
1555,527.980,239.947,226.784,139.767,74.008,140.680,0.000,11.291,0.000,0.000,0.803,0.000,0.000,0.000,0.000
1556,528.325,212.205,225.331,139.705,73.950,139.268,0.000,11.291,0.000,0.000,0.820,0.000,0.000,0.000,0.000
1557,528.671,196.020,223.895,139.644,73.893,137.872,0.000,11.292,0.000,0.000,0.837,0.000,0.000,0.000,0.000
1558,529.016,214.946,222.480,139.582,73.839,136.493,0.000,11.292,0.000,0.000,0.854,0.000,0.000,0.000,0.000
1559,529.362,230.093,221.087,139.520,73.786,135.134,0.000,11.292,0.000,0.000,0.872,0.000,0.000,0.000,0.000
1560,529.707,200.094,219.717,139.459,73.736,133.796,0.000,11.292,0.000,0.000,0.890,0.000,0.000,0.000,0.000
1561,530.053,233.502,218.372,139.397,73.688,132.481,0.000,11.292,0.000,0.000,0.909,0.000,0.000,0.000,0.000
1562,530.398,213.426,217.055,139.335,73.642,131.190,0.000,11.292,0.000,0.000,0.929,0.000,0.000,0.000,0.000
1563,530.743,229.724,215.766,139.274,73.599,129.924,0.000,11.292,0.000,0.000,0.948,0.000,0.000,0.000,0.000
1564,531.089,193.057,214.507,139.212,73.558,128.686,0.000,11.292,0.000,0.000,0.969,0.000,0.000,0.000,0.000
1565,531.434,212.686,213.280,139.150,73.520,127.477,0.000,11.291,0.000,0.000,0.990,0.000,0.000,0.000,0.000
1566,531.780,210.945,212.086,139.088,73.485,126.297,0.000,11.291,0.000,0.000,1.011,0.000,0.000,0.000,0.000
1567,532.125,208.982,210.927,139.027,73.453,125.149,0.000,11.290,0.000,0.000,1.033,0.000,0.000,0.000,0.000
1568,532.470,172.686,209.803,138.965,73.423,124.032,0.000,11.290,0.000,0.000,1.056,0.000,0.000,0.000,0.000
1569,532.816,244.908,208.717,138.903,73.397,122.950,0.000,11.289,0.000,0.000,1.079,0.000,0.000,0.000,0.000
1570,533.161,191.316,207.668,138.842,73.373,121.902,0.000,11.289,0.000,0.000,1.102,0.000,0.000,0.000,0.000
1571,533.506,218.352,206.658,138.780,73.353,120.890,0.000,11.288,0.000,0.000,1.126,0.000,0.000,0.000,0.000
1572,533.852,185.242,205.689,138.718,73.336,119.914,0.000,11.287,0.000,0.000,1.149,0.000,0.000,0.000,0.000
1573,534.197,225.649,204.760,138.657,73.322,118.977,0.000,11.286,0.000,0.000,1.173,0.000,0.000,0.000,0.000
1574,534.542,177.797,203.874,138.595,73.312,118.077,0.000,11.285,0.000,0.000,1.197,0.000,0.000,0.000,0.000
1575,534.888,207.611,203.030,138.533,73.305,117.217,0.000,11.284,0.000,0.000,1.221,0.000,0.000,0.000,0.000
1576,535.233,200.167,202.230,138.472,73.302,116.398,0.000,11.283,0.000,0.000,1.245,0.000,0.000,0.000,0.000
1577,535.578,223.538,201.475,138.410,73.303,115.619,0.000,11.282,0.000,0.000,1.269,0.000,0.000,0.000,0.000
1578,535.924,201.537,200.765,138.348,73.307,114.882,0.000,11.281,0.000,0.000,1.293,0.000,0.000,0.000,0.000
1579,536.269,216.131,200.101,138.287,73.315,114.187,0.000,11.280,0.000,0.000,1.317,0.000,0.000,0.000,0.000
1580,536.614,185.315,199.483,138.225,73.327,113.535,0.000,11.279,0.000,0.000,1.341,0.000,0.000,0.000,0.000
1581,536.960,209.167,198.913,138.163,73.342,112.926,0.000,11.278,0.000,0.000,1.365,0.000,0.000,0.000,0.000
1582,537.305,213.389,198.390,138.102,73.362,112.361,0.000,11.277,0.000,0.000,1.389,0.000,0.000,0.000,0.000
1583,537.650,229.353,197.916,138.040,73.386,111.840,0.000,11.275,0.000,0.000,1.412,0.000,0.000,0.000,0.000
1584,537.995,181.538,197.491,137.978,73.414,111.365,0.000,11.274,0.000,0.000,1.436,0.000,0.000,0.000,0.000
1585,538.341,226.242,197.114,137.916,73.446,110.934,0.000,11.273,0.000,0.000,1.459,0.000,0.000,0.000,0.000
1586,538.686,200.686,196.788,137.855,73.483,110.549,0.000,11.271,0.000,0.000,1.482,0.000,0.000,0.000,0.000
1587,539.031,218.167,196.511,137.793,73.524,110.210,0.000,11.270,0.000,0.000,1.505,0.000,0.000,0.000,0.000
1588,539.376,212.315,196.285,137.731,73.569,109.917,0.000,11.269,0.000,0.000,1.528,0.000,0.000,0.000,0.000
1589,539.722,208.463,196.109,137.670,73.619,109.670,0.000,11.267,0.000,0.000,1.550,0.000,0.000,0.000,0.000
1590,540.067,195.093,195.984,137.608,73.673,109.471,0.000,11.266,0.000,0.000,1.573,0.000,0.000,0.000,0.000
1591,540.412,184.612,195.911,137.546,73.732,109.318,0.000,11.264,0.000,0.000,1.594,0.000,0.000,0.000,0.000
1592,540.757,189.686,195.888,137.485,73.796,109.212,0.000,11.263,0.000,0.000,1.616,0.000,0.000,0.000,0.000
1593,541.102,213.649,195.918,137.423,73.864,109.153,0.000,11.262,0.000,0.000,1.637,0.000,0.000,0.000,0.000
1594,541.448,192.389,195.999,137.361,73.937,109.142,0.000,11.260,0.000,0.000,1.658,0.000,0.000,0.000,0.000
1595,541.793,229.093,196.133,137.300,74.015,109.179,0.000,11.259,0.000,0.000,1.678,0.000,0.000,0.000,0.000
1596,542.138,213.353,196.319,137.238,74.098,109.263,0.000,11.258,0.000,0.000,1.698,0.000,0.000,0.000,0.000
1597,542.483,199.391,196.557,137.176,74.186,109.395,0.000,11.256,0.000,0.000,1.717,0.000,0.000,0.000,0.000
1598,542.828,176.167,196.848,137.115,74.279,109.575,0.000,11.255,0.000,0.000,1.736,0.000,0.000,0.000,0.000
1599,543.173,259.797,197.191,137.053,74.378,109.804,0.000,11.254,0.000,0.000,1.754,0.000,0.000,0.000,0.000
1600,543.519,207.167,197.588,136.991,74.481,110.080,0.000,11.252,0.000,0.000,1.772,0.000,0.000,0.000,0.000
1601,543.864,196.648,198.038,136.929,74.590,110.405,0.000,11.251,0.000,0.000,1.789,0.000,0.000,0.000,0.000
1602,544.209,209.501,198.541,136.868,74.704,110.779,0.000,11.250,0.000,0.000,1.806,0.000,0.000,0.000,0.000
1603,544.554,181.167,199.097,136.806,74.824,111.201,0.000,11.249,0.000,0.000,1.822,0.000,0.000,0.000,0.000
1604,544.899,202.057,199.706,136.744,74.948,111.672,0.000,11.247,0.000,0.000,1.837,0.000,0.000,0.000,0.000
1605,545.244,261.464,200.365,136.683,75.074,112.191,0.000,11.246,0.000,0.000,1.852,0.000,0.000,0.000,0.000
1606,545.589,201.426,201.075,136.621,75.203,112.760,0.000,11.245,0.000,0.000,1.866,0.000,0.000,0.000,0.000
1607,545.934,189.870,201.836,136.559,75.334,113.377,0.000,11.244,0.000,0.000,1.879,0.000,0.000,0.000,0.000
1608,546.280,197.057,202.648,136.498,75.466,114.045,0.000,11.243,0.000,0.000,1.891,0.000,0.000,0.000,0.000
1609,546.625,220.093,203.510,136.436,75.601,114.761,0.000,11.242,0.000,0.000,1.903,0.000,0.000,0.000,0.000
1610,546.970,222.426,204.423,136.374,75.738,115.527,0.000,11.241,0.000,0.000,1.914,0.000,0.000,0.000,0.000
1611,547.315,243.206,205.386,136.313,75.876,116.343,0.000,11.241,0.000,0.000,1.924,0.000,0.000,0.000,0.000
1612,547.660,212.575,206.401,136.251,76.016,117.210,0.000,11.240,0.000,0.000,1.933,0.000,0.000,0.000,0.000
1613,548.005,225.500,207.466,136.189,76.157,118.126,0.000,11.239,0.000,0.000,1.942,0.000,0.000,0.000,0.000
1614,548.350,235.204,208.583,136.128,76.299,119.094,0.000,11.239,0.000,0.000,1.949,0.000,0.000,0.000,0.000
1615,548.695,209.278,209.750,136.066,76.442,120.112,0.000,11.238,0.000,0.000,1.956,0.000,0.000,0.000,0.000
1616,549.040,225.315,210.969,136.004,76.585,121.182,0.000,11.238,0.000,0.000,1.962,0.000,0.000,0.000,0.000
1617,549.385,207.278,212.239,135.942,76.730,122.303,0.000,11.237,0.000,0.000,1.967,0.000,0.000,0.000,0.000
1618,549.730,234.908,213.561,135.881,76.875,123.476,0.000,11.237,0.000,0.000,1.972,0.000,0.000,0.000,0.000
1619,550.075,218.574,214.935,135.819,77.020,124.701,0.000,11.237,0.000,0.000,1.975,0.000,0.000,0.000,0.000
1620,550.420,257.056,216.361,135.757,77.165,125.980,0.000,11.237,0.000,0.000,1.977,0.000,0.000,0.000,0.000
1621,550.765,256.056,217.839,135.696,77.310,127.311,0.000,11.237,0.000,0.000,1.979,0.000,0.000,0.000,0.000
1622,551.110,219.872,219.371,135.634,77.455,128.698,0.000,11.237,0.000,0.000,1.980,0.000,0.000,0.000,0.000
1623,551.455,258.315,220.958,135.572,77.599,130.140,0.000,11.237,0.000,0.000,1.980,0.000,0.000,0.000,0.000
1624,551.800,253.612,222.600,135.511,77.743,131.639,0.000,11.237,0.000,0.000,1.978,0.000,0.000,0.000,0.000
1625,552.145,266.205,224.298,135.449,77.886,133.195,0.000,11.238,0.000,0.000,1.976,0.000,0.000,0.000,0.000
1626,552.490,257.946,226.050,135.387,78.028,134.809,0.000,11.238,0.000,0.000,1.974,0.000,0.000,0.000,0.000
1627,552.835,300.796,227.859,135.326,78.168,136.480,0.000,11.239,0.000,0.000,1.970,0.000,0.000,0.000,0.000
1628,553.180,261.574,229.724,135.264,78.307,138.209,0.000,11.240,0.000,0.000,1.965,0.000,0.000,0.000,0.000
1629,553.525,266.242,231.645,135.202,78.445,139.998,0.000,11.241,0.000,0.000,1.959,0.000,0.000,0.000,0.000
1630,553.870,249.020,233.623,135.141,78.581,141.846,0.000,11.242,0.000,0.000,1.953,0.000,0.000,0.000,0.000
1631,554.215,309.316,235.659,135.079,78.714,143.754,0.000,11.243,0.000,0.000,1.946,0.000,0.000,0.000,0.000
1632,554.559,297.204,237.753,135.017,78.846,145.724,0.000,11.244,0.000,0.000,1.938,0.000,0.000,0.000,0.000
1633,554.904,271.537,239.906,134.956,78.975,147.755,0.000,11.245,0.000,0.000,1.928,0.000,0.000,0.000,0.000
1634,555.249,326.612,242.118,134.894,79.102,149.849,0.000,11.247,0.000,0.000,1.919,0.000,0.000,0.000,0.000
1635,555.594,269.539,244.392,134.832,79.226,152.007,0.000,11.249,0.000,0.000,1.908,0.000,0.000,0.000,0.000
1636,555.939,288.279,246.726,134.770,79.348,154.229,0.000,11.250,0.000,0.000,1.896,0.000,0.000,0.000,0.000
1637,556.284,279.946,249.123,134.709,79.466,156.518,0.000,11.252,0.000,0.000,1.884,0.000,0.000,0.000,0.000
1638,556.629,314.834,251.583,134.647,79.582,158.874,0.000,11.255,0.000,0.000,1.871,0.000,0.000,0.000,0.000
1639,556.974,284.205,254.108,134.585,79.694,161.298,0.000,11.257,0.000,0.000,1.857,0.000,0.000,0.000,0.000
1640,557.319,298.575,256.698,134.524,79.803,163.791,0.000,11.259,0.000,0.000,1.842,0.000,0.000,0.000,0.000
1641,557.663,289.205,259.356,134.462,79.909,166.355,0.000,11.262,0.000,0.000,1.827,0.000,0.000,0.000,0.000
1642,558.008,290.131,262.081,134.400,80.011,168.992,0.000,11.265,0.000,0.000,1.811,0.000,0.000,0.000,0.000
1643,558.353,306.428,264.876,134.339,80.109,171.702,0.000,11.268,0.000,0.000,1.794,0.000,0.000,0.000,0.000
1644,558.698,328.686,267.742,134.277,80.204,174.488,0.000,11.271,0.000,0.000,1.777,0.000,0.000,0.000,0.000
1645,559.043,315.465,270.680,134.215,80.294,177.349,0.000,11.275,0.000,0.000,1.759,0.000,0.000,0.000,0.000
1646,559.387,319.020,273.695,134.154,80.381,180.290,0.000,11.281,0.000,0.000,1.740,0.000,0.000,0.000,0.000
1647,559.732,319.723,276.785,134.092,80.464,183.312,0.000,11.285,0.000,0.000,1.721,0.000,0.000,0.000,0.000
1648,560.077,363.983,279.950,134.030,80.543,186.414,0.000,11.289,0.000,0.000,1.701,0.000,0.000,0.000,0.000
1649,560.422,331.243,283.195,133.969,80.618,189.601,0.000,11.294,0.000,0.000,1.681,0.000,0.000,0.000,0.000
1650,560.767,374.649,286.521,133.907,80.688,192.872,0.000,11.298,0.000,0.000,1.660,0.000,0.000,0.000,0.000
1651,561.111,351.057,289.929,133.845,80.755,196.231,0.000,11.303,0.000,0.000,1.638,0.000,0.000,0.000,0.000
1652,561.456,329.649,293.423,133.783,80.817,199.680,0.000,11.308,0.000,0.000,1.616,0.000,0.000,0.000,0.000
1653,561.801,331.575,297.003,133.722,80.874,203.220,0.000,11.313,0.000,0.000,1.594,0.000,0.000,0.000,0.000
1654,562.146,359.316,300.673,133.660,80.928,206.853,0.000,11.319,0.000,0.000,1.571,0.000,0.000,0.000,0.000
1655,562.490,353.982,304.434,133.598,80.977,210.582,0.000,11.325,0.000,0.000,1.548,0.000,0.000,0.000,0.000
1656,562.835,384.428,308.288,133.537,81.022,214.409,0.000,11.331,0.000,0.000,1.525,0.000,0.000,0.000,0.000
1657,563.180,349.242,312.239,133.475,81.062,218.337,0.000,11.337,0.000,0.000,1.501,0.000,0.000,0.000,0.000
1658,563.525,371.799,316.287,133.413,81.098,222.367,0.000,11.343,0.000,0.000,1.477,0.000,0.000,0.000,0.000
1659,563.869,358.613,320.437,133.352,81.131,226.502,0.000,11.350,0.000,0.000,1.452,0.000,0.000,0.000,0.000
1660,564.214,360.759,324.690,133.290,81.158,230.745,0.000,11.357,0.000,0.000,1.427,0.000,0.000,0.000,0.000
1661,564.559,416.020,329.049,133.228,81.182,235.098,0.000,11.365,0.000,0.000,1.402,0.000,0.000,0.000,0.000
1662,564.903,393.613,333.517,133.167,81.202,239.563,0.000,11.373,0.000,0.000,1.377,0.000,0.000,0.000,0.000
1663,565.248,396.501,338.097,133.105,81.218,244.145,0.000,11.381,0.000,0.000,1.352,0.000,0.000,0.000,0.000
1664,565.593,367.762,342.792,133.043,81.230,248.845,0.000,11.389,0.000,0.000,1.326,0.000,0.000,0.000,0.000
1665,565.937,450.020,347.596,132.982,81.238,253.658,0.000,11.398,0.000,0.000,1.301,0.000,0.000,0.000,0.000
1666,566.282,415.687,352.456,132.920,81.242,258.530,0.000,11.407,0.000,0.000,1.275,0.000,0.000,0.000,0.000
1667,566.627,382.391,357.346,132.858,81.243,263.436,0.000,11.416,0.000,0.000,1.249,0.000,0.000,0.000,0.000
1668,566.971,419.724,362.261,132.797,81.240,268.370,0.000,11.426,0.000,0.000,1.223,0.000,0.000,0.000,0.000
1669,567.316,444.649,367.198,132.735,81.234,273.329,0.000,11.436,0.000,0.000,1.197,0.000,0.000,0.000,0.000
1670,567.661,436.650,372.152,132.673,81.224,278.308,0.000,11.447,0.000,0.000,1.172,0.000,0.000,0.000,0.000
1671,568.005,407.465,377.121,132.611,81.211,283.304,0.000,11.458,0.000,0.000,1.146,0.000,0.000,0.000,0.000
1672,568.350,472.835,382.098,132.550,81.195,288.312,0.000,11.469,0.000,0.000,1.120,0.000,0.000,0.000,0.000
1673,568.694,425.280,387.082,132.488,81.177,293.328,0.000,11.480,0.000,0.000,1.094,0.000,0.000,0.000,0.000
1674,569.039,415.058,392.066,132.426,81.155,298.348,0.000,11.492,0.000,0.000,1.069,0.000,0.000,0.000,0.000
1675,569.384,413.279,397.048,132.365,81.130,303.368,0.000,11.505,0.000,0.000,1.043,0.000,0.000,0.000,0.000
1676,569.728,473.909,402.022,132.303,81.103,308.381,0.000,11.518,0.000,0.000,1.018,0.000,0.000,0.000,0.000
1677,570.073,440.799,406.984,132.241,81.074,313.385,0.000,11.531,0.000,0.000,0.992,0.000,0.000,0.000,0.000
1678,570.417,428.873,411.930,132.180,81.042,318.374,0.000,11.544,0.000,0.000,0.967,0.000,0.000,0.000,0.000
1679,570.762,426.982,416.854,132.118,81.008,323.343,0.000,11.558,0.000,0.000,0.942,0.000,0.000,0.000,0.000
1680,571.106,452.244,421.752,132.056,80.972,328.288,0.000,11.573,0.000,0.000,0.918,0.000,0.000,0.000,0.000
1681,571.451,442.317,426.620,131.995,80.934,333.203,0.000,11.587,0.000,0.000,0.893,0.000,0.000,0.000,0.000
1682,571.795,455.502,431.452,131.933,80.895,338.083,0.000,11.602,0.000,0.000,0.869,0.000,0.000,0.000,0.000
1683,572.140,469.020,436.243,131.871,80.853,342.925,0.000,11.618,0.000,0.000,0.845,0.000,0.000,0.000,0.000
1684,572.484,461.539,440.990,131.810,80.811,347.721,0.000,11.634,0.000,0.000,0.822,0.000,0.000,0.000,0.000
1685,572.829,485.947,445.686,131.748,80.767,352.468,0.000,11.650,0.000,0.000,0.798,0.000,0.000,0.000,0.000
1686,573.173,480.392,450.326,131.686,80.723,357.160,0.000,11.667,0.000,0.000,0.775,0.000,0.000,0.000,0.000
1687,573.518,451.354,454.907,131.624,80.677,361.792,0.000,11.684,0.000,0.000,0.752,0.000,0.000,0.000,0.000
1688,573.862,463.207,459.423,131.563,80.631,366.358,0.000,11.701,0.000,0.000,0.730,0.000,0.000,0.000,0.000
1689,574.207,486.577,463.868,131.501,80.584,370.855,0.000,11.719,0.000,0.000,0.708,0.000,0.000,0.000,0.000
1690,574.551,498.353,468.238,131.439,80.536,375.276,0.000,11.738,0.000,0.000,0.686,0.000,0.000,0.000,0.000
1691,574.896,497.169,472.529,131.378,80.489,379.617,0.000,11.756,0.000,0.000,0.665,0.000,0.000,0.000,0.000
1692,575.240,496.354,476.734,131.316,80.441,383.872,0.000,11.775,0.000,0.000,0.644,0.000,0.000,0.000,0.000
1693,575.585,502.057,480.850,131.254,80.394,388.036,0.000,11.795,0.000,0.000,0.623,0.000,0.000,0.000,0.000
1694,575.929,493.986,484.872,131.193,80.347,392.105,0.000,11.815,0.000,0.000,0.603,0.000,0.000,0.000,0.000
1695,576.273,541.280,488.794,131.131,80.300,396.074,0.000,11.835,0.000,0.000,0.583,0.000,0.000,0.000,0.000
1696,576.618,528.540,492.612,131.069,80.254,399.937,0.000,11.856,0.000,0.000,0.563,0.000,0.000,0.000,0.000
1697,576.962,549.391,496.322,131.008,80.209,403.690,0.000,11.877,0.000,0.000,0.544,0.000,0.000,0.000,0.000
1698,577.307,526.280,499.919,130.946,80.165,407.329,0.000,11.898,0.000,0.000,0.526,0.000,0.000,0.000,0.000
1699,577.651,574.391,503.399,130.884,80.122,410.848,0.000,11.920,0.000,0.000,0.507,0.000,0.000,0.000,0.000
1700,577.995,514.356,506.756,130.823,80.079,414.244,0.000,11.942,0.000,0.000,0.489,0.000,0.000,0.000,0.000
1701,578.340,529.281,509.988,130.761,80.039,417.511,0.000,11.964,0.000,0.000,0.472,0.000,0.000,0.000,0.000
1702,578.684,511.761,513.090,130.699,80.000,420.646,0.000,11.987,0.000,0.000,0.455,0.000,0.000,0.000,0.000
1703,579.029,567.280,516.058,130.637,79.962,423.646,0.000,12.010,0.000,0.000,0.438,0.000,0.000,0.000,0.000
1704,579.373,567.948,518.889,130.576,79.926,426.504,0.000,12.034,0.000,0.000,0.422,0.000,0.000,0.000,0.000
1705,579.717,552.836,521.578,130.514,79.892,429.219,0.000,12.058,0.000,0.000,0.406,0.000,0.000,0.000,0.000
1706,580.062,547.837,524.121,130.452,79.860,431.786,0.000,12.082,0.000,0.000,0.391,0.000,0.000,0.000,0.000
1707,580.406,538.688,526.517,130.391,79.831,434.202,0.000,12.106,0.000,0.000,0.376,0.000,0.000,0.000,0.000
1708,580.750,527.428,528.761,130.329,79.803,436.464,0.000,12.131,0.000,0.000,0.361,0.000,0.000,0.000,0.000
1709,581.094,517.725,530.851,130.267,79.778,438.568,0.000,12.156,0.000,0.000,0.347,0.000,0.000,0.000,0.000
1710,581.439,510.799,532.784,130.206,79.755,440.512,0.000,12.182,0.000,0.000,0.333,0.000,0.000,0.000,0.000
1711,581.783,583.985,534.556,130.144,79.735,442.292,0.000,12.207,0.000,0.000,0.320,0.000,0.000,0.000,0.000
1712,582.127,560.540,536.167,130.082,79.717,443.907,0.000,12.233,0.000,0.000,0.307,0.000,0.000,0.000,0.000
1713,582.472,537.873,537.612,130.021,79.702,445.354,0.000,12.260,0.000,0.000,0.294,0.000,0.000,0.000,0.000
1714,582.816,541.354,538.891,129.959,79.690,446.631,0.000,12.286,0.000,0.000,0.282,0.000,0.000,0.000,0.000
1715,583.160,531.761,540.002,129.897,79.680,447.736,0.000,12.313,0.000,0.000,0.270,0.000,0.000,0.000,0.000
1716,583.504,534.873,540.942,129.836,79.674,448.667,0.000,12.340,0.000,0.000,0.259,0.000,0.000,0.000,0.000
1717,583.849,580.502,541.710,129.774,79.670,449.423,0.000,12.367,0.000,0.000,0.247,0.000,0.000,0.000,0.000
1718,584.193,439.614,542.306,129.712,79.669,450.004,0.000,12.395,0.000,0.000,0.237,0.000,0.000,0.000,0.000
1719,584.537,532.465,542.729,129.651,79.671,450.406,0.000,12.422,0.000,0.000,0.226,0.000,0.000,0.000,0.000
1720,584.881,528.985,542.976,129.589,79.677,450.631,0.000,12.450,0.000,0.000,0.216,0.000,0.000,0.000,0.000
1721,585.226,586.911,543.049,129.527,79.685,450.677,0.000,12.478,0.000,0.000,0.207,0.000,0.000,0.000,0.000
1722,585.570,526.689,542.946,129.465,79.696,450.544,0.000,12.506,0.000,0.000,0.197,0.000,0.000,0.000,0.000
1723,585.914,570.429,542.667,129.404,79.710,450.232,0.000,12.535,0.000,0.000,0.188,0.000,0.000,0.000,0.000
1724,586.258,532.874,542.214,129.342,79.727,449.741,0.000,12.563,0.000,0.000,0.180,0.000,0.000,0.000,0.000
1725,586.602,503.354,541.585,129.280,79.748,449.072,0.000,12.592,0.000,0.000,0.171,0.000,0.000,0.000,0.000
1726,586.946,530.392,540.782,129.219,79.771,448.225,0.000,12.621,0.000,0.000,0.163,0.000,0.000,0.000,0.000
1727,587.291,576.021,539.806,129.157,79.797,447.201,0.000,12.649,0.000,0.000,0.155,0.000,0.000,0.000,0.000
1728,587.635,504.058,538.657,129.095,79.827,446.002,0.000,12.678,0.000,0.000,0.148,0.000,0.000,0.000,0.000
1729,587.979,565.169,537.338,129.034,79.859,444.628,0.000,12.707,0.000,0.000,0.141,0.000,0.000,0.000,0.000
1730,588.323,488.687,535.848,128.972,79.894,443.081,0.000,12.736,0.000,0.000,0.134,0.000,0.000,0.000,0.000
1731,588.667,516.614,534.190,128.910,79.932,441.363,0.000,12.766,0.000,0.000,0.127,0.000,0.000,0.000,0.000
1732,589.011,511.984,532.367,128.849,79.973,439.476,0.000,12.795,0.000,0.000,0.121,0.000,0.000,0.000,0.000
1733,589.355,506.874,530.380,128.787,80.017,437.422,0.000,12.824,0.000,0.000,0.115,0.000,0.000,0.000,0.000
1734,589.699,505.503,528.231,128.725,80.063,435.203,0.000,12.853,0.000,0.000,0.109,0.000,0.000,0.000,0.000
1735,590.044,559.354,525.923,128.664,80.112,432.823,0.000,12.882,0.000,0.000,0.104,0.000,0.000,0.000,0.000
1736,590.388,498.875,523.458,128.602,80.163,430.283,0.000,12.911,0.000,0.000,0.098,0.000,0.000,0.000,0.000
1737,590.732,475.318,520.841,128.540,80.217,427.587,0.000,12.940,0.000,0.000,0.093,0.000,0.000,0.000,0.000
1738,591.076,498.726,518.073,128.478,80.273,424.739,0.000,12.969,0.000,0.000,0.088,0.000,0.000,0.000,0.000
1739,591.420,488.392,515.158,128.417,80.332,421.741,0.000,12.998,0.000,0.000,0.084,0.000,0.000,0.000,0.000
1740,591.764,496.319,512.099,128.355,80.393,418.597,0.000,13.027,0.000,0.000,0.079,0.000,0.000,0.000,0.000
1741,592.108,476.428,508.901,128.293,80.456,415.311,0.000,13.056,0.000,0.000,0.075,0.000,0.000,0.000,0.000
1742,592.452,494.947,505.566,128.232,80.521,411.887,0.000,13.084,0.000,0.000,0.071,0.000,0.000,0.000,0.000
1743,592.796,490.687,502.099,128.170,80.588,408.329,0.000,13.113,0.000,0.000,0.067,0.000,0.000,0.000,0.000
1744,593.140,515.502,498.504,128.108,80.657,404.640,0.000,13.141,0.000,0.000,0.063,0.000,0.000,0.000,0.000
1745,593.484,458.763,494.785,128.047,80.728,400.826,0.000,13.169,0.000,0.000,0.060,0.000,0.000,0.000,0.000
1746,593.828,465.465,490.946,127.985,80.800,396.890,0.000,13.197,0.000,0.000,0.057,0.000,0.000,0.000,0.000
1747,594.172,437.133,486.992,127.923,80.874,392.837,0.000,13.225,0.000,0.000,0.054,0.000,0.000,0.000,0.000
1748,594.516,450.911,482.927,127.862,80.949,388.672,0.000,13.253,0.000,0.000,0.051,0.000,0.000,0.000,0.000
1749,594.860,468.466,478.756,127.800,81.026,384.400,0.000,13.280,0.000,0.000,0.048,0.000,0.000,0.000,0.000
1750,595.204,444.503,474.483,127.738,81.103,380.025,0.000,13.307,0.000,0.000,0.045,0.000,0.000,0.000,0.000
1751,595.548,437.651,470.114,127.677,81.182,375.553,0.000,13.334,0.000,0.000,0.043,0.000,0.000,0.000,0.000
1752,595.892,464.503,465.654,127.615,81.262,370.988,0.000,13.360,0.000,0.000,0.040,0.000,0.000,0.000,0.000
1753,596.236,441.280,461.106,127.553,81.343,366.335,0.000,13.387,0.000,0.000,0.038,0.000,0.000,0.000,0.000
1754,596.580,448.652,456.476,127.491,81.425,361.599,0.000,13.413,0.000,0.000,0.036,0.000,0.000,0.000,0.000
1755,596.924,423.245,451.769,127.430,81.507,356.787,0.000,13.438,0.000,0.000,0.034,0.000,0.000,0.000,0.000
1756,597.267,441.169,446.990,127.368,81.590,351.901,0.000,13.464,0.000,0.000,0.032,0.000,0.000,0.000,0.000
1757,597.611,419.800,442.144,127.306,81.673,346.949,0.000,13.489,0.000,0.000,0.030,0.000,0.000,0.000,0.000
1758,597.955,438.354,437.237,127.245,81.757,341.935,0.000,13.514,0.000,0.000,0.029,0.000,0.000,0.000,0.000
1759,598.299,434.576,432.272,127.183,81.840,336.864,0.000,13.538,0.000,0.000,0.027,0.000,0.000,0.000,0.000
1760,598.643,434.021,427.257,127.121,81.924,331.742,0.000,13.562,0.000,0.000,0.026,0.000,0.000,0.000,0.000
1761,598.987,400.169,422.194,127.060,82.008,326.574,0.000,13.586,0.000,0.000,0.024,0.000,0.000,0.000,0.000
1762,599.331,411.280,417.090,126.998,82.092,321.364,0.000,13.609,0.000,0.000,0.023,0.000,0.000,0.000,0.000
1763,599.675,403.687,411.950,126.936,82.176,316.118,0.000,13.632,0.000,0.000,0.022,0.000,0.000,0.000,0.000
1764,600.018,387.760,406.778,126.875,82.259,310.842,0.000,13.654,0.000,0.000,0.020,0.000,0.000,0.000,0.000
1765,600.362,382.465,401.579,126.813,82.342,305.539,0.000,13.676,0.000,0.000,0.019,0.000,0.000,0.000,0.000
1766,600.706,432.873,396.359,126.751,82.424,300.216,0.000,13.698,0.000,0.000,0.018,0.000,0.000,0.000,0.000
1767,601.050,436.206,391.122,126.690,82.506,294.876,0.000,13.719,0.000,0.000,0.017,0.000,0.000,0.000,0.000
1768,601.394,374.316,385.873,126.628,82.588,289.526,0.000,13.740,0.000,0.000,0.016,0.000,0.000,0.000,0.000
1769,601.737,382.501,380.616,126.566,82.668,284.169,0.000,13.761,0.000,0.000,0.015,0.000,0.000,0.000,0.000
1770,602.081,366.503,375.356,126.505,82.748,278.810,0.000,13.781,0.000,0.000,0.015,0.000,0.000,0.000,0.000
1771,602.425,398.650,370.099,126.443,82.827,273.455,0.000,13.800,0.000,0.000,0.014,0.000,0.000,0.000,0.000
1772,602.769,390.392,364.847,126.381,82.905,268.107,0.000,13.819,0.000,0.000,0.013,0.000,0.000,0.000,0.000
1773,603.113,373.834,359.605,126.319,82.982,262.770,0.000,13.838,0.000,0.000,0.012,0.000,0.000,0.000,0.000
1774,603.456,359.835,354.378,126.258,83.058,257.450,0.000,13.856,0.000,0.000,0.012,0.000,0.000,0.000,0.000
1775,603.800,337.131,349.170,126.196,83.133,252.150,0.000,13.874,0.000,0.000,0.011,0.000,0.000,0.000,0.000
1776,604.144,321.724,343.985,126.134,83.206,246.874,0.000,13.891,0.000,0.000,0.010,0.000,0.000,0.000,0.000
1777,604.488,368.428,338.826,126.073,83.279,241.626,0.000,13.908,0.000,0.000,0.010,0.000,0.000,0.000,0.000
1778,604.831,355.058,333.697,126.011,83.350,236.411,0.000,13.925,0.000,0.000,0.009,0.000,0.000,0.000,0.000
1779,605.175,295.726,328.602,125.949,83.420,231.231,0.000,13.941,0.000,0.000,0.009,0.000,0.000,0.000,0.000
1780,605.519,332.835,323.545,125.888,83.488,226.090,0.000,13.956,0.000,0.000,0.008,0.000,0.000,0.000,0.000
1781,605.862,326.836,318.529,125.826,83.555,220.992,0.000,13.971,0.000,0.000,0.008,0.000,0.000,0.000,0.000
1782,606.206,309.613,313.556,125.764,83.620,215.940,0.000,13.986,0.000,0.000,0.007,0.000,0.000,0.000,0.000
1783,606.550,327.649,308.632,125.703,83.685,210.937,0.000,14.000,0.000,0.000,0.007,0.000,0.000,0.000,0.000
1784,606.893,326.242,303.757,125.641,83.748,205.986,0.000,14.014,0.000,0.000,0.007,0.000,0.000,0.000,0.000
1785,607.237,300.539,298.935,125.579,83.809,201.090,0.000,14.027,0.000,0.000,0.006,0.000,0.000,0.000,0.000
1786,607.581,309.946,294.169,125.518,83.869,196.252,0.000,14.040,0.000,0.000,0.006,0.000,0.000,0.000,0.000
1787,607.924,275.093,289.461,125.456,83.927,191.474,0.000,14.052,0.000,0.000,0.006,0.000,0.000,0.000,0.000
1788,608.268,322.909,284.814,125.394,83.984,186.758,0.000,14.064,0.000,0.000,0.005,0.000,0.000,0.000,0.000
1789,608.612,313.650,280.229,125.332,84.040,182.106,0.000,14.076,0.000,0.000,0.005,0.000,0.000,0.000,0.000
1790,608.955,333.464,275.709,125.271,84.093,177.521,0.000,14.087,0.000,0.000,0.005,0.000,0.000,0.000,0.000
1791,609.299,302.724,271.256,125.209,84.145,173.006,0.000,14.098,0.000,0.000,0.004,0.000,0.000,0.000,0.000
1792,609.642,319.353,266.871,125.147,84.196,168.561,0.000,14.108,0.000,0.000,0.004,0.000,0.000,0.000,0.000
1793,609.986,308.981,262.557,125.086,84.245,164.188,0.000,14.118,0.000,0.000,0.004,0.000,0.000,0.000,0.000
1794,610.329,271.167,258.315,125.024,84.292,159.889,0.000,14.128,0.000,0.000,0.004,0.000,0.000,0.000,0.000
1795,610.673,255.205,254.145,124.962,84.337,155.665,0.000,14.137,0.000,0.000,0.004,0.000,0.000,0.000,0.000
1796,611.017,268.945,250.050,124.901,84.381,151.518,0.000,14.145,0.000,0.000,0.003,0.000,0.000,0.000,0.000
1797,611.360,293.092,246.031,124.839,84.423,147.448,0.000,14.154,0.000,0.000,0.003,0.000,0.000,0.000,0.000
1798,611.704,271.315,242.088,124.777,84.464,143.457,0.000,14.161,0.000,0.000,0.003,0.000,0.000,0.000,0.000
1799,612.047,268.722,238.223,124.716,84.503,139.545,0.000,14.169,0.000,0.000,0.003,0.000,0.000,0.000,0.000
1800,612.391,243.612,234.435,124.654,84.541,135.713,0.000,14.176,0.000,0.000,0.003,0.000,0.000,0.000,0.000
1801,612.734,247.648,230.727,124.592,84.577,131.962,0.000,14.183,0.000,0.000,0.003,0.000,0.000,0.000,0.000
1802,613.078,282.537,227.098,124.531,84.611,128.292,0.000,14.189,0.000,0.000,0.002,0.000,0.000,0.000,0.000
1803,613.421,199.056,223.549,124.469,84.644,124.704,0.000,14.196,0.000,0.000,0.002,0.000,0.000,0.000,0.000
1804,613.765,259.203,220.079,124.407,84.676,121.197,0.000,14.201,0.000,0.000,0.002,0.000,0.000,0.000,0.000
1805,614.108,247.352,216.690,124.345,84.706,117.772,0.000,14.207,0.000,0.000,0.002,0.000,0.000,0.000,0.000
1806,614.452,281.795,213.380,124.284,84.734,114.430,0.000,14.212,0.000,0.000,0.002,0.000,0.000,0.000,0.000
1807,614.795,228.833,210.151,124.222,84.762,111.168,0.000,14.217,0.000,0.000,0.002,0.000,0.000,0.000,0.000
1808,615.139,256.944,207.002,124.160,84.788,107.989,0.000,14.221,0.000,0.000,0.002,0.000,0.000,0.000,0.000
1809,615.482,245.167,203.934,124.099,84.814,104.891,0.000,14.226,0.000,0.000,0.002,0.000,0.000,0.000,0.000
1810,615.825,205.723,200.945,124.037,84.837,101.873,0.000,14.230,0.000,0.000,0.002,0.000,0.000,0.000,0.000
1811,616.169,203.722,198.034,123.975,84.860,98.936,0.000,14.234,0.000,0.000,0.001,0.000,0.000,0.000,0.000
1812,616.512,228.721,195.201,123.914,84.881,96.079,0.000,14.237,0.000,0.000,0.001,0.000,0.000,0.000,0.000
1813,616.856,234.832,192.446,123.852,84.901,93.301,0.000,14.240,0.000,0.000,0.001,0.000,0.000,0.000,0.000
1814,617.199,229.091,189.769,123.790,84.920,90.602,0.000,14.243,0.000,0.000,0.001,0.000,0.000,0.000,0.000
1815,617.542,210.721,187.168,123.729,84.937,87.981,0.000,14.246,0.000,0.000,0.001,0.000,0.000,0.000,0.000
1816,617.886,218.239,184.643,123.667,84.954,85.436,0.000,14.249,0.000,0.000,0.001,0.000,0.000,0.000,0.000
1817,618.229,197.240,182.192,123.605,84.970,82.967,0.000,14.251,0.000,0.000,0.001,0.000,0.000,0.000,0.000
1818,618.573,208.203,179.816,123.544,84.985,80.574,0.000,14.253,0.000,0.000,0.001,0.000,0.000,0.000,0.000
1819,618.916,209.646,177.512,123.482,85.000,78.254,0.000,14.255,0.000,0.000,0.001,0.000,0.000,0.000,0.000
1820,619.259,191.979,175.280,123.420,85.013,76.007,0.000,14.257,0.000,0.000,0.001,0.000,0.000,0.000,0.000
1821,619.603,205.016,173.119,123.359,85.026,73.832,0.000,14.258,0.000,0.000,0.001,0.000,0.000,0.000,0.000
1822,619.946,197.053,171.028,123.297,85.038,71.727,0.000,14.260,0.000,0.000,0.001,0.000,0.000,0.000,0.000
1823,620.289,163.425,169.005,123.235,85.049,69.692,0.000,14.261,0.000,0.000,0.001,0.000,0.000,0.000,0.000
1824,620.632,183.091,167.050,123.173,85.060,67.725,0.000,14.262,0.000,0.000,0.001,0.000,0.000,0.000,0.000
1825,620.976,211.053,165.160,123.112,85.070,65.825,0.000,14.263,0.000,0.000,0.001,0.000,0.000,0.000,0.000
1826,621.319,215.202,163.336,123.050,85.079,63.990,0.000,14.264,0.000,0.000,0.001,0.000,0.000,0.000,0.000
1827,621.662,198.424,161.575,122.988,85.089,62.219,0.000,14.264,0.000,0.000,0.001,0.000,0.000,0.000,0.000
1828,622.006,193.127,159.876,122.927,85.097,60.511,0.000,14.265,0.000,0.000,0.001,0.000,0.000,0.000,0.000
1829,622.349,175.237,158.239,122.865,85.106,58.865,0.000,14.265,0.000,0.000,0.001,0.000,0.000,0.000,0.000
1830,622.692,196.719,156.661,122.803,85.114,57.278,0.000,14.266,0.000,0.000,0.000,0.000,0.000,0.000,0.000
1831,623.035,194.868,155.141,122.742,85.122,55.750,0.000,14.266,0.000,0.000,0.000,0.000,0.000,0.000,0.000
1832,623.379,175.535,153.678,122.680,85.129,54.279,0.000,14.266,0.000,0.000,0.000,0.000,0.000,0.000,0.000
1833,623.722,170.608,152.270,122.618,85.137,52.864,0.000,14.266,0.000,0.000,0.000,0.000,0.000,0.000,0.000
1834,624.065,198.349,150.917,122.557,85.144,51.504,0.000,14.266,0.000,0.000,0.000,0.000,0.000,0.000,0.000
1835,624.408,142.164,149.616,122.495,85.151,50.196,0.000,14.266,0.000,0.000,0.000,0.000,0.000,0.000,0.000
1836,624.751,188.497,148.367,122.433,85.158,48.939,0.000,14.266,0.000,0.000,0.000,0.000,0.000,0.000,0.000
1837,625.094,178.793,147.167,122.372,85.165,47.733,0.000,14.266,0.000,0.000,0.000,0.000,0.000,0.000,0.000
1838,625.438,183.201,146.017,122.310,85.173,46.575,0.000,14.266,0.000,0.000,0.000,0.000,0.000,0.000,0.000
1839,625.781,172.571,144.913,122.248,85.180,45.465,0.000,14.265,0.000,0.000,0.000,0.000,0.000,0.000,0.000
1840,626.124,196.904,143.856,122.186,85.187,44.400,0.000,14.265,0.000,0.000,0.000,0.000,0.000,0.000,0.000
1841,626.467,158.164,142.843,122.125,85.195,43.380,0.000,14.265,0.000,0.000,0.000,0.000,0.000,0.000,0.000
1842,626.810,165.200,141.873,122.063,85.203,42.403,0.000,14.265,0.000,0.000,0.000,0.000,0.000,0.000,0.000
1843,627.153,145.200,140.945,122.001,85.211,41.467,0.000,14.264,0.000,0.000,0.000,0.000,0.000,0.000,0.000
1844,627.496,154.200,140.058,121.940,85.219,40.572,0.000,14.264,0.000,0.000,0.000,0.000,0.000,0.000,0.000
1845,627.840,176.940,139.210,121.878,85.228,39.716,0.000,14.264,0.000,0.000,0.000,0.000,0.000,0.000,0.000
1846,628.183,163.164,138.401,121.816,85.237,38.897,0.000,14.264,0.000,0.000,0.000,0.000,0.000,0.000,0.000
1847,628.526,176.940,137.629,121.755,85.247,38.116,0.000,14.263,0.000,0.000,0.000,0.000,0.000,0.000,0.000
1848,628.869,154.828,136.896,121.693,85.257,37.374,0.000,14.263,0.000,0.000,0.000,0.000,0.000,0.000,0.000
1849,629.212,148.386,136.203,121.631,85.267,36.670,0.000,14.263,0.000,0.000,0.000,0.000,0.000,0.000,0.000
1850,629.555,124.125,135.547,121.570,85.278,36.004,0.000,14.263,0.000,0.000,0.000,0.000,0.000,0.000,0.000
1851,629.898,148.940,134.927,121.508,85.290,35.372,0.000,14.263,0.000,0.000,0.000,0.000,0.000,0.000,0.000
1852,630.241,167.199,134.340,121.446,85.302,34.773,0.000,14.262,0.000,0.000,0.000,0.000,0.000,0.000,0.000
1853,630.584,162.274,133.785,121.385,85.315,34.205,0.000,14.262,0.000,0.000,0.000,0.000,0.000,0.000,0.000
1854,630.927,139.866,133.261,121.323,85.328,33.667,0.000,14.262,0.000,0.000,0.000,0.000,0.000,0.000,0.000
1855,631.270,147.792,132.765,121.261,85.343,33.157,0.000,14.263,0.000,0.000,0.000,0.000,0.000,0.000,0.000
1856,631.613,140.311,132.297,121.199,85.358,32.673,0.000,14.263,0.000,0.000,0.000,0.000,0.000,0.000,0.000
1857,631.956,160.347,131.855,121.138,85.374,32.215,0.000,14.263,0.000,0.000,0.000,0.000,0.000,0.000,0.000
1858,632.299,159.570,131.437,121.076,85.391,31.780,0.000,14.263,0.000,0.000,0.000,0.000,0.000,0.000,0.000
1859,632.642,141.903,131.044,121.014,85.409,31.369,0.000,14.264,0.000,0.000,0.000,0.000,0.000,0.000,0.000
1860,632.985,134.569,130.672,120.953,85.427,30.978,0.000,14.264,0.000,0.000,0.000,0.000,0.000,0.000,0.000
1861,633.328,133.977,130.323,120.891,85.447,30.608,0.000,14.265,0.000,0.000,0.000,0.000,0.000,0.000,0.000
1862,633.671,136.346,129.993,120.829,85.468,30.257,0.000,14.266,0.000,0.000,0.000,0.000,0.000,0.000,0.000
1863,634.014,160.865,129.683,120.768,85.490,29.925,0.000,14.266,0.000,0.000,0.000,0.000,0.000,0.000,0.000
1864,634.357,123.867,129.325,120.639,85.467,29.596,0.000,14.260,0.000,0.000,0.000,0.000,0.000,0.000,0.000
1865,634.700,152.125,128.984,120.510,85.445,29.284,0.000,14.253,0.000,0.000,0.000,0.000,0.000,0.000,0.000
1866,635.043,143.087,128.660,120.382,85.424,28.987,0.000,14.246,0.000,0.000,0.000,0.000,0.000,0.000,0.000
1867,635.385,127.644,128.352,120.253,85.405,28.705,0.000,14.240,0.000,0.000,0.000,0.000,0.000,0.000,0.000
1868,635.728,126.125,128.060,120.124,85.387,28.437,0.000,14.234,0.000,0.000,0.000,0.000,0.000,0.000,0.000
1869,636.071,144.236,127.782,119.996,85.370,28.182,0.000,14.227,0.000,0.000,0.000,0.000,0.000,0.000,0.000
1870,636.414,125.421,127.519,119.867,85.354,27.940,0.000,14.221,0.000,0.000,0.000,0.000,0.000,0.000,0.000
1871,636.757,129.347,127.268,119.738,85.340,27.710,0.000,14.216,0.000,0.000,0.000,0.000,0.000,0.000,0.000
1872,637.100,120.829,127.031,119.610,85.328,27.491,0.000,14.210,0.000,0.000,0.000,0.000,0.000,0.000,0.000
1873,637.443,123.753,126.806,119.481,85.317,27.282,0.000,14.204,0.000,0.000,0.000,0.000,0.000,0.000,0.000
1874,637.785,129.643,126.593,119.352,85.307,27.084,0.000,14.199,0.000,0.000,0.000,0.000,0.000,0.000,0.000
1875,638.128,114.828,126.391,119.223,85.299,26.895,0.000,14.194,0.000,0.000,0.000,0.000,0.000,0.000,0.000
1876,638.471,121.274,126.200,119.095,85.293,26.716,0.000,14.189,0.000,0.000,0.000,0.000,0.000,0.000,0.000
1877,638.814,109.458,126.020,118.966,85.289,26.545,0.000,14.184,0.000,0.000,0.000,0.000,0.000,0.000,0.000
1878,639.157,121.458,125.850,118.837,85.286,26.382,0.000,14.179,0.000,0.000,0.000,0.000,0.000,0.000,0.000
1879,639.499,133.717,125.690,118.709,85.285,26.227,0.000,14.175,0.000,0.000,0.000,0.000,0.000,0.000,0.000
1880,639.842,135.310,125.539,118.580,85.287,26.079,0.000,14.171,0.000,0.000,0.000,0.000,0.000,0.000,0.000
1881,640.185,124.679,125.397,118.451,85.290,25.938,0.000,14.167,0.000,0.000,0.000,0.000,0.000,0.000,0.000
1882,640.528,128.531,125.264,118.323,85.295,25.804,0.000,14.163,0.000,0.000,0.000,0.000,0.000,0.000,0.000
1883,640.870,116.754,125.140,118.194,85.302,25.675,0.000,14.160,0.000,0.000,0.000,0.000,0.000,0.000,0.000
1884,641.213,120.161,125.023,118.065,85.311,25.553,0.000,14.156,0.000,0.000,0.000,0.000,0.000,0.000,0.000
1885,641.556,110.050,124.915,117.937,85.323,25.437,0.000,14.153,0.000,0.000,0.000,0.000,0.000,0.000,0.000
1886,641.899,116.716,124.815,117.808,85.337,25.325,0.000,14.150,0.000,0.000,0.000,0.000,0.000,0.000,0.000
1887,642.241,139.643,124.722,117.679,85.353,25.219,0.000,14.148,0.000,0.000,0.000,0.000,0.000,0.000,0.000
1888,642.584,104.273,124.637,117.551,85.371,25.117,0.000,14.146,0.000,0.000,0.000,0.000,0.000,0.000,0.000
1889,642.927,113.680,124.559,117.422,85.393,25.020,0.000,14.144,0.000,0.000,0.000,0.000,0.000,0.000,0.000
1890,643.269,132.828,124.487,117.293,85.416,24.927,0.000,14.142,0.000,0.000,0.000,0.000,0.000,0.000,0.000
1891,643.612,118.975,124.423,117.164,85.443,24.838,0.000,14.140,0.000,0.000,0.000,0.000,0.000,0.000,0.000
1892,643.955,121.938,124.366,117.036,85.472,24.752,0.000,14.139,0.000,0.000,0.000,0.000,0.000,0.000,0.000
1893,644.297,115.420,124.315,116.907,85.503,24.671,0.000,14.138,0.000,0.000,0.000,0.000,0.000,0.000,0.000
1894,644.640,116.013,124.271,116.778,85.538,24.592,0.000,14.138,0.000,0.000,0.000,0.000,0.000,0.000,0.000
1895,644.983,122.643,124.233,116.650,85.576,24.517,0.000,14.138,0.000,0.000,0.000,0.000,0.000,0.000,0.000
1896,645.325,114.569,124.201,116.521,85.616,24.445,0.000,14.138,0.000,0.000,0.000,0.000,0.000,0.000,0.000
1897,645.668,128.643,124.176,116.392,85.660,24.376,0.000,14.138,0.000,0.000,0.000,0.000,0.000,0.000,0.000
1898,646.010,126.234,124.157,116.264,85.706,24.309,0.000,14.139,0.000,0.000,0.000,0.000,0.000,0.000,0.000
1899,646.353,126.051,124.144,116.135,85.757,24.245,0.000,14.140,0.000,0.000,0.000,0.000,0.000,0.000,0.000
1900,646.696,121.013,124.137,116.006,85.810,24.183,0.000,14.142,0.000,0.000,0.000,0.000,0.000,0.000,0.000
1901,647.038,117.568,124.137,115.878,85.867,24.124,0.000,14.144,0.000,0.000,0.000,0.000,0.000,0.000,0.000
1902,647.381,129.419,124.142,115.749,85.927,24.066,0.000,14.146,0.000,0.000,0.000,0.000,0.000,0.000,0.000
1903,647.723,117.938,124.153,115.620,85.990,24.011,0.000,14.149,0.000,0.000,0.000,0.000,0.000,0.000,0.000
1904,648.066,123.716,124.170,115.492,86.058,23.958,0.000,14.152,0.000,0.000,0.000,0.000,0.000,0.000,0.000
1905,648.408,135.568,124.193,115.363,86.129,23.906,0.000,14.156,0.000,0.000,0.000,0.000,0.000,0.000,0.000
1906,648.751,124.384,124.222,115.234,86.204,23.857,0.000,14.159,0.000,0.000,0.000,0.000,0.000,0.000,0.000
1907,649.093,137.013,124.257,115.106,86.282,23.809,0.000,14.164,0.000,0.000,0.000,0.000,0.000,0.000,0.000
1908,649.436,121.272,124.298,114.977,86.365,23.762,0.000,14.169,0.000,0.000,0.000,0.000,0.000,0.000,0.000
1909,649.778,125.160,124.345,114.848,86.452,23.717,0.000,14.174,0.000,0.000,0.000,0.000,0.000,0.000,0.000
1910,650.121,126.234,124.398,114.719,86.543,23.673,0.000,14.180,0.000,0.000,0.000,0.000,0.000,0.000,0.000
1911,650.463,109.198,124.457,114.591,86.638,23.631,0.000,14.186,0.000,0.000,0.000,0.000,0.000,0.000,0.000
1912,650.806,130.161,124.522,114.462,86.738,23.590,0.000,14.192,0.000,0.000,0.000,0.000,0.000,0.000,0.000
1913,651.148,92.346,124.593,114.333,86.842,23.550,0.000,14.199,0.000,0.000,0.000,0.000,0.000,0.000,0.000
1914,651.491,96.939,124.671,114.205,86.951,23.511,0.000,14.207,0.000,0.000,0.000,0.000,0.000,0.000,0.000
1915,651.833,107.938,124.755,114.076,87.064,23.473,0.000,14.215,0.000,0.000,0.000,0.000,0.000,0.000,0.000
1916,652.175,109.790,124.845,113.947,87.183,23.436,0.000,14.224,0.000,0.000,0.000,0.000,0.000,0.000,0.000
1917,652.518,113.457,124.942,113.819,87.306,23.400,0.000,14.233,0.000,0.000,0.000,0.000,0.000,0.000,0.000
1918,652.860,120.012,125.045,113.690,87.434,23.365,0.000,14.243,0.000,0.000,0.000,0.000,0.000,0.000,0.000
1919,653.203,114.531,125.154,113.561,87.568,23.330,0.000,14.253,0.000,0.000,0.000,0.000,0.000,0.000,0.000
1920,653.545,108.235,125.270,113.433,87.706,23.297,0.000,14.264,0.000,0.000,0.000,0.000,0.000,0.000,0.000
1921,653.887,120.050,125.391,113.304,87.849,23.264,0.000,14.275,0.000,0.000,0.000,0.000,0.000,0.000,0.000
1922,654.230,106.680,125.516,113.175,87.994,23.232,0.000,14.287,0.000,0.000,0.000,0.000,0.000,0.000,0.000
1923,654.572,119.754,125.644,113.047,88.141,23.200,0.000,14.300,0.000,0.000,0.000,0.000,0.000,0.000,0.000
1924,654.914,115.234,125.774,112.918,88.289,23.169,0.000,14.313,0.000,0.000,0.000,0.000,0.000,0.000,0.000
1925,655.257,125.345,125.907,112.789,88.438,23.139,0.000,14.327,0.000,0.000,0.000,0.000,0.000,0.000,0.000
1926,655.599,112.086,126.042,112.660,88.589,23.109,0.000,14.341,0.000,0.000,0.000,0.000,0.000,0.000,0.000
1927,655.941,114.236,126.179,112.532,88.740,23.080,0.000,14.356,0.000,0.000,0.000,0.000,0.000,0.000,0.000
1928,656.284,105.457,126.318,112.403,88.893,23.051,0.000,14.372,0.000,0.000,0.000,0.000,0.000,0.000,0.000
1929,656.626,110.087,126.459,112.274,89.045,23.022,0.000,14.389,0.000,0.000,0.000,0.000,0.000,0.000,0.000
1930,656.968,121.753,126.601,112.146,89.199,22.994,0.000,14.406,0.000,0.000,0.000,0.000,0.000,0.000,0.000
1931,657.310,133.086,126.745,112.017,89.353,22.966,0.000,14.424,0.000,0.000,0.000,0.000,0.000,0.000,0.000
1932,657.653,83.234,126.890,111.888,89.507,22.939,0.000,14.442,0.000,0.000,0.000,0.000,0.000,0.000,0.000
1933,657.995,123.605,127.036,111.760,89.660,22.912,0.000,14.461,0.000,0.000,0.000,0.000,0.000,0.000,0.000
1934,658.337,112.013,127.183,111.631,89.814,22.885,0.000,14.481,0.000,0.000,0.000,0.000,0.000,0.000,0.000
1935,658.679,127.975,127.331,111.502,89.968,22.859,0.000,14.502,0.000,0.000,0.000,0.000,0.000,0.000,0.000
1936,659.022,106.679,127.479,111.374,90.121,22.832,0.000,14.524,0.000,0.000,0.000,0.000,0.000,0.000,0.000
1937,659.364,128.345,127.628,111.245,90.273,22.806,0.000,14.546,0.000,0.000,0.000,0.000,0.000,0.000,0.000
1938,659.706,109.383,127.776,111.116,90.424,22.780,0.000,14.569,0.000,0.000,0.000,0.000,0.000,0.000,0.000
1939,660.048,91.160,127.925,110.988,90.574,22.755,0.000,14.593,0.000,0.000,0.000,0.000,0.000,0.000,0.000
1940,660.390,131.976,128.073,110.859,90.723,22.729,0.000,14.618,0.000,0.000,0.000,0.000,0.000,0.000,0.000
1941,660.733,126.271,128.221,110.730,90.871,22.704,0.000,14.644,0.000,0.000,0.000,0.000,0.000,0.000,0.000
1942,661.075,110.234,128.368,110.601,91.016,22.679,0.000,14.671,0.000,0.000,0.000,0.000,0.000,0.000,0.000
1943,661.417,106.827,128.515,110.473,91.160,22.654,0.000,14.698,0.000,0.000,0.000,0.000,0.000,0.000,0.000
1944,661.759,121.826,128.660,110.344,91.302,22.629,0.000,14.726,0.000,0.000,0.000,0.000,0.000,0.000,0.000
1945,662.101,137.568,128.804,110.215,91.442,22.604,0.000,14.756,0.000,0.000,0.000,0.000,0.000,0.000,0.000
1946,662.443,109.679,128.947,110.087,91.579,22.580,0.000,14.786,0.000,0.000,0.000,0.000,0.000,0.000,0.000
1947,662.785,115.420,129.089,109.958,91.714,22.555,0.000,14.817,0.000,0.000,0.000,0.000,0.000,0.000,0.000
1948,663.127,95.605,129.228,109.829,91.846,22.530,0.000,14.850,0.000,0.000,0.000,0.000,0.000,0.000,0.000
1949,663.470,117.901,129.366,109.701,91.974,22.506,0.000,14.883,0.000,0.000,0.000,0.000,0.000,0.000,0.000
1950,663.812,131.641,129.502,109.572,92.100,22.482,0.000,14.917,0.000,0.000,0.000,0.000,0.000,0.000,0.000
1951,664.154,107.123,129.635,109.443,92.222,22.457,0.000,14.953,0.000,0.000,0.000,0.000,0.000,0.000,0.000
1952,664.496,111.308,129.766,109.315,92.341,22.433,0.000,14.989,0.000,0.000,0.000,0.000,0.000,0.000,0.000
1953,664.838,91.568,129.894,109.186,92.456,22.409,0.000,15.027,0.000,0.000,0.000,0.000,0.000,0.000,0.000
1954,665.180,115.605,130.020,109.057,92.567,22.384,0.000,15.066,0.000,0.000,0.000,0.000,0.000,0.000,0.000
1955,665.522,98.568,130.142,108.929,92.674,22.360,0.000,15.106,0.000,0.000,0.000,0.000,0.000,0.000,0.000
1956,665.864,113.122,130.261,108.800,92.776,22.336,0.000,15.147,0.000,0.000,0.000,0.000,0.000,0.000,0.000
1957,666.206,118.050,130.378,108.671,92.874,22.311,0.000,15.189,0.000,0.000,0.000,0.000,0.000,0.000,0.000
1958,666.548,114.530,130.490,108.543,92.968,22.287,0.000,15.233,0.000,0.000,0.000,0.000,0.000,0.000,0.000
1959,666.890,111.013,130.599,108.414,93.056,22.263,0.000,15.278,0.000,0.000,0.000,0.000,0.000,0.000,0.000
1960,667.232,114.567,130.705,108.285,93.140,22.239,0.000,15.324,0.000,0.000,0.000,0.000,0.000,0.000,0.000
1961,667.574,119.160,130.807,108.156,93.219,22.214,0.000,15.371,0.000,0.000,0.000,0.000,0.000,0.000,0.000
1962,667.916,113.456,130.904,108.028,93.292,22.190,0.000,15.420,0.000,0.000,0.000,0.000,0.000,0.000,0.000
1963,668.258,118.308,130.998,107.899,93.359,22.166,0.000,15.470,0.000,0.000,0.000,0.000,0.000,0.000,0.000
1964,668.600,126.530,131.087,107.770,93.422,22.141,0.000,15.522,0.000,0.000,0.000,0.000,0.000,0.000,0.000
1965,668.942,103.643,131.172,107.642,93.478,22.117,0.000,15.575,0.000,0.000,0.000,0.000,0.000,0.000,0.000
1966,669.283,114.641,131.252,107.513,93.528,22.092,0.000,15.629,0.000,0.000,0.000,0.000,0.000,0.000,0.000
1967,669.625,110.012,131.328,107.384,93.573,22.068,0.000,15.685,0.000,0.000,0.000,0.000,0.000,0.000,0.000
1968,669.967,128.420,131.400,107.256,93.611,22.043,0.000,15.743,0.000,0.000,0.000,0.000,0.000,0.000,0.000
1969,670.309,117.235,131.466,107.127,93.644,22.019,0.000,15.802,0.000,0.000,0.000,0.000,0.000,0.000,0.000
1970,670.651,112.198,131.528,106.998,93.669,21.994,0.000,15.862,0.000,0.000,0.000,0.000,0.000,0.000,0.000
1971,670.993,130.640,131.585,106.870,93.689,21.970,0.000,15.925,0.000,0.000,0.000,0.000,0.000,0.000,0.000
1972,671.335,107.345,131.637,106.741,93.702,21.945,0.000,15.988,0.000,0.000,0.000,0.000,0.000,0.000,0.000
1973,671.677,91.679,131.684,106.612,93.708,21.920,0.000,16.054,0.000,0.000,0.000,0.000,0.000,0.000,0.000
1974,672.018,137.679,131.726,106.484,93.707,21.895,0.000,16.121,0.000,0.000,0.000,0.000,0.000,0.000,0.000
1975,672.360,122.863,131.764,106.355,93.700,21.872,0.000,16.190,0.000,0.000,0.000,0.000,0.000,0.000,0.000
1976,672.702,111.086,131.797,106.226,93.685,21.848,0.000,16.261,0.000,0.000,0.000,0.000,0.000,0.000,0.000
1977,673.044,142.752,131.824,106.097,93.664,21.823,0.000,16.334,0.000,0.000,0.000,0.000,0.000,0.000,0.000
1978,673.386,117.790,131.845,105.969,93.636,21.798,0.000,16.409,0.000,0.000,0.000,0.000,0.000,0.000,0.000
1979,673.727,104.901,131.862,105.840,93.601,21.773,0.000,16.485,0.000,0.000,0.000,0.000,0.000,0.000,0.000
1980,674.069,117.531,131.873,105.711,93.559,21.748,0.000,16.564,0.000,0.000,0.000,0.000,0.000,0.000,0.000
1981,674.411,104.679,131.879,105.583,93.509,21.723,0.000,16.645,0.000,0.000,0.000,0.000,0.000,0.000,0.000
1982,674.753,117.790,131.881,105.454,93.453,21.698,0.000,16.727,0.000,0.000,0.000,0.000,0.000,0.000,0.000
1983,675.094,132.789,131.877,105.325,93.390,21.673,0.000,16.812,0.000,0.000,0.000,0.000,0.000,0.000,0.000
1984,675.436,105.124,131.868,105.197,93.319,21.648,0.000,16.899,0.000,0.000,0.000,0.000,0.000,0.000,0.000
1985,675.778,112.012,131.854,105.068,93.241,21.623,0.000,16.988,0.000,0.000,0.000,0.000,0.000,0.000,0.000
1986,676.119,120.864,131.835,104.939,93.156,21.598,0.000,17.079,0.000,0.000,0.000,0.000,0.000,0.000,0.000
1987,676.461,115.938,131.812,104.811,93.064,21.572,0.000,17.173,0.000,0.000,0.000,0.000,0.000,0.000,0.000
1988,676.803,140.196,131.783,104.682,92.965,21.547,0.000,17.269,0.000,0.000,0.000,0.000,0.000,0.000,0.000
1989,677.145,136.974,131.751,104.553,92.859,21.522,0.000,17.367,0.000,0.000,0.000,0.000,0.000,0.000,0.000
1990,677.486,122.419,131.713,104.425,92.746,21.497,0.000,17.468,0.000,0.000,0.000,0.000,0.000,0.000,0.000
1991,677.828,119.789,131.671,104.296,92.626,21.472,0.000,17.571,0.000,0.000,0.000,0.000,0.000,0.000,0.000
1992,678.170,112.123,131.625,104.167,92.500,21.446,0.000,17.677,0.000,0.000,0.000,0.000,0.000,0.000,0.000
1993,678.511,104.716,131.575,104.038,92.366,21.421,0.000,17.785,0.000,0.000,0.000,0.000,0.000,0.000,0.000
1994,678.853,129.196,131.520,103.910,92.226,21.396,0.000,17.896,0.000,0.000,0.000,0.000,0.000,0.000,0.000
1995,679.194,119.456,131.462,103.781,92.079,21.371,0.000,18.010,0.000,0.000,0.000,0.000,0.000,0.000,0.000
1996,679.536,124.197,131.400,103.652,91.926,21.345,0.000,18.126,0.000,0.000,0.000,0.000,0.000,0.000,0.000
1997,679.878,109.308,131.334,103.524,91.766,21.320,0.000,18.246,0.000,0.000,0.000,0.000,0.000,0.000,0.000
1998,680.219,114.604,131.265,103.395,91.600,21.295,0.000,18.368,0.000,0.000,0.000,0.000,0.000,0.000,0.000
1999,680.561,126.974,131.193,103.266,91.428,21.270,0.000,18.493,0.000,0.000,0.000,0.000,0.000,0.000,0.000
2000,680.902,123.049,131.118,103.138,91.249,21.245,0.000,18.622,0.000,0.000,0.000,0.000,0.000,0.000,0.000
2001,681.244,122.122,131.040,103.009,91.065,21.219,0.000,18.753,0.000,0.000,0.000,0.000,0.000,0.000,0.000
2002,681.585,142.604,130.959,102.880,90.875,21.194,0.000,18.887,0.000,0.000,0.000,0.000,0.000,0.000,0.000
2003,681.927,118.678,130.876,102.752,90.679,21.169,0.000,19.025,0.000,0.000,0.000,0.000,0.000,0.000,0.000
2004,682.268,133.233,130.791,102.623,90.478,21.144,0.000,19.166,0.000,0.000,0.000,0.000,0.000,0.000,0.000
2005,682.610,131.308,130.703,102.494,90.271,21.119,0.000,19.311,0.000,0.000,0.000,0.000,0.000,0.000,0.000
2006,682.951,109.974,130.614,102.366,90.060,21.094,0.000,19.459,0.000,0.000,0.000,0.000,0.000,0.000,0.000
2007,683.293,122.678,130.524,102.237,89.843,21.069,0.000,19.610,0.000,0.000,0.000,0.000,0.000,0.000,0.000
2008,683.634,112.974,130.432,102.108,89.621,21.044,0.000,19.765,0.000,0.000,0.000,0.000,0.000,0.000,0.000
2009,683.976,110.234,130.340,101.980,89.395,21.019,0.000,19.924,0.000,0.000,0.000,0.000,0.000,0.000,0.000
2010,684.317,114.049,130.246,101.851,89.164,20.994,0.000,20.086,0.000,0.000,0.000,0.000,0.000,0.000,0.000
2011,684.659,113.604,130.153,101.722,88.928,20.969,0.000,20.253,0.000,0.000,0.000,0.000,0.000,0.000,0.000
2012,685.000,113.196,130.059,101.593,88.689,20.945,0.000,20.423,0.000,0.000,0.000,0.000,0.000,0.000,0.000
2013,685.342,126.714,129.965,101.465,88.446,20.920,0.000,20.597,0.000,0.000,0.000,0.000,0.000,0.000,0.000
2014,685.683,123.937,129.871,101.336,88.199,20.895,0.000,20.775,0.000,0.000,0.000,0.000,0.000,0.000,0.000
2015,686.024,95.233,129.779,101.207,87.948,20.871,0.000,20.958,0.000,0.000,0.000,0.000,0.000,0.000,0.000
2016,686.366,126.197,129.687,101.079,87.694,20.846,0.000,21.145,0.000,0.000,0.000,0.000,0.000,0.000,0.000
2017,686.707,121.381,129.597,100.950,87.437,20.822,0.000,21.336,0.000,0.000,0.000,0.000,0.000,0.000,0.000
2018,687.049,116.863,129.508,100.821,87.177,20.797,0.000,21.532,0.000,0.000,0.000,0.000,0.000,0.000,0.000
2019,687.390,101.752,129.421,100.693,86.914,20.773,0.000,21.732,0.000,0.000,0.000,0.000,0.000,0.000,0.000
2020,687.731,124.271,129.337,100.564,86.649,20.749,0.000,21.937,0.000,0.000,0.000,0.000,0.000,0.000,0.000
2021,688.073,118.937,129.255,100.435,86.381,20.725,0.000,22.146,0.000,0.000,0.000,0.000,0.000,0.000,0.000
2022,688.414,113.826,129.176,100.307,86.111,20.701,0.000,22.361,0.000,0.000,0.000,0.000,0.000,0.000,0.000
2023,688.755,106.308,129.100,100.178,85.840,20.677,0.000,22.580,0.000,0.000,0.000,0.000,0.000,0.000,0.000
2024,689.096,129.345,129.027,100.049,85.567,20.653,0.000,22.805,0.000,0.000,0.000,0.000,0.000,0.000,0.000
2025,689.438,105.789,128.959,99.921,85.292,20.630,0.000,23.035,0.000,0.000,0.000,0.000,0.000,0.000,0.000
2026,689.779,132.492,128.895,99.792,85.016,20.606,0.000,23.270,0.000,0.000,0.000,0.000,0.000,0.000,0.000
2027,690.120,105.085,128.835,99.663,84.739,20.583,0.000,23.511,0.000,0.000,0.000,0.000,0.000,0.000,0.000
2028,690.462,139.752,128.780,99.534,84.461,20.559,0.000,23.757,0.000,0.000,0.000,0.000,0.000,0.000,0.000
2029,690.803,127.641,128.730,99.406,84.183,20.536,0.000,24.009,0.000,0.000,0.000,0.000,0.000,0.000,0.000
2030,691.144,120.900,128.686,99.277,83.904,20.513,0.000,24.266,0.000,0.000,0.000,0.000,0.000,0.000,0.000
2031,691.485,130.049,128.648,99.148,83.626,20.490,0.000,24.530,0.000,0.000,0.000,0.000,0.000,0.000,0.000
2032,691.827,135.974,128.616,99.020,83.347,20.467,0.000,24.800,0.000,0.000,0.000,0.000,0.000,0.000,0.000
2033,692.168,138.011,128.590,98.891,83.068,20.444,0.000,25.076,0.000,0.000,0.000,0.000,0.000,0.000,0.000
2034,692.509,118.048,128.572,98.762,82.790,20.422,0.000,25.358,0.000,0.000,0.000,0.000,0.000,0.000,0.000
2035,692.850,146.307,128.561,98.634,82.513,20.399,0.000,25.646,0.000,0.000,0.000,0.000,0.000,0.000,0.000
2036,693.191,124.085,128.557,98.505,82.236,20.377,0.000,25.942,0.000,0.000,0.000,0.000,0.000,0.000,0.000
2037,693.532,146.974,128.562,98.376,81.961,20.355,0.000,26.244,0.000,0.000,0.000,0.000,0.000,0.000,0.000
2038,693.874,131.899,128.574,98.248,81.687,20.333,0.000,26.553,0.000,0.000,0.000,0.000,0.000,0.000,0.000
2039,694.215,113.751,128.596,98.119,81.414,20.311,0.000,26.869,0.000,0.000,0.000,0.000,0.000,0.000,0.000
2040,694.556,138.753,128.626,97.990,81.143,20.289,0.000,27.192,0.000,0.000,0.000,0.000,0.000,0.000,0.000
2041,694.897,111.455,128.666,97.862,80.874,20.267,0.000,27.522,0.000,0.000,0.000,0.000,0.000,0.000,0.000
2042,695.238,119.197,128.716,97.733,80.607,20.246,0.000,27.860,0.000,0.000,0.000,0.000,0.000,0.000,0.000
2043,695.579,123.789,128.775,97.604,80.342,20.225,0.000,28.206,0.000,0.000,0.000,0.000,0.000,0.000,0.000
2044,695.920,125.382,128.845,97.475,80.080,20.204,0.000,28.560,0.000,0.000,0.000,0.000,0.000,0.000,0.000
2045,696.261,135.566,128.926,97.347,79.820,20.183,0.000,28.922,0.000,0.000,0.000,0.000,0.000,0.000,0.000
2046,696.602,127.049,129.018,97.218,79.562,20.162,0.000,29.291,0.000,0.000,0.000,0.000,0.000,0.000,0.000
2047,696.944,138.790,129.121,97.089,79.308,20.141,0.000,29.670,0.000,0.000,0.000,0.000,0.000,0.000,0.000
2048,697.285,138.382,129.237,96.961,79.057,20.121,0.000,30.057,0.000,0.000,0.000,0.000,0.000,0.000,0.000
2049,697.626,138.974,129.364,96.832,78.809,20.101,0.000,30.452,0.000,0.000,0.000,0.000,0.000,0.000,0.000
2050,697.967,109.159,129.504,96.703,78.565,20.081,0.000,30.857,0.000,0.000,0.000,0.000,0.000,0.000,0.000
2051,698.308,137.197,129.657,96.575,78.324,20.061,0.000,31.270,0.000,0.000,0.000,0.000,0.000,0.000,0.000
2052,698.649,150.604,129.823,96.446,78.086,20.041,0.000,31.694,0.000,0.000,0.000,0.000,0.000,0.000,0.000
2053,698.990,116.382,130.003,96.317,77.853,20.022,0.000,32.126,0.000,0.000,0.000,0.000,0.000,0.000,0.000
2054,699.331,140.418,130.196,96.189,77.623,20.002,0.000,32.569,0.000,0.000,0.000,0.000,0.000,0.000,0.000
2055,699.672,129.122,130.404,96.060,77.398,19.983,0.000,33.021,0.000,0.000,0.000,0.000,0.000,0.000,0.000
2056,700.013,142.492,130.627,95.931,77.177,19.964,0.000,33.484,0.000,0.000,0.000,0.000,0.000,0.000,0.000
2057,700.354,124.679,130.864,95.803,76.960,19.946,0.000,33.956,0.000,0.000,0.000,0.000,0.000,0.000,0.000
2058,700.694,154.159,131.117,95.674,76.748,19.927,0.000,34.440,0.000,0.000,0.000,0.000,0.000,0.000,0.000
2059,701.035,155.973,131.386,95.545,76.540,19.909,0.000,34.935,0.000,0.000,0.000,0.000,0.000,0.000,0.000
2060,701.376,127.234,131.671,95.417,76.337,19.891,0.000,35.440,0.000,0.000,0.000,0.000,0.000,0.000,0.000
2061,701.717,152.344,131.972,95.288,76.139,19.873,0.000,35.957,0.000,0.000,0.000,0.000,0.000,0.000,0.000
2062,702.058,137.085,132.289,95.159,75.945,19.856,0.000,36.486,0.000,0.000,0.000,0.000,0.000,0.000,0.000
2063,702.399,144.973,132.624,95.030,75.757,19.839,0.000,37.026,0.000,0.000,0.000,0.000,0.000,0.000,0.000
2064,702.740,163.530,132.977,94.902,75.574,19.822,0.000,37.579,0.000,0.000,0.000,0.000,0.000,0.000,0.000
2065,703.081,118.381,133.347,94.773,75.396,19.805,0.000,38.144,0.000,0.000,0.000,0.000,0.000,0.000,0.000
2066,703.422,144.196,133.736,94.644,75.224,19.788,0.000,38.722,0.000,0.000,0.000,0.000,0.000,0.000,0.000
2067,703.762,162.011,134.143,94.516,75.056,19.772,0.000,39.312,0.000,0.000,0.000,0.000,0.000,0.000,0.000
2068,704.103,157.825,134.569,94.387,74.895,19.756,0.000,39.916,0.000,0.000,0.000,0.000,0.000,0.000,0.000
2069,704.444,142.640,135.014,94.258,74.738,19.740,0.000,40.533,0.000,0.000,0.000,0.000,0.000,0.000,0.000
2070,704.785,165.456,135.479,94.130,74.588,19.725,0.000,41.165,0.000,0.000,0.000,0.000,0.000,0.000,0.000
2071,705.126,143.085,135.964,94.001,74.442,19.709,0.000,41.811,0.000,0.000,0.000,0.000,0.000,0.000,0.000
2072,705.466,164.345,136.470,93.872,74.301,19.694,0.000,42.472,0.000,0.000,0.000,0.000,0.000,0.000,0.000
2073,705.807,152.566,136.997,93.744,74.166,19.680,0.000,43.149,0.000,0.000,0.000,0.000,0.000,0.000,0.000
2074,706.148,142.123,137.544,93.615,74.035,19.665,0.000,43.842,0.000,0.000,0.000,0.000,0.000,0.000,0.000
2075,706.489,141.826,138.113,93.486,73.909,19.651,0.000,44.551,0.000,0.000,0.000,0.000,0.000,0.000,0.000
2076,706.830,131.418,138.695,93.358,73.787,19.637,0.000,45.268,0.000,0.000,0.000,0.000,0.000,0.000,0.000
2077,707.170,143.604,139.287,93.229,73.670,19.624,0.000,45.991,0.000,0.000,0.000,0.000,0.000,0.000,0.000
2078,707.511,138.900,139.887,93.100,73.557,19.610,0.000,46.717,0.000,0.000,0.000,0.000,0.000,0.000,0.000
2079,707.852,139.123,140.496,92.971,73.449,19.597,0.000,47.447,0.000,0.000,0.000,0.000,0.000,0.000,0.000
2080,708.192,137.678,141.113,92.843,73.346,19.585,0.000,48.180,0.000,0.000,0.000,0.000,0.000,0.000,0.000
2081,708.533,142.344,141.738,92.714,73.247,19.572,0.000,48.916,0.000,0.000,0.000,0.000,0.000,0.000,0.000
2082,708.874,144.159,142.369,92.585,73.153,19.560,0.000,49.654,0.000,0.000,0.000,0.000,0.000,0.000,0.000
2083,709.214,157.714,143.007,92.457,73.063,19.548,0.000,50.393,0.000,0.000,0.000,0.000,0.000,0.000,0.000
2084,709.555,149.085,143.651,92.328,72.978,19.537,0.000,51.134,0.000,0.000,0.000,0.000,0.000,0.000,0.000
2085,709.896,144.826,144.300,92.199,72.897,19.525,0.000,51.875,0.000,0.000,0.000,0.000,0.000,0.000,0.000
2086,710.236,115.862,144.954,92.071,72.820,19.514,0.000,52.617,0.000,0.000,0.000,0.000,0.000,0.000,0.000
2087,710.577,165.937,145.612,91.942,72.748,19.504,0.000,53.358,0.000,0.000,0.000,0.000,0.000,0.000,0.000
2088,710.918,158.159,146.274,91.813,72.679,19.494,0.000,54.099,0.000,0.000,0.000,0.000,0.000,0.000,0.000
2089,711.258,170.751,146.939,91.685,72.615,19.484,0.000,54.838,0.000,0.000,0.000,0.000,0.000,0.000,0.000
2090,711.599,159.493,147.607,91.556,72.555,19.474,0.000,55.576,0.000,0.000,0.000,0.000,0.000,0.000,0.000
2091,711.939,154.307,148.277,91.427,72.499,19.465,0.000,56.311,0.000,0.000,0.000,0.000,0.000,0.000,0.000
2092,712.280,163.863,148.948,91.299,72.447,19.456,0.000,57.044,0.000,0.000,0.000,0.000,0.000,0.000,0.000
2093,712.621,163.975,149.620,91.170,72.399,19.447,0.000,57.773,0.000,0.000,0.000,0.000,0.000,0.000,0.000
2094,712.961,170.641,150.293,91.041,72.354,19.439,0.000,58.498,0.000,0.000,0.000,0.000,0.000,0.000,0.000
2095,713.302,158.011,150.964,90.913,72.313,19.431,0.000,59.218,0.000,0.000,0.000,0.000,0.000,0.000,0.000
2096,713.642,175.307,151.635,90.784,72.276,19.423,0.000,59.934,0.000,0.000,0.000,0.000,0.000,0.000,0.000
2097,713.983,141.900,152.304,90.655,72.242,19.416,0.000,60.644,0.000,0.000,0.000,0.000,0.000,0.000,0.000
2098,714.323,161.418,152.971,90.526,72.212,19.409,0.000,61.347,0.000,0.000,0.000,0.000,0.000,0.000,0.000
2099,714.664,180.011,153.634,90.398,72.186,19.402,0.000,62.044,0.000,0.000,0.000,0.000,0.000,0.000,0.000
2100,715.004,150.789,154.294,90.269,72.162,19.396,0.000,62.734,0.000,0.000,0.000,0.000,0.000,0.000,0.000
2101,715.345,158.233,154.950,90.140,72.142,19.390,0.000,63.416,0.000,0.000,0.000,0.000,0.000,0.000,0.000
2102,715.685,171.196,155.600,90.012,72.125,19.384,0.000,64.089,0.000,0.000,0.000,0.000,0.000,0.000,0.000
2103,716.025,175.492,156.245,89.883,72.111,19.379,0.000,64.753,0.000,0.000,0.000,0.000,0.000,0.000,0.000
2104,716.366,164.344,156.884,89.754,72.100,19.374,0.000,65.408,0.000,0.000,0.000,0.000,0.000,0.000,0.000
2105,716.706,161.751,157.516,89.626,72.092,19.370,0.000,66.052,0.000,0.000,0.000,0.000,0.000,0.000,0.000
2106,717.047,173.159,158.141,89.497,72.087,19.365,0.000,66.686,0.000,0.000,0.000,0.000,0.000,0.000,0.000
2107,717.387,185.529,158.757,89.368,72.085,19.361,0.000,67.308,0.000,0.000,0.000,0.000,0.000,0.000,0.000
2108,717.728,154.344,159.370,89.240,72.089,19.358,0.000,67.921,0.000,0.000,0.000,0.000,0.000,0.000,0.000
2109,718.068,173.567,159.972,89.111,72.098,19.355,0.000,68.516,0.000,0.000,0.000,0.000,0.000,0.000,0.000
2110,718.408,187.936,160.560,88.982,72.104,19.352,0.000,69.102,0.000,0.000,0.000,0.000,0.000,0.000,0.000
2111,718.749,159.344,161.138,88.854,72.113,19.350,0.000,69.673,0.000,0.000,0.000,0.000,0.000,0.000,0.000
2112,719.089,171.381,161.705,88.725,72.124,19.348,0.000,70.231,0.000,0.000,0.000,0.000,0.000,0.000,0.000
2113,719.429,162.492,162.260,88.596,72.137,19.346,0.000,70.774,0.000,0.000,0.000,0.000,0.000,0.000,0.000
2114,719.770,165.937,162.802,88.467,72.152,19.345,0.000,71.302,0.000,0.000,0.000,0.000,0.000,0.000,0.000
2115,720.110,169.233,163.332,88.339,72.170,19.344,0.000,71.815,0.000,0.000,0.000,0.000,0.000,0.000,0.000
2116,720.450,146.418,163.848,88.210,72.190,19.344,0.000,72.312,0.000,0.000,0.000,0.000,0.000,0.000,0.000
2117,720.791,166.011,164.350,88.081,72.213,19.344,0.000,72.792,0.000,0.000,0.000,0.000,0.000,0.000,0.000
2118,721.131,162.454,164.838,87.953,72.237,19.344,0.000,73.255,0.000,0.000,0.000,0.000,0.000,0.000,0.000
2119,721.471,165.381,165.311,87.824,72.263,19.345,0.000,73.700,0.000,0.000,0.000,0.000,0.000,0.000,0.000
2120,721.811,145.900,165.768,87.695,72.292,19.346,0.000,74.128,0.000,0.000,0.000,0.000,0.000,0.000,0.000
2121,722.152,144.196,166.209,87.567,72.322,19.348,0.000,74.538,0.000,0.000,0.000,0.000,0.000,0.000,0.000
2122,722.492,176.863,166.635,87.438,72.354,19.350,0.000,74.928,0.000,0.000,0.000,0.000,0.000,0.000,0.000
2123,722.832,161.530,167.043,87.309,72.389,19.352,0.000,75.300,0.000,0.000,0.000,0.000,0.000,0.000,0.000
2124,723.172,148.604,167.435,87.181,72.425,19.355,0.000,75.652,0.000,0.000,0.000,0.000,0.000,0.000,0.000
2125,723.512,157.714,167.809,87.052,72.463,19.358,0.000,75.985,0.000,0.000,0.000,0.000,0.000,0.000,0.000
2126,723.853,177.603,168.165,86.923,72.504,19.362,0.000,76.297,0.000,0.000,0.000,0.000,0.000,0.000,0.000
2127,724.193,177.011,168.503,86.795,72.546,19.366,0.000,76.589,0.000,0.000,0.000,0.000,0.000,0.000,0.000
2128,724.533,178.492,168.822,86.666,72.589,19.370,0.000,76.860,0.000,0.000,0.000,0.000,0.000,0.000,0.000
2129,724.873,158.419,169.122,86.537,72.635,19.375,0.000,77.109,0.000,0.000,0.000,0.000,0.000,0.000,0.000
2130,725.213,159.714,169.403,86.408,72.682,19.381,0.000,77.338,0.000,0.000,0.000,0.000,0.000,0.000,0.000
2131,725.553,152.825,169.665,86.280,72.731,19.387,0.000,77.545,0.000,0.000,0.000,0.000,0.000,0.000,0.000
2132,725.894,155.456,169.907,86.151,72.782,19.393,0.000,77.730,0.000,0.000,0.000,0.000,0.000,0.000,0.000
2133,726.234,172.233,170.129,86.022,72.834,19.400,0.000,77.893,0.000,0.000,0.000,0.000,0.000,0.000,0.000
2134,726.574,162.973,170.331,85.894,72.888,19.407,0.000,78.033,0.000,0.000,0.000,0.000,0.000,0.000,0.000
2135,726.914,187.085,170.512,85.765,72.943,19.415,0.000,78.152,0.000,0.000,0.000,0.000,0.000,0.000,0.000
2136,727.254,167.048,170.673,85.636,73.000,19.423,0.000,78.247,0.000,0.000,0.000,0.000,0.000,0.000,0.000
2137,727.594,127.011,170.813,85.508,73.059,19.432,0.000,78.320,0.000,0.000,0.000,0.000,0.000,0.000,0.000
2138,727.934,159.233,170.933,85.379,73.119,19.441,0.000,78.371,0.000,0.000,0.000,0.000,0.000,0.000,0.000
2139,728.274,150.751,171.032,85.250,73.180,19.451,0.000,78.398,0.000,0.000,0.000,0.000,0.000,0.000,0.000
2140,728.614,166.121,171.111,85.122,73.244,19.461,0.000,78.403,0.000,0.000,0.000,0.000,0.000,0.000,0.000
2141,728.954,160.973,171.168,84.993,73.309,19.472,0.000,78.385,0.000,0.000,0.000,0.000,0.000,0.000,0.000
2142,729.294,152.196,171.205,84.864,73.376,19.483,0.000,78.344,0.000,0.000,0.000,0.000,0.000,0.000,0.000
2143,729.634,156.789,171.221,84.736,73.444,19.495,0.000,78.279,0.000,0.000,0.000,0.000,0.000,0.000,0.000
2144,729.974,178.787,171.217,84.607,73.514,19.507,0.000,78.193,0.000,0.000,0.000,0.000,0.000,0.000,0.000
2145,730.314,171.714,171.192,84.478,73.586,19.520,0.000,78.083,0.000,0.000,0.000,0.000,0.000,0.000,0.000
2146,730.654,135.899,171.147,84.350,73.660,19.534,0.000,77.950,0.000,0.000,0.000,0.000,0.000,0.000,0.000
2147,730.994,135.529,171.081,84.221,73.736,19.548,0.000,77.795,0.000,0.000,0.000,0.000,0.000,0.000,0.000
2148,731.334,180.307,170.996,84.092,73.814,19.562,0.000,77.618,0.000,0.000,0.000,0.000,0.000,0.000,0.000
2149,731.674,150.937,170.891,83.963,73.893,19.578,0.000,77.418,0.000,0.000,0.000,0.000,0.000,0.000,0.000
2150,732.014,178.306,170.766,83.835,73.975,19.593,0.000,77.196,0.000,0.000,0.000,0.000,0.000,0.000,0.000
2151,732.354,147.121,170.622,83.706,74.059,19.610,0.000,76.951,0.000,0.000,0.000,0.000,0.000,0.000,0.000
2152,732.694,168.751,170.459,83.577,74.145,19.627,0.000,76.686,0.000,0.000,0.000,0.000,0.000,0.000,0.000
2153,733.034,140.492,170.278,83.449,74.233,19.644,0.000,76.398,0.000,0.000,0.000,0.000,0.000,0.000,0.000
2154,733.373,191.825,170.078,83.320,74.324,19.662,0.000,76.090,0.000,0.000,0.000,0.000,0.000,0.000,0.000
2155,733.713,165.085,169.861,83.191,74.417,19.681,0.000,75.760,0.000,0.000,0.000,0.000,0.000,0.000,0.000
2156,734.053,141.085,169.626,83.063,74.512,19.701,0.000,75.410,0.000,0.000,0.000,0.000,0.000,0.000,0.000
2157,734.393,158.492,169.373,82.934,74.609,19.721,0.000,75.041,0.000,0.000,0.000,0.000,0.000,0.000,0.000
2158,734.733,137.197,169.104,82.805,74.708,19.742,0.000,74.652,0.000,0.000,0.000,0.000,0.000,0.000,0.000
2159,735.073,144.048,168.819,82.677,74.808,19.764,0.000,74.245,0.000,0.000,0.000,0.000,0.000,0.000,0.000
2160,735.413,158.640,168.518,82.548,74.909,19.786,0.000,73.820,0.000,0.000,0.000,0.000,0.000,0.000,0.000
2161,735.752,159.714,168.199,82.419,75.012,19.809,0.000,73.376,0.000,0.000,0.000,0.000,0.000,0.000,0.000
2162,736.092,129.788,167.864,82.291,75.116,19.833,0.000,72.913,0.000,0.000,0.000,0.000,0.000,0.000,0.000
2163,736.432,144.603,167.513,82.162,75.221,19.858,0.000,72.432,0.000,0.000,0.000,0.000,0.000,0.000,0.000
2164,736.772,157.640,167.147,82.033,75.327,19.883,0.000,71.934,0.000,0.000,0.000,0.000,0.000,0.000,0.000
2165,737.111,151.788,166.765,81.904,75.435,19.909,0.000,71.418,0.000,0.000,0.000,0.000,0.000,0.000,0.000
2166,737.451,125.381,166.368,81.776,75.544,19.936,0.000,70.885,0.000,0.000,0.000,0.000,0.000,0.000,0.000
2167,737.791,146.011,165.957,81.647,75.654,19.964,0.000,70.337,0.000,0.000,0.000,0.000,0.000,0.000,0.000
2168,738.131,163.047,165.533,81.518,75.765,19.993,0.000,69.772,0.000,0.000,0.000,0.000,0.000,0.000,0.000
2169,738.470,127.566,165.095,81.390,75.878,20.022,0.000,69.192,0.000,0.000,0.000,0.000,0.000,0.000,0.000
2170,738.810,140.973,164.645,81.261,75.993,20.053,0.000,68.597,0.000,0.000,0.000,0.000,0.000,0.000,0.000
2171,739.150,167.640,164.183,81.132,76.108,20.084,0.000,67.988,0.000,0.000,0.000,0.000,0.000,0.000,0.000
2172,739.489,149.640,163.709,81.004,76.225,20.116,0.000,67.365,0.000,0.000,0.000,0.000,0.000,0.000,0.000
2173,739.829,167.788,163.225,80.875,76.344,20.149,0.000,66.729,0.000,0.000,0.000,0.000,0.000,0.000,0.000
2174,740.169,152.937,162.730,80.746,76.463,20.183,0.000,66.080,0.000,0.000,0.000,0.000,0.000,0.000,0.000
2175,740.508,128.418,162.225,80.618,76.585,20.218,0.000,65.419,0.000,0.000,0.000,0.000,0.000,0.000,0.000
2176,740.848,134.826,161.711,80.489,76.707,20.254,0.000,64.747,0.000,0.000,0.000,0.000,0.000,0.000,0.000
2177,741.188,145.159,161.189,80.360,76.832,20.291,0.000,64.063,0.000,0.000,0.000,0.000,0.000,0.000,0.000
2178,741.527,164.233,160.658,80.232,76.957,20.329,0.000,63.369,0.000,0.000,0.000,0.000,0.000,0.000,0.000
2179,741.867,128.529,160.121,80.103,77.085,20.368,0.000,62.665,0.000,0.000,0.000,0.000,0.000,0.000,0.000
2180,742.206,153.899,159.576,79.974,77.214,20.408,0.000,61.952,0.000,0.000,0.000,0.000,0.000,0.000,0.000
2181,742.546,142.343,159.026,79.845,77.344,20.448,0.000,61.231,0.000,0.000,0.000,0.000,0.000,0.000,0.000
2182,742.885,152.158,158.471,79.717,77.477,20.488,0.000,60.503,0.000,0.000,0.000,0.000,0.000,0.000,0.000
2183,743.225,126.380,157.910,79.588,77.612,20.528,0.000,59.767,0.000,0.000,0.000,0.000,0.000,0.000,0.000
2184,743.565,137.825,157.346,79.459,77.748,20.569,0.000,59.026,0.000,0.000,0.000,0.000,0.000,0.000,0.000
2185,743.904,162.233,156.778,79.331,77.887,20.610,0.000,58.278,0.000,0.000,0.000,0.000,0.000,0.000,0.000
2186,744.244,138.603,156.207,79.202,78.028,20.650,0.000,57.526,0.000,0.000,0.000,0.000,0.000,0.000,0.000
2187,744.583,139.936,155.634,79.073,78.171,20.691,0.000,56.769,0.000,0.000,0.000,0.000,0.000,0.000,0.000
2188,744.923,136.307,155.059,78.945,78.316,20.732,0.000,56.008,0.000,0.000,0.000,0.000,0.000,0.000,0.000
2189,745.262,141.640,154.484,78.816,78.464,20.773,0.000,55.244,0.000,0.000,0.000,0.000,0.000,0.000,0.000
2190,745.601,140.936,153.908,78.687,78.614,20.814,0.000,54.477,0.000,0.000,0.000,0.000,0.000,0.000,0.000
2191,745.941,113.900,153.333,78.559,78.766,20.855,0.000,53.709,0.000,0.000,0.000,0.000,0.000,0.000,0.000
2192,746.280,121.381,152.758,78.430,78.921,20.896,0.000,52.938,0.000,0.000,0.000,0.000,0.000,0.000,0.000
2193,746.620,140.825,152.186,78.301,79.079,20.937,0.000,52.167,0.000,0.000,0.000,0.000,0.000,0.000,0.000
2194,746.959,153.084,151.615,78.173,79.239,20.978,0.000,51.396,0.000,0.000,0.000,0.000,0.000,0.000,0.000
2195,747.299,141.047,151.048,78.044,79.403,21.018,0.000,50.624,0.000,0.000,0.000,0.000,0.000,0.000,0.000
2196,747.638,136.640,150.484,77.915,79.569,21.058,0.000,49.854,0.000,0.000,0.000,0.000,0.000,0.000,0.000
2197,747.977,135.270,149.924,77.787,79.738,21.099,0.000,49.084,0.000,0.000,0.000,0.000,0.000,0.000,0.000
2198,748.317,135.121,149.369,77.658,79.911,21.138,0.000,48.316,0.000,0.000,0.000,0.000,0.000,0.000,0.000
2199,748.656,130.418,148.817,77.529,80.086,21.178,0.000,47.550,0.000,0.000,0.000,0.000,0.000,0.000,0.000
2200,748.996,129.122,148.268,77.400,80.263,21.217,0.000,46.785,0.000,0.000,0.000,0.000,0.000,0.000,0.000
2201,749.335,138.714,147.723,77.272,80.443,21.255,0.000,46.021,0.000,0.000,0.000,0.000,0.000,0.000,0.000
2202,749.674,141.787,147.183,77.143,80.626,21.293,0.000,45.260,0.000,0.000,0.000,0.000,0.000,0.000,0.000
2203,750.014,128.752,146.646,77.014,80.810,21.331,0.000,44.502,0.000,0.000,0.000,0.000,0.000,0.000,0.000
2204,750.353,146.861,146.115,76.886,80.995,21.368,0.000,43.749,0.000,0.000,0.000,0.000,0.000,0.000,0.000
2205,750.692,130.418,145.589,76.757,81.182,21.404,0.000,43.000,0.000,0.000,0.000,0.000,0.000,0.000,0.000
2206,751.031,124.344,145.069,76.628,81.370,21.440,0.000,42.256,0.000,0.000,0.000,0.000,0.000,0.000,0.000
2207,751.371,136.789,144.555,76.500,81.559,21.475,0.000,41.518,0.000,0.000,0.000,0.000,0.000,0.000,0.000
2208,751.710,132.825,144.047,76.371,81.749,21.509,0.000,40.786,0.000,0.000,0.000,0.000,0.000,0.000,0.000
2209,752.049,133.566,143.546,76.242,81.940,21.543,0.000,40.060,0.000,0.000,0.000,0.000,0.000,0.000,0.000
2210,752.388,146.380,143.053,76.114,82.133,21.576,0.000,39.340,0.000,0.000,0.000,0.000,0.000,0.000,0.000
2211,752.728,143.046,142.566,75.985,82.326,21.608,0.000,38.628,0.000,0.000,0.000,0.000,0.000,0.000,0.000
2212,753.067,126.085,142.087,75.856,82.521,21.640,0.000,37.923,0.000,0.000,0.000,0.000,0.000,0.000,0.000
2213,753.406,149.566,141.617,75.728,82.717,21.670,0.000,37.227,0.000,0.000,0.000,0.000,0.000,0.000,0.000
2214,753.745,123.714,141.154,75.599,82.913,21.700,0.000,36.538,0.000,0.000,0.000,0.000,0.000,0.000,0.000
2215,754.084,132.972,140.700,75.470,83.111,21.728,0.000,35.858,0.000,0.000,0.000,0.000,0.000,0.000,0.000
2216,754.424,127.159,140.255,75.341,83.309,21.756,0.000,35.186,0.000,0.000,0.000,0.000,0.000,0.000,0.000
2217,754.763,120.381,139.819,75.213,83.509,21.783,0.000,34.524,0.000,0.000,0.000,0.000,0.000,0.000,0.000
2218,755.102,117.159,139.392,75.084,83.710,21.808,0.000,33.871,0.000,0.000,0.000,0.000,0.000,0.000,0.000
2219,755.441,122.047,138.975,74.955,83.911,21.833,0.000,33.227,0.000,0.000,0.000,0.000,0.000,0.000,0.000
2220,755.780,109.603,138.567,74.827,84.113,21.856,0.000,32.593,0.000,0.000,0.000,0.000,0.000,0.000,0.000
2221,756.119,128.640,138.169,74.698,84.317,21.878,0.000,31.970,0.000,0.000,0.000,0.000,0.000,0.000,0.000
2222,756.458,94.751,137.781,74.569,84.521,21.899,0.000,31.357,0.000,0.000,0.000,0.000,0.000,0.000,0.000
2223,756.797,135.381,137.404,74.441,84.726,21.919,0.000,30.754,0.000,0.000,0.000,0.000,0.000,0.000,0.000
2224,757.137,119.084,137.036,74.312,84.932,21.938,0.000,30.162,0.000,0.000,0.000,0.000,0.000,0.000,0.000
2225,757.476,153.603,136.680,74.183,85.139,21.956,0.000,29.581,0.000,0.000,0.000,0.000,0.000,0.000,0.000
2226,757.815,136.862,136.334,74.055,85.347,21.972,0.000,29.011,0.000,0.000,0.000,0.000,0.000,0.000,0.000
2227,758.154,138.454,135.999,73.926,85.556,21.986,0.000,28.453,0.000,0.000,0.000,0.000,0.000,0.000,0.000
2228,758.493,128.640,135.675,73.797,85.765,22.000,0.000,27.906,0.000,0.000,0.000,0.000,0.000,0.000,0.000
2229,758.832,129.639,135.362,73.669,85.976,22.012,0.000,27.370,0.000,0.000,0.000,0.000,0.000,0.000,0.000
2230,759.171,128.973,135.060,73.540,86.187,22.023,0.000,26.846,0.000,0.000,0.000,0.000,0.000,0.000,0.000
2231,759.510,145.713,134.770,73.411,86.400,22.032,0.000,26.334,0.000,0.000,0.000,0.000,0.000,0.000,0.000
2232,759.849,146.046,134.491,73.282,86.613,22.040,0.000,25.834,0.000,0.000,0.000,0.000,0.000,0.000,0.000
2233,760.188,101.529,134.224,73.154,86.827,22.047,0.000,25.346,0.000,0.000,0.000,0.000,0.000,0.000,0.000
2234,760.527,119.973,133.968,73.025,87.041,22.052,0.000,24.871,0.000,0.000,0.000,0.000,0.000,0.000,0.000
2235,760.866,132.529,133.724,72.896,87.257,22.056,0.000,24.408,0.000,0.000,0.000,0.000,0.000,0.000,0.000
2236,761.205,133.713,133.492,72.768,87.473,22.058,0.000,23.957,0.000,0.000,0.000,0.000,0.000,0.000,0.000
2237,761.543,139.454,133.272,72.639,87.689,22.059,0.000,23.519,0.000,0.000,0.000,0.000,0.000,0.000,0.000
2238,761.882,116.085,133.064,72.510,87.907,22.058,0.000,23.094,0.000,0.000,0.000,0.000,0.000,0.000,0.000
2239,762.221,125.047,132.867,72.382,88.125,22.056,0.000,22.681,0.000,0.000,0.000,0.000,0.000,0.000,0.000
2240,762.560,128.343,132.681,72.253,88.344,22.053,0.000,22.280,0.000,0.000,0.000,0.000,0.000,0.000,0.000
2241,762.899,131.640,132.505,72.124,88.562,22.047,0.000,21.891,0.000,0.000,0.000,0.000,0.000,0.000,0.000
2242,763.238,122.937,132.338,71.996,88.779,22.040,0.000,21.514,0.000,0.000,0.000,0.000,0.000,0.000,0.000
2243,763.577,118.195,132.182,71.867,88.997,22.032,0.000,21.148,0.000,0.000,0.000,0.000,0.000,0.000,0.000
2244,763.916,128.047,132.035,71.738,89.215,22.021,0.000,20.794,0.000,0.000,0.000,0.000,0.000,0.000,0.000
2245,764.254,129.565,131.898,71.610,89.434,22.009,0.000,20.450,0.000,0.000,0.000,0.000,0.000,0.000,0.000
2246,764.593,88.603,131.770,71.481,89.653,21.996,0.000,20.117,0.000,0.000,0.000,0.000,0.000,0.000,0.000
2247,764.932,131.084,131.652,71.352,89.872,21.981,0.000,19.794,0.000,0.000,0.000,0.000,0.000,0.000,0.000
2248,765.271,123.381,131.548,71.224,90.095,21.965,0.000,19.484,0.000,0.000,0.000,0.000,0.000,0.000,0.000
2249,765.610,119.973,131.451,71.095,90.316,21.947,0.000,19.183,0.000,0.000,0.000,0.000,0.000,0.000,0.000
2250,765.948,98.344,131.361,70.966,90.538,21.927,0.000,18.891,0.000,0.000,0.000,0.000,0.000,0.000,0.000
2251,766.287,127.306,131.280,70.837,90.761,21.905,0.000,18.609,0.000,0.000,0.000,0.000,0.000,0.000,0.000
2252,766.626,126.714,131.209,70.709,90.983,21.882,0.000,18.338,0.000,0.000,0.000,0.000,0.000,0.000,0.000
2253,766.965,139.565,131.146,70.580,91.207,21.858,0.000,18.076,0.000,0.000,0.000,0.000,0.000,0.000,0.000
2254,767.303,158.196,131.092,70.451,91.431,21.832,0.000,17.823,0.000,0.000,0.000,0.000,0.000,0.000,0.000
2255,767.642,132.417,131.047,70.323,91.656,21.804,0.000,17.581,0.000,0.000,0.000,0.000,0.000,0.000,0.000
2256,767.981,134.899,131.011,70.194,91.883,21.775,0.000,17.347,0.000,0.000,0.000,0.000,0.000,0.000,0.000
2257,768.320,164.640,130.983,70.065,92.111,21.745,0.000,17.122,0.000,0.000,0.000,0.000,0.000,0.000,0.000
2258,768.658,136.714,130.964,69.937,92.340,21.713,0.000,16.906,0.000,0.000,0.000,0.000,0.000,0.000,0.000
2259,768.997,130.565,130.953,69.808,92.570,21.679,0.000,16.698,0.000,0.000,0.000,0.000,0.000,0.000,0.000
2260,769.336,124.677,130.951,69.679,92.802,21.644,0.000,16.499,0.000,0.000,0.000,0.000,0.000,0.000,0.000
2261,769.674,124.010,130.958,69.551,93.035,21.608,0.000,16.308,0.000,0.000,0.000,0.000,0.000,0.000,0.000
2262,770.013,136.418,130.972,69.422,93.271,21.570,0.000,16.125,0.000,0.000,0.000,0.000,0.000,0.000,0.000
2263,770.351,132.195,130.995,69.293,93.508,21.531,0.000,15.950,0.000,0.000,0.000,0.000,0.000,0.000,0.000
2264,770.690,144.787,131.026,69.165,93.747,21.491,0.000,15.782,0.000,0.000,0.000,0.000,0.000,0.000,0.000
2265,771.029,96.047,131.065,69.036,93.988,21.449,0.000,15.622,0.000,0.000,0.000,0.000,0.000,0.000,0.000
2266,771.367,155.639,131.111,68.907,94.231,21.406,0.000,15.468,0.000,0.000,0.000,0.000,0.000,0.000,0.000
2267,771.706,130.789,131.160,68.778,94.470,21.361,0.000,15.322,0.000,0.000,0.000,0.000,0.000,0.000,0.000
2268,772.044,124.750,131.212,68.650,94.707,21.316,0.000,15.182,0.000,0.000,0.000,0.000,0.000,0.000,0.000
2269,772.383,140.602,131.265,68.521,94.941,21.269,0.000,15.049,0.000,0.000,0.000,0.000,0.000,0.000,0.000
2270,772.721,127.417,131.321,68.392,95.171,21.221,0.000,14.921,0.000,0.000,0.000,0.000,0.000,0.000,0.000
2271,773.060,137.788,131.378,68.264,95.399,21.172,0.000,14.800,0.000,0.000,0.000,0.000,0.000,0.000,0.000
2272,773.398,112.935,131.436,68.135,95.622,21.122,0.000,14.685,0.000,0.000,0.000,0.000,0.000,0.000,0.000
2273,773.737,150.194,131.495,68.006,95.842,21.071,0.000,14.575,0.000,0.000,0.000,0.000,0.000,0.000,0.000
2274,774.075,137.972,131.554,67.878,96.059,21.018,0.000,14.470,0.000,0.000,0.000,0.000,0.000,0.000,0.000
2275,774.414,127.565,131.614,67.749,96.271,20.965,0.000,14.370,0.000,0.000,0.000,0.000,0.000,0.000,0.000
2276,774.752,153.158,131.674,67.620,96.479,20.911,0.000,14.275,0.000,0.000,0.000,0.000,0.000,0.000,0.000
2277,775.091,136.306,131.732,67.492,96.684,20.856,0.000,14.185,0.000,0.000,0.000,0.000,0.000,0.000,0.000
2278,775.429,115.750,131.791,67.363,96.883,20.800,0.000,14.099,0.000,0.000,0.000,0.000,0.000,0.000,0.000
2279,775.768,104.529,131.848,67.234,97.078,20.743,0.000,14.018,0.000,0.000,0.000,0.000,0.000,0.000,0.000
2280,776.106,131.306,131.903,67.106,97.269,20.686,0.000,13.940,0.000,0.000,0.000,0.000,0.000,0.000,0.000
2281,776.445,138.936,131.957,66.977,97.455,20.627,0.000,13.866,0.000,0.000,0.000,0.000,0.000,0.000,0.000
2282,776.783,119.269,132.008,66.848,97.636,20.568,0.000,13.796,0.000,0.000,0.000,0.000,0.000,0.000,0.000
2283,777.121,135.639,132.058,66.720,97.811,20.509,0.000,13.729,0.000,0.000,0.000,0.000,0.000,0.000,0.000
2284,777.460,123.158,132.104,66.591,97.982,20.449,0.000,13.665,0.000,0.000,0.000,0.000,0.000,0.000,0.000
2285,777.798,127.565,132.148,66.462,98.147,20.388,0.000,13.604,0.000,0.000,0.000,0.000,0.000,0.000,0.000
2286,778.136,130.343,132.188,66.333,98.307,20.326,0.000,13.546,0.000,0.000,0.000,0.000,0.000,0.000,0.000
2287,778.475,106.306,132.225,66.205,98.461,20.265,0.000,13.491,0.000,0.000,0.000,0.000,0.000,0.000,0.000
2288,778.813,129.269,132.260,66.076,98.609,20.202,0.000,13.439,0.000,0.000,0.000,0.000,0.000,0.000,0.000
2289,779.151,143.157,132.290,65.947,98.752,20.140,0.000,13.389,0.000,0.000,0.000,0.000,0.000,0.000,0.000
2290,779.490,116.306,132.317,65.819,98.889,20.077,0.000,13.342,0.000,0.000,0.000,0.000,0.000,0.000,0.000
2291,779.828,116.121,132.339,65.690,99.019,20.013,0.000,13.297,0.000,0.000,0.000,0.000,0.000,0.000,0.000
2292,780.166,108.194,132.357,65.561,99.143,19.950,0.000,13.254,0.000,0.000,0.000,0.000,0.000,0.000,0.000
2293,780.505,133.157,132.370,65.433,99.260,19.886,0.000,13.213,0.000,0.000,0.000,0.000,0.000,0.000,0.000
2294,780.843,127.343,132.377,65.304,99.371,19.822,0.000,13.173,0.000,0.000,0.000,0.000,0.000,0.000,0.000
2295,781.181,130.639,132.379,65.175,99.475,19.758,0.000,13.135,0.000,0.000,0.000,0.000,0.000,0.000,0.000
2296,781.519,119.491,132.375,65.047,99.572,19.694,0.000,13.098,0.000,0.000,0.000,0.000,0.000,0.000,0.000
2297,781.858,118.269,132.365,64.918,99.663,19.630,0.000,13.061,0.000,0.000,0.000,0.000,0.000,0.000,0.000
2298,782.196,147.898,132.348,64.789,99.746,19.566,0.000,13.025,0.000,0.000,0.000,0.000,0.000,0.000,0.000
2299,782.534,124.936,132.325,64.661,99.822,19.502,0.000,12.990,0.000,0.000,0.000,0.000,0.000,0.000,0.000
2300,782.872,127.085,132.295,64.532,99.891,19.438,0.000,12.955,0.000,0.000,0.000,0.000,0.000,0.000,0.000
2301,783.210,132.417,132.257,64.403,99.952,19.374,0.000,12.920,0.000,0.000,0.000,0.000,0.000,0.000,0.000
2302,783.548,128.380,132.213,64.274,100.006,19.311,0.000,12.885,0.000,0.000,0.000,0.000,0.000,0.000,0.000
2303,783.887,140.121,132.161,64.146,100.052,19.247,0.000,12.850,0.000,0.000,0.000,0.000,0.000,0.000,0.000
2304,784.225,135.786,132.101,64.017,100.090,19.184,0.000,12.815,0.000,0.000,0.000,0.000,0.000,0.000,0.000
2305,784.563,128.861,132.034,63.888,100.121,19.121,0.000,12.779,0.000,0.000,0.000,0.000,0.000,0.000,0.000
2306,784.901,109.343,131.958,63.760,100.144,19.059,0.000,12.743,0.000,0.000,0.000,0.000,0.000,0.000,0.000
2307,785.239,125.157,131.874,63.631,100.159,18.997,0.000,12.706,0.000,0.000,0.000,0.000,0.000,0.000,0.000
2308,785.577,105.751,131.782,63.502,100.166,18.935,0.000,12.668,0.000,0.000,0.000,0.000,0.000,0.000,0.000
2309,785.915,110.639,131.682,63.374,100.165,18.874,0.000,12.630,0.000,0.000,0.000,0.000,0.000,0.000,0.000
2310,786.253,125.009,131.573,63.245,100.156,18.814,0.000,12.590,0.000,0.000,0.000,0.000,0.000,0.000,0.000
2311,786.591,145.490,131.455,63.116,100.139,18.754,0.000,12.549,0.000,0.000,0.000,0.000,0.000,0.000,0.000
2312,786.929,123.565,131.329,62.988,100.113,18.694,0.000,12.508,0.000,0.000,0.000,0.000,0.000,0.000,0.000
2313,787.267,136.825,131.193,62.859,100.079,18.636,0.000,12.465,0.000,0.000,0.000,0.000,0.000,0.000,0.000
2314,787.605,115.195,131.049,62.730,100.037,18.578,0.000,12.421,0.000,0.000,0.000,0.000,0.000,0.000,0.000
2315,787.943,126.120,130.896,62.602,99.987,18.520,0.000,12.375,0.000,0.000,0.000,0.000,0.000,0.000,0.000
2316,788.281,106.972,130.734,62.473,99.928,18.464,0.000,12.328,0.000,0.000,0.000,0.000,0.000,0.000,0.000
2317,788.619,137.491,130.563,62.344,99.861,18.408,0.000,12.280,0.000,0.000,0.000,0.000,0.000,0.000,0.000
2318,788.957,125.454,130.383,62.215,99.785,18.353,0.000,12.230,0.000,0.000,0.000,0.000,0.000,0.000,0.000
2319,789.295,125.416,130.193,62.087,99.702,18.299,0.000,12.179,0.000,0.000,0.000,0.000,0.000,0.000,0.000
2320,789.633,123.083,129.995,61.958,99.609,18.246,0.000,12.126,0.000,0.000,0.000,0.000,0.000,0.000,0.000
2321,789.971,113.491,129.788,61.829,99.509,18.193,0.000,12.071,0.000,0.000,0.000,0.000,0.000,0.000,0.000
2322,790.309,99.120,129.571,61.701,99.400,18.142,0.000,12.015,0.000,0.000,0.000,0.000,0.000,0.000,0.000
2323,790.647,117.491,129.346,61.572,99.282,18.091,0.000,11.957,0.000,0.000,0.000,0.000,0.000,0.000,0.000
2324,790.985,111.380,129.111,61.443,99.157,18.042,0.000,11.897,0.000,0.000,0.000,0.000,0.000,0.000,0.000
2325,791.323,136.750,128.868,61.315,99.023,17.993,0.000,11.836,0.000,0.000,0.000,0.000,0.000,0.000,0.000
2326,791.661,131.491,128.615,61.186,98.881,17.946,0.000,11.773,0.000,0.000,0.000,0.000,0.000,0.000,0.000
2327,791.999,112.491,128.354,61.057,98.731,17.900,0.000,11.708,0.000,0.000,0.000,0.000,0.000,0.000,0.000
2328,792.337,116.491,128.085,60.929,98.572,17.855,0.000,11.642,0.000,0.000,0.000,0.000,0.000,0.000,0.000
2329,792.674,96.750,127.806,60.800,98.406,17.811,0.000,11.573,0.000,0.000,0.000,0.000,0.000,0.000,0.000
2330,793.012,134.676,127.519,60.671,98.232,17.768,0.000,11.503,0.000,0.000,0.000,0.000,0.000,0.000,0.000
2331,793.350,129.824,127.224,60.543,98.050,17.726,0.000,11.432,0.000,0.000,0.000,0.000,0.000,0.000,0.000
2332,793.688,124.269,126.920,60.414,97.859,17.686,0.000,11.358,0.000,0.000,0.000,0.000,0.000,0.000,0.000
2333,794.026,98.083,126.608,60.285,97.662,17.646,0.000,11.283,0.000,0.000,0.000,0.000,0.000,0.000,0.000
2334,794.363,104.898,126.288,60.157,97.456,17.608,0.000,11.207,0.000,0.000,0.000,0.000,0.000,0.000,0.000
2335,794.701,105.824,125.961,60.028,97.244,17.572,0.000,11.129,0.000,0.000,0.000,0.000,0.000,0.000,0.000
2336,795.039,108.639,125.625,59.899,97.024,17.536,0.000,11.049,0.000,0.000,0.000,0.000,0.000,0.000,0.000
2337,795.377,115.639,125.283,59.770,96.796,17.502,0.000,10.967,0.000,0.000,0.000,0.000,0.000,0.000,0.000
2338,795.714,93.453,124.932,59.642,96.562,17.469,0.000,10.884,0.000,0.000,0.000,0.000,0.000,0.000,0.000
2339,796.052,93.750,124.575,59.513,96.320,17.438,0.000,10.799,0.000,0.000,0.000,0.000,0.000,0.000,0.000
2340,796.390,107.379,124.271,59.445,96.116,17.422,0.000,10.715,0.000,0.000,0.000,0.000,0.000,0.000,0.000
2341,796.728,116.750,123.961,59.377,95.906,17.408,0.000,10.630,0.000,0.000,0.000,0.000,0.000,0.000,0.000
2342,797.065,114.527,123.644,59.309,95.689,17.395,0.000,10.543,0.000,0.000,0.000,0.000,0.000,0.000,0.000
2343,797.403,132.416,123.321,59.242,95.466,17.383,0.000,10.454,0.000,0.000,0.000,0.000,0.000,0.000,0.000
2344,797.741,92.824,122.992,59.174,95.237,17.373,0.000,10.364,0.000,0.000,0.000,0.000,0.000,0.000,0.000
2345,798.078,119.120,122.657,59.106,95.001,17.364,0.000,10.273,0.000,0.000,0.000,0.000,0.000,0.000,0.000
2346,798.416,103.194,122.316,59.038,94.760,17.357,0.000,10.181,0.000,0.000,0.000,0.000,0.000,0.000,0.000
2347,798.753,107.379,121.971,58.970,94.514,17.351,0.000,10.088,0.000,0.000,0.000,0.000,0.000,0.000,0.000
2348,799.091,103.676,121.620,58.902,94.262,17.347,0.000,9.993,0.000,0.000,0.000,0.000,0.000,0.000,0.000
2349,799.429,102.565,121.264,58.834,94.004,17.344,0.000,9.897,0.000,0.000,0.000,0.000,0.000,0.000,0.000
2350,799.766,135.676,120.904,58.766,93.742,17.343,0.000,9.800,0.000,0.000,0.000,0.000,0.000,0.000,0.000
2351,800.104,123.490,120.539,58.698,93.475,17.344,0.000,9.703,0.000,0.000,0.000,0.000,0.000,0.000,0.000
2352,800.441,130.898,120.171,58.630,93.204,17.345,0.000,9.604,0.000,0.000,0.000,0.000,0.000,0.000,0.000
2353,800.779,90.157,119.799,58.563,92.928,17.349,0.000,9.504,0.000,0.000,0.000,0.000,0.000,0.000,0.000
2354,801.117,118.342,119.424,58.495,92.648,17.354,0.000,9.404,0.000,0.000,0.000,0.000,0.000,0.000,0.000
2355,801.454,108.824,119.046,58.427,92.364,17.361,0.000,9.302,0.000,0.000,0.000,0.000,0.000,0.000,0.000
2356,801.792,95.009,118.665,58.359,92.077,17.369,0.000,9.200,0.000,0.000,0.000,0.000,0.000,0.000,0.000
2357,802.129,105.935,118.282,58.291,91.787,17.379,0.000,9.098,0.000,0.000,0.000,0.000,0.000,0.000,0.000
2358,802.467,102.231,117.897,58.223,91.493,17.390,0.000,8.994,0.000,0.000,0.000,0.000,0.000,0.000,0.000
2359,802.804,98.750,117.510,58.155,91.197,17.404,0.000,8.891,0.000,0.000,0.000,0.000,0.000,0.000,0.000
2360,803.142,123.304,117.122,58.087,90.898,17.418,0.000,8.786,0.000,0.000,0.000,0.000,0.000,0.000,0.000
2361,803.479,107.527,116.733,58.019,90.597,17.435,0.000,8.682,0.000,0.000,0.000,0.000,0.000,0.000,0.000
2362,803.816,113.934,116.343,57.952,90.295,17.453,0.000,8.576,0.000,0.000,0.000,0.000,0.000,0.000,0.000
2363,804.154,127.119,115.953,57.884,89.990,17.473,0.000,8.471,0.000,0.000,0.000,0.000,0.000,0.000,0.000
2364,804.491,110.193,115.563,57.816,89.684,17.494,0.000,8.365,0.000,0.000,0.000,0.000,0.000,0.000,0.000
2365,804.829,109.120,115.173,57.748,89.377,17.517,0.000,8.260,0.000,0.000,0.000,0.000,0.000,0.000,0.000
2366,805.166,117.231,114.784,57.680,89.070,17.542,0.000,8.154,0.000,0.000,0.000,0.000,0.000,0.000,0.000
2367,805.503,112.305,114.396,57.612,88.761,17.569,0.000,8.047,0.000,0.000,0.000,0.000,0.000,0.000,0.000
2368,805.841,104.379,114.010,57.544,88.453,17.597,0.000,7.941,0.000,0.000,0.000,0.000,0.000,0.000,0.000
2369,806.178,124.083,113.626,57.476,88.144,17.627,0.000,7.835,0.000,0.000,0.000,0.000,0.000,0.000,0.000
2370,806.516,102.231,113.244,57.408,87.836,17.659,0.000,7.729,0.000,0.000,0.000,0.000,0.000,0.000,0.000
2371,806.853,120.564,112.865,57.340,87.529,17.693,0.000,7.624,0.000,0.000,0.000,0.000,0.000,0.000,0.000
2372,807.190,115.824,112.488,57.273,87.222,17.729,0.000,7.518,0.000,0.000,0.000,0.000,0.000,0.000,0.000
2373,807.528,102.602,112.115,57.205,86.917,17.766,0.000,7.413,0.000,0.000,0.000,0.000,0.000,0.000,0.000
2374,807.865,84.527,111.746,57.137,86.613,17.806,0.000,7.308,0.000,0.000,0.000,0.000,0.000,0.000,0.000
2375,808.202,88.342,111.381,57.069,86.312,17.847,0.000,7.204,0.000,0.000,0.000,0.000,0.000,0.000,0.000
2376,808.539,97.379,111.021,57.001,86.012,17.890,0.000,7.100,0.000,0.000,0.000,0.000,0.000,0.000,0.000
2377,808.877,92.898,110.665,56.933,85.715,17.935,0.000,6.997,0.000,0.000,0.000,0.000,0.000,0.000,0.000
2378,809.214,121.046,110.315,56.865,85.421,17.982,0.000,6.894,0.000,0.000,0.000,0.000,0.000,0.000,0.000
2379,809.551,110.416,109.971,56.797,85.130,18.031,0.000,6.791,0.000,0.000,0.000,0.000,0.000,0.000,0.000
2380,809.888,104.379,109.633,56.729,84.843,18.082,0.000,6.690,0.000,0.000,0.000,0.000,0.000,0.000,0.000
2381,810.226,111.193,109.301,56.662,84.559,18.135,0.000,6.589,0.000,0.000,0.000,0.000,0.000,0.000,0.000
2382,810.563,101.416,108.976,56.594,84.280,18.190,0.000,6.489,0.000,0.000,0.000,0.000,0.000,0.000,0.000
2383,810.900,97.268,108.659,56.526,84.004,18.247,0.000,6.389,0.000,0.000,0.000,0.000,0.000,0.000,0.000
2384,811.237,102.490,108.349,56.458,83.734,18.307,0.000,6.290,0.000,0.000,0.000,0.000,0.000,0.000,0.000
2385,811.574,111.194,108.047,56.390,83.469,18.368,0.000,6.193,0.000,0.000,0.000,0.000,0.000,0.000,0.000
2386,811.912,122.490,107.753,56.322,83.208,18.432,0.000,6.096,0.000,0.000,0.000,0.000,0.000,0.000,0.000
2387,812.249,117.305,107.467,56.254,82.952,18.497,0.000,6.000,0.000,0.000,0.000,0.000,0.000,0.000,0.000
2388,812.586,95.268,107.186,56.186,82.700,18.565,0.000,5.904,0.000,0.000,0.000,0.000,0.000,0.000,0.000
2389,812.923,86.009,106.912,56.118,82.451,18.634,0.000,5.810,0.000,0.000,0.000,0.000,0.000,0.000,0.000
2390,813.260,111.269,106.643,56.050,82.205,18.705,0.000,5.716,0.000,0.000,0.000,0.000,0.000,0.000,0.000
2391,813.597,104.897,106.381,55.983,81.963,18.778,0.000,5.623,0.000,0.000,0.000,0.000,0.000,0.000,0.000
2392,813.934,89.342,106.126,55.915,81.725,18.854,0.000,5.531,0.000,0.000,0.000,0.000,0.000,0.000,0.000
2393,814.271,112.786,105.878,55.847,81.490,18.932,0.000,5.440,0.000,0.000,0.000,0.000,0.000,0.000,0.000
2394,814.608,87.527,105.636,55.779,81.258,19.012,0.000,5.350,0.000,0.000,0.000,0.000,0.000,0.000,0.000
2395,814.945,88.415,105.402,55.711,81.030,19.094,0.000,5.261,0.000,0.000,0.000,0.000,0.000,0.000,0.000
2396,815.282,97.750,105.174,55.643,80.806,19.179,0.000,5.174,0.000,0.000,0.000,0.000,0.000,0.000,0.000
2397,815.620,105.305,104.954,55.575,80.585,19.266,0.000,5.088,0.000,0.000,0.000,0.000,0.000,0.000,0.000
2398,815.957,103.082,104.742,55.507,80.368,19.355,0.000,5.003,0.000,0.000,0.000,0.000,0.000,0.000,0.000
2399,816.294,97.083,104.537,55.439,80.155,19.447,0.000,4.919,0.000,0.000,0.000,0.000,0.000,0.000,0.000
2400,816.631,116.713,104.339,55.372,79.947,19.541,0.000,4.836,0.000,0.000,0.000,0.000,0.000,0.000,0.000
2401,816.967,103.305,104.150,55.304,79.742,19.638,0.000,4.755,0.000,0.000,0.000,0.000,0.000,0.000,0.000
2402,817.304,95.565,103.968,55.236,79.541,19.737,0.000,4.674,0.000,0.000,0.000,0.000,0.000,0.000,0.000
2403,817.641,103.786,103.794,55.168,79.344,19.839,0.000,4.596,0.000,0.000,0.000,0.000,0.000,0.000,0.000
2404,817.978,108.194,103.628,55.100,79.152,19.944,0.000,4.518,0.000,0.000,0.000,0.000,0.000,0.000,0.000
2405,818.315,121.860,103.470,55.032,78.963,20.051,0.000,4.442,0.000,0.000,0.000,0.000,0.000,0.000,0.000
2406,818.652,100.564,103.320,54.964,78.778,20.161,0.000,4.367,0.000,0.000,0.000,0.000,0.000,0.000,0.000
2407,818.989,110.416,103.178,54.896,78.597,20.273,0.000,4.293,0.000,0.000,0.000,0.000,0.000,0.000,0.000
2408,819.326,90.305,103.043,54.828,78.420,20.389,0.000,4.220,0.000,0.000,0.000,0.000,0.000,0.000,0.000
2409,819.663,106.416,102.917,54.760,78.247,20.507,0.000,4.149,0.000,0.000,0.000,0.000,0.000,0.000,0.000
2410,820.000,113.119,102.799,54.693,78.078,20.627,0.000,4.080,0.000,0.000,0.000,0.000,0.000,0.000,0.000
2411,820.337,98.861,102.688,54.625,77.913,20.751,0.000,4.011,0.000,0.000,0.000,0.000,0.000,0.000,0.000
2412,820.673,115.009,102.586,54.557,77.751,20.877,0.000,3.944,0.000,0.000,0.000,0.000,0.000,0.000,0.000
2413,821.010,114.712,102.492,54.489,77.594,21.007,0.000,3.878,0.000,0.000,0.000,0.000,0.000,0.000,0.000
2414,821.347,123.564,102.406,54.421,77.440,21.139,0.000,3.814,0.000,0.000,0.000,0.000,0.000,0.000,0.000
2415,821.684,121.231,102.328,54.353,77.290,21.274,0.000,3.751,0.000,0.000,0.000,0.000,0.000,0.000,0.000
2416,822.021,101.934,102.258,54.285,77.144,21.413,0.000,3.689,0.000,0.000,0.000,0.000,0.000,0.000,0.000
2417,822.357,96.675,102.197,54.217,77.001,21.554,0.000,3.628,0.000,0.000,0.000,0.000,0.000,0.000,0.000
2418,822.694,93.861,102.143,54.149,76.862,21.699,0.000,3.569,0.000,0.000,0.000,0.000,0.000,0.000,0.000
2419,823.031,118.157,102.098,54.082,76.727,21.847,0.000,3.511,0.000,0.000,0.000,0.000,0.000,0.000,0.000
2420,823.368,88.490,102.061,54.014,76.596,21.998,0.000,3.455,0.000,0.000,0.000,0.000,0.000,0.000,0.000
2421,823.705,116.823,102.032,53.946,76.467,22.153,0.000,3.400,0.000,0.000,0.000,0.000,0.000,0.000,0.000
2422,824.041,112.268,102.011,53.878,76.343,22.311,0.000,3.346,0.000,0.000,0.000,0.000,0.000,0.000,0.000
2423,824.378,102.861,101.998,53.810,76.221,22.472,0.000,3.293,0.000,0.000,0.000,0.000,0.000,0.000,0.000
2424,824.715,103.083,101.993,53.742,76.103,22.637,0.000,3.242,0.000,0.000,0.000,0.000,0.000,0.000,0.000
2425,825.051,101.230,101.996,53.674,75.988,22.805,0.000,3.192,0.000,0.000,0.000,0.000,0.000,0.000,0.000
2426,825.388,117.046,102.007,53.606,75.876,22.977,0.000,3.143,0.000,0.000,0.000,0.000,0.000,0.000,0.000
2427,825.725,109.453,102.026,53.538,75.766,23.153,0.000,3.095,0.000,0.000,0.000,0.000,0.000,0.000,0.000
2428,826.061,103.527,102.052,53.470,75.660,23.332,0.000,3.049,0.000,0.000,0.000,0.000,0.000,0.000,0.000
2429,826.398,93.193,102.086,53.403,75.556,23.515,0.000,3.004,0.000,0.000,0.000,0.000,0.000,0.000,0.000
2430,826.735,86.638,102.128,53.335,75.455,23.703,0.000,2.960,0.000,0.000,0.000,0.000,0.000,0.000,0.000
2431,827.071,112.416,102.178,53.267,75.357,23.894,0.000,2.917,0.000,0.000,0.000,0.000,0.000,0.000,0.000
2432,827.408,105.638,102.235,53.199,75.260,24.089,0.000,2.876,0.000,0.000,0.000,0.000,0.000,0.000,0.000
2433,827.744,113.711,102.299,53.131,75.167,24.288,0.000,2.836,0.000,0.000,0.000,0.000,0.000,0.000,0.000
2434,828.081,105.564,102.371,53.063,75.075,24.491,0.000,2.796,0.000,0.000,0.000,0.000,0.000,0.000,0.000
2435,828.418,105.305,102.451,52.995,74.985,24.698,0.000,2.758,0.000,0.000,0.000,0.000,0.000,0.000,0.000
2436,828.754,103.971,102.538,52.927,74.897,24.910,0.000,2.721,0.000,0.000,0.000,0.000,0.000,0.000,0.000
2437,829.091,99.194,102.632,52.859,74.811,25.126,0.000,2.686,0.000,0.000,0.000,0.000,0.000,0.000,0.000
2438,829.427,118.046,102.734,52.792,74.727,25.347,0.000,2.651,0.000,0.000,0.000,0.000,0.000,0.000,0.000
2439,829.764,128.119,102.843,52.724,74.645,25.572,0.000,2.617,0.000,0.000,0.000,0.000,0.000,0.000,0.000
2440,830.100,118.935,102.959,52.656,74.564,25.802,0.000,2.585,0.000,0.000,0.000,0.000,0.000,0.000,0.000
2441,830.437,136.379,103.082,52.588,74.484,26.037,0.000,2.553,0.000,0.000,0.000,0.000,0.000,0.000,0.000
2442,830.773,122.787,103.212,52.520,74.406,26.276,0.000,2.523,0.000,0.000,0.000,0.000,0.000,0.000,0.000
2443,831.110,103.454,103.350,52.452,74.328,26.520,0.000,2.493,0.000,0.000,0.000,0.000,0.000,0.000,0.000
2444,831.446,115.267,103.495,52.384,74.253,26.770,0.000,2.465,0.000,0.000,0.000,0.000,0.000,0.000,0.000
2445,831.783,129.267,103.646,52.316,74.178,27.024,0.000,2.437,0.000,0.000,0.000,0.000,0.000,0.000,0.000
2446,832.119,112.786,103.805,52.248,74.104,27.284,0.000,2.411,0.000,0.000,0.000,0.000,0.000,0.000,0.000
2447,832.455,121.934,103.971,52.180,74.030,27.548,0.000,2.385,0.000,0.000,0.000,0.000,0.000,0.000,0.000
2448,832.792,110.786,104.144,52.113,73.958,27.819,0.000,2.361,0.000,0.000,0.000,0.000,0.000,0.000,0.000
2449,833.128,118.157,104.325,52.045,73.886,28.095,0.000,2.337,0.000,0.000,0.000,0.000,0.000,0.000,0.000
2450,833.465,135.527,104.512,51.977,73.815,28.376,0.000,2.314,0.000,0.000,0.000,0.000,0.000,0.000,0.000
2451,833.801,88.786,104.706,51.909,73.744,28.663,0.000,2.292,0.000,0.000,0.000,0.000,0.000,0.000,0.000
2452,834.137,123.526,104.907,51.841,73.674,28.956,0.000,2.271,0.000,0.000,0.000,0.000,0.000,0.000,0.000
2453,834.474,84.861,105.116,51.773,73.604,29.255,0.000,2.251,0.000,0.000,0.000,0.000,0.000,0.000,0.000
2454,834.810,124.305,105.332,51.705,73.535,29.559,0.000,2.231,0.000,0.000,0.000,0.000,0.000,0.000,0.000
2455,835.146,121.231,105.555,51.637,73.466,29.870,0.000,2.213,0.000,0.000,0.000,0.000,0.000,0.000,0.000
2456,835.483,133.193,105.785,51.569,73.397,30.188,0.000,2.195,0.000,0.000,0.000,0.000,0.000,0.000,0.000
2457,835.819,100.638,106.022,51.502,73.328,30.511,0.000,2.178,0.000,0.000,0.000,0.000,0.000,0.000,0.000
2458,836.155,136.416,106.266,51.434,73.259,30.840,0.000,2.162,0.000,0.000,0.000,0.000,0.000,0.000,0.000
2459,836.492,149.861,106.514,51.366,73.190,31.173,0.000,2.146,0.000,0.000,0.000,0.000,0.000,0.000,0.000
2460,836.828,120.380,106.765,51.298,73.121,31.507,0.000,2.131,0.000,0.000,0.000,0.000,0.000,0.000,0.000
2461,837.164,134.675,107.017,51.230,73.053,31.842,0.000,2.117,0.000,0.000,0.000,0.000,0.000,0.000,0.000
2462,837.500,107.046,107.272,51.162,72.984,32.179,0.000,2.104,0.000,0.000,0.000,0.000,0.000,0.000,0.000
2463,837.837,96.676,107.529,51.094,72.915,32.518,0.000,2.091,0.000,0.000,0.000,0.000,0.000,0.000,0.000
2464,838.173,114.712,107.788,51.026,72.847,32.857,0.000,2.079,0.000,0.000,0.000,0.000,0.000,0.000,0.000
2465,838.509,116.526,108.048,50.958,72.778,33.198,0.000,2.068,0.000,0.000,0.000,0.000,0.000,0.000,0.000
2466,838.845,138.231,108.309,50.891,72.709,33.539,0.000,2.057,0.000,0.000,0.000,0.000,0.000,0.000,0.000
2467,839.181,152.046,108.572,50.823,72.640,33.881,0.000,2.047,0.000,0.000,0.000,0.000,0.000,0.000,0.000
2468,839.517,103.120,108.835,50.755,72.570,34.223,0.000,2.038,0.000,0.000,0.000,0.000,0.000,0.000,0.000
2469,839.854,119.897,109.100,50.687,72.501,34.565,0.000,2.029,0.000,0.000,0.000,0.000,0.000,0.000,0.000
2470,840.190,91.601,109.364,50.619,72.432,34.907,0.000,2.021,0.000,0.000,0.000,0.000,0.000,0.000,0.000
2471,840.526,123.305,109.630,50.551,72.362,35.250,0.000,2.014,0.000,0.000,0.000,0.000,0.000,0.000,0.000
2472,840.862,141.341,109.895,50.483,72.293,35.592,0.000,2.007,0.000,0.000,0.000,0.000,0.000,0.000,0.000
2473,841.198,113.972,110.161,50.415,72.223,35.933,0.000,2.001,0.000,0.000,0.000,0.000,0.000,0.000,0.000
2474,841.534,124.083,110.426,50.347,72.154,36.274,0.000,1.995,0.000,0.000,0.000,0.000,0.000,0.000,0.000
2475,841.870,96.676,110.691,50.279,72.084,36.613,0.000,1.990,0.000,0.000,0.000,0.000,0.000,0.000,0.000
2476,842.206,130.453,110.956,50.212,72.015,36.952,0.000,1.985,0.000,0.000,0.000,0.000,0.000,0.000,0.000
2477,842.542,107.008,111.220,50.144,71.946,37.289,0.000,1.981,0.000,0.000,0.000,0.000,0.000,0.000,0.000
2478,842.878,126.564,111.483,50.076,71.877,37.625,0.000,1.978,0.000,0.000,0.000,0.000,0.000,0.000,0.000
2479,843.215,122.416,111.745,50.008,71.809,37.959,0.000,1.974,0.000,0.000,0.000,0.000,0.000,0.000,0.000
2480,843.551,108.194,112.007,49.940,71.741,38.291,0.000,1.972,0.000,0.000,0.000,0.000,0.000,0.000,0.000
2481,843.887,134.009,112.267,49.872,71.673,38.621,0.000,1.969,0.000,0.000,0.000,0.000,0.000,0.000,0.000
2482,844.223,110.676,112.525,49.804,71.606,38.949,0.000,1.968,0.000,0.000,0.000,0.000,0.000,0.000,0.000
2483,844.559,150.379,112.783,49.736,71.540,39.274,0.000,1.966,0.000,0.000,0.000,0.000,0.000,0.000,0.000
2484,844.895,128.750,113.038,49.668,71.475,39.596,0.000,1.965,0.000,0.000,0.000,0.000,0.000,0.000,0.000
2485,845.230,158.860,113.292,49.601,71.410,39.915,0.000,1.965,0.000,0.000,0.000,0.000,0.000,0.000,0.000
2486,845.566,124.935,113.545,49.533,71.347,40.232,0.000,1.964,0.000,0.000,0.000,0.000,0.000,0.000,0.000
2487,845.902,121.712,113.795,49.465,71.284,40.544,0.000,1.964,0.000,0.000,0.000,0.000,0.000,0.000,0.000
2488,846.238,155.194,114.044,49.397,71.223,40.854,0.000,1.965,0.000,0.000,0.000,0.000,0.000,0.000,0.000
2489,846.574,113.417,114.290,49.329,71.163,41.159,0.000,1.966,0.000,0.000,0.000,0.000,0.000,0.000,0.000
2490,846.910,120.416,114.534,49.261,71.105,41.460,0.000,1.967,0.000,0.000,0.000,0.000,0.000,0.000,0.000
2491,847.246,121.120,114.776,49.193,71.048,41.757,0.000,1.969,0.000,0.000,0.000,0.000,0.000,0.000,0.000
2492,847.582,154.638,115.017,49.125,70.994,42.050,0.000,1.971,0.000,0.000,0.000,0.000,0.000,0.000,0.000
2493,847.918,119.712,115.255,49.057,70.942,42.338,0.000,1.973,0.000,0.000,0.000,0.000,0.000,0.000,0.000
2494,848.254,146.083,115.491,48.989,70.892,42.621,0.000,1.975,0.000,0.000,0.000,0.000,0.000,0.000,0.000
2495,848.589,145.193,115.725,48.922,70.845,42.899,0.000,1.978,0.000,0.000,0.000,0.000,0.000,0.000,0.000
2496,848.925,141.786,115.956,48.854,70.800,43.172,0.000,1.982,0.000,0.000,0.000,0.000,0.000,0.000,0.000
2497,849.261,126.379,116.185,48.786,70.758,43.440,0.000,1.985,0.000,0.000,0.000,0.000,0.000,0.000,0.000
2498,849.597,138.156,116.411,48.718,70.719,43.702,0.000,1.989,0.000,0.000,0.000,0.000,0.000,0.000,0.000
2499,849.933,118.526,116.635,48.650,70.682,43.957,0.000,1.993,0.000,0.000,0.000,0.000,0.000,0.000,0.000
2500,850.268,132.638,116.856,48.582,70.649,44.207,0.000,1.998,0.000,0.000,0.000,0.000,0.000,0.000,0.000
2501,850.604,126.453,117.074,48.514,70.619,44.451,0.000,2.002,0.000,0.000,0.000,0.000,0.000,0.000,0.000
2502,850.940,129.120,117.290,48.446,70.593,44.688,0.000,2.008,0.000,0.000,0.000,0.000,0.000,0.000,0.000
2503,851.276,122.564,117.503,48.378,70.570,44.919,0.000,2.013,0.000,0.000,0.000,0.000,0.000,0.000,0.000
2504,851.611,135.971,117.714,48.311,70.551,45.143,0.000,2.019,0.000,0.000,0.000,0.000,0.000,0.000,0.000
2505,851.947,141.712,117.922,48.243,70.536,45.360,0.000,2.025,0.000,0.000,0.000,0.000,0.000,0.000,0.000
2506,852.283,143.008,118.127,48.175,70.525,45.570,0.000,2.031,0.000,0.000,0.000,0.000,0.000,0.000,0.000
2507,852.619,128.267,118.330,48.107,70.519,45.772,0.000,2.037,0.000,0.000,0.000,0.000,0.000,0.000,0.000
2508,852.954,137.823,118.530,48.039,70.517,45.967,0.000,2.044,0.000,0.000,0.000,0.000,0.000,0.000,0.000
2509,853.290,141.083,118.727,47.971,70.520,46.155,0.000,2.051,0.000,0.000,0.000,0.000,0.000,0.000,0.000
2510,853.626,128.120,118.922,47.903,70.528,46.335,0.000,2.059,0.000,0.000,0.000,0.000,0.000,0.000,0.000
2511,853.961,146.823,119.115,47.835,70.541,46.506,0.000,2.066,0.000,0.000,0.000,0.000,0.000,0.000,0.000
2512,854.297,125.157,119.306,47.767,70.560,46.670,0.000,2.074,0.000,0.000,0.000,0.000,0.000,0.000,0.000
2513,854.632,151.416,119.494,47.699,70.584,46.826,0.000,2.083,0.000,0.000,0.000,0.000,0.000,0.000,0.000
2514,854.968,134.971,119.680,47.632,70.614,46.973,0.000,2.091,0.000,0.000,0.000,0.000,0.000,0.000,0.000
2515,855.304,139.231,119.863,47.564,70.651,47.112,0.000,2.100,0.000,0.000,0.000,0.000,0.000,0.000,0.000
2516,855.639,136.045,120.045,47.496,70.693,47.242,0.000,2.109,0.000,0.000,0.000,0.000,0.000,0.000,0.000
2517,855.975,134.934,120.225,47.428,70.742,47.364,0.000,2.118,0.000,0.000,0.000,0.000,0.000,0.000,0.000
2518,856.310,131.898,120.403,47.360,70.798,47.477,0.000,2.128,0.000,0.000,0.000,0.000,0.000,0.000,0.000
2519,856.646,129.860,120.580,47.292,70.860,47.581,0.000,2.138,0.000,0.000,0.000,0.000,0.000,0.000,0.000
2520,856.981,141.046,120.755,47.224,70.930,47.676,0.000,2.148,0.000,0.000,0.000,0.000,0.000,0.000,0.000
2521,857.317,167.750,120.929,47.156,71.007,47.762,0.000,2.159,0.000,0.000,0.000,0.000,0.000,0.000,0.000
2522,857.652,142.527,121.102,47.088,71.092,47.839,0.000,2.170,0.000,0.000,0.000,0.000,0.000,0.000,0.000
2523,857.988,139.898,121.273,47.021,71.185,47.906,0.000,2.181,0.000,0.000,0.000,0.000,0.000,0.000,0.000
2524,858.323,139.342,121.444,46.953,71.286,47.965,0.000,2.193,0.000,0.000,0.000,0.000,0.000,0.000,0.000
2525,858.659,155.194,121.614,46.885,71.395,48.014,0.000,2.204,0.000,0.000,0.000,0.000,0.000,0.000,0.000
2526,858.994,147.083,121.784,46.817,71.513,48.053,0.000,2.216,0.000,0.000,0.000,0.000,0.000,0.000,0.000
2527,859.330,153.268,121.953,46.749,71.640,48.084,0.000,2.229,0.000,0.000,0.000,0.000,0.000,0.000,0.000
2528,859.665,146.564,122.122,46.681,71.776,48.104,0.000,2.242,0.000,0.000,0.000,0.000,0.000,0.000,0.000
2529,860.001,154.342,122.292,46.613,71.921,48.115,0.000,2.255,0.000,0.000,0.000,0.000,0.000,0.000,0.000
2530,860.336,183.824,122.462,46.545,72.076,48.117,0.000,2.268,0.000,0.000,0.000,0.000,0.000,0.000,0.000
2531,860.672,142.675,122.632,46.477,72.241,48.109,0.000,2.282,0.000,0.000,0.000,0.000,0.000,0.000,0.000
2532,861.007,153.083,122.803,46.409,72.415,48.092,0.000,2.296,0.000,0.000,0.000,0.000,0.000,0.000,0.000
2533,861.342,151.490,122.975,46.342,72.600,48.065,0.000,2.310,0.000,0.000,0.000,0.000,0.000,0.000,0.000
2534,861.678,142.564,123.149,46.274,72.796,48.028,0.000,2.325,0.000,0.000,0.000,0.000,0.000,0.000,0.000
2535,862.013,178.859,123.324,46.206,73.002,47.982,0.000,2.340,0.000,0.000,0.000,0.000,0.000,0.000,0.000
2536,862.348,142.787,123.501,46.138,73.220,47.926,0.000,2.355,0.000,0.000,0.000,0.000,0.000,0.000,0.000
2537,862.684,143.231,123.680,46.070,73.448,47.861,0.000,2.371,0.000,0.000,0.000,0.000,0.000,0.000,0.000
2538,863.019,174.268,123.862,46.002,73.689,47.786,0.000,2.387,0.000,0.000,0.000,0.000,0.000,0.000,0.000
2539,863.354,156.564,124.046,45.934,73.941,47.702,0.000,2.403,0.000,0.000,0.000,0.000,0.000,0.000,0.000
2540,863.690,166.416,124.234,45.866,74.205,47.608,0.000,2.420,0.000,0.000,0.000,0.000,0.000,0.000,0.000
2541,864.025,162.231,124.424,45.798,74.481,47.506,0.000,2.437,0.000,0.000,0.000,0.000,0.000,0.000,0.000
2542,864.360,139.897,124.619,45.731,74.770,47.393,0.000,2.455,0.000,0.000,0.000,0.000,0.000,0.000,0.000
2543,864.695,130.527,124.817,45.663,75.072,47.272,0.000,2.473,0.000,0.000,0.000,0.000,0.000,0.000,0.000
2544,865.031,183.157,125.020,45.595,75.387,47.142,0.000,2.491,0.000,0.000,0.000,0.000,0.000,0.000,0.000
2545,865.366,164.824,125.227,45.527,75.715,47.002,0.000,2.510,0.000,0.000,0.000,0.000,0.000,0.000,0.000
2546,865.701,149.267,125.440,45.459,76.057,46.854,0.000,2.529,0.000,0.000,0.000,0.000,0.000,0.000,0.000
2547,866.036,141.231,125.658,45.391,76.412,46.697,0.000,2.548,0.000,0.000,0.000,0.000,0.000,0.000,0.000
2548,866.371,160.860,125.881,45.323,76.782,46.531,0.000,2.568,0.000,0.000,0.000,0.000,0.000,0.000,0.000
2549,866.707,190.157,126.111,45.255,77.166,46.356,0.000,2.589,0.000,0.000,0.000,0.000,0.000,0.000,0.000
2550,867.042,152.824,126.347,45.187,77.564,46.173,0.000,2.610,0.000,0.000,0.000,0.000,0.000,0.000,0.000
2551,867.377,153.786,126.590,45.119,77.978,45.982,0.000,2.631,0.000,0.000,0.000,0.000,0.000,0.000,0.000
2552,867.712,167.193,126.841,45.052,78.406,45.782,0.000,2.652,0.000,0.000,0.000,0.000,0.000,0.000,0.000
2553,868.047,174.416,127.099,44.984,78.850,45.574,0.000,2.674,0.000,0.000,0.000,0.000,0.000,0.000,0.000
2554,868.382,171.193,127.365,44.916,79.310,45.358,0.000,2.697,0.000,0.000,0.000,0.000,0.000,0.000,0.000
2555,868.717,175.267,127.640,44.848,79.786,45.134,0.000,2.720,0.000,0.000,0.000,0.000,0.000,0.000,0.000
2556,869.053,181.157,127.924,44.780,80.277,44.903,0.000,2.744,0.000,0.000,0.000,0.000,0.000,0.000,0.000
2557,869.388,207.750,128.217,44.712,80.786,44.664,0.000,2.767,0.000,0.000,0.000,0.000,0.000,0.000,0.000
2558,869.723,201.194,128.520,44.644,81.311,44.418,0.000,2.791,0.000,0.000,0.000,0.000,0.000,0.000,0.000
2559,870.058,179.639,128.833,44.576,81.853,44.165,0.000,2.815,0.000,0.000,0.000,0.000,0.000,0.000,0.000
2560,870.393,190.898,129.157,44.508,82.413,43.905,0.000,2.840,0.000,0.000,0.000,0.000,0.000,0.000,0.000
2561,870.728,195.083,129.493,44.441,82.991,43.638,0.000,2.864,0.000,0.000,0.000,0.000,0.000,0.000,0.000
2562,871.063,207.935,129.840,44.373,83.587,43.365,0.000,2.888,0.000,0.000,0.000,0.000,0.000,0.000,0.000
2563,871.398,170.898,130.199,44.305,84.201,43.085,0.000,2.913,0.000,0.000,0.000,0.000,0.000,0.000,0.000
2564,871.733,178.231,130.571,44.237,84.834,42.799,0.000,2.938,0.000,0.000,0.000,0.000,0.000,0.000,0.000
2565,872.068,187.527,130.956,44.169,85.486,42.507,0.000,2.962,0.000,0.000,0.000,0.000,0.000,0.000,0.000
2566,872.403,184.972,131.354,44.101,86.157,42.210,0.000,2.987,0.000,0.000,0.000,0.000,0.000,0.000,0.000
2567,872.738,208.379,131.767,44.033,86.848,41.907,0.000,3.012,0.000,0.000,0.000,0.000,0.000,0.000,0.000
2568,873.073,185.638,132.194,43.965,87.559,41.598,0.000,3.037,0.000,0.000,0.000,0.000,0.000,0.000,0.000
2569,873.408,208.713,132.636,43.897,88.290,41.284,0.000,3.062,0.000,0.000,0.000,0.000,0.000,0.000,0.000
2570,873.743,174.860,133.095,43.829,89.042,40.966,0.000,3.087,0.000,0.000,0.000,0.000,0.000,0.000,0.000
2571,874.078,159.084,133.569,43.762,89.815,40.642,0.000,3.112,0.000,0.000,0.000,0.000,0.000,0.000,0.000
2572,874.412,208.971,134.060,43.694,90.609,40.314,0.000,3.137,0.000,0.000,0.000,0.000,0.000,0.000,0.000
2573,874.747,217.379,134.568,43.626,91.425,39.982,0.000,3.161,0.000,0.000,0.000,0.000,0.000,0.000,0.000
2574,875.082,215.787,135.094,43.558,92.263,39.645,0.000,3.186,0.000,0.000,0.000,0.000,0.000,0.000,0.000
2575,875.417,206.046,135.639,43.490,93.123,39.305,0.000,3.211,0.000,0.000,0.000,0.000,0.000,0.000,0.000
2576,875.752,204.786,136.202,43.422,94.006,38.960,0.000,3.236,0.000,0.000,0.000,0.000,0.000,0.000,0.000
2577,876.087,243.417,136.784,43.354,94.911,38.612,0.000,3.261,0.000,0.000,0.000,0.000,0.000,0.000,0.000
2578,876.422,205.378,137.385,43.286,95.839,38.261,0.000,3.285,0.000,0.000,0.000,0.000,0.000,0.000,0.000
2579,876.756,214.861,138.006,43.218,96.790,37.906,0.000,3.310,0.000,0.000,0.000,0.000,0.000,0.000,0.000
2580,877.091,227.306,138.646,43.151,97.764,37.547,0.000,3.334,0.000,0.000,0.000,0.000,0.000,0.000,0.000
2581,877.426,193.934,139.307,43.083,98.763,37.186,0.000,3.358,0.000,0.000,0.000,0.000,0.000,0.000,0.000
2582,877.761,195.453,139.990,43.015,99.785,36.822,0.000,3.382,0.000,0.000,0.000,0.000,0.000,0.000,0.000
2583,878.096,215.527,140.694,42.947,100.831,36.456,0.000,3.406,0.000,0.000,0.000,0.000,0.000,0.000,0.000
2584,878.430,215.897,141.420,42.879,101.903,36.087,0.000,3.430,0.000,0.000,0.000,0.000,0.000,0.000,0.000
2585,878.765,204.194,142.169,42.811,102.999,35.716,0.000,3.454,0.000,0.000,0.000,0.000,0.000,0.000,0.000
2586,879.100,201.120,142.941,42.743,104.121,35.343,0.000,3.477,0.000,0.000,0.000,0.000,0.000,0.000,0.000
2587,879.434,216.082,143.737,42.675,105.269,34.968,0.000,3.500,0.000,0.000,0.000,0.000,0.000,0.000,0.000
2588,879.769,237.417,144.557,42.607,106.443,34.592,0.000,3.523,0.000,0.000,0.000,0.000,0.000,0.000,0.000
2589,880.104,206.713,145.403,42.539,107.643,34.215,0.000,3.545,0.000,0.000,0.000,0.000,0.000,0.000,0.000
2590,880.439,217.751,146.274,42.472,108.871,33.836,0.000,3.567,0.000,0.000,0.000,0.000,0.000,0.000,0.000
2591,880.773,236.453,147.171,42.404,110.125,33.457,0.000,3.589,0.000,0.000,0.000,0.000,0.000,0.000,0.000
2592,881.108,214.269,148.095,42.336,111.408,33.077,0.000,3.611,0.000,0.000,0.000,0.000,0.000,0.000,0.000
2593,881.443,234.713,149.047,42.268,112.718,32.696,0.000,3.632,0.000,0.000,0.000,0.000,0.000,0.000,0.000
2594,881.777,236.046,150.026,42.200,114.057,32.316,0.000,3.653,0.000,0.000,0.000,0.000,0.000,0.000,0.000
2595,882.112,245.972,151.034,42.132,115.425,31.935,0.000,3.674,0.000,0.000,0.000,0.000,0.000,0.000,0.000
2596,882.446,222.268,152.071,42.064,116.822,31.554,0.000,3.694,0.000,0.000,0.000,0.000,0.000,0.000,0.000
2597,882.781,239.343,153.137,41.996,118.249,31.174,0.000,3.714,0.000,0.000,0.000,0.000,0.000,0.000,0.000
2598,883.116,226.861,154.234,41.928,119.706,30.794,0.000,3.733,0.000,0.000,0.000,0.000,0.000,0.000,0.000
2599,883.450,224.527,155.362,41.861,121.194,30.415,0.000,3.753,0.000,0.000,0.000,0.000,0.000,0.000,0.000
2600,883.785,227.158,156.521,41.793,122.713,30.037,0.000,3.771,0.000,0.000,0.000,0.000,0.000,0.000,0.000
2601,884.119,254.490,157.713,41.725,124.263,29.660,0.000,3.789,0.000,0.000,0.000,0.000,0.000,0.000,0.000
2602,884.454,214.491,158.938,41.657,125.846,29.285,0.000,3.807,0.000,0.000,0.000,0.000,0.000,0.000,0.000
2603,884.788,218.045,160.196,41.589,127.461,28.911,0.000,3.824,0.000,0.000,0.000,0.000,0.000,0.000,0.000
2604,885.123,229.416,161.488,41.521,129.109,28.538,0.000,3.841,0.000,0.000,0.000,0.000,0.000,0.000,0.000
2605,885.457,224.120,162.815,41.453,130.790,28.167,0.000,3.858,0.000,0.000,0.000,0.000,0.000,0.000,0.000
2606,885.792,216.453,164.178,41.385,132.506,27.798,0.000,3.874,0.000,0.000,0.000,0.000,0.000,0.000,0.000
2607,886.126,234.602,165.576,41.317,134.256,27.431,0.000,3.889,0.000,0.000,0.000,0.000,0.000,0.000,0.000
2608,886.461,250.453,167.012,41.250,136.041,27.067,0.000,3.904,0.000,0.000,0.000,0.000,0.000,0.000,0.000
2609,886.795,249.676,168.482,41.182,137.858,26.706,0.000,3.918,0.000,0.000,0.000,0.000,0.000,0.000,0.000
2610,887.130,258.934,169.976,41.114,139.696,26.348,0.000,3.932,0.000,0.000,0.000,0.000,0.000,0.000,0.000
2611,887.464,241.267,171.485,41.046,141.547,25.993,0.000,3.946,0.000,0.000,0.000,0.000,0.000,0.000,0.000
2612,887.798,233.343,173.008,40.978,143.408,25.641,0.000,3.959,0.000,0.000,0.000,0.000,0.000,0.000,0.000
2613,888.133,262.972,174.543,40.910,145.280,25.292,0.000,3.971,0.000,0.000,0.000,0.000,0.000,0.000,0.000
2614,888.467,222.046,176.090,40.842,147.161,24.946,0.000,3.983,0.000,0.000,0.000,0.000,0.000,0.000,0.000
2615,888.802,262.453,177.648,40.774,149.050,24.604,0.000,3.995,0.000,0.000,0.000,0.000,0.000,0.000,0.000
2616,889.136,275.416,179.217,40.706,150.947,24.265,0.000,4.005,0.000,0.000,0.000,0.000,0.000,0.000,0.000
2617,889.470,242.268,180.796,40.638,152.851,23.929,0.000,4.016,0.000,0.000,0.000,0.000,0.000,0.000,0.000
2618,889.805,243.602,182.384,40.571,154.762,23.597,0.000,4.025,0.000,0.000,0.000,0.000,0.000,0.000,0.000
2619,890.139,258.417,183.981,40.503,156.677,23.269,0.000,4.034,0.000,0.000,0.000,0.000,0.000,0.000,0.000
2620,890.473,284.564,185.585,40.435,158.597,22.945,0.000,4.043,0.000,0.000,0.000,0.000,0.000,0.000,0.000
2621,890.808,243.638,187.196,40.367,160.521,22.624,0.000,4.051,0.000,0.000,0.000,0.000,0.000,0.000,0.000
2622,891.142,253.750,188.813,40.299,162.447,22.308,0.000,4.058,0.000,0.000,0.000,0.000,0.000,0.000,0.000
2623,891.476,249.453,190.435,40.231,164.374,21.995,0.000,4.065,0.000,0.000,0.000,0.000,0.000,0.000,0.000
2624,891.811,236.268,192.061,40.163,166.302,21.687,0.000,4.071,0.000,0.000,0.000,0.000,0.000,0.000,0.000
2625,892.145,266.676,193.690,40.095,168.230,21.383,0.000,4.077,0.000,0.000,0.000,0.000,0.000,0.000,0.000
2626,892.479,279.787,195.321,40.027,170.157,21.083,0.000,4.082,0.000,0.000,0.000,0.000,0.000,0.000,0.000
2627,892.813,265.564,196.954,39.960,172.081,20.787,0.000,4.086,0.000,0.000,0.000,0.000,0.000,0.000,0.000
2628,893.147,254.564,198.588,39.892,174.002,20.496,0.000,4.090,0.000,0.000,0.000,0.000,0.000,0.000,0.000
2629,893.482,237.935,200.220,39.824,175.918,20.209,0.000,4.093,0.000,0.000,0.000,0.000,0.000,0.000,0.000
2630,893.816,246.194,201.852,39.756,177.829,19.926,0.000,4.096,0.000,0.000,0.000,0.000,0.000,0.000,0.000
2631,894.150,248.676,203.480,39.688,179.734,19.648,0.000,4.098,0.000,0.000,0.000,0.000,0.000,0.000,0.000
2632,894.484,271.342,205.106,39.620,181.632,19.375,0.000,4.099,0.000,0.000,0.000,0.000,0.000,0.000,0.000
2633,894.818,254.897,206.726,39.552,183.521,19.106,0.000,4.100,0.000,0.000,0.000,0.000,0.000,0.000,0.000
2634,895.153,262.157,208.342,39.484,185.400,18.842,0.000,4.100,0.000,0.000,0.000,0.000,0.000,0.000,0.000
2635,895.487,228.787,209.951,39.416,187.269,18.582,0.000,4.100,0.000,0.000,0.000,0.000,0.000,0.000,0.000
2636,895.821,276.824,211.552,39.348,189.127,18.327,0.000,4.098,0.000,0.000,0.000,0.000,0.000,0.000,0.000
2637,896.155,290.527,213.145,39.281,190.972,18.076,0.000,4.097,0.000,0.000,0.000,0.000,0.000,0.000,0.000
2638,896.489,257.119,214.728,39.213,192.803,17.830,0.000,4.095,0.000,0.000,0.000,0.000,0.000,0.000,0.000
2639,896.823,268.971,216.300,39.145,194.620,17.589,0.000,4.092,0.000,0.000,0.000,0.000,0.000,0.000,0.000
2640,897.157,274.750,217.862,39.077,196.421,17.352,0.000,4.088,0.000,0.000,0.000,0.000,0.000,0.000,0.000
2641,897.491,253.823,219.410,39.009,198.206,17.120,0.000,4.084,0.000,0.000,0.000,0.000,0.000,0.000,0.000
2642,897.825,232.453,220.945,38.941,199.972,16.893,0.000,4.080,0.000,0.000,0.000,0.000,0.000,0.000,0.000
2643,898.159,252.564,222.465,38.873,201.721,16.670,0.000,4.074,0.000,0.000,0.000,0.000,0.000,0.000,0.000
2644,898.493,262.046,223.970,38.805,203.449,16.452,0.000,4.069,0.000,0.000,0.000,0.000,0.000,0.000,0.000
2645,898.827,255.935,225.457,38.737,205.157,16.239,0.000,4.062,0.000,0.000,0.000,0.000,0.000,0.000,0.000
2646,899.161,233.194,226.928,38.670,206.842,16.030,0.000,4.055,0.000,0.000,0.000,0.000,0.000,0.000,0.000
2647,899.495,295.157,228.379,38.602,208.506,15.826,0.000,4.048,0.000,0.000,0.000,0.000,0.000,0.000,0.000
2648,899.829,242.824,229.811,38.534,210.145,15.626,0.000,4.040,0.000,0.000,0.000,0.000,0.000,0.000,0.000
2649,900.163,285.823,231.222,38.466,211.760,15.431,0.000,4.031,0.000,0.000,0.000,0.000,0.000,0.000,0.000
2650,900.497,290.972,232.611,38.398,213.349,15.240,0.000,4.022,0.000,0.000,0.000,0.000,0.000,0.000,0.000
2651,900.831,217.751,233.978,38.330,214.912,15.054,0.000,4.013,0.000,0.000,0.000,0.000,0.000,0.000,0.000
2652,901.165,264.046,235.321,38.262,216.447,14.872,0.000,4.003,0.000,0.000,0.000,0.000,0.000,0.000,0.000
2653,901.499,281.490,236.640,38.194,217.954,14.694,0.000,3.992,0.000,0.000,0.000,0.000,0.000,0.000,0.000
2654,901.833,244.527,237.933,38.126,219.431,14.521,0.000,3.981,0.000,0.000,0.000,0.000,0.000,0.000,0.000
2655,902.167,248.269,239.200,38.058,220.878,14.353,0.000,3.970,0.000,0.000,0.000,0.000,0.000,0.000,0.000
2656,902.501,243.638,240.440,37.991,222.294,14.188,0.000,3.958,0.000,0.000,0.000,0.000,0.000,0.000,0.000
2657,902.835,223.045,241.652,37.923,223.679,14.028,0.000,3.945,0.000,0.000,0.000,0.000,0.000,0.000,0.000
2658,903.168,232.897,242.835,37.855,225.030,13.872,0.000,3.932,0.000,0.000,0.000,0.000,0.000,0.000,0.000
2659,903.502,237.305,243.988,37.787,226.349,13.720,0.000,3.919,0.000,0.000,0.000,0.000,0.000,0.000,0.000
2660,903.836,239.712,245.110,37.719,227.633,13.572,0.000,3.905,0.000,0.000,0.000,0.000,0.000,0.000,0.000
2661,904.170,224.046,246.201,37.651,228.882,13.429,0.000,3.891,0.000,0.000,0.000,0.000,0.000,0.000,0.000
2662,904.504,238.639,247.260,37.583,230.095,13.289,0.000,3.876,0.000,0.000,0.000,0.000,0.000,0.000,0.000
2663,904.837,257.898,248.286,37.515,231.272,13.153,0.000,3.862,0.000,0.000,0.000,0.000,0.000,0.000,0.000
2664,905.171,244.416,249.279,37.447,232.411,13.021,0.000,3.846,0.000,0.000,0.000,0.000,0.000,0.000,0.000
2665,905.505,262.934,250.237,37.380,233.513,12.893,0.000,3.831,0.000,0.000,0.000,0.000,0.000,0.000,0.000
2666,905.839,261.564,251.160,37.312,234.577,12.769,0.000,3.815,0.000,0.000,0.000,0.000,0.000,0.000,0.000
2667,906.173,249.824,252.048,37.244,235.601,12.648,0.000,3.798,0.000,0.000,0.000,0.000,0.000,0.000,0.000
2668,906.506,245.009,252.899,37.176,236.586,12.532,0.000,3.782,0.000,0.000,0.000,0.000,0.000,0.000,0.000
2669,906.840,245.378,253.714,37.108,237.531,12.418,0.000,3.765,0.000,0.000,0.000,0.000,0.000,0.000,0.000
2670,907.174,239.564,254.491,37.040,238.436,12.308,0.000,3.747,0.000,0.000,0.000,0.000,0.000,0.000,0.000
2671,907.507,267.786,255.231,36.972,239.299,12.202,0.000,3.730,0.000,0.000,0.000,0.000,0.000,0.000,0.000
2672,907.841,258.231,255.932,36.904,240.121,12.099,0.000,3.712,0.000,0.000,0.000,0.000,0.000,0.000,0.000
2673,908.175,223.972,256.594,36.836,240.901,12.000,0.000,3.694,0.000,0.000,0.000,0.000,0.000,0.000,0.000
2674,908.508,233.453,257.218,36.768,241.638,11.904,0.000,3.676,0.000,0.000,0.000,0.000,0.000,0.000,0.000
2675,908.842,251.232,257.801,36.701,242.333,11.811,0.000,3.657,0.000,0.000,0.000,0.000,0.000,0.000,0.000
2676,909.176,253.416,258.345,36.633,242.985,11.721,0.000,3.639,0.000,0.000,0.000,0.000,0.000,0.000,0.000
2677,909.509,235.601,258.848,36.565,243.594,11.634,0.000,3.620,0.000,0.000,0.000,0.000,0.000,0.000,0.000
2678,909.843,224.934,259.311,36.497,244.160,11.551,0.000,3.601,0.000,0.000,0.000,0.000,0.000,0.000,0.000
2679,910.177,234.602,259.733,36.429,244.682,11.470,0.000,3.582,0.000,0.000,0.000,0.000,0.000,0.000,0.000
2680,910.510,219.490,260.114,36.361,245.160,11.392,0.000,3.562,0.000,0.000,0.000,0.000,0.000,0.000,0.000
2681,910.844,214.416,260.454,36.293,245.594,11.317,0.000,3.543,0.000,0.000,0.000,0.000,0.000,0.000,0.000
2682,911.177,233.897,260.752,36.225,245.984,11.245,0.000,3.523,0.000,0.000,0.000,0.000,0.000,0.000,0.000
2683,911.511,248.527,261.009,36.157,246.330,11.176,0.000,3.504,0.000,0.000,0.000,0.000,0.000,0.000,0.000
2684,911.844,244.194,261.224,36.090,246.631,11.109,0.000,3.484,0.000,0.000,0.000,0.000,0.000,0.000,0.000
2685,912.178,243.490,261.398,36.022,246.889,11.045,0.000,3.464,0.000,0.000,0.000,0.000,0.000,0.000,0.000
2686,912.511,216.676,261.530,35.954,247.103,10.983,0.000,3.444,0.000,0.000,0.000,0.000,0.000,0.000,0.000
2687,912.845,216.157,261.621,35.886,247.272,10.924,0.000,3.424,0.000,0.000,0.000,0.000,0.000,0.000,0.000
2688,913.178,231.009,261.670,35.818,247.398,10.867,0.000,3.405,0.000,0.000,0.000,0.000,0.000,0.000,0.000
2689,913.512,231.527,261.678,35.750,247.480,10.813,0.000,3.385,0.000,0.000,0.000,0.000,0.000,0.000,0.000
2690,913.845,234.453,261.645,35.682,247.519,10.761,0.000,3.365,0.000,0.000,0.000,0.000,0.000,0.000,0.000
2691,914.179,210.490,261.571,35.614,247.514,10.711,0.000,3.345,0.000,0.000,0.000,0.000,0.000,0.000,0.000
2692,914.512,225.824,261.456,35.546,247.467,10.664,0.000,3.325,0.000,0.000,0.000,0.000,0.000,0.000,0.000
2693,914.846,200.083,261.300,35.478,247.377,10.618,0.000,3.305,0.000,0.000,0.000,0.000,0.000,0.000,0.000
2694,915.179,218.897,261.104,35.411,247.244,10.575,0.000,3.286,0.000,0.000,0.000,0.000,0.000,0.000,0.000
2695,915.512,228.491,260.869,35.343,247.069,10.533,0.000,3.266,0.000,0.000,0.000,0.000,0.000,0.000,0.000
2696,915.846,210.527,260.594,35.275,246.853,10.494,0.000,3.247,0.000,0.000,0.000,0.000,0.000,0.000,0.000
2697,916.179,229.971,260.280,35.207,246.596,10.457,0.000,3.227,0.000,0.000,0.000,0.000,0.000,0.000,0.000
2698,916.513,188.823,259.928,35.139,246.298,10.422,0.000,3.208,0.000,0.000,0.000,0.000,0.000,0.000,0.000
2699,916.846,205.267,259.538,35.071,245.961,10.389,0.000,3.189,0.000,0.000,0.000,0.000,0.000,0.000,0.000
2700,917.179,211.008,259.111,35.003,245.583,10.358,0.000,3.170,0.000,0.000,0.000,0.000,0.000,0.000,0.000
2701,917.513,218.231,258.646,34.935,245.167,10.328,0.000,3.151,0.000,0.000,0.000,0.000,0.000,0.000,0.000
2702,917.846,194.972,258.146,34.867,244.712,10.301,0.000,3.132,0.000,0.000,0.000,0.000,0.000,0.000,0.000
2703,918.179,223.713,257.609,34.800,244.220,10.275,0.000,3.114,0.000,0.000,0.000,0.000,0.000,0.000,0.000
2704,918.513,202.749,257.037,34.732,243.691,10.251,0.000,3.096,0.000,0.000,0.000,0.000,0.000,0.000,0.000
2705,918.846,223.971,256.431,34.664,243.125,10.228,0.000,3.078,0.000,0.000,0.000,0.000,0.000,0.000,0.000
2706,919.179,178.490,255.791,34.596,242.524,10.206,0.000,3.060,0.000,0.000,0.000,0.000,0.000,0.000,0.000
2707,919.512,213.231,255.117,34.528,241.889,10.186,0.000,3.042,0.000,0.000,0.000,0.000,0.000,0.000,0.000
2708,919.846,211.452,254.412,34.460,241.219,10.168,0.000,3.025,0.000,0.000,0.000,0.000,0.000,0.000,0.000
2709,920.179,241.675,253.675,34.392,240.516,10.150,0.000,3.008,0.000,0.000,0.000,0.000,0.000,0.000,0.000
2710,920.512,195.082,252.907,34.324,239.781,10.134,0.000,2.991,0.000,0.000,0.000,0.000,0.000,0.000,0.000
2711,920.845,166.008,252.109,34.256,239.015,10.119,0.000,2.975,0.000,0.000,0.000,0.000,0.000,0.000,0.000
2712,921.179,226.860,251.282,34.188,238.218,10.105,0.000,2.959,0.000,0.000,0.000,0.000,0.000,0.000,0.000
2713,921.512,183.971,250.427,34.121,237.392,10.092,0.000,2.943,0.000,0.000,0.000,0.000,0.000,0.000,0.000
2714,921.845,209.823,249.545,34.053,236.538,10.080,0.000,2.927,0.000,0.000,0.000,0.000,0.000,0.000,0.000
2715,922.178,225.046,248.637,33.985,235.655,10.069,0.000,2.912,0.000,0.000,0.000,0.000,0.000,0.000,0.000
2716,922.511,198.971,247.703,33.917,234.747,10.059,0.000,2.897,0.000,0.000,0.000,0.000,0.000,0.000,0.000
2717,922.844,194.898,246.745,33.849,233.813,10.050,0.000,2.883,0.000,0.000,0.000,0.000,0.000,0.000,0.000
2718,923.178,195.416,245.764,33.781,232.854,10.042,0.000,2.868,0.000,0.000,0.000,0.000,0.000,0.000,0.000
2719,923.511,196.156,244.761,33.713,231.872,10.034,0.000,2.855,0.000,0.000,0.000,0.000,0.000,0.000,0.000
2720,923.844,196.638,243.737,33.645,230.868,10.027,0.000,2.841,0.000,0.000,0.000,0.000,0.000,0.000,0.000
2721,924.177,216.674,242.692,33.577,229.843,10.021,0.000,2.828,0.000,0.000,0.000,0.000,0.000,0.000,0.000
2722,924.510,203.342,241.629,33.510,228.798,10.016,0.000,2.816,0.000,0.000,0.000,0.000,0.000,0.000,0.000
2723,924.843,190.194,240.548,33.442,227.733,10.011,0.000,2.803,0.000,0.000,0.000,0.000,0.000,0.000,0.000
2724,925.176,199.267,239.450,33.374,226.652,10.007,0.000,2.791,0.000,0.000,0.000,0.000,0.000,0.000,0.000
2725,925.509,221.638,238.336,33.306,225.553,10.003,0.000,2.780,0.000,0.000,0.000,0.000,0.000,0.000,0.000
2726,925.842,185.638,237.209,33.238,224.440,10.000,0.000,2.769,0.000,0.000,0.000,0.000,0.000,0.000,0.000
2727,926.175,218.600,236.068,33.170,223.312,9.998,0.000,2.758,0.000,0.000,0.000,0.000,0.000,0.000,0.000
2728,926.508,202.379,234.915,33.102,222.171,9.995,0.000,2.748,0.000,0.000,0.000,0.000,0.000,0.000,0.000
2729,926.841,195.083,233.751,33.034,221.019,9.994,0.000,2.738,0.000,0.000,0.000,0.000,0.000,0.000,0.000
2730,927.174,170.231,232.578,32.966,219.857,9.993,0.000,2.728,0.000,0.000,0.000,0.000,0.000,0.000,0.000
2731,927.507,187.601,231.396,32.899,218.685,9.992,0.000,2.719,0.000,0.000,0.000,0.000,0.000,0.000,0.000
2732,927.840,196.045,230.207,32.831,217.506,9.992,0.000,2.710,0.000,0.000,0.000,0.000,0.000,0.000,0.000
2733,928.173,207.859,229.012,32.763,216.320,9.991,0.000,2.701,0.000,0.000,0.000,0.000,0.000,0.000,0.000
2734,928.506,196.046,227.813,32.695,215.129,9.992,0.000,2.692,0.000,0.000,0.000,0.000,0.000,0.000,0.000
2735,928.839,184.452,226.610,32.627,213.933,9.992,0.000,2.684,0.000,0.000,0.000,0.000,0.000,0.000,0.000
2736,929.172,201.416,225.405,32.559,212.735,9.993,0.000,2.676,0.000,0.000,0.000,0.000,0.000,0.000,0.000
2737,929.505,219.379,224.199,32.491,211.536,9.995,0.000,2.669,0.000,0.000,0.000,0.000,0.000,0.000,0.000
2738,929.838,172.934,222.993,32.423,210.336,9.996,0.000,2.661,0.000,0.000,0.000,0.000,0.000,0.000,0.000
2739,930.170,213.564,221.789,32.355,209.137,9.998,0.000,2.654,0.000,0.000,0.000,0.000,0.000,0.000,0.000
2740,930.503,181.378,220.587,32.287,207.940,10.000,0.000,2.648,0.000,0.000,0.000,0.000,0.000,0.000,0.000
2741,930.836,184.304,219.389,32.220,206.746,10.002,0.000,2.641,0.000,0.000,0.000,0.000,0.000,0.000,0.000
2742,931.169,199.712,218.196,32.152,205.557,10.004,0.000,2.635,0.000,0.000,0.000,0.000,0.000,0.000,0.000
2743,931.502,196.304,217.009,32.084,204.373,10.007,0.000,2.629,0.000,0.000,0.000,0.000,0.000,0.000,0.000
2744,931.835,202.786,215.830,32.016,203.197,10.010,0.000,2.623,0.000,0.000,0.000,0.000,0.000,0.000,0.000
2745,932.167,192.451,214.659,31.948,202.028,10.012,0.000,2.618,0.000,0.000,0.000,0.000,0.000,0.000,0.000
2746,932.500,193.416,213.498,31.880,200.869,10.015,0.000,2.613,0.000,0.000,0.000,0.000,0.000,0.000,0.000
2747,932.833,207.675,212.348,31.812,199.721,10.019,0.000,2.608,0.000,0.000,0.000,0.000,0.000,0.000,0.000
2748,933.166,200.082,211.210,31.744,198.585,10.022,0.000,2.603,0.000,0.000,0.000,0.000,0.000,0.000,0.000
2749,933.499,198.304,210.086,31.676,197.462,10.025,0.000,2.599,0.000,0.000,0.000,0.000,0.000,0.000,0.000
2750,933.831,206.083,208.976,31.609,196.353,10.029,0.000,2.595,0.000,0.000,0.000,0.000,0.000,0.000,0.000
2751,934.164,201.823,207.883,31.541,195.260,10.032,0.000,2.591,0.000,0.000,0.000,0.000,0.000,0.000,0.000
2752,934.497,200.453,206.806,31.473,194.183,10.036,0.000,2.587,0.000,0.000,0.000,0.000,0.000,0.000,0.000
2753,934.829,203.489,205.748,31.405,193.124,10.040,0.000,2.583,0.000,0.000,0.000,0.000,0.000,0.000,0.000
2754,935.162,170.971,204.709,31.337,192.085,10.044,0.000,2.580,0.000,0.000,0.000,0.000,0.000,0.000,0.000
2755,935.495,199.637,203.690,31.269,191.065,10.048,0.000,2.577,0.000,0.000,0.000,0.000,0.000,0.000,0.000
2756,935.828,217.156,202.693,31.201,190.067,10.052,0.000,2.574,0.000,0.000,0.000,0.000,0.000,0.000,0.000
2757,936.160,205.452,201.719,31.133,189.092,10.056,0.000,2.571,0.000,0.000,0.000,0.000,0.000,0.000,0.000
2758,936.493,169.193,200.769,31.065,188.140,10.060,0.000,2.569,0.000,0.000,0.000,0.000,0.000,0.000,0.000
2759,936.825,195.971,199.844,30.997,187.213,10.064,0.000,2.566,0.000,0.000,0.000,0.000,0.000,0.000,0.000
2760,937.158,171.749,198.944,30.930,186.312,10.068,0.000,2.564,0.000,0.000,0.000,0.000,0.000,0.000,0.000
2761,937.491,164.045,198.072,30.862,185.438,10.073,0.000,2.562,0.000,0.000,0.000,0.000,0.000,0.000,0.000
2762,937.823,185.563,197.228,30.794,184.592,10.077,0.000,2.560,0.000,0.000,0.000,0.000,0.000,0.000,0.000
2763,938.156,185.452,196.414,30.726,183.774,10.081,0.000,2.558,0.000,0.000,0.000,0.000,0.000,0.000,0.000
2764,938.488,192.823,195.629,30.658,182.987,10.086,0.000,2.556,0.000,0.000,0.000,0.000,0.000,0.000,0.000
2765,938.821,196.712,194.876,30.590,182.231,10.090,0.000,2.555,0.000,0.000,0.000,0.000,0.000,0.000,0.000
2766,939.154,185.009,194.156,30.522,181.508,10.095,0.000,2.554,0.000,0.000,0.000,0.000,0.000,0.000,0.000
2767,939.486,217.267,193.468,30.454,180.817,10.099,0.000,2.552,0.000,0.000,0.000,0.000,0.000,0.000,0.000
2768,939.819,161.082,192.815,30.386,180.160,10.104,0.000,2.551,0.000,0.000,0.000,0.000,0.000,0.000,0.000
2769,940.151,181.897,192.197,30.319,179.539,10.108,0.000,2.550,0.000,0.000,0.000,0.000,0.000,0.000,0.000
2770,940.484,190.674,191.615,30.251,178.953,10.113,0.000,2.550,0.000,0.000,0.000,0.000,0.000,0.000,0.000
2771,940.816,195.600,191.066,30.183,178.400,10.118,0.000,2.549,0.000,0.000,0.000,0.000,0.000,0.000,0.000
2772,941.149,187.008,190.542,30.115,177.872,10.122,0.000,2.548,0.000,0.000,0.000,0.000,0.000,0.000,0.000
2773,941.481,158.749,190.040,30.047,177.365,10.127,0.000,2.548,0.000,0.000,0.000,0.000,0.000,0.000,0.000
2774,941.814,177.526,189.560,29.979,176.881,10.132,0.000,2.547,0.000,0.000,0.000,0.000,0.000,0.000,0.000
2775,942.146,202.601,189.101,29.911,176.418,10.137,0.000,2.547,0.000,0.000,0.000,0.000,0.000,0.000,0.000
2776,942.478,190.045,188.665,29.843,175.977,10.142,0.000,2.546,0.000,0.000,0.000,0.000,0.000,0.000,0.000
2777,942.811,178.933,188.250,29.775,175.558,10.147,0.000,2.546,0.000,0.000,0.000,0.000,0.000,0.000,0.000
2778,943.143,197.637,187.857,29.707,175.160,10.152,0.000,2.545,0.000,0.000,0.000,0.000,0.000,0.000,0.000
2779,943.476,186.897,187.485,29.640,174.784,10.157,0.000,2.545,0.000,0.000,0.000,0.000,0.000,0.000,0.000
2780,943.808,193.452,187.135,29.572,174.429,10.162,0.000,2.544,0.000,0.000,0.000,0.000,0.000,0.000,0.000
2781,944.140,174.379,186.805,29.504,174.095,10.167,0.000,2.544,0.000,0.000,0.000,0.000,0.000,0.000,0.000
2782,944.473,181.600,186.497,29.436,173.782,10.172,0.000,2.543,0.000,0.000,0.000,0.000,0.000,0.000,0.000
2783,944.805,190.489,186.209,29.368,173.490,10.177,0.000,2.543,0.000,0.000,0.000,0.000,0.000,0.000,0.000
2784,945.138,205.563,185.942,29.300,173.217,10.183,0.000,2.542,0.000,0.000,0.000,0.000,0.000,0.000,0.000
2785,945.470,176.563,185.694,29.232,172.965,10.188,0.000,2.542,0.000,0.000,0.000,0.000,0.000,0.000,0.000
2786,945.802,162.674,185.467,29.164,172.732,10.193,0.000,2.541,0.000,0.000,0.000,0.000,0.000,0.000,0.000
2787,946.134,203.156,185.258,29.096,172.519,10.199,0.000,2.540,0.000,0.000,0.000,0.000,0.000,0.000,0.000
2788,946.467,187.896,185.068,29.029,172.324,10.204,0.000,2.540,0.000,0.000,0.000,0.000,0.000,0.000,0.000
2789,946.799,180.748,184.896,28.961,172.147,10.210,0.000,2.539,0.000,0.000,0.000,0.000,0.000,0.000,0.000
2790,947.131,179.637,184.743,28.893,171.989,10.216,0.000,2.538,0.000,0.000,0.000,0.000,0.000,0.000,0.000
2791,947.464,190.082,184.606,28.825,171.848,10.221,0.000,2.538,0.000,0.000,0.000,0.000,0.000,0.000,0.000
2792,947.796,204.119,184.487,28.757,171.723,10.227,0.000,2.537,0.000,0.000,0.000,0.000,0.000,0.000,0.000
2793,948.128,168.342,184.384,28.689,171.615,10.233,0.000,2.536,0.000,0.000,0.000,0.000,0.000,0.000,0.000
2794,948.460,176.342,184.296,28.621,171.523,10.239,0.000,2.535,0.000,0.000,0.000,0.000,0.000,0.000,0.000
2795,948.792,185.971,184.224,28.553,171.446,10.245,0.000,2.534,0.000,0.000,0.000,0.000,0.000,0.000,0.000
2796,949.125,203.304,184.167,28.485,171.383,10.251,0.000,2.532,0.000,0.000,0.000,0.000,0.000,0.000,0.000
2797,949.457,180.416,184.123,28.417,171.335,10.257,0.000,2.531,0.000,0.000,0.000,0.000,0.000,0.000,0.000
2798,949.789,176.304,184.092,28.350,171.300,10.263,0.000,2.530,0.000,0.000,0.000,0.000,0.000,0.000,0.000
2799,950.121,174.045,184.075,28.282,171.277,10.270,0.000,2.528,0.000,0.000,0.000,0.000,0.000,0.000,0.000
2800,950.453,192.600,184.069,28.214,171.266,10.276,0.000,2.526,0.000,0.000,0.000,0.000,0.000,0.000,0.000
2801,950.785,171.267,184.074,28.146,171.267,10.283,0.000,2.525,0.000,0.000,0.000,0.000,0.000,0.000,0.000
2802,951.118,162.711,184.090,28.078,171.278,10.289,0.000,2.523,0.000,0.000,0.000,0.000,0.000,0.000,0.000
2803,951.450,186.822,184.116,28.010,171.299,10.296,0.000,2.521,0.000,0.000,0.000,0.000,0.000,0.000,0.000
2804,951.782,179.007,184.150,27.942,171.329,10.303,0.000,2.519,0.000,0.000,0.000,0.000,0.000,0.000,0.000
2805,952.114,165.378,184.194,27.874,171.367,10.309,0.000,2.517,0.000,0.000,0.000,0.000,0.000,0.000,0.000
2806,952.446,178.230,184.244,27.806,171.413,10.316,0.000,2.515,0.000,0.000,0.000,0.000,0.000,0.000,0.000
2807,952.778,176.045,184.302,27.739,171.466,10.323,0.000,2.512,0.000,0.000,0.000,0.000,0.000,0.000,0.000
2808,953.110,185.118,184.365,27.671,171.525,10.330,0.000,2.510,0.000,0.000,0.000,0.000,0.000,0.000,0.000
2809,953.442,184.230,184.434,27.603,171.589,10.338,0.000,2.507,0.000,0.000,0.000,0.000,0.000,0.000,0.000
2810,953.774,189.082,184.507,27.535,171.657,10.345,0.000,2.504,0.000,0.000,0.000,0.000,0.000,0.000,0.000
2811,954.106,167.897,184.583,27.467,171.730,10.352,0.000,2.501,0.000,0.000,0.000,0.000,0.000,0.000,0.000
2812,954.438,162.600,184.663,27.399,171.805,10.360,0.000,2.498,0.000,0.000,0.000,0.000,0.000,0.000,0.000
2813,954.770,184.489,184.744,27.331,171.882,10.368,0.000,2.495,0.000,0.000,0.000,0.000,0.000,0.000,0.000
2814,955.102,184.304,184.827,27.263,171.960,10.375,0.000,2.492,0.000,0.000,0.000,0.000,0.000,0.000,0.000
2815,955.434,177.378,184.910,27.195,172.039,10.383,0.000,2.488,0.000,0.000,0.000,0.000,0.000,0.000,0.000
2816,955.766,180.118,184.993,27.127,172.117,10.391,0.000,2.485,0.000,0.000,0.000,0.000,0.000,0.000,0.000
2817,956.098,166.155,185.074,27.060,172.194,10.399,0.000,2.481,0.000,0.000,0.000,0.000,0.000,0.000,0.000
2818,956.430,190.563,185.154,26.992,172.270,10.407,0.000,2.477,0.000,0.000,0.000,0.000,0.000,0.000,0.000
2819,956.762,175.378,185.230,26.924,172.342,10.415,0.000,2.473,0.000,0.000,0.000,0.000,0.000,0.000,0.000
2820,957.094,194.378,185.303,26.856,172.411,10.424,0.000,2.469,0.000,0.000,0.000,0.000,0.000,0.000,0.000
2821,957.426,173.118,185.372,26.788,172.476,10.432,0.000,2.464,0.000,0.000,0.000,0.000,0.000,0.000,0.000
2822,957.758,180.748,185.435,26.720,172.535,10.441,0.000,2.460,0.000,0.000,0.000,0.000,0.000,0.000,0.000
2823,958.089,174.229,185.493,26.652,172.589,10.449,0.000,2.455,0.000,0.000,0.000,0.000,0.000,0.000,0.000
2824,958.421,166.785,185.543,26.584,172.635,10.458,0.000,2.450,0.000,0.000,0.000,0.000,0.000,0.000,0.000
2825,958.753,171.970,185.587,26.516,172.675,10.467,0.000,2.445,0.000,0.000,0.000,0.000,0.000,0.000,0.000
2826,959.085,167.563,185.621,26.449,172.706,10.476,0.000,2.440,0.000,0.000,0.000,0.000,0.000,0.000,0.000
2827,959.417,179.599,185.647,26.381,172.728,10.485,0.000,2.434,0.000,0.000,0.000,0.000,0.000,0.000,0.000
2828,959.749,159.822,185.663,26.313,172.740,10.494,0.000,2.429,0.000,0.000,0.000,0.000,0.000,0.000,0.000
2829,960.081,179.156,185.669,26.245,172.742,10.503,0.000,2.423,0.000,0.000,0.000,0.000,0.000,0.000,0.000
2830,960.412,173.600,185.663,26.177,172.733,10.513,0.000,2.417,0.000,0.000,0.000,0.000,0.000,0.000,0.000
2831,960.744,157.859,185.645,26.109,172.712,10.522,0.000,2.412,0.000,0.000,0.000,0.000,0.000,0.000,0.000
2832,961.076,154.711,185.615,26.041,172.678,10.531,0.000,2.405,0.000,0.000,0.000,0.000,0.000,0.000,0.000
2833,961.408,168.970,185.571,25.973,172.631,10.541,0.000,2.399,0.000,0.000,0.000,0.000,0.000,0.000,0.000
2834,961.739,149.822,185.513,25.905,172.570,10.551,0.000,2.393,0.000,0.000,0.000,0.000,0.000,0.000,0.000
2835,962.071,159.600,185.441,25.837,172.494,10.560,0.000,2.386,0.000,0.000,0.000,0.000,0.000,0.000,0.000
2836,962.403,159.711,185.353,25.770,172.403,10.570,0.000,2.380,0.000,0.000,0.000,0.000,0.000,0.000,0.000
2837,962.735,153.822,185.250,25.702,172.297,10.580,0.000,2.373,0.000,0.000,0.000,0.000,0.000,0.000,0.000
2838,963.066,147.341,185.130,25.634,172.174,10.590,0.000,2.366,0.000,0.000,0.000,0.000,0.000,0.000,0.000
2839,963.398,148.007,184.994,25.566,172.035,10.600,0.000,2.359,0.000,0.000,0.000,0.000,0.000,0.000,0.000
2840,963.730,136.304,184.839,25.498,171.877,10.610,0.000,2.352,0.000,0.000,0.000,0.000,0.000,0.000,0.000
2841,964.061,142.266,184.667,25.430,171.702,10.620,0.000,2.345,0.000,0.000,0.000,0.000,0.000,0.000,0.000
2842,964.393,149.007,184.477,25.362,171.509,10.631,0.000,2.337,0.000,0.000,0.000,0.000,0.000,0.000,0.000
2843,964.725,130.452,184.267,25.294,171.296,10.641,0.000,2.330,0.000,0.000,0.000,0.000,0.000,0.000,0.000
2844,965.056,174.562,184.038,25.226,171.064,10.651,0.000,2.322,0.000,0.000,0.000,0.000,0.000,0.000,0.000
2845,965.388,146.340,183.788,25.159,170.813,10.662,0.000,2.314,0.000,0.000,0.000,0.000,0.000,0.000,0.000
2846,965.719,115.266,183.519,25.091,170.541,10.672,0.000,2.306,0.000,0.000,0.000,0.000,0.000,0.000,0.000
2847,966.051,141.340,183.229,25.023,170.248,10.682,0.000,2.298,0.000,0.000,0.000,0.000,0.000,0.000,0.000
2848,966.383,132.785,182.918,24.955,169.934,10.693,0.000,2.290,0.000,0.000,0.000,0.000,0.000,0.000,0.000
2849,966.714,140.563,182.585,24.887,169.599,10.703,0.000,2.282,0.000,0.000,0.000,0.000,0.000,0.000,0.000
2850,967.046,112.932,182.231,24.819,169.243,10.714,0.000,2.274,0.000,0.000,0.000,0.000,0.000,0.000,0.000
2851,967.377,137.488,181.855,24.751,168.864,10.724,0.000,2.266,0.000,0.000,0.000,0.000,0.000,0.000,0.000
2852,967.709,131.266,181.456,24.683,168.464,10.735,0.000,2.257,0.000,0.000,0.000,0.000,0.000,0.000,0.000
2853,968.040,114.452,181.035,24.615,168.041,10.745,0.000,2.249,0.000,0.000,0.000,0.000,0.000,0.000,0.000
2854,968.372,137.155,180.591,24.548,167.595,10.756,0.000,2.240,0.000,0.000,0.000,0.000,0.000,0.000,0.000
2855,968.703,141.044,180.125,24.480,167.127,10.766,0.000,2.232,0.000,0.000,0.000,0.000,0.000,0.000,0.000
2856,969.035,132.044,179.637,24.412,166.637,10.777,0.000,2.223,0.000,0.000,0.000,0.000,0.000,0.000,0.000
2857,969.366,131.377,179.127,24.344,166.125,10.787,0.000,2.214,0.000,0.000,0.000,0.000,0.000,0.000,0.000
2858,969.698,115.489,178.594,24.276,165.591,10.798,0.000,2.206,0.000,0.000,0.000,0.000,0.000,0.000,0.000
2859,970.029,114.229,178.040,24.208,165.035,10.808,0.000,2.197,0.000,0.000,0.000,0.000,0.000,0.000,0.000
2860,970.361,110.784,177.462,24.140,164.456,10.818,0.000,2.188,0.000,0.000,0.000,0.000,0.000,0.000,0.000
2861,970.692,129.080,176.862,24.072,163.854,10.829,0.000,2.179,0.000,0.000,0.000,0.000,0.000,0.000,0.000
2862,971.024,120.118,176.239,24.004,163.230,10.839,0.000,2.170,0.000,0.000,0.000,0.000,0.000,0.000,0.000
2863,971.355,126.821,175.592,23.936,162.582,10.849,0.000,2.161,0.000,0.000,0.000,0.000,0.000,0.000,0.000
2864,971.686,110.784,174.923,23.869,161.912,10.859,0.000,2.152,0.000,0.000,0.000,0.000,0.000,0.000,0.000
2865,972.018,117.192,174.230,23.801,161.218,10.869,0.000,2.143,0.000,0.000,0.000,0.000,0.000,0.000,0.000
2866,972.349,104.710,173.514,23.733,160.502,10.879,0.000,2.134,0.000,0.000,0.000,0.000,0.000,0.000,0.000
2867,972.680,128.636,172.775,23.665,159.762,10.889,0.000,2.125,0.000,0.000,0.000,0.000,0.000,0.000,0.000
2868,973.012,140.414,172.013,23.597,158.999,10.899,0.000,2.115,0.000,0.000,0.000,0.000,0.000,0.000,0.000
2869,973.343,101.563,171.227,23.529,158.213,10.908,0.000,2.106,0.000,0.000,0.000,0.000,0.000,0.000,0.000
2870,973.674,94.081,170.419,23.461,157.404,10.918,0.000,2.097,0.000,0.000,0.000,0.000,0.000,0.000,0.000
2871,974.006,110.637,169.588,23.393,156.573,10.927,0.000,2.088,0.000,0.000,0.000,0.000,0.000,0.000,0.000
2872,974.337,97.303,168.734,23.325,155.719,10.936,0.000,2.079,0.000,0.000,0.000,0.000,0.000,0.000,0.000
2873,974.668,80.044,167.857,23.258,154.843,10.945,0.000,2.069,0.000,0.000,0.000,0.000,0.000,0.000,0.000
2874,975.000,104.081,166.959,23.190,153.944,10.954,0.000,2.060,0.000,0.000,0.000,0.000,0.000,0.000,0.000
2875,975.331,107.303,166.038,23.122,153.024,10.963,0.000,2.051,0.000,0.000,0.000,0.000,0.000,0.000,0.000
2876,975.662,81.933,165.096,23.054,152.082,10.972,0.000,2.042,0.000,0.000,0.000,0.000,0.000,0.000,0.000
2877,975.993,98.896,164.132,22.986,151.119,10.980,0.000,2.033,0.000,0.000,0.000,0.000,0.000,0.000,0.000
2878,976.325,95.377,163.146,22.918,150.135,10.988,0.000,2.024,0.000,0.000,0.000,0.000,0.000,0.000,0.000
2879,976.656,108.525,162.140,22.850,149.130,10.996,0.000,2.015,0.000,0.000,0.000,0.000,0.000,0.000,0.000
2880,976.987,74.932,161.114,22.782,148.104,11.004,0.000,2.005,0.000,0.000,0.000,0.000,0.000,0.000,0.000
2881,977.318,88.525,160.067,22.714,147.059,11.011,0.000,1.996,0.000,0.000,0.000,0.000,0.000,0.000,0.000
2882,977.649,84.377,159.000,22.646,145.994,11.019,0.000,1.987,0.000,0.000,0.000,0.000,0.000,0.000,0.000
2883,977.981,77.599,157.914,22.579,144.910,11.026,0.000,1.978,0.000,0.000,0.000,0.000,0.000,0.000,0.000
2884,978.312,95.599,156.810,22.511,143.808,11.033,0.000,1.969,0.000,0.000,0.000,0.000,0.000,0.000,0.000
2885,978.643,87.155,155.686,22.443,142.687,11.039,0.000,1.960,0.000,0.000,0.000,0.000,0.000,0.000,0.000
2886,978.974,78.710,154.545,22.375,141.548,11.046,0.000,1.951,0.000,0.000,0.000,0.000,0.000,0.000,0.000
2887,979.305,93.859,153.386,22.307,140.392,11.052,0.000,1.943,0.000,0.000,0.000,0.000,0.000,0.000,0.000
2888,979.636,61.155,152.210,22.239,139.219,11.058,0.000,1.934,0.000,0.000,0.000,0.000,0.000,0.000,0.000
2889,979.967,85.859,151.017,22.171,138.029,11.063,0.000,1.925,0.000,0.000,0.000,0.000,0.000,0.000,0.000
2890,980.299,72.599,149.809,22.103,136.824,11.068,0.000,1.916,0.000,0.000,0.000,0.000,0.000,0.000,0.000
2891,980.630,76.525,148.584,22.035,135.604,11.073,0.000,1.908,0.000,0.000,0.000,0.000,0.000,0.000,0.000
2892,980.961,80.599,147.345,21.968,134.368,11.078,0.000,1.899,0.000,0.000,0.000,0.000,0.000,0.000,0.000
2893,981.292,76.932,146.091,21.900,133.119,11.082,0.000,1.890,0.000,0.000,0.000,0.000,0.000,0.000,0.000
2894,981.623,81.377,144.824,21.832,131.856,11.086,0.000,1.882,0.000,0.000,0.000,0.000,0.000,0.000,0.000
2895,981.954,66.822,143.542,21.764,130.579,11.090,0.000,1.874,0.000,0.000,0.000,0.000,0.000,0.000,0.000
2896,982.285,78.414,142.327,21.774,129.324,11.133,0.000,1.870,0.000,0.000,0.000,0.000,0.000,0.000,0.000
2897,982.616,90.599,141.099,21.785,128.056,11.176,0.000,1.867,0.000,0.000,0.000,0.000,0.000,0.000,0.000
2898,982.947,55.339,139.859,21.795,126.777,11.219,0.000,1.863,0.000,0.000,0.000,0.000,0.000,0.000,0.000
2899,983.278,64.006,138.609,21.805,125.487,11.262,0.000,1.860,0.000,0.000,0.000,0.000,0.000,0.000,0.000
2900,983.609,63.784,137.348,21.816,124.186,11.305,0.000,1.857,0.000,0.000,0.000,0.000,0.000,0.000,0.000
2901,983.940,82.488,136.077,21.826,122.875,11.347,0.000,1.854,0.000,0.000,0.000,0.000,0.000,0.000,0.000
2902,984.271,70.377,134.796,21.837,121.555,11.390,0.000,1.851,0.000,0.000,0.000,0.000,0.000,0.000,0.000
2903,984.602,70.821,133.507,21.847,120.227,11.432,0.000,1.848,0.000,0.000,0.000,0.000,0.000,0.000,0.000
2904,984.933,65.711,132.210,21.858,118.890,11.475,0.000,1.846,0.000,0.000,0.000,0.000,0.000,0.000,0.000
2905,985.264,70.636,130.906,21.868,117.546,11.517,0.000,1.843,0.000,0.000,0.000,0.000,0.000,0.000,0.000
2906,985.594,89.896,129.594,21.878,116.195,11.559,0.000,1.840,0.000,0.000,0.000,0.000,0.000,0.000,0.000
2907,985.925,56.340,128.277,21.889,114.838,11.601,0.000,1.838,0.000,0.000,0.000,0.000,0.000,0.000,0.000
2908,986.256,66.858,126.953,21.899,113.475,11.642,0.000,1.836,0.000,0.000,0.000,0.000,0.000,0.000,0.000
2909,986.587,65.191,125.625,21.910,112.108,11.684,0.000,1.833,0.000,0.000,0.000,0.000,0.000,0.000,0.000
2910,986.918,71.413,124.292,21.920,110.735,11.725,0.000,1.831,0.000,0.000,0.000,0.000,0.000,0.000,0.000
2911,987.249,56.710,122.955,21.930,109.360,11.766,0.000,1.829,0.000,0.000,0.000,0.000,0.000,0.000,0.000
2912,987.580,66.636,121.615,21.941,107.981,11.807,0.000,1.827,0.000,0.000,0.000,0.000,0.000,0.000,0.000
2913,987.911,66.340,120.272,21.951,106.599,11.847,0.000,1.826,0.000,0.000,0.000,0.000,0.000,0.000,0.000
2914,988.241,56.487,118.927,21.962,105.216,11.888,0.000,1.824,0.000,0.000,0.000,0.000,0.000,0.000,0.000
2915,988.572,62.413,117.581,21.972,103.831,11.928,0.000,1.822,0.000,0.000,0.000,0.000,0.000,0.000,0.000
2916,988.903,50.525,116.234,21.983,102.445,11.968,0.000,1.821,0.000,0.000,0.000,0.000,0.000,0.000,0.000
2917,989.234,75.599,114.886,21.993,101.059,12.007,0.000,1.820,0.000,0.000,0.000,0.000,0.000,0.000,0.000
2918,989.564,58.932,113.539,22.003,99.674,12.047,0.000,1.818,0.000,0.000,0.000,0.000,0.000,0.000,0.000
2919,989.895,59.265,112.192,22.014,98.289,12.086,0.000,1.817,0.000,0.000,0.000,0.000,0.000,0.000,0.000
2920,990.226,38.413,110.847,22.024,96.906,12.125,0.000,1.816,0.000,0.000,0.000,0.000,0.000,0.000,0.000
2921,990.557,61.414,109.503,22.035,95.525,12.163,0.000,1.815,0.000,0.000,0.000,0.000,0.000,0.000,0.000
2922,990.887,51.711,108.162,22.045,94.146,12.202,0.000,1.814,0.000,0.000,0.000,0.000,0.000,0.000,0.000
2923,991.218,59.377,106.824,22.055,92.771,12.240,0.000,1.813,0.000,0.000,0.000,0.000,0.000,0.000,0.000
2924,991.549,54.747,105.489,22.066,91.399,12.277,0.000,1.813,0.000,0.000,0.000,0.000,0.000,0.000,0.000
2925,991.880,72.747,104.158,22.076,90.031,12.315,0.000,1.812,0.000,0.000,0.000,0.000,0.000,0.000,0.000
2926,992.210,61.710,102.832,22.087,88.668,12.352,0.000,1.812,0.000,0.000,0.000,0.000,0.000,0.000,0.000
2927,992.541,50.266,101.510,22.097,87.311,12.389,0.000,1.811,0.000,0.000,0.000,0.000,0.000,0.000,0.000
2928,992.872,61.822,100.195,22.108,85.958,12.425,0.000,1.811,0.000,0.000,0.000,0.000,0.000,0.000,0.000
2929,993.202,45.377,98.884,22.118,84.612,12.461,0.000,1.811,0.000,0.000,0.000,0.000,0.000,0.000,0.000
2930,993.533,56.599,97.581,22.128,83.273,12.497,0.000,1.811,0.000,0.000,0.000,0.000,0.000,0.000,0.000
2931,993.863,55.969,96.284,22.139,81.940,12.533,0.000,1.811,0.000,0.000,0.000,0.000,0.000,0.000,0.000
2932,994.194,52.636,94.994,22.149,80.615,12.568,0.000,1.811,0.000,0.000,0.000,0.000,0.000,0.000,0.000
2933,994.525,52.636,93.712,22.160,79.298,12.603,0.000,1.811,0.000,0.000,0.000,0.000,0.000,0.000,0.000
2934,994.855,57.710,92.438,22.170,77.990,12.637,0.000,1.811,0.000,0.000,0.000,0.000,0.000,0.000,0.000
2935,995.186,53.191,91.173,22.180,76.690,12.671,0.000,1.812,0.000,0.000,0.000,0.000,0.000,0.000,0.000
2936,995.516,56.636,89.916,22.191,75.399,12.705,0.000,1.812,0.000,0.000,0.000,0.000,0.000,0.000,0.000
2937,995.847,60.377,88.669,22.201,74.117,12.739,0.000,1.813,0.000,0.000,0.000,0.000,0.000,0.000,0.000
2938,996.178,45.487,87.431,22.212,72.846,12.772,0.000,1.814,0.000,0.000,0.000,0.000,0.000,0.000,0.000
2939,996.508,55.155,86.203,22.222,71.584,12.804,0.000,1.814,0.000,0.000,0.000,0.000,0.000,0.000,0.000
2940,996.839,49.080,84.986,22.233,70.334,12.837,0.000,1.815,0.000,0.000,0.000,0.000,0.000,0.000,0.000
2941,997.169,45.969,83.779,22.243,69.094,12.869,0.000,1.816,0.000,0.000,0.000,0.000,0.000,0.000,0.000
2942,997.500,45.932,82.583,22.253,67.865,12.901,0.000,1.817,0.000,0.000,0.000,0.000,0.000,0.000,0.000
2943,997.830,49.265,81.398,22.264,66.648,12.932,0.000,1.818,0.000,0.000,0.000,0.000,0.000,0.000,0.000
2944,998.161,41.747,80.225,22.274,65.443,12.963,0.000,1.819,0.000,0.000,0.000,0.000,0.000,0.000,0.000
2945,998.491,40.636,79.064,22.285,64.249,12.994,0.000,1.821,0.000,0.000,0.000,0.000,0.000,0.000,0.000
2946,998.821,49.562,77.914,22.295,63.068,13.024,0.000,1.822,0.000,0.000,0.000,0.000,0.000,0.000,0.000
2947,999.152,43.154,76.777,22.305,61.900,13.054,0.000,1.824,0.000,0.000,0.000,0.000,0.000,0.000,0.000
2948,999.482,44.191,75.653,22.316,60.745,13.083,0.000,1.825,0.000,0.000,0.000,0.000,0.000,0.000,0.000
2949,999.813,58.155,74.541,22.326,59.602,13.112,0.000,1.827,0.000,0.000,0.000,0.000,0.000,0.000,0.000
2950,1000.143,43.229,73.443,22.337,58.473,13.141,0.000,1.828,0.000,0.000,0.000,0.000,0.000,0.000,0.000
2951,1000.474,61.265,72.357,22.347,57.358,13.170,0.000,1.830,0.000,0.000,0.000,0.000,0.000,0.000,0.000
2952,1000.804,45.858,71.286,22.357,56.256,13.198,0.000,1.832,0.000,0.000,0.000,0.000,0.000,0.000,0.000
2953,1001.134,61.265,70.227,22.368,55.168,13.226,0.000,1.834,0.000,0.000,0.000,0.000,0.000,0.000,0.000
2954,1001.465,30.747,69.182,22.378,54.093,13.253,0.000,1.836,0.000,0.000,0.000,0.000,0.000,0.000,0.000
2955,1001.795,44.451,68.152,22.389,53.034,13.280,0.000,1.838,0.000,0.000,0.000,0.000,0.000,0.000,0.000
2956,1002.125,34.970,67.135,22.399,51.988,13.307,0.000,1.840,0.000,0.000,0.000,0.000,0.000,0.000,0.000
2957,1002.456,45.858,66.132,22.410,50.957,13.333,0.000,1.842,0.000,0.000,0.000,0.000,0.000,0.000,0.000
2958,1002.786,50.895,65.144,22.420,49.940,13.359,0.000,1.845,0.000,0.000,0.000,0.000,0.000,0.000,0.000
2959,1003.116,36.229,64.170,22.430,48.938,13.385,0.000,1.847,0.000,0.000,0.000,0.000,0.000,0.000,0.000
2960,1003.447,64.562,63.211,22.441,47.951,13.410,0.000,1.849,0.000,0.000,0.000,0.000,0.000,0.000,0.000
2961,1003.777,57.377,62.266,22.451,46.978,13.435,0.000,1.852,0.000,0.000,0.000,0.000,0.000,0.000,0.000
2962,1004.107,38.747,61.335,22.462,46.021,13.460,0.000,1.855,0.000,0.000,0.000,0.000,0.000,0.000,0.000
2963,1004.437,42.451,60.420,22.472,45.078,13.484,0.000,1.857,0.000,0.000,0.000,0.000,0.000,0.000,0.000
2964,1004.768,42.636,59.519,22.482,44.150,13.508,0.000,1.860,0.000,0.000,0.000,0.000,0.000,0.000,0.000
2965,1005.098,26.858,58.632,22.493,43.238,13.532,0.000,1.863,0.000,0.000,0.000,0.000,0.000,0.000,0.000
2966,1005.428,48.784,57.761,22.503,42.340,13.555,0.000,1.866,0.000,0.000,0.000,0.000,0.000,0.000,0.000
2967,1005.758,26.784,56.905,22.514,41.458,13.578,0.000,1.869,0.000,0.000,0.000,0.000,0.000,0.000,0.000
2968,1006.089,31.155,56.063,22.524,40.590,13.601,0.000,1.872,0.000,0.000,0.000,0.000,0.000,0.000,0.000
2969,1006.419,28.118,55.236,22.535,39.738,13.623,0.000,1.875,0.000,0.000,0.000,0.000,0.000,0.000,0.000
2970,1006.749,40.970,54.424,22.545,38.900,13.646,0.000,1.878,0.000,0.000,0.000,0.000,0.000,0.000,0.000
2971,1007.079,33.711,53.626,22.555,38.078,13.667,0.000,1.881,0.000,0.000,0.000,0.000,0.000,0.000,0.000
2972,1007.409,46.636,52.844,22.566,37.271,13.689,0.000,1.884,0.000,0.000,0.000,0.000,0.000,0.000,0.000
2973,1007.739,54.636,52.076,22.576,36.478,13.710,0.000,1.888,0.000,0.000,0.000,0.000,0.000,0.000,0.000
2974,1008.070,34.117,51.323,22.587,35.701,13.731,0.000,1.891,0.000,0.000,0.000,0.000,0.000,0.000,0.000
2975,1008.400,43.191,50.584,22.597,34.938,13.752,0.000,1.894,0.000,0.000,0.000,0.000,0.000,0.000,0.000
2976,1008.730,29.229,49.860,22.607,34.190,13.772,0.000,1.898,0.000,0.000,0.000,0.000,0.000,0.000,0.000
2977,1009.060,47.155,49.151,22.618,33.457,13.792,0.000,1.902,0.000,0.000,0.000,0.000,0.000,0.000,0.000
2978,1009.390,43.598,48.456,22.628,32.739,13.812,0.000,1.905,0.000,0.000,0.000,0.000,0.000,0.000,0.000
2979,1009.720,31.932,47.775,22.639,32.035,13.832,0.000,1.909,0.000,0.000,0.000,0.000,0.000,0.000,0.000
2980,1010.050,43.932,47.109,22.649,31.345,13.851,0.000,1.913,0.000,0.000,0.000,0.000,0.000,0.000,0.000
2981,1010.380,30.858,46.456,22.660,30.670,13.870,0.000,1.917,0.000,0.000,0.000,0.000,0.000,0.000,0.000
2982,1010.710,45.229,45.818,22.670,30.009,13.889,0.000,1.921,0.000,0.000,0.000,0.000,0.000,0.000,0.000
2983,1011.040,39.487,45.194,22.680,29.362,13.907,0.000,1.925,0.000,0.000,0.000,0.000,0.000,0.000,0.000
2984,1011.370,48.413,44.584,22.691,28.729,13.925,0.000,1.929,0.000,0.000,0.000,0.000,0.000,0.000,0.000
2985,1011.700,46.599,43.987,22.701,28.110,13.944,0.000,1.933,0.000,0.000,0.000,0.000,0.000,0.000,0.000
2986,1012.030,46.192,43.404,22.712,27.505,13.961,0.000,1.937,0.000,0.000,0.000,0.000,0.000,0.000,0.000
2987,1012.360,39.526,42.834,22.722,26.913,13.979,0.000,1.941,0.000,0.000,0.000,0.000,0.000,0.000,0.000
2988,1012.690,29.303,42.277,22.732,26.335,13.996,0.000,1.946,0.000,0.000,0.000,0.000,0.000,0.000,0.000
2989,1013.020,50.599,41.734,22.743,25.770,14.014,0.000,1.950,0.000,0.000,0.000,0.000,0.000,0.000,0.000
2990,1013.350,46.377,41.204,22.753,25.219,14.031,0.000,1.955,0.000,0.000,0.000,0.000,0.000,0.000,0.000
2991,1013.680,51.339,40.687,22.764,24.680,14.047,0.000,1.959,0.000,0.000,0.000,0.000,0.000,0.000,0.000
2992,1014.010,37.599,40.182,22.774,24.155,14.064,0.000,1.964,0.000,0.000,0.000,0.000,0.000,0.000,0.000
2993,1014.340,45.599,39.690,22.785,23.642,14.080,0.000,1.969,0.000,0.000,0.000,0.000,0.000,0.000,0.000
2994,1014.670,29.229,39.211,22.795,23.141,14.096,0.000,1.973,0.000,0.000,0.000,0.000,0.000,0.000,0.000
2995,1015.000,46.859,38.744,22.805,22.653,14.112,0.000,1.978,0.000,0.000,0.000,0.000,0.000,0.000,0.000
2996,1015.330,34.673,38.289,22.816,22.177,14.128,0.000,1.983,0.000,0.000,0.000,0.000,0.000,0.000,0.000
2997,1015.660,54.155,37.846,22.826,21.714,14.144,0.000,1.988,0.000,0.000,0.000,0.000,0.000,0.000,0.000
2998,1015.989,48.895,37.414,22.837,21.262,14.159,0.000,1.993,0.000,0.000,0.000,0.000,0.000,0.000,0.000
2999,1016.319,33.376,36.995,22.847,20.822,14.175,0.000,1.998,0.000,0.000,0.000,0.000,0.000,0.000,0.000
3000,1016.649,41.673,36.587,22.857,20.393,14.190,0.000,2.004,0.000,0.000,0.000,0.000,0.000,0.000,0.000
3001,1016.979,43.340,36.190,22.868,19.976,14.205,0.000,2.009,0.000,0.000,0.000,0.000,0.000,0.000,0.000
3002,1017.309,31.562,35.804,22.878,19.570,14.220,0.000,2.014,0.000,0.000,0.000,0.000,0.000,0.000,0.000
3003,1017.639,41.932,35.429,22.889,19.175,14.234,0.000,2.020,0.000,0.000,0.000,0.000,0.000,0.000,0.000
3004,1017.968,36.822,35.065,22.899,18.791,14.249,0.000,2.025,0.000,0.000,0.000,0.000,0.000,0.000,0.000
3005,1018.298,45.303,34.711,22.909,18.417,14.263,0.000,2.031,0.000,0.000,0.000,0.000,0.000,0.000,0.000
3006,1018.628,44.192,34.368,22.920,18.054,14.278,0.000,2.036,0.000,0.000,0.000,0.000,0.000,0.000,0.000
3007,1018.958,43.599,34.035,22.930,17.701,14.292,0.000,2.042,0.000,0.000,0.000,0.000,0.000,0.000,0.000
3008,1019.287,41.969,33.712,22.941,17.358,14.306,0.000,2.048,0.000,0.000,0.000,0.000,0.000,0.000,0.000
3009,1019.617,27.820,33.399,22.951,17.025,14.320,0.000,2.054,0.000,0.000,0.000,0.000,0.000,0.000,0.000
3010,1019.947,39.562,33.095,22.962,16.702,14.334,0.000,2.060,0.000,0.000,0.000,0.000,0.000,0.000,0.000
3011,1020.277,53.451,32.801,22.972,16.389,14.347,0.000,2.066,0.000,0.000,0.000,0.000,0.000,0.000,0.000
3012,1020.606,39.265,32.517,22.982,16.084,14.361,0.000,2.072,0.000,0.000,0.000,0.000,0.000,0.000,0.000
3013,1020.936,46.377,32.241,22.993,15.789,14.374,0.000,2.078,0.000,0.000,0.000,0.000,0.000,0.000,0.000
3014,1021.266,50.932,31.975,23.003,15.503,14.388,0.000,2.084,0.000,0.000,0.000,0.000,0.000,0.000,0.000
3015,1021.595,47.414,31.717,23.014,15.225,14.401,0.000,2.090,0.000,0.000,0.000,0.000,0.000,0.000,0.000
3016,1021.925,45.673,31.468,23.024,14.956,14.415,0.000,2.097,0.000,0.000,0.000,0.000,0.000,0.000,0.000
3017,1022.255,45.266,31.227,23.034,14.696,14.428,0.000,2.103,0.000,0.000,0.000,0.000,0.000,0.000,0.000
3018,1022.584,27.896,30.995,23.045,14.444,14.441,0.000,2.110,0.000,0.000,0.000,0.000,0.000,0.000,0.000
3019,1022.914,39.228,30.770,23.055,14.200,14.454,0.000,2.117,0.000,0.000,0.000,0.000,0.000,0.000,0.000
3020,1023.244,42.896,30.554,23.066,13.964,14.467,0.000,2.123,0.000,0.000,0.000,0.000,0.000,0.000,0.000
3021,1023.573,40.599,30.345,23.076,13.735,14.480,0.000,2.130,0.000,0.000,0.000,0.000,0.000,0.000,0.000
3022,1023.903,30.673,30.144,23.087,13.514,14.493,0.000,2.137,0.000,0.000,0.000,0.000,0.000,0.000,0.000
3023,1024.233,35.377,29.950,23.097,13.301,14.505,0.000,2.144,0.000,0.000,0.000,0.000,0.000,0.000,0.000
3024,1024.562,35.266,29.764,23.107,13.095,14.518,0.000,2.151,0.000,0.000,0.000,0.000,0.000,0.000,0.000
3025,1024.892,54.266,29.585,23.118,12.895,14.531,0.000,2.158,0.000,0.000,0.000,0.000,0.000,0.000,0.000
3026,1025.221,45.376,29.412,23.128,12.703,14.543,0.000,2.166,0.000,0.000,0.000,0.000,0.000,0.000,0.000
3027,1025.551,51.006,29.247,23.139,12.518,14.556,0.000,2.173,0.000,0.000,0.000,0.000,0.000,0.000,0.000
3028,1025.880,43.043,29.089,23.149,12.340,14.569,0.000,2.180,0.000,0.000,0.000,0.000,0.000,0.000,0.000
3029,1026.210,37.155,28.938,23.159,12.169,14.581,0.000,2.188,0.000,0.000,0.000,0.000,0.000,0.000,0.000
3030,1026.539,37.044,28.795,23.170,12.005,14.594,0.000,2.196,0.000,0.000,0.000,0.000,0.000,0.000,0.000
3031,1026.869,52.080,28.658,23.180,11.848,14.606,0.000,2.204,0.000,0.000,0.000,0.000,0.000,0.000,0.000
3032,1027.198,39.044,28.528,23.191,11.697,14.619,0.000,2.212,0.000,0.000,0.000,0.000,0.000,0.000,0.000
3033,1027.528,24.340,28.404,23.201,11.553,14.632,0.000,2.220,0.000,0.000,0.000,0.000,0.000,0.000,0.000
3034,1027.857,35.562,28.287,23.212,11.414,14.644,0.000,2.228,0.000,0.000,0.000,0.000,0.000,0.000,0.000
3035,1028.187,37.191,28.175,23.222,11.282,14.657,0.000,2.237,0.000,0.000,0.000,0.000,0.000,0.000,0.000
3036,1028.516,46.303,28.070,23.232,11.155,14.669,0.000,2.245,0.000,0.000,0.000,0.000,0.000,0.000,0.000
3037,1028.846,38.414,27.969,23.243,11.033,14.682,0.000,2.254,0.000,0.000,0.000,0.000,0.000,0.000,0.000
3038,1029.175,46.969,27.875,23.253,10.917,14.694,0.000,2.263,0.000,0.000,0.000,0.000,0.000,0.000,0.000
3039,1029.504,39.636,27.785,23.264,10.806,14.707,0.000,2.272,0.000,0.000,0.000,0.000,0.000,0.000,0.000
3040,1029.834,30.451,27.700,23.274,10.699,14.720,0.000,2.281,0.000,0.000,0.000,0.000,0.000,0.000,0.000
3041,1030.163,28.488,27.620,23.284,10.597,14.732,0.000,2.291,0.000,0.000,0.000,0.000,0.000,0.000,0.000
3042,1030.493,46.488,27.545,23.295,10.500,14.745,0.000,2.300,0.000,0.000,0.000,0.000,0.000,0.000,0.000
3043,1030.822,48.006,27.475,23.305,10.407,14.758,0.000,2.310,0.000,0.000,0.000,0.000,0.000,0.000,0.000
3044,1031.151,48.266,27.408,23.316,10.318,14.771,0.000,2.319,0.000,0.000,0.000,0.000,0.000,0.000,0.000
3045,1031.481,47.673,27.346,23.326,10.233,14.783,0.000,2.329,0.000,0.000,0.000,0.000,0.000,0.000,0.000
3046,1031.810,37.414,27.288,23.337,10.153,14.796,0.000,2.340,0.000,0.000,0.000,0.000,0.000,0.000,0.000
3047,1032.139,47.043,27.234,23.347,10.075,14.809,0.000,2.350,0.000,0.000,0.000,0.000,0.000,0.000,0.000
3048,1032.469,26.636,27.184,23.357,10.002,14.822,0.000,2.360,0.000,0.000,0.000,0.000,0.000,0.000,0.000
3049,1032.798,47.155,27.138,23.368,9.932,14.835,0.000,2.371,0.000,0.000,0.000,0.000,0.000,0.000,0.000
3050,1033.127,29.118,27.095,23.378,9.865,14.848,0.000,2.382,0.000,0.000,0.000,0.000,0.000,0.000,0.000
3051,1033.457,45.932,27.056,23.389,9.802,14.861,0.000,2.393,0.000,0.000,0.000,0.000,0.000,0.000,0.000
3052,1033.786,35.784,27.020,23.399,9.741,14.875,0.000,2.404,0.000,0.000,0.000,0.000,0.000,0.000,0.000
3053,1034.115,57.747,26.987,23.409,9.684,14.888,0.000,2.415,0.000,0.000,0.000,0.000,0.000,0.000,0.000
3054,1034.444,46.637,26.957,23.420,9.630,14.901,0.000,2.427,0.000,0.000,0.000,0.000,0.000,0.000,0.000
3055,1034.774,38.970,26.931,23.430,9.578,14.915,0.000,2.438,0.000,0.000,0.000,0.000,0.000,0.000,0.000
3056,1035.103,52.895,26.907,23.441,9.529,14.928,0.000,2.450,0.000,0.000,0.000,0.000,0.000,0.000,0.000
3057,1035.432,40.451,26.887,23.451,9.483,14.942,0.000,2.462,0.000,0.000,0.000,0.000,0.000,0.000,0.000
3058,1035.761,49.710,26.869,23.461,9.439,14.955,0.000,2.475,0.000,0.000,0.000,0.000,0.000,0.000,0.000
3059,1036.091,49.858,26.854,23.472,9.398,14.969,0.000,2.487,0.000,0.000,0.000,0.000,0.000,0.000,0.000
3060,1036.420,39.747,26.842,23.482,9.359,14.983,0.000,2.500,0.000,0.000,0.000,0.000,0.000,0.000,0.000
3061,1036.749,53.488,26.832,23.493,9.323,14.997,0.000,2.513,0.000,0.000,0.000,0.000,0.000,0.000,0.000
3062,1037.078,49.784,26.825,23.503,9.288,15.011,0.000,2.526,0.000,0.000,0.000,0.000,0.000,0.000,0.000
3063,1037.407,38.525,26.820,23.514,9.256,15.025,0.000,2.539,0.000,0.000,0.000,0.000,0.000,0.000,0.000
3064,1037.736,51.710,26.818,23.524,9.226,15.039,0.000,2.553,0.000,0.000,0.000,0.000,0.000,0.000,0.000
3065,1038.066,40.858,26.818,23.534,9.198,15.053,0.000,2.567,0.000,0.000,0.000,0.000,0.000,0.000,0.000
3066,1038.395,44.044,26.820,23.545,9.172,15.068,0.000,2.581,0.000,0.000,0.000,0.000,0.000,0.000,0.000
3067,1038.724,48.562,26.825,23.555,9.147,15.082,0.000,2.595,0.000,0.000,0.000,0.000,0.000,0.000,0.000
3068,1039.053,38.192,26.831,23.566,9.125,15.097,0.000,2.610,0.000,0.000,0.000,0.000,0.000,0.000,0.000
3069,1039.382,64.043,26.840,23.576,9.104,15.111,0.000,2.625,0.000,0.000,0.000,0.000,0.000,0.000,0.000
3070,1039.711,49.192,26.851,23.586,9.085,15.126,0.000,2.640,0.000,0.000,0.000,0.000,0.000,0.000,0.000
3071,1040.040,44.118,26.864,23.597,9.068,15.141,0.000,2.655,0.000,0.000,0.000,0.000,0.000,0.000,0.000
3072,1040.369,39.636,26.879,23.607,9.052,15.156,0.000,2.671,0.000,0.000,0.000,0.000,0.000,0.000,0.000
3073,1040.698,49.044,26.896,23.618,9.038,15.172,0.000,2.686,0.000,0.000,0.000,0.000,0.000,0.000,0.000
3074,1041.027,38.414,26.915,23.628,9.025,15.187,0.000,2.702,0.000,0.000,0.000,0.000,0.000,0.000,0.000
3075,1041.356,41.377,26.935,23.639,9.014,15.202,0.000,2.719,0.000,0.000,0.000,0.000,0.000,0.000,0.000
3076,1041.685,65.414,26.958,23.649,9.004,15.218,0.000,2.735,0.000,0.000,0.000,0.000,0.000,0.000,0.000
3077,1042.014,52.785,26.982,23.659,8.996,15.234,0.000,2.752,0.000,0.000,0.000,0.000,0.000,0.000,0.000
3078,1042.343,45.673,27.008,23.670,8.989,15.250,0.000,2.770,0.000,0.000,0.000,0.000,0.000,0.000,0.000
3079,1042.672,51.636,27.036,23.680,8.983,15.266,0.000,2.787,0.000,0.000,0.000,0.000,0.000,0.000,0.000
3080,1043.001,39.451,27.066,23.691,8.978,15.282,0.000,2.805,0.000,0.000,0.000,0.000,0.000,0.000,0.000
3081,1043.330,47.415,27.097,23.701,8.974,15.299,0.000,2.824,0.000,0.000,0.000,0.000,0.000,0.000,0.000
3082,1043.659,43.192,27.130,23.711,8.972,15.315,0.000,2.842,0.000,0.000,0.000,0.000,0.000,0.000,0.000
3083,1043.988,57.599,27.164,23.722,8.971,15.332,0.000,2.861,0.000,0.000,0.000,0.000,0.000,0.000,0.000
3084,1044.317,43.080,27.201,23.732,8.970,15.349,0.000,2.881,0.000,0.000,0.000,0.000,0.000,0.000,0.000
3085,1044.646,42.858,27.238,23.743,8.971,15.366,0.000,2.901,0.000,0.000,0.000,0.000,0.000,0.000,0.000
3086,1044.975,36.896,27.278,23.753,8.973,15.384,0.000,2.921,0.000,0.000,0.000,0.000,0.000,0.000,0.000
3087,1045.304,40.340,27.319,23.764,8.976,15.402,0.000,2.942,0.000,0.000,0.000,0.000,0.000,0.000,0.000
3088,1045.633,45.784,27.361,23.774,8.979,15.419,0.000,2.963,0.000,0.000,0.000,0.000,0.000,0.000,0.000
3089,1045.962,38.489,27.405,23.784,8.984,15.437,0.000,2.984,0.000,0.000,0.000,0.000,0.000,0.000,0.000
3090,1046.290,20.933,27.451,23.795,8.989,15.456,0.000,3.006,0.000,0.000,0.000,0.000,0.000,0.000,0.000
3091,1046.619,48.303,27.498,23.805,8.995,15.474,0.000,3.029,0.000,0.000,0.000,0.000,0.000,0.000,0.000
3092,1046.948,39.563,27.546,23.816,9.002,15.493,0.000,3.051,0.000,0.000,0.000,0.000,0.000,0.000,0.000
3093,1047.277,48.932,27.596,23.826,9.009,15.512,0.000,3.075,0.000,0.000,0.000,0.000,0.000,0.000,0.000
3094,1047.606,47.970,27.646,23.836,9.017,15.531,0.000,3.098,0.000,0.000,0.000,0.000,0.000,0.000,0.000
3095,1047.935,47.081,27.697,23.847,9.025,15.550,0.000,3.121,0.000,0.000,0.000,0.000,0.000,0.000,0.000
3096,1048.263,42.414,27.749,23.857,9.034,15.569,0.000,3.145,0.000,0.000,0.000,0.000,0.000,0.000,0.000
3097,1048.592,38.487,27.802,23.868,9.043,15.589,0.000,3.170,0.000,0.000,0.000,0.000,0.000,0.000,0.000
3098,1048.921,40.155,27.856,23.878,9.053,15.609,0.000,3.194,0.000,0.000,0.000,0.000,0.000,0.000,0.000
3099,1049.250,36.118,27.910,23.889,9.063,15.628,0.000,3.219,0.000,0.000,0.000,0.000,0.000,0.000,0.000
3100,1049.578,32.933,27.966,23.899,9.074,15.648,0.000,3.244,0.000,0.000,0.000,0.000,0.000,0.000,0.000
3101,1049.907,43.118,28.022,23.909,9.084,15.668,0.000,3.269,0.000,0.000,0.000,0.000,0.000,0.000,0.000
3102,1050.236,45.784,28.079,23.920,9.096,15.689,0.000,3.294,0.000,0.000,0.000,0.000,0.000,0.000,0.000
3103,1050.565,47.896,28.137,23.930,9.108,15.710,0.000,3.320,0.000,0.000,0.000,0.000,0.000,0.000,0.000
3104,1050.893,42.970,28.195,23.941,9.120,15.730,0.000,3.345,0.000,0.000,0.000,0.000,0.000,0.000,0.000
3105,1051.222,32.637,28.254,23.951,9.132,15.751,0.000,3.370,0.000,0.000,0.000,0.000,0.000,0.000,0.000
3106,1051.551,50.673,28.314,23.961,9.145,15.773,0.000,3.396,0.000,0.000,0.000,0.000,0.000,0.000,0.000
3107,1051.880,45.822,28.374,23.972,9.158,15.794,0.000,3.422,0.000,0.000,0.000,0.000,0.000,0.000,0.000
3108,1052.208,43.896,28.435,23.982,9.172,15.816,0.000,3.447,0.000,0.000,0.000,0.000,0.000,0.000,0.000
3109,1052.537,27.932,28.497,23.993,9.186,15.838,0.000,3.473,0.000,0.000,0.000,0.000,0.000,0.000,0.000
3110,1052.866,53.451,28.559,24.003,9.200,15.860,0.000,3.499,0.000,0.000,0.000,0.000,0.000,0.000,0.000
3111,1053.194,50.451,28.621,24.013,9.214,15.883,0.000,3.524,0.000,0.000,0.000,0.000,0.000,0.000,0.000
3112,1053.523,36.969,28.684,24.024,9.229,15.905,0.000,3.550,0.000,0.000,0.000,0.000,0.000,0.000,0.000
3113,1053.851,47.451,28.748,24.034,9.244,15.928,0.000,3.576,0.000,0.000,0.000,0.000,0.000,0.000,0.000
3114,1054.180,61.562,28.812,24.045,9.259,15.952,0.000,3.602,0.000,0.000,0.000,0.000,0.000,0.000,0.000
3115,1054.509,48.229,28.877,24.055,9.274,15.975,0.000,3.627,0.000,0.000,0.000,0.000,0.000,0.000,0.000
3116,1054.837,49.785,28.941,24.066,9.290,15.999,0.000,3.653,0.000,0.000,0.000,0.000,0.000,0.000,0.000
3117,1055.166,46.562,29.007,24.076,9.305,16.023,0.000,3.679,0.000,0.000,0.000,0.000,0.000,0.000,0.000
3118,1055.494,43.562,29.072,24.086,9.321,16.047,0.000,3.704,0.000,0.000,0.000,0.000,0.000,0.000,0.000
3119,1055.823,27.599,29.138,24.097,9.337,16.072,0.000,3.730,0.000,0.000,0.000,0.000,0.000,0.000,0.000
3120,1056.152,37.229,29.205,24.107,9.353,16.097,0.000,3.755,0.000,0.000,0.000,0.000,0.000,0.000,0.000
3121,1056.480,52.229,29.271,24.118,9.369,16.122,0.000,3.780,0.000,0.000,0.000,0.000,0.000,0.000,0.000
3122,1056.809,37.489,29.338,24.128,9.386,16.147,0.000,3.806,0.000,0.000,0.000,0.000,0.000,0.000,0.000
3123,1057.137,37.452,29.406,24.138,9.402,16.173,0.000,3.831,0.000,0.000,0.000,0.000,0.000,0.000,0.000
3124,1057.466,49.156,29.473,24.149,9.418,16.199,0.000,3.856,0.000,0.000,0.000,0.000,0.000,0.000,0.000
3125,1057.794,62.303,29.541,24.159,9.435,16.225,0.000,3.881,0.000,0.000,0.000,0.000,0.000,0.000,0.000
3126,1058.123,36.489,29.609,24.170,9.452,16.252,0.000,3.905,0.000,0.000,0.000,0.000,0.000,0.000,0.000
3127,1058.451,55.304,29.677,24.180,9.468,16.278,0.000,3.930,0.000,0.000,0.000,0.000,0.000,0.000,0.000
3128,1058.780,53.822,29.745,24.191,9.485,16.306,0.000,3.954,0.000,0.000,0.000,0.000,0.000,0.000,0.000
3129,1059.108,35.896,29.814,24.201,9.502,16.333,0.000,3.979,0.000,0.000,0.000,0.000,0.000,0.000,0.000
3130,1059.436,38.451,29.882,24.211,9.518,16.361,0.000,4.003,0.000,0.000,0.000,0.000,0.000,0.000,0.000
3131,1059.765,38.599,29.951,24.222,9.535,16.389,0.000,4.027,0.000,0.000,0.000,0.000,0.000,0.000,0.000
3132,1060.093,45.970,30.020,24.232,9.552,16.418,0.000,4.050,0.000,0.000,0.000,0.000,0.000,0.000,0.000
3133,1060.422,69.117,30.089,24.243,9.569,16.446,0.000,4.074,0.000,0.000,0.000,0.000,0.000,0.000,0.000
3134,1060.750,48.599,30.158,24.253,9.585,16.476,0.000,4.097,0.000,0.000,0.000,0.000,0.000,0.000,0.000
3135,1061.079,50.451,30.227,24.263,9.602,16.505,0.000,4.120,0.000,0.000,0.000,0.000,0.000,0.000,0.000
3136,1061.407,64.266,30.296,24.274,9.619,16.535,0.000,4.142,0.000,0.000,0.000,0.000,0.000,0.000,0.000
3137,1061.735,53.377,30.365,24.284,9.635,16.565,0.000,4.165,0.000,0.000,0.000,0.000,0.000,0.000,0.000
3138,1062.064,51.859,30.435,24.295,9.652,16.596,0.000,4.187,0.000,0.000,0.000,0.000,0.000,0.000,0.000
3139,1062.392,50.117,30.504,24.305,9.668,16.627,0.000,4.209,0.000,0.000,0.000,0.000,0.000,0.000,0.000
3140,1062.720,54.081,30.573,24.316,9.685,16.658,0.000,4.230,0.000,0.000,0.000,0.000,0.000,0.000,0.000
3141,1063.049,42.822,30.642,24.326,9.701,16.690,0.000,4.251,0.000,0.000,0.000,0.000,0.000,0.000,0.000
3142,1063.377,62.414,30.712,24.336,9.718,16.722,0.000,4.272,0.000,0.000,0.000,0.000,0.000,0.000,0.000
3143,1063.705,65.673,30.781,24.347,9.734,16.754,0.000,4.293,0.000,0.000,0.000,0.000,0.000,0.000,0.000
3144,1064.034,48.748,30.850,24.357,9.750,16.787,0.000,4.313,0.000,0.000,0.000,0.000,0.000,0.000,0.000
3145,1064.362,51.006,30.919,24.368,9.766,16.820,0.000,4.333,0.000,0.000,0.000,0.000,0.000,0.000,0.000
3146,1064.690,46.304,30.988,24.378,9.782,16.854,0.000,4.352,0.000,0.000,0.000,0.000,0.000,0.000,0.000
3147,1065.019,53.747,31.057,24.388,9.798,16.888,0.000,4.371,0.000,0.000,0.000,0.000,0.000,0.000,0.000
3148,1065.347,40.747,31.126,24.399,9.814,16.923,0.000,4.390,0.000,0.000,0.000,0.000,0.000,0.000,0.000
3149,1065.675,37.785,31.195,24.409,9.829,16.957,0.000,4.408,0.000,0.000,0.000,0.000,0.000,0.000,0.000
3150,1066.003,79.118,31.264,24.420,9.845,16.993,0.000,4.426,0.000,0.000,0.000,0.000,0.000,0.000,0.000
3151,1066.331,58.711,31.333,24.430,9.860,17.028,0.000,4.444,0.000,0.000,0.000,0.000,0.000,0.000,0.000
3152,1066.660,50.266,31.401,24.440,9.876,17.065,0.000,4.461,0.000,0.000,0.000,0.000,0.000,0.000,0.000
3153,1066.988,47.080,31.470,24.451,9.891,17.101,0.000,4.477,0.000,0.000,0.000,0.000,0.000,0.000,0.000
3154,1067.316,61.711,31.538,24.461,9.906,17.138,0.000,4.493,0.000,0.000,0.000,0.000,0.000,0.000,0.000
3155,1067.644,57.451,31.606,24.472,9.921,17.176,0.000,4.509,0.000,0.000,0.000,0.000,0.000,0.000,0.000
3156,1067.972,53.747,31.674,24.482,9.936,17.214,0.000,4.524,0.000,0.000,0.000,0.000,0.000,0.000,0.000
3157,1068.301,50.711,31.742,24.493,9.951,17.252,0.000,4.539,0.000,0.000,0.000,0.000,0.000,0.000,0.000
3158,1068.629,56.637,31.810,24.503,9.966,17.291,0.000,4.553,0.000,0.000,0.000,0.000,0.000,0.000,0.000
3159,1068.957,58.377,31.878,24.513,9.980,17.331,0.000,4.567,0.000,0.000,0.000,0.000,0.000,0.000,0.000
3160,1069.285,47.489,31.946,24.524,9.995,17.371,0.000,4.580,0.000,0.000,0.000,0.000,0.000,0.000,0.000
3161,1069.613,45.006,32.013,24.534,10.009,17.411,0.000,4.593,0.000,0.000,0.000,0.000,0.000,0.000,0.000
3162,1069.941,52.970,32.081,24.545,10.023,17.452,0.000,4.605,0.000,0.000,0.000,0.000,0.000,0.000,0.000
3163,1070.269,43.970,32.148,24.555,10.037,17.494,0.000,4.617,0.000,0.000,0.000,0.000,0.000,0.000,0.000
3164,1070.598,64.674,32.215,24.565,10.051,17.536,0.000,4.628,0.000,0.000,0.000,0.000,0.000,0.000,0.000
3165,1070.926,48.192,32.282,24.576,10.065,17.578,0.000,4.639,0.000,0.000,0.000,0.000,0.000,0.000,0.000
3166,1071.254,43.451,32.349,24.586,10.079,17.621,0.000,4.649,0.000,0.000,0.000,0.000,0.000,0.000,0.000
3167,1071.582,59.156,32.416,24.597,10.093,17.664,0.000,4.659,0.000,0.000,0.000,0.000,0.000,0.000,0.000
3168,1071.910,38.341,32.483,24.607,10.107,17.707,0.000,4.669,0.000,0.000,0.000,0.000,0.000,0.000,0.000
3169,1072.238,41.193,32.549,24.618,10.121,17.751,0.000,4.678,0.000,0.000,0.000,0.000,0.000,0.000,0.000
3170,1072.566,52.229,32.616,24.628,10.135,17.795,0.000,4.686,0.000,0.000,0.000,0.000,0.000,0.000,0.000
3171,1072.894,62.932,32.682,24.638,10.149,17.839,0.000,4.695,0.000,0.000,0.000,0.000,0.000,0.000,0.000
3172,1073.222,63.489,32.749,24.649,10.163,17.883,0.000,4.703,0.000,0.000,0.000,0.000,0.000,0.000,0.000
3173,1073.550,57.526,32.815,24.659,10.177,17.928,0.000,4.710,0.000,0.000,0.000,0.000,0.000,0.000,0.000
3174,1073.878,46.118,32.881,24.670,10.192,17.972,0.000,4.717,0.000,0.000,0.000,0.000,0.000,0.000,0.000
3175,1074.206,40.785,32.947,24.680,10.206,18.017,0.000,4.724,0.000,0.000,0.000,0.000,0.000,0.000,0.000
3176,1074.534,42.822,33.012,24.690,10.220,18.062,0.000,4.730,0.000,0.000,0.000,0.000,0.000,0.000,0.000
3177,1074.862,52.415,33.076,24.701,10.235,18.107,0.000,4.735,0.000,0.000,0.000,0.000,0.000,0.000,0.000
3178,1075.190,49.636,33.140,24.711,10.249,18.152,0.000,4.740,0.000,0.000,0.000,0.000,0.000,0.000,0.000
3179,1075.518,48.710,33.203,24.722,10.263,18.197,0.000,4.744,0.000,0.000,0.000,0.000,0.000,0.000,0.000
3180,1075.846,65.118,33.266,24.732,10.277,18.242,0.000,4.747,0.000,0.000,0.000,0.000,0.000,0.000,0.000
3181,1076.174,59.044,33.327,24.743,10.291,18.287,0.000,4.750,0.000,0.000,0.000,0.000,0.000,0.000,0.000
3182,1076.502,50.081,33.389,24.753,10.305,18.332,0.000,4.752,0.000,0.000,0.000,0.000,0.000,0.000,0.000
3183,1076.830,51.637,33.449,24.763,10.318,18.376,0.000,4.754,0.000,0.000,0.000,0.000,0.000,0.000,0.000
3184,1077.157,58.081,33.509,24.774,10.332,18.421,0.000,4.755,0.000,0.000,0.000,0.000,0.000,0.000,0.000
3185,1077.485,46.192,33.568,24.784,10.346,18.466,0.000,4.756,0.000,0.000,0.000,0.000,0.000,0.000,0.000
3186,1077.813,53.044,33.626,24.795,10.360,18.511,0.000,4.755,0.000,0.000,0.000,0.000,0.000,0.000,0.000
3187,1078.141,47.489,33.683,24.805,10.374,18.555,0.000,4.755,0.000,0.000,0.000,0.000,0.000,0.000,0.000
3188,1078.469,52.747,33.740,24.815,10.388,18.600,0.000,4.753,0.000,0.000,0.000,0.000,0.000,0.000,0.000
3189,1078.797,57.303,33.796,24.826,10.401,18.644,0.000,4.751,0.000,0.000,0.000,0.000,0.000,0.000,0.000
3190,1079.125,57.895,33.851,24.836,10.415,18.688,0.000,4.748,0.000,0.000,0.000,0.000,0.000,0.000,0.000
3191,1079.452,51.007,33.906,24.847,10.429,18.732,0.000,4.745,0.000,0.000,0.000,0.000,0.000,0.000,0.000
3192,1079.780,33.414,33.959,24.857,10.443,18.775,0.000,4.741,0.000,0.000,0.000,0.000,0.000,0.000,0.000
3193,1080.108,73.007,34.012,24.868,10.457,18.819,0.000,4.736,0.000,0.000,0.000,0.000,0.000,0.000,0.000
3194,1080.436,53.229,34.064,24.878,10.471,18.862,0.000,4.731,0.000,0.000,0.000,0.000,0.000,0.000,0.000
3195,1080.764,38.785,34.115,24.888,10.485,18.905,0.000,4.725,0.000,0.000,0.000,0.000,0.000,0.000,0.000
3196,1081.091,55.599,34.166,24.899,10.499,18.948,0.000,4.719,0.000,0.000,0.000,0.000,0.000,0.000,0.000
3197,1081.419,53.155,34.215,24.909,10.513,18.990,0.000,4.712,0.000,0.000,0.000,0.000,0.000,0.000,0.000
3198,1081.747,48.377,34.264,24.920,10.527,19.032,0.000,4.704,0.000,0.000,0.000,0.000,0.000,0.000,0.000
3199,1082.075,67.489,34.311,24.930,10.542,19.074,0.000,4.696,0.000,0.000,0.000,0.000,0.000,0.000,0.000
3200,1082.402,65.452,34.358,24.940,10.556,19.116,0.000,4.687,0.000,0.000,0.000,0.000,0.000,0.000,0.000
3201,1082.730,49.636,34.404,24.951,10.571,19.157,0.000,4.677,0.000,0.000,0.000,0.000,0.000,0.000,0.000
3202,1083.058,50.822,34.450,24.961,10.585,19.197,0.000,4.667,0.000,0.000,0.000,0.000,0.000,0.000,0.000
3203,1083.386,63.229,34.494,24.972,10.599,19.238,0.000,4.657,0.000,0.000,0.000,0.000,0.000,0.000,0.000
3204,1083.713,67.044,34.537,24.982,10.614,19.278,0.000,4.645,0.000,0.000,0.000,0.000,0.000,0.000,0.000
3205,1084.041,65.710,34.580,24.992,10.628,19.318,0.000,4.634,0.000,0.000,0.000,0.000,0.000,0.000,0.000
3206,1084.369,61.489,34.621,25.003,10.643,19.357,0.000,4.622,0.000,0.000,0.000,0.000,0.000,0.000,0.000
3207,1084.696,47.340,34.662,25.013,10.657,19.396,0.000,4.609,0.000,0.000,0.000,0.000,0.000,0.000,0.000
3208,1085.024,44.895,34.701,25.024,10.671,19.434,0.000,4.596,0.000,0.000,0.000,0.000,0.000,0.000,0.000
3209,1085.352,44.970,34.740,25.034,10.686,19.473,0.000,4.582,0.000,0.000,0.000,0.000,0.000,0.000,0.000
3210,1085.679,31.304,34.778,25.045,10.700,19.510,0.000,4.568,0.000,0.000,0.000,0.000,0.000,0.000,0.000
3211,1086.007,65.340,34.815,25.055,10.714,19.548,0.000,4.553,0.000,0.000,0.000,0.000,0.000,0.000,0.000
3212,1086.335,51.859,34.851,25.065,10.728,19.585,0.000,4.538,0.000,0.000,0.000,0.000,0.000,0.000,0.000
3213,1086.662,64.525,34.886,25.076,10.742,19.621,0.000,4.523,0.000,0.000,0.000,0.000,0.000,0.000,0.000
3214,1086.990,43.045,34.920,25.086,10.756,19.657,0.000,4.507,0.000,0.000,0.000,0.000,0.000,0.000,0.000
3215,1087.317,67.600,34.954,25.097,10.771,19.693,0.000,4.490,0.000,0.000,0.000,0.000,0.000,0.000,0.000
3216,1087.645,48.896,34.986,25.107,10.785,19.728,0.000,4.473,0.000,0.000,0.000,0.000,0.000,0.000,0.000
3217,1087.972,53.266,35.017,25.117,10.799,19.762,0.000,4.456,0.000,0.000,0.000,0.000,0.000,0.000,0.000
3218,1088.300,33.415,35.048,25.128,10.813,19.796,0.000,4.438,0.000,0.000,0.000,0.000,0.000,0.000,0.000
3219,1088.628,49.636,35.077,25.138,10.827,19.830,0.000,4.420,0.000,0.000,0.000,0.000,0.000,0.000,0.000
3220,1088.955,40.303,35.106,25.149,10.841,19.863,0.000,4.402,0.000,0.000,0.000,0.000,0.000,0.000,0.000
3221,1089.283,51.673,35.133,25.159,10.855,19.895,0.000,4.383,0.000,0.000,0.000,0.000,0.000,0.000,0.000
3222,1089.610,67.007,35.160,25.170,10.869,19.927,0.000,4.364,0.000,0.000,0.000,0.000,0.000,0.000,0.000
3223,1089.938,47.007,35.186,25.180,10.883,19.958,0.000,4.344,0.000,0.000,0.000,0.000,0.000,0.000,0.000
3224,1090.265,55.377,35.210,25.190,10.897,19.989,0.000,4.324,0.000,0.000,0.000,0.000,0.000,0.000,0.000
3225,1090.593,69.006,35.234,25.201,10.911,20.019,0.000,4.304,0.000,0.000,0.000,0.000,0.000,0.000,0.000
3226,1090.920,55.155,35.257,25.211,10.925,20.049,0.000,4.283,0.000,0.000,0.000,0.000,0.000,0.000,0.000
3227,1091.248,39.414,35.279,25.222,10.939,20.078,0.000,4.263,0.000,0.000,0.000,0.000,0.000,0.000,0.000
3228,1091.575,58.155,35.300,25.232,10.953,20.106,0.000,4.241,0.000,0.000,0.000,0.000,0.000,0.000,0.000
3229,1091.903,34.970,35.320,25.242,10.967,20.134,0.000,4.220,0.000,0.000,0.000,0.000,0.000,0.000,0.000
3230,1092.230,61.340,35.340,25.253,10.980,20.161,0.000,4.198,0.000,0.000,0.000,0.000,0.000,0.000,0.000
3231,1092.557,43.933,35.358,25.263,10.994,20.188,0.000,4.176,0.000,0.000,0.000,0.000,0.000,0.000,0.000
3232,1092.885,55.674,35.376,25.274,11.008,20.214,0.000,4.154,0.000,0.000,0.000,0.000,0.000,0.000,0.000
3233,1093.212,49.970,35.392,25.284,11.022,20.239,0.000,4.131,0.000,0.000,0.000,0.000,0.000,0.000,0.000
3234,1093.540,47.414,35.407,25.295,11.036,20.263,0.000,4.108,0.000,0.000,0.000,0.000,0.000,0.000,0.000
3235,1093.867,36.599,35.422,25.305,11.050,20.287,0.000,4.085,0.000,0.000,0.000,0.000,0.000,0.000,0.000
3236,1094.194,40.784,35.435,25.315,11.063,20.310,0.000,4.062,0.000,0.000,0.000,0.000,0.000,0.000,0.000
3237,1094.522,53.340,35.447,25.326,11.077,20.332,0.000,4.038,0.000,0.000,0.000,0.000,0.000,0.000,0.000
3238,1094.849,70.488,35.458,25.336,11.091,20.353,0.000,4.014,0.000,0.000,0.000,0.000,0.000,0.000,0.000
3239,1095.177,56.155,35.468,25.347,11.104,20.374,0.000,3.990,0.000,0.000,0.000,0.000,0.000,0.000,0.000
3240,1095.504,44.710,35.477,25.357,11.117,20.394,0.000,3.966,0.000,0.000,0.000,0.000,0.000,0.000,0.000
3241,1095.831,54.229,35.485,25.367,11.131,20.413,0.000,3.941,0.000,0.000,0.000,0.000,0.000,0.000,0.000
3242,1096.159,48.451,35.492,25.378,11.144,20.432,0.000,3.916,0.000,0.000,0.000,0.000,0.000,0.000,0.000
3243,1096.486,63.192,35.498,25.388,11.157,20.449,0.000,3.891,0.000,0.000,0.000,0.000,0.000,0.000,0.000
3244,1096.813,44.932,35.502,25.399,11.170,20.466,0.000,3.866,0.000,0.000,0.000,0.000,0.000,0.000,0.000
3245,1097.141,61.117,35.506,25.409,11.183,20.482,0.000,3.841,0.000,0.000,0.000,0.000,0.000,0.000,0.000
3246,1097.468,43.006,35.509,25.420,11.196,20.497,0.000,3.816,0.000,0.000,0.000,0.000,0.000,0.000,0.000
3247,1097.795,46.377,35.510,25.430,11.209,20.511,0.000,3.790,0.000,0.000,0.000,0.000,0.000,0.000,0.000
3248,1098.122,63.155,35.511,25.440,11.222,20.525,0.000,3.764,0.000,0.000,0.000,0.000,0.000,0.000,0.000
3249,1098.450,44.858,35.510,25.451,11.234,20.537,0.000,3.739,0.000,0.000,0.000,0.000,0.000,0.000,0.000
3250,1098.777,63.117,35.508,25.461,11.247,20.549,0.000,3.713,0.000,0.000,0.000,0.000,0.000,0.000,0.000
3251,1099.104,52.673,35.506,25.472,11.259,20.560,0.000,3.687,0.000,0.000,0.000,0.000,0.000,0.000,0.000
3252,1099.431,52.562,35.502,25.482,11.271,20.570,0.000,3.661,0.000,0.000,0.000,0.000,0.000,0.000,0.000
3253,1099.759,45.710,35.497,25.492,11.283,20.580,0.000,3.635,0.000,0.000,0.000,0.000,0.000,0.000,0.000
3254,1100.086,52.784,35.491,25.503,11.295,20.589,0.000,3.608,0.000,0.000,0.000,0.000,0.000,0.000,0.000
3255,1100.413,53.970,35.485,25.513,11.306,20.596,0.000,3.582,0.000,0.000,0.000,0.000,0.000,0.000,0.000
3256,1100.740,54.969,35.477,25.524,11.317,20.604,0.000,3.556,0.000,0.000,0.000,0.000,0.000,0.000,0.000
3257,1101.067,53.229,35.468,25.534,11.328,20.610,0.000,3.530,0.000,0.000,0.000,0.000,0.000,0.000,0.000
3258,1101.395,48.488,35.458,25.544,11.339,20.615,0.000,3.503,0.000,0.000,0.000,0.000,0.000,0.000,0.000
3259,1101.722,41.191,35.447,25.555,11.350,20.620,0.000,3.477,0.000,0.000,0.000,0.000,0.000,0.000,0.000
3260,1102.049,42.784,35.435,25.565,11.360,20.624,0.000,3.451,0.000,0.000,0.000,0.000,0.000,0.000,0.000
3261,1102.376,44.081,35.422,25.576,11.371,20.627,0.000,3.425,0.000,0.000,0.000,0.000,0.000,0.000,0.000
3262,1102.703,53.784,35.408,25.586,11.381,20.629,0.000,3.399,0.000,0.000,0.000,0.000,0.000,0.000,0.000
3263,1103.030,51.303,35.393,25.597,11.390,20.631,0.000,3.372,0.000,0.000,0.000,0.000,0.000,0.000,0.000
3264,1103.357,56.155,35.377,25.607,11.400,20.631,0.000,3.346,0.000,0.000,0.000,0.000,0.000,0.000,0.000
3265,1103.684,44.044,35.361,25.617,11.409,20.631,0.000,3.320,0.000,0.000,0.000,0.000,0.000,0.000,0.000
3266,1104.012,55.006,35.343,25.628,11.418,20.630,0.000,3.294,0.000,0.000,0.000,0.000,0.000,0.000,0.000
3267,1104.339,55.821,35.324,25.638,11.427,20.629,0.000,3.269,0.000,0.000,0.000,0.000,0.000,0.000,0.000
3268,1104.666,58.970,35.304,25.649,11.435,20.626,0.000,3.243,0.000,0.000,0.000,0.000,0.000,0.000,0.000
3269,1104.993,52.672,35.283,25.659,11.443,20.623,0.000,3.217,0.000,0.000,0.000,0.000,0.000,0.000,0.000
3270,1105.320,53.821,35.262,25.669,11.451,20.619,0.000,3.191,0.000,0.000,0.000,0.000,0.000,0.000,0.000
3271,1105.647,46.599,35.239,25.680,11.458,20.615,0.000,3.166,0.000,0.000,0.000,0.000,0.000,0.000,0.000
3272,1105.974,48.229,35.215,25.690,11.465,20.609,0.000,3.141,0.000,0.000,0.000,0.000,0.000,0.000,0.000
3273,1106.301,50.006,35.191,25.701,11.472,20.603,0.000,3.115,0.000,0.000,0.000,0.000,0.000,0.000,0.000
3274,1106.628,61.525,35.166,25.711,11.479,20.596,0.000,3.090,0.000,0.000,0.000,0.000,0.000,0.000,0.000
3275,1106.955,33.191,35.139,25.722,11.485,20.589,0.000,3.065,0.000,0.000,0.000,0.000,0.000,0.000,0.000
3276,1107.282,48.969,35.112,25.732,11.491,20.581,0.000,3.040,0.000,0.000,0.000,0.000,0.000,0.000,0.000
3277,1107.609,43.006,35.084,25.742,11.497,20.572,0.000,3.016,0.000,0.000,0.000,0.000,0.000,0.000,0.000
3278,1107.936,50.043,35.055,25.753,11.502,20.562,0.000,2.991,0.000,0.000,0.000,0.000,0.000,0.000,0.000
3279,1108.263,51.191,35.025,25.763,11.507,20.552,0.000,2.967,0.000,0.000,0.000,0.000,0.000,0.000,0.000
3280,1108.590,41.228,34.995,25.774,11.511,20.541,0.000,2.943,0.000,0.000,0.000,0.000,0.000,0.000,0.000
3281,1108.917,37.932,34.963,25.784,11.515,20.529,0.000,2.919,0.000,0.000,0.000,0.000,0.000,0.000,0.000
3282,1109.244,43.672,34.931,25.794,11.519,20.517,0.000,2.895,0.000,0.000,0.000,0.000,0.000,0.000,0.000
3283,1109.571,47.487,34.898,25.805,11.523,20.504,0.000,2.871,0.000,0.000,0.000,0.000,0.000,0.000,0.000
3284,1109.898,32.191,34.864,25.815,11.526,20.490,0.000,2.848,0.000,0.000,0.000,0.000,0.000,0.000,0.000
3285,1110.225,53.153,34.830,25.826,11.529,20.476,0.000,2.825,0.000,0.000,0.000,0.000,0.000,0.000,0.000
3286,1110.552,38.487,34.794,25.836,11.531,20.461,0.000,2.802,0.000,0.000,0.000,0.000,0.000,0.000,0.000
3287,1110.879,40.043,34.758,25.847,11.533,20.446,0.000,2.779,0.000,0.000,0.000,0.000,0.000,0.000,0.000
3288,1111.205,41.562,34.721,25.857,11.534,20.430,0.000,2.757,0.000,0.000,0.000,0.000,0.000,0.000,0.000
3289,1111.532,45.043,34.683,25.867,11.536,20.413,0.000,2.734,0.000,0.000,0.000,0.000,0.000,0.000,0.000
3290,1111.859,59.524,34.645,25.878,11.536,20.396,0.000,2.712,0.000,0.000,0.000,0.000,0.000,0.000,0.000
3291,1112.186,44.450,34.606,25.888,11.537,20.379,0.000,2.690,0.000,0.000,0.000,0.000,0.000,0.000,0.000
3292,1112.513,47.895,34.566,25.899,11.537,20.361,0.000,2.669,0.000,0.000,0.000,0.000,0.000,0.000,0.000
3293,1112.840,44.746,34.525,25.909,11.536,20.342,0.000,2.647,0.000,0.000,0.000,0.000,0.000,0.000,0.000
3294,1113.167,54.154,34.484,25.919,11.535,20.323,0.000,2.626,0.000,0.000,0.000,0.000,0.000,0.000,0.000
3295,1113.493,42.746,34.442,25.930,11.534,20.303,0.000,2.605,0.000,0.000,0.000,0.000,0.000,0.000,0.000
3296,1113.820,44.635,34.400,25.940,11.533,20.283,0.000,2.585,0.000,0.000,0.000,0.000,0.000,0.000,0.000
3297,1114.147,44.228,34.357,25.951,11.530,20.262,0.000,2.564,0.000,0.000,0.000,0.000,0.000,0.000,0.000
3298,1114.474,52.709,34.313,25.961,11.528,20.241,0.000,2.544,0.000,0.000,0.000,0.000,0.000,0.000,0.000
3299,1114.801,27.191,34.269,25.972,11.525,20.220,0.000,2.524,0.000,0.000,0.000,0.000,0.000,0.000,0.000
3300,1115.127,50.895,34.224,25.982,11.522,20.198,0.000,2.504,0.000,0.000,0.000,0.000,0.000,0.000,0.000
3301,1115.454,55.672,34.179,25.992,11.518,20.176,0.000,2.485,0.000,0.000,0.000,0.000,0.000,0.000,0.000
3302,1115.781,46.413,34.133,26.003,11.514,20.153,0.000,2.466,0.000,0.000,0.000,0.000,0.000,0.000,0.000
3303,1116.108,37.820,34.086,26.013,11.509,20.130,0.000,2.447,0.000,0.000,0.000,0.000,0.000,0.000,0.000
3304,1116.435,32.562,34.039,26.024,11.504,20.107,0.000,2.429,0.000,0.000,0.000,0.000,0.000,0.000,0.000
3305,1116.761,35.672,33.992,26.034,11.499,20.083,0.000,2.410,0.000,0.000,0.000,0.000,0.000,0.000,0.000
3306,1117.088,46.376,33.944,26.044,11.493,20.059,0.000,2.392,0.000,0.000,0.000,0.000,0.000,0.000,0.000
3307,1117.415,43.487,33.895,26.055,11.487,20.034,0.000,2.374,0.000,0.000,0.000,0.000,0.000,0.000,0.000
3308,1117.741,45.487,33.846,26.065,11.480,20.010,0.000,2.357,0.000,0.000,0.000,0.000,0.000,0.000,0.000
3309,1118.068,29.672,33.797,26.076,11.473,19.985,0.000,2.340,0.000,0.000,0.000,0.000,0.000,0.000,0.000
3310,1118.395,43.265,33.747,26.086,11.465,19.959,0.000,2.323,0.000,0.000,0.000,0.000,0.000,0.000,0.000
3311,1118.721,27.191,33.697,26.096,11.457,19.934,0.000,2.306,0.000,0.000,0.000,0.000,0.000,0.000,0.000
3312,1119.048,33.820,33.646,26.107,11.449,19.908,0.000,2.290,0.000,0.000,0.000,0.000,0.000,0.000,0.000
3313,1119.375,40.487,33.595,26.117,11.440,19.882,0.000,2.273,0.000,0.000,0.000,0.000,0.000,0.000,0.000
3314,1119.701,44.265,33.544,26.128,11.431,19.856,0.000,2.258,0.000,0.000,0.000,0.000,0.000,0.000,0.000
3315,1120.028,49.043,33.493,26.138,11.421,19.830,0.000,2.242,0.000,0.000,0.000,0.000,0.000,0.000,0.000
3316,1120.355,35.746,33.441,26.149,11.411,19.803,0.000,2.227,0.000,0.000,0.000,0.000,0.000,0.000,0.000
3317,1120.681,35.560,33.388,26.159,11.400,19.776,0.000,2.212,0.000,0.000,0.000,0.000,0.000,0.000,0.000
3318,1121.008,31.487,33.336,26.169,11.389,19.750,0.000,2.197,0.000,0.000,0.000,0.000,0.000,0.000,0.000
3319,1121.335,37.709,33.283,26.180,11.378,19.723,0.000,2.182,0.000,0.000,0.000,0.000,0.000,0.000,0.000
3320,1121.661,47.598,33.230,26.190,11.366,19.695,0.000,2.168,0.000,0.000,0.000,0.000,0.000,0.000,0.000
3321,1121.988,41.931,33.177,26.201,11.354,19.668,0.000,2.154,0.000,0.000,0.000,0.000,0.000,0.000,0.000
3322,1122.314,37.079,33.123,26.211,11.342,19.641,0.000,2.140,0.000,0.000,0.000,0.000,0.000,0.000,0.000
3323,1122.641,46.709,33.069,26.221,11.329,19.614,0.000,2.127,0.000,0.000,0.000,0.000,0.000,0.000,0.000
3324,1122.968,45.969,33.015,26.232,11.316,19.586,0.000,2.114,0.000,0.000,0.000,0.000,0.000,0.000,0.000
3325,1123.294,31.005,32.961,26.242,11.302,19.559,0.000,2.101,0.000,0.000,0.000,0.000,0.000,0.000,0.000
3326,1123.621,49.968,32.907,26.253,11.288,19.531,0.000,2.088,0.000,0.000,0.000,0.000,0.000,0.000,0.000
3327,1123.947,22.005,32.853,26.263,11.274,19.503,0.000,2.076,0.000,0.000,0.000,0.000,0.000,0.000,0.000
3328,1124.274,31.412,32.798,26.274,11.259,19.476,0.000,2.064,0.000,0.000,0.000,0.000,0.000,0.000,0.000
3329,1124.600,46.079,32.744,26.284,11.244,19.448,0.000,2.052,0.000,0.000,0.000,0.000,0.000,0.000,0.000
3330,1124.927,40.709,32.689,26.294,11.228,19.421,0.000,2.040,0.000,0.000,0.000,0.000,0.000,0.000,0.000
3331,1125.253,32.302,32.634,26.305,11.212,19.393,0.000,2.029,0.000,0.000,0.000,0.000,0.000,0.000,0.000
3332,1125.580,16.820,32.580,26.315,11.196,19.366,0.000,2.018,0.000,0.000,0.000,0.000,0.000,0.000,0.000
3333,1125.906,39.672,32.525,26.326,11.180,19.338,0.000,2.007,0.000,0.000,0.000,0.000,0.000,0.000,0.000
3334,1126.233,27.376,32.470,26.336,11.163,19.311,0.000,1.996,0.000,0.000,0.000,0.000,0.000,0.000,0.000
3335,1126.559,44.338,32.415,26.346,11.146,19.284,0.000,1.986,0.000,0.000,0.000,0.000,0.000,0.000,0.000
3336,1126.886,42.450,32.360,26.357,11.128,19.257,0.000,1.975,0.000,0.000,0.000,0.000,0.000,0.000,0.000
3337,1127.212,39.339,32.306,26.367,11.111,19.230,0.000,1.965,0.000,0.000,0.000,0.000,0.000,0.000,0.000
3338,1127.539,38.931,32.251,26.378,11.093,19.203,0.000,1.956,0.000,0.000,0.000,0.000,0.000,0.000,0.000
3339,1127.865,28.894,32.196,26.388,11.074,19.176,0.000,1.946,0.000,0.000,0.000,0.000,0.000,0.000,0.000
3340,1128.191,37.635,32.142,26.399,11.056,19.149,0.000,1.937,0.000,0.000,0.000,0.000,0.000,0.000,0.000
3341,1128.518,37.820,32.087,26.409,11.037,19.122,0.000,1.928,0.000,0.000,0.000,0.000,0.000,0.000,0.000
3342,1128.844,25.561,32.033,26.419,11.017,19.096,0.000,1.919,0.000,0.000,0.000,0.000,0.000,0.000,0.000
3343,1129.171,30.375,31.979,26.430,10.998,19.070,0.000,1.911,0.000,0.000,0.000,0.000,0.000,0.000,0.000
3344,1129.497,32.486,31.924,26.440,10.978,19.044,0.000,1.902,0.000,0.000,0.000,0.000,0.000,0.000,0.000
3345,1129.823,35.227,31.870,26.451,10.958,19.018,0.000,1.894,0.000,0.000,0.000,0.000,0.000,0.000,0.000
3346,1130.150,33.560,31.817,26.461,10.938,18.992,0.000,1.886,0.000,0.000,0.000,0.000,0.000,0.000,0.000
3347,1130.476,42.635,31.763,26.471,10.918,18.967,0.000,1.879,0.000,0.000,0.000,0.000,0.000,0.000,0.000
3348,1130.803,37.338,31.710,26.482,10.897,18.942,0.000,1.871,0.000,0.000,0.000,0.000,0.000,0.000,0.000
3349,1131.129,17.339,31.656,26.492,10.876,18.917,0.000,1.864,0.000,0.000,0.000,0.000,0.000,0.000,0.000
3350,1131.455,40.709,31.603,26.503,10.855,18.892,0.000,1.857,0.000,0.000,0.000,0.000,0.000,0.000,0.000
3351,1131.782,41.190,31.551,26.513,10.834,18.867,0.000,1.850,0.000,0.000,0.000,0.000,0.000,0.000,0.000
3352,1132.108,30.819,31.498,26.524,10.812,18.843,0.000,1.843,0.000,0.000,0.000,0.000,0.000,0.000,0.000
3353,1132.434,44.413,31.446,26.534,10.791,18.819,0.000,1.836,0.000,0.000,0.000,0.000,0.000,0.000,0.000
3354,1132.761,27.486,31.394,26.544,10.769,18.795,0.000,1.830,0.000,0.000,0.000,0.000,0.000,0.000,0.000
3355,1133.087,53.042,31.343,26.555,10.747,18.772,0.000,1.824,0.000,0.000,0.000,0.000,0.000,0.000,0.000
3356,1133.413,28.264,31.291,26.565,10.725,18.748,0.000,1.818,0.000,0.000,0.000,0.000,0.000,0.000,0.000
3357,1133.739,33.228,31.240,26.576,10.703,18.725,0.000,1.812,0.000,0.000,0.000,0.000,0.000,0.000,0.000
3358,1134.066,39.783,31.190,26.586,10.681,18.703,0.000,1.806,0.000,0.000,0.000,0.000,0.000,0.000,0.000
3359,1134.392,26.116,31.139,26.596,10.658,18.680,0.000,1.801,0.000,0.000,0.000,0.000,0.000,0.000,0.000
3360,1134.718,32.893,31.089,26.607,10.636,18.658,0.000,1.796,0.000,0.000,0.000,0.000,0.000,0.000,0.000
3361,1135.044,32.635,31.040,26.617,10.613,18.636,0.000,1.791,0.000,0.000,0.000,0.000,0.000,0.000,0.000
3362,1135.371,16.228,30.990,26.628,10.590,18.615,0.000,1.786,0.000,0.000,0.000,0.000,0.000,0.000,0.000
3363,1135.697,30.819,30.942,26.638,10.567,18.594,0.000,1.781,0.000,0.000,0.000,0.000,0.000,0.000,0.000
3364,1136.023,20.745,30.893,26.648,10.544,18.573,0.000,1.776,0.000,0.000,0.000,0.000,0.000,0.000,0.000
3365,1136.349,28.486,30.845,26.659,10.521,18.552,0.000,1.772,0.000,0.000,0.000,0.000,0.000,0.000,0.000
3366,1136.675,29.820,30.798,26.669,10.498,18.532,0.000,1.767,0.000,0.000,0.000,0.000,0.000,0.000,0.000
3367,1137.002,35.560,30.751,26.680,10.475,18.512,0.000,1.763,0.000,0.000,0.000,0.000,0.000,0.000,0.000
3368,1137.328,19.005,30.704,26.690,10.452,18.493,0.000,1.759,0.000,0.000,0.000,0.000,0.000,0.000,0.000
3369,1137.654,28.931,30.658,26.701,10.429,18.473,0.000,1.755,0.000,0.000,0.000,0.000,0.000,0.000,0.000
3370,1137.980,20.746,30.612,26.711,10.406,18.455,0.000,1.751,0.000,0.000,0.000,0.000,0.000,0.000,0.000
3371,1138.306,20.709,30.567,26.721,10.383,18.436,0.000,1.747,0.000,0.000,0.000,0.000,0.000,0.000,0.000
3372,1138.633,26.153,30.522,26.732,10.360,18.418,0.000,1.744,0.000,0.000,0.000,0.000,0.000,0.000,0.000
3373,1138.959,23.856,30.478,26.742,10.337,18.400,0.000,1.740,0.000,0.000,0.000,0.000,0.000,0.000,0.000
3374,1139.285,33.524,30.434,26.753,10.314,18.383,0.000,1.737,0.000,0.000,0.000,0.000,0.000,0.000,0.000
3375,1139.611,26.486,30.391,26.763,10.291,18.366,0.000,1.734,0.000,0.000,0.000,0.000,0.000,0.000,0.000
3376,1139.937,16.264,30.348,26.773,10.268,18.349,0.000,1.731,0.000,0.000,0.000,0.000,0.000,0.000,0.000
3377,1140.263,51.264,30.306,26.784,10.246,18.332,0.000,1.728,0.000,0.000,0.000,0.000,0.000,0.000,0.000
3378,1140.589,25.376,30.265,26.794,10.223,18.316,0.000,1.725,0.000,0.000,0.000,0.000,0.000,0.000,0.000
3379,1140.915,32.523,30.223,26.805,10.200,18.301,0.000,1.723,0.000,0.000,0.000,0.000,0.000,0.000,0.000
3380,1141.241,33.487,30.183,26.815,10.178,18.285,0.000,1.720,0.000,0.000,0.000,0.000,0.000,0.000,0.000
3381,1141.567,48.560,30.143,26.826,10.155,18.270,0.000,1.718,0.000,0.000,0.000,0.000,0.000,0.000,0.000
3382,1141.894,43.042,30.104,26.836,10.133,18.256,0.000,1.715,0.000,0.000,0.000,0.000,0.000,0.000,0.000
3383,1142.220,29.894,30.065,26.846,10.110,18.241,0.000,1.713,0.000,0.000,0.000,0.000,0.000,0.000,0.000
3384,1142.546,27.671,30.026,26.857,10.088,18.228,0.000,1.711,0.000,0.000,0.000,0.000,0.000,0.000,0.000
3385,1142.872,38.300,29.989,26.867,10.066,18.214,0.000,1.709,0.000,0.000,0.000,0.000,0.000,0.000,0.000
3386,1143.198,26.376,29.952,26.878,10.044,18.201,0.000,1.707,0.000,0.000,0.000,0.000,0.000,0.000,0.000
3387,1143.524,32.893,29.915,26.888,10.022,18.188,0.000,1.705,0.000,0.000,0.000,0.000,0.000,0.000,0.000
3388,1143.850,24.302,29.879,26.898,10.000,18.175,0.000,1.704,0.000,0.000,0.000,0.000,0.000,0.000,0.000
3389,1144.176,23.783,29.844,26.909,9.979,18.163,0.000,1.702,0.000,0.000,0.000,0.000,0.000,0.000,0.000
3390,1144.502,39.264,29.809,26.919,9.957,18.151,0.000,1.700,0.000,0.000,0.000,0.000,0.000,0.000,0.000
3391,1144.828,27.782,29.774,26.930,9.936,18.140,0.000,1.699,0.000,0.000,0.000,0.000,0.000,0.000,0.000
3392,1145.154,35.783,29.741,26.940,9.914,18.129,0.000,1.697,0.000,0.000,0.000,0.000,0.000,0.000,0.000
3393,1145.480,10.338,29.707,26.951,9.893,18.118,0.000,1.696,0.000,0.000,0.000,0.000,0.000,0.000,0.000
3394,1145.806,30.671,29.675,26.961,9.872,18.107,0.000,1.695,0.000,0.000,0.000,0.000,0.000,0.000,0.000
3395,1146.132,28.375,29.643,26.971,9.852,18.097,0.000,1.694,0.000,0.000,0.000,0.000,0.000,0.000,0.000
3396,1146.458,24.042,29.611,26.982,9.831,18.088,0.000,1.693,0.000,0.000,0.000,0.000,0.000,0.000,0.000
3397,1146.783,23.560,29.580,26.992,9.810,18.078,0.000,1.692,0.000,0.000,0.000,0.000,0.000,0.000,0.000
3398,1147.109,44.523,29.550,27.003,9.790,18.069,0.000,1.691,0.000,0.000,0.000,0.000,0.000,0.000,0.000
3399,1147.435,24.560,29.520,27.013,9.770,18.060,0.000,1.690,0.000,0.000,0.000,0.000,0.000,0.000,0.000
3400,1147.761,26.746,29.491,27.023,9.750,18.052,0.000,1.689,0.000,0.000,0.000,0.000,0.000,0.000,0.000
3401,1148.087,35.449,29.462,27.034,9.730,18.044,0.000,1.688,0.000,0.000,0.000,0.000,0.000,0.000,0.000
3402,1148.413,26.486,29.434,27.044,9.711,18.036,0.000,1.687,0.000,0.000,0.000,0.000,0.000,0.000,0.000
3403,1148.739,32.745,29.406,27.055,9.691,18.028,0.000,1.687,0.000,0.000,0.000,0.000,0.000,0.000,0.000
3404,1149.065,40.523,29.379,27.065,9.672,18.021,0.000,1.686,0.000,0.000,0.000,0.000,0.000,0.000,0.000
3405,1149.391,21.116,29.353,27.075,9.653,18.014,0.000,1.685,0.000,0.000,0.000,0.000,0.000,0.000,0.000
3406,1149.717,21.450,29.327,27.086,9.634,18.008,0.000,1.685,0.000,0.000,0.000,0.000,0.000,0.000,0.000
3407,1150.042,43.819,29.301,27.096,9.616,18.001,0.000,1.684,0.000,0.000,0.000,0.000,0.000,0.000,0.000
3408,1150.368,34.450,29.277,27.107,9.598,17.995,0.000,1.684,0.000,0.000,0.000,0.000,0.000,0.000,0.000
3409,1150.694,37.671,29.252,27.117,9.580,17.990,0.000,1.683,0.000,0.000,0.000,0.000,0.000,0.000,0.000
3410,1151.020,28.042,29.229,27.128,9.562,17.984,0.000,1.683,0.000,0.000,0.000,0.000,0.000,0.000,0.000
3411,1151.346,32.672,29.206,27.138,9.544,17.979,0.000,1.683,0.000,0.000,0.000,0.000,0.000,0.000,0.000
3412,1151.672,33.449,29.183,27.148,9.527,17.974,0.000,1.682,0.000,0.000,0.000,0.000,0.000,0.000,0.000
3413,1151.997,28.190,29.161,27.159,9.509,17.970,0.000,1.682,0.000,0.000,0.000,0.000,0.000,0.000,0.000
3414,1152.323,26.856,29.140,27.169,9.492,17.965,0.000,1.682,0.000,0.000,0.000,0.000,0.000,0.000,0.000
3415,1152.649,34.042,29.119,27.180,9.476,17.961,0.000,1.682,0.000,0.000,0.000,0.000,0.000,0.000,0.000
3416,1152.975,33.597,29.098,27.190,9.459,17.958,0.000,1.681,0.000,0.000,0.000,0.000,0.000,0.000,0.000
3417,1153.301,33.153,29.079,27.200,9.443,17.954,0.000,1.681,0.000,0.000,0.000,0.000,0.000,0.000,0.000
3418,1153.626,27.968,29.059,27.211,9.427,17.951,0.000,1.681,0.000,0.000,0.000,0.000,0.000,0.000,0.000
3419,1153.952,23.486,29.040,27.221,9.411,17.948,0.000,1.681,0.000,0.000,0.000,0.000,0.000,0.000,0.000
3420,1154.278,27.449,29.022,27.232,9.396,17.945,0.000,1.681,0.000,0.000,0.000,0.000,0.000,0.000,0.000
3421,1154.604,16.486,29.004,27.242,9.380,17.943,0.000,1.681,0.000,0.000,0.000,0.000,0.000,0.000,0.000
3422,1154.929,25.560,28.987,27.253,9.365,17.941,0.000,1.681,0.000,0.000,0.000,0.000,0.000,0.000,0.000
3423,1155.255,25.486,28.971,27.263,9.351,17.939,0.000,1.681,0.000,0.000,0.000,0.000,0.000,0.000,0.000
3424,1155.581,26.042,28.954,27.273,9.336,17.937,0.000,1.681,0.000,0.000,0.000,0.000,0.000,0.000,0.000
3425,1155.906,39.486,28.939,27.284,9.322,17.936,0.000,1.681,0.000,0.000,0.000,0.000,0.000,0.000,0.000
3426,1156.232,22.672,28.923,27.294,9.308,17.934,0.000,1.681,0.000,0.000,0.000,0.000,0.000,0.000,0.000
3427,1156.558,29.376,28.909,27.305,9.294,17.933,0.000,1.681,0.000,0.000,0.000,0.000,0.000,0.000,0.000
3428,1156.884,22.782,28.895,27.315,9.280,17.933,0.000,1.682,0.000,0.000,0.000,0.000,0.000,0.000,0.000
3429,1157.209,40.634,28.881,27.325,9.267,17.932,0.000,1.682,0.000,0.000,0.000,0.000,0.000,0.000,0.000
3430,1157.535,23.042,28.868,27.336,9.254,17.932,0.000,1.682,0.000,0.000,0.000,0.000,0.000,0.000,0.000
3431,1157.861,28.856,28.855,27.346,9.241,17.931,0.000,1.682,0.000,0.000,0.000,0.000,0.000,0.000,0.000
3432,1158.186,11.227,28.843,27.357,9.229,17.932,0.000,1.682,0.000,0.000,0.000,0.000,0.000,0.000,0.000
3433,1158.512,23.856,28.831,27.367,9.217,17.932,0.000,1.683,0.000,0.000,0.000,0.000,0.000,0.000,0.000
3434,1158.837,43.745,28.819,27.378,9.205,17.932,0.000,1.683,0.000,0.000,0.000,0.000,0.000,0.000,0.000
3435,1159.163,26.005,28.809,27.388,9.193,17.933,0.000,1.683,0.000,0.000,0.000,0.000,0.000,0.000,0.000
3436,1159.489,25.671,28.798,27.398,9.181,17.934,0.000,1.683,0.000,0.000,0.000,0.000,0.000,0.000,0.000
3437,1159.814,26.226,28.788,27.409,9.170,17.935,0.000,1.684,0.000,0.000,0.000,0.000,0.000,0.000,0.000
3438,1160.140,40.116,28.779,27.419,9.159,17.936,0.000,1.684,0.000,0.000,0.000,0.000,0.000,0.000,0.000
3439,1160.466,22.968,28.769,27.430,9.148,17.937,0.000,1.684,0.000,0.000,0.000,0.000,0.000,0.000,0.000
3440,1160.791,36.819,28.761,27.440,9.138,17.939,0.000,1.685,0.000,0.000,0.000,0.000,0.000,0.000,0.000
3441,1161.117,22.783,28.752,27.450,9.127,17.940,0.000,1.685,0.000,0.000,0.000,0.000,0.000,0.000,0.000
3442,1161.442,30.042,28.745,27.461,9.117,17.942,0.000,1.685,0.000,0.000,0.000,0.000,0.000,0.000,0.000
3443,1161.768,21.116,28.737,27.471,9.107,17.944,0.000,1.686,0.000,0.000,0.000,0.000,0.000,0.000,0.000
3444,1162.093,27.523,28.730,27.482,9.098,17.946,0.000,1.686,0.000,0.000,0.000,0.000,0.000,0.000,0.000
3445,1162.419,26.153,28.724,27.492,9.089,17.949,0.000,1.686,0.000,0.000,0.000,0.000,0.000,0.000,0.000
3446,1162.745,36.893,28.717,27.503,9.079,17.951,0.000,1.687,0.000,0.000,0.000,0.000,0.000,0.000,0.000
3447,1163.070,25.486,28.711,27.513,9.071,17.954,0.000,1.687,0.000,0.000,0.000,0.000,0.000,0.000,0.000
3448,1163.396,44.004,28.706,27.523,9.062,17.956,0.000,1.688,0.000,0.000,0.000,0.000,0.000,0.000,0.000
3449,1163.721,40.227,28.701,27.534,9.053,17.959,0.000,1.688,0.000,0.000,0.000,0.000,0.000,0.000,0.000
3450,1164.047,19.708,28.696,27.544,9.045,17.962,0.000,1.689,0.000,0.000,0.000,0.000,0.000,0.000,0.000
3451,1164.372,32.634,28.692,27.555,9.037,17.966,0.000,1.689,0.000,0.000,0.000,0.000,0.000,0.000,0.000
3452,1164.698,14.893,28.688,27.565,9.029,17.969,0.000,1.689,0.000,0.000,0.000,0.000,0.000,0.000,0.000
3453,1165.023,33.005,28.684,27.575,9.022,17.973,0.000,1.690,0.000,0.000,0.000,0.000,0.000,0.000,0.000
3454,1165.349,28.634,28.681,27.586,9.014,17.976,0.000,1.690,0.000,0.000,0.000,0.000,0.000,0.000,0.000
3455,1165.674,28.634,28.678,27.596,9.007,17.980,0.000,1.691,0.000,0.000,0.000,0.000,0.000,0.000,0.000
3456,1166.000,20.301,28.675,27.607,9.000,17.984,0.000,1.691,0.000,0.000,0.000,0.000,0.000,0.000,0.000
3457,1166.325,24.301,28.673,27.617,8.994,17.988,0.000,1.692,0.000,0.000,0.000,0.000,0.000,0.000,0.000
3458,1166.650,39.338,28.671,27.627,8.987,17.992,0.000,1.692,0.000,0.000,0.000,0.000,0.000,0.000,0.000
3459,1166.976,21.412,28.670,27.638,8.981,17.996,0.000,1.693,0.000,0.000,0.000,0.000,0.000,0.000,0.000
3460,1167.301,32.301,28.669,27.648,8.975,18.001,0.000,1.693,0.000,0.000,0.000,0.000,0.000,0.000,0.000
3461,1167.627,29.893,28.668,27.659,8.969,18.005,0.000,1.694,0.000,0.000,0.000,0.000,0.000,0.000,0.000
3462,1167.952,31.634,28.667,27.669,8.963,18.010,0.000,1.694,0.000,0.000,0.000,0.000,0.000,0.000,0.000
3463,1168.278,24.819,28.667,27.680,8.958,18.014,0.000,1.695,0.000,0.000,0.000,0.000,0.000,0.000,0.000
3464,1168.603,28.893,28.667,27.690,8.953,18.019,0.000,1.695,0.000,0.000,0.000,0.000,0.000,0.000,0.000
3465,1168.928,23.819,28.667,27.700,8.948,18.024,0.000,1.696,0.000,0.000,0.000,0.000,0.000,0.000,0.000
3466,1169.254,38.671,28.668,27.711,8.943,18.029,0.000,1.697,0.000,0.000,0.000,0.000,0.000,0.000,0.000
3467,1169.579,30.893,28.669,27.721,8.938,18.034,0.000,1.697,0.000,0.000,0.000,0.000,0.000,0.000,0.000
3468,1169.905,36.338,28.670,27.732,8.934,18.039,0.000,1.698,0.000,0.000,0.000,0.000,0.000,0.000,0.000
3469,1170.230,28.042,28.672,27.742,8.930,18.044,0.000,1.698,0.000,0.000,0.000,0.000,0.000,0.000,0.000
3470,1170.555,34.226,28.673,27.752,8.926,18.049,0.000,1.699,0.000,0.000,0.000,0.000,0.000,0.000,0.000
3471,1170.881,30.708,28.675,27.763,8.922,18.054,0.000,1.699,0.000,0.000,0.000,0.000,0.000,0.000,0.000
3472,1171.206,35.485,28.678,27.773,8.918,18.060,0.000,1.700,0.000,0.000,0.000,0.000,0.000,0.000,0.000
3473,1171.531,26.486,28.680,27.784,8.915,18.065,0.000,1.701,0.000,0.000,0.000,0.000,0.000,0.000,0.000
3474,1171.857,39.523,28.683,27.794,8.911,18.071,0.000,1.701,0.000,0.000,0.000,0.000,0.000,0.000,0.000
3475,1172.182,34.968,28.686,27.805,8.908,18.076,0.000,1.702,0.000,0.000,0.000,0.000,0.000,0.000,0.000
3476,1172.507,20.634,28.689,27.815,8.905,18.082,0.000,1.702,0.000,0.000,0.000,0.000,0.000,0.000,0.000
3477,1172.833,33.671,28.692,27.825,8.902,18.087,0.000,1.703,0.000,0.000,0.000,0.000,0.000,0.000,0.000
3478,1173.158,25.449,28.696,27.836,8.900,18.093,0.000,1.703,0.000,0.000,0.000,0.000,0.000,0.000,0.000
3479,1173.483,34.078,28.700,27.846,8.897,18.099,0.000,1.704,0.000,0.000,0.000,0.000,0.000,0.000,0.000
3480,1173.808,39.485,28.704,27.857,8.895,18.105,0.000,1.705,0.000,0.000,0.000,0.000,0.000,0.000,0.000
3481,1174.134,19.523,28.708,27.867,8.892,18.110,0.000,1.705,0.000,0.000,0.000,0.000,0.000,0.000,0.000
3482,1174.459,16.486,28.713,27.877,8.890,18.116,0.000,1.706,0.000,0.000,0.000,0.000,0.000,0.000,0.000
3483,1174.784,25.634,28.717,27.888,8.888,18.122,0.000,1.706,0.000,0.000,0.000,0.000,0.000,0.000,0.000
3484,1175.109,33.486,28.722,27.898,8.887,18.128,0.000,1.707,0.000,0.000,0.000,0.000,0.000,0.000,0.000
3485,1175.435,20.375,28.727,27.909,8.885,18.134,0.000,1.708,0.000,0.000,0.000,0.000,0.000,0.000,0.000
3486,1175.760,22.115,28.732,27.919,8.883,18.140,0.000,1.708,0.000,0.000,0.000,0.000,0.000,0.000,0.000
3487,1176.085,31.560,28.737,27.930,8.882,18.147,0.000,1.709,0.000,0.000,0.000,0.000,0.000,0.000,0.000
3488,1176.410,34.709,28.743,27.940,8.881,18.153,0.000,1.710,0.000,0.000,0.000,0.000,0.000,0.000,0.000
3489,1176.736,27.893,28.749,27.950,8.880,18.159,0.000,1.710,0.000,0.000,0.000,0.000,0.000,0.000,0.000
3490,1177.061,19.708,28.755,27.961,8.879,18.165,0.000,1.711,0.000,0.000,0.000,0.000,0.000,0.000,0.000
3491,1177.386,23.634,28.761,27.971,8.878,18.171,0.000,1.711,0.000,0.000,0.000,0.000,0.000,0.000,0.000
3492,1177.711,35.190,28.767,27.982,8.877,18.178,0.000,1.712,0.000,0.000,0.000,0.000,0.000,0.000,0.000
3493,1178.036,26.930,28.773,27.992,8.876,18.184,0.000,1.713,0.000,0.000,0.000,0.000,0.000,0.000,0.000
3494,1178.362,26.597,28.780,28.002,8.876,18.190,0.000,1.713,0.000,0.000,0.000,0.000,0.000,0.000,0.000
3495,1178.687,29.263,28.786,28.013,8.876,18.197,0.000,1.714,0.000,0.000,0.000,0.000,0.000,0.000,0.000
3496,1179.012,17.857,28.793,28.023,8.875,18.203,0.000,1.715,0.000,0.000,0.000,0.000,0.000,0.000,0.000
3497,1179.337,34.375,28.800,28.034,8.875,18.210,0.000,1.715,0.000,0.000,0.000,0.000,0.000,0.000,0.000
3498,1179.662,20.671,28.807,28.044,8.875,18.216,0.000,1.716,0.000,0.000,0.000,0.000,0.000,0.000,0.000
3499,1179.987,37.856,28.814,28.055,8.875,18.223,0.000,1.716,0.000,0.000,0.000,0.000,0.000,0.000,0.000
3500,1180.313,21.745,28.821,28.065,8.875,18.229,0.000,1.717,0.000,0.000,0.000,0.000,0.000,0.000,0.000
3501,1180.638,23.893,28.829,28.075,8.876,18.236,0.000,1.718,0.000,0.000,0.000,0.000,0.000,0.000,0.000
3502,1180.963,18.856,28.837,28.086,8.876,18.242,0.000,1.718,0.000,0.000,0.000,0.000,0.000,0.000,0.000
3503,1181.288,21.226,28.844,28.096,8.876,18.249,0.000,1.719,0.000,0.000,0.000,0.000,0.000,0.000,0.000
3504,1181.613,31.819,28.852,28.107,8.877,18.255,0.000,1.720,0.000,0.000,0.000,0.000,0.000,0.000,0.000
3505,1181.938,33.745,28.860,28.117,8.878,18.262,0.000,1.720,0.000,0.000,0.000,0.000,0.000,0.000,0.000
3506,1182.263,32.745,28.868,28.127,8.879,18.269,0.000,1.721,0.000,0.000,0.000,0.000,0.000,0.000,0.000
3507,1182.588,35.301,28.876,28.138,8.880,18.275,0.000,1.722,0.000,0.000,0.000,0.000,0.000,0.000,0.000
3508,1182.913,31.709,28.885,28.148,8.881,18.282,0.000,1.722,0.000,0.000,0.000,0.000,0.000,0.000,0.000
3509,1183.238,22.968,28.893,28.159,8.882,18.289,0.000,1.723,0.000,0.000,0.000,0.000,0.000,0.000,0.000
3510,1183.563,29.116,28.902,28.169,8.883,18.295,0.000,1.724,0.000,0.000,0.000,0.000,0.000,0.000,0.000
3511,1183.889,41.782,28.911,28.179,8.884,18.302,0.000,1.724,0.000,0.000,0.000,0.000,0.000,0.000,0.000
3512,1184.214,35.819,28.919,28.190,8.886,18.309,0.000,1.725,0.000,0.000,0.000,0.000,0.000,0.000,0.000
3513,1184.539,28.893,28.928,28.200,8.887,18.316,0.000,1.726,0.000,0.000,0.000,0.000,0.000,0.000,0.000
3514,1184.864,36.634,28.937,28.211,8.889,18.322,0.000,1.726,0.000,0.000,0.000,0.000,0.000,0.000,0.000
3515,1185.189,33.152,28.947,28.221,8.890,18.329,0.000,1.727,0.000,0.000,0.000,0.000,0.000,0.000,0.000
3516,1185.514,34.523,28.956,28.232,8.892,18.336,0.000,1.728,0.000,0.000,0.000,0.000,0.000,0.000,0.000
3517,1185.839,41.597,28.965,28.242,8.894,18.343,0.000,1.728,0.000,0.000,0.000,0.000,0.000,0.000,0.000
3518,1186.164,36.523,28.975,28.252,8.896,18.350,0.000,1.729,0.000,0.000,0.000,0.000,0.000,0.000,0.000
3519,1186.489,39.931,28.985,28.263,8.898,18.357,0.000,1.730,0.000,0.000,0.000,0.000,0.000,0.000,0.000
3520,1186.814,26.671,28.994,28.273,8.901,18.364,0.000,1.730,0.000,0.000,0.000,0.000,0.000,0.000,0.000
3521,1187.139,22.744,29.004,28.284,8.903,18.370,0.000,1.731,0.000,0.000,0.000,0.000,0.000,0.000,0.000
3522,1187.464,19.597,29.014,28.294,8.905,18.377,0.000,1.732,0.000,0.000,0.000,0.000,0.000,0.000,0.000
3523,1187.789,28.116,29.024,28.304,8.908,18.384,0.000,1.732,0.000,0.000,0.000,0.000,0.000,0.000,0.000
3524,1188.114,23.523,29.035,28.315,8.911,18.391,0.000,1.733,0.000,0.000,0.000,0.000,0.000,0.000,0.000
3525,1188.439,41.523,29.045,28.325,8.913,18.398,0.000,1.733,0.000,0.000,0.000,0.000,0.000,0.000,0.000
3526,1188.764,31.782,29.056,28.336,8.916,18.405,0.000,1.734,0.000,0.000,0.000,0.000,0.000,0.000,0.000
3527,1189.088,29.560,29.066,28.346,8.919,18.412,0.000,1.735,0.000,0.000,0.000,0.000,0.000,0.000,0.000
3528,1189.413,28.633,29.077,28.357,8.922,18.419,0.000,1.735,0.000,0.000,0.000,0.000,0.000,0.000,0.000
3529,1189.738,44.004,29.088,28.367,8.925,18.426,0.000,1.736,0.000,0.000,0.000,0.000,0.000,0.000,0.000
3530,1190.063,20.449,29.099,28.377,8.929,18.433,0.000,1.737,0.000,0.000,0.000,0.000,0.000,0.000,0.000
3531,1190.388,35.930,29.110,28.388,8.932,18.440,0.000,1.738,0.000,0.000,0.000,0.000,0.000,0.000,0.000
3532,1190.713,33.708,29.121,28.398,8.936,18.447,0.000,1.738,0.000,0.000,0.000,0.000,0.000,0.000,0.000
3533,1191.038,29.930,29.132,28.409,8.939,18.454,0.000,1.739,0.000,0.000,0.000,0.000,0.000,0.000,0.000
3534,1191.363,29.078,29.143,28.419,8.943,18.461,0.000,1.740,0.000,0.000,0.000,0.000,0.000,0.000,0.000
3535,1191.688,23.634,29.155,28.429,8.947,18.468,0.000,1.740,0.000,0.000,0.000,0.000,0.000,0.000,0.000
3536,1192.013,32.449,29.167,28.440,8.951,18.475,0.000,1.741,0.000,0.000,0.000,0.000,0.000,0.000,0.000
3537,1192.338,28.819,29.178,28.450,8.955,18.482,0.000,1.742,0.000,0.000,0.000,0.000,0.000,0.000,0.000
3538,1192.662,27.930,29.190,28.461,8.959,18.489,0.000,1.742,0.000,0.000,0.000,0.000,0.000,0.000,0.000
3539,1192.987,27.041,29.182,28.451,8.957,18.483,0.000,1.742,0.000,0.000,0.000,0.000,0.000,0.000,0.000
3540,1193.312,17.745,29.173,28.441,8.955,18.477,0.000,1.741,0.000,0.000,0.000,0.000,0.000,0.000,0.000
3541,1193.637,28.263,29.165,28.431,8.954,18.471,0.000,1.740,0.000,0.000,0.000,0.000,0.000,0.000,0.000
3542,1193.962,25.597,29.157,28.421,8.952,18.465,0.000,1.740,0.000,0.000,0.000,0.000,0.000,0.000,0.000
3543,1194.287,41.893,29.149,28.410,8.951,18.458,0.000,1.739,0.000,0.000,0.000,0.000,0.000,0.000,0.000
3544,1194.611,32.190,29.141,28.400,8.950,18.452,0.000,1.739,0.000,0.000,0.000,0.000,0.000,0.000,0.000
3545,1194.936,31.856,29.133,28.390,8.949,18.446,0.000,1.738,0.000,0.000,0.000,0.000,0.000,0.000,0.000
3546,1195.261,22.300,29.126,28.380,8.948,18.440,0.000,1.738,0.000,0.000,0.000,0.000,0.000,0.000,0.000
3547,1195.586,33.375,29.118,28.370,8.947,18.434,0.000,1.737,0.000,0.000,0.000,0.000,0.000,0.000,0.000
3548,1195.911,35.634,29.111,28.360,8.947,18.428,0.000,1.736,0.000,0.000,0.000,0.000,0.000,0.000,0.000
3549,1196.235,33.189,29.103,28.350,8.946,18.421,0.000,1.736,0.000,0.000,0.000,0.000,0.000,0.000,0.000
3550,1196.560,29.930,29.096,28.340,8.946,18.415,0.000,1.735,0.000,0.000,0.000,0.000,0.000,0.000,0.000
3551,1196.885,26.300,29.089,28.330,8.945,18.409,0.000,1.735,0.000,0.000,0.000,0.000,0.000,0.000,0.000
3552,1197.210,36.782,29.082,28.320,8.945,18.403,0.000,1.734,0.000,0.000,0.000,0.000,0.000,0.000,0.000
3553,1197.535,29.078,29.076,28.310,8.945,18.397,0.000,1.734,0.000,0.000,0.000,0.000,0.000,0.000,0.000
3554,1197.859,15.449,29.069,28.300,8.945,18.391,0.000,1.733,0.000,0.000,0.000,0.000,0.000,0.000,0.000
3555,1198.184,26.782,29.063,28.290,8.945,18.385,0.000,1.732,0.000,0.000,0.000,0.000,0.000,0.000,0.000
3556,1198.509,41.634,29.056,28.280,8.946,18.379,0.000,1.732,0.000,0.000,0.000,0.000,0.000,0.000,0.000
3557,1198.834,29.300,29.050,28.270,8.946,18.373,0.000,1.731,0.000,0.000,0.000,0.000,0.000,0.000,0.000
3558,1199.158,28.041,29.044,28.260,8.947,18.366,0.000,1.731,0.000,0.000,0.000,0.000,0.000,0.000,0.000
3559,1199.483,25.967,29.038,28.250,8.948,18.360,0.000,1.730,0.000,0.000,0.000,0.000,0.000,0.000,0.000
3560,1199.808,33.856,29.032,28.240,8.948,18.354,0.000,1.730,0.000,0.000,0.000,0.000,0.000,0.000,0.000
3561,1200.132,25.226,29.027,28.230,8.949,18.348,0.000,1.729,0.000,0.000,0.000,0.000,0.000,0.000,0.000
3562,1200.457,37.856,29.021,28.220,8.951,18.342,0.000,1.728,0.000,0.000,0.000,0.000,0.000,0.000,0.000
3563,1200.782,27.671,29.016,28.210,8.952,18.336,0.000,1.728,0.000,0.000,0.000,0.000,0.000,0.000,0.000
3564,1201.107,35.893,29.011,28.200,8.953,18.330,0.000,1.727,0.000,0.000,0.000,0.000,0.000,0.000,0.000
3565,1201.431,26.338,29.006,28.190,8.955,18.324,0.000,1.727,0.000,0.000,0.000,0.000,0.000,0.000,0.000
3566,1201.756,33.041,29.001,28.180,8.957,18.318,0.000,1.726,0.000,0.000,0.000,0.000,0.000,0.000,0.000
3567,1202.081,35.559,28.996,28.170,8.959,18.312,0.000,1.726,0.000,0.000,0.000,0.000,0.000,0.000,0.000
3568,1202.405,28.671,28.992,28.159,8.961,18.306,0.000,1.725,0.000,0.000,0.000,0.000,0.000,0.000,0.000
3569,1202.730,25.189,28.987,28.149,8.963,18.300,0.000,1.724,0.000,0.000,0.000,0.000,0.000,0.000,0.000
3570,1203.055,24.337,28.983,28.139,8.965,18.294,0.000,1.724,0.000,0.000,0.000,0.000,0.000,0.000,0.000
3571,1203.379,32.782,28.979,28.129,8.968,18.288,0.000,1.723,0.000,0.000,0.000,0.000,0.000,0.000,0.000
3572,1203.704,29.337,28.975,28.119,8.970,18.282,0.000,1.723,0.000,0.000,0.000,0.000,0.000,0.000,0.000
3573,1204.028,24.968,28.971,28.109,8.973,18.276,0.000,1.722,0.000,0.000,0.000,0.000,0.000,0.000,0.000
3574,1204.353,22.745,28.968,28.099,8.976,18.270,0.000,1.722,0.000,0.000,0.000,0.000,0.000,0.000,0.000
3575,1204.678,30.449,28.965,28.089,8.979,18.264,0.000,1.721,0.000,0.000,0.000,0.000,0.000,0.000,0.000
3576,1205.002,37.115,28.961,28.079,8.983,18.258,0.000,1.721,0.000,0.000,0.000,0.000,0.000,0.000,0.000
3577,1205.327,45.115,28.958,28.069,8.986,18.252,0.000,1.720,0.000,0.000,0.000,0.000,0.000,0.000,0.000
3578,1205.652,24.634,28.956,28.059,8.990,18.246,0.000,1.719,0.000,0.000,0.000,0.000,0.000,0.000,0.000
3579,1205.976,26.115,28.953,28.049,8.994,18.240,0.000,1.719,0.000,0.000,0.000,0.000,0.000,0.000,0.000
3580,1206.301,38.375,28.951,28.039,8.998,18.234,0.000,1.718,0.000,0.000,0.000,0.000,0.000,0.000,0.000
3581,1206.625,37.745,28.948,28.029,9.002,18.228,0.000,1.718,0.000,0.000,0.000,0.000,0.000,0.000,0.000
3582,1206.950,43.856,28.946,28.019,9.007,18.222,0.000,1.717,0.000,0.000,0.000,0.000,0.000,0.000,0.000
3583,1207.274,36.819,28.944,28.009,9.011,18.216,0.000,1.717,0.000,0.000,0.000,0.000,0.000,0.000,0.000
3584,1207.599,19.189,28.943,27.999,9.016,18.210,0.000,1.716,0.000,0.000,0.000,0.000,0.000,0.000,0.000
3585,1207.924,35.078,28.941,27.989,9.021,18.204,0.000,1.715,0.000,0.000,0.000,0.000,0.000,0.000,0.000
3586,1208.248,30.819,28.940,27.979,9.027,18.199,0.000,1.715,0.000,0.000,0.000,0.000,0.000,0.000,0.000
3587,1208.573,36.633,28.939,27.969,9.032,18.193,0.000,1.714,0.000,0.000,0.000,0.000,0.000,0.000,0.000
3588,1208.897,27.078,28.938,27.959,9.038,18.187,0.000,1.714,0.000,0.000,0.000,0.000,0.000,0.000,0.000
3589,1209.222,30.449,28.938,27.949,9.044,18.181,0.000,1.713,0.000,0.000,0.000,0.000,0.000,0.000,0.000
3590,1209.546,27.819,28.937,27.939,9.050,18.175,0.000,1.713,0.000,0.000,0.000,0.000,0.000,0.000,0.000
3591,1209.871,31.449,28.937,27.929,9.056,18.169,0.000,1.712,0.000,0.000,0.000,0.000,0.000,0.000,0.000
3592,1210.195,32.671,28.937,27.919,9.062,18.163,0.000,1.712,0.000,0.000,0.000,0.000,0.000,0.000,0.000
3593,1210.520,33.523,28.938,27.908,9.069,18.157,0.000,1.711,0.000,0.000,0.000,0.000,0.000,0.000,0.000
3594,1210.844,33.522,28.938,27.898,9.076,18.152,0.000,1.710,0.000,0.000,0.000,0.000,0.000,0.000,0.000
3595,1211.169,30.115,28.939,27.888,9.083,18.146,0.000,1.710,0.000,0.000,0.000,0.000,0.000,0.000,0.000
3596,1211.493,27.671,28.940,27.878,9.091,18.140,0.000,1.709,0.000,0.000,0.000,0.000,0.000,0.000,0.000
3597,1211.818,38.485,28.941,27.868,9.098,18.134,0.000,1.709,0.000,0.000,0.000,0.000,0.000,0.000,0.000
3598,1212.142,31.856,28.943,27.858,9.106,18.128,0.000,1.708,0.000,0.000,0.000,0.000,0.000,0.000,0.000
3599,1212.467,22.745,28.944,27.848,9.114,18.122,0.000,1.708,0.000,0.000,0.000,0.000,0.000,0.000,0.000
3600,1212.791,19.782,28.946,27.838,9.122,18.117,0.000,1.707,0.000,0.000,0.000,0.000,0.000,0.000,0.000
3601,1213.116,16.300,28.948,27.828,9.131,18.111,0.000,1.707,0.000,0.000,0.000,0.000,0.000,0.000,0.000
3602,1213.440,29.449,28.951,27.818,9.140,18.105,0.000,1.706,0.000,0.000,0.000,0.000,0.000,0.000,0.000
3603,1213.765,35.040,28.954,27.808,9.149,18.099,0.000,1.706,0.000,0.000,0.000,0.000,0.000,0.000,0.000
3604,1214.089,33.819,28.957,27.798,9.158,18.093,0.000,1.705,0.000,0.000,0.000,0.000,0.000,0.000,0.000
3605,1214.413,38.115,28.960,27.788,9.168,18.088,0.000,1.704,0.000,0.000,0.000,0.000,0.000,0.000,0.000
3606,1214.738,24.744,28.963,27.778,9.178,18.082,0.000,1.704,0.000,0.000,0.000,0.000,0.000,0.000,0.000
3607,1215.062,31.930,28.967,27.768,9.188,18.076,0.000,1.703,0.000,0.000,0.000,0.000,0.000,0.000,0.000
3608,1215.387,38.300,28.971,27.758,9.198,18.070,0.000,1.703,0.000,0.000,0.000,0.000,0.000,0.000,0.000
3609,1215.711,34.375,28.976,27.748,9.209,18.065,0.000,1.702,0.000,0.000,0.000,0.000,0.000,0.000,0.000
3610,1216.035,26.152,28.980,27.738,9.219,18.059,0.000,1.702,0.000,0.000,0.000,0.000,0.000,0.000,0.000
3611,1216.360,35.411,28.985,27.728,9.231,18.053,0.000,1.701,0.000,0.000,0.000,0.000,0.000,0.000,0.000
3612,1216.684,41.411,28.990,27.718,9.242,18.048,0.000,1.701,0.000,0.000,0.000,0.000,0.000,0.000,0.000
3613,1217.009,22.152,28.995,27.708,9.253,18.042,0.000,1.700,0.000,0.000,0.000,0.000,0.000,0.000,0.000
3614,1217.333,31.596,29.000,27.698,9.264,18.036,0.000,1.700,0.000,0.000,0.000,0.000,0.000,0.000,0.000
3615,1217.657,34.375,29.005,27.688,9.276,18.031,0.000,1.699,0.000,0.000,0.000,0.000,0.000,0.000,0.000
3616,1217.982,26.486,29.011,27.678,9.287,18.025,0.000,1.699,0.000,0.000,0.000,0.000,0.000,0.000,0.000
3617,1218.306,31.078,29.016,27.668,9.299,18.019,0.000,1.698,0.000,0.000,0.000,0.000,0.000,0.000,0.000
3618,1218.630,32.671,29.022,27.657,9.310,18.014,0.000,1.697,0.000,0.000,0.000,0.000,0.000,0.000,0.000
3619,1218.955,27.856,29.027,27.647,9.322,18.008,0.000,1.697,0.000,0.000,0.000,0.000,0.000,0.000,0.000
3620,1219.279,19.782,29.033,27.637,9.334,18.003,0.000,1.696,0.000,0.000,0.000,0.000,0.000,0.000,0.000
3621,1219.603,29.633,29.038,27.627,9.346,17.997,0.000,1.696,0.000,0.000,0.000,0.000,0.000,0.000,0.000
3622,1219.928,32.708,29.044,27.617,9.358,17.991,0.000,1.695,0.000,0.000,0.000,0.000,0.000,0.000,0.000
3623,1220.252,30.819,29.050,27.607,9.369,17.986,0.000,1.695,0.000,0.000,0.000,0.000,0.000,0.000,0.000
3624,1220.576,28.449,29.056,27.597,9.381,17.980,0.000,1.694,0.000,0.000,0.000,0.000,0.000,0.000,0.000
3625,1220.901,25.300,29.062,27.587,9.393,17.975,0.000,1.694,0.000,0.000,0.000,0.000,0.000,0.000,0.000
3626,1221.225,38.708,29.068,27.577,9.405,17.969,0.000,1.693,0.000,0.000,0.000,0.000,0.000,0.000,0.000
3627,1221.549,21.004,29.074,27.567,9.417,17.964,0.000,1.693,0.000,0.000,0.000,0.000,0.000,0.000,0.000
3628,1221.874,34.559,29.080,27.557,9.429,17.958,0.000,1.692,0.000,0.000,0.000,0.000,0.000,0.000,0.000
3629,1222.198,36.597,29.086,27.547,9.441,17.953,0.000,1.692,0.000,0.000,0.000,0.000,0.000,0.000,0.000
3630,1222.522,22.633,29.092,27.537,9.453,17.947,0.000,1.691,0.000,0.000,0.000,0.000,0.000,0.000,0.000
3631,1222.846,31.226,29.098,27.527,9.466,17.942,0.000,1.691,0.000,0.000,0.000,0.000,0.000,0.000,0.000
3632,1223.171,32.559,29.104,27.517,9.478,17.936,0.000,1.690,0.000,0.000,0.000,0.000,0.000,0.000,0.000
3633,1223.495,30.411,29.110,27.507,9.490,17.931,0.000,1.690,0.000,0.000,0.000,0.000,0.000,0.000,0.000
3634,1223.819,36.263,29.116,27.497,9.502,17.925,0.000,1.689,0.000,0.000,0.000,0.000,0.000,0.000,0.000
3635,1224.144,26.264,29.122,27.487,9.514,17.920,0.000,1.689,0.000,0.000,0.000,0.000,0.000,0.000,0.000
3636,1224.468,36.744,29.128,27.477,9.525,17.914,0.000,1.688,0.000,0.000,0.000,0.000,0.000,0.000,0.000
3637,1224.792,18.930,29.134,27.467,9.537,17.909,0.000,1.688,0.000,0.000,0.000,0.000,0.000,0.000,0.000
3638,1225.116,23.633,29.140,27.457,9.549,17.903,0.000,1.687,0.000,0.000,0.000,0.000,0.000,0.000,0.000
3639,1225.440,26.152,29.146,27.447,9.561,17.898,0.000,1.687,0.000,0.000,0.000,0.000,0.000,0.000,0.000
3640,1225.765,30.485,29.151,27.437,9.573,17.893,0.000,1.686,0.000,0.000,0.000,0.000,0.000,0.000,0.000
3641,1226.089,25.560,29.157,27.427,9.585,17.887,0.000,1.686,0.000,0.000,0.000,0.000,0.000,0.000,0.000
3642,1226.413,26.745,29.163,27.416,9.596,17.882,0.000,1.685,0.000,0.000,0.000,0.000,0.000,0.000,0.000
3643,1226.737,26.375,29.169,27.406,9.608,17.876,0.000,1.685,0.000,0.000,0.000,0.000,0.000,0.000,0.000
3644,1227.062,15.152,29.174,27.396,9.619,17.871,0.000,1.684,0.000,0.000,0.000,0.000,0.000,0.000,0.000
3645,1227.386,22.189,29.180,27.386,9.631,17.866,0.000,1.684,0.000,0.000,0.000,0.000,0.000,0.000,0.000
3646,1227.710,27.633,29.185,27.376,9.642,17.860,0.000,1.683,0.000,0.000,0.000,0.000,0.000,0.000,0.000
3647,1228.034,31.856,29.191,27.366,9.653,17.855,0.000,1.682,0.000,0.000,0.000,0.000,0.000,0.000,0.000
3648,1228.358,26.411,29.196,27.356,9.664,17.850,0.000,1.682,0.000,0.000,0.000,0.000,0.000,0.000,0.000
3649,1228.682,29.819,29.201,27.346,9.675,17.845,0.000,1.681,0.000,0.000,0.000,0.000,0.000,0.000,0.000
3650,1229.007,22.485,29.206,27.336,9.686,17.839,0.000,1.681,0.000,0.000,0.000,0.000,0.000,0.000,0.000
3651,1229.331,32.226,29.211,27.326,9.697,17.834,0.000,1.680,0.000,0.000,0.000,0.000,0.000,0.000,0.000
3652,1229.655,30.560,29.216,27.316,9.707,17.829,0.000,1.680,0.000,0.000,0.000,0.000,0.000,0.000,0.000
3653,1229.979,33.115,29.220,27.306,9.718,17.823,0.000,1.679,0.000,0.000,0.000,0.000,0.000,0.000,0.000
3654,1230.303,28.004,29.225,27.296,9.728,17.818,0.000,1.679,0.000,0.000,0.000,0.000,0.000,0.000,0.000
3655,1230.627,32.152,29.229,27.286,9.738,17.813,0.000,1.678,0.000,0.000,0.000,0.000,0.000,0.000,0.000
3656,1230.951,30.449,29.234,27.276,9.748,17.808,0.000,1.678,0.000,0.000,0.000,0.000,0.000,0.000,0.000
3657,1231.276,48.930,29.238,27.266,9.758,17.802,0.000,1.678,0.000,0.000,0.000,0.000,0.000,0.000,0.000
3658,1231.600,28.226,29.242,27.256,9.768,17.797,0.000,1.677,0.000,0.000,0.000,0.000,0.000,0.000,0.000
3659,1231.924,30.559,29.246,27.246,9.777,17.792,0.000,1.677,0.000,0.000,0.000,0.000,0.000,0.000,0.000
3660,1232.248,34.189,29.249,27.236,9.786,17.787,0.000,1.676,0.000,0.000,0.000,0.000,0.000,0.000,0.000
3661,1232.572,32.485,29.253,27.226,9.795,17.782,0.000,1.676,0.000,0.000,0.000,0.000,0.000,0.000,0.000
3662,1232.896,19.930,29.256,27.216,9.804,17.776,0.000,1.675,0.000,0.000,0.000,0.000,0.000,0.000,0.000
3663,1233.220,26.375,29.259,27.206,9.813,17.771,0.000,1.675,0.000,0.000,0.000,0.000,0.000,0.000,0.000
3664,1233.544,20.337,29.262,27.196,9.822,17.766,0.000,1.674,0.000,0.000,0.000,0.000,0.000,0.000,0.000
3665,1233.868,27.226,29.264,27.186,9.830,17.761,0.000,1.674,0.000,0.000,0.000,0.000,0.000,0.000,0.000
3666,1234.193,29.486,29.267,27.176,9.838,17.756,0.000,1.673,0.000,0.000,0.000,0.000,0.000,0.000,0.000
3667,1234.517,15.152,29.269,27.165,9.846,17.751,0.000,1.673,0.000,0.000,0.000,0.000,0.000,0.000,0.000
3668,1234.841,21.004,29.271,27.155,9.853,17.746,0.000,1.672,0.000,0.000,0.000,0.000,0.000,0.000,0.000
3669,1235.165,31.226,29.273,27.145,9.861,17.740,0.000,1.672,0.000,0.000,0.000,0.000,0.000,0.000,0.000
3670,1235.489,27.003,29.274,27.135,9.868,17.735,0.000,1.671,0.000,0.000,0.000,0.000,0.000,0.000,0.000
3671,1235.813,26.670,29.276,27.125,9.875,17.730,0.000,1.671,0.000,0.000,0.000,0.000,0.000,0.000,0.000
3672,1236.137,27.337,29.277,27.115,9.882,17.725,0.000,1.670,0.000,0.000,0.000,0.000,0.000,0.000,0.000
3673,1236.461,26.448,29.278,27.105,9.888,17.720,0.000,1.670,0.000,0.000,0.000,0.000,0.000,0.000,0.000
3674,1236.785,38.115,29.278,27.095,9.894,17.715,0.000,1.669,0.000,0.000,0.000,0.000,0.000,0.000,0.000
3675,1237.109,28.226,29.278,27.085,9.900,17.710,0.000,1.669,0.000,0.000,0.000,0.000,0.000,0.000,0.000
3676,1237.433,28.708,29.278,27.075,9.906,17.705,0.000,1.668,0.000,0.000,0.000,0.000,0.000,0.000,0.000
3677,1237.757,28.448,29.278,27.065,9.911,17.700,0.000,1.668,0.000,0.000,0.000,0.000,0.000,0.000,0.000
3678,1238.081,24.375,29.278,27.055,9.916,17.695,0.000,1.667,0.000,0.000,0.000,0.000,0.000,0.000,0.000
3679,1238.405,21.967,29.277,27.045,9.921,17.690,0.000,1.667,0.000,0.000,0.000,0.000,0.000,0.000,0.000
3680,1238.729,25.263,29.276,27.035,9.925,17.684,0.000,1.666,0.000,0.000,0.000,0.000,0.000,0.000,0.000
3681,1239.053,27.337,29.275,27.025,9.929,17.679,0.000,1.666,0.000,0.000,0.000,0.000,0.000,0.000,0.000
3682,1239.377,22.708,29.273,27.015,9.933,17.674,0.000,1.665,0.000,0.000,0.000,0.000,0.000,0.000,0.000
3683,1239.701,25.152,29.271,27.005,9.937,17.669,0.000,1.665,0.000,0.000,0.000,0.000,0.000,0.000,0.000
3684,1240.025,22.078,29.269,26.995,9.940,17.664,0.000,1.664,0.000,0.000,0.000,0.000,0.000,0.000,0.000
3685,1240.349,28.597,29.266,26.985,9.943,17.659,0.000,1.664,0.000,0.000,0.000,0.000,0.000,0.000,0.000
3686,1240.673,24.004,29.263,26.975,9.946,17.654,0.000,1.663,0.000,0.000,0.000,0.000,0.000,0.000,0.000
3687,1240.997,20.966,29.260,26.965,9.948,17.649,0.000,1.663,0.000,0.000,0.000,0.000,0.000,0.000,0.000
3688,1241.321,19.559,29.257,26.955,9.950,17.644,0.000,1.662,0.000,0.000,0.000,0.000,0.000,0.000,0.000
3689,1241.645,20.597,29.253,26.945,9.952,17.639,0.000,1.662,0.000,0.000,0.000,0.000,0.000,0.000,0.000
3690,1241.969,20.633,29.249,26.935,9.953,17.634,0.000,1.662,0.000,0.000,0.000,0.000,0.000,0.000,0.000
3691,1242.293,16.782,29.245,26.925,9.954,17.629,0.000,1.661,0.000,0.000,0.000,0.000,0.000,0.000,0.000
3692,1242.617,22.930,29.240,26.914,9.955,17.624,0.000,1.661,0.000,0.000,0.000,0.000,0.000,0.000,0.000
3693,1242.941,33.263,29.235,26.904,9.956,17.619,0.000,1.660,0.000,0.000,0.000,0.000,0.000,0.000,0.000
3694,1243.265,24.523,29.230,26.894,9.956,17.614,0.000,1.660,0.000,0.000,0.000,0.000,0.000,0.000,0.000
3695,1243.589,24.966,29.224,26.884,9.955,17.609,0.000,1.659,0.000,0.000,0.000,0.000,0.000,0.000,0.000
3696,1243.912,29.819,29.218,26.874,9.955,17.604,0.000,1.659,0.000,0.000,0.000,0.000,0.000,0.000,0.000
3697,1244.236,16.004,29.211,26.864,9.954,17.599,0.000,1.658,0.000,0.000,0.000,0.000,0.000,0.000,0.000
3698,1244.560,24.041,29.205,26.854,9.953,17.594,0.000,1.658,0.000,0.000,0.000,0.000,0.000,0.000,0.000
3699,1244.884,25.523,29.198,26.844,9.951,17.589,0.000,1.657,0.000,0.000,0.000,0.000,0.000,0.000,0.000
3700,1245.208,33.449,29.190,26.834,9.949,17.584,0.000,1.657,0.000,0.000,0.000,0.000,0.000,0.000,0.000
3701,1245.532,31.782,29.183,26.824,9.947,17.579,0.000,1.656,0.000,0.000,0.000,0.000,0.000,0.000,0.000
3702,1245.856,25.115,29.174,26.814,9.944,17.574,0.000,1.656,0.000,0.000,0.000,0.000,0.000,0.000,0.000
3703,1246.180,19.559,29.166,26.804,9.941,17.570,0.000,1.655,0.000,0.000,0.000,0.000,0.000,0.000,0.000
3704,1246.504,19.337,29.157,26.794,9.938,17.565,0.000,1.655,0.000,0.000,0.000,0.000,0.000,0.000,0.000
3705,1246.828,25.670,29.148,26.784,9.934,17.560,0.000,1.654,0.000,0.000,0.000,0.000,0.000,0.000,0.000
3706,1247.151,30.411,29.139,26.774,9.930,17.555,0.000,1.654,0.000,0.000,0.000,0.000,0.000,0.000,0.000
3707,1247.475,16.226,29.129,26.764,9.926,17.550,0.000,1.654,0.000,0.000,0.000,0.000,0.000,0.000,0.000
3708,1247.799,26.856,29.119,26.754,9.921,17.545,0.000,1.653,0.000,0.000,0.000,0.000,0.000,0.000,0.000
3709,1248.123,30.115,29.108,26.744,9.916,17.540,0.000,1.653,0.000,0.000,0.000,0.000,0.000,0.000,0.000
3710,1248.447,25.523,29.097,26.734,9.910,17.535,0.000,1.652,0.000,0.000,0.000,0.000,0.000,0.000,0.000
3711,1248.771,25.819,29.086,26.724,9.905,17.530,0.000,1.652,0.000,0.000,0.000,0.000,0.000,0.000,0.000
3712,1249.095,4.115,29.074,26.714,9.899,17.525,0.000,1.651,0.000,0.000,0.000,0.000,0.000,0.000,0.000
3713,1249.418,30.559,29.063,26.704,9.892,17.520,0.000,1.651,0.000,0.000,0.000,0.000,0.000,0.000,0.000
3714,1249.742,20.634,29.050,26.694,9.885,17.515,0.000,1.650,0.000,0.000,0.000,0.000,0.000,0.000,0.000
3715,1250.066,26.559,29.038,26.684,9.878,17.510,0.000,1.650,0.000,0.000,0.000,0.000,0.000,0.000,0.000
3716,1250.390,23.930,29.025,26.673,9.871,17.505,0.000,1.649,0.000,0.000,0.000,0.000,0.000,0.000,0.000
3717,1250.714,29.041,29.011,26.663,9.863,17.500,0.000,1.649,0.000,0.000,0.000,0.000,0.000,0.000,0.000
3718,1251.037,34.818,28.998,26.653,9.855,17.495,0.000,1.648,0.000,0.000,0.000,0.000,0.000,0.000,0.000
3719,1251.361,34.374,28.984,26.643,9.846,17.490,0.000,1.648,0.000,0.000,0.000,0.000,0.000,0.000,0.000
3720,1251.685,23.485,28.970,26.633,9.837,17.485,0.000,1.647,0.000,0.000,0.000,0.000,0.000,0.000,0.000
3721,1252.009,19.338,28.955,26.623,9.828,17.480,0.000,1.647,0.000,0.000,0.000,0.000,0.000,0.000,0.000
3722,1252.333,13.967,28.940,26.613,9.818,17.475,0.000,1.646,0.000,0.000,0.000,0.000,0.000,0.000,0.000
3723,1252.656,16.708,28.925,26.603,9.809,17.470,0.000,1.646,0.000,0.000,0.000,0.000,0.000,0.000,0.000
3724,1252.980,22.338,28.909,26.593,9.798,17.465,0.000,1.645,0.000,0.000,0.000,0.000,0.000,0.000,0.000
3725,1253.304,17.560,28.893,26.583,9.788,17.460,0.000,1.645,0.000,0.000,0.000,0.000,0.000,0.000,0.000
3726,1253.628,17.189,28.877,26.573,9.777,17.455,0.000,1.645,0.000,0.000,0.000,0.000,0.000,0.000,0.000
3727,1253.952,16.708,28.860,26.563,9.766,17.450,0.000,1.644,0.000,0.000,0.000,0.000,0.000,0.000,0.000
3728,1254.275,23.856,28.843,26.553,9.755,17.445,0.000,1.644,0.000,0.000,0.000,0.000,0.000,0.000,0.000
3729,1254.599,31.449,28.826,26.543,9.743,17.440,0.000,1.643,0.000,0.000,0.000,0.000,0.000,0.000,0.000
3730,1254.923,7.597,28.808,26.533,9.731,17.435,0.000,1.643,0.000,0.000,0.000,0.000,0.000,0.000,0.000
3731,1255.247,32.337,28.790,26.523,9.718,17.430,0.000,1.642,0.000,0.000,0.000,0.000,0.000,0.000,0.000
3732,1255.570,25.671,28.772,26.513,9.706,17.425,0.000,1.642,0.000,0.000,0.000,0.000,0.000,0.000,0.000
3733,1255.894,27.596,28.754,26.503,9.693,17.420,0.000,1.641,0.000,0.000,0.000,0.000,0.000,0.000,0.000
3734,1256.218,19.967,28.735,26.493,9.679,17.415,0.000,1.641,0.000,0.000,0.000,0.000,0.000,0.000,0.000
3735,1256.542,19.523,28.716,26.483,9.666,17.410,0.000,1.640,0.000,0.000,0.000,0.000,0.000,0.000,0.000
3736,1256.865,20.559,28.697,26.473,9.652,17.405,0.000,1.640,0.000,0.000,0.000,0.000,0.000,0.000,0.000
3737,1257.189,20.966,28.677,26.463,9.638,17.400,0.000,1.639,0.000,0.000,0.000,0.000,0.000,0.000,0.000
3738,1257.513,18.115,28.657,26.453,9.624,17.395,0.000,1.639,0.000,0.000,0.000,0.000,0.000,0.000,0.000
3739,1257.837,30.597,28.637,26.443,9.609,17.390,0.000,1.638,0.000,0.000,0.000,0.000,0.000,0.000,0.000
3740,1258.160,15.485,28.616,26.433,9.594,17.385,0.000,1.638,0.000,0.000,0.000,0.000,0.000,0.000,0.000
3741,1258.484,14.967,28.596,26.422,9.579,17.379,0.000,1.637,0.000,0.000,0.000,0.000,0.000,0.000,0.000
3742,1258.808,20.708,28.575,26.412,9.563,17.374,0.000,1.637,0.000,0.000,0.000,0.000,0.000,0.000,0.000
3743,1259.131,19.263,28.553,26.402,9.548,17.369,0.000,1.636,0.000,0.000,0.000,0.000,0.000,0.000,0.000
3744,1259.455,24.152,28.532,26.392,9.532,17.364,0.000,1.636,0.000,0.000,0.000,0.000,0.000,0.000,0.000
3745,1259.779,20.633,28.510,26.382,9.516,17.359,0.000,1.635,0.000,0.000,0.000,0.000,0.000,0.000,0.000
3746,1260.102,26.893,28.488,26.372,9.499,17.354,0.000,1.635,0.000,0.000,0.000,0.000,0.000,0.000,0.000
3747,1260.426,31.893,28.466,26.362,9.483,17.349,0.000,1.634,0.000,0.000,0.000,0.000,0.000,0.000,0.000
3748,1260.750,26.226,28.443,26.352,9.466,17.344,0.000,1.634,0.000,0.000,0.000,0.000,0.000,0.000,0.000
3749,1261.073,41.115,28.421,26.342,9.449,17.339,0.000,1.633,0.000,0.000,0.000,0.000,0.000,0.000,0.000
3750,1261.397,19.300,28.398,26.332,9.431,17.334,0.000,1.633,0.000,0.000,0.000,0.000,0.000,0.000,0.000
3751,1261.721,25.226,28.375,26.322,9.414,17.328,0.000,1.632,0.000,0.000,0.000,0.000,0.000,0.000,0.000
3752,1262.044,12.449,28.351,26.312,9.396,17.323,0.000,1.632,0.000,0.000,0.000,0.000,0.000,0.000,0.000
3753,1262.368,32.375,28.328,26.302,9.378,17.318,0.000,1.631,0.000,0.000,0.000,0.000,0.000,0.000,0.000
3754,1262.692,18.708,28.304,26.292,9.360,17.313,0.000,1.631,0.000,0.000,0.000,0.000,0.000,0.000,0.000
3755,1263.015,21.078,28.280,26.282,9.342,17.308,0.000,1.630,0.000,0.000,0.000,0.000,0.000,0.000,0.000
3756,1263.339,27.634,28.256,26.272,9.323,17.302,0.000,1.630,0.000,0.000,0.000,0.000,0.000,0.000,0.000
3757,1263.663,22.115,28.232,26.262,9.305,17.297,0.000,1.629,0.000,0.000,0.000,0.000,0.000,0.000,0.000
3758,1263.986,18.486,28.207,26.252,9.286,17.292,0.000,1.629,0.000,0.000,0.000,0.000,0.000,0.000,0.000
3759,1264.310,41.079,28.182,26.242,9.267,17.287,0.000,1.628,0.000,0.000,0.000,0.000,0.000,0.000,0.000
3760,1264.634,29.300,28.158,26.232,9.248,17.282,0.000,1.628,0.000,0.000,0.000,0.000,0.000,0.000,0.000
3761,1264.957,20.893,28.133,26.222,9.229,17.276,0.000,1.627,0.000,0.000,0.000,0.000,0.000,0.000,0.000
3762,1265.281,21.856,28.108,26.212,9.209,17.271,0.000,1.627,0.000,0.000,0.000,0.000,0.000,0.000,0.000
3763,1265.604,35.671,28.082,26.202,9.190,17.266,0.000,1.626,0.000,0.000,0.000,0.000,0.000,0.000,0.000
3764,1265.928,23.559,28.057,26.192,9.170,17.261,0.000,1.626,0.000,0.000,0.000,0.000,0.000,0.000,0.000
3765,1266.252,30.671,28.031,26.182,9.151,17.255,0.000,1.625,0.000,0.000,0.000,0.000,0.000,0.000,0.000
3766,1266.575,17.560,28.006,26.171,9.131,17.250,0.000,1.625,0.000,0.000,0.000,0.000,0.000,0.000,0.000
3767,1266.899,29.893,27.980,26.161,9.111,17.245,0.000,1.624,0.000,0.000,0.000,0.000,0.000,0.000,0.000
3768,1267.222,17.523,27.954,26.151,9.091,17.240,0.000,1.624,0.000,0.000,0.000,0.000,0.000,0.000,0.000
3769,1267.546,31.411,27.928,26.141,9.070,17.234,0.000,1.623,0.000,0.000,0.000,0.000,0.000,0.000,0.000
3770,1267.870,16.819,27.902,26.131,9.050,17.229,0.000,1.623,0.000,0.000,0.000,0.000,0.000,0.000,0.000
3771,1268.193,22.523,27.876,26.121,9.030,17.224,0.000,1.622,0.000,0.000,0.000,0.000,0.000,0.000,0.000
3772,1268.517,13.523,27.849,26.111,9.009,17.218,0.000,1.622,0.000,0.000,0.000,0.000,0.000,0.000,0.000
3773,1268.840,30.523,27.823,26.101,8.989,17.213,0.000,1.621,0.000,0.000,0.000,0.000,0.000,0.000,0.000
3774,1269.164,36.522,27.797,26.091,8.968,17.208,0.000,1.621,0.000,0.000,0.000,0.000,0.000,0.000,0.000
3775,1269.487,11.115,27.770,26.081,8.948,17.202,0.000,1.620,0.000,0.000,0.000,0.000,0.000,0.000,0.000
3776,1269.811,17.116,27.744,26.071,8.927,17.197,0.000,1.620,0.000,0.000,0.000,0.000,0.000,0.000,0.000
3777,1270.135,24.300,27.717,26.061,8.906,17.192,0.000,1.619,0.000,0.000,0.000,0.000,0.000,0.000,0.000
3778,1270.458,10.190,27.690,26.051,8.885,17.186,0.000,1.619,0.000,0.000,0.000,0.000,0.000,0.000,0.000
3779,1270.782,19.300,27.664,26.041,8.865,17.181,0.000,1.618,0.000,0.000,0.000,0.000,0.000,0.000,0.000
3780,1271.105,28.819,27.637,26.031,8.844,17.175,0.000,1.618,0.000,0.000,0.000,0.000,0.000,0.000,0.000
3781,1271.429,26.264,27.610,26.021,8.823,17.170,0.000,1.617,0.000,0.000,0.000,0.000,0.000,0.000,0.000
3782,1271.752,23.041,27.583,26.011,8.802,17.165,0.000,1.617,0.000,0.000,0.000,0.000,0.000,0.000,0.000
3783,1272.076,21.153,27.556,26.001,8.781,17.159,0.000,1.616,0.000,0.000,0.000,0.000,0.000,0.000,0.000
3784,1272.399,20.967,27.529,25.991,8.760,17.154,0.000,1.616,0.000,0.000,0.000,0.000,0.000,0.000,0.000
3785,1272.723,28.412,27.503,25.981,8.739,17.148,0.000,1.615,0.000,0.000,0.000,0.000,0.000,0.000,0.000
3786,1273.046,10.967,27.476,25.971,8.718,17.143,0.000,1.614,0.000,0.000,0.000,0.000,0.000,0.000,0.000
3787,1273.370,26.042,27.449,25.961,8.697,17.137,0.000,1.614,0.000,0.000,0.000,0.000,0.000,0.000,0.000
3788,1273.693,27.078,27.422,25.951,8.677,17.132,0.000,1.613,0.000,0.000,0.000,0.000,0.000,0.000,0.000
3789,1274.017,36.115,27.395,25.941,8.656,17.126,0.000,1.613,0.000,0.000,0.000,0.000,0.000,0.000,0.000
3790,1274.340,19.708,27.368,25.931,8.635,17.121,0.000,1.612,0.000,0.000,0.000,0.000,0.000,0.000,0.000
3791,1274.664,21.967,27.341,25.920,8.614,17.115,0.000,1.612,0.000,0.000,0.000,0.000,0.000,0.000,0.000
3792,1274.987,18.893,27.315,25.910,8.593,17.110,0.000,1.611,0.000,0.000,0.000,0.000,0.000,0.000,0.000
3793,1275.311,11.449,27.288,25.900,8.573,17.104,0.000,1.611,0.000,0.000,0.000,0.000,0.000,0.000,0.000
3794,1275.634,30.745,27.261,25.890,8.552,17.099,0.000,1.610,0.000,0.000,0.000,0.000,0.000,0.000,0.000
3795,1275.958,18.264,27.234,25.880,8.531,17.093,0.000,1.610,0.000,0.000,0.000,0.000,0.000,0.000,0.000
3796,1276.281,16.968,27.208,25.870,8.511,17.088,0.000,1.609,0.000,0.000,0.000,0.000,0.000,0.000,0.000
3797,1276.605,13.930,27.181,25.860,8.490,17.082,0.000,1.609,0.000,0.000,0.000,0.000,0.000,0.000,0.000
3798,1276.928,21.931,27.155,25.850,8.470,17.077,0.000,1.608,0.000,0.000,0.000,0.000,0.000,0.000,0.000
3799,1277.252,16.190,27.128,25.840,8.450,17.071,0.000,1.607,0.000,0.000,0.000,0.000,0.000,0.000,0.000
3800,1277.575,21.190,27.102,25.830,8.429,17.066,0.000,1.607,0.000,0.000,0.000,0.000,0.000,0.000,0.000
3801,1277.899,25.301,27.075,25.820,8.409,17.060,0.000,1.606,0.000,0.000,0.000,0.000,0.000,0.000,0.000
3802,1278.222,21.486,27.049,25.810,8.389,17.054,0.000,1.606,0.000,0.000,0.000,0.000,0.000,0.000,0.000
3803,1278.546,23.004,27.023,25.800,8.369,17.049,0.000,1.605,0.000,0.000,0.000,0.000,0.000,0.000,0.000
3804,1278.869,17.375,26.997,25.790,8.349,17.043,0.000,1.605,0.000,0.000,0.000,0.000,0.000,0.000,0.000
3805,1279.193,34.634,26.971,25.780,8.329,17.038,0.000,1.604,0.000,0.000,0.000,0.000,0.000,0.000,0.000
3806,1279.516,22.857,26.945,25.770,8.310,17.032,0.000,1.604,0.000,0.000,0.000,0.000,0.000,0.000,0.000
3807,1279.840,26.190,26.919,25.760,8.290,17.026,0.000,1.603,0.000,0.000,0.000,0.000,0.000,0.000,0.000
3808,1280.163,27.338,26.894,25.750,8.270,17.021,0.000,1.603,0.000,0.000,0.000,0.000,0.000,0.000,0.000
3809,1280.486,17.560,26.868,25.740,8.251,17.015,0.000,1.602,0.000,0.000,0.000,0.000,0.000,0.000,0.000
3810,1280.810,23.560,26.843,25.730,8.232,17.009,0.000,1.601,0.000,0.000,0.000,0.000,0.000,0.000,0.000
3811,1281.133,32.338,26.817,25.720,8.213,17.004,0.000,1.601,0.000,0.000,0.000,0.000,0.000,0.000,0.000
3812,1281.457,33.116,26.792,25.710,8.194,16.998,0.000,1.600,0.000,0.000,0.000,0.000,0.000,0.000,0.000
3813,1281.780,14.191,26.767,25.700,8.175,16.992,0.000,1.600,0.000,0.000,0.000,0.000,0.000,0.000,0.000
3814,1282.104,26.078,26.742,25.690,8.156,16.987,0.000,1.599,0.000,0.000,0.000,0.000,0.000,0.000,0.000
3815,1282.427,24.857,26.717,25.679,8.137,16.981,0.000,1.599,0.000,0.000,0.000,0.000,0.000,0.000,0.000
3816,1282.750,32.857,26.692,25.669,8.119,16.975,0.000,1.598,0.000,0.000,0.000,0.000,0.000,0.000,0.000
3817,1283.074,15.819,26.668,25.659,8.100,16.970,0.000,1.598,0.000,0.000,0.000,0.000,0.000,0.000,0.000
3818,1283.397,23.783,26.643,25.649,8.082,16.964,0.000,1.597,0.000,0.000,0.000,0.000,0.000,0.000,0.000
3819,1283.721,17.894,26.619,25.639,8.064,16.958,0.000,1.596,0.000,0.000,0.000,0.000,0.000,0.000,0.000
3820,1284.044,22.449,26.595,25.629,8.046,16.953,0.000,1.596,0.000,0.000,0.000,0.000,0.000,0.000,0.000
3821,1284.367,20.338,26.571,25.619,8.028,16.947,0.000,1.595,0.000,0.000,0.000,0.000,0.000,0.000,0.000
3822,1284.691,25.228,26.547,25.609,8.011,16.941,0.000,1.595,0.000,0.000,0.000,0.000,0.000,0.000,0.000
3823,1285.014,23.264,26.523,25.599,7.993,16.936,0.000,1.594,0.000,0.000,0.000,0.000,0.000,0.000,0.000
3824,1285.338,12.042,26.499,25.589,7.976,16.930,0.000,1.594,0.000,0.000,0.000,0.000,0.000,0.000,0.000
3825,1285.661,24.301,26.476,25.579,7.959,16.924,0.000,1.593,0.000,0.000,0.000,0.000,0.000,0.000,0.000
3826,1285.984,23.116,26.453,25.569,7.942,16.918,0.000,1.592,0.000,0.000,0.000,0.000,0.000,0.000,0.000
3827,1286.308,29.153,26.430,25.559,7.925,16.913,0.000,1.592,0.000,0.000,0.000,0.000,0.000,0.000,0.000
3828,1286.631,29.004,26.407,25.549,7.909,16.907,0.000,1.591,0.000,0.000,0.000,0.000,0.000,0.000,0.000
3829,1286.954,18.376,26.384,25.539,7.892,16.901,0.000,1.591,0.000,0.000,0.000,0.000,0.000,0.000,0.000
3830,1287.278,26.190,26.361,25.529,7.876,16.895,0.000,1.590,0.000,0.000,0.000,0.000,0.000,0.000,0.000
3831,1287.601,15.301,26.339,25.519,7.860,16.890,0.000,1.590,0.000,0.000,0.000,0.000,0.000,0.000,0.000
3832,1287.924,23.227,26.317,25.509,7.844,16.884,0.000,1.589,0.000,0.000,0.000,0.000,0.000,0.000,0.000
3833,1288.248,27.302,26.294,25.499,7.828,16.878,0.000,1.588,0.000,0.000,0.000,0.000,0.000,0.000,0.000
3834,1288.571,17.116,26.272,25.489,7.812,16.872,0.000,1.588,0.000,0.000,0.000,0.000,0.000,0.000,0.000
3835,1288.895,28.783,26.251,25.479,7.797,16.867,0.000,1.587,0.000,0.000,0.000,0.000,0.000,0.000,0.000
3836,1289.218,15.264,26.229,25.469,7.782,16.861,0.000,1.587,0.000,0.000,0.000,0.000,0.000,0.000,0.000
3837,1289.541,32.857,26.208,25.459,7.766,16.855,0.000,1.586,0.000,0.000,0.000,0.000,0.000,0.000,0.000
3838,1289.865,17.708,26.186,25.449,7.752,16.849,0.000,1.586,0.000,0.000,0.000,0.000,0.000,0.000,0.000
3839,1290.188,23.375,26.165,25.439,7.737,16.843,0.000,1.585,0.000,0.000,0.000,0.000,0.000,0.000,0.000
3840,1290.511,22.893,26.144,25.428,7.722,16.838,0.000,1.584,0.000,0.000,0.000,0.000,0.000,0.000,0.000
3841,1290.835,22.709,26.124,25.418,7.708,16.832,0.000,1.584,0.000,0.000,0.000,0.000,0.000,0.000,0.000
3842,1291.158,8.153,26.103,25.408,7.694,16.826,0.000,1.583,0.000,0.000,0.000,0.000,0.000,0.000,0.000
3843,1291.481,21.635,26.083,25.398,7.680,16.820,0.000,1.583,0.000,0.000,0.000,0.000,0.000,0.000,0.000
3844,1291.805,26.746,26.063,25.388,7.666,16.815,0.000,1.582,0.000,0.000,0.000,0.000,0.000,0.000,0.000
3845,1292.128,16.376,26.043,25.378,7.652,16.809,0.000,1.582,0.000,0.000,0.000,0.000,0.000,0.000,0.000
3846,1292.451,17.487,26.023,25.368,7.639,16.803,0.000,1.581,0.000,0.000,0.000,0.000,0.000,0.000,0.000
3847,1292.774,23.486,26.003,25.358,7.626,16.797,0.000,1.580,0.000,0.000,0.000,0.000,0.000,0.000,0.000
3848,1293.098,19.598,25.984,25.348,7.612,16.792,0.000,1.580,0.000,0.000,0.000,0.000,0.000,0.000,0.000
3849,1293.421,34.190,25.965,25.338,7.600,16.786,0.000,1.579,0.000,0.000,0.000,0.000,0.000,0.000,0.000
3850,1293.744,23.486,25.946,25.328,7.587,16.780,0.000,1.579,0.000,0.000,0.000,0.000,0.000,0.000,0.000
3851,1294.068,17.709,25.927,25.318,7.574,16.774,0.000,1.578,0.000,0.000,0.000,0.000,0.000,0.000,0.000
3852,1294.391,23.635,25.908,25.308,7.562,16.768,0.000,1.577,0.000,0.000,0.000,0.000,0.000,0.000,0.000
3853,1294.714,18.523,25.889,25.298,7.550,16.763,0.000,1.577,0.000,0.000,0.000,0.000,0.000,0.000,0.000
3854,1295.038,15.116,25.871,25.288,7.538,16.757,0.000,1.576,0.000,0.000,0.000,0.000,0.000,0.000,0.000
3855,1295.361,30.264,25.853,25.278,7.526,16.751,0.000,1.576,0.000,0.000,0.000,0.000,0.000,0.000,0.000
3856,1295.684,34.560,25.835,25.268,7.514,16.745,0.000,1.575,0.000,0.000,0.000,0.000,0.000,0.000,0.000
3857,1296.007,26.746,25.817,25.258,7.503,16.740,0.000,1.575,0.000,0.000,0.000,0.000,0.000,0.000,0.000
3858,1296.331,24.117,25.800,25.248,7.492,16.734,0.000,1.574,0.000,0.000,0.000,0.000,0.000,0.000,0.000
3859,1296.654,25.746,25.782,25.238,7.481,16.728,0.000,1.573,0.000,0.000,0.000,0.000,0.000,0.000,0.000
3860,1296.977,27.339,25.765,25.228,7.470,16.722,0.000,1.573,0.000,0.000,0.000,0.000,0.000,0.000,0.000
3861,1297.301,15.487,25.748,25.218,7.459,16.717,0.000,1.572,0.000,0.000,0.000,0.000,0.000,0.000,0.000
3862,1297.624,28.931,25.731,25.208,7.449,16.711,0.000,1.572,0.000,0.000,0.000,0.000,0.000,0.000,0.000
3863,1297.947,7.783,25.714,25.198,7.438,16.705,0.000,1.571,0.000,0.000,0.000,0.000,0.000,0.000,0.000
3864,1298.270,19.413,25.698,25.188,7.428,16.699,0.000,1.570,0.000,0.000,0.000,0.000,0.000,0.000,0.000
3865,1298.594,20.635,25.682,25.177,7.418,16.694,0.000,1.570,0.000,0.000,0.000,0.000,0.000,0.000,0.000
3866,1298.917,24.191,25.665,25.167,7.408,16.688,0.000,1.569,0.000,0.000,0.000,0.000,0.000,0.000,0.000
3867,1299.240,14.153,25.649,25.157,7.399,16.682,0.000,1.569,0.000,0.000,0.000,0.000,0.000,0.000,0.000
3868,1299.563,23.894,25.634,25.147,7.389,16.676,0.000,1.568,0.000,0.000,0.000,0.000,0.000,0.000,0.000
3869,1299.887,22.524,25.618,25.137,7.380,16.671,0.000,1.567,0.000,0.000,0.000,0.000,0.000,0.000,0.000
3870,1300.210,20.635,25.603,25.127,7.371,16.665,0.000,1.567,0.000,0.000,0.000,0.000,0.000,0.000,0.000
3871,1300.533,20.746,25.587,25.117,7.362,16.659,0.000,1.566,0.000,0.000,0.000,0.000,0.000,0.000,0.000
3872,1300.856,13.302,25.572,25.107,7.353,16.654,0.000,1.566,0.000,0.000,0.000,0.000,0.000,0.000,0.000
3873,1301.180,26.746,25.557,25.097,7.344,16.648,0.000,1.565,0.000,0.000,0.000,0.000,0.000,0.000,0.000
3874,1301.503,18.931,25.543,25.087,7.336,16.642,0.000,1.565,0.000,0.000,0.000,0.000,0.000,0.000,0.000
3875,1301.826,25.005,25.528,25.077,7.328,16.637,0.000,1.564,0.000,0.000,0.000,0.000,0.000,0.000,0.000
3876,1302.149,18.153,25.514,25.067,7.319,16.631,0.000,1.563,0.000,0.000,0.000,0.000,0.000,0.000,0.000
3877,1302.473,23.709,25.499,25.057,7.311,16.625,0.000,1.563,0.000,0.000,0.000,0.000,0.000,0.000,0.000
3878,1302.796,20.969,25.485,25.047,7.304,16.620,0.000,1.562,0.000,0.000,0.000,0.000,0.000,0.000,0.000
3879,1303.119,16.561,25.472,25.037,7.296,16.614,0.000,1.562,0.000,0.000,0.000,0.000,0.000,0.000,0.000
3880,1303.442,28.672,25.458,25.027,7.288,16.608,0.000,1.561,0.000,0.000,0.000,0.000,0.000,0.000,0.000
3881,1303.765,38.450,25.444,25.017,7.281,16.603,0.000,1.560,0.000,0.000,0.000,0.000,0.000,0.000,0.000
3882,1304.089,19.005,25.431,25.007,7.274,16.597,0.000,1.560,0.000,0.000,0.000,0.000,0.000,0.000,0.000
3883,1304.412,25.228,25.418,24.997,7.267,16.592,0.000,1.559,0.000,0.000,0.000,0.000,0.000,0.000,0.000
3884,1304.735,10.562,25.405,24.987,7.260,16.586,0.000,1.559,0.000,0.000,0.000,0.000,0.000,0.000,0.000
3885,1305.058,17.857,25.392,24.977,7.253,16.580,0.000,1.558,0.000,0.000,0.000,0.000,0.000,0.000,0.000
3886,1305.381,24.598,25.379,24.967,7.247,16.575,0.000,1.557,0.000,0.000,0.000,0.000,0.000,0.000,0.000
3887,1305.705,13.413,25.367,24.957,7.240,16.569,0.000,1.557,0.000,0.000,0.000,0.000,0.000,0.000,0.000
3888,1306.028,17.080,25.354,24.947,7.234,16.564,0.000,1.556,0.000,0.000,0.000,0.000,0.000,0.000,0.000
3889,1306.351,30.043,25.342,24.936,7.228,16.558,0.000,1.556,0.000,0.000,0.000,0.000,0.000,0.000,0.000
3890,1306.674,23.339,25.330,24.926,7.222,16.553,0.000,1.555,0.000,0.000,0.000,0.000,0.000,0.000,0.000
3891,1306.997,20.006,25.318,24.916,7.216,16.547,0.000,1.554,0.000,0.000,0.000,0.000,0.000,0.000,0.000
3892,1307.321,19.562,25.306,24.906,7.211,16.542,0.000,1.554,0.000,0.000,0.000,0.000,0.000,0.000,0.000
3893,1307.644,24.932,25.295,24.896,7.205,16.536,0.000,1.553,0.000,0.000,0.000,0.000,0.000,0.000,0.000
3894,1307.967,23.005,25.283,24.886,7.200,16.531,0.000,1.553,0.000,0.000,0.000,0.000,0.000,0.000,0.000
3895,1308.290,33.672,25.272,24.876,7.195,16.525,0.000,1.552,0.000,0.000,0.000,0.000,0.000,0.000,0.000
3896,1308.613,25.117,25.261,24.866,7.190,16.520,0.000,1.552,0.000,0.000,0.000,0.000,0.000,0.000,0.000
3897,1308.937,21.598,25.250,24.856,7.185,16.514,0.000,1.551,0.000,0.000,0.000,0.000,0.000,0.000,0.000
3898,1309.260,21.153,25.239,24.846,7.180,16.509,0.000,1.550,0.000,0.000,0.000,0.000,0.000,0.000,0.000
3899,1309.583,20.191,25.229,24.836,7.176,16.503,0.000,1.550,0.000,0.000,0.000,0.000,0.000,0.000,0.000
3900,1309.906,34.821,25.218,24.826,7.171,16.498,0.000,1.549,0.000,0.000,0.000,0.000,0.000,0.000,0.000
3901,1310.229,28.154,25.208,24.816,7.167,16.492,0.000,1.549,0.000,0.000,0.000,0.000,0.000,0.000,0.000
3902,1310.552,28.561,25.197,24.806,7.162,16.487,0.000,1.548,0.000,0.000,0.000,0.000,0.000,0.000,0.000
3903,1310.876,30.376,25.187,24.796,7.158,16.482,0.000,1.547,0.000,0.000,0.000,0.000,0.000,0.000,0.000
3904,1311.199,40.635,25.177,24.786,7.154,16.476,0.000,1.547,0.000,0.000,0.000,0.000,0.000,0.000,0.000
3905,1311.522,27.154,25.167,24.776,7.150,16.471,0.000,1.546,0.000,0.000,0.000,0.000,0.000,0.000,0.000
3906,1311.845,20.376,25.158,24.766,7.147,16.466,0.000,1.546,0.000,0.000,0.000,0.000,0.000,0.000,0.000
3907,1312.168,18.339,25.148,24.756,7.143,16.460,0.000,1.545,0.000,0.000,0.000,0.000,0.000,0.000,0.000
3908,1312.491,27.969,25.139,24.746,7.139,16.455,0.000,1.544,0.000,0.000,0.000,0.000,0.000,0.000,0.000
3909,1312.815,13.414,25.130,24.736,7.136,16.450,0.000,1.544,0.000,0.000,0.000,0.000,0.000,0.000,0.000
3910,1313.138,29.858,25.120,24.726,7.133,16.445,0.000,1.543,0.000,0.000,0.000,0.000,0.000,0.000,0.000
3911,1313.461,32.672,25.111,24.716,7.130,16.439,0.000,1.543,0.000,0.000,0.000,0.000,0.000,0.000,0.000
3912,1313.784,17.562,25.103,24.706,7.127,16.434,0.000,1.542,0.000,0.000,0.000,0.000,0.000,0.000,0.000
3913,1314.107,29.784,25.094,24.696,7.124,16.429,0.000,1.541,0.000,0.000,0.000,0.000,0.000,0.000,0.000
3914,1314.430,18.784,25.085,24.685,7.121,16.424,0.000,1.541,0.000,0.000,0.000,0.000,0.000,0.000,0.000
3915,1314.753,22.414,25.077,24.675,7.118,16.418,0.000,1.540,0.000,0.000,0.000,0.000,0.000,0.000,0.000
3916,1315.077,35.043,25.068,24.665,7.116,16.413,0.000,1.540,0.000,0.000,0.000,0.000,0.000,0.000,0.000
3917,1315.400,28.228,25.060,24.655,7.113,16.408,0.000,1.539,0.000,0.000,0.000,0.000,0.000,0.000,0.000
3918,1315.723,28.599,25.052,24.645,7.111,16.403,0.000,1.538,0.000,0.000,0.000,0.000,0.000,0.000,0.000
3919,1316.046,30.895,25.044,24.635,7.109,16.398,0.000,1.538,0.000,0.000,0.000,0.000,0.000,0.000,0.000
3920,1316.369,22.969,25.037,24.625,7.106,16.393,0.000,1.537,0.000,0.000,0.000,0.000,0.000,0.000,0.000
3921,1316.692,30.191,25.029,24.615,7.105,16.388,0.000,1.537,0.000,0.000,0.000,0.000,0.000,0.000,0.000
3922,1317.015,26.969,25.021,24.605,7.103,16.383,0.000,1.536,0.000,0.000,0.000,0.000,0.000,0.000,0.000
3923,1317.338,21.561,25.014,24.595,7.101,16.378,0.000,1.536,0.000,0.000,0.000,0.000,0.000,0.000,0.000
3924,1317.662,19.154,25.007,24.585,7.099,16.373,0.000,1.535,0.000,0.000,0.000,0.000,0.000,0.000,0.000
3925,1317.985,31.746,25.000,24.575,7.098,16.368,0.000,1.534,0.000,0.000,0.000,0.000,0.000,0.000,0.000
3926,1318.308,21.191,24.993,24.565,7.096,16.363,0.000,1.534,0.000,0.000,0.000,0.000,0.000,0.000,0.000
3927,1318.631,26.859,24.986,24.555,7.095,16.358,0.000,1.533,0.000,0.000,0.000,0.000,0.000,0.000,0.000
3928,1318.954,42.895,24.979,24.545,7.094,16.353,0.000,1.533,0.000,0.000,0.000,0.000,0.000,0.000,0.000
3929,1319.277,16.451,24.973,24.535,7.093,16.348,0.000,1.532,0.000,0.000,0.000,0.000,0.000,0.000,0.000
3930,1319.600,40.006,24.966,24.525,7.092,16.343,0.000,1.531,0.000,0.000,0.000,0.000,0.000,0.000,0.000
3931,1319.923,26.969,24.960,24.515,7.091,16.338,0.000,1.531,0.000,0.000,0.000,0.000,0.000,0.000,0.000
3932,1320.247,30.932,24.954,24.505,7.090,16.333,0.000,1.530,0.000,0.000,0.000,0.000,0.000,0.000,0.000
3933,1320.570,6.673,24.947,24.495,7.090,16.328,0.000,1.530,0.000,0.000,0.000,0.000,0.000,0.000,0.000
3934,1320.893,36.377,24.941,24.485,7.089,16.323,0.000,1.529,0.000,0.000,0.000,0.000,0.000,0.000,0.000
3935,1321.216,14.525,24.935,24.475,7.089,16.318,0.000,1.529,0.000,0.000,0.000,0.000,0.000,0.000,0.000
3936,1321.539,20.229,24.930,24.465,7.089,16.313,0.000,1.528,0.000,0.000,0.000,0.000,0.000,0.000,0.000
3937,1321.862,26.117,24.924,24.455,7.088,16.308,0.000,1.527,0.000,0.000,0.000,0.000,0.000,0.000,0.000
3938,1322.185,19.599,24.918,24.445,7.088,16.303,0.000,1.527,0.000,0.000,0.000,0.000,0.000,0.000,0.000
3939,1322.508,33.413,24.913,24.434,7.088,16.298,0.000,1.526,0.000,0.000,0.000,0.000,0.000,0.000,0.000
3940,1322.831,22.896,24.907,24.424,7.088,16.293,0.000,1.526,0.000,0.000,0.000,0.000,0.000,0.000,0.000
3941,1323.154,31.191,24.902,24.414,7.088,16.288,0.000,1.525,0.000,0.000,0.000,0.000,0.000,0.000,0.000
3942,1323.478,26.970,24.897,24.404,7.089,16.284,0.000,1.524,0.000,0.000,0.000,0.000,0.000,0.000,0.000
3943,1323.801,27.599,24.891,24.394,7.089,16.279,0.000,1.524,0.000,0.000,0.000,0.000,0.000,0.000,0.000
3944,1324.124,26.673,24.886,24.384,7.089,16.274,0.000,1.523,0.000,0.000,0.000,0.000,0.000,0.000,0.000
3945,1324.447,24.488,24.881,24.374,7.090,16.269,0.000,1.523,0.000,0.000,0.000,0.000,0.000,0.000,0.000
3946,1324.770,28.192,24.877,24.364,7.091,16.264,0.000,1.522,0.000,0.000,0.000,0.000,0.000,0.000,0.000
3947,1325.093,15.673,24.872,24.354,7.091,16.259,0.000,1.522,0.000,0.000,0.000,0.000,0.000,0.000,0.000
3948,1325.416,26.636,24.867,24.344,7.092,16.254,0.000,1.521,0.000,0.000,0.000,0.000,0.000,0.000,0.000
3949,1325.739,22.007,24.863,24.334,7.093,16.249,0.000,1.520,0.000,0.000,0.000,0.000,0.000,0.000,0.000
3950,1326.062,21.525,24.858,24.324,7.094,16.244,0.000,1.520,0.000,0.000,0.000,0.000,0.000,0.000,0.000
3951,1326.385,29.006,24.854,24.314,7.095,16.239,0.000,1.519,0.000,0.000,0.000,0.000,0.000,0.000,0.000
3952,1326.708,26.859,24.850,24.304,7.097,16.234,0.000,1.519,0.000,0.000,0.000,0.000,0.000,0.000,0.000
3953,1327.031,15.637,24.845,24.294,7.098,16.229,0.000,1.518,0.000,0.000,0.000,0.000,0.000,0.000,0.000
3954,1327.354,21.859,24.841,24.284,7.099,16.225,0.000,1.518,0.000,0.000,0.000,0.000,0.000,0.000,0.000
3955,1327.678,25.303,24.837,24.274,7.101,16.220,0.000,1.517,0.000,0.000,0.000,0.000,0.000,0.000,0.000
3956,1328.001,38.377,24.833,24.264,7.102,16.215,0.000,1.516,0.000,0.000,0.000,0.000,0.000,0.000,0.000
3957,1328.324,25.711,24.830,24.254,7.104,16.210,0.000,1.516,0.000,0.000,0.000,0.000,0.000,0.000,0.000
3958,1328.647,24.525,24.826,24.244,7.106,16.205,0.000,1.515,0.000,0.000,0.000,0.000,0.000,0.000,0.000
3959,1328.970,13.340,24.822,24.234,7.108,16.200,0.000,1.515,0.000,0.000,0.000,0.000,0.000,0.000,0.000
3960,1329.293,18.859,24.819,24.224,7.110,16.195,0.000,1.514,0.000,0.000,0.000,0.000,0.000,0.000,0.000
3961,1329.616,21.340,24.815,24.214,7.112,16.190,0.000,1.514,0.000,0.000,0.000,0.000,0.000,0.000,0.000
3962,1329.939,27.044,24.812,24.204,7.114,16.185,0.000,1.513,0.000,0.000,0.000,0.000,0.000,0.000,0.000
3963,1330.262,33.970,24.809,24.194,7.116,16.180,0.000,1.512,0.000,0.000,0.000,0.000,0.000,0.000,0.000
3964,1330.585,31.377,24.806,24.183,7.119,16.175,0.000,1.512,0.000,0.000,0.000,0.000,0.000,0.000,0.000
3965,1330.908,19.340,24.802,24.173,7.121,16.170,0.000,1.511,0.000,0.000,0.000,0.000,0.000,0.000,0.000
3966,1331.231,26.118,24.799,24.163,7.124,16.165,0.000,1.511,0.000,0.000,0.000,0.000,0.000,0.000,0.000
3967,1331.554,23.082,24.797,24.153,7.126,16.160,0.000,1.510,0.000,0.000,0.000,0.000,0.000,0.000,0.000
3968,1331.877,25.822,24.794,24.143,7.129,16.155,0.000,1.510,0.000,0.000,0.000,0.000,0.000,0.000,0.000
3969,1332.200,23.266,24.791,24.133,7.132,16.150,0.000,1.509,0.000,0.000,0.000,0.000,0.000,0.000,0.000
3970,1332.523,28.303,24.788,24.123,7.135,16.145,0.000,1.508,0.000,0.000,0.000,0.000,0.000,0.000,0.000
3971,1332.847,32.933,24.786,24.113,7.138,16.140,0.000,1.508,0.000,0.000,0.000,0.000,0.000,0.000,0.000
3972,1333.170,22.155,24.784,24.103,7.141,16.135,0.000,1.507,0.000,0.000,0.000,0.000,0.000,0.000,0.000
3973,1333.493,26.415,24.781,24.093,7.145,16.130,0.000,1.507,0.000,0.000,0.000,0.000,0.000,0.000,0.000
3974,1333.816,5.823,24.779,24.083,7.148,16.125,0.000,1.506,0.000,0.000,0.000,0.000,0.000,0.000,0.000
3975,1334.139,22.340,24.777,24.073,7.151,16.120,0.000,1.506,0.000,0.000,0.000,0.000,0.000,0.000,0.000
3976,1334.462,23.563,24.775,24.063,7.155,16.115,0.000,1.505,0.000,0.000,0.000,0.000,0.000,0.000,0.000
3977,1334.785,33.267,24.773,24.053,7.159,16.110,0.000,1.504,0.000,0.000,0.000,0.000,0.000,0.000,0.000
3978,1335.108,21.304,24.771,24.043,7.162,16.105,0.000,1.504,0.000,0.000,0.000,0.000,0.000,0.000,0.000
3979,1335.431,44.230,24.769,24.033,7.166,16.099,0.000,1.503,0.000,0.000,0.000,0.000,0.000,0.000,0.000
3980,1335.754,32.045,24.768,24.023,7.170,16.094,0.000,1.503,0.000,0.000,0.000,0.000,0.000,0.000,0.000
3981,1336.077,19.006,24.766,24.013,7.175,16.089,0.000,1.502,0.000,0.000,0.000,0.000,0.000,0.000,0.000
3982,1336.400,37.377,24.765,24.003,7.179,16.084,0.000,1.502,0.000,0.000,0.000,0.000,0.000,0.000,0.000
3983,1336.723,23.192,24.763,23.993,7.183,16.079,0.000,1.501,0.000,0.000,0.000,0.000,0.000,0.000,0.000
3984,1337.046,18.600,24.762,23.983,7.187,16.074,0.000,1.501,0.000,0.000,0.000,0.000,0.000,0.000,0.000
3985,1337.369,24.563,24.761,23.973,7.192,16.069,0.000,1.500,0.000,0.000,0.000,0.000,0.000,0.000,0.000
3986,1337.692,22.563,24.760,23.963,7.197,16.063,0.000,1.500,0.000,0.000,0.000,0.000,0.000,0.000,0.000
3987,1338.015,15.489,24.759,23.953,7.202,16.058,0.000,1.499,0.000,0.000,0.000,0.000,0.000,0.000,0.000
3988,1338.338,12.600,24.758,23.942,7.206,16.053,0.000,1.499,0.000,0.000,0.000,0.000,0.000,0.000,0.000
3989,1338.661,11.452,24.757,23.932,7.212,16.048,0.000,1.498,0.000,0.000,0.000,0.000,0.000,0.000,0.000
3990,1338.984,22.415,24.757,23.922,7.217,16.042,0.000,1.498,0.000,0.000,0.000,0.000,0.000,0.000,0.000
3991,1339.307,21.378,24.756,23.912,7.222,16.037,0.000,1.497,0.000,0.000,0.000,0.000,0.000,0.000,0.000
3992,1339.630,22.674,24.756,23.902,7.227,16.032,0.000,1.496,0.000,0.000,0.000,0.000,0.000,0.000,0.000
3993,1339.953,14.749,24.755,23.892,7.233,16.027,0.000,1.496,0.000,0.000,0.000,0.000,0.000,0.000,0.000
3994,1340.276,28.415,24.755,23.882,7.239,16.021,0.000,1.495,0.000,0.000,0.000,0.000,0.000,0.000,0.000
3995,1340.599,18.786,24.755,23.872,7.244,16.016,0.000,1.495,0.000,0.000,0.000,0.000,0.000,0.000,0.000
3996,1340.922,27.823,24.755,23.862,7.250,16.011,0.000,1.494,0.000,0.000,0.000,0.000,0.000,0.000,0.000
3997,1341.246,24.749,24.755,23.852,7.256,16.005,0.000,1.494,0.000,0.000,0.000,0.000,0.000,0.000,0.000
3998,1341.569,8.082,24.756,23.842,7.263,16.000,0.000,1.493,0.000,0.000,0.000,0.000,0.000,0.000,0.000
3999,1341.892,28.415,24.756,23.832,7.269,15.994,0.000,1.493,0.000,0.000,0.000,0.000,0.000,0.000,0.000
4000,1342.215,30.340,24.757,23.822,7.276,15.989,0.000,1.492,0.000,0.000,0.000,0.000,0.000,0.000,0.000
4001,1342.538,22.637,24.757,23.812,7.282,15.984,0.000,1.492,0.000,0.000,0.000,0.000,0.000,0.000,0.000
4002,1342.861,12.749,24.758,23.802,7.289,15.978,0.000,1.491,0.000,0.000,0.000,0.000,0.000,0.000,0.000
4003,1343.184,23.934,24.759,23.792,7.296,15.973,0.000,1.491,0.000,0.000,0.000,0.000,0.000,0.000,0.000
4004,1343.507,17.823,24.760,23.782,7.303,15.967,0.000,1.490,0.000,0.000,0.000,0.000,0.000,0.000,0.000
4005,1343.830,28.526,24.761,23.772,7.310,15.962,0.000,1.489,0.000,0.000,0.000,0.000,0.000,0.000,0.000
4006,1344.153,31.082,24.762,23.762,7.317,15.956,0.000,1.489,0.000,0.000,0.000,0.000,0.000,0.000,0.000
4007,1344.476,17.083,24.764,23.752,7.325,15.951,0.000,1.488,0.000,0.000,0.000,0.000,0.000,0.000,0.000
4008,1344.799,15.304,24.765,23.742,7.332,15.945,0.000,1.488,0.000,0.000,0.000,0.000,0.000,0.000,0.000
4009,1345.122,30.749,24.767,23.732,7.340,15.939,0.000,1.487,0.000,0.000,0.000,0.000,0.000,0.000,0.000
4010,1345.445,29.638,24.769,23.722,7.348,15.934,0.000,1.487,0.000,0.000,0.000,0.000,0.000,0.000,0.000
4011,1345.768,14.193,24.770,23.712,7.356,15.928,0.000,1.486,0.000,0.000,0.000,0.000,0.000,0.000,0.000
4012,1346.091,9.453,24.772,23.702,7.364,15.923,0.000,1.486,0.000,0.000,0.000,0.000,0.000,0.000,0.000
4013,1346.414,25.897,24.774,23.691,7.372,15.917,0.000,1.485,0.000,0.000,0.000,0.000,0.000,0.000,0.000
4014,1346.737,27.490,24.776,23.681,7.380,15.911,0.000,1.485,0.000,0.000,0.000,0.000,0.000,0.000,0.000
4015,1347.060,32.786,24.778,23.671,7.388,15.906,0.000,1.484,0.000,0.000,0.000,0.000,0.000,0.000,0.000
4016,1347.383,20.379,24.780,23.661,7.396,15.900,0.000,1.484,0.000,0.000,0.000,0.000,0.000,0.000,0.000
4017,1347.706,16.675,24.782,23.651,7.404,15.894,0.000,1.483,0.000,0.000,0.000,0.000,0.000,0.000,0.000
4018,1348.029,29.860,24.784,23.641,7.413,15.888,0.000,1.483,0.000,0.000,0.000,0.000,0.000,0.000,0.000
4019,1348.352,30.121,24.786,23.631,7.421,15.883,0.000,1.482,0.000,0.000,0.000,0.000,0.000,0.000,0.000
4020,1348.675,27.971,24.788,23.621,7.429,15.877,0.000,1.482,0.000,0.000,0.000,0.000,0.000,0.000,0.000
4021,1348.998,14.231,24.790,23.611,7.438,15.871,0.000,1.481,0.000,0.000,0.000,0.000,0.000,0.000,0.000
4022,1349.321,15.454,24.792,23.601,7.446,15.865,0.000,1.481,0.000,0.000,0.000,0.000,0.000,0.000,0.000
4023,1349.644,27.602,24.794,23.591,7.454,15.859,0.000,1.480,0.000,0.000,0.000,0.000,0.000,0.000,0.000
4024,1349.967,20.861,24.796,23.581,7.463,15.853,0.000,1.480,0.000,0.000,0.000,0.000,0.000,0.000,0.000
4025,1350.290,20.527,24.798,23.571,7.471,15.847,0.000,1.479,0.000,0.000,0.000,0.000,0.000,0.000,0.000
4026,1350.613,25.934,24.800,23.561,7.480,15.842,0.000,1.479,0.000,0.000,0.000,0.000,0.000,0.000,0.000
4027,1350.936,7.046,24.802,23.551,7.488,15.836,0.000,1.478,0.000,0.000,0.000,0.000,0.000,0.000,0.000
4028,1351.259,36.046,24.804,23.541,7.497,15.830,0.000,1.478,0.000,0.000,0.000,0.000,0.000,0.000,0.000
4029,1351.582,14.676,24.806,23.531,7.505,15.824,0.000,1.477,0.000,0.000,0.000,0.000,0.000,0.000,0.000
4030,1351.905,20.269,24.808,23.521,7.514,15.818,0.000,1.477,0.000,0.000,0.000,0.000,0.000,0.000,0.000
4031,1352.228,18.824,24.810,23.511,7.523,15.812,0.000,1.476,0.000,0.000,0.000,0.000,0.000,0.000,0.000
4032,1352.551,38.861,24.812,23.501,7.531,15.806,0.000,1.476,0.000,0.000,0.000,0.000,0.000,0.000,0.000
4033,1352.874,34.602,24.814,23.491,7.540,15.799,0.000,1.475,0.000,0.000,0.000,0.000,0.000,0.000,0.000
4034,1353.197,24.379,24.816,23.481,7.548,15.793,0.000,1.475,0.000,0.000,0.000,0.000,0.000,0.000,0.000
4035,1353.520,19.491,24.818,23.471,7.557,15.787,0.000,1.474,0.000,0.000,0.000,0.000,0.000,0.000,0.000
4036,1353.843,33.565,24.820,23.461,7.565,15.781,0.000,1.474,0.000,0.000,0.000,0.000,0.000,0.000,0.000
4037,1354.166,26.342,24.822,23.451,7.574,15.775,0.000,1.473,0.000,0.000,0.000,0.000,0.000,0.000,0.000
4038,1354.489,11.343,24.824,23.440,7.583,15.769,0.000,1.473,0.000,0.000,0.000,0.000,0.000,0.000,0.000
4039,1354.812,22.380,24.826,23.430,7.591,15.763,0.000,1.472,0.000,0.000,0.000,0.000,0.000,0.000,0.000
4040,1355.135,11.750,24.828,23.420,7.600,15.756,0.000,1.472,0.000,0.000,0.000,0.000,0.000,0.000,0.000
4041,1355.458,24.713,24.830,23.410,7.608,15.750,0.000,1.471,0.000,0.000,0.000,0.000,0.000,0.000,0.000
4042,1355.781,12.453,24.831,23.400,7.617,15.744,0.000,1.471,0.000,0.000,0.000,0.000,0.000,0.000,0.000
4043,1356.104,41.010,24.833,23.390,7.625,15.738,0.000,1.470,0.000,0.000,0.000,0.000,0.000,0.000,0.000
4044,1356.427,13.825,24.835,23.380,7.634,15.731,0.000,1.470,0.000,0.000,0.000,0.000,0.000,0.000,0.000
4045,1356.750,20.602,24.837,23.370,7.642,15.725,0.000,1.469,0.000,0.000,0.000,0.000,0.000,0.000,0.000
4046,1357.073,33.342,24.838,23.360,7.651,15.719,0.000,1.469,0.000,0.000,0.000,0.000,0.000,0.000,0.000
4047,1357.396,19.789,24.840,23.350,7.659,15.712,0.000,1.468,0.000,0.000,0.000,0.000,0.000,0.000,0.000
4048,1357.719,28.380,24.841,23.340,7.667,15.706,0.000,1.468,0.000,0.000,0.000,0.000,0.000,0.000,0.000
4049,1358.042,16.750,24.843,23.330,7.676,15.699,0.000,1.467,0.000,0.000,0.000,0.000,0.000,0.000,0.000
4050,1358.365,10.380,24.844,23.320,7.684,15.693,0.000,1.467,0.000,0.000,0.000,0.000,0.000,0.000,0.000
4051,1358.688,24.713,24.845,23.310,7.692,15.687,0.000,1.467,0.000,0.000,0.000,0.000,0.000,0.000,0.000
4052,1359.011,19.898,24.847,23.300,7.700,15.680,0.000,1.466,0.000,0.000,0.000,0.000,0.000,0.000,0.000
4053,1359.334,23.232,24.848,23.290,7.709,15.674,0.000,1.466,0.000,0.000,0.000,0.000,0.000,0.000,0.000
4054,1359.657,23.084,24.849,23.280,7.717,15.667,0.000,1.465,0.000,0.000,0.000,0.000,0.000,0.000,0.000
4055,1359.980,27.714,24.850,23.270,7.725,15.661,0.000,1.465,0.000,0.000,0.000,0.000,0.000,0.000,0.000
4056,1360.303,27.085,24.851,23.260,7.733,15.654,0.000,1.464,0.000,0.000,0.000,0.000,0.000,0.000,0.000
4057,1360.626,37.084,24.852,23.250,7.741,15.647,0.000,1.464,0.000,0.000,0.000,0.000,0.000,0.000,0.000
4058,1360.949,18.232,24.853,23.240,7.748,15.641,0.000,1.463,0.000,0.000,0.000,0.000,0.000,0.000,0.000
4059,1361.272,14.863,24.853,23.230,7.756,15.634,0.000,1.463,0.000,0.000,0.000,0.000,0.000,0.000,0.000
4060,1361.595,17.604,24.854,23.220,7.764,15.628,0.000,1.462,0.000,0.000,0.000,0.000,0.000,0.000,0.000
4061,1361.918,18.752,24.855,23.210,7.772,15.621,0.000,1.462,0.000,0.000,0.000,0.000,0.000,0.000,0.000
4062,1362.241,17.936,24.855,23.200,7.779,15.614,0.000,1.462,0.000,0.000,0.000,0.000,0.000,0.000,0.000
4063,1362.564,19.899,24.856,23.189,7.787,15.608,0.000,1.461,0.000,0.000,0.000,0.000,0.000,0.000,0.000
4064,1362.887,24.603,24.856,23.179,7.794,15.601,0.000,1.461,0.000,0.000,0.000,0.000,0.000,0.000,0.000
4065,1363.210,24.788,24.856,23.169,7.802,15.594,0.000,1.460,0.000,0.000,0.000,0.000,0.000,0.000,0.000
4066,1363.533,10.974,24.856,23.159,7.809,15.588,0.000,1.460,0.000,0.000,0.000,0.000,0.000,0.000,0.000
4067,1363.856,33.974,24.856,23.149,7.816,15.581,0.000,1.459,0.000,0.000,0.000,0.000,0.000,0.000,0.000
4068,1364.179,18.566,24.856,23.139,7.823,15.574,0.000,1.459,0.000,0.000,0.000,0.000,0.000,0.000,0.000
4069,1364.502,8.789,24.856,23.129,7.830,15.567,0.000,1.458,0.000,0.000,0.000,0.000,0.000,0.000,0.000
4070,1364.825,18.121,24.856,23.119,7.837,15.561,0.000,1.458,0.000,0.000,0.000,0.000,0.000,0.000,0.000
4071,1365.148,28.864,24.856,23.109,7.844,15.554,0.000,1.458,0.000,0.000,0.000,0.000,0.000,0.000,0.000
4072,1365.471,33.492,24.855,23.099,7.851,15.547,0.000,1.457,0.000,0.000,0.000,0.000,0.000,0.000,0.000
4073,1365.794,40.861,24.855,23.089,7.858,15.540,0.000,1.457,0.000,0.000,0.000,0.000,0.000,0.000,0.000
4074,1366.118,32.344,24.854,23.079,7.864,15.533,0.000,1.456,0.000,0.000,0.000,0.000,0.000,0.000,0.000
4075,1366.441,7.603,24.853,23.069,7.871,15.527,0.000,1.456,0.000,0.000,0.000,0.000,0.000,0.000,0.000
4076,1366.764,24.345,24.852,23.059,7.877,15.520,0.000,1.455,0.000,0.000,0.000,0.000,0.000,0.000,0.000
4077,1367.087,31.418,24.851,23.049,7.883,15.513,0.000,1.455,0.000,0.000,0.000,0.000,0.000,0.000,0.000
4078,1367.410,12.048,24.850,23.039,7.890,15.506,0.000,1.455,0.000,0.000,0.000,0.000,0.000,0.000,0.000
4079,1367.733,16.271,24.849,23.029,7.896,15.499,0.000,1.454,0.000,0.000,0.000,0.000,0.000,0.000,0.000
4080,1368.056,30.456,24.848,23.019,7.902,15.492,0.000,1.454,0.000,0.000,0.000,0.000,0.000,0.000,0.000
4081,1368.379,28.530,24.846,23.009,7.908,15.485,0.000,1.453,0.000,0.000,0.000,0.000,0.000,0.000,0.000
4082,1368.702,19.826,24.845,22.999,7.913,15.478,0.000,1.453,0.000,0.000,0.000,0.000,0.000,0.000,0.000
4083,1369.025,25.826,24.843,22.989,7.919,15.471,0.000,1.453,0.000,0.000,0.000,0.000,0.000,0.000,0.000
4084,1369.348,27.381,24.841,22.979,7.925,15.465,0.000,1.452,0.000,0.000,0.000,0.000,0.000,0.000,0.000
4085,1369.671,29.307,24.839,22.969,7.930,15.458,0.000,1.452,0.000,0.000,0.000,0.000,0.000,0.000,0.000
4086,1369.994,18.308,24.837,22.959,7.935,15.451,0.000,1.451,0.000,0.000,0.000,0.000,0.000,0.000,0.000
4087,1370.317,15.011,24.835,22.948,7.940,15.444,0.000,1.451,0.000,0.000,0.000,0.000,0.000,0.000,0.000
4088,1370.640,20.344,24.833,22.938,7.945,15.437,0.000,1.451,0.000,0.000,0.000,0.000,0.000,0.000,0.000
4089,1370.963,20.234,24.830,22.928,7.950,15.430,0.000,1.450,0.000,0.000,0.000,0.000,0.000,0.000,0.000
4090,1371.286,19.234,24.828,22.918,7.955,15.423,0.000,1.450,0.000,0.000,0.000,0.000,0.000,0.000,0.000
4091,1371.609,19.899,24.825,22.908,7.960,15.416,0.000,1.449,0.000,0.000,0.000,0.000,0.000,0.000,0.000
4092,1371.932,16.197,24.822,22.898,7.965,15.409,0.000,1.449,0.000,0.000,0.000,0.000,0.000,0.000,0.000
4093,1372.255,17.011,24.819,22.888,7.969,15.402,0.000,1.449,0.000,0.000,0.000,0.000,0.000,0.000,0.000
4094,1372.578,28.233,24.816,22.878,7.973,15.395,0.000,1.448,0.000,0.000,0.000,0.000,0.000,0.000,0.000
4095,1372.901,20.233,24.813,22.868,7.978,15.388,0.000,1.448,0.000,0.000,0.000,0.000,0.000,0.000,0.000
4096,1373.224,15.307,24.810,22.858,7.982,15.381,0.000,1.447,0.000,0.000,0.000,0.000,0.000,0.000,0.000
4097,1373.547,17.678,24.806,22.848,7.986,15.373,0.000,1.447,0.000,0.000,0.000,0.000,0.000,0.000,0.000
4098,1373.870,24.567,24.803,22.838,7.990,15.366,0.000,1.447,0.000,0.000,0.000,0.000,0.000,0.000,0.000
4099,1374.193,22.901,24.799,22.828,7.993,15.359,0.000,1.446,0.000,0.000,0.000,0.000,0.000,0.000,0.000
4100,1374.516,11.604,24.795,22.818,7.997,15.352,0.000,1.446,0.000,0.000,0.000,0.000,0.000,0.000,0.000
4101,1374.839,36.640,24.791,22.808,8.000,15.345,0.000,1.446,0.000,0.000,0.000,0.000,0.000,0.000,0.000
4102,1375.162,31.641,24.787,22.798,8.004,15.338,0.000,1.445,0.000,0.000,0.000,0.000,0.000,0.000,0.000
4103,1375.485,30.085,24.783,22.788,8.007,15.331,0.000,1.445,0.000,0.000,0.000,0.000,0.000,0.000,0.000
4104,1375.808,26.234,24.779,22.778,8.010,15.324,0.000,1.444,0.000,0.000,0.000,0.000,0.000,0.000,0.000
4105,1376.131,19.197,24.774,22.768,8.013,15.317,0.000,1.444,0.000,0.000,0.000,0.000,0.000,0.000,0.000
4106,1376.454,0.000,24.770,22.758,8.016,15.310,0.000,1.444,0.000,0.000,0.000,0.000,0.000,0.000,0.000
4107,1376.777,38.900,24.765,22.748,8.019,15.303,0.000,1.443,0.000,0.000,0.000,0.000,0.000,0.000,0.000
4108,1377.100,19.159,24.760,22.738,8.021,15.296,0.000,1.443,0.000,0.000,0.000,0.000,0.000,0.000,0.000
4109,1377.424,32.345,24.755,22.728,8.024,15.289,0.000,1.443,0.000,0.000,0.000,0.000,0.000,0.000,0.000
4110,1377.747,13.086,24.750,22.718,8.026,15.282,0.000,1.442,0.000,0.000,0.000,0.000,0.000,0.000,0.000
4111,1378.070,28.864,24.745,22.708,8.028,15.275,0.000,1.442,0.000,0.000,0.000,0.000,0.000,0.000,0.000
4112,1378.393,20.863,24.740,22.697,8.031,15.267,0.000,1.442,0.000,0.000,0.000,0.000,0.000,0.000,0.000
4113,1378.716,19.900,24.734,22.687,8.033,15.260,0.000,1.441,0.000,0.000,0.000,0.000,0.000,0.000,0.000
4114,1379.039,22.271,24.729,22.677,8.035,15.253,0.000,1.441,0.000,0.000,0.000,0.000,0.000,0.000,0.000
4115,1379.362,15.382,24.723,22.667,8.036,15.246,0.000,1.441,0.000,0.000,0.000,0.000,0.000,0.000,0.000
4116,1379.685,12.752,24.717,22.657,8.038,15.239,0.000,1.440,0.000,0.000,0.000,0.000,0.000,0.000,0.000
4117,1380.008,21.270,24.711,22.647,8.040,15.232,0.000,1.440,0.000,0.000,0.000,0.000,0.000,0.000,0.000
4118,1380.331,30.530,24.705,22.637,8.041,15.225,0.000,1.440,0.000,0.000,0.000,0.000,0.000,0.000,0.000
4119,1380.654,7.197,24.699,22.627,8.042,15.218,0.000,1.439,0.000,0.000,0.000,0.000,0.000,0.000,0.000
4120,1380.977,30.493,24.693,22.617,8.044,15.211,0.000,1.439,0.000,0.000,0.000,0.000,0.000,0.000,0.000
4121,1381.300,33.419,24.687,22.607,8.045,15.204,0.000,1.439,0.000,0.000,0.000,0.000,0.000,0.000,0.000
4122,1381.623,20.827,24.681,22.597,8.046,15.197,0.000,1.438,0.000,0.000,0.000,0.000,0.000,0.000,0.000
4123,1381.946,15.640,24.674,22.587,8.047,15.190,0.000,1.438,0.000,0.000,0.000,0.000,0.000,0.000,0.000
4124,1382.269,20.604,24.667,22.577,8.047,15.183,0.000,1.438,0.000,0.000,0.000,0.000,0.000,0.000,0.000
4125,1382.592,20.382,24.661,22.567,8.048,15.175,0.000,1.437,0.000,0.000,0.000,0.000,0.000,0.000,0.000
4126,1382.915,28.160,24.654,22.557,8.049,15.168,0.000,1.437,0.000,0.000,0.000,0.000,0.000,0.000,0.000
4127,1383.239,13.493,24.647,22.547,8.049,15.161,0.000,1.437,0.000,0.000,0.000,0.000,0.000,0.000,0.000
4128,1383.562,19.234,24.640,22.537,8.050,15.154,0.000,1.436,0.000,0.000,0.000,0.000,0.000,0.000,0.000
4129,1383.885,8.123,24.633,22.527,8.050,15.147,0.000,1.436,0.000,0.000,0.000,0.000,0.000,0.000,0.000
4130,1384.208,30.012,24.626,22.517,8.050,15.140,0.000,1.436,0.000,0.000,0.000,0.000,0.000,0.000,0.000
4131,1384.531,30.085,24.619,22.507,8.050,15.133,0.000,1.435,0.000,0.000,0.000,0.000,0.000,0.000,0.000
4132,1384.854,33.419,24.612,22.497,8.050,15.126,0.000,1.435,0.000,0.000,0.000,0.000,0.000,0.000,0.000
4133,1385.177,29.790,24.604,22.487,8.050,15.119,0.000,1.435,0.000,0.000,0.000,0.000,0.000,0.000,0.000
4134,1385.500,49.233,24.597,22.477,8.050,15.112,0.000,1.435,0.000,0.000,0.000,0.000,0.000,0.000,0.000
4135,1385.823,35.381,24.589,22.467,8.050,15.105,0.000,1.434,0.000,0.000,0.000,0.000,0.000,0.000,0.000
4136,1386.146,18.901,24.582,22.457,8.050,15.098,0.000,1.434,0.000,0.000,0.000,0.000,0.000,0.000,0.000
4137,1386.469,20.493,24.574,22.446,8.049,15.091,0.000,1.434,0.000,0.000,0.000,0.000,0.000,0.000,0.000
4138,1386.792,26.345,24.567,22.436,8.049,15.084,0.000,1.433,0.000,0.000,0.000,0.000,0.000,0.000,0.000
4139,1387.115,25.679,24.559,22.426,8.049,15.077,0.000,1.433,0.000,0.000,0.000,0.000,0.000,0.000,0.000
4140,1387.439,28.679,24.551,22.416,8.048,15.070,0.000,1.433,0.000,0.000,0.000,0.000,0.000,0.000,0.000
4141,1387.762,28.381,24.543,22.406,8.048,15.063,0.000,1.433,0.000,0.000,0.000,0.000,0.000,0.000,0.000
4142,1388.085,28.456,24.536,22.396,8.047,15.056,0.000,1.432,0.000,0.000,0.000,0.000,0.000,0.000,0.000
4143,1388.408,44.641,24.528,22.386,8.046,15.049,0.000,1.432,0.000,0.000,0.000,0.000,0.000,0.000,0.000
4144,1388.731,20.271,24.520,22.376,8.046,15.042,0.000,1.432,0.000,0.000,0.000,0.000,0.000,0.000,0.000
4145,1389.054,14.420,24.512,22.366,8.045,15.035,0.000,1.432,0.000,0.000,0.000,0.000,0.000,0.000,0.000
4146,1389.377,20.012,24.504,22.356,8.044,15.029,0.000,1.431,0.000,0.000,0.000,0.000,0.000,0.000,0.000
4147,1389.700,22.197,24.496,22.346,8.043,15.022,0.000,1.431,0.000,0.000,0.000,0.000,0.000,0.000,0.000
4148,1390.023,20.234,24.488,22.336,8.042,15.015,0.000,1.431,0.000,0.000,0.000,0.000,0.000,0.000,0.000
4149,1390.346,16.457,24.480,22.326,8.041,15.008,0.000,1.431,0.000,0.000,0.000,0.000,0.000,0.000,0.000
4150,1390.669,29.085,24.472,22.316,8.041,15.001,0.000,1.430,0.000,0.000,0.000,0.000,0.000,0.000,0.000
4151,1390.993,28.493,24.464,22.306,8.040,14.994,0.000,1.430,0.000,0.000,0.000,0.000,0.000,0.000,0.000
4152,1391.316,34.197,24.456,22.296,8.039,14.987,0.000,1.430,0.000,0.000,0.000,0.000,0.000,0.000,0.000
4153,1391.639,39.492,24.448,22.286,8.038,14.980,0.000,1.430,0.000,0.000,0.000,0.000,0.000,0.000,0.000
4154,1391.962,30.123,24.440,22.276,8.037,14.973,0.000,1.430,0.000,0.000,0.000,0.000,0.000,0.000,0.000
4155,1392.285,41.640,24.432,22.266,8.036,14.967,0.000,1.429,0.000,0.000,0.000,0.000,0.000,0.000,0.000
4156,1392.608,23.197,24.424,22.256,8.035,14.960,0.000,1.429,0.000,0.000,0.000,0.000,0.000,0.000,0.000
4157,1392.931,23.974,24.416,22.246,8.034,14.953,0.000,1.429,0.000,0.000,0.000,0.000,0.000,0.000,0.000
4158,1393.254,21.345,24.408,22.236,8.033,14.946,0.000,1.429,0.000,0.000,0.000,0.000,0.000,0.000,0.000
4159,1393.577,13.122,24.400,22.226,8.032,14.939,0.000,1.429,0.000,0.000,0.000,0.000,0.000,0.000,0.000
4160,1393.901,27.382,24.392,22.216,8.031,14.933,0.000,1.428,0.000,0.000,0.000,0.000,0.000,0.000,0.000
4161,1394.224,32.085,24.384,22.205,8.030,14.926,0.000,1.428,0.000,0.000,0.000,0.000,0.000,0.000,0.000
4162,1394.547,32.826,24.376,22.195,8.030,14.919,0.000,1.428,0.000,0.000,0.000,0.000,0.000,0.000,0.000
4163,1394.870,35.641,24.369,22.185,8.029,14.912,0.000,1.428,0.000,0.000,0.000,0.000,0.000,0.000,0.000
4164,1395.193,29.863,24.361,22.175,8.028,14.906,0.000,1.428,0.000,0.000,0.000,0.000,0.000,0.000,0.000
4165,1395.516,23.603,24.353,22.165,8.027,14.899,0.000,1.427,0.000,0.000,0.000,0.000,0.000,0.000,0.000
4166,1395.839,25.863,24.346,22.155,8.027,14.892,0.000,1.427,0.000,0.000,0.000,0.000,0.000,0.000,0.000
4167,1396.162,28.196,24.338,22.145,8.026,14.885,0.000,1.427,0.000,0.000,0.000,0.000,0.000,0.000,0.000
4168,1396.486,27.492,24.331,22.135,8.025,14.879,0.000,1.427,0.000,0.000,0.000,0.000,0.000,0.000,0.000
4169,1396.809,33.899,24.324,22.125,8.025,14.872,0.000,1.427,0.000,0.000,0.000,0.000,0.000,0.000,0.000
4170,1397.132,18.974,24.316,22.115,8.025,14.865,0.000,1.427,0.000,0.000,0.000,0.000,0.000,0.000,0.000
4171,1397.455,31.010,24.309,22.105,8.024,14.859,0.000,1.426,0.000,0.000,0.000,0.000,0.000,0.000,0.000
4172,1397.778,21.530,24.302,22.095,8.024,14.852,0.000,1.426,0.000,0.000,0.000,0.000,0.000,0.000,0.000
4173,1398.101,32.084,24.295,22.085,8.024,14.845,0.000,1.426,0.000,0.000,0.000,0.000,0.000,0.000,0.000
4174,1398.425,27.196,24.289,22.075,8.024,14.839,0.000,1.426,0.000,0.000,0.000,0.000,0.000,0.000,0.000
4175,1398.748,28.344,24.282,22.065,8.024,14.832,0.000,1.426,0.000,0.000,0.000,0.000,0.000,0.000,0.000
4176,1399.071,18.048,24.275,22.055,8.024,14.826,0.000,1.426,0.000,0.000,0.000,0.000,0.000,0.000,0.000
4177,1399.394,30.417,24.269,22.045,8.024,14.819,0.000,1.426,0.000,0.000,0.000,0.000,0.000,0.000,0.000
4178,1399.717,24.492,24.262,22.035,8.024,14.812,0.000,1.426,0.000,0.000,0.000,0.000,0.000,0.000,0.000
4179,1400.040,27.937,24.256,22.025,8.025,14.806,0.000,1.426,0.000,0.000,0.000,0.000,0.000,0.000,0.000
4180,1400.363,18.306,24.250,22.015,8.025,14.799,0.000,1.425,0.000,0.000,0.000,0.000,0.000,0.000,0.000
4181,1400.687,30.639,24.244,22.005,8.026,14.793,0.000,1.425,0.000,0.000,0.000,0.000,0.000,0.000,0.000
4182,1401.010,5.381,24.238,21.995,8.027,14.786,0.000,1.425,0.000,0.000,0.000,0.000,0.000,0.000,0.000
4183,1401.333,18.566,24.233,21.985,8.028,14.780,0.000,1.425,0.000,0.000,0.000,0.000,0.000,0.000,0.000
4184,1401.656,27.083,24.227,21.975,8.029,14.773,0.000,1.425,0.000,0.000,0.000,0.000,0.000,0.000,0.000
4185,1401.979,40.418,24.222,21.965,8.030,14.767,0.000,1.425,0.000,0.000,0.000,0.000,0.000,0.000,0.000
4186,1402.303,26.565,24.217,21.954,8.032,14.760,0.000,1.425,0.000,0.000,0.000,0.000,0.000,0.000,0.000
4187,1402.626,39.380,24.212,21.944,8.033,14.754,0.000,1.425,0.000,0.000,0.000,0.000,0.000,0.000,0.000
4188,1402.949,41.380,24.207,21.934,8.035,14.748,0.000,1.425,0.000,0.000,0.000,0.000,0.000,0.000,0.000
4189,1403.272,39.083,24.203,21.924,8.037,14.741,0.000,1.425,0.000,0.000,0.000,0.000,0.000,0.000,0.000
4190,1403.595,25.899,24.198,21.914,8.039,14.735,0.000,1.425,0.000,0.000,0.000,0.000,0.000,0.000,0.000
4191,1403.918,16.640,24.194,21.904,8.041,14.728,0.000,1.425,0.000,0.000,0.000,0.000,0.000,0.000,0.000
4192,1404.242,27.157,24.190,21.894,8.043,14.722,0.000,1.425,0.000,0.000,0.000,0.000,0.000,0.000,0.000
4193,1404.565,38.602,24.186,21.884,8.045,14.716,0.000,1.425,0.000,0.000,0.000,0.000,0.000,0.000,0.000
4194,1404.888,10.417,24.182,21.874,8.048,14.709,0.000,1.425,0.000,0.000,0.000,0.000,0.000,0.000,0.000
4195,1405.211,32.638,24.178,21.864,8.051,14.703,0.000,1.425,0.000,0.000,0.000,0.000,0.000,0.000,0.000
4196,1405.534,35.120,24.175,21.854,8.054,14.697,0.000,1.425,0.000,0.000,0.000,0.000,0.000,0.000,0.000
4197,1405.858,29.231,24.172,21.844,8.057,14.690,0.000,1.425,0.000,0.000,0.000,0.000,0.000,0.000,0.000
4198,1406.181,31.269,24.169,21.834,8.060,14.684,0.000,1.425,0.000,0.000,0.000,0.000,0.000,0.000,0.000
4199,1406.504,19.231,24.166,21.824,8.063,14.678,0.000,1.425,0.000,0.000,0.000,0.000,0.000,0.000,0.000
4200,1406.827,19.712,24.163,21.814,8.067,14.671,0.000,1.425,0.000,0.000,0.000,0.000,0.000,0.000,0.000
4201,1407.150,20.194,24.161,21.804,8.071,14.665,0.000,1.425,0.000,0.000,0.000,0.000,0.000,0.000,0.000
4202,1407.474,24.934,24.159,21.794,8.075,14.659,0.000,1.425,0.000,0.000,0.000,0.000,0.000,0.000,0.000
4203,1407.797,39.527,24.157,21.784,8.079,14.653,0.000,1.425,0.000,0.000,0.000,0.000,0.000,0.000,0.000
4204,1408.120,30.305,24.155,21.774,8.083,14.647,0.000,1.425,0.000,0.000,0.000,0.000,0.000,0.000,0.000
4205,1408.443,28.194,24.154,21.764,8.088,14.640,0.000,1.425,0.000,0.000,0.000,0.000,0.000,0.000,0.000
4206,1408.767,21.120,24.152,21.754,8.093,14.634,0.000,1.425,0.000,0.000,0.000,0.000,0.000,0.000,0.000
4207,1409.090,16.602,24.151,21.744,8.098,14.628,0.000,1.425,0.000,0.000,0.000,0.000,0.000,0.000,0.000
4208,1409.413,23.120,24.150,21.734,8.103,14.622,0.000,1.425,0.000,0.000,0.000,0.000,0.000,0.000,0.000
4209,1409.736,35.564,24.150,21.724,8.109,14.616,0.000,1.425,0.000,0.000,0.000,0.000,0.000,0.000,0.000
4210,1410.060,22.157,24.150,21.714,8.114,14.610,0.000,1.426,0.000,0.000,0.000,0.000,0.000,0.000,0.000
4211,1410.383,28.749,24.150,21.703,8.120,14.604,0.000,1.426,0.000,0.000,0.000,0.000,0.000,0.000,0.000
4212,1410.706,15.342,24.150,21.693,8.126,14.598,0.000,1.426,0.000,0.000,0.000,0.000,0.000,0.000,0.000
4213,1411.029,35.267,24.150,21.683,8.133,14.592,0.000,1.426,0.000,0.000,0.000,0.000,0.000,0.000,0.000
4214,1411.353,38.007,24.151,21.673,8.139,14.585,0.000,1.426,0.000,0.000,0.000,0.000,0.000,0.000,0.000
4215,1411.676,37.267,24.152,21.663,8.146,14.579,0.000,1.426,0.000,0.000,0.000,0.000,0.000,0.000,0.000
4216,1411.999,18.305,24.153,21.653,8.153,14.573,0.000,1.426,0.000,0.000,0.000,0.000,0.000,0.000,0.000
4217,1412.322,29.082,24.155,21.643,8.161,14.567,0.000,1.427,0.000,0.000,0.000,0.000,0.000,0.000,0.000
4218,1412.646,32.082,24.157,21.633,8.168,14.561,0.000,1.427,0.000,0.000,0.000,0.000,0.000,0.000,0.000
4219,1412.969,26.971,24.159,21.623,8.176,14.555,0.000,1.427,0.000,0.000,0.000,0.000,0.000,0.000,0.000
4220,1413.292,34.526,24.161,21.613,8.185,14.550,0.000,1.427,0.000,0.000,0.000,0.000,0.000,0.000,0.000
4221,1413.615,37.859,24.164,21.603,8.193,14.544,0.000,1.427,0.000,0.000,0.000,0.000,0.000,0.000,0.000
4222,1413.939,28.119,24.167,21.593,8.202,14.538,0.000,1.428,0.000,0.000,0.000,0.000,0.000,0.000,0.000
4223,1414.262,27.304,24.170,21.583,8.211,14.532,0.000,1.428,0.000,0.000,0.000,0.000,0.000,0.000,0.000
4224,1414.585,25.600,24.174,21.573,8.220,14.526,0.000,1.428,0.000,0.000,0.000,0.000,0.000,0.000,0.000
4225,1414.909,22.563,24.178,21.563,8.230,14.520,0.000,1.428,0.000,0.000,0.000,0.000,0.000,0.000,0.000
4226,1415.232,40.599,24.182,21.553,8.240,14.514,0.000,1.429,0.000,0.000,0.000,0.000,0.000,0.000,0.000
4227,1415.555,25.415,24.187,21.543,8.250,14.508,0.000,1.429,0.000,0.000,0.000,0.000,0.000,0.000,0.000
4228,1415.878,37.563,24.192,21.533,8.260,14.503,0.000,1.429,0.000,0.000,0.000,0.000,0.000,0.000,0.000
4229,1416.202,28.081,24.197,21.523,8.271,14.497,0.000,1.429,0.000,0.000,0.000,0.000,0.000,0.000,0.000
4230,1416.525,27.858,24.203,21.513,8.282,14.491,0.000,1.430,0.000,0.000,0.000,0.000,0.000,0.000,0.000
4231,1416.848,13.637,24.209,21.503,8.294,14.485,0.000,1.430,0.000,0.000,0.000,0.000,0.000,0.000,0.000
4232,1417.172,25.489,24.215,21.493,8.305,14.479,0.000,1.430,0.000,0.000,0.000,0.000,0.000,0.000,0.000
4233,1417.495,39.229,24.222,21.483,8.317,14.474,0.000,1.431,0.000,0.000,0.000,0.000,0.000,0.000,0.000
4234,1417.818,35.932,24.229,21.473,8.330,14.468,0.000,1.431,0.000,0.000,0.000,0.000,0.000,0.000,0.000
4235,1418.142,40.191,24.236,21.463,8.342,14.462,0.000,1.431,0.000,0.000,0.000,0.000,0.000,0.000,0.000
4236,1418.465,23.266,24.244,21.452,8.355,14.457,0.000,1.432,0.000,0.000,0.000,0.000,0.000,0.000,0.000
4237,1418.788,28.451,24.252,21.442,8.369,14.451,0.000,1.432,0.000,0.000,0.000,0.000,0.000,0.000,0.000
4238,1419.112,27.303,24.260,21.432,8.382,14.445,0.000,1.433,0.000,0.000,0.000,0.000,0.000,0.000,0.000
4239,1419.435,27.895,24.269,21.422,8.396,14.440,0.000,1.433,0.000,0.000,0.000,0.000,0.000,0.000,0.000
4240,1419.758,28.228,24.278,21.412,8.411,14.434,0.000,1.433,0.000,0.000,0.000,0.000,0.000,0.000,0.000
4241,1420.082,29.932,24.288,21.402,8.426,14.428,0.000,1.434,0.000,0.000,0.000,0.000,0.000,0.000,0.000
4242,1420.405,20.970,24.298,21.392,8.441,14.423,0.000,1.434,0.000,0.000,0.000,0.000,0.000,0.000,0.000
4243,1420.728,16.747,24.308,21.382,8.456,14.417,0.000,1.435,0.000,0.000,0.000,0.000,0.000,0.000,0.000
4244,1421.052,31.302,24.319,21.372,8.472,14.412,0.000,1.435,0.000,0.000,0.000,0.000,0.000,0.000,0.000
4245,1421.375,34.265,24.330,21.362,8.488,14.406,0.000,1.436,0.000,0.000,0.000,0.000,0.000,0.000,0.000
4246,1421.698,34.154,24.342,21.352,8.505,14.401,0.000,1.436,0.000,0.000,0.000,0.000,0.000,0.000,0.000
4247,1422.022,27.191,24.354,21.342,8.522,14.395,0.000,1.437,0.000,0.000,0.000,0.000,0.000,0.000,0.000
4248,1422.345,40.155,24.366,21.332,8.539,14.390,0.000,1.437,0.000,0.000,0.000,0.000,0.000,0.000,0.000
4249,1422.668,30.117,24.379,21.322,8.557,14.384,0.000,1.438,0.000,0.000,0.000,0.000,0.000,0.000,0.000
4250,1422.992,21.265,24.392,21.312,8.575,14.379,0.000,1.438,0.000,0.000,0.000,0.000,0.000,0.000,0.000
4251,1423.315,34.116,24.406,21.302,8.593,14.373,0.000,1.439,0.000,0.000,0.000,0.000,0.000,0.000,0.000
4252,1423.639,15.005,24.420,21.292,8.612,14.368,0.000,1.440,0.000,0.000,0.000,0.000,0.000,0.000,0.000
4253,1423.962,40.412,24.434,21.282,8.631,14.363,0.000,1.440,0.000,0.000,0.000,0.000,0.000,0.000,0.000
4254,1424.285,34.968,24.449,21.272,8.650,14.357,0.000,1.441,0.000,0.000,0.000,0.000,0.000,0.000,0.000
4255,1424.609,26.857,24.464,21.262,8.670,14.352,0.000,1.442,0.000,0.000,0.000,0.000,0.000,0.000,0.000
4256,1424.932,22.969,24.479,21.252,8.690,14.347,0.000,1.442,0.000,0.000,0.000,0.000,0.000,0.000,0.000
4257,1425.256,30.894,24.494,21.242,8.710,14.341,0.000,1.443,0.000,0.000,0.000,0.000,0.000,0.000,0.000
4258,1425.579,21.523,24.509,21.232,8.730,14.336,0.000,1.444,0.000,0.000,0.000,0.000,0.000,0.000,0.000
4259,1425.902,22.338,24.525,21.222,8.750,14.331,0.000,1.444,0.000,0.000,0.000,0.000,0.000,0.000,0.000
4260,1426.226,33.819,24.541,21.211,8.771,14.326,0.000,1.445,0.000,0.000,0.000,0.000,0.000,0.000,0.000
4261,1426.549,35.301,24.557,21.201,8.791,14.320,0.000,1.446,0.000,0.000,0.000,0.000,0.000,0.000,0.000
4262,1426.873,39.635,24.574,21.191,8.812,14.315,0.000,1.446,0.000,0.000,0.000,0.000,0.000,0.000,0.000
4263,1427.196,40.300,24.591,21.181,8.833,14.310,0.000,1.447,0.000,0.000,0.000,0.000,0.000,0.000,0.000
4264,1427.519,21.930,24.607,21.171,8.855,14.305,0.000,1.448,0.000,0.000,0.000,0.000,0.000,0.000,0.000
4265,1427.843,26.190,24.624,21.161,8.876,14.300,0.000,1.449,0.000,0.000,0.000,0.000,0.000,0.000,0.000
4266,1428.166,31.819,24.642,21.151,8.898,14.295,0.000,1.450,0.000,0.000,0.000,0.000,0.000,0.000,0.000
4267,1428.490,32.708,24.659,21.141,8.919,14.290,0.000,1.450,0.000,0.000,0.000,0.000,0.000,0.000,0.000
4268,1428.813,37.449,24.677,21.131,8.941,14.284,0.000,1.451,0.000,0.000,0.000,0.000,0.000,0.000,0.000
4269,1429.137,20.449,24.695,21.121,8.963,14.279,0.000,1.452,0.000,0.000,0.000,0.000,0.000,0.000,0.000
4270,1429.460,28.856,24.713,21.111,8.985,14.274,0.000,1.453,0.000,0.000,0.000,0.000,0.000,0.000,0.000
4271,1429.784,29.819,24.731,21.101,9.008,14.269,0.000,1.454,0.000,0.000,0.000,0.000,0.000,0.000,0.000
4272,1430.107,26.375,24.749,21.091,9.030,14.264,0.000,1.455,0.000,0.000,0.000,0.000,0.000,0.000,0.000
4273,1430.430,26.190,24.768,21.081,9.053,14.259,0.000,1.456,0.000,0.000,0.000,0.000,0.000,0.000,0.000
4274,1430.754,13.745,24.787,21.071,9.075,14.254,0.000,1.457,0.000,0.000,0.000,0.000,0.000,0.000,0.000
4275,1431.077,22.115,24.806,21.061,9.098,14.249,0.000,1.458,0.000,0.000,0.000,0.000,0.000,0.000,0.000
4276,1431.401,28.744,24.822,21.048,9.121,14.243,0.000,1.459,0.000,0.000,0.000,0.000,0.000,0.000,0.000
4277,1431.724,20.560,24.838,21.035,9.143,14.236,0.000,1.459,0.000,0.000,0.000,0.000,0.000,0.000,0.000
4278,1432.048,34.300,24.854,21.022,9.165,14.229,0.000,1.460,0.000,0.000,0.000,0.000,0.000,0.000,0.000
4279,1432.371,32.782,24.871,21.009,9.188,14.222,0.000,1.461,0.000,0.000,0.000,0.000,0.000,0.000,0.000
4280,1432.695,33.818,24.888,20.996,9.211,14.215,0.000,1.462,0.000,0.000,0.000,0.000,0.000,0.000,0.000
4281,1433.018,24.115,24.905,20.983,9.233,14.208,0.000,1.463,0.000,0.000,0.000,0.000,0.000,0.000,0.000
4282,1433.342,33.189,24.922,20.970,9.256,14.202,0.000,1.464,0.000,0.000,0.000,0.000,0.000,0.000,0.000
4283,1433.665,19.078,24.939,20.957,9.279,14.195,0.000,1.465,0.000,0.000,0.000,0.000,0.000,0.000,0.000
4284,1433.989,33.078,24.956,20.944,9.302,14.188,0.000,1.466,0.000,0.000,0.000,0.000,0.000,0.000,0.000
4285,1434.312,27.374,24.974,20.931,9.325,14.181,0.000,1.467,0.000,0.000,0.000,0.000,0.000,0.000,0.000
4286,1434.636,47.708,24.991,20.919,9.348,14.175,0.000,1.468,0.000,0.000,0.000,0.000,0.000,0.000,0.000
4287,1434.959,15.226,25.009,20.906,9.372,14.168,0.000,1.469,0.000,0.000,0.000,0.000,0.000,0.000,0.000
4288,1435.283,30.225,25.026,20.893,9.395,14.161,0.000,1.470,0.000,0.000,0.000,0.000,0.000,0.000,0.000
4289,1435.606,36.188,25.044,20.880,9.418,14.155,0.000,1.471,0.000,0.000,0.000,0.000,0.000,0.000,0.000
4290,1435.930,30.188,25.062,20.867,9.442,14.148,0.000,1.472,0.000,0.000,0.000,0.000,0.000,0.000,0.000
4291,1436.253,29.966,25.080,20.854,9.465,14.141,0.000,1.474,0.000,0.000,0.000,0.000,0.000,0.000,0.000
4292,1436.577,24.855,25.098,20.841,9.489,14.135,0.000,1.475,0.000,0.000,0.000,0.000,0.000,0.000,0.000
4293,1436.901,34.374,25.117,20.828,9.512,14.128,0.000,1.476,0.000,0.000,0.000,0.000,0.000,0.000,0.000
4294,1437.224,25.484,25.135,20.815,9.536,14.122,0.000,1.477,0.000,0.000,0.000,0.000,0.000,0.000,0.000
4295,1437.548,21.670,25.153,20.802,9.560,14.115,0.000,1.478,0.000,0.000,0.000,0.000,0.000,0.000,0.000
4296,1437.871,26.373,25.172,20.789,9.583,14.109,0.000,1.480,0.000,0.000,0.000,0.000,0.000,0.000,0.000
4297,1438.195,23.855,25.190,20.776,9.607,14.102,0.000,1.481,0.000,0.000,0.000,0.000,0.000,0.000,0.000
4298,1438.518,21.855,25.209,20.763,9.631,14.096,0.000,1.482,0.000,0.000,0.000,0.000,0.000,0.000,0.000
4299,1438.842,26.410,25.228,20.750,9.655,14.089,0.000,1.484,0.000,0.000,0.000,0.000,0.000,0.000,0.000
4300,1439.165,28.706,25.246,20.737,9.678,14.083,0.000,1.485,0.000,0.000,0.000,0.000,0.000,0.000,0.000
4301,1439.489,28.929,25.265,20.724,9.702,14.076,0.000,1.486,0.000,0.000,0.000,0.000,0.000,0.000,0.000
4302,1439.813,23.929,25.284,20.711,9.726,14.070,0.000,1.488,0.000,0.000,0.000,0.000,0.000,0.000,0.000
4303,1440.136,14.299,25.303,20.699,9.750,14.063,0.000,1.489,0.000,0.000,0.000,0.000,0.000,0.000,0.000
4304,1440.460,34.966,25.322,20.686,9.774,14.057,0.000,1.491,0.000,0.000,0.000,0.000,0.000,0.000,0.000
4305,1440.783,26.262,25.341,20.673,9.798,14.051,0.000,1.492,0.000,0.000,0.000,0.000,0.000,0.000,0.000
4306,1441.107,40.892,25.360,20.660,9.821,14.044,0.000,1.494,0.000,0.000,0.000,0.000,0.000,0.000,0.000
4307,1441.431,30.744,25.379,20.647,9.845,14.038,0.000,1.495,0.000,0.000,0.000,0.000,0.000,0.000,0.000
4308,1441.754,18.558,25.398,20.634,9.869,14.032,0.000,1.497,0.000,0.000,0.000,0.000,0.000,0.000,0.000
4309,1442.078,27.484,25.417,20.621,9.893,14.025,0.000,1.499,0.000,0.000,0.000,0.000,0.000,0.000,0.000
4310,1442.402,18.003,25.436,20.608,9.916,14.019,0.000,1.500,0.000,0.000,0.000,0.000,0.000,0.000,0.000
4311,1442.725,28.521,25.455,20.595,9.940,14.013,0.000,1.502,0.000,0.000,0.000,0.000,0.000,0.000,0.000
4312,1443.049,27.077,25.474,20.582,9.964,14.007,0.000,1.504,0.000,0.000,0.000,0.000,0.000,0.000,0.000
4313,1443.372,32.522,25.494,20.569,9.988,14.000,0.000,1.506,0.000,0.000,0.000,0.000,0.000,0.000,0.000
4314,1443.696,19.558,25.513,20.556,10.011,13.994,0.000,1.507,0.000,0.000,0.000,0.000,0.000,0.000,0.000
4315,1444.020,24.781,25.532,20.543,10.035,13.988,0.000,1.509,0.000,0.000,0.000,0.000,0.000,0.000,0.000
4316,1444.343,41.002,25.551,20.530,10.058,13.982,0.000,1.511,0.000,0.000,0.000,0.000,0.000,0.000,0.000
4317,1444.667,25.003,25.570,20.517,10.082,13.976,0.000,1.513,0.000,0.000,0.000,0.000,0.000,0.000,0.000
4318,1444.991,27.262,25.590,20.504,10.105,13.970,0.000,1.515,0.000,0.000,0.000,0.000,0.000,0.000,0.000
4319,1445.314,32.410,25.609,20.492,10.129,13.964,0.000,1.517,0.000,0.000,0.000,0.000,0.000,0.000,0.000
4320,1445.638,32.817,25.628,20.479,10.152,13.957,0.000,1.519,0.000,0.000,0.000,0.000,0.000,0.000,0.000
4321,1445.962,28.225,25.647,20.466,10.175,13.951,0.000,1.521,0.000,0.000,0.000,0.000,0.000,0.000,0.000
4322,1446.285,35.484,25.667,20.453,10.198,13.945,0.000,1.523,0.000,0.000,0.000,0.000,0.000,0.000,0.000
4323,1446.609,25.521,25.686,20.440,10.222,13.939,0.000,1.525,0.000,0.000,0.000,0.000,0.000,0.000,0.000
4324,1446.933,27.521,25.705,20.427,10.245,13.933,0.000,1.527,0.000,0.000,0.000,0.000,0.000,0.000,0.000
4325,1447.256,20.558,25.724,20.414,10.268,13.927,0.000,1.529,0.000,0.000,0.000,0.000,0.000,0.000,0.000
4326,1447.580,36.076,25.743,20.401,10.291,13.921,0.000,1.531,0.000,0.000,0.000,0.000,0.000,0.000,0.000
4327,1447.904,31.558,25.762,20.388,10.313,13.915,0.000,1.534,0.000,0.000,0.000,0.000,0.000,0.000,0.000
4328,1448.228,28.965,25.781,20.375,10.336,13.909,0.000,1.536,0.000,0.000,0.000,0.000,0.000,0.000,0.000
4329,1448.551,22.188,25.801,20.362,10.359,13.903,0.000,1.538,0.000,0.000,0.000,0.000,0.000,0.000,0.000
4330,1448.875,32.521,25.820,20.349,10.382,13.897,0.000,1.541,0.000,0.000,0.000,0.000,0.000,0.000,0.000
4331,1449.199,28.557,25.839,20.336,10.404,13.891,0.000,1.543,0.000,0.000,0.000,0.000,0.000,0.000,0.000
4332,1449.522,30.150,25.858,20.323,10.427,13.886,0.000,1.545,0.000,0.000,0.000,0.000,0.000,0.000,0.000
4333,1449.846,35.965,25.877,20.310,10.449,13.880,0.000,1.548,0.000,0.000,0.000,0.000,0.000,0.000,0.000
4334,1450.170,31.409,25.896,20.297,10.472,13.874,0.000,1.550,0.000,0.000,0.000,0.000,0.000,0.000,0.000
4335,1450.494,17.446,25.915,20.284,10.494,13.868,0.000,1.553,0.000,0.000,0.000,0.000,0.000,0.000,0.000
4336,1450.817,29.002,25.934,20.272,10.516,13.862,0.000,1.556,0.000,0.000,0.000,0.000,0.000,0.000,0.000
4337,1451.141,26.780,25.953,20.259,10.538,13.856,0.000,1.558,0.000,0.000,0.000,0.000,0.000,0.000,0.000
4338,1451.465,22.780,25.972,20.246,10.560,13.850,0.000,1.561,0.000,0.000,0.000,0.000,0.000,0.000,0.000
4339,1451.789,33.595,25.991,20.233,10.582,13.845,0.000,1.564,0.000,0.000,0.000,0.000,0.000,0.000,0.000
4340,1452.113,32.002,26.010,20.220,10.604,13.839,0.000,1.566,0.000,0.000,0.000,0.000,0.000,0.000,0.000
4341,1452.436,23.261,26.029,20.207,10.626,13.833,0.000,1.569,0.000,0.000,0.000,0.000,0.000,0.000,0.000
4342,1452.760,28.372,26.047,20.194,10.648,13.827,0.000,1.572,0.000,0.000,0.000,0.000,0.000,0.000,0.000
4343,1453.084,31.335,26.066,20.181,10.670,13.822,0.000,1.575,0.000,0.000,0.000,0.000,0.000,0.000,0.000
4344,1453.408,22.150,26.085,20.168,10.691,13.816,0.000,1.578,0.000,0.000,0.000,0.000,0.000,0.000,0.000
4345,1453.731,23.669,26.104,20.155,10.713,13.810,0.000,1.581,0.000,0.000,0.000,0.000,0.000,0.000,0.000
4346,1454.055,33.150,26.123,20.142,10.735,13.805,0.000,1.584,0.000,0.000,0.000,0.000,0.000,0.000,0.000
4347,1454.379,27.557,26.142,20.129,10.756,13.799,0.000,1.587,0.000,0.000,0.000,0.000,0.000,0.000,0.000
4348,1454.703,30.483,26.161,20.116,10.778,13.793,0.000,1.590,0.000,0.000,0.000,0.000,0.000,0.000,0.000
4349,1455.027,19.483,26.180,20.103,10.799,13.788,0.000,1.593,0.000,0.000,0.000,0.000,0.000,0.000,0.000
4350,1455.351,21.076,26.199,20.090,10.820,13.782,0.000,1.597,0.000,0.000,0.000,0.000,0.000,0.000,0.000
4351,1455.674,35.779,26.218,20.077,10.842,13.776,0.000,1.600,0.000,0.000,0.000,0.000,0.000,0.000,0.000
4352,1455.998,38.261,26.237,20.064,10.863,13.771,0.000,1.603,0.000,0.000,0.000,0.000,0.000,0.000,0.000
4353,1456.322,43.520,26.256,20.052,10.884,13.765,0.000,1.607,0.000,0.000,0.000,0.000,0.000,0.000,0.000
4354,1456.646,24.261,26.275,20.039,10.906,13.760,0.000,1.610,0.000,0.000,0.000,0.000,0.000,0.000,0.000
4355,1456.970,23.557,26.295,20.026,10.927,13.754,0.000,1.614,0.000,0.000,0.000,0.000,0.000,0.000,0.000
4356,1457.294,30.113,26.314,20.013,10.948,13.749,0.000,1.617,0.000,0.000,0.000,0.000,0.000,0.000,0.000
4357,1457.617,27.594,26.333,20.000,10.969,13.743,0.000,1.621,0.000,0.000,0.000,0.000,0.000,0.000,0.000
4358,1457.941,25.631,26.352,19.987,10.990,13.738,0.000,1.625,0.000,0.000,0.000,0.000,0.000,0.000,0.000
4359,1458.265,21.150,26.372,19.974,11.011,13.732,0.000,1.628,0.000,0.000,0.000,0.000,0.000,0.000,0.000
4360,1458.589,26.372,26.391,19.961,11.032,13.727,0.000,1.632,0.000,0.000,0.000,0.000,0.000,0.000,0.000
4361,1458.913,29.224,26.411,19.948,11.053,13.721,0.000,1.636,0.000,0.000,0.000,0.000,0.000,0.000,0.000
4362,1459.237,28.557,26.430,19.935,11.074,13.716,0.000,1.640,0.000,0.000,0.000,0.000,0.000,0.000,0.000
4363,1459.561,33.187,26.450,19.922,11.096,13.710,0.000,1.644,0.000,0.000,0.000,0.000,0.000,0.000,0.000
4364,1459.885,34.520,26.469,19.909,11.117,13.705,0.000,1.648,0.000,0.000,0.000,0.000,0.000,0.000,0.000
4365,1460.209,19.853,26.489,19.896,11.138,13.700,0.000,1.652,0.000,0.000,0.000,0.000,0.000,0.000,0.000
4366,1460.533,23.298,26.509,19.883,11.159,13.694,0.000,1.656,0.000,0.000,0.000,0.000,0.000,0.000,0.000
4367,1460.856,30.816,26.529,19.870,11.180,13.689,0.000,1.660,0.000,0.000,0.000,0.000,0.000,0.000,0.000
4368,1461.180,24.631,26.549,19.857,11.201,13.684,0.000,1.664,0.000,0.000,0.000,0.000,0.000,0.000,0.000
4369,1461.504,34.779,26.569,19.844,11.222,13.678,0.000,1.669,0.000,0.000,0.000,0.000,0.000,0.000,0.000
4370,1461.828,28.964,26.589,19.832,11.243,13.673,0.000,1.673,0.000,0.000,0.000,0.000,0.000,0.000,0.000
4371,1462.152,21.150,26.608,19.819,11.263,13.668,0.000,1.678,0.000,0.000,0.000,0.000,0.000,0.000,0.000
4372,1462.476,26.298,26.628,19.806,11.283,13.662,0.000,1.682,0.000,0.000,0.000,0.000,0.000,0.000,0.000
4373,1462.800,27.224,26.647,19.793,11.303,13.657,0.000,1.687,0.000,0.000,0.000,0.000,0.000,0.000,0.000
4374,1463.124,25.186,26.666,19.780,11.322,13.652,0.000,1.691,0.000,0.000,0.000,0.000,0.000,0.000,0.000
4375,1463.448,22.038,26.684,19.767,11.342,13.647,0.000,1.696,0.000,0.000,0.000,0.000,0.000,0.000,0.000
4376,1463.772,27.853,26.703,19.754,11.361,13.641,0.000,1.701,0.000,0.000,0.000,0.000,0.000,0.000,0.000
4377,1464.096,32.594,26.721,19.741,11.379,13.636,0.000,1.706,0.000,0.000,0.000,0.000,0.000,0.000,0.000
4378,1464.420,23.816,26.740,19.728,11.398,13.631,0.000,1.711,0.000,0.000,0.000,0.000,0.000,0.000,0.000
4379,1464.744,26.298,26.758,19.715,11.416,13.626,0.000,1.716,0.000,0.000,0.000,0.000,0.000,0.000,0.000
4380,1465.068,31.668,26.775,19.702,11.434,13.621,0.000,1.721,0.000,0.000,0.000,0.000,0.000,0.000,0.000
4381,1465.392,20.298,26.793,19.689,11.451,13.616,0.000,1.726,0.000,0.000,0.000,0.000,0.000,0.000,0.000
4382,1465.716,26.186,26.810,19.676,11.469,13.611,0.000,1.731,0.000,0.000,0.000,0.000,0.000,0.000,0.000
4383,1466.040,21.557,26.828,19.663,11.486,13.605,0.000,1.737,0.000,0.000,0.000,0.000,0.000,0.000,0.000
4384,1466.364,25.298,26.845,19.650,11.502,13.600,0.000,1.742,0.000,0.000,0.000,0.000,0.000,0.000,0.000
4385,1466.688,28.446,26.861,19.637,11.519,13.595,0.000,1.747,0.000,0.000,0.000,0.000,0.000,0.000,0.000
4386,1467.012,37.335,26.878,19.624,11.535,13.590,0.000,1.753,0.000,0.000,0.000,0.000,0.000,0.000,0.000
4387,1467.336,38.335,26.894,19.612,11.551,13.585,0.000,1.759,0.000,0.000,0.000,0.000,0.000,0.000,0.000
4388,1467.660,42.890,26.910,19.599,11.566,13.580,0.000,1.764,0.000,0.000,0.000,0.000,0.000,0.000,0.000
4389,1467.984,25.520,26.926,19.586,11.581,13.575,0.000,1.770,0.000,0.000,0.000,0.000,0.000,0.000,0.000
4390,1468.308,24.742,26.942,19.573,11.596,13.570,0.000,1.776,0.000,0.000,0.000,0.000,0.000,0.000,0.000
4391,1468.633,38.112,26.958,19.560,11.611,13.565,0.000,1.782,0.000,0.000,0.000,0.000,0.000,0.000,0.000
4392,1468.957,21.186,26.973,19.547,11.625,13.560,0.000,1.788,0.000,0.000,0.000,0.000,0.000,0.000,0.000
4393,1469.281,38.001,26.988,19.534,11.639,13.555,0.000,1.794,0.000,0.000,0.000,0.000,0.000,0.000,0.000
4394,1469.605,14.298,27.003,19.521,11.652,13.550,0.000,1.800,0.000,0.000,0.000,0.000,0.000,0.000,0.000
4395,1469.929,34.186,27.017,19.508,11.666,13.545,0.000,1.807,0.000,0.000,0.000,0.000,0.000,0.000,0.000
4396,1470.253,30.779,27.032,19.495,11.679,13.540,0.000,1.813,0.000,0.000,0.000,0.000,0.000,0.000,0.000
4397,1470.577,32.631,27.046,19.482,11.691,13.535,0.000,1.819,0.000,0.000,0.000,0.000,0.000,0.000,0.000
4398,1470.901,30.853,27.060,19.469,11.703,13.530,0.000,1.826,0.000,0.000,0.000,0.000,0.000,0.000,0.000
4399,1471.225,16.853,27.073,19.456,11.715,13.525,0.000,1.833,0.000,0.000,0.000,0.000,0.000,0.000,0.000
4400,1471.549,25.631,27.087,19.443,11.727,13.520,0.000,1.839,0.000,0.000,0.000,0.000,0.000,0.000,0.000
4401,1471.874,33.076,27.100,19.430,11.738,13.516,0.000,1.846,0.000,0.000,0.000,0.000,0.000,0.000,0.000
4402,1472.198,18.409,27.113,19.417,11.749,13.511,0.000,1.853,0.000,0.000,0.000,0.000,0.000,0.000,0.000
4403,1472.522,23.372,27.125,19.405,11.759,13.506,0.000,1.860,0.000,0.000,0.000,0.000,0.000,0.000,0.000
4404,1472.846,34.890,27.138,19.392,11.769,13.501,0.000,1.867,0.000,0.000,0.000,0.000,0.000,0.000,0.000
4405,1473.170,38.483,27.150,19.379,11.779,13.496,0.000,1.875,0.000,0.000,0.000,0.000,0.000,0.000,0.000
4406,1473.494,21.779,27.162,19.366,11.789,13.491,0.000,1.882,0.000,0.000,0.000,0.000,0.000,0.000,0.000
4407,1473.819,34.520,27.174,19.353,11.798,13.486,0.000,1.890,0.000,0.000,0.000,0.000,0.000,0.000,0.000
4408,1474.143,27.668,27.185,19.340,11.806,13.482,0.000,1.897,0.000,0.000,0.000,0.000,0.000,0.000,0.000
4409,1474.467,24.779,27.196,19.327,11.815,13.477,0.000,1.905,0.000,0.000,0.000,0.000,0.000,0.000,0.000
4410,1474.791,31.261,27.207,19.314,11.823,13.472,0.000,1.913,0.000,0.000,0.000,0.000,0.000,0.000,0.000
4411,1475.115,23.224,27.218,19.301,11.830,13.467,0.000,1.920,0.000,0.000,0.000,0.000,0.000,0.000,0.000
4412,1475.440,20.038,27.229,19.288,11.838,13.463,0.000,1.928,0.000,0.000,0.000,0.000,0.000,0.000,0.000
4413,1475.764,27.150,27.239,19.275,11.844,13.458,0.000,1.937,0.000,0.000,0.000,0.000,0.000,0.000,0.000
4414,1476.088,20.705,27.249,19.262,11.851,13.453,0.000,1.945,0.000,0.000,0.000,0.000,0.000,0.000,0.000
4415,1476.412,43.002,27.258,19.249,11.857,13.448,0.000,1.953,0.000,0.000,0.000,0.000,0.000,0.000,0.000
4416,1476.736,27.631,27.268,19.236,11.863,13.444,0.000,1.961,0.000,0.000,0.000,0.000,0.000,0.000,0.000
4417,1477.061,15.372,27.276,19.223,11.868,13.439,0.000,1.969,0.000,0.000,0.000,0.000,0.000,0.000,0.000
4418,1477.385,25.038,27.285,19.210,11.873,13.434,0.000,1.978,0.000,0.000,0.000,0.000,0.000,0.000,0.000
4419,1477.709,17.779,27.293,19.197,11.878,13.429,0.000,1.986,0.000,0.000,0.000,0.000,0.000,0.000,0.000
4420,1478.033,42.335,27.301,19.185,11.882,13.425,0.000,1.994,0.000,0.000,0.000,0.000,0.000,0.000,0.000
4421,1478.358,34.557,27.309,19.172,11.886,13.420,0.000,2.003,0.000,0.000,0.000,0.000,0.000,0.000,0.000
4422,1478.682,32.186,27.316,19.159,11.889,13.415,0.000,2.011,0.000,0.000,0.000,0.000,0.000,0.000,0.000
4423,1479.006,23.409,27.323,19.146,11.893,13.411,0.000,2.020,0.000,0.000,0.000,0.000,0.000,0.000,0.000
4424,1479.331,25.186,27.329,19.133,11.895,13.406,0.000,2.028,0.000,0.000,0.000,0.000,0.000,0.000,0.000
4425,1479.655,19.112,27.335,19.120,11.898,13.401,0.000,2.037,0.000,0.000,0.000,0.000,0.000,0.000,0.000
4426,1479.979,24.816,27.341,19.107,11.899,13.397,0.000,2.045,0.000,0.000,0.000,0.000,0.000,0.000,0.000
4427,1480.303,33.816,27.347,19.094,11.901,13.392,0.000,2.054,0.000,0.000,0.000,0.000,0.000,0.000,0.000
4428,1480.628,39.223,27.352,19.081,11.902,13.387,0.000,2.062,0.000,0.000,0.000,0.000,0.000,0.000,0.000
4429,1480.952,31.038,27.356,19.068,11.903,13.383,0.000,2.071,0.000,0.000,0.000,0.000,0.000,0.000,0.000
4430,1481.276,28.890,27.361,19.055,11.903,13.378,0.000,2.079,0.000,0.000,0.000,0.000,0.000,0.000,0.000
4431,1481.601,20.112,27.364,19.042,11.903,13.374,0.000,2.088,0.000,0.000,0.000,0.000,0.000,0.000,0.000
4432,1481.925,21.483,27.368,19.029,11.903,13.369,0.000,2.096,0.000,0.000,0.000,0.000,0.000,0.000,0.000
4433,1482.250,30.335,27.371,19.016,11.902,13.364,0.000,2.105,0.000,0.000,0.000,0.000,0.000,0.000,0.000
4434,1482.574,37.927,27.374,19.003,11.901,13.360,0.000,2.113,0.000,0.000,0.000,0.000,0.000,0.000,0.000
4435,1482.898,44.446,27.376,18.990,11.899,13.355,0.000,2.122,0.000,0.000,0.000,0.000,0.000,0.000,0.000
4436,1483.223,26.038,27.378,18.977,11.897,13.351,0.000,2.130,0.000,0.000,0.000,0.000,0.000,0.000,0.000
4437,1483.547,32.668,27.380,18.965,11.895,13.346,0.000,2.139,0.000,0.000,0.000,0.000,0.000,0.000,0.000
4438,1483.871,22.372,27.381,18.952,11.892,13.341,0.000,2.147,0.000,0.000,0.000,0.000,0.000,0.000,0.000
4439,1484.196,32.705,27.382,18.939,11.889,13.337,0.000,2.156,0.000,0.000,0.000,0.000,0.000,0.000,0.000
4440,1484.520,35.186,27.382,18.926,11.886,13.332,0.000,2.164,0.000,0.000,0.000,0.000,0.000,0.000,0.000
4441,1484.845,33.668,27.382,18.913,11.882,13.328,0.000,2.173,0.000,0.000,0.000,0.000,0.000,0.000,0.000
4442,1485.169,37.335,27.382,18.900,11.877,13.323,0.000,2.181,0.000,0.000,0.000,0.000,0.000,0.000,0.000
4443,1485.493,23.038,27.381,18.887,11.873,13.319,0.000,2.190,0.000,0.000,0.000,0.000,0.000,0.000,0.000
4444,1485.818,19.631,27.380,18.874,11.868,13.314,0.000,2.198,0.000,0.000,0.000,0.000,0.000,0.000,0.000
4445,1486.142,22.890,27.378,18.861,11.862,13.309,0.000,2.207,0.000,0.000,0.000,0.000,0.000,0.000,0.000
4446,1486.467,30.297,27.376,18.848,11.856,13.305,0.000,2.215,0.000,0.000,0.000,0.000,0.000,0.000,0.000
4447,1486.791,40.075,27.374,18.835,11.850,13.300,0.000,2.223,0.000,0.000,0.000,0.000,0.000,0.000,0.000
4448,1487.116,30.742,27.371,18.822,11.844,13.296,0.000,2.232,0.000,0.000,0.000,0.000,0.000,0.000,0.000
4449,1487.440,40.705,27.368,18.809,11.837,13.291,0.000,2.240,0.000,0.000,0.000,0.000,0.000,0.000,0.000
4450,1487.765,35.705,27.364,18.796,11.829,13.287,0.000,2.248,0.000,0.000,0.000,0.000,0.000,0.000,0.000
4451,1488.089,30.557,27.360,18.783,11.821,13.282,0.000,2.256,0.000,0.000,0.000,0.000,0.000,0.000,0.000
4452,1488.414,43.964,27.355,18.770,11.813,13.278,0.000,2.265,0.000,0.000,0.000,0.000,0.000,0.000,0.000
4453,1488.738,28.112,27.351,18.757,11.805,13.273,0.000,2.273,0.000,0.000,0.000,0.000,0.000,0.000,0.000
4454,1489.063,30.002,27.345,18.745,11.796,13.269,0.000,2.281,0.000,0.000,0.000,0.000,0.000,0.000,0.000
4455,1489.387,29.076,27.340,18.732,11.787,13.264,0.000,2.289,0.000,0.000,0.000,0.000,0.000,0.000,0.000
4456,1489.712,22.816,27.333,18.719,11.777,13.260,0.000,2.297,0.000,0.000,0.000,0.000,0.000,0.000,0.000
4457,1490.036,35.038,27.327,18.706,11.767,13.255,0.000,2.305,0.000,0.000,0.000,0.000,0.000,0.000,0.000
4458,1490.361,35.668,27.320,18.693,11.757,13.250,0.000,2.313,0.000,0.000,0.000,0.000,0.000,0.000,0.000
4459,1490.685,18.335,27.313,18.680,11.746,13.246,0.000,2.321,0.000,0.000,0.000,0.000,0.000,0.000,0.000
4460,1491.010,40.557,27.305,18.667,11.735,13.241,0.000,2.328,0.000,0.000,0.000,0.000,0.000,0.000,0.000
4461,1491.335,34.150,27.297,18.654,11.724,13.237,0.000,2.336,0.000,0.000,0.000,0.000,0.000,0.000,0.000
4462,1491.659,39.853,27.288,18.641,11.712,13.232,0.000,2.344,0.000,0.000,0.000,0.000,0.000,0.000,0.000
4463,1491.984,34.964,27.279,18.628,11.700,13.228,0.000,2.351,0.000,0.000,0.000,0.000,0.000,0.000,0.000
4464,1492.308,30.668,27.270,18.615,11.687,13.223,0.000,2.359,0.000,0.000,0.000,0.000,0.000,0.000,0.000
4465,1492.633,32.038,27.260,18.602,11.675,13.219,0.000,2.366,0.000,0.000,0.000,0.000,0.000,0.000,0.000
4466,1492.957,31.816,27.250,18.589,11.662,13.214,0.000,2.374,0.000,0.000,0.000,0.000,0.000,0.000,0.000
4467,1493.282,38.261,27.239,18.576,11.648,13.210,0.000,2.381,0.000,0.000,0.000,0.000,0.000,0.000,0.000
4468,1493.607,36.223,27.228,18.563,11.634,13.205,0.000,2.388,0.000,0.000,0.000,0.000,0.000,0.000,0.000
4469,1493.931,32.298,27.216,18.550,11.620,13.201,0.000,2.396,0.000,0.000,0.000,0.000,0.000,0.000,0.000
4470,1494.256,34.335,27.205,18.537,11.606,13.196,0.000,2.403,0.000,0.000,0.000,0.000,0.000,0.000,0.000
4471,1494.581,28.335,27.192,18.525,11.591,13.191,0.000,2.410,0.000,0.000,0.000,0.000,0.000,0.000,0.000
4472,1494.905,30.297,27.180,18.512,11.576,13.187,0.000,2.417,0.000,0.000,0.000,0.000,0.000,0.000,0.000
4473,1495.230,33.224,27.167,18.499,11.561,13.182,0.000,2.424,0.000,0.000,0.000,0.000,0.000,0.000,0.000
4474,1495.555,30.742,27.153,18.486,11.545,13.178,0.000,2.430,0.000,0.000,0.000,0.000,0.000,0.000,0.000
4475,1495.879,34.075,27.139,18.473,11.529,13.173,0.000,2.437,0.000,0.000,0.000,0.000,0.000,0.000,0.000
4476,1496.204,37.112,27.125,18.460,11.513,13.169,0.000,2.444,0.000,0.000,0.000,0.000,0.000,0.000,0.000
4477,1496.529,34.779,27.111,18.447,11.496,13.164,0.000,2.450,0.000,0.000,0.000,0.000,0.000,0.000,0.000
4478,1496.853,40.224,27.096,18.434,11.479,13.160,0.000,2.457,0.000,0.000,0.000,0.000,0.000,0.000,0.000
4479,1497.178,32.075,27.080,18.421,11.462,13.155,0.000,2.463,0.000,0.000,0.000,0.000,0.000,0.000,0.000
4480,1497.503,41.483,27.065,18.408,11.445,13.150,0.000,2.469,0.000,0.000,0.000,0.000,0.000,0.000,0.000
4481,1497.827,38.335,27.049,18.395,11.427,13.146,0.000,2.475,0.000,0.000,0.000,0.000,0.000,0.000,0.000
4482,1498.152,36.705,27.032,18.382,11.409,13.141,0.000,2.481,0.000,0.000,0.000,0.000,0.000,0.000,0.000
4483,1498.477,30.149,27.015,18.369,11.391,13.137,0.000,2.487,0.000,0.000,0.000,0.000,0.000,0.000,0.000
4484,1498.802,32.186,26.998,18.356,11.373,13.132,0.000,2.493,0.000,0.000,0.000,0.000,0.000,0.000,0.000
4485,1499.126,35.186,26.981,18.343,11.354,13.127,0.000,2.499,0.000,0.000,0.000,0.000,0.000,0.000,0.000
4486,1499.451,43.075,26.963,18.330,11.335,13.123,0.000,2.504,0.000,0.000,0.000,0.000,0.000,0.000,0.000
4487,1499.776,35.742,26.944,18.318,11.316,13.118,0.000,2.510,0.000,0.000,0.000,0.000,0.000,0.000,0.000
4488,1500.101,41.372,26.926,18.305,11.297,13.114,0.000,2.515,0.000,0.000,0.000,0.000,0.000,0.000,0.000
4489,1500.426,44.186,26.907,18.292,11.277,13.109,0.000,2.521,0.000,0.000,0.000,0.000,0.000,0.000,0.000
4490,1500.750,38.557,26.888,18.279,11.257,13.104,0.000,2.526,0.000,0.000,0.000,0.000,0.000,0.000,0.000
4491,1501.075,29.112,26.868,18.266,11.237,13.100,0.000,2.531,0.000,0.000,0.000,0.000,0.000,0.000,0.000
4492,1501.400,41.298,26.848,18.253,11.217,13.095,0.000,2.536,0.000,0.000,0.000,0.000,0.000,0.000,0.000
4493,1501.725,38.557,26.828,18.240,11.197,13.090,0.000,2.541,0.000,0.000,0.000,0.000,0.000,0.000,0.000
4494,1502.050,32.853,26.807,18.227,11.176,13.086,0.000,2.545,0.000,0.000,0.000,0.000,0.000,0.000,0.000
4495,1502.375,36.890,26.787,18.214,11.156,13.081,0.000,2.550,0.000,0.000,0.000,0.000,0.000,0.000,0.000
4496,1502.699,29.779,26.766,18.201,11.135,13.076,0.000,2.554,0.000,0.000,0.000,0.000,0.000,0.000,0.000
4497,1503.024,35.186,26.744,18.188,11.114,13.072,0.000,2.559,0.000,0.000,0.000,0.000,0.000,0.000,0.000
4498,1503.349,23.594,26.722,18.175,11.092,13.067,0.000,2.563,0.000,0.000,0.000,0.000,0.000,0.000,0.000
4499,1503.674,40.631,26.700,18.162,11.071,13.062,0.000,2.567,0.000,0.000,0.000,0.000,0.000,0.000,0.000
4500,1503.999,37.557,26.678,18.149,11.050,13.058,0.000,2.571,0.000,0.000,0.000,0.000,0.000,0.000,0.000
4501,1504.324,40.409,26.656,18.136,11.028,13.053,0.000,2.575,0.000,0.000,0.000,0.000,0.000,0.000,0.000
4502,1504.649,44.409,26.633,18.123,11.006,13.048,0.000,2.579,0.000,0.000,0.000,0.000,0.000,0.000,0.000
4503,1504.974,45.335,26.610,18.110,10.984,13.043,0.000,2.582,0.000,0.000,0.000,0.000,0.000,0.000,0.000
4504,1505.299,32.483,26.587,18.098,10.962,13.039,0.000,2.586,0.000,0.000,0.000,0.000,0.000,0.000,0.000
4505,1505.623,40.038,26.563,18.085,10.940,13.034,0.000,2.589,0.000,0.000,0.000,0.000,0.000,0.000,0.000
4506,1505.948,33.853,26.540,18.072,10.918,13.029,0.000,2.592,0.000,0.000,0.000,0.000,0.000,0.000,0.000
4507,1506.273,32.483,26.516,18.059,10.896,13.024,0.000,2.595,0.000,0.000,0.000,0.000,0.000,0.000,0.000
4508,1506.598,45.853,26.491,18.046,10.874,13.020,0.000,2.598,0.000,0.000,0.000,0.000,0.000,0.000,0.000
4509,1506.923,37.224,26.467,18.033,10.851,13.015,0.000,2.601,0.000,0.000,0.000,0.000,0.000,0.000,0.000
4510,1507.248,28.261,26.443,18.020,10.829,13.010,0.000,2.604,0.000,0.000,0.000,0.000,0.000,0.000,0.000
4511,1507.573,48.557,26.418,18.007,10.807,13.005,0.000,2.606,0.000,0.000,0.000,0.000,0.000,0.000,0.000
4512,1507.898,37.038,26.393,17.994,10.784,13.000,0.000,2.609,0.000,0.000,0.000,0.000,0.000,0.000,0.000
4513,1508.223,29.186,26.368,17.981,10.762,12.996,0.000,2.611,0.000,0.000,0.000,0.000,0.000,0.000,0.000
4514,1508.548,34.409,26.343,17.968,10.739,12.991,0.000,2.613,0.000,0.000,0.000,0.000,0.000,0.000,0.000
4515,1508.873,45.594,26.317,17.955,10.717,12.986,0.000,2.615,0.000,0.000,0.000,0.000,0.000,0.000,0.000
4516,1509.198,42.557,26.292,17.942,10.694,12.981,0.000,2.617,0.000,0.000,0.000,0.000,0.000,0.000,0.000
4517,1509.523,35.631,26.266,17.929,10.672,12.976,0.000,2.618,0.000,0.000,0.000,0.000,0.000,0.000,0.000
4518,1509.848,38.816,26.241,17.916,10.649,12.971,0.000,2.620,0.000,0.000,0.000,0.000,0.000,0.000,0.000
4519,1510.173,27.038,26.215,17.903,10.627,12.966,0.000,2.622,0.000,0.000,0.000,0.000,0.000,0.000,0.000
4520,1510.498,35.409,26.189,17.890,10.604,12.961,0.000,2.623,0.000,0.000,0.000,0.000,0.000,0.000,0.000
4521,1510.824,36.483,26.163,17.878,10.582,12.957,0.000,2.624,0.000,0.000,0.000,0.000,0.000,0.000,0.000
4522,1511.149,38.038,26.137,17.865,10.560,12.952,0.000,2.625,0.000,0.000,0.000,0.000,0.000,0.000,0.000
4523,1511.474,38.298,26.110,17.852,10.538,12.947,0.000,2.626,0.000,0.000,0.000,0.000,0.000,0.000,0.000
4524,1511.799,41.557,26.084,17.839,10.516,12.942,0.000,2.627,0.000,0.000,0.000,0.000,0.000,0.000,0.000
4525,1512.124,40.112,26.058,17.826,10.494,12.937,0.000,2.627,0.000,0.000,0.000,0.000,0.000,0.000,0.000
4526,1512.449,39.409,26.032,17.813,10.472,12.932,0.000,2.628,0.000,0.000,0.000,0.000,0.000,0.000,0.000
4527,1512.774,28.520,26.005,17.800,10.450,12.927,0.000,2.628,0.000,0.000,0.000,0.000,0.000,0.000,0.000
4528,1513.099,44.112,25.979,17.787,10.429,12.922,0.000,2.628,0.000,0.000,0.000,0.000,0.000,0.000,0.000
4529,1513.424,51.557,25.953,17.774,10.407,12.917,0.000,2.629,0.000,0.000,0.000,0.000,0.000,0.000,0.000
4530,1513.750,40.038,25.926,17.761,10.386,12.912,0.000,2.629,0.000,0.000,0.000,0.000,0.000,0.000,0.000
4531,1514.075,50.186,25.900,17.748,10.365,12.907,0.000,2.628,0.000,0.000,0.000,0.000,0.000,0.000,0.000
4532,1514.400,33.816,25.874,17.735,10.344,12.902,0.000,2.628,0.000,0.000,0.000,0.000,0.000,0.000,0.000
4533,1514.725,32.779,25.848,17.722,10.323,12.897,0.000,2.628,0.000,0.000,0.000,0.000,0.000,0.000,0.000
4534,1515.050,30.335,25.821,17.709,10.302,12.892,0.000,2.627,0.000,0.000,0.000,0.000,0.000,0.000,0.000
4535,1515.375,39.557,25.795,17.696,10.282,12.887,0.000,2.627,0.000,0.000,0.000,0.000,0.000,0.000,0.000
4536,1515.701,41.853,25.769,17.683,10.262,12.882,0.000,2.626,0.000,0.000,0.000,0.000,0.000,0.000,0.000
4537,1516.026,36.112,25.743,17.670,10.242,12.877,0.000,2.625,0.000,0.000,0.000,0.000,0.000,0.000,0.000
4538,1516.351,39.112,25.718,17.658,10.222,12.871,0.000,2.624,0.000,0.000,0.000,0.000,0.000,0.000,0.000
4539,1516.676,40.409,25.692,17.645,10.203,12.866,0.000,2.623,0.000,0.000,0.000,0.000,0.000,0.000,0.000
4540,1517.002,37.779,25.666,17.632,10.184,12.861,0.000,2.621,0.000,0.000,0.000,0.000,0.000,0.000,0.000
4541,1517.327,46.297,25.641,17.619,10.165,12.856,0.000,2.620,0.000,0.000,0.000,0.000,0.000,0.000,0.000
4542,1517.652,45.112,25.616,17.606,10.146,12.851,0.000,2.618,0.000,0.000,0.000,0.000,0.000,0.000,0.000
4543,1517.977,39.853,25.591,17.593,10.128,12.846,0.000,2.617,0.000,0.000,0.000,0.000,0.000,0.000,0.000
4544,1518.303,35.742,25.566,17.580,10.110,12.841,0.000,2.615,0.000,0.000,0.000,0.000,0.000,0.000,0.000
4545,1518.628,38.557,25.541,17.567,10.092,12.836,0.000,2.613,0.000,0.000,0.000,0.000,0.000,0.000,0.000
4546,1518.953,32.149,25.517,17.554,10.075,12.830,0.000,2.611,0.000,0.000,0.000,0.000,0.000,0.000,0.000
4547,1519.279,33.038,25.492,17.541,10.058,12.825,0.000,2.609,0.000,0.000,0.000,0.000,0.000,0.000,0.000
4548,1519.604,46.483,25.468,17.528,10.041,12.820,0.000,2.607,0.000,0.000,0.000,0.000,0.000,0.000,0.000
4549,1519.929,52.853,25.445,17.515,10.025,12.815,0.000,2.605,0.000,0.000,0.000,0.000,0.000,0.000,0.000
4550,1520.255,56.409,25.421,17.502,10.009,12.810,0.000,2.602,0.000,0.000,0.000,0.000,0.000,0.000,0.000
4551,1520.580,31.742,25.398,17.489,9.994,12.804,0.000,2.600,0.000,0.000,0.000,0.000,0.000,0.000,0.000
4552,1520.905,43.927,25.375,17.476,9.979,12.799,0.000,2.597,0.000,0.000,0.000,0.000,0.000,0.000,0.000
4553,1521.231,39.261,25.352,17.463,9.964,12.794,0.000,2.594,0.000,0.000,0.000,0.000,0.000,0.000,0.000
4554,1521.556,40.409,25.330,17.450,9.950,12.789,0.000,2.591,0.000,0.000,0.000,0.000,0.000,0.000,0.000
4555,1521.882,38.335,25.308,17.438,9.936,12.783,0.000,2.589,0.000,0.000,0.000,0.000,0.000,0.000,0.000
4556,1522.207,36.779,25.287,17.425,9.923,12.778,0.000,2.586,0.000,0.000,0.000,0.000,0.000,0.000,0.000
4557,1522.532,45.001,25.265,17.412,9.910,12.773,0.000,2.582,0.000,0.000,0.000,0.000,0.000,0.000,0.000
4558,1522.858,41.186,25.244,17.399,9.897,12.768,0.000,2.579,0.000,0.000,0.000,0.000,0.000,0.000,0.000
4559,1523.183,44.224,25.224,17.386,9.886,12.762,0.000,2.576,0.000,0.000,0.000,0.000,0.000,0.000,0.000
4560,1523.509,46.557,25.204,17.373,9.874,12.757,0.000,2.573,0.000,0.000,0.000,0.000,0.000,0.000,0.000
4561,1523.834,43.371,25.184,17.360,9.863,12.752,0.000,2.569,0.000,0.000,0.000,0.000,0.000,0.000,0.000
4562,1524.160,43.742,25.165,17.347,9.853,12.746,0.000,2.566,0.000,0.000,0.000,0.000,0.000,0.000,0.000
4563,1524.485,43.779,25.146,17.334,9.843,12.741,0.000,2.562,0.000,0.000,0.000,0.000,0.000,0.000,0.000
4564,1524.810,48.557,25.128,17.321,9.834,12.736,0.000,2.558,0.000,0.000,0.000,0.000,0.000,0.000,0.000
4565,1525.136,30.964,25.110,17.308,9.825,12.731,0.000,2.555,0.000,0.000,0.000,0.000,0.000,0.000,0.000
4566,1525.461,33.779,25.093,17.295,9.817,12.725,0.000,2.551,0.000,0.000,0.000,0.000,0.000,0.000,0.000
4567,1525.787,45.409,25.076,17.282,9.809,12.720,0.000,2.547,0.000,0.000,0.000,0.000,0.000,0.000,0.000
4568,1526.113,36.186,25.060,17.269,9.802,12.715,0.000,2.543,0.000,0.000,0.000,0.000,0.000,0.000,0.000
4569,1526.438,48.779,25.044,17.256,9.795,12.709,0.000,2.539,0.000,0.000,0.000,0.000,0.000,0.000,0.000
4570,1526.764,43.557,25.028,17.243,9.790,12.704,0.000,2.535,0.000,0.000,0.000,0.000,0.000,0.000,0.000
4571,1527.089,34.964,25.014,17.230,9.784,12.698,0.000,2.531,0.000,0.000,0.000,0.000,0.000,0.000,0.000
4572,1527.415,26.557,25.000,17.218,9.780,12.693,0.000,2.527,0.000,0.000,0.000,0.000,0.000,0.000,0.000
4573,1527.740,41.964,24.986,17.205,9.776,12.688,0.000,2.522,0.000,0.000,0.000,0.000,0.000,0.000,0.000
4574,1528.066,39.075,24.973,17.192,9.773,12.682,0.000,2.518,0.000,0.000,0.000,0.000,0.000,0.000,0.000
4575,1528.391,38.112,24.961,17.179,9.770,12.677,0.000,2.514,0.000,0.000,0.000,0.000,0.000,0.000,0.000
4576,1528.717,48.186,24.949,17.166,9.768,12.672,0.000,2.510,0.000,0.000,0.000,0.000,0.000,0.000,0.000
4577,1529.043,29.668,24.938,17.153,9.767,12.666,0.000,2.505,0.000,0.000,0.000,0.000,0.000,0.000,0.000
4578,1529.368,32.557,24.928,17.140,9.767,12.661,0.000,2.501,0.000,0.000,0.000,0.000,0.000,0.000,0.000
4579,1529.694,45.150,24.918,17.127,9.767,12.655,0.000,2.496,0.000,0.000,0.000,0.000,0.000,0.000,0.000
4580,1530.020,34.298,24.909,17.114,9.768,12.650,0.000,2.492,0.000,0.000,0.000,0.000,0.000,0.000,0.000
4581,1530.345,35.335,24.901,17.101,9.769,12.645,0.000,2.487,0.000,0.000,0.000,0.000,0.000,0.000,0.000
4582,1530.671,40.557,24.894,17.088,9.772,12.639,0.000,2.483,0.000,0.000,0.000,0.000,0.000,0.000,0.000
4583,1530.997,49.594,24.887,17.075,9.775,12.634,0.000,2.478,0.000,0.000,0.000,0.000,0.000,0.000,0.000
4584,1531.322,30.779,24.881,17.062,9.779,12.629,0.000,2.474,0.000,0.000,0.000,0.000,0.000,0.000,0.000
4585,1531.648,35.445,24.876,17.049,9.784,12.623,0.000,2.469,0.000,0.000,0.000,0.000,0.000,0.000,0.000
4586,1531.974,27.223,24.871,17.036,9.789,12.618,0.000,2.464,0.000,0.000,0.000,0.000,0.000,0.000,0.000
4587,1532.299,40.186,24.868,17.023,9.796,12.612,0.000,2.460,0.000,0.000,0.000,0.000,0.000,0.000,0.000
4588,1532.625,29.557,24.865,17.011,9.803,12.607,0.000,2.455,0.000,0.000,0.000,0.000,0.000,0.000,0.000
4589,1532.951,45.557,24.863,16.998,9.811,12.602,0.000,2.450,0.000,0.000,0.000,0.000,0.000,0.000,0.000
4590,1533.277,35.483,24.862,16.985,9.820,12.596,0.000,2.446,0.000,0.000,0.000,0.000,0.000,0.000,0.000
4591,1533.602,48.594,24.861,16.972,9.829,12.591,0.000,2.441,0.000,0.000,0.000,0.000,0.000,0.000,0.000
4592,1533.928,37.261,24.862,16.959,9.840,12.585,0.000,2.437,0.000,0.000,0.000,0.000,0.000,0.000,0.000
4593,1534.254,34.335,24.863,16.946,9.851,12.580,0.000,2.432,0.000,0.000,0.000,0.000,0.000,0.000,0.000
4594,1534.580,49.186,24.866,16.933,9.864,12.575,0.000,2.427,0.000,0.000,0.000,0.000,0.000,0.000,0.000
4595,1534.905,34.520,24.869,16.920,9.877,12.569,0.000,2.423,0.000,0.000,0.000,0.000,0.000,0.000,0.000
4596,1535.231,32.038,24.873,16.907,9.891,12.564,0.000,2.418,0.000,0.000,0.000,0.000,0.000,0.000,0.000
4597,1535.557,33.186,24.878,16.894,9.906,12.559,0.000,2.414,0.000,0.000,0.000,0.000,0.000,0.000,0.000
4598,1535.883,40.038,24.884,16.881,9.922,12.553,0.000,2.409,0.000,0.000,0.000,0.000,0.000,0.000,0.000
4599,1536.209,37.112,24.891,16.868,9.939,12.548,0.000,2.405,0.000,0.000,0.000,0.000,0.000,0.000,0.000
4600,1536.535,38.297,24.900,16.855,9.957,12.543,0.000,2.400,0.000,0.000,0.000,0.000,0.000,0.000,0.000
4601,1536.861,25.557,24.909,16.842,9.976,12.537,0.000,2.396,0.000,0.000,0.000,0.000,0.000,0.000,0.000
4602,1537.186,40.224,24.919,16.829,9.996,12.532,0.000,2.391,0.000,0.000,0.000,0.000,0.000,0.000,0.000
4603,1537.512,42.779,24.930,16.816,10.016,12.527,0.000,2.387,0.000,0.000,0.000,0.000,0.000,0.000,0.000
4604,1537.838,38.557,24.942,16.803,10.038,12.521,0.000,2.383,0.000,0.000,0.000,0.000,0.000,0.000,0.000
4605,1538.164,43.779,24.956,16.791,10.061,12.516,0.000,2.379,0.000,0.000,0.000,0.000,0.000,0.000,0.000
4606,1538.490,27.186,24.970,16.778,10.085,12.511,0.000,2.374,0.000,0.000,0.000,0.000,0.000,0.000,0.000
4607,1538.816,43.631,24.986,16.765,10.110,12.506,0.000,2.370,0.000,0.000,0.000,0.000,0.000,0.000,0.000
4608,1539.142,34.112,25.002,16.752,10.136,12.500,0.000,2.366,0.000,0.000,0.000,0.000,0.000,0.000,0.000
4609,1539.468,25.779,25.020,16.739,10.163,12.495,0.000,2.362,0.000,0.000,0.000,0.000,0.000,0.000,0.000
4610,1539.794,41.038,25.039,16.726,10.191,12.490,0.000,2.358,0.000,0.000,0.000,0.000,0.000,0.000,0.000
4611,1540.120,40.853,25.059,16.713,10.220,12.485,0.000,2.354,0.000,0.000,0.000,0.000,0.000,0.000,0.000
4612,1540.446,45.483,25.080,16.700,10.250,12.479,0.000,2.351,0.000,0.000,0.000,0.000,0.000,0.000,0.000
4613,1540.772,21.519,25.103,16.687,10.282,12.474,0.000,2.347,0.000,0.000,0.000,0.000,0.000,0.000,0.000
4614,1541.098,32.149,25.126,16.674,10.314,12.469,0.000,2.343,0.000,0.000,0.000,0.000,0.000,0.000,0.000
4615,1541.424,35.335,25.151,16.661,10.348,12.464,0.000,2.340,0.000,0.000,0.000,0.000,0.000,0.000,0.000
4616,1541.750,37.520,25.177,16.648,10.382,12.459,0.000,2.336,0.000,0.000,0.000,0.000,0.000,0.000,0.000
4617,1542.076,25.742,25.205,16.635,10.418,12.454,0.000,2.333,0.000,0.000,0.000,0.000,0.000,0.000,0.000
4618,1542.402,31.779,25.233,16.622,10.455,12.448,0.000,2.329,0.000,0.000,0.000,0.000,0.000,0.000,0.000
4619,1542.728,37.297,25.263,16.609,10.493,12.443,0.000,2.326,0.000,0.000,0.000,0.000,0.000,0.000,0.000
4620,1543.054,33.186,25.294,16.596,10.533,12.438,0.000,2.323,0.000,0.000,0.000,0.000,0.000,0.000,0.000
4621,1543.380,38.038,25.327,16.583,10.573,12.433,0.000,2.320,0.000,0.000,0.000,0.000,0.000,0.000,0.000
4622,1543.706,40.261,25.360,16.571,10.615,12.428,0.000,2.317,0.000,0.000,0.000,0.000,0.000,0.000,0.000
4623,1544.032,45.223,25.395,16.558,10.658,12.423,0.000,2.314,0.000,0.000,0.000,0.000,0.000,0.000,0.000
4624,1544.359,33.853,25.432,16.545,10.702,12.418,0.000,2.312,0.000,0.000,0.000,0.000,0.000,0.000,0.000
4625,1544.685,32.261,25.470,16.532,10.747,12.413,0.000,2.309,0.000,0.000,0.000,0.000,0.000,0.000,0.000
4626,1545.011,35.446,25.509,16.519,10.794,12.408,0.000,2.307,0.000,0.000,0.000,0.000,0.000,0.000,0.000
4627,1545.337,40.779,25.549,16.506,10.842,12.403,0.000,2.304,0.000,0.000,0.000,0.000,0.000,0.000,0.000
4628,1545.663,40.409,25.591,16.493,10.891,12.398,0.000,2.302,0.000,0.000,0.000,0.000,0.000,0.000,0.000
4629,1545.989,34.297,25.635,16.480,10.941,12.394,0.000,2.300,0.000,0.000,0.000,0.000,0.000,0.000,0.000
4630,1546.315,44.668,25.680,16.467,10.993,12.389,0.000,2.298,0.000,0.000,0.000,0.000,0.000,0.000,0.000
4631,1546.642,46.927,25.726,16.454,11.046,12.384,0.000,2.296,0.000,0.000,0.000,0.000,0.000,0.000,0.000
4632,1546.968,30.705,25.774,16.441,11.100,12.379,0.000,2.295,0.000,0.000,0.000,0.000,0.000,0.000,0.000
4633,1547.294,35.150,25.823,16.428,11.156,12.374,0.000,2.293,0.000,0.000,0.000,0.000,0.000,0.000,0.000
4634,1547.620,37.223,25.874,16.415,11.213,12.370,0.000,2.292,0.000,0.000,0.000,0.000,0.000,0.000,0.000
4635,1547.947,30.001,25.926,16.402,11.271,12.365,0.000,2.290,0.000,0.000,0.000,0.000,0.000,0.000,0.000
4636,1548.273,38.519,25.979,16.389,11.329,12.360,0.000,2.289,0.000,0.000,0.000,0.000,0.000,0.000,0.000
4637,1548.599,44.409,26.032,16.376,11.388,12.356,0.000,2.288,0.000,0.000,0.000,0.000,0.000,0.000,0.000
4638,1548.925,37.668,26.086,16.363,11.448,12.351,0.000,2.287,0.000,0.000,0.000,0.000,0.000,0.000,0.000
4639,1549.252,24.631,26.142,16.351,11.508,12.346,0.000,2.287,0.000,0.000,0.000,0.000,0.000,0.000,0.000
4640,1549.578,40.519,26.197,16.338,11.569,12.342,0.000,2.286,0.000,0.000,0.000,0.000,0.000,0.000,0.000
4641,1549.904,43.446,26.254,16.325,11.631,12.337,0.000,2.286,0.000,0.000,0.000,0.000,0.000,0.000,0.000
4642,1550.231,40.853,26.311,16.312,11.693,12.333,0.000,2.285,0.000,0.000,0.000,0.000,0.000,0.000,0.000
4643,1550.557,22.186,26.370,16.299,11.756,12.329,0.000,2.285,0.000,0.000,0.000,0.000,0.000,0.000,0.000
4644,1550.883,28.335,26.428,16.286,11.819,12.324,0.000,2.285,0.000,0.000,0.000,0.000,0.000,0.000,0.000
4645,1551.210,33.038,26.488,16.273,11.882,12.320,0.000,2.286,0.000,0.000,0.000,0.000,0.000,0.000,0.000
4646,1551.536,35.149,26.548,16.260,11.946,12.315,0.000,2.286,0.000,0.000,0.000,0.000,0.000,0.000,0.000
4647,1551.863,34.631,26.609,16.247,12.011,12.311,0.000,2.287,0.000,0.000,0.000,0.000,0.000,0.000,0.000
4648,1552.189,33.335,26.671,16.234,12.076,12.307,0.000,2.288,0.000,0.000,0.000,0.000,0.000,0.000,0.000
4649,1552.515,35.631,26.733,16.221,12.142,12.303,0.000,2.289,0.000,0.000,0.000,0.000,0.000,0.000,0.000
4650,1552.842,43.557,26.796,16.208,12.207,12.298,0.000,2.290,0.000,0.000,0.000,0.000,0.000,0.000,0.000
4651,1553.168,34.483,26.859,16.195,12.274,12.294,0.000,2.291,0.000,0.000,0.000,0.000,0.000,0.000,0.000
4652,1553.495,36.964,26.923,16.182,12.340,12.290,0.000,2.293,0.000,0.000,0.000,0.000,0.000,0.000,0.000
4653,1553.821,22.112,26.988,16.169,12.407,12.286,0.000,2.294,0.000,0.000,0.000,0.000,0.000,0.000,0.000
4654,1554.148,26.297,27.053,16.156,12.475,12.282,0.000,2.296,0.000,0.000,0.000,0.000,0.000,0.000,0.000
4655,1554.474,26.519,27.119,16.143,12.542,12.278,0.000,2.298,0.000,0.000,0.000,0.000,0.000,0.000,0.000
4656,1554.801,31.483,27.185,16.131,12.610,12.274,0.000,2.301,0.000,0.000,0.000,0.000,0.000,0.000,0.000
4657,1555.127,26.483,27.252,16.118,12.678,12.270,0.000,2.303,0.000,0.000,0.000,0.000,0.000,0.000,0.000
4658,1555.454,30.075,27.319,16.105,12.747,12.266,0.000,2.306,0.000,0.000,0.000,0.000,0.000,0.000,0.000
4659,1555.780,25.631,27.387,16.092,12.816,12.262,0.000,2.309,0.000,0.000,0.000,0.000,0.000,0.000,0.000
4660,1556.107,41.779,27.455,16.079,12.885,12.259,0.000,2.312,0.000,0.000,0.000,0.000,0.000,0.000,0.000
4661,1556.433,26.594,27.524,16.066,12.954,12.255,0.000,2.315,0.000,0.000,0.000,0.000,0.000,0.000,0.000
4662,1556.760,40.371,27.593,16.053,13.023,12.251,0.000,2.319,0.000,0.000,0.000,0.000,0.000,0.000,0.000
4663,1557.086,30.223,27.663,16.040,13.093,12.247,0.000,2.323,0.000,0.000,0.000,0.000,0.000,0.000,0.000
4664,1557.413,35.409,27.733,16.027,13.162,12.244,0.000,2.327,0.000,0.000,0.000,0.000,0.000,0.000,0.000
4665,1557.740,28.927,27.803,16.014,13.232,12.240,0.000,2.331,0.000,0.000,0.000,0.000,0.000,0.000,0.000
4666,1558.066,27.038,27.874,16.001,13.302,12.237,0.000,2.335,0.000,0.000,0.000,0.000,0.000,0.000,0.000
4667,1558.393,33.742,27.945,15.988,13.372,12.233,0.000,2.340,0.000,0.000,0.000,0.000,0.000,0.000,0.000
4668,1558.719,32.112,28.016,15.975,13.442,12.230,0.000,2.345,0.000,0.000,0.000,0.000,0.000,0.000,0.000
4669,1559.046,28.668,28.088,15.962,13.512,12.226,0.000,2.350,0.000,0.000,0.000,0.000,0.000,0.000,0.000
4670,1559.373,20.779,28.160,15.949,13.582,12.223,0.000,2.355,0.000,0.000,0.000,0.000,0.000,0.000,0.000
4671,1559.699,39.001,28.232,15.936,13.652,12.219,0.000,2.361,0.000,0.000,0.000,0.000,0.000,0.000,0.000
4672,1560.026,36.927,28.305,15.924,13.722,12.216,0.000,2.367,0.000,0.000,0.000,0.000,0.000,0.000,0.000
4673,1560.353,32.335,28.378,15.911,13.792,12.213,0.000,2.373,0.000,0.000,0.000,0.000,0.000,0.000,0.000
4674,1560.680,34.038,28.451,15.898,13.862,12.209,0.000,2.379,0.000,0.000,0.000,0.000,0.000,0.000,0.000
4675,1561.006,20.186,28.524,15.885,13.932,12.206,0.000,2.386,0.000,0.000,0.000,0.000,0.000,0.000,0.000
4676,1561.333,31.853,28.597,15.872,14.002,12.203,0.000,2.392,0.000,0.000,0.000,0.000,0.000,0.000,0.000
4677,1561.660,23.631,28.671,15.859,14.071,12.200,0.000,2.399,0.000,0.000,0.000,0.000,0.000,0.000,0.000
4678,1561.987,33.705,28.744,15.846,14.141,12.197,0.000,2.407,0.000,0.000,0.000,0.000,0.000,0.000,0.000
4679,1562.313,33.557,28.818,15.833,14.210,12.194,0.000,2.414,0.000,0.000,0.000,0.000,0.000,0.000,0.000
4680,1562.640,36.335,28.892,15.820,14.279,12.191,0.000,2.422,0.000,0.000,0.000,0.000,0.000,0.000,0.000
4681,1562.967,21.409,28.966,15.807,14.348,12.188,0.000,2.430,0.000,0.000,0.000,0.000,0.000,0.000,0.000
4682,1563.294,35.297,29.040,15.794,14.417,12.185,0.000,2.438,0.000,0.000,0.000,0.000,0.000,0.000,0.000
4683,1563.621,35.112,29.114,15.781,14.485,12.182,0.000,2.447,0.000,0.000,0.000,0.000,0.000,0.000,0.000
4684,1563.947,30.853,29.188,15.768,14.553,12.180,0.000,2.456,0.000,0.000,0.000,0.000,0.000,0.000,0.000
4685,1564.274,24.149,29.262,15.755,14.621,12.177,0.000,2.465,0.000,0.000,0.000,0.000,0.000,0.000,0.000
4686,1564.601,21.445,29.336,15.742,14.688,12.174,0.000,2.474,0.000,0.000,0.000,0.000,0.000,0.000,0.000
4687,1564.928,29.557,29.410,15.729,14.755,12.171,0.000,2.484,0.000,0.000,0.000,0.000,0.000,0.000,0.000
4688,1565.255,22.483,29.484,15.716,14.822,12.169,0.000,2.493,0.000,0.000,0.000,0.000,0.000,0.000,0.000
4689,1565.582,35.742,29.558,15.704,14.889,12.166,0.000,2.504,0.000,0.000,0.000,0.000,0.000,0.000,0.000
4690,1565.909,34.409,29.632,15.691,14.955,12.164,0.000,2.514,0.000,0.000,0.000,0.000,0.000,0.000,0.000
4691,1566.236,26.186,29.706,15.678,15.020,12.161,0.000,2.525,0.000,0.000,0.000,0.000,0.000,0.000,0.000
4692,1566.563,23.927,29.780,15.665,15.085,12.159,0.000,2.536,0.000,0.000,0.000,0.000,0.000,0.000,0.000
4693,1566.890,21.964,29.853,15.652,15.150,12.156,0.000,2.547,0.000,0.000,0.000,0.000,0.000,0.000,0.000
4694,1567.217,19.149,29.927,15.639,15.214,12.154,0.000,2.559,0.000,0.000,0.000,0.000,0.000,0.000,0.000
4695,1567.544,28.261,30.000,15.626,15.278,12.152,0.000,2.570,0.000,0.000,0.000,0.000,0.000,0.000,0.000
4696,1567.871,23.705,30.073,15.613,15.341,12.149,0.000,2.583,0.000,0.000,0.000,0.000,0.000,0.000,0.000
4697,1568.198,35.112,30.146,15.600,15.404,12.147,0.000,2.595,0.000,0.000,0.000,0.000,0.000,0.000,0.000
4698,1568.525,22.779,30.218,15.587,15.466,12.145,0.000,2.608,0.000,0.000,0.000,0.000,0.000,0.000,0.000
4699,1568.852,25.223,30.291,15.574,15.527,12.143,0.000,2.621,0.000,0.000,0.000,0.000,0.000,0.000,0.000
4700,1569.179,20.297,30.363,15.561,15.588,12.141,0.000,2.634,0.000,0.000,0.000,0.000,0.000,0.000,0.000
4701,1569.506,19.409,30.435,15.548,15.648,12.139,0.000,2.648,0.000,0.000,0.000,0.000,0.000,0.000,0.000
4702,1569.833,25.149,30.506,15.535,15.708,12.137,0.000,2.662,0.000,0.000,0.000,0.000,0.000,0.000,0.000
4703,1570.160,22.519,30.577,15.522,15.767,12.135,0.000,2.676,0.000,0.000,0.000,0.000,0.000,0.000,0.000
4704,1570.487,26.557,30.648,15.509,15.825,12.133,0.000,2.690,0.000,0.000,0.000,0.000,0.000,0.000,0.000
4705,1570.814,35.223,30.719,15.496,15.883,12.131,0.000,2.705,0.000,0.000,0.000,0.000,0.000,0.000,0.000
4706,1571.141,21.409,30.789,15.484,15.940,12.129,0.000,2.720,0.000,0.000,0.000,0.000,0.000,0.000,0.000
4707,1571.468,26.001,30.859,15.471,15.996,12.127,0.000,2.736,0.000,0.000,0.000,0.000,0.000,0.000,0.000
4708,1571.796,36.149,30.928,15.458,16.051,12.125,0.000,2.752,0.000,0.000,0.000,0.000,0.000,0.000,0.000
4709,1572.123,31.483,30.998,15.445,16.106,12.124,0.000,2.768,0.000,0.000,0.000,0.000,0.000,0.000,0.000
4710,1572.450,20.890,31.066,15.432,16.160,12.122,0.000,2.784,0.000,0.000,0.000,0.000,0.000,0.000,0.000
4711,1572.777,37.261,31.135,15.419,16.213,12.120,0.000,2.801,0.000,0.000,0.000,0.000,0.000,0.000,0.000
4712,1573.104,21.112,31.203,15.406,16.266,12.119,0.000,2.818,0.000,0.000,0.000,0.000,0.000,0.000,0.000
4713,1573.432,22.927,31.270,15.393,16.317,12.117,0.000,2.836,0.000,0.000,0.000,0.000,0.000,0.000,0.000
4714,1573.759,26.927,31.337,15.380,16.368,12.116,0.000,2.853,0.000,0.000,0.000,0.000,0.000,0.000,0.000
4715,1574.086,26.853,31.404,15.367,16.418,12.114,0.000,2.871,0.000,0.000,0.000,0.000,0.000,0.000,0.000
4716,1574.413,30.705,31.470,15.354,16.467,12.113,0.000,2.890,0.000,0.000,0.000,0.000,0.000,0.000,0.000
4717,1574.741,24.409,31.535,15.341,16.515,12.111,0.000,2.909,0.000,0.000,0.000,0.000,0.000,0.000,0.000
4718,1575.068,33.668,31.601,15.328,16.563,12.110,0.000,2.928,0.000,0.000,0.000,0.000,0.000,0.000,0.000
4719,1575.395,29.001,31.665,15.315,16.609,12.109,0.000,2.947,0.000,0.000,0.000,0.000,0.000,0.000,0.000
4720,1575.723,25.445,31.729,15.302,16.655,12.108,0.000,2.967,0.000,0.000,0.000,0.000,0.000,0.000,0.000
4721,1576.050,24.557,31.793,15.289,16.700,12.106,0.000,2.987,0.000,0.000,0.000,0.000,0.000,0.000,0.000
4722,1576.377,36.371,31.856,15.276,16.743,12.105,0.000,3.008,0.000,0.000,0.000,0.000,0.000,0.000,0.000
4723,1576.705,25.001,31.919,15.264,16.786,12.104,0.000,3.029,0.000,0.000,0.000,0.000,0.000,0.000,0.000
4724,1577.032,21.371,31.981,15.251,16.828,12.103,0.000,3.050,0.000,0.000,0.000,0.000,0.000,0.000,0.000
4725,1577.359,30.853,32.043,15.238,16.869,12.102,0.000,3.072,0.000,0.000,0.000,0.000,0.000,0.000,0.000
4726,1577.687,24.371,32.104,15.225,16.909,12.101,0.000,3.094,0.000,0.000,0.000,0.000,0.000,0.000,0.000
4727,1578.014,34.779,32.164,15.212,16.948,12.100,0.000,3.116,0.000,0.000,0.000,0.000,0.000,0.000,0.000
4728,1578.342,36.964,32.224,15.199,16.987,12.099,0.000,3.139,0.000,0.000,0.000,0.000,0.000,0.000,0.000
4729,1578.669,22.853,32.284,15.186,17.024,12.098,0.000,3.162,0.000,0.000,0.000,0.000,0.000,0.000,0.000
4730,1578.997,34.335,32.343,15.173,17.060,12.097,0.000,3.185,0.000,0.000,0.000,0.000,0.000,0.000,0.000
4731,1579.324,23.223,32.401,15.160,17.095,12.096,0.000,3.209,0.000,0.000,0.000,0.000,0.000,0.000,0.000
4732,1579.651,26.223,32.458,15.147,17.129,12.096,0.000,3.233,0.000,0.000,0.000,0.000,0.000,0.000,0.000
4733,1579.979,30.557,32.516,15.134,17.163,12.095,0.000,3.258,0.000,0.000,0.000,0.000,0.000,0.000,0.000
4734,1580.306,36.853,32.572,15.121,17.195,12.094,0.000,3.283,0.000,0.000,0.000,0.000,0.000,0.000,0.000
4735,1580.634,32.519,32.628,15.108,17.226,12.093,0.000,3.308,0.000,0.000,0.000,0.000,0.000,0.000,0.000
4736,1580.962,34.409,32.684,15.095,17.257,12.093,0.000,3.334,0.000,0.000,0.000,0.000,0.000,0.000,0.000
4737,1581.289,22.483,32.738,15.082,17.287,12.092,0.000,3.359,0.000,0.000,0.000,0.000,0.000,0.000,0.000
4738,1581.617,23.779,32.793,15.069,17.316,12.092,0.000,3.385,0.000,0.000,0.000,0.000,0.000,0.000,0.000
4739,1581.944,21.520,32.846,15.056,17.344,12.091,0.000,3.411,0.000,0.000,0.000,0.000,0.000,0.000,0.000
4740,1582.272,17.742,32.899,15.044,17.372,12.091,0.000,3.437,0.000,0.000,0.000,0.000,0.000,0.000,0.000
4741,1582.599,22.631,32.952,15.031,17.398,12.090,0.000,3.463,0.000,0.000,0.000,0.000,0.000,0.000,0.000
4742,1582.927,24.557,33.004,15.018,17.424,12.090,0.000,3.490,0.000,0.000,0.000,0.000,0.000,0.000,0.000
4743,1583.255,27.705,33.055,15.005,17.450,12.089,0.000,3.516,0.000,0.000,0.000,0.000,0.000,0.000,0.000
4744,1583.582,18.075,33.106,14.992,17.474,12.089,0.000,3.543,0.000,0.000,0.000,0.000,0.000,0.000,0.000
4745,1583.910,33.335,33.156,14.979,17.498,12.089,0.000,3.570,0.000,0.000,0.000,0.000,0.000,0.000,0.000
4746,1584.238,25.223,33.206,14.966,17.521,12.088,0.000,3.597,0.000,0.000,0.000,0.000,0.000,0.000,0.000
4747,1584.565,24.964,33.255,14.953,17.543,12.088,0.000,3.624,0.000,0.000,0.000,0.000,0.000,0.000,0.000
4748,1584.893,21.927,33.304,14.940,17.565,12.088,0.000,3.651,0.000,0.000,0.000,0.000,0.000,0.000,0.000
4749,1585.221,19.261,33.352,14.927,17.586,12.088,0.000,3.678,0.000,0.000,0.000,0.000,0.000,0.000,0.000
4750,1585.549,24.223,33.399,14.914,17.605,12.088,0.000,3.706,0.000,0.000,0.000,0.000,0.000,0.000,0.000
4751,1585.876,12.112,33.445,14.901,17.624,12.088,0.000,3.733,0.000,0.000,0.000,0.000,0.000,0.000,0.000
4752,1586.204,29.112,33.490,14.888,17.641,12.087,0.000,3.761,0.000,0.000,0.000,0.000,0.000,0.000,0.000
4753,1586.532,31.223,33.533,14.875,17.658,12.087,0.000,3.788,0.000,0.000,0.000,0.000,0.000,0.000,0.000
4754,1586.860,19.557,33.576,14.862,17.673,12.087,0.000,3.815,0.000,0.000,0.000,0.000,0.000,0.000,0.000
4755,1587.187,24.557,33.618,14.849,17.687,12.087,0.000,3.843,0.000,0.000,0.000,0.000,0.000,0.000,0.000
4756,1587.515,18.631,33.658,14.837,17.700,12.088,0.000,3.870,0.000,0.000,0.000,0.000,0.000,0.000,0.000
4757,1587.843,24.261,33.698,14.824,17.712,12.088,0.000,3.898,0.000,0.000,0.000,0.000,0.000,0.000,0.000
4758,1588.171,20.779,33.736,14.811,17.723,12.088,0.000,3.925,0.000,0.000,0.000,0.000,0.000,0.000,0.000
4759,1588.499,34.112,33.773,14.798,17.733,12.088,0.000,3.952,0.000,0.000,0.000,0.000,0.000,0.000,0.000
4760,1588.827,14.779,33.809,14.785,17.741,12.088,0.000,3.980,0.000,0.000,0.000,0.000,0.000,0.000,0.000
4761,1589.155,24.297,33.844,14.772,17.749,12.088,0.000,4.007,0.000,0.000,0.000,0.000,0.000,0.000,0.000
4762,1589.483,18.001,33.878,14.759,17.755,12.088,0.000,4.034,0.000,0.000,0.000,0.000,0.000,0.000,0.000
4763,1589.810,17.557,33.910,14.746,17.760,12.089,0.000,4.061,0.000,0.000,0.000,0.000,0.000,0.000,0.000
4764,1590.138,20.075,33.941,14.733,17.764,12.089,0.000,4.088,0.000,0.000,0.000,0.000,0.000,0.000,0.000
4765,1590.466,17.075,33.972,14.720,17.768,12.089,0.000,4.115,0.000,0.000,0.000,0.000,0.000,0.000,0.000
4766,1590.794,16.631,34.001,14.707,17.769,12.090,0.000,4.142,0.000,0.000,0.000,0.000,0.000,0.000,0.000
4767,1591.122,27.927,34.029,14.694,17.770,12.090,0.000,4.168,0.000,0.000,0.000,0.000,0.000,0.000,0.000
4768,1591.450,16.186,34.055,14.681,17.770,12.090,0.000,4.195,0.000,0.000,0.000,0.000,0.000,0.000,0.000
4769,1591.778,14.335,34.081,14.668,17.769,12.091,0.000,4.221,0.000,0.000,0.000,0.000,0.000,0.000,0.000
4770,1592.106,14.927,34.105,14.655,17.766,12.091,0.000,4.247,0.000,0.000,0.000,0.000,0.000,0.000,0.000
4771,1592.434,26.557,34.128,14.642,17.763,12.092,0.000,4.274,0.000,0.000,0.000,0.000,0.000,0.000,0.000
4772,1592.762,27.149,34.150,14.629,17.758,12.092,0.000,4.300,0.000,0.000,0.000,0.000,0.000,0.000,0.000
4773,1593.091,32.261,34.171,14.617,17.752,12.093,0.000,4.326,0.000,0.000,0.000,0.000,0.000,0.000,0.000
4774,1593.419,20.742,34.190,14.604,17.746,12.093,0.000,4.351,0.000,0.000,0.000,0.000,0.000,0.000,0.000
4775,1593.747,11.705,34.208,14.591,17.738,12.094,0.000,4.377,0.000,0.000,0.000,0.000,0.000,0.000,0.000
4776,1594.075,15.927,34.226,14.578,17.729,12.094,0.000,4.403,0.000,0.000,0.000,0.000,0.000,0.000,0.000
4777,1594.403,16.705,34.241,14.565,17.718,12.095,0.000,4.428,0.000,0.000,0.000,0.000,0.000,0.000,0.000
4778,1594.731,32.631,34.256,14.552,17.707,12.095,0.000,4.453,0.000,0.000,0.000,0.000,0.000,0.000,0.000
4779,1595.059,23.149,34.269,14.539,17.695,12.096,0.000,4.479,0.000,0.000,0.000,0.000,0.000,0.000,0.000
4780,1595.387,26.483,34.282,14.526,17.681,12.097,0.000,4.504,0.000,0.000,0.000,0.000,0.000,0.000,0.000
4781,1595.716,15.890,34.292,14.513,17.667,12.097,0.000,4.528,0.000,0.000,0.000,0.000,0.000,0.000,0.000
4782,1596.044,19.409,34.302,14.500,17.651,12.098,0.000,4.553,0.000,0.000,0.000,0.000,0.000,0.000,0.000
4783,1596.372,10.112,34.311,14.487,17.635,12.099,0.000,4.577,0.000,0.000,0.000,0.000,0.000,0.000,0.000
4784,1596.700,14.223,34.318,14.474,17.617,12.099,0.000,4.602,0.000,0.000,0.000,0.000,0.000,0.000,0.000
4785,1597.029,14.594,34.324,14.461,17.599,12.100,0.000,4.626,0.000,0.000,0.000,0.000,0.000,0.000,0.000
4786,1597.357,15.557,34.329,14.448,17.579,12.101,0.000,4.649,0.000,0.000,0.000,0.000,0.000,0.000,0.000
4787,1597.685,14.779,34.332,14.435,17.558,12.101,0.000,4.673,0.000,0.000,0.000,0.000,0.000,0.000,0.000
4788,1598.013,24.705,34.335,14.422,17.536,12.102,0.000,4.696,0.000,0.000,0.000,0.000,0.000,0.000,0.000
4789,1598.342,24.261,34.336,14.409,17.514,12.103,0.000,4.719,0.000,0.000,0.000,0.000,0.000,0.000,0.000
4790,1598.670,17.705,34.336,14.397,17.490,12.104,0.000,4.742,0.000,0.000,0.000,0.000,0.000,0.000,0.000
4791,1598.998,18.261,34.334,14.384,17.465,12.104,0.000,4.765,0.000,0.000,0.000,0.000,0.000,0.000,0.000
4792,1599.327,24.631,34.331,14.371,17.439,12.105,0.000,4.787,0.000,0.000,0.000,0.000,0.000,0.000,0.000
4793,1599.655,23.186,34.327,14.358,17.412,12.106,0.000,4.809,0.000,0.000,0.000,0.000,0.000,0.000,0.000
4794,1599.984,15.927,34.321,14.345,17.384,12.107,0.000,4.831,0.000,0.000,0.000,0.000,0.000,0.000,0.000
4795,1600.312,24.705,34.315,14.332,17.355,12.107,0.000,4.852,0.000,0.000,0.000,0.000,0.000,0.000,0.000
4796,1600.640,20.223,34.306,14.319,17.325,12.108,0.000,4.874,0.000,0.000,0.000,0.000,0.000,0.000,0.000
4797,1600.969,21.594,34.297,14.306,17.294,12.109,0.000,4.894,0.000,0.000,0.000,0.000,0.000,0.000,0.000
4798,1601.297,22.705,34.286,14.293,17.262,12.110,0.000,4.915,0.000,0.000,0.000,0.000,0.000,0.000,0.000
4799,1601.626,23.112,34.274,14.280,17.229,12.111,0.000,4.935,0.000,0.000,0.000,0.000,0.000,0.000,0.000
4800,1601.954,23.520,34.261,14.267,17.195,12.111,0.000,4.955,0.000,0.000,0.000,0.000,0.000,0.000,0.000
4801,1602.283,25.519,34.246,14.254,17.160,12.112,0.000,4.975,0.000,0.000,0.000,0.000,0.000,0.000,0.000
4802,1602.611,23.779,34.230,14.241,17.124,12.113,0.000,4.994,0.000,0.000,0.000,0.000,0.000,0.000,0.000
4803,1602.940,21.668,34.213,14.228,17.087,12.114,0.000,5.013,0.000,0.000,0.000,0.000,0.000,0.000,0.000
4804,1603.268,17.594,34.195,14.215,17.049,12.115,0.000,5.031,0.000,0.000,0.000,0.000,0.000,0.000,0.000
4805,1603.597,22.261,34.175,14.202,17.011,12.115,0.000,5.049,0.000,0.000,0.000,0.000,0.000,0.000,0.000
4806,1603.925,20.594,34.154,14.189,16.971,12.116,0.000,5.067,0.000,0.000,0.000,0.000,0.000,0.000,0.000
4807,1604.254,14.112,34.132,14.177,16.930,12.117,0.000,5.084,0.000,0.000,0.000,0.000,0.000,0.000,0.000
4808,1604.583,17.890,34.108,14.164,16.889,12.118,0.000,5.101,0.000,0.000,0.000,0.000,0.000,0.000,0.000
4809,1604.911,12.038,34.083,14.151,16.847,12.119,0.000,5.118,0.000,0.000,0.000,0.000,0.000,0.000,0.000
4810,1605.240,19.668,34.057,14.138,16.804,12.119,0.000,5.134,0.000,0.000,0.000,0.000,0.000,0.000,0.000
4811,1605.569,30.705,34.029,14.125,16.760,12.120,0.000,5.150,0.000,0.000,0.000,0.000,0.000,0.000,0.000
4812,1605.897,18.520,34.001,14.112,16.715,12.121,0.000,5.165,0.000,0.000,0.000,0.000,0.000,0.000,0.000
4813,1606.226,16.964,33.971,14.099,16.669,12.122,0.000,5.180,0.000,0.000,0.000,0.000,0.000,0.000,0.000
4814,1606.555,21.964,33.939,14.086,16.622,12.122,0.000,5.195,0.000,0.000,0.000,0.000,0.000,0.000,0.000
4815,1606.883,27.038,33.907,14.073,16.575,12.123,0.000,5.209,0.000,0.000,0.000,0.000,0.000,0.000,0.000
4816,1607.212,16.964,33.873,14.060,16.527,12.124,0.000,5.222,0.000,0.000,0.000,0.000,0.000,0.000,0.000
4817,1607.541,22.594,33.838,14.047,16.478,12.125,0.000,5.236,0.000,0.000,0.000,0.000,0.000,0.000,0.000
4818,1607.870,20.409,33.802,14.034,16.428,12.125,0.000,5.248,0.000,0.000,0.000,0.000,0.000,0.000,0.000
4819,1608.198,21.002,33.764,14.021,16.378,12.126,0.000,5.261,0.000,0.000,0.000,0.000,0.000,0.000,0.000
4820,1608.527,23.705,33.726,14.008,16.326,12.127,0.000,5.273,0.000,0.000,0.000,0.000,0.000,0.000,0.000
4821,1608.856,16.076,33.686,13.995,16.274,12.127,0.000,5.284,0.000,0.000,0.000,0.000,0.000,0.000,0.000
4822,1609.185,16.928,33.644,13.982,16.222,12.128,0.000,5.295,0.000,0.000,0.000,0.000,0.000,0.000,0.000
4823,1609.514,16.335,33.602,13.969,16.168,12.129,0.000,5.305,0.000,0.000,0.000,0.000,0.000,0.000,0.000
4824,1609.842,26.409,33.559,13.957,16.114,12.129,0.000,5.316,0.000,0.000,0.000,0.000,0.000,0.000,0.000
4825,1610.171,23.964,33.514,13.944,16.059,12.130,0.000,5.325,0.000,0.000,0.000,0.000,0.000,0.000,0.000
4826,1610.500,17.890,33.468,13.931,16.003,12.130,0.000,5.334,0.000,0.000,0.000,0.000,0.000,0.000,0.000
4827,1610.829,26.816,33.421,13.918,15.947,12.131,0.000,5.343,0.000,0.000,0.000,0.000,0.000,0.000,0.000
4828,1611.158,24.297,33.372,13.905,15.890,12.131,0.000,5.351,0.000,0.000,0.000,0.000,0.000,0.000,0.000
4829,1611.487,26.372,33.323,13.892,15.832,12.132,0.000,5.358,0.000,0.000,0.000,0.000,0.000,0.000,0.000
4830,1611.816,19.964,33.272,13.879,15.774,12.132,0.000,5.366,0.000,0.000,0.000,0.000,0.000,0.000,0.000
4831,1612.145,21.520,33.220,13.866,15.715,12.133,0.000,5.372,0.000,0.000,0.000,0.000,0.000,0.000,0.000
4832,1612.474,21.483,33.167,13.853,15.656,12.133,0.000,5.378,0.000,0.000,0.000,0.000,0.000,0.000,0.000
4833,1612.803,17.816,33.113,13.840,15.595,12.134,0.000,5.384,0.000,0.000,0.000,0.000,0.000,0.000,0.000
4834,1613.132,15.519,33.058,13.827,15.535,12.134,0.000,5.389,0.000,0.000,0.000,0.000,0.000,0.000,0.000
4835,1613.461,18.112,33.001,13.814,15.473,12.135,0.000,5.394,0.000,0.000,0.000,0.000,0.000,0.000,0.000
4836,1613.790,19.335,32.944,13.801,15.411,12.135,0.000,5.398,0.000,0.000,0.000,0.000,0.000,0.000,0.000
4837,1614.119,12.076,32.885,13.788,15.349,12.135,0.000,5.401,0.000,0.000,0.000,0.000,0.000,0.000,0.000
4838,1614.448,29.631,32.825,13.775,15.286,12.136,0.000,5.404,0.000,0.000,0.000,0.000,0.000,0.000,0.000
4839,1614.777,30.520,32.765,13.762,15.222,12.136,0.000,5.407,0.000,0.000,0.000,0.000,0.000,0.000,0.000
4840,1615.107,12.594,32.703,13.750,15.158,12.136,0.000,5.409,0.000,0.000,0.000,0.000,0.000,0.000,0.000
4841,1615.436,26.186,32.640,13.737,15.093,12.136,0.000,5.410,0.000,0.000,0.000,0.000,0.000,0.000,0.000
4842,1615.765,9.224,32.576,13.724,15.028,12.137,0.000,5.411,0.000,0.000,0.000,0.000,0.000,0.000,0.000
4843,1616.094,26.816,32.510,13.711,14.962,12.137,0.000,5.412,0.000,0.000,0.000,0.000,0.000,0.000,0.000
4844,1616.423,21.224,32.444,13.698,14.896,12.137,0.000,5.411,0.000,0.000,0.000,0.000,0.000,0.000,0.000
4845,1616.752,19.816,32.377,13.685,14.829,12.137,0.000,5.411,0.000,0.000,0.000,0.000,0.000,0.000,0.000
4846,1617.082,14.261,32.309,13.672,14.762,12.137,0.000,5.410,0.000,0.000,0.000,0.000,0.000,0.000,0.000
4847,1617.411,23.742,32.239,13.659,14.694,12.137,0.000,5.408,0.000,0.000,0.000,0.000,0.000,0.000,0.000
4848,1617.740,22.964,32.169,13.646,14.626,12.137,0.000,5.406,0.000,0.000,0.000,0.000,0.000,0.000,0.000
4849,1618.069,25.483,32.098,13.633,14.558,12.137,0.000,5.403,0.000,0.000,0.000,0.000,0.000,0.000,0.000
4850,1618.399,13.298,32.025,13.620,14.489,12.137,0.000,5.400,0.000,0.000,0.000,0.000,0.000,0.000,0.000
4851,1618.728,22.261,31.952,13.607,14.419,12.137,0.000,5.396,0.000,0.000,0.000,0.000,0.000,0.000,0.000
4852,1619.057,18.890,31.878,13.594,14.349,12.137,0.000,5.392,0.000,0.000,0.000,0.000,0.000,0.000,0.000
4853,1619.387,23.150,31.802,13.581,14.279,12.136,0.000,5.387,0.000,0.000,0.000,0.000,0.000,0.000,0.000
4854,1619.716,18.483,31.726,13.568,14.209,12.136,0.000,5.381,0.000,0.000,0.000,0.000,0.000,0.000,0.000
4855,1620.045,14.483,31.649,13.555,14.138,12.136,0.000,5.375,0.000,0.000,0.000,0.000,0.000,0.000,0.000
4856,1620.375,19.742,31.571,13.542,14.066,12.136,0.000,5.369,0.000,0.000,0.000,0.000,0.000,0.000,0.000
4857,1620.704,19.372,31.492,13.530,13.994,12.135,0.000,5.362,0.000,0.000,0.000,0.000,0.000,0.000,0.000
4858,1621.034,26.409,31.412,13.517,13.922,12.135,0.000,5.354,0.000,0.000,0.000,0.000,0.000,0.000,0.000
4859,1621.363,17.668,31.331,13.504,13.850,12.134,0.000,5.346,0.000,0.000,0.000,0.000,0.000,0.000,0.000
4860,1621.692,18.483,31.249,13.491,13.777,12.134,0.000,5.338,0.000,0.000,0.000,0.000,0.000,0.000,0.000
4861,1622.022,22.298,31.166,13.478,13.704,12.133,0.000,5.329,0.000,0.000,0.000,0.000,0.000,0.000,0.000
4862,1622.351,21.372,31.083,13.465,13.631,12.133,0.000,5.319,0.000,0.000,0.000,0.000,0.000,0.000,0.000
4863,1622.681,24.409,30.998,13.452,13.557,12.132,0.000,5.309,0.000,0.000,0.000,0.000,0.000,0.000,0.000
4864,1623.010,13.668,30.913,13.439,13.483,12.132,0.000,5.298,0.000,0.000,0.000,0.000,0.000,0.000,0.000
4865,1623.340,26.853,30.827,13.426,13.409,12.131,0.000,5.287,0.000,0.000,0.000,0.000,0.000,0.000,0.000
4866,1623.670,20.890,30.740,13.413,13.334,12.130,0.000,5.276,0.000,0.000,0.000,0.000,0.000,0.000,0.000
4867,1623.999,22.594,30.652,13.400,13.259,12.129,0.000,5.263,0.000,0.000,0.000,0.000,0.000,0.000,0.000
4868,1624.329,20.002,30.564,13.387,13.184,12.128,0.000,5.251,0.000,0.000,0.000,0.000,0.000,0.000,0.000
4869,1624.658,17.261,30.474,13.374,13.109,12.128,0.000,5.238,0.000,0.000,0.000,0.000,0.000,0.000,0.000
4870,1624.988,23.261,30.384,13.361,13.034,12.127,0.000,5.224,0.000,0.000,0.000,0.000,0.000,0.000,0.000
4871,1625.318,19.298,30.293,13.348,12.958,12.126,0.000,5.210,0.000,0.000,0.000,0.000,0.000,0.000,0.000
4872,1625.647,20.520,30.201,13.335,12.882,12.124,0.000,5.195,0.000,0.000,0.000,0.000,0.000,0.000,0.000
4873,1625.977,17.557,30.109,13.322,12.806,12.123,0.000,5.180,0.000,0.000,0.000,0.000,0.000,0.000,0.000
4874,1626.307,28.039,30.016,13.310,12.729,12.122,0.000,5.164,0.000,0.000,0.000,0.000,0.000,0.000,0.000
4875,1626.636,20.964,29.922,13.297,12.653,12.121,0.000,5.148,0.000,0.000,0.000,0.000,0.000,0.000,0.000
4876,1626.966,21.594,29.827,13.284,12.576,12.120,0.000,5.132,0.000,0.000,0.000,0.000,0.000,0.000,0.000
4877,1627.296,22.853,29.732,13.271,12.499,12.118,0.000,5.115,0.000,0.000,0.000,0.000,0.000,0.000,0.000
4878,1627.626,10.631,29.636,13.258,12.422,12.117,0.000,5.097,0.000,0.000,0.000,0.000,0.000,0.000,0.000
4879,1627.955,6.928,29.539,13.245,12.344,12.116,0.000,5.079,0.000,0.000,0.000,0.000,0.000,0.000,0.000
4880,1628.285,20.964,29.442,13.232,12.267,12.114,0.000,5.061,0.000,0.000,0.000,0.000,0.000,0.000,0.000
4881,1628.615,21.409,29.344,13.219,12.189,12.113,0.000,5.042,0.000,0.000,0.000,0.000,0.000,0.000,0.000
4882,1628.945,21.038,29.245,13.206,12.112,12.111,0.000,5.023,0.000,0.000,0.000,0.000,0.000,0.000,0.000
4883,1629.275,19.779,29.146,13.193,12.034,12.109,0.000,5.003,0.000,0.000,0.000,0.000,0.000,0.000,0.000
4884,1629.605,7.705,29.046,13.180,11.956,12.108,0.000,4.983,0.000,0.000,0.000,0.000,0.000,0.000,0.000
4885,1629.935,20.890,28.946,13.167,11.878,12.106,0.000,4.962,0.000,0.000,0.000,0.000,0.000,0.000,0.000
4886,1630.264,19.483,28.845,13.154,11.800,12.104,0.000,4.941,0.000,0.000,0.000,0.000,0.000,0.000,0.000
4887,1630.594,22.446,28.743,13.141,11.721,12.102,0.000,4.920,0.000,0.000,0.000,0.000,0.000,0.000,0.000
4888,1630.924,16.298,28.641,13.128,11.643,12.100,0.000,4.898,0.000,0.000,0.000,0.000,0.000,0.000,0.000
4889,1631.254,21.928,28.538,13.115,11.564,12.098,0.000,4.875,0.000,0.000,0.000,0.000,0.000,0.000,0.000
4890,1631.584,18.668,28.435,13.102,11.486,12.096,0.000,4.853,0.000,0.000,0.000,0.000,0.000,0.000,0.000
4891,1631.914,25.742,28.331,13.090,11.407,12.094,0.000,4.830,0.000,0.000,0.000,0.000,0.000,0.000,0.000
4892,1632.244,22.520,28.227,13.077,11.329,12.092,0.000,4.806,0.000,0.000,0.000,0.000,0.000,0.000,0.000
4893,1632.574,16.446,28.122,13.064,11.250,12.090,0.000,4.782,0.000,0.000,0.000,0.000,0.000,0.000,0.000
4894,1632.904,19.964,28.017,13.051,11.171,12.087,0.000,4.758,0.000,0.000,0.000,0.000,0.000,0.000,0.000
4895,1633.234,16.409,27.911,13.038,11.092,12.085,0.000,4.734,0.000,0.000,0.000,0.000,0.000,0.000,0.000
4896,1633.565,25.668,27.805,13.025,11.013,12.082,0.000,4.709,0.000,0.000,0.000,0.000,0.000,0.000,0.000
4897,1633.895,11.928,27.698,13.012,10.935,12.080,0.000,4.683,0.000,0.000,0.000,0.000,0.000,0.000,0.000
4898,1634.225,20.483,27.591,12.999,10.856,12.077,0.000,4.658,0.000,0.000,0.000,0.000,0.000,0.000,0.000
4899,1634.555,11.150,27.483,12.986,10.777,12.075,0.000,4.632,0.000,0.000,0.000,0.000,0.000,0.000,0.000
4900,1634.885,25.594,27.375,12.973,10.698,12.072,0.000,4.606,0.000,0.000,0.000,0.000,0.000,0.000,0.000
4901,1635.215,25.113,27.267,12.960,10.619,12.069,0.000,4.579,0.000,0.000,0.000,0.000,0.000,0.000,0.000
4902,1635.545,25.705,27.158,12.947,10.540,12.066,0.000,4.552,0.000,0.000,0.000,0.000,0.000,0.000,0.000
4903,1635.876,23.076,27.049,12.934,10.461,12.063,0.000,4.525,0.000,0.000,0.000,0.000,0.000,0.000,0.000
4904,1636.206,19.372,26.940,12.921,10.382,12.061,0.000,4.497,0.000,0.000,0.000,0.000,0.000,0.000,0.000
4905,1636.536,20.187,26.830,12.908,10.303,12.057,0.000,4.469,0.000,0.000,0.000,0.000,0.000,0.000,0.000
4906,1636.866,10.150,26.720,12.895,10.225,12.054,0.000,4.441,0.000,0.000,0.000,0.000,0.000,0.000,0.000
4907,1637.197,25.409,26.610,12.882,10.146,12.051,0.000,4.413,0.000,0.000,0.000,0.000,0.000,0.000,0.000
4908,1637.527,22.891,26.499,12.870,10.067,12.048,0.000,4.384,0.000,0.000,0.000,0.000,0.000,0.000,0.000
4909,1637.857,19.298,26.388,12.857,9.988,12.045,0.000,4.355,0.000,0.000,0.000,0.000,0.000,0.000,0.000
4910,1638.188,14.668,26.277,12.844,9.910,12.041,0.000,4.326,0.000,0.000,0.000,0.000,0.000,0.000,0.000
4911,1638.518,30.631,26.165,12.831,9.831,12.038,0.000,4.296,0.000,0.000,0.000,0.000,0.000,0.000,0.000
4912,1638.848,14.742,26.054,12.818,9.753,12.034,0.000,4.267,0.000,0.000,0.000,0.000,0.000,0.000,0.000
4913,1639.179,31.668,25.942,12.805,9.674,12.031,0.000,4.237,0.000,0.000,0.000,0.000,0.000,0.000,0.000
4914,1639.509,22.668,25.830,12.792,9.596,12.027,0.000,4.207,0.000,0.000,0.000,0.000,0.000,0.000,0.000
4915,1639.840,19.076,25.717,12.779,9.518,12.023,0.000,4.176,0.000,0.000,0.000,0.000,0.000,0.000,0.000
4916,1640.170,19.705,25.605,12.766,9.440,12.020,0.000,4.146,0.000,0.000,0.000,0.000,0.000,0.000,0.000
4917,1640.501,20.076,25.492,12.753,9.362,12.016,0.000,4.115,0.000,0.000,0.000,0.000,0.000,0.000,0.000
4918,1640.831,14.409,25.379,12.740,9.284,12.012,0.000,4.084,0.000,0.000,0.000,0.000,0.000,0.000,0.000
4919,1641.162,23.631,25.266,12.727,9.206,12.008,0.000,4.053,0.000,0.000,0.000,0.000,0.000,0.000,0.000
4920,1641.492,28.409,25.153,12.714,9.128,12.004,0.000,4.021,0.000,0.000,0.000,0.000,0.000,0.000,0.000
4921,1641.823,25.669,25.040,12.701,9.051,12.000,0.000,3.990,0.000,0.000,0.000,0.000,0.000,0.000,0.000
4922,1642.153,19.891,24.926,12.688,8.973,11.995,0.000,3.958,0.000,0.000,0.000,0.000,0.000,0.000,0.000
4923,1642.484,21.928,24.813,12.675,8.896,11.991,0.000,3.926,0.000,0.000,0.000,0.000,0.000,0.000,0.000
4924,1642.814,24.409,24.699,12.663,8.819,11.987,0.000,3.894,0.000,0.000,0.000,0.000,0.000,0.000,0.000
4925,1643.145,18.150,24.586,12.650,8.742,11.982,0.000,3.862,0.000,0.000,0.000,0.000,0.000,0.000,0.000
4926,1643.476,27.002,24.472,12.637,8.665,11.978,0.000,3.830,0.000,0.000,0.000,0.000,0.000,0.000,0.000
4927,1643.806,21.335,24.359,12.624,8.588,11.973,0.000,3.797,0.000,0.000,0.000,0.000,0.000,0.000,0.000
4928,1644.137,12.891,24.245,12.611,8.511,11.969,0.000,3.765,0.000,0.000,0.000,0.000,0.000,0.000,0.000
4929,1644.468,27.409,24.131,12.598,8.435,11.964,0.000,3.732,0.000,0.000,0.000,0.000,0.000,0.000,0.000
4930,1644.798,14.150,24.017,12.585,8.359,11.959,0.000,3.699,0.000,0.000,0.000,0.000,0.000,0.000,0.000
4931,1645.129,28.595,23.904,12.572,8.283,11.954,0.000,3.667,0.000,0.000,0.000,0.000,0.000,0.000,0.000
4932,1645.460,15.409,23.790,12.559,8.207,11.949,0.000,3.634,0.000,0.000,0.000,0.000,0.000,0.000,0.000
4933,1645.791,23.002,23.676,12.546,8.131,11.944,0.000,3.601,0.000,0.000,0.000,0.000,0.000,0.000,0.000
4934,1646.122,16.224,23.563,12.533,8.056,11.939,0.000,3.568,0.000,0.000,0.000,0.000,0.000,0.000,0.000
4935,1646.452,19.150,23.449,12.520,7.980,11.934,0.000,3.535,0.000,0.000,0.000,0.000,0.000,0.000,0.000
4936,1646.783,17.039,23.336,12.507,7.905,11.929,0.000,3.501,0.000,0.000,0.000,0.000,0.000,0.000,0.000
4937,1647.114,25.631,23.222,12.494,7.830,11.924,0.000,3.468,0.000,0.000,0.000,0.000,0.000,0.000,0.000
4938,1647.445,27.187,23.109,12.481,7.756,11.918,0.000,3.435,0.000,0.000,0.000,0.000,0.000,0.000,0.000
4939,1647.776,19.150,22.996,12.468,7.681,11.913,0.000,3.402,0.000,0.000,0.000,0.000,0.000,0.000,0.000
4940,1648.107,11.965,22.883,12.455,7.607,11.907,0.000,3.368,0.000,0.000,0.000,0.000,0.000,0.000,0.000
4941,1648.438,27.557,22.770,12.443,7.533,11.902,0.000,3.335,0.000,0.000,0.000,0.000,0.000,0.000,0.000
4942,1648.769,17.928,22.657,12.430,7.459,11.896,0.000,3.302,0.000,0.000,0.000,0.000,0.000,0.000,0.000
4943,1649.099,19.335,22.545,12.417,7.386,11.891,0.000,3.268,0.000,0.000,0.000,0.000,0.000,0.000,0.000
4944,1649.430,15.187,22.432,12.404,7.313,11.885,0.000,3.235,0.000,0.000,0.000,0.000,0.000,0.000,0.000
4945,1649.761,19.076,22.320,12.391,7.240,11.879,0.000,3.202,0.000,0.000,0.000,0.000,0.000,0.000,0.000
4946,1650.092,26.891,22.208,12.378,7.167,11.873,0.000,3.168,0.000,0.000,0.000,0.000,0.000,0.000,0.000
4947,1650.424,25.409,22.097,12.365,7.095,11.867,0.000,3.135,0.000,0.000,0.000,0.000,0.000,0.000,0.000
4948,1650.755,22.483,21.985,12.352,7.022,11.861,0.000,3.102,0.000,0.000,0.000,0.000,0.000,0.000,0.000
4949,1651.086,8.631,21.874,12.339,6.950,11.855,0.000,3.069,0.000,0.000,0.000,0.000,0.000,0.000,0.000
4950,1651.417,13.631,21.763,12.326,6.879,11.849,0.000,3.035,0.000,0.000,0.000,0.000,0.000,0.000,0.000
4951,1651.748,15.669,21.652,12.313,6.807,11.842,0.000,3.002,0.000,0.000,0.000,0.000,0.000,0.000,0.000
4952,1652.079,16.261,21.541,12.300,6.736,11.836,0.000,2.969,0.000,0.000,0.000,0.000,0.000,0.000,0.000
4953,1652.410,21.002,21.431,12.287,6.665,11.830,0.000,2.936,0.000,0.000,0.000,0.000,0.000,0.000,0.000
4954,1652.741,18.409,21.321,12.274,6.595,11.823,0.000,2.903,0.000,0.000,0.000,0.000,0.000,0.000,0.000
4955,1653.073,18.669,21.212,12.261,6.525,11.816,0.000,2.870,0.000,0.000,0.000,0.000,0.000,0.000,0.000
4956,1653.404,36.964,21.102,12.248,6.455,11.810,0.000,2.838,0.000,0.000,0.000,0.000,0.000,0.000,0.000
4957,1653.735,12.520,20.993,12.235,6.385,11.803,0.000,2.805,0.000,0.000,0.000,0.000,0.000,0.000,0.000
4958,1654.066,19.002,20.885,12.223,6.316,11.796,0.000,2.772,0.000,0.000,0.000,0.000,0.000,0.000,0.000
4959,1654.397,22.150,20.776,12.210,6.247,11.790,0.000,2.740,0.000,0.000,0.000,0.000,0.000,0.000,0.000
4960,1654.729,17.409,20.668,12.197,6.178,11.783,0.000,2.707,0.000,0.000,0.000,0.000,0.000,0.000,0.000
4961,1655.060,12.964,20.561,12.184,6.110,11.776,0.000,2.675,0.000,0.000,0.000,0.000,0.000,0.000,0.000
4962,1655.391,27.483,20.453,12.171,6.042,11.769,0.000,2.643,0.000,0.000,0.000,0.000,0.000,0.000,0.000
4963,1655.723,20.853,20.347,12.158,5.974,11.761,0.000,2.611,0.000,0.000,0.000,0.000,0.000,0.000,0.000
4964,1656.054,23.595,20.240,12.145,5.907,11.754,0.000,2.579,0.000,0.000,0.000,0.000,0.000,0.000,0.000
4965,1656.386,23.298,20.134,12.132,5.840,11.747,0.000,2.547,0.000,0.000,0.000,0.000,0.000,0.000,0.000
4966,1656.717,20.965,20.028,12.119,5.773,11.740,0.000,2.516,0.000,0.000,0.000,0.000,0.000,0.000,0.000
4967,1657.048,18.372,19.923,12.106,5.707,11.732,0.000,2.484,0.000,0.000,0.000,0.000,0.000,0.000,0.000
4968,1657.380,20.076,19.818,12.093,5.641,11.725,0.000,2.453,0.000,0.000,0.000,0.000,0.000,0.000,0.000
4969,1657.711,25.150,19.714,12.080,5.575,11.717,0.000,2.422,0.000,0.000,0.000,0.000,0.000,0.000,0.000
4970,1658.043,19.483,19.610,12.067,5.510,11.710,0.000,2.390,0.000,0.000,0.000,0.000,0.000,0.000,0.000
4971,1658.374,29.521,19.507,12.054,5.445,11.702,0.000,2.360,0.000,0.000,0.000,0.000,0.000,0.000,0.000
4972,1658.706,28.038,19.404,12.041,5.381,11.694,0.000,2.329,0.000,0.000,0.000,0.000,0.000,0.000,0.000
4973,1659.037,31.076,19.301,12.028,5.316,11.687,0.000,2.298,0.000,0.000,0.000,0.000,0.000,0.000,0.000
4974,1659.369,16.890,19.199,12.015,5.253,11.679,0.000,2.268,0.000,0.000,0.000,0.000,0.000,0.000,0.000
4975,1659.701,29.705,19.098,12.003,5.189,11.671,0.000,2.238,0.000,0.000,0.000,0.000,0.000,0.000,0.000
4976,1660.032,20.483,18.997,11.990,5.126,11.663,0.000,2.208,0.000,0.000,0.000,0.000,0.000,0.000,0.000
4977,1660.364,15.705,18.896,11.977,5.064,11.655,0.000,2.178,0.000,0.000,0.000,0.000,0.000,0.000,0.000
4978,1660.695,23.076,18.796,11.964,5.001,11.647,0.000,2.148,0.000,0.000,0.000,0.000,0.000,0.000,0.000
4979,1661.027,29.779,18.697,11.951,4.939,11.639,0.000,2.119,0.000,0.000,0.000,0.000,0.000,0.000,0.000
4980,1661.359,25.891,18.598,11.938,4.878,11.630,0.000,2.090,0.000,0.000,0.000,0.000,0.000,0.000,0.000
4981,1661.690,18.965,18.500,11.925,4.817,11.622,0.000,2.061,0.000,0.000,0.000,0.000,0.000,0.000,0.000
4982,1662.022,26.224,18.402,11.912,4.756,11.614,0.000,2.032,0.000,0.000,0.000,0.000,0.000,0.000,0.000
4983,1662.354,15.817,18.304,11.899,4.696,11.605,0.000,2.003,0.000,0.000,0.000,0.000,0.000,0.000,0.000
4984,1662.686,19.594,18.208,11.886,4.636,11.597,0.000,1.975,0.000,0.000,0.000,0.000,0.000,0.000,0.000
4985,1663.017,23.409,18.111,11.873,4.576,11.588,0.000,1.947,0.000,0.000,0.000,0.000,0.000,0.000,0.000
4986,1663.349,24.076,18.016,11.860,4.517,11.580,0.000,1.919,0.000,0.000,0.000,0.000,0.000,0.000,0.000
4987,1663.681,25.705,17.921,11.847,4.459,11.571,0.000,1.891,0.000,0.000,0.000,0.000,0.000,0.000,0.000
4988,1664.013,21.335,17.826,11.834,4.400,11.562,0.000,1.863,0.000,0.000,0.000,0.000,0.000,0.000,0.000
4989,1664.345,15.076,17.732,11.821,4.343,11.554,0.000,1.836,0.000,0.000,0.000,0.000,0.000,0.000,0.000
4990,1664.677,15.631,17.639,11.808,4.285,11.545,0.000,1.809,0.000,0.000,0.000,0.000,0.000,0.000,0.000
4991,1665.009,20.817,17.546,11.795,4.228,11.536,0.000,1.782,0.000,0.000,0.000,0.000,0.000,0.000,0.000
4992,1665.341,20.595,17.454,11.783,4.172,11.527,0.000,1.755,0.000,0.000,0.000,0.000,0.000,0.000,0.000
4993,1665.673,20.224,17.363,11.770,4.116,11.518,0.000,1.729,0.000,0.000,0.000,0.000,0.000,0.000,0.000
4994,1666.005,22.335,17.272,11.757,4.060,11.509,0.000,1.703,0.000,0.000,0.000,0.000,0.000,0.000,0.000
4995,1666.337,28.409,17.181,11.744,4.005,11.500,0.000,1.677,0.000,0.000,0.000,0.000,0.000,0.000,0.000
4996,1666.669,27.891,17.092,11.731,3.950,11.491,0.000,1.651,0.000,0.000,0.000,0.000,0.000,0.000,0.000
4997,1667.001,21.187,17.003,11.718,3.895,11.482,0.000,1.626,0.000,0.000,0.000,0.000,0.000,0.000,0.000
4998,1667.333,18.779,16.914,11.705,3.841,11.472,0.000,1.601,0.000,0.000,0.000,0.000,0.000,0.000,0.000
4999,1667.665,26.224,16.827,11.692,3.788,11.463,0.000,1.576,0.000,0.000,0.000,0.000,0.000,0.000,0.000
5000,1667.997,20.150,16.739,11.679,3.735,11.454,0.000,1.551,0.000,0.000,0.000,0.000,0.000,0.000,0.000
5001,1668.329,25.779,16.653,11.666,3.682,11.444,0.000,1.527,0.000,0.000,0.000,0.000,0.000,0.000,0.000
5002,1668.661,23.224,16.567,11.653,3.630,11.435,0.000,1.502,0.000,0.000,0.000,0.000,0.000,0.000,0.000
5003,1668.993,30.150,16.482,11.640,3.579,11.425,0.000,1.479,0.000,0.000,0.000,0.000,0.000,0.000,0.000
5004,1669.325,31.965,16.398,11.627,3.528,11.415,0.000,1.455,0.000,0.000,0.000,0.000,0.000,0.000,0.000
5005,1669.658,23.150,16.314,11.614,3.477,11.406,0.000,1.431,0.000,0.000,0.000,0.000,0.000,0.000,0.000
5006,1669.990,26.335,16.231,11.601,3.427,11.396,0.000,1.408,0.000,0.000,0.000,0.000,0.000,0.000,0.000
5007,1670.322,24.594,16.149,11.588,3.377,11.386,0.000,1.385,0.000,0.000,0.000,0.000,0.000,0.000,0.000
5008,1670.654,17.669,16.067,11.576,3.328,11.377,0.000,1.363,0.000,0.000,0.000,0.000,0.000,0.000,0.000
5009,1670.987,15.113,15.986,11.563,3.279,11.367,0.000,1.340,0.000,0.000,0.000,0.000,0.000,0.000,0.000
5010,1671.319,21.779,15.906,11.550,3.231,11.357,0.000,1.318,0.000,0.000,0.000,0.000,0.000,0.000,0.000
5011,1671.651,23.113,15.826,11.537,3.183,11.347,0.000,1.296,0.000,0.000,0.000,0.000,0.000,0.000,0.000
5012,1671.984,29.853,15.747,11.524,3.136,11.337,0.000,1.274,0.000,0.000,0.000,0.000,0.000,0.000,0.000
5013,1672.316,37.779,15.669,11.511,3.089,11.327,0.000,1.253,0.000,0.000,0.000,0.000,0.000,0.000,0.000
5014,1672.648,7.187,15.591,11.498,3.042,11.317,0.000,1.232,0.000,0.000,0.000,0.000,0.000,0.000,0.000
5015,1672.981,17.594,15.514,11.485,2.996,11.307,0.000,1.211,0.000,0.000,0.000,0.000,0.000,0.000,0.000
5016,1673.313,11.853,15.437,11.472,2.951,11.297,0.000,1.190,0.000,0.000,0.000,0.000,0.000,0.000,0.000
5017,1673.646,16.187,15.362,11.459,2.906,11.286,0.000,1.170,0.000,0.000,0.000,0.000,0.000,0.000,0.000
5018,1673.978,30.705,15.287,11.446,2.861,11.276,0.000,1.150,0.000,0.000,0.000,0.000,0.000,0.000,0.000
5019,1674.311,17.743,15.212,11.433,2.817,11.266,0.000,1.130,0.000,0.000,0.000,0.000,0.000,0.000,0.000
5020,1674.643,17.668,15.139,11.420,2.773,11.255,0.000,1.110,0.000,0.000,0.000,0.000,0.000,0.000,0.000
5021,1674.976,25.743,15.066,11.407,2.730,11.245,0.000,1.091,0.000,0.000,0.000,0.000,0.000,0.000,0.000
5022,1675.308,19.743,14.993,11.394,2.687,11.235,0.000,1.072,0.000,0.000,0.000,0.000,0.000,0.000,0.000
5023,1675.641,33.817,14.921,11.381,2.644,11.224,0.000,1.053,0.000,0.000,0.000,0.000,0.000,0.000,0.000
5024,1675.973,23.668,14.850,11.368,2.602,11.214,0.000,1.034,0.000,0.000,0.000,0.000,0.000,0.000,0.000
5025,1676.306,20.150,14.780,11.356,2.561,11.203,0.000,1.016,0.000,0.000,0.000,0.000,0.000,0.000,0.000
5026,1676.639,36.038,14.710,11.343,2.520,11.192,0.000,0.998,0.000,0.000,0.000,0.000,0.000,0.000,0.000
5027,1676.971,19.817,14.641,11.330,2.479,11.182,0.000,0.980,0.000,0.000,0.000,0.000,0.000,0.000,0.000
5028,1677.304,21.964,14.572,11.317,2.439,11.171,0.000,0.962,0.000,0.000,0.000,0.000,0.000,0.000,0.000
5029,1677.637,19.150,14.505,11.304,2.399,11.160,0.000,0.945,0.000,0.000,0.000,0.000,0.000,0.000,0.000
5030,1677.969,27.668,14.437,11.291,2.360,11.150,0.000,0.928,0.000,0.000,0.000,0.000,0.000,0.000,0.000
5031,1678.302,21.779,14.371,11.278,2.321,11.139,0.000,0.911,0.000,0.000,0.000,0.000,0.000,0.000,0.000
5032,1678.635,22.890,14.305,11.265,2.283,11.128,0.000,0.894,0.000,0.000,0.000,0.000,0.000,0.000,0.000
5033,1678.968,23.890,14.240,11.252,2.245,11.117,0.000,0.878,0.000,0.000,0.000,0.000,0.000,0.000,0.000
5034,1679.301,24.002,14.175,11.239,2.207,11.106,0.000,0.862,0.000,0.000,0.000,0.000,0.000,0.000,0.000
5035,1679.633,23.446,14.111,11.226,2.170,11.095,0.000,0.846,0.000,0.000,0.000,0.000,0.000,0.000,0.000
5036,1679.966,33.520,14.048,11.213,2.133,11.084,0.000,0.830,0.000,0.000,0.000,0.000,0.000,0.000,0.000
5037,1680.299,26.224,13.985,11.200,2.097,11.073,0.000,0.815,0.000,0.000,0.000,0.000,0.000,0.000,0.000
5038,1680.632,35.372,13.923,11.187,2.061,11.062,0.000,0.800,0.000,0.000,0.000,0.000,0.000,0.000,0.000
5039,1680.965,12.113,13.862,11.174,2.026,11.051,0.000,0.785,0.000,0.000,0.000,0.000,0.000,0.000,0.000
5040,1681.298,19.557,13.801,11.161,1.991,11.040,0.000,0.770,0.000,0.000,0.000,0.000,0.000,0.000,0.000
5041,1681.631,13.409,13.740,11.148,1.956,11.029,0.000,0.755,0.000,0.000,0.000,0.000,0.000,0.000,0.000
5042,1681.964,31.002,13.681,11.136,1.922,11.018,0.000,0.741,0.000,0.000,0.000,0.000,0.000,0.000,0.000
5043,1682.297,17.520,13.622,11.123,1.888,11.007,0.000,0.727,0.000,0.000,0.000,0.000,0.000,0.000,0.000
5044,1682.630,20.446,13.564,11.110,1.855,10.995,0.000,0.713,0.000,0.000,0.000,0.000,0.000,0.000,0.000
5045,1682.963,21.076,13.506,11.097,1.822,10.984,0.000,0.700,0.000,0.000,0.000,0.000,0.000,0.000,0.000
5046,1683.296,24.631,13.449,11.084,1.790,10.973,0.000,0.686,0.000,0.000,0.000,0.000,0.000,0.000,0.000
5047,1683.629,17.076,13.392,11.071,1.758,10.961,0.000,0.673,0.000,0.000,0.000,0.000,0.000,0.000,0.000
5048,1683.962,28.668,13.336,11.058,1.726,10.950,0.000,0.660,0.000,0.000,0.000,0.000,0.000,0.000,0.000
5049,1684.295,25.261,13.281,11.045,1.695,10.939,0.000,0.648,0.000,0.000,0.000,0.000,0.000,0.000,0.000
5050,1684.629,27.298,13.226,11.032,1.664,10.927,0.000,0.635,0.000,0.000,0.000,0.000,0.000,0.000,0.000
5051,1684.962,22.446,13.172,11.019,1.633,10.916,0.000,0.623,0.000,0.000,0.000,0.000,0.000,0.000,0.000
5052,1685.295,18.335,13.118,11.006,1.603,10.904,0.000,0.611,0.000,0.000,0.000,0.000,0.000,0.000,0.000
5053,1685.628,17.779,13.065,10.993,1.574,10.893,0.000,0.599,0.000,0.000,0.000,0.000,0.000,0.000,0.000
5054,1685.961,23.890,13.013,10.980,1.544,10.881,0.000,0.587,0.000,0.000,0.000,0.000,0.000,0.000,0.000
5055,1686.295,24.335,12.961,10.967,1.516,10.870,0.000,0.576,0.000,0.000,0.000,0.000,0.000,0.000,0.000
5056,1686.628,15.742,12.910,10.954,1.487,10.858,0.000,0.564,0.000,0.000,0.000,0.000,0.000,0.000,0.000
5057,1686.961,27.631,12.859,10.941,1.459,10.846,0.000,0.553,0.000,0.000,0.000,0.000,0.000,0.000,0.000
5058,1687.295,22.335,12.809,10.928,1.431,10.835,0.000,0.542,0.000,0.000,0.000,0.000,0.000,0.000,0.000
5059,1687.628,20.409,12.759,10.916,1.404,10.823,0.000,0.532,0.000,0.000,0.000,0.000,0.000,0.000,0.000
5060,1687.961,27.372,12.710,10.903,1.377,10.811,0.000,0.521,0.000,0.000,0.000,0.000,0.000,0.000,0.000
5061,1688.295,19.224,12.662,10.890,1.351,10.800,0.000,0.511,0.000,0.000,0.000,0.000,0.000,0.000,0.000
5062,1688.628,14.112,12.614,10.877,1.325,10.788,0.000,0.501,0.000,0.000,0.000,0.000,0.000,0.000,0.000
5063,1688.962,16.964,12.566,10.864,1.299,10.776,0.000,0.491,0.000,0.000,0.000,0.000,0.000,0.000,0.000
5064,1689.295,20.557,12.519,10.851,1.274,10.764,0.000,0.481,0.000,0.000,0.000,0.000,0.000,0.000,0.000
5065,1689.629,20.112,12.473,10.838,1.249,10.753,0.000,0.472,0.000,0.000,0.000,0.000,0.000,0.000,0.000
5066,1689.962,22.964,12.427,10.825,1.224,10.741,0.000,0.462,0.000,0.000,0.000,0.000,0.000,0.000,0.000
5067,1690.296,19.631,12.382,10.812,1.200,10.729,0.000,0.453,0.000,0.000,0.000,0.000,0.000,0.000,0.000
5068,1690.629,23.335,12.337,10.799,1.176,10.717,0.000,0.444,0.000,0.000,0.000,0.000,0.000,0.000,0.000
5069,1690.963,15.409,12.293,10.786,1.152,10.705,0.000,0.435,0.000,0.000,0.000,0.000,0.000,0.000,0.000
5070,1691.297,22.668,12.249,10.773,1.129,10.693,0.000,0.427,0.000,0.000,0.000,0.000,0.000,0.000,0.000
5071,1691.630,25.668,12.206,10.760,1.106,10.681,0.000,0.418,0.000,0.000,0.000,0.000,0.000,0.000,0.000
5072,1691.964,19.261,12.163,10.747,1.084,10.669,0.000,0.410,0.000,0.000,0.000,0.000,0.000,0.000,0.000
5073,1692.298,18.779,12.121,10.734,1.062,10.657,0.000,0.402,0.000,0.000,0.000,0.000,0.000,0.000,0.000
5074,1692.631,21.520,12.079,10.721,1.040,10.645,0.000,0.394,0.000,0.000,0.000,0.000,0.000,0.000,0.000
5075,1692.965,18.742,12.038,10.708,1.018,10.633,0.000,0.386,0.000,0.000,0.000,0.000,0.000,0.000,0.000
5076,1693.299,27.594,11.997,10.696,0.997,10.621,0.000,0.378,0.000,0.000,0.000,0.000,0.000,0.000,0.000
5077,1693.633,22.557,11.956,10.683,0.977,10.609,0.000,0.371,0.000,0.000,0.000,0.000,0.000,0.000,0.000
5078,1693.966,16.112,11.917,10.670,0.956,10.597,0.000,0.364,0.000,0.000,0.000,0.000,0.000,0.000,0.000
5079,1694.300,20.594,11.877,10.657,0.936,10.585,0.000,0.356,0.000,0.000,0.000,0.000,0.000,0.000,0.000
5080,1694.634,29.001,11.838,10.644,0.916,10.573,0.000,0.349,0.000,0.000,0.000,0.000,0.000,0.000,0.000
5081,1694.968,23.668,11.800,10.631,0.897,10.561,0.000,0.342,0.000,0.000,0.000,0.000,0.000,0.000,0.000
5082,1695.302,17.742,11.762,10.618,0.878,10.548,0.000,0.336,0.000,0.000,0.000,0.000,0.000,0.000,0.000
5083,1695.636,22.298,11.724,10.605,0.859,10.536,0.000,0.329,0.000,0.000,0.000,0.000,0.000,0.000,0.000
5084,1695.970,17.964,11.687,10.592,0.840,10.524,0.000,0.322,0.000,0.000,0.000,0.000,0.000,0.000,0.000
5085,1696.303,18.335,11.650,10.579,0.822,10.512,0.000,0.316,0.000,0.000,0.000,0.000,0.000,0.000,0.000
5086,1696.637,21.075,11.614,10.566,0.804,10.500,0.000,0.310,0.000,0.000,0.000,0.000,0.000,0.000,0.000
5087,1696.971,18.594,11.578,10.553,0.787,10.487,0.000,0.304,0.000,0.000,0.000,0.000,0.000,0.000,0.000
5088,1697.305,22.853,11.543,10.540,0.770,10.475,0.000,0.298,0.000,0.000,0.000,0.000,0.000,0.000,0.000
5089,1697.640,21.186,11.508,10.527,0.753,10.463,0.000,0.292,0.000,0.000,0.000,0.000,0.000,0.000,0.000
5090,1697.974,13.631,11.473,10.514,0.736,10.451,0.000,0.286,0.000,0.000,0.000,0.000,0.000,0.000,0.000
5091,1698.308,27.631,11.439,10.501,0.720,10.438,0.000,0.281,0.000,0.000,0.000,0.000,0.000,0.000,0.000
5092,1698.642,19.409,11.405,10.489,0.704,10.426,0.000,0.275,0.000,0.000,0.000,0.000,0.000,0.000,0.000
5093,1698.976,18.371,11.372,10.476,0.688,10.414,0.000,0.270,0.000,0.000,0.000,0.000,0.000,0.000,0.000
5094,1699.310,22.335,11.339,10.463,0.672,10.401,0.000,0.265,0.000,0.000,0.000,0.000,0.000,0.000,0.000
5095,1699.644,16.483,11.306,10.450,0.657,10.389,0.000,0.260,0.000,0.000,0.000,0.000,0.000,0.000,0.000
5096,1699.979,26.668,11.274,10.437,0.642,10.377,0.000,0.255,0.000,0.000,0.000,0.000,0.000,0.000,0.000
5097,1700.313,30.261,11.242,10.424,0.627,10.364,0.000,0.250,0.000,0.000,0.000,0.000,0.000,0.000,0.000
5098,1700.647,17.483,11.210,10.411,0.613,10.352,0.000,0.245,0.000,0.000,0.000,0.000,0.000,0.000,0.000
5099,1700.981,27.816,11.179,10.398,0.599,10.340,0.000,0.241,0.000,0.000,0.000,0.000,0.000,0.000,0.000
5100,1701.316,16.371,11.148,10.385,0.585,10.327,0.000,0.236,0.000,0.000,0.000,0.000,0.000,0.000,0.000
5101,1701.650,26.594,11.118,10.372,0.571,10.315,0.000,0.232,0.000,0.000,0.000,0.000,0.000,0.000,0.000
5102,1701.984,21.149,11.088,10.359,0.558,10.302,0.000,0.227,0.000,0.000,0.000,0.000,0.000,0.000,0.000
5103,1702.319,18.371,11.058,10.346,0.545,10.290,0.000,0.223,0.000,0.000,0.000,0.000,0.000,0.000,0.000
5104,1702.653,17.853,11.029,10.333,0.532,10.277,0.000,0.219,0.000,0.000,0.000,0.000,0.000,0.000,0.000
5105,1702.987,20.631,11.000,10.320,0.520,10.265,0.000,0.215,0.000,0.000,0.000,0.000,0.000,0.000,0.000
5106,1703.322,18.445,10.971,10.307,0.507,10.252,0.000,0.211,0.000,0.000,0.000,0.000,0.000,0.000,0.000
5107,1703.656,23.631,10.943,10.294,0.495,10.240,0.000,0.208,0.000,0.000,0.000,0.000,0.000,0.000,0.000
5108,1703.991,18.112,10.915,10.281,0.483,10.227,0.000,0.204,0.000,0.000,0.000,0.000,0.000,0.000,0.000
5109,1704.325,8.705,10.887,10.269,0.471,10.215,0.000,0.200,0.000,0.000,0.000,0.000,0.000,0.000,0.000
5110,1704.660,15.557,10.859,10.256,0.460,10.202,0.000,0.197,0.000,0.000,0.000,0.000,0.000,0.000,0.000
5111,1704.994,25.001,10.832,10.243,0.449,10.190,0.000,0.193,0.000,0.000,0.000,0.000,0.000,0.000,0.000
5112,1705.329,18.779,10.805,10.230,0.438,10.177,0.000,0.190,0.000,0.000,0.000,0.000,0.000,0.000,0.000
5113,1705.664,7.445,10.779,10.217,0.427,10.165,0.000,0.187,0.000,0.000,0.000,0.000,0.000,0.000,0.000
5114,1705.998,13.779,10.753,10.204,0.416,10.152,0.000,0.184,0.000,0.000,0.000,0.000,0.000,0.000,0.000
5115,1706.333,19.149,10.750,10.214,0.406,10.163,0.000,0.181,0.000,0.000,0.000,0.000,0.000,0.000,0.000
5116,1706.668,24.631,10.748,10.225,0.396,10.174,0.000,0.178,0.000,0.000,0.000,0.000,0.000,0.000,0.000
5117,1707.002,16.371,10.746,10.235,0.386,10.185,0.000,0.175,0.000,0.000,0.000,0.000,0.000,0.000,0.000
5118,1707.337,16.964,10.744,10.246,0.376,10.195,0.000,0.172,0.000,0.000,0.000,0.000,0.000,0.000,0.000
5119,1707.672,24.853,10.743,10.256,0.367,10.206,0.000,0.170,0.000,0.000,0.000,0.000,0.000,0.000,0.000
5120,1708.007,21.483,10.742,10.267,0.358,10.217,0.000,0.167,0.000,0.000,0.000,0.000,0.000,0.000,0.000
5121,1708.341,24.223,10.741,10.278,0.349,10.228,0.000,0.165,0.000,0.000,0.000,0.000,0.000,0.000,0.000
5122,1708.676,18.853,10.741,10.288,0.340,10.239,0.000,0.162,0.000,0.000,0.000,0.000,0.000,0.000,0.000
5123,1709.011,19.927,10.741,10.299,0.331,10.249,0.000,0.160,0.000,0.000,0.000,0.000,0.000,0.000,0.000
5124,1709.346,11.631,10.741,10.309,0.323,10.260,0.000,0.158,0.000,0.000,0.000,0.000,0.000,0.000,0.000
5125,1709.681,18.261,10.741,10.320,0.314,10.271,0.000,0.156,0.000,0.000,0.000,0.000,0.000,0.000,0.000
5126,1710.016,21.223,10.742,10.330,0.306,10.281,0.000,0.154,0.000,0.000,0.000,0.000,0.000,0.000,0.000
5127,1710.351,10.964,10.742,10.341,0.299,10.292,0.000,0.152,0.000,0.000,0.000,0.000,0.000,0.000,0.000
5128,1710.686,23.075,10.743,10.351,0.291,10.303,0.000,0.150,0.000,0.000,0.000,0.000,0.000,0.000,0.000
5129,1711.021,16.297,10.745,10.362,0.283,10.314,0.000,0.148,0.000,0.000,0.000,0.000,0.000,0.000,0.000
5130,1711.356,17.223,10.746,10.372,0.276,10.324,0.000,0.146,0.000,0.000,0.000,0.000,0.000,0.000,0.000
5131,1711.691,17.149,10.748,10.383,0.269,10.335,0.000,0.144,0.000,0.000,0.000,0.000,0.000,0.000,0.000
5132,1712.026,27.594,10.750,10.393,0.262,10.346,0.000,0.142,0.000,0.000,0.000,0.000,0.000,0.000,0.000
5133,1712.361,21.445,10.752,10.404,0.255,10.356,0.000,0.141,0.000,0.000,0.000,0.000,0.000,0.000,0.000
5134,1712.696,11.705,10.755,10.414,0.249,10.367,0.000,0.139,0.000,0.000,0.000,0.000,0.000,0.000,0.000
5135,1713.031,12.112,10.758,10.425,0.242,10.378,0.000,0.137,0.000,0.000,0.000,0.000,0.000,0.000,0.000
5136,1713.366,23.075,10.760,10.436,0.236,10.389,0.000,0.136,0.000,0.000,0.000,0.000,0.000,0.000,0.000
5137,1713.701,27.149,10.764,10.446,0.230,10.399,0.000,0.134,0.000,0.000,0.000,0.000,0.000,0.000,0.000
5138,1714.037,25.927,10.767,10.457,0.224,10.410,0.000,0.133,0.000,0.000,0.000,0.000,0.000,0.000,0.000
5139,1714.372,19.482,10.770,10.467,0.218,10.421,0.000,0.132,0.000,0.000,0.000,0.000,0.000,0.000,0.000
5140,1714.707,22.149,10.774,10.478,0.212,10.431,0.000,0.130,0.000,0.000,0.000,0.000,0.000,0.000,0.000
5141,1715.042,25.853,10.778,10.488,0.207,10.442,0.000,0.129,0.000,0.000,0.000,0.000,0.000,0.000,0.000
5142,1715.378,21.297,10.782,10.499,0.201,10.453,0.000,0.128,0.000,0.000,0.000,0.000,0.000,0.000,0.000
5143,1715.713,19.297,10.786,10.509,0.196,10.463,0.000,0.127,0.000,0.000,0.000,0.000,0.000,0.000,0.000
5144,1716.048,16.594,10.790,10.520,0.191,10.474,0.000,0.125,0.000,0.000,0.000,0.000,0.000,0.000,0.000
5145,1716.384,16.001,10.795,10.530,0.186,10.484,0.000,0.124,0.000,0.000,0.000,0.000,0.000,0.000,0.000
5146,1716.719,28.297,10.799,10.541,0.181,10.495,0.000,0.123,0.000,0.000,0.000,0.000,0.000,0.000,0.000
5147,1717.055,10.594,10.804,10.551,0.176,10.506,0.000,0.122,0.000,0.000,0.000,0.000,0.000,0.000,0.000
5148,1717.390,20.260,10.809,10.562,0.172,10.516,0.000,0.121,0.000,0.000,0.000,0.000,0.000,0.000,0.000
5149,1717.726,27.297,10.814,10.572,0.167,10.527,0.000,0.120,0.000,0.000,0.000,0.000,0.000,0.000,0.000
5150,1718.061,16.483,10.819,10.583,0.163,10.538,0.000,0.119,0.000,0.000,0.000,0.000,0.000,0.000,0.000
5151,1718.397,15.742,10.825,10.594,0.158,10.548,0.000,0.118,0.000,0.000,0.000,0.000,0.000,0.000,0.000
5152,1718.732,16.853,10.830,10.604,0.154,10.559,0.000,0.117,0.000,0.000,0.000,0.000,0.000,0.000,0.000
5153,1719.068,27.297,10.836,10.615,0.150,10.570,0.000,0.116,0.000,0.000,0.000,0.000,0.000,0.000,0.000
5154,1719.403,27.001,10.842,10.625,0.146,10.580,0.000,0.115,0.000,0.000,0.000,0.000,0.000,0.000,0.000
5155,1719.739,22.890,10.848,10.636,0.142,10.591,0.000,0.115,0.000,0.000,0.000,0.000,0.000,0.000,0.000
5156,1720.075,18.668,10.854,10.646,0.139,10.601,0.000,0.114,0.000,0.000,0.000,0.000,0.000,0.000,0.000
5157,1720.410,13.445,10.860,10.657,0.135,10.612,0.000,0.113,0.000,0.000,0.000,0.000,0.000,0.000,0.000
5158,1720.746,21.001,10.867,10.667,0.132,10.623,0.000,0.112,0.000,0.000,0.000,0.000,0.000,0.000,0.000
5159,1721.082,9.964,10.873,10.678,0.128,10.633,0.000,0.112,0.000,0.000,0.000,0.000,0.000,0.000,0.000
5160,1721.418,14.816,10.880,10.688,0.125,10.644,0.000,0.111,0.000,0.000,0.000,0.000,0.000,0.000,0.000
5161,1721.753,9.594,10.886,10.699,0.121,10.654,0.000,0.110,0.000,0.000,0.000,0.000,0.000,0.000,0.000
5162,1722.089,12.149,10.893,10.709,0.118,10.665,0.000,0.110,0.000,0.000,0.000,0.000,0.000,0.000,0.000
5163,1722.425,15.223,10.900,10.720,0.115,10.676,0.000,0.109,0.000,0.000,0.000,0.000,0.000,0.000,0.000
5164,1722.761,16.778,10.907,10.730,0.112,10.686,0.000,0.109,0.000,0.000,0.000,0.000,0.000,0.000,0.000
5165,1723.097,15.964,10.914,10.741,0.109,10.697,0.000,0.108,0.000,0.000,0.000,0.000,0.000,0.000,0.000
5166,1723.433,21.371,10.921,10.752,0.106,10.707,0.000,0.108,0.000,0.000,0.000,0.000,0.000,0.000,0.000
5167,1723.769,18.852,10.929,10.762,0.104,10.718,0.000,0.107,0.000,0.000,0.000,0.000,0.000,0.000,0.000
5168,1724.105,16.075,10.936,10.773,0.101,10.729,0.000,0.107,0.000,0.000,0.000,0.000,0.000,0.000,0.000
5169,1724.441,13.112,10.944,10.783,0.098,10.739,0.000,0.106,0.000,0.000,0.000,0.000,0.000,0.000,0.000
5170,1724.777,9.112,10.951,10.794,0.096,10.750,0.000,0.106,0.000,0.000,0.000,0.000,0.000,0.000,0.000
5171,1725.113,21.704,10.959,10.804,0.093,10.760,0.000,0.105,0.000,0.000,0.000,0.000,0.000,0.000,0.000
5172,1725.449,14.112,10.967,10.815,0.091,10.771,0.000,0.105,0.000,0.000,0.000,0.000,0.000,0.000,0.000
5173,1725.785,12.297,10.975,10.825,0.089,10.782,0.000,0.105,0.000,0.000,0.000,0.000,0.000,0.000,0.000
5174,1726.121,14.631,10.983,10.836,0.086,10.792,0.000,0.104,0.000,0.000,0.000,0.000,0.000,0.000,0.000
5175,1726.457,11.038,10.991,10.846,0.084,10.803,0.000,0.104,0.000,0.000,0.000,0.000,0.000,0.000,0.000
5176,1726.793,20.482,10.999,10.857,0.082,10.813,0.000,0.104,0.000,0.000,0.000,0.000,0.000,0.000,0.000
5177,1727.129,13.260,11.007,10.867,0.080,10.824,0.000,0.103,0.000,0.000,0.000,0.000,0.000,0.000,0.000
5178,1727.466,19.964,11.015,10.878,0.078,10.834,0.000,0.103,0.000,0.000,0.000,0.000,0.000,0.000,0.000
5179,1727.802,13.630,11.024,10.888,0.076,10.845,0.000,0.103,0.000,0.000,0.000,0.000,0.000,0.000,0.000
5180,1728.138,13.149,11.032,10.899,0.074,10.856,0.000,0.103,0.000,0.000,0.000,0.000,0.000,0.000,0.000
5181,1728.474,16.890,11.041,10.909,0.072,10.866,0.000,0.103,0.000,0.000,0.000,0.000,0.000,0.000,0.000
5182,1728.811,14.482,11.049,10.920,0.070,10.877,0.000,0.102,0.000,0.000,0.000,0.000,0.000,0.000,0.000
5183,1729.147,17.556,11.058,10.931,0.068,10.887,0.000,0.102,0.000,0.000,0.000,0.000,0.000,0.000,0.000
5184,1729.483,12.668,11.067,10.941,0.067,10.898,0.000,0.102,0.000,0.000,0.000,0.000,0.000,0.000,0.000
5185,1729.820,15.594,11.076,10.952,0.065,10.908,0.000,0.102,0.000,0.000,0.000,0.000,0.000,0.000,0.000
5186,1730.156,18.668,11.084,10.962,0.063,10.919,0.000,0.102,0.000,0.000,0.000,0.000,0.000,0.000,0.000
5187,1730.493,30.926,11.093,10.973,0.062,10.930,0.000,0.102,0.000,0.000,0.000,0.000,0.000,0.000,0.000
5188,1730.829,8.742,11.102,10.983,0.060,10.940,0.000,0.102,0.000,0.000,0.000,0.000,0.000,0.000,0.000
5189,1731.166,24.594,11.111,10.994,0.059,10.951,0.000,0.102,0.000,0.000,0.000,0.000,0.000,0.000,0.000
5190,1731.502,22.556,11.121,11.004,0.057,10.961,0.000,0.102,0.000,0.000,0.000,0.000,0.000,0.000,0.000
5191,1731.839,21.186,11.130,11.015,0.056,10.972,0.000,0.102,0.000,0.000,0.000,0.000,0.000,0.000,0.000
5192,1732.175,18.186,11.139,11.025,0.054,10.982,0.000,0.102,0.000,0.000,0.000,0.000,0.000,0.000,0.000
5193,1732.512,15.556,11.148,11.036,0.053,10.993,0.000,0.102,0.000,0.000,0.000,0.000,0.000,0.000,0.000
5194,1732.849,14.742,11.158,11.046,0.052,11.004,0.000,0.102,0.000,0.000,0.000,0.000,0.000,0.000,0.000
5195,1733.185,26.742,11.167,11.057,0.051,11.014,0.000,0.102,0.000,0.000,0.000,0.000,0.000,0.000,0.000
5196,1733.522,20.816,11.176,11.067,0.049,11.025,0.000,0.102,0.000,0.000,0.000,0.000,0.000,0.000,0.000
5197,1733.859,14.519,11.186,11.078,0.048,11.035,0.000,0.102,0.000,0.000,0.000,0.000,0.000,0.000,0.000
5198,1734.195,12.371,11.195,11.089,0.047,11.046,0.000,0.103,0.000,0.000,0.000,0.000,0.000,0.000,0.000
5199,1734.532,17.778,11.205,11.099,0.046,11.056,0.000,0.103,0.000,0.000,0.000,0.000,0.000,0.000,0.000
5200,1734.869,14.112,11.215,11.110,0.045,11.067,0.000,0.103,0.000,0.000,0.000,0.000,0.000,0.000,0.000
5201,1735.206,12.853,11.224,11.120,0.044,11.077,0.000,0.103,0.000,0.000,0.000,0.000,0.000,0.000,0.000
5202,1735.543,11.852,11.234,11.131,0.043,11.088,0.000,0.103,0.000,0.000,0.000,0.000,0.000,0.000,0.000
5203,1735.879,20.594,11.244,11.141,0.042,11.099,0.000,0.104,0.000,0.000,0.000,0.000,0.000,0.000,0.000
5204,1736.216,14.630,11.253,11.152,0.040,11.109,0.000,0.104,0.000,0.000,0.000,0.000,0.000,0.000,0.000
5205,1736.553,18.482,11.263,11.162,0.040,11.120,0.000,0.104,0.000,0.000,0.000,0.000,0.000,0.000,0.000
5206,1736.890,11.519,11.273,11.173,0.039,11.130,0.000,0.104,0.000,0.000,0.000,0.000,0.000,0.000,0.000
5207,1737.227,20.334,11.283,11.183,0.038,11.141,0.000,0.105,0.000,0.000,0.000,0.000,0.000,0.000,0.000
5208,1737.564,14.112,11.293,11.194,0.037,11.151,0.000,0.105,0.000,0.000,0.000,0.000,0.000,0.000,0.000
5209,1737.901,16.408,11.303,11.204,0.036,11.162,0.000,0.105,0.000,0.000,0.000,0.000,0.000,0.000,0.000
5210,1738.238,14.408,11.313,11.215,0.035,11.172,0.000,0.106,0.000,0.000,0.000,0.000,0.000,0.000,0.000
5211,1738.575,17.297,11.323,11.225,0.034,11.183,0.000,0.106,0.000,0.000,0.000,0.000,0.000,0.000,0.000
5212,1738.912,16.742,11.333,11.236,0.033,11.194,0.000,0.106,0.000,0.000,0.000,0.000,0.000,0.000,0.000
5213,1739.250,19.704,11.343,11.247,0.033,11.204,0.000,0.107,0.000,0.000,0.000,0.000,0.000,0.000,0.000
5214,1739.587,14.668,11.354,11.257,0.032,11.215,0.000,0.107,0.000,0.000,0.000,0.000,0.000,0.000,0.000
5215,1739.924,11.964,11.364,11.268,0.031,11.225,0.000,0.108,0.000,0.000,0.000,0.000,0.000,0.000,0.000
5216,1740.261,16.816,11.374,11.278,0.030,11.236,0.000,0.108,0.000,0.000,0.000,0.000,0.000,0.000,0.000
5217,1740.598,14.964,11.384,11.289,0.030,11.246,0.000,0.108,0.000,0.000,0.000,0.000,0.000,0.000,0.000
5218,1740.936,15.964,11.395,11.299,0.029,11.257,0.000,0.109,0.000,0.000,0.000,0.000,0.000,0.000,0.000
5219,1741.273,19.519,11.405,11.310,0.028,11.267,0.000,0.109,0.000,0.000,0.000,0.000,0.000,0.000,0.000
5220,1741.610,13.112,11.415,11.320,0.028,11.278,0.000,0.110,0.000,0.000,0.000,0.000,0.000,0.000,0.000
5221,1741.948,16.778,11.426,11.331,0.027,11.289,0.000,0.110,0.000,0.000,0.000,0.000,0.000,0.000,0.000
5222,1742.285,20.816,11.436,11.341,0.026,11.299,0.000,0.111,0.000,0.000,0.000,0.000,0.000,0.000,0.000
5223,1742.622,17.594,11.447,11.352,0.026,11.310,0.000,0.112,0.000,0.000,0.000,0.000,0.000,0.000,0.000
5224,1742.960,19.038,11.457,11.362,0.025,11.320,0.000,0.112,0.000,0.000,0.000,0.000,0.000,0.000,0.000
5225,1743.297,11.038,11.468,11.373,0.024,11.331,0.000,0.113,0.000,0.000,0.000,0.000,0.000,0.000,0.000
5226,1743.635,14.852,11.478,11.383,0.024,11.341,0.000,0.113,0.000,0.000,0.000,0.000,0.000,0.000,0.000
5227,1743.972,19.334,11.489,11.394,0.023,11.352,0.000,0.114,0.000,0.000,0.000,0.000,0.000,0.000,0.000
5228,1744.310,20.408,11.500,11.405,0.023,11.362,0.000,0.114,0.000,0.000,0.000,0.000,0.000,0.000,0.000
5229,1744.647,15.260,11.510,11.415,0.022,11.373,0.000,0.115,0.000,0.000,0.000,0.000,0.000,0.000,0.000
5230,1744.985,14.334,11.521,11.426,0.022,11.384,0.000,0.116,0.000,0.000,0.000,0.000,0.000,0.000,0.000
5231,1745.323,6.964,11.532,11.436,0.021,11.394,0.000,0.116,0.000,0.000,0.000,0.000,0.000,0.000,0.000
5232,1745.660,14.668,11.542,11.447,0.021,11.405,0.000,0.117,0.000,0.000,0.000,0.000,0.000,0.000,0.000
5233,1745.998,19.408,11.553,11.457,0.020,11.415,0.000,0.118,0.000,0.000,0.000,0.000,0.000,0.000,0.000
5234,1746.336,16.038,11.564,11.468,0.020,11.426,0.000,0.118,0.000,0.000,0.000,0.000,0.000,0.000,0.000
5235,1746.673,15.334,11.575,11.478,0.019,11.436,0.000,0.119,0.000,0.000,0.000,0.000,0.000,0.000,0.000
5236,1747.011,11.001,11.586,11.489,0.019,11.447,0.000,0.120,0.000,0.000,0.000,0.000,0.000,0.000,0.000
5237,1747.349,17.038,11.596,11.499,0.018,11.457,0.000,0.121,0.000,0.000,0.000,0.000,0.000,0.000,0.000
5238,1747.687,16.408,11.607,11.510,0.018,11.468,0.000,0.121,0.000,0.000,0.000,0.000,0.000,0.000,0.000
5239,1748.024,15.186,11.618,11.520,0.017,11.479,0.000,0.122,0.000,0.000,0.000,0.000,0.000,0.000,0.000
5240,1748.362,16.778,11.629,11.531,0.017,11.489,0.000,0.123,0.000,0.000,0.000,0.000,0.000,0.000,0.000
5241,1748.700,15.482,11.640,11.541,0.017,11.500,0.000,0.124,0.000,0.000,0.000,0.000,0.000,0.000,0.000
5242,1749.038,18.926,11.651,11.552,0.016,11.510,0.000,0.125,0.000,0.000,0.000,0.000,0.000,0.000,0.000
5243,1749.376,12.334,11.662,11.563,0.016,11.521,0.000,0.125,0.000,0.000,0.000,0.000,0.000,0.000,0.000
5244,1749.714,18.926,11.673,11.573,0.015,11.531,0.000,0.126,0.000,0.000,0.000,0.000,0.000,0.000,0.000
5245,1750.052,13.408,11.684,11.584,0.015,11.542,0.000,0.127,0.000,0.000,0.000,0.000,0.000,0.000,0.000
5246,1750.390,9.556,11.695,11.594,0.015,11.553,0.000,0.128,0.000,0.000,0.000,0.000,0.000,0.000,0.000
5247,1750.728,13.964,11.706,11.605,0.014,11.563,0.000,0.129,0.000,0.000,0.000,0.000,0.000,0.000,0.000
5248,1751.066,11.890,11.717,11.615,0.014,11.574,0.000,0.130,0.000,0.000,0.000,0.000,0.000,0.000,0.000
5249,1751.404,20.260,11.729,11.626,0.014,11.584,0.000,0.131,0.000,0.000,0.000,0.000,0.000,0.000,0.000
5250,1751.742,16.149,11.740,11.636,0.013,11.595,0.000,0.132,0.000,0.000,0.000,0.000,0.000,0.000,0.000
5251,1752.081,11.038,11.751,11.647,0.013,11.605,0.000,0.133,0.000,0.000,0.000,0.000,0.000,0.000,0.000
5252,1752.419,11.778,11.762,11.657,0.013,11.616,0.000,0.134,0.000,0.000,0.000,0.000,0.000,0.000,0.000
5253,1752.757,9.816,11.773,11.668,0.012,11.626,0.000,0.135,0.000,0.000,0.000,0.000,0.000,0.000,0.000
5254,1753.095,11.482,11.785,11.678,0.012,11.637,0.000,0.136,0.000,0.000,0.000,0.000,0.000,0.000,0.000
5255,1753.434,17.556,11.796,11.689,0.012,11.648,0.000,0.137,0.000,0.000,0.000,0.000,0.000,0.000,0.000
5256,1753.772,10.482,11.807,11.699,0.011,11.658,0.000,0.138,0.000,0.000,0.000,0.000,0.000,0.000,0.000
5257,1754.110,19.334,11.819,11.710,0.011,11.669,0.000,0.139,0.000,0.000,0.000,0.000,0.000,0.000,0.000
5258,1754.449,17.742,11.830,11.721,0.011,11.679,0.000,0.140,0.000,0.000,0.000,0.000,0.000,0.000,0.000
5259,1754.787,17.408,11.841,11.731,0.011,11.690,0.000,0.141,0.000,0.000,0.000,0.000,0.000,0.000,0.000
5260,1755.125,16.964,11.853,11.742,0.010,11.700,0.000,0.142,0.000,0.000,0.000,0.000,0.000,0.000,0.000
5261,1755.464,9.816,11.864,11.752,0.010,11.711,0.000,0.143,0.000,0.000,0.000,0.000,0.000,0.000,0.000
5262,1755.802,18.926,11.875,11.763,0.010,11.722,0.000,0.144,0.000,0.000,0.000,0.000,0.000,0.000,0.000
5263,1756.141,15.556,11.887,11.773,0.010,11.732,0.000,0.145,0.000,0.000,0.000,0.000,0.000,0.000,0.000
5264,1756.479,10.630,11.898,11.784,0.009,11.743,0.000,0.146,0.000,0.000,0.000,0.000,0.000,0.000,0.000
5265,1756.818,19.001,11.910,11.794,0.009,11.753,0.000,0.147,0.000,0.000,0.000,0.000,0.000,0.000,0.000
5266,1757.156,22.926,11.921,11.805,0.009,11.764,0.000,0.149,0.000,0.000,0.000,0.000,0.000,0.000,0.000
5267,1757.495,12.334,11.933,11.815,0.009,11.774,0.000,0.150,0.000,0.000,0.000,0.000,0.000,0.000,0.000
5268,1757.834,11.482,11.944,11.826,0.008,11.785,0.000,0.151,0.000,0.000,0.000,0.000,0.000,0.000,0.000
5269,1758.172,18.890,11.956,11.836,0.008,11.796,0.000,0.152,0.000,0.000,0.000,0.000,0.000,0.000,0.000
5270,1758.511,17.260,11.968,11.847,0.008,11.806,0.000,0.153,0.000,0.000,0.000,0.000,0.000,0.000,0.000
5271,1758.850,15.778,11.979,11.857,0.008,11.817,0.000,0.155,0.000,0.000,0.000,0.000,0.000,0.000,0.000
5272,1759.189,14.594,11.991,11.868,0.008,11.827,0.000,0.156,0.000,0.000,0.000,0.000,0.000,0.000,0.000
5273,1759.527,6.482,12.002,11.879,0.007,11.838,0.000,0.157,0.000,0.000,0.000,0.000,0.000,0.000,0.000
5274,1759.866,11.408,12.014,11.889,0.007,11.848,0.000,0.158,0.000,0.000,0.000,0.000,0.000,0.000,0.000
5275,1760.205,15.334,12.026,11.900,0.007,11.859,0.000,0.160,0.000,0.000,0.000,0.000,0.000,0.000,0.000
5276,1760.544,18.482,12.037,11.910,0.007,11.870,0.000,0.161,0.000,0.000,0.000,0.000,0.000,0.000,0.000
5277,1760.883,14.482,12.049,11.921,0.007,11.880,0.000,0.162,0.000,0.000,0.000,0.000,0.000,0.000,0.000
5278,1761.222,17.816,12.061,11.931,0.007,11.891,0.000,0.164,0.000,0.000,0.000,0.000,0.000,0.000,0.000
5279,1761.561,14.704,12.073,11.942,0.006,11.901,0.000,0.165,0.000,0.000,0.000,0.000,0.000,0.000,0.000
5280,1761.900,16.926,12.084,11.952,0.006,11.912,0.000,0.166,0.000,0.000,0.000,0.000,0.000,0.000,0.000
5281,1762.239,15.001,12.096,11.963,0.006,11.923,0.000,0.168,0.000,0.000,0.000,0.000,0.000,0.000,0.000
5282,1762.578,16.852,12.108,11.973,0.006,11.933,0.000,0.169,0.000,0.000,0.000,0.000,0.000,0.000,0.000
5283,1762.917,13.186,12.120,11.984,0.006,11.944,0.000,0.170,0.000,0.000,0.000,0.000,0.000,0.000,0.000
5284,1763.256,14.852,12.132,11.994,0.006,11.954,0.000,0.172,0.000,0.000,0.000,0.000,0.000,0.000,0.000
5285,1763.595,15.926,12.143,12.005,0.005,11.965,0.000,0.173,0.000,0.000,0.000,0.000,0.000,0.000,0.000
5286,1763.934,12.704,12.155,12.015,0.005,11.976,0.000,0.174,0.000,0.000,0.000,0.000,0.000,0.000,0.000
5287,1764.273,5.964,12.167,12.026,0.005,11.986,0.000,0.176,0.000,0.000,0.000,0.000,0.000,0.000,0.000
5288,1764.613,9.964,12.179,12.036,0.005,11.997,0.000,0.177,0.000,0.000,0.000,0.000,0.000,0.000,0.000
5289,1764.952,14.038,12.191,12.047,0.005,12.007,0.000,0.179,0.000,0.000,0.000,0.000,0.000,0.000,0.000
5290,1765.291,13.852,12.203,12.058,0.005,12.018,0.000,0.180,0.000,0.000,0.000,0.000,0.000,0.000,0.000
5291,1765.630,19.778,12.215,12.068,0.005,12.029,0.000,0.181,0.000,0.000,0.000,0.000,0.000,0.000,0.000
5292,1765.970,10.704,12.226,12.079,0.005,12.039,0.000,0.183,0.000,0.000,0.000,0.000,0.000,0.000,0.000
5293,1766.309,13.890,12.238,12.089,0.004,12.050,0.000,0.184,0.000,0.000,0.000,0.000,0.000,0.000,0.000
5294,1766.648,7.260,12.250,12.100,0.004,12.060,0.000,0.186,0.000,0.000,0.000,0.000,0.000,0.000,0.000
5295,1766.988,19.816,12.262,12.110,0.004,12.071,0.000,0.187,0.000,0.000,0.000,0.000,0.000,0.000,0.000
5296,1767.327,16.890,12.274,12.121,0.004,12.082,0.000,0.188,0.000,0.000,0.000,0.000,0.000,0.000,0.000
5297,1767.667,13.371,12.286,12.131,0.004,12.092,0.000,0.190,0.000,0.000,0.000,0.000,0.000,0.000,0.000
5298,1768.006,11.408,12.298,12.142,0.004,12.103,0.000,0.191,0.000,0.000,0.000,0.000,0.000,0.000,0.000
5299,1768.346,10.112,12.310,12.152,0.004,12.113,0.000,0.192,0.000,0.000,0.000,0.000,0.000,0.000,0.000
5300,1768.685,18.778,12.321,12.163,0.004,12.124,0.000,0.194,0.000,0.000,0.000,0.000,0.000,0.000,0.000
5301,1769.025,15.964,12.333,12.173,0.004,12.135,0.000,0.195,0.000,0.000,0.000,0.000,0.000,0.000,0.000
5302,1769.365,8.630,12.345,12.184,0.003,12.145,0.000,0.197,0.000,0.000,0.000,0.000,0.000,0.000,0.000
5303,1769.704,13.001,12.357,12.194,0.003,12.156,0.000,0.198,0.000,0.000,0.000,0.000,0.000,0.000,0.000
5304,1770.044,17.371,12.369,12.205,0.003,12.166,0.000,0.199,0.000,0.000,0.000,0.000,0.000,0.000,0.000
5305,1770.384,24.852,12.381,12.216,0.003,12.177,0.000,0.201,0.000,0.000,0.000,0.000,0.000,0.000,0.000
5306,1770.723,12.408,12.393,12.226,0.003,12.188,0.000,0.202,0.000,0.000,0.000,0.000,0.000,0.000,0.000
5307,1771.063,14.926,12.405,12.237,0.003,12.198,0.000,0.203,0.000,0.000,0.000,0.000,0.000,0.000,0.000
5308,1771.403,12.260,12.417,12.247,0.003,12.209,0.000,0.205,0.000,0.000,0.000,0.000,0.000,0.000,0.000
5309,1771.743,21.149,12.429,12.258,0.003,12.219,0.000,0.206,0.000,0.000,0.000,0.000,0.000,0.000,0.000
5310,1772.083,15.852,12.440,12.268,0.003,12.230,0.000,0.208,0.000,0.000,0.000,0.000,0.000,0.000,0.000
5311,1772.423,18.408,12.452,12.279,0.003,12.241,0.000,0.209,0.000,0.000,0.000,0.000,0.000,0.000,0.000
5312,1772.762,15.408,12.464,12.289,0.003,12.251,0.000,0.210,0.000,0.000,0.000,0.000,0.000,0.000,0.000
5313,1773.102,25.334,12.476,12.300,0.003,12.262,0.000,0.212,0.000,0.000,0.000,0.000,0.000,0.000,0.000
5314,1773.442,23.556,12.488,12.310,0.003,12.273,0.000,0.213,0.000,0.000,0.000,0.000,0.000,0.000,0.000
5315,1773.782,16.704,12.500,12.321,0.002,12.283,0.000,0.214,0.000,0.000,0.000,0.000,0.000,0.000,0.000
5316,1774.122,13.556,12.512,12.331,0.002,12.294,0.000,0.216,0.000,0.000,0.000,0.000,0.000,0.000,0.000
5317,1774.462,11.852,12.524,12.342,0.002,12.304,0.000,0.217,0.000,0.000,0.000,0.000,0.000,0.000,0.000
5318,1774.803,14.482,12.536,12.352,0.002,12.315,0.000,0.218,0.000,0.000,0.000,0.000,0.000,0.000,0.000
5319,1775.143,15.260,12.547,12.363,0.002,12.326,0.000,0.220,0.000,0.000,0.000,0.000,0.000,0.000,0.000
5320,1775.483,18.186,12.559,12.374,0.002,12.336,0.000,0.221,0.000,0.000,0.000,0.000,0.000,0.000,0.000
5321,1775.823,20.001,12.571,12.384,0.002,12.347,0.000,0.222,0.000,0.000,0.000,0.000,0.000,0.000,0.000
5322,1776.163,13.778,12.583,12.395,0.002,12.358,0.000,0.223,0.000,0.000,0.000,0.000,0.000,0.000,0.000
5323,1776.503,13.001,12.595,12.405,0.002,12.368,0.000,0.225,0.000,0.000,0.000,0.000,0.000,0.000,0.000
5324,1776.844,5.556,12.607,12.416,0.002,12.379,0.000,0.226,0.000,0.000,0.000,0.000,0.000,0.000,0.000
5325,1777.184,18.371,12.619,12.426,0.002,12.390,0.000,0.227,0.000,0.000,0.000,0.000,0.000,0.000,0.000
5326,1777.524,18.556,12.630,12.437,0.002,12.400,0.000,0.228,0.000,0.000,0.000,0.000,0.000,0.000,0.000
5327,1777.865,12.704,12.642,12.447,0.002,12.411,0.000,0.230,0.000,0.000,0.000,0.000,0.000,0.000,0.000
5328,1778.205,18.001,12.654,12.458,0.002,12.421,0.000,0.231,0.000,0.000,0.000,0.000,0.000,0.000,0.000
5329,1778.546,16.778,12.666,12.468,0.002,12.432,0.000,0.232,0.000,0.000,0.000,0.000,0.000,0.000,0.000
5330,1778.886,12.334,12.678,12.479,0.002,12.443,0.000,0.233,0.000,0.000,0.000,0.000,0.000,0.000,0.000
5331,1779.227,21.630,12.690,12.489,0.002,12.453,0.000,0.235,0.000,0.000,0.000,0.000,0.000,0.000,0.000
5332,1779.567,16.408,12.701,12.500,0.002,12.464,0.000,0.236,0.000,0.000,0.000,0.000,0.000,0.000,0.000
5333,1779.908,13.001,12.713,12.510,0.002,12.475,0.000,0.237,0.000,0.000,0.000,0.000,0.000,0.000,0.000
5334,1780.248,13.704,12.725,12.521,0.001,12.485,0.000,0.238,0.000,0.000,0.000,0.000,0.000,0.000,0.000
5335,1780.589,10.297,12.737,12.532,0.001,12.496,0.000,0.239,0.000,0.000,0.000,0.000,0.000,0.000,0.000
5336,1780.929,14.482,12.748,12.542,0.001,12.507,0.000,0.240,0.000,0.000,0.000,0.000,0.000,0.000,0.000
5337,1781.270,16.630,12.760,12.553,0.001,12.517,0.000,0.242,0.000,0.000,0.000,0.000,0.000,0.000,0.000
5338,1781.611,14.704,12.772,12.563,0.001,12.528,0.000,0.243,0.000,0.000,0.000,0.000,0.000,0.000,0.000
5339,1781.951,15.704,12.784,12.574,0.001,12.539,0.000,0.244,0.000,0.000,0.000,0.000,0.000,0.000,0.000
5340,1782.292,14.852,12.795,12.584,0.001,12.549,0.000,0.245,0.000,0.000,0.000,0.000,0.000,0.000,0.000
5341,1782.633,11.334,12.807,12.595,0.001,12.560,0.000,0.246,0.000,0.000,0.000,0.000,0.000,0.000,0.000
5342,1782.974,11.075,12.819,12.605,0.001,12.571,0.000,0.247,0.000,0.000,0.000,0.000,0.000,0.000,0.000
5343,1783.315,16.778,12.830,12.616,0.001,12.581,0.000,0.248,0.000,0.000,0.000,0.000,0.000,0.000,0.000
5344,1783.656,22.852,12.842,12.626,0.001,12.592,0.000,0.249,0.000,0.000,0.000,0.000,0.000,0.000,0.000
5345,1783.996,11.926,12.854,12.637,0.001,12.602,0.000,0.250,0.000,0.000,0.000,0.000,0.000,0.000,0.000
5346,1784.337,11.704,12.865,12.647,0.001,12.613,0.000,0.251,0.000,0.000,0.000,0.000,0.000,0.000,0.000
5347,1784.678,16.778,12.877,12.658,0.001,12.624,0.000,0.252,0.000,0.000,0.000,0.000,0.000,0.000,0.000
5348,1785.019,16.778,12.889,12.668,0.001,12.634,0.000,0.253,0.000,0.000,0.000,0.000,0.000,0.000,0.000
5349,1785.360,16.964,12.900,12.679,0.001,12.645,0.000,0.254,0.000,0.000,0.000,0.000,0.000,0.000,0.000
5350,1785.702,23.852,12.912,12.690,0.001,12.656,0.000,0.255,0.000,0.000,0.000,0.000,0.000,0.000,0.000
5351,1786.043,10.371,12.923,12.700,0.001,12.666,0.000,0.256,0.000,0.000,0.000,0.000,0.000,0.000,0.000
5352,1786.384,12.852,12.935,12.711,0.001,12.677,0.000,0.257,0.000,0.000,0.000,0.000,0.000,0.000,0.000
5353,1786.725,20.852,12.947,12.721,0.001,12.688,0.000,0.258,0.000,0.000,0.000,0.000,0.000,0.000,0.000
5354,1787.066,11.001,12.958,12.732,0.001,12.698,0.000,0.259,0.000,0.000,0.000,0.000,0.000,0.000,0.000
5355,1787.407,5.778,12.970,12.742,0.001,12.709,0.000,0.260,0.000,0.000,0.000,0.000,0.000,0.000,0.000
5356,1787.749,17.778,12.981,12.753,0.001,12.720,0.000,0.260,0.000,0.000,0.000,0.000,0.000,0.000,0.000
5357,1788.090,6.778,12.993,12.763,0.001,12.730,0.000,0.261,0.000,0.000,0.000,0.000,0.000,0.000,0.000
5358,1788.431,13.038,13.004,12.774,0.001,12.741,0.000,0.262,0.000,0.000,0.000,0.000,0.000,0.000,0.000
5359,1788.772,8.704,13.016,12.784,0.001,12.752,0.000,0.263,0.000,0.000,0.000,0.000,0.000,0.000,0.000
5360,1789.114,5.556,13.027,12.795,0.001,12.763,0.000,0.264,0.000,0.000,0.000,0.000,0.000,0.000,0.000
5361,1789.455,15.001,13.038,12.805,0.001,12.773,0.000,0.264,0.000,0.000,0.000,0.000,0.000,0.000,0.000
5362,1789.797,21.445,13.050,12.816,0.001,12.784,0.000,0.265,0.000,0.000,0.000,0.000,0.000,0.000,0.000
5363,1790.138,13.926,13.061,12.826,0.001,12.795,0.000,0.266,0.000,0.000,0.000,0.000,0.000,0.000,0.000
5364,1790.480,13.778,13.073,12.837,0.001,12.805,0.000,0.267,0.000,0.000,0.000,0.000,0.000,0.000,0.000
5365,1790.821,14.556,13.084,12.848,0.001,12.816,0.000,0.267,0.000,0.000,0.000,0.000,0.000,0.000,0.000
5366,1791.163,18.445,13.095,12.858,0.001,12.827,0.000,0.268,0.000,0.000,0.000,0.000,0.000,0.000,0.000
5367,1791.504,13.334,13.107,12.869,0.001,12.837,0.000,0.269,0.000,0.000,0.000,0.000,0.000,0.000,0.000
5368,1791.846,15.334,13.118,12.879,0.001,12.848,0.000,0.269,0.000,0.000,0.000,0.000,0.000,0.000,0.000
5369,1792.188,21.778,13.129,12.890,0.001,12.859,0.000,0.270,0.000,0.000,0.000,0.000,0.000,0.000,0.000
5370,1792.529,12.852,13.140,12.900,0.001,12.869,0.000,0.270,0.000,0.000,0.000,0.000,0.000,0.000,0.000
5371,1792.871,16.186,13.152,12.911,0.001,12.880,0.000,0.271,0.000,0.000,0.000,0.000,0.000,0.000,0.000
5372,1793.213,14.482,13.163,12.921,0.001,12.891,0.000,0.272,0.000,0.000,0.000,0.000,0.000,0.000,0.000
5373,1793.555,14.704,13.174,12.932,0.001,12.901,0.000,0.272,0.000,0.000,0.000,0.000,0.000,0.000,0.000
5374,1793.896,10.334,13.185,12.942,0.000,12.912,0.000,0.273,0.000,0.000,0.000,0.000,0.000,0.000,0.000
5375,1794.238,11.075,13.196,12.953,0.000,12.923,0.000,0.273,0.000,0.000,0.000,0.000,0.000,0.000,0.000
5376,1794.580,15.630,13.207,12.963,0.000,12.933,0.000,0.274,0.000,0.000,0.000,0.000,0.000,0.000,0.000
5377,1794.922,8.334,13.219,12.974,0.000,12.944,0.000,0.274,0.000,0.000,0.000,0.000,0.000,0.000,0.000
5378,1795.264,16.186,13.230,12.984,0.000,12.955,0.000,0.274,0.000,0.000,0.000,0.000,0.000,0.000,0.000
5379,1795.606,21.001,13.241,12.995,0.000,12.965,0.000,0.275,0.000,0.000,0.000,0.000,0.000,0.000,0.000
5380,1795.948,13.519,13.252,13.005,0.000,12.976,0.000,0.275,0.000,0.000,0.000,0.000,0.000,0.000,0.000
5381,1796.290,4.778,13.263,13.016,0.000,12.987,0.000,0.276,0.000,0.000,0.000,0.000,0.000,0.000,0.000
5382,1796.632,11.556,13.274,13.027,0.000,12.998,0.000,0.276,0.000,0.000,0.000,0.000,0.000,0.000,0.000
5383,1796.974,13.260,13.285,13.037,0.000,13.008,0.000,0.276,0.000,0.000,0.000,0.000,0.000,0.000,0.000
5384,1797.316,15.001,13.296,13.048,0.000,13.019,0.000,0.276,0.000,0.000,0.000,0.000,0.000,0.000,0.000
5385,1797.658,12.852,13.307,13.058,0.000,13.030,0.000,0.277,0.000,0.000,0.000,0.000,0.000,0.000,0.000
5386,1798.001,17.149,13.318,13.069,0.000,13.040,0.000,0.277,0.000,0.000,0.000,0.000,0.000,0.000,0.000
5387,1798.343,4.260,13.329,13.079,0.000,13.051,0.000,0.277,0.000,0.000,0.000,0.000,0.000,0.000,0.000
5388,1798.685,16.852,13.339,13.090,0.000,13.062,0.000,0.277,0.000,0.000,0.000,0.000,0.000,0.000,0.000
5389,1799.027,18.778,13.350,13.100,0.000,13.072,0.000,0.278,0.000,0.000,0.000,0.000,0.000,0.000,0.000
5390,1799.370,15.778,13.361,13.111,0.000,13.083,0.000,0.278,0.000,0.000,0.000,0.000,0.000,0.000,0.000
5391,1799.712,16.297,13.372,13.121,0.000,13.094,0.000,0.278,0.000,0.000,0.000,0.000,0.000,0.000,0.000
5392,1800.054,18.556,13.383,13.132,0.000,13.105,0.000,0.278,0.000,0.000,0.000,0.000,0.000,0.000,0.000
5393,1800.397,13.704,13.394,13.142,0.000,13.115,0.000,0.278,0.000,0.000,0.000,0.000,0.000,0.000,0.000
5394,1800.739,16.371,13.404,13.153,0.000,13.126,0.000,0.278,0.000,0.000,0.000,0.000,0.000,0.000,0.000
5395,1801.082,14.556,13.415,13.163,0.000,13.137,0.000,0.278,0.000,0.000,0.000,0.000,0.000,0.000,0.000
5396,1801.424,18.371,13.426,13.174,0.000,13.147,0.000,0.278,0.000,0.000,0.000,0.000,0.000,0.000,0.000
5397,1801.767,16.482,13.436,13.185,0.000,13.158,0.000,0.278,0.000,0.000,0.000,0.000,0.000,0.000,0.000
5398,1802.109,15.926,13.447,13.195,0.000,13.169,0.000,0.278,0.000,0.000,0.000,0.000,0.000,0.000,0.000
5399,1802.452,15.926,13.458,13.206,0.000,13.179,0.000,0.278,0.000,0.000,0.000,0.000,0.000,0.000,0.000
5400,1802.795,15.704,13.468,13.216,0.000,13.190,0.000,0.278,0.000,0.000,0.000,0.000,0.000,0.000,0.000
5401,1803.137,12.371,13.479,13.227,0.000,13.201,0.000,0.278,0.000,0.000,0.000,0.000,0.000,0.000,0.000
5402,1803.480,11.630,13.489,13.237,0.000,13.212,0.000,0.278,0.000,0.000,0.000,0.000,0.000,0.000,0.000
5403,1803.823,11.445,13.500,13.248,0.000,13.222,0.000,0.278,0.000,0.000,0.000,0.000,0.000,0.000,0.000
5404,1804.166,6.149,13.511,13.258,0.000,13.233,0.000,0.277,0.000,0.000,0.000,0.000,0.000,0.000,0.000
5405,1804.508,17.704,13.521,13.269,0.000,13.244,0.000,0.277,0.000,0.000,0.000,0.000,0.000,0.000,0.000
5406,1804.851,18.778,13.532,13.279,0.000,13.254,0.000,0.277,0.000,0.000,0.000,0.000,0.000,0.000,0.000
5407,1805.194,7.704,13.542,13.290,0.000,13.265,0.000,0.277,0.000,0.000,0.000,0.000,0.000,0.000,0.000
5408,1805.537,22.778,13.552,13.300,0.000,13.276,0.000,0.276,0.000,0.000,0.000,0.000,0.000,0.000,0.000
5409,1805.880,17.482,13.563,13.311,0.000,13.286,0.000,0.276,0.000,0.000,0.000,0.000,0.000,0.000,0.000
5410,1806.223,10.149,13.573,13.321,0.000,13.297,0.000,0.276,0.000,0.000,0.000,0.000,0.000,0.000,0.000
5411,1806.566,26.482,13.584,13.332,0.000,13.308,0.000,0.276,0.000,0.000,0.000,0.000,0.000,0.000,0.000
5412,1806.909,12.001,13.594,13.343,0.000,13.319,0.000,0.275,0.000,0.000,0.000,0.000,0.000,0.000,0.000
5413,1807.252,12.630,13.604,13.353,0.000,13.329,0.000,0.275,0.000,0.000,0.000,0.000,0.000,0.000,0.000
5414,1807.595,18.075,13.615,13.364,0.000,13.340,0.000,0.274,0.000,0.000,0.000,0.000,0.000,0.000,0.000
5415,1807.938,11.741,13.625,13.374,0.000,13.351,0.000,0.274,0.000,0.000,0.000,0.000,0.000,0.000,0.000
5416,1808.281,13.408,13.635,13.385,0.000,13.361,0.000,0.273,0.000,0.000,0.000,0.000,0.000,0.000,0.000
5417,1808.624,15.852,13.645,13.395,0.000,13.372,0.000,0.273,0.000,0.000,0.000,0.000,0.000,0.000,0.000
5418,1808.968,18.149,13.655,13.406,0.000,13.383,0.000,0.272,0.000,0.000,0.000,0.000,0.000,0.000,0.000
5419,1809.311,11.482,13.666,13.416,0.000,13.394,0.000,0.272,0.000,0.000,0.000,0.000,0.000,0.000,0.000
5420,1809.654,13.149,13.676,13.427,0.000,13.404,0.000,0.271,0.000,0.000,0.000,0.000,0.000,0.000,0.000
5421,1809.998,15.408,13.686,13.437,0.000,13.415,0.000,0.271,0.000,0.000,0.000,0.000,0.000,0.000,0.000
5422,1810.341,11.778,13.696,13.448,0.000,13.426,0.000,0.270,0.000,0.000,0.000,0.000,0.000,0.000,0.000
5423,1810.684,16.704,13.706,13.458,0.000,13.436,0.000,0.270,0.000,0.000,0.000,0.000,0.000,0.000,0.000
5424,1811.028,15.075,13.716,13.469,0.000,13.447,0.000,0.269,0.000,0.000,0.000,0.000,0.000,0.000,0.000
5425,1811.371,11.186,13.726,13.479,0.000,13.458,0.000,0.268,0.000,0.000,0.000,0.000,0.000,0.000,0.000
5426,1811.715,9.408,13.736,13.490,0.000,13.468,0.000,0.268,0.000,0.000,0.000,0.000,0.000,0.000,0.000
5427,1812.058,12.075,13.746,13.501,0.000,13.479,0.000,0.267,0.000,0.000,0.000,0.000,0.000,0.000,0.000
5428,1812.402,11.519,13.756,13.511,0.000,13.490,0.000,0.266,0.000,0.000,0.000,0.000,0.000,0.000,0.000
5429,1812.745,14.371,13.766,13.522,0.000,13.501,0.000,0.266,0.000,0.000,0.000,0.000,0.000,0.000,0.000
5430,1813.089,16.371,13.776,13.532,0.000,13.511,0.000,0.265,0.000,0.000,0.000,0.000,0.000,0.000,0.000
5431,1813.433,10.112,13.786,13.543,0.000,13.522,0.000,0.264,0.000,0.000,0.000,0.000,0.000,0.000,0.000
5432,1813.776,15.223,13.796,13.553,0.000,13.533,0.000,0.263,0.000,0.000,0.000,0.000,0.000,0.000,0.000
5433,1814.120,14.223,13.806,13.564,0.000,13.543,0.000,0.262,0.000,0.000,0.000,0.000,0.000,0.000,0.000
5434,1814.464,11.519,13.816,13.574,0.000,13.554,0.000,0.262,0.000,0.000,0.000,0.000,0.000,0.000,0.000
5435,1814.808,15.371,13.826,13.585,0.000,13.565,0.000,0.261,0.000,0.000,0.000,0.000,0.000,0.000,0.000
5436,1815.151,8.223,13.835,13.595,0.000,13.576,0.000,0.260,0.000,0.000,0.000,0.000,0.000,0.000,0.000
5437,1815.495,12.667,13.845,13.606,0.000,13.586,0.000,0.259,0.000,0.000,0.000,0.000,0.000,0.000,0.000
5438,1815.839,15.075,13.855,13.616,0.000,13.597,0.000,0.258,0.000,0.000,0.000,0.000,0.000,0.000,0.000
5439,1816.183,16.667,13.865,13.627,0.000,13.608,0.000,0.257,0.000,0.000,0.000,0.000,0.000,0.000,0.000
5440,1816.527,15.408,13.875,13.637,0.000,13.618,0.000,0.256,0.000,0.000,0.000,0.000,0.000,0.000,0.000
5441,1816.871,17.223,13.884,13.648,0.000,13.629,0.000,0.255,0.000,0.000,0.000,0.000,0.000,0.000,0.000
5442,1817.215,16.223,13.894,13.659,0.000,13.640,0.000,0.254,0.000,0.000,0.000,0.000,0.000,0.000,0.000
5443,1817.559,9.816,13.904,13.669,0.000,13.650,0.000,0.253,0.000,0.000,0.000,0.000,0.000,0.000,0.000
5444,1817.903,5.556,13.913,13.680,0.000,13.661,0.000,0.252,0.000,0.000,0.000,0.000,0.000,0.000,0.000
5445,1818.247,13.408,13.923,13.690,0.000,13.672,0.000,0.251,0.000,0.000,0.000,0.000,0.000,0.000,0.000
5446,1818.592,16.852,13.933,13.701,0.000,13.683,0.000,0.250,0.000,0.000,0.000,0.000,0.000,0.000,0.000
5447,1818.936,13.297,13.942,13.711,0.000,13.693,0.000,0.249,0.000,0.000,0.000,0.000,0.000,0.000,0.000
5448,1819.280,12.630,13.952,13.722,0.000,13.704,0.000,0.248,0.000,0.000,0.000,0.000,0.000,0.000,0.000
5449,1819.624,15.297,13.961,13.732,0.000,13.715,0.000,0.247,0.000,0.000,0.000,0.000,0.000,0.000,0.000
5450,1819.969,9.630,13.971,13.743,0.000,13.725,0.000,0.246,0.000,0.000,0.000,0.000,0.000,0.000,0.000
5451,1820.313,15.001,13.981,13.753,0.000,13.736,0.000,0.244,0.000,0.000,0.000,0.000,0.000,0.000,0.000
5452,1820.657,16.852,13.990,13.764,0.000,13.747,0.000,0.243,0.000,0.000,0.000,0.000,0.000,0.000,0.000
5453,1821.002,20.001,14.000,13.774,0.000,13.757,0.000,0.242,0.000,0.000,0.000,0.000,0.000,0.000,0.000
5454,1821.346,17.075,14.009,13.785,0.000,13.768,0.000,0.241,0.000,0.000,0.000,0.000,0.000,0.000,0.000
5455,1821.691,14.852,14.019,13.795,0.000,13.779,0.000,0.240,0.000,0.000,0.000,0.000,0.000,0.000,0.000
5456,1822.035,15.445,14.028,13.806,0.000,13.790,0.000,0.238,0.000,0.000,0.000,0.000,0.000,0.000,0.000
5457,1822.380,10.482,14.037,13.817,0.000,13.800,0.000,0.237,0.000,0.000,0.000,0.000,0.000,0.000,0.000
5458,1822.724,20.149,14.047,13.827,0.000,13.811,0.000,0.236,0.000,0.000,0.000,0.000,0.000,0.000,0.000
5459,1823.069,20.223,14.056,13.838,0.000,13.822,0.000,0.235,0.000,0.000,0.000,0.000,0.000,0.000,0.000
5460,1823.413,16.926,14.066,13.848,0.000,13.832,0.000,0.233,0.000,0.000,0.000,0.000,0.000,0.000,0.000
5461,1823.758,12.852,14.075,13.859,0.000,13.843,0.000,0.232,0.000,0.000,0.000,0.000,0.000,0.000,0.000
5462,1824.103,9.149,14.085,13.869,0.000,13.854,0.000,0.231,0.000,0.000,0.000,0.000,0.000,0.000,0.000
5463,1824.448,15.149,14.094,13.880,0.000,13.864,0.000,0.229,0.000,0.000,0.000,0.000,0.000,0.000,0.000
5464,1824.792,18.075,14.103,13.890,0.000,13.875,0.000,0.228,0.000,0.000,0.000,0.000,0.000,0.000,0.000
5465,1825.137,6.889,14.113,13.901,0.000,13.886,0.000,0.227,0.000,0.000,0.000,0.000,0.000,0.000,0.000
5466,1825.482,15.075,14.122,13.911,0.000,13.896,0.000,0.225,0.000,0.000,0.000,0.000,0.000,0.000,0.000
5467,1825.827,13.149,14.131,13.922,0.000,13.907,0.000,0.224,0.000,0.000,0.000,0.000,0.000,0.000,0.000
5468,1826.172,22.149,14.141,13.932,0.000,13.918,0.000,0.223,0.000,0.000,0.000,0.000,0.000,0.000,0.000
5469,1826.517,10.408,14.150,13.943,0.000,13.929,0.000,0.221,0.000,0.000,0.000,0.000,0.000,0.000,0.000
5470,1826.862,13.223,14.159,13.953,0.000,13.939,0.000,0.220,0.000,0.000,0.000,0.000,0.000,0.000,0.000
5471,1827.207,15.334,14.168,13.964,0.000,13.950,0.000,0.218,0.000,0.000,0.000,0.000,0.000,0.000,0.000
5472,1827.552,13.297,14.178,13.974,0.000,13.961,0.000,0.217,0.000,0.000,0.000,0.000,0.000,0.000,0.000
5473,1827.897,13.371,14.187,13.985,0.000,13.971,0.000,0.216,0.000,0.000,0.000,0.000,0.000,0.000,0.000
5474,1828.242,10.704,14.196,13.996,0.000,13.982,0.000,0.214,0.000,0.000,0.000,0.000,0.000,0.000,0.000
5475,1828.587,13.519,14.205,14.006,0.000,13.993,0.000,0.213,0.000,0.000,0.000,0.000,0.000,0.000,0.000
5476,1828.932,10.704,14.215,14.017,0.000,14.003,0.000,0.211,0.000,0.000,0.000,0.000,0.000,0.000,0.000
5477,1829.278,12.630,14.224,14.027,0.000,14.014,0.000,0.210,0.000,0.000,0.000,0.000,0.000,0.000,0.000
5478,1829.623,16.149,14.233,14.038,0.000,14.025,0.000,0.208,0.000,0.000,0.000,0.000,0.000,0.000,0.000
5479,1829.968,12.741,14.242,14.048,0.000,14.035,0.000,0.207,0.000,0.000,0.000,0.000,0.000,0.000,0.000
5480,1830.313,3.519,14.251,14.059,0.000,14.046,0.000,0.205,0.000,0.000,0.000,0.000,0.000,0.000,0.000
5481,1830.659,14.223,14.261,14.069,0.000,14.057,0.000,0.204,0.000,0.000,0.000,0.000,0.000,0.000,0.000
5482,1831.004,15.149,14.270,14.080,0.000,14.067,0.000,0.202,0.000,0.000,0.000,0.000,0.000,0.000,0.000
5483,1831.350,10.926,14.279,14.090,0.000,14.078,0.000,0.201,0.000,0.000,0.000,0.000,0.000,0.000,0.000
5484,1831.695,11.371,14.288,14.101,0.000,14.089,0.000,0.199,0.000,0.000,0.000,0.000,0.000,0.000,0.000
5485,1832.041,17.297,14.297,14.111,0.000,14.099,0.000,0.198,0.000,0.000,0.000,0.000,0.000,0.000,0.000
5486,1832.386,8.149,14.306,14.122,0.000,14.110,0.000,0.196,0.000,0.000,0.000,0.000,0.000,0.000,0.000
5487,1832.732,12.371,14.315,14.132,0.000,14.121,0.000,0.195,0.000,0.000,0.000,0.000,0.000,0.000,0.000
5488,1833.077,12.408,14.325,14.143,0.000,14.131,0.000,0.193,0.000,0.000,0.000,0.000,0.000,0.000,0.000
5489,1833.423,9.741,14.334,14.154,0.000,14.142,0.000,0.192,0.000,0.000,0.000,0.000,0.000,0.000,0.000
5490,1833.769,12.593,14.343,14.164,0.000,14.153,0.000,0.190,0.000,0.000,0.000,0.000,0.000,0.000,0.000
5491,1834.114,12.815,14.352,14.175,0.000,14.163,0.000,0.188,0.000,0.000,0.000,0.000,0.000,0.000,0.000
5492,1834.460,18.297,14.361,14.185,0.000,14.174,0.000,0.187,0.000,0.000,0.000,0.000,0.000,0.000,0.000
5493,1834.806,13.519,14.370,14.196,0.000,14.185,0.000,0.185,0.000,0.000,0.000,0.000,0.000,0.000,0.000
5494,1835.152,10.593,14.379,14.206,0.000,14.195,0.000,0.184,0.000,0.000,0.000,0.000,0.000,0.000,0.000
5495,1835.498,14.149,14.388,14.217,0.000,14.206,0.000,0.182,0.000,0.000,0.000,0.000,0.000,0.000,0.000
5496,1835.843,12.445,14.397,14.227,0.000,14.217,0.000,0.181,0.000,0.000,0.000,0.000,0.000,0.000,0.000
5497,1836.189,16.482,14.407,14.238,0.000,14.227,0.000,0.179,0.000,0.000,0.000,0.000,0.000,0.000,0.000
5498,1836.535,12.297,14.416,14.248,0.000,14.238,0.000,0.178,0.000,0.000,0.000,0.000,0.000,0.000,0.000
5499,1836.881,11.001,14.425,14.259,0.000,14.249,0.000,0.176,0.000,0.000,0.000,0.000,0.000,0.000,0.000
5500,1837.227,15.223,14.434,14.269,0.000,14.259,0.000,0.174,0.000,0.000,0.000,0.000,0.000,0.000,0.000
5501,1837.573,14.667,14.443,14.280,0.000,14.270,0.000,0.173,0.000,0.000,0.000,0.000,0.000,0.000,0.000
5502,1837.920,9.630,14.452,14.290,0.000,14.281,0.000,0.171,0.000,0.000,0.000,0.000,0.000,0.000,0.000
5503,1838.266,18.926,14.461,14.301,0.000,14.291,0.000,0.170,0.000,0.000,0.000,0.000,0.000,0.000,0.000
5504,1838.612,12.519,14.470,14.312,0.000,14.302,0.000,0.168,0.000,0.000,0.000,0.000,0.000,0.000,0.000
5505,1838.958,17.371,14.479,14.322,0.000,14.313,0.000,0.166,0.000,0.000,0.000,0.000,0.000,0.000,0.000
5506,1839.304,18.297,14.488,14.333,0.000,14.323,0.000,0.165,0.000,0.000,0.000,0.000,0.000,0.000,0.000
5507,1839.651,14.149,14.497,14.343,0.000,14.334,0.000,0.163,0.000,0.000,0.000,0.000,0.000,0.000,0.000
5508,1839.997,6.778,14.506,14.354,0.000,14.345,0.000,0.162,0.000,0.000,0.000,0.000,0.000,0.000,0.000
5509,1840.343,12.149,14.515,14.364,0.000,14.355,0.000,0.160,0.000,0.000,0.000,0.000,0.000,0.000,0.000
5510,1840.690,14.075,14.525,14.375,0.000,14.366,0.000,0.159,0.000,0.000,0.000,0.000,0.000,0.000,0.000
5511,1841.036,14.667,14.534,14.385,0.000,14.377,0.000,0.157,0.000,0.000,0.000,0.000,0.000,0.000,0.000
5512,1841.383,9.445,14.543,14.396,0.000,14.387,0.000,0.155,0.000,0.000,0.000,0.000,0.000,0.000,0.000
5513,1841.729,17.075,14.552,14.406,0.000,14.398,0.000,0.154,0.000,0.000,0.000,0.000,0.000,0.000,0.000
5514,1842.076,20.704,14.561,14.417,0.000,14.409,0.000,0.152,0.000,0.000,0.000,0.000,0.000,0.000,0.000
5515,1842.422,8.852,14.570,14.427,0.000,14.419,0.000,0.151,0.000,0.000,0.000,0.000,0.000,0.000,0.000
5516,1842.769,13.334,14.579,14.438,0.000,14.430,0.000,0.149,0.000,0.000,0.000,0.000,0.000,0.000,0.000
5517,1843.115,12.149,14.588,14.448,0.000,14.440,0.000,0.148,0.000,0.000,0.000,0.000,0.000,0.000,0.000
5518,1843.462,9.852,14.597,14.459,0.000,14.451,0.000,0.146,0.000,0.000,0.000,0.000,0.000,0.000,0.000
5519,1843.809,12.630,14.606,14.470,0.000,14.462,0.000,0.144,0.000,0.000,0.000,0.000,0.000,0.000,0.000
5520,1844.156,9.075,14.615,14.480,0.000,14.472,0.000,0.143,0.000,0.000,0.000,0.000,0.000,0.000,0.000
5521,1844.502,10.075,14.624,14.491,0.000,14.483,0.000,0.141,0.000,0.000,0.000,0.000,0.000,0.000,0.000
5522,1844.849,18.001,14.633,14.501,0.000,14.494,0.000,0.140,0.000,0.000,0.000,0.000,0.000,0.000,0.000
5523,1845.196,10.223,14.643,14.512,0.000,14.504,0.000,0.138,0.000,0.000,0.000,0.000,0.000,0.000,0.000
5524,1845.543,11.926,14.652,14.522,0.000,14.515,0.000,0.137,0.000,0.000,0.000,0.000,0.000,0.000,0.000
5525,1845.890,12.667,14.661,14.533,0.000,14.526,0.000,0.135,0.000,0.000,0.000,0.000,0.000,0.000,0.000
5526,1846.237,14.630,14.670,14.543,0.000,14.536,0.000,0.134,0.000,0.000,0.000,0.000,0.000,0.000,0.000
5527,1846.584,14.852,14.679,14.554,0.000,14.547,0.000,0.132,0.000,0.000,0.000,0.000,0.000,0.000,0.000
5528,1846.931,14.223,14.688,14.564,0.000,14.558,0.000,0.131,0.000,0.000,0.000,0.000,0.000,0.000,0.000
5529,1847.278,7.223,14.697,14.575,0.000,14.568,0.000,0.129,0.000,0.000,0.000,0.000,0.000,0.000,0.000
5530,1847.625,11.149,14.706,14.585,0.000,14.579,0.000,0.128,0.000,0.000,0.000,0.000,0.000,0.000,0.000
5531,1847.972,11.075,14.716,14.596,0.000,14.589,0.000,0.126,0.000,0.000,0.000,0.000,0.000,0.000,0.000
5532,1848.319,10.852,14.725,14.606,0.000,14.600,0.000,0.125,0.000,0.000,0.000,0.000,0.000,0.000,0.000
5533,1848.667,13.593,14.734,14.617,0.000,14.611,0.000,0.123,0.000,0.000,0.000,0.000,0.000,0.000,0.000
5534,1849.014,15.001,14.743,14.628,0.000,14.621,0.000,0.122,0.000,0.000,0.000,0.000,0.000,0.000,0.000
5535,1849.361,12.260,14.752,14.638,0.000,14.632,0.000,0.120,0.000,0.000,0.000,0.000,0.000,0.000,0.000
5536,1849.708,19.075,14.761,14.649,0.000,14.643,0.000,0.119,0.000,0.000,0.000,0.000,0.000,0.000,0.000
5537,1850.056,10.371,14.770,14.659,0.000,14.653,0.000,0.117,0.000,0.000,0.000,0.000,0.000,0.000,0.000
5538,1850.403,6.704,14.780,14.670,0.000,14.664,0.000,0.116,0.000,0.000,0.000,0.000,0.000,0.000,0.000
5539,1850.751,9.926,14.789,14.680,0.000,14.674,0.000,0.114,0.000,0.000,0.000,0.000,0.000,0.000,0.000
5540,1851.098,3.926,14.798,14.691,0.000,14.685,0.000,0.113,0.000,0.000,0.000,0.000,0.000,0.000,0.000
5541,1851.446,15.704,14.807,14.701,0.000,14.696,0.000,0.112,0.000,0.000,0.000,0.000,0.000,0.000,0.000
5542,1851.793,6.223,14.816,14.712,0.000,14.706,0.000,0.110,0.000,0.000,0.000,0.000,0.000,0.000,0.000
5543,1852.141,10.630,14.826,14.722,0.000,14.717,0.000,0.109,0.000,0.000,0.000,0.000,0.000,0.000,0.000
5544,1852.488,12.852,14.835,14.733,0.000,14.727,0.000,0.107,0.000,0.000,0.000,0.000,0.000,0.000,0.000
5545,1852.836,12.223,14.844,14.743,0.000,14.738,0.000,0.106,0.000,0.000,0.000,0.000,0.000,0.000,0.000
5546,1853.184,15.297,14.853,14.754,0.000,14.749,0.000,0.105,0.000,0.000,0.000,0.000,0.000,0.000,0.000
5547,1853.532,18.667,14.863,14.764,0.000,14.759,0.000,0.103,0.000,0.000,0.000,0.000,0.000,0.000,0.000
5548,1853.879,14.593,14.872,14.775,0.000,14.770,0.000,0.102,0.000,0.000,0.000,0.000,0.000,0.000,0.000
5549,1854.227,11.297,14.881,14.786,0.000,14.781,0.000,0.100,0.000,0.000,0.000,0.000,0.000,0.000,0.000
5550,1854.575,9.001,14.890,14.796,0.000,14.791,0.000,0.099,0.000,0.000,0.000,0.000,0.000,0.000,0.000
5551,1854.923,18.926,14.900,14.807,0.000,14.802,0.000,0.098,0.000,0.000,0.000,0.000,0.000,0.000,0.000
5552,1855.271,10.926,14.909,14.817,0.000,14.812,0.000,0.096,0.000,0.000,0.000,0.000,0.000,0.000,0.000
5553,1855.619,22.297,14.918,14.828,0.000,14.823,0.000,0.095,0.000,0.000,0.000,0.000,0.000,0.000,0.000
5554,1855.967,9.445,14.927,14.838,0.000,14.834,0.000,0.094,0.000,0.000,0.000,0.000,0.000,0.000,0.000
5555,1856.315,9.149,14.937,14.849,0.000,14.844,0.000,0.093,0.000,0.000,0.000,0.000,0.000,0.000,0.000
5556,1856.663,11.482,14.946,14.859,0.000,14.855,0.000,0.091,0.000,0.000,0.000,0.000,0.000,0.000,0.000
5557,1857.011,11.704,14.955,14.870,0.000,14.865,0.000,0.090,0.000,0.000,0.000,0.000,0.000,0.000,0.000
5558,1857.359,15.001,14.965,14.880,0.000,14.876,0.000,0.089,0.000,0.000,0.000,0.000,0.000,0.000,0.000
5559,1857.707,15.371,14.974,14.891,0.000,14.887,0.000,0.087,0.000,0.000,0.000,0.000,0.000,0.000,0.000
5560,1858.056,13.075,14.983,14.901,0.000,14.897,0.000,0.086,0.000,0.000,0.000,0.000,0.000,0.000,0.000
5561,1858.404,11.852,14.993,14.912,0.000,14.908,0.000,0.085,0.000,0.000,0.000,0.000,0.000,0.000,0.000
5562,1858.752,17.445,15.002,14.922,0.000,14.918,0.000,0.084,0.000,0.000,0.000,0.000,0.000,0.000,0.000
5563,1859.100,16.075,15.012,14.933,0.000,14.929,0.000,0.083,0.000,0.000,0.000,0.000,0.000,0.000,0.000
5564,1859.449,16.926,15.021,14.944,0.000,14.940,0.000,0.081,0.000,0.000,0.000,0.000,0.000,0.000,0.000
5565,1859.797,13.001,15.030,14.954,0.000,14.950,0.000,0.080,0.000,0.000,0.000,0.000,0.000,0.000,0.000
5566,1860.146,13.297,15.040,14.965,0.000,14.961,0.000,0.079,0.000,0.000,0.000,0.000,0.000,0.000,0.000
5567,1860.494,8.297,15.049,14.975,0.000,14.971,0.000,0.078,0.000,0.000,0.000,0.000,0.000,0.000,0.000
5568,1860.843,14.297,15.059,14.986,0.000,14.982,0.000,0.077,0.000,0.000,0.000,0.000,0.000,0.000,0.000
5569,1861.191,10.741,15.068,14.996,0.000,14.993,0.000,0.075,0.000,0.000,0.000,0.000,0.000,0.000,0.000
5570,1861.540,21.001,15.077,15.007,0.000,15.003,0.000,0.074,0.000,0.000,0.000,0.000,0.000,0.000,0.000
5571,1861.888,10.852,15.087,15.017,0.000,15.014,0.000,0.073,0.000,0.000,0.000,0.000,0.000,0.000,0.000
5572,1862.237,14.852,15.096,15.028,0.000,15.024,0.000,0.072,0.000,0.000,0.000,0.000,0.000,0.000,0.000
5573,1862.586,17.741,15.106,15.038,0.000,15.035,0.000,0.071,0.000,0.000,0.000,0.000,0.000,0.000,0.000
5574,1862.935,12.371,15.115,15.049,0.000,15.046,0.000,0.070,0.000,0.000,0.000,0.000,0.000,0.000,0.000
5575,1863.283,17.926,15.125,15.059,0.000,15.056,0.000,0.069,0.000,0.000,0.000,0.000,0.000,0.000,0.000
5576,1863.632,14.445,15.134,15.070,0.000,15.067,0.000,0.068,0.000,0.000,0.000,0.000,0.000,0.000,0.000
5577,1863.981,11.334,15.144,15.080,0.000,15.077,0.000,0.067,0.000,0.000,0.000,0.000,0.000,0.000,0.000
5578,1864.330,20.149,15.153,15.091,0.000,15.088,0.000,0.066,0.000,0.000,0.000,0.000,0.000,0.000,0.000
5579,1864.679,10.519,15.163,15.101,0.000,15.098,0.000,0.064,0.000,0.000,0.000,0.000,0.000,0.000,0.000
5580,1865.028,13.297,15.172,15.112,0.000,15.109,0.000,0.063,0.000,0.000,0.000,0.000,0.000,0.000,0.000
5581,1865.377,13.630,15.182,15.123,0.000,15.120,0.000,0.062,0.000,0.000,0.000,0.000,0.000,0.000,0.000
5582,1865.726,10.408,15.192,15.133,0.000,15.130,0.000,0.061,0.000,0.000,0.000,0.000,0.000,0.000,0.000
5583,1866.075,14.667,15.201,15.144,0.000,15.141,0.000,0.060,0.000,0.000,0.000,0.000,0.000,0.000,0.000
5584,1866.424,9.667,15.211,15.154,0.000,15.151,0.000,0.059,0.000,0.000,0.000,0.000,0.000,0.000,0.000
5585,1866.773,14.371,15.220,15.165,0.000,15.162,0.000,0.058,0.000,0.000,0.000,0.000,0.000,0.000,0.000
5586,1867.123,10.926,15.230,15.175,0.000,15.173,0.000,0.057,0.000,0.000,0.000,0.000,0.000,0.000,0.000
5587,1867.472,9.704,15.240,15.186,0.000,15.183,0.000,0.057,0.000,0.000,0.000,0.000,0.000,0.000,0.000
5588,1867.821,26.445,15.249,15.196,0.000,15.194,0.000,0.056,0.000,0.000,0.000,0.000,0.000,0.000,0.000
5589,1868.170,20.852,15.259,15.207,0.000,15.204,0.000,0.055,0.000,0.000,0.000,0.000,0.000,0.000,0.000
5590,1868.520,19.445,15.269,15.217,0.000,15.215,0.000,0.054,0.000,0.000,0.000,0.000,0.000,0.000,0.000
5591,1868.869,6.223,15.278,15.228,0.000,15.225,0.000,0.053,0.000,0.000,0.000,0.000,0.000,0.000,0.000
5592,1869.219,14.075,15.288,15.238,0.000,15.236,0.000,0.052,0.000,0.000,0.000,0.000,0.000,0.000,0.000
5593,1869.568,14.001,15.298,15.249,0.000,15.247,0.000,0.051,0.000,0.000,0.000,0.000,0.000,0.000,0.000
5594,1869.918,14.075,15.307,15.259,0.000,15.257,0.000,0.050,0.000,0.000,0.000,0.000,0.000,0.000,0.000
5595,1870.267,16.075,15.317,15.270,0.000,15.268,0.000,0.049,0.000,0.000,0.000,0.000,0.000,0.000,0.000
5596,1870.617,9.001,15.327,15.281,0.000,15.278,0.000,0.048,0.000,0.000,0.000,0.000,0.000,0.000,0.000
5597,1870.966,14.519,15.336,15.291,0.000,15.289,0.000,0.048,0.000,0.000,0.000,0.000,0.000,0.000,0.000
5598,1871.316,14.926,15.346,15.302,0.000,15.299,0.000,0.047,0.000,0.000,0.000,0.000,0.000,0.000,0.000
5599,1871.666,10.926,15.356,15.312,0.000,15.310,0.000,0.046,0.000,0.000,0.000,0.000,0.000,0.000,0.000
5600,1872.015,16.001,15.366,15.323,0.000,15.321,0.000,0.045,0.000,0.000,0.000,0.000,0.000,0.000,0.000
5601,1872.365,12.075,15.375,15.333,0.000,15.331,0.000,0.044,0.000,0.000,0.000,0.000,0.000,0.000,0.000
5602,1872.715,13.815,15.385,15.344,0.000,15.342,0.000,0.044,0.000,0.000,0.000,0.000,0.000,0.000,0.000
5603,1873.065,24.075,15.395,15.354,0.000,15.352,0.000,0.043,0.000,0.000,0.000,0.000,0.000,0.000,0.000
5604,1873.415,12.445,15.405,15.365,0.000,15.363,0.000,0.042,0.000,0.000,0.000,0.000,0.000,0.000,0.000
5605,1873.765,11.445,15.415,15.375,0.000,15.373,0.000,0.041,0.000,0.000,0.000,0.000,0.000,0.000,0.000
5606,1874.115,9.223,15.424,15.386,0.000,15.384,0.000,0.040,0.000,0.000,0.000,0.000,0.000,0.000,0.000
5607,1874.465,9.704,15.434,15.396,0.000,15.395,0.000,0.040,0.000,0.000,0.000,0.000,0.000,0.000,0.000
5608,1874.815,16.593,15.444,15.407,0.000,15.405,0.000,0.039,0.000,0.000,0.000,0.000,0.000,0.000,0.000
5609,1875.165,15.556,15.454,15.417,0.000,15.416,0.000,0.038,0.000,0.000,0.000,0.000,0.000,0.000,0.000
5610,1875.515,14.223,15.464,15.428,0.000,15.426,0.000,0.038,0.000,0.000,0.000,0.000,0.000,0.000,0.000
5611,1875.865,12.926,15.474,15.439,0.000,15.437,0.000,0.037,0.000,0.000,0.000,0.000,0.000,0.000,0.000
5612,1876.215,19.926,15.483,15.449,0.000,15.447,0.000,0.036,0.000,0.000,0.000,0.000,0.000,0.000,0.000
5613,1876.566,16.482,15.493,15.460,0.000,15.458,0.000,0.035,0.000,0.000,0.000,0.000,0.000,0.000,0.000
5614,1876.916,19.149,15.503,15.470,0.000,15.468,0.000,0.035,0.000,0.000,0.000,0.000,0.000,0.000,0.000
5615,1877.266,9.704,15.513,15.481,0.000,15.479,0.000,0.034,0.000,0.000,0.000,0.000,0.000,0.000,0.000
5616,1877.617,14.667,15.523,15.491,0.000,15.490,0.000,0.033,0.000,0.000,0.000,0.000,0.000,0.000,0.000
5617,1877.967,10.297,15.533,15.502,0.000,15.500,0.000,0.033,0.000,0.000,0.000,0.000,0.000,0.000,0.000
5618,1878.318,18.741,15.543,15.512,0.000,15.511,0.000,0.032,0.000,0.000,0.000,0.000,0.000,0.000,0.000
5619,1878.668,13.445,15.553,15.523,0.000,15.521,0.000,0.032,0.000,0.000,0.000,0.000,0.000,0.000,0.000
5620,1879.019,7.445,15.563,15.533,0.000,15.532,0.000,0.031,0.000,0.000,0.000,0.000,0.000,0.000,0.000
5621,1879.369,13.223,15.573,15.544,0.000,15.542,0.000,0.030,0.000,0.000,0.000,0.000,0.000,0.000,0.000
5622,1879.720,11.519,15.583,15.554,0.000,15.553,0.000,0.030,0.000,0.000,0.000,0.000,0.000,0.000,0.000
5623,1880.070,12.445,15.593,15.565,0.000,15.563,0.000,0.029,0.000,0.000,0.000,0.000,0.000,0.000,0.000
5624,1880.421,12.223,15.603,15.575,0.000,15.574,0.000,0.029,0.000,0.000,0.000,0.000,0.000,0.000,0.000
5625,1880.772,16.519,15.613,15.586,0.000,15.585,0.000,0.028,0.000,0.000,0.000,0.000,0.000,0.000,0.000
5626,1881.123,13.482,15.623,15.597,0.000,15.595,0.000,0.027,0.000,0.000,0.000,0.000,0.000,0.000,0.000
5627,1881.473,14.223,15.633,15.607,0.000,15.606,0.000,0.027,0.000,0.000,0.000,0.000,0.000,0.000,0.000
5628,1881.824,4.297,15.643,15.618,0.000,15.616,0.000,0.026,0.000,0.000,0.000,0.000,0.000,0.000,0.000
5629,1882.175,15.371,15.653,15.628,0.000,15.627,0.000,0.026,0.000,0.000,0.000,0.000,0.000,0.000,0.000
5630,1882.526,13.037,15.663,15.639,0.000,15.637,0.000,0.025,0.000,0.000,0.000,0.000,0.000,0.000,0.000
5631,1882.877,7.519,15.673,15.649,0.000,15.648,0.000,0.025,0.000,0.000,0.000,0.000,0.000,0.000,0.000
5632,1883.228,11.297,15.683,15.660,0.000,15.658,0.000,0.024,0.000,0.000,0.000,0.000,0.000,0.000,0.000
5633,1883.579,21.223,15.693,15.670,0.000,15.669,0.000,0.024,0.000,0.000,0.000,0.000,0.000,0.000,0.000
5634,1883.930,10.149,15.703,15.681,0.000,15.680,0.000,0.023,0.000,0.000,0.000,0.000,0.000,0.000,0.000
5635,1884.281,14.445,15.713,15.691,0.000,15.690,0.000,0.023,0.000,0.000,0.000,0.000,0.000,0.000,0.000
5636,1884.633,14.297,15.723,15.702,0.000,15.701,0.000,0.022,0.000,0.000,0.000,0.000,0.000,0.000,0.000
5637,1884.984,14.519,15.733,15.712,0.000,15.711,0.000,0.022,0.000,0.000,0.000,0.000,0.000,0.000,0.000
5638,1885.335,12.371,15.743,15.723,0.000,15.722,0.000,0.021,0.000,0.000,0.000,0.000,0.000,0.000,0.000
5639,1885.686,9.001,15.753,15.733,0.000,15.732,0.000,0.021,0.000,0.000,0.000,0.000,0.000,0.000,0.000
5640,1886.038,18.223,15.763,15.744,0.000,15.743,0.000,0.021,0.000,0.000,0.000,0.000,0.000,0.000,0.000
5641,1886.389,15.297,15.774,15.755,0.000,15.753,0.000,0.020,0.000,0.000,0.000,0.000,0.000,0.000,0.000
5642,1886.740,12.667,15.784,15.765,0.000,15.764,0.000,0.020,0.000,0.000,0.000,0.000,0.000,0.000,0.000
5643,1887.092,13.223,15.794,15.776,0.000,15.775,0.000,0.019,0.000,0.000,0.000,0.000,0.000,0.000,0.000
5644,1887.443,16.223,15.804,15.786,0.000,15.785,0.000,0.019,0.000,0.000,0.000,0.000,0.000,0.000,0.000
5645,1887.795,12.741,15.814,15.797,0.000,15.796,0.000,0.018,0.000,0.000,0.000,0.000,0.000,0.000,0.000
5646,1888.146,14.075,15.824,15.807,0.000,15.806,0.000,0.018,0.000,0.000,0.000,0.000,0.000,0.000,0.000
5647,1888.498,18.371,15.834,15.818,0.000,15.817,0.000,0.018,0.000,0.000,0.000,0.000,0.000,0.000,0.000
5648,1888.850,19.297,15.845,15.828,0.000,15.827,0.000,0.017,0.000,0.000,0.000,0.000,0.000,0.000,0.000
5649,1889.201,14.445,15.855,15.839,0.000,15.838,0.000,0.017,0.000,0.000,0.000,0.000,0.000,0.000,0.000
5650,1889.553,13.371,15.865,15.849,0.000,15.848,0.000,0.017,0.000,0.000,0.000,0.000,0.000,0.000,0.000
5651,1889.905,7.371,15.875,15.860,0.000,15.859,0.000,0.016,0.000,0.000,0.000,0.000,0.000,0.000,0.000
5652,1890.257,21.001,15.885,15.870,0.000,15.869,0.000,0.016,0.000,0.000,0.000,0.000,0.000,0.000,0.000
5653,1890.609,1.926,15.895,15.881,0.000,15.880,0.000,0.015,0.000,0.000,0.000,0.000,0.000,0.000,0.000
5654,1890.960,10.704,15.906,15.891,0.000,15.891,0.000,0.015,0.000,0.000,0.000,0.000,0.000,0.000,0.000
5655,1891.312,16.445,15.916,15.902,0.000,15.901,0.000,0.015,0.000,0.000,0.000,0.000,0.000,0.000,0.000
5656,1891.664,16.001,15.926,15.913,0.000,15.912,0.000,0.014,0.000,0.000,0.000,0.000,0.000,0.000,0.000
5657,1892.016,12.001,15.936,15.923,0.000,15.922,0.000,0.014,0.000,0.000,0.000,0.000,0.000,0.000,0.000
5658,1892.368,11.223,15.947,15.934,0.000,15.933,0.000,0.014,0.000,0.000,0.000,0.000,0.000,0.000,0.000
5659,1892.720,11.075,15.957,15.944,0.000,15.943,0.000,0.014,0.000,0.000,0.000,0.000,0.000,0.000,0.000
5660,1893.073,9.593,15.967,15.955,0.000,15.954,0.000,0.013,0.000,0.000,0.000,0.000,0.000,0.000,0.000
5661,1893.425,11.408,15.977,15.965,0.000,15.964,0.000,0.013,0.000,0.000,0.000,0.000,0.000,0.000,0.000
5662,1893.777,15.556,15.988,15.976,0.000,15.975,0.000,0.013,0.000,0.000,0.000,0.000,0.000,0.000,0.000
5663,1894.129,11.593,15.998,15.986,0.000,15.985,0.000,0.012,0.000,0.000,0.000,0.000,0.000,0.000,0.000
5664,1894.482,15.852,16.008,15.997,0.000,15.996,0.000,0.012,0.000,0.000,0.000,0.000,0.000,0.000,0.000
5665,1894.834,7.260,16.018,16.007,0.000,16.007,0.000,0.012,0.000,0.000,0.000,0.000,0.000,0.000,0.000
5666,1895.186,17.445,16.029,16.018,0.000,16.017,0.000,0.011,0.000,0.000,0.000,0.000,0.000,0.000,0.000
5667,1895.539,11.371,16.039,16.028,0.000,16.028,0.000,0.011,0.000,0.000,0.000,0.000,0.000,0.000,0.000
5668,1895.891,6.001,16.049,16.039,0.000,16.038,0.000,0.011,0.000,0.000,0.000,0.000,0.000,0.000,0.000
5669,1896.244,15.852,16.059,16.049,0.000,16.049,0.000,0.011,0.000,0.000,0.000,0.000,0.000,0.000,0.000
5670,1896.596,15.593,16.070,16.060,0.000,16.059,0.000,0.010,0.000,0.000,0.000,0.000,0.000,0.000,0.000
5671,1896.949,9.778,16.080,16.070,0.000,16.070,0.000,0.010,0.000,0.000,0.000,0.000,0.000,0.000,0.000
5672,1897.301,15.519,16.090,16.081,0.000,16.080,0.000,0.010,0.000,0.000,0.000,0.000,0.000,0.000,0.000
5673,1897.654,9.519,16.101,16.092,0.000,16.091,0.000,0.010,0.000,0.000,0.000,0.000,0.000,0.000,0.000
5674,1898.007,13.001,16.111,16.102,0.000,16.101,0.000,0.010,0.000,0.000,0.000,0.000,0.000,0.000,0.000
5675,1898.360,12.371,16.121,16.113,0.000,16.112,0.000,0.009,0.000,0.000,0.000,0.000,0.000,0.000,0.000
5676,1898.712,10.001,16.132,16.123,0.000,16.122,0.000,0.009,0.000,0.000,0.000,0.000,0.000,0.000,0.000
5677,1899.065,8.223,16.142,16.134,0.000,16.133,0.000,0.009,0.000,0.000,0.000,0.000,0.000,0.000,0.000
5678,1899.418,10.371,16.152,16.144,0.000,16.144,0.000,0.009,0.000,0.000,0.000,0.000,0.000,0.000,0.000
5679,1899.771,14.667,16.163,16.155,0.000,16.154,0.000,0.008,0.000,0.000,0.000,0.000,0.000,0.000,0.000
5680,1900.124,11.519,16.173,16.165,0.000,16.165,0.000,0.008,0.000,0.000,0.000,0.000,0.000,0.000,0.000
5681,1900.477,10.667,16.183,16.176,0.000,16.175,0.000,0.008,0.000,0.000,0.000,0.000,0.000,0.000,0.000
5682,1900.830,12.889,16.194,16.186,0.000,16.186,0.000,0.008,0.000,0.000,0.000,0.000,0.000,0.000,0.000
5683,1901.183,8.297,16.204,16.197,0.000,16.196,0.000,0.008,0.000,0.000,0.000,0.000,0.000,0.000,0.000
5684,1901.536,14.075,16.214,16.207,0.000,16.207,0.000,0.008,0.000,0.000,0.000,0.000,0.000,0.000,0.000
5685,1901.889,14.630,16.225,16.218,0.000,16.217,0.000,0.007,0.000,0.000,0.000,0.000,0.000,0.000,0.000
5686,1902.243,17.149,16.235,16.228,0.000,16.228,0.000,0.007,0.000,0.000,0.000,0.000,0.000,0.000,0.000
5687,1902.596,17.001,16.245,16.239,0.000,16.238,0.000,0.007,0.000,0.000,0.000,0.000,0.000,0.000,0.000
5688,1902.949,18.149,16.256,16.250,0.000,16.249,0.000,0.007,0.000,0.000,0.000,0.000,0.000,0.000,0.000
5689,1903.302,13.075,16.266,16.260,0.000,16.260,0.000,0.007,0.000,0.000,0.000,0.000,0.000,0.000,0.000
5690,1903.656,15.075,16.277,16.271,0.000,16.270,0.000,0.007,0.000,0.000,0.000,0.000,0.000,0.000,0.000
5691,1904.009,16.408,16.287,16.281,0.000,16.281,0.000,0.006,0.000,0.000,0.000,0.000,0.000,0.000,0.000
5692,1904.363,4.926,16.297,16.292,0.000,16.291,0.000,0.006,0.000,0.000,0.000,0.000,0.000,0.000,0.000
5693,1904.716,9.741,16.308,16.302,0.000,16.302,0.000,0.006,0.000,0.000,0.000,0.000,0.000,0.000,0.000
5694,1905.070,15.149,16.318,16.313,0.000,16.312,0.000,0.006,0.000,0.000,0.000,0.000,0.000,0.000,0.000
5695,1905.423,10.075,16.329,16.323,0.000,16.323,0.000,0.006,0.000,0.000,0.000,0.000,0.000,0.000,0.000
5696,1905.777,14.223,16.339,16.334,0.000,16.333,0.000,0.006,0.000,0.000,0.000,0.000,0.000,0.000,0.000
5697,1906.131,18.001,16.349,16.344,0.000,16.344,0.000,0.006,0.000,0.000,0.000,0.000,0.000,0.000,0.000
5698,1906.484,15.149,16.360,16.355,0.000,16.354,0.000,0.005,0.000,0.000,0.000,0.000,0.000,0.000,0.000
5699,1906.838,13.445,16.370,16.365,0.000,16.365,0.000,0.005,0.000,0.000,0.000,0.000,0.000,0.000,0.000
5700,1907.192,20.001,16.381,16.376,0.000,16.375,0.000,0.005,0.000,0.000,0.000,0.000,0.000,0.000,0.000
5701,1907.546,13.852,16.391,16.386,0.000,16.386,0.000,0.005,0.000,0.000,0.000,0.000,0.000,0.000,0.000
5702,1907.900,13.778,16.401,16.397,0.000,16.396,0.000,0.005,0.000,0.000,0.000,0.000,0.000,0.000,0.000
5703,1908.254,18.926,16.412,16.408,0.000,16.407,0.000,0.005,0.000,0.000,0.000,0.000,0.000,0.000,0.000
5704,1908.608,18.519,16.422,16.418,0.000,16.418,0.000,0.005,0.000,0.000,0.000,0.000,0.000,0.000,0.000
5705,1908.962,16.371,16.433,16.429,0.000,16.428,0.000,0.005,0.000,0.000,0.000,0.000,0.000,0.000,0.000
5706,1909.316,7.223,16.443,16.439,0.000,16.439,0.000,0.004,0.000,0.000,0.000,0.000,0.000,0.000,0.000
5707,1909.670,12.075,16.454,16.450,0.000,16.449,0.000,0.004,0.000,0.000,0.000,0.000,0.000,0.000,0.000
5708,1910.024,18.741,16.464,16.460,0.000,16.460,0.000,0.004,0.000,0.000,0.000,0.000,0.000,0.000,0.000
5709,1910.378,24.371,16.474,16.471,0.000,16.470,0.000,0.004,0.000,0.000,0.000,0.000,0.000,0.000,0.000
5710,1910.732,5.630,16.485,16.481,0.000,16.481,0.000,0.004,0.000,0.000,0.000,0.000,0.000,0.000,0.000
5711,1911.087,18.482,16.495,16.492,0.000,16.491,0.000,0.004,0.000,0.000,0.000,0.000,0.000,0.000,0.000
5712,1911.441,9.667,16.506,16.502,0.000,16.502,0.000,0.004,0.000,0.000,0.000,0.000,0.000,0.000,0.000
5713,1911.795,15.630,16.516,16.513,0.000,16.512,0.000,0.004,0.000,0.000,0.000,0.000,0.000,0.000,0.000
5714,1912.150,20.001,16.527,16.523,0.000,16.523,0.000,0.004,0.000,0.000,0.000,0.000,0.000,0.000,0.000
5715,1912.504,12.223,16.537,16.534,0.000,16.533,0.000,0.004,0.000,0.000,0.000,0.000,0.000,0.000,0.000
5716,1912.858,10.741,16.548,16.544,0.000,16.544,0.000,0.004,0.000,0.000,0.000,0.000,0.000,0.000,0.000
5717,1913.213,11.704,16.558,16.555,0.000,16.555,0.000,0.004,0.000,0.000,0.000,0.000,0.000,0.000,0.000
5718,1913.568,10.075,16.568,16.566,0.000,16.565,0.000,0.003,0.000,0.000,0.000,0.000,0.000,0.000,0.000
5719,1913.922,8.149,16.579,16.576,0.000,16.576,0.000,0.003,0.000,0.000,0.000,0.000,0.000,0.000,0.000
5720,1914.277,10.001,16.589,16.587,0.000,16.586,0.000,0.003,0.000,0.000,0.000,0.000,0.000,0.000,0.000
5721,1914.632,17.149,16.600,16.597,0.000,16.597,0.000,0.003,0.000,0.000,0.000,0.000,0.000,0.000,0.000
5722,1914.986,6.223,16.610,16.608,0.000,16.607,0.000,0.003,0.000,0.000,0.000,0.000,0.000,0.000,0.000
5723,1915.341,12.371,16.621,16.618,0.000,16.618,0.000,0.003,0.000,0.000,0.000,0.000,0.000,0.000,0.000
5724,1915.696,7.001,16.631,16.629,0.000,16.628,0.000,0.003,0.000,0.000,0.000,0.000,0.000,0.000,0.000
5725,1916.051,14.001,16.642,16.639,0.000,16.639,0.000,0.003,0.000,0.000,0.000,0.000,0.000,0.000,0.000
5726,1916.406,10.445,16.652,16.650,0.000,16.649,0.000,0.003,0.000,0.000,0.000,0.000,0.000,0.000,0.000
5727,1916.761,14.593,16.663,16.660,0.000,16.660,0.000,0.003,0.000,0.000,0.000,0.000,0.000,0.000,0.000
5728,1917.116,19.075,16.673,16.671,0.000,16.670,0.000,0.003,0.000,0.000,0.000,0.000,0.000,0.000,0.000
5729,1917.471,13.852,16.684,16.681,0.000,16.681,0.000,0.003,0.000,0.000,0.000,0.000,0.000,0.000,0.000
5730,1917.826,16.778,16.694,16.692,0.000,16.691,0.000,0.003,0.000,0.000,0.000,0.000,0.000,0.000,0.000
5731,1918.181,13.371,16.705,16.702,0.000,16.702,0.000,0.003,0.000,0.000,0.000,0.000,0.000,0.000,0.000
5732,1918.536,13.926,16.715,16.713,0.000,16.713,0.000,0.003,0.000,0.000,0.000,0.000,0.000,0.000,0.000
5733,1918.891,9.778,16.726,16.724,0.000,16.723,0.000,0.002,0.000,0.000,0.000,0.000,0.000,0.000,0.000
5734,1919.246,14.223,16.736,16.734,0.000,16.734,0.000,0.002,0.000,0.000,0.000,0.000,0.000,0.000,0.000
5735,1919.602,10.371,16.747,16.745,0.000,16.744,0.000,0.002,0.000,0.000,0.000,0.000,0.000,0.000,0.000
5736,1919.957,14.519,16.757,16.755,0.000,16.755,0.000,0.002,0.000,0.000,0.000,0.000,0.000,0.000,0.000
5737,1920.312,17.371,16.767,16.766,0.000,16.765,0.000,0.002,0.000,0.000,0.000,0.000,0.000,0.000,0.000
5738,1920.668,16.556,16.778,16.776,0.000,16.776,0.000,0.002,0.000,0.000,0.000,0.000,0.000,0.000,0.000
5739,1921.023,5.149,16.788,16.787,0.000,16.786,0.000,0.002,0.000,0.000,0.000,0.000,0.000,0.000,0.000
5740,1921.379,17.001,16.799,16.797,0.000,16.797,0.000,0.002,0.000,0.000,0.000,0.000,0.000,0.000,0.000
5741,1921.734,8.556,16.809,16.808,0.000,16.807,0.000,0.002,0.000,0.000,0.000,0.000,0.000,0.000,0.000
5742,1922.090,21.778,16.820,16.818,0.000,16.818,0.000,0.002,0.000,0.000,0.000,0.000,0.000,0.000,0.000
5743,1922.446,12.741,16.830,16.829,0.000,16.828,0.000,0.002,0.000,0.000,0.000,0.000,0.000,0.000,0.000
5744,1922.801,15.223,16.841,16.839,0.000,16.839,0.000,0.002,0.000,0.000,0.000,0.000,0.000,0.000,0.000
5745,1923.157,10.445,16.851,16.850,0.000,16.849,0.000,0.002,0.000,0.000,0.000,0.000,0.000,0.000,0.000
5746,1923.513,16.334,16.862,16.860,0.000,16.860,0.000,0.002,0.000,0.000,0.000,0.000,0.000,0.000,0.000
5747,1923.869,15.482,16.872,16.871,0.000,16.871,0.000,0.002,0.000,0.000,0.000,0.000,0.000,0.000,0.000
5748,1924.225,15.223,16.883,16.882,0.000,16.881,0.000,0.002,0.000,0.000,0.000,0.000,0.000,0.000,0.000
5749,1924.580,11.926,16.893,16.892,0.000,16.892,0.000,0.002,0.000,0.000,0.000,0.000,0.000,0.000,0.000
5750,1924.936,18.593,16.904,16.903,0.000,16.902,0.000,0.002,0.000,0.000,0.000,0.000,0.000,0.000,0.000
5751,1925.292,19.667,16.914,16.913,0.000,16.913,0.000,0.002,0.000,0.000,0.000,0.000,0.000,0.000,0.000
5752,1925.648,14.445,16.925,16.924,0.000,16.923,0.000,0.002,0.000,0.000,0.000,0.000,0.000,0.000,0.000
5753,1926.005,18.001,16.935,16.934,0.000,16.934,0.000,0.002,0.000,0.000,0.000,0.000,0.000,0.000,0.000
5754,1926.361,9.149,16.946,16.945,0.000,16.944,0.000,0.002,0.000,0.000,0.000,0.000,0.000,0.000,0.000
5755,1926.717,11.482,16.956,16.955,0.000,16.955,0.000,0.002,0.000,0.000,0.000,0.000,0.000,0.000,0.000
5756,1927.073,10.704,16.967,16.966,0.000,16.965,0.000,0.002,0.000,0.000,0.000,0.000,0.000,0.000,0.000
5757,1927.429,10.482,16.977,16.976,0.000,16.976,0.000,0.002,0.000,0.000,0.000,0.000,0.000,0.000,0.000
5758,1927.786,10.852,16.988,16.987,0.000,16.986,0.000,0.002,0.000,0.000,0.000,0.000,0.000,0.000,0.000
5759,1928.142,13.408,16.998,16.997,0.000,16.997,0.000,0.001,0.000,0.000,0.000,0.000,0.000,0.000,0.000
5760,1928.498,11.926,17.009,17.008,0.000,17.007,0.000,0.001,0.000,0.000,0.000,0.000,0.000,0.000,0.000
5761,1928.855,12.482,17.019,17.018,0.000,17.018,0.000,0.001,0.000,0.000,0.000,0.000,0.000,0.000,0.000
5762,1929.211,13.852,17.030,17.029,0.000,17.029,0.000,0.001,0.000,0.000,0.000,0.000,0.000,0.000,0.000
5763,1929.568,13.704,17.040,17.039,0.000,17.039,0.000,0.001,0.000,0.000,0.000,0.000,0.000,0.000,0.000
5764,1929.924,12.778,17.051,17.050,0.000,17.050,0.000,0.001,0.000,0.000,0.000,0.000,0.000,0.000,0.000
5765,1930.281,14.778,17.061,17.061,0.000,17.060,0.000,0.001,0.000,0.000,0.000,0.000,0.000,0.000,0.000
5766,1930.638,15.149,17.072,17.071,0.000,17.071,0.000,0.001,0.000,0.000,0.000,0.000,0.000,0.000,0.000
5767,1930.994,8.149,17.083,17.082,0.000,17.081,0.000,0.001,0.000,0.000,0.000,0.000,0.000,0.000,0.000
5768,1931.351,9.926,17.093,17.092,0.000,17.092,0.000,0.001,0.000,0.000,0.000,0.000,0.000,0.000,0.000
5769,1931.708,10.445,17.104,17.103,0.000,17.102,0.000,0.001,0.000,0.000,0.000,0.000,0.000,0.000,0.000
5770,1932.065,15.186,17.114,17.113,0.000,17.113,0.000,0.001,0.000,0.000,0.000,0.000,0.000,0.000,0.000
5771,1932.422,14.630,17.125,17.124,0.000,17.123,0.000,0.001,0.000,0.000,0.000,0.000,0.000,0.000,0.000
5772,1932.779,13.926,17.135,17.134,0.000,17.134,0.000,0.001,0.000,0.000,0.000,0.000,0.000,0.000,0.000
5773,1933.135,15.149,17.146,17.145,0.000,17.144,0.000,0.001,0.000,0.000,0.000,0.000,0.000,0.000,0.000
5774,1933.493,16.223,17.156,17.155,0.000,17.155,0.000,0.001,0.000,0.000,0.000,0.000,0.000,0.000,0.000
5775,1933.850,17.482,17.167,17.166,0.000,17.165,0.000,0.001,0.000,0.000,0.000,0.000,0.000,0.000,0.000
5776,1934.207,15.556,17.177,17.176,0.000,17.176,0.000,0.001,0.000,0.000,0.000,0.000,0.000,0.000,0.000
5777,1934.564,11.371,17.188,17.187,0.000,17.187,0.000,0.001,0.000,0.000,0.000,0.000,0.000,0.000,0.000
5778,1934.921,15.149,17.198,17.197,0.000,17.197,0.000,0.001,0.000,0.000,0.000,0.000,0.000,0.000,0.000
5779,1935.278,19.445,17.209,17.208,0.000,17.208,0.000,0.001,0.000,0.000,0.000,0.000,0.000,0.000,0.000
5780,1935.636,15.445,17.219,17.219,0.000,17.218,0.000,0.001,0.000,0.000,0.000,0.000,0.000,0.000,0.000
5781,1935.993,4.630,17.230,17.229,0.000,17.229,0.000,0.001,0.000,0.000,0.000,0.000,0.000,0.000,0.000
5782,1936.350,14.186,17.240,17.240,0.000,17.239,0.000,0.001,0.000,0.000,0.000,0.000,0.000,0.000,0.000
5783,1936.708,13.704,17.251,17.250,0.000,17.250,0.000,0.001,0.000,0.000,0.000,0.000,0.000,0.000,0.000
5784,1937.065,15.223,17.261,17.261,0.000,17.260,0.000,0.001,0.000,0.000,0.000,0.000,0.000,0.000,0.000
5785,1937.423,17.742,17.272,17.271,0.000,17.271,0.000,0.001,0.000,0.000,0.000,0.000,0.000,0.000,0.000
5786,1937.780,14.001,17.282,17.282,0.000,17.281,0.000,0.001,0.000,0.000,0.000,0.000,0.000,0.000,0.000
5787,1938.138,14.260,17.293,17.292,0.000,17.292,0.000,0.001,0.000,0.000,0.000,0.000,0.000,0.000,0.000
5788,1938.495,19.223,17.303,17.303,0.000,17.302,0.000,0.001,0.000,0.000,0.000,0.000,0.000,0.000,0.000
5789,1938.853,11.001,17.314,17.313,0.000,17.313,0.000,0.001,0.000,0.000,0.000,0.000,0.000,0.000,0.000
5790,1939.211,17.852,17.324,17.324,0.000,17.323,0.000,0.001,0.000,0.000,0.000,0.000,0.000,0.000,0.000
5791,1939.569,14.926,17.335,17.334,0.000,17.334,0.000,0.001,0.000,0.000,0.000,0.000,0.000,0.000,0.000
5792,1939.927,18.075,17.345,17.345,0.000,17.345,0.000,0.001,0.000,0.000,0.000,0.000,0.000,0.000,0.000
5793,1940.284,13.223,17.356,17.355,0.000,17.355,0.000,0.001,0.000,0.000,0.000,0.000,0.000,0.000,0.000
5794,1940.642,12.149,17.366,17.366,0.000,17.366,0.000,0.001,0.000,0.000,0.000,0.000,0.000,0.000,0.000
5795,1941.000,12.001,17.377,17.377,0.000,17.376,0.000,0.001,0.000,0.000,0.000,0.000,0.000,0.000,0.000
5796,1941.358,10.852,17.388,17.387,0.000,17.387,0.000,0.001,0.000,0.000,0.000,0.000,0.000,0.000,0.000
5797,1941.716,13.075,17.398,17.398,0.000,17.397,0.000,0.001,0.000,0.000,0.000,0.000,0.000,0.000,0.000
5798,1942.074,15.445,17.409,17.408,0.000,17.408,0.000,0.001,0.000,0.000,0.000,0.000,0.000,0.000,0.000
5799,1942.433,11.297,17.419,17.419,0.000,17.418,0.000,0.001,0.000,0.000,0.000,0.000,0.000,0.000,0.000
5800,1942.791,13.001,17.430,17.429,0.000,17.429,0.000,0.001,0.000,0.000,0.000,0.000,0.000,0.000,0.000
5801,1943.149,11.186,17.440,17.440,0.000,17.439,0.000,0.001,0.000,0.000,0.000,0.000,0.000,0.000,0.000
5802,1943.507,11.519,17.451,17.450,0.000,17.450,0.000,0.001,0.000,0.000,0.000,0.000,0.000,0.000,0.000
5803,1943.866,19.149,17.461,17.461,0.000,17.460,0.000,0.001,0.000,0.000,0.000,0.000,0.000,0.000,0.000
5804,1944.224,9.926,17.472,17.471,0.000,17.471,0.000,0.001,0.000,0.000,0.000,0.000,0.000,0.000,0.000
5805,1944.582,11.630,17.482,17.482,0.000,17.481,0.000,0.001,0.000,0.000,0.000,0.000,0.000,0.000,0.000
5806,1944.941,6.630,17.493,17.492,0.000,17.492,0.000,0.001,0.000,0.000,0.000,0.000,0.000,0.000,0.000
5807,1945.299,14.408,17.503,17.503,0.000,17.503,0.000,0.001,0.000,0.000,0.000,0.000,0.000,0.000,0.000
5808,1945.658,19.223,17.514,17.513,0.000,17.513,0.000,0.001,0.000,0.000,0.000,0.000,0.000,0.000,0.000
5809,1946.017,16.334,17.524,17.524,0.000,17.524,0.000,0.001,0.000,0.000,0.000,0.000,0.000,0.000,0.000
5810,1946.375,20.371,17.535,17.535,0.000,17.534,0.000,0.001,0.000,0.000,0.000,0.000,0.000,0.000,0.000
5811,1946.734,18.149,17.545,17.545,0.000,17.545,0.000,0.001,0.000,0.000,0.000,0.000,0.000,0.000,0.000
5812,1947.093,23.926,17.556,17.556,0.000,17.555,0.000,0.001,0.000,0.000,0.000,0.000,0.000,0.000,0.000
5813,1947.451,9.704,17.566,17.566,0.000,17.566,0.000,0.001,0.000,0.000,0.000,0.000,0.000,0.000,0.000
5814,1947.810,20.112,17.577,17.577,0.000,17.576,0.000,0.001,0.000,0.000,0.000,0.000,0.000,0.000,0.000
5815,1948.169,15.075,17.587,17.587,0.000,17.587,0.000,0.001,0.000,0.000,0.000,0.000,0.000,0.000,0.000
5816,1948.528,12.445,17.598,17.598,0.000,17.597,0.000,0.001,0.000,0.000,0.000,0.000,0.000,0.000,0.000
5817,1948.887,18.926,17.609,17.608,0.000,17.608,0.000,0.001,0.000,0.000,0.000,0.000,0.000,0.000,0.000
5818,1949.246,18.667,17.619,17.619,0.000,17.618,0.000,0.001,0.000,0.000,0.000,0.000,0.000,0.000,0.000
5819,1949.605,22.630,17.630,17.629,0.000,17.629,0.000,0.001,0.000,0.000,0.000,0.000,0.000,0.000,0.000
5820,1949.964,13.149,17.640,17.640,0.000,17.639,0.000,0.001,0.000,0.000,0.000,0.000,0.000,0.000,0.000
5821,1950.323,25.889,17.651,17.650,0.000,17.650,0.000,0.001,0.000,0.000,0.000,0.000,0.000,0.000,0.000
5822,1950.683,17.297,17.661,17.661,0.000,17.661,0.000,0.001,0.000,0.000,0.000,0.000,0.000,0.000,0.000
5823,1951.042,14.704,17.672,17.671,0.000,17.671,0.000,0.001,0.000,0.000,0.000,0.000,0.000,0.000,0.000
5824,1951.401,17.001,17.682,17.682,0.000,17.682,0.000,0.001,0.000,0.000,0.000,0.000,0.000,0.000,0.000
5825,1951.761,15.075,17.693,17.693,0.000,17.692,0.000,0.001,0.000,0.000,0.000,0.000,0.000,0.000,0.000
5826,1952.120,18.408,17.703,17.703,0.000,17.703,0.000,0.001,0.000,0.000,0.000,0.000,0.000,0.000,0.000
5827,1952.479,11.334,17.714,17.714,0.000,17.713,0.000,0.001,0.000,0.000,0.000,0.000,0.000,0.000,0.000
5828,1952.839,12.371,17.724,17.724,0.000,17.724,0.000,0.001,0.000,0.000,0.000,0.000,0.000,0.000,0.000
5829,1953.198,16.297,17.735,17.735,0.000,17.734,0.000,0.001,0.000,0.000,0.000,0.000,0.000,0.000,0.000
5830,1953.558,9.408,17.745,17.745,0.000,17.745,0.000,0.001,0.000,0.000,0.000,0.000,0.000,0.000,0.000
5831,1953.918,14.075,17.756,17.756,0.000,17.755,0.000,0.001,0.000,0.000,0.000,0.000,0.000,0.000,0.000
5832,1954.277,10.926,17.766,17.766,0.000,17.766,0.000,0.001,0.000,0.000,0.000,0.000,0.000,0.000,0.000
5833,1954.637,14.408,17.777,17.777,0.000,17.776,0.000,0.001,0.000,0.000,0.000,0.000,0.000,0.000,0.000
5834,1954.997,12.630,17.787,17.787,0.000,17.787,0.000,0.001,0.000,0.000,0.000,0.000,0.000,0.000,0.000
5835,1955.357,19.926,17.798,17.798,0.000,17.797,0.000,0.001,0.000,0.000,0.000,0.000,0.000,0.000,0.000
5836,1955.717,14.852,17.809,17.808,0.000,17.808,0.000,0.001,0.000,0.000,0.000,0.000,0.000,0.000,0.000
5837,1956.076,15.778,17.819,17.819,0.000,17.819,0.000,0.001,0.000,0.000,0.000,0.000,0.000,0.000,0.000
5838,1956.436,12.223,17.830,17.829,0.000,17.829,0.000,0.001,0.000,0.000,0.000,0.000,0.000,0.000,0.000
5839,1956.796,14.149,17.840,17.840,0.000,17.840,0.000,0.001,0.000,0.000,0.000,0.000,0.000,0.000,0.000
5840,1957.156,15.297,17.851,17.851,0.000,17.850,0.000,0.001,0.000,0.000,0.000,0.000,0.000,0.000,0.000
5841,1957.517,22.778,17.861,17.861,0.000,17.861,0.000,0.001,0.000,0.000,0.000,0.000,0.000,0.000,0.000
5842,1957.877,8.704,17.872,17.872,0.000,17.871,0.000,0.001,0.000,0.000,0.000,0.000,0.000,0.000,0.000
5843,1958.237,12.001,17.882,17.882,0.000,17.882,0.000,0.001,0.000,0.000,0.000,0.000,0.000,0.000,0.000
5844,1958.597,12.112,17.893,17.893,0.000,17.892,0.000,0.001,0.000,0.000,0.000,0.000,0.000,0.000,0.000
5845,1958.957,18.852,17.903,17.903,0.000,17.903,0.000,0.001,0.000,0.000,0.000,0.000,0.000,0.000,0.000
5846,1959.318,14.075,17.914,17.914,0.000,17.913,0.000,0.001,0.000,0.000,0.000,0.000,0.000,0.000,0.000
5847,1959.678,15.556,17.924,17.924,0.000,17.924,0.000,0.001,0.000,0.000,0.000,0.000,0.000,0.000,0.000
5848,1960.039,14.630,17.935,17.935,0.000,17.934,0.000,0.001,0.000,0.000,0.000,0.000,0.000,0.000,0.000
5849,1960.399,15.297,17.945,17.945,0.000,17.945,0.000,0.001,0.000,0.000,0.000,0.000,0.000,0.000,0.000
5850,1960.760,22.482,17.956,17.956,0.000,17.955,0.000,0.000,0.000,0.000,0.000,0.000,0.000,0.000,0.000
5851,1961.120,22.704,17.966,17.966,0.000,17.966,0.000,0.000,0.000,0.000,0.000,0.000,0.000,0.000,0.000
5852,1961.481,11.408,17.977,17.977,0.000,17.977,0.000,0.000,0.000,0.000,0.000,0.000,0.000,0.000,0.000
5853,1961.841,17.001,17.988,17.987,0.000,17.987,0.000,0.000,0.000,0.000,0.000,0.000,0.000,0.000,0.000
5854,1962.202,28.186,17.998,17.998,0.000,17.998,0.000,0.000,0.000,0.000,0.000,0.000,0.000,0.000,0.000
5855,1962.563,22.075,18.009,18.009,0.000,18.008,0.000,0.000,0.000,0.000,0.000,0.000,0.000,0.000,0.000
5856,1962.924,16.482,18.019,18.019,0.000,18.019,0.000,0.000,0.000,0.000,0.000,0.000,0.000,0.000,0.000
5857,1963.285,15.297,18.030,18.030,0.000,18.029,0.000,0.000,0.000,0.000,0.000,0.000,0.000,0.000,0.000
5858,1963.645,18.778,18.040,18.040,0.000,18.040,0.000,0.000,0.000,0.000,0.000,0.000,0.000,0.000,0.000
5859,1964.006,11.297,18.051,18.051,0.000,18.050,0.000,0.000,0.000,0.000,0.000,0.000,0.000,0.000,0.000
5860,1964.367,13.704,18.061,18.061,0.000,18.061,0.000,0.000,0.000,0.000,0.000,0.000,0.000,0.000,0.000
5861,1964.728,16.556,18.072,18.072,0.000,18.071,0.000,0.000,0.000,0.000,0.000,0.000,0.000,0.000,0.000
5862,1965.090,23.001,18.082,18.082,0.000,18.082,0.000,0.000,0.000,0.000,0.000,0.000,0.000,0.000,0.000
5863,1965.451,11.075,18.093,18.093,0.000,18.092,0.000,0.000,0.000,0.000,0.000,0.000,0.000,0.000,0.000
5864,1965.812,23.149,18.103,18.103,0.000,18.103,0.000,0.000,0.000,0.000,0.000,0.000,0.000,0.000,0.000
5865,1966.173,25.704,18.114,18.114,0.000,18.113,0.000,0.000,0.000,0.000,0.000,0.000,0.000,0.000,0.000
5866,1966.534,16.482,18.124,18.124,0.000,18.124,0.000,0.000,0.000,0.000,0.000,0.000,0.000,0.000,0.000
5867,1966.896,14.704,18.135,18.135,0.000,18.135,0.000,0.000,0.000,0.000,0.000,0.000,0.000,0.000,0.000
5868,1967.257,14.704,18.145,18.145,0.000,18.145,0.000,0.000,0.000,0.000,0.000,0.000,0.000,0.000,0.000
5869,1967.619,10.482,18.156,18.156,0.000,18.156,0.000,0.000,0.000,0.000,0.000,0.000,0.000,0.000,0.000
5870,1967.980,20.223,18.167,18.166,0.000,18.166,0.000,0.000,0.000,0.000,0.000,0.000,0.000,0.000,0.000
5871,1968.342,18.186,18.177,18.177,0.000,18.177,0.000,0.000,0.000,0.000,0.000,0.000,0.000,0.000,0.000
5872,1968.703,14.667,18.188,18.188,0.000,18.187,0.000,0.000,0.000,0.000,0.000,0.000,0.000,0.000,0.000
5873,1969.065,16.371,18.198,18.198,0.000,18.198,0.000,0.000,0.000,0.000,0.000,0.000,0.000,0.000,0.000
5874,1969.426,21.630,18.209,18.209,0.000,18.208,0.000,0.000,0.000,0.000,0.000,0.000,0.000,0.000,0.000
5875,1969.788,18.186,18.219,18.219,0.000,18.219,0.000,0.000,0.000,0.000,0.000,0.000,0.000,0.000,0.000
5876,1970.150,18.408,18.230,18.230,0.000,18.229,0.000,0.000,0.000,0.000,0.000,0.000,0.000,0.000,0.000
5877,1970.512,13.778,18.240,18.240,0.000,18.240,0.000,0.000,0.000,0.000,0.000,0.000,0.000,0.000,0.000
5878,1970.874,20.038,18.251,18.251,0.000,18.250,0.000,0.000,0.000,0.000,0.000,0.000,0.000,0.000,0.000
5879,1971.236,23.852,18.261,18.261,0.000,18.261,0.000,0.000,0.000,0.000,0.000,0.000,0.000,0.000,0.000
5880,1971.598,19.075,18.272,18.272,0.000,18.271,0.000,0.000,0.000,0.000,0.000,0.000,0.000,0.000,0.000
5881,1971.960,22.964,18.282,18.282,0.000,18.282,0.000,0.000,0.000,0.000,0.000,0.000,0.000,0.000,0.000
5882,1972.322,15.926,18.293,18.293,0.000,18.292,0.000,0.000,0.000,0.000,0.000,0.000,0.000,0.000,0.000
5883,1972.684,21.778,18.303,18.303,0.000,18.303,0.000,0.000,0.000,0.000,0.000,0.000,0.000,0.000,0.000
5884,1973.046,18.852,18.314,18.314,0.000,18.314,0.000,0.000,0.000,0.000,0.000,0.000,0.000,0.000,0.000
5885,1973.408,14.630,18.325,18.324,0.000,18.324,0.000,0.000,0.000,0.000,0.000,0.000,0.000,0.000,0.000
5886,1973.770,19.149,18.335,18.335,0.000,18.335,0.000,0.000,0.000,0.000,0.000,0.000,0.000,0.000,0.000
5887,1974.133,21.630,18.346,18.346,0.000,18.345,0.000,0.000,0.000,0.000,0.000,0.000,0.000,0.000,0.000
5888,1974.495,18.445,18.356,18.356,0.000,18.356,0.000,0.000,0.000,0.000,0.000,0.000,0.000,0.000,0.000
5889,1974.857,19.038,18.367,18.367,0.000,18.366,0.000,0.000,0.000,0.000,0.000,0.000,0.000,0.000,0.000
5890,1975.220,19.149,18.377,18.377,0.000,18.377,0.000,0.000,0.000,0.000,0.000,0.000,0.000,0.000,0.000
5891,1975.582,16.926,18.388,18.388,0.000,18.387,0.000,0.000,0.000,0.000,0.000,0.000,0.000,0.000,0.000
5892,1975.945,21.926,18.398,18.398,0.000,18.398,0.000,0.000,0.000,0.000,0.000,0.000,0.000,0.000,0.000
5893,1976.308,17.482,18.409,18.409,0.000,18.408,0.000,0.000,0.000,0.000,0.000,0.000,0.000,0.000,0.000
5894,1976.670,20.408,18.419,18.419,0.000,18.419,0.000,0.000,0.000,0.000,0.000,0.000,0.000,0.000,0.000
5895,1977.033,17.704,18.430,18.430,0.000,18.429,0.000,0.000,0.000,0.000,0.000,0.000,0.000,0.000,0.000
5896,1977.396,17.630,18.440,18.440,0.000,18.440,0.000,0.000,0.000,0.000,0.000,0.000,0.000,0.000,0.000
5897,1977.758,12.630,18.451,18.451,0.000,18.450,0.000,0.000,0.000,0.000,0.000,0.000,0.000,0.000,0.000
5898,1978.121,28.852,18.461,18.461,0.000,18.461,0.000,0.000,0.000,0.000,0.000,0.000,0.000,0.000,0.000
5899,1978.484,22.297,18.472,18.472,0.000,18.472,0.000,0.000,0.000,0.000,0.000,0.000,0.000,0.000,0.000
5900,1978.847,20.519,18.483,18.482,0.000,18.482,0.000,0.000,0.000,0.000,0.000,0.000,0.000,0.000,0.000
5901,1979.210,16.482,18.493,18.493,0.000,18.493,0.000,0.000,0.000,0.000,0.000,0.000,0.000,0.000,0.000
5902,1979.573,12.556,18.504,18.504,0.000,18.503,0.000,0.000,0.000,0.000,0.000,0.000,0.000,0.000,0.000
5903,1979.936,10.112,18.514,18.514,0.000,18.514,0.000,0.000,0.000,0.000,0.000,0.000,0.000,0.000,0.000
5904,1980.299,15.852,18.525,18.525,0.000,18.524,0.000,0.000,0.000,0.000,0.000,0.000,0.000,0.000,0.000
5905,1980.663,8.186,18.535,18.535,0.000,18.535,0.000,0.000,0.000,0.000,0.000,0.000,0.000,0.000,0.000
5906,1981.026,22.630,18.546,18.546,0.000,18.545,0.000,0.000,0.000,0.000,0.000,0.000,0.000,0.000,0.000
5907,1981.389,23.778,18.556,18.556,0.000,18.556,0.000,0.000,0.000,0.000,0.000,0.000,0.000,0.000,0.000
5908,1981.753,19.630,18.567,18.567,0.000,18.566,0.000,0.000,0.000,0.000,0.000,0.000,0.000,0.000,0.000
5909,1982.116,29.075,18.577,18.577,0.000,18.577,0.000,0.000,0.000,0.000,0.000,0.000,0.000,0.000,0.000
5910,1982.479,15.630,18.588,18.588,0.000,18.587,0.000,0.000,0.000,0.000,0.000,0.000,0.000,0.000,0.000
5911,1982.843,29.890,18.598,18.598,0.000,18.598,0.000,0.000,0.000,0.000,0.000,0.000,0.000,0.000,0.000
5912,1983.206,17.001,18.609,18.609,0.000,18.608,0.000,0.000,0.000,0.000,0.000,0.000,0.000,0.000,0.000
5913,1983.570,23.482,18.619,18.619,0.000,18.619,0.000,0.000,0.000,0.000,0.000,0.000,0.000,0.000,0.000
5914,1983.934,29.926,18.630,18.630,0.000,18.630,0.000,0.000,0.000,0.000,0.000,0.000,0.000,0.000,0.000
5915,1984.297,9.742,18.640,18.640,0.000,18.640,0.000,0.000,0.000,0.000,0.000,0.000,0.000,0.000,0.000
5916,1984.661,19.408,18.651,18.651,0.000,18.651,0.000,0.000,0.000,0.000,0.000,0.000,0.000,0.000,0.000
5917,1985.025,11.334,18.662,18.662,0.000,18.661,0.000,0.000,0.000,0.000,0.000,0.000,0.000,0.000,0.000
5918,1985.389,22.038,18.672,18.672,0.000,18.672,0.000,0.000,0.000,0.000,0.000,0.000,0.000,0.000,0.000
5919,1985.753,15.371,18.683,18.683,0.000,18.682,0.000,0.000,0.000,0.000,0.000,0.000,0.000,0.000,0.000
5920,1986.117,11.001,18.693,18.693,0.000,18.693,0.000,0.000,0.000,0.000,0.000,0.000,0.000,0.000,0.000
5921,1986.481,20.334,18.704,18.704,0.000,18.703,0.000,0.000,0.000,0.000,0.000,0.000,0.000,0.000,0.000
5922,1986.845,22.926,18.714,18.714,0.000,18.714,0.000,0.000,0.000,0.000,0.000,0.000,0.000,0.000,0.000
5923,1987.209,24.149,18.725,18.725,0.000,18.724,0.000,0.000,0.000,0.000,0.000,0.000,0.000,0.000,0.000
5924,1987.573,30.112,18.735,18.735,0.000,18.735,0.000,0.000,0.000,0.000,0.000,0.000,0.000,0.000,0.000
5925,1987.937,21.408,18.746,18.746,0.000,18.745,0.000,0.000,0.000,0.000,0.000,0.000,0.000,0.000,0.000
5926,1988.301,15.112,18.756,18.756,0.000,18.756,0.000,0.000,0.000,0.000,0.000,0.000,0.000,0.000,0.000
5927,1988.666,21.075,18.767,18.767,0.000,18.766,0.000,0.000,0.000,0.000,0.000,0.000,0.000,0.000,0.000
5928,1989.030,17.778,18.777,18.777,0.000,18.777,0.000,0.000,0.000,0.000,0.000,0.000,0.000,0.000,0.000
5929,1989.394,24.778,18.788,18.788,0.000,18.788,0.000,0.000,0.000,0.000,0.000,0.000,0.000,0.000,0.000
5930,1989.759,11.778,18.798,18.798,0.000,18.798,0.000,0.000,0.000,0.000,0.000,0.000,0.000,0.000,0.000
5931,1990.123,10.334,18.809,18.809,0.000,18.809,0.000,0.000,0.000,0.000,0.000,0.000,0.000,0.000,0.000
5932,1990.488,17.297,18.820,18.820,0.000,18.819,0.000,0.000,0.000,0.000,0.000,0.000,0.000,0.000,0.000
5933,1990.852,22.223,18.830,18.830,0.000,18.830,0.000,0.000,0.000,0.000,0.000,0.000,0.000,0.000,0.000
5934,1991.217,28.556,18.841,18.841,0.000,18.840,0.000,0.000,0.000,0.000,0.000,0.000,0.000,0.000,0.000
5935,1991.582,13.778,18.851,18.851,0.000,18.851,0.000,0.000,0.000,0.000,0.000,0.000,0.000,0.000,0.000
5936,1991.946,18.038,18.862,18.862,0.000,18.861,0.000,0.000,0.000,0.000,0.000,0.000,0.000,0.000,0.000
5937,1992.311,19.260,18.872,18.872,0.000,18.872,0.000,0.000,0.000,0.000,0.000,0.000,0.000,0.000,0.000
5938,1992.676,29.482,18.883,18.883,0.000,18.882,0.000,0.000,0.000,0.000,0.000,0.000,0.000,0.000,0.000
5939,1993.041,23.001,18.893,18.893,0.000,18.893,0.000,0.000,0.000,0.000,0.000,0.000,0.000,0.000,0.000
5940,1993.406,17.334,18.904,18.904,0.000,18.903,0.000,0.000,0.000,0.000,0.000,0.000,0.000,0.000,0.000
5941,1993.771,14.890,18.914,18.914,0.000,18.914,0.000,0.000,0.000,0.000,0.000,0.000,0.000,0.000,0.000
5942,1994.136,25.778,18.925,18.925,0.000,18.924,0.000,0.000,0.000,0.000,0.000,0.000,0.000,0.000,0.000
5943,1994.501,27.297,18.935,18.935,0.000,18.935,0.000,0.000,0.000,0.000,0.000,0.000,0.000,0.000,0.000
5944,1994.866,20.334,18.946,18.946,0.000,18.946,0.000,0.000,0.000,0.000,0.000,0.000,0.000,0.000,0.000
5945,1995.231,23.038,18.956,18.956,0.000,18.956,0.000,0.000,0.000,0.000,0.000,0.000,0.000,0.000,0.000
5946,1995.597,17.852,18.967,18.967,0.000,18.967,0.000,0.000,0.000,0.000,0.000,0.000,0.000,0.000,0.000
5947,1995.962,24.704,18.978,18.978,0.000,18.977,0.000,0.000,0.000,0.000,0.000,0.000,0.000,0.000,0.000
5948,1996.327,13.075,18.988,18.988,0.000,18.988,0.000,0.000,0.000,0.000,0.000,0.000,0.000,0.000,0.000
5949,1996.693,31.297,18.999,18.999,0.000,18.998,0.000,0.000,0.000,0.000,0.000,0.000,0.000,0.000,0.000
5950,1997.058,12.001,19.009,19.009,0.000,19.009,0.000,0.000,0.000,0.000,0.000,0.000,0.000,0.000,0.000
5951,1997.424,13.926,19.020,19.020,0.000,19.019,0.000,0.000,0.000,0.000,0.000,0.000,0.000,0.000,0.000
5952,1997.789,18.001,19.030,19.030,0.000,19.030,0.000,0.000,0.000,0.000,0.000,0.000,0.000,0.000,0.000
5953,1998.155,16.778,19.041,19.041,0.000,19.040,0.000,0.000,0.000,0.000,0.000,0.000,0.000,0.000,0.000
5954,1998.521,20.112,19.051,19.051,0.000,19.051,0.000,0.000,0.000,0.000,0.000,0.000,0.000,0.000,0.000
5955,1998.886,19.297,19.062,19.062,0.000,19.061,0.000,0.000,0.000,0.000,0.000,0.000,0.000,0.000,0.000
5956,1999.252,21.852,19.072,19.072,0.000,19.072,0.000,0.000,0.000,0.000,0.000,0.000,0.000,0.000,0.000
5957,1999.618,22.112,19.083,19.083,0.000,19.082,0.000,0.000,0.000,0.000,0.000,0.000,0.000,0.000,0.000
5958,1999.984,20.816,19.093,19.093,0.000,19.093,0.000,0.000,0.000,0.000,0.000,0.000,0.000,0.000,0.000
5959,2000.350,17.038,19.104,19.104,0.000,19.103,0.000,0.000,0.000,0.000,0.000,0.000,0.000,0.000,0.000
5960,2000.716,28.556,19.114,19.114,0.000,19.114,0.000,0.000,0.000,0.000,0.000,0.000,0.000,0.000,0.000
5961,2001.082,22.704,19.125,19.125,0.000,19.125,0.000,0.000,0.000,0.000,0.000,0.000,0.000,0.000,0.000
5962,2001.448,12.260,19.136,19.135,0.000,19.135,0.000,0.000,0.000,0.000,0.000,0.000,0.000,0.000,0.000
5963,2001.814,17.630,19.146,19.146,0.000,19.146,0.000,0.000,0.000,0.000,0.000,0.000,0.000,0.000,0.000
5964,2002.180,20.334,19.157,19.157,0.000,19.156,0.000,0.000,0.000,0.000,0.000,0.000,0.000,0.000,0.000
5965,2002.546,19.668,19.167,19.167,0.000,19.167,0.000,0.000,0.000,0.000,0.000,0.000,0.000,0.000,0.000
5966,2002.913,20.630,19.178,19.178,0.000,19.177,0.000,0.000,0.000,0.000,0.000,0.000,0.000,0.000,0.000
5967,2003.279,23.816,19.188,19.188,0.000,19.188,0.000,0.000,0.000,0.000,0.000,0.000,0.000,0.000,0.000
5968,2003.645,21.556,19.199,19.199,0.000,19.198,0.000,0.000,0.000,0.000,0.000,0.000,0.000,0.000,0.000
5969,2004.012,23.334,19.209,19.209,0.000,19.209,0.000,0.000,0.000,0.000,0.000,0.000,0.000,0.000,0.000
5970,2004.378,15.890,19.220,19.220,0.000,19.219,0.000,0.000,0.000,0.000,0.000,0.000,0.000,0.000,0.000
5971,2004.745,18.482,19.230,19.230,0.000,19.230,0.000,0.000,0.000,0.000,0.000,0.000,0.000,0.000,0.000
5972,2005.111,17.260,19.241,19.241,0.000,19.240,0.000,0.000,0.000,0.000,0.000,0.000,0.000,0.000,0.000
5973,2005.478,21.778,19.251,19.251,0.000,19.251,0.000,0.000,0.000,0.000,0.000,0.000,0.000,0.000,0.000
5974,2005.845,26.075,19.262,19.262,0.000,19.261,0.000,0.000,0.000,0.000,0.000,0.000,0.000,0.000,0.000
5975,2006.211,32.890,19.272,19.272,0.000,19.272,0.000,0.000,0.000,0.000,0.000,0.000,0.000,0.000,0.000
5976,2006.578,28.186,19.283,19.283,0.000,19.283,0.000,0.000,0.000,0.000,0.000,0.000,0.000,0.000,0.000
5977,2006.945,30.852,19.293,19.293,0.000,19.293,0.000,0.000,0.000,0.000,0.000,0.000,0.000,0.000,0.000
5978,2007.312,28.482,19.304,19.304,0.000,19.304,0.000,0.000,0.000,0.000,0.000,0.000,0.000,0.000,0.000
5979,2007.679,30.482,19.315,19.315,0.000,19.314,0.000,0.000,0.000,0.000,0.000,0.000,0.000,0.000,0.000
5980,2008.046,28.260,19.325,19.325,0.000,19.325,0.000,0.000,0.000,0.000,0.000,0.000,0.000,0.000,0.000
5981,2008.413,26.556,19.336,19.336,0.000,19.335,0.000,0.000,0.000,0.000,0.000,0.000,0.000,0.000,0.000
5982,2008.780,25.445,19.346,19.346,0.000,19.346,0.000,0.000,0.000,0.000,0.000,0.000,0.000,0.000,0.000
5983,2009.147,30.964,19.357,19.357,0.000,19.356,0.000,0.000,0.000,0.000,0.000,0.000,0.000,0.000,0.000
5984,2009.515,25.038,19.367,19.367,0.000,19.367,0.000,0.000,0.000,0.000,0.000,0.000,0.000,0.000,0.000
5985,2009.882,25.704,19.378,19.378,0.000,19.377,0.000,0.000,0.000,0.000,0.000,0.000,0.000,0.000,0.000
5986,2010.249,21.408,19.388,19.388,0.000,19.388,0.000,0.000,0.000,0.000,0.000,0.000,0.000,0.000,0.000
5987,2010.617,19.223,19.399,19.399,0.000,19.398,0.000,0.000,0.000,0.000,0.000,0.000,0.000,0.000,0.000
5988,2010.984,20.482,19.409,19.409,0.000,19.409,0.000,0.000,0.000,0.000,0.000,0.000,0.000,0.000,0.000
5989,2011.352,28.408,19.420,19.420,0.000,19.419,0.000,0.000,0.000,0.000,0.000,0.000,0.000,0.000,0.000
5990,2011.719,34.408,19.430,19.430,0.000,19.430,0.000,0.000,0.000,0.000,0.000,0.000,0.000,0.000,0.000
5991,2012.087,15.852,19.441,19.441,0.000,19.441,0.000,0.000,0.000,0.000,0.000,0.000,0.000,0.000,0.000
5992,2012.454,26.371,19.451,19.451,0.000,19.451,0.000,0.000,0.000,0.000,0.000,0.000,0.000,0.000,0.000
5993,2012.822,21.630,19.462,19.462,0.000,19.462,0.000,0.000,0.000,0.000,0.000,0.000,0.000,0.000,0.000
5994,2013.190,23.482,19.473,19.473,0.000,19.472,0.000,0.000,0.000,0.000,0.000,0.000,0.000,0.000,0.000
5995,2013.558,21.519,19.483,19.483,0.000,19.483,0.000,0.000,0.000,0.000,0.000,0.000,0.000,0.000,0.000
5996,2013.925,22.742,19.494,19.494,0.000,19.493,0.000,0.000,0.000,0.000,0.000,0.000,0.000,0.000,0.000
5997,2014.293,19.112,19.504,19.504,0.000,19.504,0.000,0.000,0.000,0.000,0.000,0.000,0.000,0.000,0.000
5998,2014.661,33.334,19.515,19.515,0.000,19.514,0.000,0.000,0.000,0.000,0.000,0.000,0.000,0.000,0.000
5999,2015.029,23.630,19.525,19.525,0.000,19.525,0.000,0.000,0.000,0.000,0.000,0.000,0.000,0.000,0.000
6000,2015.397,27.704,19.536,19.536,0.000,19.535,0.000,0.000,0.000,0.000,0.000,0.000,0.000,0.000,0.000
6001,2015.765,23.260,19.546,19.546,0.000,19.546,0.000,0.000,0.000,0.000,0.000,0.000,0.000,0.000,0.000
6002,2016.134,23.112,19.557,19.557,0.000,19.556,0.000,0.000,0.000,0.000,0.000,0.000,0.000,0.000,0.000
6003,2016.502,25.742,19.567,19.567,0.000,19.567,0.000,0.000,0.000,0.000,0.000,0.000,0.000,0.000,0.000
6004,2016.870,20.852,19.578,19.578,0.000,19.577,0.000,0.000,0.000,0.000,0.000,0.000,0.000,0.000,0.000
6005,2017.238,17.852,19.588,19.588,0.000,19.588,0.000,0.000,0.000,0.000,0.000,0.000,0.000,0.000,0.000
6006,2017.607,20.038,19.599,19.599,0.000,19.599,0.000,0.000,0.000,0.000,0.000,0.000,0.000,0.000,0.000
6007,2017.975,18.297,19.609,19.609,0.000,19.609,0.000,0.000,0.000,0.000,0.000,0.000,0.000,0.000,0.000
6008,2018.344,20.334,19.620,19.620,0.000,19.620,0.000,0.000,0.000,0.000,0.000,0.000,0.000,0.000,0.000
6009,2018.712,24.260,19.631,19.631,0.000,19.630,0.000,0.000,0.000,0.000,0.000,0.000,0.000,0.000,0.000
6010,2019.081,23.482,19.641,19.641,0.000,19.641,0.000,0.000,0.000,0.000,0.000,0.000,0.000,0.000,0.000
6011,2019.450,27.075,19.652,19.652,0.000,19.651,0.000,0.000,0.000,0.000,0.000,0.000,0.000,0.000,0.000
6012,2019.818,19.630,19.662,19.662,0.000,19.662,0.000,0.000,0.000,0.000,0.000,0.000,0.000,0.000,0.000
6013,2020.187,22.186,19.673,19.673,0.000,19.672,0.000,0.000,0.000,0.000,0.000,0.000,0.000,0.000,0.000
6014,2020.556,28.630,19.683,19.683,0.000,19.683,0.000,0.000,0.000,0.000,0.000,0.000,0.000,0.000,0.000
6015,2020.925,19.926,19.694,19.694,0.000,19.693,0.000,0.000,0.000,0.000,0.000,0.000,0.000,0.000,0.000
6016,2021.294,33.964,19.704,19.704,0.000,19.704,0.000,0.000,0.000,0.000,0.000,0.000,0.000,0.000,0.000
6017,2021.663,17.519,19.715,19.715,0.000,19.714,0.000,0.000,0.000,0.000,0.000,0.000,0.000,0.000,0.000
6018,2022.032,26.778,19.725,19.725,0.000,19.725,0.000,0.000,0.000,0.000,0.000,0.000,0.000,0.000,0.000
6019,2022.401,26.594,19.736,19.736,0.000,19.735,0.000,0.000,0.000,0.000,0.000,0.000,0.000,0.000,0.000
6020,2022.770,24.926,19.746,19.746,0.000,19.746,0.000,0.000,0.000,0.000,0.000,0.000,0.000,0.000,0.000
6021,2023.139,41.852,19.757,19.757,0.000,19.757,0.000,0.000,0.000,0.000,0.000,0.000,0.000,0.000,0.000
6022,2023.508,22.630,19.767,19.767,0.000,19.767,0.000,0.000,0.000,0.000,0.000,0.000,0.000,0.000,0.000
6023,2023.878,25.149,19.778,19.778,0.000,19.778,0.000,0.000,0.000,0.000,0.000,0.000,0.000,0.000,0.000
6024,2024.247,27.964,19.789,19.789,0.000,19.788,0.000,0.000,0.000,0.000,0.000,0.000,0.000,0.000,0.000
6025,2024.616,25.519,19.799,19.799,0.000,19.799,0.000,0.000,0.000,0.000,0.000,0.000,0.000,0.000,0.000
6026,2024.986,30.778,19.810,19.810,0.000,19.809,0.000,0.000,0.000,0.000,0.000,0.000,0.000,0.000,0.000
6027,2025.355,24.704,19.820,19.820,0.000,19.820,0.000,0.000,0.000,0.000,0.000,0.000,0.000,0.000,0.000
6028,2025.725,13.260,19.831,19.831,0.000,19.830,0.000,0.000,0.000,0.000,0.000,0.000,0.000,0.000,0.000
6029,2026.095,19.038,19.841,19.841,0.000,19.841,0.000,0.000,0.000,0.000,0.000,0.000,0.000,0.000,0.000
6030,2026.464,17.445,19.852,19.852,0.000,19.851,0.000,0.000,0.000,0.000,0.000,0.000,0.000,0.000,0.000
6031,2026.834,39.704,19.862,19.862,0.000,19.862,0.000,0.000,0.000,0.000,0.000,0.000,0.000,0.000,0.000
6032,2027.204,26.223,19.873,19.873,0.000,19.872,0.000,0.000,0.000,0.000,0.000,0.000,0.000,0.000,0.000
6033,2027.574,32.186,19.883,19.883,0.000,19.883,0.000,0.000,0.000,0.000,0.000,0.000,0.000,0.000,0.000
6034,2027.944,30.112,19.894,19.894,0.000,19.893,0.000,0.000,0.000,0.000,0.000,0.000,0.000,0.000,0.000
6035,2028.313,27.890,19.904,19.904,0.000,19.904,0.000,0.000,0.000,0.000,0.000,0.000,0.000,0.000,0.000
6036,2028.683,26.630,19.915,19.915,0.000,19.914,0.000,0.000,0.000,0.000,0.000,0.000,0.000,0.000,0.000
6037,2029.054,29.260,19.925,19.925,0.000,19.925,0.000,0.000,0.000,0.000,0.000,0.000,0.000,0.000,0.000
6038,2029.424,25.186,19.936,19.936,0.000,19.936,0.000,0.000,0.000,0.000,0.000,0.000,0.000,0.000,0.000
6039,2029.794,27.038,19.947,19.947,0.000,19.946,0.000,0.000,0.000,0.000,0.000,0.000,0.000,0.000,0.000
6040,2030.164,31.778,19.957,19.957,0.000,19.957,0.000,0.000,0.000,0.000,0.000,0.000,0.000,0.000,0.000
6041,2030.534,23.964,19.968,19.968,0.000,19.967,0.000,0.000,0.000,0.000,0.000,0.000,0.000,0.000,0.000
6042,2030.905,26.964,19.978,19.978,0.000,19.978,0.000,0.000,0.000,0.000,0.000,0.000,0.000,0.000,0.000
6043,2031.275,26.704,19.989,19.989,0.000,19.988,0.000,0.000,0.000,0.000,0.000,0.000,0.000,0.000,0.000
6044,2031.645,29.964,19.999,19.999,0.000,19.999,0.000,0.000,0.000,0.000,0.000,0.000,0.000,0.000,0.000
6045,2032.016,21.964,20.010,20.010,0.000,20.009,0.000,0.000,0.000,0.000,0.000,0.000,0.000,0.000,0.000
6046,2032.387,32.186,20.020,20.020,0.000,20.020,0.000,0.000,0.000,0.000,0.000,0.000,0.000,0.000,0.000
6047,2032.757,25.778,20.031,20.031,0.000,20.030,0.000,0.000,0.000,0.000,0.000,0.000,0.000,0.000,0.000
6048,2033.128,24.186,20.041,20.041,0.000,20.041,0.000,0.000,0.000,0.000,0.000,0.000,0.000,0.000,0.000
6049,2033.498,21.112,20.052,20.052,0.000,20.051,0.000,0.000,0.000,0.000,0.000,0.000,0.000,0.000,0.000
6050,2033.869,33.482,20.062,20.062,0.000,20.062,0.000,0.000,0.000,0.000,0.000,0.000,0.000,0.000,0.000
6051,2034.240,28.556,20.073,20.073,0.000,20.072,0.000,0.000,0.000,0.000,0.000,0.000,0.000,0.000,0.000
6052,2034.611,16.890,20.083,20.083,0.000,20.083,0.000,0.000,0.000,0.000,0.000,0.000,0.000,0.000,0.000
6053,2034.982,21.852,20.094,20.094,0.000,20.094,0.000,0.000,0.000,0.000,0.000,0.000,0.000,0.000,0.000
6054,2035.353,22.408,20.105,20.105,0.000,20.104,0.000,0.000,0.000,0.000,0.000,0.000,0.000,0.000,0.000
6055,2035.724,25.223,20.115,20.115,0.000,20.115,0.000,0.000,0.000,0.000,0.000,0.000,0.000,0.000,0.000
6056,2036.095,24.260,20.126,20.126,0.000,20.125,0.000,0.000,0.000,0.000,0.000,0.000,0.000,0.000,0.000
6057,2036.466,32.297,20.136,20.136,0.000,20.136,0.000,0.000,0.000,0.000,0.000,0.000,0.000,0.000,0.000
6058,2036.837,22.260,20.147,20.147,0.000,20.146,0.000,0.000,0.000,0.000,0.000,0.000,0.000,0.000,0.000
6059,2037.209,28.778,20.157,20.157,0.000,20.157,0.000,0.000,0.000,0.000,0.000,0.000,0.000,0.000,0.000
6060,2037.580,23.852,20.168,20.168,0.000,20.167,0.000,0.000,0.000,0.000,0.000,0.000,0.000,0.000,0.000
6061,2037.951,31.445,20.178,20.178,0.000,20.178,0.000,0.000,0.000,0.000,0.000,0.000,0.000,0.000,0.000
6062,2038.323,28.964,20.189,20.189,0.000,20.188,0.000,0.000,0.000,0.000,0.000,0.000,0.000,0.000,0.000
6063,2038.694,25.852,20.174,20.174,0.000,20.174,0.000,0.000,0.000,0.000,0.000,0.000,0.000,0.000,0.000
6064,2039.066,19.445,20.160,20.160,0.000,20.159,0.000,0.000,0.000,0.000,0.000,0.000,0.000,0.000,0.000
6065,2039.437,24.445,20.145,20.145,0.000,20.145,0.000,0.000,0.000,0.000,0.000,0.000,0.000,0.000,0.000
6066,2039.809,25.334,20.131,20.131,0.000,20.130,0.000,0.000,0.000,0.000,0.000,0.000,0.000,0.000,0.000
6067,2040.181,36.778,20.116,20.116,0.000,20.116,0.000,0.000,0.000,0.000,0.000,0.000,0.000,0.000,0.000
6068,2040.553,15.926,20.101,20.101,0.000,20.101,0.000,0.000,0.000,0.000,0.000,0.000,0.000,0.000,0.000
6069,2040.924,21.371,20.087,20.087,0.000,20.086,0.000,0.000,0.000,0.000,0.000,0.000,0.000,0.000,0.000
6070,2041.296,26.482,20.072,20.072,0.000,20.072,0.000,0.000,0.000,0.000,0.000,0.000,0.000,0.000,0.000
6071,2041.668,28.297,20.058,20.058,0.000,20.057,0.000,0.000,0.000,0.000,0.000,0.000,0.000,0.000,0.000
6072,2042.040,26.408,20.043,20.043,0.000,20.043,0.000,0.000,0.000,0.000,0.000,0.000,0.000,0.000,0.000
6073,2042.412,32.038,20.029,20.029,0.000,20.028,0.000,0.000,0.000,0.000,0.000,0.000,0.000,0.000,0.000
6074,2042.784,25.816,20.014,20.014,0.000,20.014,0.000,0.000,0.000,0.000,0.000,0.000,0.000,0.000,0.000
6075,2043.156,33.778,20.000,20.000,0.000,19.999,0.000,0.000,0.000,0.000,0.000,0.000,0.000,0.000,0.000
6076,2043.529,35.630,19.985,19.985,0.000,19.985,0.000,0.000,0.000,0.000,0.000,0.000,0.000,0.000,0.000
6077,2043.901,25.408,19.971,19.971,0.000,19.970,0.000,0.000,0.000,0.000,0.000,0.000,0.000,0.000,0.000
6078,2044.273,19.630,19.956,19.956,0.000,19.956,0.000,0.000,0.000,0.000,0.000,0.000,0.000,0.000,0.000
6079,2044.646,24.852,19.941,19.941,0.000,19.941,0.000,0.000,0.000,0.000,0.000,0.000,0.000,0.000,0.000
6080,2045.018,23.186,19.927,19.927,0.000,19.926,0.000,0.000,0.000,0.000,0.000,0.000,0.000,0.000,0.000
6081,2045.391,25.890,19.912,19.912,0.000,19.912,0.000,0.000,0.000,0.000,0.000,0.000,0.000,0.000,0.000
6082,2045.763,33.334,19.898,19.898,0.000,19.897,0.000,0.000,0.000,0.000,0.000,0.000,0.000,0.000,0.000
6083,2046.136,19.852,19.883,19.883,0.000,19.883,0.000,0.000,0.000,0.000,0.000,0.000,0.000,0.000,0.000
6084,2046.508,25.556,19.869,19.869,0.000,19.868,0.000,0.000,0.000,0.000,0.000,0.000,0.000,0.000,0.000
6085,2046.881,12.556,19.854,19.854,0.000,19.854,0.000,0.000,0.000,0.000,0.000,0.000,0.000,0.000,0.000
6086,2047.254,29.594,19.840,19.840,0.000,19.839,0.000,0.000,0.000,0.000,0.000,0.000,0.000,0.000,0.000
6087,2047.627,20.260,19.825,19.825,0.000,19.825,0.000,0.000,0.000,0.000,0.000,0.000,0.000,0.000,0.000
6088,2048.000,29.001,19.810,19.810,0.000,19.810,0.000,0.000,0.000,0.000,0.000,0.000,0.000,0.000,0.000
6089,2048.373,26.112,19.796,19.796,0.000,19.795,0.000,0.000,0.000,0.000,0.000,0.000,0.000,0.000,0.000
6090,2048.746,31.371,19.781,19.781,0.000,19.781,0.000,0.000,0.000,0.000,0.000,0.000,0.000,0.000,0.000
6091,2049.119,29.408,19.767,19.767,0.000,19.766,0.000,0.000,0.000,0.000,0.000,0.000,0.000,0.000,0.000
6092,2049.492,30.630,19.752,19.752,0.000,19.752,0.000,0.000,0.000,0.000,0.000,0.000,0.000,0.000,0.000
6093,2049.865,23.556,19.738,19.738,0.000,19.737,0.000,0.000,0.000,0.000,0.000,0.000,0.000,0.000,0.000
6094,2050.238,9.816,19.723,19.723,0.000,19.723,0.000,0.000,0.000,0.000,0.000,0.000,0.000,0.000,0.000
6095,2050.611,17.408,19.709,19.709,0.000,19.708,0.000,0.000,0.000,0.000,0.000,0.000,0.000,0.000,0.000
6096,2050.985,21.186,19.694,19.694,0.000,19.694,0.000,0.000,0.000,0.000,0.000,0.000,0.000,0.000,0.000
6097,2051.358,18.964,19.680,19.680,0.000,19.679,0.000,0.000,0.000,0.000,0.000,0.000,0.000,0.000,0.000
6098,2051.732,27.630,19.665,19.665,0.000,19.665,0.000,0.000,0.000,0.000,0.000,0.000,0.000,0.000,0.000
6099,2052.105,25.112,19.650,19.650,0.000,19.650,0.000,0.000,0.000,0.000,0.000,0.000,0.000,0.000,0.000
6100,2052.479,19.260,19.636,19.636,0.000,19.635,0.000,0.000,0.000,0.000,0.000,0.000,0.000,0.000,0.000
6101,2052.852,20.482,19.621,19.621,0.000,19.621,0.000,0.000,0.000,0.000,0.000,0.000,0.000,0.000,0.000
6102,2053.226,16.926,19.607,19.607,0.000,19.606,0.000,0.000,0.000,0.000,0.000,0.000,0.000,0.000,0.000
6103,2053.600,21.112,19.592,19.592,0.000,19.592,0.000,0.000,0.000,0.000,0.000,0.000,0.000,0.000,0.000
6104,2053.974,28.482,19.578,19.578,0.000,19.577,0.000,0.000,0.000,0.000,0.000,0.000,0.000,0.000,0.000
6105,2054.347,24.816,19.563,19.563,0.000,19.563,0.000,0.000,0.000,0.000,0.000,0.000,0.000,0.000,0.000
6106,2054.721,18.186,19.549,19.549,0.000,19.548,0.000,0.000,0.000,0.000,0.000,0.000,0.000,0.000,0.000
6107,2055.095,26.408,19.534,19.534,0.000,19.534,0.000,0.000,0.000,0.000,0.000,0.000,0.000,0.000,0.000
6108,2055.469,35.001,19.519,19.519,0.000,19.519,0.000,0.000,0.000,0.000,0.000,0.000,0.000,0.000,0.000
6109,2055.843,22.223,19.505,19.505,0.000,19.505,0.000,0.000,0.000,0.000,0.000,0.000,0.000,0.000,0.000
6110,2056.218,25.926,19.490,19.490,0.000,19.490,0.000,0.000,0.000,0.000,0.000,0.000,0.000,0.000,0.000
6111,2056.592,28.112,19.476,19.476,0.000,19.475,0.000,0.000,0.000,0.000,0.000,0.000,0.000,0.000,0.000
6112,2056.966,34.408,19.461,19.461,0.000,19.461,0.000,0.000,0.000,0.000,0.000,0.000,0.000,0.000,0.000
6113,2057.340,27.001,19.447,19.447,0.000,19.446,0.000,0.000,0.000,0.000,0.000,0.000,0.000,0.000,0.000
6114,2057.715,27.926,19.432,19.432,0.000,19.432,0.000,0.000,0.000,0.000,0.000,0.000,0.000,0.000,0.000
6115,2058.089,21.556,19.418,19.418,0.000,19.417,0.000,0.000,0.000,0.000,0.000,0.000,0.000,0.000,0.000
6116,2058.464,19.778,19.403,19.403,0.000,19.403,0.000,0.000,0.000,0.000,0.000,0.000,0.000,0.000,0.000
6117,2058.838,23.001,19.389,19.389,0.000,19.388,0.000,0.000,0.000,0.000,0.000,0.000,0.000,0.000,0.000
6118,2059.213,31.223,19.374,19.374,0.000,19.374,0.000,0.000,0.000,0.000,0.000,0.000,0.000,0.000,0.000
6119,2059.587,20.149,19.359,19.359,0.000,19.359,0.000,0.000,0.000,0.000,0.000,0.000,0.000,0.000,0.000
6120,2059.962,23.630,19.345,19.345,0.000,19.344,0.000,0.000,0.000,0.000,0.000,0.000,0.000,0.000,0.000
6121,2060.337,25.556,19.330,19.330,0.000,19.330,0.000,0.000,0.000,0.000,0.000,0.000,0.000,0.000,0.000
6122,2060.712,21.408,19.316,19.316,0.000,19.315,0.000,0.000,0.000,0.000,0.000,0.000,0.000,0.000,0.000
6123,2061.087,25.038,19.301,19.301,0.000,19.301,0.000,0.000,0.000,0.000,0.000,0.000,0.000,0.000,0.000
6124,2061.462,27.852,19.287,19.287,0.000,19.286,0.000,0.000,0.000,0.000,0.000,0.000,0.000,0.000,0.000
6125,2061.837,16.926,19.272,19.272,0.000,19.272,0.000,0.000,0.000,0.000,0.000,0.000,0.000,0.000,0.000
6126,2062.212,21.630,19.258,19.258,0.000,19.257,0.000,0.000,0.000,0.000,0.000,0.000,0.000,0.000,0.000
6127,2062.587,22.926,19.243,19.243,0.000,19.243,0.000,0.000,0.000,0.000,0.000,0.000,0.000,0.000,0.000
6128,2062.962,19.445,19.228,19.228,0.000,19.228,0.000,0.000,0.000,0.000,0.000,0.000,0.000,0.000,0.000
6129,2063.337,20.852,19.214,19.214,0.000,19.214,0.000,0.000,0.000,0.000,0.000,0.000,0.000,0.000,0.000
6130,2063.712,17.704,19.199,19.199,0.000,19.199,0.000,0.000,0.000,0.000,0.000,0.000,0.000,0.000,0.000
6131,2064.088,19.112,19.185,19.185,0.000,19.184,0.000,0.000,0.000,0.000,0.000,0.000,0.000,0.000,0.000
6132,2064.463,20.371,19.170,19.170,0.000,19.170,0.000,0.000,0.000,0.000,0.000,0.000,0.000,0.000,0.000
6133,2064.839,18.556,19.156,19.156,0.000,19.155,0.000,0.000,0.000,0.000,0.000,0.000,0.000,0.000,0.000
6134,2065.214,26.186,19.141,19.141,0.000,19.141,0.000,0.000,0.000,0.000,0.000,0.000,0.000,0.000,0.000
6135,2065.590,18.667,19.127,19.127,0.000,19.126,0.000,0.000,0.000,0.000,0.000,0.000,0.000,0.000,0.000
6136,2065.965,25.704,19.112,19.112,0.000,19.112,0.000,0.000,0.000,0.000,0.000,0.000,0.000,0.000,0.000
6137,2066.341,18.704,19.098,19.098,0.000,19.097,0.000,0.000,0.000,0.000,0.000,0.000,0.000,0.000,0.000
6138,2066.717,18.482,19.083,19.083,0.000,19.083,0.000,0.000,0.000,0.000,0.000,0.000,0.000,0.000,0.000
6139,2067.093,21.075,19.068,19.068,0.000,19.068,0.000,0.000,0.000,0.000,0.000,0.000,0.000,0.000,0.000
6140,2067.469,19.778,19.054,19.054,0.000,19.053,0.000,0.000,0.000,0.000,0.000,0.000,0.000,0.000,0.000
6141,2067.844,21.630,19.039,19.039,0.000,19.039,0.000,0.000,0.000,0.000,0.000,0.000,0.000,0.000,0.000
6142,2068.220,16.630,19.025,19.025,0.000,19.024,0.000,0.000,0.000,0.000,0.000,0.000,0.000,0.000,0.000
6143,2068.597,28.926,19.010,19.010,0.000,19.010,0.000,0.000,0.000,0.000,0.000,0.000,0.000,0.000,0.000
6144,2068.973,25.223,18.996,18.996,0.000,18.995,0.000,0.000,0.000,0.000,0.000,0.000,0.000,0.000,0.000
6145,2069.349,23.630,18.981,18.981,0.000,18.981,0.000,0.000,0.000,0.000,0.000,0.000,0.000,0.000,0.000
6146,2069.725,19.334,18.967,18.967,0.000,18.966,0.000,0.000,0.000,0.000,0.000,0.000,0.000,0.000,0.000
6147,2070.101,16.186,18.952,18.952,0.000,18.952,0.000,0.000,0.000,0.000,0.000,0.000,0.000,0.000,0.000
6148,2070.478,16.668,18.937,18.937,0.000,18.937,0.000,0.000,0.000,0.000,0.000,0.000,0.000,0.000,0.000
6149,2070.854,28.778,18.923,18.923,0.000,18.923,0.000,0.000,0.000,0.000,0.000,0.000,0.000,0.000,0.000
6150,2071.231,20.260,18.908,18.908,0.000,18.908,0.000,0.000,0.000,0.000,0.000,0.000,0.000,0.000,0.000
6151,2071.607,16.186,18.894,18.894,0.000,18.893,0.000,0.000,0.000,0.000,0.000,0.000,0.000,0.000,0.000
6152,2071.984,12.742,18.879,18.879,0.000,18.879,0.000,0.000,0.000,0.000,0.000,0.000,0.000,0.000,0.000
6153,2072.360,21.186,18.865,18.865,0.000,18.864,0.000,0.000,0.000,0.000,0.000,0.000,0.000,0.000,0.000
6154,2072.737,20.482,18.850,18.850,0.000,18.850,0.000,0.000,0.000,0.000,0.000,0.000,0.000,0.000,0.000
6155,2073.114,21.630,18.836,18.836,0.000,18.835,0.000,0.000,0.000,0.000,0.000,0.000,0.000,0.000,0.000
6156,2073.491,18.482,18.821,18.821,0.000,18.821,0.000,0.000,0.000,0.000,0.000,0.000,0.000,0.000,0.000
6157,2073.867,23.668,18.807,18.807,0.000,18.806,0.000,0.000,0.000,0.000,0.000,0.000,0.000,0.000,0.000
6158,2074.244,15.445,18.792,18.792,0.000,18.792,0.000,0.000,0.000,0.000,0.000,0.000,0.000,0.000,0.000
6159,2074.621,19.297,18.777,18.777,0.000,18.777,0.000,0.000,0.000,0.000,0.000,0.000,0.000,0.000,0.000
6160,2074.998,18.334,18.763,18.763,0.000,18.762,0.000,0.000,0.000,0.000,0.000,0.000,0.000,0.000,0.000
6161,2075.376,17.778,18.748,18.748,0.000,18.748,0.000,0.000,0.000,0.000,0.000,0.000,0.000,0.000,0.000
6162,2075.753,19.778,18.734,18.734,0.000,18.733,0.000,0.000,0.000,0.000,0.000,0.000,0.000,0.000,0.000
6163,2076.130,21.852,18.719,18.719,0.000,18.719,0.000,0.000,0.000,0.000,0.000,0.000,0.000,0.000,0.000
6164,2076.507,15.038,18.705,18.705,0.000,18.704,0.000,0.000,0.000,0.000,0.000,0.000,0.000,0.000,0.000
6165,2076.885,19.445,18.690,18.690,0.000,18.690,0.000,0.000,0.000,0.000,0.000,0.000,0.000,0.000,0.000
6166,2077.262,21.260,18.676,18.676,0.000,18.675,0.000,0.000,0.000,0.000,0.000,0.000,0.000,0.000,0.000
6167,2077.639,19.630,18.661,18.661,0.000,18.661,0.000,0.000,0.000,0.000,0.000,0.000,0.000,0.000,0.000
6168,2078.017,10.926,18.646,18.646,0.000,18.646,0.000,0.000,0.000,0.000,0.000,0.000,0.000,0.000,0.000
6169,2078.395,12.408,18.632,18.632,0.000,18.632,0.000,0.000,0.000,0.000,0.000,0.000,0.000,0.000,0.000
6170,2078.772,11.556,18.617,18.617,0.000,18.617,0.000,0.000,0.000,0.000,0.000,0.000,0.000,0.000,0.000
6171,2079.150,21.890,18.603,18.603,0.000,18.602,0.000,0.000,0.000,0.000,0.000,0.000,0.000,0.000,0.000
6172,2079.528,19.260,18.588,18.588,0.000,18.588,0.000,0.000,0.000,0.000,0.000,0.000,0.000,0.000,0.000
6173,2079.906,24.334,18.574,18.574,0.000,18.573,0.000,0.000,0.000,0.000,0.000,0.000,0.000,0.000,0.000
6174,2080.283,21.408,18.559,18.559,0.000,18.559,0.000,0.000,0.000,0.000,0.000,0.000,0.000,0.000,0.000
6175,2080.661,20.482,18.545,18.545,0.000,18.544,0.000,0.000,0.000,0.000,0.000,0.000,0.000,0.000,0.000
6176,2081.039,27.926,18.530,18.530,0.000,18.530,0.000,0.000,0.000,0.000,0.000,0.000,0.000,0.000,0.000
6177,2081.417,18.704,18.516,18.516,0.000,18.515,0.000,0.000,0.000,0.000,0.000,0.000,0.000,0.000,0.000
6178,2081.796,33.668,18.501,18.501,0.000,18.501,0.000,0.000,0.000,0.000,0.000,0.000,0.000,0.000,0.000
6179,2082.174,27.852,18.486,18.486,0.000,18.486,0.000,0.000,0.000,0.000,0.000,0.000,0.000,0.000,0.000
6180,2082.552,20.556,18.472,18.472,0.000,18.471,0.000,0.000,0.000,0.000,0.000,0.000,0.000,0.000,0.000
6181,2082.930,19.778,18.457,18.457,0.000,18.457,0.000,0.000,0.000,0.000,0.000,0.000,0.000,0.000,0.000
6182,2083.309,24.186,18.443,18.443,0.000,18.442,0.000,0.000,0.000,0.000,0.000,0.000,0.000,0.000,0.000
6183,2083.687,13.482,18.428,18.428,0.000,18.428,0.000,0.000,0.000,0.000,0.000,0.000,0.000,0.000,0.000
6184,2084.066,11.778,18.414,18.414,0.000,18.413,0.000,0.000,0.000,0.000,0.000,0.000,0.000,0.000,0.000
6185,2084.444,28.778,18.399,18.399,0.000,18.399,0.000,0.000,0.000,0.000,0.000,0.000,0.000,0.000,0.000
6186,2084.823,13.334,18.385,18.385,0.000,18.384,0.000,0.000,0.000,0.000,0.000,0.000,0.000,0.000,0.000
6187,2085.201,19.852,18.370,18.370,0.000,18.370,0.000,0.000,0.000,0.000,0.000,0.000,0.000,0.000,0.000
6188,2085.580,19.260,18.355,18.355,0.000,18.355,0.000,0.000,0.000,0.000,0.000,0.000,0.000,0.000,0.000
6189,2085.959,25.112,18.341,18.341,0.000,18.341,0.000,0.000,0.000,0.000,0.000,0.000,0.000,0.000,0.000
6190,2086.338,26.408,18.326,18.326,0.000,18.326,0.000,0.000,0.000,0.000,0.000,0.000,0.000,0.000,0.000
6191,2086.717,14.964,18.312,18.312,0.000,18.311,0.000,0.000,0.000,0.000,0.000,0.000,0.000,0.000,0.000
6192,2087.096,22.186,18.297,18.297,0.000,18.297,0.000,0.000,0.000,0.000,0.000,0.000,0.000,0.000,0.000
6193,2087.475,20.778,18.283,18.283,0.000,18.282,0.000,0.000,0.000,0.000,0.000,0.000,0.000,0.000,0.000
6194,2087.854,18.186,18.268,18.268,0.000,18.268,0.000,0.000,0.000,0.000,0.000,0.000,0.000,0.000,0.000
6195,2088.233,27.890,18.254,18.254,0.000,18.253,0.000,0.000,0.000,0.000,0.000,0.000,0.000,0.000,0.000
6196,2088.612,19.556,18.239,18.239,0.000,18.239,0.000,0.000,0.000,0.000,0.000,0.000,0.000,0.000,0.000
6197,2088.991,10.260,18.225,18.225,0.000,18.224,0.000,0.000,0.000,0.000,0.000,0.000,0.000,0.000,0.000
6198,2089.371,18.816,18.210,18.210,0.000,18.210,0.000,0.000,0.000,0.000,0.000,0.000,0.000,0.000,0.000
6199,2089.750,18.630,18.195,18.195,0.000,18.195,0.000,0.000,0.000,0.000,0.000,0.000,0.000,0.000,0.000
6200,2090.130,19.408,18.181,18.181,0.000,18.181,0.000,0.000,0.000,0.000,0.000,0.000,0.000,0.000,0.000
6201,2090.509,12.630,18.166,18.166,0.000,18.166,0.000,0.000,0.000,0.000,0.000,0.000,0.000,0.000,0.000
6202,2090.889,22.852,18.152,18.152,0.000,18.151,0.000,0.000,0.000,0.000,0.000,0.000,0.000,0.000,0.000
6203,2091.268,15.260,18.137,18.137,0.000,18.137,0.000,0.000,0.000,0.000,0.000,0.000,0.000,0.000,0.000
6204,2091.648,20.778,18.123,18.123,0.000,18.122,0.000,0.000,0.000,0.000,0.000,0.000,0.000,0.000,0.000
6205,2092.028,25.482,18.108,18.108,0.000,18.108,0.000,0.000,0.000,0.000,0.000,0.000,0.000,0.000,0.000
6206,2092.408,16.964,18.094,18.094,0.000,18.093,0.000,0.000,0.000,0.000,0.000,0.000,0.000,0.000,0.000
6207,2092.788,17.408,18.079,18.079,0.000,18.079,0.000,0.000,0.000,0.000,0.000,0.000,0.000,0.000,0.000
6208,2093.168,22.964,18.065,18.065,0.000,18.064,0.000,0.000,0.000,0.000,0.000,0.000,0.000,0.000,0.000
6209,2093.548,10.890,18.050,18.050,0.000,18.050,0.000,0.000,0.000,0.000,0.000,0.000,0.000,0.000,0.000
6210,2093.928,21.408,18.035,18.035,0.000,18.035,0.000,0.000,0.000,0.000,0.000,0.000,0.000,0.000,0.000
6211,2094.308,17.778,18.021,18.021,0.000,18.020,0.000,0.000,0.000,0.000,0.000,0.000,0.000,0.000,0.000
6212,2094.688,14.630,18.006,18.006,0.000,18.006,0.000,0.000,0.000,0.000,0.000,0.000,0.000,0.000,0.000
6213,2095.068,18.445,17.992,17.992,0.000,17.991,0.000,0.000,0.000,0.000,0.000,0.000,0.000,0.000,0.000
6214,2095.448,15.890,17.977,17.977,0.000,17.977,0.000,0.000,0.000,0.000,0.000,0.000,0.000,0.000,0.000
6215,2095.829,25.297,17.963,17.963,0.000,17.962,0.000,0.000,0.000,0.000,0.000,0.000,0.000,0.000,0.000
6216,2096.209,29.334,17.948,17.948,0.000,17.948,0.000,0.000,0.000,0.000,0.000,0.000,0.000,0.000,0.000
6217,2096.590,17.852,17.934,17.934,0.000,17.933,0.000,0.000,0.000,0.000,0.000,0.000,0.000,0.000,0.000
6218,2096.970,19.186,17.919,17.919,0.000,17.919,0.000,0.000,0.000,0.000,0.000,0.000,0.000,0.000,0.000
6219,2097.351,15.260,17.904,17.904,0.000,17.904,0.000,0.000,0.000,0.000,0.000,0.000,0.000,0.000,0.000
6220,2097.732,16.630,17.890,17.890,0.000,17.890,0.000,0.000,0.000,0.000,0.000,0.000,0.000,0.000,0.000
6221,2098.112,17.408,17.875,17.875,0.000,17.875,0.000,0.000,0.000,0.000,0.000,0.000,0.000,0.000,0.000
6222,2098.493,19.816,17.861,17.861,0.000,17.860,0.000,0.000,0.000,0.000,0.000,0.000,0.000,0.000,0.000
6223,2098.874,25.112,17.846,17.846,0.000,17.846,0.000,0.000,0.000,0.000,0.000,0.000,0.000,0.000,0.000
6224,2099.255,20.556,17.832,17.832,0.000,17.831,0.000,0.000,0.000,0.000,0.000,0.000,0.000,0.000,0.000
6225,2099.636,23.630,17.817,17.817,0.000,17.817,0.000,0.000,0.000,0.000,0.000,0.000,0.000,0.000,0.000
6226,2100.017,24.482,17.803,17.803,0.000,17.802,0.000,0.000,0.000,0.000,0.000,0.000,0.000,0.000,0.000
6227,2100.398,18.704,17.788,17.788,0.000,17.788,0.000,0.000,0.000,0.000,0.000,0.000,0.000,0.000,0.000
6228,2100.779,25.778,17.774,17.774,0.000,17.773,0.000,0.000,0.000,0.000,0.000,0.000,0.000,0.000,0.000
6229,2101.161,13.297,17.759,17.759,0.000,17.759,0.000,0.000,0.000,0.000,0.000,0.000,0.000,0.000,0.000
6230,2101.542,16.556,17.744,17.744,0.000,17.744,0.000,0.000,0.000,0.000,0.000,0.000,0.000,0.000,0.000
6231,2101.923,12.001,17.730,17.730,0.000,17.729,0.000,0.000,0.000,0.000,0.000,0.000,0.000,0.000,0.000
6232,2102.305,22.926,17.715,17.715,0.000,17.715,0.000,0.000,0.000,0.000,0.000,0.000,0.000,0.000,0.000
6233,2102.686,8.630,17.701,17.701,0.000,17.700,0.000,0.000,0.000,0.000,0.000,0.000,0.000,0.000,0.000
6234,2103.068,23.482,17.686,17.686,0.000,17.686,0.000,0.000,0.000,0.000,0.000,0.000,0.000,0.000,0.000
6235,2103.449,19.852,17.672,17.672,0.000,17.671,0.000,0.000,0.000,0.000,0.000,0.000,0.000,0.000,0.000
6236,2103.831,23.704,17.657,17.657,0.000,17.657,0.000,0.000,0.000,0.000,0.000,0.000,0.000,0.000,0.000
6237,2104.213,14.630,17.643,17.643,0.000,17.642,0.000,0.000,0.000,0.000,0.000,0.000,0.000,0.000,0.000
6238,2104.595,26.926,17.628,17.628,0.000,17.628,0.000,0.000,0.000,0.000,0.000,0.000,0.000,0.000,0.000
6239,2104.976,21.075,17.613,17.613,0.000,17.613,0.000,0.000,0.000,0.000,0.000,0.000,0.000,0.000,0.000
6240,2105.358,16.482,17.599,17.599,0.000,17.599,0.000,0.000,0.000,0.000,0.000,0.000,0.000,0.000,0.000
6241,2105.740,13.001,17.584,17.584,0.000,17.584,0.000,0.000,0.000,0.000,0.000,0.000,0.000,0.000,0.000
6242,2106.122,23.816,17.570,17.570,0.000,17.569,0.000,0.000,0.000,0.000,0.000,0.000,0.000,0.000,0.000
6243,2106.504,13.630,17.555,17.555,0.000,17.555,0.000,0.000,0.000,0.000,0.000,0.000,0.000,0.000,0.000
6244,2106.887,19.075,17.541,17.541,0.000,17.540,0.000,0.000,0.000,0.000,0.000,0.000,0.000,0.000,0.000
6245,2107.269,13.038,17.526,17.526,0.000,17.526,0.000,0.000,0.000,0.000,0.000,0.000,0.000,0.000,0.000
6246,2107.651,20.038,17.512,17.512,0.000,17.511,0.000,0.000,0.000,0.000,0.000,0.000,0.000,0.000,0.000
6247,2108.034,13.260,17.497,17.497,0.000,17.497,0.000,0.000,0.000,0.000,0.000,0.000,0.000,0.000,0.000
6248,2108.416,23.149,17.483,17.483,0.000,17.482,0.000,0.000,0.000,0.000,0.000,0.000,0.000,0.000,0.000
6249,2108.798,14.297,17.468,17.468,0.000,17.468,0.000,0.000,0.000,0.000,0.000,0.000,0.000,0.000,0.000
6250,2109.181,12.260,17.453,17.453,0.000,17.453,0.000,0.000,0.000,0.000,0.000,0.000,0.000,0.000,0.000
6251,2109.564,13.926,17.439,17.439,0.000,17.438,0.000,0.000,0.000,0.000,0.000,0.000,0.000,0.000,0.000
6252,2109.946,14.704,17.424,17.424,0.000,17.424,0.000,0.000,0.000,0.000,0.000,0.000,0.000,0.000,0.000
6253,2110.329,16.556,17.410,17.410,0.000,17.409,0.000,0.000,0.000,0.000,0.000,0.000,0.000,0.000,0.000
6254,2110.712,15.445,17.395,17.395,0.000,17.395,0.000,0.000,0.000,0.000,0.000,0.000,0.000,0.000,0.000
6255,2111.095,22.334,17.381,17.381,0.000,17.380,0.000,0.000,0.000,0.000,0.000,0.000,0.000,0.000,0.000
6256,2111.478,16.260,17.366,17.366,0.000,17.366,0.000,0.000,0.000,0.000,0.000,0.000,0.000,0.000,0.000
6257,2111.861,11.926,17.352,17.352,0.000,17.351,0.000,0.000,0.000,0.000,0.000,0.000,0.000,0.000,0.000
6258,2112.244,18.742,17.337,17.337,0.000,17.337,0.000,0.000,0.000,0.000,0.000,0.000,0.000,0.000,0.000
6259,2112.627,26.816,17.322,17.322,0.000,17.322,0.000,0.000,0.000,0.000,0.000,0.000,0.000,0.000,0.000
6260,2113.010,24.334,17.308,17.308,0.000,17.308,0.000,0.000,0.000,0.000,0.000,0.000,0.000,0.000,0.000
6261,2113.393,18.556,17.293,17.293,0.000,17.293,0.000,0.000,0.000,0.000,0.000,0.000,0.000,0.000,0.000
6262,2113.777,19.038,17.280,17.279,0.000,17.280,0.000,0.000,0.000,0.000,0.000,0.000,0.000,0.000,0.000
6263,2114.160,16.001,17.267,17.264,0.000,17.266,0.000,0.000,0.000,0.000,0.000,0.000,0.000,0.000,0.000
6264,2114.543,23.334,17.252,17.250,0.000,17.252,0.000,0.000,0.000,0.000,0.000,0.000,0.000,0.000,0.000
6265,2114.927,11.334,17.237,17.235,0.000,17.237,0.000,0.000,0.000,0.000,0.000,0.000,0.000,0.000,0.000
6266,2115.310,13.297,17.223,17.221,0.000,17.223,0.000,0.000,0.000,0.000,0.000,0.000,0.000,0.000,0.000
6267,2115.694,17.149,17.208,17.206,0.000,17.208,0.000,0.000,0.000,0.000,0.000,0.000,0.000,0.000,0.000
6268,2116.078,26.778,17.194,17.192,0.000,17.194,0.000,0.000,0.000,0.000,0.000,0.000,0.000,0.000,0.000
6269,2116.462,22.704,17.179,17.177,0.000,17.179,0.000,0.000,0.000,0.000,0.000,0.000,0.000,0.000,0.000
6270,2116.845,12.852,17.165,17.162,0.000,17.164,0.000,0.000,0.000,0.000,0.000,0.000,0.000,0.000,0.000
6271,2117.229,17.297,17.150,17.148,0.000,17.150,0.000,0.000,0.000,0.000,0.000,0.000,0.000,0.000,0.000
6272,2117.613,17.556,17.136,17.133,0.000,17.135,0.000,0.000,0.000,0.000,0.000,0.000,0.000,0.000,0.000
6273,2117.997,14.704,17.121,17.119,0.000,17.121,0.000,0.000,0.000,0.000,0.000,0.000,0.000,0.000,0.000
6274,2118.381,18.852,17.107,17.104,0.000,17.106,0.000,0.000,0.000,0.000,0.000,0.000,0.000,0.000,0.000
6275,2118.765,12.778,17.092,17.090,0.000,17.092,0.000,0.000,0.000,0.000,0.000,0.000,0.000,0.000,0.000
6276,2119.150,17.408,17.078,17.075,0.000,17.077,0.000,0.000,0.000,0.000,0.000,0.000,0.000,0.000,0.000
6277,2119.534,18.445,17.063,17.061,0.000,17.063,0.000,0.000,0.000,0.000,0.000,0.000,0.000,0.000,0.000
6278,2119.918,22.556,17.049,17.046,0.000,17.048,0.000,0.000,0.000,0.000,0.000,0.000,0.000,0.000,0.000
6279,2120.303,14.704,17.034,17.031,0.000,17.034,0.000,0.000,0.000,0.000,0.000,0.000,0.000,0.000,0.000
6280,2120.687,14.408,17.020,17.017,0.000,17.019,0.000,0.000,0.000,0.000,0.000,0.000,0.000,0.000,0.000
6281,2121.072,15.186,17.005,17.002,0.000,17.005,0.000,0.000,0.000,0.000,0.000,0.000,0.000,0.000,0.000
6282,2121.456,22.334,16.990,16.988,0.000,16.990,0.000,0.000,0.000,0.000,0.000,0.000,0.000,0.000,0.000
6283,2121.841,23.482,16.976,16.973,0.000,16.976,0.000,0.000,0.000,0.000,0.000,0.000,0.000,0.000,0.000
6284,2122.226,13.260,16.961,16.959,0.000,16.961,0.000,0.000,0.000,0.000,0.000,0.000,0.000,0.000,0.000
6285,2122.610,8.519,16.947,16.944,0.000,16.947,0.000,0.000,0.000,0.000,0.000,0.000,0.000,0.000,0.000
6286,2122.995,15.001,16.932,16.930,0.000,16.932,0.000,0.000,0.000,0.000,0.000,0.000,0.000,0.000,0.000
6287,2123.380,24.926,16.918,16.915,0.000,16.918,0.000,0.000,0.000,0.000,0.000,0.000,0.000,0.000,0.000
6288,2123.765,22.926,16.903,16.901,0.000,16.903,0.000,0.000,0.000,0.000,0.000,0.000,0.000,0.000,0.000
6289,2124.150,18.334,16.889,16.886,0.000,16.888,0.000,0.000,0.000,0.000,0.000,0.000,0.000,0.000,0.000
6290,2124.535,18.630,16.874,16.871,0.000,16.874,0.000,0.000,0.000,0.000,0.000,0.000,0.000,0.000,0.000
6291,2124.920,19.408,16.860,16.857,0.000,16.859,0.000,0.000,0.000,0.000,0.000,0.000,0.000,0.000,0.000
6292,2125.306,18.149,16.845,16.842,0.000,16.845,0.000,0.000,0.000,0.000,0.000,0.000,0.000,0.000,0.000
6293,2125.691,14.926,16.831,16.828,0.000,16.830,0.000,0.000,0.000,0.000,0.000,0.000,0.000,0.000,0.000
6294,2126.076,19.630,16.816,16.813,0.000,16.816,0.000,0.000,0.000,0.000,0.000,0.000,0.000,0.000,0.000
6295,2126.462,17.556,16.802,16.799,0.000,16.801,0.000,0.000,0.000,0.000,0.000,0.000,0.000,0.000,0.000
6296,2126.847,20.778,16.787,16.784,0.000,16.787,0.000,0.000,0.000,0.000,0.000,0.000,0.000,0.000,0.000
6297,2127.233,19.852,16.773,16.770,0.000,16.772,0.000,0.000,0.000,0.000,0.000,0.000,0.000,0.000,0.000
6298,2127.618,8.001,16.758,16.755,0.000,16.758,0.000,0.000,0.000,0.000,0.000,0.000,0.000,0.000,0.000
6299,2128.004,22.852,16.744,16.740,0.000,16.743,0.000,0.000,0.000,0.000,0.000,0.000,0.000,0.000,0.000
6300,2128.390,11.704,16.729,16.726,0.000,16.729,0.000,0.000,0.000,0.000,0.000,0.000,0.000,0.000,0.000
6301,2128.776,17.926,16.715,16.711,0.000,16.714,0.000,0.000,0.000,0.000,0.000,0.000,0.000,0.000,0.000
6302,2129.161,12.149,16.700,16.697,0.000,16.700,0.000,0.000,0.000,0.000,0.000,0.000,0.000,0.000,0.000
6303,2129.547,10.594,16.686,16.682,0.000,16.685,0.000,0.000,0.000,0.000,0.000,0.000,0.000,0.000,0.000
6304,2129.933,17.556,16.671,16.668,0.000,16.671,0.000,0.000,0.000,0.000,0.000,0.000,0.000,0.000,0.000
6305,2130.319,18.371,16.656,16.653,0.000,16.656,0.000,0.000,0.000,0.000,0.000,0.000,0.000,0.000,0.000
6306,2130.706,16.852,16.642,16.639,0.000,16.642,0.000,0.000,0.000,0.000,0.000,0.000,0.000,0.000,0.000
6307,2131.092,18.482,16.627,16.624,0.000,16.627,0.000,0.000,0.000,0.000,0.000,0.000,0.000,0.000,0.000
6308,2131.478,18.408,16.613,16.610,0.000,16.613,0.000,0.000,0.000,0.000,0.000,0.000,0.000,0.000,0.000
6309,2131.864,15.075,16.598,16.595,0.000,16.598,0.000,0.000,0.000,0.000,0.000,0.000,0.000,0.000,0.000
6310,2132.251,18.001,16.584,16.580,0.000,16.584,0.000,0.000,0.000,0.000,0.000,0.000,0.000,0.000,0.000
6311,2132.637,15.075,16.569,16.566,0.000,16.569,0.000,0.000,0.000,0.000,0.000,0.000,0.000,0.000,0.000
6312,2133.024,16.556,16.555,16.551,0.000,16.555,0.000,0.000,0.000,0.000,0.000,0.000,0.000,0.000,0.000
6313,2133.410,23.482,16.540,16.537,0.000,16.540,0.000,0.000,0.000,0.000,0.000,0.000,0.000,0.000,0.000
6314,2133.797,20.371,16.526,16.522,0.000,16.525,0.000,0.000,0.000,0.000,0.000,0.000,0.000,0.000,0.000
6315,2134.184,17.001,16.511,16.508,0.000,16.511,0.000,0.000,0.000,0.000,0.000,0.000,0.000,0.000,0.000
6316,2134.571,19.334,16.497,16.493,0.000,16.496,0.000,0.000,0.000,0.000,0.000,0.000,0.000,0.000,0.000
6317,2134.957,22.260,16.482,16.479,0.000,16.482,0.000,0.000,0.000,0.000,0.000,0.000,0.000,0.000,0.000
6318,2135.344,22.260,16.468,16.464,0.000,16.467,0.000,0.000,0.000,0.000,0.000,0.000,0.000,0.000,0.000
6319,2135.731,16.594,16.453,16.449,0.000,16.453,0.000,0.000,0.000,0.000,0.000,0.000,0.000,0.000,0.000
6320,2136.118,21.408,16.439,16.435,0.000,16.438,0.000,0.000,0.000,0.000,0.000,0.000,0.000,0.000,0.000
6321,2136.506,13.297,16.424,16.420,0.000,16.424,0.000,0.000,0.000,0.000,0.000,0.000,0.000,0.000,0.000
6322,2136.893,25.593,16.410,16.406,0.000,16.409,0.000,0.000,0.000,0.000,0.000,0.000,0.000,0.000,0.000
6323,2137.280,11.778,16.395,16.391,0.000,16.395,0.000,0.000,0.000,0.000,0.000,0.000,0.000,0.000,0.000
6324,2137.667,17.149,16.381,16.377,0.000,16.380,0.000,0.000,0.000,0.000,0.000,0.000,0.000,0.000,0.000
6325,2138.055,18.778,16.366,16.362,0.000,16.366,0.000,0.000,0.000,0.000,0.000,0.000,0.000,0.000,0.000
6326,2138.442,17.112,16.352,16.348,0.000,16.351,0.000,0.000,0.000,0.000,0.000,0.000,0.000,0.000,0.000
6327,2138.830,14.778,16.337,16.333,0.000,16.337,0.000,0.000,0.000,0.000,0.000,0.000,0.000,0.000,0.000
6328,2139.217,21.593,16.323,16.319,0.000,16.322,0.000,0.000,0.000,0.000,0.000,0.000,0.000,0.000,0.000
6329,2139.605,20.556,16.308,16.304,0.000,16.308,0.000,0.000,0.000,0.000,0.000,0.000,0.000,0.000,0.000
6330,2139.993,11.186,16.294,16.289,0.000,16.293,0.000,0.000,0.000,0.000,0.000,0.000,0.000,0.000,0.000
6331,2140.380,17.001,16.279,16.275,0.000,16.279,0.000,0.000,0.000,0.000,0.000,0.000,0.000,0.000,0.000
6332,2140.768,16.630,16.265,16.260,0.000,16.264,0.000,0.000,0.000,0.000,0.000,0.000,0.000,0.000,0.000
6333,2141.156,8.630,16.250,16.246,0.000,16.250,0.000,0.000,0.000,0.000,0.000,0.000,0.000,0.000,0.000
6334,2141.544,21.963,16.236,16.231,0.000,16.235,0.000,0.000,0.000,0.000,0.000,0.000,0.000,0.000,0.000
6335,2141.932,19.186,16.221,16.217,0.000,16.221,0.000,0.000,0.000,0.000,0.000,0.000,0.000,0.000,0.000
6336,2142.320,11.297,16.207,16.202,0.000,16.206,0.000,0.000,0.000,0.000,0.000,0.000,0.000,0.000,0.000
6337,2142.709,12.001,16.192,16.188,0.000,16.192,0.000,0.000,0.000,0.000,0.000,0.000,0.000,0.000,0.000
6338,2143.097,11.667,16.178,16.173,0.000,16.177,0.000,0.000,0.000,0.000,0.000,0.000,0.000,0.000,0.000
6339,2143.485,17.001,16.163,16.158,0.000,16.163,0.000,0.000,0.000,0.000,0.000,0.000,0.000,0.000,0.000
6340,2143.873,12.852,16.149,16.144,0.000,16.148,0.000,0.000,0.000,0.000,0.000,0.000,0.000,0.000,0.000
6341,2144.262,13.371,16.134,16.129,0.000,16.134,0.000,0.000,0.000,0.000,0.000,0.000,0.000,0.000,0.000
6342,2144.650,10.556,16.119,16.115,0.000,16.119,0.000,0.000,0.000,0.000,0.000,0.000,0.000,0.000,0.000
6343,2145.039,14.297,16.105,16.100,0.000,16.105,0.000,0.000,0.000,0.000,0.000,0.000,0.000,0.000,0.000
6344,2145.428,16.852,16.090,16.086,0.000,16.090,0.000,0.000,0.000,0.000,0.000,0.000,0.000,0.000,0.000
6345,2145.816,25.001,16.076,16.071,0.000,16.076,0.000,0.000,0.000,0.000,0.000,0.000,0.000,0.000,0.000
6346,2146.205,20.778,16.061,16.057,0.000,16.061,0.000,0.000,0.000,0.000,0.000,0.000,0.000,0.000,0.000
6347,2146.594,16.482,16.047,16.042,0.000,16.047,0.000,0.000,0.000,0.000,0.000,0.000,0.000,0.000,0.000
6348,2146.983,25.630,16.032,16.028,0.000,16.032,0.000,0.000,0.000,0.000,0.000,0.000,0.000,0.000,0.000
6349,2147.372,11.630,16.018,16.013,0.000,16.018,0.000,0.000,0.000,0.000,0.000,0.000,0.000,0.000,0.000
6350,2147.761,18.297,16.003,15.998,0.000,16.003,0.000,0.000,0.000,0.000,0.000,0.000,0.000,0.000,0.000
6351,2148.150,14.852,15.989,15.984,0.000,15.989,0.000,0.000,0.000,0.000,0.000,0.000,0.000,0.000,0.000
6352,2148.539,11.778,15.974,15.969,0.000,15.974,0.000,0.000,0.000,0.000,0.000,0.000,0.000,0.000,0.000
6353,2148.928,12.556,15.960,15.955,0.000,15.960,0.000,0.000,0.000,0.000,0.000,0.000,0.000,0.000,0.000
6354,2149.318,19.297,15.945,15.940,0.000,15.945,0.000,0.000,0.000,0.000,0.000,0.000,0.000,0.000,0.000
6355,2149.707,18.297,15.931,15.926,0.000,15.931,0.000,0.000,0.000,0.000,0.000,0.000,0.000,0.000,0.000
6356,2150.097,16.223,15.916,15.911,0.000,15.916,0.000,0.000,0.000,0.000,0.000,0.000,0.000,0.000,0.000
6357,2150.486,20.371,15.902,15.897,0.000,15.902,0.000,0.000,0.000,0.000,0.000,0.000,0.000,0.000,0.000
6358,2150.876,17.778,15.887,15.882,0.000,15.887,0.000,0.000,0.000,0.000,0.000,0.000,0.000,0.000,0.000
6359,2151.265,17.223,15.873,15.867,0.000,15.873,0.000,0.000,0.000,0.000,0.000,0.000,0.000,0.000,0.000
6360,2151.655,15.630,15.858,15.853,0.000,15.858,0.000,0.000,0.000,0.000,0.000,0.000,0.000,0.000,0.000
6361,2152.045,20.149,15.844,15.838,0.000,15.844,0.000,0.000,0.000,0.000,0.000,0.000,0.000,0.000,0.000
6362,2152.435,15.149,15.829,15.824,0.000,15.829,0.000,0.000,0.000,0.000,0.000,0.000,0.000,0.000,0.000
6363,2152.825,15.001,15.815,15.809,0.000,15.815,0.000,0.000,0.000,0.000,0.000,0.000,0.000,0.000,0.000
6364,2153.215,15.075,15.800,15.795,0.000,15.800,0.000,0.000,0.000,0.000,0.000,0.000,0.000,0.000,0.000
6365,2153.605,22.778,15.786,15.780,0.000,15.786,0.000,0.000,0.000,0.000,0.000,0.000,0.000,0.000,0.000
6366,2153.995,25.149,15.771,15.766,0.000,15.771,0.000,0.000,0.000,0.000,0.000,0.000,0.000,0.000,0.000
6367,2154.385,14.593,15.757,15.751,0.000,15.757,0.000,0.000,0.000,0.000,0.000,0.000,0.000,0.000,0.000
6368,2154.775,22.593,15.742,15.737,0.000,15.742,0.000,0.000,0.000,0.000,0.000,0.000,0.000,0.000,0.000
6369,2155.166,18.852,15.728,15.722,0.000,15.728,0.000,0.000,0.000,0.000,0.000,0.000,0.000,0.000,0.000
6370,2155.556,18.926,15.713,15.707,0.000,15.713,0.000,0.000,0.000,0.000,0.000,0.000,0.000,0.000,0.000
6371,2155.947,20.075,15.699,15.693,0.000,15.699,0.000,0.000,0.000,0.000,0.000,0.000,0.000,0.000,0.000
6372,2156.337,15.852,15.684,15.678,0.000,15.684,0.000,0.000,0.000,0.000,0.000,0.000,0.000,0.000,0.000
6373,2156.728,13.149,15.670,15.664,0.000,15.670,0.000,0.000,0.000,0.000,0.000,0.000,0.000,0.000,0.000
6374,2157.118,19.297,15.656,15.649,0.000,15.655,0.000,0.000,0.000,0.000,0.000,0.000,0.000,0.000,0.000
6375,2157.509,16.371,15.641,15.635,0.000,15.641,0.000,0.000,0.000,0.000,0.000,0.000,0.000,0.000,0.000
6376,2157.900,13.001,15.627,15.620,0.000,15.626,0.000,0.000,0.000,0.000,0.000,0.000,0.000,0.000,0.000
6377,2158.291,16.223,15.612,15.606,0.000,15.612,0.000,0.000,0.000,0.000,0.000,0.000,0.000,0.000,0.000
6378,2158.682,21.815,15.598,15.591,0.000,15.597,0.000,0.000,0.000,0.000,0.000,0.000,0.000,0.000,0.000
6379,2159.073,15.704,15.583,15.576,0.000,15.583,0.000,0.000,0.000,0.000,0.000,0.000,0.000,0.000,0.000
6380,2159.464,22.149,15.569,15.562,0.000,15.568,0.000,0.000,0.000,0.000,0.000,0.000,0.000,0.000,0.000
6381,2159.855,10.630,15.554,15.547,0.000,15.554,0.000,0.000,0.000,0.000,0.000,0.000,0.000,0.000,0.000
6382,2160.246,13.852,15.540,15.533,0.000,15.539,0.000,0.000,0.000,0.000,0.000,0.000,0.000,0.000,0.000
6383,2160.637,15.334,15.525,15.518,0.000,15.525,0.000,0.000,0.000,0.000,0.000,0.000,0.000,0.000,0.000
6384,2161.029,18.297,15.511,15.504,0.000,15.510,0.000,0.000,0.000,0.000,0.000,0.000,0.000,0.000,0.000
6385,2161.420,20.223,15.496,15.489,0.000,15.496,0.000,0.000,0.000,0.000,0.000,0.000,0.000,0.000,0.000
6386,2161.812,16.223,15.482,15.475,0.000,15.481,0.000,0.000,0.000,0.000,0.000,0.000,0.000,0.000,0.000
6387,2162.203,17.445,15.467,15.460,0.000,15.467,0.000,0.000,0.000,0.000,0.000,0.000,0.000,0.000,0.000
6388,2162.595,15.149,15.453,15.446,0.000,15.452,0.000,0.000,0.000,0.000,0.000,0.000,0.000,0.000,0.000
6389,2162.987,17.889,15.438,15.431,0.000,15.438,0.000,0.000,0.000,0.000,0.000,0.000,0.000,0.000,0.000
6390,2163.378,10.778,15.424,15.416,0.000,15.423,0.000,0.000,0.000,0.000,0.000,0.000,0.000,0.000,0.000
6391,2163.770,15.667,15.409,15.402,0.000,15.409,0.000,0.000,0.000,0.000,0.000,0.000,0.000,0.000,0.000
6392,2164.162,21.297,15.395,15.387,0.000,15.394,0.000,0.000,0.000,0.000,0.000,0.000,0.000,0.000,0.000
6393,2164.554,17.223,15.380,15.373,0.000,15.380,0.000,0.000,0.000,0.000,0.000,0.000,0.000,0.000,0.000
6394,2164.946,16.001,15.366,15.358,0.000,15.365,0.000,0.000,0.000,0.000,0.000,0.000,0.000,0.000,0.000
6395,2165.338,14.297,15.351,15.344,0.000,15.351,0.000,0.000,0.000,0.000,0.000,0.000,0.000,0.000,0.000
6396,2165.730,15.445,15.337,15.329,0.000,15.337,0.000,0.000,0.000,0.000,0.000,0.000,0.000,0.000,0.000
6397,2166.123,21.593,15.322,15.315,0.000,15.322,0.000,0.000,0.000,0.000,0.000,0.000,0.000,0.000,0.000
6398,2166.515,15.001,15.308,15.300,0.000,15.308,0.000,0.000,0.000,0.000,0.000,0.000,0.000,0.000,0.000
6399,2166.907,16.593,15.293,15.286,0.000,15.293,0.000,0.000,0.000,0.000,0.000,0.000,0.000,0.000,0.000
6400,2167.300,26.297,15.279,15.271,0.000,15.279,0.000,0.000,0.000,0.000,0.000,0.000,0.000,0.000,0.000
6401,2167.692,5.075,15.264,15.256,0.000,15.264,0.000,0.000,0.000,0.000,0.000,0.000,0.000,0.000,0.000
6402,2168.085,11.149,15.250,15.242,0.000,15.250,0.000,0.000,0.000,0.000,0.000,0.000,0.000,0.000,0.000
6403,2168.477,15.075,15.235,15.227,0.000,15.235,0.000,0.000,0.000,0.000,0.000,0.000,0.000,0.000,0.000
6404,2168.870,16.593,15.221,15.213,0.000,15.221,0.000,0.000,0.000,0.000,0.000,0.000,0.000,0.000,0.000
6405,2169.263,14.223,15.207,15.198,0.000,15.206,0.000,0.000,0.000,0.000,0.000,0.000,0.000,0.000,0.000
6406,2169.656,13.149,15.192,15.184,0.000,15.192,0.000,0.000,0.000,0.000,0.000,0.000,0.000,0.000,0.000
6407,2170.049,28.223,15.178,15.169,0.000,15.177,0.000,0.000,0.000,0.000,0.000,0.000,0.000,0.000,0.000
6408,2170.442,19.482,15.163,15.155,0.000,15.163,0.000,0.000,0.000,0.000,0.000,0.000,0.000,0.000,0.000
6409,2170.835,15.149,15.149,15.140,0.000,15.148,0.000,0.000,0.000,0.000,0.000,0.000,0.000,0.000,0.000
6410,2171.228,18.371,15.134,15.125,0.000,15.134,0.000,0.000,0.000,0.000,0.000,0.000,0.000,0.000,0.000
6411,2171.621,19.593,15.120,15.111,0.000,15.119,0.000,0.000,0.000,0.000,0.000,0.000,0.000,0.000,0.000
6412,2172.015,22.667,15.105,15.096,0.000,15.105,0.000,0.000,0.000,0.000,0.000,0.000,0.000,0.000,0.000
6413,2172.408,20.149,15.091,15.082,0.000,15.090,0.000,0.000,0.000,0.000,0.000,0.000,0.000,0.000,0.000
6414,2172.801,23.149,15.076,15.067,0.000,15.076,0.000,0.000,0.000,0.000,0.000,0.000,0.000,0.000,0.000
6415,2173.195,12.445,15.062,15.053,0.000,15.062,0.000,0.000,0.000,0.000,0.000,0.000,0.000,0.000,0.000
6416,2173.588,20.741,15.047,15.038,0.000,15.047,0.000,0.000,0.000,0.000,0.000,0.000,0.000,0.000,0.000
6417,2173.982,11.593,15.033,15.024,0.000,15.033,0.000,0.000,0.000,0.000,0.000,0.000,0.000,0.000,0.000
6418,2174.376,11.704,15.018,15.009,0.000,15.018,0.000,0.000,0.000,0.000,0.000,0.000,0.000,0.000,0.000
6419,2174.770,20.075,15.004,14.995,0.000,15.004,0.000,0.000,0.000,0.000,0.000,0.000,0.000,0.000,0.000
6420,2175.163,21.593,14.990,14.980,0.000,14.989,0.000,0.000,0.000,0.000,0.000,0.000,0.000,0.000,0.000
6421,2175.557,14.741,14.975,14.965,0.000,14.975,0.000,0.000,0.000,0.000,0.000,0.000,0.000,0.000,0.000
6422,2175.951,12.149,14.961,14.951,0.000,14.960,0.000,0.000,0.000,0.000,0.000,0.000,0.000,0.000,0.000
6423,2176.345,12.297,14.946,14.936,0.000,14.946,0.000,0.000,0.000,0.000,0.000,0.000,0.000,0.000,0.000
6424,2176.739,12.963,14.932,14.922,0.000,14.931,0.000,0.000,0.000,0.000,0.000,0.000,0.000,0.000,0.000
6425,2177.134,15.741,14.917,14.907,0.000,14.917,0.000,0.000,0.000,0.000,0.000,0.000,0.000,0.000,0.000
6426,2177.528,13.704,14.903,14.893,0.000,14.902,0.000,0.000,0.000,0.000,0.000,0.000,0.000,0.000,0.000
6427,2177.922,20.149,14.888,14.878,0.000,14.888,0.000,0.000,0.000,0.000,0.000,0.000,0.000,0.000,0.000
6428,2178.317,16.371,14.874,14.864,0.000,14.874,0.000,0.000,0.000,0.000,0.000,0.000,0.000,0.000,0.000
6429,2178.711,17.297,14.859,14.849,0.000,14.859,0.000,0.000,0.000,0.000,0.000,0.000,0.000,0.000,0.000
6430,2179.106,10.926,14.845,14.834,0.000,14.845,0.000,0.000,0.000,0.000,0.000,0.000,0.000,0.000,0.000
6431,2179.500,20.075,14.831,14.820,0.000,14.830,0.000,0.000,0.000,0.000,0.000,0.000,0.000,0.000,0.000
6432,2179.895,21.223,14.816,14.805,0.000,14.816,0.000,0.000,0.000,0.000,0.000,0.000,0.000,0.000,0.000
6433,2180.290,7.593,14.802,14.791,0.000,14.801,0.000,0.000,0.000,0.000,0.000,0.000,0.000,0.000,0.000
6434,2180.685,19.149,14.787,14.776,0.000,14.787,0.000,0.000,0.000,0.000,0.000,0.000,0.000,0.000,0.000
6435,2181.079,15.075,14.773,14.762,0.000,14.772,0.000,0.000,0.000,0.000,0.000,0.000,0.000,0.000,0.000
6436,2181.474,9.223,14.758,14.747,0.000,14.758,0.000,0.000,0.000,0.000,0.000,0.000,0.000,0.000,0.000
6437,2181.869,18.445,14.744,14.733,0.000,14.744,0.000,0.000,0.000,0.000,0.000,0.000,0.000,0.000,0.000
6438,2182.265,18.149,14.729,14.718,0.000,14.729,0.000,0.000,0.000,0.000,0.000,0.000,0.000,0.000,0.000
6439,2182.660,26.445,14.715,14.704,0.000,14.715,0.000,0.000,0.000,0.000,0.000,0.000,0.000,0.000,0.000
6440,2183.055,18.593,14.701,14.689,0.000,14.700,0.000,0.000,0.000,0.000,0.000,0.000,0.000,0.000,0.000
6441,2183.450,16.926,14.686,14.674,0.000,14.686,0.000,0.000,0.000,0.000,0.000,0.000,0.000,0.000,0.000
6442,2183.846,13.593,14.672,14.660,0.000,14.671,0.000,0.000,0.000,0.000,0.000,0.000,0.000,0.000,0.000
6443,2184.241,14.593,14.657,14.645,0.000,14.657,0.000,0.000,0.000,0.000,0.000,0.000,0.000,0.000,0.000
6444,2184.637,21.223,14.643,14.631,0.000,14.642,0.000,0.000,0.000,0.000,0.000,0.000,0.000,0.000,0.000
6445,2185.032,13.741,14.628,14.616,0.000,14.628,0.000,0.000,0.000,0.000,0.000,0.000,0.000,0.000,0.000
6446,2185.428,14.815,14.614,14.602,0.000,14.614,0.000,0.000,0.000,0.000,0.000,0.000,0.000,0.000,0.000
6447,2185.824,14.037,14.599,14.587,0.000,14.599,0.000,0.000,0.000,0.000,0.000,0.000,0.000,0.000,0.000
6448,2186.220,16.445,14.585,14.573,0.000,14.585,0.000,0.000,0.000,0.000,0.000,0.000,0.000,0.000,0.000
6449,2186.615,15.926,14.571,14.558,0.000,14.570,0.000,0.000,0.000,0.000,0.000,0.000,0.000,0.000,0.000
6450,2187.011,21.371,14.556,14.543,0.000,14.556,0.000,0.000,0.000,0.000,0.000,0.000,0.000,0.000,0.000
6451,2187.407,23.630,14.542,14.529,0.000,14.541,0.000,0.000,0.000,0.000,0.000,0.000,0.000,0.000,0.000
6452,2187.804,29.519,14.527,14.514,0.000,14.527,0.000,0.000,0.000,0.000,0.000,0.000,0.000,0.000,0.000
6453,2188.200,16.741,14.513,14.500,0.000,14.513,0.000,0.000,0.000,0.000,0.000,0.000,0.000,0.000,0.000
6454,2188.596,26.741,14.498,14.485,0.000,14.498,0.000,0.000,0.000,0.000,0.000,0.000,0.000,0.000,0.000
6455,2188.992,17.445,14.484,14.471,0.000,14.484,0.000,0.000,0.000,0.000,0.000,0.000,0.000,0.000,0.000
6456,2189.389,19.037,14.470,14.456,0.000,14.469,0.000,0.000,0.000,0.000,0.000,0.000,0.000,0.000,0.000
6457,2189.785,14.889,14.455,14.442,0.000,14.455,0.000,0.000,0.000,0.000,0.000,0.000,0.000,0.000,0.000
6458,2190.182,21.185,14.441,14.427,0.000,14.440,0.000,0.000,0.000,0.000,0.000,0.000,0.000,0.000,0.000
6459,2190.578,13.889,14.426,14.413,0.000,14.426,0.000,0.000,0.000,0.000,0.000,0.000,0.000,0.000,0.000
6460,2190.975,23.297,14.412,14.398,0.000,14.412,0.000,0.000,0.000,0.000,0.000,0.000,0.000,0.000,0.000
6461,2191.372,11.149,14.397,14.383,0.000,14.397,0.000,0.000,0.000,0.000,0.000,0.000,0.000,0.000,0.000
6462,2191.769,19.667,14.383,14.369,0.000,14.383,0.000,0.000,0.000,0.000,0.000,0.000,0.000,0.000,0.000
6463,2192.165,10.371,14.369,14.354,0.000,14.368,0.000,0.000,0.000,0.000,0.000,0.000,0.000,0.000,0.000
6464,2192.562,20.963,14.354,14.340,0.000,14.354,0.000,0.000,0.000,0.000,0.000,0.000,0.000,0.000,0.000
6465,2192.959,13.815,14.340,14.325,0.000,14.339,0.000,0.000,0.000,0.000,0.000,0.000,0.000,0.000,0.000
6466,2193.357,16.223,14.325,14.311,0.000,14.325,0.000,0.000,0.000,0.000,0.000,0.000,0.000,0.000,0.000
6467,2193.754,13.815,14.311,14.296,0.000,14.311,0.000,0.000,0.000,0.000,0.000,0.000,0.000,0.000,0.000
6468,2194.151,22.149,14.297,14.282,0.000,14.296,0.000,0.000,0.000,0.000,0.000,0.000,0.000,0.000,0.000
6469,2194.548,13.815,14.282,14.267,0.000,14.282,0.000,0.000,0.000,0.000,0.000,0.000,0.000,0.000,0.000
6470,2194.946,21.667,14.268,14.252,0.000,14.267,0.000,0.000,0.000,0.000,0.000,0.000,0.000,0.000,0.000
6471,2195.343,21.741,14.253,14.238,0.000,14.253,0.000,0.000,0.000,0.000,0.000,0.000,0.000,0.000,0.000
6472,2195.741,13.963,14.239,14.223,0.000,14.239,0.000,0.000,0.000,0.000,0.000,0.000,0.000,0.000,0.000
6473,2196.138,18.223,14.224,14.209,0.000,14.224,0.000,0.000,0.000,0.000,0.000,0.000,0.000,0.000,0.000
6474,2196.536,12.889,14.210,14.194,0.000,14.210,0.000,0.000,0.000,0.000,0.000,0.000,0.000,0.000,0.000
6475,2196.934,11.593,14.196,14.180,0.000,14.195,0.000,0.000,0.000,0.000,0.000,0.000,0.000,0.000,0.000
6476,2197.332,18.593,14.181,14.165,0.000,14.181,0.000,0.000,0.000,0.000,0.000,0.000,0.000,0.000,0.000
6477,2197.729,14.297,14.167,14.151,0.000,14.167,0.000,0.000,0.000,0.000,0.000,0.000,0.000,0.000,0.000
6478,2198.127,12.223,14.152,14.136,0.000,14.152,0.000,0.000,0.000,0.000,0.000,0.000,0.000,0.000,0.000
6479,2198.525,12.963,14.138,14.122,0.000,14.138,0.000,0.000,0.000,0.000,0.000,0.000,0.000,0.000,0.000
6480,2198.924,17.371,14.124,14.107,0.000,14.123,0.000,0.000,0.000,0.000,0.000,0.000,0.000,0.000,0.000
6481,2199.322,13.445,14.109,14.092,0.000,14.109,0.000,0.000,0.000,0.000,0.000,0.000,0.000,0.000,0.000
6482,2199.720,14.371,14.095,14.078,0.000,14.095,0.000,0.000,0.000,0.000,0.000,0.000,0.000,0.000,0.000
6483,2200.118,15.519,14.080,14.063,0.000,14.080,0.000,0.000,0.000,0.000,0.000,0.000,0.000,0.000,0.000
6484,2200.517,15.445,14.066,14.049,0.000,14.066,0.000,0.000,0.000,0.000,0.000,0.000,0.000,0.000,0.000
6485,2200.915,23.037,14.052,14.034,0.000,14.051,0.000,0.000,0.000,0.000,0.000,0.000,0.000,0.000,0.000
6486,2201.314,20.075,14.037,14.020,0.000,14.037,0.000,0.000,0.000,0.000,0.000,0.000,0.000,0.000,0.000
6487,2201.712,9.001,14.023,14.005,0.000,14.023,0.000,0.000,0.000,0.000,0.000,0.000,0.000,0.000,0.000
6488,2202.111,22.963,14.009,13.991,0.000,14.008,0.000,0.000,0.000,0.000,0.000,0.000,0.000,0.000,0.000
6489,2202.510,21.667,13.994,13.976,0.000,13.994,0.000,0.000,0.000,0.000,0.000,0.000,0.000,0.000,0.000
6490,2202.909,21.519,13.980,13.961,0.000,13.979,0.000,0.000,0.000,0.000,0.000,0.000,0.000,0.000,0.000
6491,2203.308,17.815,13.965,13.947,0.000,13.965,0.000,0.000,0.000,0.000,0.000,0.000,0.000,0.000,0.000
6492,2203.707,11.593,13.951,13.932,0.000,13.951,0.000,0.000,0.000,0.000,0.000,0.000,0.000,0.000,0.000
6493,2204.106,18.889,13.937,13.918,0.000,13.936,0.000,0.000,0.000,0.000,0.000,0.000,0.000,0.000,0.000
6494,2204.505,21.889,13.922,13.903,0.000,13.922,0.000,0.000,0.000,0.000,0.000,0.000,0.000,0.000,0.000
6495,2204.904,22.815,13.908,13.889,0.000,13.908,0.000,0.000,0.000,0.000,0.000,0.000,0.000,0.000,0.000
6496,2205.303,13.741,13.894,13.874,0.000,13.893,0.000,0.000,0.000,0.000,0.000,0.000,0.000,0.000,0.000
6497,2205.703,15.667,13.879,13.860,0.000,13.879,0.000,0.000,0.000,0.000,0.000,0.000,0.000,0.000,0.000
6498,2206.102,16.297,13.865,13.845,0.000,13.865,0.000,0.000,0.000,0.000,0.000,0.000,0.000,0.000,0.000
6499,2206.502,19.445,13.850,13.831,0.000,13.850,0.000,0.000,0.000,0.000,0.000,0.000,0.000,0.000,0.000
6500,2206.901,15.445,13.836,13.816,0.000,13.836,0.000,0.000,0.000,0.000,0.000,0.000,0.000,0.000,0.000
6501,2207.301,16.297,13.822,13.801,0.000,13.821,0.000,0.000,0.000,0.000,0.000,0.000,0.000,0.000,0.000
6502,2207.701,19.593,13.807,13.787,0.000,13.807,0.000,0.000,0.000,0.000,0.000,0.000,0.000,0.000,0.000
6503,2208.100,15.445,13.793,13.772,0.000,13.793,0.000,0.000,0.000,0.000,0.000,0.000,0.000,0.000,0.000
6504,2208.500,15.185,13.779,13.758,0.000,13.778,0.000,0.000,0.000,0.000,0.000,0.000,0.000,0.000,0.000
6505,2208.900,11.741,13.764,13.743,0.000,13.764,0.000,0.000,0.000,0.000,0.000,0.000,0.000,0.000,0.000
6506,2209.300,11.185,13.750,13.729,0.000,13.750,0.000,0.000,0.000,0.000,0.000,0.000,0.000,0.000,0.000
6507,2209.700,16.519,13.736,13.714,0.000,13.735,0.000,0.000,0.000,0.000,0.000,0.000,0.000,0.000,0.000
6508,2210.101,19.593,13.721,13.700,0.000,13.721,0.000,0.000,0.000,0.000,0.000,0.000,0.000,0.000,0.000
6509,2210.501,11.149,13.707,13.685,0.000,13.707,0.000,0.000,0.000,0.000,0.000,0.000,0.000,0.000,0.000
6510,2210.901,18.741,13.693,13.670,0.000,13.692,0.000,0.000,0.000,0.000,0.000,0.000,0.000,0.000,0.000
6511,2211.301,16.297,13.678,13.656,0.000,13.678,0.000,0.000,0.000,0.000,0.000,0.000,0.000,0.000,0.000
6512,2211.702,18.111,13.664,13.641,0.000,13.664,0.000,0.000,0.000,0.000,0.000,0.000,0.000,0.000,0.000
6513,2212.102,11.185,13.649,13.627,0.000,13.649,0.000,0.000,0.000,0.000,0.000,0.000,0.000,0.000,0.000
6514,2212.503,21.445,13.635,13.612,0.000,13.635,0.000,0.000,0.000,0.000,0.000,0.000,0.000,0.000,0.000
6515,2212.904,22.297,13.621,13.598,0.000,13.621,0.000,0.000,0.000,0.000,0.000,0.000,0.000,0.000,0.000
6516,2213.305,15.667,13.606,13.583,0.000,13.606,0.000,0.000,0.000,0.000,0.000,0.000,0.000,0.000,0.000
6517,2213.705,27.037,13.592,13.569,0.000,13.592,0.000,0.000,0.000,0.000,0.000,0.000,0.000,0.000,0.000
6518,2214.106,11.297,13.578,13.554,0.000,13.578,0.000,0.000,0.000,0.000,0.000,0.000,0.000,0.000,0.000
6519,2214.507,17.519,13.563,13.540,0.000,13.563,0.000,0.000,0.000,0.000,0.000,0.000,0.000,0.000,0.000
6520,2214.908,15.889,13.549,13.525,0.000,13.549,0.000,0.000,0.000,0.000,0.000,0.000,0.000,0.000,0.000
6521,2215.309,11.075,13.535,13.510,0.000,13.535,0.000,0.000,0.000,0.000,0.000,0.000,0.000,0.000,0.000
6522,2215.711,20.741,13.521,13.496,0.000,13.520,0.000,0.000,0.000,0.000,0.000,0.000,0.000,0.000,0.000
6523,2216.112,20.223,13.506,13.481,0.000,13.506,0.000,0.000,0.000,0.000,0.000,0.000,0.000,0.000,0.000
6524,2216.513,13.445,13.492,13.467,0.000,13.492,0.000,0.000,0.000,0.000,0.000,0.000,0.000,0.000,0.000
6525,2216.915,15.815,13.478,13.452,0.000,13.477,0.000,0.000,0.000,0.000,0.000,0.000,0.000,0.000,0.000
6526,2217.316,10.075,13.463,13.438,0.000,13.463,0.000,0.000,0.000,0.000,0.000,0.000,0.000,0.000,0.000
6527,2217.718,17.815,13.449,13.423,0.000,13.449,0.000,0.000,0.000,0.000,0.000,0.000,0.000,0.000,0.000
6528,2218.119,15.889,13.435,13.409,0.000,13.434,0.000,0.000,0.000,0.000,0.000,0.000,0.000,0.000,0.000
6529,2218.521,14.741,13.420,13.394,0.000,13.420,0.000,0.000,0.000,0.000,0.000,0.000,0.000,0.000,0.000
6530,2218.923,14.667,13.406,13.379,0.000,13.406,0.000,0.000,0.000,0.000,0.000,0.000,0.000,0.000,0.000
6531,2219.325,16.741,13.392,13.365,0.000,13.391,0.000,0.000,0.000,0.000,0.000,0.000,0.000,0.000,0.000
6532,2219.727,16.223,13.377,13.350,0.000,13.377,0.000,0.000,0.000,0.000,0.000,0.000,0.000,0.000,0.000
6533,2220.129,18.371,13.363,13.336,0.000,13.363,0.000,0.000,0.000,0.000,0.000,0.000,0.000,0.000,0.000
6534,2220.531,20.889,13.349,13.321,0.000,13.349,0.000,0.000,0.000,0.000,0.000,0.000,0.000,0.000,0.000
6535,2220.933,22.741,13.335,13.307,0.000,13.334,0.000,0.000,0.000,0.000,0.000,0.000,0.000,0.000,0.000
6536,2221.335,15.037,13.320,13.292,0.000,13.320,0.000,0.000,0.000,0.000,0.000,0.000,0.000,0.000,0.000
6537,2221.738,15.519,13.306,13.278,0.000,13.306,0.000,0.000,0.000,0.000,0.000,0.000,0.000,0.000,0.000
6538,2222.140,14.963,13.292,13.263,0.000,13.291,0.000,0.000,0.000,0.000,0.000,0.000,0.000,0.000,0.000
6539,2222.543,14.519,13.277,13.249,0.000,13.277,0.000,0.000,0.000,0.000,0.000,0.000,0.000,0.000,0.000
6540,2222.945,16.519,13.263,13.234,0.000,13.263,0.000,0.000,0.000,0.000,0.000,0.000,0.000,0.000,0.000
6541,2223.348,15.445,13.249,13.219,0.000,13.249,0.000,0.000,0.000,0.000,0.000,0.000,0.000,0.000,0.000
6542,2223.750,18.185,13.235,13.205,0.000,13.234,0.000,0.000,0.000,0.000,0.000,0.000,0.000,0.000,0.000
6543,2224.153,15.149,13.220,13.190,0.000,13.220,0.000,0.000,0.000,0.000,0.000,0.000,0.000,0.000,0.000
6544,2224.556,19.556,13.206,13.176,0.000,13.206,0.000,0.000,0.000,0.000,0.000,0.000,0.000,0.000,0.000
6545,2224.959,16.741,13.192,13.161,0.000,13.191,0.000,0.000,0.000,0.000,0.000,0.000,0.000,0.000,0.000
6546,2225.362,10.445,13.177,13.147,0.000,13.177,0.000,0.000,0.000,0.000,0.000,0.000,0.000,0.000,0.000
6547,2225.765,18.259,13.163,13.132,0.000,13.163,0.000,0.000,0.000,0.000,0.000,0.000,0.000,0.000,0.000
6548,2226.168,11.593,13.149,13.118,0.000,13.149,0.000,0.000,0.000,0.000,0.000,0.000,0.000,0.000,0.000
6549,2226.571,24.037,13.135,13.103,0.000,13.134,0.000,0.000,0.000,0.000,0.000,0.000,0.000,0.000,0.000
6550,2226.975,9.075,13.120,13.088,0.000,13.120,0.000,0.000,0.000,0.000,0.000,0.000,0.000,0.000,0.000
6551,2227.378,13.185,13.106,13.074,0.000,13.106,0.000,0.000,0.000,0.000,0.000,0.000,0.000,0.000,0.000
6552,2227.782,16.889,13.092,13.059,0.000,13.092,0.000,0.000,0.000,0.000,0.000,0.000,0.000,0.000,0.000
6553,2228.185,19.815,13.078,13.045,0.000,13.077,0.000,0.000,0.000,0.000,0.000,0.000,0.000,0.000,0.000
6554,2228.589,16.889,13.063,13.030,0.000,13.063,0.000,0.000,0.000,0.000,0.000,0.000,0.000,0.000,0.000
6555,2228.992,11.371,13.049,13.016,0.000,13.049,0.000,0.000,0.000,0.000,0.000,0.000,0.000,0.000,0.000
6556,2229.396,19.593,13.035,13.001,0.000,13.035,0.000,0.000,0.000,0.000,0.000,0.000,0.000,0.000,0.000
6557,2229.800,21.259,13.021,12.987,0.000,13.020,0.000,0.000,0.000,0.000,0.000,0.000,0.000,0.000,0.000
6558,2230.204,23.704,13.006,12.972,0.000,13.006,0.000,0.000,0.000,0.000,0.000,0.000,0.000,0.000,0.000
6559,2230.608,16.593,12.992,12.958,0.000,12.992,0.000,0.000,0.000,0.000,0.000,0.000,0.000,0.000,0.000
6560,2231.012,15.297,12.978,12.943,0.000,12.978,0.000,0.000,0.000,0.000,0.000,0.000,0.000,0.000,0.000
6561,2231.416,13.037,12.964,12.928,0.000,12.963,0.000,0.000,0.000,0.000,0.000,0.000,0.000,0.000,0.000
6562,2231.820,10.297,12.950,12.914,0.000,12.949,0.000,0.000,0.000,0.000,0.000,0.000,0.000,0.000,0.000
6563,2232.225,15.926,12.935,12.899,0.000,12.935,0.000,0.000,0.000,0.000,0.000,0.000,0.000,0.000,0.000
6564,2232.629,20.259,12.921,12.885,0.000,12.921,0.000,0.000,0.000,0.000,0.000,0.000,0.000,0.000,0.000
6565,2233.033,17.889,12.907,12.870,0.000,12.907,0.000,0.000,0.000,0.000,0.000,0.000,0.000,0.000,0.000
6566,2233.438,18.667,12.893,12.856,0.000,12.892,0.000,0.000,0.000,0.000,0.000,0.000,0.000,0.000,0.000
6567,2233.842,18.963,12.878,12.841,0.000,12.878,0.000,0.000,0.000,0.000,0.000,0.000,0.000,0.000,0.000
6568,2234.247,8.667,12.864,12.827,0.000,12.864,0.000,0.000,0.000,0.000,0.000,0.000,0.000,0.000,0.000
6569,2234.652,17.815,12.850,12.812,0.000,12.850,0.000,0.000,0.000,0.000,0.000,0.000,0.000,0.000,0.000
6570,2235.057,18.593,12.836,12.798,0.000,12.836,0.000,0.000,0.000,0.000,0.000,0.000,0.000,0.000,0.000
6571,2235.462,22.593,12.822,12.783,0.000,12.821,0.000,0.000,0.000,0.000,0.000,0.000,0.000,0.000,0.000
6572,2235.867,17.593,12.807,12.768,0.000,12.807,0.000,0.000,0.000,0.000,0.000,0.000,0.000,0.000,0.000
6573,2236.272,7.815,12.793,12.754,0.000,12.793,0.000,0.000,0.000,0.000,0.000,0.000,0.000,0.000,0.000
6574,2236.677,25.889,12.779,12.739,0.000,12.779,0.000,0.000,0.000,0.000,0.000,0.000,0.000,0.000,0.000
6575,2237.082,7.519,12.765,12.725,0.000,12.765,0.000,0.000,0.000,0.000,0.000,0.000,0.000,0.000,0.000
6576,2237.487,14.185,12.751,12.710,0.000,12.750,0.000,0.000,0.000,0.000,0.000,0.000,0.000,0.000,0.000
6577,2237.893,12.075,12.737,12.696,0.000,12.736,0.000,0.000,0.000,0.000,0.000,0.000,0.000,0.000,0.000
6578,2238.298,15.037,12.722,12.681,0.000,12.722,0.000,0.000,0.000,0.000,0.000,0.000,0.000,0.000,0.000
6579,2238.704,15.815,12.708,12.667,0.000,12.708,0.000,0.000,0.000,0.000,0.000,0.000,0.000,0.000,0.000
6580,2239.109,6.297,12.694,12.652,0.000,12.694,0.000,0.000,0.000,0.000,0.000,0.000,0.000,0.000,0.000
6581,2239.515,18.185,12.680,12.637,0.000,12.680,0.000,0.000,0.000,0.000,0.000,0.000,0.000,0.000,0.000
6582,2239.921,10.371,12.666,12.623,0.000,12.666,0.000,0.000,0.000,0.000,0.000,0.000,0.000,0.000,0.000
6583,2240.326,21.519,12.652,12.608,0.000,12.651,0.000,0.000,0.000,0.000,0.000,0.000,0.000,0.000,0.000
6584,2240.732,22.963,12.637,12.594,0.000,12.637,0.000,0.000,0.000,0.000,0.000,0.000,0.000,0.000,0.000
6585,2241.138,7.519,12.623,12.579,0.000,12.623,0.000,0.000,0.000,0.000,0.000,0.000,0.000,0.000,0.000
6586,2241.544,21.519,12.609,12.565,0.000,12.609,0.000,0.000,0.000,0.000,0.000,0.000,0.000,0.000,0.000
6587,2241.950,11.815,12.595,12.550,0.000,12.595,0.000,0.000,0.000,0.000,0.000,0.000,0.000,0.000,0.000
6588,2242.357,9.963,12.581,12.536,0.000,12.581,0.000,0.000,0.000,0.000,0.000,0.000,0.000,0.000,0.000
6589,2242.763,7.445,12.567,12.521,0.000,12.567,0.000,0.000,0.000,0.000,0.000,0.000,0.000,0.000,0.000
6590,2243.169,15.815,12.553,12.507,0.000,12.552,0.000,0.000,0.000,0.000,0.000,0.000,0.000,0.000,0.000
6591,2243.576,14.741,12.539,12.492,0.000,12.538,0.000,0.000,0.000,0.000,0.000,0.000,0.000,0.000,0.000
6592,2243.982,16.889,12.524,12.477,0.000,12.524,0.000,0.000,0.000,0.000,0.000,0.000,0.000,0.000,0.000
6593,2244.389,18.445,12.510,12.463,0.000,12.510,0.000,0.000,0.000,0.000,0.000,0.000,0.000,0.000,0.000
6594,2244.796,14.371,12.496,12.448,0.000,12.496,0.000,0.000,0.000,0.000,0.000,0.000,0.000,0.000,0.000
6595,2245.202,17.667,12.482,12.434,0.000,12.482,0.000,0.000,0.000,0.000,0.000,0.000,0.000,0.000,0.000
6596,2245.609,12.445,12.468,12.419,0.000,12.468,0.000,0.000,0.000,0.000,0.000,0.000,0.000,0.000,0.000
6597,2246.016,22.334,12.454,12.405,0.000,12.454,0.000,0.000,0.000,0.000,0.000,0.000,0.000,0.000,0.000
6598,2246.423,13.815,12.440,12.390,0.000,12.440,0.000,0.000,0.000,0.000,0.000,0.000,0.000,0.000,0.000
6599,2246.830,23.593,12.426,12.376,0.000,12.425,0.000,0.000,0.000,0.000,0.000,0.000,0.000,0.000,0.000
6600,2247.237,8.445,12.412,12.361,0.000,12.411,0.000,0.000,0.000,0.000,0.000,0.000,0.000,0.000,0.000
6601,2247.644,15.667,12.398,12.346,0.000,12.397,0.000,0.000,0.000,0.000,0.000,0.000,0.000,0.000,0.000
6602,2248.052,11.593,12.384,12.332,0.000,12.383,0.000,0.000,0.000,0.000,0.000,0.000,0.000,0.000,0.000
6603,2248.459,18.519,12.369,12.317,0.000,12.369,0.000,0.000,0.000,0.000,0.000,0.000,0.000,0.000,0.000
6604,2248.867,16.593,12.355,12.303,0.000,12.355,0.000,0.000,0.000,0.000,0.000,0.000,0.000,0.000,0.000
6605,2249.274,17.667,12.341,12.288,0.000,12.341,0.000,0.000,0.000,0.000,0.000,0.000,0.000,0.000,0.000
6606,2249.682,13.519,12.327,12.274,0.000,12.327,0.000,0.000,0.000,0.000,0.000,0.000,0.000,0.000,0.000
6607,2250.089,14.037,12.313,12.259,0.000,12.313,0.000,0.000,0.000,0.000,0.000,0.000,0.000,0.000,0.000
6608,2250.497,17.815,12.299,12.245,0.000,12.299,0.000,0.000,0.000,0.000,0.000,0.000,0.000,0.000,0.000
6609,2250.905,17.593,12.285,12.230,0.000,12.285,0.000,0.000,0.000,0.000,0.000,0.000,0.000,0.000,0.000
6610,2251.313,16.889,12.271,12.216,0.000,12.271,0.000,0.000,0.000,0.000,0.000,0.000,0.000,0.000,0.000
6611,2251.721,13.963,12.257,12.201,0.000,12.257,0.000,0.000,0.000,0.000,0.000,0.000,0.000,0.000,0.000
6612,2252.129,13.259,12.243,12.186,0.000,12.243,0.000,0.000,0.000,0.000,0.000,0.000,0.000,0.000,0.000
6613,2252.537,12.445,12.229,12.172,0.000,12.229,0.000,0.000,0.000,0.000,0.000,0.000,0.000,0.000,0.000
6614,2252.945,10.815,12.215,12.157,0.000,12.215,0.000,0.000,0.000,0.000,0.000,0.000,0.000,0.000,0.000
6615,2253.354,19.593,12.201,12.143,0.000,12.201,0.000,0.000,0.000,0.000,0.000,0.000,0.000,0.000,0.000
6616,2253.762,16.593,12.187,12.128,0.000,12.187,0.000,0.000,0.000,0.000,0.000,0.000,0.000,0.000,0.000
6617,2254.171,13.593,12.173,12.114,0.000,12.173,0.000,0.000,0.000,0.000,0.000,0.000,0.000,0.000,0.000
6618,2254.579,16.334,12.159,12.099,0.000,12.159,0.000,0.000,0.000,0.000,0.000,0.000,0.000,0.000,0.000
6619,2254.988,16.741,12.145,12.085,0.000,12.145,0.000,0.000,0.000,0.000,0.000,0.000,0.000,0.000,0.000
6620,2255.396,14.963,12.131,12.070,0.000,12.131,0.000,0.000,0.000,0.000,0.000,0.000,0.000,0.000,0.000
6621,2255.805,14.741,12.117,12.055,0.000,12.117,0.000,0.000,0.000,0.000,0.000,0.000,0.000,0.000,0.000
6622,2256.214,21.741,12.103,12.041,0.000,12.103,0.000,0.000,0.000,0.000,0.000,0.000,0.000,0.000,0.000
6623,2256.623,9.963,12.089,12.026,0.000,12.089,0.000,0.000,0.000,0.000,0.000,0.000,0.000,0.000,0.000
6624,2257.032,11.667,12.075,12.012,0.000,12.075,0.000,0.000,0.000,0.000,0.000,0.000,0.000,0.000,0.000
6625,2257.441,8.741,12.061,11.997,0.000,12.061,0.000,0.000,0.000,0.000,0.000,0.000,0.000,0.000,0.000
6626,2257.850,21.185,12.047,11.983,0.000,12.047,0.000,0.000,0.000,0.000,0.000,0.000,0.000,0.000,0.000
6627,2258.260,6.593,12.033,11.968,0.000,12.033,0.000,0.000,0.000,0.000,0.000,0.000,0.000,0.000,0.000
6628,2258.669,5.815,12.019,11.954,0.000,12.019,0.000,0.000,0.000,0.000,0.000,0.000,0.000,0.000,0.000
6629,2259.078,23.667,12.005,11.939,0.000,12.005,0.000,0.000,0.000,0.000,0.000,0.000,0.000,0.000,0.000
6630,2259.488,20.963,11.991,11.925,0.000,11.991,0.000,0.000,0.000,0.000,0.000,0.000,0.000,0.000,0.000
6631,2259.897,17.667,11.977,11.910,0.000,11.977,0.000,0.000,0.000,0.000,0.000,0.000,0.000,0.000,0.000
6632,2260.307,10.741,11.964,11.895,0.000,11.963,0.000,0.000,0.000,0.000,0.000,0.000,0.000,0.000,0.000
6633,2260.717,11.667,11.950,11.881,0.000,11.949,0.000,0.000,0.000,0.000,0.000,0.000,0.000,0.000,0.000
6634,2261.127,16.111,11.936,11.866,0.000,11.935,0.000,0.000,0.000,0.000,0.000,0.000,0.000,0.000,0.000
6635,2261.536,18.037,11.922,11.852,0.000,11.921,0.000,0.000,0.000,0.000,0.000,0.000,0.000,0.000,0.000
6636,2261.946,13.963,11.908,11.837,0.000,11.908,0.000,0.000,0.000,0.000,0.000,0.000,0.000,0.000,0.000
6637,2262.356,8.593,11.894,11.823,0.000,11.894,0.000,0.000,0.000,0.000,0.000,0.000,0.000,0.000,0.000
6638,2262.767,24.185,11.880,11.808,0.000,11.880,0.000,0.000,0.000,0.000,0.000,0.000,0.000,0.000,0.000
6639,2263.177,18.185,11.866,11.794,0.000,11.866,0.000,0.000,0.000,0.000,0.000,0.000,0.000,0.000,0.000
6640,2263.587,8.741,11.852,11.779,0.000,11.852,0.000,0.000,0.000,0.000,0.000,0.000,0.000,0.000,0.000
6641,2263.997,9.667,11.838,11.764,0.000,11.838,0.000,0.000,0.000,0.000,0.000,0.000,0.000,0.000,0.000
6642,2264.408,22.815,11.825,11.750,0.000,11.824,0.000,0.000,0.000,0.000,0.000,0.000,0.000,0.000,0.000
6643,2264.818,26.259,11.811,11.735,0.000,11.810,0.000,0.000,0.000,0.000,0.000,0.000,0.000,0.000,0.000
6644,2265.229,15.445,11.797,11.721,0.000,11.797,0.000,0.000,0.000,0.000,0.000,0.000,0.000,0.000,0.000
6645,2265.640,11.889,11.783,11.706,0.000,11.783,0.000,0.000,0.000,0.000,0.000,0.000,0.000,0.000,0.000
6646,2266.050,13.815,11.769,11.692,0.000,11.769,0.000,0.000,0.000,0.000,0.000,0.000,0.000,0.000,0.000
6647,2266.461,14.519,11.755,11.677,0.000,11.755,0.000,0.000,0.000,0.000,0.000,0.000,0.000,0.000,0.000
6648,2266.872,11.519,11.742,11.663,0.000,11.741,0.000,0.000,0.000,0.000,0.000,0.000,0.000,0.000,0.000
6649,2267.283,14.037,11.728,11.648,0.000,11.727,0.000,0.000,0.000,0.000,0.000,0.000,0.000,0.000,0.000
6650,2267.694,17.815,11.714,11.634,0.000,11.714,0.000,0.000,0.000,0.000,0.000,0.000,0.000,0.000,0.000
6651,2268.106,14.667,11.700,11.619,0.000,11.700,0.000,0.000,0.000,0.000,0.000,0.000,0.000,0.000,0.000
6652,2268.517,17.815,11.686,11.604,0.000,11.686,0.000,0.000,0.000,0.000,0.000,0.000,0.000,0.000,0.000
6653,2268.928,9.741,11.673,11.590,0.000,11.672,0.000,0.000,0.000,0.000,0.000,0.000,0.000,0.000,0.000
6654,2269.339,10.519,11.659,11.575,0.000,11.658,0.000,0.000,0.000,0.000,0.000,0.000,0.000,0.000,0.000
6655,2269.751,12.963,11.645,11.561,0.000,11.645,0.000,0.000,0.000,0.000,0.000,0.000,0.000,0.000,0.000
6656,2270.163,15.371,11.631,11.546,0.000,11.631,0.000,0.000,0.000,0.000,0.000,0.000,0.000,0.000,0.000
6657,2270.574,9.667,11.617,11.532,0.000,11.617,0.000,0.000,0.000,0.000,0.000,0.000,0.000,0.000,0.000
6658,2270.986,14.037,11.604,11.517,0.000,11.603,0.000,0.000,0.000,0.000,0.000,0.000,0.000,0.000,0.000
6659,2271.398,12.741,11.590,11.503,0.000,11.590,0.000,0.000,0.000,0.000,0.000,0.000,0.000,0.000,0.000
6660,2271.810,12.001,11.576,11.488,0.000,11.576,0.000,0.000,0.000,0.000,0.000,0.000,0.000,0.000,0.000
6661,2272.222,7.889,11.563,11.473,0.000,11.562,0.000,0.000,0.000,0.000,0.000,0.000,0.000,0.000,0.000
6662,2272.634,17.963,11.549,11.459,0.000,11.549,0.000,0.000,0.000,0.000,0.000,0.000,0.000,0.000,0.000
6663,2273.046,11.111,11.535,11.444,0.000,11.535,0.000,0.000,0.000,0.000,0.000,0.000,0.000,0.000,0.000
6664,2273.458,13.815,11.521,11.430,0.000,11.521,0.000,0.000,0.000,0.000,0.000,0.000,0.000,0.000,0.000
6665,2273.870,3.741,11.508,11.415,0.000,11.507,0.000,0.000,0.000,0.000,0.000,0.000,0.000,0.000,0.000
6666,2274.283,10.185,11.494,11.401,0.000,11.494,0.000,0.000,0.000,0.000,0.000,0.000,0.000,0.000,0.000
6667,2274.695,13.259,11.480,11.386,0.000,11.480,0.000,0.000,0.000,0.000,0.000,0.000,0.000,0.000,0.000
6668,2275.108,15.889,11.467,11.372,0.000,11.466,0.000,0.000,0.000,0.000,0.000,0.000,0.000,0.000,0.000
6669,2275.520,17.185,11.453,11.357,0.000,11.453,0.000,0.000,0.000,0.000,0.000,0.000,0.000,0.000,0.000
6670,2275.933,15.519,11.439,11.343,0.000,11.439,0.000,0.000,0.000,0.000,0.000,0.000,0.000,0.000,0.000
6671,2276.346,8.963,11.426,11.328,0.000,11.425,0.000,0.000,0.000,0.000,0.000,0.000,0.000,0.000,0.000
6672,2276.759,12.111,11.412,11.313,0.000,11.412,0.000,0.000,0.000,0.000,0.000,0.000,0.000,0.000,0.000
6673,2277.171,15.297,11.398,11.299,0.000,11.398,0.000,0.000,0.000,0.000,0.000,0.000,0.000,0.000,0.000
6674,2277.585,10.889,11.385,11.284,0.000,11.384,0.000,0.000,0.000,0.000,0.000,0.000,0.000,0.000,0.000
6675,2277.998,17.667,11.371,11.270,0.000,11.371,0.000,0.000,0.000,0.000,0.000,0.000,0.000,0.000,0.000
6676,2278.411,11.741,11.358,11.255,0.000,11.357,0.000,0.000,0.000,0.000,0.000,0.000,0.000,0.000,0.000
6677,2278.824,19.111,11.344,11.241,0.000,11.344,0.000,0.000,0.000,0.000,0.000,0.000,0.000,0.000,0.000
6678,2279.237,22.889,11.330,11.226,0.000,11.330,0.000,0.000,0.000,0.000,0.000,0.000,0.000,0.000,0.000
6679,2279.651,16.259,11.317,11.212,0.000,11.316,0.000,0.000,0.000,0.000,0.000,0.000,0.000,0.000,0.000
6680,2280.064,13.037,11.303,11.197,0.000,11.303,0.000,0.000,0.000,0.000,0.000,0.000,0.000,0.000,0.000
6681,2280.478,22.556,11.290,11.182,0.000,11.289,0.000,0.000,0.000,0.000,0.000,0.000,0.000,0.000,0.000
6682,2280.892,9.963,11.276,11.168,0.000,11.276,0.000,0.000,0.000,0.000,0.000,0.000,0.000,0.000,0.000
6683,2281.305,17.667,11.262,11.153,0.000,11.262,0.000,0.000,0.000,0.000,0.000,0.000,0.000,0.000,0.000
6684,2281.719,10.815,11.249,11.139,0.000,11.249,0.000,0.000,0.000,0.000,0.000,0.000,0.000,0.000,0.000
6685,2282.133,17.259,11.235,11.124,0.000,11.235,0.000,0.000,0.000,0.000,0.000,0.000,0.000,0.000,0.000
6686,2282.547,12.037,11.222,11.110,0.000,11.222,0.000,0.000,0.000,0.000,0.000,0.000,0.000,0.000,0.000
6687,2282.961,12.111,11.208,11.095,0.000,11.208,0.000,0.000,0.000,0.000,0.000,0.000,0.000,0.000,0.000
6688,2283.375,11.963,11.195,11.081,0.000,11.195,0.000,0.000,0.000,0.000,0.000,0.000,0.000,0.000,0.000
6689,2283.790,16.519,11.181,11.066,0.000,11.181,0.000,0.000,0.000,0.000,0.000,0.000,0.000,0.000,0.000
6690,2284.204,11.037,11.168,11.052,0.000,11.168,0.000,0.000,0.000,0.000,0.000,0.000,0.000,0.000,0.000
6691,2284.618,10.111,11.154,11.037,0.000,11.154,0.000,0.000,0.000,0.000,0.000,0.000,0.000,0.000,0.000
6692,2285.033,11.445,11.141,11.022,0.000,11.141,0.000,0.000,0.000,0.000,0.000,0.000,0.000,0.000,0.000
6693,2285.447,21.149,11.128,11.008,0.000,11.127,0.000,0.000,0.000,0.000,0.000,0.000,0.000,0.000,0.000
6694,2285.862,11.667,11.114,10.993,0.000,11.114,0.000,0.000,0.000,0.000,0.000,0.000,0.000,0.000,0.000
6695,2286.277,9.667,11.101,10.979,0.000,11.100,0.000,0.000,0.000,0.000,0.000,0.000,0.000,0.000,0.000
6696,2286.692,12.259,11.087,10.964,0.000,11.087,0.000,0.000,0.000,0.000,0.000,0.000,0.000,0.000,0.000
6697,2287.106,18.037,11.074,10.950,0.000,11.074,0.000,0.000,0.000,0.000,0.000,0.000,0.000,0.000,0.000
6698,2287.521,11.889,11.060,10.935,0.000,11.060,0.000,0.000,0.000,0.000,0.000,0.000,0.000,0.000,0.000
6699,2287.936,9.741,11.047,10.921,0.000,11.047,0.000,0.000,0.000,0.000,0.000,0.000,0.000,0.000,0.000
6700,2288.352,18.408,11.034,10.906,0.000,11.033,0.000,0.000,0.000,0.000,0.000,0.000,0.000,0.000,0.000
6701,2288.767,13.519,11.020,10.891,0.000,11.020,0.000,0.000,0.000,0.000,0.000,0.000,0.000,0.000,0.000
6702,2289.182,12.223,11.007,10.877,0.000,11.007,0.000,0.000,0.000,0.000,0.000,0.000,0.000,0.000,0.000
6703,2289.598,10.963,10.994,10.862,0.000,10.993,0.000,0.000,0.000,0.000,0.000,0.000,0.000,0.000,0.000
6704,2290.013,9.111,10.980,10.848,0.000,10.980,0.000,0.000,0.000,0.000,0.000,0.000,0.000,0.000,0.000
6705,2290.429,12.741,10.967,10.833,0.000,10.967,0.000,0.000,0.000,0.000,0.000,0.000,0.000,0.000,0.000
6706,2290.844,14.111,10.954,10.819,0.000,10.953,0.000,0.000,0.000,0.000,0.000,0.000,0.000,0.000,0.000
6707,2291.260,11.963,10.940,10.804,0.000,10.940,0.000,0.000,0.000,0.000,0.000,0.000,0.000,0.000,0.000
6708,2291.676,11.185,10.927,10.790,0.000,10.927,0.000,0.000,0.000,0.000,0.000,0.000,0.000,0.000,0.000
6709,2292.092,10.815,10.914,10.775,0.000,10.914,0.000,0.000,0.000,0.000,0.000,0.000,0.000,0.000,0.000
6710,2292.508,14.185,10.901,10.761,0.000,10.900,0.000,0.000,0.000,0.000,0.000,0.000,0.000,0.000,0.000
6711,2292.924,4.815,10.887,10.746,0.000,10.887,0.000,0.000,0.000,0.000,0.000,0.000,0.000,0.000,0.000
6712,2293.340,16.815,10.874,10.731,0.000,10.874,0.000,0.000,0.000,0.000,0.000,0.000,0.000,0.000,0.000
6713,2293.756,20.519,10.861,10.717,0.000,10.861,0.000,0.000,0.000,0.000,0.000,0.000,0.000,0.000,0.000
6714,2294.172,12.519,10.848,10.702,0.000,10.847,0.000,0.000,0.000,0.000,0.000,0.000,0.000,0.000,0.000
6715,2294.589,12.334,10.834,10.688,0.000,10.834,0.000,0.000,0.000,0.000,0.000,0.000,0.000,0.000,0.000
6716,2295.005,7.963,10.821,10.673,0.000,10.821,0.000,0.000,0.000,0.000,0.000,0.000,0.000,0.000,0.000
6717,2295.422,16.259,10.808,10.659,0.000,10.808,0.000,0.000,0.000,0.000,0.000,0.000,0.000,0.000,0.000
6718,2295.838,15.815,10.795,10.644,0.000,10.795,0.000,0.000,0.000,0.000,0.000,0.000,0.000,0.000,0.000
6719,2296.255,13.037,10.782,10.630,0.000,10.782,0.000,0.000,0.000,0.000,0.000,0.000,0.000,0.000,0.000
6720,2296.672,13.889,10.769,10.615,0.000,10.768,0.000,0.000,0.000,0.000,0.000,0.000,0.000,0.000,0.000
6721,2297.089,13.815,10.756,10.600,0.000,10.755,0.000,0.000,0.000,0.000,0.000,0.000,0.000,0.000,0.000
6722,2297.506,12.667,10.742,10.586,0.000,10.742,0.000,0.000,0.000,0.000,0.000,0.000,0.000,0.000,0.000
6723,2297.923,17.259,10.729,10.571,0.000,10.729,0.000,0.000,0.000,0.000,0.000,0.000,0.000,0.000,0.000
6724,2298.340,8.037,10.716,10.557,0.000,10.716,0.000,0.000,0.000,0.000,0.000,0.000,0.000,0.000,0.000
6725,2298.757,15.408,10.703,10.542,0.000,10.703,0.000,0.000,0.000,0.000,0.000,0.000,0.000,0.000,0.000
6726,2299.174,9.815,10.690,10.528,0.000,10.690,0.000,0.000,0.000,0.000,0.000,0.000,0.000,0.000,0.000
6727,2299.592,9.111,10.677,10.513,0.000,10.677,0.000,0.000,0.000,0.000,0.000,0.000,0.000,0.000,0.000
6728,2300.009,9.741,10.664,10.499,0.000,10.664,0.000,0.000,0.000,0.000,0.000,0.000,0.000,0.000,0.000
6729,2300.427,12.815,10.651,10.484,0.000,10.651,0.000,0.000,0.000,0.000,0.000,0.000,0.000,0.000,0.000
6730,2300.844,13.815,10.638,10.470,0.000,10.638,0.000,0.000,0.000,0.000,0.000,0.000,0.000,0.000,0.000
6731,2301.262,12.259,10.625,10.455,0.000,10.625,0.000,0.000,0.000,0.000,0.000,0.000,0.000,0.000,0.000
6732,2301.680,10.667,10.612,10.440,0.000,10.612,0.000,0.000,0.000,0.000,0.000,0.000,0.000,0.000,0.000
6733,2302.098,9.037,10.599,10.426,0.000,10.599,0.000,0.000,0.000,0.000,0.000,0.000,0.000,0.000,0.000
6734,2302.516,10.519,10.586,10.411,0.000,10.586,0.000,0.000,0.000,0.000,0.000,0.000,0.000,0.000,0.000
6735,2302.934,12.445,10.573,10.397,0.000,10.573,0.000,0.000,0.000,0.000,0.000,0.000,0.000,0.000,0.000
6736,2303.352,10.037,10.560,10.382,0.000,10.560,0.000,0.000,0.000,0.000,0.000,0.000,0.000,0.000,0.000
6737,2303.770,20.741,10.547,10.368,0.000,10.547,0.000,0.000,0.000,0.000,0.000,0.000,0.000,0.000,0.000
6738,2304.189,12.815,10.535,10.353,0.000,10.534,0.000,0.000,0.000,0.000,0.000,0.000,0.000,0.000,0.000
6739,2304.607,10.519,10.522,10.339,0.000,10.521,0.000,0.000,0.000,0.000,0.000,0.000,0.000,0.000,0.000
6740,2305.025,12.111,10.509,10.324,0.000,10.509,0.000,0.000,0.000,0.000,0.000,0.000,0.000,0.000,0.000
6741,2305.444,14.185,10.496,10.309,0.000,10.496,0.000,0.000,0.000,0.000,0.000,0.000,0.000,0.000,0.000
6742,2305.863,16.037,10.483,10.295,0.000,10.483,0.000,0.000,0.000,0.000,0.000,0.000,0.000,0.000,0.000
6743,2306.281,12.889,10.470,10.280,0.000,10.470,0.000,0.000,0.000,0.000,0.000,0.000,0.000,0.000,0.000
6744,2306.700,19.593,10.458,10.266,0.000,10.457,0.000,0.000,0.000,0.000,0.000,0.000,0.000,0.000,0.000
6745,2307.119,8.371,10.445,10.251,0.000,10.445,0.000,0.000,0.000,0.000,0.000,0.000,0.000,0.000,0.000
6746,2307.538,13.963,10.432,10.237,0.000,10.432,0.000,0.000,0.000,0.000,0.000,0.000,0.000,0.000,0.000
6747,2307.957,13.185,10.419,10.222,0.000,10.419,0.000,0.000,0.000,0.000,0.000,0.000,0.000,0.000,0.000
6748,2308.376,14.889,10.407,10.208,0.000,10.406,0.000,0.000,0.000,0.000,0.000,0.000,0.000,0.000,0.000
6749,2308.795,9.741,10.394,10.193,0.000,10.394,0.000,0.000,0.000,0.000,0.000,0.000,0.000,0.000,0.000
6750,2309.215,18.889,10.381,10.179,0.000,10.381,0.000,0.000,0.000,0.000,0.000,0.000,0.000,0.000,0.000
6751,2309.634,8.519,10.369,10.164,0.000,10.368,0.000,0.000,0.000,0.000,0.000,0.000,0.000,0.000,0.000
6752,2310.054,15.445,10.356,10.149,0.000,10.356,0.000,0.000,0.000,0.000,0.000,0.000,0.000,0.000,0.000
6753,2310.473,8.889,10.343,10.135,0.000,10.343,0.000,0.000,0.000,0.000,0.000,0.000,0.000,0.000,0.000
6754,2310.893,12.741,10.331,10.120,0.000,10.330,0.000,0.000,0.000,0.000,0.000,0.000,0.000,0.000,0.000
6755,2311.313,8.334,10.318,10.106,0.000,10.318,0.000,0.000,0.000,0.000,0.000,0.000,0.000,0.000,0.000
6756,2311.732,16.037,10.306,10.091,0.000,10.305,0.000,0.000,0.000,0.000,0.000,0.000,0.000,0.000,0.000
6757,2312.152,13.963,10.293,10.077,0.000,10.293,0.000,0.000,0.000,0.000,0.000,0.000,0.000,0.000,0.000
6758,2312.572,8.371,10.280,10.062,0.000,10.280,0.000,0.000,0.000,0.000,0.000,0.000,0.000,0.000,0.000
6759,2312.992,11.371,10.268,10.048,0.000,10.268,0.000,0.000,0.000,0.000,0.000,0.000,0.000,0.000,0.000
6760,2313.413,12.667,10.255,10.033,0.000,10.255,0.000,0.000,0.000,0.000,0.000,0.000,0.000,0.000,0.000
6761,2313.833,14.815,10.243,10.019,0.000,10.243,0.000,0.000,0.000,0.000,0.000,0.000,0.000,0.000,0.000
6762,2314.253,8.815,10.231,10.004,0.000,10.230,0.000,0.000,0.000,0.000,0.000,0.000,0.000,0.000,0.000
6763,2314.674,17.037,10.218,9.989,0.000,10.218,0.000,0.000,0.000,0.000,0.000,0.000,0.000,0.000,0.000
6764,2315.094,14.408,10.206,9.975,0.000,10.205,0.000,0.000,0.000,0.000,0.000,0.000,0.000,0.000,0.000
6765,2315.515,13.667,10.193,9.960,0.000,10.193,0.000,0.000,0.000,0.000,0.000,0.000,0.000,0.000,0.000
6766,2315.935,13.815,10.181,9.946,0.000,10.181,0.000,0.000,0.000,0.000,0.000,0.000,0.000,0.000,0.000
6767,2316.356,10.889,10.168,9.931,0.000,10.168,0.000,0.000,0.000,0.000,0.000,0.000,0.000,0.000,0.000
6768,2316.777,13.371,10.156,9.917,0.000,10.156,0.000,0.000,0.000,0.000,0.000,0.000,0.000,0.000,0.000
6769,2317.198,10.519,10.144,9.902,0.000,10.143,0.000,0.000,0.000,0.000,0.000,0.000,0.000,0.000,0.000
6770,2317.619,18.259,10.131,9.888,0.000,10.131,0.000,0.000,0.000,0.000,0.000,0.000,0.000,0.000,0.000
6771,2318.040,12.889,10.119,9.873,0.000,10.119,0.000,0.000,0.000,0.000,0.000,0.000,0.000,0.000,0.000
6772,2318.461,13.889,10.107,9.858,0.000,10.107,0.000,0.000,0.000,0.000,0.000,0.000,0.000,0.000,0.000
6773,2318.882,8.185,10.095,9.844,0.000,10.094,0.000,0.000,0.000,0.000,0.000,0.000,0.000,0.000,0.000
6774,2319.304,15.334,10.082,9.829,0.000,10.082,0.000,0.000,0.000,0.000,0.000,0.000,0.000,0.000,0.000
6775,2319.725,13.223,10.070,9.815,0.000,10.070,0.000,0.000,0.000,0.000,0.000,0.000,0.000,0.000,0.000
6776,2320.147,12.593,10.058,9.800,0.000,10.058,0.000,0.000,0.000,0.000,0.000,0.000,0.000,0.000,0.000
6777,2320.568,14.037,10.046,9.786,0.000,10.046,0.000,0.000,0.000,0.000,0.000,0.000,0.000,0.000,0.000
6778,2320.990,7.963,10.034,9.771,0.000,10.034,0.000,0.000,0.000,0.000,0.000,0.000,0.000,0.000,0.000
6779,2321.412,20.889,10.022,9.757,0.000,10.021,0.000,0.000,0.000,0.000,0.000,0.000,0.000,0.000,0.000
6780,2321.834,9.889,10.010,9.742,0.000,10.009,0.000,0.000,0.000,0.000,0.000,0.000,0.000,0.000,0.000
6781,2322.256,9.963,9.998,9.728,0.000,9.997,0.000,0.000,0.000,0.000,0.000,0.000,0.000,0.000,0.000
6782,2322.678,17.741,9.986,9.713,0.000,9.985,0.000,0.000,0.000,0.000,0.000,0.000,0.000,0.000,0.000
6783,2323.100,13.185,9.974,9.698,0.000,9.973,0.000,0.000,0.000,0.000,0.000,0.000,0.000,0.000,0.000
6784,2323.522,12.185,9.962,9.684,0.000,9.961,0.000,0.000,0.000,0.000,0.000,0.000,0.000,0.000,0.000
6785,2323.944,7.741,9.950,9.669,0.000,9.949,0.000,0.000,0.000,0.000,0.000,0.000,0.000,0.000,0.000
6786,2324.367,16.889,9.938,9.655,0.000,9.937,0.000,0.000,0.000,0.000,0.000,0.000,0.000,0.000,0.000
6787,2324.789,12.334,9.926,9.640,0.000,9.925,0.000,0.000,0.000,0.000,0.000,0.000,0.000,0.000,0.000
6788,2325.212,16.815,9.914,9.626,0.000,9.913,0.000,0.000,0.000,0.000,0.000,0.000,0.000,0.000,0.000
6789,2325.635,14.371,9.902,9.611,0.000,9.902,0.000,0.000,0.000,0.000,0.000,0.000,0.000,0.000,0.000
6790,2326.057,14.111,9.890,9.597,0.000,9.890,0.000,0.000,0.000,0.000,0.000,0.000,0.000,0.000,0.000
6791,2326.480,11.185,9.878,9.582,0.000,9.878,0.000,0.000,0.000,0.000,0.000,0.000,0.000,0.000,0.000
6792,2326.903,11.667,9.866,9.567,0.000,9.866,0.000,0.000,0.000,0.000,0.000,0.000,0.000,0.000,0.000
6793,2327.326,12.111,9.855,9.553,0.000,9.854,0.000,0.000,0.000,0.000,0.000,0.000,0.000,0.000,0.000
6794,2327.749,16.037,9.843,9.538,0.000,9.843,0.000,0.000,0.000,0.000,0.000,0.000,0.000,0.000,0.000
6795,2328.172,10.963,9.831,9.524,0.000,9.831,0.000,0.000,0.000,0.000,0.000,0.000,0.000,0.000,0.000
6796,2328.596,9.037,9.820,9.509,0.000,9.819,0.000,0.000,0.000,0.000,0.000,0.000,0.000,0.000,0.000
6797,2329.019,12.889,9.808,9.495,0.000,9.807,0.000,0.000,0.000,0.000,0.000,0.000,0.000,0.000,0.000
6798,2329.442,7.963,9.796,9.480,0.000,9.796,0.000,0.000,0.000,0.000,0.000,0.000,0.000,0.000,0.000
6799,2329.866,11.111,9.785,9.466,0.000,9.784,0.000,0.000,0.000,0.000,0.000,0.000,0.000,0.000,0.000
6800,2330.289,10.185,9.773,9.451,0.000,9.773,0.000,0.000,0.000,0.000,0.000,0.000,0.000,0.000,0.000
6801,2330.713,7.667,9.761,9.437,0.000,9.761,0.000,0.000,0.000,0.000,0.000,0.000,0.000,0.000,0.000
6802,2331.137,13.334,9.750,9.422,0.000,9.750,0.000,0.000,0.000,0.000,0.000,0.000,0.000,0.000,0.000
6803,2331.561,8.963,9.738,9.407,0.000,9.738,0.000,0.000,0.000,0.000,0.000,0.000,0.000,0.000,0.000
6804,2331.985,1.667,9.727,9.393,0.000,9.727,0.000,0.000,0.000,0.000,0.000,0.000,0.000,0.000,0.000
6805,2332.409,13.963,9.715,9.378,0.000,9.715,0.000,0.000,0.000,0.000,0.000,0.000,0.000,0.000,0.000
6806,2332.833,10.963,9.704,9.364,0.000,9.704,0.000,0.000,0.000,0.000,0.000,0.000,0.000,0.000,0.000
6807,2333.257,10.037,9.693,9.349,0.000,9.692,0.000,0.000,0.000,0.000,0.000,0.000,0.000,0.000,0.000
6808,2333.681,13.815,9.681,9.335,0.000,9.681,0.000,0.000,0.000,0.000,0.000,0.000,0.000,0.000,0.000
6809,2334.106,14.482,9.670,9.320,0.000,9.670,0.000,0.000,0.000,0.000,0.000,0.000,0.000,0.000,0.000
6810,2334.530,11.815,9.659,9.306,0.000,9.658,0.000,0.000,0.000,0.000,0.000,0.000,0.000,0.000,0.000
6811,2334.955,11.111,9.647,9.291,0.000,9.647,0.000,0.000,0.000,0.000,0.000,0.000,0.000,0.000,0.000
6812,2335.380,10.963,9.636,9.276,0.000,9.636,0.000,0.000,0.000,0.000,0.000,0.000,0.000,0.000,0.000
6813,2335.804,17.111,9.625,9.262,0.000,9.625,0.000,0.000,0.000,0.000,0.000,0.000,0.000,0.000,0.000
6814,2336.229,12.667,9.614,9.247,0.000,9.613,0.000,0.000,0.000,0.000,0.000,0.000,0.000,0.000,0.000
6815,2336.654,10.593,9.603,9.233,0.000,9.602,0.000,0.000,0.000,0.000,0.000,0.000,0.000,0.000,0.000
6816,2337.079,11.371,9.592,9.218,0.000,9.591,0.000,0.000,0.000,0.000,0.000,0.000,0.000,0.000,0.000
6817,2337.504,14.963,9.580,9.204,0.000,9.580,0.000,0.000,0.000,0.000,0.000,0.000,0.000,0.000,0.000
6818,2337.929,18.149,9.569,9.189,0.000,9.569,0.000,0.000,0.000,0.000,0.000,0.000,0.000,0.000,0.000
6819,2338.355,10.815,9.558,9.175,0.000,9.558,0.000,0.000,0.000,0.000,0.000,0.000,0.000,0.000,0.000
6820,2338.780,10.037,9.547,9.160,0.000,9.547,0.000,0.000,0.000,0.000,0.000,0.000,0.000,0.000,0.000
6821,2339.205,12.037,9.536,9.146,0.000,9.536,0.000,0.000,0.000,0.000,0.000,0.000,0.000,0.000,0.000
6822,2339.631,14.889,9.526,9.131,0.000,9.525,0.000,0.000,0.000,0.000,0.000,0.000,0.000,0.000,0.000
6823,2340.056,9.185,9.515,9.116,0.000,9.514,0.000,0.000,0.000,0.000,0.000,0.000,0.000,0.000,0.000
6824,2340.482,14.815,9.504,9.102,0.000,9.503,0.000,0.000,0.000,0.000,0.000,0.000,0.000,0.000,0.000
6825,2340.908,12.185,9.493,9.087,0.000,9.493,0.000,0.000,0.000,0.000,0.000,0.000,0.000,0.000,0.000
6826,2341.334,10.037,9.482,9.073,0.000,9.482,0.000,0.000,0.000,0.000,0.000,0.000,0.000,0.000,0.000
6827,2341.760,9.667,9.471,9.058,0.000,9.471,0.000,0.000,0.000,0.000,0.000,0.000,0.000,0.000,0.000
6828,2342.186,14.630,9.461,9.044,0.000,9.460,0.000,0.000,0.000,0.000,0.000,0.000,0.000,0.000,0.000
6829,2342.612,10.667,9.450,9.029,0.000,9.450,0.000,0.000,0.000,0.000,0.000,0.000,0.000,0.000,0.000
6830,2343.038,15.741,9.439,9.015,0.000,9.439,0.000,0.000,0.000,0.000,0.000,0.000,0.000,0.000,0.000
6831,2343.465,12.334,9.429,9.000,0.000,9.428,0.000,0.000,0.000,0.000,0.000,0.000,0.000,0.000,0.000
6832,2343.891,9.815,9.418,8.985,0.000,9.418,0.000,0.000,0.000,0.000,0.000,0.000,0.000,0.000,0.000
6833,2344.318,11.223,9.408,8.971,0.000,9.407,0.000,0.000,0.000,0.000,0.000,0.000,0.000,0.000,0.000
6834,2344.744,14.963,9.397,8.956,0.000,9.397,0.000,0.000,0.000,0.000,0.000,0.000,0.000,0.000,0.000
6835,2345.171,11.111,9.387,8.942,0.000,9.386,0.000,0.000,0.000,0.000,0.000,0.000,0.000,0.000,0.000
6836,2345.598,13.185,9.376,8.927,0.000,9.376,0.000,0.000,0.000,0.000,0.000,0.000,0.000,0.000,0.000
6837,2346.024,8.185,9.366,8.913,0.000,9.366,0.000,0.000,0.000,0.000,0.000,0.000,0.000,0.000,0.000
6838,2346.451,12.667,9.356,8.898,0.000,9.355,0.000,0.000,0.000,0.000,0.000,0.000,0.000,0.000,0.000
6839,2346.878,9.889,9.345,8.884,0.000,9.345,0.000,0.000,0.000,0.000,0.000,0.000,0.000,0.000,0.000
6840,2347.305,5.963,9.335,8.869,0.000,9.335,0.000,0.000,0.000,0.000,0.000,0.000,0.000,0.000,0.000
6841,2347.733,5.963,9.325,8.855,0.000,9.324,0.000,0.000,0.000,0.000,0.000,0.000,0.000,0.000,0.000
6842,2348.160,8.741,9.315,8.840,0.000,9.314,0.000,0.000,0.000,0.000,0.000,0.000,0.000,0.000,0.000
6843,2348.587,4.741,9.305,8.825,0.000,9.304,0.000,0.000,0.000,0.000,0.000,0.000,0.000,0.000,0.000
6844,2349.015,8.741,9.294,8.811,0.000,9.294,0.000,0.000,0.000,0.000,0.000,0.000,0.000,0.000,0.000
6845,2349.442,8.111,9.284,8.796,0.000,9.284,0.000,0.000,0.000,0.000,0.000,0.000,0.000,0.000,0.000
6846,2349.870,12.111,9.274,8.782,0.000,9.274,0.000,0.000,0.000,0.000,0.000,0.000,0.000,0.000,0.000
6847,2350.298,13.556,9.264,8.767,0.000,9.264,0.000,0.000,0.000,0.000,0.000,0.000,0.000,0.000,0.000
6848,2350.726,8.185,9.254,8.753,0.000,9.254,0.000,0.000,0.000,0.000,0.000,0.000,0.000,0.000,0.000
6849,2351.154,5.037,9.245,8.738,0.000,9.244,0.000,0.000,0.000,0.000,0.000,0.000,0.000,0.000,0.000
6850,2351.582,5.963,9.235,8.724,0.000,9.234,0.000,0.000,0.000,0.000,0.000,0.000,0.000,0.000,0.000
6851,2352.010,9.815,9.225,8.709,0.000,9.224,0.000,0.000,0.000,0.000,0.000,0.000,0.000,0.000,0.000
6852,2352.438,8.963,9.215,8.694,0.000,9.215,0.000,0.000,0.000,0.000,0.000,0.000,0.000,0.000,0.000
6853,2352.866,8.482,9.205,8.680,0.000,9.205,0.000,0.000,0.000,0.000,0.000,0.000,0.000,0.000,0.000
6854,2353.295,13.445,9.196,8.665,0.000,9.195,0.000,0.000,0.000,0.000,0.000,0.000,0.000,0.000,0.000
6855,2353.723,13.593,9.186,8.651,0.000,9.186,0.000,0.000,0.000,0.000,0.000,0.000,0.000,0.000,0.000
6856,2354.152,8.815,9.177,8.636,0.000,9.176,0.000,0.000,0.000,0.000,0.000,0.000,0.000,0.000,0.000
6857,2354.580,16.963,9.167,8.622,0.000,9.167,0.000,0.000,0.000,0.000,0.000,0.000,0.000,0.000,0.000
6858,2355.009,14.259,9.158,8.607,0.000,9.157,0.000,0.000,0.000,0.000,0.000,0.000,0.000,0.000,0.000
6859,2355.438,18.111,9.148,8.593,0.000,9.148,0.000,0.000,0.000,0.000,0.000,0.000,0.000,0.000,0.000
6860,2355.867,9.334,9.139,8.578,0.000,9.138,0.000,0.000,0.000,0.000,0.000,0.000,0.000,0.000,0.000
6861,2356.296,13.037,9.129,8.564,0.000,9.129,0.000,0.000,0.000,0.000,0.000,0.000,0.000,0.000,0.000
6862,2356.725,6.037,9.120,8.549,0.000,9.120,0.000,0.000,0.000,0.000,0.000,0.000,0.000,0.000,0.000
6863,2357.154,9.185,9.111,8.534,0.000,9.110,0.000,0.000,0.000,0.000,0.000,0.000,0.000,0.000,0.000
6864,2357.583,13.111,9.102,8.520,0.000,9.101,0.000,0.000,0.000,0.000,0.000,0.000,0.000,0.000,0.000
6865,2358.012,8.963,9.093,8.505,0.000,9.092,0.000,0.000,0.000,0.000,0.000,0.000,0.000,0.000,0.000
6866,2358.442,19.741,9.083,8.491,0.000,9.083,0.000,0.000,0.000,0.000,0.000,0.000,0.000,0.000,0.000
6867,2358.871,8.111,9.074,8.476,0.000,9.074,0.000,0.000,0.000,0.000,0.000,0.000,0.000,0.000,0.000
6868,2359.301,6.185,9.065,8.462,0.000,9.065,0.000,0.000,0.000,0.000,0.000,0.000,0.000,0.000,0.000
6869,2359.731,8.963,9.056,8.447,0.000,9.056,0.000,0.000,0.000,0.000,0.000,0.000,0.000,0.000,0.000
6870,2360.161,14.963,9.048,8.433,0.000,9.047,0.000,0.000,0.000,0.000,0.000,0.000,0.000,0.000,0.000
6871,2360.590,5.445,9.039,8.418,0.000,9.038,0.000,0.000,0.000,0.000,0.000,0.000,0.000,0.000,0.000
6872,2361.020,11.741,9.030,8.403,0.000,9.029,0.000,0.000,0.000,0.000,0.000,0.000,0.000,0.000,0.000
6873,2361.451,8.556,9.021,8.389,0.000,9.021,0.000,0.000,0.000,0.000,0.000,0.000,0.000,0.000,0.000
6874,2361.881,15.259,9.013,8.374,0.000,9.012,0.000,0.000,0.000,0.000,0.000,0.000,0.000,0.000,0.000
6875,2362.311,4.667,9.004,8.360,0.000,9.003,0.000,0.000,0.000,0.000,0.000,0.000,0.000,0.000,0.000
6876,2362.741,14.667,8.995,8.345,0.000,8.995,0.000,0.000,0.000,0.000,0.000,0.000,0.000,0.000,0.000
6877,2363.172,17.667,8.987,8.331,0.000,8.986,0.000,0.000,0.000,0.000,0.000,0.000,0.000,0.000,0.000
6878,2363.602,7.815,8.978,8.316,0.000,8.978,0.000,0.000,0.000,0.000,0.000,0.000,0.000,0.000,0.000
6879,2364.033,11.037,8.970,8.302,0.000,8.969,0.000,0.000,0.000,0.000,0.000,0.000,0.000,0.000,0.000
6880,2364.464,9.556,8.962,8.287,0.000,8.961,0.000,0.000,0.000,0.000,0.000,0.000,0.000,0.000,0.000
6881,2364.894,9.334,8.953,8.273,0.000,8.953,0.000,0.000,0.000,0.000,0.000,0.000,0.000,0.000,0.000
6882,2365.325,11.741,8.945,8.258,0.000,8.945,0.000,0.000,0.000,0.000,0.000,0.000,0.000,0.000,0.000
6883,2365.756,12.815,8.937,8.243,0.000,8.936,0.000,0.000,0.000,0.000,0.000,0.000,0.000,0.000,0.000
6884,2366.187,11.963,8.929,8.229,0.000,8.928,0.000,0.000,0.000,0.000,0.000,0.000,0.000,0.000,0.000
6885,2366.619,7.926,8.921,8.214,0.000,8.920,0.000,0.000,0.000,0.000,0.000,0.000,0.000,0.000,0.000
6886,2367.050,7.889,8.913,8.200,0.000,8.912,0.000,0.001,0.000,0.000,0.000,0.000,0.000,0.000,0.000
6887,2367.481,13.334,8.905,8.185,0.000,8.904,0.000,0.001,0.000,0.000,0.000,0.000,0.000,0.000,0.000
6888,2367.913,14.223,8.897,8.171,0.000,8.897,0.000,0.001,0.000,0.000,0.000,0.000,0.000,0.000,0.000
6889,2368.344,11.037,8.889,8.156,0.000,8.889,0.000,0.001,0.000,0.000,0.000,0.000,0.000,0.000,0.000
6890,2368.776,9.963,8.881,8.142,0.000,8.881,0.000,0.001,0.000,0.000,0.000,0.000,0.000,0.000,0.000
6891,2369.207,10.445,8.874,8.127,0.000,8.873,0.000,0.001,0.000,0.000,0.000,0.000,0.000,0.000,0.000
6892,2369.639,12.037,8.866,8.112,0.000,8.866,0.000,0.001,0.000,0.000,0.000,0.000,0.000,0.000,0.000
6893,2370.071,10.963,8.859,8.098,0.000,8.858,0.000,0.001,0.000,0.000,0.000,0.000,0.000,0.000,0.000
6894,2370.503,14.037,8.851,8.083,0.000,8.851,0.000,0.001,0.000,0.000,0.000,0.000,0.000,0.000,0.000
6895,2370.935,12.667,8.844,8.069,0.000,8.843,0.000,0.001,0.000,0.000,0.000,0.000,0.000,0.000,0.000
6896,2371.367,11.185,8.836,8.054,0.000,8.836,0.000,0.001,0.000,0.000,0.000,0.000,0.000,0.000,0.000
6897,2371.800,5.371,8.829,8.040,0.000,8.829,0.000,0.001,0.000,0.000,0.000,0.000,0.000,0.000,0.000
6898,2372.232,8.741,8.822,8.025,0.000,8.821,0.000,0.001,0.000,0.000,0.000,0.000,0.000,0.000,0.000
6899,2372.664,11.815,8.815,8.011,0.000,8.814,0.000,0.001,0.000,0.000,0.000,0.000,0.000,0.000,0.000
6900,2373.097,12.445,8.808,7.996,0.000,8.807,0.000,0.001,0.000,0.000,0.000,0.000,0.000,0.000,0.000
6901,2373.530,20.037,8.801,7.982,0.000,8.800,0.000,0.001,0.000,0.000,0.000,0.000,0.000,0.000,0.000
6902,2373.962,11.259,8.794,7.967,0.000,8.793,0.000,0.001,0.000,0.000,0.000,0.000,0.000,0.000,0.000
6903,2374.395,8.741,8.787,7.952,0.000,8.786,0.000,0.001,0.000,0.000,0.000,0.000,0.000,0.000,0.000
6904,2374.828,10.482,8.780,7.938,0.000,8.780,0.000,0.001,0.000,0.000,0.000,0.000,0.000,0.000,0.000
6905,2375.261,11.815,8.773,7.923,0.000,8.773,0.000,0.001,0.000,0.000,0.000,0.000,0.000,0.000,0.000
6906,2375.694,13.259,8.767,7.909,0.000,8.766,0.000,0.001,0.000,0.000,0.000,0.000,0.000,0.000,0.000
6907,2376.127,7.741,8.760,7.894,0.000,8.760,0.000,0.001,0.000,0.000,0.000,0.000,0.000,0.000,0.000
6908,2376.561,11.889,8.754,7.880,0.000,8.753,0.000,0.001,0.000,0.000,0.000,0.000,0.000,0.000,0.000
6909,2376.994,6.445,8.747,7.865,0.000,8.747,0.000,0.001,0.000,0.000,0.000,0.000,0.000,0.000,0.000
6910,2377.427,8.889,8.741,7.851,0.000,8.740,0.000,0.001,0.000,0.000,0.000,0.000,0.000,0.000,0.000
6911,2377.861,13.111,8.735,7.836,0.000,8.734,0.000,0.001,0.000,0.000,0.000,0.000,0.000,0.000,0.000
6912,2378.295,8.519,8.728,7.821,0.000,8.728,0.000,0.001,0.000,0.000,0.000,0.000,0.000,0.000,0.000
6913,2378.728,9.667,8.722,7.807,0.000,8.722,0.000,0.001,0.000,0.000,0.000,0.000,0.000,0.000,0.000
6914,2379.162,8.963,8.716,7.792,0.000,8.716,0.000,0.001,0.000,0.000,0.000,0.000,0.000,0.000,0.000
6915,2379.596,8.963,8.710,7.778,0.000,8.710,0.000,0.001,0.000,0.000,0.000,0.000,0.000,0.000,0.000
6916,2380.030,10.111,8.704,7.763,0.000,8.704,0.000,0.001,0.000,0.000,0.000,0.000,0.000,0.000,0.000
6917,2380.464,4.667,8.698,7.749,0.000,8.698,0.000,0.001,0.000,0.000,0.000,0.000,0.000,0.000,0.000
6918,2380.898,6.889,8.693,7.734,0.000,8.692,0.000,0.001,0.000,0.000,0.000,0.000,0.000,0.000,0.000
6919,2381.333,11.259,8.687,7.720,0.000,8.687,0.000,0.001,0.000,0.000,0.000,0.000,0.000,0.000,0.000
6920,2381.767,9.371,8.682,7.705,0.000,8.681,0.000,0.001,0.000,0.000,0.000,0.000,0.000,0.000,0.000
6921,2382.201,6.037,8.676,7.691,0.000,8.675,0.000,0.001,0.000,0.000,0.000,0.000,0.000,0.000,0.000
6922,2382.636,7.741,8.671,7.676,0.000,8.670,0.000,0.001,0.000,0.000,0.000,0.000,0.000,0.000,0.000
6923,2383.071,7.667,8.665,7.661,0.000,8.665,0.000,0.001,0.000,0.000,0.000,0.000,0.000,0.000,0.000
6924,2383.505,16.297,8.660,7.647,0.000,8.660,0.000,0.001,0.000,0.000,0.000,0.000,0.000,0.000,0.000
6925,2383.940,6.741,8.655,7.632,0.000,8.654,0.000,0.001,0.000,0.000,0.000,0.000,0.000,0.000,0.000
6926,2384.375,8.185,8.650,7.618,0.000,8.649,0.000,0.001,0.000,0.000,0.000,0.000,0.000,0.000,0.000
6927,2384.810,8.037,8.645,7.603,0.000,8.644,0.000,0.001,0.000,0.000,0.000,0.000,0.000,0.000,0.000
6928,2385.245,9.519,8.640,7.589,0.000,8.640,0.000,0.001,0.000,0.000,0.000,0.000,0.000,0.000,0.000
6929,2385.680,14.889,8.635,7.574,0.000,8.635,0.000,0.001,0.000,0.000,0.000,0.000,0.000,0.000,0.000
6930,2386.116,8.037,8.631,7.560,0.000,8.630,0.000,0.001,0.000,0.000,0.000,0.000,0.000,0.000,0.000
6931,2386.551,11.111,8.626,7.545,0.000,8.625,0.000,0.001,0.000,0.000,0.000,0.000,0.000,0.000,0.000
6932,2386.987,9.111,8.622,7.531,0.000,8.621,0.000,0.001,0.000,0.000,0.000,0.000,0.000,0.000,0.000
6933,2387.422,5.741,8.617,7.516,0.000,8.617,0.000,0.001,0.000,0.000,0.000,0.000,0.000,0.000,0.000
6934,2387.858,9.037,8.613,7.501,0.000,8.612,0.000,0.001,0.000,0.000,0.000,0.000,0.000,0.000,0.000
6935,2388.294,6.889,8.609,7.487,0.000,8.608,0.000,0.001,0.000,0.000,0.000,0.000,0.000,0.000,0.000
6936,2388.730,12.445,8.604,7.472,0.000,8.604,0.000,0.001,0.000,0.000,0.000,0.000,0.000,0.000,0.000
6937,2389.166,9.259,8.600,7.458,0.000,8.600,0.000,0.001,0.000,0.000,0.000,0.000,0.000,0.000,0.000
6938,2389.602,9.667,8.596,7.443,0.000,8.596,0.000,0.001,0.000,0.000,0.000,0.000,0.000,0.000,0.000
6939,2390.038,12.667,8.593,7.429,0.000,8.592,0.000,0.001,0.000,0.000,0.000,0.000,0.000,0.000,0.000
6940,2390.474,8.815,8.589,7.414,0.000,8.588,0.000,0.001,0.000,0.000,0.000,0.000,0.000,0.000,0.000
6941,2390.910,6.889,8.585,7.400,0.000,8.585,0.000,0.001,0.000,0.000,0.000,0.000,0.000,0.000,0.000
6942,2391.347,17.593,8.582,7.385,0.000,8.581,0.000,0.001,0.000,0.000,0.000,0.000,0.000,0.000,0.000
6943,2391.783,9.815,8.578,7.370,0.000,8.578,0.000,0.001,0.000,0.000,0.000,0.000,0.000,0.000,0.000
6944,2392.220,11.223,8.575,7.356,0.000,8.574,0.000,0.001,0.000,0.000,0.000,0.000,0.000,0.000,0.000
6945,2392.657,6.185,8.572,7.341,0.000,8.571,0.000,0.001,0.000,0.000,0.000,0.000,0.000,0.000,0.000
6946,2393.093,5.111,8.569,7.327,0.000,8.568,0.000,0.001,0.000,0.000,0.000,0.000,0.000,0.000,0.000
6947,2393.530,5.667,8.566,7.312,0.000,8.565,0.000,0.001,0.000,0.000,0.000,0.000,0.000,0.000,0.000
6948,2393.967,9.519,8.563,7.298,0.000,8.562,0.000,0.001,0.000,0.000,0.000,0.000,0.000,0.000,0.000
6949,2394.404,15.667,8.560,7.283,0.000,8.559,0.000,0.001,0.000,0.000,0.000,0.000,0.000,0.000,0.000
6950,2394.842,10.963,8.557,7.269,0.000,8.557,0.000,0.001,0.000,0.000,0.000,0.000,0.000,0.000,0.000
6951,2395.279,7.963,8.555,7.254,0.000,8.554,0.000,0.001,0.000,0.000,0.000,0.000,0.000,0.000,0.000
6952,2395.716,11.815,8.552,7.240,0.000,8.552,0.000,0.001,0.000,0.000,0.000,0.000,0.000,0.000,0.000
6953,2396.154,7.334,8.550,7.225,0.000,8.549,0.000,0.001,0.000,0.000,0.000,0.000,0.000,0.000,0.000
6954,2396.591,9.037,8.548,7.210,0.000,8.547,0.000,0.001,0.000,0.000,0.000,0.000,0.000,0.000,0.000
6955,2397.029,4.889,8.545,7.196,0.000,8.545,0.000,0.001,0.000,0.000,0.000,0.000,0.000,0.000,0.000
6956,2397.467,8.741,8.543,7.181,0.000,8.543,0.000,0.001,0.000,0.000,0.000,0.000,0.000,0.000,0.000
6957,2397.904,11.408,8.542,7.167,0.000,8.541,0.000,0.001,0.000,0.000,0.000,0.000,0.000,0.000,0.000
6958,2398.342,4.741,8.540,7.152,0.000,8.539,0.000,0.001,0.000,0.000,0.000,0.000,0.000,0.000,0.000
6959,2398.780,5.519,8.538,7.138,0.000,8.537,0.000,0.001,0.000,0.000,0.000,0.000,0.000,0.000,0.000
6960,2399.218,7.593,8.537,7.123,0.000,8.536,0.000,0.001,0.000,0.000,0.000,0.000,0.000,0.000,0.000
6961,2399.657,10.001,8.535,7.109,0.000,8.535,0.000,0.001,0.000,0.000,0.000,0.000,0.000,0.000,0.000
6962,2400.095,10.667,8.534,7.094,0.000,8.533,0.000,0.001,0.000,0.000,0.000,0.000,0.000,0.000,0.000
6963,2400.533,8.926,8.533,7.079,0.000,8.532,0.000,0.001,0.000,0.000,0.000,0.000,0.000,0.000,0.000
6964,2400.972,7.741,8.532,7.065,0.000,8.531,0.000,0.001,0.000,0.000,0.000,0.000,0.000,0.000,0.000
6965,2401.410,10.037,8.531,7.050,0.000,8.530,0.000,0.001,0.000,0.000,0.000,0.000,0.000,0.000,0.000
6966,2401.849,8.111,8.530,7.036,0.000,8.529,0.000,0.001,0.000,0.000,0.000,0.000,0.000,0.000,0.000
6967,2402.288,10.111,8.529,7.021,0.000,8.529,0.000,0.001,0.000,0.000,0.000,0.000,0.000,0.000,0.000
6968,2402.727,5.815,8.529,7.007,0.000,8.528,0.000,0.001,0.000,0.000,0.000,0.000,0.000,0.000,0.000
6969,2403.166,7.075,8.528,6.992,0.000,8.528,0.000,0.001,0.000,0.000,0.000,0.000,0.000,0.000,0.000
6970,2403.605,6.111,8.528,6.978,0.000,8.527,0.000,0.001,0.000,0.000,0.000,0.000,0.000,0.000,0.000
6971,2404.044,11.556,8.528,6.963,0.000,8.527,0.000,0.001,0.000,0.000,0.000,0.000,0.000,0.000,0.000
6972,2404.483,13.223,8.528,6.949,0.000,8.527,0.000,0.001,0.000,0.000,0.000,0.000,0.000,0.000,0.000
6973,2404.923,12.111,8.528,6.934,0.000,8.527,0.000,0.001,0.000,0.000,0.000,0.000,0.000,0.000,0.000
6974,2405.362,7.593,8.528,6.919,0.000,8.528,0.000,0.001,0.000,0.000,0.000,0.000,0.000,0.000,0.000
6975,2405.802,13.482,8.529,6.905,0.000,8.528,0.000,0.001,0.000,0.000,0.000,0.000,0.000,0.000,0.000
6976,2406.241,8.519,8.529,6.890,0.000,8.529,0.000,0.001,0.000,0.000,0.000,0.000,0.000,0.000,0.000
6977,2406.681,12.111,8.530,6.876,0.000,8.529,0.000,0.001,0.000,0.000,0.000,0.000,0.000,0.000,0.000
6978,2407.121,9.037,8.531,6.861,0.000,8.530,0.000,0.001,0.000,0.000,0.000,0.000,0.000,0.000,0.000
6979,2407.561,6.667,8.532,6.847,0.000,8.531,0.000,0.001,0.000,0.000,0.000,0.000,0.000,0.000,0.000
6980,2408.001,14.297,8.533,6.832,0.000,8.532,0.000,0.001,0.000,0.000,0.000,0.000,0.000,0.000,0.000
6981,2408.441,9.815,8.534,6.818,0.000,8.533,0.000,0.001,0.000,0.000,0.000,0.000,0.000,0.000,0.000
6982,2408.881,5.889,8.535,6.803,0.000,8.535,0.000,0.001,0.000,0.000,0.000,0.000,0.000,0.000,0.000
6983,2409.321,5.223,8.537,6.788,0.000,8.536,0.000,0.001,0.000,0.000,0.000,0.000,0.000,0.000,0.000
6984,2409.762,11.037,8.539,6.774,0.000,8.538,0.000,0.001,0.000,0.000,0.000,0.000,0.000,0.000,0.000
6985,2410.202,9.963,8.540,6.759,0.000,8.540,0.000,0.001,0.000,0.000,0.000,0.000,0.000,0.000,0.000
6986,2410.643,10.482,8.543,6.745,0.000,8.542,0.000,0.001,0.000,0.000,0.000,0.000,0.000,0.000,0.000
6987,2411.084,8.963,8.545,6.730,0.000,8.544,0.000,0.001,0.000,0.000,0.000,0.000,0.000,0.000,0.000
6988,2411.524,10.445,8.547,6.716,0.000,8.546,0.000,0.001,0.000,0.000,0.000,0.000,0.000,0.000,0.000
6989,2411.965,4.371,8.549,6.701,0.000,8.549,0.000,0.001,0.000,0.000,0.000,0.000,0.000,0.000,0.000
6990,2412.406,14.223,8.552,6.687,0.000,8.551,0.000,0.001,0.000,0.000,0.000,0.000,0.000,0.000,0.000
6991,2412.847,11.963,8.555,6.672,0.000,8.554,0.000,0.001,0.000,0.000,0.000,0.000,0.000,0.000,0.000
6992,2413.288,9.889,8.558,6.658,0.000,8.557,0.000,0.001,0.000,0.000,0.000,0.000,0.000,0.000,0.000
6993,2413.730,9.889,8.561,6.643,0.000,8.560,0.000,0.001,0.000,0.000,0.000,0.000,0.000,0.000,0.000
6994,2414.171,9.815,8.564,6.628,0.000,8.564,0.000,0.001,0.000,0.000,0.000,0.000,0.000,0.000,0.000
6995,2414.613,8.963,8.568,6.614,0.000,8.567,0.000,0.001,0.000,0.000,0.000,0.000,0.000,0.000,0.000
6996,2415.054,9.593,8.571,6.599,0.000,8.571,0.000,0.001,0.000,0.000,0.000,0.000,0.000,0.000,0.000
6997,2415.496,14.889,8.575,6.585,0.000,8.574,0.000,0.001,0.000,0.000,0.000,0.000,0.000,0.000,0.000
6998,2415.938,10.741,8.579,6.570,0.000,8.578,0.000,0.001,0.000,0.000,0.000,0.000,0.000,0.000,0.000
6999,2416.379,5.593,8.583,6.556,0.000,8.582,0.000,0.001,0.000,0.000,0.000,0.000,0.000,0.000,0.000
7000,2416.821,10.667,8.587,6.541,0.000,8.587,0.000,0.001,0.000,0.000,0.000,0.000,0.000,0.000,0.000
7001,2417.263,10.519,8.592,6.527,0.000,8.591,0.000,0.001,0.000,0.000,0.000,0.000,0.000,0.000,0.000
7002,2417.705,8.445,8.596,6.512,0.000,8.596,0.000,0.001,0.000,0.000,0.000,0.000,0.000,0.000,0.000
7003,2418.148,7.371,8.601,6.497,0.000,8.601,0.000,0.001,0.000,0.000,0.000,0.000,0.000,0.000,0.000
7004,2418.590,10.593,8.606,6.483,0.000,8.606,0.000,0.001,0.000,0.000,0.000,0.000,0.000,0.000,0.000
7005,2419.032,11.889,8.611,6.468,0.000,8.611,0.000,0.001,0.000,0.000,0.000,0.000,0.000,0.000,0.000
7006,2419.475,6.445,8.617,6.454,0.000,8.616,0.000,0.001,0.000,0.000,0.000,0.000,0.000,0.000,0.000
7007,2419.918,8.259,8.622,6.439,0.000,8.622,0.000,0.001,0.000,0.000,0.000,0.000,0.000,0.000,0.000
7008,2420.360,14.519,8.628,6.425,0.000,8.627,0.000,0.001,0.000,0.000,0.000,0.000,0.000,0.000,0.000
7009,2420.803,8.037,8.634,6.410,0.000,8.633,0.000,0.001,0.000,0.000,0.000,0.000,0.000,0.000,0.000
7010,2421.246,10.667,8.640,6.396,0.000,8.639,0.000,0.001,0.000,0.000,0.000,0.000,0.000,0.000,0.000
7011,2421.689,14.111,8.646,6.381,0.000,8.646,0.000,0.001,0.000,0.000,0.000,0.000,0.000,0.000,0.000
7012,2422.132,7.963,8.653,6.367,0.000,8.652,0.000,0.001,0.000,0.000,0.000,0.000,0.000,0.000,0.000
7013,2422.575,7.667,8.660,6.352,0.000,8.659,0.000,0.001,0.000,0.000,0.000,0.000,0.000,0.000,0.000
7014,2423.019,10.408,8.666,6.337,0.000,8.666,0.000,0.001,0.000,0.000,0.000,0.000,0.000,0.000,0.000
7015,2423.462,11.408,8.673,6.323,0.000,8.673,0.000,0.001,0.000,0.000,0.000,0.000,0.000,0.000,0.000
7016,2423.905,11.259,8.681,6.308,0.000,8.680,0.000,0.001,0.000,0.000,0.000,0.000,0.000,0.000,0.000
7017,2424.349,5.889,8.688,6.294,0.000,8.688,0.000,0.001,0.000,0.000,0.000,0.000,0.000,0.000,0.000
7018,2424.793,4.037,8.696,6.279,0.000,8.695,0.000,0.001,0.000,0.000,0.000,0.000,0.000,0.000,0.000
7019,2425.237,9.963,8.704,6.265,0.000,8.703,0.000,0.001,0.000,0.000,0.000,0.000,0.000,0.000,0.000
7020,2425.680,11.815,8.712,6.250,0.000,8.711,0.000,0.001,0.000,0.000,0.000,0.000,0.000,0.000,0.000
7021,2426.124,8.741,8.720,6.236,0.000,8.720,0.000,0.001,0.000,0.000,0.000,0.000,0.000,0.000,0.000
7022,2426.568,12.037,8.729,6.221,0.000,8.728,0.000,0.001,0.000,0.000,0.000,0.000,0.000,0.000,0.000
7023,2427.013,5.259,8.738,6.206,0.000,8.737,0.000,0.001,0.000,0.000,0.000,0.000,0.000,0.000,0.000
7024,2427.457,7.889,8.747,6.192,0.000,8.746,0.000,0.001,0.000,0.000,0.000,0.000,0.000,0.000,0.000
7025,2427.901,13.334,8.756,6.177,0.000,8.755,0.000,0.001,0.000,0.000,0.000,0.000,0.000,0.000,0.000
7026,2428.346,11.445,8.765,6.163,0.000,8.764,0.000,0.001,0.000,0.000,0.000,0.000,0.000,0.000,0.000
7027,2428.790,15.334,8.775,6.148,0.000,8.774,0.000,0.001,0.000,0.000,0.000,0.000,0.000,0.000,0.000
7028,2429.235,4.223,8.785,6.134,0.000,8.784,0.000,0.001,0.000,0.000,0.000,0.000,0.000,0.000,0.000
7029,2429.680,9.889,8.795,6.119,0.000,8.794,0.000,0.001,0.000,0.000,0.000,0.000,0.000,0.000,0.000
7030,2430.125,7.334,8.805,6.105,0.000,8.804,0.000,0.001,0.000,0.000,0.000,0.000,0.000,0.000,0.000
7031,2430.570,5.037,8.815,6.090,0.000,8.815,0.000,0.001,0.000,0.000,0.000,0.000,0.000,0.000,0.000
7032,2431.015,12.889,8.826,6.076,0.000,8.826,0.000,0.001,0.000,0.000,0.000,0.000,0.000,0.000,0.000
7033,2431.460,10.223,8.837,6.061,0.000,8.837,0.000,0.001,0.000,0.000,0.000,0.000,0.000,0.000,0.000
7034,2431.905,5.667,8.849,6.046,0.000,8.848,0.000,0.001,0.000,0.000,0.000,0.000,0.000,0.000,0.000
7035,2432.350,11.297,8.860,6.032,0.000,8.859,0.000,0.001,0.000,0.000,0.000,0.000,0.000,0.000,0.000
7036,2432.796,5.667,8.872,6.017,0.000,8.871,0.000,0.001,0.000,0.000,0.000,0.000,0.000,0.000,0.000
7037,2433.241,9.815,8.884,6.003,0.000,8.883,0.000,0.001,0.000,0.000,0.000,0.000,0.000,0.000,0.000
7038,2433.687,12.963,8.896,5.988,0.000,8.895,0.000,0.001,0.000,0.000,0.000,0.000,0.000,0.000,0.000
7039,2434.133,9.667,8.908,5.974,0.000,8.908,0.000,0.001,0.000,0.000,0.000,0.000,0.000,0.000,0.000
7040,2434.579,16.334,8.921,5.959,0.000,8.920,0.000,0.001,0.000,0.000,0.000,0.000,0.000,0.000,0.000
7041,2435.024,13.963,8.934,5.945,0.000,8.933,0.000,0.001,0.000,0.000,0.000,0.000,0.000,0.000,0.000
7042,2435.471,6.259,8.947,5.930,0.000,8.947,0.000,0.001,0.000,0.000,0.000,0.000,0.000,0.000,0.000
7043,2435.917,20.963,8.961,5.915,0.000,8.960,0.000,0.001,0.000,0.000,0.000,0.000,0.000,0.000,0.000
7044,2436.363,7.630,8.974,5.901,0.000,8.974,0.000,0.001,0.000,0.000,0.000,0.000,0.000,0.000,0.000
7045,2436.809,15.111,8.988,5.886,0.000,8.988,0.000,0.001,0.000,0.000,0.000,0.000,0.000,0.000,0.000
7046,2437.256,11.185,9.003,5.872,0.000,9.002,0.000,0.001,0.000,0.000,0.000,0.000,0.000,0.000,0.000
7047,2437.702,10.963,9.017,5.857,0.000,9.017,0.000,0.001,0.000,0.000,0.000,0.000,0.000,0.000,0.000
7048,2438.149,5.667,9.032,5.843,0.000,9.031,0.000,0.001,0.000,0.000,0.000,0.000,0.000,0.000,0.000
7049,2438.596,9.111,9.047,5.828,0.000,9.047,0.000,0.001,0.000,0.000,0.000,0.000,0.000,0.000,0.000
7050,2439.042,10.593,9.062,5.814,0.000,9.062,0.000,0.001,0.000,0.000,0.000,0.000,0.000,0.000,0.000
7051,2439.489,4.445,9.078,5.799,0.000,9.078,0.000,0.001,0.000,0.000,0.000,0.000,0.000,0.000,0.000
7052,2439.936,7.889,9.094,5.785,0.000,9.093,0.000,0.001,0.000,0.000,0.000,0.000,0.000,0.000,0.000
7053,2440.383,6.297,9.110,5.770,0.000,9.110,0.000,0.001,0.000,0.000,0.000,0.000,0.000,0.000,0.000
7054,2440.831,14.037,9.127,5.755,0.000,9.126,0.000,0.001,0.000,0.000,0.000,0.000,0.000,0.000,0.000
7055,2441.278,13.667,9.143,5.741,0.000,9.143,0.000,0.001,0.000,0.000,0.000,0.000,0.000,0.000,0.000
7056,2441.725,10.889,9.161,5.726,0.000,9.160,0.000,0.001,0.000,0.000,0.000,0.000,0.000,0.000,0.000
7057,2442.173,8.445,9.178,5.712,0.000,9.177,0.000,0.001,0.000,0.000,0.000,0.000,0.000,0.000,0.000
7058,2442.621,14.519,9.196,5.697,0.000,9.195,0.000,0.001,0.000,0.000,0.000,0.000,0.000,0.000,0.000
7059,2443.068,12.741,9.213,5.683,0.000,9.213,0.000,0.001,0.000,0.000,0.000,0.000,0.000,0.000,0.000
7060,2443.516,4.815,9.232,5.668,0.000,9.231,0.000,0.001,0.000,0.000,0.000,0.000,0.000,0.000,0.000
7061,2443.964,8.185,9.250,5.654,0.000,9.250,0.000,0.001,0.000,0.000,0.000,0.000,0.000,0.000,0.000
7062,2444.412,7.519,9.269,5.639,0.000,9.269,0.000,0.001,0.000,0.000,0.000,0.000,0.000,0.000,0.000
7063,2444.860,7.111,9.288,5.624,0.000,9.288,0.000,0.001,0.000,0.000,0.000,0.000,0.000,0.000,0.000
7064,2445.308,10.889,9.308,5.610,0.000,9.307,0.000,0.001,0.000,0.000,0.000,0.000,0.000,0.000,0.000
7065,2445.757,8.185,9.328,5.595,0.000,9.327,0.000,0.001,0.000,0.000,0.000,0.000,0.000,0.000,0.000
7066,2446.205,7.815,9.348,5.581,0.000,9.347,0.000,0.001,0.000,0.000,0.000,0.000,0.000,0.000,0.000
7067,2446.654,9.445,9.368,5.566,0.000,9.368,0.000,0.001,0.000,0.000,0.000,0.000,0.000,0.000,0.000
7068,2447.102,10.334,9.389,5.552,0.000,9.388,0.000,0.001,0.000,0.000,0.000,0.000,0.000,0.000,0.000
7069,2447.551,6.593,9.410,5.537,0.000,9.409,0.000,0.001,0.000,0.000,0.000,0.000,0.000,0.000,0.000
7070,2448.000,3.334,9.431,5.523,0.000,9.431,0.000,0.001,0.000,0.000,0.000,0.000,0.000,0.000,0.000
7071,2448.449,11.037,9.453,5.508,0.000,9.453,0.000,0.001,0.000,0.000,0.000,0.000,0.000,0.000,0.000
7072,2448.898,8.741,9.475,5.494,0.000,9.475,0.000,0.001,0.000,0.000,0.000,0.000,0.000,0.000,0.000
7073,2449.347,10.334,9.498,5.479,0.000,9.497,0.000,0.001,0.000,0.000,0.000,0.000,0.000,0.000,0.000
7074,2449.796,11.593,9.521,5.464,0.000,9.520,0.000,0.001,0.000,0.000,0.000,0.000,0.000,0.000,0.000
7075,2450.245,6.741,9.544,5.450,0.000,9.543,0.000,0.001,0.000,0.000,0.000,0.000,0.000,0.000,0.000
7076,2450.695,6.741,9.567,5.435,0.000,9.567,0.000,0.001,0.000,0.000,0.000,0.000,0.000,0.000,0.000
7077,2451.144,4.667,9.591,5.421,0.000,9.590,0.000,0.001,0.000,0.000,0.000,0.000,0.000,0.000,0.000
7078,2451.594,13.889,9.615,5.406,0.000,9.615,0.000,0.001,0.000,0.000,0.000,0.000,0.000,0.000,0.000
7079,2452.044,13.334,9.640,5.392,0.000,9.639,0.000,0.001,0.000,0.000,0.000,0.000,0.000,0.000,0.000
7080,2452.493,8.741,9.665,5.377,0.000,9.664,0.000,0.001,0.000,0.000,0.000,0.000,0.000,0.000,0.000
7081,2452.943,10.445,9.690,5.363,0.000,9.689,0.000,0.001,0.000,0.000,0.000,0.000,0.000,0.000,0.000
7082,2453.393,11.963,9.716,5.348,0.000,9.715,0.000,0.001,0.000,0.000,0.000,0.000,0.000,0.000,0.000
7083,2453.843,11.667,9.742,5.333,0.000,9.741,0.000,0.001,0.000,0.000,0.000,0.000,0.000,0.000,0.000
7084,2454.294,9.667,9.768,5.319,0.000,9.767,0.000,0.001,0.000,0.000,0.000,0.000,0.000,0.000,0.000
7085,2454.744,7.741,9.795,5.304,0.000,9.794,0.000,0.001,0.000,0.000,0.000,0.000,0.000,0.000,0.000
7086,2455.194,12.593,9.822,5.290,0.000,9.821,0.000,0.001,0.000,0.000,0.000,0.000,0.000,0.000,0.000
7087,2455.645,7.815,9.849,5.275,0.000,9.849,0.000,0.001,0.000,0.000,0.000,0.000,0.000,0.000,0.000
7088,2456.096,6.037,9.877,5.261,0.000,9.877,0.000,0.001,0.000,0.000,0.000,0.000,0.000,0.000,0.000
7089,2456.546,11.593,9.906,5.246,0.000,9.905,0.000,0.001,0.000,0.000,0.000,0.000,0.000,0.000,0.000
7090,2456.997,8.889,9.934,5.232,0.000,9.934,0.000,0.001,0.000,0.000,0.000,0.000,0.000,0.000,0.000
7091,2457.448,14.037,9.964,5.217,0.000,9.963,0.000,0.001,0.000,0.000,0.000,0.000,0.000,0.000,0.000
7092,2457.899,15.037,9.993,5.203,0.000,9.993,0.000,0.001,0.000,0.000,0.000,0.000,0.000,0.000,0.000
7093,2458.350,14.815,10.023,5.188,0.000,10.023,0.000,0.001,0.000,0.000,0.000,0.000,0.000,0.000,0.000
7094,2458.801,11.889,10.053,5.173,0.000,10.053,0.000,0.001,0.000,0.000,0.000,0.000,0.000,0.000,0.000
7095,2459.253,11.185,10.084,5.159,0.000,10.084,0.000,0.001,0.000,0.000,0.000,0.000,0.000,0.000,0.000
7096,2459.704,8.667,10.115,5.144,0.000,10.115,0.000,0.001,0.000,0.000,0.000,0.000,0.000,0.000,0.000
7097,2460.156,5.593,10.147,5.130,0.000,10.147,0.000,0.001,0.000,0.000,0.000,0.000,0.000,0.000,0.000
7098,2460.607,7.445,10.179,5.115,0.000,10.179,0.000,0.001,0.000,0.000,0.000,0.000,0.000,0.000,0.000
7099,2461.059,16.593,10.212,5.101,0.000,10.211,0.000,0.001,0.000,0.000,0.000,0.000,0.000,0.000,0.000
7100,2461.511,12.889,10.245,5.086,0.000,10.244,0.000,0.001,0.000,0.000,0.000,0.000,0.000,0.000,0.000
7101,2461.963,12.815,10.278,5.072,0.000,10.277,0.000,0.001,0.000,0.000,0.000,0.000,0.000,0.000,0.000
7102,2462.415,6.001,10.312,5.057,0.000,10.311,0.000,0.001,0.000,0.000,0.000,0.000,0.000,0.000,0.000
7103,2462.867,15.111,10.346,5.042,0.000,10.346,0.000,0.001,0.000,0.000,0.000,0.000,0.000,0.000,0.000
7104,2463.319,12.815,10.381,5.028,0.000,10.380,0.000,0.000,0.000,0.000,0.000,0.000,0.000,0.000,0.000
7105,2463.772,11.371,10.416,5.013,0.000,10.415,0.000,0.000,0.000,0.000,0.000,0.000,0.000,0.000,0.000
7106,2464.224,8.963,10.452,4.999,0.000,10.451,0.000,0.000,0.000,0.000,0.000,0.000,0.000,0.000,0.000
7107,2464.677,17.815,10.488,4.984,0.000,10.487,0.000,0.000,0.000,0.000,0.000,0.000,0.000,0.000,0.000
7108,2465.129,12.963,10.524,4.970,0.000,10.524,0.000,0.000,0.000,0.000,0.000,0.000,0.000,0.000,0.000
7109,2465.582,10.815,10.561,4.955,0.000,10.561,0.000,0.000,0.000,0.000,0.000,0.000,0.000,0.000,0.000
7110,2466.035,9.408,10.599,4.941,0.000,10.598,0.000,0.000,0.000,0.000,0.000,0.000,0.000,0.000,0.000
7111,2466.488,19.667,10.637,4.926,0.000,10.636,0.000,0.000,0.000,0.000,0.000,0.000,0.000,0.000,0.000
7112,2466.941,8.519,10.675,4.912,0.000,10.675,0.000,0.000,0.000,0.000,0.000,0.000,0.000,0.000,0.000
7113,2467.394,15.111,10.714,4.897,0.000,10.714,0.000,0.000,0.000,0.000,0.000,0.000,0.000,0.000,0.000
7114,2467.847,8.223,10.754,4.882,0.000,10.753,0.000,0.000,0.000,0.000,0.000,0.000,0.000,0.000,0.000
7115,2468.301,6.037,10.794,4.868,0.000,10.793,0.000,0.000,0.000,0.000,0.000,0.000,0.000,0.000,0.000
7116,2468.754,12.963,10.834,4.853,0.000,10.834,0.000,0.000,0.000,0.000,0.000,0.000,0.000,0.000,0.000
7117,2469.208,13.185,10.875,4.839,0.000,10.875,0.000,0.000,0.000,0.000,0.000,0.000,0.000,0.000,0.000
7118,2469.661,11.889,10.917,4.824,0.000,10.916,0.000,0.000,0.000,0.000,0.000,0.000,0.000,0.000,0.000
7119,2470.115,17.037,10.959,4.810,0.000,10.958,0.000,0.000,0.000,0.000,0.000,0.000,0.000,0.000,0.000
7120,2470.569,10.037,11.001,4.795,0.000,11.001,0.000,0.000,0.000,0.000,0.000,0.000,0.000,0.000,0.000
7121,2471.023,14.111,11.045,4.781,0.000,11.044,0.000,0.000,0.000,0.000,0.000,0.000,0.000,0.000,0.000
7122,2471.477,10.445,11.088,4.766,0.000,11.088,0.000,0.000,0.000,0.000,0.000,0.000,0.000,0.000,0.000
7123,2471.931,5.741,11.132,4.752,0.000,11.132,0.000,0.000,0.000,0.000,0.000,0.000,0.000,0.000,0.000
7124,2472.385,10.593,11.177,4.737,0.000,11.177,0.000,0.000,0.000,0.000,0.000,0.000,0.000,0.000,0.000
7125,2472.840,11.037,11.222,4.722,0.000,11.222,0.000,0.000,0.000,0.000,0.000,0.000,0.000,0.000,0.000
7126,2473.294,15.149,11.268,4.708,0.000,11.268,0.000,0.000,0.000,0.000,0.000,0.000,0.000,0.000,0.000
7127,2473.749,11.593,11.325,4.704,0.000,11.325,0.000,0.000,0.000,0.000,0.000,0.000,0.000,0.000,0.000
7128,2474.204,10.111,11.382,4.700,0.000,11.382,0.000,0.000,0.000,0.000,0.000,0.000,0.000,0.000,0.000
7129,2474.658,13.519,11.440,4.695,0.000,11.440,0.000,0.000,0.000,0.000,0.000,0.000,0.000,0.000,0.000
7130,2475.113,9.334,11.499,4.691,0.000,11.498,0.000,0.000,0.000,0.000,0.000,0.000,0.000,0.000,0.000
7131,2475.568,6.445,11.558,4.687,0.000,11.558,0.000,0.000,0.000,0.000,0.000,0.000,0.000,0.000,0.000
7132,2476.023,8.815,11.618,4.683,0.000,11.617,0.000,0.000,0.000,0.000,0.000,0.000,0.000,0.000,0.000
7133,2476.479,9.889,11.678,4.679,0.000,11.678,0.000,0.000,0.000,0.000,0.000,0.000,0.000,0.000,0.000
7134,2476.934,10.889,11.739,4.675,0.000,11.738,0.000,0.000,0.000,0.000,0.000,0.000,0.000,0.000,0.000
7135,2477.389,9.741,11.800,4.671,0.000,11.800,0.000,0.000,0.000,0.000,0.000,0.000,0.000,0.000,0.000
7136,2477.845,10.593,11.862,4.667,0.000,11.862,0.000,0.000,0.000,0.000,0.000,0.000,0.000,0.000,0.000
7137,2478.301,10.371,11.925,4.662,0.000,11.925,0.000,0.000,0.000,0.000,0.000,0.000,0.000,0.000,0.000
7138,2478.756,20.185,11.989,4.658,0.000,11.988,0.000,0.000,0.000,0.000,0.000,0.000,0.000,0.000,0.000
7139,2479.212,8.519,12.052,4.654,0.000,12.052,0.000,0.000,0.000,0.000,0.000,0.000,0.000,0.000,0.000
7140,2479.668,13.889,12.117,4.650,0.000,12.117,0.000,0.000,0.000,0.000,0.000,0.000,0.000,0.000,0.000
7141,2480.124,5.667,12.182,4.646,0.000,12.182,0.000,0.000,0.000,0.000,0.000,0.000,0.000,0.000,0.000
7142,2480.580,5.741,12.248,4.642,0.000,12.248,0.000,0.000,0.000,0.000,0.000,0.000,0.000,0.000,0.000
7143,2481.036,18.519,12.315,4.638,0.000,12.314,0.000,0.000,0.000,0.000,0.000,0.000,0.000,0.000,0.000
7144,2481.493,15.963,12.382,4.634,0.000,12.382,0.000,0.000,0.000,0.000,0.000,0.000,0.000,0.000,0.000
7145,2481.949,10.593,12.450,4.629,0.000,12.449,0.000,0.000,0.000,0.000,0.000,0.000,0.000,0.000,0.000
7146,2482.406,14.815,12.518,4.625,0.000,12.518,0.000,0.000,0.000,0.000,0.000,0.000,0.000,0.000,0.000
7147,2482.862,11.075,12.587,4.621,0.000,12.587,0.000,0.000,0.000,0.000,0.000,0.000,0.000,0.000,0.000
7148,2483.319,9.223,12.657,4.617,0.000,12.657,0.000,0.000,0.000,0.000,0.000,0.000,0.000,0.000,0.000
7149,2483.776,14.445,12.728,4.613,0.000,12.728,0.000,0.000,0.000,0.000,0.000,0.000,0.000,0.000,0.000
7150,2484.233,17.445,12.799,4.609,0.000,12.799,0.000,0.000,0.000,0.000,0.000,0.000,0.000,0.000,0.000
7151,2484.690,10.667,12.871,4.605,0.000,12.871,0.000,0.000,0.000,0.000,0.000,0.000,0.000,0.000,0.000
7152,2485.147,8.519,12.944,4.601,0.000,12.943,0.000,0.000,0.000,0.000,0.000,0.000,0.000,0.000,0.000
7153,2485.605,9.963,13.017,4.596,0.000,13.017,0.000,0.000,0.000,0.000,0.000,0.000,0.000,0.000,0.000
7154,2486.062,12.889,13.091,4.592,0.000,13.091,0.000,0.000,0.000,0.000,0.000,0.000,0.000,0.000,0.000
7155,2486.519,14.593,13.166,4.588,0.000,13.166,0.000,0.000,0.000,0.000,0.000,0.000,0.000,0.000,0.000
7156,2486.977,12.815,13.242,4.584,0.000,13.241,0.000,0.000,0.000,0.000,0.000,0.000,0.000,0.000,0.000
7157,2487.435,11.593,13.318,4.580,0.000,13.318,0.000,0.000,0.000,0.000,0.000,0.000,0.000,0.000,0.000
7158,2487.893,12.667,13.395,4.576,0.000,13.395,0.000,0.000,0.000,0.000,0.000,0.000,0.000,0.000,0.000
7159,2488.350,9.371,13.473,4.572,0.000,13.472,0.000,0.000,0.000,0.000,0.000,0.000,0.000,0.000,0.000
7160,2488.808,15.519,13.551,4.567,0.000,13.551,0.000,0.000,0.000,0.000,0.000,0.000,0.000,0.000,0.000
7161,2489.267,11.371,13.631,4.563,0.000,13.630,0.000,0.000,0.000,0.000,0.000,0.000,0.000,0.000,0.000
7162,2489.725,10.667,13.711,4.559,0.000,13.710,0.000,0.000,0.000,0.000,0.000,0.000,0.000,0.000,0.000
7163,2490.183,19.963,13.792,4.555,0.000,13.791,0.000,0.000,0.000,0.000,0.000,0.000,0.000,0.000,0.000
7164,2490.642,15.297,13.873,4.551,0.000,13.873,0.000,0.000,0.000,0.000,0.000,0.000,0.000,0.000,0.000
7165,2491.100,12.593,13.956,4.547,0.000,13.955,0.000,0.000,0.000,0.000,0.000,0.000,0.000,0.000,0.000
7166,2491.559,13.963,14.039,4.543,0.000,14.039,0.000,0.000,0.000,0.000,0.000,0.000,0.000,0.000,0.000
7167,2492.017,15.037,14.123,4.539,0.000,14.123,0.000,0.000,0.000,0.000,0.000,0.000,0.000,0.000,0.000
7168,2492.476,22.815,14.208,4.534,0.000,14.208,0.000,0.000,0.000,0.000,0.000,0.000,0.000,0.000,0.000
7169,2492.935,15.111,14.294,4.530,0.000,14.293,0.000,0.000,0.000,0.000,0.000,0.000,0.000,0.000,0.000
7170,2493.394,11.297,14.380,4.526,0.000,14.380,0.000,0.000,0.000,0.000,0.000,0.000,0.000,0.000,0.000
7171,2493.854,17.371,14.468,4.522,0.000,14.467,0.000,0.000,0.000,0.000,0.000,0.000,0.000,0.000,0.000
7172,2494.313,9.852,14.556,4.518,0.000,14.556,0.000,0.000,0.000,0.000,0.000,0.000,0.000,0.000,0.000
7173,2494.772,15.297,14.645,4.514,0.000,14.645,0.000,0.000,0.000,0.000,0.000,0.000,0.000,0.000,0.000
7174,2495.232,16.037,14.735,4.510,0.000,14.735,0.000,0.000,0.000,0.000,0.000,0.000,0.000,0.000,0.000
7175,2495.691,18.297,14.826,4.506,0.000,14.826,0.000,0.000,0.000,0.000,0.000,0.000,0.000,0.000,0.000
7176,2496.151,13.815,14.918,4.501,0.000,14.917,0.000,0.000,0.000,0.000,0.000,0.000,0.000,0.000,0.000
7177,2496.611,13.593,15.010,4.497,0.000,15.010,0.000,0.000,0.000,0.000,0.000,0.000,0.000,0.000,0.000
7178,2497.071,10.593,15.104,4.493,0.000,15.104,0.000,0.000,0.000,0.000,0.000,0.000,0.000,0.000,0.000
7179,2497.531,12.519,15.198,4.489,0.000,15.198,0.000,0.000,0.000,0.000,0.000,0.000,0.000,0.000,0.000
7180,2497.991,12.815,15.294,4.485,0.000,15.293,0.000,0.000,0.000,0.000,0.000,0.000,0.000,0.000,0.000
7181,2498.451,13.223,15.390,4.481,0.000,15.390,0.000,0.000,0.000,0.000,0.000,0.000,0.000,0.000,0.000
7182,2498.911,9.926,15.487,4.477,0.000,15.487,0.000,0.000,0.000,0.000,0.000,0.000,0.000,0.000,0.000
7183,2499.372,16.667,15.585,4.473,0.000,15.585,0.000,0.000,0.000,0.000,0.000,0.000,0.000,0.000,0.000
7184,2499.832,23.445,15.684,4.468,0.000,15.684,0.000,0.000,0.000,0.000,0.000,0.000,0.000,0.000,0.000
7185,2500.293,14.593,15.785,4.464,0.000,15.784,0.000,0.000,0.000,0.000,0.000,0.000,0.000,0.000,0.000
7186,2500.754,16.297,15.886,4.460,0.000,15.885,0.000,0.000,0.000,0.000,0.000,0.000,0.000,0.000,0.000
7187,2501.214,15.667,15.988,4.456,0.000,15.987,0.000,0.000,0.000,0.000,0.000,0.000,0.000,0.000,0.000
7188,2501.675,13.037,16.091,4.452,0.000,16.090,0.000,0.000,0.000,0.000,0.000,0.000,0.000,0.000,0.000
7189,2502.136,14.926,16.195,4.448,0.000,16.194,0.000,0.000,0.000,0.000,0.000,0.000,0.000,0.000,0.000
7190,2502.598,23.741,16.300,4.444,0.000,16.299,0.000,0.000,0.000,0.000,0.000,0.000,0.000,0.000,0.000
7191,2503.059,13.037,16.406,4.440,0.000,16.405,0.000,0.000,0.000,0.000,0.000,0.000,0.000,0.000,0.000
7192,2503.520,16.519,16.513,4.435,0.000,16.512,0.000,0.000,0.000,0.000,0.000,0.000,0.000,0.000,0.000
7193,2503.982,18.519,16.621,4.431,0.000,16.620,0.000,0.000,0.000,0.000,0.000,0.000,0.000,0.000,0.000
7194,2504.443,18.149,16.730,4.427,0.000,16.729,0.000,0.000,0.000,0.000,0.000,0.000,0.000,0.000,0.000
7195,2504.905,18.519,16.840,4.423,0.000,16.840,0.000,0.000,0.000,0.000,0.000,0.000,0.000,0.000,0.000
7196,2505.367,14.297,16.951,4.419,0.000,16.951,0.000,0.000,0.000,0.000,0.000,0.000,0.000,0.000,0.000
7197,2505.829,22.037,17.063,4.415,0.000,17.063,0.000,0.000,0.000,0.000,0.000,0.000,0.000,0.000,0.000
7198,2506.291,12.778,17.177,4.411,0.000,17.176,0.000,0.000,0.000,0.000,0.000,0.000,0.000,0.000,0.000
7199,2506.753,19.815,17.291,4.406,0.000,17.291,0.000,0.000,0.000,0.000,0.000,0.000,0.000,0.000,0.000
7200,2507.215,16.149,17.407,4.402,0.000,17.406,0.000,0.000,0.000,0.000,0.000,0.000,0.000,0.000,0.000
7201,2507.677,22.001,17.524,4.398,0.000,17.523,0.000,0.000,0.000,0.000,0.000,0.000,0.000,0.000,0.000
7202,2508.140,19.519,17.641,4.394,0.000,17.641,0.000,0.000,0.000,0.000,0.000,0.000,0.000,0.000,0.000
7203,2508.602,13.037,17.760,4.390,0.000,17.760,0.000,0.000,0.000,0.000,0.000,0.000,0.000,0.000,0.000
7204,2509.065,5.482,17.880,4.386,0.000,17.880,0.000,0.000,0.000,0.000,0.000,0.000,0.000,0.000,0.000
7205,2509.528,16.852,18.002,4.382,0.000,18.001,0.000,0.000,0.000,0.000,0.000,0.000,0.000,0.000,0.000
7206,2509.991,19.519,18.124,4.378,0.000,18.124,0.000,0.000,0.000,0.000,0.000,0.000,0.000,0.000,0.000
7207,2510.454,13.001,18.248,4.373,0.000,18.247,0.000,0.000,0.000,0.000,0.000,0.000,0.000,0.000,0.000
7208,2510.917,21.593,18.372,4.369,0.000,18.372,0.000,0.000,0.000,0.000,0.000,0.000,0.000,0.000,0.000
7209,2511.380,15.223,18.498,4.365,0.000,18.498,0.000,0.000,0.000,0.000,0.000,0.000,0.000,0.000,0.000
7210,2511.843,19.297,18.625,4.361,0.000,18.625,0.000,0.000,0.000,0.000,0.000,0.000,0.000,0.000,0.000
7211,2512.307,28.223,18.754,4.357,0.000,18.753,0.000,0.000,0.000,0.000,0.000,0.000,0.000,0.000,0.000
7212,2512.770,26.926,18.883,4.353,0.000,18.883,0.000,0.000,0.000,0.000,0.000,0.000,0.000,0.000,0.000
7213,2513.234,12.001,19.014,4.349,0.000,19.014,0.000,0.000,0.000,0.000,0.000,0.000,0.000,0.000,0.000
7214,2513.698,17.408,19.146,4.345,0.000,19.146,0.000,0.000,0.000,0.000,0.000,0.000,0.000,0.000,0.000
7215,2514.161,23.889,19.280,4.340,0.000,19.279,0.000,0.000,0.000,0.000,0.000,0.000,0.000,0.000,0.000
7216,2514.625,16.556,19.414,4.336,0.000,19.414,0.000,0.000,0.000,0.000,0.000,0.000,0.000,0.000,0.000
7217,2515.089,23.001,19.550,4.332,0.000,19.550,0.000,0.000,0.000,0.000,0.000,0.000,0.000,0.000,0.000
7218,2515.554,20.371,19.688,4.328,0.000,19.687,0.000,0.000,0.000,0.000,0.000,0.000,0.000,0.000,0.000
7219,2516.018,18.704,19.826,4.324,0.000,19.826,0.000,0.000,0.000,0.000,0.000,0.000,0.000,0.000,0.000
7220,2516.482,13.630,19.966,4.320,0.000,19.966,0.000,0.000,0.000,0.000,0.000,0.000,0.000,0.000,0.000
7221,2516.947,26.371,20.107,4.316,0.000,20.107,0.000,0.000,0.000,0.000,0.000,0.000,0.000,0.000,0.000
7222,2517.411,22.297,20.250,4.312,0.000,20.249,0.000,0.000,0.000,0.000,0.000,0.000,0.000,0.000,0.000
7223,2517.876,24.371,20.394,4.307,0.000,20.393,0.000,0.000,0.000,0.000,0.000,0.000,0.000,0.000,0.000
7224,2518.341,24.926,20.539,4.303,0.000,20.539,0.000,0.000,0.000,0.000,0.000,0.000,0.000,0.000,0.000
7225,2518.806,19.704,20.686,4.299,0.000,20.685,0.000,0.000,0.000,0.000,0.000,0.000,0.000,0.000,0.000
7226,2519.271,20.852,20.834,4.295,0.000,20.833,0.000,0.000,0.000,0.000,0.000,0.000,0.000,0.000,0.000
7227,2519.736,21.593,20.983,4.291,0.000,20.983,0.000,0.000,0.000,0.000,0.000,0.000,0.000,0.000,0.000
7228,2520.201,12.445,21.134,4.287,0.000,21.134,0.000,0.000,0.000,0.000,0.000,0.000,0.000,0.000,0.000
7229,2520.666,24.075,21.287,4.283,0.000,21.286,0.000,0.000,0.000,0.000,0.000,0.000,0.000,0.000,0.000
7230,2521.132,12.926,21.440,4.279,0.000,21.440,0.000,0.000,0.000,0.000,0.000,0.000,0.000,0.000,0.000
7231,2521.597,19.445,21.596,4.274,0.000,21.595,0.000,0.000,0.000,0.000,0.000,0.000,0.000,0.000,0.000
7232,2522.063,23.149,21.752,4.270,0.000,21.752,0.000,0.000,0.000,0.000,0.000,0.000,0.000,0.000,0.000
7233,2522.529,17.223,21.911,4.266,0.000,21.910,0.000,0.000,0.000,0.000,0.000,0.000,0.000,0.000,0.000
7234,2522.995,28.852,22.071,4.262,0.000,22.070,0.000,0.000,0.000,0.000,0.000,0.000,0.000,0.000,0.000
7235,2523.461,18.445,22.232,4.258,0.000,22.231,0.000,0.000,0.000,0.000,0.000,0.000,0.000,0.000,0.000
7236,2523.927,32.593,22.395,4.254,0.000,22.394,0.000,0.000,0.000,0.000,0.000,0.000,0.000,0.000,0.000
7237,2524.393,27.482,22.559,4.250,0.000,22.559,0.000,0.000,0.000,0.000,0.000,0.000,0.000,0.000,0.000
7238,2524.859,35.408,22.725,4.245,0.000,22.725,0.000,0.000,0.000,0.000,0.000,0.000,0.000,0.000,0.000
7239,2525.326,23.630,22.893,4.241,0.000,22.892,0.000,0.000,0.000,0.000,0.000,0.000,0.000,0.000,0.000
7240,2525.792,27.519,23.062,4.237,0.000,23.061,0.000,0.000,0.000,0.000,0.000,0.000,0.000,0.000,0.000
7241,2526.259,19.297,23.232,4.233,0.000,23.232,0.000,0.000,0.000,0.000,0.000,0.000,0.000,0.000,0.000
7242,2526.726,19.926,23.405,4.229,0.000,23.404,0.000,0.000,0.000,0.000,0.000,0.000,0.000,0.000,0.000
7243,2527.193,26.445,23.579,4.225,0.000,23.578,0.000,0.000,0.000,0.000,0.000,0.000,0.000,0.000,0.000
7244,2527.659,17.112,23.754,4.221,0.000,23.754,0.000,0.000,0.000,0.000,0.000,0.000,0.000,0.000,0.000
7245,2528.127,29.667,23.932,4.217,0.000,23.931,0.000,0.000,0.000,0.000,0.000,0.000,0.000,0.000,0.000
7246,2528.594,27.297,24.111,4.212,0.000,24.110,0.000,0.000,0.000,0.000,0.000,0.000,0.000,0.000,0.000
7247,2529.061,22.001,24.292,4.208,0.000,24.291,0.000,0.000,0.000,0.000,0.000,0.000,0.000,0.000,0.000
7248,2529.528,30.704,24.474,4.204,0.000,24.474,0.000,0.000,0.000,0.000,0.000,0.000,0.000,0.000,0.000
7249,2529.996,19.926,24.658,4.200,0.000,24.658,0.000,0.000,0.000,0.000,0.000,0.000,0.000,0.000,0.000
7250,2530.464,24.149,24.844,4.196,0.000,24.844,0.000,0.000,0.000,0.000,0.000,0.000,0.000,0.000,0.000
7251,2530.931,16.556,25.032,4.192,0.000,25.031,0.000,0.000,0.000,0.000,0.000,0.000,0.000,0.000,0.000
7252,2531.399,27.223,25.221,4.188,0.000,25.221,0.000,0.000,0.000,0.000,0.000,0.000,0.000,0.000,0.000
7253,2531.867,21.001,25.412,4.184,0.000,25.412,0.000,0.000,0.000,0.000,0.000,0.000,0.000,0.000,0.000
7254,2532.335,13.556,25.606,4.179,0.000,25.605,0.000,0.000,0.000,0.000,0.000,0.000,0.000,0.000,0.000
7255,2532.803,17.852,25.800,4.175,0.000,25.800,0.000,0.000,0.000,0.000,0.000,0.000,0.000,0.000,0.000
7256,2533.272,13.297,25.997,4.171,0.000,25.997,0.000,0.000,0.000,0.000,0.000,0.000,0.000,0.000,0.000
7257,2533.740,20.778,26.196,4.167,0.000,26.195,0.000,0.000,0.000,0.000,0.000,0.000,0.000,0.000,0.000
7258,2534.208,12.852,26.396,4.163,0.000,26.396,0.000,0.000,0.000,0.000,0.000,0.000,0.000,0.000,0.000
7259,2534.677,22.630,26.599,4.159,0.000,26.598,0.000,0.000,0.000,0.000,0.000,0.000,0.000,0.000,0.000
7260,2535.146,23.149,26.803,4.155,0.000,26.803,0.000,0.000,0.000,0.000,0.000,0.000,0.000,0.000,0.000
7261,2535.615,20.482,27.009,4.151,0.000,27.009,0.000,0.000,0.000,0.000,0.000,0.000,0.000,0.000,0.000
7262,2536.084,25.556,27.218,4.146,0.000,27.217,0.000,0.000,0.000,0.000,0.000,0.000,0.000,0.000,0.000
7263,2536.553,34.223,27.428,4.142,0.000,27.427,0.000,0.000,0.000,0.000,0.000,0.000,0.000,0.000,0.000
7264,2537.022,17.260,27.640,4.138,0.000,27.639,0.000,0.000,0.000,0.000,0.000,0.000,0.000,0.000,0.000
7265,2537.491,28.556,27.854,4.134,0.000,27.854,0.000,0.000,0.000,0.000,0.000,0.000,0.000,0.000,0.000
7266,2537.960,24.630,28.070,4.130,0.000,28.070,0.000,0.000,0.000,0.000,0.000,0.000,0.000,0.000,0.000
7267,2538.430,34.408,28.288,4.126,0.000,28.288,0.000,0.000,0.000,0.000,0.000,0.000,0.000,0.000,0.000
7268,2538.899,27.223,28.508,4.122,0.000,28.507,0.000,0.000,0.000,0.000,0.000,0.000,0.000,0.000,0.000
7269,2539.369,21.667,28.727,4.118,0.000,28.727,0.000,0.000,0.000,0.000,0.000,0.000,0.000,0.000,0.000
7270,2539.839,26.556,28.948,4.113,0.000,28.947,0.000,0.000,0.000,0.000,0.000,0.000,0.000,0.000,0.000
7271,2540.309,35.075,29.169,4.109,0.000,29.168,0.000,0.000,0.000,0.000,0.000,0.000,0.000,0.000,0.000
7272,2540.779,29.371,29.391,4.105,0.000,29.390,0.000,0.000,0.000,0.000,0.000,0.000,0.000,0.000,0.000
7273,2541.249,38.630,29.613,4.101,0.000,29.612,0.000,0.000,0.000,0.000,0.000,0.000,0.000,0.000,0.000
7274,2541.719,26.852,29.835,4.097,0.000,29.835,0.000,0.000,0.000,0.000,0.000,0.000,0.000,0.000,0.000
7275,2542.190,36.334,30.058,4.093,0.000,30.058,0.000,0.000,0.000,0.000,0.000,0.000,0.000,0.000,0.000
7276,2542.660,22.926,30.282,4.089,0.000,30.281,0.000,0.000,0.000,0.000,0.000,0.000,0.000,0.000,0.000
7277,2543.131,27.149,30.506,4.084,0.000,30.505,0.000,0.000,0.000,0.000,0.000,0.000,0.000,0.000,0.000
7278,2543.601,34.630,30.730,4.080,0.000,30.729,0.000,0.000,0.000,0.000,0.000,0.000,0.000,0.000,0.000
7279,2544.072,19.926,30.955,4.076,0.000,30.954,0.000,0.000,0.000,0.000,0.000,0.000,0.000,0.000,0.000
7280,2544.543,39.778,31.180,4.072,0.000,31.179,0.000,0.000,0.000,0.000,0.000,0.000,0.000,0.000,0.000
7281,2545.014,27.778,31.405,4.068,0.000,31.405,0.000,0.000,0.000,0.000,0.000,0.000,0.000,0.000,0.000
7282,2545.485,32.704,31.631,4.064,0.000,31.630,0.000,0.000,0.000,0.000,0.000,0.000,0.000,0.000,0.000
7283,2545.957,28.186,31.857,4.060,0.000,31.856,0.000,0.000,0.000,0.000,0.000,0.000,0.000,0.000,0.000
7284,2546.428,34.704,32.083,4.056,0.000,32.082,0.000,0.000,0.000,0.000,0.000,0.000,0.000,0.000,0.000
7285,2546.899,40.852,32.309,4.051,0.000,32.309,0.000,0.000,0.000,0.000,0.000,0.000,0.000,0.000,0.000
7286,2547.371,20.556,32.536,4.047,0.000,32.536,0.000,0.000,0.000,0.000,0.000,0.000,0.000,0.000,0.000
7287,2547.843,40.149,32.763,4.043,0.000,32.762,0.000,0.000,0.000,0.000,0.000,0.000,0.000,0.000,0.000
7288,2548.314,29.371,32.990,4.039,0.000,32.989,0.000,0.000,0.000,0.000,0.000,0.000,0.000,0.000,0.000
7289,2548.786,18.556,33.217,4.035,0.000,33.216,0.000,0.001,0.000,0.000,0.000,0.000,0.000,0.000,0.000
7290,2549.258,29.964,33.444,4.031,0.000,33.444,0.000,0.001,0.000,0.000,0.000,0.000,0.000,0.000,0.000
7291,2549.730,27.297,33.672,4.027,0.000,33.671,0.000,0.001,0.000,0.000,0.000,0.000,0.000,0.000,0.000
7292,2550.203,26.482,33.899,4.023,0.000,33.898,0.000,0.001,0.000,0.000,0.000,0.000,0.000,0.000,0.000
7293,2550.675,28.297,34.126,4.018,0.000,34.126,0.000,0.001,0.000,0.000,0.000,0.000,0.000,0.000,0.000
7294,2551.148,29.704,34.354,4.014,0.000,34.353,0.000,0.001,0.000,0.000,0.000,0.000,0.000,0.000,0.000
7295,2551.620,16.630,34.581,4.010,0.000,34.580,0.000,0.001,0.000,0.000,0.000,0.000,0.000,0.000,0.000
7296,2552.093,39.593,34.808,4.006,0.000,34.808,0.000,0.001,0.000,0.000,0.000,0.000,0.000,0.000,0.000
7297,2552.566,40.001,35.035,4.002,0.000,35.035,0.000,0.001,0.000,0.000,0.000,0.000,0.000,0.000,0.000
7298,2553.039,33.890,35.262,3.998,0.000,35.262,0.000,0.001,0.000,0.000,0.000,0.000,0.000,0.000,0.000
7299,2553.512,37.371,35.489,3.994,0.000,35.489,0.000,0.001,0.000,0.000,0.000,0.000,0.000,0.000,0.000
7300,2553.985,32.223,35.716,3.990,0.000,35.715,0.000,0.001,0.000,0.000,0.000,0.000,0.000,0.000,0.000
7301,2554.458,25.408,35.943,3.985,0.000,35.942,0.000,0.001,0.000,0.000,0.000,0.000,0.000,0.000,0.000
7302,2554.931,25.852,36.169,3.981,0.000,36.168,0.000,0.001,0.000,0.000,0.000,0.000,0.000,0.000,0.000
7303,2555.405,39.334,36.395,3.977,0.000,36.394,0.000,0.001,0.000,0.000,0.000,0.000,0.000,0.000,0.000
7304,2555.878,29.112,36.621,3.973,0.000,36.620,0.000,0.001,0.000,0.000,0.000,0.000,0.000,0.000,0.000
7305,2556.352,37.112,36.846,3.969,0.000,36.845,0.000,0.001,0.000,0.000,0.000,0.000,0.000,0.000,0.000
7306,2556.826,30.556,37.071,3.965,0.000,37.071,0.000,0.001,0.000,0.000,0.000,0.000,0.000,0.000,0.000
7307,2557.300,33.556,37.296,3.961,0.000,37.295,0.000,0.001,0.000,0.000,0.000,0.000,0.000,0.000,0.000
7308,2557.774,42.852,37.520,3.957,0.000,37.519,0.000,0.001,0.000,0.000,0.000,0.000,0.000,0.000,0.000
7309,2558.248,19.075,37.744,3.952,0.000,37.743,0.000,0.001,0.000,0.000,0.000,0.000,0.000,0.000,0.000
7310,2558.722,40.926,37.967,3.948,0.000,37.967,0.000,0.001,0.000,0.000,0.000,0.000,0.000,0.000,0.000
7311,2559.197,32.371,38.190,3.944,0.000,38.189,0.000,0.001,0.000,0.000,0.000,0.000,0.000,0.000,0.000
7312,2559.671,26.482,38.412,3.940,0.000,38.412,0.000,0.001,0.000,0.000,0.000,0.000,0.000,0.000,0.000
7313,2560.146,30.926,38.634,3.936,0.000,38.634,0.000,0.001,0.000,0.000,0.000,0.000,0.000,0.000,0.000
7314,2560.620,31.556,38.855,3.932,0.000,38.855,0.000,0.001,0.000,0.000,0.000,0.000,0.000,0.000,0.000
7315,2561.095,24.890,39.076,3.928,0.000,39.075,0.000,0.001,0.000,0.000,0.000,0.000,0.000,0.000,0.000
7316,2561.570,35.334,39.296,3.923,0.000,39.295,0.000,0.001,0.000,0.000,0.000,0.000,0.000,0.000,0.000
7317,2562.045,37.112,39.515,3.919,0.000,39.514,0.000,0.001,0.000,0.000,0.000,0.000,0.000,0.000,0.000
7318,2562.520,33.778,39.733,3.915,0.000,39.733,0.000,0.001,0.000,0.000,0.000,0.000,0.000,0.000,0.000
7319,2562.996,44.001,39.951,3.911,0.000,39.951,0.000,0.001,0.000,0.000,0.000,0.000,0.000,0.000,0.000
7320,2563.471,38.964,40.168,3.907,0.000,40.167,0.000,0.001,0.000,0.000,0.000,0.000,0.000,0.000,0.000
7321,2563.946,29.890,40.384,3.903,0.000,40.384,0.000,0.001,0.000,0.000,0.000,0.000,0.000,0.000,0.000
7322,2564.422,37.186,40.599,3.899,0.000,40.599,0.000,0.001,0.000,0.000,0.000,0.000,0.000,0.000,0.000
7323,2564.898,37.371,40.814,3.895,0.000,40.813,0.000,0.001,0.000,0.000,0.000,0.000,0.000,0.000,0.000
7324,2565.374,32.926,41.027,3.890,0.000,41.027,0.000,0.001,0.000,0.000,0.000,0.000,0.000,0.000,0.000
7325,2565.850,23.445,41.240,3.886,0.000,41.239,0.000,0.001,0.000,0.000,0.000,0.000,0.000,0.000,0.000
7326,2566.326,23.630,41.452,3.882,0.000,41.451,0.000,0.001,0.000,0.000,0.000,0.000,0.000,0.000,0.000
7327,2566.802,34.852,41.662,3.878,0.000,41.662,0.000,0.001,0.000,0.000,0.000,0.000,0.000,0.000,0.000
7328,2567.278,32.594,41.872,3.874,0.000,41.871,0.000,0.001,0.000,0.000,0.000,0.000,0.000,0.000,0.000
7329,2567.754,36.816,42.080,3.870,0.000,42.080,0.000,0.001,0.000,0.000,0.000,0.000,0.000,0.000,0.000
7330,2568.231,29.742,42.288,3.866,0.000,42.287,0.000,0.001,0.000,0.000,0.000,0.000,0.000,0.000,0.000
7331,2568.708,39.926,42.494,3.862,0.000,42.494,0.000,0.001,0.000,0.000,0.000,0.000,0.000,0.000,0.000
7332,2569.184,35.112,42.699,3.857,0.000,42.699,0.000,0.001,0.000,0.000,0.000,0.000,0.000,0.000,0.000
7333,2569.661,52.186,42.903,3.853,0.000,42.903,0.000,0.001,0.000,0.000,0.000,0.000,0.000,0.000,0.000
7334,2570.138,40.556,43.106,3.849,0.000,43.106,0.000,0.001,0.000,0.000,0.000,0.000,0.000,0.000,0.000
7335,2570.615,34.890,43.308,3.845,0.000,43.307,0.000,0.001,0.000,0.000,0.000,0.000,0.000,0.000,0.000
7336,2571.092,28.964,43.508,3.841,0.000,43.507,0.000,0.001,0.000,0.000,0.000,0.000,0.000,0.000,0.000
7337,2571.570,45.186,43.707,3.837,0.000,43.706,0.000,0.001,0.000,0.000,0.000,0.000,0.000,0.000,0.000
7338,2572.047,39.186,43.905,3.833,0.000,43.904,0.000,0.001,0.000,0.000,0.000,0.000,0.000,0.000,0.000
7339,2572.525,34.704,44.101,3.829,0.000,44.100,0.000,0.001,0.000,0.000,0.000,0.000,0.000,0.000,0.000
7340,2573.002,38.630,44.296,3.824,0.000,44.295,0.000,0.001,0.000,0.000,0.000,0.000,0.000,0.000,0.000
7341,2573.480,59.186,44.489,3.820,0.000,44.488,0.000,0.001,0.000,0.000,0.000,0.000,0.000,0.000,0.000
7342,2573.958,36.742,44.681,3.816,0.000,44.680,0.000,0.001,0.000,0.000,0.000,0.000,0.000,0.000,0.000
7343,2574.436,38.556,44.871,3.812,0.000,44.871,0.000,0.001,0.000,0.000,0.000,0.000,0.000,0.000,0.000
7344,2574.914,40.482,45.060,3.808,0.000,45.060,0.000,0.001,0.000,0.000,0.000,0.000,0.000,0.000,0.000
7345,2575.392,44.445,45.248,3.804,0.000,45.247,0.000,0.001,0.000,0.000,0.000,0.000,0.000,0.000,0.000
7346,2575.871,43.038,45.434,3.800,0.000,45.433,0.000,0.001,0.000,0.000,0.000,0.000,0.000,0.000,0.000
7347,2576.349,38.334,45.618,3.796,0.000,45.617,0.000,0.001,0.000,0.000,0.000,0.000,0.000,0.000,0.000
7348,2576.828,51.260,45.800,3.791,0.000,45.800,0.000,0.001,0.000,0.000,0.000,0.000,0.000,0.000,0.000
7349,2577.306,36.742,45.981,3.787,0.000,45.980,0.000,0.001,0.000,0.000,0.000,0.000,0.000,0.000,0.000
7350,2577.785,41.112,46.160,3.783,0.000,46.160,0.000,0.001,0.000,0.000,0.000,0.000,0.000,0.000,0.000
7351,2578.264,42.852,46.338,3.779,0.000,46.337,0.000,0.001,0.000,0.000,0.000,0.000,0.000,0.000,0.000
7352,2578.743,38.482,46.513,3.775,0.000,46.513,0.000,0.001,0.000,0.000,0.000,0.000,0.000,0.000,0.000
7353,2579.222,46.334,46.687,3.771,0.000,46.687,0.000,0.001,0.000,0.000,0.000,0.000,0.000,0.000,0.000
7354,2579.701,37.371,46.859,3.767,0.000,46.859,0.000,0.001,0.000,0.000,0.000,0.000,0.000,0.000,0.000
7355,2580.181,32.816,47.030,3.762,0.000,47.029,0.000,0.001,0.000,0.000,0.000,0.000,0.000,0.000,0.000
7356,2580.660,43.594,47.198,3.758,0.000,47.197,0.000,0.001,0.000,0.000,0.000,0.000,0.000,0.000,0.000
7357,2581.140,35.816,47.364,3.754,0.000,47.364,0.000,0.001,0.000,0.000,0.000,0.000,0.000,0.000,0.000
7358,2581.619,34.556,47.529,3.750,0.000,47.528,0.000,0.001,0.000,0.000,0.000,0.000,0.000,0.000,0.000
7359,2582.099,41.630,47.691,3.746,0.000,47.691,0.000,0.001,0.000,0.000,0.000,0.000,0.000,0.000,0.000
7360,2582.579,30.964,47.852,3.742,0.000,47.851,0.000,0.001,0.000,0.000,0.000,0.000,0.000,0.000,0.000
7361,2583.059,40.742,48.011,3.738,0.000,48.010,0.000,0.001,0.000,0.000,0.000,0.000,0.000,0.000,0.000
7362,2583.539,41.186,48.167,3.734,0.000,48.167,0.000,0.001,0.000,0.000,0.000,0.000,0.000,0.000,0.000
7363,2584.020,36.482,48.322,3.729,0.000,48.321,0.000,0.001,0.000,0.000,0.000,0.000,0.000,0.000,0.000
7364,2584.500,34.482,48.474,3.725,0.000,48.473,0.000,0.001,0.000,0.000,0.000,0.000,0.000,0.000,0.000
7365,2584.981,47.445,48.624,3.721,0.000,48.624,0.000,0.001,0.000,0.000,0.000,0.000,0.000,0.000,0.000
7366,2585.461,48.482,48.772,3.717,0.000,48.772,0.000,0.001,0.000,0.000,0.000,0.000,0.000,0.000,0.000
7367,2585.942,36.408,48.918,3.713,0.000,48.918,0.000,0.001,0.000,0.000,0.000,0.000,0.000,0.000,0.000
7368,2586.423,47.186,49.062,3.709,0.000,49.061,0.000,0.001,0.000,0.000,0.000,0.000,0.000,0.000,0.000
7369,2586.904,41.260,49.204,3.705,0.000,49.203,0.000,0.001,0.000,0.000,0.000,0.000,0.000,0.000,0.000
7370,2587.385,44.890,49.343,3.701,0.000,49.342,0.000,0.001,0.000,0.000,0.000,0.000,0.000,0.000,0.000
7371,2587.866,43.816,49.480,3.696,0.000,49.479,0.000,0.001,0.000,0.000,0.000,0.000,0.000,0.000,0.000
7372,2588.347,42.964,49.615,3.692,0.000,49.614,0.000,0.001,0.000,0.000,0.000,0.000,0.000,0.000,0.000
7373,2588.829,57.186,49.747,3.688,0.000,49.746,0.000,0.001,0.000,0.000,0.000,0.000,0.000,0.000,0.000
7374,2589.310,37.408,49.877,3.684,0.000,49.877,0.000,0.001,0.000,0.000,0.000,0.000,0.000,0.000,0.000
7375,2589.792,35.260,50.005,3.680,0.000,50.004,0.000,0.001,0.000,0.000,0.000,0.000,0.000,0.000,0.000
7376,2590.274,32.445,50.130,3.676,0.000,50.130,0.000,0.001,0.000,0.000,0.000,0.000,0.000,0.000,0.000
7377,2590.756,48.482,50.253,3.672,0.000,50.253,0.000,0.001,0.000,0.000,0.000,0.000,0.000,0.000,0.000
7378,2591.238,46.260,50.374,3.668,0.000,50.373,0.000,0.001,0.000,0.000,0.000,0.000,0.000,0.000,0.000
7379,2591.720,43.482,50.492,3.663,0.000,50.491,0.000,0.001,0.000,0.000,0.000,0.000,0.000,0.000,0.000
7380,2592.202,56.482,50.608,3.659,0.000,50.607,0.000,0.001,0.000,0.000,0.000,0.000,0.000,0.000,0.000
7381,2592.684,52.668,50.721,3.655,0.000,50.720,0.000,0.001,0.000,0.000,0.000,0.000,0.000,0.000,0.000
7382,2593.167,50.112,50.831,3.651,0.000,50.831,0.000,0.001,0.000,0.000,0.000,0.000,0.000,0.000,0.000
7383,2593.649,52.668,50.939,3.647,0.000,50.939,0.000,0.001,0.000,0.000,0.000,0.000,0.000,0.000,0.000
7384,2594.132,47.668,51.045,3.643,0.000,51.044,0.000,0.001,0.000,0.000,0.000,0.000,0.000,0.000,0.000
7385,2594.615,39.926,51.148,3.639,0.000,51.147,0.000,0.001,0.000,0.000,0.000,0.000,0.000,0.000,0.000
7386,2595.098,33.630,51.248,3.635,0.000,51.248,0.000,0.001,0.000,0.000,0.000,0.000,0.000,0.000,0.000
7387,2595.581,40.890,51.346,3.630,0.000,51.345,0.000,0.001,0.000,0.000,0.000,0.000,0.000,0.000,0.000
7388,2596.064,47.816,51.441,3.626,0.000,51.441,0.000,0.001,0.000,0.000,0.000,0.000,0.000,0.000,0.000
7389,2596.547,49.890,51.534,3.622,0.000,51.533,0.000,0.001,0.000,0.000,0.000,0.000,0.000,0.000,0.000
7390,2597.031,44.926,51.624,3.618,0.000,51.623,0.000,0.001,0.000,0.000,0.000,0.000,0.000,0.000,0.000
7391,2597.514,52.408,51.711,3.614,0.000,51.710,0.000,0.001,0.000,0.000,0.000,0.000,0.000,0.000,0.000
7392,2597.998,68.482,51.795,3.610,0.000,51.795,0.000,0.001,0.000,0.000,0.000,0.000,0.000,0.000,0.000
7393,2598.482,40.482,51.877,3.606,0.000,51.877,0.000,0.001,0.000,0.000,0.000,0.000,0.000,0.000,0.000
7394,2598.966,47.408,51.956,3.601,0.000,51.956,0.000,0.001,0.000,0.000,0.000,0.000,0.000,0.000,0.000
7395,2599.450,50.408,52.033,3.597,0.000,52.032,0.000,0.001,0.000,0.000,0.000,0.000,0.000,0.000,0.000
7396,2599.934,37.001,52.106,3.593,0.000,52.106,0.000,0.001,0.000,0.000,0.000,0.000,0.000,0.000,0.000
7397,2600.418,43.482,52.177,3.589,0.000,52.177,0.000,0.001,0.000,0.000,0.000,0.000,0.000,0.000,0.000
7398,2600.902,52.742,52.245,3.585,0.000,52.245,0.000,0.001,0.000,0.000,0.000,0.000,0.000,0.000,0.000
7399,2601.387,52.371,52.311,3.581,0.000,52.310,0.000,0.001,0.000,0.000,0.000,0.000,0.000,0.000,0.000
7400,2601.871,52.408,52.373,3.577,0.000,52.372,0.000,0.001,0.000,0.000,0.000,0.000,0.000,0.000,0.000
7401,2602.356,56.334,52.433,3.573,0.000,52.432,0.000,0.001,0.000,0.000,0.000,0.000,0.000,0.000,0.000
7402,2602.841,43.408,52.490,3.568,0.000,52.489,0.000,0.001,0.000,0.000,0.000,0.000,0.000,0.000,0.000
7403,2603.326,57.371,52.544,3.564,0.000,52.543,0.000,0.001,0.000,0.000,0.000,0.000,0.000,0.000,0.000
7404,2603.811,49.890,52.595,3.560,0.000,52.594,0.000,0.001,0.000,0.000,0.000,0.000,0.000,0.000,0.000
7405,2604.296,40.186,52.643,3.556,0.000,52.643,0.000,0.001,0.000,0.000,0.000,0.000,0.000,0.000,0.000
7406,2604.781,48.964,52.689,3.552,0.000,52.688,0.000,0.001,0.000,0.000,0.000,0.000,0.000,0.000,0.000
7407,2605.266,47.890,52.732,3.548,0.000,52.731,0.000,0.001,0.000,0.000,0.000,0.000,0.000,0.000,0.000
7408,2605.752,46.186,52.771,3.544,0.000,52.771,0.000,0.001,0.000,0.000,0.000,0.000,0.000,0.000,0.000
7409,2606.238,42.408,52.808,3.540,0.000,52.807,0.000,0.001,0.000,0.000,0.000,0.000,0.000,0.000,0.000
7410,2606.723,45.149,52.842,3.535,0.000,52.841,0.000,0.001,0.000,0.000,0.000,0.000,0.000,0.000,0.000
7411,2607.209,55.630,52.873,3.531,0.000,52.873,0.000,0.001,0.000,0.000,0.000,0.000,0.000,0.000,0.000
7412,2607.695,39.260,52.901,3.527,0.000,52.901,0.000,0.001,0.000,0.000,0.000,0.000,0.000,0.000,0.000
7413,2608.181,44.926,52.927,3.523,0.000,52.926,0.000,0.001,0.000,0.000,0.000,0.000,0.000,0.000,0.000
7414,2608.667,49.260,52.949,3.519,0.000,52.948,0.000,0.001,0.000,0.000,0.000,0.000,0.000,0.000,0.000
7415,2609.154,53.630,52.968,3.515,0.000,52.968,0.000,0.001,0.000,0.000,0.000,0.000,0.000,0.000,0.000
7416,2609.640,55.334,52.985,3.511,0.000,52.984,0.000,0.001,0.000,0.000,0.000,0.000,0.000,0.000,0.000
7417,2610.127,40.186,52.998,3.507,0.000,52.998,0.000,0.001,0.000,0.000,0.000,0.000,0.000,0.000,0.000
7418,2610.613,42.112,53.009,3.502,0.000,53.008,0.000,0.001,0.000,0.000,0.000,0.000,0.000,0.000,0.000
7419,2611.100,37.964,53.017,3.498,0.000,53.016,0.000,0.001,0.000,0.000,0.000,0.000,0.000,0.000,0.000
7420,2611.587,56.334,53.022,3.494,0.000,53.021,0.000,0.001,0.000,0.000,0.000,0.000,0.000,0.000,0.000
7421,2612.074,40.482,53.023,3.490,0.000,53.023,0.000,0.001,0.000,0.000,0.000,0.000,0.000,0.000,0.000
7422,2612.561,44.445,53.022,3.486,0.000,53.022,0.000,0.001,0.000,0.000,0.000,0.000,0.000,0.000,0.000
7423,2613.049,44.260,53.018,3.482,0.000,53.018,0.000,0.001,0.000,0.000,0.000,0.000,0.000,0.000,0.000
7424,2613.536,51.704,53.011,3.478,0.000,53.011,0.000,0.001,0.000,0.000,0.000,0.000,0.000,0.000,0.000
7425,2614.023,44.816,53.001,3.474,0.000,53.001,0.000,0.001,0.000,0.000,0.000,0.000,0.000,0.000,0.000
7426,2614.511,58.594,52.988,3.469,0.000,52.988,0.000,0.001,0.000,0.000,0.000,0.000,0.000,0.000,0.000
7427,2614.999,38.704,52.973,3.465,0.000,52.972,0.000,0.001,0.000,0.000,0.000,0.000,0.000,0.000,0.000
7428,2615.487,61.334,52.954,3.461,0.000,52.953,0.000,0.001,0.000,0.000,0.000,0.000,0.000,0.000,0.000
7429,2615.975,49.186,52.932,3.457,0.000,52.932,0.000,0.001,0.000,0.000,0.000,0.000,0.000,0.000,0.000
7430,2616.463,56.297,52.908,3.453,0.000,52.907,0.000,0.001,0.000,0.000,0.000,0.000,0.000,0.000,0.000
7431,2616.951,51.742,52.880,3.449,0.000,52.880,0.000,0.001,0.000,0.000,0.000,0.000,0.000,0.000,0.000
7432,2617.439,42.038,52.850,3.445,0.000,52.849,0.000,0.001,0.000,0.000,0.000,0.000,0.000,0.000,0.000
7433,2617.928,43.260,52.816,3.440,0.000,52.816,0.000,0.001,0.000,0.000,0.000,0.000,0.000,0.000,0.000
7434,2618.416,57.852,52.780,3.436,0.000,52.779,0.000,0.001,0.000,0.000,0.000,0.000,0.000,0.000,0.000
7435,2618.905,36.186,52.741,3.432,0.000,52.740,0.000,0.001,0.000,0.000,0.000,0.000,0.000,0.000,0.000
7436,2619.394,44.519,52.699,3.428,0.000,52.698,0.000,0.001,0.000,0.000,0.000,0.000,0.000,0.000,0.000
7437,2619.883,47.186,52.654,3.424,0.000,52.653,0.000,0.001,0.000,0.000,0.000,0.000,0.000,0.000,0.000
7438,2620.372,55.704,52.606,3.420,0.000,52.605,0.000,0.001,0.000,0.000,0.000,0.000,0.000,0.000,0.000
7439,2620.861,59.630,52.555,3.416,0.000,52.555,0.000,0.001,0.000,0.000,0.000,0.000,0.000,0.000,0.000
7440,2621.350,39.926,52.502,3.412,0.000,52.501,0.000,0.001,0.000,0.000,0.000,0.000,0.000,0.000,0.000
7441,2621.840,40.630,52.445,3.407,0.000,52.445,0.000,0.001,0.000,0.000,0.000,0.000,0.000,0.000,0.000
7442,2622.329,44.223,52.386,3.403,0.000,52.385,0.000,0.001,0.000,0.000,0.000,0.000,0.000,0.000,0.000
7443,2622.819,53.038,52.324,3.399,0.000,52.323,0.000,0.001,0.000,0.000,0.000,0.000,0.000,0.000,0.000
7444,2623.309,64.001,52.259,3.395,0.000,52.258,0.000,0.001,0.000,0.000,0.000,0.000,0.000,0.000,0.000
7445,2623.799,48.704,52.191,3.391,0.000,52.190,0.000,0.001,0.000,0.000,0.000,0.000,0.000,0.000,0.000
7446,2624.289,53.334,52.120,3.387,0.000,52.120,0.000,0.001,0.000,0.000,0.000,0.000,0.000,0.000,0.000
7447,2624.779,50.704,52.047,3.383,0.000,52.046,0.000,0.001,0.000,0.000,0.000,0.000,0.000,0.000,0.000
7448,2625.269,49.594,51.971,3.379,0.000,51.970,0.000,0.001,0.000,0.000,0.000,0.000,0.000,0.000,0.000
7449,2625.759,48.519,51.892,3.374,0.000,51.891,0.000,0.001,0.000,0.000,0.000,0.000,0.000,0.000,0.000
7450,2626.250,44.334,51.810,3.370,0.000,51.810,0.000,0.001,0.000,0.000,0.000,0.000,0.000,0.000,0.000
7451,2626.740,61.556,51.726,3.366,0.000,51.725,0.000,0.001,0.000,0.000,0.000,0.000,0.000,0.000,0.000
7452,2627.231,49.594,51.638,3.362,0.000,51.638,0.000,0.001,0.000,0.000,0.000,0.000,0.000,0.000,0.000
7453,2627.722,60.149,51.549,3.358,0.000,51.548,0.000,0.001,0.000,0.000,0.000,0.000,0.000,0.000,0.000
7454,2628.213,49.630,51.456,3.354,0.000,51.455,0.000,0.001,0.000,0.000,0.000,0.000,0.000,0.000,0.000
7455,2628.704,43.778,51.361,3.350,0.000,51.360,0.000,0.001,0.000,0.000,0.000,0.000,0.000,0.000,0.000
7456,2629.195,48.852,51.263,3.346,0.000,51.262,0.000,0.001,0.000,0.000,0.000,0.000,0.000,0.000,0.000
7457,2629.686,49.816,51.162,3.341,0.000,51.161,0.000,0.001,0.000,0.000,0.000,0.000,0.000,0.000,0.000
7458,2630.178,46.852,51.059,3.337,0.000,51.058,0.000,0.001,0.000,0.000,0.000,0.000,0.000,0.000,0.000
7459,2630.669,41.112,50.953,3.333,0.000,50.952,0.000,0.001,0.000,0.000,0.000,0.000,0.000,0.000,0.000
7460,2631.161,43.112,50.844,3.329,0.000,50.844,0.000,0.001,0.000,0.000,0.000,0.000,0.000,0.000,0.000
7461,2631.653,56.445,50.733,3.325,0.000,50.733,0.000,0.001,0.000,0.000,0.000,0.000,0.000,0.000,0.000
7462,2632.145,48.926,50.620,3.321,0.000,50.619,0.000,0.001,0.000,0.000,0.000,0.000,0.000,0.000,0.000
7463,2632.637,34.112,50.504,3.317,0.000,50.503,0.000,0.001,0.000,0.000,0.000,0.000,0.000,0.000,0.000
7464,2633.129,50.186,50.385,3.313,0.000,50.384,0.000,0.001,0.000,0.000,0.000,0.000,0.000,0.000,0.000
7465,2633.621,48.704,50.264,3.308,0.000,50.263,0.000,0.001,0.000,0.000,0.000,0.000,0.000,0.000,0.000
7466,2634.114,37.260,50.140,3.304,0.000,50.139,0.000,0.001,0.000,0.000,0.000,0.000,0.000,0.000,0.000
7467,2634.606,32.408,50.014,3.300,0.000,50.013,0.000,0.001,0.000,0.000,0.000,0.000,0.000,0.000,0.000
7468,2635.099,42.630,49.885,3.296,0.000,49.885,0.000,0.001,0.000,0.000,0.000,0.000,0.000,0.000,0.000
7469,2635.592,32.519,49.754,3.292,0.000,49.754,0.000,0.001,0.000,0.000,0.000,0.000,0.000,0.000,0.000
7470,2636.084,36.149,49.621,3.288,0.000,49.620,0.000,0.001,0.000,0.000,0.000,0.000,0.000,0.000,0.000
7471,2636.577,42.742,49.485,3.284,0.000,49.484,0.000,0.001,0.000,0.000,0.000,0.000,0.000,0.000,0.000
7472,2637.071,45.630,49.347,3.279,0.000,49.346,0.000,0.001,0.000,0.000,0.000,0.000,0.000,0.000,0.000
7473,2637.564,49.334,49.206,3.275,0.000,49.206,0.000,0.001,0.000,0.000,0.000,0.000,0.000,0.000,0.000
7474,2638.057,50.408,49.063,3.271,0.000,49.063,0.000,0.001,0.000,0.000,0.000,0.000,0.000,0.000,0.000
7475,2638.551,60.815,48.918,3.267,0.000,48.918,0.000,0.001,0.000,0.000,0.000,0.000,0.000,0.000,0.000
7476,2639.044,41.926,48.771,3.263,0.000,48.770,0.000,0.001,0.000,0.000,0.000,0.000,0.000,0.000,0.000
7477,2639.538,36.630,48.621,3.259,0.000,48.621,0.000,0.001,0.000,0.000,0.000,0.000,0.000,0.000,0.000
7478,2640.032,54.297,48.469,3.255,0.000,48.469,0.000,0.001,0.000,0.000,0.000,0.000,0.000,0.000,0.000
7479,2640.526,50.852,48.315,3.251,0.000,48.315,0.000,0.001,0.000,0.000,0.000,0.000,0.000,0.000,0.000
7480,2641.020,44.186,48.159,3.246,0.000,48.159,0.000,0.001,0.000,0.000,0.000,0.000,0.000,0.000,0.000
7481,2641.514,34.594,48.001,3.242,0.000,48.000,0.000,0.001,0.000,0.000,0.000,0.000,0.000,0.000,0.000
7482,2642.009,50.519,47.840,3.238,0.000,47.840,0.000,0.001,0.000,0.000,0.000,0.000,0.000,0.000,0.000
7483,2642.503,38.334,47.678,3.234,0.000,47.677,0.000,0.001,0.000,0.000,0.000,0.000,0.000,0.000,0.000
7484,2642.998,46.223,47.513,3.230,0.000,47.513,0.000,0.001,0.000,0.000,0.000,0.000,0.000,0.000,0.000
7485,2643.492,48.408,47.347,3.226,0.000,47.346,0.000,0.001,0.000,0.000,0.000,0.000,0.000,0.000,0.000
7486,2643.987,34.926,47.178,3.222,0.000,47.178,0.000,0.001,0.000,0.000,0.000,0.000,0.000,0.000,0.000
7487,2644.482,50.001,47.007,3.218,0.000,47.007,0.000,0.001,0.000,0.000,0.000,0.000,0.000,0.000,0.000
7488,2644.977,54.482,46.835,3.213,0.000,46.834,0.000,0.001,0.000,0.000,0.000,0.000,0.000,0.000,0.000
7489,2645.472,30.186,46.660,3.209,0.000,46.660,0.000,0.001,0.000,0.000,0.000,0.000,0.000,0.000,0.000
7490,2645.968,38.778,46.484,3.205,0.000,46.483,0.000,0.001,0.000,0.000,0.000,0.000,0.000,0.000,0.000
7491,2646.463,51.704,46.306,3.201,0.000,46.305,0.000,0.001,0.000,0.000,0.000,0.000,0.000,0.000,0.000
7492,2646.959,46.778,46.126,3.197,0.000,46.125,0.000,0.001,0.000,0.000,0.000,0.000,0.000,0.000,0.000
7493,2647.454,52.297,45.944,3.193,0.000,45.943,0.000,0.001,0.000,0.000,0.000,0.000,0.000,0.000,0.000
7494,2647.950,47.482,45.760,3.189,0.000,45.759,0.000,0.001,0.000,0.000,0.000,0.000,0.000,0.000,0.000
7495,2648.446,46.852,45.574,3.185,0.000,45.574,0.000,0.001,0.000,0.000,0.000,0.000,0.000,0.000,0.000
7496,2648.942,36.667,45.387,3.180,0.000,45.387,0.000,0.001,0.000,0.000,0.000,0.000,0.000,0.000,0.000
7497,2649.438,44.778,45.198,3.176,0.000,45.198,0.000,0.000,0.000,0.000,0.000,0.000,0.000,0.000,0.000
7498,2649.934,33.816,45.008,3.172,0.000,45.007,0.000,0.000,0.000,0.000,0.000,0.000,0.000,0.000,0.000
7499,2650.431,36.704,44.815,3.168,0.000,44.815,0.000,0.000,0.000,0.000,0.000,0.000,0.000,0.000,0.000
7500,2650.927,52.334,44.622,3.164,0.000,44.621,0.000,0.000,0.000,0.000,0.000,0.000,0.000,0.000,0.000
7501,2651.424,41.556,44.426,3.160,0.000,44.426,0.000,0.000,0.000,0.000,0.000,0.000,0.000,0.000,0.000
7502,2651.921,36.704,44.229,3.156,0.000,44.229,0.000,0.000,0.000,0.000,0.000,0.000,0.000,0.000,0.000
7503,2652.418,38.593,44.031,3.152,0.000,44.030,0.000,0.000,0.000,0.000,0.000,0.000,0.000,0.000,0.000
7504,2652.915,45.001,43.831,3.147,0.000,43.830,0.000,0.000,0.000,0.000,0.000,0.000,0.000,0.000,0.000
7505,2653.412,50.926,43.629,3.143,0.000,43.629,0.000,0.000,0.000,0.000,0.000,0.000,0.000,0.000,0.000
7506,2653.909,40.001,43.426,3.139,0.000,43.426,0.000,0.000,0.000,0.000,0.000,0.000,0.000,0.000,0.000
7507,2654.406,45.297,43.222,3.135,0.000,43.222,0.000,0.000,0.000,0.000,0.000,0.000,0.000,0.000,0.000
7508,2654.904,28.223,43.016,3.131,0.000,43.016,0.000,0.000,0.000,0.000,0.000,0.000,0.000,0.000,0.000
7509,2655.402,32.926,42.809,3.127,0.000,42.809,0.000,0.000,0.000,0.000,0.000,0.000,0.000,0.000,0.000
7510,2655.899,34.630,42.601,3.123,0.000,42.601,0.000,0.000,0.000,0.000,0.000,0.000,0.000,0.000,0.000
7511,2656.397,29.926,42.392,3.118,0.000,42.391,0.000,0.000,0.000,0.000,0.000,0.000,0.000,0.000,0.000
7512,2656.895,45.519,42.181,3.114,0.000,42.180,0.000,0.000,0.000,0.000,0.000,0.000,0.000,0.000,0.000
7513,2657.393,33.704,41.969,3.110,0.000,41.968,0.000,0.000,0.000,0.000,0.000,0.000,0.000,0.000,0.000
7514,2657.892,29.741,41.756,3.106,0.000,41.755,0.000,0.000,0.000,0.000,0.000,0.000,0.000,0.000,0.000
7515,2658.390,42.815,41.541,3.102,0.000,41.541,0.000,0.000,0.000,0.000,0.000,0.000,0.000,0.000,0.000
7516,2658.888,43.223,41.326,3.098,0.000,41.325,0.000,0.000,0.000,0.000,0.000,0.000,0.000,0.000,0.000
7517,2659.387,36.704,41.109,3.094,0.000,41.109,0.000,0.000,0.000,0.000,0.000,0.000,0.000,0.000,0.000
7518,2659.886,33.223,40.892,3.090,0.000,40.891,0.000,0.000,0.000,0.000,0.000,0.000,0.000,0.000,0.000
7519,2660.385,35.075,40.673,3.085,0.000,40.673,0.000,0.000,0.000,0.000,0.000,0.000,0.000,0.000,0.000
7520,2660.884,39.926,40.453,3.081,0.000,40.453,0.000,0.000,0.000,0.000,0.000,0.000,0.000,0.000,0.000
7521,2661.383,37.630,40.233,3.077,0.000,40.232,0.000,0.000,0.000,0.000,0.000,0.000,0.000,0.000,0.000
7522,2661.882,36.149,40.011,3.073,0.000,40.011,0.000,0.000,0.000,0.000,0.000,0.000,0.000,0.000,0.000
7523,2662.381,47.223,39.789,3.069,0.000,39.788,0.000,0.000,0.000,0.000,0.000,0.000,0.000,0.000,0.000
7524,2662.881,27.075,39.565,3.065,0.000,39.565,0.000,0.000,0.000,0.000,0.000,0.000,0.000,0.000,0.000
7525,2663.380,31.149,39.341,3.061,0.000,39.341,0.000,0.000,0.000,0.000,0.000,0.000,0.000,0.000,0.000
7526,2663.880,28.519,39.116,3.057,0.000,39.116,0.000,0.000,0.000,0.000,0.000,0.000,0.000,0.000,0.000
7527,2664.380,36.445,38.891,3.052,0.000,38.890,0.000,0.000,0.000,0.000,0.000,0.000,0.000,0.000,0.000
7528,2664.880,34.075,38.664,3.048,0.000,38.664,0.000,0.000,0.000,0.000,0.000,0.000,0.000,0.000,0.000
7529,2665.380,35.445,38.437,3.044,0.000,38.436,0.000,0.000,0.000,0.000,0.000,0.000,0.000,0.000,0.000
7530,2665.880,46.149,38.209,3.040,0.000,38.209,0.000,0.000,0.000,0.000,0.000,0.000,0.000,0.000,0.000
7531,2666.381,32.297,37.980,3.036,0.000,37.980,0.000,0.000,0.000,0.000,0.000,0.000,0.000,0.000,0.000
7532,2666.881,32.519,37.751,3.032,0.000,37.751,0.000,0.000,0.000,0.000,0.000,0.000,0.000,0.000,0.000
7533,2667.382,25.149,37.522,3.028,0.000,37.521,0.000,0.000,0.000,0.000,0.000,0.000,0.000,0.000,0.000
7534,2667.882,24.445,37.291,3.024,0.000,37.291,0.000,0.000,0.000,0.000,0.000,0.000,0.000,0.000,0.000
7535,2668.383,26.223,37.060,3.019,0.000,37.060,0.000,0.000,0.000,0.000,0.000,0.000,0.000,0.000,0.000
7536,2668.884,37.778,36.829,3.015,0.000,36.829,0.000,0.000,0.000,0.000,0.000,0.000,0.000,0.000,0.000
7537,2669.385,36.593,36.597,3.011,0.000,36.597,0.000,0.000,0.000,0.000,0.000,0.000,0.000,0.000,0.000
7538,2669.887,38.741,36.365,3.007,0.000,36.365,0.000,0.000,0.000,0.000,0.000,0.000,0.000,0.000,0.000
7539,2670.388,32.371,36.132,3.003,0.000,36.132,0.000,0.000,0.000,0.000,0.000,0.000,0.000,0.000,0.000
7540,2670.889,33.297,35.899,2.999,0.000,35.899,0.000,0.000,0.000,0.000,0.000,0.000,0.000,0.000,0.000
7541,2671.391,42.519,35.666,2.995,0.000,35.666,0.000,0.000,0.000,0.000,0.000,0.000,0.000,0.000,0.000
7542,2671.893,30.186,35.432,2.991,0.000,35.432,0.000,0.000,0.000,0.000,0.000,0.000,0.000,0.000,0.000
7543,2672.394,26.741,35.198,2.986,0.000,35.198,0.000,0.000,0.000,0.000,0.000,0.000,0.000,0.000,0.000
7544,2672.896,34.371,34.964,2.982,0.000,34.964,0.000,0.000,0.000,0.000,0.000,0.000,0.000,0.000,0.000
7545,2673.399,27.185,34.730,2.978,0.000,34.729,0.000,0.000,0.000,0.000,0.000,0.000,0.000,0.000,0.000
7546,2673.901,29.667,34.495,2.974,0.000,34.495,0.000,0.000,0.000,0.000,0.000,0.000,0.000,0.000,0.000
7547,2674.403,35.889,34.260,2.970,0.000,34.260,0.000,0.000,0.000,0.000,0.000,0.000,0.000,0.000,0.000
7548,2674.906,27.185,34.025,2.966,0.000,34.025,0.000,0.000,0.000,0.000,0.000,0.000,0.000,0.000,0.000
7549,2675.408,26.815,33.790,2.962,0.000,33.790,0.000,0.000,0.000,0.000,0.000,0.000,0.000,0.000,0.000
7550,2675.911,31.075,33.555,2.957,0.000,33.554,0.000,0.000,0.000,0.000,0.000,0.000,0.000,0.000,0.000
7551,2676.414,30.371,33.319,2.953,0.000,33.319,0.000,0.000,0.000,0.000,0.000,0.000,0.000,0.000,0.000
7552,2676.917,34.889,33.084,2.949,0.000,33.084,0.000,0.000,0.000,0.000,0.000,0.000,0.000,0.000,0.000
7553,2677.420,30.223,32.849,2.945,0.000,32.848,0.000,0.000,0.000,0.000,0.000,0.000,0.000,0.000,0.000
7554,2677.923,33.185,32.613,2.941,0.000,32.613,0.000,0.000,0.000,0.000,0.000,0.000,0.000,0.000,0.000
7555,2678.426,25.852,32.378,2.937,0.000,32.378,0.000,0.000,0.000,0.000,0.000,0.000,0.000,0.000,0.000
7556,2678.930,29.815,32.143,2.933,0.000,32.143,0.000,0.000,0.000,0.000,0.000,0.000,0.000,0.000,0.000
7557,2679.433,34.223,31.908,2.929,0.000,31.908,0.000,0.000,0.000,0.000,0.000,0.000,0.000,0.000,0.000
7558,2679.937,30.223,31.673,2.924,0.000,31.673,0.000,0.000,0.000,0.000,0.000,0.000,0.000,0.000,0.000
7559,2680.441,23.519,31.438,2.920,0.000,31.438,0.000,0.000,0.000,0.000,0.000,0.000,0.000,0.000,0.000
7560,2680.945,30.815,31.204,2.916,0.000,31.203,0.000,0.000,0.000,0.000,0.000,0.000,0.000,0.000,0.000
7561,2681.449,30.111,30.969,2.912,0.000,30.969,0.000,0.000,0.000,0.000,0.000,0.000,0.000,0.000,0.000
7562,2681.953,28.815,30.735,2.908,0.000,30.735,0.000,0.000,0.000,0.000,0.000,0.000,0.000,0.000,0.000
7563,2682.457,20.815,30.501,2.904,0.000,30.501,0.000,0.000,0.000,0.000,0.000,0.000,0.000,0.000,0.000
7564,2682.962,28.297,30.268,2.900,0.000,30.267,0.000,0.000,0.000,0.000,0.000,0.000,0.000,0.000,0.000
7565,2683.467,29.334,30.034,2.896,0.000,30.034,0.000,0.000,0.000,0.000,0.000,0.000,0.000,0.000,0.000
7566,2683.971,34.815,29.801,2.891,0.000,29.801,0.000,0.000,0.000,0.000,0.000,0.000,0.000,0.000,0.000
7567,2684.476,23.963,29.569,2.887,0.000,29.569,0.000,0.000,0.000,0.000,0.000,0.000,0.000,0.000,0.000
7568,2684.981,22.297,29.337,2.883,0.000,29.336,0.000,0.000,0.000,0.000,0.000,0.000,0.000,0.000,0.000
7569,2685.486,41.593,29.105,2.879,0.000,29.104,0.000,0.000,0.000,0.000,0.000,0.000,0.000,0.000,0.000
7570,2685.991,30.963,28.873,2.875,0.000,28.873,0.000,0.000,0.000,0.000,0.000,0.000,0.000,0.000,0.000
7571,2686.497,26.741,28.642,2.871,0.000,28.642,0.000,0.000,0.000,0.000,0.000,0.000,0.000,0.000,0.000
7572,2687.002,21.408,28.412,2.867,0.000,28.412,0.000,0.000,0.000,0.000,0.000,0.000,0.000,0.000,0.000
7573,2687.508,33.593,28.182,2.863,0.000,28.182,0.000,0.000,0.000,0.000,0.000,0.000,0.000,0.000,0.000
7574,2688.014,33.741,27.953,2.858,0.000,27.952,0.000,0.000,0.000,0.000,0.000,0.000,0.000,0.000,0.000
7575,2688.519,24.889,27.724,2.854,0.000,27.723,0.000,0.000,0.000,0.000,0.000,0.000,0.000,0.000,0.000
7576,2689.025,26.185,27.495,2.850,0.000,27.495,0.000,0.000,0.000,0.000,0.000,0.000,0.000,0.000,0.000
7577,2689.532,27.037,27.268,2.846,0.000,27.267,0.000,0.000,0.000,0.000,0.000,0.000,0.000,0.000,0.000
7578,2690.038,16.667,27.040,2.842,0.000,27.040,0.000,0.000,0.000,0.000,0.000,0.000,0.000,0.000,0.000
7579,2690.544,18.334,26.814,2.838,0.000,26.814,0.000,0.000,0.000,0.000,0.000,0.000,0.000,0.000,0.000
7580,2691.051,26.815,26.588,2.834,0.000,26.588,0.000,0.000,0.000,0.000,0.000,0.000,0.000,0.000,0.000
7581,2691.557,23.889,26.363,2.830,0.000,26.363,0.000,0.000,0.000,0.000,0.000,0.000,0.000,0.000,0.000
7582,2692.064,25.185,26.138,2.825,0.000,26.138,0.000,0.000,0.000,0.000,0.000,0.000,0.000,0.000,0.000
7583,2692.571,24.741,25.915,2.821,0.000,25.914,0.000,0.000,0.000,0.000,0.000,0.000,0.000,0.000,0.000
7584,2693.078,22.111,25.692,2.817,0.000,25.691,0.000,0.000,0.000,0.000,0.000,0.000,0.000,0.000,0.000
7585,2693.585,31.111,25.469,2.813,0.000,25.469,0.000,0.000,0.000,0.000,0.000,0.000,0.000,0.000,0.000
7586,2694.092,29.519,25.248,2.809,0.000,25.247,0.000,0.000,0.000,0.000,0.000,0.000,0.000,0.000,0.000
7587,2694.600,23.037,25.027,2.805,0.000,25.027,0.000,0.000,0.000,0.000,0.000,0.000,0.000,0.000,0.000
7588,2695.107,23.963,24.807,2.801,0.000,24.807,0.000,0.000,0.000,0.000,0.000,0.000,0.000,0.000,0.000
7589,2695.615,23.741,24.588,2.796,0.000,24.588,0.000,0.000,0.000,0.000,0.000,0.000,0.000,0.000,0.000
7590,2696.122,22.185,24.369,2.792,0.000,24.369,0.000,0.000,0.000,0.000,0.000,0.000,0.000,0.000,0.000
7591,2696.630,21.667,24.152,2.788,0.000,24.152,0.000,0.000,0.000,0.000,0.000,0.000,0.000,0.000,0.000
7592,2697.138,26.667,23.935,2.784,0.000,23.935,0.000,0.000,0.000,0.000,0.000,0.000,0.000,0.000,0.000
7593,2697.646,27.704,23.720,2.780,0.000,23.719,0.000,0.000,0.000,0.000,0.000,0.000,0.000,0.000,0.000
7594,2698.155,14.741,23.505,2.776,0.000,23.505,0.000,0.000,0.000,0.000,0.000,0.000,0.000,0.000,0.000
7595,2698.663,17.334,23.291,2.772,0.000,23.291,0.000,0.000,0.000,0.000,0.000,0.000,0.000,0.000,0.000
7596,2699.172,15.741,23.078,2.768,0.000,23.078,0.000,0.000,0.000,0.000,0.000,0.000,0.000,0.000,0.000
7597,2699.680,25.334,22.866,2.763,0.000,22.866,0.000,0.000,0.000,0.000,0.000,0.000,0.000,0.000,0.000
7598,2700.189,22.741,22.655,2.759,0.000,22.655,0.000,0.000,0.000,0.000,0.000,0.000,0.000,0.000,0.000
7599,2700.698,25.815,22.445,2.755,0.000,22.445,0.000,0.000,0.000,0.000,0.000,0.000,0.000,0.000,0.000
7600,2701.207,26.482,22.236,2.751,0.000,22.236,0.000,0.000,0.000,0.000,0.000,0.000,0.000,0.000,0.000
7601,2701.716,24.815,22.028,2.747,0.000,22.028,0.000,0.000,0.000,0.000,0.000,0.000,0.000,0.000,0.000
7602,2702.225,14.889,21.821,2.743,0.000,21.821,0.000,0.000,0.000,0.000,0.000,0.000,0.000,0.000,0.000
7603,2702.735,15.963,21.615,2.739,0.000,21.615,0.000,0.000,0.000,0.000,0.000,0.000,0.000,0.000,0.000
7604,2703.244,23.185,21.410,2.735,0.000,21.410,0.000,0.000,0.000,0.000,0.000,0.000,0.000,0.000,0.000
7605,2703.754,22.111,21.206,2.730,0.000,21.206,0.000,0.000,0.000,0.000,0.000,0.000,0.000,0.000,0.000
7606,2704.264,24.334,21.003,2.726,0.000,21.003,0.000,0.000,0.000,0.000,0.000,0.000,0.000,0.000,0.000
7607,2704.774,23.185,20.802,2.722,0.000,20.801,0.000,0.000,0.000,0.000,0.000,0.000,0.000,0.000,0.000
7608,2705.284,16.889,20.601,2.718,0.000,20.601,0.000,0.000,0.000,0.000,0.000,0.000,0.000,0.000,0.000
7609,2705.794,16.630,20.402,2.714,0.000,20.401,0.000,0.000,0.000,0.000,0.000,0.000,0.000,0.000,0.000
7610,2706.304,19.408,20.203,2.710,0.000,20.203,0.000,0.000,0.000,0.000,0.000,0.000,0.000,0.000,0.000
7611,2706.815,20.482,20.006,2.706,0.000,20.006,0.000,0.000,0.000,0.000,0.000,0.000,0.000,0.000,0.000
7612,2707.325,18.408,19.810,2.702,0.000,19.810,0.000,0.000,0.000,0.000,0.000,0.000,0.000,0.000,0.000
7613,2707.836,20.445,19.615,2.697,0.000,19.615,0.000,0.000,0.000,0.000,0.000,0.000,0.000,0.000,0.000
7614,2708.347,14.037,19.421,2.693,0.000,19.421,0.000,0.000,0.000,0.000,0.000,0.000,0.000,0.000,0.000
7615,2708.858,24.111,19.228,2.689,0.000,19.228,0.000,0.000,0.000,0.000,0.000,0.000,0.000,0.000,0.000
7616,2709.369,22.889,19.037,2.685,0.000,19.037,0.000,0.000,0.000,0.000,0.000,0.000,0.000,0.000,0.000
7617,2709.880,28.704,18.847,2.681,0.000,18.846,0.000,0.000,0.000,0.000,0.000,0.000,0.000,0.000,0.000
7618,2710.392,20.259,18.658,2.677,0.000,18.657,0.000,0.000,0.000,0.000,0.000,0.000,0.000,0.000,0.000
7619,2710.903,22.111,18.470,2.673,0.000,18.470,0.000,0.000,0.000,0.000,0.000,0.000,0.000,0.000,0.000
7620,2711.415,16.630,18.283,2.669,0.000,18.283,0.000,0.000,0.000,0.000,0.000,0.000,0.000,0.000,0.000
7621,2711.926,13.334,18.098,2.664,0.000,18.097,0.000,0.000,0.000,0.000,0.000,0.000,0.000,0.000,0.000
7622,2712.438,14.259,17.913,2.660,0.000,17.913,0.000,0.000,0.000,0.000,0.000,0.000,0.000,0.000,0.000
7623,2712.950,13.408,17.730,2.656,0.000,17.730,0.000,0.000,0.000,0.000,0.000,0.000,0.000,0.000,0.000
7624,2713.462,21.408,17.549,2.652,0.000,17.548,0.000,0.000,0.000,0.000,0.000,0.000,0.000,0.000,0.000
7625,2713.975,12.630,17.368,2.648,0.000,17.368,0.000,0.000,0.000,0.000,0.000,0.000,0.000,0.000,0.000
7626,2714.487,11.593,17.189,2.644,0.000,17.189,0.000,0.000,0.000,0.000,0.000,0.000,0.000,0.000,0.000
7627,2714.999,21.259,17.011,2.640,0.000,17.011,0.000,0.000,0.000,0.000,0.000,0.000,0.000,0.000,0.000
7628,2715.512,14.630,16.834,2.635,0.000,16.834,0.000,0.000,0.000,0.000,0.000,0.000,0.000,0.000,0.000
7629,2716.025,13.482,16.659,2.631,0.000,16.659,0.000,0.000,0.000,0.000,0.000,0.000,0.000,0.000,0.000
7630,2716.538,20.704,16.485,2.627,0.000,16.484,0.000,0.000,0.000,0.000,0.000,0.000,0.000,0.000,0.000
7631,2717.051,15.556,16.312,2.623,0.000,16.312,0.000,0.000,0.000,0.000,0.000,0.000,0.000,0.000,0.000
7632,2717.564,19.259,16.140,2.619,0.000,16.140,0.000,0.000,0.000,0.000,0.000,0.000,0.000,0.000,0.000
7633,2718.077,16.111,15.970,2.615,0.000,15.970,0.000,0.000,0.000,0.000,0.000,0.000,0.000,0.000,0.000
7634,2718.591,14.185,15.801,2.611,0.000,15.801,0.000,0.000,0.000,0.000,0.000,0.000,0.000,0.000,0.000
7635,2719.104,6.556,15.633,2.607,0.000,15.633,0.000,0.000,0.000,0.000,0.000,0.000,0.000,0.000,0.000
7636,2719.618,14.704,15.467,2.602,0.000,15.467,0.000,0.000,0.000,0.000,0.000,0.000,0.000,0.000,0.000
7637,2720.132,12.963,15.302,2.598,0.000,15.301,0.000,0.000,0.000,0.000,0.000,0.000,0.000,0.000,0.000
7638,2720.646,13.630,15.138,2.594,0.000,15.138,0.000,0.000,0.000,0.000,0.000,0.000,0.000,0.000,0.000
7639,2721.160,18.556,14.975,2.590,0.000,14.975,0.000,0.000,0.000,0.000,0.000,0.000,0.000,0.000,0.000
7640,2721.674,14.704,14.814,2.586,0.000,14.814,0.000,0.000,0.000,0.000,0.000,0.000,0.000,0.000,0.000
7641,2722.188,16.037,14.654,2.582,0.000,14.654,0.000,0.000,0.000,0.000,0.000,0.000,0.000,0.000,0.000
7642,2722.703,4.408,14.496,2.578,0.000,14.495,0.000,0.000,0.000,0.000,0.000,0.000,0.000,0.000,0.000
7643,2723.217,9.482,14.338,2.574,0.000,14.338,0.000,0.000,0.000,0.000,0.000,0.000,0.000,0.000,0.000
7644,2723.732,12.408,14.182,2.569,0.000,14.182,0.000,0.000,0.000,0.000,0.000,0.000,0.000,0.000,0.000
7645,2724.247,16.556,14.028,2.565,0.000,14.028,0.000,0.000,0.000,0.000,0.000,0.000,0.000,0.000,0.000
7646,2724.762,15.037,13.874,2.561,0.000,13.874,0.000,0.000,0.000,0.000,0.000,0.000,0.000,0.000,0.000
7647,2725.277,15.482,13.722,2.557,0.000,13.722,0.000,0.000,0.000,0.000,0.000,0.000,0.000,0.000,0.000
7648,2725.792,14.185,13.572,2.553,0.000,13.572,0.000,0.000,0.000,0.000,0.000,0.000,0.000,0.000,0.000
7649,2726.307,19.408,13.422,2.549,0.000,13.422,0.000,0.000,0.000,0.000,0.000,0.000,0.000,0.000,0.000
7650,2726.823,11.185,13.274,2.545,0.000,13.274,0.000,0.000,0.000,0.000,0.000,0.000,0.000,0.000,0.000
7651,2727.338,9.482,13.128,2.541,0.000,13.127,0.000,0.000,0.000,0.000,0.000,0.000,0.000,0.000,0.000
7652,2727.854,9.408,12.982,2.536,0.000,12.982,0.000,0.000,0.000,0.000,0.000,0.000,0.000,0.000,0.000
7653,2728.370,8.111,12.838,2.532,0.000,12.838,0.000,0.000,0.000,0.000,0.000,0.000,0.000,0.000,0.000
7654,2728.886,12.408,12.695,2.528,0.000,12.695,0.000,0.000,0.000,0.000,0.000,0.000,0.000,0.000,0.000
7655,2729.402,16.408,12.554,2.524,0.000,12.554,0.000,0.000,0.000,0.000,0.000,0.000,0.000,0.000,0.000
7656,2729.919,10.482,12.414,2.520,0.000,12.414,0.000,0.000,0.000,0.000,0.000,0.000,0.000,0.000,0.000
7657,2730.435,16.556,12.275,2.516,0.000,12.275,0.000,0.000,0.000,0.000,0.000,0.000,0.000,0.000,0.000
7658,2730.952,10.482,12.137,2.512,0.000,12.137,0.000,0.000,0.000,0.000,0.000,0.000,0.000,0.000,0.000
7659,2731.468,12.259,12.001,2.508,0.000,12.001,0.000,0.000,0.000,0.000,0.000,0.000,0.000,0.000,0.000
7660,2731.985,12.704,11.866,2.503,0.000,11.866,0.000,0.000,0.000,0.000,0.000,0.000,0.000,0.000,0.000
7661,2732.502,13.408,11.732,2.499,0.000,11.732,0.000,0.000,0.000,0.000,0.000,0.000,0.000,0.000,0.000
7662,2733.019,8.926,11.600,2.495,0.000,11.600,0.000,0.000,0.000,0.000,0.000,0.000,0.000,0.000,0.000
7663,2733.536,14.630,11.469,2.491,0.000,11.469,0.000,0.000,0.000,0.000,0.000,0.000,0.000,0.000,0.000
7664,2734.054,6.408,11.339,2.487,0.000,11.339,0.000,0.000,0.000,0.000,0.000,0.000,0.000,0.000,0.000
7665,2734.571,7.408,11.211,2.483,0.000,11.211,0.000,0.000,0.000,0.000,0.000,0.000,0.000,0.000,0.000
7666,2735.089,11.704,11.084,2.479,0.000,11.084,0.000,0.000,0.000,0.000,0.000,0.000,0.000,0.000,0.000
7667,2735.606,5.334,10.958,2.474,0.000,10.958,0.000,0.000,0.000,0.000,0.000,0.000,0.000,0.000,0.000
7668,2736.124,9.482,10.833,2.470,0.000,10.833,0.000,0.000,0.000,0.000,0.000,0.000,0.000,0.000,0.000
7669,2736.642,13.704,10.710,2.466,0.000,10.710,0.000,0.000,0.000,0.000,0.000,0.000,0.000,0.000,0.000
7670,2737.160,13.852,10.588,2.462,0.000,10.588,0.000,0.000,0.000,0.000,0.000,0.000,0.000,0.000,0.000
7671,2737.678,12.852,10.467,2.458,0.000,10.467,0.000,0.000,0.000,0.000,0.000,0.000,0.000,0.000,0.000
7672,2738.197,15.334,10.347,2.454,0.000,10.347,0.000,0.000,0.000,0.000,0.000,0.000,0.000,0.000,0.000
7673,2738.715,8.556,10.229,2.450,0.000,10.229,0.000,0.000,0.000,0.000,0.000,0.000,0.000,0.000,0.000
7674,2739.234,10.926,10.112,2.446,0.000,10.112,0.000,0.000,0.000,0.000,0.000,0.000,0.000,0.000,0.000
7675,2739.753,9.926,9.996,2.441,0.000,9.996,0.000,0.000,0.000,0.000,0.000,0.000,0.000,0.000,0.000
7676,2740.272,12.852,9.882,2.437,0.000,9.882,0.000,0.000,0.000,0.000,0.000,0.000,0.000,0.000,0.000
7677,2740.791,11.556,9.768,2.433,0.000,9.768,0.000,0.000,0.000,0.000,0.000,0.000,0.000,0.000,0.000
7678,2741.310,10.482,9.656,2.429,0.000,9.656,0.000,0.000,0.000,0.000,0.000,0.000,0.000,0.000,0.000
7679,2741.829,15.778,9.545,2.425,0.000,9.545,0.000,0.000,0.000,0.000,0.000,0.000,0.000,0.000,0.000
7680,2742.349,12.482,9.436,2.421,0.000,9.436,0.000,0.000,0.000,0.000,0.000,0.000,0.000,0.000,0.000
7681,2742.868,13.630,9.327,2.417,0.000,9.327,0.000,0.000,0.000,0.000,0.000,0.000,0.000,0.000,0.000
7682,2743.388,8.778,9.220,2.413,0.000,9.220,0.000,0.000,0.000,0.000,0.000,0.000,0.000,0.000,0.000
7683,2743.908,11.778,9.114,2.408,0.000,9.114,0.000,0.000,0.000,0.000,0.000,0.000,0.000,0.000,0.000
7684,2744.428,10.704,9.009,2.404,0.000,9.009,0.000,0.000,0.000,0.000,0.000,0.000,0.000,0.000,0.000
7685,2744.948,11.704,8.906,2.400,0.000,8.906,0.000,0.000,0.000,0.000,0.000,0.000,0.000,0.000,0.000
7686,2745.468,11.704,8.803,2.396,0.000,8.803,0.000,0.000,0.000,0.000,0.000,0.000,0.000,0.000,0.000
7687,2745.988,6.630,8.702,2.392,0.000,8.702,0.000,0.000,0.000,0.000,0.000,0.000,0.000,0.000,0.000
7688,2746.509,4.630,8.602,2.388,0.000,8.602,0.000,0.000,0.000,0.000,0.000,0.000,0.000,0.000,0.000
7689,2747.030,12.704,8.503,2.384,0.000,8.503,0.000,0.000,0.000,0.000,0.000,0.000,0.000,0.000,0.000
7690,2747.550,9.704,8.405,2.380,0.000,8.405,0.000,0.000,0.000,0.000,0.000,0.000,0.000,0.000,0.000
7691,2748.071,10.482,8.309,2.375,0.000,8.308,0.000,0.000,0.000,0.000,0.000,0.000,0.000,0.000,0.000
7692,2748.592,5.556,8.213,2.371,0.000,8.213,0.000,0.000,0.000,0.000,0.000,0.000,0.000,0.000,0.000
7693,2749.113,8.778,8.119,2.367,0.000,8.119,0.000,0.000,0.000,0.000,0.000,0.000,0.000,0.000,0.000
7694,2749.635,9.704,8.025,2.363,0.000,8.025,0.000,0.000,0.000,0.000,0.000,0.000,0.000,0.000,0.000
7695,2750.156,15.630,7.933,2.359,0.000,7.933,0.000,0.000,0.000,0.000,0.000,0.000,0.000,0.000,0.000
7696,2750.678,9.704,7.842,2.355,0.000,7.842,0.000,0.000,0.000,0.000,0.000,0.000,0.000,0.000,0.000
7697,2751.199,7.630,7.752,2.351,0.000,7.752,0.000,0.000,0.000,0.000,0.000,0.000,0.000,0.000,0.000
7698,2751.721,4.778,7.664,2.347,0.000,7.664,0.000,0.000,0.000,0.000,0.000,0.000,0.000,0.000,0.000
7699,2752.243,7.852,7.576,2.342,0.000,7.576,0.000,0.000,0.000,0.000,0.000,0.000,0.000,0.000,0.000
7700,2752.765,8.630,7.489,2.338,0.000,7.489,0.000,0.000,0.000,0.000,0.000,0.000,0.000,0.000,0.000
7701,2753.287,11.704,7.404,2.334,0.000,7.404,0.000,0.000,0.000,0.000,0.000,0.000,0.000,0.000,0.000
7702,2753.810,12.704,7.319,2.330,0.000,7.319,0.000,0.000,0.000,0.000,0.000,0.000,0.000,0.000,0.000
7703,2754.332,12.556,7.236,2.326,0.000,7.236,0.000,0.000,0.000,0.000,0.000,0.000,0.000,0.000,0.000
7704,2754.855,9.778,7.154,2.322,0.000,7.154,0.000,0.000,0.000,0.000,0.000,0.000,0.000,0.000,0.000
7705,2755.378,5.704,7.072,2.318,0.000,7.072,0.000,0.000,0.000,0.000,0.000,0.000,0.000,0.000,0.000
7706,2755.901,14.704,6.992,2.313,0.000,6.992,0.000,0.000,0.000,0.000,0.000,0.000,0.000,0.000,0.000
7707,2756.424,2.704,6.913,2.309,0.000,6.913,0.000,0.000,0.000,0.000,0.000,0.000,0.000,0.000,0.000
7708,2756.947,4.926,6.835,2.305,0.000,6.835,0.000,0.000,0.000,0.000,0.000,0.000,0.000,0.000,0.000
7709,2757.470,3.852,6.757,2.301,0.000,6.757,0.000,0.000,0.000,0.000,0.000,0.000,0.000,0.000,0.000
7710,2757.994,8.704,6.681,2.297,0.000,6.681,0.000,0.000,0.000,0.000,0.000,0.000,0.000,0.000,0.000
7711,2758.517,8.704,6.606,2.293,0.000,6.606,0.000,0.000,0.000,0.000,0.000,0.000,0.000,0.000,0.000
7712,2759.041,10.630,6.532,2.289,0.000,6.532,0.000,0.000,0.000,0.000,0.000,0.000,0.000,0.000,0.000
7713,2759.565,7.778,6.459,2.285,0.000,6.459,0.000,0.000,0.000,0.000,0.000,0.000,0.000,0.000,0.000
7714,2760.089,3.852,6.386,2.280,0.000,6.386,0.000,0.000,0.000,0.000,0.000,0.000,0.000,0.000,0.000
7715,2760.613,6.778,6.315,2.276,0.000,6.315,0.000,0.000,0.000,0.000,0.000,0.000,0.000,0.000,0.000
7716,2761.137,4.000,6.245,2.272,0.000,6.245,0.000,0.000,0.000,0.000,0.000,0.000,0.000,0.000,0.000
7717,2761.661,5.852,6.175,2.268,0.000,6.175,0.000,0.000,0.000,0.000,0.000,0.000,0.000,0.000,0.000
7718,2762.186,5.778,6.107,2.264,0.000,6.107,0.000,0.000,0.000,0.000,0.000,0.000,0.000,0.000,0.000
7719,2762.710,7.556,6.039,2.260,0.000,6.039,0.000,0.000,0.000,0.000,0.000,0.000,0.000,0.000,0.000
7720,2763.235,3.926,5.973,2.256,0.000,5.973,0.000,0.000,0.000,0.000,0.000,0.000,0.000,0.000,0.000
7721,2763.760,5.556,5.907,2.252,0.000,5.907,0.000,0.000,0.000,0.000,0.000,0.000,0.000,0.000,0.000
7722,2764.285,10.926,5.842,2.247,0.000,5.842,0.000,0.000,0.000,0.000,0.000,0.000,0.000,0.000,0.000
7723,2764.810,4.926,5.778,2.243,0.000,5.778,0.000,0.000,0.000,0.000,0.000,0.000,0.000,0.000,0.000
7724,2765.336,9.778,5.715,2.239,0.000,5.715,0.000,0.000,0.000,0.000,0.000,0.000,0.000,0.000,0.000
7725,2765.861,5.704,5.653,2.235,0.000,5.653,0.000,0.000,0.000,0.000,0.000,0.000,0.000,0.000,0.000
7726,2766.387,6.926,5.592,2.231,0.000,5.592,0.000,0.000,0.000,0.000,0.000,0.000,0.000,0.000,0.000
7727,2766.912,3.926,5.532,2.227,0.000,5.532,0.000,0.000,0.000,0.000,0.000,0.000,0.000,0.000,0.000
7728,2767.438,8.778,5.472,2.223,0.000,5.472,0.000,0.000,0.000,0.000,0.000,0.000,0.000,0.000,0.000
7729,2767.964,5.852,5.414,2.219,0.000,5.414,0.000,0.000,0.000,0.000,0.000,0.000,0.000,0.000,0.000
7730,2768.490,9.704,5.356,2.214,0.000,5.356,0.000,0.000,0.000,0.000,0.000,0.000,0.000,0.000,0.000
7731,2769.017,4.630,5.299,2.210,0.000,5.299,0.000,0.000,0.000,0.000,0.000,0.000,0.000,0.000,0.000
7732,2769.543,7.852,5.243,2.206,0.000,5.243,0.000,0.000,0.000,0.000,0.000,0.000,0.000,0.000,0.000
7733,2770.070,11.926,5.187,2.202,0.000,5.187,0.000,0.000,0.000,0.000,0.000,0.000,0.000,0.000,0.000
7734,2770.596,3.482,5.133,2.198,0.000,5.133,0.000,0.000,0.000,0.000,0.000,0.000,0.000,0.000,0.000
7735,2771.123,5.852,5.079,2.194,0.000,5.079,0.000,0.000,0.000,0.000,0.000,0.000,0.000,0.000,0.000
7736,2771.650,2.778,5.026,2.190,0.000,5.026,0.000,0.000,0.000,0.000,0.000,0.000,0.000,0.000,0.000
7737,2772.177,0.704,4.974,2.186,0.000,4.974,0.000,0.000,0.000,0.000,0.000,0.000,0.000,0.000,0.000
7738,2772.704,7.482,4.922,2.181,0.000,4.922,0.000,0.000,0.000,0.000,0.000,0.000,0.000,0.000,0.000
7739,2773.232,5.704,4.872,2.177,0.000,4.872,0.000,0.000,0.000,0.000,0.000,0.000,0.000,0.000,0.000
7740,2773.759,4.852,4.822,2.173,0.000,4.822,0.000,0.000,0.000,0.000,0.000,0.000,0.000,0.000,0.000
7741,2774.287,5.704,4.773,2.169,0.000,4.773,0.000,0.000,0.000,0.000,0.000,0.000,0.000,0.000,0.000
7742,2774.814,8.000,4.724,2.165,0.000,4.724,0.000,0.000,0.000,0.000,0.000,0.000,0.000,0.000,0.000
7743,2775.342,2.852,4.677,2.161,0.000,4.677,0.000,0.000,0.000,0.000,0.000,0.000,0.000,0.000,0.000
7744,2775.870,2.852,4.630,2.157,0.000,4.630,0.000,0.000,0.000,0.000,0.000,0.000,0.000,0.000,0.000
7745,2776.398,6.778,4.583,2.152,0.000,4.583,0.000,0.000,0.000,0.000,0.000,0.000,0.000,0.000,0.000
7746,2776.927,2.704,4.538,2.148,0.000,4.538,0.000,0.000,0.000,0.000,0.000,0.000,0.000,0.000,0.000
7747,2777.455,3.778,4.493,2.144,0.000,4.493,0.000,0.000,0.000,0.000,0.000,0.000,0.000,0.000,0.000
7748,2777.984,6.704,4.449,2.140,0.000,4.449,0.000,0.000,0.000,0.000,0.000,0.000,0.000,0.000,0.000
7749,2778.512,7.852,4.406,2.136,0.000,4.406,0.000,0.000,0.000,0.000,0.000,0.000,0.000,0.000,0.000
7750,2779.041,11.778,4.363,2.132,0.000,4.363,0.000,0.000,0.000,0.000,0.000,0.000,0.000,0.000,0.000
7751,2779.570,5.852,4.321,2.128,0.000,4.321,0.000,0.000,0.000,0.000,0.000,0.000,0.000,0.000,0.000
7752,2780.099,2.778,4.279,2.124,0.000,4.279,0.000,0.000,0.000,0.000,0.000,0.000,0.000,0.000,0.000
7753,2780.629,3.704,4.238,2.119,0.000,4.238,0.000,0.000,0.000,0.000,0.000,0.000,0.000,0.000,0.000
7754,2781.158,4.852,4.198,2.115,0.000,4.198,0.000,0.000,0.000,0.000,0.000,0.000,0.000,0.000,0.000
7755,2781.687,5.926,4.159,2.111,0.000,4.159,0.000,0.000,0.000,0.000,0.000,0.000,0.000,0.000,0.000
7756,2782.217,5.926,4.120,2.107,0.000,4.120,0.000,0.000,0.000,0.000,0.000,0.000,0.000,0.000,0.000
7757,2782.747,8.630,4.082,2.103,0.000,4.082,0.000,0.000,0.000,0.000,0.000,0.000,0.000,0.000,0.000
7758,2783.277,5.926,4.044,2.099,0.000,4.044,0.000,0.000,0.000,0.000,0.000,0.000,0.000,0.000,0.000
7759,2783.807,7.704,4.007,2.095,0.000,4.007,0.000,0.000,0.000,0.000,0.000,0.000,0.000,0.000,0.000
7760,2784.337,4.704,3.970,2.091,0.000,3.970,0.000,0.000,0.000,0.000,0.000,0.000,0.000,0.000,0.000
7761,2784.867,4.704,3.935,2.086,0.000,3.935,0.000,0.000,0.000,0.000,0.000,0.000,0.000,0.000,0.000
7762,2785.398,4.778,3.899,2.082,0.000,3.899,0.000,0.000,0.000,0.000,0.000,0.000,0.000,0.000,0.000
7763,2785.929,5.778,3.865,2.078,0.000,3.865,0.000,0.000,0.000,0.000,0.000,0.000,0.000,0.000,0.000
7764,2786.459,4.000,3.831,2.074,0.000,3.831,0.000,0.000,0.000,0.000,0.000,0.000,0.000,0.000,0.000
7765,2786.990,4.852,3.798,2.070,0.000,3.798,0.000,0.000,0.000,0.000,0.000,0.000,0.000,0.000,0.000
7766,2787.521,7.852,3.765,2.066,0.000,3.765,0.000,0.000,0.000,0.000,0.000,0.000,0.000,0.000,0.000
7767,2788.052,5.926,3.734,2.062,0.000,3.734,0.000,0.000,0.000,0.000,0.000,0.000,0.000,0.000,0.000
7768,2788.584,2.778,3.702,2.058,0.000,3.702,0.000,0.000,0.000,0.000,0.000,0.000,0.000,0.000,0.000
7769,2789.115,9.778,3.671,2.053,0.000,3.671,0.000,0.000,0.000,0.000,0.000,0.000,0.000,0.000,0.000
7770,2789.647,1.926,3.641,2.049,0.000,3.641,0.000,0.000,0.000,0.000,0.000,0.000,0.000,0.000,0.000
7771,2790.178,7.000,3.612,2.045,0.000,3.612,0.000,0.000,0.000,0.000,0.000,0.000,0.000,0.000,0.000
7772,2790.710,7.630,3.583,2.041,0.000,3.583,0.000,0.000,0.000,0.000,0.000,0.000,0.000,0.000,0.000
7773,2791.242,2.852,3.554,2.037,0.000,3.554,0.000,0.000,0.000,0.000,0.000,0.000,0.000,0.000,0.000
7774,2791.774,3.926,3.526,2.033,0.000,3.526,0.000,0.000,0.000,0.000,0.000,0.000,0.000,0.000,0.000
7775,2792.307,5.000,3.499,2.029,0.000,3.499,0.000,0.000,0.000,0.000,0.000,0.000,0.000,0.000,0.000
7776,2792.839,5.778,3.472,2.025,0.000,3.472,0.000,0.000,0.000,0.000,0.000,0.000,0.000,0.000,0.000
7777,2793.372,4.852,3.446,2.020,0.000,3.446,0.000,0.000,0.000,0.000,0.000,0.000,0.000,0.000,0.000
7778,2793.904,9.704,3.420,2.016,0.000,3.420,0.000,0.000,0.000,0.000,0.000,0.000,0.000,0.000,0.000
7779,2794.437,4.000,3.394,2.012,0.000,3.394,0.000,0.000,0.000,0.000,0.000,0.000,0.000,0.000,0.000
7780,2794.970,5.926,3.369,2.008,0.000,3.369,0.000,0.000,0.000,0.000,0.000,0.000,0.000,0.000,0.000
7781,2795.503,1.704,3.345,2.004,0.000,3.345,0.000,0.000,0.000,0.000,0.000,0.000,0.000,0.000,0.000
7782,2796.036,3.778,3.321,2.000,0.000,3.321,0.000,0.000,0.000,0.000,0.000,0.000,0.000,0.000,0.000
7783,2796.570,6.778,3.297,1.996,0.000,3.297,0.000,0.000,0.000,0.000,0.000,0.000,0.000,0.000,0.000
7784,2797.103,4.852,3.274,1.991,0.000,3.274,0.000,0.000,0.000,0.000,0.000,0.000,0.000,0.000,0.000
7785,2797.637,6.852,3.252,1.987,0.000,3.252,0.000,0.000,0.000,0.000,0.000,0.000,0.000,0.000,0.000
7786,2798.171,5.926,3.229,1.983,0.000,3.229,0.000,0.000,0.000,0.000,0.000,0.000,0.000,0.000,0.000
7787,2798.704,3.778,3.208,1.979,0.000,3.208,0.000,0.000,0.000,0.000,0.000,0.000,0.000,0.000,0.000
7788,2799.239,3.704,3.186,1.975,0.000,3.186,0.000,0.000,0.000,0.000,0.000,0.000,0.000,0.000,0.000
7789,2799.773,7.852,3.165,1.971,0.000,3.165,0.000,0.000,0.000,0.000,0.000,0.000,0.000,0.000,0.000
7790,2800.307,5.926,3.145,1.967,0.000,3.145,0.000,0.000,0.000,0.000,0.000,0.000,0.000,0.000,0.000
7791,2800.842,2.852,3.124,1.963,0.000,3.124,0.000,0.000,0.000,0.000,0.000,0.000,0.000,0.000,0.000
7792,2801.376,7.852,3.105,1.958,0.000,3.105,0.000,0.000,0.000,0.000,0.000,0.000,0.000,0.000,0.000
7793,2801.911,4.704,3.085,1.954,0.000,3.085,0.000,0.000,0.000,0.000,0.000,0.000,0.000,0.000,0.000
7794,2802.446,2.926,3.066,1.950,0.000,3.066,0.000,0.000,0.000,0.000,0.000,0.000,0.000,0.000,0.000
7795,2802.981,4.852,3.047,1.946,0.000,3.047,0.000,0.000,0.000,0.000,0.000,0.000,0.000,0.000,0.000
7796,2803.516,6.852,3.029,1.942,0.000,3.029,0.000,0.000,0.000,0.000,0.000,0.000,0.000,0.000,0.000
7797,2804.051,2.926,3.011,1.938,0.000,3.011,0.000,0.000,0.000,0.000,0.000,0.000,0.000,0.000,0.000
7798,2804.587,6.852,2.993,1.934,0.000,2.993,0.000,0.000,0.000,0.000,0.000,0.000,0.000,0.000,0.000
7799,2805.122,6.926,2.976,1.930,0.000,2.976,0.000,0.000,0.000,0.000,0.000,0.000,0.000,0.000,0.000
7800,2805.658,4.926,2.959,1.925,0.000,2.959,0.000,0.000,0.000,0.000,0.000,0.000,0.000,0.000,0.000
7801,2806.194,8.926,2.942,1.921,0.000,2.942,0.000,0.000,0.000,0.000,0.000,0.000,0.000,0.000,0.000
7802,2806.730,1.000,2.926,1.917,0.000,2.926,0.000,0.000,0.000,0.000,0.000,0.000,0.000,0.000,0.000
7803,2807.266,4.852,2.910,1.913,0.000,2.910,0.000,0.000,0.000,0.000,0.000,0.000,0.000,0.000,0.000
7804,2807.802,3.778,2.894,1.909,0.000,2.894,0.000,0.000,0.000,0.000,0.000,0.000,0.000,0.000,0.000
7805,2808.339,5.704,2.879,1.905,0.000,2.879,0.000,0.000,0.000,0.000,0.000,0.000,0.000,0.000,0.000
7806,2808.875,3.778,2.863,1.901,0.000,2.863,0.000,0.000,0.000,0.000,0.000,0.000,0.000,0.000,0.000
7807,2809.412,2.926,2.849,1.897,0.000,2.849,0.000,0.000,0.000,0.000,0.000,0.000,0.000,0.000,0.000
7808,2809.949,1.778,2.834,1.892,0.000,2.834,0.000,0.000,0.000,0.000,0.000,0.000,0.000,0.000,0.000
7809,2810.486,5.852,2.820,1.888,0.000,2.820,0.000,0.000,0.000,0.000,0.000,0.000,0.000,0.000,0.000
7810,2811.023,3.852,2.806,1.884,0.000,2.806,0.000,0.000,0.000,0.000,0.000,0.000,0.000,0.000,0.000
7811,2811.560,3.778,2.792,1.880,0.000,2.792,0.000,0.000,0.000,0.000,0.000,0.000,0.000,0.000,0.000
7812,2812.098,5.000,2.778,1.876,0.000,2.778,0.000,0.000,0.000,0.000,0.000,0.000,0.000,0.000,0.000
7813,2812.635,2.778,2.765,1.872,0.000,2.765,0.000,0.000,0.000,0.000,0.000,0.000,0.000,0.000,0.000
7814,2813.173,8.852,2.752,1.868,0.000,2.752,0.000,0.000,0.000,0.000,0.000,0.000,0.000,0.000,0.000
7815,2813.711,3.926,2.739,1.864,0.000,2.739,0.000,0.000,0.000,0.000,0.000,0.000,0.000,0.000,0.000
7816,2814.249,4.000,2.727,1.859,0.000,2.727,0.000,0.000,0.000,0.000,0.000,0.000,0.000,0.000,0.000
7817,2814.787,5.926,2.714,1.855,0.000,2.714,0.000,0.000,0.000,0.000,0.000,0.000,0.000,0.000,0.000
7818,2815.325,3.926,2.702,1.851,0.000,2.702,0.000,0.000,0.000,0.000,0.000,0.000,0.000,0.000,0.000
7819,2815.863,8.926,2.690,1.847,0.000,2.690,0.000,0.000,0.000,0.000,0.000,0.000,0.000,0.000,0.000
7820,2816.402,7.852,2.679,1.843,0.000,2.679,0.000,0.000,0.000,0.000,0.000,0.000,0.000,0.000,0.000
7821,2816.940,7.482,2.667,1.839,0.000,2.667,0.000,0.000,0.000,0.000,0.000,0.000,0.000,0.000,0.000
7822,2817.479,11.000,2.656,1.835,0.000,2.656,0.000,0.000,0.000,0.000,0.000,0.000,0.000,0.000,0.000
7823,2818.018,5.000,2.645,1.830,0.000,2.645,0.000,0.000,0.000,0.000,0.000,0.000,0.000,0.000,0.000
7824,2818.557,9.000,2.634,1.826,0.000,2.634,0.000,0.000,0.000,0.000,0.000,0.000,0.000,0.000,0.000
7825,2819.096,7.926,2.624,1.822,0.000,2.624,0.000,0.000,0.000,0.000,0.000,0.000,0.000,0.000,0.000
7826,2819.636,6.000,2.613,1.818,0.000,2.613,0.000,0.000,0.000,0.000,0.000,0.000,0.000,0.000,0.000
7827,2820.175,4.000,2.603,1.814,0.000,2.603,0.000,0.000,0.000,0.000,0.000,0.000,0.000,0.000,0.000
7828,2820.715,2.778,2.593,1.810,0.000,2.593,0.000,0.000,0.000,0.000,0.000,0.000,0.000,0.000,0.000
7829,2821.255,3.926,2.584,1.806,0.000,2.584,0.000,0.000,0.000,0.000,0.000,0.000,0.000,0.000,0.000
7830,2821.795,3.852,2.574,1.802,0.000,2.574,0.000,0.000,0.000,0.000,0.000,0.000,0.000,0.000,0.000
7831,2822.335,6.852,2.564,1.797,0.000,2.564,0.000,0.000,0.000,0.000,0.000,0.000,0.000,0.000,0.000
7832,2822.875,1.926,2.555,1.793,0.000,2.555,0.000,0.000,0.000,0.000,0.000,0.000,0.000,0.000,0.000
7833,2823.415,4.778,2.546,1.789,0.000,2.546,0.000,0.000,0.000,0.000,0.000,0.000,0.000,0.000,0.000
7834,2823.956,5.852,2.537,1.785,0.000,2.537,0.000,0.000,0.000,0.000,0.000,0.000,0.000,0.000,0.000
7835,2824.496,2.926,2.528,1.781,0.000,2.528,0.000,0.000,0.000,0.000,0.000,0.000,0.000,0.000,0.000
7836,2825.037,5.000,2.520,1.777,0.000,2.520,0.000,0.000,0.000,0.000,0.000,0.000,0.000,0.000,0.000
7837,2825.578,3.000,2.512,1.773,0.000,2.512,0.000,0.000,0.000,0.000,0.000,0.000,0.000,0.000,0.000
7838,2826.119,4.852,2.503,1.769,0.000,2.503,0.000,0.000,0.000,0.000,0.000,0.000,0.000,0.000,0.000
7839,2826.660,6.926,2.495,1.764,0.000,2.495,0.000,0.000,0.000,0.000,0.000,0.000,0.000,0.000,0.000
7840,2827.202,3.000,2.487,1.760,0.000,2.487,0.000,0.000,0.000,0.000,0.000,0.000,0.000,0.000,0.000
7841,2827.743,13.926,2.479,1.756,0.000,2.479,0.000,0.000,0.000,0.000,0.000,0.000,0.000,0.000,0.000
7842,2828.285,5.852,2.472,1.752,0.000,2.472,0.000,0.000,0.000,0.000,0.000,0.000,0.000,0.000,0.000
7843,2828.826,6.926,2.464,1.748,0.000,2.464,0.000,0.000,0.000,0.000,0.000,0.000,0.000,0.000,0.000
7844,2829.368,5.000,2.457,1.744,0.000,2.457,0.000,0.000,0.000,0.000,0.000,0.000,0.000,0.000,0.000
7845,2829.910,5.926,2.450,1.740,0.000,2.450,0.000,0.000,0.000,0.000,0.000,0.000,0.000,0.000,0.000
7846,2830.453,6.000,2.443,1.736,0.000,2.443,0.000,0.000,0.000,0.000,0.000,0.000,0.000,0.000,0.000
7847,2830.995,7.000,2.436,1.731,0.000,2.436,0.000,0.000,0.000,0.000,0.000,0.000,0.000,0.000,0.000
7848,2831.537,4.926,2.429,1.727,0.000,2.429,0.000,0.000,0.000,0.000,0.000,0.000,0.000,0.000,0.000
7849,2832.080,3.926,2.422,1.723,0.000,2.422,0.000,0.000,0.000,0.000,0.000,0.000,0.000,0.000,0.000
7850,2832.623,3.926,2.416,1.719,0.000,2.416,0.000,0.000,0.000,0.000,0.000,0.000,0.000,0.000,0.000
7851,2833.166,4.630,2.409,1.715,0.000,2.409,0.000,0.000,0.000,0.000,0.000,0.000,0.000,0.000,0.000
7852,2833.709,5.926,2.403,1.711,0.000,2.403,0.000,0.000,0.000,0.000,0.000,0.000,0.000,0.000,0.000
7853,2834.252,1.926,2.397,1.707,0.000,2.397,0.000,0.000,0.000,0.000,0.000,0.000,0.000,0.000,0.000
7854,2834.795,3.926,2.391,1.703,0.000,2.391,0.000,0.000,0.000,0.000,0.000,0.000,0.000,0.000,0.000
7855,2835.339,7.000,2.385,1.698,0.000,2.385,0.000,0.000,0.000,0.000,0.000,0.000,0.000,0.000,0.000
7856,2835.882,4.000,2.379,1.694,0.000,2.379,0.000,0.000,0.000,0.000,0.000,0.000,0.000,0.000,0.000
7857,2836.426,3.926,2.374,1.690,0.000,2.374,0.000,0.000,0.000,0.000,0.000,0.000,0.000,0.000,0.000
7858,2836.970,1.852,2.368,1.686,0.000,2.368,0.000,0.000,0.000,0.000,0.000,0.000,0.000,0.000,0.000
7859,2837.514,7.000,2.362,1.682,0.000,2.362,0.000,0.000,0.000,0.000,0.000,0.000,0.000,0.000,0.000
7860,2838.058,0.704,2.357,1.678,0.000,2.357,0.000,0.000,0.000,0.000,0.000,0.000,0.000,0.000,0.000
7861,2838.602,1.926,2.352,1.674,0.000,2.352,0.000,0.000,0.000,0.000,0.000,0.000,0.000,0.000,0.000
7862,2839.147,5.704,2.347,1.669,0.000,2.347,0.000,0.000,0.000,0.000,0.000,0.000,0.000,0.000,0.000
7863,2839.691,5.852,2.342,1.665,0.000,2.342,0.000,0.000,0.000,0.000,0.000,0.000,0.000,0.000,0.000
7864,2840.236,2.778,2.337,1.661,0.000,2.337,0.000,0.000,0.000,0.000,0.000,0.000,0.000,0.000,0.000
7865,2840.781,3.852,2.332,1.657,0.000,2.332,0.000,0.000,0.000,0.000,0.000,0.000,0.000,0.000,0.000
7866,2841.326,1.630,2.327,1.653,0.000,2.327,0.000,0.000,0.000,0.000,0.000,0.000,0.000,0.000,0.000
7867,2841.871,1.926,2.323,1.649,0.000,2.323,0.000,0.000,0.000,0.000,0.000,0.000,0.000,0.000,0.000
7868,2842.417,2.556,2.318,1.645,0.000,2.318,0.000,0.000,0.000,0.000,0.000,0.000,0.000,0.000,0.000
7869,2842.962,5.852,2.314,1.641,0.000,2.314,0.000,0.000,0.000,0.000,0.000,0.000,0.000,0.000,0.000
7870,2843.508,6.778,2.309,1.636,0.000,2.309,0.000,0.000,0.000,0.000,0.000,0.000,0.000,0.000,0.000
7871,2844.053,5.852,2.305,1.632,0.000,2.305,0.000,0.000,0.000,0.000,0.000,0.000,0.000,0.000,0.000
7872,2844.599,0.000,2.301,1.628,0.000,2.301,0.000,0.000,0.000,0.000,0.000,0.000,0.000,0.000,0.000
7873,2845.145,3.926,2.297,1.624,0.000,2.297,0.000,0.000,0.000,0.000,0.000,0.000,0.000,0.000,0.000
7874,2845.691,0.926,2.293,1.620,0.000,2.293,0.000,0.000,0.000,0.000,0.000,0.000,0.000,0.000,0.000
7875,2846.238,2.926,2.289,1.616,0.000,2.289,0.000,0.000,0.000,0.000,0.000,0.000,0.000,0.000,0.000
7876,2846.784,6.852,2.285,1.612,0.000,2.285,0.000,0.000,0.000,0.000,0.000,0.000,0.000,0.000,0.000
7877,2847.331,3.926,2.281,1.608,0.000,2.281,0.000,0.000,0.000,0.000,0.000,0.000,0.000,0.000,0.000
7878,2847.878,4.000,2.278,1.603,0.000,2.278,0.000,0.000,0.000,0.000,0.000,0.000,0.000,0.000,0.000
7879,2848.424,4.926,2.274,1.599,0.000,2.274,0.000,0.000,0.000,0.000,0.000,0.000,0.000,0.000,0.000
7880,2848.972,2.926,2.270,1.595,0.000,2.270,0.000,0.000,0.000,0.000,0.000,0.000,0.000,0.000,0.000
7881,2849.519,1.926,2.267,1.591,0.000,2.267,0.000,0.000,0.000,0.000,0.000,0.000,0.000,0.000,0.000
7882,2850.066,2.926,2.264,1.587,0.000,2.264,0.000,0.000,0.000,0.000,0.000,0.000,0.000,0.000,0.000
7883,2850.613,2.852,2.260,1.583,0.000,2.260,0.000,0.000,0.000,0.000,0.000,0.000,0.000,0.000,0.000
7884,2851.161,7.852,2.257,1.579,0.000,2.257,0.000,0.000,0.000,0.000,0.000,0.000,0.000,0.000,0.000
7885,2851.709,6.000,2.254,1.575,0.000,2.254,0.000,0.000,0.000,0.000,0.000,0.000,0.000,0.000,0.000
7886,2852.257,2.778,2.251,1.570,0.000,2.251,0.000,0.000,0.000,0.000,0.000,0.000,0.000,0.000,0.000
7887,2852.805,6.926,2.248,1.566,0.000,2.248,0.000,0.000,0.000,0.000,0.000,0.000,0.000,0.000,0.000
7888,2853.353,1.778,2.245,1.562,0.000,2.245,0.000,0.000,0.000,0.000,0.000,0.000,0.000,0.000,0.000
7889,2853.901,0.852,2.242,1.558,0.000,2.242,0.000,0.000,0.000,0.000,0.000,0.000,0.000,0.000,0.000
7890,2854.450,9.926,2.240,1.554,0.000,2.240,0.000,0.000,0.000,0.000,0.000,0.000,0.000,0.000,0.000
7891,2854.998,3.926,2.237,1.550,0.000,2.237,0.000,0.000,0.000,0.000,0.000,0.000,0.000,0.000,0.000
7892,2855.547,3.926,2.234,1.546,0.000,2.234,0.000,0.000,0.000,0.000,0.000,0.000,0.000,0.000,0.000
7893,2856.096,1.926,2.232,1.542,0.000,2.232,0.000,0.000,0.000,0.000,0.000,0.000,0.000,0.000,0.000
7894,2856.645,1.852,2.229,1.537,0.000,2.229,0.000,0.000,0.000,0.000,0.000,0.000,0.000,0.000,0.000
7895,2857.194,2.926,2.227,1.533,0.000,2.227,0.000,0.000,0.000,0.000,0.000,0.000,0.000,0.000,0.000
7896,2857.744,5.000,2.224,1.529,0.000,2.224,0.000,0.000,0.000,0.000,0.000,0.000,0.000,0.000,0.000
7897,2858.293,5.926,2.222,1.525,0.000,2.222,0.000,0.000,0.000,0.000,0.000,0.000,0.000,0.000,0.000
7898,2858.843,3.778,2.220,1.521,0.000,2.220,0.000,0.000,0.000,0.000,0.000,0.000,0.000,0.000,0.000
7899,2859.393,4.926,2.218,1.517,0.000,2.218,0.000,0.000,0.000,0.000,0.000,0.000,0.000,0.000,0.000
7900,2859.943,5.852,2.216,1.513,0.000,2.216,0.000,0.000,0.000,0.000,0.000,0.000,0.000,0.000,0.000
7901,2860.493,0.926,2.214,1.508,0.000,2.214,0.000,0.000,0.000,0.000,0.000,0.000,0.000,0.000,0.000
7902,2861.043,4.778,2.212,1.504,0.000,2.212,0.000,0.000,0.000,0.000,0.000,0.000,0.000,0.000,0.000
7903,2861.593,2.926,2.210,1.500,0.000,2.210,0.000,0.000,0.000,0.000,0.000,0.000,0.000,0.000,0.000
7904,2862.144,5.000,2.208,1.496,0.000,2.208,0.000,0.000,0.000,0.000,0.000,0.000,0.000,0.000,0.000
7905,2862.694,2.926,2.206,1.492,0.000,2.206,0.000,0.000,0.000,0.000,0.000,0.000,0.000,0.000,0.000
7906,2863.245,4.000,2.204,1.488,0.000,2.204,0.000,0.000,0.000,0.000,0.000,0.000,0.000,0.000,0.000
7907,2863.796,5.926,2.202,1.484,0.000,2.202,0.000,0.000,0.000,0.000,0.000,0.000,0.000,0.000,0.000
7908,2864.347,4.852,2.201,1.480,0.000,2.201,0.000,0.000,0.000,0.000,0.000,0.000,0.000,0.000,0.000
7909,2864.898,6.000,2.199,1.475,0.000,2.199,0.000,0.000,0.000,0.000,0.000,0.000,0.000,0.000,0.000
7910,2865.450,0.000,2.198,1.471,0.000,2.198,0.000,0.000,0.000,0.000,0.000,0.000,0.000,0.000,0.000
7911,2866.001,4.852,2.196,1.467,0.000,2.196,0.000,0.000,0.000,0.000,0.000,0.000,0.000,0.000,0.000
7912,2866.553,6.000,2.195,1.463,0.000,2.195,0.000,0.000,0.000,0.000,0.000,0.000,0.000,0.000,0.000
7913,2867.105,4.852,2.193,1.459,0.000,2.193,0.000,0.000,0.000,0.000,0.000,0.000,0.000,0.000,0.000
7914,2867.657,1.852,2.192,1.455,0.000,2.192,0.000,0.000,0.000,0.000,0.000,0.000,0.000,0.000,0.000
7915,2868.209,3.704,2.191,1.451,0.000,2.191,0.000,0.000,0.000,0.000,0.000,0.000,0.000,0.000,0.000
7916,2868.761,5.926,2.189,1.447,0.000,2.189,0.000,0.000,0.000,0.000,0.000,0.000,0.000,0.000,0.000
7917,2869.313,4.000,2.188,1.442,0.000,2.188,0.000,0.000,0.000,0.000,0.000,0.000,0.000,0.000,0.000
7918,2869.866,2.000,2.187,1.438,0.000,2.187,0.000,0.000,0.000,0.000,0.000,0.000,0.000,0.000,0.000
7919,2870.419,2.926,2.186,1.434,0.000,2.186,0.000,0.000,0.000,0.000,0.000,0.000,0.000,0.000,0.000
7920,2870.972,3.000,2.185,1.430,0.000,2.185,0.000,0.000,0.000,0.000,0.000,0.000,0.000,0.000,0.000
7921,2871.525,5.926,2.184,1.426,0.000,2.184,0.000,0.000,0.000,0.000,0.000,0.000,0.000,0.000,0.000
7922,2872.078,2.926,2.183,1.422,0.000,2.183,0.000,0.000,0.000,0.000,0.000,0.000,0.000,0.000,0.000
7923,2872.631,2.926,2.182,1.418,0.000,2.182,0.000,0.000,0.000,0.000,0.000,0.000,0.000,0.000,0.000
7924,2873.184,2.926,2.182,1.414,0.000,2.182,0.000,0.000,0.000,0.000,0.000,0.000,0.000,0.000,0.000
7925,2873.738,6.000,2.181,1.409,0.000,2.181,0.000,0.000,0.000,0.000,0.000,0.000,0.000,0.000,0.000
7926,2874.292,2.852,2.180,1.405,0.000,2.180,0.000,0.000,0.000,0.000,0.000,0.000,0.000,0.000,0.000
7927,2874.846,4.852,2.179,1.401,0.000,2.179,0.000,0.000,0.000,0.000,0.000,0.000,0.000,0.000,0.000
7928,2875.400,5.000,2.179,1.397,0.000,2.179,0.000,0.000,0.000,0.000,0.000,0.000,0.000,0.000,0.000
7929,2875.954,1.852,2.178,1.393,0.000,2.178,0.000,0.000,0.000,0.000,0.000,0.000,0.000,0.000,0.000
7930,2876.508,2.852,2.178,1.389,0.000,2.178,0.000,0.000,0.000,0.000,0.000,0.000,0.000,0.000,0.000
7931,2877.062,3.000,2.177,1.385,0.000,2.177,0.000,0.000,0.000,0.000,0.000,0.000,0.000,0.000,0.000
7932,2877.617,2.852,2.177,1.381,0.000,2.177,0.000,0.000,0.000,0.000,0.000,0.000,0.000,0.000,0.000
7933,2878.172,6.000,2.176,1.376,0.000,2.176,0.000,0.000,0.000,0.000,0.000,0.000,0.000,0.000,0.000
7934,2878.727,2.852,2.176,1.372,0.000,2.176,0.000,0.000,0.000,0.000,0.000,0.000,0.000,0.000,0.000
7935,2879.282,4.000,2.176,1.368,0.000,2.176,0.000,0.000,0.000,0.000,0.000,0.000,0.000,0.000,0.000
7936,2879.837,1.852,2.175,1.364,0.000,2.175,0.000,0.000,0.000,0.000,0.000,0.000,0.000,0.000,0.000
7937,2880.392,0.926,2.175,1.360,0.000,2.175,0.000,0.000,0.000,0.000,0.000,0.000,0.000,0.000,0.000
7938,2880.948,3.000,2.175,1.356,0.000,2.175,0.000,0.000,0.000,0.000,0.000,0.000,0.000,0.000,0.000
7939,2881.503,6.778,2.175,1.352,0.000,2.175,0.000,0.000,0.000,0.000,0.000,0.000,0.000,0.000,0.000
7940,2882.059,3.852,2.175,1.347,0.000,2.175,0.000,0.000,0.000,0.000,0.000,0.000,0.000,0.000,0.000
7941,2882.615,7.000,2.175,1.343,0.000,2.175,0.000,0.000,0.000,0.000,0.000,0.000,0.000,0.000,0.000
7942,2883.171,2.000,2.175,1.339,0.000,2.175,0.000,0.000,0.000,0.000,0.000,0.000,0.000,0.000,0.000
7943,2883.727,5.852,2.175,1.335,0.000,2.175,0.000,0.000,0.000,0.000,0.000,0.000,0.000,0.000,0.000
7944,2884.284,1.000,2.175,1.331,0.000,2.175,0.000,0.000,0.000,0.000,0.000,0.000,0.000,0.000,0.000
7945,2884.840,2.852,2.175,1.327,0.000,2.175,0.000,0.000,0.000,0.000,0.000,0.000,0.000,0.000,0.000
7946,2885.397,5.000,2.175,1.323,0.000,2.175,0.000,0.000,0.000,0.000,0.000,0.000,0.000,0.000,0.000
7947,2885.954,6.000,2.176,1.319,0.000,2.176,0.000,0.000,0.000,0.000,0.000,0.000,0.000,0.000,0.000
7948,2886.511,2.704,2.176,1.314,0.000,2.176,0.000,0.000,0.000,0.000,0.000,0.000,0.000,0.000,0.000
7949,2887.068,4.852,2.176,1.310,0.000,2.176,0.000,0.000,0.000,0.000,0.000,0.000,0.000,0.000,0.000
7950,2887.625,2.778,2.177,1.306,0.000,2.177,0.000,0.000,0.000,0.000,0.000,0.000,0.000,0.000,0.000
7951,2888.182,1.000,2.177,1.302,0.000,2.177,0.000,0.000,0.000,0.000,0.000,0.000,0.000,0.000,0.000
7952,2888.740,6.926,2.178,1.298,0.000,2.178,0.000,0.000,0.000,0.000,0.000,0.000,0.000,0.000,0.000
7953,2889.297,5.000,2.178,1.294,0.000,2.178,0.000,0.000,0.000,0.000,0.000,0.000,0.000,0.000,0.000
7954,2889.855,2.926,2.179,1.290,0.000,2.179,0.000,0.000,0.000,0.000,0.000,0.000,0.000,0.000,0.000
7955,2890.413,5.926,2.179,1.286,0.000,2.179,0.000,0.000,0.000,0.000,0.000,0.000,0.000,0.000,0.000
7956,2890.971,5.926,2.180,1.281,0.000,2.180,0.000,0.000,0.000,0.000,0.000,0.000,0.000,0.000,0.000
7957,2891.530,7.926,2.181,1.277,0.000,2.181,0.000,0.000,0.000,0.000,0.000,0.000,0.000,0.000,0.000
7958,2892.088,1.926,2.181,1.273,0.000,2.181,0.000,0.000,0.000,0.000,0.000,0.000,0.000,0.000,0.000
7959,2892.647,5.000,2.182,1.269,0.000,2.182,0.000,0.000,0.000,0.000,0.000,0.000,0.000,0.000,0.000
7960,2893.205,3.704,2.183,1.265,0.000,2.183,0.000,0.000,0.000,0.000,0.000,0.000,0.000,0.000,0.000
7961,2893.764,4.000,2.184,1.261,0.000,2.184,0.000,0.000,0.000,0.000,0.000,0.000,0.000,0.000,0.000
7962,2894.323,6.000,2.185,1.257,0.000,2.185,0.000,0.000,0.000,0.000,0.000,0.000,0.000,0.000,0.000
7963,2894.883,4.000,2.186,1.253,0.000,2.186,0.000,0.000,0.000,0.000,0.000,0.000,0.000,0.000,0.000
7964,2895.442,0.778,2.187,1.248,0.000,2.187,0.000,0.000,0.000,0.000,0.000,0.000,0.000,0.000,0.000
7965,2896.001,1.000,2.188,1.244,0.000,2.188,0.000,0.000,0.000,0.000,0.000,0.000,0.000,0.000,0.000
7966,2896.561,5.000,2.189,1.240,0.000,2.189,0.000,0.000,0.000,0.000,0.000,0.000,0.000,0.000,0.000
7967,2897.121,4.000,2.190,1.236,0.000,2.190,0.000,0.000,0.000,0.000,0.000,0.000,0.000,0.000,0.000
7968,2897.681,3.000,2.191,1.232,0.000,2.191,0.000,0.000,0.000,0.000,0.000,0.000,0.000,0.000,0.000
7969,2898.241,2.852,2.193,1.228,0.000,2.193,0.000,0.000,0.000,0.000,0.000,0.000,0.000,0.000,0.000
7970,2898.801,0.852,2.194,1.224,0.000,2.194,0.000,0.000,0.000,0.000,0.000,0.000,0.000,0.000,0.000
7971,2899.361,5.000,2.195,1.220,0.000,2.195,0.000,0.000,0.000,0.000,0.000,0.000,0.000,0.000,0.000
7972,2899.922,1.926,2.197,1.215,0.000,2.197,0.000,0.000,0.000,0.000,0.000,0.000,0.000,0.000,0.000
7973,2900.482,3.926,2.198,1.211,0.000,2.198,0.000,0.000,0.000,0.000,0.000,0.000,0.000,0.000,0.000
7974,2901.043,1.852,2.200,1.207,0.000,2.200,0.000,0.000,0.000,0.000,0.000,0.000,0.000,0.000,0.000
7975,2901.604,4.926,2.201,1.203,0.000,2.201,0.000,0.000,0.000,0.000,0.000,0.000,0.000,0.000,0.000
7976,2902.165,2.000,2.203,1.199,0.000,2.203,0.000,0.000,0.000,0.000,0.000,0.000,0.000,0.000,0.000
7977,2902.727,3.852,2.205,1.195,0.000,2.205,0.000,0.000,0.000,0.000,0.000,0.000,0.000,0.000,0.000
7978,2903.288,2.852,2.206,1.191,0.000,2.206,0.000,0.000,0.000,0.000,0.000,0.000,0.000,0.000,0.000
7979,2903.850,3.926,2.208,1.186,0.000,2.208,0.000,0.000,0.000,0.000,0.000,0.000,0.000,0.000,0.000
7980,2904.411,5.852,2.210,1.182,0.000,2.210,0.000,0.000,0.000,0.000,0.000,0.000,0.000,0.000,0.000
7981,2904.973,3.926,2.212,1.178,0.000,2.212,0.000,0.000,0.000,0.000,0.000,0.000,0.000,0.000,0.000
7982,2905.535,3.926,2.214,1.174,0.000,2.214,0.000,0.000,0.000,0.000,0.000,0.000,0.000,0.000,0.000
7983,2906.097,0.926,2.216,1.170,0.000,2.216,0.000,0.000,0.000,0.000,0.000,0.000,0.000,0.000,0.000
7984,2906.660,5.000,2.218,1.166,0.000,2.218,0.000,0.000,0.000,0.000,0.000,0.000,0.000,0.000,0.000
7985,2907.222,1.926,2.220,1.162,0.000,2.220,0.000,0.000,0.000,0.000,0.000,0.000,0.000,0.000,0.000
7986,2907.785,3.852,2.222,1.158,0.000,2.222,0.000,0.000,0.000,0.000,0.000,0.000,0.000,0.000,0.000
7987,2908.347,4.000,2.224,1.153,0.000,2.224,0.000,0.000,0.000,0.000,0.000,0.000,0.000,0.000,0.000
7988,2908.910,3.000,2.226,1.149,0.000,2.226,0.000,0.000,0.000,0.000,0.000,0.000,0.000,0.000,0.000
7989,2909.473,4.704,2.229,1.145,0.000,2.229,0.000,0.000,0.000,0.000,0.000,0.000,0.000,0.000,0.000
7990,2910.037,1.778,2.231,1.141,0.000,2.231,0.000,0.000,0.000,0.000,0.000,0.000,0.000,0.000,0.000
7991,2910.600,2.926,2.233,1.137,0.000,2.233,0.000,0.000,0.000,0.000,0.000,0.000,0.000,0.000,0.000
7992,2911.164,2.852,2.236,1.133,0.000,2.236,0.000,0.000,0.000,0.000,0.000,0.000,0.000,0.000,0.000
7993,2911.727,0.778,2.238,1.129,0.000,2.238,0.000,0.000,0.000,0.000,0.000,0.000,0.000,0.000,0.000
7994,2912.291,0.852,2.241,1.125,0.000,2.241,0.000,0.000,0.000,0.000,0.000,0.000,0.000,0.000,0.000
7995,2912.855,3.926,2.244,1.120,0.000,2.244,0.000,0.000,0.000,0.000,0.000,0.000,0.000,0.000,0.000
7996,2913.419,5.852,2.246,1.116,0.000,2.246,0.000,0.000,0.000,0.000,0.000,0.000,0.000,0.000,0.000
7997,2913.983,3.778,2.249,1.112,0.000,2.249,0.000,0.000,0.000,0.000,0.000,0.000,0.000,0.000,0.000
7998,2914.548,6.000,2.252,1.108,0.000,2.252,0.000,0.000,0.000,0.000,0.000,0.000,0.000,0.000,0.000
7999,2915.112,3.926,2.255,1.104,0.000,2.255,0.000,0.000,0.000,0.000,0.000,0.000,0.000,0.000,0.000
8000,2915.677,2.852,2.258,1.100,0.000,2.258,0.000,0.000,0.000,0.000,0.000,0.000,0.000,0.000,0.000
8001,2916.242,4.852,2.261,1.096,0.000,2.261,0.000,0.000,0.000,0.000,0.000,0.000,0.000,0.000,0.000
8002,2916.807,7.852,2.264,1.092,0.000,2.264,0.000,0.000,0.000,0.000,0.000,0.000,0.000,0.000,0.000
8003,2917.372,3.000,2.267,1.087,0.000,2.267,0.000,0.000,0.000,0.000,0.000,0.000,0.000,0.000,0.000
8004,2917.937,2.852,2.270,1.083,0.000,2.270,0.000,0.000,0.000,0.000,0.000,0.000,0.000,0.000,0.000
8005,2918.503,0.926,2.273,1.079,0.000,2.273,0.000,0.000,0.000,0.000,0.000,0.000,0.000,0.000,0.000
8006,2919.069,3.000,2.277,1.075,0.000,2.277,0.000,0.000,0.000,0.000,0.000,0.000,0.000,0.000,0.000
8007,2919.634,5.000,2.280,1.071,0.000,2.280,0.000,0.000,0.000,0.000,0.000,0.000,0.000,0.000,0.000
8008,2920.200,1.852,2.283,1.067,0.000,2.283,0.000,0.000,0.000,0.000,0.000,0.000,0.000,0.000,0.000
8009,2920.766,3.852,2.287,1.063,0.000,2.287,0.000,0.000,0.000,0.000,0.000,0.000,0.000,0.000,0.000
8010,2921.333,2.852,2.291,1.059,0.000,2.291,0.000,0.000,0.000,0.000,0.000,0.000,0.000,0.000,0.000
8011,2921.899,3.852,2.294,1.054,0.000,2.294,0.000,0.000,0.000,0.000,0.000,0.000,0.000,0.000,0.000
8012,2922.465,1.000,2.298,1.050,0.000,2.298,0.000,0.000,0.000,0.000,0.000,0.000,0.000,0.000,0.000
8013,2923.032,1.778,2.302,1.046,0.000,2.302,0.000,0.000,0.000,0.000,0.000,0.000,0.000,0.000,0.000
8014,2923.599,2.704,2.305,1.042,0.000,2.305,0.000,0.000,0.000,0.000,0.000,0.000,0.000,0.000,0.000
8015,2924.166,8.000,2.309,1.038,0.000,2.309,0.000,0.000,0.000,0.000,0.000,0.000,0.000,0.000,0.000
8016,2924.733,4.852,2.313,1.034,0.000,2.313,0.000,0.000,0.000,0.000,0.000,0.000,0.000,0.000,0.000
8017,2925.300,3.926,2.317,1.030,0.000,2.317,0.000,0.000,0.000,0.000,0.000,0.000,0.000,0.000,0.000
8018,2925.868,5.000,2.321,1.025,0.000,2.321,0.000,0.000,0.000,0.000,0.000,0.000,0.000,0.000,0.000
8019,2926.435,5.778,2.326,1.021,0.000,2.326,0.000,0.000,0.000,0.000,0.000,0.000,0.000,0.000,0.000
8020,2927.003,4.926,2.330,1.017,0.000,2.330,0.000,0.000,0.000,0.000,0.000,0.000,0.000,0.000,0.000
8021,2927.571,5.926,2.334,1.013,0.000,2.334,0.000,0.000,0.000,0.000,0.000,0.000,0.000,0.000,0.000
8022,2928.139,3.926,2.339,1.009,0.000,2.339,0.000,0.000,0.000,0.000,0.000,0.000,0.000,0.000,0.000
8023,2928.707,5.926,2.343,1.005,0.000,2.343,0.000,0.000,0.000,0.000,0.000,0.000,0.000,0.000,0.000
8024,2929.276,4.000,2.348,1.001,0.000,2.348,0.000,0.000,0.000,0.000,0.000,0.000,0.000,0.000,0.000
8025,2929.844,0.000,2.352,0.997,0.000,2.352,0.000,0.000,0.000,0.000,0.000,0.000,0.000,0.000,0.000
8026,2930.413,6.000,2.357,0.992,0.000,2.357,0.000,0.000,0.000,0.000,0.000,0.000,0.000,0.000,0.000
8027,2930.982,4.852,2.362,0.988,0.000,2.362,0.000,0.000,0.000,0.000,0.000,0.000,0.000,0.000,0.000
8028,2931.551,4.778,2.367,0.984,0.000,2.367,0.000,0.000,0.000,0.000,0.000,0.000,0.000,0.000,0.000
8029,2932.120,2.000,2.372,0.980,0.000,2.372,0.000,0.000,0.000,0.000,0.000,0.000,0.000,0.000,0.000
8030,2932.689,0.852,2.377,0.976,0.000,2.377,0.000,0.000,0.000,0.000,0.000,0.000,0.000,0.000,0.000
8031,2933.258,1.926,2.382,0.972,0.000,2.382,0.000,0.000,0.000,0.000,0.000,0.000,0.000,0.000,0.000
8032,2933.828,5.852,2.387,0.968,0.000,2.387,0.000,0.000,0.000,0.000,0.000,0.000,0.000,0.000,0.000
8033,2934.398,4.000,2.392,0.964,0.000,2.392,0.000,0.000,0.000,0.000,0.000,0.000,0.000,0.000,0.000
8034,2934.968,4.704,2.398,0.959,0.000,2.398,0.000,0.000,0.000,0.000,0.000,0.000,0.000,0.000,0.000
8035,2935.538,4.852,2.403,0.955,0.000,2.403,0.000,0.000,0.000,0.000,0.000,0.000,0.000,0.000,0.000
8036,2936.108,0.000,2.408,0.951,0.000,2.408,0.000,0.000,0.000,0.000,0.000,0.000,0.000,0.000,0.000
8037,2936.678,1.000,2.414,0.947,0.000,2.414,0.000,0.000,0.000,0.000,0.000,0.000,0.000,0.000,0.000
8038,2937.249,1.926,2.420,0.943,0.000,2.420,0.000,0.000,0.000,0.000,0.000,0.000,0.000,0.000,0.000
8039,2937.819,3.000,2.426,0.939,0.000,2.426,0.000,0.000,0.000,0.000,0.000,0.000,0.000,0.000,0.000
8040,2938.390,3.000,2.431,0.935,0.000,2.431,0.000,0.000,0.000,0.000,0.000,0.000,0.000,0.000,0.000
8041,2938.961,4.000,2.437,0.931,0.000,2.437,0.000,0.000,0.000,0.000,0.000,0.000,0.000,0.000,0.000
8042,2939.532,4.000,2.443,0.926,0.000,2.443,0.000,0.000,0.000,0.000,0.000,0.000,0.000,0.000,0.000
8043,2940.103,3.926,2.450,0.922,0.000,2.450,0.000,0.000,0.000,0.000,0.000,0.000,0.000,0.000,0.000
8044,2940.675,4.000,2.456,0.918,0.000,2.456,0.000,0.000,0.000,0.000,0.000,0.000,0.000,0.000,0.000
8045,2941.246,3.704,2.462,0.914,0.000,2.462,0.000,0.000,0.000,0.000,0.000,0.000,0.000,0.000,0.000
8046,2941.818,3.926,2.468,0.910,0.000,2.468,0.000,0.000,0.000,0.000,0.000,0.000,0.000,0.000,0.000
8047,2942.390,1.852,2.475,0.906,0.000,2.475,0.000,0.000,0.000,0.000,0.000,0.000,0.000,0.000,0.000
8048,2942.962,9.000,2.482,0.902,0.000,2.482,0.000,0.000,0.000,0.000,0.000,0.000,0.000,0.000,0.000
8049,2943.534,4.926,2.488,0.898,0.000,2.488,0.000,0.000,0.000,0.000,0.000,0.000,0.000,0.000,0.000
8050,2944.107,3.926,2.495,0.893,0.000,2.495,0.000,0.000,0.000,0.000,0.000,0.000,0.000,0.000,0.000
8051,2944.679,4.926,2.502,0.889,0.000,2.502,0.000,0.000,0.000,0.000,0.000,0.000,0.000,0.000,0.000
8052,2945.252,5.926,2.509,0.885,0.000,2.509,0.000,0.000,0.000,0.000,0.000,0.000,0.000,0.000,0.000
8053,2945.824,5.778,2.516,0.881,0.000,2.516,0.000,0.000,0.000,0.000,0.000,0.000,0.000,0.000,0.000
8054,2946.397,3.000,2.523,0.877,0.000,2.523,0.000,0.000,0.000,0.000,0.000,0.000,0.000,0.000,0.000
8055,2946.971,0.778,2.531,0.873,0.000,2.531,0.000,0.000,0.000,0.000,0.000,0.000,0.000,0.000,0.000
8056,2947.544,2.926,2.538,0.869,0.000,2.538,0.000,0.000,0.000,0.000,0.000,0.000,0.000,0.000,0.000
8057,2948.117,1.852,2.546,0.864,0.000,2.546,0.000,0.000,0.000,0.000,0.000,0.000,0.000,0.000,0.000
8058,2948.691,2.000,2.553,0.860,0.000,2.553,0.000,0.000,0.000,0.000,0.000,0.000,0.000,0.000,0.000
8059,2949.265,7.926,2.561,0.856,0.000,2.561,0.000,0.000,0.000,0.000,0.000,0.000,0.000,0.000,0.000
8060,2949.838,4.000,2.569,0.852,0.000,2.569,0.000,0.000,0.000,0.000,0.000,0.000,0.000,0.000,0.000
8061,2950.412,6.852,2.577,0.848,0.000,2.577,0.000,0.000,0.000,0.000,0.000,0.000,0.000,0.000,0.000
8062,2950.987,4.852,2.585,0.844,0.000,2.585,0.000,0.000,0.000,0.000,0.000,0.000,0.000,0.000,0.000
8063,2951.561,5.704,2.593,0.840,0.000,2.593,0.000,0.000,0.000,0.000,0.000,0.000,0.000,0.000,0.000
8064,2952.135,3.852,2.601,0.836,0.000,2.601,0.000,0.000,0.000,0.000,0.000,0.000,0.000,0.000,0.000
8065,2952.710,7.000,2.609,0.831,0.000,2.609,0.000,0.000,0.000,0.000,0.000,0.000,0.000,0.000,0.000
8066,2953.285,3.926,2.617,0.827,0.000,2.617,0.000,0.000,0.000,0.000,0.000,0.000,0.000,0.000,0.000
8067,2953.860,6.704,2.626,0.823,0.000,2.626,0.000,0.000,0.000,0.000,0.000,0.000,0.000,0.000,0.000
8068,2954.435,5.000,2.634,0.819,0.000,2.634,0.000,0.000,0.000,0.000,0.000,0.000,0.000,0.000,0.000
8069,2955.010,3.852,2.642,0.815,0.000,2.642,0.000,0.000,0.000,0.000,0.000,0.000,0.000,0.000,0.000
8070,2955.586,8.000,2.651,0.811,0.000,2.651,0.000,0.000,0.000,0.000,0.000,0.000,0.000,0.000,0.000
8071,2956.161,6.926,2.659,0.807,0.000,2.659,0.000,0.000,0.000,0.000,0.000,0.000,0.000,0.000,0.000
8072,2956.737,0.926,2.668,0.803,0.000,2.668,0.000,0.000,0.000,0.000,0.000,0.000,0.000,0.000,0.000
8073,2957.313,0.000,2.676,0.798,0.000,2.676,0.000,0.000,0.000,0.000,0.000,0.000,0.000,0.000,0.000
8074,2957.889,7.852,2.684,0.794,0.000,2.684,0.000,0.000,0.000,0.000,0.000,0.000,0.000,0.000,0.000
8075,2958.465,4.852,2.693,0.790,0.000,2.693,0.000,0.000,0.000,0.000,0.000,0.000,0.000,0.000,0.000
8076,2959.042,5.000,2.701,0.786,0.000,2.701,0.000,0.000,0.000,0.000,0.000,0.000,0.000,0.000,0.000
8077,2959.618,2.926,2.710,0.782,0.000,2.710,0.000,0.000,0.000,0.000,0.000,0.000,0.000,0.000,0.000
8078,2960.195,1.852,2.718,0.778,0.000,2.718,0.000,0.000,0.000,0.000,0.000,0.000,0.000,0.000,0.000
8079,2960.772,4.704,2.727,0.774,0.000,2.727,0.000,0.000,0.000,0.000,0.000,0.000,0.000,0.000,0.000
8080,2961.349,7.000,2.735,0.770,0.000,2.735,0.000,0.000,0.000,0.000,0.000,0.000,0.000,0.000,0.000
8081,2961.926,2.000,2.744,0.765,0.000,2.744,0.000,0.000,0.000,0.000,0.000,0.000,0.000,0.000,0.000
8082,2962.503,4.926,2.753,0.761,0.000,2.753,0.000,0.000,0.000,0.000,0.000,0.000,0.000,0.000,0.000
8083,2963.080,1.000,2.761,0.757,0.000,2.761,0.000,0.000,0.000,0.000,0.000,0.000,0.000,0.000,0.000
8084,2963.658,6.000,2.770,0.753,0.000,2.770,0.000,0.000,0.000,0.000,0.000,0.000,0.000,0.000,0.000
8085,2964.236,4.926,2.778,0.749,0.000,2.778,0.000,0.000,0.000,0.000,0.000,0.000,0.000,0.000,0.000
8086,2964.814,0.926,2.787,0.745,0.000,2.787,0.000,0.000,0.000,0.000,0.000,0.000,0.000,0.000,0.000
8087,2965.392,4.926,2.796,0.741,0.000,2.796,0.000,0.000,0.000,0.000,0.000,0.000,0.000,0.000,0.000
8088,2965.970,4.926,2.804,0.737,0.000,2.804,0.000,0.000,0.000,0.000,0.000,0.000,0.000,0.000,0.000
8089,2966.548,4.926,2.813,0.732,0.000,2.813,0.000,0.000,0.000,0.000,0.000,0.000,0.000,0.000,0.000
8090,2967.127,3.926,2.821,0.728,0.000,2.821,0.000,0.000,0.000,0.000,0.000,0.000,0.000,0.000,0.000
8091,2967.706,5.852,2.830,0.724,0.000,2.830,0.000,0.000,0.000,0.000,0.000,0.000,0.000,0.000,0.000
8092,2968.284,1.852,2.839,0.720,0.000,2.839,0.000,0.000,0.000,0.000,0.000,0.000,0.000,0.000,0.000
8093,2968.863,0.926,2.847,0.716,0.000,2.847,0.000,0.000,0.000,0.000,0.000,0.000,0.000,0.000,0.000
8094,2969.443,1.926,2.856,0.712,0.000,2.856,0.000,0.000,0.000,0.000,0.000,0.000,0.000,0.000,0.000
8095,2970.022,1.926,2.864,0.708,0.000,2.864,0.000,0.000,0.000,0.000,0.000,0.000,0.000,0.000,0.000
8096,2970.601,1.852,2.873,0.703,0.000,2.873,0.000,0.000,0.000,0.000,0.000,0.000,0.000,0.000,0.000
8097,2971.181,0.852,2.882,0.699,0.000,2.882,0.000,0.000,0.000,0.000,0.000,0.000,0.000,0.000,0.000
8098,2971.761,1.778,2.890,0.695,0.000,2.890,0.000,0.000,0.000,0.000,0.000,0.000,0.000,0.000,0.000
8099,2972.341,1.852,2.899,0.691,0.000,2.899,0.000,0.000,0.000,0.000,0.000,0.000,0.000,0.000,0.000
8100,2972.921,4.852,2.907,0.687,0.000,2.907,0.000,0.000,0.000,0.000,0.000,0.000,0.000,0.000,0.000
8101,2973.501,0.926,2.916,0.683,0.000,2.916,0.000,0.000,0.000,0.000,0.000,0.000,0.000,0.000,0.000
8102,2974.082,1.778,2.924,0.679,0.000,2.924,0.000,0.000,0.000,0.000,0.000,0.000,0.000,0.000,0.000
8103,2974.662,3.000,2.933,0.675,0.000,2.933,0.000,0.000,0.000,0.000,0.000,0.000,0.000,0.000,0.000
8104,2975.243,1.000,2.941,0.670,0.000,2.941,0.000,0.000,0.000,0.000,0.000,0.000,0.000,0.000,0.000
8105,2975.824,4.000,2.950,0.666,0.000,2.950,0.000,0.000,0.000,0.000,0.000,0.000,0.000,0.000,0.000
8106,2976.405,3.926,2.958,0.662,0.000,2.958,0.000,0.000,0.000,0.000,0.000,0.000,0.000,0.000,0.000
8107,2976.986,2.000,2.967,0.658,0.000,2.967,0.000,0.000,0.000,0.000,0.000,0.000,0.000,0.000,0.000
8108,2977.567,3.926,2.975,0.654,0.000,2.975,0.000,0.000,0.000,0.000,0.000,0.000,0.000,0.000,0.000
8109,2978.149,6.852,2.983,0.650,0.000,2.983,0.000,0.000,0.000,0.000,0.000,0.000,0.000,0.000,0.000
8110,2978.731,3.704,2.992,0.646,0.000,2.992,0.000,0.000,0.000,0.000,0.000,0.000,0.000,0.000,0.000
8111,2979.312,1.926,3.000,0.642,0.000,3.000,0.000,0.000,0.000,0.000,0.000,0.000,0.000,0.000,0.000
8112,2979.894,3.926,3.008,0.637,0.000,3.008,0.000,0.000,0.000,0.000,0.000,0.000,0.000,0.000,0.000
8113,2980.477,2.000,3.017,0.633,0.000,3.017,0.000,0.000,0.000,0.000,0.000,0.000,0.000,0.000,0.000
8114,2981.059,3.000,3.025,0.629,0.000,3.025,0.000,0.000,0.000,0.000,0.000,0.000,0.000,0.000,0.000
8115,2981.641,2.852,3.033,0.625,0.000,3.033,0.000,0.000,0.000,0.000,0.000,0.000,0.000,0.000,0.000
8116,2982.224,1.852,3.041,0.621,0.000,3.041,0.000,0.000,0.000,0.000,0.000,0.000,0.000,0.000,0.000
8117,2982.807,5.852,3.049,0.617,0.000,3.049,0.000,0.000,0.000,0.000,0.000,0.000,0.000,0.000,0.000
8118,2983.390,0.852,3.057,0.613,0.000,3.057,0.000,0.000,0.000,0.000,0.000,0.000,0.000,0.000,0.000
8119,2983.973,4.852,3.065,0.609,0.000,3.065,0.000,0.000,0.000,0.000,0.000,0.000,0.000,0.000,0.000
8120,2984.556,7.000,3.073,0.604,0.000,3.073,0.000,0.000,0.000,0.000,0.000,0.000,0.000,0.000,0.000
8121,2985.140,4.852,3.081,0.600,0.000,3.081,0.000,0.000,0.000,0.000,0.000,0.000,0.000,0.000,0.000
8122,2985.723,1.000,3.089,0.596,0.000,3.089,0.000,0.000,0.000,0.000,0.000,0.000,0.000,0.000,0.000
8123,2986.307,4.000,3.097,0.592,0.000,3.097,0.000,0.000,0.000,0.000,0.000,0.000,0.000,0.000,0.000
8124,2986.891,3.852,3.105,0.588,0.000,3.105,0.000,0.000,0.000,0.000,0.000,0.000,0.000,0.000,0.000
8125,2987.475,4.852,3.113,0.584,0.000,3.113,0.000,0.000,0.000,0.000,0.000,0.000,0.000,0.000,0.000
8126,2988.059,1.926,3.120,0.580,0.000,3.120,0.000,0.000,0.000,0.000,0.000,0.000,0.000,0.000,0.000
8127,2988.643,2.778,3.128,0.576,0.000,3.128,0.000,0.000,0.000,0.000,0.000,0.000,0.000,0.000,0.000
8128,2989.228,1.926,3.136,0.571,0.000,3.136,0.000,0.000,0.000,0.000,0.000,0.000,0.000,0.000,0.000
8129,2989.813,4.926,3.143,0.567,0.000,3.143,0.000,0.000,0.000,0.000,0.000,0.000,0.000,0.000,0.000
8130,2990.397,5.926,3.151,0.563,0.000,3.151,0.000,0.000,0.000,0.000,0.000,0.000,0.000,0.000,0.000
8131,2990.982,4.852,3.158,0.559,0.000,3.158,0.000,0.000,0.000,0.000,0.000,0.000,0.000,0.000,0.000
8132,2991.568,1.852,3.166,0.555,0.000,3.166,0.000,0.000,0.000,0.000,0.000,0.000,0.000,0.000,0.000
8133,2992.153,4.000,3.173,0.551,0.000,3.173,0.000,0.000,0.000,0.000,0.000,0.000,0.000,0.000,0.000
8134,2992.738,0.926,3.180,0.547,0.000,3.180,0.000,0.000,0.000,0.000,0.000,0.000,0.000,0.000,0.000
8135,2993.324,1.000,3.187,0.542,0.000,3.187,0.000,0.000,0.000,0.000,0.000,0.000,0.000,0.000,0.000
8136,2993.910,2.852,3.194,0.538,0.000,3.194,0.000,0.000,0.000,0.000,0.000,0.000,0.000,0.000,0.000
8137,2994.496,3.778,3.201,0.534,0.000,3.201,0.000,0.000,0.000,0.000,0.000,0.000,0.000,0.000,0.000
8138,2995.082,0.778,3.208,0.530,0.000,3.208,0.000,0.000,0.000,0.000,0.000,0.000,0.000,0.000,0.000
8139,2995.668,7.000,3.215,0.526,0.000,3.215,0.000,0.000,0.000,0.000,0.000,0.000,0.000,0.000,0.000
8140,2996.255,2.000,3.222,0.522,0.000,3.222,0.000,0.000,0.000,0.000,0.000,0.000,0.000,0.000,0.000
8141,2996.841,2.852,3.229,0.518,0.000,3.229,0.000,0.000,0.000,0.000,0.000,0.000,0.000,0.000,0.000
8142,2997.428,6.852,3.236,0.514,0.000,3.236,0.000,0.000,0.000,0.000,0.000,0.000,0.000,0.000,0.000
8143,2998.015,1.926,3.242,0.509,0.000,3.242,0.000,0.000,0.000,0.000,0.000,0.000,0.000,0.000,0.000
8144,2998.602,4.852,3.249,0.505,0.000,3.249,0.000,0.000,0.000,0.000,0.000,0.000,0.000,0.000,0.000
8145,2999.189,1.926,3.255,0.501,0.000,3.255,0.000,0.000,0.000,0.000,0.000,0.000,0.000,0.000,0.000
8146,2999.777,4.000,3.262,0.497,0.000,3.262,0.000,0.000,0.000,0.000,0.000,0.000,0.000,0.000,0.000
8147,3000.364,4.926,3.268,0.493,0.000,3.268,0.000,0.000,0.000,0.000,0.000,0.000,0.000,0.000,0.000
8148,3000.952,5.926,3.274,0.489,0.000,3.274,0.000,0.000,0.000,0.000,0.000,0.000,0.000,0.000,0.000
8149,3001.540,7.000,3.280,0.485,0.000,3.280,0.000,0.000,0.000,0.000,0.000,0.000,0.000,0.000,0.000
8150,3002.128,1.926,3.286,0.481,0.000,3.286,0.000,0.000,0.000,0.000,0.000,0.000,0.000,0.000,0.000
8151,3002.716,4.852,3.292,0.476,0.000,3.292,0.000,0.000,0.000,0.000,0.000,0.000,0.000,0.000,0.000
8152,3003.304,0.852,3.298,0.472,0.000,3.298,0.000,0.000,0.000,0.000,0.000,0.000,0.000,0.000,0.000
8153,3003.893,3.000,3.304,0.468,0.000,3.304,0.000,0.000,0.000,0.000,0.000,0.000,0.000,0.000,0.000
8154,3004.481,1.778,3.309,0.464,0.000,3.309,0.000,0.000,0.000,0.000,0.000,0.000,0.000,0.000,0.000
8155,3005.070,3.852,3.315,0.460,0.000,3.315,0.000,0.000,0.000,0.000,0.000,0.000,0.000,0.000,0.000
8156,3005.659,1.926,3.320,0.456,0.000,3.320,0.000,0.000,0.000,0.000,0.000,0.000,0.000,0.000,0.000
8157,3006.248,2.778,3.326,0.452,0.000,3.326,0.000,0.000,0.000,0.000,0.000,0.000,0.000,0.000,0.000
8158,3006.838,5.852,3.331,0.448,0.000,3.331,0.000,0.000,0.000,0.000,0.000,0.000,0.000,0.000,0.000
8159,3007.427,2.000,3.336,0.443,0.000,3.336,0.000,0.000,0.000,0.000,0.000,0.000,0.000,0.000,0.000
8160,3008.017,4.000,3.341,0.439,0.000,3.341,0.000,0.000,0.000,0.000,0.000,0.000,0.000,0.000,0.000
8161,3008.607,2.926,3.346,0.435,0.000,3.346,0.000,0.000,0.000,0.000,0.000,0.000,0.000,0.000,0.000
8162,3009.197,1.000,3.351,0.431,0.000,3.351,0.000,0.000,0.000,0.000,0.000,0.000,0.000,0.000,0.000
8163,3009.787,1.926,3.356,0.427,0.000,3.356,0.000,0.000,0.000,0.000,0.000,0.000,0.000,0.000,0.000
8164,3010.377,0.926,3.360,0.423,0.000,3.360,0.000,0.000,0.000,0.000,0.000,0.000,0.000,0.000,0.000
8165,3010.967,1.778,3.365,0.419,0.000,3.365,0.000,0.000,0.000,0.000,0.000,0.000,0.000,0.000,0.000
8166,3011.558,1.704,3.369,0.415,0.000,3.369,0.000,0.000,0.000,0.000,0.000,0.000,0.000,0.000,0.000
8167,3012.149,2.704,3.374,0.410,0.000,3.374,0.000,0.000,0.000,0.000,0.000,0.000,0.000,0.000,0.000
8168,3012.740,2.000,3.378,0.406,0.000,3.378,0.000,0.000,0.000,0.000,0.000,0.000,0.000,0.000,0.000
8169,3013.331,1.630,3.382,0.402,0.000,3.382,0.000,0.000,0.000,0.000,0.000,0.000,0.000,0.000,0.000
8170,3013.922,4.926,3.386,0.398,0.000,3.386,0.000,0.000,0.000,0.000,0.000,0.000,0.000,0.000,0.000
8171,3014.513,2.926,3.390,0.394,0.000,3.390,0.000,0.000,0.000,0.000,0.000,0.000,0.000,0.000,0.000
8172,3015.105,5.778,3.394,0.390,0.000,3.394,0.000,0.000,0.000,0.000,0.000,0.000,0.000,0.000,0.000
8173,3015.697,2.000,3.397,0.386,0.000,3.397,0.000,0.000,0.000,0.000,0.000,0.000,0.000,0.000,0.000
8174,3016.289,3.852,3.401,0.381,0.000,3.401,0.000,0.000,0.000,0.000,0.000,0.000,0.000,0.000,0.000
8175,3016.881,6.000,3.404,0.377,0.000,3.404,0.000,0.000,0.000,0.000,0.000,0.000,0.000,0.000,0.000
8176,3017.473,6.926,3.407,0.373,0.000,3.407,0.000,0.000,0.000,0.000,0.000,0.000,0.000,0.000,0.000
8177,3018.065,3.000,3.410,0.369,0.000,3.410,0.000,0.000,0.000,0.000,0.000,0.000,0.000,0.000,0.000
8178,3018.658,1.852,3.413,0.365,0.000,3.413,0.000,0.000,0.000,0.000,0.000,0.000,0.000,0.000,0.000
8179,3019.250,2.926,3.416,0.361,0.000,3.416,0.000,0.000,0.000,0.000,0.000,0.000,0.000,0.000,0.000
8180,3019.843,5.000,3.419,0.357,0.000,3.419,0.000,0.000,0.000,0.000,0.000,0.000,0.000,0.000,0.000
8181,3020.436,6.852,3.422,0.353,0.000,3.422,0.000,0.000,0.000,0.000,0.000,0.000,0.000,0.000,0.000
8182,3021.030,4.926,3.424,0.348,0.000,3.424,0.000,0.000,0.000,0.000,0.000,0.000,0.000,0.000,0.000
8183,3021.623,4.000,3.426,0.344,0.000,3.426,0.000,0.000,0.000,0.000,0.000,0.000,0.000,0.000,0.000
8184,3022.216,5.704,3.429,0.340,0.000,3.429,0.000,0.000,0.000,0.000,0.000,0.000,0.000,0.000,0.000
8185,3022.810,4.000,3.431,0.336,0.000,3.431,0.000,0.000,0.000,0.000,0.000,0.000,0.000,0.000,0.000
8186,3023.404,3.000,3.433,0.332,0.000,3.433,0.000,0.000,0.000,0.000,0.000,0.000,0.000,0.000,0.000
8187,3023.998,5.000,3.434,0.328,0.000,3.434,0.000,0.000,0.000,0.000,0.000,0.000,0.000,0.000,0.000
8188,3024.592,2.000,3.436,0.324,0.000,3.436,0.000,0.000,0.000,0.000,0.000,0.000,0.000,0.000,0.000
8189,3025.186,3.778,3.438,0.320,0.000,3.438,0.000,0.000,0.000,0.000,0.000,0.000,0.000,0.000,0.000
8190,3025.781,3.852,3.439,0.315,0.000,3.439,0.000,0.000,0.000,0.000,0.000,0.000,0.000,0.000,0.000
8191,3026.375,2953.903,0.000,0.000,0.000,0.000,0.000,0.000,0.000,0.000,0.000,0.000,0.000,0.000,0.000
