прибор: Gamma-1S UDS-GC 63x63 1024 (corpus, поверка 2016)
состав объявлен: Co-60,Y-88,Cs-134,Eu-152
пиков 14, компонентов 13 (из базы)
    пик     37.7 кэВ  Cs-134
    пик     89.4 кэВ  Esc-NaI
    пик    124.0 кэВ  Eu-152
    пик    167.4 кэВ  (без подписи)
    пик    245.8 кэВ  Eu-152
    пик    348.1 кэВ  Eu-152
    пик    442.3 кэВ  Eu-152
    пик    572.6 кэВ  Cs-134
    пик    682.9 кэВ  Eu-152
    пик    781.7 кэВ  Eu-152
    пик    871.9 кэВ  Eu-152
    пик    965.3 кэВ  Eu-152
    пик   1104.3 кэВ  Eu-152
    пик   1410.6 кэВ  Eu-152
матрица: есть, отпечаток сошёлся
угловые корреляции (N14): ключ ВЫКЛ; таблица Q_k сцены В МАТРИЦЕ (узлов 140, Q2(662) 0.8755)
кривая света: NaI:Tl

=== поправки по компонентам ===
Co-60          линий 2, сумм-пиков 1
      1332.49 кэВ  I  99.983 %   CF 1.0315   пик в образе ×0.9695
      1173.23 кэВ  I  99.850 %   CF 1.0302   пик в образе ×0.9707
    сумм-пик   2507.38 кэВ  площадь 8.505E-005 на распад
Y-88           линий 2, сумм-пиков 3
      1836.06 кэВ  I  99.240 %   CF 1.0329   пик в образе ×0.9681
       898.04 кэВ  I  93.683 %   CF 1.0278   пик в образе ×0.9730
    сумм-пик   2735.82 кэВ  площадь 7.674E-005 на распад
    сумм-пик    915.99 кэВ  площадь 1.485E-006 на распад
    сумм-пик    914.05 кэВ  площадь 1.475E-006 на распад
Cs-134         линий 13, сумм-пиков 10
       604.72 кэВ  I  97.620 %   CF 1.0454   пик в образе ×0.9566
       795.86 кэВ  I  85.460 %   CF 1.0467   пик в образе ×0.9554
       569.33 кэВ  I  15.373 %   CF 1.0766   пик в образе ×0.9289
       801.95 кэВ  I   8.688 %   CF 1.0720   пик в образе ×0.9329
       563.25 кэВ  I   8.338 %   CF 1.0773   пик в образе ×0.9282
      1365.19 кэВ  I   3.017 %   CF 1.0393   пик в образе ×0.9621
      1167.97 кэВ  I   1.790 %   CF 1.0365   пик в образе ×0.9647
       475.37 кэВ  I   1.477 %   CF 1.0720   пик в образе ×0.9329
      1038.61 кэВ  I   0.990 %   CF 1.0393   пик в образе ×0.9621
        32.19 кэВ  I   0.438 %   CF 1.0533   пик в образе ×0.9494
        31.82 кэВ  I   0.238 %   CF 1.0533   пик в образе ×0.9494
        36.48 кэВ  I   0.129 %   CF 1.0533   пик в образе ×0.9494
    ... ещё 1
    сумм-пик   1402.03 кэВ  площадь 2.295E-004 на распад
    сумм-пик   1175.61 кэВ  площадь 5.612E-005 на распад
    сумм-пик   1366.65 кэВ  площадь 4.288E-005 на распад
    сумм-пик   1169.52 кэВ  площадь 3.077E-005 на распад
    сумм-пик   1366.67 кэВ  площадь 1.997E-005 на распад
    сумм-пик   1408.13 кэВ  площадь 1.856E-005 на распад
    сумм-пик   1040.22 кэВ  площадь 5.602E-006 на распад
    сумм-пик   1081.68 кэВ  площадь 5.221E-006 на распад
    сумм-пик   1971.41 кэВ  площадь 4.876E-006 на распад
    сумм-пик   1971.28 кэВ  площадь 2.149E-006 на распад
Eu-152         линий 30, сумм-пиков 71
        40.12 кэВ  I  37.800 %   CF 1.0579   пик в образе ×0.9453
       121.78 кэВ  I  28.530 %   CF 1.0832   пик в образе ×0.9232
       344.28 кэВ  I  26.590 %   CF 1.0275   пик в образе ×0.9733
        39.52 кэВ  I  20.870 %   CF 1.0579   пик в образе ×0.9453
      1408.01 кэВ  I  20.870 %   CF 1.0899   пик в образе ×0.9175
       964.06 кэВ  I  14.510 %   CF 1.0961   пик в образе ×0.9123
      1112.08 кэВ  I  13.670 %   CF 1.0916   пик в образе ×0.9161
       778.90 кэВ  I  12.930 %   CF 1.0481   пик в образе ×0.9541
        45.52 кэВ  I  11.810 %   CF 1.0579   пик в образе ×0.9453
      1085.84 кэВ  I  10.110 %   CF 1.0476   пик в образе ×0.9545
       244.70 кэВ  I   7.550 %   CF 1.1235   пик в образе ×0.8901
       867.38 кэВ  I   4.230 %   CF 1.1500   пик в образе ×0.8695
    ... ещё 18
    сумм-пик    164.86 кэВ  площадь 2.379E-004 на распад
    сумм-пик    164.26 кэВ  площадь 1.285E-004 на распад
    сумм-пик    170.31 кэВ  площадь 8.067E-005 на распад
    сумм-пик    369.14 кэВ  площадь 7.758E-005 на распад
    сумм-пик    287.66 кэВ  площадь 6.539E-005 на распад
    сумм-пик   1124.90 кэВ  площадь 6.021E-005 на распад
    сумм-пик   1532.21 кэВ  площадь 4.317E-005 на распад
    сумм-пик   1088.27 кэВ  площадь 4.261E-005 на распад
    сумм-пик   1450.86 кэВ  площадь 3.628E-005 на распад
    сумм-пик   1006.93 кэВ  площадь 3.589E-005 на распад
    сумм-пик    287.06 кэВ  площадь 3.519E-005 на распад
    сумм-пик   1236.26 кэВ  площадь 3.505E-005 на распад
    сумм-пик   1154.92 кэВ  площадь 2.944E-005 на распад
    сумм-пик    293.10 кэВ  площадь 2.204E-005 на распад
    сумм-пик    171.36 кэВ  площадь 2.107E-005 на распад
    сумм-пик   1113.99 кэВ  площадь 1.985E-005 на распад
    сумм-пик   1450.26 кэВ  площадь 1.953E-005 на распад
    сумм-пик   1006.33 кэВ  площадь 1.931E-005 на распад
    сумм-пик    757.26 кэВ  площадь 1.914E-005 на распад
    сумм-пик   1128.71 кэВ  площадь 1.671E-005 на распад
    сумм-пик   1154.33 кэВ  площадь 1.584E-005 на распад
    сумм-пик    991.57 кэВ  площадь 1.310E-005 на распад
    сумм-пик    486.85 кэВ  площадь 1.306E-005 на распад
    сумм-пик   1456.29 кэВ  площадь 1.220E-005 на распад
    сумм-пик   1012.36 кэВ  площадь 1.211E-005 на распад
    сумм-пик    910.23 кэВ  площадь 1.174E-005 на распад
    сумм-пик    568.24 кэВ  площадь 1.030E-005 на распад
    сумм-пик   1160.35 кэВ  площадь 9.922E-006 на распад
    сумм-пик   1128.11 кэВ  площадь 9.025E-006 на распад
    сумм-пик    713.98 кэВ  площадь 8.048E-006 на распад
    сумм-пик    486.25 кэВ  площадь 7.038E-006 на распад
    сумм-пик    780.73 кэВ  площадь 6.885E-006 на распад
    сумм-пик    909.63 кэВ  площадь 6.315E-006 на распад
    сумм-пик   1435.72 кэВ  площадь 5.813E-006 на распад
    сумм-пик    294.16 кэВ  площадь 5.745E-006 на распад
    сумм-пик   1134.14 кэВ  площадь 5.663E-006 на распад
    сумм-пик   1459.56 кэВ  площадь 4.828E-006 на распад
    сумм-пик   1645.14 кэВ  площадь 4.646E-006 на распад
    сумм-пик   1409.64 кэВ  площадь 4.616E-006 на распад
    сумм-пик    492.29 кэВ  площадь 4.409E-006 на распад
    сумм-пик    915.66 кэВ  площадь 3.958E-006 на распад
    сумм-пик    420.31 кэВ  площадь 3.938E-006 на распад
    сумм-пик    812.88 кэВ  площадь 3.443E-006 на распад
    сумм-пик    338.87 кэВ  площадь 3.365E-006 на распад
    сумм-пик   1337.14 кэВ  площадь 3.205E-006 на распад
    сумм-пик   1013.42 кэВ  площадь 3.157E-006 на распад
    сумм-пик   1531.43 кэВ  площадь 3.022E-006 на распад
    сумм-пик    690.69 кэВ  площадь 2.962E-006 на распад
    сумм-пик    731.53 кэВ  площадь 2.888E-006 на распад
    сумм-пик   1255.79 кэВ  площадь 2.878E-006 на распад
    сумм-пик    932.30 кэВ  площадь 2.772E-006 на распад
    сумм-пик   1251.88 кэВ  площадь 2.631E-006 на распад
    сумм-пик   1161.41 кэВ  площадь 2.586E-006 на распад
    сумм-пик   1024.63 кэВ  площадь 2.405E-006 на распад
    сумм-пик    612.93 кэВ  площадь 2.303E-006 на распад
    сумм-пик    824.66 кэВ  площадь 2.243E-006 на распад
    сумм-пик    207.28 кэВ  площадь 2.192E-006 на распад
    сумм-пик   1091.38 кэВ  площадь 2.046E-006 на распад
    сумм-пик    531.56 кэВ  площадь 1.970E-006 на распад
    сумм-пик    568.23 кэВ  площадь 1.943E-006 на распад
    сумм-пик    338.27 кэВ  площадь 1.810E-006 на распад
    сумм-пик    606.86 кэВ  площадь 1.788E-006 на распад
    сумм-пик    486.85 кэВ  площадь 1.737E-006 на распад
    сумм-пик   1129.47 кэВ  площадь 1.737E-006 на распад
    сумм-пик    213.32 кэВ  площадь 1.381E-006 на распад
    сумм-пик    412.04 кэВ  площадь 1.318E-006 на распад
    сумм-пик    330.00 кэВ  площадь 8.412E-007 на распад
    сумм-пик    212.72 кэВ  площадь 7.533E-007 на распад
    сумм-пик   1575.06 кэВ  площадь 7.062E-007 на распад
    сумм-пик   1131.13 кэВ  площадь 7.043E-007 на распад
    сумм-пик   1279.12 кэВ  площадь 5.744E-007 на распад
Xray-NaI       — Xray-I: имя не разбирается
Esc-NaI        — Esc-I: имя не разбирается
SE-1836        — 1836SE: каскадов нет
DE-1836        — 1836DE: каскадов нет
SE-1332        — 1332SE: каскадов нет
DE-1332        — 1332DE: каскадов нет
SE-1408        — 1408SE: каскадов нет
DE-1408        — 1408DE: каскадов нет
Ann-511        — 511ANN: каскадов нет

компонентов поправлено 4 из 13, сумм-пиков всего 85
угловые корреляции (N14): пар с A_kk≠0 0
слияний носителей одного ключа (`S165`): 6
третий квант пары (`S177`): пар γ+γ по схеме 83, γ+K по источникам вакансии 124, прежним правилом max 5

=== третьи кванты пары Eu-152 1408.01+121.78 (γ+γ по схеме, у 1 третьих — прежний max) ===
      E_m, кэВ    P_max(старое)   P_схемы(новое)      ε_T(m)   вклад в S: старое / новое
        39.522    2.98825E-001    2.16140E-001   5.207E-002   0.984439 / 0.988745
        40.117    5.41236E-001    3.91475E-001   5.261E-002   0.971526 / 0.979404
        45.523    1.69100E-001    1.22310E-001   5.658E-002   0.990432 / 0.993080
        46.575    4.36711E-002    3.15872E-002   5.717E-002   0.997503 / 0.998194
       244.697    1.23121E-001    0.00000E+000   5.244E-002   0.993543 / 1.000000
       295.939    7.25214E-003    0.00000E+000   4.891E-002   0.999645 / 1.000000
       329.425    1.14023E-003    0.00000E+000   4.697E-002   0.999946 / 1.000000
       416.048    1.78464E-003    0.00000E+000   4.298E-002   0.999923 / 1.000000
       443.960    5.30933E-003    0.00000E+000   4.206E-002   0.999777 / 1.000000
       443.965    2.71993E-002    0.00000E+000   4.206E-002   0.998856 / 1.000000
       488.679    6.80309E-003    0.00000E+000   4.067E-002   0.999723 / 1.000000
       563.990    4.71480E-003    0.00000E+000   3.871E-002   0.999817 / 1.000000
       566.430    1.14914E-003    0.00000E+000   3.867E-002   0.999956 / 1.000000
       656.487    2.35104E-003    0.00000E+000   3.687E-002   0.999913 / 1.000000
       674.675    3.84618E-004    0.00000E+000   3.647E-002   0.999986 / 1.000000
       688.670    1.39147E-002    0.00000E+000   3.617E-002   0.999497 / 1.000000
       719.349    4.34733E-003    0.00000E+000   3.587E-002   0.999844 / 1.000000
       841.570    2.69526E-003    0.00000E+000   3.396E-002   0.999908 / 1.000000
       867.378    6.89239E-002    0.00000E+000   3.362E-002   0.997683 / 1.000000
       919.330    6.93298E-003    0.00000E+000   3.308E-002   0.999771 / 1.000000
       926.317    4.51374E-003    0.00000E+000   3.298E-002   0.999851 / 1.000000
       964.079    2.37134E-001    0.00000E+000   3.254E-002   0.992283 / 1.000000
      1005.272    1.04888E-002    0.00000E+000   3.214E-002   0.999663 / 1.000000
      1112.069    2.21531E-001    0.00000E+000   3.114E-002   0.993102 / 1.000000
      1212.940    2.30883E-002    0.00000E+000   3.018E-002   0.999303 / 1.000000
      1249.930    3.05246E-003    0.00000E+000   2.989E-002   0.999909 / 1.000000
      1457.643    8.15072E-003    0.00000E+000   2.859E-002   0.999767 / 1.000000
      1528.103    4.56245E-003    0.00000E+000   2.825E-002   0.999871 / 1.000000
       511.000    4.50764E-004    4.50764E-004   4.001E-002   0.999982 / 0.999982
  S_ij: старое 0.918290, новое 0.959926, отношение новое/старое 1.045341; третьих 29

=== третьи кванты пары Eu-152 1408.01+40.12 (γ+K по источникам вакансии) ===
      E_m, кэВ    P_max(старое)   P_схемы(новое)      ε_T(m)   вклад в S: старое / новое
       121.781    4.64037E-001    3.35637E-001   6.247E-002   0.971010 / 0.979031
        39.522    2.98825E-001    2.98825E-001   5.207E-002   0.984439 / 0.984439
        45.523    1.69100E-001    1.69100E-001   5.658E-002   0.990432 / 0.990432
        46.575    4.36711E-002    4.36711E-002   5.717E-002   0.997503 / 0.997503
       563.990    6.23682E-003    0.00000E+000   3.871E-002   0.999759 / 1.000000
       443.960    4.98265E-003    0.00000E+000   4.206E-002   0.999790 / 1.000000
       295.939    6.51429E-003    0.00000E+000   4.891E-002   0.999681 / 1.000000
      1112.069    1.95416E-001    0.00000E+000   3.114E-002   0.993916 / 1.000000
      1085.860    1.06137E-001    0.00000E+000   3.135E-002   0.996673 / 1.000000
       919.330    6.15683E-003    0.00000E+000   3.308E-002   0.999796 / 1.000000
       810.451    3.31436E-003    0.00000E+000   3.439E-002   0.999886 / 1.000000
       443.965    3.59547E-002    0.00000E+000   4.206E-002   0.998488 / 1.000000
      1212.940    2.16664E-002    0.00000E+000   3.018E-002   0.999346 / 1.000000
       488.679    6.11409E-003    0.00000E+000   4.067E-002   0.999751 / 1.000000
      1457.643    7.18784E-003    0.00000E+000   2.859E-002   0.999794 / 1.000000
      1005.272    9.84283E-003    0.00000E+000   3.214E-002   0.999684 / 1.000000
       244.697    1.08871E-001    0.00000E+000   5.244E-002   0.994290 / 1.000000
       688.670    1.22716E-002    0.00000E+000   3.617E-002   0.999556 / 1.000000
       964.079    2.09735E-001    0.00000E+000   3.254E-002   0.993174 / 1.000000
       867.378    6.46965E-002    0.00000E+000   3.362E-002   0.997825 / 1.000000
  S_ij: старое 0.917711, новое 0.952192, отношение новое/старое 1.037573; третьих 20

=== третьи кванты пары Eu-152 1112.07+121.78 (γ+γ по схеме, у 1 третьих — прежний max) ===
      E_m, кэВ    P_max(старое)   P_схемы(новое)      ε_T(m)   вклад в S: старое / новое
       295.939    2.49085E-002    2.49085E-002   4.891E-002   0.998782 / 0.998782
       416.048    6.12960E-003    6.12960E-003   4.298E-002   0.999737 / 0.999737
        39.522    2.98910E-001    2.16225E-001   5.207E-002   0.984435 / 0.988740
        40.117    5.41390E-001    3.91629E-001   5.261E-002   0.971517 / 0.979396
        45.523    1.69148E-001    1.22358E-001   5.658E-002   0.990430 / 0.993077
        46.575    4.36835E-002    3.15997E-002   5.717E-002   0.997503 / 0.998193
       244.697    1.23121E-001    0.00000E+000   5.244E-002   0.993543 / 1.000000
       329.425    1.14023E-003    6.23054E-007   4.697E-002   0.999946 / 1.000000
       443.960    5.30933E-003    0.00000E+000   4.206E-002   0.999777 / 1.000000
       443.965    2.71993E-002    0.00000E+000   4.206E-002   0.998856 / 1.000000
       488.679    6.80309E-003    0.00000E+000   4.067E-002   0.999723 / 1.000000
       563.990    4.71480E-003    0.00000E+000   3.871E-002   0.999817 / 1.000000
       566.430    1.14914E-003    0.00000E+000   3.867E-002   0.999956 / 1.000000
       656.487    2.35104E-003    0.00000E+000   3.687E-002   0.999913 / 1.000000
       674.675    3.84618E-004    0.00000E+000   3.647E-002   0.999986 / 1.000000
       688.670    1.39147E-002    0.00000E+000   3.617E-002   0.999497 / 1.000000
       719.349    4.34733E-003    0.00000E+000   3.587E-002   0.999844 / 1.000000
       841.570    2.69526E-003    0.00000E+000   3.396E-002   0.999908 / 1.000000
       867.378    6.89239E-002    0.00000E+000   3.362E-002   0.997683 / 1.000000
       919.330    6.93298E-003    0.00000E+000   3.308E-002   0.999771 / 1.000000
       926.317    4.51374E-003    0.00000E+000   3.298E-002   0.999851 / 1.000000
       964.079    2.37134E-001    0.00000E+000   3.254E-002   0.992283 / 1.000000
      1005.272    1.04888E-002    0.00000E+000   3.214E-002   0.999663 / 1.000000
      1212.940    2.30883E-002    0.00000E+000   3.018E-002   0.999303 / 1.000000
      1249.930    3.05246E-003    0.00000E+000   2.989E-002   0.999909 / 1.000000
      1408.006    3.41047E-001    0.00000E+000   2.882E-002   0.990172 / 1.000000
      1457.643    8.15072E-003    0.00000E+000   2.859E-002   0.999767 / 1.000000
      1528.103    4.56245E-003    0.00000E+000   2.825E-002   0.999871 / 1.000000
       511.000    4.50764E-004    4.50764E-004   4.001E-002   0.999982 / 0.999982
  S_ij: старое 0.914604, новое 0.958489, отношение новое/старое 1.047982; третьих 29

=== третьи кванты пары Eu-152 964.08+121.78 (γ+γ по схеме, у 1 третьих — прежний max) ===
      E_m, кэВ    P_max(старое)   P_схемы(новое)      ε_T(m)   вклад в S: старое / новое
       443.965    1.12219E-001    1.12219E-001   4.206E-002   0.995280 / 0.995280
       563.990    1.94524E-002    1.94524E-002   3.871E-002   0.999247 / 0.999247
        39.522    2.99704E-001    2.16169E-001   5.207E-002   0.984393 / 0.988743
        40.117    5.42828E-001    3.91528E-001   5.261E-002   0.971442 / 0.979402
        45.523    1.69598E-001    1.22327E-001   5.658E-002   0.990404 / 0.993079
        46.575    4.37996E-002    3.15916E-002   5.717E-002   0.997496 / 0.998194
       244.697    1.23121E-001    0.00000E+000   5.244E-002   0.993543 / 1.000000
       295.939    7.25214E-003    3.18379E-005   4.891E-002   0.999645 / 0.999998
       329.425    1.14023E-003    3.63360E-006   4.697E-002   0.999946 / 1.000000
       416.048    1.78464E-003    7.83482E-006   4.298E-002   0.999923 / 1.000000
       443.960    5.30933E-003    1.12219E-001   4.206E-002   0.999777 / 0.995280
       488.679    6.80309E-003    0.00000E+000   4.067E-002   0.999723 / 1.000000
       566.430    1.14914E-003    0.00000E+000   3.867E-002   0.999956 / 1.000000
       656.487    2.35104E-003    0.00000E+000   3.687E-002   0.999913 / 1.000000
       674.675    3.84618E-004    0.00000E+000   3.647E-002   0.999986 / 1.000000
       688.670    1.39147E-002    0.00000E+000   3.617E-002   0.999497 / 1.000000
       719.349    4.34733E-003    0.00000E+000   3.587E-002   0.999844 / 1.000000
       841.570    2.69526E-003    0.00000E+000   3.396E-002   0.999908 / 1.000000
       867.378    6.89239E-002    0.00000E+000   3.362E-002   0.997683 / 1.000000
       919.330    6.93298E-003    0.00000E+000   3.308E-002   0.999771 / 1.000000
       926.317    4.51374E-003    0.00000E+000   3.298E-002   0.999851 / 1.000000
      1005.272    1.04888E-002    0.00000E+000   3.214E-002   0.999663 / 1.000000
      1112.069    2.21531E-001    0.00000E+000   3.114E-002   0.993102 / 1.000000
      1212.940    2.30883E-002    0.00000E+000   3.018E-002   0.999303 / 1.000000
      1249.930    3.05246E-003    0.00000E+000   2.989E-002   0.999909 / 1.000000
      1408.006    3.41047E-001    0.00000E+000   2.882E-002   0.990172 / 1.000000
      1457.643    8.15072E-003    0.00000E+000   2.859E-002   0.999767 / 1.000000
      1528.103    4.56245E-003    0.00000E+000   2.825E-002   0.999871 / 1.000000
       511.000    4.50764E-004    4.50764E-004   4.001E-002   0.999982 / 0.999982
  S_ij: старое 0.912382, новое 0.950162, отношение новое/старое 1.041409; третьих 29

=== третьи кванты пары Eu-152 244.70+121.78 (γ+γ по схеме, у 1 третьих — прежний max) ===
      E_m, кэВ    P_max(старое)   P_схемы(новое)      ε_T(m)   вклад в S: старое / новое
       295.939    1.25728E-002    1.25728E-002   4.891E-002   0.999385 / 0.999385
       416.048    3.09397E-003    3.09397E-003   4.298E-002   0.999867 / 0.999867
       443.960    3.89441E-002    3.89441E-002   4.206E-002   0.998362 / 0.998362
       443.965    2.71993E-002    3.89441E-002   4.206E-002   0.998856 / 0.998362
       488.679    1.43695E-002    1.43695E-002   4.067E-002   0.999416 / 0.999416
       563.990    4.71480E-003    6.02610E-004   3.871E-002   0.999817 / 0.999977
       656.487    1.72450E-002    1.72450E-002   3.687E-002   0.999364 / 0.999364
       674.675    7.62355E-003    7.62355E-003   3.647E-002   0.999722 / 0.999722
       719.349    8.01105E-003    8.01105E-003   3.587E-002   0.999713 / 0.999713
       867.378    5.05558E-001    5.05558E-001   3.362E-002   0.983005 / 0.983005
       926.317    3.31084E-002    3.31084E-002   3.298E-002   0.998908 / 0.998908
      1005.272    7.69354E-002    7.69354E-002   3.214E-002   0.997527 / 0.997527
      1212.940    1.69353E-001    1.69353E-001   3.018E-002   0.994888 / 0.994888
        39.522    2.99636E-001    2.16950E-001   5.207E-002   0.984397 / 0.988703
        40.117    5.42704E-001    3.92943E-001   5.261E-002   0.971448 / 0.979327
        45.523    1.69559E-001    1.22769E-001   5.658E-002   0.990407 / 0.993054
        46.575    4.37896E-002    3.17057E-002   5.717E-002   0.997497 / 0.998187
       511.000    6.57611E-004    6.57611E-004   4.001E-002   0.999974 / 0.999974
       329.425    1.14023E-003    1.50296E-002   4.697E-002   0.999946 / 0.999294
       566.430    1.14914E-003    1.53635E-002   3.867E-002   0.999956 / 0.999406
       688.670    1.39147E-002    0.00000E+000   3.617E-002   0.999497 / 1.000000
       841.570    2.69526E-003    0.00000E+000   3.396E-002   0.999908 / 1.000000
       919.330    6.93298E-003    1.01115E-002   3.308E-002   0.999771 / 0.999666
       964.079    2.37134E-001    0.00000E+000   3.254E-002   0.992283 / 1.000000
      1112.069    2.21531E-001    0.00000E+000   3.114E-002   0.993102 / 1.000000
      1249.930    3.05246E-003    2.23899E-002   2.989E-002   0.999909 / 0.999331
      1408.006    3.41047E-001    0.00000E+000   2.882E-002   0.990172 / 1.000000
      1457.643    8.15072E-003    0.00000E+000   2.859E-002   0.999767 / 1.000000
      1528.103    4.56245E-003    0.00000E+000   2.825E-002   0.999871 / 1.000000
  S_ij: старое 0.892150, новое 0.927710, отношение новое/старое 1.039858; третьих 29

=== третьи кванты пары Eu-152 778.90+344.28 (γ+γ по схеме) ===
      E_m, кэВ    P_max(старое)   P_схемы(новое)      ε_T(m)   вклад в S: старое / новое
        42.996    2.79250E-002    0.00000E+000   5.489E-002   0.998467 / 1.000000
       367.789    3.12446E-002    0.00000E+000   4.513E-002   0.998590 / 1.000000
       411.116    8.10691E-002    0.00000E+000   4.316E-002   0.996501 / 1.000000
       503.474    4.72947E-003    0.00000E+000   4.022E-002   0.999810 / 1.000000
       586.265    1.66566E-002    0.00000E+000   3.828E-002   0.999362 / 1.000000
       674.675    5.45952E-003    0.00000E+000   3.647E-002   0.999801 / 1.000000
       678.623    1.70920E-002    0.00000E+000   3.638E-002   0.999378 / 1.000000
       764.900    7.80209E-003    0.00000E+000   3.518E-002   0.999726 / 1.000000
      1089.730    6.26707E-002    0.00000E+000   3.132E-002   0.998037 / 1.000000
      1299.140    5.88967E-002    0.00000E+000   2.960E-002   0.998257 / 1.000000
  S_ij: старое 0.987990, новое 1.000000, отношение новое/старое 1.012156; третьих 10

=== третьи кванты пары Eu-152 443.97+1085.86 (γ+γ по схеме) ===
      E_m, кэВ    P_max(старое)   P_схемы(новое)      ε_T(m)   вклад в S: старое / новое
       121.781    2.75559E-001    0.00000E+000   6.247E-002   0.982785 / 1.000000
       244.697    9.34477E-003    0.00000E+000   5.244E-002   0.999510 / 1.000000
       719.349    9.99296E-003    0.00000E+000   3.587E-002   0.999642 / 1.000000
       964.079    5.80986E-001    0.00000E+000   3.254E-002   0.981093 / 1.000000
        39.522    2.65996E-001    2.16140E-001   5.207E-002   0.986149 / 0.988745
        40.117    4.81775E-001    3.91475E-001   5.261E-002   0.974654 / 0.979404
        45.523    1.50523E-001    1.22310E-001   5.658E-002   0.991484 / 0.993080
        46.575    3.88734E-002    3.15872E-002   5.717E-002   0.997778 / 0.998194
       563.990    1.94031E-002    0.00000E+000   3.871E-002   0.999249 / 1.000000
  S_ij: старое 0.915347, новое 0.959943, отношение новое/старое 1.048721; третьих 9

=== третьи кванты пары Cs-134 795.80+604.72 (γ+γ по схеме) ===
      E_m, кэВ    P_max(старое)   P_схемы(новое)      ε_T(m)   вклад в S: старое / новое
       569.331    1.80043E-001    1.80043E-001   3.863E-002   0.993045 / 0.993045
        31.816    1.66889E-003    3.80112E-004   4.078E-002   0.999932 / 0.999984
        32.193    3.07460E-003    7.00280E-004   4.124E-002   0.999873 / 0.999971
        36.482    9.04369E-004    2.05982E-004   4.832E-002   0.999956 / 0.999990
        37.255    2.27901E-004    5.19075E-005   4.936E-002   0.999989 / 0.999997
       475.350    1.22595E-002    0.00000E+000   4.110E-002   0.999496 / 1.000000
       563.246    8.53847E-002    0.00000E+000   3.872E-002   0.996694 / 1.000000
       801.900    7.33053E-002    0.00000E+000   3.450E-002   0.997471 / 1.000000
      1038.500    1.00872E-002    0.00000E+000   3.173E-002   0.999680 / 1.000000
      1365.130    3.09749E-002    0.00000E+000   2.903E-002   0.999101 / 1.000000
  S_ij: старое 0.985312, новое 0.992989, отношение новое/старое 1.007791; третьих 10

=== третьи кванты пары Co-60 1173.23+1332.49 (γ+γ по схеме) ===
      E_m, кэВ    P_max(старое)   P_схемы(новое)      ε_T(m)   вклад в S: старое / новое
         7.461    9.76289E-005    9.76289E-005   1.124E-017   1.000000 / 1.000000
         8.296    1.34533E-005    1.34533E-005   1.619E-013   1.000000 / 1.000000
  S_ij: старое 1.000000, новое 1.000000, отношение новое/старое 1.000000; третьих 2

=== третьи кванты пары Y-88 898.04+1836.06 (γ+γ по схеме, у 1 третьих — прежний max) ===
      E_m, кэВ    P_max(старое)   P_схемы(новое)      ε_T(m)   вклад в S: старое / новое
        14.098    5.12227E-001    5.12227E-001   2.505E-004   0.999872 / 0.999872
        15.898    9.39936E-002    9.39936E-002   1.367E-003   0.999872 / 0.999872
       511.000    4.19021E-003    4.19021E-003   4.001E-002   0.999832 / 0.999832
  S_ij: старое 0.999579, новое 0.999579, отношение новое/старое 1.000000; третьих 3

=== тройные суммы: что рассмотрено ===
    2516.04 = 1173.23+1332.49+7.46  Co-60     площадь 9.332E-026  порог 8.505E-009  НИЖЕ ПОРОГА
    2516.99 = 1173.23+1332.49+8.30  Co-60     площадь 1.852E-022  порог 8.505E-009  НИЖЕ ПОРОГА
    2516.04 = 1173.23+7.46+1332.49  Co-60     площадь 9.612E-026  порог 8.505E-009  НИЖЕ ПОРОГА
    1191.49 = 1173.23+7.46+8.30  Co-60     площадь 2.388E-041  порог 8.505E-009  НИЖЕ ПОРОГА
    2516.99 = 1173.23+8.30+1332.49  Co-60     площадь 1.928E-022  порог 8.505E-009  НИЖЕ ПОРОГА
    1191.49 = 1173.23+8.30+7.46  Co-60     площадь 2.412E-041  порог 8.505E-009  НИЖЕ ПОРОГА
    2516.04 = 1332.49+7.46+1173.23  Co-60     площадь 9.668E-026  порог 8.505E-009  НИЖЕ ПОРОГА
    1350.75 = 1332.49+7.46+8.30  Co-60     площадь 2.130E-041  порог 8.505E-009  НИЖЕ ПОРОГА
    2516.99 = 1332.49+8.30+1173.23  Co-60     площадь 1.934E-022  порог 8.505E-009  НИЖЕ ПОРОГА
    1350.75 = 1332.49+8.30+7.46  Co-60     площадь 2.147E-041  порог 8.505E-009  НИЖЕ ПОРОГА
    2751.84 = 898.04+1836.06+14.10  Y-88      площадь 9.771E-009  порог 7.674E-009  проходит
    2753.77 = 898.04+1836.06+15.90  Y-88      площадь 9.788E-009  порог 7.674E-009  проходит
    3248.40 = 898.04+1836.06+511.00  Y-88      площадь 7.191E-009  порог 7.674E-009  НИЖЕ ПОРОГА
    2751.84 = 898.04+14.10+1836.06  Y-88      площадь 9.772E-009  порог 7.674E-009  проходит
     932.00 = 898.04+14.10+15.90  Y-88      площадь 1.933E-010  порог 7.674E-009  НИЖЕ ПОРОГА
    2753.77 = 898.04+15.90+1836.06  Y-88      площадь 9.836E-009  порог 7.674E-009  проходит
     932.00 = 898.04+15.90+14.10  Y-88      площадь 1.942E-010  порог 7.674E-009  НИЖЕ ПОРОГА
    2751.84 = 1836.06+14.10+898.04  Y-88      площадь 9.684E-009  порог 7.674E-009  проходит
    1870.03 = 1836.06+14.10+15.90  Y-88      площадь 1.024E-010  порог 7.674E-009  НИЖЕ ПОРОГА
    2364.74 = 1836.06+14.10+511.00  Y-88      площадь 7.523E-011  порог 7.674E-009  НИЖЕ ПОРОГА
    2753.77 = 1836.06+15.90+898.04  Y-88      площадь 9.823E-009  порог 7.674E-009  проходит
    1870.03 = 1836.06+15.90+14.10  Y-88      площадь 1.037E-010  порог 7.674E-009  НИЖЕ ПОРОГА
    2366.67 = 1836.06+15.90+511.00  Y-88      площадь 7.631E-011  порог 7.674E-009  НИЖЕ ПОРОГА
    3248.40 = 1836.06+511.00+898.04  Y-88      площадь 7.141E-009  порог 7.674E-009  НИЖЕ ПОРОГА
    2364.74 = 1836.06+511.00+14.10  Y-88      площадь 7.538E-011  порог 7.674E-009  НИЖЕ ПОРОГА
    2366.67 = 1836.06+511.00+15.90  Y-88      площадь 7.551E-011  порог 7.674E-009  НИЖЕ ПОРОГА
    1646.45 = 475.35+563.25+604.72  Cs-134    площадь 1.092E-007  порог 2.295E-008  проходит
    2209.65 = 475.35+563.25+1167.86  Cs-134    площадь 0.000E+000  порог 2.295E-008  НИЖЕ ПОРОГА
    1074.68 = 475.35+563.25+31.82  Cs-134    площадь 2.950E-010  порог 2.295E-008  НИЖЕ ПОРОГА
    1075.06 = 475.35+563.25+32.19  Cs-134    площадь 5.530E-010  порог 2.295E-008  НИЖЕ ПОРОГА
    1079.41 = 475.35+563.25+36.48  Cs-134    площадь 1.487E-010  порог 2.295E-008  НИЖЕ ПОРОГА
    1080.19 = 475.35+563.25+37.26  Cs-134    площадь 3.832E-011  порог 2.295E-008  НИЖЕ ПОРОГА
    1843.62 = 475.35+563.25+801.90  Cs-134    площадь 0.000E+000  порог 2.295E-008  НИЖЕ ПОРОГА
    1646.45 = 475.35+604.72+563.25  Cs-134    площадь 1.093E-007  порог 2.295E-008  проходит
    2251.12 = 475.35+604.72+1167.86  Cs-134    площадь 0.000E+000  порог 2.295E-008  НИЖЕ ПОРОГА
    1116.13 = 475.35+604.72+31.82  Cs-134    площадь 3.329E-010  порог 2.295E-008  НИЖЕ ПОРОГА
    1116.52 = 475.35+604.72+32.19  Cs-134    площадь 6.240E-010  порог 2.295E-008  НИЖЕ ПОРОГА
    1120.86 = 475.35+604.72+36.48  Cs-134    площадь 1.677E-010  порог 2.295E-008  НИЖЕ ПОРОГА
    1121.64 = 475.35+604.72+37.26  Cs-134    площадь 4.324E-011  порог 2.295E-008  НИЖЕ ПОРОГА
    1652.53 = 475.35+604.72+569.33  Cs-134    площадь 0.000E+000  порог 2.295E-008  НИЖЕ ПОРОГА
    1878.98 = 475.35+604.72+795.80  Cs-134    площадь 0.000E+000  порог 2.295E-008  НИЖЕ ПОРОГА
    1885.08 = 475.35+604.72+801.90  Cs-134    площадь 0.000E+000  порог 2.295E-008  НИЖЕ ПОРОГА
    2121.72 = 475.35+604.72+1038.50  Cs-134    площадь 0.000E+000  порог 2.295E-008  НИЖЕ ПОРОГА
    2448.44 = 475.35+604.72+1365.13  Cs-134    площадь 0.000E+000  порог 2.295E-008  НИЖЕ ПОРОГА
    2209.65 = 475.35+1167.86+563.25  Cs-134    площадь 0.000E+000  порог 2.295E-008  НИЖЕ ПОРОГА
    2251.12 = 475.35+1167.86+604.72  Cs-134    площадь 0.000E+000  порог 2.295E-008  НИЖЕ ПОРОГА
    1679.25 = 475.35+1167.86+31.82  Cs-134    площадь 0.000E+000  порог 2.295E-008  НИЖЕ ПОРОГА
    1679.64 = 475.35+1167.86+32.19  Cs-134    площадь 0.000E+000  порог 2.295E-008  НИЖЕ ПОРОГА
    1683.98 = 475.35+1167.86+36.48  Cs-134    площадь 0.000E+000  порог 2.295E-008  НИЖЕ ПОРОГА
    1684.76 = 475.35+1167.86+37.26  Cs-134    площадь 0.000E+000  порог 2.295E-008  НИЖЕ ПОРОГА
    2448.32 = 475.35+1167.86+801.90  Cs-134    площадь 0.000E+000  порог 2.295E-008  НИЖЕ ПОРОГА
    1646.45 = 563.25+604.72+475.35  Cs-134    площадь 1.095E-007  порог 2.295E-008  проходит
    1972.94 = 563.25+604.72+801.90  Cs-134    площадь 3.876E-007  порог 2.295E-008  проходит
    1203.98 = 563.25+604.72+31.82  Cs-134    площадь 1.544E-009  порог 2.295E-008  НИЖЕ ПОРОГА
    1204.37 = 563.25+604.72+32.19  Cs-134    площадь 2.894E-009  порог 2.295E-008  НИЖЕ ПОРОГА
    1208.71 = 563.25+604.72+36.48  Cs-134    площадь 7.780E-010  порог 2.295E-008  НИЖЕ ПОРОГА
    1209.49 = 563.25+604.72+37.26  Cs-134    площадь 2.005E-010  порог 2.295E-008  НИЖЕ ПОРОГА
    1740.39 = 563.25+604.72+569.33  Cs-134    площадь 1.379E-011  порог 2.295E-008  НИЖЕ ПОРОГА
    1966.84 = 563.25+604.72+795.80  Cs-134    площадь 0.000E+000  порог 2.295E-008  НИЖЕ ПОРОГА
    2209.59 = 563.25+604.72+1038.50  Cs-134    площадь 0.000E+000  порог 2.295E-008  НИЖЕ ПОРОГА
    2536.32 = 563.25+604.72+1365.13  Cs-134    площадь 0.000E+000  порог 2.295E-008  НИЖЕ ПОРОГА
    1972.93 = 569.33+604.72+795.80  Cs-134    площадь 8.321E-007  порог 2.295E-008  проходит
    1210.07 = 569.33+604.72+31.82  Cs-134    площадь 1.517E-009  порог 2.295E-008  НИЖЕ ПОРОГА
    1210.45 = 569.33+604.72+32.19  Cs-134    площадь 2.844E-009  порог 2.295E-008  НИЖЕ ПОРОГА
    1214.79 = 569.33+604.72+36.48  Cs-134    площадь 7.643E-010  порог 2.295E-008  НИЖЕ ПОРОГА
    1215.57 = 569.33+604.72+37.26  Cs-134    площадь 1.970E-010  порог 2.295E-008  НИЖЕ ПОРОГА
    1652.53 = 569.33+604.72+475.35  Cs-134    площадь 0.000E+000  порог 2.295E-008  НИЖЕ ПОРОГА
    1740.39 = 569.33+604.72+563.25  Cs-134    площадь 1.379E-011  порог 2.295E-008  НИЖЕ ПОРОГА
    1979.03 = 569.33+604.72+801.90  Cs-134    площадь 0.000E+000  порог 2.295E-008  НИЖЕ ПОРОГА
    2215.68 = 569.33+604.72+1038.50  Cs-134    площадь 0.000E+000  порог 2.295E-008  НИЖЕ ПОРОГА
    2542.41 = 569.33+604.72+1365.13  Cs-134    площадь 0.000E+000  порог 2.295E-008  НИЖЕ ПОРОГА
    1972.93 = 569.33+795.80+604.72  Cs-134    площадь 8.358E-007  порог 2.295E-008  проходит
    1401.11 = 569.33+795.80+31.82  Cs-134    площадь 2.258E-009  порог 2.295E-008  НИЖЕ ПОРОГА
    1401.49 = 569.33+795.80+32.19  Cs-134    площадь 4.234E-009  порог 2.295E-008  НИЖЕ ПОРОГА
    1405.84 = 569.33+795.80+36.48  Cs-134    площадь 1.138E-009  порог 2.295E-008  НИЖЕ ПОРОГА
    1406.62 = 569.33+795.80+37.26  Cs-134    площадь 2.933E-010  порог 2.295E-008  НИЖЕ ПОРОГА
    1972.93 = 795.80+604.72+569.33  Cs-134    площадь 8.344E-007  порог 2.295E-008  проходит
    1436.49 = 795.80+604.72+31.82  Cs-134    площадь 3.453E-009  порог 2.295E-008  НИЖЕ ПОРОГА
    1436.87 = 795.80+604.72+32.19  Cs-134    площадь 6.474E-009  порог 2.295E-008  НИЖЕ ПОРОГА
    1441.22 = 795.80+604.72+36.48  Cs-134    площадь 1.740E-009  порог 2.295E-008  НИЖЕ ПОРОГА
    1442.00 = 795.80+604.72+37.26  Cs-134    площадь 4.486E-010  порог 2.295E-008  НИЖЕ ПОРОГА
    1878.98 = 795.80+604.72+475.35  Cs-134    площадь 0.000E+000  порог 2.295E-008  НИЖЕ ПОРОГА
    1966.84 = 795.80+604.72+563.25  Cs-134    площадь 0.000E+000  порог 2.295E-008  НИЖЕ ПОРОГА
    2205.50 = 795.80+604.72+801.90  Cs-134    площадь 0.000E+000  порог 2.295E-008  НИЖЕ ПОРОГА
    2442.16 = 795.80+604.72+1038.50  Cs-134    площадь 0.000E+000  порог 2.295E-008  НИЖЕ ПОРОГА
    2768.92 = 795.80+604.72+1365.13  Cs-134    площадь 0.000E+000  порог 2.295E-008  НИЖЕ ПОРОГА
    1972.94 = 801.90+563.25+604.72  Cs-134    площадь 3.892E-007  порог 2.295E-008  проходит
    2536.20 = 801.90+563.25+1167.86  Cs-134    площадь 0.000E+000  порог 2.295E-008  НИЖЕ ПОРОГА
    1401.13 = 801.90+563.25+31.82  Cs-134    площадь 1.052E-009  порог 2.295E-008  НИЖЕ ПОРОГА
    1401.51 = 801.90+563.25+32.19  Cs-134    площадь 1.972E-009  порог 2.295E-008  НИЖЕ ПОРОГА
    1405.86 = 801.90+563.25+36.48  Cs-134    площадь 5.300E-010  порог 2.295E-008  НИЖЕ ПОРОГА
    1406.64 = 801.90+563.25+37.26  Cs-134    площадь 1.366E-010  порог 2.295E-008  НИЖЕ ПОРОГА
    1843.62 = 801.90+563.25+475.35  Cs-134    площадь 0.000E+000  порог 2.295E-008  НИЖЕ ПОРОГА
    1972.94 = 801.90+604.72+563.25  Cs-134    площадь 3.886E-007  порог 2.295E-008  проходит
    2577.67 = 801.90+604.72+1167.86  Cs-134    площадь 0.000E+000  порог 2.295E-008  НИЖЕ ПОРОГА
    1442.59 = 801.90+604.72+31.82  Cs-134    площадь 1.184E-009  порог 2.295E-008  НИЖЕ ПОРОГА
    1442.97 = 801.90+604.72+32.19  Cs-134    площадь 2.219E-009  порог 2.295E-008  НИЖЕ ПОРОГА
    1447.32 = 801.90+604.72+36.48  Cs-134    площадь 5.964E-010  порог 2.295E-008  НИЖЕ ПОРОГА
    1448.10 = 801.90+604.72+37.26  Cs-134    площадь 1.537E-010  порог 2.295E-008  НИЖЕ ПОРОГА
    1885.08 = 801.90+604.72+475.35  Cs-134    площадь 0.000E+000  порог 2.295E-008  НИЖЕ ПОРОГА
    1979.03 = 801.90+604.72+569.33  Cs-134    площадь 0.000E+000  порог 2.295E-008  НИЖЕ ПОРОГА
    2205.50 = 801.90+604.72+795.80  Cs-134    площадь 0.000E+000  порог 2.295E-008  НИЖЕ ПОРОГА
    2448.26 = 801.90+604.72+1038.50  Cs-134    площадь 0.000E+000  порог 2.295E-008  НИЖЕ ПОРОГА
    2775.02 = 801.90+604.72+1365.13  Cs-134    площадь 0.000E+000  порог 2.295E-008  НИЖЕ ПОРОГА
    2536.20 = 801.90+1167.86+563.25  Cs-134    площадь 0.000E+000  порог 2.295E-008  НИЖЕ ПОРОГА
    2577.67 = 801.90+1167.86+604.72  Cs-134    площадь 0.000E+000  порог 2.295E-008  НИЖЕ ПОРОГА
    2005.75 = 801.90+1167.86+31.82  Cs-134    площадь 0.000E+000  порог 2.295E-008  НИЖЕ ПОРОГА
    2006.13 = 801.90+1167.86+32.19  Cs-134    площадь 0.000E+000  порог 2.295E-008  НИЖЕ ПОРОГА
    2010.48 = 801.90+1167.86+36.48  Cs-134    площадь 0.000E+000  порог 2.295E-008  НИЖЕ ПОРОГА
    2011.26 = 801.90+1167.86+37.26  Cs-134    площадь 0.000E+000  порог 2.295E-008  НИЖЕ ПОРОГА
    2448.32 = 801.90+1167.86+475.35  Cs-134    площадь 0.000E+000  порог 2.295E-008  НИЖЕ ПОРОГА
    1679.20 = 1038.50+604.72+31.82  Cs-134    площадь 0.000E+000  порог 2.295E-008  НИЖЕ ПОРОГА
    1679.58 = 1038.50+604.72+32.19  Cs-134    площадь 0.000E+000  порог 2.295E-008  НИЖЕ ПОРОГА
    1683.93 = 1038.50+604.72+36.48  Cs-134    площадь 0.000E+000  порог 2.295E-008  НИЖЕ ПОРОГА
    1684.71 = 1038.50+604.72+37.26  Cs-134    площадь 0.000E+000  порог 2.295E-008  НИЖЕ ПОРОГА
    2121.72 = 1038.50+604.72+475.35  Cs-134    площадь 0.000E+000  порог 2.295E-008  НИЖЕ ПОРОГА
    2209.59 = 1038.50+604.72+563.25  Cs-134    площадь 0.000E+000  порог 2.295E-008  НИЖЕ ПОРОГА
    2215.68 = 1038.50+604.72+569.33  Cs-134    площадь 0.000E+000  порог 2.295E-008  НИЖЕ ПОРОГА
    2442.16 = 1038.50+604.72+795.80  Cs-134    площадь 0.000E+000  порог 2.295E-008  НИЖЕ ПОРОГА
    2448.26 = 1038.50+604.72+801.90  Cs-134    площадь 0.000E+000  порог 2.295E-008  НИЖЕ ПОРОГА
    3011.71 = 1038.50+604.72+1365.13  Cs-134    площадь 0.000E+000  порог 2.295E-008  НИЖЕ ПОРОГА
    2005.87 = 1365.13+604.72+31.82  Cs-134    площадь 0.000E+000  порог 2.295E-008  НИЖЕ ПОРОГА
    2006.25 = 1365.13+604.72+32.19  Cs-134    площадь 0.000E+000  порог 2.295E-008  НИЖЕ ПОРОГА
    2010.60 = 1365.13+604.72+36.48  Cs-134    площадь 0.000E+000  порог 2.295E-008  НИЖЕ ПОРОГА
    2011.38 = 1365.13+604.72+37.26  Cs-134    площадь 0.000E+000  порог 2.295E-008  НИЖЕ ПОРОГА
    2448.44 = 1365.13+604.72+475.35  Cs-134    площадь 0.000E+000  порог 2.295E-008  НИЖЕ ПОРОГА
    2536.32 = 1365.13+604.72+563.25  Cs-134    площадь 0.000E+000  порог 2.295E-008  НИЖЕ ПОРОГА
    2542.41 = 1365.13+604.72+569.33  Cs-134    площадь 0.000E+000  порог 2.295E-008  НИЖЕ ПОРОГА
    2768.92 = 1365.13+604.72+795.80  Cs-134    площадь 0.000E+000  порог 2.295E-008  НИЖЕ ПОРОГА
    2775.02 = 1365.13+604.72+801.90  Cs-134    площадь 0.000E+000  порог 2.295E-008  НИЖЕ ПОРОГА
    3011.71 = 1365.13+604.72+1038.50  Cs-134    площадь 0.000E+000  порог 2.295E-008  НИЖЕ ПОРОГА
    1210.07 = 569.33+31.82+604.72  Cs-134    площадь 1.821E-009  порог 2.295E-008  НИЖЕ ПОРОГА
    1401.11 = 569.33+31.82+795.80  Cs-134    площадь 2.254E-009  порог 2.295E-008  НИЖЕ ПОРОГА
     638.66 = 569.33+31.82+32.19  Cs-134    площадь 3.928E-011  порог 2.295E-008  НИЖЕ ПОРОГА
     643.00 = 569.33+31.82+36.48  Cs-134    площадь 1.056E-011  порог 2.295E-008  НИЖЕ ПОРОГА
     643.79 = 569.33+31.82+37.26  Cs-134    площадь 2.722E-012  порог 2.295E-008  НИЖЕ ПОРОГА
    1168.61 = 569.33+31.82+563.25  Cs-134    площадь 3.736E-014  порог 2.295E-008  НИЖЕ ПОРОГА
    1080.76 = 569.33+31.82+475.35  Cs-134    площадь 0.000E+000  порог 2.295E-008  НИЖЕ ПОРОГА
    1970.49 = 569.33+31.82+1365.13  Cs-134    площадь 0.000E+000  порог 2.295E-008  НИЖЕ ПОРОГА
    1407.21 = 569.33+31.82+801.90  Cs-134    площадь 0.000E+000  порог 2.295E-008  НИЖЕ ПОРОГА
    1643.82 = 569.33+31.82+1038.50  Cs-134    площадь 0.000E+000  порог 2.295E-008  НИЖЕ ПОРОГА
    1773.19 = 569.33+31.82+1167.86  Cs-134    площадь 0.000E+000  порог 2.295E-008  НИЖЕ ПОРОГА
    1210.45 = 569.33+32.19+604.72  Cs-134    площадь 3.414E-009  порог 2.295E-008  НИЖЕ ПОРОГА
    1401.49 = 569.33+32.19+795.80  Cs-134    площадь 4.227E-009  порог 2.295E-008  НИЖЕ ПОРОГА
     638.66 = 569.33+32.19+31.82  Cs-134    площадь 3.929E-011  порог 2.295E-008  НИЖЕ ПОРОГА
     643.39 = 569.33+32.19+36.48  Cs-134    площадь 1.980E-011  порог 2.295E-008  НИЖЕ ПОРОГА
     644.17 = 569.33+32.19+37.26  Cs-134    площадь 5.103E-012  порог 2.295E-008  НИЖЕ ПОРОГА
    1168.99 = 569.33+32.19+563.25  Cs-134    площадь 7.006E-014  порог 2.295E-008  НИЖЕ ПОРОГА
    1081.14 = 569.33+32.19+475.35  Cs-134    площадь 0.000E+000  порог 2.295E-008  НИЖЕ ПОРОГА
    1970.87 = 569.33+32.19+1365.13  Cs-134    площадь 0.000E+000  порог 2.295E-008  НИЖЕ ПОРОГА
    1407.59 = 569.33+32.19+801.90  Cs-134    площадь 0.000E+000  порог 2.295E-008  НИЖЕ ПОРОГА
    1644.20 = 569.33+32.19+1038.50  Cs-134    площадь 0.000E+000  порог 2.295E-008  НИЖЕ ПОРОГА
    1773.57 = 569.33+32.19+1167.86  Cs-134    площадь 0.000E+000  порог 2.295E-008  НИЖЕ ПОРОГА
    1214.79 = 569.33+36.48+604.72  Cs-134    площадь 9.186E-010  порог 2.295E-008  НИЖЕ ПОРОГА
    1405.84 = 569.33+36.48+795.80  Cs-134    площадь 1.137E-009  порог 2.295E-008  НИЖЕ ПОРОГА
     643.00 = 569.33+36.48+31.82  Cs-134    площадь 1.057E-011  порог 2.295E-008  НИЖЕ ПОРОГА
     643.39 = 569.33+36.48+32.19  Cs-134    площадь 1.982E-011  порог 2.295E-008  НИЖЕ ПОРОГА
     648.52 = 569.33+36.48+37.26  Cs-134    площадь 1.373E-012  порог 2.295E-008  НИЖЕ ПОРОГА
    1173.34 = 569.33+36.48+563.25  Cs-134    площадь 1.885E-014  порог 2.295E-008  НИЖЕ ПОРОГА
    1085.49 = 569.33+36.48+475.35  Cs-134    площадь 0.000E+000  порог 2.295E-008  НИЖЕ ПОРОГА
    1975.22 = 569.33+36.48+1365.13  Cs-134    площадь 0.000E+000  порог 2.295E-008  НИЖЕ ПОРОГА
    1411.94 = 569.33+36.48+801.90  Cs-134    площадь 0.000E+000  порог 2.295E-008  НИЖЕ ПОРОГА
    1648.55 = 569.33+36.48+1038.50  Cs-134    площадь 0.000E+000  порог 2.295E-008  НИЖЕ ПОРОГА
    1777.92 = 569.33+36.48+1167.86  Cs-134    площадь 0.000E+000  порог 2.295E-008  НИЖЕ ПОРОГА
    1215.57 = 569.33+37.26+604.72  Cs-134    площадь 2.367E-010  порог 2.295E-008  НИЖЕ ПОРОГА
    1406.62 = 569.33+37.26+795.80  Cs-134    площадь 2.930E-010  порог 2.295E-008  НИЖЕ ПОРОГА
     643.79 = 569.33+37.26+31.82  Cs-134    площадь 2.724E-012  порог 2.295E-008  НИЖЕ ПОРОГА
     644.17 = 569.33+37.26+32.19  Cs-134    площадь 5.107E-012  порог 2.295E-008  НИЖЕ ПОРОГА
     648.52 = 569.33+37.26+36.48  Cs-134    площадь 1.373E-012  порог 2.295E-008  НИЖЕ ПОРОГА
    1174.12 = 569.33+37.26+563.25  Cs-134    площадь 4.857E-015  порог 2.295E-008  НИЖЕ ПОРОГА
    1086.27 = 569.33+37.26+475.35  Cs-134    площадь 0.000E+000  порог 2.295E-008  НИЖЕ ПОРОГА
    1976.00 = 569.33+37.26+1365.13  Cs-134    площадь 0.000E+000  порог 2.295E-008  НИЖЕ ПОРОГА
    1412.72 = 569.33+37.26+801.90  Cs-134    площадь 0.000E+000  порог 2.295E-008  НИЖЕ ПОРОГА
    1649.33 = 569.33+37.26+1038.50  Cs-134    площадь 0.000E+000  порог 2.295E-008  НИЖЕ ПОРОГА
    1778.70 = 569.33+37.26+1167.86  Cs-134    площадь 0.000E+000  порог 2.295E-008  НИЖЕ ПОРОГА
    1401.11 = 795.80+31.82+569.33  Cs-134    площадь 2.246E-009  порог 2.295E-008  НИЖЕ ПОРОГА
    1436.49 = 795.80+31.82+604.72  Cs-134    площадь 3.441E-009  порог 2.295E-008  НИЖЕ ПОРОГА
     865.11 = 795.80+31.82+32.19  Cs-134    площадь 9.908E-011  порог 2.295E-008  НИЖЕ ПОРОГА
     869.45 = 795.80+31.82+36.48  Cs-134    площадь 2.663E-011  порог 2.295E-008  НИЖЕ ПОРОГА
     870.23 = 795.80+31.82+37.26  Cs-134    площадь 6.865E-012  порог 2.295E-008  НИЖЕ ПОРОГА
    1395.03 = 795.80+31.82+563.25  Cs-134    площадь 0.000E+000  порог 2.295E-008  НИЖЕ ПОРОГА
    1307.18 = 795.80+31.82+475.35  Cs-134    площадь 0.000E+000  порог 2.295E-008  НИЖЕ ПОРОГА
    2196.96 = 795.80+31.82+1365.13  Cs-134    площадь 0.000E+000  порог 2.295E-008  НИЖЕ ПОРОГА
    1633.64 = 795.80+31.82+801.90  Cs-134    площадь 0.000E+000  порог 2.295E-008  НИЖЕ ПОРОГА
    1870.26 = 795.80+31.82+1038.50  Cs-134    площадь 0.000E+000  порог 2.295E-008  НИЖЕ ПОРОГА
    1999.65 = 795.80+31.82+1167.86  Cs-134    площадь 0.000E+000  порог 2.295E-008  НИЖЕ ПОРОГА
    1401.49 = 795.80+32.19+569.33  Cs-134    площадь 4.210E-009  порог 2.295E-008  НИЖЕ ПОРОГА
    1436.87 = 795.80+32.19+604.72  Cs-134    площадь 6.450E-009  порог 2.295E-008  НИЖЕ ПОРОГА
     865.11 = 795.80+32.19+31.82  Cs-134    площадь 9.907E-011  порог 2.295E-008  НИЖЕ ПОРОГА
     869.84 = 795.80+32.19+36.48  Cs-134    площадь 4.992E-011  порог 2.295E-008  НИЖЕ ПОРОГА
     870.62 = 795.80+32.19+37.26  Cs-134    площадь 1.287E-011  порог 2.295E-008  НИЖЕ ПОРОГА
    1395.41 = 795.80+32.19+563.25  Cs-134    площадь 0.000E+000  порог 2.295E-008  НИЖЕ ПОРОГА
    1307.56 = 795.80+32.19+475.35  Cs-134    площадь 0.000E+000  порог 2.295E-008  НИЖЕ ПОРОГА
    2197.34 = 795.80+32.19+1365.13  Cs-134    площадь 0.000E+000  порог 2.295E-008  НИЖЕ ПОРОГА
    1634.02 = 795.80+32.19+801.90  Cs-134    площадь 0.000E+000  порог 2.295E-008  НИЖЕ ПОРОГА
    1870.65 = 795.80+32.19+1038.50  Cs-134    площадь 0.000E+000  порог 2.295E-008  НИЖЕ ПОРОГА
    2000.03 = 795.80+32.19+1167.86  Cs-134    площадь 0.000E+000  порог 2.295E-008  НИЖЕ ПОРОГА
    1405.84 = 795.80+36.48+569.33  Cs-134    площадь 1.131E-009  порог 2.295E-008  НИЖЕ ПОРОГА
    1441.22 = 795.80+36.48+604.72  Cs-134    площадь 1.733E-009  порог 2.295E-008  НИЖЕ ПОРОГА
     869.45 = 795.80+36.48+31.82  Cs-134    площадь 2.662E-011  порог 2.295E-008  НИЖЕ ПОРОГА
     869.84 = 795.80+36.48+32.19  Cs-134    площадь 4.991E-011  порог 2.295E-008  НИЖЕ ПОРОГА
     874.96 = 795.80+36.48+37.26  Cs-134    площадь 3.458E-012  порог 2.295E-008  НИЖЕ ПОРОГА
    1399.76 = 795.80+36.48+563.25  Cs-134    площадь 0.000E+000  порог 2.295E-008  НИЖЕ ПОРОГА
    1311.91 = 795.80+36.48+475.35  Cs-134    площадь 0.000E+000  порог 2.295E-008  НИЖЕ ПОРОГА
    2201.69 = 795.80+36.48+1365.13  Cs-134    площадь 0.000E+000  порог 2.295E-008  НИЖЕ ПОРОГА
    1638.37 = 795.80+36.48+801.90  Cs-134    площадь 0.000E+000  порог 2.295E-008  НИЖЕ ПОРОГА
    1874.99 = 795.80+36.48+1038.50  Cs-134    площадь 0.000E+000  порог 2.295E-008  НИЖЕ ПОРОГА
    2004.38 = 795.80+36.48+1167.86  Cs-134    площадь 0.000E+000  порог 2.295E-008  НИЖЕ ПОРОГА
    1406.62 = 795.80+37.26+569.33  Cs-134    площадь 2.917E-010  порог 2.295E-008  НИЖЕ ПОРОГА
    1442.00 = 795.80+37.26+604.72  Cs-134    площадь 4.468E-010  порог 2.295E-008  НИЖЕ ПОРОГА
     870.23 = 795.80+37.26+31.82  Cs-134    площадь 6.863E-012  порог 2.295E-008  НИЖЕ ПОРОГА
     870.62 = 795.80+37.26+32.19  Cs-134    площадь 1.287E-011  порог 2.295E-008  НИЖЕ ПОРОГА
     874.96 = 795.80+37.26+36.48  Cs-134    площадь 3.458E-012  порог 2.295E-008  НИЖЕ ПОРОГА
    1400.54 = 795.80+37.26+563.25  Cs-134    площадь 0.000E+000  порог 2.295E-008  НИЖЕ ПОРОГА
    1312.69 = 795.80+37.26+475.35  Cs-134    площадь 0.000E+000  порог 2.295E-008  НИЖЕ ПОРОГА
    2202.47 = 795.80+37.26+1365.13  Cs-134    площадь 0.000E+000  порог 2.295E-008  НИЖЕ ПОРОГА
    1639.15 = 795.80+37.26+801.90  Cs-134    площадь 0.000E+000  порог 2.295E-008  НИЖЕ ПОРОГА
    1875.77 = 795.80+37.26+1038.50  Cs-134    площадь 0.000E+000  порог 2.295E-008  НИЖЕ ПОРОГА
    2005.16 = 795.80+37.26+1167.86  Cs-134    площадь 0.000E+000  порог 2.295E-008  НИЖЕ ПОРОГА
    1074.68 = 563.25+31.82+475.35  Cs-134    площадь 2.966E-010  порог 2.295E-008  НИЖЕ ПОРОГА
    1203.98 = 563.25+31.82+604.72  Cs-134    площадь 1.548E-009  порог 2.295E-008  НИЖЕ ПОРОГА
    1401.13 = 563.25+31.82+801.90  Cs-134    площадь 1.050E-009  порог 2.295E-008  НИЖЕ ПОРОГА
     632.57 = 563.25+31.82+32.19  Cs-134    площадь 3.139E-011  порог 2.295E-008  НИЖЕ ПОРОГА
     636.92 = 563.25+31.82+36.48  Cs-134    площадь 8.436E-012  порог 2.295E-008  НИЖЕ ПОРОГА
     637.70 = 563.25+31.82+37.26  Cs-134    площадь 2.175E-012  порог 2.295E-008  НИЖЕ ПОРОГА
    1168.61 = 563.25+31.82+569.33  Cs-134    площадь 3.736E-014  порог 2.295E-008  НИЖЕ ПОРОГА
    1395.03 = 563.25+31.82+795.80  Cs-134    площадь 0.000E+000  порог 2.295E-008  НИЖЕ ПОРОГА
    1964.41 = 563.25+31.82+1365.13  Cs-134    площадь 0.000E+000  порог 2.295E-008  НИЖЕ ПОРОГА
    1637.74 = 563.25+31.82+1038.50  Cs-134    площадь 0.000E+000  порог 2.295E-008  НИЖЕ ПОРОГА
    1767.11 = 563.25+31.82+1167.86  Cs-134    площадь 0.000E+000  порог 2.295E-008  НИЖЕ ПОРОГА
    1075.06 = 563.25+32.19+475.35  Cs-134    площадь 5.562E-010  порог 2.295E-008  НИЖЕ ПОРОГА
    1204.37 = 563.25+32.19+604.72  Cs-134    площадь 2.903E-009  порог 2.295E-008  НИЖЕ ПОРОГА
    1401.51 = 563.25+32.19+801.90  Cs-134    площадь 1.969E-009  порог 2.295E-008  НИЖЕ ПОРОГА
     632.57 = 563.25+32.19+31.82  Cs-134    площадь 3.139E-011  порог 2.295E-008  НИЖЕ ПОРОГА
     637.30 = 563.25+32.19+36.48  Cs-134    площадь 1.582E-011  порог 2.295E-008  НИЖЕ ПОРОГА
     638.09 = 563.25+32.19+37.26  Cs-134    площадь 4.078E-012  порог 2.295E-008  НИЖЕ ПОРОГА
    1168.99 = 563.25+32.19+569.33  Cs-134    площадь 7.006E-014  порог 2.295E-008  НИЖЕ ПОРОГА
    1395.41 = 563.25+32.19+795.80  Cs-134    площадь 0.000E+000  порог 2.295E-008  НИЖЕ ПОРОГА
    1964.79 = 563.25+32.19+1365.13  Cs-134    площадь 0.000E+000  порог 2.295E-008  НИЖЕ ПОРОГА
    1638.12 = 563.25+32.19+1038.50  Cs-134    площадь 0.000E+000  порог 2.295E-008  НИЖЕ ПОРОГА
    1767.49 = 563.25+32.19+1167.86  Cs-134    площадь 0.000E+000  порог 2.295E-008  НИЖЕ ПОРОГА
    1079.41 = 563.25+36.48+475.35  Cs-134    площадь 1.497E-010  порог 2.295E-008  НИЖЕ ПОРОГА
    1208.71 = 563.25+36.48+604.72  Cs-134    площадь 7.812E-010  порог 2.295E-008  НИЖЕ ПОРОГА
    1405.86 = 563.25+36.48+801.90  Cs-134    площадь 5.298E-010  порог 2.295E-008  НИЖЕ ПОРОГА
     636.92 = 563.25+36.48+31.82  Cs-134    площадь 8.447E-012  порог 2.295E-008  НИЖЕ ПОРОГА
     637.30 = 563.25+36.48+32.19  Cs-134    площадь 1.584E-011  порог 2.295E-008  НИЖЕ ПОРОГА
     642.43 = 563.25+36.48+37.26  Cs-134    площадь 1.097E-012  порог 2.295E-008  НИЖЕ ПОРОГА
    1173.34 = 563.25+36.48+569.33  Cs-134    площадь 1.885E-014  порог 2.295E-008  НИЖЕ ПОРОГА
    1399.76 = 563.25+36.48+795.80  Cs-134    площадь 0.000E+000  порог 2.295E-008  НИЖЕ ПОРОГА
    1969.14 = 563.25+36.48+1365.13  Cs-134    площадь 0.000E+000  порог 2.295E-008  НИЖЕ ПОРОГА
    1642.46 = 563.25+36.48+1038.50  Cs-134    площадь 0.000E+000  порог 2.295E-008  НИЖЕ ПОРОГА
    1771.84 = 563.25+36.48+1167.86  Cs-134    площадь 0.000E+000  порог 2.295E-008  НИЖЕ ПОРОГА
    1080.19 = 563.25+37.26+475.35  Cs-134    площадь 3.856E-011  порог 2.295E-008  НИЖЕ ПОРОГА
    1209.49 = 563.25+37.26+604.72  Cs-134    площадь 2.013E-010  порог 2.295E-008  НИЖЕ ПОРОГА
    1406.64 = 563.25+37.26+801.90  Cs-134    площадь 1.365E-010  порог 2.295E-008  НИЖЕ ПОРОГА
     637.70 = 563.25+37.26+31.82  Cs-134    площадь 2.177E-012  порог 2.295E-008  НИЖЕ ПОРОГА
     638.09 = 563.25+37.26+32.19  Cs-134    площадь 4.081E-012  порог 2.295E-008  НИЖЕ ПОРОГА
     642.43 = 563.25+37.26+36.48  Cs-134    площадь 1.097E-012  порог 2.295E-008  НИЖЕ ПОРОГА
    1174.12 = 563.25+37.26+569.33  Cs-134    площадь 4.858E-015  порог 2.295E-008  НИЖЕ ПОРОГА
    1400.54 = 563.25+37.26+795.80  Cs-134    площадь 0.000E+000  порог 2.295E-008  НИЖЕ ПОРОГА
    1969.92 = 563.25+37.26+1365.13  Cs-134    площадь 0.000E+000  порог 2.295E-008  НИЖЕ ПОРОГА
    1643.25 = 563.25+37.26+1038.50  Cs-134    площадь 0.000E+000  порог 2.295E-008  НИЖЕ ПОРОГА
    1772.62 = 563.25+37.26+1167.86  Cs-134    площадь 0.000E+000  порог 2.295E-008  НИЖЕ ПОРОГА
    1074.68 = 475.35+31.82+563.25  Cs-134    площадь 2.958E-010  порог 2.295E-008  НИЖЕ ПОРОГА
    1116.13 = 475.35+31.82+604.72  Cs-134    площадь 3.334E-010  порог 2.295E-008  НИЖЕ ПОРОГА
    1679.25 = 475.35+31.82+1167.86  Cs-134    площадь 0.000E+000  порог 2.295E-008  НИЖЕ ПОРОГА
     544.69 = 475.35+31.82+32.19  Cs-134    площадь 5.863E-012  порог 2.295E-008  НИЖЕ ПОРОГА
     549.04 = 475.35+31.82+36.48  Cs-134    площадь 1.576E-012  порог 2.295E-008  НИЖЕ ПОРОГА
     549.82 = 475.35+31.82+37.26  Cs-134    площадь 4.062E-013  порог 2.295E-008  НИЖЕ ПОРОГА
    1080.76 = 475.35+31.82+569.33  Cs-134    площадь 0.000E+000  порог 2.295E-008  НИЖЕ ПОРОГА
    1307.18 = 475.35+31.82+795.80  Cs-134    площадь 0.000E+000  порог 2.295E-008  НИЖЕ ПОРОГА
    1876.55 = 475.35+31.82+1365.13  Cs-134    площадь 0.000E+000  порог 2.295E-008  НИЖЕ ПОРОГА
    1313.28 = 475.35+31.82+801.90  Cs-134    площадь 0.000E+000  порог 2.295E-008  НИЖЕ ПОРОГА
    1549.88 = 475.35+31.82+1038.50  Cs-134    площадь 0.000E+000  порог 2.295E-008  НИЖЕ ПОРОГА
    1075.06 = 475.35+32.19+563.25  Cs-134    площадь 5.546E-010  порог 2.295E-008  НИЖЕ ПОРОГА
    1116.52 = 475.35+32.19+604.72  Cs-134    площадь 6.251E-010  порог 2.295E-008  НИЖЕ ПОРОГА
    1679.64 = 475.35+32.19+1167.86  Cs-134    площадь 0.000E+000  порог 2.295E-008  НИЖЕ ПОРОГА
     544.69 = 475.35+32.19+31.82  Cs-134    площадь 5.863E-012  порог 2.295E-008  НИЖЕ ПОРОГА
     549.42 = 475.35+32.19+36.48  Cs-134    площадь 2.955E-012  порог 2.295E-008  НИЖЕ ПОРОГА
     550.21 = 475.35+32.19+37.26  Cs-134    площадь 7.616E-013  порог 2.295E-008  НИЖЕ ПОРОГА
    1081.14 = 475.35+32.19+569.33  Cs-134    площадь 0.000E+000  порог 2.295E-008  НИЖЕ ПОРОГА
    1307.56 = 475.35+32.19+795.80  Cs-134    площадь 0.000E+000  порог 2.295E-008  НИЖЕ ПОРОГА
    1876.93 = 475.35+32.19+1365.13  Cs-134    площадь 0.000E+000  порог 2.295E-008  НИЖЕ ПОРОГА
    1313.66 = 475.35+32.19+801.90  Cs-134    площадь 0.000E+000  порог 2.295E-008  НИЖЕ ПОРОГА
    1550.27 = 475.35+32.19+1038.50  Cs-134    площадь 0.000E+000  порог 2.295E-008  НИЖЕ ПОРОГА
    1079.41 = 475.35+36.48+563.25  Cs-134    площадь 1.491E-010  порог 2.295E-008  НИЖЕ ПОРОГА
    1120.86 = 475.35+36.48+604.72  Cs-134    площадь 1.681E-010  порог 2.295E-008  НИЖЕ ПОРОГА
    1683.98 = 475.35+36.48+1167.86  Cs-134    площадь 0.000E+000  порог 2.295E-008  НИЖЕ ПОРОГА
     549.04 = 475.35+36.48+31.82  Cs-134    площадь 1.577E-012  порог 2.295E-008  НИЖЕ ПОРОГА
     549.42 = 475.35+36.48+32.19  Cs-134    площадь 2.956E-012  порог 2.295E-008  НИЖЕ ПОРОГА
     554.55 = 475.35+36.48+37.26  Cs-134    площадь 2.048E-013  порог 2.295E-008  НИЖЕ ПОРОГА
    1085.49 = 475.35+36.48+569.33  Cs-134    площадь 0.000E+000  порог 2.295E-008  НИЖЕ ПОРОГА
    1311.91 = 475.35+36.48+795.80  Cs-134    площадь 0.000E+000  порог 2.295E-008  НИЖЕ ПОРОГА
    1881.27 = 475.35+36.48+1365.13  Cs-134    площадь 0.000E+000  порог 2.295E-008  НИЖЕ ПОРОГА
    1318.01 = 475.35+36.48+801.90  Cs-134    площадь 0.000E+000  порог 2.295E-008  НИЖЕ ПОРОГА
    1554.61 = 475.35+36.48+1038.50  Cs-134    площадь 0.000E+000  порог 2.295E-008  НИЖЕ ПОРОГА
    1080.19 = 475.35+37.26+563.25  Cs-134    площадь 3.843E-011  порог 2.295E-008  НИЖЕ ПОРОГА
    1121.64 = 475.35+37.26+604.72  Cs-134    площадь 4.332E-011  порог 2.295E-008  НИЖЕ ПОРОГА
    1684.76 = 475.35+37.26+1167.86  Cs-134    площадь 0.000E+000  порог 2.295E-008  НИЖЕ ПОРОГА
     549.82 = 475.35+37.26+31.82  Cs-134    площадь 4.063E-013  порог 2.295E-008  НИЖЕ ПОРОГА
     550.21 = 475.35+37.26+32.19  Cs-134    площадь 7.617E-013  порог 2.295E-008  НИЖЕ ПОРОГА
     554.55 = 475.35+37.26+36.48  Cs-134    площадь 2.047E-013  порог 2.295E-008  НИЖЕ ПОРОГА
    1086.27 = 475.35+37.26+569.33  Cs-134    площадь 0.000E+000  порог 2.295E-008  НИЖЕ ПОРОГА
    1312.69 = 475.35+37.26+795.80  Cs-134    площадь 0.000E+000  порог 2.295E-008  НИЖЕ ПОРОГА
    1882.06 = 475.35+37.26+1365.13  Cs-134    площадь 0.000E+000  порог 2.295E-008  НИЖЕ ПОРОГА
    1318.79 = 475.35+37.26+801.90  Cs-134    площадь 0.000E+000  порог 2.295E-008  НИЖЕ ПОРОГА
    1555.39 = 475.35+37.26+1038.50  Cs-134    площадь 0.000E+000  порог 2.295E-008  НИЖЕ ПОРОГА
    2005.87 = 1365.13+31.82+604.72  Cs-134    площадь 0.000E+000  порог 2.295E-008  НИЖЕ ПОРОГА
    1434.43 = 1365.13+31.82+32.19  Cs-134    площадь 1.262E-012  порог 2.295E-008  НИЖЕ ПОРОГА
    1438.78 = 1365.13+31.82+36.48  Cs-134    площадь 3.391E-013  порог 2.295E-008  НИЖЕ ПОРОГА
    1439.56 = 1365.13+31.82+37.26  Cs-134    площадь 8.741E-014  порог 2.295E-008  НИЖЕ ПОРОГА
    1970.49 = 1365.13+31.82+569.33  Cs-134    площадь 0.000E+000  порог 2.295E-008  НИЖЕ ПОРОГА
    2196.96 = 1365.13+31.82+795.80  Cs-134    площадь 0.000E+000  порог 2.295E-008  НИЖЕ ПОРОГА
    1964.41 = 1365.13+31.82+563.25  Cs-134    площадь 0.000E+000  порог 2.295E-008  НИЖЕ ПОРОГА
    1876.55 = 1365.13+31.82+475.35  Cs-134    площадь 0.000E+000  порог 2.295E-008  НИЖЕ ПОРОГА
    2203.06 = 1365.13+31.82+801.90  Cs-134    площадь 0.000E+000  порог 2.295E-008  НИЖЕ ПОРОГА
    2439.73 = 1365.13+31.82+1038.50  Cs-134    площадь 0.000E+000  порог 2.295E-008  НИЖЕ ПОРОГА
    2569.13 = 1365.13+31.82+1167.86  Cs-134    площадь 0.000E+000  порог 2.295E-008  НИЖЕ ПОРОГА
    2006.25 = 1365.13+32.19+604.72  Cs-134    площадь 0.000E+000  порог 2.295E-008  НИЖЕ ПОРОГА
    1434.43 = 1365.13+32.19+31.82  Cs-134    площадь 1.262E-012  порог 2.295E-008  НИЖЕ ПОРОГА
    1439.16 = 1365.13+32.19+36.48  Cs-134    площадь 6.358E-013  порог 2.295E-008  НИЖЕ ПОРОГА
    1439.94 = 1365.13+32.19+37.26  Cs-134    площадь 1.639E-013  порог 2.295E-008  НИЖЕ ПОРОГА
    1970.87 = 1365.13+32.19+569.33  Cs-134    площадь 0.000E+000  порог 2.295E-008  НИЖЕ ПОРОГА
    2197.34 = 1365.13+32.19+795.80  Cs-134    площадь 0.000E+000  порог 2.295E-008  НИЖЕ ПОРОГА
    1964.79 = 1365.13+32.19+563.25  Cs-134    площадь 0.000E+000  порог 2.295E-008  НИЖЕ ПОРОГА
    1876.93 = 1365.13+32.19+475.35  Cs-134    площадь 0.000E+000  порог 2.295E-008  НИЖЕ ПОРОГА
    2203.44 = 1365.13+32.19+801.90  Cs-134    площадь 0.000E+000  порог 2.295E-008  НИЖЕ ПОРОГА
    2440.11 = 1365.13+32.19+1038.50  Cs-134    площадь 0.000E+000  порог 2.295E-008  НИЖЕ ПОРОГА
    2569.51 = 1365.13+32.19+1167.86  Cs-134    площадь 0.000E+000  порог 2.295E-008  НИЖЕ ПОРОГА
    2010.60 = 1365.13+36.48+604.72  Cs-134    площадь 0.000E+000  порог 2.295E-008  НИЖЕ ПОРОГА
    1438.78 = 1365.13+36.48+31.82  Cs-134    площадь 3.393E-013  порог 2.295E-008  НИЖЕ ПОРОГА
    1439.16 = 1365.13+36.48+32.19  Cs-134    площадь 6.361E-013  порог 2.295E-008  НИЖЕ ПОРОГА
    1444.29 = 1365.13+36.48+37.26  Cs-134    площадь 4.408E-014  порог 2.295E-008  НИЖЕ ПОРОГА
    1975.22 = 1365.13+36.48+569.33  Cs-134    площадь 0.000E+000  порог 2.295E-008  НИЖЕ ПОРОГА
    2201.69 = 1365.13+36.48+795.80  Cs-134    площадь 0.000E+000  порог 2.295E-008  НИЖЕ ПОРОГА
    1969.14 = 1365.13+36.48+563.25  Cs-134    площадь 0.000E+000  порог 2.295E-008  НИЖЕ ПОРОГА
    1881.27 = 1365.13+36.48+475.35  Cs-134    площадь 0.000E+000  порог 2.295E-008  НИЖЕ ПОРОГА
    2207.79 = 1365.13+36.48+801.90  Cs-134    площадь 0.000E+000  порог 2.295E-008  НИЖЕ ПОРОГА
    2444.45 = 1365.13+36.48+1038.50  Cs-134    площадь 0.000E+000  порог 2.295E-008  НИЖЕ ПОРОГА
    2573.86 = 1365.13+36.48+1167.86  Cs-134    площадь 0.000E+000  порог 2.295E-008  НИЖЕ ПОРОГА
    2011.38 = 1365.13+37.26+604.72  Cs-134    площадь 0.000E+000  порог 2.295E-008  НИЖЕ ПОРОГА
    1439.56 = 1365.13+37.26+31.82  Cs-134    площадь 8.743E-014  порог 2.295E-008  НИЖЕ ПОРОГА
    1439.94 = 1365.13+37.26+32.19  Cs-134    площадь 1.639E-013  порог 2.295E-008  НИЖЕ ПОРОГА
    1444.29 = 1365.13+37.26+36.48  Cs-134    площадь 4.406E-014  порог 2.295E-008  НИЖЕ ПОРОГА
    1976.00 = 1365.13+37.26+569.33  Cs-134    площадь 0.000E+000  порог 2.295E-008  НИЖЕ ПОРОГА
    2202.47 = 1365.13+37.26+795.80  Cs-134    площадь 0.000E+000  порог 2.295E-008  НИЖЕ ПОРОГА
    1969.92 = 1365.13+37.26+563.25  Cs-134    площадь 0.000E+000  порог 2.295E-008  НИЖЕ ПОРОГА
    1882.06 = 1365.13+37.26+475.35  Cs-134    площадь 0.000E+000  порог 2.295E-008  НИЖЕ ПОРОГА
    2208.57 = 1365.13+37.26+801.90  Cs-134    площадь 0.000E+000  порог 2.295E-008  НИЖЕ ПОРОГА
    2445.24 = 1365.13+37.26+1038.50  Cs-134    площадь 0.000E+000  порог 2.295E-008  НИЖЕ ПОРОГА
    2574.64 = 1365.13+37.26+1167.86  Cs-134    площадь 0.000E+000  порог 2.295E-008  НИЖЕ ПОРОГА
    1401.13 = 801.90+31.82+563.25  Cs-134    площадь 1.046E-009  порог 2.295E-008  НИЖЕ ПОРОГА
    1442.59 = 801.90+31.82+604.72  Cs-134    площадь 1.180E-009  порог 2.295E-008  НИЖЕ ПОРОГА
    2005.75 = 801.90+31.82+1167.86  Cs-134    площадь 0.000E+000  порог 2.295E-008  НИЖЕ ПОРОГА
     871.21 = 801.90+31.82+32.19  Cs-134    площадь 2.074E-011  порог 2.295E-008  НИЖЕ ПОРОГА
     875.55 = 801.90+31.82+36.48  Cs-134    площадь 5.575E-012  порог 2.295E-008  НИЖЕ ПОРОГА
     876.33 = 801.90+31.82+37.26  Cs-134    площадь 1.437E-012  порог 2.295E-008  НИЖЕ ПОРОГА
    1407.21 = 801.90+31.82+569.33  Cs-134    площадь 0.000E+000  порог 2.295E-008  НИЖЕ ПОРОГА
    1633.64 = 801.90+31.82+795.80  Cs-134    площадь 0.000E+000  порог 2.295E-008  НИЖЕ ПОРОГА
    1313.28 = 801.90+31.82+475.35  Cs-134    площадь 0.000E+000  порог 2.295E-008  НИЖЕ ПОРОГА
    2203.06 = 801.90+31.82+1365.13  Cs-134    площадь 0.000E+000  порог 2.295E-008  НИЖЕ ПОРОГА
    1876.37 = 801.90+31.82+1038.50  Cs-134    площадь 0.000E+000  порог 2.295E-008  НИЖЕ ПОРОГА
    1401.51 = 801.90+32.19+563.25  Cs-134    площадь 1.962E-009  порог 2.295E-008  НИЖЕ ПОРОГА
    1442.97 = 801.90+32.19+604.72  Cs-134    площадь 2.211E-009  порог 2.295E-008  НИЖЕ ПОРОГА
    2006.13 = 801.90+32.19+1167.86  Cs-134    площадь 0.000E+000  порог 2.295E-008  НИЖЕ ПОРОГА
     871.21 = 801.90+32.19+31.82  Cs-134    площадь 2.074E-011  порог 2.295E-008  НИЖЕ ПОРОГА
     875.93 = 801.90+32.19+36.48  Cs-134    площадь 1.045E-011  порог 2.295E-008  НИЖЕ ПОРОГА
     876.72 = 801.90+32.19+37.26  Cs-134    площадь 2.694E-012  порог 2.295E-008  НИЖЕ ПОРОГА
    1407.59 = 801.90+32.19+569.33  Cs-134    площадь 0.000E+000  порог 2.295E-008  НИЖЕ ПОРОГА
    1634.02 = 801.90+32.19+795.80  Cs-134    площадь 0.000E+000  порог 2.295E-008  НИЖЕ ПОРОГА
    1313.66 = 801.90+32.19+475.35  Cs-134    площадь 0.000E+000  порог 2.295E-008  НИЖЕ ПОРОГА
    2203.44 = 801.90+32.19+1365.13  Cs-134    площадь 0.000E+000  порог 2.295E-008  НИЖЕ ПОРОГА
    1876.75 = 801.90+32.19+1038.50  Cs-134    площадь 0.000E+000  порог 2.295E-008  НИЖЕ ПОРОГА
    1405.86 = 801.90+36.48+563.25  Cs-134    площадь 5.271E-010  порог 2.295E-008  НИЖЕ ПОРОГА
    1447.32 = 801.90+36.48+604.72  Cs-134    площадь 5.942E-010  порог 2.295E-008  НИЖЕ ПОРОГА
    2010.48 = 801.90+36.48+1167.86  Cs-134    площадь 0.000E+000  порог 2.295E-008  НИЖЕ ПОРОГА
     875.55 = 801.90+36.48+31.82  Cs-134    площадь 5.573E-012  порог 2.295E-008  НИЖЕ ПОРОГА
     875.93 = 801.90+36.48+32.19  Cs-134    площадь 1.045E-011  порог 2.295E-008  НИЖЕ ПОРОГА
     881.06 = 801.90+36.48+37.26  Cs-134    площадь 7.239E-013  порог 2.295E-008  НИЖЕ ПОРОГА
    1411.94 = 801.90+36.48+569.33  Cs-134    площадь 0.000E+000  порог 2.295E-008  НИЖЕ ПОРОГА
    1638.37 = 801.90+36.48+795.80  Cs-134    площадь 0.000E+000  порог 2.295E-008  НИЖЕ ПОРОГА
    1318.01 = 801.90+36.48+475.35  Cs-134    площадь 0.000E+000  порог 2.295E-008  НИЖЕ ПОРОГА
    2207.79 = 801.90+36.48+1365.13  Cs-134    площадь 0.000E+000  порог 2.295E-008  НИЖЕ ПОРОГА
    1881.09 = 801.90+36.48+1038.50  Cs-134    площадь 0.000E+000  порог 2.295E-008  НИЖЕ ПОРОГА
    1406.64 = 801.90+37.26+563.25  Cs-134    площадь 1.359E-010  порог 2.295E-008  НИЖЕ ПОРОГА
    1448.10 = 801.90+37.26+604.72  Cs-134    площадь 1.532E-010  порог 2.295E-008  НИЖЕ ПОРОГА
    2011.26 = 801.90+37.26+1167.86  Cs-134    площадь 0.000E+000  порог 2.295E-008  НИЖЕ ПОРОГА
     876.33 = 801.90+37.26+31.82  Cs-134    площадь 1.437E-012  порог 2.295E-008  НИЖЕ ПОРОГА
     876.72 = 801.90+37.26+32.19  Cs-134    площадь 2.694E-012  порог 2.295E-008  НИЖЕ ПОРОГА
     881.06 = 801.90+37.26+36.48  Cs-134    площадь 7.240E-013  порог 2.295E-008  НИЖЕ ПОРОГА
    1412.72 = 801.90+37.26+569.33  Cs-134    площадь 0.000E+000  порог 2.295E-008  НИЖЕ ПОРОГА
    1639.15 = 801.90+37.26+795.80  Cs-134    площадь 0.000E+000  порог 2.295E-008  НИЖЕ ПОРОГА
    1318.79 = 801.90+37.26+475.35  Cs-134    площадь 0.000E+000  порог 2.295E-008  НИЖЕ ПОРОГА
    2208.57 = 801.90+37.26+1365.13  Cs-134    площадь 0.000E+000  порог 2.295E-008  НИЖЕ ПОРОГА
    1881.88 = 801.90+37.26+1038.50  Cs-134    площадь 0.000E+000  порог 2.295E-008  НИЖЕ ПОРОГА
    1679.20 = 1038.50+31.82+604.72  Cs-134    площадь 0.000E+000  порог 2.295E-008  НИЖЕ ПОРОГА
    1107.80 = 1038.50+31.82+32.19  Cs-134    площадь 5.313E-013  порог 2.295E-008  НИЖЕ ПОРОГА
    1112.15 = 1038.50+31.82+36.48  Cs-134    площадь 1.428E-013  порог 2.295E-008  НИЖЕ ПОРОГА
    1112.93 = 1038.50+31.82+37.26  Cs-134    площадь 3.681E-014  порог 2.295E-008  НИЖЕ ПОРОГА
    1643.82 = 1038.50+31.82+569.33  Cs-134    площадь 0.000E+000  порог 2.295E-008  НИЖЕ ПОРОГА
    1870.26 = 1038.50+31.82+795.80  Cs-134    площадь 0.000E+000  порог 2.295E-008  НИЖЕ ПОРОГА
    1637.74 = 1038.50+31.82+563.25  Cs-134    площадь 0.000E+000  порог 2.295E-008  НИЖЕ ПОРОГА
    1549.88 = 1038.50+31.82+475.35  Cs-134    площадь 0.000E+000  порог 2.295E-008  НИЖЕ ПОРОГА
    2439.73 = 1038.50+31.82+1365.13  Cs-134    площадь 0.000E+000  порог 2.295E-008  НИЖЕ ПОРОГА
    1876.37 = 1038.50+31.82+801.90  Cs-134    площадь 0.000E+000  порог 2.295E-008  НИЖЕ ПОРОГА
    2242.40 = 1038.50+31.82+1167.86  Cs-134    площадь 0.000E+000  порог 2.295E-008  НИЖЕ ПОРОГА
    1679.58 = 1038.50+32.19+604.72  Cs-134    площадь 0.000E+000  порог 2.295E-008  НИЖЕ ПОРОГА
    1107.80 = 1038.50+32.19+31.82  Cs-134    площадь 5.313E-013  порог 2.295E-008  НИЖЕ ПОРОГА
    1112.53 = 1038.50+32.19+36.48  Cs-134    площадь 2.677E-013  порог 2.295E-008  НИЖЕ ПОРОГА
    1113.31 = 1038.50+32.19+37.26  Cs-134    площадь 6.902E-014  порог 2.295E-008  НИЖЕ ПОРОГА
    1644.20 = 1038.50+32.19+569.33  Cs-134    площадь 0.000E+000  порог 2.295E-008  НИЖЕ ПОРОГА
    1870.65 = 1038.50+32.19+795.80  Cs-134    площадь 0.000E+000  порог 2.295E-008  НИЖЕ ПОРОГА
    1638.12 = 1038.50+32.19+563.25  Cs-134    площадь 0.000E+000  порог 2.295E-008  НИЖЕ ПОРОГА
    1550.27 = 1038.50+32.19+475.35  Cs-134    площадь 0.000E+000  порог 2.295E-008  НИЖЕ ПОРОГА
    2440.11 = 1038.50+32.19+1365.13  Cs-134    площадь 0.000E+000  порог 2.295E-008  НИЖЕ ПОРОГА
    1876.75 = 1038.50+32.19+801.90  Cs-134    площадь 0.000E+000  порог 2.295E-008  НИЖЕ ПОРОГА
    2242.78 = 1038.50+32.19+1167.86  Cs-134    площадь 0.000E+000  порог 2.295E-008  НИЖЕ ПОРОГА
    1683.93 = 1038.50+36.48+604.72  Cs-134    площадь 0.000E+000  порог 2.295E-008  НИЖЕ ПОРОГА
    1112.15 = 1038.50+36.48+31.82  Cs-134    площадь 1.429E-013  порог 2.295E-008  НИЖЕ ПОРОГА
    1112.53 = 1038.50+36.48+32.19  Cs-134    площадь 2.679E-013  порог 2.295E-008  НИЖЕ ПОРОГА
    1117.66 = 1038.50+36.48+37.26  Cs-134    площадь 1.856E-014  порог 2.295E-008  НИЖЕ ПОРОГА
    1648.55 = 1038.50+36.48+569.33  Cs-134    площадь 0.000E+000  порог 2.295E-008  НИЖЕ ПОРОГА
    1874.99 = 1038.50+36.48+795.80  Cs-134    площадь 0.000E+000  порог 2.295E-008  НИЖЕ ПОРОГА
    1642.46 = 1038.50+36.48+563.25  Cs-134    площадь 0.000E+000  порог 2.295E-008  НИЖЕ ПОРОГА
    1554.61 = 1038.50+36.48+475.35  Cs-134    площадь 0.000E+000  порог 2.295E-008  НИЖЕ ПОРОГА
    2444.45 = 1038.50+36.48+1365.13  Cs-134    площадь 0.000E+000  порог 2.295E-008  НИЖЕ ПОРОГА
    1881.09 = 1038.50+36.48+801.90  Cs-134    площадь 0.000E+000  порог 2.295E-008  НИЖЕ ПОРОГА
    2247.13 = 1038.50+36.48+1167.86  Cs-134    площадь 0.000E+000  порог 2.295E-008  НИЖЕ ПОРОГА
    1684.71 = 1038.50+37.26+604.72  Cs-134    площадь 0.000E+000  порог 2.295E-008  НИЖЕ ПОРОГА
    1112.93 = 1038.50+37.26+31.82  Cs-134    площадь 3.684E-014  порог 2.295E-008  НИЖЕ ПОРОГА
    1113.31 = 1038.50+37.26+32.19  Cs-134    площадь 6.907E-014  порог 2.295E-008  НИЖЕ ПОРОГА
    1117.66 = 1038.50+37.26+36.48  Cs-134    площадь 1.856E-014  порог 2.295E-008  НИЖЕ ПОРОГА
    1649.33 = 1038.50+37.26+569.33  Cs-134    площадь 0.000E+000  порог 2.295E-008  НИЖЕ ПОРОГА
    1875.77 = 1038.50+37.26+795.80  Cs-134    площадь 0.000E+000  порог 2.295E-008  НИЖЕ ПОРОГА
    1643.25 = 1038.50+37.26+563.25  Cs-134    площадь 0.000E+000  порог 2.295E-008  НИЖЕ ПОРОГА
    1555.39 = 1038.50+37.26+475.35  Cs-134    площадь 0.000E+000  порог 2.295E-008  НИЖЕ ПОРОГА
    2445.24 = 1038.50+37.26+1365.13  Cs-134    площадь 0.000E+000  порог 2.295E-008  НИЖЕ ПОРОГА
    1881.88 = 1038.50+37.26+801.90  Cs-134    площадь 0.000E+000  порог 2.295E-008  НИЖЕ ПОРОГА
    2247.91 = 1038.50+37.26+1167.86  Cs-134    площадь 0.000E+000  порог 2.295E-008  НИЖЕ ПОРОГА
    1679.25 = 1167.86+31.82+475.35  Cs-134    площадь 0.000E+000  порог 2.295E-008  НИЖЕ ПОРОГА
    2005.75 = 1167.86+31.82+801.90  Cs-134    площадь 0.000E+000  порог 2.295E-008  НИЖЕ ПОРОГА
    1237.16 = 1167.86+31.82+32.19  Cs-134    площадь 7.892E-013  порог 2.295E-008  НИЖЕ ПОРОГА
    1241.51 = 1167.86+31.82+36.48  Cs-134    площадь 2.121E-013  порог 2.295E-008  НИЖЕ ПОРОГА
    1242.29 = 1167.86+31.82+37.26  Cs-134    площадь 5.468E-014  порог 2.295E-008  НИЖЕ ПОРОГА
    1773.19 = 1167.86+31.82+569.33  Cs-134    площадь 0.000E+000  порог 2.295E-008  НИЖЕ ПОРОГА
    1999.65 = 1167.86+31.82+795.80  Cs-134    площадь 0.000E+000  порог 2.295E-008  НИЖЕ ПОРОГА
    1767.11 = 1167.86+31.82+563.25  Cs-134    площадь 0.000E+000  порог 2.295E-008  НИЖЕ ПОРОГА
    2569.13 = 1167.86+31.82+1365.13  Cs-134    площадь 0.000E+000  порог 2.295E-008  НИЖЕ ПОРОГА
    2242.40 = 1167.86+31.82+1038.50  Cs-134    площадь 0.000E+000  порог 2.295E-008  НИЖЕ ПОРОГА
    1808.57 = 1167.86+31.82+604.72  Cs-134    площадь 0.000E+000  порог 2.295E-008  НИЖЕ ПОРОГА
    1679.64 = 1167.86+32.19+475.35  Cs-134    площадь 0.000E+000  порог 2.295E-008  НИЖЕ ПОРОГА
    2006.13 = 1167.86+32.19+801.90  Cs-134    площадь 0.000E+000  порог 2.295E-008  НИЖЕ ПОРОГА
    1237.16 = 1167.86+32.19+31.82  Cs-134    площадь 7.893E-013  порог 2.295E-008  НИЖЕ ПОРОГА
    1241.89 = 1167.86+32.19+36.48  Cs-134    площадь 3.978E-013  порог 2.295E-008  НИЖЕ ПОРОГА
    1242.67 = 1167.86+32.19+37.26  Cs-134    площадь 1.025E-013  порог 2.295E-008  НИЖЕ ПОРОГА
    1773.57 = 1167.86+32.19+569.33  Cs-134    площадь 0.000E+000  порог 2.295E-008  НИЖЕ ПОРОГА
    2000.03 = 1167.86+32.19+795.80  Cs-134    площадь 0.000E+000  порог 2.295E-008  НИЖЕ ПОРОГА
    1767.49 = 1167.86+32.19+563.25  Cs-134    площадь 0.000E+000  порог 2.295E-008  НИЖЕ ПОРОГА
    2569.51 = 1167.86+32.19+1365.13  Cs-134    площадь 0.000E+000  порог 2.295E-008  НИЖЕ ПОРОГА
    2242.78 = 1167.86+32.19+1038.50  Cs-134    площадь 0.000E+000  порог 2.295E-008  НИЖЕ ПОРОГА
    1808.95 = 1167.86+32.19+604.72  Cs-134    площадь 0.000E+000  порог 2.295E-008  НИЖЕ ПОРОГА
    1683.98 = 1167.86+36.48+475.35  Cs-134    площадь 0.000E+000  порог 2.295E-008  НИЖЕ ПОРОГА
    2010.48 = 1167.86+36.48+801.90  Cs-134    площадь 0.000E+000  порог 2.295E-008  НИЖЕ ПОРОГА
    1241.51 = 1167.86+36.48+31.82  Cs-134    площадь 2.123E-013  порог 2.295E-008  НИЖЕ ПОРОГА
    1241.89 = 1167.86+36.48+32.19  Cs-134    площадь 3.980E-013  порог 2.295E-008  НИЖЕ ПОРОГА
    1247.02 = 1167.86+36.48+37.26  Cs-134    площадь 2.758E-014  порог 2.295E-008  НИЖЕ ПОРОГА
    1777.92 = 1167.86+36.48+569.33  Cs-134    площадь 0.000E+000  порог 2.295E-008  НИЖЕ ПОРОГА
    2004.38 = 1167.86+36.48+795.80  Cs-134    площадь 0.000E+000  порог 2.295E-008  НИЖЕ ПОРОГА
    1771.84 = 1167.86+36.48+563.25  Cs-134    площадь 0.000E+000  порог 2.295E-008  НИЖЕ ПОРОГА
    2573.86 = 1167.86+36.48+1365.13  Cs-134    площадь 0.000E+000  порог 2.295E-008  НИЖЕ ПОРОГА
    2247.13 = 1167.86+36.48+1038.50  Cs-134    площадь 0.000E+000  порог 2.295E-008  НИЖЕ ПОРОГА
    1813.30 = 1167.86+36.48+604.72  Cs-134    площадь 0.000E+000  порог 2.295E-008  НИЖЕ ПОРОГА
    1684.76 = 1167.86+37.26+475.35  Cs-134    площадь 0.000E+000  порог 2.295E-008  НИЖЕ ПОРОГА
    2011.26 = 1167.86+37.26+801.90  Cs-134    площадь 0.000E+000  порог 2.295E-008  НИЖЕ ПОРОГА
    1242.29 = 1167.86+37.26+31.82  Cs-134    площадь 5.472E-014  порог 2.295E-008  НИЖЕ ПОРОГА
    1242.67 = 1167.86+37.26+32.19  Cs-134    площадь 1.026E-013  порог 2.295E-008  НИЖЕ ПОРОГА
    1247.02 = 1167.86+37.26+36.48  Cs-134    площадь 2.758E-014  порог 2.295E-008  НИЖЕ ПОРОГА
    1778.70 = 1167.86+37.26+569.33  Cs-134    площадь 0.000E+000  порог 2.295E-008  НИЖЕ ПОРОГА
    2005.16 = 1167.86+37.26+795.80  Cs-134    площадь 0.000E+000  порог 2.295E-008  НИЖЕ ПОРОГА
    1772.62 = 1167.86+37.26+563.25  Cs-134    площадь 0.000E+000  порог 2.295E-008  НИЖЕ ПОРОГА
    2574.64 = 1167.86+37.26+1365.13  Cs-134    площадь 0.000E+000  порог 2.295E-008  НИЖЕ ПОРОГА
    2247.91 = 1167.86+37.26+1038.50  Cs-134    площадь 0.000E+000  порог 2.295E-008  НИЖЕ ПОРОГА
    1814.08 = 1167.86+37.26+604.72  Cs-134    площадь 0.000E+000  порог 2.295E-008  НИЖЕ ПОРОГА
    1116.13 = 604.72+31.82+475.35  Cs-134    площадь 3.340E-010  порог 2.295E-008  НИЖЕ ПОРОГА
    1203.98 = 604.72+31.82+563.25  Cs-134    площадь 1.139E-009  порог 2.295E-008  НИЖЕ ПОРОГА
    1210.07 = 604.72+31.82+569.33  Cs-134    площадь 1.519E-009  порог 2.295E-008  НИЖЕ ПОРОГА
    1436.49 = 604.72+31.82+795.80  Cs-134    площадь 3.450E-009  порог 2.295E-008  НИЖЕ ПОРОГА
    1442.59 = 604.72+31.82+801.90  Cs-134    площадь 1.183E-009  порог 2.295E-008  НИЖЕ ПОРОГА
    1679.20 = 604.72+31.82+1038.50  Cs-134    площадь 0.000E+000  порог 2.295E-008  НИЖЕ ПОРОГА
    2005.87 = 604.72+31.82+1365.13  Cs-134    площадь 0.000E+000  порог 2.295E-008  НИЖЕ ПОРОГА
     674.04 = 604.72+31.82+32.19  Cs-134    площадь 6.810E-011  порог 2.295E-008  НИЖЕ ПОРОГА
     678.39 = 604.72+31.82+36.48  Cs-134    площадь 1.831E-011  порог 2.295E-008  НИЖЕ ПОРОГА
     679.17 = 604.72+31.82+37.26  Cs-134    площадь 4.719E-012  порог 2.295E-008  НИЖЕ ПОРОГА
    1808.57 = 604.72+31.82+1167.86  Cs-134    площадь 0.000E+000  порог 2.295E-008  НИЖЕ ПОРОГА
    1116.52 = 604.72+32.19+475.35  Cs-134    площадь 6.263E-010  порог 2.295E-008  НИЖЕ ПОРОГА
    1204.37 = 604.72+32.19+563.25  Cs-134    площадь 2.136E-009  порог 2.295E-008  НИЖЕ ПОРОГА
    1210.45 = 604.72+32.19+569.33  Cs-134    площадь 2.849E-009  порог 2.295E-008  НИЖЕ ПОРОГА
    1436.87 = 604.72+32.19+795.80  Cs-134    площадь 6.468E-009  порог 2.295E-008  НИЖЕ ПОРОГА
    1442.97 = 604.72+32.19+801.90  Cs-134    площадь 2.218E-009  порог 2.295E-008  НИЖЕ ПОРОГА
    1679.58 = 604.72+32.19+1038.50  Cs-134    площадь 0.000E+000  порог 2.295E-008  НИЖЕ ПОРОГА
    2006.25 = 604.72+32.19+1365.13  Cs-134    площадь 0.000E+000  порог 2.295E-008  НИЖЕ ПОРОГА
     674.04 = 604.72+32.19+31.82  Cs-134    площадь 6.811E-011  порог 2.295E-008  НИЖЕ ПОРОГА
     678.77 = 604.72+32.19+36.48  Cs-134    площадь 3.432E-011  порог 2.295E-008  НИЖЕ ПОРОГА
     679.55 = 604.72+32.19+37.26  Cs-134    площадь 8.848E-012  порог 2.295E-008  НИЖЕ ПОРОГА
    1808.95 = 604.72+32.19+1167.86  Cs-134    площадь 0.000E+000  порог 2.295E-008  НИЖЕ ПОРОГА
    1120.86 = 604.72+36.48+475.35  Cs-134    площадь 1.685E-010  порог 2.295E-008  НИЖЕ ПОРОГА
    1208.71 = 604.72+36.48+563.25  Cs-134    площадь 5.745E-010  порог 2.295E-008  НИЖЕ ПОРОГА
    1214.79 = 604.72+36.48+569.33  Cs-134    площадь 7.663E-010  порог 2.295E-008  НИЖЕ ПОРОГА
    1441.22 = 604.72+36.48+795.80  Cs-134    площадь 1.740E-009  порог 2.295E-008  НИЖЕ ПОРОГА
    1447.32 = 604.72+36.48+801.90  Cs-134    площадь 5.964E-010  порог 2.295E-008  НИЖЕ ПОРОГА
    1683.93 = 604.72+36.48+1038.50  Cs-134    площадь 0.000E+000  порог 2.295E-008  НИЖЕ ПОРОГА
    2010.60 = 604.72+36.48+1365.13  Cs-134    площадь 0.000E+000  порог 2.295E-008  НИЖЕ ПОРОГА
     678.39 = 604.72+36.48+31.82  Cs-134    площадь 1.832E-011  порог 2.295E-008  НИЖЕ ПОРОГА
     678.77 = 604.72+36.48+32.19  Cs-134    площадь 3.434E-011  порог 2.295E-008  НИЖЕ ПОРОГА
     683.90 = 604.72+36.48+37.26  Cs-134    площадь 2.380E-012  порог 2.295E-008  НИЖЕ ПОРОГА
    1813.30 = 604.72+36.48+1167.86  Cs-134    площадь 0.000E+000  порог 2.295E-008  НИЖЕ ПОРОГА
    1121.64 = 604.72+37.26+475.35  Cs-134    площадь 4.341E-011  порог 2.295E-008  НИЖЕ ПОРОГА
    1209.49 = 604.72+37.26+563.25  Cs-134    площадь 1.480E-010  порог 2.295E-008  НИЖЕ ПОРОГА
    1215.57 = 604.72+37.26+569.33  Cs-134    площадь 1.975E-010  порог 2.295E-008  НИЖЕ ПОРОГА
    1442.00 = 604.72+37.26+795.80  Cs-134    площадь 4.483E-010  порог 2.295E-008  НИЖЕ ПОРОГА
    1448.10 = 604.72+37.26+801.90  Cs-134    площадь 1.537E-010  порог 2.295E-008  НИЖЕ ПОРОГА
    1684.71 = 604.72+37.26+1038.50  Cs-134    площадь 0.000E+000  порог 2.295E-008  НИЖЕ ПОРОГА
    2011.38 = 604.72+37.26+1365.13  Cs-134    площадь 0.000E+000  порог 2.295E-008  НИЖЕ ПОРОГА
     679.17 = 604.72+37.26+31.82  Cs-134    площадь 4.721E-012  порог 2.295E-008  НИЖЕ ПОРОГА
     679.55 = 604.72+37.26+32.19  Cs-134    площадь 8.851E-012  порог 2.295E-008  НИЖЕ ПОРОГА
     683.90 = 604.72+37.26+36.48  Cs-134    площадь 2.379E-012  порог 2.295E-008  НИЖЕ ПОРОГА
    1814.08 = 604.72+37.26+1167.86  Cs-134    площадь 0.000E+000  порог 2.295E-008  НИЖЕ ПОРОГА
     667.06 = 244.70+121.78+295.94  Eu-152    площадь 3.929E-008  порог 2.379E-008  проходит
     787.01 = 244.70+121.78+416.05  Eu-152    площадь 7.093E-009  порог 2.379E-008  НИЖЕ ПОРОГА
     814.90 = 244.70+121.78+443.96  Eu-152    площадь 8.387E-008  порог 2.379E-008  проходит
     814.90 = 244.70+121.78+443.97  Eu-152    площадь 8.387E-008  порог 2.379E-008  проходит
     859.59 = 244.70+121.78+488.68  Eu-152    площадь 2.812E-008  порог 2.379E-008  проходит
     934.86 = 244.70+121.78+563.99  Eu-152    площадь 1.020E-009  порог 2.379E-008  НИЖЕ ПОРОГА
    1027.32 = 244.70+121.78+656.49  Eu-152    площадь 2.509E-008  порог 2.379E-008  проходит
    1045.50 = 244.70+121.78+674.68  Eu-152    площадь 1.079E-008  порог 2.379E-008  НИЖЕ ПОРОГА
    1090.17 = 244.70+121.78+719.35  Eu-152    площадь 1.064E-008  порог 2.379E-008  НИЖЕ ПОРОГА
    1238.19 = 244.70+121.78+867.38  Eu-152    площадь 5.582E-007  порог 2.379E-008  проходит
    1297.12 = 244.70+121.78+926.32  Eu-152    площадь 3.435E-008  порог 2.379E-008  проходит
    1376.08 = 244.70+121.78+1005.27  Eu-152    площадь 7.387E-008  порог 2.379E-008  проходит
    1583.76 = 244.70+121.78+1212.94  Eu-152    площадь 1.360E-007  порог 2.379E-008  проходит
     411.44 = 244.70+121.78+39.52  Eu-152    площадь 7.188E-007  порог 2.379E-008  проходит
     412.04 = 244.70+121.78+40.12  Eu-152    площадь 1.318E-006  порог 2.379E-008  проходит
     417.48 = 244.70+121.78+45.52  Eu-152    площадь 4.531E-007  порог 2.379E-008  проходит
     418.53 = 244.70+121.78+46.58  Eu-152    площадь 1.190E-007  порог 2.379E-008  проходит
     881.89 = 244.70+121.78+511.00  Eu-152    площадь 1.229E-009  порог 2.379E-008  НИЖЕ ПОРОГА
     700.49 = 244.70+121.78+329.43  Eu-152    площадь 4.293E-008  порог 2.379E-008  проходит
     937.30 = 244.70+121.78+566.43  Eu-152    площадь 2.590E-008  порог 2.379E-008  проходит
    1059.50 = 244.70+121.78+688.67  Eu-152    площадь 0.000E+000  порог 2.379E-008  НИЖЕ ПОРОГА
    1212.38 = 244.70+121.78+841.57  Eu-152    площадь 0.000E+000  порог 2.379E-008  НИЖЕ ПОРОГА
    1290.14 = 244.70+121.78+919.33  Eu-152    площадь 1.057E-008  порог 2.379E-008  НИЖЕ ПОРОГА
    1334.89 = 244.70+121.78+964.08  Eu-152    площадь 0.000E+000  порог 2.379E-008  НИЖЕ ПОРОГА
    1482.88 = 244.70+121.78+1112.07  Eu-152    площадь 0.000E+000  порог 2.379E-008  НИЖЕ ПОРОГА
    1620.75 = 244.70+121.78+1249.93  Eu-152    площадь 1.749E-008  порог 2.379E-008  НИЖЕ ПОРОГА
    1778.84 = 244.70+121.78+1408.01  Eu-152    площадь 0.000E+000  порог 2.379E-008  НИЖЕ ПОРОГА
    1828.48 = 244.70+121.78+1457.64  Eu-152    площадь 0.000E+000  порог 2.379E-008  НИЖЕ ПОРОГА
    1898.95 = 244.70+121.78+1528.10  Eu-152    площадь 0.000E+000  порог 2.379E-008  НИЖЕ ПОРОГА
     667.06 = 295.94+121.78+244.70  Eu-152    площадь 3.928E-008  порог 2.379E-008  проходит
    1289.30 = 295.94+121.78+867.38  Eu-152    площадь 1.332E-008  порог 2.379E-008  НИЖЕ ПОРОГА
    1534.00 = 295.94+121.78+1112.07  Eu-152    площадь 3.398E-008  порог 2.379E-008  проходит
     462.61 = 295.94+121.78+39.52  Eu-152    площадь 3.758E-008  порог 2.379E-008  проходит
     463.20 = 295.94+121.78+40.12  Eu-152    площадь 6.890E-008  порог 2.379E-008  проходит
     468.64 = 295.94+121.78+45.52  Eu-152    площадь 2.369E-008  порог 2.379E-008  НИЖЕ ПОРОГА
     469.69 = 295.94+121.78+46.58  Eu-152    площадь 6.219E-009  порог 2.379E-008  НИЖЕ ПОРОГА
     751.61 = 295.94+121.78+329.43  Eu-152    площадь 0.000E+000  порог 2.379E-008  НИЖЕ ПОРОГА
     838.13 = 295.94+121.78+416.05  Eu-152    площадь 0.000E+000  порог 2.379E-008  НИЖЕ ПОРОГА
     866.02 = 295.94+121.78+443.96  Eu-152    площадь 4.218E-012  порог 2.379E-008  НИЖЕ ПОРОГА
     866.02 = 295.94+121.78+443.97  Eu-152    площадь 4.218E-012  порог 2.379E-008  НИЖЕ ПОРОГА
     910.70 = 295.94+121.78+488.68  Eu-152    площадь 0.000E+000  порог 2.379E-008  НИЖЕ ПОРОГА
     985.97 = 295.94+121.78+563.99  Eu-152    площадь 0.000E+000  порог 2.379E-008  НИЖЕ ПОРОГА
     988.41 = 295.94+121.78+566.43  Eu-152    площадь 0.000E+000  порог 2.379E-008  НИЖЕ ПОРОГА
    1078.43 = 295.94+121.78+656.49  Eu-152    площадь 9.938E-012  порог 2.379E-008  НИЖЕ ПОРОГА
    1096.62 = 295.94+121.78+674.68  Eu-152    площадь 0.000E+000  порог 2.379E-008  НИЖЕ ПОРОГА
    1110.61 = 295.94+121.78+688.67  Eu-152    площадь 7.803E-012  порог 2.379E-008  НИЖЕ ПОРОГА
    1141.29 = 295.94+121.78+719.35  Eu-152    площадь 1.219E-012  порог 2.379E-008  НИЖЕ ПОРОГА
    1263.49 = 295.94+121.78+841.57  Eu-152    площадь 0.000E+000  порог 2.379E-008  НИЖЕ ПОРОГА
    1341.26 = 295.94+121.78+919.33  Eu-152    площадь 0.000E+000  порог 2.379E-008  НИЖЕ ПОРОГА
    1348.24 = 295.94+121.78+926.32  Eu-152    площадь 0.000E+000  порог 2.379E-008  НИЖЕ ПОРОГА
    1386.00 = 295.94+121.78+964.08  Eu-152    площадь 5.332E-011  порог 2.379E-008  НИЖЕ ПОРОГА
    1427.20 = 295.94+121.78+1005.27  Eu-152    площадь 0.000E+000  порог 2.379E-008  НИЖЕ ПОРОГА
    1634.88 = 295.94+121.78+1212.94  Eu-152    площадь 0.000E+000  порог 2.379E-008  НИЖЕ ПОРОГА
    1671.87 = 295.94+121.78+1249.93  Eu-152    площадь 0.000E+000  порог 2.379E-008  НИЖЕ ПОРОГА
    1829.96 = 295.94+121.78+1408.01  Eu-152    площадь 0.000E+000  порог 2.379E-008  НИЖЕ ПОРОГА
    1879.61 = 295.94+121.78+1457.64  Eu-152    площадь 0.000E+000  порог 2.379E-008  НИЖЕ ПОРОГА
    1950.07 = 295.94+121.78+1528.10  Eu-152    площадь 0.000E+000  порог 2.379E-008  НИЖЕ ПОРОГА
     933.01 = 295.94+121.78+511.00  Eu-152    площадь 4.320E-011  порог 2.379E-008  НИЖЕ ПОРОГА
     667.06 = 295.94+244.70+121.78  Eu-152    площадь 3.933E-008  порог 2.379E-008  проходит
    1411.72 = 295.94+244.70+867.38  Eu-152    площадь 2.011E-008  порог 2.379E-008  НИЖЕ ПОРОГА
    1656.43 = 295.94+244.70+1112.07  Eu-152    площадь 0.000E+000  порог 2.379E-008  НИЖЕ ПОРОГА
     585.09 = 295.94+244.70+39.52  Eu-152    площадь 1.816E-008  порог 2.379E-008  НИЖЕ ПОРОГА
     585.69 = 295.94+244.70+40.12  Eu-152    площадь 3.330E-008  порог 2.379E-008  проходит
     591.13 = 295.94+244.70+45.52  Eu-152    площадь 1.144E-008  порог 2.379E-008  НИЖЕ ПОРОГА
     592.18 = 295.94+244.70+46.58  Eu-152    площадь 3.005E-009  порог 2.379E-008  НИЖЕ ПОРОГА
     960.55 = 295.94+244.70+416.05  Eu-152    площадь 0.000E+000  порог 2.379E-008  НИЖЕ ПОРОГА
     988.44 = 295.94+244.70+443.96  Eu-152    площадь 6.367E-012  порог 2.379E-008  НИЖЕ ПОРОГА
     988.44 = 295.94+244.70+443.97  Eu-152    площадь 6.367E-012  порог 2.379E-008  НИЖЕ ПОРОГА
    1033.12 = 295.94+244.70+488.68  Eu-152    площадь 0.000E+000  порог 2.379E-008  НИЖЕ ПОРОГА
    1108.39 = 295.94+244.70+563.99  Eu-152    площадь 0.000E+000  порог 2.379E-008  НИЖЕ ПОРОГА
    1200.85 = 295.94+244.70+656.49  Eu-152    площадь 1.500E-011  порог 2.379E-008  НИЖЕ ПОРОГА
    1219.04 = 295.94+244.70+674.68  Eu-152    площадь 0.000E+000  порог 2.379E-008  НИЖЕ ПОРОГА
    1263.70 = 295.94+244.70+719.35  Eu-152    площадь 1.840E-012  порог 2.379E-008  НИЖЕ ПОРОГА
    1470.66 = 295.94+244.70+926.32  Eu-152    площадь 0.000E+000  порог 2.379E-008  НИЖЕ ПОРОГА
    1549.62 = 295.94+244.70+1005.27  Eu-152    площадь 0.000E+000  порог 2.379E-008  НИЖЕ ПОРОГА
    1757.31 = 295.94+244.70+1212.94  Eu-152    площадь 0.000E+000  порог 2.379E-008  НИЖЕ ПОРОГА
    1055.43 = 295.94+244.70+511.00  Eu-152    площадь 2.249E-011  порог 2.379E-008  НИЖЕ ПОРОГА
    1289.30 = 295.94+867.38+121.78  Eu-152    площадь 1.335E-008  порог 2.379E-008  НИЖЕ ПОРОГА
    1411.72 = 295.94+867.38+244.70  Eu-152    площадь 2.013E-008  порог 2.379E-008  НИЖЕ ПОРОГА
    2278.77 = 295.94+867.38+1112.07  Eu-152    площадь 0.000E+000  порог 2.379E-008  НИЖЕ ПОРОГА
    1207.36 = 295.94+867.38+39.52  Eu-152    площадь 6.541E-009  порог 2.379E-008  НИЖЕ ПОРОГА
    1207.96 = 295.94+867.38+40.12  Eu-152    площадь 1.200E-008  порог 2.379E-008  НИЖЕ ПОРОГА
    1213.39 = 295.94+867.38+45.52  Eu-152    площадь 4.123E-009  порог 2.379E-008  НИЖЕ ПОРОГА
    1214.45 = 295.94+867.38+46.58  Eu-152    площадь 1.083E-009  порог 2.379E-008  НИЖЕ ПОРОГА
    1582.78 = 295.94+867.38+416.05  Eu-152    площадь 0.000E+000  порог 2.379E-008  НИЖЕ ПОРОГА
    1534.00 = 295.94+1112.07+121.78  Eu-152    площадь 3.402E-008  порог 2.379E-008  проходит
    1656.43 = 295.94+1112.07+244.70  Eu-152    площадь 0.000E+000  порог 2.379E-008  НИЖЕ ПОРОГА
    2278.77 = 295.94+1112.07+867.38  Eu-152    площадь 0.000E+000  порог 2.379E-008  НИЖЕ ПОРОГА
    1452.06 = 295.94+1112.07+39.52  Eu-152    площадь 1.566E-008  порог 2.379E-008  НИЖЕ ПОРОГА
    1452.66 = 295.94+1112.07+40.12  Eu-152    площадь 2.872E-008  порог 2.379E-008  проходит
    1458.09 = 295.94+1112.07+45.52  Eu-152    площадь 9.874E-009  порог 2.379E-008  НИЖЕ ПОРОГА
    1459.14 = 295.94+1112.07+46.58  Eu-152    площадь 2.592E-009  порог 2.379E-008  НИЖЕ ПОРОГА
    1827.50 = 295.94+1112.07+416.05  Eu-152    площадь 0.000E+000  порог 2.379E-008  НИЖЕ ПОРОГА
    1296.92 = 329.43+121.78+841.57  Eu-152    площадь 8.371E-009  порог 2.379E-008  НИЖЕ ПОРОГА
    1418.74 = 329.43+121.78+963.39  Eu-152    площадь 0.000E+000  порог 2.379E-008  НИЖЕ ПОРОГА
     700.49 = 329.43+121.78+244.70  Eu-152    площадь 6.496E-013  порог 2.379E-008  НИЖЕ ПОРОГА
     751.61 = 329.43+121.78+295.94  Eu-152    площадь 0.000E+000  порог 2.379E-008  НИЖЕ ПОРОГА
     871.55 = 329.43+121.78+416.05  Eu-152    площадь 0.000E+000  порог 2.379E-008  НИЖЕ ПОРОГА
     899.44 = 329.43+121.78+443.96  Eu-152    площадь 4.240E-013  порог 2.379E-008  НИЖЕ ПОРОГА
     899.45 = 329.43+121.78+443.97  Eu-152    площадь 4.240E-013  порог 2.379E-008  НИЖЕ ПОРОГА
     944.13 = 329.43+121.78+488.68  Eu-152    площадь 0.000E+000  порог 2.379E-008  НИЖЕ ПОРОГА
    1019.40 = 329.43+121.78+563.99  Eu-152    площадь 0.000E+000  порог 2.379E-008  НИЖЕ ПОРОГА
    1021.83 = 329.43+121.78+566.43  Eu-152    площадь 0.000E+000  порог 2.379E-008  НИЖЕ ПОРОГА
    1111.86 = 329.43+121.78+656.49  Eu-152    площадь 0.000E+000  порог 2.379E-008  НИЖЕ ПОРОГА
    1130.04 = 329.43+121.78+674.68  Eu-152    площадь 0.000E+000  порог 2.379E-008  НИЖЕ ПОРОГА
    1144.04 = 329.43+121.78+688.67  Eu-152    площадь 7.844E-013  порог 2.379E-008  НИЖЕ ПОРОГА
    1174.71 = 329.43+121.78+719.35  Eu-152    площадь 0.000E+000  порог 2.379E-008  НИЖЕ ПОРОГА
    1322.73 = 329.43+121.78+867.38  Eu-152    площадь 0.000E+000  порог 2.379E-008  НИЖЕ ПОРОГА
    1374.68 = 329.43+121.78+919.33  Eu-152    площадь 0.000E+000  порог 2.379E-008  НИЖЕ ПОРОГА
    1381.67 = 329.43+121.78+926.32  Eu-152    площадь 0.000E+000  порог 2.379E-008  НИЖЕ ПОРОГА
    1419.43 = 329.43+121.78+964.08  Eu-152    площадь 0.000E+000  порог 2.379E-008  НИЖЕ ПОРОГА
    1460.62 = 329.43+121.78+1005.27  Eu-152    площадь 0.000E+000  порог 2.379E-008  НИЖЕ ПОРОГА
    1567.43 = 329.43+121.78+1112.07  Eu-152    площадь 0.000E+000  порог 2.379E-008  НИЖЕ ПОРОГА
    1668.31 = 329.43+121.78+1212.94  Eu-152    площадь 0.000E+000  порог 2.379E-008  НИЖЕ ПОРОГА
    1705.30 = 329.43+121.78+1249.93  Eu-152    площадь 0.000E+000  порог 2.379E-008  НИЖЕ ПОРОГА
    1863.39 = 329.43+121.78+1408.01  Eu-152    площадь 0.000E+000  порог 2.379E-008  НИЖЕ ПОРОГА
    1913.04 = 329.43+121.78+1457.64  Eu-152    площадь 0.000E+000  порог 2.379E-008  НИЖЕ ПОРОГА
    1983.50 = 329.43+121.78+1528.10  Eu-152    площадь 0.000E+000  порог 2.379E-008  НИЖЕ ПОРОГА
     496.05 = 329.43+121.78+39.52  Eu-152    площадь 5.353E-009  порог 2.379E-008  НИЖЕ ПОРОГА
     496.65 = 329.43+121.78+40.12  Eu-152    площадь 9.817E-009  порог 2.379E-008  НИЖЕ ПОРОГА
     502.08 = 329.43+121.78+45.52  Eu-152    площадь 3.375E-009  порог 2.379E-008  НИЖЕ ПОРОГА
     503.14 = 329.43+121.78+46.58  Eu-152    площадь 8.860E-010  порог 2.379E-008  НИЖЕ ПОРОГА
     966.43 = 329.43+121.78+511.00  Eu-152    площадь 6.209E-012  порог 2.379E-008  НИЖЕ ПОРОГА
    1296.92 = 329.43+841.57+121.78  Eu-152    площадь 8.406E-009  порог 2.379E-008  НИЖЕ ПОРОГА
    2137.66 = 329.43+841.57+963.39  Eu-152    площадь 0.000E+000  порог 2.379E-008  НИЖЕ ПОРОГА
    1740.69 = 329.43+841.57+566.43  Eu-152    площадь 0.000E+000  порог 2.379E-008  НИЖЕ ПОРОГА
    1418.74 = 329.43+963.39+121.78  Eu-152    площадь 0.000E+000  порог 2.379E-008  НИЖЕ ПОРОГА
    2137.66 = 329.43+963.39+841.57  Eu-152    площадь 0.000E+000  порог 2.379E-008  НИЖЕ ПОРОГА
    1862.53 = 329.43+963.39+566.43  Eu-152    площадь 0.000E+000  порог 2.379E-008  НИЖЕ ПОРОГА
    1126.73 = 367.79+344.28+411.12  Eu-152    площадь 2.278E-007  порог 2.379E-008  проходит
     759.73 = 367.79+344.28+43.00  Eu-152    площадь 6.152E-009  порог 2.379E-008  НИЖЕ ПОРОГА
    1219.01 = 367.79+344.28+503.47  Eu-152    площадь 0.000E+000  порог 2.379E-008  НИЖЕ ПОРОГА
    1301.76 = 367.79+344.28+586.27  Eu-152    площадь 0.000E+000  порог 2.379E-008  НИЖЕ ПОРОГА
    1390.15 = 367.79+344.28+674.68  Eu-152    площадь 0.000E+000  порог 2.379E-008  НИЖЕ ПОРОГА
    1394.09 = 367.79+344.28+678.62  Eu-152    площадь 0.000E+000  порог 2.379E-008  НИЖЕ ПОРОГА
    1480.36 = 367.79+344.28+764.90  Eu-152    площадь 0.000E+000  порог 2.379E-008  НИЖЕ ПОРОГА
    1494.37 = 367.79+344.28+778.90  Eu-152    площадь 0.000E+000  порог 2.379E-008  НИЖЕ ПОРОГА
    1805.21 = 367.79+344.28+1089.73  Eu-152    площадь 0.000E+000  порог 2.379E-008  НИЖЕ ПОРОГА
    2014.65 = 367.79+344.28+1299.14  Eu-152    площадь 0.000E+000  порог 2.379E-008  НИЖЕ ПОРОГА
    1126.73 = 367.79+411.12+344.28  Eu-152    площадь 2.280E-007  порог 2.379E-008  проходит
     826.49 = 367.79+411.12+43.00  Eu-152    площадь 8.523E-009  порог 2.379E-008  НИЖЕ ПОРОГА
    1460.85 = 367.79+411.12+678.62  Eu-152    площадь 0.000E+000  порог 2.379E-008  НИЖЕ ПОРОГА
    1126.73 = 411.12+344.28+367.79  Eu-152    площадь 2.282E-007  порог 2.379E-008  проходит
    1437.37 = 411.12+344.28+678.62  Eu-152    площадь 6.798E-008  порог 2.379E-008  проходит
     803.01 = 411.12+344.28+43.00  Eu-152    площадь 3.259E-009  порог 2.379E-008  НИЖЕ ПОРОГА
    1262.29 = 411.12+344.28+503.47  Eu-152    площадь 8.267E-011  порог 2.379E-008  НИЖЕ ПОРОГА
    1345.04 = 411.12+344.28+586.27  Eu-152    площадь 0.000E+000  порог 2.379E-008  НИЖЕ ПОРОГА
    1433.42 = 411.12+344.28+674.68  Eu-152    площадь 7.117E-011  порог 2.379E-008  НИЖЕ ПОРОГА
    1523.64 = 411.12+344.28+764.90  Eu-152    площадь 0.000E+000  порог 2.379E-008  НИЖЕ ПОРОГА
    1537.64 = 411.12+344.28+778.90  Eu-152    площадь 0.000E+000  порог 2.379E-008  НИЖЕ ПОРОГА
    1848.49 = 411.12+344.28+1089.73  Eu-152    площадь 0.000E+000  порог 2.379E-008  НИЖЕ ПОРОГА
    2057.94 = 411.12+344.28+1299.14  Eu-152    площадь 0.000E+000  порог 2.379E-008  НИЖЕ ПОРОГА
     787.01 = 416.05+121.78+244.70  Eu-152    площадь 7.102E-009  порог 2.379E-008  НИЖЕ ПОРОГА
    1409.24 = 416.05+121.78+867.38  Eu-152    площадь 2.409E-009  порог 2.379E-008  НИЖЕ ПОРОГА
    1653.94 = 416.05+121.78+1112.07  Eu-152    площадь 6.143E-009  порог 2.379E-008  НИЖЕ ПОРОГА
     838.13 = 416.05+121.78+295.94  Eu-152    площадь 0.000E+000  порог 2.379E-008  НИЖЕ ПОРОГА
     871.55 = 416.05+121.78+329.43  Eu-152    площадь 0.000E+000  порог 2.379E-008  НИЖЕ ПОРОГА
     985.95 = 416.05+121.78+443.96  Eu-152    площадь 7.626E-013  порог 2.379E-008  НИЖЕ ПОРОГА
     985.96 = 416.05+121.78+443.97  Eu-152    площадь 7.626E-013  порог 2.379E-008  НИЖЕ ПОРОГА
    1030.64 = 416.05+121.78+488.68  Eu-152    площадь 0.000E+000  порог 2.379E-008  НИЖЕ ПОРОГА
    1105.90 = 416.05+121.78+563.99  Eu-152    площадь 0.000E+000  порог 2.379E-008  НИЖЕ ПОРОГА
    1108.34 = 416.05+121.78+566.43  Eu-152    площадь 0.000E+000  порог 2.379E-008  НИЖЕ ПОРОГА
    1198.37 = 416.05+121.78+656.49  Eu-152    площадь 1.797E-012  порог 2.379E-008  НИЖЕ ПОРОГА
    1216.55 = 416.05+121.78+674.68  Eu-152    площадь 0.000E+000  порог 2.379E-008  НИЖЕ ПОРОГА
    1230.55 = 416.05+121.78+688.67  Eu-152    площадь 1.411E-012  порог 2.379E-008  НИЖЕ ПОРОГА
    1261.22 = 416.05+121.78+719.35  Eu-152    площадь 2.204E-013  порог 2.379E-008  НИЖЕ ПОРОГА
    1383.43 = 416.05+121.78+841.57  Eu-152    площадь 0.000E+000  порог 2.379E-008  НИЖЕ ПОРОГА
    1461.19 = 416.05+121.78+919.33  Eu-152    площадь 0.000E+000  порог 2.379E-008  НИЖЕ ПОРОГА
    1468.18 = 416.05+121.78+926.32  Eu-152    площадь 0.000E+000  порог 2.379E-008  НИЖЕ ПОРОГА
    1505.94 = 416.05+121.78+964.08  Eu-152    площадь 9.641E-012  порог 2.379E-008  НИЖЕ ПОРОГА
    1547.14 = 416.05+121.78+1005.27  Eu-152    площадь 0.000E+000  порог 2.379E-008  НИЖЕ ПОРОГА
    1754.82 = 416.05+121.78+1212.94  Eu-152    площадь 0.000E+000  порог 2.379E-008  НИЖЕ ПОРОГА
    1791.82 = 416.05+121.78+1249.93  Eu-152    площадь 0.000E+000  порог 2.379E-008  НИЖЕ ПОРОГА
    1949.91 = 416.05+121.78+1408.01  Eu-152    площадь 0.000E+000  порог 2.379E-008  НИЖЕ ПОРОГА
    1999.56 = 416.05+121.78+1457.64  Eu-152    площадь 0.000E+000  порог 2.379E-008  НИЖЕ ПОРОГА
    2070.03 = 416.05+121.78+1528.10  Eu-152    площадь 0.000E+000  порог 2.379E-008  НИЖЕ ПОРОГА
     582.61 = 416.05+121.78+39.52  Eu-152    площадь 6.735E-009  порог 2.379E-008  НИЖЕ ПОРОГА
     583.21 = 416.05+121.78+40.12  Eu-152    площадь 1.235E-008  порог 2.379E-008  НИЖЕ ПОРОГА
     588.64 = 416.05+121.78+45.52  Eu-152    площадь 4.245E-009  порог 2.379E-008  НИЖЕ ПОРОГА
     589.69 = 416.05+121.78+46.58  Eu-152    площадь 1.115E-009  порог 2.379E-008  НИЖЕ ПОРОГА
    1052.94 = 416.05+121.78+511.00  Eu-152    площадь 7.811E-012  порог 2.379E-008  НИЖЕ ПОРОГА
     787.01 = 416.05+244.70+121.78  Eu-152    площадь 7.069E-009  порог 2.379E-008  НИЖЕ ПОРОГА
    1531.66 = 416.05+244.70+867.38  Eu-152    площадь 3.614E-009  порог 2.379E-008  НИЖЕ ПОРОГА
    1776.37 = 416.05+244.70+1112.07  Eu-152    площадь 0.000E+000  порог 2.379E-008  НИЖЕ ПОРОГА
     960.55 = 416.05+244.70+295.94  Eu-152    площадь 0.000E+000  порог 2.379E-008  НИЖЕ ПОРОГА
    1108.37 = 416.05+244.70+443.96  Eu-152    площадь 1.144E-012  порог 2.379E-008  НИЖЕ ПОРОГА
    1108.37 = 416.05+244.70+443.97  Eu-152    площадь 1.144E-012  порог 2.379E-008  НИЖЕ ПОРОГА
    1153.05 = 416.05+244.70+488.68  Eu-152    площадь 0.000E+000  порог 2.379E-008  НИЖЕ ПОРОГА
    1228.32 = 416.05+244.70+563.99  Eu-152    площадь 0.000E+000  порог 2.379E-008  НИЖЕ ПОРОГА
    1320.79 = 416.05+244.70+656.49  Eu-152    площадь 2.696E-012  порог 2.379E-008  НИЖЕ ПОРОГА
    1338.97 = 416.05+244.70+674.68  Eu-152    площадь 0.000E+000  порог 2.379E-008  НИЖЕ ПОРОГА
    1383.64 = 416.05+244.70+719.35  Eu-152    площадь 3.307E-013  порог 2.379E-008  НИЖЕ ПОРОГА
    1590.60 = 416.05+244.70+926.32  Eu-152    площадь 0.000E+000  порог 2.379E-008  НИЖЕ ПОРОГА
    1669.57 = 416.05+244.70+1005.27  Eu-152    площадь 0.000E+000  порог 2.379E-008  НИЖЕ ПОРОГА
    1877.26 = 416.05+244.70+1212.94  Eu-152    площадь 0.000E+000  порог 2.379E-008  НИЖЕ ПОРОГА
     705.06 = 416.05+244.70+39.52  Eu-152    площадь 3.264E-009  порог 2.379E-008  НИЖЕ ПОРОГА
     705.66 = 416.05+244.70+40.12  Eu-152    площадь 5.985E-009  порог 2.379E-008  НИЖЕ ПОРОГА
     711.09 = 416.05+244.70+45.52  Eu-152    площадь 2.057E-009  порог 2.379E-008  НИЖЕ ПОРОГА
     712.14 = 416.05+244.70+46.58  Eu-152    площадь 5.402E-010  порог 2.379E-008  НИЖЕ ПОРОГА
    1175.36 = 416.05+244.70+511.00  Eu-152    площадь 4.041E-012  порог 2.379E-008  НИЖЕ ПОРОГА
    1409.24 = 416.05+867.38+121.78  Eu-152    площадь 2.404E-009  порог 2.379E-008  НИЖЕ ПОРОГА
    1531.66 = 416.05+867.38+244.70  Eu-152    площадь 3.624E-009  порог 2.379E-008  НИЖЕ ПОРОГА
    2398.74 = 416.05+867.38+1112.07  Eu-152    площадь 0.000E+000  порог 2.379E-008  НИЖЕ ПОРОГА
    1582.78 = 416.05+867.38+295.94  Eu-152    площадь 0.000E+000  порог 2.379E-008  НИЖЕ ПОРОГА
    1327.30 = 416.05+867.38+39.52  Eu-152    площадь 1.178E-009  порог 2.379E-008  НИЖЕ ПОРОГА
    1327.90 = 416.05+867.38+40.12  Eu-152    площадь 2.161E-009  порог 2.379E-008  НИЖЕ ПОРОГА
    1333.33 = 416.05+867.38+45.52  Eu-152    площадь 7.427E-010  порог 2.379E-008  НИЖЕ ПОРОГА
    1334.38 = 416.05+867.38+46.58  Eu-152    площадь 1.950E-010  порог 2.379E-008  НИЖЕ ПОРОГА
    1653.94 = 416.05+1112.07+121.78  Eu-152    площадь 6.173E-009  порог 2.379E-008  НИЖЕ ПОРОГА
    1776.37 = 416.05+1112.07+244.70  Eu-152    площадь 0.000E+000  порог 2.379E-008  НИЖЕ ПОРОГА
    2398.74 = 416.05+1112.07+867.38  Eu-152    площадь 0.000E+000  порог 2.379E-008  НИЖЕ ПОРОГА
    1827.50 = 416.05+1112.07+295.94  Eu-152    площадь 0.000E+000  порог 2.379E-008  НИЖЕ ПОРОГА
    1572.00 = 416.05+1112.07+39.52  Eu-152    площадь 2.844E-009  порог 2.379E-008  НИЖЕ ПОРОГА
    1572.60 = 416.05+1112.07+40.12  Eu-152    площадь 5.214E-009  порог 2.379E-008  НИЖЕ ПОРОГА
    1578.03 = 416.05+1112.07+45.52  Eu-152    площадь 1.792E-009  порог 2.379E-008  НИЖЕ ПОРОГА
    1579.08 = 416.05+1112.07+46.58  Eu-152    площадь 4.706E-010  порог 2.379E-008  НИЖЕ ПОРОГА
     814.90 = 443.96+121.78+244.70  Eu-152    площадь 8.396E-008  порог 2.379E-008  проходит
    1289.11 = 443.96+121.78+719.35  Eu-152    площадь 6.950E-009  порог 2.379E-008  НИЖЕ ПОРОГА
     610.51 = 443.96+121.78+39.52  Eu-152    площадь 2.019E-008  порог 2.379E-008  НИЖЕ ПОРОГА
     611.10 = 443.96+121.78+40.12  Eu-152    площадь 3.703E-008  порог 2.379E-008  проходит
     616.54 = 443.96+121.78+45.52  Eu-152    площадь 1.273E-008  порог 2.379E-008  НИЖЕ ПОРОГА
     617.59 = 443.96+121.78+46.58  Eu-152    площадь 3.342E-009  порог 2.379E-008  НИЖЕ ПОРОГА
     866.02 = 443.96+121.78+295.94  Eu-152    площадь 4.224E-012  порог 2.379E-008  НИЖЕ ПОРОГА
     899.44 = 443.96+121.78+329.43  Eu-152    площадь 1.031E-012  порог 2.379E-008  НИЖЕ ПОРОГА
     985.95 = 443.96+121.78+416.05  Eu-152    площадь 7.625E-013  порог 2.379E-008  НИЖЕ ПОРОГА
    1058.53 = 443.96+121.78+488.68  Eu-152    площадь 0.000E+000  порог 2.379E-008  НИЖЕ ПОРОГА
    1133.79 = 443.96+121.78+563.99  Eu-152    площадь 1.208E-010  порог 2.379E-008  НИЖЕ ПОРОГА
    1136.23 = 443.96+121.78+566.43  Eu-152    площадь 2.525E-013  порог 2.379E-008  НИЖЕ ПОРОГА
    1226.26 = 443.96+121.78+656.49  Eu-152    площадь 0.000E+000  порог 2.379E-008  НИЖЕ ПОРОГА
    1244.44 = 443.96+121.78+674.68  Eu-152    площадь 0.000E+000  порог 2.379E-008  НИЖЕ ПОРОГА
    1258.44 = 443.96+121.78+688.67  Eu-152    площадь 0.000E+000  порог 2.379E-008  НИЖЕ ПОРОГА
    1411.32 = 443.96+121.78+841.57  Eu-152    площадь 0.000E+000  порог 2.379E-008  НИЖЕ ПОРОГА
    1437.13 = 443.96+121.78+867.38  Eu-152    площадь 0.000E+000  порог 2.379E-008  НИЖЕ ПОРОГА
    1489.08 = 443.96+121.78+919.33  Eu-152    площадь 6.906E-009  порог 2.379E-008  НИЖЕ ПОРОГА
    1496.07 = 443.96+121.78+926.32  Eu-152    площадь 0.000E+000  порог 2.379E-008  НИЖЕ ПОРОГА
    1533.83 = 443.96+121.78+964.08  Eu-152    площадь 0.000E+000  порог 2.379E-008  НИЖЕ ПОРОГА
    1575.03 = 443.96+121.78+1005.27  Eu-152    площадь 0.000E+000  порог 2.379E-008  НИЖЕ ПОРОГА
    1681.84 = 443.96+121.78+1112.07  Eu-152    площадь 0.000E+000  порог 2.379E-008  НИЖЕ ПОРОГА
    1782.72 = 443.96+121.78+1212.94  Eu-152    площадь 0.000E+000  порог 2.379E-008  НИЖЕ ПОРОГА
    1819.71 = 443.96+121.78+1249.93  Eu-152    площадь 0.000E+000  порог 2.379E-008  НИЖЕ ПОРОГА
    1977.81 = 443.96+121.78+1408.01  Eu-152    площадь 0.000E+000  порог 2.379E-008  НИЖЕ ПОРОГА
    2027.45 = 443.96+121.78+1457.64  Eu-152    площадь 0.000E+000  порог 2.379E-008  НИЖЕ ПОРОГА
    2097.93 = 443.96+121.78+1528.10  Eu-152    площадь 0.000E+000  порог 2.379E-008  НИЖЕ ПОРОГА
    1080.83 = 443.96+121.78+511.00  Eu-152    площадь 2.183E-011  порог 2.379E-008  НИЖЕ ПОРОГА
     814.90 = 443.96+244.70+121.78  Eu-152    площадь 8.361E-008  порог 2.379E-008  проходит
    1411.53 = 443.96+244.70+719.35  Eu-152    площадь 1.044E-008  порог 2.379E-008  НИЖЕ ПОРОГА
     732.95 = 443.96+244.70+39.52  Eu-152    площадь 3.850E-008  порог 2.379E-008  проходит
     733.55 = 443.96+244.70+40.12  Eu-152    площадь 7.061E-008  порог 2.379E-008  проходит
     738.98 = 443.96+244.70+45.52  Eu-152    площадь 2.427E-008  порог 2.379E-008  проходит
     740.04 = 443.96+244.70+46.58  Eu-152    площадь 6.372E-009  порог 2.379E-008  НИЖЕ ПОРОГА
     988.44 = 443.96+244.70+295.94  Eu-152    площадь 6.342E-012  порог 2.379E-008  НИЖЕ ПОРОГА
    1108.37 = 443.96+244.70+416.05  Eu-152    площадь 1.145E-012  порог 2.379E-008  НИЖЕ ПОРОГА
    1180.94 = 443.96+244.70+488.68  Eu-152    площадь 0.000E+000  порог 2.379E-008  НИЖЕ ПОРОГА
    1256.21 = 443.96+244.70+563.99  Eu-152    площадь 1.813E-010  порог 2.379E-008  НИЖЕ ПОРОГА
    1348.68 = 443.96+244.70+656.49  Eu-152    площадь 0.000E+000  порог 2.379E-008  НИЖЕ ПОРОГА
    1366.86 = 443.96+244.70+674.68  Eu-152    площадь 0.000E+000  порог 2.379E-008  НИЖЕ ПОРОГА
    1559.55 = 443.96+244.70+867.38  Eu-152    площадь 0.000E+000  порог 2.379E-008  НИЖЕ ПОРОГА
    1618.49 = 443.96+244.70+926.32  Eu-152    площадь 0.000E+000  порог 2.379E-008  НИЖЕ ПОРОГА
    1697.46 = 443.96+244.70+1005.27  Eu-152    площадь 0.000E+000  порог 2.379E-008  НИЖЕ ПОРОГА
    1905.15 = 443.96+244.70+1212.94  Eu-152    площадь 0.000E+000  порог 2.379E-008  НИЖЕ ПОРОГА
    1203.25 = 443.96+244.70+511.00  Eu-152    площадь 4.780E-011  порог 2.379E-008  НИЖЕ ПОРОГА
     814.90 = 443.97+121.78+244.70  Eu-152    площадь 7.495E-009  порог 2.379E-008  НИЖЕ ПОРОГА
    1289.11 = 443.97+121.78+719.35  Eu-152    площадь 2.964E-009  порог 2.379E-008  НИЖЕ ПОРОГА
    1533.84 = 443.97+121.78+964.08  Eu-152    площадь 1.297E-007  порог 2.379E-008  проходит
    1655.63 = 443.97+121.78+1085.86  Eu-152    площадь 0.000E+000  порог 2.379E-008  НИЖЕ ПОРОГА
     610.51 = 443.97+121.78+39.52  Eu-152    площадь 9.543E-008  порог 2.379E-008  проходит
     611.11 = 443.97+121.78+40.12  Eu-152    площадь 1.750E-007  порог 2.379E-008  проходит
     616.54 = 443.97+121.78+45.52  Eu-152    площадь 6.015E-008  порог 2.379E-008  проходит
     617.59 = 443.97+121.78+46.58  Eu-152    площадь 1.579E-008  порог 2.379E-008  НИЖЕ ПОРОГА
     866.02 = 443.97+121.78+295.94  Eu-152    площадь 0.000E+000  порог 2.379E-008  НИЖЕ ПОРОГА
     899.45 = 443.97+121.78+329.43  Eu-152    площадь 0.000E+000  порог 2.379E-008  НИЖЕ ПОРОГА
     985.96 = 443.97+121.78+416.05  Eu-152    площадь 0.000E+000  порог 2.379E-008  НИЖЕ ПОРОГА
    1058.53 = 443.97+121.78+488.68  Eu-152    площадь 0.000E+000  порог 2.379E-008  НИЖЕ ПОРОГА
    1133.80 = 443.97+121.78+563.99  Eu-152    площадь 0.000E+000  порог 2.379E-008  НИЖЕ ПОРОГА
    1136.24 = 443.97+121.78+566.43  Eu-152    площадь 0.000E+000  порог 2.379E-008  НИЖЕ ПОРОГА
    1226.26 = 443.97+121.78+656.49  Eu-152    площадь 0.000E+000  порог 2.379E-008  НИЖЕ ПОРОГА
    1244.45 = 443.97+121.78+674.68  Eu-152    площадь 0.000E+000  порог 2.379E-008  НИЖЕ ПОРОГА
    1258.44 = 443.97+121.78+688.67  Eu-152    площадь 2.649E-010  порог 2.379E-008  НИЖЕ ПОРОГА
    1411.32 = 443.97+121.78+841.57  Eu-152    площадь 0.000E+000  порог 2.379E-008  НИЖЕ ПОРОГА
    1437.13 = 443.97+121.78+867.38  Eu-152    площадь 0.000E+000  порог 2.379E-008  НИЖЕ ПОРОГА
    1489.09 = 443.97+121.78+919.33  Eu-152    площадь 0.000E+000  порог 2.379E-008  НИЖЕ ПОРОГА
    1496.07 = 443.97+121.78+926.32  Eu-152    площадь 0.000E+000  порог 2.379E-008  НИЖЕ ПОРОГА
    1575.03 = 443.97+121.78+1005.27  Eu-152    площадь 0.000E+000  порог 2.379E-008  НИЖЕ ПОРОГА
    1681.84 = 443.97+121.78+1112.07  Eu-152    площадь 0.000E+000  порог 2.379E-008  НИЖЕ ПОРОГА
    1782.72 = 443.97+121.78+1212.94  Eu-152    площадь 0.000E+000  порог 2.379E-008  НИЖЕ ПОРОГА
    1819.72 = 443.97+121.78+1249.93  Eu-152    площадь 0.000E+000  порог 2.379E-008  НИЖЕ ПОРОГА
    1977.81 = 443.97+121.78+1408.01  Eu-152    площадь 0.000E+000  порог 2.379E-008  НИЖЕ ПОРОГА
    2027.46 = 443.97+121.78+1457.64  Eu-152    площадь 0.000E+000  порог 2.379E-008  НИЖЕ ПОРОГА
    2097.93 = 443.97+121.78+1528.10  Eu-152    площадь 0.000E+000  порог 2.379E-008  НИЖЕ ПОРОГА
    1080.84 = 443.97+121.78+511.00  Eu-152    площадь 1.118E-010  порог 2.379E-008  НИЖЕ ПОРОГА
     814.90 = 443.97+244.70+121.78  Eu-152    площадь 7.464E-009  порог 2.379E-008  НИЖЕ ПОРОГА
    1411.54 = 443.97+244.70+719.35  Eu-152    площадь 4.451E-009  порог 2.379E-008  НИЖЕ ПОРОГА
    1656.26 = 443.97+244.70+964.08  Eu-152    площадь 0.000E+000  порог 2.379E-008  НИЖЕ ПОРОГА
    1778.06 = 443.97+244.70+1085.86  Eu-152    площадь 0.000E+000  порог 2.379E-008  НИЖЕ ПОРОГА
     732.96 = 443.97+244.70+39.52  Eu-152    площадь 3.437E-009  порог 2.379E-008  НИЖЕ ПОРОГА
     733.56 = 443.97+244.70+40.12  Eu-152    площадь 6.303E-009  порог 2.379E-008  НИЖЕ ПОРОГА
     738.99 = 443.97+244.70+45.52  Eu-152    площадь 2.166E-009  порог 2.379E-008  НИЖЕ ПОРОГА
     740.04 = 443.97+244.70+46.58  Eu-152    площадь 5.688E-010  порог 2.379E-008  НИЖЕ ПОРОГА
     988.44 = 443.97+244.70+295.94  Eu-152    площадь 0.000E+000  порог 2.379E-008  НИЖЕ ПОРОГА
    1108.37 = 443.97+244.70+416.05  Eu-152    площадь 0.000E+000  порог 2.379E-008  НИЖЕ ПОРОГА
    1180.95 = 443.97+244.70+488.68  Eu-152    площадь 0.000E+000  порог 2.379E-008  НИЖЕ ПОРОГА
    1256.22 = 443.97+244.70+563.99  Eu-152    площадь 0.000E+000  порог 2.379E-008  НИЖЕ ПОРОГА
    1348.68 = 443.97+244.70+656.49  Eu-152    площадь 0.000E+000  порог 2.379E-008  НИЖЕ ПОРОГА
    1366.87 = 443.97+244.70+674.68  Eu-152    площадь 0.000E+000  порог 2.379E-008  НИЖЕ ПОРОГА
    1559.56 = 443.97+244.70+867.38  Eu-152    площадь 0.000E+000  порог 2.379E-008  НИЖЕ ПОРОГА
    1618.50 = 443.97+244.70+926.32  Eu-152    площадь 0.000E+000  порог 2.379E-008  НИЖЕ ПОРОГА
    1697.46 = 443.97+244.70+1005.27  Eu-152    площадь 0.000E+000  порог 2.379E-008  НИЖЕ ПОРОГА
    1905.16 = 443.97+244.70+1212.94  Eu-152    площадь 0.000E+000  порог 2.379E-008  НИЖЕ ПОРОГА
    1203.25 = 443.97+244.70+511.00  Eu-152    площадь 4.267E-012  порог 2.379E-008  НИЖЕ ПОРОГА
    1289.11 = 443.97+719.35+121.78  Eu-152    площадь 2.961E-009  порог 2.379E-008  НИЖЕ ПОРОГА
    1411.54 = 443.97+719.35+244.70  Eu-152    площадь 4.464E-009  порог 2.379E-008  НИЖЕ ПОРОГА
    2130.55 = 443.97+719.35+964.08  Eu-152    площадь 0.000E+000  порог 2.379E-008  НИЖЕ ПОРОГА
    2252.36 = 443.97+719.35+1085.86  Eu-152    площадь 0.000E+000  порог 2.379E-008  НИЖЕ ПОРОГА
    1207.18 = 443.97+719.35+39.52  Eu-152    площадь 1.451E-009  порог 2.379E-008  НИЖЕ ПОРОГА
    1207.77 = 443.97+719.35+40.12  Eu-152    площадь 2.661E-009  порог 2.379E-008  НИЖЕ ПОРОГА
    1213.20 = 443.97+719.35+45.52  Eu-152    площадь 9.145E-010  порог 2.379E-008  НИЖЕ ПОРОГА
    1214.26 = 443.97+719.35+46.58  Eu-152    площадь 2.401E-010  порог 2.379E-008  НИЖЕ ПОРОГА
    1730.45 = 443.97+719.35+563.99  Eu-152    площадь 0.000E+000  порог 2.379E-008  НИЖЕ ПОРОГА
    1855.11 = 443.97+719.35+688.67  Eu-152    площадь 0.000E+000  порог 2.379E-008  НИЖЕ ПОРОГА
    1976.89 = 443.97+719.35+810.45  Eu-152    площадь 0.000E+000  порог 2.379E-008  НИЖЕ ПОРОГА
    1533.84 = 443.97+964.08+121.78  Eu-152    площадь 1.293E-007  порог 2.379E-008  проходит
    1656.26 = 443.97+964.08+244.70  Eu-152    площадь 0.000E+000  порог 2.379E-008  НИЖЕ ПОРОГА
    2130.55 = 443.97+964.08+719.35  Eu-152    площадь 0.000E+000  порог 2.379E-008  НИЖЕ ПОРОГА
    2497.15 = 443.97+964.08+1085.86  Eu-152    площадь 0.000E+000  порог 2.379E-008  НИЖЕ ПОРОГА
    1451.90 = 443.97+964.08+39.52  Eu-152    площадь 5.956E-008  порог 2.379E-008  проходит
    1452.49 = 443.97+964.08+40.12  Eu-152    площадь 1.092E-007  порог 2.379E-008  проходит
    1457.92 = 443.97+964.08+45.52  Eu-152    площадь 3.754E-008  порог 2.379E-008  проходит
    1458.98 = 443.97+964.08+46.58  Eu-152    площадь 9.856E-009  порог 2.379E-008  НИЖЕ ПОРОГА
    1975.20 = 443.97+964.08+563.99  Eu-152    площадь 0.000E+000  порог 2.379E-008  НИЖЕ ПОРОГА
    1655.63 = 443.97+1085.86+121.78  Eu-152    площадь 0.000E+000  порог 2.379E-008  НИЖЕ ПОРОГА
    1778.06 = 443.97+1085.86+244.70  Eu-152    площадь 0.000E+000  порог 2.379E-008  НИЖЕ ПОРОГА
    2252.36 = 443.97+1085.86+719.35  Eu-152    площадь 0.000E+000  порог 2.379E-008  НИЖЕ ПОРОГА
    2497.15 = 443.97+1085.86+964.08  Eu-152    площадь 0.000E+000  порог 2.379E-008  НИЖЕ ПОРОГА
    1573.68 = 443.97+1085.86+39.52  Eu-152    площадь 2.695E-008  порог 2.379E-008  проходит
    1574.28 = 443.97+1085.86+40.12  Eu-152    площадь 4.943E-008  порог 2.379E-008  проходит
    1579.71 = 443.97+1085.86+45.52  Eu-152    площадь 1.699E-008  порог 2.379E-008  НИЖЕ ПОРОГА
    1580.77 = 443.97+1085.86+46.58  Eu-152    площадь 4.461E-009  порог 2.379E-008  НИЖЕ ПОРОГА
    2097.01 = 443.97+1085.86+563.99  Eu-152    площадь 0.000E+000  порог 2.379E-008  НИЖЕ ПОРОГА
     859.59 = 488.68+121.78+244.70  Eu-152    площадь 2.813E-008  порог 2.379E-008  проходит
    1289.13 = 488.68+121.78+674.68  Eu-152    площадь 1.226E-008  порог 2.379E-008  НИЖЕ ПОРОГА
    1533.77 = 488.68+121.78+919.33  Eu-152    площадь 2.240E-008  порог 2.379E-008  НИЖЕ ПОРОГА
     655.20 = 488.68+121.78+39.52  Eu-152    площадь 2.215E-008  порог 2.379E-008  НИЖЕ ПОРОГА
     655.80 = 488.68+121.78+40.12  Eu-152    площадь 4.062E-008  порог 2.379E-008  проходит
     661.23 = 488.68+121.78+45.52  Eu-152    площадь 1.396E-008  порог 2.379E-008  НИЖЕ ПОРОГА
     662.29 = 488.68+121.78+46.58  Eu-152    площадь 3.666E-009  порог 2.379E-008  НИЖЕ ПОРОГА
     910.70 = 488.68+121.78+295.94  Eu-152    площадь 0.000E+000  порог 2.379E-008  НИЖЕ ПОРОГА
     944.13 = 488.68+121.78+329.43  Eu-152    площадь 0.000E+000  порог 2.379E-008  НИЖЕ ПОРОГА
    1030.64 = 488.68+121.78+416.05  Eu-152    площадь 0.000E+000  порог 2.379E-008  НИЖЕ ПОРОГА
    1058.53 = 488.68+121.78+443.96  Eu-152    площадь 0.000E+000  порог 2.379E-008  НИЖЕ ПОРОГА
    1058.53 = 488.68+121.78+443.97  Eu-152    площадь 0.000E+000  порог 2.379E-008  НИЖЕ ПОРОГА
    1178.48 = 488.68+121.78+563.99  Eu-152    площадь 0.000E+000  порог 2.379E-008  НИЖЕ ПОРОГА
    1180.92 = 488.68+121.78+566.43  Eu-152    площадь 0.000E+000  порог 2.379E-008  НИЖЕ ПОРОГА
    1270.94 = 488.68+121.78+656.49  Eu-152    площадь 0.000E+000  порог 2.379E-008  НИЖЕ ПОРОГА
    1303.12 = 488.68+121.78+688.67  Eu-152    площадь 0.000E+000  порог 2.379E-008  НИЖЕ ПОРОГА
    1333.80 = 488.68+121.78+719.35  Eu-152    площадь 0.000E+000  порог 2.379E-008  НИЖЕ ПОРОГА
    1456.00 = 488.68+121.78+841.57  Eu-152    площадь 0.000E+000  порог 2.379E-008  НИЖЕ ПОРОГА
    1481.82 = 488.68+121.78+867.38  Eu-152    площадь 0.000E+000  порог 2.379E-008  НИЖЕ ПОРОГА
    1540.75 = 488.68+121.78+926.32  Eu-152    площадь 0.000E+000  порог 2.379E-008  НИЖЕ ПОРОГА
    1578.52 = 488.68+121.78+964.08  Eu-152    площадь 0.000E+000  порог 2.379E-008  НИЖЕ ПОРОГА
    1619.72 = 488.68+121.78+1005.27  Eu-152    площадь 0.000E+000  порог 2.379E-008  НИЖЕ ПОРОГА
    1726.52 = 488.68+121.78+1112.07  Eu-152    площадь 0.000E+000  порог 2.379E-008  НИЖЕ ПОРОГА
    1827.41 = 488.68+121.78+1212.94  Eu-152    площадь 0.000E+000  порог 2.379E-008  НИЖЕ ПОРОГА
    1864.40 = 488.68+121.78+1249.93  Eu-152    площадь 0.000E+000  порог 2.379E-008  НИЖЕ ПОРОГА
    2022.50 = 488.68+121.78+1408.01  Eu-152    площадь 0.000E+000  порог 2.379E-008  НИЖЕ ПОРОГА
    2072.15 = 488.68+121.78+1457.64  Eu-152    площадь 0.000E+000  порог 2.379E-008  НИЖЕ ПОРОГА
    2142.62 = 488.68+121.78+1528.10  Eu-152    площадь 0.000E+000  порог 2.379E-008  НИЖЕ ПОРОГА
    1125.51 = 488.68+121.78+511.00  Eu-152    площадь 2.539E-011  порог 2.379E-008  НИЖЕ ПОРОГА
     859.59 = 488.68+244.70+121.78  Eu-152    площадь 2.809E-008  порог 2.379E-008  проходит
    1411.55 = 488.68+244.70+674.68  Eu-152    площадь 1.845E-008  порог 2.379E-008  НИЖЕ ПОРОГА
    1656.19 = 488.68+244.70+919.33  Eu-152    площадь 0.000E+000  порог 2.379E-008  НИЖЕ ПОРОГА
     777.64 = 488.68+244.70+39.52  Eu-152    площадь 1.294E-008  порог 2.379E-008  НИЖЕ ПОРОГА
     778.24 = 488.68+244.70+40.12  Eu-152    площадь 2.372E-008  порог 2.379E-008  НИЖЕ ПОРОГА
     783.67 = 488.68+244.70+45.52  Eu-152    площадь 8.154E-009  порог 2.379E-008  НИЖЕ ПОРОГА
     784.72 = 488.68+244.70+46.58  Eu-152    площадь 2.141E-009  порог 2.379E-008  НИЖЕ ПОРОГА
    1033.12 = 488.68+244.70+295.94  Eu-152    площадь 0.000E+000  порог 2.379E-008  НИЖЕ ПОРОГА
    1153.05 = 488.68+244.70+416.05  Eu-152    площадь 0.000E+000  порог 2.379E-008  НИЖЕ ПОРОГА
    1180.94 = 488.68+244.70+443.96  Eu-152    площадь 0.000E+000  порог 2.379E-008  НИЖЕ ПОРОГА
    1180.95 = 488.68+244.70+443.97  Eu-152    площадь 0.000E+000  порог 2.379E-008  НИЖЕ ПОРОГА
    1300.90 = 488.68+244.70+563.99  Eu-152    площадь 0.000E+000  порог 2.379E-008  НИЖЕ ПОРОГА
    1393.36 = 488.68+244.70+656.49  Eu-152    площадь 0.000E+000  порог 2.379E-008  НИЖЕ ПОРОГА
    1456.22 = 488.68+244.70+719.35  Eu-152    площадь 0.000E+000  порог 2.379E-008  НИЖЕ ПОРОГА
    1604.24 = 488.68+244.70+867.38  Eu-152    площадь 0.000E+000  порог 2.379E-008  НИЖЕ ПОРОГА
    1663.18 = 488.68+244.70+926.32  Eu-152    площадь 0.000E+000  порог 2.379E-008  НИЖЕ ПОРОГА
    1742.15 = 488.68+244.70+1005.27  Eu-152    площадь 0.000E+000  порог 2.379E-008  НИЖЕ ПОРОГА
    1949.84 = 488.68+244.70+1212.94  Eu-152    площадь 0.000E+000  порог 2.379E-008  НИЖЕ ПОРОГА
    1247.93 = 488.68+244.70+511.00  Eu-152    площадь 1.606E-011  порог 2.379E-008  НИЖЕ ПОРОГА
    1289.13 = 488.68+674.68+121.78  Eu-152    площадь 1.228E-008  порог 2.379E-008  НИЖЕ ПОРОГА
    1411.55 = 488.68+674.68+244.70  Eu-152    площадь 1.851E-008  порог 2.379E-008  НИЖЕ ПОРОГА
    2085.80 = 488.68+674.68+919.33  Eu-152    площадь 0.000E+000  порог 2.379E-008  НИЖЕ ПОРОГА
    1207.19 = 488.68+674.68+39.52  Eu-152    площадь 6.016E-009  порог 2.379E-008  НИЖЕ ПОРОГА
    1207.79 = 488.68+674.68+40.12  Eu-152    площадь 1.103E-008  порог 2.379E-008  НИЖЕ ПОРОГА
    1213.22 = 488.68+674.68+45.52  Eu-152    площадь 3.792E-009  порог 2.379E-008  НИЖЕ ПОРОГА
    1214.27 = 488.68+674.68+46.58  Eu-152    площадь 9.957E-010  порог 2.379E-008  НИЖЕ ПОРОГА
    1510.93 = 488.68+674.68+344.28  Eu-152    площадь 0.000E+000  порог 2.379E-008  НИЖЕ ПОРОГА
    1752.73 = 488.68+674.68+586.27  Eu-152    площадь 0.000E+000  порог 2.379E-008  НИЖЕ ПОРОГА
    1533.77 = 488.68+919.33+121.78  Eu-152    площадь 2.235E-008  порог 2.379E-008  НИЖЕ ПОРОГА
    1656.19 = 488.68+919.33+244.70  Eu-152    площадь 0.000E+000  порог 2.379E-008  НИЖЕ ПОРОГА
    2085.80 = 488.68+919.33+674.68  Eu-152    площадь 0.000E+000  порог 2.379E-008  НИЖЕ ПОРОГА
    1451.82 = 488.68+919.33+39.52  Eu-152    площадь 1.029E-008  порог 2.379E-008  НИЖЕ ПОРОГА
    1452.42 = 488.68+919.33+40.12  Eu-152    площадь 1.887E-008  порог 2.379E-008  НИЖЕ ПОРОГА
    1457.85 = 488.68+919.33+45.52  Eu-152    площадь 6.486E-009  порог 2.379E-008  НИЖЕ ПОРОГА
    1458.91 = 488.68+919.33+46.58  Eu-152    площадь 1.703E-009  порог 2.379E-008  НИЖЕ ПОРОГА
    1437.32 = 503.47+344.28+586.27  Eu-152    площадь 1.628E-008  порог 2.379E-008  НИЖЕ ПОРОГА
    1219.01 = 503.47+344.28+367.79  Eu-152    площадь 0.000E+000  порог 2.379E-008  НИЖЕ ПОРОГА
    1262.29 = 503.47+344.28+411.12  Eu-152    площадь 8.269E-011  порог 2.379E-008  НИЖЕ ПОРОГА
    1525.71 = 503.47+344.28+674.68  Eu-152    площадь 0.000E+000  порог 2.379E-008  НИЖЕ ПОРОГА
    1529.66 = 503.47+344.28+678.62  Eu-152    площадь 0.000E+000  порог 2.379E-008  НИЖЕ ПОРОГА
    1615.93 = 503.47+344.28+764.90  Eu-152    площадь 0.000E+000  порог 2.379E-008  НИЖЕ ПОРОГА
    1629.93 = 503.47+344.28+778.90  Eu-152    площадь 0.000E+000  порог 2.379E-008  НИЖЕ ПОРОГА
    1940.79 = 503.47+344.28+1089.73  Eu-152    площадь 0.000E+000  порог 2.379E-008  НИЖЕ ПОРОГА
    2150.24 = 503.47+344.28+1299.14  Eu-152    площадь 0.000E+000  порог 2.379E-008  НИЖЕ ПОРОГА
     895.30 = 503.47+344.28+43.00  Eu-152    площадь 1.143E-010  порог 2.379E-008  НИЖЕ ПОРОГА
    1437.32 = 503.47+586.27+344.28  Eu-152    площадь 1.622E-008  порог 2.379E-008  НИЖЕ ПОРОГА
    1767.51 = 503.47+586.27+674.68  Eu-152    площадь 0.000E+000  порог 2.379E-008  НИЖЕ ПОРОГА
    1137.08 = 503.47+586.27+43.00  Eu-152    площадь 6.064E-010  порог 2.379E-008  НИЖЕ ПОРОГА
    1409.06 = 563.99+719.35+121.78  Eu-152    площадь 4.070E-010  порог 2.379E-008  НИЖЕ ПОРОГА
    1531.49 = 563.99+719.35+244.70  Eu-152    площадь 6.136E-010  порог 2.379E-008  НИЖЕ ПОРОГА
    2250.53 = 563.99+719.35+964.08  Eu-152    площадь 0.000E+000  порог 2.379E-008  НИЖЕ ПОРОГА
    2372.34 = 563.99+719.35+1085.86  Eu-152    площадь 0.000E+000  порог 2.379E-008  НИЖЕ ПОРОГА
    1327.13 = 563.99+719.35+39.52  Eu-152    площадь 1.994E-010  порог 2.379E-008  НИЖЕ ПОРОГА
    1327.73 = 563.99+719.35+40.12  Eu-152    площадь 3.657E-010  порог 2.379E-008  НИЖЕ ПОРОГА
    1333.15 = 563.99+719.35+45.52  Eu-152    площадь 1.257E-010  порог 2.379E-008  НИЖЕ ПОРОГА
    1334.21 = 563.99+719.35+46.58  Eu-152    площадь 3.301E-011  порог 2.379E-008  НИЖЕ ПОРОГА
    1730.45 = 563.99+719.35+443.97  Eu-152    площадь 0.000E+000  порог 2.379E-008  НИЖЕ ПОРОГА
    1730.44 = 563.99+719.35+443.96  Eu-152    площадь 0.000E+000  порог 2.379E-008  НИЖЕ ПОРОГА
    1975.07 = 563.99+719.35+688.67  Eu-152    площадь 0.000E+000  порог 2.379E-008  НИЖЕ ПОРОГА
    2096.86 = 563.99+719.35+810.45  Eu-152    площадь 0.000E+000  порог 2.379E-008  НИЖЕ ПОРОГА
    1653.79 = 563.99+964.08+121.78  Eu-152    площадь 1.755E-008  порог 2.379E-008  НИЖЕ ПОРОГА
    1776.22 = 563.99+964.08+244.70  Eu-152    площадь 0.000E+000  порог 2.379E-008  НИЖЕ ПОРОГА
    2250.53 = 563.99+964.08+719.35  Eu-152    площадь 0.000E+000  порог 2.379E-008  НИЖЕ ПОРОГА
    2617.15 = 563.99+964.08+1085.86  Eu-152    площадь 0.000E+000  порог 2.379E-008  НИЖЕ ПОРОГА
    1571.85 = 563.99+964.08+39.52  Eu-152    площадь 8.080E-009  порог 2.379E-008  НИЖЕ ПОРОГА
    1572.45 = 563.99+964.08+40.12  Eu-152    площадь 1.482E-008  порог 2.379E-008  НИЖЕ ПОРОГА
    1577.88 = 563.99+964.08+45.52  Eu-152    площадь 5.093E-009  порог 2.379E-008  НИЖЕ ПОРОГА
    1578.93 = 563.99+964.08+46.58  Eu-152    площадь 1.337E-009  порог 2.379E-008  НИЖЕ ПОРОГА
    1975.20 = 563.99+964.08+443.97  Eu-152    площадь 0.000E+000  порог 2.379E-008  НИЖЕ ПОРОГА
    1775.59 = 563.99+1085.86+121.78  Eu-152    площадь 0.000E+000  порог 2.379E-008  НИЖЕ ПОРОГА
    1898.03 = 563.99+1085.86+244.70  Eu-152    площадь 0.000E+000  порог 2.379E-008  НИЖЕ ПОРОГА
    2372.34 = 563.99+1085.86+719.35  Eu-152    площадь 0.000E+000  порог 2.379E-008  НИЖЕ ПОРОГА
    2617.15 = 563.99+1085.86+964.08  Eu-152    площадь 0.000E+000  порог 2.379E-008  НИЖЕ ПОРОГА
    1693.64 = 563.99+1085.86+39.52  Eu-152    площадь 3.647E-009  порог 2.379E-008  НИЖЕ ПОРОГА
    1694.24 = 563.99+1085.86+40.12  Eu-152    площадь 6.687E-009  порог 2.379E-008  НИЖЕ ПОРОГА
    1699.67 = 563.99+1085.86+45.52  Eu-152    площадь 2.299E-009  порог 2.379E-008  НИЖЕ ПОРОГА
    1700.72 = 563.99+1085.86+46.58  Eu-152    площадь 6.035E-010  порог 2.379E-008  НИЖЕ ПОРОГА
    2097.01 = 563.99+1085.86+443.97  Eu-152    площадь 0.000E+000  порог 2.379E-008  НИЖЕ ПОРОГА
    1533.72 = 566.43+121.78+841.57  Eu-152    площадь 4.975E-009  порог 2.379E-008  НИЖЕ ПОРОГА
    1655.54 = 566.43+121.78+963.39  Eu-152    площадь 0.000E+000  порог 2.379E-008  НИЖЕ ПОРОГА
     937.30 = 566.43+121.78+244.70  Eu-152    площадь 3.861E-013  порог 2.379E-008  НИЖЕ ПОРОГА
     988.41 = 566.43+121.78+295.94  Eu-152    площадь 0.000E+000  порог 2.379E-008  НИЖЕ ПОРОГА
    1021.83 = 566.43+121.78+329.43  Eu-152    площадь 0.000E+000  порог 2.379E-008  НИЖЕ ПОРОГА
    1108.34 = 566.43+121.78+416.05  Eu-152    площадь 0.000E+000  порог 2.379E-008  НИЖЕ ПОРОГА
    1136.23 = 566.43+121.78+443.96  Eu-152    площадь 2.520E-013  порог 2.379E-008  НИЖЕ ПОРОГА
    1136.24 = 566.43+121.78+443.97  Eu-152    площадь 2.520E-013  порог 2.379E-008  НИЖЕ ПОРОГА
    1180.92 = 566.43+121.78+488.68  Eu-152    площадь 0.000E+000  порог 2.379E-008  НИЖЕ ПОРОГА
    1256.19 = 566.43+121.78+563.99  Eu-152    площадь 0.000E+000  порог 2.379E-008  НИЖЕ ПОРОГА
    1348.65 = 566.43+121.78+656.49  Eu-152    площадь 0.000E+000  порог 2.379E-008  НИЖЕ ПОРОГА
    1366.84 = 566.43+121.78+674.68  Eu-152    площадь 0.000E+000  порог 2.379E-008  НИЖЕ ПОРОГА
    1380.83 = 566.43+121.78+688.67  Eu-152    площадь 4.662E-013  порог 2.379E-008  НИЖЕ ПОРОГА
    1411.50 = 566.43+121.78+719.35  Eu-152    площадь 0.000E+000  порог 2.379E-008  НИЖЕ ПОРОГА
    1559.53 = 566.43+121.78+867.38  Eu-152    площадь 0.000E+000  порог 2.379E-008  НИЖЕ ПОРОГА
    1611.48 = 566.43+121.78+919.33  Eu-152    площадь 0.000E+000  порог 2.379E-008  НИЖЕ ПОРОГА
    1618.47 = 566.43+121.78+926.32  Eu-152    площадь 0.000E+000  порог 2.379E-008  НИЖЕ ПОРОГА
    1656.23 = 566.43+121.78+964.08  Eu-152    площадь 0.000E+000  порог 2.379E-008  НИЖЕ ПОРОГА
    1697.43 = 566.43+121.78+1005.27  Eu-152    площадь 0.000E+000  порог 2.379E-008  НИЖЕ ПОРОГА
    1804.24 = 566.43+121.78+1112.07  Eu-152    площадь 0.000E+000  порог 2.379E-008  НИЖЕ ПОРОГА
    1905.13 = 566.43+121.78+1212.94  Eu-152    площадь 0.000E+000  порог 2.379E-008  НИЖЕ ПОРОГА
    1942.12 = 566.43+121.78+1249.93  Eu-152    площадь 0.000E+000  порог 2.379E-008  НИЖЕ ПОРОГА
    2100.23 = 566.43+121.78+1408.01  Eu-152    площадь 0.000E+000  порог 2.379E-008  НИЖЕ ПОРОГА
    2149.87 = 566.43+121.78+1457.64  Eu-152    площадь 0.000E+000  порог 2.379E-008  НИЖЕ ПОРОГА
    2220.35 = 566.43+121.78+1528.10  Eu-152    площадь 0.000E+000  порог 2.379E-008  НИЖЕ ПОРОГА
     732.93 = 566.43+121.78+39.52  Eu-152    площадь 3.182E-009  порог 2.379E-008  НИЖЕ ПОРОГА
     733.52 = 566.43+121.78+40.12  Eu-152    площадь 5.835E-009  порог 2.379E-008  НИЖЕ ПОРОГА
     738.96 = 566.43+121.78+45.52  Eu-152    площадь 2.006E-009  порог 2.379E-008  НИЖЕ ПОРОГА
     740.01 = 566.43+121.78+46.58  Eu-152    площадь 5.266E-010  порог 2.379E-008  НИЖЕ ПОРОГА
    1203.22 = 566.43+121.78+511.00  Eu-152    площадь 3.690E-012  порог 2.379E-008  НИЖЕ ПОРОГА
    1533.72 = 566.43+841.57+121.78  Eu-152    площадь 4.992E-009  порог 2.379E-008  НИЖЕ ПОРОГА
    2374.52 = 566.43+841.57+963.39  Eu-152    площадь 0.000E+000  порог 2.379E-008  НИЖЕ ПОРОГА
    1740.69 = 566.43+841.57+329.43  Eu-152    площадь 0.000E+000  порог 2.379E-008  НИЖЕ ПОРОГА
    1655.54 = 566.43+963.39+121.78  Eu-152    площадь 0.000E+000  порог 2.379E-008  НИЖЕ ПОРОГА
    2374.52 = 566.43+963.39+841.57  Eu-152    площадь 0.000E+000  порог 2.379E-008  НИЖЕ ПОРОГА
    1862.53 = 566.43+963.39+329.43  Eu-152    площадь 0.000E+000  порог 2.379E-008  НИЖЕ ПОРОГА
    1437.32 = 586.27+344.28+503.47  Eu-152    площадь 1.628E-008  порог 2.379E-008  НИЖЕ ПОРОГА
    1608.46 = 586.27+344.28+674.68  Eu-152    площадь 1.402E-008  порог 2.379E-008  НИЖЕ ПОРОГА
     978.05 = 586.27+344.28+43.00  Eu-152    площадь 0.000E+000  порог 2.379E-008  НИЖЕ ПОРОГА
    1301.76 = 586.27+344.28+367.79  Eu-152    площадь 0.000E+000  порог 2.379E-008  НИЖЕ ПОРОГА
    1345.04 = 586.27+344.28+411.12  Eu-152    площадь 0.000E+000  порог 2.379E-008  НИЖЕ ПОРОГА
    1612.41 = 586.27+344.28+678.62  Eu-152    площадь 0.000E+000  порог 2.379E-008  НИЖЕ ПОРОГА
    1698.68 = 586.27+344.28+764.90  Eu-152    площадь 0.000E+000  порог 2.379E-008  НИЖЕ ПОРОГА
    1712.69 = 586.27+344.28+778.90  Eu-152    площадь 0.000E+000  порог 2.379E-008  НИЖЕ ПОРОГА
    2023.55 = 586.27+344.28+1089.73  Eu-152    площадь 0.000E+000  порог 2.379E-008  НИЖЕ ПОРОГА
    2233.01 = 586.27+344.28+1299.14  Eu-152    площадь 0.000E+000  порог 2.379E-008  НИЖЕ ПОРОГА
    1027.32 = 656.49+121.78+244.70  Eu-152    площадь 2.508E-008  порог 2.379E-008  проходит
    1078.43 = 656.49+121.78+295.94  Eu-152    площадь 9.937E-012  порог 2.379E-008  НИЖЕ ПОРОГА
    1111.86 = 656.49+121.78+329.43  Eu-152    площадь 1.251E-012  порог 2.379E-008  НИЖЕ ПОРОГА
    1198.37 = 656.49+121.78+416.05  Eu-152    площадь 1.794E-012  порог 2.379E-008  НИЖЕ ПОРОГА
    1226.26 = 656.49+121.78+443.96  Eu-152    площадь 0.000E+000  порог 2.379E-008  НИЖЕ ПОРОГА
    1226.26 = 656.49+121.78+443.97  Eu-152    площадь 0.000E+000  порог 2.379E-008  НИЖЕ ПОРОГА
    1270.94 = 656.49+121.78+488.68  Eu-152    площадь 0.000E+000  порог 2.379E-008  НИЖЕ ПОРОГА
    1346.21 = 656.49+121.78+563.99  Eu-152    площадь 2.074E-009  порог 2.379E-008  НИЖЕ ПОРОГА
    1348.65 = 656.49+121.78+566.43  Eu-152    площадь 0.000E+000  порог 2.379E-008  НИЖЕ ПОРОГА
    1456.86 = 656.49+121.78+674.68  Eu-152    площадь 0.000E+000  порог 2.379E-008  НИЖЕ ПОРОГА
    1470.86 = 656.49+121.78+688.67  Eu-152    площадь 0.000E+000  порог 2.379E-008  НИЖЕ ПОРОГА
    1501.53 = 656.49+121.78+719.35  Eu-152    площадь 0.000E+000  порог 2.379E-008  НИЖЕ ПОРОГА
    1623.75 = 656.49+121.78+841.57  Eu-152    площадь 0.000E+000  порог 2.379E-008  НИЖЕ ПОРОГА
    1649.56 = 656.49+121.78+867.38  Eu-152    площадь 0.000E+000  порог 2.379E-008  НИЖЕ ПОРОГА
    1701.51 = 656.49+121.78+919.33  Eu-152    площадь 0.000E+000  порог 2.379E-008  НИЖЕ ПОРОГА
    1708.50 = 656.49+121.78+926.32  Eu-152    площадь 0.000E+000  порог 2.379E-008  НИЖЕ ПОРОГА
    1746.27 = 656.49+121.78+964.08  Eu-152    площадь 0.000E+000  порог 2.379E-008  НИЖЕ ПОРОГА
    1787.47 = 656.49+121.78+1005.27  Eu-152    площадь 0.000E+000  порог 2.379E-008  НИЖЕ ПОРОГА
    1894.28 = 656.49+121.78+1112.07  Eu-152    площадь 0.000E+000  порог 2.379E-008  НИЖЕ ПОРОГА
    1995.17 = 656.49+121.78+1212.94  Eu-152    площадь 0.000E+000  порог 2.379E-008  НИЖЕ ПОРОГА
    2032.16 = 656.49+121.78+1249.93  Eu-152    площадь 0.000E+000  порог 2.379E-008  НИЖЕ ПОРОГА
    2190.27 = 656.49+121.78+1408.01  Eu-152    площадь 0.000E+000  порог 2.379E-008  НИЖЕ ПОРОГА
    2239.92 = 656.49+121.78+1457.64  Eu-152    площадь 0.000E+000  порог 2.379E-008  НИЖЕ ПОРОГА
    2310.40 = 656.49+121.78+1528.10  Eu-152    площадь 0.000E+000  порог 2.379E-008  НИЖЕ ПОРОГА
     822.96 = 656.49+121.78+39.52  Eu-152    площадь 5.621E-009  порог 2.379E-008  НИЖЕ ПОРОГА
     823.56 = 656.49+121.78+40.12  Eu-152    площадь 1.031E-008  порог 2.379E-008  НИЖЕ ПОРОГА
     828.99 = 656.49+121.78+45.52  Eu-152    площадь 3.543E-009  порог 2.379E-008  НИЖЕ ПОРОГА
     830.04 = 656.49+121.78+46.58  Eu-152    площадь 9.303E-010  порог 2.379E-008  НИЖЕ ПОРОГА
    1293.25 = 656.49+121.78+511.00  Eu-152    площадь 6.519E-012  порог 2.379E-008  НИЖЕ ПОРОГА
    1027.32 = 656.49+244.70+121.78  Eu-152    площадь 2.508E-008  порог 2.379E-008  проходит
    1200.85 = 656.49+244.70+295.94  Eu-152    площадь 1.498E-011  порог 2.379E-008  НИЖЕ ПОРОГА
    1320.79 = 656.49+244.70+416.05  Eu-152    площадь 2.705E-012  порог 2.379E-008  НИЖЕ ПОРОГА
    1348.68 = 656.49+244.70+443.96  Eu-152    площадь 0.000E+000  порог 2.379E-008  НИЖЕ ПОРОГА
    1348.68 = 656.49+244.70+443.97  Eu-152    площадь 0.000E+000  порог 2.379E-008  НИЖЕ ПОРОГА
    1393.36 = 656.49+244.70+488.68  Eu-152    площадь 0.000E+000  порог 2.379E-008  НИЖЕ ПОРОГА
    1468.63 = 656.49+244.70+563.99  Eu-152    площадь 3.127E-009  порог 2.379E-008  НИЖЕ ПОРОГА
    1579.29 = 656.49+244.70+674.68  Eu-152    площадь 0.000E+000  порог 2.379E-008  НИЖЕ ПОРОГА
    1623.96 = 656.49+244.70+719.35  Eu-152    площадь 0.000E+000  порог 2.379E-008  НИЖЕ ПОРОГА
    1771.99 = 656.49+244.70+867.38  Eu-152    площадь 0.000E+000  порог 2.379E-008  НИЖЕ ПОРОГА
    1830.93 = 656.49+244.70+926.32  Eu-152    площадь 0.000E+000  порог 2.379E-008  НИЖЕ ПОРОГА
    1909.90 = 656.49+244.70+1005.27  Eu-152    площадь 0.000E+000  порог 2.379E-008  НИЖЕ ПОРОГА
    2117.61 = 656.49+244.70+1212.94  Eu-152    площадь 0.000E+000  порог 2.379E-008  НИЖЕ ПОРОГА
     945.38 = 656.49+244.70+39.52  Eu-152    площадь 1.158E-008  порог 2.379E-008  НИЖЕ ПОРОГА
     945.98 = 656.49+244.70+40.12  Eu-152    площадь 2.124E-008  порог 2.379E-008  НИЖЕ ПОРОГА
     951.41 = 656.49+244.70+45.52  Eu-152    площадь 7.300E-009  порог 2.379E-008  НИЖЕ ПОРОГА
     952.46 = 656.49+244.70+46.58  Eu-152    площадь 1.917E-009  порог 2.379E-008  НИЖЕ ПОРОГА
    1415.67 = 656.49+244.70+511.00  Eu-152    площадь 1.434E-011  порог 2.379E-008  НИЖЕ ПОРОГА
    1289.13 = 674.68+121.78+488.68  Eu-152    площадь 1.687E-009  порог 2.379E-008  НИЖЕ ПОРОГА
    1045.50 = 674.68+121.78+244.70  Eu-152    площадь 1.486E-009  порог 2.379E-008  НИЖЕ ПОРОГА
    1144.88 = 674.68+121.78+344.28  Eu-152    площадь 2.845E-009  порог 2.379E-008  НИЖЕ ПОРОГА
    1386.66 = 674.68+121.78+586.27  Eu-152    площадь 1.565E-009  порог 2.379E-008  НИЖЕ ПОРОГА
    1096.62 = 674.68+121.78+295.94  Eu-152    площадь 2.791E-011  порог 2.379E-008  НИЖЕ ПОРОГА
    1130.04 = 674.68+121.78+329.43  Eu-152    площадь 4.011E-012  порог 2.379E-008  НИЖЕ ПОРОГА
    1216.55 = 674.68+121.78+416.05  Eu-152    площадь 5.038E-012  порог 2.379E-008  НИЖЕ ПОРОГА
    1244.44 = 674.68+121.78+443.96  Eu-152    площадь 1.408E-011  порог 2.379E-008  НИЖЕ ПОРОГА
    1244.45 = 674.68+121.78+443.97  Eu-152    площадь 7.213E-011  порог 2.379E-008  НИЖЕ ПОРОГА
    1364.40 = 674.68+121.78+563.99  Eu-152    площадь 9.829E-012  порог 2.379E-008  НИЖЕ ПОРОГА
    1366.84 = 674.68+121.78+566.43  Eu-152    площадь 2.385E-012  порог 2.379E-008  НИЖЕ ПОРОГА
    1456.86 = 674.68+121.78+656.49  Eu-152    площадь 4.212E-012  порог 2.379E-008  НИЖЕ ПОРОГА
    1489.04 = 674.68+121.78+688.67  Eu-152    площадь 2.376E-011  порог 2.379E-008  НИЖЕ ПОРОГА
    1519.72 = 674.68+121.78+719.35  Eu-152    площадь 7.107E-012  порог 2.379E-008  НИЖЕ ПОРОГА
    1641.93 = 674.68+121.78+841.57  Eu-152    площадь 3.776E-012  порог 2.379E-008  НИЖЕ ПОРОГА
    1667.74 = 674.68+121.78+867.38  Eu-152    площадь 9.371E-011  порог 2.379E-008  НИЖЕ ПОРОГА
    1719.70 = 674.68+121.78+919.33  Eu-152    площадь 8.922E-012  порог 2.379E-008  НИЖЕ ПОРОГА
    1726.69 = 674.68+121.78+926.32  Eu-152    площадь 5.767E-012  порог 2.379E-008  НИЖЕ ПОРОГА
    1764.45 = 674.68+121.78+964.08  Eu-152    площадь 2.917E-010  порог 2.379E-008  НИЖЕ ПОРОГА
    1805.65 = 674.68+121.78+1005.27  Eu-152    площадь 1.240E-011  порог 2.379E-008  НИЖЕ ПОРОГА
    1912.47 = 674.68+121.78+1112.07  Eu-152    площадь 2.376E-010  порог 2.379E-008  НИЖЕ ПОРОГА
    2013.35 = 674.68+121.78+1212.94  Eu-152    площадь 2.284E-011  порог 2.379E-008  НИЖЕ ПОРОГА
    2050.35 = 674.68+121.78+1249.93  Eu-152    площадь 2.936E-012  порог 2.379E-008  НИЖЕ ПОРОГА
    2208.46 = 674.68+121.78+1408.01  Eu-152    площадь 2.921E-010  порог 2.379E-008  НИЖЕ ПОРОГА
    2258.11 = 674.68+121.78+1457.64  Eu-152    площадь 6.754E-012  порог 2.379E-008  НИЖЕ ПОРОГА
    2328.59 = 674.68+121.78+1528.10  Eu-152    площадь 3.614E-012  порог 2.379E-008  НИЖЕ ПОРОГА
     841.15 = 674.68+121.78+39.52  Eu-152    площадь 8.947E-010  порог 2.379E-008  НИЖЕ ПОРОГА
     841.74 = 674.68+121.78+40.12  Eu-152    площадь 1.641E-009  порог 2.379E-008  НИЖЕ ПОРОГА
     847.17 = 674.68+121.78+45.52  Eu-152    площадь 5.640E-010  порог 2.379E-008  НИЖЕ ПОРОГА
     848.23 = 674.68+121.78+46.58  Eu-152    площадь 1.481E-010  порог 2.379E-008  НИЖЕ ПОРОГА
    1311.43 = 674.68+121.78+511.00  Eu-152    площадь 1.038E-012  порог 2.379E-008  НИЖЕ ПОРОГА
    1411.55 = 674.68+244.70+488.68  Eu-152    площадь 6.869E-009  порог 2.379E-008  НИЖЕ ПОРОГА
    1045.50 = 674.68+244.70+121.78  Eu-152    площадь 1.078E-008  порог 2.379E-008  НИЖЕ ПОРОГА
    1267.29 = 674.68+244.70+344.28  Eu-152    площадь 1.159E-008  порог 2.379E-008  НИЖЕ ПОРОГА
    1509.08 = 674.68+244.70+586.27  Eu-152    площадь 6.374E-009  порог 2.379E-008  НИЖЕ ПОРОГА
    1219.04 = 674.68+244.70+295.94  Eu-152    площадь 1.970E-010  порог 2.379E-008  НИЖЕ ПОРОГА
    1338.97 = 674.68+244.70+416.05  Eu-152    площадь 3.557E-011  порог 2.379E-008  НИЖЕ ПОРОГА
    1366.86 = 674.68+244.70+443.96  Eu-152    площадь 4.206E-010  порог 2.379E-008  НИЖЕ ПОРОГА
    1366.87 = 674.68+244.70+443.97  Eu-152    площадь 3.754E-011  порог 2.379E-008  НИЖЕ ПОРОГА
    1486.82 = 674.68+244.70+563.99  Eu-152    площадь 5.116E-012  порог 2.379E-008  НИЖЕ ПОРОГА
    1579.29 = 674.68+244.70+656.49  Eu-152    площадь 1.258E-010  порог 2.379E-008  НИЖЕ ПОРОГА
    1642.14 = 674.68+244.70+719.35  Eu-152    площадь 5.333E-011  порог 2.379E-008  НИЖЕ ПОРОГА
    1790.17 = 674.68+244.70+867.38  Eu-152    площадь 2.799E-009  порог 2.379E-008  НИЖЕ ПОРОГА
    1849.12 = 674.68+244.70+926.32  Eu-152    площадь 1.723E-010  порог 2.379E-008  НИЖЕ ПОРОГА
    1928.09 = 674.68+244.70+1005.27  Eu-152    площадь 3.704E-010  порог 2.379E-008  НИЖЕ ПОРОГА
    2135.80 = 674.68+244.70+1212.94  Eu-152    площадь 6.821E-010  порог 2.379E-008  НИЖЕ ПОРОГА
     963.56 = 674.68+244.70+39.52  Eu-152    площадь 4.978E-009  порог 2.379E-008  НИЖЕ ПОРОГА
     964.16 = 674.68+244.70+40.12  Eu-152    площадь 9.129E-009  порог 2.379E-008  НИЖЕ ПОРОГА
     969.59 = 674.68+244.70+45.52  Eu-152    площадь 3.138E-009  порог 2.379E-008  НИЖЕ ПОРОГА
     970.65 = 674.68+244.70+46.58  Eu-152    площадь 8.239E-010  порог 2.379E-008  НИЖЕ ПОРОГА
    1433.85 = 674.68+244.70+511.00  Eu-152    площадь 6.164E-012  порог 2.379E-008  НИЖЕ ПОРОГА
    1510.93 = 674.68+344.28+488.68  Eu-152    площадь 0.000E+000  порог 2.379E-008  НИЖЕ ПОРОГА
    1144.88 = 674.68+344.28+121.78  Eu-152    площадь 0.000E+000  порог 2.379E-008  НИЖЕ ПОРОГА
    1267.29 = 674.68+344.28+244.70  Eu-152    площадь 0.000E+000  порог 2.379E-008  НИЖЕ ПОРОГА
    1608.46 = 674.68+344.28+586.27  Eu-152    площадь 1.403E-008  порог 2.379E-008  НИЖЕ ПОРОГА
    1390.15 = 674.68+344.28+367.79  Eu-152    площадь 0.000E+000  порог 2.379E-008  НИЖЕ ПОРОГА
    1433.42 = 674.68+344.28+411.12  Eu-152    площадь 7.126E-011  порог 2.379E-008  НИЖЕ ПОРОГА
    1525.71 = 674.68+344.28+503.47  Eu-152    площадь 0.000E+000  порог 2.379E-008  НИЖЕ ПОРОГА
    1700.80 = 674.68+344.28+678.62  Eu-152    площадь 0.000E+000  порог 2.379E-008  НИЖЕ ПОРОГА
    1787.08 = 674.68+344.28+764.90  Eu-152    площадь 0.000E+000  порог 2.379E-008  НИЖЕ ПОРОГА
    1801.08 = 674.68+344.28+778.90  Eu-152    площадь 0.000E+000  порог 2.379E-008  НИЖЕ ПОРОГА
    2111.96 = 674.68+344.28+1089.73  Eu-152    площадь 0.000E+000  порог 2.379E-008  НИЖЕ ПОРОГА
    2321.42 = 674.68+344.28+1299.14  Eu-152    площадь 0.000E+000  порог 2.379E-008  НИЖЕ ПОРОГА
    1066.43 = 674.68+344.28+43.00  Eu-152    площадь 9.853E-011  порог 2.379E-008  НИЖЕ ПОРОГА
    1752.73 = 674.68+586.27+488.68  Eu-152    площадь 0.000E+000  порог 2.379E-008  НИЖЕ ПОРОГА
    1386.66 = 674.68+586.27+121.78  Eu-152    площадь 0.000E+000  порог 2.379E-008  НИЖЕ ПОРОГА
    1509.08 = 674.68+586.27+244.70  Eu-152    площадь 0.000E+000  порог 2.379E-008  НИЖЕ ПОРОГА
    1608.46 = 674.68+586.27+344.28  Eu-152    площадь 1.405E-008  порог 2.379E-008  НИЖЕ ПОРОГА
    1767.51 = 674.68+586.27+503.47  Eu-152    площадь 0.000E+000  порог 2.379E-008  НИЖЕ ПОРОГА
    1308.21 = 674.68+586.27+43.00  Eu-152    площадь 5.252E-010  порог 2.379E-008  НИЖЕ ПОРОГА
    1437.37 = 678.62+344.28+411.12  Eu-152    площадь 6.808E-008  порог 2.379E-008  проходит
    1070.38 = 678.62+344.28+43.00  Eu-152    площадь 1.838E-009  порог 2.379E-008  НИЖЕ ПОРОГА
    1394.09 = 678.62+344.28+367.79  Eu-152    площадь 0.000E+000  порог 2.379E-008  НИЖЕ ПОРОГА
    1529.66 = 678.62+344.28+503.47  Eu-152    площадь 0.000E+000  порог 2.379E-008  НИЖЕ ПОРОГА
    1612.41 = 678.62+344.28+586.27  Eu-152    площадь 0.000E+000  порог 2.379E-008  НИЖЕ ПОРОГА
    1700.80 = 678.62+344.28+674.68  Eu-152    площадь 0.000E+000  порог 2.379E-008  НИЖЕ ПОРОГА
    1791.02 = 678.62+344.28+764.90  Eu-152    площадь 0.000E+000  порог 2.379E-008  НИЖЕ ПОРОГА
    1805.03 = 678.62+344.28+778.90  Eu-152    площадь 0.000E+000  порог 2.379E-008  НИЖЕ ПОРОГА
    2115.91 = 678.62+344.28+1089.73  Eu-152    площадь 0.000E+000  порог 2.379E-008  НИЖЕ ПОРОГА
    2325.37 = 678.62+344.28+1299.14  Eu-152    площадь 0.000E+000  порог 2.379E-008  НИЖЕ ПОРОГА
    1437.37 = 678.62+411.12+344.28  Eu-152    площадь 6.775E-008  порог 2.379E-008  проходит
    1137.13 = 678.62+411.12+43.00  Eu-152    площадь 2.533E-009  порог 2.379E-008  НИЖЕ ПОРОГА
    1460.85 = 678.62+411.12+367.79  Eu-152    площадь 0.000E+000  порог 2.379E-008  НИЖЕ ПОРОГА
    1533.71 = 688.67+121.78+719.35  Eu-152    площадь 1.284E-008  порог 2.379E-008  НИЖЕ ПОРОГА
     855.14 = 688.67+121.78+39.52  Eu-152    площадь 3.126E-008  порог 2.379E-008  проходит
     855.74 = 688.67+121.78+40.12  Eu-152    площадь 5.732E-008  порог 2.379E-008  проходит
     861.17 = 688.67+121.78+45.52  Eu-152    площадь 1.970E-008  порог 2.379E-008  НИЖЕ ПОРОГА
     862.22 = 688.67+121.78+46.58  Eu-152    площадь 5.173E-009  порог 2.379E-008  НИЖЕ ПОРОГА
    1059.50 = 688.67+121.78+244.70  Eu-152    площадь 0.000E+000  порог 2.379E-008  НИЖЕ ПОРОГА
    1110.61 = 688.67+121.78+295.94  Eu-152    площадь 7.803E-012  порог 2.379E-008  НИЖЕ ПОРОГА
    1144.04 = 688.67+121.78+329.43  Eu-152    площадь 1.905E-012  порог 2.379E-008  НИЖЕ ПОРОГА
    1230.55 = 688.67+121.78+416.05  Eu-152    площадь 1.409E-012  порог 2.379E-008  НИЖЕ ПОРОГА
    1258.44 = 688.67+121.78+443.96  Eu-152    площадь 3.066E-011  порог 2.379E-008  НИЖЕ ПОРОГА
    1258.44 = 688.67+121.78+443.97  Eu-152    площадь 2.645E-010  порог 2.379E-008  НИЖЕ ПОРОГА
    1303.12 = 688.67+121.78+488.68  Eu-152    площадь 0.000E+000  порог 2.379E-008  НИЖЕ ПОРОГА
    1378.39 = 688.67+121.78+563.99  Eu-152    площадь 2.231E-010  порог 2.379E-008  НИЖЕ ПОРОГА
    1380.83 = 688.67+121.78+566.43  Eu-152    площадь 4.665E-013  порог 2.379E-008  НИЖЕ ПОРОГА
    1470.86 = 688.67+121.78+656.49  Eu-152    площадь 0.000E+000  порог 2.379E-008  НИЖЕ ПОРОГА
    1489.04 = 688.67+121.78+674.68  Eu-152    площадь 0.000E+000  порог 2.379E-008  НИЖЕ ПОРОГА
    1655.93 = 688.67+121.78+841.57  Eu-152    площадь 0.000E+000  порог 2.379E-008  НИЖЕ ПОРОГА
    1681.74 = 688.67+121.78+867.38  Eu-152    площадь 0.000E+000  порог 2.379E-008  НИЖЕ ПОРОГА
    1733.69 = 688.67+121.78+919.33  Eu-152    площадь 1.276E-008  порог 2.379E-008  НИЖЕ ПОРОГА
    1740.68 = 688.67+121.78+926.32  Eu-152    площадь 0.000E+000  порог 2.379E-008  НИЖЕ ПОРОГА
    1778.45 = 688.67+121.78+964.08  Eu-152    площадь 0.000E+000  порог 2.379E-008  НИЖЕ ПОРОГА
    1819.65 = 688.67+121.78+1005.27  Eu-152    площадь 0.000E+000  порог 2.379E-008  НИЖЕ ПОРОГА
    1926.46 = 688.67+121.78+1112.07  Eu-152    площадь 0.000E+000  порог 2.379E-008  НИЖЕ ПОРОГА
    2027.35 = 688.67+121.78+1212.94  Eu-152    площадь 0.000E+000  порог 2.379E-008  НИЖЕ ПОРОГА
    2064.35 = 688.67+121.78+1249.93  Eu-152    площадь 0.000E+000  порог 2.379E-008  НИЖЕ ПОРОГА
    2222.46 = 688.67+121.78+1408.01  Eu-152    площадь 0.000E+000  порог 2.379E-008  НИЖЕ ПОРОГА
    2272.11 = 688.67+121.78+1457.64  Eu-152    площадь 0.000E+000  порог 2.379E-008  НИЖЕ ПОРОГА
    2342.59 = 688.67+121.78+1528.10  Eu-152    площадь 0.000E+000  порог 2.379E-008  НИЖЕ ПОРОГА
    1325.43 = 688.67+121.78+511.00  Eu-152    площадь 3.677E-011  порог 2.379E-008  НИЖЕ ПОРОГА
    1289.11 = 719.35+121.78+443.97  Eu-152    площадь 6.942E-009  порог 2.379E-008  НИЖЕ ПОРОГА
    1409.06 = 719.35+121.78+563.99  Eu-152    площадь 0.000E+000  порог 2.379E-008  НИЖЕ ПОРОГА
    1090.17 = 719.35+121.78+244.70  Eu-152    площадь 1.063E-008  порог 2.379E-008  НИЖЕ ПОРОГА
    1289.11 = 719.35+121.78+443.96  Eu-152    площадь 6.942E-009  порог 2.379E-008  НИЖЕ ПОРОГА
    1533.71 = 719.35+121.78+688.67  Eu-152    площадь 1.284E-008  порог 2.379E-008  НИЖЕ ПОРОГА
    1655.49 = 719.35+121.78+810.45  Eu-152    площадь 0.000E+000  порог 2.379E-008  НИЖЕ ПОРОГА
    1141.29 = 719.35+121.78+295.94  Eu-152    площадь 0.000E+000  порог 2.379E-008  НИЖЕ ПОРОГА
    1174.71 = 719.35+121.78+329.43  Eu-152    площадь 0.000E+000  порог 2.379E-008  НИЖЕ ПОРОГА
    1261.22 = 719.35+121.78+416.05  Eu-152    площадь 0.000E+000  порог 2.379E-008  НИЖЕ ПОРОГА
    1333.80 = 719.35+121.78+488.68  Eu-152    площадь 0.000E+000  порог 2.379E-008  НИЖЕ ПОРОГА
    1411.50 = 719.35+121.78+566.43  Eu-152    площадь 0.000E+000  порог 2.379E-008  НИЖЕ ПОРОГА
    1501.53 = 719.35+121.78+656.49  Eu-152    площадь 0.000E+000  порог 2.379E-008  НИЖЕ ПОРОГА
    1519.72 = 719.35+121.78+674.68  Eu-152    площадь 0.000E+000  порог 2.379E-008  НИЖЕ ПОРОГА
    1686.60 = 719.35+121.78+841.57  Eu-152    площадь 0.000E+000  порог 2.379E-008  НИЖЕ ПОРОГА
    1712.41 = 719.35+121.78+867.38  Eu-152    площадь 0.000E+000  порог 2.379E-008  НИЖЕ ПОРОГА
    1764.37 = 719.35+121.78+919.33  Eu-152    площадь 0.000E+000  порог 2.379E-008  НИЖЕ ПОРОГА
    1771.36 = 719.35+121.78+926.32  Eu-152    площадь 0.000E+000  порог 2.379E-008  НИЖЕ ПОРОГА
    1809.13 = 719.35+121.78+964.08  Eu-152    площадь 0.000E+000  порог 2.379E-008  НИЖЕ ПОРОГА
    1850.33 = 719.35+121.78+1005.27  Eu-152    площадь 0.000E+000  порог 2.379E-008  НИЖЕ ПОРОГА
    1957.14 = 719.35+121.78+1112.07  Eu-152    площадь 0.000E+000  порог 2.379E-008  НИЖЕ ПОРОГА
    2058.03 = 719.35+121.78+1212.94  Eu-152    площадь 0.000E+000  порог 2.379E-008  НИЖЕ ПОРОГА
    2095.03 = 719.35+121.78+1249.93  Eu-152    площадь 0.000E+000  порог 2.379E-008  НИЖЕ ПОРОГА
    2253.14 = 719.35+121.78+1408.01  Eu-152    площадь 0.000E+000  порог 2.379E-008  НИЖЕ ПОРОГА
    2302.79 = 719.35+121.78+1457.64  Eu-152    площадь 0.000E+000  порог 2.379E-008  НИЖЕ ПОРОГА
    2373.27 = 719.35+121.78+1528.10  Eu-152    площадь 0.000E+000  порог 2.379E-008  НИЖЕ ПОРОГА
     885.81 = 719.35+121.78+39.52  Eu-152    площадь 9.488E-009  порог 2.379E-008  НИЖЕ ПОРОГА
     886.41 = 719.35+121.78+40.12  Eu-152    площадь 1.740E-008  порог 2.379E-008  НИЖЕ ПОРОГА
     891.84 = 719.35+121.78+45.52  Eu-152    площадь 5.980E-009  порог 2.379E-008  НИЖЕ ПОРОГА
     892.89 = 719.35+121.78+46.58  Eu-152    площадь 1.570E-009  порог 2.379E-008  НИЖЕ ПОРОГА
    1356.10 = 719.35+121.78+511.00  Eu-152    площадь 1.100E-011  порог 2.379E-008  НИЖЕ ПОРОГА
    1411.54 = 719.35+244.70+443.97  Eu-152    площадь 1.045E-008  порог 2.379E-008  НИЖЕ ПОРОГА
    1531.49 = 719.35+244.70+563.99  Eu-152    площадь 0.000E+000  порог 2.379E-008  НИЖЕ ПОРОГА
    1090.17 = 719.35+244.70+121.78  Eu-152    площадь 1.062E-008  порог 2.379E-008  НИЖЕ ПОРОГА
    1411.53 = 719.35+244.70+443.96  Eu-152    площадь 1.045E-008  порог 2.379E-008  НИЖЕ ПОРОГА
    1656.14 = 719.35+244.70+688.67  Eu-152    площадь 0.000E+000  порог 2.379E-008  НИЖЕ ПОРОГА
    1777.92 = 719.35+244.70+810.45  Eu-152    площадь 0.000E+000  порог 2.379E-008  НИЖЕ ПОРОГА
    1263.70 = 719.35+244.70+295.94  Eu-152    площадь 0.000E+000  порог 2.379E-008  НИЖЕ ПОРОГА
    1383.64 = 719.35+244.70+416.05  Eu-152    площадь 0.000E+000  порог 2.379E-008  НИЖЕ ПОРОГА
    1456.22 = 719.35+244.70+488.68  Eu-152    площадь 0.000E+000  порог 2.379E-008  НИЖЕ ПОРОГА
    1623.96 = 719.35+244.70+656.49  Eu-152    площадь 0.000E+000  порог 2.379E-008  НИЖЕ ПОРОГА
    1642.14 = 719.35+244.70+674.68  Eu-152    площадь 0.000E+000  порог 2.379E-008  НИЖЕ ПОРОГА
    1834.85 = 719.35+244.70+867.38  Eu-152    площадь 0.000E+000  порог 2.379E-008  НИЖЕ ПОРОГА
    1893.79 = 719.35+244.70+926.32  Eu-152    площадь 0.000E+000  порог 2.379E-008  НИЖЕ ПОРОГА
    1972.76 = 719.35+244.70+1005.27  Eu-152    площадь 0.000E+000  порог 2.379E-008  НИЖЕ ПОРОГА
    2180.48 = 719.35+244.70+1212.94  Eu-152    площадь 0.000E+000  порог 2.379E-008  НИЖЕ ПОРОГА
    1008.23 = 719.35+244.70+39.52  Eu-152    площадь 4.902E-009  порог 2.379E-008  НИЖЕ ПОРОГА
    1008.83 = 719.35+244.70+40.12  Eu-152    площадь 8.989E-009  порог 2.379E-008  НИЖЕ ПОРОГА
    1014.26 = 719.35+244.70+45.52  Eu-152    площадь 3.090E-009  порог 2.379E-008  НИЖЕ ПОРОГА
    1015.31 = 719.35+244.70+46.58  Eu-152    площадь 8.112E-010  порог 2.379E-008  НИЖЕ ПОРОГА
    1478.52 = 719.35+244.70+511.00  Eu-152    площадь 6.070E-012  порог 2.379E-008  НИЖЕ ПОРОГА
    1730.44 = 719.35+443.96+563.99  Eu-152    площадь 0.000E+000  порог 2.379E-008  НИЖЕ ПОРОГА
    1289.11 = 719.35+443.96+121.78  Eu-152    площадь 6.942E-009  порог 2.379E-008  НИЖЕ ПОРОГА
    1411.53 = 719.35+443.96+244.70  Eu-152    площадь 1.047E-008  порог 2.379E-008  НИЖЕ ПОРОГА
    1855.10 = 719.35+443.96+688.67  Eu-152    площадь 0.000E+000  порог 2.379E-008  НИЖЕ ПОРОГА
    1976.89 = 719.35+443.96+810.45  Eu-152    площадь 0.000E+000  порог 2.379E-008  НИЖЕ ПОРОГА
    1207.17 = 719.35+443.96+39.52  Eu-152    площадь 3.402E-009  порог 2.379E-008  НИЖЕ ПОРОГА
    1207.77 = 719.35+443.96+40.12  Eu-152    площадь 6.238E-009  порог 2.379E-008  НИЖЕ ПОРОГА
    1213.20 = 719.35+443.96+45.52  Eu-152    площадь 2.144E-009  порог 2.379E-008  НИЖЕ ПОРОГА
    1214.25 = 719.35+443.96+46.58  Eu-152    площадь 5.630E-010  порог 2.379E-008  НИЖЕ ПОРОГА
    1855.11 = 719.35+688.67+443.97  Eu-152    площадь 0.000E+000  порог 2.379E-008  НИЖЕ ПОРОГА
    1975.07 = 719.35+688.67+563.99  Eu-152    площадь 0.000E+000  порог 2.379E-008  НИЖЕ ПОРОГА
    1533.71 = 719.35+688.67+121.78  Eu-152    площадь 1.288E-008  порог 2.379E-008  НИЖЕ ПОРОГА
    1656.14 = 719.35+688.67+244.70  Eu-152    площадь 0.000E+000  порог 2.379E-008  НИЖЕ ПОРОГА
    1855.10 = 719.35+688.67+443.96  Eu-152    площадь 0.000E+000  порог 2.379E-008  НИЖЕ ПОРОГА
    2221.54 = 719.35+688.67+810.45  Eu-152    площадь 0.000E+000  порог 2.379E-008  НИЖЕ ПОРОГА
    1451.77 = 719.35+688.67+39.52  Eu-152    площадь 5.932E-009  порог 2.379E-008  НИЖЕ ПОРОГА
    1452.37 = 719.35+688.67+40.12  Eu-152    площадь 1.088E-008  порог 2.379E-008  НИЖЕ ПОРОГА
    1457.80 = 719.35+688.67+45.52  Eu-152    площадь 3.739E-009  порог 2.379E-008  НИЖЕ ПОРОГА
    1458.85 = 719.35+688.67+46.58  Eu-152    площадь 9.818E-010  порог 2.379E-008  НИЖЕ ПОРОГА
    1976.89 = 719.35+810.45+443.97  Eu-152    площадь 0.000E+000  порог 2.379E-008  НИЖЕ ПОРОГА
    2096.86 = 719.35+810.45+563.99  Eu-152    площадь 0.000E+000  порог 2.379E-008  НИЖЕ ПОРОГА
    1655.49 = 719.35+810.45+121.78  Eu-152    площадь 0.000E+000  порог 2.379E-008  НИЖЕ ПОРОГА
    1777.92 = 719.35+810.45+244.70  Eu-152    площадь 0.000E+000  порог 2.379E-008  НИЖЕ ПОРОГА
    1976.89 = 719.35+810.45+443.96  Eu-152    площадь 0.000E+000  порог 2.379E-008  НИЖЕ ПОРОГА
    2221.54 = 719.35+810.45+688.67  Eu-152    площадь 0.000E+000  порог 2.379E-008  НИЖЕ ПОРОГА
    1573.54 = 719.35+810.45+39.52  Eu-152    площадь 1.346E-009  порог 2.379E-008  НИЖЕ ПОРОГА
    1574.14 = 719.35+810.45+40.12  Eu-152    площадь 2.469E-009  порог 2.379E-008  НИЖЕ ПОРОГА
    1579.57 = 719.35+810.45+45.52  Eu-152    площадь 8.486E-010  порог 2.379E-008  НИЖЕ ПОРОГА
    1580.62 = 719.35+810.45+46.58  Eu-152    площадь 2.228E-010  порог 2.379E-008  НИЖЕ ПОРОГА
    1480.36 = 764.90+344.28+367.79  Eu-152    площадь 0.000E+000  порог 2.379E-008  НИЖЕ ПОРОГА
    1523.64 = 764.90+344.28+411.12  Eu-152    площадь 0.000E+000  порог 2.379E-008  НИЖЕ ПОРОГА
    1615.93 = 764.90+344.28+503.47  Eu-152    площадь 0.000E+000  порог 2.379E-008  НИЖЕ ПОРОГА
    1698.68 = 764.90+344.28+586.27  Eu-152    площадь 0.000E+000  порог 2.379E-008  НИЖЕ ПОРОГА
    1787.08 = 764.90+344.28+674.68  Eu-152    площадь 0.000E+000  порог 2.379E-008  НИЖЕ ПОРОГА
    1791.02 = 764.90+344.28+678.62  Eu-152    площадь 0.000E+000  порог 2.379E-008  НИЖЕ ПОРОГА
    1891.31 = 764.90+344.28+778.90  Eu-152    площадь 0.000E+000  порог 2.379E-008  НИЖЕ ПОРОГА
    2202.19 = 764.90+344.28+1089.73  Eu-152    площадь 0.000E+000  порог 2.379E-008  НИЖЕ ПОРОГА
    2411.66 = 764.90+344.28+1299.14  Eu-152    площадь 0.000E+000  порог 2.379E-008  НИЖЕ ПОРОГА
    1156.64 = 764.90+344.28+43.00  Eu-152    площадь 1.244E-010  порог 2.379E-008  НИЖЕ ПОРОГА
    1170.65 = 778.90+344.28+43.00  Eu-152    площадь 0.000E+000  порог 2.379E-008  НИЖЕ ПОРОГА
    1494.37 = 778.90+344.28+367.79  Eu-152    площадь 0.000E+000  порог 2.379E-008  НИЖЕ ПОРОГА
    1537.64 = 778.90+344.28+411.12  Eu-152    площадь 0.000E+000  порог 2.379E-008  НИЖЕ ПОРОГА
    1629.93 = 778.90+344.28+503.47  Eu-152    площадь 0.000E+000  порог 2.379E-008  НИЖЕ ПОРОГА
    1712.69 = 778.90+344.28+586.27  Eu-152    площадь 0.000E+000  порог 2.379E-008  НИЖЕ ПОРОГА
    1801.08 = 778.90+344.28+674.68  Eu-152    площадь 0.000E+000  порог 2.379E-008  НИЖЕ ПОРОГА
    1805.03 = 778.90+344.28+678.62  Eu-152    площадь 0.000E+000  порог 2.379E-008  НИЖЕ ПОРОГА
    1891.31 = 778.90+344.28+764.90  Eu-152    площадь 0.000E+000  порог 2.379E-008  НИЖЕ ПОРОГА
    2216.20 = 778.90+344.28+1089.73  Eu-152    площадь 0.000E+000  порог 2.379E-008  НИЖЕ ПОРОГА
    2425.67 = 778.90+344.28+1299.14  Eu-152    площадь 0.000E+000  порог 2.379E-008  НИЖЕ ПОРОГА
    1296.92 = 841.57+121.78+329.43  Eu-152    площадь 8.374E-009  порог 2.379E-008  НИЖЕ ПОРОГА
    1533.72 = 841.57+121.78+566.43  Eu-152    площадь 4.980E-009  порог 2.379E-008  НИЖЕ ПОРОГА
    1212.38 = 841.57+121.78+244.70  Eu-152    площадь 0.000E+000  порог 2.379E-008  НИЖЕ ПОРОГА
    1263.49 = 841.57+121.78+295.94  Eu-152    площадь 0.000E+000  порог 2.379E-008  НИЖЕ ПОРОГА
    1383.43 = 841.57+121.78+416.05  Eu-152    площадь 0.000E+000  порог 2.379E-008  НИЖЕ ПОРОГА
    1411.32 = 841.57+121.78+443.96  Eu-152    площадь 0.000E+000  порог 2.379E-008  НИЖЕ ПОРОГА
    1411.32 = 841.57+121.78+443.97  Eu-152    площадь 0.000E+000  порог 2.379E-008  НИЖЕ ПОРОГА
    1456.00 = 841.57+121.78+488.68  Eu-152    площадь 0.000E+000  порог 2.379E-008  НИЖЕ ПОРОГА
    1531.28 = 841.57+121.78+563.99  Eu-152    площадь 0.000E+000  порог 2.379E-008  НИЖЕ ПОРОГА
    1623.75 = 841.57+121.78+656.49  Eu-152    площадь 0.000E+000  порог 2.379E-008  НИЖЕ ПОРОГА
    1641.93 = 841.57+121.78+674.68  Eu-152    площадь 0.000E+000  порог 2.379E-008  НИЖЕ ПОРОГА
    1655.93 = 841.57+121.78+688.67  Eu-152    площадь 0.000E+000  порог 2.379E-008  НИЖЕ ПОРОГА
    1686.60 = 841.57+121.78+719.35  Eu-152    площадь 0.000E+000  порог 2.379E-008  НИЖЕ ПОРОГА
    1834.64 = 841.57+121.78+867.38  Eu-152    площадь 0.000E+000  порог 2.379E-008  НИЖЕ ПОРОГА
    1886.60 = 841.57+121.78+919.33  Eu-152    площадь 0.000E+000  порог 2.379E-008  НИЖЕ ПОРОГА
    1893.58 = 841.57+121.78+926.32  Eu-152    площадь 0.000E+000  порог 2.379E-008  НИЖЕ ПОРОГА
    1931.35 = 841.57+121.78+964.08  Eu-152    площадь 0.000E+000  порог 2.379E-008  НИЖЕ ПОРОГА
    1972.55 = 841.57+121.78+1005.27  Eu-152    площадь 0.000E+000  порог 2.379E-008  НИЖЕ ПОРОГА
    2079.37 = 841.57+121.78+1112.07  Eu-152    площадь 0.000E+000  порог 2.379E-008  НИЖЕ ПОРОГА
    2180.27 = 841.57+121.78+1212.94  Eu-152    площадь 0.000E+000  порог 2.379E-008  НИЖЕ ПОРОГА
    2217.27 = 841.57+121.78+1249.93  Eu-152    площадь 0.000E+000  порог 2.379E-008  НИЖЕ ПОРОГА
    2375.38 = 841.57+121.78+1408.01  Eu-152    площадь 0.000E+000  порог 2.379E-008  НИЖЕ ПОРОГА
    2425.04 = 841.57+121.78+1457.64  Eu-152    площадь 0.000E+000  порог 2.379E-008  НИЖЕ ПОРОГА
    2495.52 = 841.57+121.78+1528.10  Eu-152    площадь 0.000E+000  порог 2.379E-008  НИЖЕ ПОРОГА
    1008.02 = 841.57+121.78+39.52  Eu-152    площадь 5.042E-009  порог 2.379E-008  НИЖЕ ПОРОГА
    1008.62 = 841.57+121.78+40.12  Eu-152    площадь 9.246E-009  порог 2.379E-008  НИЖЕ ПОРОГА
    1014.05 = 841.57+121.78+45.52  Eu-152    площадь 3.178E-009  порог 2.379E-008  НИЖЕ ПОРОГА
    1015.10 = 841.57+121.78+46.58  Eu-152    площадь 8.345E-010  порог 2.379E-008  НИЖЕ ПОРОГА
    1478.31 = 841.57+121.78+511.00  Eu-152    площадь 5.848E-012  порог 2.379E-008  НИЖЕ ПОРОГА
    1289.30 = 867.38+121.78+295.94  Eu-152    площадь 1.333E-008  порог 2.379E-008  НИЖЕ ПОРОГА
    1409.24 = 867.38+121.78+416.05  Eu-152    площадь 2.406E-009  порог 2.379E-008  НИЖЕ ПОРОГА
    1238.19 = 867.38+121.78+244.70  Eu-152    площадь 5.583E-007  порог 2.379E-008  проходит
    1033.83 = 867.38+121.78+39.52  Eu-152    площадь 1.343E-007  порог 2.379E-008  проходит
    1034.43 = 867.38+121.78+40.12  Eu-152    площадь 2.463E-007  порог 2.379E-008  проходит
    1039.86 = 867.38+121.78+45.52  Eu-152    площадь 8.467E-008  порог 2.379E-008  проходит
    1040.91 = 867.38+121.78+46.58  Eu-152    площадь 2.223E-008  порог 2.379E-008  НИЖЕ ПОРОГА
    1322.73 = 867.38+121.78+329.43  Eu-152    площадь 3.048E-013  порог 2.379E-008  НИЖЕ ПОРОГА
    1437.13 = 867.38+121.78+443.96  Eu-152    площадь 0.000E+000  порог 2.379E-008  НИЖЕ ПОРОГА
    1437.13 = 867.38+121.78+443.97  Eu-152    площадь 0.000E+000  порог 2.379E-008  НИЖЕ ПОРОГА
    1481.82 = 867.38+121.78+488.68  Eu-152    площадь 0.000E+000  порог 2.379E-008  НИЖЕ ПОРОГА
    1557.09 = 867.38+121.78+563.99  Eu-152    площадь 0.000E+000  порог 2.379E-008  НИЖЕ ПОРОГА
    1559.53 = 867.38+121.78+566.43  Eu-152    площадь 0.000E+000  порог 2.379E-008  НИЖЕ ПОРОГА
    1649.56 = 867.38+121.78+656.49  Eu-152    площадь 0.000E+000  порог 2.379E-008  НИЖЕ ПОРОГА
    1667.74 = 867.38+121.78+674.68  Eu-152    площадь 0.000E+000  порог 2.379E-008  НИЖЕ ПОРОГА
    1681.74 = 867.38+121.78+688.67  Eu-152    площадь 0.000E+000  порог 2.379E-008  НИЖЕ ПОРОГА
    1712.41 = 867.38+121.78+719.35  Eu-152    площадь 0.000E+000  порог 2.379E-008  НИЖЕ ПОРОГА
    1834.64 = 867.38+121.78+841.57  Eu-152    площадь 0.000E+000  порог 2.379E-008  НИЖЕ ПОРОГА
    1912.41 = 867.38+121.78+919.33  Eu-152    площадь 0.000E+000  порог 2.379E-008  НИЖЕ ПОРОГА
    1919.40 = 867.38+121.78+926.32  Eu-152    площадь 0.000E+000  порог 2.379E-008  НИЖЕ ПОРОГА
    1957.16 = 867.38+121.78+964.08  Eu-152    площадь 0.000E+000  порог 2.379E-008  НИЖЕ ПОРОГА
    1998.37 = 867.38+121.78+1005.27  Eu-152    площадь 0.000E+000  порог 2.379E-008  НИЖЕ ПОРОГА
    2105.19 = 867.38+121.78+1112.07  Eu-152    площадь 0.000E+000  порог 2.379E-008  НИЖЕ ПОРОГА
    2206.08 = 867.38+121.78+1212.94  Eu-152    площадь 0.000E+000  порог 2.379E-008  НИЖЕ ПОРОГА
    2243.08 = 867.38+121.78+1249.93  Eu-152    площадь 0.000E+000  порог 2.379E-008  НИЖЕ ПОРОГА
    2401.20 = 867.38+121.78+1408.01  Eu-152    площадь 0.000E+000  порог 2.379E-008  НИЖЕ ПОРОГА
    2450.85 = 867.38+121.78+1457.64  Eu-152    площадь 0.000E+000  порог 2.379E-008  НИЖЕ ПОРОГА
    2521.33 = 867.38+121.78+1528.10  Eu-152    площадь 0.000E+000  порог 2.379E-008  НИЖЕ ПОРОГА
    1504.12 = 867.38+121.78+511.00  Eu-152    площадь 1.451E-010  порог 2.379E-008  НИЖЕ ПОРОГА
    1411.72 = 867.38+244.70+295.94  Eu-152    площадь 2.005E-008  порог 2.379E-008  НИЖЕ ПОРОГА
    1531.66 = 867.38+244.70+416.05  Eu-152    площадь 3.620E-009  порог 2.379E-008  НИЖЕ ПОРОГА
    1238.19 = 867.38+244.70+121.78  Eu-152    площадь 5.571E-007  порог 2.379E-008  проходит
    1156.25 = 867.38+244.70+39.52  Eu-152    площадь 2.566E-007  порог 2.379E-008  проходит
    1156.85 = 867.38+244.70+40.12  Eu-152    площадь 4.705E-007  порог 2.379E-008  проходит
    1162.28 = 867.38+244.70+45.52  Eu-152    площадь 1.617E-007  порог 2.379E-008  проходит
    1163.33 = 867.38+244.70+46.58  Eu-152    площадь 4.247E-008  порог 2.379E-008  проходит
    1559.55 = 867.38+244.70+443.96  Eu-152    площадь 0.000E+000  порог 2.379E-008  НИЖЕ ПОРОГА
    1559.56 = 867.38+244.70+443.97  Eu-152    площадь 0.000E+000  порог 2.379E-008  НИЖЕ ПОРОГА
    1604.24 = 867.38+244.70+488.68  Eu-152    площадь 0.000E+000  порог 2.379E-008  НИЖЕ ПОРОГА
    1679.52 = 867.38+244.70+563.99  Eu-152    площадь 0.000E+000  порог 2.379E-008  НИЖЕ ПОРОГА
    1771.99 = 867.38+244.70+656.49  Eu-152    площадь 0.000E+000  порог 2.379E-008  НИЖЕ ПОРОГА
    1790.17 = 867.38+244.70+674.68  Eu-152    площадь 0.000E+000  порог 2.379E-008  НИЖЕ ПОРОГА
    1834.85 = 867.38+244.70+719.35  Eu-152    площадь 0.000E+000  порог 2.379E-008  НИЖЕ ПОРОГА
    2041.84 = 867.38+244.70+926.32  Eu-152    площадь 0.000E+000  порог 2.379E-008  НИЖЕ ПОРОГА
    2120.81 = 867.38+244.70+1005.27  Eu-152    площадь 0.000E+000  порог 2.379E-008  НИЖЕ ПОРОГА
    2328.53 = 867.38+244.70+1212.94  Eu-152    площадь 0.000E+000  порог 2.379E-008  НИЖЕ ПОРОГА
    1626.55 = 867.38+244.70+511.00  Eu-152    площадь 3.185E-010  порог 2.379E-008  НИЖЕ ПОРОГА
    1533.77 = 919.33+121.78+488.68  Eu-152    площадь 2.240E-008  порог 2.379E-008  НИЖЕ ПОРОГА
    1085.78 = 919.33+121.78+39.52  Eu-152    площадь 1.186E-008  порог 2.379E-008  НИЖЕ ПОРОГА
    1086.38 = 919.33+121.78+40.12  Eu-152    площадь 2.175E-008  порог 2.379E-008  НИЖЕ ПОРОГА
    1091.81 = 919.33+121.78+45.52  Eu-152    площадь 7.475E-009  порог 2.379E-008  НИЖЕ ПОРОГА
    1092.86 = 919.33+121.78+46.58  Eu-152    площадь 1.962E-009  порог 2.379E-008  НИЖЕ ПОРОГА
    1290.14 = 919.33+121.78+244.70  Eu-152    площадь 0.000E+000  порог 2.379E-008  НИЖЕ ПОРОГА
    1341.26 = 919.33+121.78+295.94  Eu-152    площадь 0.000E+000  порог 2.379E-008  НИЖЕ ПОРОГА
    1374.68 = 919.33+121.78+329.43  Eu-152    площадь 6.402E-012  порог 2.379E-008  НИЖЕ ПОРОГА
    1461.19 = 919.33+121.78+416.05  Eu-152    площадь 0.000E+000  порог 2.379E-008  НИЖЕ ПОРОГА
    1489.08 = 919.33+121.78+443.96  Eu-152    площадь 0.000E+000  порог 2.379E-008  НИЖЕ ПОРОГА
    1489.09 = 919.33+121.78+443.97  Eu-152    площадь 0.000E+000  порог 2.379E-008  НИЖЕ ПОРОГА
    1609.04 = 919.33+121.78+563.99  Eu-152    площадь 0.000E+000  порог 2.379E-008  НИЖЕ ПОРОГА
    1611.48 = 919.33+121.78+566.43  Eu-152    площадь 0.000E+000  порог 2.379E-008  НИЖЕ ПОРОГА
    1701.51 = 919.33+121.78+656.49  Eu-152    площадь 0.000E+000  порог 2.379E-008  НИЖЕ ПОРОГА
    1719.70 = 919.33+121.78+674.68  Eu-152    площадь 0.000E+000  порог 2.379E-008  НИЖЕ ПОРОГА
    1733.69 = 919.33+121.78+688.67  Eu-152    площадь 0.000E+000  порог 2.379E-008  НИЖЕ ПОРОГА
    1764.37 = 919.33+121.78+719.35  Eu-152    площадь 0.000E+000  порог 2.379E-008  НИЖЕ ПОРОГА
    1886.60 = 919.33+121.78+841.57  Eu-152    площадь 0.000E+000  порог 2.379E-008  НИЖЕ ПОРОГА
    1912.41 = 919.33+121.78+867.38  Eu-152    площадь 0.000E+000  порог 2.379E-008  НИЖЕ ПОРОГА
    1971.36 = 919.33+121.78+926.32  Eu-152    площадь 0.000E+000  порог 2.379E-008  НИЖЕ ПОРОГА
    2009.12 = 919.33+121.78+964.08  Eu-152    площадь 0.000E+000  порог 2.379E-008  НИЖЕ ПОРОГА
    2050.33 = 919.33+121.78+1005.27  Eu-152    площадь 0.000E+000  порог 2.379E-008  НИЖЕ ПОРОГА
    2157.15 = 919.33+121.78+1112.07  Eu-152    площадь 0.000E+000  порог 2.379E-008  НИЖЕ ПОРОГА
    2258.05 = 919.33+121.78+1212.94  Eu-152    площадь 0.000E+000  порог 2.379E-008  НИЖЕ ПОРОГА
    2295.05 = 919.33+121.78+1249.93  Eu-152    площадь 0.000E+000  порог 2.379E-008  НИЖЕ ПОРОГА
    2453.17 = 919.33+121.78+1408.01  Eu-152    площадь 0.000E+000  порог 2.379E-008  НИЖЕ ПОРОГА
    2502.82 = 919.33+121.78+1457.64  Eu-152    площадь 0.000E+000  порог 2.379E-008  НИЖЕ ПОРОГА
    2573.30 = 919.33+121.78+1528.10  Eu-152    площадь 0.000E+000  порог 2.379E-008  НИЖЕ ПОРОГА
    1556.07 = 919.33+121.78+511.00  Eu-152    площадь 1.382E-011  порог 2.379E-008  НИЖЕ ПОРОГА
    1297.12 = 926.32+121.78+244.70  Eu-152    площадь 3.436E-008  порог 2.379E-008  проходит
    1348.24 = 926.32+121.78+295.94  Eu-152    площадь 0.000E+000  порог 2.379E-008  НИЖЕ ПОРОГА
    1381.67 = 926.32+121.78+329.43  Eu-152    площадь 0.000E+000  порог 2.379E-008  НИЖЕ ПОРОГА
    1468.18 = 926.32+121.78+416.05  Eu-152    площадь 0.000E+000  порог 2.379E-008  НИЖЕ ПОРОГА
    1496.07 = 926.32+121.78+443.96  Eu-152    площадь 0.000E+000  порог 2.379E-008  НИЖЕ ПОРОГА
    1496.07 = 926.32+121.78+443.97  Eu-152    площадь 0.000E+000  порог 2.379E-008  НИЖЕ ПОРОГА
    1540.75 = 926.32+121.78+488.68  Eu-152    площадь 0.000E+000  порог 2.379E-008  НИЖЕ ПОРОГА
    1616.03 = 926.32+121.78+563.99  Eu-152    площадь 0.000E+000  порог 2.379E-008  НИЖЕ ПОРОГА
    1618.47 = 926.32+121.78+566.43  Eu-152    площадь 0.000E+000  порог 2.379E-008  НИЖЕ ПОРОГА
    1708.50 = 926.32+121.78+656.49  Eu-152    площадь 0.000E+000  порог 2.379E-008  НИЖЕ ПОРОГА
    1726.69 = 926.32+121.78+674.68  Eu-152    площадь 0.000E+000  порог 2.379E-008  НИЖЕ ПОРОГА
    1740.68 = 926.32+121.78+688.67  Eu-152    площадь 0.000E+000  порог 2.379E-008  НИЖЕ ПОРОГА
    1771.36 = 926.32+121.78+719.35  Eu-152    площадь 0.000E+000  порог 2.379E-008  НИЖЕ ПОРОГА
    1893.58 = 926.32+121.78+841.57  Eu-152    площадь 0.000E+000  порог 2.379E-008  НИЖЕ ПОРОГА
    1919.40 = 926.32+121.78+867.38  Eu-152    площадь 0.000E+000  порог 2.379E-008  НИЖЕ ПОРОГА
    1971.36 = 926.32+121.78+919.33  Eu-152    площадь 0.000E+000  порог 2.379E-008  НИЖЕ ПОРОГА
    2016.11 = 926.32+121.78+964.08  Eu-152    площадь 0.000E+000  порог 2.379E-008  НИЖЕ ПОРОГА
    2057.32 = 926.32+121.78+1005.27  Eu-152    площадь 0.000E+000  порог 2.379E-008  НИЖЕ ПОРОГА
    2164.14 = 926.32+121.78+1112.07  Eu-152    площадь 0.000E+000  порог 2.379E-008  НИЖЕ ПОРОГА
    2265.03 = 926.32+121.78+1212.94  Eu-152    площадь 0.000E+000  порог 2.379E-008  НИЖЕ ПОРОГА
    2302.04 = 926.32+121.78+1249.93  Eu-152    площадь 0.000E+000  порог 2.379E-008  НИЖЕ ПОРОГА
    2460.16 = 926.32+121.78+1408.01  Eu-152    площадь 0.000E+000  порог 2.379E-008  НИЖЕ ПОРОГА
    2509.81 = 926.32+121.78+1457.64  Eu-152    площадь 0.000E+000  порог 2.379E-008  НИЖЕ ПОРОГА
    2580.29 = 926.32+121.78+1528.10  Eu-152    площадь 0.000E+000  порог 2.379E-008  НИЖЕ ПОРОГА
    1092.76 = 926.32+121.78+39.52  Eu-152    площадь 7.701E-009  порог 2.379E-008  НИЖЕ ПОРОГА
    1093.36 = 926.32+121.78+40.12  Eu-152    площадь 1.412E-008  порог 2.379E-008  НИЖЕ ПОРОГА
    1098.79 = 926.32+121.78+45.52  Eu-152    площадь 4.855E-009  порог 2.379E-008  НИЖЕ ПОРОГА
    1099.85 = 926.32+121.78+46.58  Eu-152    площадь 1.275E-009  порог 2.379E-008  НИЖЕ ПОРОГА
    1563.06 = 926.32+121.78+511.00  Eu-152    площадь 8.932E-012  порог 2.379E-008  НИЖЕ ПОРОГА
    1297.12 = 926.32+244.70+121.78  Eu-152    площадь 3.429E-008  порог 2.379E-008  проходит
    1470.66 = 926.32+244.70+295.94  Eu-152    площадь 0.000E+000  порог 2.379E-008  НИЖЕ ПОРОГА
    1590.60 = 926.32+244.70+416.05  Eu-152    площадь 0.000E+000  порог 2.379E-008  НИЖЕ ПОРОГА
    1618.49 = 926.32+244.70+443.96  Eu-152    площадь 0.000E+000  порог 2.379E-008  НИЖЕ ПОРОГА
    1618.50 = 926.32+244.70+443.97  Eu-152    площадь 0.000E+000  порог 2.379E-008  НИЖЕ ПОРОГА
    1663.18 = 926.32+244.70+488.68  Eu-152    площадь 0.000E+000  порог 2.379E-008  НИЖЕ ПОРОГА
    1738.46 = 926.32+244.70+563.99  Eu-152    площадь 0.000E+000  порог 2.379E-008  НИЖЕ ПОРОГА
    1830.93 = 926.32+244.70+656.49  Eu-152    площадь 0.000E+000  порог 2.379E-008  НИЖЕ ПОРОГА
    1849.12 = 926.32+244.70+674.68  Eu-152    площадь 0.000E+000  порог 2.379E-008  НИЖЕ ПОРОГА
    1893.79 = 926.32+244.70+719.35  Eu-152    площадь 0.000E+000  порог 2.379E-008  НИЖЕ ПОРОГА
    2041.84 = 926.32+244.70+867.38  Eu-152    площадь 0.000E+000  порог 2.379E-008  НИЖЕ ПОРОГА
    2179.76 = 926.32+244.70+1005.27  Eu-152    площадь 0.000E+000  порог 2.379E-008  НИЖЕ ПОРОГА
    2387.49 = 926.32+244.70+1212.94  Eu-152    площадь 0.000E+000  порог 2.379E-008  НИЖЕ ПОРОГА
    1215.18 = 926.32+244.70+39.52  Eu-152    площадь 1.583E-008  порог 2.379E-008  НИЖЕ ПОРОГА
    1215.78 = 926.32+244.70+40.12  Eu-152    площадь 2.903E-008  порог 2.379E-008  проходит
    1221.21 = 926.32+244.70+45.52  Eu-152    площадь 9.980E-009  порог 2.379E-008  НИЖЕ ПОРОГА
    1222.27 = 926.32+244.70+46.58  Eu-152    площадь 2.620E-009  порог 2.379E-008  НИЖЕ ПОРОГА
    1685.49 = 926.32+244.70+511.00  Eu-152    площадь 1.960E-011  порог 2.379E-008  НИЖЕ ПОРОГА
    1533.84 = 964.08+121.78+443.97  Eu-152    площадь 1.296E-007  порог 2.379E-008  проходит
    1653.79 = 964.08+121.78+563.99  Eu-152    площадь 1.766E-008  порог 2.379E-008  НИЖЕ ПОРОГА
    1130.53 = 964.08+121.78+39.52  Eu-152    площадь 3.841E-007  порог 2.379E-008  проходит
    1131.13 = 964.08+121.78+40.12  Eu-152    площадь 7.043E-007  порог 2.379E-008  проходит
    1136.56 = 964.08+121.78+45.52  Eu-152    площадь 2.421E-007  порог 2.379E-008  проходит
    1137.61 = 964.08+121.78+46.58  Eu-152    площадь 6.356E-008  порог 2.379E-008  проходит
    1334.89 = 964.08+121.78+244.70  Eu-152    площадь 0.000E+000  порог 2.379E-008  НИЖЕ ПОРОГА
    1386.00 = 964.08+121.78+295.94  Eu-152    площадь 5.336E-011  порог 2.379E-008  НИЖЕ ПОРОГА
    1419.43 = 964.08+121.78+329.43  Eu-152    площадь 5.566E-012  порог 2.379E-008  НИЖЕ ПОРОГА
    1505.94 = 964.08+121.78+416.05  Eu-152    площадь 9.632E-012  порог 2.379E-008  НИЖЕ ПОРОГА
    1533.83 = 964.08+121.78+443.96  Eu-152    площадь 1.296E-007  порог 2.379E-008  проходит
    1578.52 = 964.08+121.78+488.68  Eu-152    площадь 0.000E+000  порог 2.379E-008  НИЖЕ ПОРОГА
    1656.23 = 964.08+121.78+566.43  Eu-152    площадь 0.000E+000  порог 2.379E-008  НИЖЕ ПОРОГА
    1746.27 = 964.08+121.78+656.49  Eu-152    площадь 0.000E+000  порог 2.379E-008  НИЖЕ ПОРОГА
    1764.45 = 964.08+121.78+674.68  Eu-152    площадь 0.000E+000  порог 2.379E-008  НИЖЕ ПОРОГА
    1778.45 = 964.08+121.78+688.67  Eu-152    площадь 0.000E+000  порог 2.379E-008  НИЖЕ ПОРОГА
    1809.13 = 964.08+121.78+719.35  Eu-152    площадь 0.000E+000  порог 2.379E-008  НИЖЕ ПОРОГА
    1931.35 = 964.08+121.78+841.57  Eu-152    площадь 0.000E+000  порог 2.379E-008  НИЖЕ ПОРОГА
    1957.16 = 964.08+121.78+867.38  Eu-152    площадь 0.000E+000  порог 2.379E-008  НИЖЕ ПОРОГА
    2009.12 = 964.08+121.78+919.33  Eu-152    площадь 0.000E+000  порог 2.379E-008  НИЖЕ ПОРОГА
    2016.11 = 964.08+121.78+926.32  Eu-152    площадь 0.000E+000  порог 2.379E-008  НИЖЕ ПОРОГА
    2095.09 = 964.08+121.78+1005.27  Eu-152    площадь 0.000E+000  порог 2.379E-008  НИЖЕ ПОРОГА
    2201.91 = 964.08+121.78+1112.07  Eu-152    площадь 0.000E+000  порог 2.379E-008  НИЖЕ ПОРОГА
    2302.81 = 964.08+121.78+1212.94  Eu-152    площадь 0.000E+000  порог 2.379E-008  НИЖЕ ПОРОГА
    2339.81 = 964.08+121.78+1249.93  Eu-152    площадь 0.000E+000  порог 2.379E-008  НИЖЕ ПОРОГА
    2497.93 = 964.08+121.78+1408.01  Eu-152    площадь 0.000E+000  порог 2.379E-008  НИЖЕ ПОРОГА
    2547.59 = 964.08+121.78+1457.64  Eu-152    площадь 0.000E+000  порог 2.379E-008  НИЖЕ ПОРОГА
    2618.07 = 964.08+121.78+1528.10  Eu-152    площадь 0.000E+000  порог 2.379E-008  НИЖЕ ПОРОГА
    1600.83 = 964.08+121.78+511.00  Eu-152    площадь 4.519E-010  порог 2.379E-008  НИЖЕ ПОРОГА
    1376.08 = 1005.27+121.78+244.70  Eu-152    площадь 7.391E-008  порог 2.379E-008  проходит
    1171.72 = 1005.27+121.78+39.52  Eu-152    площадь 1.778E-008  порог 2.379E-008  НИЖЕ ПОРОГА
    1172.32 = 1005.27+121.78+40.12  Eu-152    площадь 3.260E-008  порог 2.379E-008  проходит
    1177.75 = 1005.27+121.78+45.52  Eu-152    площадь 1.120E-008  порог 2.379E-008  НИЖЕ ПОРОГА
    1178.81 = 1005.27+121.78+46.58  Eu-152    площадь 2.942E-009  порог 2.379E-008  НИЖЕ ПОРОГА
    1427.20 = 1005.27+121.78+295.94  Eu-152    площадь 0.000E+000  порог 2.379E-008  НИЖЕ ПОРОГА
    1460.62 = 1005.27+121.78+329.43  Eu-152    площадь 5.800E-010  порог 2.379E-008  НИЖЕ ПОРОГА
    1547.14 = 1005.27+121.78+416.05  Eu-152    площадь 0.000E+000  порог 2.379E-008  НИЖЕ ПОРОГА
    1575.03 = 1005.27+121.78+443.96  Eu-152    площадь 0.000E+000  порог 2.379E-008  НИЖЕ ПОРОГА
    1575.03 = 1005.27+121.78+443.97  Eu-152    площадь 0.000E+000  порог 2.379E-008  НИЖЕ ПОРОГА
    1619.72 = 1005.27+121.78+488.68  Eu-152    площадь 0.000E+000  порог 2.379E-008  НИЖЕ ПОРОГА
    1694.99 = 1005.27+121.78+563.99  Eu-152    площадь 0.000E+000  порог 2.379E-008  НИЖЕ ПОРОГА
    1697.43 = 1005.27+121.78+566.43  Eu-152    площадь 0.000E+000  порог 2.379E-008  НИЖЕ ПОРОГА
    1787.47 = 1005.27+121.78+656.49  Eu-152    площадь 0.000E+000  порог 2.379E-008  НИЖЕ ПОРОГА
    1805.65 = 1005.27+121.78+674.68  Eu-152    площадь 0.000E+000  порог 2.379E-008  НИЖЕ ПОРОГА
    1819.65 = 1005.27+121.78+688.67  Eu-152    площадь 0.000E+000  порог 2.379E-008  НИЖЕ ПОРОГА
    1850.33 = 1005.27+121.78+719.35  Eu-152    площадь 0.000E+000  порог 2.379E-008  НИЖЕ ПОРОГА
    1972.55 = 1005.27+121.78+841.57  Eu-152    площадь 0.000E+000  порог 2.379E-008  НИЖЕ ПОРОГА
    1998.37 = 1005.27+121.78+867.38  Eu-152    площадь 0.000E+000  порог 2.379E-008  НИЖЕ ПОРОГА
    2050.33 = 1005.27+121.78+919.33  Eu-152    площадь 0.000E+000  порог 2.379E-008  НИЖЕ ПОРОГА
    2057.32 = 1005.27+121.78+926.32  Eu-152    площадь 0.000E+000  порог 2.379E-008  НИЖЕ ПОРОГА
    2095.09 = 1005.27+121.78+964.08  Eu-152    площадь 0.000E+000  порог 2.379E-008  НИЖЕ ПОРОГА
    2243.11 = 1005.27+121.78+1112.07  Eu-152    площадь 0.000E+000  порог 2.379E-008  НИЖЕ ПОРОГА
    2344.01 = 1005.27+121.78+1212.94  Eu-152    площадь 0.000E+000  порог 2.379E-008  НИЖЕ ПОРОГА
    2381.02 = 1005.27+121.78+1249.93  Eu-152    площадь 0.000E+000  порог 2.379E-008  НИЖЕ ПОРОГА
    2539.14 = 1005.27+121.78+1408.01  Eu-152    площадь 0.000E+000  порог 2.379E-008  НИЖЕ ПОРОГА
    2588.80 = 1005.27+121.78+1457.64  Eu-152    площадь 0.000E+000  порог 2.379E-008  НИЖЕ ПОРОГА
    2659.28 = 1005.27+121.78+1528.10  Eu-152    площадь 0.000E+000  порог 2.379E-008  НИЖЕ ПОРОГА
    1642.02 = 1005.27+121.78+511.00  Eu-152    площадь 1.921E-011  порог 2.379E-008  НИЖЕ ПОРОГА
    1376.08 = 1005.27+244.70+121.78  Eu-152    площадь 7.372E-008  порог 2.379E-008  проходит
    1294.14 = 1005.27+244.70+39.52  Eu-152    площадь 3.395E-008  порог 2.379E-008  проходит
    1294.74 = 1005.27+244.70+40.12  Eu-152    площадь 6.225E-008  порог 2.379E-008  проходит
    1300.17 = 1005.27+244.70+45.52  Eu-152    площадь 2.140E-008  порог 2.379E-008  НИЖЕ ПОРОГА
    1301.22 = 1005.27+244.70+46.58  Eu-152    площадь 5.618E-009  порог 2.379E-008  НИЖЕ ПОРОГА
    1549.62 = 1005.27+244.70+295.94  Eu-152    площадь 0.000E+000  порог 2.379E-008  НИЖЕ ПОРОГА
    1669.57 = 1005.27+244.70+416.05  Eu-152    площадь 0.000E+000  порог 2.379E-008  НИЖЕ ПОРОГА
    1697.46 = 1005.27+244.70+443.96  Eu-152    площадь 0.000E+000  порог 2.379E-008  НИЖЕ ПОРОГА
    1697.46 = 1005.27+244.70+443.97  Eu-152    площадь 0.000E+000  порог 2.379E-008  НИЖЕ ПОРОГА
    1742.15 = 1005.27+244.70+488.68  Eu-152    площадь 0.000E+000  порог 2.379E-008  НИЖЕ ПОРОГА
    1817.42 = 1005.27+244.70+563.99  Eu-152    площадь 0.000E+000  порог 2.379E-008  НИЖЕ ПОРОГА
    1909.90 = 1005.27+244.70+656.49  Eu-152    площадь 0.000E+000  порог 2.379E-008  НИЖЕ ПОРОГА
    1928.09 = 1005.27+244.70+674.68  Eu-152    площадь 0.000E+000  порог 2.379E-008  НИЖЕ ПОРОГА
    1972.76 = 1005.27+244.70+719.35  Eu-152    площадь 0.000E+000  порог 2.379E-008  НИЖЕ ПОРОГА
    2120.81 = 1005.27+244.70+867.38  Eu-152    площадь 0.000E+000  порог 2.379E-008  НИЖЕ ПОРОГА
    2179.76 = 1005.27+244.70+926.32  Eu-152    площадь 0.000E+000  порог 2.379E-008  НИЖЕ ПОРОГА
    2466.47 = 1005.27+244.70+1212.94  Eu-152    площадь 0.000E+000  порог 2.379E-008  НИЖЕ ПОРОГА
    1764.45 = 1005.27+244.70+511.00  Eu-152    площадь 4.215E-011  порог 2.379E-008  НИЖЕ ПОРОГА
    1481.47 = 1089.73+344.28+43.00  Eu-152    площадь 0.000E+000  порог 2.379E-008  НИЖЕ ПОРОГА
    1805.21 = 1089.73+344.28+367.79  Eu-152    площадь 0.000E+000  порог 2.379E-008  НИЖЕ ПОРОГА
    1848.49 = 1089.73+344.28+411.12  Eu-152    площадь 0.000E+000  порог 2.379E-008  НИЖЕ ПОРОГА
    1940.79 = 1089.73+344.28+503.47  Eu-152    площадь 0.000E+000  порог 2.379E-008  НИЖЕ ПОРОГА
    2023.55 = 1089.73+344.28+586.27  Eu-152    площадь 0.000E+000  порог 2.379E-008  НИЖЕ ПОРОГА
    2111.96 = 1089.73+344.28+674.68  Eu-152    площадь 0.000E+000  порог 2.379E-008  НИЖЕ ПОРОГА
    2115.91 = 1089.73+344.28+678.62  Eu-152    площадь 0.000E+000  порог 2.379E-008  НИЖЕ ПОРОГА
    2202.19 = 1089.73+344.28+764.90  Eu-152    площадь 0.000E+000  порог 2.379E-008  НИЖЕ ПОРОГА
    2216.20 = 1089.73+344.28+778.90  Eu-152    площадь 0.000E+000  порог 2.379E-008  НИЖЕ ПОРОГА
    2736.61 = 1089.73+344.28+1299.14  Eu-152    площадь 0.000E+000  порог 2.379E-008  НИЖЕ ПОРОГА
    1534.00 = 1112.07+121.78+295.94  Eu-152    площадь 3.404E-008  порог 2.379E-008  проходит
    1653.94 = 1112.07+121.78+416.05  Eu-152    площадь 6.144E-009  порог 2.379E-008  НИЖЕ ПОРОГА
    1278.52 = 1112.07+121.78+39.52  Eu-152    площадь 3.132E-007  порог 2.379E-008  проходит
    1279.12 = 1112.07+121.78+40.12  Eu-152    площадь 5.744E-007  порог 2.379E-008  проходит
    1284.55 = 1112.07+121.78+45.52  Eu-152    площадь 1.974E-007  порог 2.379E-008  проходит
    1285.60 = 1112.07+121.78+46.58  Eu-152    площадь 5.184E-008  порог 2.379E-008  проходит
    1482.88 = 1112.07+121.78+244.70  Eu-152    площадь 0.000E+000  порог 2.379E-008  НИЖЕ ПОРОГА
    1567.43 = 1112.07+121.78+329.43  Eu-152    площадь 7.782E-013  порог 2.379E-008  НИЖЕ ПОРОГА
    1681.84 = 1112.07+121.78+443.96  Eu-152    площадь 0.000E+000  порог 2.379E-008  НИЖЕ ПОРОГА
    1681.84 = 1112.07+121.78+443.97  Eu-152    площадь 0.000E+000  порог 2.379E-008  НИЖЕ ПОРОГА
    1726.52 = 1112.07+121.78+488.68  Eu-152    площадь 0.000E+000  порог 2.379E-008  НИЖЕ ПОРОГА
    1801.80 = 1112.07+121.78+563.99  Eu-152    площадь 0.000E+000  порог 2.379E-008  НИЖЕ ПОРОГА
    1804.24 = 1112.07+121.78+566.43  Eu-152    площадь 0.000E+000  порог 2.379E-008  НИЖЕ ПОРОГА
    1894.28 = 1112.07+121.78+656.49  Eu-152    площадь 0.000E+000  порог 2.379E-008  НИЖЕ ПОРОГА
    1912.47 = 1112.07+121.78+674.68  Eu-152    площадь 0.000E+000  порог 2.379E-008  НИЖЕ ПОРОГА
    1926.46 = 1112.07+121.78+688.67  Eu-152    площадь 0.000E+000  порог 2.379E-008  НИЖЕ ПОРОГА
    1957.14 = 1112.07+121.78+719.35  Eu-152    площадь 0.000E+000  порог 2.379E-008  НИЖЕ ПОРОГА
    2079.37 = 1112.07+121.78+841.57  Eu-152    площадь 0.000E+000  порог 2.379E-008  НИЖЕ ПОРОГА
    2105.19 = 1112.07+121.78+867.38  Eu-152    площадь 0.000E+000  порог 2.379E-008  НИЖЕ ПОРОГА
    2157.15 = 1112.07+121.78+919.33  Eu-152    площадь 0.000E+000  порог 2.379E-008  НИЖЕ ПОРОГА
    2164.14 = 1112.07+121.78+926.32  Eu-152    площадь 0.000E+000  порог 2.379E-008  НИЖЕ ПОРОГА
    2201.91 = 1112.07+121.78+964.08  Eu-152    площадь 0.000E+000  порог 2.379E-008  НИЖЕ ПОРОГА
    2243.11 = 1112.07+121.78+1005.27  Eu-152    площадь 0.000E+000  порог 2.379E-008  НИЖЕ ПОРОГА
    2450.85 = 1112.07+121.78+1212.94  Eu-152    площадь 0.000E+000  порог 2.379E-008  НИЖЕ ПОРОГА
    2487.85 = 1112.07+121.78+1249.93  Eu-152    площадь 0.000E+000  порог 2.379E-008  НИЖЕ ПОРОГА
    2645.98 = 1112.07+121.78+1408.01  Eu-152    площадь 0.000E+000  порог 2.379E-008  НИЖЕ ПОРОГА
    2695.64 = 1112.07+121.78+1457.64  Eu-152    площадь 0.000E+000  порог 2.379E-008  НИЖЕ ПОРОГА
    2766.12 = 1112.07+121.78+1528.10  Eu-152    площадь 0.000E+000  порог 2.379E-008  НИЖЕ ПОРОГА
    1748.83 = 1112.07+121.78+511.00  Eu-152    площадь 3.684E-010  порог 2.379E-008  НИЖЕ ПОРОГА
    1583.76 = 1212.94+121.78+244.70  Eu-152    площадь 1.363E-007  порог 2.379E-008  проходит
    1379.39 = 1212.94+121.78+39.52  Eu-152    площадь 3.279E-008  порог 2.379E-008  проходит
    1379.99 = 1212.94+121.78+40.12  Eu-152    площадь 6.013E-008  порог 2.379E-008  проходит
    1385.42 = 1212.94+121.78+45.52  Eu-152    площадь 2.067E-008  порог 2.379E-008  НИЖЕ ПОРОГА
    1386.47 = 1212.94+121.78+46.58  Eu-152    площадь 5.426E-009  порог 2.379E-008  НИЖЕ ПОРОГА
    1634.88 = 1212.94+121.78+295.94  Eu-152    площадь 0.000E+000  порог 2.379E-008  НИЖЕ ПОРОГА
    1668.31 = 1212.94+121.78+329.43  Eu-152    площадь 0.000E+000  порог 2.379E-008  НИЖЕ ПОРОГА
    1754.82 = 1212.94+121.78+416.05  Eu-152    площадь 0.000E+000  порог 2.379E-008  НИЖЕ ПОРОГА
    1782.72 = 1212.94+121.78+443.96  Eu-152    площадь 0.000E+000  порог 2.379E-008  НИЖЕ ПОРОГА
    1782.72 = 1212.94+121.78+443.97  Eu-152    площадь 0.000E+000  порог 2.379E-008  НИЖЕ ПОРОГА
    1827.41 = 1212.94+121.78+488.68  Eu-152    площадь 0.000E+000  порог 2.379E-008  НИЖЕ ПОРОГА
    1902.69 = 1212.94+121.78+563.99  Eu-152    площадь 0.000E+000  порог 2.379E-008  НИЖЕ ПОРОГА
    1905.13 = 1212.94+121.78+566.43  Eu-152    площадь 0.000E+000  порог 2.379E-008  НИЖЕ ПОРОГА
    1995.17 = 1212.94+121.78+656.49  Eu-152    площадь 0.000E+000  порог 2.379E-008  НИЖЕ ПОРОГА
    2013.35 = 1212.94+121.78+674.68  Eu-152    площадь 0.000E+000  порог 2.379E-008  НИЖЕ ПОРОГА
    2027.35 = 1212.94+121.78+688.67  Eu-152    площадь 0.000E+000  порог 2.379E-008  НИЖЕ ПОРОГА
    2058.03 = 1212.94+121.78+719.35  Eu-152    площадь 0.000E+000  порог 2.379E-008  НИЖЕ ПОРОГА
    2180.27 = 1212.94+121.78+841.57  Eu-152    площадь 0.000E+000  порог 2.379E-008  НИЖЕ ПОРОГА
    2206.08 = 1212.94+121.78+867.38  Eu-152    площадь 0.000E+000  порог 2.379E-008  НИЖЕ ПОРОГА
    2258.05 = 1212.94+121.78+919.33  Eu-152    площадь 0.000E+000  порог 2.379E-008  НИЖЕ ПОРОГА
    2265.03 = 1212.94+121.78+926.32  Eu-152    площадь 0.000E+000  порог 2.379E-008  НИЖЕ ПОРОГА
    2302.81 = 1212.94+121.78+964.08  Eu-152    площадь 0.000E+000  порог 2.379E-008  НИЖЕ ПОРОГА
    2344.01 = 1212.94+121.78+1005.27  Eu-152    площадь 0.000E+000  порог 2.379E-008  НИЖЕ ПОРОГА
    2450.85 = 1212.94+121.78+1112.07  Eu-152    площадь 0.000E+000  порог 2.379E-008  НИЖЕ ПОРОГА
    2588.76 = 1212.94+121.78+1249.93  Eu-152    площадь 0.000E+000  порог 2.379E-008  НИЖЕ ПОРОГА
    2746.89 = 1212.94+121.78+1408.01  Eu-152    площадь 0.000E+000  порог 2.379E-008  НИЖЕ ПОРОГА
    2796.55 = 1212.94+121.78+1457.64  Eu-152    площадь 0.000E+000  порог 2.379E-008  НИЖЕ ПОРОГА
    2867.04 = 1212.94+121.78+1528.10  Eu-152    площадь 0.000E+000  порог 2.379E-008  НИЖЕ ПОРОГА
    1849.72 = 1212.94+121.78+511.00  Eu-152    площадь 3.544E-011  порог 2.379E-008  НИЖЕ ПОРОГА
    1583.76 = 1212.94+244.70+121.78  Eu-152    площадь 1.353E-007  порог 2.379E-008  проходит
    1501.82 = 1212.94+244.70+39.52  Eu-152    площадь 6.230E-008  порог 2.379E-008  проходит
    1502.41 = 1212.94+244.70+40.12  Eu-152    площадь 1.142E-007  порог 2.379E-008  проходит
    1507.84 = 1212.94+244.70+45.52  Eu-152    площадь 3.927E-008  порог 2.379E-008  проходит
    1508.90 = 1212.94+244.70+46.58  Eu-152    площадь 1.031E-008  порог 2.379E-008  НИЖЕ ПОРОГА
    1757.31 = 1212.94+244.70+295.94  Eu-152    площадь 0.000E+000  порог 2.379E-008  НИЖЕ ПОРОГА
    1877.26 = 1212.94+244.70+416.05  Eu-152    площадь 0.000E+000  порог 2.379E-008  НИЖЕ ПОРОГА
    1905.15 = 1212.94+244.70+443.96  Eu-152    площадь 0.000E+000  порог 2.379E-008  НИЖЕ ПОРОГА
    1905.16 = 1212.94+244.70+443.97  Eu-152    площадь 0.000E+000  порог 2.379E-008  НИЖЕ ПОРОГА
    1949.84 = 1212.94+244.70+488.68  Eu-152    площадь 0.000E+000  порог 2.379E-008  НИЖЕ ПОРОГА
    2025.13 = 1212.94+244.70+563.99  Eu-152    площадь 0.000E+000  порог 2.379E-008  НИЖЕ ПОРОГА
    2117.61 = 1212.94+244.70+656.49  Eu-152    площадь 0.000E+000  порог 2.379E-008  НИЖЕ ПОРОГА
    2135.80 = 1212.94+244.70+674.68  Eu-152    площадь 0.000E+000  порог 2.379E-008  НИЖЕ ПОРОГА
    2180.48 = 1212.94+244.70+719.35  Eu-152    площадь 0.000E+000  порог 2.379E-008  НИЖЕ ПОРОГА
    2328.53 = 1212.94+244.70+867.38  Eu-152    площадь 0.000E+000  порог 2.379E-008  НИЖЕ ПОРОГА
    2387.49 = 1212.94+244.70+926.32  Eu-152    площадь 0.000E+000  порог 2.379E-008  НИЖЕ ПОРОГА
    2466.47 = 1212.94+244.70+1005.27  Eu-152    площадь 0.000E+000  порог 2.379E-008  НИЖЕ ПОРОГА
    1972.15 = 1212.94+244.70+511.00  Eu-152    площадь 7.735E-011  порог 2.379E-008  НИЖЕ ПОРОГА
    1620.75 = 1249.93+121.78+244.70  Eu-152    площадь 0.000E+000  порог 2.379E-008  НИЖЕ ПОРОГА
    1671.87 = 1249.93+121.78+295.94  Eu-152    площадь 0.000E+000  порог 2.379E-008  НИЖЕ ПОРОГА
    1705.30 = 1249.93+121.78+329.43  Eu-152    площадь 1.338E-010  порог 2.379E-008  НИЖЕ ПОРОГА
    1791.82 = 1249.93+121.78+416.05  Eu-152    площадь 0.000E+000  порог 2.379E-008  НИЖЕ ПОРОГА
    1819.71 = 1249.93+121.78+443.96  Eu-152    площадь 0.000E+000  порог 2.379E-008  НИЖЕ ПОРОГА
    1819.72 = 1249.93+121.78+443.97  Eu-152    площадь 0.000E+000  порог 2.379E-008  НИЖЕ ПОРОГА
    1864.40 = 1249.93+121.78+488.68  Eu-152    площадь 0.000E+000  порог 2.379E-008  НИЖЕ ПОРОГА
    1939.68 = 1249.93+121.78+563.99  Eu-152    площадь 0.000E+000  порог 2.379E-008  НИЖЕ ПОРОГА
    1942.12 = 1249.93+121.78+566.43  Eu-152    площадь 0.000E+000  порог 2.379E-008  НИЖЕ ПОРОГА
    2032.16 = 1249.93+121.78+656.49  Eu-152    площадь 0.000E+000  порог 2.379E-008  НИЖЕ ПОРОГА
    2050.35 = 1249.93+121.78+674.68  Eu-152    площадь 0.000E+000  порог 2.379E-008  НИЖЕ ПОРОГА
    2064.35 = 1249.93+121.78+688.67  Eu-152    площадь 0.000E+000  порог 2.379E-008  НИЖЕ ПОРОГА
    2095.03 = 1249.93+121.78+719.35  Eu-152    площадь 0.000E+000  порог 2.379E-008  НИЖЕ ПОРОГА
    2217.27 = 1249.93+121.78+841.57  Eu-152    площадь 0.000E+000  порог 2.379E-008  НИЖЕ ПОРОГА
    2243.08 = 1249.93+121.78+867.38  Eu-152    площадь 0.000E+000  порог 2.379E-008  НИЖЕ ПОРОГА
    2295.05 = 1249.93+121.78+919.33  Eu-152    площадь 0.000E+000  порог 2.379E-008  НИЖЕ ПОРОГА
    2302.04 = 1249.93+121.78+926.32  Eu-152    площадь 0.000E+000  порог 2.379E-008  НИЖЕ ПОРОГА
    2339.81 = 1249.93+121.78+964.08  Eu-152    площадь 0.000E+000  порог 2.379E-008  НИЖЕ ПОРОГА
    2381.02 = 1249.93+121.78+1005.27  Eu-152    площадь 0.000E+000  порог 2.379E-008  НИЖЕ ПОРОГА
    2487.85 = 1249.93+121.78+1112.07  Eu-152    площадь 0.000E+000  порог 2.379E-008  НИЖЕ ПОРОГА
    2588.76 = 1249.93+121.78+1212.94  Eu-152    площадь 0.000E+000  порог 2.379E-008  НИЖЕ ПОРОГА
    2783.90 = 1249.93+121.78+1408.01  Eu-152    площадь 0.000E+000  порог 2.379E-008  НИЖЕ ПОРОГА
    2833.56 = 1249.93+121.78+1457.64  Eu-152    площадь 0.000E+000  порог 2.379E-008  НИЖЕ ПОРОГА
    2904.05 = 1249.93+121.78+1528.10  Eu-152    площадь 0.000E+000  порог 2.379E-008  НИЖЕ ПОРОГА
    1416.38 = 1249.93+121.78+39.52  Eu-152    площадь 3.929E-009  порог 2.379E-008  НИЖЕ ПОРОГА
    1416.98 = 1249.93+121.78+40.12  Eu-152    площадь 7.205E-009  порог 2.379E-008  НИЖЕ ПОРОГА
    1422.41 = 1249.93+121.78+45.52  Eu-152    площадь 2.476E-009  порог 2.379E-008  НИЖЕ ПОРОГА
    1423.47 = 1249.93+121.78+46.58  Eu-152    площадь 6.502E-010  порог 2.379E-008  НИЖЕ ПОРОГА
    1886.71 = 1249.93+121.78+511.00  Eu-152    площадь 4.557E-012  порог 2.379E-008  НИЖЕ ПОРОГА
    1690.90 = 1299.14+344.28+43.00  Eu-152    площадь 0.000E+000  порог 2.379E-008  НИЖЕ ПОРОГА
    2014.65 = 1299.14+344.28+367.79  Eu-152    площадь 0.000E+000  порог 2.379E-008  НИЖЕ ПОРОГА
    2057.94 = 1299.14+344.28+411.12  Eu-152    площадь 0.000E+000  порог 2.379E-008  НИЖЕ ПОРОГА
    2150.24 = 1299.14+344.28+503.47  Eu-152    площадь 0.000E+000  порог 2.379E-008  НИЖЕ ПОРОГА
    2233.01 = 1299.14+344.28+586.27  Eu-152    площадь 0.000E+000  порог 2.379E-008  НИЖЕ ПОРОГА
    2321.42 = 1299.14+344.28+674.68  Eu-152    площадь 0.000E+000  порог 2.379E-008  НИЖЕ ПОРОГА
    2325.37 = 1299.14+344.28+678.62  Eu-152    площадь 0.000E+000  порог 2.379E-008  НИЖЕ ПОРОГА
    2411.66 = 1299.14+344.28+764.90  Eu-152    площадь 0.000E+000  порог 2.379E-008  НИЖЕ ПОРОГА
    2425.67 = 1299.14+344.28+778.90  Eu-152    площадь 0.000E+000  порог 2.379E-008  НИЖЕ ПОРОГА
    2736.61 = 1299.14+344.28+1089.73  Eu-152    площадь 0.000E+000  порог 2.379E-008  НИЖЕ ПОРОГА
    1574.46 = 1408.01+121.78+39.52  Eu-152    площадь 3.851E-007  порог 2.379E-008  проходит
    1575.06 = 1408.01+121.78+40.12  Eu-152    площадь 7.062E-007  порог 2.379E-008  проходит
    1580.49 = 1408.01+121.78+45.52  Eu-152    площадь 2.427E-007  порог 2.379E-008  проходит
    1581.55 = 1408.01+121.78+46.58  Eu-152    площадь 6.373E-008  порог 2.379E-008  проходит
    1778.84 = 1408.01+121.78+244.70  Eu-152    площадь 0.000E+000  порог 2.379E-008  НИЖЕ ПОРОГА
    1829.96 = 1408.01+121.78+295.94  Eu-152    площадь 0.000E+000  порог 2.379E-008  НИЖЕ ПОРОГА
    1863.39 = 1408.01+121.78+329.43  Eu-152    площадь 0.000E+000  порог 2.379E-008  НИЖЕ ПОРОГА
    1949.91 = 1408.01+121.78+416.05  Eu-152    площадь 0.000E+000  порог 2.379E-008  НИЖЕ ПОРОГА
    1977.81 = 1408.01+121.78+443.96  Eu-152    площадь 0.000E+000  порог 2.379E-008  НИЖЕ ПОРОГА
    1977.81 = 1408.01+121.78+443.97  Eu-152    площадь 0.000E+000  порог 2.379E-008  НИЖЕ ПОРОГА
    2022.50 = 1408.01+121.78+488.68  Eu-152    площадь 0.000E+000  порог 2.379E-008  НИЖЕ ПОРОГА
    2097.79 = 1408.01+121.78+563.99  Eu-152    площадь 0.000E+000  порог 2.379E-008  НИЖЕ ПОРОГА
    2100.23 = 1408.01+121.78+566.43  Eu-152    площадь 0.000E+000  порог 2.379E-008  НИЖЕ ПОРОГА
    2190.27 = 1408.01+121.78+656.49  Eu-152    площадь 0.000E+000  порог 2.379E-008  НИЖЕ ПОРОГА
    2208.46 = 1408.01+121.78+674.68  Eu-152    площадь 0.000E+000  порог 2.379E-008  НИЖЕ ПОРОГА
    2222.46 = 1408.01+121.78+688.67  Eu-152    площадь 0.000E+000  порог 2.379E-008  НИЖЕ ПОРОГА
    2253.14 = 1408.01+121.78+719.35  Eu-152    площадь 0.000E+000  порог 2.379E-008  НИЖЕ ПОРОГА
    2375.38 = 1408.01+121.78+841.57  Eu-152    площадь 0.000E+000  порог 2.379E-008  НИЖЕ ПОРОГА
    2401.20 = 1408.01+121.78+867.38  Eu-152    площадь 0.000E+000  порог 2.379E-008  НИЖЕ ПОРОГА
    2453.17 = 1408.01+121.78+919.33  Eu-152    площадь 0.000E+000  порог 2.379E-008  НИЖЕ ПОРОГА
    2460.16 = 1408.01+121.78+926.32  Eu-152    площадь 0.000E+000  порог 2.379E-008  НИЖЕ ПОРОГА
    2497.93 = 1408.01+121.78+964.08  Eu-152    площадь 0.000E+000  порог 2.379E-008  НИЖЕ ПОРОГА
    2539.14 = 1408.01+121.78+1005.27  Eu-152    площадь 0.000E+000  порог 2.379E-008  НИЖЕ ПОРОГА
    2645.98 = 1408.01+121.78+1112.07  Eu-152    площадь 0.000E+000  порог 2.379E-008  НИЖЕ ПОРОГА
    2746.89 = 1408.01+121.78+1212.94  Eu-152    площадь 0.000E+000  порог 2.379E-008  НИЖЕ ПОРОГА
    2783.90 = 1408.01+121.78+1249.93  Eu-152    площадь 0.000E+000  порог 2.379E-008  НИЖЕ ПОРОГА
    2991.70 = 1408.01+121.78+1457.64  Eu-152    площадь 0.000E+000  порог 2.379E-008  НИЖЕ ПОРОГА
    3062.14 = 1408.01+121.78+1528.10  Eu-152    площадь 0.000E+000  порог 2.379E-008  НИЖЕ ПОРОГА
    2044.81 = 1408.01+121.78+511.00  Eu-152    площадь 4.531E-010  порог 2.379E-008  НИЖЕ ПОРОГА
    1624.10 = 1457.64+121.78+39.52  Eu-152    площадь 8.900E-009  порог 2.379E-008  НИЖЕ ПОРОГА
    1624.70 = 1457.64+121.78+40.12  Eu-152    площадь 1.632E-008  порог 2.379E-008  НИЖЕ ПОРОГА
    1630.13 = 1457.64+121.78+45.52  Eu-152    площадь 5.610E-009  порог 2.379E-008  НИЖЕ ПОРОГА
    1631.18 = 1457.64+121.78+46.58  Eu-152    площадь 1.473E-009  порог 2.379E-008  НИЖЕ ПОРОГА
    1828.48 = 1457.64+121.78+244.70  Eu-152    площадь 0.000E+000  порог 2.379E-008  НИЖЕ ПОРОГА
    1879.61 = 1457.64+121.78+295.94  Eu-152    площадь 0.000E+000  порог 2.379E-008  НИЖЕ ПОРОГА
    1913.04 = 1457.64+121.78+329.43  Eu-152    площадь 0.000E+000  порог 2.379E-008  НИЖЕ ПОРОГА
    1999.56 = 1457.64+121.78+416.05  Eu-152    площадь 0.000E+000  порог 2.379E-008  НИЖЕ ПОРОГА
    2027.45 = 1457.64+121.78+443.96  Eu-152    площадь 0.000E+000  порог 2.379E-008  НИЖЕ ПОРОГА
    2027.46 = 1457.64+121.78+443.97  Eu-152    площадь 0.000E+000  порог 2.379E-008  НИЖЕ ПОРОГА
    2072.15 = 1457.64+121.78+488.68  Eu-152    площадь 0.000E+000  порог 2.379E-008  НИЖЕ ПОРОГА
    2147.43 = 1457.64+121.78+563.99  Eu-152    площадь 0.000E+000  порог 2.379E-008  НИЖЕ ПОРОГА
    2149.87 = 1457.64+121.78+566.43  Eu-152    площадь 0.000E+000  порог 2.379E-008  НИЖЕ ПОРОГА
    2239.92 = 1457.64+121.78+656.49  Eu-152    площадь 0.000E+000  порог 2.379E-008  НИЖЕ ПОРОГА
    2258.11 = 1457.64+121.78+674.68  Eu-152    площадь 0.000E+000  порог 2.379E-008  НИЖЕ ПОРОГА
    2272.11 = 1457.64+121.78+688.67  Eu-152    площадь 0.000E+000  порог 2.379E-008  НИЖЕ ПОРОГА
    2302.79 = 1457.64+121.78+719.35  Eu-152    площадь 0.000E+000  порог 2.379E-008  НИЖЕ ПОРОГА
    2425.04 = 1457.64+121.78+841.57  Eu-152    площадь 0.000E+000  порог 2.379E-008  НИЖЕ ПОРОГА
    2450.85 = 1457.64+121.78+867.38  Eu-152    площадь 0.000E+000  порог 2.379E-008  НИЖЕ ПОРОГА
    2502.82 = 1457.64+121.78+919.33  Eu-152    площадь 0.000E+000  порог 2.379E-008  НИЖЕ ПОРОГА
    2509.81 = 1457.64+121.78+926.32  Eu-152    площадь 0.000E+000  порог 2.379E-008  НИЖЕ ПОРОГА
    2547.59 = 1457.64+121.78+964.08  Eu-152    площадь 0.000E+000  порог 2.379E-008  НИЖЕ ПОРОГА
    2588.80 = 1457.64+121.78+1005.27  Eu-152    площадь 0.000E+000  порог 2.379E-008  НИЖЕ ПОРОГА
    2695.64 = 1457.64+121.78+1112.07  Eu-152    площадь 0.000E+000  порог 2.379E-008  НИЖЕ ПОРОГА
    2796.55 = 1457.64+121.78+1212.94  Eu-152    площадь 0.000E+000  порог 2.379E-008  НИЖЕ ПОРОГА
    2833.56 = 1457.64+121.78+1249.93  Eu-152    площадь 0.000E+000  порог 2.379E-008  НИЖЕ ПОРОГА
    2991.70 = 1457.64+121.78+1408.01  Eu-152    площадь 0.000E+000  порог 2.379E-008  НИЖЕ ПОРОГА
    3111.76 = 1457.64+121.78+1528.10  Eu-152    площадь 0.000E+000  порог 2.379E-008  НИЖЕ ПОРОГА
    2094.46 = 1457.64+121.78+511.00  Eu-152    площадь 1.047E-011  порог 2.379E-008  НИЖЕ ПОРОГА
    1898.95 = 1528.10+121.78+244.70  Eu-152    площадь 0.000E+000  порог 2.379E-008  НИЖЕ ПОРОГА
    1950.07 = 1528.10+121.78+295.94  Eu-152    площадь 0.000E+000  порог 2.379E-008  НИЖЕ ПОРОГА
    1983.50 = 1528.10+121.78+329.43  Eu-152    площадь 0.000E+000  порог 2.379E-008  НИЖЕ ПОРОГА
    2070.03 = 1528.10+121.78+416.05  Eu-152    площадь 0.000E+000  порог 2.379E-008  НИЖЕ ПОРОГА
    2097.93 = 1528.10+121.78+443.96  Eu-152    площадь 0.000E+000  порог 2.379E-008  НИЖЕ ПОРОГА
    2097.93 = 1528.10+121.78+443.97  Eu-152    площадь 0.000E+000  порог 2.379E-008  НИЖЕ ПОРОГА
    2142.62 = 1528.10+121.78+488.68  Eu-152    площадь 0.000E+000  порог 2.379E-008  НИЖЕ ПОРОГА
    2217.91 = 1528.10+121.78+563.99  Eu-152    площадь 0.000E+000  порог 2.379E-008  НИЖЕ ПОРОГА
    2220.35 = 1528.10+121.78+566.43  Eu-152    площадь 0.000E+000  порог 2.379E-008  НИЖЕ ПОРОГА
    2310.40 = 1528.10+121.78+656.49  Eu-152    площадь 0.000E+000  порог 2.379E-008  НИЖЕ ПОРОГА
    2328.59 = 1528.10+121.78+674.68  Eu-152    площадь 0.000E+000  порог 2.379E-008  НИЖЕ ПОРОГА
    2342.59 = 1528.10+121.78+688.67  Eu-152    площадь 0.000E+000  порог 2.379E-008  НИЖЕ ПОРОГА
    2373.27 = 1528.10+121.78+719.35  Eu-152    площадь 0.000E+000  порог 2.379E-008  НИЖЕ ПОРОГА
    2495.52 = 1528.10+121.78+841.57  Eu-152    площадь 0.000E+000  порог 2.379E-008  НИЖЕ ПОРОГА
    2521.33 = 1528.10+121.78+867.38  Eu-152    площадь 0.000E+000  порог 2.379E-008  НИЖЕ ПОРОГА
    2573.30 = 1528.10+121.78+919.33  Eu-152    площадь 0.000E+000  порог 2.379E-008  НИЖЕ ПОРОГА
    2580.29 = 1528.10+121.78+926.32  Eu-152    площадь 0.000E+000  порог 2.379E-008  НИЖЕ ПОРОГА
    2618.07 = 1528.10+121.78+964.08  Eu-152    площадь 0.000E+000  порог 2.379E-008  НИЖЕ ПОРОГА
    2659.28 = 1528.10+121.78+1005.27  Eu-152    площадь 0.000E+000  порог 2.379E-008  НИЖЕ ПОРОГА
    2766.12 = 1528.10+121.78+1112.07  Eu-152    площадь 0.000E+000  порог 2.379E-008  НИЖЕ ПОРОГА
    2867.04 = 1528.10+121.78+1212.94  Eu-152    площадь 0.000E+000  порог 2.379E-008  НИЖЕ ПОРОГА
    2904.05 = 1528.10+121.78+1249.93  Eu-152    площадь 0.000E+000  порог 2.379E-008  НИЖЕ ПОРОГА
    3062.14 = 1528.10+121.78+1408.01  Eu-152    площадь 0.000E+000  порог 2.379E-008  НИЖЕ ПОРОГА
    3111.76 = 1528.10+121.78+1457.64  Eu-152    площадь 0.000E+000  порог 2.379E-008  НИЖЕ ПОРОГА
    1694.57 = 1528.10+121.78+39.52  Eu-152    площадь 4.829E-009  порог 2.379E-008  НИЖЕ ПОРОГА
    1695.16 = 1528.10+121.78+40.12  Eu-152    площадь 8.855E-009  порог 2.379E-008  НИЖЕ ПОРОГА
    1700.59 = 1528.10+121.78+45.52  Eu-152    площадь 3.044E-009  порог 2.379E-008  НИЖЕ ПОРОГА
    1701.65 = 1528.10+121.78+46.58  Eu-152    площадь 7.991E-010  порог 2.379E-008  НИЖЕ ПОРОГА
    2164.93 = 1528.10+121.78+511.00  Eu-152    площадь 5.600E-012  порог 2.379E-008  НИЖЕ ПОРОГА
    1481.47 = 1089.73+43.00+344.28  Eu-152    площадь 0.000E+000  порог 2.379E-008  НИЖЕ ПОРОГА
    1815.61 = 1089.73+43.00+678.62  Eu-152    площадь 0.000E+000  порог 2.379E-008  НИЖЕ ПОРОГА
    1915.90 = 1089.73+43.00+778.90  Eu-152    площадь 0.000E+000  порог 2.379E-008  НИЖЕ ПОРОГА
    1723.27 = 1089.73+43.00+586.27  Eu-152    площадь 0.000E+000  порог 2.379E-008  НИЖЕ ПОРОГА
    2436.26 = 1089.73+43.00+1299.14  Eu-152    площадь 0.000E+000  порог 2.379E-008  НИЖЕ ПОРОГА
    1548.23 = 1089.73+43.00+411.12  Eu-152    площадь 0.000E+000  порог 2.379E-008  НИЖЕ ПОРОГА
    1504.95 = 1089.73+43.00+367.79  Eu-152    площадь 0.000E+000  порог 2.379E-008  НИЖЕ ПОРОГА
    1070.38 = 678.62+43.00+344.28  Eu-152    площадь 1.832E-009  порог 2.379E-008  НИЖЕ ПОРОГА
    1137.13 = 678.62+43.00+411.12  Eu-152    площадь 2.537E-009  порог 2.379E-008  НИЖЕ ПОРОГА
    1815.61 = 678.62+43.00+1089.73  Eu-152    площадь 0.000E+000  порог 2.379E-008  НИЖЕ ПОРОГА
    1504.77 = 678.62+43.00+778.90  Eu-152    площадь 0.000E+000  порог 2.379E-008  НИЖЕ ПОРОГА
    1312.16 = 678.62+43.00+586.27  Eu-152    площадь 0.000E+000  порог 2.379E-008  НИЖЕ ПОРОГА
    2025.06 = 678.62+43.00+1299.14  Eu-152    площадь 0.000E+000  порог 2.379E-008  НИЖЕ ПОРОГА
    1093.85 = 678.62+43.00+367.79  Eu-152    площадь 0.000E+000  порог 2.379E-008  НИЖЕ ПОРОГА
    1170.65 = 778.90+43.00+344.28  Eu-152    площадь 0.000E+000  порог 2.379E-008  НИЖЕ ПОРОГА
    1915.90 = 778.90+43.00+1089.73  Eu-152    площадь 0.000E+000  порог 2.379E-008  НИЖЕ ПОРОГА
    1504.77 = 778.90+43.00+678.62  Eu-152    площадь 0.000E+000  порог 2.379E-008  НИЖЕ ПОРОГА
    1412.43 = 778.90+43.00+586.27  Eu-152    площадь 0.000E+000  порог 2.379E-008  НИЖЕ ПОРОГА
    2125.35 = 778.90+43.00+1299.14  Eu-152    площадь 0.000E+000  порог 2.379E-008  НИЖЕ ПОРОГА
    1237.40 = 778.90+43.00+411.12  Eu-152    площадь 0.000E+000  порог 2.379E-008  НИЖЕ ПОРОГА
    1194.12 = 778.90+43.00+367.79  Eu-152    площадь 0.000E+000  порог 2.379E-008  НИЖЕ ПОРОГА
    1137.08 = 586.27+43.00+503.47  Eu-152    площадь 6.082E-010  порог 2.379E-008  НИЖЕ ПОРОГА
     978.05 = 586.27+43.00+344.28  Eu-152    площадь 0.000E+000  порог 2.379E-008  НИЖЕ ПОРОГА
    1308.21 = 586.27+43.00+674.68  Eu-152    площадь 5.235E-010  порог 2.379E-008  НИЖЕ ПОРОГА
    1723.27 = 586.27+43.00+1089.73  Eu-152    площадь 0.000E+000  порог 2.379E-008  НИЖЕ ПОРОГА
    1312.16 = 586.27+43.00+678.62  Eu-152    площадь 0.000E+000  порог 2.379E-008  НИЖЕ ПОРОГА
    1412.43 = 586.27+43.00+778.90  Eu-152    площадь 0.000E+000  порог 2.379E-008  НИЖЕ ПОРОГА
    1932.71 = 586.27+43.00+1299.14  Eu-152    площадь 0.000E+000  порог 2.379E-008  НИЖЕ ПОРОГА
    1044.80 = 586.27+43.00+411.12  Eu-152    площадь 0.000E+000  порог 2.379E-008  НИЖЕ ПОРОГА
    1001.52 = 586.27+43.00+367.79  Eu-152    площадь 0.000E+000  порог 2.379E-008  НИЖЕ ПОРОГА
     730.49 = 563.99+39.52+121.78  Eu-152    площадь 1.306E-008  порог 2.379E-008  НИЖЕ ПОРОГА
     852.92 = 563.99+39.52+244.70  Eu-152    площадь 4.898E-010  порог 2.379E-008  НИЖЕ ПОРОГА
    1327.13 = 563.99+39.52+719.35  Eu-152    площадь 1.985E-010  порог 2.379E-008  НИЖЕ ПОРОГА
    1571.85 = 563.99+39.52+964.08  Eu-152    площадь 8.163E-009  порог 2.379E-008  НИЖЕ ПОРОГА
    1693.64 = 563.99+39.52+1085.86  Eu-152    площадь 3.674E-009  порог 2.379E-008  НИЖЕ ПОРОГА
     649.13 = 563.99+39.52+40.12  Eu-152    площадь 2.026E-008  порог 2.379E-008  НИЖЕ ПОРОГА
     654.56 = 563.99+39.52+45.52  Eu-152    площадь 6.964E-009  порог 2.379E-008  НИЖЕ ПОРОГА
     655.62 = 563.99+39.52+46.58  Eu-152    площадь 1.829E-009  порог 2.379E-008  НИЖЕ ПОРОГА
    1051.86 = 563.99+39.52+443.96  Eu-152    площадь 9.591E-012  порог 2.379E-008  НИЖЕ ПОРОГА
     904.03 = 563.99+39.52+295.94  Eu-152    площадь 0.000E+000  порог 2.379E-008  НИЖЕ ПОРОГА
    1719.85 = 563.99+39.52+1112.07  Eu-152    площадь 0.000E+000  порог 2.379E-008  НИЖЕ ПОРОГА
    1527.10 = 563.99+39.52+919.33  Eu-152    площадь 0.000E+000  порог 2.379E-008  НИЖЕ ПОРОГА
    1418.22 = 563.99+39.52+810.45  Eu-152    площадь 3.798E-012  порог 2.379E-008  НИЖЕ ПОРОГА
    1051.86 = 563.99+39.52+443.97  Eu-152    площадь 9.591E-012  порог 2.379E-008  НИЖЕ ПОРОГА
    1820.74 = 563.99+39.52+1212.94  Eu-152    площадь 0.000E+000  порог 2.379E-008  НИЖЕ ПОРОГА
    1096.54 = 563.99+39.52+488.68  Eu-152    площадь 0.000E+000  порог 2.379E-008  НИЖЕ ПОРОГА
    2065.48 = 563.99+39.52+1457.64  Eu-152    площадь 0.000E+000  порог 2.379E-008  НИЖЕ ПОРОГА
    2015.83 = 563.99+39.52+1408.01  Eu-152    площадь 0.000E+000  порог 2.379E-008  НИЖЕ ПОРОГА
    1613.05 = 563.99+39.52+1005.27  Eu-152    площадь 0.000E+000  порог 2.379E-008  НИЖЕ ПОРОГА
    1296.45 = 563.99+39.52+688.67  Eu-152    площадь 1.667E-011  порог 2.379E-008  НИЖЕ ПОРОГА
    1475.15 = 563.99+39.52+867.38  Eu-152    площадь 0.000E+000  порог 2.379E-008  НИЖЕ ПОРОГА
     731.09 = 563.99+40.12+121.78  Eu-152    площадь 2.395E-008  порог 2.379E-008  проходит
     853.51 = 563.99+40.12+244.70  Eu-152    площадь 8.980E-010  порог 2.379E-008  НИЖЕ ПОРОГА
    1327.73 = 563.99+40.12+719.35  Eu-152    площадь 3.640E-010  порог 2.379E-008  НИЖЕ ПОРОГА
    1572.45 = 563.99+40.12+964.08  Eu-152    площадь 1.497E-008  порог 2.379E-008  НИЖЕ ПОРОГА
    1694.24 = 563.99+40.12+1085.86  Eu-152    площадь 6.735E-009  порог 2.379E-008  НИЖЕ ПОРОГА
     649.13 = 563.99+40.12+39.52  Eu-152    площадь 2.026E-008  порог 2.379E-008  НИЖЕ ПОРОГА
     655.16 = 563.99+40.12+45.52  Eu-152    площадь 1.277E-008  порог 2.379E-008  НИЖЕ ПОРОГА
     656.22 = 563.99+40.12+46.58  Eu-152    площадь 3.352E-009  порог 2.379E-008  НИЖЕ ПОРОГА
    1052.46 = 563.99+40.12+443.96  Eu-152    площадь 1.758E-011  порог 2.379E-008  НИЖЕ ПОРОГА
     904.63 = 563.99+40.12+295.94  Eu-152    площадь 0.000E+000  порог 2.379E-008  НИЖЕ ПОРОГА
    1720.45 = 563.99+40.12+1112.07  Eu-152    площадь 0.000E+000  порог 2.379E-008  НИЖЕ ПОРОГА
    1527.70 = 563.99+40.12+919.33  Eu-152    площадь 0.000E+000  порог 2.379E-008  НИЖЕ ПОРОГА
    1418.82 = 563.99+40.12+810.45  Eu-152    площадь 6.964E-012  порог 2.379E-008  НИЖЕ ПОРОГА
    1052.46 = 563.99+40.12+443.97  Eu-152    площадь 1.758E-011  порог 2.379E-008  НИЖЕ ПОРОГА
    1821.33 = 563.99+40.12+1212.94  Eu-152    площадь 0.000E+000  порог 2.379E-008  НИЖЕ ПОРОГА
    1097.14 = 563.99+40.12+488.68  Eu-152    площадь 0.000E+000  порог 2.379E-008  НИЖЕ ПОРОГА
    2066.08 = 563.99+40.12+1457.64  Eu-152    площадь 0.000E+000  порог 2.379E-008  НИЖЕ ПОРОГА
    2016.43 = 563.99+40.12+1408.01  Eu-152    площадь 0.000E+000  порог 2.379E-008  НИЖЕ ПОРОГА
    1613.64 = 563.99+40.12+1005.27  Eu-152    площадь 0.000E+000  порог 2.379E-008  НИЖЕ ПОРОГА
    1297.05 = 563.99+40.12+688.67  Eu-152    площадь 3.057E-011  порог 2.379E-008  НИЖЕ ПОРОГА
    1475.74 = 563.99+40.12+867.38  Eu-152    площадь 0.000E+000  порог 2.379E-008  НИЖЕ ПОРОГА
     736.52 = 563.99+45.52+121.78  Eu-152    площадь 8.216E-009  порог 2.379E-008  НИЖЕ ПОРОГА
     858.94 = 563.99+45.52+244.70  Eu-152    площадь 3.080E-010  порог 2.379E-008  НИЖЕ ПОРОГА
    1333.15 = 563.99+45.52+719.35  Eu-152    площадь 1.249E-010  порог 2.379E-008  НИЖЕ ПОРОГА
    1577.88 = 563.99+45.52+964.08  Eu-152    площадь 5.134E-009  порог 2.379E-008  НИЖЕ ПОРОГА
    1699.67 = 563.99+45.52+1085.86  Eu-152    площадь 2.310E-009  порог 2.379E-008  НИЖЕ ПОРОГА
     654.56 = 563.99+45.52+39.52  Eu-152    площадь 6.949E-009  порог 2.379E-008  НИЖЕ ПОРОГА
     655.16 = 563.99+45.52+40.12  Eu-152    площадь 1.274E-008  порог 2.379E-008  НИЖЕ ПОРОГА
     661.65 = 563.99+45.52+46.58  Eu-152    площадь 1.150E-009  порог 2.379E-008  НИЖЕ ПОРОГА
    1057.89 = 563.99+45.52+443.96  Eu-152    площадь 6.032E-012  порог 2.379E-008  НИЖЕ ПОРОГА
     910.06 = 563.99+45.52+295.94  Eu-152    площадь 0.000E+000  порог 2.379E-008  НИЖЕ ПОРОГА
    1725.88 = 563.99+45.52+1112.07  Eu-152    площадь 0.000E+000  порог 2.379E-008  НИЖЕ ПОРОГА
    1533.13 = 563.99+45.52+919.33  Eu-152    площадь 0.000E+000  порог 2.379E-008  НИЖЕ ПОРОГА
    1424.25 = 563.99+45.52+810.45  Eu-152    площадь 2.389E-012  порог 2.379E-008  НИЖЕ ПОРОГА
    1057.89 = 563.99+45.52+443.97  Eu-152    площадь 6.032E-012  порог 2.379E-008  НИЖЕ ПОРОГА
    1826.76 = 563.99+45.52+1212.94  Eu-152    площадь 0.000E+000  порог 2.379E-008  НИЖЕ ПОРОГА
    1102.57 = 563.99+45.52+488.68  Eu-152    площадь 0.000E+000  порог 2.379E-008  НИЖЕ ПОРОГА
    2071.51 = 563.99+45.52+1457.64  Eu-152    площадь 0.000E+000  порог 2.379E-008  НИЖЕ ПОРОГА
    2021.86 = 563.99+45.52+1408.01  Eu-152    площадь 0.000E+000  порог 2.379E-008  НИЖЕ ПОРОГА
    1619.07 = 563.99+45.52+1005.27  Eu-152    площадь 0.000E+000  порог 2.379E-008  НИЖЕ ПОРОГА
    1302.48 = 563.99+45.52+688.67  Eu-152    площадь 1.049E-011  порог 2.379E-008  НИЖЕ ПОРОГА
    1481.17 = 563.99+45.52+867.38  Eu-152    площадь 0.000E+000  порог 2.379E-008  НИЖЕ ПОРОГА
     737.57 = 563.99+46.58+121.78  Eu-152    площадь 2.157E-009  порог 2.379E-008  НИЖЕ ПОРОГА
     860.00 = 563.99+46.58+244.70  Eu-152    площадь 8.086E-011  порог 2.379E-008  НИЖЕ ПОРОГА
    1334.21 = 563.99+46.58+719.35  Eu-152    площадь 3.278E-011  порог 2.379E-008  НИЖЕ ПОРОГА
    1578.93 = 563.99+46.58+964.08  Eu-152    площадь 1.348E-009  порог 2.379E-008  НИЖЕ ПОРОГА
    1700.72 = 563.99+46.58+1085.86  Eu-152    площадь 6.065E-010  порог 2.379E-008  НИЖЕ ПОРОГА
     655.62 = 563.99+46.58+39.52  Eu-152    площадь 1.824E-009  порог 2.379E-008  НИЖЕ ПОРОГА
     656.22 = 563.99+46.58+40.12  Eu-152    площадь 3.345E-009  порог 2.379E-008  НИЖЕ ПОРОГА
     661.65 = 563.99+46.58+45.52  Eu-152    площадь 1.150E-009  порог 2.379E-008  НИЖЕ ПОРОГА
    1058.94 = 563.99+46.58+443.96  Eu-152    площадь 1.583E-012  порог 2.379E-008  НИЖЕ ПОРОГА
     911.12 = 563.99+46.58+295.94  Eu-152    площадь 0.000E+000  порог 2.379E-008  НИЖЕ ПОРОГА
    1726.94 = 563.99+46.58+1112.07  Eu-152    площадь 0.000E+000  порог 2.379E-008  НИЖЕ ПОРОГА
    1534.18 = 563.99+46.58+919.33  Eu-152    площадь 0.000E+000  порог 2.379E-008  НИЖЕ ПОРОГА
    1425.30 = 563.99+46.58+810.45  Eu-152    площадь 6.270E-013  порог 2.379E-008  НИЖЕ ПОРОГА
    1058.94 = 563.99+46.58+443.97  Eu-152    площадь 1.583E-012  порог 2.379E-008  НИЖЕ ПОРОГА
    1827.82 = 563.99+46.58+1212.94  Eu-152    площадь 0.000E+000  порог 2.379E-008  НИЖЕ ПОРОГА
    1103.62 = 563.99+46.58+488.68  Eu-152    площадь 0.000E+000  порог 2.379E-008  НИЖЕ ПОРОГА
    2072.56 = 563.99+46.58+1457.64  Eu-152    площадь 0.000E+000  порог 2.379E-008  НИЖЕ ПОРОГА
    2022.92 = 563.99+46.58+1408.01  Eu-152    площадь 0.000E+000  порог 2.379E-008  НИЖЕ ПОРОГА
    1620.13 = 563.99+46.58+1005.27  Eu-152    площадь 0.000E+000  порог 2.379E-008  НИЖЕ ПОРОГА
    1303.53 = 563.99+46.58+688.67  Eu-152    площадь 2.752E-012  порог 2.379E-008  НИЖЕ ПОРОГА
    1482.23 = 563.99+46.58+867.38  Eu-152    площадь 0.000E+000  порог 2.379E-008  НИЖЕ ПОРОГА
     610.51 = 443.96+39.52+121.78  Eu-152    площадь 2.017E-008  порог 2.379E-008  НИЖЕ ПОРОГА
     732.95 = 443.96+39.52+244.70  Eu-152    площадь 3.862E-008  порог 2.379E-008  проходит
    1207.17 = 443.96+39.52+719.35  Eu-152    площадь 3.402E-009  порог 2.379E-008  НИЖЕ ПОРОГА
     529.13 = 443.96+39.52+40.12  Eu-152    площадь 2.450E-008  порог 2.379E-008  проходит
     534.56 = 443.96+39.52+45.52  Eu-152    площадь 8.420E-009  порог 2.379E-008  НИЖЕ ПОРОГА
     535.62 = 443.96+39.52+46.58  Eu-152    площадь 2.211E-009  порог 2.379E-008  НИЖЕ ПОРОГА
    1051.86 = 443.96+39.52+563.99  Eu-152    площадь 5.911E-011  порог 2.379E-008  НИЖЕ ПОРОГА
     784.07 = 443.96+39.52+295.94  Eu-152    площадь 2.067E-012  порог 2.379E-008  НИЖЕ ПОРОГА
    1599.89 = 443.96+39.52+1112.07  Eu-152    площадь 0.000E+000  порог 2.379E-008  НИЖЕ ПОРОГА
    1573.68 = 443.96+39.52+1085.86  Eu-152    площадь 0.000E+000  порог 2.379E-008  НИЖЕ ПОРОГА
    1407.14 = 443.96+39.52+919.33  Eu-152    площадь 3.380E-009  порог 2.379E-008  НИЖЕ ПОРОГА
    1298.26 = 443.96+39.52+810.45  Eu-152    площадь 5.589E-013  порог 2.379E-008  НИЖЕ ПОРОГА
    1700.77 = 443.96+39.52+1212.94  Eu-152    площадь 0.000E+000  порог 2.379E-008  НИЖЕ ПОРОГА
     976.59 = 443.96+39.52+488.68  Eu-152    площадь 0.000E+000  порог 2.379E-008  НИЖЕ ПОРОГА
    1945.50 = 443.96+39.52+1457.64  Eu-152    площадь 0.000E+000  порог 2.379E-008  НИЖЕ ПОРОГА
    1895.86 = 443.96+39.52+1408.01  Eu-152    площадь 0.000E+000  порог 2.379E-008  НИЖЕ ПОРОГА
    1493.09 = 443.96+39.52+1005.27  Eu-152    площадь 0.000E+000  порог 2.379E-008  НИЖЕ ПОРОГА
    1176.50 = 443.96+39.52+688.67  Eu-152    площадь 0.000E+000  порог 2.379E-008  НИЖЕ ПОРОГА
    1451.89 = 443.96+39.52+964.08  Eu-152    площадь 0.000E+000  порог 2.379E-008  НИЖЕ ПОРОГА
    1355.19 = 443.96+39.52+867.38  Eu-152    площадь 0.000E+000  порог 2.379E-008  НИЖЕ ПОРОГА
     611.10 = 443.96+40.12+121.78  Eu-152    площадь 3.699E-008  порог 2.379E-008  проходит
     733.55 = 443.96+40.12+244.70  Eu-152    площадь 7.081E-008  порог 2.379E-008  проходит
    1207.77 = 443.96+40.12+719.35  Eu-152    площадь 6.238E-009  порог 2.379E-008  НИЖЕ ПОРОГА
     529.13 = 443.96+40.12+39.52  Eu-152    площадь 2.449E-008  порог 2.379E-008  проходит
     535.16 = 443.96+40.12+45.52  Eu-152    площадь 1.544E-008  порог 2.379E-008  НИЖЕ ПОРОГА
     536.22 = 443.96+40.12+46.58  Eu-152    площадь 4.054E-009  порог 2.379E-008  НИЖЕ ПОРОГА
    1052.46 = 443.96+40.12+563.99  Eu-152    площадь 1.084E-010  порог 2.379E-008  НИЖЕ ПОРОГА
     784.67 = 443.96+40.12+295.94  Eu-152    площадь 3.791E-012  порог 2.379E-008  НИЖЕ ПОРОГА
    1600.49 = 443.96+40.12+1112.07  Eu-152    площадь 0.000E+000  порог 2.379E-008  НИЖЕ ПОРОГА
    1574.28 = 443.96+40.12+1085.86  Eu-152    площадь 0.000E+000  порог 2.379E-008  НИЖЕ ПОРОГА
    1407.74 = 443.96+40.12+919.33  Eu-152    площадь 6.197E-009  порог 2.379E-008  НИЖЕ ПОРОГА
    1298.86 = 443.96+40.12+810.45  Eu-152    площадь 1.025E-012  порог 2.379E-008  НИЖЕ ПОРОГА
    1701.37 = 443.96+40.12+1212.94  Eu-152    площадь 0.000E+000  порог 2.379E-008  НИЖЕ ПОРОГА
     977.19 = 443.96+40.12+488.68  Eu-152    площадь 0.000E+000  порог 2.379E-008  НИЖЕ ПОРОГА
    1946.10 = 443.96+40.12+1457.64  Eu-152    площадь 0.000E+000  порог 2.379E-008  НИЖЕ ПОРОГА
    1896.46 = 443.96+40.12+1408.01  Eu-152    площадь 0.000E+000  порог 2.379E-008  НИЖЕ ПОРОГА
    1493.69 = 443.96+40.12+1005.27  Eu-152    площадь 0.000E+000  порог 2.379E-008  НИЖЕ ПОРОГА
    1177.10 = 443.96+40.12+688.67  Eu-152    площадь 0.000E+000  порог 2.379E-008  НИЖЕ ПОРОГА
    1452.49 = 443.96+40.12+964.08  Eu-152    площадь 0.000E+000  порог 2.379E-008  НИЖЕ ПОРОГА
    1355.79 = 443.96+40.12+867.38  Eu-152    площадь 0.000E+000  порог 2.379E-008  НИЖЕ ПОРОГА
     616.54 = 443.96+45.52+121.78  Eu-152    площадь 1.270E-008  порог 2.379E-008  НИЖЕ ПОРОГА
     738.98 = 443.96+45.52+244.70  Eu-152    площадь 2.432E-008  порог 2.379E-008  проходит
    1213.20 = 443.96+45.52+719.35  Eu-152    площадь 2.143E-009  порог 2.379E-008  НИЖЕ ПОРОГА
     534.56 = 443.96+45.52+39.52  Eu-152    площадь 8.413E-009  порог 2.379E-008  НИЖЕ ПОРОГА
     535.16 = 443.96+45.52+40.12  Eu-152    площадь 1.543E-008  порог 2.379E-008  НИЖЕ ПОРОГА
     541.65 = 443.96+45.52+46.58  Eu-152    площадь 1.392E-009  порог 2.379E-008  НИЖЕ ПОРОГА
    1057.89 = 443.96+45.52+563.99  Eu-152    площадь 3.723E-011  порог 2.379E-008  НИЖЕ ПОРОГА
     790.10 = 443.96+45.52+295.94  Eu-152    площадь 1.302E-012  порог 2.379E-008  НИЖЕ ПОРОГА
    1605.92 = 443.96+45.52+1112.07  Eu-152    площадь 0.000E+000  порог 2.379E-008  НИЖЕ ПОРОГА
    1579.71 = 443.96+45.52+1085.86  Eu-152    площадь 0.000E+000  порог 2.379E-008  НИЖЕ ПОРОГА
    1413.17 = 443.96+45.52+919.33  Eu-152    площадь 2.129E-009  порог 2.379E-008  НИЖЕ ПОРОГА
    1304.29 = 443.96+45.52+810.45  Eu-152    площадь 3.520E-013  порог 2.379E-008  НИЖЕ ПОРОГА
    1706.80 = 443.96+45.52+1212.94  Eu-152    площадь 0.000E+000  порог 2.379E-008  НИЖЕ ПОРОГА
     982.61 = 443.96+45.52+488.68  Eu-152    площадь 0.000E+000  порог 2.379E-008  НИЖЕ ПОРОГА
    1951.53 = 443.96+45.52+1457.64  Eu-152    площадь 0.000E+000  порог 2.379E-008  НИЖЕ ПОРОГА
    1901.89 = 443.96+45.52+1408.01  Eu-152    площадь 0.000E+000  порог 2.379E-008  НИЖЕ ПОРОГА
    1499.12 = 443.96+45.52+1005.27  Eu-152    площадь 0.000E+000  порог 2.379E-008  НИЖЕ ПОРОГА
    1182.53 = 443.96+45.52+688.67  Eu-152    площадь 0.000E+000  порог 2.379E-008  НИЖЕ ПОРОГА
    1457.92 = 443.96+45.52+964.08  Eu-152    площадь 0.000E+000  порог 2.379E-008  НИЖЕ ПОРОГА
    1361.22 = 443.96+45.52+867.38  Eu-152    площадь 0.000E+000  порог 2.379E-008  НИЖЕ ПОРОГА
     617.59 = 443.96+46.58+121.78  Eu-152    площадь 3.335E-009  порог 2.379E-008  НИЖЕ ПОРОГА
     740.04 = 443.96+46.58+244.70  Eu-152    площадь 6.386E-009  порог 2.379E-008  НИЖЕ ПОРОГА
    1214.25 = 443.96+46.58+719.35  Eu-152    площадь 5.625E-010  порог 2.379E-008  НИЖЕ ПОРОГА
     535.62 = 443.96+46.58+39.52  Eu-152    площадь 2.209E-009  порог 2.379E-008  НИЖЕ ПОРОГА
     536.22 = 443.96+46.58+40.12  Eu-152    площадь 4.050E-009  порог 2.379E-008  НИЖЕ ПОРОГА
     541.65 = 443.96+46.58+45.52  Eu-152    площадь 1.392E-009  порог 2.379E-008  НИЖЕ ПОРОГА
    1058.94 = 443.96+46.58+563.99  Eu-152    площадь 9.775E-012  порог 2.379E-008  НИЖЕ ПОРОГА
     791.16 = 443.96+46.58+295.94  Eu-152    площадь 3.418E-013  порог 2.379E-008  НИЖЕ ПОРОГА
    1606.97 = 443.96+46.58+1112.07  Eu-152    площадь 0.000E+000  порог 2.379E-008  НИЖЕ ПОРОГА
    1580.76 = 443.96+46.58+1085.86  Eu-152    площадь 0.000E+000  порог 2.379E-008  НИЖЕ ПОРОГА
    1414.22 = 443.96+46.58+919.33  Eu-152    площадь 5.589E-010  порог 2.379E-008  НИЖЕ ПОРОГА
    1305.35 = 443.96+46.58+810.45  Eu-152    площадь 9.242E-014  порог 2.379E-008  НИЖЕ ПОРОГА
    1707.85 = 443.96+46.58+1212.94  Eu-152    площадь 0.000E+000  порог 2.379E-008  НИЖЕ ПОРОГА
     983.67 = 443.96+46.58+488.68  Eu-152    площадь 0.000E+000  порог 2.379E-008  НИЖЕ ПОРОГА
    1952.58 = 443.96+46.58+1457.64  Eu-152    площадь 0.000E+000  порог 2.379E-008  НИЖЕ ПОРОГА
    1902.94 = 443.96+46.58+1408.01  Eu-152    площадь 0.000E+000  порог 2.379E-008  НИЖЕ ПОРОГА
    1500.17 = 443.96+46.58+1005.27  Eu-152    площадь 0.000E+000  порог 2.379E-008  НИЖЕ ПОРОГА
    1183.58 = 443.96+46.58+688.67  Eu-152    площадь 0.000E+000  порог 2.379E-008  НИЖЕ ПОРОГА
    1458.97 = 443.96+46.58+964.08  Eu-152    площадь 0.000E+000  порог 2.379E-008  НИЖЕ ПОРОГА
    1362.27 = 443.96+46.58+867.38  Eu-152    площадь 0.000E+000  порог 2.379E-008  НИЖЕ ПОРОГА
     462.61 = 295.94+39.52+121.78  Eu-152    площадь 3.766E-008  порог 2.379E-008  проходит
     585.09 = 295.94+39.52+244.70  Eu-152    площадь 1.818E-008  порог 2.379E-008  НИЖЕ ПОРОГА
    1207.36 = 295.94+39.52+867.38  Eu-152    площадь 6.534E-009  порог 2.379E-008  НИЖЕ ПОРОГА
    1452.06 = 295.94+39.52+1112.07  Eu-152    площадь 1.566E-008  порог 2.379E-008  НИЖЕ ПОРОГА
     381.18 = 295.94+39.52+40.12  Eu-152    площадь 4.448E-008  порог 2.379E-008  проходит
     386.62 = 295.94+39.52+45.52  Eu-152    площадь 1.529E-008  порог 2.379E-008  НИЖЕ ПОРОГА
     387.67 = 295.94+39.52+46.58  Eu-152    площадь 4.014E-009  порог 2.379E-008  НИЖЕ ПОРОГА
     904.03 = 295.94+39.52+563.99  Eu-152    площадь 0.000E+000  порог 2.379E-008  НИЖЕ ПОРОГА
     784.07 = 295.94+39.52+443.96  Eu-152    площадь 2.069E-012  порог 2.379E-008  НИЖЕ ПОРОГА
    1425.85 = 295.94+39.52+1085.86  Eu-152    площадь 1.106E-011  порог 2.379E-008  НИЖЕ ПОРОГА
    1259.31 = 295.94+39.52+919.33  Eu-152    площадь 0.000E+000  порог 2.379E-008  НИЖЕ ПОРОГА
    1150.44 = 295.94+39.52+810.45  Eu-152    площадь 8.193E-013  порог 2.379E-008  НИЖЕ ПОРОГА
     784.08 = 295.94+39.52+443.97  Eu-152    площадь 2.069E-012  порог 2.379E-008  НИЖЕ ПОРОГА
    1552.93 = 295.94+39.52+1212.94  Eu-152    площадь 0.000E+000  порог 2.379E-008  НИЖЕ ПОРОГА
     828.76 = 295.94+39.52+488.68  Eu-152    площадь 0.000E+000  порог 2.379E-008  НИЖЕ ПОРОГА
    1797.65 = 295.94+39.52+1457.64  Eu-152    площадь 0.000E+000  порог 2.379E-008  НИЖЕ ПОРОГА
    1748.01 = 295.94+39.52+1408.01  Eu-152    площадь 0.000E+000  порог 2.379E-008  НИЖЕ ПОРОГА
    1345.26 = 295.94+39.52+1005.27  Eu-152    площадь 0.000E+000  порог 2.379E-008  НИЖЕ ПОРОГА
    1028.67 = 295.94+39.52+688.67  Eu-152    площадь 3.596E-012  порог 2.379E-008  НИЖЕ ПОРОГА
    1304.06 = 295.94+39.52+964.08  Eu-152    площадь 2.458E-011  порог 2.379E-008  НИЖЕ ПОРОГА
     463.20 = 295.94+40.12+121.78  Eu-152    площадь 6.905E-008  порог 2.379E-008  проходит
     585.69 = 295.94+40.12+244.70  Eu-152    площадь 3.334E-008  порог 2.379E-008  проходит
    1207.96 = 295.94+40.12+867.38  Eu-152    площадь 1.198E-008  порог 2.379E-008  НИЖЕ ПОРОГА
    1452.66 = 295.94+40.12+1112.07  Eu-152    площадь 2.872E-008  порог 2.379E-008  проходит
     381.18 = 295.94+40.12+39.52  Eu-152    площадь 4.448E-008  порог 2.379E-008  проходит
     387.22 = 295.94+40.12+45.52  Eu-152    площадь 2.804E-008  порог 2.379E-008  проходит
     388.27 = 295.94+40.12+46.58  Eu-152    площадь 7.361E-009  порог 2.379E-008  НИЖЕ ПОРОГА
     904.63 = 295.94+40.12+563.99  Eu-152    площадь 0.000E+000  порог 2.379E-008  НИЖЕ ПОРОГА
     784.67 = 295.94+40.12+443.96  Eu-152    площадь 3.794E-012  порог 2.379E-008  НИЖЕ ПОРОГА
    1426.45 = 295.94+40.12+1085.86  Eu-152    площадь 2.028E-011  порог 2.379E-008  НИЖЕ ПОРОГА
    1259.91 = 295.94+40.12+919.33  Eu-152    площадь 0.000E+000  порог 2.379E-008  НИЖЕ ПОРОГА
    1151.04 = 295.94+40.12+810.45  Eu-152    площадь 1.502E-012  порог 2.379E-008  НИЖЕ ПОРОГА
     784.68 = 295.94+40.12+443.97  Eu-152    площадь 3.794E-012  порог 2.379E-008  НИЖЕ ПОРОГА
    1553.53 = 295.94+40.12+1212.94  Eu-152    площадь 0.000E+000  порог 2.379E-008  НИЖЕ ПОРОГА
     829.36 = 295.94+40.12+488.68  Eu-152    площадь 0.000E+000  порог 2.379E-008  НИЖЕ ПОРОГА
    1798.25 = 295.94+40.12+1457.64  Eu-152    площадь 0.000E+000  порог 2.379E-008  НИЖЕ ПОРОГА
    1748.61 = 295.94+40.12+1408.01  Eu-152    площадь 0.000E+000  порог 2.379E-008  НИЖЕ ПОРОГА
    1345.86 = 295.94+40.12+1005.27  Eu-152    площадь 0.000E+000  порог 2.379E-008  НИЖЕ ПОРОГА
    1029.27 = 295.94+40.12+688.67  Eu-152    площадь 6.595E-012  порог 2.379E-008  НИЖЕ ПОРОГА
    1304.66 = 295.94+40.12+964.08  Eu-152    площадь 4.507E-011  порог 2.379E-008  НИЖЕ ПОРОГА
     469.69 = 295.94+46.58+121.78  Eu-152    площадь 6.233E-009  порог 2.379E-008  НИЖЕ ПОРОГА
     592.18 = 295.94+46.58+244.70  Eu-152    площадь 3.009E-009  порог 2.379E-008  НИЖЕ ПОРОГА
    1214.45 = 295.94+46.58+867.38  Eu-152    площадь 1.082E-009  порог 2.379E-008  НИЖЕ ПОРОГА
    1459.14 = 295.94+46.58+1112.07  Eu-152    площадь 2.592E-009  порог 2.379E-008  НИЖЕ ПОРОГА
     387.67 = 295.94+46.58+39.52  Eu-152    площадь 4.015E-009  порог 2.379E-008  НИЖЕ ПОРОГА
     388.27 = 295.94+46.58+40.12  Eu-152    площадь 7.362E-009  порог 2.379E-008  НИЖЕ ПОРОГА
     393.71 = 295.94+46.58+45.52  Eu-152    площадь 2.531E-009  порог 2.379E-008  НИЖЕ ПОРОГА
     911.12 = 295.94+46.58+563.99  Eu-152    площадь 0.000E+000  порог 2.379E-008  НИЖЕ ПОРОГА
     791.16 = 295.94+46.58+443.96  Eu-152    площадь 3.424E-013  порог 2.379E-008  НИЖЕ ПОРОГА
    1432.93 = 295.94+46.58+1085.86  Eu-152    площадь 1.831E-012  порог 2.379E-008  НИЖЕ ПОРОГА
    1266.40 = 295.94+46.58+919.33  Eu-152    площадь 0.000E+000  порог 2.379E-008  НИЖЕ ПОРОГА
    1157.52 = 295.94+46.58+810.45  Eu-152    площадь 1.356E-013  порог 2.379E-008  НИЖЕ ПОРОГА
     791.16 = 295.94+46.58+443.97  Eu-152    площадь 3.424E-013  порог 2.379E-008  НИЖЕ ПОРОГА
    1560.02 = 295.94+46.58+1212.94  Eu-152    площадь 0.000E+000  порог 2.379E-008  НИЖЕ ПОРОГА
     835.85 = 295.94+46.58+488.68  Eu-152    площадь 0.000E+000  порог 2.379E-008  НИЖЕ ПОРОГА
    1804.74 = 295.94+46.58+1457.64  Eu-152    площадь 0.000E+000  порог 2.379E-008  НИЖЕ ПОРОГА
    1755.10 = 295.94+46.58+1408.01  Eu-152    площадь 0.000E+000  порог 2.379E-008  НИЖЕ ПОРОГА
    1352.34 = 295.94+46.58+1005.27  Eu-152    площадь 0.000E+000  порог 2.379E-008  НИЖЕ ПОРОГА
    1035.76 = 295.94+46.58+688.67  Eu-152    площадь 5.953E-013  порог 2.379E-008  НИЖЕ ПОРОГА
    1311.15 = 295.94+46.58+964.08  Eu-152    площадь 4.068E-012  порог 2.379E-008  НИЖЕ ПОРОГА
    1452.06 = 1112.07+39.52+295.94  Eu-152    площадь 1.572E-008  порог 2.379E-008  НИЖЕ ПОРОГА
    1572.00 = 1112.07+39.52+416.05  Eu-152    площадь 2.838E-009  порог 2.379E-008  НИЖЕ ПОРОГА
    1278.52 = 1112.07+39.52+121.78  Eu-152    площадь 3.142E-007  порог 2.379E-008  проходит
    1197.18 = 1112.07+39.52+40.12  Eu-152    площадь 3.669E-007  порог 2.379E-008  проходит
    1202.61 = 1112.07+39.52+45.52  Eu-152    площадь 1.261E-007  порог 2.379E-008  проходит
    1203.66 = 1112.07+39.52+46.58  Eu-152    площадь 3.311E-008  порог 2.379E-008  проходит
    1719.85 = 1112.07+39.52+563.99  Eu-152    площадь 0.000E+000  порог 2.379E-008  НИЖЕ ПОРОГА
    1599.89 = 1112.07+39.52+443.96  Eu-152    площадь 0.000E+000  порог 2.379E-008  НИЖЕ ПОРОГА
    2241.76 = 1112.07+39.52+1085.86  Eu-152    площадь 0.000E+000  порог 2.379E-008  НИЖЕ ПОРОГА
    2075.19 = 1112.07+39.52+919.33  Eu-152    площадь 0.000E+000  порог 2.379E-008  НИЖЕ ПОРОГА
    1966.30 = 1112.07+39.52+810.45  Eu-152    площадь 4.250E-009  порог 2.379E-008  НИЖЕ ПОРОГА
    1599.89 = 1112.07+39.52+443.97  Eu-152    площадь 0.000E+000  порог 2.379E-008  НИЖЕ ПОРОГА
    2368.88 = 1112.07+39.52+1212.94  Eu-152    площадь 0.000E+000  порог 2.379E-008  НИЖЕ ПОРОГА
    1644.58 = 1112.07+39.52+488.68  Eu-152    площадь 0.000E+000  порог 2.379E-008  НИЖЕ ПОРОГА
    2613.66 = 1112.07+39.52+1457.64  Eu-152    площадь 0.000E+000  порог 2.379E-008  НИЖЕ ПОРОГА
    2564.01 = 1112.07+39.52+1408.01  Eu-152    площадь 0.000E+000  порог 2.379E-008  НИЖЕ ПОРОГА
    2161.16 = 1112.07+39.52+1005.27  Eu-152    площадь 0.000E+000  порог 2.379E-008  НИЖЕ ПОРОГА
    1400.94 = 1112.07+39.52+244.70  Eu-152    площадь 0.000E+000  порог 2.379E-008  НИЖЕ ПОРОГА
    1844.51 = 1112.07+39.52+688.67  Eu-152    площадь 0.000E+000  порог 2.379E-008  НИЖЕ ПОРОГА
    2119.95 = 1112.07+39.52+964.08  Eu-152    площадь 0.000E+000  порог 2.379E-008  НИЖЕ ПОРОГА
    2023.23 = 1112.07+39.52+867.38  Eu-152    площадь 0.000E+000  порог 2.379E-008  НИЖЕ ПОРОГА
    1452.66 = 1112.07+40.12+295.94  Eu-152    площадь 2.883E-008  порог 2.379E-008  проходит
    1572.60 = 1112.07+40.12+416.05  Eu-152    площадь 5.204E-009  порог 2.379E-008  НИЖЕ ПОРОГА
    1279.12 = 1112.07+40.12+121.78  Eu-152    площадь 5.762E-007  порог 2.379E-008  проходит
    1197.18 = 1112.07+40.12+39.52  Eu-152    площадь 3.669E-007  порог 2.379E-008  проходит
    1203.21 = 1112.07+40.12+45.52  Eu-152    площадь 2.313E-007  порог 2.379E-008  проходит
    1204.26 = 1112.07+40.12+46.58  Eu-152    площадь 6.072E-008  порог 2.379E-008  проходит
    1720.45 = 1112.07+40.12+563.99  Eu-152    площадь 0.000E+000  порог 2.379E-008  НИЖЕ ПОРОГА
    1600.49 = 1112.07+40.12+443.96  Eu-152    площадь 0.000E+000  порог 2.379E-008  НИЖЕ ПОРОГА
    2242.36 = 1112.07+40.12+1085.86  Eu-152    площадь 0.000E+000  порог 2.379E-008  НИЖЕ ПОРОГА
    2075.79 = 1112.07+40.12+919.33  Eu-152    площадь 0.000E+000  порог 2.379E-008  НИЖЕ ПОРОГА
    1966.89 = 1112.07+40.12+810.45  Eu-152    площадь 7.794E-009  порог 2.379E-008  НИЖЕ ПОРОГА
    1600.49 = 1112.07+40.12+443.97  Eu-152    площадь 0.000E+000  порог 2.379E-008  НИЖЕ ПОРОГА
    2369.48 = 1112.07+40.12+1212.94  Eu-152    площадь 0.000E+000  порог 2.379E-008  НИЖЕ ПОРОГА
    1645.18 = 1112.07+40.12+488.68  Eu-152    площадь 0.000E+000  порог 2.379E-008  НИЖЕ ПОРОГА
    2614.26 = 1112.07+40.12+1457.64  Eu-152    площадь 0.000E+000  порог 2.379E-008  НИЖЕ ПОРОГА
    2564.61 = 1112.07+40.12+1408.01  Eu-152    площадь 0.000E+000  порог 2.379E-008  НИЖЕ ПОРОГА
    2161.75 = 1112.07+40.12+1005.27  Eu-152    площадь 0.000E+000  порог 2.379E-008  НИЖЕ ПОРОГА
    1401.54 = 1112.07+40.12+244.70  Eu-152    площадь 0.000E+000  порог 2.379E-008  НИЖЕ ПОРОГА
    1845.11 = 1112.07+40.12+688.67  Eu-152    площадь 0.000E+000  порог 2.379E-008  НИЖЕ ПОРОГА
    2120.55 = 1112.07+40.12+964.08  Eu-152    площадь 0.000E+000  порог 2.379E-008  НИЖЕ ПОРОГА
    2023.83 = 1112.07+40.12+867.38  Eu-152    площадь 0.000E+000  порог 2.379E-008  НИЖЕ ПОРОГА
    1458.09 = 1112.07+45.52+295.94  Eu-152    площадь 9.905E-009  порог 2.379E-008  НИЖЕ ПОРОГА
    1578.03 = 1112.07+45.52+416.05  Eu-152    площадь 1.788E-009  порог 2.379E-008  НИЖЕ ПОРОГА
    1284.55 = 1112.07+45.52+121.78  Eu-152    площадь 1.980E-007  порог 2.379E-008  проходит
    1202.61 = 1112.07+45.52+39.52  Eu-152    площадь 1.261E-007  порог 2.379E-008  проходит
    1203.21 = 1112.07+45.52+40.12  Eu-152    площадь 2.312E-007  порог 2.379E-008  проходит
    1209.69 = 1112.07+45.52+46.58  Eu-152    площадь 2.086E-008  порог 2.379E-008  НИЖЕ ПОРОГА
    1725.88 = 1112.07+45.52+563.99  Eu-152    площадь 0.000E+000  порог 2.379E-008  НИЖЕ ПОРОГА
    1605.92 = 1112.07+45.52+443.96  Eu-152    площадь 0.000E+000  порог 2.379E-008  НИЖЕ ПОРОГА
    2247.79 = 1112.07+45.52+1085.86  Eu-152    площадь 0.000E+000  порог 2.379E-008  НИЖЕ ПОРОГА
    2081.22 = 1112.07+45.52+919.33  Eu-152    площадь 0.000E+000  порог 2.379E-008  НИЖЕ ПОРОГА
    1972.32 = 1112.07+45.52+810.45  Eu-152    площадь 2.678E-009  порог 2.379E-008  НИЖЕ ПОРОГА
    1605.92 = 1112.07+45.52+443.97  Eu-152    площадь 0.000E+000  порог 2.379E-008  НИЖЕ ПОРОГА
    2374.91 = 1112.07+45.52+1212.94  Eu-152    площадь 0.000E+000  порог 2.379E-008  НИЖЕ ПОРОГА
    1650.61 = 1112.07+45.52+488.68  Eu-152    площадь 0.000E+000  порог 2.379E-008  НИЖЕ ПОРОГА
    2619.70 = 1112.07+45.52+1457.64  Eu-152    площадь 0.000E+000  порог 2.379E-008  НИЖЕ ПОРОГА
    2570.04 = 1112.07+45.52+1408.01  Eu-152    площадь 0.000E+000  порог 2.379E-008  НИЖЕ ПОРОГА
    2167.18 = 1112.07+45.52+1005.27  Eu-152    площадь 0.000E+000  порог 2.379E-008  НИЖЕ ПОРОГА
    1406.97 = 1112.07+45.52+244.70  Eu-152    площадь 0.000E+000  порог 2.379E-008  НИЖЕ ПОРОГА
    1850.54 = 1112.07+45.52+688.67  Eu-152    площадь 0.000E+000  порог 2.379E-008  НИЖЕ ПОРОГА
    2125.98 = 1112.07+45.52+964.08  Eu-152    площадь 0.000E+000  порог 2.379E-008  НИЖЕ ПОРОГА
    2029.26 = 1112.07+45.52+867.38  Eu-152    площадь 0.000E+000  порог 2.379E-008  НИЖЕ ПОРОГА
    1459.14 = 1112.07+46.58+295.94  Eu-152    площадь 2.600E-009  порог 2.379E-008  НИЖЕ ПОРОГА
    1579.08 = 1112.07+46.58+416.05  Eu-152    площадь 4.695E-010  порог 2.379E-008  НИЖЕ ПОРОГА
    1285.60 = 1112.07+46.58+121.78  Eu-152    площадь 5.197E-008  порог 2.379E-008  проходит
    1203.66 = 1112.07+46.58+39.52  Eu-152    площадь 3.309E-008  порог 2.379E-008  проходит
    1204.26 = 1112.07+46.58+40.12  Eu-152    площадь 6.069E-008  порог 2.379E-008  проходит
    1209.69 = 1112.07+46.58+45.52  Eu-152    площадь 2.086E-008  порог 2.379E-008  НИЖЕ ПОРОГА
    1726.94 = 1112.07+46.58+563.99  Eu-152    площадь 0.000E+000  порог 2.379E-008  НИЖЕ ПОРОГА
    1606.97 = 1112.07+46.58+443.96  Eu-152    площадь 0.000E+000  порог 2.379E-008  НИЖЕ ПОРОГА
    2248.85 = 1112.07+46.58+1085.86  Eu-152    площадь 0.000E+000  порог 2.379E-008  НИЖЕ ПОРОГА
    2082.28 = 1112.07+46.58+919.33  Eu-152    площадь 0.000E+000  порог 2.379E-008  НИЖЕ ПОРОГА
    1973.38 = 1112.07+46.58+810.45  Eu-152    площадь 7.030E-010  порог 2.379E-008  НИЖЕ ПОРОГА
    1606.98 = 1112.07+46.58+443.97  Eu-152    площадь 0.000E+000  порог 2.379E-008  НИЖЕ ПОРОГА
    2375.97 = 1112.07+46.58+1212.94  Eu-152    площадь 0.000E+000  порог 2.379E-008  НИЖЕ ПОРОГА
    1651.66 = 1112.07+46.58+488.68  Eu-152    площадь 0.000E+000  порог 2.379E-008  НИЖЕ ПОРОГА
    2620.75 = 1112.07+46.58+1457.64  Eu-152    площадь 0.000E+000  порог 2.379E-008  НИЖЕ ПОРОГА
    2571.10 = 1112.07+46.58+1408.01  Eu-152    площадь 0.000E+000  порог 2.379E-008  НИЖЕ ПОРОГА
    2168.24 = 1112.07+46.58+1005.27  Eu-152    площадь 0.000E+000  порог 2.379E-008  НИЖЕ ПОРОГА
    1408.02 = 1112.07+46.58+244.70  Eu-152    площадь 0.000E+000  порог 2.379E-008  НИЖЕ ПОРОГА
    1851.59 = 1112.07+46.58+688.67  Eu-152    площадь 0.000E+000  порог 2.379E-008  НИЖЕ ПОРОГА
    2127.04 = 1112.07+46.58+964.08  Eu-152    площадь 0.000E+000  порог 2.379E-008  НИЖЕ ПОРОГА
    2030.31 = 1112.07+46.58+867.38  Eu-152    площадь 0.000E+000  порог 2.379E-008  НИЖЕ ПОРОГА
    1573.68 = 1085.86+39.52+443.97  Eu-152    площадь 2.696E-008  порог 2.379E-008  проходит
    1693.64 = 1085.86+39.52+563.99  Eu-152    площадь 3.688E-009  порог 2.379E-008  НИЖЕ ПОРОГА
    1170.97 = 1085.86+39.52+40.12  Eu-152    площадь 1.481E-007  порог 2.379E-008  проходит
    1176.40 = 1085.86+39.52+45.52  Eu-152    площадь 5.090E-008  порог 2.379E-008  проходит
    1177.45 = 1085.86+39.52+46.58  Eu-152    площадь 1.336E-008  порог 2.379E-008  НИЖЕ ПОРОГА
    1573.68 = 1085.86+39.52+443.96  Eu-152    площадь 2.696E-008  порог 2.379E-008  проходит
    1425.85 = 1085.86+39.52+295.94  Eu-152    площадь 1.114E-011  порог 2.379E-008  НИЖЕ ПОРОГА
    2241.76 = 1085.86+39.52+1112.07  Eu-152    площадь 0.000E+000  порог 2.379E-008  НИЖЕ ПОРОГА
    2048.98 = 1085.86+39.52+919.33  Eu-152    площадь 0.000E+000  порог 2.379E-008  НИЖЕ ПОРОГА
    1940.08 = 1085.86+39.52+810.45  Eu-152    площадь 3.013E-012  порог 2.379E-008  НИЖЕ ПОРОГА
    1252.31 = 1085.86+39.52+121.78  Eu-152    площадь 0.000E+000  порог 2.379E-008  НИЖЕ ПОРОГА
    2342.66 = 1085.86+39.52+1212.94  Eu-152    площадь 0.000E+000  порог 2.379E-008  НИЖЕ ПОРОГА
    1618.36 = 1085.86+39.52+488.68  Eu-152    площадь 0.000E+000  порог 2.379E-008  НИЖЕ ПОРОГА
    2587.45 = 1085.86+39.52+1457.64  Eu-152    площадь 0.000E+000  порог 2.379E-008  НИЖЕ ПОРОГА
    2537.79 = 1085.86+39.52+1408.01  Eu-152    площадь 0.000E+000  порог 2.379E-008  НИЖЕ ПОРОГА
    2134.94 = 1085.86+39.52+1005.27  Eu-152    площадь 0.000E+000  порог 2.379E-008  НИЖЕ ПОРОГА
    1374.73 = 1085.86+39.52+244.70  Eu-152    площадь 0.000E+000  порог 2.379E-008  НИЖЕ ПОРОГА
    1818.30 = 1085.86+39.52+688.67  Eu-152    площадь 0.000E+000  порог 2.379E-008  НИЖЕ ПОРОГА
    2093.74 = 1085.86+39.52+964.08  Eu-152    площадь 0.000E+000  порог 2.379E-008  НИЖЕ ПОРОГА
    1997.02 = 1085.86+39.52+867.38  Eu-152    площадь 0.000E+000  порог 2.379E-008  НИЖЕ ПОРОГА
    1574.28 = 1085.86+40.12+443.97  Eu-152    площадь 4.944E-008  порог 2.379E-008  проходит
    1694.24 = 1085.86+40.12+563.99  Eu-152    площадь 6.764E-009  порог 2.379E-008  НИЖЕ ПОРОГА
    1170.97 = 1085.86+40.12+39.52  Eu-152    площадь 1.481E-007  порог 2.379E-008  проходит
    1177.00 = 1085.86+40.12+45.52  Eu-152    площадь 9.334E-008  порог 2.379E-008  проходит
    1178.05 = 1085.86+40.12+46.58  Eu-152    площадь 2.451E-008  порог 2.379E-008  проходит
    1574.28 = 1085.86+40.12+443.96  Eu-152    площадь 4.944E-008  порог 2.379E-008  проходит
    1426.45 = 1085.86+40.12+295.94  Eu-152    площадь 2.044E-011  порог 2.379E-008  НИЖЕ ПОРОГА
    2242.36 = 1085.86+40.12+1112.07  Eu-152    площадь 0.000E+000  порог 2.379E-008  НИЖЕ ПОРОГА
    2049.58 = 1085.86+40.12+919.33  Eu-152    площадь 0.000E+000  порог 2.379E-008  НИЖЕ ПОРОГА
    1940.68 = 1085.86+40.12+810.45  Eu-152    площадь 5.525E-012  порог 2.379E-008  НИЖЕ ПОРОГА
    1252.91 = 1085.86+40.12+121.78  Eu-152    площадь 0.000E+000  порог 2.379E-008  НИЖЕ ПОРОГА
    2343.26 = 1085.86+40.12+1212.94  Eu-152    площадь 0.000E+000  порог 2.379E-008  НИЖЕ ПОРОГА
    1618.96 = 1085.86+40.12+488.68  Eu-152    площадь 0.000E+000  порог 2.379E-008  НИЖЕ ПОРОГА
    2588.04 = 1085.86+40.12+1457.64  Eu-152    площадь 0.000E+000  порог 2.379E-008  НИЖЕ ПОРОГА
    2538.39 = 1085.86+40.12+1408.01  Eu-152    площадь 0.000E+000  порог 2.379E-008  НИЖЕ ПОРОГА
    2135.54 = 1085.86+40.12+1005.27  Eu-152    площадь 0.000E+000  порог 2.379E-008  НИЖЕ ПОРОГА
    1375.33 = 1085.86+40.12+244.70  Eu-152    площадь 0.000E+000  порог 2.379E-008  НИЖЕ ПОРОГА
    1818.90 = 1085.86+40.12+688.67  Eu-152    площадь 0.000E+000  порог 2.379E-008  НИЖЕ ПОРОГА
    2094.33 = 1085.86+40.12+964.08  Eu-152    площадь 0.000E+000  порог 2.379E-008  НИЖЕ ПОРОГА
    1997.61 = 1085.86+40.12+867.38  Eu-152    площадь 0.000E+000  порог 2.379E-008  НИЖЕ ПОРОГА
    1579.71 = 1085.86+45.52+443.97  Eu-152    площадь 1.699E-008  порог 2.379E-008  НИЖЕ ПОРОГА
    1699.67 = 1085.86+45.52+563.99  Eu-152    площадь 2.324E-009  порог 2.379E-008  НИЖЕ ПОРОГА
    1176.40 = 1085.86+45.52+39.52  Eu-152    площадь 5.089E-008  порог 2.379E-008  проходит
    1177.00 = 1085.86+45.52+40.12  Eu-152    площадь 9.332E-008  порог 2.379E-008  проходит
    1183.48 = 1085.86+45.52+46.58  Eu-152    площадь 8.422E-009  порог 2.379E-008  НИЖЕ ПОРОГА
    1579.71 = 1085.86+45.52+443.96  Eu-152    площадь 1.699E-008  порог 2.379E-008  НИЖЕ ПОРОГА
    1431.88 = 1085.86+45.52+295.94  Eu-152    площадь 7.023E-012  порог 2.379E-008  НИЖЕ ПОРОГА
    2247.79 = 1085.86+45.52+1112.07  Eu-152    площадь 0.000E+000  порог 2.379E-008  НИЖЕ ПОРОГА
    2055.01 = 1085.86+45.52+919.33  Eu-152    площадь 0.000E+000  порог 2.379E-008  НИЖЕ ПОРОГА
    1946.11 = 1085.86+45.52+810.45  Eu-152    площадь 1.899E-012  порог 2.379E-008  НИЖЕ ПОРОГА
    1258.34 = 1085.86+45.52+121.78  Eu-152    площадь 0.000E+000  порог 2.379E-008  НИЖЕ ПОРОГА
    2348.69 = 1085.86+45.52+1212.94  Eu-152    площадь 0.000E+000  порог 2.379E-008  НИЖЕ ПОРОГА
    1624.39 = 1085.86+45.52+488.68  Eu-152    площадь 0.000E+000  порог 2.379E-008  НИЖЕ ПОРОГА
    2593.48 = 1085.86+45.52+1457.64  Eu-152    площадь 0.000E+000  порог 2.379E-008  НИЖЕ ПОРОГА
    2543.82 = 1085.86+45.52+1408.01  Eu-152    площадь 0.000E+000  порог 2.379E-008  НИЖЕ ПОРОГА
    2140.97 = 1085.86+45.52+1005.27  Eu-152    площадь 0.000E+000  порог 2.379E-008  НИЖЕ ПОРОГА
    1380.76 = 1085.86+45.52+244.70  Eu-152    площадь 0.000E+000  порог 2.379E-008  НИЖЕ ПОРОГА
    1824.33 = 1085.86+45.52+688.67  Eu-152    площадь 0.000E+000  порог 2.379E-008  НИЖЕ ПОРОГА
    2099.76 = 1085.86+45.52+964.08  Eu-152    площадь 0.000E+000  порог 2.379E-008  НИЖЕ ПОРОГА
    2003.04 = 1085.86+45.52+867.38  Eu-152    площадь 0.000E+000  порог 2.379E-008  НИЖЕ ПОРОГА
    1580.77 = 1085.86+46.58+443.97  Eu-152    площадь 4.461E-009  порог 2.379E-008  НИЖЕ ПОРОГА
    1700.72 = 1085.86+46.58+563.99  Eu-152    площадь 6.103E-010  порог 2.379E-008  НИЖЕ ПОРОГА
    1177.45 = 1085.86+46.58+39.52  Eu-152    площадь 1.336E-008  порог 2.379E-008  НИЖЕ ПОРОГА
    1178.05 = 1085.86+46.58+40.12  Eu-152    площадь 2.450E-008  порог 2.379E-008  проходит
    1183.48 = 1085.86+46.58+45.52  Eu-152    площадь 8.421E-009  порог 2.379E-008  НИЖЕ ПОРОГА
    1580.76 = 1085.86+46.58+443.96  Eu-152    площадь 4.461E-009  порог 2.379E-008  НИЖЕ ПОРОГА
    1432.93 = 1085.86+46.58+295.94  Eu-152    площадь 1.844E-012  порог 2.379E-008  НИЖЕ ПОРОГА
    2248.85 = 1085.86+46.58+1112.07  Eu-152    площадь 0.000E+000  порог 2.379E-008  НИЖЕ ПОРОГА
    2056.06 = 1085.86+46.58+919.33  Eu-152    площадь 0.000E+000  порог 2.379E-008  НИЖЕ ПОРОГА
    1947.17 = 1085.86+46.58+810.45  Eu-152    площадь 4.985E-013  порог 2.379E-008  НИЖЕ ПОРОГА
    1259.39 = 1085.86+46.58+121.78  Eu-152    площадь 0.000E+000  порог 2.379E-008  НИЖЕ ПОРОГА
    2349.75 = 1085.86+46.58+1212.94  Eu-152    площадь 0.000E+000  порог 2.379E-008  НИЖЕ ПОРОГА
    1625.45 = 1085.86+46.58+488.68  Eu-152    площадь 0.000E+000  порог 2.379E-008  НИЖЕ ПОРОГА
    2594.53 = 1085.86+46.58+1457.64  Eu-152    площадь 0.000E+000  порог 2.379E-008  НИЖЕ ПОРОГА
    2544.88 = 1085.86+46.58+1408.01  Eu-152    площадь 0.000E+000  порог 2.379E-008  НИЖЕ ПОРОГА
    2142.02 = 1085.86+46.58+1005.27  Eu-152    площадь 0.000E+000  порог 2.379E-008  НИЖЕ ПОРОГА
    1381.81 = 1085.86+46.58+244.70  Eu-152    площадь 0.000E+000  порог 2.379E-008  НИЖЕ ПОРОГА
    1825.38 = 1085.86+46.58+688.67  Eu-152    площадь 0.000E+000  порог 2.379E-008  НИЖЕ ПОРОГА
    2100.82 = 1085.86+46.58+964.08  Eu-152    площадь 0.000E+000  порог 2.379E-008  НИЖЕ ПОРОГА
    2004.10 = 1085.86+46.58+867.38  Eu-152    площадь 0.000E+000  порог 2.379E-008  НИЖЕ ПОРОГА
    1451.82 = 919.33+39.52+488.68  Eu-152    площадь 1.033E-008  порог 2.379E-008  НИЖЕ ПОРОГА
    1085.78 = 919.33+39.52+121.78  Eu-152    площадь 1.188E-008  порог 2.379E-008  НИЖЕ ПОРОГА
    1004.44 = 919.33+39.52+40.12  Eu-152    площадь 1.393E-008  порог 2.379E-008  НИЖЕ ПОРОГА
    1009.87 = 919.33+39.52+45.52  Eu-152    площадь 4.789E-009  порог 2.379E-008  НИЖЕ ПОРОГА
    1010.92 = 919.33+39.52+46.58  Eu-152    площадь 1.257E-009  порог 2.379E-008  НИЖЕ ПОРОГА
    1527.10 = 919.33+39.52+563.99  Eu-152    площадь 0.000E+000  порог 2.379E-008  НИЖЕ ПОРОГА
    1407.14 = 919.33+39.52+443.96  Eu-152    площадь 0.000E+000  порог 2.379E-008  НИЖЕ ПОРОГА
    1259.31 = 919.33+39.52+295.94  Eu-152    площадь 0.000E+000  порог 2.379E-008  НИЖЕ ПОРОГА
    2075.19 = 919.33+39.52+1112.07  Eu-152    площадь 0.000E+000  порог 2.379E-008  НИЖЕ ПОРОГА
    2048.98 = 919.33+39.52+1085.86  Eu-152    площадь 0.000E+000  порог 2.379E-008  НИЖЕ ПОРОГА
    1773.52 = 919.33+39.52+810.45  Eu-152    площадь 0.000E+000  порог 2.379E-008  НИЖЕ ПОРОГА
    1407.14 = 919.33+39.52+443.97  Eu-152    площадь 0.000E+000  порог 2.379E-008  НИЖЕ ПОРОГА
    2176.09 = 919.33+39.52+1212.94  Eu-152    площадь 0.000E+000  порог 2.379E-008  НИЖЕ ПОРОГА
    2420.86 = 919.33+39.52+1457.64  Eu-152    площадь 0.000E+000  порог 2.379E-008  НИЖЕ ПОРОГА
    2371.20 = 919.33+39.52+1408.01  Eu-152    площадь 0.000E+000  порог 2.379E-008  НИЖЕ ПОРОГА
    1968.37 = 919.33+39.52+1005.27  Eu-152    площадь 0.000E+000  порог 2.379E-008  НИЖЕ ПОРОГА
    1208.20 = 919.33+39.52+244.70  Eu-152    площадь 0.000E+000  порог 2.379E-008  НИЖЕ ПОРОГА
    1651.75 = 919.33+39.52+688.67  Eu-152    площадь 0.000E+000  порог 2.379E-008  НИЖЕ ПОРОГА
    1927.17 = 919.33+39.52+964.08  Eu-152    площадь 0.000E+000  порог 2.379E-008  НИЖЕ ПОРОГА
    1830.46 = 919.33+39.52+867.38  Eu-152    площадь 0.000E+000  порог 2.379E-008  НИЖЕ ПОРОГА
    1452.42 = 919.33+40.12+488.68  Eu-152    площадь 1.895E-008  порог 2.379E-008  НИЖЕ ПОРОГА
    1086.38 = 919.33+40.12+121.78  Eu-152    площадь 2.179E-008  порог 2.379E-008  НИЖЕ ПОРОГА
    1004.44 = 919.33+40.12+39.52  Eu-152    площадь 1.393E-008  порог 2.379E-008  НИЖЕ ПОРОГА
    1010.47 = 919.33+40.12+45.52  Eu-152    площадь 8.783E-009  порог 2.379E-008  НИЖЕ ПОРОГА
    1011.52 = 919.33+40.12+46.58  Eu-152    площадь 2.306E-009  порог 2.379E-008  НИЖЕ ПОРОГА
    1527.70 = 919.33+40.12+563.99  Eu-152    площадь 0.000E+000  порог 2.379E-008  НИЖЕ ПОРОГА
    1407.74 = 919.33+40.12+443.96  Eu-152    площадь 0.000E+000  порог 2.379E-008  НИЖЕ ПОРОГА
    1259.91 = 919.33+40.12+295.94  Eu-152    площадь 0.000E+000  порог 2.379E-008  НИЖЕ ПОРОГА
    2075.79 = 919.33+40.12+1112.07  Eu-152    площадь 0.000E+000  порог 2.379E-008  НИЖЕ ПОРОГА
    2049.58 = 919.33+40.12+1085.86  Eu-152    площадь 0.000E+000  порог 2.379E-008  НИЖЕ ПОРОГА
    1774.12 = 919.33+40.12+810.45  Eu-152    площадь 0.000E+000  порог 2.379E-008  НИЖЕ ПОРОГА
    1407.74 = 919.33+40.12+443.97  Eu-152    площадь 0.000E+000  порог 2.379E-008  НИЖЕ ПОРОГА
    2176.68 = 919.33+40.12+1212.94  Eu-152    площадь 0.000E+000  порог 2.379E-008  НИЖЕ ПОРОГА
    2421.45 = 919.33+40.12+1457.64  Eu-152    площадь 0.000E+000  порог 2.379E-008  НИЖЕ ПОРОГА
    2371.80 = 919.33+40.12+1408.01  Eu-152    площадь 0.000E+000  порог 2.379E-008  НИЖЕ ПОРОГА
    1968.97 = 919.33+40.12+1005.27  Eu-152    площадь 0.000E+000  порог 2.379E-008  НИЖЕ ПОРОГА
    1208.80 = 919.33+40.12+244.70  Eu-152    площадь 0.000E+000  порог 2.379E-008  НИЖЕ ПОРОГА
    1652.35 = 919.33+40.12+688.67  Eu-152    площадь 0.000E+000  порог 2.379E-008  НИЖЕ ПОРОГА
    1927.77 = 919.33+40.12+964.08  Eu-152    площадь 0.000E+000  порог 2.379E-008  НИЖЕ ПОРОГА
    1831.06 = 919.33+40.12+867.38  Eu-152    площадь 0.000E+000  порог 2.379E-008  НИЖЕ ПОРОГА
    1457.85 = 919.33+45.52+488.68  Eu-152    площадь 6.519E-009  порог 2.379E-008  НИЖЕ ПОРОГА
    1091.81 = 919.33+45.52+121.78  Eu-152    площадь 7.495E-009  порог 2.379E-008  НИЖЕ ПОРОГА
    1009.87 = 919.33+45.52+39.52  Eu-152    площадь 4.792E-009  порог 2.379E-008  НИЖЕ ПОРОГА
    1010.47 = 919.33+45.52+40.12  Eu-152    площадь 8.788E-009  порог 2.379E-008  НИЖЕ ПОРОГА
    1016.95 = 919.33+45.52+46.58  Eu-152    площадь 7.931E-010  порог 2.379E-008  НИЖЕ ПОРОГА
    1533.13 = 919.33+45.52+563.99  Eu-152    площадь 0.000E+000  порог 2.379E-008  НИЖЕ ПОРОГА
    1413.17 = 919.33+45.52+443.96  Eu-152    площадь 0.000E+000  порог 2.379E-008  НИЖЕ ПОРОГА
    1265.34 = 919.33+45.52+295.94  Eu-152    площадь 0.000E+000  порог 2.379E-008  НИЖЕ ПОРОГА
    2081.22 = 919.33+45.52+1112.07  Eu-152    площадь 0.000E+000  порог 2.379E-008  НИЖЕ ПОРОГА
    2055.01 = 919.33+45.52+1085.86  Eu-152    площадь 0.000E+000  порог 2.379E-008  НИЖЕ ПОРОГА
    1779.55 = 919.33+45.52+810.45  Eu-152    площадь 0.000E+000  порог 2.379E-008  НИЖЕ ПОРОГА
    1413.17 = 919.33+45.52+443.97  Eu-152    площадь 0.000E+000  порог 2.379E-008  НИЖЕ ПОРОГА
    2182.12 = 919.33+45.52+1212.94  Eu-152    площадь 0.000E+000  порог 2.379E-008  НИЖЕ ПОРОГА
    2426.89 = 919.33+45.52+1457.64  Eu-152    площадь 0.000E+000  порог 2.379E-008  НИЖЕ ПОРОГА
    2377.23 = 919.33+45.52+1408.01  Eu-152    площадь 0.000E+000  порог 2.379E-008  НИЖЕ ПОРОГА
    1974.40 = 919.33+45.52+1005.27  Eu-152    площадь 0.000E+000  порог 2.379E-008  НИЖЕ ПОРОГА
    1214.23 = 919.33+45.52+244.70  Eu-152    площадь 0.000E+000  порог 2.379E-008  НИЖЕ ПОРОГА
    1657.78 = 919.33+45.52+688.67  Eu-152    площадь 0.000E+000  порог 2.379E-008  НИЖЕ ПОРОГА
    1933.20 = 919.33+45.52+964.08  Eu-152    площадь 0.000E+000  порог 2.379E-008  НИЖЕ ПОРОГА
    1836.49 = 919.33+45.52+867.38  Eu-152    площадь 0.000E+000  порог 2.379E-008  НИЖЕ ПОРОГА
    1458.91 = 919.33+46.58+488.68  Eu-152    площадь 1.712E-009  порог 2.379E-008  НИЖЕ ПОРОГА
    1092.86 = 919.33+46.58+121.78  Eu-152    площадь 1.968E-009  порог 2.379E-008  НИЖЕ ПОРОГА
    1010.92 = 919.33+46.58+39.52  Eu-152    площадь 1.258E-009  порог 2.379E-008  НИЖЕ ПОРОГА
    1011.52 = 919.33+46.58+40.12  Eu-152    площадь 2.308E-009  порог 2.379E-008  НИЖЕ ПОРОГА
    1016.95 = 919.33+46.58+45.52  Eu-152    площадь 7.932E-010  порог 2.379E-008  НИЖЕ ПОРОГА
    1534.18 = 919.33+46.58+563.99  Eu-152    площадь 0.000E+000  порог 2.379E-008  НИЖЕ ПОРОГА
    1414.22 = 919.33+46.58+443.96  Eu-152    площадь 0.000E+000  порог 2.379E-008  НИЖЕ ПОРОГА
    1266.40 = 919.33+46.58+295.94  Eu-152    площадь 0.000E+000  порог 2.379E-008  НИЖЕ ПОРОГА
    2082.28 = 919.33+46.58+1112.07  Eu-152    площадь 0.000E+000  порог 2.379E-008  НИЖЕ ПОРОГА
    2056.06 = 919.33+46.58+1085.86  Eu-152    площадь 0.000E+000  порог 2.379E-008  НИЖЕ ПОРОГА
    1780.61 = 919.33+46.58+810.45  Eu-152    площадь 0.000E+000  порог 2.379E-008  НИЖЕ ПОРОГА
    1414.23 = 919.33+46.58+443.97  Eu-152    площадь 0.000E+000  порог 2.379E-008  НИЖЕ ПОРОГА
    2183.17 = 919.33+46.58+1212.94  Eu-152    площадь 0.000E+000  порог 2.379E-008  НИЖЕ ПОРОГА
    2427.94 = 919.33+46.58+1457.64  Eu-152    площадь 0.000E+000  порог 2.379E-008  НИЖЕ ПОРОГА
    2378.29 = 919.33+46.58+1408.01  Eu-152    площадь 0.000E+000  порог 2.379E-008  НИЖЕ ПОРОГА
    1975.46 = 919.33+46.58+1005.27  Eu-152    площадь 0.000E+000  порог 2.379E-008  НИЖЕ ПОРОГА
    1215.28 = 919.33+46.58+244.70  Eu-152    площадь 0.000E+000  порог 2.379E-008  НИЖЕ ПОРОГА
    1658.83 = 919.33+46.58+688.67  Eu-152    площадь 0.000E+000  порог 2.379E-008  НИЖЕ ПОРОГА
    1934.26 = 919.33+46.58+964.08  Eu-152    площадь 0.000E+000  порог 2.379E-008  НИЖЕ ПОРОГА
    1837.54 = 919.33+46.58+867.38  Eu-152    площадь 0.000E+000  порог 2.379E-008  НИЖЕ ПОРОГА
    1573.54 = 810.45+39.52+719.35  Eu-152    площадь 1.348E-009  порог 2.379E-008  НИЖЕ ПОРОГА
     895.56 = 810.45+39.52+40.12  Eu-152    площадь 6.075E-009  порог 2.379E-008  НИЖЕ ПОРОГА
     900.99 = 810.45+39.52+45.52  Eu-152    площадь 2.088E-009  порог 2.379E-008  НИЖЕ ПОРОГА
     902.05 = 810.45+39.52+46.58  Eu-152    площадь 5.483E-010  порог 2.379E-008  НИЖЕ ПОРОГА
    1418.22 = 810.45+39.52+563.99  Eu-152    площадь 2.343E-011  порог 2.379E-008  НИЖЕ ПОРОГА
    1298.26 = 810.45+39.52+443.96  Eu-152    площадь 3.220E-012  порог 2.379E-008  НИЖЕ ПОРОГА
    1150.44 = 810.45+39.52+295.94  Eu-152    площадь 8.195E-013  порог 2.379E-008  НИЖЕ ПОРОГА
    1966.30 = 810.45+39.52+1112.07  Eu-152    площадь 0.000E+000  порог 2.379E-008  НИЖЕ ПОРОГА
    1940.08 = 810.45+39.52+1085.86  Eu-152    площадь 0.000E+000  порог 2.379E-008  НИЖЕ ПОРОГА
    1773.52 = 810.45+39.52+919.33  Eu-152    площадь 1.340E-009  порог 2.379E-008  НИЖЕ ПОРОГА
    1298.27 = 810.45+39.52+443.97  Eu-152    площадь 2.778E-011  порог 2.379E-008  НИЖЕ ПОРОГА
     976.90 = 810.45+39.52+121.78  Eu-152    площадь 0.000E+000  порог 2.379E-008  НИЖЕ ПОРОГА
    2067.19 = 810.45+39.52+1212.94  Eu-152    площадь 0.000E+000  порог 2.379E-008  НИЖЕ ПОРОГА
    1342.95 = 810.45+39.52+488.68  Eu-152    площадь 0.000E+000  порог 2.379E-008  НИЖЕ ПОРОГА
    2311.95 = 810.45+39.52+1457.64  Eu-152    площадь 0.000E+000  порог 2.379E-008  НИЖЕ ПОРОГА
    2262.30 = 810.45+39.52+1408.01  Eu-152    площадь 0.000E+000  порог 2.379E-008  НИЖЕ ПОРОГА
    1859.48 = 810.45+39.52+1005.27  Eu-152    площадь 0.000E+000  порог 2.379E-008  НИЖЕ ПОРОГА
    1099.32 = 810.45+39.52+244.70  Eu-152    площадь 0.000E+000  порог 2.379E-008  НИЖЕ ПОРОГА
    1542.86 = 810.45+39.52+688.67  Eu-152    площадь 0.000E+000  порог 2.379E-008  НИЖЕ ПОРОГА
    1818.28 = 810.45+39.52+964.08  Eu-152    площадь 0.000E+000  порог 2.379E-008  НИЖЕ ПОРОГА
    1721.57 = 810.45+39.52+867.38  Eu-152    площадь 0.000E+000  порог 2.379E-008  НИЖЕ ПОРОГА
    1574.14 = 810.45+40.12+719.35  Eu-152    площадь 2.473E-009  порог 2.379E-008  НИЖЕ ПОРОГА
     895.56 = 810.45+40.12+39.52  Eu-152    площадь 6.075E-009  порог 2.379E-008  НИЖЕ ПОРОГА
     901.59 = 810.45+40.12+45.52  Eu-152    площадь 3.830E-009  порог 2.379E-008  НИЖЕ ПОРОГА
     902.65 = 810.45+40.12+46.58  Eu-152    площадь 1.005E-009  порог 2.379E-008  НИЖЕ ПОРОГА
    1418.82 = 810.45+40.12+563.99  Eu-152    площадь 4.297E-011  порог 2.379E-008  НИЖЕ ПОРОГА
    1298.86 = 810.45+40.12+443.96  Eu-152    площадь 5.906E-012  порог 2.379E-008  НИЖЕ ПОРОГА
    1151.04 = 810.45+40.12+295.94  Eu-152    площадь 1.503E-012  порог 2.379E-008  НИЖЕ ПОРОГА
    1966.89 = 810.45+40.12+1112.07  Eu-152    площадь 0.000E+000  порог 2.379E-008  НИЖЕ ПОРОГА
    1940.68 = 810.45+40.12+1085.86  Eu-152    площадь 0.000E+000  порог 2.379E-008  НИЖЕ ПОРОГА
    1774.12 = 810.45+40.12+919.33  Eu-152    площадь 2.457E-009  порог 2.379E-008  НИЖЕ ПОРОГА
    1298.87 = 810.45+40.12+443.97  Eu-152    площадь 5.095E-011  порог 2.379E-008  НИЖЕ ПОРОГА
     977.50 = 810.45+40.12+121.78  Eu-152    площадь 0.000E+000  порог 2.379E-008  НИЖЕ ПОРОГА
    2067.78 = 810.45+40.12+1212.94  Eu-152    площадь 0.000E+000  порог 2.379E-008  НИЖЕ ПОРОГА
    1343.55 = 810.45+40.12+488.68  Eu-152    площадь 0.000E+000  порог 2.379E-008  НИЖЕ ПОРОГА
    2312.55 = 810.45+40.12+1457.64  Eu-152    площадь 0.000E+000  порог 2.379E-008  НИЖЕ ПОРОГА
    2262.90 = 810.45+40.12+1408.01  Eu-152    площадь 0.000E+000  порог 2.379E-008  НИЖЕ ПОРОГА
    1860.08 = 810.45+40.12+1005.27  Eu-152    площадь 0.000E+000  порог 2.379E-008  НИЖЕ ПОРОГА
    1099.92 = 810.45+40.12+244.70  Eu-152    площадь 0.000E+000  порог 2.379E-008  НИЖЕ ПОРОГА
    1543.46 = 810.45+40.12+688.67  Eu-152    площадь 0.000E+000  порог 2.379E-008  НИЖЕ ПОРОГА
    1818.88 = 810.45+40.12+964.08  Eu-152    площадь 0.000E+000  порог 2.379E-008  НИЖЕ ПОРОГА
    1722.17 = 810.45+40.12+867.38  Eu-152    площадь 0.000E+000  порог 2.379E-008  НИЖЕ ПОРОГА
    1579.57 = 810.45+45.52+719.35  Eu-152    площадь 8.506E-010  порог 2.379E-008  НИЖЕ ПОРОГА
     900.99 = 810.45+45.52+39.52  Eu-152    площадь 2.090E-009  порог 2.379E-008  НИЖЕ ПОРОГА
     901.59 = 810.45+45.52+40.12  Eu-152    площадь 3.832E-009  порог 2.379E-008  НИЖЕ ПОРОГА
     908.08 = 810.45+45.52+46.58  Eu-152    площадь 3.458E-010  порог 2.379E-008  НИЖЕ ПОРОГА
    1424.25 = 810.45+45.52+563.99  Eu-152    площадь 1.478E-011  порог 2.379E-008  НИЖЕ ПОРОГА
    1304.29 = 810.45+45.52+443.96  Eu-152    площадь 2.031E-012  порог 2.379E-008  НИЖЕ ПОРОГА
    1156.47 = 810.45+45.52+295.94  Eu-152    площадь 5.169E-013  порог 2.379E-008  НИЖЕ ПОРОГА
    1972.32 = 810.45+45.52+1112.07  Eu-152    площадь 0.000E+000  порог 2.379E-008  НИЖЕ ПОРОГА
    1946.11 = 810.45+45.52+1085.86  Eu-152    площадь 0.000E+000  порог 2.379E-008  НИЖЕ ПОРОГА
    1779.55 = 810.45+45.52+919.33  Eu-152    площадь 8.451E-010  порог 2.379E-008  НИЖЕ ПОРОГА
    1304.30 = 810.45+45.52+443.97  Eu-152    площадь 1.752E-011  порог 2.379E-008  НИЖЕ ПОРОГА
     982.93 = 810.45+45.52+121.78  Eu-152    площадь 0.000E+000  порог 2.379E-008  НИЖЕ ПОРОГА
    2073.22 = 810.45+45.52+1212.94  Eu-152    площадь 0.000E+000  порог 2.379E-008  НИЖЕ ПОРОГА
    1348.98 = 810.45+45.52+488.68  Eu-152    площадь 0.000E+000  порог 2.379E-008  НИЖЕ ПОРОГА
    2317.98 = 810.45+45.52+1457.64  Eu-152    площадь 0.000E+000  порог 2.379E-008  НИЖЕ ПОРОГА
    2268.33 = 810.45+45.52+1408.01  Eu-152    площадь 0.000E+000  порог 2.379E-008  НИЖЕ ПОРОГА
    1865.51 = 810.45+45.52+1005.27  Eu-152    площадь 0.000E+000  порог 2.379E-008  НИЖЕ ПОРОГА
    1105.35 = 810.45+45.52+244.70  Eu-152    площадь 0.000E+000  порог 2.379E-008  НИЖЕ ПОРОГА
    1548.89 = 810.45+45.52+688.67  Eu-152    площадь 0.000E+000  порог 2.379E-008  НИЖЕ ПОРОГА
    1824.31 = 810.45+45.52+964.08  Eu-152    площадь 0.000E+000  порог 2.379E-008  НИЖЕ ПОРОГА
    1727.60 = 810.45+45.52+867.38  Eu-152    площадь 0.000E+000  порог 2.379E-008  НИЖЕ ПОРОГА
    1580.62 = 810.45+46.58+719.35  Eu-152    площадь 2.233E-010  порог 2.379E-008  НИЖЕ ПОРОГА
     902.05 = 810.45+46.58+39.52  Eu-152    площадь 5.487E-010  порог 2.379E-008  НИЖЕ ПОРОГА
     902.65 = 810.45+46.58+40.12  Eu-152    площадь 1.006E-009  порог 2.379E-008  НИЖЕ ПОРОГА
     908.08 = 810.45+46.58+45.52  Eu-152    площадь 3.459E-010  порог 2.379E-008  НИЖЕ ПОРОГА
    1425.30 = 810.45+46.58+563.99  Eu-152    площадь 3.881E-012  порог 2.379E-008  НИЖЕ ПОРОГА
    1305.35 = 810.45+46.58+443.96  Eu-152    площадь 5.334E-013  порог 2.379E-008  НИЖЕ ПОРОГА
    1157.52 = 810.45+46.58+295.94  Eu-152    площадь 1.357E-013  порог 2.379E-008  НИЖЕ ПОРОГА
    1973.38 = 810.45+46.58+1112.07  Eu-152    площадь 0.000E+000  порог 2.379E-008  НИЖЕ ПОРОГА
    1947.17 = 810.45+46.58+1085.86  Eu-152    площадь 0.000E+000  порог 2.379E-008  НИЖЕ ПОРОГА
    1780.61 = 810.45+46.58+919.33  Eu-152    площадь 2.219E-010  порог 2.379E-008  НИЖЕ ПОРОГА
    1305.35 = 810.45+46.58+443.97  Eu-152    площадь 4.601E-012  порог 2.379E-008  НИЖЕ ПОРОГА
     983.99 = 810.45+46.58+121.78  Eu-152    площадь 0.000E+000  порог 2.379E-008  НИЖЕ ПОРОГА
    2074.27 = 810.45+46.58+1212.94  Eu-152    площадь 0.000E+000  порог 2.379E-008  НИЖЕ ПОРОГА
    1350.03 = 810.45+46.58+488.68  Eu-152    площадь 0.000E+000  порог 2.379E-008  НИЖЕ ПОРОГА
    2319.03 = 810.45+46.58+1457.64  Eu-152    площадь 0.000E+000  порог 2.379E-008  НИЖЕ ПОРОГА
    2269.38 = 810.45+46.58+1408.01  Eu-152    площадь 0.000E+000  порог 2.379E-008  НИЖЕ ПОРОГА
    1866.56 = 810.45+46.58+1005.27  Eu-152    площадь 0.000E+000  порог 2.379E-008  НИЖЕ ПОРОГА
    1106.40 = 810.45+46.58+244.70  Eu-152    площадь 0.000E+000  порог 2.379E-008  НИЖЕ ПОРОГА
    1549.95 = 810.45+46.58+688.67  Eu-152    площадь 0.000E+000  порог 2.379E-008  НИЖЕ ПОРОГА
    1825.36 = 810.45+46.58+964.08  Eu-152    площадь 0.000E+000  порог 2.379E-008  НИЖЕ ПОРОГА
    1728.65 = 810.45+46.58+867.38  Eu-152    площадь 0.000E+000  порог 2.379E-008  НИЖЕ ПОРОГА
     610.51 = 443.97+39.52+121.78  Eu-152    площадь 9.532E-008  порог 2.379E-008  проходит
     732.96 = 443.97+39.52+244.70  Eu-152    площадь 3.447E-009  порог 2.379E-008  НИЖЕ ПОРОГА
    1207.18 = 443.97+39.52+719.35  Eu-152    площадь 1.451E-009  порог 2.379E-008  НИЖЕ ПОРОГА
    1451.90 = 443.97+39.52+964.08  Eu-152    площадь 5.966E-008  порог 2.379E-008  проходит
    1573.68 = 443.97+39.52+1085.86  Eu-152    площадь 2.685E-008  порог 2.379E-008  проходит
     529.14 = 443.97+39.52+40.12  Eu-152    площадь 1.478E-007  порог 2.379E-008  проходит
     534.57 = 443.97+39.52+45.52  Eu-152    площадь 5.082E-008  порог 2.379E-008  проходит
     535.62 = 443.97+39.52+46.58  Eu-152    площадь 1.334E-008  порог 2.379E-008  НИЖЕ ПОРОГА
    1051.86 = 443.97+39.52+563.99  Eu-152    площадь 0.000E+000  порог 2.379E-008  НИЖЕ ПОРОГА
     784.08 = 443.97+39.52+295.94  Eu-152    площадь 0.000E+000  порог 2.379E-008  НИЖЕ ПОРОГА
    1599.89 = 443.97+39.52+1112.07  Eu-152    площадь 0.000E+000  порог 2.379E-008  НИЖЕ ПОРОГА
    1407.14 = 443.97+39.52+919.33  Eu-152    площадь 0.000E+000  порог 2.379E-008  НИЖЕ ПОРОГА
    1298.27 = 443.97+39.52+810.45  Eu-152    площадь 2.776E-011  порог 2.379E-008  НИЖЕ ПОРОГА
    1700.77 = 443.97+39.52+1212.94  Eu-152    площадь 0.000E+000  порог 2.379E-008  НИЖЕ ПОРОГА
     976.59 = 443.97+39.52+488.68  Eu-152    площадь 0.000E+000  порог 2.379E-008  НИЖЕ ПОРОГА
    1945.51 = 443.97+39.52+1457.64  Eu-152    площадь 0.000E+000  порог 2.379E-008  НИЖЕ ПОРОГА
    1895.86 = 443.97+39.52+1408.01  Eu-152    площадь 0.000E+000  порог 2.379E-008  НИЖЕ ПОРОГА
    1493.09 = 443.97+39.52+1005.27  Eu-152    площадь 0.000E+000  порог 2.379E-008  НИЖЕ ПОРОГА
    1176.50 = 443.97+39.52+688.67  Eu-152    площадь 1.218E-010  порог 2.379E-008  НИЖЕ ПОРОГА
    1355.19 = 443.97+39.52+867.38  Eu-152    площадь 0.000E+000  порог 2.379E-008  НИЖЕ ПОРОГА
     611.11 = 443.97+40.12+121.78  Eu-152    площадь 1.748E-007  порог 2.379E-008  проходит
     733.56 = 443.97+40.12+244.70  Eu-152    площадь 6.321E-009  порог 2.379E-008  НИЖЕ ПОРОГА
    1207.77 = 443.97+40.12+719.35  Eu-152    площадь 2.661E-009  порог 2.379E-008  НИЖЕ ПОРОГА
    1452.49 = 443.97+40.12+964.08  Eu-152    площадь 1.094E-007  порог 2.379E-008  проходит
    1574.28 = 443.97+40.12+1085.86  Eu-152    площадь 4.923E-008  порог 2.379E-008  проходит
     529.14 = 443.97+40.12+39.52  Eu-152    площадь 1.478E-007  порог 2.379E-008  проходит
     535.17 = 443.97+40.12+45.52  Eu-152    площадь 9.319E-008  порог 2.379E-008  проходит
     536.22 = 443.97+40.12+46.58  Eu-152    площадь 2.447E-008  порог 2.379E-008  проходит
    1052.46 = 443.97+40.12+563.99  Eu-152    площадь 0.000E+000  порог 2.379E-008  НИЖЕ ПОРОГА
     784.68 = 443.97+40.12+295.94  Eu-152    площадь 0.000E+000  порог 2.379E-008  НИЖЕ ПОРОГА
    1600.49 = 443.97+40.12+1112.07  Eu-152    площадь 0.000E+000  порог 2.379E-008  НИЖЕ ПОРОГА
    1407.74 = 443.97+40.12+919.33  Eu-152    площадь 0.000E+000  порог 2.379E-008  НИЖЕ ПОРОГА
    1298.87 = 443.97+40.12+810.45  Eu-152    площадь 5.090E-011  порог 2.379E-008  НИЖЕ ПОРОГА
    1701.37 = 443.97+40.12+1212.94  Eu-152    площадь 0.000E+000  порог 2.379E-008  НИЖЕ ПОРОГА
     977.19 = 443.97+40.12+488.68  Eu-152    площадь 0.000E+000  порог 2.379E-008  НИЖЕ ПОРОГА
    1946.10 = 443.97+40.12+1457.64  Eu-152    площадь 0.000E+000  порог 2.379E-008  НИЖЕ ПОРОГА
    1896.46 = 443.97+40.12+1408.01  Eu-152    площадь 0.000E+000  порог 2.379E-008  НИЖЕ ПОРОГА
    1493.69 = 443.97+40.12+1005.27  Eu-152    площадь 0.000E+000  порог 2.379E-008  НИЖЕ ПОРОГА
    1177.10 = 443.97+40.12+688.67  Eu-152    площадь 2.234E-010  порог 2.379E-008  НИЖЕ ПОРОГА
    1355.79 = 443.97+40.12+867.38  Eu-152    площадь 0.000E+000  порог 2.379E-008  НИЖЕ ПОРОГА
     616.54 = 443.97+45.52+121.78  Eu-152    площадь 6.004E-008  порог 2.379E-008  проходит
     738.99 = 443.97+45.52+244.70  Eu-152    площадь 2.171E-009  порог 2.379E-008  НИЖЕ ПОРОГА
    1213.20 = 443.97+45.52+719.35  Eu-152    площадь 9.139E-010  порог 2.379E-008  НИЖЕ ПОРОГА
    1457.92 = 443.97+45.52+964.08  Eu-152    площадь 3.757E-008  порог 2.379E-008  проходит
    1579.71 = 443.97+45.52+1085.86  Eu-152    площадь 1.691E-008  порог 2.379E-008  НИЖЕ ПОРОГА
     534.57 = 443.97+45.52+39.52  Eu-152    площадь 5.078E-008  порог 2.379E-008  проходит
     535.17 = 443.97+45.52+40.12  Eu-152    площадь 9.312E-008  порог 2.379E-008  проходит
     541.65 = 443.97+45.52+46.58  Eu-152    площадь 8.404E-009  порог 2.379E-008  НИЖЕ ПОРОГА
    1057.89 = 443.97+45.52+563.99  Eu-152    площадь 0.000E+000  порог 2.379E-008  НИЖЕ ПОРОГА
     790.11 = 443.97+45.52+295.94  Eu-152    площадь 0.000E+000  порог 2.379E-008  НИЖЕ ПОРОГА
    1605.92 = 443.97+45.52+1112.07  Eu-152    площадь 0.000E+000  порог 2.379E-008  НИЖЕ ПОРОГА
    1413.17 = 443.97+45.52+919.33  Eu-152    площадь 0.000E+000  порог 2.379E-008  НИЖЕ ПОРОГА
    1304.30 = 443.97+45.52+810.45  Eu-152    площадь 1.748E-011  порог 2.379E-008  НИЖЕ ПОРОГА
    1706.80 = 443.97+45.52+1212.94  Eu-152    площадь 0.000E+000  порог 2.379E-008  НИЖЕ ПОРОГА
     982.62 = 443.97+45.52+488.68  Eu-152    площадь 0.000E+000  порог 2.379E-008  НИЖЕ ПОРОГА
    1951.53 = 443.97+45.52+1457.64  Eu-152    площадь 0.000E+000  порог 2.379E-008  НИЖЕ ПОРОГА
    1901.89 = 443.97+45.52+1408.01  Eu-152    площадь 0.000E+000  порог 2.379E-008  НИЖЕ ПОРОГА
    1499.12 = 443.97+45.52+1005.27  Eu-152    площадь 0.000E+000  порог 2.379E-008  НИЖЕ ПОРОГА
    1182.53 = 443.97+45.52+688.67  Eu-152    площадь 7.674E-011  порог 2.379E-008  НИЖЕ ПОРОГА
    1361.22 = 443.97+45.52+867.38  Eu-152    площадь 0.000E+000  порог 2.379E-008  НИЖЕ ПОРОГА
     617.59 = 443.97+46.58+121.78  Eu-152    площадь 1.576E-008  порог 2.379E-008  НИЖЕ ПОРОГА
     740.04 = 443.97+46.58+244.70  Eu-152    площадь 5.700E-010  порог 2.379E-008  НИЖЕ ПОРОГА
    1214.26 = 443.97+46.58+719.35  Eu-152    площадь 2.399E-010  порог 2.379E-008  НИЖЕ ПОРОГА
    1458.98 = 443.97+46.58+964.08  Eu-152    площадь 9.864E-009  порог 2.379E-008  НИЖЕ ПОРОГА
    1580.77 = 443.97+46.58+1085.86  Eu-152    площадь 4.439E-009  порог 2.379E-008  НИЖЕ ПОРОГА
     535.62 = 443.97+46.58+39.52  Eu-152    площадь 1.333E-008  порог 2.379E-008  НИЖЕ ПОРОГА
     536.22 = 443.97+46.58+40.12  Eu-152    площадь 2.445E-008  порог 2.379E-008  проходит
     541.65 = 443.97+46.58+45.52  Eu-152    площадь 8.403E-009  порог 2.379E-008  НИЖЕ ПОРОГА
    1058.94 = 443.97+46.58+563.99  Eu-152    площадь 0.000E+000  порог 2.379E-008  НИЖЕ ПОРОГА
     791.16 = 443.97+46.58+295.94  Eu-152    площадь 0.000E+000  порог 2.379E-008  НИЖЕ ПОРОГА
    1606.98 = 443.97+46.58+1112.07  Eu-152    площадь 0.000E+000  порог 2.379E-008  НИЖЕ ПОРОГА
    1414.23 = 443.97+46.58+919.33  Eu-152    площадь 0.000E+000  порог 2.379E-008  НИЖЕ ПОРОГА
    1305.35 = 443.97+46.58+810.45  Eu-152    площадь 4.590E-012  порог 2.379E-008  НИЖЕ ПОРОГА
    1707.86 = 443.97+46.58+1212.94  Eu-152    площадь 0.000E+000  порог 2.379E-008  НИЖЕ ПОРОГА
     983.67 = 443.97+46.58+488.68  Eu-152    площадь 0.000E+000  порог 2.379E-008  НИЖЕ ПОРОГА
    1952.59 = 443.97+46.58+1457.64  Eu-152    площадь 0.000E+000  порог 2.379E-008  НИЖЕ ПОРОГА
    1902.95 = 443.97+46.58+1408.01  Eu-152    площадь 0.000E+000  порог 2.379E-008  НИЖЕ ПОРОГА
    1500.17 = 443.97+46.58+1005.27  Eu-152    площадь 0.000E+000  порог 2.379E-008  НИЖЕ ПОРОГА
    1183.59 = 443.97+46.58+688.67  Eu-152    площадь 2.015E-011  порог 2.379E-008  НИЖЕ ПОРОГА
    1362.28 = 443.97+46.58+867.38  Eu-152    площадь 0.000E+000  порог 2.379E-008  НИЖЕ ПОРОГА
     411.44 = 121.78+39.52+244.70  Eu-152    площадь 7.192E-007  порог 2.379E-008  проходит
     462.61 = 121.78+39.52+295.94  Eu-152    площадь 3.761E-008  порог 2.379E-008  проходит
     496.05 = 121.78+39.52+329.43  Eu-152    площадь 6.124E-009  порог 2.379E-008  НИЖЕ ПОРОГА
     582.61 = 121.78+39.52+416.05  Eu-152    площадь 6.789E-009  порог 2.379E-008  НИЖЕ ПОРОГА
     610.51 = 121.78+39.52+443.96  Eu-152    площадь 2.044E-008  порог 2.379E-008  НИЖЕ ПОРОГА
     610.51 = 121.78+39.52+443.97  Eu-152    площадь 9.688E-008  порог 2.379E-008  проходит
     655.20 = 121.78+39.52+488.68  Eu-152    площадь 2.216E-008  порог 2.379E-008  НИЖЕ ПОРОГА
     730.49 = 121.78+39.52+563.99  Eu-152    площадь 1.300E-008  порог 2.379E-008  НИЖЕ ПОРОГА
     732.93 = 121.78+39.52+566.43  Eu-152    площадь 3.648E-009  порог 2.379E-008  НИЖЕ ПОРОГА
     822.96 = 121.78+39.52+656.49  Eu-152    площадь 6.038E-009  порог 2.379E-008  НИЖЕ ПОРОГА
     841.15 = 121.78+39.52+674.68  Eu-152    площадь 1.156E-009  порог 2.379E-008  НИЖЕ ПОРОГА
     855.14 = 121.78+39.52+688.67  Eu-152    площадь 3.128E-008  порог 2.379E-008  проходит
     885.81 = 121.78+39.52+719.35  Eu-152    площадь 9.906E-009  порог 2.379E-008  НИЖЕ ПОРОГА
    1008.02 = 121.78+39.52+841.57  Eu-152    площадь 4.972E-009  порог 2.379E-008  НИЖЕ ПОРОГА
    1033.83 = 121.78+39.52+867.38  Eu-152    площадь 1.344E-007  порог 2.379E-008  проходит
    1085.78 = 121.78+39.52+919.33  Eu-152    площадь 1.241E-008  порог 2.379E-008  НИЖЕ ПОРОГА
    1092.76 = 121.78+39.52+926.32  Eu-152    площадь 8.266E-009  порог 2.379E-008  НИЖЕ ПОРОГА
    1130.53 = 121.78+39.52+964.08  Eu-152    площадь 3.841E-007  порог 2.379E-008  проходит
    1171.72 = 121.78+39.52+1005.27  Eu-152    площадь 1.778E-008  порог 2.379E-008  НИЖЕ ПОРОГА
    1278.52 = 121.78+39.52+1112.07  Eu-152    площадь 3.130E-007  порог 2.379E-008  проходит
    1379.39 = 121.78+39.52+1212.94  Eu-152    площадь 3.274E-008  порог 2.379E-008  проходит
    1416.38 = 121.78+39.52+1249.93  Eu-152    площадь 4.208E-009  порог 2.379E-008  НИЖЕ ПОРОГА
    1574.46 = 121.78+39.52+1408.01  Eu-152    площадь 3.846E-007  порог 2.379E-008  проходит
    1624.10 = 121.78+39.52+1457.64  Eu-152    площадь 8.893E-009  порог 2.379E-008  НИЖЕ ПОРОГА
    1694.57 = 121.78+39.52+1528.10  Eu-152    площадь 4.759E-009  порог 2.379E-008  НИЖЕ ПОРОГА
     207.28 = 121.78+39.52+40.12  Eu-152    площадь 2.192E-006  порог 2.379E-008  проходит
     212.72 = 121.78+39.52+45.52  Eu-152    площадь 7.533E-007  порог 2.379E-008  проходит
     213.78 = 121.78+39.52+46.58  Eu-152    площадь 1.978E-007  порог 2.379E-008  проходит
     677.51 = 121.78+39.52+511.00  Eu-152    площадь 1.386E-009  порог 2.379E-008  НИЖЕ ПОРОГА
    1252.31 = 121.78+39.52+1085.86  Eu-152    площадь 0.000E+000  порог 2.379E-008  НИЖЕ ПОРОГА
     976.90 = 121.78+39.52+810.45  Eu-152    площадь 1.017E-008  порог 2.379E-008  НИЖЕ ПОРОГА
     412.04 = 121.78+40.12+244.70  Eu-152    площадь 1.319E-006  порог 2.379E-008  проходит
     463.20 = 121.78+40.12+295.94  Eu-152    площадь 6.897E-008  порог 2.379E-008  проходит
     496.65 = 121.78+40.12+329.43  Eu-152    площадь 1.123E-008  порог 2.379E-008  НИЖЕ ПОРОГА
     583.21 = 121.78+40.12+416.05  Eu-152    площадь 1.245E-008  порог 2.379E-008  НИЖЕ ПОРОГА
     611.10 = 121.78+40.12+443.96  Eu-152    площадь 3.749E-008  порог 2.379E-008  проходит
     611.11 = 121.78+40.12+443.97  Eu-152    площадь 1.777E-007  порог 2.379E-008  проходит
     655.80 = 121.78+40.12+488.68  Eu-152    площадь 4.064E-008  порог 2.379E-008  проходит
     731.09 = 121.78+40.12+563.99  Eu-152    площадь 2.385E-008  порог 2.379E-008  проходит
     733.52 = 121.78+40.12+566.43  Eu-152    площадь 6.691E-009  порог 2.379E-008  НИЖЕ ПОРОГА
     823.56 = 121.78+40.12+656.49  Eu-152    площадь 1.107E-008  порог 2.379E-008  НИЖЕ ПОРОГА
     841.74 = 121.78+40.12+674.68  Eu-152    площадь 2.121E-009  порог 2.379E-008  НИЖЕ ПОРОГА
     855.74 = 121.78+40.12+688.67  Eu-152    площадь 5.736E-008  порог 2.379E-008  проходит
     886.41 = 121.78+40.12+719.35  Eu-152    площадь 1.817E-008  порог 2.379E-008  НИЖЕ ПОРОГА
    1008.62 = 121.78+40.12+841.57  Eu-152    площадь 9.118E-009  порог 2.379E-008  НИЖЕ ПОРОГА
    1034.43 = 121.78+40.12+867.38  Eu-152    площадь 2.464E-007  порог 2.379E-008  проходит
    1086.38 = 121.78+40.12+919.33  Eu-152    площадь 2.276E-008  порог 2.379E-008  НИЖЕ ПОРОГА
    1093.36 = 121.78+40.12+926.32  Eu-152    площадь 1.516E-008  порог 2.379E-008  НИЖЕ ПОРОГА
    1131.13 = 121.78+40.12+964.08  Eu-152    площадь 7.045E-007  порог 2.379E-008  проходит
    1172.32 = 121.78+40.12+1005.27  Eu-152    площадь 3.260E-008  порог 2.379E-008  проходит
    1279.12 = 121.78+40.12+1112.07  Eu-152    площадь 5.740E-007  порог 2.379E-008  проходит
    1379.99 = 121.78+40.12+1212.94  Eu-152    площадь 6.003E-008  порог 2.379E-008  проходит
    1416.98 = 121.78+40.12+1249.93  Eu-152    площадь 7.717E-009  порог 2.379E-008  НИЖЕ ПОРОГА
    1575.06 = 121.78+40.12+1408.01  Eu-152    площадь 7.053E-007  порог 2.379E-008  проходит
    1624.70 = 121.78+40.12+1457.64  Eu-152    площадь 1.631E-008  порог 2.379E-008  НИЖЕ ПОРОГА
    1695.16 = 121.78+40.12+1528.10  Eu-152    площадь 8.727E-009  порог 2.379E-008  НИЖЕ ПОРОГА
     207.28 = 121.78+40.12+39.52  Eu-152    площадь 2.192E-006  порог 2.379E-008  проходит
     213.32 = 121.78+40.12+45.52  Eu-152    площадь 1.381E-006  порог 2.379E-008  проходит
     214.38 = 121.78+40.12+46.58  Eu-152    площадь 3.627E-007  порог 2.379E-008  проходит
     678.11 = 121.78+40.12+511.00  Eu-152    площадь 2.542E-009  порог 2.379E-008  НИЖЕ ПОРОГА
    1252.91 = 121.78+40.12+1085.86  Eu-152    площадь 0.000E+000  порог 2.379E-008  НИЖЕ ПОРОГА
     977.50 = 121.78+40.12+810.45  Eu-152    площадь 1.864E-008  порог 2.379E-008  НИЖЕ ПОРОГА
     417.48 = 121.78+45.52+244.70  Eu-152    площадь 4.537E-007  порог 2.379E-008  проходит
     468.64 = 121.78+45.52+295.94  Eu-152    площадь 2.372E-008  порог 2.379E-008  НИЖЕ ПОРОГА
     502.08 = 121.78+45.52+329.43  Eu-152    площадь 3.863E-009  порог 2.379E-008  НИЖЕ ПОРОГА
     588.64 = 121.78+45.52+416.05  Eu-152    площадь 4.282E-009  порог 2.379E-008  НИЖЕ ПОРОГА
     616.54 = 121.78+45.52+443.96  Eu-152    площадь 1.289E-008  порог 2.379E-008  НИЖЕ ПОРОГА
     616.54 = 121.78+45.52+443.97  Eu-152    площадь 6.111E-008  порог 2.379E-008  проходит
     661.23 = 121.78+45.52+488.68  Eu-152    площадь 1.398E-008  порог 2.379E-008  НИЖЕ ПОРОГА
     736.52 = 121.78+45.52+563.99  Eu-152    площадь 8.202E-009  порог 2.379E-008  НИЖЕ ПОРОГА
     738.96 = 121.78+45.52+566.43  Eu-152    площадь 2.301E-009  порог 2.379E-008  НИЖЕ ПОРОГА
     828.99 = 121.78+45.52+656.49  Eu-152    площадь 3.808E-009  порог 2.379E-008  НИЖЕ ПОРОГА
     847.17 = 121.78+45.52+674.68  Eu-152    площадь 7.294E-010  порог 2.379E-008  НИЖЕ ПОРОГА
     861.17 = 121.78+45.52+688.67  Eu-152    площадь 1.973E-008  порог 2.379E-008  НИЖЕ ПОРОГА
     891.84 = 121.78+45.52+719.35  Eu-152    площадь 6.248E-009  порог 2.379E-008  НИЖЕ ПОРОГА
    1014.05 = 121.78+45.52+841.57  Eu-152    площадь 3.136E-009  порог 2.379E-008  НИЖЕ ПОРОГА
    1039.86 = 121.78+45.52+867.38  Eu-152    площадь 8.476E-008  порог 2.379E-008  проходит
    1091.81 = 121.78+45.52+919.33  Eu-152    площадь 7.827E-009  порог 2.379E-008  НИЖЕ ПОРОГА
    1098.79 = 121.78+45.52+926.32  Eu-152    площадь 5.214E-009  порог 2.379E-008  НИЖЕ ПОРОГА
    1136.56 = 121.78+45.52+964.08  Eu-152    площадь 2.423E-007  порог 2.379E-008  проходит
    1177.75 = 121.78+45.52+1005.27  Eu-152    площадь 1.121E-008  порог 2.379E-008  НИЖЕ ПОРОГА
    1284.55 = 121.78+45.52+1112.07  Eu-152    площадь 1.974E-007  порог 2.379E-008  проходит
    1385.42 = 121.78+45.52+1212.94  Eu-152    площадь 2.065E-008  порог 2.379E-008  НИЖЕ ПОРОГА
    1422.41 = 121.78+45.52+1249.93  Eu-152    площадь 2.654E-009  порог 2.379E-008  НИЖЕ ПОРОГА
    1580.49 = 121.78+45.52+1408.01  Eu-152    площадь 2.426E-007  порог 2.379E-008  проходит
    1630.13 = 121.78+45.52+1457.64  Eu-152    площадь 5.610E-009  порог 2.379E-008  НИЖЕ ПОРОГА
    1700.59 = 121.78+45.52+1528.10  Eu-152    площадь 3.002E-009  порог 2.379E-008  НИЖЕ ПОРОГА
     212.72 = 121.78+45.52+39.52  Eu-152    площадь 7.538E-007  порог 2.379E-008  проходит
     213.32 = 121.78+45.52+40.12  Eu-152    площадь 1.382E-006  порог 2.379E-008  проходит
     219.83 = 121.78+45.52+46.58  Eu-152    площадь 1.248E-007  порог 2.379E-008  проходит
     683.54 = 121.78+45.52+511.00  Eu-152    площадь 8.743E-010  порог 2.379E-008  НИЖЕ ПОРОГА
    1258.34 = 121.78+45.52+1085.86  Eu-152    площадь 0.000E+000  порог 2.379E-008  НИЖЕ ПОРОГА
     982.93 = 121.78+45.52+810.45  Eu-152    площадь 6.413E-009  порог 2.379E-008  НИЖЕ ПОРОГА
     418.53 = 121.78+46.58+244.70  Eu-152    площадь 1.191E-007  порог 2.379E-008  проходит
     469.69 = 121.78+46.58+295.94  Eu-152    площадь 6.228E-009  порог 2.379E-008  НИЖЕ ПОРОГА
     503.14 = 121.78+46.58+329.43  Eu-152    площадь 1.014E-009  порог 2.379E-008  НИЖЕ ПОРОГА
     589.69 = 121.78+46.58+416.05  Eu-152    площадь 1.124E-009  порог 2.379E-008  НИЖЕ ПОРОГА
     617.59 = 121.78+46.58+443.96  Eu-152    площадь 3.386E-009  порог 2.379E-008  НИЖЕ ПОРОГА
     617.59 = 121.78+46.58+443.97  Eu-152    площадь 1.605E-008  порог 2.379E-008  НИЖЕ ПОРОГА
     662.29 = 121.78+46.58+488.68  Eu-152    площадь 3.670E-009  порог 2.379E-008  НИЖЕ ПОРОГА
     737.57 = 121.78+46.58+563.99  Eu-152    площадь 2.154E-009  порог 2.379E-008  НИЖЕ ПОРОГА
     740.01 = 121.78+46.58+566.43  Eu-152    площадь 6.042E-010  порог 2.379E-008  НИЖЕ ПОРОГА
     830.04 = 121.78+46.58+656.49  Eu-152    площадь 1.000E-009  порог 2.379E-008  НИЖЕ ПОРОГА
     848.23 = 121.78+46.58+674.68  Eu-152    площадь 1.915E-010  порог 2.379E-008  НИЖЕ ПОРОГА
     862.22 = 121.78+46.58+688.67  Eu-152    площадь 5.180E-009  порог 2.379E-008  НИЖЕ ПОРОГА
     892.89 = 121.78+46.58+719.35  Eu-152    площадь 1.641E-009  порог 2.379E-008  НИЖЕ ПОРОГА
    1015.10 = 121.78+46.58+841.57  Eu-152    площадь 8.235E-010  порог 2.379E-008  НИЖЕ ПОРОГА
    1040.91 = 121.78+46.58+867.38  Eu-152    площадь 2.226E-008  порог 2.379E-008  НИЖЕ ПОРОГА
    1092.86 = 121.78+46.58+919.33  Eu-152    площадь 2.055E-009  порог 2.379E-008  НИЖЕ ПОРОГА
    1099.85 = 121.78+46.58+926.32  Eu-152    площадь 1.369E-009  порог 2.379E-008  НИЖЕ ПОРОГА
    1137.61 = 121.78+46.58+964.08  Eu-152    площадь 6.362E-008  порог 2.379E-008  проходит
    1178.81 = 121.78+46.58+1005.27  Eu-152    площадь 2.944E-009  порог 2.379E-008  НИЖЕ ПОРОГА
    1285.60 = 121.78+46.58+1112.07  Eu-152    площадь 5.183E-008  порог 2.379E-008  проходит
    1386.47 = 121.78+46.58+1212.94  Eu-152    площадь 5.422E-009  порог 2.379E-008  НИЖЕ ПОРОГА
    1423.47 = 121.78+46.58+1249.93  Eu-152    площадь 6.969E-010  порог 2.379E-008  НИЖЕ ПОРОГА
    1581.55 = 121.78+46.58+1408.01  Eu-152    площадь 6.370E-008  порог 2.379E-008  проходит
    1631.18 = 121.78+46.58+1457.64  Eu-152    площадь 1.473E-009  порог 2.379E-008  НИЖЕ ПОРОГА
    1701.65 = 121.78+46.58+1528.10  Eu-152    площадь 7.882E-010  порог 2.379E-008  НИЖЕ ПОРОГА
     213.78 = 121.78+46.58+39.52  Eu-152    площадь 1.979E-007  порог 2.379E-008  проходит
     214.38 = 121.78+46.58+40.12  Eu-152    площадь 3.630E-007  порог 2.379E-008  проходит
     219.83 = 121.78+46.58+45.52  Eu-152    площадь 1.248E-007  порог 2.379E-008  проходит
     684.60 = 121.78+46.58+511.00  Eu-152    площадь 2.296E-010  порог 2.379E-008  НИЖЕ ПОРОГА
    1259.39 = 121.78+46.58+1085.86  Eu-152    площадь 0.000E+000  порог 2.379E-008  НИЖЕ ПОРОГА
     983.99 = 121.78+46.58+810.45  Eu-152    площадь 1.684E-009  порог 2.379E-008  НИЖЕ ПОРОГА
     881.89 = 121.78+511.00+244.70  Eu-152    площадь 8.426E-010  порог 2.379E-008  НИЖЕ ПОРОГА
     933.01 = 121.78+511.00+295.94  Eu-152    площадь 4.321E-011  порог 2.379E-008  НИЖЕ ПОРОГА
     966.43 = 121.78+511.00+329.43  Eu-152    площадь 6.210E-012  порог 2.379E-008  НИЖЕ ПОРОГА
    1052.94 = 121.78+511.00+416.05  Eu-152    площадь 7.801E-012  порог 2.379E-008  НИЖЕ ПОРОГА
    1080.83 = 121.78+511.00+443.96  Eu-152    площадь 2.180E-011  порог 2.379E-008  НИЖЕ ПОРОГА
    1080.84 = 121.78+511.00+443.97  Eu-152    площадь 1.117E-010  порог 2.379E-008  НИЖЕ ПОРОГА
    1125.51 = 121.78+511.00+488.68  Eu-152    площадь 2.538E-011  порог 2.379E-008  НИЖЕ ПОРОГА
    1200.78 = 121.78+511.00+563.99  Eu-152    площадь 1.522E-011  порог 2.379E-008  НИЖЕ ПОРОГА
    1203.22 = 121.78+511.00+566.43  Eu-152    площадь 3.693E-012  порог 2.379E-008  НИЖЕ ПОРОГА
    1293.25 = 121.78+511.00+656.49  Eu-152    площадь 6.522E-012  порог 2.379E-008  НИЖЕ ПОРОГА
    1311.43 = 121.78+511.00+674.68  Eu-152    площадь 1.038E-012  порог 2.379E-008  НИЖЕ ПОРОГА
    1325.43 = 121.78+511.00+688.67  Eu-152    площадь 3.678E-011  порог 2.379E-008  НИЖЕ ПОРОГА
    1356.10 = 121.78+511.00+719.35  Eu-152    площадь 1.100E-011  порог 2.379E-008  НИЖЕ ПОРОГА
    1478.31 = 121.78+511.00+841.57  Eu-152    площадь 5.847E-012  порог 2.379E-008  НИЖЕ ПОРОГА
    1504.12 = 121.78+511.00+867.38  Eu-152    площадь 1.451E-010  порог 2.379E-008  НИЖЕ ПОРОГА
    1556.07 = 121.78+511.00+919.33  Eu-152    площадь 1.381E-011  порог 2.379E-008  НИЖЕ ПОРОГА
    1563.06 = 121.78+511.00+926.32  Eu-152    площадь 8.929E-012  порог 2.379E-008  НИЖЕ ПОРОГА
    1600.83 = 121.78+511.00+964.08  Eu-152    площадь 4.517E-010  порог 2.379E-008  НИЖЕ ПОРОГА
    1642.02 = 121.78+511.00+1005.27  Eu-152    площадь 1.920E-011  порог 2.379E-008  НИЖЕ ПОРОГА
    1748.83 = 121.78+511.00+1112.07  Eu-152    площадь 3.679E-010  порог 2.379E-008  НИЖЕ ПОРОГА
    1849.72 = 121.78+511.00+1212.94  Eu-152    площадь 3.536E-011  порог 2.379E-008  НИЖЕ ПОРОГА
    1886.71 = 121.78+511.00+1249.93  Eu-152    площадь 4.545E-012  порог 2.379E-008  НИЖЕ ПОРОГА
    2044.81 = 121.78+511.00+1408.01  Eu-152    площадь 4.523E-010  порог 2.379E-008  НИЖЕ ПОРОГА
    2094.46 = 121.78+511.00+1457.64  Eu-152    площадь 1.046E-011  порог 2.379E-008  НИЖЕ ПОРОГА
    2164.93 = 121.78+511.00+1528.10  Eu-152    площадь 5.596E-012  порог 2.379E-008  НИЖЕ ПОРОГА
     677.51 = 121.78+511.00+39.52  Eu-152    площадь 1.385E-009  порог 2.379E-008  НИЖЕ ПОРОГА
     678.11 = 121.78+511.00+40.12  Eu-152    площадь 2.540E-009  порог 2.379E-008  НИЖЕ ПОРОГА
     683.54 = 121.78+511.00+45.52  Eu-152    площадь 8.731E-010  порог 2.379E-008  НИЖЕ ПОРОГА
     684.60 = 121.78+511.00+46.58  Eu-152    площадь 2.292E-010  порог 2.379E-008  НИЖЕ ПОРОГА
    1379.39 = 1212.94+39.52+121.78  Eu-152    площадь 3.290E-008  порог 2.379E-008  проходит
    1501.82 = 1212.94+39.52+244.70  Eu-152    площадь 6.299E-008  порог 2.379E-008  проходит
    1298.05 = 1212.94+39.52+40.12  Eu-152    площадь 3.995E-008  порог 2.379E-008  проходит
    1303.48 = 1212.94+39.52+45.52  Eu-152    площадь 1.373E-008  порог 2.379E-008  НИЖЕ ПОРОГА
    1304.53 = 1212.94+39.52+46.58  Eu-152    площадь 3.605E-009  порог 2.379E-008  НИЖЕ ПОРОГА
    1820.74 = 1212.94+39.52+563.99  Eu-152    площадь 0.000E+000  порог 2.379E-008  НИЖЕ ПОРОГА
    1700.77 = 1212.94+39.52+443.96  Eu-152    площадь 0.000E+000  порог 2.379E-008  НИЖЕ ПОРОГА
    1552.93 = 1212.94+39.52+295.94  Eu-152    площадь 0.000E+000  порог 2.379E-008  НИЖЕ ПОРОГА
    2368.88 = 1212.94+39.52+1112.07  Eu-152    площадь 0.000E+000  порог 2.379E-008  НИЖЕ ПОРОГА
    2342.66 = 1212.94+39.52+1085.86  Eu-152    площадь 0.000E+000  порог 2.379E-008  НИЖЕ ПОРОГА
    2176.09 = 1212.94+39.52+919.33  Eu-152    площадь 0.000E+000  порог 2.379E-008  НИЖЕ ПОРОГА
    2067.19 = 1212.94+39.52+810.45  Eu-152    площадь 0.000E+000  порог 2.379E-008  НИЖЕ ПОРОГА
    1700.77 = 1212.94+39.52+443.97  Eu-152    площадь 0.000E+000  порог 2.379E-008  НИЖЕ ПОРОГА
    1745.46 = 1212.94+39.52+488.68  Eu-152    площадь 0.000E+000  порог 2.379E-008  НИЖЕ ПОРОГА
    2714.58 = 1212.94+39.52+1457.64  Eu-152    площадь 0.000E+000  порог 2.379E-008  НИЖЕ ПОРОГА
    2664.92 = 1212.94+39.52+1408.01  Eu-152    площадь 0.000E+000  порог 2.379E-008  НИЖЕ ПОРОГА
    2262.05 = 1212.94+39.52+1005.27  Eu-152    площадь 0.000E+000  порог 2.379E-008  НИЖЕ ПОРОГА
    1945.40 = 1212.94+39.52+688.67  Eu-152    площадь 0.000E+000  порог 2.379E-008  НИЖЕ ПОРОГА
    2220.85 = 1212.94+39.52+964.08  Eu-152    площадь 0.000E+000  порог 2.379E-008  НИЖЕ ПОРОГА
    2124.12 = 1212.94+39.52+867.38  Eu-152    площадь 0.000E+000  порог 2.379E-008  НИЖЕ ПОРОГА
    1379.99 = 1212.94+40.12+121.78  Eu-152    площадь 6.032E-008  порог 2.379E-008  проходит
    1502.41 = 1212.94+40.12+244.70  Eu-152    площадь 1.155E-007  порог 2.379E-008  проходит
    1298.05 = 1212.94+40.12+39.52  Eu-152    площадь 3.995E-008  порог 2.379E-008  проходит
    1304.08 = 1212.94+40.12+45.52  Eu-152    площадь 2.518E-008  порог 2.379E-008  проходит
    1305.13 = 1212.94+40.12+46.58  Eu-152    площадь 6.611E-009  порог 2.379E-008  НИЖЕ ПОРОГА
    1821.33 = 1212.94+40.12+563.99  Eu-152    площадь 0.000E+000  порог 2.379E-008  НИЖЕ ПОРОГА
    1701.37 = 1212.94+40.12+443.96  Eu-152    площадь 0.000E+000  порог 2.379E-008  НИЖЕ ПОРОГА
    1553.53 = 1212.94+40.12+295.94  Eu-152    площадь 0.000E+000  порог 2.379E-008  НИЖЕ ПОРОГА
    2369.48 = 1212.94+40.12+1112.07  Eu-152    площадь 0.000E+000  порог 2.379E-008  НИЖЕ ПОРОГА
    2343.26 = 1212.94+40.12+1085.86  Eu-152    площадь 0.000E+000  порог 2.379E-008  НИЖЕ ПОРОГА
    2176.68 = 1212.94+40.12+919.33  Eu-152    площадь 0.000E+000  порог 2.379E-008  НИЖЕ ПОРОГА
    2067.78 = 1212.94+40.12+810.45  Eu-152    площадь 0.000E+000  порог 2.379E-008  НИЖЕ ПОРОГА
    1701.37 = 1212.94+40.12+443.97  Eu-152    площадь 0.000E+000  порог 2.379E-008  НИЖЕ ПОРОГА
    1746.06 = 1212.94+40.12+488.68  Eu-152    площадь 0.000E+000  порог 2.379E-008  НИЖЕ ПОРОГА
    2715.17 = 1212.94+40.12+1457.64  Eu-152    площадь 0.000E+000  порог 2.379E-008  НИЖЕ ПОРОГА
    2665.52 = 1212.94+40.12+1408.01  Eu-152    площадь 0.000E+000  порог 2.379E-008  НИЖЕ ПОРОГА
    2262.65 = 1212.94+40.12+1005.27  Eu-152    площадь 0.000E+000  порог 2.379E-008  НИЖЕ ПОРОГА
    1946.00 = 1212.94+40.12+688.67  Eu-152    площадь 0.000E+000  порог 2.379E-008  НИЖЕ ПОРОГА
    2221.44 = 1212.94+40.12+964.08  Eu-152    площадь 0.000E+000  порог 2.379E-008  НИЖЕ ПОРОГА
    2124.72 = 1212.94+40.12+867.38  Eu-152    площадь 0.000E+000  порог 2.379E-008  НИЖЕ ПОРОГА
    1385.42 = 1212.94+45.52+121.78  Eu-152    площадь 2.071E-008  порог 2.379E-008  НИЖЕ ПОРОГА
    1507.84 = 1212.94+45.52+244.70  Eu-152    площадь 3.965E-008  порог 2.379E-008  проходит
    1303.48 = 1212.94+45.52+39.52  Eu-152    площадь 1.371E-008  порог 2.379E-008  НИЖЕ ПОРОГА
    1304.08 = 1212.94+45.52+40.12  Eu-152    площадь 2.515E-008  порог 2.379E-008  проходит
    1310.56 = 1212.94+45.52+46.58  Eu-152    площадь 2.270E-009  порог 2.379E-008  НИЖЕ ПОРОГА
    1826.76 = 1212.94+45.52+563.99  Eu-152    площадь 0.000E+000  порог 2.379E-008  НИЖЕ ПОРОГА
    1706.80 = 1212.94+45.52+443.96  Eu-152    площадь 0.000E+000  порог 2.379E-008  НИЖЕ ПОРОГА
    1558.96 = 1212.94+45.52+295.94  Eu-152    площадь 0.000E+000  порог 2.379E-008  НИЖЕ ПОРОГА
    2374.91 = 1212.94+45.52+1112.07  Eu-152    площадь 0.000E+000  порог 2.379E-008  НИЖЕ ПОРОГА
    2348.69 = 1212.94+45.52+1085.86  Eu-152    площадь 0.000E+000  порог 2.379E-008  НИЖЕ ПОРОГА
    2182.12 = 1212.94+45.52+919.33  Eu-152    площадь 0.000E+000  порог 2.379E-008  НИЖЕ ПОРОГА
    2073.22 = 1212.94+45.52+810.45  Eu-152    площадь 0.000E+000  порог 2.379E-008  НИЖЕ ПОРОГА
    1706.80 = 1212.94+45.52+443.97  Eu-152    площадь 0.000E+000  порог 2.379E-008  НИЖЕ ПОРОГА
    1751.49 = 1212.94+45.52+488.68  Eu-152    площадь 0.000E+000  порог 2.379E-008  НИЖЕ ПОРОГА
    2720.61 = 1212.94+45.52+1457.64  Eu-152    площадь 0.000E+000  порог 2.379E-008  НИЖЕ ПОРОГА
    2670.95 = 1212.94+45.52+1408.01  Eu-152    площадь 0.000E+000  порог 2.379E-008  НИЖЕ ПОРОГА
    2268.08 = 1212.94+45.52+1005.27  Eu-152    площадь 0.000E+000  порог 2.379E-008  НИЖЕ ПОРОГА
    1951.43 = 1212.94+45.52+688.67  Eu-152    площадь 0.000E+000  порог 2.379E-008  НИЖЕ ПОРОГА
    2226.88 = 1212.94+45.52+964.08  Eu-152    площадь 0.000E+000  порог 2.379E-008  НИЖЕ ПОРОГА
    2130.15 = 1212.94+45.52+867.38  Eu-152    площадь 0.000E+000  порог 2.379E-008  НИЖЕ ПОРОГА
    1386.47 = 1212.94+46.58+121.78  Eu-152    площадь 5.437E-009  порог 2.379E-008  НИЖЕ ПОРОГА
    1508.90 = 1212.94+46.58+244.70  Eu-152    площадь 1.041E-008  порог 2.379E-008  НИЖЕ ПОРОГА
    1304.53 = 1212.94+46.58+39.52  Eu-152    площадь 3.600E-009  порог 2.379E-008  НИЖЕ ПОРОГА
    1305.13 = 1212.94+46.58+40.12  Eu-152    площадь 6.602E-009  порог 2.379E-008  НИЖЕ ПОРОГА
    1310.56 = 1212.94+46.58+45.52  Eu-152    площадь 2.269E-009  порог 2.379E-008  НИЖЕ ПОРОГА
    1827.82 = 1212.94+46.58+563.99  Eu-152    площадь 0.000E+000  порог 2.379E-008  НИЖЕ ПОРОГА
    1707.85 = 1212.94+46.58+443.96  Eu-152    площадь 0.000E+000  порог 2.379E-008  НИЖЕ ПОРОГА
    1560.02 = 1212.94+46.58+295.94  Eu-152    площадь 0.000E+000  порог 2.379E-008  НИЖЕ ПОРОГА
    2375.97 = 1212.94+46.58+1112.07  Eu-152    площадь 0.000E+000  порог 2.379E-008  НИЖЕ ПОРОГА
    2349.75 = 1212.94+46.58+1085.86  Eu-152    площадь 0.000E+000  порог 2.379E-008  НИЖЕ ПОРОГА
    2183.17 = 1212.94+46.58+919.33  Eu-152    площадь 0.000E+000  порог 2.379E-008  НИЖЕ ПОРОГА
    2074.27 = 1212.94+46.58+810.45  Eu-152    площадь 0.000E+000  порог 2.379E-008  НИЖЕ ПОРОГА
    1707.86 = 1212.94+46.58+443.97  Eu-152    площадь 0.000E+000  порог 2.379E-008  НИЖЕ ПОРОГА
    1752.54 = 1212.94+46.58+488.68  Eu-152    площадь 0.000E+000  порог 2.379E-008  НИЖЕ ПОРОГА
    2721.66 = 1212.94+46.58+1457.64  Eu-152    площадь 0.000E+000  порог 2.379E-008  НИЖЕ ПОРОГА
    2672.01 = 1212.94+46.58+1408.01  Eu-152    площадь 0.000E+000  порог 2.379E-008  НИЖЕ ПОРОГА
    2269.14 = 1212.94+46.58+1005.27  Eu-152    площадь 0.000E+000  порог 2.379E-008  НИЖЕ ПОРОГА
    1952.48 = 1212.94+46.58+688.67  Eu-152    площадь 0.000E+000  порог 2.379E-008  НИЖЕ ПОРОГА
    2227.93 = 1212.94+46.58+964.08  Eu-152    площадь 0.000E+000  порог 2.379E-008  НИЖЕ ПОРОГА
    2131.21 = 1212.94+46.58+867.38  Eu-152    площадь 0.000E+000  порог 2.379E-008  НИЖЕ ПОРОГА
     655.20 = 488.68+39.52+121.78  Eu-152    площадь 2.218E-008  порог 2.379E-008  НИЖЕ ПОРОГА
     777.64 = 488.68+39.52+244.70  Eu-152    площадь 1.297E-008  порог 2.379E-008  НИЖЕ ПОРОГА
    1207.19 = 488.68+39.52+674.68  Eu-152    площадь 6.013E-009  порог 2.379E-008  НИЖЕ ПОРОГА
    1451.82 = 488.68+39.52+919.33  Eu-152    площадь 1.033E-008  порог 2.379E-008  НИЖЕ ПОРОГА
     573.84 = 488.68+39.52+40.12  Eu-152    площадь 2.620E-008  порог 2.379E-008  проходит
     579.27 = 488.68+39.52+45.52  Eu-152    площадь 9.007E-009  порог 2.379E-008  НИЖЕ ПОРОГА
     580.32 = 488.68+39.52+46.58  Eu-152    площадь 2.365E-009  порог 2.379E-008  НИЖЕ ПОРОГА
    1096.54 = 488.68+39.52+563.99  Eu-152    площадь 0.000E+000  порог 2.379E-008  НИЖЕ ПОРОГА
     976.59 = 488.68+39.52+443.96  Eu-152    площадь 0.000E+000  порог 2.379E-008  НИЖЕ ПОРОГА
     828.76 = 488.68+39.52+295.94  Eu-152    площадь 0.000E+000  порог 2.379E-008  НИЖЕ ПОРОГА
    1644.58 = 488.68+39.52+1112.07  Eu-152    площадь 0.000E+000  порог 2.379E-008  НИЖЕ ПОРОГА
    1618.36 = 488.68+39.52+1085.86  Eu-152    площадь 0.000E+000  порог 2.379E-008  НИЖЕ ПОРОГА
    1342.95 = 488.68+39.52+810.45  Eu-152    площадь 0.000E+000  порог 2.379E-008  НИЖЕ ПОРОГА
     976.59 = 488.68+39.52+443.97  Eu-152    площадь 0.000E+000  порог 2.379E-008  НИЖЕ ПОРОГА
    1745.46 = 488.68+39.52+1212.94  Eu-152    площадь 0.000E+000  порог 2.379E-008  НИЖЕ ПОРОГА
    1990.19 = 488.68+39.52+1457.64  Eu-152    площадь 0.000E+000  порог 2.379E-008  НИЖЕ ПОРОГА
    1940.55 = 488.68+39.52+1408.01  Eu-152    площадь 0.000E+000  порог 2.379E-008  НИЖЕ ПОРОГА
    1537.77 = 488.68+39.52+1005.27  Eu-152    площадь 0.000E+000  порог 2.379E-008  НИЖЕ ПОРОГА
    1221.18 = 488.68+39.52+688.67  Eu-152    площадь 0.000E+000  порог 2.379E-008  НИЖЕ ПОРОГА
    1496.58 = 488.68+39.52+964.08  Eu-152    площадь 0.000E+000  порог 2.379E-008  НИЖЕ ПОРОГА
    1399.87 = 488.68+39.52+867.38  Eu-152    площадь 0.000E+000  порог 2.379E-008  НИЖЕ ПОРОГА
     655.80 = 488.68+40.12+121.78  Eu-152    площадь 4.067E-008  порог 2.379E-008  проходит
     778.24 = 488.68+40.12+244.70  Eu-152    площадь 2.378E-008  порог 2.379E-008  НИЖЕ ПОРОГА
    1207.79 = 488.68+40.12+674.68  Eu-152    площадь 1.103E-008  порог 2.379E-008  НИЖЕ ПОРОГА
    1452.42 = 488.68+40.12+919.33  Eu-152    площадь 1.894E-008  порог 2.379E-008  НИЖЕ ПОРОГА
     573.84 = 488.68+40.12+39.52  Eu-152    площадь 2.620E-008  порог 2.379E-008  проходит
     579.87 = 488.68+40.12+45.52  Eu-152    площадь 1.651E-008  порог 2.379E-008  НИЖЕ ПОРОГА
     580.92 = 488.68+40.12+46.58  Eu-152    площадь 4.336E-009  порог 2.379E-008  НИЖЕ ПОРОГА
    1097.14 = 488.68+40.12+563.99  Eu-152    площадь 0.000E+000  порог 2.379E-008  НИЖЕ ПОРОГА
     977.19 = 488.68+40.12+443.96  Eu-152    площадь 0.000E+000  порог 2.379E-008  НИЖЕ ПОРОГА
     829.36 = 488.68+40.12+295.94  Eu-152    площадь 0.000E+000  порог 2.379E-008  НИЖЕ ПОРОГА
    1645.18 = 488.68+40.12+1112.07  Eu-152    площадь 0.000E+000  порог 2.379E-008  НИЖЕ ПОРОГА
    1618.96 = 488.68+40.12+1085.86  Eu-152    площадь 0.000E+000  порог 2.379E-008  НИЖЕ ПОРОГА
    1343.55 = 488.68+40.12+810.45  Eu-152    площадь 0.000E+000  порог 2.379E-008  НИЖЕ ПОРОГА
     977.19 = 488.68+40.12+443.97  Eu-152    площадь 0.000E+000  порог 2.379E-008  НИЖЕ ПОРОГА
    1746.06 = 488.68+40.12+1212.94  Eu-152    площадь 0.000E+000  порог 2.379E-008  НИЖЕ ПОРОГА
    1990.79 = 488.68+40.12+1457.64  Eu-152    площадь 0.000E+000  порог 2.379E-008  НИЖЕ ПОРОГА
    1941.15 = 488.68+40.12+1408.01  Eu-152    площадь 0.000E+000  порог 2.379E-008  НИЖЕ ПОРОГА
    1538.37 = 488.68+40.12+1005.27  Eu-152    площадь 0.000E+000  порог 2.379E-008  НИЖЕ ПОРОГА
    1221.78 = 488.68+40.12+688.67  Eu-152    площадь 0.000E+000  порог 2.379E-008  НИЖЕ ПОРОГА
    1497.18 = 488.68+40.12+964.08  Eu-152    площадь 0.000E+000  порог 2.379E-008  НИЖЕ ПОРОГА
    1400.47 = 488.68+40.12+867.38  Eu-152    площадь 0.000E+000  порог 2.379E-008  НИЖЕ ПОРОГА
     661.23 = 488.68+45.52+121.78  Eu-152    площадь 1.396E-008  порог 2.379E-008  НИЖЕ ПОРОГА
     783.67 = 488.68+45.52+244.70  Eu-152    площадь 8.165E-009  порог 2.379E-008  НИЖЕ ПОРОГА
    1213.22 = 488.68+45.52+674.68  Eu-152    площадь 3.785E-009  порог 2.379E-008  НИЖЕ ПОРОГА
    1457.85 = 488.68+45.52+919.33  Eu-152    площадь 6.501E-009  порог 2.379E-008  НИЖЕ ПОРОГА
     579.27 = 488.68+45.52+39.52  Eu-152    площадь 8.995E-009  порог 2.379E-008  НИЖЕ ПОРОГА
     579.87 = 488.68+45.52+40.12  Eu-152    площадь 1.649E-008  порог 2.379E-008  НИЖЕ ПОРОГА
     586.35 = 488.68+45.52+46.58  Eu-152    площадь 1.489E-009  порог 2.379E-008  НИЖЕ ПОРОГА
    1102.57 = 488.68+45.52+563.99  Eu-152    площадь 0.000E+000  порог 2.379E-008  НИЖЕ ПОРОГА
     982.61 = 488.68+45.52+443.96  Eu-152    площадь 0.000E+000  порог 2.379E-008  НИЖЕ ПОРОГА
     834.79 = 488.68+45.52+295.94  Eu-152    площадь 0.000E+000  порог 2.379E-008  НИЖЕ ПОРОГА
    1650.61 = 488.68+45.52+1112.07  Eu-152    площадь 0.000E+000  порог 2.379E-008  НИЖЕ ПОРОГА
    1624.39 = 488.68+45.52+1085.86  Eu-152    площадь 0.000E+000  порог 2.379E-008  НИЖЕ ПОРОГА
    1348.98 = 488.68+45.52+810.45  Eu-152    площадь 0.000E+000  порог 2.379E-008  НИЖЕ ПОРОГА
     982.62 = 488.68+45.52+443.97  Eu-152    площадь 0.000E+000  порог 2.379E-008  НИЖЕ ПОРОГА
    1751.49 = 488.68+45.52+1212.94  Eu-152    площадь 0.000E+000  порог 2.379E-008  НИЖЕ ПОРОГА
    1996.22 = 488.68+45.52+1457.64  Eu-152    площадь 0.000E+000  порог 2.379E-008  НИЖЕ ПОРОГА
    1946.58 = 488.68+45.52+1408.01  Eu-152    площадь 0.000E+000  порог 2.379E-008  НИЖЕ ПОРОГА
    1543.80 = 488.68+45.52+1005.27  Eu-152    площадь 0.000E+000  порог 2.379E-008  НИЖЕ ПОРОГА
    1227.21 = 488.68+45.52+688.67  Eu-152    площадь 0.000E+000  порог 2.379E-008  НИЖЕ ПОРОГА
    1502.61 = 488.68+45.52+964.08  Eu-152    площадь 0.000E+000  порог 2.379E-008  НИЖЕ ПОРОГА
    1405.90 = 488.68+45.52+867.38  Eu-152    площадь 0.000E+000  порог 2.379E-008  НИЖЕ ПОРОГА
     662.29 = 488.68+46.58+121.78  Eu-152    площадь 3.665E-009  порог 2.379E-008  НИЖЕ ПОРОГА
     784.72 = 488.68+46.58+244.70  Eu-152    площадь 2.143E-009  порог 2.379E-008  НИЖЕ ПОРОГА
    1214.27 = 488.68+46.58+674.68  Eu-152    площадь 9.936E-010  порог 2.379E-008  НИЖЕ ПОРОГА
    1458.91 = 488.68+46.58+919.33  Eu-152    площадь 1.707E-009  порог 2.379E-008  НИЖЕ ПОРОГА
     580.32 = 488.68+46.58+39.52  Eu-152    площадь 2.361E-009  порог 2.379E-008  НИЖЕ ПОРОГА
     580.92 = 488.68+46.58+40.12  Eu-152    площадь 4.330E-009  порог 2.379E-008  НИЖЕ ПОРОГА
     586.35 = 488.68+46.58+45.52  Eu-152    площадь 1.488E-009  порог 2.379E-008  НИЖЕ ПОРОГА
    1103.62 = 488.68+46.58+563.99  Eu-152    площадь 0.000E+000  порог 2.379E-008  НИЖЕ ПОРОГА
     983.67 = 488.68+46.58+443.96  Eu-152    площадь 0.000E+000  порог 2.379E-008  НИЖЕ ПОРОГА
     835.85 = 488.68+46.58+295.94  Eu-152    площадь 0.000E+000  порог 2.379E-008  НИЖЕ ПОРОГА
    1651.66 = 488.68+46.58+1112.07  Eu-152    площадь 0.000E+000  порог 2.379E-008  НИЖЕ ПОРОГА
    1625.45 = 488.68+46.58+1085.86  Eu-152    площадь 0.000E+000  порог 2.379E-008  НИЖЕ ПОРОГА
    1350.03 = 488.68+46.58+810.45  Eu-152    площадь 0.000E+000  порог 2.379E-008  НИЖЕ ПОРОГА
     983.67 = 488.68+46.58+443.97  Eu-152    площадь 0.000E+000  порог 2.379E-008  НИЖЕ ПОРОГА
    1752.54 = 488.68+46.58+1212.94  Eu-152    площадь 0.000E+000  порог 2.379E-008  НИЖЕ ПОРОГА
    1997.28 = 488.68+46.58+1457.64  Eu-152    площадь 0.000E+000  порог 2.379E-008  НИЖЕ ПОРОГА
    1947.63 = 488.68+46.58+1408.01  Eu-152    площадь 0.000E+000  порог 2.379E-008  НИЖЕ ПОРОГА
    1544.85 = 488.68+46.58+1005.27  Eu-152    площадь 0.000E+000  порог 2.379E-008  НИЖЕ ПОРОГА
    1228.26 = 488.68+46.58+688.67  Eu-152    площадь 0.000E+000  порог 2.379E-008  НИЖЕ ПОРОГА
    1503.66 = 488.68+46.58+964.08  Eu-152    площадь 0.000E+000  порог 2.379E-008  НИЖЕ ПОРОГА
    1406.96 = 488.68+46.58+867.38  Eu-152    площадь 0.000E+000  порог 2.379E-008  НИЖЕ ПОРОГА
    1624.10 = 1457.64+39.52+121.78  Eu-152    площадь 8.931E-009  порог 2.379E-008  НИЖЕ ПОРОГА
    1542.76 = 1457.64+39.52+40.12  Eu-152    площадь 1.043E-008  порог 2.379E-008  НИЖЕ ПОРОГА
    1548.19 = 1457.64+39.52+45.52  Eu-152    площадь 3.584E-009  порог 2.379E-008  НИЖЕ ПОРОГА
    1549.24 = 1457.64+39.52+46.58  Eu-152    площадь 9.410E-010  порог 2.379E-008  НИЖЕ ПОРОГА
    2065.48 = 1457.64+39.52+563.99  Eu-152    площадь 0.000E+000  порог 2.379E-008  НИЖЕ ПОРОГА
    1945.50 = 1457.64+39.52+443.96  Eu-152    площадь 0.000E+000  порог 2.379E-008  НИЖЕ ПОРОГА
    1797.65 = 1457.64+39.52+295.94  Eu-152    площадь 0.000E+000  порог 2.379E-008  НИЖЕ ПОРОГА
    2613.66 = 1457.64+39.52+1112.07  Eu-152    площадь 0.000E+000  порог 2.379E-008  НИЖЕ ПОРОГА
    2587.45 = 1457.64+39.52+1085.86  Eu-152    площадь 0.000E+000  порог 2.379E-008  НИЖЕ ПОРОГА
    2420.86 = 1457.64+39.52+919.33  Eu-152    площадь 0.000E+000  порог 2.379E-008  НИЖЕ ПОРОГА
    2311.95 = 1457.64+39.52+810.45  Eu-152    площадь 0.000E+000  порог 2.379E-008  НИЖЕ ПОРОГА
    1945.51 = 1457.64+39.52+443.97  Eu-152    площадь 0.000E+000  порог 2.379E-008  НИЖЕ ПОРОГА
    2714.58 = 1457.64+39.52+1212.94  Eu-152    площадь 0.000E+000  порог 2.379E-008  НИЖЕ ПОРОГА
    1990.19 = 1457.64+39.52+488.68  Eu-152    площадь 0.000E+000  порог 2.379E-008  НИЖЕ ПОРОГА
    2909.73 = 1457.64+39.52+1408.01  Eu-152    площадь 0.000E+000  порог 2.379E-008  НИЖЕ ПОРОГА
    2506.83 = 1457.64+39.52+1005.27  Eu-152    площадь 0.000E+000  порог 2.379E-008  НИЖЕ ПОРОГА
    1746.53 = 1457.64+39.52+244.70  Eu-152    площадь 0.000E+000  порог 2.379E-008  НИЖЕ ПОРОГА
    2190.15 = 1457.64+39.52+688.67  Eu-152    площадь 0.000E+000  порог 2.379E-008  НИЖЕ ПОРОГА
    2465.62 = 1457.64+39.52+964.08  Eu-152    площадь 0.000E+000  порог 2.379E-008  НИЖЕ ПОРОГА
    2368.89 = 1457.64+39.52+867.38  Eu-152    площадь 0.000E+000  порог 2.379E-008  НИЖЕ ПОРОГА
    1624.70 = 1457.64+40.12+121.78  Eu-152    площадь 1.637E-008  порог 2.379E-008  НИЖЕ ПОРОГА
    1542.76 = 1457.64+40.12+39.52  Eu-152    площадь 1.042E-008  порог 2.379E-008  НИЖЕ ПОРОГА
    1548.78 = 1457.64+40.12+45.52  Eu-152    площадь 6.570E-009  порог 2.379E-008  НИЖЕ ПОРОГА
    1549.84 = 1457.64+40.12+46.58  Eu-152    площадь 1.725E-009  порог 2.379E-008  НИЖЕ ПОРОГА
    2066.08 = 1457.64+40.12+563.99  Eu-152    площадь 0.000E+000  порог 2.379E-008  НИЖЕ ПОРОГА
    1946.10 = 1457.64+40.12+443.96  Eu-152    площадь 0.000E+000  порог 2.379E-008  НИЖЕ ПОРОГА
    1798.25 = 1457.64+40.12+295.94  Eu-152    площадь 0.000E+000  порог 2.379E-008  НИЖЕ ПОРОГА
    2614.26 = 1457.64+40.12+1112.07  Eu-152    площадь 0.000E+000  порог 2.379E-008  НИЖЕ ПОРОГА
    2588.04 = 1457.64+40.12+1085.86  Eu-152    площадь 0.000E+000  порог 2.379E-008  НИЖЕ ПОРОГА
    2421.45 = 1457.64+40.12+919.33  Eu-152    площадь 0.000E+000  порог 2.379E-008  НИЖЕ ПОРОГА
    2312.55 = 1457.64+40.12+810.45  Eu-152    площадь 0.000E+000  порог 2.379E-008  НИЖЕ ПОРОГА
    1946.10 = 1457.64+40.12+443.97  Eu-152    площадь 0.000E+000  порог 2.379E-008  НИЖЕ ПОРОГА
    2715.17 = 1457.64+40.12+1212.94  Eu-152    площадь 0.000E+000  порог 2.379E-008  НИЖЕ ПОРОГА
    1990.79 = 1457.64+40.12+488.68  Eu-152    площадь 0.000E+000  порог 2.379E-008  НИЖЕ ПОРОГА
    2910.32 = 1457.64+40.12+1408.01  Eu-152    площадь 0.000E+000  порог 2.379E-008  НИЖЕ ПОРОГА
    2507.43 = 1457.64+40.12+1005.27  Eu-152    площадь 0.000E+000  порог 2.379E-008  НИЖЕ ПОРОГА
    1747.13 = 1457.64+40.12+244.70  Eu-152    площадь 0.000E+000  порог 2.379E-008  НИЖЕ ПОРОГА
    2190.75 = 1457.64+40.12+688.67  Eu-152    площадь 0.000E+000  порог 2.379E-008  НИЖЕ ПОРОГА
    2466.22 = 1457.64+40.12+964.08  Eu-152    площадь 0.000E+000  порог 2.379E-008  НИЖЕ ПОРОГА
    2369.49 = 1457.64+40.12+867.38  Eu-152    площадь 0.000E+000  порог 2.379E-008  НИЖЕ ПОРОГА
    1630.13 = 1457.64+45.52+121.78  Eu-152    площадь 5.612E-009  порог 2.379E-008  НИЖЕ ПОРОГА
    1548.19 = 1457.64+45.52+39.52  Eu-152    площадь 3.573E-009  порог 2.379E-008  НИЖЕ ПОРОГА
    1548.78 = 1457.64+45.52+40.12  Eu-152    площадь 6.552E-009  порог 2.379E-008  НИЖЕ ПОРОГА
    1555.27 = 1457.64+45.52+46.58  Eu-152    площадь 5.913E-010  порог 2.379E-008  НИЖЕ ПОРОГА
    2071.51 = 1457.64+45.52+563.99  Eu-152    площадь 0.000E+000  порог 2.379E-008  НИЖЕ ПОРОГА
    1951.53 = 1457.64+45.52+443.96  Eu-152    площадь 0.000E+000  порог 2.379E-008  НИЖЕ ПОРОГА
    1803.68 = 1457.64+45.52+295.94  Eu-152    площадь 0.000E+000  порог 2.379E-008  НИЖЕ ПОРОГА
    2619.70 = 1457.64+45.52+1112.07  Eu-152    площадь 0.000E+000  порог 2.379E-008  НИЖЕ ПОРОГА
    2593.48 = 1457.64+45.52+1085.86  Eu-152    площадь 0.000E+000  порог 2.379E-008  НИЖЕ ПОРОГА
    2426.89 = 1457.64+45.52+919.33  Eu-152    площадь 0.000E+000  порог 2.379E-008  НИЖЕ ПОРОГА
    2317.98 = 1457.64+45.52+810.45  Eu-152    площадь 0.000E+000  порог 2.379E-008  НИЖЕ ПОРОГА
    1951.53 = 1457.64+45.52+443.97  Eu-152    площадь 0.000E+000  порог 2.379E-008  НИЖЕ ПОРОГА
    2720.61 = 1457.64+45.52+1212.94  Eu-152    площадь 0.000E+000  порог 2.379E-008  НИЖЕ ПОРОГА
    1996.22 = 1457.64+45.52+488.68  Eu-152    площадь 0.000E+000  порог 2.379E-008  НИЖЕ ПОРОГА
    2915.76 = 1457.64+45.52+1408.01  Eu-152    площадь 0.000E+000  порог 2.379E-008  НИЖЕ ПОРОГА
    2512.86 = 1457.64+45.52+1005.27  Eu-152    площадь 0.000E+000  порог 2.379E-008  НИЖЕ ПОРОГА
    1752.56 = 1457.64+45.52+244.70  Eu-152    площадь 0.000E+000  порог 2.379E-008  НИЖЕ ПОРОГА
    2196.18 = 1457.64+45.52+688.67  Eu-152    площадь 0.000E+000  порог 2.379E-008  НИЖЕ ПОРОГА
    2471.65 = 1457.64+45.52+964.08  Eu-152    площадь 0.000E+000  порог 2.379E-008  НИЖЕ ПОРОГА
    2374.92 = 1457.64+45.52+867.38  Eu-152    площадь 0.000E+000  порог 2.379E-008  НИЖЕ ПОРОГА
    1631.18 = 1457.64+46.58+121.78  Eu-152    площадь 1.473E-009  порог 2.379E-008  НИЖЕ ПОРОГА
    1549.24 = 1457.64+46.58+39.52  Eu-152    площадь 9.376E-010  порог 2.379E-008  НИЖЕ ПОРОГА
    1549.84 = 1457.64+46.58+40.12  Eu-152    площадь 1.719E-009  порог 2.379E-008  НИЖЕ ПОРОГА
    1555.27 = 1457.64+46.58+45.52  Eu-152    площадь 5.910E-010  порог 2.379E-008  НИЖЕ ПОРОГА
    2072.56 = 1457.64+46.58+563.99  Eu-152    площадь 0.000E+000  порог 2.379E-008  НИЖЕ ПОРОГА
    1952.58 = 1457.64+46.58+443.96  Eu-152    площадь 0.000E+000  порог 2.379E-008  НИЖЕ ПОРОГА
    1804.74 = 1457.64+46.58+295.94  Eu-152    площадь 0.000E+000  порог 2.379E-008  НИЖЕ ПОРОГА
    2620.75 = 1457.64+46.58+1112.07  Eu-152    площадь 0.000E+000  порог 2.379E-008  НИЖЕ ПОРОГА
    2594.53 = 1457.64+46.58+1085.86  Eu-152    площадь 0.000E+000  порог 2.379E-008  НИЖЕ ПОРОГА
    2427.94 = 1457.64+46.58+919.33  Eu-152    площадь 0.000E+000  порог 2.379E-008  НИЖЕ ПОРОГА
    2319.03 = 1457.64+46.58+810.45  Eu-152    площадь 0.000E+000  порог 2.379E-008  НИЖЕ ПОРОГА
    1952.59 = 1457.64+46.58+443.97  Eu-152    площадь 0.000E+000  порог 2.379E-008  НИЖЕ ПОРОГА
    2721.66 = 1457.64+46.58+1212.94  Eu-152    площадь 0.000E+000  порог 2.379E-008  НИЖЕ ПОРОГА
    1997.28 = 1457.64+46.58+488.68  Eu-152    площадь 0.000E+000  порог 2.379E-008  НИЖЕ ПОРОГА
    2916.81 = 1457.64+46.58+1408.01  Eu-152    площадь 0.000E+000  порог 2.379E-008  НИЖЕ ПОРОГА
    2513.91 = 1457.64+46.58+1005.27  Eu-152    площадь 0.000E+000  порог 2.379E-008  НИЖЕ ПОРОГА
    1753.62 = 1457.64+46.58+244.70  Eu-152    площадь 0.000E+000  порог 2.379E-008  НИЖЕ ПОРОГА
    2197.23 = 1457.64+46.58+688.67  Eu-152    площадь 0.000E+000  порог 2.379E-008  НИЖЕ ПОРОГА
    2472.70 = 1457.64+46.58+964.08  Eu-152    площадь 0.000E+000  порог 2.379E-008  НИЖЕ ПОРОГА
    2375.97 = 1457.64+46.58+867.38  Eu-152    площадь 0.000E+000  порог 2.379E-008  НИЖЕ ПОРОГА
    1574.46 = 1408.01+39.52+121.78  Eu-152    площадь 3.864E-007  порог 2.379E-008  проходит
    1493.12 = 1408.01+39.52+40.12  Eu-152    площадь 4.512E-007  порог 2.379E-008  проходит
    1498.55 = 1408.01+39.52+45.52  Eu-152    площадь 1.551E-007  порог 2.379E-008  проходит
    1499.60 = 1408.01+39.52+46.58  Eu-152    площадь 4.072E-008  порог 2.379E-008  проходит
    2015.83 = 1408.01+39.52+563.99  Eu-152    площадь 0.000E+000  порог 2.379E-008  НИЖЕ ПОРОГА
    1895.86 = 1408.01+39.52+443.96  Eu-152    площадь 0.000E+000  порог 2.379E-008  НИЖЕ ПОРОГА
    1748.01 = 1408.01+39.52+295.94  Eu-152    площадь 0.000E+000  порог 2.379E-008  НИЖЕ ПОРОГА
    2564.01 = 1408.01+39.52+1112.07  Eu-152    площадь 0.000E+000  порог 2.379E-008  НИЖЕ ПОРОГА
    2537.79 = 1408.01+39.52+1085.86  Eu-152    площадь 0.000E+000  порог 2.379E-008  НИЖЕ ПОРОГА
    2371.20 = 1408.01+39.52+919.33  Eu-152    площадь 0.000E+000  порог 2.379E-008  НИЖЕ ПОРОГА
    2262.30 = 1408.01+39.52+810.45  Eu-152    площадь 0.000E+000  порог 2.379E-008  НИЖЕ ПОРОГА
    1895.86 = 1408.01+39.52+443.97  Eu-152    площадь 0.000E+000  порог 2.379E-008  НИЖЕ ПОРОГА
    2664.92 = 1408.01+39.52+1212.94  Eu-152    площадь 0.000E+000  порог 2.379E-008  НИЖЕ ПОРОГА
    1940.55 = 1408.01+39.52+488.68  Eu-152    площадь 0.000E+000  порог 2.379E-008  НИЖЕ ПОРОГА
    2909.73 = 1408.01+39.52+1457.64  Eu-152    площадь 0.000E+000  порог 2.379E-008  НИЖЕ ПОРОГА
    2457.18 = 1408.01+39.52+1005.27  Eu-152    площадь 0.000E+000  порог 2.379E-008  НИЖЕ ПОРОГА
    1696.89 = 1408.01+39.52+244.70  Eu-152    площадь 0.000E+000  порог 2.379E-008  НИЖЕ ПОРОГА
    2140.50 = 1408.01+39.52+688.67  Eu-152    площадь 0.000E+000  порог 2.379E-008  НИЖЕ ПОРОГА
    2415.97 = 1408.01+39.52+964.08  Eu-152    площадь 0.000E+000  порог 2.379E-008  НИЖЕ ПОРОГА
    2319.24 = 1408.01+39.52+867.38  Eu-152    площадь 0.000E+000  порог 2.379E-008  НИЖЕ ПОРОГА
    1575.06 = 1408.01+40.12+121.78  Eu-152    площадь 7.084E-007  порог 2.379E-008  проходит
    1493.12 = 1408.01+40.12+39.52  Eu-152    площадь 4.510E-007  порог 2.379E-008  проходит
    1499.15 = 1408.01+40.12+45.52  Eu-152    площадь 2.843E-007  порог 2.379E-008  проходит
    1500.20 = 1408.01+40.12+46.58  Eu-152    площадь 7.464E-008  порог 2.379E-008  проходит
    2016.43 = 1408.01+40.12+563.99  Eu-152    площадь 0.000E+000  порог 2.379E-008  НИЖЕ ПОРОГА
    1896.46 = 1408.01+40.12+443.96  Eu-152    площадь 0.000E+000  порог 2.379E-008  НИЖЕ ПОРОГА
    1748.61 = 1408.01+40.12+295.94  Eu-152    площадь 0.000E+000  порог 2.379E-008  НИЖЕ ПОРОГА
    2564.61 = 1408.01+40.12+1112.07  Eu-152    площадь 0.000E+000  порог 2.379E-008  НИЖЕ ПОРОГА
    2538.39 = 1408.01+40.12+1085.86  Eu-152    площадь 0.000E+000  порог 2.379E-008  НИЖЕ ПОРОГА
    2371.80 = 1408.01+40.12+919.33  Eu-152    площадь 0.000E+000  порог 2.379E-008  НИЖЕ ПОРОГА
    2262.90 = 1408.01+40.12+810.45  Eu-152    площадь 0.000E+000  порог 2.379E-008  НИЖЕ ПОРОГА
    1896.46 = 1408.01+40.12+443.97  Eu-152    площадь 0.000E+000  порог 2.379E-008  НИЖЕ ПОРОГА
    2665.52 = 1408.01+40.12+1212.94  Eu-152    площадь 0.000E+000  порог 2.379E-008  НИЖЕ ПОРОГА
    1941.15 = 1408.01+40.12+488.68  Eu-152    площадь 0.000E+000  порог 2.379E-008  НИЖЕ ПОРОГА
    2910.32 = 1408.01+40.12+1457.64  Eu-152    площадь 0.000E+000  порог 2.379E-008  НИЖЕ ПОРОГА
    2457.77 = 1408.01+40.12+1005.27  Eu-152    площадь 0.000E+000  порог 2.379E-008  НИЖЕ ПОРОГА
    1697.49 = 1408.01+40.12+244.70  Eu-152    площадь 0.000E+000  порог 2.379E-008  НИЖЕ ПОРОГА
    2141.10 = 1408.01+40.12+688.67  Eu-152    площадь 0.000E+000  порог 2.379E-008  НИЖЕ ПОРОГА
    2416.57 = 1408.01+40.12+964.08  Eu-152    площадь 0.000E+000  порог 2.379E-008  НИЖЕ ПОРОГА
    2319.84 = 1408.01+40.12+867.38  Eu-152    площадь 0.000E+000  порог 2.379E-008  НИЖЕ ПОРОГА
    1580.49 = 1408.01+45.52+121.78  Eu-152    площадь 2.429E-007  порог 2.379E-008  проходит
    1498.55 = 1408.01+45.52+39.52  Eu-152    площадь 1.546E-007  порог 2.379E-008  проходит
    1499.15 = 1408.01+45.52+40.12  Eu-152    площадь 2.836E-007  порог 2.379E-008  проходит
    1505.63 = 1408.01+45.52+46.58  Eu-152    площадь 2.559E-008  порог 2.379E-008  проходит
    2021.86 = 1408.01+45.52+563.99  Eu-152    площадь 0.000E+000  порог 2.379E-008  НИЖЕ ПОРОГА
    1901.89 = 1408.01+45.52+443.96  Eu-152    площадь 0.000E+000  порог 2.379E-008  НИЖЕ ПОРОГА
    1754.04 = 1408.01+45.52+295.94  Eu-152    площадь 0.000E+000  порог 2.379E-008  НИЖЕ ПОРОГА
    2570.04 = 1408.01+45.52+1112.07  Eu-152    площадь 0.000E+000  порог 2.379E-008  НИЖЕ ПОРОГА
    2543.82 = 1408.01+45.52+1085.86  Eu-152    площадь 0.000E+000  порог 2.379E-008  НИЖЕ ПОРОГА
    2377.23 = 1408.01+45.52+919.33  Eu-152    площадь 0.000E+000  порог 2.379E-008  НИЖЕ ПОРОГА
    2268.33 = 1408.01+45.52+810.45  Eu-152    площадь 0.000E+000  порог 2.379E-008  НИЖЕ ПОРОГА
    1901.89 = 1408.01+45.52+443.97  Eu-152    площадь 0.000E+000  порог 2.379E-008  НИЖЕ ПОРОГА
    2670.95 = 1408.01+45.52+1212.94  Eu-152    площадь 0.000E+000  порог 2.379E-008  НИЖЕ ПОРОГА
    1946.58 = 1408.01+45.52+488.68  Eu-152    площадь 0.000E+000  порог 2.379E-008  НИЖЕ ПОРОГА
    2915.76 = 1408.01+45.52+1457.64  Eu-152    площадь 0.000E+000  порог 2.379E-008  НИЖЕ ПОРОГА
    2463.21 = 1408.01+45.52+1005.27  Eu-152    площадь 0.000E+000  порог 2.379E-008  НИЖЕ ПОРОГА
    1702.92 = 1408.01+45.52+244.70  Eu-152    площадь 0.000E+000  порог 2.379E-008  НИЖЕ ПОРОГА
    2146.53 = 1408.01+45.52+688.67  Eu-152    площадь 0.000E+000  порог 2.379E-008  НИЖЕ ПОРОГА
    2422.00 = 1408.01+45.52+964.08  Eu-152    площадь 0.000E+000  порог 2.379E-008  НИЖЕ ПОРОГА
    2325.27 = 1408.01+45.52+867.38  Eu-152    площадь 0.000E+000  порог 2.379E-008  НИЖЕ ПОРОГА
    1171.72 = 1005.27+39.52+121.78  Eu-152    площадь 1.783E-008  порог 2.379E-008  НИЖЕ ПОРОГА
    1294.14 = 1005.27+39.52+244.70  Eu-152    площадь 3.413E-008  порог 2.379E-008  проходит
    1090.38 = 1005.27+39.52+40.12  Eu-152    площадь 2.165E-008  порог 2.379E-008  НИЖЕ ПОРОГА
    1095.81 = 1005.27+39.52+45.52  Eu-152    площадь 7.441E-009  порог 2.379E-008  НИЖЕ ПОРОГА
    1096.87 = 1005.27+39.52+46.58  Eu-152    площадь 1.954E-009  порог 2.379E-008  НИЖЕ ПОРОГА
    1613.05 = 1005.27+39.52+563.99  Eu-152    площадь 0.000E+000  порог 2.379E-008  НИЖЕ ПОРОГА
    1493.09 = 1005.27+39.52+443.96  Eu-152    площадь 0.000E+000  порог 2.379E-008  НИЖЕ ПОРОГА
    1345.26 = 1005.27+39.52+295.94  Eu-152    площадь 0.000E+000  порог 2.379E-008  НИЖЕ ПОРОГА
    2161.16 = 1005.27+39.52+1112.07  Eu-152    площадь 0.000E+000  порог 2.379E-008  НИЖЕ ПОРОГА
    2134.94 = 1005.27+39.52+1085.86  Eu-152    площадь 0.000E+000  порог 2.379E-008  НИЖЕ ПОРОГА
    1968.37 = 1005.27+39.52+919.33  Eu-152    площадь 0.000E+000  порог 2.379E-008  НИЖЕ ПОРОГА
    1859.48 = 1005.27+39.52+810.45  Eu-152    площадь 0.000E+000  порог 2.379E-008  НИЖЕ ПОРОГА
    1493.09 = 1005.27+39.52+443.97  Eu-152    площадь 0.000E+000  порог 2.379E-008  НИЖЕ ПОРОГА
    2262.05 = 1005.27+39.52+1212.94  Eu-152    площадь 0.000E+000  порог 2.379E-008  НИЖЕ ПОРОГА
    1537.77 = 1005.27+39.52+488.68  Eu-152    площадь 0.000E+000  порог 2.379E-008  НИЖЕ ПОРОГА
    2506.83 = 1005.27+39.52+1457.64  Eu-152    площадь 0.000E+000  порог 2.379E-008  НИЖЕ ПОРОГА
    2457.18 = 1005.27+39.52+1408.01  Eu-152    площадь 0.000E+000  порог 2.379E-008  НИЖЕ ПОРОГА
    1737.70 = 1005.27+39.52+688.67  Eu-152    площадь 0.000E+000  порог 2.379E-008  НИЖЕ ПОРОГА
    2013.13 = 1005.27+39.52+964.08  Eu-152    площадь 0.000E+000  порог 2.379E-008  НИЖЕ ПОРОГА
    1916.41 = 1005.27+39.52+867.38  Eu-152    площадь 0.000E+000  порог 2.379E-008  НИЖЕ ПОРОГА
    1172.32 = 1005.27+40.12+121.78  Eu-152    площадь 3.269E-008  порог 2.379E-008  проходит
    1294.74 = 1005.27+40.12+244.70  Eu-152    площадь 6.259E-008  порог 2.379E-008  проходит
    1090.38 = 1005.27+40.12+39.52  Eu-152    площадь 2.165E-008  порог 2.379E-008  НИЖЕ ПОРОГА
    1096.41 = 1005.27+40.12+45.52  Eu-152    площадь 1.365E-008  порог 2.379E-008  НИЖЕ ПОРОГА
    1097.46 = 1005.27+40.12+46.58  Eu-152    площадь 3.583E-009  порог 2.379E-008  НИЖЕ ПОРОГА
    1613.64 = 1005.27+40.12+563.99  Eu-152    площадь 0.000E+000  порог 2.379E-008  НИЖЕ ПОРОГА
    1493.69 = 1005.27+40.12+443.96  Eu-152    площадь 0.000E+000  порог 2.379E-008  НИЖЕ ПОРОГА
    1345.86 = 1005.27+40.12+295.94  Eu-152    площадь 0.000E+000  порог 2.379E-008  НИЖЕ ПОРОГА
    2161.75 = 1005.27+40.12+1112.07  Eu-152    площадь 0.000E+000  порог 2.379E-008  НИЖЕ ПОРОГА
    2135.54 = 1005.27+40.12+1085.86  Eu-152    площадь 0.000E+000  порог 2.379E-008  НИЖЕ ПОРОГА
    1968.97 = 1005.27+40.12+919.33  Eu-152    площадь 0.000E+000  порог 2.379E-008  НИЖЕ ПОРОГА
    1860.08 = 1005.27+40.12+810.45  Eu-152    площадь 0.000E+000  порог 2.379E-008  НИЖЕ ПОРОГА
    1493.69 = 1005.27+40.12+443.97  Eu-152    площадь 0.000E+000  порог 2.379E-008  НИЖЕ ПОРОГА
    2262.65 = 1005.27+40.12+1212.94  Eu-152    площадь 0.000E+000  порог 2.379E-008  НИЖЕ ПОРОГА
    1538.37 = 1005.27+40.12+488.68  Eu-152    площадь 0.000E+000  порог 2.379E-008  НИЖЕ ПОРОГА
    2507.43 = 1005.27+40.12+1457.64  Eu-152    площадь 0.000E+000  порог 2.379E-008  НИЖЕ ПОРОГА
    2457.77 = 1005.27+40.12+1408.01  Eu-152    площадь 0.000E+000  порог 2.379E-008  НИЖЕ ПОРОГА
    1738.30 = 1005.27+40.12+688.67  Eu-152    площадь 0.000E+000  порог 2.379E-008  НИЖЕ ПОРОГА
    2013.73 = 1005.27+40.12+964.08  Eu-152    площадь 0.000E+000  порог 2.379E-008  НИЖЕ ПОРОГА
    1917.01 = 1005.27+40.12+867.38  Eu-152    площадь 0.000E+000  порог 2.379E-008  НИЖЕ ПОРОГА
    1177.75 = 1005.27+45.52+121.78  Eu-152    площадь 1.124E-008  порог 2.379E-008  НИЖЕ ПОРОГА
    1300.17 = 1005.27+45.52+244.70  Eu-152    площадь 2.152E-008  порог 2.379E-008  НИЖЕ ПОРОГА
    1095.81 = 1005.27+45.52+39.52  Eu-152    площадь 7.445E-009  порог 2.379E-008  НИЖЕ ПОРОГА
    1096.41 = 1005.27+45.52+40.12  Eu-152    площадь 1.365E-008  порог 2.379E-008  НИЖЕ ПОРОГА
    1102.89 = 1005.27+45.52+46.58  Eu-152    площадь 1.232E-009  порог 2.379E-008  НИЖЕ ПОРОГА
    1619.07 = 1005.27+45.52+563.99  Eu-152    площадь 0.000E+000  порог 2.379E-008  НИЖЕ ПОРОГА
    1499.12 = 1005.27+45.52+443.96  Eu-152    площадь 0.000E+000  порог 2.379E-008  НИЖЕ ПОРОГА
    1351.29 = 1005.27+45.52+295.94  Eu-152    площадь 0.000E+000  порог 2.379E-008  НИЖЕ ПОРОГА
    2167.18 = 1005.27+45.52+1112.07  Eu-152    площадь 0.000E+000  порог 2.379E-008  НИЖЕ ПОРОГА
    2140.97 = 1005.27+45.52+1085.86  Eu-152    площадь 0.000E+000  порог 2.379E-008  НИЖЕ ПОРОГА
    1974.40 = 1005.27+45.52+919.33  Eu-152    площадь 0.000E+000  порог 2.379E-008  НИЖЕ ПОРОГА
    1865.51 = 1005.27+45.52+810.45  Eu-152    площадь 0.000E+000  порог 2.379E-008  НИЖЕ ПОРОГА
    1499.12 = 1005.27+45.52+443.97  Eu-152    площадь 0.000E+000  порог 2.379E-008  НИЖЕ ПОРОГА
    2268.08 = 1005.27+45.52+1212.94  Eu-152    площадь 0.000E+000  порог 2.379E-008  НИЖЕ ПОРОГА
    1543.80 = 1005.27+45.52+488.68  Eu-152    площадь 0.000E+000  порог 2.379E-008  НИЖЕ ПОРОГА
    2512.86 = 1005.27+45.52+1457.64  Eu-152    площадь 0.000E+000  порог 2.379E-008  НИЖЕ ПОРОГА
    2463.21 = 1005.27+45.52+1408.01  Eu-152    площадь 0.000E+000  порог 2.379E-008  НИЖЕ ПОРОГА
    1743.73 = 1005.27+45.52+688.67  Eu-152    площадь 0.000E+000  порог 2.379E-008  НИЖЕ ПОРОГА
    2019.16 = 1005.27+45.52+964.08  Eu-152    площадь 0.000E+000  порог 2.379E-008  НИЖЕ ПОРОГА
    1922.44 = 1005.27+45.52+867.38  Eu-152    площадь 0.000E+000  порог 2.379E-008  НИЖЕ ПОРОГА
    1178.81 = 1005.27+46.58+121.78  Eu-152    площадь 2.952E-009  порог 2.379E-008  НИЖЕ ПОРОГА
    1301.22 = 1005.27+46.58+244.70  Eu-152    площадь 5.652E-009  порог 2.379E-008  НИЖЕ ПОРОГА
    1096.87 = 1005.27+46.58+39.52  Eu-152    площадь 1.955E-009  порог 2.379E-008  НИЖЕ ПОРОГА
    1097.46 = 1005.27+46.58+40.12  Eu-152    площадь 3.584E-009  порог 2.379E-008  НИЖЕ ПОРОГА
    1102.89 = 1005.27+46.58+45.52  Eu-152    площадь 1.232E-009  порог 2.379E-008  НИЖЕ ПОРОГА
    1620.13 = 1005.27+46.58+563.99  Eu-152    площадь 0.000E+000  порог 2.379E-008  НИЖЕ ПОРОГА
    1500.17 = 1005.27+46.58+443.96  Eu-152    площадь 0.000E+000  порог 2.379E-008  НИЖЕ ПОРОГА
    1352.34 = 1005.27+46.58+295.94  Eu-152    площадь 0.000E+000  порог 2.379E-008  НИЖЕ ПОРОГА
    2168.24 = 1005.27+46.58+1112.07  Eu-152    площадь 0.000E+000  порог 2.379E-008  НИЖЕ ПОРОГА
    2142.02 = 1005.27+46.58+1085.86  Eu-152    площадь 0.000E+000  порог 2.379E-008  НИЖЕ ПОРОГА
    1975.46 = 1005.27+46.58+919.33  Eu-152    площадь 0.000E+000  порог 2.379E-008  НИЖЕ ПОРОГА
    1866.56 = 1005.27+46.58+810.45  Eu-152    площадь 0.000E+000  порог 2.379E-008  НИЖЕ ПОРОГА
    1500.17 = 1005.27+46.58+443.97  Eu-152    площадь 0.000E+000  порог 2.379E-008  НИЖЕ ПОРОГА
    2269.14 = 1005.27+46.58+1212.94  Eu-152    площадь 0.000E+000  порог 2.379E-008  НИЖЕ ПОРОГА
    1544.85 = 1005.27+46.58+488.68  Eu-152    площадь 0.000E+000  порог 2.379E-008  НИЖЕ ПОРОГА
    2513.91 = 1005.27+46.58+1457.64  Eu-152    площадь 0.000E+000  порог 2.379E-008  НИЖЕ ПОРОГА
    2464.26 = 1005.27+46.58+1408.01  Eu-152    площадь 0.000E+000  порог 2.379E-008  НИЖЕ ПОРОГА
    1744.78 = 1005.27+46.58+688.67  Eu-152    площадь 0.000E+000  порог 2.379E-008  НИЖЕ ПОРОГА
    2020.21 = 1005.27+46.58+964.08  Eu-152    площадь 0.000E+000  порог 2.379E-008  НИЖЕ ПОРОГА
    1923.50 = 1005.27+46.58+867.38  Eu-152    площадь 0.000E+000  порог 2.379E-008  НИЖЕ ПОРОГА
    1690.90 = 1299.14+43.00+344.28  Eu-152    площадь 0.000E+000  порог 2.379E-008  НИЖЕ ПОРОГА
    2436.26 = 1299.14+43.00+1089.73  Eu-152    площадь 0.000E+000  порог 2.379E-008  НИЖЕ ПОРОГА
    2025.06 = 1299.14+43.00+678.62  Eu-152    площадь 0.000E+000  порог 2.379E-008  НИЖЕ ПОРОГА
    2125.35 = 1299.14+43.00+778.90  Eu-152    площадь 0.000E+000  порог 2.379E-008  НИЖЕ ПОРОГА
    1932.71 = 1299.14+43.00+586.27  Eu-152    площадь 0.000E+000  порог 2.379E-008  НИЖЕ ПОРОГА
    1757.65 = 1299.14+43.00+411.12  Eu-152    площадь 0.000E+000  порог 2.379E-008  НИЖЕ ПОРОГА
    1714.37 = 1299.14+43.00+367.79  Eu-152    площадь 0.000E+000  порог 2.379E-008  НИЖЕ ПОРОГА
     759.73 = 344.28+43.00+367.79  Eu-152    площадь 6.144E-009  порог 2.379E-008  НИЖЕ ПОРОГА
     803.01 = 344.28+43.00+411.12  Eu-152    площадь 3.250E-009  порог 2.379E-008  НИЖЕ ПОРОГА
     895.30 = 344.28+43.00+503.47  Eu-152    площадь 6.709E-010  порог 2.379E-008  НИЖЕ ПОРОГА
     978.05 = 344.28+43.00+586.27  Eu-152    площадь 0.000E+000  порог 2.379E-008  НИЖЕ ПОРОГА
    1066.43 = 344.28+43.00+674.68  Eu-152    площадь 5.775E-010  порог 2.379E-008  НИЖЕ ПОРОГА
    1070.38 = 344.28+43.00+678.62  Eu-152    площадь 1.831E-009  порог 2.379E-008  НИЖЕ ПОРОГА
    1156.64 = 344.28+43.00+764.90  Eu-152    площадь 0.000E+000  порог 2.379E-008  НИЖЕ ПОРОГА
    1170.65 = 344.28+43.00+778.90  Eu-152    площадь 0.000E+000  порог 2.379E-008  НИЖЕ ПОРОГА
    1481.47 = 344.28+43.00+1089.73  Eu-152    площадь 0.000E+000  порог 2.379E-008  НИЖЕ ПОРОГА
    1690.90 = 344.28+43.00+1299.14  Eu-152    площадь 0.000E+000  порог 2.379E-008  НИЖЕ ПОРОГА
     826.49 = 411.12+43.00+367.79  Eu-152    площадь 8.497E-009  порог 2.379E-008  НИЖЕ ПОРОГА
     803.01 = 411.12+43.00+344.28  Eu-152    площадь 3.246E-009  порог 2.379E-008  НИЖЕ ПОРОГА
    1137.13 = 411.12+43.00+678.62  Eu-152    площадь 2.532E-009  порог 2.379E-008  НИЖЕ ПОРОГА
    1548.23 = 411.12+43.00+1089.73  Eu-152    площадь 0.000E+000  порог 2.379E-008  НИЖЕ ПОРОГА
    1237.40 = 411.12+43.00+778.90  Eu-152    площадь 0.000E+000  порог 2.379E-008  НИЖЕ ПОРОГА
    1044.80 = 411.12+43.00+586.27  Eu-152    площадь 0.000E+000  порог 2.379E-008  НИЖЕ ПОРОГА
    1757.65 = 411.12+43.00+1299.14  Eu-152    площадь 0.000E+000  порог 2.379E-008  НИЖЕ ПОРОГА
     759.73 = 367.79+43.00+344.28  Eu-152    площадь 6.141E-009  порог 2.379E-008  НИЖЕ ПОРОГА
     826.49 = 367.79+43.00+411.12  Eu-152    площадь 8.504E-009  порог 2.379E-008  НИЖЕ ПОРОГА
    1504.95 = 367.79+43.00+1089.73  Eu-152    площадь 0.000E+000  порог 2.379E-008  НИЖЕ ПОРОГА
    1093.85 = 367.79+43.00+678.62  Eu-152    площадь 0.000E+000  порог 2.379E-008  НИЖЕ ПОРОГА
    1194.12 = 367.79+43.00+778.90  Eu-152    площадь 0.000E+000  порог 2.379E-008  НИЖЕ ПОРОГА
    1001.52 = 367.79+43.00+586.27  Eu-152    площадь 0.000E+000  порог 2.379E-008  НИЖЕ ПОРОГА
    1714.37 = 367.79+43.00+1299.14  Eu-152    площадь 0.000E+000  порог 2.379E-008  НИЖЕ ПОРОГА
     411.44 = 244.70+39.52+121.78  Eu-152    площадь 7.193E-007  порог 2.379E-008  проходит
     585.09 = 244.70+39.52+295.94  Eu-152    площадь 1.815E-008  порог 2.379E-008  НИЖЕ ПОРОГА
     705.06 = 244.70+39.52+416.05  Eu-152    площадь 3.277E-009  порог 2.379E-008  НИЖЕ ПОРОГА
     732.95 = 244.70+39.52+443.96  Eu-152    площадь 3.865E-008  порог 2.379E-008  проходит
     732.96 = 244.70+39.52+443.97  Eu-152    площадь 1.319E-008  порог 2.379E-008  НИЖЕ ПОРОГА
     777.64 = 244.70+39.52+488.68  Eu-152    площадь 1.296E-008  порог 2.379E-008  НИЖЕ ПОРОГА
     852.92 = 244.70+39.52+563.99  Eu-152    площадь 4.713E-010  порог 2.379E-008  НИЖЕ ПОРОГА
     945.38 = 244.70+39.52+656.49  Eu-152    площадь 1.156E-008  порог 2.379E-008  НИЖЕ ПОРОГА
     963.56 = 244.70+39.52+674.68  Eu-152    площадь 5.066E-009  порог 2.379E-008  НИЖЕ ПОРОГА
    1008.23 = 244.70+39.52+719.35  Eu-152    площадь 4.966E-009  порог 2.379E-008  НИЖЕ ПОРОГА
    1156.25 = 244.70+39.52+867.38  Eu-152    площадь 2.573E-007  порог 2.379E-008  проходит
    1215.18 = 244.70+39.52+926.32  Eu-152    площадь 1.583E-008  порог 2.379E-008  НИЖЕ ПОРОГА
    1294.14 = 244.70+39.52+1005.27  Eu-152    площадь 3.404E-008  порог 2.379E-008  проходит
    1501.82 = 244.70+39.52+1212.94  Eu-152    площадь 6.269E-008  порог 2.379E-008  проходит
     330.00 = 244.70+39.52+40.12  Eu-152    площадь 8.412E-007  порог 2.379E-008  проходит
     335.43 = 244.70+39.52+45.52  Eu-152    площадь 2.892E-007  порог 2.379E-008  проходит
     336.49 = 244.70+39.52+46.58  Eu-152    площадь 7.592E-008  порог 2.379E-008  проходит
     799.95 = 244.70+39.52+511.00  Eu-152    площадь 5.680E-010  порог 2.379E-008  НИЖЕ ПОРОГА
    1400.94 = 244.70+39.52+1112.07  Eu-152    площадь 0.000E+000  порог 2.379E-008  НИЖЕ ПОРОГА
    1374.73 = 244.70+39.52+1085.86  Eu-152    площадь 0.000E+000  порог 2.379E-008  НИЖЕ ПОРОГА
    1208.20 = 244.70+39.52+919.33  Eu-152    площадь 4.937E-009  порог 2.379E-008  НИЖЕ ПОРОГА
    1099.32 = 244.70+39.52+810.45  Eu-152    площадь 4.907E-009  порог 2.379E-008  НИЖЕ ПОРОГА
    1746.53 = 244.70+39.52+1457.64  Eu-152    площадь 0.000E+000  порог 2.379E-008  НИЖЕ ПОРОГА
    1696.89 = 244.70+39.52+1408.01  Eu-152    площадь 0.000E+000  порог 2.379E-008  НИЖЕ ПОРОГА
     977.56 = 244.70+39.52+688.67  Eu-152    площадь 0.000E+000  порог 2.379E-008  НИЖЕ ПОРОГА
    1252.95 = 244.70+39.52+964.08  Eu-152    площадь 0.000E+000  порог 2.379E-008  НИЖЕ ПОРОГА
     412.04 = 244.70+40.12+121.78  Eu-152    площадь 1.319E-006  порог 2.379E-008  проходит
     585.69 = 244.70+40.12+295.94  Eu-152    площадь 3.329E-008  порог 2.379E-008  проходит
     705.66 = 244.70+40.12+416.05  Eu-152    площадь 6.009E-009  порог 2.379E-008  НИЖЕ ПОРОГА
     733.55 = 244.70+40.12+443.96  Eu-152    площадь 7.087E-008  порог 2.379E-008  проходит
     733.56 = 244.70+40.12+443.97  Eu-152    площадь 2.418E-008  порог 2.379E-008  проходит
     778.24 = 244.70+40.12+488.68  Eu-152    площадь 2.376E-008  порог 2.379E-008  НИЖЕ ПОРОГА
     853.51 = 244.70+40.12+563.99  Eu-152    площадь 8.642E-010  порог 2.379E-008  НИЖЕ ПОРОГА
     945.98 = 244.70+40.12+656.49  Eu-152    площадь 2.120E-008  порог 2.379E-008  НИЖЕ ПОРОГА
     964.16 = 244.70+40.12+674.68  Eu-152    площадь 9.290E-009  порог 2.379E-008  НИЖЕ ПОРОГА
    1008.83 = 244.70+40.12+719.35  Eu-152    площадь 9.106E-009  порог 2.379E-008  НИЖЕ ПОРОГА
    1156.85 = 244.70+40.12+867.38  Eu-152    площадь 4.718E-007  порог 2.379E-008  проходит
    1215.78 = 244.70+40.12+926.32  Eu-152    площадь 2.903E-008  порог 2.379E-008  проходит
    1294.74 = 244.70+40.12+1005.27  Eu-152    площадь 6.242E-008  порог 2.379E-008  проходит
    1502.41 = 244.70+40.12+1212.94  Eu-152    площадь 1.149E-007  порог 2.379E-008  проходит
     330.00 = 244.70+40.12+39.52  Eu-152    площадь 8.412E-007  порог 2.379E-008  проходит
     336.03 = 244.70+40.12+45.52  Eu-152    площадь 5.302E-007  порог 2.379E-008  проходит
     337.09 = 244.70+40.12+46.58  Eu-152    площадь 1.392E-007  порог 2.379E-008  проходит
     800.55 = 244.70+40.12+511.00  Eu-152    площадь 1.042E-009  порог 2.379E-008  НИЖЕ ПОРОГА
    1401.54 = 244.70+40.12+1112.07  Eu-152    площадь 0.000E+000  порог 2.379E-008  НИЖЕ ПОРОГА
    1375.33 = 244.70+40.12+1085.86  Eu-152    площадь 0.000E+000  порог 2.379E-008  НИЖЕ ПОРОГА
    1208.80 = 244.70+40.12+919.33  Eu-152    площадь 9.053E-009  порог 2.379E-008  НИЖЕ ПОРОГА
    1099.92 = 244.70+40.12+810.45  Eu-152    площадь 8.999E-009  порог 2.379E-008  НИЖЕ ПОРОГА
    1747.13 = 244.70+40.12+1457.64  Eu-152    площадь 0.000E+000  порог 2.379E-008  НИЖЕ ПОРОГА
    1697.49 = 244.70+40.12+1408.01  Eu-152    площадь 0.000E+000  порог 2.379E-008  НИЖЕ ПОРОГА
     978.16 = 244.70+40.12+688.67  Eu-152    площадь 0.000E+000  порог 2.379E-008  НИЖЕ ПОРОГА
    1253.54 = 244.70+40.12+964.08  Eu-152    площадь 0.000E+000  порог 2.379E-008  НИЖЕ ПОРОГА
     417.48 = 244.70+45.52+121.78  Eu-152    площадь 4.532E-007  порог 2.379E-008  проходит
     591.13 = 244.70+45.52+295.94  Eu-152    площадь 1.144E-008  порог 2.379E-008  НИЖЕ ПОРОГА
     711.09 = 244.70+45.52+416.05  Eu-152    площадь 2.065E-009  порог 2.379E-008  НИЖЕ ПОРОГА
     738.98 = 244.70+45.52+443.96  Eu-152    площадь 2.435E-008  порог 2.379E-008  проходит
     738.99 = 244.70+45.52+443.97  Eu-152    площадь 8.310E-009  порог 2.379E-008  НИЖЕ ПОРОГА
     783.67 = 244.70+45.52+488.68  Eu-152    площадь 8.165E-009  порог 2.379E-008  НИЖЕ ПОРОГА
     858.94 = 244.70+45.52+563.99  Eu-152    площадь 2.969E-010  порог 2.379E-008  НИЖЕ ПОРОГА
     951.41 = 244.70+45.52+656.49  Eu-152    площадь 7.284E-009  порог 2.379E-008  НИЖЕ ПОРОГА
     969.59 = 244.70+45.52+674.68  Eu-152    площадь 3.192E-009  порог 2.379E-008  НИЖЕ ПОРОГА
    1014.26 = 244.70+45.52+719.35  Eu-152    площадь 3.129E-009  порог 2.379E-008  НИЖЕ ПОРОГА
    1162.28 = 244.70+45.52+867.38  Eu-152    площадь 1.621E-007  порог 2.379E-008  проходит
    1221.21 = 244.70+45.52+926.32  Eu-152    площадь 9.973E-009  порог 2.379E-008  НИЖЕ ПОРОГА
    1300.17 = 244.70+45.52+1005.27  Eu-152    площадь 2.145E-008  порог 2.379E-008  НИЖЕ ПОРОГА
    1507.84 = 244.70+45.52+1212.94  Eu-152    площадь 3.950E-008  порог 2.379E-008  проходит
     335.43 = 244.70+45.52+39.52  Eu-152    площадь 2.890E-007  порог 2.379E-008  проходит
     336.03 = 244.70+45.52+40.12  Eu-152    площадь 5.300E-007  порог 2.379E-008  проходит
     342.52 = 244.70+45.52+46.58  Eu-152    площадь 4.783E-008  порог 2.379E-008  проходит
     805.98 = 244.70+45.52+511.00  Eu-152    площадь 3.579E-010  порог 2.379E-008  НИЖЕ ПОРОГА
    1406.97 = 244.70+45.52+1112.07  Eu-152    площадь 0.000E+000  порог 2.379E-008  НИЖЕ ПОРОГА
    1380.76 = 244.70+45.52+1085.86  Eu-152    площадь 0.000E+000  порог 2.379E-008  НИЖЕ ПОРОГА
    1214.23 = 244.70+45.52+919.33  Eu-152    площадь 3.111E-009  порог 2.379E-008  НИЖЕ ПОРОГА
    1105.35 = 244.70+45.52+810.45  Eu-152    площадь 3.092E-009  порог 2.379E-008  НИЖЕ ПОРОГА
    1752.56 = 244.70+45.52+1457.64  Eu-152    площадь 0.000E+000  порог 2.379E-008  НИЖЕ ПОРОГА
    1702.92 = 244.70+45.52+1408.01  Eu-152    площадь 0.000E+000  порог 2.379E-008  НИЖЕ ПОРОГА
     983.59 = 244.70+45.52+688.67  Eu-152    площадь 0.000E+000  порог 2.379E-008  НИЖЕ ПОРОГА
    1258.97 = 244.70+45.52+964.08  Eu-152    площадь 0.000E+000  порог 2.379E-008  НИЖЕ ПОРОГА
     418.53 = 244.70+46.58+121.78  Eu-152    площадь 1.190E-007  порог 2.379E-008  проходит
     592.18 = 244.70+46.58+295.94  Eu-152    площадь 3.003E-009  порог 2.379E-008  НИЖЕ ПОРОГА
     712.14 = 244.70+46.58+416.05  Eu-152    площадь 5.420E-010  порог 2.379E-008  НИЖЕ ПОРОГА
     740.04 = 244.70+46.58+443.96  Eu-152    площадь 6.393E-009  порог 2.379E-008  НИЖЕ ПОРОГА
     740.04 = 244.70+46.58+443.97  Eu-152    площадь 2.182E-009  порог 2.379E-008  НИЖЕ ПОРОГА
     784.72 = 244.70+46.58+488.68  Eu-152    площадь 2.144E-009  порог 2.379E-008  НИЖЕ ПОРОГА
     860.00 = 244.70+46.58+563.99  Eu-152    площадь 7.796E-011  порог 2.379E-008  НИЖЕ ПОРОГА
     952.46 = 244.70+46.58+656.49  Eu-152    площадь 1.912E-009  порог 2.379E-008  НИЖЕ ПОРОГА
     970.65 = 244.70+46.58+674.68  Eu-152    площадь 8.380E-010  порог 2.379E-008  НИЖЕ ПОРОГА
    1015.31 = 244.70+46.58+719.35  Eu-152    площадь 8.214E-010  порог 2.379E-008  НИЖЕ ПОРОГА
    1163.33 = 244.70+46.58+867.38  Eu-152    площадь 4.256E-008  порог 2.379E-008  проходит
    1222.27 = 244.70+46.58+926.32  Eu-152    площадь 2.618E-009  порог 2.379E-008  НИЖЕ ПОРОГА
    1301.22 = 244.70+46.58+1005.27  Eu-152    площадь 5.630E-009  порог 2.379E-008  НИЖЕ ПОРОГА
    1508.90 = 244.70+46.58+1212.94  Eu-152    площадь 1.037E-008  порог 2.379E-008  НИЖЕ ПОРОГА
     336.49 = 244.70+46.58+39.52  Eu-152    площадь 7.588E-008  порог 2.379E-008  проходит
     337.09 = 244.70+46.58+40.12  Eu-152    площадь 1.391E-007  порог 2.379E-008  проходит
     342.52 = 244.70+46.58+45.52  Eu-152    площадь 4.783E-008  порог 2.379E-008  проходит
     807.03 = 244.70+46.58+511.00  Eu-152    площадь 9.396E-011  порог 2.379E-008  НИЖЕ ПОРОГА
    1408.02 = 244.70+46.58+1112.07  Eu-152    площадь 0.000E+000  порог 2.379E-008  НИЖЕ ПОРОГА
    1381.81 = 244.70+46.58+1085.86  Eu-152    площадь 0.000E+000  порог 2.379E-008  НИЖЕ ПОРОГА
    1215.28 = 244.70+46.58+919.33  Eu-152    площадь 8.166E-010  порог 2.379E-008  НИЖЕ ПОРОГА
    1106.40 = 244.70+46.58+810.45  Eu-152    площадь 8.117E-010  порог 2.379E-008  НИЖЕ ПОРОГА
    1753.62 = 244.70+46.58+1457.64  Eu-152    площадь 0.000E+000  порог 2.379E-008  НИЖЕ ПОРОГА
    1703.98 = 244.70+46.58+1408.01  Eu-152    площадь 0.000E+000  порог 2.379E-008  НИЖЕ ПОРОГА
     984.64 = 244.70+46.58+688.67  Eu-152    площадь 0.000E+000  порог 2.379E-008  НИЖЕ ПОРОГА
    1260.03 = 244.70+46.58+964.08  Eu-152    площадь 0.000E+000  порог 2.379E-008  НИЖЕ ПОРОГА
     881.89 = 244.70+511.00+121.78  Eu-152    площадь 1.229E-009  порог 2.379E-008  НИЖЕ ПОРОГА
    1055.43 = 244.70+511.00+295.94  Eu-152    площадь 2.246E-011  порог 2.379E-008  НИЖЕ ПОРОГА
    1175.36 = 244.70+511.00+416.05  Eu-152    площадь 4.055E-012  порог 2.379E-008  НИЖЕ ПОРОГА
    1203.25 = 244.70+511.00+443.96  Eu-152    площадь 4.795E-011  порог 2.379E-008  НИЖЕ ПОРОГА
    1203.25 = 244.70+511.00+443.97  Eu-152    площадь 4.280E-012  порог 2.379E-008  НИЖЕ ПОРОГА
    1247.93 = 244.70+511.00+488.68  Eu-152    площадь 1.608E-011  порог 2.379E-008  НИЖЕ ПОРОГА
    1323.20 = 244.70+511.00+563.99  Eu-152    площадь 5.832E-013  порог 2.379E-008  НИЖЕ ПОРОГА
    1415.67 = 244.70+511.00+656.49  Eu-152    площадь 1.434E-011  порог 2.379E-008  НИЖЕ ПОРОГА
    1433.85 = 244.70+511.00+674.68  Eu-152    площадь 6.169E-012  порог 2.379E-008  НИЖЕ ПОРОГА
    1478.52 = 244.70+511.00+719.35  Eu-152    площадь 6.080E-012  порог 2.379E-008  НИЖЕ ПОРОГА
    1626.55 = 244.70+511.00+867.38  Eu-152    площадь 3.191E-010  порог 2.379E-008  НИЖЕ ПОРОГА
    1685.49 = 244.70+511.00+926.32  Eu-152    площадь 1.964E-011  порог 2.379E-008  НИЖЕ ПОРОГА
    1764.45 = 244.70+511.00+1005.27  Eu-152    площадь 4.223E-011  порог 2.379E-008  НИЖЕ ПОРОГА
    1972.15 = 244.70+511.00+1212.94  Eu-152    площадь 7.777E-011  порог 2.379E-008  НИЖЕ ПОРОГА
     799.95 = 244.70+511.00+39.52  Eu-152    площадь 5.676E-010  порог 2.379E-008  НИЖЕ ПОРОГА
     800.55 = 244.70+511.00+40.12  Eu-152    площадь 1.041E-009  порог 2.379E-008  НИЖЕ ПОРОГА
     805.98 = 244.70+511.00+45.52  Eu-152    площадь 3.578E-010  порог 2.379E-008  НИЖЕ ПОРОГА
     807.03 = 244.70+511.00+46.58  Eu-152    площадь 9.393E-011  порог 2.379E-008  НИЖЕ ПОРОГА
     855.14 = 688.67+39.52+121.78  Eu-152    площадь 3.130E-008  порог 2.379E-008  проходит
    1451.77 = 688.67+39.52+719.35  Eu-152    площадь 5.921E-009  порог 2.379E-008  НИЖЕ ПОРОГА
     773.79 = 688.67+39.52+40.12  Eu-152    площадь 3.654E-008  порог 2.379E-008  проходит
     779.22 = 688.67+39.52+45.52  Eu-152    площадь 1.256E-008  порог 2.379E-008  НИЖЕ ПОРОГА
     780.28 = 688.67+39.52+46.58  Eu-152    площадь 3.298E-009  порог 2.379E-008  НИЖЕ ПОРОГА
    1296.45 = 688.67+39.52+563.99  Eu-152    площадь 1.029E-010  порог 2.379E-008  НИЖЕ ПОРОГА
    1176.50 = 688.67+39.52+443.96  Eu-152    площадь 1.414E-011  порог 2.379E-008  НИЖЕ ПОРОГА
    1028.67 = 688.67+39.52+295.94  Eu-152    площадь 3.598E-012  порог 2.379E-008  НИЖЕ ПОРОГА
    1844.51 = 688.67+39.52+1112.07  Eu-152    площадь 0.000E+000  порог 2.379E-008  НИЖЕ ПОРОГА
    1818.30 = 688.67+39.52+1085.86  Eu-152    площадь 0.000E+000  порог 2.379E-008  НИЖЕ ПОРОГА
    1651.75 = 688.67+39.52+919.33  Eu-152    площадь 5.883E-009  порог 2.379E-008  НИЖЕ ПОРОГА
    1542.86 = 688.67+39.52+810.45  Eu-152    площадь 9.728E-013  порог 2.379E-008  НИЖЕ ПОРОГА
    1176.50 = 688.67+39.52+443.97  Eu-152    площадь 1.220E-010  порог 2.379E-008  НИЖЕ ПОРОГА
    1945.40 = 688.67+39.52+1212.94  Eu-152    площадь 0.000E+000  порог 2.379E-008  НИЖЕ ПОРОГА
    1221.18 = 688.67+39.52+488.68  Eu-152    площадь 0.000E+000  порог 2.379E-008  НИЖЕ ПОРОГА
    2190.15 = 688.67+39.52+1457.64  Eu-152    площадь 0.000E+000  порог 2.379E-008  НИЖЕ ПОРОГА
    2140.50 = 688.67+39.52+1408.01  Eu-152    площадь 0.000E+000  порог 2.379E-008  НИЖЕ ПОРОГА
    1737.70 = 688.67+39.52+1005.27  Eu-152    площадь 0.000E+000  порог 2.379E-008  НИЖЕ ПОРОГА
     977.56 = 688.67+39.52+244.70  Eu-152    площадь 0.000E+000  порог 2.379E-008  НИЖЕ ПОРОГА
    1696.50 = 688.67+39.52+964.08  Eu-152    площадь 0.000E+000  порог 2.379E-008  НИЖЕ ПОРОГА
    1599.79 = 688.67+39.52+867.38  Eu-152    площадь 0.000E+000  порог 2.379E-008  НИЖЕ ПОРОГА
     855.74 = 688.67+40.12+121.78  Eu-152    площадь 5.739E-008  порог 2.379E-008  проходит
    1452.37 = 688.67+40.12+719.35  Eu-152    площадь 1.086E-008  порог 2.379E-008  НИЖЕ ПОРОГА
     773.79 = 688.67+40.12+39.52  Eu-152    площадь 3.654E-008  порог 2.379E-008  проходит
     779.82 = 688.67+40.12+45.52  Eu-152    площадь 2.303E-008  порог 2.379E-008  НИЖЕ ПОРОГА
     780.88 = 688.67+40.12+46.58  Eu-152    площадь 6.047E-009  порог 2.379E-008  НИЖЕ ПОРОГА
    1297.05 = 688.67+40.12+563.99  Eu-152    площадь 1.887E-010  порог 2.379E-008  НИЖЕ ПОРОГА
    1177.10 = 688.67+40.12+443.96  Eu-152    площадь 2.593E-011  порог 2.379E-008  НИЖЕ ПОРОГА
    1029.27 = 688.67+40.12+295.94  Eu-152    площадь 6.598E-012  порог 2.379E-008  НИЖЕ ПОРОГА
    1845.11 = 688.67+40.12+1112.07  Eu-152    площадь 0.000E+000  порог 2.379E-008  НИЖЕ ПОРОГА
    1818.90 = 688.67+40.12+1085.86  Eu-152    площадь 0.000E+000  порог 2.379E-008  НИЖЕ ПОРОГА
    1652.35 = 688.67+40.12+919.33  Eu-152    площадь 1.079E-008  порог 2.379E-008  НИЖЕ ПОРОГА
    1543.46 = 688.67+40.12+810.45  Eu-152    площадь 1.784E-012  порог 2.379E-008  НИЖЕ ПОРОГА
    1177.10 = 688.67+40.12+443.97  Eu-152    площадь 2.237E-010  порог 2.379E-008  НИЖЕ ПОРОГА
    1946.00 = 688.67+40.12+1212.94  Eu-152    площадь 0.000E+000  порог 2.379E-008  НИЖЕ ПОРОГА
    1221.78 = 688.67+40.12+488.68  Eu-152    площадь 0.000E+000  порог 2.379E-008  НИЖЕ ПОРОГА
    2190.75 = 688.67+40.12+1457.64  Eu-152    площадь 0.000E+000  порог 2.379E-008  НИЖЕ ПОРОГА
    2141.10 = 688.67+40.12+1408.01  Eu-152    площадь 0.000E+000  порог 2.379E-008  НИЖЕ ПОРОГА
    1738.30 = 688.67+40.12+1005.27  Eu-152    площадь 0.000E+000  порог 2.379E-008  НИЖЕ ПОРОГА
     978.16 = 688.67+40.12+244.70  Eu-152    площадь 0.000E+000  порог 2.379E-008  НИЖЕ ПОРОГА
    1697.10 = 688.67+40.12+964.08  Eu-152    площадь 0.000E+000  порог 2.379E-008  НИЖЕ ПОРОГА
    1600.39 = 688.67+40.12+867.38  Eu-152    площадь 0.000E+000  порог 2.379E-008  НИЖЕ ПОРОГА
     861.17 = 688.67+45.52+121.78  Eu-152    площадь 1.972E-008  порог 2.379E-008  НИЖЕ ПОРОГА
    1457.80 = 688.67+45.52+719.35  Eu-152    площадь 3.731E-009  порог 2.379E-008  НИЖЕ ПОРОГА
     779.22 = 688.67+45.52+39.52  Eu-152    площадь 1.256E-008  порог 2.379E-008  НИЖЕ ПОРОГА
     779.82 = 688.67+45.52+40.12  Eu-152    площадь 2.303E-008  порог 2.379E-008  НИЖЕ ПОРОГА
     786.30 = 688.67+45.52+46.58  Eu-152    площадь 2.078E-009  порог 2.379E-008  НИЖЕ ПОРОГА
    1302.48 = 688.67+45.52+563.99  Eu-152    площадь 6.484E-011  порог 2.379E-008  НИЖЕ ПОРОГА
    1182.53 = 688.67+45.52+443.96  Eu-152    площадь 8.911E-012  порог 2.379E-008  НИЖЕ ПОРОГА
    1034.70 = 688.67+45.52+295.94  Eu-152    площадь 2.268E-012  порог 2.379E-008  НИЖЕ ПОРОГА
    1850.54 = 688.67+45.52+1112.07  Eu-152    площадь 0.000E+000  порог 2.379E-008  НИЖЕ ПОРОГА
    1824.33 = 688.67+45.52+1085.86  Eu-152    площадь 0.000E+000  порог 2.379E-008  НИЖЕ ПОРОГА
    1657.78 = 688.67+45.52+919.33  Eu-152    площадь 3.707E-009  порог 2.379E-008  НИЖЕ ПОРОГА
    1548.89 = 688.67+45.52+810.45  Eu-152    площадь 6.130E-013  порог 2.379E-008  НИЖЕ ПОРОГА
    1182.53 = 688.67+45.52+443.97  Eu-152    площадь 7.687E-011  порог 2.379E-008  НИЖЕ ПОРОГА
    1951.43 = 688.67+45.52+1212.94  Eu-152    площадь 0.000E+000  порог 2.379E-008  НИЖЕ ПОРОГА
    1227.21 = 688.67+45.52+488.68  Eu-152    площадь 0.000E+000  порог 2.379E-008  НИЖЕ ПОРОГА
    2196.18 = 688.67+45.52+1457.64  Eu-152    площадь 0.000E+000  порог 2.379E-008  НИЖЕ ПОРОГА
    2146.53 = 688.67+45.52+1408.01  Eu-152    площадь 0.000E+000  порог 2.379E-008  НИЖЕ ПОРОГА
    1743.73 = 688.67+45.52+1005.27  Eu-152    площадь 0.000E+000  порог 2.379E-008  НИЖЕ ПОРОГА
     983.59 = 688.67+45.52+244.70  Eu-152    площадь 0.000E+000  порог 2.379E-008  НИЖЕ ПОРОГА
    1702.53 = 688.67+45.52+964.08  Eu-152    площадь 0.000E+000  порог 2.379E-008  НИЖЕ ПОРОГА
    1605.82 = 688.67+45.52+867.38  Eu-152    площадь 0.000E+000  порог 2.379E-008  НИЖЕ ПОРОГА
     862.22 = 688.67+46.58+121.78  Eu-152    площадь 5.179E-009  порог 2.379E-008  НИЖЕ ПОРОГА
    1458.85 = 688.67+46.58+719.35  Eu-152    площадь 9.796E-010  порог 2.379E-008  НИЖЕ ПОРОГА
     780.28 = 688.67+46.58+39.52  Eu-152    площадь 3.297E-009  порог 2.379E-008  НИЖЕ ПОРОГА
     780.88 = 688.67+46.58+40.12  Eu-152    площадь 6.046E-009  порог 2.379E-008  НИЖЕ ПОРОГА
     786.30 = 688.67+46.58+45.52  Eu-152    площадь 2.078E-009  порог 2.379E-008  НИЖЕ ПОРОГА
    1303.53 = 688.67+46.58+563.99  Eu-152    площадь 1.702E-011  порог 2.379E-008  НИЖЕ ПОРОГА
    1183.58 = 688.67+46.58+443.96  Eu-152    площадь 2.340E-012  порог 2.379E-008  НИЖЕ ПОРОГА
    1035.76 = 688.67+46.58+295.94  Eu-152    площадь 5.953E-013  порог 2.379E-008  НИЖЕ ПОРОГА
    1851.59 = 688.67+46.58+1112.07  Eu-152    площадь 0.000E+000  порог 2.379E-008  НИЖЕ ПОРОГА
    1825.38 = 688.67+46.58+1085.86  Eu-152    площадь 0.000E+000  порог 2.379E-008  НИЖЕ ПОРОГА
    1658.83 = 688.67+46.58+919.33  Eu-152    площадь 9.733E-010  порог 2.379E-008  НИЖЕ ПОРОГА
    1549.95 = 688.67+46.58+810.45  Eu-152    площадь 1.610E-013  порог 2.379E-008  НИЖЕ ПОРОГА
    1183.59 = 688.67+46.58+443.97  Eu-152    площадь 2.018E-011  порог 2.379E-008  НИЖЕ ПОРОГА
    1952.48 = 688.67+46.58+1212.94  Eu-152    площадь 0.000E+000  порог 2.379E-008  НИЖЕ ПОРОГА
    1228.26 = 688.67+46.58+488.68  Eu-152    площадь 0.000E+000  порог 2.379E-008  НИЖЕ ПОРОГА
    2197.23 = 688.67+46.58+1457.64  Eu-152    площадь 0.000E+000  порог 2.379E-008  НИЖЕ ПОРОГА
    2147.58 = 688.67+46.58+1408.01  Eu-152    площадь 0.000E+000  порог 2.379E-008  НИЖЕ ПОРОГА
    1744.78 = 688.67+46.58+1005.27  Eu-152    площадь 0.000E+000  порог 2.379E-008  НИЖЕ ПОРОГА
     984.64 = 688.67+46.58+244.70  Eu-152    площадь 0.000E+000  порог 2.379E-008  НИЖЕ ПОРОГА
    1703.58 = 688.67+46.58+964.08  Eu-152    площадь 0.000E+000  порог 2.379E-008  НИЖЕ ПОРОГА
    1606.88 = 688.67+46.58+867.38  Eu-152    площадь 0.000E+000  порог 2.379E-008  НИЖЕ ПОРОГА
    1451.90 = 964.08+39.52+443.97  Eu-152    площадь 5.983E-008  порог 2.379E-008  проходит
    1571.85 = 964.08+39.52+563.99  Eu-152    площадь 8.176E-009  порог 2.379E-008  НИЖЕ ПОРОГА
    1130.53 = 964.08+39.52+121.78  Eu-152    площадь 3.866E-007  порог 2.379E-008  проходит
    1049.19 = 964.08+39.52+40.12  Eu-152    площадь 4.521E-007  порог 2.379E-008  проходит
    1054.62 = 964.08+39.52+45.52  Eu-152    площадь 1.554E-007  порог 2.379E-008  проходит
    1055.67 = 964.08+39.52+46.58  Eu-152    площадь 4.080E-008  порог 2.379E-008  проходит
    1451.89 = 964.08+39.52+443.96  Eu-152    площадь 5.983E-008  порог 2.379E-008  проходит
    1304.06 = 964.08+39.52+295.94  Eu-152    площадь 2.470E-011  порог 2.379E-008  НИЖЕ ПОРОГА
    2119.95 = 964.08+39.52+1112.07  Eu-152    площадь 0.000E+000  порог 2.379E-008  НИЖЕ ПОРОГА
    2093.74 = 964.08+39.52+1085.86  Eu-152    площадь 0.000E+000  порог 2.379E-008  НИЖЕ ПОРОГА
    1927.17 = 964.08+39.52+919.33  Eu-152    площадь 0.000E+000  порог 2.379E-008  НИЖЕ ПОРОГА
    1818.28 = 964.08+39.52+810.45  Eu-152    площадь 6.678E-012  порог 2.379E-008  НИЖЕ ПОРОГА
    2220.85 = 964.08+39.52+1212.94  Eu-152    площадь 0.000E+000  порог 2.379E-008  НИЖЕ ПОРОГА
    1496.58 = 964.08+39.52+488.68  Eu-152    площадь 0.000E+000  порог 2.379E-008  НИЖЕ ПОРОГА
    2465.62 = 964.08+39.52+1457.64  Eu-152    площадь 0.000E+000  порог 2.379E-008  НИЖЕ ПОРОГА
    2415.97 = 964.08+39.52+1408.01  Eu-152    площадь 0.000E+000  порог 2.379E-008  НИЖЕ ПОРОГА
    2013.13 = 964.08+39.52+1005.27  Eu-152    площадь 0.000E+000  порог 2.379E-008  НИЖЕ ПОРОГА
    1252.95 = 964.08+39.52+244.70  Eu-152    площадь 0.000E+000  порог 2.379E-008  НИЖЕ ПОРОГА
    1696.50 = 964.08+39.52+688.67  Eu-152    площадь 0.000E+000  порог 2.379E-008  НИЖЕ ПОРОГА
    1875.21 = 964.08+39.52+867.38  Eu-152    площадь 0.000E+000  порог 2.379E-008  НИЖЕ ПОРОГА
    1452.49 = 964.08+40.12+443.97  Eu-152    площадь 1.097E-007  порог 2.379E-008  проходит
    1572.45 = 964.08+40.12+563.99  Eu-152    площадь 1.499E-008  порог 2.379E-008  НИЖЕ ПОРОГА
    1131.13 = 964.08+40.12+121.78  Eu-152    площадь 7.089E-007  порог 2.379E-008  проходит
    1049.19 = 964.08+40.12+39.52  Eu-152    площадь 4.522E-007  порог 2.379E-008  проходит
    1055.22 = 964.08+40.12+45.52  Eu-152    площадь 2.850E-007  порог 2.379E-008  проходит
    1056.27 = 964.08+40.12+46.58  Eu-152    площадь 7.483E-008  порог 2.379E-008  проходит
    1452.49 = 964.08+40.12+443.96  Eu-152    площадь 1.097E-007  порог 2.379E-008  проходит
    1304.66 = 964.08+40.12+295.94  Eu-152    площадь 4.530E-011  порог 2.379E-008  НИЖЕ ПОРОГА
    2120.55 = 964.08+40.12+1112.07  Eu-152    площадь 0.000E+000  порог 2.379E-008  НИЖЕ ПОРОГА
    2094.33 = 964.08+40.12+1085.86  Eu-152    площадь 0.000E+000  порог 2.379E-008  НИЖЕ ПОРОГА
    1927.77 = 964.08+40.12+919.33  Eu-152    площадь 0.000E+000  порог 2.379E-008  НИЖЕ ПОРОГА
    1818.88 = 964.08+40.12+810.45  Eu-152    площадь 1.225E-011  порог 2.379E-008  НИЖЕ ПОРОГА
    2221.44 = 964.08+40.12+1212.94  Eu-152    площадь 0.000E+000  порог 2.379E-008  НИЖЕ ПОРОГА
    1497.18 = 964.08+40.12+488.68  Eu-152    площадь 0.000E+000  порог 2.379E-008  НИЖЕ ПОРОГА
    2466.22 = 964.08+40.12+1457.64  Eu-152    площадь 0.000E+000  порог 2.379E-008  НИЖЕ ПОРОГА
    2416.57 = 964.08+40.12+1408.01  Eu-152    площадь 0.000E+000  порог 2.379E-008  НИЖЕ ПОРОГА
    2013.73 = 964.08+40.12+1005.27  Eu-152    площадь 0.000E+000  порог 2.379E-008  НИЖЕ ПОРОГА
    1253.54 = 964.08+40.12+244.70  Eu-152    площадь 0.000E+000  порог 2.379E-008  НИЖЕ ПОРОГА
    1697.10 = 964.08+40.12+688.67  Eu-152    площадь 0.000E+000  порог 2.379E-008  НИЖЕ ПОРОГА
    1875.81 = 964.08+40.12+867.38  Eu-152    площадь 0.000E+000  порог 2.379E-008  НИЖЕ ПОРОГА
    1457.92 = 964.08+45.52+443.97  Eu-152    площадь 3.774E-008  порог 2.379E-008  проходит
    1577.88 = 964.08+45.52+563.99  Eu-152    площадь 5.157E-009  порог 2.379E-008  НИЖЕ ПОРОГА
    1136.56 = 964.08+45.52+121.78  Eu-152    площадь 2.438E-007  порог 2.379E-008  проходит
    1054.62 = 964.08+45.52+39.52  Eu-152    площадь 1.555E-007  порог 2.379E-008  проходит
    1055.22 = 964.08+45.52+40.12  Eu-152    площадь 2.852E-007  порог 2.379E-008  проходит
    1061.70 = 964.08+45.52+46.58  Eu-152    площадь 2.574E-008  порог 2.379E-008  проходит
    1457.92 = 964.08+45.52+443.96  Eu-152    площадь 3.774E-008  порог 2.379E-008  проходит
    1310.09 = 964.08+45.52+295.94  Eu-152    площадь 1.558E-011  порог 2.379E-008  НИЖЕ ПОРОГА
    2125.98 = 964.08+45.52+1112.07  Eu-152    площадь 0.000E+000  порог 2.379E-008  НИЖЕ ПОРОГА
    2099.76 = 964.08+45.52+1085.86  Eu-152    площадь 0.000E+000  порог 2.379E-008  НИЖЕ ПОРОГА
    1933.20 = 964.08+45.52+919.33  Eu-152    площадь 0.000E+000  порог 2.379E-008  НИЖЕ ПОРОГА
    1824.31 = 964.08+45.52+810.45  Eu-152    площадь 4.213E-012  порог 2.379E-008  НИЖЕ ПОРОГА
    2226.88 = 964.08+45.52+1212.94  Eu-152    площадь 0.000E+000  порог 2.379E-008  НИЖЕ ПОРОГА
    1502.61 = 964.08+45.52+488.68  Eu-152    площадь 0.000E+000  порог 2.379E-008  НИЖЕ ПОРОГА
    2471.65 = 964.08+45.52+1457.64  Eu-152    площадь 0.000E+000  порог 2.379E-008  НИЖЕ ПОРОГА
    2422.00 = 964.08+45.52+1408.01  Eu-152    площадь 0.000E+000  порог 2.379E-008  НИЖЕ ПОРОГА
    2019.16 = 964.08+45.52+1005.27  Eu-152    площадь 0.000E+000  порог 2.379E-008  НИЖЕ ПОРОГА
    1258.97 = 964.08+45.52+244.70  Eu-152    площадь 0.000E+000  порог 2.379E-008  НИЖЕ ПОРОГА
    1702.53 = 964.08+45.52+688.67  Eu-152    площадь 0.000E+000  порог 2.379E-008  НИЖЕ ПОРОГА
    1881.24 = 964.08+45.52+867.38  Eu-152    площадь 0.000E+000  порог 2.379E-008  НИЖЕ ПОРОГА
    1458.98 = 964.08+46.58+443.97  Eu-152    площадь 9.909E-009  порог 2.379E-008  НИЖЕ ПОРОГА
    1578.93 = 964.08+46.58+563.99  Eu-152    площадь 1.354E-009  порог 2.379E-008  НИЖЕ ПОРОГА
    1137.61 = 964.08+46.58+121.78  Eu-152    площадь 6.403E-008  порог 2.379E-008  проходит
    1055.67 = 964.08+46.58+39.52  Eu-152    площадь 4.084E-008  порог 2.379E-008  проходит
    1056.27 = 964.08+46.58+40.12  Eu-152    площадь 7.488E-008  порог 2.379E-008  проходит
    1061.70 = 964.08+46.58+45.52  Eu-152    площадь 2.574E-008  порог 2.379E-008  проходит
    1458.97 = 964.08+46.58+443.96  Eu-152    площадь 9.909E-009  порог 2.379E-008  НИЖЕ ПОРОГА
    1311.15 = 964.08+46.58+295.94  Eu-152    площадь 4.091E-012  порог 2.379E-008  НИЖЕ ПОРОГА
    2127.04 = 964.08+46.58+1112.07  Eu-152    площадь 0.000E+000  порог 2.379E-008  НИЖЕ ПОРОГА
    2100.82 = 964.08+46.58+1085.86  Eu-152    площадь 0.000E+000  порог 2.379E-008  НИЖЕ ПОРОГА
    1934.26 = 964.08+46.58+919.33  Eu-152    площадь 0.000E+000  порог 2.379E-008  НИЖЕ ПОРОГА
    1825.36 = 964.08+46.58+810.45  Eu-152    площадь 1.106E-012  порог 2.379E-008  НИЖЕ ПОРОГА
    2227.93 = 964.08+46.58+1212.94  Eu-152    площадь 0.000E+000  порог 2.379E-008  НИЖЕ ПОРОГА
    1503.66 = 964.08+46.58+488.68  Eu-152    площадь 0.000E+000  порог 2.379E-008  НИЖЕ ПОРОГА
    2472.70 = 964.08+46.58+1457.64  Eu-152    площадь 0.000E+000  порог 2.379E-008  НИЖЕ ПОРОГА
    2423.05 = 964.08+46.58+1408.01  Eu-152    площадь 0.000E+000  порог 2.379E-008  НИЖЕ ПОРОГА
    2020.21 = 964.08+46.58+1005.27  Eu-152    площадь 0.000E+000  порог 2.379E-008  НИЖЕ ПОРОГА
    1260.03 = 964.08+46.58+244.70  Eu-152    площадь 0.000E+000  порог 2.379E-008  НИЖЕ ПОРОГА
    1703.58 = 964.08+46.58+688.67  Eu-152    площадь 0.000E+000  порог 2.379E-008  НИЖЕ ПОРОГА
    1882.30 = 964.08+46.58+867.38  Eu-152    площадь 0.000E+000  порог 2.379E-008  НИЖЕ ПОРОГА
    1207.36 = 867.38+39.52+295.94  Eu-152    площадь 6.540E-009  порог 2.379E-008  НИЖЕ ПОРОГА
    1327.30 = 867.38+39.52+416.05  Eu-152    площадь 1.181E-009  порог 2.379E-008  НИЖЕ ПОРОГА
    1033.83 = 867.38+39.52+121.78  Eu-152    площадь 1.345E-007  порог 2.379E-008  проходит
    1156.25 = 867.38+39.52+244.70  Eu-152    площадь 2.575E-007  порог 2.379E-008  проходит
     952.49 = 867.38+39.52+40.12  Eu-152    площадь 1.634E-007  порог 2.379E-008  проходит
     957.92 = 867.38+39.52+45.52  Eu-152    площадь 5.616E-008  порог 2.379E-008  проходит
     958.97 = 867.38+39.52+46.58  Eu-152    площадь 1.474E-008  порог 2.379E-008  НИЖЕ ПОРОГА
    1475.15 = 867.38+39.52+563.99  Eu-152    площадь 0.000E+000  порог 2.379E-008  НИЖЕ ПОРОГА
    1355.19 = 867.38+39.52+443.96  Eu-152    площадь 0.000E+000  порог 2.379E-008  НИЖЕ ПОРОГА
    2023.23 = 867.38+39.52+1112.07  Eu-152    площадь 0.000E+000  порог 2.379E-008  НИЖЕ ПОРОГА
    1997.02 = 867.38+39.52+1085.86  Eu-152    площадь 0.000E+000  порог 2.379E-008  НИЖЕ ПОРОГА
    1830.46 = 867.38+39.52+919.33  Eu-152    площадь 0.000E+000  порог 2.379E-008  НИЖЕ ПОРОГА
    1721.57 = 867.38+39.52+810.45  Eu-152    площадь 1.768E-009  порог 2.379E-008  НИЖЕ ПОРОГА
    1355.19 = 867.38+39.52+443.97  Eu-152    площадь 0.000E+000  порог 2.379E-008  НИЖЕ ПОРОГА
    2124.12 = 867.38+39.52+1212.94  Eu-152    площадь 0.000E+000  порог 2.379E-008  НИЖЕ ПОРОГА
    1399.87 = 867.38+39.52+488.68  Eu-152    площадь 0.000E+000  порог 2.379E-008  НИЖЕ ПОРОГА
    2368.89 = 867.38+39.52+1457.64  Eu-152    площадь 0.000E+000  порог 2.379E-008  НИЖЕ ПОРОГА
    2319.24 = 867.38+39.52+1408.01  Eu-152    площадь 0.000E+000  порог 2.379E-008  НИЖЕ ПОРОГА
    1916.41 = 867.38+39.52+1005.27  Eu-152    площадь 0.000E+000  порог 2.379E-008  НИЖЕ ПОРОГА
    1599.79 = 867.38+39.52+688.67  Eu-152    площадь 0.000E+000  порог 2.379E-008  НИЖЕ ПОРОГА
    1875.21 = 867.38+39.52+964.08  Eu-152    площадь 0.000E+000  порог 2.379E-008  НИЖЕ ПОРОГА
    1207.96 = 867.38+40.12+295.94  Eu-152    площадь 1.199E-008  порог 2.379E-008  НИЖЕ ПОРОГА
    1327.90 = 867.38+40.12+416.05  Eu-152    площадь 2.165E-009  порог 2.379E-008  НИЖЕ ПОРОГА
    1034.43 = 867.38+40.12+121.78  Eu-152    площадь 2.467E-007  порог 2.379E-008  проходит
    1156.85 = 867.38+40.12+244.70  Eu-152    площадь 4.723E-007  порог 2.379E-008  проходит
     952.49 = 867.38+40.12+39.52  Eu-152    площадь 1.634E-007  порог 2.379E-008  проходит
     958.52 = 867.38+40.12+45.52  Eu-152    площадь 1.030E-007  порог 2.379E-008  проходит
     959.57 = 867.38+40.12+46.58  Eu-152    площадь 2.704E-008  порог 2.379E-008  проходит
    1475.74 = 867.38+40.12+563.99  Eu-152    площадь 0.000E+000  порог 2.379E-008  НИЖЕ ПОРОГА
    1355.79 = 867.38+40.12+443.96  Eu-152    площадь 0.000E+000  порог 2.379E-008  НИЖЕ ПОРОГА
    2023.83 = 867.38+40.12+1112.07  Eu-152    площадь 0.000E+000  порог 2.379E-008  НИЖЕ ПОРОГА
    1997.61 = 867.38+40.12+1085.86  Eu-152    площадь 0.000E+000  порог 2.379E-008  НИЖЕ ПОРОГА
    1831.06 = 867.38+40.12+919.33  Eu-152    площадь 0.000E+000  порог 2.379E-008  НИЖЕ ПОРОГА
    1722.17 = 867.38+40.12+810.45  Eu-152    площадь 3.243E-009  порог 2.379E-008  НИЖЕ ПОРОГА
    1355.79 = 867.38+40.12+443.97  Eu-152    площадь 0.000E+000  порог 2.379E-008  НИЖЕ ПОРОГА
    2124.72 = 867.38+40.12+1212.94  Eu-152    площадь 0.000E+000  порог 2.379E-008  НИЖЕ ПОРОГА
    1400.47 = 867.38+40.12+488.68  Eu-152    площадь 0.000E+000  порог 2.379E-008  НИЖЕ ПОРОГА
    2369.49 = 867.38+40.12+1457.64  Eu-152    площадь 0.000E+000  порог 2.379E-008  НИЖЕ ПОРОГА
    2319.84 = 867.38+40.12+1408.01  Eu-152    площадь 0.000E+000  порог 2.379E-008  НИЖЕ ПОРОГА
    1917.01 = 867.38+40.12+1005.27  Eu-152    площадь 0.000E+000  порог 2.379E-008  НИЖЕ ПОРОГА
    1600.39 = 867.38+40.12+688.67  Eu-152    площадь 0.000E+000  порог 2.379E-008  НИЖЕ ПОРОГА
    1875.81 = 867.38+40.12+964.08  Eu-152    площадь 0.000E+000  порог 2.379E-008  НИЖЕ ПОРОГА
    1213.39 = 867.38+45.52+295.94  Eu-152    площадь 4.126E-009  порог 2.379E-008  НИЖЕ ПОРОГА
    1333.33 = 867.38+45.52+416.05  Eu-152    площадь 7.448E-010  порог 2.379E-008  НИЖЕ ПОРОГА
    1039.86 = 867.38+45.52+121.78  Eu-152    площадь 8.485E-008  порог 2.379E-008  проходит
    1162.28 = 867.38+45.52+244.70  Eu-152    площадь 1.624E-007  порог 2.379E-008  проходит
     957.92 = 867.38+45.52+39.52  Eu-152    площадь 5.620E-008  порог 2.379E-008  проходит
     958.52 = 867.38+45.52+40.12  Eu-152    площадь 1.031E-007  порог 2.379E-008  проходит
     965.00 = 867.38+45.52+46.58  Eu-152    площадь 9.300E-009  порог 2.379E-008  НИЖЕ ПОРОГА
    1481.17 = 867.38+45.52+563.99  Eu-152    площадь 0.000E+000  порог 2.379E-008  НИЖЕ ПОРОГА
    1361.22 = 867.38+45.52+443.96  Eu-152    площадь 0.000E+000  порог 2.379E-008  НИЖЕ ПОРОГА
    2029.26 = 867.38+45.52+1112.07  Eu-152    площадь 0.000E+000  порог 2.379E-008  НИЖЕ ПОРОГА
    2003.04 = 867.38+45.52+1085.86  Eu-152    площадь 0.000E+000  порог 2.379E-008  НИЖЕ ПОРОГА
    1836.49 = 867.38+45.52+919.33  Eu-152    площадь 0.000E+000  порог 2.379E-008  НИЖЕ ПОРОГА
    1727.60 = 867.38+45.52+810.45  Eu-152    площадь 1.115E-009  порог 2.379E-008  НИЖЕ ПОРОГА
    1361.22 = 867.38+45.52+443.97  Eu-152    площадь 0.000E+000  порог 2.379E-008  НИЖЕ ПОРОГА
    2130.15 = 867.38+45.52+1212.94  Eu-152    площадь 0.000E+000  порог 2.379E-008  НИЖЕ ПОРОГА
    1405.90 = 867.38+45.52+488.68  Eu-152    площадь 0.000E+000  порог 2.379E-008  НИЖЕ ПОРОГА
    2374.92 = 867.38+45.52+1457.64  Eu-152    площадь 0.000E+000  порог 2.379E-008  НИЖЕ ПОРОГА
    2325.27 = 867.38+45.52+1408.01  Eu-152    площадь 0.000E+000  порог 2.379E-008  НИЖЕ ПОРОГА
    1922.44 = 867.38+45.52+1005.27  Eu-152    площадь 0.000E+000  порог 2.379E-008  НИЖЕ ПОРОГА
    1605.82 = 867.38+45.52+688.67  Eu-152    площадь 0.000E+000  порог 2.379E-008  НИЖЕ ПОРОГА
    1881.24 = 867.38+45.52+964.08  Eu-152    площадь 0.000E+000  порог 2.379E-008  НИЖЕ ПОРОГА
    1214.45 = 867.38+46.58+295.94  Eu-152    площадь 1.083E-009  порог 2.379E-008  НИЖЕ ПОРОГА
    1334.38 = 867.38+46.58+416.05  Eu-152    площадь 1.956E-010  порог 2.379E-008  НИЖЕ ПОРОГА
    1040.91 = 867.38+46.58+121.78  Eu-152    площадь 2.228E-008  порог 2.379E-008  НИЖЕ ПОРОГА
    1163.33 = 867.38+46.58+244.70  Eu-152    площадь 4.265E-008  порог 2.379E-008  проходит
     958.97 = 867.38+46.58+39.52  Eu-152    площадь 1.476E-008  порог 2.379E-008  НИЖЕ ПОРОГА
     959.57 = 867.38+46.58+40.12  Eu-152    площадь 2.706E-008  порог 2.379E-008  проходит
     965.00 = 867.38+46.58+45.52  Eu-152    площадь 9.301E-009  порог 2.379E-008  НИЖЕ ПОРОГА
    1482.23 = 867.38+46.58+563.99  Eu-152    площадь 0.000E+000  порог 2.379E-008  НИЖЕ ПОРОГА
    1362.27 = 867.38+46.58+443.96  Eu-152    площадь 0.000E+000  порог 2.379E-008  НИЖЕ ПОРОГА
    2030.31 = 867.38+46.58+1112.07  Eu-152    площадь 0.000E+000  порог 2.379E-008  НИЖЕ ПОРОГА
    2004.10 = 867.38+46.58+1085.86  Eu-152    площадь 0.000E+000  порог 2.379E-008  НИЖЕ ПОРОГА
    1837.54 = 867.38+46.58+919.33  Eu-152    площадь 0.000E+000  порог 2.379E-008  НИЖЕ ПОРОГА
    1728.65 = 867.38+46.58+810.45  Eu-152    площадь 2.929E-010  порог 2.379E-008  НИЖЕ ПОРОГА
    1362.28 = 867.38+46.58+443.97  Eu-152    площадь 0.000E+000  порог 2.379E-008  НИЖЕ ПОРОГА
    2131.21 = 867.38+46.58+1212.94  Eu-152    площадь 0.000E+000  порог 2.379E-008  НИЖЕ ПОРОГА
    1406.96 = 867.38+46.58+488.68  Eu-152    площадь 0.000E+000  порог 2.379E-008  НИЖЕ ПОРОГА
    2375.97 = 867.38+46.58+1457.64  Eu-152    площадь 0.000E+000  порог 2.379E-008  НИЖЕ ПОРОГА
    2326.32 = 867.38+46.58+1408.01  Eu-152    площадь 0.000E+000  порог 2.379E-008  НИЖЕ ПОРОГА
    1923.50 = 867.38+46.58+1005.27  Eu-152    площадь 0.000E+000  порог 2.379E-008  НИЖЕ ПОРОГА
    1606.88 = 867.38+46.58+688.67  Eu-152    площадь 0.000E+000  порог 2.379E-008  НИЖЕ ПОРОГА
    1882.30 = 867.38+46.58+964.08  Eu-152    площадь 0.000E+000  порог 2.379E-008  НИЖЕ ПОРОГА

=== перечень сумм-пиков и раскладка CF (F25) ===

компонент: Co-60

Coincidence sum peaks — площади на распад родителя цепочки
(площадь уже с обеими пиковыми эффективностями и с множителем
 выживания третьего кванта S_ij; второй раз эффективность не применять)

   E сумм, кэВ        слагаемые, кэВ         нуклид        площадь
      2507.38   1173.23+1332.49         Co-60        8.5049E-005

  срез Co-60: в образе 1 сумм из 1 кандидатов — 100.00 % их площади (правило 99 % Σ, не более 96); срезано 0 (Σ 0.00E+000); подпороговых (SumPeakFloor) 4 (Σ 4.03E-020, 0.00 % всего посчитанного); в образе 100.00 % всего посчитанного

  посчитано, но в образ НЕ идёт (4: срез 99 % Σ площади нуклида, не более 96, и порог SumPeakFloor):
      1182.83   1173.23+8.30            Co-60        2.1342E-020  (не в образе: порог)
      1342.10   1332.49+8.30            Co-60        1.8968E-020  (не в образе: порог)
      1181.88   1173.23+7.46            Co-60        1.0642E-023  (не в образе: порог)
      1341.15   1332.49+7.46            Co-60        9.4802E-024  (не в образе: порог)

Раскладка CF по линиям (A_ист = A_набл · CF)
вынос — партнёр задел кристалл; влёт — сумма пары попала в окно линии

     E, кэВ   нуклид          CF     вынос     влёт   прямая площадь
    1173.23   Co-60         1.0302    0.0293   0.0000    9.8867E-003
    1332.49   Co-60         1.0315    0.0305   0.0000    8.7669E-003

компонент: Y-88

Coincidence sum peaks — площади на распад родителя цепочки
(площадь уже с обеими пиковыми эффективностями и с множителем
 выживания третьего кванта S_ij; второй раз эффективность не применять)

   E сумм, кэВ        слагаемые, кэВ         нуклид        площадь
      2735.82   898.04+1836.06          Y-88         7.6740E-005
       915.99   898.04+15.90            Y-88         1.4847E-006
       914.05   898.04+14.10            Y-88         1.4751E-006

  срез Y-88: в образе 3 сумм из 5 кандидатов — 99.98 % их площади (правило 99 % Σ, не более 96); срезано 2 (Σ 1.96E-008); подпороговых (SumPeakFloor) 3 (Σ 2.14E-006, 2.61 % всего посчитанного); в образе 97.36 % всего посчитанного

  посчитано, но в образ НЕ идёт (5: срез 99 % Σ площади нуклида, не более 96, и порог SumPeakFloor):
      1854.01   1836.06+15.90           Y-88         7.8884E-007  (не в образе: порог)
      1852.08   1836.06+14.10           Y-88         7.7772E-007  (не в образе: порог)
      2348.72   1836.06+511.00          Y-88         5.7347E-007  (не в образе: порог)
      2753.77   898.04+1836.06+15.90    Y-88         9.7883E-009  (не в образе: срез)
      2751.84   898.04+1836.06+14.10    Y-88         9.7715E-009  (не в образе: срез)

Раскладка CF по линиям (A_ист = A_набл · CF)
вынос — партнёр задел кристалл; влёт — сумма пары попала в окно линии

     E, кэВ   нуклид          CF     вынос     влёт   прямая площадь
     898.04   Y-88          1.0278    0.0270   0.0000    1.1970E-002
    1836.06   Y-88          1.0329    0.0319   0.0000    6.4003E-003

компонент: Cs-134

Coincidence sum peaks — площади на распад родителя цепочки
(площадь уже с обеими пиковыми эффективностями и с множителем
 выживания третьего кванта S_ij; второй раз эффективность не применять)

   E сумм, кэВ        слагаемые, кэВ         нуклид        площадь
      1402.03   795.80+604.72           Cs-134       2.2947E-004
      1175.61   569.33+604.72           Cs-134       5.6115E-005
      1366.65   569.33+795.80           Cs-134       4.2883E-005
      1169.52   563.25+604.72           Cs-134       3.0774E-005
      1366.67   801.90+563.25           Cs-134       1.9971E-005
      1408.13   801.90+604.72           Cs-134       1.8564E-005
      1040.22   475.35+563.25           Cs-134       5.6018E-006
      1081.68   475.35+604.72           Cs-134       5.2214E-006
      1971.41   1365.13+604.72          Cs-134       4.8765E-006
      1971.28   801.90+1167.86          Cs-134       2.1490E-006

  срез Cs-134: в образе 10 сумм из 13 кандидатов — 99.39 % их площади (правило 99 % Σ, не более 96); срезано 3 (Σ 2.55E-006); подпороговых (SumPeakFloor) 37 (Σ 8.26E-006, 1.94 % всего посчитанного); в образе 97.47 % всего посчитанного

  посчитано, но в образ НЕ идёт (40: срез 99 % Σ площади нуклида, не более 96, и порог SumPeakFloor):
      1644.73   1038.50+604.72          Cs-134       2.0532E-006  (не в образе: срез)
       639.57   604.72+32.19            Cs-134       1.5042E-006  (не в образе: порог)
       830.65   795.80+32.19            Cs-134       1.4888E-006  (не в образе: порог)
       639.19   604.72+31.82            Cs-134       8.0224E-007  (не в образе: порог)
       830.26   795.80+31.82            Cs-134       7.9417E-007  (не в образе: порог)
      1644.79   475.35+1167.86          Cs-134       6.1760E-007  (не в образе: порог)
       604.19   569.33+32.19            Cs-134       4.6152E-007  (не в образе: порог)
       643.92   604.72+36.48            Cs-134       4.0456E-007  (не в образе: порог)
       834.99   795.80+36.48            Cs-134       4.0003E-007  (не в образе: порог)
      1972.94   563.25+604.72+801.90    Cs-134       3.8758E-007  (не в образе: срез)
       598.11   563.25+32.19            Cs-134       3.0540E-007  (не в образе: порог)
       603.81   569.33+31.82            Cs-134       2.4611E-007  (не в образе: порог)
       836.75   801.90+32.19            Cs-134       2.1190E-007  (не в образе: порог)
       597.72   563.25+31.82            Cs-134       1.6285E-007  (не в образе: порог)
       608.53   569.33+36.48            Cs-134       1.2416E-007  (не в образе: порог)
       836.37   801.90+31.82            Cs-134       1.1303E-007  (не в образе: порог)
      1646.45   475.35+563.25+604.72    Cs-134       1.0919E-007  (не в образе: срез)
       644.70   604.72+37.26            Cs-134       1.0426E-007  (не в образе: порог)
       835.78   795.80+37.26            Cs-134       1.0312E-007  (не в образе: порог)
       602.45   563.25+36.48            Cs-134       8.2163E-008  (не в образе: порог)
       510.21   475.35+32.19            Cs-134       5.9904E-008  (не в образе: порог)
       841.09   801.90+36.48            Cs-134       5.6934E-008  (не в образе: порог)
       609.32   569.33+37.26            Cs-134       3.1994E-008  (не в образе: порог)
       509.83   475.35+31.82            Cs-134       3.1948E-008  (не в образе: порог)
      1399.97   1365.13+32.19           Cs-134       2.4901E-008  (не в образе: порог)
       603.23   563.25+37.26            Cs-134       2.1171E-008  (не в образе: порог)
      1202.70   1167.86+32.19           Cs-134       1.6313E-008  (не в образе: порог)
       514.56   475.35+36.48            Cs-134       1.6105E-008  (не в образе: порог)
       841.87   801.90+37.26            Cs-134       1.4677E-008  (не в образе: порог)
      1399.59   1365.13+31.82           Cs-134       1.3280E-008  (не в образе: порог)
      1073.34   1038.50+32.19           Cs-134       1.0485E-008  (не в образе: порог)
      1202.32   1167.86+31.82           Cs-134       8.6998E-009  (не в образе: порог)
      1404.32   1365.13+36.48           Cs-134       6.6959E-009  (не в образе: порог)
      1072.96   1038.50+31.82           Cs-134       5.5923E-009  (не в образе: порог)
      1207.05   1167.86+36.48           Cs-134       4.3876E-009  (не в образе: порог)
       515.34   475.35+37.26            Cs-134       4.1505E-009  (не в образе: порог)
      1077.69   1038.50+36.48           Cs-134       2.8203E-009  (не в образе: порог)
      1405.10   1365.13+37.26           Cs-134       1.7253E-009  (не в образе: порог)
      1207.83   1167.86+37.26           Cs-134       1.1308E-009  (не в образе: порог)
      1078.47   1038.50+37.26           Cs-134       7.2699E-010  (не в образе: порог)

Раскладка CF по линиям (A_ист = A_набл · CF)
вынос — партнёр задел кристалл; влёт — сумма пары попала в окно линии

     E, кэВ   нуклид          CF     вынос     влёт   прямая площадь
      31.82   Cs-134        1.0533    0.0506   0.0000    9.3479E-005
      32.19   Cs-134        1.0533    0.0506   0.0000    1.7525E-004
      36.48   Cs-134        1.0533    0.0506   0.0000    4.7105E-005
      37.26   Cs-134        1.0533    0.0506   0.0000    1.2142E-005
     475.37   Cs-134        1.0720    0.0671   0.0000    3.5150E-004
     563.25   Cs-134        1.0773    0.0718   0.0000    1.6986E-003
     569.33   Cs-134        1.0766    0.0711   0.0000    3.0945E-003
     604.72   Cs-134        1.0454    0.0434   0.0000    1.8405E-002
     795.86   Cs-134        1.0467    0.0446   0.0000    1.2268E-002
     801.95   Cs-134        1.0720    0.0671   0.0000    1.2445E-003
    1038.61   Cs-134        1.0393    0.0379   0.0000    1.1007E-004
    1167.97   Cs-134        1.0365    0.0353   0.0000    1.7896E-004
    1365.19   Cs-134        1.0393    0.0379   0.0000    2.6041E-004

компонент: Eu-152

Coincidence sum peaks — площади на распад родителя цепочки
(площадь уже с обеими пиковыми эффективностями и с множителем
 выживания третьего кванта S_ij; второй раз эффективность не применять)

   E сумм, кэВ        слагаемые, кэВ         нуклид        площадь
       164.86   121.78+40.12            Eu-152       2.3786E-004
       164.26   121.78+39.52            Eu-152       1.2846E-004
       170.31   121.78+45.52            Eu-152       8.0668E-005
       369.14   244.70+121.78           Eu-152       7.7583E-005
       287.66   244.70+40.12            Eu-152       6.5392E-005
      1124.90   778.90+344.28           Eu-152       6.0208E-005
      1532.21   1408.01+121.78          Eu-152       4.3168E-005
      1088.27   964.08+121.78           Eu-152       4.2613E-005
      1450.86   1408.01+40.12           Eu-152       3.6275E-005
      1006.93   964.08+40.12            Eu-152       3.5889E-005
       287.06   244.70+39.52            Eu-152       3.5192E-005
      1236.26   1112.07+121.78          Eu-152       3.5048E-005
      1154.92   1112.07+40.12           Eu-152       2.9437E-005
       293.10   244.70+45.52            Eu-152       2.2038E-005
       171.36   121.78+46.58            Eu-152       2.1071E-005
      1113.99   867.38+244.70           Eu-152       1.9850E-005
      1450.26   1408.01+39.52           Eu-152       1.9528E-005
      1006.33   964.08+39.52            Eu-152       1.9312E-005
       757.26   411.12+344.28           Eu-152       1.9139E-005
      1128.71   1085.86+40.12           Eu-152       1.6708E-005
      1154.33   1112.07+39.52           Eu-152       1.5843E-005
       991.57   867.38+121.78           Eu-152       1.3105E-005
       486.85   443.97+40.12            Eu-152       1.3057E-005
      1456.29   1408.01+45.52           Eu-152       1.2200E-005
      1012.36   964.08+45.52            Eu-152       1.2108E-005
       910.23   867.38+40.12            Eu-152       1.1745E-005
       568.24   443.97+121.78           Eu-152       1.0296E-005
      1160.35   1112.07+45.52           Eu-152       9.9216E-006
      1128.11   1085.86+39.52           Eu-152       9.0251E-006
       713.98   367.79+344.28           Eu-152       8.0483E-006
       486.25   443.97+39.52            Eu-152       7.0381E-006
       780.73   367.79+411.12           Eu-152       6.8855E-006
       909.63   867.38+39.52            Eu-152       6.3149E-006
      1435.72   1089.73+344.28          Eu-152       5.8130E-006
       294.16   244.70+46.58            Eu-152       5.7448E-006
      1134.14   1085.86+45.52           Eu-152       5.6627E-006
      1459.56   1212.94+244.70          Eu-152       4.8279E-006
      1645.14   1299.14+344.28          Eu-152       4.6461E-006
      1409.64   443.97+964.08           Eu-152       4.6156E-006
       492.29   443.97+45.52            Eu-152       4.4090E-006
       915.66   867.38+45.52            Eu-152       3.9575E-006
       420.31   295.94+121.78           Eu-152       3.9381E-006
       812.88   688.67+121.78           Eu-152       3.4426E-006
       338.87   295.94+40.12            Eu-152       3.3648E-006
      1337.14   1212.94+121.78          Eu-152       3.2047E-006
      1013.42   964.08+46.58            Eu-152       3.1566E-006
      1531.43   443.97+1085.86          Eu-152       3.0215E-006
       690.69   443.96+244.70           Eu-152       2.9618E-006
       731.53   688.67+40.12            Eu-152       2.8876E-006
      1255.79   1212.94+40.12           Eu-152       2.8782E-006
       932.30   586.27+344.28           Eu-152       2.7722E-006
      1251.88   1005.27+244.70          Eu-152       2.6307E-006
      1161.41   1112.07+46.58           Eu-152       2.5863E-006
      1024.63   678.62+344.28           Eu-152       2.4050E-006
       612.93   488.68+121.78           Eu-152       2.3033E-006
       824.66   778.90+43.00            Eu-152       2.2427E-006
       207.28   121.78+39.52+40.12      Eu-152       2.1915E-006
      1091.38   678.62+411.12           Eu-152       2.0464E-006
       531.56   488.68+40.12            Eu-152       1.9697E-006
       568.23   443.96+121.78           Eu-152       1.9426E-006
       338.27   295.94+39.52            Eu-152       1.8104E-006
       606.86   563.99+40.12            Eu-152       1.7877E-006
       486.85   443.96+40.12            Eu-152       1.7370E-006
      1129.47   1005.27+121.78          Eu-152       1.7366E-006
       213.32   121.78+40.12+45.52      Eu-152       1.3815E-006
       412.04   244.70+121.78+40.12     Eu-152       1.3181E-006
       330.00   244.70+39.52+40.12      Eu-152       8.4120E-007
       212.72   121.78+39.52+45.52      Eu-152       7.5331E-007
      1575.06   1408.01+121.78+40.12    Eu-152       7.0615E-007
      1131.13   964.08+121.78+40.12     Eu-152       7.0433E-007
      1279.12   1112.07+121.78+40.12    Eu-152       5.7441E-007

  срез Eu-152: в образе 71 сумм из 173 кандидатов — 99.04 % их площади (правило 99 % Σ, не более 96); срезано 102 (Σ 1.25E-005); подпороговых (SumPeakFloor) 86 (Σ 4.93E-005, 3.66 % всего посчитанного); в образе 95.41 % всего посчитанного

  посчитано, но в образ НЕ идёт (188: срез 99 % Σ площади нуклида, не более 96, и порог SumPeakFloor):
      1048.13   1005.27+40.12           Eu-152       1.5598E-006  (не в образе: порог)
       730.93   688.67+39.52            Eu-152       1.5541E-006  (не в образе: порог)
      1255.20   1212.94+39.52           Eu-152       1.5478E-006  (не в образе: порог)
      1135.20   1085.86+46.58           Eu-152       1.4790E-006  (не в образе: порог)
       542.82   295.94+244.70           Eu-152       1.3563E-006  (не в образе: порог)
      1043.52   919.33+121.78           Eu-152       1.2787E-006  (не в образе: порог)
      1172.93   926.32+244.70           Eu-152       1.2234E-006  (не в образе: порог)
      1409.80   295.94+1112.07          Eu-152       1.2140E-006  (не в образе: порог)
       493.34   443.97+46.58            Eu-152       1.1502E-006  (не в образе: порог)
       962.18   919.33+40.12            Eu-152       1.0812E-006  (не в образе: порог)
       530.96   488.68+39.52            Eu-152       1.0599E-006  (не в образе: порог)
       390.09   344.28+43.00            Eu-152       1.0418E-006  (не в образе: порог)
       916.72   867.38+46.58            Eu-152       1.0313E-006  (не в образе: порог)
      1110.89   764.90+344.28           Eu-152       1.0191E-006  (не в образе: порог)
      1581.84   1457.64+121.78          Eu-152       9.9773E-007  (не в образе: порог)
       843.56   719.35+121.78           Eu-152       9.8784E-007  (не в образе: порог)
       736.96   688.67+45.52            Eu-152       9.7345E-007  (не в образе: порог)
      1261.22   1212.94+45.52           Eu-152       9.6812E-007  (не в образе: порог)
       735.38   488.68+244.70           Eu-152       9.6606E-007  (не в образе: порог)
       606.26   563.99+39.52            Eu-152       9.6374E-007  (не в образе: порог)
       486.25   443.96+39.52            Eu-152       9.3405E-007  (не в образе: порог)
       849.55   503.47+344.28           Eu-152       9.0476E-007  (не в образе: порог)
       903.12   656.49+244.70           Eu-152       8.8941E-007  (не в образе: порог)
      1047.53   1005.27+39.52           Eu-152       8.3866E-007  (не в образе: порог)
      1500.50   1457.64+40.12           Eu-152       8.3837E-007  (не в образе: порог)
       456.91   411.12+43.00            Eu-152       8.1122E-007  (не в образе: порог)
      1050.51   926.32+121.78           Eu-152       8.1020E-007  (не в образе: порог)
      1409.57   488.68+919.33           Eu-152       7.9745E-007  (не в образе: порог)
      1020.68   674.68+344.28           Eu-152       7.7967E-007  (не в образе: порог)
       540.33   416.05+121.78           Eu-152       7.1224E-007  (не в образе: порог)
       853.31   810.45+40.12            Eu-152       6.8337E-007  (не в образе: порог)
       536.99   488.68+45.52            Eu-152       6.6308E-007  (не в образе: порог)
      1529.59   563.99+964.08           Eu-152       6.2616E-007  (не в образе: порог)
       612.29   563.99+45.52            Eu-152       6.0285E-007  (не в образе: порог)
       780.70   656.49+121.78           Eu-152       5.8771E-007  (не в образе: порог)
       492.28   443.96+45.52            Eu-152       5.8451E-007  (не в образе: порог)
       961.59   919.33+39.52            Eu-152       5.8177E-007  (не в образе: порог)
       453.76   329.43+121.78           Eu-152       5.7114E-007  (не в образе: порог)
      1238.19   244.70+121.78+867.38    Eu-152       5.5818E-007  (не в образе: срез)
       965.76   841.57+121.78           Eu-152       5.3679E-007  (не в образе: порог)
      1652.31   1528.10+121.78          Eu-152       5.3325E-007  (не в образе: порог)
       336.03   244.70+40.12+45.52      Eu-152       5.3021E-007  (не в образе: срез)
      1053.56   1005.27+45.52           Eu-152       5.2551E-007  (не в образе: порог)
      1091.33   503.47+586.27           Eu-152       4.8986E-007  (не в образе: порог)
       413.59   367.79+43.00            Eu-152       4.8673E-007  (не в образе: порог)
      1156.85   867.38+244.70+40.12     Eu-152       4.7055E-007  (не в образе: срез)
      1409.51   719.35+688.67           Eu-152       4.5972E-007  (не в образе: порог)
       417.48   244.70+121.78+45.52     Eu-152       4.5309E-007  (не в образе: срез)
      1165.11   295.94+867.38           Eu-152       4.5216E-007  (не в образе: порог)
      1049.19   964.08+39.52+40.12      Eu-152       4.5213E-007  (не в образе: срез)
      1499.90   1457.64+39.52           Eu-152       4.5134E-007  (не в образе: порог)
      1493.12   1408.01+39.52+40.12     Eu-152       4.5115E-007  (не в образе: срез)
      1374.13   1249.93+121.78          Eu-152       4.3368E-007  (не в образе: порог)
      1262.46   674.68+586.27           Eu-152       4.2426E-007  (не в образе: порог)
      1164.93   488.68+674.68           Eu-152       4.1588E-007  (не в образе: порог)
      1651.38   563.99+1085.86          Eu-152       4.0879E-007  (не в образе: порог)
      1574.46   1408.01+121.78+39.52    Eu-152       3.8508E-007  (не в образе: срез)
      1130.53   964.08+121.78+39.52     Eu-152       3.8409E-007  (не в образе: срез)
       852.71   810.45+39.52            Eu-152       3.6911E-007  (не в образе: порог)
      1197.18   1112.07+39.52+40.12     Eu-152       3.6690E-007  (не в образе: срез)
       967.61   919.33+45.52            Eu-152       3.6473E-007  (не в образе: порог)
       214.38   121.78+40.12+46.58      Eu-152       3.6271E-007  (не в образе: срез)
       965.98   719.35+244.70           Eu-152       3.4813E-007  (не в образе: порог)
       690.66   566.43+121.78           Eu-152       3.3945E-007  (не в образе: порог)
       921.31   674.68+244.70           Eu-152       3.3841E-007  (не в образе: порог)
      1172.72   329.43+841.57           Eu-152       3.1749E-007  (не в образе: порог)
      1278.52   1112.07+121.78+39.52    Eu-152       3.1324E-007  (не в образе: срез)
       345.36   295.94+46.58            Eu-152       2.9568E-007  (не в образе: порог)
       335.43   244.70+39.52+45.52      Eu-152       2.8915E-007  (не в образе: срез)
      1055.22   964.08+40.12+45.52      Eu-152       2.8502E-007  (не в образе: срез)
      1499.15   1408.01+40.12+45.52     Eu-152       2.8429E-007  (не в образе: срез)
      1505.93   1457.64+45.52           Eu-152       2.8186E-007  (не в образе: порог)
       690.69   443.97+244.70           Eu-152       2.5713E-007  (не в образе: порог)
      1156.25   867.38+244.70+39.52     Eu-152       2.5660E-007  (не в образе: срез)
       738.02   688.67+46.58            Eu-152       2.5377E-007  (не в образе: порог)
      1262.28   1212.94+46.58           Eu-152       2.5222E-007  (не в образе: порог)
      1034.43   867.38+121.78+40.12     Eu-152       2.4633E-007  (не в образе: срез)
       662.80   416.05+244.70           Eu-152       2.4376E-007  (не в образе: порог)
      1580.49   1408.01+121.78+45.52    Eu-152       2.4273E-007  (не в образе: срез)
      1136.56   964.08+121.78+45.52     Eu-152       2.4210E-007  (не в образе: срез)
      1294.54   329.43+963.39           Eu-152       2.3572E-007  (не в образе: порог)
      1164.91   719.35+443.96           Eu-152       2.3515E-007  (не в образе: порог)
       858.74   810.45+45.52            Eu-152       2.3180E-007  (не в образе: порог)
      1203.21   1112.07+40.12+45.52     Eu-152       2.3126E-007  (не в образе: срез)
      1126.73   367.79+344.28+411.12    Eu-152       2.2781E-007  (не в образе: срез)
      1529.74   416.05+1112.07          Eu-152       2.2031E-007  (не в образе: порог)
      1135.48   1089.73+43.00           Eu-152       2.1753E-007  (не в образе: порог)
       213.78   121.78+39.52+46.58      Eu-152       1.9778E-007  (не в образе: срез)
      1284.55   1112.07+121.78+45.52    Eu-152       1.9745E-007  (не в образе: срез)
      1409.52   566.43+841.57           Eu-152       1.8855E-007  (не в образе: порог)
      1344.89   1299.14+43.00           Eu-152       1.7308E-007  (не в образе: порог)
       538.05   488.68+46.58            Eu-152       1.7281E-007  (не в образе: порог)
       952.49   867.38+39.52+40.12      Eu-152       1.6338E-007  (не в образе: срез)
      1162.28   867.38+244.70+45.52     Eu-152       1.6174E-007  (не в образе: срез)
       613.35   563.99+46.58            Eu-152       1.5724E-007  (не в образе: порог)
      1054.62   964.08+39.52+45.52      Eu-152       1.5541E-007  (не в образе: срез)
      1498.55   1408.01+39.52+45.52     Eu-152       1.5508E-007  (не в образе: срез)
       493.34   443.96+46.58            Eu-152       1.5229E-007  (не в образе: порог)
      1531.28   719.35+810.45           Eu-152       1.5092E-007  (не в образе: порог)
      1170.97   1085.86+39.52+40.12     Eu-152       1.4808E-007  (не в образе: срез)
       635.25   121.78+511.00           Eu-152       1.4721E-007  (не в образе: порог)
       724.38   678.62+43.00            Eu-152       1.4518E-007  (не в образе: порог)
       337.09   244.70+40.12+46.58      Eu-152       1.3921E-007  (не в образе: срез)
      1531.34   566.43+963.39           Eu-152       1.3921E-007  (не в образе: порог)
      1054.61   1005.27+46.58           Eu-152       1.3694E-007  (не в образе: порог)
      1583.76   244.70+121.78+1212.94   Eu-152       1.3603E-007  (не в образе: срез)
      1033.83   867.38+121.78+39.52     Eu-152       1.3433E-007  (не в образе: срез)
      1533.84   443.97+121.78+964.08    Eu-152       1.2970E-007  (не в образе: срез)
      1202.61   1112.07+39.52+45.52     Eu-152       1.2612E-007  (не в образе: срез)
       219.83   121.78+45.52+46.58      Eu-152       1.2476E-007  (не в образе: срез)
       418.53   244.70+121.78+46.58     Eu-152       1.1896E-007  (не в образе: срез)
      1502.41   1212.94+244.70+40.12    Eu-152       1.1424E-007  (не в образе: срез)
      1452.49   443.97+964.08+40.12     Eu-152       1.0921E-007  (не в образе: срез)
       632.03   586.27+43.00            Eu-152       1.0355E-007  (не в образе: порог)
       958.52   867.38+40.12+45.52      Eu-152       1.0299E-007  (не в образе: срез)
      1164.92   443.97+719.35           Eu-152       1.0029E-007  (не в образе: порог)
       610.51   443.97+121.78+39.52     Eu-152       9.5429E-008  (не в образе: срез)
       968.67   919.33+46.58            Eu-152       9.5084E-008  (не в образе: порог)
      1177.00   1085.86+40.12+45.52     Eu-152       9.3336E-008  (не в образе: срез)
       535.17   443.97+40.12+45.52      Eu-152       9.3187E-008  (не в образе: срез)
       798.88   674.68+121.78           Eu-152       8.5182E-008  (не в образе: порог)
      1039.86   867.38+121.78+45.52     Eu-152       8.4673E-008  (не в образе: срез)
       814.90   244.70+121.78+443.96    Eu-152       8.3867E-008  (не в образе: срез)
      1285.04   416.05+867.38           Eu-152       8.1427E-008  (не в образе: порог)
       336.49   244.70+39.52+46.58      Eu-152       7.5917E-008  (не в образе: срез)
      1056.27   964.08+40.12+46.58      Eu-152       7.4831E-008  (не в образе: срез)
      1500.20   1408.01+40.12+46.58     Eu-152       7.4642E-008  (не в образе: срез)
      1376.08   244.70+121.78+1005.27   Eu-152       7.3866E-008  (не в образе: срез)
      1506.98   1457.64+46.58           Eu-152       7.3450E-008  (не в образе: порог)
       733.55   443.96+244.70+40.12     Eu-152       7.0609E-008  (не в образе: срез)
       463.20   295.94+121.78+40.12     Eu-152       6.8905E-008  (не в образе: срез)
      1437.37   411.12+344.28+678.62    Eu-152       6.7983E-008  (не в образе: срез)
      1581.55   1408.01+121.78+46.58    Eu-152       6.3729E-008  (не в образе: срез)
      1137.61   964.08+121.78+46.58     Eu-152       6.3565E-008  (не в образе: срез)
      1501.82   1212.94+244.70+39.52    Eu-152       6.2298E-008  (не в образе: срез)
      1294.74   1005.27+244.70+40.12    Eu-152       6.2250E-008  (не в образе: срез)
      1204.26   1112.07+40.12+46.58     Eu-152       6.0717E-008  (не в образе: срез)
       859.79   810.45+46.58            Eu-152       6.0554E-008  (не в образе: порог)
       616.54   443.97+121.78+45.52     Eu-152       6.0152E-008  (не в образе: срез)
      1379.99   1212.94+121.78+40.12    Eu-152       6.0127E-008  (не в образе: срез)
      1451.90   443.97+964.08+39.52     Eu-152       5.9557E-008  (не в образе: срез)
       855.74   688.67+121.78+40.12     Eu-152       5.7315E-008  (не в образе: срез)
       957.92   867.38+39.52+45.52      Eu-152       5.6159E-008  (не в образе: срез)
      1285.60   1112.07+121.78+46.58    Eu-152       5.1839E-008  (не в образе: срез)
      1176.40   1085.86+39.52+45.52     Eu-152       5.0899E-008  (не в образе: срез)
       534.57   443.97+39.52+45.52      Eu-152       5.0821E-008  (не в образе: срез)
      1574.28   443.97+1085.86+40.12    Eu-152       4.9426E-008  (не в образе: срез)
       342.52   244.70+45.52+46.58      Eu-152       4.7832E-008  (не в образе: срез)
       381.18   295.94+39.52+40.12      Eu-152       4.4478E-008  (не в образе: срез)
       700.49   244.70+121.78+329.43    Eu-152       4.2933E-008  (не в образе: срез)
       757.69   244.70+511.00           Eu-152       4.2555E-008  (не в образе: порог)
      1163.33   867.38+244.70+46.58     Eu-152       4.2466E-008  (не в образе: срез)
      1055.67   964.08+39.52+46.58      Eu-152       4.0804E-008  (не в образе: срез)
      1499.60   1408.01+39.52+46.58     Eu-152       4.0716E-008  (не в образе: срез)
       655.80   488.68+121.78+40.12     Eu-152       4.0622E-008  (не в образе: срез)
      1298.05   1212.94+39.52+40.12     Eu-152       3.9950E-008  (не в образе: срез)
       667.06   244.70+121.78+295.94    Eu-152       3.9291E-008  (не в образе: срез)
      1507.84   1212.94+244.70+45.52    Eu-152       3.9269E-008  (не в образе: срез)
       732.95   443.96+244.70+39.52     Eu-152       3.8505E-008  (не в образе: срез)
       462.61   295.94+121.78+39.52     Eu-152       3.7575E-008  (не в образе: срез)
       611.10   443.96+121.78+40.12     Eu-152       3.7033E-008  (не в образе: срез)
       773.79   688.67+39.52+40.12      Eu-152       3.6540E-008  (не в образе: срез)
      1297.12   244.70+121.78+926.32    Eu-152       3.4351E-008  (не в образе: срез)
      1534.00   295.94+121.78+1112.07   Eu-152       3.3978E-008  (не в образе: срез)
      1294.14   1005.27+244.70+39.52    Eu-152       3.3946E-008  (не в образе: срез)
       585.69   295.94+244.70+40.12     Eu-152       3.3296E-008  (не в образе: срез)
      1203.66   1112.07+39.52+46.58     Eu-152       3.3112E-008  (не в образе: срез)
      1379.39   1212.94+121.78+39.52    Eu-152       3.2789E-008  (не в образе: срез)
      1172.32   1005.27+121.78+40.12    Eu-152       3.2596E-008  (не в образе: срез)
       855.14   688.67+121.78+39.52     Eu-152       3.1255E-008  (не в образе: срез)
      1215.78   926.32+244.70+40.12     Eu-152       2.9033E-008  (не в образе: срез)
      1452.66   295.94+1112.07+40.12    Eu-152       2.8725E-008  (не в образе: срез)
       859.59   244.70+121.78+488.68    Eu-152       2.8122E-008  (не в образе: срез)
       387.22   295.94+40.12+45.52      Eu-152       2.8037E-008  (не в образе: срез)
       959.57   867.38+40.12+46.58      Eu-152       2.7040E-008  (не в образе: срез)
      1573.68   443.97+1085.86+39.52    Eu-152       2.6953E-008  (не в образе: срез)
       573.84   488.68+39.52+40.12      Eu-152       2.6203E-008  (не в образе: срез)
       937.30   244.70+121.78+566.43    Eu-152       2.5898E-008  (не в образе: срез)
      1061.70   964.08+45.52+46.58      Eu-152       2.5739E-008  (не в образе: срез)
      1505.63   1408.01+45.52+46.58     Eu-152       2.5592E-008  (не в образе: срез)
      1304.08   1212.94+40.12+45.52     Eu-152       2.5179E-008  (не в образе: срез)
      1027.32   244.70+121.78+656.49    Eu-152       2.5089E-008  (не в образе: срез)
      1178.05   1085.86+40.12+46.58     Eu-152       2.4505E-008  (не в образе: срез)
       529.13   443.96+39.52+40.12      Eu-152       2.4496E-008  (не в образе: срез)
       536.22   443.97+40.12+46.58      Eu-152       2.4466E-008  (не в образе: срез)
       738.98   443.96+244.70+45.52     Eu-152       2.4271E-008  (не в образе: срез)
       731.09   563.99+40.12+121.78     Eu-152       2.3951E-008  (не в образе: срез)
      1284.87   563.99+719.35           Eu-152       1.3786E-008  (не в образе: порог)

Раскладка CF по линиям (A_ист = A_набл · CF)
вынос — партнёр задел кристалл; влёт — сумма пары попала в окно линии

     E, кэВ   нуклид          CF     вынос     влёт   прямая площадь
      39.52   Eu-152        1.0579    0.0547   0.0000    8.2683E-003
      40.12   Eu-152        1.0579    0.0547   0.0000    1.5162E-002
      43.00   Eu-152        1.0593    0.0559   0.0000    1.8594E-004
      45.52   Eu-152        1.0579    0.0547   0.0000    5.2118E-003
      46.58   Eu-152        1.0579    0.0547   0.0000    1.3684E-003
     121.78   Eu-152        1.0832    0.0768   0.0000    1.5834E-002
     244.70   Eu-152        1.1235    0.1099   0.0000    3.2546E-003
     295.94   Eu-152        1.1391    0.1221   0.0000    1.6704E-004
     344.28   Eu-152        1.0275    0.0269   0.0001    8.7042E-003
     367.79   Eu-152        1.0953    0.0870   0.0000    2.6597E-004
     411.12   Eu-152        1.0745    0.0694   0.0000    6.1952E-004
     443.96   Eu-152        1.1567    0.1355   0.0000    8.4206E-005
     488.68   Eu-152        1.1448    0.1265   0.0000    9.8052E-005
     563.99   Eu-152        1.1057    0.0956   0.0000    9.8988E-005
     586.26   Eu-152        1.0703    0.0657   0.0000    8.9358E-005
     678.62   Eu-152        1.0953    0.0870   0.0000    7.9244E-005
     688.67   Eu-152        1.0869    0.0898   0.0099    1.4207E-004
     778.90   Eu-152        1.0481    0.0459   0.0000    1.8985E-003
     810.45   Eu-152        1.0491    0.0476   0.0008    4.5159E-005
     867.38   Eu-152        1.1500    0.1305   0.0000    5.6044E-004
     919.34   Eu-152        1.1222    0.1089   0.0000    5.3358E-005
     964.06   Eu-152        1.0961    0.0877   0.0000    1.7447E-003
    1005.27   Eu-152        1.1483    0.1292   0.0000    7.4165E-005
    1085.84   Eu-152        1.0476    0.0455   0.0000    1.0883E-003
    1089.74   Eu-152        1.0481    0.0459   0.0000    1.8352E-004
    1112.08   Eu-152        1.0916    0.0839   0.0000    1.4210E-003
    1212.95   Eu-152        1.1483    0.1292   0.0000    1.3658E-004
    1299.14   Eu-152        1.0481    0.0459   0.0000    1.4587E-004
    1408.01   Eu-152        1.0899    0.0825   0.0000    1.7469E-003
    1457.64   Eu-152        1.0038    0.0825   0.0787    4.0394E-005

компонент: Xray-NaI

Coincidence sum peaks — площади на распад родителя цепочки
(площадь уже с обеими пиковыми эффективностями и с множителем
 выживания третьего кванта S_ij; второй раз эффективность не применять)

  нет: либо пары не нашлись, либо все суммы попали в окна линий
  (попавшая сумма учтена влётом в CF своей линии — см. ниже)

Раскладка CF по линиям (A_ист = A_набл · CF)
вынос — партнёр задел кристалл; влёт — сумма пары попала в окно линии

  нет линий, сошедшихся с базой совпадений

компонент: Esc-NaI

Coincidence sum peaks — площади на распад родителя цепочки
(площадь уже с обеими пиковыми эффективностями и с множителем
 выживания третьего кванта S_ij; второй раз эффективность не применять)

  нет: либо пары не нашлись, либо все суммы попали в окна линий
  (попавшая сумма учтена влётом в CF своей линии — см. ниже)

Раскладка CF по линиям (A_ист = A_набл · CF)
вынос — партнёр задел кристалл; влёт — сумма пары попала в окно линии

  нет линий, сошедшихся с базой совпадений

компонент: SE-1836

Coincidence sum peaks — площади на распад родителя цепочки
(площадь уже с обеими пиковыми эффективностями и с множителем
 выживания третьего кванта S_ij; второй раз эффективность не применять)

  нет: либо пары не нашлись, либо все суммы попали в окна линий
  (попавшая сумма учтена влётом в CF своей линии — см. ниже)

Раскладка CF по линиям (A_ист = A_набл · CF)
вынос — партнёр задел кристалл; влёт — сумма пары попала в окно линии

  нет линий, сошедшихся с базой совпадений

компонент: DE-1836

Coincidence sum peaks — площади на распад родителя цепочки
(площадь уже с обеими пиковыми эффективностями и с множителем
 выживания третьего кванта S_ij; второй раз эффективность не применять)

  нет: либо пары не нашлись, либо все суммы попали в окна линий
  (попавшая сумма учтена влётом в CF своей линии — см. ниже)

Раскладка CF по линиям (A_ист = A_набл · CF)
вынос — партнёр задел кристалл; влёт — сумма пары попала в окно линии

  нет линий, сошедшихся с базой совпадений

компонент: SE-1332

Coincidence sum peaks — площади на распад родителя цепочки
(площадь уже с обеими пиковыми эффективностями и с множителем
 выживания третьего кванта S_ij; второй раз эффективность не применять)

  нет: либо пары не нашлись, либо все суммы попали в окна линий
  (попавшая сумма учтена влётом в CF своей линии — см. ниже)

Раскладка CF по линиям (A_ист = A_набл · CF)
вынос — партнёр задел кристалл; влёт — сумма пары попала в окно линии

  нет линий, сошедшихся с базой совпадений

компонент: DE-1332

Coincidence sum peaks — площади на распад родителя цепочки
(площадь уже с обеими пиковыми эффективностями и с множителем
 выживания третьего кванта S_ij; второй раз эффективность не применять)

  нет: либо пары не нашлись, либо все суммы попали в окна линий
  (попавшая сумма учтена влётом в CF своей линии — см. ниже)

Раскладка CF по линиям (A_ист = A_набл · CF)
вынос — партнёр задел кристалл; влёт — сумма пары попала в окно линии

  нет линий, сошедшихся с базой совпадений

компонент: SE-1408

Coincidence sum peaks — площади на распад родителя цепочки
(площадь уже с обеими пиковыми эффективностями и с множителем
 выживания третьего кванта S_ij; второй раз эффективность не применять)

  нет: либо пары не нашлись, либо все суммы попали в окна линий
  (попавшая сумма учтена влётом в CF своей линии — см. ниже)

Раскладка CF по линиям (A_ист = A_набл · CF)
вынос — партнёр задел кристалл; влёт — сумма пары попала в окно линии

  нет линий, сошедшихся с базой совпадений

компонент: DE-1408

Coincidence sum peaks — площади на распад родителя цепочки
(площадь уже с обеими пиковыми эффективностями и с множителем
 выживания третьего кванта S_ij; второй раз эффективность не применять)

  нет: либо пары не нашлись, либо все суммы попали в окна линий
  (попавшая сумма учтена влётом в CF своей линии — см. ниже)

Раскладка CF по линиям (A_ист = A_набл · CF)
вынос — партнёр задел кристалл; влёт — сумма пары попала в окно линии

  нет линий, сошедшихся с базой совпадений

компонент: Ann-511

Coincidence sum peaks — площади на распад родителя цепочки
(площадь уже с обеими пиковыми эффективностями и с множителем
 выживания третьего кванта S_ij; второй раз эффективность не применять)

  нет: либо пары не нашлись, либо все суммы попали в окна линий
  (попавшая сумма учтена влётом в CF своей линии — см. ниже)

Раскладка CF по линиям (A_ист = A_набл · CF)
вынос — партнёр задел кристалл; влёт — сумма пары попала в окно линии

  нет линий, сошедшихся с базой совпадений
ПРИМЕЧАНИЕ БАЗЫ: 152EU: доли по схеме уровней у 69 пар из 71 (S176), у 2 осталась доля поставки, носителей без перехода в схеме 0
SETUP	против поставочного разбора изменено [первое плечо]: PileUp True → False

=== случайные наложения ===
загрузка: 2794 имп/с (5.030E+006 отсчётов за 1800 с)
chi2/ndf без наложений 14.027, с наложениями 14.027  (527 мс)

                  без матрицы      матрица   +только CF   +сумм-пики
chi2/ndf               16.830       14.526       14.642       14.027
мс                        435          507          499          526
усиление              1.00000      1.00893      1.00893      1.00791
ноль, каналов            0.00        -0.07        -0.07        -0.04
дрейф на краю           False        False        False        False
пометка                     -          нет           да           да

слой, %           без матрицы      матрица   +только CF   +сумм-пики
Eu-152                  85.99        99.99        99.99        99.99
Backscatter             12.38            -            -            -
Xray-NaI                 1.61            -            -            -
continuum                0.01         0.01         0.01         0.01

=== подслой сумм-пиков (отрисовка) ===
    Eu-152         суммы      53529 из    3774559 отсчётов =   1.4 %

=== остаточные превышения (модель со всем) ===
       125.4 кэВ   избыток     122916     154.2 сигм
        86.5 кэВ   избыток      30391     101.3 сигм
       251.6 кэВ   избыток      33808      78.0 сигм
       349.6 кэВ   избыток      30452      53.2 сигм
       377.5 кэВ   избыток      15198      50.6 сигм
       139.9 кэВ   избыток      15952      46.4 сигм
        13.4 кэВ   избыток       3099      41.8 сигм
      1421.3 кэВ   избыток       7080      28.6 сигм
      1102.8 кэВ   избыток       8982      28.0 сигм
        75.0 кэВ   избыток       5491      25.3 сигм
       275.0 кэВ   избыток       5326      20.5 сигм
       173.2 кэВ   избыток       5671      17.1 сигм
NuclideDefinitionManager за прогон: обращений 0
