прибор: Gamma-1S UDS-GC 63x63 1024 (corpus, поверка 2016)
состав объявлен: Th-228
пиков 14, компонентов 8 (из базы)
    пик     33.5 кэВ  Xray-NaI
    пик     72.0 кэВ  Tl-208
    пик    128.2 кэВ  (без подписи)
    пик    237.7 кэВ  Pb-212
    пик    299.9 кэВ  Pb-212
    пик    377.0 кэВ  (без подписи)
    пик    510.6 кэВ  Tl-208
    пик    587.9 кэВ  Tl-208
    пик    730.7 кэВ  Bi-212
    пик    864.8 кэВ  Tl-208
    пик   1585.9 кэВ  DE-2615
    пик   2121.9 кэВ  SE-2615
    пик   2318.4 кэВ  (без подписи)
    пик   2618.3 кэВ  Tl-208
матрица: есть, отпечаток сошёлся
угловые корреляции (N14): ключ ВЫКЛ; таблица Q_k сцены В МАТРИЦЕ (узлов 140, Q2(662) 0.8755)
кривая света: NaI:Tl

=== поправки по компонентам ===
Th-228         линий 46, сумм-пиков 31
       238.63 кэВ  I  43.600 %   CF 1.0000   пик в образе ×1.0000
      2614.51 кэВ  I  35.852 %   CF 1.0571   пик в образе ×0.9460
       583.19 кэВ  I  30.549 %   CF 1.0461   пик в образе ×0.9559
        77.11 кэВ  I  16.776 %   CF 1.0035   пик в образе ×0.9965
        74.82 кэВ  I  10.027 %   CF 1.0035   пик в образе ×0.9965
       510.77 кэВ  I   8.122 %   CF 1.0692   пик в образе ×0.9353
    ... ещё 20
    сумм-пик   1095.55 кэВ  площадь 3.406E-005 на распад
    сумм-пик   3199.33 кэВ  площадь 2.619E-005 на распад
    сумм-пик    380.00 кэВ  площадь 2.157E-005 на распад
    сумм-пик    862.43 кэВ  площадь 1.679E-005 на распад
    сумм-пик    377.71 кэВ  площадь 1.272E-005 на распад
    сумм-пик    660.87 кэВ  площадь 9.396E-006 на распад
    сумм-пик    417.89 кэВ  площадь 8.662E-006 на распад
    сумм-пик   3126.97 кэВ  площадь 7.829E-006 на распад
    сумм-пик    390.23 кэВ  площадь 7.446E-006 на распад
    сумм-пик    658.71 кэВ  площадь 5.577E-006 на распад
    сумм-пик   2893.85 кэВ  площадь 3.888E-006 на распад
    сумм-пик    670.83 кэВ  площадь 3.287E-006 на распад
    сумм-пик   2692.22 кэВ  площадь 2.763E-006 на распад
    сумм-пик   3476.56 кэВ  площадь 2.686E-006 на распад
    сумм-пик   1514.18 кэВ  площадь 2.480E-006 на распад
    сумм-пик    392.61 кэВ  площадь 2.272E-006 на распад
    сумм-пик    195.34 кэВ  площадь 2.265E-006 на распад
    сумм-пик    765.35 кэВ  площадь 1.931E-006 на распад
    сумм-пик   1347.84 кэВ  площадь 1.850E-006 на распад
    сумм-пик    837.74 кэВ  площадь 1.843E-006 на распад
    сумм-пик   2690.06 кэВ  площадь 1.639E-006 на распад
    сумм-пик    588.46 кэВ  площадь 1.054E-006 на распад
    сумм-пик    673.13 кэВ  площадь 9.934E-007 на распад
    сумм-пик   2702.18 кэВ  площадь 9.684E-007 на распад
    сумм-пик   1807.45 кэВ  площадь 9.304E-007 на распад
    сумм-пик   1622.22 кэВ  площадь 7.494E-007 на распад
    сумм-пик   1680.94 кэВ  площадь 3.106E-007 на распад
    сумм-пик    457.57 кэВ  площадь 2.388E-007 на распад
    сумм-пик    330.88 кэВ  площадь 2.023E-007 на распад
    сумм-пик    495.42 кэВ  площадь 1.442E-007 на распад
    сумм-пик    115.72 кэВ  площадь 1.355E-007 на распад
Xray-NaI       — Xray-I: имя не разбирается
Esc-NaI        — Esc-I: имя не разбирается
SE-2615        — 2615SE: каскадов нет
DE-2615        — 2615DE: каскадов нет
SE-1620        — 1620SE: каскадов нет
DE-1620        — 1620DE: каскадов нет
Ann-511        — 511ANN: каскадов нет

компонентов поправлено 1 из 8, сумм-пиков всего 31
угловые корреляции (N14): пар с A_kk≠0 0
слияний носителей одного ключа (`S165`): 0
третий квант пары (`S177`): пар γ+γ по схеме 40, γ+K по источникам вакансии 41, прежним правилом max 0

=== третьи кванты пары Pb-212 300.09+115.18 (γ+γ по схеме) ===
      E_m, кэВ    P_max(старое)   P_схемы(новое)      ε_T(m)   вклад в S: старое / новое
        74.815    1.99873E-001    1.44064E-004   6.325E-002   0.987358 / 0.999991
        77.108    3.34404E-001    2.41031E-004   6.345E-002   0.978782 / 0.999985
        87.388    1.14546E-001    8.25627E-005   6.335E-002   0.992744 / 0.999995
        89.784    3.50512E-002    2.52642E-005   6.336E-002   0.997779 / 0.999998
  S_ij: старое 0.957265, новое 0.999969, отношение новое/старое 1.044610; третьих 4

=== третьи кванты пары Tl-208 583.19+510.77 (прежнее правило max) ===
      E_m, кэВ    P_max(старое)   P_схемы(новое)      ε_T(m)   вклад в S: старое / новое
       211.400    6.90389E-003    6.90389E-003   5.517E-002   0.999619 / 0.999619
       233.360    1.53784E-003    1.53784E-003   5.331E-002   0.999918 / 0.999918
       252.610    2.68459E-002    2.68459E-002   5.188E-002   0.998607 / 0.998607
       277.358    7.31427E-002    7.31427E-002   5.016E-002   0.996331 / 0.996331
      2614.533    9.97536E-001    9.97536E-001   2.518E-002   0.974883 / 0.974883
       722.040    2.33464E-003    2.33464E-003   3.583E-002   0.999916 / 0.999916
       763.130    2.10454E-002    2.10454E-002   3.521E-002   0.999259 / 0.999259
       927.600    1.51815E-003    1.51815E-003   3.297E-002   0.999950 / 0.999950
       982.700    2.35783E-003    2.35783E-003   3.238E-002   0.999924 / 0.999924
        72.805    1.77875E-002    1.77875E-002   6.297E-002   0.998880 / 0.998880
        74.970    2.98202E-002    2.98202E-002   6.327E-002   0.998113 / 0.998113
        84.986    1.02016E-002    1.02016E-002   6.333E-002   0.999354 / 0.999354
        87.301    3.07793E-003    3.07793E-003   6.335E-002   0.999805 / 0.999805
  S_ij: старое 0.964861, новое 0.964861, отношение новое/старое 1.000000; третьих 13

=== третьи кванты пары Tl-208 583.19+2614.51 (γ+γ по схеме) ===
      E_m, кэВ    P_max(старое)   P_схемы(новое)      ε_T(m)   вклад в S: старое / новое
       211.400    2.01423E-003    2.01423E-003   5.517E-002   0.999889 / 0.999889
       233.360    3.09188E-003    1.53784E-003   5.331E-002   0.999835 / 0.999918
       252.610    7.83237E-003    7.83237E-003   5.188E-002   0.999594 / 0.999594
       277.358    7.31427E-002    7.31427E-002   5.016E-002   0.996331 / 0.996331
       510.770    2.62209E-001    2.62209E-001   4.002E-002   0.989507 / 0.989507
       722.040    2.33464E-003    2.33464E-003   3.583E-002   0.999916 / 0.999916
       763.130    2.10454E-002    2.10454E-002   3.521E-002   0.999259 / 0.999259
       927.600    1.51815E-003    1.51815E-003   3.297E-002   0.999950 / 0.999950
       982.700    2.35783E-003    2.35783E-003   3.238E-002   0.999924 / 0.999924
        72.805    1.95552E-002    1.72207E-002   6.297E-002   0.998769 / 0.998916
        74.970    3.27838E-002    2.88700E-002   6.327E-002   0.997926 / 0.998173
        84.986    1.12155E-002    9.87658E-003   6.333E-002   0.999290 / 0.999375
        87.301    3.38383E-003    2.97986E-003   6.335E-002   0.999786 / 0.999811
       860.564    1.24991E-001    0.00000E+000   3.370E-002   0.995788 / 1.000000
      1093.900    3.98974E-003    0.00000E+000   3.128E-002   0.999875 / 1.000000
  S_ij: старое 0.975859, новое 0.980686, отношение новое/старое 1.004947; третьих 15

=== третьи кванты пары Bi-212 727.33+39.86 (прежнее правило max) ===
      E_m, кэВ    P_max(старое)   P_схемы(новое)      ε_T(m)   вклад в S: старое / новое
       785.370    1.62952E-001    1.62952E-001   3.476E-002   0.994337 / 0.994337
       893.408    5.59048E-002    5.59048E-002   3.337E-002   0.998134 / 0.998134
       952.120    2.46395E-002    2.46395E-002   3.265E-002   0.999196 / 0.999196
      1078.620    8.33692E-002    8.33692E-002   3.140E-002   0.997382 / 0.997382
       288.200    1.24757E-002    1.24757E-002   4.934E-002   0.999384 / 0.999384
       452.800    1.34342E-002    1.34342E-002   4.173E-002   0.999439 / 0.999439
        72.874    5.91018E-003    5.91018E-003   6.298E-002   0.999628 / 0.999628
  S_ij: старое 0.987556, новое 0.987556, отношение новое/старое 1.000000; третьих 7

=== третьи кванты пары Tl-208 2614.51+583.19 (прежнее правило max) ===
      E_m, кэВ    P_max(старое)   P_схемы(новое)      ε_T(m)   вклад в S: старое / новое
       211.400    2.01423E-003    2.01423E-003   5.517E-002   0.999889 / 0.999889
       233.360    3.09188E-003    3.09188E-003   5.331E-002   0.999835 / 0.999835
       252.610    7.83237E-003    7.83237E-003   5.188E-002   0.999594 / 0.999594
       277.358    7.31427E-002    7.31427E-002   5.016E-002   0.996331 / 0.996331
       510.770    2.62209E-001    2.62209E-001   4.002E-002   0.989507 / 0.989507
       722.040    2.33464E-003    2.33464E-003   3.583E-002   0.999916 / 0.999916
       763.130    2.10454E-002    2.10454E-002   3.521E-002   0.999259 / 0.999259
       860.564    1.24991E-001    1.24991E-001   3.370E-002   0.995788 / 0.995788
       927.600    1.51815E-003    1.51815E-003   3.297E-002   0.999950 / 0.999950
       982.700    2.35783E-003    2.35783E-003   3.238E-002   0.999924 / 0.999924
      1093.900    3.98974E-003    3.98974E-003   3.128E-002   0.999875 / 0.999875
        72.805    1.95552E-002    1.95552E-002   6.297E-002   0.998769 / 0.998769
        74.970    3.27838E-002    3.27838E-002   6.327E-002   0.997926 / 0.997926
        84.986    1.12155E-002    1.12155E-002   6.333E-002   0.999290 / 0.999290
        87.301    3.38383E-003    3.38383E-003   6.335E-002   0.999786 / 0.999786
  S_ij: старое 0.975859, новое 0.975859, отношение новое/старое 1.000000; третьих 15

=== тройные суммы: что рассмотрено ===
     411.43 = 240.99+81.07+83.79  Ra-224    площадь 8.501E-019  порог 5.011E-015  НИЖЕ ПОРОГА
     422.47 = 240.99+81.07+94.88  Ra-224    площадь 2.962E-019  порог 5.011E-015  НИЖЕ ПОРОГА
     425.11 = 240.99+81.07+97.53  Ra-224    площадь 9.501E-020  порог 5.011E-015  НИЖЕ ПОРОГА
     411.43 = 240.99+83.79+81.07  Ra-224    площадь 8.501E-019  порог 5.011E-015  НИЖЕ ПОРОГА
     425.17 = 240.99+83.79+94.88  Ra-224    площадь 4.922E-019  порог 5.011E-015  НИЖЕ ПОРОГА
     427.81 = 240.99+83.79+97.53  Ra-224    площадь 1.579E-019  порог 5.011E-015  НИЖЕ ПОРОГА
     422.47 = 240.99+94.88+81.07  Ra-224    площадь 2.961E-019  порог 5.011E-015  НИЖЕ ПОРОГА
     425.17 = 240.99+94.88+83.79  Ra-224    площадь 4.921E-019  порог 5.011E-015  НИЖЕ ПОРОГА
     438.85 = 240.99+94.88+97.53  Ra-224    площадь 5.500E-020  порог 5.011E-015  НИЖЕ ПОРОГА
     425.11 = 240.99+97.53+81.07  Ra-224    площадь 9.497E-020  порог 5.011E-015  НИЖЕ ПОРОГА
     427.81 = 240.99+97.53+83.79  Ra-224    площадь 1.578E-019  порог 5.011E-015  НИЖЕ ПОРОГА
     438.85 = 240.99+97.53+94.88  Ra-224    площадь 5.499E-020  порог 5.011E-015  НИЖЕ ПОРОГА
     495.45 = 300.09+115.18+74.82  Pb-212    площадь 6.763E-011  порог 2.157E-009  НИЖЕ ПОРОГА
     497.73 = 300.09+115.18+77.11  Pb-212    площадь 1.136E-010  порог 2.157E-009  НИЖЕ ПОРОГА
     507.96 = 300.09+115.18+87.39  Pb-212    площадь 3.980E-011  порог 2.157E-009  НИЖЕ ПОРОГА
     510.34 = 300.09+115.18+89.78  Pb-212    площадь 1.221E-011  порог 2.157E-009  НИЖЕ ПОРОГА
     495.45 = 115.18+74.82+300.09  Pb-212    площадь 6.770E-011  порог 2.157E-009  НИЖЕ ПОРОГА
     273.07 = 115.18+74.82+77.11  Pb-212    площадь 9.326E-009  порог 2.157E-009  проходит
     283.31 = 115.18+74.82+87.39  Pb-212    площадь 3.266E-009  порог 2.157E-009  проходит
     285.70 = 115.18+74.82+89.78  Pb-212    площадь 1.002E-009  порог 2.157E-009  НИЖЕ ПОРОГА
     434.09 = 115.18+74.82+238.63  Pb-212    площадь 0.000E+000  порог 2.157E-009  НИЖЕ ПОРОГА
     497.73 = 115.18+77.11+300.09  Pb-212    площадь 1.138E-010  порог 2.157E-009  НИЖЕ ПОРОГА
     273.07 = 115.18+77.11+74.82  Pb-212    площадь 9.326E-009  порог 2.157E-009  проходит
     285.60 = 115.18+77.11+87.39  Pb-212    площадь 5.488E-009  порог 2.157E-009  проходит
     287.99 = 115.18+77.11+89.78  Pb-212    площадь 1.683E-009  порог 2.157E-009  НИЖЕ ПОРОГА
     436.38 = 115.18+77.11+238.63  Pb-212    площадь 0.000E+000  порог 2.157E-009  НИЖЕ ПОРОГА
     507.96 = 115.18+87.39+300.09  Pb-212    площадь 3.985E-011  порог 2.157E-009  НИЖЕ ПОРОГА
     283.31 = 115.18+87.39+74.82  Pb-212    площадь 3.267E-009  порог 2.157E-009  проходит
     285.60 = 115.18+87.39+77.11  Pb-212    площадь 5.488E-009  порог 2.157E-009  проходит
     298.23 = 115.18+87.39+89.78  Pb-212    площадь 5.896E-010  порог 2.157E-009  НИЖЕ ПОРОГА
     446.61 = 115.18+87.39+238.63  Pb-212    площадь 0.000E+000  порог 2.157E-009  НИЖЕ ПОРОГА
     510.34 = 115.18+89.78+300.09  Pb-212    площадь 1.222E-011  порог 2.157E-009  НИЖЕ ПОРОГА
     285.70 = 115.18+89.78+74.82  Pb-212    площадь 1.002E-009  порог 2.157E-009  НИЖЕ ПОРОГА
     287.99 = 115.18+89.78+77.11  Pb-212    площадь 1.683E-009  порог 2.157E-009  НИЖЕ ПОРОГА
     298.23 = 115.18+89.78+87.39  Pb-212    площадь 5.896E-010  порог 2.157E-009  НИЖЕ ПОРОГА
     448.99 = 115.18+89.78+238.63  Pb-212    площадь 0.000E+000  порог 2.157E-009  НИЖЕ ПОРОГА
     495.45 = 300.09+74.82+115.18  Pb-212    площадь 6.769E-011  порог 2.157E-009  НИЖЕ ПОРОГА
     457.57 = 300.09+74.82+77.11  Pb-212    площадь 2.388E-007  порог 2.157E-009  проходит
     467.81 = 300.09+74.82+87.39  Pb-212    площадь 8.365E-008  порог 2.157E-009  проходит
     470.19 = 300.09+74.82+89.78  Pb-212    площадь 2.566E-008  порог 2.157E-009  проходит
     618.44 = 300.09+74.82+238.63  Pb-212    площадь 0.000E+000  порог 2.157E-009  НИЖЕ ПОРОГА
     497.73 = 300.09+77.11+115.18  Pb-212    площадь 1.137E-010  порог 2.157E-009  НИЖЕ ПОРОГА
     457.57 = 300.09+77.11+74.82  Pb-212    площадь 2.389E-007  порог 2.157E-009  проходит
     470.09 = 300.09+77.11+87.39  Pb-212    площадь 1.406E-007  порог 2.157E-009  проходит
     472.47 = 300.09+77.11+89.78  Pb-212    площадь 4.311E-008  порог 2.157E-009  проходит
     620.72 = 300.09+77.11+238.63  Pb-212    площадь 0.000E+000  порог 2.157E-009  НИЖЕ ПОРОГА
     507.96 = 300.09+87.39+115.18  Pb-212    площадь 3.983E-011  порог 2.157E-009  НИЖЕ ПОРОГА
     467.81 = 300.09+87.39+74.82  Pb-212    площадь 8.364E-008  порог 2.157E-009  проходит
     470.09 = 300.09+87.39+77.11  Pb-212    площадь 1.405E-007  порог 2.157E-009  проходит
     482.70 = 300.09+87.39+89.78  Pb-212    площадь 1.510E-008  порог 2.157E-009  проходит
     630.95 = 300.09+87.39+238.63  Pb-212    площадь 0.000E+000  порог 2.157E-009  НИЖЕ ПОРОГА
     510.34 = 300.09+89.78+115.18  Pb-212    площадь 1.221E-011  порог 2.157E-009  НИЖЕ ПОРОГА
     470.19 = 300.09+89.78+74.82  Pb-212    площадь 2.565E-008  порог 2.157E-009  проходит
     472.47 = 300.09+89.78+77.11  Pb-212    площадь 4.309E-008  порог 2.157E-009  проходит
     482.70 = 300.09+89.78+87.39  Pb-212    площадь 1.509E-008  порог 2.157E-009  проходит
     633.33 = 300.09+89.78+238.63  Pb-212    площадь 0.000E+000  порог 2.157E-009  НИЖЕ ПОРОГА
     396.20 = 238.63+74.82+77.11  Pb-212    площадь 1.948E-012  порог 2.157E-009  НИЖЕ ПОРОГА
     406.44 = 238.63+74.82+87.39  Pb-212    площадь 6.825E-013  порог 2.157E-009  НИЖЕ ПОРОГА
     408.82 = 238.63+74.82+89.78  Pb-212    площадь 2.093E-013  порог 2.157E-009  НИЖЕ ПОРОГА
     434.09 = 238.63+74.82+115.18  Pb-212    площадь 0.000E+000  порог 2.157E-009  НИЖЕ ПОРОГА
     618.44 = 238.63+74.82+300.09  Pb-212    площадь 0.000E+000  порог 2.157E-009  НИЖЕ ПОРОГА
     396.20 = 238.63+77.11+74.82  Pb-212    площадь 1.948E-012  порог 2.157E-009  НИЖЕ ПОРОГА
     408.72 = 238.63+77.11+87.39  Pb-212    площадь 1.147E-012  порог 2.157E-009  НИЖЕ ПОРОГА
     411.11 = 238.63+77.11+89.78  Pb-212    площадь 3.517E-013  порог 2.157E-009  НИЖЕ ПОРОГА
     436.38 = 238.63+77.11+115.18  Pb-212    площадь 0.000E+000  порог 2.157E-009  НИЖЕ ПОРОГА
     620.72 = 238.63+77.11+300.09  Pb-212    площадь 0.000E+000  порог 2.157E-009  НИЖЕ ПОРОГА
     406.44 = 238.63+87.39+74.82  Pb-212    площадь 6.824E-013  порог 2.157E-009  НИЖЕ ПОРОГА
     408.72 = 238.63+87.39+77.11  Pb-212    площадь 1.146E-012  порог 2.157E-009  НИЖЕ ПОРОГА
     421.34 = 238.63+87.39+89.78  Pb-212    площадь 1.232E-013  порог 2.157E-009  НИЖЕ ПОРОГА
     446.61 = 238.63+87.39+115.18  Pb-212    площадь 0.000E+000  порог 2.157E-009  НИЖЕ ПОРОГА
     630.95 = 238.63+87.39+300.09  Pb-212    площадь 0.000E+000  порог 2.157E-009  НИЖЕ ПОРОГА
     408.82 = 238.63+89.78+74.82  Pb-212    площадь 2.093E-013  порог 2.157E-009  НИЖЕ ПОРОГА
     411.11 = 238.63+89.78+77.11  Pb-212    площадь 3.516E-013  порог 2.157E-009  НИЖЕ ПОРОГА
     421.34 = 238.63+89.78+87.39  Pb-212    площадь 1.232E-013  порог 2.157E-009  НИЖЕ ПОРОГА
     448.99 = 238.63+89.78+115.18  Pb-212    площадь 0.000E+000  порог 2.157E-009  НИЖЕ ПОРОГА
     633.33 = 238.63+89.78+300.09  Pb-212    площадь 0.000E+000  порог 2.157E-009  НИЖЕ ПОРОГА
     785.52 = 288.20+39.86+452.80  Bi-212    площадь 0.000E+000  порог 2.480E-010  НИЖЕ ПОРОГА
     406.54 = 288.20+39.86+72.87  Bi-212    площадь 0.000E+000  порог 2.480E-010  НИЖЕ ПОРОГА
     785.52 = 452.80+39.86+288.20  Bi-212    площадь 0.000E+000  порог 2.480E-010  НИЖЕ ПОРОГА
     571.03 = 452.80+39.86+72.87  Bi-212    площадь 0.000E+000  порог 2.480E-010  НИЖЕ ПОРОГА
    2409.21 = 785.37+727.33+893.41  Bi-212    площадь 0.000E+000  порог 2.480E-010  НИЖЕ ПОРОГА
    2467.94 = 785.37+727.33+952.12  Bi-212    площадь 0.000E+000  порог 2.480E-010  НИЖЕ ПОРОГА
    2594.49 = 785.37+727.33+1078.62  Bi-212    площадь 0.000E+000  порог 2.480E-010  НИЖЕ ПОРОГА
    2409.21 = 893.41+727.33+785.37  Bi-212    площадь 0.000E+000  порог 2.480E-010  НИЖЕ ПОРОГА
    2576.01 = 893.41+727.33+952.12  Bi-212    площадь 0.000E+000  порог 2.480E-010  НИЖЕ ПОРОГА
    2702.56 = 893.41+727.33+1078.62  Bi-212    площадь 0.000E+000  порог 2.480E-010  НИЖЕ ПОРОГА
    2467.94 = 952.12+727.33+785.37  Bi-212    площадь 0.000E+000  порог 2.480E-010  НИЖЕ ПОРОГА
    2576.01 = 952.12+727.33+893.41  Bi-212    площадь 0.000E+000  порог 2.480E-010  НИЖЕ ПОРОГА
    2761.30 = 952.12+727.33+1078.62  Bi-212    площадь 0.000E+000  порог 2.480E-010  НИЖЕ ПОРОГА
    2594.49 = 1078.62+727.33+785.37  Bi-212    площадь 0.000E+000  порог 2.480E-010  НИЖЕ ПОРОГА
    2702.56 = 1078.62+727.33+893.41  Bi-212    площадь 0.000E+000  порог 2.480E-010  НИЖЕ ПОРОГА
    2761.30 = 1078.62+727.33+952.12  Bi-212    площадь 0.000E+000  порог 2.480E-010  НИЖЕ ПОРОГА
     406.54 = 39.86+72.87+288.20  Bi-212    площадь 0.000E+000  порог 2.480E-010  НИЖЕ ПОРОГА
     571.03 = 39.86+72.87+452.80  Bi-212    площадь 0.000E+000  порог 2.480E-010  НИЖЕ ПОРОГА
     726.44 = 211.40+233.36+277.36  Tl-208    площадь 1.759E-010  порог 3.406E-009  НИЖЕ ПОРОГА
     959.57 = 211.40+233.36+510.77  Tl-208    площадь 0.000E+000  порог 3.406E-009  НИЖЕ ПОРОГА
    1031.95 = 211.40+233.36+583.19  Tl-208    площадь 1.314E-010  порог 3.406E-009  НИЖЕ ПОРОГА
    1309.28 = 211.40+233.36+860.56  Tl-208    площадь 1.171E-010  порог 3.406E-009  НИЖЕ ПОРОГА
    1542.63 = 211.40+233.36+1093.90  Tl-208    площадь 0.000E+000  порог 3.406E-009  НИЖЕ ПОРОГА
    3063.40 = 211.40+233.36+2614.53  Tl-208    площадь 7.158E-011  порог 3.406E-009  НИЖЕ ПОРОГА
     701.75 = 211.40+233.36+252.61  Tl-208    площадь 0.000E+000  порог 3.406E-009  НИЖЕ ПОРОГА
     726.44 = 211.40+277.36+233.36  Tl-208    площадь 1.758E-010  порог 3.406E-009  НИЖЕ ПОРОГА
    1003.46 = 211.40+277.36+510.77  Tl-208    площадь 0.000E+000  порог 3.406E-009  НИЖЕ ПОРОГА
    1075.85 = 211.40+277.36+583.19  Tl-208    площадь 1.296E-010  порог 3.406E-009  НИЖЕ ПОРОГА
    1353.17 = 211.40+277.36+860.56  Tl-208    площадь 0.000E+000  порог 3.406E-009  НИЖЕ ПОРОГА
    1586.52 = 211.40+277.36+1093.90  Tl-208    площадь 0.000E+000  порог 3.406E-009  НИЖЕ ПОРОГА
    3107.27 = 211.40+277.36+2614.53  Tl-208    площадь 3.044E-011  порог 3.406E-009  НИЖЕ ПОРОГА
     745.65 = 211.40+277.36+252.61  Tl-208    площадь 0.000E+000  порог 3.406E-009  НИЖЕ ПОРОГА
     566.59 = 211.40+277.36+72.81  Tl-208    площадь 2.405E-012  порог 3.406E-009  НИЖЕ ПОРОГА
     568.75 = 211.40+277.36+74.97  Tl-208    площадь 4.048E-012  порог 3.406E-009  НИЖЕ ПОРОГА
     578.71 = 211.40+277.36+84.99  Tl-208    площадь 1.418E-012  порог 3.406E-009  НИЖЕ ПОРОГА
     581.02 = 211.40+277.36+87.30  Tl-208    площадь 4.289E-013  порог 3.406E-009  НИЖЕ ПОРОГА
     959.57 = 211.40+510.77+233.36  Tl-208    площадь 0.000E+000  порог 3.406E-009  НИЖЕ ПОРОГА
    1003.46 = 211.40+510.77+277.36  Tl-208    площадь 0.000E+000  порог 3.406E-009  НИЖЕ ПОРОГА
    1308.97 = 211.40+510.77+583.19  Tl-208    площадь 1.131E-008  порог 3.406E-009  проходит
    1586.30 = 211.40+510.77+860.56  Tl-208    площадь 0.000E+000  порог 3.406E-009  НИЖЕ ПОРОГА
    1819.66 = 211.40+510.77+1093.90  Tl-208    площадь 0.000E+000  порог 3.406E-009  НИЖЕ ПОРОГА
    3340.31 = 211.40+510.77+2614.53  Tl-208    площадь 2.658E-009  порог 3.406E-009  НИЖЕ ПОРОГА
     978.77 = 211.40+510.77+252.61  Tl-208    площадь 0.000E+000  порог 3.406E-009  НИЖЕ ПОРОГА
     799.76 = 211.40+510.77+72.81  Tl-208    площадь 2.100E-010  порог 3.406E-009  НИЖЕ ПОРОГА
     801.92 = 211.40+510.77+74.97  Tl-208    площадь 3.535E-010  порог 3.406E-009  НИЖЕ ПОРОГА
     811.88 = 211.40+510.77+84.99  Tl-208    площадь 1.238E-010  порог 3.406E-009  НИЖЕ ПОРОГА
     814.18 = 211.40+510.77+87.30  Tl-208    площадь 3.746E-011  порог 3.406E-009  НИЖЕ ПОРОГА
    1031.95 = 211.40+583.19+233.36  Tl-208    площадь 1.314E-010  порог 3.406E-009  НИЖЕ ПОРОГА
    1075.85 = 211.40+583.19+277.36  Tl-208    площадь 1.296E-010  порог 3.406E-009  НИЖЕ ПОРОГА
    1308.97 = 211.40+583.19+510.77  Tl-208    площадь 1.132E-008  порог 3.406E-009  проходит
    1658.69 = 211.40+583.19+860.56  Tl-208    площадь 0.000E+000  порог 3.406E-009  НИЖЕ ПОРОГА
    1892.06 = 211.40+583.19+1093.90  Tl-208    площадь 0.000E+000  порог 3.406E-009  НИЖЕ ПОРОГА
    3412.67 = 211.40+583.19+2614.53  Tl-208    площадь 2.538E-009  порог 3.406E-009  НИЖЕ ПОРОГА
    1051.16 = 211.40+583.19+252.61  Tl-208    площадь 0.000E+000  порог 3.406E-009  НИЖЕ ПОРОГА
    1520.17 = 211.40+583.19+722.04  Tl-208    площадь 0.000E+000  порог 3.406E-009  НИЖЕ ПОРОГА
    1561.26 = 211.40+583.19+763.13  Tl-208    площадь 0.000E+000  порог 3.406E-009  НИЖЕ ПОРОГА
    1725.73 = 211.40+583.19+927.60  Tl-208    площадь 0.000E+000  порог 3.406E-009  НИЖЕ ПОРОГА
    1780.84 = 211.40+583.19+982.70  Tl-208    площадь 0.000E+000  порог 3.406E-009  НИЖЕ ПОРОГА
     872.15 = 211.40+583.19+72.81  Tl-208    площадь 5.410E-010  порог 3.406E-009  НИЖЕ ПОРОГА
     874.31 = 211.40+583.19+74.97  Tl-208    площадь 9.106E-010  порог 3.406E-009  НИЖЕ ПОРОГА
     884.27 = 211.40+583.19+84.99  Tl-208    площадь 3.190E-010  порог 3.406E-009  НИЖЕ ПОРОГА
     886.57 = 211.40+583.19+87.30  Tl-208    площадь 9.648E-011  порог 3.406E-009  НИЖЕ ПОРОГА
    1309.28 = 211.40+860.56+233.36  Tl-208    площадь 1.169E-010  порог 3.406E-009  НИЖЕ ПОРОГА
    1353.17 = 211.40+860.56+277.36  Tl-208    площадь 0.000E+000  порог 3.406E-009  НИЖЕ ПОРОГА
    1586.30 = 211.40+860.56+510.77  Tl-208    площадь 0.000E+000  порог 3.406E-009  НИЖЕ ПОРОГА
    1658.69 = 211.40+860.56+583.19  Tl-208    площадь 0.000E+000  порог 3.406E-009  НИЖЕ ПОРОГА
    2169.44 = 211.40+860.56+1093.90  Tl-208    площадь 0.000E+000  порог 3.406E-009  НИЖЕ ПОРОГА
    3689.90 = 211.40+860.56+2614.53  Tl-208    площадь 2.024E-011  порог 3.406E-009  НИЖЕ ПОРОГА
    1328.49 = 211.40+860.56+252.61  Tl-208    площадь 0.000E+000  порог 3.406E-009  НИЖЕ ПОРОГА
    1149.48 = 211.40+860.56+72.81  Tl-208    площадь 5.903E-013  порог 3.406E-009  НИЖЕ ПОРОГА
    1151.63 = 211.40+860.56+74.97  Tl-208    площадь 9.936E-013  порог 3.406E-009  НИЖЕ ПОРОГА
    1161.59 = 211.40+860.56+84.99  Tl-208    площадь 3.481E-013  порог 3.406E-009  НИЖЕ ПОРОГА
    1163.90 = 211.40+860.56+87.30  Tl-208    площадь 1.053E-013  порог 3.406E-009  НИЖЕ ПОРОГА
    1542.63 = 211.40+1093.90+233.36  Tl-208    площадь 0.000E+000  порог 3.406E-009  НИЖЕ ПОРОГА
    1586.52 = 211.40+1093.90+277.36  Tl-208    площадь 0.000E+000  порог 3.406E-009  НИЖЕ ПОРОГА
    1819.66 = 211.40+1093.90+510.77  Tl-208    площадь 0.000E+000  порог 3.406E-009  НИЖЕ ПОРОГА
    1892.06 = 211.40+1093.90+583.19  Tl-208    площадь 0.000E+000  порог 3.406E-009  НИЖЕ ПОРОГА
    2169.44 = 211.40+1093.90+860.56  Tl-208    площадь 0.000E+000  порог 3.406E-009  НИЖЕ ПОРОГА
    3923.16 = 211.40+1093.90+2614.53  Tl-208    площадь 2.201E-011  порог 3.406E-009  НИЖЕ ПОРОГА
    1561.83 = 211.40+1093.90+252.61  Tl-208    площадь 0.000E+000  порог 3.406E-009  НИЖЕ ПОРОГА
    3063.40 = 211.40+2614.53+233.36  Tl-208    площадь 7.181E-011  порог 3.406E-009  НИЖЕ ПОРОГА
    3107.27 = 211.40+2614.53+277.36  Tl-208    площадь 3.055E-011  порог 3.406E-009  НИЖЕ ПОРОГА
    3340.31 = 211.40+2614.53+510.77  Tl-208    площадь 2.669E-009  порог 3.406E-009  НИЖЕ ПОРОГА
    3412.67 = 211.40+2614.53+583.19  Tl-208    площадь 2.547E-009  порог 3.406E-009  НИЖЕ ПОРОГА
    3689.90 = 211.40+2614.53+860.56  Tl-208    площадь 2.034E-011  порог 3.406E-009  НИЖЕ ПОРОГА
    3923.16 = 211.40+2614.53+1093.90  Tl-208    площадь 2.212E-011  порог 3.406E-009  НИЖЕ ПОРОГА
    3082.59 = 211.40+2614.53+252.61  Tl-208    площадь 0.000E+000  порог 3.406E-009  НИЖЕ ПОРОГА
    3551.44 = 211.40+2614.53+722.04  Tl-208    площадь 0.000E+000  порог 3.406E-009  НИЖЕ ПОРОГА
    3592.51 = 211.40+2614.53+763.13  Tl-208    площадь 0.000E+000  порог 3.406E-009  НИЖЕ ПОРОГА
    3756.91 = 211.40+2614.53+927.60  Tl-208    площадь 0.000E+000  порог 3.406E-009  НИЖЕ ПОРОГА
    3811.99 = 211.40+2614.53+982.70  Tl-208    площадь 0.000E+000  порог 3.406E-009  НИЖЕ ПОРОГА
    2903.57 = 211.40+2614.53+72.81  Tl-208    площадь 1.441E-010  порог 3.406E-009  НИЖЕ ПОРОГА
    2905.73 = 211.40+2614.53+74.97  Tl-208    площадь 2.425E-010  порог 3.406E-009  НИЖЕ ПОРОГА
    2915.69 = 211.40+2614.53+84.99  Tl-208    площадь 8.497E-011  порог 3.406E-009  НИЖЕ ПОРОГА
    2917.99 = 211.40+2614.53+87.30  Tl-208    площадь 2.570E-011  порог 3.406E-009  НИЖЕ ПОРОГА
     726.44 = 233.36+277.36+211.40  Tl-208    площадь 1.760E-010  порог 3.406E-009  НИЖЕ ПОРОГА
    1097.73 = 233.36+277.36+583.19  Tl-208    площадь 1.045E-008  порог 3.406E-009  проходит
    1375.06 = 233.36+277.36+860.56  Tl-208    площадь 0.000E+000  порог 3.406E-009  НИЖЕ ПОРОГА
    3129.15 = 233.36+277.36+2614.53  Tl-208    площадь 2.454E-009  порог 3.406E-009  НИЖЕ ПОРОГА
     767.53 = 233.36+277.36+252.61  Tl-208    площадь 6.146E-010  порог 3.406E-009  НИЖЕ ПОРОГА
     588.49 = 233.36+277.36+72.81  Tl-208    площадь 1.939E-010  порог 3.406E-009  НИЖЕ ПОРОГА
     590.65 = 233.36+277.36+74.97  Tl-208    площадь 3.264E-010  порог 3.406E-009  НИЖЕ ПОРОГА
     600.61 = 233.36+277.36+84.99  Tl-208    площадь 1.143E-010  порог 3.406E-009  НИЖЕ ПОРОГА
     602.91 = 233.36+277.36+87.30  Tl-208    площадь 3.458E-011  порог 3.406E-009  НИЖЕ ПОРОГА
    1031.95 = 233.36+583.19+211.40  Tl-208    площадь 1.315E-010  порог 3.406E-009  НИЖЕ ПОРОГА
    1097.73 = 233.36+583.19+277.36  Tl-208    площадь 1.044E-008  порог 3.406E-009  проходит
    1680.58 = 233.36+583.19+860.56  Tl-208    площадь 0.000E+000  порог 3.406E-009  НИЖЕ ПОРОГА
    3434.55 = 233.36+583.19+2614.53  Tl-208    площадь 1.834E-009  порог 3.406E-009  НИЖЕ ПОРОГА
    1073.05 = 233.36+583.19+252.61  Tl-208    площадь 4.592E-010  порог 3.406E-009  НИЖЕ ПОРОГА
    1330.86 = 233.36+583.19+510.77  Tl-208    площадь 0.000E+000  порог 3.406E-009  НИЖЕ ПОРОГА
    1542.06 = 233.36+583.19+722.04  Tl-208    площадь 0.000E+000  порог 3.406E-009  НИЖЕ ПОРОГА
    1583.15 = 233.36+583.19+763.13  Tl-208    площадь 0.000E+000  порог 3.406E-009  НИЖЕ ПОРОГА
    1747.62 = 233.36+583.19+927.60  Tl-208    площадь 0.000E+000  порог 3.406E-009  НИЖЕ ПОРОГА
    1802.73 = 233.36+583.19+982.70  Tl-208    площадь 0.000E+000  порог 3.406E-009  НИЖЕ ПОРОГА
     894.04 = 233.36+583.19+72.81  Tl-208    площадь 3.909E-010  порог 3.406E-009  НИЖЕ ПОРОГА
     896.19 = 233.36+583.19+74.97  Tl-208    площадь 6.579E-010  порог 3.406E-009  НИЖЕ ПОРОГА
     906.16 = 233.36+583.19+84.99  Tl-208    площадь 2.305E-010  порог 3.406E-009  НИЖЕ ПОРОГА
     908.46 = 233.36+583.19+87.30  Tl-208    площадь 6.971E-011  порог 3.406E-009  НИЖЕ ПОРОГА
    1309.28 = 233.36+860.56+211.40  Tl-208    площадь 1.168E-010  порог 3.406E-009  НИЖЕ ПОРОГА
    1375.06 = 233.36+860.56+277.36  Tl-208    площадь 0.000E+000  порог 3.406E-009  НИЖЕ ПОРОГА
    1680.58 = 233.36+860.56+583.19  Tl-208    площадь 0.000E+000  порог 3.406E-009  НИЖЕ ПОРОГА
    3711.78 = 233.36+860.56+2614.53  Tl-208    площадь 1.629E-009  порог 3.406E-009  НИЖЕ ПОРОГА
    1350.37 = 233.36+860.56+252.61  Tl-208    площадь 4.079E-010  порог 3.406E-009  НИЖЕ ПОРОГА
    1171.37 = 233.36+860.56+72.81  Tl-208    площадь 4.752E-011  порог 3.406E-009  НИЖЕ ПОРОГА
    1173.52 = 233.36+860.56+74.97  Tl-208    площадь 7.998E-011  порог 3.406E-009  НИЖЕ ПОРОГА
    1183.48 = 233.36+860.56+84.99  Tl-208    площадь 2.802E-011  порог 3.406E-009  НИЖЕ ПОРОГА
    1185.79 = 233.36+860.56+87.30  Tl-208    площадь 8.474E-012  порог 3.406E-009  НИЖЕ ПОРОГА
    3063.40 = 233.36+2614.53+211.40  Tl-208    площадь 7.155E-011  порог 3.406E-009  НИЖЕ ПОРОГА
    3129.15 = 233.36+2614.53+277.36  Tl-208    площадь 2.452E-009  порог 3.406E-009  НИЖЕ ПОРОГА
    3434.55 = 233.36+2614.53+583.19  Tl-208    площадь 1.832E-009  порог 3.406E-009  НИЖЕ ПОРОГА
    3711.78 = 233.36+2614.53+860.56  Tl-208    площадь 1.632E-009  порог 3.406E-009  НИЖЕ ПОРОГА
    3104.47 = 233.36+2614.53+252.61  Tl-208    площадь 2.499E-010  порог 3.406E-009  НИЖЕ ПОРОГА
    3362.19 = 233.36+2614.53+510.77  Tl-208    площадь 0.000E+000  порог 3.406E-009  НИЖЕ ПОРОГА
    3573.32 = 233.36+2614.53+722.04  Tl-208    площадь 0.000E+000  порог 3.406E-009  НИЖЕ ПОРОГА
    3614.39 = 233.36+2614.53+763.13  Tl-208    площадь 0.000E+000  порог 3.406E-009  НИЖЕ ПОРОГА
    3778.79 = 233.36+2614.53+927.60  Tl-208    площадь 0.000E+000  порог 3.406E-009  НИЖЕ ПОРОГА
    3833.87 = 233.36+2614.53+982.70  Tl-208    площадь 0.000E+000  порог 3.406E-009  НИЖЕ ПОРОГА
    3945.04 = 233.36+2614.53+1093.90  Tl-208    площадь 0.000E+000  порог 3.406E-009  НИЖЕ ПОРОГА
    2925.47 = 233.36+2614.53+72.81  Tl-208    площадь 2.338E-010  порог 3.406E-009  НИЖЕ ПОРОГА
    2927.63 = 233.36+2614.53+74.97  Tl-208    площадь 3.936E-010  порог 3.406E-009  НИЖЕ ПОРОГА
    2937.59 = 233.36+2614.53+84.99  Tl-208    площадь 1.379E-010  порог 3.406E-009  НИЖЕ ПОРОГА
    2939.89 = 233.36+2614.53+87.30  Tl-208    площадь 4.170E-011  порог 3.406E-009  НИЖЕ ПОРОГА
     767.53 = 252.61+233.36+277.36  Tl-208    площадь 6.152E-010  порог 3.406E-009  НИЖЕ ПОРОГА
    1000.66 = 252.61+233.36+510.77  Tl-208    площадь 0.000E+000  порог 3.406E-009  НИЖЕ ПОРОГА
    1073.05 = 252.61+233.36+583.19  Tl-208    площадь 4.597E-010  порог 3.406E-009  НИЖЕ ПОРОГА
    1350.37 = 252.61+233.36+860.56  Tl-208    площадь 4.096E-010  порог 3.406E-009  НИЖЕ ПОРОГА
    1583.72 = 252.61+233.36+1093.90  Tl-208    площадь 0.000E+000  порог 3.406E-009  НИЖЕ ПОРОГА
    3104.47 = 252.61+233.36+2614.53  Tl-208    площадь 2.504E-010  порог 3.406E-009  НИЖЕ ПОРОГА
     701.75 = 252.61+233.36+211.40  Tl-208    площадь 0.000E+000  порог 3.406E-009  НИЖЕ ПОРОГА
     767.53 = 252.61+277.36+233.36  Tl-208    площадь 6.147E-010  порог 3.406E-009  НИЖЕ ПОРОГА
    1044.55 = 252.61+277.36+510.77  Tl-208    площадь 0.000E+000  порог 3.406E-009  НИЖЕ ПОРОГА
    1116.93 = 252.61+277.36+583.19  Tl-208    площадь 4.530E-010  порог 3.406E-009  НИЖЕ ПОРОГА
    1394.26 = 252.61+277.36+860.56  Tl-208    площадь 0.000E+000  порог 3.406E-009  НИЖЕ ПОРОГА
    1627.61 = 252.61+277.36+1093.90  Tl-208    площадь 0.000E+000  порог 3.406E-009  НИЖЕ ПОРОГА
    3148.35 = 252.61+277.36+2614.53  Tl-208    площадь 1.064E-010  порог 3.406E-009  НИЖЕ ПОРОГА
     745.65 = 252.61+277.36+211.40  Tl-208    площадь 0.000E+000  порог 3.406E-009  НИЖЕ ПОРОГА
     607.70 = 252.61+277.36+72.81  Tl-208    площадь 8.408E-012  порог 3.406E-009  НИЖЕ ПОРОГА
     609.85 = 252.61+277.36+74.97  Tl-208    площадь 1.415E-011  порог 3.406E-009  НИЖЕ ПОРОГА
     619.82 = 252.61+277.36+84.99  Tl-208    площадь 4.958E-012  порог 3.406E-009  НИЖЕ ПОРОГА
     622.12 = 252.61+277.36+87.30  Tl-208    площадь 1.500E-012  порог 3.406E-009  НИЖЕ ПОРОГА
    1000.66 = 252.61+510.77+233.36  Tl-208    площадь 0.000E+000  порог 3.406E-009  НИЖЕ ПОРОГА
    1044.55 = 252.61+510.77+277.36  Tl-208    площадь 0.000E+000  порог 3.406E-009  НИЖЕ ПОРОГА
    1350.06 = 252.61+510.77+583.19  Tl-208    площадь 3.953E-008  порог 3.406E-009  проходит
    1627.39 = 252.61+510.77+860.56  Tl-208    площадь 0.000E+000  порог 3.406E-009  НИЖЕ ПОРОГА
    1860.76 = 252.61+510.77+1093.90  Tl-208    площадь 0.000E+000  порог 3.406E-009  НИЖЕ ПОРОГА
    3381.39 = 252.61+510.77+2614.53  Tl-208    площадь 9.288E-009  порог 3.406E-009  проходит
     978.77 = 252.61+510.77+211.40  Tl-208    площадь 0.000E+000  порог 3.406E-009  НИЖЕ ПОРОГА
     840.86 = 252.61+510.77+72.81  Tl-208    площадь 7.339E-010  порог 3.406E-009  НИЖЕ ПОРОГА
     843.01 = 252.61+510.77+74.97  Tl-208    площадь 1.235E-009  порог 3.406E-009  НИЖЕ ПОРОГА
     852.97 = 252.61+510.77+84.99  Tl-208    площадь 4.327E-010  порог 3.406E-009  НИЖЕ ПОРОГА
     855.28 = 252.61+510.77+87.30  Tl-208    площадь 1.309E-010  порог 3.406E-009  НИЖЕ ПОРОГА
    1073.05 = 252.61+583.19+233.36  Tl-208    площадь 4.595E-010  порог 3.406E-009  НИЖЕ ПОРОГА
    1116.93 = 252.61+583.19+277.36  Tl-208    площадь 4.531E-010  порог 3.406E-009  НИЖЕ ПОРОГА
    1350.06 = 252.61+583.19+510.77  Tl-208    площадь 3.959E-008  порог 3.406E-009  проходит
    1699.79 = 252.61+583.19+860.56  Tl-208    площадь 0.000E+000  порог 3.406E-009  НИЖЕ ПОРОГА
    1933.15 = 252.61+583.19+1093.90  Tl-208    площадь 0.000E+000  порог 3.406E-009  НИЖЕ ПОРОГА
    3453.75 = 252.61+583.19+2614.53  Tl-208    площадь 8.877E-009  порог 3.406E-009  проходит
    1051.16 = 252.61+583.19+211.40  Tl-208    площадь 0.000E+000  порог 3.406E-009  НИЖЕ ПОРОГА
    1561.26 = 252.61+583.19+722.04  Tl-208    площадь 0.000E+000  порог 3.406E-009  НИЖЕ ПОРОГА
    1602.35 = 252.61+583.19+763.13  Tl-208    площадь 0.000E+000  порог 3.406E-009  НИЖЕ ПОРОГА
    1766.83 = 252.61+583.19+927.60  Tl-208    площадь 0.000E+000  порог 3.406E-009  НИЖЕ ПОРОГА
    1821.93 = 252.61+583.19+982.70  Tl-208    площадь 0.000E+000  порог 3.406E-009  НИЖЕ ПОРОГА
     913.24 = 252.61+583.19+72.81  Tl-208    площадь 1.892E-009  порог 3.406E-009  НИЖЕ ПОРОГА
     915.40 = 252.61+583.19+74.97  Tl-208    площадь 3.184E-009  порог 3.406E-009  НИЖЕ ПОРОГА
     925.36 = 252.61+583.19+84.99  Tl-208    площадь 1.116E-009  порог 3.406E-009  НИЖЕ ПОРОГА
     927.66 = 252.61+583.19+87.30  Tl-208    площадь 3.374E-010  порог 3.406E-009  НИЖЕ ПОРОГА
    1350.37 = 252.61+860.56+233.36  Tl-208    площадь 4.080E-010  порог 3.406E-009  НИЖЕ ПОРОГА
    1394.26 = 252.61+860.56+277.36  Tl-208    площадь 0.000E+000  порог 3.406E-009  НИЖЕ ПОРОГА
    1627.39 = 252.61+860.56+510.77  Tl-208    площадь 0.000E+000  порог 3.406E-009  НИЖЕ ПОРОГА
    1699.79 = 252.61+860.56+583.19  Tl-208    площадь 0.000E+000  порог 3.406E-009  НИЖЕ ПОРОГА
    2210.54 = 252.61+860.56+1093.90  Tl-208    площадь 0.000E+000  порог 3.406E-009  НИЖЕ ПОРОГА
    3730.98 = 252.61+860.56+2614.53  Tl-208    площадь 7.064E-011  порог 3.406E-009  НИЖЕ ПОРОГА
    1328.49 = 252.61+860.56+211.40  Tl-208    площадь 0.000E+000  порог 3.406E-009  НИЖЕ ПОРОГА
    1190.57 = 252.61+860.56+72.81  Tl-208    площадь 2.060E-012  порог 3.406E-009  НИЖЕ ПОРОГА
    1192.72 = 252.61+860.56+74.97  Tl-208    площадь 3.468E-012  порог 3.406E-009  НИЖЕ ПОРОГА
    1202.68 = 252.61+860.56+84.99  Tl-208    площадь 1.215E-012  порог 3.406E-009  НИЖЕ ПОРОГА
    1204.99 = 252.61+860.56+87.30  Tl-208    площадь 3.675E-013  порог 3.406E-009  НИЖЕ ПОРОГА
    1583.72 = 252.61+1093.90+233.36  Tl-208    площадь 0.000E+000  порог 3.406E-009  НИЖЕ ПОРОГА
    1627.61 = 252.61+1093.90+277.36  Tl-208    площадь 0.000E+000  порог 3.406E-009  НИЖЕ ПОРОГА
    1860.76 = 252.61+1093.90+510.77  Tl-208    площадь 0.000E+000  порог 3.406E-009  НИЖЕ ПОРОГА
    1933.15 = 252.61+1093.90+583.19  Tl-208    площадь 0.000E+000  порог 3.406E-009  НИЖЕ ПОРОГА
    2210.54 = 252.61+1093.90+860.56  Tl-208    площадь 0.000E+000  порог 3.406E-009  НИЖЕ ПОРОГА
    3964.23 = 252.61+1093.90+2614.53  Tl-208    площадь 7.669E-011  порог 3.406E-009  НИЖЕ ПОРОГА
    1561.83 = 252.61+1093.90+211.40  Tl-208    площадь 0.000E+000  порог 3.406E-009  НИЖЕ ПОРОГА
    3104.47 = 252.61+2614.53+233.36  Tl-208    площадь 2.496E-010  порог 3.406E-009  НИЖЕ ПОРОГА
    3148.35 = 252.61+2614.53+277.36  Tl-208    площадь 1.062E-010  порог 3.406E-009  НИЖЕ ПОРОГА
    3381.39 = 252.61+2614.53+510.77  Tl-208    площадь 9.278E-009  порог 3.406E-009  проходит
    3453.75 = 252.61+2614.53+583.19  Tl-208    площадь 8.854E-009  порог 3.406E-009  проходит
    3730.98 = 252.61+2614.53+860.56  Tl-208    площадь 7.070E-011  порог 3.406E-009  НИЖЕ ПОРОГА
    3964.23 = 252.61+2614.53+1093.90  Tl-208    площадь 7.687E-011  порог 3.406E-009  НИЖЕ ПОРОГА
    3082.59 = 252.61+2614.53+211.40  Tl-208    площадь 0.000E+000  порог 3.406E-009  НИЖЕ ПОРОГА
    3592.51 = 252.61+2614.53+722.04  Tl-208    площадь 0.000E+000  порог 3.406E-009  НИЖЕ ПОРОГА
    3633.58 = 252.61+2614.53+763.13  Tl-208    площадь 0.000E+000  порог 3.406E-009  НИЖЕ ПОРОГА
    3797.99 = 252.61+2614.53+927.60  Tl-208    площадь 0.000E+000  порог 3.406E-009  НИЖЕ ПОРОГА
    3853.07 = 252.61+2614.53+982.70  Tl-208    площадь 0.000E+000  порог 3.406E-009  НИЖЕ ПОРОГА
    2944.68 = 252.61+2614.53+72.81  Tl-208    площадь 5.008E-010  порог 3.406E-009  НИЖЕ ПОРОГА
    2946.84 = 252.61+2614.53+74.97  Tl-208    площадь 8.431E-010  порог 3.406E-009  НИЖЕ ПОРОГА
    2956.80 = 252.61+2614.53+84.99  Tl-208    площадь 2.953E-010  порог 3.406E-009  НИЖЕ ПОРОГА
    2959.11 = 252.61+2614.53+87.30  Tl-208    площадь 8.932E-011  порог 3.406E-009  НИЖЕ ПОРОГА
    1075.85 = 277.36+583.19+211.40  Tl-208    площадь 1.299E-010  порог 3.406E-009  НИЖЕ ПОРОГА
    1097.73 = 277.36+583.19+233.36  Tl-208    площадь 1.046E-008  порог 3.406E-009  проходит
    1116.93 = 277.36+583.19+252.61  Tl-208    площадь 4.536E-010  порог 3.406E-009  НИЖЕ ПОРОГА
    3478.43 = 277.36+583.19+2614.53  Tl-208    площадь 7.770E-008  порог 3.406E-009  проходит
     937.93 = 277.36+583.19+72.81  Tl-208    площадь 2.266E-009  порог 3.406E-009  НИЖЕ ПОРОГА
     940.09 = 277.36+583.19+74.97  Tl-208    площадь 3.815E-009  порог 3.406E-009  проходит
     950.05 = 277.36+583.19+84.99  Tl-208    площадь 1.336E-009  порог 3.406E-009  НИЖЕ ПОРОГА
     952.35 = 277.36+583.19+87.30  Tl-208    площадь 4.042E-010  порог 3.406E-009  НИЖЕ ПОРОГА
    1374.75 = 277.36+583.19+510.77  Tl-208    площадь 0.000E+000  порог 3.406E-009  НИЖЕ ПОРОГА
    1585.95 = 277.36+583.19+722.04  Tl-208    площадь 0.000E+000  порог 3.406E-009  НИЖЕ ПОРОГА
    1627.04 = 277.36+583.19+763.13  Tl-208    площадь 0.000E+000  порог 3.406E-009  НИЖЕ ПОРОГА
    1791.52 = 277.36+583.19+927.60  Tl-208    площадь 0.000E+000  порог 3.406E-009  НИЖЕ ПОРОГА
    1846.63 = 277.36+583.19+982.70  Tl-208    площадь 0.000E+000  порог 3.406E-009  НИЖЕ ПОРОГА
    3107.27 = 277.36+2614.53+211.40  Tl-208    площадь 3.049E-011  порог 3.406E-009  НИЖЕ ПОРОГА
    3129.15 = 277.36+2614.53+233.36  Tl-208    площадь 2.456E-009  порог 3.406E-009  НИЖЕ ПОРОГА
    3148.35 = 277.36+2614.53+252.61  Tl-208    площадь 1.065E-010  порог 3.406E-009  НИЖЕ ПОРОГА
    3478.43 = 277.36+2614.53+583.19  Tl-208    площадь 7.763E-008  порог 3.406E-009  проходит
    2969.38 = 277.36+2614.53+72.81  Tl-208    площадь 1.317E-009  порог 3.406E-009  НИЖЕ ПОРОГА
    2971.54 = 277.36+2614.53+74.97  Tl-208    площадь 2.217E-009  порог 3.406E-009  НИЖЕ ПОРОГА
    2981.50 = 277.36+2614.53+84.99  Tl-208    площадь 7.767E-010  порог 3.406E-009  НИЖЕ ПОРОГА
    2983.81 = 277.36+2614.53+87.30  Tl-208    площадь 2.349E-010  порог 3.406E-009  НИЖЕ ПОРОГА
    3406.07 = 277.36+2614.53+510.77  Tl-208    площадь 0.000E+000  порог 3.406E-009  НИЖЕ ПОРОГА
    3617.19 = 277.36+2614.53+722.04  Tl-208    площадь 0.000E+000  порог 3.406E-009  НИЖЕ ПОРОГА
    3658.26 = 277.36+2614.53+763.13  Tl-208    площадь 0.000E+000  порог 3.406E-009  НИЖЕ ПОРОГА
    3755.66 = 277.36+2614.53+860.56  Tl-208    площадь 0.000E+000  порог 3.406E-009  НИЖЕ ПОРОГА
    3822.67 = 277.36+2614.53+927.60  Tl-208    площадь 0.000E+000  порог 3.406E-009  НИЖЕ ПОРОГА
    3877.75 = 277.36+2614.53+982.70  Tl-208    площадь 0.000E+000  порог 3.406E-009  НИЖЕ ПОРОГА
    3988.91 = 277.36+2614.53+1093.90  Tl-208    площадь 0.000E+000  порог 3.406E-009  НИЖЕ ПОРОГА
    1308.97 = 510.77+583.19+211.40  Tl-208    площадь 1.131E-008  порог 3.406E-009  проходит
    1350.06 = 510.77+583.19+252.61  Tl-208    площадь 3.950E-008  порог 3.406E-009  проходит
    3711.46 = 510.77+583.19+2614.53  Tl-208    площадь 1.578E-007  порог 3.406E-009  проходит
    1171.05 = 510.77+583.19+72.81  Tl-208    площадь 4.602E-009  порог 3.406E-009  проходит
    1173.21 = 510.77+583.19+74.97  Tl-208    площадь 7.747E-009  порог 3.406E-009  проходит
    1183.17 = 510.77+583.19+84.99  Tl-208    площадь 2.714E-009  порог 3.406E-009  НИЖЕ ПОРОГА
    1185.47 = 510.77+583.19+87.30  Tl-208    площадь 8.207E-010  порог 3.406E-009  НИЖЕ ПОРОГА
    1330.86 = 510.77+583.19+233.36  Tl-208    площадь 0.000E+000  порог 3.406E-009  НИЖЕ ПОРОГА
    1374.75 = 510.77+583.19+277.36  Tl-208    площадь 0.000E+000  порог 3.406E-009  НИЖЕ ПОРОГА
    1819.10 = 510.77+583.19+722.04  Tl-208    площадь 0.000E+000  порог 3.406E-009  НИЖЕ ПОРОГА
    1860.19 = 510.77+583.19+763.13  Tl-208    площадь 0.000E+000  порог 3.406E-009  НИЖЕ ПОРОГА
    2024.68 = 510.77+583.19+927.60  Tl-208    площадь 0.000E+000  порог 3.406E-009  НИЖЕ ПОРОГА
    2079.79 = 510.77+583.19+982.70  Tl-208    площадь 0.000E+000  порог 3.406E-009  НИЖЕ ПОРОГА
    3340.31 = 510.77+2614.53+211.40  Tl-208    площадь 2.636E-009  порог 3.406E-009  НИЖЕ ПОРОГА
    3381.39 = 510.77+2614.53+252.61  Tl-208    площадь 9.204E-009  порог 3.406E-009  проходит
    3711.46 = 510.77+2614.53+583.19  Tl-208    площадь 1.565E-007  порог 3.406E-009  проходит
    3202.44 = 510.77+2614.53+72.81  Tl-208    площадь 2.655E-009  порог 3.406E-009  НИЖЕ ПОРОГА
    3204.60 = 510.77+2614.53+74.97  Tl-208    площадь 4.470E-009  порог 3.406E-009  проходит
    3214.56 = 510.77+2614.53+84.99  Tl-208    площадь 1.566E-009  порог 3.406E-009  НИЖЕ ПОРОГА
    3216.86 = 510.77+2614.53+87.30  Tl-208    площадь 4.736E-010  порог 3.406E-009  НИЖЕ ПОРОГА
    3362.19 = 510.77+2614.53+233.36  Tl-208    площадь 0.000E+000  порог 3.406E-009  НИЖЕ ПОРОГА
    3406.07 = 510.77+2614.53+277.36  Tl-208    площадь 0.000E+000  порог 3.406E-009  НИЖЕ ПОРОГА
    3850.23 = 510.77+2614.53+722.04  Tl-208    площадь 0.000E+000  порог 3.406E-009  НИЖЕ ПОРОГА
    3891.30 = 510.77+2614.53+763.13  Tl-208    площадь 0.000E+000  порог 3.406E-009  НИЖЕ ПОРОГА
    3988.69 = 510.77+2614.53+860.56  Tl-208    площадь 0.000E+000  порог 3.406E-009  НИЖЕ ПОРОГА
    4055.71 = 510.77+2614.53+927.60  Tl-208    площадь 0.000E+000  порог 3.406E-009  НИЖЕ ПОРОГА
    4110.79 = 510.77+2614.53+982.70  Tl-208    площадь 0.000E+000  порог 3.406E-009  НИЖЕ ПОРОГА
    4221.95 = 510.77+2614.53+1093.90  Tl-208    площадь 0.000E+000  порог 3.406E-009  НИЖЕ ПОРОГА
    3412.67 = 583.19+2614.53+211.40  Tl-208    площадь 2.516E-009  порог 3.406E-009  НИЖЕ ПОРОГА
    3434.55 = 583.19+2614.53+233.36  Tl-208    площадь 1.817E-009  порог 3.406E-009  НИЖЕ ПОРОГА
    3453.75 = 583.19+2614.53+252.61  Tl-208    площадь 8.787E-009  порог 3.406E-009  проходит
    3478.43 = 583.19+2614.53+277.36  Tl-208    площадь 7.683E-008  порог 3.406E-009  проходит
    3711.46 = 583.19+2614.53+510.77  Tl-208    площадь 1.566E-007  порог 3.406E-009  проходит
    3922.59 = 583.19+2614.53+722.04  Tl-208    площадь 9.860E-010  порог 3.406E-009  НИЖЕ ПОРОГА
    3963.66 = 583.19+2614.53+763.13  Tl-208    площадь 8.418E-009  порог 3.406E-009  проходит
    4128.06 = 583.19+2614.53+927.60  Tl-208    площадь 5.023E-010  порог 3.406E-009  НИЖЕ ПОРОГА
    4183.15 = 583.19+2614.53+982.70  Tl-208    площадь 7.388E-010  порог 3.406E-009  НИЖЕ ПОРОГА
    3274.80 = 583.19+2614.53+72.81  Tl-208    площадь 2.483E-008  порог 3.406E-009  проходит
    3276.96 = 583.19+2614.53+74.97  Tl-208    площадь 4.179E-008  порог 3.406E-009  проходит
    3286.92 = 583.19+2614.53+84.99  Tl-208    площадь 1.464E-008  порог 3.406E-009  проходит
    3289.22 = 583.19+2614.53+87.30  Tl-208    площадь 4.428E-009  порог 3.406E-009  проходит
    4061.05 = 583.19+2614.53+860.56  Tl-208    площадь 0.000E+000  порог 3.406E-009  НИЖЕ ПОРОГА
    4294.31 = 583.19+2614.53+1093.90  Tl-208    площадь 0.000E+000  порог 3.406E-009  НИЖЕ ПОРОГА
    3922.59 = 722.04+583.19+2614.53  Tl-208    площадь 1.002E-009  порог 3.406E-009  НИЖЕ ПОРОГА
    1520.17 = 722.04+583.19+211.40  Tl-208    площадь 0.000E+000  порог 3.406E-009  НИЖЕ ПОРОГА
    1542.06 = 722.04+583.19+233.36  Tl-208    площадь 0.000E+000  порог 3.406E-009  НИЖЕ ПОРОГА
    1561.26 = 722.04+583.19+252.61  Tl-208    площадь 0.000E+000  порог 3.406E-009  НИЖЕ ПОРОГА
    1585.95 = 722.04+583.19+277.36  Tl-208    площадь 0.000E+000  порог 3.406E-009  НИЖЕ ПОРОГА
    1819.10 = 722.04+583.19+510.77  Tl-208    площадь 0.000E+000  порог 3.406E-009  НИЖЕ ПОРОГА
    2071.42 = 722.04+583.19+763.13  Tl-208    площадь 0.000E+000  порог 3.406E-009  НИЖЕ ПОРОГА
    2235.92 = 722.04+583.19+927.60  Tl-208    площадь 0.000E+000  порог 3.406E-009  НИЖЕ ПОРОГА
    2291.04 = 722.04+583.19+982.70  Tl-208    площадь 0.000E+000  порог 3.406E-009  НИЖЕ ПОРОГА
    1382.25 = 722.04+583.19+72.81  Tl-208    площадь 2.136E-010  порог 3.406E-009  НИЖЕ ПОРОГА
    1384.41 = 722.04+583.19+74.97  Tl-208    площадь 3.595E-010  порог 3.406E-009  НИЖЕ ПОРОГА
    1394.37 = 722.04+583.19+84.99  Tl-208    площадь 1.259E-010  порог 3.406E-009  НИЖЕ ПОРОГА
    1396.67 = 722.04+583.19+87.30  Tl-208    площадь 3.809E-011  порог 3.406E-009  НИЖЕ ПОРОГА
    3922.59 = 722.04+2614.53+583.19  Tl-208    площадь 9.890E-010  порог 3.406E-009  НИЖЕ ПОРОГА
    3551.44 = 722.04+2614.53+211.40  Tl-208    площадь 0.000E+000  порог 3.406E-009  НИЖЕ ПОРОГА
    3573.32 = 722.04+2614.53+233.36  Tl-208    площадь 0.000E+000  порог 3.406E-009  НИЖЕ ПОРОГА
    3592.51 = 722.04+2614.53+252.61  Tl-208    площадь 0.000E+000  порог 3.406E-009  НИЖЕ ПОРОГА
    3617.19 = 722.04+2614.53+277.36  Tl-208    площадь 0.000E+000  порог 3.406E-009  НИЖЕ ПОРОГА
    3850.23 = 722.04+2614.53+510.77  Tl-208    площадь 0.000E+000  порог 3.406E-009  НИЖЕ ПОРОГА
    4102.43 = 722.04+2614.53+763.13  Tl-208    площадь 0.000E+000  порог 3.406E-009  НИЖЕ ПОРОГА
    4199.82 = 722.04+2614.53+860.56  Tl-208    площадь 0.000E+000  порог 3.406E-009  НИЖЕ ПОРОГА
    4266.83 = 722.04+2614.53+927.60  Tl-208    площадь 0.000E+000  порог 3.406E-009  НИЖЕ ПОРОГА
    4321.91 = 722.04+2614.53+982.70  Tl-208    площадь 0.000E+000  порог 3.406E-009  НИЖЕ ПОРОГА
    4433.07 = 722.04+2614.53+1093.90  Tl-208    площадь 0.000E+000  порог 3.406E-009  НИЖЕ ПОРОГА
    3413.57 = 722.04+2614.53+72.81  Tl-208    площадь 5.444E-011  порог 3.406E-009  НИЖЕ ПОРОГА
    3415.72 = 722.04+2614.53+74.97  Tl-208    площадь 9.164E-011  порог 3.406E-009  НИЖЕ ПОРОГА
    3425.68 = 722.04+2614.53+84.99  Tl-208    площадь 3.210E-011  порог 3.406E-009  НИЖЕ ПОРОГА
    3427.98 = 722.04+2614.53+87.30  Tl-208    площадь 9.709E-012  порог 3.406E-009  НИЖЕ ПОРОГА
    3963.66 = 763.13+583.19+2614.53  Tl-208    площадь 8.554E-009  порог 3.406E-009  проходит
    1423.33 = 763.13+583.19+72.81  Tl-208    площадь 2.495E-010  порог 3.406E-009  НИЖЕ ПОРОГА
    1425.49 = 763.13+583.19+74.97  Tl-208    площадь 4.199E-010  порог 3.406E-009  НИЖЕ ПОРОГА
    1435.45 = 763.13+583.19+84.99  Tl-208    площадь 1.471E-010  порог 3.406E-009  НИЖЕ ПОРОГА
    1437.75 = 763.13+583.19+87.30  Tl-208    площадь 4.449E-011  порог 3.406E-009  НИЖЕ ПОРОГА
    1561.26 = 763.13+583.19+211.40  Tl-208    площадь 0.000E+000  порог 3.406E-009  НИЖЕ ПОРОГА
    1583.15 = 763.13+583.19+233.36  Tl-208    площадь 0.000E+000  порог 3.406E-009  НИЖЕ ПОРОГА
    1602.35 = 763.13+583.19+252.61  Tl-208    площадь 0.000E+000  порог 3.406E-009  НИЖЕ ПОРОГА
    1627.04 = 763.13+583.19+277.36  Tl-208    площадь 0.000E+000  порог 3.406E-009  НИЖЕ ПОРОГА
    1860.19 = 763.13+583.19+510.77  Tl-208    площадь 0.000E+000  порог 3.406E-009  НИЖЕ ПОРОГА
    2071.42 = 763.13+583.19+722.04  Tl-208    площадь 0.000E+000  порог 3.406E-009  НИЖЕ ПОРОГА
    2277.02 = 763.13+583.19+927.60  Tl-208    площадь 0.000E+000  порог 3.406E-009  НИЖЕ ПОРОГА
    2332.14 = 763.13+583.19+982.70  Tl-208    площадь 0.000E+000  порог 3.406E-009  НИЖЕ ПОРОГА
    3963.66 = 763.13+2614.53+583.19  Tl-208    площадь 8.452E-009  порог 3.406E-009  проходит
    3454.64 = 763.13+2614.53+72.81  Tl-208    площадь 1.434E-010  порог 3.406E-009  НИЖЕ ПОРОГА
    3456.79 = 763.13+2614.53+74.97  Tl-208    площадь 2.414E-010  порог 3.406E-009  НИЖЕ ПОРОГА
    3466.75 = 763.13+2614.53+84.99  Tl-208    площадь 8.456E-011  порог 3.406E-009  НИЖЕ ПОРОГА
    3469.05 = 763.13+2614.53+87.30  Tl-208    площадь 2.558E-011  порог 3.406E-009  НИЖЕ ПОРОГА
    3592.51 = 763.13+2614.53+211.40  Tl-208    площадь 0.000E+000  порог 3.406E-009  НИЖЕ ПОРОГА
    3614.39 = 763.13+2614.53+233.36  Tl-208    площадь 0.000E+000  порог 3.406E-009  НИЖЕ ПОРОГА
    3633.58 = 763.13+2614.53+252.61  Tl-208    площадь 0.000E+000  порог 3.406E-009  НИЖЕ ПОРОГА
    3658.26 = 763.13+2614.53+277.36  Tl-208    площадь 0.000E+000  порог 3.406E-009  НИЖЕ ПОРОГА
    3891.30 = 763.13+2614.53+510.77  Tl-208    площадь 0.000E+000  порог 3.406E-009  НИЖЕ ПОРОГА
    4102.43 = 763.13+2614.53+722.04  Tl-208    площадь 0.000E+000  порог 3.406E-009  НИЖЕ ПОРОГА
    4240.89 = 763.13+2614.53+860.56  Tl-208    площадь 0.000E+000  порог 3.406E-009  НИЖЕ ПОРОГА
    4307.90 = 763.13+2614.53+927.60  Tl-208    площадь 0.000E+000  порог 3.406E-009  НИЖЕ ПОРОГА
    4362.98 = 763.13+2614.53+982.70  Tl-208    площадь 0.000E+000  порог 3.406E-009  НИЖЕ ПОРОГА
    4474.14 = 763.13+2614.53+1093.90  Tl-208    площадь 0.000E+000  порог 3.406E-009  НИЖЕ ПОРОГА
    3689.90 = 860.56+2614.53+211.40  Tl-208    площадь 2.024E-011  порог 3.406E-009  НИЖЕ ПОРОГА
    3711.78 = 860.56+2614.53+233.36  Tl-208    площадь 1.631E-009  порог 3.406E-009  НИЖЕ ПОРОГА
    3730.98 = 860.56+2614.53+252.61  Tl-208    площадь 7.069E-011  порог 3.406E-009  НИЖЕ ПОРОГА
    3552.03 = 860.56+2614.53+72.81  Tl-208    площадь 2.712E-010  порог 3.406E-009  НИЖЕ ПОРОГА
    3554.19 = 860.56+2614.53+74.97  Tl-208    площадь 4.564E-010  порог 3.406E-009  НИЖЕ ПОРОГА
    3564.14 = 860.56+2614.53+84.99  Tl-208    площадь 1.599E-010  порог 3.406E-009  НИЖЕ ПОРОГА
    3566.45 = 860.56+2614.53+87.30  Tl-208    площадь 4.836E-011  порог 3.406E-009  НИЖЕ ПОРОГА
    3755.66 = 860.56+2614.53+277.36  Tl-208    площадь 0.000E+000  порог 3.406E-009  НИЖЕ ПОРОГА
    3988.69 = 860.56+2614.53+510.77  Tl-208    площадь 0.000E+000  порог 3.406E-009  НИЖЕ ПОРОГА
    4061.05 = 860.56+2614.53+583.19  Tl-208    площадь 0.000E+000  порог 3.406E-009  НИЖЕ ПОРОГА
    4199.82 = 860.56+2614.53+722.04  Tl-208    площадь 0.000E+000  порог 3.406E-009  НИЖЕ ПОРОГА
    4240.89 = 860.56+2614.53+763.13  Tl-208    площадь 0.000E+000  порог 3.406E-009  НИЖЕ ПОРОГА
    4405.29 = 860.56+2614.53+927.60  Tl-208    площадь 0.000E+000  порог 3.406E-009  НИЖЕ ПОРОГА
    4460.38 = 860.56+2614.53+982.70  Tl-208    площадь 0.000E+000  порог 3.406E-009  НИЖЕ ПОРОГА
    4571.54 = 860.56+2614.53+1093.90  Tl-208    площадь 0.000E+000  порог 3.406E-009  НИЖЕ ПОРОГА
    4128.06 = 927.60+583.19+2614.53  Tl-208    площадь 5.046E-010  порог 3.406E-009  НИЖЕ ПОРОГА
    1725.73 = 927.60+583.19+211.40  Tl-208    площадь 0.000E+000  порог 3.406E-009  НИЖЕ ПОРОГА
    1747.62 = 927.60+583.19+233.36  Tl-208    площадь 0.000E+000  порог 3.406E-009  НИЖЕ ПОРОГА
    1766.83 = 927.60+583.19+252.61  Tl-208    площадь 0.000E+000  порог 3.406E-009  НИЖЕ ПОРОГА
    1791.52 = 927.60+583.19+277.36  Tl-208    площадь 0.000E+000  порог 3.406E-009  НИЖЕ ПОРОГА
    2024.68 = 927.60+583.19+510.77  Tl-208    площадь 0.000E+000  порог 3.406E-009  НИЖЕ ПОРОГА
    2235.92 = 927.60+583.19+722.04  Tl-208    площадь 0.000E+000  порог 3.406E-009  НИЖЕ ПОРОГА
    2277.02 = 927.60+583.19+763.13  Tl-208    площадь 0.000E+000  порог 3.406E-009  НИЖЕ ПОРОГА
    2496.65 = 927.60+583.19+982.70  Tl-208    площадь 0.000E+000  порог 3.406E-009  НИЖЕ ПОРОГА
    1587.80 = 927.60+583.19+72.81  Tl-208    площадь 1.075E-010  порог 3.406E-009  НИЖЕ ПОРОГА
    1589.96 = 927.60+583.19+74.97  Tl-208    площадь 1.810E-010  порог 3.406E-009  НИЖЕ ПОРОГА
    1599.92 = 927.60+583.19+84.99  Tl-208    площадь 6.342E-011  порог 3.406E-009  НИЖЕ ПОРОГА
    1602.22 = 927.60+583.19+87.30  Tl-208    площадь 1.918E-011  порог 3.406E-009  НИЖЕ ПОРОГА
    4128.06 = 927.60+2614.53+583.19  Tl-208    площадь 5.071E-010  порог 3.406E-009  НИЖЕ ПОРОГА
    3756.91 = 927.60+2614.53+211.40  Tl-208    площадь 0.000E+000  порог 3.406E-009  НИЖЕ ПОРОГА
    3778.79 = 927.60+2614.53+233.36  Tl-208    площадь 0.000E+000  порог 3.406E-009  НИЖЕ ПОРОГА
    3797.99 = 927.60+2614.53+252.61  Tl-208    площадь 0.000E+000  порог 3.406E-009  НИЖЕ ПОРОГА
    3822.67 = 927.60+2614.53+277.36  Tl-208    площадь 0.000E+000  порог 3.406E-009  НИЖЕ ПОРОГА
    4055.71 = 927.60+2614.53+510.77  Tl-208    площадь 0.000E+000  порог 3.406E-009  НИЖЕ ПОРОГА
    4266.83 = 927.60+2614.53+722.04  Tl-208    площадь 0.000E+000  порог 3.406E-009  НИЖЕ ПОРОГА
    4307.90 = 927.60+2614.53+763.13  Tl-208    площадь 0.000E+000  порог 3.406E-009  НИЖЕ ПОРОГА
    4405.29 = 927.60+2614.53+860.56  Tl-208    площадь 0.000E+000  порог 3.406E-009  НИЖЕ ПОРОГА
    4527.39 = 927.60+2614.53+982.70  Tl-208    площадь 0.000E+000  порог 3.406E-009  НИЖЕ ПОРОГА
    4638.55 = 927.60+2614.53+1093.90  Tl-208    площадь 0.000E+000  порог 3.406E-009  НИЖЕ ПОРОГА
    3619.04 = 927.60+2614.53+72.81  Tl-208    площадь 2.791E-011  порог 3.406E-009  НИЖЕ ПОРОГА
    3621.20 = 927.60+2614.53+74.97  Tl-208    площадь 4.699E-011  порог 3.406E-009  НИЖЕ ПОРОГА
    3631.16 = 927.60+2614.53+84.99  Tl-208    площадь 1.646E-011  порог 3.406E-009  НИЖЕ ПОРОГА
    3633.46 = 927.60+2614.53+87.30  Tl-208    площадь 4.978E-012  порог 3.406E-009  НИЖЕ ПОРОГА
    4183.15 = 982.70+583.19+2614.53  Tl-208    площадь 7.397E-010  порог 3.406E-009  НИЖЕ ПОРОГА
    1780.84 = 982.70+583.19+211.40  Tl-208    площадь 0.000E+000  порог 3.406E-009  НИЖЕ ПОРОГА
    1802.73 = 982.70+583.19+233.36  Tl-208    площадь 0.000E+000  порог 3.406E-009  НИЖЕ ПОРОГА
    1821.93 = 982.70+583.19+252.61  Tl-208    площадь 0.000E+000  порог 3.406E-009  НИЖЕ ПОРОГА
    1846.63 = 982.70+583.19+277.36  Tl-208    площадь 0.000E+000  порог 3.406E-009  НИЖЕ ПОРОГА
    2079.79 = 982.70+583.19+510.77  Tl-208    площадь 0.000E+000  порог 3.406E-009  НИЖЕ ПОРОГА
    2291.04 = 982.70+583.19+722.04  Tl-208    площадь 0.000E+000  порог 3.406E-009  НИЖЕ ПОРОГА
    2332.14 = 982.70+583.19+763.13  Tl-208    площадь 0.000E+000  порог 3.406E-009  НИЖЕ ПОРОГА
    2496.65 = 982.70+583.19+927.60  Tl-208    площадь 0.000E+000  порог 3.406E-009  НИЖЕ ПОРОГА
    1642.91 = 982.70+583.19+72.81  Tl-208    площадь 1.576E-010  порог 3.406E-009  НИЖЕ ПОРОГА
    1645.07 = 982.70+583.19+74.97  Tl-208    площадь 2.654E-010  порог 3.406E-009  НИЖЕ ПОРОГА
    1655.03 = 982.70+583.19+84.99  Tl-208    площадь 9.296E-011  порог 3.406E-009  НИЖЕ ПОРОГА
    1657.33 = 982.70+583.19+87.30  Tl-208    площадь 2.812E-011  порог 3.406E-009  НИЖЕ ПОРОГА
    4183.15 = 982.70+2614.53+583.19  Tl-208    площадь 7.471E-010  порог 3.406E-009  НИЖЕ ПОРОГА
    3811.99 = 982.70+2614.53+211.40  Tl-208    площадь 0.000E+000  порог 3.406E-009  НИЖЕ ПОРОГА
    3833.87 = 982.70+2614.53+233.36  Tl-208    площадь 0.000E+000  порог 3.406E-009  НИЖЕ ПОРОГА
    3853.07 = 982.70+2614.53+252.61  Tl-208    площадь 0.000E+000  порог 3.406E-009  НИЖЕ ПОРОГА
    3877.75 = 982.70+2614.53+277.36  Tl-208    площадь 0.000E+000  порог 3.406E-009  НИЖЕ ПОРОГА
    4110.79 = 982.70+2614.53+510.77  Tl-208    площадь 0.000E+000  порог 3.406E-009  НИЖЕ ПОРОГА
    4321.91 = 982.70+2614.53+722.04  Tl-208    площадь 0.000E+000  порог 3.406E-009  НИЖЕ ПОРОГА
    4362.98 = 982.70+2614.53+763.13  Tl-208    площадь 0.000E+000  порог 3.406E-009  НИЖЕ ПОРОГА
    4460.38 = 982.70+2614.53+860.56  Tl-208    площадь 0.000E+000  порог 3.406E-009  НИЖЕ ПОРОГА
    4527.39 = 982.70+2614.53+927.60  Tl-208    площадь 0.000E+000  порог 3.406E-009  НИЖЕ ПОРОГА
    4693.63 = 982.70+2614.53+1093.90  Tl-208    площадь 0.000E+000  порог 3.406E-009  НИЖЕ ПОРОГА
    3674.13 = 982.70+2614.53+72.81  Tl-208    площадь 4.112E-011  порог 3.406E-009  НИЖЕ ПОРОГА
    3676.28 = 982.70+2614.53+74.97  Tl-208    площадь 6.922E-011  порог 3.406E-009  НИЖЕ ПОРОГА
    3686.24 = 982.70+2614.53+84.99  Tl-208    площадь 2.425E-011  порог 3.406E-009  НИЖЕ ПОРОГА
    3688.54 = 982.70+2614.53+87.30  Tl-208    площадь 7.334E-012  порог 3.406E-009  НИЖЕ ПОРОГА
    3923.16 = 1093.90+2614.53+211.40  Tl-208    площадь 2.194E-011  порог 3.406E-009  НИЖЕ ПОРОГА
    3964.23 = 1093.90+2614.53+252.61  Tl-208    площадь 7.663E-011  порог 3.406E-009  НИЖЕ ПОРОГА
    3945.04 = 1093.90+2614.53+233.36  Tl-208    площадь 0.000E+000  порог 3.406E-009  НИЖЕ ПОРОГА
    3988.91 = 1093.90+2614.53+277.36  Tl-208    площадь 0.000E+000  порог 3.406E-009  НИЖЕ ПОРОГА
    4221.95 = 1093.90+2614.53+510.77  Tl-208    площадь 0.000E+000  порог 3.406E-009  НИЖЕ ПОРОГА
    4294.31 = 1093.90+2614.53+583.19  Tl-208    площадь 0.000E+000  порог 3.406E-009  НИЖЕ ПОРОГА
    4433.07 = 1093.90+2614.53+722.04  Tl-208    площадь 0.000E+000  порог 3.406E-009  НИЖЕ ПОРОГА
    4474.14 = 1093.90+2614.53+763.13  Tl-208    площадь 0.000E+000  порог 3.406E-009  НИЖЕ ПОРОГА
    4571.54 = 1093.90+2614.53+860.56  Tl-208    площадь 0.000E+000  порог 3.406E-009  НИЖЕ ПОРОГА
    4638.55 = 1093.90+2614.53+927.60  Tl-208    площадь 0.000E+000  порог 3.406E-009  НИЖЕ ПОРОГА
    4693.63 = 1093.90+2614.53+982.70  Tl-208    площадь 0.000E+000  порог 3.406E-009  НИЖЕ ПОРОГА
    3785.29 = 1093.90+2614.53+72.81  Tl-208    площадь 7.190E-011  порог 3.406E-009  НИЖЕ ПОРОГА
    3787.44 = 1093.90+2614.53+74.97  Tl-208    площадь 1.210E-010  порог 3.406E-009  НИЖЕ ПОРОГА
    3797.40 = 1093.90+2614.53+84.99  Tl-208    площадь 4.240E-011  порог 3.406E-009  НИЖЕ ПОРОГА
    3799.70 = 1093.90+2614.53+87.30  Tl-208    площадь 1.282E-011  порог 3.406E-009  НИЖЕ ПОРОГА
    1423.33 = 763.13+72.81+583.19  Tl-208    площадь 2.480E-010  порог 3.406E-009  НИЖЕ ПОРОГА
    3454.64 = 763.13+72.81+2614.53  Tl-208    площадь 1.442E-010  порог 3.406E-009  НИЖЕ ПОРОГА
     916.29 = 763.13+72.81+74.97  Tl-208    площадь 2.099E-011  порог 3.406E-009  НИЖЕ ПОРОГА
     926.25 = 763.13+72.81+84.99  Tl-208    площадь 7.352E-012  порог 3.406E-009  НИЖЕ ПОРОГА
     928.55 = 763.13+72.81+87.30  Tl-208    площадь 2.224E-012  порог 3.406E-009  НИЖЕ ПОРОГА
    1700.68 = 763.13+72.81+860.56  Tl-208    площадь 0.000E+000  порог 3.406E-009  НИЖЕ ПОРОГА
    1350.95 = 763.13+72.81+510.77  Tl-208    площадь 0.000E+000  порог 3.406E-009  НИЖЕ ПОРОГА
    1117.83 = 763.13+72.81+277.36  Tl-208    площадь 0.000E+000  порог 3.406E-009  НИЖЕ ПОРОГА
    1425.49 = 763.13+74.97+583.19  Tl-208    площадь 4.174E-010  порог 3.406E-009  НИЖЕ ПОРОГА
    3456.79 = 763.13+74.97+2614.53  Tl-208    площадь 2.428E-010  порог 3.406E-009  НИЖЕ ПОРОГА
     916.29 = 763.13+74.97+72.81  Tl-208    площадь 2.099E-011  порог 3.406E-009  НИЖЕ ПОРОГА
     928.41 = 763.13+74.97+84.99  Tl-208    площадь 1.238E-011  порог 3.406E-009  НИЖЕ ПОРОГА
     930.71 = 763.13+74.97+87.30  Tl-208    площадь 3.743E-012  порог 3.406E-009  НИЖЕ ПОРОГА
    1702.83 = 763.13+74.97+860.56  Tl-208    площадь 0.000E+000  порог 3.406E-009  НИЖЕ ПОРОГА
    1353.11 = 763.13+74.97+510.77  Tl-208    площадь 0.000E+000  порог 3.406E-009  НИЖЕ ПОРОГА
    1119.98 = 763.13+74.97+277.36  Tl-208    площадь 0.000E+000  порог 3.406E-009  НИЖЕ ПОРОГА
    1435.45 = 763.13+84.99+583.19  Tl-208    площадь 1.462E-010  порог 3.406E-009  НИЖЕ ПОРОГА
    3466.75 = 763.13+84.99+2614.53  Tl-208    площадь 8.503E-011  порог 3.406E-009  НИЖЕ ПОРОГА
     926.25 = 763.13+84.99+72.81  Tl-208    площадь 7.350E-012  порог 3.406E-009  НИЖЕ ПОРОГА
     928.41 = 763.13+84.99+74.97  Tl-208    площадь 1.237E-011  порог 3.406E-009  НИЖЕ ПОРОГА
     940.67 = 763.13+84.99+87.30  Tl-208    площадь 1.311E-012  порог 3.406E-009  НИЖЕ ПОРОГА
    1712.80 = 763.13+84.99+860.56  Tl-208    площадь 0.000E+000  порог 3.406E-009  НИЖЕ ПОРОГА
    1363.07 = 763.13+84.99+510.77  Tl-208    площадь 0.000E+000  порог 3.406E-009  НИЖЕ ПОРОГА
    1129.94 = 763.13+84.99+277.36  Tl-208    площадь 0.000E+000  порог 3.406E-009  НИЖЕ ПОРОГА
    1437.75 = 763.13+87.30+583.19  Tl-208    площадь 4.420E-011  порог 3.406E-009  НИЖЕ ПОРОГА
    3469.05 = 763.13+87.30+2614.53  Tl-208    площадь 2.571E-011  порог 3.406E-009  НИЖЕ ПОРОГА
     928.55 = 763.13+87.30+72.81  Tl-208    площадь 2.223E-012  порог 3.406E-009  НИЖЕ ПОРОГА
     930.71 = 763.13+87.30+74.97  Tl-208    площадь 3.741E-012  порог 3.406E-009  НИЖЕ ПОРОГА
     940.67 = 763.13+87.30+84.99  Tl-208    площадь 1.311E-012  порог 3.406E-009  НИЖЕ ПОРОГА
    1715.10 = 763.13+87.30+860.56  Tl-208    площадь 0.000E+000  порог 3.406E-009  НИЖЕ ПОРОГА
    1365.37 = 763.13+87.30+510.77  Tl-208    площадь 0.000E+000  порог 3.406E-009  НИЖЕ ПОРОГА
    1132.25 = 763.13+87.30+277.36  Tl-208    площадь 0.000E+000  порог 3.406E-009  НИЖЕ ПОРОГА
    1149.48 = 860.56+72.81+211.40  Tl-208    площадь 5.920E-013  порог 3.406E-009  НИЖЕ ПОРОГА
    1171.37 = 860.56+72.81+233.36  Tl-208    площадь 4.769E-011  порог 3.406E-009  НИЖЕ ПОРОГА
    1190.57 = 860.56+72.81+252.61  Tl-208    площадь 2.067E-012  порог 3.406E-009  НИЖЕ ПОРОГА
    3552.03 = 860.56+72.81+2614.53  Tl-208    площадь 2.719E-010  порог 3.406E-009  НИЖЕ ПОРОГА
    1013.72 = 860.56+72.81+74.97  Tl-208    площадь 1.740E-011  порог 3.406E-009  НИЖЕ ПОРОГА
    1023.68 = 860.56+72.81+84.99  Tl-208    площадь 6.095E-012  порог 3.406E-009  НИЖЕ ПОРОГА
    1025.98 = 860.56+72.81+87.30  Tl-208    площадь 1.844E-012  порог 3.406E-009  НИЖЕ ПОРОГА
    1700.68 = 860.56+72.81+763.13  Tl-208    площадь 0.000E+000  порог 3.406E-009  НИЖЕ ПОРОГА
    1448.38 = 860.56+72.81+510.77  Tl-208    площадь 0.000E+000  порог 3.406E-009  НИЖЕ ПОРОГА
    1215.26 = 860.56+72.81+277.36  Tl-208    площадь 0.000E+000  порог 3.406E-009  НИЖЕ ПОРОГА
    1520.77 = 860.56+72.81+583.19  Tl-208    площадь 0.000E+000  порог 3.406E-009  НИЖЕ ПОРОГА
    1151.63 = 860.56+74.97+211.40  Tl-208    площадь 9.964E-013  порог 3.406E-009  НИЖЕ ПОРОГА
    1173.52 = 860.56+74.97+233.36  Tl-208    площадь 8.026E-011  порог 3.406E-009  НИЖЕ ПОРОГА
    1192.72 = 860.56+74.97+252.61  Tl-208    площадь 3.479E-012  порог 3.406E-009  НИЖЕ ПОРОГА
    3554.19 = 860.56+74.97+2614.53  Tl-208    площадь 4.576E-010  порог 3.406E-009  НИЖЕ ПОРОГА
    1013.72 = 860.56+74.97+72.81  Tl-208    площадь 1.740E-011  порог 3.406E-009  НИЖЕ ПОРОГА
    1025.83 = 860.56+74.97+84.99  Tl-208    площадь 1.026E-011  порог 3.406E-009  НИЖЕ ПОРОГА
    1028.14 = 860.56+74.97+87.30  Tl-208    площадь 3.103E-012  порог 3.406E-009  НИЖЕ ПОРОГА
    1702.83 = 860.56+74.97+763.13  Tl-208    площадь 0.000E+000  порог 3.406E-009  НИЖЕ ПОРОГА
    1450.54 = 860.56+74.97+510.77  Tl-208    площадь 0.000E+000  порог 3.406E-009  НИЖЕ ПОРОГА
    1217.41 = 860.56+74.97+277.36  Tl-208    площадь 0.000E+000  порог 3.406E-009  НИЖЕ ПОРОГА
    1522.92 = 860.56+74.97+583.19  Tl-208    площадь 0.000E+000  порог 3.406E-009  НИЖЕ ПОРОГА
    1161.59 = 860.56+84.99+211.40  Tl-208    площадь 3.489E-013  порог 3.406E-009  НИЖЕ ПОРОГА
    1183.48 = 860.56+84.99+233.36  Tl-208    площадь 2.810E-011  порог 3.406E-009  НИЖЕ ПОРОГА
    1202.68 = 860.56+84.99+252.61  Tl-208    площадь 1.218E-012  порог 3.406E-009  НИЖЕ ПОРОГА
    3564.14 = 860.56+84.99+2614.53  Tl-208    площадь 1.602E-010  порог 3.406E-009  НИЖЕ ПОРОГА
    1023.68 = 860.56+84.99+72.81  Tl-208    площадь 6.092E-012  порог 3.406E-009  НИЖЕ ПОРОГА
    1025.83 = 860.56+84.99+74.97  Tl-208    площадь 1.025E-011  порог 3.406E-009  НИЖЕ ПОРОГА
    1038.10 = 860.56+84.99+87.30  Tl-208    площадь 1.086E-012  порог 3.406E-009  НИЖЕ ПОРОГА
    1712.80 = 860.56+84.99+763.13  Tl-208    площадь 0.000E+000  порог 3.406E-009  НИЖЕ ПОРОГА
    1460.50 = 860.56+84.99+510.77  Tl-208    площадь 0.000E+000  порог 3.406E-009  НИЖЕ ПОРОГА
    1227.37 = 860.56+84.99+277.36  Tl-208    площадь 0.000E+000  порог 3.406E-009  НИЖЕ ПОРОГА
    1532.88 = 860.56+84.99+583.19  Tl-208    площадь 0.000E+000  порог 3.406E-009  НИЖЕ ПОРОГА
    1163.90 = 860.56+87.30+211.40  Tl-208    площадь 1.055E-013  порог 3.406E-009  НИЖЕ ПОРОГА
    1185.79 = 860.56+87.30+233.36  Tl-208    площадь 8.499E-012  порог 3.406E-009  НИЖЕ ПОРОГА
    1204.99 = 860.56+87.30+252.61  Tl-208    площадь 3.684E-013  порог 3.406E-009  НИЖЕ ПОРОГА
    3566.45 = 860.56+87.30+2614.53  Tl-208    площадь 4.846E-011  порог 3.406E-009  НИЖЕ ПОРОГА
    1025.98 = 860.56+87.30+72.81  Tl-208    площадь 1.842E-012  порог 3.406E-009  НИЖЕ ПОРОГА
    1028.14 = 860.56+87.30+74.97  Tl-208    площадь 3.101E-012  порог 3.406E-009  НИЖЕ ПОРОГА
    1038.10 = 860.56+87.30+84.99  Tl-208    площадь 1.086E-012  порог 3.406E-009  НИЖЕ ПОРОГА
    1715.10 = 860.56+87.30+763.13  Tl-208    площадь 0.000E+000  порог 3.406E-009  НИЖЕ ПОРОГА
    1462.80 = 860.56+87.30+510.77  Tl-208    площадь 0.000E+000  порог 3.406E-009  НИЖЕ ПОРОГА
    1229.67 = 860.56+87.30+277.36  Tl-208    площадь 0.000E+000  порог 3.406E-009  НИЖЕ ПОРОГА
    1535.19 = 860.56+87.30+583.19  Tl-208    площадь 0.000E+000  порог 3.406E-009  НИЖЕ ПОРОГА
    2903.57 = 2614.53+72.81+211.40  Tl-208    площадь 2.003E-010  порог 3.406E-009  НИЖЕ ПОРОГА
    2925.47 = 2614.53+72.81+233.36  Tl-208    площадь 4.946E-010  порог 3.406E-009  НИЖЕ ПОРОГА
    2944.68 = 2614.53+72.81+252.61  Tl-208    площадь 6.995E-010  порог 3.406E-009  НИЖЕ ПОРОГА
    2969.38 = 2614.53+72.81+277.36  Tl-208    площадь 1.309E-009  порог 3.406E-009  НИЖЕ ПОРОГА
    3202.44 = 2614.53+72.81+510.77  Tl-208    площадь 2.668E-009  порог 3.406E-009  НИЖЕ ПОРОГА
    3274.80 = 2614.53+72.81+583.19  Tl-208    площадь 2.493E-008  порог 3.406E-009  проходит
    3413.57 = 2614.53+72.81+722.04  Tl-208    площадь 1.680E-011  порог 3.406E-009  НИЖЕ ПОРОГА
    3454.64 = 2614.53+72.81+763.13  Tl-208    площадь 1.434E-010  порог 3.406E-009  НИЖЕ ПОРОГА
    3552.03 = 2614.53+72.81+860.56  Tl-208    площадь 2.703E-010  порог 3.406E-009  НИЖЕ ПОРОГА
    3619.04 = 2614.53+72.81+927.60  Tl-208    площадь 8.558E-012  порог 3.406E-009  НИЖЕ ПОРОГА
    3674.13 = 2614.53+72.81+982.70  Tl-208    площадь 1.259E-011  порог 3.406E-009  НИЖЕ ПОРОГА
    3785.29 = 2614.53+72.81+1093.90  Tl-208    площадь 6.864E-012  порог 3.406E-009  НИЖЕ ПОРОГА
    2767.75 = 2614.53+72.81+74.97  Tl-208    площадь 3.024E-009  порог 3.406E-009  НИЖЕ ПОРОГА
    2777.71 = 2614.53+72.81+84.99  Tl-208    площадь 1.060E-009  порог 3.406E-009  НИЖЕ ПОРОГА
    2780.02 = 2614.53+72.81+87.30  Tl-208    площадь 3.204E-010  порог 3.406E-009  НИЖЕ ПОРОГА
    2905.73 = 2614.53+74.97+211.40  Tl-208    площадь 3.374E-010  порог 3.406E-009  НИЖЕ ПОРОГА
    2927.63 = 2614.53+74.97+233.36  Tl-208    площадь 8.330E-010  порог 3.406E-009  НИЖЕ ПОРОГА
    2946.84 = 2614.53+74.97+252.61  Tl-208    площадь 1.178E-009  порог 3.406E-009  НИЖЕ ПОРОГА
    2971.54 = 2614.53+74.97+277.36  Tl-208    площадь 2.205E-009  порог 3.406E-009  НИЖЕ ПОРОГА
    3204.60 = 2614.53+74.97+510.77  Tl-208    площадь 4.493E-009  порог 3.406E-009  проходит
    3276.96 = 2614.53+74.97+583.19  Tl-208    площадь 4.199E-008  порог 3.406E-009  проходит
    3415.72 = 2614.53+74.97+722.04  Tl-208    площадь 2.829E-011  порог 3.406E-009  НИЖЕ ПОРОГА
    3456.79 = 2614.53+74.97+763.13  Tl-208    площадь 2.415E-010  порог 3.406E-009  НИЖЕ ПОРОГА
    3554.19 = 2614.53+74.97+860.56  Tl-208    площадь 4.552E-010  порог 3.406E-009  НИЖЕ ПОРОГА
    3621.20 = 2614.53+74.97+927.60  Tl-208    площадь 1.441E-011  порог 3.406E-009  НИЖЕ ПОРОГА
    3676.28 = 2614.53+74.97+982.70  Tl-208    площадь 2.120E-011  порог 3.406E-009  НИЖЕ ПОРОГА
    3787.44 = 2614.53+74.97+1093.90  Tl-208    площадь 1.156E-011  порог 3.406E-009  НИЖЕ ПОРОГА
    2767.75 = 2614.53+74.97+72.81  Tl-208    площадь 3.026E-009  порог 3.406E-009  НИЖЕ ПОРОГА
    2779.87 = 2614.53+74.97+84.99  Tl-208    площадь 1.784E-009  порог 3.406E-009  НИЖЕ ПОРОГА
    2782.17 = 2614.53+74.97+87.30  Tl-208    площадь 5.397E-010  порог 3.406E-009  НИЖЕ ПОРОГА
    2915.69 = 2614.53+84.99+211.40  Tl-208    площадь 1.184E-010  порог 3.406E-009  НИЖЕ ПОРОГА
    2937.59 = 2614.53+84.99+233.36  Tl-208    площадь 2.924E-010  порог 3.406E-009  НИЖЕ ПОРОГА
    2956.80 = 2614.53+84.99+252.61  Tl-208    площадь 4.135E-010  порог 3.406E-009  НИЖЕ ПОРОГА
    2981.50 = 2614.53+84.99+277.36  Tl-208    площадь 7.739E-010  порог 3.406E-009  НИЖЕ ПОРОГА
    3214.56 = 2614.53+84.99+510.77  Tl-208    площадь 1.577E-009  порог 3.406E-009  НИЖЕ ПОРОГА
    3286.92 = 2614.53+84.99+583.19  Tl-208    площадь 1.474E-008  порог 3.406E-009  проходит
    3425.68 = 2614.53+84.99+722.04  Tl-208    площадь 9.931E-012  порог 3.406E-009  НИЖЕ ПОРОГА
    3466.75 = 2614.53+84.99+763.13  Tl-208    площадь 8.478E-011  порог 3.406E-009  НИЖЕ ПОРОГА
    3564.14 = 2614.53+84.99+860.56  Tl-208    площадь 1.598E-010  порог 3.406E-009  НИЖЕ ПОРОГА
    3631.16 = 2614.53+84.99+927.60  Tl-208    площадь 5.059E-012  порог 3.406E-009  НИЖЕ ПОРОГА
    3686.24 = 2614.53+84.99+982.70  Tl-208    площадь 7.441E-012  порог 3.406E-009  НИЖЕ ПОРОГА
    3797.40 = 2614.53+84.99+1093.90  Tl-208    площадь 4.058E-012  порог 3.406E-009  НИЖЕ ПОРОГА
    2777.71 = 2614.53+84.99+72.81  Tl-208    площадь 1.062E-009  порог 3.406E-009  НИЖЕ ПОРОГА
    2779.87 = 2614.53+84.99+74.97  Tl-208    площадь 1.788E-009  порог 3.406E-009  НИЖЕ ПОРОГА
    2792.14 = 2614.53+84.99+87.30  Tl-208    площадь 1.894E-010  порог 3.406E-009  НИЖЕ ПОРОГА
    2917.99 = 2614.53+87.30+211.40  Tl-208    площадь 3.582E-011  порог 3.406E-009  НИЖЕ ПОРОГА
    2939.89 = 2614.53+87.30+233.36  Tl-208    площадь 8.845E-011  порог 3.406E-009  НИЖЕ ПОРОГА
    2959.11 = 2614.53+87.30+252.61  Tl-208    площадь 1.251E-010  порог 3.406E-009  НИЖЕ ПОРОГА
    2983.81 = 2614.53+87.30+277.36  Tl-208    площадь 2.341E-010  порог 3.406E-009  НИЖЕ ПОРОГА
    3216.86 = 2614.53+87.30+510.77  Tl-208    площадь 4.771E-010  порог 3.406E-009  НИЖЕ ПОРОГА
    3289.22 = 2614.53+87.30+583.19  Tl-208    площадь 4.459E-009  порог 3.406E-009  проходит
    3427.98 = 2614.53+87.30+722.04  Tl-208    площадь 3.004E-012  порог 3.406E-009  НИЖЕ ПОРОГА
    3469.05 = 2614.53+87.30+763.13  Tl-208    площадь 2.565E-011  порог 3.406E-009  НИЖЕ ПОРОГА
    3566.45 = 2614.53+87.30+860.56  Tl-208    площадь 4.834E-011  порог 3.406E-009  НИЖЕ ПОРОГА
    3633.46 = 2614.53+87.30+927.60  Tl-208    площадь 1.530E-012  порог 3.406E-009  НИЖЕ ПОРОГА
    3688.54 = 2614.53+87.30+982.70  Tl-208    площадь 2.251E-012  порог 3.406E-009  НИЖЕ ПОРОГА
    3799.70 = 2614.53+87.30+1093.90  Tl-208    площадь 1.228E-012  порог 3.406E-009  НИЖЕ ПОРОГА
    2780.02 = 2614.53+87.30+72.81  Tl-208    площадь 3.213E-010  порог 3.406E-009  НИЖЕ ПОРОГА
    2782.17 = 2614.53+87.30+74.97  Tl-208    площадь 5.409E-010  порог 3.406E-009  НИЖЕ ПОРОГА
    2792.14 = 2614.53+87.30+84.99  Tl-208    площадь 1.895E-010  порог 3.406E-009  НИЖЕ ПОРОГА
     799.76 = 510.77+72.81+211.40  Tl-208    площадь 2.103E-010  порог 3.406E-009  НИЖЕ ПОРОГА
     840.86 = 510.77+72.81+252.61  Tl-208    площадь 7.345E-010  порог 3.406E-009  НИЖЕ ПОРОГА
    1171.05 = 510.77+72.81+583.19  Tl-208    площадь 4.610E-009  порог 3.406E-009  проходит
    3202.44 = 510.77+72.81+2614.53  Tl-208    площадь 2.682E-009  порог 3.406E-009  НИЖЕ ПОРОГА
     663.99 = 510.77+72.81+74.97  Tl-208    площадь 3.902E-010  порог 3.406E-009  НИЖЕ ПОРОГА
     673.95 = 510.77+72.81+84.99  Tl-208    площадь 1.367E-010  порог 3.406E-009  НИЖЕ ПОРОГА
     676.25 = 510.77+72.81+87.30  Tl-208    площадь 4.134E-011  порог 3.406E-009  НИЖЕ ПОРОГА
    1350.95 = 510.77+72.81+763.13  Tl-208    площадь 0.000E+000  порог 3.406E-009  НИЖЕ ПОРОГА
    1448.38 = 510.77+72.81+860.56  Tl-208    площадь 0.000E+000  порог 3.406E-009  НИЖЕ ПОРОГА
     865.55 = 510.77+72.81+277.36  Tl-208    площадь 0.000E+000  порог 3.406E-009  НИЖЕ ПОРОГА
     801.92 = 510.77+74.97+211.40  Tl-208    площадь 3.541E-010  порог 3.406E-009  НИЖЕ ПОРОГА
     843.01 = 510.77+74.97+252.61  Tl-208    площадь 1.236E-009  порог 3.406E-009  НИЖЕ ПОРОГА
    1173.21 = 510.77+74.97+583.19  Tl-208    площадь 7.761E-009  порог 3.406E-009  проходит
    3204.60 = 510.77+74.97+2614.53  Tl-208    площадь 4.515E-009  порог 3.406E-009  проходит
     663.99 = 510.77+74.97+72.81  Tl-208    площадь 3.902E-010  порог 3.406E-009  НИЖЕ ПОРОГА
     676.10 = 510.77+74.97+84.99  Tl-208    площадь 2.301E-010  порог 3.406E-009  НИЖЕ ПОРОГА
     678.41 = 510.77+74.97+87.30  Tl-208    площадь 6.959E-011  порог 3.406E-009  НИЖЕ ПОРОГА
    1353.11 = 510.77+74.97+763.13  Tl-208    площадь 0.000E+000  порог 3.406E-009  НИЖЕ ПОРОГА
    1450.54 = 510.77+74.97+860.56  Tl-208    площадь 0.000E+000  порог 3.406E-009  НИЖЕ ПОРОГА
     867.70 = 510.77+74.97+277.36  Tl-208    площадь 0.000E+000  порог 3.406E-009  НИЖЕ ПОРОГА
     811.88 = 510.77+84.99+211.40  Tl-208    площадь 1.240E-010  порог 3.406E-009  НИЖЕ ПОРОГА
     852.97 = 510.77+84.99+252.61  Tl-208    площадь 4.331E-010  порог 3.406E-009  НИЖЕ ПОРОГА
    1183.17 = 510.77+84.99+583.19  Tl-208    площадь 2.718E-009  порог 3.406E-009  НИЖЕ ПОРОГА
    3214.56 = 510.77+84.99+2614.53  Tl-208    площадь 1.581E-009  порог 3.406E-009  НИЖЕ ПОРОГА
     673.95 = 510.77+84.99+72.81  Tl-208    площадь 1.367E-010  порог 3.406E-009  НИЖЕ ПОРОГА
     676.10 = 510.77+84.99+74.97  Tl-208    площадь 2.301E-010  порог 3.406E-009  НИЖЕ ПОРОГА
     688.37 = 510.77+84.99+87.30  Tl-208    площадь 2.438E-011  порог 3.406E-009  НИЖЕ ПОРОГА
    1363.07 = 510.77+84.99+763.13  Tl-208    площадь 0.000E+000  порог 3.406E-009  НИЖЕ ПОРОГА
    1460.50 = 510.77+84.99+860.56  Tl-208    площадь 0.000E+000  порог 3.406E-009  НИЖЕ ПОРОГА
     877.66 = 510.77+84.99+277.36  Tl-208    площадь 0.000E+000  порог 3.406E-009  НИЖЕ ПОРОГА
     814.18 = 510.77+87.30+211.40  Tl-208    площадь 3.751E-011  порог 3.406E-009  НИЖЕ ПОРОГА
     855.28 = 510.77+87.30+252.61  Tl-208    площадь 1.310E-010  порог 3.406E-009  НИЖЕ ПОРОГА
    1185.47 = 510.77+87.30+583.19  Tl-208    площадь 8.221E-010  порог 3.406E-009  НИЖЕ ПОРОГА
    3216.86 = 510.77+87.30+2614.53  Tl-208    площадь 4.782E-010  порог 3.406E-009  НИЖЕ ПОРОГА
     676.25 = 510.77+87.30+72.81  Tl-208    площадь 4.134E-011  порог 3.406E-009  НИЖЕ ПОРОГА
     678.41 = 510.77+87.30+74.97  Tl-208    площадь 6.958E-011  порог 3.406E-009  НИЖЕ ПОРОГА
     688.37 = 510.77+87.30+84.99  Tl-208    площадь 2.438E-011  порог 3.406E-009  НИЖЕ ПОРОГА
    1365.37 = 510.77+87.30+763.13  Tl-208    площадь 0.000E+000  порог 3.406E-009  НИЖЕ ПОРОГА
    1462.80 = 510.77+87.30+860.56  Tl-208    площадь 0.000E+000  порог 3.406E-009  НИЖЕ ПОРОГА
     879.96 = 510.77+87.30+277.36  Tl-208    площадь 0.000E+000  порог 3.406E-009  НИЖЕ ПОРОГА
     566.59 = 277.36+72.81+211.40  Tl-208    площадь 2.405E-012  порог 3.406E-009  НИЖЕ ПОРОГА
     588.49 = 277.36+72.81+233.36  Tl-208    площадь 1.937E-010  порог 3.406E-009  НИЖЕ ПОРОГА
     607.70 = 277.36+72.81+252.61  Tl-208    площадь 8.397E-012  порог 3.406E-009  НИЖЕ ПОРОГА
     937.93 = 277.36+72.81+583.19  Tl-208    площадь 2.260E-009  порог 3.406E-009  НИЖЕ ПОРОГА
    2969.38 = 277.36+72.81+2614.53  Tl-208    площадь 1.315E-009  порог 3.406E-009  НИЖЕ ПОРОГА
     430.74 = 277.36+72.81+74.97  Tl-208    площадь 1.913E-010  порог 3.406E-009  НИЖЕ ПОРОГА
     440.71 = 277.36+72.81+84.99  Tl-208    площадь 6.701E-011  порог 3.406E-009  НИЖЕ ПОРОГА
     443.02 = 277.36+72.81+87.30  Tl-208    площадь 2.027E-011  порог 3.406E-009  НИЖЕ ПОРОГА
    1117.83 = 277.36+72.81+763.13  Tl-208    площадь 0.000E+000  порог 3.406E-009  НИЖЕ ПОРОГА
    1215.26 = 277.36+72.81+860.56  Tl-208    площадь 0.000E+000  порог 3.406E-009  НИЖЕ ПОРОГА
     865.55 = 277.36+72.81+510.77  Tl-208    площадь 0.000E+000  порог 3.406E-009  НИЖЕ ПОРОГА
     568.75 = 277.36+74.97+211.40  Tl-208    площадь 4.048E-012  порог 3.406E-009  НИЖЕ ПОРОГА
     590.65 = 277.36+74.97+233.36  Tl-208    площадь 3.261E-010  порог 3.406E-009  НИЖЕ ПОРОГА
     609.85 = 277.36+74.97+252.61  Tl-208    площадь 1.414E-011  порог 3.406E-009  НИЖЕ ПОРОГА
     940.09 = 277.36+74.97+583.19  Tl-208    площадь 3.805E-009  порог 3.406E-009  проходит
    2971.54 = 277.36+74.97+2614.53  Tl-208    площадь 2.213E-009  порог 3.406E-009  НИЖЕ ПОРОГА
     430.74 = 277.36+74.97+72.81  Tl-208    площадь 1.913E-010  порог 3.406E-009  НИЖЕ ПОРОГА
     442.87 = 277.36+74.97+84.99  Tl-208    площадь 1.128E-010  порог 3.406E-009  НИЖЕ ПОРОГА
     445.17 = 277.36+74.97+87.30  Tl-208    площадь 3.412E-011  порог 3.406E-009  НИЖЕ ПОРОГА
    1119.98 = 277.36+74.97+763.13  Tl-208    площадь 0.000E+000  порог 3.406E-009  НИЖЕ ПОРОГА
    1217.41 = 277.36+74.97+860.56  Tl-208    площадь 0.000E+000  порог 3.406E-009  НИЖЕ ПОРОГА
     867.70 = 277.36+74.97+510.77  Tl-208    площадь 0.000E+000  порог 3.406E-009  НИЖЕ ПОРОГА
     578.71 = 277.36+84.99+211.40  Tl-208    площадь 1.418E-012  порог 3.406E-009  НИЖЕ ПОРОГА
     600.61 = 277.36+84.99+233.36  Tl-208    площадь 1.142E-010  порог 3.406E-009  НИЖЕ ПОРОГА
     619.82 = 277.36+84.99+252.61  Tl-208    площадь 4.952E-012  порог 3.406E-009  НИЖЕ ПОРОГА
     950.05 = 277.36+84.99+583.19  Tl-208    площадь 1.333E-009  порог 3.406E-009  НИЖЕ ПОРОГА
    2981.50 = 277.36+84.99+2614.53  Tl-208    площадь 7.753E-010  порог 3.406E-009  НИЖЕ ПОРОГА
     440.71 = 277.36+84.99+72.81  Tl-208    площадь 6.701E-011  порог 3.406E-009  НИЖЕ ПОРОГА
     442.87 = 277.36+84.99+74.97  Tl-208    площадь 1.128E-010  порог 3.406E-009  НИЖЕ ПОРОГА
     455.14 = 277.36+84.99+87.30  Tl-208    площадь 1.195E-011  порог 3.406E-009  НИЖЕ ПОРОГА
    1129.94 = 277.36+84.99+763.13  Tl-208    площадь 0.000E+000  порог 3.406E-009  НИЖЕ ПОРОГА
    1227.37 = 277.36+84.99+860.56  Tl-208    площадь 0.000E+000  порог 3.406E-009  НИЖЕ ПОРОГА
     877.66 = 277.36+84.99+510.77  Tl-208    площадь 0.000E+000  порог 3.406E-009  НИЖЕ ПОРОГА
     581.02 = 277.36+87.30+211.40  Tl-208    площадь 4.288E-013  порог 3.406E-009  НИЖЕ ПОРОГА
     602.91 = 277.36+87.30+233.36  Tl-208    площадь 3.454E-011  порог 3.406E-009  НИЖЕ ПОРОГА
     622.12 = 277.36+87.30+252.61  Tl-208    площадь 1.497E-012  порог 3.406E-009  НИЖЕ ПОРОГА
     952.35 = 277.36+87.30+583.19  Tl-208    площадь 4.030E-010  порог 3.406E-009  НИЖЕ ПОРОГА
    2983.81 = 277.36+87.30+2614.53  Tl-208    площадь 2.344E-010  порог 3.406E-009  НИЖЕ ПОРОГА
     443.02 = 277.36+87.30+72.81  Tl-208    площадь 2.026E-011  порог 3.406E-009  НИЖЕ ПОРОГА
     445.17 = 277.36+87.30+74.97  Tl-208    площадь 3.411E-011  порог 3.406E-009  НИЖЕ ПОРОГА
     455.14 = 277.36+87.30+84.99  Tl-208    площадь 1.195E-011  порог 3.406E-009  НИЖЕ ПОРОГА
    1132.25 = 277.36+87.30+763.13  Tl-208    площадь 0.000E+000  порог 3.406E-009  НИЖЕ ПОРОГА
    1229.67 = 277.36+87.30+860.56  Tl-208    площадь 0.000E+000  порог 3.406E-009  НИЖЕ ПОРОГА
     879.96 = 277.36+87.30+510.77  Tl-208    площадь 0.000E+000  порог 3.406E-009  НИЖЕ ПОРОГА
     872.15 = 583.19+72.81+211.40  Tl-208    площадь 7.447E-010  порог 3.406E-009  НИЖЕ ПОРОГА
     894.04 = 583.19+72.81+233.36  Tl-208    площадь 1.813E-009  порог 3.406E-009  НИЖЕ ПОРОГА
     913.24 = 583.19+72.81+252.61  Tl-208    площадь 2.600E-009  порог 3.406E-009  НИЖЕ ПОРОГА
     937.93 = 583.19+72.81+277.36  Tl-208    площадь 2.264E-009  порог 3.406E-009  НИЖЕ ПОРОГА
    1171.05 = 583.19+72.81+510.77  Tl-208    площадь 4.614E-009  порог 3.406E-009  проходит
    3274.80 = 583.19+72.81+2614.53  Tl-208    площадь 2.508E-008  порог 3.406E-009  проходит
    1382.25 = 583.19+72.81+722.04  Tl-208    площадь 2.906E-011  порог 3.406E-009  НИЖЕ ПОРОГА
    1423.33 = 583.19+72.81+763.13  Tl-208    площадь 2.481E-010  порог 3.406E-009  НИЖЕ ПОРОГА
    1587.80 = 583.19+72.81+927.60  Tl-208    площадь 1.480E-011  порог 3.406E-009  НИЖЕ ПОРОГА
    1642.91 = 583.19+72.81+982.70  Tl-208    площадь 2.177E-011  порог 3.406E-009  НИЖЕ ПОРОГА
     736.38 = 583.19+72.81+74.97  Tl-208    площадь 9.295E-009  порог 3.406E-009  проходит
     746.34 = 583.19+72.81+84.99  Tl-208    площадь 3.256E-009  порог 3.406E-009  НИЖЕ ПОРОГА
     748.65 = 583.19+72.81+87.30  Tl-208    площадь 9.848E-010  порог 3.406E-009  НИЖЕ ПОРОГА
    1520.77 = 583.19+72.81+860.56  Tl-208    площадь 0.000E+000  порог 3.406E-009  НИЖЕ ПОРОГА
     874.31 = 583.19+74.97+211.40  Tl-208    площадь 1.254E-009  порог 3.406E-009  НИЖЕ ПОРОГА
     896.19 = 583.19+74.97+233.36  Tl-208    площадь 3.051E-009  порог 3.406E-009  НИЖЕ ПОРОГА
     915.40 = 583.19+74.97+252.61  Tl-208    площадь 4.377E-009  порог 3.406E-009  проходит
     940.09 = 583.19+74.97+277.36  Tl-208    площадь 3.811E-009  порог 3.406E-009  проходит
    1173.21 = 583.19+74.97+510.77  Tl-208    площадь 7.767E-009  порог 3.406E-009  проходит
    3276.96 = 583.19+74.97+2614.53  Tl-208    площадь 4.223E-008  порог 3.406E-009  проходит
    1384.41 = 583.19+74.97+722.04  Tl-208    площадь 4.891E-011  порог 3.406E-009  НИЖЕ ПОРОГА
    1425.49 = 583.19+74.97+763.13  Tl-208    площадь 4.176E-010  порог 3.406E-009  НИЖЕ ПОРОГА
    1589.96 = 583.19+74.97+927.60  Tl-208    площадь 2.492E-011  порог 3.406E-009  НИЖЕ ПОРОГА
    1645.07 = 583.19+74.97+982.70  Tl-208    площадь 3.665E-011  порог 3.406E-009  НИЖЕ ПОРОГА
     736.38 = 583.19+74.97+72.81  Tl-208    площадь 9.295E-009  порог 3.406E-009  проходит
     748.50 = 583.19+74.97+84.99  Tl-208    площадь 5.481E-009  порог 3.406E-009  проходит
     750.80 = 583.19+74.97+87.30  Tl-208    площадь 1.658E-009  порог 3.406E-009  НИЖЕ ПОРОГА
    1522.92 = 583.19+74.97+860.56  Tl-208    площадь 0.000E+000  порог 3.406E-009  НИЖЕ ПОРОГА
     884.27 = 583.19+84.99+211.40  Tl-208    площадь 4.391E-010  порог 3.406E-009  НИЖЕ ПОРОГА
     906.16 = 583.19+84.99+233.36  Tl-208    площадь 1.069E-009  порог 3.406E-009  НИЖЕ ПОРОГА
     925.36 = 583.19+84.99+252.61  Tl-208    площадь 1.533E-009  порог 3.406E-009  НИЖЕ ПОРОГА
     950.05 = 583.19+84.99+277.36  Tl-208    площадь 1.335E-009  порог 3.406E-009  НИЖЕ ПОРОГА
    1183.17 = 583.19+84.99+510.77  Tl-208    площадь 2.720E-009  порог 3.406E-009  НИЖЕ ПОРОГА
    3286.92 = 583.19+84.99+2614.53  Tl-208    площадь 1.479E-008  порог 3.406E-009  проходит
    1394.37 = 583.19+84.99+722.04  Tl-208    площадь 1.713E-011  порог 3.406E-009  НИЖЕ ПОРОГА
    1435.45 = 583.19+84.99+763.13  Tl-208    площадь 1.463E-010  порог 3.406E-009  НИЖЕ ПОРОГА
    1599.92 = 583.19+84.99+927.60  Tl-208    площадь 8.727E-012  порог 3.406E-009  НИЖЕ ПОРОГА
    1655.03 = 583.19+84.99+982.70  Tl-208    площадь 1.284E-011  порог 3.406E-009  НИЖЕ ПОРОГА
     746.34 = 583.19+84.99+72.81  Tl-208    площадь 3.256E-009  порог 3.406E-009  НИЖЕ ПОРОГА
     748.50 = 583.19+84.99+74.97  Tl-208    площадь 5.480E-009  порог 3.406E-009  проходит
     760.76 = 583.19+84.99+87.30  Tl-208    площадь 5.806E-010  порог 3.406E-009  НИЖЕ ПОРОГА
    1532.88 = 583.19+84.99+860.56  Tl-208    площадь 0.000E+000  порог 3.406E-009  НИЖЕ ПОРОГА
     886.57 = 583.19+87.30+211.40  Tl-208    площадь 1.328E-010  порог 3.406E-009  НИЖЕ ПОРОГА
     908.46 = 583.19+87.30+233.36  Tl-208    площадь 3.231E-010  порог 3.406E-009  НИЖЕ ПОРОГА
     927.66 = 583.19+87.30+252.61  Tl-208    площадь 4.636E-010  порог 3.406E-009  НИЖЕ ПОРОГА
     952.35 = 583.19+87.30+277.36  Tl-208    площадь 4.037E-010  порог 3.406E-009  НИЖЕ ПОРОГА
    1185.47 = 583.19+87.30+510.77  Tl-208    площадь 8.226E-010  порог 3.406E-009  НИЖЕ ПОРОГА
    3289.22 = 583.19+87.30+2614.53  Tl-208    площадь 4.472E-009  порог 3.406E-009  проходит
    1396.67 = 583.19+87.30+722.04  Tl-208    площадь 5.180E-012  порог 3.406E-009  НИЖЕ ПОРОГА
    1437.75 = 583.19+87.30+763.13  Tl-208    площадь 4.422E-011  порог 3.406E-009  НИЖЕ ПОРОГА
    1602.22 = 583.19+87.30+927.60  Tl-208    площадь 2.639E-012  порог 3.406E-009  НИЖЕ ПОРОГА
    1657.33 = 583.19+87.30+982.70  Tl-208    площадь 3.881E-012  порог 3.406E-009  НИЖЕ ПОРОГА
     748.65 = 583.19+87.30+72.81  Tl-208    площадь 9.844E-010  порог 3.406E-009  НИЖЕ ПОРОГА
     750.80 = 583.19+87.30+74.97  Tl-208    площадь 1.657E-009  порог 3.406E-009  НИЖЕ ПОРОГА
     760.76 = 583.19+87.30+84.99  Tl-208    площадь 5.805E-010  порог 3.406E-009  НИЖЕ ПОРОГА
    1535.19 = 583.19+87.30+860.56  Tl-208    площадь 0.000E+000  порог 3.406E-009  НИЖЕ ПОРОГА

=== перечень сумм-пиков и раскладка CF (F25) ===

компонент: Th-228

Coincidence sum peaks — площади на распад родителя цепочки
(площадь уже с обеими пиковыми эффективностями и с множителем
 выживания третьего кванта S_ij; второй раз эффективность не применять)

   E сумм, кэВ        слагаемые, кэВ         нуклид        площадь
      1095.55   510.77+583.19           Tl-208       3.4061E-005
      3199.33   583.19+2614.53          Tl-208       2.6187E-005
       380.00   300.09+77.11            Pb-212       2.1567E-005
       862.43   277.36+583.19           Tl-208       1.6789E-005
       377.71   300.09+74.82            Pb-212       1.2724E-005
       660.87   583.19+74.97            Tl-208       9.3961E-006
       417.89   300.09+115.18           Pb-212       8.6619E-006
      3126.97   510.77+2614.53          Tl-208       7.8293E-006
       390.23   300.09+87.39            Pb-212       7.4460E-006
       658.71   583.19+72.81            Tl-208       5.5773E-006
      2893.85   277.36+2614.53          Tl-208       3.8875E-006
       670.83   583.19+84.99            Tl-208       3.2868E-006
      2692.22   2614.53+74.97           Tl-208       2.7629E-006
      3476.56   860.56+2614.53          Tl-208       2.6865E-006
      1514.18   785.37+727.33           Bi-212       2.4801E-006
       392.61   300.09+89.78            Pb-212       2.2718E-006
       195.34   115.18+77.11            Pb-212       2.2648E-006
       765.35   252.61+510.77           Tl-208       1.9314E-006
      1347.84   763.13+583.19           Tl-208       1.8498E-006
       837.74   252.61+583.19           Tl-208       1.8433E-006
      2690.06   2614.53+72.81           Tl-208       1.6391E-006
       588.46   510.77+74.97            Tl-208       1.0535E-006
       673.13   583.19+87.30            Tl-208       9.9340E-007
      2702.18   2614.53+84.99           Tl-208       9.6842E-007
      1807.45   1078.62+727.33          Bi-212       9.3038E-007
      1622.22   893.41+727.33           Bi-212       7.4944E-007
      1680.94   952.12+727.33           Bi-212       3.1060E-007
       457.57   300.09+74.82+77.11      Pb-212       2.3883E-007
       330.88   288.20+39.86            Bi-212       2.0233E-007
       495.42   452.80+39.86            Bi-212       1.4421E-007
       115.72   39.86+72.87             Bi-212       1.3550E-007

  срез Tl-208: в образе 17 сумм из 37 кандидатов — 99.13 % их площади (правило 99 % Σ, не более 96); срезано 20 (Σ 1.07E-006); подпороговых (SumPeakFloor) 39 (Σ 6.53E-006, 5.01 % всего посчитанного); в образе 94.16 % всего посчитанного
  срез Pb-212: в образе 7 сумм из 15 кандидатов — 99.41 % их площади (правило 99 % Σ, не более 96); срезано 8 (Σ 3.26E-007); подпороговых (SumPeakFloor) 7 (Σ 2.89E-006, 4.94 % всего посчитанного); в образе 94.50 % всего посчитанного
  срез Bi-212: в образе 7 сумм из 7 кандидатов — 100.00 % их площади (правило 99 % Σ, не более 96); срезано 0 (Σ 0.00E+000); подпороговых (SumPeakFloor) 0 (Σ 0.00E+000, 0.00 % всего посчитанного); в образе 100.00 % всего посчитанного
  срез Ra-224: в образе 0 сумм из 0 кандидатов — 0.00 % их площади (правило 99 % Σ, не более 96); срезано 0 (Σ 0.00E+000); подпороговых (SumPeakFloor) 4 (Σ 1.03E-010, 100.00 % всего посчитанного); в образе 0.00 % всего посчитанного

  посчитано, но в образ НЕ идёт (78: срез 99 % Σ площади нуклида, не более 96, и порог SumPeakFloor):
       193.05   115.18+74.82            Pb-212       1.3436E-006  (не в образе: порог)
       205.60   115.18+87.39            Pb-212       7.8914E-007  (не в образе: порог)
       586.31   510.77+72.81            Tl-208       6.2566E-007  (не в образе: срез)
       724.26   211.40+510.77           Tl-208       5.5274E-007  (не в образе: порог)
       796.65   211.40+583.19           Tl-208       5.2711E-007  (не в образе: порог)
       355.15   277.36+74.97            Tl-208       5.1699E-007  (не в образе: порог)
       512.95   233.36+277.36           Tl-208       5.0946E-007  (не в образе: порог)
      2869.15   252.61+2614.53          Tl-208       4.3841E-007  (не в образе: порог)
      3379.17   763.13+2614.53          Tl-208       4.2358E-007  (не в образе: порог)
       818.54   233.36+583.19           Tl-208       3.8166E-007  (не в образе: порог)
       598.43   510.77+84.99            Tl-208       3.6887E-007  (не в образе: порог)
      1095.87   233.36+860.56           Tl-208       3.5167E-007  (не в образе: порог)
       352.99   277.36+72.81            Tl-208       3.0703E-007  (не в образе: порог)
      2704.49   2614.53+87.30           Tl-208       2.9284E-007  (не в образе: порог)
       318.59   238.63+77.11            Pb-212       2.4957E-007  (не в образе: порог)
       207.99   115.18+89.78            Pb-212       2.4157E-007  (не в образе: порог)
      1306.75   722.04+583.19           Tl-208       2.1599E-007  (не в образе: порог)
      2849.93   233.36+2614.53          Tl-208       2.0953E-007  (не в образе: порог)
       365.13   277.36+84.99            Tl-208       1.8101E-007  (не в образе: порог)
      1567.41   982.70+583.19           Tl-208       1.5942E-007  (не в образе: порог)
      3711.46   510.77+583.19+2614.53   Tl-208       1.5779E-007  (не в образе: срез)
       316.31   238.63+74.82            Pb-212       1.4854E-007  (не в образе: порог)
       470.09   300.09+77.11+87.39      Pb-212       1.4056E-007  (не в образе: срез)
       938.22   860.56+74.97            Tl-208       1.2970E-007  (не в образе: порог)
      2828.04   211.40+2614.53          Tl-208       1.2613E-007  (не в образе: порог)
       600.73   510.77+87.30            Tl-208       1.1153E-007  (не в образе: порог)
      1512.30   927.60+583.19           Tl-208       1.0876E-007  (не в образе: порог)
       328.84   238.63+87.39            Pb-212       8.7402E-008  (не в образе: порог)
       467.81   300.09+74.82+87.39      Pb-212       8.3654E-008  (не в образе: срез)
      3478.43   277.36+583.19+2614.53   Tl-208       7.7701E-008  (не в образе: срез)
       936.07   860.56+72.81            Tl-208       7.7053E-008  (не в образе: порог)
      3709.82   1093.90+2614.53         Tl-208       6.7695E-008  (не в образе: порог)
       840.79   763.13+74.97            Tl-208       5.6758E-008  (не в образе: порог)
       367.44   277.36+87.30            Tl-208       5.4730E-008  (не в образе: порог)
       488.25   252.61+233.36           Tl-208       5.1569E-008  (не в образе: порог)
      3338.10   722.04+2614.53          Tl-208       4.9418E-008  (не в образе: порог)
       948.18   860.56+84.99            Tl-208       4.5406E-008  (не в образе: порог)
       472.47   300.09+77.11+89.78      Pb-212       4.3110E-008  (не в образе: срез)
      3276.96   583.19+2614.53+74.97    Tl-208       4.1789E-008  (не в образе: срез)
      1350.06   252.61+510.77+583.19    Tl-208       3.9535E-008  (не в образе: срез)
      3598.65   982.70+2614.53          Tl-208       3.7331E-008  (не в образе: порог)
       838.64   763.13+72.81            Tl-208       3.3711E-008  (не в образе: порог)
       331.22   238.63+89.78            Pb-212       2.6804E-008  (не в образе: порог)
       470.19   300.09+74.82+89.78      Pb-212       2.5656E-008  (не в образе: срез)
      3543.57   927.60+2614.53          Tl-208       2.5339E-008  (не в образе: порог)
      3274.80   583.19+2614.53+72.81    Tl-208       2.4826E-008  (не в образе: срез)
       532.17   252.61+277.36           Tl-208       2.1436E-008  (не в образе: порог)
       850.75   763.13+84.99            Tl-208       1.9869E-008  (не в образе: порог)
      1348.41   252.61+1093.90          Tl-208       1.6594E-008  (не в образе: порог)
       482.70   300.09+87.39+89.78      Pb-212       1.5096E-008  (не в образе: срез)
      1115.07   252.61+860.56           Tl-208       1.4797E-008  (не в образе: порог)
       447.13   211.40+233.36           Tl-208       1.4744E-008  (не в образе: порог)
      3286.92   583.19+2614.53+84.99    Tl-208       1.4639E-008  (не в образе: срез)
       950.48   860.56+87.30            Tl-208       1.3730E-008  (не в образе: порог)
      1308.97   211.40+510.77+583.19    Tl-208       1.1314E-008  (не в образе: срез)
      1097.73   233.36+277.36+583.19    Tl-208       1.0447E-008  (не в образе: срез)
       273.07   115.18+74.82+77.11      Pb-212       9.3256E-009  (не в образе: срез)
       736.38   583.19+72.81+74.97      Tl-208       9.2948E-009  (не в образе: срез)
      3381.39   252.61+510.77+2614.53   Tl-208       9.2881E-009  (не в образе: срез)
      3453.75   252.61+583.19+2614.53   Tl-208       8.8767E-009  (не в образе: срез)
      3963.66   583.19+2614.53+763.13   Tl-208       8.4177E-009  (не в образе: срез)
      1173.21   510.77+583.19+74.97     Tl-208       7.7465E-009  (не в образе: срез)
       491.05   211.40+277.36           Tl-208       6.1309E-009  (не в образе: порог)
       853.05   763.13+87.30            Tl-208       6.0075E-009  (не в образе: порог)
       285.60   115.18+77.11+87.39      Pb-212       5.4881E-009  (не в образе: срез)
       748.50   583.19+74.97+84.99      Tl-208       5.4814E-009  (не в образе: срез)
      1307.32   211.40+1093.90          Tl-208       4.7624E-009  (не в образе: порог)
      1171.05   510.77+583.19+72.81     Tl-208       4.6020E-009  (не в образе: срез)
      3204.60   510.77+2614.53+74.97    Tl-208       4.4697E-009  (не в образе: срез)
      3289.22   583.19+2614.53+87.30    Tl-208       4.4275E-009  (не в образе: срез)
       915.40   583.19+74.97+252.61     Tl-208       4.3775E-009  (не в образе: срез)
      1073.98   211.40+860.56           Tl-208       4.2393E-009  (не в образе: порог)
       940.09   277.36+583.19+74.97     Tl-208       3.8146E-009  (не в образе: срез)
       283.31   115.18+74.82+87.39      Pb-212       3.2664E-009  (не в образе: срез)
       327.60   240.99+83.79            Ra-224       5.0109E-011  (не в образе: порог)
       324.89   240.99+81.07            Ra-224       3.0150E-011  (не в образе: порог)
       338.64   240.99+94.88            Ra-224       1.7453E-011  (не в образе: порог)
       341.28   240.99+97.53            Ra-224       5.5982E-012  (не в образе: порог)

Раскладка CF по линиям (A_ист = A_набл · CF)
вынос — партнёр задел кристалл; влёт — сумма пары попала в окно линии

     E, кэВ   нуклид          CF     вынос     влёт   прямая площадь
      81.07   Ra-224        1.0000    0.0000   0.0000    7.1134E-005
      83.79   Ra-224        1.0000    0.0000   0.0000    1.1823E-004
      94.88   Ra-224        1.0000    0.0000   0.0000    4.1191E-005
      97.53   Ra-224        1.0000    0.0000   0.0000    1.3213E-005
     240.99   Ra-224        1.0000    0.0000   0.0000    1.7781E-003
      74.82   Pb-212        1.0035    0.0035   0.0000    5.4340E-003
      77.11   Pb-212        1.0035    0.0035   0.0000    9.1298E-003
      87.39   Pb-212        1.0035    0.0035   0.0000    3.1979E-003
      89.78   Pb-212        1.0035    0.0035   0.0000    9.8076E-004
     115.18   Pb-212        1.0527    0.0500   0.0000    3.3287E-004
     238.63   Pb-212        1.0000    0.0000   0.0000    1.9036E-002
     300.09   Pb-212        1.0531    0.0504   0.0000    1.2117E-003
      39.86   Bi-212        1.0016    0.0015   0.0000    4.2451E-004
      72.87   Bi-212        1.0036    0.0036   0.0000    4.9951E-005
     288.20   Bi-212        1.0021    0.0021   0.0000    1.2875E-004
     328.03   Bi-212        1.0000    0.0000   0.0000    4.2849E-005
     452.98   Bi-212        1.0021    0.0021   0.0000    9.1800E-005
     727.33   Bi-212        1.0110    0.0109   0.0000    1.0473E-003
     785.37   Bi-212        1.0366    0.0353   0.0000    1.6027E-004
     893.41   Bi-212        1.0366    0.0353   0.0000    4.8533E-005
     952.12   Bi-212        1.0366    0.0353   0.0000    2.0136E-005
    1078.62   Bi-212        1.0366    0.0353   0.0000    6.0480E-005
    1512.70   Bi-212        1.0000    0.0000   0.0000    2.2525E-005
    1620.50   Bi-212        1.0000    0.0000   0.0000    1.0694E-004
    1806.00   Bi-212        1.0000    0.0000   0.0000    5.8854E-006
      72.81   Tl-208        1.0592    0.0559   0.0000    1.1013E-003
      74.97   Tl-208        1.0592    0.0559   0.0000    1.8539E-003
      84.99   Tl-208        1.0592    0.0559   0.0000    6.4945E-004
      87.30   Tl-208        1.0592    0.0559   0.0000    1.9642E-004
     277.37   Tl-208        1.0682    0.0638   0.0000    2.4810E-003
     510.77   Tl-208        1.0692    0.0647   0.0000    5.0559E-003
     583.19   Tl-208        1.0461    0.0441   0.0000    1.6536E-002
     763.13   Tl-208        1.0673    0.0631   0.0000    2.7181E-004
     860.56   Tl-208        1.0271    0.0264   0.0000    1.6531E-003
    2614.51   Tl-208        1.0571    0.0540   0.0000    4.4791E-003

компонент: Xray-NaI

Coincidence sum peaks — площади на распад родителя цепочки
(площадь уже с обеими пиковыми эффективностями и с множителем
 выживания третьего кванта S_ij; второй раз эффективность не применять)

  нет: либо пары не нашлись, либо все суммы попали в окна линий
  (попавшая сумма учтена влётом в CF своей линии — см. ниже)

Раскладка CF по линиям (A_ист = A_набл · CF)
вынос — партнёр задел кристалл; влёт — сумма пары попала в окно линии

  нет линий, сошедшихся с базой совпадений

компонент: Esc-NaI

Coincidence sum peaks — площади на распад родителя цепочки
(площадь уже с обеими пиковыми эффективностями и с множителем
 выживания третьего кванта S_ij; второй раз эффективность не применять)

  нет: либо пары не нашлись, либо все суммы попали в окна линий
  (попавшая сумма учтена влётом в CF своей линии — см. ниже)

Раскладка CF по линиям (A_ист = A_набл · CF)
вынос — партнёр задел кристалл; влёт — сумма пары попала в окно линии

  нет линий, сошедшихся с базой совпадений

компонент: SE-2615

Coincidence sum peaks — площади на распад родителя цепочки
(площадь уже с обеими пиковыми эффективностями и с множителем
 выживания третьего кванта S_ij; второй раз эффективность не применять)

  нет: либо пары не нашлись, либо все суммы попали в окна линий
  (попавшая сумма учтена влётом в CF своей линии — см. ниже)

Раскладка CF по линиям (A_ист = A_набл · CF)
вынос — партнёр задел кристалл; влёт — сумма пары попала в окно линии

  нет линий, сошедшихся с базой совпадений

компонент: DE-2615

Coincidence sum peaks — площади на распад родителя цепочки
(площадь уже с обеими пиковыми эффективностями и с множителем
 выживания третьего кванта S_ij; второй раз эффективность не применять)

  нет: либо пары не нашлись, либо все суммы попали в окна линий
  (попавшая сумма учтена влётом в CF своей линии — см. ниже)

Раскладка CF по линиям (A_ист = A_набл · CF)
вынос — партнёр задел кристалл; влёт — сумма пары попала в окно линии

  нет линий, сошедшихся с базой совпадений

компонент: SE-1620

Coincidence sum peaks — площади на распад родителя цепочки
(площадь уже с обеими пиковыми эффективностями и с множителем
 выживания третьего кванта S_ij; второй раз эффективность не применять)

  нет: либо пары не нашлись, либо все суммы попали в окна линий
  (попавшая сумма учтена влётом в CF своей линии — см. ниже)

Раскладка CF по линиям (A_ист = A_набл · CF)
вынос — партнёр задел кристалл; влёт — сумма пары попала в окно линии

  нет линий, сошедшихся с базой совпадений

компонент: DE-1620

Coincidence sum peaks — площади на распад родителя цепочки
(площадь уже с обеими пиковыми эффективностями и с множителем
 выживания третьего кванта S_ij; второй раз эффективность не применять)

  нет: либо пары не нашлись, либо все суммы попали в окна линий
  (попавшая сумма учтена влётом в CF своей линии — см. ниже)

Раскладка CF по линиям (A_ист = A_набл · CF)
вынос — партнёр задел кристалл; влёт — сумма пары попала в окно линии

  нет линий, сошедшихся с базой совпадений

компонент: Ann-511

Coincidence sum peaks — площади на распад родителя цепочки
(площадь уже с обеими пиковыми эффективностями и с множителем
 выживания третьего кванта S_ij; второй раз эффективность не применять)

  нет: либо пары не нашлись, либо все суммы попали в окна линий
  (попавшая сумма учтена влётом в CF своей линии — см. ниже)

Раскладка CF по линиям (A_ист = A_набл · CF)
вынос — партнёр задел кристалл; влёт — сумма пары попала в окно линии

  нет линий, сошедшихся с базой совпадений
SETUP	против поставочного разбора изменено [первое плечо]: PileUp True → False

=== случайные наложения ===
загрузка: 209 имп/с (3.761E+005 отсчётов за 1800 с)
chi2/ndf без наложений 4.132, с наложениями 4.132  (326 мс)

                  без матрицы      матрица   +только CF   +сумм-пики
chi2/ndf                4.139        4.123        4.141        4.132
мс                        267          263          332          484
усиление              1.00000      1.01402      1.01418      1.01417
ноль, каналов            0.00        -0.44        -0.43        -0.42
дрейф на краю           False        False        False        False
пометка                     -          нет           да           да

слой, %           без матрицы      матрица   +только CF   +сумм-пики
Pb-212                  48.34        49.36        49.83        49.87
Tl-208                  29.57        38.96        38.38        38.37
Bi-212                   4.57         7.83         7.90         7.89
Ra-224                   2.76         2.77         2.80         2.80
Th-228                   0.99         1.00         1.02         1.02
Rn-220                   0.05         0.05         0.05         0.05
Backscatter              9.30            -            -            -
SE-2615                  2.07            -            -            -
DE-1620                  1.36            -            -            -
DE-2615                  0.71            -            -            -
Xray-NaI                 0.26            -            -            -
continuum                0.02         0.01         0.01            -

=== подслой сумм-пиков (отрисовка) ===
    Pb-212         суммы        191 из     154674 отсчётов =   0.1 %
    Bi-212         суммы         17 из      22479 отсчётов =   0.1 %
    Tl-208         суммы        322 из      94007 отсчётов =   0.3 %

=== остаточные превышения (модель со всем) ===
       258.4 кэВ   избыток       6988      46.3 сигм
       129.6 кэВ   избыток       2199      21.2 сигм
        58.7 кэВ   избыток       1491      16.6 сигм
      2568.3 кэВ   избыток        868      15.9 сигм
        14.3 кэВ   избыток        712      15.0 сигм
       196.2 кэВ   избыток       1014      11.0 сигм
        67.5 кэВ   избыток       1742      10.1 сигм
       513.6 кэВ   избыток        657       7.7 сигм
      1549.9 кэВ   избыток        211       5.8 сигм
       114.8 кэВ   избыток        400       4.4 сигм
       625.1 кэВ   избыток        249       4.0 сигм
      2102.3 кэВ   избыток        165       3.5 сигм
NuclideDefinitionManager за прогон: обращений 0
