ch,keV,net,model,continuum_raw,Pb-214,Bi-214,Pb-212,Tl-208,Ra-224,Esc-CsI
0,-5.910,0.000,0.000,0.000,0.000,0.000,0.000,0.000,0.000,0.000
1,-5.534,0.000,0.000,0.000,0.000,0.000,0.000,0.000,0.000,0.000
2,-5.158,0.000,0.000,0.000,0.000,0.000,0.000,0.000,0.000,0.000
3,-4.782,0.000,0.000,0.000,0.000,0.000,0.000,0.000,0.000,0.000
4,-4.406,0.000,0.000,0.000,0.000,0.000,0.000,0.000,0.000,0.000
5,-4.030,0.716,0.000,0.000,0.000,0.000,0.000,0.000,0.000,0.000
6,-3.654,2.705,0.000,0.000,0.000,0.000,0.000,0.000,0.000,0.000
7,-3.278,4.587,0.000,0.000,0.000,0.000,0.000,0.000,0.000,0.000
8,-2.902,13.510,0.000,0.000,0.000,0.000,0.000,0.000,0.000,0.000
9,-2.526,18.677,0.000,0.000,0.000,0.000,0.000,0.000,0.000,0.000
10,-2.150,29.841,0.000,0.000,0.000,0.000,0.000,0.000,0.000,0.000
11,-1.774,28.630,0.000,0.000,0.000,0.000,0.000,0.000,0.000,0.000
12,-1.398,27.754,0.000,0.000,0.000,0.000,0.000,0.000,0.000,0.000
13,-1.022,28.539,0.000,0.000,0.000,0.000,0.000,0.000,0.000,0.000
14,-0.646,19.409,0.000,0.000,0.000,0.000,0.000,0.000,0.000,0.000
15,-0.269,26.454,0.000,0.000,0.000,0.000,0.000,0.000,0.000,0.000
16,0.107,20.658,0.000,0.000,0.000,0.000,0.000,0.000,0.000,0.000
17,0.483,18.622,0.000,0.000,0.000,0.000,0.000,0.000,0.000,0.000
18,0.859,17.490,181.434,170.803,83.883,61.734,7.912,3.866,0.400,23.639
19,1.235,9.524,185.209,173.709,85.317,62.789,8.047,3.932,0.407,24.717
20,1.611,17.176,188.842,176.431,86.662,63.778,8.174,3.994,0.413,25.821
21,1.988,12.490,192.356,178.994,87.930,64.710,8.293,4.053,0.419,26.952
22,2.364,8.592,195.771,181.421,89.132,65.593,8.406,4.108,0.425,28.107
23,2.740,19.240,199.104,183.733,90.279,66.436,8.514,4.161,0.430,29.283
24,3.116,34.471,202.371,185.954,91.383,67.246,8.618,4.211,0.435,30.478
25,3.493,69.402,205.587,188.100,92.452,68.030,8.719,4.260,0.441,31.686
26,3.869,106.376,208.762,190.191,93.496,68.794,8.816,4.308,0.445,32.902
27,4.245,149.376,211.905,192.241,94.522,69.545,8.913,4.355,0.450,34.120
28,4.622,190.106,215.022,194.265,95.537,70.286,9.008,4.402,0.455,35.334
29,4.998,195.652,218.115,196.272,96.548,71.023,9.102,4.448,0.460,36.534
30,5.374,228.446,221.185,198.272,97.559,71.757,9.196,4.494,0.465,37.714
31,5.751,264.008,224.231,200.273,98.575,72.493,9.290,4.540,0.469,38.865
32,6.127,277.178,227.250,202.278,99.597,73.230,9.385,4.586,0.474,39.977
33,6.504,269.082,230.236,204.290,100.629,73.972,9.480,4.633,0.479,41.044
34,6.880,265.235,233.182,206.311,101.671,74.716,9.575,4.679,0.484,42.056
35,7.257,297.085,236.081,208.337,102.724,75.464,9.671,4.726,0.489,43.006
36,7.633,311.105,238.922,210.367,103.788,76.214,9.767,4.773,0.493,43.886
37,8.010,316.285,241.695,212.395,104.860,76.964,9.863,4.820,0.498,44.689
38,8.386,307.059,244.391,214.413,105.940,77.711,9.959,4.867,0.503,45.411
39,8.763,328.288,246.996,216.413,107.023,78.452,10.054,4.913,0.508,46.046
40,9.139,329.320,249.501,218.384,108.108,79.183,10.148,4.959,0.513,46.590
41,9.516,345.290,251.891,220.313,109.189,79.900,10.240,5.004,0.517,47.042
42,9.892,377.231,254.157,222.187,110.261,80.597,10.329,5.048,0.522,47.400
43,10.269,384.868,256.285,223.991,111.321,81.269,10.415,5.090,0.526,47.664
44,10.646,347.783,258.264,225.706,112.361,81.910,10.497,5.130,0.530,47.836
45,11.022,388.790,260.081,227.317,113.375,82.513,10.575,5.167,0.534,47.917
46,11.399,376.753,261.727,228.804,114.357,83.071,10.646,5.202,0.538,47.912
47,11.775,376.009,263.189,230.148,115.300,83.578,10.711,5.234,0.541,47.824
48,12.152,412.003,264.456,231.329,116.197,84.026,10.769,5.262,0.544,47.658
49,12.529,365.309,265.520,232.328,117.041,84.408,10.818,5.286,0.547,47.421
50,12.906,369.032,266.370,233.125,117.823,84.717,10.857,5.306,0.549,47.119
51,13.282,369.671,266.999,233.703,118.539,84.946,10.887,5.320,0.550,46.757
52,13.659,359.640,267.398,234.042,119.180,85.090,10.905,5.329,0.551,46.344
53,14.036,386.472,267.562,234.129,119.741,85.141,10.911,5.332,0.551,45.886
54,14.413,350.462,267.486,233.948,120.217,85.095,10.906,5.329,0.551,45.389
55,14.789,369.350,267.166,233.489,120.602,84.947,10.887,5.320,0.550,44.860
56,15.166,398.308,266.601,232.743,120.893,84.695,10.854,5.304,0.548,44.305
57,15.543,317.305,265.792,231.704,121.088,84.337,10.809,5.282,0.546,43.730
58,15.920,366.085,264.741,230.372,121.184,83.872,10.749,5.253,0.543,43.140
59,16.297,367.071,263.454,228.746,121.182,83.300,10.676,5.217,0.539,42.540
60,16.674,379.819,261.939,226.834,121.083,82.623,10.589,5.175,0.535,41.933
61,17.051,351.658,260.205,224.645,120.890,81.846,10.490,5.126,0.530,41.324
62,17.427,386.627,258.267,222.192,120.606,80.972,10.378,5.071,0.524,40.716
63,17.804,360.888,256.139,219.494,120.236,80.009,10.254,5.011,0.518,40.111
64,18.181,341.195,253.840,216.571,119.787,78.964,10.121,4.946,0.511,39.511
65,18.558,355.978,251.390,213.449,119.268,77.846,9.978,4.876,0.504,38.919
66,18.935,341.007,248.812,210.154,118.687,76.664,9.827,4.802,0.496,38.336
67,19.312,318.140,246.131,206.718,118.054,75.431,9.669,4.725,0.488,37.764
68,19.689,307.790,243.373,203.172,117.380,74.158,9.506,4.646,0.480,37.203
69,20.066,310.516,240.566,199.551,116.677,72.857,9.340,4.564,0.472,36.656
70,20.443,304.328,237.738,195.888,115.955,71.541,9.172,4.482,0.463,36.123
71,20.820,255.439,234.917,192.220,115.228,70.222,9.004,4.400,0.455,35.607
72,21.198,246.888,232.134,188.580,114.508,68.914,8.838,4.319,0.446,35.108
73,21.575,218.972,229.416,185.002,113.807,67.628,8.675,4.239,0.438,34.629
74,21.952,239.786,226.791,181.518,113.135,66.377,8.516,4.162,0.430,34.171
75,22.329,205.699,224.287,178.158,112.506,65.171,8.364,4.087,0.422,33.737
76,22.706,182.469,221.928,174.948,111.928,64.020,8.220,4.017,0.414,33.329
77,23.083,206.325,219.738,171.914,111.412,62.934,8.084,3.950,0.407,32.951
78,23.460,188.188,217.740,169.077,110.966,61.919,7.958,3.888,0.401,32.606
79,23.838,222.289,215.952,166.453,110.599,60.984,7.844,3.832,0.395,32.298
80,24.215,183.736,214.394,164.058,110.317,60.134,7.741,3.781,0.389,32.031
81,24.592,198.197,213.080,161.901,110.126,59.371,7.651,3.737,0.384,31.811
82,24.969,222.630,212.025,159.991,110.031,58.701,7.574,3.698,0.380,31.641
83,25.346,185.010,211.240,158.329,110.036,58.123,7.510,3.666,0.376,31.529
84,25.724,198.317,210.736,156.917,110.143,57.639,7.460,3.640,0.373,31.480
85,26.101,165.629,210.521,155.752,110.355,57.248,7.425,3.621,0.370,31.501
86,26.478,207.214,210.602,154.828,110.673,56.949,7.403,3.609,0.368,31.600
87,26.856,185.590,210.986,154.139,111.098,56.740,7.396,3.603,0.367,31.783
88,27.233,197.125,211.676,153.674,111.629,56.617,7.403,3.603,0.366,32.059
89,27.610,179.856,212.678,153.423,112.266,56.578,7.424,3.609,0.365,32.436
90,27.988,186.243,213.994,153.373,113.008,56.618,7.458,3.621,0.365,32.922
91,28.365,194.554,215.627,153.510,113.853,56.735,7.507,3.640,0.366,33.526
92,28.743,204.217,217.580,153.821,114.800,56.922,7.569,3.664,0.367,34.258
93,29.120,243.840,219.855,154.291,115.847,57.178,7.645,3.693,0.368,35.124
94,29.497,191.928,222.454,154.908,116.992,57.496,7.734,3.727,0.370,36.135
95,29.875,206.072,225.377,155.655,118.231,57.874,7.837,3.767,0.372,37.296
96,30.252,169.944,228.626,156.521,119.564,58.307,7.952,3.811,0.375,38.616
97,30.630,149.777,231.115,156.408,120.451,58.393,8.029,3.835,0.375,40.031
98,31.007,238.210,233.928,156.387,121.425,58.528,8.120,3.864,0.375,41.617
99,31.385,157.311,237.063,156.449,122.483,58.709,8.222,3.896,0.376,43.377
100,31.763,204.915,240.516,156.581,123.621,58.933,8.338,3.932,0.376,45.315
101,32.140,179.863,244.282,156.776,124.837,59.199,8.466,3.972,0.378,47.430
102,32.518,162.658,248.355,157.023,126.126,59.505,8.606,4.016,0.379,49.722
103,32.895,191.761,252.724,157.316,127.484,59.850,8.759,4.063,0.380,52.188
104,33.273,237.696,257.379,157.647,128.906,60.232,8.923,4.113,0.382,54.823
105,33.651,173.373,262.306,158.011,130.387,60.650,9.099,4.166,0.383,57.620
106,34.028,196.033,267.487,158.402,131.922,61.104,9.286,4.222,0.385,60.567
107,34.406,170.673,272.903,158.816,133.505,61.594,9.483,4.280,0.387,63.653
108,34.783,181.974,278.531,159.248,135.130,62.119,9.691,4.340,0.390,66.863
109,35.161,187.637,284.347,159.695,136.789,62.678,9.907,4.403,0.392,70.179
110,35.539,174.199,290.322,160.156,138.476,63.271,10.132,4.466,0.395,73.582
111,35.917,169.991,296.425,160.626,140.183,63.898,10.365,4.532,0.397,77.050
112,36.294,242.555,302.623,161.104,141.903,64.558,10.603,4.598,0.400,80.559
113,36.672,185.358,308.880,161.589,143.628,65.251,10.847,4.665,0.403,84.085
114,37.050,255.477,315.160,162.079,145.350,65.976,11.095,4.733,0.407,87.599
115,37.428,233.355,321.423,162.574,147.061,66.731,11.345,4.801,0.410,91.076
116,37.806,184.042,327.631,163.071,148.752,67.516,11.596,4.868,0.414,94.485
117,38.183,236.798,333.743,163.571,150.416,68.329,11.847,4.936,0.417,97.798
118,38.561,265.212,339.721,164.073,152.045,69.168,12.096,5.002,0.421,100.988
119,38.939,269.533,345.525,164.576,153.632,70.031,12.341,5.068,0.426,104.027
120,39.317,267.817,351.118,165.081,155.170,70.917,12.581,5.132,0.430,106.888
121,39.695,259.658,356.465,165.586,156.652,71.822,12.815,5.195,0.435,109.546
122,40.073,301.241,361.533,166.092,158.074,72.744,13.040,5.256,0.440,111.979
123,40.451,281.111,366.293,166.599,159.429,73.680,13.257,5.315,0.445,114.167
124,40.829,331.165,370.717,167.106,160.714,74.627,13.462,5.373,0.450,116.092
125,41.207,343.158,374.784,167.613,161.924,75.581,13.656,5.427,0.455,117.740
126,41.585,361.038,378.476,168.121,163.058,76.540,13.837,5.480,0.461,119.100
127,41.963,365.066,381.778,168.629,164.113,77.500,14.004,5.530,0.467,120.165
128,42.341,319.138,384.683,169.136,165.087,78.458,14.157,5.578,0.473,120.931
129,42.719,381.565,387.185,169.644,165.981,79.409,14.295,5.623,0.479,121.398
130,43.097,379.987,389.286,170.152,166.795,80.352,14.418,5.666,0.485,121.570
131,43.475,336.235,390.990,170.660,167.530,81.283,14.526,5.706,0.491,121.455
132,43.853,401.289,392.307,171.168,168.187,82.198,14.619,5.744,0.497,121.062
133,44.231,369.338,393.251,171.676,168.769,83.095,14.698,5.779,0.503,120.407
134,44.609,383.888,393.840,172.184,169.278,83.972,14.763,5.812,0.510,119.505
135,44.987,361.776,394.093,172.692,169.718,84.825,14.814,5.844,0.516,118.376
136,45.365,407.471,394.035,173.200,170.092,85.654,14.853,5.873,0.522,117.041
137,45.743,431.591,393.691,173.708,170.404,86.456,14.880,5.901,0.529,115.522
138,46.122,402.845,393.091,174.216,170.658,87.230,14.898,5.927,0.535,113.844
139,46.500,425.166,392.261,174.724,170.858,87.975,14.906,5.951,0.541,112.031
140,46.878,383.484,391.234,175.232,171.009,88.690,14.906,5.975,0.547,110.108
141,47.256,430.628,390.038,175.740,171.114,89.374,14.901,5.997,0.553,108.099
142,47.634,433.159,388.704,176.248,171.180,90.028,14.890,6.019,0.558,106.028
143,48.013,416.701,387.261,176.756,171.209,90.652,14.877,6.040,0.564,103.919
144,48.391,412.903,385.737,177.264,171.208,91.246,14.862,6.061,0.569,101.792
145,48.769,398.036,384.160,177.772,171.180,91.812,14.847,6.082,0.574,99.666
146,49.147,399.352,382.555,178.280,171.131,92.349,14.833,6.102,0.579,97.560
147,49.526,421.682,380.944,178.788,171.066,92.860,14.823,6.123,0.583,95.489
148,49.904,429.092,379.351,179.296,170.991,93.346,14.817,6.144,0.588,93.465
149,50.283,373.271,377.794,179.804,170.911,93.808,14.817,6.166,0.592,91.500
150,50.661,441.984,376.292,180.312,170.833,94.248,14.825,6.189,0.596,89.601
151,51.039,464.534,374.860,180.820,170.764,94.668,14.841,6.212,0.600,87.774
152,51.418,489.305,373.513,181.328,170.711,95.071,14.868,6.237,0.603,86.023
153,51.796,436.168,372.263,181.836,170.682,95.457,14.906,6.263,0.606,84.348
154,52.175,483.079,371.123,182.344,170.686,95.829,14.958,6.290,0.610,82.750
155,52.553,456.205,370.102,182.852,170.733,96.189,15.024,6.320,0.613,81.224
156,52.931,447.426,369.210,183.360,170.832,96.539,15.106,6.351,0.615,79.768
157,53.310,485.142,368.458,183.868,170.996,96.880,15.204,6.384,0.618,78.375
158,53.688,508.133,367.853,184.376,171.236,97.216,15.322,6.420,0.621,77.039
159,54.067,518.219,367.405,184.884,171.565,97.548,15.459,6.459,0.623,75.752
160,54.445,492.183,367.124,185.392,171.998,97.877,15.618,6.500,0.625,74.506
161,54.824,429.255,367.020,185.900,172.548,98.206,15.800,6.544,0.628,73.294
162,55.203,456.046,367.104,186.408,173.233,98.537,16.007,6.591,0.630,72.106
163,55.581,445.168,367.387,186.916,174.068,98.870,16.241,6.642,0.632,70.934
164,55.960,478.093,367.882,187.424,175.071,99.209,16.502,6.696,0.634,69.770
165,56.338,549.535,368.604,187.932,176.258,99.554,16.794,6.754,0.637,68.608
166,56.717,496.045,369.568,188.440,177.649,99.907,17.118,6.816,0.639,67.439
167,57.096,522.409,370.789,188.948,179.260,100.271,17.476,6.882,0.641,66.259
168,57.474,512.347,372.284,189.456,181.112,100.646,17.870,6.952,0.644,65.061
169,57.853,455.120,374.072,189.964,183.221,101.034,18.302,7.027,0.646,63.843
170,58.232,532.519,376.171,190.472,185.606,101.437,18.774,7.107,0.649,62.599
171,58.610,505.183,378.600,190.980,188.285,101.856,19.288,7.191,0.651,61.329
172,58.989,498.000,381.377,191.488,191.274,102.293,19.846,7.279,0.654,60.030
173,59.368,517.399,384.523,191.996,194.590,102.750,20.451,7.373,0.657,58.703
174,59.747,497.024,388.054,192.504,198.246,103.227,21.103,7.471,0.660,57.347
175,60.125,513.947,391.989,193.012,202.255,103.727,21.805,7.574,0.663,55.965
176,60.504,467.114,396.343,193.520,206.630,104.251,22.557,7.681,0.667,54.557
177,60.883,457.673,401.132,194.028,211.380,104.800,23.362,7.793,0.670,53.127
178,61.262,377.285,406.366,194.536,216.510,105.377,24.219,7.909,0.674,51.677
179,61.641,423.454,412.056,195.044,222.026,105.981,25.130,8.029,0.679,50.212
180,62.020,450.510,418.209,195.552,227.930,106.614,26.095,8.152,0.683,48.735
181,62.398,417.040,424.827,196.060,234.219,107.278,27.113,8.278,0.688,47.251
182,62.777,489.681,431.910,196.568,240.888,107.973,28.183,8.408,0.693,45.764
183,63.156,530.002,439.453,197.076,247.931,108.701,29.306,8.539,0.699,44.279
184,63.535,460.515,447.448,197.584,255.333,109.461,30.478,8.672,0.705,42.799
185,63.914,455.319,455.881,198.092,263.080,110.255,31.697,8.806,0.711,41.331
186,64.293,532.442,464.732,198.600,271.152,111.082,32.962,8.941,0.718,39.877
187,64.672,458.548,473.979,199.108,279.524,111.943,34.268,9.076,0.725,38.443
188,65.051,452.541,483.593,199.616,288.170,112.837,35.611,9.210,0.733,37.032
189,65.430,464.974,493.539,200.124,297.058,113.764,36.987,9.342,0.741,35.647
190,65.809,447.846,503.779,200.632,306.151,114.723,38.391,9.472,0.750,34.293
191,66.188,466.142,514.269,201.140,315.411,115.712,39.816,9.599,0.760,32.971
192,66.567,452.448,524.961,201.648,324.796,116.731,41.257,9.722,0.770,31.685
193,66.946,528.734,535.802,202.156,334.260,117.778,42.707,9.841,0.781,30.436
194,67.325,505.192,546.734,202.664,343.753,118.850,44.158,9.954,0.792,29.227
195,67.704,473.358,557.699,203.172,353.225,119.945,45.604,10.062,0.804,28.058
196,68.084,505.982,568.632,203.680,362.623,121.061,47.035,10.163,0.817,26.932
197,68.463,537.796,579.468,204.188,371.893,122.194,48.445,10.257,0.831,25.848
198,68.842,514.082,590.140,204.696,380.978,123.341,49.824,10.344,0.846,24.807
199,69.221,553.998,600.579,205.205,389.824,124.498,51.165,10.422,0.861,23.809
200,69.600,537.013,610.717,205.713,398.374,125.661,52.458,10.492,0.877,22.854
201,69.979,547.163,620.488,206.221,406.574,126.827,53.697,10.554,0.894,21.942
202,70.359,567.877,629.823,206.729,414.371,127.992,54.872,10.606,0.911,21.071
203,70.738,670.265,638.659,207.237,421.713,129.150,55.977,10.649,0.929,20.241
204,71.117,704.083,646.935,207.745,428.552,130.297,57.003,10.683,0.948,19.451
205,71.496,673.422,654.593,208.253,434.843,131.430,57.945,10.708,0.968,18.699
206,71.876,673.778,661.581,208.761,440.545,132.543,58.795,10.724,0.988,17.985
207,72.255,717.507,667.850,209.269,445.622,133.632,59.549,10.730,1.008,17.307
208,72.634,716.051,673.359,209.777,450.041,134.693,60.202,10.729,1.029,16.664
209,73.014,806.536,678.071,210.285,453.777,135.722,60.749,10.718,1.051,16.054
210,73.393,750.172,681.959,210.793,456.807,136.715,61.188,10.700,1.072,15.476
211,73.772,833.851,684.998,211.301,459.117,137.667,61.517,10.675,1.094,14.928
212,74.152,861.166,687.176,211.809,460.699,138.576,61.733,10.642,1.116,14.410
213,74.531,924.154,688.484,212.317,461.548,139.439,61.837,10.603,1.138,13.919
214,74.911,911.112,688.922,212.825,461.668,140.252,61.829,10.558,1.160,13.455
215,75.290,877.255,688.498,213.333,461.067,141.014,61.711,10.508,1.182,13.016
216,75.669,951.496,687.225,213.841,459.761,141.723,61.484,10.453,1.203,12.601
217,76.049,1001.153,685.127,214.349,457.769,142.378,61.152,10.394,1.224,12.210
218,76.428,1010.966,682.229,214.857,455.116,142.977,60.720,10.332,1.244,11.841
219,76.808,998.827,678.565,215.365,451.832,143.519,60.190,10.266,1.264,11.493
220,77.187,956.688,674.174,215.873,447.952,144.006,59.570,10.199,1.283,11.165
221,77.567,1002.525,669.100,216.381,443.512,144.437,58.863,10.130,1.300,10.857
222,77.946,949.939,663.391,216.889,438.554,144.813,58.078,10.060,1.317,10.569
223,78.326,1021.381,657.096,217.397,433.120,145.135,57.219,9.989,1.333,10.299
224,78.706,997.319,650.269,217.905,427.255,145.406,56.295,9.919,1.348,10.046
225,79.085,989.538,642.965,218.413,421.005,145.627,55.312,9.848,1.361,9.812
226,79.465,898.314,635.241,218.921,414.418,145.800,54.278,9.778,1.373,9.594
227,79.844,845.693,627.152,219.429,407.539,145.928,53.199,9.709,1.384,9.393
228,80.224,765.773,618.754,219.937,400.415,146.014,52.083,9.642,1.393,9.208
229,80.604,770.189,610.103,220.445,393.091,146.061,50.936,9.576,1.400,9.039
230,80.983,806.106,601.250,220.953,385.609,146.072,49.766,9.511,1.406,8.886
231,81.363,788.019,590.469,219.683,377.195,145.241,48.509,9.401,1.406,8.717
232,81.743,791.953,579.586,218.413,368.708,144.378,47.241,9.292,1.404,8.564
233,82.122,716.191,568.645,217.143,360.183,143.484,45.968,9.185,1.400,8.425
234,82.502,700.769,557.689,215.874,351.654,142.563,44.695,9.080,1.395,8.300
235,82.882,621.212,546.754,214.604,343.152,141.620,43.427,8.977,1.389,8.190
236,83.262,671.443,535.876,213.334,334.702,140.657,42.167,8.876,1.381,8.093
237,83.641,671.008,525.083,212.064,326.329,139.677,40.919,8.776,1.372,8.010
238,84.021,606.251,514.403,210.794,318.053,138.683,39.687,8.679,1.361,7.939
239,84.401,584.441,503.858,209.524,309.891,137.678,38.473,8.584,1.350,7.882
240,84.781,585.515,493.466,208.254,301.859,136.665,37.278,8.490,1.337,7.836
241,85.161,511.136,483.244,206.985,293.968,135.646,36.106,8.398,1.323,7.802
242,85.541,550.696,473.202,205.715,286.226,134.623,34.957,8.308,1.308,7.780
243,85.920,470.331,463.351,204.445,278.641,133.598,33.832,8.220,1.293,7.768
244,86.300,503.484,453.697,203.175,271.217,132.572,32.733,8.133,1.276,7.766
245,86.680,493.445,444.245,201.905,263.957,131.548,31.659,8.048,1.259,7.773
246,87.060,388.093,434.995,200.635,256.863,130.526,30.610,7.964,1.242,7.790
247,87.440,538.758,425.950,199.366,249.935,129.507,29.588,7.882,1.224,7.814
248,87.820,418.695,417.108,198.096,243.172,128.492,28.591,7.801,1.206,7.846
249,88.200,385.682,408.467,196.826,236.572,127.483,27.619,7.722,1.187,7.884
250,88.580,480.599,400.025,195.556,230.134,126.479,26.673,7.644,1.168,7.928
251,88.960,419.091,391.779,194.286,223.855,125.480,25.751,7.567,1.149,7.977
252,89.340,412.892,383.725,193.016,217.732,124.488,24.853,7.492,1.130,8.030
253,89.720,385.621,375.860,191.746,211.764,123.502,23.980,7.418,1.111,8.085
254,90.100,335.696,368.180,190.477,205.948,122.523,23.130,7.345,1.092,8.143
255,90.480,477.734,360.683,189.207,200.282,121.550,22.303,7.274,1.073,8.201
256,90.860,348.100,353.365,187.937,194.764,120.584,21.500,7.204,1.054,8.260
257,91.241,310.094,346.225,186.667,189.393,119.624,20.719,7.135,1.036,8.317
258,91.621,319.374,339.260,185.397,184.169,118.671,19.961,7.068,1.018,8.373
259,92.001,303.227,332.469,184.127,179.091,117.725,19.226,7.002,1.000,8.425
260,92.381,370.955,325.851,182.858,174.158,116.786,18.514,6.937,0.982,8.474
261,92.761,276.903,319.405,181.588,169.371,115.853,17.824,6.874,0.965,8.517
262,93.141,320.085,313.130,180.318,164.730,114.928,17.157,6.812,0.948,8.555
263,93.521,275.603,307.027,179.048,160.236,114.009,16.513,6.751,0.931,8.587
264,93.902,281.139,301.096,177.778,155.889,113.097,15.892,6.692,0.915,8.611
265,94.282,234.311,295.336,176.508,151.689,112.193,15.294,6.634,0.899,8.627
266,94.662,209.054,289.749,175.239,147.638,111.296,14.719,6.577,0.883,8.634
267,95.042,197.698,284.333,173.969,143.736,110.407,14.168,6.522,0.868,8.632
268,95.423,285.727,279.089,172.699,139.983,109.525,13.640,6.468,0.853,8.620
269,95.803,266.845,274.017,171.429,136.379,108.652,13.135,6.415,0.838,8.598
270,96.183,169.639,269.116,170.159,132.923,107.787,12.654,6.363,0.824,8.566
271,96.564,266.535,264.385,168.889,129.615,106.930,12.196,6.312,0.809,8.522
272,96.944,223.567,259.823,167.619,126.454,106.082,11.760,6.262,0.796,8.468
273,97.324,248.013,255.428,166.350,123.437,105.243,11.348,6.214,0.782,8.403
274,97.705,158.838,251.197,165.080,120.563,104.413,10.958,6.166,0.769,8.328
275,98.085,137.409,247.129,163.810,117.829,103.592,10.590,6.120,0.756,8.242
276,98.466,177.661,243.220,162.540,115.233,102.780,10.244,6.074,0.744,8.145
277,98.846,129.401,239.466,161.270,112.770,101.978,9.919,6.029,0.732,8.039
278,99.226,107.020,235.863,160.000,110.437,101.185,9.615,5.985,0.720,7.923
279,99.607,116.444,232.408,158.731,108.229,100.401,9.330,5.942,0.708,7.798
280,99.987,97.340,229.095,157.461,106.143,99.627,9.065,5.899,0.696,7.664
281,100.368,162.000,225.919,156.191,104.173,98.863,8.818,5.858,0.685,7.523
282,100.748,161.311,222.876,154.921,102.314,98.108,8.589,5.816,0.674,7.375
283,101.129,151.163,219.959,153.651,100.560,97.361,8.377,5.776,0.664,7.221
284,101.509,156.968,217.162,152.381,98.908,96.624,8.181,5.736,0.653,7.061
285,101.890,97.027,214.481,151.111,97.350,95.896,8.000,5.696,0.643,6.896
286,102.271,169.614,211.909,149.842,95.881,95.176,7.833,5.657,0.633,6.728
287,102.651,153.865,209.439,148.572,94.496,94.465,7.680,5.618,0.624,6.556
288,103.032,159.187,207.067,147.302,93.190,93.762,7.540,5.579,0.614,6.383
289,103.412,88.143,204.787,146.032,91.956,93.066,7.411,5.541,0.605,6.208
290,103.793,144.360,202.591,144.762,90.789,92.378,7.293,5.504,0.596,6.032
291,104.174,141.858,200.476,143.492,89.685,91.696,7.184,5.466,0.588,5.857
292,104.554,141.335,198.436,142.223,88.638,91.022,7.085,5.429,0.579,5.683
293,104.935,172.951,196.464,140.953,87.643,90.354,6.995,5.392,0.571,5.510
294,105.316,126.052,194.557,139.683,86.696,89.691,6.912,5.355,0.563,5.340
295,105.696,116.151,192.709,138.413,85.793,89.035,6.835,5.318,0.555,5.173
296,106.077,104.049,190.916,137.143,84.929,88.384,6.765,5.281,0.548,5.009
297,106.458,114.428,189.173,135.873,84.101,87.737,6.700,5.245,0.541,4.849
298,106.839,26.901,187.476,134.603,83.304,87.095,6.640,5.209,0.534,4.694
299,107.219,98.479,185.821,133.334,82.537,86.458,6.584,5.172,0.527,4.544
300,107.600,41.329,184.205,132.064,81.795,85.824,6.532,5.136,0.520,4.399
301,107.981,93.180,182.625,130.794,81.076,85.193,6.483,5.100,0.514,4.259
302,108.362,107.056,181.076,129.524,80.377,84.566,6.436,5.064,0.507,4.125
303,108.743,145.216,179.557,128.254,79.696,83.942,6.392,5.028,0.501,3.997
304,109.123,55.216,178.064,126.984,79.032,83.321,6.349,4.992,0.495,3.875
305,109.504,82.895,176.595,125.715,78.381,82.702,6.308,4.956,0.490,3.759
306,109.885,81.845,175.149,124.445,77.743,82.085,6.267,4.920,0.484,3.649
307,110.266,48.535,173.721,123.175,77.116,81.470,6.227,4.884,0.479,3.545
308,110.647,119.418,172.312,121.905,76.499,80.857,6.188,4.848,0.473,3.447
309,111.028,91.259,170.919,120.635,75.890,80.245,6.148,4.812,0.468,3.355
310,111.409,48.150,169.541,119.365,75.289,79.635,6.109,4.776,0.463,3.268
311,111.790,78.339,168.175,118.096,74.695,79.026,6.069,4.741,0.458,3.187
312,112.171,90.362,166.822,116.826,74.107,78.417,6.028,4.705,0.454,3.111
313,112.552,111.143,165.480,115.556,73.525,77.810,5.987,4.669,0.449,3.040
314,112.933,143.204,164.147,114.286,72.947,77.203,5.945,4.633,0.444,2.974
315,113.314,70.061,162.823,113.016,72.374,76.597,5.903,4.597,0.440,2.912
316,113.695,74.379,161.508,111.746,71.805,75.992,5.859,4.561,0.436,2.855
317,114.076,64.066,160.200,110.476,71.240,75.387,5.814,4.525,0.432,2.802
318,114.457,101.940,158.899,109.207,70.679,74.782,5.768,4.489,0.428,2.753
319,114.838,128.872,157.605,107.937,70.122,74.177,5.721,4.453,0.424,2.707
320,115.219,145.412,156.316,106.667,69.568,73.573,5.673,4.417,0.420,2.665
321,115.600,73.478,155.033,105.397,69.018,72.968,5.624,4.382,0.416,2.625
322,115.982,86.528,153.755,104.127,68.470,72.364,5.574,4.346,0.412,2.588
323,116.363,75.350,152.482,102.857,67.927,71.760,5.523,4.310,0.409,2.554
324,116.744,102.743,151.213,101.588,67.386,71.155,5.471,4.274,0.405,2.522
325,117.125,86.716,149.950,100.318,66.849,70.551,5.418,4.238,0.402,2.492
326,117.506,78.472,148.690,99.048,66.315,69.947,5.364,4.202,0.399,2.464
327,117.888,86.688,147.435,97.778,65.784,69.342,5.309,4.166,0.395,2.437
328,118.269,103.512,146.183,96.508,65.257,68.737,5.254,4.130,0.392,2.412
329,118.650,132.338,144.936,95.238,64.734,68.133,5.199,4.094,0.389,2.389
330,119.031,67.410,143.693,93.968,64.213,67.528,5.142,4.058,0.386,2.366
331,119.413,49.805,142.454,92.699,63.697,66.922,5.086,4.022,0.383,2.344
332,119.794,70.271,141.218,91.429,63.183,66.317,5.029,3.986,0.380,2.323
333,120.175,50.055,139.987,90.159,62.673,65.711,4.972,3.950,0.377,2.303
334,120.557,70.704,138.759,88.889,62.167,65.105,4.914,3.914,0.374,2.284
335,120.938,0.000,137.535,87.619,61.664,64.499,4.857,3.878,0.371,2.265
336,121.319,108.289,136.315,86.349,61.165,63.893,4.800,3.842,0.369,2.246
337,121.701,125.791,135.099,85.080,60.669,63.287,4.743,3.806,0.366,2.228
338,122.082,71.577,133.886,83.810,60.177,62.680,4.686,3.770,0.363,2.210
339,122.463,89.802,132.678,82.540,59.688,62.073,4.630,3.734,0.360,2.192
340,122.845,74.071,131.473,81.270,59.203,61.466,4.574,3.698,0.358,2.174
341,123.226,90.435,130.272,80.000,58.721,60.859,4.518,3.662,0.355,2.157
342,123.608,25.580,129.075,78.730,58.243,60.251,4.463,3.626,0.352,2.139
343,123.989,69.796,127.881,77.460,57.767,59.643,4.409,3.590,0.350,2.122
344,124.371,50.639,126.691,76.191,57.295,59.035,4.355,3.554,0.347,2.105
345,124.752,56.845,125.505,74.921,56.827,58.427,4.301,3.518,0.344,2.087
346,125.134,42.923,124.322,73.651,56.361,57.819,4.249,3.482,0.342,2.070
347,125.515,14.514,123.143,72.381,55.898,57.210,4.196,3.446,0.339,2.053
348,125.897,68.899,121.968,71.111,55.439,56.601,4.145,3.411,0.336,2.036
349,126.278,134.732,120.796,69.841,54.982,55.992,4.094,3.375,0.334,2.019
350,126.660,78.989,119.627,68.572,54.528,55.383,4.044,3.339,0.331,2.002
351,127.042,81.355,118.461,67.302,54.077,54.774,3.994,3.303,0.328,1.986
352,127.423,119.670,117.299,66.032,53.628,54.164,3.946,3.267,0.325,1.969
353,127.805,50.974,116.140,64.762,53.182,53.554,3.897,3.231,0.323,1.953
354,128.186,83.187,114.983,63.492,52.738,52.944,3.850,3.195,0.320,1.937
355,128.568,82.573,113.830,62.222,52.296,52.334,3.802,3.159,0.317,1.921
356,128.950,50.812,112.680,60.953,51.857,51.724,3.756,3.123,0.314,1.906
357,129.331,107.559,111.532,59.683,51.420,51.114,3.710,3.087,0.311,1.891
358,129.713,121.739,110.387,58.413,50.985,50.503,3.664,3.051,0.308,1.876
359,130.095,52.369,109.245,57.143,50.551,49.892,3.619,3.015,0.305,1.862
360,130.477,20.993,108.105,55.873,50.120,49.281,3.574,2.979,0.302,1.848
361,130.858,31.137,106.967,54.603,49.690,48.670,3.530,2.943,0.299,1.835
362,131.240,40.349,105.832,53.333,49.261,48.059,3.486,2.907,0.296,1.823
363,131.622,93.372,104.699,52.064,48.834,47.448,3.442,2.871,0.293,1.811
364,132.004,30.819,103.568,50.794,48.409,46.836,3.398,2.835,0.289,1.800
365,132.386,100.225,102.439,49.524,47.984,46.224,3.355,2.799,0.286,1.790
366,132.767,1.443,101.312,48.254,47.561,45.613,3.312,2.763,0.283,1.781
367,133.149,23.183,100.187,46.984,47.138,45.000,3.269,2.727,0.280,1.773
368,133.531,45.006,99.064,45.714,46.717,44.388,3.226,2.691,0.276,1.765
369,133.913,50.577,97.942,44.445,46.296,43.776,3.183,2.655,0.273,1.759
370,134.295,46.431,96.822,43.175,45.876,43.163,3.141,2.619,0.269,1.754
371,134.677,33.931,95.703,41.905,45.456,42.550,3.098,2.583,0.266,1.751
372,135.059,66.050,94.586,40.635,45.036,41.937,3.055,2.547,0.262,1.748
373,135.441,58.522,93.470,39.365,44.617,41.324,3.013,2.510,0.259,1.747
374,135.823,42.040,92.356,38.095,44.198,40.710,2.970,2.474,0.255,1.747
375,136.205,41.111,91.242,36.825,43.779,40.097,2.927,2.438,0.252,1.749
376,136.587,70.163,90.130,35.556,43.360,39.483,2.885,2.402,0.248,1.753
377,136.969,63.003,89.018,34.286,42.941,38.869,2.842,2.365,0.244,1.758
378,137.351,41.142,87.907,33.016,42.521,38.254,2.799,2.329,0.241,1.764
379,137.733,144.688,86.797,31.746,42.101,37.639,2.756,2.292,0.237,1.772
380,138.115,83.808,85.688,30.476,41.680,37.024,2.712,2.256,0.233,1.782
381,138.497,22.502,84.579,29.206,41.258,36.409,2.669,2.219,0.229,1.794
382,138.879,70.396,83.470,27.937,40.836,35.793,2.626,2.183,0.225,1.807
383,139.261,74.130,82.362,26.667,40.412,35.177,2.582,2.146,0.222,1.822
384,139.643,2.746,81.253,25.397,39.987,34.561,2.539,2.110,0.218,1.839
385,140.025,115.842,80.144,24.127,39.561,33.944,2.495,2.073,0.214,1.858
386,140.407,61.951,79.035,22.857,39.133,33.327,2.451,2.036,0.210,1.878
387,140.790,44.713,77.925,21.587,38.703,32.709,2.407,2.000,0.206,1.900
388,141.172,36.997,76.815,20.318,38.272,32.091,2.362,1.963,0.202,1.924
389,141.554,46.241,75.703,19.048,37.839,31.473,2.318,1.926,0.198,1.949
390,141.936,66.773,74.590,17.778,37.403,30.854,2.274,1.889,0.194,1.976
391,142.318,78.548,73.476,16.508,36.965,30.235,2.229,1.852,0.190,2.004
392,142.701,81.790,72.360,15.238,36.525,29.616,2.184,1.815,0.186,2.034
393,143.083,62.295,71.242,13.968,36.082,28.996,2.139,1.778,0.182,2.065
394,143.465,55.404,70.122,12.698,35.636,28.375,2.094,1.741,0.178,2.097
395,143.847,12.926,69.000,11.429,35.187,27.754,2.049,1.704,0.174,2.131
396,144.230,70.678,67.874,10.159,34.735,27.133,2.004,1.667,0.170,2.165
397,144.612,67.685,66.746,8.889,34.280,26.511,1.958,1.630,0.166,2.200
398,144.994,78.279,65.614,7.619,33.821,25.889,1.913,1.593,0.162,2.236
399,145.377,59.057,64.479,6.349,33.359,25.266,1.867,1.556,0.158,2.272
400,145.759,49.474,63.339,5.079,32.893,24.643,1.822,1.519,0.154,2.308
401,146.141,49.058,62.196,3.810,32.423,24.020,1.776,1.482,0.150,2.345
402,146.524,63.906,61.047,2.540,31.949,23.396,1.730,1.445,0.146,2.382
403,146.906,45.897,59.894,1.270,31.471,22.772,1.684,1.408,0.142,2.418
404,147.289,68.895,58.736,0.000,30.989,22.147,1.638,1.370,0.138,2.454
405,147.671,67.777,58.842,0.000,31.053,22.139,1.634,1.370,0.138,2.508
406,148.054,101.346,58.943,0.000,31.113,22.131,1.629,1.369,0.137,2.562
407,148.436,26.224,59.037,0.000,31.169,22.123,1.625,1.369,0.137,2.614
408,148.819,55.285,59.125,0.000,31.219,22.115,1.621,1.368,0.137,2.665
409,149.201,56.779,59.207,0.000,31.265,22.107,1.617,1.367,0.136,2.715
410,149.584,40.448,59.283,0.000,31.306,22.098,1.612,1.367,0.136,2.763
411,149.966,18.309,59.351,0.000,31.343,22.090,1.608,1.366,0.136,2.809
412,150.349,28.449,59.412,0.000,31.374,22.081,1.603,1.366,0.135,2.853
413,150.731,46.665,59.467,0.000,31.401,22.072,1.599,1.365,0.135,2.894
414,151.114,44.229,59.514,0.000,31.423,22.064,1.594,1.365,0.135,2.934
415,151.496,69.606,59.554,0.000,31.440,22.055,1.590,1.364,0.134,2.970
416,151.879,66.854,59.586,0.000,31.452,22.047,1.586,1.364,0.134,3.004
417,152.262,50.984,59.611,0.000,31.460,22.038,1.581,1.363,0.134,3.036
418,152.644,51.396,59.629,0.000,31.463,22.030,1.577,1.363,0.133,3.064
419,153.027,47.486,59.640,0.000,31.461,22.022,1.572,1.363,0.133,3.089
420,153.410,77.441,59.643,0.000,31.455,22.014,1.568,1.362,0.133,3.111
421,153.792,26.587,59.639,0.000,31.445,22.006,1.563,1.362,0.132,3.130
422,154.175,65.016,59.628,0.000,31.430,21.999,1.559,1.362,0.132,3.146
423,154.558,69.198,59.610,0.000,31.411,21.992,1.555,1.362,0.132,3.159
424,154.940,33.564,59.586,0.000,31.389,21.985,1.550,1.362,0.131,3.169
425,155.323,60.794,59.555,0.000,31.362,21.979,1.546,1.362,0.131,3.175
426,155.706,62.900,59.518,0.000,31.332,21.973,1.542,1.362,0.131,3.179
427,156.089,80.894,59.476,0.000,31.298,21.968,1.538,1.362,0.130,3.180
428,156.472,53.198,59.428,0.000,31.261,21.963,1.534,1.362,0.130,3.178
429,156.854,62.424,59.375,0.000,31.221,21.958,1.530,1.363,0.130,3.173
430,157.237,49.744,59.317,0.000,31.178,21.955,1.526,1.363,0.130,3.165
431,157.620,43.804,59.254,0.000,31.132,21.952,1.522,1.363,0.129,3.156
432,158.003,51.240,59.188,0.000,31.084,21.950,1.518,1.364,0.129,3.144
433,158.386,38.679,59.118,0.000,31.033,21.948,1.515,1.364,0.129,3.129
434,158.769,57.749,59.046,0.000,30.980,21.948,1.511,1.365,0.129,3.113
435,159.152,21.054,58.970,0.000,30.924,21.948,1.508,1.366,0.128,3.096
436,159.535,55.662,58.893,0.000,30.867,21.949,1.504,1.367,0.128,3.077
437,159.917,18.844,58.814,0.000,30.809,21.951,1.501,1.368,0.128,3.057
438,160.300,75.130,58.733,0.000,30.748,21.955,1.498,1.369,0.128,3.035
439,160.683,17.091,58.652,0.000,30.687,21.959,1.495,1.370,0.128,3.013
440,161.066,40.362,58.571,0.000,30.624,21.965,1.492,1.372,0.127,2.990
441,161.449,38.537,58.489,0.000,30.561,21.972,1.489,1.373,0.127,2.967
442,161.832,28.110,58.409,0.000,30.496,21.980,1.487,1.375,0.127,2.944
443,162.215,118.956,58.329,0.000,30.431,21.989,1.484,1.376,0.127,2.921
444,162.599,102.670,58.251,0.000,30.366,22.000,1.481,1.378,0.127,2.898
445,162.982,48.380,58.174,0.000,30.300,22.012,1.479,1.380,0.127,2.876
446,163.365,38.531,58.100,0.000,30.234,22.026,1.477,1.382,0.126,2.854
447,163.748,18.939,58.028,0.000,30.167,22.042,1.475,1.385,0.126,2.833
448,164.131,61.901,57.959,0.000,30.101,22.059,1.473,1.387,0.126,2.813
449,164.514,43.453,57.893,0.000,30.035,22.077,1.471,1.389,0.126,2.794
450,164.897,21.334,57.830,0.000,29.969,22.098,1.469,1.392,0.126,2.776
451,165.280,93.462,57.771,0.000,29.904,22.120,1.467,1.395,0.126,2.759
452,165.663,33.126,57.715,0.000,29.839,22.144,1.466,1.397,0.126,2.744
453,166.047,60.166,57.664,0.000,29.774,22.170,1.464,1.400,0.126,2.730
454,166.430,0.000,57.616,0.000,29.710,22.197,1.463,1.403,0.126,2.718
455,166.813,47.711,57.573,0.000,29.646,22.227,1.461,1.407,0.126,2.707
456,167.196,77.202,57.534,0.000,29.583,22.258,1.460,1.410,0.126,2.697
457,167.580,76.044,57.499,0.000,29.520,22.291,1.459,1.413,0.126,2.689
458,167.963,60.012,57.468,0.000,29.459,22.327,1.458,1.417,0.126,2.682
459,168.346,65.480,57.441,0.000,29.397,22.364,1.458,1.420,0.126,2.676
460,168.729,81.692,57.419,0.000,29.337,22.403,1.457,1.424,0.126,2.672
461,169.113,75.679,57.400,0.000,29.277,22.444,1.456,1.428,0.126,2.669
462,169.496,70.851,57.386,0.000,29.218,22.487,1.456,1.432,0.126,2.667
463,169.879,21.940,57.375,0.000,29.160,22.532,1.455,1.436,0.126,2.666
464,170.263,48.020,57.367,0.000,29.102,22.579,1.455,1.440,0.126,2.666
465,170.646,46.794,57.364,0.000,29.045,22.628,1.455,1.444,0.126,2.666
466,171.029,38.151,57.363,0.000,28.989,22.678,1.455,1.448,0.126,2.667
467,171.413,79.822,57.366,0.000,28.933,22.731,1.455,1.453,0.126,2.669
468,171.796,58.687,57.371,0.000,28.877,22.785,1.455,1.457,0.126,2.671
469,172.180,25.243,57.379,0.000,28.822,22.840,1.455,1.461,0.126,2.674
470,172.563,51.463,57.389,0.000,28.768,22.897,1.456,1.466,0.126,2.677
471,172.947,26.765,57.401,0.000,28.713,22.956,1.456,1.470,0.126,2.679
472,173.330,47.250,57.416,0.000,28.659,23.017,1.457,1.475,0.126,2.682
473,173.714,51.933,57.431,0.000,28.606,23.078,1.458,1.479,0.126,2.685
474,174.097,40.449,57.449,0.000,28.552,23.141,1.459,1.484,0.126,2.687
475,174.481,19.380,57.467,0.000,28.499,23.205,1.460,1.488,0.126,2.689
476,174.864,35.586,57.487,0.000,28.446,23.270,1.461,1.493,0.126,2.691
477,175.248,24.811,57.507,0.000,28.393,23.337,1.462,1.497,0.126,2.692
478,175.631,53.569,57.528,0.000,28.339,23.404,1.464,1.502,0.126,2.693
479,176.015,54.470,57.549,0.000,28.286,23.472,1.465,1.506,0.127,2.694
480,176.398,87.336,57.570,0.000,28.232,23.540,1.467,1.510,0.127,2.694
481,176.782,82.483,57.592,0.000,28.178,23.609,1.469,1.515,0.127,2.694
482,177.166,50.740,57.613,0.000,28.124,23.679,1.471,1.519,0.127,2.694
483,177.549,5.684,57.635,0.000,28.069,23.749,1.473,1.523,0.127,2.693
484,177.933,32.394,57.656,0.000,28.014,23.819,1.476,1.527,0.127,2.692
485,178.317,56.233,57.677,0.000,27.958,23.889,1.479,1.531,0.128,2.692
486,178.700,46.837,57.698,0.000,27.902,23.959,1.482,1.535,0.128,2.692
487,179.084,20.809,57.718,0.000,27.845,24.029,1.485,1.539,0.128,2.692
488,179.468,68.244,57.738,0.000,27.788,24.098,1.488,1.543,0.128,2.693
489,179.852,85.923,57.759,0.000,27.729,24.168,1.492,1.547,0.129,2.694
490,180.235,86.719,57.779,0.000,27.670,24.236,1.496,1.551,0.129,2.697
491,180.619,72.898,57.799,0.000,27.610,24.305,1.500,1.554,0.129,2.701
492,181.003,39.542,57.819,0.000,27.549,24.372,1.505,1.558,0.129,2.707
493,181.387,62.246,57.840,0.000,27.487,24.439,1.510,1.561,0.130,2.714
494,181.770,29.835,57.861,0.000,27.424,24.504,1.515,1.564,0.130,2.724
495,182.154,51.128,57.883,0.000,27.360,24.569,1.520,1.567,0.130,2.736
496,182.538,74.778,57.905,0.000,27.295,24.632,1.526,1.570,0.131,2.752
497,182.922,35.049,57.929,0.000,27.228,24.695,1.532,1.573,0.131,2.770
498,183.306,89.574,57.954,0.000,27.161,24.756,1.539,1.576,0.132,2.792
499,183.690,18.874,57.981,0.000,27.092,24.815,1.546,1.578,0.132,2.818
500,184.074,78.435,58.010,0.000,27.022,24.873,1.553,1.581,0.133,2.848
501,184.458,62.554,58.040,0.000,26.950,24.930,1.561,1.583,0.133,2.883
502,184.842,34.977,58.074,0.000,26.877,24.985,1.569,1.585,0.134,2.923
503,185.225,63.476,58.110,0.000,26.803,25.039,1.577,1.587,0.134,2.969
504,185.609,33.472,58.148,0.000,26.728,25.091,1.586,1.589,0.135,3.020
505,185.993,62.748,58.191,0.000,26.651,25.141,1.595,1.591,0.136,3.077
506,186.377,34.245,58.236,0.000,26.572,25.190,1.605,1.593,0.136,3.141
507,186.761,37.905,58.286,0.000,26.492,25.236,1.615,1.594,0.137,3.211
508,187.145,42.026,58.340,0.000,26.411,25.282,1.626,1.596,0.138,3.288
509,187.529,57.925,58.398,0.000,26.328,25.325,1.637,1.597,0.139,3.373
510,187.914,82.454,58.461,0.000,26.244,25.366,1.648,1.598,0.139,3.465
511,188.298,22.022,58.528,0.000,26.158,25.406,1.660,1.599,0.140,3.565
512,188.682,17.245,58.601,0.000,26.070,25.444,1.672,1.600,0.141,3.673
513,189.066,33.622,58.678,0.000,25.981,25.481,1.684,1.601,0.142,3.789
514,189.450,64.185,58.761,0.000,25.891,25.515,1.697,1.601,0.143,3.914
515,189.834,56.467,58.849,0.000,25.798,25.548,1.711,1.602,0.144,4.046
516,190.218,70.570,58.943,0.000,25.705,25.579,1.724,1.602,0.145,4.187
517,190.602,62.994,59.042,0.000,25.610,25.609,1.738,1.603,0.146,4.337
518,190.987,58.130,59.147,0.000,25.513,25.637,1.753,1.603,0.147,4.495
519,191.371,62.600,59.257,0.000,25.415,25.663,1.767,1.603,0.148,4.661
520,191.755,33.501,59.373,0.000,25.315,25.688,1.782,1.603,0.149,4.835
521,192.139,65.559,59.494,0.000,25.214,25.711,1.798,1.603,0.151,5.018
522,192.523,18.140,59.620,0.000,25.111,25.733,1.813,1.603,0.152,5.208
523,192.908,88.554,59.752,0.000,25.007,25.754,1.829,1.603,0.153,5.405
524,193.292,59.819,59.888,0.000,24.902,25.773,1.845,1.603,0.155,5.610
525,193.676,19.616,60.028,0.000,24.795,25.791,1.862,1.602,0.156,5.822
526,194.061,23.036,60.172,0.000,24.687,25.808,1.878,1.602,0.157,6.040
527,194.445,57.966,60.321,0.000,24.578,25.823,1.895,1.601,0.159,6.264
528,194.829,48.716,60.472,0.000,24.468,25.838,1.912,1.601,0.160,6.494
529,195.214,20.351,60.627,0.000,24.356,25.852,1.929,1.600,0.162,6.729
530,195.598,48.463,60.784,0.000,24.244,25.864,1.947,1.599,0.163,6.967
531,195.982,67.703,60.943,0.000,24.130,25.876,1.965,1.598,0.165,7.210
532,196.367,13.110,61.104,0.000,24.016,25.887,1.983,1.597,0.166,7.455
533,196.751,56.127,61.265,0.000,23.901,25.897,2.001,1.596,0.168,7.703
534,197.135,71.741,61.427,0.000,23.785,25.906,2.019,1.595,0.169,7.952
535,197.520,35.204,61.589,0.000,23.668,25.915,2.038,1.594,0.171,8.202
536,197.904,26.102,61.750,0.000,23.551,25.923,2.057,1.593,0.173,8.452
537,198.289,42.309,61.909,0.000,23.434,25.931,2.077,1.592,0.174,8.701
538,198.673,36.264,62.066,0.000,23.316,25.938,2.097,1.591,0.176,8.947
539,199.058,0.000,62.220,0.000,23.199,25.945,2.118,1.590,0.178,9.192
540,199.442,59.433,62.371,0.000,23.081,25.951,2.139,1.588,0.180,9.432
541,199.827,54.357,62.518,0.000,22.964,25.957,2.161,1.587,0.181,9.668
542,200.211,59.875,62.661,0.000,22.847,25.963,2.183,1.586,0.183,9.899
543,200.596,80.347,62.798,0.000,22.730,25.968,2.207,1.584,0.185,10.123
544,200.981,25.533,62.930,0.000,22.614,25.974,2.232,1.583,0.187,10.340
545,201.365,60.341,63.056,0.000,22.500,25.979,2.258,1.582,0.189,10.549
546,201.750,78.734,63.176,0.000,22.386,25.984,2.285,1.580,0.191,10.749
547,202.134,47.409,63.289,0.000,22.275,25.989,2.315,1.579,0.194,10.939
548,202.519,56.688,63.395,0.000,22.164,25.994,2.345,1.577,0.196,11.118
549,202.904,45.667,63.494,0.000,22.056,25.999,2.378,1.575,0.199,11.286
550,203.288,33.939,63.585,0.000,21.951,26.004,2.414,1.574,0.201,11.442
551,203.673,25.409,63.670,0.000,21.848,26.009,2.452,1.572,0.204,11.585
552,204.058,51.195,63.746,0.000,21.748,26.014,2.492,1.571,0.207,11.714
553,204.442,69.352,63.816,0.000,21.652,26.019,2.536,1.569,0.210,11.830
554,204.827,52.827,63.879,0.000,21.559,26.024,2.584,1.567,0.213,11.931
555,205.212,54.975,63.935,0.000,21.471,26.030,2.635,1.566,0.217,12.016
556,205.597,25.216,63.985,0.000,21.388,26.035,2.691,1.564,0.220,12.087
557,205.981,57.219,64.030,0.000,21.310,26.041,2.752,1.563,0.224,12.141
558,206.366,45.573,64.070,0.000,21.237,26.046,2.818,1.561,0.229,12.179
559,206.751,72.465,64.106,0.000,21.171,26.052,2.889,1.559,0.233,12.201
560,207.136,68.220,64.140,0.000,21.113,26.058,2.967,1.558,0.238,12.207
561,207.521,43.922,64.172,0.000,21.061,26.064,3.051,1.556,0.244,12.196
562,207.905,43.933,64.203,0.000,21.019,26.070,3.143,1.554,0.250,12.168
563,208.290,30.974,64.235,0.000,20.985,26.076,3.242,1.553,0.256,12.124
564,208.675,11.721,64.270,0.000,20.961,26.082,3.350,1.551,0.263,12.064
565,209.060,54.952,64.309,0.000,20.947,26.088,3.467,1.549,0.271,11.987
566,209.445,49.329,64.354,0.000,20.945,26.094,3.593,1.548,0.279,11.895
567,209.830,40.158,64.406,0.000,20.956,26.100,3.729,1.546,0.288,11.787
568,210.215,42.691,64.468,0.000,20.979,26.106,3.877,1.544,0.297,11.665
569,210.600,38.186,64.543,0.000,21.017,26.112,4.036,1.543,0.308,11.528
570,210.985,9.034,64.631,0.000,21.070,26.117,4.207,1.541,0.319,11.377
571,211.370,35.743,64.736,0.000,21.139,26.123,4.391,1.540,0.331,11.212
572,211.755,52.182,64.860,0.000,21.226,26.129,4.589,1.538,0.344,11.035
573,212.140,12.378,65.005,0.000,21.331,26.134,4.801,1.536,0.358,10.845
574,212.525,41.077,65.174,0.000,21.455,26.139,5.028,1.535,0.373,10.645
575,212.910,50.628,65.370,0.000,21.600,26.144,5.271,1.533,0.389,10.433
576,213.295,34.027,65.595,0.000,21.767,26.148,5.529,1.532,0.407,10.212
577,213.680,28.732,65.853,0.000,21.958,26.153,5.805,1.530,0.425,9.982
578,214.065,56.877,66.145,0.000,22.172,26.156,6.098,1.529,0.445,9.744
579,214.450,58.303,66.475,0.000,22.413,26.160,6.410,1.527,0.467,9.498
580,214.835,26.891,66.844,0.000,22.680,26.163,6.740,1.526,0.489,9.246
581,215.220,36.347,67.257,0.000,22.976,26.166,7.089,1.524,0.514,8.988
582,215.605,44.323,67.716,0.000,23.301,26.168,7.458,1.523,0.539,8.726
583,215.991,29.938,68.223,0.000,23.658,26.170,7.847,1.522,0.567,8.460
584,216.376,60.261,68.780,0.000,24.046,26.171,8.256,1.520,0.596,8.191
585,216.761,35.020,69.391,0.000,24.468,26.172,8.687,1.519,0.627,7.919
586,217.146,67.055,70.057,0.000,24.924,26.172,9.138,1.517,0.659,7.647
587,217.531,51.523,70.781,0.000,25.417,26.171,9.610,1.516,0.694,7.373
588,217.917,24.960,71.565,0.000,25.946,26.170,10.104,1.515,0.730,7.100
589,218.302,50.696,72.411,0.000,26.513,26.169,10.619,1.513,0.768,6.828
590,218.687,45.910,73.319,0.000,27.120,26.167,11.155,1.512,0.808,6.558
591,219.072,67.805,74.293,0.000,27.767,26.164,11.712,1.511,0.849,6.290
592,219.458,64.389,75.332,0.000,28.454,26.160,12.290,1.510,0.893,6.025
593,219.843,64.493,76.439,0.000,29.184,26.156,12.888,1.508,0.939,5.764
594,220.228,34.902,77.613,0.000,29.956,26.151,13.506,1.507,0.986,5.507
595,220.614,53.322,78.855,0.000,30.770,26.146,14.143,1.506,1.036,5.254
596,220.999,35.566,80.166,0.000,31.629,26.140,14.799,1.505,1.087,5.007
597,221.384,60.469,81.545,0.000,32.531,26.133,15.473,1.504,1.140,4.765
598,221.770,51.280,82.992,0.000,33.476,26.125,16.163,1.502,1.196,4.529
599,222.155,55.983,84.506,0.000,34.466,26.117,16.870,1.501,1.252,4.299
600,222.541,80.591,86.086,0.000,35.499,26.108,17.590,1.500,1.311,4.076
601,222.926,94.349,87.730,0.000,36.576,26.099,18.325,1.499,1.371,3.860
602,223.312,64.028,89.437,0.000,37.696,26.089,19.071,1.498,1.433,3.651
603,223.697,49.353,91.205,0.000,38.857,26.078,19.827,1.497,1.497,3.449
604,224.082,56.276,93.031,0.000,40.060,26.066,20.592,1.496,1.561,3.255
605,224.468,67.338,94.911,0.000,41.302,26.054,21.365,1.495,1.627,3.068
606,224.853,73.069,96.844,0.000,42.583,26.042,22.142,1.494,1.695,2.888
607,225.239,72.041,98.825,0.000,43.902,26.028,22.923,1.493,1.763,2.716
608,225.625,74.752,100.851,0.000,45.255,26.014,23.705,1.492,1.832,2.552
609,226.010,91.282,102.916,0.000,46.641,26.000,24.486,1.491,1.902,2.395
610,226.396,86.462,105.017,0.000,48.059,25.985,25.264,1.491,1.973,2.246
611,226.781,68.433,107.148,0.000,49.505,25.969,26.037,1.490,2.044,2.104
612,227.167,87.491,109.305,0.000,50.976,25.953,26.802,1.489,2.115,1.970
613,227.552,92.677,111.481,0.000,52.471,25.936,27.557,1.488,2.187,1.842
614,227.938,76.666,113.672,0.000,53.985,25.919,28.300,1.487,2.258,1.722
615,228.324,101.242,115.870,0.000,55.516,25.901,29.029,1.487,2.329,1.608
616,228.709,129.799,118.070,0.000,57.060,25.883,29.740,1.486,2.400,1.501
617,229.095,130.274,120.265,0.000,58.613,25.864,30.432,1.485,2.470,1.401
618,229.481,130.381,122.448,0.000,60.171,25.845,31.102,1.485,2.539,1.307
619,229.866,118.484,124.613,0.000,61.731,25.825,31.748,1.484,2.606,1.219
620,230.252,145.197,126.753,0.000,63.288,25.805,32.367,1.483,2.673,1.137
621,230.638,103.815,128.861,0.000,64.837,25.785,32.958,1.483,2.738,1.060
622,231.024,101.763,130.930,0.000,66.376,25.764,33.518,1.482,2.801,0.989
623,231.409,139.801,132.952,0.000,67.898,25.743,34.044,1.481,2.862,0.923
624,231.795,132.273,134.922,0.000,69.400,25.721,34.536,1.481,2.921,0.863
625,232.181,127.800,136.832,0.000,70.877,25.700,34.991,1.480,2.978,0.807
626,232.567,140.049,138.675,0.000,72.324,25.677,35.407,1.480,3.032,0.755
627,232.952,124.096,140.445,0.000,73.736,25.655,35.783,1.479,3.083,0.708
628,233.338,119.877,142.134,0.000,75.110,25.632,36.117,1.479,3.131,0.665
629,233.724,137.821,143.738,0.000,76.441,25.609,36.408,1.479,3.176,0.626
630,234.110,153.638,145.250,0.000,77.723,25.586,36.654,1.478,3.218,0.591
631,234.496,115.791,146.663,0.000,78.953,25.562,36.856,1.478,3.256,0.559
632,234.882,135.793,147.974,0.000,80.127,25.538,37.010,1.477,3.290,0.531
633,235.268,104.863,149.176,0.000,81.240,25.514,37.118,1.477,3.321,0.506
634,235.654,183.726,150.265,0.000,82.288,25.490,37.179,1.477,3.348,0.483
635,236.040,162.399,151.237,0.000,83.268,25.465,37.191,1.477,3.371,0.464
636,236.425,147.564,152.088,0.000,84.177,25.441,37.156,1.476,3.390,0.448
637,236.811,174.653,152.814,0.000,85.010,25.416,37.074,1.476,3.404,0.434
638,237.197,192.544,153.413,0.000,85.766,25.391,36.943,1.476,3.415,0.423
639,237.583,147.774,153.882,0.000,86.440,25.366,36.766,1.476,3.421,0.414
640,237.969,133.776,154.219,0.000,87.031,25.341,36.542,1.476,3.423,0.407
641,238.355,136.358,154.423,0.000,87.537,25.315,36.272,1.476,3.420,0.403
642,238.741,137.675,154.493,0.000,87.956,25.290,35.958,1.476,3.413,0.400
643,239.128,163.286,154.428,0.000,88.285,25.265,35.601,1.476,3.402,0.400
644,239.514,146.968,154.229,0.000,88.525,25.239,35.201,1.476,3.387,0.401
645,239.900,131.935,153.896,0.000,88.675,25.214,34.760,1.476,3.367,0.404
646,240.286,142.071,153.430,0.000,88.733,25.188,34.281,1.476,3.343,0.409
647,240.672,137.173,152.834,0.000,88.700,25.162,33.764,1.476,3.315,0.415
648,241.058,95.926,152.108,0.000,88.576,25.137,33.212,1.477,3.284,0.423
649,241.444,102.946,151.257,0.000,88.362,25.111,32.626,1.477,3.248,0.433
650,241.830,108.063,150.283,0.000,88.058,25.085,32.009,1.478,3.209,0.444
651,242.216,117.682,149.189,0.000,87.666,25.060,31.363,1.479,3.166,0.456
652,242.603,100.715,147.981,0.000,87.188,25.034,30.690,1.480,3.119,0.470
653,242.989,113.136,146.661,0.000,86.625,25.008,29.992,1.481,3.070,0.485
654,243.375,144.672,145.235,0.000,85.979,24.983,29.272,1.482,3.017,0.502
655,243.761,82.163,143.708,0.000,85.254,24.957,28.532,1.483,2.962,0.520
656,244.148,106.703,142.085,0.000,84.452,24.931,27.774,1.484,2.904,0.538
657,244.534,101.911,140.372,0.000,83.576,24.906,27.002,1.486,2.843,0.559
658,244.920,104.324,138.574,0.000,82.630,24.881,26.216,1.488,2.780,0.580
659,245.306,138.812,136.699,0.000,81.616,24.855,25.421,1.490,2.715,0.602
660,245.693,129.421,134.752,0.000,80.539,24.830,24.617,1.493,2.648,0.625
661,246.079,134.203,132.740,0.000,79.403,24.805,23.808,1.495,2.579,0.650
662,246.465,127.548,130.668,0.000,78.211,24.779,22.995,1.498,2.509,0.675
663,246.852,131.841,128.545,0.000,76.968,24.754,22.181,1.501,2.438,0.701
664,247.238,110.086,126.375,0.000,75.679,24.729,21.368,1.505,2.366,0.729
665,247.624,116.233,124.167,0.000,74.346,24.704,20.559,1.509,2.293,0.757
666,248.011,114.008,121.926,0.000,72.976,24.680,19.754,1.513,2.219,0.785
667,248.397,121.510,119.659,0.000,71.571,24.655,18.956,1.517,2.145,0.815
668,248.784,124.757,117.372,0.000,70.138,24.630,18.166,1.522,2.071,0.845
669,249.170,125.511,115.072,0.000,68.680,24.605,17.387,1.528,1.996,0.875
670,249.557,132.219,112.765,0.000,67.201,24.581,16.620,1.534,1.922,0.907
671,249.943,83.258,110.456,0.000,65.707,24.556,15.866,1.540,1.849,0.938
672,250.329,104.595,108.152,0.000,64.200,24.532,15.127,1.547,1.775,0.971
673,250.716,114.900,105.857,0.000,62.687,24.508,14.403,1.554,1.703,1.003
674,251.102,125.322,103.579,0.000,61.170,24.483,13.696,1.562,1.631,1.036
675,251.489,122.438,101.320,0.000,59.653,24.459,13.008,1.571,1.561,1.068
676,251.876,114.196,99.087,0.000,58.141,24.435,12.338,1.580,1.491,1.101
677,252.262,79.099,96.883,0.000,56.638,24.411,11.687,1.590,1.423,1.134
678,252.649,112.436,94.713,0.000,55.146,24.387,11.057,1.600,1.357,1.167
679,253.035,124.261,92.581,0.000,53.669,24.363,10.447,1.611,1.291,1.200
680,253.422,87.427,90.491,0.000,52.212,24.339,9.859,1.623,1.227,1.232
681,253.808,105.976,88.446,0.000,50.775,24.315,9.291,1.635,1.165,1.264
682,254.195,88.838,86.449,0.000,49.363,24.291,8.746,1.648,1.105,1.296
683,254.582,73.229,84.503,0.000,47.979,24.267,8.222,1.662,1.046,1.327
684,254.968,76.473,82.611,0.000,46.624,24.243,7.719,1.677,0.990,1.358
685,255.355,93.515,80.774,0.000,45.302,24.219,7.239,1.692,0.935,1.388
686,255.742,74.700,78.995,0.000,44.014,24.195,6.780,1.708,0.882,1.417
687,256.128,85.937,77.276,0.000,42.763,24.171,6.342,1.725,0.831,1.445
688,256.515,35.238,75.618,0.000,41.550,24.147,5.925,1.743,0.782,1.472
689,256.902,81.421,74.023,0.000,40.377,24.124,5.529,1.761,0.734,1.498
690,257.289,61.941,72.492,0.000,39.246,24.100,5.153,1.780,0.689,1.523
691,257.675,30.910,71.025,0.000,38.159,24.076,4.798,1.800,0.646,1.547
692,258.062,71.661,69.624,0.000,37.116,24.052,4.461,1.821,0.605,1.569
693,258.449,74.378,68.288,0.000,36.119,24.028,4.144,1.842,0.565,1.590
694,258.836,66.195,67.019,0.000,35.169,24.004,3.844,1.864,0.528,1.610
695,259.223,66.926,65.817,0.000,34.267,23.980,3.563,1.887,0.492,1.628
696,259.609,50.906,64.682,0.000,33.414,23.956,3.298,1.911,0.458,1.644
697,259.996,51.914,63.614,0.000,32.612,23.932,3.050,1.935,0.426,1.659
698,260.383,52.175,62.613,0.000,31.859,23.908,2.818,1.960,0.396,1.672
699,260.770,60.120,61.680,0.000,31.158,23.884,2.601,1.986,0.367,1.683
700,261.157,46.403,60.813,0.000,30.510,23.859,2.399,2.012,0.340,1.693
701,261.544,58.151,60.013,0.000,29.914,23.835,2.211,2.039,0.315,1.700
702,261.931,87.974,59.281,0.000,29.372,23.811,2.035,2.066,0.291,1.706
703,262.318,64.911,58.614,0.000,28.883,23.786,1.873,2.094,0.269,1.710
704,262.705,57.261,58.015,0.000,28.450,23.762,1.722,2.122,0.248,1.712
705,263.092,47.688,57.482,0.000,28.072,23.737,1.583,2.150,0.228,1.712
706,263.479,53.415,57.015,0.000,27.750,23.712,1.454,2.179,0.210,1.710
707,263.866,58.809,56.615,0.000,27.484,23.688,1.336,2.208,0.192,1.707
708,264.253,61.271,56.280,0.000,27.276,23.663,1.227,2.237,0.177,1.701
709,264.640,39.408,56.013,0.000,27.126,23.638,1.127,2.266,0.162,1.694
710,265.027,79.073,55.811,0.000,27.035,23.613,1.035,2.296,0.148,1.685
711,265.414,53.151,55.676,0.000,27.003,23.588,0.952,2.325,0.135,1.674
712,265.801,32.014,55.608,0.000,27.032,23.562,0.876,2.354,0.123,1.661
713,266.188,36.774,55.607,0.000,27.122,23.537,0.807,2.383,0.112,1.646
714,266.575,37.599,55.673,0.000,27.273,23.512,0.744,2.412,0.102,1.630
715,266.962,60.841,55.807,0.000,27.488,23.486,0.688,2.440,0.093,1.612
716,267.349,54.163,56.009,0.000,27.766,23.461,0.637,2.468,0.084,1.593
717,267.736,43.198,56.279,0.000,28.109,23.435,0.591,2.496,0.076,1.572
718,268.123,64.372,56.619,0.000,28.517,23.409,0.551,2.523,0.069,1.550
719,268.511,49.887,57.028,0.000,28.992,23.383,0.515,2.549,0.063,1.526
720,268.898,45.670,57.507,0.000,29.534,23.357,0.483,2.575,0.057,1.501
721,269.285,83.899,58.057,0.000,30.145,23.331,0.455,2.599,0.051,1.475
722,269.672,98.725,58.678,0.000,30.824,23.305,0.432,2.623,0.046,1.448
723,270.059,48.471,59.371,0.000,31.573,23.279,0.411,2.646,0.041,1.420
724,270.447,74.555,60.136,0.000,32.394,23.253,0.394,2.668,0.037,1.391
725,270.834,74.789,60.974,0.000,33.285,23.226,0.380,2.688,0.033,1.361
726,271.221,58.265,61.885,0.000,34.249,23.200,0.368,2.708,0.030,1.330
727,271.608,55.295,62.870,0.000,35.286,23.173,0.360,2.726,0.027,1.299
728,271.996,33.255,63.930,0.000,36.395,23.147,0.353,2.743,0.024,1.267
729,272.383,61.064,65.064,0.000,37.579,23.121,0.349,2.759,0.021,1.235
730,272.770,67.620,66.272,0.000,38.836,23.094,0.348,2.773,0.019,1.202
731,273.158,42.975,67.555,0.000,40.168,23.068,0.348,2.785,0.017,1.169
732,273.545,48.141,68.912,0.000,41.573,23.041,0.350,2.796,0.015,1.136
733,273.932,62.283,70.344,0.000,43.053,23.015,0.354,2.805,0.013,1.103
734,274.320,79.350,71.849,0.000,44.606,22.988,0.360,2.813,0.012,1.070
735,274.707,71.409,73.428,0.000,46.232,22.962,0.367,2.819,0.010,1.037
736,275.095,61.668,75.080,0.000,47.931,22.935,0.377,2.824,0.009,1.004
737,275.482,59.130,76.803,0.000,49.701,22.909,0.387,2.826,0.008,0.972
738,275.869,40.668,78.597,0.000,51.541,22.883,0.399,2.827,0.007,0.939
739,276.257,77.326,80.459,0.000,53.450,22.856,0.412,2.827,0.006,0.908
740,276.644,57.504,82.389,0.000,55.426,22.830,0.427,2.824,0.006,0.876
741,277.032,58.868,84.385,0.000,57.467,22.804,0.443,2.820,0.005,0.845
742,277.419,71.260,86.444,0.000,59.572,22.779,0.460,2.814,0.004,0.815
743,277.807,66.653,88.564,0.000,61.737,22.753,0.479,2.806,0.004,0.785
744,278.194,67.388,90.743,0.000,63.960,22.727,0.498,2.797,0.003,0.757
745,278.582,89.045,92.977,0.000,66.238,22.702,0.519,2.786,0.003,0.728
746,278.970,93.455,95.263,0.000,68.568,22.677,0.541,2.773,0.003,0.701
747,279.357,77.628,97.598,0.000,70.946,22.651,0.564,2.759,0.002,0.675
748,279.745,98.955,99.978,0.000,73.369,22.627,0.588,2.743,0.002,0.649
749,280.132,84.000,102.398,0.000,75.831,22.602,0.613,2.726,0.002,0.625
750,280.520,96.501,104.856,0.000,78.330,22.578,0.638,2.707,0.001,0.601
751,280.908,128.198,107.345,0.000,80.860,22.553,0.665,2.687,0.001,0.578
752,281.295,92.725,109.861,0.000,83.416,22.529,0.693,2.666,0.001,0.557
753,281.683,109.992,112.400,0.000,85.993,22.506,0.721,2.643,0.001,0.536
754,282.071,121.344,114.955,0.000,88.586,22.482,0.750,2.619,0.001,0.517
755,282.458,127.222,117.522,0.000,91.189,22.459,0.780,2.594,0.001,0.498
756,282.846,103.266,120.094,0.000,93.797,22.436,0.810,2.568,0.001,0.481
757,283.234,125.981,122.665,0.000,96.404,22.414,0.841,2.541,0.001,0.465
758,283.621,123.691,125.230,0.000,99.002,22.391,0.873,2.513,0.000,0.450
759,284.009,99.894,127.782,0.000,101.587,22.369,0.905,2.484,0.000,0.436
760,284.397,88.716,130.314,0.000,104.151,22.347,0.938,2.455,0.000,0.423
761,284.785,112.875,132.821,0.000,106.688,22.326,0.971,2.425,0.000,0.411
762,285.172,128.078,135.295,0.000,109.191,22.305,1.004,2.394,0.000,0.400
763,285.560,122.769,137.730,0.000,111.654,22.284,1.038,2.363,0.000,0.391
764,285.948,152.491,140.119,0.000,114.070,22.264,1.072,2.331,0.000,0.382
765,286.336,171.319,142.456,0.000,116.433,22.243,1.106,2.299,0.000,0.375
766,286.724,160.931,144.734,0.000,118.735,22.224,1.140,2.267,0.000,0.369
767,287.112,126.600,146.946,0.000,120.970,22.204,1.174,2.235,0.000,0.364
768,287.499,180.776,149.085,0.000,123.131,22.185,1.208,2.202,0.000,0.359
769,287.887,151.728,151.146,0.000,125.213,22.166,1.241,2.170,0.000,0.356
770,288.275,121.449,153.122,0.000,127.209,22.147,1.275,2.137,0.000,0.354
771,288.663,142.951,155.007,0.000,129.112,22.129,1.308,2.105,0.000,0.353
772,289.051,159.085,156.795,0.000,130.918,22.111,1.340,2.073,0.000,0.353
773,289.439,164.845,158.481,0.000,132.620,22.093,1.372,2.041,0.000,0.354
774,289.827,161.530,160.058,0.000,134.213,22.076,1.404,2.010,0.000,0.356
775,290.215,170.556,161.522,0.000,135.692,22.059,1.434,1.978,0.000,0.359
776,290.603,147.766,162.868,0.000,137.052,22.042,1.464,1.948,0.000,0.363
777,290.991,179.623,164.092,0.000,138.288,22.025,1.493,1.917,0.000,0.368
778,291.379,173.999,165.190,0.000,139.398,22.009,1.521,1.888,0.000,0.374
779,291.767,206.462,166.157,0.000,140.377,21.993,1.548,1.859,0.000,0.380
780,292.155,186.795,166.991,0.000,141.222,21.977,1.574,1.830,0.000,0.388
781,292.543,185.115,167.689,0.000,141.929,21.962,1.599,1.802,0.000,0.397
782,292.931,184.259,168.247,0.000,142.498,21.947,1.622,1.775,0.000,0.406
783,293.319,177.323,168.665,0.000,142.925,21.931,1.644,1.748,0.000,0.416
784,293.707,183.068,168.941,0.000,143.209,21.917,1.665,1.722,0.000,0.427
785,294.096,205.265,169.073,0.000,143.350,21.902,1.684,1.697,0.000,0.439
786,294.484,181.076,169.061,0.000,143.346,21.888,1.702,1.673,0.000,0.452
787,294.872,164.514,168.905,0.000,143.198,21.874,1.718,1.650,0.000,0.465
788,295.260,176.141,168.605,0.000,142.906,21.860,1.733,1.627,0.000,0.479
789,295.648,171.313,168.162,0.000,142.472,21.846,1.745,1.605,0.000,0.494
790,296.036,189.473,167.577,0.000,141.895,21.832,1.756,1.584,0.000,0.510
791,296.425,161.283,166.852,0.000,141.178,21.819,1.766,1.563,0.000,0.526
792,296.813,160.069,165.990,0.000,140.324,21.806,1.773,1.544,0.000,0.543
793,297.201,152.079,164.992,0.000,139.335,21.793,1.779,1.525,0.000,0.561
794,297.589,176.464,163.863,0.000,138.214,21.780,1.783,1.507,0.000,0.579
795,297.978,157.590,162.605,0.000,136.966,21.767,1.784,1.490,0.000,0.598
796,298.366,167.325,161.222,0.000,135.592,21.754,1.784,1.473,0.000,0.618
797,298.754,147.699,159.719,0.000,134.099,21.742,1.783,1.458,0.000,0.638
798,299.142,168.748,158.101,0.000,132.491,21.730,1.779,1.443,0.000,0.659
799,299.531,171.040,156.372,0.000,130.772,21.717,1.773,1.428,0.000,0.680
800,299.919,180.133,154.537,0.000,128.949,21.705,1.766,1.415,0.000,0.702
801,300.307,154.319,152.602,0.000,127.026,21.693,1.757,1.402,0.000,0.724
802,300.696,129.774,150.573,0.000,125.009,21.681,1.746,1.390,0.000,0.747
803,301.084,145.940,148.456,0.000,122.905,21.669,1.733,1.378,0.000,0.770
804,301.473,131.022,146.258,0.000,120.720,21.658,1.718,1.367,0.000,0.794
805,301.861,133.765,143.983,0.000,118.460,21.646,1.702,1.357,0.000,0.818
806,302.249,114.166,141.640,0.000,116.132,21.635,1.684,1.347,0.000,0.842
807,302.638,137.695,139.235,0.000,113.742,21.623,1.665,1.338,0.000,0.867
808,303.026,146.523,136.774,0.000,111.297,21.612,1.644,1.330,0.000,0.892
809,303.415,117.012,134.264,0.000,108.803,21.601,1.622,1.322,0.000,0.917
810,303.803,125.710,131.712,0.000,106.269,21.589,1.598,1.314,0.000,0.942
811,304.192,121.774,129.125,0.000,103.699,21.578,1.573,1.307,0.000,0.968
812,304.580,119.532,126.509,0.000,101.102,21.567,1.546,1.300,0.000,0.993
813,304.969,100.602,123.872,0.000,98.484,21.556,1.519,1.294,0.000,1.019
814,305.357,127.720,121.219,0.000,95.851,21.545,1.490,1.288,0.000,1.045
815,305.746,119.890,118.558,0.000,93.210,21.534,1.461,1.282,0.000,1.070
816,306.134,81.493,115.894,0.000,90.568,21.524,1.430,1.277,0.000,1.096
817,306.523,116.665,113.235,0.000,87.930,21.513,1.399,1.272,0.000,1.121
818,306.912,101.819,110.585,0.000,85.302,21.502,1.367,1.268,0.000,1.146
819,307.300,81.553,107.952,0.000,82.692,21.492,1.334,1.264,0.000,1.171
820,307.689,81.461,105.340,0.000,80.103,21.481,1.300,1.260,0.000,1.196
821,308.077,110.866,102.756,0.000,77.543,21.470,1.266,1.256,0.000,1.221
822,308.466,73.779,100.204,0.000,75.015,21.460,1.232,1.253,0.000,1.245
823,308.855,104.523,97.690,0.000,72.525,21.449,1.197,1.249,0.000,1.269
824,309.243,99.107,95.218,0.000,70.079,21.439,1.162,1.246,0.000,1.292
825,309.632,115.211,92.793,0.000,67.679,21.429,1.127,1.243,0.000,1.314
826,310.021,77.229,90.420,0.000,65.332,21.418,1.092,1.241,0.000,1.337
827,310.409,93.862,88.102,0.000,63.040,21.408,1.057,1.238,0.000,1.358
828,310.798,74.777,85.843,0.000,60.809,21.398,1.021,1.236,0.000,1.379
829,311.187,51.271,83.647,0.000,58.640,21.388,0.986,1.234,0.000,1.399
830,311.576,73.712,81.518,0.000,56.539,21.378,0.951,1.232,0.000,1.418
831,311.965,69.033,79.458,0.000,54.507,21.368,0.917,1.230,0.000,1.437
832,312.353,90.144,77.470,0.000,52.548,21.357,0.883,1.228,0.000,1.454
833,312.742,54.200,75.557,0.000,50.664,21.347,0.849,1.226,0.000,1.471
834,313.131,72.263,73.722,0.000,48.858,21.337,0.815,1.225,0.000,1.487
835,313.520,34.384,71.966,0.000,47.132,21.327,0.782,1.223,0.000,1.501
836,313.909,46.294,70.293,0.000,45.489,21.318,0.750,1.222,0.000,1.515
837,314.297,63.580,68.702,0.000,43.929,21.308,0.718,1.220,0.000,1.527
838,314.686,70.359,67.197,0.000,42.456,21.298,0.686,1.219,0.000,1.539
839,315.075,58.530,65.779,0.000,41.069,21.288,0.656,1.217,0.000,1.549
840,315.464,44.497,64.449,0.000,39.771,21.278,0.626,1.216,0.000,1.558
841,315.853,68.257,63.209,0.000,38.563,21.268,0.597,1.215,0.000,1.566
842,316.242,40.229,62.059,0.000,37.445,21.259,0.568,1.214,0.000,1.573
843,316.631,51.496,61.000,0.000,36.420,21.249,0.541,1.212,0.000,1.578
844,317.020,30.158,60.033,0.000,35.487,21.239,0.514,1.211,0.000,1.582
845,317.409,45.079,59.160,0.000,34.647,21.230,0.488,1.210,0.000,1.585
846,317.798,50.181,58.380,0.000,33.902,21.220,0.463,1.209,0.000,1.586
847,318.187,46.911,57.695,0.000,33.252,21.211,0.438,1.208,0.000,1.586
848,318.576,65.992,57.104,0.000,32.697,21.201,0.415,1.207,0.000,1.585
849,318.965,54.029,56.609,0.000,32.237,21.192,0.392,1.205,0.000,1.582
850,319.354,66.374,56.209,0.000,31.874,21.182,0.370,1.204,0.000,1.578
851,319.743,62.530,55.906,0.000,31.607,21.173,0.349,1.203,0.000,1.573
852,320.132,43.063,55.699,0.000,31.437,21.164,0.329,1.202,0.000,1.567
853,320.521,40.458,55.588,0.000,31.365,21.154,0.310,1.201,0.000,1.559
854,320.910,43.806,55.575,0.000,31.390,21.145,0.291,1.200,0.000,1.549
855,321.299,63.101,55.659,0.000,31.513,21.136,0.274,1.198,0.000,1.539
856,321.689,53.366,55.841,0.000,31.733,21.127,0.257,1.197,0.000,1.527
857,322.078,53.938,56.121,0.000,32.052,21.117,0.241,1.196,0.000,1.514
858,322.467,39.423,56.498,0.000,32.470,21.108,0.225,1.195,0.000,1.500
859,322.856,51.299,56.974,0.000,32.986,21.099,0.211,1.194,0.000,1.484
860,323.245,52.689,57.548,0.000,33.601,21.090,0.197,1.192,0.000,1.468
861,323.634,68.217,58.220,0.000,34.314,21.081,0.184,1.191,0.000,1.450
862,324.024,26.226,58.991,0.000,35.127,21.072,0.171,1.190,0.000,1.431
863,324.413,49.561,59.861,0.000,36.038,21.064,0.160,1.188,0.000,1.412
864,324.802,60.457,60.829,0.000,37.048,21.055,0.148,1.187,0.000,1.391
865,325.191,68.854,61.896,0.000,38.157,21.046,0.138,1.186,0.000,1.369
866,325.581,72.459,63.062,0.000,39.365,21.037,0.128,1.184,0.000,1.347
867,325.970,47.757,64.325,0.000,40.672,21.029,0.119,1.183,0.000,1.323
868,326.359,69.700,65.687,0.000,42.076,21.020,0.110,1.182,0.000,1.299
869,326.748,68.568,67.147,0.000,43.579,21.012,0.102,1.180,0.000,1.274
870,327.138,61.371,68.703,0.000,45.178,21.004,0.094,1.179,0.000,1.249
871,327.527,54.263,70.356,0.000,46.875,20.995,0.087,1.177,0.000,1.222
872,327.916,67.181,72.106,0.000,48.667,20.987,0.080,1.176,0.000,1.196
873,328.306,71.245,73.950,0.000,50.555,20.979,0.074,1.174,0.000,1.169
874,328.695,77.169,75.888,0.000,52.536,20.971,0.068,1.172,0.000,1.141
875,329.085,68.085,77.920,0.000,54.610,20.963,0.063,1.171,0.000,1.113
876,329.474,67.405,80.043,0.000,56.776,20.955,0.057,1.169,0.000,1.085
877,329.863,66.487,82.277,0.021,59.039,20.961,0.053,1.168,0.000,1.056
878,330.253,76.826,84.599,0.042,61.389,20.968,0.048,1.167,0.000,1.027
879,330.642,78.323,87.009,0.063,63.825,20.974,0.044,1.166,0.000,0.998
880,331.032,92.030,89.502,0.084,66.346,20.981,0.041,1.166,0.000,0.969
881,331.421,77.100,92.077,0.105,68.948,20.987,0.037,1.165,0.000,0.940
882,331.811,87.136,94.732,0.127,71.629,20.994,0.034,1.164,0.000,0.911
883,332.200,85.286,97.463,0.148,74.386,21.001,0.031,1.163,0.000,0.882
884,332.590,86.402,100.267,0.169,77.216,21.008,0.028,1.162,0.000,0.853
885,332.979,110.856,103.142,0.190,80.115,21.016,0.026,1.161,0.000,0.825
886,333.369,91.432,106.083,0.211,83.080,21.023,0.023,1.160,0.000,0.796
887,333.759,122.492,109.086,0.232,86.107,21.031,0.021,1.159,0.000,0.768
888,334.148,104.402,112.147,0.253,89.192,21.039,0.019,1.157,0.000,0.740
889,334.538,112.353,115.263,0.274,92.330,21.047,0.017,1.156,0.000,0.712
890,334.927,108.020,118.427,0.295,95.516,21.055,0.016,1.155,0.000,0.685
891,335.317,108.096,121.636,0.316,98.745,21.063,0.014,1.154,0.000,0.658
892,335.707,117.965,124.883,0.338,102.013,21.072,0.013,1.153,0.000,0.632
893,336.096,98.641,128.164,0.359,105.313,21.081,0.012,1.152,0.000,0.606
894,336.486,131.899,131.473,0.380,108.641,21.090,0.011,1.151,0.000,0.581
895,336.876,125.625,134.803,0.401,111.989,21.099,0.010,1.150,0.000,0.556
896,337.265,147.363,138.150,0.422,115.352,21.108,0.009,1.149,0.000,0.532
897,337.655,145.917,141.505,0.443,118.723,21.118,0.008,1.148,0.000,0.508
898,338.045,120.876,144.863,0.464,122.096,21.128,0.007,1.147,0.000,0.485
899,338.434,132.098,148.217,0.485,125.464,21.138,0.006,1.146,0.000,0.462
900,338.824,140.024,151.560,0.506,128.820,21.148,0.006,1.144,0.000,0.440
901,339.214,166.127,154.884,0.527,132.157,21.159,0.005,1.143,0.000,0.419
902,339.604,156.109,158.184,0.549,135.468,21.170,0.005,1.142,0.000,0.399
903,339.993,153.412,161.450,0.570,138.745,21.181,0.004,1.141,0.000,0.379
904,340.383,155.889,164.677,0.591,141.981,21.192,0.004,1.140,0.000,0.359
905,340.773,166.958,167.856,0.612,145.169,21.204,0.004,1.139,0.000,0.341
906,341.163,204.839,170.980,0.633,148.301,21.216,0.003,1.138,0.000,0.323
907,341.553,157.707,174.042,0.654,151.369,21.228,0.003,1.137,0.000,0.305
908,341.943,147.386,177.035,0.675,154.367,21.240,0.003,1.136,0.000,0.289
909,342.332,185.407,179.950,0.696,157.287,21.253,0.003,1.135,0.000,0.273
910,342.722,190.285,182.781,0.717,160.121,21.265,0.003,1.135,0.000,0.257
911,343.112,192.692,185.520,0.738,162.862,21.278,0.003,1.134,0.000,0.242
912,343.502,180.332,188.160,0.760,165.505,21.292,0.002,1.133,0.000,0.228
913,343.892,185.577,190.695,0.781,168.040,21.306,0.002,1.132,0.000,0.215
914,344.282,191.044,193.117,0.802,170.463,21.319,0.002,1.131,0.000,0.202
915,344.672,178.538,195.421,0.823,172.765,21.334,0.002,1.130,0.000,0.190
916,345.062,222.154,197.600,0.844,174.943,21.348,0.002,1.130,0.000,0.178
917,345.452,197.362,199.649,0.865,176.988,21.363,0.002,1.129,0.000,0.167
918,345.842,159.493,201.560,0.886,178.896,21.378,0.002,1.128,0.000,0.156
919,346.232,198.872,203.330,0.907,180.661,21.393,0.002,1.128,0.000,0.146
920,346.622,211.174,204.953,0.928,182.279,21.409,0.003,1.127,0.000,0.136
921,347.012,215.884,206.425,0.949,183.744,21.425,0.003,1.126,0.000,0.127
922,347.402,225.719,207.741,0.971,185.053,21.441,0.003,1.126,0.000,0.119
923,347.792,185.131,208.898,0.992,186.202,21.457,0.003,1.125,0.000,0.111
924,348.182,232.063,209.892,1.013,187.187,21.474,0.003,1.125,0.000,0.103
925,348.572,220.060,210.721,1.034,188.006,21.491,0.003,1.125,0.000,0.096
926,348.962,233.119,211.381,1.055,188.657,21.508,0.003,1.124,0.000,0.089
927,349.353,206.988,211.871,1.076,189.136,21.525,0.003,1.124,0.000,0.083
928,349.743,209.562,212.190,1.097,189.443,21.543,0.004,1.124,0.000,0.077
929,350.133,238.265,212.336,1.118,189.577,21.561,0.004,1.123,0.000,0.071
930,350.523,203.995,212.309,1.139,189.536,21.580,0.004,1.123,0.000,0.066
931,350.913,226.099,212.108,1.160,189.322,21.598,0.004,1.123,0.000,0.061
932,351.303,224.041,211.735,1.182,188.934,21.617,0.005,1.123,0.000,0.056
933,351.694,212.009,211.189,1.203,188.374,21.636,0.005,1.123,0.000,0.052
934,352.084,215.434,210.473,1.224,187.643,21.655,0.005,1.123,0.000,0.048
935,352.474,208.991,209.589,1.245,186.742,21.675,0.006,1.123,0.000,0.044
936,352.864,233.920,208.538,1.266,185.674,21.695,0.006,1.123,0.000,0.040
937,353.255,201.079,207.323,1.287,184.443,21.715,0.006,1.123,0.000,0.037
938,353.645,225.917,205.949,1.308,183.050,21.735,0.007,1.123,0.000,0.034
939,354.035,194.910,204.417,1.329,181.501,21.755,0.007,1.123,0.000,0.031
940,354.425,232.170,202.734,1.350,179.798,21.776,0.007,1.123,0.000,0.029
941,354.816,185.022,200.902,1.371,177.947,21.797,0.008,1.124,0.000,0.026
942,355.206,179.337,198.927,1.393,175.952,21.818,0.008,1.124,0.000,0.024
943,355.596,206.847,196.813,1.414,173.819,21.840,0.009,1.124,0.000,0.022
944,355.987,202.094,194.568,1.435,171.553,21.861,0.009,1.124,0.000,0.020
945,356.377,186.503,192.196,1.456,169.160,21.883,0.010,1.125,0.000,0.018
946,356.768,180.152,189.703,1.477,166.646,21.905,0.010,1.125,0.000,0.017
947,357.158,153.906,187.096,1.498,164.018,21.927,0.011,1.126,0.000,0.015
948,357.548,203.381,184.382,1.519,161.282,21.949,0.011,1.126,0.000,0.014
949,357.939,202.434,181.567,1.540,158.445,21.971,0.012,1.127,0.000,0.013
950,358.329,167.734,178.658,1.561,155.513,21.994,0.012,1.127,0.000,0.011
951,358.720,158.620,175.662,1.582,152.495,22.017,0.013,1.128,0.000,0.010
952,359.110,161.123,172.587,1.604,149.396,22.040,0.014,1.128,0.000,0.009
953,359.501,156.179,169.440,1.625,146.226,22.063,0.014,1.129,0.000,0.008
954,359.891,143.300,166.227,1.646,142.990,22.086,0.015,1.129,0.000,0.008
955,360.282,174.759,162.958,1.667,139.696,22.109,0.016,1.130,0.000,0.007
956,360.672,142.042,159.637,1.688,136.352,22.132,0.016,1.131,0.000,0.006
957,361.063,146.010,156.275,1.709,132.965,22.156,0.017,1.131,0.000,0.006
958,361.453,164.491,152.876,1.730,129.542,22.179,0.018,1.132,0.000,0.005
959,361.844,146.543,149.449,1.751,126.091,22.203,0.019,1.133,0.000,0.005
960,362.234,164.003,146.001,1.772,122.617,22.226,0.019,1.133,0.000,0.004
961,362.625,163.961,142.538,1.793,119.130,22.250,0.020,1.134,0.000,0.004
962,363.016,126.478,139.068,1.815,115.635,22.274,0.021,1.135,0.000,0.003
963,363.406,133.360,135.596,1.836,112.138,22.298,0.022,1.136,0.000,0.003
964,363.797,136.304,132.130,1.857,108.647,22.322,0.022,1.136,0.000,0.003
965,364.188,109.887,128.676,1.878,105.167,22.346,0.023,1.137,0.000,0.002
966,364.578,127.067,125.239,1.899,101.705,22.370,0.024,1.138,0.000,0.002
967,364.969,116.731,121.826,1.920,98.266,22.394,0.025,1.139,0.000,0.002
968,365.360,86.837,118.441,1.941,94.856,22.418,0.026,1.139,0.000,0.002
969,365.750,108.527,115.091,1.962,91.481,22.442,0.027,1.140,0.000,0.001
970,366.141,108.841,111.779,1.983,88.144,22.466,0.028,1.141,0.000,0.001
971,366.532,72.583,108.511,2.004,84.850,22.490,0.028,1.142,0.000,0.001
972,366.922,112.386,105.292,2.026,81.605,22.514,0.029,1.142,0.000,0.001
973,367.313,99.879,102.124,2.047,78.412,22.538,0.030,1.143,0.000,0.001
974,367.704,86.867,99.012,2.068,75.275,22.562,0.031,1.144,0.000,0.001
975,368.095,82.586,95.960,2.089,72.197,22.586,0.032,1.144,0.000,0.001
976,368.486,81.831,92.970,2.110,69.181,22.610,0.033,1.145,0.000,0.001
977,368.876,120.051,90.046,2.131,66.231,22.634,0.034,1.146,0.000,0.001
978,369.267,81.864,87.189,2.152,63.350,22.658,0.035,1.146,0.000,0.001
979,369.658,80.062,84.403,2.173,60.538,22.682,0.035,1.147,0.000,0.000
980,370.049,73.032,81.689,2.194,57.799,22.706,0.036,1.147,0.000,0.000
981,370.440,66.675,79.048,2.215,55.133,22.730,0.037,1.148,0.000,0.000
982,370.831,77.667,76.483,2.237,52.543,22.753,0.038,1.149,0.000,0.000
983,371.222,82.796,73.995,2.258,50.030,22.777,0.039,1.149,0.000,0.000
984,371.612,59.100,71.583,2.279,47.593,22.801,0.040,1.149,0.000,0.000
985,372.003,72.017,69.250,2.300,45.235,22.824,0.040,1.150,0.000,0.000
986,372.394,57.455,66.995,2.321,42.956,22.848,0.041,1.150,0.000,0.000
987,372.785,65.159,64.818,2.342,40.754,22.871,0.042,1.151,0.000,0.000
988,373.176,53.630,62.720,2.363,38.632,22.895,0.043,1.151,0.000,0.000
989,373.567,51.740,60.700,2.384,36.587,22.918,0.043,1.151,0.000,0.000
990,373.958,54.080,58.757,2.405,34.620,22.941,0.044,1.151,0.000,0.000
991,374.349,62.485,56.892,2.426,32.731,22.965,0.045,1.152,0.000,0.000
992,374.740,58.950,55.102,2.448,30.917,22.988,0.045,1.152,0.000,0.000
993,375.131,39.736,53.387,2.469,29.179,23.011,0.046,1.152,0.000,0.000
994,375.522,44.315,51.747,2.490,27.515,23.034,0.047,1.152,0.000,0.000
995,375.913,35.296,50.179,2.511,25.923,23.057,0.047,1.152,0.000,0.000
996,376.304,39.160,48.682,2.532,24.403,23.079,0.048,1.152,0.000,0.000
997,376.696,62.759,47.255,2.553,22.953,23.102,0.048,1.151,0.000,0.000
998,377.087,30.053,45.896,2.574,21.571,23.125,0.048,1.151,0.000,0.000
999,377.478,62.660,44.603,2.595,20.256,23.147,0.049,1.151,0.000,0.000
1000,377.869,64.695,43.375,2.616,19.005,23.170,0.049,1.150,0.000,0.000
1001,378.260,46.276,42.209,2.637,17.817,23.192,0.050,1.150,0.000,0.000
1002,378.651,48.809,41.105,2.659,16.691,23.215,0.050,1.150,0.000,0.000
1003,379.042,33.790,40.059,2.680,15.623,23.237,0.050,1.149,0.000,0.000
1004,379.434,34.082,39.071,2.701,14.613,23.259,0.050,1.148,0.000,0.000
1005,379.825,47.731,38.137,2.722,13.657,23.281,0.051,1.148,0.000,0.000
1006,380.216,55.466,37.256,2.743,12.755,23.303,0.051,1.147,0.000,0.000
1007,380.607,31.443,36.426,2.764,11.904,23.325,0.051,1.146,0.000,0.000
1008,380.998,50.825,35.645,2.785,11.103,23.347,0.051,1.145,0.000,0.000
1009,381.390,41.265,34.911,2.806,10.348,23.369,0.051,1.144,0.000,0.000
1010,381.781,51.116,34.222,2.827,9.638,23.390,0.051,1.143,0.000,0.000
1011,382.172,45.525,33.576,2.848,8.972,23.412,0.051,1.142,0.000,0.000
1012,382.563,34.757,32.970,2.870,8.346,23.433,0.051,1.140,0.000,0.000
1013,382.955,44.551,32.404,2.891,7.760,23.454,0.051,1.139,0.000,0.000
1014,383.346,47.498,31.875,2.912,7.211,23.476,0.051,1.137,0.000,0.000
1015,383.737,38.908,31.381,2.933,6.698,23.497,0.050,1.136,0.000,0.000
1016,384.129,48.287,30.921,2.954,6.219,23.518,0.050,1.134,0.000,0.000
1017,384.520,52.962,30.493,2.975,5.772,23.538,0.050,1.133,0.000,0.000
1018,384.912,46.449,30.094,2.996,5.355,23.559,0.050,1.131,0.000,0.000
1019,385.303,22.443,29.724,3.017,4.966,23.580,0.049,1.129,0.000,0.000
1020,385.694,33.081,29.381,3.038,4.605,23.600,0.049,1.127,0.000,0.000
1021,386.086,37.649,29.063,3.059,4.269,23.620,0.048,1.125,0.000,0.000
1022,386.477,41.878,28.769,3.081,3.958,23.641,0.048,1.123,0.000,0.000
1023,386.869,39.609,28.497,3.102,3.669,23.661,0.048,1.120,0.000,0.000
1024,387.260,42.464,28.247,3.123,3.401,23.680,0.047,1.118,0.000,0.000
1025,387.652,27.647,28.015,3.144,3.153,23.700,0.047,1.115,0.000,0.000
1026,388.043,40.696,27.803,3.165,2.924,23.720,0.046,1.113,0.000,0.000
1027,388.435,50.036,27.607,3.186,2.713,23.739,0.045,1.110,0.000,0.000
1028,388.826,49.635,27.428,3.207,2.517,23.758,0.045,1.108,0.000,0.000
1029,389.218,29.182,27.264,3.228,2.338,23.777,0.044,1.105,0.000,0.000
1030,389.609,57.786,27.113,3.249,2.172,23.796,0.044,1.102,0.000,0.000
1031,390.001,18.043,26.975,3.270,2.020,23.814,0.043,1.099,0.000,0.000
1032,390.392,18.748,26.850,3.292,1.880,23.832,0.042,1.096,0.000,0.000
1033,390.784,40.771,26.735,3.313,1.751,23.850,0.042,1.093,0.000,0.000
1034,391.175,11.611,26.631,3.334,1.633,23.868,0.041,1.089,0.000,0.000
1035,391.567,33.775,26.537,3.355,1.525,23.885,0.040,1.086,0.000,0.000
1036,391.959,28.025,26.451,3.376,1.426,23.902,0.040,1.083,0.000,0.000
1037,392.350,29.733,26.373,3.397,1.336,23.919,0.039,1.079,0.000,0.000
1038,392.742,14.283,26.302,3.418,1.253,23.935,0.038,1.075,0.000,0.000
1039,393.134,18.503,26.238,3.439,1.178,23.951,0.037,1.072,0.000,0.000
1040,393.525,40.327,26.181,3.460,1.109,23.967,0.037,1.068,0.000,0.000
1041,393.917,41.996,26.129,3.481,1.047,23.982,0.036,1.064,0.000,0.000
1042,394.309,37.914,26.082,3.502,0.990,23.996,0.035,1.060,0.000,0.000
1043,394.700,35.956,26.040,3.524,0.938,24.011,0.035,1.056,0.000,0.000
1044,395.092,33.734,26.001,3.545,0.891,24.024,0.034,1.052,0.000,0.000
1045,395.484,21.078,25.967,3.566,0.848,24.038,0.033,1.048,0.000,0.000
1046,395.876,21.394,25.936,3.587,0.809,24.050,0.032,1.044,0.000,0.000
1047,396.267,37.949,25.908,3.608,0.774,24.062,0.032,1.040,0.000,0.000
1048,396.659,48.144,25.883,3.629,0.742,24.074,0.031,1.036,0.000,0.000
1049,397.051,31.584,25.860,3.650,0.714,24.085,0.030,1.032,0.000,0.000
1050,397.443,42.648,25.839,3.671,0.688,24.095,0.030,1.027,0.000,0.000
1051,397.834,26.925,25.820,3.692,0.664,24.104,0.029,1.023,0.000,0.000
1052,398.226,35.682,25.803,3.713,0.643,24.113,0.028,1.018,0.000,0.000
1053,398.618,16.894,25.787,3.735,0.624,24.121,0.028,1.014,0.000,0.000
1054,399.010,35.072,25.772,3.756,0.607,24.128,0.027,1.010,0.000,0.000
1055,399.402,23.341,25.757,3.777,0.591,24.135,0.026,1.005,0.000,0.000
1056,399.794,40.224,25.744,3.798,0.577,24.140,0.026,1.000,0.000,0.000
1057,400.186,15.327,25.731,3.819,0.565,24.145,0.025,0.996,0.000,0.000
1058,400.578,19.757,25.718,3.840,0.554,24.149,0.025,0.991,0.000,0.000
1059,400.970,48.156,25.706,3.861,0.544,24.151,0.024,0.987,0.000,0.000
1060,401.362,28.203,25.693,3.882,0.535,24.153,0.023,0.982,0.000,0.000
1061,401.753,33.134,25.681,3.903,0.526,24.154,0.023,0.977,0.000,0.000
1062,402.145,33.557,25.668,3.924,0.519,24.153,0.022,0.973,0.000,0.000
1063,402.537,34.295,25.655,3.946,0.513,24.152,0.022,0.968,0.000,0.000
1064,402.929,30.790,25.641,3.967,0.507,24.149,0.021,0.963,0.000,0.000
1065,403.321,16.556,25.627,3.988,0.502,24.146,0.021,0.959,0.000,0.000
1066,403.713,27.057,25.612,4.009,0.497,24.141,0.020,0.954,0.000,0.000
1067,404.105,30.381,25.597,4.030,0.493,24.134,0.020,0.950,0.000,0.000
1068,404.498,49.043,25.581,4.051,0.489,24.127,0.020,0.945,0.000,0.000
1069,404.890,39.610,25.564,4.072,0.486,24.118,0.019,0.940,0.000,0.000
1070,405.282,35.093,25.546,4.093,0.483,24.108,0.019,0.936,0.000,0.000
1071,405.674,18.963,25.527,4.114,0.480,24.097,0.018,0.931,0.000,0.000
1072,406.066,22.056,25.506,4.135,0.478,24.084,0.018,0.927,0.000,0.000
1073,406.458,23.196,25.485,4.157,0.476,24.069,0.018,0.922,0.000,0.000
1074,406.850,14.631,25.463,4.178,0.474,24.054,0.017,0.918,0.000,0.000
1075,407.242,31.001,25.439,4.199,0.472,24.036,0.017,0.913,0.000,0.000
1076,407.634,20.403,25.414,4.220,0.471,24.018,0.017,0.909,0.000,0.000
1077,408.027,27.250,25.388,4.241,0.470,23.997,0.017,0.904,0.000,0.000
1078,408.419,22.584,25.361,4.262,0.469,23.976,0.016,0.900,0.000,0.000
1079,408.811,11.299,25.332,4.283,0.468,23.952,0.016,0.896,0.000,0.000
1080,409.203,10.245,25.302,4.304,0.467,23.927,0.016,0.892,0.000,0.000
1081,409.595,46.470,25.270,4.325,0.466,23.901,0.016,0.887,0.000,0.000
1082,409.988,18.377,25.237,4.346,0.465,23.873,0.015,0.883,0.000,0.000
1083,410.380,36.956,25.203,4.368,0.465,23.843,0.015,0.879,0.000,0.000
1084,410.772,20.260,25.167,4.389,0.464,23.812,0.015,0.875,0.000,0.000
1085,411.164,22.478,25.129,4.410,0.464,23.779,0.015,0.871,0.000,0.000
1086,411.557,24.983,25.090,4.431,0.464,23.744,0.015,0.867,0.000,0.000
1087,411.949,18.059,25.050,4.452,0.464,23.708,0.015,0.864,0.000,0.000
1088,412.341,18.668,25.008,4.473,0.463,23.670,0.014,0.860,0.000,0.000
1089,412.734,16.701,24.964,4.494,0.463,23.631,0.014,0.856,0.000,0.000
1090,413.126,20.502,24.919,4.515,0.463,23.589,0.014,0.852,0.000,0.000
1091,413.518,48.766,24.872,4.536,0.463,23.547,0.014,0.849,0.000,0.000
1092,413.911,5.890,24.824,4.557,0.463,23.502,0.014,0.845,0.000,0.000
1093,414.303,18.890,24.775,4.579,0.463,23.456,0.014,0.842,0.000,0.000
1094,414.696,32.923,24.724,4.600,0.463,23.409,0.014,0.839,0.000,0.000
1095,415.088,25.522,24.672,4.621,0.463,23.360,0.013,0.835,0.000,0.000
1096,415.480,37.564,24.618,4.642,0.463,23.309,0.013,0.832,0.000,0.000
1097,415.873,28.284,24.562,4.663,0.463,23.257,0.013,0.829,0.000,0.000
1098,416.265,33.116,24.506,4.684,0.464,23.203,0.013,0.826,0.000,0.000
1099,416.658,32.344,24.448,4.705,0.464,23.148,0.013,0.823,0.000,0.000
1100,417.050,14.756,24.388,4.726,0.464,23.091,0.013,0.820,0.000,0.000
1101,417.443,16.461,24.328,4.747,0.464,23.033,0.013,0.817,0.000,0.000
1102,417.835,44.877,24.266,4.768,0.464,22.974,0.013,0.815,0.000,0.000
1103,418.228,33.721,24.202,4.790,0.465,22.913,0.013,0.812,0.000,0.000
1104,418.620,39.317,24.138,4.811,0.465,22.851,0.012,0.809,0.000,0.000
1105,419.013,33.354,24.072,4.832,0.465,22.788,0.012,0.807,0.000,0.000
1106,419.405,11.594,24.006,4.853,0.466,22.724,0.012,0.804,0.000,0.000
1107,419.798,29.588,23.938,4.874,0.466,22.658,0.012,0.802,0.000,0.000
1108,420.191,35.339,23.869,4.895,0.466,22.591,0.012,0.800,0.000,0.000
1109,420.583,30.516,23.799,4.916,0.467,22.523,0.012,0.797,0.000,0.000
1110,420.976,19.167,23.728,4.937,0.467,22.455,0.012,0.795,0.000,0.000
1111,421.368,26.595,23.657,4.958,0.467,22.385,0.012,0.793,0.000,0.000
1112,421.761,17.520,23.584,4.979,0.468,22.314,0.011,0.791,0.000,0.000
1113,422.154,17.297,23.511,5.001,0.468,22.243,0.011,0.789,0.000,0.000
1114,422.546,28.978,23.437,5.022,0.468,22.170,0.011,0.787,0.000,0.000
1115,422.939,20.883,23.362,5.043,0.469,22.097,0.011,0.786,0.000,0.000
1116,423.332,41.685,23.287,5.064,0.469,22.023,0.011,0.784,0.000,0.000
1117,423.724,31.131,23.211,5.085,0.470,21.949,0.011,0.782,0.000,0.000
1118,424.117,15.584,23.135,5.106,0.470,21.874,0.011,0.781,0.000,0.000
1119,424.510,16.426,23.058,5.127,0.470,21.799,0.010,0.779,0.000,0.000
1120,424.903,26.673,22.981,5.148,0.471,21.723,0.010,0.778,0.000,0.000
1121,425.295,2.626,22.904,5.169,0.471,21.646,0.010,0.776,0.000,0.000
1122,425.688,14.887,22.826,5.190,0.472,21.570,0.010,0.775,0.000,0.000
1123,426.081,19.670,22.748,5.212,0.472,21.493,0.010,0.774,0.000,0.000
1124,426.474,13.432,22.670,5.233,0.472,21.416,0.010,0.772,0.000,0.000
1125,426.867,14.125,22.592,5.254,0.473,21.339,0.009,0.771,0.000,0.000
1126,427.259,18.338,22.514,5.275,0.473,21.261,0.009,0.770,0.000,0.000
1127,427.652,19.038,22.436,5.296,0.474,21.184,0.009,0.769,0.000,0.000
1128,428.045,10.744,22.358,5.317,0.474,21.107,0.009,0.768,0.000,0.000
1129,428.438,10.651,22.280,5.338,0.475,21.030,0.009,0.767,0.000,0.000
1130,428.831,25.441,22.203,5.359,0.475,20.953,0.008,0.766,0.000,0.000
1131,429.224,19.209,22.125,5.380,0.475,20.876,0.008,0.765,0.000,0.000
1132,429.617,23.289,22.048,5.401,0.476,20.800,0.008,0.765,0.000,0.000
1133,430.010,31.355,21.972,5.423,0.476,20.724,0.008,0.764,0.000,0.000
1134,430.402,23.251,21.896,5.444,0.477,20.648,0.008,0.763,0.000,0.000
1135,430.795,28.767,21.820,5.465,0.477,20.573,0.007,0.763,0.000,0.000
1136,431.188,23.204,21.745,5.486,0.477,20.498,0.007,0.762,0.000,0.000
1137,431.581,23.798,21.671,5.507,0.478,20.424,0.007,0.762,0.000,0.000
1138,431.974,21.925,21.597,5.528,0.478,20.351,0.007,0.761,0.000,0.000
1139,432.367,13.003,21.524,5.549,0.479,20.278,0.007,0.761,0.000,0.000
1140,432.760,30.817,21.451,5.570,0.479,20.205,0.007,0.760,0.000,0.000
1141,433.153,15.886,21.380,5.591,0.480,20.134,0.006,0.760,0.000,0.000
1142,433.546,25.269,21.309,5.612,0.480,20.063,0.006,0.759,0.000,0.000
1143,433.939,25.134,21.239,5.634,0.480,19.993,0.006,0.759,0.000,0.000
1144,434.333,25.565,21.170,5.655,0.481,19.924,0.006,0.759,0.000,0.000
1145,434.726,33.352,21.102,5.676,0.481,19.856,0.006,0.759,0.000,0.000
1146,435.119,14.175,21.034,5.697,0.482,19.789,0.005,0.758,0.000,0.000
1147,435.512,24.119,20.968,5.718,0.482,19.723,0.005,0.758,0.000,0.000
1148,435.905,20.481,20.903,5.739,0.483,19.657,0.005,0.758,0.000,0.000
1149,436.298,20.346,20.839,5.760,0.483,19.593,0.005,0.758,0.000,0.000
1150,436.691,18.577,20.776,5.781,0.484,19.530,0.005,0.758,0.000,0.000
1151,437.084,22.337,20.714,5.802,0.484,19.468,0.005,0.758,0.000,0.000
1152,437.478,21.446,20.654,5.823,0.485,19.407,0.004,0.758,0.000,0.000
1153,437.871,16.194,20.594,5.845,0.485,19.347,0.004,0.758,0.000,0.000
1154,438.264,24.548,20.536,5.866,0.486,19.288,0.004,0.758,0.000,0.000
1155,438.657,38.571,20.479,5.887,0.486,19.230,0.004,0.758,0.000,0.000
1156,439.050,23.287,20.423,5.908,0.487,19.174,0.004,0.758,0.000,0.000
1157,439.444,20.054,20.368,5.929,0.488,19.118,0.004,0.758,0.000,0.000
1158,439.837,0.535,20.314,5.950,0.488,19.064,0.003,0.758,0.000,0.000
1159,440.230,19.955,20.262,5.971,0.489,19.011,0.003,0.759,0.000,0.000
1160,440.623,23.751,20.211,5.992,0.490,18.959,0.003,0.759,0.000,0.000
1161,441.017,5.304,20.161,6.013,0.491,18.908,0.003,0.759,0.000,0.000
1162,441.410,7.248,20.113,6.034,0.492,18.859,0.003,0.759,0.000,0.000
1163,441.803,14.519,20.065,6.056,0.493,18.811,0.003,0.760,0.000,0.000
1164,442.197,14.214,20.019,6.077,0.494,18.763,0.003,0.760,0.000,0.000
1165,442.590,31.359,19.975,6.098,0.495,18.717,0.003,0.760,0.000,0.000
1166,442.983,30.827,19.931,6.119,0.496,18.673,0.002,0.760,0.000,0.000
1167,443.377,12.073,19.889,6.140,0.497,18.629,0.002,0.761,0.000,0.000
1168,443.770,23.110,19.848,6.161,0.498,18.587,0.002,0.761,0.000,0.000
1169,444.163,20.943,19.809,6.182,0.500,18.546,0.002,0.762,0.000,0.000
1170,444.557,25.026,19.770,6.203,0.501,18.505,0.002,0.762,0.000,0.000
1171,444.950,18.564,19.733,6.224,0.502,18.467,0.002,0.762,0.000,0.000
1172,445.344,21.810,19.698,6.245,0.504,18.429,0.002,0.763,0.000,0.000
1173,445.737,22.006,19.663,6.267,0.506,18.392,0.002,0.763,0.000,0.000
1174,446.131,10.797,19.630,6.288,0.508,18.357,0.002,0.764,0.000,0.000
1175,446.524,11.791,19.598,6.309,0.510,18.322,0.002,0.764,0.000,0.000
1176,446.918,5.756,19.567,6.330,0.512,18.289,0.002,0.765,0.000,0.000
1177,447.311,11.617,19.519,6.333,0.513,18.240,0.001,0.765,0.000,0.000
1178,447.705,2.686,19.473,6.337,0.515,18.192,0.001,0.764,0.000,0.000
1179,448.098,19.021,19.428,6.340,0.517,18.146,0.001,0.764,0.000,0.000
1180,448.492,10.432,19.384,6.343,0.520,18.100,0.001,0.763,0.000,0.000
1181,448.885,29.770,19.342,6.347,0.522,18.055,0.001,0.763,0.000,0.000
1182,449.279,18.555,19.300,6.350,0.525,18.012,0.001,0.763,0.000,0.000
1183,449.672,27.238,19.260,6.353,0.527,17.969,0.001,0.763,0.000,0.000
1184,450.066,7.455,19.221,6.357,0.530,17.927,0.001,0.762,0.000,0.000
1185,450.459,24.862,19.183,6.360,0.533,17.886,0.001,0.762,0.000,0.000
1186,450.853,28.870,19.146,6.363,0.537,17.846,0.001,0.762,0.000,0.000
1187,451.247,7.670,19.110,6.367,0.540,17.807,0.001,0.762,0.000,0.000
1188,451.640,17.796,19.075,6.370,0.544,17.769,0.001,0.761,0.000,0.000
1189,452.034,21.973,19.042,6.373,0.548,17.732,0.001,0.761,0.000,0.000
1190,452.428,16.894,19.009,6.377,0.552,17.695,0.001,0.761,0.000,0.000
1191,452.821,20.013,18.978,6.380,0.556,17.660,0.001,0.761,0.000,0.000
1192,453.215,14.234,18.947,6.383,0.560,17.625,0.001,0.761,0.000,0.000
1193,453.609,16.016,18.918,6.387,0.565,17.591,0.001,0.761,0.000,0.000
1194,454.003,21.927,18.889,6.390,0.570,17.558,0.001,0.761,0.000,0.000
1195,454.396,33.955,18.862,6.393,0.575,17.525,0.001,0.761,0.000,0.000
1196,454.790,19.497,18.836,6.397,0.581,17.493,0.001,0.761,0.000,0.000
1197,455.184,17.723,18.811,6.400,0.587,17.462,0.001,0.761,0.000,0.000
1198,455.578,24.293,18.786,6.403,0.593,17.432,0.001,0.761,0.000,0.000
1199,455.971,24.038,18.763,6.407,0.599,17.402,0.001,0.762,0.000,0.000
1200,456.365,17.723,18.741,6.410,0.606,17.373,0.001,0.762,0.000,0.000
1201,456.759,23.979,18.719,6.414,0.613,17.344,0.000,0.762,0.000,0.000
1202,457.153,26.208,18.699,6.417,0.620,17.316,0.000,0.762,0.000,0.000
1203,457.547,21.439,18.680,6.420,0.627,17.289,0.000,0.763,0.000,0.000
1204,457.940,11.055,18.661,6.424,0.635,17.262,0.000,0.763,0.000,0.000
1205,458.334,6.749,18.643,6.427,0.643,17.236,0.000,0.764,0.000,0.000
1206,458.728,8.702,18.627,6.430,0.652,17.210,0.000,0.764,0.000,0.000
1207,459.122,24.914,18.611,6.434,0.661,17.185,0.000,0.765,0.000,0.000
1208,459.516,27.477,18.596,6.437,0.670,17.161,0.000,0.765,0.000,0.000
1209,459.910,14.108,18.582,6.440,0.679,17.137,0.000,0.766,0.000,0.000
1210,460.304,0.000,18.569,6.444,0.689,17.113,0.000,0.767,0.000,0.000
1211,460.698,13.041,18.557,6.447,0.699,17.090,0.000,0.767,0.000,0.000
1212,461.092,24.393,18.546,6.450,0.710,17.068,0.000,0.768,0.000,0.000
1213,461.486,16.596,18.536,6.454,0.720,17.046,0.000,0.769,0.000,0.000
1214,461.880,40.557,18.526,6.457,0.731,17.024,0.000,0.770,0.000,0.000
1215,462.274,24.902,18.517,6.460,0.743,17.003,0.000,0.771,0.000,0.000
1216,462.668,5.878,18.510,6.464,0.755,16.982,0.000,0.773,0.000,0.000
1217,463.062,13.958,18.503,6.467,0.767,16.962,0.000,0.774,0.000,0.000
1218,463.456,21.723,18.496,6.470,0.779,16.942,0.000,0.775,0.000,0.000
1219,463.850,9.366,18.491,6.474,0.792,16.922,0.000,0.777,0.000,0.000
1220,464.244,21.911,18.486,6.477,0.805,16.903,0.000,0.778,0.000,0.000
1221,464.638,23.352,18.483,6.480,0.818,16.884,0.000,0.780,0.000,0.000
1222,465.032,13.197,18.480,6.484,0.832,16.865,0.000,0.782,0.000,0.000
1223,465.426,9.953,18.477,6.487,0.846,16.847,0.000,0.784,0.000,0.000
1224,465.820,22.160,18.476,6.491,0.860,16.830,0.000,0.786,0.000,0.000
1225,466.214,9.377,18.475,6.494,0.875,16.812,0.000,0.788,0.000,0.000
1226,466.608,0.000,18.475,6.497,0.890,16.795,0.000,0.790,0.000,0.000
1227,467.003,28.102,18.476,6.501,0.905,16.778,0.000,0.793,0.000,0.000
1228,467.397,19.703,18.477,6.504,0.920,16.762,0.000,0.796,0.000,0.000
1229,467.791,13.392,18.479,6.507,0.935,16.745,0.000,0.799,0.000,0.000
1230,468.185,22.382,18.482,6.511,0.951,16.729,0.000,0.802,0.000,0.000
1231,468.579,37.495,18.486,6.514,0.967,16.714,0.000,0.805,0.000,0.000
1232,468.974,19.408,18.490,6.517,0.983,16.698,0.000,0.808,0.000,0.000
1233,469.368,13.017,18.495,6.521,0.999,16.683,0.000,0.812,0.000,0.000
1234,469.762,26.885,18.500,6.524,1.016,16.668,0.000,0.816,0.000,0.000
1235,470.156,33.340,18.506,6.527,1.032,16.654,0.000,0.820,0.000,0.000
1236,470.551,11.262,18.512,6.531,1.049,16.639,0.000,0.824,0.000,0.000
1237,470.945,30.781,18.519,6.534,1.065,16.625,0.000,0.828,0.000,0.000
1238,471.339,26.672,18.527,6.537,1.082,16.611,0.000,0.833,0.000,0.000
1239,471.733,29.072,18.535,6.541,1.099,16.598,0.000,0.838,0.000,0.000
1240,472.128,12.019,18.544,6.544,1.116,16.584,0.000,0.843,0.000,0.000
1241,472.522,8.687,18.553,6.547,1.133,16.571,0.000,0.849,0.000,0.000
1242,472.916,25.440,18.563,6.551,1.149,16.558,0.000,0.855,0.000,0.000
1243,473.311,28.370,18.573,6.554,1.166,16.545,0.000,0.861,0.000,0.000
1244,473.705,13.907,18.583,6.557,1.183,16.533,0.000,0.867,0.000,0.000
1245,474.100,25.191,18.594,6.561,1.199,16.521,0.000,0.874,0.000,0.000
1246,474.494,13.433,18.605,6.564,1.215,16.508,0.000,0.881,0.000,0.000
1247,474.888,15.861,18.617,6.568,1.232,16.497,0.000,0.889,0.000,0.000
1248,475.283,17.298,18.629,6.571,1.248,16.485,0.000,0.897,0.000,0.000
1249,475.677,12.240,18.641,6.574,1.263,16.473,0.000,0.905,0.000,0.000
1250,476.072,19.108,18.654,6.578,1.279,16.462,0.000,0.913,0.000,0.000
1251,476.466,16.651,18.667,6.581,1.294,16.451,0.000,0.922,0.000,0.000
1252,476.861,15.340,18.680,6.584,1.309,16.440,0.000,0.931,0.000,0.000
1253,477.255,22.298,18.694,6.588,1.324,16.429,0.000,0.941,0.000,0.000
1254,477.650,33.309,18.707,6.591,1.338,16.418,0.000,0.951,0.000,0.000
1255,478.044,22.261,18.721,6.594,1.352,16.408,0.000,0.962,0.000,0.000
1256,478.439,16.304,18.735,6.598,1.365,16.397,0.000,0.972,0.000,0.000
1257,478.833,11.950,18.750,6.601,1.378,16.387,0.000,0.984,0.000,0.000
1258,479.228,12.010,18.764,6.604,1.391,16.377,0.000,0.996,0.000,0.000
1259,479.622,17.811,18.778,6.608,1.403,16.367,0.000,1.008,0.000,0.000
1260,480.017,12.557,18.793,6.611,1.415,16.358,0.000,1.021,0.000,0.000
1261,480.411,26.026,18.807,6.614,1.426,16.348,0.000,1.034,0.000,0.000
1262,480.806,23.626,18.822,6.618,1.436,16.339,0.000,1.047,0.000,0.000
1263,481.201,16.490,18.837,6.621,1.446,16.329,0.000,1.061,0.000,0.000
1264,481.595,11.372,18.852,6.624,1.455,16.320,0.000,1.076,0.000,0.000
1265,481.990,20.056,18.866,6.628,1.464,16.311,0.000,1.091,0.000,0.000
1266,482.385,17.506,18.881,6.631,1.472,16.302,0.000,1.107,0.000,0.000
1267,482.779,18.581,18.896,6.635,1.480,16.294,0.000,1.123,0.000,0.000
1268,483.174,7.979,18.910,6.638,1.486,16.285,0.000,1.139,0.000,0.000
1269,483.569,17.021,18.925,6.641,1.492,16.277,0.000,1.156,0.000,0.000
1270,483.963,13.154,18.939,6.645,1.498,16.268,0.000,1.173,0.000,0.000
1271,484.358,38.094,18.954,6.648,1.502,16.260,0.000,1.191,0.000,0.000
1272,484.753,24.010,18.968,6.651,1.506,16.252,0.000,1.210,0.000,0.000
1273,485.148,8.136,18.982,6.655,1.510,16.244,0.000,1.228,0.000,0.000
1274,485.542,17.903,18.996,6.658,1.512,16.236,0.000,1.248,0.000,0.000
1275,485.937,32.300,19.010,6.661,1.514,16.229,0.000,1.267,0.000,0.000
1276,486.332,12.039,19.023,6.665,1.515,16.221,0.000,1.288,0.000,0.000
1277,486.727,16.247,19.037,6.668,1.515,16.214,0.000,1.308,0.000,0.000
1278,487.121,32.441,19.050,6.671,1.515,16.206,0.000,1.329,0.000,0.000
1279,487.516,22.438,19.063,6.675,1.513,16.199,0.000,1.351,0.000,0.000
1280,487.911,17.622,19.076,6.678,1.511,16.192,0.000,1.372,0.000,0.000
1281,488.306,16.615,19.088,6.681,1.509,16.185,0.000,1.394,0.000,0.000
1282,488.701,36.887,19.101,6.685,1.505,16.178,0.000,1.417,0.000,0.000
1283,489.096,12.701,19.112,6.688,1.501,16.172,0.000,1.440,0.000,0.000
1284,489.491,8.014,19.124,6.691,1.496,16.165,0.000,1.463,0.000,0.000
1285,489.885,16.765,19.136,6.695,1.491,16.158,0.000,1.487,0.000,0.000
1286,490.280,12.157,19.147,6.698,1.484,16.152,0.000,1.510,0.000,0.000
1287,490.675,15.308,19.157,6.701,1.477,16.146,0.000,1.534,0.000,0.000
1288,491.070,23.416,19.168,6.705,1.470,16.139,0.000,1.559,0.000,0.000
1289,491.465,19.123,19.178,6.708,1.461,16.133,0.000,1.583,0.000,0.000
1290,491.860,24.267,19.188,6.712,1.453,16.127,0.000,1.608,0.000,0.000
1291,492.255,8.997,19.197,6.715,1.443,16.122,0.000,1.632,0.000,0.000
1292,492.650,10.352,19.206,6.718,1.433,16.116,0.000,1.657,0.000,0.000
1293,493.045,18.053,19.214,6.722,1.422,16.110,0.000,1.682,0.000,0.000
1294,493.440,30.664,19.223,6.725,1.411,16.105,0.000,1.707,0.000,0.000
1295,493.835,16.535,19.230,6.728,1.399,16.099,0.000,1.732,0.000,0.000
1296,494.230,14.886,19.238,6.732,1.387,16.094,0.000,1.757,0.000,0.000
1297,494.625,7.586,19.244,6.735,1.374,16.089,0.000,1.782,0.000,0.000
1298,495.020,4.106,19.251,6.738,1.361,16.083,0.000,1.807,0.000,0.000
1299,495.415,21.718,19.257,6.742,1.347,16.078,0.000,1.832,0.000,0.000
1300,495.810,8.824,19.262,6.745,1.333,16.073,0.000,1.856,0.000,0.000
1301,496.206,20.877,19.267,6.748,1.318,16.068,0.000,1.880,0.000,0.000
1302,496.601,14.015,19.272,6.752,1.304,16.064,0.000,1.905,0.000,0.000
1303,496.996,23.419,19.276,6.755,1.288,16.059,0.000,1.928,0.000,0.000
1304,497.391,14.868,19.279,6.758,1.273,16.054,0.000,1.952,0.000,0.000
1305,497.786,12.332,19.282,6.762,1.257,16.050,0.000,1.975,0.000,0.000
1306,498.181,17.480,19.285,6.765,1.241,16.045,0.000,1.998,0.000,0.000
1307,498.576,17.093,19.286,6.768,1.225,16.041,0.000,2.020,0.000,0.000
1308,498.972,21.336,19.288,6.772,1.209,16.037,0.000,2.042,0.000,0.000
1309,499.367,10.118,19.288,6.775,1.192,16.033,0.000,2.063,0.000,0.000
1310,499.762,11.361,19.288,6.778,1.175,16.029,0.000,2.084,0.000,0.000
1311,500.157,15.910,19.288,6.782,1.159,16.025,0.000,2.104,0.000,0.000
1312,500.553,8.972,19.286,6.785,1.142,16.021,0.000,2.124,0.000,0.000
1313,500.948,28.759,19.285,6.789,1.125,16.017,0.000,2.143,0.000,0.000
1314,501.343,31.481,19.282,6.792,1.108,16.013,0.000,2.161,0.000,0.000
1315,501.738,27.318,19.279,6.795,1.091,16.009,0.000,2.179,0.000,0.000
1316,502.134,22.561,19.275,6.799,1.074,16.006,0.000,2.195,0.000,0.000
1317,502.529,15.488,19.271,6.802,1.057,16.002,0.000,2.211,0.000,0.000
1318,502.924,5.614,19.266,6.805,1.041,15.998,0.000,2.226,0.000,0.000
1319,503.320,25.675,19.260,6.809,1.024,15.995,0.000,2.241,0.000,0.000
1320,503.715,21.816,19.253,6.812,1.008,15.992,0.000,2.254,0.000,0.000
1321,504.110,9.358,19.246,6.815,0.991,15.988,0.000,2.267,0.000,0.000
1322,504.506,15.705,19.238,6.819,0.975,15.985,0.000,2.278,0.000,0.000
1323,504.901,16.944,19.229,6.822,0.959,15.982,0.000,2.289,0.000,0.000
1324,505.296,8.162,19.220,6.825,0.943,15.979,0.000,2.298,0.000,0.000
1325,505.692,21.147,19.210,6.829,0.927,15.976,0.000,2.307,0.000,0.000
1326,506.087,7.171,19.199,6.832,0.912,15.972,0.000,2.314,0.000,0.000
1327,506.483,22.199,19.187,6.835,0.897,15.969,0.000,2.321,0.000,0.000
1328,506.878,13.861,19.175,6.839,0.882,15.967,0.000,2.326,0.000,0.000
1329,507.274,19.607,19.162,6.842,0.867,15.964,0.000,2.331,0.000,0.000
1330,507.669,27.070,19.148,6.845,0.853,15.961,0.000,2.334,0.000,0.000
1331,508.065,12.489,19.133,6.849,0.839,15.958,0.000,2.336,0.000,0.000
1332,508.460,29.374,19.118,6.852,0.826,15.955,0.000,2.337,0.000,0.000
1333,508.856,16.052,19.102,6.855,0.812,15.952,0.000,2.337,0.000,0.000
1334,509.251,23.100,19.085,6.859,0.799,15.950,0.000,2.336,0.000,0.000
1335,509.647,16.581,19.068,6.862,0.787,15.947,0.000,2.334,0.000,0.000
1336,510.042,28.616,19.050,6.866,0.774,15.944,0.000,2.331,0.000,0.000
1337,510.438,31.918,19.031,6.869,0.762,15.942,0.000,2.327,0.000,0.000
1338,510.833,0.000,19.011,6.872,0.751,15.939,0.000,2.321,0.000,0.000
1339,511.229,2.001,18.991,6.876,0.740,15.937,0.000,2.315,0.000,0.000
1340,511.624,12.363,18.970,6.879,0.729,15.934,0.000,2.308,0.000,0.000
1341,512.020,21.584,18.949,6.882,0.718,15.932,0.000,2.299,0.000,0.000
1342,512.416,24.221,18.927,6.886,0.708,15.929,0.000,2.290,0.000,0.000
1343,512.811,8.029,18.904,6.889,0.698,15.927,0.000,2.279,0.000,0.000
1344,513.207,11.237,18.881,6.892,0.689,15.924,0.000,2.268,0.000,0.000
1345,513.603,19.366,18.857,6.896,0.680,15.922,0.000,2.255,0.000,0.000
1346,513.998,8.706,18.832,6.899,0.671,15.919,0.000,2.242,0.000,0.000
1347,514.394,16.650,18.808,6.902,0.663,15.917,0.000,2.227,0.000,0.000
1348,514.790,13.157,18.782,6.906,0.655,15.915,0.000,2.212,0.000,0.000
1349,515.185,25.133,18.756,6.909,0.648,15.912,0.000,2.196,0.000,0.000
1350,515.581,19.986,18.730,6.912,0.640,15.910,0.000,2.180,0.000,0.000
1351,515.977,18.308,18.703,6.916,0.634,15.908,0.000,2.162,0.000,0.000
1352,516.373,10.663,18.676,6.919,0.627,15.905,0.000,2.144,0.000,0.000
1353,516.768,11.613,18.649,6.922,0.621,15.903,0.000,2.125,0.000,0.000
1354,517.164,13.873,18.621,6.926,0.615,15.901,0.000,2.105,0.000,0.000
1355,517.560,3.309,18.593,6.929,0.610,15.899,0.000,2.084,0.000,0.000
1356,517.956,24.694,18.564,6.933,0.604,15.897,0.000,2.063,0.000,0.000
1357,518.352,25.536,18.536,6.936,0.600,15.894,0.000,2.042,0.000,0.000
1358,518.747,19.184,18.507,6.939,0.595,15.892,0.000,2.020,0.000,0.000
1359,519.143,15.345,18.478,6.943,0.591,15.890,0.000,1.997,0.000,0.000
1360,519.539,17.951,18.449,6.946,0.587,15.888,0.000,1.974,0.000,0.000
1361,519.935,34.476,18.420,6.949,0.583,15.886,0.000,1.951,0.000,0.000
1362,520.331,14.387,18.391,6.953,0.580,15.884,0.000,1.927,0.000,0.000
1363,520.727,15.829,18.361,6.956,0.576,15.882,0.000,1.903,0.000,0.000
1364,521.123,5.958,18.332,6.959,0.573,15.880,0.000,1.879,0.000,0.000
1365,521.519,19.946,18.303,6.963,0.571,15.878,0.000,1.854,0.000,0.000
1366,521.914,21.446,18.274,6.966,0.568,15.876,0.000,1.829,0.000,0.000
1367,522.310,32.576,18.245,6.969,0.566,15.874,0.000,1.804,0.000,0.000
1368,522.706,14.280,18.216,6.973,0.564,15.872,0.000,1.779,0.000,0.000
1369,523.102,12.636,18.187,6.976,0.562,15.871,0.000,1.754,0.000,0.000
1370,523.498,26.767,18.158,6.979,0.561,15.869,0.000,1.729,0.000,0.000
1371,523.894,11.040,18.130,6.983,0.559,15.867,0.000,1.704,0.000,0.000
1372,524.290,23.353,18.102,6.986,0.558,15.865,0.000,1.679,0.000,0.000
1373,524.686,34.976,18.074,6.989,0.557,15.864,0.000,1.654,0.000,0.000
1374,525.082,2.523,18.047,6.993,0.556,15.862,0.000,1.629,0.000,0.000
1375,525.478,7.510,18.020,6.996,0.555,15.860,0.000,1.604,0.000,0.000
1376,525.874,15.800,17.993,6.999,0.555,15.859,0.000,1.579,0.000,0.000
1377,526.270,32.701,17.967,7.003,0.554,15.857,0.000,1.555,0.000,0.000
1378,526.667,22.231,17.941,7.006,0.554,15.856,0.000,1.531,0.000,0.000
1379,527.063,24.760,17.916,7.010,0.554,15.855,0.000,1.507,0.000,0.000
1380,527.459,14.226,17.891,7.013,0.554,15.853,0.000,1.484,0.000,0.000
1381,527.855,11.174,17.866,7.016,0.554,15.852,0.000,1.461,0.000,0.000
1382,528.251,14.536,17.843,7.020,0.554,15.851,0.000,1.438,0.000,0.000
1383,528.647,16.742,17.820,7.023,0.554,15.850,0.000,1.416,0.000,0.000
1384,529.043,17.605,17.797,7.026,0.554,15.849,0.000,1.394,0.000,0.000
1385,529.439,11.269,17.775,7.030,0.555,15.848,0.000,1.373,0.000,0.000
1386,529.836,12.603,17.754,7.033,0.555,15.847,0.000,1.352,0.000,0.000
1387,530.232,16.006,17.733,7.036,0.556,15.846,0.000,1.331,0.000,0.000
1388,530.628,20.198,17.714,7.040,0.556,15.846,0.000,1.312,0.000,0.000
1389,531.024,15.514,17.694,7.043,0.557,15.845,0.000,1.293,0.000,0.000
1390,531.420,15.380,17.676,7.046,0.558,15.845,0.000,1.274,0.000,0.000
1391,531.817,16.748,17.659,7.050,0.558,15.844,0.000,1.256,0.000,0.000
1392,532.213,20.591,17.642,7.053,0.559,15.844,0.000,1.239,0.000,0.000
1393,532.609,17.143,17.626,7.056,0.560,15.844,0.000,1.222,0.000,0.000
1394,533.005,18.969,17.611,7.060,0.561,15.844,0.000,1.206,0.000,0.000
1395,533.402,2.739,17.596,7.063,0.562,15.844,0.000,1.191,0.000,0.000
1396,533.798,19.020,17.583,7.066,0.563,15.844,0.000,1.176,0.000,0.000
1397,534.194,17.607,17.571,7.070,0.564,15.844,0.000,1.163,0.000,0.000
1398,534.591,27.902,17.559,7.073,0.565,15.845,0.000,1.150,0.000,0.000
1399,534.987,15.387,17.548,7.076,0.566,15.845,0.000,1.137,0.000,0.000
1400,535.383,17.764,17.539,7.080,0.567,15.846,0.000,1.126,0.000,0.000
1401,535.780,19.081,17.530,7.083,0.568,15.847,0.000,1.115,0.000,0.000
1402,536.176,16.242,17.522,7.087,0.570,15.848,0.000,1.105,0.000,0.000
1403,536.572,20.169,17.516,7.090,0.571,15.849,0.000,1.096,0.000,0.000
1404,536.969,22.124,17.510,7.093,0.572,15.850,0.000,1.088,0.000,0.000
1405,537.365,12.619,17.506,7.097,0.573,15.852,0.000,1.080,0.000,0.000
1406,537.762,20.632,17.502,7.100,0.575,15.853,0.000,1.074,0.000,0.000
1407,538.158,20.116,17.500,7.103,0.576,15.855,0.000,1.068,0.000,0.000
1408,538.555,0.094,17.499,7.107,0.578,15.858,0.000,1.064,0.000,0.000
1409,538.951,20.282,17.499,7.110,0.579,15.860,0.000,1.060,0.000,0.000
1410,539.347,7.805,17.500,7.113,0.581,15.862,0.000,1.057,0.000,0.000
1411,539.744,6.167,17.502,7.117,0.582,15.865,0.000,1.055,0.000,0.000
1412,540.140,14.721,17.506,7.120,0.584,15.868,0.000,1.054,0.000,0.000
1413,540.537,12.059,17.511,7.123,0.585,15.872,0.000,1.054,0.000,0.000
1414,540.934,29.007,17.517,7.127,0.587,15.875,0.000,1.055,0.000,0.000
1415,541.330,8.468,17.525,7.130,0.589,15.879,0.000,1.056,0.000,0.000
1416,541.727,23.013,17.533,7.133,0.591,15.884,0.000,1.059,0.000,0.000
1417,542.123,16.895,17.544,7.137,0.593,15.888,0.000,1.063,0.000,0.000
1418,542.520,11.529,17.556,7.140,0.595,15.893,0.000,1.068,0.000,0.000
1419,542.916,3.691,17.569,7.143,0.597,15.898,0.000,1.074,0.000,0.000
1420,543.313,19.646,17.583,7.147,0.599,15.904,0.000,1.081,0.000,0.000
1421,543.710,17.084,17.600,7.150,0.601,15.910,0.000,1.089,0.000,0.000
1422,544.106,9.230,17.618,7.153,0.603,15.916,0.000,1.098,0.000,0.000
1423,544.503,14.531,17.637,7.157,0.606,15.923,0.000,1.108,0.000,0.000
1424,544.899,26.586,17.658,7.160,0.608,15.931,0.000,1.119,0.000,0.000
1425,545.296,20.759,17.681,7.164,0.611,15.939,0.000,1.132,0.000,0.000
1426,545.693,11.428,17.706,7.167,0.613,15.947,0.000,1.145,0.000,0.000
1427,546.089,10.048,17.732,7.170,0.616,15.956,0.000,1.160,0.000,0.000
1428,546.486,11.827,17.761,7.174,0.619,15.966,0.000,1.176,0.000,0.000
1429,546.883,15.932,17.791,7.177,0.622,15.976,0.000,1.193,0.000,0.000
1430,547.280,18.867,17.823,7.180,0.625,15.987,0.000,1.211,0.000,0.000
1431,547.676,9.883,17.858,7.184,0.628,15.999,0.000,1.230,0.000,0.000
1432,548.073,16.767,17.894,7.187,0.632,16.011,0.000,1.251,0.000,0.000
1433,548.470,11.994,17.933,7.190,0.635,16.025,0.000,1.273,0.000,0.000
1434,548.867,15.815,17.974,7.194,0.639,16.039,0.000,1.296,0.000,0.000
1435,549.263,13.721,18.017,7.197,0.643,16.054,0.000,1.320,0.000,0.000
1436,549.660,10.601,18.063,7.200,0.647,16.070,0.000,1.346,0.000,0.000
1437,550.057,21.339,18.111,7.204,0.651,16.087,0.000,1.373,0.000,0.000
1438,550.454,21.043,18.161,7.207,0.655,16.105,0.000,1.401,0.000,0.000
1439,550.851,19.021,18.214,7.210,0.660,16.124,0.000,1.430,0.000,0.000
1440,551.247,17.619,18.270,7.214,0.664,16.145,0.000,1.461,0.000,0.000
1441,551.644,14.488,18.329,7.217,0.669,16.167,0.000,1.493,0.000,0.000
1442,552.041,24.751,18.391,7.220,0.674,16.190,0.000,1.527,0.000,0.000
1443,552.438,20.323,18.455,7.224,0.679,16.215,0.000,1.562,0.000,0.000
1444,552.835,12.935,18.523,7.227,0.684,16.241,0.000,1.598,0.000,0.000
1445,553.232,13.084,18.594,7.231,0.689,16.269,0.000,1.635,0.000,0.000
1446,553.629,29.313,18.668,7.234,0.695,16.299,0.000,1.674,0.000,0.000
1447,554.026,17.497,18.745,7.237,0.700,16.330,0.000,1.714,0.000,0.000
1448,554.423,26.282,18.826,7.241,0.706,16.364,0.000,1.756,0.000,0.000
1449,554.820,12.348,18.910,7.244,0.712,16.399,0.000,1.799,0.000,0.000
1450,555.217,15.279,18.998,7.247,0.718,16.437,0.000,1.843,0.000,0.000
1451,555.614,26.283,19.090,7.251,0.724,16.477,0.000,1.888,0.000,0.000
1452,556.011,19.283,19.186,7.254,0.731,16.520,0.000,1.935,0.000,0.000
1453,556.408,15.893,19.286,7.257,0.737,16.565,0.000,1.983,0.000,0.000
1454,556.805,18.809,19.390,7.261,0.744,16.613,0.000,2.033,0.000,0.000
1455,557.202,11.754,19.498,7.264,0.751,16.664,0.000,2.083,0.000,0.000
1456,557.599,13.290,19.611,7.267,0.758,16.718,0.000,2.135,0.000,0.000
1457,557.996,28.903,19.729,7.271,0.765,16.775,0.000,2.189,0.000,0.000
1458,558.393,35.601,19.851,7.274,0.772,16.836,0.000,2.243,0.000,0.000
1459,558.790,23.092,19.978,7.277,0.779,16.900,0.000,2.299,0.000,0.000
1460,559.187,18.424,20.111,7.281,0.787,16.968,0.000,2.355,0.000,0.000
1461,559.584,17.732,20.248,7.284,0.794,17.040,0.000,2.413,0.000,0.000
1462,559.981,14.059,20.391,7.287,0.802,17.117,0.000,2.472,0.000,0.000
1463,560.378,34.218,20.539,7.291,0.810,17.197,0.000,2.532,0.000,0.000
1464,560.775,17.783,20.694,7.294,0.817,17.283,0.000,2.594,0.000,0.000
1465,561.173,10.098,20.854,7.297,0.825,17.373,0.000,2.656,0.000,0.000
1466,561.570,33.568,21.020,7.301,0.833,17.468,0.000,2.719,0.000,0.000
1467,561.967,17.152,21.193,7.304,0.841,17.569,0.000,2.782,0.000,0.000
1468,562.364,20.733,21.372,7.308,0.849,17.676,0.000,2.847,0.000,0.000
1469,562.761,23.342,21.558,7.311,0.857,17.788,0.000,2.913,0.000,0.000
1470,563.159,28.534,21.750,7.314,0.865,17.907,0.000,2.979,0.000,0.000
1471,563.556,22.932,21.950,7.318,0.873,18.032,0.000,3.046,0.000,0.000
1472,563.953,15.836,22.157,7.321,0.881,18.164,0.000,3.113,0.000,0.000
1473,564.350,35.533,22.372,7.324,0.888,18.303,0.000,3.181,0.000,0.000
1474,564.748,23.443,22.595,7.328,0.896,18.449,0.000,3.249,0.000,0.000
1475,565.145,28.342,22.826,7.331,0.904,18.604,0.000,3.318,0.000,0.000
1476,565.542,21.694,23.065,7.334,0.912,18.766,0.000,3.387,0.000,0.000
1477,565.939,18.351,23.312,7.338,0.919,18.937,0.000,3.456,0.000,0.000
1478,566.337,25.263,23.569,7.341,0.927,19.116,0.000,3.526,0.000,0.000
1479,566.734,22.916,23.834,7.344,0.935,19.305,0.000,3.595,0.000,0.000
1480,567.131,43.605,24.109,7.348,0.942,19.503,0.000,3.665,0.000,0.000
1481,567.529,15.987,24.394,7.351,0.949,19.710,0.000,3.734,0.000,0.000
1482,567.926,39.727,24.688,7.354,0.956,19.929,0.000,3.803,0.000,0.000
1483,568.323,33.192,24.992,7.358,0.963,20.157,0.000,3.872,0.000,0.000
1484,568.721,21.999,25.307,7.361,0.970,20.397,0.000,3.940,0.000,0.000
1485,569.118,25.430,25.633,7.364,0.976,20.648,0.000,4.008,0.000,0.000
1486,569.516,19.422,25.969,7.368,0.983,20.911,0.000,4.076,0.000,0.000
1487,569.913,28.597,26.317,7.371,0.989,21.186,0.000,4.143,0.000,0.000
1488,570.310,28.465,26.676,7.374,0.995,21.473,0.000,4.209,0.000,0.000
1489,570.708,30.318,27.048,7.378,1.000,21.773,0.000,4.274,0.000,0.000
1490,571.105,17.427,27.431,7.381,1.006,22.087,0.000,4.338,0.000,0.000
1491,571.503,35.085,27.827,7.385,1.011,22.415,0.000,4.401,0.000,0.000
1492,571.900,43.892,28.235,7.388,1.016,22.756,0.000,4.463,0.000,0.000
1493,572.298,31.386,28.656,7.391,1.020,23.112,0.000,4.524,0.000,0.000
1494,572.695,24.759,29.091,7.395,1.024,23.483,0.000,4.584,0.000,0.000
1495,573.093,58.992,29.539,7.398,1.028,23.869,0.000,4.642,0.000,0.000
1496,573.490,26.038,30.001,7.401,1.032,24.271,0.000,4.698,0.000,0.000
1497,573.888,21.986,30.477,7.405,1.035,24.689,0.000,4.753,0.000,0.000
1498,574.285,22.920,30.968,7.408,1.038,25.123,0.000,4.806,0.000,0.000
1499,574.683,16.616,31.473,7.411,1.041,25.574,0.000,4.858,0.000,0.000
1500,575.081,44.603,31.992,7.415,1.043,26.042,0.000,4.907,0.000,0.000
1501,575.478,33.392,32.527,7.418,1.045,26.527,0.000,4.955,0.000,0.000
1502,575.876,25.122,33.077,7.421,1.047,27.030,0.000,5.000,0.000,0.000
1503,576.273,35.448,33.643,7.425,1.048,27.551,0.000,5.044,0.000,0.000
1504,576.671,42.156,34.224,7.428,1.049,28.091,0.000,5.085,0.000,0.000
1505,577.069,44.238,34.821,7.431,1.049,28.648,0.000,5.124,0.000,0.000
1506,577.466,41.992,35.435,7.435,1.049,29.225,0.000,5.161,0.000,0.000
1507,577.864,43.343,36.064,7.438,1.049,29.820,0.000,5.195,0.000,0.000
1508,578.262,36.188,36.710,7.441,1.048,30.435,0.000,5.227,0.000,0.000
1509,578.659,39.431,37.372,7.445,1.047,31.069,0.000,5.256,0.000,0.000
1510,579.057,35.820,38.050,7.448,1.046,31.722,0.000,5.283,0.000,0.000
1511,579.455,45.693,38.745,7.451,1.044,32.395,0.000,5.307,0.000,0.000
1512,579.853,36.284,39.457,7.455,1.041,33.087,0.000,5.328,0.000,0.000
1513,580.250,38.619,40.185,7.458,1.039,33.799,0.000,5.347,0.000,0.000
1514,580.648,58.526,40.930,7.462,1.035,34.531,0.000,5.363,0.000,0.000
1515,581.046,49.742,41.691,7.465,1.032,35.283,0.000,5.376,0.000,0.000
1516,581.444,39.145,42.468,7.468,1.028,36.054,0.000,5.386,0.000,0.000
1517,581.841,58.716,43.262,7.472,1.024,36.845,0.000,5.394,0.000,0.000
1518,582.239,46.249,44.073,7.475,1.019,37.655,0.000,5.399,0.000,0.000
1519,582.637,51.857,44.899,7.478,1.014,38.484,0.000,5.401,0.000,0.000
1520,583.035,43.630,45.734,7.475,1.009,39.325,0.000,5.399,0.000,0.000
1521,583.433,62.328,46.584,7.471,1.003,40.186,0.000,5.395,0.000,0.000
1522,583.830,42.077,47.450,7.467,0.997,41.065,0.000,5.388,0.000,0.000
1523,584.228,40.760,48.331,7.463,0.991,41.962,0.000,5.378,0.000,0.000
1524,584.626,74.998,49.226,7.460,0.984,42.876,0.000,5.366,0.000,0.000
1525,585.024,41.442,50.135,7.456,0.977,43.808,0.000,5.350,0.000,0.000
1526,585.422,58.182,51.058,7.452,0.969,44.757,0.000,5.332,0.000,0.000
1527,585.820,51.005,51.995,7.448,0.962,45.722,0.000,5.311,0.000,0.000
1528,586.218,65.815,52.944,7.445,0.954,46.703,0.000,5.288,0.000,0.000
1529,586.616,66.290,53.905,7.441,0.945,47.699,0.000,5.261,0.000,0.000
1530,587.014,75.550,54.878,7.437,0.937,48.709,0.000,5.232,0.000,0.000
1531,587.412,61.295,55.862,7.433,0.928,49.733,0.000,5.201,0.000,0.000
1532,587.810,59.346,56.855,7.430,0.919,50.770,0.000,5.167,0.000,0.000
1533,588.208,63.013,57.859,7.426,0.910,51.819,0.000,5.130,0.000,0.000
1534,588.606,49.924,58.871,7.422,0.900,52.880,0.000,5.091,0.000,0.000
1535,589.004,79.679,59.891,7.419,0.890,53.951,0.000,5.050,0.000,0.000
1536,589.402,63.540,60.917,7.415,0.880,55.031,0.000,5.006,0.000,0.000
1537,589.800,74.992,61.950,7.411,0.870,56.120,0.000,4.960,0.000,0.000
1538,590.198,75.296,62.988,7.407,0.860,57.216,0.000,4.912,0.000,0.000
1539,590.596,77.942,64.030,7.404,0.850,58.318,0.000,4.862,0.000,0.000
1540,590.994,67.611,65.075,7.400,0.839,59.426,0.000,4.810,0.000,0.000
1541,591.392,55.074,66.123,7.396,0.828,60.538,0.000,4.757,0.000,0.000
1542,591.790,61.651,67.171,7.392,0.818,61.652,0.000,4.701,0.000,0.000
1543,592.188,73.372,68.219,7.389,0.807,62.768,0.000,4.644,0.000,0.000
1544,592.586,69.823,69.265,7.385,0.796,63.885,0.000,4.585,0.000,0.000
1545,592.984,86.489,70.310,7.381,0.785,65.001,0.000,4.524,0.000,0.000
1546,593.382,73.090,71.350,7.377,0.774,66.114,0.000,4.462,0.000,0.000
1547,593.780,79.073,72.385,7.374,0.763,67.224,0.000,4.399,0.000,0.000
1548,594.179,84.920,73.414,7.370,0.751,68.328,0.000,4.334,0.000,0.000
1549,594.577,94.635,74.435,7.366,0.740,69.426,0.000,4.269,0.000,0.000
1550,594.975,87.638,75.448,7.363,0.729,70.517,0.000,4.202,0.000,0.000
1551,595.373,96.286,76.450,7.359,0.718,71.598,0.000,4.134,0.000,0.000
1552,595.771,72.843,77.440,7.355,0.707,72.668,0.000,4.065,0.000,0.000
1553,596.170,85.943,78.418,7.351,0.696,73.726,0.000,3.996,0.000,0.000
1554,596.568,93.029,79.381,7.348,0.685,74.770,0.000,3.926,0.000,0.000
1555,596.966,84.194,80.328,7.344,0.674,75.799,0.000,3.855,0.000,0.000
1556,597.364,92.284,81.259,7.340,0.663,76.811,0.000,3.784,0.000,0.000
1557,597.763,86.028,82.170,7.336,0.652,77.806,0.000,3.713,0.000,0.000
1558,598.161,85.549,83.062,7.333,0.641,78.780,0.000,3.641,0.000,0.000
1559,598.559,75.714,83.933,7.329,0.630,79.734,0.000,3.569,0.000,0.000
1560,598.958,81.813,84.782,7.325,0.620,80.665,0.000,3.497,0.000,0.000
1561,599.356,116.168,85.606,7.321,0.609,81.572,0.000,3.425,0.000,0.000
1562,599.754,103.847,86.405,7.318,0.599,82.453,0.000,3.353,0.000,0.000
1563,600.152,101.945,87.178,7.314,0.589,83.308,0.000,3.281,0.000,0.000
1564,600.551,92.392,87.923,7.310,0.578,84.135,0.000,3.210,0.000,0.000
1565,600.949,87.860,88.639,7.307,0.568,84.932,0.000,3.138,0.000,0.000
1566,601.348,78.690,89.325,7.303,0.559,85.699,0.000,3.067,0.000,0.000
1567,601.746,99.360,89.979,7.299,0.549,86.434,0.000,2.997,0.000,0.000
1568,602.144,100.044,90.601,7.295,0.539,87.135,0.000,2.927,0.000,0.000
1569,602.543,112.683,91.189,7.292,0.530,87.802,0.000,2.857,0.000,0.000
1570,602.941,92.379,91.743,7.288,0.521,88.433,0.000,2.789,0.000,0.000
1571,603.340,94.928,92.261,7.284,0.512,89.028,0.000,2.721,0.000,0.000
1572,603.738,101.142,92.742,7.280,0.503,89.586,0.000,2.653,0.000,0.000
1573,604.137,117.639,93.186,7.277,0.494,90.104,0.000,2.587,0.000,0.000
1574,604.535,110.376,93.591,7.273,0.486,90.584,0.000,2.522,0.000,0.000
1575,604.933,86.205,93.957,7.269,0.478,91.023,0.000,2.457,0.000,0.000
1576,605.332,99.658,94.284,7.265,0.470,91.421,0.000,2.393,0.000,0.000
1577,605.730,121.431,94.569,7.262,0.462,91.777,0.000,2.331,0.000,0.000
1578,606.129,118.950,94.814,7.258,0.454,92.091,0.000,2.269,0.000,0.000
1579,606.528,93.653,95.017,7.254,0.446,92.361,0.000,2.209,0.000,0.000
1580,606.926,126.092,95.178,7.250,0.439,92.589,0.000,2.150,0.000,0.000
1581,607.325,106.110,95.296,7.247,0.432,92.772,0.000,2.092,0.000,0.000
1582,607.723,103.282,95.371,7.243,0.425,92.911,0.000,2.035,0.000,0.000
1583,608.122,84.487,95.403,7.239,0.418,93.006,0.000,1.979,0.000,0.000
1584,608.520,88.179,95.392,7.236,0.412,93.056,0.000,1.925,0.000,0.000
1585,608.919,102.976,95.338,7.232,0.405,93.061,0.000,1.872,0.000,0.000
1586,609.318,108.369,95.240,7.228,0.399,93.021,0.000,1.820,0.000,0.000
1587,609.716,106.045,95.098,7.224,0.393,92.936,0.000,1.769,0.000,0.000
1588,610.115,96.914,94.914,7.221,0.387,92.807,0.000,1.720,0.000,0.000
1589,610.513,106.864,94.686,7.217,0.381,92.633,0.000,1.672,0.000,0.000
1590,610.912,96.366,94.416,7.213,0.376,92.415,0.000,1.625,0.000,0.000
1591,611.311,102.350,94.103,7.209,0.370,92.153,0.000,1.580,0.000,0.000
1592,611.710,90.138,93.748,7.206,0.365,91.847,0.000,1.535,0.000,0.000
1593,612.108,94.729,93.351,7.202,0.360,91.498,0.000,1.493,0.000,0.000
1594,612.507,106.150,92.914,7.198,0.355,91.107,0.000,1.451,0.000,0.000
1595,612.906,90.823,92.436,7.194,0.351,90.674,0.000,1.411,0.000,0.000
1596,613.304,92.243,91.918,7.191,0.346,90.200,0.000,1.372,0.000,0.000
1597,613.703,76.664,91.362,7.187,0.342,89.685,0.000,1.334,0.000,0.000
1598,614.102,104.707,90.767,7.183,0.338,89.131,0.000,1.298,0.000,0.000
1599,614.501,95.330,90.135,7.180,0.334,88.539,0.000,1.263,0.000,0.000
1600,614.899,108.679,89.467,7.176,0.330,87.908,0.000,1.229,0.000,0.000
1601,615.298,83.618,88.763,7.172,0.326,87.241,0.000,1.196,0.000,0.000
1602,615.697,96.073,88.026,7.168,0.322,86.539,0.000,1.165,0.000,0.000
1603,616.096,84.738,87.255,7.165,0.319,85.801,0.000,1.135,0.000,0.000
1604,616.495,90.113,86.452,7.161,0.315,85.031,0.000,1.106,0.000,0.000
1605,616.894,77.714,85.618,7.157,0.312,84.229,0.000,1.078,0.000,0.000
1606,617.292,82.670,84.755,7.153,0.309,83.395,0.000,1.051,0.000,0.000
1607,617.691,77.063,83.863,7.150,0.306,82.533,0.000,1.025,0.000,0.000
1608,618.090,66.942,82.944,7.146,0.303,81.642,0.000,1.000,0.000,0.000
1609,618.489,98.910,82.000,7.142,0.300,80.724,0.000,0.976,0.000,0.000
1610,618.888,72.367,81.031,7.138,0.297,79.781,0.000,0.954,0.000,0.000
1611,619.287,76.189,80.040,7.135,0.294,78.814,0.000,0.932,0.000,0.000
1612,619.686,77.575,79.027,7.131,0.292,77.824,0.000,0.911,0.000,0.000
1613,620.085,89.062,77.994,7.127,0.289,76.813,0.000,0.891,0.000,0.000
1614,620.484,70.693,76.942,7.124,0.287,75.783,0.000,0.872,0.000,0.000
1615,620.883,73.151,75.873,7.120,0.285,74.734,0.000,0.854,0.000,0.000
1616,621.282,53.525,74.789,7.116,0.282,73.669,0.000,0.837,0.000,0.000
1617,621.680,76.488,73.690,7.112,0.280,72.589,0.000,0.821,0.000,0.000
1618,622.079,66.884,72.578,7.109,0.278,71.495,0.000,0.805,0.000,0.000
1619,622.478,64.466,71.456,7.105,0.276,70.389,0.000,0.791,0.000,0.000
1620,622.878,76.145,70.323,7.101,0.274,69.272,0.000,0.776,0.000,0.000
1621,623.277,72.723,69.182,7.097,0.272,68.147,0.000,0.763,0.000,0.000
1622,623.676,51.857,68.034,7.094,0.270,67.013,0.000,0.751,0.000,0.000
1623,624.075,57.437,66.880,7.090,0.268,65.873,0.000,0.739,0.000,0.000
1624,624.474,78.735,65.723,7.086,0.267,64.729,0.000,0.727,0.000,0.000
1625,624.873,64.998,64.562,7.082,0.265,63.581,0.000,0.716,0.000,0.000
1626,625.272,51.989,63.401,7.079,0.263,62.431,0.000,0.706,0.000,0.000
1627,625.671,64.946,62.239,7.075,0.262,61.281,0.000,0.697,0.000,0.000
1628,626.070,62.687,61.079,7.071,0.260,60.131,0.000,0.688,0.000,0.000
1629,626.469,68.238,59.921,7.068,0.259,58.983,0.000,0.679,0.000,0.000
1630,626.868,43.720,58.766,7.064,0.257,57.838,0.000,0.671,0.000,0.000
1631,627.267,56.074,57.617,7.060,0.256,56.698,0.000,0.664,0.000,0.000
1632,627.667,55.007,56.474,7.056,0.254,55.563,0.000,0.657,0.000,0.000
1633,628.066,40.181,55.339,7.053,0.253,54.436,0.000,0.650,0.000,0.000
1634,628.465,47.315,54.211,7.049,0.251,53.316,0.000,0.644,0.000,0.000
1635,628.864,41.083,53.093,7.045,0.250,52.205,0.000,0.638,0.000,0.000
1636,629.263,48.144,51.986,7.041,0.249,51.105,0.000,0.632,0.000,0.000
1637,629.663,51.661,50.890,7.038,0.247,50.015,0.000,0.627,0.000,0.000
1638,630.062,44.045,49.806,7.034,0.246,48.938,0.000,0.622,0.000,0.000
1639,630.461,56.062,48.735,7.030,0.245,47.873,0.000,0.618,0.000,0.000
1640,630.860,37.118,47.679,7.026,0.243,46.822,0.000,0.614,0.000,0.000
1641,631.260,35.205,46.637,7.023,0.242,45.785,0.000,0.610,0.000,0.000
1642,631.659,30.316,45.610,7.019,0.241,44.763,0.000,0.606,0.000,0.000
1643,632.058,48.738,44.600,7.015,0.240,43.758,0.000,0.603,0.000,0.000
1644,632.457,41.876,43.607,7.012,0.238,42.769,0.000,0.600,0.000,0.000
1645,632.857,36.784,42.631,7.008,0.237,41.797,0.000,0.597,0.000,0.000
1646,633.256,36.681,41.673,7.004,0.236,40.843,0.000,0.594,0.000,0.000
1647,633.655,42.354,40.733,7.000,0.235,39.907,0.000,0.591,0.000,0.000
1648,634.055,39.640,39.813,6.997,0.234,38.990,0.000,0.589,0.000,0.000
1649,634.454,35.468,38.911,6.993,0.233,38.092,0.000,0.587,0.000,0.000
1650,634.853,33.591,38.029,6.989,0.231,37.213,0.000,0.585,0.000,0.000
1651,635.253,39.060,37.167,6.985,0.230,36.354,0.000,0.583,0.000,0.000
1652,635.652,41.134,36.325,6.982,0.229,35.515,0.000,0.581,0.000,0.000
1653,636.052,27.111,35.504,6.978,0.228,34.696,0.000,0.580,0.000,0.000
1654,636.451,28.546,34.703,6.974,0.227,33.898,0.000,0.578,0.000,0.000
1655,636.851,28.894,33.923,6.970,0.226,33.120,0.000,0.577,0.000,0.000
1656,637.250,12.514,33.164,6.967,0.225,32.363,0.000,0.576,0.000,0.000
1657,637.649,20.311,32.425,6.963,0.223,31.627,0.000,0.575,0.000,0.000
1658,638.049,28.668,31.708,6.959,0.222,30.912,0.000,0.574,0.000,0.000
1659,638.448,31.605,31.011,6.955,0.221,30.217,0.000,0.573,0.000,0.000
1660,638.848,38.393,30.335,6.952,0.220,29.543,0.000,0.572,0.000,0.000
1661,639.247,28.449,29.680,6.948,0.219,28.890,0.000,0.571,0.000,0.000
1662,639.647,19.149,29.046,6.944,0.218,28.257,0.000,0.571,0.000,0.000
1663,640.046,25.034,28.432,6.941,0.217,27.645,0.000,0.570,0.000,0.000
1664,640.446,23.956,27.838,6.937,0.216,27.053,0.000,0.569,0.000,0.000
1665,640.845,25.500,27.264,6.933,0.215,26.481,0.000,0.569,0.000,0.000
1666,641.245,14.147,26.710,6.929,0.214,25.928,0.000,0.568,0.000,0.000
1667,641.645,8.368,26.176,6.926,0.212,25.396,0.000,0.568,0.000,0.000
1668,642.044,16.923,25.661,6.922,0.211,24.882,0.000,0.568,0.000,0.000
1669,642.444,12.553,25.166,6.918,0.210,24.388,0.000,0.567,0.000,0.000
1670,642.843,23.547,24.689,6.914,0.209,23.912,0.000,0.567,0.000,0.000
1671,643.243,30.063,24.230,6.911,0.208,23.455,0.000,0.567,0.000,0.000
1672,643.643,20.245,23.790,6.907,0.207,23.016,0.000,0.567,0.000,0.000
1673,644.042,15.422,23.367,6.903,0.206,22.594,0.000,0.566,0.000,0.000
1674,644.442,18.668,22.961,6.899,0.205,22.190,0.000,0.566,0.000,0.000
1675,644.842,25.483,22.573,6.896,0.204,21.803,0.000,0.566,0.000,0.000
1676,645.241,28.559,22.201,6.892,0.203,21.432,0.000,0.566,0.000,0.000
1677,645.641,20.171,21.845,6.888,0.202,21.077,0.000,0.566,0.000,0.000
1678,646.041,27.464,21.505,6.885,0.201,20.738,0.000,0.565,0.000,0.000
1679,646.440,26.270,21.180,6.881,0.200,20.415,0.000,0.565,0.000,0.000
1680,646.840,16.186,20.870,6.877,0.199,20.106,0.000,0.565,0.000,0.000
1681,647.240,16.441,20.574,6.873,0.198,19.811,0.000,0.565,0.000,0.000
1682,647.639,26.531,20.293,6.870,0.197,19.531,0.000,0.565,0.000,0.000
1683,648.039,24.489,20.025,6.866,0.196,19.264,0.000,0.565,0.000,0.000
1684,648.439,18.565,19.770,6.862,0.195,19.010,0.000,0.565,0.000,0.000
1685,648.839,11.283,19.528,6.858,0.194,18.769,0.000,0.565,0.000,0.000
1686,649.239,19.391,19.298,6.855,0.193,18.540,0.000,0.565,0.000,0.000
1687,649.638,18.659,19.080,6.851,0.192,18.323,0.000,0.564,0.000,0.000
1688,650.038,11.218,18.873,6.847,0.191,18.118,0.000,0.564,0.000,0.000
1689,650.438,12.899,18.677,6.843,0.190,17.923,0.000,0.564,0.000,0.000
1690,650.838,23.150,18.492,6.840,0.189,17.739,0.000,0.564,0.000,0.000
1691,651.238,17.459,18.317,6.836,0.188,17.564,0.000,0.564,0.000,0.000
1692,651.638,17.967,18.151,6.832,0.187,17.400,0.000,0.564,0.000,0.000
1693,652.037,7.473,17.995,6.829,0.186,17.245,0.000,0.564,0.000,0.000
1694,652.437,14.807,17.848,6.825,0.186,17.099,0.000,0.563,0.000,0.000
1695,652.837,13.465,17.709,6.821,0.185,16.961,0.000,0.563,0.000,0.000
1696,653.237,19.677,17.578,6.817,0.184,16.831,0.000,0.563,0.000,0.000
1697,653.637,18.263,17.455,6.814,0.183,16.709,0.000,0.563,0.000,0.000
1698,654.037,19.405,17.339,6.810,0.182,16.594,0.000,0.563,0.000,0.000
1699,654.437,6.491,17.230,6.806,0.181,16.486,0.000,0.562,0.000,0.000
1700,654.837,17.844,17.128,6.802,0.180,16.385,0.000,0.562,0.000,0.000
1701,655.237,5.267,17.032,6.799,0.180,16.290,0.000,0.562,0.000,0.000
1702,655.637,16.552,16.942,6.795,0.179,16.201,0.000,0.562,0.000,0.000
1703,656.037,10.647,16.857,6.791,0.178,16.118,0.000,0.561,0.000,0.000
1704,656.437,9.350,16.778,6.787,0.177,16.040,0.000,0.561,0.000,0.000
1705,656.837,16.124,16.704,6.784,0.176,15.967,0.000,0.561,0.000,0.000
1706,657.237,14.604,16.634,6.780,0.176,15.898,0.000,0.560,0.000,0.000
1707,657.637,28.650,16.569,6.776,0.175,15.834,0.000,0.560,0.000,0.000
1708,658.037,24.448,16.508,6.773,0.174,15.774,0.000,0.560,0.000,0.000
1709,658.437,12.680,16.451,6.769,0.173,15.718,0.000,0.559,0.000,0.000
1710,658.837,19.438,16.397,6.765,0.173,15.665,0.000,0.559,0.000,0.000
1711,659.237,26.116,16.346,6.761,0.172,15.616,0.000,0.559,0.000,0.000
1712,659.637,14.121,16.299,6.758,0.171,15.570,0.000,0.558,0.000,0.000
1713,660.037,10.900,16.254,6.754,0.170,15.526,0.000,0.558,0.000,0.000
1714,660.437,18.184,16.213,6.750,0.170,15.486,0.000,0.557,0.000,0.000
1715,660.837,7.213,16.173,6.746,0.169,15.447,0.000,0.557,0.000,0.000
1716,661.238,9.682,16.136,6.743,0.168,15.411,0.000,0.556,0.000,0.000
1717,661.638,17.385,16.101,6.739,0.168,15.377,0.000,0.556,0.000,0.000
1718,662.038,7.786,16.067,6.735,0.167,15.345,0.000,0.555,0.000,0.000
1719,662.438,10.865,16.036,6.731,0.167,15.315,0.000,0.555,0.000,0.000
1720,662.838,10.462,16.006,6.728,0.166,15.286,0.000,0.554,0.000,0.000
1721,663.238,12.978,15.977,6.724,0.165,15.258,0.000,0.554,0.000,0.000
1722,663.639,14.023,15.949,6.720,0.165,15.232,0.000,0.553,0.000,0.000
1723,664.039,17.986,15.923,6.716,0.164,15.207,0.000,0.552,0.000,0.000
1724,664.439,13.289,15.898,6.713,0.163,15.182,0.000,0.552,0.000,0.000
1725,664.839,26.360,15.873,6.709,0.163,15.159,0.000,0.551,0.000,0.000
1726,665.240,8.332,15.849,6.705,0.162,15.136,0.000,0.550,0.000,0.000
1727,665.640,16.136,15.826,6.702,0.162,15.114,0.000,0.550,0.000,0.000
1728,666.040,15.120,15.803,6.698,0.161,15.093,0.000,0.549,0.000,0.000
1729,666.440,13.480,15.781,6.694,0.161,15.072,0.000,0.548,0.000,0.000
1730,666.841,11.962,15.759,6.690,0.160,15.051,0.000,0.548,0.000,0.000
1731,667.241,0.726,15.737,6.687,0.160,15.031,0.000,0.547,0.000,0.000
1732,667.641,7.425,15.716,6.683,0.159,15.011,0.000,0.546,0.000,0.000
1733,668.042,17.717,15.695,6.679,0.159,14.991,0.000,0.546,0.000,0.000
1734,668.442,17.667,15.674,6.675,0.158,14.971,0.000,0.545,0.000,0.000
1735,668.842,18.424,15.652,6.672,0.158,14.951,0.000,0.544,0.000,0.000
1736,669.243,9.841,15.631,6.668,0.157,14.931,0.000,0.543,0.000,0.000
1737,669.643,23.056,15.610,6.664,0.157,14.911,0.000,0.542,0.000,0.000
1738,670.044,15.572,15.589,6.660,0.156,14.891,0.000,0.542,0.000,0.000
1739,670.444,8.366,15.568,6.657,0.156,14.871,0.000,0.541,0.000,0.000
1740,670.844,9.181,15.546,6.653,0.155,14.851,0.000,0.540,0.000,0.000
1741,671.245,10.015,15.525,6.649,0.155,14.831,0.000,0.539,0.000,0.000
1742,671.645,18.648,15.503,6.646,0.154,14.810,0.000,0.538,0.000,0.000
1743,672.046,8.447,15.481,6.642,0.154,14.789,0.000,0.537,0.000,0.000
1744,672.446,20.972,15.459,6.638,0.154,14.769,0.000,0.537,0.000,0.000
1745,672.847,14.081,15.436,6.634,0.153,14.747,0.000,0.536,0.000,0.000
1746,673.247,24.953,15.414,6.631,0.153,14.726,0.000,0.535,0.000,0.000
1747,673.648,14.684,15.391,6.627,0.152,14.705,0.000,0.534,0.000,0.000
1748,674.048,24.921,15.368,6.623,0.152,14.683,0.000,0.533,0.000,0.000
1749,674.449,20.244,15.345,6.619,0.152,14.661,0.000,0.532,0.000,0.000
1750,674.849,14.473,15.322,6.616,0.151,14.639,0.000,0.531,0.000,0.000
1751,675.250,14.990,15.298,6.612,0.151,14.617,0.000,0.530,0.000,0.000
1752,675.650,15.039,15.274,6.608,0.150,14.594,0.000,0.530,0.000,0.000
1753,676.051,14.336,15.250,6.604,0.150,14.572,0.000,0.529,0.000,0.000
1754,676.451,13.137,15.226,6.601,0.150,14.549,0.000,0.528,0.000,0.000
1755,676.852,14.122,15.202,6.597,0.149,14.526,0.000,0.527,0.000,0.000
1756,677.252,18.955,15.178,6.593,0.149,14.503,0.000,0.526,0.000,0.000
1757,677.653,12.428,15.154,6.590,0.149,14.480,0.000,0.525,0.000,0.000
1758,678.054,2.119,15.129,6.586,0.148,14.457,0.000,0.524,0.000,0.000
1759,678.454,23.384,15.105,6.582,0.148,14.433,0.000,0.523,0.000,0.000
1760,678.855,15.914,15.080,6.578,0.148,14.410,0.000,0.522,0.000,0.000
1761,679.256,9.411,15.056,6.575,0.147,14.387,0.000,0.521,0.000,0.000
1762,679.656,11.741,15.031,6.571,0.147,14.363,0.000,0.521,0.000,0.000
1763,680.057,22.628,15.006,6.567,0.147,14.340,0.000,0.520,0.000,0.000
1764,680.458,16.921,14.982,6.563,0.146,14.317,0.000,0.519,0.000,0.000
1765,680.858,23.896,14.957,6.560,0.146,14.293,0.000,0.518,0.000,0.000
1766,681.259,14.379,14.933,6.556,0.146,14.270,0.000,0.517,0.000,0.000
1767,681.660,13.425,14.909,6.552,0.146,14.247,0.000,0.516,0.000,0.000
1768,682.061,13.021,14.885,6.548,0.145,14.224,0.000,0.515,0.000,0.000
1769,682.461,17.533,14.861,6.545,0.145,14.201,0.000,0.514,0.000,0.000
1770,682.862,18.185,14.837,6.541,0.145,14.178,0.000,0.514,0.000,0.000
1771,683.263,16.459,14.813,6.537,0.144,14.156,0.000,0.513,0.000,0.000
1772,683.664,23.707,14.790,6.534,0.144,14.133,0.000,0.512,0.000,0.000
1773,684.064,10.967,14.766,6.530,0.144,14.111,0.000,0.511,0.000,0.000
1774,684.465,24.143,14.743,6.526,0.144,14.089,0.000,0.510,0.000,0.000
1775,684.866,13.868,14.720,6.522,0.143,14.068,0.000,0.509,0.000,0.000
1776,685.267,12.482,14.698,6.519,0.143,14.046,0.000,0.509,0.000,0.000
1777,685.668,12.520,14.676,6.515,0.143,14.025,0.000,0.508,0.000,0.000
1778,686.068,8.552,14.654,6.511,0.143,14.004,0.000,0.507,0.000,0.000
1779,686.469,5.169,14.632,6.507,0.142,13.983,0.000,0.506,0.000,0.000
1780,686.870,13.608,14.610,6.504,0.142,13.963,0.000,0.505,0.000,0.000
1781,687.271,10.840,14.589,6.500,0.142,13.943,0.000,0.505,0.000,0.000
1782,687.672,13.265,14.569,6.496,0.142,13.923,0.000,0.504,0.000,0.000
1783,688.073,9.848,14.548,6.492,0.141,13.904,0.000,0.503,0.000,0.000
1784,688.474,16.753,14.528,6.489,0.141,13.884,0.000,0.502,0.000,0.000
1785,688.875,29.403,14.508,6.485,0.141,13.866,0.000,0.502,0.000,0.000
1786,689.276,9.620,14.489,6.481,0.141,13.847,0.000,0.501,0.000,0.000
1787,689.677,13.062,14.470,6.478,0.140,13.829,0.000,0.500,0.000,0.000
1788,690.078,8.863,14.451,6.474,0.140,13.811,0.000,0.500,0.000,0.000
1789,690.478,23.152,14.433,6.470,0.140,13.794,0.000,0.499,0.000,0.000
1790,690.879,21.624,14.415,6.466,0.140,13.777,0.000,0.498,0.000,0.000
1791,691.280,9.928,14.397,6.463,0.140,13.760,0.000,0.498,0.000,0.000
1792,691.681,12.768,14.380,6.459,0.139,13.743,0.000,0.497,0.000,0.000
1793,692.082,16.421,14.363,6.455,0.139,13.727,0.000,0.496,0.000,0.000
1794,692.484,13.040,14.346,6.451,0.139,13.711,0.000,0.496,0.000,0.000
1795,692.885,13.913,14.330,6.448,0.139,13.696,0.000,0.495,0.000,0.000
1796,693.286,11.422,14.314,6.444,0.139,13.681,0.000,0.494,0.000,0.000
1797,693.687,4.612,14.298,6.440,0.138,13.666,0.000,0.494,0.000,0.000
1798,694.088,6.427,14.283,6.436,0.138,13.651,0.000,0.493,0.000,0.000
1799,694.489,14.545,14.268,6.433,0.138,13.637,0.000,0.493,0.000,0.000
1800,694.890,14.048,14.253,6.429,0.138,13.623,0.000,0.492,0.000,0.000
1801,695.291,6.947,14.239,6.425,0.138,13.610,0.000,0.492,0.000,0.000
1802,695.692,8.890,14.225,6.421,0.137,13.596,0.000,0.491,0.000,0.000
1803,696.093,9.999,14.211,6.418,0.137,13.583,0.000,0.491,0.000,0.000
1804,696.494,9.994,14.198,6.414,0.137,13.571,0.000,0.490,0.000,0.000
1805,696.896,10.818,14.184,6.410,0.137,13.558,0.000,0.490,0.000,0.000
1806,697.297,2.647,14.172,6.407,0.137,13.546,0.000,0.489,0.000,0.000
1807,697.698,13.148,14.159,6.403,0.136,13.534,0.000,0.489,0.000,0.000
1808,698.099,17.462,14.147,6.399,0.136,13.522,0.000,0.488,0.000,0.000
1809,698.500,15.792,14.134,6.395,0.136,13.511,0.000,0.488,0.000,0.000
1810,698.901,16.704,14.123,6.392,0.136,13.499,0.000,0.487,0.000,0.000
1811,699.303,11.285,14.111,6.388,0.136,13.488,0.000,0.487,0.000,0.000
1812,699.704,11.706,14.099,6.384,0.136,13.477,0.000,0.486,0.000,0.000
1813,700.105,1.267,14.088,6.380,0.135,13.467,0.000,0.486,0.000,0.000
1814,700.506,8.761,14.077,6.377,0.135,13.456,0.000,0.486,0.000,0.000
1815,700.908,8.242,14.066,6.373,0.135,13.446,0.000,0.485,0.000,0.000
1816,701.309,9.775,14.056,6.369,0.135,13.436,0.000,0.485,0.000,0.000
1817,701.710,5.790,14.045,6.365,0.135,13.426,0.000,0.485,0.000,0.000
1818,702.112,12.806,14.035,6.362,0.135,13.417,0.000,0.484,0.000,0.000
1819,702.513,12.263,14.025,6.358,0.134,13.407,0.000,0.484,0.000,0.000
1820,702.914,21.012,14.015,6.354,0.134,13.398,0.000,0.483,0.000,0.000
1821,703.315,33.418,14.006,6.351,0.134,13.389,0.000,0.483,0.000,0.000
1822,703.717,15.881,13.996,6.347,0.134,13.379,0.000,0.483,0.000,0.000
1823,704.118,7.244,13.987,6.343,0.134,13.371,0.000,0.483,0.000,0.000
1824,704.520,18.687,13.978,6.339,0.134,13.362,0.000,0.482,0.000,0.000
1825,704.921,17.261,13.969,6.336,0.133,13.353,0.000,0.482,0.000,0.000
1826,705.322,14.397,13.960,6.332,0.133,13.345,0.000,0.482,0.000,0.000
1827,705.724,17.313,13.951,6.328,0.133,13.337,0.000,0.481,0.000,0.000
1828,706.125,7.825,13.943,6.324,0.133,13.329,0.000,0.481,0.000,0.000
1829,706.527,8.764,13.935,6.321,0.133,13.321,0.000,0.481,0.000,0.000
1830,706.928,10.332,13.927,6.317,0.133,13.313,0.000,0.481,0.000,0.000
1831,707.329,20.785,13.919,6.313,0.133,13.306,0.000,0.480,0.000,0.000
1832,707.731,16.215,13.911,6.309,0.133,13.298,0.000,0.480,0.000,0.000
1833,708.132,15.658,13.903,6.306,0.132,13.291,0.000,0.480,0.000,0.000
1834,708.534,15.927,13.896,6.302,0.132,13.284,0.000,0.480,0.000,0.000
1835,708.935,11.805,13.889,6.298,0.132,13.277,0.000,0.479,0.000,0.000
1836,709.337,15.316,13.882,6.295,0.132,13.271,0.000,0.479,0.000,0.000
1837,709.738,5.200,13.875,6.291,0.132,13.264,0.000,0.479,0.000,0.000
1838,710.140,14.299,13.869,6.287,0.132,13.258,0.000,0.479,0.000,0.000
1839,710.541,10.572,13.863,6.283,0.132,13.252,0.000,0.479,0.000,0.000
1840,710.943,27.920,13.857,6.280,0.132,13.246,0.000,0.479,0.000,0.000
1841,711.344,19.748,13.851,6.276,0.132,13.241,0.000,0.478,0.000,0.000
1842,711.746,18.271,13.845,6.272,0.132,13.236,0.000,0.478,0.000,0.000
1843,712.148,16.413,13.840,6.268,0.131,13.231,0.000,0.478,0.000,0.000
1844,712.549,18.171,13.835,6.265,0.131,13.226,0.000,0.478,0.000,0.000
1845,712.951,20.116,13.831,6.261,0.131,13.222,0.000,0.478,0.000,0.000
1846,713.352,21.631,13.827,6.257,0.131,13.218,0.000,0.478,0.000,0.000
1847,713.754,11.983,13.823,6.253,0.131,13.214,0.000,0.478,0.000,0.000
1848,714.156,20.322,13.819,6.250,0.131,13.211,0.000,0.477,0.000,0.000
1849,714.557,10.448,13.816,6.246,0.131,13.208,0.000,0.477,0.000,0.000
1850,714.959,10.127,13.813,6.242,0.131,13.205,0.000,0.477,0.000,0.000
1851,715.361,12.177,13.811,6.239,0.131,13.203,0.000,0.477,0.000,0.000
1852,715.762,10.436,13.809,6.235,0.131,13.201,0.000,0.477,0.000,0.000
1853,716.164,18.006,13.807,6.231,0.131,13.199,0.000,0.477,0.000,0.000
1854,716.566,19.025,13.806,6.227,0.131,13.198,0.000,0.477,0.000,0.000
1855,716.967,16.079,13.806,6.224,0.131,13.198,0.000,0.477,0.000,0.000
1856,717.369,26.151,13.806,6.220,0.131,13.198,0.000,0.477,0.000,0.000
1857,717.771,14.791,13.806,6.216,0.131,13.198,0.000,0.477,0.000,0.000
1858,718.173,23.121,13.807,6.212,0.131,13.199,0.000,0.477,0.000,0.000
1859,718.574,18.691,13.809,6.209,0.131,13.200,0.000,0.477,0.000,0.000
1860,718.976,25.941,13.811,6.205,0.131,13.202,0.000,0.477,0.000,0.000
1861,719.378,22.586,13.813,6.201,0.132,13.205,0.000,0.477,0.000,0.000
1862,719.780,20.216,13.817,6.197,0.132,13.208,0.000,0.477,0.000,0.000
1863,720.181,15.521,13.821,6.194,0.132,13.212,0.000,0.477,0.000,0.000
1864,720.583,19.035,13.825,6.190,0.132,13.216,0.000,0.477,0.000,0.000
1865,720.985,10.969,13.830,6.186,0.132,13.221,0.000,0.477,0.000,0.000
1866,721.387,15.592,13.836,6.183,0.132,13.227,0.000,0.477,0.000,0.000
1867,721.789,13.856,13.843,6.179,0.133,13.233,0.000,0.477,0.000,0.000
1868,722.191,12.204,13.850,6.175,0.133,13.240,0.000,0.477,0.000,0.000
1869,722.592,10.609,13.858,6.171,0.133,13.248,0.000,0.477,0.000,0.000
1870,722.994,8.666,13.867,6.168,0.133,13.257,0.000,0.477,0.000,0.000
1871,723.396,27.011,13.877,6.164,0.134,13.266,0.000,0.477,0.000,0.000
1872,723.798,17.100,13.887,6.160,0.134,13.276,0.000,0.477,0.000,0.000
1873,724.200,15.196,13.899,6.156,0.134,13.287,0.000,0.478,0.000,0.000
1874,724.602,17.313,13.911,6.153,0.135,13.299,0.000,0.478,0.000,0.000
1875,725.004,11.495,13.924,6.149,0.135,13.311,0.000,0.478,0.000,0.000
1876,725.406,20.246,13.938,6.145,0.135,13.324,0.000,0.478,0.000,0.000
1877,725.808,18.270,13.953,6.141,0.136,13.339,0.000,0.478,0.000,0.000
1878,726.210,11.905,13.969,6.138,0.136,13.354,0.000,0.478,0.000,0.000
1879,726.612,15.916,13.985,6.134,0.137,13.370,0.000,0.479,0.000,0.000
1880,727.014,21.948,14.003,6.130,0.138,13.387,0.000,0.479,0.000,0.000
1881,727.416,15.317,14.022,6.126,0.138,13.404,0.000,0.479,0.000,0.000
1882,727.818,0.926,14.041,6.123,0.139,13.423,0.000,0.479,0.000,0.000
1883,728.220,15.001,14.062,6.119,0.140,13.443,0.000,0.479,0.000,0.000
1884,728.622,27.213,14.083,6.115,0.140,13.463,0.000,0.480,0.000,0.000
1885,729.024,11.654,14.106,6.112,0.141,13.485,0.000,0.480,0.000,0.000
1886,729.426,13.101,14.130,6.108,0.142,13.507,0.000,0.480,0.000,0.000
1887,729.828,18.203,14.154,6.104,0.143,13.531,0.000,0.481,0.000,0.000
1888,730.230,10.090,14.180,6.100,0.144,13.556,0.000,0.481,0.000,0.000
1889,730.632,15.406,14.207,6.097,0.145,13.581,0.000,0.481,0.000,0.000
1890,731.034,21.877,14.235,6.093,0.146,13.608,0.000,0.481,0.000,0.000
1891,731.436,20.770,14.264,6.089,0.147,13.635,0.000,0.482,0.000,0.000
1892,731.838,9.771,14.294,6.085,0.148,13.664,0.000,0.482,0.000,0.000
1893,732.241,11.832,14.326,6.082,0.150,13.693,0.000,0.483,0.000,0.000
1894,732.643,16.093,14.358,6.078,0.151,13.724,0.000,0.483,0.000,0.000
1895,733.045,14.444,14.391,6.074,0.152,13.756,0.000,0.483,0.000,0.000
1896,733.447,25.811,14.426,6.070,0.154,13.789,0.000,0.484,0.000,0.000
1897,733.849,14.605,14.462,6.067,0.155,13.822,0.000,0.484,0.000,0.000
1898,734.251,20.559,14.499,6.063,0.157,13.857,0.000,0.485,0.000,0.000
1899,734.654,29.280,14.537,6.059,0.159,13.893,0.000,0.485,0.000,0.000
1900,735.056,6.070,14.576,6.056,0.161,13.930,0.000,0.485,0.000,0.000
1901,735.458,19.009,14.616,6.052,0.162,13.968,0.000,0.486,0.000,0.000
1902,735.860,11.809,14.657,6.048,0.164,14.006,0.000,0.486,0.000,0.000
1903,736.263,19.363,14.700,6.044,0.167,14.046,0.000,0.487,0.000,0.000
1904,736.665,20.755,14.743,6.041,0.169,14.087,0.000,0.487,0.000,0.000
1905,737.067,4.888,14.788,6.037,0.171,14.129,0.000,0.488,0.000,0.000
1906,737.469,4.368,14.831,6.030,0.173,14.169,0.000,0.488,0.000,0.000
1907,737.872,9.547,14.875,6.024,0.176,14.210,0.000,0.489,0.000,0.000
1908,738.274,17.366,14.920,6.017,0.179,14.252,0.000,0.489,0.000,0.000
1909,738.676,15.566,14.966,6.011,0.181,14.295,0.000,0.490,0.000,0.000
1910,739.079,15.804,15.013,6.004,0.184,14.339,0.000,0.490,0.000,0.000
1911,739.481,21.712,15.061,5.998,0.187,14.384,0.000,0.490,0.000,0.000
1912,739.883,17.637,15.111,5.991,0.190,14.430,0.000,0.491,0.000,0.000
1913,740.286,9.877,15.161,5.985,0.193,14.476,0.000,0.491,0.000,0.000
1914,740.688,17.758,15.212,5.978,0.197,14.523,0.000,0.492,0.000,0.000
1915,741.090,6.065,15.264,5.971,0.200,14.571,0.000,0.492,0.000,0.000
1916,741.493,11.858,15.317,5.965,0.204,14.620,0.000,0.493,0.000,0.000
1917,741.895,5.632,15.371,5.958,0.208,14.670,0.000,0.493,0.000,0.000
1918,742.297,17.020,15.425,5.952,0.212,14.720,0.000,0.494,0.000,0.000
1919,742.700,14.401,15.481,5.945,0.216,14.771,0.000,0.494,0.000,0.000
1920,743.102,15.695,15.537,5.939,0.220,14.822,0.000,0.495,0.000,0.000
1921,743.505,21.970,15.594,5.932,0.225,14.874,0.000,0.495,0.000,0.000
1922,743.907,14.973,15.652,5.926,0.229,14.927,0.000,0.496,0.000,0.000
1923,744.310,15.633,15.710,5.919,0.234,14.980,0.000,0.496,0.000,0.000
1924,744.712,18.527,15.770,5.913,0.239,15.034,0.000,0.497,0.000,0.000
1925,745.115,19.763,15.829,5.906,0.244,15.088,0.000,0.497,0.000,0.000
1926,745.517,11.382,15.889,5.900,0.250,15.142,0.000,0.498,0.000,0.000
1927,745.920,9.236,15.950,5.893,0.255,15.197,0.000,0.498,0.000,0.000
1928,746.322,17.683,16.011,5.886,0.261,15.252,0.000,0.499,0.000,0.000
1929,746.725,20.586,16.073,5.880,0.267,15.307,0.000,0.499,0.000,0.000
1930,747.127,10.307,16.135,5.873,0.273,15.362,0.000,0.500,0.000,0.000
1931,747.530,12.488,16.197,5.867,0.279,15.418,0.000,0.500,0.000,0.000
1932,747.932,10.691,16.260,5.860,0.286,15.473,0.000,0.501,0.000,0.000
1933,748.335,12.239,16.322,5.854,0.293,15.529,0.000,0.501,0.000,0.000
1934,748.737,3.735,16.385,5.847,0.300,15.584,0.000,0.502,0.000,0.000
1935,749.140,13.332,16.448,5.841,0.307,15.639,0.000,0.502,0.000,0.000
1936,749.543,20.042,16.511,5.834,0.314,15.694,0.000,0.503,0.000,0.000
1937,749.945,13.297,16.574,5.828,0.322,15.749,0.000,0.503,0.000,0.000
1938,750.348,12.539,16.637,5.821,0.329,15.804,0.000,0.504,0.000,0.000
1939,750.750,9.825,16.700,5.815,0.337,15.858,0.000,0.504,0.000,0.000
1940,751.153,12.016,16.763,5.808,0.346,15.912,0.000,0.505,0.000,0.000
1941,751.556,26.198,16.825,5.801,0.354,15.966,0.000,0.505,0.000,0.000
1942,751.958,17.880,16.887,5.795,0.363,16.019,0.000,0.506,0.000,0.000
1943,752.361,15.304,16.949,5.788,0.372,16.071,0.000,0.506,0.000,0.000
1944,752.764,18.690,17.010,5.782,0.381,16.122,0.000,0.506,0.000,0.000
1945,753.167,24.406,17.070,5.775,0.390,16.173,0.000,0.507,0.000,0.000
1946,753.569,19.305,17.130,5.769,0.400,16.223,0.000,0.507,0.000,0.000
1947,753.972,18.835,17.190,5.762,0.410,16.273,0.000,0.507,0.000,0.000
1948,754.375,19.926,17.248,5.756,0.420,16.321,0.000,0.508,0.000,0.000
1949,754.777,20.176,17.306,5.749,0.430,16.368,0.000,0.508,0.000,0.000
1950,755.180,17.953,17.363,5.743,0.440,16.415,0.000,0.508,0.000,0.000
1951,755.583,20.695,17.419,5.736,0.451,16.460,0.000,0.509,0.000,0.000
1952,755.986,13.545,17.475,5.730,0.462,16.504,0.000,0.509,0.000,0.000
1953,756.389,12.219,17.529,5.723,0.473,16.547,0.000,0.509,0.000,0.000
1954,756.791,11.130,17.582,5.716,0.484,16.588,0.000,0.510,0.000,0.000
1955,757.194,16.965,17.634,5.710,0.496,16.628,0.000,0.510,0.000,0.000
1956,757.597,12.378,17.684,5.703,0.507,16.667,0.000,0.510,0.000,0.000
1957,758.000,14.760,17.733,5.697,0.519,16.704,0.000,0.510,0.000,0.000
1958,758.403,14.406,17.781,5.690,0.531,16.740,0.000,0.510,0.000,0.000
1959,758.805,14.267,17.828,5.684,0.543,16.774,0.000,0.510,0.000,0.000
1960,759.208,19.558,17.873,5.677,0.556,16.807,0.000,0.511,0.000,0.000
1961,759.611,16.651,17.917,5.671,0.568,16.838,0.000,0.511,0.000,0.000
1962,760.014,15.322,17.959,5.664,0.581,16.867,0.000,0.511,0.000,0.000
1963,760.417,11.539,17.999,5.658,0.594,16.894,0.000,0.511,0.000,0.000
1964,760.820,10.671,18.038,5.651,0.607,16.920,0.000,0.511,0.000,0.000
1965,761.223,24.314,18.075,5.644,0.620,16.944,0.000,0.511,0.000,0.000
1966,761.626,14.841,18.110,5.638,0.634,16.966,0.000,0.511,0.000,0.000
1967,762.029,11.865,18.143,5.631,0.647,16.986,0.000,0.511,0.000,0.000
1968,762.432,18.253,18.175,5.625,0.661,17.004,0.000,0.510,0.000,0.000
1969,762.835,25.973,18.204,5.618,0.674,17.020,0.000,0.510,0.000,0.000
1970,763.238,12.433,18.232,5.612,0.688,17.034,0.000,0.510,0.000,0.000
1971,763.641,16.267,18.258,5.605,0.702,17.046,0.000,0.510,0.000,0.000
1972,764.044,15.475,18.282,5.599,0.716,17.056,0.000,0.510,0.000,0.000
1973,764.447,8.149,18.303,5.592,0.730,17.064,0.000,0.510,0.000,0.000
1974,764.850,20.113,18.323,5.586,0.744,17.070,0.000,0.509,0.000,0.000
1975,765.253,22.254,18.340,5.579,0.758,17.073,0.000,0.509,0.000,0.000
1976,765.656,15.371,18.356,5.573,0.772,17.075,0.000,0.509,0.000,0.000
1977,766.059,20.678,18.369,5.566,0.786,17.074,0.000,0.508,0.000,0.000
1978,766.462,7.082,18.380,5.559,0.800,17.072,0.000,0.508,0.000,0.000
1979,766.865,18.800,18.389,5.553,0.814,17.067,0.000,0.508,0.000,0.000
1980,767.268,12.258,18.396,5.546,0.829,17.060,0.000,0.507,0.000,0.000
1981,767.671,29.851,18.400,5.540,0.843,17.051,0.000,0.507,0.000,0.000
1982,768.074,12.737,18.403,5.533,0.857,17.040,0.000,0.506,0.000,0.000
1983,768.477,23.117,18.403,5.527,0.871,17.026,0.000,0.506,0.000,0.000
1984,768.880,16.889,18.401,5.520,0.884,17.011,0.000,0.505,0.000,0.000
1985,769.283,23.644,18.396,5.514,0.898,16.994,0.000,0.505,0.000,0.000
1986,769.687,22.677,18.390,5.507,0.912,16.974,0.000,0.504,0.000,0.000
1987,770.090,33.312,18.381,5.501,0.925,16.953,0.000,0.503,0.000,0.000
1988,770.493,20.265,18.371,5.494,0.939,16.929,0.000,0.503,0.000,0.000
1989,770.896,13.517,18.358,5.488,0.952,16.904,0.000,0.502,0.000,0.000
1990,771.299,23.033,18.343,5.481,0.965,16.876,0.000,0.502,0.000,0.000
1991,771.702,17.716,18.326,5.474,0.978,16.847,0.000,0.501,0.000,0.000
1992,772.106,11.793,18.307,5.468,0.991,16.815,0.000,0.500,0.000,0.000
1993,772.509,20.543,18.285,5.461,1.004,16.782,0.000,0.499,0.000,0.000
1994,772.912,9.267,18.262,5.455,1.016,16.748,0.000,0.499,0.000,0.000
1995,773.315,12.420,18.237,5.448,1.028,16.711,0.000,0.498,0.000,0.000
1996,773.719,17.952,18.210,5.442,1.040,16.673,0.000,0.497,0.000,0.000
1997,774.122,23.747,18.180,5.435,1.051,16.633,0.000,0.496,0.000,0.000
1998,774.525,28.365,18.149,5.429,1.063,16.591,0.000,0.496,0.000,0.000
1999,774.928,11.963,18.116,5.422,1.074,16.548,0.000,0.495,0.000,0.000
2000,775.332,21.837,18.082,5.416,1.085,16.503,0.000,0.494,0.000,0.000
2001,775.735,15.849,18.045,5.409,1.095,16.457,0.000,0.493,0.000,0.000
2002,776.138,22.425,18.007,5.403,1.105,16.410,0.000,0.492,0.000,0.000
2003,776.542,14.278,17.967,5.396,1.115,16.361,0.000,0.491,0.000,0.000
2004,776.945,33.394,17.926,5.389,1.124,16.311,0.000,0.490,0.000,0.000
2005,777.348,19.510,17.883,5.383,1.133,16.260,0.000,0.489,0.000,0.000
2006,777.752,17.986,17.838,5.376,1.142,16.208,0.000,0.489,0.000,0.000
2007,778.155,25.035,17.792,5.370,1.150,16.154,0.000,0.488,0.000,0.000
2008,778.558,24.113,17.745,5.363,1.158,16.100,0.000,0.487,0.000,0.000
2009,778.962,10.330,17.696,5.357,1.165,16.045,0.000,0.486,0.000,0.000
2010,779.365,8.262,17.646,5.350,1.172,15.988,0.000,0.485,0.000,0.000
2011,779.769,30.021,17.594,5.344,1.179,15.931,0.000,0.484,0.000,0.000
2012,780.172,10.772,17.542,5.337,1.185,15.874,0.000,0.483,0.000,0.000
2013,780.575,8.903,17.488,5.331,1.191,15.815,0.000,0.482,0.000,0.000
2014,780.979,27.609,17.433,5.324,1.196,15.756,0.000,0.481,0.000,0.000
2015,781.382,12.302,17.377,5.318,1.201,15.696,0.000,0.480,0.000,0.000
2016,781.786,15.458,17.321,5.311,1.205,15.636,0.000,0.479,0.000,0.000
2017,782.189,10.688,17.263,5.304,1.209,15.575,0.000,0.478,0.000,0.000
2018,782.593,12.831,17.204,5.298,1.213,15.514,0.000,0.477,0.000,0.000
2019,782.996,16.464,17.145,5.291,1.216,15.453,0.000,0.476,0.000,0.000
2020,783.400,14.693,17.085,5.285,1.218,15.392,0.000,0.475,0.000,0.000
2021,783.803,11.456,17.025,5.278,1.220,15.330,0.000,0.474,0.000,0.000
2022,784.207,22.839,16.963,5.272,1.222,15.268,0.000,0.473,0.000,0.000
2023,784.610,15.415,16.902,5.265,1.223,15.206,0.000,0.472,0.000,0.000
2024,785.014,19.217,16.839,5.259,1.224,15.144,0.000,0.471,0.000,0.000
2025,785.418,11.573,16.776,5.252,1.224,15.082,0.000,0.470,0.000,0.000
2026,785.821,12.027,16.713,5.246,1.224,15.020,0.000,0.470,0.000,0.000
2027,786.225,23.063,16.650,5.239,1.223,14.959,0.000,0.469,0.000,0.000
2028,786.628,19.736,16.586,5.232,1.222,14.897,0.000,0.468,0.000,0.000
2029,787.032,9.890,16.522,5.226,1.220,14.836,0.000,0.467,0.000,0.000
2030,787.435,3.691,16.458,5.219,1.218,14.775,0.000,0.466,0.000,0.000
2031,787.839,9.741,16.394,5.213,1.215,14.714,0.000,0.465,0.000,0.000
2032,788.243,23.850,16.330,5.206,1.212,14.654,0.000,0.464,0.000,0.000
2033,788.646,14.128,16.265,5.200,1.208,14.594,0.000,0.463,0.000,0.000
2034,789.050,12.145,16.201,5.193,1.204,14.534,0.000,0.462,0.000,0.000
2035,789.454,18.161,16.137,5.187,1.200,14.475,0.000,0.462,0.000,0.000
2036,789.857,12.305,16.072,5.180,1.195,14.417,0.000,0.461,0.000,0.000
2037,790.261,25.500,16.008,5.174,1.190,14.359,0.000,0.460,0.000,0.000
2038,790.665,16.712,15.945,5.167,1.184,14.301,0.000,0.459,0.000,0.000
2039,791.068,13.191,15.881,5.161,1.178,14.244,0.000,0.458,0.000,0.000
2040,791.472,11.887,15.818,5.154,1.172,14.188,0.000,0.458,0.000,0.000
2041,791.876,11.677,15.754,5.147,1.165,14.132,0.000,0.457,0.000,0.000
2042,792.280,23.562,15.692,5.141,1.158,14.078,0.000,0.456,0.000,0.000
2043,792.683,11.931,15.629,5.134,1.151,14.023,0.000,0.455,0.000,0.000
2044,793.087,19.490,15.567,5.128,1.143,13.970,0.000,0.455,0.000,0.000
2045,793.491,10.258,15.505,5.121,1.135,13.917,0.000,0.454,0.000,0.000
2046,793.895,7.160,15.444,5.115,1.126,13.865,0.000,0.453,0.000,0.000
2047,794.299,16.418,15.384,5.108,1.118,13.813,0.000,0.453,0.000,0.000
2048,794.702,8.713,15.323,5.102,1.109,13.763,0.000,0.452,0.000,0.000
2049,795.106,18.682,15.264,5.095,1.099,13.713,0.000,0.451,0.000,0.000
2050,795.510,27.789,15.204,5.089,1.090,13.664,0.000,0.451,0.000,0.000
2051,795.914,9.546,15.146,5.082,1.080,13.615,0.000,0.450,0.000,0.000
2052,796.318,11.360,15.087,5.076,1.070,13.567,0.000,0.450,0.000,0.000
2053,796.722,12.775,15.030,5.069,1.060,13.521,0.000,0.449,0.000,0.000
2054,797.125,10.752,14.973,5.062,1.050,13.474,0.000,0.449,0.000,0.000
2055,797.529,17.409,14.917,5.056,1.040,13.429,0.000,0.448,0.000,0.000
2056,797.933,6.091,14.861,5.049,1.029,13.384,0.000,0.448,0.000,0.000
2057,798.337,11.923,14.806,5.043,1.018,13.340,0.000,0.447,0.000,0.000
2058,798.741,12.385,14.751,5.036,1.007,13.297,0.000,0.447,0.000,0.000
2059,799.145,10.775,14.697,5.030,0.997,13.254,0.000,0.446,0.000,0.000
2060,799.549,12.250,14.644,5.023,0.986,13.213,0.000,0.446,0.000,0.000
2061,799.953,6.654,14.592,5.017,0.974,13.171,0.000,0.446,0.000,0.000
2062,800.357,11.458,14.540,5.010,0.963,13.131,0.000,0.445,0.000,0.000
2063,800.761,21.001,14.489,5.004,0.952,13.091,0.000,0.445,0.000,0.000
2064,801.165,21.545,14.438,4.997,0.941,13.052,0.000,0.445,0.000,0.000
2065,801.569,25.684,14.388,4.991,0.930,13.014,0.000,0.445,0.000,0.000
2066,801.973,11.996,14.339,4.984,0.919,12.976,0.000,0.444,0.000,0.000
2067,802.377,17.463,14.290,4.977,0.908,12.938,0.000,0.444,0.000,0.000
2068,802.781,16.953,14.243,4.971,0.897,12.902,0.000,0.444,0.000,0.000
2069,803.185,12.453,14.195,4.964,0.886,12.866,0.000,0.444,0.000,0.000
2070,803.589,7.568,14.149,4.958,0.875,12.830,0.000,0.444,0.000,0.000
2071,803.993,9.071,14.103,4.951,0.864,12.795,0.000,0.444,0.000,0.000
2072,804.397,10.564,14.058,4.945,0.854,12.760,0.000,0.444,0.000,0.000
2073,804.801,12.125,14.013,4.938,0.843,12.726,0.000,0.444,0.000,0.000
2074,805.205,11.009,13.969,4.932,0.833,12.693,0.000,0.444,0.000,0.000
2075,805.609,8.853,13.926,4.925,0.822,12.660,0.000,0.444,0.000,0.000
2076,806.013,9.726,13.883,4.919,0.812,12.627,0.000,0.444,0.000,0.000
2077,806.417,3.916,13.841,4.912,0.802,12.595,0.000,0.444,0.000,0.000
2078,806.821,22.459,13.800,4.905,0.793,12.563,0.000,0.444,0.000,0.000
2079,807.226,22.131,13.759,4.899,0.783,12.532,0.000,0.444,0.000,0.000
2080,807.630,15.361,13.719,4.892,0.774,12.501,0.000,0.445,0.000,0.000
2081,808.034,6.053,13.680,4.886,0.765,12.470,0.000,0.445,0.000,0.000
2082,808.438,17.002,13.641,4.879,0.756,12.440,0.000,0.445,0.000,0.000
2083,808.842,11.112,13.603,4.873,0.747,12.410,0.000,0.446,0.000,0.000
2084,809.246,14.770,13.565,4.866,0.739,12.380,0.000,0.446,0.000,0.000
2085,809.651,7.046,13.528,4.860,0.731,12.351,0.000,0.446,0.000,0.000
2086,810.055,10.916,13.492,4.853,0.723,12.322,0.000,0.447,0.000,0.000
2087,810.459,19.771,13.456,4.847,0.715,12.293,0.000,0.447,0.000,0.000
2088,810.863,15.776,13.420,4.840,0.708,12.265,0.000,0.448,0.000,0.000
2089,811.267,21.238,13.386,4.834,0.701,12.236,0.000,0.449,0.000,0.000
2090,811.672,11.121,13.352,4.827,0.694,12.208,0.000,0.449,0.000,0.000
2091,812.076,11.739,13.318,4.820,0.687,12.180,0.000,0.450,0.000,0.000
2092,812.480,13.519,13.285,4.814,0.681,12.153,0.000,0.451,0.000,0.000
2093,812.884,14.176,13.252,4.807,0.675,12.125,0.000,0.451,0.000,0.000
2094,813.289,15.801,13.220,4.801,0.670,12.098,0.000,0.452,0.000,0.000
2095,813.693,22.031,13.189,4.794,0.664,12.071,0.000,0.453,0.000,0.000
2096,814.097,23.153,13.158,4.788,0.659,12.044,0.000,0.454,0.000,0.000
2097,814.502,19.533,13.127,4.781,0.654,12.018,0.000,0.455,0.000,0.000
2098,814.906,15.851,13.097,4.775,0.650,11.991,0.000,0.456,0.000,0.000
2099,815.310,17.729,13.068,4.768,0.646,11.965,0.000,0.457,0.000,0.000
2100,815.715,5.045,13.039,4.762,0.642,11.938,0.000,0.458,0.000,0.000
2101,816.119,16.992,13.010,4.755,0.638,11.912,0.000,0.460,0.000,0.000
2102,816.523,18.499,12.982,4.749,0.635,11.886,0.000,0.461,0.000,0.000
2103,816.928,17.079,12.955,4.742,0.632,11.861,0.000,0.462,0.000,0.000
2104,817.332,10.103,12.928,4.735,0.629,11.835,0.000,0.464,0.000,0.000
2105,817.737,12.340,12.901,4.729,0.627,11.809,0.000,0.465,0.000,0.000
2106,818.141,11.465,12.875,4.722,0.624,11.784,0.000,0.467,0.000,0.000
2107,818.545,19.404,12.849,4.716,0.623,11.759,0.000,0.468,0.000,0.000
2108,818.950,12.396,12.824,4.709,0.621,11.733,0.000,0.470,0.000,0.000
2109,819.354,9.980,12.799,4.703,0.619,11.708,0.000,0.471,0.000,0.000
2110,819.759,15.836,12.775,4.696,0.618,11.683,0.000,0.473,0.000,0.000
2111,820.163,14.548,12.751,4.690,0.617,11.659,0.000,0.475,0.000,0.000
2112,820.568,17.476,12.727,4.683,0.616,11.634,0.000,0.477,0.000,0.000
2113,820.972,12.796,12.704,4.677,0.616,11.610,0.000,0.479,0.000,0.000
2114,821.377,13.610,12.681,4.670,0.616,11.585,0.000,0.481,0.000,0.000
2115,821.781,10.067,12.659,4.664,0.615,11.561,0.000,0.483,0.000,0.000
2116,822.186,5.248,12.637,4.657,0.615,11.537,0.000,0.485,0.000,0.000
2117,822.590,6.197,12.616,4.650,0.616,11.513,0.000,0.487,0.000,0.000
2118,822.995,14.040,12.595,4.644,0.616,11.489,0.000,0.489,0.000,0.000
2119,823.399,18.608,12.574,4.637,0.617,11.466,0.000,0.492,0.000,0.000
2120,823.804,9.692,12.554,4.631,0.617,11.442,0.000,0.494,0.000,0.000
2121,824.209,18.189,12.534,4.624,0.618,11.419,0.000,0.497,0.000,0.000
2122,824.613,20.569,12.514,4.618,0.619,11.396,0.000,0.499,0.000,0.000
2123,825.018,22.877,12.495,4.611,0.620,11.373,0.000,0.502,0.000,0.000
2124,825.422,10.734,12.476,4.605,0.622,11.350,0.000,0.504,0.000,0.000
2125,825.827,11.557,12.457,4.598,0.623,11.327,0.000,0.507,0.000,0.000
2126,826.232,15.672,12.439,4.592,0.624,11.305,0.000,0.510,0.000,0.000
2127,826.636,8.882,12.421,4.585,0.626,11.282,0.000,0.513,0.000,0.000
2128,827.041,7.123,12.403,4.579,0.627,11.260,0.000,0.516,0.000,0.000
2129,827.445,12.720,12.386,4.572,0.629,11.238,0.000,0.519,0.000,0.000
2130,827.850,12.382,12.369,4.565,0.631,11.217,0.000,0.522,0.000,0.000
2131,828.255,8.636,12.353,4.559,0.632,11.195,0.000,0.525,0.000,0.000
2132,828.659,20.504,12.336,4.552,0.634,11.174,0.000,0.528,0.000,0.000
2133,829.064,15.318,12.320,4.546,0.636,11.153,0.000,0.532,0.000,0.000
2134,829.469,15.962,12.304,4.539,0.637,11.132,0.000,0.535,0.000,0.000
2135,829.874,14.254,12.289,4.533,0.639,11.111,0.000,0.538,0.000,0.000
2136,830.278,19.175,12.274,4.526,0.641,11.091,0.000,0.542,0.000,0.000
2137,830.683,7.915,12.259,4.520,0.642,11.071,0.000,0.545,0.000,0.000
2138,831.088,9.161,12.244,4.513,0.644,11.051,0.000,0.549,0.000,0.000
2139,831.493,14.002,12.229,4.507,0.646,11.031,0.000,0.552,0.000,0.000
2140,831.897,13.948,12.215,4.500,0.647,11.012,0.000,0.556,0.000,0.000
2141,832.302,15.797,12.201,4.493,0.648,10.993,0.000,0.560,0.000,0.000
2142,832.707,18.730,12.187,4.487,0.650,10.974,0.000,0.564,0.000,0.000
2143,833.112,7.771,12.173,4.480,0.651,10.955,0.000,0.567,0.000,0.000
2144,833.517,14.700,12.160,4.474,0.652,10.937,0.000,0.571,0.000,0.000
2145,833.921,12.158,12.147,4.467,0.653,10.918,0.000,0.575,0.000,0.000
2146,834.326,12.321,12.134,4.461,0.654,10.901,0.000,0.579,0.000,0.000
2147,834.731,10.799,12.121,4.454,0.655,10.883,0.000,0.583,0.000,0.000
2148,835.136,18.939,12.108,4.448,0.655,10.865,0.000,0.587,0.000,0.000
2149,835.541,13.683,12.095,4.441,0.656,10.848,0.000,0.591,0.000,0.000
2150,835.946,13.901,12.083,4.435,0.656,10.831,0.000,0.595,0.000,0.000
2151,836.350,23.723,12.071,4.428,0.656,10.815,0.000,0.600,0.000,0.000
2152,836.755,17.825,12.058,4.422,0.656,10.798,0.000,0.604,0.000,0.000
2153,837.160,10.957,12.046,4.415,0.656,10.782,0.000,0.608,0.000,0.000
2154,837.565,7.393,12.034,4.408,0.656,10.767,0.000,0.612,0.000,0.000
2155,837.970,10.941,12.023,4.402,0.655,10.751,0.000,0.616,0.000,0.000
2156,838.375,16.645,12.011,4.395,0.654,10.736,0.000,0.621,0.000,0.000
2157,838.780,15.222,11.999,4.389,0.654,10.721,0.000,0.625,0.000,0.000
2158,839.185,11.535,11.987,4.382,0.653,10.706,0.000,0.629,0.000,0.000
2159,839.590,13.324,11.976,4.376,0.651,10.691,0.000,0.633,0.000,0.000
2160,839.995,15.627,11.964,4.369,0.650,10.677,0.000,0.638,0.000,0.000
2161,840.400,6.883,11.953,4.363,0.648,10.663,0.000,0.642,0.000,0.000
2162,840.805,4.665,11.942,4.356,0.646,10.649,0.000,0.646,0.000,0.000
2163,841.210,11.552,11.930,4.350,0.644,10.636,0.000,0.650,0.000,0.000
2164,841.615,10.272,11.919,4.343,0.642,10.623,0.000,0.654,0.000,0.000
2165,842.020,13.027,11.908,4.337,0.639,10.610,0.000,0.659,0.000,0.000
2166,842.425,11.219,11.896,4.330,0.637,10.597,0.000,0.663,0.000,0.000
2167,842.830,29.575,11.885,4.323,0.634,10.584,0.000,0.667,0.000,0.000
2168,843.235,11.644,11.874,4.317,0.631,10.572,0.000,0.671,0.000,0.000
2169,843.640,12.167,11.863,4.310,0.627,10.560,0.000,0.675,0.000,0.000
2170,844.045,6.414,11.851,4.304,0.624,10.548,0.000,0.679,0.000,0.000
2171,844.450,16.796,11.840,4.297,0.620,10.537,0.000,0.683,0.000,0.000
2172,844.855,17.075,11.829,4.291,0.616,10.526,0.000,0.687,0.000,0.000
2173,845.260,14.205,11.817,4.284,0.612,10.514,0.000,0.691,0.000,0.000
2174,845.666,12.988,11.806,4.278,0.608,10.504,0.000,0.694,0.000,0.000
2175,846.071,2.591,11.794,4.271,0.603,10.493,0.000,0.698,0.000,0.000
2176,846.476,7.338,11.783,4.265,0.598,10.483,0.000,0.702,0.000,0.000
2177,846.881,10.311,11.771,4.258,0.593,10.472,0.000,0.705,0.000,0.000
2178,847.286,16.329,11.760,4.252,0.588,10.462,0.000,0.709,0.000,0.000
2179,847.691,15.079,11.748,4.245,0.583,10.452,0.000,0.712,0.000,0.000
2180,848.096,17.273,11.736,4.238,0.578,10.443,0.000,0.716,0.000,0.000
2181,848.502,12.491,11.724,4.232,0.572,10.433,0.000,0.719,0.000,0.000
2182,848.907,12.999,11.712,4.225,0.566,10.424,0.000,0.722,0.000,0.000
2183,849.312,15.608,11.701,4.219,0.560,10.415,0.000,0.725,0.000,0.000
2184,849.717,7.298,11.688,4.212,0.554,10.406,0.000,0.728,0.000,0.000
2185,850.123,23.131,11.676,4.206,0.548,10.397,0.000,0.731,0.000,0.000
2186,850.528,6.863,11.664,4.199,0.542,10.389,0.000,0.734,0.000,0.000
2187,850.933,12.678,11.652,4.193,0.535,10.381,0.000,0.736,0.000,0.000
2188,851.338,22.791,11.639,4.186,0.528,10.372,0.000,0.739,0.000,0.000
2189,851.744,16.026,11.627,4.180,0.522,10.364,0.000,0.741,0.000,0.000
2190,852.149,15.126,11.614,4.173,0.515,10.356,0.000,0.743,0.000,0.000
2191,852.554,6.654,11.602,4.167,0.508,10.349,0.000,0.745,0.000,0.000
2192,852.959,11.234,11.589,4.160,0.501,10.341,0.000,0.747,0.000,0.000
2193,853.365,4.925,11.576,4.153,0.493,10.334,0.000,0.749,0.000,0.000
2194,853.770,11.654,11.563,4.147,0.486,10.326,0.000,0.751,0.000,0.000
2195,854.175,13.733,11.550,4.140,0.479,10.319,0.000,0.753,0.000,0.000
2196,854.581,11.962,11.537,4.134,0.471,10.312,0.000,0.754,0.000,0.000
2197,854.986,14.952,11.524,4.127,0.464,10.305,0.000,0.755,0.000,0.000
2198,855.391,11.466,11.511,4.121,0.456,10.298,0.000,0.757,0.000,0.000
2199,855.797,5.305,11.497,4.114,0.448,10.291,0.000,0.758,0.000,0.000
2200,856.202,17.867,11.484,4.108,0.440,10.285,0.000,0.758,0.000,0.000
2201,856.608,13.519,11.470,4.101,0.433,10.278,0.000,0.759,0.000,0.000
2202,857.013,2.784,11.456,4.095,0.425,10.272,0.000,0.760,0.000,0.000
2203,857.418,6.988,11.443,4.088,0.417,10.265,0.000,0.760,0.000,0.000
2204,857.824,12.057,11.429,4.081,0.409,10.259,0.000,0.760,0.000,0.000
2205,858.229,11.550,11.415,4.075,0.401,10.253,0.000,0.760,0.000,0.000
2206,858.635,12.965,11.401,4.068,0.393,10.247,0.000,0.760,0.000,0.000
2207,859.040,11.106,11.387,4.062,0.385,10.241,0.000,0.760,0.000,0.000
2208,859.446,8.785,11.372,4.055,0.377,10.235,0.000,0.760,0.000,0.000
2209,859.851,12.355,11.358,4.049,0.370,10.229,0.000,0.759,0.000,0.000
2210,860.257,18.721,11.344,4.042,0.362,10.224,0.000,0.759,0.000,0.000
2211,860.662,17.698,11.329,4.036,0.354,10.218,0.000,0.758,0.000,0.000
2212,861.068,8.184,11.315,4.029,0.346,10.212,0.000,0.757,0.000,0.000
2213,861.473,13.934,11.300,4.023,0.338,10.207,0.000,0.756,0.000,0.000
2214,861.879,18.520,11.286,4.016,0.330,10.201,0.000,0.754,0.000,0.000
2215,862.284,12.364,11.271,4.010,0.323,10.196,0.000,0.753,0.000,0.000
2216,862.690,7.813,11.256,4.003,0.315,10.190,0.000,0.751,0.000,0.000
2217,863.095,11.019,11.241,3.996,0.307,10.185,0.000,0.749,0.000,0.000
2218,863.501,7.173,11.227,3.990,0.300,10.179,0.000,0.747,0.000,0.000
2219,863.906,13.889,11.212,3.983,0.292,10.174,0.000,0.745,0.000,0.000
2220,864.312,9.813,11.197,3.977,0.285,10.169,0.000,0.743,0.000,0.000
2221,864.718,6.734,11.182,3.970,0.278,10.164,0.000,0.741,0.000,0.000
2222,865.123,10.270,11.167,3.964,0.270,10.158,0.000,0.738,0.000,0.000
2223,865.529,15.175,11.152,3.957,0.263,10.153,0.000,0.736,0.000,0.000
2224,865.934,12.499,11.137,3.951,0.256,10.148,0.000,0.733,0.000,0.000
2225,866.340,0.000,11.122,3.944,0.249,10.143,0.000,0.730,0.000,0.000
2226,866.746,11.628,11.107,3.938,0.242,10.138,0.000,0.727,0.000,0.000
2227,867.151,10.399,11.092,3.931,0.235,10.133,0.000,0.724,0.000,0.000
2228,867.557,6.815,11.077,3.925,0.228,10.128,0.000,0.721,0.000,0.000
2229,867.963,15.502,11.062,3.918,0.222,10.123,0.000,0.717,0.000,0.000
2230,868.368,14.918,11.046,3.911,0.215,10.118,0.000,0.714,0.000,0.000
2231,868.774,7.843,11.031,3.905,0.209,10.113,0.000,0.710,0.000,0.000
2232,869.180,12.878,11.016,3.898,0.202,10.108,0.000,0.706,0.000,0.000
2233,869.585,13.141,11.001,3.892,0.196,10.103,0.000,0.702,0.000,0.000
2234,869.991,0.000,10.986,3.885,0.190,10.098,0.000,0.698,0.000,0.000
2235,870.397,7.893,10.971,3.879,0.184,10.093,0.000,0.694,0.000,0.000
2236,870.803,9.760,10.956,3.872,0.178,10.088,0.000,0.690,0.000,0.000
2237,871.208,14.881,10.941,3.866,0.172,10.083,0.000,0.686,0.000,0.000
2238,871.614,4.624,10.926,3.859,0.167,10.078,0.000,0.682,0.000,0.000
2239,872.020,12.361,10.911,3.853,0.161,10.073,0.000,0.677,0.000,0.000
2240,872.426,9.782,10.897,3.846,0.156,10.068,0.000,0.673,0.000,0.000
2241,872.832,12.459,10.882,3.840,0.150,10.063,0.000,0.668,0.000,0.000
2242,873.237,18.294,10.867,3.833,0.145,10.058,0.000,0.664,0.000,0.000
2243,873.643,14.946,10.853,3.826,0.140,10.053,0.000,0.659,0.000,0.000
2244,874.049,7.462,10.838,3.820,0.135,10.049,0.000,0.654,0.000,0.000
2245,874.455,14.835,10.823,3.813,0.130,10.044,0.000,0.649,0.000,0.000
2246,874.861,9.886,10.809,3.807,0.126,10.039,0.000,0.645,0.000,0.000
2247,875.267,6.826,10.795,3.800,0.121,10.034,0.000,0.640,0.000,0.000
2248,875.672,14.233,10.780,3.794,0.117,10.029,0.000,0.635,0.000,0.000
2249,876.078,12.901,10.766,3.787,0.112,10.024,0.000,0.630,0.000,0.000
2250,876.484,0.457,10.752,3.781,0.108,10.019,0.000,0.625,0.000,0.000
2251,876.890,8.893,10.738,3.774,0.104,10.015,0.000,0.620,0.000,0.000
2252,877.296,14.292,10.724,3.768,0.100,10.010,0.000,0.615,0.000,0.000
2253,877.702,8.898,10.711,3.761,0.096,10.005,0.000,0.609,0.000,0.000
2254,878.108,12.215,10.697,3.755,0.092,10.000,0.000,0.604,0.000,0.000
2255,878.514,12.800,10.684,3.748,0.089,9.996,0.000,0.599,0.000,0.000
2256,878.920,8.240,10.670,3.741,0.085,9.991,0.000,0.594,0.000,0.000
2257,879.326,19.547,10.657,3.735,0.082,9.986,0.000,0.589,0.000,0.000
2258,879.732,17.993,10.644,3.728,0.078,9.982,0.000,0.584,0.000,0.000
2259,880.138,12.785,10.631,3.722,0.075,9.977,0.000,0.579,0.000,0.000
2260,880.544,14.041,10.618,3.715,0.072,9.973,0.000,0.574,0.000,0.000
2261,880.950,9.641,10.606,3.709,0.069,9.968,0.000,0.569,0.000,0.000
2262,881.356,14.841,10.593,3.702,0.066,9.964,0.000,0.563,0.000,0.000
2263,881.762,4.102,10.581,3.696,0.063,9.959,0.000,0.558,0.000,0.000
2264,882.168,13.480,10.569,3.689,0.060,9.955,0.000,0.553,0.000,0.000
2265,882.574,9.548,10.557,3.683,0.058,9.951,0.000,0.548,0.000,0.000
2266,882.980,16.209,10.545,3.676,0.055,9.947,0.000,0.543,0.000,0.000
2267,883.386,14.380,10.534,3.669,0.053,9.942,0.000,0.538,0.000,0.000
2268,883.792,5.518,10.522,3.663,0.050,9.938,0.000,0.533,0.000,0.000
2269,884.198,12.398,10.511,3.656,0.048,9.934,0.000,0.529,0.000,0.000
2270,884.604,14.829,10.500,3.650,0.046,9.930,0.000,0.524,0.000,0.000
2271,885.010,11.892,10.489,3.643,0.044,9.927,0.000,0.519,0.000,0.000
2272,885.416,4.446,10.479,3.637,0.042,9.923,0.000,0.514,0.000,0.000
2273,885.822,8.338,10.468,3.630,0.040,9.919,0.000,0.509,0.000,0.000
2274,886.228,15.711,10.458,3.624,0.038,9.916,0.000,0.505,0.000,0.000
2275,886.635,14.152,10.448,3.617,0.036,9.912,0.000,0.500,0.000,0.000
2276,887.041,13.646,10.439,3.611,0.034,9.909,0.000,0.496,0.000,0.000
2277,887.447,17.949,10.430,3.604,0.033,9.906,0.000,0.491,0.000,0.000
2278,887.853,5.524,10.420,3.598,0.031,9.903,0.000,0.487,0.000,0.000
2279,888.259,10.093,10.412,3.591,0.029,9.900,0.000,0.482,0.000,0.000
2280,888.665,9.082,10.403,3.584,0.028,9.897,0.000,0.478,0.000,0.000
2281,889.072,11.093,10.395,3.578,0.027,9.894,0.000,0.474,0.000,0.000
2282,889.478,3.703,10.387,3.571,0.025,9.892,0.000,0.470,0.000,0.000
2283,889.884,13.862,10.379,3.565,0.024,9.889,0.000,0.466,0.000,0.000
2284,890.290,12.000,10.371,3.558,0.023,9.887,0.000,0.461,0.000,0.000
2285,890.696,17.185,10.364,3.552,0.022,9.885,0.000,0.457,0.000,0.000
2286,891.103,8.835,10.357,3.545,0.020,9.883,0.000,0.454,0.000,0.000
2287,891.509,12.272,10.351,3.539,0.019,9.881,0.000,0.450,0.000,0.000
2288,891.915,14.317,10.344,3.532,0.018,9.880,0.000,0.446,0.000,0.000
2289,892.322,7.180,10.338,3.526,0.017,9.879,0.000,0.442,0.000,0.000
2290,892.728,3.752,10.333,3.519,0.016,9.877,0.000,0.439,0.000,0.000
2291,893.134,11.856,10.327,3.513,0.015,9.877,0.000,0.435,0.000,0.000
2292,893.540,10.821,10.322,3.506,0.015,9.876,0.000,0.432,0.000,0.000
2293,893.947,11.471,10.317,3.499,0.014,9.875,0.000,0.428,0.000,0.000
2294,894.353,11.973,10.313,3.493,0.013,9.875,0.000,0.425,0.000,0.000
2295,894.759,2.855,10.309,3.486,0.012,9.875,0.000,0.422,0.000,0.000
2296,895.166,4.391,10.305,3.480,0.012,9.875,0.000,0.418,0.000,0.000
2297,895.572,4.808,10.302,3.473,0.011,9.875,0.000,0.415,0.000,0.000
2298,895.978,13.604,10.298,3.467,0.010,9.876,0.000,0.412,0.000,0.000
2299,896.385,15.148,10.296,3.460,0.010,9.877,0.000,0.409,0.000,0.000
2300,896.791,6.293,10.293,3.454,0.009,9.878,0.000,0.406,0.000,0.000
2301,897.198,3.280,10.291,3.447,0.009,9.879,0.000,0.403,0.000,0.000
2302,897.604,13.228,10.289,3.441,0.008,9.881,0.000,0.401,0.000,0.000
2303,898.010,6.179,10.288,3.434,0.008,9.882,0.000,0.398,0.000,0.000
2304,898.417,7.990,10.287,3.428,0.007,9.884,0.000,0.395,0.000,0.000
2305,898.823,8.031,10.286,3.421,0.007,9.887,0.000,0.393,0.000,0.000
2306,899.230,11.175,10.286,3.414,0.006,9.889,0.000,0.390,0.000,0.000
2307,899.636,8.141,10.286,3.408,0.006,9.892,0.000,0.388,0.000,0.000
2308,900.043,8.594,10.286,3.401,0.006,9.895,0.000,0.385,0.000,0.000
2309,900.449,11.146,10.287,3.395,0.005,9.898,0.000,0.383,0.000,0.000
2310,900.856,10.012,10.288,3.388,0.005,9.902,0.000,0.381,0.000,0.000
2311,901.262,10.351,10.289,3.382,0.005,9.906,0.000,0.379,0.000,0.000
2312,901.669,11.270,10.291,3.375,0.004,9.910,0.000,0.377,0.000,0.000
2313,902.075,8.222,10.293,3.369,0.004,9.914,0.000,0.375,0.000,0.000
2314,902.482,14.363,10.295,3.362,0.004,9.919,0.000,0.373,0.000,0.000
2315,902.888,4.942,10.298,3.356,0.004,9.923,0.000,0.371,0.000,0.000
2316,903.295,12.469,10.301,3.349,0.003,9.928,0.000,0.369,0.000,0.000
2317,903.701,9.644,10.304,3.343,0.003,9.934,0.000,0.367,0.000,0.000
2318,904.108,5.478,10.307,3.336,0.003,9.939,0.000,0.365,0.000,0.000
2319,904.514,11.651,10.311,3.329,0.003,9.945,0.000,0.363,0.000,0.000
2320,904.921,14.251,10.315,3.323,0.003,9.951,0.000,0.362,0.000,0.000
2321,905.328,6.851,10.320,3.316,0.002,9.957,0.000,0.360,0.000,0.000
2322,905.734,13.110,10.324,3.310,0.002,9.964,0.000,0.359,0.000,0.000
2323,906.141,12.145,10.329,3.303,0.002,9.970,0.000,0.357,0.000,0.000
2324,906.547,14.886,10.335,3.297,0.002,9.977,0.000,0.356,0.000,0.000
2325,906.954,5.777,10.340,3.290,0.002,9.984,0.000,0.354,0.000,0.000
2326,907.361,7.780,10.346,3.284,0.002,9.991,0.000,0.353,0.000,0.000
2327,907.767,8.882,10.351,3.277,0.002,9.998,0.000,0.351,0.000,0.000
2328,908.174,18.773,10.358,3.271,0.001,10.006,0.000,0.350,0.000,0.000
2329,908.581,11.370,10.364,3.264,0.001,10.014,0.000,0.349,0.000,0.000
2330,908.987,10.848,10.370,3.257,0.001,10.021,0.000,0.348,0.000,0.000
2331,909.394,12.120,10.377,3.251,0.001,10.029,0.000,0.347,0.000,0.000
2332,909.801,11.714,10.384,3.244,0.001,10.037,0.000,0.345,0.000,0.000
2333,910.207,22.485,10.391,3.238,0.001,10.045,0.000,0.344,0.000,0.000
2334,910.614,11.707,10.398,3.231,0.001,10.054,0.000,0.343,0.000,0.000
2335,911.021,1.716,10.405,3.225,0.001,10.062,0.000,0.342,0.000,0.000
2336,911.428,7.168,10.419,3.226,0.001,10.077,0.000,0.342,0.000,0.000
2337,911.834,14.581,10.434,3.226,0.001,10.092,0.000,0.341,0.000,0.000
2338,912.241,16.043,10.449,3.227,0.001,10.107,0.000,0.341,0.000,0.000
2339,912.648,5.147,10.463,3.228,0.001,10.123,0.000,0.340,0.000,0.000
2340,913.055,12.681,10.478,3.229,0.001,10.138,0.000,0.340,0.000,0.000
2341,913.461,4.628,10.493,3.229,0.001,10.153,0.000,0.339,0.000,0.000
2342,913.868,10.993,10.508,3.230,0.001,10.168,0.000,0.339,0.000,0.000
2343,914.275,10.910,10.522,3.231,0.000,10.183,0.000,0.339,0.000,0.000
2344,914.682,13.462,10.537,3.232,0.000,10.198,0.000,0.339,0.000,0.000
2345,915.089,11.964,10.551,3.233,0.000,10.213,0.000,0.338,0.000,0.000
2346,915.496,6.354,10.566,3.233,0.000,10.228,0.000,0.338,0.000,0.000
2347,915.902,8.025,10.580,3.234,0.000,10.242,0.000,0.338,0.000,0.000
2348,916.309,16.029,10.594,3.235,0.000,10.257,0.000,0.338,0.000,0.000
2349,916.716,4.095,10.608,3.236,0.000,10.271,0.000,0.337,0.000,0.000
2350,917.123,12.632,10.622,3.236,0.000,10.285,0.000,0.337,0.000,0.000
2351,917.530,10.409,10.636,3.237,0.000,10.299,0.000,0.337,0.000,0.000
2352,917.937,11.051,10.649,3.238,0.000,10.312,0.000,0.337,0.000,0.000
2353,918.344,10.642,10.662,3.239,0.000,10.325,0.000,0.337,0.000,0.000
2354,918.751,13.894,10.675,3.240,0.000,10.338,0.000,0.337,0.000,0.000
2355,919.158,6.397,10.688,3.240,0.000,10.351,0.000,0.337,0.000,0.000
2356,919.564,24.244,10.700,3.241,0.000,10.363,0.000,0.336,0.000,0.000
2357,919.971,8.461,10.712,3.242,0.000,10.375,0.000,0.336,0.000,0.000
2358,920.378,14.548,10.723,3.243,0.000,10.387,0.000,0.336,0.000,0.000
2359,920.785,11.461,10.735,3.243,0.000,10.398,0.000,0.336,0.000,0.000
2360,921.192,12.140,10.745,3.244,0.000,10.409,0.000,0.336,0.000,0.000
2361,921.599,7.915,10.756,3.245,0.000,10.419,0.000,0.336,0.000,0.000
2362,922.006,6.967,10.766,3.246,0.000,10.429,0.000,0.336,0.000,0.000
2363,922.413,7.648,10.775,3.247,0.000,10.439,0.000,0.336,0.000,0.000
2364,922.820,8.822,10.784,3.247,0.000,10.447,0.000,0.336,0.000,0.000
2365,923.227,17.523,10.792,3.248,0.000,10.456,0.000,0.336,0.000,0.000
2366,923.634,17.638,10.800,3.249,0.000,10.464,0.000,0.336,0.000,0.000
2367,924.041,1.280,10.807,3.250,0.000,10.471,0.000,0.336,0.000,0.000
2368,924.448,5.571,10.814,3.250,0.000,10.478,0.000,0.336,0.000,0.000
2369,924.856,15.810,10.820,3.251,0.000,10.484,0.000,0.336,0.000,0.000
2370,925.263,17.678,10.826,3.252,0.000,10.489,0.000,0.336,0.000,0.000
2371,925.670,8.768,10.831,3.253,0.000,10.494,0.000,0.337,0.000,0.000
2372,926.077,16.158,10.835,3.254,0.000,10.498,0.000,0.337,0.000,0.000
2373,926.484,4.416,10.838,3.254,0.000,10.502,0.000,0.337,0.000,0.000
2374,926.891,13.366,10.841,3.255,0.000,10.505,0.000,0.337,0.000,0.000
2375,927.298,10.758,10.844,3.256,0.000,10.507,0.000,0.337,0.000,0.000
2376,927.705,7.444,10.845,3.257,0.000,10.508,0.000,0.337,0.000,0.000
2377,928.112,16.876,10.846,3.257,0.000,10.509,0.000,0.337,0.000,0.000
2378,928.519,14.861,10.846,3.258,0.000,10.509,0.000,0.337,0.000,0.000
2379,928.927,7.717,10.845,3.259,0.000,10.508,0.000,0.337,0.000,0.000
2380,929.334,4.695,10.844,3.260,0.000,10.507,0.000,0.337,0.000,0.000
2381,929.741,9.543,10.842,3.261,0.000,10.504,0.000,0.337,0.000,0.000
2382,930.148,6.537,10.839,3.261,0.000,10.501,0.000,0.338,0.000,0.000
2383,930.555,7.640,10.835,3.262,0.000,10.497,0.000,0.338,0.000,0.000
2384,930.963,3.346,10.831,3.263,0.000,10.493,0.000,0.338,0.000,0.000
2385,931.370,0.000,10.825,3.264,0.000,10.487,0.000,0.338,0.000,0.000
2386,931.777,15.439,10.819,3.264,0.000,10.481,0.000,0.338,0.000,0.000
2387,932.184,0.983,10.812,3.265,0.000,10.474,0.000,0.338,0.000,0.000
2388,932.592,14.709,10.804,3.266,0.000,10.466,0.000,0.338,0.000,0.000
2389,932.999,11.069,10.796,3.267,0.000,10.458,0.000,0.338,0.000,0.000
2390,933.406,11.699,10.787,3.268,0.000,10.448,0.000,0.338,0.000,0.000
2391,933.813,4.745,10.776,3.268,0.000,10.438,0.000,0.339,0.000,0.000
2392,934.221,7.531,10.765,3.269,0.000,10.427,0.000,0.339,0.000,0.000
2393,934.628,1.981,10.754,3.270,0.000,10.415,0.000,0.339,0.000,0.000
2394,935.035,12.604,10.741,3.271,0.000,10.402,0.000,0.339,0.000,0.000
2395,935.442,4.174,10.728,3.271,0.000,10.389,0.000,0.339,0.000,0.000
2396,935.850,14.133,10.714,3.272,0.000,10.374,0.000,0.339,0.000,0.000
2397,936.257,6.692,10.699,3.273,0.000,10.359,0.000,0.339,0.000,0.000
2398,936.664,17.778,10.683,3.274,0.000,10.344,0.000,0.339,0.000,0.000
2399,937.072,14.767,10.666,3.275,0.000,10.327,0.000,0.340,0.000,0.000
2400,937.479,24.150,10.649,3.275,0.000,10.309,0.000,0.340,0.000,0.000
2401,937.887,1.521,10.631,3.276,0.000,10.291,0.000,0.340,0.000,0.000
2402,938.294,5.821,10.612,3.277,0.000,10.272,0.000,0.340,0.000,0.000
2403,938.701,5.358,10.593,3.278,0.000,10.253,0.000,0.340,0.000,0.000
2404,939.109,11.320,10.573,3.278,0.000,10.232,0.000,0.340,0.000,0.000
2405,939.516,15.150,10.552,3.279,0.000,10.211,0.000,0.340,0.000,0.000
2406,939.924,11.643,10.530,3.280,0.000,10.190,0.000,0.340,0.000,0.000
2407,940.331,5.591,10.508,3.281,0.000,10.167,0.000,0.340,0.000,0.000
2408,940.738,12.549,10.485,3.282,0.000,10.144,0.000,0.341,0.000,0.000
2409,941.146,10.785,10.461,3.282,0.000,10.120,0.000,0.341,0.000,0.000
2410,941.553,18.111,10.437,3.283,0.000,10.096,0.000,0.341,0.000,0.000
2411,941.961,15.145,10.412,3.284,0.000,10.071,0.000,0.341,0.000,0.000
2412,942.368,7.018,10.387,3.285,0.000,10.045,0.000,0.341,0.000,0.000
2413,942.776,10.541,10.361,3.285,0.000,10.019,0.000,0.341,0.000,0.000
2414,943.183,8.368,10.334,3.286,0.000,9.993,0.000,0.341,0.000,0.000
2415,943.591,8.304,10.307,3.287,0.000,9.965,0.000,0.341,0.000,0.000
2416,943.998,13.236,10.279,3.288,0.000,9.938,0.000,0.342,0.000,0.000
2417,944.406,23.949,10.251,3.289,0.000,9.910,0.000,0.342,0.000,0.000
2418,944.813,7.201,10.223,3.289,0.000,9.881,0.000,0.342,0.000,0.000
2419,945.221,11.349,10.194,3.290,0.000,9.852,0.000,0.342,0.000,0.000
2420,945.628,3.501,10.164,3.291,0.000,9.822,0.000,0.342,0.000,0.000
2421,946.036,15.250,10.134,3.292,0.000,9.792,0.000,0.342,0.000,0.000
2422,946.444,3.170,10.104,3.292,0.000,9.762,0.000,0.342,0.000,0.000
2423,946.851,13.521,10.074,3.293,0.000,9.731,0.000,0.342,0.000,0.000
2424,947.259,22.639,10.043,3.294,0.000,9.700,0.000,0.342,0.000,0.000
2425,947.666,12.175,10.012,3.295,0.000,9.669,0.000,0.343,0.000,0.000
2426,948.074,14.069,9.980,3.296,0.000,9.637,0.000,0.343,0.000,0.000
2427,948.482,3.197,9.949,3.296,0.000,9.606,0.000,0.343,0.000,0.000
2428,948.889,14.687,9.917,3.297,0.000,9.574,0.000,0.343,0.000,0.000
2429,949.297,10.020,9.885,3.298,0.000,9.541,0.000,0.343,0.000,0.000
2430,949.704,13.411,9.852,3.299,0.000,9.509,0.000,0.343,0.000,0.000
2431,950.112,8.101,9.820,3.299,0.000,9.476,0.000,0.343,0.000,0.000
2432,950.520,9.479,9.787,3.300,0.000,9.444,0.000,0.343,0.000,0.000
2433,950.927,16.299,9.755,3.301,0.000,9.411,0.000,0.344,0.000,0.000
2434,951.335,9.238,9.722,3.302,0.000,9.378,0.000,0.344,0.000,0.000
2435,951.743,8.291,9.689,3.303,0.000,9.345,0.000,0.344,0.000,0.000
2436,952.151,10.079,9.656,3.303,0.000,9.312,0.000,0.344,0.000,0.000
2437,952.558,10.116,9.623,3.304,0.000,9.279,0.000,0.344,0.000,0.000
2438,952.966,7.588,9.590,3.305,0.000,9.246,0.000,0.344,0.000,0.000
2439,953.374,3.980,9.558,3.306,0.000,9.213,0.000,0.344,0.000,0.000
2440,953.781,3.629,9.525,3.306,0.000,9.180,0.000,0.344,0.000,0.000
2441,954.189,14.078,9.492,3.307,0.000,9.148,0.000,0.345,0.000,0.000
2442,954.597,10.238,9.460,3.308,0.000,9.115,0.000,0.345,0.000,0.000
2443,955.005,17.066,9.427,3.309,0.000,9.082,0.000,0.345,0.000,0.000
2444,955.413,5.279,9.395,3.310,0.000,9.050,0.000,0.345,0.000,0.000
2445,955.820,14.065,9.363,3.310,0.000,9.018,0.000,0.345,0.000,0.000
2446,956.228,16.904,9.331,3.311,0.000,8.986,0.000,0.345,0.000,0.000
2447,956.636,0.811,9.299,3.312,0.000,8.954,0.000,0.345,0.000,0.000
2448,957.044,9.983,9.268,3.313,0.000,8.922,0.000,0.345,0.000,0.000
2449,957.452,14.509,9.236,3.313,0.000,8.891,0.000,0.346,0.000,0.000
2450,957.859,9.000,9.205,3.314,0.000,8.860,0.000,0.346,0.000,0.000
2451,958.267,13.005,9.175,3.315,0.000,8.829,0.000,0.346,0.000,0.000
2452,958.675,9.192,9.144,3.316,0.000,8.798,0.000,0.346,0.000,0.000
2453,959.083,9.936,9.114,3.317,0.000,8.768,0.000,0.346,0.000,0.000
2454,959.491,4.314,9.084,3.317,0.000,8.738,0.000,0.346,0.000,0.000
2455,959.899,13.512,9.055,3.318,0.000,8.708,0.000,0.346,0.000,0.000
2456,960.307,2.634,9.026,3.319,0.000,8.679,0.000,0.346,0.000,0.000
2457,960.715,15.606,8.997,3.320,0.000,8.650,0.000,0.347,0.000,0.000
2458,961.122,7.716,8.969,3.320,0.000,8.622,0.000,0.347,0.000,0.000
2459,961.530,10.379,8.940,3.321,0.000,8.594,0.000,0.347,0.000,0.000
2460,961.938,6.507,8.913,3.322,0.000,8.566,0.000,0.347,0.000,0.000
2461,962.346,13.267,8.886,3.323,0.000,8.538,0.000,0.347,0.000,0.000
2462,962.754,8.940,8.859,3.324,0.000,8.512,0.000,0.347,0.000,0.000
2463,963.162,4.374,8.832,3.324,0.000,8.485,0.000,0.347,0.000,0.000
2464,963.570,4.048,8.807,3.325,0.000,8.459,0.000,0.348,0.000,0.000
2465,963.978,9.747,8.781,3.326,0.000,8.433,0.000,0.348,0.000,0.000
2466,964.386,0.000,8.756,3.327,0.000,8.408,0.000,0.348,0.000,0.000
2467,964.794,13.830,8.731,3.327,0.000,8.383,0.000,0.348,0.000,0.000
2468,965.202,6.296,8.707,3.328,0.000,8.359,0.000,0.348,0.000,0.000
2469,965.610,5.064,8.684,3.329,0.000,8.335,0.000,0.348,0.000,0.000
2470,966.018,8.262,8.660,3.330,0.000,8.312,0.000,0.349,0.000,0.000
2471,966.426,9.677,8.638,3.331,0.000,8.289,0.000,0.349,0.000,0.000
2472,966.834,11.319,8.615,3.331,0.000,8.266,0.000,0.349,0.000,0.000
2473,967.242,7.326,8.593,3.332,0.000,8.244,0.000,0.349,0.000,0.000
2474,967.650,9.872,8.572,3.333,0.000,8.223,0.000,0.349,0.000,0.000
2475,968.058,6.608,8.551,3.334,0.000,8.202,0.000,0.349,0.000,0.000
2476,968.467,8.256,8.531,3.334,0.000,8.181,0.000,0.349,0.000,0.000
2477,968.875,8.204,8.511,3.335,0.000,8.161,0.000,0.350,0.000,0.000
2478,969.283,16.963,8.492,3.336,0.000,8.142,0.000,0.350,0.000,0.000
2479,969.691,11.366,8.473,3.337,0.000,8.123,0.000,0.350,0.000,0.000
2480,970.099,12.259,8.454,3.338,0.000,8.104,0.000,0.350,0.000,0.000
2481,970.507,11.386,8.436,3.338,0.000,8.086,0.000,0.350,0.000,0.000
2482,970.915,8.441,8.418,3.339,0.000,8.068,0.000,0.350,0.000,0.000
2483,971.323,12.392,8.401,3.340,0.000,8.051,0.000,0.351,0.000,0.000
2484,971.732,15.625,8.385,3.341,0.000,8.034,0.000,0.351,0.000,0.000
2485,972.140,2.806,8.369,3.341,0.000,8.018,0.000,0.351,0.000,0.000
2486,972.548,4.715,8.353,3.342,0.000,8.002,0.000,0.351,0.000,0.000
2487,972.956,7.935,8.338,3.343,0.000,7.986,0.000,0.351,0.000,0.000
2488,973.364,8.702,8.323,3.344,0.000,7.971,0.000,0.351,0.000,0.000
2489,973.772,2.750,8.308,3.345,0.000,7.957,0.000,0.352,0.000,0.000
2490,974.181,9.808,8.294,3.345,0.000,7.943,0.000,0.352,0.000,0.000
2491,974.589,6.491,8.281,3.346,0.000,7.929,0.000,0.352,0.000,0.000
2492,974.997,8.223,8.268,3.347,0.000,7.916,0.000,0.352,0.000,0.000
2493,975.405,13.600,8.255,3.348,0.000,7.903,0.000,0.352,0.000,0.000
2494,975.814,10.900,8.243,3.348,0.000,7.890,0.000,0.353,0.000,0.000
2495,976.222,12.299,8.231,3.349,0.000,7.878,0.000,0.353,0.000,0.000
2496,976.630,9.675,8.219,3.350,0.000,7.866,0.000,0.353,0.000,0.000
2497,977.038,6.128,8.208,3.351,0.000,7.855,0.000,0.353,0.000,0.000
2498,977.447,3.942,8.197,3.352,0.000,7.844,0.000,0.353,0.000,0.000
2499,977.855,6.141,8.187,3.352,0.000,7.834,0.000,0.353,0.000,0.000
2500,978.263,9.762,8.177,3.353,0.000,7.823,0.000,0.354,0.000,0.000
2501,978.672,15.346,8.167,3.354,0.000,7.814,0.000,0.354,0.000,0.000
2502,979.080,7.368,8.158,3.355,0.000,7.804,0.000,0.354,0.000,0.000
2503,979.488,0.577,8.149,3.355,0.000,7.795,0.000,0.354,0.000,0.000
2504,979.897,10.242,8.140,3.356,0.000,7.786,0.000,0.354,0.000,0.000
2505,980.305,4.988,8.132,3.357,0.000,7.777,0.000,0.355,0.000,0.000
2506,980.713,9.211,8.124,3.358,0.000,7.769,0.000,0.355,0.000,0.000
2507,981.122,4.027,8.116,3.359,0.000,7.761,0.000,0.355,0.000,0.000
2508,981.530,10.586,8.109,3.359,0.000,7.754,0.000,0.355,0.000,0.000
2509,981.939,8.242,8.101,3.360,0.000,7.746,0.000,0.355,0.000,0.000
2510,982.347,4.145,8.095,3.361,0.000,7.739,0.000,0.355,0.000,0.000
2511,982.755,3.715,8.088,3.362,0.000,7.732,0.000,0.356,0.000,0.000
2512,983.164,7.211,8.082,3.362,0.000,7.726,0.000,0.356,0.000,0.000
2513,983.572,7.119,8.075,3.363,0.000,7.719,0.000,0.356,0.000,0.000
2514,983.981,5.314,8.069,3.364,0.000,7.713,0.000,0.356,0.000,0.000
2515,984.389,4.001,8.064,3.365,0.000,7.707,0.000,0.356,0.000,0.000
2516,984.798,4.360,8.058,3.366,0.000,7.702,0.000,0.357,0.000,0.000
2517,985.206,5.039,8.053,3.366,0.000,7.696,0.000,0.357,0.000,0.000
2518,985.615,7.857,8.048,3.367,0.000,7.691,0.000,0.357,0.000,0.000
2519,986.023,12.602,8.043,3.368,0.000,7.686,0.000,0.357,0.000,0.000
2520,986.432,5.646,8.039,3.369,0.000,7.681,0.000,0.357,0.000,0.000
2521,986.840,11.100,8.034,3.369,0.000,7.677,0.000,0.357,0.000,0.000
2522,987.249,6.457,8.030,3.370,0.000,7.672,0.000,0.358,0.000,0.000
2523,987.657,10.157,8.026,3.371,0.000,7.668,0.000,0.358,0.000,0.000
2524,988.066,9.039,8.022,3.372,0.000,7.664,0.000,0.358,0.000,0.000
2525,988.474,4.892,8.018,3.373,0.000,7.660,0.000,0.358,0.000,0.000
2526,988.883,6.242,8.014,3.373,0.000,7.656,0.000,0.358,0.000,0.000
2527,989.291,15.769,8.011,3.374,0.000,7.652,0.000,0.359,0.000,0.000
2528,989.700,5.392,8.007,3.375,0.000,7.648,0.000,0.359,0.000,0.000
2529,990.108,9.339,8.004,3.376,0.000,7.645,0.000,0.359,0.000,0.000
2530,990.517,4.878,8.001,3.376,0.000,7.641,0.000,0.359,0.000,0.000
2531,990.926,11.946,7.997,3.377,0.000,7.638,0.000,0.359,0.000,0.000
2532,991.334,14.068,7.994,3.378,0.000,7.635,0.000,0.359,0.000,0.000
2533,991.743,5.961,7.991,3.379,0.000,7.632,0.000,0.360,0.000,0.000
2534,992.151,8.213,7.989,3.380,0.000,7.629,0.000,0.360,0.000,0.000
2535,992.560,3.297,7.986,3.380,0.000,7.626,0.000,0.360,0.000,0.000
2536,992.969,3.604,7.983,3.381,0.000,7.623,0.000,0.360,0.000,0.000
2537,993.377,17.938,7.980,3.382,0.000,7.620,0.000,0.360,0.000,0.000
2538,993.786,13.317,7.978,3.383,0.000,7.617,0.000,0.361,0.000,0.000
2539,994.195,7.007,7.975,3.383,0.000,7.615,0.000,0.361,0.000,0.000
2540,994.603,8.415,7.973,3.384,0.000,7.612,0.000,0.361,0.000,0.000
2541,995.012,4.945,7.970,3.385,0.000,7.609,0.000,0.361,0.000,0.000
2542,995.421,6.592,7.968,3.386,0.000,7.607,0.000,0.361,0.000,0.000
2543,995.829,4.767,7.966,3.387,0.000,7.604,0.000,0.361,0.000,0.000
2544,996.238,5.788,7.963,3.387,0.000,7.602,0.000,0.362,0.000,0.000
2545,996.647,4.720,7.961,3.388,0.000,7.599,0.000,0.362,0.000,0.000
2546,997.056,15.567,7.959,3.389,0.000,7.597,0.000,0.362,0.000,0.000
2547,997.464,2.294,7.956,3.390,0.000,7.594,0.000,0.362,0.000,0.000
2548,997.873,6.236,7.954,3.390,0.000,7.592,0.000,0.362,0.000,0.000
2549,998.282,10.131,7.952,3.391,0.000,7.589,0.000,0.362,0.000,0.000
2550,998.691,2.380,7.949,3.392,0.000,7.587,0.000,0.363,0.000,0.000
2551,999.099,12.191,7.947,3.393,0.000,7.584,0.000,0.363,0.000,0.000
2552,999.508,4.943,7.945,3.394,0.000,7.582,0.000,0.363,0.000,0.000
2553,999.917,4.971,7.942,3.394,0.000,7.579,0.000,0.363,0.000,0.000
2554,1000.326,4.209,7.940,3.395,0.000,7.577,0.000,0.363,0.000,0.000
2555,1000.735,1.806,7.938,3.396,0.000,7.574,0.000,0.363,0.000,0.000
2556,1001.144,9.723,7.935,3.397,0.000,7.572,0.000,0.364,0.000,0.000
2557,1001.552,0.728,7.933,3.397,0.000,7.569,0.000,0.364,0.000,0.000
2558,1001.961,6.928,7.930,3.398,0.000,7.566,0.000,0.364,0.000,0.000
2559,1002.370,2.399,7.928,3.399,0.000,7.564,0.000,0.364,0.000,0.000
2560,1002.779,14.333,7.925,3.400,0.000,7.561,0.000,0.364,0.000,0.000
2561,1003.188,11.816,7.923,3.401,0.000,7.558,0.000,0.364,0.000,0.000
2562,1003.597,2.206,7.920,3.401,0.000,7.556,0.000,0.365,0.000,0.000
2563,1004.006,8.654,7.918,3.402,0.000,7.553,0.000,0.365,0.000,0.000
2564,1004.415,2.201,7.915,3.403,0.000,7.550,0.000,0.365,0.000,0.000
2565,1004.823,5.054,7.912,3.404,0.000,7.547,0.000,0.365,0.000,0.000
2566,1005.232,9.288,7.910,3.404,0.000,7.544,0.000,0.365,0.000,0.000
2567,1005.641,10.800,7.907,3.405,0.000,7.541,0.000,0.365,0.000,0.000
2568,1006.050,8.194,7.904,3.406,0.000,7.538,0.000,0.365,0.000,0.000
2569,1006.459,5.374,7.901,3.407,0.000,7.535,0.000,0.366,0.000,0.000
2570,1006.868,6.975,7.898,3.408,0.000,7.532,0.000,0.366,0.000,0.000
2571,1007.277,4.882,7.895,3.408,0.000,7.529,0.000,0.366,0.000,0.000
2572,1007.686,17.424,7.892,3.409,0.000,7.526,0.000,0.366,0.000,0.000
2573,1008.095,4.543,7.889,3.410,0.000,7.523,0.000,0.366,0.000,0.000
2574,1008.504,0.309,7.886,3.411,0.000,7.519,0.000,0.366,0.000,0.000
2575,1008.913,8.513,7.883,3.411,0.000,7.516,0.000,0.367,0.000,0.000
2576,1009.322,13.970,7.879,3.412,0.000,7.513,0.000,0.367,0.000,0.000
2577,1009.731,5.736,7.876,3.413,0.000,7.509,0.000,0.367,0.000,0.000
2578,1010.140,8.226,7.873,3.414,0.000,7.506,0.000,0.367,0.000,0.000
2579,1010.549,0.000,7.869,3.415,0.000,7.502,0.000,0.367,0.000,0.000
2580,1010.958,0.215,7.866,3.415,0.000,7.499,0.000,0.367,0.000,0.000
2581,1011.367,10.761,7.862,3.416,0.000,7.495,0.000,0.367,0.000,0.000
2582,1011.776,6.402,7.859,3.417,0.000,7.491,0.000,0.368,0.000,0.000
2583,1012.185,9.684,7.855,3.418,0.000,7.488,0.000,0.368,0.000,0.000
2584,1012.594,9.088,7.851,3.418,0.000,7.484,0.000,0.368,0.000,0.000
2585,1013.004,6.322,7.848,3.419,0.000,7.480,0.000,0.368,0.000,0.000
2586,1013.413,4.695,7.844,3.420,0.000,7.476,0.000,0.368,0.000,0.000
2587,1013.822,3.066,7.840,3.421,0.000,7.472,0.000,0.368,0.000,0.000
2588,1014.231,6.303,7.836,3.422,0.000,7.468,0.000,0.368,0.000,0.000
2589,1014.640,3.247,7.832,3.422,0.000,7.464,0.000,0.368,0.000,0.000
2590,1015.049,2.087,7.828,3.423,0.000,7.460,0.000,0.369,0.000,0.000
2591,1015.458,7.115,7.824,3.424,0.000,7.456,0.000,0.369,0.000,0.000
2592,1015.867,7.654,7.820,3.425,0.000,7.451,0.000,0.369,0.000,0.000
2593,1016.277,11.145,7.816,3.425,0.000,7.447,0.000,0.369,0.000,0.000
2594,1016.686,6.300,7.812,3.426,0.000,7.443,0.000,0.369,0.000,0.000
2595,1017.095,4.389,7.808,3.427,0.000,7.439,0.000,0.369,0.000,0.000
2596,1017.504,9.800,7.804,3.428,0.000,7.434,0.000,0.369,0.000,0.000
2597,1017.913,6.735,7.799,3.429,0.000,7.430,0.000,0.369,0.000,0.000
2598,1018.323,4.955,7.795,3.429,0.000,7.425,0.000,0.370,0.000,0.000
2599,1018.732,8.765,7.791,3.430,0.000,7.421,0.000,0.370,0.000,0.000
2600,1019.141,4.592,7.786,3.431,0.000,7.416,0.000,0.370,0.000,0.000
2601,1019.550,7.204,7.782,3.432,0.000,7.412,0.000,0.370,0.000,0.000
2602,1019.960,7.603,7.777,3.432,0.000,7.407,0.000,0.370,0.000,0.000
2603,1020.369,8.032,7.773,3.433,0.000,7.403,0.000,0.370,0.000,0.000
2604,1020.778,5.231,7.768,3.434,0.000,7.398,0.000,0.370,0.000,0.000
2605,1021.187,9.019,7.764,3.435,0.000,7.393,0.000,0.370,0.000,0.000
2606,1021.597,8.606,7.759,3.436,0.000,7.389,0.000,0.371,0.000,0.000
2607,1022.006,4.348,7.755,3.436,0.000,7.384,0.000,0.371,0.000,0.000
2608,1022.415,5.779,7.750,3.437,0.000,7.379,0.000,0.371,0.000,0.000
2609,1022.825,6.890,7.746,3.438,0.000,7.375,0.000,0.371,0.000,0.000
2610,1023.234,12.360,7.741,3.439,0.000,7.370,0.000,0.371,0.000,0.000
2611,1023.643,7.099,7.736,3.439,0.000,7.365,0.000,0.371,0.000,0.000
2612,1024.053,10.028,7.732,3.440,0.000,7.360,0.000,0.371,0.000,0.000
2613,1024.462,7.111,7.727,3.441,0.000,7.356,0.000,0.371,0.000,0.000
2614,1024.871,10.208,7.722,3.442,0.000,7.351,0.000,0.371,0.000,0.000
2615,1025.281,4.262,7.718,3.443,0.000,7.346,0.000,0.372,0.000,0.000
2616,1025.690,2.343,7.713,3.443,0.000,7.341,0.000,0.372,0.000,0.000
2617,1026.099,8.930,7.708,3.444,0.000,7.337,0.000,0.372,0.000,0.000
2618,1026.509,5.693,7.704,3.445,0.000,7.332,0.000,0.372,0.000,0.000
2619,1026.918,16.247,7.699,3.446,0.000,7.327,0.000,0.372,0.000,0.000
2620,1027.328,11.017,7.695,3.446,0.000,7.322,0.000,0.372,0.000,0.000
2621,1027.737,7.314,7.690,3.447,0.000,7.318,0.000,0.372,0.000,0.000
2622,1028.146,8.462,7.685,3.448,0.000,7.313,0.000,0.372,0.000,0.000
2623,1028.556,9.798,7.681,3.449,0.000,7.308,0.000,0.372,0.000,0.000
2624,1028.965,8.001,7.676,3.450,0.000,7.304,0.000,0.373,0.000,0.000
2625,1029.375,2.194,7.672,3.450,0.000,7.299,0.000,0.373,0.000,0.000
2626,1029.784,10.736,7.667,3.451,0.000,7.294,0.000,0.373,0.000,0.000
2627,1030.194,5.676,7.663,3.452,0.000,7.290,0.000,0.373,0.000,0.000
2628,1030.603,10.395,7.658,3.453,0.000,7.285,0.000,0.373,0.000,0.000
2629,1031.013,2.389,7.654,3.453,0.000,7.281,0.000,0.373,0.000,0.000
2630,1031.422,5.722,7.649,3.454,0.000,7.276,0.000,0.373,0.000,0.000
2631,1031.832,11.015,7.645,3.455,0.000,7.272,0.000,0.373,0.000,0.000
2632,1032.241,3.763,7.641,3.456,0.000,7.267,0.000,0.374,0.000,0.000
2633,1032.651,5.615,7.636,3.457,0.000,7.263,0.000,0.374,0.000,0.000
2634,1033.060,10.100,7.632,3.457,0.000,7.259,0.000,0.374,0.000,0.000
2635,1033.470,5.946,7.628,3.458,0.000,7.254,0.000,0.374,0.000,0.000
2636,1033.879,7.129,7.624,3.459,0.000,7.250,0.000,0.374,0.000,0.000
2637,1034.289,7.519,7.620,3.460,0.000,7.246,0.000,0.374,0.000,0.000
2638,1034.699,5.259,7.616,3.460,0.000,7.242,0.000,0.374,0.000,0.000
2639,1035.108,8.681,7.612,3.461,0.000,7.238,0.000,0.374,0.000,0.000
2640,1035.518,3.501,7.608,3.462,0.000,7.234,0.000,0.374,0.000,0.000
2641,1035.927,8.423,7.604,3.463,0.000,7.230,0.000,0.375,0.000,0.000
2642,1036.337,4.786,7.601,3.463,0.000,7.226,0.000,0.375,0.000,0.000
2643,1036.747,2.948,7.597,3.464,0.000,7.222,0.000,0.375,0.000,0.000
2644,1037.156,1.389,7.593,3.465,0.000,7.219,0.000,0.375,0.000,0.000
2645,1037.566,2.964,7.590,3.466,0.000,7.215,0.000,0.375,0.000,0.000
2646,1037.976,8.355,7.587,3.467,0.000,7.211,0.000,0.375,0.000,0.000
2647,1038.385,8.171,7.583,3.467,0.000,7.208,0.000,0.375,0.000,0.000
2648,1038.795,6.142,7.580,3.468,0.000,7.205,0.000,0.375,0.000,0.000
2649,1039.205,7.107,7.577,3.469,0.000,7.201,0.000,0.376,0.000,0.000
2650,1039.614,5.863,7.574,3.470,0.000,7.198,0.000,0.376,0.000,0.000
2651,1040.024,11.280,7.571,3.470,0.000,7.195,0.000,0.376,0.000,0.000
2652,1040.434,5.805,7.568,3.471,0.000,7.192,0.000,0.376,0.000,0.000
2653,1040.843,12.849,7.566,3.472,0.000,7.190,0.000,0.376,0.000,0.000
2654,1041.253,6.154,7.563,3.473,0.000,7.187,0.000,0.376,0.000,0.000
2655,1041.663,9.516,7.561,3.474,0.000,7.184,0.000,0.376,0.000,0.000
2656,1042.072,9.103,7.559,3.474,0.000,7.182,0.000,0.377,0.000,0.000
2657,1042.482,4.913,7.556,3.475,0.000,7.180,0.000,0.377,0.000,0.000
2658,1042.892,11.141,7.554,3.476,0.000,7.177,0.000,0.377,0.000,0.000
2659,1043.302,11.082,7.553,3.477,0.000,7.175,0.000,0.377,0.000,0.000
2660,1043.712,3.601,7.551,3.477,0.000,7.174,0.000,0.377,0.000,0.000
2661,1044.121,3.138,7.549,3.478,0.000,7.172,0.000,0.377,0.000,0.000
2662,1044.531,5.175,7.548,3.479,0.000,7.170,0.000,0.378,0.000,0.000
2663,1044.941,4.649,7.547,3.480,0.000,7.169,0.000,0.378,0.000,0.000
2664,1045.351,8.742,7.546,3.481,0.000,7.168,0.000,0.378,0.000,0.000
2665,1045.761,14.248,7.545,3.481,0.000,7.167,0.000,0.378,0.000,0.000
2666,1046.170,11.120,7.544,3.482,0.000,7.166,0.000,0.378,0.000,0.000
2667,1046.580,0.000,7.544,3.483,0.000,7.165,0.000,0.378,0.000,0.000
2668,1046.990,6.140,7.543,3.484,0.000,7.165,0.000,0.379,0.000,0.000
2669,1047.400,8.460,7.543,3.484,0.000,7.165,0.000,0.379,0.000,0.000
2670,1047.810,9.110,7.543,3.485,0.000,7.164,0.000,0.379,0.000,0.000
2671,1048.220,7.409,7.544,3.486,0.000,7.165,0.000,0.379,0.000,0.000
2672,1048.629,4.212,7.544,3.487,0.000,7.165,0.000,0.379,0.000,0.000
2673,1049.039,19.646,7.545,3.488,0.000,7.166,0.000,0.379,0.000,0.000
2674,1049.449,6.585,7.546,3.488,0.000,7.166,0.000,0.380,0.000,0.000
2675,1049.859,16.735,7.547,3.489,0.000,7.168,0.000,0.380,0.000,0.000
2676,1050.269,7.229,7.549,3.490,0.000,7.169,0.000,0.380,0.000,0.000
2677,1050.679,8.311,7.551,3.491,0.000,7.171,0.000,0.380,0.000,0.000
2678,1051.089,10.056,7.553,3.491,0.000,7.172,0.000,0.380,0.000,0.000
2679,1051.499,13.131,7.555,3.492,0.000,7.175,0.000,0.381,0.000,0.000
2680,1051.909,2.315,7.558,3.493,0.000,7.177,0.000,0.381,0.000,0.000
2681,1052.319,4.038,7.561,3.494,0.000,7.180,0.000,0.381,0.000,0.000
2682,1052.729,7.381,7.564,3.495,0.000,7.183,0.000,0.381,0.000,0.000
2683,1053.139,6.505,7.568,3.495,0.000,7.186,0.000,0.382,0.000,0.000
2684,1053.549,3.887,7.572,3.496,0.000,7.190,0.000,0.382,0.000,0.000
2685,1053.959,6.114,7.576,3.497,0.000,7.194,0.000,0.382,0.000,0.000
2686,1054.369,5.174,7.581,3.498,0.000,7.199,0.000,0.382,0.000,0.000
2687,1054.779,0.728,7.586,3.498,0.000,7.203,0.000,0.383,0.000,0.000
2688,1055.189,5.041,7.591,3.499,0.000,7.209,0.000,0.383,0.000,0.000
2689,1055.599,0.666,7.597,3.500,0.000,7.214,0.000,0.383,0.000,0.000
2690,1056.009,1.065,7.603,3.501,0.000,7.220,0.000,0.383,0.000,0.000
2691,1056.419,11.531,7.610,3.502,0.000,7.226,0.000,0.384,0.000,0.000
2692,1056.829,2.724,7.617,3.502,0.000,7.233,0.000,0.384,0.000,0.000
2693,1057.239,5.608,7.625,3.503,0.000,7.240,0.000,0.384,0.000,0.000
2694,1057.649,13.880,7.633,3.504,0.000,7.248,0.000,0.384,0.000,0.000
2695,1058.059,6.886,7.641,3.505,0.000,7.256,0.000,0.385,0.000,0.000
2696,1058.469,3.995,7.650,3.505,0.000,7.265,0.000,0.385,0.000,0.000
2697,1058.879,9.633,7.659,3.506,0.000,7.274,0.000,0.385,0.000,0.000
2698,1059.289,10.898,7.669,3.507,0.000,7.284,0.000,0.386,0.000,0.000
2699,1059.700,13.289,7.680,3.508,0.000,7.294,0.000,0.386,0.000,0.000
2700,1060.110,2.546,7.691,3.509,0.000,7.304,0.000,0.386,0.000,0.000
2701,1060.520,19.995,7.702,3.509,0.000,7.316,0.000,0.387,0.000,0.000
2702,1060.930,0.352,7.714,3.510,0.000,7.327,0.000,0.387,0.000,0.000
2703,1061.340,6.704,7.727,3.511,0.000,7.340,0.000,0.387,0.000,0.000
2704,1061.750,10.395,7.740,3.512,0.000,7.353,0.000,0.388,0.000,0.000
2705,1062.161,4.651,7.754,3.512,0.000,7.366,0.000,0.388,0.000,0.000
2706,1062.571,7.475,7.769,3.513,0.000,7.380,0.000,0.388,0.000,0.000
2707,1062.981,6.260,7.784,3.514,0.000,7.395,0.000,0.389,0.000,0.000
2708,1063.391,11.319,7.799,3.515,0.000,7.411,0.000,0.389,0.000,0.000
2709,1063.801,7.649,7.816,3.516,0.000,7.427,0.000,0.389,0.000,0.000
2710,1064.211,3.684,7.833,3.516,0.000,7.444,0.000,0.390,0.000,0.000
2711,1064.622,7.001,7.851,3.517,0.000,7.461,0.000,0.390,0.000,0.000
2712,1065.032,3.055,7.870,3.518,0.000,7.479,0.000,0.390,0.000,0.000
2713,1065.442,4.447,7.889,3.519,0.000,7.498,0.000,0.391,0.000,0.000
2714,1065.852,3.789,7.909,3.519,0.000,7.518,0.000,0.391,0.000,0.000
2715,1066.263,11.752,7.930,3.520,0.000,7.539,0.000,0.392,0.000,0.000
2716,1066.673,13.094,7.952,3.521,0.000,7.560,0.000,0.392,0.000,0.000
2717,1067.083,6.794,7.974,3.522,0.000,7.582,0.000,0.392,0.000,0.000
2718,1067.494,8.719,7.998,3.523,0.000,7.605,0.000,0.393,0.000,0.000
2719,1067.904,7.682,8.022,3.523,0.000,7.629,0.000,0.393,0.000,0.000
2720,1068.314,10.243,8.047,3.524,0.000,7.653,0.000,0.394,0.000,0.000
2721,1068.724,14.704,8.073,3.525,0.000,7.679,0.000,0.394,0.000,0.000
2722,1069.135,0.000,8.100,3.526,0.000,7.705,0.000,0.394,0.000,0.000
2723,1069.545,5.780,8.128,3.526,0.000,7.733,0.000,0.395,0.000,0.000
2724,1069.955,4.698,8.156,3.527,0.000,7.761,0.000,0.395,0.000,0.000
2725,1070.366,6.938,8.186,3.528,0.000,7.790,0.000,0.396,0.000,0.000
2726,1070.776,9.963,8.217,3.529,0.000,7.820,0.000,0.396,0.000,0.000
2727,1071.187,1.813,8.248,3.530,0.000,7.851,0.000,0.397,0.000,0.000
2728,1071.597,7.274,8.281,3.530,0.000,7.884,0.000,0.397,0.000,0.000
2729,1072.007,6.026,8.314,3.531,0.000,7.917,0.000,0.398,0.000,0.000
2730,1072.418,15.440,8.349,3.532,0.000,7.951,0.000,0.398,0.000,0.000
2731,1072.828,1.957,8.385,3.533,0.000,7.986,0.000,0.399,0.000,0.000
2732,1073.238,5.462,8.421,3.533,0.000,8.022,0.000,0.399,0.000,0.000
2733,1073.649,18.472,8.459,3.534,0.000,8.060,0.000,0.400,0.000,0.000
2734,1074.059,3.687,8.498,3.535,0.000,8.098,0.000,0.400,0.000,0.000
2735,1074.470,8.730,8.538,3.536,0.000,8.137,0.000,0.401,0.000,0.000
2736,1074.880,6.549,8.579,3.537,0.000,8.178,0.000,0.401,0.000,0.000
2737,1075.291,13.725,8.621,3.537,0.000,8.220,0.000,0.402,0.000,0.000
2738,1075.701,4.934,8.665,3.538,0.000,8.262,0.000,0.402,0.000,0.000
2739,1076.112,6.342,8.709,3.539,0.000,8.306,0.000,0.403,0.000,0.000
2740,1076.522,3.070,8.755,3.540,0.000,8.352,0.000,0.403,0.000,0.000
2741,1076.933,10.935,8.801,3.540,0.000,8.398,0.000,0.404,0.000,0.000
2742,1077.343,9.152,8.849,3.541,0.000,8.445,0.000,0.404,0.000,0.000
2743,1077.754,8.395,8.898,3.542,0.000,8.494,0.000,0.405,0.000,0.000
2744,1078.164,6.626,8.949,3.543,0.000,8.544,0.000,0.405,0.000,0.000
2745,1078.575,13.368,9.000,3.544,0.000,8.594,0.000,0.406,0.000,0.000
2746,1078.985,5.579,9.053,3.544,0.000,8.647,0.000,0.406,0.000,0.000
2747,1079.396,11.554,9.107,3.545,0.000,8.700,0.000,0.407,0.000,0.000
2748,1079.806,9.330,9.162,3.546,0.000,8.754,0.000,0.407,0.000,0.000
2749,1080.217,12.733,9.218,3.547,0.000,8.810,0.000,0.408,0.000,0.000
2750,1080.627,12.605,9.275,3.547,0.000,8.867,0.000,0.408,0.000,0.000
2751,1081.038,9.111,9.334,3.548,0.000,8.925,0.000,0.409,0.000,0.000
2752,1081.448,9.591,9.394,3.549,0.000,8.984,0.000,0.409,0.000,0.000
2753,1081.859,10.407,9.455,3.550,0.000,9.045,0.000,0.410,0.000,0.000
2754,1082.270,8.810,9.517,3.551,0.000,9.107,0.000,0.410,0.000,0.000
2755,1082.680,10.092,9.580,3.551,0.000,9.169,0.000,0.411,0.000,0.000
2756,1083.091,10.134,9.645,3.552,0.000,9.234,0.000,0.412,0.000,0.000
2757,1083.502,18.465,9.711,3.553,0.000,9.299,0.000,0.412,0.000,0.000
2758,1083.912,5.515,9.778,3.554,0.000,9.365,0.000,0.413,0.000,0.000
2759,1084.323,13.448,9.846,3.554,0.000,9.433,0.000,0.413,0.000,0.000
2760,1084.733,7.320,9.915,3.555,0.000,9.501,0.000,0.414,0.000,0.000
2761,1085.144,10.083,9.985,3.556,0.000,9.571,0.000,0.414,0.000,0.000
2762,1085.555,22.126,10.057,3.557,0.000,9.642,0.000,0.415,0.000,0.000
2763,1085.965,9.972,10.129,3.558,0.000,9.714,0.000,0.415,0.000,0.000
2764,1086.376,6.516,10.203,3.558,0.000,9.787,0.000,0.416,0.000,0.000
2765,1086.787,8.794,10.277,3.559,0.000,9.861,0.000,0.416,0.000,0.000
2766,1087.198,6.728,10.353,3.560,0.000,9.936,0.000,0.417,0.000,0.000
2767,1087.608,11.196,10.430,3.561,0.000,10.012,0.000,0.417,0.000,0.000
2768,1088.019,12.703,10.508,3.561,0.000,10.090,0.000,0.418,0.000,0.000
2769,1088.430,16.114,10.586,3.562,0.000,10.168,0.000,0.418,0.000,0.000
2770,1088.840,5.647,10.666,3.563,0.000,10.247,0.000,0.419,0.000,0.000
2771,1089.251,20.876,10.746,3.564,0.000,10.327,0.000,0.420,0.000,0.000
2772,1089.662,7.024,10.828,3.565,0.000,10.408,0.000,0.420,0.000,0.000
2773,1090.073,4.327,10.910,3.565,0.000,10.489,0.000,0.421,0.000,0.000
2774,1090.484,19.514,10.993,3.566,0.000,10.572,0.000,0.421,0.000,0.000
2775,1090.894,11.787,11.077,3.567,0.000,10.655,0.000,0.422,0.000,0.000
2776,1091.305,16.181,11.161,3.568,0.000,10.739,0.000,0.422,0.000,0.000
2777,1091.716,14.383,11.247,3.568,0.000,10.824,0.000,0.423,0.000,0.000
2778,1092.127,10.384,11.333,3.569,0.000,10.909,0.000,0.423,0.000,0.000
2779,1092.538,6.859,11.419,3.570,0.000,10.996,0.000,0.424,0.000,0.000
2780,1092.948,15.252,11.506,3.571,0.000,11.082,0.000,0.424,0.000,0.000
2781,1093.359,5.610,11.594,3.572,0.000,11.169,0.000,0.425,0.000,0.000
2782,1093.770,6.671,11.682,3.572,0.000,11.257,0.000,0.425,0.000,0.000
2783,1094.181,17.524,11.771,3.573,0.000,11.345,0.000,0.425,0.000,0.000
2784,1094.592,9.938,11.860,3.574,0.000,11.434,0.000,0.426,0.000,0.000
2785,1095.003,10.996,11.949,3.575,0.000,11.523,0.000,0.426,0.000,0.000
2786,1095.413,14.000,12.039,3.575,0.000,11.612,0.000,0.427,0.000,0.000
2787,1095.824,8.636,12.129,3.576,0.000,11.701,0.000,0.427,0.000,0.000
2788,1096.235,18.139,12.219,3.577,0.000,11.791,0.000,0.428,0.000,0.000
2789,1096.646,17.558,12.309,3.578,0.000,11.881,0.000,0.428,0.000,0.000
2790,1097.057,11.498,12.400,3.579,0.000,11.971,0.000,0.429,0.000,0.000
2791,1097.468,11.510,12.490,3.579,0.000,12.061,0.000,0.429,0.000,0.000
2792,1097.879,4.319,12.580,3.580,0.000,12.151,0.000,0.429,0.000,0.000
2793,1098.290,16.390,12.671,3.581,0.000,12.241,0.000,0.430,0.000,0.000
2794,1098.701,11.423,12.761,3.582,0.000,12.330,0.000,0.430,0.000,0.000
2795,1099.112,15.989,12.851,3.582,0.000,12.420,0.000,0.431,0.000,0.000
2796,1099.523,13.895,12.940,3.583,0.000,12.509,0.000,0.431,0.000,0.000
2797,1099.934,11.536,13.030,3.584,0.000,12.598,0.000,0.432,0.000,0.000
2798,1100.345,15.629,13.119,3.585,0.000,12.687,0.000,0.432,0.000,0.000
2799,1100.756,13.570,13.207,3.586,0.000,12.775,0.000,0.432,0.000,0.000
2800,1101.167,19.873,13.295,3.586,0.000,12.863,0.000,0.433,0.000,0.000
2801,1101.578,16.762,13.383,3.587,0.000,12.950,0.000,0.433,0.000,0.000
2802,1101.989,7.670,13.469,3.588,0.000,13.036,0.000,0.433,0.000,0.000
2803,1102.400,15.129,13.555,3.589,0.000,13.122,0.000,0.434,0.000,0.000
2804,1102.811,14.467,13.641,3.589,0.000,13.207,0.000,0.434,0.000,0.000
2805,1103.222,15.995,13.725,3.590,0.000,13.291,0.000,0.435,0.000,0.000
2806,1103.633,11.455,13.809,3.591,0.000,13.374,0.000,0.435,0.000,0.000
2807,1104.044,9.011,13.892,3.592,0.000,13.456,0.000,0.435,0.000,0.000
2808,1104.455,14.503,13.973,3.593,0.000,13.538,0.000,0.436,0.000,0.000
2809,1104.866,13.211,14.054,3.593,0.000,13.618,0.000,0.436,0.000,0.000
2810,1105.277,13.374,14.130,3.591,0.000,13.694,0.000,0.436,0.000,0.000
2811,1105.688,9.893,14.204,3.588,0.000,13.768,0.000,0.436,0.000,0.000
2812,1106.099,10.501,14.278,3.586,0.000,13.842,0.000,0.436,0.000,0.000
2813,1106.510,13.523,14.350,3.583,0.000,13.914,0.000,0.436,0.000,0.000
2814,1106.922,18.109,14.421,3.581,0.000,13.985,0.000,0.436,0.000,0.000
2815,1107.333,17.064,14.490,3.578,0.000,14.054,0.000,0.436,0.000,0.000
2816,1107.744,13.428,14.558,3.575,0.000,14.122,0.000,0.436,0.000,0.000
2817,1108.155,16.203,14.624,3.573,0.000,14.188,0.000,0.436,0.000,0.000
2818,1108.566,24.987,14.689,3.570,0.000,14.253,0.000,0.436,0.000,0.000
2819,1108.977,15.401,14.752,3.568,0.000,14.316,0.000,0.436,0.000,0.000
2820,1109.388,22.331,14.813,3.565,0.000,14.377,0.000,0.436,0.000,0.000
2821,1109.800,14.005,14.872,3.563,0.000,14.436,0.000,0.436,0.000,0.000
2822,1110.211,10.793,14.930,3.560,0.000,14.494,0.000,0.436,0.000,0.000
2823,1110.622,12.823,14.985,3.557,0.000,14.549,0.000,0.436,0.000,0.000
2824,1111.033,11.785,15.039,3.555,0.000,14.603,0.000,0.436,0.000,0.000
2825,1111.444,16.036,15.090,3.552,0.000,14.654,0.000,0.436,0.000,0.000
2826,1111.856,19.458,15.140,3.550,0.000,14.704,0.000,0.436,0.000,0.000
2827,1112.267,16.455,15.187,3.547,0.000,14.751,0.000,0.436,0.000,0.000
2828,1112.678,14.250,15.233,3.545,0.000,14.797,0.000,0.436,0.000,0.000
2829,1113.089,20.733,15.276,3.542,0.000,14.840,0.000,0.436,0.000,0.000
2830,1113.501,16.619,15.317,3.540,0.000,14.881,0.000,0.436,0.000,0.000
2831,1113.912,16.535,15.355,3.537,0.000,14.919,0.000,0.436,0.000,0.000
2832,1114.323,16.204,15.392,3.534,0.000,14.956,0.000,0.436,0.000,0.000
2833,1114.734,21.242,15.426,3.532,0.000,14.990,0.000,0.436,0.000,0.000
2834,1115.146,17.994,15.457,3.529,0.000,15.022,0.000,0.436,0.000,0.000
2835,1115.557,20.694,15.486,3.527,0.000,15.051,0.000,0.436,0.000,0.000
2836,1115.968,11.890,15.513,3.524,0.000,15.078,0.000,0.436,0.000,0.000
2837,1116.380,18.599,15.538,3.522,0.000,15.102,0.000,0.435,0.000,0.000
2838,1116.791,12.165,15.560,3.519,0.000,15.124,0.000,0.435,0.000,0.000
2839,1117.202,15.392,15.579,3.517,0.000,15.144,0.000,0.435,0.000,0.000
2840,1117.614,16.302,15.596,3.514,0.000,15.161,0.000,0.435,0.000,0.000
2841,1118.025,13.845,15.610,3.511,0.000,15.175,0.000,0.435,0.000,0.000
2842,1118.436,12.391,15.622,3.509,0.000,15.187,0.000,0.435,0.000,0.000
2843,1118.848,11.496,15.632,3.506,0.000,15.197,0.000,0.435,0.000,0.000
2844,1119.259,16.120,15.638,3.504,0.000,15.203,0.000,0.435,0.000,0.000
2845,1119.670,20.875,15.643,3.501,0.000,15.208,0.000,0.435,0.000,0.000
2846,1120.082,19.703,15.644,3.499,0.000,15.210,0.000,0.435,0.000,0.000
2847,1120.493,24.745,15.643,3.496,0.000,15.209,0.000,0.435,0.000,0.000
2848,1120.905,21.433,15.640,3.493,0.000,15.205,0.000,0.434,0.000,0.000
2849,1121.316,18.855,15.634,3.491,0.000,15.200,0.000,0.434,0.000,0.000
2850,1121.727,21.268,15.625,3.488,0.000,15.191,0.000,0.434,0.000,0.000
2851,1122.139,15.803,15.614,3.486,0.000,15.180,0.000,0.434,0.000,0.000
2852,1122.550,16.362,15.601,3.483,0.000,15.167,0.000,0.434,0.000,0.000
2853,1122.962,8.579,15.585,3.481,0.000,15.151,0.000,0.434,0.000,0.000
2854,1123.373,10.285,15.566,3.478,0.000,15.132,0.000,0.434,0.000,0.000
2855,1123.785,16.296,15.545,3.476,0.000,15.111,0.000,0.434,0.000,0.000
2856,1124.196,20.841,15.522,3.473,0.000,15.088,0.000,0.434,0.000,0.000
2857,1124.608,17.279,15.496,3.470,0.000,15.062,0.000,0.434,0.000,0.000
2858,1125.019,18.635,15.468,3.468,0.000,15.034,0.000,0.433,0.000,0.000
2859,1125.431,11.121,15.437,3.465,0.000,15.004,0.000,0.433,0.000,0.000
2860,1125.842,12.830,15.404,3.463,0.000,14.971,0.000,0.433,0.000,0.000
2861,1126.254,13.591,15.369,3.460,0.000,14.935,0.000,0.433,0.000,0.000
2862,1126.665,12.323,15.331,3.458,0.000,14.898,0.000,0.433,0.000,0.000
2863,1127.077,18.388,15.291,3.455,0.000,14.858,0.000,0.433,0.000,0.000
2864,1127.488,10.825,15.249,3.452,0.000,14.816,0.000,0.433,0.000,0.000
2865,1127.900,12.343,15.205,3.450,0.000,14.772,0.000,0.433,0.000,0.000
2866,1128.311,21.865,15.159,3.447,0.000,14.726,0.000,0.433,0.000,0.000
2867,1128.723,22.368,15.110,3.445,0.000,14.678,0.000,0.432,0.000,0.000
2868,1129.135,7.322,15.060,3.442,0.000,14.628,0.000,0.432,0.000,0.000
2869,1129.546,6.221,15.008,3.440,0.000,14.575,0.000,0.432,0.000,0.000
2870,1129.958,17.940,14.953,3.437,0.000,14.521,0.000,0.432,0.000,0.000
2871,1130.369,5.492,14.897,3.435,0.000,14.465,0.000,0.432,0.000,0.000
2872,1130.781,11.037,14.839,3.432,0.000,14.407,0.000,0.432,0.000,0.000
2873,1131.193,12.067,14.779,3.429,0.000,14.347,0.000,0.432,0.000,0.000
2874,1131.604,19.907,14.718,3.427,0.000,14.286,0.000,0.432,0.000,0.000
2875,1132.016,11.246,14.654,3.424,0.000,14.223,0.000,0.432,0.000,0.000
2876,1132.427,14.404,14.590,3.422,0.000,14.158,0.000,0.432,0.000,0.000
2877,1132.839,10.008,14.523,3.419,0.000,14.092,0.000,0.431,0.000,0.000
2878,1133.251,19.197,14.455,3.417,0.000,14.024,0.000,0.431,0.000,0.000
2879,1133.662,17.312,14.386,3.414,0.000,13.955,0.000,0.431,0.000,0.000
2880,1134.074,7.825,14.315,3.411,0.000,13.884,0.000,0.431,0.000,0.000
2881,1134.486,18.690,14.243,3.409,0.000,13.812,0.000,0.431,0.000,0.000
2882,1134.897,15.222,14.170,3.406,0.000,13.739,0.000,0.431,0.000,0.000
2883,1135.309,16.614,14.095,3.404,0.000,13.664,0.000,0.431,0.000,0.000
2884,1135.721,11.441,14.020,3.401,0.000,13.589,0.000,0.431,0.000,0.000
2885,1136.133,6.207,13.943,3.399,0.000,13.512,0.000,0.431,0.000,0.000
2886,1136.544,18.812,13.865,3.396,0.000,13.434,0.000,0.430,0.000,0.000
2887,1136.956,6.577,13.786,3.394,0.000,13.356,0.000,0.430,0.000,0.000
2888,1137.368,12.343,13.706,3.391,0.000,13.276,0.000,0.430,0.000,0.000
2889,1137.780,20.158,13.626,3.388,0.000,13.196,0.000,0.430,0.000,0.000
2890,1138.191,18.193,13.545,3.386,0.000,13.115,0.000,0.430,0.000,0.000
2891,1138.603,11.891,13.463,3.383,0.000,13.033,0.000,0.430,0.000,0.000
2892,1139.015,8.990,13.380,3.381,0.000,12.950,0.000,0.430,0.000,0.000
2893,1139.427,17.686,13.296,3.378,0.000,12.867,0.000,0.430,0.000,0.000
2894,1139.838,14.638,13.213,3.376,0.000,12.783,0.000,0.430,0.000,0.000
2895,1140.250,13.359,13.128,3.373,0.000,12.699,0.000,0.430,0.000,0.000
2896,1140.662,16.648,13.043,3.371,0.000,12.614,0.000,0.429,0.000,0.000
2897,1141.074,12.350,12.958,3.368,0.000,12.529,0.000,0.429,0.000,0.000
2898,1141.486,10.843,12.873,3.365,0.000,12.444,0.000,0.429,0.000,0.000
2899,1141.898,8.992,12.787,3.363,0.000,12.358,0.000,0.429,0.000,0.000
2900,1142.309,10.065,12.701,3.360,0.000,12.272,0.000,0.429,0.000,0.000
2901,1142.721,15.919,12.615,3.358,0.000,12.186,0.000,0.429,0.000,0.000
2902,1143.133,9.695,12.529,3.355,0.000,12.100,0.000,0.429,0.000,0.000
2903,1143.545,5.989,12.442,3.353,0.000,12.014,0.000,0.429,0.000,0.000
2904,1143.957,20.493,12.356,3.350,0.000,11.928,0.000,0.429,0.000,0.000
2905,1144.369,6.846,12.270,3.347,0.000,11.842,0.000,0.428,0.000,0.000
2906,1144.781,4.411,12.184,3.345,0.000,11.756,0.000,0.428,0.000,0.000
2907,1145.192,10.151,12.098,3.342,0.000,11.670,0.000,0.428,0.000,0.000
2908,1145.604,13.929,12.012,3.340,0.000,11.584,0.000,0.428,0.000,0.000
2909,1146.016,14.201,11.927,3.337,0.000,11.499,0.000,0.428,0.000,0.000
2910,1146.428,20.802,11.841,3.335,0.000,11.413,0.000,0.428,0.000,0.000
2911,1146.840,7.816,11.756,3.332,0.000,11.329,0.000,0.428,0.000,0.000
2912,1147.252,11.953,11.672,3.330,0.000,11.244,0.000,0.428,0.000,0.000
2913,1147.664,7.442,11.588,3.327,0.000,11.160,0.000,0.428,0.000,0.000
2914,1148.076,12.576,11.504,3.324,0.000,11.076,0.000,0.428,0.000,0.000
2915,1148.488,12.758,11.421,3.322,0.000,10.993,0.000,0.427,0.000,0.000
2916,1148.900,13.941,11.338,3.319,0.000,10.911,0.000,0.427,0.000,0.000
2917,1149.312,15.279,11.256,3.317,0.000,10.829,0.000,0.427,0.000,0.000
2918,1149.724,11.655,11.174,3.314,0.000,10.747,0.000,0.427,0.000,0.000
2919,1150.136,7.046,11.093,3.312,0.000,10.666,0.000,0.427,0.000,0.000
2920,1150.548,15.333,11.013,3.309,0.000,10.586,0.000,0.427,0.000,0.000
2921,1150.960,12.299,10.933,3.306,0.000,10.506,0.000,0.427,0.000,0.000
2922,1151.372,11.800,10.854,3.304,0.000,10.428,0.000,0.427,0.000,0.000
2923,1151.784,7.952,10.776,3.301,0.000,10.349,0.000,0.427,0.000,0.000
2924,1152.196,16.076,10.698,3.299,0.000,10.272,0.000,0.426,0.000,0.000
2925,1152.608,16.930,10.622,3.296,0.000,10.195,0.000,0.426,0.000,0.000
2926,1153.020,7.275,10.546,3.294,0.000,10.119,0.000,0.426,0.000,0.000
2927,1153.432,13.134,10.471,3.291,0.000,10.044,0.000,0.426,0.000,0.000
2928,1153.844,5.822,10.396,3.289,0.000,9.970,0.000,0.426,0.000,0.000
2929,1154.256,11.411,10.323,3.286,0.000,9.897,0.000,0.426,0.000,0.000
2930,1154.668,15.888,10.250,3.283,0.000,9.824,0.000,0.426,0.000,0.000
2931,1155.081,7.827,10.178,3.281,0.000,9.753,0.000,0.426,0.000,0.000
2932,1155.493,11.113,10.108,3.278,0.000,9.682,0.000,0.426,0.000,0.000
2933,1155.905,3.333,10.038,3.276,0.000,9.612,0.000,0.426,0.000,0.000
2934,1156.317,9.487,9.969,3.273,0.000,9.543,0.000,0.425,0.000,0.000
2935,1156.729,7.130,9.900,3.271,0.000,9.475,0.000,0.425,0.000,0.000
2936,1157.141,6.185,9.833,3.268,0.000,9.408,0.000,0.425,0.000,0.000
2937,1157.553,10.227,9.767,3.265,0.000,9.342,0.000,0.425,0.000,0.000
2938,1157.966,2.793,9.702,3.263,0.000,9.277,0.000,0.425,0.000,0.000
2939,1158.378,6.899,9.637,3.260,0.000,9.212,0.000,0.425,0.000,0.000
2940,1158.790,7.898,9.574,3.258,0.000,9.149,0.000,0.425,0.000,0.000
2941,1159.202,9.231,9.511,3.255,0.000,9.087,0.000,0.425,0.000,0.000
2942,1159.614,7.005,9.450,3.253,0.000,9.025,0.000,0.425,0.000,0.000
2943,1160.026,10.166,9.389,3.250,0.000,8.965,0.000,0.424,0.000,0.000
2944,1160.439,4.335,9.330,3.248,0.000,8.906,0.000,0.424,0.000,0.000
2945,1160.851,2.564,9.271,3.245,0.000,8.847,0.000,0.424,0.000,0.000
2946,1161.263,17.885,9.214,3.242,0.000,8.789,0.000,0.424,0.000,0.000
2947,1161.675,8.103,9.157,3.240,0.000,8.733,0.000,0.424,0.000,0.000
2948,1162.088,12.604,9.101,3.237,0.000,8.677,0.000,0.424,0.000,0.000
2949,1162.500,13.968,9.046,3.235,0.000,8.623,0.000,0.424,0.000,0.000
2950,1162.912,9.039,8.992,3.232,0.000,8.569,0.000,0.424,0.000,0.000
2951,1163.324,11.012,8.940,3.230,0.000,8.516,0.000,0.424,0.000,0.000
2952,1163.737,9.574,8.888,3.227,0.000,8.464,0.000,0.423,0.000,0.000
2953,1164.149,8.471,8.837,3.225,0.000,8.413,0.000,0.423,0.000,0.000
2954,1164.561,9.259,8.786,3.222,0.000,8.363,0.000,0.423,0.000,0.000
2955,1164.973,9.956,8.737,3.219,0.000,8.314,0.000,0.423,0.000,0.000
2956,1165.386,16.721,8.689,3.217,0.000,8.266,0.000,0.423,0.000,0.000
2957,1165.798,10.328,8.641,3.214,0.000,8.219,0.000,0.423,0.000,0.000
2958,1166.210,10.030,8.595,3.212,0.000,8.172,0.000,0.423,0.000,0.000
2959,1166.623,6.847,8.549,3.209,0.000,8.127,0.000,0.423,0.000,0.000
2960,1167.035,0.199,8.505,3.207,0.000,8.082,0.000,0.423,0.000,0.000
2961,1167.447,5.961,8.461,3.204,0.000,8.038,0.000,0.422,0.000,0.000
2962,1167.860,9.150,8.418,3.201,0.000,7.995,0.000,0.422,0.000,0.000
2963,1168.272,8.997,8.376,3.199,0.000,7.953,0.000,0.422,0.000,0.000
2964,1168.684,10.460,8.334,3.196,0.000,7.912,0.000,0.422,0.000,0.000
2965,1169.097,6.570,8.294,3.194,0.000,7.872,0.000,0.422,0.000,0.000
2966,1169.509,5.009,8.254,3.191,0.000,7.832,0.000,0.422,0.000,0.000
2967,1169.922,15.964,8.215,3.189,0.000,7.794,0.000,0.422,0.000,0.000
2968,1170.334,4.135,8.177,3.186,0.000,7.756,0.000,0.422,0.000,0.000
2969,1170.746,7.799,8.140,3.184,0.000,7.719,0.000,0.422,0.000,0.000
2970,1171.159,8.314,8.104,3.181,0.000,7.682,0.000,0.421,0.000,0.000
2971,1171.571,5.472,8.068,3.178,0.000,7.647,0.000,0.421,0.000,0.000
2972,1171.984,4.098,8.033,3.176,0.000,7.612,0.000,0.421,0.000,0.000
2973,1172.396,4.685,7.999,3.173,0.000,7.578,0.000,0.421,0.000,0.000
2974,1172.809,5.808,7.966,3.171,0.000,7.545,0.000,0.421,0.000,0.000
2975,1173.221,11.266,7.933,3.168,0.000,7.512,0.000,0.421,0.000,0.000
2976,1173.634,8.376,7.901,3.166,0.000,7.481,0.000,0.421,0.000,0.000
2977,1174.046,7.721,7.870,3.163,0.000,7.449,0.000,0.421,0.000,0.000
2978,1174.459,5.633,7.840,3.160,0.000,7.419,0.000,0.421,0.000,0.000
2979,1174.871,4.709,7.810,3.158,0.000,7.389,0.000,0.421,0.000,0.000
2980,1175.284,6.565,7.781,3.155,0.000,7.361,0.000,0.420,0.000,0.000
2981,1175.696,14.488,7.753,3.153,0.000,7.332,0.000,0.420,0.000,0.000
2982,1176.109,3.249,7.725,3.150,0.000,7.305,0.000,0.420,0.000,0.000
2983,1176.521,6.218,7.698,3.148,0.000,7.278,0.000,0.420,0.000,0.000
2984,1176.934,11.226,7.672,3.145,0.000,7.252,0.000,0.420,0.000,0.000
2985,1177.346,4.167,7.646,3.143,0.000,7.226,0.000,0.420,0.000,0.000
2986,1177.759,9.124,7.621,3.140,0.000,7.201,0.000,0.420,0.000,0.000
2987,1178.171,10.005,7.597,3.137,0.000,7.177,0.000,0.420,0.000,0.000
2988,1178.584,10.292,7.573,3.135,0.000,7.153,0.000,0.420,0.000,0.000
2989,1178.996,9.683,7.550,3.132,0.000,7.130,0.000,0.420,0.000,0.000
2990,1179.409,7.646,7.528,3.130,0.000,7.108,0.000,0.419,0.000,0.000
2991,1179.822,7.459,7.506,3.127,0.000,7.086,0.000,0.419,0.000,0.000
2992,1180.234,12.016,7.485,3.125,0.000,7.065,0.000,0.419,0.000,0.000
2993,1180.647,6.001,7.464,3.122,0.000,7.045,0.000,0.419,0.000,0.000
2994,1181.059,10.924,7.444,3.119,0.000,7.025,0.000,0.419,0.000,0.000
2995,1181.472,6.449,7.425,3.117,0.000,7.006,0.000,0.419,0.000,0.000
2996,1181.885,0.000,7.406,3.114,0.000,6.987,0.000,0.419,0.000,0.000
2997,1182.297,2.164,7.388,3.112,0.000,6.969,0.000,0.419,0.000,0.000
2998,1182.710,5.040,7.370,3.109,0.000,6.952,0.000,0.419,0.000,0.000
2999,1183.123,9.229,7.353,3.107,0.000,6.935,0.000,0.419,0.000,0.000
3000,1183.535,9.446,7.337,3.104,0.000,6.919,0.000,0.418,0.000,0.000
3001,1183.948,6.327,7.321,3.102,0.000,6.903,0.000,0.418,0.000,0.000
3002,1184.361,7.302,7.306,3.099,0.000,6.888,0.000,0.418,0.000,0.000
3003,1184.773,10.964,7.292,3.096,0.000,6.873,0.000,0.418,0.000,0.000
3004,1185.186,10.872,7.278,3.094,0.000,6.860,0.000,0.418,0.000,0.000
3005,1185.599,10.863,7.264,3.091,0.000,6.846,0.000,0.418,0.000,0.000
3006,1186.011,3.000,7.251,3.089,0.000,6.834,0.000,0.418,0.000,0.000
3007,1186.424,8.979,7.239,3.086,0.000,6.821,0.000,0.418,0.000,0.000
3008,1186.837,3.492,7.228,3.084,0.000,6.810,0.000,0.418,0.000,0.000
3009,1187.250,4.803,7.216,3.081,0.000,6.799,0.000,0.418,0.000,0.000
3010,1187.662,6.255,7.206,3.079,0.000,6.788,0.000,0.418,0.000,0.000
3011,1188.075,5.635,7.196,3.076,0.000,6.779,0.000,0.417,0.000,0.000
3012,1188.488,9.622,7.187,3.073,0.000,6.769,0.000,0.417,0.000,0.000
3013,1188.901,6.953,7.178,3.071,0.000,6.761,0.000,0.417,0.000,0.000
3014,1189.313,4.053,7.170,3.068,0.000,6.753,0.000,0.417,0.000,0.000
3015,1189.726,7.848,7.162,3.066,0.000,6.745,0.000,0.417,0.000,0.000
3016,1190.139,4.885,7.155,3.063,0.000,6.738,0.000,0.417,0.000,0.000
3017,1190.552,5.294,7.149,3.061,0.000,6.732,0.000,0.417,0.000,0.000
3018,1190.965,1.892,7.143,3.058,0.000,6.726,0.000,0.417,0.000,0.000
3019,1191.377,10.358,7.137,3.055,0.000,6.721,0.000,0.417,0.000,0.000
3020,1191.790,16.955,7.133,3.053,0.000,6.716,0.000,0.417,0.000,0.000
3021,1192.203,9.240,7.128,3.050,0.000,6.712,0.000,0.416,0.000,0.000
3022,1192.616,7.811,7.125,3.048,0.000,6.708,0.000,0.416,0.000,0.000
3023,1193.029,10.349,7.122,3.045,0.000,6.706,0.000,0.416,0.000,0.000
3024,1193.442,4.471,7.119,3.043,0.000,6.703,0.000,0.416,0.000,0.000
3025,1193.854,12.811,7.118,3.040,0.000,6.701,0.000,0.416,0.000,0.000
3026,1194.267,6.677,7.116,3.038,0.000,6.700,0.000,0.416,0.000,0.000
3027,1194.680,5.123,7.116,3.035,0.000,6.700,0.000,0.416,0.000,0.000
3028,1195.093,7.276,7.115,3.032,0.000,6.700,0.000,0.416,0.000,0.000
3029,1195.506,11.948,7.116,3.030,0.000,6.700,0.000,0.416,0.000,0.000
3030,1195.919,12.951,7.117,3.027,0.000,6.701,0.000,0.416,0.000,0.000
3031,1196.332,7.548,7.118,3.025,0.000,6.703,0.000,0.416,0.000,0.000
3032,1196.745,5.070,7.121,3.022,0.000,6.705,0.000,0.415,0.000,0.000
3033,1197.158,8.825,7.123,3.020,0.000,6.708,0.000,0.415,0.000,0.000
3034,1197.571,5.563,7.127,3.017,0.000,6.711,0.000,0.415,0.000,0.000
3035,1197.983,15.632,7.130,3.014,0.000,6.715,0.000,0.415,0.000,0.000
3036,1198.396,7.958,7.135,3.012,0.000,6.720,0.000,0.415,0.000,0.000
3037,1198.809,10.904,7.140,3.009,0.000,6.725,0.000,0.415,0.000,0.000
3038,1199.222,8.971,7.145,3.007,0.000,6.731,0.000,0.415,0.000,0.000
3039,1199.635,3.855,7.152,3.004,0.000,6.737,0.000,0.415,0.000,0.000
3040,1200.048,10.780,7.158,3.002,0.000,6.743,0.000,0.415,0.000,0.000
3041,1200.461,6.305,7.165,2.999,0.000,6.751,0.000,0.415,0.000,0.000
3042,1200.874,4.646,7.173,2.997,0.000,6.759,0.000,0.415,0.000,0.000
3043,1201.287,13.728,7.182,2.994,0.000,6.767,0.000,0.415,0.000,0.000
3044,1201.700,6.915,7.190,2.991,0.000,6.776,0.000,0.414,0.000,0.000
3045,1202.113,11.050,7.200,2.989,0.000,6.785,0.000,0.414,0.000,0.000
3046,1202.526,5.524,7.210,2.986,0.000,6.795,0.000,0.414,0.000,0.000
3047,1202.939,7.965,7.220,2.984,0.000,6.806,0.000,0.414,0.000,0.000
3048,1203.352,10.017,7.231,2.981,0.000,6.817,0.000,0.414,0.000,0.000
3049,1203.765,8.779,7.243,2.979,0.000,6.829,0.000,0.414,0.000,0.000
3050,1204.179,4.404,7.255,2.976,0.000,6.841,0.000,0.414,0.000,0.000
3051,1204.592,4.464,7.267,2.974,0.000,6.853,0.000,0.414,0.000,0.000
3052,1205.005,7.031,7.280,2.971,0.000,6.866,0.000,0.414,0.000,0.000
3053,1205.418,3.787,7.293,2.968,0.000,6.880,0.000,0.414,0.000,0.000
3054,1205.831,2.577,7.307,2.966,0.000,6.894,0.000,0.414,0.000,0.000
3055,1206.244,0.916,7.322,2.963,0.000,6.908,0.000,0.414,0.000,0.000
3056,1206.657,12.221,7.336,2.961,0.000,6.923,0.000,0.413,0.000,0.000
3057,1207.070,4.542,7.352,2.958,0.000,6.938,0.000,0.413,0.000,0.000
3058,1207.483,10.119,7.367,2.956,0.000,6.954,0.000,0.413,0.000,0.000
3059,1207.896,3.445,7.384,2.953,0.000,6.970,0.000,0.413,0.000,0.000
3060,1208.310,7.120,7.400,2.950,0.000,6.987,0.000,0.413,0.000,0.000
3061,1208.723,6.595,7.417,2.948,0.000,7.004,0.000,0.413,0.000,0.000
3062,1209.136,8.435,7.434,2.945,0.000,7.021,0.000,0.413,0.000,0.000
3063,1209.549,8.662,7.452,2.943,0.000,7.039,0.000,0.413,0.000,0.000
3064,1209.962,11.964,7.470,2.940,0.000,7.057,0.000,0.413,0.000,0.000
3065,1210.375,7.304,7.489,2.938,0.000,7.076,0.000,0.413,0.000,0.000
3066,1210.789,10.979,7.507,2.935,0.000,7.095,0.000,0.413,0.000,0.000
3067,1211.202,5.373,7.526,2.933,0.000,7.114,0.000,0.413,0.000,0.000
3068,1211.615,4.286,7.546,2.930,0.000,7.133,0.000,0.413,0.000,0.000
3069,1212.028,3.288,7.566,2.927,0.000,7.153,0.000,0.412,0.000,0.000
3070,1212.441,4.490,7.585,2.925,0.000,7.173,0.000,0.412,0.000,0.000
3071,1212.855,6.498,7.606,2.922,0.000,7.193,0.000,0.412,0.000,0.000
3072,1213.268,9.586,7.626,2.920,0.000,7.214,0.000,0.412,0.000,0.000
3073,1213.681,8.845,7.647,2.917,0.000,7.235,0.000,0.412,0.000,0.000
3074,1214.094,7.860,7.668,2.915,0.000,7.256,0.000,0.412,0.000,0.000
3075,1214.508,7.272,7.689,2.912,0.000,7.277,0.000,0.412,0.000,0.000
3076,1214.921,0.000,7.710,2.909,0.000,7.298,0.000,0.412,0.000,0.000
3077,1215.334,7.412,7.732,2.907,0.000,7.320,0.000,0.412,0.000,0.000
3078,1215.748,10.384,7.753,2.904,0.000,7.341,0.000,0.412,0.000,0.000
3079,1216.161,11.428,7.775,2.902,0.000,7.363,0.000,0.412,0.000,0.000
3080,1216.574,5.852,7.797,2.899,0.000,7.385,0.000,0.412,0.000,0.000
3081,1216.987,12.981,7.819,2.897,0.000,7.407,0.000,0.412,0.000,0.000
3082,1217.401,14.498,7.841,2.894,0.000,7.429,0.000,0.412,0.000,0.000
3083,1217.814,10.595,7.863,2.892,0.000,7.451,0.000,0.411,0.000,0.000
3084,1218.227,9.205,7.885,2.889,0.000,7.473,0.000,0.411,0.000,0.000
3085,1218.641,6.661,7.907,2.886,0.000,7.495,0.000,0.411,0.000,0.000
3086,1219.054,8.300,7.929,2.884,0.000,7.518,0.000,0.411,0.000,0.000
3087,1219.467,3.664,7.951,2.881,0.000,7.540,0.000,0.411,0.000,0.000
3088,1219.881,13.591,7.973,2.879,0.000,7.562,0.000,0.411,0.000,0.000
3089,1220.294,11.059,7.995,2.876,0.000,7.584,0.000,0.411,0.000,0.000
3090,1220.708,13.087,8.017,2.874,0.000,7.605,0.000,0.411,0.000,0.000
3091,1221.121,7.163,8.038,2.871,0.000,7.627,0.000,0.411,0.000,0.000
3092,1221.534,4.487,8.060,2.868,0.000,7.649,0.000,0.411,0.000,0.000
3093,1221.948,10.469,8.081,2.866,0.000,7.670,0.000,0.411,0.000,0.000
3094,1222.361,9.184,8.102,2.863,0.000,7.692,0.000,0.411,0.000,0.000
3095,1222.775,20.587,8.123,2.861,0.000,7.713,0.000,0.411,0.000,0.000
3096,1223.188,3.711,8.144,2.858,0.000,7.734,0.000,0.411,0.000,0.000
3097,1223.601,6.789,8.165,2.856,0.000,7.754,0.000,0.411,0.000,0.000
3098,1224.015,8.390,8.185,2.853,0.000,7.775,0.000,0.411,0.000,0.000
3099,1224.428,13.937,8.205,2.851,0.000,7.795,0.000,0.411,0.000,0.000
3100,1224.842,6.278,8.225,2.848,0.000,7.815,0.000,0.411,0.000,0.000
3101,1225.255,10.855,8.245,2.845,0.000,7.834,0.000,0.411,0.000,0.000
3102,1225.669,5.073,8.264,2.843,0.000,7.853,0.000,0.410,0.000,0.000
3103,1226.082,9.875,8.283,2.840,0.000,7.872,0.000,0.410,0.000,0.000
3104,1226.496,12.687,8.301,2.838,0.000,7.891,0.000,0.410,0.000,0.000
3105,1226.909,15.286,8.319,2.835,0.000,7.909,0.000,0.410,0.000,0.000
3106,1227.323,9.108,8.337,2.833,0.000,7.926,0.000,0.410,0.000,0.000
3107,1227.736,0.000,8.354,2.830,0.000,7.944,0.000,0.410,0.000,0.000
3108,1228.150,15.389,8.371,2.828,0.000,7.960,0.000,0.410,0.000,0.000
3109,1228.563,9.861,8.387,2.825,0.000,7.977,0.000,0.410,0.000,0.000
3110,1228.977,12.793,8.403,2.822,0.000,7.993,0.000,0.410,0.000,0.000
3111,1229.390,12.199,8.418,2.820,0.000,8.008,0.000,0.410,0.000,0.000
3112,1229.804,9.474,8.433,2.817,0.000,8.023,0.000,0.410,0.000,0.000
3113,1230.217,5.877,8.447,2.815,0.000,8.037,0.000,0.410,0.000,0.000
3114,1230.631,6.688,8.461,2.812,0.000,8.051,0.000,0.410,0.000,0.000
3115,1231.045,6.941,8.474,2.810,0.000,8.065,0.000,0.410,0.000,0.000
3116,1231.458,8.203,8.487,2.807,0.000,8.077,0.000,0.410,0.000,0.000
3117,1231.872,10.122,8.499,2.804,0.000,8.089,0.000,0.410,0.000,0.000
3118,1232.285,10.916,8.511,2.802,0.000,8.101,0.000,0.410,0.000,0.000
3119,1232.699,12.831,8.522,2.799,0.000,8.112,0.000,0.410,0.000,0.000
3120,1233.113,8.825,8.532,2.797,0.000,8.122,0.000,0.410,0.000,0.000
3121,1233.526,12.719,8.542,2.794,0.000,8.132,0.000,0.410,0.000,0.000
3122,1233.940,4.791,8.551,2.792,0.000,8.141,0.000,0.410,0.000,0.000
3123,1234.353,9.800,8.559,2.789,0.000,8.150,0.000,0.410,0.000,0.000
3124,1234.767,7.727,8.567,2.787,0.000,8.157,0.000,0.409,0.000,0.000
3125,1235.181,10.423,8.574,2.784,0.000,8.165,0.000,0.409,0.000,0.000
3126,1235.594,7.798,8.580,2.781,0.000,8.171,0.000,0.409,0.000,0.000
3127,1236.008,11.308,8.586,2.779,0.000,8.177,0.000,0.409,0.000,0.000
3128,1236.422,2.936,8.591,2.776,0.000,8.182,0.000,0.409,0.000,0.000
3129,1236.835,8.620,8.596,2.774,0.000,8.186,0.000,0.409,0.000,0.000
3130,1237.249,1.222,8.599,2.771,0.000,8.190,0.000,0.409,0.000,0.000
3131,1237.663,10.635,8.602,2.769,0.000,8.193,0.000,0.409,0.000,0.000
3132,1238.076,15.406,8.605,2.766,0.000,8.195,0.000,0.409,0.000,0.000
3133,1238.490,2.187,8.606,2.763,0.000,8.197,0.000,0.409,0.000,0.000
3134,1238.904,4.287,8.607,2.761,0.000,8.198,0.000,0.409,0.000,0.000
3135,1239.318,5.249,8.607,2.758,0.000,8.198,0.000,0.409,0.000,0.000
3136,1239.731,7.846,8.607,2.756,0.000,8.198,0.000,0.409,0.000,0.000
3137,1240.145,3.797,8.605,2.753,0.000,8.196,0.000,0.409,0.000,0.000
3138,1240.559,9.847,8.603,2.751,0.000,8.195,0.000,0.409,0.000,0.000
3139,1240.973,10.847,8.601,2.748,0.000,8.192,0.000,0.409,0.000,0.000
3140,1241.386,14.543,8.597,2.746,0.000,8.189,0.000,0.409,0.000,0.000
3141,1241.800,6.161,8.593,2.743,0.000,8.185,0.000,0.409,0.000,0.000
3142,1242.214,6.428,8.588,2.740,0.000,8.180,0.000,0.409,0.000,0.000
3143,1242.628,10.311,8.583,2.738,0.000,8.174,0.000,0.409,0.000,0.000
3144,1243.042,10.801,8.577,2.735,0.000,8.168,0.000,0.409,0.000,0.000
3145,1243.455,2.509,8.570,2.733,0.000,8.161,0.000,0.409,0.000,0.000
3146,1243.869,12.514,8.562,2.730,0.000,8.154,0.000,0.409,0.000,0.000
3147,1244.283,8.103,8.554,2.728,0.000,8.145,0.000,0.409,0.000,0.000
3148,1244.697,9.892,8.545,2.725,0.000,8.137,0.000,0.408,0.000,0.000
3149,1245.111,6.857,8.535,2.722,0.000,8.127,0.000,0.408,0.000,0.000
3150,1245.524,5.014,8.525,2.720,0.000,8.117,0.000,0.408,0.000,0.000
3151,1245.938,12.025,8.514,2.717,0.000,8.106,0.000,0.408,0.000,0.000
3152,1246.352,15.478,8.503,2.715,0.000,8.094,0.000,0.408,0.000,0.000
3153,1246.766,12.009,8.490,2.712,0.000,8.082,0.000,0.408,0.000,0.000
3154,1247.180,8.856,8.478,2.710,0.000,8.069,0.000,0.408,0.000,0.000
3155,1247.594,5.348,8.464,2.707,0.000,8.056,0.000,0.408,0.000,0.000
3156,1248.008,7.627,8.450,2.705,0.000,8.042,0.000,0.408,0.000,0.000
3157,1248.422,2.327,8.435,2.702,0.000,8.027,0.000,0.408,0.000,0.000
3158,1248.836,10.361,8.420,2.699,0.000,8.012,0.000,0.408,0.000,0.000
3159,1249.249,7.280,8.404,2.697,0.000,7.996,0.000,0.408,0.000,0.000
3160,1249.663,5.553,8.388,2.694,0.000,7.980,0.000,0.408,0.000,0.000
3161,1250.077,6.285,8.371,2.692,0.000,7.963,0.000,0.408,0.000,0.000
3162,1250.491,12.865,8.353,2.689,0.000,7.946,0.000,0.408,0.000,0.000
3163,1250.905,18.075,8.336,2.687,0.000,7.928,0.000,0.408,0.000,0.000
3164,1251.319,13.058,8.317,2.684,0.000,7.909,0.000,0.408,0.000,0.000
3165,1251.733,6.018,8.298,2.682,0.000,7.890,0.000,0.408,0.000,0.000
3166,1252.147,8.489,8.278,2.679,0.000,7.871,0.000,0.408,0.000,0.000
3167,1252.561,2.563,8.259,2.676,0.000,7.851,0.000,0.407,0.000,0.000
3168,1252.975,4.267,8.238,2.674,0.000,7.831,0.000,0.407,0.000,0.000
3169,1253.389,5.244,8.217,2.671,0.000,7.810,0.000,0.407,0.000,0.000
3170,1253.803,11.409,8.196,2.669,0.000,7.789,0.000,0.407,0.000,0.000
3171,1254.217,8.829,8.174,2.666,0.000,7.767,0.000,0.407,0.000,0.000
3172,1254.631,14.392,8.152,2.664,0.000,7.745,0.000,0.407,0.000,0.000
3173,1255.045,5.216,8.130,2.661,0.000,7.723,0.000,0.407,0.000,0.000
3174,1255.459,4.105,8.107,2.658,0.000,7.700,0.000,0.407,0.000,0.000
3175,1255.873,5.465,8.084,2.656,0.000,7.677,0.000,0.407,0.000,0.000
3176,1256.287,13.144,8.060,2.653,0.000,7.653,0.000,0.407,0.000,0.000
3177,1256.701,11.873,8.036,2.651,0.000,7.629,0.000,0.407,0.000,0.000
3178,1257.115,7.383,8.012,2.648,0.000,7.605,0.000,0.407,0.000,0.000
3179,1257.529,8.793,7.988,2.646,0.000,7.581,0.000,0.407,0.000,0.000
3180,1257.943,6.169,7.963,2.643,0.000,7.556,0.000,0.407,0.000,0.000
3181,1258.357,9.556,7.938,2.641,0.000,7.531,0.000,0.407,0.000,0.000
3182,1258.772,3.902,7.913,2.638,0.000,7.506,0.000,0.406,0.000,0.000
3183,1259.186,10.041,7.887,2.635,0.000,7.481,0.000,0.406,0.000,0.000
3184,1259.600,10.551,7.861,2.633,0.000,7.455,0.000,0.406,0.000,0.000
3185,1260.014,10.973,7.835,2.630,0.000,7.429,0.000,0.406,0.000,0.000
3186,1260.428,13.815,7.809,2.628,0.000,7.403,0.000,0.406,0.000,0.000
3187,1260.842,14.147,7.783,2.625,0.000,7.377,0.000,0.406,0.000,0.000
3188,1261.256,7.085,7.756,2.623,0.000,7.350,0.000,0.406,0.000,0.000
3189,1261.670,7.934,7.730,2.620,0.000,7.324,0.000,0.406,0.000,0.000
3190,1262.085,8.643,7.703,2.617,0.000,7.297,0.000,0.406,0.000,0.000
3191,1262.499,3.770,7.676,2.615,0.000,7.270,0.000,0.406,0.000,0.000
3192,1262.913,7.334,7.649,2.612,0.000,7.243,0.000,0.406,0.000,0.000
3193,1263.327,3.166,7.622,2.610,0.000,7.216,0.000,0.406,0.000,0.000
3194,1263.741,7.985,7.595,2.607,0.000,7.189,0.000,0.406,0.000,0.000
3195,1264.155,8.508,7.567,2.605,0.000,7.162,0.000,0.405,0.000,0.000
3196,1264.570,11.556,7.540,2.602,0.000,7.135,0.000,0.405,0.000,0.000
3197,1264.984,11.350,7.513,2.600,0.000,7.107,0.000,0.405,0.000,0.000
3198,1265.398,11.178,7.485,2.597,0.000,7.080,0.000,0.405,0.000,0.000
3199,1265.812,7.905,7.458,2.594,0.000,7.053,0.000,0.405,0.000,0.000
3200,1266.226,3.691,7.430,2.592,0.000,7.025,0.000,0.405,0.000,0.000
3201,1266.641,9.404,7.403,2.589,0.000,6.998,0.000,0.405,0.000,0.000
3202,1267.055,15.327,7.375,2.587,0.000,6.970,0.000,0.405,0.000,0.000
3203,1267.469,11.427,7.348,2.584,0.000,6.943,0.000,0.405,0.000,0.000
3204,1267.883,7.263,7.320,2.582,0.000,6.916,0.000,0.405,0.000,0.000
3205,1268.298,7.583,7.293,2.579,0.000,6.888,0.000,0.405,0.000,0.000
3206,1268.712,4.639,7.266,2.576,0.000,6.861,0.000,0.405,0.000,0.000
3207,1269.126,7.523,7.238,2.574,0.000,6.834,0.000,0.404,0.000,0.000
3208,1269.541,8.990,7.211,2.571,0.000,6.806,0.000,0.404,0.000,0.000
3209,1269.955,2.985,7.184,2.569,0.000,6.779,0.000,0.404,0.000,0.000
3210,1270.369,0.000,7.156,2.566,0.000,6.752,0.000,0.404,0.000,0.000
3211,1270.783,2.974,7.129,2.564,0.000,6.725,0.000,0.404,0.000,0.000
3212,1271.198,7.526,7.102,2.561,0.000,6.698,0.000,0.404,0.000,0.000
3213,1271.612,5.296,7.075,2.559,0.000,6.671,0.000,0.404,0.000,0.000
3214,1272.026,9.421,7.048,2.556,0.000,6.645,0.000,0.404,0.000,0.000
3215,1272.441,2.441,7.022,2.553,0.000,6.618,0.000,0.404,0.000,0.000
3216,1272.855,13.665,6.995,2.551,0.000,6.592,0.000,0.404,0.000,0.000
3217,1273.269,8.924,6.969,2.548,0.000,6.565,0.000,0.404,0.000,0.000
3218,1273.684,5.499,6.942,2.546,0.000,6.539,0.000,0.403,0.000,0.000
3219,1274.098,7.652,6.916,2.543,0.000,6.513,0.000,0.403,0.000,0.000
3220,1274.513,4.157,6.890,2.541,0.000,6.487,0.000,0.403,0.000,0.000
3221,1274.927,5.821,6.864,2.538,0.000,6.461,0.000,0.403,0.000,0.000
3222,1275.341,8.361,6.838,2.536,0.000,6.435,0.000,0.403,0.000,0.000
3223,1275.756,8.976,6.812,2.533,0.000,6.409,0.000,0.403,0.000,0.000
3224,1276.170,8.438,6.787,2.530,0.000,6.384,0.000,0.403,0.000,0.000
3225,1276.585,5.737,6.761,2.528,0.000,6.358,0.000,0.403,0.000,0.000
3226,1276.999,2.785,6.736,2.525,0.000,6.333,0.000,0.403,0.000,0.000
3227,1277.413,6.103,6.711,2.523,0.000,6.308,0.000,0.403,0.000,0.000
3228,1277.828,9.299,6.686,2.520,0.000,6.283,0.000,0.402,0.000,0.000
3229,1278.242,1.199,6.661,2.518,0.000,6.259,0.000,0.402,0.000,0.000
3230,1278.657,8.016,6.636,2.515,0.000,6.234,0.000,0.402,0.000,0.000
3231,1279.071,10.912,6.612,2.512,0.000,6.210,0.000,0.402,0.000,0.000
3232,1279.486,6.665,6.588,2.510,0.000,6.186,0.000,0.402,0.000,0.000
3233,1279.900,8.785,6.563,2.507,0.000,6.162,0.000,0.402,0.000,0.000
3234,1280.315,0.863,6.539,2.505,0.000,6.138,0.000,0.402,0.000,0.000
3235,1280.729,7.968,6.516,2.502,0.000,6.114,0.000,0.402,0.000,0.000
3236,1281.144,11.219,6.492,2.500,0.000,6.090,0.000,0.402,0.000,0.000
3237,1281.558,6.885,6.468,2.497,0.000,6.067,0.000,0.401,0.000,0.000
3238,1281.973,3.149,6.445,2.495,0.000,6.044,0.000,0.401,0.000,0.000
3239,1282.387,7.840,6.422,2.492,0.000,6.021,0.000,0.401,0.000,0.000
3240,1282.802,6.263,6.399,2.489,0.000,5.998,0.000,0.401,0.000,0.000
3241,1283.216,7.138,6.376,2.487,0.000,5.975,0.000,0.401,0.000,0.000
3242,1283.631,8.594,6.354,2.484,0.000,5.953,0.000,0.401,0.000,0.000
3243,1284.045,2.624,6.331,2.482,0.000,5.931,0.000,0.401,0.000,0.000
3244,1284.460,3.277,6.309,2.479,0.000,5.909,0.000,0.401,0.000,0.000
3245,1284.874,3.413,6.287,2.477,0.000,5.887,0.000,0.400,0.000,0.000
3246,1285.289,6.056,6.265,2.474,0.000,5.865,0.000,0.400,0.000,0.000
3247,1285.704,8.316,6.244,2.471,0.000,5.843,0.000,0.400,0.000,0.000
3248,1286.118,7.307,6.222,2.469,0.000,5.822,0.000,0.400,0.000,0.000
3249,1286.533,5.348,6.201,2.466,0.000,5.801,0.000,0.400,0.000,0.000
3250,1286.947,9.620,6.180,2.464,0.000,5.780,0.000,0.400,0.000,0.000
3251,1287.362,6.254,6.159,2.461,0.000,5.759,0.000,0.400,0.000,0.000
3252,1287.777,6.125,6.138,2.459,0.000,5.738,0.000,0.400,0.000,0.000
3253,1288.191,7.183,6.117,2.456,0.000,5.718,0.000,0.400,0.000,0.000
3254,1288.606,1.367,6.097,2.454,0.000,5.697,0.000,0.399,0.000,0.000
3255,1289.020,8.446,6.077,2.451,0.000,5.677,0.000,0.399,0.000,0.000
3256,1289.435,4.354,6.057,2.448,0.000,5.657,0.000,0.399,0.000,0.000
3257,1289.850,3.255,6.037,2.446,0.000,5.638,0.000,0.399,0.000,0.000
3258,1290.264,10.079,6.017,2.443,0.000,5.618,0.000,0.399,0.000,0.000
3259,1290.679,4.028,5.998,2.441,0.000,5.599,0.000,0.399,0.000,0.000
3260,1291.094,6.898,5.978,2.438,0.000,5.580,0.000,0.399,0.000,0.000
3261,1291.508,13.556,5.959,2.436,0.000,5.561,0.000,0.398,0.000,0.000
3262,1291.923,7.367,5.940,2.433,0.000,5.542,0.000,0.398,0.000,0.000
3263,1292.338,5.188,5.921,2.430,0.000,5.523,0.000,0.398,0.000,0.000
3264,1292.753,5.806,5.903,2.428,0.000,5.505,0.000,0.398,0.000,0.000
3265,1293.167,5.572,5.885,2.425,0.000,5.487,0.000,0.398,0.000,0.000
3266,1293.582,4.994,5.866,2.423,0.000,5.469,0.000,0.398,0.000,0.000
3267,1293.997,5.014,5.848,2.420,0.000,5.451,0.000,0.398,0.000,0.000
3268,1294.411,3.451,5.831,2.418,0.000,5.433,0.000,0.397,0.000,0.000
3269,1294.826,7.026,5.813,2.415,0.000,5.416,0.000,0.397,0.000,0.000
3270,1295.241,8.039,5.796,2.413,0.000,5.398,0.000,0.397,0.000,0.000
3271,1295.656,5.767,5.778,2.410,0.000,5.381,0.000,0.397,0.000,0.000
3272,1296.070,6.564,5.761,2.407,0.000,5.364,0.000,0.397,0.000,0.000
3273,1296.485,3.665,5.744,2.405,0.000,5.348,0.000,0.397,0.000,0.000
3274,1296.900,6.324,5.728,2.402,0.000,5.331,0.000,0.397,0.000,0.000
3275,1297.315,1.057,5.711,2.400,0.000,5.315,0.000,0.396,0.000,0.000
3276,1297.730,2.422,5.695,2.397,0.000,5.299,0.000,0.396,0.000,0.000
3277,1298.144,6.314,5.679,2.395,0.000,5.283,0.000,0.396,0.000,0.000
3278,1298.559,4.449,5.663,2.392,0.000,5.267,0.000,0.396,0.000,0.000
3279,1298.974,3.418,5.647,2.390,0.000,5.251,0.000,0.396,0.000,0.000
3280,1299.389,3.589,5.632,2.387,0.000,5.236,0.000,0.396,0.000,0.000
3281,1299.804,0.695,5.617,2.384,0.000,5.221,0.000,0.396,0.000,0.000
3282,1300.219,6.663,5.601,2.382,0.000,5.206,0.000,0.395,0.000,0.000
3283,1300.633,6.819,5.587,2.379,0.000,5.191,0.000,0.395,0.000,0.000
3284,1301.048,2.499,5.572,2.377,0.000,5.177,0.000,0.395,0.000,0.000
3285,1301.463,8.064,5.557,2.374,0.000,5.162,0.000,0.395,0.000,0.000
3286,1301.878,2.490,5.543,2.372,0.000,5.148,0.000,0.395,0.000,0.000
3287,1302.293,3.366,5.529,2.369,0.000,5.134,0.000,0.395,0.000,0.000
3288,1302.708,7.287,5.515,2.366,0.000,5.121,0.000,0.395,0.000,0.000
3289,1303.123,2.226,5.502,2.364,0.000,5.107,0.000,0.394,0.000,0.000
3290,1303.537,6.779,5.488,2.361,0.000,5.094,0.000,0.394,0.000,0.000
3291,1303.952,5.085,5.475,2.359,0.000,5.081,0.000,0.394,0.000,0.000
3292,1304.367,6.224,5.462,2.356,0.000,5.068,0.000,0.394,0.000,0.000
3293,1304.782,4.157,5.449,2.354,0.000,5.056,0.000,0.394,0.000,0.000
3294,1305.197,4.929,5.437,2.351,0.000,5.043,0.000,0.394,0.000,0.000
3295,1305.612,1.091,5.425,2.349,0.000,5.031,0.000,0.393,0.000,0.000
3296,1306.027,7.802,5.412,2.346,0.000,5.019,0.000,0.393,0.000,0.000
3297,1306.442,8.432,5.401,2.343,0.000,5.007,0.000,0.393,0.000,0.000
3298,1306.857,9.571,5.389,2.341,0.000,4.996,0.000,0.393,0.000,0.000
3299,1307.272,7.402,5.378,2.338,0.000,4.985,0.000,0.393,0.000,0.000
3300,1307.687,0.785,5.366,2.336,0.000,4.974,0.000,0.393,0.000,0.000
3301,1308.102,6.861,5.355,2.333,0.000,4.963,0.000,0.392,0.000,0.000
3302,1308.517,3.599,5.345,2.331,0.000,4.952,0.000,0.392,0.000,0.000
3303,1308.932,4.903,5.334,2.328,0.000,4.942,0.000,0.392,0.000,0.000
3304,1309.347,9.199,5.324,2.325,0.000,4.932,0.000,0.392,0.000,0.000
3305,1309.762,3.857,5.314,2.323,0.000,4.922,0.000,0.392,0.000,0.000
3306,1310.177,1.764,5.304,2.320,0.000,4.913,0.000,0.392,0.000,0.000
3307,1310.592,2.811,5.295,2.318,0.000,4.903,0.000,0.391,0.000,0.000
3308,1311.007,4.825,5.286,2.315,0.000,4.894,0.000,0.391,0.000,0.000
3309,1311.422,4.306,5.277,2.313,0.000,4.886,0.000,0.391,0.000,0.000
3310,1311.837,6.991,5.268,2.310,0.000,4.877,0.000,0.391,0.000,0.000
3311,1312.252,6.361,5.259,2.308,0.000,4.869,0.000,0.391,0.000,0.000
3312,1312.667,7.448,5.251,2.305,0.000,4.861,0.000,0.391,0.000,0.000
3313,1313.082,10.368,5.243,2.302,0.000,4.853,0.000,0.391,0.000,0.000
3314,1313.497,4.953,5.236,2.300,0.000,4.845,0.000,0.390,0.000,0.000
3315,1313.912,0.000,5.228,2.297,0.000,4.838,0.000,0.390,0.000,0.000
3316,1314.327,5.759,5.221,2.295,0.000,4.831,0.000,0.390,0.000,0.000
3317,1314.742,7.520,5.214,2.292,0.000,4.824,0.000,0.390,0.000,0.000
3318,1315.158,4.703,5.208,2.290,0.000,4.818,0.000,0.390,0.000,0.000
3319,1315.573,6.705,5.201,2.287,0.000,4.812,0.000,0.390,0.000,0.000
3320,1315.988,0.000,5.195,2.284,0.000,4.806,0.000,0.389,0.000,0.000
3321,1316.403,4.678,5.189,2.282,0.000,4.800,0.000,0.389,0.000,0.000
3322,1316.818,1.392,5.184,2.279,0.000,4.795,0.000,0.389,0.000,0.000
3323,1317.233,4.201,5.179,2.277,0.000,4.790,0.000,0.389,0.000,0.000
3324,1317.648,3.482,5.174,2.274,0.000,4.785,0.000,0.389,0.000,0.000
3325,1318.064,6.189,5.169,2.272,0.000,4.781,0.000,0.389,0.000,0.000
3326,1318.479,2.708,5.165,2.269,0.000,4.776,0.000,0.388,0.000,0.000
3327,1318.894,6.845,5.161,2.267,0.000,4.772,0.000,0.388,0.000,0.000
3328,1319.309,7.570,5.158,2.265,0.000,4.770,0.000,0.388,0.000,0.000
3329,1319.724,2.430,5.156,2.264,0.000,4.768,0.000,0.388,0.000,0.000
3330,1320.139,6.095,5.154,2.263,0.000,4.766,0.000,0.388,0.000,0.000
3331,1320.555,9.046,5.152,2.261,0.000,4.764,0.000,0.388,0.000,0.000
3332,1320.970,6.612,5.151,2.260,0.000,4.763,0.000,0.388,0.000,0.000
3333,1321.385,4.518,5.150,2.259,0.000,4.762,0.000,0.388,0.000,0.000
3334,1321.800,0.000,5.149,2.257,0.000,4.761,0.000,0.388,0.000,0.000
3335,1322.215,4.862,5.149,2.256,0.000,4.761,0.000,0.388,0.000,0.000
3336,1322.631,7.344,5.149,2.255,0.000,4.761,0.000,0.388,0.000,0.000
3337,1323.046,2.736,5.149,2.253,0.000,4.761,0.000,0.388,0.000,0.000
3338,1323.461,0.893,5.150,2.252,0.000,4.761,0.000,0.388,0.000,0.000
3339,1323.876,2.975,5.150,2.251,0.000,4.762,0.000,0.388,0.000,0.000
3340,1324.292,7.946,5.152,2.249,0.000,4.763,0.000,0.388,0.000,0.000
3341,1324.707,3.119,5.153,2.248,0.000,4.765,0.000,0.388,0.000,0.000
3342,1325.122,2.779,5.155,2.246,0.000,4.767,0.000,0.388,0.000,0.000
3343,1325.538,5.765,5.157,2.245,0.000,4.769,0.000,0.388,0.000,0.000
3344,1325.953,3.618,5.160,2.244,0.000,4.771,0.000,0.388,0.000,0.000
3345,1326.368,6.887,5.162,2.242,0.000,4.774,0.000,0.388,0.000,0.000
3346,1326.783,3.475,5.166,2.241,0.000,4.777,0.000,0.388,0.000,0.000
3347,1327.199,7.636,5.169,2.240,0.000,4.781,0.000,0.388,0.000,0.000
3348,1327.614,3.265,5.173,2.238,0.000,4.785,0.000,0.388,0.000,0.000
3349,1328.029,2.918,5.177,2.237,0.000,4.789,0.000,0.388,0.000,0.000
3350,1328.445,4.169,5.182,2.236,0.000,4.793,0.000,0.388,0.000,0.000
3351,1328.860,3.033,5.186,2.234,0.000,4.798,0.000,0.388,0.000,0.000
3352,1329.275,3.796,5.192,2.233,0.000,4.803,0.000,0.388,0.000,0.000
3353,1329.691,1.914,5.197,2.232,0.000,4.809,0.000,0.388,0.000,0.000
3354,1330.106,6.778,5.203,2.230,0.000,4.815,0.000,0.388,0.000,0.000
3355,1330.521,2.290,5.209,2.229,0.000,4.821,0.000,0.388,0.000,0.000
3356,1330.937,7.581,5.216,2.228,0.000,4.828,0.000,0.388,0.000,0.000
3357,1331.352,8.710,5.223,2.226,0.000,4.835,0.000,0.388,0.000,0.000
3358,1331.768,5.093,5.230,2.225,0.000,4.842,0.000,0.388,0.000,0.000
3359,1332.183,10.655,5.238,2.224,0.000,4.849,0.000,0.388,0.000,0.000
3360,1332.598,3.777,5.246,2.222,0.000,4.857,0.000,0.388,0.000,0.000
3361,1333.014,6.944,5.254,2.221,0.000,4.866,0.000,0.388,0.000,0.000
3362,1333.429,5.440,5.263,2.220,0.000,4.874,0.000,0.388,0.000,0.000
3363,1333.845,6.349,5.272,2.218,0.000,4.883,0.000,0.388,0.000,0.000
3364,1334.260,3.370,5.281,2.217,0.000,4.893,0.000,0.388,0.000,0.000
3365,1334.676,7.723,5.291,2.216,0.000,4.903,0.000,0.388,0.000,0.000
3366,1335.091,5.452,5.301,2.214,0.000,4.913,0.000,0.388,0.000,0.000
3367,1335.507,1.868,5.311,2.213,0.000,4.923,0.000,0.388,0.000,0.000
3368,1335.922,8.272,5.322,2.212,0.000,4.934,0.000,0.388,0.000,0.000
3369,1336.337,4.188,5.333,2.210,0.000,4.945,0.000,0.388,0.000,0.000
3370,1336.753,0.300,5.345,2.209,0.000,4.957,0.000,0.388,0.000,0.000
3371,1337.168,7.303,5.357,2.208,0.000,4.969,0.000,0.388,0.000,0.000
3372,1337.584,4.609,5.369,2.206,0.000,4.981,0.000,0.388,0.000,0.000
3373,1337.999,8.784,5.382,2.205,0.000,4.993,0.000,0.388,0.000,0.000
3374,1338.415,2.612,5.395,2.204,0.000,5.006,0.000,0.388,0.000,0.000
3375,1338.830,8.028,5.408,2.202,0.000,5.020,0.000,0.388,0.000,0.000
3376,1339.246,3.036,5.422,2.201,0.000,5.033,0.000,0.388,0.000,0.000
3377,1339.661,6.688,5.436,2.200,0.000,5.047,0.000,0.388,0.000,0.000
3378,1340.077,7.129,5.450,2.198,0.000,5.062,0.000,0.388,0.000,0.000
3379,1340.493,1.490,5.465,2.197,0.000,5.076,0.000,0.389,0.000,0.000
3380,1340.908,7.639,5.480,2.196,0.000,5.091,0.000,0.389,0.000,0.000
3381,1341.324,6.040,5.495,2.194,0.000,5.107,0.000,0.389,0.000,0.000
3382,1341.739,14.540,5.511,2.193,0.000,5.122,0.000,0.389,0.000,0.000
3383,1342.155,6.938,5.527,2.192,0.000,5.139,0.000,0.389,0.000,0.000
3384,1342.570,3.703,5.544,2.190,0.000,5.155,0.000,0.389,0.000,0.000
3385,1342.986,7.971,5.560,2.189,0.000,5.172,0.000,0.389,0.000,0.000
3386,1343.402,4.735,5.577,2.188,0.000,5.189,0.000,0.389,0.000,0.000
3387,1343.817,5.326,5.595,2.186,0.000,5.206,0.000,0.389,0.000,0.000
3388,1344.233,4.493,5.613,2.185,0.000,5.224,0.000,0.389,0.000,0.000
3389,1344.648,3.391,5.631,2.184,0.000,5.242,0.000,0.389,0.000,0.000
3390,1345.064,5.058,5.649,2.182,0.000,5.260,0.000,0.389,0.000,0.000
3391,1345.480,6.571,5.668,2.181,0.000,5.279,0.000,0.389,0.000,0.000
3392,1345.895,11.396,5.687,2.180,0.000,5.298,0.000,0.389,0.000,0.000
3393,1346.311,7.111,5.706,2.178,0.000,5.317,0.000,0.389,0.000,0.000
3394,1346.727,10.144,5.726,2.177,0.000,5.337,0.000,0.389,0.000,0.000
3395,1347.142,3.985,5.746,2.176,0.000,5.357,0.000,0.389,0.000,0.000
3396,1347.558,0.860,5.766,2.174,0.000,5.377,0.000,0.389,0.000,0.000
3397,1347.974,8.566,5.786,2.173,0.000,5.397,0.000,0.389,0.000,0.000
3398,1348.389,5.514,5.807,2.172,0.000,5.418,0.000,0.389,0.000,0.000
3399,1348.805,8.408,5.828,2.170,0.000,5.439,0.000,0.389,0.000,0.000
3400,1349.221,4.794,5.850,2.169,0.000,5.460,0.000,0.389,0.000,0.000
3401,1349.636,9.869,5.871,2.168,0.000,5.482,0.000,0.389,0.000,0.000
3402,1350.052,4.146,5.893,2.166,0.000,5.504,0.000,0.389,0.000,0.000
3403,1350.468,6.623,5.915,2.165,0.000,5.526,0.000,0.389,0.000,0.000
3404,1350.883,8.855,5.937,2.163,0.000,5.548,0.000,0.389,0.000,0.000
3405,1351.299,1.237,5.960,2.162,0.000,5.570,0.000,0.389,0.000,0.000
3406,1351.715,15.223,5.983,2.161,0.000,5.593,0.000,0.389,0.000,0.000
3407,1352.131,6.857,6.006,2.159,0.000,5.616,0.000,0.389,0.000,0.000
3408,1352.546,5.634,6.029,2.158,0.000,5.639,0.000,0.389,0.000,0.000
3409,1352.962,3.556,6.052,2.157,0.000,5.663,0.000,0.390,0.000,0.000
3410,1353.378,5.964,6.076,2.155,0.000,5.686,0.000,0.390,0.000,0.000
3411,1353.794,9.615,6.099,2.154,0.000,5.710,0.000,0.390,0.000,0.000
3412,1354.209,8.483,6.123,2.153,0.000,5.734,0.000,0.390,0.000,0.000
3413,1354.625,2.532,6.148,2.151,0.000,5.758,0.000,0.390,0.000,0.000
3414,1355.041,7.488,6.172,2.150,0.000,5.782,0.000,0.390,0.000,0.000
3415,1355.457,5.483,6.196,2.149,0.000,5.806,0.000,0.390,0.000,0.000
3416,1355.873,6.300,6.221,2.147,0.000,5.831,0.000,0.390,0.000,0.000
3417,1356.288,8.516,6.245,2.146,0.000,5.855,0.000,0.390,0.000,0.000
3418,1356.704,5.909,6.270,2.145,0.000,5.880,0.000,0.390,0.000,0.000
3419,1357.120,0.000,6.295,2.143,0.000,5.905,0.000,0.390,0.000,0.000
3420,1357.536,10.890,6.320,2.142,0.000,5.930,0.000,0.390,0.000,0.000
3421,1357.952,4.566,6.345,2.141,0.000,5.955,0.000,0.390,0.000,0.000
3422,1358.368,4.531,6.370,2.139,0.000,5.980,0.000,0.390,0.000,0.000
3423,1358.783,6.199,6.396,2.138,0.000,6.005,0.000,0.390,0.000,0.000
3424,1359.199,7.179,6.421,2.137,0.000,6.031,0.000,0.390,0.000,0.000
3425,1359.615,11.186,6.446,2.135,0.000,6.056,0.000,0.390,0.000,0.000
3426,1360.031,4.448,6.471,2.134,0.000,6.081,0.000,0.390,0.000,0.000
3427,1360.447,3.683,6.497,2.133,0.000,6.106,0.000,0.390,0.000,0.000
3428,1360.863,6.996,6.522,2.131,0.000,6.132,0.000,0.391,0.000,0.000
3429,1361.279,2.624,6.548,2.130,0.000,6.157,0.000,0.391,0.000,0.000
3430,1361.695,5.293,6.573,2.129,0.000,6.182,0.000,0.391,0.000,0.000
3431,1362.111,4.341,6.598,2.127,0.000,6.208,0.000,0.391,0.000,0.000
3432,1362.526,1.105,6.624,2.126,0.000,6.233,0.000,0.391,0.000,0.000
3433,1362.942,8.427,6.649,2.125,0.000,6.258,0.000,0.391,0.000,0.000
3434,1363.358,5.511,6.674,2.123,0.000,6.283,0.000,0.391,0.000,0.000
3435,1363.774,4.571,6.699,2.122,0.000,6.308,0.000,0.391,0.000,0.000
3436,1364.190,3.409,6.724,2.121,0.000,6.333,0.000,0.391,0.000,0.000
3437,1364.606,9.271,6.749,2.119,0.000,6.358,0.000,0.391,0.000,0.000
3438,1365.022,13.665,6.774,2.118,0.000,6.382,0.000,0.391,0.000,0.000
3439,1365.438,2.549,6.798,2.117,0.000,6.407,0.000,0.391,0.000,0.000
3440,1365.854,12.551,6.823,2.115,0.000,6.431,0.000,0.391,0.000,0.000
3441,1366.270,4.057,6.847,2.114,0.000,6.456,0.000,0.391,0.000,0.000
3442,1366.686,14.468,6.871,2.113,0.000,6.480,0.000,0.391,0.000,0.000
3443,1367.102,2.667,6.895,2.111,0.000,6.504,0.000,0.392,0.000,0.000
3444,1367.518,5.389,6.919,2.110,0.000,6.528,0.000,0.392,0.000,0.000
3445,1367.934,4.599,6.943,2.109,0.000,6.551,0.000,0.392,0.000,0.000
3446,1368.350,6.159,6.966,2.107,0.000,6.574,0.000,0.392,0.000,0.000
3447,1368.766,2.471,6.989,2.106,0.000,6.598,0.000,0.392,0.000,0.000
3448,1369.182,1.166,7.012,2.105,0.000,6.620,0.000,0.392,0.000,0.000
3449,1369.598,11.531,7.035,2.103,0.000,6.643,0.000,0.392,0.000,0.000
3450,1370.014,2.294,7.058,2.102,0.000,6.665,0.000,0.392,0.000,0.000
3451,1370.430,9.582,7.080,2.101,0.000,6.687,0.000,0.392,0.000,0.000
3452,1370.846,6.595,7.102,2.099,0.000,6.709,0.000,0.392,0.000,0.000
3453,1371.262,2.210,7.123,2.098,0.000,6.731,0.000,0.392,0.000,0.000
3454,1371.678,4.061,7.144,2.097,0.000,6.752,0.000,0.392,0.000,0.000
3455,1372.094,0.508,7.165,2.095,0.000,6.773,0.000,0.393,0.000,0.000
3456,1372.511,8.803,7.186,2.094,0.000,6.793,0.000,0.393,0.000,0.000
3457,1372.927,8.822,7.206,2.093,0.000,6.814,0.000,0.393,0.000,0.000
3458,1373.343,8.696,7.226,2.091,0.000,6.833,0.000,0.393,0.000,0.000
3459,1373.759,11.829,7.246,2.090,0.000,6.853,0.000,0.393,0.000,0.000
3460,1374.175,7.739,7.265,2.089,0.000,6.872,0.000,0.393,0.000,0.000
3461,1374.591,12.562,7.284,2.087,0.000,6.891,0.000,0.393,0.000,0.000
3462,1375.007,11.027,7.302,2.086,0.000,6.909,0.000,0.393,0.000,0.000
3463,1375.423,11.612,7.320,2.085,0.000,6.927,0.000,0.393,0.000,0.000
3464,1375.840,10.433,7.338,2.083,0.000,6.945,0.000,0.393,0.000,0.000
3465,1376.256,5.623,7.355,2.082,0.000,6.962,0.000,0.394,0.000,0.000
3466,1376.672,13.974,7.372,2.081,0.000,6.978,0.000,0.394,0.000,0.000
3467,1377.088,11.231,7.388,2.079,0.000,6.994,0.000,0.394,0.000,0.000
3468,1377.504,9.764,7.404,2.078,0.000,7.010,0.000,0.394,0.000,0.000
3469,1377.920,8.933,7.419,2.076,0.000,7.026,0.000,0.394,0.000,0.000
3470,1378.337,7.421,7.434,2.075,0.000,7.040,0.000,0.394,0.000,0.000
3471,1378.753,10.740,7.449,2.074,0.000,7.055,0.000,0.394,0.000,0.000
3472,1379.169,8.280,7.463,2.072,0.000,7.069,0.000,0.394,0.000,0.000
3473,1379.585,8.570,7.476,2.071,0.000,7.082,0.000,0.394,0.000,0.000
3474,1380.001,2.302,7.489,2.070,0.000,7.095,0.000,0.395,0.000,0.000
3475,1380.418,8.473,7.502,2.068,0.000,7.107,0.000,0.395,0.000,0.000
3476,1380.834,6.737,7.514,2.067,0.000,7.119,0.000,0.395,0.000,0.000
3477,1381.250,10.232,7.525,2.066,0.000,7.130,0.000,0.395,0.000,0.000
3478,1381.666,12.381,7.536,2.064,0.000,7.141,0.000,0.395,0.000,0.000
3479,1382.082,4.949,7.547,2.063,0.000,7.152,0.000,0.395,0.000,0.000
3480,1382.499,4.218,7.557,2.062,0.000,7.161,0.000,0.395,0.000,0.000
3481,1382.915,17.013,7.566,2.060,0.000,7.171,0.000,0.395,0.000,0.000
3482,1383.331,9.963,7.575,2.059,0.000,7.179,0.000,0.396,0.000,0.000
3483,1383.748,5.636,7.583,2.058,0.000,7.188,0.000,0.396,0.000,0.000
3484,1384.164,7.070,7.591,2.056,0.000,7.195,0.000,0.396,0.000,0.000
3485,1384.580,5.921,7.598,2.055,0.000,7.202,0.000,0.396,0.000,0.000
3486,1384.996,4.119,7.605,2.054,0.000,7.209,0.000,0.396,0.000,0.000
3487,1385.413,6.872,7.611,2.052,0.000,7.215,0.000,0.396,0.000,0.000
3488,1385.829,11.854,7.616,2.051,0.000,7.220,0.000,0.396,0.000,0.000
3489,1386.245,3.472,7.621,2.050,0.000,7.225,0.000,0.396,0.000,0.000
3490,1386.662,7.635,7.626,2.048,0.000,7.229,0.000,0.397,0.000,0.000
3491,1387.078,7.610,7.630,2.047,0.000,7.233,0.000,0.397,0.000,0.000
3492,1387.494,4.567,7.633,2.046,0.000,7.236,0.000,0.397,0.000,0.000
3493,1387.911,5.241,7.635,2.044,0.000,7.238,0.000,0.397,0.000,0.000
3494,1388.327,15.342,7.638,2.043,0.000,7.240,0.000,0.397,0.000,0.000
3495,1388.743,9.782,7.639,2.042,0.000,7.242,0.000,0.397,0.000,0.000
3496,1389.160,0.998,7.640,2.040,0.000,7.243,0.000,0.397,0.000,0.000
3497,1389.576,5.459,7.641,2.039,0.000,7.243,0.000,0.398,0.000,0.000
3498,1389.992,2.988,7.640,2.038,0.000,7.243,0.000,0.398,0.000,0.000
3499,1390.409,4.012,7.640,2.036,0.000,7.242,0.000,0.398,0.000,0.000
3500,1390.825,5.247,7.638,2.035,0.000,7.240,0.000,0.398,0.000,0.000
3501,1391.242,8.235,7.636,2.034,0.000,7.238,0.000,0.398,0.000,0.000
3502,1391.658,1.527,7.634,2.032,0.000,7.236,0.000,0.398,0.000,0.000
3503,1392.074,8.598,7.631,2.031,0.000,7.233,0.000,0.398,0.000,0.000
3504,1392.491,10.235,7.628,2.030,0.000,7.229,0.000,0.399,0.000,0.000
3505,1392.907,8.632,7.623,2.028,0.000,7.225,0.000,0.399,0.000,0.000
3506,1393.324,9.084,7.619,2.027,0.000,7.220,0.000,0.399,0.000,0.000
3507,1393.740,12.632,7.614,2.026,0.000,7.215,0.000,0.399,0.000,0.000
3508,1394.157,5.761,7.608,2.024,0.000,7.209,0.000,0.399,0.000,0.000
3509,1394.573,5.096,7.602,2.023,0.000,7.202,0.000,0.399,0.000,0.000
3510,1394.989,12.708,7.595,2.022,0.000,7.195,0.000,0.399,0.000,0.000
3511,1395.406,8.416,7.587,2.020,0.000,7.188,0.000,0.400,0.000,0.000
3512,1395.822,5.401,7.580,2.019,0.000,7.180,0.000,0.400,0.000,0.000
3513,1396.239,3.018,7.571,2.018,0.000,7.171,0.000,0.400,0.000,0.000
3514,1396.655,4.938,7.562,2.016,0.000,7.162,0.000,0.400,0.000,0.000
3515,1397.072,7.252,7.553,2.015,0.000,7.153,0.000,0.400,0.000,0.000
3516,1397.488,6.725,7.543,2.014,0.000,7.142,0.000,0.400,0.000,0.000
3517,1397.905,6.096,7.532,2.012,0.000,7.132,0.000,0.400,0.000,0.000
3518,1398.321,14.000,7.521,2.011,0.000,7.121,0.000,0.401,0.000,0.000
3519,1398.738,12.664,7.510,2.010,0.000,7.109,0.000,0.401,0.000,0.000
3520,1399.154,10.843,7.498,2.008,0.000,7.097,0.000,0.401,0.000,0.000
3521,1399.571,4.093,7.486,2.007,0.000,7.085,0.000,0.401,0.000,0.000
3522,1399.987,6.048,7.473,2.006,0.000,7.072,0.000,0.401,0.000,0.000
3523,1400.404,4.667,7.459,2.004,0.000,7.058,0.000,0.401,0.000,0.000
3524,1400.821,6.751,7.446,2.003,0.000,7.044,0.000,0.402,0.000,0.000
3525,1401.237,9.837,7.431,2.002,0.000,7.030,0.000,0.402,0.000,0.000
3526,1401.654,5.261,7.417,2.000,0.000,7.015,0.000,0.402,0.000,0.000
3527,1402.070,12.000,7.402,1.999,0.000,7.000,0.000,0.402,0.000,0.000
3528,1402.487,4.744,7.386,1.998,0.000,6.984,0.000,0.402,0.000,0.000
3529,1402.903,3.636,7.370,1.996,0.000,6.968,0.000,0.402,0.000,0.000
3530,1403.320,5.841,7.354,1.995,0.000,6.951,0.000,0.402,0.000,0.000
3531,1403.737,6.513,7.337,1.993,0.000,6.934,0.000,0.403,0.000,0.000
3532,1404.153,1.933,7.320,1.992,0.000,6.917,0.000,0.403,0.000,0.000
3533,1404.570,2.974,7.302,1.991,0.000,6.899,0.000,0.403,0.000,0.000
3534,1404.986,10.878,7.284,1.989,0.000,6.881,0.000,0.403,0.000,0.000
3535,1405.403,14.019,7.266,1.988,0.000,6.863,0.000,0.403,0.000,0.000
3536,1405.820,6.628,7.248,1.987,0.000,6.844,0.000,0.403,0.000,0.000
3537,1406.236,7.665,7.229,1.985,0.000,6.825,0.000,0.403,0.000,0.000
3538,1406.653,5.096,7.209,1.984,0.000,6.806,0.000,0.404,0.000,0.000
3539,1407.070,6.067,7.190,1.983,0.000,6.786,0.000,0.404,0.000,0.000
3540,1407.486,9.631,7.170,1.981,0.000,6.766,0.000,0.404,0.000,0.000
3541,1407.903,7.302,7.149,1.980,0.000,6.745,0.000,0.404,0.000,0.000
3542,1408.320,11.716,7.129,1.979,0.000,6.725,0.000,0.404,0.000,0.000
3543,1408.736,3.770,7.108,1.977,0.000,6.704,0.000,0.404,0.000,0.000
3544,1409.153,10.179,7.087,1.976,0.000,6.682,0.000,0.404,0.000,0.000
3545,1409.570,3.563,7.065,1.975,0.000,6.661,0.000,0.405,0.000,0.000
3546,1409.986,8.918,7.044,1.973,0.000,6.639,0.000,0.405,0.000,0.000
3547,1410.403,4.524,7.022,1.972,0.000,6.617,0.000,0.405,0.000,0.000
3548,1410.820,7.114,6.999,1.971,0.000,6.594,0.000,0.405,0.000,0.000
3549,1411.237,4.189,6.977,1.969,0.000,6.572,0.000,0.405,0.000,0.000
3550,1411.653,9.529,6.954,1.968,0.000,6.549,0.000,0.405,0.000,0.000
3551,1412.070,7.685,6.931,1.967,0.000,6.526,0.000,0.405,0.000,0.000
3552,1412.487,10.763,6.908,1.965,0.000,6.503,0.000,0.405,0.000,0.000
3553,1412.904,7.798,6.885,1.964,0.000,6.479,0.000,0.406,0.000,0.000
3554,1413.320,7.536,6.862,1.963,0.000,6.456,0.000,0.406,0.000,0.000
3555,1413.737,3.780,6.838,1.961,0.000,6.432,0.000,0.406,0.000,0.000
3556,1414.154,12.130,6.814,1.960,0.000,6.408,0.000,0.406,0.000,0.000
3557,1414.571,7.750,6.790,1.959,0.000,6.384,0.000,0.406,0.000,0.000
3558,1414.987,7.566,6.766,1.957,0.000,6.360,0.000,0.406,0.000,0.000
3559,1415.404,3.674,6.742,1.956,0.000,6.335,0.000,0.406,0.000,0.000
3560,1415.821,8.009,6.717,1.955,0.000,6.311,0.000,0.406,0.000,0.000
3561,1416.238,7.127,6.693,1.953,0.000,6.286,0.000,0.407,0.000,0.000
3562,1416.655,8.230,6.668,1.952,0.000,6.262,0.000,0.407,0.000,0.000
3563,1417.071,8.081,6.644,1.951,0.000,6.237,0.000,0.407,0.000,0.000
3564,1417.488,12.489,6.619,1.949,0.000,6.212,0.000,0.407,0.000,0.000
3565,1417.905,4.627,6.594,1.948,0.000,6.187,0.000,0.407,0.000,0.000
3566,1418.322,14.205,6.569,1.947,0.000,6.162,0.000,0.407,0.000,0.000
3567,1418.739,6.619,6.544,1.945,0.000,6.137,0.000,0.407,0.000,0.000
3568,1419.156,4.426,6.519,1.944,0.000,6.112,0.000,0.407,0.000,0.000
3569,1419.572,4.915,6.494,1.943,0.000,6.086,0.000,0.407,0.000,0.000
3570,1419.989,1.321,6.469,1.941,0.000,6.061,0.000,0.408,0.000,0.000
3571,1420.406,8.520,6.443,1.940,0.000,6.036,0.000,0.408,0.000,0.000
3572,1420.823,8.319,6.418,1.939,0.000,6.011,0.000,0.408,0.000,0.000
3573,1421.240,0.972,6.393,1.937,0.000,5.985,0.000,0.408,0.000,0.000
3574,1421.657,4.331,6.368,1.936,0.000,5.960,0.000,0.408,0.000,0.000
3575,1422.074,0.514,6.343,1.935,0.000,5.935,0.000,0.408,0.000,0.000
3576,1422.491,8.687,6.318,1.933,0.000,5.909,0.000,0.408,0.000,0.000
3577,1422.908,3.466,6.292,1.932,0.000,5.884,0.000,0.408,0.000,0.000
3578,1423.324,12.079,6.267,1.931,0.000,5.859,0.000,0.408,0.000,0.000
3579,1423.741,9.536,6.242,1.929,0.000,5.834,0.000,0.408,0.000,0.000
3580,1424.158,6.033,6.217,1.928,0.000,5.809,0.000,0.408,0.000,0.000
3581,1424.575,4.290,6.192,1.927,0.000,5.784,0.000,0.408,0.000,0.000
3582,1424.992,4.321,6.167,1.925,0.000,5.759,0.000,0.409,0.000,0.000
3583,1425.409,5.281,6.143,1.924,0.000,5.734,0.000,0.409,0.000,0.000
3584,1425.826,14.198,6.118,1.923,0.000,5.709,0.000,0.409,0.000,0.000
3585,1426.243,10.649,6.093,1.921,0.000,5.684,0.000,0.409,0.000,0.000
3586,1426.660,5.176,6.069,1.920,0.000,5.660,0.000,0.409,0.000,0.000
3587,1427.077,15.347,6.044,1.919,0.000,5.635,0.000,0.409,0.000,0.000
3588,1427.494,1.079,6.020,1.917,0.000,5.611,0.000,0.409,0.000,0.000
3589,1427.911,4.640,5.996,1.916,0.000,5.587,0.000,0.409,0.000,0.000
3590,1428.328,1.897,5.972,1.915,0.000,5.563,0.000,0.409,0.000,0.000
3591,1428.745,0.852,5.948,1.913,0.000,5.539,0.000,0.409,0.000,0.000
3592,1429.162,9.210,5.924,1.912,0.000,5.515,0.000,0.409,0.000,0.000
3593,1429.579,2.572,5.900,1.911,0.000,5.491,0.000,0.409,0.000,0.000
3594,1429.996,10.358,5.877,1.909,0.000,5.467,0.000,0.409,0.000,0.000
3595,1430.413,7.945,5.853,1.908,0.000,5.444,0.000,0.409,0.000,0.000
3596,1430.830,9.093,5.830,1.906,0.000,5.421,0.000,0.409,0.000,0.000
3597,1431.247,8.809,5.807,1.905,0.000,5.398,0.000,0.409,0.000,0.000
3598,1431.664,6.636,5.784,1.904,0.000,5.375,0.000,0.409,0.000,0.000
3599,1432.081,6.644,5.762,1.902,0.000,5.352,0.000,0.410,0.000,0.000
3600,1432.498,3.465,5.739,1.901,0.000,5.330,0.000,0.410,0.000,0.000
3601,1432.915,2.748,5.717,1.900,0.000,5.307,0.000,0.410,0.000,0.000
3602,1433.332,6.925,5.695,1.898,0.000,5.285,0.000,0.410,0.000,0.000
3603,1433.750,6.878,5.673,1.897,0.000,5.263,0.000,0.410,0.000,0.000
3604,1434.167,9.936,5.651,1.896,0.000,5.242,0.000,0.410,0.000,0.000
3605,1434.584,8.449,5.630,1.894,0.000,5.220,0.000,0.410,0.000,0.000
3606,1435.001,3.044,5.609,1.893,0.000,5.199,0.000,0.410,0.000,0.000
3607,1435.418,7.714,5.588,1.892,0.000,5.178,0.000,0.410,0.000,0.000
3608,1435.835,0.000,5.567,1.890,0.000,5.157,0.000,0.410,0.000,0.000
3609,1436.252,1.525,5.546,1.889,0.000,5.136,0.000,0.410,0.000,0.000
3610,1436.669,4.408,5.526,1.888,0.000,5.116,0.000,0.410,0.000,0.000
3611,1437.086,7.478,5.506,1.886,0.000,5.096,0.000,0.410,0.000,0.000
3612,1437.504,8.547,5.486,1.885,0.000,5.076,0.000,0.410,0.000,0.000
3613,1437.921,4.278,5.466,1.884,0.000,5.056,0.000,0.410,0.000,0.000
3614,1438.338,10.066,5.447,1.882,0.000,5.037,0.000,0.410,0.000,0.000
3615,1438.755,1.311,5.428,1.881,0.000,5.018,0.000,0.410,0.000,0.000
3616,1439.172,0.000,5.409,1.880,0.000,4.999,0.000,0.410,0.000,0.000
3617,1439.589,7.135,5.390,1.878,0.000,4.980,0.000,0.410,0.000,0.000
3618,1440.007,0.786,5.372,1.877,0.000,4.962,0.000,0.410,0.000,0.000
3619,1440.424,4.036,5.354,1.876,0.000,4.944,0.000,0.410,0.000,0.000
3620,1440.841,12.737,5.336,1.874,0.000,4.926,0.000,0.410,0.000,0.000
3621,1441.258,6.579,5.319,1.873,0.000,4.909,0.000,0.410,0.000,0.000
3622,1441.675,3.616,5.301,1.872,0.000,4.891,0.000,0.410,0.000,0.000
3623,1442.093,2.038,5.284,1.870,0.000,4.874,0.000,0.410,0.000,0.000
3624,1442.510,3.649,5.268,1.869,0.000,4.858,0.000,0.410,0.000,0.000
3625,1442.927,8.133,5.251,1.868,0.000,4.841,0.000,0.410,0.000,0.000
3626,1443.344,5.813,5.235,1.866,0.000,4.825,0.000,0.410,0.000,0.000
3627,1443.761,1.960,5.219,1.865,0.000,4.809,0.000,0.410,0.000,0.000
3628,1444.179,10.836,5.203,1.864,0.000,4.793,0.000,0.410,0.000,0.000
3629,1444.596,2.982,5.188,1.862,0.000,4.778,0.000,0.410,0.000,0.000
3630,1445.013,1.288,5.173,1.861,0.000,4.763,0.000,0.410,0.000,0.000
3631,1445.431,0.510,5.158,1.860,0.000,4.748,0.000,0.410,0.000,0.000
3632,1445.848,1.908,5.144,1.858,0.000,4.734,0.000,0.410,0.000,0.000
3633,1446.265,0.000,5.130,1.857,0.000,4.720,0.000,0.410,0.000,0.000
3634,1446.682,7.565,5.116,1.856,0.000,4.706,0.000,0.410,0.000,0.000
3635,1447.100,5.661,5.102,1.854,0.000,4.692,0.000,0.410,0.000,0.000
3636,1447.517,5.217,5.089,1.853,0.000,4.679,0.000,0.410,0.000,0.000
3637,1447.934,5.512,5.076,1.852,0.000,4.666,0.000,0.410,0.000,0.000
3638,1448.352,0.000,5.063,1.850,0.000,4.653,0.000,0.410,0.000,0.000
3639,1448.769,0.000,5.050,1.849,0.000,4.640,0.000,0.410,0.000,0.000
3640,1449.186,6.459,5.038,1.848,0.000,4.628,0.000,0.410,0.000,0.000
3641,1449.604,6.816,5.026,1.846,0.000,4.616,0.000,0.410,0.000,0.000
3642,1450.021,3.170,5.015,1.845,0.000,4.605,0.000,0.410,0.000,0.000
3643,1450.438,5.315,5.003,1.844,0.000,4.593,0.000,0.410,0.000,0.000
3644,1450.856,6.365,4.992,1.842,0.000,4.582,0.000,0.410,0.000,0.000
3645,1451.273,4.888,4.981,1.841,0.000,4.571,0.000,0.410,0.000,0.000
3646,1451.690,1.173,4.971,1.840,0.000,4.561,0.000,0.410,0.000,0.000
3647,1452.108,2.546,4.961,1.838,0.000,4.551,0.000,0.410,0.000,0.000
3648,1452.525,0.000,4.951,1.837,0.000,4.541,0.000,0.410,0.000,0.000
3649,1452.942,3.923,4.941,1.836,0.000,4.531,0.000,0.410,0.000,0.000
3650,1453.360,4.208,4.932,1.834,0.000,4.522,0.000,0.410,0.000,0.000
3651,1453.777,1.788,4.923,1.833,0.000,4.513,0.000,0.410,0.000,0.000
3652,1454.195,5.558,4.914,1.832,0.000,4.504,0.000,0.410,0.000,0.000
3653,1454.612,0.000,4.905,1.830,0.000,4.495,0.000,0.410,0.000,0.000
3654,1455.029,2.920,4.897,1.829,0.000,4.487,0.000,0.410,0.000,0.000
3655,1455.447,5.014,4.889,1.828,0.000,4.479,0.000,0.410,0.000,0.000
3656,1455.864,2.509,4.881,1.826,0.000,4.472,0.000,0.410,0.000,0.000
3657,1456.282,5.918,4.874,1.825,0.000,4.464,0.000,0.410,0.000,0.000
3658,1456.699,2.012,4.867,1.824,0.000,4.457,0.000,0.410,0.000,0.000
3659,1457.117,12.057,4.860,1.822,0.000,4.450,0.000,0.410,0.000,0.000
3660,1457.534,4.322,4.853,1.821,0.000,4.443,0.000,0.410,0.000,0.000
3661,1457.952,4.004,4.847,1.819,0.000,4.437,0.000,0.410,0.000,0.000
3662,1458.369,1.520,4.840,1.818,0.000,4.431,0.000,0.410,0.000,0.000
3663,1458.787,1.416,4.835,1.817,0.000,4.425,0.000,0.410,0.000,0.000
3664,1459.204,2.225,4.829,1.815,0.000,4.419,0.000,0.409,0.000,0.000
3665,1459.621,1.156,4.824,1.814,0.000,4.414,0.000,0.409,0.000,0.000
3666,1460.039,0.932,4.818,1.813,0.000,4.409,0.000,0.409,0.000,0.000
3667,1460.456,2.506,4.814,1.811,0.000,4.404,0.000,0.409,0.000,0.000
3668,1460.874,1.762,4.809,1.810,0.000,4.400,0.000,0.409,0.000,0.000
3669,1461.291,5.221,4.804,1.809,0.000,4.395,0.000,0.409,0.000,0.000
3670,1461.709,4.590,4.800,1.807,0.000,4.391,0.000,0.409,0.000,0.000
3671,1462.127,0.000,4.796,1.806,0.000,4.387,0.000,0.409,0.000,0.000
3672,1462.544,0.000,4.793,1.805,0.000,4.383,0.000,0.409,0.000,0.000
3673,1462.962,0.000,4.789,1.803,0.000,4.380,0.000,0.409,0.000,0.000
3674,1463.379,6.905,4.786,1.802,0.000,4.377,0.000,0.409,0.000,0.000
3675,1463.797,1.124,4.783,1.801,0.000,4.374,0.000,0.409,0.000,0.000
3676,1464.214,0.833,4.780,1.799,0.000,4.371,0.000,0.409,0.000,0.000
3677,1464.632,4.973,4.778,1.798,0.000,4.369,0.000,0.409,0.000,0.000
3678,1465.049,4.136,4.775,1.797,0.000,4.366,0.000,0.409,0.000,0.000
3679,1465.467,8.151,4.773,1.795,0.000,4.364,0.000,0.409,0.000,0.000
3680,1465.885,0.000,4.771,1.794,0.000,4.362,0.000,0.409,0.000,0.000
3681,1466.302,11.570,4.770,1.793,0.000,4.361,0.000,0.409,0.000,0.000
3682,1466.720,1.809,4.768,1.791,0.000,4.359,0.000,0.409,0.000,0.000
3683,1467.137,1.653,4.767,1.790,0.000,4.358,0.000,0.409,0.000,0.000
3684,1467.555,12.283,4.766,1.789,0.000,4.357,0.000,0.409,0.000,0.000
3685,1467.973,0.936,4.765,1.787,0.000,4.356,0.000,0.409,0.000,0.000
3686,1468.390,0.000,4.764,1.786,0.000,4.355,0.000,0.409,0.000,0.000
3687,1468.808,1.938,4.763,1.785,0.000,4.355,0.000,0.409,0.000,0.000
3688,1469.225,2.964,4.763,1.783,0.000,4.354,0.000,0.409,0.000,0.000
3689,1469.643,4.363,4.763,1.782,0.000,4.354,0.000,0.409,0.000,0.000
3690,1470.061,3.693,4.763,1.781,0.000,4.354,0.000,0.409,0.000,0.000
3691,1470.478,0.224,4.763,1.779,0.000,4.354,0.000,0.409,0.000,0.000
3692,1470.896,7.737,4.763,1.778,0.000,4.355,0.000,0.409,0.000,0.000
3693,1471.314,6.855,4.764,1.777,0.000,4.355,0.000,0.409,0.000,0.000
3694,1471.731,4.899,4.764,1.775,0.000,4.356,0.000,0.409,0.000,0.000
3695,1472.149,0.000,4.765,1.774,0.000,4.357,0.000,0.408,0.000,0.000
3696,1472.567,0.561,4.766,1.773,0.000,4.358,0.000,0.408,0.000,0.000
3697,1472.984,5.936,4.767,1.771,0.000,4.359,0.000,0.408,0.000,0.000
3698,1473.402,1.522,4.768,1.770,0.000,4.360,0.000,0.408,0.000,0.000
3699,1473.820,0.000,4.770,1.769,0.000,4.361,0.000,0.408,0.000,0.000
3700,1474.238,0.234,4.771,1.767,0.000,4.363,0.000,0.408,0.000,0.000
3701,1474.655,8.277,4.773,1.766,0.000,4.364,0.000,0.408,0.000,0.000
3702,1475.073,6.533,4.774,1.765,0.000,4.366,0.000,0.408,0.000,0.000
3703,1475.491,1.762,4.776,1.763,0.000,4.368,0.000,0.408,0.000,0.000
3704,1475.909,1.533,4.778,1.762,0.000,4.370,0.000,0.408,0.000,0.000
3705,1476.326,3.663,4.780,1.761,0.000,4.372,0.000,0.408,0.000,0.000
3706,1476.744,5.252,4.783,1.759,0.000,4.374,0.000,0.408,0.000,0.000
3707,1477.162,2.938,4.785,1.758,0.000,4.377,0.000,0.408,0.000,0.000
3708,1477.580,0.000,4.787,1.757,0.000,4.379,0.000,0.408,0.000,0.000
3709,1477.997,2.046,4.790,1.755,0.000,4.382,0.000,0.408,0.000,0.000
3710,1478.415,0.163,4.792,1.754,0.000,4.384,0.000,0.408,0.000,0.000
3711,1478.833,4.628,4.795,1.753,0.000,4.387,0.000,0.408,0.000,0.000
3712,1479.251,0.000,4.798,1.751,0.000,4.390,0.000,0.408,0.000,0.000
3713,1479.668,7.702,4.800,1.750,0.000,4.392,0.000,0.408,0.000,0.000
3714,1480.086,1.896,4.803,1.749,0.000,4.395,0.000,0.408,0.000,0.000
3715,1480.504,4.561,4.806,1.747,0.000,4.398,0.000,0.408,0.000,0.000
3716,1480.922,0.781,4.809,1.746,0.000,4.401,0.000,0.408,0.000,0.000
3717,1481.340,2.079,4.812,1.745,0.000,4.404,0.000,0.408,0.000,0.000
3718,1481.758,4.326,4.815,1.743,0.000,4.407,0.000,0.408,0.000,0.000
3719,1482.175,6.614,4.818,1.742,0.000,4.411,0.000,0.408,0.000,0.000
3720,1482.593,6.608,4.821,1.741,0.000,4.414,0.000,0.408,0.000,0.000
3721,1483.011,5.310,4.825,1.739,0.000,4.417,0.000,0.408,0.000,0.000
3722,1483.429,10.554,4.828,1.738,0.000,4.420,0.000,0.408,0.000,0.000
3723,1483.847,3.837,4.831,1.736,0.000,4.423,0.000,0.408,0.000,0.000
3724,1484.265,1.459,4.834,1.735,0.000,4.427,0.000,0.408,0.000,0.000
3725,1484.683,3.515,4.838,1.734,0.000,4.430,0.000,0.408,0.000,0.000
3726,1485.100,3.676,4.841,1.732,0.000,4.433,0.000,0.408,0.000,0.000
3727,1485.518,4.614,4.844,1.731,0.000,4.436,0.000,0.408,0.000,0.000
3728,1485.936,3.578,4.847,1.730,0.000,4.440,0.000,0.408,0.000,0.000
3729,1486.354,7.484,4.851,1.728,0.000,4.443,0.000,0.408,0.000,0.000
3730,1486.772,4.554,4.854,1.727,0.000,4.446,0.000,0.408,0.000,0.000
3731,1487.190,10.502,4.857,1.726,0.000,4.449,0.000,0.408,0.000,0.000
3732,1487.608,0.793,4.860,1.724,0.000,4.453,0.000,0.408,0.000,0.000
3733,1488.026,0.269,4.863,1.723,0.000,4.456,0.000,0.408,0.000,0.000
3734,1488.444,6.558,4.866,1.722,0.000,4.459,0.000,0.408,0.000,0.000
3735,1488.862,6.874,4.869,1.720,0.000,4.462,0.000,0.408,0.000,0.000
3736,1489.280,8.061,4.872,1.719,0.000,4.465,0.000,0.408,0.000,0.000
3737,1489.697,3.053,4.875,1.718,0.000,4.468,0.000,0.408,0.000,0.000
3738,1490.115,2.825,4.878,1.716,0.000,4.471,0.000,0.408,0.000,0.000
3739,1490.533,9.408,4.881,1.715,0.000,4.474,0.000,0.408,0.000,0.000
3740,1490.951,5.123,4.884,1.714,0.000,4.476,0.000,0.408,0.000,0.000
3741,1491.369,2.076,4.887,1.712,0.000,4.479,0.000,0.408,0.000,0.000
3742,1491.787,8.274,4.889,1.711,0.000,4.482,0.000,0.408,0.000,0.000
3743,1492.205,9.657,4.892,1.710,0.000,4.484,0.000,0.408,0.000,0.000
3744,1492.623,5.714,4.894,1.708,0.000,4.487,0.000,0.408,0.000,0.000
3745,1493.041,7.463,4.896,1.707,0.000,4.489,0.000,0.408,0.000,0.000
3746,1493.459,6.831,4.899,1.706,0.000,4.491,0.000,0.408,0.000,0.000
3747,1493.877,1.520,4.901,1.704,0.000,4.493,0.000,0.408,0.000,0.000
3748,1494.295,13.016,4.903,1.703,0.000,4.495,0.000,0.408,0.000,0.000
3749,1494.713,3.143,4.905,1.702,0.000,4.497,0.000,0.408,0.000,0.000
3750,1495.131,4.020,4.907,1.700,0.000,4.499,0.000,0.408,0.000,0.000
3751,1495.549,0.000,4.908,1.699,0.000,4.500,0.000,0.408,0.000,0.000
3752,1495.967,0.000,4.910,1.698,0.000,4.502,0.000,0.408,0.000,0.000
3753,1496.385,8.034,4.911,1.696,0.000,4.503,0.000,0.408,0.000,0.000
3754,1496.804,6.314,4.912,1.695,0.000,4.505,0.000,0.408,0.000,0.000
3755,1497.222,8.725,4.913,1.694,0.000,4.506,0.000,0.408,0.000,0.000
3756,1497.640,0.644,4.914,1.692,0.000,4.507,0.000,0.408,0.000,0.000
3757,1498.058,6.316,4.915,1.691,0.000,4.507,0.000,0.408,0.000,0.000
3758,1498.476,9.139,4.916,1.690,0.000,4.508,0.000,0.408,0.000,0.000
3759,1498.894,4.047,4.916,1.688,0.000,4.508,0.000,0.408,0.000,0.000
3760,1499.312,5.136,4.917,1.687,0.000,4.509,0.000,0.408,0.000,0.000
3761,1499.730,0.593,4.917,1.686,0.000,4.509,0.000,0.408,0.000,0.000
3762,1500.148,1.794,4.917,1.684,0.000,4.509,0.000,0.408,0.000,0.000
3763,1500.566,8.336,4.917,1.683,0.000,4.509,0.000,0.408,0.000,0.000
3764,1500.984,5.651,4.916,1.682,0.000,4.508,0.000,0.408,0.000,0.000
3765,1501.403,7.303,4.916,1.680,0.000,4.508,0.000,0.408,0.000,0.000
3766,1501.821,6.689,4.915,1.679,0.000,4.507,0.000,0.408,0.000,0.000
3767,1502.239,5.923,4.914,1.678,0.000,4.506,0.000,0.408,0.000,0.000
3768,1502.657,0.000,4.913,1.676,0.000,4.505,0.000,0.408,0.000,0.000
3769,1503.075,6.996,4.912,1.675,0.000,4.503,0.000,0.408,0.000,0.000
3770,1503.493,5.028,4.910,1.674,0.000,4.502,0.000,0.408,0.000,0.000
3771,1503.911,3.128,4.909,1.672,0.000,4.500,0.000,0.408,0.000,0.000
3772,1504.330,8.069,4.907,1.671,0.000,4.498,0.000,0.409,0.000,0.000
3773,1504.748,8.085,4.905,1.670,0.000,4.496,0.000,0.409,0.000,0.000
3774,1505.166,5.257,4.902,1.668,0.000,4.493,0.000,0.409,0.000,0.000
3775,1505.584,6.031,4.900,1.667,0.000,4.491,0.000,0.409,0.000,0.000
3776,1506.002,7.308,4.897,1.666,0.000,4.488,0.000,0.409,0.000,0.000
3777,1506.421,5.110,4.894,1.664,0.000,4.485,0.000,0.409,0.000,0.000
3778,1506.839,3.326,4.891,1.663,0.000,4.482,0.000,0.409,0.000,0.000
3779,1507.257,10.374,4.887,1.662,0.000,4.478,0.000,0.409,0.000,0.000
3780,1507.675,4.147,4.884,1.660,0.000,4.475,0.000,0.409,0.000,0.000
3781,1508.093,11.035,4.880,1.659,0.000,4.471,0.000,0.409,0.000,0.000
3782,1508.512,4.928,4.876,1.658,0.000,4.467,0.000,0.409,0.000,0.000
3783,1508.930,5.567,4.872,1.656,0.000,4.462,0.000,0.410,0.000,0.000
3784,1509.348,2.994,4.867,1.655,0.000,4.458,0.000,0.410,0.000,0.000
3785,1509.766,5.509,4.863,1.654,0.000,4.453,0.000,0.410,0.000,0.000
3786,1510.185,1.898,4.858,1.652,0.000,4.448,0.000,0.410,0.000,0.000
3787,1510.603,0.000,4.852,1.651,0.000,4.442,0.000,0.410,0.000,0.000
3788,1511.021,6.481,4.847,1.649,0.000,4.437,0.000,0.410,0.000,0.000
3789,1511.439,7.954,4.841,1.648,0.000,4.431,0.000,0.410,0.000,0.000
3790,1511.858,5.584,4.836,1.647,0.000,4.425,0.000,0.410,0.000,0.000
3791,1512.276,6.853,4.830,1.645,0.000,4.419,0.000,0.411,0.000,0.000
3792,1512.694,3.417,4.823,1.644,0.000,4.413,0.000,0.411,0.000,0.000
3793,1513.113,4.846,4.817,1.643,0.000,4.406,0.000,0.411,0.000,0.000
3794,1513.531,4.277,4.810,1.641,0.000,4.399,0.000,0.411,0.000,0.000
3795,1513.949,4.302,4.803,1.640,0.000,4.392,0.000,0.411,0.000,0.000
3796,1514.367,7.060,4.796,1.639,0.000,4.385,0.000,0.411,0.000,0.000
3797,1514.786,0.818,4.789,1.637,0.000,4.377,0.000,0.412,0.000,0.000
3798,1515.204,6.354,4.781,1.636,0.000,4.369,0.000,0.412,0.000,0.000
3799,1515.622,5.181,4.773,1.635,0.000,4.361,0.000,0.412,0.000,0.000
3800,1516.041,9.844,4.765,1.633,0.000,4.353,0.000,0.412,0.000,0.000
3801,1516.459,7.907,4.757,1.632,0.000,4.345,0.000,0.412,0.000,0.000
3802,1516.877,7.410,4.749,1.631,0.000,4.336,0.000,0.413,0.000,0.000
3803,1517.296,6.194,4.740,1.629,0.000,4.327,0.000,0.413,0.000,0.000
3804,1517.714,8.408,4.731,1.628,0.000,4.318,0.000,0.413,0.000,0.000
3805,1518.133,8.420,4.722,1.627,0.000,4.309,0.000,0.413,0.000,0.000
3806,1518.551,7.447,4.713,1.625,0.000,4.299,0.000,0.414,0.000,0.000
3807,1518.969,8.262,4.704,1.624,0.000,4.290,0.000,0.414,0.000,0.000
3808,1519.388,4.240,4.694,1.623,0.000,4.280,0.000,0.414,0.000,0.000
3809,1519.806,7.495,4.684,1.621,0.000,4.270,0.000,0.415,0.000,0.000
3810,1520.225,7.070,4.674,1.620,0.000,4.259,0.000,0.415,0.000,0.000
3811,1520.643,3.814,4.664,1.619,0.000,4.249,0.000,0.415,0.000,0.000
3812,1521.061,1.788,4.654,1.617,0.000,4.238,0.000,0.415,0.000,0.000
3813,1521.480,5.204,4.643,1.616,0.000,4.228,0.000,0.416,0.000,0.000
3814,1521.898,5.217,4.633,1.615,0.000,4.217,0.000,0.416,0.000,0.000
3815,1522.317,3.499,4.622,1.613,0.000,4.205,0.000,0.417,0.000,0.000
3816,1522.735,1.669,4.611,1.612,0.000,4.194,0.000,0.417,0.000,0.000
3817,1523.154,6.612,4.600,1.611,0.000,4.182,0.000,0.417,0.000,0.000
3818,1523.572,3.244,4.588,1.609,0.000,4.171,0.000,0.418,0.000,0.000
3819,1523.990,5.615,4.577,1.608,0.000,4.159,0.000,0.418,0.000,0.000
3820,1524.409,10.319,4.565,1.607,0.000,4.147,0.000,0.418,0.000,0.000
3821,1524.827,8.697,4.554,1.605,0.000,4.135,0.000,0.419,0.000,0.000
3822,1525.246,6.400,4.542,1.604,0.000,4.122,0.000,0.419,0.000,0.000
3823,1525.664,6.720,4.530,1.603,0.000,4.110,0.000,0.420,0.000,0.000
3824,1526.083,0.941,4.518,1.601,0.000,4.097,0.000,0.420,0.000,0.000
3825,1526.501,8.509,4.505,1.600,0.000,4.085,0.000,0.421,0.000,0.000
3826,1526.920,3.128,4.493,1.599,0.000,4.072,0.000,0.421,0.000,0.000
3827,1527.338,7.338,4.481,1.597,0.000,4.059,0.000,0.422,0.000,0.000
3828,1527.757,9.335,4.468,1.596,0.000,4.046,0.000,0.422,0.000,0.000
3829,1528.175,2.563,4.455,1.595,0.000,4.033,0.000,0.423,0.000,0.000
3830,1528.594,8.223,4.443,1.593,0.000,4.019,0.000,0.423,0.000,0.000
3831,1529.012,1.525,4.430,1.592,0.000,4.006,0.000,0.424,0.000,0.000
3832,1529.431,8.572,4.417,1.591,0.000,3.992,0.000,0.425,0.000,0.000
3833,1529.849,6.676,4.404,1.589,0.000,3.979,0.000,0.425,0.000,0.000
3834,1530.268,7.772,4.391,1.588,0.000,3.965,0.000,0.426,0.000,0.000
3835,1530.687,7.176,4.378,1.587,0.000,3.951,0.000,0.426,0.000,0.000
3836,1531.105,6.979,4.364,1.585,0.000,3.937,0.000,0.427,0.000,0.000
3837,1531.524,4.521,4.351,1.584,0.000,3.923,0.000,0.428,0.000,0.000
3838,1531.942,5.615,4.338,1.583,0.000,3.909,0.000,0.429,0.000,0.000
3839,1532.361,4.708,4.324,1.581,0.000,3.895,0.000,0.429,0.000,0.000
3840,1532.779,5.545,4.311,1.580,0.000,3.881,0.000,0.430,0.000,0.000
3841,1533.198,5.842,4.297,1.579,0.000,3.867,0.000,0.431,0.000,0.000
3842,1533.617,7.578,4.284,1.577,0.000,3.852,0.000,0.432,0.000,0.000
3843,1534.035,2.821,4.271,1.576,0.000,3.838,0.000,0.432,0.000,0.000
3844,1534.454,0.245,4.257,1.575,0.000,3.824,0.000,0.433,0.000,0.000
3845,1534.872,5.105,4.243,1.573,0.000,3.809,0.000,0.434,0.000,0.000
3846,1535.291,11.067,4.230,1.572,0.000,3.795,0.000,0.435,0.000,0.000
3847,1535.710,4.832,4.216,1.571,0.000,3.781,0.000,0.436,0.000,0.000
3848,1536.128,3.833,4.203,1.569,0.000,3.766,0.000,0.437,0.000,0.000
3849,1536.547,7.181,4.189,1.568,0.000,3.752,0.000,0.438,0.000,0.000
3850,1536.966,3.940,4.176,1.566,0.000,3.737,0.000,0.439,0.000,0.000
3851,1537.384,1.815,4.162,1.565,0.000,3.723,0.000,0.440,0.000,0.000
3852,1537.803,3.874,4.149,1.564,0.000,3.708,0.000,0.441,0.000,0.000
3853,1538.222,12.820,4.135,1.562,0.000,3.694,0.000,0.442,0.000,0.000
3854,1538.640,2.742,4.122,1.561,0.000,3.679,0.000,0.443,0.000,0.000
3855,1539.059,3.065,4.109,1.560,0.000,3.665,0.000,0.444,0.000,0.000
3856,1539.478,7.225,4.095,1.558,0.000,3.650,0.000,0.445,0.000,0.000
3857,1539.896,3.142,4.082,1.557,0.000,3.636,0.000,0.446,0.000,0.000
3858,1540.315,4.322,4.069,1.556,0.000,3.621,0.000,0.447,0.000,0.000
3859,1540.734,3.986,4.056,1.554,0.000,3.607,0.000,0.449,0.000,0.000
3860,1541.152,1.953,4.043,1.553,0.000,3.593,0.000,0.450,0.000,0.000
3861,1541.571,7.026,4.030,1.552,0.000,3.578,0.000,0.451,0.000,0.000
3862,1541.990,2.191,4.017,1.550,0.000,3.564,0.000,0.452,0.000,0.000
3863,1542.409,8.180,4.004,1.549,0.000,3.550,0.000,0.454,0.000,0.000
3864,1542.827,2.171,3.991,1.548,0.000,3.536,0.000,0.455,0.000,0.000
3865,1543.246,8.075,3.978,1.546,0.000,3.522,0.000,0.456,0.000,0.000
3866,1543.665,1.924,3.965,1.545,0.000,3.508,0.000,0.458,0.000,0.000
3867,1544.084,2.026,3.953,1.544,0.000,3.494,0.000,0.459,0.000,0.000
3868,1544.502,5.066,3.940,1.542,0.000,3.480,0.000,0.461,0.000,0.000
3869,1544.921,4.045,3.928,1.541,0.000,3.466,0.000,0.462,0.000,0.000
3870,1545.340,1.770,3.916,1.540,0.000,3.452,0.000,0.464,0.000,0.000
3871,1545.759,3.651,3.904,1.538,0.000,3.438,0.000,0.465,0.000,0.000
3872,1546.177,2.637,3.892,1.537,0.000,3.425,0.000,0.467,0.000,0.000
3873,1546.596,8.726,3.880,1.536,0.000,3.411,0.000,0.469,0.000,0.000
3874,1547.015,4.808,3.868,1.534,0.000,3.398,0.000,0.470,0.000,0.000
3875,1547.434,0.776,3.856,1.533,0.000,3.384,0.000,0.472,0.000,0.000
3876,1547.853,3.571,3.844,1.532,0.000,3.371,0.000,0.474,0.000,0.000
3877,1548.271,6.848,3.833,1.530,0.000,3.358,0.000,0.475,0.000,0.000
3878,1548.690,2.966,3.822,1.529,0.000,3.345,0.000,0.477,0.000,0.000
3879,1549.109,6.226,3.810,1.528,0.000,3.332,0.000,0.479,0.000,0.000
3880,1549.528,5.671,3.799,1.526,0.000,3.319,0.000,0.481,0.000,0.000
3881,1549.947,2.906,3.788,1.525,0.000,3.306,0.000,0.482,0.000,0.000
3882,1550.365,3.847,3.777,1.524,0.000,3.293,0.000,0.484,0.000,0.000
3883,1550.784,6.511,3.767,1.522,0.000,3.280,0.000,0.486,0.000,0.000
3884,1551.203,2.749,3.756,1.521,0.000,3.268,0.000,0.488,0.000,0.000
3885,1551.622,2.158,3.746,1.520,0.000,3.256,0.000,0.490,0.000,0.000
3886,1552.041,1.866,3.735,1.518,0.000,3.243,0.000,0.492,0.000,0.000
3887,1552.460,2.449,3.725,1.517,0.000,3.231,0.000,0.494,0.000,0.000
3888,1552.879,1.908,3.715,1.516,0.000,3.219,0.000,0.496,0.000,0.000
3889,1553.297,0.780,3.705,1.514,0.000,3.207,0.000,0.498,0.000,0.000
3890,1553.716,5.129,3.696,1.513,0.000,3.195,0.000,0.500,0.000,0.000
3891,1554.135,2.596,3.687,1.512,0.000,3.184,0.000,0.503,0.000,0.000
3892,1554.554,1.360,3.678,1.511,0.000,3.173,0.000,0.505,0.000,0.000
3893,1554.973,3.144,3.669,1.510,0.000,3.161,0.000,0.507,0.000,0.000
3894,1555.392,4.833,3.660,1.510,0.000,3.150,0.000,0.510,0.000,0.000
3895,1555.811,7.805,3.651,1.509,0.000,3.140,0.000,0.512,0.000,0.000
3896,1556.230,4.636,3.643,1.508,0.000,3.129,0.000,0.514,0.000,0.000
3897,1556.649,2.577,3.635,1.507,0.000,3.118,0.000,0.517,0.000,0.000
3898,1557.068,3.591,3.627,1.506,0.000,3.108,0.000,0.519,0.000,0.000
3899,1557.487,8.001,3.619,1.505,0.000,3.097,0.000,0.521,0.000,0.000
3900,1557.906,6.393,3.611,1.504,0.000,3.087,0.000,0.524,0.000,0.000
3901,1558.324,6.713,3.603,1.504,0.000,3.077,0.000,0.526,0.000,0.000
3902,1558.743,4.740,3.596,1.503,0.000,3.067,0.000,0.529,0.000,0.000
3903,1559.162,5.689,3.588,1.502,0.000,3.057,0.000,0.531,0.000,0.000
3904,1559.581,1.793,3.581,1.501,0.000,3.047,0.000,0.534,0.000,0.000
3905,1560.000,5.140,3.574,1.500,0.000,3.037,0.000,0.537,0.000,0.000
3906,1560.419,1.152,3.567,1.499,0.000,3.028,0.000,0.539,0.000,0.000
3907,1560.838,5.827,3.560,1.498,0.000,3.018,0.000,0.542,0.000,0.000
3908,1561.257,2.686,3.553,1.498,0.000,3.009,0.000,0.544,0.000,0.000
3909,1561.676,3.727,3.547,1.497,0.000,3.000,0.000,0.547,0.000,0.000
3910,1562.095,3.132,3.540,1.496,0.000,2.990,0.000,0.550,0.000,0.000
3911,1562.514,5.377,3.534,1.495,0.000,2.981,0.000,0.552,0.000,0.000
3912,1562.933,8.661,3.528,1.494,0.000,2.973,0.000,0.555,0.000,0.000
3913,1563.352,0.406,3.521,1.493,0.000,2.964,0.000,0.558,0.000,0.000
3914,1563.771,4.357,3.515,1.492,0.000,2.955,0.000,0.560,0.000,0.000
3915,1564.190,0.220,3.510,1.492,0.000,2.946,0.000,0.563,0.000,0.000
3916,1564.609,1.873,3.504,1.491,0.000,2.938,0.000,0.566,0.000,0.000
3917,1565.029,5.406,3.498,1.490,0.000,2.930,0.000,0.569,0.000,0.000
3918,1565.448,5.456,3.493,1.489,0.000,2.921,0.000,0.571,0.000,0.000
3919,1565.867,3.302,3.487,1.488,0.000,2.913,0.000,0.574,0.000,0.000
3920,1566.286,6.537,3.482,1.487,0.000,2.905,0.000,0.577,0.000,0.000
3921,1566.705,3.218,3.477,1.486,0.000,2.897,0.000,0.580,0.000,0.000
3922,1567.124,4.224,3.472,1.486,0.000,2.889,0.000,0.582,0.000,0.000
3923,1567.543,0.411,3.467,1.485,0.000,2.882,0.000,0.585,0.000,0.000
3924,1567.962,2.529,3.462,1.484,0.000,2.874,0.000,0.588,0.000,0.000
3925,1568.381,0.695,3.457,1.483,0.000,2.866,0.000,0.591,0.000,0.000
3926,1568.800,3.279,3.452,1.482,0.000,2.859,0.000,0.593,0.000,0.000
3927,1569.219,1.901,3.448,1.481,0.000,2.851,0.000,0.596,0.000,0.000
3928,1569.638,0.143,3.443,1.480,0.000,2.844,0.000,0.599,0.000,0.000
3929,1570.058,1.283,3.438,1.480,0.000,2.837,0.000,0.602,0.000,0.000
3930,1570.477,4.583,3.434,1.479,0.000,2.830,0.000,0.604,0.000,0.000
3931,1570.896,2.276,3.430,1.478,0.000,2.823,0.000,0.607,0.000,0.000
3932,1571.315,0.000,3.425,1.477,0.000,2.816,0.000,0.610,0.000,0.000
3933,1571.734,0.000,3.421,1.476,0.000,2.809,0.000,0.612,0.000,0.000
3934,1572.153,1.468,3.417,1.475,0.000,2.802,0.000,0.615,0.000,0.000
3935,1572.572,2.125,3.413,1.474,0.000,2.795,0.000,0.618,0.000,0.000
3936,1572.991,3.479,3.409,1.474,0.000,2.789,0.000,0.620,0.000,0.000
3937,1573.411,2.824,3.405,1.473,0.000,2.782,0.000,0.623,0.000,0.000
3938,1573.830,0.000,3.401,1.472,0.000,2.776,0.000,0.626,0.000,0.000
3939,1574.249,4.842,3.397,1.471,0.000,2.769,0.000,0.628,0.000,0.000
3940,1574.668,4.494,3.393,1.470,0.000,2.763,0.000,0.631,0.000,0.000
3941,1575.087,2.493,3.390,1.469,0.000,2.756,0.000,0.633,0.000,0.000
3942,1575.507,6.691,3.386,1.469,0.000,2.750,0.000,0.636,0.000,0.000
3943,1575.926,3.876,3.382,1.468,0.000,2.744,0.000,0.638,0.000,0.000
3944,1576.345,4.685,3.378,1.467,0.000,2.738,0.000,0.641,0.000,0.000
3945,1576.764,0.000,3.375,1.466,0.000,2.732,0.000,0.643,0.000,0.000
3946,1577.183,1.755,3.371,1.465,0.000,2.726,0.000,0.645,0.000,0.000
3947,1577.603,3.157,3.368,1.464,0.000,2.720,0.000,0.648,0.000,0.000
3948,1578.022,4.365,3.364,1.463,0.000,2.714,0.000,0.650,0.000,0.000
3949,1578.441,6.232,3.360,1.463,0.000,2.708,0.000,0.652,0.000,0.000
3950,1578.860,0.000,3.357,1.462,0.000,2.702,0.000,0.655,0.000,0.000
3951,1579.280,6.167,3.353,1.461,0.000,2.696,0.000,0.657,0.000,0.000
3952,1579.699,1.321,3.350,1.460,0.000,2.691,0.000,0.659,0.000,0.000
3953,1580.118,0.000,3.346,1.459,0.000,2.685,0.000,0.661,0.000,0.000
3954,1580.537,2.057,3.342,1.458,0.000,2.679,0.000,0.663,0.000,0.000
3955,1580.957,1.486,3.339,1.457,0.000,2.674,0.000,0.665,0.000,0.000
3956,1581.376,4.466,3.335,1.457,0.000,2.668,0.000,0.667,0.000,0.000
3957,1581.795,5.400,3.332,1.456,0.000,2.662,0.000,0.669,0.000,0.000
3958,1582.214,7.056,3.328,1.455,0.000,2.657,0.000,0.671,0.000,0.000
3959,1582.634,2.373,3.324,1.454,0.000,2.651,0.000,0.673,0.000,0.000
3960,1583.053,4.419,3.321,1.453,0.000,2.646,0.000,0.675,0.000,0.000
3961,1583.472,0.000,3.317,1.452,0.000,2.641,0.000,0.677,0.000,0.000
3962,1583.892,0.000,3.313,1.451,0.000,2.635,0.000,0.678,0.000,0.000
3963,1584.311,1.123,3.310,1.451,0.000,2.630,0.000,0.680,0.000,0.000
3964,1584.730,1.074,3.306,1.450,0.000,2.625,0.000,0.681,0.000,0.000
3965,1585.150,2.306,3.302,1.449,0.000,2.619,0.000,0.683,0.000,0.000
3966,1585.569,0.000,3.298,1.448,0.000,2.614,0.000,0.684,0.000,0.000
3967,1585.988,7.168,3.295,1.447,0.000,2.609,0.000,0.686,0.000,0.000
3968,1586.408,2.015,3.291,1.446,0.000,2.603,0.000,0.687,0.000,0.000
3969,1586.827,5.117,3.287,1.445,0.000,2.598,0.000,0.689,0.000,0.000
3970,1587.246,0.000,3.283,1.445,0.000,2.593,0.000,0.690,0.000,0.000
3971,1587.666,4.536,3.279,1.444,0.000,2.588,0.000,0.691,0.000,0.000
3972,1588.085,3.461,3.275,1.443,0.000,2.583,0.000,0.692,0.000,0.000
3973,1588.504,6.872,3.271,1.442,0.000,2.578,0.000,0.693,0.000,0.000
3974,1588.924,0.274,3.266,1.441,0.000,2.572,0.000,0.694,0.000,0.000
3975,1589.343,7.278,3.262,1.440,0.000,2.567,0.000,0.695,0.000,0.000
3976,1589.763,2.396,3.258,1.439,0.000,2.562,0.000,0.696,0.000,0.000
3977,1590.182,2.497,3.254,1.439,0.000,2.557,0.000,0.697,0.000,0.000
3978,1590.601,2.531,3.249,1.438,0.000,2.552,0.000,0.697,0.000,0.000
3979,1591.021,5.499,3.245,1.437,0.000,2.547,0.000,0.698,0.000,0.000
3980,1591.440,4.067,3.240,1.436,0.000,2.542,0.000,0.698,0.000,0.000
3981,1591.860,1.212,3.236,1.435,0.000,2.537,0.000,0.699,0.000,0.000
3982,1592.279,4.141,3.231,1.434,0.000,2.532,0.000,0.699,0.000,0.000
3983,1592.698,7.520,3.227,1.433,0.000,2.527,0.000,0.700,0.000,0.000
3984,1593.118,5.664,3.222,1.433,0.000,2.522,0.000,0.700,0.000,0.000
3985,1593.537,0.469,3.217,1.432,0.000,2.517,0.000,0.700,0.000,0.000
3986,1593.957,4.362,3.212,1.431,0.000,2.512,0.000,0.700,0.000,0.000
3987,1594.376,2.489,3.208,1.430,0.000,2.507,0.000,0.701,0.000,0.000
3988,1594.796,0.000,3.203,1.429,0.000,2.502,0.000,0.701,0.000,0.000
3989,1595.215,0.000,3.198,1.428,0.000,2.497,0.000,0.701,0.000,0.000
3990,1595.635,7.106,3.193,1.427,0.000,2.492,0.000,0.700,0.000,0.000
3991,1596.054,1.503,3.187,1.427,0.000,2.487,0.000,0.700,0.000,0.000
3992,1596.474,6.132,3.182,1.426,0.000,2.482,0.000,0.700,0.000,0.000
3993,1596.893,2.080,3.177,1.425,0.000,2.477,0.000,0.700,0.000,0.000
3994,1597.313,3.199,3.172,1.424,0.000,2.473,0.000,0.699,0.000,0.000
3995,1597.732,4.423,3.166,1.423,0.000,2.468,0.000,0.699,0.000,0.000
3996,1598.152,2.062,3.161,1.422,0.000,2.463,0.000,0.698,0.000,0.000
3997,1598.571,4.718,3.156,1.422,0.000,2.458,0.000,0.698,0.000,0.000
3998,1598.991,1.554,3.150,1.421,0.000,2.453,0.000,0.697,0.000,0.000
3999,1599.410,7.025,3.144,1.420,0.000,2.448,0.000,0.696,0.000,0.000
4000,1599.830,2.948,3.139,1.419,0.000,2.444,0.000,0.695,0.000,0.000
4001,1600.249,0.000,3.133,1.418,0.000,2.439,0.000,0.694,0.000,0.000
4002,1600.669,5.665,3.127,1.417,0.000,2.434,0.000,0.694,0.000,0.000
4003,1601.088,3.236,3.122,1.416,0.000,2.429,0.000,0.693,0.000,0.000
4004,1601.508,2.627,3.116,1.416,0.000,2.424,0.000,0.691,0.000,0.000
4005,1601.927,0.553,3.110,1.415,0.000,2.420,0.000,0.690,0.000,0.000
4006,1602.347,3.528,3.104,1.414,0.000,2.415,0.000,0.689,0.000,0.000
4007,1602.766,3.496,3.098,1.413,0.000,2.410,0.000,0.688,0.000,0.000
4008,1603.186,2.824,3.092,1.412,0.000,2.406,0.000,0.686,0.000,0.000
4009,1603.606,1.832,3.086,1.411,0.000,2.401,0.000,0.685,0.000,0.000
4010,1604.025,2.367,3.080,1.410,0.000,2.396,0.000,0.684,0.000,0.000
4011,1604.445,4.509,3.074,1.410,0.000,2.392,0.000,0.682,0.000,0.000
4012,1604.864,2.706,3.068,1.409,0.000,2.387,0.000,0.681,0.000,0.000
4013,1605.284,2.185,3.061,1.408,0.000,2.382,0.000,0.679,0.000,0.000
4014,1605.704,5.083,3.055,1.407,0.000,2.378,0.000,0.677,0.000,0.000
4015,1606.123,4.774,3.049,1.406,0.000,2.373,0.000,0.676,0.000,0.000
4016,1606.543,1.330,3.043,1.405,0.000,2.369,0.000,0.674,0.000,0.000
4017,1606.962,2.579,3.036,1.404,0.000,2.364,0.000,0.672,0.000,0.000
4018,1607.382,0.000,3.030,1.404,0.000,2.360,0.000,0.670,0.000,0.000
4019,1607.802,0.530,3.023,1.403,0.000,2.355,0.000,0.668,0.000,0.000
4020,1608.221,5.960,3.017,1.402,0.000,2.351,0.000,0.666,0.000,0.000
4021,1608.641,2.003,3.011,1.401,0.000,2.347,0.000,0.664,0.000,0.000
4022,1609.061,0.628,3.004,1.400,0.000,2.342,0.000,0.662,0.000,0.000
4023,1609.480,2.020,2.998,1.399,0.000,2.338,0.000,0.660,0.000,0.000
4024,1609.900,2.838,2.991,1.398,0.000,2.334,0.000,0.658,0.000,0.000
4025,1610.320,4.288,2.985,1.398,0.000,2.329,0.000,0.655,0.000,0.000
4026,1610.739,5.591,2.978,1.397,0.000,2.325,0.000,0.653,0.000,0.000
4027,1611.159,0.359,2.972,1.396,0.000,2.321,0.000,0.651,0.000,0.000
4028,1611.579,2.352,2.965,1.395,0.000,2.317,0.000,0.649,0.000,0.000
4029,1611.998,0.000,2.959,1.394,0.000,2.313,0.000,0.646,0.000,0.000
4030,1612.418,0.000,2.952,1.393,0.000,2.309,0.000,0.644,0.000,0.000
4031,1612.838,0.000,2.946,1.392,0.000,2.305,0.000,0.641,0.000,0.000
4032,1613.257,2.323,2.940,1.392,0.000,2.301,0.000,0.639,0.000,0.000
4033,1613.677,1.944,2.933,1.391,0.000,2.297,0.000,0.636,0.000,0.000
4034,1614.097,3.043,2.927,1.390,0.000,2.293,0.000,0.634,0.000,0.000
4035,1614.517,3.828,2.920,1.389,0.000,2.289,0.000,0.631,0.000,0.000
4036,1614.936,3.867,2.914,1.388,0.000,2.285,0.000,0.629,0.000,0.000
4037,1615.356,4.665,2.907,1.387,0.000,2.281,0.000,0.626,0.000,0.000
4038,1615.776,2.092,2.901,1.386,0.000,2.278,0.000,0.623,0.000,0.000
4039,1616.196,1.368,2.895,1.386,0.000,2.274,0.000,0.621,0.000,0.000
4040,1616.615,1.906,2.888,1.385,0.000,2.270,0.000,0.618,0.000,0.000
4041,1617.035,4.276,2.882,1.384,0.000,2.267,0.000,0.615,0.000,0.000
4042,1617.455,3.872,2.876,1.383,0.000,2.263,0.000,0.613,0.000,0.000
4043,1617.875,3.377,2.869,1.382,0.000,2.260,0.000,0.610,0.000,0.000
4044,1618.294,6.122,2.863,1.381,0.000,2.256,0.000,0.607,0.000,0.000
4045,1618.714,1.079,2.857,1.380,0.000,2.253,0.000,0.604,0.000,0.000
4046,1619.134,6.960,2.851,1.380,0.000,2.249,0.000,0.602,0.000,0.000
4047,1619.554,5.241,2.845,1.379,0.000,2.246,0.000,0.599,0.000,0.000
4048,1619.974,1.081,2.839,1.378,0.000,2.243,0.000,0.596,0.000,0.000
4049,1620.393,0.546,2.833,1.377,0.000,2.240,0.000,0.593,0.000,0.000
4050,1620.813,3.745,2.827,1.376,0.000,2.236,0.000,0.591,0.000,0.000
4051,1621.233,2.889,2.821,1.375,0.000,2.233,0.000,0.588,0.000,0.000
4052,1621.653,4.041,2.815,1.374,0.000,2.230,0.000,0.585,0.000,0.000
4053,1622.073,4.746,2.809,1.374,0.000,2.227,0.000,0.582,0.000,0.000
4054,1622.493,4.765,2.804,1.373,0.000,2.224,0.000,0.579,0.000,0.000
4055,1622.912,2.978,2.798,1.372,0.000,2.222,0.000,0.577,0.000,0.000
4056,1623.332,3.328,2.792,1.371,0.000,2.219,0.000,0.574,0.000,0.000
4057,1623.752,3.543,2.787,1.370,0.000,2.216,0.000,0.571,0.000,0.000
4058,1624.172,4.195,2.781,1.369,0.000,2.213,0.000,0.568,0.000,0.000
4059,1624.592,6.257,2.776,1.369,0.000,2.211,0.000,0.565,0.000,0.000
4060,1625.012,1.129,2.771,1.368,0.000,2.208,0.000,0.563,0.000,0.000
4061,1625.432,0.000,2.765,1.367,0.000,2.206,0.000,0.560,0.000,0.000
4062,1625.851,5.084,2.760,1.366,0.000,2.203,0.000,0.557,0.000,0.000
4063,1626.271,7.501,2.755,1.365,0.000,2.201,0.000,0.554,0.000,0.000
4064,1626.691,6.052,2.750,1.364,0.000,2.198,0.000,0.551,0.000,0.000
4065,1627.111,0.000,2.745,1.363,0.000,2.196,0.000,0.549,0.000,0.000
4066,1627.531,0.388,2.740,1.363,0.000,2.194,0.000,0.546,0.000,0.000
4067,1627.951,4.003,2.735,1.362,0.000,2.192,0.000,0.543,0.000,0.000
4068,1628.371,4.458,2.730,1.361,0.000,2.190,0.000,0.541,0.000,0.000
4069,1628.791,1.206,2.725,1.360,0.000,2.187,0.000,0.538,0.000,0.000
4070,1629.211,5.173,2.721,1.359,0.000,2.185,0.000,0.535,0.000,0.000
4071,1629.631,2.096,2.716,1.358,0.000,2.184,0.000,0.533,0.000,0.000
4072,1630.050,1.723,2.712,1.357,0.000,2.182,0.000,0.530,0.000,0.000
4073,1630.470,4.116,2.707,1.357,0.000,2.180,0.000,0.527,0.000,0.000
4074,1630.890,4.040,2.703,1.356,0.000,2.178,0.000,0.525,0.000,0.000
4075,1631.310,2.970,2.699,1.355,0.000,2.176,0.000,0.522,0.000,0.000
4076,1631.730,5.074,2.694,1.354,0.000,2.175,0.000,0.520,0.000,0.000
4077,1632.150,2.758,2.690,1.353,0.000,2.173,0.000,0.517,0.000,0.000
4078,1632.570,2.890,2.686,1.352,0.000,2.172,0.000,0.515,0.000,0.000
4079,1632.990,2.873,2.682,1.351,0.000,2.170,0.000,0.512,0.000,0.000
4080,1633.410,2.545,2.679,1.351,0.000,2.169,0.000,0.510,0.000,0.000
4081,1633.830,2.452,2.675,1.350,0.000,2.167,0.000,0.507,0.000,0.000
4082,1634.250,2.582,2.671,1.349,0.000,2.166,0.000,0.505,0.000,0.000
4083,1634.670,0.291,2.667,1.348,0.000,2.165,0.000,0.503,0.000,0.000
4084,1635.090,4.927,2.664,1.347,0.000,2.164,0.000,0.500,0.000,0.000
4085,1635.510,2.679,2.660,1.346,0.000,2.163,0.000,0.498,0.000,0.000
4086,1635.930,0.000,2.657,1.345,0.000,2.161,0.000,0.496,0.000,0.000
4087,1636.350,3.315,2.654,1.345,0.000,2.160,0.000,0.493,0.000,0.000
4088,1636.770,3.961,2.651,1.344,0.000,2.159,0.000,0.491,0.000,0.000
4089,1637.190,2.372,2.648,1.343,0.000,2.159,0.000,0.489,0.000,0.000
4090,1637.610,6.986,2.644,1.342,0.000,2.158,0.000,0.487,0.000,0.000
4091,1638.030,4.307,2.641,1.341,0.000,2.157,0.000,0.485,0.000,0.000
4092,1638.450,1.948,2.639,1.340,0.000,2.156,0.000,0.483,0.000,0.000
4093,1638.870,0.000,2.636,1.339,0.000,2.155,0.000,0.480,0.000,0.000
4094,1639.290,1.584,2.633,1.339,0.000,2.155,0.000,0.478,0.000,0.000
4095,1639.710,0.264,2.630,1.338,0.000,2.154,0.000,0.476,0.000,0.000
4096,1640.131,7.332,2.628,1.337,0.000,2.153,0.000,0.474,0.000,0.000
4097,1640.551,2.322,2.625,1.336,0.000,2.153,0.000,0.472,0.000,0.000
4098,1640.971,3.432,2.623,1.335,0.000,2.152,0.000,0.471,0.000,0.000
4099,1641.391,3.138,2.621,1.334,0.000,2.152,0.000,0.469,0.000,0.000
4100,1641.811,0.383,2.618,1.333,0.000,2.152,0.000,0.467,0.000,0.000
4101,1642.231,3.211,2.616,1.333,0.000,2.151,0.000,0.465,0.000,0.000
4102,1642.651,6.253,2.614,1.332,0.000,2.151,0.000,0.463,0.000,0.000
4103,1643.071,6.609,2.612,1.331,0.000,2.151,0.000,0.461,0.000,0.000
4104,1643.491,4.737,2.610,1.330,0.000,2.150,0.000,0.460,0.000,0.000
4105,1643.911,2.073,2.608,1.329,0.000,2.150,0.000,0.458,0.000,0.000
4106,1644.331,2.812,2.606,1.328,0.000,2.150,0.000,0.456,0.000,0.000
4107,1644.752,1.122,2.604,1.327,0.000,2.150,0.000,0.455,0.000,0.000
4108,1645.172,1.182,2.603,1.327,0.000,2.150,0.000,0.453,0.000,0.000
4109,1645.592,0.000,2.601,1.326,0.000,2.150,0.000,0.451,0.000,0.000
4110,1646.012,3.996,2.600,1.325,0.000,2.150,0.000,0.450,0.000,0.000
4111,1646.432,2.012,2.598,1.324,0.000,2.150,0.000,0.448,0.000,0.000
4112,1646.852,0.000,2.597,1.323,0.000,2.150,0.000,0.447,0.000,0.000
4113,1647.272,1.801,2.595,1.322,0.000,2.150,0.000,0.445,0.000,0.000
4114,1647.693,2.653,2.594,1.322,0.000,2.150,0.000,0.444,0.000,0.000
4115,1648.113,0.065,2.593,1.321,0.000,2.150,0.000,0.442,0.000,0.000
4116,1648.533,2.292,2.591,1.320,0.000,2.150,0.000,0.441,0.000,0.000
4117,1648.953,0.367,2.590,1.319,0.000,2.151,0.000,0.440,0.000,0.000
4118,1649.373,0.073,2.589,1.318,0.000,2.151,0.000,0.438,0.000,0.000
4119,1649.794,5.236,2.588,1.317,0.000,2.151,0.000,0.437,0.000,0.000
4120,1650.214,3.209,2.587,1.316,0.000,2.151,0.000,0.436,0.000,0.000
4121,1650.634,1.433,2.586,1.316,0.000,2.152,0.000,0.435,0.000,0.000
4122,1651.054,4.506,2.585,1.315,0.000,2.152,0.000,0.433,0.000,0.000
4123,1651.474,1.652,2.585,1.314,0.000,2.152,0.000,0.432,0.000,0.000
4124,1651.895,3.547,2.584,1.313,0.000,2.153,0.000,0.431,0.000,0.000
4125,1652.315,1.634,2.583,1.312,0.000,2.153,0.000,0.430,0.000,0.000
4126,1652.735,5.600,2.583,1.311,0.000,2.154,0.000,0.429,0.000,0.000
4127,1653.155,1.624,2.582,1.310,0.000,2.154,0.000,0.428,0.000,0.000
4128,1653.575,4.234,2.581,1.310,0.000,2.155,0.000,0.427,0.000,0.000
4129,1653.996,1.546,2.581,1.309,0.000,2.155,0.000,0.426,0.000,0.000
4130,1654.416,6.464,2.580,1.308,0.000,2.156,0.000,0.425,0.000,0.000
4131,1654.836,1.099,2.580,1.307,0.000,2.156,0.000,0.424,0.000,0.000
4132,1655.257,0.732,2.580,1.306,0.000,2.157,0.000,0.423,0.000,0.000
4133,1655.677,0.522,2.579,1.305,0.000,2.158,0.000,0.422,0.000,0.000
4134,1656.097,3.189,2.579,1.304,0.000,2.158,0.000,0.421,0.000,0.000
4135,1656.517,3.248,2.579,1.304,0.000,2.159,0.000,0.420,0.000,0.000
4136,1656.938,2.338,2.579,1.303,0.000,2.160,0.000,0.419,0.000,0.000
4137,1657.358,6.498,2.579,1.302,0.000,2.160,0.000,0.418,0.000,0.000
4138,1657.778,0.497,2.579,1.301,0.000,2.161,0.000,0.417,0.000,0.000
4139,1658.198,0.000,2.579,1.300,0.000,2.162,0.000,0.417,0.000,0.000
4140,1658.619,2.238,2.579,1.299,0.000,2.163,0.000,0.416,0.000,0.000
4141,1659.039,0.060,2.579,1.298,0.000,2.164,0.000,0.415,0.000,0.000
4142,1659.459,8.148,2.579,1.298,0.000,2.164,0.000,0.414,0.000,0.000
4143,1659.880,2.347,2.579,1.297,0.000,2.165,0.000,0.414,0.000,0.000
4144,1660.300,0.450,2.579,1.296,0.000,2.166,0.000,0.413,0.000,0.000
4145,1660.720,3.257,2.579,1.295,0.000,2.167,0.000,0.412,0.000,0.000
4146,1661.141,2.178,2.580,1.294,0.000,2.168,0.000,0.411,0.000,0.000
4147,1661.561,0.000,2.580,1.293,0.000,2.169,0.000,0.411,0.000,0.000
4148,1661.981,0.000,2.580,1.292,0.000,2.170,0.000,0.410,0.000,0.000
4149,1662.402,4.396,2.581,1.292,0.000,2.171,0.000,0.410,0.000,0.000
4150,1662.822,0.604,2.581,1.291,0.000,2.172,0.000,0.409,0.000,0.000
4151,1663.243,2.478,2.582,1.290,0.000,2.173,0.000,0.408,0.000,0.000
4152,1663.663,0.811,2.582,1.289,0.000,2.174,0.000,0.408,0.000,0.000
4153,1664.083,0.464,2.583,1.288,0.000,2.175,0.000,0.407,0.000,0.000
4154,1664.504,1.534,2.583,1.287,0.000,2.177,0.000,0.407,0.000,0.000
4155,1664.924,1.669,2.584,1.286,0.000,2.178,0.000,0.406,0.000,0.000
4156,1665.344,4.568,2.585,1.286,0.000,2.179,0.000,0.406,0.000,0.000
4157,1665.765,0.671,2.586,1.285,0.000,2.180,0.000,0.405,0.000,0.000
4158,1666.185,4.164,2.586,1.284,0.000,2.182,0.000,0.405,0.000,0.000
4159,1666.606,1.241,2.587,1.283,0.000,2.183,0.000,0.404,0.000,0.000
4160,1667.026,4.617,2.588,1.282,0.000,2.185,0.000,0.404,0.000,0.000
4161,1667.446,1.629,2.589,1.281,0.000,2.186,0.000,0.403,0.000,0.000
4162,1667.867,2.471,2.590,1.280,0.000,2.188,0.000,0.403,0.000,0.000
4163,1668.287,1.661,2.591,1.280,0.000,2.189,0.000,0.402,0.000,0.000
4164,1668.708,0.573,2.593,1.279,0.000,2.191,0.000,0.402,0.000,0.000
4165,1669.128,3.272,2.594,1.278,0.000,2.192,0.000,0.402,0.000,0.000
4166,1669.549,2.395,2.595,1.277,0.000,2.194,0.000,0.401,0.000,0.000
4167,1669.969,0.503,2.596,1.276,0.000,2.196,0.000,0.401,0.000,0.000
4168,1670.390,4.815,2.598,1.275,0.000,2.198,0.000,0.400,0.000,0.000
4169,1670.810,1.268,2.599,1.274,0.000,2.199,0.000,0.400,0.000,0.000
4170,1671.230,3.140,2.601,1.274,0.000,2.201,0.000,0.400,0.000,0.000
4171,1671.651,0.000,2.603,1.273,0.000,2.203,0.000,0.399,0.000,0.000
4172,1672.071,5.820,2.604,1.272,0.000,2.205,0.000,0.399,0.000,0.000
4173,1672.492,2.547,2.606,1.271,0.000,2.207,0.000,0.399,0.000,0.000
4174,1672.912,3.466,2.608,1.270,0.000,2.210,0.000,0.398,0.000,0.000
4175,1673.333,3.637,2.610,1.269,0.000,2.212,0.000,0.398,0.000,0.000
4176,1673.753,5.757,2.612,1.269,0.000,2.214,0.000,0.398,0.000,0.000
4177,1674.174,0.000,2.614,1.268,0.000,2.217,0.000,0.397,0.000,0.000
4178,1674.594,0.751,2.616,1.267,0.000,2.219,0.000,0.397,0.000,0.000
4179,1675.015,1.272,2.618,1.266,0.000,2.222,0.000,0.397,0.000,0.000
4180,1675.435,0.000,2.621,1.265,0.000,2.224,0.000,0.397,0.000,0.000
4181,1675.856,0.387,2.623,1.264,0.000,2.227,0.000,0.396,0.000,0.000
4182,1676.276,0.912,2.626,1.263,0.000,2.230,0.000,0.396,0.000,0.000
4183,1676.697,2.781,2.628,1.263,0.000,2.233,0.000,0.396,0.000,0.000
4184,1677.118,0.000,2.631,1.262,0.000,2.236,0.000,0.395,0.000,0.000
4185,1677.538,3.048,2.634,1.261,0.000,2.239,0.000,0.395,0.000,0.000
4186,1677.959,1.003,2.637,1.260,0.000,2.242,0.000,0.395,0.000,0.000
4187,1678.379,0.005,2.640,1.259,0.000,2.245,0.000,0.395,0.000,0.000
4188,1678.800,0.742,2.643,1.258,0.000,2.249,0.000,0.395,0.000,0.000
4189,1679.220,0.872,2.646,1.257,0.000,2.252,0.000,0.394,0.000,0.000
4190,1679.641,0.554,2.650,1.257,0.000,2.256,0.000,0.394,0.000,0.000
4191,1680.061,0.000,2.653,1.256,0.000,2.260,0.000,0.394,0.000,0.000
4192,1680.482,4.413,2.657,1.255,0.000,2.263,0.000,0.394,0.000,0.000
4193,1680.903,1.704,2.661,1.254,0.000,2.267,0.000,0.393,0.000,0.000
4194,1681.323,1.796,2.665,1.253,0.000,2.272,0.000,0.393,0.000,0.000
4195,1681.744,0.000,2.669,1.252,0.000,2.276,0.000,0.393,0.000,0.000
4196,1682.164,2.820,2.673,1.251,0.000,2.280,0.000,0.393,0.000,0.000
4197,1682.585,2.681,2.677,1.251,0.000,2.285,0.000,0.393,0.000,0.000
4198,1683.006,5.159,2.682,1.250,0.000,2.289,0.000,0.392,0.000,0.000
4199,1683.426,2.970,2.686,1.249,0.000,2.294,0.000,0.392,0.000,0.000
4200,1683.847,5.532,2.691,1.248,0.000,2.299,0.000,0.392,0.000,0.000
4201,1684.268,4.314,2.696,1.247,0.000,2.304,0.000,0.392,0.000,0.000
4202,1684.688,2.447,2.701,1.246,0.000,2.309,0.000,0.392,0.000,0.000
4203,1685.109,1.528,2.706,1.245,0.000,2.315,0.000,0.392,0.000,0.000
4204,1685.529,3.499,2.712,1.245,0.000,2.320,0.000,0.391,0.000,0.000
4205,1685.950,2.669,2.717,1.244,0.000,2.326,0.000,0.391,0.000,0.000
4206,1686.371,0.000,2.723,1.243,0.000,2.332,0.000,0.391,0.000,0.000
4207,1686.791,4.621,2.729,1.242,0.000,2.338,0.000,0.391,0.000,0.000
4208,1687.212,4.861,2.735,1.241,0.000,2.344,0.000,0.391,0.000,0.000
4209,1687.633,7.577,2.741,1.240,0.000,2.351,0.000,0.391,0.000,0.000
4210,1688.053,1.577,2.748,1.239,0.000,2.357,0.000,0.390,0.000,0.000
4211,1688.474,0.397,2.754,1.239,0.000,2.364,0.000,0.390,0.000,0.000
4212,1688.895,4.023,2.761,1.238,0.000,2.371,0.000,0.390,0.000,0.000
4213,1689.316,4.546,2.768,1.237,0.000,2.378,0.000,0.390,0.000,0.000
4214,1689.736,5.285,2.776,1.236,0.000,2.386,0.000,0.390,0.000,0.000
4215,1690.157,2.350,2.783,1.235,0.000,2.393,0.000,0.390,0.000,0.000
4216,1690.578,1.309,2.791,1.234,0.000,2.401,0.000,0.390,0.000,0.000
4217,1690.998,1.596,2.798,1.233,0.000,2.409,0.000,0.389,0.000,0.000
4218,1691.419,2.846,2.807,1.233,0.000,2.417,0.000,0.389,0.000,0.000
4219,1691.840,2.315,2.815,1.232,0.000,2.426,0.000,0.389,0.000,0.000
4220,1692.261,3.779,2.823,1.231,0.000,2.434,0.000,0.389,0.000,0.000
4221,1692.681,5.394,2.832,1.230,0.000,2.443,0.000,0.389,0.000,0.000
4222,1693.102,5.258,2.841,1.229,0.000,2.452,0.000,0.389,0.000,0.000
4223,1693.523,4.130,2.850,1.228,0.000,2.462,0.000,0.389,0.000,0.000
4224,1693.944,1.473,2.860,1.227,0.000,2.471,0.000,0.389,0.000,0.000
4225,1694.364,0.738,2.869,1.227,0.000,2.481,0.000,0.388,0.000,0.000
4226,1694.785,4.825,2.879,1.226,0.000,2.491,0.000,0.388,0.000,0.000
4227,1695.206,1.643,2.889,1.225,0.000,2.501,0.000,0.388,0.000,0.000
4228,1695.627,1.253,2.900,1.224,0.000,2.512,0.000,0.388,0.000,0.000
4229,1696.047,4.027,2.910,1.223,0.000,2.522,0.000,0.388,0.000,0.000
4230,1696.468,2.487,2.921,1.222,0.000,2.533,0.000,0.388,0.000,0.000
4231,1696.889,2.616,2.932,1.222,0.000,2.544,0.000,0.388,0.000,0.000
4232,1697.310,0.000,2.944,1.221,0.000,2.556,0.000,0.388,0.000,0.000
4233,1697.731,3.299,2.955,1.220,0.000,2.568,0.000,0.387,0.000,0.000
4234,1698.151,5.139,2.967,1.219,0.000,2.580,0.000,0.387,0.000,0.000
4235,1698.572,4.129,2.979,1.218,0.000,2.592,0.000,0.387,0.000,0.000
4236,1698.993,1.221,2.992,1.217,0.000,2.605,0.000,0.387,0.000,0.000
4237,1699.414,3.916,3.004,1.216,0.000,2.617,0.000,0.387,0.000,0.000
4238,1699.835,0.323,3.017,1.216,0.000,2.630,0.000,0.387,0.000,0.000
4239,1700.255,2.581,3.031,1.215,0.000,2.644,0.000,0.387,0.000,0.000
4240,1700.676,1.369,3.044,1.214,0.000,2.657,0.000,0.387,0.000,0.000
4241,1701.097,1.572,3.058,1.213,0.000,2.671,0.000,0.387,0.000,0.000
4242,1701.518,3.714,3.072,1.212,0.000,2.686,0.000,0.387,0.000,0.000
4243,1701.939,1.212,3.087,1.211,0.000,2.700,0.000,0.387,0.000,0.000
4244,1702.360,6.528,3.101,1.210,0.000,2.715,0.000,0.386,0.000,0.000
4245,1702.781,0.000,3.116,1.210,0.000,2.730,0.000,0.386,0.000,0.000
4246,1703.201,3.638,3.132,1.209,0.000,2.745,0.000,0.386,0.000,0.000
4247,1703.622,6.845,3.147,1.208,0.000,2.761,0.000,0.386,0.000,0.000
4248,1704.043,6.421,3.163,1.207,0.000,2.777,0.000,0.386,0.000,0.000
4249,1704.464,1.597,3.179,1.206,0.000,2.793,0.000,0.386,0.000,0.000
4250,1704.885,2.357,3.196,1.205,0.000,2.810,0.000,0.386,0.000,0.000
4251,1705.306,7.052,3.212,1.204,0.000,2.826,0.000,0.386,0.000,0.000
4252,1705.727,4.290,3.229,1.204,0.000,2.844,0.000,0.386,0.000,0.000
4253,1706.148,2.558,3.247,1.203,0.000,2.861,0.000,0.386,0.000,0.000
4254,1706.568,4.427,3.264,1.202,0.000,2.879,0.000,0.386,0.000,0.000
4255,1706.989,3.129,3.282,1.201,0.000,2.897,0.000,0.386,0.000,0.000
4256,1707.410,0.329,3.301,1.200,0.000,2.915,0.000,0.386,0.000,0.000
4257,1707.831,2.503,3.319,1.199,0.000,2.934,0.000,0.386,0.000,0.000
4258,1708.252,6.690,3.338,1.198,0.000,2.953,0.000,0.386,0.000,0.000
4259,1708.673,2.747,3.357,1.198,0.000,2.972,0.000,0.386,0.000,0.000
4260,1709.094,6.604,3.377,1.197,0.000,2.991,0.000,0.385,0.000,0.000
4261,1709.515,5.175,3.397,1.196,0.000,3.011,0.000,0.385,0.000,0.000
4262,1709.936,0.384,3.417,1.195,0.000,3.031,0.000,0.385,0.000,0.000
4263,1710.357,1.920,3.437,1.194,0.000,3.052,0.000,0.385,0.000,0.000
4264,1710.778,5.849,3.458,1.193,0.000,3.072,0.000,0.385,0.000,0.000
4265,1711.199,4.655,3.479,1.192,0.000,3.094,0.000,0.385,0.000,0.000
4266,1711.620,4.741,3.500,1.192,0.000,3.115,0.000,0.385,0.000,0.000
4267,1712.041,1.164,3.522,1.191,0.000,3.137,0.000,0.385,0.000,0.000
4268,1712.462,1.783,3.544,1.190,0.000,3.159,0.000,0.385,0.000,0.000
4269,1712.883,9.550,3.566,1.189,0.000,3.181,0.000,0.385,0.000,0.000
4270,1713.304,4.508,3.589,1.188,0.000,3.203,0.000,0.385,0.000,0.000
4271,1713.725,5.336,3.611,1.187,0.000,3.226,0.000,0.385,0.000,0.000
4272,1714.146,4.360,3.635,1.186,0.000,3.249,0.000,0.385,0.000,0.000
4273,1714.567,0.000,3.658,1.186,0.000,3.273,0.000,0.385,0.000,0.000
4274,1714.988,0.000,3.682,1.185,0.000,3.296,0.000,0.385,0.000,0.000
4275,1715.409,3.057,3.706,1.184,0.000,3.320,0.000,0.385,0.000,0.000
4276,1715.830,2.179,3.730,1.183,0.000,3.345,0.000,0.385,0.000,0.000
4277,1716.251,3.524,3.755,1.182,0.000,3.369,0.000,0.385,0.000,0.000
4278,1716.672,6.408,3.780,1.181,0.000,3.394,0.000,0.385,0.000,0.000
4279,1717.093,3.211,3.805,1.180,0.000,3.419,0.000,0.385,0.000,0.000
4280,1717.514,3.965,3.830,1.180,0.000,3.445,0.000,0.385,0.000,0.000
4281,1717.935,4.253,3.856,1.179,0.000,3.470,0.000,0.385,0.000,0.000
4282,1718.356,4.444,3.882,1.178,0.000,3.496,0.000,0.386,0.000,0.000
4283,1718.777,0.000,3.908,1.177,0.000,3.522,0.000,0.386,0.000,0.000
4284,1719.198,3.415,3.934,1.176,0.000,3.549,0.000,0.386,0.000,0.000
4285,1719.619,0.000,3.961,1.175,0.000,3.576,0.000,0.386,0.000,0.000
4286,1720.040,4.246,3.988,1.174,0.000,3.603,0.000,0.386,0.000,0.000
4287,1720.461,3.479,4.015,1.174,0.000,3.630,0.000,0.386,0.000,0.000
4288,1720.882,1.618,4.043,1.173,0.000,3.657,0.000,0.386,0.000,0.000
4289,1721.303,4.488,4.071,1.172,0.000,3.685,0.000,0.386,0.000,0.000
4290,1721.725,3.349,4.099,1.171,0.000,3.713,0.000,0.386,0.000,0.000
4291,1722.146,2.333,4.127,1.170,0.000,3.741,0.000,0.386,0.000,0.000
4292,1722.567,8.274,4.155,1.169,0.000,3.769,0.000,0.386,0.000,0.000
4293,1722.988,5.235,4.184,1.169,0.000,3.798,0.000,0.386,0.000,0.000
4294,1723.409,4.144,4.213,1.168,0.000,3.826,0.000,0.386,0.000,0.000
4295,1723.830,6.333,4.242,1.167,0.000,3.855,0.000,0.387,0.000,0.000
4296,1724.251,2.664,4.271,1.166,0.000,3.884,0.000,0.387,0.000,0.000
4297,1724.672,3.975,4.300,1.165,0.000,3.914,0.000,0.387,0.000,0.000
4298,1725.093,2.502,4.330,1.164,0.000,3.943,0.000,0.387,0.000,0.000
4299,1725.515,2.796,4.360,1.163,0.000,3.973,0.000,0.387,0.000,0.000
4300,1725.936,5.100,4.390,1.163,0.000,4.002,0.000,0.387,0.000,0.000
4301,1726.357,8.058,4.420,1.162,0.000,4.032,0.000,0.387,0.000,0.000
4302,1726.778,5.134,4.450,1.161,0.000,4.062,0.000,0.387,0.000,0.000
4303,1727.199,4.312,4.480,1.160,0.000,4.093,0.000,0.388,0.000,0.000
4304,1727.620,2.206,4.511,1.159,0.000,4.123,0.000,0.388,0.000,0.000
4305,1728.042,2.227,4.541,1.158,0.000,4.153,0.000,0.388,0.000,0.000
4306,1728.463,6.130,4.572,1.157,0.000,4.184,0.000,0.388,0.000,0.000
4307,1728.884,0.958,4.603,1.157,0.000,4.215,0.000,0.388,0.000,0.000
4308,1729.305,8.161,4.634,1.156,0.000,4.245,0.000,0.388,0.000,0.000
4309,1729.726,5.873,4.665,1.155,0.000,4.276,0.000,0.389,0.000,0.000
4310,1730.147,8.211,4.696,1.154,0.000,4.307,0.000,0.389,0.000,0.000
4311,1730.569,4.186,4.727,1.153,0.000,4.338,0.000,0.389,0.000,0.000
4312,1730.990,2.545,4.758,1.152,0.000,4.369,0.000,0.389,0.000,0.000
4313,1731.411,0.000,4.789,1.151,0.000,4.400,0.000,0.389,0.000,0.000
4314,1731.832,4.291,4.820,1.151,0.000,4.431,0.000,0.390,0.000,0.000
4315,1732.254,6.171,4.852,1.150,0.000,4.462,0.000,0.390,0.000,0.000
4316,1732.675,3.108,4.883,1.149,0.000,4.493,0.000,0.390,0.000,0.000
4317,1733.096,1.023,4.914,1.148,0.000,4.524,0.000,0.390,0.000,0.000
4318,1733.517,3.773,4.946,1.147,0.000,4.555,0.000,0.391,0.000,0.000
4319,1733.938,2.010,4.977,1.146,0.000,4.586,0.000,0.391,0.000,0.000
4320,1734.360,2.323,5.008,1.145,0.000,4.617,0.000,0.391,0.000,0.000
4321,1734.781,2.380,5.039,1.145,0.000,4.648,0.000,0.391,0.000,0.000
4322,1735.202,2.880,5.070,1.144,0.000,4.678,0.000,0.392,0.000,0.000
4323,1735.623,2.103,5.101,1.143,0.000,4.709,0.000,0.392,0.000,0.000
4324,1736.045,3.164,5.132,1.142,0.000,4.740,0.000,0.392,0.000,0.000
4325,1736.466,8.121,5.163,1.141,0.000,4.770,0.000,0.393,0.000,0.000
4326,1736.887,5.310,5.193,1.140,0.000,4.801,0.000,0.393,0.000,0.000
4327,1737.309,7.647,5.224,1.139,0.000,4.831,0.000,0.393,0.000,0.000
4328,1737.730,8.533,5.254,1.139,0.000,4.861,0.000,0.393,0.000,0.000
4329,1738.151,4.427,5.285,1.138,0.000,4.891,0.000,0.394,0.000,0.000
4330,1738.572,7.803,5.315,1.137,0.000,4.921,0.000,0.394,0.000,0.000
4331,1738.994,6.322,5.345,1.136,0.000,4.950,0.000,0.394,0.000,0.000
4332,1739.415,3.503,5.374,1.135,0.000,4.979,0.000,0.395,0.000,0.000
4333,1739.836,5.756,5.404,1.134,0.000,5.009,0.000,0.395,0.000,0.000
4334,1740.258,8.178,5.433,1.133,0.000,5.037,0.000,0.396,0.000,0.000
4335,1740.679,4.147,5.462,1.133,0.000,5.066,0.000,0.396,0.000,0.000
4336,1741.100,8.923,5.491,1.132,0.000,5.095,0.000,0.396,0.000,0.000
4337,1741.522,5.968,5.519,1.131,0.000,5.123,0.000,0.397,0.000,0.000
4338,1741.943,10.318,5.547,1.130,0.000,5.150,0.000,0.397,0.000,0.000
4339,1742.364,5.886,5.575,1.129,0.000,5.178,0.000,0.397,0.000,0.000
4340,1742.786,9.306,5.603,1.128,0.000,5.205,0.000,0.398,0.000,0.000
4341,1743.207,7.092,5.630,1.127,0.000,5.232,0.000,0.398,0.000,0.000
4342,1743.628,4.778,5.657,1.127,0.000,5.259,0.000,0.399,0.000,0.000
4343,1744.050,0.810,5.684,1.126,0.000,5.285,0.000,0.399,0.000,0.000
4344,1744.471,5.319,5.710,1.125,0.000,5.311,0.000,0.399,0.000,0.000
4345,1744.892,6.956,5.736,1.124,0.000,5.336,0.000,0.400,0.000,0.000
4346,1745.314,11.919,5.761,1.123,0.000,5.361,0.000,0.400,0.000,0.000
4347,1745.735,9.962,5.786,1.122,0.000,5.386,0.000,0.401,0.000,0.000
4348,1746.157,2.139,5.811,1.122,0.000,5.410,0.000,0.401,0.000,0.000
4349,1746.578,5.476,5.835,1.121,0.000,5.433,0.000,0.402,0.000,0.000
4350,1746.999,5.997,5.859,1.120,0.000,5.457,0.000,0.402,0.000,0.000
4351,1747.421,5.946,5.882,1.119,0.000,5.480,0.000,0.403,0.000,0.000
4352,1747.842,2.812,5.905,1.118,0.000,5.502,0.000,0.403,0.000,0.000
4353,1748.264,4.986,5.927,1.117,0.000,5.524,0.000,0.404,0.000,0.000
4354,1748.685,6.771,5.949,1.116,0.000,5.545,0.000,0.404,0.000,0.000
4355,1749.106,5.792,5.970,1.116,0.000,5.566,0.000,0.405,0.000,0.000
4356,1749.528,4.045,5.991,1.115,0.000,5.586,0.000,0.405,0.000,0.000
4357,1749.949,6.779,6.011,1.114,0.000,5.606,0.000,0.406,0.000,0.000
4358,1750.371,4.761,6.031,1.113,0.000,5.625,0.000,0.406,0.000,0.000
4359,1750.792,6.762,6.050,1.112,0.000,5.643,0.000,0.407,0.000,0.000
4360,1751.214,4.128,6.068,1.111,0.000,5.661,0.000,0.407,0.000,0.000
4361,1751.635,4.252,6.086,1.110,0.000,5.679,0.000,0.408,0.000,0.000
4362,1752.056,9.918,6.104,1.110,0.000,5.695,0.000,0.408,0.000,0.000
4363,1752.478,2.947,6.120,1.109,0.000,5.711,0.000,0.409,0.000,0.000
4364,1752.899,5.216,6.136,1.108,0.000,5.727,0.000,0.409,0.000,0.000
4365,1753.321,0.323,6.152,1.107,0.000,5.742,0.000,0.410,0.000,0.000
4366,1753.742,5.384,6.167,1.106,0.000,5.756,0.000,0.411,0.000,0.000
4367,1754.164,2.746,6.181,1.105,0.000,5.769,0.000,0.411,0.000,0.000
4368,1754.585,5.902,6.194,1.104,0.000,5.782,0.000,0.412,0.000,0.000
4369,1755.007,6.064,6.207,1.104,0.000,5.794,0.000,0.412,0.000,0.000
4370,1755.428,8.922,6.219,1.103,0.000,5.806,0.000,0.413,0.000,0.000
4371,1755.850,3.893,6.230,1.102,0.000,5.817,0.000,0.414,0.000,0.000
4372,1756.271,2.362,6.241,1.101,0.000,5.827,0.000,0.414,0.000,0.000
4373,1756.693,4.912,6.251,1.100,0.000,5.836,0.000,0.415,0.000,0.000
4374,1757.114,8.572,6.260,1.099,0.000,5.845,0.000,0.415,0.000,0.000
4375,1757.536,3.048,6.269,1.098,0.000,5.853,0.000,0.416,0.000,0.000
4376,1757.957,5.432,6.276,1.098,0.000,5.860,0.000,0.417,0.000,0.000
4377,1758.379,12.154,6.283,1.097,0.000,5.866,0.000,0.417,0.000,0.000
4378,1758.800,5.879,6.290,1.096,0.000,5.872,0.000,0.418,0.000,0.000
4379,1759.222,1.114,6.295,1.095,0.000,5.877,0.000,0.419,0.000,0.000
4380,1759.643,8.849,6.300,1.094,0.000,5.881,0.000,0.419,0.000,0.000
4381,1760.065,7.027,6.304,1.093,0.000,5.884,0.000,0.420,0.000,0.000
4382,1760.487,6.816,6.307,1.092,0.000,5.886,0.000,0.421,0.000,0.000
4383,1760.908,1.687,6.309,1.092,0.000,5.888,0.000,0.421,0.000,0.000
4384,1761.330,11.897,6.311,1.091,0.000,5.889,0.000,0.422,0.000,0.000
4385,1761.751,1.839,6.312,1.090,0.000,5.889,0.000,0.423,0.000,0.000
4386,1762.173,5.893,6.312,1.089,0.000,5.889,0.000,0.423,0.000,0.000
4387,1762.594,6.032,6.311,1.088,0.000,5.887,0.000,0.424,0.000,0.000
4388,1763.016,6.232,6.310,1.087,0.000,5.885,0.000,0.425,0.000,0.000
4389,1763.437,0.734,6.307,1.086,0.000,5.882,0.000,0.425,0.000,0.000
4390,1763.859,13.748,6.304,1.086,0.000,5.878,0.000,0.426,0.000,0.000
4391,1764.281,4.836,6.300,1.085,0.000,5.874,0.000,0.427,0.000,0.000
4392,1764.702,2.599,6.296,1.084,0.000,5.868,0.000,0.427,0.000,0.000
4393,1765.124,10.800,6.290,1.083,0.000,5.862,0.000,0.428,0.000,0.000
4394,1765.545,6.201,6.284,1.082,0.000,5.855,0.000,0.429,0.000,0.000
4395,1765.967,8.233,6.277,1.081,0.000,5.847,0.000,0.430,0.000,0.000
4396,1766.389,7.825,6.269,1.080,0.000,5.839,0.000,0.430,0.000,0.000
4397,1766.810,6.660,6.260,1.080,0.000,5.829,0.000,0.431,0.000,0.000
4398,1767.232,4.170,6.251,1.079,0.000,5.819,0.000,0.432,0.000,0.000
4399,1767.654,5.222,6.240,1.078,0.000,5.808,0.000,0.432,0.000,0.000
4400,1768.075,10.614,6.229,1.077,0.000,5.796,0.000,0.433,0.000,0.000
4401,1768.497,8.424,6.218,1.076,0.000,5.784,0.000,0.434,0.000,0.000
4402,1768.919,1.580,6.205,1.075,0.000,5.770,0.000,0.435,0.000,0.000
4403,1769.340,1.242,6.192,1.074,0.000,5.756,0.000,0.435,0.000,0.000
4404,1769.762,5.971,6.178,1.074,0.000,5.741,0.000,0.436,0.000,0.000
4405,1770.184,4.152,6.163,1.073,0.000,5.726,0.000,0.437,0.000,0.000
4406,1770.605,9.093,6.147,1.072,0.000,5.709,0.000,0.438,0.000,0.000
4407,1771.027,7.153,6.131,1.071,0.000,5.692,0.000,0.438,0.000,0.000
4408,1771.449,7.299,6.114,1.070,0.000,5.675,0.000,0.439,0.000,0.000
4409,1771.870,9.523,6.096,1.069,0.000,5.656,0.000,0.440,0.000,0.000
4410,1772.292,2.147,6.077,1.069,0.000,5.637,0.000,0.441,0.000,0.000
4411,1772.714,5.570,6.058,1.068,0.000,5.617,0.000,0.441,0.000,0.000
4412,1773.135,5.522,6.038,1.067,0.000,5.596,0.000,0.442,0.000,0.000
4413,1773.557,8.271,6.017,1.066,0.000,5.575,0.000,0.443,0.000,0.000
4414,1773.979,6.045,5.996,1.065,0.000,5.553,0.000,0.443,0.000,0.000
4415,1774.400,3.106,5.974,1.064,0.000,5.530,0.000,0.444,0.000,0.000
4416,1774.822,5.755,5.951,1.063,0.000,5.506,0.000,0.445,0.000,0.000
4417,1775.244,3.506,5.928,1.063,0.000,5.482,0.000,0.446,0.000,0.000
4418,1775.666,9.188,5.904,1.062,0.000,5.458,0.000,0.446,0.000,0.000
4419,1776.087,6.374,5.880,1.061,0.000,5.432,0.000,0.447,0.000,0.000
4420,1776.509,5.040,5.854,1.060,0.000,5.407,0.000,0.448,0.000,0.000
4421,1776.931,2.923,5.829,1.059,0.000,5.380,0.000,0.449,0.000,0.000
4422,1777.353,3.025,5.802,1.058,0.000,5.353,0.000,0.449,0.000,0.000
4423,1777.774,1.953,5.775,1.057,0.000,5.325,0.000,0.450,0.000,0.000
4424,1778.196,2.015,5.748,1.057,0.000,5.297,0.000,0.451,0.000,0.000
4425,1778.618,2.000,5.720,1.056,0.000,5.268,0.000,0.452,0.000,0.000
4426,1779.040,4.225,5.691,1.055,0.000,5.239,0.000,0.452,0.000,0.000
4427,1779.461,5.025,5.662,1.054,0.000,5.209,0.000,0.453,0.000,0.000
4428,1779.883,4.231,5.633,1.053,0.000,5.179,0.000,0.454,0.000,0.000
4429,1780.305,10.258,5.603,1.052,0.000,5.148,0.000,0.454,0.000,0.000
4430,1780.727,3.982,5.572,1.051,0.000,5.117,0.000,0.455,0.000,0.000
4431,1781.148,5.045,5.541,1.051,0.000,5.085,0.000,0.456,0.000,0.000
4432,1781.570,3.140,5.510,1.050,0.000,5.053,0.000,0.457,0.000,0.000
4433,1781.992,3.280,5.478,1.049,0.000,5.020,0.000,0.457,0.000,0.000
4434,1782.414,2.306,5.445,1.048,0.000,4.987,0.000,0.458,0.000,0.000
4435,1782.836,7.381,5.413,1.047,0.000,4.954,0.000,0.459,0.000,0.000
4436,1783.257,4.263,5.380,1.046,0.000,4.920,0.000,0.459,0.000,0.000
4437,1783.679,3.284,5.346,1.045,0.000,4.886,0.000,0.460,0.000,0.000
4438,1784.101,8.344,5.312,1.045,0.000,4.852,0.000,0.461,0.000,0.000
4439,1784.523,4.858,5.278,1.044,0.000,4.817,0.000,0.461,0.000,0.000
4440,1784.945,7.288,5.244,1.043,0.000,4.782,0.000,0.462,0.000,0.000
4441,1785.367,1.256,5.209,1.042,0.000,4.746,0.000,0.463,0.000,0.000
4442,1785.788,1.447,5.174,1.041,0.000,4.711,0.000,0.464,0.000,0.000
4443,1786.210,5.348,5.139,1.040,0.000,4.675,0.000,0.464,0.000,0.000
4444,1786.632,3.310,5.104,1.039,0.000,4.639,0.000,0.465,0.000,0.000
4445,1787.054,5.238,5.068,1.039,0.000,4.602,0.000,0.465,0.000,0.000
4446,1787.476,6.246,5.032,1.038,0.000,4.566,0.000,0.466,0.000,0.000
4447,1787.898,7.933,4.996,1.037,0.000,4.529,0.000,0.467,0.000,0.000
4448,1788.320,6.278,4.960,1.036,0.000,4.492,0.000,0.467,0.000,0.000
4449,1788.741,2.690,4.923,1.035,0.000,4.455,0.000,0.468,0.000,0.000
4450,1789.163,4.110,4.887,1.034,0.000,4.418,0.000,0.469,0.000,0.000
4451,1789.585,3.006,4.850,1.033,0.000,4.381,0.000,0.469,0.000,0.000
4452,1790.007,7.462,4.813,1.033,0.000,4.343,0.000,0.470,0.000,0.000
4453,1790.429,3.427,4.776,1.032,0.000,4.306,0.000,0.470,0.000,0.000
4454,1790.851,4.405,4.740,1.031,0.000,4.268,0.000,0.471,0.000,0.000
4455,1791.273,0.045,4.703,1.030,0.000,4.231,0.000,0.472,0.000,0.000
4456,1791.695,5.275,4.666,1.029,0.000,4.193,0.000,0.472,0.000,0.000
4457,1792.117,6.450,4.628,1.028,0.000,4.156,0.000,0.473,0.000,0.000
4458,1792.538,7.272,4.591,1.027,0.000,4.118,0.000,0.473,0.000,0.000
4459,1792.960,11.334,4.554,1.027,0.000,4.080,0.000,0.474,0.000,0.000
4460,1793.382,9.139,4.517,1.026,0.000,4.043,0.000,0.475,0.000,0.000
4461,1793.804,3.178,4.480,1.025,0.000,4.005,0.000,0.475,0.000,0.000
4462,1794.226,5.510,4.443,1.024,0.000,3.968,0.000,0.476,0.000,0.000
4463,1794.648,1.343,4.407,1.023,0.000,3.931,0.000,0.476,0.000,0.000
4464,1795.070,5.291,4.370,1.022,0.000,3.893,0.000,0.477,0.000,0.000
4465,1795.492,2.302,4.333,1.022,0.000,3.856,0.000,0.477,0.000,0.000
4466,1795.914,6.284,4.297,1.021,0.000,3.819,0.000,0.478,0.000,0.000
4467,1796.336,5.155,4.260,1.020,0.000,3.782,0.000,0.478,0.000,0.000
4468,1796.758,7.583,4.224,1.019,0.000,3.745,0.000,0.479,0.000,0.000
4469,1797.180,2.894,4.188,1.018,0.000,3.709,0.000,0.479,0.000,0.000
4470,1797.602,0.861,4.152,1.017,0.000,3.672,0.000,0.480,0.000,0.000
4471,1798.024,4.678,4.116,1.016,0.000,3.636,0.000,0.480,0.000,0.000
4472,1798.446,3.428,4.081,1.016,0.000,3.600,0.000,0.481,0.000,0.000
4473,1798.868,5.724,4.045,1.015,0.000,3.564,0.000,0.481,0.000,0.000
4474,1799.290,2.837,4.010,1.014,0.000,3.529,0.000,0.481,0.000,0.000
4475,1799.712,5.685,3.975,1.013,0.000,3.494,0.000,0.482,0.000,0.000
4476,1800.134,6.651,3.941,1.012,0.000,3.459,0.000,0.482,0.000,0.000
4477,1800.556,6.650,3.907,1.011,0.000,3.424,0.000,0.483,0.000,0.000
4478,1800.978,1.250,3.872,1.010,0.000,3.389,0.000,0.483,0.000,0.000
4479,1801.400,2.301,3.839,1.010,0.000,3.355,0.000,0.484,0.000,0.000
4480,1801.822,3.158,3.805,1.009,0.000,3.321,0.000,0.484,0.000,0.000
4481,1802.244,4.471,3.772,1.008,0.000,3.288,0.000,0.484,0.000,0.000
4482,1802.666,6.467,3.739,1.007,0.000,3.254,0.000,0.485,0.000,0.000
4483,1803.088,3.058,3.706,1.006,0.000,3.221,0.000,0.485,0.000,0.000
4484,1803.510,3.099,3.674,1.005,0.000,3.189,0.000,0.485,0.000,0.000
4485,1803.932,10.730,3.642,1.004,0.000,3.156,0.000,0.486,0.000,0.000
4486,1804.354,6.544,3.611,1.004,0.000,3.125,0.000,0.486,0.000,0.000
4487,1804.776,3.380,3.579,1.003,0.000,3.093,0.000,0.487,0.000,0.000
4488,1805.198,4.558,3.549,1.002,0.000,3.062,0.000,0.487,0.000,0.000
4489,1805.620,1.628,3.518,1.001,0.000,3.031,0.000,0.487,0.000,0.000
4490,1806.042,3.641,3.488,1.000,0.000,3.001,0.000,0.488,0.000,0.000
4491,1806.464,0.991,3.458,0.999,0.000,2.971,0.000,0.488,0.000,0.000
4492,1806.886,4.735,3.429,0.998,0.000,2.941,0.000,0.488,0.000,0.000
4493,1807.309,4.437,3.400,0.998,0.000,2.912,0.000,0.488,0.000,0.000
4494,1807.731,1.683,3.372,0.997,0.000,2.883,0.000,0.489,0.000,0.000
4495,1808.153,3.672,3.343,0.996,0.000,2.854,0.000,0.489,0.000,0.000
4496,1808.575,4.700,3.316,0.995,0.000,2.826,0.000,0.489,0.000,0.000
4497,1808.997,1.424,3.288,0.994,0.000,2.799,0.000,0.490,0.000,0.000
4498,1809.419,1.385,3.261,0.993,0.000,2.772,0.000,0.490,0.000,0.000
4499,1809.841,2.439,3.235,0.992,0.000,2.745,0.000,0.490,0.000,0.000
4500,1810.263,7.021,3.208,0.991,0.000,2.718,0.000,0.490,0.000,0.000
4501,1810.685,2.615,3.183,0.990,0.000,2.692,0.000,0.490,0.000,0.000
4502,1811.107,1.470,3.157,0.989,0.000,2.667,0.000,0.490,0.000,0.000
4503,1811.530,6.505,3.132,0.988,0.000,2.642,0.000,0.491,0.000,0.000
4504,1811.952,3.045,3.108,0.987,0.000,2.617,0.000,0.491,0.000,0.000
4505,1812.374,2.883,3.084,0.986,0.000,2.593,0.000,0.491,0.000,0.000
4506,1812.796,2.418,3.060,0.985,0.000,2.569,0.000,0.491,0.000,0.000
4507,1813.218,4.633,3.037,0.984,0.000,2.546,0.000,0.491,0.000,0.000
4508,1813.640,3.625,3.014,0.983,0.000,2.523,0.000,0.491,0.000,0.000
4509,1814.062,1.629,2.992,0.982,0.000,2.500,0.000,0.492,0.000,0.000
4510,1814.485,5.887,2.970,0.981,0.000,2.478,0.000,0.492,0.000,0.000
4511,1814.907,6.037,2.949,0.980,0.000,2.457,0.000,0.492,0.000,0.000
4512,1815.329,6.023,2.928,0.979,0.000,2.436,0.000,0.492,0.000,0.000
4513,1815.751,2.817,2.907,0.978,0.000,2.415,0.000,0.492,0.000,0.000
4514,1816.173,7.893,2.887,0.977,0.000,2.395,0.000,0.492,0.000,0.000
4515,1816.595,3.697,2.867,0.976,0.000,2.375,0.000,0.492,0.000,0.000
4516,1817.018,3.778,2.848,0.975,0.000,2.355,0.000,0.492,0.000,0.000
4517,1817.440,6.755,2.829,0.974,0.000,2.336,0.000,0.492,0.000,0.000
4518,1817.862,4.894,2.810,0.973,0.000,2.318,0.000,0.492,0.000,0.000
4519,1818.284,5.953,2.792,0.972,0.000,2.300,0.000,0.493,0.000,0.000
4520,1818.706,2.861,2.775,0.971,0.000,2.282,0.000,0.493,0.000,0.000
4521,1819.129,3.167,2.758,0.970,0.000,2.265,0.000,0.493,0.000,0.000
4522,1819.551,2.717,2.741,0.969,0.000,2.248,0.000,0.493,0.000,0.000
4523,1819.973,4.881,2.724,0.968,0.000,2.232,0.000,0.493,0.000,0.000
4524,1820.395,1.975,2.708,0.967,0.000,2.216,0.000,0.493,0.000,0.000
4525,1820.818,6.075,2.693,0.966,0.000,2.200,0.000,0.493,0.000,0.000
4526,1821.240,1.720,2.678,0.965,0.000,2.185,0.000,0.493,0.000,0.000
4527,1821.662,1.855,2.663,0.964,0.000,2.170,0.000,0.493,0.000,0.000
4528,1822.084,3.820,2.649,0.963,0.000,2.155,0.000,0.493,0.000,0.000
4529,1822.507,4.054,2.634,0.962,0.000,2.141,0.000,0.493,0.000,0.000
4530,1822.929,3.747,2.621,0.961,0.000,2.128,0.000,0.493,0.000,0.000
4531,1823.351,4.768,2.608,0.960,0.000,2.114,0.000,0.493,0.000,0.000
4532,1823.773,2.756,2.595,0.959,0.000,2.101,0.000,0.493,0.000,0.000
4533,1824.196,3.561,2.582,0.958,0.000,2.089,0.000,0.493,0.000,0.000
4534,1824.618,1.939,2.570,0.957,0.000,2.077,0.000,0.493,0.000,0.000
4535,1825.040,2.778,2.558,0.956,0.000,2.065,0.000,0.493,0.000,0.000
4536,1825.462,3.771,2.546,0.955,0.000,2.053,0.000,0.493,0.000,0.000
4537,1825.885,1.898,2.535,0.954,0.000,2.042,0.000,0.493,0.000,0.000
4538,1826.307,3.720,2.524,0.953,0.000,2.031,0.000,0.493,0.000,0.000
4539,1826.729,3.755,2.514,0.952,0.000,2.021,0.000,0.493,0.000,0.000
4540,1827.152,4.861,2.504,0.951,0.000,2.010,0.000,0.493,0.000,0.000
4541,1827.574,5.542,2.494,0.950,0.000,2.000,0.000,0.493,0.000,0.000
4542,1827.996,0.614,2.484,0.949,0.000,1.991,0.000,0.493,0.000,0.000
4543,1828.418,2.909,2.475,0.948,0.000,1.982,0.000,0.493,0.000,0.000
4544,1828.841,4.932,2.466,0.947,0.000,1.973,0.000,0.493,0.000,0.000
4545,1829.263,1.600,2.457,0.946,0.000,1.964,0.000,0.493,0.000,0.000
4546,1829.685,4.615,2.448,0.945,0.000,1.955,0.000,0.493,0.000,0.000
4547,1830.108,1.036,2.440,0.944,0.000,1.947,0.000,0.493,0.000,0.000
4548,1830.530,1.772,2.432,0.943,0.000,1.939,0.000,0.493,0.000,0.000
4549,1830.952,6.369,2.425,0.942,0.000,1.932,0.000,0.493,0.000,0.000
4550,1831.375,0.965,2.417,0.941,0.000,1.924,0.000,0.493,0.000,0.000
4551,1831.797,1.821,2.410,0.940,0.000,1.917,0.000,0.493,0.000,0.000
4552,1832.219,0.000,2.403,0.939,0.000,1.910,0.000,0.493,0.000,0.000
4553,1832.642,3.801,2.396,0.938,0.000,1.903,0.000,0.493,0.000,0.000
4554,1833.064,0.992,2.390,0.937,0.000,1.897,0.000,0.493,0.000,0.000
4555,1833.487,0.000,2.383,0.936,0.000,1.890,0.000,0.493,0.000,0.000
4556,1833.909,2.444,2.377,0.935,0.000,1.884,0.000,0.493,0.000,0.000
4557,1834.331,1.674,2.371,0.934,0.000,1.878,0.000,0.493,0.000,0.000
4558,1834.754,2.891,2.366,0.933,0.000,1.873,0.000,0.493,0.000,0.000
4559,1835.176,1.519,2.360,0.932,0.000,1.867,0.000,0.493,0.000,0.000
4560,1835.598,1.688,2.355,0.931,0.000,1.862,0.000,0.493,0.000,0.000
4561,1836.021,1.769,2.349,0.930,0.000,1.857,0.000,0.493,0.000,0.000
4562,1836.443,1.591,2.344,0.928,0.000,1.852,0.000,0.493,0.000,0.000
4563,1836.866,1.697,2.339,0.927,0.000,1.847,0.000,0.493,0.000,0.000
4564,1837.288,1.994,2.335,0.926,0.000,1.842,0.000,0.493,0.000,0.000
4565,1837.710,0.000,2.330,0.925,0.000,1.838,0.000,0.492,0.000,0.000
4566,1838.133,0.618,2.326,0.924,0.000,1.833,0.000,0.492,0.000,0.000
4567,1838.555,0.000,2.321,0.923,0.000,1.829,0.000,0.492,0.000,0.000
4568,1838.978,1.798,2.317,0.922,0.000,1.825,0.000,0.492,0.000,0.000
4569,1839.400,1.911,2.313,0.921,0.000,1.821,0.000,0.492,0.000,0.000
4570,1839.823,3.024,2.309,0.920,0.000,1.817,0.000,0.492,0.000,0.000
4571,1840.245,0.000,2.305,0.919,0.000,1.813,0.000,0.492,0.000,0.000
4572,1840.667,5.737,2.301,0.918,0.000,1.809,0.000,0.492,0.000,0.000
4573,1841.090,2.635,2.298,0.917,0.000,1.805,0.000,0.492,0.000,0.000
4574,1841.512,1.137,2.294,0.916,0.000,1.802,0.000,0.492,0.000,0.000
4575,1841.935,2.034,2.290,0.915,0.000,1.798,0.000,0.492,0.000,0.000
4576,1842.357,1.724,2.287,0.914,0.000,1.795,0.000,0.492,0.000,0.000
4577,1842.780,1.620,2.284,0.913,0.000,1.792,0.000,0.492,0.000,0.000
4578,1843.202,3.940,2.280,0.912,0.000,1.788,0.000,0.492,0.000,0.000
4579,1843.625,0.000,2.277,0.911,0.000,1.785,0.000,0.492,0.000,0.000
4580,1844.047,0.711,2.274,0.910,0.000,1.782,0.000,0.492,0.000,0.000
4581,1844.470,1.782,2.270,0.909,0.000,1.779,0.000,0.492,0.000,0.000
4582,1844.892,3.778,2.267,0.908,0.000,1.776,0.000,0.492,0.000,0.000
4583,1845.315,1.580,2.264,0.907,0.000,1.773,0.000,0.492,0.000,0.000
4584,1845.737,0.434,2.261,0.906,0.000,1.770,0.000,0.491,0.000,0.000
4585,1846.160,1.683,2.258,0.905,0.000,1.767,0.000,0.491,0.000,0.000
4586,1846.582,1.613,2.255,0.904,0.000,1.764,0.000,0.491,0.000,0.000
4587,1847.005,3.990,2.252,0.903,0.000,1.761,0.000,0.491,0.000,0.000
4588,1847.427,1.030,2.249,0.902,0.000,1.758,0.000,0.491,0.000,0.000
4589,1847.850,0.000,2.246,0.901,0.000,1.755,0.000,0.491,0.000,0.000
4590,1848.272,1.005,2.243,0.900,0.000,1.752,0.000,0.491,0.000,0.000
4591,1848.695,0.830,2.240,0.899,0.000,1.749,0.000,0.491,0.000,0.000
4592,1849.117,2.281,2.237,0.898,0.000,1.746,0.000,0.491,0.000,0.000
4593,1849.540,4.482,2.234,0.897,0.000,1.743,0.000,0.491,0.000,0.000
4594,1849.962,0.397,2.231,0.896,0.000,1.740,0.000,0.491,0.000,0.000
4595,1850.385,3.116,2.228,0.895,0.000,1.737,0.000,0.491,0.000,0.000
4596,1850.807,0.000,2.225,0.894,0.000,1.734,0.000,0.491,0.000,0.000
4597,1851.230,0.923,2.222,0.893,0.000,1.731,0.000,0.491,0.000,0.000
4598,1851.652,3.543,2.219,0.892,0.000,1.728,0.000,0.491,0.000,0.000
4599,1852.075,0.000,2.216,0.891,0.000,1.725,0.000,0.491,0.000,0.000
4600,1852.498,1.828,2.212,0.890,0.000,1.722,0.000,0.490,0.000,0.000
4601,1852.920,0.000,2.209,0.889,0.000,1.719,0.000,0.490,0.000,0.000
4602,1853.343,1.610,2.206,0.888,0.000,1.716,0.000,0.490,0.000,0.000
4603,1853.765,6.705,2.203,0.887,0.000,1.712,0.000,0.490,0.000,0.000
4604,1854.188,0.000,2.199,0.886,0.000,1.709,0.000,0.490,0.000,0.000
4605,1854.611,1.699,2.196,0.885,0.000,1.706,0.000,0.490,0.000,0.000
4606,1855.033,0.000,2.193,0.884,0.000,1.703,0.000,0.490,0.000,0.000
4607,1855.456,3.854,2.189,0.883,0.000,1.699,0.000,0.490,0.000,0.000
4608,1855.878,0.803,2.186,0.882,0.000,1.696,0.000,0.490,0.000,0.000
4609,1856.301,4.422,2.182,0.881,0.000,1.693,0.000,0.490,0.000,0.000
4610,1856.724,5.550,2.179,0.880,0.000,1.689,0.000,0.490,0.000,0.000
4611,1857.146,2.861,2.175,0.879,0.000,1.686,0.000,0.490,0.000,0.000
4612,1857.569,0.000,2.172,0.878,0.000,1.682,0.000,0.490,0.000,0.000
4613,1857.991,2.886,2.168,0.877,0.000,1.678,0.000,0.490,0.000,0.000
4614,1858.414,2.706,2.164,0.876,0.000,1.675,0.000,0.490,0.000,0.000
4615,1858.837,4.187,2.160,0.875,0.000,1.671,0.000,0.489,0.000,0.000
4616,1859.259,4.032,2.156,0.874,0.000,1.667,0.000,0.489,0.000,0.000
4617,1859.682,2.972,2.153,0.873,0.000,1.663,0.000,0.489,0.000,0.000
4618,1860.105,5.479,2.149,0.872,0.000,1.659,0.000,0.489,0.000,0.000
4619,1860.527,3.664,2.144,0.871,0.000,1.655,0.000,0.489,0.000,0.000
4620,1860.950,0.884,2.140,0.870,0.000,1.651,0.000,0.489,0.000,0.000
4621,1861.373,2.533,2.136,0.869,0.000,1.647,0.000,0.489,0.000,0.000
4622,1861.795,0.000,2.132,0.868,0.000,1.643,0.000,0.489,0.000,0.000
4623,1862.218,6.681,2.128,0.867,0.000,1.639,0.000,0.489,0.000,0.000
4624,1862.641,2.814,2.123,0.866,0.000,1.635,0.000,0.489,0.000,0.000
4625,1863.063,3.824,2.119,0.865,0.000,1.630,0.000,0.489,0.000,0.000
4626,1863.486,1.031,2.115,0.864,0.000,1.626,0.000,0.489,0.000,0.000
4627,1863.909,1.899,2.110,0.863,0.000,1.622,0.000,0.488,0.000,0.000
4628,1864.331,0.956,2.106,0.862,0.000,1.617,0.000,0.488,0.000,0.000
4629,1864.754,0.000,2.101,0.861,0.000,1.613,0.000,0.488,0.000,0.000
4630,1865.177,3.748,2.096,0.860,0.000,1.608,0.000,0.488,0.000,0.000
4631,1865.599,5.845,2.092,0.859,0.000,1.604,0.000,0.488,0.000,0.000
4632,1866.022,2.818,2.087,0.858,0.000,1.599,0.000,0.488,0.000,0.000
4633,1866.445,1.621,2.082,0.857,0.000,1.594,0.000,0.488,0.000,0.000
4634,1866.868,2.913,2.077,0.856,0.000,1.589,0.000,0.488,0.000,0.000
4635,1867.290,2.874,2.072,0.855,0.000,1.585,0.000,0.488,0.000,0.000
4636,1867.713,1.808,2.067,0.854,0.000,1.580,0.000,0.488,0.000,0.000
4637,1868.136,3.534,2.062,0.853,0.000,1.575,0.000,0.487,0.000,0.000
4638,1868.558,1.897,2.057,0.852,0.000,1.570,0.000,0.487,0.000,0.000
4639,1868.981,0.000,2.052,0.851,0.000,1.565,0.000,0.487,0.000,0.000
4640,1869.404,0.034,2.047,0.850,0.000,1.560,0.000,0.487,0.000,0.000
4641,1869.827,1.198,2.042,0.849,0.000,1.555,0.000,0.487,0.000,0.000
4642,1870.249,0.583,2.037,0.848,0.000,1.550,0.000,0.487,0.000,0.000
4643,1870.672,3.927,2.031,0.847,0.000,1.545,0.000,0.487,0.000,0.000
4644,1871.095,2.749,2.026,0.846,0.000,1.539,0.000,0.487,0.000,0.000
4645,1871.518,2.821,2.021,0.845,0.000,1.534,0.000,0.487,0.000,0.000
4646,1871.940,4.982,2.015,0.844,0.000,1.529,0.000,0.486,0.000,0.000
4647,1872.363,3.592,2.010,0.843,0.000,1.524,0.000,0.486,0.000,0.000
4648,1872.786,0.434,2.005,0.842,0.000,1.518,0.000,0.486,0.000,0.000
4649,1873.209,8.555,1.999,0.841,0.000,1.513,0.000,0.486,0.000,0.000
4650,1873.632,4.600,1.994,0.840,0.000,1.508,0.000,0.486,0.000,0.000
4651,1874.054,0.000,1.988,0.839,0.000,1.502,0.000,0.486,0.000,0.000
4652,1874.477,0.000,1.983,0.838,0.000,1.497,0.000,0.486,0.000,0.000
4653,1874.900,0.000,1.977,0.837,0.000,1.492,0.000,0.486,0.000,0.000
4654,1875.323,0.000,1.972,0.836,0.000,1.486,0.000,0.485,0.000,0.000
4655,1875.746,0.000,1.966,0.835,0.000,1.481,0.000,0.485,0.000,0.000
4656,1876.168,5.110,1.960,0.834,0.000,1.475,0.000,0.485,0.000,0.000
4657,1876.591,3.791,1.955,0.833,0.000,1.470,0.000,0.485,0.000,0.000
4658,1877.014,5.437,1.949,0.832,0.000,1.464,0.000,0.485,0.000,0.000
4659,1877.437,3.875,1.943,0.831,0.000,1.459,0.000,0.485,0.000,0.000
4660,1877.860,2.800,1.938,0.829,0.000,1.453,0.000,0.485,0.000,0.000
4661,1878.283,0.807,1.932,0.828,0.000,1.448,0.000,0.484,0.000,0.000
4662,1878.705,3.198,1.926,0.827,0.000,1.442,0.000,0.484,0.000,0.000
4663,1879.128,0.000,1.921,0.826,0.000,1.437,0.000,0.484,0.000,0.000
4664,1879.551,3.131,1.915,0.825,0.000,1.431,0.000,0.484,0.000,0.000
4665,1879.974,0.364,1.909,0.824,0.000,1.426,0.000,0.484,0.000,0.000
4666,1880.397,0.000,1.904,0.823,0.000,1.420,0.000,0.484,0.000,0.000
4667,1880.820,1.119,1.898,0.822,0.000,1.414,0.000,0.483,0.000,0.000
4668,1881.242,0.000,1.892,0.821,0.000,1.409,0.000,0.483,0.000,0.000
4669,1881.665,0.768,1.887,0.820,0.000,1.403,0.000,0.483,0.000,0.000
4670,1882.088,4.002,1.881,0.819,0.000,1.398,0.000,0.483,0.000,0.000
4671,1882.511,7.115,1.875,0.818,0.000,1.392,0.000,0.483,0.000,0.000
4672,1882.934,1.923,1.870,0.817,0.000,1.387,0.000,0.483,0.000,0.000
4673,1883.357,0.000,1.864,0.816,0.000,1.382,0.000,0.482,0.000,0.000
4674,1883.780,0.688,1.858,0.815,0.000,1.376,0.000,0.482,0.000,0.000
4675,1884.203,0.845,1.853,0.814,0.000,1.371,0.000,0.482,0.000,0.000
4676,1884.626,5.104,1.847,0.813,0.000,1.365,0.000,0.482,0.000,0.000
4677,1885.048,0.000,1.841,0.812,0.000,1.360,0.000,0.482,0.000,0.000
4678,1885.471,3.189,1.836,0.811,0.000,1.354,0.000,0.481,0.000,0.000
4679,1885.894,0.956,1.830,0.810,0.000,1.349,0.000,0.481,0.000,0.000
4680,1886.317,3.289,1.825,0.809,0.000,1.344,0.000,0.481,0.000,0.000
4681,1886.740,1.257,1.819,0.808,0.000,1.339,0.000,0.481,0.000,0.000
4682,1887.163,0.004,1.814,0.807,0.000,1.333,0.000,0.481,0.000,0.000
4683,1887.586,1.564,1.808,0.806,0.000,1.328,0.000,0.480,0.000,0.000
4684,1888.009,2.505,1.803,0.805,0.000,1.323,0.000,0.480,0.000,0.000
4685,1888.432,0.000,1.798,0.804,0.000,1.318,0.000,0.480,0.000,0.000
4686,1888.855,4.710,1.792,0.803,0.000,1.313,0.000,0.480,0.000,0.000
4687,1889.278,0.000,1.787,0.802,0.000,1.307,0.000,0.480,0.000,0.000
4688,1889.701,1.876,1.782,0.801,0.000,1.302,0.000,0.479,0.000,0.000
4689,1890.124,1.104,1.776,0.800,0.000,1.297,0.000,0.479,0.000,0.000
4690,1890.547,1.055,1.771,0.799,0.000,1.292,0.000,0.479,0.000,0.000
4691,1890.970,2.012,1.766,0.798,0.000,1.287,0.000,0.479,0.000,0.000
4692,1891.393,0.031,1.761,0.797,0.000,1.283,0.000,0.478,0.000,0.000
4693,1891.815,3.593,1.756,0.796,0.000,1.278,0.000,0.478,0.000,0.000
4694,1892.238,0.000,1.751,0.795,0.000,1.273,0.000,0.478,0.000,0.000
4695,1892.661,0.111,1.746,0.794,0.000,1.268,0.000,0.478,0.000,0.000
4696,1893.084,3.917,1.741,0.793,0.000,1.263,0.000,0.477,0.000,0.000
4697,1893.507,0.000,1.736,0.792,0.000,1.259,0.000,0.477,0.000,0.000
4698,1893.930,1.176,1.731,0.791,0.000,1.254,0.000,0.477,0.000,0.000
4699,1894.353,0.941,1.726,0.790,0.000,1.249,0.000,0.477,0.000,0.000
4700,1894.776,3.005,1.721,0.789,0.000,1.245,0.000,0.477,0.000,0.000
4701,1895.199,3.284,1.717,0.788,0.000,1.240,0.000,0.476,0.000,0.000
4702,1895.622,3.158,1.712,0.787,0.000,1.236,0.000,0.476,0.000,0.000
4703,1896.045,0.000,1.707,0.786,0.000,1.231,0.000,0.476,0.000,0.000
4704,1896.468,1.296,1.702,0.785,0.000,1.227,0.000,0.475,0.000,0.000
4705,1896.891,1.963,1.698,0.784,0.000,1.223,0.000,0.475,0.000,0.000
4706,1897.315,1.861,1.693,0.783,0.000,1.218,0.000,0.475,0.000,0.000
4707,1897.738,0.000,1.689,0.782,0.000,1.214,0.000,0.475,0.000,0.000
4708,1898.161,1.125,1.684,0.781,0.000,1.210,0.000,0.474,0.000,0.000
4709,1898.584,0.000,1.680,0.780,0.000,1.206,0.000,0.474,0.000,0.000
4710,1899.007,1.911,1.676,0.779,0.000,1.202,0.000,0.474,0.000,0.000
4711,1899.430,0.000,1.671,0.778,0.000,1.198,0.000,0.474,0.000,0.000
4712,1899.853,3.089,1.667,0.777,0.000,1.194,0.000,0.473,0.000,0.000
4713,1900.276,2.012,1.663,0.776,0.000,1.190,0.000,0.473,0.000,0.000
4714,1900.699,2.862,1.659,0.775,0.000,1.186,0.000,0.473,0.000,0.000
4715,1901.122,0.682,1.655,0.774,0.000,1.182,0.000,0.472,0.000,0.000
4716,1901.545,6.742,1.651,0.773,0.000,1.178,0.000,0.472,0.000,0.000
4717,1901.968,3.897,1.647,0.772,0.000,1.175,0.000,0.472,0.000,0.000
4718,1902.391,1.994,1.643,0.771,0.000,1.171,0.000,0.472,0.000,0.000
4719,1902.814,2.991,1.639,0.770,0.000,1.167,0.000,0.471,0.000,0.000
4720,1903.237,0.975,1.635,0.769,0.000,1.164,0.000,0.471,0.000,0.000
4721,1903.660,1.975,1.631,0.768,0.000,1.160,0.000,0.471,0.000,0.000
4722,1904.083,1.736,1.627,0.767,0.000,1.157,0.000,0.470,0.000,0.000
4723,1904.507,0.000,1.624,0.766,0.000,1.153,0.000,0.470,0.000,0.000
4724,1904.930,0.000,1.620,0.765,0.000,1.150,0.000,0.470,0.000,0.000
4725,1905.353,0.754,1.616,0.764,0.000,1.147,0.000,0.470,0.000,0.000
4726,1905.776,0.000,1.613,0.763,0.000,1.143,0.000,0.469,0.000,0.000
4727,1906.199,0.000,1.609,0.762,0.000,1.140,0.000,0.469,0.000,0.000
4728,1906.622,2.129,1.606,0.761,0.000,1.137,0.000,0.469,0.000,0.000
4729,1907.045,0.829,1.602,0.760,0.000,1.134,0.000,0.468,0.000,0.000
4730,1907.468,2.299,1.599,0.759,0.000,1.131,0.000,0.468,0.000,0.000
4731,1907.892,1.970,1.595,0.758,0.000,1.128,0.000,0.468,0.000,0.000
4732,1908.315,1.151,1.592,0.757,0.000,1.125,0.000,0.467,0.000,0.000
4733,1908.738,2.000,1.589,0.756,0.000,1.122,0.000,0.467,0.000,0.000
4734,1909.161,0.000,1.586,0.755,0.000,1.119,0.000,0.467,0.000,0.000
4735,1909.584,2.114,1.583,0.754,0.000,1.116,0.000,0.466,0.000,0.000
4736,1910.007,1.090,1.579,0.753,0.000,1.113,0.000,0.466,0.000,0.000
4737,1910.430,0.880,1.576,0.752,0.000,1.111,0.000,0.466,0.000,0.000
4738,1910.854,0.000,1.573,0.751,0.000,1.108,0.000,0.465,0.000,0.000
4739,1911.277,4.229,1.570,0.750,0.000,1.105,0.000,0.465,0.000,0.000
4740,1911.700,0.298,1.567,0.749,0.000,1.103,0.000,0.465,0.000,0.000
4741,1912.123,1.082,1.564,0.748,0.000,1.100,0.000,0.464,0.000,0.000
4742,1912.546,0.904,1.561,0.747,0.000,1.097,0.000,0.464,0.000,0.000
4743,1912.969,2.499,1.559,0.746,0.000,1.095,0.000,0.464,0.000,0.000
4744,1913.393,1.026,1.556,0.745,0.000,1.092,0.000,0.463,0.000,0.000
4745,1913.816,2.945,1.553,0.744,0.000,1.090,0.000,0.463,0.000,0.000
4746,1914.239,1.339,1.550,0.743,0.000,1.088,0.000,0.463,0.000,0.000
4747,1914.662,0.000,1.548,0.742,0.000,1.085,0.000,0.462,0.000,0.000
4748,1915.085,0.646,1.545,0.741,0.000,1.083,0.000,0.462,0.000,0.000
4749,1915.509,0.000,1.542,0.740,0.000,1.081,0.000,0.462,0.000,0.000
4750,1915.932,2.137,1.540,0.739,0.000,1.078,0.000,0.461,0.000,0.000
4751,1916.355,1.336,1.537,0.738,0.000,1.076,0.000,0.461,0.000,0.000
4752,1916.778,1.957,1.534,0.737,0.000,1.074,0.000,0.461,0.000,0.000
4753,1917.201,0.151,1.532,0.736,0.000,1.072,0.000,0.460,0.000,0.000
4754,1917.625,0.281,1.529,0.735,0.000,1.069,0.000,0.460,0.000,0.000
4755,1918.048,0.020,1.527,0.734,0.000,1.067,0.000,0.460,0.000,0.000
4756,1918.471,2.010,1.525,0.733,0.000,1.065,0.000,0.459,0.000,0.000
4757,1918.894,2.083,1.522,0.732,0.000,1.063,0.000,0.459,0.000,0.000
4758,1919.318,3.993,1.520,0.730,0.000,1.061,0.000,0.459,0.000,0.000
4759,1919.741,1.159,1.517,0.729,0.000,1.059,0.000,0.458,0.000,0.000
4760,1920.164,0.000,1.515,0.728,0.000,1.057,0.000,0.458,0.000,0.000
4761,1920.587,2.997,1.513,0.727,0.000,1.055,0.000,0.457,0.000,0.000
4762,1921.011,2.787,1.510,0.726,0.000,1.053,0.000,0.457,0.000,0.000
4763,1921.434,0.650,1.508,0.725,0.000,1.051,0.000,0.457,0.000,0.000
4764,1921.857,0.974,1.506,0.724,0.000,1.049,0.000,0.456,0.000,0.000
4765,1922.280,4.224,1.504,0.723,0.000,1.048,0.000,0.456,0.000,0.000
4766,1922.704,0.000,1.501,0.722,0.000,1.046,0.000,0.456,0.000,0.000
4767,1923.127,1.433,1.499,0.721,0.000,1.044,0.000,0.455,0.000,0.000
4768,1923.550,0.925,1.497,0.720,0.000,1.042,0.000,0.455,0.000,0.000
4769,1923.974,3.539,1.495,0.719,0.000,1.040,0.000,0.455,0.000,0.000
4770,1924.397,0.000,1.493,0.718,0.000,1.039,0.000,0.454,0.000,0.000
4771,1924.820,4.500,1.491,0.717,0.000,1.037,0.000,0.454,0.000,0.000
4772,1925.243,1.861,1.488,0.716,0.000,1.035,0.000,0.453,0.000,0.000
4773,1925.667,0.892,1.486,0.715,0.000,1.033,0.000,0.453,0.000,0.000
4774,1926.090,2.108,1.484,0.714,0.000,1.032,0.000,0.453,0.000,0.000
4775,1926.513,0.000,1.482,0.713,0.000,1.030,0.000,0.452,0.000,0.000
4776,1926.937,3.081,1.480,0.712,0.000,1.028,0.000,0.452,0.000,0.000
4777,1927.360,3.196,1.478,0.711,0.000,1.026,0.000,0.452,0.000,0.000
4778,1927.783,0.772,1.476,0.710,0.000,1.025,0.000,0.451,0.000,0.000
4779,1928.207,2.788,1.474,0.709,0.000,1.023,0.000,0.451,0.000,0.000
4780,1928.630,3.285,1.472,0.708,0.000,1.021,0.000,0.451,0.000,0.000
4781,1929.053,0.344,1.470,0.707,0.000,1.020,0.000,0.450,0.000,0.000
4782,1929.477,1.220,1.468,0.706,0.000,1.018,0.000,0.450,0.000,0.000
4783,1929.900,0.972,1.466,0.705,0.000,1.016,0.000,0.449,0.000,0.000
4784,1930.323,0.973,1.464,0.704,0.000,1.015,0.000,0.449,0.000,0.000
4785,1930.747,1.112,1.462,0.703,0.000,1.013,0.000,0.449,0.000,0.000
4786,1931.170,0.061,1.460,0.702,0.000,1.011,0.000,0.448,0.000,0.000
4787,1931.593,2.121,1.458,0.701,0.000,1.010,0.000,0.448,0.000,0.000
4788,1932.017,3.004,1.456,0.700,0.000,1.008,0.000,0.448,0.000,0.000
4789,1932.440,0.975,1.454,0.699,0.000,1.006,0.000,0.447,0.000,0.000
4790,1932.864,2.923,1.452,0.698,0.000,1.005,0.000,0.447,0.000,0.000
4791,1933.287,2.918,1.450,0.697,0.000,1.003,0.000,0.446,0.000,0.000
4792,1933.710,0.000,1.447,0.696,0.000,1.001,0.000,0.446,0.000,0.000
4793,1934.134,1.245,1.445,0.695,0.000,1.000,0.000,0.446,0.000,0.000
4794,1934.557,2.089,1.443,0.694,0.000,0.998,0.000,0.445,0.000,0.000
4795,1934.981,2.109,1.441,0.693,0.000,0.997,0.000,0.445,0.000,0.000
4796,1935.404,2.141,1.439,0.692,0.000,0.995,0.000,0.444,0.000,0.000
4797,1935.827,3.874,1.437,0.691,0.000,0.993,0.000,0.444,0.000,0.000
4798,1936.251,0.747,1.435,0.690,0.000,0.991,0.000,0.444,0.000,0.000
4799,1936.674,1.787,1.433,0.689,0.000,0.990,0.000,0.443,0.000,0.000
4800,1937.098,0.817,1.431,0.688,0.000,0.988,0.000,0.443,0.000,0.000
4801,1937.521,0.000,1.429,0.687,0.000,0.986,0.000,0.443,0.000,0.000
4802,1937.944,2.097,1.427,0.686,0.000,0.985,0.000,0.442,0.000,0.000
4803,1938.368,1.977,1.425,0.685,0.000,0.983,0.000,0.442,0.000,0.000
4804,1938.791,1.000,1.423,0.684,0.000,0.981,0.000,0.441,0.000,0.000
4805,1939.215,1.975,1.421,0.683,0.000,0.980,0.000,0.441,0.000,0.000
4806,1939.638,3.049,1.418,0.682,0.000,0.978,0.000,0.441,0.000,0.000
4807,1940.062,3.168,1.416,0.681,0.000,0.976,0.000,0.440,0.000,0.000
4808,1940.485,0.000,1.414,0.680,0.000,0.974,0.000,0.440,0.000,0.000
4809,1940.908,0.000,1.412,0.679,0.000,0.972,0.000,0.440,0.000,0.000
4810,1941.332,0.054,1.410,0.678,0.000,0.971,0.000,0.439,0.000,0.000
4811,1941.755,4.343,1.408,0.677,0.000,0.969,0.000,0.439,0.000,0.000
4812,1942.179,0.000,1.405,0.676,0.000,0.967,0.000,0.438,0.000,0.000
4813,1942.602,0.000,1.403,0.675,0.000,0.965,0.000,0.438,0.000,0.000
4814,1943.026,1.176,1.401,0.674,0.000,0.963,0.000,0.438,0.000,0.000
4815,1943.449,0.552,1.399,0.673,0.000,0.961,0.000,0.437,0.000,0.000
4816,1943.873,1.932,1.396,0.672,0.000,0.960,0.000,0.437,0.000,0.000
4817,1944.296,0.023,1.394,0.671,0.000,0.958,0.000,0.436,0.000,0.000
4818,1944.720,1.011,1.392,0.670,0.000,0.956,0.000,0.436,0.000,0.000
4819,1945.143,2.117,1.390,0.669,0.000,0.954,0.000,0.436,0.000,0.000
4820,1945.567,0.881,1.387,0.668,0.000,0.952,0.000,0.435,0.000,0.000
4821,1945.990,0.751,1.385,0.667,0.000,0.950,0.000,0.435,0.000,0.000
4822,1946.414,1.203,1.383,0.666,0.000,0.948,0.000,0.435,0.000,0.000
4823,1946.837,0.000,1.380,0.665,0.000,0.946,0.000,0.434,0.000,0.000
4824,1947.261,4.139,1.378,0.664,0.000,0.944,0.000,0.434,0.000,0.000
4825,1947.684,1.202,1.375,0.663,0.000,0.942,0.000,0.433,0.000,0.000
4826,1948.108,1.988,1.373,0.662,0.000,0.940,0.000,0.433,0.000,0.000
4827,1948.531,5.100,1.371,0.661,0.000,0.938,0.000,0.433,0.000,0.000
4828,1948.955,3.932,1.368,0.660,0.000,0.936,0.000,0.432,0.000,0.000
4829,1949.378,0.000,1.366,0.659,0.000,0.934,0.000,0.432,0.000,0.000
4830,1949.802,1.970,1.363,0.658,0.000,0.932,0.000,0.431,0.000,0.000
4831,1950.225,1.984,1.361,0.657,0.000,0.930,0.000,0.431,0.000,0.000
4832,1950.649,0.000,1.358,0.656,0.000,0.927,0.000,0.431,0.000,0.000
4833,1951.072,1.007,1.356,0.655,0.000,0.925,0.000,0.430,0.000,0.000
4834,1951.496,2.243,1.353,0.654,0.000,0.923,0.000,0.430,0.000,0.000
4835,1951.920,0.421,1.351,0.653,0.000,0.921,0.000,0.430,0.000,0.000
4836,1952.343,4.089,1.348,0.652,0.000,0.919,0.000,0.429,0.000,0.000
4837,1952.767,3.935,1.345,0.651,0.000,0.917,0.000,0.429,0.000,0.000
4838,1953.190,0.120,1.343,0.650,0.000,0.914,0.000,0.428,0.000,0.000
4839,1953.614,0.954,1.340,0.649,0.000,0.912,0.000,0.428,0.000,0.000
4840,1954.037,1.146,1.337,0.648,0.000,0.910,0.000,0.428,0.000,0.000
4841,1954.461,3.104,1.335,0.647,0.000,0.908,0.000,0.427,0.000,0.000
4842,1954.885,1.057,1.332,0.646,0.000,0.905,0.000,0.427,0.000,0.000
4843,1955.308,4.128,1.329,0.645,0.000,0.903,0.000,0.427,0.000,0.000
4844,1955.732,0.840,1.327,0.644,0.000,0.901,0.000,0.426,0.000,0.000
4845,1956.155,0.000,1.324,0.643,0.000,0.898,0.000,0.426,0.000,0.000
4846,1956.579,3.103,1.321,0.642,0.000,0.896,0.000,0.425,0.000,0.000
4847,1957.003,1.090,1.318,0.641,0.000,0.893,0.000,0.425,0.000,0.000
4848,1957.426,0.198,1.316,0.640,0.000,0.891,0.000,0.425,0.000,0.000
4849,1957.850,5.046,1.313,0.639,0.000,0.889,0.000,0.424,0.000,0.000
4850,1958.273,2.263,1.310,0.638,0.000,0.886,0.000,0.424,0.000,0.000
4851,1958.697,0.000,1.307,0.637,0.000,0.884,0.000,0.423,0.000,0.000
4852,1959.121,0.822,1.304,0.636,0.000,0.881,0.000,0.423,0.000,0.000
4853,1959.544,1.005,1.302,0.635,0.000,0.879,0.000,0.423,0.000,0.000
4854,1959.968,0.000,1.299,0.634,0.000,0.876,0.000,0.422,0.000,0.000
4855,1960.392,3.870,1.296,0.632,0.000,0.874,0.000,0.422,0.000,0.000
4856,1960.815,0.963,1.293,0.631,0.000,0.871,0.000,0.422,0.000,0.000
4857,1961.239,3.241,1.290,0.630,0.000,0.869,0.000,0.421,0.000,0.000
4858,1961.662,1.925,1.287,0.629,0.000,0.866,0.000,0.421,0.000,0.000
4859,1962.086,0.000,1.284,0.628,0.000,0.864,0.000,0.420,0.000,0.000
4860,1962.510,0.000,1.281,0.627,0.000,0.861,0.000,0.420,0.000,0.000
4861,1962.933,0.087,1.278,0.626,0.000,0.859,0.000,0.420,0.000,0.000
4862,1963.357,2.856,1.275,0.625,0.000,0.856,0.000,0.419,0.000,0.000
4863,1963.781,0.304,1.272,0.624,0.000,0.853,0.000,0.419,0.000,0.000
4864,1964.204,4.197,1.269,0.623,0.000,0.851,0.000,0.419,0.000,0.000
4865,1964.628,5.014,1.266,0.622,0.000,0.848,0.000,0.418,0.000,0.000
4866,1965.052,3.913,1.263,0.621,0.000,0.846,0.000,0.418,0.000,0.000
4867,1965.475,0.989,1.260,0.620,0.000,0.843,0.000,0.417,0.000,0.000
4868,1965.899,0.183,1.257,0.619,0.000,0.840,0.000,0.417,0.000,0.000
4869,1966.323,0.005,1.254,0.618,0.000,0.838,0.000,0.417,0.000,0.000
4870,1966.747,2.132,1.251,0.617,0.000,0.835,0.000,0.416,0.000,0.000
4871,1967.170,0.185,1.248,0.616,0.000,0.832,0.000,0.416,0.000,0.000
4872,1967.594,4.054,1.245,0.615,0.000,0.830,0.000,0.415,0.000,0.000
4873,1968.018,0.000,1.242,0.614,0.000,0.827,0.000,0.415,0.000,0.000
4874,1968.441,2.277,1.239,0.613,0.000,0.824,0.000,0.415,0.000,0.000
4875,1968.865,0.132,1.236,0.612,0.000,0.822,0.000,0.414,0.000,0.000
4876,1969.289,1.315,1.233,0.611,0.000,0.819,0.000,0.414,0.000,0.000
4877,1969.712,0.803,1.230,0.610,0.000,0.816,0.000,0.414,0.000,0.000
4878,1970.136,0.041,1.227,0.609,0.000,0.813,0.000,0.413,0.000,0.000
4879,1970.560,0.775,1.223,0.608,0.000,0.811,0.000,0.413,0.000,0.000
4880,1970.984,0.803,1.220,0.607,0.000,0.808,0.000,0.412,0.000,0.000
4881,1971.407,0.000,1.217,0.606,0.000,0.805,0.000,0.412,0.000,0.000
4882,1971.831,0.000,1.214,0.605,0.000,0.802,0.000,0.412,0.000,0.000
4883,1972.255,0.169,1.211,0.604,0.000,0.800,0.000,0.411,0.000,0.000
4884,1972.679,0.266,1.208,0.603,0.000,0.797,0.000,0.411,0.000,0.000
4885,1973.102,2.083,1.205,0.602,0.000,0.794,0.000,0.411,0.000,0.000
4886,1973.526,4.275,1.202,0.601,0.000,0.791,0.000,0.410,0.000,0.000
4887,1973.950,2.212,1.198,0.600,0.000,0.789,0.000,0.410,0.000,0.000
4888,1974.374,0.000,1.195,0.599,0.000,0.786,0.000,0.409,0.000,0.000
4889,1974.797,1.896,1.192,0.598,0.000,0.783,0.000,0.409,0.000,0.000
4890,1975.221,0.886,1.189,0.597,0.000,0.780,0.000,0.409,0.000,0.000
4891,1975.645,2.919,1.186,0.596,0.000,0.778,0.000,0.408,0.000,0.000
4892,1976.069,0.000,1.183,0.595,0.000,0.775,0.000,0.408,0.000,0.000
4893,1976.493,1.062,1.180,0.594,0.000,0.772,0.000,0.407,0.000,0.000
4894,1976.916,3.329,1.177,0.593,0.000,0.769,0.000,0.407,0.000,0.000
4895,1977.340,2.077,1.173,0.592,0.000,0.767,0.000,0.407,0.000,0.000
4896,1977.764,0.116,1.170,0.591,0.000,0.764,0.000,0.406,0.000,0.000
4897,1978.188,1.245,1.167,0.590,0.000,0.761,0.000,0.406,0.000,0.000
4898,1978.611,2.304,1.164,0.589,0.000,0.759,0.000,0.406,0.000,0.000
4899,1979.035,1.317,1.161,0.588,0.000,0.756,0.000,0.405,0.000,0.000
4900,1979.459,1.824,1.158,0.587,0.000,0.753,0.000,0.405,0.000,0.000
4901,1979.883,2.213,1.155,0.586,0.000,0.750,0.000,0.404,0.000,0.000
4902,1980.307,0.000,1.152,0.585,0.000,0.748,0.000,0.404,0.000,0.000
4903,1980.731,1.038,1.148,0.584,0.000,0.745,0.000,0.404,0.000,0.000
4904,1981.154,0.212,1.145,0.583,0.000,0.742,0.000,0.403,0.000,0.000
4905,1981.578,0.268,1.142,0.582,0.000,0.739,0.000,0.403,0.000,0.000
4906,1982.002,3.928,1.139,0.581,0.000,0.737,0.000,0.402,0.000,0.000
4907,1982.426,1.987,1.136,0.580,0.000,0.734,0.000,0.402,0.000,0.000
4908,1982.850,0.000,1.133,0.579,0.000,0.731,0.000,0.402,0.000,0.000
4909,1983.274,0.000,1.130,0.578,0.000,0.729,0.000,0.401,0.000,0.000
4910,1983.697,4.051,1.127,0.577,0.000,0.726,0.000,0.401,0.000,0.000
4911,1984.121,0.997,1.124,0.576,0.000,0.723,0.000,0.401,0.000,0.000
4912,1984.545,1.153,1.121,0.575,0.000,0.721,0.000,0.400,0.000,0.000
4913,1984.969,2.158,1.118,0.574,0.000,0.718,0.000,0.400,0.000,0.000
4914,1985.393,2.033,1.115,0.573,0.000,0.715,0.000,0.399,0.000,0.000
4915,1985.817,4.152,1.112,0.572,0.000,0.713,0.000,0.399,0.000,0.000
4916,1986.241,1.203,1.109,0.571,0.000,0.710,0.000,0.399,0.000,0.000
4917,1986.664,2.312,1.106,0.570,0.000,0.707,0.000,0.398,0.000,0.000
4918,1987.088,1.142,1.103,0.569,0.000,0.705,0.000,0.398,0.000,0.000
4919,1987.512,2.156,1.100,0.568,0.000,0.702,0.000,0.397,0.000,0.000
4920,1987.936,0.290,1.097,0.567,0.000,0.700,0.000,0.397,0.000,0.000
4921,1988.360,4.087,1.094,0.566,0.000,0.697,0.000,0.397,0.000,0.000
4922,1988.784,0.742,1.091,0.565,0.000,0.695,0.000,0.396,0.000,0.000
4923,1989.208,2.945,1.088,0.564,0.000,0.692,0.000,0.396,0.000,0.000
4924,1989.632,0.869,1.085,0.563,0.000,0.689,0.000,0.396,0.000,0.000
4925,1990.056,0.763,1.082,0.562,0.000,0.687,0.000,0.395,0.000,0.000
4926,1990.479,0.332,1.079,0.561,0.000,0.684,0.000,0.395,0.000,0.000
4927,1990.903,0.508,1.076,0.560,0.000,0.682,0.000,0.394,0.000,0.000
4928,1991.327,1.143,1.073,0.559,0.000,0.679,0.000,0.394,0.000,0.000
4929,1991.751,0.893,1.070,0.558,0.000,0.677,0.000,0.394,0.000,0.000
4930,1992.175,0.139,1.068,0.557,0.000,0.674,0.000,0.393,0.000,0.000
4931,1992.599,3.843,1.065,0.556,0.000,0.672,0.000,0.393,0.000,0.000
4932,1993.023,1.199,1.062,0.555,0.000,0.669,0.000,0.392,0.000,0.000
4933,1993.447,2.348,1.059,0.554,0.000,0.667,0.000,0.392,0.000,0.000
4934,1993.871,2.134,1.056,0.553,0.000,0.665,0.000,0.392,0.000,0.000
4935,1994.295,2.058,1.053,0.552,0.000,0.662,0.000,0.391,0.000,0.000
4936,1994.719,0.000,1.051,0.551,0.000,0.660,0.000,0.391,0.000,0.000
4937,1995.143,1.878,1.048,0.550,0.000,0.657,0.000,0.390,0.000,0.000
4938,1995.567,0.287,1.045,0.549,0.000,0.655,0.000,0.390,0.000,0.000
4939,1995.991,2.290,1.042,0.548,0.000,0.653,0.000,0.390,0.000,0.000
4940,1996.415,0.000,1.040,0.547,0.000,0.650,0.000,0.389,0.000,0.000
4941,1996.839,4.022,1.037,0.546,0.000,0.648,0.000,0.389,0.000,0.000
4942,1997.262,2.345,1.034,0.545,0.000,0.646,0.000,0.389,0.000,0.000
4943,1997.686,0.000,1.031,0.544,0.000,0.643,0.000,0.388,0.000,0.000
4944,1998.110,0.000,1.029,0.543,0.000,0.641,0.000,0.388,0.000,0.000
4945,1998.534,0.000,1.026,0.542,0.000,0.639,0.000,0.387,0.000,0.000
4946,1998.958,2.280,1.023,0.541,0.000,0.636,0.000,0.387,0.000,0.000
4947,1999.382,1.371,1.021,0.540,0.000,0.634,0.000,0.387,0.000,0.000
4948,1999.806,0.000,1.018,0.539,0.000,0.632,0.000,0.386,0.000,0.000
4949,2000.230,0.000,1.016,0.538,0.000,0.630,0.000,0.386,0.000,0.000
4950,2000.654,0.169,1.013,0.537,0.000,0.628,0.000,0.385,0.000,0.000
4951,2001.078,0.257,1.010,0.536,0.000,0.625,0.000,0.385,0.000,0.000
4952,2001.502,1.926,1.008,0.535,0.000,0.623,0.000,0.385,0.000,0.000
4953,2001.926,1.807,1.005,0.533,0.000,0.621,0.000,0.384,0.000,0.000
4954,2002.350,0.000,1.003,0.532,0.000,0.619,0.000,0.384,0.000,0.000
4955,2002.774,0.000,1.000,0.531,0.000,0.617,0.000,0.383,0.000,0.000
4956,2003.198,1.244,0.998,0.530,0.000,0.615,0.000,0.383,0.000,0.000
4957,2003.622,1.439,0.995,0.529,0.000,0.612,0.000,0.383,0.000,0.000
4958,2004.047,1.347,0.993,0.528,0.000,0.610,0.000,0.382,0.000,0.000
4959,2004.471,3.023,0.990,0.527,0.000,0.608,0.000,0.382,0.000,0.000
4960,2004.895,0.000,0.988,0.526,0.000,0.606,0.000,0.382,0.000,0.000
4961,2005.319,1.170,0.985,0.525,0.000,0.604,0.000,0.381,0.000,0.000
4962,2005.743,0.000,0.983,0.524,0.000,0.602,0.000,0.381,0.000,0.000
4963,2006.167,0.994,0.980,0.523,0.000,0.600,0.000,0.380,0.000,0.000
4964,2006.591,2.059,0.978,0.522,0.000,0.598,0.000,0.380,0.000,0.000
4965,2007.015,1.914,0.976,0.521,0.000,0.596,0.000,0.380,0.000,0.000
4966,2007.439,3.047,0.973,0.520,0.000,0.594,0.000,0.379,0.000,0.000
4967,2007.863,0.138,0.971,0.519,0.000,0.592,0.000,0.379,0.000,0.000
4968,2008.287,2.300,0.968,0.518,0.000,0.590,0.000,0.379,0.000,0.000
4969,2008.711,1.424,0.966,0.517,0.000,0.588,0.000,0.378,0.000,0.000
4970,2009.135,0.000,0.964,0.516,0.000,0.586,0.000,0.378,0.000,0.000
4971,2009.559,0.000,0.961,0.515,0.000,0.584,0.000,0.377,0.000,0.000
4972,2009.983,2.253,0.959,0.514,0.000,0.582,0.000,0.377,0.000,0.000
4973,2010.407,0.000,0.957,0.513,0.000,0.580,0.000,0.377,0.000,0.000
4974,2010.831,3.362,0.955,0.512,0.000,0.578,0.000,0.376,0.000,0.000
4975,2011.256,0.000,0.952,0.511,0.000,0.576,0.000,0.376,0.000,0.000
4976,2011.680,0.000,0.950,0.510,0.000,0.575,0.000,0.375,0.000,0.000
4977,2012.104,0.000,0.948,0.509,0.000,0.573,0.000,0.375,0.000,0.000
4978,2012.528,1.988,0.946,0.508,0.000,0.571,0.000,0.375,0.000,0.000
4979,2012.952,0.000,0.943,0.507,0.000,0.569,0.000,0.374,0.000,0.000
4980,2013.376,0.914,0.941,0.506,0.000,0.567,0.000,0.374,0.000,0.000
4981,2013.800,1.863,0.939,0.505,0.000,0.565,0.000,0.374,0.000,0.000
4982,2014.224,0.055,0.937,0.504,0.000,0.564,0.000,0.373,0.000,0.000
4983,2014.648,0.086,0.935,0.503,0.000,0.562,0.000,0.373,0.000,0.000
4984,2015.073,0.000,0.933,0.502,0.000,0.560,0.000,0.373,0.000,0.000
4985,2015.497,0.000,0.930,0.501,0.000,0.558,0.000,0.372,0.000,0.000
4986,2015.921,0.042,0.928,0.500,0.000,0.557,0.000,0.372,0.000,0.000
4987,2016.345,0.000,0.926,0.499,0.000,0.555,0.000,0.371,0.000,0.000
4988,2016.769,1.862,0.924,0.498,0.000,0.553,0.000,0.371,0.000,0.000
4989,2017.193,0.000,0.922,0.497,0.000,0.551,0.000,0.371,0.000,0.000
4990,2017.617,0.000,0.920,0.496,0.000,0.550,0.000,0.370,0.000,0.000
4991,2018.042,0.160,0.918,0.495,0.000,0.548,0.000,0.370,0.000,0.000
4992,2018.466,0.000,0.916,0.494,0.000,0.546,0.000,0.370,0.000,0.000
4993,2018.890,0.033,0.914,0.493,0.000,0.545,0.000,0.369,0.000,0.000
4994,2019.314,0.000,0.912,0.492,0.000,0.543,0.000,0.369,0.000,0.000
4995,2019.738,0.000,0.910,0.491,0.000,0.541,0.000,0.369,0.000,0.000
4996,2020.162,0.036,0.908,0.490,0.000,0.540,0.000,0.368,0.000,0.000
4997,2020.586,0.000,0.906,0.489,0.000,0.538,0.000,0.368,0.000,0.000
4998,2021.011,0.000,0.904,0.488,0.000,0.536,0.000,0.368,0.000,0.000
4999,2021.435,1.926,0.902,0.487,0.000,0.535,0.000,0.367,0.000,0.000
5000,2021.859,1.322,0.900,0.486,0.000,0.533,0.000,0.367,0.000,0.000
5001,2022.283,0.000,0.898,0.485,0.000,0.532,0.000,0.367,0.000,0.000
5002,2022.707,0.162,0.896,0.484,0.000,0.530,0.000,0.366,0.000,0.000
5003,2023.132,0.000,0.894,0.483,0.000,0.528,0.000,0.366,0.000,0.000
5004,2023.556,3.947,0.892,0.482,0.000,0.527,0.000,0.366,0.000,0.000
5005,2023.980,1.078,0.890,0.481,0.000,0.525,0.000,0.365,0.000,0.000
5006,2024.404,2.238,0.889,0.480,0.000,0.524,0.000,0.365,0.000,0.000
5007,2024.828,1.151,0.887,0.479,0.000,0.522,0.000,0.365,0.000,0.000
5008,2025.253,0.778,0.885,0.478,0.000,0.521,0.000,0.364,0.000,0.000
5009,2025.677,0.007,0.883,0.477,0.000,0.519,0.000,0.364,0.000,0.000
5010,2026.101,0.410,0.881,0.476,0.000,0.518,0.000,0.364,0.000,0.000
5011,2026.525,1.303,0.879,0.475,0.000,0.516,0.000,0.363,0.000,0.000
5012,2026.950,3.017,0.878,0.474,0.000,0.515,0.000,0.363,0.000,0.000
5013,2027.374,1.670,0.876,0.473,0.000,0.513,0.000,0.363,0.000,0.000
5014,2027.798,0.009,0.874,0.472,0.000,0.512,0.000,0.362,0.000,0.000
5015,2028.222,0.976,0.872,0.471,0.000,0.510,0.000,0.362,0.000,0.000
5016,2028.646,0.000,0.871,0.470,0.000,0.509,0.000,0.362,0.000,0.000
5017,2029.071,0.026,0.869,0.469,0.000,0.507,0.000,0.362,0.000,0.000
5018,2029.495,3.397,0.867,0.468,0.000,0.506,0.000,0.361,0.000,0.000
5019,2029.919,1.181,0.866,0.467,0.000,0.505,0.000,0.361,0.000,0.000
5020,2030.343,0.000,0.864,0.466,0.000,0.503,0.000,0.361,0.000,0.000
5021,2030.768,0.000,0.862,0.465,0.000,0.502,0.000,0.360,0.000,0.000
5022,2031.192,0.000,0.861,0.464,0.000,0.500,0.000,0.360,0.000,0.000
5023,2031.616,0.000,0.859,0.463,0.000,0.499,0.000,0.360,0.000,0.000
5024,2032.041,0.145,0.857,0.462,0.000,0.498,0.000,0.360,0.000,0.000
5025,2032.465,1.053,0.856,0.461,0.000,0.496,0.000,0.359,0.000,0.000
5026,2032.889,0.000,0.854,0.460,0.000,0.495,0.000,0.359,0.000,0.000
5027,2033.313,0.000,0.852,0.459,0.000,0.494,0.000,0.359,0.000,0.000
5028,2033.738,0.128,0.851,0.458,0.000,0.492,0.000,0.359,0.000,0.000
5029,2034.162,0.000,0.849,0.457,0.000,0.491,0.000,0.358,0.000,0.000
5030,2034.586,0.000,0.848,0.456,0.000,0.490,0.000,0.358,0.000,0.000
5031,2035.011,0.176,0.846,0.455,0.000,0.488,0.000,0.358,0.000,0.000
5032,2035.435,0.879,0.845,0.454,0.000,0.487,0.000,0.358,0.000,0.000
5033,2035.859,3.196,0.843,0.453,0.000,0.486,0.000,0.357,0.000,0.000
5034,2036.283,0.081,0.842,0.452,0.000,0.485,0.000,0.357,0.000,0.000
5035,2036.708,0.331,0.840,0.451,0.000,0.483,0.000,0.357,0.000,0.000
5036,2037.132,1.478,0.839,0.450,0.000,0.482,0.000,0.357,0.000,0.000
5037,2037.556,0.000,0.838,0.449,0.000,0.481,0.000,0.357,0.000,0.000
5038,2037.981,0.040,0.836,0.448,0.000,0.480,0.000,0.356,0.000,0.000
5039,2038.405,0.199,0.835,0.447,0.000,0.479,0.000,0.356,0.000,0.000
5040,2038.829,0.000,0.833,0.446,0.000,0.477,0.000,0.356,0.000,0.000
5041,2039.254,0.853,0.832,0.445,0.000,0.476,0.000,0.356,0.000,0.000
5042,2039.678,0.090,0.831,0.444,0.000,0.475,0.000,0.356,0.000,0.000
5043,2040.102,0.000,0.829,0.443,0.000,0.474,0.000,0.356,0.000,0.000
5044,2040.527,0.000,0.828,0.442,0.000,0.473,0.000,0.355,0.000,0.000
5045,2040.951,0.000,0.827,0.441,0.000,0.472,0.000,0.355,0.000,0.000
5046,2041.375,3.233,0.826,0.440,0.000,0.471,0.000,0.355,0.000,0.000
5047,2041.800,2.255,0.824,0.439,0.000,0.469,0.000,0.355,0.000,0.000
5048,2042.224,1.143,0.823,0.438,0.000,0.468,0.000,0.355,0.000,0.000
5049,2042.648,0.117,0.822,0.437,0.000,0.467,0.000,0.355,0.000,0.000
5050,2043.073,1.095,0.821,0.436,0.000,0.466,0.000,0.355,0.000,0.000
5051,2043.497,1.113,0.820,0.434,0.000,0.465,0.000,0.355,0.000,0.000
5052,2043.922,0.000,0.819,0.433,0.000,0.464,0.000,0.355,0.000,0.000
5053,2044.346,0.000,0.818,0.432,0.000,0.463,0.000,0.354,0.000,0.000
5054,2044.770,0.278,0.817,0.431,0.000,0.462,0.000,0.354,0.000,0.000
5055,2045.195,1.245,0.815,0.430,0.000,0.461,0.000,0.354,0.000,0.000
5056,2045.619,1.295,0.814,0.429,0.000,0.460,0.000,0.354,0.000,0.000
5057,2046.043,3.270,0.813,0.428,0.000,0.459,0.000,0.354,0.000,0.000
5058,2046.468,0.958,0.812,0.427,0.000,0.458,0.000,0.354,0.000,0.000
5059,2046.892,0.972,0.811,0.426,0.000,0.457,0.000,0.354,0.000,0.000
5060,2047.317,1.086,0.811,0.425,0.000,0.456,0.000,0.354,0.000,0.000
5061,2047.741,1.024,0.810,0.424,0.000,0.456,0.000,0.354,0.000,0.000
5062,2048.165,1.879,0.809,0.423,0.000,0.455,0.000,0.354,0.000,0.000
5063,2048.590,0.000,0.808,0.422,0.000,0.454,0.000,0.354,0.000,0.000
5064,2049.014,1.489,0.807,0.421,0.000,0.453,0.000,0.354,0.000,0.000
5065,2049.439,1.951,0.806,0.420,0.000,0.452,0.000,0.354,0.000,0.000
5066,2049.863,0.000,0.805,0.419,0.000,0.451,0.000,0.354,0.000,0.000
5067,2050.288,0.000,0.805,0.418,0.000,0.451,0.000,0.354,0.000,0.000
5068,2050.712,0.000,0.804,0.417,0.000,0.450,0.000,0.354,0.000,0.000
5069,2051.136,1.147,0.803,0.416,0.000,0.449,0.000,0.354,0.000,0.000
5070,2051.561,2.295,0.803,0.415,0.000,0.448,0.000,0.354,0.000,0.000
5071,2051.985,0.000,0.802,0.414,0.000,0.447,0.000,0.354,0.000,0.000
5072,2052.410,0.000,0.801,0.413,0.000,0.447,0.000,0.355,0.000,0.000
5073,2052.834,0.881,0.801,0.412,0.000,0.446,0.000,0.355,0.000,0.000
5074,2053.259,0.943,0.800,0.411,0.000,0.445,0.000,0.355,0.000,0.000
5075,2053.683,0.070,0.800,0.410,0.000,0.445,0.000,0.355,0.000,0.000
5076,2054.107,3.285,0.799,0.409,0.000,0.444,0.000,0.355,0.000,0.000
5077,2054.532,1.043,0.799,0.408,0.000,0.444,0.000,0.355,0.000,0.000
5078,2054.956,0.000,0.798,0.407,0.000,0.443,0.000,0.355,0.000,0.000
5079,2055.381,4.026,0.798,0.406,0.000,0.442,0.000,0.356,0.000,0.000
5080,2055.805,2.187,0.797,0.405,0.000,0.442,0.000,0.356,0.000,0.000
5081,2056.230,0.000,0.797,0.404,0.000,0.441,0.000,0.356,0.000,0.000
5082,2056.654,0.000,0.797,0.403,0.000,0.441,0.000,0.356,0.000,0.000
5083,2057.079,0.000,0.797,0.402,0.000,0.440,0.000,0.356,0.000,0.000
5084,2057.503,1.250,0.796,0.401,0.000,0.440,0.000,0.356,0.000,0.000
5085,2057.928,0.078,0.796,0.400,0.000,0.439,0.000,0.357,0.000,0.000
5086,2058.352,2.035,0.796,0.399,0.000,0.439,0.000,0.357,0.000,0.000
5087,2058.777,0.000,0.796,0.398,0.000,0.438,0.000,0.357,0.000,0.000
5088,2059.201,3.295,0.796,0.397,0.000,0.438,0.000,0.357,0.000,0.000
5089,2059.626,1.080,0.795,0.396,0.000,0.438,0.000,0.358,0.000,0.000
5090,2060.050,3.186,0.795,0.395,0.000,0.437,0.000,0.358,0.000,0.000
5091,2060.475,1.066,0.795,0.394,0.000,0.437,0.000,0.358,0.000,0.000
5092,2060.899,0.897,0.795,0.393,0.000,0.437,0.000,0.359,0.000,0.000
5093,2061.324,0.000,0.795,0.392,0.000,0.436,0.000,0.359,0.000,0.000
5094,2061.748,0.039,0.795,0.391,0.000,0.436,0.000,0.359,0.000,0.000
5095,2062.173,0.000,0.796,0.390,0.000,0.436,0.000,0.360,0.000,0.000
5096,2062.597,1.155,0.796,0.389,0.000,0.436,0.000,0.360,0.000,0.000
5097,2063.022,2.169,0.796,0.388,0.000,0.436,0.000,0.360,0.000,0.000
5098,2063.446,0.850,0.796,0.387,0.000,0.435,0.000,0.361,0.000,0.000
5099,2063.871,0.000,0.796,0.386,0.000,0.435,0.000,0.361,0.000,0.000
5100,2064.295,1.776,0.797,0.385,0.000,0.435,0.000,0.361,0.000,0.000
5101,2064.720,3.160,0.797,0.384,0.000,0.435,0.000,0.362,0.000,0.000
5102,2065.145,1.935,0.797,0.383,0.000,0.435,0.000,0.362,0.000,0.000
5103,2065.569,0.059,0.798,0.382,0.000,0.435,0.000,0.363,0.000,0.000
5104,2065.994,0.244,0.798,0.381,0.000,0.435,0.000,0.363,0.000,0.000
5105,2066.418,1.315,0.798,0.380,0.000,0.435,0.000,0.364,0.000,0.000
5106,2066.843,0.000,0.799,0.379,0.000,0.435,0.000,0.364,0.000,0.000
5107,2067.267,3.013,0.799,0.378,0.000,0.435,0.000,0.364,0.000,0.000
5108,2067.692,0.743,0.800,0.377,0.000,0.435,0.000,0.365,0.000,0.000
5109,2068.116,1.772,0.801,0.376,0.000,0.435,0.000,0.365,0.000,0.000
5110,2068.541,1.070,0.801,0.375,0.000,0.435,0.000,0.366,0.000,0.000
5111,2068.966,0.576,0.802,0.374,0.000,0.435,0.000,0.366,0.000,0.000
5112,2069.390,0.000,0.802,0.373,0.000,0.436,0.000,0.367,0.000,0.000
5113,2069.815,2.129,0.803,0.372,0.000,0.436,0.000,0.367,0.000,0.000
5114,2070.239,0.152,0.804,0.371,0.000,0.436,0.000,0.368,0.000,0.000
5115,2070.664,1.215,0.805,0.370,0.000,0.436,0.000,0.368,0.000,0.000
5116,2071.089,1.198,0.805,0.369,0.000,0.436,0.000,0.369,0.000,0.000
5117,2071.513,1.038,0.806,0.368,0.000,0.437,0.000,0.370,0.000,0.000
5118,2071.938,0.866,0.807,0.367,0.000,0.437,0.000,0.370,0.000,0.000
5119,2072.362,0.000,0.808,0.366,0.000,0.437,0.000,0.371,0.000,0.000
5120,2072.787,0.000,0.809,0.365,0.000,0.438,0.000,0.371,0.000,0.000
5121,2073.212,1.733,0.810,0.364,0.000,0.438,0.000,0.372,0.000,0.000
5122,2073.636,0.000,0.811,0.363,0.000,0.439,0.000,0.372,0.000,0.000
5123,2074.061,1.928,0.812,0.362,0.000,0.439,0.000,0.373,0.000,0.000
5124,2074.485,0.000,0.813,0.361,0.000,0.439,0.000,0.374,0.000,0.000
5125,2074.910,3.914,0.814,0.360,0.000,0.440,0.000,0.374,0.000,0.000
5126,2075.335,0.000,0.815,0.359,0.000,0.440,0.000,0.375,0.000,0.000
5127,2075.759,0.137,0.816,0.358,0.000,0.441,0.000,0.375,0.000,0.000
5128,2076.184,0.000,0.817,0.357,0.000,0.441,0.000,0.376,0.000,0.000
5129,2076.609,1.372,0.819,0.356,0.000,0.442,0.000,0.377,0.000,0.000
5130,2077.033,0.000,0.820,0.355,0.000,0.442,0.000,0.377,0.000,0.000
5131,2077.458,1.164,0.821,0.354,0.000,0.443,0.000,0.378,0.000,0.000
5132,2077.883,0.000,0.822,0.353,0.000,0.444,0.000,0.379,0.000,0.000
5133,2078.307,0.795,0.824,0.352,0.000,0.444,0.000,0.379,0.000,0.000
5134,2078.732,0.000,0.825,0.351,0.000,0.445,0.000,0.380,0.000,0.000
5135,2079.156,0.000,0.826,0.350,0.000,0.446,0.000,0.381,0.000,0.000
5136,2079.581,0.168,0.828,0.349,0.000,0.446,0.000,0.381,0.000,0.000
5137,2080.006,0.102,0.829,0.348,0.000,0.447,0.000,0.382,0.000,0.000
5138,2080.430,1.225,0.830,0.347,0.000,0.448,0.000,0.383,0.000,0.000
5139,2080.855,1.911,0.832,0.346,0.000,0.449,0.000,0.383,0.000,0.000
5140,2081.280,1.860,0.833,0.345,0.000,0.449,0.000,0.384,0.000,0.000
5141,2081.705,0.973,0.835,0.344,0.000,0.450,0.000,0.385,0.000,0.000
5142,2082.129,0.084,0.836,0.343,0.000,0.451,0.000,0.385,0.000,0.000
5143,2082.554,3.099,0.838,0.342,0.000,0.452,0.000,0.386,0.000,0.000
5144,2082.979,0.000,0.839,0.341,0.000,0.453,0.000,0.387,0.000,0.000
5145,2083.403,0.000,0.841,0.340,0.000,0.454,0.000,0.387,0.000,0.000
5146,2083.828,0.000,0.842,0.339,0.000,0.454,0.000,0.388,0.000,0.000
5147,2084.253,1.855,0.844,0.338,0.000,0.455,0.000,0.389,0.000,0.000
5148,2084.677,1.572,0.846,0.337,0.000,0.456,0.000,0.389,0.000,0.000
5149,2085.102,0.000,0.847,0.335,0.000,0.457,0.000,0.390,0.000,0.000
5150,2085.527,0.000,0.849,0.335,0.000,0.458,0.000,0.391,0.000,0.000
5151,2085.951,0.000,0.851,0.335,0.000,0.460,0.000,0.392,0.000,0.000
5152,2086.376,1.244,0.854,0.334,0.000,0.461,0.000,0.393,0.000,0.000
5153,2086.801,1.964,0.856,0.334,0.000,0.462,0.000,0.394,0.000,0.000
5154,2087.226,1.800,0.858,0.333,0.000,0.463,0.000,0.394,0.000,0.000
5155,2087.650,1.767,0.860,0.333,0.000,0.465,0.000,0.395,0.000,0.000
5156,2088.075,1.795,0.862,0.332,0.000,0.466,0.000,0.396,0.000,0.000
5157,2088.500,1.646,0.864,0.332,0.000,0.467,0.000,0.397,0.000,0.000
5158,2088.925,1.937,0.867,0.331,0.000,0.469,0.000,0.398,0.000,0.000
5159,2089.349,0.000,0.869,0.331,0.000,0.470,0.000,0.399,0.000,0.000
5160,2089.774,0.000,0.871,0.330,0.000,0.471,0.000,0.400,0.000,0.000
5161,2090.199,0.853,0.873,0.330,0.000,0.473,0.000,0.400,0.000,0.000
5162,2090.624,1.792,0.875,0.329,0.000,0.474,0.000,0.401,0.000,0.000
5163,2091.048,0.915,0.878,0.329,0.000,0.476,0.000,0.402,0.000,0.000
5164,2091.473,2.144,0.880,0.328,0.000,0.477,0.000,0.403,0.000,0.000
5165,2091.898,0.091,0.882,0.328,0.000,0.478,0.000,0.404,0.000,0.000
5166,2092.323,0.951,0.884,0.327,0.000,0.480,0.000,0.405,0.000,0.000
5167,2092.747,0.975,0.886,0.327,0.000,0.481,0.000,0.405,0.000,0.000
5168,2093.172,0.000,0.889,0.326,0.000,0.482,0.000,0.406,0.000,0.000
5169,2093.597,1.707,0.891,0.326,0.000,0.484,0.000,0.407,0.000,0.000
5170,2094.022,0.000,0.893,0.325,0.000,0.485,0.000,0.408,0.000,0.000
5171,2094.446,0.017,0.895,0.325,0.000,0.487,0.000,0.408,0.000,0.000
5172,2094.871,1.459,0.897,0.324,0.000,0.488,0.000,0.409,0.000,0.000
5173,2095.296,0.970,0.899,0.324,0.000,0.490,0.000,0.410,0.000,0.000
5174,2095.721,0.818,0.902,0.323,0.000,0.491,0.000,0.411,0.000,0.000
5175,2096.146,0.000,0.904,0.323,0.000,0.492,0.000,0.411,0.000,0.000
5176,2096.570,0.766,0.906,0.322,0.000,0.494,0.000,0.412,0.000,0.000
5177,2096.995,2.977,0.908,0.322,0.000,0.495,0.000,0.413,0.000,0.000
5178,2097.420,0.000,0.910,0.322,0.000,0.497,0.000,0.413,0.000,0.000
5179,2097.845,3.615,0.912,0.321,0.000,0.498,0.000,0.414,0.000,0.000
5180,2098.270,1.390,0.914,0.321,0.000,0.499,0.000,0.415,0.000,0.000
5181,2098.694,0.613,0.916,0.320,0.000,0.501,0.000,0.415,0.000,0.000
5182,2099.119,0.445,0.918,0.320,0.000,0.502,0.000,0.416,0.000,0.000
5183,2099.544,0.000,0.920,0.319,0.000,0.504,0.000,0.416,0.000,0.000
5184,2099.969,0.000,0.922,0.319,0.000,0.505,0.000,0.417,0.000,0.000
5185,2100.394,4.585,0.924,0.318,0.000,0.506,0.000,0.418,0.000,0.000
5186,2100.819,0.000,0.926,0.318,0.000,0.508,0.000,0.418,0.000,0.000
5187,2101.243,0.713,0.928,0.317,0.000,0.509,0.000,0.419,0.000,0.000
5188,2101.668,0.612,0.930,0.317,0.000,0.510,0.000,0.419,0.000,0.000
5189,2102.093,0.532,0.931,0.316,0.000,0.512,0.000,0.420,0.000,0.000
5190,2102.518,0.000,0.933,0.316,0.000,0.513,0.000,0.420,0.000,0.000
5191,2102.943,0.737,0.935,0.315,0.000,0.514,0.000,0.421,0.000,0.000
5192,2103.368,0.000,0.937,0.315,0.000,0.516,0.000,0.421,0.000,0.000
5193,2103.792,0.561,0.938,0.314,0.000,0.517,0.000,0.421,0.000,0.000
5194,2104.217,2.801,0.940,0.314,0.000,0.518,0.000,0.422,0.000,0.000
5195,2104.642,0.000,0.942,0.313,0.000,0.520,0.000,0.422,0.000,0.000
5196,2105.067,1.807,0.943,0.313,0.000,0.521,0.000,0.422,0.000,0.000
5197,2105.492,2.342,0.945,0.312,0.000,0.522,0.000,0.423,0.000,0.000
5198,2105.917,2.138,0.946,0.312,0.000,0.523,0.000,0.423,0.000,0.000
5199,2106.342,0.583,0.948,0.311,0.000,0.524,0.000,0.423,0.000,0.000
5200,2106.766,2.612,0.949,0.311,0.000,0.526,0.000,0.424,0.000,0.000
5201,2107.191,0.459,0.951,0.310,0.000,0.527,0.000,0.424,0.000,0.000
5202,2107.616,4.674,0.952,0.310,0.000,0.528,0.000,0.424,0.000,0.000
5203,2108.041,0.000,0.953,0.309,0.000,0.529,0.000,0.424,0.000,0.000
5204,2108.466,1.817,0.955,0.309,0.000,0.530,0.000,0.424,0.000,0.000
5205,2108.891,0.000,0.956,0.309,0.000,0.531,0.000,0.425,0.000,0.000
5206,2109.316,1.491,0.957,0.308,0.000,0.533,0.000,0.425,0.000,0.000
5207,2109.741,2.059,0.958,0.308,0.000,0.534,0.000,0.425,0.000,0.000
5208,2110.166,0.000,0.960,0.307,0.000,0.535,0.000,0.425,0.000,0.000
5209,2110.591,2.473,0.961,0.307,0.000,0.536,0.000,0.425,0.000,0.000
5210,2111.015,0.000,0.962,0.306,0.000,0.537,0.000,0.425,0.000,0.000
5211,2111.440,0.000,0.963,0.306,0.000,0.538,0.000,0.425,0.000,0.000
5212,2111.865,0.000,0.964,0.305,0.000,0.539,0.000,0.425,0.000,0.000
5213,2112.290,0.612,0.965,0.305,0.000,0.540,0.000,0.425,0.000,0.000
5214,2112.715,2.421,0.966,0.304,0.000,0.541,0.000,0.425,0.000,0.000
5215,2113.140,0.130,0.966,0.304,0.000,0.542,0.000,0.425,0.000,0.000
5216,2113.565,2.765,0.967,0.303,0.000,0.542,0.000,0.425,0.000,0.000
5217,2113.990,4.151,0.968,0.303,0.000,0.543,0.000,0.425,0.000,0.000
5218,2114.415,0.389,0.969,0.302,0.000,0.544,0.000,0.425,0.000,0.000
5219,2114.840,0.000,0.969,0.302,0.000,0.545,0.000,0.424,0.000,0.000
5220,2115.265,0.000,0.970,0.301,0.000,0.546,0.000,0.424,0.000,0.000
5221,2115.690,0.751,0.971,0.301,0.000,0.547,0.000,0.424,0.000,0.000
5222,2116.115,0.000,0.971,0.300,0.000,0.547,0.000,0.424,0.000,0.000
5223,2116.540,2.109,0.972,0.300,0.000,0.548,0.000,0.423,0.000,0.000
5224,2116.964,0.711,0.972,0.299,0.000,0.549,0.000,0.423,0.000,0.000
5225,2117.389,1.517,0.973,0.299,0.000,0.550,0.000,0.423,0.000,0.000
5226,2117.814,3.725,0.973,0.298,0.000,0.550,0.000,0.423,0.000,0.000
5227,2118.239,0.000,0.973,0.298,0.000,0.551,0.000,0.422,0.000,0.000
5228,2118.664,3.903,0.974,0.297,0.000,0.552,0.000,0.422,0.000,0.000
5229,2119.089,0.922,0.974,0.297,0.000,0.552,0.000,0.421,0.000,0.000
5230,2119.514,0.000,0.974,0.296,0.000,0.553,0.000,0.421,0.000,0.000
5231,2119.939,2.554,0.974,0.296,0.000,0.554,0.000,0.421,0.000,0.000
5232,2120.364,3.644,0.974,0.295,0.000,0.554,0.000,0.420,0.000,0.000
5233,2120.789,0.494,0.974,0.295,0.000,0.555,0.000,0.420,0.000,0.000
5234,2121.214,1.466,0.975,0.295,0.000,0.555,0.000,0.419,0.000,0.000
5235,2121.639,0.000,0.975,0.294,0.000,0.556,0.000,0.419,0.000,0.000
5236,2122.064,0.000,0.975,0.294,0.000,0.556,0.000,0.418,0.000,0.000
5237,2122.489,0.788,0.974,0.293,0.000,0.557,0.000,0.418,0.000,0.000
5238,2122.914,0.000,0.974,0.293,0.000,0.557,0.000,0.417,0.000,0.000
5239,2123.339,0.000,0.974,0.292,0.000,0.558,0.000,0.416,0.000,0.000
5240,2123.764,0.998,0.974,0.292,0.000,0.558,0.000,0.416,0.000,0.000
5241,2124.189,0.711,0.974,0.291,0.000,0.559,0.000,0.415,0.000,0.000
5242,2124.614,1.487,0.974,0.291,0.000,0.559,0.000,0.414,0.000,0.000
5243,2125.039,0.570,0.973,0.290,0.000,0.560,0.000,0.414,0.000,0.000
5244,2125.464,0.743,0.973,0.290,0.000,0.560,0.000,0.413,0.000,0.000
5245,2125.889,2.864,0.973,0.289,0.000,0.560,0.000,0.412,0.000,0.000
5246,2126.314,0.892,0.972,0.289,0.000,0.561,0.000,0.412,0.000,0.000
5247,2126.739,0.000,0.972,0.288,0.000,0.561,0.000,0.411,0.000,0.000
5248,2127.164,0.000,0.972,0.288,0.000,0.562,0.000,0.410,0.000,0.000
5249,2127.589,3.838,0.971,0.287,0.000,0.562,0.000,0.409,0.000,0.000
5250,2128.014,0.366,0.971,0.287,0.000,0.562,0.000,0.408,0.000,0.000
5251,2128.439,0.000,0.970,0.286,0.000,0.563,0.000,0.408,0.000,0.000
5252,2128.864,1.903,0.970,0.286,0.000,0.563,0.000,0.407,0.000,0.000
5253,2129.290,2.667,0.969,0.285,0.000,0.563,0.000,0.406,0.000,0.000
5254,2129.715,1.756,0.969,0.285,0.000,0.564,0.000,0.405,0.000,0.000
5255,2130.140,0.000,0.968,0.284,0.000,0.564,0.000,0.404,0.000,0.000
5256,2130.565,1.348,0.968,0.284,0.000,0.564,0.000,0.403,0.000,0.000
5257,2130.990,0.667,0.967,0.283,0.000,0.565,0.000,0.402,0.000,0.000
5258,2131.415,2.759,0.966,0.283,0.000,0.565,0.000,0.401,0.000,0.000
5259,2131.840,0.000,0.966,0.282,0.000,0.565,0.000,0.400,0.000,0.000
5260,2132.265,0.807,0.965,0.282,0.000,0.566,0.000,0.399,0.000,0.000
5261,2132.690,1.728,0.965,0.282,0.000,0.566,0.000,0.399,0.000,0.000
5262,2133.115,0.000,0.964,0.281,0.000,0.566,0.000,0.398,0.000,0.000
5263,2133.540,0.946,0.963,0.281,0.000,0.567,0.000,0.397,0.000,0.000
5264,2133.965,0.000,0.963,0.280,0.000,0.567,0.000,0.396,0.000,0.000
5265,2134.390,0.718,0.962,0.280,0.000,0.567,0.000,0.395,0.000,0.000
5266,2134.815,0.000,0.961,0.279,0.000,0.568,0.000,0.394,0.000,0.000
5267,2135.240,0.000,0.961,0.279,0.000,0.568,0.000,0.392,0.000,0.000
5268,2135.666,0.646,0.960,0.278,0.000,0.569,0.000,0.391,0.000,0.000
5269,2136.091,0.896,0.959,0.278,0.000,0.569,0.000,0.390,0.000,0.000
5270,2136.516,0.000,0.959,0.277,0.000,0.570,0.000,0.389,0.000,0.000
5271,2136.941,3.050,0.958,0.277,0.000,0.570,0.000,0.388,0.000,0.000
5272,2137.366,0.582,0.958,0.276,0.000,0.570,0.000,0.387,0.000,0.000
5273,2137.791,2.027,0.957,0.276,0.000,0.571,0.000,0.386,0.000,0.000
5274,2138.216,0.777,0.956,0.275,0.000,0.571,0.000,0.385,0.000,0.000
5275,2138.641,4.676,0.956,0.275,0.000,0.572,0.000,0.384,0.000,0.000
5276,2139.066,0.637,0.955,0.274,0.000,0.573,0.000,0.383,0.000,0.000
5277,2139.492,0.000,0.955,0.274,0.000,0.573,0.000,0.382,0.000,0.000
5278,2139.917,1.815,0.954,0.273,0.000,0.574,0.000,0.381,0.000,0.000
5279,2140.342,1.644,0.954,0.273,0.000,0.574,0.000,0.379,0.000,0.000
5280,2140.767,0.669,0.953,0.272,0.000,0.575,0.000,0.378,0.000,0.000
5281,2141.192,0.588,0.953,0.272,0.000,0.576,0.000,0.377,0.000,0.000
5282,2141.617,1.107,0.952,0.271,0.000,0.576,0.000,0.376,0.000,0.000
5283,2142.042,1.330,0.952,0.271,0.000,0.577,0.000,0.375,0.000,0.000
5284,2142.468,0.619,0.952,0.270,0.000,0.578,0.000,0.374,0.000,0.000
5285,2142.893,3.637,0.951,0.270,0.000,0.579,0.000,0.373,0.000,0.000
5286,2143.318,1.294,0.951,0.269,0.000,0.580,0.000,0.372,0.000,0.000
5287,2143.743,2.409,0.951,0.269,0.000,0.581,0.000,0.370,0.000,0.000
5288,2144.168,0.000,0.951,0.268,0.000,0.581,0.000,0.369,0.000,0.000
5289,2144.593,2.522,0.950,0.268,0.000,0.582,0.000,0.368,0.000,0.000
5290,2145.018,2.509,0.950,0.268,0.000,0.583,0.000,0.367,0.000,0.000
5291,2145.444,0.113,0.950,0.267,0.000,0.584,0.000,0.366,0.000,0.000
5292,2145.869,2.076,0.950,0.267,0.000,0.586,0.000,0.365,0.000,0.000
5293,2146.294,0.000,0.950,0.266,0.000,0.587,0.000,0.364,0.000,0.000
5294,2146.719,3.816,0.950,0.266,0.000,0.588,0.000,0.362,0.000,0.000
5295,2147.144,2.540,0.950,0.265,0.000,0.589,0.000,0.361,0.000,0.000
5296,2147.569,0.990,0.951,0.265,0.000,0.590,0.000,0.360,0.000,0.000
5297,2147.995,0.124,0.951,0.264,0.000,0.592,0.000,0.359,0.000,0.000
5298,2148.420,0.710,0.951,0.264,0.000,0.593,0.000,0.358,0.000,0.000
5299,2148.845,0.677,0.951,0.263,0.000,0.595,0.000,0.357,0.000,0.000
5300,2149.270,0.000,0.952,0.263,0.000,0.596,0.000,0.356,0.000,0.000
5301,2149.695,0.900,0.952,0.262,0.000,0.598,0.000,0.354,0.000,0.000
5302,2150.121,1.807,0.953,0.262,0.000,0.599,0.000,0.353,0.000,0.000
5303,2150.546,0.772,0.953,0.261,0.000,0.601,0.000,0.352,0.000,0.000
5304,2150.971,2.885,0.954,0.261,0.000,0.603,0.000,0.351,0.000,0.000
5305,2151.396,0.000,0.955,0.260,0.000,0.605,0.000,0.350,0.000,0.000
5306,2151.821,0.141,0.955,0.260,0.000,0.606,0.000,0.349,0.000,0.000
5307,2152.247,0.000,0.956,0.259,0.000,0.608,0.000,0.348,0.000,0.000
5308,2152.672,2.872,0.957,0.259,0.000,0.610,0.000,0.347,0.000,0.000
5309,2153.097,3.019,0.958,0.258,0.000,0.612,0.000,0.346,0.000,0.000
5310,2153.522,1.773,0.959,0.258,0.000,0.614,0.000,0.345,0.000,0.000
5311,2153.948,4.924,0.960,0.257,0.000,0.616,0.000,0.344,0.000,0.000
5312,2154.373,0.000,0.961,0.257,0.000,0.619,0.000,0.342,0.000,0.000
5313,2154.798,0.000,0.962,0.256,0.000,0.621,0.000,0.341,0.000,0.000
5314,2155.223,7.266,0.964,0.256,0.000,0.623,0.000,0.340,0.000,0.000
5315,2155.648,0.882,0.965,0.255,0.000,0.626,0.000,0.339,0.000,0.000
5316,2156.074,1.351,0.966,0.255,0.000,0.628,0.000,0.338,0.000,0.000
5317,2156.499,0.000,0.968,0.255,0.000,0.631,0.000,0.337,0.000,0.000
5318,2156.924,2.407,0.970,0.254,0.000,0.633,0.000,0.336,0.000,0.000
5319,2157.349,2.341,0.971,0.254,0.000,0.636,0.000,0.335,0.000,0.000
5320,2157.775,0.000,0.973,0.253,0.000,0.639,0.000,0.334,0.000,0.000
5321,2158.200,2.710,0.975,0.253,0.000,0.641,0.000,0.333,0.000,0.000
5322,2158.625,1.888,0.977,0.252,0.000,0.644,0.000,0.332,0.000,0.000
5323,2159.051,0.000,0.979,0.252,0.000,0.647,0.000,0.331,0.000,0.000
5324,2159.476,0.000,0.981,0.251,0.000,0.650,0.000,0.330,0.000,0.000
5325,2159.901,0.125,0.983,0.251,0.000,0.653,0.000,0.329,0.000,0.000
5326,2160.326,0.000,0.985,0.250,0.000,0.656,0.000,0.329,0.000,0.000
5327,2160.752,2.148,0.987,0.250,0.000,0.660,0.000,0.328,0.000,0.000
5328,2161.177,0.000,0.990,0.249,0.000,0.663,0.000,0.327,0.000,0.000
5329,2161.602,0.000,0.992,0.249,0.000,0.666,0.000,0.326,0.000,0.000
5330,2162.027,0.000,0.995,0.248,0.000,0.670,0.000,0.325,0.000,0.000
5331,2162.453,0.000,0.997,0.248,0.000,0.673,0.000,0.324,0.000,0.000
5332,2162.878,1.938,1.000,0.247,0.000,0.677,0.000,0.323,0.000,0.000
5333,2163.303,0.798,1.003,0.247,0.000,0.680,0.000,0.322,0.000,0.000
5334,2163.729,1.739,1.005,0.246,0.000,0.684,0.000,0.321,0.000,0.000
5335,2164.154,3.984,1.008,0.246,0.000,0.688,0.000,0.321,0.000,0.000
5336,2164.579,2.377,1.011,0.245,0.000,0.691,0.000,0.320,0.000,0.000
5337,2165.005,0.000,1.014,0.245,0.000,0.695,0.000,0.319,0.000,0.000
5338,2165.430,0.118,1.017,0.244,0.000,0.699,0.000,0.318,0.000,0.000
5339,2165.855,0.000,1.021,0.244,0.000,0.703,0.000,0.317,0.000,0.000
5340,2166.280,0.727,1.024,0.243,0.000,0.707,0.000,0.317,0.000,0.000
5341,2166.706,1.400,1.027,0.243,0.000,0.711,0.000,0.316,0.000,0.000
5342,2167.131,0.000,1.031,0.242,0.000,0.715,0.000,0.315,0.000,0.000
5343,2167.556,1.071,1.034,0.242,0.000,0.720,0.000,0.314,0.000,0.000
5344,2167.982,3.966,1.038,0.241,0.000,0.724,0.000,0.314,0.000,0.000
5345,2168.407,0.085,1.041,0.241,0.000,0.728,0.000,0.313,0.000,0.000
5346,2168.832,0.323,1.045,0.241,0.000,0.733,0.000,0.312,0.000,0.000
5347,2169.258,2.905,1.048,0.240,0.000,0.737,0.000,0.311,0.000,0.000
5348,2169.683,0.157,1.052,0.240,0.000,0.741,0.000,0.311,0.000,0.000
5349,2170.108,0.070,1.056,0.239,0.000,0.746,0.000,0.310,0.000,0.000
5350,2170.534,0.808,1.060,0.239,0.000,0.750,0.000,0.309,0.000,0.000
5351,2170.959,0.808,1.064,0.238,0.000,0.755,0.000,0.309,0.000,0.000
5352,2171.384,0.000,1.068,0.238,0.000,0.760,0.000,0.308,0.000,0.000
5353,2171.810,0.000,1.072,0.237,0.000,0.764,0.000,0.308,0.000,0.000
5354,2172.235,2.119,1.076,0.237,0.000,0.769,0.000,0.307,0.000,0.000
5355,2172.661,0.225,1.080,0.236,0.000,0.774,0.000,0.306,0.000,0.000
5356,2173.086,1.268,1.084,0.236,0.000,0.779,0.000,0.306,0.000,0.000
5357,2173.511,2.108,1.089,0.235,0.000,0.784,0.000,0.305,0.000,0.000
5358,2173.937,1.035,1.093,0.235,0.000,0.788,0.000,0.305,0.000,0.000
5359,2174.362,0.848,1.097,0.234,0.000,0.793,0.000,0.304,0.000,0.000
5360,2174.787,0.000,1.102,0.234,0.000,0.798,0.000,0.303,0.000,0.000
5361,2175.213,2.070,1.106,0.233,0.000,0.803,0.000,0.303,0.000,0.000
5362,2175.638,3.306,1.111,0.233,0.000,0.808,0.000,0.302,0.000,0.000
5363,2176.064,0.813,1.115,0.232,0.000,0.813,0.000,0.302,0.000,0.000
5364,2176.489,0.000,1.120,0.232,0.000,0.818,0.000,0.301,0.000,0.000
5365,2176.914,0.000,1.124,0.231,0.000,0.823,0.000,0.301,0.000,0.000
5366,2177.340,4.003,1.129,0.231,0.000,0.828,0.000,0.300,0.000,0.000
5367,2177.765,3.097,1.133,0.230,0.000,0.833,0.000,0.300,0.000,0.000
5368,2178.191,0.903,1.138,0.230,0.000,0.838,0.000,0.299,0.000,0.000
5369,2178.616,2.080,1.142,0.229,0.000,0.843,0.000,0.299,0.000,0.000
5370,2179.041,1.206,1.147,0.229,0.000,0.849,0.000,0.299,0.000,0.000
5371,2179.467,1.264,1.152,0.228,0.000,0.854,0.000,0.298,0.000,0.000
5372,2179.892,0.158,1.156,0.228,0.000,0.859,0.000,0.298,0.000,0.000
5373,2180.318,0.880,1.161,0.228,0.000,0.864,0.000,0.297,0.000,0.000
5374,2180.743,0.821,1.166,0.227,0.000,0.869,0.000,0.297,0.000,0.000
5375,2181.168,2.724,1.170,0.227,0.000,0.874,0.000,0.297,0.000,0.000
5376,2181.594,0.000,1.175,0.226,0.000,0.879,0.000,0.296,0.000,0.000
5377,2182.019,1.728,1.180,0.226,0.000,0.884,0.000,0.296,0.000,0.000
5378,2182.445,1.034,1.184,0.225,0.000,0.889,0.000,0.295,0.000,0.000
5379,2182.870,3.413,1.189,0.225,0.000,0.894,0.000,0.295,0.000,0.000
5380,2183.296,2.994,1.194,0.224,0.000,0.899,0.000,0.295,0.000,0.000
5381,2183.721,0.000,1.198,0.224,0.000,0.904,0.000,0.294,0.000,0.000
5382,2184.146,1.683,1.203,0.223,0.000,0.909,0.000,0.294,0.000,0.000
5383,2184.572,2.162,1.208,0.223,0.000,0.914,0.000,0.294,0.000,0.000
5384,2184.997,3.360,1.212,0.222,0.000,0.919,0.000,0.294,0.000,0.000
5385,2185.423,0.018,1.217,0.222,0.000,0.923,0.000,0.293,0.000,0.000
5386,2185.848,0.000,1.221,0.221,0.000,0.928,0.000,0.293,0.000,0.000
5387,2186.274,3.881,1.226,0.221,0.000,0.933,0.000,0.293,0.000,0.000
5388,2186.699,4.262,1.230,0.220,0.000,0.938,0.000,0.292,0.000,0.000
5389,2187.125,1.211,1.235,0.220,0.000,0.942,0.000,0.292,0.000,0.000
5390,2187.550,0.000,1.239,0.219,0.000,0.947,0.000,0.292,0.000,0.000
5391,2187.975,0.999,1.243,0.219,0.000,0.952,0.000,0.292,0.000,0.000
5392,2188.401,1.130,1.247,0.218,0.000,0.956,0.000,0.291,0.000,0.000
5393,2188.826,5.189,1.252,0.218,0.000,0.960,0.000,0.291,0.000,0.000
5394,2189.252,1.928,1.256,0.217,0.000,0.965,0.000,0.291,0.000,0.000
5395,2189.677,1.944,1.260,0.217,0.000,0.969,0.000,0.291,0.000,0.000
5396,2190.103,0.000,1.264,0.216,0.000,0.973,0.000,0.291,0.000,0.000
5397,2190.528,0.000,1.268,0.216,0.000,0.978,0.000,0.290,0.000,0.000
5398,2190.954,2.974,1.272,0.215,0.000,0.982,0.000,0.290,0.000,0.000
5399,2191.379,0.000,1.276,0.215,0.000,0.986,0.000,0.290,0.000,0.000
5400,2191.805,0.000,1.279,0.215,0.000,0.990,0.000,0.290,0.000,0.000
5401,2192.230,3.027,1.283,0.214,0.000,0.993,0.000,0.290,0.000,0.000
5402,2192.656,1.979,1.287,0.214,0.000,0.997,0.000,0.290,0.000,0.000
5403,2193.081,0.000,1.290,0.213,0.000,1.001,0.000,0.289,0.000,0.000
5404,2193.507,1.668,1.294,0.213,0.000,1.005,0.000,0.289,0.000,0.000
5405,2193.932,0.000,1.297,0.212,0.000,1.008,0.000,0.289,0.000,0.000
5406,2194.358,0.000,1.300,0.212,0.000,1.011,0.000,0.289,0.000,0.000
5407,2194.783,1.977,1.304,0.211,0.000,1.015,0.000,0.289,0.000,0.000
5408,2195.209,0.000,1.307,0.211,0.000,1.018,0.000,0.289,0.000,0.000
5409,2195.634,0.000,1.310,0.210,0.000,1.021,0.000,0.289,0.000,0.000
5410,2196.060,3.100,1.313,0.210,0.000,1.024,0.000,0.289,0.000,0.000
5411,2196.485,0.927,1.316,0.209,0.000,1.027,0.000,0.288,0.000,0.000
5412,2196.911,4.970,1.318,0.209,0.000,1.030,0.000,0.288,0.000,0.000
5413,2197.337,4.835,1.321,0.208,0.000,1.033,0.000,0.288,0.000,0.000
5414,2197.762,1.025,1.323,0.208,0.000,1.035,0.000,0.288,0.000,0.000
5415,2198.188,0.000,1.326,0.207,0.000,1.038,0.000,0.288,0.000,0.000
5416,2198.613,0.048,1.328,0.207,0.000,1.040,0.000,0.288,0.000,0.000
5417,2199.039,1.993,1.330,0.206,0.000,1.042,0.000,0.288,0.000,0.000
5418,2199.464,1.811,1.332,0.206,0.000,1.044,0.000,0.288,0.000,0.000
5419,2199.890,0.000,1.334,0.205,0.000,1.046,0.000,0.288,0.000,0.000
5420,2200.315,0.830,1.336,0.205,0.000,1.048,0.000,0.288,0.000,0.000
5421,2200.741,0.121,1.338,0.204,0.000,1.050,0.000,0.288,0.000,0.000
5422,2201.166,0.000,1.339,0.204,0.000,1.051,0.000,0.288,0.000,0.000
5423,2201.592,1.065,1.341,0.203,0.000,1.053,0.000,0.288,0.000,0.000
5424,2202.018,1.976,1.342,0.203,0.000,1.054,0.000,0.288,0.000,0.000
5425,2202.443,2.051,1.343,0.202,0.000,1.055,0.000,0.288,0.000,0.000
5426,2202.869,0.000,1.344,0.202,0.000,1.056,0.000,0.288,0.000,0.000
5427,2203.294,0.846,1.345,0.201,0.000,1.057,0.000,0.288,0.000,0.000
5428,2203.720,0.000,1.346,0.201,0.000,1.058,0.000,0.288,0.000,0.000
5429,2204.145,2.122,1.347,0.201,0.000,1.059,0.000,0.288,0.000,0.000
5430,2204.571,2.046,1.347,0.200,0.000,1.059,0.000,0.288,0.000,0.000
5431,2204.997,2.298,1.347,0.200,0.000,1.060,0.000,0.288,0.000,0.000
5432,2205.422,2.328,1.348,0.199,0.000,1.060,0.000,0.288,0.000,0.000
5433,2205.848,0.969,1.348,0.199,0.000,1.060,0.000,0.288,0.000,0.000
5434,2206.273,0.923,1.348,0.198,0.000,1.060,0.000,0.288,0.000,0.000
5435,2206.699,5.195,1.348,0.198,0.000,1.060,0.000,0.288,0.000,0.000
5436,2207.124,0.920,1.347,0.197,0.000,1.060,0.000,0.288,0.000,0.000
5437,2207.550,0.000,1.347,0.197,0.000,1.059,0.000,0.288,0.000,0.000
5438,2207.976,0.839,1.346,0.196,0.000,1.058,0.000,0.288,0.000,0.000
5439,2208.401,1.711,1.345,0.196,0.000,1.058,0.000,0.288,0.000,0.000
5440,2208.827,0.000,1.345,0.195,0.000,1.057,0.000,0.288,0.000,0.000
5441,2209.253,1.852,1.344,0.195,0.000,1.056,0.000,0.288,0.000,0.000
5442,2209.678,0.950,1.342,0.194,0.000,1.055,0.000,0.288,0.000,0.000
5443,2210.104,5.177,1.341,0.194,0.000,1.053,0.000,0.288,0.000,0.000
5444,2210.529,0.000,1.340,0.193,0.000,1.052,0.000,0.288,0.000,0.000
5445,2210.955,2.210,1.338,0.193,0.000,1.050,0.000,0.288,0.000,0.000
5446,2211.381,2.087,1.336,0.192,0.000,1.048,0.000,0.288,0.000,0.000
5447,2211.806,1.162,1.334,0.192,0.000,1.046,0.000,0.288,0.000,0.000
5448,2212.232,0.010,1.332,0.191,0.000,1.044,0.000,0.288,0.000,0.000
5449,2212.658,0.000,1.330,0.191,0.000,1.042,0.000,0.288,0.000,0.000
5450,2213.083,0.876,1.328,0.190,0.000,1.040,0.000,0.288,0.000,0.000
5451,2213.509,0.000,1.325,0.190,0.000,1.037,0.000,0.288,0.000,0.000
5452,2213.934,1.093,1.323,0.189,0.000,1.035,0.000,0.288,0.000,0.000
5453,2214.360,2.109,1.320,0.189,0.000,1.032,0.000,0.288,0.000,0.000
5454,2214.786,0.000,1.317,0.188,0.000,1.029,0.000,0.288,0.000,0.000
5455,2215.211,1.874,1.314,0.188,0.000,1.026,0.000,0.289,0.000,0.000
5456,2215.637,1.110,1.311,0.188,0.000,1.023,0.000,0.289,0.000,0.000
5457,2216.063,1.150,1.308,0.187,0.000,1.019,0.000,0.289,0.000,0.000
5458,2216.488,1.405,1.304,0.187,0.000,1.016,0.000,0.289,0.000,0.000
5459,2216.914,1.380,1.301,0.186,0.000,1.012,0.000,0.289,0.000,0.000
5460,2217.340,1.205,1.297,0.186,0.000,1.008,0.000,0.289,0.000,0.000
5461,2217.765,3.976,1.293,0.185,0.000,1.004,0.000,0.289,0.000,0.000
5462,2218.191,2.945,1.289,0.185,0.000,1.000,0.000,0.289,0.000,0.000
5463,2218.617,3.103,1.285,0.184,0.000,0.996,0.000,0.289,0.000,0.000
5464,2219.042,1.819,1.281,0.184,0.000,0.992,0.000,0.289,0.000,0.000
5465,2219.468,1.854,1.277,0.183,0.000,0.988,0.000,0.289,0.000,0.000
5466,2219.894,0.000,1.272,0.183,0.000,0.983,0.000,0.289,0.000,0.000
5467,2220.319,0.000,1.268,0.182,0.000,0.978,0.000,0.289,0.000,0.000
5468,2220.745,2.942,1.263,0.182,0.000,0.974,0.000,0.289,0.000,0.000
5469,2221.171,0.014,1.258,0.181,0.000,0.969,0.000,0.290,0.000,0.000
5470,2221.596,1.286,1.253,0.181,0.000,0.964,0.000,0.290,0.000,0.000
5471,2222.022,2.167,1.248,0.180,0.000,0.959,0.000,0.290,0.000,0.000
5472,2222.448,3.090,1.243,0.180,0.000,0.953,0.000,0.290,0.000,0.000
5473,2222.874,2.057,1.238,0.179,0.000,0.948,0.000,0.290,0.000,0.000
5474,2223.299,0.000,1.232,0.179,0.000,0.942,0.000,0.290,0.000,0.000
5475,2223.725,1.993,1.227,0.178,0.000,0.937,0.000,0.290,0.000,0.000
5476,2224.151,0.000,1.221,0.178,0.000,0.931,0.000,0.290,0.000,0.000
5477,2224.576,2.096,1.216,0.177,0.000,0.925,0.000,0.290,0.000,0.000
5478,2225.002,0.027,1.210,0.177,0.000,0.920,0.000,0.290,0.000,0.000
5479,2225.428,1.980,1.204,0.176,0.000,0.914,0.000,0.290,0.000,0.000
5480,2225.854,1.161,1.198,0.176,0.000,0.907,0.000,0.290,0.000,0.000
5481,2226.279,0.397,1.192,0.175,0.000,0.901,0.000,0.291,0.000,0.000
5482,2226.705,4.135,1.186,0.175,0.000,0.895,0.000,0.291,0.000,0.000
5483,2227.131,0.000,1.179,0.174,0.000,0.889,0.000,0.291,0.000,0.000
5484,2227.556,0.307,1.173,0.174,0.000,0.882,0.000,0.291,0.000,0.000
5485,2227.982,0.000,1.167,0.174,0.000,0.876,0.000,0.291,0.000,0.000
5486,2228.408,2.915,1.160,0.173,0.000,0.869,0.000,0.291,0.000,0.000
5487,2228.834,0.000,1.153,0.173,0.000,0.862,0.000,0.291,0.000,0.000
5488,2229.259,1.104,1.147,0.172,0.000,0.856,0.000,0.291,0.000,0.000
5489,2229.685,2.469,1.140,0.172,0.000,0.849,0.000,0.291,0.000,0.000
5490,2230.111,1.312,1.133,0.171,0.000,0.842,0.000,0.291,0.000,0.000
5491,2230.537,2.033,1.126,0.171,0.000,0.835,0.000,0.291,0.000,0.000
5492,2230.962,0.005,1.119,0.170,0.000,0.828,0.000,0.291,0.000,0.000
5493,2231.388,2.281,1.112,0.170,0.000,0.821,0.000,0.291,0.000,0.000
5494,2231.814,3.055,1.105,0.169,0.000,0.814,0.000,0.291,0.000,0.000
5495,2232.240,0.000,1.098,0.169,0.000,0.806,0.000,0.291,0.000,0.000
5496,2232.665,3.006,1.091,0.168,0.000,0.799,0.000,0.292,0.000,0.000
5497,2233.091,2.150,1.083,0.168,0.000,0.792,0.000,0.292,0.000,0.000
5498,2233.517,2.294,1.076,0.167,0.000,0.785,0.000,0.292,0.000,0.000
5499,2233.943,0.222,1.069,0.167,0.000,0.777,0.000,0.292,0.000,0.000
5500,2234.369,1.150,1.061,0.166,0.000,0.770,0.000,0.292,0.000,0.000
5501,2234.794,3.039,1.054,0.166,0.000,0.762,0.000,0.292,0.000,0.000
5502,2235.220,0.941,1.047,0.165,0.000,0.755,0.000,0.292,0.000,0.000
5503,2235.646,1.965,1.039,0.165,0.000,0.747,0.000,0.292,0.000,0.000
5504,2236.072,1.849,1.031,0.164,0.000,0.739,0.000,0.292,0.000,0.000
5505,2236.497,0.673,1.024,0.164,0.000,0.732,0.000,0.292,0.000,0.000
5506,2236.923,0.216,1.016,0.163,0.000,0.724,0.000,0.292,0.000,0.000
5507,2237.349,0.019,1.009,0.163,0.000,0.717,0.000,0.292,0.000,0.000
5508,2237.775,0.928,1.001,0.162,0.000,0.709,0.000,0.292,0.000,0.000
5509,2238.201,0.924,0.993,0.162,0.000,0.701,0.000,0.292,0.000,0.000
5510,2238.626,1.347,0.986,0.161,0.000,0.693,0.000,0.292,0.000,0.000
5511,2239.052,0.000,0.978,0.161,0.000,0.686,0.000,0.292,0.000,0.000
5512,2239.478,0.567,0.970,0.161,0.000,0.678,0.000,0.292,0.000,0.000
5513,2239.904,0.000,0.962,0.160,0.000,0.670,0.000,0.292,0.000,0.000
5514,2240.330,3.391,0.955,0.160,0.000,0.662,0.000,0.292,0.000,0.000
5515,2240.755,0.006,0.947,0.159,0.000,0.655,0.000,0.292,0.000,0.000
5516,2241.181,0.093,0.939,0.159,0.000,0.647,0.000,0.292,0.000,0.000
5517,2241.607,0.041,0.932,0.158,0.000,0.639,0.000,0.292,0.000,0.000
5518,2242.033,2.002,0.924,0.158,0.000,0.631,0.000,0.292,0.000,0.000
5519,2242.459,3.128,0.916,0.157,0.000,0.624,0.000,0.292,0.000,0.000
5520,2242.885,0.000,0.908,0.157,0.000,0.616,0.000,0.292,0.000,0.000
5521,2243.310,1.093,0.901,0.156,0.000,0.608,0.000,0.292,0.000,0.000
5522,2243.736,0.000,0.893,0.156,0.000,0.600,0.000,0.292,0.000,0.000
5523,2244.162,2.124,0.885,0.155,0.000,0.593,0.000,0.292,0.000,0.000
5524,2244.588,0.000,0.878,0.155,0.000,0.585,0.000,0.292,0.000,0.000
5525,2245.014,1.989,0.870,0.154,0.000,0.577,0.000,0.292,0.000,0.000
5526,2245.440,0.738,0.862,0.154,0.000,0.570,0.000,0.292,0.000,0.000
5527,2245.865,0.000,0.855,0.153,0.000,0.562,0.000,0.292,0.000,0.000
5528,2246.291,0.000,0.847,0.153,0.000,0.555,0.000,0.292,0.000,0.000
5529,2246.717,3.291,0.840,0.152,0.000,0.547,0.000,0.292,0.000,0.000
5530,2247.143,0.113,0.832,0.152,0.000,0.540,0.000,0.292,0.000,0.000
5531,2247.569,1.325,0.825,0.151,0.000,0.532,0.000,0.292,0.000,0.000
5532,2247.995,0.477,0.817,0.151,0.000,0.525,0.000,0.292,0.000,0.000
5533,2248.421,0.000,0.810,0.150,0.000,0.517,0.000,0.292,0.000,0.000
5534,2248.846,1.152,0.802,0.150,0.000,0.510,0.000,0.292,0.000,0.000
5535,2249.272,1.048,0.795,0.149,0.000,0.503,0.000,0.292,0.000,0.000
5536,2249.698,0.294,0.788,0.149,0.000,0.495,0.000,0.292,0.000,0.000
5537,2250.124,0.020,0.780,0.148,0.000,0.488,0.000,0.292,0.000,0.000
5538,2250.550,1.285,0.773,0.148,0.000,0.481,0.000,0.292,0.000,0.000
5539,2250.976,3.072,0.766,0.148,0.000,0.474,0.000,0.292,0.000,0.000
5540,2251.402,3.111,0.759,0.147,0.000,0.467,0.000,0.292,0.000,0.000
5541,2251.828,1.364,0.752,0.147,0.000,0.460,0.000,0.292,0.000,0.000
5542,2252.253,0.000,0.745,0.146,0.000,0.453,0.000,0.292,0.000,0.000
5543,2252.679,2.279,0.738,0.146,0.000,0.446,0.000,0.292,0.000,0.000
5544,2253.105,2.072,0.731,0.145,0.000,0.439,0.000,0.292,0.000,0.000
5545,2253.531,2.109,0.724,0.145,0.000,0.432,0.000,0.292,0.000,0.000
5546,2253.957,1.155,0.717,0.144,0.000,0.425,0.000,0.292,0.000,0.000
5547,2254.383,1.122,0.710,0.144,0.000,0.418,0.000,0.292,0.000,0.000
5548,2254.809,1.120,0.704,0.143,0.000,0.412,0.000,0.292,0.000,0.000
5549,2255.235,1.191,0.697,0.143,0.000,0.405,0.000,0.292,0.000,0.000
5550,2255.661,0.000,0.690,0.142,0.000,0.399,0.000,0.292,0.000,0.000
5551,2256.087,1.040,0.684,0.142,0.000,0.392,0.000,0.292,0.000,0.000
5552,2256.513,0.863,0.677,0.141,0.000,0.386,0.000,0.291,0.000,0.000
5553,2256.938,1.099,0.671,0.141,0.000,0.379,0.000,0.291,0.000,0.000
5554,2257.364,1.904,0.664,0.140,0.000,0.373,0.000,0.291,0.000,0.000
5555,2257.790,0.000,0.658,0.140,0.000,0.367,0.000,0.291,0.000,0.000
5556,2258.216,2.219,0.652,0.139,0.000,0.361,0.000,0.291,0.000,0.000
5557,2258.642,0.114,0.646,0.139,0.000,0.355,0.000,0.291,0.000,0.000
5558,2259.068,0.000,0.640,0.138,0.000,0.349,0.000,0.291,0.000,0.000
5559,2259.494,0.000,0.634,0.138,0.000,0.343,0.000,0.291,0.000,0.000
5560,2259.920,1.323,0.628,0.137,0.000,0.337,0.000,0.291,0.000,0.000
5561,2260.346,1.426,0.622,0.137,0.000,0.331,0.000,0.291,0.000,0.000
5562,2260.772,1.296,0.616,0.136,0.000,0.325,0.000,0.291,0.000,0.000
5563,2261.198,1.119,0.610,0.136,0.000,0.320,0.000,0.290,0.000,0.000
5564,2261.624,3.191,0.604,0.135,0.000,0.314,0.000,0.290,0.000,0.000
5565,2262.050,0.000,0.599,0.135,0.000,0.309,0.000,0.290,0.000,0.000
5566,2262.476,1.209,0.593,0.134,0.000,0.303,0.000,0.290,0.000,0.000
5567,2262.902,1.293,0.588,0.134,0.000,0.298,0.000,0.290,0.000,0.000
5568,2263.327,0.094,0.582,0.134,0.000,0.292,0.000,0.290,0.000,0.000
5569,2263.753,2.157,0.577,0.133,0.000,0.287,0.000,0.290,0.000,0.000
5570,2264.179,0.194,0.572,0.133,0.000,0.282,0.000,0.290,0.000,0.000
5571,2264.605,0.119,0.566,0.132,0.000,0.277,0.000,0.289,0.000,0.000
5572,2265.031,1.178,0.561,0.132,0.000,0.272,0.000,0.289,0.000,0.000
5573,2265.457,0.000,0.556,0.131,0.000,0.267,0.000,0.289,0.000,0.000
5574,2265.883,0.000,0.551,0.131,0.000,0.262,0.000,0.289,0.000,0.000
5575,2266.309,1.264,0.546,0.130,0.000,0.257,0.000,0.289,0.000,0.000
5576,2266.735,0.187,0.541,0.130,0.000,0.253,0.000,0.289,0.000,0.000
5577,2267.161,0.000,0.537,0.129,0.000,0.248,0.000,0.289,0.000,0.000
5578,2267.587,0.029,0.532,0.129,0.000,0.243,0.000,0.289,0.000,0.000
5579,2268.013,0.924,0.527,0.128,0.000,0.239,0.000,0.288,0.000,0.000
5580,2268.439,0.000,0.523,0.128,0.000,0.234,0.000,0.288,0.000,0.000
5581,2268.865,1.227,0.518,0.127,0.000,0.230,0.000,0.288,0.000,0.000
5582,2269.291,2.501,0.514,0.127,0.000,0.226,0.000,0.288,0.000,0.000
5583,2269.717,2.445,0.509,0.126,0.000,0.222,0.000,0.288,0.000,0.000
5584,2270.143,1.901,0.505,0.126,0.000,0.217,0.000,0.288,0.000,0.000
5585,2270.569,0.250,0.501,0.125,0.000,0.213,0.000,0.287,0.000,0.000
5586,2270.995,1.943,0.497,0.125,0.000,0.209,0.000,0.287,0.000,0.000
5587,2271.421,0.259,0.492,0.124,0.000,0.205,0.000,0.287,0.000,0.000
5588,2271.847,2.171,0.488,0.124,0.000,0.201,0.000,0.287,0.000,0.000
5589,2272.273,1.905,0.484,0.123,0.000,0.198,0.000,0.287,0.000,0.000
5590,2272.699,0.000,0.480,0.123,0.000,0.194,0.000,0.287,0.000,0.000
5591,2273.125,0.000,0.477,0.122,0.000,0.190,0.000,0.286,0.000,0.000
5592,2273.551,0.201,0.473,0.122,0.000,0.187,0.000,0.286,0.000,0.000
5593,2273.977,0.056,0.469,0.121,0.000,0.183,0.000,0.286,0.000,0.000
5594,2274.403,1.135,0.465,0.121,0.000,0.180,0.000,0.286,0.000,0.000
5595,2274.829,0.096,0.462,0.121,0.000,0.176,0.000,0.286,0.000,0.000
5596,2275.255,0.000,0.458,0.120,0.000,0.173,0.000,0.285,0.000,0.000
5597,2275.681,0.151,0.455,0.120,0.000,0.169,0.000,0.285,0.000,0.000
5598,2276.107,0.380,0.451,0.119,0.000,0.166,0.000,0.285,0.000,0.000
5599,2276.533,0.000,0.448,0.119,0.000,0.163,0.000,0.285,0.000,0.000
5600,2276.959,0.000,0.445,0.118,0.000,0.160,0.000,0.285,0.000,0.000
5601,2277.385,0.000,0.441,0.118,0.000,0.157,0.000,0.285,0.000,0.000
5602,2277.812,0.185,0.438,0.117,0.000,0.154,0.000,0.284,0.000,0.000
5603,2278.238,0.000,0.435,0.117,0.000,0.151,0.000,0.284,0.000,0.000
5604,2278.664,0.158,0.432,0.116,0.000,0.148,0.000,0.284,0.000,0.000
5605,2279.090,2.047,0.429,0.116,0.000,0.145,0.000,0.284,0.000,0.000
5606,2279.516,1.799,0.426,0.115,0.000,0.143,0.000,0.284,0.000,0.000
5607,2279.942,1.232,0.423,0.115,0.000,0.140,0.000,0.283,0.000,0.000
5608,2280.368,0.000,0.420,0.114,0.000,0.137,0.000,0.283,0.000,0.000
5609,2280.794,0.212,0.418,0.114,0.000,0.135,0.000,0.283,0.000,0.000
5610,2281.220,0.000,0.415,0.113,0.000,0.132,0.000,0.283,0.000,0.000
5611,2281.646,1.150,0.412,0.113,0.000,0.130,0.000,0.282,0.000,0.000
5612,2282.072,1.178,0.409,0.112,0.000,0.127,0.000,0.282,0.000,0.000
5613,2282.498,0.000,0.407,0.112,0.000,0.125,0.000,0.282,0.000,0.000
5614,2282.924,0.000,0.404,0.111,0.000,0.122,0.000,0.282,0.000,0.000
5615,2283.350,0.141,0.402,0.111,0.000,0.120,0.000,0.282,0.000,0.000
5616,2283.776,0.000,0.399,0.110,0.000,0.118,0.000,0.281,0.000,0.000
5617,2284.202,0.337,0.397,0.110,0.000,0.116,0.000,0.281,0.000,0.000
5618,2284.629,0.000,0.395,0.109,0.000,0.114,0.000,0.281,0.000,0.000
5619,2285.055,1.378,0.392,0.109,0.000,0.112,0.000,0.281,0.000,0.000
5620,2285.481,1.170,0.390,0.108,0.000,0.110,0.000,0.280,0.000,0.000
5621,2285.907,0.926,0.388,0.108,0.000,0.108,0.000,0.280,0.000,0.000
5622,2286.333,1.270,0.385,0.107,0.000,0.106,0.000,0.280,0.000,0.000
5623,2286.759,0.192,0.383,0.107,0.000,0.104,0.000,0.280,0.000,0.000
5624,2287.185,0.161,0.381,0.107,0.000,0.102,0.000,0.279,0.000,0.000
5625,2287.611,0.215,0.379,0.106,0.000,0.100,0.000,0.279,0.000,0.000
5626,2288.037,0.306,0.377,0.106,0.000,0.098,0.000,0.279,0.000,0.000
5627,2288.463,0.000,0.375,0.105,0.000,0.096,0.000,0.279,0.000,0.000
5628,2288.890,1.132,0.373,0.105,0.000,0.095,0.000,0.278,0.000,0.000
5629,2289.316,0.191,0.371,0.104,0.000,0.093,0.000,0.278,0.000,0.000
5630,2289.742,0.124,0.369,0.104,0.000,0.091,0.000,0.278,0.000,0.000
5631,2290.168,1.051,0.368,0.103,0.000,0.090,0.000,0.278,0.000,0.000
5632,2290.594,0.000,0.366,0.103,0.000,0.088,0.000,0.277,0.000,0.000
5633,2291.020,2.202,0.364,0.102,0.000,0.087,0.000,0.277,0.000,0.000
5634,2291.446,1.403,0.362,0.102,0.000,0.085,0.000,0.277,0.000,0.000
5635,2291.872,1.015,0.361,0.101,0.000,0.084,0.000,0.277,0.000,0.000
5636,2292.299,0.308,0.359,0.101,0.000,0.083,0.000,0.276,0.000,0.000
5637,2292.725,0.000,0.357,0.100,0.000,0.081,0.000,0.276,0.000,0.000
5638,2293.151,1.151,0.356,0.100,0.000,0.080,0.000,0.276,0.000,0.000
5639,2293.577,2.139,0.354,0.099,0.000,0.078,0.000,0.276,0.000,0.000
5640,2294.003,0.000,0.353,0.099,0.000,0.077,0.000,0.275,0.000,0.000
5641,2294.429,0.120,0.351,0.098,0.000,0.076,0.000,0.275,0.000,0.000
5642,2294.855,0.019,0.349,0.098,0.000,0.075,0.000,0.275,0.000,0.000
5643,2295.282,0.166,0.348,0.097,0.000,0.074,0.000,0.274,0.000,0.000
5644,2295.708,0.000,0.347,0.097,0.000,0.072,0.000,0.274,0.000,0.000
5645,2296.134,3.170,0.345,0.096,0.000,0.071,0.000,0.274,0.000,0.000
5646,2296.560,0.000,0.344,0.096,0.000,0.070,0.000,0.274,0.000,0.000
5647,2296.986,0.000,0.342,0.095,0.000,0.069,0.000,0.273,0.000,0.000
5648,2297.412,0.202,0.341,0.095,0.000,0.068,0.000,0.273,0.000,0.000
5649,2297.838,0.319,0.340,0.094,0.000,0.067,0.000,0.273,0.000,0.000
5650,2298.265,1.055,0.338,0.094,0.000,0.066,0.000,0.273,0.000,0.000
5651,2298.691,0.000,0.337,0.094,0.000,0.065,0.000,0.272,0.000,0.000
5652,2299.117,1.376,0.336,0.093,0.000,0.064,0.000,0.272,0.000,0.000
5653,2299.543,0.000,0.335,0.093,0.000,0.063,0.000,0.272,0.000,0.000
5654,2299.969,0.000,0.333,0.092,0.000,0.062,0.000,0.271,0.000,0.000
5655,2300.395,0.055,0.332,0.092,0.000,0.061,0.000,0.271,0.000,0.000
5656,2300.822,0.000,0.331,0.091,0.000,0.060,0.000,0.271,0.000,0.000
5657,2301.248,0.303,0.330,0.091,0.000,0.060,0.000,0.270,0.000,0.000
5658,2301.674,0.000,0.329,0.090,0.000,0.059,0.000,0.270,0.000,0.000
5659,2302.100,1.208,0.328,0.090,0.000,0.058,0.000,0.270,0.000,0.000
5660,2302.526,1.409,0.327,0.089,0.000,0.057,0.000,0.270,0.000,0.000
5661,2302.953,0.000,0.326,0.089,0.000,0.056,0.000,0.269,0.000,0.000
5662,2303.379,0.000,0.324,0.088,0.000,0.056,0.000,0.269,0.000,0.000
5663,2303.805,0.000,0.323,0.088,0.000,0.055,0.000,0.269,0.000,0.000
5664,2304.231,0.998,0.322,0.087,0.000,0.054,0.000,0.268,0.000,0.000
5665,2304.657,1.202,0.321,0.087,0.000,0.053,0.000,0.268,0.000,0.000
5666,2305.084,0.209,0.320,0.086,0.000,0.053,0.000,0.268,0.000,0.000
5667,2305.510,3.506,0.319,0.086,0.000,0.052,0.000,0.267,0.000,0.000
5668,2305.936,0.000,0.318,0.085,0.000,0.051,0.000,0.267,0.000,0.000
5669,2306.362,0.082,0.317,0.085,0.000,0.051,0.000,0.267,0.000,0.000
5670,2306.788,0.000,0.316,0.084,0.000,0.050,0.000,0.266,0.000,0.000
5671,2307.215,0.830,0.315,0.084,0.000,0.049,0.000,0.266,0.000,0.000
5672,2307.641,0.023,0.315,0.083,0.000,0.049,0.000,0.266,0.000,0.000
5673,2308.067,1.209,0.314,0.083,0.000,0.048,0.000,0.265,0.000,0.000
5674,2308.493,0.180,0.313,0.082,0.000,0.048,0.000,0.265,0.000,0.000
5675,2308.920,0.000,0.312,0.082,0.000,0.047,0.000,0.265,0.000,0.000
5676,2309.346,0.000,0.311,0.081,0.000,0.047,0.000,0.264,0.000,0.000
5677,2309.772,4.141,0.310,0.081,0.000,0.046,0.000,0.264,0.000,0.000
5678,2310.198,1.237,0.309,0.080,0.000,0.045,0.000,0.264,0.000,0.000
5679,2310.624,0.132,0.308,0.080,0.000,0.045,0.000,0.263,0.000,0.000
5680,2311.051,1.168,0.307,0.080,0.000,0.044,0.000,0.263,0.000,0.000
5681,2311.477,2.304,0.307,0.079,0.000,0.044,0.000,0.263,0.000,0.000
5682,2311.903,1.156,0.306,0.079,0.000,0.043,0.000,0.262,0.000,0.000
5683,2312.329,0.000,0.305,0.078,0.000,0.043,0.000,0.262,0.000,0.000
5684,2312.756,2.310,0.304,0.078,0.000,0.043,0.000,0.262,0.000,0.000
5685,2313.182,0.322,0.303,0.077,0.000,0.042,0.000,0.261,0.000,0.000
5686,2313.608,0.000,0.302,0.077,0.000,0.042,0.000,0.261,0.000,0.000
5687,2314.034,0.236,0.302,0.076,0.000,0.041,0.000,0.260,0.000,0.000
5688,2314.461,0.211,0.301,0.076,0.000,0.041,0.000,0.260,0.000,0.000
5689,2314.887,0.000,0.300,0.075,0.000,0.040,0.000,0.260,0.000,0.000
5690,2315.313,2.322,0.299,0.075,0.000,0.040,0.000,0.259,0.000,0.000
5691,2315.739,0.300,0.298,0.074,0.000,0.039,0.000,0.259,0.000,0.000
5692,2316.166,0.058,0.298,0.074,0.000,0.039,0.000,0.259,0.000,0.000
5693,2316.592,0.880,0.297,0.073,0.000,0.039,0.000,0.258,0.000,0.000
5694,2317.018,2.243,0.296,0.073,0.000,0.038,0.000,0.258,0.000,0.000
5695,2317.445,0.269,0.295,0.072,0.000,0.038,0.000,0.257,0.000,0.000
5696,2317.871,0.000,0.295,0.072,0.000,0.037,0.000,0.257,0.000,0.000
5697,2318.297,0.178,0.294,0.071,0.000,0.037,0.000,0.257,0.000,0.000
5698,2318.723,2.386,0.293,0.071,0.000,0.037,0.000,0.256,0.000,0.000
5699,2319.150,3.114,0.292,0.070,0.000,0.036,0.000,0.256,0.000,0.000
5700,2319.576,0.441,0.291,0.070,0.000,0.036,0.000,0.255,0.000,0.000
5701,2320.002,0.000,0.291,0.069,0.000,0.036,0.000,0.255,0.000,0.000
5702,2320.429,0.069,0.290,0.069,0.000,0.035,0.000,0.255,0.000,0.000
5703,2320.855,0.000,0.289,0.068,0.000,0.035,0.000,0.254,0.000,0.000
5704,2321.281,0.008,0.288,0.068,0.000,0.035,0.000,0.254,0.000,0.000
5705,2321.707,0.291,0.288,0.067,0.000,0.034,0.000,0.253,0.000,0.000
5706,2322.134,0.315,0.287,0.067,0.000,0.034,0.000,0.253,0.000,0.000
5707,2322.560,1.152,0.286,0.067,0.000,0.034,0.000,0.253,0.000,0.000
5708,2322.986,0.000,0.286,0.066,0.000,0.033,0.000,0.252,0.000,0.000
5709,2323.413,1.618,0.285,0.066,0.000,0.033,0.000,0.252,0.000,0.000
5710,2323.839,0.495,0.284,0.065,0.000,0.033,0.000,0.251,0.000,0.000
5711,2324.265,2.063,0.283,0.065,0.000,0.032,0.000,0.251,0.000,0.000
5712,2324.692,0.274,0.283,0.064,0.000,0.032,0.000,0.250,0.000,0.000
5713,2325.118,2.473,0.282,0.064,0.000,0.032,0.000,0.250,0.000,0.000
5714,2325.544,0.000,0.281,0.063,0.000,0.032,0.000,0.250,0.000,0.000
5715,2325.970,0.317,0.280,0.063,0.000,0.031,0.000,0.249,0.000,0.000
5716,2326.397,0.000,0.280,0.062,0.000,0.031,0.000,0.249,0.000,0.000
5717,2326.823,1.121,0.279,0.062,0.000,0.031,0.000,0.248,0.000,0.000
5718,2327.249,0.000,0.278,0.061,0.000,0.030,0.000,0.248,0.000,0.000
5719,2327.676,0.000,0.277,0.061,0.000,0.030,0.000,0.247,0.000,0.000
5720,2328.102,0.000,0.277,0.060,0.000,0.030,0.000,0.247,0.000,0.000
5721,2328.528,2.064,0.276,0.060,0.000,0.030,0.000,0.246,0.000,0.000
5722,2328.955,1.239,0.275,0.059,0.000,0.029,0.000,0.246,0.000,0.000
5723,2329.381,2.393,0.274,0.059,0.000,0.029,0.000,0.245,0.000,0.000
5724,2329.807,2.189,0.274,0.058,0.000,0.029,0.000,0.245,0.000,0.000
5725,2330.234,0.000,0.273,0.058,0.000,0.029,0.000,0.244,0.000,0.000
5726,2330.660,1.141,0.272,0.057,0.000,0.028,0.000,0.244,0.000,0.000
5727,2331.087,0.000,0.272,0.057,0.000,0.028,0.000,0.243,0.000,0.000
5728,2331.513,0.378,0.271,0.056,0.000,0.028,0.000,0.243,0.000,0.000
5729,2331.939,2.350,0.270,0.056,0.000,0.028,0.000,0.242,0.000,0.000
5730,2332.366,0.000,0.269,0.055,0.000,0.027,0.000,0.242,0.000,0.000
5731,2332.792,0.287,0.269,0.055,0.000,0.027,0.000,0.241,0.000,0.000
5732,2333.218,0.235,0.268,0.054,0.000,0.027,0.000,0.241,0.000,0.000
5733,2333.645,0.212,0.267,0.054,0.000,0.027,0.000,0.240,0.000,0.000
5734,2334.071,0.000,0.266,0.054,0.000,0.026,0.000,0.240,0.000,0.000
5735,2334.497,0.000,0.265,0.053,0.000,0.026,0.000,0.239,0.000,0.000
5736,2334.924,0.093,0.265,0.053,0.000,0.026,0.000,0.239,0.000,0.000
5737,2335.350,0.386,0.264,0.052,0.000,0.026,0.000,0.238,0.000,0.000
5738,2335.777,1.585,0.263,0.052,0.000,0.025,0.000,0.238,0.000,0.000
5739,2336.203,0.458,0.262,0.051,0.000,0.025,0.000,0.237,0.000,0.000
5740,2336.629,2.282,0.262,0.051,0.000,0.025,0.000,0.237,0.000,0.000
5741,2337.056,0.107,0.261,0.050,0.000,0.025,0.000,0.236,0.000,0.000
5742,2337.482,1.260,0.260,0.050,0.000,0.025,0.000,0.236,0.000,0.000
5743,2337.908,1.209,0.259,0.049,0.000,0.024,0.000,0.235,0.000,0.000
5744,2338.335,0.000,0.259,0.049,0.000,0.024,0.000,0.234,0.000,0.000
5745,2338.761,0.927,0.258,0.048,0.000,0.024,0.000,0.234,0.000,0.000
5746,2339.188,0.000,0.257,0.048,0.000,0.024,0.000,0.233,0.000,0.000
5747,2339.614,0.000,0.256,0.047,0.000,0.023,0.000,0.233,0.000,0.000
5748,2340.040,0.000,0.255,0.047,0.000,0.023,0.000,0.232,0.000,0.000
5749,2340.467,0.000,0.255,0.046,0.000,0.023,0.000,0.232,0.000,0.000
5750,2340.893,1.355,0.254,0.046,0.000,0.023,0.000,0.231,0.000,0.000
5751,2341.320,0.000,0.253,0.045,0.000,0.023,0.000,0.230,0.000,0.000
5752,2341.746,0.000,0.252,0.045,0.000,0.022,0.000,0.230,0.000,0.000
5753,2342.172,0.119,0.251,0.044,0.000,0.022,0.000,0.229,0.000,0.000
5754,2342.599,0.000,0.251,0.044,0.000,0.022,0.000,0.229,0.000,0.000
5755,2343.025,0.000,0.250,0.043,0.000,0.022,0.000,0.228,0.000,0.000
5756,2343.452,0.067,0.249,0.043,0.000,0.022,0.000,0.227,0.000,0.000
5757,2343.878,0.000,0.248,0.042,0.000,0.022,0.000,0.227,0.000,0.000
5758,2344.304,0.000,0.247,0.042,0.000,0.021,0.000,0.226,0.000,0.000
5759,2344.731,0.000,0.247,0.041,0.000,0.021,0.000,0.225,0.000,0.000
5760,2345.157,0.000,0.246,0.041,0.000,0.021,0.000,0.225,0.000,0.000
5761,2345.584,0.355,0.245,0.040,0.000,0.021,0.000,0.224,0.000,0.000
5762,2346.010,0.063,0.244,0.040,0.000,0.021,0.000,0.224,0.000,0.000
5763,2346.437,0.000,0.243,0.040,0.000,0.020,0.000,0.223,0.000,0.000
5764,2346.863,0.000,0.243,0.039,0.000,0.020,0.000,0.222,0.000,0.000
5765,2347.290,1.396,0.242,0.039,0.000,0.020,0.000,0.222,0.000,0.000
5766,2347.716,1.241,0.241,0.038,0.000,0.020,0.000,0.221,0.000,0.000
5767,2348.142,0.108,0.240,0.038,0.000,0.020,0.000,0.220,0.000,0.000
5768,2348.569,0.096,0.239,0.037,0.000,0.020,0.000,0.219,0.000,0.000
5769,2348.995,1.479,0.238,0.037,0.000,0.020,0.000,0.219,0.000,0.000
5770,2349.422,0.000,0.238,0.036,0.000,0.019,0.000,0.218,0.000,0.000
5771,2349.848,0.000,0.237,0.036,0.000,0.019,0.000,0.217,0.000,0.000
5772,2350.275,0.416,0.236,0.035,0.000,0.019,0.000,0.217,0.000,0.000
5773,2350.701,1.604,0.235,0.035,0.000,0.019,0.000,0.216,0.000,0.000
5774,2351.128,1.008,0.234,0.034,0.000,0.019,0.000,0.215,0.000,0.000
5775,2351.554,0.000,0.233,0.034,0.000,0.019,0.000,0.215,0.000,0.000
5776,2351.980,0.000,0.232,0.033,0.000,0.019,0.000,0.214,0.000,0.000
5777,2352.407,0.000,0.232,0.033,0.000,0.018,0.000,0.213,0.000,0.000
5778,2352.833,2.607,0.231,0.032,0.000,0.018,0.000,0.212,0.000,0.000
5779,2353.260,0.000,0.230,0.032,0.000,0.018,0.000,0.212,0.000,0.000
5780,2353.686,0.000,0.229,0.031,0.000,0.018,0.000,0.211,0.000,0.000
5781,2354.113,0.630,0.228,0.031,0.000,0.018,0.000,0.210,0.000,0.000
5782,2354.539,0.000,0.227,0.030,0.000,0.018,0.000,0.209,0.000,0.000
5783,2354.966,0.000,0.226,0.030,0.000,0.018,0.000,0.209,0.000,0.000
5784,2355.392,0.000,0.226,0.029,0.000,0.018,0.000,0.208,0.000,0.000
5785,2355.819,3.337,0.225,0.029,0.000,0.018,0.000,0.207,0.000,0.000
5786,2356.245,0.266,0.224,0.028,0.000,0.017,0.000,0.206,0.000,0.000
5787,2356.672,1.225,0.223,0.028,0.000,0.017,0.000,0.206,0.000,0.000
5788,2357.098,0.266,0.222,0.027,0.000,0.017,0.000,0.205,0.000,0.000
5789,2357.525,1.346,0.221,0.027,0.000,0.017,0.000,0.204,0.000,0.000
5790,2357.951,0.000,0.220,0.027,0.000,0.017,0.000,0.203,0.000,0.000
5791,2358.378,0.505,0.219,0.026,0.000,0.017,0.000,0.202,0.000,0.000
5792,2358.804,0.000,0.219,0.026,0.000,0.017,0.000,0.201,0.000,0.000
5793,2359.231,0.457,0.218,0.025,0.000,0.017,0.000,0.201,0.000,0.000
5794,2359.657,0.000,0.217,0.025,0.000,0.017,0.000,0.200,0.000,0.000
5795,2360.084,0.000,0.216,0.024,0.000,0.017,0.000,0.199,0.000,0.000
5796,2360.510,0.000,0.215,0.024,0.000,0.017,0.000,0.198,0.000,0.000
5797,2360.937,0.000,0.214,0.023,0.000,0.017,0.000,0.197,0.000,0.000
5798,2361.363,0.000,0.213,0.023,0.000,0.017,0.000,0.196,0.000,0.000
5799,2361.790,1.513,0.212,0.022,0.000,0.017,0.000,0.196,0.000,0.000
5800,2362.216,0.000,0.212,0.022,0.000,0.017,0.000,0.195,0.000,0.000
5801,2362.643,0.406,0.211,0.021,0.000,0.017,0.000,0.194,0.000,0.000
5802,2363.069,0.000,0.210,0.021,0.000,0.017,0.000,0.193,0.000,0.000
5803,2363.496,0.000,0.209,0.020,0.000,0.017,0.000,0.192,0.000,0.000
5804,2363.922,0.000,0.208,0.020,0.000,0.017,0.000,0.191,0.000,0.000
5805,2364.349,0.193,0.207,0.019,0.000,0.017,0.000,0.190,0.000,0.000
5806,2364.775,0.435,0.206,0.019,0.000,0.017,0.000,0.190,0.000,0.000
5807,2365.202,0.000,0.205,0.018,0.000,0.017,0.000,0.189,0.000,0.000
5808,2365.628,0.000,0.205,0.018,0.000,0.017,0.000,0.188,0.000,0.000
5809,2366.055,1.361,0.204,0.017,0.000,0.017,0.000,0.187,0.000,0.000
5810,2366.481,0.000,0.203,0.017,0.000,0.017,0.000,0.186,0.000,0.000
5811,2366.908,1.605,0.202,0.016,0.000,0.017,0.000,0.185,0.000,0.000
5812,2367.335,0.000,0.201,0.016,0.000,0.017,0.000,0.184,0.000,0.000
5813,2367.761,0.000,0.200,0.015,0.000,0.017,0.000,0.183,0.000,0.000
5814,2368.188,0.000,0.199,0.015,0.000,0.017,0.000,0.182,0.000,0.000
5815,2368.614,0.466,0.199,0.014,0.000,0.017,0.000,0.181,0.000,0.000
5816,2369.041,2.528,0.198,0.014,0.000,0.017,0.000,0.180,0.000,0.000
5817,2369.467,0.000,0.197,0.013,0.000,0.017,0.000,0.179,0.000,0.000
5818,2369.894,0.563,0.196,0.013,0.000,0.018,0.000,0.179,0.000,0.000
5819,2370.320,0.000,0.195,0.013,0.000,0.018,0.000,0.178,0.000,0.000
5820,2370.747,0.000,0.194,0.012,0.000,0.018,0.000,0.177,0.000,0.000
5821,2371.174,3.492,0.194,0.012,0.000,0.018,0.000,0.176,0.000,0.000
5822,2371.600,0.000,0.193,0.011,0.000,0.018,0.000,0.175,0.000,0.000
5823,2372.027,0.252,0.192,0.011,0.000,0.018,0.000,0.174,0.000,0.000
5824,2372.453,0.000,0.191,0.010,0.000,0.018,0.000,0.173,0.000,0.000
5825,2372.880,1.164,0.190,0.010,0.000,0.019,0.000,0.172,0.000,0.000
5826,2373.306,1.443,0.190,0.009,0.000,0.019,0.000,0.171,0.000,0.000
5827,2373.733,0.516,0.189,0.009,0.000,0.019,0.000,0.170,0.000,0.000
5828,2374.160,1.270,0.188,0.008,0.000,0.019,0.000,0.169,0.000,0.000
5829,2374.586,0.000,0.187,0.008,0.000,0.019,0.000,0.168,0.000,0.000
5830,2375.013,0.000,0.186,0.007,0.000,0.020,0.000,0.167,0.000,0.000
5831,2375.439,1.436,0.186,0.007,0.000,0.020,0.000,0.166,0.000,0.000
5832,2375.866,0.000,0.185,0.006,0.000,0.020,0.000,0.165,0.000,0.000
5833,2376.292,0.000,0.184,0.006,0.000,0.020,0.000,0.164,0.000,0.000
5834,2376.719,0.324,0.183,0.005,0.000,0.021,0.000,0.163,0.000,0.000
5835,2377.146,0.000,0.183,0.005,0.000,0.021,0.000,0.162,0.000,0.000
5836,2377.572,0.000,0.182,0.004,0.000,0.021,0.000,0.161,0.000,0.000
5837,2377.999,0.000,0.181,0.004,0.000,0.022,0.000,0.160,0.000,0.000
5838,2378.425,0.000,0.181,0.003,0.000,0.022,0.000,0.159,0.000,0.000
5839,2378.852,0.384,0.180,0.003,0.000,0.022,0.000,0.158,0.000,0.000
5840,2379.279,0.544,0.179,0.002,0.000,0.023,0.000,0.157,0.000,0.000
5841,2379.705,0.492,0.179,0.002,0.000,0.023,0.000,0.156,0.000,0.000
5842,2380.132,1.458,0.178,0.001,0.000,0.023,0.000,0.155,0.000,0.000
5843,2380.558,0.582,0.177,0.001,0.000,0.024,0.000,0.154,0.000,0.000
5844,2380.985,0.000,0.177,0.000,0.000,0.024,0.000,0.153,0.000,0.000
5845,2381.412,0.000,0.176,0.000,0.000,0.024,0.000,0.151,0.000,0.000
5846,2381.838,0.337,0.176,0.000,0.000,0.025,0.000,0.151,0.000,0.000
5847,2382.265,0.399,0.176,0.000,0.000,0.026,0.000,0.150,0.000,0.000
5848,2382.691,1.528,0.175,0.000,0.000,0.026,0.000,0.149,0.000,0.000
5849,2383.118,0.000,0.175,0.000,0.000,0.027,0.000,0.149,0.000,0.000
5850,2383.545,0.000,0.175,0.000,0.000,0.027,0.000,0.148,0.000,0.000
5851,2383.971,0.319,0.175,0.000,0.000,0.028,0.000,0.147,0.000,0.000
5852,2384.398,0.000,0.175,0.000,0.000,0.029,0.000,0.146,0.000,0.000
5853,2384.825,0.443,0.175,0.000,0.000,0.029,0.000,0.146,0.000,0.000
5854,2385.251,1.718,0.175,0.000,0.000,0.030,0.000,0.145,0.000,0.000
5855,2385.678,0.692,0.175,0.000,0.000,0.031,0.000,0.144,0.000,0.000
5856,2386.105,1.471,0.175,0.000,0.000,0.031,0.000,0.144,0.000,0.000
5857,2386.531,0.000,0.175,0.000,0.000,0.032,0.000,0.143,0.000,0.000
5858,2386.958,0.000,0.175,0.000,0.000,0.033,0.000,0.142,0.000,0.000
5859,2387.384,0.000,0.175,0.000,0.000,0.033,0.000,0.141,0.000,0.000
5860,2387.811,0.564,0.175,0.000,0.000,0.034,0.000,0.141,0.000,0.000
5861,2388.238,0.539,0.175,0.000,0.000,0.035,0.000,0.140,0.000,0.000
5862,2388.664,0.454,0.175,0.000,0.000,0.036,0.000,0.139,0.000,0.000
5863,2389.091,0.000,0.175,0.000,0.000,0.037,0.000,0.138,0.000,0.000
5864,2389.518,1.481,0.175,0.000,0.000,0.037,0.000,0.138,0.000,0.000
5865,2389.944,0.000,0.175,0.000,0.000,0.038,0.000,0.137,0.000,0.000
5866,2390.371,0.696,0.175,0.000,0.000,0.039,0.000,0.136,0.000,0.000
5867,2390.798,0.436,0.175,0.000,0.000,0.040,0.000,0.135,0.000,0.000
5868,2391.224,0.000,0.175,0.000,0.000,0.041,0.000,0.135,0.000,0.000
5869,2391.651,0.645,0.176,0.000,0.000,0.042,0.000,0.134,0.000,0.000
5870,2392.078,0.000,0.176,0.000,0.000,0.043,0.000,0.133,0.000,0.000
5871,2392.504,0.000,0.176,0.000,0.000,0.044,0.000,0.132,0.000,0.000
5872,2392.931,0.000,0.176,0.000,0.000,0.044,0.000,0.132,0.000,0.000
5873,2393.358,0.000,0.176,0.000,0.000,0.045,0.000,0.131,0.000,0.000
5874,2393.784,0.644,0.176,0.000,0.000,0.046,0.000,0.130,0.000,0.000
5875,2394.211,0.327,0.177,0.000,0.000,0.047,0.000,0.129,0.000,0.000
5876,2394.638,0.392,0.177,0.000,0.000,0.048,0.000,0.129,0.000,0.000
5877,2395.064,0.767,0.177,0.000,0.000,0.049,0.000,0.128,0.000,0.000
5878,2395.491,0.684,0.177,0.000,0.000,0.050,0.000,0.127,0.000,0.000
5879,2395.918,0.000,0.178,0.000,0.000,0.051,0.000,0.126,0.000,0.000
5880,2396.344,0.327,0.178,0.000,0.000,0.053,0.000,0.126,0.000,0.000
5881,2396.771,0.000,0.178,0.000,0.000,0.054,0.000,0.125,0.000,0.000
5882,2397.198,0.000,0.179,0.000,0.000,0.055,0.000,0.124,0.000,0.000
5883,2397.624,0.867,0.179,0.000,0.000,0.056,0.000,0.123,0.000,0.000
5884,2398.051,0.000,0.180,0.000,0.000,0.057,0.000,0.123,0.000,0.000
5885,2398.478,0.000,0.180,0.000,0.000,0.058,0.000,0.122,0.000,0.000
5886,2398.905,0.000,0.180,0.000,0.000,0.059,0.000,0.121,0.000,0.000
5887,2399.331,0.000,0.181,0.000,0.000,0.060,0.000,0.120,0.000,0.000
5888,2399.758,0.000,0.181,0.000,0.000,0.062,0.000,0.120,0.000,0.000
5889,2400.185,0.000,0.182,0.000,0.000,0.063,0.000,0.119,0.000,0.000
5890,2400.611,1.419,0.182,0.000,0.000,0.064,0.000,0.118,0.000,0.000
5891,2401.038,0.399,0.183,0.000,0.000,0.065,0.000,0.117,0.000,0.000
5892,2401.465,1.521,0.183,0.000,0.000,0.067,0.000,0.117,0.000,0.000
5893,2401.892,0.000,0.184,0.000,0.000,0.068,0.000,0.116,0.000,0.000
5894,2402.318,2.567,0.184,0.000,0.000,0.069,0.000,0.115,0.000,0.000
5895,2402.745,0.000,0.185,0.000,0.000,0.070,0.000,0.114,0.000,0.000
5896,2403.172,0.000,0.185,0.000,0.000,0.072,0.000,0.114,0.000,0.000
5897,2403.598,0.636,0.186,0.000,0.000,0.073,0.000,0.113,0.000,0.000
5898,2404.025,0.000,0.187,0.000,0.000,0.074,0.000,0.112,0.000,0.000
5899,2404.452,0.000,0.187,0.000,0.000,0.076,0.000,0.111,0.000,0.000
5900,2404.879,0.000,0.188,0.000,0.000,0.077,0.000,0.111,0.000,0.000
5901,2405.305,0.000,0.188,0.000,0.000,0.078,0.000,0.110,0.000,0.000
5902,2405.732,0.000,0.189,0.000,0.000,0.080,0.000,0.109,0.000,0.000
5903,2406.159,0.000,0.190,0.000,0.000,0.081,0.000,0.109,0.000,0.000
5904,2406.586,0.680,0.191,0.000,0.000,0.083,0.000,0.108,0.000,0.000
5905,2407.012,0.000,0.191,0.000,0.000,0.084,0.000,0.107,0.000,0.000
5906,2407.439,0.623,0.192,0.000,0.000,0.086,0.000,0.106,0.000,0.000
5907,2407.866,0.000,0.193,0.000,0.000,0.087,0.000,0.106,0.000,0.000
5908,2408.292,0.000,0.193,0.000,0.000,0.088,0.000,0.105,0.000,0.000
5909,2408.719,0.000,0.194,0.000,0.000,0.090,0.000,0.104,0.000,0.000
5910,2409.146,0.486,0.195,0.000,0.000,0.091,0.000,0.104,0.000,0.000
5911,2409.573,0.380,0.196,0.000,0.000,0.093,0.000,0.103,0.000,0.000
5912,2409.999,0.000,0.197,0.000,0.000,0.094,0.000,0.102,0.000,0.000
5913,2410.426,0.000,0.197,0.000,0.000,0.096,0.000,0.102,0.000,0.000
5914,2410.853,1.380,0.198,0.000,0.000,0.098,0.000,0.101,0.000,0.000
5915,2411.280,0.000,0.199,0.000,0.000,0.099,0.000,0.100,0.000,0.000
5916,2411.707,0.000,0.200,0.000,0.000,0.101,0.000,0.099,0.000,0.000
5917,2412.133,0.504,0.201,0.000,0.000,0.102,0.000,0.099,0.000,0.000
5918,2412.560,0.000,0.202,0.000,0.000,0.104,0.000,0.098,0.000,0.000
5919,2412.987,0.000,0.203,0.000,0.000,0.105,0.000,0.097,0.000,0.000
5920,2413.414,1.567,0.204,0.000,0.000,0.107,0.000,0.097,0.000,0.000
5921,2413.840,0.598,0.205,0.000,0.000,0.109,0.000,0.096,0.000,0.000
5922,2414.267,1.660,0.206,0.000,0.000,0.110,0.000,0.095,0.000,0.000
5923,2414.694,0.000,0.206,0.000,0.000,0.112,0.000,0.095,0.000,0.000
5924,2415.121,0.000,0.207,0.000,0.000,0.113,0.000,0.094,0.000,0.000
5925,2415.547,0.000,0.208,0.000,0.000,0.115,0.000,0.093,0.000,0.000
5926,2415.974,0.000,0.209,0.000,0.000,0.117,0.000,0.093,0.000,0.000
5927,2416.401,0.000,0.210,0.000,0.000,0.118,0.000,0.092,0.000,0.000
5928,2416.828,0.673,0.211,0.000,0.000,0.120,0.000,0.091,0.000,0.000
5929,2417.255,0.000,0.212,0.000,0.000,0.122,0.000,0.091,0.000,0.000
5930,2417.681,0.000,0.213,0.000,0.000,0.123,0.000,0.090,0.000,0.000
5931,2418.108,1.347,0.214,0.000,0.000,0.125,0.000,0.090,0.000,0.000
5932,2418.535,2.215,0.215,0.000,0.000,0.127,0.000,0.089,0.000,0.000
5933,2418.962,0.000,0.216,0.000,0.000,0.128,0.000,0.088,0.000,0.000
5934,2419.389,0.000,0.217,0.000,0.000,0.130,0.000,0.088,0.000,0.000
5935,2419.815,0.000,0.219,0.000,0.000,0.131,0.000,0.087,0.000,0.000
5936,2420.242,0.508,0.220,0.000,0.000,0.133,0.000,0.086,0.000,0.000
5937,2420.669,0.000,0.221,0.000,0.000,0.135,0.000,0.086,0.000,0.000
5938,2421.096,0.000,0.222,0.000,0.000,0.136,0.000,0.085,0.000,0.000
5939,2421.523,0.000,0.223,0.000,0.000,0.138,0.000,0.085,0.000,0.000
5940,2421.949,0.589,0.224,0.000,0.000,0.140,0.000,0.084,0.000,0.000
5941,2422.376,0.000,0.225,0.000,0.000,0.141,0.000,0.083,0.000,0.000
5942,2422.803,0.000,0.226,0.000,0.000,0.143,0.000,0.083,0.000,0.000
5943,2423.230,0.000,0.227,0.000,0.000,0.145,0.000,0.082,0.000,0.000
5944,2423.657,0.000,0.228,0.000,0.000,0.146,0.000,0.082,0.000,0.000
5945,2424.083,0.000,0.229,0.000,0.000,0.148,0.000,0.081,0.000,0.000
5946,2424.510,0.000,0.230,0.000,0.000,0.150,0.000,0.080,0.000,0.000
5947,2424.937,0.000,0.231,0.000,0.000,0.151,0.000,0.080,0.000,0.000
5948,2425.364,0.631,0.232,0.000,0.000,0.153,0.000,0.079,0.000,0.000
5949,2425.791,0.000,0.233,0.000,0.000,0.155,0.000,0.079,0.000,0.000
5950,2426.218,0.000,0.234,0.000,0.000,0.156,0.000,0.078,0.000,0.000
5951,2426.644,0.000,0.235,0.000,0.000,0.158,0.000,0.078,0.000,0.000
5952,2427.071,0.612,0.237,0.000,0.000,0.159,0.000,0.077,0.000,0.000
5953,2427.498,0.000,0.238,0.000,0.000,0.161,0.000,0.076,0.000,0.000
5954,2427.925,0.000,0.239,0.000,0.000,0.163,0.000,0.076,0.000,0.000
5955,2428.352,0.000,0.240,0.000,0.000,0.164,0.000,0.075,0.000,0.000
5956,2428.779,0.000,0.241,0.000,0.000,0.166,0.000,0.075,0.000,0.000
5957,2429.205,0.507,0.242,0.000,0.000,0.167,0.000,0.074,0.000,0.000
5958,2429.632,1.541,0.243,0.000,0.000,0.169,0.000,0.074,0.000,0.000
5959,2430.059,0.000,0.244,0.000,0.000,0.170,0.000,0.073,0.000,0.000
5960,2430.486,0.685,0.245,0.000,0.000,0.172,0.000,0.073,0.000,0.000
5961,2430.913,2.775,0.246,0.000,0.000,0.174,0.000,0.072,0.000,0.000
5962,2431.340,0.000,0.247,0.000,0.000,0.175,0.000,0.072,0.000,0.000
5963,2431.766,0.000,0.248,0.000,0.000,0.177,0.000,0.071,0.000,0.000
5964,2432.193,0.504,0.249,0.000,0.000,0.178,0.000,0.071,0.000,0.000
5965,2432.620,1.588,0.250,0.000,0.000,0.179,0.000,0.070,0.000,0.000
5966,2433.047,0.000,0.250,0.000,0.000,0.181,0.000,0.070,0.000,0.000
5967,2433.474,0.585,0.251,0.000,0.000,0.182,0.000,0.069,0.000,0.000
5968,2433.901,0.000,0.252,0.000,0.000,0.184,0.000,0.069,0.000,0.000
5969,2434.328,0.000,0.253,0.000,0.000,0.185,0.000,0.068,0.000,0.000
5970,2434.755,1.598,0.254,0.000,0.000,0.186,0.000,0.068,0.000,0.000
5971,2435.181,0.407,0.255,0.000,0.000,0.188,0.000,0.067,0.000,0.000
5972,2435.608,0.741,0.256,0.000,0.000,0.189,0.000,0.067,0.000,0.000
5973,2436.035,0.474,0.257,0.000,0.000,0.190,0.000,0.066,0.000,0.000
5974,2436.462,0.000,0.257,0.000,0.000,0.192,0.000,0.066,0.000,0.000
5975,2436.889,0.000,0.258,0.000,0.000,0.193,0.000,0.065,0.000,0.000
5976,2437.316,0.000,0.259,0.000,0.000,0.194,0.000,0.065,0.000,0.000
5977,2437.743,0.650,0.260,0.000,0.000,0.195,0.000,0.064,0.000,0.000
5978,2438.170,0.000,0.260,0.000,0.000,0.197,0.000,0.064,0.000,0.000
5979,2438.596,1.439,0.261,0.000,0.000,0.198,0.000,0.063,0.000,0.000
5980,2439.023,0.445,0.262,0.000,0.000,0.199,0.000,0.063,0.000,0.000
5981,2439.450,0.000,0.263,0.000,0.000,0.200,0.000,0.062,0.000,0.000
5982,2439.877,0.000,0.263,0.000,0.000,0.201,0.000,0.062,0.000,0.000
5983,2440.304,0.000,0.264,0.000,0.000,0.202,0.000,0.062,0.000,0.000
5984,2440.731,0.000,0.264,0.000,0.000,0.203,0.000,0.061,0.000,0.000
5985,2441.158,0.662,0.265,0.000,0.000,0.204,0.000,0.061,0.000,0.000
5986,2441.585,0.632,0.266,0.000,0.000,0.205,0.000,0.060,0.000,0.000
5987,2442.012,0.000,0.266,0.000,0.000,0.206,0.000,0.060,0.000,0.000
5988,2442.438,0.437,0.267,0.000,0.000,0.207,0.000,0.059,0.000,0.000
5989,2442.865,0.473,0.267,0.000,0.000,0.208,0.000,0.059,0.000,0.000
5990,2443.292,0.000,0.268,0.000,0.000,0.209,0.000,0.059,0.000,0.000
5991,2443.719,0.000,0.268,0.000,0.000,0.210,0.000,0.058,0.000,0.000
5992,2444.146,0.000,0.268,0.000,0.000,0.211,0.000,0.058,0.000,0.000
5993,2444.573,0.000,0.269,0.000,0.000,0.212,0.000,0.057,0.000,0.000
5994,2445.000,0.000,0.269,0.000,0.000,0.212,0.000,0.057,0.000,0.000
5995,2445.427,0.000,0.270,0.000,0.000,0.213,0.000,0.056,0.000,0.000
5996,2445.854,0.872,0.270,0.000,0.000,0.214,0.000,0.056,0.000,0.000
5997,2446.281,0.000,0.270,0.000,0.000,0.214,0.000,0.056,0.000,0.000
5998,2446.708,0.803,0.270,0.000,0.000,0.215,0.000,0.055,0.000,0.000
5999,2447.134,0.000,0.271,0.000,0.000,0.216,0.000,0.055,0.000,0.000
6000,2447.561,0.502,0.271,0.000,0.000,0.216,0.000,0.055,0.000,0.000
6001,2447.988,0.000,0.271,0.000,0.000,0.217,0.000,0.054,0.000,0.000
6002,2448.415,0.633,0.271,0.000,0.000,0.217,0.000,0.054,0.000,0.000
6003,2448.842,0.000,0.271,0.000,0.000,0.218,0.000,0.053,0.000,0.000
6004,2449.269,0.000,0.271,0.000,0.000,0.218,0.000,0.053,0.000,0.000
6005,2449.696,0.000,0.271,0.000,0.000,0.219,0.000,0.053,0.000,0.000
6006,2450.123,0.000,0.271,0.000,0.000,0.219,0.000,0.052,0.000,0.000
6007,2450.550,0.549,0.271,0.000,0.000,0.219,0.000,0.052,0.000,0.000
6008,2450.977,0.000,0.271,0.000,0.000,0.220,0.000,0.052,0.000,0.000
6009,2451.404,0.000,0.271,0.000,0.000,0.220,0.000,0.051,0.000,0.000
6010,2451.831,0.000,0.271,0.000,0.000,0.220,0.000,0.051,0.000,0.000
6011,2452.258,0.000,0.271,0.000,0.000,0.221,0.000,0.050,0.000,0.000
6012,2452.685,0.595,0.271,0.000,0.000,0.221,0.000,0.050,0.000,0.000
6013,2453.112,0.000,0.271,0.000,0.000,0.221,0.000,0.050,0.000,0.000
6014,2453.539,0.000,0.270,0.000,0.000,0.221,0.000,0.049,0.000,0.000
6015,2453.966,0.550,0.270,0.000,0.000,0.221,0.000,0.049,0.000,0.000
6016,2454.392,0.000,0.270,0.000,0.000,0.221,0.000,0.049,0.000,0.000
6017,2454.819,0.000,0.269,0.000,0.000,0.221,0.000,0.048,0.000,0.000
6018,2455.246,0.000,0.269,0.000,0.000,0.221,0.000,0.048,0.000,0.000
6019,2455.673,0.000,0.269,0.000,0.000,0.221,0.000,0.048,0.000,0.000
6020,2456.100,0.000,0.268,0.000,0.000,0.221,0.000,0.047,0.000,0.000
6021,2456.527,0.775,0.268,0.000,0.000,0.221,0.000,0.047,0.000,0.000
6022,2456.954,0.000,0.267,0.000,0.000,0.221,0.000,0.047,0.000,0.000
6023,2457.381,0.000,0.267,0.000,0.000,0.220,0.000,0.046,0.000,0.000
6024,2457.808,0.606,0.266,0.000,0.000,0.220,0.000,0.046,0.000,0.000
6025,2458.235,0.880,0.266,0.000,0.000,0.220,0.000,0.046,0.000,0.000
6026,2458.662,0.000,0.265,0.000,0.000,0.220,0.000,0.045,0.000,0.000
6027,2459.089,1.614,0.264,0.000,0.000,0.219,0.000,0.045,0.000,0.000
6028,2459.516,2.911,0.264,0.000,0.000,0.219,0.000,0.045,0.000,0.000
6029,2459.943,0.681,0.263,0.000,0.000,0.219,0.000,0.044,0.000,0.000
6030,2460.370,0.717,0.262,0.000,0.000,0.218,0.000,0.044,0.000,0.000
6031,2460.797,0.664,0.262,0.000,0.000,0.218,0.000,0.044,0.000,0.000
6032,2461.224,0.000,0.261,0.000,0.000,0.217,0.000,0.044,0.000,0.000
6033,2461.651,0.622,0.260,0.000,0.000,0.217,0.000,0.043,0.000,0.000
6034,2462.078,0.000,0.259,0.000,0.000,0.216,0.000,0.043,0.000,0.000
6035,2462.505,0.000,0.258,0.000,0.000,0.216,0.000,0.043,0.000,0.000
6036,2462.932,0.438,0.257,0.000,0.000,0.215,0.000,0.042,0.000,0.000
6037,2463.359,0.000,0.256,0.000,0.000,0.214,0.000,0.042,0.000,0.000
6038,2463.786,0.789,0.255,0.000,0.000,0.214,0.000,0.042,0.000,0.000
6039,2464.213,1.769,0.254,0.000,0.000,0.213,0.000,0.042,0.000,0.000
6040,2464.640,0.000,0.253,0.000,0.000,0.212,0.000,0.041,0.000,0.000
6041,2465.067,0.679,0.252,0.000,0.000,0.211,0.000,0.041,0.000,0.000
6042,2465.494,0.000,0.251,0.000,0.000,0.210,0.000,0.041,0.000,0.000
6043,2465.921,0.000,0.250,0.000,0.000,0.210,0.000,0.040,0.000,0.000
6044,2466.348,0.000,0.249,0.000,0.000,0.209,0.000,0.040,0.000,0.000
6045,2466.775,0.000,0.248,0.000,0.000,0.208,0.000,0.040,0.000,0.000
6046,2467.202,0.000,0.247,0.000,0.000,0.207,0.000,0.040,0.000,0.000
6047,2467.629,0.000,0.245,0.000,0.000,0.206,0.000,0.039,0.000,0.000
6048,2468.056,0.669,0.244,0.000,0.000,0.205,0.000,0.039,0.000,0.000
6049,2468.483,0.000,0.243,0.000,0.000,0.204,0.000,0.039,0.000,0.000
6050,2468.910,1.944,0.241,0.000,0.000,0.203,0.000,0.039,0.000,0.000
6051,2469.337,0.000,0.240,0.000,0.000,0.202,0.000,0.038,0.000,0.000
6052,2469.764,0.000,0.239,0.000,0.000,0.201,0.000,0.038,0.000,0.000
6053,2470.191,0.543,0.237,0.000,0.000,0.200,0.000,0.038,0.000,0.000
6054,2470.618,0.000,0.236,0.000,0.000,0.199,0.000,0.037,0.000,0.000
6055,2471.045,0.000,0.235,0.000,0.000,0.197,0.000,0.037,0.000,0.000
6056,2471.472,0.000,0.233,0.000,0.000,0.196,0.000,0.037,0.000,0.000
6057,2471.899,0.700,0.232,0.000,0.000,0.195,0.000,0.037,0.000,0.000
6058,2472.326,0.000,0.230,0.000,0.000,0.194,0.000,0.036,0.000,0.000
6059,2472.753,0.813,0.229,0.000,0.000,0.193,0.000,0.036,0.000,0.000
6060,2473.180,2.728,0.227,0.000,0.000,0.191,0.000,0.036,0.000,0.000
6061,2473.607,0.505,0.226,0.000,0.000,0.190,0.000,0.036,0.000,0.000
6062,2474.034,0.553,0.224,0.000,0.000,0.189,0.000,0.036,0.000,0.000
6063,2474.461,0.000,0.223,0.000,0.000,0.187,0.000,0.035,0.000,0.000
6064,2474.888,0.000,0.221,0.000,0.000,0.186,0.000,0.035,0.000,0.000
6065,2475.315,0.787,0.219,0.000,0.000,0.185,0.000,0.035,0.000,0.000
6066,2475.742,0.000,0.218,0.000,0.000,0.183,0.000,0.035,0.000,0.000
6067,2476.170,0.000,0.216,0.000,0.000,0.182,0.000,0.034,0.000,0.000
6068,2476.597,0.753,0.214,0.000,0.000,0.180,0.000,0.034,0.000,0.000
6069,2477.024,0.000,0.213,0.000,0.000,0.179,0.000,0.034,0.000,0.000
6070,2477.451,0.786,0.211,0.000,0.000,0.177,0.000,0.034,0.000,0.000
6071,2477.878,0.000,0.209,0.000,0.000,0.176,0.000,0.033,0.000,0.000
6072,2478.305,0.000,0.208,0.000,0.000,0.174,0.000,0.033,0.000,0.000
6073,2478.732,1.787,0.206,0.000,0.000,0.173,0.000,0.033,0.000,0.000
6074,2479.159,0.000,0.204,0.000,0.000,0.171,0.000,0.033,0.000,0.000
6075,2479.586,0.000,0.202,0.000,0.000,0.170,0.000,0.033,0.000,0.000
6076,2480.013,0.677,0.201,0.000,0.000,0.168,0.000,0.032,0.000,0.000
6077,2480.440,0.630,0.199,0.000,0.000,0.167,0.000,0.032,0.000,0.000
6078,2480.867,0.000,0.197,0.000,0.000,0.165,0.000,0.032,0.000,0.000
6079,2481.294,0.749,0.195,0.000,0.000,0.164,0.000,0.032,0.000,0.000
6080,2481.721,0.000,0.194,0.000,0.000,0.162,0.000,0.032,0.000,0.000
6081,2482.148,0.762,0.192,0.000,0.000,0.160,0.000,0.031,0.000,0.000
6082,2482.575,0.000,0.190,0.000,0.000,0.159,0.000,0.031,0.000,0.000
6083,2483.003,0.000,0.188,0.000,0.000,0.157,0.000,0.031,0.000,0.000
6084,2483.430,0.699,0.186,0.000,0.000,0.156,0.000,0.031,0.000,0.000
6085,2483.857,0.000,0.185,0.000,0.000,0.154,0.000,0.031,0.000,0.000
6086,2484.284,0.000,0.183,0.000,0.000,0.152,0.000,0.030,0.000,0.000
6087,2484.711,0.000,0.181,0.000,0.000,0.151,0.000,0.030,0.000,0.000
6088,2485.138,0.000,0.179,0.000,0.000,0.149,0.000,0.030,0.000,0.000
6089,2485.565,0.000,0.177,0.000,0.000,0.147,0.000,0.030,0.000,0.000
6090,2485.992,0.711,0.175,0.000,0.000,0.146,0.000,0.030,0.000,0.000
6091,2486.419,0.000,0.173,0.000,0.000,0.144,0.000,0.030,0.000,0.000
6092,2486.846,0.000,0.172,0.000,0.000,0.142,0.000,0.029,0.000,0.000
6093,2487.273,0.458,0.170,0.000,0.000,0.141,0.000,0.029,0.000,0.000
6094,2487.700,0.000,0.168,0.000,0.000,0.139,0.000,0.029,0.000,0.000
6095,2488.128,0.000,0.166,0.000,0.000,0.137,0.000,0.029,0.000,0.000
6096,2488.555,0.787,0.164,0.000,0.000,0.136,0.000,0.029,0.000,0.000
6097,2488.982,0.000,0.162,0.000,0.000,0.134,0.000,0.028,0.000,0.000
6098,2489.409,0.000,0.161,0.000,0.000,0.132,0.000,0.028,0.000,0.000
6099,2489.836,0.748,0.159,0.000,0.000,0.131,0.000,0.028,0.000,0.000
6100,2490.263,0.639,0.157,0.000,0.000,0.129,0.000,0.028,0.000,0.000
6101,2490.690,0.000,0.155,0.000,0.000,0.127,0.000,0.028,0.000,0.000
6102,2491.117,0.000,0.153,0.000,0.000,0.126,0.000,0.028,0.000,0.000
6103,2491.544,0.735,0.151,0.000,0.000,0.124,0.000,0.027,0.000,0.000
6104,2491.971,0.000,0.150,0.000,0.000,0.122,0.000,0.027,0.000,0.000
6105,2492.399,0.000,0.148,0.000,0.000,0.121,0.000,0.027,0.000,0.000
6106,2492.826,0.000,0.146,0.000,0.000,0.119,0.000,0.027,0.000,0.000
6107,2493.253,0.000,0.144,0.000,0.000,0.117,0.000,0.027,0.000,0.000
6108,2493.680,0.000,0.142,0.000,0.000,0.116,0.000,0.027,0.000,0.000
6109,2494.107,0.000,0.141,0.000,0.000,0.114,0.000,0.027,0.000,0.000
6110,2494.534,0.695,0.139,0.000,0.000,0.112,0.000,0.026,0.000,0.000
6111,2494.961,0.580,0.137,0.000,0.000,0.111,0.000,0.026,0.000,0.000
6112,2495.388,1.730,0.135,0.000,0.000,0.109,0.000,0.026,0.000,0.000
6113,2495.816,0.573,0.133,0.000,0.000,0.107,0.000,0.026,0.000,0.000
6114,2496.243,1.654,0.132,0.000,0.000,0.106,0.000,0.026,0.000,0.000
6115,2496.670,0.000,0.130,0.000,0.000,0.104,0.000,0.026,0.000,0.000
6116,2497.097,0.682,0.128,0.000,0.000,0.103,0.000,0.026,0.000,0.000
6117,2497.524,0.000,0.127,0.000,0.000,0.101,0.000,0.025,0.000,0.000
6118,2497.951,0.694,0.125,0.000,0.000,0.099,0.000,0.025,0.000,0.000
6119,2498.378,0.000,0.123,0.000,0.000,0.098,0.000,0.025,0.000,0.000
6120,2498.805,1.732,0.121,0.000,0.000,0.096,0.000,0.025,0.000,0.000
6121,2499.233,0.000,0.120,0.000,0.000,0.095,0.000,0.025,0.000,0.000
6122,2499.660,0.861,0.118,0.000,0.000,0.093,0.000,0.025,0.000,0.000
6123,2500.087,0.000,0.117,0.000,0.000,0.092,0.000,0.025,0.000,0.000
6124,2500.514,0.000,0.115,0.000,0.000,0.090,0.000,0.025,0.000,0.000
6125,2500.941,0.000,0.113,0.000,0.000,0.089,0.000,0.025,0.000,0.000
6126,2501.368,0.000,0.112,0.000,0.000,0.087,0.000,0.024,0.000,0.000
6127,2501.796,0.000,0.110,0.000,0.000,0.086,0.000,0.024,0.000,0.000
6128,2502.223,0.781,0.109,0.000,0.000,0.084,0.000,0.024,0.000,0.000
6129,2502.650,0.000,0.107,0.000,0.000,0.083,0.000,0.024,0.000,0.000
6130,2503.077,0.000,0.105,0.000,0.000,0.081,0.000,0.024,0.000,0.000
6131,2503.504,0.000,0.104,0.000,0.000,0.080,0.000,0.024,0.000,0.000
6132,2503.931,0.804,0.102,0.000,0.000,0.079,0.000,0.024,0.000,0.000
6133,2504.358,0.000,0.101,0.000,0.000,0.077,0.000,0.024,0.000,0.000
6134,2504.786,0.794,0.099,0.000,0.000,0.076,0.000,0.024,0.000,0.000
6135,2505.213,0.000,0.098,0.000,0.000,0.074,0.000,0.024,0.000,0.000
6136,2505.640,0.000,0.097,0.000,0.000,0.073,0.000,0.024,0.000,0.000
6137,2506.067,0.715,0.095,0.000,0.000,0.072,0.000,0.024,0.000,0.000
6138,2506.494,0.000,0.094,0.000,0.000,0.070,0.000,0.023,0.000,0.000
6139,2506.921,0.000,0.092,0.000,0.000,0.069,0.000,0.023,0.000,0.000
6140,2507.349,0.787,0.091,0.000,0.000,0.068,0.000,0.023,0.000,0.000
6141,2507.776,0.000,0.090,0.000,0.000,0.066,0.000,0.023,0.000,0.000
6142,2508.203,0.000,0.088,0.000,0.000,0.065,0.000,0.023,0.000,0.000
6143,2508.630,0.698,0.087,0.000,0.000,0.064,0.000,0.023,0.000,0.000
6144,2509.057,0.000,0.086,0.000,0.000,0.063,0.000,0.023,0.000,0.000
6145,2509.484,0.000,0.084,0.000,0.000,0.061,0.000,0.023,0.000,0.000
6146,2509.912,0.000,0.083,0.000,0.000,0.060,0.000,0.023,0.000,0.000
6147,2510.339,0.000,0.082,0.000,0.000,0.059,0.000,0.023,0.000,0.000
6148,2510.766,0.000,0.081,0.000,0.000,0.058,0.000,0.023,0.000,0.000
6149,2511.193,0.000,0.079,0.000,0.000,0.057,0.000,0.023,0.000,0.000
6150,2511.620,0.835,0.078,0.000,0.000,0.055,0.000,0.023,0.000,0.000
6151,2512.048,0.000,0.077,0.000,0.000,0.054,0.000,0.023,0.000,0.000
6152,2512.475,0.000,0.076,0.000,0.000,0.053,0.000,0.023,0.000,0.000
6153,2512.902,0.000,0.075,0.000,0.000,0.052,0.000,0.023,0.000,0.000
6154,2513.329,0.000,0.074,0.000,0.000,0.051,0.000,0.023,0.000,0.000
6155,2513.756,0.000,0.073,0.000,0.000,0.050,0.000,0.023,0.000,0.000
6156,2514.184,0.000,0.072,0.000,0.000,0.049,0.000,0.023,0.000,0.000
6157,2514.611,2.838,0.071,0.000,0.000,0.048,0.000,0.023,0.000,0.000
6158,2515.038,0.780,0.070,0.000,0.000,0.047,0.000,0.023,0.000,0.000
6159,2515.465,1.882,0.069,0.000,0.000,0.046,0.000,0.023,0.000,0.000
6160,2515.892,0.888,0.068,0.000,0.000,0.045,0.000,0.023,0.000,0.000
6161,2516.320,0.000,0.067,0.000,0.000,0.044,0.000,0.023,0.000,0.000
6162,2516.747,0.716,0.066,0.000,0.000,0.043,0.000,0.023,0.000,0.000
6163,2517.174,0.673,0.065,0.000,0.000,0.042,0.000,0.023,0.000,0.000
6164,2517.601,0.000,0.064,0.000,0.000,0.041,0.000,0.023,0.000,0.000
6165,2518.028,0.000,0.063,0.000,0.000,0.040,0.000,0.023,0.000,0.000
6166,2518.456,0.700,0.062,0.000,0.000,0.039,0.000,0.023,0.000,0.000
6167,2518.883,0.574,0.061,0.000,0.000,0.038,0.000,0.023,0.000,0.000
6168,2519.310,0.000,0.060,0.000,0.000,0.037,0.000,0.023,0.000,0.000
6169,2519.737,0.000,0.060,0.000,0.000,0.036,0.000,0.023,0.000,0.000
6170,2520.165,0.000,0.059,0.000,0.000,0.035,0.000,0.024,0.000,0.000
6171,2520.592,0.601,0.058,0.000,0.000,0.035,0.000,0.024,0.000,0.000
6172,2521.019,0.851,0.057,0.000,0.000,0.034,0.000,0.024,0.000,0.000
6173,2521.446,0.000,0.057,0.000,0.000,0.033,0.000,0.024,0.000,0.000
6174,2521.873,0.000,0.056,0.000,0.000,0.032,0.000,0.024,0.000,0.000
6175,2522.301,0.000,0.055,0.000,0.000,0.031,0.000,0.024,0.000,0.000
6176,2522.728,0.000,0.055,0.000,0.000,0.031,0.000,0.024,0.000,0.000
6177,2523.155,0.000,0.054,0.000,0.000,0.030,0.000,0.024,0.000,0.000
6178,2523.582,0.000,0.054,0.000,0.000,0.029,0.000,0.024,0.000,0.000
6179,2524.010,1.867,0.053,0.000,0.000,0.028,0.000,0.025,0.000,0.000
6180,2524.437,0.000,0.052,0.000,0.000,0.028,0.000,0.025,0.000,0.000
6181,2524.864,0.000,0.052,0.000,0.000,0.027,0.000,0.025,0.000,0.000
6182,2525.291,0.000,0.051,0.000,0.000,0.026,0.000,0.025,0.000,0.000
6183,2525.719,0.000,0.051,0.000,0.000,0.026,0.000,0.025,0.000,0.000
6184,2526.146,0.000,0.050,0.000,0.000,0.025,0.000,0.026,0.000,0.000
6185,2526.573,0.776,0.050,0.000,0.000,0.024,0.000,0.026,0.000,0.000
6186,2527.000,0.000,0.050,0.000,0.000,0.024,0.000,0.026,0.000,0.000
6187,2527.428,0.000,0.049,0.000,0.000,0.023,0.000,0.026,0.000,0.000
6188,2527.855,0.586,0.049,0.000,0.000,0.022,0.000,0.026,0.000,0.000
6189,2528.282,0.000,0.048,0.000,0.000,0.022,0.000,0.027,0.000,0.000
6190,2528.709,0.000,0.048,0.000,0.000,0.021,0.000,0.027,0.000,0.000
6191,2529.137,0.854,0.048,0.000,0.000,0.021,0.000,0.027,0.000,0.000
6192,2529.564,0.000,0.048,0.000,0.000,0.020,0.000,0.027,0.000,0.000
6193,2529.991,0.000,0.047,0.000,0.000,0.020,0.000,0.028,0.000,0.000
6194,2530.418,0.000,0.047,0.000,0.000,0.019,0.000,0.028,0.000,0.000
6195,2530.846,0.000,0.047,0.000,0.000,0.019,0.000,0.028,0.000,0.000
6196,2531.273,0.000,0.047,0.000,0.000,0.018,0.000,0.029,0.000,0.000
6197,2531.700,0.000,0.046,0.000,0.000,0.018,0.000,0.029,0.000,0.000
6198,2532.127,0.000,0.046,0.000,0.000,0.017,0.000,0.029,0.000,0.000
6199,2532.555,0.000,0.046,0.000,0.000,0.017,0.000,0.030,0.000,0.000
6200,2532.982,0.000,0.046,0.000,0.000,0.016,0.000,0.030,0.000,0.000
6201,2533.409,0.000,0.046,0.000,0.000,0.016,0.000,0.030,0.000,0.000
6202,2533.836,0.000,0.046,0.000,0.000,0.015,0.000,0.031,0.000,0.000
6203,2534.264,0.000,0.046,0.000,0.000,0.015,0.000,0.031,0.000,0.000
6204,2534.691,0.761,0.046,0.000,0.000,0.014,0.000,0.032,0.000,0.000
6205,2535.118,0.000,0.046,0.000,0.000,0.014,0.000,0.032,0.000,0.000
6206,2535.546,0.000,0.046,0.000,0.000,0.014,0.000,0.032,0.000,0.000
6207,2535.973,0.000,0.046,0.000,0.000,0.013,0.000,0.033,0.000,0.000
6208,2536.400,0.000,0.046,0.000,0.000,0.013,0.000,0.033,0.000,0.000
6209,2536.827,0.000,0.046,0.000,0.000,0.012,0.000,0.034,0.000,0.000
6210,2537.255,0.703,0.046,0.000,0.000,0.012,0.000,0.034,0.000,0.000
6211,2537.682,0.000,0.046,0.000,0.000,0.012,0.000,0.035,0.000,0.000
6212,2538.109,0.000,0.047,0.000,0.000,0.011,0.000,0.035,0.000,0.000
6213,2538.537,0.720,0.047,0.000,0.000,0.011,0.000,0.036,0.000,0.000
6214,2538.964,0.567,0.047,0.000,0.000,0.011,0.000,0.036,0.000,0.000
6215,2539.391,0.536,0.047,0.000,0.000,0.010,0.000,0.037,0.000,0.000
6216,2539.818,0.000,0.047,0.000,0.000,0.010,0.000,0.038,0.000,0.000
6217,2540.246,0.726,0.048,0.000,0.000,0.010,0.000,0.038,0.000,0.000
6218,2540.673,0.000,0.048,0.000,0.000,0.009,0.000,0.039,0.000,0.000
6219,2541.100,0.000,0.048,0.000,0.000,0.009,0.000,0.039,0.000,0.000
6220,2541.528,0.000,0.049,0.000,0.000,0.009,0.000,0.040,0.000,0.000
6221,2541.955,0.000,0.049,0.000,0.000,0.009,0.000,0.041,0.000,0.000
6222,2542.382,0.000,0.050,0.000,0.000,0.008,0.000,0.041,0.000,0.000
6223,2542.809,0.000,0.050,0.000,0.000,0.008,0.000,0.042,0.000,0.000
6224,2543.237,1.424,0.050,0.000,0.000,0.008,0.000,0.043,0.000,0.000
6225,2543.664,0.000,0.051,0.000,0.000,0.007,0.000,0.043,0.000,0.000
6226,2544.091,0.594,0.051,0.000,0.000,0.007,0.000,0.044,0.000,0.000
6227,2544.519,0.000,0.052,0.000,0.000,0.007,0.000,0.045,0.000,0.000
6228,2544.946,0.000,0.053,0.000,0.000,0.007,0.000,0.046,0.000,0.000
6229,2545.373,0.000,0.053,0.000,0.000,0.007,0.000,0.047,0.000,0.000
6230,2545.801,0.000,0.054,0.000,0.000,0.006,0.000,0.047,0.000,0.000
6231,2546.228,0.000,0.054,0.000,0.000,0.006,0.000,0.048,0.000,0.000
6232,2546.655,0.000,0.055,0.000,0.000,0.006,0.000,0.049,0.000,0.000
6233,2547.083,1.664,0.056,0.000,0.000,0.006,0.000,0.050,0.000,0.000
6234,2547.510,0.000,0.056,0.000,0.000,0.006,0.000,0.051,0.000,0.000
6235,2547.937,0.000,0.057,0.000,0.000,0.005,0.000,0.052,0.000,0.000
6236,2548.365,0.000,0.058,0.000,0.000,0.005,0.000,0.053,0.000,0.000
6237,2548.792,0.000,0.059,0.000,0.000,0.005,0.000,0.054,0.000,0.000
6238,2549.219,0.000,0.060,0.000,0.000,0.005,0.000,0.055,0.000,0.000
6239,2549.647,0.469,0.060,0.000,0.000,0.005,0.000,0.056,0.000,0.000
6240,2550.074,0.000,0.061,0.000,0.000,0.005,0.000,0.057,0.000,0.000
6241,2550.501,0.000,0.062,0.000,0.000,0.004,0.000,0.058,0.000,0.000
6242,2550.929,0.000,0.063,0.000,0.000,0.004,0.000,0.059,0.000,0.000
6243,2551.356,0.000,0.064,0.000,0.000,0.004,0.000,0.060,0.000,0.000
6244,2551.783,0.565,0.065,0.000,0.000,0.004,0.000,0.061,0.000,0.000
6245,2552.211,0.000,0.066,0.000,0.000,0.004,0.000,0.062,0.000,0.000
6246,2552.638,0.000,0.067,0.000,0.000,0.004,0.000,0.063,0.000,0.000
6247,2553.065,0.000,0.068,0.000,0.000,0.004,0.000,0.064,0.000,0.000
6248,2553.493,0.000,0.069,0.000,0.000,0.003,0.000,0.066,0.000,0.000
6249,2553.920,0.000,0.070,0.000,0.000,0.003,0.000,0.067,0.000,0.000
6250,2554.347,0.000,0.071,0.000,0.000,0.003,0.000,0.068,0.000,0.000
6251,2554.775,0.000,0.072,0.000,0.000,0.003,0.000,0.069,0.000,0.000
6252,2555.202,0.000,0.074,0.000,0.000,0.003,0.000,0.071,0.000,0.000
6253,2555.629,0.000,0.075,0.000,0.000,0.003,0.000,0.072,0.000,0.000
6254,2556.057,0.257,0.076,0.000,0.000,0.003,0.000,0.073,0.000,0.000
6255,2556.484,1.313,0.077,0.000,0.000,0.003,0.000,0.075,0.000,0.000
6256,2556.911,0.000,0.079,0.000,0.000,0.003,0.000,0.076,0.000,0.000
6257,2557.339,0.729,0.080,0.000,0.000,0.002,0.000,0.077,0.000,0.000
6258,2557.766,0.000,0.081,0.000,0.000,0.002,0.000,0.079,0.000,0.000
6259,2558.193,0.000,0.083,0.000,0.000,0.002,0.000,0.080,0.000,0.000
6260,2558.621,0.000,0.084,0.000,0.000,0.002,0.000,0.082,0.000,0.000
6261,2559.048,0.000,0.085,0.000,0.000,0.002,0.000,0.083,0.000,0.000
6262,2559.476,0.494,0.087,0.000,0.000,0.002,0.000,0.085,0.000,0.000
6263,2559.903,0.000,0.088,0.000,0.000,0.002,0.000,0.086,0.000,0.000
6264,2560.330,0.000,0.090,0.000,0.000,0.002,0.000,0.088,0.000,0.000
6265,2560.758,0.449,0.091,0.000,0.000,0.002,0.000,0.089,0.000,0.000
6266,2561.185,0.000,0.093,0.000,0.000,0.002,0.000,0.091,0.000,0.000
6267,2561.612,0.000,0.094,0.000,0.000,0.002,0.000,0.093,0.000,0.000
6268,2562.040,1.620,0.096,0.000,0.000,0.002,0.000,0.094,0.000,0.000
6269,2562.467,1.801,0.098,0.000,0.000,0.002,0.000,0.096,0.000,0.000
6270,2562.894,0.000,0.099,0.000,0.000,0.001,0.000,0.098,0.000,0.000
6271,2563.322,0.455,0.101,0.000,0.000,0.001,0.000,0.099,0.000,0.000
6272,2563.749,0.544,0.103,0.000,0.000,0.001,0.000,0.101,0.000,0.000
6273,2564.177,0.000,0.104,0.000,0.000,0.001,0.000,0.103,0.000,0.000
6274,2564.604,0.000,0.106,0.000,0.000,0.001,0.000,0.105,0.000,0.000
6275,2565.031,0.000,0.108,0.000,0.000,0.001,0.000,0.107,0.000,0.000
6276,2565.459,0.000,0.110,0.000,0.000,0.001,0.000,0.108,0.000,0.000
6277,2565.886,0.480,0.111,0.000,0.000,0.001,0.000,0.110,0.000,0.000
6278,2566.313,0.405,0.113,0.000,0.000,0.001,0.000,0.112,0.000,0.000
6279,2566.741,0.348,0.115,0.000,0.000,0.001,0.000,0.114,0.000,0.000
6280,2567.168,0.000,0.117,0.000,0.000,0.001,0.000,0.116,0.000,0.000
6281,2567.596,0.000,0.119,0.000,0.000,0.001,0.000,0.118,0.000,0.000
6282,2568.023,0.000,0.121,0.000,0.000,0.001,0.000,0.120,0.000,0.000
6283,2568.450,0.509,0.123,0.000,0.000,0.001,0.000,0.122,0.000,0.000
6284,2568.878,0.000,0.125,0.000,0.000,0.001,0.000,0.124,0.000,0.000
6285,2569.305,0.000,0.127,0.000,0.000,0.001,0.000,0.126,0.000,0.000
6286,2569.733,0.358,0.129,0.000,0.000,0.001,0.000,0.128,0.000,0.000
6287,2570.160,0.169,0.131,0.000,0.000,0.001,0.000,0.130,0.000,0.000
6288,2570.587,0.000,0.133,0.000,0.000,0.001,0.000,0.132,0.000,0.000
6289,2571.015,0.485,0.135,0.000,0.000,0.001,0.000,0.134,0.000,0.000
6290,2571.442,0.000,0.137,0.000,0.000,0.001,0.000,0.136,0.000,0.000
6291,2571.870,0.000,0.139,0.000,0.000,0.001,0.000,0.139,0.000,0.000
6292,2572.297,0.000,0.141,0.000,0.000,0.001,0.000,0.141,0.000,0.000
6293,2572.724,0.000,0.144,0.000,0.000,0.001,0.000,0.143,0.000,0.000
6294,2573.152,1.336,0.146,0.000,0.000,0.001,0.000,0.145,0.000,0.000
6295,2573.579,0.568,0.148,0.000,0.000,0.001,0.000,0.147,0.000,0.000
6296,2574.007,0.127,0.150,0.000,0.000,0.000,0.000,0.150,0.000,0.000
6297,2574.434,0.000,0.152,0.000,0.000,0.000,0.000,0.152,0.000,0.000
6298,2574.862,0.273,0.155,0.000,0.000,0.000,0.000,0.154,0.000,0.000
6299,2575.289,0.000,0.157,0.000,0.000,0.000,0.000,0.157,0.000,0.000
6300,2575.716,0.000,0.159,0.000,0.000,0.000,0.000,0.159,0.000,0.000
6301,2576.144,0.385,0.162,0.000,0.000,0.000,0.000,0.161,0.000,0.000
6302,2576.571,0.000,0.164,0.000,0.000,0.000,0.000,0.164,0.000,0.000
6303,2576.999,0.000,0.166,0.000,0.000,0.000,0.000,0.166,0.000,0.000
6304,2577.426,0.058,0.169,0.000,0.000,0.000,0.000,0.168,0.000,0.000
6305,2577.853,0.000,0.171,0.000,0.000,0.000,0.000,0.171,0.000,0.000
6306,2578.281,0.000,0.173,0.000,0.000,0.000,0.000,0.173,0.000,0.000
6307,2578.708,0.000,0.176,0.000,0.000,0.000,0.000,0.175,0.000,0.000
6308,2579.136,0.000,0.178,0.000,0.000,0.000,0.000,0.178,0.000,0.000
6309,2579.563,0.000,0.181,0.000,0.000,0.000,0.000,0.180,0.000,0.000
6310,2579.991,0.273,0.183,0.000,0.000,0.000,0.000,0.183,0.000,0.000
6311,2580.418,1.499,0.186,0.000,0.000,0.000,0.000,0.185,0.000,0.000
6312,2580.845,0.000,0.188,0.000,0.000,0.000,0.000,0.188,0.000,0.000
6313,2581.273,0.204,0.190,0.000,0.000,0.000,0.000,0.190,0.000,0.000
6314,2581.700,0.072,0.193,0.000,0.000,0.000,0.000,0.193,0.000,0.000
6315,2582.128,0.000,0.195,0.000,0.000,0.000,0.000,0.195,0.000,0.000
6316,2582.555,0.000,0.198,0.000,0.000,0.000,0.000,0.198,0.000,0.000
6317,2582.983,1.326,0.200,0.000,0.000,0.000,0.000,0.200,0.000,0.000
6318,2583.410,0.000,0.203,0.000,0.000,0.000,0.000,0.203,0.000,0.000
6319,2583.838,0.421,0.205,0.000,0.000,0.000,0.000,0.205,0.000,0.000
6320,2584.265,0.358,0.208,0.000,0.000,0.000,0.000,0.208,0.000,0.000
6321,2584.692,0.000,0.211,0.000,0.000,0.000,0.000,0.210,0.000,0.000
6322,2585.120,0.000,0.213,0.000,0.000,0.000,0.000,0.213,0.000,0.000
6323,2585.547,0.301,0.216,0.000,0.000,0.000,0.000,0.215,0.000,0.000
6324,2585.975,0.358,0.218,0.000,0.000,0.000,0.000,0.218,0.000,0.000
6325,2586.402,0.203,0.221,0.000,0.000,0.000,0.000,0.221,0.000,0.000
6326,2586.830,1.114,0.223,0.000,0.000,0.000,0.000,0.223,0.000,0.000
6327,2587.257,0.000,0.226,0.000,0.000,0.000,0.000,0.226,0.000,0.000
6328,2587.685,2.281,0.228,0.000,0.000,0.000,0.000,0.228,0.000,0.000
6329,2588.112,0.001,0.231,0.000,0.000,0.000,0.000,0.231,0.000,0.000
6330,2588.539,0.000,0.233,0.000,0.000,0.000,0.000,0.233,0.000,0.000
6331,2588.967,1.824,0.236,0.000,0.000,0.000,0.000,0.236,0.000,0.000
6332,2589.394,1.236,0.238,0.000,0.000,0.000,0.000,0.238,0.000,0.000
6333,2589.822,0.000,0.241,0.000,0.000,0.000,0.000,0.241,0.000,0.000
6334,2590.249,0.000,0.243,0.000,0.000,0.000,0.000,0.243,0.000,0.000
6335,2590.677,0.000,0.246,0.000,0.000,0.000,0.000,0.246,0.000,0.000
6336,2591.104,0.137,0.248,0.000,0.000,0.000,0.000,0.248,0.000,0.000
6337,2591.532,0.076,0.251,0.000,0.000,0.000,0.000,0.251,0.000,0.000
6338,2591.959,2.245,0.253,0.000,0.000,0.000,0.000,0.253,0.000,0.000
6339,2592.387,0.374,0.256,0.000,0.000,0.000,0.000,0.256,0.000,0.000
6340,2592.814,0.000,0.258,0.000,0.000,0.000,0.000,0.258,0.000,0.000
6341,2593.242,0.044,0.261,0.000,0.000,0.000,0.000,0.261,0.000,0.000
6342,2593.669,0.942,0.263,0.000,0.000,0.000,0.000,0.263,0.000,0.000
6343,2594.097,0.939,0.266,0.000,0.000,0.000,0.000,0.266,0.000,0.000
6344,2594.524,0.000,0.268,0.000,0.000,0.000,0.000,0.268,0.000,0.000
6345,2594.952,0.000,0.271,0.000,0.000,0.000,0.000,0.270,0.000,0.000
6346,2595.379,1.766,0.273,0.000,0.000,0.000,0.000,0.273,0.000,0.000
6347,2595.806,0.000,0.275,0.000,0.000,0.000,0.000,0.275,0.000,0.000
6348,2596.234,0.000,0.278,0.000,0.000,0.000,0.000,0.278,0.000,0.000
6349,2596.661,0.000,0.280,0.000,0.000,0.000,0.000,0.280,0.000,0.000
6350,2597.089,1.183,0.282,0.000,0.000,0.000,0.000,0.282,0.000,0.000
6351,2597.516,0.000,0.285,0.000,0.000,0.000,0.000,0.285,0.000,0.000
6352,2597.944,0.811,0.287,0.000,0.000,0.000,0.000,0.287,0.000,0.000
6353,2598.371,0.000,0.289,0.000,0.000,0.000,0.000,0.289,0.000,0.000
6354,2598.799,0.000,0.291,0.000,0.000,0.000,0.000,0.291,0.000,0.000
6355,2599.226,0.000,0.293,0.000,0.000,0.000,0.000,0.293,0.000,0.000
6356,2599.654,0.144,0.296,0.000,0.000,0.000,0.000,0.296,0.000,0.000
6357,2600.081,0.000,0.298,0.000,0.000,0.000,0.000,0.298,0.000,0.000
6358,2600.509,0.000,0.300,0.000,0.000,0.000,0.000,0.300,0.000,0.000
6359,2600.936,0.668,0.302,0.000,0.000,0.000,0.000,0.302,0.000,0.000
6360,2601.364,0.000,0.304,0.000,0.000,0.000,0.000,0.304,0.000,0.000
6361,2601.791,3.091,0.306,0.000,0.000,0.000,0.000,0.306,0.000,0.000
6362,2602.219,0.000,0.308,0.000,0.000,0.000,0.000,0.308,0.000,0.000
6363,2602.646,0.000,0.310,0.000,0.000,0.000,0.000,0.310,0.000,0.000
6364,2603.074,0.657,0.312,0.000,0.000,0.000,0.000,0.312,0.000,0.000
6365,2603.501,0.069,0.314,0.000,0.000,0.000,0.000,0.314,0.000,0.000
6366,2603.929,1.313,0.316,0.000,0.000,0.000,0.000,0.316,0.000,0.000
6367,2604.356,0.000,0.318,0.000,0.000,0.000,0.000,0.318,0.000,0.000
6368,2604.784,1.204,0.319,0.000,0.000,0.000,0.000,0.319,0.000,0.000
6369,2605.211,2.126,0.321,0.000,0.000,0.000,0.000,0.321,0.000,0.000
6370,2605.639,0.000,0.323,0.000,0.000,0.000,0.000,0.323,0.000,0.000
6371,2606.066,0.000,0.325,0.000,0.000,0.000,0.000,0.325,0.000,0.000
6372,2606.494,0.000,0.326,0.000,0.000,0.000,0.000,0.326,0.000,0.000
6373,2606.921,1.050,0.328,0.000,0.000,0.000,0.000,0.328,0.000,0.000
6374,2607.349,0.935,0.330,0.000,0.000,0.000,0.000,0.330,0.000,0.000
6375,2607.777,0.000,0.331,0.000,0.000,0.000,0.000,0.331,0.000,0.000
6376,2608.204,0.666,0.333,0.000,0.000,0.000,0.000,0.333,0.000,0.000
6377,2608.632,0.000,0.334,0.000,0.000,0.000,0.000,0.334,0.000,0.000
6378,2609.059,0.861,0.336,0.000,0.000,0.000,0.000,0.336,0.000,0.000
6379,2609.487,0.000,0.337,0.000,0.000,0.000,0.000,0.337,0.000,0.000
6380,2609.914,0.088,0.338,0.000,0.000,0.000,0.000,0.338,0.000,0.000
6381,2610.342,0.212,0.340,0.000,0.000,0.000,0.000,0.340,0.000,0.000
6382,2610.769,0.380,0.341,0.000,0.000,0.000,0.000,0.341,0.000,0.000
6383,2611.197,0.729,0.342,0.000,0.000,0.000,0.000,0.342,0.000,0.000
6384,2611.624,0.000,0.343,0.000,0.000,0.000,0.000,0.343,0.000,0.000
6385,2612.052,0.000,0.344,0.000,0.000,0.000,0.000,0.344,0.000,0.000
6386,2612.479,0.107,0.345,0.000,0.000,0.000,0.000,0.345,0.000,0.000
6387,2612.907,0.026,0.346,0.000,0.000,0.000,0.000,0.346,0.000,0.000
6388,2613.334,0.000,0.347,0.000,0.000,0.000,0.000,0.347,0.000,0.000
6389,2613.762,1.213,0.348,0.000,0.000,0.000,0.000,0.348,0.000,0.000
6390,2614.189,2.637,0.349,0.000,0.000,0.000,0.000,0.349,0.000,0.000
6391,2614.617,1.930,0.350,0.000,0.000,0.000,0.000,0.350,0.000,0.000
6392,2615.045,0.000,0.351,0.000,0.000,0.000,0.000,0.351,0.000,0.000
6393,2615.472,0.000,0.352,0.000,0.000,0.000,0.000,0.352,0.000,0.000
6394,2615.900,0.000,0.352,0.000,0.000,0.000,0.000,0.352,0.000,0.000
6395,2616.327,0.000,0.353,0.000,0.000,0.000,0.000,0.353,0.000,0.000
6396,2616.755,0.000,0.354,0.000,0.000,0.000,0.000,0.353,0.000,0.000
6397,2617.182,0.000,0.354,0.000,0.000,0.000,0.000,0.354,0.000,0.000
6398,2617.610,0.651,0.355,0.000,0.000,0.000,0.000,0.355,0.000,0.000
6399,2618.037,0.000,0.355,0.000,0.000,0.000,0.000,0.355,0.000,0.000
6400,2618.465,0.000,0.355,0.000,0.000,0.000,0.000,0.355,0.000,0.000
6401,2618.892,0.000,0.356,0.000,0.000,0.000,0.000,0.356,0.000,0.000
6402,2619.320,1.133,0.356,0.000,0.000,0.000,0.000,0.356,0.000,0.000
6403,2619.748,3.083,0.356,0.000,0.000,0.000,0.000,0.356,0.000,0.000
6404,2620.175,0.000,0.356,0.000,0.000,0.000,0.000,0.356,0.000,0.000
6405,2620.603,0.000,0.357,0.000,0.000,0.000,0.000,0.357,0.000,0.000
6406,2621.030,1.967,0.357,0.000,0.000,0.000,0.000,0.357,0.000,0.000
6407,2621.458,0.000,0.357,0.000,0.000,0.000,0.000,0.357,0.000,0.000
6408,2621.885,0.830,0.357,0.000,0.000,0.000,0.000,0.357,0.000,0.000
6409,2622.313,2.131,0.357,0.000,0.000,0.000,0.000,0.357,0.000,0.000
6410,2622.740,0.000,0.356,0.000,0.000,0.000,0.000,0.356,0.000,0.000
6411,2623.168,0.000,0.356,0.000,0.000,0.000,0.000,0.356,0.000,0.000
6412,2623.596,0.000,0.356,0.000,0.000,0.000,0.000,0.356,0.000,0.000
6413,2624.023,0.000,0.356,0.000,0.000,0.000,0.000,0.356,0.000,0.000
6414,2624.451,0.000,0.355,0.000,0.000,0.000,0.000,0.355,0.000,0.000
6415,2624.878,0.000,0.355,0.000,0.000,0.000,0.000,0.355,0.000,0.000
6416,2625.306,0.000,0.355,0.000,0.000,0.000,0.000,0.355,0.000,0.000
6417,2625.733,0.000,0.354,0.000,0.000,0.000,0.000,0.354,0.000,0.000
6418,2626.161,0.000,0.354,0.000,0.000,0.000,0.000,0.354,0.000,0.000
6419,2626.589,1.739,0.353,0.000,0.000,0.000,0.000,0.353,0.000,0.000
6420,2627.016,2.856,0.352,0.000,0.000,0.000,0.000,0.352,0.000,0.000
6421,2627.444,0.000,0.352,0.000,0.000,0.000,0.000,0.352,0.000,0.000
6422,2627.871,0.000,0.351,0.000,0.000,0.000,0.000,0.351,0.000,0.000
6423,2628.299,0.000,0.350,0.000,0.000,0.000,0.000,0.350,0.000,0.000
6424,2628.726,0.677,0.349,0.000,0.000,0.000,0.000,0.349,0.000,0.000
6425,2629.154,0.152,0.348,0.000,0.000,0.000,0.000,0.348,0.000,0.000
6426,2629.582,1.628,0.348,0.000,0.000,0.000,0.000,0.348,0.000,0.000
6427,2630.009,2.317,0.347,0.000,0.000,0.000,0.000,0.347,0.000,0.000
6428,2630.437,0.000,0.346,0.000,0.000,0.000,0.000,0.346,0.000,0.000
6429,2630.864,0.970,0.344,0.000,0.000,0.000,0.000,0.344,0.000,0.000
6430,2631.292,0.000,0.343,0.000,0.000,0.000,0.000,0.343,0.000,0.000
6431,2631.720,0.000,0.342,0.000,0.000,0.000,0.000,0.342,0.000,0.000
6432,2632.147,0.015,0.341,0.000,0.000,0.000,0.000,0.341,0.000,0.000
6433,2632.575,1.087,0.340,0.000,0.000,0.000,0.000,0.340,0.000,0.000
6434,2633.002,0.009,0.338,0.000,0.000,0.000,0.000,0.338,0.000,0.000
6435,2633.430,0.000,0.337,0.000,0.000,0.000,0.000,0.337,0.000,0.000
6436,2633.857,0.000,0.336,0.000,0.000,0.000,0.000,0.336,0.000,0.000
6437,2634.285,1.403,0.334,0.000,0.000,0.000,0.000,0.334,0.000,0.000
6438,2634.713,0.852,0.333,0.000,0.000,0.000,0.000,0.333,0.000,0.000
6439,2635.140,1.056,0.331,0.000,0.000,0.000,0.000,0.331,0.000,0.000
6440,2635.568,0.849,0.330,0.000,0.000,0.000,0.000,0.330,0.000,0.000
6441,2635.995,0.000,0.328,0.000,0.000,0.000,0.000,0.328,0.000,0.000
6442,2636.423,1.174,0.327,0.000,0.000,0.000,0.000,0.327,0.000,0.000
6443,2636.851,0.000,0.325,0.000,0.000,0.000,0.000,0.325,0.000,0.000
6444,2637.278,0.000,0.323,0.000,0.000,0.000,0.000,0.323,0.000,0.000
6445,2637.706,0.000,0.321,0.000,0.000,0.000,0.000,0.321,0.000,0.000
6446,2638.134,0.113,0.320,0.000,0.000,0.000,0.000,0.320,0.000,0.000
6447,2638.561,3.192,0.318,0.000,0.000,0.000,0.000,0.318,0.000,0.000
6448,2638.989,0.242,0.316,0.000,0.000,0.000,0.000,0.316,0.000,0.000
6449,2639.416,1.866,0.314,0.000,0.000,0.000,0.000,0.314,0.000,0.000
6450,2639.844,0.000,0.312,0.000,0.000,0.000,0.000,0.312,0.000,0.000
6451,2640.272,0.253,0.310,0.000,0.000,0.000,0.000,0.310,0.000,0.000
6452,2640.699,0.242,0.308,0.000,0.000,0.000,0.000,0.308,0.000,0.000
6453,2641.127,0.326,0.306,0.000,0.000,0.000,0.000,0.306,0.000,0.000
6454,2641.554,0.095,0.304,0.000,0.000,0.000,0.000,0.304,0.000,0.000
6455,2641.982,1.545,0.302,0.000,0.000,0.000,0.000,0.302,0.000,0.000
6456,2642.410,1.483,0.300,0.000,0.000,0.000,0.000,0.300,0.000,0.000
6457,2642.837,0.000,0.298,0.000,0.000,0.000,0.000,0.298,0.000,0.000
6458,2643.265,0.000,0.296,0.000,0.000,0.000,0.000,0.296,0.000,0.000
6459,2643.692,0.000,0.293,0.000,0.000,0.000,0.000,0.293,0.000,0.000
6460,2644.120,0.073,0.291,0.000,0.000,0.000,0.000,0.291,0.000,0.000
6461,2644.548,1.379,0.289,0.000,0.000,0.000,0.000,0.289,0.000,0.000
6462,2644.975,0.443,0.287,0.000,0.000,0.000,0.000,0.287,0.000,0.000
6463,2645.403,0.206,0.284,0.000,0.000,0.000,0.000,0.284,0.000,0.000
6464,2645.831,0.116,0.282,0.000,0.000,0.000,0.000,0.282,0.000,0.000
6465,2646.258,0.000,0.280,0.000,0.000,0.000,0.000,0.280,0.000,0.000
6466,2646.686,0.000,0.277,0.000,0.000,0.000,0.000,0.277,0.000,0.000
6467,2647.114,0.000,0.275,0.000,0.000,0.000,0.000,0.275,0.000,0.000
6468,2647.541,0.000,0.273,0.000,0.000,0.000,0.000,0.273,0.000,0.000
6469,2647.969,0.324,0.270,0.000,0.000,0.000,0.000,0.270,0.000,0.000
6470,2648.396,1.893,0.268,0.000,0.000,0.000,0.000,0.268,0.000,0.000
6471,2648.824,0.000,0.265,0.000,0.000,0.000,0.000,0.265,0.000,0.000
6472,2649.252,0.057,0.263,0.000,0.000,0.000,0.000,0.263,0.000,0.000
6473,2649.679,0.129,0.260,0.000,0.000,0.000,0.000,0.260,0.000,0.000
6474,2650.107,1.344,0.258,0.000,0.000,0.000,0.000,0.258,0.000,0.000
6475,2650.535,0.000,0.255,0.000,0.000,0.000,0.000,0.255,0.000,0.000
6476,2650.962,0.000,0.253,0.000,0.000,0.000,0.000,0.253,0.000,0.000
6477,2651.390,0.073,0.250,0.000,0.000,0.000,0.000,0.250,0.000,0.000
6478,2651.818,1.198,0.248,0.000,0.000,0.000,0.000,0.248,0.000,0.000
6479,2652.245,0.000,0.245,0.000,0.000,0.000,0.000,0.245,0.000,0.000
6480,2652.673,0.163,0.243,0.000,0.000,0.000,0.000,0.243,0.000,0.000
6481,2653.100,0.000,0.240,0.000,0.000,0.000,0.000,0.240,0.000,0.000
6482,2653.528,0.165,0.237,0.000,0.000,0.000,0.000,0.237,0.000,0.000
6483,2653.956,0.000,0.235,0.000,0.000,0.000,0.000,0.235,0.000,0.000
6484,2654.383,0.000,0.232,0.000,0.000,0.000,0.000,0.232,0.000,0.000
6485,2654.811,0.000,0.230,0.000,0.000,0.000,0.000,0.230,0.000,0.000
6486,2655.239,0.000,0.227,0.000,0.000,0.000,0.000,0.227,0.000,0.000
6487,2655.666,0.422,0.225,0.000,0.000,0.000,0.000,0.225,0.000,0.000
6488,2656.094,1.365,0.222,0.000,0.000,0.000,0.000,0.222,0.000,0.000
6489,2656.522,0.000,0.219,0.000,0.000,0.000,0.000,0.219,0.000,0.000
6490,2656.949,1.201,0.217,0.000,0.000,0.000,0.000,0.217,0.000,0.000
6491,2657.377,0.215,0.214,0.000,0.000,0.000,0.000,0.214,0.000,0.000
6492,2657.805,1.195,0.212,0.000,0.000,0.000,0.000,0.212,0.000,0.000
6493,2658.232,0.226,0.209,0.000,0.000,0.000,0.000,0.209,0.000,0.000
6494,2658.660,0.000,0.206,0.000,0.000,0.000,0.000,0.206,0.000,0.000
6495,2659.088,0.000,0.204,0.000,0.000,0.000,0.000,0.204,0.000,0.000
6496,2659.515,1.707,0.201,0.000,0.000,0.000,0.000,0.201,0.000,0.000
6497,2659.943,1.644,0.199,0.000,0.000,0.000,0.000,0.199,0.000,0.000
6498,2660.371,1.314,0.196,0.000,0.000,0.000,0.000,0.196,0.000,0.000
6499,2660.798,0.000,0.193,0.000,0.000,0.000,0.000,0.193,0.000,0.000
6500,2661.226,0.334,0.191,0.000,0.000,0.000,0.000,0.191,0.000,0.000
6501,2661.654,0.000,0.188,0.000,0.000,0.000,0.000,0.188,0.000,0.000
6502,2662.081,0.378,0.186,0.000,0.000,0.000,0.000,0.186,0.000,0.000
6503,2662.509,0.000,0.183,0.000,0.000,0.000,0.000,0.183,0.000,0.000
6504,2662.937,0.458,0.181,0.000,0.000,0.000,0.000,0.181,0.000,0.000
6505,2663.364,0.359,0.178,0.000,0.000,0.000,0.000,0.178,0.000,0.000
6506,2663.792,0.000,0.176,0.000,0.000,0.000,0.000,0.176,0.000,0.000
6507,2664.220,0.000,0.173,0.000,0.000,0.000,0.000,0.173,0.000,0.000
6508,2664.647,0.000,0.171,0.000,0.000,0.000,0.000,0.171,0.000,0.000
6509,2665.075,0.000,0.168,0.000,0.000,0.000,0.000,0.168,0.000,0.000
6510,2665.503,0.581,0.166,0.000,0.000,0.000,0.000,0.166,0.000,0.000
6511,2665.930,0.561,0.163,0.000,0.000,0.000,0.000,0.163,0.000,0.000
6512,2666.358,0.403,0.161,0.000,0.000,0.000,0.000,0.161,0.000,0.000
6513,2666.786,0.000,0.158,0.000,0.000,0.000,0.000,0.158,0.000,0.000
6514,2667.213,0.547,0.156,0.000,0.000,0.000,0.000,0.156,0.000,0.000
6515,2667.641,0.000,0.154,0.000,0.000,0.000,0.000,0.154,0.000,0.000
6516,2668.069,0.000,0.151,0.000,0.000,0.000,0.000,0.151,0.000,0.000
6517,2668.496,0.000,0.149,0.000,0.000,0.000,0.000,0.149,0.000,0.000
6518,2668.924,0.403,0.147,0.000,0.000,0.000,0.000,0.147,0.000,0.000
6519,2669.352,0.000,0.144,0.000,0.000,0.000,0.000,0.144,0.000,0.000
6520,2669.780,0.616,0.142,0.000,0.000,0.000,0.000,0.142,0.000,0.000
6521,2670.207,0.000,0.140,0.000,0.000,0.000,0.000,0.140,0.000,0.000
6522,2670.635,2.603,0.137,0.000,0.000,0.000,0.000,0.137,0.000,0.000
6523,2671.063,0.000,0.135,0.000,0.000,0.000,0.000,0.135,0.000,0.000
6524,2671.490,0.000,0.133,0.000,0.000,0.000,0.000,0.133,0.000,0.000
6525,2671.918,0.000,0.131,0.000,0.000,0.000,0.000,0.131,0.000,0.000
6526,2672.346,0.281,0.128,0.000,0.000,0.000,0.000,0.128,0.000,0.000
6527,2672.773,0.000,0.126,0.000,0.000,0.000,0.000,0.126,0.000,0.000
6528,2673.201,0.639,0.124,0.000,0.000,0.000,0.000,0.124,0.000,0.000
6529,2673.629,0.676,0.122,0.000,0.000,0.000,0.000,0.122,0.000,0.000
6530,2674.057,0.653,0.120,0.000,0.000,0.000,0.000,0.120,0.000,0.000
6531,2674.484,0.000,0.118,0.000,0.000,0.000,0.000,0.118,0.000,0.000
6532,2674.912,0.685,0.116,0.000,0.000,0.000,0.000,0.116,0.000,0.000
6533,2675.340,0.000,0.114,0.000,0.000,0.000,0.000,0.114,0.000,0.000
6534,2675.767,0.000,0.112,0.000,0.000,0.000,0.000,0.112,0.000,0.000
6535,2676.195,0.000,0.110,0.000,0.000,0.000,0.000,0.110,0.000,0.000
6536,2676.623,1.611,0.108,0.000,0.000,0.000,0.000,0.108,0.000,0.000
6537,2677.050,0.000,0.106,0.000,0.000,0.000,0.000,0.106,0.000,0.000
6538,2677.478,0.000,0.104,0.000,0.000,0.000,0.000,0.104,0.000,0.000
6539,2677.906,0.000,0.102,0.000,0.000,0.000,0.000,0.102,0.000,0.000
6540,2678.334,0.609,0.100,0.000,0.000,0.000,0.000,0.100,0.000,0.000
6541,2678.761,0.000,0.098,0.000,0.000,0.000,0.000,0.098,0.000,0.000
6542,2679.189,1.729,0.096,0.000,0.000,0.000,0.000,0.096,0.000,0.000
6543,2679.617,0.741,0.094,0.000,0.000,0.000,0.000,0.094,0.000,0.000
6544,2680.044,0.635,0.092,0.000,0.000,0.000,0.000,0.092,0.000,0.000
6545,2680.472,0.578,0.091,0.000,0.000,0.000,0.000,0.091,0.000,0.000
6546,2680.900,0.657,0.089,0.000,0.000,0.000,0.000,0.089,0.000,0.000
6547,2681.328,0.000,0.087,0.000,0.000,0.000,0.000,0.087,0.000,0.000
6548,2681.755,0.703,0.085,0.000,0.000,0.000,0.000,0.085,0.000,0.000
6549,2682.183,0.000,0.084,0.000,0.000,0.000,0.000,0.084,0.000,0.000
6550,2682.611,0.872,0.082,0.000,0.000,0.000,0.000,0.082,0.000,0.000
6551,2683.038,0.000,0.080,0.000,0.000,0.000,0.000,0.080,0.000,0.000
6552,2683.466,0.000,0.079,0.000,0.000,0.000,0.000,0.079,0.000,0.000
6553,2683.894,0.000,0.077,0.000,0.000,0.000,0.000,0.077,0.000,0.000
6554,2684.322,0.000,0.076,0.000,0.000,0.000,0.000,0.076,0.000,0.000
6555,2684.749,0.643,0.074,0.000,0.000,0.000,0.000,0.074,0.000,0.000
6556,2685.177,0.801,0.073,0.000,0.000,0.000,0.000,0.073,0.000,0.000
6557,2685.605,0.000,0.071,0.000,0.000,0.000,0.000,0.071,0.000,0.000
6558,2686.033,1.470,0.070,0.000,0.000,0.000,0.000,0.070,0.000,0.000
6559,2686.460,0.685,0.068,0.000,0.000,0.000,0.000,0.068,0.000,0.000
6560,2686.888,0.000,0.067,0.000,0.000,0.000,0.000,0.067,0.000,0.000
6561,2687.316,0.000,0.065,0.000,0.000,0.000,0.000,0.065,0.000,0.000
6562,2687.743,1.735,0.064,0.000,0.000,0.000,0.000,0.064,0.000,0.000
6563,2688.171,0.000,0.062,0.000,0.000,0.000,0.000,0.062,0.000,0.000
6564,2688.599,0.000,0.061,0.000,0.000,0.000,0.000,0.061,0.000,0.000
6565,2689.027,0.776,0.060,0.000,0.000,0.000,0.000,0.060,0.000,0.000
6566,2689.454,0.000,0.059,0.000,0.000,0.000,0.000,0.059,0.000,0.000
6567,2689.882,0.000,0.057,0.000,0.000,0.000,0.000,0.057,0.000,0.000
6568,2690.310,0.000,0.056,0.000,0.000,0.000,0.000,0.056,0.000,0.000
6569,2690.738,0.829,0.055,0.000,0.000,0.000,0.000,0.055,0.000,0.000
6570,2691.165,0.000,0.054,0.000,0.000,0.000,0.000,0.054,0.000,0.000
6571,2691.593,0.815,0.052,0.000,0.000,0.000,0.000,0.052,0.000,0.000
6572,2692.021,0.000,0.051,0.000,0.000,0.000,0.000,0.051,0.000,0.000
6573,2692.449,0.731,0.050,0.000,0.000,0.000,0.000,0.050,0.000,0.000
6574,2692.876,0.000,0.049,0.000,0.000,0.000,0.000,0.049,0.000,0.000
6575,2693.304,0.000,0.048,0.000,0.000,0.000,0.000,0.048,0.000,0.000
6576,2693.732,0.000,0.047,0.000,0.000,0.000,0.000,0.047,0.000,0.000
6577,2694.160,0.000,0.046,0.000,0.000,0.000,0.000,0.046,0.000,0.000
6578,2694.587,1.793,0.045,0.000,0.000,0.000,0.000,0.045,0.000,0.000
6579,2695.015,0.000,0.043,0.000,0.000,0.000,0.000,0.043,0.000,0.000
6580,2695.443,0.000,0.042,0.000,0.000,0.000,0.000,0.042,0.000,0.000
6581,2695.871,0.000,0.041,0.000,0.000,0.000,0.000,0.041,0.000,0.000
6582,2696.298,0.000,0.040,0.000,0.000,0.000,0.000,0.040,0.000,0.000
6583,2696.726,0.000,0.040,0.000,0.000,0.000,0.000,0.040,0.000,0.000
6584,2697.154,0.798,0.039,0.000,0.000,0.000,0.000,0.039,0.000,0.000
6585,2697.582,0.813,0.038,0.000,0.000,0.000,0.000,0.038,0.000,0.000
6586,2698.009,0.000,0.037,0.000,0.000,0.000,0.000,0.037,0.000,0.000
6587,2698.437,1.824,0.036,0.000,0.000,0.000,0.000,0.036,0.000,0.000
6588,2698.865,0.000,0.035,0.000,0.000,0.000,0.000,0.035,0.000,0.000
6589,2699.293,0.000,0.034,0.000,0.000,0.000,0.000,0.034,0.000,0.000
6590,2699.720,0.000,0.034,0.000,0.000,0.000,0.000,0.034,0.000,0.000
6591,2700.148,0.000,0.033,0.000,0.000,0.000,0.000,0.033,0.000,0.000
6592,2700.576,0.000,0.032,0.000,0.000,0.000,0.000,0.032,0.000,0.000
6593,2701.004,0.000,0.031,0.000,0.000,0.000,0.000,0.031,0.000,0.000
6594,2701.431,0.000,0.031,0.000,0.000,0.000,0.000,0.031,0.000,0.000
6595,2701.859,0.827,0.030,0.000,0.000,0.000,0.000,0.030,0.000,0.000
6596,2702.287,0.000,0.029,0.000,0.000,0.000,0.000,0.029,0.000,0.000
6597,2702.715,0.000,0.029,0.000,0.000,0.000,0.000,0.029,0.000,0.000
6598,2703.143,0.000,0.028,0.001,0.000,0.000,0.000,0.028,0.000,0.000
6599,2703.570,0.000,0.027,0.001,0.000,0.000,0.000,0.027,0.000,0.000
6600,2703.998,0.000,0.027,0.001,0.000,0.000,0.000,0.027,0.000,0.000
6601,2704.426,0.000,0.026,0.001,0.000,0.000,0.000,0.026,0.000,0.000
6602,2704.854,0.795,0.025,0.001,0.000,0.000,0.000,0.025,0.000,0.000
6603,2705.281,0.000,0.025,0.001,0.000,0.000,0.000,0.025,0.000,0.000
6604,2705.709,0.000,0.024,0.001,0.000,0.000,0.000,0.024,0.000,0.000
6605,2706.137,0.000,0.024,0.001,0.000,0.000,0.000,0.024,0.000,0.000
6606,2706.565,0.000,0.023,0.001,0.000,0.000,0.000,0.023,0.000,0.000
6607,2706.993,0.000,0.023,0.001,0.000,0.000,0.000,0.023,0.000,0.000
6608,2707.420,0.000,0.022,0.001,0.000,0.000,0.000,0.022,0.000,0.000
6609,2707.848,0.000,0.022,0.001,0.000,0.000,0.000,0.022,0.000,0.000
6610,2708.276,0.000,0.021,0.001,0.000,0.000,0.000,0.021,0.000,0.000
6611,2708.704,0.834,0.021,0.001,0.000,0.000,0.000,0.021,0.000,0.000
6612,2709.131,0.000,0.020,0.001,0.000,0.000,0.000,0.020,0.000,0.000
6613,2709.559,0.000,0.020,0.001,0.000,0.000,0.000,0.020,0.000,0.000
6614,2709.987,0.000,0.019,0.001,0.000,0.000,0.000,0.019,0.000,0.000
6615,2710.415,0.000,0.019,0.001,0.000,0.000,0.000,0.019,0.000,0.000
6616,2710.843,0.000,0.019,0.001,0.000,0.000,0.000,0.019,0.000,0.000
6617,2711.270,0.831,0.018,0.001,0.000,0.000,0.000,0.018,0.000,0.000
6618,2711.698,0.000,0.018,0.001,0.000,0.000,0.000,0.018,0.000,0.000
6619,2712.126,0.781,0.017,0.001,0.000,0.000,0.000,0.017,0.000,0.000
6620,2712.554,0.000,0.017,0.002,0.000,0.000,0.000,0.017,0.000,0.000
6621,2712.982,0.000,0.017,0.002,0.000,0.000,0.000,0.017,0.000,0.000
6622,2713.409,0.000,0.016,0.002,0.000,0.000,0.000,0.016,0.000,0.000
6623,2713.837,0.000,0.016,0.002,0.000,0.000,0.000,0.016,0.000,0.000
6624,2714.265,0.000,0.016,0.002,0.000,0.000,0.000,0.016,0.000,0.000
6625,2714.693,0.000,0.015,0.002,0.000,0.000,0.000,0.015,0.000,0.000
6626,2715.121,0.000,0.015,0.002,0.000,0.000,0.000,0.015,0.000,0.000
6627,2715.548,0.000,0.015,0.002,0.000,0.000,0.000,0.015,0.000,0.000
6628,2715.976,0.000,0.014,0.002,0.000,0.000,0.000,0.014,0.000,0.000
6629,2716.404,0.000,0.014,0.002,0.000,0.000,0.000,0.014,0.000,0.000
6630,2716.832,0.000,0.014,0.002,0.000,0.000,0.000,0.014,0.000,0.000
6631,2717.259,0.945,0.014,0.002,0.000,0.000,0.000,0.014,0.000,0.000
6632,2717.687,0.932,0.013,0.002,0.000,0.000,0.000,0.013,0.000,0.000
6633,2718.115,0.000,0.013,0.002,0.000,0.000,0.000,0.013,0.000,0.000
6634,2718.543,0.000,0.013,0.002,0.000,0.000,0.000,0.013,0.000,0.000
6635,2718.971,0.000,0.013,0.002,0.000,0.000,0.000,0.013,0.000,0.000
6636,2719.399,0.000,0.012,0.002,0.000,0.000,0.000,0.012,0.000,0.000
6637,2719.826,0.000,0.012,0.002,0.000,0.000,0.000,0.012,0.000,0.000
6638,2720.254,0.889,0.012,0.002,0.000,0.000,0.000,0.012,0.000,0.000
6639,2720.682,0.000,0.012,0.002,0.000,0.000,0.000,0.012,0.000,0.000
6640,2721.110,0.000,0.011,0.002,0.000,0.000,0.000,0.011,0.000,0.000
6641,2721.538,0.000,0.011,0.002,0.000,0.000,0.000,0.011,0.000,0.000
6642,2721.965,0.000,0.011,0.002,0.000,0.000,0.000,0.011,0.000,0.000
6643,2722.393,0.913,0.011,0.003,0.000,0.000,0.000,0.011,0.000,0.000
6644,2722.821,0.000,0.011,0.003,0.000,0.000,0.000,0.011,0.000,0.000
6645,2723.249,0.000,0.011,0.003,0.000,0.000,0.000,0.011,0.000,0.000
6646,2723.677,0.945,0.010,0.003,0.000,0.000,0.000,0.010,0.000,0.000
6647,2724.104,0.000,0.010,0.003,0.000,0.000,0.000,0.010,0.000,0.000
6648,2724.532,0.000,0.010,0.003,0.000,0.000,0.000,0.010,0.000,0.000
6649,2724.960,0.000,0.010,0.003,0.000,0.000,0.000,0.010,0.000,0.000
6650,2725.388,0.000,0.010,0.003,0.000,0.000,0.000,0.010,0.000,0.000
6651,2725.816,0.000,0.010,0.003,0.000,0.000,0.000,0.010,0.000,0.000
6652,2726.244,0.000,0.010,0.003,0.000,0.000,0.000,0.010,0.000,0.000
6653,2726.671,0.000,0.009,0.003,0.000,0.000,0.000,0.009,0.000,0.000
6654,2727.099,0.000,0.009,0.003,0.000,0.000,0.000,0.009,0.000,0.000
6655,2727.527,0.000,0.009,0.003,0.000,0.000,0.000,0.009,0.000,0.000
6656,2727.955,0.000,0.009,0.003,0.000,0.000,0.000,0.009,0.000,0.000
6657,2728.383,0.000,0.009,0.003,0.000,0.000,0.000,0.009,0.000,0.000
6658,2728.810,0.000,0.009,0.003,0.000,0.000,0.000,0.009,0.000,0.000
6659,2729.238,0.000,0.009,0.003,0.000,0.000,0.000,0.009,0.000,0.000
6660,2729.666,0.000,0.009,0.003,0.000,0.000,0.000,0.009,0.000,0.000
6661,2730.094,0.000,0.009,0.003,0.000,0.000,0.000,0.009,0.000,0.000
6662,2730.522,0.000,0.008,0.003,0.000,0.000,0.000,0.008,0.000,0.000
6663,2730.950,0.832,0.008,0.003,0.000,0.000,0.000,0.008,0.000,0.000
6664,2731.377,0.000,0.008,0.003,0.000,0.000,0.000,0.008,0.000,0.000
6665,2731.805,0.000,0.008,0.003,0.000,0.000,0.000,0.008,0.000,0.000
6666,2732.233,0.000,0.008,0.004,0.000,0.000,0.000,0.008,0.000,0.000
6667,2732.661,0.000,0.008,0.004,0.000,0.000,0.000,0.008,0.000,0.000
6668,2733.089,0.825,0.008,0.004,0.000,0.000,0.000,0.008,0.000,0.000
6669,2733.517,0.000,0.008,0.004,0.000,0.000,0.000,0.008,0.000,0.000
6670,2733.944,0.000,0.008,0.004,0.000,0.000,0.000,0.008,0.000,0.000
6671,2734.372,0.000,0.008,0.004,0.000,0.000,0.000,0.008,0.000,0.000
6672,2734.800,0.000,0.008,0.004,0.000,0.000,0.000,0.008,0.000,0.000
6673,2735.228,0.000,0.008,0.004,0.000,0.000,0.000,0.008,0.000,0.000
6674,2735.656,0.000,0.008,0.004,0.000,0.000,0.000,0.008,0.000,0.000
6675,2736.084,0.000,0.008,0.004,0.000,0.000,0.000,0.008,0.000,0.000
6676,2736.511,0.000,0.008,0.004,0.000,0.000,0.000,0.008,0.000,0.000
6677,2736.939,0.000,0.007,0.004,0.000,0.000,0.000,0.007,0.000,0.000
6678,2737.367,0.000,0.007,0.004,0.000,0.000,0.000,0.007,0.000,0.000
6679,2737.795,0.000,0.007,0.004,0.000,0.000,0.000,0.007,0.000,0.000
6680,2738.223,0.000,0.007,0.004,0.000,0.000,0.000,0.007,0.000,0.000
6681,2738.651,0.000,0.007,0.004,0.000,0.000,0.000,0.007,0.000,0.000
6682,2739.079,0.000,0.007,0.004,0.000,0.000,0.000,0.007,0.000,0.000
6683,2739.506,0.000,0.007,0.004,0.000,0.000,0.000,0.007,0.000,0.000
6684,2739.934,0.000,0.007,0.004,0.000,0.000,0.000,0.007,0.000,0.000
6685,2740.362,0.000,0.007,0.004,0.000,0.000,0.000,0.007,0.000,0.000
6686,2740.790,0.000,0.007,0.004,0.000,0.000,0.000,0.007,0.000,0.000
6687,2741.218,0.000,0.007,0.004,0.000,0.000,0.000,0.007,0.000,0.000
6688,2741.646,0.000,0.007,0.005,0.000,0.000,0.000,0.007,0.000,0.000
6689,2742.073,0.000,0.007,0.005,0.000,0.000,0.000,0.007,0.000,0.000
6690,2742.501,0.000,0.007,0.005,0.000,0.000,0.000,0.007,0.000,0.000
6691,2742.929,0.000,0.007,0.005,0.000,0.000,0.000,0.007,0.000,0.000
6692,2743.357,0.873,0.007,0.005,0.000,0.000,0.000,0.007,0.000,0.000
6693,2743.785,0.000,0.007,0.005,0.000,0.000,0.000,0.007,0.000,0.000
6694,2744.213,0.000,0.007,0.005,0.000,0.000,0.000,0.007,0.000,0.000
6695,2744.641,0.000,0.007,0.005,0.000,0.000,0.000,0.007,0.000,0.000
6696,2745.068,0.000,0.007,0.005,0.000,0.000,0.000,0.007,0.000,0.000
6697,2745.496,0.000,0.007,0.005,0.000,0.000,0.000,0.007,0.000,0.000
6698,2745.924,0.000,0.007,0.005,0.000,0.000,0.000,0.007,0.000,0.000
6699,2746.352,0.962,0.007,0.005,0.000,0.000,0.000,0.007,0.000,0.000
6700,2746.780,0.000,0.007,0.005,0.000,0.000,0.000,0.007,0.000,0.000
6701,2747.208,0.000,0.007,0.005,0.000,0.000,0.000,0.007,0.000,0.000
6702,2747.636,0.000,0.007,0.005,0.000,0.000,0.000,0.007,0.000,0.000
6703,2748.063,0.000,0.007,0.005,0.000,0.000,0.000,0.007,0.000,0.000
6704,2748.491,0.000,0.007,0.005,0.000,0.000,0.000,0.007,0.000,0.000
6705,2748.919,0.000,0.007,0.005,0.000,0.000,0.000,0.007,0.000,0.000
6706,2749.347,0.000,0.007,0.005,0.000,0.000,0.000,0.007,0.000,0.000
6707,2749.775,0.000,0.007,0.005,0.000,0.000,0.000,0.007,0.000,0.000
6708,2750.203,0.000,0.007,0.005,0.000,0.000,0.000,0.007,0.000,0.000
6709,2750.631,0.000,0.007,0.005,0.000,0.000,0.000,0.007,0.000,0.000
6710,2751.059,0.000,0.007,0.005,0.000,0.000,0.000,0.007,0.000,0.000
6711,2751.486,0.000,0.007,0.006,0.000,0.000,0.000,0.007,0.000,0.000
6712,2751.914,0.000,0.007,0.006,0.000,0.000,0.000,0.007,0.000,0.000
6713,2752.342,0.000,0.007,0.006,0.000,0.000,0.000,0.007,0.000,0.000
6714,2752.770,0.000,0.007,0.006,0.000,0.000,0.000,0.007,0.000,0.000
6715,2753.198,0.000,0.007,0.006,0.000,0.000,0.000,0.007,0.000,0.000
6716,2753.626,0.000,0.007,0.006,0.000,0.000,0.000,0.007,0.000,0.000
6717,2754.054,0.000,0.007,0.006,0.000,0.000,0.000,0.007,0.000,0.000
6718,2754.481,0.000,0.007,0.006,0.000,0.000,0.000,0.007,0.000,0.000
6719,2754.909,0.000,0.007,0.006,0.000,0.000,0.000,0.007,0.000,0.000
6720,2755.337,0.000,0.007,0.006,0.000,0.000,0.000,0.007,0.000,0.000
6721,2755.765,0.000,0.007,0.006,0.000,0.000,0.000,0.007,0.000,0.000
6722,2756.193,0.962,0.007,0.006,0.000,0.000,0.000,0.007,0.000,0.000
6723,2756.621,0.000,0.007,0.006,0.000,0.000,0.000,0.007,0.000,0.000
6724,2757.049,0.000,0.007,0.006,0.000,0.000,0.000,0.007,0.000,0.000
6725,2757.477,0.000,0.007,0.006,0.000,0.000,0.000,0.007,0.000,0.000
6726,2757.905,0.959,0.007,0.006,0.000,0.000,0.000,0.007,0.000,0.000
6727,2758.332,0.000,0.007,0.006,0.000,0.000,0.000,0.007,0.000,0.000
6728,2758.760,0.000,0.007,0.006,0.000,0.000,0.000,0.007,0.000,0.000
6729,2759.188,0.000,0.007,0.006,0.000,0.000,0.000,0.007,0.000,0.000
6730,2759.616,0.000,0.007,0.006,0.000,0.000,0.000,0.007,0.000,0.000
6731,2760.044,0.000,0.007,0.006,0.000,0.000,0.000,0.007,0.000,0.000
6732,2760.472,0.000,0.007,0.006,0.000,0.000,0.000,0.007,0.000,0.000
6733,2760.900,0.000,0.007,0.006,0.000,0.000,0.000,0.007,0.000,0.000
6734,2761.328,0.000,0.007,0.007,0.000,0.000,0.000,0.007,0.000,0.000
6735,2761.755,0.000,0.007,0.007,0.000,0.000,0.000,0.007,0.000,0.000
6736,2762.183,0.000,0.007,0.007,0.000,0.000,0.000,0.007,0.000,0.000
6737,2762.611,0.000,0.007,0.007,0.000,0.000,0.000,0.007,0.000,0.000
6738,2763.039,0.000,0.008,0.007,0.000,0.000,0.000,0.008,0.000,0.000
6739,2763.467,0.000,0.008,0.007,0.000,0.000,0.000,0.008,0.000,0.000
6740,2763.895,0.000,0.008,0.007,0.000,0.000,0.000,0.008,0.000,0.000
6741,2764.323,0.000,0.008,0.007,0.000,0.000,0.000,0.008,0.000,0.000
6742,2764.751,0.000,0.008,0.007,0.000,0.000,0.000,0.008,0.000,0.000
6743,2765.179,0.000,0.008,0.007,0.000,0.000,0.000,0.008,0.000,0.000
6744,2765.607,0.000,0.008,0.007,0.000,0.000,0.000,0.008,0.000,0.000
6745,2766.034,0.000,0.008,0.007,0.000,0.000,0.000,0.008,0.000,0.000
6746,2766.462,0.000,0.008,0.007,0.000,0.000,0.000,0.008,0.000,0.000
6747,2766.890,0.000,0.008,0.007,0.000,0.000,0.000,0.008,0.000,0.000
6748,2767.318,0.000,0.008,0.007,0.000,0.000,0.000,0.008,0.000,0.000
6749,2767.746,0.642,0.008,0.007,0.000,0.000,0.000,0.008,0.000,0.000
6750,2768.174,0.000,0.008,0.007,0.000,0.000,0.000,0.008,0.000,0.000
6751,2768.602,0.000,0.008,0.007,0.000,0.000,0.000,0.008,0.000,0.000
6752,2769.030,0.000,0.008,0.007,0.000,0.000,0.000,0.008,0.000,0.000
6753,2769.458,0.779,0.008,0.007,0.000,0.000,0.000,0.008,0.000,0.000
6754,2769.886,0.000,0.008,0.007,0.000,0.000,0.000,0.008,0.000,0.000
6755,2770.313,0.000,0.008,0.007,0.000,0.000,0.000,0.008,0.000,0.000
6756,2770.741,0.000,0.008,0.008,0.000,0.000,0.000,0.008,0.000,0.000
6757,2771.169,0.712,0.008,0.008,0.000,0.000,0.000,0.008,0.000,0.000
6758,2771.597,0.901,0.008,0.008,0.000,0.000,0.000,0.008,0.000,0.000
6759,2772.025,0.000,0.008,0.008,0.000,0.000,0.000,0.008,0.000,0.000
6760,2772.453,0.000,0.008,0.008,0.000,0.000,0.000,0.008,0.000,0.000
6761,2772.881,0.000,0.008,0.008,0.000,0.000,0.000,0.008,0.000,0.000
6762,2773.309,0.000,0.008,0.008,0.000,0.000,0.000,0.008,0.000,0.000
6763,2773.737,0.000,0.008,0.008,0.000,0.000,0.000,0.008,0.000,0.000
6764,2774.165,0.000,0.008,0.008,0.000,0.000,0.000,0.008,0.000,0.000
6765,2774.592,0.000,0.008,0.008,0.000,0.000,0.000,0.008,0.000,0.000
6766,2775.020,0.000,0.008,0.008,0.000,0.000,0.000,0.008,0.000,0.000
6767,2775.448,0.000,0.008,0.008,0.000,0.000,0.000,0.008,0.000,0.000
6768,2775.876,0.000,0.008,0.008,0.000,0.000,0.000,0.008,0.000,0.000
6769,2776.304,0.000,0.008,0.008,0.000,0.000,0.000,0.008,0.000,0.000
6770,2776.732,0.000,0.008,0.008,0.000,0.000,0.000,0.008,0.000,0.000
6771,2777.160,0.890,0.009,0.008,0.000,0.000,0.000,0.009,0.000,0.000
6772,2777.588,0.000,0.009,0.008,0.000,0.000,0.000,0.009,0.000,0.000
6773,2778.016,0.000,0.009,0.008,0.000,0.000,0.000,0.009,0.000,0.000
6774,2778.444,0.000,0.009,0.008,0.000,0.000,0.000,0.009,0.000,0.000
6775,2778.872,0.000,0.009,0.008,0.000,0.000,0.000,0.009,0.000,0.000
6776,2779.300,0.821,0.009,0.008,0.000,0.000,0.000,0.009,0.000,0.000
6777,2779.727,0.000,0.009,0.008,0.000,0.000,0.000,0.009,0.000,0.000
6778,2780.155,0.000,0.009,0.008,0.000,0.000,0.000,0.009,0.000,0.000
6779,2780.583,0.000,0.009,0.009,0.000,0.000,0.000,0.009,0.000,0.000
6780,2781.011,0.000,0.009,0.009,0.000,0.000,0.000,0.009,0.000,0.000
6781,2781.439,0.893,0.009,0.009,0.000,0.000,0.000,0.009,0.000,0.000
6782,2781.867,0.000,0.009,0.009,0.000,0.000,0.000,0.009,0.000,0.000
6783,2782.295,0.000,0.009,0.009,0.000,0.000,0.000,0.009,0.000,0.000
6784,2782.723,0.000,0.009,0.009,0.000,0.000,0.000,0.009,0.000,0.000
6785,2783.151,0.000,0.009,0.009,0.000,0.000,0.000,0.009,0.000,0.000
6786,2783.579,0.000,0.009,0.009,0.000,0.000,0.000,0.009,0.000,0.000
6787,2784.007,0.880,0.009,0.009,0.000,0.000,0.000,0.009,0.000,0.000
6788,2784.435,0.000,0.009,0.009,0.000,0.000,0.000,0.009,0.000,0.000
6789,2784.863,0.000,0.009,0.009,0.000,0.000,0.000,0.009,0.000,0.000
6790,2785.290,0.000,0.009,0.009,0.000,0.000,0.000,0.009,0.000,0.000
6791,2785.718,0.000,0.009,0.009,0.000,0.000,0.000,0.009,0.000,0.000
6792,2786.146,0.000,0.009,0.009,0.000,0.000,0.000,0.009,0.000,0.000
6793,2786.574,0.000,0.009,0.009,0.000,0.000,0.000,0.009,0.000,0.000
6794,2787.002,0.000,0.009,0.009,0.000,0.000,0.000,0.009,0.000,0.000
6795,2787.430,0.000,0.009,0.009,0.000,0.000,0.000,0.009,0.000,0.000
6796,2787.858,0.000,0.009,0.009,0.000,0.000,0.000,0.009,0.000,0.000
6797,2788.286,0.000,0.009,0.009,0.000,0.000,0.000,0.009,0.000,0.000
6798,2788.714,0.000,0.010,0.009,0.000,0.000,0.000,0.010,0.000,0.000
6799,2789.142,0.000,0.010,0.009,0.000,0.000,0.000,0.010,0.000,0.000
6800,2789.570,0.000,0.010,0.009,0.000,0.000,0.000,0.010,0.000,0.000
6801,2789.998,0.000,0.010,0.009,0.000,0.000,0.000,0.010,0.000,0.000
6802,2790.426,0.000,0.010,0.010,0.000,0.000,0.000,0.010,0.000,0.000
6803,2790.854,0.000,0.010,0.010,0.000,0.000,0.000,0.010,0.000,0.000
6804,2791.282,0.000,0.010,0.010,0.000,0.000,0.000,0.010,0.000,0.000
6805,2791.709,0.000,0.010,0.010,0.000,0.000,0.000,0.010,0.000,0.000
6806,2792.137,0.000,0.010,0.010,0.000,0.000,0.000,0.010,0.000,0.000
6807,2792.565,0.000,0.010,0.010,0.000,0.000,0.000,0.010,0.000,0.000
6808,2792.993,0.000,0.010,0.010,0.000,0.000,0.000,0.010,0.000,0.000
6809,2793.421,0.000,0.010,0.010,0.000,0.000,0.000,0.010,0.000,0.000
6810,2793.849,0.931,0.010,0.010,0.000,0.000,0.000,0.010,0.000,0.000
6811,2794.277,0.000,0.010,0.010,0.000,0.000,0.000,0.010,0.000,0.000
6812,2794.705,0.000,0.010,0.010,0.000,0.000,0.000,0.010,0.000,0.000
6813,2795.133,0.000,0.010,0.010,0.000,0.000,0.000,0.010,0.000,0.000
6814,2795.561,0.000,0.010,0.010,0.000,0.000,0.000,0.010,0.000,0.000
6815,2795.989,0.000,0.010,0.010,0.000,0.000,0.000,0.010,0.000,0.000
6816,2796.417,0.000,0.010,0.010,0.000,0.000,0.000,0.010,0.000,0.000
6817,2796.845,0.000,0.010,0.010,0.000,0.000,0.000,0.010,0.000,0.000
6818,2797.273,0.000,0.010,0.010,0.000,0.000,0.000,0.010,0.000,0.000
6819,2797.701,0.946,0.010,0.010,0.000,0.000,0.000,0.010,0.000,0.000
6820,2798.129,0.000,0.010,0.010,0.000,0.000,0.000,0.010,0.000,0.000
6821,2798.557,0.000,0.010,0.010,0.000,0.000,0.000,0.010,0.000,0.000
6822,2798.985,0.000,0.011,0.010,0.000,0.000,0.000,0.011,0.000,0.000
6823,2799.413,0.839,0.011,0.010,0.000,0.000,0.000,0.011,0.000,0.000
6824,2799.840,0.000,0.011,0.011,0.000,0.000,0.000,0.011,0.000,0.000
6825,2800.268,0.000,0.011,0.011,0.000,0.000,0.000,0.011,0.000,0.000
6826,2800.696,0.000,0.011,0.011,0.000,0.000,0.000,0.011,0.000,0.000
6827,2801.124,0.000,0.011,0.011,0.000,0.000,0.000,0.011,0.000,0.000
6828,2801.552,0.000,0.011,0.011,0.000,0.000,0.000,0.011,0.000,0.000
6829,2801.980,0.000,0.011,0.011,0.000,0.000,0.000,0.011,0.000,0.000
6830,2802.408,0.000,0.011,0.011,0.000,0.000,0.000,0.011,0.000,0.000
6831,2802.836,0.000,0.011,0.011,0.000,0.000,0.000,0.011,0.000,0.000
6832,2803.264,0.000,0.011,0.011,0.000,0.000,0.000,0.011,0.000,0.000
6833,2803.692,0.000,0.011,0.011,0.000,0.000,0.000,0.011,0.000,0.000
6834,2804.120,0.000,0.011,0.011,0.000,0.000,0.000,0.011,0.000,0.000
6835,2804.548,0.000,0.011,0.011,0.000,0.000,0.000,0.011,0.000,0.000
6836,2804.976,0.000,0.011,0.011,0.000,0.000,0.000,0.011,0.000,0.000
6837,2805.404,0.000,0.011,0.011,0.000,0.000,0.000,0.011,0.000,0.000
6838,2805.832,0.858,0.011,0.011,0.000,0.000,0.000,0.011,0.000,0.000
6839,2806.260,0.933,0.011,0.011,0.000,0.000,0.000,0.011,0.000,0.000
6840,2806.688,0.915,0.011,0.011,0.000,0.000,0.000,0.011,0.000,0.000
6841,2807.116,0.000,0.011,0.011,0.000,0.000,0.000,0.011,0.000,0.000
6842,2807.544,0.000,0.011,0.011,0.000,0.000,0.000,0.011,0.000,0.000
6843,2807.972,0.000,0.011,0.011,0.000,0.000,0.000,0.011,0.000,0.000
6844,2808.400,0.945,0.011,0.011,0.000,0.000,0.000,0.011,0.000,0.000
6845,2808.828,0.000,0.012,0.011,0.000,0.000,0.000,0.012,0.000,0.000
6846,2809.256,0.000,0.012,0.011,0.000,0.000,0.000,0.012,0.000,0.000
6847,2809.684,0.000,0.012,0.012,0.000,0.000,0.000,0.012,0.000,0.000
6848,2810.111,0.000,0.012,0.012,0.000,0.000,0.000,0.012,0.000,0.000
6849,2810.539,0.000,0.012,0.012,0.000,0.000,0.000,0.012,0.000,0.000
6850,2810.967,0.000,0.012,0.012,0.000,0.000,0.000,0.012,0.000,0.000
6851,2811.395,0.000,0.012,0.012,0.000,0.000,0.000,0.012,0.000,0.000
6852,2811.823,0.000,0.012,0.012,0.000,0.000,0.000,0.012,0.000,0.000
6853,2812.251,0.000,0.012,0.012,0.000,0.000,0.000,0.012,0.000,0.000
6854,2812.679,0.000,0.012,0.012,0.000,0.000,0.000,0.012,0.000,0.000
6855,2813.107,0.000,0.012,0.012,0.000,0.000,0.000,0.012,0.000,0.000
6856,2813.535,0.000,0.012,0.012,0.000,0.000,0.000,0.012,0.000,0.000
6857,2813.963,0.000,0.012,0.012,0.000,0.000,0.000,0.012,0.000,0.000
6858,2814.391,0.000,0.012,0.012,0.000,0.000,0.000,0.012,0.000,0.000
6859,2814.819,0.000,0.012,0.012,0.000,0.000,0.000,0.012,0.000,0.000
6860,2815.247,0.000,0.012,0.012,0.000,0.000,0.000,0.012,0.000,0.000
6861,2815.675,0.000,0.012,0.012,0.000,0.000,0.000,0.012,0.000,0.000
6862,2816.103,0.000,0.012,0.012,0.000,0.000,0.000,0.012,0.000,0.000
6863,2816.531,0.000,0.012,0.012,0.000,0.000,0.000,0.012,0.000,0.000
6864,2816.959,0.000,0.012,0.012,0.000,0.000,0.000,0.012,0.000,0.000
6865,2817.387,0.973,0.012,0.012,0.000,0.000,0.000,0.012,0.000,0.000
6866,2817.815,0.000,0.012,0.012,0.000,0.000,0.000,0.012,0.000,0.000
6867,2818.243,0.000,0.013,0.012,0.000,0.000,0.000,0.013,0.000,0.000
6868,2818.671,0.000,0.013,0.012,0.000,0.000,0.000,0.013,0.000,0.000
6869,2819.099,0.000,0.013,0.012,0.000,0.000,0.000,0.013,0.000,0.000
6870,2819.527,0.000,0.013,0.013,0.000,0.000,0.000,0.013,0.000,0.000
6871,2819.955,0.000,0.013,0.013,0.000,0.000,0.000,0.013,0.000,0.000
6872,2820.383,0.000,0.013,0.013,0.000,0.000,0.000,0.013,0.000,0.000
6873,2820.811,0.000,0.013,0.013,0.000,0.000,0.000,0.013,0.000,0.000
6874,2821.239,0.000,0.013,0.013,0.000,0.000,0.000,0.013,0.000,0.000
6875,2821.667,0.000,0.013,0.013,0.000,0.000,0.000,0.013,0.000,0.000
6876,2822.095,0.000,0.013,0.013,0.000,0.000,0.000,0.013,0.000,0.000
6877,2822.523,0.000,0.013,0.013,0.000,0.000,0.000,0.013,0.000,0.000
6878,2822.951,0.000,0.013,0.013,0.000,0.000,0.000,0.013,0.000,0.000
6879,2823.379,0.000,0.013,0.013,0.000,0.000,0.000,0.013,0.000,0.000
6880,2823.807,0.000,0.013,0.013,0.000,0.000,0.000,0.013,0.000,0.000
6881,2824.235,0.000,0.013,0.013,0.000,0.000,0.000,0.013,0.000,0.000
6882,2824.663,0.945,0.013,0.013,0.000,0.000,0.000,0.013,0.000,0.000
6883,2825.091,0.000,0.013,0.013,0.000,0.000,0.000,0.013,0.000,0.000
6884,2825.519,0.000,0.013,0.013,0.000,0.000,0.000,0.013,0.000,0.000
6885,2825.947,0.000,0.013,0.013,0.000,0.000,0.000,0.013,0.000,0.000
6886,2826.375,0.000,0.013,0.013,0.000,0.000,0.000,0.013,0.000,0.000
6887,2826.803,0.000,0.013,0.013,0.000,0.000,0.000,0.013,0.000,0.000
6888,2827.231,0.000,0.014,0.013,0.000,0.000,0.000,0.014,0.000,0.000
6889,2827.659,0.000,0.014,0.013,0.000,0.000,0.000,0.014,0.000,0.000
6890,2828.087,0.000,0.014,0.013,0.000,0.000,0.000,0.014,0.000,0.000
6891,2828.515,0.000,0.014,0.013,0.000,0.000,0.000,0.014,0.000,0.000
6892,2828.943,0.000,0.014,0.014,0.000,0.000,0.000,0.014,0.000,0.000
6893,2829.371,0.000,0.014,0.014,0.000,0.000,0.000,0.014,0.000,0.000
6894,2829.799,0.000,0.014,0.014,0.000,0.000,0.000,0.014,0.000,0.000
6895,2830.227,0.910,0.014,0.014,0.000,0.000,0.000,0.014,0.000,0.000
6896,2830.655,0.901,0.014,0.014,0.000,0.000,0.000,0.014,0.000,0.000
6897,2831.083,0.000,0.014,0.014,0.000,0.000,0.000,0.014,0.000,0.000
6898,2831.511,0.000,0.014,0.014,0.000,0.000,0.000,0.014,0.000,0.000
6899,2831.939,0.000,0.014,0.014,0.000,0.000,0.000,0.014,0.000,0.000
6900,2832.367,0.000,0.014,0.014,0.000,0.000,0.000,0.014,0.000,0.000
6901,2832.795,0.936,0.014,0.014,0.000,0.000,0.000,0.014,0.000,0.000
6902,2833.223,0.851,0.014,0.014,0.000,0.000,0.000,0.014,0.000,0.000
6903,2833.651,0.000,0.014,0.014,0.000,0.000,0.000,0.014,0.000,0.000
6904,2834.079,0.000,0.014,0.014,0.000,0.000,0.000,0.014,0.000,0.000
6905,2834.507,0.000,0.014,0.014,0.000,0.000,0.000,0.014,0.000,0.000
6906,2834.935,0.000,0.014,0.014,0.000,0.000,0.000,0.014,0.000,0.000
6907,2835.363,0.000,0.014,0.014,0.000,0.000,0.000,0.014,0.000,0.000
6908,2835.791,0.890,0.014,0.014,0.000,0.000,0.000,0.014,0.000,0.000
6909,2836.219,0.000,0.015,0.014,0.000,0.000,0.000,0.015,0.000,0.000
6910,2836.647,0.000,0.015,0.014,0.000,0.000,0.000,0.015,0.000,0.000
6911,2837.075,0.000,0.015,0.014,0.000,0.000,0.000,0.015,0.000,0.000
6912,2837.503,0.881,0.015,0.014,0.000,0.000,0.000,0.015,0.000,0.000
6913,2837.931,0.000,0.015,0.014,0.000,0.000,0.000,0.015,0.000,0.000
6914,2838.359,0.000,0.015,0.014,0.000,0.000,0.000,0.015,0.000,0.000
6915,2838.787,0.000,0.015,0.015,0.000,0.000,0.000,0.015,0.000,0.000
6916,2839.215,0.000,0.015,0.015,0.000,0.000,0.000,0.015,0.000,0.000
6917,2839.643,0.000,0.015,0.015,0.000,0.000,0.000,0.015,0.000,0.000
6918,2840.071,0.000,0.015,0.015,0.000,0.000,0.000,0.015,0.000,0.000
6919,2840.499,0.000,0.015,0.015,0.000,0.000,0.000,0.015,0.000,0.000
6920,2840.927,0.000,0.015,0.015,0.000,0.000,0.000,0.015,0.000,0.000
6921,2841.355,0.000,0.015,0.015,0.000,0.000,0.000,0.015,0.000,0.000
6922,2841.783,0.000,0.015,0.015,0.000,0.000,0.000,0.015,0.000,0.000
6923,2842.211,0.000,0.015,0.015,0.000,0.000,0.000,0.015,0.000,0.000
6924,2842.639,0.000,0.015,0.015,0.000,0.000,0.000,0.015,0.000,0.000
6925,2843.067,0.000,0.015,0.015,0.000,0.000,0.000,0.015,0.000,0.000
6926,2843.495,0.000,0.015,0.015,0.000,0.000,0.000,0.015,0.000,0.000
6927,2843.923,0.000,0.015,0.015,0.000,0.000,0.000,0.015,0.000,0.000
6928,2844.351,0.000,0.016,0.015,0.000,0.000,0.000,0.016,0.000,0.000
6929,2844.779,0.000,0.016,0.015,0.000,0.000,0.000,0.016,0.000,0.000
6930,2845.207,0.000,0.016,0.015,0.000,0.000,0.000,0.016,0.000,0.000
6931,2845.635,0.000,0.016,0.015,0.000,0.000,0.000,0.016,0.000,0.000
6932,2846.063,0.000,0.016,0.015,0.000,0.000,0.000,0.016,0.000,0.000
6933,2846.491,0.000,0.016,0.015,0.000,0.000,0.000,0.016,0.000,0.000
6934,2846.919,0.938,0.016,0.015,0.000,0.000,0.000,0.016,0.000,0.000
6935,2847.347,0.906,0.016,0.015,0.000,0.000,0.000,0.016,0.000,0.000
6936,2847.775,0.000,0.016,0.015,0.000,0.000,0.000,0.016,0.000,0.000
6937,2848.203,0.000,0.016,0.015,0.000,0.000,0.000,0.016,0.000,0.000
6938,2848.631,0.000,0.016,0.016,0.000,0.000,0.000,0.016,0.000,0.000
6939,2849.059,0.000,0.016,0.016,0.000,0.000,0.000,0.016,0.000,0.000
6940,2849.487,0.000,0.016,0.016,0.000,0.000,0.000,0.016,0.000,0.000
6941,2849.915,0.000,0.016,0.016,0.000,0.000,0.000,0.016,0.000,0.000
6942,2850.343,0.956,0.016,0.016,0.000,0.000,0.000,0.016,0.000,0.000
6943,2850.771,0.000,0.016,0.016,0.000,0.000,0.000,0.016,0.000,0.000
6944,2851.199,0.000,0.016,0.016,0.000,0.000,0.000,0.016,0.000,0.000
6945,2851.627,0.000,0.016,0.016,0.000,0.000,0.000,0.016,0.000,0.000
6946,2852.055,0.000,0.016,0.016,0.000,0.000,0.000,0.016,0.000,0.000
6947,2852.483,0.000,0.017,0.016,0.000,0.000,0.000,0.017,0.000,0.000
6948,2852.911,0.000,0.017,0.016,0.000,0.000,0.000,0.017,0.000,0.000
6949,2853.339,0.000,0.017,0.016,0.000,0.000,0.000,0.017,0.000,0.000
6950,2853.767,0.000,0.017,0.016,0.000,0.000,0.000,0.017,0.000,0.000
6951,2854.195,0.000,0.017,0.016,0.000,0.000,0.000,0.017,0.000,0.000
6952,2854.623,0.000,0.017,0.016,0.000,0.000,0.000,0.017,0.000,0.000
6953,2855.051,0.000,0.017,0.016,0.000,0.000,0.000,0.017,0.000,0.000
6954,2855.479,0.000,0.017,0.016,0.000,0.000,0.000,0.017,0.000,0.000
6955,2855.907,0.000,0.017,0.016,0.000,0.000,0.000,0.017,0.000,0.000
6956,2856.335,0.000,0.017,0.016,0.000,0.000,0.000,0.017,0.000,0.000
6957,2856.763,1.000,0.017,0.016,0.000,0.000,0.000,0.017,0.000,0.000
6958,2857.191,0.000,0.017,0.016,0.000,0.000,0.000,0.017,0.000,0.000
6959,2857.619,0.000,0.017,0.016,0.000,0.000,0.000,0.017,0.000,0.000
6960,2858.047,0.000,0.017,0.017,0.000,0.000,0.000,0.017,0.000,0.000
6961,2858.475,0.000,0.017,0.017,0.000,0.000,0.000,0.017,0.000,0.000
6962,2858.903,0.000,0.017,0.017,0.000,0.000,0.000,0.017,0.000,0.000
6963,2859.331,0.000,0.017,0.017,0.000,0.000,0.000,0.017,0.000,0.000
6964,2859.759,0.929,0.017,0.017,0.000,0.000,0.000,0.017,0.000,0.000
6965,2860.187,0.000,0.018,0.017,0.000,0.000,0.000,0.018,0.000,0.000
6966,2860.615,0.000,0.018,0.017,0.000,0.000,0.000,0.018,0.000,0.000
6967,2861.043,0.966,0.018,0.017,0.000,0.000,0.000,0.018,0.000,0.000
6968,2861.471,0.000,0.018,0.017,0.000,0.000,0.000,0.018,0.000,0.000
6969,2861.899,0.000,0.018,0.017,0.000,0.000,0.000,0.018,0.000,0.000
6970,2862.328,0.000,0.018,0.017,0.000,0.000,0.000,0.018,0.000,0.000
6971,2862.756,0.967,0.018,0.017,0.000,0.000,0.000,0.018,0.000,0.000
6972,2863.184,0.000,0.018,0.017,0.000,0.000,0.000,0.018,0.000,0.000
6973,2863.612,0.000,0.018,0.017,0.000,0.000,0.000,0.018,0.000,0.000
6974,2864.040,0.000,0.018,0.017,0.000,0.000,0.000,0.018,0.000,0.000
6975,2864.468,0.000,0.018,0.017,0.000,0.000,0.000,0.018,0.000,0.000
6976,2864.896,0.000,0.018,0.017,0.000,0.000,0.000,0.018,0.000,0.000
6977,2865.324,0.000,0.018,0.017,0.000,0.000,0.000,0.018,0.000,0.000
6978,2865.752,0.000,0.018,0.017,0.000,0.000,0.000,0.018,0.000,0.000
6979,2866.180,0.000,0.018,0.017,0.000,0.000,0.000,0.018,0.000,0.000
6980,2866.608,0.836,0.018,0.017,0.000,0.000,0.000,0.018,0.000,0.000
6981,2867.036,0.000,0.018,0.017,0.000,0.000,0.000,0.018,0.000,0.000
6982,2867.464,0.000,0.018,0.017,0.000,0.000,0.000,0.018,0.000,0.000
6983,2867.892,0.000,0.019,0.018,0.000,0.000,0.000,0.019,0.000,0.000
6984,2868.320,0.000,0.019,0.018,0.000,0.000,0.000,0.019,0.000,0.000
6985,2868.748,0.000,0.019,0.018,0.000,0.000,0.000,0.019,0.000,0.000
6986,2869.176,0.000,0.019,0.018,0.000,0.000,0.000,0.019,0.000,0.000
6987,2869.604,0.000,0.019,0.018,0.000,0.000,0.000,0.019,0.000,0.000
6988,2870.032,0.000,0.019,0.018,0.000,0.000,0.000,0.019,0.000,0.000
6989,2870.460,0.000,0.019,0.018,0.000,0.000,0.000,0.019,0.000,0.000
6990,2870.888,0.000,0.019,0.018,0.000,0.000,0.000,0.019,0.000,0.000
6991,2871.316,0.000,0.019,0.018,0.000,0.000,0.000,0.019,0.000,0.000
6992,2871.744,0.000,0.019,0.018,0.000,0.000,0.000,0.019,0.000,0.000
6993,2872.172,0.000,0.019,0.018,0.000,0.000,0.000,0.019,0.000,0.000
6994,2872.600,0.000,0.019,0.018,0.000,0.000,0.000,0.019,0.000,0.000
6995,2873.028,0.000,0.019,0.018,0.000,0.000,0.000,0.019,0.000,0.000
6996,2873.456,0.000,0.019,0.018,0.000,0.000,0.000,0.019,0.000,0.000
6997,2873.885,0.000,0.019,0.018,0.000,0.000,0.000,0.019,0.000,0.000
6998,2874.313,0.000,0.019,0.018,0.000,0.000,0.000,0.019,0.000,0.000
6999,2874.741,0.000,0.019,0.018,0.000,0.000,0.000,0.019,0.000,0.000
7000,2875.169,0.000,0.019,0.018,0.000,0.000,0.000,0.019,0.000,0.000
7001,2875.597,0.000,0.020,0.018,0.000,0.000,0.000,0.020,0.000,0.000
7002,2876.025,0.000,0.020,0.018,0.000,0.000,0.000,0.020,0.000,0.000
7003,2876.453,0.901,0.020,0.018,0.000,0.000,0.000,0.020,0.000,0.000
7004,2876.881,0.000,0.020,0.018,0.000,0.000,0.000,0.020,0.000,0.000
7005,2877.309,1.958,0.020,0.018,0.000,0.000,0.000,0.020,0.000,0.000
7006,2877.737,0.000,0.020,0.019,0.000,0.000,0.000,0.020,0.000,0.000
7007,2878.165,0.000,0.020,0.019,0.000,0.000,0.000,0.020,0.000,0.000
7008,2878.593,0.925,0.020,0.019,0.000,0.000,0.000,0.020,0.000,0.000
7009,2879.021,0.980,0.020,0.019,0.000,0.000,0.000,0.020,0.000,0.000
7010,2879.449,0.000,0.020,0.019,0.000,0.000,0.000,0.020,0.000,0.000
7011,2879.877,0.000,0.020,0.019,0.000,0.000,0.000,0.020,0.000,0.000
7012,2880.305,0.000,0.020,0.019,0.000,0.000,0.000,0.020,0.000,0.000
7013,2880.733,0.000,0.020,0.019,0.000,0.000,0.000,0.020,0.000,0.000
7014,2881.161,0.000,0.020,0.019,0.000,0.000,0.000,0.020,0.000,0.000
7015,2881.589,0.000,0.020,0.019,0.000,0.000,0.000,0.020,0.000,0.000
7016,2882.017,0.000,0.020,0.019,0.000,0.000,0.000,0.020,0.000,0.000
7017,2882.445,0.000,0.020,0.019,0.000,0.000,0.000,0.020,0.000,0.000
7018,2882.874,0.000,0.020,0.019,0.000,0.000,0.000,0.020,0.000,0.000
7019,2883.302,0.000,0.021,0.019,0.000,0.000,0.000,0.021,0.000,0.000
7020,2883.730,0.000,0.021,0.019,0.000,0.000,0.000,0.021,0.000,0.000
7021,2884.158,0.000,0.021,0.019,0.000,0.000,0.000,0.021,0.000,0.000
7022,2884.586,0.000,0.021,0.019,0.000,0.000,0.000,0.021,0.000,0.000
7023,2885.014,0.000,0.021,0.019,0.000,0.000,0.000,0.021,0.000,0.000
7024,2885.442,0.000,0.021,0.019,0.000,0.000,0.000,0.021,0.000,0.000
7025,2885.870,0.000,0.021,0.019,0.000,0.000,0.000,0.021,0.000,0.000
7026,2886.298,0.000,0.021,0.019,0.000,0.000,0.000,0.021,0.000,0.000
7027,2886.726,0.000,0.021,0.019,0.000,0.000,0.000,0.021,0.000,0.000
7028,2887.154,0.000,0.021,0.020,0.000,0.000,0.000,0.021,0.000,0.000
7029,2887.582,0.000,0.021,0.020,0.000,0.000,0.000,0.021,0.000,0.000
7030,2888.010,0.000,0.021,0.020,0.000,0.000,0.000,0.021,0.000,0.000
7031,2888.438,0.000,0.021,0.020,0.000,0.000,0.000,0.021,0.000,0.000
7032,2888.866,0.000,0.021,0.020,0.000,0.000,0.000,0.021,0.000,0.000
7033,2889.294,0.000,0.021,0.020,0.000,0.000,0.000,0.021,0.000,0.000
7034,2889.722,0.906,0.021,0.020,0.000,0.000,0.000,0.021,0.000,0.000
7035,2890.150,0.000,0.021,0.020,0.000,0.000,0.000,0.021,0.000,0.000
7036,2890.578,0.000,0.021,0.020,0.000,0.000,0.000,0.021,0.000,0.000
7037,2891.007,0.000,0.021,0.020,0.000,0.000,0.000,0.021,0.000,0.000
7038,2891.435,0.000,0.022,0.020,0.000,0.000,0.000,0.022,0.000,0.000
7039,2891.863,0.000,0.022,0.020,0.000,0.000,0.000,0.022,0.000,0.000
7040,2892.291,0.000,0.022,0.020,0.000,0.000,0.000,0.022,0.000,0.000
7041,2892.719,0.000,0.022,0.020,0.000,0.000,0.000,0.022,0.000,0.000
7042,2893.147,0.000,0.022,0.020,0.000,0.000,0.000,0.022,0.000,0.000
7043,2893.575,0.000,0.022,0.020,0.000,0.000,0.000,0.022,0.000,0.000
7044,2894.003,0.000,0.022,0.020,0.000,0.000,0.000,0.022,0.000,0.000
7045,2894.431,0.000,0.022,0.020,0.000,0.000,0.000,0.022,0.000,0.000
7046,2894.859,0.000,0.022,0.020,0.000,0.000,0.000,0.022,0.000,0.000
7047,2895.287,0.000,0.022,0.020,0.000,0.000,0.000,0.022,0.000,0.000
7048,2895.715,0.945,0.022,0.020,0.000,0.000,0.000,0.022,0.000,0.000
7049,2896.143,0.945,0.022,0.020,0.000,0.000,0.000,0.022,0.000,0.000
7050,2896.571,0.000,0.022,0.020,0.000,0.000,0.000,0.022,0.000,0.000
7051,2896.999,0.000,0.022,0.021,0.000,0.000,0.000,0.022,0.000,0.000
7052,2897.427,0.000,0.022,0.021,0.000,0.000,0.000,0.022,0.000,0.000
7053,2897.856,0.000,0.022,0.021,0.000,0.000,0.000,0.022,0.000,0.000
7054,2898.284,0.000,0.022,0.021,0.000,0.000,0.000,0.022,0.000,0.000
7055,2898.712,0.000,0.022,0.021,0.000,0.000,0.000,0.022,0.000,0.000
7056,2899.140,0.000,0.022,0.021,0.000,0.000,0.000,0.022,0.000,0.000
7057,2899.568,0.000,0.022,0.021,0.000,0.000,0.000,0.022,0.000,0.000
7058,2899.996,0.000,0.022,0.021,0.000,0.000,0.000,0.022,0.000,0.000
7059,2900.424,0.000,0.023,0.021,0.000,0.000,0.000,0.023,0.000,0.000
7060,2900.852,0.000,0.023,0.021,0.000,0.000,0.000,0.023,0.000,0.000
7061,2901.280,0.953,0.023,0.021,0.000,0.000,0.000,0.023,0.000,0.000
7062,2901.708,0.000,0.023,0.021,0.000,0.000,0.000,0.023,0.000,0.000
7063,2902.136,0.000,0.023,0.021,0.000,0.000,0.000,0.023,0.000,0.000
7064,2902.564,0.000,0.023,0.021,0.000,0.000,0.000,0.023,0.000,0.000
7065,2902.992,0.000,0.023,0.021,0.000,0.000,0.000,0.023,0.000,0.000
7066,2903.420,0.836,0.023,0.021,0.000,0.000,0.000,0.023,0.000,0.000
7067,2903.848,0.000,0.023,0.021,0.000,0.000,0.000,0.023,0.000,0.000
7068,2904.276,0.000,0.023,0.021,0.000,0.000,0.000,0.023,0.000,0.000
7069,2904.705,0.000,0.023,0.021,0.000,0.000,0.000,0.023,0.000,0.000
7070,2905.133,0.000,0.023,0.021,0.000,0.000,0.000,0.023,0.000,0.000
7071,2905.561,0.000,0.023,0.021,0.000,0.000,0.000,0.023,0.000,0.000
7072,2905.989,0.000,0.023,0.021,0.000,0.000,0.000,0.023,0.000,0.000
7073,2906.417,0.000,0.023,0.021,0.000,0.000,0.000,0.023,0.000,0.000
7074,2906.845,0.000,0.023,0.022,0.000,0.000,0.000,0.023,0.000,0.000
7075,2907.273,0.000,0.023,0.022,0.000,0.000,0.000,0.023,0.000,0.000
7076,2907.701,0.941,0.023,0.022,0.000,0.000,0.000,0.023,0.000,0.000
7077,2908.129,0.000,0.023,0.022,0.000,0.000,0.000,0.023,0.000,0.000
7078,2908.557,0.000,0.023,0.022,0.000,0.000,0.000,0.023,0.000,0.000
7079,2908.985,0.000,0.023,0.022,0.000,0.000,0.000,0.023,0.000,0.000
7080,2909.413,0.945,0.023,0.022,0.000,0.000,0.000,0.023,0.000,0.000
7081,2909.841,0.000,0.024,0.022,0.000,0.000,0.000,0.024,0.000,0.000
7082,2910.269,0.000,0.024,0.022,0.000,0.000,0.000,0.024,0.000,0.000
7083,2910.698,0.000,0.024,0.022,0.000,0.000,0.000,0.024,0.000,0.000
7084,2911.126,0.000,0.024,0.022,0.000,0.000,0.000,0.024,0.000,0.000
7085,2911.554,0.000,0.024,0.022,0.000,0.000,0.000,0.024,0.000,0.000
7086,2911.982,0.000,0.024,0.022,0.000,0.000,0.000,0.024,0.000,0.000
7087,2912.410,0.000,0.024,0.022,0.000,0.000,0.000,0.024,0.000,0.000
7088,2912.838,0.000,0.024,0.022,0.000,0.000,0.000,0.024,0.000,0.000
7089,2913.266,0.000,0.024,0.022,0.000,0.000,0.000,0.024,0.000,0.000
7090,2913.694,0.000,0.024,0.022,0.000,0.000,0.000,0.024,0.000,0.000
7091,2914.122,0.939,0.024,0.022,0.000,0.000,0.000,0.024,0.000,0.000
7092,2914.550,0.000,0.024,0.022,0.000,0.000,0.000,0.024,0.000,0.000
7093,2914.978,0.885,0.024,0.022,0.000,0.000,0.000,0.024,0.000,0.000
7094,2915.406,0.000,0.024,0.022,0.000,0.000,0.000,0.024,0.000,0.000
7095,2915.834,0.000,0.024,0.022,0.000,0.000,0.000,0.024,0.000,0.000
7096,2916.263,0.000,0.024,0.023,0.000,0.000,0.000,0.024,0.000,0.000
7097,2916.691,0.000,0.024,0.023,0.000,0.000,0.000,0.024,0.000,0.000
7098,2917.119,0.000,0.024,0.023,0.000,0.000,0.000,0.024,0.000,0.000
7099,2917.547,0.000,0.024,0.023,0.000,0.000,0.000,0.024,0.000,0.000
7100,2917.975,0.000,0.024,0.023,0.000,0.000,0.000,0.024,0.000,0.000
7101,2918.403,0.000,0.024,0.023,0.000,0.000,0.000,0.024,0.000,0.000
7102,2918.831,0.000,0.024,0.023,0.000,0.000,0.000,0.024,0.000,0.000
7103,2919.259,0.000,0.024,0.023,0.000,0.000,0.000,0.024,0.000,0.000
7104,2919.687,0.000,0.024,0.023,0.000,0.000,0.000,0.024,0.000,0.000
7105,2920.115,0.000,0.024,0.023,0.000,0.000,0.000,0.024,0.000,0.000
7106,2920.543,0.000,0.025,0.023,0.000,0.000,0.000,0.025,0.000,0.000
7107,2920.971,0.000,0.025,0.023,0.000,0.000,0.000,0.025,0.000,0.000
7108,2921.399,0.000,0.025,0.023,0.000,0.000,0.000,0.025,0.000,0.000
7109,2921.828,0.000,0.025,0.023,0.000,0.000,0.000,0.025,0.000,0.000
7110,2922.256,0.000,0.025,0.023,0.000,0.000,0.000,0.025,0.000,0.000
7111,2922.684,0.837,0.025,0.023,0.000,0.000,0.000,0.025,0.000,0.000
7112,2923.112,0.000,0.025,0.023,0.000,0.000,0.000,0.025,0.000,0.000
7113,2923.540,0.000,0.025,0.023,0.000,0.000,0.000,0.025,0.000,0.000
7114,2923.968,0.000,0.025,0.023,0.000,0.000,0.000,0.025,0.000,0.000
7115,2924.396,0.000,0.025,0.023,0.000,0.000,0.000,0.025,0.000,0.000
7116,2924.824,0.000,0.025,0.023,0.000,0.000,0.000,0.025,0.000,0.000
7117,2925.252,0.000,0.025,0.023,0.000,0.000,0.000,0.025,0.000,0.000
7118,2925.680,0.000,0.025,0.023,0.000,0.000,0.000,0.025,0.000,0.000
7119,2926.108,0.892,0.025,0.024,0.000,0.000,0.000,0.025,0.000,0.000
7120,2926.536,0.000,0.025,0.024,0.000,0.000,0.000,0.025,0.000,0.000
7121,2926.965,0.000,0.025,0.024,0.000,0.000,0.000,0.025,0.000,0.000
7122,2927.393,0.000,0.025,0.024,0.000,0.000,0.000,0.025,0.000,0.000
7123,2927.821,0.000,0.025,0.024,0.000,0.000,0.000,0.025,0.000,0.000
7124,2928.249,0.000,0.025,0.024,0.000,0.000,0.000,0.025,0.000,0.000
7125,2928.677,0.000,0.025,0.024,0.000,0.000,0.000,0.025,0.000,0.000
7126,2929.105,0.000,0.025,0.024,0.000,0.000,0.000,0.025,0.000,0.000
7127,2929.533,0.000,0.025,0.024,0.000,0.000,0.000,0.025,0.000,0.000
7128,2929.961,0.000,0.025,0.024,0.000,0.000,0.000,0.025,0.000,0.000
7129,2930.389,0.000,0.025,0.024,0.000,0.000,0.000,0.025,0.000,0.000
7130,2930.817,0.000,0.025,0.024,0.000,0.000,0.000,0.025,0.000,0.000
7131,2931.245,0.000,0.025,0.024,0.000,0.000,0.000,0.025,0.000,0.000
7132,2931.673,0.000,0.025,0.024,0.000,0.000,0.000,0.025,0.000,0.000
7133,2932.102,0.000,0.025,0.024,0.000,0.000,0.000,0.025,0.000,0.000
7134,2932.530,0.000,0.025,0.024,0.000,0.000,0.000,0.025,0.000,0.000
7135,2932.958,0.000,0.026,0.024,0.000,0.000,0.000,0.026,0.000,0.000
7136,2933.386,0.000,0.026,0.024,0.000,0.000,0.000,0.026,0.000,0.000
7137,2933.814,0.000,0.026,0.024,0.000,0.000,0.000,0.026,0.000,0.000
7138,2934.242,0.000,0.026,0.024,0.000,0.000,0.000,0.026,0.000,0.000
7139,2934.670,0.000,0.026,0.024,0.000,0.000,0.000,0.026,0.000,0.000
7140,2935.098,0.000,0.026,0.024,0.000,0.000,0.000,0.026,0.000,0.000
7141,2935.526,0.000,0.026,0.025,0.000,0.000,0.000,0.026,0.000,0.000
7142,2935.954,0.000,0.026,0.025,0.000,0.000,0.000,0.026,0.000,0.000
7143,2936.382,0.000,0.026,0.025,0.000,0.000,0.000,0.026,0.000,0.000
7144,2936.811,0.000,0.026,0.025,0.000,0.000,0.000,0.026,0.000,0.000
7145,2937.239,0.000,0.026,0.025,0.000,0.000,0.000,0.026,0.000,0.000
7146,2937.667,0.000,0.026,0.025,0.000,0.000,0.000,0.026,0.000,0.000
7147,2938.095,0.000,0.026,0.025,0.000,0.000,0.000,0.026,0.000,0.000
7148,2938.523,0.000,0.026,0.025,0.000,0.000,0.000,0.026,0.000,0.000
7149,2938.951,0.996,0.026,0.025,0.000,0.000,0.000,0.026,0.000,0.000
7150,2939.379,0.000,0.026,0.025,0.000,0.000,0.000,0.026,0.000,0.000
7151,2939.807,0.000,0.026,0.025,0.000,0.000,0.000,0.026,0.000,0.000
7152,2940.235,0.000,0.026,0.025,0.000,0.000,0.000,0.026,0.000,0.000
7153,2940.663,0.000,0.026,0.025,0.000,0.000,0.000,0.026,0.000,0.000
7154,2941.091,0.000,0.026,0.025,0.000,0.000,0.000,0.026,0.000,0.000
7155,2941.519,0.000,0.026,0.025,0.000,0.000,0.000,0.026,0.000,0.000
7156,2941.948,0.000,0.026,0.025,0.000,0.000,0.000,0.026,0.000,0.000
7157,2942.376,0.000,0.026,0.025,0.000,0.000,0.000,0.026,0.000,0.000
7158,2942.804,0.000,0.026,0.025,0.000,0.000,0.000,0.026,0.000,0.000
7159,2943.232,0.000,0.026,0.025,0.000,0.000,0.000,0.026,0.000,0.000
7160,2943.660,0.000,0.026,0.025,0.000,0.000,0.000,0.026,0.000,0.000
7161,2944.088,0.000,0.026,0.025,0.000,0.000,0.000,0.026,0.000,0.000
7162,2944.516,0.000,0.026,0.025,0.000,0.000,0.000,0.026,0.000,0.000
7163,2944.944,0.000,0.026,0.025,0.000,0.000,0.000,0.026,0.000,0.000
7164,2945.372,0.000,0.026,0.026,0.000,0.000,0.000,0.026,0.000,0.000
7165,2945.800,0.000,0.026,0.026,0.000,0.000,0.000,0.026,0.000,0.000
7166,2946.229,0.000,0.027,0.026,0.000,0.000,0.000,0.027,0.000,0.000
7167,2946.657,0.000,0.027,0.026,0.000,0.000,0.000,0.027,0.000,0.000
7168,2947.085,0.000,0.027,0.026,0.000,0.000,0.000,0.027,0.000,0.000
7169,2947.513,0.000,0.027,0.026,0.000,0.000,0.000,0.027,0.000,0.000
7170,2947.941,0.000,0.027,0.026,0.000,0.000,0.000,0.027,0.000,0.000
7171,2948.369,0.000,0.027,0.026,0.000,0.000,0.000,0.027,0.000,0.000
7172,2948.797,0.000,0.027,0.026,0.000,0.000,0.000,0.027,0.000,0.000
7173,2949.225,0.000,0.027,0.026,0.000,0.000,0.000,0.027,0.000,0.000
7174,2949.653,0.000,0.027,0.026,0.000,0.000,0.000,0.027,0.000,0.000
7175,2950.081,0.000,0.027,0.026,0.000,0.000,0.000,0.027,0.000,0.000
7176,2950.509,0.000,0.027,0.026,0.000,0.000,0.000,0.027,0.000,0.000
7177,2950.938,0.000,0.027,0.026,0.000,0.000,0.000,0.027,0.000,0.000
7178,2951.366,0.000,0.027,0.026,0.000,0.000,0.000,0.027,0.000,0.000
7179,2951.794,0.998,0.027,0.026,0.000,0.000,0.000,0.027,0.000,0.000
7180,2952.222,0.000,0.027,0.026,0.000,0.000,0.000,0.027,0.000,0.000
7181,2952.650,0.000,0.027,0.026,0.000,0.000,0.000,0.027,0.000,0.000
7182,2953.078,0.000,0.027,0.026,0.000,0.000,0.000,0.027,0.000,0.000
7183,2953.506,0.000,0.027,0.026,0.000,0.000,0.000,0.027,0.000,0.000
7184,2953.934,0.000,0.027,0.026,0.000,0.000,0.000,0.027,0.000,0.000
7185,2954.362,0.000,0.027,0.026,0.000,0.000,0.000,0.027,0.000,0.000
7186,2954.790,0.000,0.027,0.026,0.000,0.000,0.000,0.027,0.000,0.000
7187,2955.219,0.890,0.027,0.027,0.000,0.000,0.000,0.027,0.000,0.000
7188,2955.647,0.000,0.027,0.027,0.000,0.000,0.000,0.027,0.000,0.000
7189,2956.075,0.000,0.027,0.027,0.000,0.000,0.000,0.027,0.000,0.000
7190,2956.503,0.000,0.027,0.027,0.000,0.000,0.000,0.027,0.000,0.000
7191,2956.931,0.000,0.027,0.027,0.000,0.000,0.000,0.027,0.000,0.000
7192,2957.359,0.839,0.027,0.027,0.000,0.000,0.000,0.027,0.000,0.000
7193,2957.787,0.000,0.027,0.027,0.000,0.000,0.000,0.027,0.000,0.000
7194,2958.215,0.000,0.027,0.027,0.000,0.000,0.000,0.027,0.000,0.000
7195,2958.643,0.000,0.027,0.027,0.000,0.000,0.000,0.027,0.000,0.000
7196,2959.071,0.000,0.028,0.027,0.000,0.000,0.000,0.028,0.000,0.000
7197,2959.499,0.000,0.028,0.027,0.000,0.000,0.000,0.028,0.000,0.000
7198,2959.928,0.000,0.028,0.027,0.000,0.000,0.000,0.028,0.000,0.000
7199,2960.356,0.000,0.028,0.027,0.000,0.000,0.000,0.028,0.000,0.000
7200,2960.784,0.946,0.028,0.027,0.000,0.000,0.000,0.028,0.000,0.000
7201,2961.212,0.000,0.028,0.027,0.000,0.000,0.000,0.028,0.000,0.000
7202,2961.640,0.000,0.028,0.027,0.000,0.000,0.000,0.028,0.000,0.000
7203,2962.068,0.000,0.028,0.027,0.000,0.000,0.000,0.028,0.000,0.000
7204,2962.496,0.000,0.028,0.027,0.000,0.000,0.000,0.028,0.000,0.000
7205,2962.924,0.000,0.028,0.027,0.000,0.000,0.000,0.028,0.000,0.000
7206,2963.352,0.000,0.028,0.027,0.000,0.000,0.000,0.028,0.000,0.000
7207,2963.780,0.892,0.028,0.027,0.000,0.000,0.000,0.028,0.000,0.000
7208,2964.209,0.000,0.028,0.027,0.000,0.000,0.000,0.028,0.000,0.000
7209,2964.637,0.000,0.028,0.028,0.000,0.000,0.000,0.028,0.000,0.000
7210,2965.065,0.000,0.028,0.028,0.000,0.000,0.000,0.028,0.000,0.000
7211,2965.493,0.000,0.028,0.028,0.000,0.000,0.000,0.028,0.000,0.000
7212,2965.921,0.000,0.028,0.028,0.000,0.000,0.000,0.028,0.000,0.000
7213,2966.349,0.000,0.028,0.028,0.000,0.000,0.000,0.028,0.000,0.000
7214,2966.777,0.000,0.028,0.028,0.000,0.000,0.000,0.028,0.000,0.000
7215,2967.205,0.000,0.028,0.028,0.000,0.000,0.000,0.028,0.000,0.000
7216,2967.633,0.946,0.028,0.028,0.000,0.000,0.000,0.028,0.000,0.000
7217,2968.061,0.999,0.028,0.028,0.000,0.000,0.000,0.028,0.000,0.000
7218,2968.490,0.000,0.028,0.028,0.000,0.000,0.000,0.028,0.000,0.000
7219,2968.918,0.000,0.028,0.028,0.000,0.000,0.000,0.028,0.000,0.000
7220,2969.346,0.998,0.028,0.028,0.000,0.000,0.000,0.028,0.000,0.000
7221,2969.774,0.000,0.028,0.028,0.000,0.000,0.000,0.028,0.000,0.000
7222,2970.202,0.944,0.028,0.028,0.000,0.000,0.000,0.028,0.000,0.000
7223,2970.630,0.000,0.028,0.028,0.000,0.000,0.000,0.028,0.000,0.000
7224,2971.058,0.000,0.029,0.028,0.000,0.000,0.000,0.029,0.000,0.000
7225,2971.486,0.000,0.029,0.028,0.000,0.000,0.000,0.029,0.000,0.000
7226,2971.914,0.000,0.029,0.028,0.000,0.000,0.000,0.029,0.000,0.000
7227,2972.342,0.000,0.029,0.028,0.000,0.000,0.000,0.029,0.000,0.000
7228,2972.771,0.000,0.029,0.028,0.000,0.000,0.000,0.029,0.000,0.000
7229,2973.199,0.000,0.029,0.028,0.000,0.000,0.000,0.029,0.000,0.000
7230,2973.627,0.000,0.029,0.028,0.000,0.000,0.000,0.029,0.000,0.000
7231,2974.055,0.000,0.029,0.028,0.000,0.000,0.000,0.029,0.000,0.000
7232,2974.483,0.000,0.029,0.029,0.000,0.000,0.000,0.029,0.000,0.000
7233,2974.911,0.000,0.029,0.029,0.000,0.000,0.000,0.029,0.000,0.000
7234,2975.339,0.000,0.029,0.029,0.000,0.000,0.000,0.029,0.000,0.000
7235,2975.767,0.000,0.029,0.029,0.000,0.000,0.000,0.029,0.000,0.000
7236,2976.195,0.000,0.029,0.029,0.000,0.000,0.000,0.029,0.000,0.000
7237,2976.624,0.000,0.029,0.029,0.000,0.000,0.000,0.029,0.000,0.000
7238,2977.052,0.000,0.029,0.029,0.000,0.000,0.000,0.029,0.000,0.000
7239,2977.480,0.000,0.029,0.029,0.000,0.000,0.000,0.029,0.000,0.000
7240,2977.908,0.000,0.029,0.029,0.000,0.000,0.000,0.029,0.000,0.000
7241,2978.336,0.000,0.029,0.029,0.000,0.000,0.000,0.029,0.000,0.000
7242,2978.764,0.000,0.029,0.029,0.000,0.000,0.000,0.029,0.000,0.000
7243,2979.192,0.000,0.029,0.029,0.000,0.000,0.000,0.029,0.000,0.000
7244,2979.620,0.000,0.029,0.029,0.000,0.000,0.000,0.029,0.000,0.000
7245,2980.048,0.000,0.029,0.029,0.000,0.000,0.000,0.029,0.000,0.000
7246,2980.476,0.000,0.029,0.029,0.000,0.000,0.000,0.029,0.000,0.000
7247,2980.905,0.000,0.029,0.029,0.000,0.000,0.000,0.029,0.000,0.000
7248,2981.333,0.000,0.029,0.029,0.000,0.000,0.000,0.029,0.000,0.000
7249,2981.761,0.000,0.029,0.029,0.000,0.000,0.000,0.029,0.000,0.000
7250,2982.189,0.000,0.030,0.029,0.000,0.000,0.000,0.030,0.000,0.000
7251,2982.617,0.000,0.030,0.029,0.000,0.000,0.000,0.030,0.000,0.000
7252,2983.045,0.804,0.030,0.029,0.000,0.000,0.000,0.030,0.000,0.000
7253,2983.473,0.000,0.030,0.029,0.000,0.000,0.000,0.030,0.000,0.000
7254,2983.901,0.000,0.030,0.029,0.000,0.000,0.000,0.030,0.000,0.000
7255,2984.329,0.000,0.030,0.030,0.000,0.000,0.000,0.030,0.000,0.000
7256,2984.757,0.000,0.030,0.030,0.000,0.000,0.000,0.030,0.000,0.000
7257,2985.186,0.000,0.030,0.030,0.000,0.000,0.000,0.030,0.000,0.000
7258,2985.614,0.000,0.030,0.030,0.000,0.000,0.000,0.030,0.000,0.000
7259,2986.042,0.000,0.030,0.030,0.000,0.000,0.000,0.030,0.000,0.000
7260,2986.470,0.000,0.030,0.030,0.000,0.000,0.000,0.030,0.000,0.000
7261,2986.898,0.000,0.030,0.030,0.000,0.000,0.000,0.030,0.000,0.000
7262,2987.326,0.000,0.030,0.030,0.000,0.000,0.000,0.030,0.000,0.000
7263,2987.754,0.891,0.030,0.030,0.000,0.000,0.000,0.030,0.000,0.000
7264,2988.182,0.000,0.030,0.030,0.000,0.000,0.000,0.030,0.000,0.000
7265,2988.610,0.000,0.030,0.030,0.000,0.000,0.000,0.030,0.000,0.000
7266,2989.039,0.000,0.030,0.030,0.000,0.000,0.000,0.030,0.000,0.000
7267,2989.467,0.000,0.030,0.030,0.000,0.000,0.000,0.030,0.000,0.000
7268,2989.895,0.000,0.030,0.030,0.000,0.000,0.000,0.030,0.000,0.000
7269,2990.323,0.000,0.030,0.030,0.000,0.000,0.000,0.030,0.000,0.000
7270,2990.751,0.000,0.030,0.030,0.000,0.000,0.000,0.030,0.000,0.000
7271,2991.179,0.000,0.030,0.030,0.000,0.000,0.000,0.030,0.000,0.000
7272,2991.607,0.957,0.030,0.030,0.000,0.000,0.000,0.030,0.000,0.000
7273,2992.035,0.000,0.030,0.030,0.000,0.000,0.000,0.030,0.000,0.000
7274,2992.463,0.000,0.030,0.030,0.000,0.000,0.000,0.030,0.000,0.000
7275,2992.892,0.000,0.031,0.030,0.000,0.000,0.000,0.031,0.000,0.000
7276,2993.320,0.000,0.031,0.030,0.000,0.000,0.000,0.031,0.000,0.000
7277,2993.748,0.000,0.031,0.031,0.000,0.000,0.000,0.031,0.000,0.000
7278,2994.176,0.000,0.031,0.031,0.000,0.000,0.000,0.031,0.000,0.000
7279,2994.604,0.000,0.031,0.031,0.000,0.000,0.000,0.031,0.000,0.000
7280,2995.032,0.000,0.031,0.031,0.000,0.000,0.000,0.031,0.000,0.000
7281,2995.460,0.000,0.031,0.031,0.000,0.000,0.000,0.031,0.000,0.000
7282,2995.888,0.000,0.031,0.031,0.000,0.000,0.000,0.031,0.000,0.000
7283,2996.316,0.000,0.031,0.031,0.000,0.000,0.000,0.031,0.000,0.000
7284,2996.744,0.971,0.031,0.031,0.000,0.000,0.000,0.031,0.000,0.000
7285,2997.173,0.000,0.031,0.031,0.000,0.000,0.000,0.031,0.000,0.000
7286,2997.601,0.000,0.031,0.031,0.000,0.000,0.000,0.031,0.000,0.000
7287,2998.029,0.000,0.031,0.031,0.000,0.000,0.000,0.031,0.000,0.000
7288,2998.457,0.000,0.031,0.031,0.000,0.000,0.000,0.031,0.000,0.000
7289,2998.885,0.000,0.031,0.031,0.000,0.000,0.000,0.031,0.000,0.000
7290,2999.313,0.000,0.031,0.031,0.000,0.000,0.000,0.031,0.000,0.000
7291,2999.741,0.000,0.031,0.031,0.000,0.000,0.000,0.031,0.000,0.000
7292,3000.169,0.000,0.031,0.031,0.000,0.000,0.000,0.031,0.000,0.000
7293,3000.597,0.000,0.031,0.031,0.000,0.000,0.000,0.031,0.000,0.000
7294,3001.026,0.000,0.031,0.031,0.000,0.000,0.000,0.031,0.000,0.000
7295,3001.454,0.000,0.031,0.031,0.000,0.000,0.000,0.031,0.000,0.000
7296,3001.882,0.000,0.031,0.031,0.000,0.000,0.000,0.031,0.000,0.000
7297,3002.310,0.000,0.031,0.031,0.000,0.000,0.000,0.031,0.000,0.000
7298,3002.738,0.000,0.031,0.031,0.000,0.000,0.000,0.031,0.000,0.000
7299,3003.166,0.000,0.032,0.031,0.000,0.000,0.000,0.032,0.000,0.000
7300,3003.594,0.000,0.032,0.032,0.000,0.000,0.000,0.032,0.000,0.000
7301,3004.022,0.000,0.032,0.032,0.000,0.000,0.000,0.032,0.000,0.000
7302,3004.450,0.000,0.032,0.032,0.000,0.000,0.000,0.032,0.000,0.000
7303,3004.878,1.946,0.032,0.032,0.000,0.000,0.000,0.032,0.000,0.000
7304,3005.307,0.000,0.032,0.032,0.000,0.000,0.000,0.032,0.000,0.000
7305,3005.735,0.000,0.032,0.032,0.000,0.000,0.000,0.032,0.000,0.000
7306,3006.163,0.000,0.032,0.032,0.000,0.000,0.000,0.032,0.000,0.000
7307,3006.591,0.000,0.032,0.032,0.000,0.000,0.000,0.032,0.000,0.000
7308,3007.019,0.000,0.032,0.032,0.000,0.000,0.000,0.032,0.000,0.000
7309,3007.447,0.000,0.032,0.032,0.000,0.000,0.000,0.032,0.000,0.000
7310,3007.875,0.000,0.032,0.032,0.000,0.000,0.000,0.032,0.000,0.000
7311,3008.303,0.000,0.032,0.032,0.000,0.000,0.000,0.032,0.000,0.000
7312,3008.731,0.000,0.032,0.032,0.000,0.000,0.000,0.032,0.000,0.000
7313,3009.160,0.000,0.032,0.032,0.000,0.000,0.000,0.032,0.000,0.000
7314,3009.588,0.000,0.032,0.032,0.000,0.000,0.000,0.032,0.000,0.000
7315,3010.016,0.000,0.032,0.032,0.000,0.000,0.000,0.032,0.000,0.000
7316,3010.444,0.000,0.032,0.032,0.000,0.000,0.000,0.032,0.000,0.000
7317,3010.872,0.886,0.032,0.032,0.000,0.000,0.000,0.032,0.000,0.000
7318,3011.300,0.000,0.032,0.032,0.000,0.000,0.000,0.032,0.000,0.000
7319,3011.728,0.000,0.032,0.032,0.000,0.000,0.000,0.032,0.000,0.000
7320,3012.156,0.000,0.032,0.032,0.000,0.000,0.000,0.032,0.000,0.000
7321,3012.584,0.000,0.032,0.032,0.000,0.000,0.000,0.032,0.000,0.000
7322,3013.013,0.000,0.033,0.032,0.000,0.000,0.000,0.033,0.000,0.000
7323,3013.441,0.000,0.033,0.033,0.000,0.000,0.000,0.033,0.000,0.000
7324,3013.869,0.946,0.033,0.033,0.000,0.000,0.000,0.033,0.000,0.000
7325,3014.297,0.000,0.033,0.033,0.000,0.000,0.000,0.033,0.000,0.000
7326,3014.725,0.000,0.033,0.033,0.000,0.000,0.000,0.033,0.000,0.000
7327,3015.153,0.000,0.033,0.033,0.000,0.000,0.000,0.033,0.000,0.000
7328,3015.581,0.000,0.033,0.033,0.000,0.000,0.000,0.033,0.000,0.000
7329,3016.009,0.000,0.033,0.033,0.000,0.000,0.000,0.033,0.000,0.000
7330,3016.437,0.000,0.033,0.033,0.000,0.000,0.000,0.033,0.000,0.000
7331,3016.866,0.000,0.033,0.033,0.000,0.000,0.000,0.033,0.000,0.000
7332,3017.294,0.000,0.033,0.033,0.000,0.000,0.000,0.033,0.000,0.000
7333,3017.722,0.000,0.033,0.033,0.000,0.000,0.000,0.033,0.000,0.000
7334,3018.150,0.000,0.033,0.033,0.000,0.000,0.000,0.033,0.000,0.000
7335,3018.578,0.000,0.033,0.033,0.000,0.000,0.000,0.033,0.000,0.000
7336,3019.006,0.000,0.033,0.033,0.000,0.000,0.000,0.033,0.000,0.000
7337,3019.434,0.000,0.033,0.033,0.000,0.000,0.000,0.033,0.000,0.000
7338,3019.862,0.000,0.033,0.033,0.000,0.000,0.000,0.033,0.000,0.000
7339,3020.290,0.000,0.033,0.033,0.000,0.000,0.000,0.033,0.000,0.000
7340,3020.718,0.000,0.033,0.033,0.000,0.000,0.000,0.033,0.000,0.000
7341,3021.147,0.000,0.033,0.033,0.000,0.000,0.000,0.033,0.000,0.000
7342,3021.575,0.000,0.033,0.033,0.000,0.000,0.000,0.033,0.000,0.000
7343,3022.003,0.000,0.033,0.033,0.000,0.000,0.000,0.033,0.000,0.000
7344,3022.431,0.000,0.033,0.033,0.000,0.000,0.000,0.033,0.000,0.000
7345,3022.859,0.000,0.034,0.034,0.000,0.000,0.000,0.034,0.000,0.000
7346,3023.287,0.911,0.034,0.034,0.000,0.000,0.000,0.034,0.000,0.000
7347,3023.715,0.000,0.034,0.034,0.000,0.000,0.000,0.034,0.000,0.000
7348,3024.143,0.910,0.034,0.034,0.000,0.000,0.000,0.034,0.000,0.000
7349,3024.571,0.000,0.034,0.034,0.000,0.000,0.000,0.034,0.000,0.000
7350,3025.000,0.000,0.034,0.034,0.000,0.000,0.000,0.034,0.000,0.000
7351,3025.428,0.000,0.034,0.034,0.000,0.000,0.000,0.034,0.000,0.000
7352,3025.856,0.000,0.034,0.034,0.000,0.000,0.000,0.034,0.000,0.000
7353,3026.284,0.000,0.034,0.034,0.000,0.000,0.000,0.034,0.000,0.000
7354,3026.712,0.000,0.034,0.034,0.000,0.000,0.000,0.034,0.000,0.000
7355,3027.140,0.000,0.034,0.034,0.000,0.000,0.000,0.034,0.000,0.000
7356,3027.568,0.000,0.034,0.034,0.000,0.000,0.000,0.034,0.000,0.000
7357,3027.996,0.000,0.034,0.034,0.000,0.000,0.000,0.034,0.000,0.000
7358,3028.424,0.000,0.034,0.034,0.000,0.000,0.000,0.034,0.000,0.000
7359,3028.852,0.000,0.034,0.034,0.000,0.000,0.000,0.034,0.000,0.000
7360,3029.281,0.946,0.034,0.034,0.000,0.000,0.000,0.034,0.000,0.000
7361,3029.709,0.000,0.034,0.034,0.000,0.000,0.000,0.034,0.000,0.000
7362,3030.137,0.000,0.034,0.034,0.000,0.000,0.000,0.034,0.000,0.000
7363,3030.565,0.000,0.034,0.034,0.000,0.000,0.000,0.034,0.000,0.000
7364,3030.993,0.000,0.034,0.034,0.000,0.000,0.000,0.034,0.000,0.000
7365,3031.421,0.989,0.034,0.034,0.000,0.000,0.000,0.034,0.000,0.000
7366,3031.849,0.000,0.034,0.034,0.000,0.000,0.000,0.034,0.000,0.000
7367,3032.277,0.000,0.035,0.034,0.000,0.000,0.000,0.035,0.000,0.000
7368,3032.705,0.000,0.035,0.035,0.000,0.000,0.000,0.035,0.000,0.000
7369,3033.134,0.000,0.035,0.035,0.000,0.000,0.000,0.035,0.000,0.000
7370,3033.562,0.000,0.035,0.035,0.000,0.000,0.000,0.035,0.000,0.000
7371,3033.990,0.000,0.035,0.035,0.000,0.000,0.000,0.035,0.000,0.000
7372,3034.418,0.000,0.035,0.035,0.000,0.000,0.000,0.035,0.000,0.000
7373,3034.846,0.000,0.035,0.035,0.000,0.000,0.000,0.035,0.000,0.000
7374,3035.274,0.000,0.035,0.035,0.000,0.000,0.000,0.035,0.000,0.000
7375,3035.702,0.000,0.035,0.035,0.000,0.000,0.000,0.035,0.000,0.000
7376,3036.130,0.000,0.035,0.035,0.000,0.000,0.000,0.035,0.000,0.000
7377,3036.558,0.000,0.035,0.035,0.000,0.000,0.000,0.035,0.000,0.000
7378,3036.987,0.000,0.035,0.035,0.000,0.000,0.000,0.035,0.000,0.000
7379,3037.415,0.000,0.035,0.035,0.000,0.000,0.000,0.035,0.000,0.000
7380,3037.843,0.950,0.035,0.035,0.000,0.000,0.000,0.035,0.000,0.000
7381,3038.271,0.000,0.035,0.035,0.000,0.000,0.000,0.035,0.000,0.000
7382,3038.699,0.991,0.035,0.035,0.000,0.000,0.000,0.035,0.000,0.000
7383,3039.127,0.000,0.035,0.035,0.000,0.000,0.000,0.035,0.000,0.000
7384,3039.555,0.896,0.035,0.035,0.000,0.000,0.000,0.035,0.000,0.000
7385,3039.983,0.000,0.035,0.035,0.000,0.000,0.000,0.035,0.000,0.000
7386,3040.411,0.000,0.035,0.035,0.000,0.000,0.000,0.035,0.000,0.000
7387,3040.839,0.000,0.035,0.035,0.000,0.000,0.000,0.035,0.000,0.000
7388,3041.268,0.000,0.035,0.035,0.000,0.000,0.000,0.035,0.000,0.000
7389,3041.696,1.000,0.035,0.035,0.000,0.000,0.000,0.035,0.000,0.000
7390,3042.124,0.000,0.035,0.035,0.000,0.000,0.000,0.035,0.000,0.000
7391,3042.552,0.000,0.035,0.035,0.000,0.000,0.000,0.035,0.000,0.000
7392,3042.980,0.000,0.035,0.035,0.000,0.000,0.000,0.035,0.000,0.000
7393,3043.408,0.000,0.036,0.035,0.000,0.000,0.000,0.036,0.000,0.000
7394,3043.836,0.000,0.036,0.035,0.000,0.000,0.000,0.036,0.000,0.000
7395,3044.264,0.000,0.036,0.035,0.000,0.000,0.000,0.036,0.000,0.000
7396,3044.692,0.000,0.036,0.036,0.000,0.000,0.000,0.036,0.000,0.000
7397,3045.120,0.000,0.036,0.036,0.000,0.000,0.000,0.036,0.000,0.000
7398,3045.549,0.000,0.036,0.036,0.000,0.000,0.000,0.036,0.000,0.000
7399,3045.977,0.000,0.036,0.036,0.000,0.000,0.000,0.036,0.000,0.000
7400,3046.405,0.000,0.036,0.036,0.000,0.000,0.000,0.036,0.000,0.000
7401,3046.833,0.000,0.036,0.036,0.000,0.000,0.000,0.036,0.000,0.000
7402,3047.261,0.000,0.036,0.036,0.000,0.000,0.000,0.036,0.000,0.000
7403,3047.689,0.000,0.036,0.036,0.000,0.000,0.000,0.036,0.000,0.000
7404,3048.117,0.000,0.036,0.036,0.000,0.000,0.000,0.036,0.000,0.000
7405,3048.545,0.000,0.036,0.036,0.000,0.000,0.000,0.036,0.000,0.000
7406,3048.973,0.000,0.036,0.036,0.000,0.000,0.000,0.036,0.000,0.000
7407,3049.402,0.000,0.036,0.036,0.000,0.000,0.000,0.036,0.000,0.000
7408,3049.830,0.000,0.036,0.036,0.000,0.000,0.000,0.036,0.000,0.000
7409,3050.258,0.000,0.036,0.036,0.000,0.000,0.000,0.036,0.000,0.000
7410,3050.686,0.000,0.036,0.036,0.000,0.000,0.000,0.036,0.000,0.000
7411,3051.114,0.904,0.036,0.036,0.000,0.000,0.000,0.036,0.000,0.000
7412,3051.542,0.000,0.036,0.036,0.000,0.000,0.000,0.036,0.000,0.000
7413,3051.970,0.000,0.036,0.036,0.000,0.000,0.000,0.036,0.000,0.000
7414,3052.398,0.000,0.036,0.036,0.000,0.000,0.000,0.036,0.000,0.000
7415,3052.826,0.946,0.036,0.036,0.000,0.000,0.000,0.036,0.000,0.000
7416,3053.254,0.000,0.036,0.036,0.000,0.000,0.000,0.036,0.000,0.000
7417,3053.683,0.000,0.036,0.036,0.000,0.000,0.000,0.036,0.000,0.000
7418,3054.111,0.000,0.036,0.036,0.000,0.000,0.000,0.036,0.000,0.000
7419,3054.539,0.000,0.036,0.036,0.000,0.000,0.000,0.036,0.000,0.000
7420,3054.967,0.000,0.037,0.036,0.000,0.000,0.000,0.037,0.000,0.000
7421,3055.395,0.000,0.037,0.036,0.000,0.000,0.000,0.037,0.000,0.000
7422,3055.823,0.000,0.037,0.036,0.000,0.000,0.000,0.037,0.000,0.000
7423,3056.251,0.000,0.037,0.036,0.000,0.000,0.000,0.037,0.000,0.000
7424,3056.679,0.000,0.037,0.036,0.000,0.000,0.000,0.037,0.000,0.000
7425,3057.107,0.000,0.037,0.037,0.000,0.000,0.000,0.037,0.000,0.000
7426,3057.535,0.000,0.037,0.037,0.000,0.000,0.000,0.037,0.000,0.000
7427,3057.964,0.000,0.037,0.037,0.000,0.000,0.000,0.037,0.000,0.000
7428,3058.392,0.000,0.037,0.037,0.000,0.000,0.000,0.037,0.000,0.000
7429,3058.820,0.000,0.037,0.037,0.000,0.000,0.000,0.037,0.000,0.000
7430,3059.248,0.000,0.037,0.037,0.000,0.000,0.000,0.037,0.000,0.000
7431,3059.676,0.000,0.037,0.037,0.000,0.000,0.000,0.037,0.000,0.000
7432,3060.104,0.000,0.037,0.037,0.000,0.000,0.000,0.037,0.000,0.000
7433,3060.532,0.000,0.037,0.037,0.000,0.000,0.000,0.037,0.000,0.000
7434,3060.960,0.000,0.037,0.037,0.000,0.000,0.000,0.037,0.000,0.000
7435,3061.388,0.886,0.037,0.037,0.000,0.000,0.000,0.037,0.000,0.000
7436,3061.816,0.000,0.037,0.037,0.000,0.000,0.000,0.037,0.000,0.000
7437,3062.245,0.000,0.037,0.037,0.000,0.000,0.000,0.037,0.000,0.000
7438,3062.673,0.000,0.037,0.037,0.000,0.000,0.000,0.037,0.000,0.000
7439,3063.101,0.000,0.037,0.037,0.000,0.000,0.000,0.037,0.000,0.000
7440,3063.529,0.000,0.037,0.037,0.000,0.000,0.000,0.037,0.000,0.000
7441,3063.957,0.000,0.037,0.037,0.000,0.000,0.000,0.037,0.000,0.000
7442,3064.385,0.000,0.037,0.037,0.000,0.000,0.000,0.037,0.000,0.000
7443,3064.813,0.000,0.037,0.037,0.000,0.000,0.000,0.037,0.000,0.000
7444,3065.241,0.000,0.038,0.037,0.000,0.000,0.000,0.038,0.000,0.000
7445,3065.669,0.000,0.038,0.037,0.000,0.000,0.000,0.038,0.000,0.000
7446,3066.097,0.871,0.038,0.037,0.000,0.000,0.000,0.038,0.000,0.000
7447,3066.526,0.000,0.038,0.037,0.000,0.000,0.000,0.038,0.000,0.000
7448,3066.954,0.913,0.038,0.037,0.000,0.000,0.000,0.038,0.000,0.000
7449,3067.382,0.966,0.038,0.037,0.000,0.000,0.000,0.038,0.000,0.000
7450,3067.810,0.000,0.038,0.037,0.000,0.000,0.000,0.038,0.000,0.000
7451,3068.238,0.000,0.038,0.037,0.000,0.000,0.000,0.038,0.000,0.000
7452,3068.666,0.000,0.038,0.037,0.000,0.000,0.000,0.038,0.000,0.000
7453,3069.094,0.000,0.038,0.037,0.000,0.000,0.000,0.038,0.000,0.000
7454,3069.522,0.000,0.038,0.038,0.000,0.000,0.000,0.038,0.000,0.000
7455,3069.950,0.000,0.038,0.038,0.000,0.000,0.000,0.038,0.000,0.000
7456,3070.378,0.946,0.038,0.038,0.000,0.000,0.000,0.038,0.000,0.000
7457,3070.806,0.000,0.038,0.038,0.000,0.000,0.000,0.038,0.000,0.000
7458,3071.235,0.000,0.038,0.038,0.000,0.000,0.000,0.038,0.000,0.000
7459,3071.663,0.000,0.038,0.038,0.000,0.000,0.000,0.038,0.000,0.000
7460,3072.091,0.000,0.038,0.038,0.000,0.000,0.000,0.038,0.000,0.000
7461,3072.519,0.000,0.038,0.038,0.000,0.000,0.000,0.038,0.000,0.000
7462,3072.947,0.000,0.038,0.038,0.000,0.000,0.000,0.038,0.000,0.000
7463,3073.375,0.000,0.038,0.038,0.000,0.000,0.000,0.038,0.000,0.000
7464,3073.803,0.000,0.038,0.038,0.000,0.000,0.000,0.038,0.000,0.000
7465,3074.231,0.000,0.038,0.038,0.000,0.000,0.000,0.038,0.000,0.000
7466,3074.659,0.000,0.038,0.038,0.000,0.000,0.000,0.038,0.000,0.000
7467,3075.087,0.000,0.038,0.038,0.000,0.000,0.000,0.038,0.000,0.000
7468,3075.516,0.000,0.039,0.038,0.000,0.000,0.000,0.039,0.000,0.000
7469,3075.944,0.000,0.039,0.038,0.000,0.000,0.000,0.039,0.000,0.000
7470,3076.372,0.000,0.039,0.038,0.000,0.000,0.000,0.039,0.000,0.000
7471,3076.800,0.000,0.039,0.038,0.000,0.000,0.000,0.039,0.000,0.000
7472,3077.228,0.000,0.039,0.038,0.000,0.000,0.000,0.039,0.000,0.000
7473,3077.656,0.000,0.039,0.038,0.000,0.000,0.000,0.039,0.000,0.000
7474,3078.084,0.000,0.039,0.038,0.000,0.000,0.000,0.039,0.000,0.000
7475,3078.512,0.000,0.039,0.038,0.000,0.000,0.000,0.039,0.000,0.000
7476,3078.940,0.000,0.039,0.038,0.000,0.000,0.000,0.039,0.000,0.000
7477,3079.368,0.000,0.039,0.038,0.000,0.000,0.000,0.039,0.000,0.000
7478,3079.796,0.000,0.039,0.038,0.000,0.000,0.000,0.039,0.000,0.000
7479,3080.225,0.000,0.039,0.038,0.000,0.000,0.000,0.039,0.000,0.000
7480,3080.653,0.000,0.039,0.038,0.000,0.000,0.000,0.039,0.000,0.000
7481,3081.081,0.895,0.039,0.038,0.000,0.000,0.000,0.039,0.000,0.000
7482,3081.509,0.000,0.039,0.038,0.000,0.000,0.000,0.039,0.000,0.000
7483,3081.937,0.000,0.039,0.039,0.000,0.000,0.000,0.039,0.000,0.000
7484,3082.365,0.000,0.039,0.039,0.000,0.000,0.000,0.039,0.000,0.000
7485,3082.793,0.000,0.039,0.039,0.000,0.000,0.000,0.039,0.000,0.000
7486,3083.221,0.000,0.039,0.039,0.000,0.000,0.000,0.039,0.000,0.000
7487,3083.649,0.000,0.039,0.039,0.000,0.000,0.000,0.039,0.000,0.000
7488,3084.077,0.934,0.039,0.039,0.000,0.000,0.000,0.039,0.000,0.000
7489,3084.505,0.000,0.039,0.039,0.000,0.000,0.000,0.039,0.000,0.000
7490,3084.934,0.000,0.040,0.039,0.000,0.000,0.000,0.040,0.000,0.000
7491,3085.362,0.000,0.040,0.039,0.000,0.000,0.000,0.040,0.000,0.000
7492,3085.790,0.911,0.040,0.039,0.000,0.000,0.000,0.040,0.000,0.000
7493,3086.218,0.000,0.040,0.039,0.000,0.000,0.000,0.040,0.000,0.000
7494,3086.646,0.000,0.040,0.039,0.000,0.000,0.000,0.040,0.000,0.000
7495,3087.074,0.000,0.040,0.039,0.000,0.000,0.000,0.040,0.000,0.000
7496,3087.502,0.000,0.040,0.039,0.000,0.000,0.000,0.040,0.000,0.000
7497,3087.930,0.000,0.040,0.039,0.000,0.000,0.000,0.040,0.000,0.000
7498,3088.358,0.959,0.040,0.039,0.000,0.000,0.000,0.040,0.000,0.000
7499,3088.786,0.000,0.040,0.039,0.000,0.000,0.000,0.040,0.000,0.000
7500,3089.214,0.000,0.040,0.039,0.000,0.000,0.000,0.040,0.000,0.000
7501,3089.642,0.000,0.040,0.039,0.000,0.000,0.000,0.040,0.000,0.000
7502,3090.071,0.000,0.040,0.039,0.000,0.000,0.000,0.040,0.000,0.000
7503,3090.499,0.000,0.040,0.039,0.000,0.000,0.000,0.040,0.000,0.000
7504,3090.927,0.000,0.040,0.039,0.000,0.000,0.000,0.040,0.000,0.000
7505,3091.355,0.000,0.040,0.039,0.000,0.000,0.000,0.040,0.000,0.000
7506,3091.783,0.000,0.040,0.039,0.000,0.000,0.000,0.040,0.000,0.000
7507,3092.211,0.000,0.040,0.039,0.000,0.000,0.000,0.040,0.000,0.000
7508,3092.639,0.000,0.040,0.039,0.000,0.000,0.000,0.040,0.000,0.000
7509,3093.067,0.000,0.040,0.039,0.000,0.000,0.000,0.040,0.000,0.000
7510,3093.495,0.932,0.041,0.039,0.000,0.000,0.000,0.041,0.000,0.000
7511,3093.923,0.000,0.041,0.039,0.000,0.000,0.000,0.041,0.000,0.000
7512,3094.351,0.000,0.041,0.040,0.000,0.000,0.000,0.041,0.000,0.000
7513,3094.780,0.000,0.041,0.040,0.000,0.000,0.000,0.041,0.000,0.000
7514,3095.208,0.000,0.041,0.040,0.000,0.000,0.000,0.041,0.000,0.000
7515,3095.636,0.000,0.041,0.040,0.000,0.000,0.000,0.041,0.000,0.000
7516,3096.064,0.000,0.041,0.040,0.000,0.000,0.000,0.041,0.000,0.000
7517,3096.492,0.000,0.041,0.040,0.000,0.000,0.000,0.041,0.000,0.000
7518,3096.920,0.000,0.041,0.040,0.000,0.000,0.000,0.041,0.000,0.000
7519,3097.348,0.000,0.041,0.040,0.000,0.000,0.000,0.041,0.000,0.000
7520,3097.776,0.000,0.041,0.040,0.000,0.000,0.000,0.041,0.000,0.000
7521,3098.204,0.000,0.041,0.040,0.000,0.000,0.000,0.041,0.000,0.000
7522,3098.632,0.000,0.041,0.040,0.000,0.000,0.000,0.041,0.000,0.000
7523,3099.060,0.979,0.041,0.040,0.000,0.000,0.000,0.041,0.000,0.000
7524,3099.488,0.000,0.041,0.040,0.000,0.000,0.000,0.041,0.000,0.000
7525,3099.917,0.000,0.041,0.040,0.000,0.000,0.000,0.041,0.000,0.000
7526,3100.345,0.000,0.041,0.040,0.000,0.000,0.000,0.041,0.000,0.000
7527,3100.773,0.000,0.041,0.040,0.000,0.000,0.000,0.041,0.000,0.000
7528,3101.201,0.000,0.041,0.040,0.000,0.000,0.000,0.041,0.000,0.000
7529,3101.629,0.000,0.041,0.040,0.000,0.000,0.000,0.041,0.000,0.000
7530,3102.057,0.970,0.042,0.040,0.000,0.000,0.000,0.042,0.000,0.000
7531,3102.485,0.000,0.042,0.040,0.000,0.000,0.000,0.042,0.000,0.000
7532,3102.913,0.000,0.042,0.040,0.000,0.000,0.000,0.042,0.000,0.000
7533,3103.341,0.000,0.042,0.040,0.000,0.000,0.000,0.042,0.000,0.000
7534,3103.769,0.893,0.042,0.040,0.000,0.000,0.000,0.042,0.000,0.000
7535,3104.197,0.000,0.042,0.040,0.000,0.000,0.000,0.042,0.000,0.000
7536,3104.625,0.000,0.042,0.040,0.000,0.000,0.000,0.042,0.000,0.000
7537,3105.053,0.000,0.042,0.040,0.000,0.000,0.000,0.042,0.000,0.000
7538,3105.482,0.000,0.042,0.040,0.000,0.000,0.000,0.042,0.000,0.000
7539,3105.910,0.000,0.042,0.040,0.000,0.000,0.000,0.042,0.000,0.000
7540,3106.338,0.000,0.042,0.040,0.000,0.000,0.000,0.042,0.000,0.000
7541,3106.766,0.000,0.042,0.040,0.000,0.000,0.000,0.042,0.000,0.000
7542,3107.194,0.000,0.042,0.041,0.000,0.000,0.000,0.042,0.000,0.000
7543,3107.622,0.000,0.042,0.041,0.000,0.000,0.000,0.042,0.000,0.000
7544,3108.050,0.000,0.042,0.041,0.000,0.000,0.000,0.042,0.000,0.000
7545,3108.478,0.000,0.042,0.041,0.000,0.000,0.000,0.042,0.000,0.000
7546,3108.906,0.000,0.042,0.041,0.000,0.000,0.000,0.042,0.000,0.000
7547,3109.334,0.000,0.042,0.041,0.000,0.000,0.000,0.042,0.000,0.000
7548,3109.762,0.000,0.043,0.041,0.000,0.000,0.000,0.043,0.000,0.000
7549,3110.190,0.000,0.043,0.041,0.000,0.000,0.000,0.043,0.000,0.000
7550,3110.618,0.000,0.043,0.041,0.000,0.000,0.000,0.043,0.000,0.000
7551,3111.047,0.000,0.043,0.041,0.000,0.000,0.000,0.043,0.000,0.000
7552,3111.475,0.000,0.043,0.041,0.000,0.000,0.000,0.043,0.000,0.000
7553,3111.903,0.000,0.043,0.041,0.000,0.000,0.000,0.043,0.000,0.000
7554,3112.331,0.000,0.043,0.041,0.000,0.000,0.000,0.043,0.000,0.000
7555,3112.759,0.000,0.043,0.041,0.000,0.000,0.000,0.043,0.000,0.000
7556,3113.187,0.000,0.043,0.041,0.000,0.000,0.000,0.043,0.000,0.000
7557,3113.615,0.000,0.043,0.041,0.000,0.000,0.000,0.043,0.000,0.000
7558,3114.043,0.000,0.043,0.041,0.000,0.000,0.000,0.043,0.000,0.000
7559,3114.471,0.000,0.043,0.041,0.000,0.000,0.000,0.043,0.000,0.000
7560,3114.899,0.000,0.043,0.041,0.000,0.000,0.000,0.043,0.000,0.000
7561,3115.327,0.000,0.043,0.041,0.000,0.000,0.000,0.043,0.000,0.000
7562,3115.755,0.000,0.043,0.041,0.000,0.000,0.000,0.043,0.000,0.000
7563,3116.183,0.000,0.043,0.041,0.000,0.000,0.000,0.043,0.000,0.000
7564,3116.611,0.000,0.043,0.041,0.000,0.000,0.000,0.043,0.000,0.000
7565,3117.040,0.000,0.043,0.041,0.000,0.000,0.000,0.043,0.000,0.000
7566,3117.468,0.000,0.043,0.041,0.000,0.000,0.000,0.043,0.000,0.000
7567,3117.896,0.000,0.044,0.041,0.000,0.000,0.000,0.044,0.000,0.000
7568,3118.324,0.000,0.044,0.041,0.000,0.000,0.000,0.044,0.000,0.000
7569,3118.752,0.911,0.044,0.041,0.000,0.000,0.000,0.044,0.000,0.000
7570,3119.180,0.000,0.044,0.041,0.000,0.000,0.000,0.044,0.000,0.000
7571,3119.608,0.000,0.044,0.042,0.000,0.000,0.000,0.044,0.000,0.000
7572,3120.036,0.000,0.044,0.042,0.000,0.000,0.000,0.044,0.000,0.000
7573,3120.464,0.000,0.044,0.042,0.000,0.000,0.000,0.044,0.000,0.000
7574,3120.892,0.000,0.044,0.042,0.000,0.000,0.000,0.044,0.000,0.000
7575,3121.320,0.000,0.044,0.042,0.000,0.000,0.000,0.044,0.000,0.000
7576,3121.748,0.000,0.044,0.042,0.000,0.000,0.000,0.044,0.000,0.000
7577,3122.176,0.000,0.044,0.042,0.000,0.000,0.000,0.044,0.000,0.000
7578,3122.604,0.000,0.044,0.042,0.000,0.000,0.000,0.044,0.000,0.000
7579,3123.032,0.000,0.044,0.042,0.000,0.000,0.000,0.044,0.000,0.000
7580,3123.461,0.000,0.044,0.042,0.000,0.000,0.000,0.044,0.000,0.000
7581,3123.889,0.000,0.044,0.042,0.000,0.000,0.000,0.044,0.000,0.000
7582,3124.317,0.000,0.044,0.042,0.000,0.000,0.000,0.044,0.000,0.000
7583,3124.745,0.000,0.044,0.042,0.000,0.000,0.000,0.044,0.000,0.000
7584,3125.173,0.000,0.044,0.042,0.000,0.000,0.000,0.044,0.000,0.000
7585,3125.601,0.000,0.045,0.042,0.000,0.000,0.000,0.045,0.000,0.000
7586,3126.029,0.000,0.045,0.042,0.000,0.000,0.000,0.045,0.000,0.000
7587,3126.457,0.000,0.045,0.042,0.000,0.000,0.000,0.045,0.000,0.000
7588,3126.885,0.000,0.045,0.042,0.000,0.000,0.000,0.045,0.000,0.000
7589,3127.313,0.000,0.045,0.042,0.000,0.000,0.000,0.045,0.000,0.000
7590,3127.741,0.000,0.045,0.042,0.000,0.000,0.000,0.045,0.000,0.000
7591,3128.169,0.000,0.045,0.042,0.000,0.000,0.000,0.045,0.000,0.000
7592,3128.597,0.000,0.045,0.042,0.000,0.000,0.000,0.045,0.000,0.000
7593,3129.025,0.000,0.045,0.042,0.000,0.000,0.000,0.045,0.000,0.000
7594,3129.453,0.000,0.045,0.042,0.000,0.000,0.000,0.045,0.000,0.000
7595,3129.882,0.000,0.045,0.042,0.000,0.000,0.000,0.045,0.000,0.000
7596,3130.310,0.937,0.045,0.042,0.000,0.000,0.000,0.045,0.000,0.000
7597,3130.738,0.000,0.045,0.042,0.000,0.000,0.000,0.045,0.000,0.000
7598,3131.166,0.939,0.045,0.042,0.000,0.000,0.000,0.045,0.000,0.000
7599,3131.594,0.000,0.045,0.042,0.000,0.000,0.000,0.045,0.000,0.000
7600,3132.022,0.000,0.045,0.043,0.000,0.000,0.000,0.045,0.000,0.000
7601,3132.450,0.000,0.045,0.043,0.000,0.000,0.000,0.045,0.000,0.000
7602,3132.878,0.000,0.046,0.043,0.000,0.000,0.000,0.046,0.000,0.000
7603,3133.306,0.898,0.046,0.043,0.000,0.000,0.000,0.046,0.000,0.000
7604,3133.734,0.000,0.046,0.043,0.000,0.000,0.000,0.046,0.000,0.000
7605,3134.162,0.000,0.046,0.043,0.000,0.000,0.000,0.046,0.000,0.000
7606,3134.590,0.000,0.046,0.043,0.000,0.000,0.000,0.046,0.000,0.000
7607,3135.018,0.000,0.046,0.043,0.000,0.000,0.000,0.046,0.000,0.000
7608,3135.446,0.000,0.046,0.043,0.000,0.000,0.000,0.046,0.000,0.000
7609,3135.874,0.893,0.046,0.043,0.000,0.000,0.000,0.046,0.000,0.000
7610,3136.302,0.000,0.046,0.043,0.000,0.000,0.000,0.046,0.000,0.000
7611,3136.730,0.000,0.046,0.043,0.000,0.000,0.000,0.046,0.000,0.000
7612,3137.158,0.000,0.046,0.043,0.000,0.000,0.000,0.046,0.000,0.000
7613,3137.587,0.933,0.046,0.043,0.000,0.000,0.000,0.046,0.000,0.000
7614,3138.015,0.000,0.046,0.043,0.000,0.000,0.000,0.046,0.000,0.000
7615,3138.443,0.000,0.046,0.043,0.000,0.000,0.000,0.046,0.000,0.000
7616,3138.871,0.000,0.046,0.043,0.000,0.000,0.000,0.046,0.000,0.000
7617,3139.299,0.000,0.046,0.043,0.000,0.000,0.000,0.046,0.000,0.000
7618,3139.727,0.000,0.046,0.043,0.000,0.000,0.000,0.046,0.000,0.000
7619,3140.155,0.000,0.046,0.043,0.000,0.000,0.000,0.046,0.000,0.000
7620,3140.583,0.000,0.047,0.043,0.000,0.000,0.000,0.047,0.000,0.000
7621,3141.011,0.000,0.047,0.043,0.000,0.000,0.000,0.047,0.000,0.000
7622,3141.439,0.000,0.047,0.043,0.000,0.000,0.000,0.047,0.000,0.000
7623,3141.867,0.000,0.047,0.043,0.000,0.000,0.000,0.047,0.000,0.000
7624,3142.295,0.000,0.047,0.043,0.000,0.000,0.000,0.047,0.000,0.000
7625,3142.723,0.000,0.047,0.043,0.000,0.000,0.000,0.047,0.000,0.000
7626,3143.151,0.000,0.047,0.043,0.000,0.000,0.000,0.047,0.000,0.000
7627,3143.579,0.000,0.047,0.043,0.000,0.000,0.000,0.047,0.000,0.000
7628,3144.007,0.000,0.047,0.043,0.000,0.000,0.000,0.047,0.000,0.000
7629,3144.435,0.000,0.047,0.044,0.000,0.000,0.000,0.047,0.000,0.000
7630,3144.863,0.000,0.047,0.044,0.000,0.000,0.000,0.047,0.000,0.000
7631,3145.291,0.000,0.047,0.044,0.000,0.000,0.000,0.047,0.000,0.000
7632,3145.720,0.000,0.047,0.044,0.000,0.000,0.000,0.047,0.000,0.000
7633,3146.148,0.000,0.047,0.044,0.000,0.000,0.000,0.047,0.000,0.000
7634,3146.576,0.000,0.047,0.044,0.000,0.000,0.000,0.047,0.000,0.000
7635,3147.004,0.000,0.047,0.044,0.000,0.000,0.000,0.047,0.000,0.000
7636,3147.432,0.000,0.048,0.044,0.000,0.000,0.000,0.048,0.000,0.000
7637,3147.860,0.000,0.048,0.044,0.000,0.000,0.000,0.048,0.000,0.000
7638,3148.288,0.000,0.048,0.044,0.000,0.000,0.000,0.048,0.000,0.000
7639,3148.716,0.000,0.048,0.044,0.000,0.000,0.000,0.048,0.000,0.000
7640,3149.144,0.000,0.048,0.044,0.000,0.000,0.000,0.048,0.000,0.000
7641,3149.572,0.000,0.048,0.044,0.000,0.000,0.000,0.048,0.000,0.000
7642,3150.000,0.000,0.048,0.044,0.000,0.000,0.000,0.048,0.000,0.000
7643,3150.428,0.000,0.048,0.044,0.000,0.000,0.000,0.048,0.000,0.000
7644,3150.856,0.000,0.048,0.044,0.000,0.000,0.000,0.048,0.000,0.000
7645,3151.284,0.000,0.048,0.044,0.000,0.000,0.000,0.048,0.000,0.000
7646,3151.712,0.000,0.048,0.044,0.000,0.000,0.000,0.048,0.000,0.000
7647,3152.140,0.000,0.048,0.044,0.000,0.000,0.000,0.048,0.000,0.000
7648,3152.568,0.000,0.048,0.044,0.000,0.000,0.000,0.048,0.000,0.000
7649,3152.996,0.910,0.048,0.044,0.000,0.000,0.000,0.048,0.000,0.000
7650,3153.424,0.000,0.048,0.044,0.000,0.000,0.000,0.048,0.000,0.000
7651,3153.852,0.953,0.048,0.044,0.000,0.000,0.000,0.048,0.000,0.000
7652,3154.280,0.000,0.049,0.044,0.000,0.000,0.000,0.049,0.000,0.000
7653,3154.708,0.000,0.049,0.044,0.000,0.000,0.000,0.049,0.000,0.000
7654,3155.136,0.000,0.049,0.044,0.000,0.000,0.000,0.049,0.000,0.000
7655,3155.565,0.000,0.049,0.044,0.000,0.000,0.000,0.049,0.000,0.000
7656,3155.993,0.000,0.049,0.044,0.000,0.000,0.000,0.049,0.000,0.000
7657,3156.421,0.000,0.049,0.044,0.000,0.000,0.000,0.049,0.000,0.000
7658,3156.849,0.000,0.049,0.045,0.000,0.000,0.000,0.049,0.000,0.000
7659,3157.277,0.000,0.049,0.045,0.000,0.000,0.000,0.049,0.000,0.000
7660,3157.705,0.000,0.049,0.045,0.000,0.000,0.000,0.049,0.000,0.000
7661,3158.133,0.996,0.049,0.045,0.000,0.000,0.000,0.049,0.000,0.000
7662,3158.561,0.000,0.049,0.045,0.000,0.000,0.000,0.049,0.000,0.000
7663,3158.989,0.953,0.049,0.045,0.000,0.000,0.000,0.049,0.000,0.000
7664,3159.417,1.901,0.049,0.045,0.000,0.000,0.000,0.049,0.000,0.000
7665,3159.845,0.000,0.049,0.045,0.000,0.000,0.000,0.049,0.000,0.000
7666,3160.273,0.957,0.049,0.045,0.000,0.000,0.000,0.049,0.000,0.000
7667,3160.701,0.000,0.049,0.045,0.000,0.000,0.000,0.049,0.000,0.000
7668,3161.129,0.000,0.050,0.045,0.000,0.000,0.000,0.050,0.000,0.000
7669,3161.557,0.893,0.050,0.045,0.000,0.000,0.000,0.050,0.000,0.000
7670,3161.985,0.000,0.050,0.045,0.000,0.000,0.000,0.050,0.000,0.000
7671,3162.413,0.000,0.050,0.045,0.000,0.000,0.000,0.050,0.000,0.000
7672,3162.841,0.947,0.050,0.045,0.000,0.000,0.000,0.050,0.000,0.000
7673,3163.269,0.000,0.050,0.045,0.000,0.000,0.000,0.050,0.000,0.000
7674,3163.697,0.000,0.050,0.045,0.000,0.000,0.000,0.050,0.000,0.000
7675,3164.125,0.000,0.050,0.045,0.000,0.000,0.000,0.050,0.000,0.000
7676,3164.553,0.000,0.050,0.045,0.000,0.000,0.000,0.050,0.000,0.000
7677,3164.981,0.000,0.050,0.045,0.000,0.000,0.000,0.050,0.000,0.000
7678,3165.409,0.000,0.050,0.045,0.000,0.000,0.000,0.050,0.000,0.000
7679,3165.837,0.000,0.050,0.045,0.000,0.000,0.000,0.050,0.000,0.000
7680,3166.265,0.000,0.050,0.045,0.000,0.000,0.000,0.050,0.000,0.000
7681,3166.693,0.000,0.050,0.045,0.000,0.000,0.000,0.050,0.000,0.000
7682,3167.121,0.898,0.050,0.045,0.000,0.000,0.000,0.050,0.000,0.000
7683,3167.549,0.000,0.051,0.045,0.000,0.000,0.000,0.051,0.000,0.000
7684,3167.977,0.000,0.051,0.045,0.000,0.000,0.000,0.051,0.000,0.000
7685,3168.405,0.000,0.051,0.045,0.000,0.000,0.000,0.051,0.000,0.000
7686,3168.834,0.000,0.051,0.045,0.000,0.000,0.000,0.051,0.000,0.000
7687,3169.262,0.000,0.051,0.046,0.000,0.000,0.000,0.051,0.000,0.000
7688,3169.690,0.000,0.051,0.046,0.000,0.000,0.000,0.051,0.000,0.000
7689,3170.118,0.000,0.051,0.046,0.000,0.000,0.000,0.051,0.000,0.000
7690,3170.546,0.000,0.051,0.046,0.000,0.000,0.000,0.051,0.000,0.000
7691,3170.974,0.000,0.051,0.046,0.000,0.000,0.000,0.051,0.000,0.000
7692,3171.402,0.918,0.051,0.046,0.000,0.000,0.000,0.051,0.000,0.000
7693,3171.830,0.000,0.051,0.046,0.000,0.000,0.000,0.051,0.000,0.000
7694,3172.258,0.000,0.051,0.046,0.000,0.000,0.000,0.051,0.000,0.000
7695,3172.686,0.000,0.051,0.046,0.000,0.000,0.000,0.051,0.000,0.000
7696,3173.114,0.993,0.051,0.046,0.000,0.000,0.000,0.051,0.000,0.000
7697,3173.542,0.953,0.051,0.046,0.000,0.000,0.000,0.051,0.000,0.000
7698,3173.970,0.000,0.052,0.046,0.000,0.000,0.000,0.052,0.000,0.000
7699,3174.398,0.000,0.052,0.046,0.000,0.000,0.000,0.052,0.000,0.000
7700,3174.826,0.000,0.052,0.046,0.000,0.000,0.000,0.052,0.000,0.000
7701,3175.254,0.000,0.052,0.046,0.000,0.000,0.000,0.052,0.000,0.000
7702,3175.682,0.000,0.052,0.046,0.000,0.000,0.000,0.052,0.000,0.000
7703,3176.110,0.000,0.052,0.046,0.000,0.000,0.000,0.052,0.000,0.000
7704,3176.538,0.000,0.052,0.046,0.000,0.000,0.000,0.052,0.000,0.000
7705,3176.966,0.000,0.052,0.046,0.000,0.000,0.000,0.052,0.000,0.000
7706,3177.394,0.000,0.052,0.046,0.000,0.000,0.000,0.052,0.000,0.000
7707,3177.822,0.937,0.052,0.046,0.000,0.000,0.000,0.052,0.000,0.000
7708,3178.250,0.000,0.052,0.046,0.000,0.000,0.000,0.052,0.000,0.000
7709,3178.678,0.000,0.052,0.046,0.000,0.000,0.000,0.052,0.000,0.000
7710,3179.106,0.000,0.052,0.046,0.000,0.000,0.000,0.052,0.000,0.000
7711,3179.534,0.000,0.052,0.046,0.000,0.000,0.000,0.052,0.000,0.000
7712,3179.962,0.000,0.052,0.046,0.000,0.000,0.000,0.052,0.000,0.000
7713,3180.390,0.000,0.052,0.046,0.000,0.000,0.000,0.052,0.000,0.000
7714,3180.818,0.000,0.053,0.046,0.000,0.000,0.000,0.053,0.000,0.000
7715,3181.246,0.000,0.053,0.046,0.000,0.000,0.000,0.053,0.000,0.000
7716,3181.674,0.000,0.053,0.046,0.000,0.000,0.000,0.053,0.000,0.000
7717,3182.102,0.000,0.053,0.047,0.000,0.000,0.000,0.053,0.000,0.000
7718,3182.530,0.000,0.053,0.047,0.000,0.000,0.000,0.053,0.000,0.000
7719,3182.958,0.000,0.053,0.047,0.000,0.000,0.000,0.053,0.000,0.000
7720,3183.386,0.000,0.053,0.047,0.000,0.000,0.000,0.053,0.000,0.000
7721,3183.814,0.000,0.053,0.047,0.000,0.000,0.000,0.053,0.000,0.000
7722,3184.242,0.000,0.053,0.047,0.000,0.000,0.000,0.053,0.000,0.000
7723,3184.670,0.000,0.053,0.047,0.000,0.000,0.000,0.053,0.000,0.000
7724,3185.098,0.000,0.053,0.047,0.000,0.000,0.000,0.053,0.000,0.000
7725,3185.526,0.000,0.053,0.047,0.000,0.000,0.000,0.053,0.000,0.000
7726,3185.954,0.000,0.053,0.047,0.000,0.000,0.000,0.053,0.000,0.000
7727,3186.382,0.000,0.053,0.047,0.000,0.000,0.000,0.053,0.000,0.000
7728,3186.810,0.000,0.053,0.047,0.000,0.000,0.000,0.053,0.000,0.000
7729,3187.238,0.000,0.053,0.047,0.000,0.000,0.000,0.053,0.000,0.000
7730,3187.666,0.000,0.054,0.047,0.000,0.000,0.000,0.054,0.000,0.000
7731,3188.094,0.000,0.054,0.047,0.000,0.000,0.000,0.054,0.000,0.000
7732,3188.522,0.000,0.054,0.047,0.000,0.000,0.000,0.054,0.000,0.000
7733,3188.950,0.000,0.054,0.047,0.000,0.000,0.000,0.054,0.000,0.000
7734,3189.378,0.000,0.054,0.047,0.000,0.000,0.000,0.054,0.000,0.000
7735,3189.806,0.000,0.054,0.047,0.000,0.000,0.000,0.054,0.000,0.000
7736,3190.234,0.000,0.054,0.047,0.000,0.000,0.000,0.054,0.000,0.000
7737,3190.662,0.000,0.054,0.047,0.000,0.000,0.000,0.054,0.000,0.000
7738,3191.090,0.000,0.054,0.047,0.000,0.000,0.000,0.054,0.000,0.000
7739,3191.518,0.000,0.054,0.047,0.000,0.000,0.000,0.054,0.000,0.000
7740,3191.946,0.000,0.054,0.047,0.000,0.000,0.000,0.054,0.000,0.000
7741,3192.374,0.000,0.054,0.047,0.000,0.000,0.000,0.054,0.000,0.000
7742,3192.802,0.896,0.054,0.047,0.000,0.000,0.000,0.054,0.000,0.000
7743,3193.230,0.000,0.054,0.047,0.000,0.000,0.000,0.054,0.000,0.000
7744,3193.658,0.000,0.054,0.047,0.000,0.000,0.000,0.054,0.000,0.000
7745,3194.086,0.000,0.054,0.047,0.000,0.000,0.000,0.054,0.000,0.000
7746,3194.514,0.000,0.054,0.048,0.000,0.000,0.000,0.054,0.000,0.000
7747,3194.942,0.000,0.054,0.048,0.000,0.000,0.000,0.054,0.000,0.000
7748,3195.370,1.000,0.055,0.048,0.000,0.000,0.000,0.055,0.000,0.000
7749,3195.798,0.000,0.055,0.048,0.000,0.000,0.000,0.055,0.000,0.000
7750,3196.226,0.000,0.055,0.048,0.000,0.000,0.000,0.055,0.000,0.000
7751,3196.654,0.000,0.055,0.048,0.000,0.000,0.000,0.055,0.000,0.000
7752,3197.082,0.000,0.055,0.048,0.000,0.000,0.000,0.055,0.000,0.000
7753,3197.510,0.000,0.055,0.048,0.000,0.000,0.000,0.055,0.000,0.000
7754,3197.938,0.000,0.055,0.048,0.000,0.000,0.000,0.055,0.000,0.000
7755,3198.366,0.000,0.055,0.048,0.000,0.000,0.000,0.055,0.000,0.000
7756,3198.794,0.000,0.055,0.048,0.000,0.000,0.000,0.055,0.000,0.000
7757,3199.222,0.000,0.055,0.048,0.000,0.000,0.000,0.055,0.000,0.000
7758,3199.650,0.000,0.055,0.048,0.000,0.000,0.000,0.055,0.000,0.000
7759,3200.078,0.000,0.055,0.048,0.000,0.000,0.000,0.055,0.000,0.000
7760,3200.506,0.000,0.055,0.048,0.000,0.000,0.000,0.055,0.000,0.000
7761,3200.934,0.000,0.055,0.048,0.000,0.000,0.000,0.055,0.000,0.000
7762,3201.362,0.000,0.055,0.048,0.000,0.000,0.000,0.055,0.000,0.000
7763,3201.790,0.000,0.055,0.048,0.000,0.000,0.000,0.055,0.000,0.000
7764,3202.218,0.000,0.055,0.048,0.000,0.000,0.000,0.055,0.000,0.000
7765,3202.646,0.000,0.055,0.048,0.000,0.000,0.000,0.055,0.000,0.000
7766,3203.074,0.000,0.055,0.048,0.000,0.000,0.000,0.055,0.000,0.000
7767,3203.502,0.000,0.055,0.048,0.000,0.000,0.000,0.055,0.000,0.000
7768,3203.930,0.000,0.055,0.048,0.000,0.000,0.000,0.055,0.000,0.000
7769,3204.358,0.000,0.055,0.048,0.000,0.000,0.000,0.055,0.000,0.000
7770,3204.786,0.000,0.056,0.048,0.000,0.000,0.000,0.056,0.000,0.000
7771,3205.214,0.000,0.056,0.048,0.000,0.000,0.000,0.056,0.000,0.000
7772,3205.642,0.000,0.056,0.048,0.000,0.000,0.000,0.056,0.000,0.000
7773,3206.070,0.000,0.056,0.048,0.000,0.000,0.000,0.056,0.000,0.000
7774,3206.498,0.000,0.056,0.048,0.000,0.000,0.000,0.056,0.000,0.000
7775,3206.926,0.000,0.056,0.049,0.000,0.000,0.000,0.056,0.000,0.000
7776,3207.354,0.000,0.056,0.049,0.000,0.000,0.000,0.056,0.000,0.000
7777,3207.782,0.000,0.056,0.049,0.000,0.000,0.000,0.056,0.000,0.000
7778,3208.210,0.000,0.056,0.049,0.000,0.000,0.000,0.056,0.000,0.000
7779,3208.638,0.000,0.056,0.049,0.000,0.000,0.000,0.056,0.000,0.000
7780,3209.066,0.000,0.056,0.049,0.000,0.000,0.000,0.056,0.000,0.000
7781,3209.494,0.000,0.056,0.049,0.000,0.000,0.000,0.056,0.000,0.000
7782,3209.922,0.999,0.056,0.049,0.000,0.000,0.000,0.056,0.000,0.000
7783,3210.350,0.000,0.056,0.049,0.000,0.000,0.000,0.056,0.000,0.000
7784,3210.778,0.000,0.056,0.049,0.000,0.000,0.000,0.056,0.000,0.000
7785,3211.206,0.000,0.056,0.049,0.000,0.000,0.000,0.056,0.000,0.000
7786,3211.634,0.000,0.056,0.049,0.000,0.000,0.000,0.056,0.000,0.000
7787,3212.062,0.000,0.056,0.049,0.000,0.000,0.000,0.056,0.000,0.000
7788,3212.490,0.000,0.056,0.049,0.000,0.000,0.000,0.056,0.000,0.000
7789,3212.918,0.000,0.056,0.049,0.000,0.000,0.000,0.056,0.000,0.000
7790,3213.346,0.000,0.056,0.049,0.000,0.000,0.000,0.056,0.000,0.000
7791,3213.774,0.000,0.056,0.049,0.000,0.000,0.000,0.056,0.000,0.000
7792,3214.202,0.000,0.056,0.049,0.000,0.000,0.000,0.056,0.000,0.000
7793,3214.630,0.000,0.056,0.049,0.000,0.000,0.000,0.056,0.000,0.000
7794,3215.058,0.000,0.056,0.049,0.000,0.000,0.000,0.056,0.000,0.000
7795,3215.486,0.000,0.056,0.049,0.000,0.000,0.000,0.056,0.000,0.000
7796,3215.913,0.000,0.056,0.049,0.000,0.000,0.000,0.056,0.000,0.000
7797,3216.341,0.000,0.056,0.049,0.000,0.000,0.000,0.056,0.000,0.000
7798,3216.769,0.000,0.056,0.049,0.000,0.000,0.000,0.056,0.000,0.000
7799,3217.197,0.000,0.056,0.049,0.000,0.000,0.000,0.056,0.000,0.000
7800,3217.625,0.000,0.056,0.049,0.000,0.000,0.000,0.056,0.000,0.000
7801,3218.053,0.000,0.056,0.049,0.000,0.000,0.000,0.056,0.000,0.000
7802,3218.481,0.000,0.056,0.049,0.000,0.000,0.000,0.056,0.000,0.000
7803,3218.909,0.000,0.056,0.049,0.000,0.000,0.000,0.056,0.000,0.000
7804,3219.337,0.000,0.056,0.050,0.000,0.000,0.000,0.056,0.000,0.000
7805,3219.765,0.000,0.056,0.050,0.000,0.000,0.000,0.056,0.000,0.000
7806,3220.193,0.000,0.056,0.050,0.000,0.000,0.000,0.056,0.000,0.000
7807,3220.621,0.000,0.056,0.050,0.000,0.000,0.000,0.056,0.000,0.000
7808,3221.049,0.000,0.056,0.050,0.000,0.000,0.000,0.056,0.000,0.000
7809,3221.477,0.000,0.056,0.050,0.000,0.000,0.000,0.056,0.000,0.000
7810,3221.905,0.000,0.056,0.050,0.000,0.000,0.000,0.056,0.000,0.000
7811,3222.333,0.000,0.056,0.050,0.000,0.000,0.000,0.056,0.000,0.000
7812,3222.761,0.947,0.056,0.050,0.000,0.000,0.000,0.056,0.000,0.000
7813,3223.189,0.000,0.056,0.050,0.000,0.000,0.000,0.056,0.000,0.000
7814,3223.617,0.000,0.057,0.050,0.000,0.000,0.000,0.057,0.000,0.000
7815,3224.045,0.000,0.057,0.050,0.000,0.000,0.000,0.057,0.000,0.000
7816,3224.473,0.000,0.057,0.050,0.000,0.000,0.000,0.057,0.000,0.000
7817,3224.901,0.000,0.057,0.050,0.000,0.000,0.000,0.057,0.000,0.000
7818,3225.329,0.000,0.057,0.050,0.000,0.000,0.000,0.057,0.000,0.000
7819,3225.757,0.000,0.057,0.050,0.000,0.000,0.000,0.057,0.000,0.000
7820,3226.185,0.000,0.057,0.050,0.000,0.000,0.000,0.057,0.000,0.000
7821,3226.613,0.000,0.057,0.050,0.000,0.000,0.000,0.057,0.000,0.000
7822,3227.041,0.000,0.057,0.050,0.000,0.000,0.000,0.057,0.000,0.000
7823,3227.468,0.000,0.057,0.050,0.000,0.000,0.000,0.057,0.000,0.000
7824,3227.896,0.000,0.057,0.050,0.000,0.000,0.000,0.057,0.000,0.000
7825,3228.324,0.000,0.057,0.050,0.000,0.000,0.000,0.057,0.000,0.000
7826,3228.752,0.000,0.057,0.050,0.000,0.000,0.000,0.057,0.000,0.000
7827,3229.180,0.936,0.057,0.050,0.000,0.000,0.000,0.057,0.000,0.000
7828,3229.608,0.000,0.057,0.050,0.000,0.000,0.000,0.057,0.000,0.000
7829,3230.036,0.000,0.057,0.050,0.000,0.000,0.000,0.057,0.000,0.000
7830,3230.464,0.894,0.057,0.050,0.000,0.000,0.000,0.057,0.000,0.000
7831,3230.892,0.000,0.057,0.050,0.000,0.000,0.000,0.057,0.000,0.000
7832,3231.320,0.000,0.057,0.050,0.000,0.000,0.000,0.057,0.000,0.000
7833,3231.748,0.915,0.057,0.051,0.000,0.000,0.000,0.057,0.000,0.000
7834,3232.176,0.000,0.057,0.051,0.000,0.000,0.000,0.057,0.000,0.000
7835,3232.604,0.000,0.057,0.051,0.000,0.000,0.000,0.057,0.000,0.000
7836,3233.032,0.000,0.057,0.051,0.000,0.000,0.000,0.057,0.000,0.000
7837,3233.460,0.000,0.057,0.051,0.000,0.000,0.000,0.057,0.000,0.000
7838,3233.888,0.000,0.057,0.051,0.000,0.000,0.000,0.057,0.000,0.000
7839,3234.316,0.000,0.057,0.051,0.000,0.000,0.000,0.057,0.000,0.000
7840,3234.744,0.000,0.057,0.051,0.000,0.000,0.000,0.057,0.000,0.000
7841,3235.172,0.000,0.056,0.051,0.000,0.000,0.000,0.056,0.000,0.000
7842,3235.600,0.000,0.056,0.051,0.000,0.000,0.000,0.056,0.000,0.000
7843,3236.027,0.000,0.056,0.051,0.000,0.000,0.000,0.056,0.000,0.000
7844,3236.455,0.000,0.056,0.051,0.000,0.000,0.000,0.056,0.000,0.000
7845,3236.883,0.000,0.056,0.051,0.000,0.000,0.000,0.056,0.000,0.000
7846,3237.311,0.000,0.056,0.051,0.000,0.000,0.000,0.056,0.000,0.000
7847,3237.739,0.000,0.056,0.051,0.000,0.000,0.000,0.056,0.000,0.000
7848,3238.167,1.000,0.056,0.051,0.000,0.000,0.000,0.056,0.000,0.000
7849,3238.595,0.000,0.056,0.051,0.000,0.000,0.000,0.056,0.000,0.000
7850,3239.023,0.000,0.056,0.051,0.000,0.000,0.000,0.056,0.000,0.000
7851,3239.451,0.000,0.056,0.051,0.000,0.000,0.000,0.056,0.000,0.000
7852,3239.879,0.000,0.056,0.051,0.000,0.000,0.000,0.056,0.000,0.000
7853,3240.307,0.000,0.056,0.051,0.000,0.000,0.000,0.056,0.000,0.000
7854,3240.735,0.000,0.056,0.051,0.000,0.000,0.000,0.056,0.000,0.000
7855,3241.163,0.997,0.056,0.051,0.000,0.000,0.000,0.056,0.000,0.000
7856,3241.591,0.000,0.056,0.051,0.000,0.000,0.000,0.056,0.000,0.000
7857,3242.019,0.952,0.056,0.051,0.000,0.000,0.000,0.056,0.000,0.000
7858,3242.447,0.000,0.056,0.051,0.000,0.000,0.000,0.056,0.000,0.000
7859,3242.875,0.000,0.056,0.051,0.000,0.000,0.000,0.056,0.000,0.000
7860,3243.302,0.000,0.056,0.051,0.000,0.000,0.000,0.056,0.000,0.000
7861,3243.730,0.000,0.056,0.051,0.000,0.000,0.000,0.056,0.000,0.000
7862,3244.158,0.987,0.056,0.052,0.000,0.000,0.000,0.056,0.000,0.000
7863,3244.586,1.886,0.056,0.052,0.000,0.000,0.000,0.056,0.000,0.000
7864,3245.014,0.878,0.056,0.052,0.000,0.000,0.000,0.056,0.000,0.000
7865,3245.442,0.000,0.056,0.052,0.000,0.000,0.000,0.056,0.000,0.000
7866,3245.870,0.000,0.056,0.052,0.000,0.000,0.000,0.056,0.000,0.000
7867,3246.298,0.000,0.056,0.052,0.000,0.000,0.000,0.056,0.000,0.000
7868,3246.726,1.911,0.056,0.052,0.000,0.000,0.000,0.056,0.000,0.000
7869,3247.154,0.000,0.056,0.052,0.000,0.000,0.000,0.056,0.000,0.000
7870,3247.582,0.000,0.056,0.052,0.000,0.000,0.000,0.056,0.000,0.000
7871,3248.010,0.000,0.056,0.052,0.000,0.000,0.000,0.056,0.000,0.000
7872,3248.438,0.000,0.056,0.052,0.000,0.000,0.000,0.056,0.000,0.000
7873,3248.866,0.000,0.056,0.052,0.000,0.000,0.000,0.056,0.000,0.000
7874,3249.293,0.000,0.056,0.052,0.000,0.000,0.000,0.056,0.000,0.000
7875,3249.721,0.000,0.056,0.052,0.000,0.000,0.000,0.056,0.000,0.000
7876,3250.149,0.000,0.056,0.052,0.000,0.000,0.000,0.056,0.000,0.000
7877,3250.577,0.000,0.056,0.052,0.000,0.000,0.000,0.056,0.000,0.000
7878,3251.005,0.000,0.056,0.052,0.000,0.000,0.000,0.056,0.000,0.000
7879,3251.433,0.000,0.056,0.052,0.000,0.000,0.000,0.056,0.000,0.000
7880,3251.861,0.000,0.056,0.052,0.000,0.000,0.000,0.056,0.000,0.000
7881,3252.289,0.000,0.056,0.052,0.000,0.000,0.000,0.056,0.000,0.000
7882,3252.717,0.947,0.056,0.052,0.000,0.000,0.000,0.056,0.000,0.000
7883,3253.145,0.000,0.056,0.052,0.000,0.000,0.000,0.056,0.000,0.000
7884,3253.573,0.000,0.056,0.052,0.000,0.000,0.000,0.056,0.000,0.000
7885,3254.001,0.894,0.056,0.052,0.000,0.000,0.000,0.056,0.000,0.000
7886,3254.428,0.000,0.056,0.052,0.000,0.000,0.000,0.056,0.000,0.000
7887,3254.856,0.000,0.056,0.052,0.000,0.000,0.000,0.056,0.000,0.000
7888,3255.284,0.000,0.056,0.052,0.000,0.000,0.000,0.056,0.000,0.000
7889,3255.712,0.000,0.056,0.052,0.000,0.000,0.000,0.056,0.000,0.000
7890,3256.140,0.994,0.056,0.052,0.000,0.000,0.000,0.056,0.000,0.000
7891,3256.568,0.000,0.056,0.053,0.000,0.000,0.000,0.056,0.000,0.000
7892,3256.996,0.000,0.056,0.053,0.000,0.000,0.000,0.056,0.000,0.000
7893,3257.424,0.000,0.056,0.053,0.000,0.000,0.000,0.056,0.000,0.000
7894,3257.852,0.000,0.056,0.053,0.000,0.000,0.000,0.056,0.000,0.000
7895,3258.280,0.918,0.056,0.053,0.000,0.000,0.000,0.056,0.000,0.000
7896,3258.708,0.000,0.056,0.053,0.000,0.000,0.000,0.056,0.000,0.000
7897,3259.136,1.911,0.056,0.053,0.000,0.000,0.000,0.056,0.000,0.000
7898,3259.563,0.000,0.056,0.053,0.000,0.000,0.000,0.056,0.000,0.000
7899,3259.991,0.000,0.056,0.053,0.000,0.000,0.000,0.056,0.000,0.000
7900,3260.419,0.000,0.056,0.053,0.000,0.000,0.000,0.056,0.000,0.000
7901,3260.847,0.000,0.056,0.053,0.000,0.000,0.000,0.056,0.000,0.000
7902,3261.275,0.000,0.056,0.053,0.000,0.000,0.000,0.056,0.000,0.000
7903,3261.703,0.000,0.056,0.053,0.000,0.000,0.000,0.056,0.000,0.000
7904,3262.131,0.000,0.056,0.053,0.000,0.000,0.000,0.056,0.000,0.000
7905,3262.559,0.000,0.056,0.053,0.000,0.000,0.000,0.056,0.000,0.000
7906,3262.987,0.000,0.056,0.053,0.000,0.000,0.000,0.056,0.000,0.000
7907,3263.415,0.000,0.056,0.053,0.000,0.000,0.000,0.056,0.000,0.000
7908,3263.843,0.000,0.056,0.053,0.000,0.000,0.000,0.056,0.000,0.000
7909,3264.270,0.000,0.056,0.053,0.000,0.000,0.000,0.056,0.000,0.000
7910,3264.698,0.000,0.056,0.053,0.000,0.000,0.000,0.056,0.000,0.000
7911,3265.126,0.000,0.056,0.053,0.000,0.000,0.000,0.056,0.000,0.000
7912,3265.554,0.000,0.056,0.053,0.000,0.000,0.000,0.056,0.000,0.000
7913,3265.982,0.988,0.056,0.053,0.000,0.000,0.000,0.056,0.000,0.000
7914,3266.410,0.000,0.056,0.053,0.000,0.000,0.000,0.056,0.000,0.000
7915,3266.838,0.000,0.056,0.053,0.000,0.000,0.000,0.056,0.000,0.000
7916,3267.266,0.000,0.056,0.053,0.000,0.000,0.000,0.056,0.000,0.000
7917,3267.694,0.000,0.056,0.053,0.000,0.000,0.000,0.056,0.000,0.000
7918,3268.121,0.000,0.056,0.053,0.000,0.000,0.000,0.056,0.000,0.000
7919,3268.549,0.000,0.056,0.053,0.000,0.000,0.000,0.056,0.000,0.000
7920,3268.977,0.000,0.056,0.053,0.000,0.000,0.000,0.056,0.000,0.000
7921,3269.405,0.000,0.056,0.054,0.000,0.000,0.000,0.056,0.000,0.000
7922,3269.833,0.000,0.056,0.054,0.000,0.000,0.000,0.056,0.000,0.000
7923,3270.261,0.000,0.056,0.054,0.000,0.000,0.000,0.056,0.000,0.000
7924,3270.689,0.000,0.056,0.054,0.000,0.000,0.000,0.056,0.000,0.000
7925,3271.117,0.000,0.056,0.054,0.000,0.000,0.000,0.056,0.000,0.000
7926,3271.545,0.000,0.056,0.054,0.000,0.000,0.000,0.056,0.000,0.000
7927,3271.973,0.983,0.056,0.054,0.000,0.000,0.000,0.056,0.000,0.000
7928,3272.400,0.967,0.056,0.054,0.000,0.000,0.000,0.056,0.000,0.000
7929,3272.828,0.000,0.056,0.054,0.000,0.000,0.000,0.056,0.000,0.000
7930,3273.256,0.000,0.056,0.054,0.000,0.000,0.000,0.056,0.000,0.000
7931,3273.684,0.000,0.056,0.054,0.000,0.000,0.000,0.056,0.000,0.000
7932,3274.112,0.000,0.056,0.054,0.000,0.000,0.000,0.056,0.000,0.000
7933,3274.540,0.000,0.056,0.054,0.000,0.000,0.000,0.056,0.000,0.000
7934,3274.968,0.000,0.056,0.054,0.000,0.000,0.000,0.056,0.000,0.000
7935,3275.396,0.936,0.056,0.054,0.000,0.000,0.000,0.056,0.000,0.000
7936,3275.823,0.000,0.056,0.054,0.000,0.000,0.000,0.056,0.000,0.000
7937,3276.251,0.000,0.056,0.054,0.000,0.000,0.000,0.056,0.000,0.000
7938,3276.679,0.000,0.056,0.054,0.000,0.000,0.000,0.056,0.000,0.000
7939,3277.107,0.000,0.056,0.054,0.000,0.000,0.000,0.056,0.000,0.000
7940,3277.535,0.000,0.056,0.054,0.000,0.000,0.000,0.056,0.000,0.000
7941,3277.963,0.000,0.056,0.054,0.000,0.000,0.000,0.056,0.000,0.000
7942,3278.391,0.000,0.056,0.054,0.000,0.000,0.000,0.056,0.000,0.000
7943,3278.819,1.000,0.056,0.054,0.000,0.000,0.000,0.056,0.000,0.000
7944,3279.247,0.000,0.056,0.054,0.000,0.000,0.000,0.056,0.000,0.000
7945,3279.674,0.000,0.056,0.054,0.000,0.000,0.000,0.056,0.000,0.000
7946,3280.102,0.000,0.056,0.054,0.000,0.000,0.000,0.056,0.000,0.000
7947,3280.530,0.000,0.056,0.054,0.000,0.000,0.000,0.056,0.000,0.000
7948,3280.958,0.000,0.056,0.054,0.000,0.000,0.000,0.056,0.000,0.000
7949,3281.386,0.000,0.056,0.054,0.000,0.000,0.000,0.056,0.000,0.000
7950,3281.814,0.000,0.056,0.055,0.000,0.000,0.000,0.056,0.000,0.000
7951,3282.242,0.000,0.056,0.055,0.000,0.000,0.000,0.056,0.000,0.000
7952,3282.670,0.000,0.056,0.055,0.000,0.000,0.000,0.056,0.000,0.000
7953,3283.097,0.000,0.056,0.055,0.000,0.000,0.000,0.056,0.000,0.000
7954,3283.525,0.000,0.056,0.055,0.000,0.000,0.000,0.056,0.000,0.000
7955,3283.953,0.000,0.056,0.055,0.000,0.000,0.000,0.056,0.000,0.000
7956,3284.381,0.000,0.056,0.055,0.000,0.000,0.000,0.056,0.000,0.000
7957,3284.809,0.000,0.056,0.055,0.000,0.000,0.000,0.056,0.000,0.000
7958,3285.237,0.895,0.056,0.055,0.000,0.000,0.000,0.056,0.000,0.000
7959,3285.665,0.000,0.056,0.055,0.000,0.000,0.000,0.056,0.000,0.000
7960,3286.092,0.000,0.056,0.055,0.000,0.000,0.000,0.056,0.000,0.000
7961,3286.520,0.000,0.056,0.055,0.000,0.000,0.000,0.056,0.000,0.000
7962,3286.948,0.000,0.056,0.055,0.000,0.000,0.000,0.056,0.000,0.000
7963,3287.376,0.000,0.056,0.055,0.000,0.000,0.000,0.056,0.000,0.000
7964,3287.804,1.000,0.056,0.055,0.000,0.000,0.000,0.056,0.000,0.000
7965,3288.232,0.000,0.056,0.055,0.000,0.000,0.000,0.056,0.000,0.000
7966,3288.660,0.000,0.056,0.055,0.000,0.000,0.000,0.056,0.000,0.000
7967,3289.088,0.000,0.056,0.055,0.000,0.000,0.000,0.056,0.000,0.000
7968,3289.515,0.000,0.056,0.055,0.000,0.000,0.000,0.056,0.000,0.000
7969,3289.943,0.000,0.056,0.055,0.000,0.000,0.000,0.056,0.000,0.000
7970,3290.371,1.000,0.056,0.055,0.000,0.000,0.000,0.056,0.000,0.000
7971,3290.799,0.000,0.056,0.055,0.000,0.000,0.000,0.056,0.000,0.000
7972,3291.227,1.000,0.056,0.055,0.000,0.000,0.000,0.056,0.000,0.000
7973,3291.655,0.000,0.056,0.055,0.000,0.000,0.000,0.056,0.000,0.000
7974,3292.083,0.000,0.056,0.055,0.000,0.000,0.000,0.056,0.000,0.000
7975,3292.510,0.000,0.056,0.055,0.000,0.000,0.000,0.056,0.000,0.000
7976,3292.938,0.000,0.056,0.055,0.000,0.000,0.000,0.056,0.000,0.000
7977,3293.366,0.000,0.056,0.055,0.000,0.000,0.000,0.056,0.000,0.000
7978,3293.794,0.000,0.056,0.055,0.000,0.000,0.000,0.056,0.000,0.000
7979,3294.222,0.000,0.056,0.056,0.000,0.000,0.000,0.056,0.000,0.000
7980,3294.650,0.000,0.056,0.056,0.000,0.000,0.000,0.056,0.000,0.000
7981,3295.077,0.000,0.056,0.056,0.000,0.000,0.000,0.056,0.000,0.000
7982,3295.505,0.000,0.056,0.056,0.000,0.000,0.000,0.056,0.000,0.000
7983,3295.933,0.000,0.056,0.056,0.000,0.000,0.000,0.056,0.000,0.000
7984,3296.361,0.000,0.056,0.056,0.000,0.000,0.000,0.056,0.000,0.000
7985,3296.789,0.000,0.056,0.056,0.000,0.000,0.000,0.056,0.000,0.000
7986,3297.217,1.000,0.056,0.056,0.000,0.000,0.000,0.056,0.000,0.000
7987,3297.645,0.000,0.056,0.056,0.000,0.000,0.000,0.056,0.000,0.000
7988,3298.072,0.000,0.056,0.056,0.000,0.000,0.000,0.056,0.000,0.000
7989,3298.500,0.000,0.056,0.056,0.000,0.000,0.000,0.056,0.000,0.000
7990,3298.928,0.000,0.056,0.056,0.000,0.000,0.000,0.056,0.000,0.000
7991,3299.356,0.000,0.056,0.056,0.000,0.000,0.000,0.056,0.000,0.000
7992,3299.784,0.000,0.056,0.056,0.000,0.000,0.000,0.056,0.000,0.000
7993,3300.212,0.000,0.057,0.056,0.000,0.000,0.000,0.057,0.000,0.000
7994,3300.639,0.000,0.057,0.056,0.000,0.000,0.000,0.057,0.000,0.000
7995,3301.067,0.000,0.057,0.056,0.000,0.000,0.000,0.057,0.000,0.000
7996,3301.495,0.000,0.057,0.056,0.000,0.000,0.000,0.057,0.000,0.000
7997,3301.923,0.000,0.057,0.056,0.000,0.000,0.000,0.057,0.000,0.000
7998,3302.351,0.000,0.057,0.056,0.000,0.000,0.000,0.057,0.000,0.000
7999,3302.779,0.000,0.057,0.056,0.000,0.000,0.000,0.057,0.000,0.000
8000,3303.206,0.000,0.057,0.056,0.000,0.000,0.000,0.057,0.000,0.000
8001,3303.634,0.000,0.057,0.056,0.000,0.000,0.000,0.057,0.000,0.000
8002,3304.062,0.000,0.057,0.056,0.000,0.000,0.000,0.057,0.000,0.000
8003,3304.490,0.000,0.057,0.056,0.000,0.000,0.000,0.057,0.000,0.000
8004,3304.918,0.000,0.057,0.056,0.000,0.000,0.000,0.057,0.000,0.000
8005,3305.346,0.000,0.057,0.056,0.000,0.000,0.000,0.057,0.000,0.000
8006,3305.773,1.000,0.057,0.056,0.000,0.000,0.000,0.057,0.000,0.000
8007,3306.201,0.000,0.057,0.056,0.000,0.000,0.000,0.057,0.000,0.000
8008,3306.629,0.000,0.057,0.057,0.000,0.000,0.000,0.057,0.000,0.000
8009,3307.057,0.000,0.057,0.057,0.000,0.000,0.000,0.057,0.000,0.000
8010,3307.485,0.000,0.057,0.057,0.000,0.000,0.000,0.057,0.000,0.000
8011,3307.913,0.000,0.057,0.057,0.000,0.000,0.000,0.057,0.000,0.000
8012,3308.340,1.000,0.057,0.057,0.000,0.000,0.000,0.057,0.000,0.000
8013,3308.768,0.000,0.057,0.057,0.000,0.000,0.000,0.057,0.000,0.000
8014,3309.196,0.000,0.057,0.057,0.000,0.000,0.000,0.057,0.000,0.000
8015,3309.624,0.000,0.057,0.057,0.000,0.000,0.000,0.057,0.000,0.000
8016,3310.052,0.000,0.057,0.057,0.000,0.000,0.000,0.057,0.000,0.000
8017,3310.480,0.000,0.057,0.057,0.000,0.000,0.000,0.057,0.000,0.000
8018,3310.907,0.000,0.057,0.057,0.000,0.000,0.000,0.057,0.000,0.000
8019,3311.335,0.000,0.057,0.057,0.000,0.000,0.000,0.057,0.000,0.000
8020,3311.763,0.000,0.057,0.057,0.000,0.000,0.000,0.057,0.000,0.000
8021,3312.191,0.000,0.057,0.057,0.000,0.000,0.000,0.057,0.000,0.000
8022,3312.619,0.000,0.057,0.057,0.000,0.000,0.000,0.057,0.000,0.000
8023,3313.046,0.000,0.057,0.057,0.000,0.000,0.000,0.057,0.000,0.000
8024,3313.474,0.000,0.057,0.057,0.000,0.000,0.000,0.057,0.000,0.000
8025,3313.902,0.000,0.057,0.057,0.000,0.000,0.000,0.057,0.000,0.000
8026,3314.330,0.000,0.057,0.057,0.000,0.000,0.000,0.057,0.000,0.000
8027,3314.758,0.000,0.057,0.057,0.000,0.000,0.000,0.057,0.000,0.000
8028,3315.186,0.000,0.057,0.057,0.000,0.000,0.000,0.057,0.000,0.000
8029,3315.613,0.000,0.057,0.057,0.000,0.000,0.000,0.057,0.000,0.000
8030,3316.041,0.000,0.057,0.057,0.000,0.000,0.000,0.057,0.000,0.000
8031,3316.469,0.000,0.058,0.057,0.000,0.000,0.000,0.058,0.000,0.000
8032,3316.897,0.000,0.058,0.057,0.000,0.000,0.000,0.058,0.000,0.000
8033,3317.325,0.000,0.058,0.057,0.000,0.000,0.000,0.058,0.000,0.000
8034,3317.752,0.000,0.058,0.057,0.000,0.000,0.000,0.058,0.000,0.000
8035,3318.180,0.000,0.058,0.057,0.000,0.000,0.000,0.058,0.000,0.000
8036,3318.608,0.000,0.058,0.057,0.000,0.000,0.000,0.058,0.000,0.000
8037,3319.036,0.000,0.058,0.058,0.000,0.000,0.000,0.058,0.000,0.000
8038,3319.464,1.000,0.058,0.058,0.000,0.000,0.000,0.058,0.000,0.000
8039,3319.891,0.000,0.058,0.058,0.000,0.000,0.000,0.058,0.000,0.000
8040,3320.319,0.000,0.058,0.058,0.000,0.000,0.000,0.058,0.000,0.000
8041,3320.747,1.000,0.058,0.058,0.000,0.000,0.000,0.058,0.000,0.000
8042,3321.175,0.000,0.058,0.058,0.000,0.000,0.000,0.058,0.000,0.000
8043,3321.603,0.000,0.058,0.058,0.000,0.000,0.000,0.058,0.000,0.000
8044,3322.030,0.000,0.058,0.058,0.000,0.000,0.000,0.058,0.000,0.000
8045,3322.458,0.000,0.058,0.058,0.000,0.000,0.000,0.058,0.000,0.000
8046,3322.886,0.000,0.058,0.058,0.000,0.000,0.000,0.058,0.000,0.000
8047,3323.314,0.000,0.058,0.058,0.000,0.000,0.000,0.058,0.000,0.000
8048,3323.742,0.000,0.058,0.058,0.000,0.000,0.000,0.058,0.000,0.000
8049,3324.169,0.000,0.058,0.058,0.000,0.000,0.000,0.058,0.000,0.000
8050,3324.597,0.000,0.058,0.058,0.000,0.000,0.000,0.058,0.000,0.000
8051,3325.025,0.000,0.058,0.058,0.000,0.000,0.000,0.058,0.000,0.000
8052,3325.453,0.000,0.058,0.058,0.000,0.000,0.000,0.058,0.000,0.000
8053,3325.881,0.000,0.058,0.058,0.000,0.000,0.000,0.058,0.000,0.000
8054,3326.308,0.000,0.058,0.058,0.000,0.000,0.000,0.058,0.000,0.000
8055,3326.736,0.000,0.058,0.058,0.000,0.000,0.000,0.058,0.000,0.000
8056,3327.164,0.000,0.058,0.058,0.000,0.000,0.000,0.058,0.000,0.000
8057,3327.592,0.000,0.058,0.058,0.000,0.000,0.000,0.058,0.000,0.000
8058,3328.020,0.000,0.058,0.058,0.000,0.000,0.000,0.058,0.000,0.000
8059,3328.447,0.000,0.058,0.058,0.000,0.000,0.000,0.058,0.000,0.000
8060,3328.875,0.000,0.058,0.058,0.000,0.000,0.000,0.058,0.000,0.000
8061,3329.303,0.000,0.058,0.058,0.000,0.000,0.000,0.058,0.000,0.000
8062,3329.731,0.000,0.059,0.058,0.000,0.000,0.000,0.059,0.000,0.000
8063,3330.159,0.000,0.059,0.058,0.000,0.000,0.000,0.059,0.000,0.000
8064,3330.586,0.000,0.059,0.058,0.000,0.000,0.000,0.059,0.000,0.000
8065,3331.014,0.000,0.059,0.058,0.000,0.000,0.000,0.059,0.000,0.000
8066,3331.442,0.000,0.059,0.059,0.000,0.000,0.000,0.059,0.000,0.000
8067,3331.870,0.000,0.059,0.059,0.000,0.000,0.000,0.059,0.000,0.000
8068,3332.297,0.000,0.059,0.059,0.000,0.000,0.000,0.059,0.000,0.000
8069,3332.725,1.000,0.059,0.059,0.000,0.000,0.000,0.059,0.000,0.000
8070,3333.153,0.000,0.059,0.059,0.000,0.000,0.000,0.059,0.000,0.000
8071,3333.581,0.000,0.059,0.059,0.000,0.000,0.000,0.059,0.000,0.000
8072,3334.009,0.000,0.059,0.059,0.000,0.000,0.000,0.059,0.000,0.000
8073,3334.436,0.000,0.059,0.059,0.000,0.000,0.000,0.059,0.000,0.000
8074,3334.864,0.000,0.059,0.059,0.000,0.000,0.000,0.059,0.000,0.000
8075,3335.292,0.000,0.059,0.059,0.000,0.000,0.000,0.059,0.000,0.000
8076,3335.720,0.000,0.059,0.059,0.000,0.000,0.000,0.059,0.000,0.000
8077,3336.147,0.000,0.059,0.059,0.000,0.000,0.000,0.059,0.000,0.000
8078,3336.575,1.000,0.059,0.059,0.000,0.000,0.000,0.059,0.000,0.000
8079,3337.003,0.000,0.059,0.059,0.000,0.000,0.000,0.059,0.000,0.000
8080,3337.431,0.000,0.059,0.059,0.000,0.000,0.000,0.059,0.000,0.000
8081,3337.859,0.000,0.059,0.059,0.000,0.000,0.000,0.059,0.000,0.000
8082,3338.286,0.000,0.059,0.059,0.000,0.000,0.000,0.059,0.000,0.000
8083,3338.714,0.000,0.059,0.059,0.000,0.000,0.000,0.059,0.000,0.000
8084,3339.142,0.000,0.059,0.059,0.000,0.000,0.000,0.059,0.000,0.000
8085,3339.570,0.000,0.059,0.059,0.000,0.000,0.000,0.059,0.000,0.000
8086,3339.997,0.000,0.059,0.059,0.000,0.000,0.000,0.059,0.000,0.000
8087,3340.425,0.000,0.059,0.059,0.000,0.000,0.000,0.059,0.000,0.000
8088,3340.853,0.000,0.059,0.059,0.000,0.000,0.000,0.059,0.000,0.000
8089,3341.281,0.000,0.059,0.059,0.000,0.000,0.000,0.059,0.000,0.000
8090,3341.708,0.000,0.059,0.059,0.000,0.000,0.000,0.059,0.000,0.000
8091,3342.136,0.000,0.060,0.059,0.000,0.000,0.000,0.060,0.000,0.000
8092,3342.564,0.000,0.060,0.059,0.000,0.000,0.000,0.060,0.000,0.000
8093,3342.992,0.000,0.060,0.059,0.000,0.000,0.000,0.060,0.000,0.000
8094,3343.419,0.000,0.060,0.059,0.000,0.000,0.000,0.060,0.000,0.000
8095,3343.847,0.000,0.060,0.059,0.000,0.000,0.000,0.060,0.000,0.000
8096,3344.275,1.000,0.060,0.060,0.000,0.000,0.000,0.060,0.000,0.000
8097,3344.703,0.000,0.060,0.060,0.000,0.000,0.000,0.060,0.000,0.000
8098,3345.130,0.000,0.060,0.060,0.000,0.000,0.000,0.060,0.000,0.000
8099,3345.558,0.000,0.060,0.060,0.000,0.000,0.000,0.060,0.000,0.000
8100,3345.986,0.000,0.060,0.060,0.000,0.000,0.000,0.060,0.000,0.000
8101,3346.414,0.000,0.060,0.060,0.000,0.000,0.000,0.060,0.000,0.000
8102,3346.841,0.000,0.060,0.060,0.000,0.000,0.000,0.060,0.000,0.000
8103,3347.269,0.000,0.060,0.060,0.000,0.000,0.000,0.060,0.000,0.000
8104,3347.697,0.000,0.060,0.060,0.000,0.000,0.000,0.060,0.000,0.000
8105,3348.125,0.000,0.060,0.060,0.000,0.000,0.000,0.060,0.000,0.000
8106,3348.552,0.000,0.060,0.060,0.000,0.000,0.000,0.060,0.000,0.000
8107,3348.980,0.000,0.060,0.060,0.000,0.000,0.000,0.060,0.000,0.000
8108,3349.408,1.000,0.060,0.060,0.000,0.000,0.000,0.060,0.000,0.000
8109,3349.836,0.000,0.060,0.060,0.000,0.000,0.000,0.060,0.000,0.000
8110,3350.263,0.000,0.060,0.060,0.000,0.000,0.000,0.060,0.000,0.000
8111,3350.691,0.000,0.060,0.060,0.000,0.000,0.000,0.060,0.000,0.000
8112,3351.119,0.000,0.060,0.060,0.000,0.000,0.000,0.060,0.000,0.000
8113,3351.547,0.000,0.060,0.060,0.000,0.000,0.000,0.060,0.000,0.000
8114,3351.974,0.000,0.060,0.060,0.000,0.000,0.000,0.060,0.000,0.000
8115,3352.402,0.000,0.060,0.060,0.000,0.000,0.000,0.060,0.000,0.000
8116,3352.830,0.000,0.060,0.060,0.000,0.000,0.000,0.060,0.000,0.000
8117,3353.258,0.000,0.060,0.060,0.000,0.000,0.000,0.060,0.000,0.000
8118,3353.685,0.000,0.061,0.060,0.000,0.000,0.000,0.061,0.000,0.000
8119,3354.113,0.000,0.061,0.060,0.000,0.000,0.000,0.061,0.000,0.000
8120,3354.541,0.000,0.061,0.060,0.000,0.000,0.000,0.061,0.000,0.000
8121,3354.969,0.000,0.061,0.060,0.000,0.000,0.000,0.061,0.000,0.000
8122,3355.396,0.000,0.061,0.060,0.000,0.000,0.000,0.061,0.000,0.000
8123,3355.824,0.000,0.061,0.060,0.000,0.000,0.000,0.061,0.000,0.000
8124,3356.252,0.000,0.061,0.060,0.000,0.000,0.000,0.061,0.000,0.000
8125,3356.680,0.000,0.061,0.061,0.000,0.000,0.000,0.061,0.000,0.000
8126,3357.107,0.000,0.061,0.061,0.000,0.000,0.000,0.061,0.000,0.000
8127,3357.535,0.000,0.061,0.061,0.000,0.000,0.000,0.061,0.000,0.000
8128,3357.963,0.000,0.061,0.061,0.000,0.000,0.000,0.061,0.000,0.000
8129,3358.390,0.000,0.061,0.061,0.000,0.000,0.000,0.061,0.000,0.000
8130,3358.818,0.000,0.061,0.061,0.000,0.000,0.000,0.061,0.000,0.000
8131,3359.246,0.000,0.061,0.061,0.000,0.000,0.000,0.061,0.000,0.000
8132,3359.674,0.000,0.061,0.061,0.000,0.000,0.000,0.061,0.000,0.000
8133,3360.101,0.000,0.061,0.061,0.000,0.000,0.000,0.061,0.000,0.000
8134,3360.529,0.000,0.061,0.061,0.000,0.000,0.000,0.061,0.000,0.000
8135,3360.957,0.000,0.061,0.061,0.000,0.000,0.000,0.061,0.000,0.000
8136,3361.384,0.000,0.061,0.061,0.000,0.000,0.000,0.061,0.000,0.000
8137,3361.812,0.000,0.061,0.061,0.000,0.000,0.000,0.061,0.000,0.000
8138,3362.240,0.000,0.061,0.061,0.000,0.000,0.000,0.061,0.000,0.000
8139,3362.668,0.000,0.061,0.061,0.000,0.000,0.000,0.061,0.000,0.000
8140,3363.095,1.000,0.061,0.061,0.000,0.000,0.000,0.061,0.000,0.000
8141,3363.523,0.000,0.061,0.061,0.000,0.000,0.000,0.061,0.000,0.000
8142,3363.951,0.000,0.061,0.061,0.000,0.000,0.000,0.061,0.000,0.000
8143,3364.379,0.000,0.061,0.061,0.000,0.000,0.000,0.061,0.000,0.000
8144,3364.806,0.000,0.061,0.061,0.000,0.000,0.000,0.061,0.000,0.000
8145,3365.234,0.000,0.062,0.061,0.000,0.000,0.000,0.062,0.000,0.000
8146,3365.662,0.000,0.062,0.061,0.000,0.000,0.000,0.062,0.000,0.000
8147,3366.089,0.000,0.062,0.061,0.000,0.000,0.000,0.062,0.000,0.000
8148,3366.517,0.000,0.062,0.061,0.000,0.000,0.000,0.062,0.000,0.000
8149,3366.945,0.000,0.062,0.061,0.000,0.000,0.000,0.062,0.000,0.000
8150,3367.372,0.000,0.062,0.061,0.000,0.000,0.000,0.062,0.000,0.000
8151,3367.800,0.000,0.062,0.061,0.000,0.000,0.000,0.062,0.000,0.000
8152,3368.228,0.000,0.062,0.061,0.000,0.000,0.000,0.062,0.000,0.000
8153,3368.656,0.000,0.062,0.061,0.000,0.000,0.000,0.062,0.000,0.000
8154,3369.083,0.000,0.062,0.062,0.000,0.000,0.000,0.062,0.000,0.000
8155,3369.511,0.000,0.062,0.062,0.000,0.000,0.000,0.062,0.000,0.000
8156,3369.939,0.000,0.062,0.062,0.000,0.000,0.000,0.062,0.000,0.000
8157,3370.366,0.000,0.062,0.062,0.000,0.000,0.000,0.062,0.000,0.000
8158,3370.794,0.000,0.062,0.062,0.000,0.000,0.000,0.062,0.000,0.000
8159,3371.222,0.000,0.062,0.062,0.000,0.000,0.000,0.062,0.000,0.000
8160,3371.650,0.000,0.062,0.062,0.000,0.000,0.000,0.062,0.000,0.000
8161,3372.077,0.000,0.062,0.062,0.000,0.000,0.000,0.062,0.000,0.000
8162,3372.505,0.000,0.062,0.062,0.000,0.000,0.000,0.062,0.000,0.000
8163,3372.933,0.000,0.062,0.062,0.000,0.000,0.000,0.062,0.000,0.000
8164,3373.360,0.000,0.062,0.062,0.000,0.000,0.000,0.062,0.000,0.000
8165,3373.788,0.000,0.062,0.062,0.000,0.000,0.000,0.062,0.000,0.000
8166,3374.216,0.000,0.062,0.062,0.000,0.000,0.000,0.062,0.000,0.000
8167,3374.643,1.000,0.062,0.062,0.000,0.000,0.000,0.062,0.000,0.000
8168,3375.071,0.000,0.062,0.062,0.000,0.000,0.000,0.062,0.000,0.000
8169,3375.499,0.000,0.062,0.062,0.000,0.000,0.000,0.062,0.000,0.000
8170,3375.926,0.000,0.062,0.062,0.000,0.000,0.000,0.062,0.000,0.000
8171,3376.354,0.000,0.063,0.062,0.000,0.000,0.000,0.063,0.000,0.000
8172,3376.782,0.000,0.063,0.062,0.000,0.000,0.000,0.063,0.000,0.000
8173,3377.210,0.000,0.063,0.062,0.000,0.000,0.000,0.063,0.000,0.000
8174,3377.637,0.000,0.063,0.062,0.000,0.000,0.000,0.063,0.000,0.000
8175,3378.065,0.000,0.063,0.062,0.000,0.000,0.000,0.063,0.000,0.000
8176,3378.493,0.000,0.063,0.062,0.000,0.000,0.000,0.063,0.000,0.000
8177,3378.920,0.000,0.063,0.062,0.000,0.000,0.000,0.063,0.000,0.000
8178,3379.348,0.000,0.063,0.062,0.000,0.000,0.000,0.063,0.000,0.000
8179,3379.776,0.000,0.063,0.062,0.000,0.000,0.000,0.063,0.000,0.000
8180,3380.203,0.000,0.063,0.062,0.000,0.000,0.000,0.063,0.000,0.000
8181,3380.631,0.000,0.063,0.062,0.000,0.000,0.000,0.063,0.000,0.000
8182,3381.059,0.000,0.063,0.062,0.000,0.000,0.000,0.063,0.000,0.000
8183,3381.486,0.000,0.063,0.063,0.000,0.000,0.000,0.063,0.000,0.000
8184,3381.914,0.000,0.063,0.063,0.000,0.000,0.000,0.063,0.000,0.000
8185,3382.342,0.000,0.063,0.063,0.000,0.000,0.000,0.063,0.000,0.000
8186,3382.769,0.000,0.063,0.063,0.000,0.000,0.000,0.063,0.000,0.000
8187,3383.197,0.000,0.063,0.063,0.000,0.000,0.000,0.063,0.000,0.000
8188,3383.625,0.000,0.063,0.063,0.000,0.000,0.000,0.063,0.000,0.000
8189,3384.052,0.000,0.063,0.063,0.000,0.000,0.000,0.063,0.000,0.000
8190,3384.480,0.000,0.063,0.063,0.000,0.000,0.000,0.063,0.000,0.000
8191,3384.908,1630.000,0.000,0.000,0.000,0.000,0.000,0.000,0.000,0.000
