ch,keV,net,model,continuum_raw,Ac-228,Tl-208,Pb-212,Bi-212,Ra-224,Th-228,Rn-220,Th-232,Xray-Pb,Xray-Th
0,-7.711,0.000,0.000,0.000,0.000,0.000,0.000,0.000,0.000,0.000,0.000,0.000,0.000,0.000
1,-7.375,0.000,0.000,0.000,0.000,0.000,0.000,0.000,0.000,0.000,0.000,0.000,0.000,0.000
2,-7.040,0.000,0.000,0.000,0.000,0.000,0.000,0.000,0.000,0.000,0.000,0.000,0.000,0.000
3,-6.704,0.000,0.000,0.000,0.000,0.000,0.000,0.000,0.000,0.000,0.000,0.000,0.000,0.000
4,-6.368,0.000,0.000,0.000,0.000,0.000,0.000,0.000,0.000,0.000,0.000,0.000,0.000,0.000
5,-6.032,0.000,0.000,0.000,0.000,0.000,0.000,0.000,0.000,0.000,0.000,0.000,0.000,0.000
6,-5.697,0.000,0.000,0.000,0.000,0.000,0.000,0.000,0.000,0.000,0.000,0.000,0.000,0.000
7,-5.361,0.000,0.000,0.000,0.000,0.000,0.000,0.000,0.000,0.000,0.000,0.000,0.000,0.000
8,-5.025,0.000,0.000,0.000,0.000,0.000,0.000,0.000,0.000,0.000,0.000,0.000,0.000,0.000
9,-4.689,0.000,0.000,0.000,0.000,0.000,0.000,0.000,0.000,0.000,0.000,0.000,0.000,0.000
10,-4.353,0.000,0.000,0.000,0.000,0.000,0.000,0.000,0.000,0.000,0.000,0.000,0.000,0.000
11,-4.017,0.000,0.000,0.000,0.000,0.000,0.000,0.000,0.000,0.000,0.000,0.000,0.000,0.000
12,-3.682,0.000,0.000,0.000,0.000,0.000,0.000,0.000,0.000,0.000,0.000,0.000,0.000,0.000
13,-3.346,0.000,0.000,0.000,0.000,0.000,0.000,0.000,0.000,0.000,0.000,0.000,0.000,0.000
14,-3.010,0.000,0.000,0.000,0.000,0.000,0.000,0.000,0.000,0.000,0.000,0.000,0.000,0.000
15,-2.674,0.000,0.000,0.000,0.000,0.000,0.000,0.000,0.000,0.000,0.000,0.000,0.000,0.000
16,-2.338,0.000,0.000,0.000,0.000,0.000,0.000,0.000,0.000,0.000,0.000,0.000,0.000,0.000
17,-2.002,0.000,0.000,0.000,0.000,0.000,0.000,0.000,0.000,0.000,0.000,0.000,0.000,0.000
18,-1.665,0.000,0.000,0.000,0.000,0.000,0.000,0.000,0.000,0.000,0.000,0.000,0.000,0.000
19,-1.329,0.000,0.000,0.000,0.000,0.000,0.000,0.000,0.000,0.000,0.000,0.000,0.000,0.000
20,-0.993,0.000,0.000,0.000,0.000,0.000,0.000,0.000,0.000,0.000,0.000,0.000,0.000,0.000
21,-0.657,0.000,0.000,0.000,0.000,0.000,0.000,0.000,0.000,0.000,0.000,0.000,0.000,0.000
22,-0.321,0.000,0.000,0.000,0.000,0.000,0.000,0.000,0.000,0.000,0.000,0.000,0.000,0.000
23,0.015,0.000,0.000,0.000,0.000,0.000,0.000,0.000,0.000,0.000,0.000,0.000,0.000,0.000
24,0.351,0.000,0.000,0.000,0.000,0.000,0.000,0.000,0.000,0.000,0.000,0.000,0.000,0.000
25,0.688,0.000,0.000,0.000,0.000,0.000,0.000,0.000,0.000,0.000,0.000,0.000,0.000,0.000
26,1.024,0.000,0.000,0.000,0.000,0.000,0.000,0.000,0.000,0.000,0.000,0.000,0.000,0.000
27,1.360,0.000,0.000,0.000,0.000,0.000,0.000,0.000,0.000,0.000,0.000,0.000,0.000,0.000
28,1.696,0.000,0.000,0.000,0.000,0.000,0.000,0.000,0.000,0.000,0.000,0.000,0.000,0.000
29,2.033,0.000,0.000,0.000,0.000,0.000,0.000,0.000,0.000,0.000,0.000,0.000,0.000,0.000
30,2.369,0.000,0.000,0.000,0.000,0.000,0.000,0.000,0.000,0.000,0.000,0.000,0.000,0.000
31,2.705,0.000,0.000,0.000,0.000,0.000,0.000,0.000,0.000,0.000,0.000,0.000,0.000,0.000
32,3.042,0.000,0.000,0.000,0.000,0.000,0.000,0.000,0.000,0.000,0.000,0.000,0.000,0.000
33,3.378,0.000,0.000,0.000,0.000,0.000,0.000,0.000,0.000,0.000,0.000,0.000,0.000,0.000
34,3.715,0.000,0.000,0.000,0.000,0.000,0.000,0.000,0.000,0.000,0.000,0.000,0.000,0.000
35,4.051,0.000,0.000,0.000,0.000,0.000,0.000,0.000,0.000,0.000,0.000,0.000,0.000,0.000
36,4.388,0.000,0.000,0.000,0.000,0.000,0.000,0.000,0.000,0.000,0.000,0.000,0.000,0.000
37,4.724,0.000,0.000,0.000,0.000,0.000,0.000,0.000,0.000,0.000,0.000,0.000,0.000,0.000
38,5.061,0.000,0.000,0.000,0.000,0.000,0.000,0.000,0.000,0.000,0.000,0.000,0.000,0.000
39,5.397,0.000,0.000,0.000,0.000,0.000,0.000,0.000,0.000,0.000,0.000,0.000,0.000,0.000
40,5.734,0.000,0.000,0.000,0.000,0.000,0.000,0.000,0.000,0.000,0.000,0.000,0.000,0.000
41,6.070,0.000,0.000,0.000,0.000,0.000,0.000,0.000,0.000,0.000,0.000,0.000,0.000,0.000
42,6.407,0.000,0.000,0.000,0.000,0.000,0.000,0.000,0.000,0.000,0.000,0.000,0.000,0.000
43,6.744,0.000,0.000,0.000,0.000,0.000,0.000,0.000,0.000,0.000,0.000,0.000,0.000,0.000
44,7.080,0.000,0.000,0.000,0.000,0.000,0.000,0.000,0.000,0.000,0.000,0.000,0.000,0.000
45,7.417,0.000,0.000,0.000,0.000,0.000,0.000,0.000,0.000,0.000,0.000,0.000,0.000,0.000
46,7.754,0.000,0.000,0.000,0.000,0.000,0.000,0.000,0.000,0.000,0.000,0.000,0.000,0.000
47,8.090,0.000,0.000,0.000,0.000,0.000,0.000,0.000,0.000,0.000,0.000,0.000,0.000,0.000
48,8.427,0.000,0.000,0.000,0.000,0.000,0.000,0.000,0.000,0.000,0.000,0.000,0.000,0.000
49,8.764,0.000,0.000,0.000,0.000,0.000,0.000,0.000,0.000,0.000,0.000,0.000,0.000,0.000
50,9.101,0.000,0.000,0.000,0.000,0.000,0.000,0.000,0.000,0.000,0.000,0.000,0.000,0.000
51,9.438,0.852,200.060,0.000,200.053,0.000,0.000,0.006,0.000,0.000,0.000,0.000,0.000,0.000
52,9.774,0.000,207.748,7.058,203.078,1.594,1.341,0.315,0.104,0.017,0.003,0.001,0.958,0.338
53,10.111,0.000,215.184,14.117,205.848,3.188,2.682,0.623,0.208,0.034,0.005,0.002,1.916,0.676
54,10.448,0.037,222.595,21.175,208.591,4.783,4.023,0.932,0.313,0.051,0.008,0.003,2.875,1.015
55,10.785,4.889,229.521,28.234,210.847,6.379,5.365,1.242,0.417,0.068,0.010,0.004,3.834,1.353
56,11.122,12.853,236.042,35.292,212.696,7.975,6.708,1.552,0.521,0.085,0.013,0.005,4.793,1.692
57,11.459,23.373,242.406,42.351,214.385,9.572,8.051,1.862,0.626,0.103,0.015,0.006,5.753,2.031
58,11.796,50.412,249.111,49.409,216.413,11.170,9.395,2.173,0.730,0.120,0.018,0.007,6.713,2.370
59,12.133,84.230,256.354,56.467,218.976,12.768,10.739,2.485,0.835,0.137,0.020,0.008,7.674,2.709
60,12.470,132.234,263.627,63.526,221.566,14.367,12.084,2.798,0.939,0.154,0.023,0.009,8.635,3.048
61,12.807,160.759,270.623,70.584,223.878,15.966,13.429,3.112,1.044,0.171,0.025,0.010,9.596,3.387
62,13.144,207.691,277.441,77.643,226.007,17.566,14.775,3.426,1.148,0.188,0.028,0.011,10.557,3.727
63,13.481,240.807,284.331,84.701,228.206,19.167,16.121,3.743,1.253,0.205,0.030,0.012,11.519,4.066
64,13.818,297.330,291.657,91.760,230.836,20.768,17.468,4.061,1.358,0.223,0.033,0.013,12.482,4.406
65,14.155,288.630,299.247,98.818,233.727,22.370,18.815,4.380,1.462,0.240,0.035,0.014,13.445,4.746
66,14.492,317.745,306.677,105.876,236.455,23.973,20.163,4.702,1.567,0.257,0.038,0.015,14.408,5.086
67,14.830,363.376,313.840,112.935,238.911,25.576,21.511,5.026,1.672,0.274,0.040,0.016,15.371,5.426
68,15.167,315.749,320.858,119.993,241.218,27.180,22.860,5.353,1.777,0.291,0.043,0.018,16.335,5.766
69,15.504,384.897,328.021,127.052,243.665,28.784,24.210,5.684,1.882,0.309,0.045,0.019,17.299,6.106
70,15.841,329.122,335.493,134.110,246.416,30.389,25.560,6.018,1.986,0.326,0.048,0.020,18.264,6.447
71,16.178,363.898,342.943,141.169,249.139,31.995,26.910,6.358,2.091,0.343,0.051,0.021,19.229,6.787
72,16.516,378.716,350.169,148.227,251.632,33.601,28.261,6.703,2.196,0.360,0.053,0.022,20.194,7.128
73,16.853,372.714,357.236,155.285,253.956,35.208,29.613,7.055,2.301,0.377,0.056,0.023,21.160,7.469
74,17.190,376.682,364.287,162.344,256.256,36.816,30.965,7.415,2.407,0.395,0.058,0.024,22.126,7.810
75,17.528,360.754,371.613,169.402,258.821,38.424,32.317,7.784,2.512,0.412,0.061,0.025,23.093,8.151
76,17.865,394.052,379.098,176.461,261.531,40.033,33.671,8.165,2.617,0.429,0.063,0.026,24.060,8.493
77,18.202,395.830,386.456,183.519,264.098,41.642,35.024,8.559,2.722,0.446,0.066,0.027,25.027,8.834
78,18.540,387.831,393.650,190.578,266.483,43.252,36.379,8.970,2.827,0.464,0.068,0.028,25.995,9.176
79,18.877,402.016,400.790,197.636,268.794,44.863,37.733,9.400,2.933,0.481,0.071,0.029,26.963,9.517
80,19.215,378.093,408.054,204.694,271.202,46.475,39.089,9.853,3.038,0.498,0.073,0.030,27.931,9.859
81,19.552,376.460,415.603,211.753,273.866,48.087,40.445,10.335,3.143,0.515,0.076,0.031,28.900,10.201
82,19.890,374.761,423.123,218.811,276.464,49.699,41.801,10.851,3.249,0.533,0.079,0.032,29.870,10.543
83,20.227,405.317,430.451,225.870,278.826,51.313,43.158,11.409,3.354,0.550,0.081,0.033,30.839,10.886
84,20.565,406.136,437.632,232.928,280.988,52.927,44.516,12.018,3.460,0.567,0.084,0.034,31.809,11.228
85,20.902,360.432,444.809,239.987,283.080,54.542,45.874,12.690,3.565,0.585,0.086,0.035,32.780,11.571
86,21.240,414.732,452.208,247.045,285.314,56.157,47.232,13.441,3.671,0.602,0.089,0.036,33.751,11.913
87,21.578,409.253,459.812,254.104,287.654,57.773,48.592,14.290,3.776,0.619,0.091,0.037,34.722,12.256
88,21.915,429.401,467.304,261.162,289.753,59.390,49.951,15.265,3.882,0.637,0.094,0.038,35.693,12.599
89,22.253,433.553,474.656,268.220,291.548,61.007,51.312,16.402,3.988,0.654,0.096,0.039,36.666,12.942
90,22.590,408.403,481.963,275.279,293.081,62.627,52.673,17.752,4.094,0.671,0.099,0.040,37.639,13.285
91,22.928,490.184,489.378,282.337,294.438,64.246,54.034,19.387,4.199,0.689,0.101,0.041,38.612,13.629
92,23.266,433.816,497.138,289.396,295.753,65.865,55.396,21.406,4.305,0.706,0.104,0.042,39.586,13.972
93,23.604,455.223,505.036,296.454,296.780,67.487,56.759,23.848,4.411,0.723,0.107,0.044,40.560,14.316
94,23.941,534.964,512.910,303.513,297.298,69.109,58.124,26.769,4.517,0.741,0.109,0.045,41.536,14.660
95,24.279,524.113,520.794,310.571,297.241,70.732,59.488,30.277,4.623,0.758,0.112,0.046,42.511,15.004
96,24.617,555.780,528.810,317.629,296.576,72.356,60.853,34.524,4.729,0.775,0.114,0.047,43.487,15.348
97,24.955,605.222,537.147,324.688,295.281,73.982,62.220,39.714,4.835,0.793,0.117,0.048,44.463,15.692
98,25.293,592.334,545.953,331.746,293.263,75.610,63.589,46.092,4.941,0.810,0.119,0.049,45.441,16.037
99,25.630,638.259,554.963,338.805,290.141,77.238,64.957,53.778,5.048,0.828,0.122,0.050,46.418,16.381
100,25.968,583.187,564.189,345.863,285.710,78.869,66.327,62.985,5.154,0.845,0.125,0.051,47.396,16.726
101,26.306,725.704,573.726,352.922,279.803,80.504,67.700,73.968,5.260,0.863,0.127,0.052,48.375,17.071
102,26.644,727.591,583.729,359.980,272.315,82.143,69.075,86.993,5.367,0.880,0.130,0.053,49.355,17.416
103,26.982,721.219,594.409,367.038,263.226,83.784,70.452,102.292,5.473,0.897,0.132,0.055,50.335,17.762
104,27.320,780.442,605.760,374.097,252.564,85.429,71.830,119.826,5.580,0.915,0.135,0.056,51.316,18.107
105,27.658,729.442,617.583,381.155,240.584,87.084,73.218,139.130,5.687,0.932,0.137,0.057,52.299,18.453
106,27.996,828.959,629.987,388.214,227.962,88.744,74.607,159.649,5.794,0.950,0.140,0.059,53.282,18.799
107,28.334,808.257,643.101,395.272,215.480,90.407,75.997,180.732,5.901,0.967,0.143,0.060,54.266,19.146
108,28.672,771.439,657.117,402.331,203.957,92.076,77.391,201.748,6.008,0.985,0.145,0.062,55.251,19.492
109,29.010,808.996,672.171,409.389,194.133,93.759,78.798,222.068,6.116,1.003,0.148,0.065,56.239,19.839
110,29.348,815.809,687.867,416.447,186.516,95.443,80.203,240.828,6.223,1.020,0.150,0.067,57.227,20.186
111,29.686,811.810,703.973,423.506,181.372,97.131,81.610,257.516,6.331,1.038,0.153,0.070,58.217,20.534
112,30.024,853.698,720.493,430.564,178.793,98.824,83.020,272.042,6.439,1.055,0.155,0.072,59.207,20.882
113,30.363,849.737,737.475,437.623,178.634,100.534,84.449,284.570,6.547,1.073,0.158,0.074,60.202,21.230
114,30.701,847.663,754.954,444.681,180.422,102.242,85.870,295.658,6.655,1.091,0.161,0.076,61.197,21.579
115,31.039,839.886,766.634,445.683,181.727,102.570,86.129,305.205,6.673,1.094,0.161,0.078,61.361,21.634
116,31.377,800.513,777.826,446.685,184.246,102.905,86.393,313.033,6.691,1.097,0.162,0.080,61.526,21.690
117,31.715,867.737,788.238,447.687,187.772,103.259,86.674,319.036,6.710,1.100,0.162,0.082,61.696,21.746
118,32.054,777.624,797.696,448.689,192.129,103.609,86.947,323.264,6.728,1.103,0.162,0.084,61.866,21.802
119,32.392,811.661,806.122,449.692,197.225,103.966,87.225,325.709,6.747,1.106,0.163,0.086,62.037,21.858
120,32.730,802.552,813.419,450.694,202.983,104.332,87.509,326.342,6.765,1.109,0.163,0.088,62.210,21.914
121,33.069,839.033,819.303,451.696,209.347,104.711,87.807,324.926,6.784,1.112,0.164,0.090,62.388,21.971
122,33.407,762.069,823.461,452.698,216.242,105.088,88.096,321.264,6.803,1.115,0.164,0.093,62.566,22.028
123,33.745,783.293,825.894,453.700,223.613,105.468,88.388,315.392,6.822,1.118,0.164,0.095,62.746,22.085
124,34.084,847.735,826.713,454.702,231.393,105.857,88.686,307.467,6.841,1.122,0.165,0.098,62.942,22.142
125,34.422,739.550,826.119,455.704,239.504,106.253,88.990,297.762,6.860,1.125,0.165,0.101,63.157,22.199
126,34.760,743.735,824.200,456.706,247.853,106.638,89.284,286.541,6.879,1.128,0.166,0.103,63.350,22.256
127,35.099,753.773,820.961,457.708,256.330,107.020,89.576,273.874,6.898,1.131,0.166,0.106,63.546,22.313
128,35.437,759.995,816.550,458.710,264.796,107.405,89.918,259.956,6.917,1.134,0.167,0.108,63.777,22.370
129,35.776,733.442,811.204,459.712,273.138,107.784,90.269,245.207,6.935,1.137,0.167,0.111,64.025,22.427
130,36.114,742.480,805.171,460.714,281.271,108.146,90.551,230.101,6.954,1.140,0.167,0.113,64.242,22.484
131,36.453,789.666,798.806,461.717,289.092,108.498,90.825,214.985,6.972,1.143,0.168,0.115,64.465,22.541
132,36.791,764.591,792.248,462.719,296.562,108.839,91.092,200.038,6.990,1.146,0.168,0.117,64.694,22.598
133,37.130,753.666,785.565,463.721,303.660,109.173,91.358,185.340,7.008,1.149,0.169,0.118,64.932,22.655
134,37.468,752.595,778.903,464.723,310.372,109.497,91.615,171.060,7.026,1.152,0.169,0.120,65.178,22.712
135,37.807,718.222,772.437,465.725,316.705,109.808,91.862,157.368,7.044,1.155,0.170,0.121,65.433,22.768
136,38.146,763.149,766.348,466.727,322.695,110.111,92.103,144.400,7.062,1.158,0.170,0.122,65.699,22.824
137,38.484,759.708,760.768,467.729,328.266,110.411,92.412,132.284,7.079,1.161,0.170,0.123,65.977,22.881
138,38.823,719.117,755.637,468.731,333.239,110.710,92.679,121.244,7.097,1.164,0.171,0.125,66.269,22.938
139,39.162,808.226,750.951,469.733,337.560,111.014,92.919,111.308,7.114,1.167,0.171,0.126,66.575,22.994
140,39.500,773.747,746.761,470.735,341.316,111.325,93.165,102.403,7.131,1.170,0.172,0.127,66.898,23.050
141,39.839,810.562,743.112,471.737,344.624,111.649,93.418,94.448,7.149,1.173,0.172,0.129,67.241,23.107
142,40.178,722.193,740.073,472.739,347.621,111.982,93.678,87.376,7.167,1.175,0.172,0.131,67.604,23.164
143,40.517,718.861,737.595,473.741,350.312,112.330,93.947,81.125,7.185,1.178,0.173,0.133,67.990,23.220
144,40.855,841.936,735.560,474.744,352.640,112.698,94.227,75.620,7.202,1.181,0.173,0.136,68.403,23.277
145,41.194,808.159,733.957,475.746,354.657,113.089,94.524,70.785,7.221,1.184,0.174,0.139,68.846,23.334
146,41.533,759.197,732.827,476.748,356.473,113.504,94.835,66.556,7.240,1.187,0.174,0.143,69.321,23.391
147,41.872,791.678,732.198,477.750,358.171,113.947,95.163,62.864,7.258,1.190,0.174,0.147,69.833,23.447
148,42.211,828.312,732.112,478.752,359.836,114.421,95.510,59.654,7.278,1.194,0.175,0.152,70.386,23.505
149,42.549,817.608,732.427,479.754,361.373,114.932,95.880,56.861,7.298,1.200,0.175,0.158,70.985,23.562
150,42.888,854.573,733.044,480.756,362.737,115.482,96.273,54.433,7.318,1.203,0.176,0.164,71.634,23.620
151,43.227,856.724,733.965,481.758,363.953,116.076,96.693,52.328,7.338,1.207,0.176,0.172,72.341,23.678
152,43.566,893.689,735.228,482.760,365.073,116.721,97.144,50.515,7.359,1.210,0.177,0.180,73.111,23.736
153,43.905,879.428,736.893,483.762,366.157,117.421,97.629,48.965,7.380,1.214,0.177,0.189,73.963,23.795
154,44.244,874.244,738.970,484.764,367.213,118.185,98.151,47.649,7.402,1.218,0.177,0.198,74.919,23.854
155,44.583,927.208,741.184,485.766,368.059,119.015,98.712,46.515,7.425,1.222,0.178,0.209,75.932,23.914
156,44.922,859.656,743.517,486.769,368.650,119.920,99.317,45.535,7.449,1.226,0.178,0.220,77.045,23.973
157,45.261,798.472,745.972,487.771,368.985,120.907,99.975,44.685,7.473,1.230,0.179,0.233,78.268,24.034
158,45.600,870.955,748.575,488.773,369.086,121.981,100.689,43.949,7.498,1.235,0.179,0.246,79.615,24.095
159,45.939,836.326,751.369,489.775,368.996,123.149,101.448,43.314,7.524,1.239,0.179,0.260,81.099,24.157
160,46.278,770.441,754.299,490.777,368.649,124.420,102.266,42.755,7.551,1.244,0.180,0.274,82.738,24.219
161,46.617,804.665,757.224,491.779,367.902,125.798,103.148,42.239,7.579,1.249,0.180,0.290,84.548,24.289
162,46.957,748.297,760.146,492.781,366.752,127.289,104.093,41.750,7.608,1.254,0.181,0.306,86.550,24.360
163,47.296,764.740,763.091,493.783,365.214,128.898,105.103,41.280,7.638,1.260,0.181,0.322,88.766,24.426
164,47.635,771.336,766.129,494.785,363.324,130.630,106.181,40.822,7.669,1.265,0.181,0.340,91.221,24.493
165,47.974,711.412,769.336,495.787,361.121,132.491,107.334,40.371,7.701,1.271,0.182,0.357,93.943,24.562
166,48.313,789.080,772.666,496.789,358.544,134.485,108.558,39.914,7.734,1.277,0.182,0.375,96.962,24.631
167,48.652,709.564,776.112,497.791,355.558,136.614,109.854,39.438,7.769,1.283,0.183,0.393,100.315,24.703
168,48.992,766.009,779.751,498.794,352.199,138.881,111.224,38.941,7.804,1.289,0.183,0.411,104.039,24.775
169,49.331,709.825,783.707,499.796,348.525,141.290,112.672,38.423,7.841,1.295,0.184,0.430,108.177,24.867
170,49.670,668.827,788.059,500.798,344.596,143.838,114.193,37.890,7.879,1.302,0.184,0.448,112.776,24.949
171,50.010,701.683,792.867,501.800,340.475,146.497,115.793,37.345,7.918,1.309,0.184,0.466,117.847,25.029
172,50.349,717.722,798.041,502.802,336.180,149.192,117.479,36.789,7.958,1.316,0.185,0.484,123.343,25.112
173,50.688,726.982,803.612,503.804,331.764,151.891,119.256,36.225,8.000,1.323,0.185,0.502,129.264,25.198
174,51.028,722.429,809.659,504.806,327.290,154.578,121.136,35.660,8.043,1.330,0.186,0.520,135.626,25.287
175,51.367,752.801,816.262,505.808,322.830,157.234,123.117,35.101,8.087,1.338,0.186,0.539,142.446,25.379
176,51.706,765.509,823.495,506.810,318.457,159.847,125.205,34.556,8.133,1.346,0.187,0.557,149.730,25.474
177,52.046,747.583,831.281,507.812,314.221,162.377,127.376,34.027,8.182,1.354,0.187,0.576,157.403,25.574
178,52.385,754.809,839.472,508.814,310.159,164.784,129.594,33.520,8.232,1.362,0.187,0.596,165.354,25.678
179,52.725,742.701,848.064,509.816,306.315,167.058,131.858,33.038,8.285,1.371,0.188,0.617,173.543,25.787
180,53.064,922.664,857.075,510.818,302.727,169.200,134.167,32.584,8.342,1.381,0.188,0.639,181.942,25.901
181,53.404,873.481,866.537,511.821,299.434,171.217,136.527,32.162,8.401,1.390,0.189,0.662,190.529,26.021
182,53.743,859.855,876.415,512.823,296.452,173.108,138.928,31.774,8.465,1.401,0.189,0.688,199.260,26.147
183,54.083,850.008,886.551,513.825,293.758,174.857,141.338,31.418,8.533,1.412,0.190,0.715,208.046,26.280
184,54.422,823.674,896.845,514.827,291.340,176.458,143.739,31.094,8.606,1.424,0.190,0.745,216.825,26.421
185,54.762,917.234,902.996,511.520,287.785,176.922,145.286,30.650,8.619,1.426,0.189,0.777,224.981,26.357
186,55.101,919.494,909.333,508.213,284.515,177.267,146.825,30.239,8.639,1.430,0.188,0.812,233.113,26.301
187,55.441,964.055,915.898,504.906,281.530,177.513,148.360,29.860,8.666,1.434,0.187,0.852,241.236,26.256
188,55.781,940.946,922.638,501.599,278.798,177.657,149.879,29.512,8.700,1.440,0.185,0.895,249.346,26.222
189,56.120,939.909,929.481,498.293,276.277,177.693,151.364,29.188,8.740,1.447,0.184,0.943,257.441,26.199
190,56.460,940.986,936.454,494.986,273.945,177.632,152.813,28.888,8.785,1.455,0.183,0.996,265.561,26.190
191,56.800,939.731,943.652,491.679,271.798,177.489,154.232,28.612,8.837,1.466,0.182,1.055,273.780,26.196
192,57.139,991.991,951.203,488.372,269.836,177.287,155.634,28.359,8.895,1.478,0.181,1.121,282.191,26.217
193,57.479,1039.879,959.229,485.065,268.049,177.040,157.028,28.129,8.960,1.493,0.180,1.194,290.897,26.256
194,57.819,1082.180,967.716,481.758,266.389,176.739,158.397,27.916,9.030,1.510,0.179,1.276,299.953,26.323
195,58.158,1111.884,976.690,478.451,264.822,176.383,159.736,27.718,9.103,1.530,0.177,1.366,309.442,26.407
196,58.498,1065.295,986.297,475.145,263.338,175.983,161.057,27.533,9.179,1.553,0.176,1.467,319.495,26.511
197,58.838,1067.522,996.728,471.838,261.936,175.556,162.376,27.362,9.258,1.579,0.175,1.579,330.261,26.640
198,59.178,1132.524,1008.205,468.531,260.626,175.120,163.718,27.205,9.340,1.609,0.174,1.703,341.907,26.798
199,59.518,1104.120,1020.881,465.224,259.395,174.684,165.097,27.061,9.424,1.642,0.173,1.839,354.575,26.987
200,59.857,1191.230,1034.749,461.917,258.195,174.230,166.501,26.925,9.508,1.679,0.172,1.979,368.347,27.210
201,60.197,1151.307,1049.960,458.610,257.012,173.761,167.946,26.795,9.590,1.720,0.171,2.119,383.371,27.471
202,60.537,1087.385,1066.727,455.303,255.847,173.288,169.456,26.671,9.671,1.765,0.169,2.258,399.824,27.773
203,60.877,1213.644,1085.297,451.997,254.708,172.826,171.059,26.554,9.749,1.814,0.168,2.393,417.900,28.121
204,61.217,1155.425,1105.938,448.690,253.607,172.387,172.787,26.444,9.826,1.867,0.167,2.522,437.808,28.519
205,61.557,1230.988,1128.758,445.383,252.526,171.964,174.643,26.340,9.899,1.924,0.166,2.642,459.677,28.972
206,61.897,1298.095,1153.830,442.076,251.431,171.544,176.624,26.239,9.966,1.985,0.165,2.752,483.633,29.487
207,62.237,1273.954,1181.394,438.769,250.324,171.133,178.753,26.139,10.029,2.049,0.164,2.847,509.883,30.068
208,62.577,1295.544,1211.730,435.462,249.211,170.740,181.055,26.042,10.086,2.117,0.163,2.927,538.663,30.723
209,62.917,1262.288,1245.161,432.155,248.103,170.375,183.564,25.948,10.138,2.188,0.162,2.990,570.231,31.458
210,63.257,1277.438,1282.021,428.849,247.013,170.049,186.310,25.859,10.185,2.263,0.161,3.033,604.863,32.282
211,63.597,1329.255,1322.413,425.542,245.914,169.746,189.294,25.772,10.225,2.341,0.159,3.056,642.714,33.187
212,63.937,1304.069,1366.592,422.235,244.800,169.463,192.533,25.685,10.259,2.421,0.158,3.058,684.034,34.175
213,64.277,1308.334,1414.939,418.928,243.677,169.207,196.061,25.601,10.287,2.504,0.157,3.039,729.151,35.249
214,64.617,1359.189,1467.892,415.621,242.557,168.987,199.917,25.519,10.310,2.590,0.156,2.998,778.440,36.414
215,64.957,1438.334,1525.944,412.314,241.454,168.815,204.142,25.442,10.328,2.679,0.155,2.937,832.314,37.675
216,65.297,1391.340,1589.541,409.007,240.369,168.696,208.770,25.370,10.341,2.770,0.154,2.857,891.177,39.031
217,65.638,1539.453,1658.989,405.701,239.281,168.617,213.817,25.300,10.350,2.864,0.153,2.759,955.369,40.474
218,65.978,1623.600,1734.854,402.394,238.194,168.586,219.327,25.234,10.354,2.959,0.152,2.646,1025.396,42.002
219,66.318,1533.270,1817.802,399.087,237.119,168.613,225.353,25.172,10.356,3.058,0.151,2.518,1101.838,43.619
220,66.658,1583.868,1908.584,395.780,236.070,168.713,231.955,25.118,10.355,3.159,0.150,2.380,1185.352,45.328
221,66.998,1592.456,2007.696,392.473,235.058,168.897,239.199,25.071,10.353,3.264,0.149,2.233,1276.340,47.129
222,67.339,1559.170,2114.366,389.166,234.078,169.150,247.133,25.029,10.351,3.372,0.148,2.080,1374.006,49.016
223,67.679,1653.057,2227.206,385.859,233.114,169.450,255.806,24.988,10.347,3.484,0.147,1.923,1476.966,50.977
224,68.019,1709.128,2346.196,382.553,232.178,169.803,265.298,24.948,10.344,3.599,0.146,1.766,1585.098,53.012
225,68.359,1844.984,2471.376,379.246,231.282,170.215,275.699,24.910,10.343,3.720,0.145,1.609,1698.326,55.125
226,68.700,1925.911,2602.822,375.939,230.439,170.692,287.109,24.872,10.344,3.846,0.144,1.456,1816.596,57.319
227,69.040,1894.253,2739.049,372.632,229.652,171.223,299.490,24.836,10.349,3.978,0.143,1.309,1938.472,59.592
228,69.380,2047.622,2876.316,369.325,228.908,171.765,312.600,24.797,10.357,4.117,0.142,1.168,2060.525,61.932
229,69.721,2095.439,3011.667,366.018,228.198,172.288,326.273,24.755,10.369,4.264,0.141,1.035,2180.009,64.331
230,70.061,2206.847,3143.472,362.711,227.535,172.783,340.466,24.709,10.386,4.419,0.140,0.911,2295.326,66.794
231,70.402,2296.328,3270.081,359.405,226.929,173.241,355.138,24.659,10.409,4.583,0.140,0.796,2404.854,69.327
232,70.742,2475.549,3389.855,356.098,226.393,173.654,370.245,24.606,10.439,4.759,0.139,0.691,2506.988,71.937
233,71.082,2545.594,3501.101,352.791,225.914,174.000,385.723,24.547,10.476,4.947,0.138,0.597,2600.138,74.617
234,71.423,2795.368,3602.195,349.484,225.475,174.253,401.508,24.481,10.521,5.147,0.137,0.512,2682.800,77.357
235,71.763,2886.039,3691.753,346.177,225.076,174.401,417.562,24.406,10.573,5.361,0.136,0.437,2753.639,80.159
236,72.104,2994.519,3768.625,342.870,224.724,174.438,433.867,24.323,10.634,5.590,0.135,0.370,2811.509,83.030
237,72.444,3169.522,3831.906,339.564,224.432,174.361,450.425,24.233,10.705,5.837,0.135,0.313,2855.479,85.982
238,72.785,3193.008,3880.839,336.257,224.204,174.168,467.161,24.136,10.786,6.104,0.134,0.263,2884.853,89.025
239,73.125,3613.229,3914.370,332.950,224.018,173.841,483.537,24.031,10.878,6.390,0.133,0.221,2899.174,92.143
240,73.466,3723.936,3931.896,329.643,223.863,173.371,499.146,23.916,10.981,6.699,0.132,0.185,2898.270,95.329
241,73.806,3853.081,3933.362,326.336,223.741,172.762,513.784,23.793,11.095,7.031,0.131,0.155,2882.274,98.591
242,74.147,4084.640,3919.049,323.029,223.658,172.022,527.282,23.663,11.222,7.390,0.131,0.130,2851.607,101.941
243,74.488,4096.862,3889.555,319.722,223.629,171.163,539.485,23.527,11.363,7.779,0.130,0.109,2806.972,105.394
244,74.828,4274.308,3845.690,316.416,223.650,170.195,550.244,23.387,11.520,8.199,0.129,0.093,2749.312,108.957
245,75.169,4356.197,3788.416,313.109,223.700,169.113,559.412,23.240,11.691,8.653,0.128,0.080,2679.773,112.622
246,75.510,4532.568,3719.011,309.802,223.772,167.927,566.876,23.087,11.878,9.144,0.127,0.070,2599.728,116.396
247,75.850,4575.123,3638.989,306.495,223.874,166.655,572.554,22.930,12.083,9.676,0.127,0.061,2510.727,120.298
248,76.191,4643.497,3550.037,303.188,224.016,165.318,576.392,22.770,12.308,10.252,0.126,0.055,2414.448,124.349
249,76.532,4592.313,3453.973,299.881,224.213,163.940,578.364,22.610,12.553,10.877,0.125,0.049,2312.663,128.574
250,76.872,4565.608,3352.580,296.574,224.455,162.532,578.456,22.449,12.818,11.556,0.124,0.045,2207.161,132.981
251,77.213,4574.349,3247.657,293.268,224.728,161.100,576.682,22.286,13.098,12.293,0.123,0.042,2099.725,137.577
252,77.554,4674.832,3141.094,289.961,225.040,159.664,573.097,22.122,13.393,13.094,0.122,0.039,1992.128,142.391
253,77.895,4469.348,3034.759,286.654,225.403,158.246,567.789,21.958,13.704,13.967,0.121,0.036,1886.077,147.454
254,78.235,4346.018,2930.468,283.347,225.833,156.869,560.876,21.796,14.031,14.916,0.120,0.035,1783.184,152.804
255,78.576,4253.240,2829.925,280.040,226.343,155.549,552.498,21.637,14.375,15.944,0.119,0.033,1684.944,158.479
256,78.917,4214.132,2734.562,276.733,226.922,154.275,542.807,21.480,14.724,17.007,0.118,0.032,1592.700,164.494
257,79.258,4061.651,2645.764,273.426,227.572,153.050,531.979,21.323,15.075,18.081,0.117,0.030,1507.652,170.881
258,79.599,3900.798,2564.838,270.120,228.309,151.881,520.220,21.168,15.424,19.154,0.116,0.029,1430.844,177.687
259,79.940,3726.579,2492.960,266.813,229.151,150.779,507.747,21.015,15.769,20.216,0.115,0.028,1363.170,184.965
260,80.281,3631.134,2431.097,263.506,230.120,149.752,494.792,20.865,16.107,21.252,0.114,0.028,1305.291,192.771
261,80.622,3383.497,2379.336,260.199,231.226,148.800,481.587,20.718,16.436,22.252,0.113,0.027,1257.015,201.158
262,80.962,3185.203,2336.392,256.892,232.463,147.913,468.356,20.573,16.751,23.200,0.112,0.026,1216.831,210.165
263,81.303,3096.685,2301.968,253.585,233.847,147.091,455.335,20.428,17.051,24.085,0.111,0.025,1184.136,219.854
264,81.644,2820.208,2275.829,250.278,235.400,146.337,442.762,20.285,17.333,24.893,0.110,0.025,1158.381,230.300
265,81.985,2814.021,2257.617,246.972,237.146,145.651,430.867,20.144,17.595,25.612,0.109,0.024,1138.880,241.584
266,82.326,2758.096,2246.824,243.665,239.111,145.035,419.836,20.006,17.838,26.232,0.108,0.023,1124.841,253.789
267,82.667,2539.281,2242.676,240.358,241.304,144.477,409.705,19.868,18.058,26.743,0.107,0.023,1115.393,266.993
268,83.008,2489.467,2244.306,237.051,243.730,143.962,400.445,19.730,18.254,27.136,0.106,0.022,1109.636,281.279
269,83.349,2387.203,2251.041,233.744,246.418,143.491,392.139,19.592,18.427,27.405,0.105,0.022,1106.687,296.751
270,83.691,2485.837,2262.145,230.437,249.401,143.063,384.852,19.454,18.578,27.545,0.104,0.021,1105.597,313.525
271,84.032,2216.063,2276.829,227.130,252.713,142.681,378.629,19.317,18.707,27.554,0.103,0.021,1105.373,331.727
272,84.373,2390.801,2294.098,223.824,256.351,142.339,373.461,19.180,18.817,27.432,0.102,0.020,1105.093,351.299
273,84.714,2323.802,2312.662,220.517,260.257,142.029,369.275,19.041,18.908,27.180,0.101,0.019,1103.922,371.925
274,85.055,2264.507,2331.479,217.210,264.400,141.744,366.003,18.900,18.981,26.801,0.101,0.019,1101.130,393.398
275,85.396,2320.914,2349.941,213.903,268.787,141.490,363.599,18.756,19.040,26.303,0.100,0.019,1096.173,415.671
276,85.737,2343.206,2367.516,210.596,273.427,141.274,362.005,18.610,19.089,25.692,0.099,0.018,1088.601,438.697
277,86.078,2413.062,2383.598,207.289,278.330,141.103,361.136,18.462,19.132,24.979,0.098,0.018,1077.908,462.430
278,86.420,2351.287,2397.564,203.982,283.469,140.967,360.840,18.311,19.170,24.173,0.097,0.017,1063.709,486.808
279,86.761,2468.099,2408.927,200.676,288.814,140.855,360.953,18.152,19.207,23.286,0.096,0.017,1045.768,511.775
280,87.102,2419.135,2417.433,197.369,294.357,140.769,361.349,17.985,19.244,22.331,0.096,0.017,1023.989,537.293
281,87.443,2473.284,2423.007,194.062,300.105,140.714,361.922,17.809,19.286,21.322,0.095,0.016,998.399,563.336
282,87.785,2544.358,2425.720,190.755,306.068,140.702,362.574,17.624,19.338,20.271,0.094,0.016,969.132,589.897
283,88.126,2530.062,2432.198,194.021,314.804,142.557,364.583,17.706,19.522,19.206,0.097,0.016,936.512,617.192
284,88.467,2617.987,2435.053,197.287,323.590,144.448,366.442,17.779,19.714,18.125,0.099,0.017,900.731,644.105
285,88.808,2604.918,2433.922,200.553,332.321,146.365,368.046,17.844,19.913,17.042,0.102,0.017,862.158,670.110
286,89.150,2595.174,2428.843,203.819,340.952,148.312,369.328,17.900,20.120,15.966,0.104,0.017,821.213,694.926
287,89.491,2453.508,2419.958,207.085,349.445,150.293,370.239,17.948,20.337,14.910,0.107,0.018,778.350,718.309
288,89.832,2555.396,2407.486,210.351,357.770,152.313,370.769,17.988,20.563,13.883,0.109,0.018,734.045,740.025
289,90.174,2558.358,2391.586,213.618,365.873,154.367,370.868,18.020,20.797,12.893,0.112,0.019,688.782,759.851
290,90.515,2636.647,2372.239,216.884,373.640,156.417,370.406,18.047,21.036,11.945,0.115,0.019,643.039,777.571
291,90.857,2570.321,2349.622,220.150,381.019,158.454,369.340,18.067,21.275,11.046,0.118,0.020,597.279,793.001
292,91.198,2471.021,2323.960,223.416,387.973,160.474,367.656,18.084,21.514,10.199,0.121,0.020,551.937,805.977
293,91.539,2555.469,2295.494,226.682,394.469,162.474,365.357,18.097,21.753,9.408,0.124,0.021,507.419,816.367
294,91.881,2442.099,2264.478,229.948,400.485,164.452,362.457,18.109,21.988,8.674,0.128,0.022,464.091,824.070
295,92.222,2357.169,2231.111,233.214,405.972,166.387,358.975,18.121,22.215,7.997,0.131,0.023,422.273,829.014
296,92.564,2363.360,2195.555,236.480,410.873,168.254,354.933,18.136,22.427,7.377,0.135,0.024,382.236,831.158
297,92.905,2318.247,2158.048,239.746,415.175,170.043,350.371,18.156,22.620,6.812,0.138,0.025,344.203,830.502
298,93.247,2404.136,2118.831,243.012,418.872,171.748,345.336,18.182,22.791,6.301,0.142,0.026,308.345,827.084
299,93.588,2296.506,2078.156,246.278,421.972,173.365,339.881,18.217,22.939,5.841,0.146,0.027,274.786,820.977
300,93.930,2185.129,2036.250,249.544,424.472,174.887,334.060,18.264,23.062,5.429,0.150,0.028,243.605,812.290
301,94.272,2045.389,1993.279,252.810,426.336,176.300,327.918,18.322,23.156,5.061,0.155,0.029,214.838,801.161
302,94.613,1925.763,1949.437,256.076,427.552,177.594,321.507,18.392,23.221,4.734,0.159,0.031,188.482,787.760
303,94.955,1998.762,1904.956,259.342,428.140,178.769,314.885,18.477,23.254,4.444,0.164,0.032,164.498,772.289
304,95.296,1974.463,1860.082,262.609,428.127,179.824,308.109,18.577,23.257,4.188,0.169,0.034,142.816,754.976
305,95.638,1804.432,1815.063,265.875,427.549,180.761,301.236,18.695,23.227,3.962,0.174,0.035,123.345,736.074
306,95.980,1794.392,1770.130,269.141,426.437,181.578,294.314,18.831,23.167,3.763,0.179,0.037,105.972,715.846
307,96.321,1689.979,1725.500,272.407,424.822,182.272,287.388,18.984,23.075,3.589,0.184,0.039,90.570,694.572
308,96.663,1613.318,1681.430,275.673,422.751,182.847,280.504,19.155,22.954,3.438,0.189,0.040,77.004,672.543
309,97.005,1564.056,1638.182,278.939,420.278,183.310,273.712,19.344,22.803,3.307,0.195,0.042,65.127,650.058
310,97.346,1555.575,1596.017,282.205,417.461,183.669,267.055,19.551,22.627,3.191,0.200,0.044,54.795,627.417
311,97.688,1507.237,1555.204,285.471,414.362,183.936,260.577,19.777,22.427,3.088,0.206,0.046,45.862,604.918
312,98.030,1425.015,1515.972,288.737,411.030,184.115,254.308,20.021,22.205,2.996,0.212,0.049,38.185,582.847
313,98.372,1425.905,1478.578,292.003,407.522,184.211,248.279,20.280,21.963,2.912,0.218,0.051,31.653,561.484
314,98.713,1338.642,1443.348,295.269,403.902,184.240,242.523,20.554,21.705,2.837,0.223,0.053,26.205,541.102
315,99.055,1222.792,1410.509,298.535,400.239,184.216,237.072,20.843,21.433,2.768,0.229,0.055,21.694,521.955
316,99.397,1272.341,1380.256,301.801,396.598,184.155,231.955,21.146,21.153,2.705,0.235,0.058,17.960,504.287
317,99.739,1221.089,1352.604,305.067,393.023,184.071,227.200,21.462,20.866,2.648,0.241,0.061,14.868,488.161
318,100.081,1205.828,1327.267,308.333,389.514,183.971,222.824,21.788,20.576,2.595,0.247,0.063,12.309,473.376
319,100.422,1101.685,1304.139,311.599,386.095,183.866,218.851,22.124,20.286,2.547,0.253,0.066,10.190,459.857
320,100.764,1125.123,1283.240,314.866,382.809,183.775,215.309,22.468,19.999,2.504,0.259,0.068,8.436,447.609
321,101.106,1168.086,1264.567,318.132,379.694,183.713,212.221,22.820,19.720,2.465,0.264,0.071,6.984,436.610
322,101.448,1114.829,1248.082,321.398,376.788,183.697,209.598,23.179,19.452,2.430,0.270,0.074,5.782,426.809
323,101.790,1099.863,1233.624,324.664,374.087,183.731,207.395,23.543,19.196,2.399,0.276,0.077,4.787,418.129
324,102.132,1127.270,1220.991,327.930,371.580,183.817,205.556,23.910,18.955,2.372,0.282,0.079,3.963,410.472
325,102.474,1077.346,1210.039,331.196,369.277,183.966,204.061,24.279,18.729,2.349,0.287,0.082,3.281,403.722
326,102.816,1095.386,1200.642,334.462,367.190,184.190,202.897,24.650,18.523,2.329,0.293,0.085,2.716,397.765
327,103.158,1133.641,1192.655,337.728,365.329,184.498,202.049,25.021,18.338,2.311,0.298,0.087,2.248,392.470
328,103.500,1125.782,1185.899,340.994,363.694,184.899,201.498,25.394,18.175,2.298,0.304,0.090,1.861,387.680
329,103.842,1040.899,1180.080,344.260,362.242,185.377,201.200,25.764,18.032,2.286,0.309,0.093,1.541,383.231
330,104.184,1009.010,1174.954,347.526,360.945,185.922,201.120,26.129,17.905,2.277,0.314,0.095,1.276,378.966
331,104.526,987.486,1170.321,350.792,359.789,186.536,201.231,26.488,17.795,2.270,0.319,0.098,1.056,374.733
332,104.868,990.191,1165.991,354.058,358.761,187.219,201.507,26.841,17.702,2.265,0.324,0.100,0.874,370.392
333,105.210,1009.303,1161.795,357.324,357.850,187.972,201.923,27.188,17.625,2.262,0.328,0.103,0.724,365.816
334,105.552,994.857,1157.555,360.590,357.034,188.789,202.450,27.527,17.563,2.260,0.333,0.105,0.599,360.890
335,105.894,1044.006,1153.067,363.857,356.276,189.655,203.048,27.858,17.512,2.259,0.337,0.107,0.496,355.515
336,106.236,1005.191,1148.180,367.123,355.551,190.562,203.685,28.178,17.472,2.259,0.342,0.109,0.411,349.607
337,106.578,1057.707,1142.781,370.389,354.846,191.504,204.338,28.488,17.442,2.259,0.346,0.111,0.340,343.104
338,106.920,973.484,1136.778,373.655,354.145,192.477,204.983,28.788,17.418,2.260,0.349,0.112,0.281,335.960
339,107.262,948.523,1130.147,376.921,353.443,193.478,205.602,29.078,17.401,2.261,0.353,0.114,0.233,328.180
340,107.605,968.043,1122.832,380.187,352.723,194.496,206.173,29.357,17.389,2.262,0.357,0.115,0.193,319.764
341,107.947,979.114,1114.753,383.453,351.960,195.518,206.672,29.623,17.378,2.262,0.360,0.116,0.160,310.699
342,108.289,997.817,1105.883,386.719,351.145,196.537,207.086,29.877,17.367,2.262,0.363,0.117,0.132,300.991
343,108.631,945.039,1096.231,389.985,350.270,197.550,207.405,30.120,17.356,2.262,0.366,0.118,0.109,290.669
344,108.973,1026.820,1085.826,393.251,349.335,198.552,207.623,30.351,17.342,2.262,0.368,0.119,0.091,279.778
345,109.316,910.931,1074.715,396.517,348.339,199.540,207.733,30.571,17.324,2.261,0.371,0.120,0.075,268.378
346,109.658,977.297,1062.944,399.783,347.278,200.504,207.720,30.779,17.302,2.259,0.373,0.120,0.062,256.542
347,110.000,1017.107,1050.565,403.049,346.151,201.438,207.569,30.974,17.273,2.257,0.375,0.120,0.051,244.351
348,110.342,931.959,1037.669,406.315,344.965,202.339,207.281,31.159,17.238,2.254,0.377,0.120,0.043,231.890
349,110.685,980.593,1024.359,409.581,343.730,203.207,206.855,31.332,17.195,2.251,0.379,0.120,0.035,219.249
350,111.027,910.295,1010.748,412.848,342.461,204.043,206.299,31.496,17.145,2.247,0.381,0.120,0.029,206.520
351,111.369,910.184,996.933,416.114,341.166,204.844,205.617,31.650,17.087,2.243,0.382,0.120,0.024,193.794
352,111.712,924.366,983.015,419.380,339.853,205.607,204.814,31.794,17.022,2.240,0.384,0.120,0.020,181.157
353,112.054,916.370,969.097,422.646,338.534,206.332,203.899,31.929,16.949,2.236,0.385,0.119,0.017,168.692
354,112.396,920.435,955.293,425.912,337.227,207.022,202.886,32.056,16.869,2.233,0.386,0.119,0.014,156.477
355,112.739,918.327,941.710,429.178,335.952,207.681,201.786,32.176,16.782,2.230,0.387,0.118,0.011,144.582
356,113.081,826.587,928.453,432.444,334.727,208.316,200.616,32.290,16.689,2.228,0.388,0.118,0.009,133.068
357,113.424,844.626,915.590,435.710,333.559,208.923,199.383,32.398,16.591,2.226,0.389,0.117,0.008,121.991
358,113.766,860.437,903.193,438.976,332.460,209.503,198.102,32.501,16.488,2.226,0.390,0.116,0.006,111.396
359,114.108,852.438,891.343,442.242,331.449,210.062,196.786,32.599,16.382,2.227,0.390,0.116,0.005,101.320
360,114.451,817.919,880.106,445.508,330.543,210.607,195.451,32.695,16.274,2.230,0.391,0.115,0.004,91.791
361,114.793,846.362,869.541,448.774,329.756,211.144,194.109,32.788,16.164,2.234,0.392,0.114,0.004,82.829
362,115.136,939.177,859.691,452.040,329.102,211.678,192.775,32.881,16.055,2.241,0.392,0.114,0.003,74.445
363,115.478,794.956,850.563,455.306,328.578,212.205,191.455,32.971,15.946,2.249,0.393,0.114,0.003,66.644
364,115.821,856.840,842.183,458.572,328.195,212.730,190.160,33.061,15.839,2.260,0.393,0.113,0.002,59.423
365,116.163,886.723,834.573,461.839,327.964,213.259,188.903,33.151,15.735,2.274,0.394,0.113,0.002,52.774
366,116.506,866.844,827.752,465.105,327.896,213.799,187.693,33.243,15.635,2.290,0.395,0.113,0.001,46.682
367,116.848,839.838,821.727,468.371,328.002,214.354,186.542,33.336,15.541,2.309,0.395,0.113,0.001,41.129
368,117.191,854.650,816.485,471.637,328.283,214.925,185.455,33.432,15.452,2.331,0.396,0.113,0.001,36.092
369,117.534,773.397,811.996,474.903,328.734,215.510,184.435,33.529,15.370,2.356,0.397,0.113,0.001,31.545
370,117.876,805.691,808.242,478.169,329.357,216.112,183.487,33.629,15.295,2.385,0.397,0.113,0.001,27.461
371,118.219,931.656,805.218,481.435,330.161,216.734,182.618,33.731,15.228,2.417,0.398,0.114,0.001,23.811
372,118.561,853.134,802.912,484.701,331.150,217.382,181.836,33.838,15.170,2.453,0.399,0.115,0.000,20.564
373,118.904,840.654,801.300,487.967,332.327,218.057,181.144,33.948,15.121,2.492,0.400,0.116,0.000,17.689
374,119.247,842.539,800.339,491.233,333.684,218.755,180.542,34.062,15.081,2.536,0.401,0.117,0.000,15.156
375,119.589,862.466,799.991,494.499,335.217,219.476,180.028,34.178,15.050,2.584,0.402,0.118,0.000,12.934
376,119.932,847.238,800.236,497.765,336.927,220.219,179.606,34.298,15.028,2.635,0.403,0.119,0.000,10.994
377,120.275,812.499,801.074,501.031,338.821,220.990,179.278,34.422,15.016,2.692,0.404,0.121,0.000,9.324
378,120.617,824.169,802.496,504.297,340.904,221.789,179.050,34.551,15.013,2.753,0.405,0.123,0.000,7.903
379,120.960,792.982,804.462,507.563,343.171,222.615,178.918,34.683,15.021,2.819,0.406,0.125,0.000,6.699
380,121.303,863.426,806.914,510.829,345.613,223.462,178.877,34.818,15.037,2.889,0.408,0.128,0.000,5.678
381,121.646,764.313,809.823,514.096,348.228,224.329,178.927,34.955,15.062,2.965,0.409,0.131,0.000,4.812
382,121.988,865.536,813.170,517.362,351.021,225.217,179.067,35.096,15.096,3.046,0.410,0.133,0.000,4.078
383,122.331,897.462,816.947,520.628,353.997,226.127,179.301,35.240,15.139,3.133,0.412,0.137,0.000,3.456
384,122.674,806.200,821.141,523.894,357.157,227.061,179.632,35.387,15.190,3.226,0.413,0.140,0.000,2.929
385,123.017,860.568,825.664,527.160,360.441,228.014,180.052,35.536,15.249,3.326,0.415,0.144,0.000,2.482
386,123.360,944.308,830.439,530.426,363.796,228.982,180.554,35.688,15.315,3.432,0.416,0.148,0.000,2.103
387,123.702,861.162,835.432,533.692,367.203,229.964,181.134,35.841,15.388,3.544,0.418,0.152,0.000,1.782
388,124.045,870.352,840.617,536.958,370.644,230.960,181.792,35.996,15.467,3.664,0.419,0.157,0.000,1.510
389,124.388,893.012,845.973,540.224,374.107,231.972,182.525,36.154,15.553,3.792,0.421,0.162,0.000,1.280
390,124.731,897.602,851.480,543.490,377.578,233.002,183.333,36.314,15.646,3.927,0.422,0.167,0.000,1.085
391,125.074,1016.269,857.082,546.756,381.028,234.042,184.205,36.475,15.743,4.065,0.424,0.173,0.000,0.919
392,125.417,1003.677,862.744,550.022,384.439,235.090,185.136,36.637,15.846,4.205,0.426,0.179,0.000,0.779
393,125.760,876.339,868.442,553.288,387.793,236.147,186.124,36.800,15.952,4.346,0.427,0.186,0.000,0.660
394,126.103,1038.381,874.157,556.554,391.077,237.212,187.167,36.964,16.063,4.486,0.429,0.193,0.000,0.559
395,126.446,1032.487,879.875,559.820,394.277,238.289,188.264,37.130,16.178,4.626,0.431,0.200,0.000,0.474
396,126.789,919.785,885.568,563.087,397.376,239.376,189.411,37.297,16.296,4.763,0.433,0.208,0.000,0.402
397,127.131,1012.785,891.188,566.353,400.349,240.465,190.597,37.464,16.416,4.898,0.434,0.217,0.000,0.340
398,127.474,959.819,896.717,569.619,403.183,241.558,191.820,37.632,16.539,5.029,0.436,0.225,0.000,0.288
399,127.817,987.558,902.143,572.885,405.868,242.655,193.078,37.800,16.664,5.155,0.438,0.235,0.000,0.244
400,128.160,1013.075,907.457,576.151,408.396,243.757,194.371,37.969,16.790,5.275,0.439,0.245,0.000,0.207
401,128.503,1005.601,912.649,579.417,410.758,244.868,195.698,38.139,16.919,5.389,0.441,0.256,0.000,0.176
402,128.847,992.631,917.689,582.683,412.941,245.981,197.049,38.309,17.049,5.496,0.443,0.267,0.000,0.149
403,129.190,986.075,922.554,585.949,414.932,247.094,198.418,38.480,17.179,5.594,0.445,0.279,0.000,0.126
404,129.533,1025.075,927.241,589.215,416.732,248.209,199.805,38.650,17.310,5.683,0.446,0.292,0.000,0.107
405,129.876,984.149,931.751,592.481,418.338,249.327,201.210,38.821,17.442,5.762,0.448,0.306,0.000,0.091
406,130.219,1057.518,936.083,595.747,419.752,250.449,202.631,38.993,17.574,5.831,0.450,0.321,0.000,0.077
407,130.562,971.778,940.235,599.013,420.975,251.576,204.065,39.165,17.706,5.889,0.451,0.336,0.000,0.065
408,130.905,926.892,944.187,602.279,422.003,252.701,205.505,39.337,17.839,5.935,0.453,0.353,0.000,0.055
409,131.248,1075.625,947.940,605.545,422.840,253.825,206.948,39.509,17.970,5.969,0.455,0.370,0.000,0.047
410,131.591,1042.404,951.504,608.811,423.495,254.950,208.394,39.682,18.102,5.991,0.456,0.389,0.000,0.040
411,131.934,1026.035,954.894,612.078,423.979,256.076,209.845,39.854,18.233,6.001,0.458,0.409,0.000,0.034
412,132.278,1023.998,958.123,615.344,424.304,257.206,211.300,40.028,18.363,5.998,0.460,0.430,0.000,0.028
413,132.621,998.443,961.188,618.610,424.477,258.336,212.753,40.202,18.494,5.983,0.462,0.451,0.000,0.024
414,132.964,1022.480,959.755,617.544,422.719,258.143,213.268,40.173,18.541,5.949,0.461,0.473,0.000,0.020
415,133.307,1011.402,958.168,616.478,420.831,257.948,213.775,40.144,18.588,5.903,0.461,0.496,0.000,0.017
416,133.650,1070.103,956.448,615.412,418.831,257.751,214.273,40.116,18.633,5.845,0.460,0.518,0.000,0.015
417,133.994,1027.476,954.620,614.347,416.737,257.555,214.766,40.088,18.678,5.777,0.460,0.540,0.000,0.012
418,134.337,1052.546,952.699,613.281,414.567,257.361,215.252,40.060,18.722,5.698,0.459,0.562,0.000,0.011
419,134.680,971.217,950.683,612.215,412.329,257.163,215.726,40.032,18.765,5.610,0.459,0.583,0.000,0.009
420,135.023,995.769,948.585,611.149,410.043,256.960,216.184,40.004,18.806,5.513,0.458,0.604,0.000,0.008
421,135.367,1015.400,946.425,610.084,407.719,256.755,216.629,39.975,18.845,5.408,0.458,0.624,0.000,0.006
422,135.710,1031.139,944.223,609.018,405.375,256.548,217.062,39.946,18.883,5.295,0.457,0.643,0.000,0.005
423,136.053,969.916,942.008,607.952,403.034,256.342,217.487,39.918,18.921,5.176,0.457,0.662,0.000,0.005
424,136.397,980.360,939.789,606.886,400.709,256.135,217.900,39.890,18.957,5.052,0.456,0.679,0.000,0.004
425,136.740,948.026,937.560,605.821,398.406,255.923,218.295,39.862,18.991,4.924,0.456,0.695,0.000,0.003
426,137.083,897.287,935.338,604.755,396.138,255.705,218.673,39.832,19.024,4.792,0.455,0.710,0.000,0.003
427,137.427,959.432,933.142,603.689,393.920,255.484,219.036,39.803,19.055,4.657,0.455,0.723,0.000,0.002
428,137.770,939.542,930.995,602.623,391.768,255.263,219.387,39.774,19.084,4.521,0.454,0.734,0.000,0.002
429,138.113,967.949,928.916,601.558,389.696,255.042,219.729,39.745,19.113,4.385,0.454,0.744,0.000,0.002
430,138.457,906.764,926.897,600.492,387.705,254.818,220.056,39.716,19.140,4.248,0.453,0.752,0.000,0.001
431,138.800,942.095,924.934,599.426,385.799,254.589,220.363,39.686,19.166,4.113,0.453,0.758,0.000,0.001
432,139.144,872.690,923.041,598.360,383.985,254.356,220.653,39.656,19.190,3.979,0.452,0.762,0.000,0.001
433,139.487,905.353,921.227,597.295,382.272,254.119,220.926,39.625,19.212,3.849,0.452,0.764,0.000,0.001
434,139.830,898.355,919.511,596.229,380.669,253.883,221.188,39.594,19.234,3.721,0.451,0.764,0.000,0.001
435,140.174,915.164,917.900,595.163,379.181,253.646,221.437,39.564,19.254,3.598,0.451,0.762,0.000,0.001
436,140.517,875.762,916.374,594.097,377.801,253.406,221.669,39.533,19.272,3.478,0.450,0.758,0.000,0.001
437,140.861,847.240,914.933,593.032,376.529,253.160,221.882,39.501,19.289,3.363,0.450,0.752,0.000,0.000
438,141.204,929.496,913.585,591.966,375.369,252.910,222.079,39.468,19.304,3.254,0.449,0.744,0.000,0.000
439,141.548,882.388,912.337,590.900,374.323,252.659,222.261,39.436,19.318,3.150,0.449,0.734,0.000,0.000
440,141.891,880.166,911.200,589.834,373.395,252.408,222.433,39.403,19.331,3.052,0.448,0.723,0.000,0.000
441,142.235,922.758,910.166,588.768,372.581,252.157,222.593,39.370,19.343,2.960,0.448,0.709,0.000,0.000
442,142.579,927.347,909.216,587.703,371.871,251.901,222.734,39.336,19.353,2.874,0.447,0.694,0.000,0.000
443,142.922,910.568,908.351,586.637,371.265,251.641,222.858,39.301,19.362,2.794,0.447,0.677,0.000,0.000
444,143.266,855.754,907.575,585.571,370.762,251.378,222.968,39.266,19.369,2.720,0.446,0.659,0.000,0.000
445,143.609,893.976,906.897,584.505,370.363,251.116,223.067,39.230,19.376,2.652,0.446,0.639,0.000,0.000
446,143.953,989.158,906.316,583.440,370.067,250.855,223.156,39.195,19.381,2.591,0.445,0.619,0.000,0.000
447,144.296,844.974,905.816,582.374,369.866,250.591,223.231,39.158,19.385,2.535,0.445,0.597,0.000,0.000
448,144.640,893.050,905.387,581.308,369.754,250.324,223.289,39.121,19.388,2.486,0.444,0.575,0.000,0.000
449,144.984,902.787,905.033,580.242,369.731,250.054,223.333,39.083,19.389,2.442,0.444,0.552,0.000,0.000
450,145.327,959.418,904.757,579.177,369.795,249.782,223.364,39.044,19.390,2.403,0.443,0.528,0.000,0.000
451,145.671,909.862,904.564,578.111,369.949,249.512,223.385,39.005,19.389,2.370,0.443,0.504,0.000,0.000
452,146.015,839.785,904.466,577.045,370.194,249.244,223.401,38.967,19.388,2.343,0.442,0.480,0.000,0.000
453,146.358,867.227,904.477,575.979,370.534,248.985,223.418,38.929,19.388,2.320,0.442,0.455,0.000,0.000
454,146.702,878.785,904.583,574.914,370.945,248.737,223.441,38.892,19.387,2.302,0.442,0.431,0.000,0.000
455,147.046,844.452,904.727,573.848,371.384,248.494,223.463,38.856,19.387,2.289,0.441,0.407,0.000,0.000
456,147.389,861.415,904.872,572.782,371.844,248.247,223.468,38.819,19.385,2.280,0.441,0.383,0.000,0.000
457,147.733,932.525,905.013,571.716,372.318,247.994,223.457,38.780,19.382,2.275,0.441,0.359,0.000,0.000
458,148.077,910.005,905.146,570.651,372.802,247.738,223.430,38.741,19.378,2.274,0.440,0.336,0.000,0.000
459,148.421,824.454,905.271,569.585,373.290,247.480,223.391,38.700,19.372,2.277,0.440,0.314,0.000,0.000
460,148.764,908.078,905.383,568.519,373.776,247.220,223.340,38.659,19.366,2.284,0.439,0.292,0.000,0.000
461,149.108,891.599,905.483,567.453,374.257,246.960,223.279,38.618,19.359,2.294,0.439,0.271,0.000,0.000
462,149.452,880.337,905.574,566.388,374.729,246.702,223.211,38.576,19.351,2.308,0.439,0.251,0.000,0.000
463,149.796,927.374,905.658,565.322,375.190,246.448,223.140,38.534,19.343,2.326,0.438,0.231,0.000,0.000
464,150.140,895.335,905.739,564.256,375.638,246.200,223.068,38.494,19.335,2.346,0.438,0.213,0.000,0.000
465,150.483,846.151,905.825,563.190,376.073,245.961,223.000,38.454,19.328,2.370,0.438,0.195,0.000,0.000
466,150.827,880.630,905.909,562.125,376.490,245.729,222.934,38.415,19.321,2.397,0.437,0.179,0.000,0.000
467,151.171,894.888,905.945,561.059,376.866,245.498,222.859,38.376,19.313,2.426,0.437,0.163,0.000,0.000
468,151.515,860.890,905.910,559.993,377.191,245.261,222.767,38.336,19.305,2.459,0.437,0.148,0.000,0.000
469,151.859,954.554,905.805,558.927,377.461,245.021,222.661,38.295,19.295,2.495,0.437,0.135,0.000,0.000
470,152.203,884.960,905.628,557.862,377.676,244.777,222.542,38.253,19.283,2.533,0.436,0.122,0.000,0.000
471,152.547,980.998,905.383,556.796,377.833,244.531,222.411,38.210,19.272,2.575,0.436,0.110,0.000,0.000
472,152.891,883.851,905.074,555.730,377.933,244.285,222.270,38.167,19.259,2.619,0.436,0.099,0.000,0.000
473,153.234,928.219,904.707,554.664,377.976,244.040,222.123,38.124,19.246,2.667,0.435,0.089,0.000,0.000
474,153.578,950.404,904.287,553.599,377.965,243.798,221.971,38.082,19.233,2.718,0.435,0.079,0.000,0.000
475,153.922,811.330,903.824,552.533,377.902,243.561,221.818,38.040,19.219,2.773,0.435,0.071,0.000,0.000
476,154.266,807.073,903.329,551.467,377.791,243.332,221.666,37.999,19.206,2.831,0.435,0.063,0.000,0.000
477,154.610,877.142,902.801,550.401,377.630,243.111,221.517,37.959,19.194,2.893,0.434,0.056,0.000,0.000
478,154.954,924.256,902.211,549.336,377.409,242.891,221.362,37.919,19.181,2.959,0.434,0.049,0.000,0.000
479,155.298,905.217,901.538,548.270,377.118,242.667,221.194,37.878,19.167,3.029,0.434,0.044,0.000,0.000
480,155.642,862.214,900.782,547.204,376.760,242.440,221.012,37.837,19.151,3.103,0.434,0.038,0.000,0.000
481,155.986,879.142,899.950,546.138,376.338,242.208,220.818,37.795,19.135,3.182,0.433,0.034,0.000,0.000
482,156.330,955.581,899.047,545.073,375.842,241.969,220.633,37.752,19.118,3.265,0.433,0.029,0.000,0.000
483,156.674,923.360,898.151,544.007,375.312,241.739,220.471,37.710,19.101,3.354,0.433,0.026,0.000,0.000
484,157.018,896.839,897.153,542.941,374.728,241.507,220.258,37.667,19.083,3.448,0.433,0.022,0.000,0.000
485,157.362,832.766,896.105,541.875,374.095,241.276,220.039,37.625,19.064,3.547,0.432,0.019,0.000,0.000
486,157.707,875.027,895.034,540.810,373.428,241.051,219.820,37.584,19.046,3.650,0.432,0.017,0.000,0.000
487,158.051,828.806,893.954,539.744,372.734,240.833,219.607,37.543,19.029,3.755,0.432,0.015,0.000,0.000
488,158.395,911.840,892.875,538.678,372.018,240.624,219.401,37.504,19.016,3.861,0.432,0.013,0.000,0.000
489,158.739,840.952,891.765,537.612,371.273,240.417,219.192,37.466,19.001,3.967,0.431,0.011,0.000,0.000
490,159.083,800.725,890.602,536.546,370.492,240.207,218.974,37.426,18.984,4.072,0.431,0.010,0.000,0.000
491,159.427,812.395,889.394,535.481,369.680,239.994,218.747,37.386,18.965,4.177,0.431,0.008,0.000,0.000
492,159.771,868.468,888.148,534.415,368.842,239.780,218.511,37.345,18.946,4.281,0.431,0.007,0.000,0.000
493,160.115,842.169,886.872,533.349,367.984,239.564,218.268,37.304,18.926,4.383,0.430,0.006,0.000,0.000
494,160.459,849.466,885.577,532.283,367.113,239.350,218.020,37.263,18.906,4.482,0.430,0.006,0.000,0.000
495,160.804,879.467,884.269,531.218,366.234,239.137,217.770,37.222,18.886,4.579,0.430,0.005,0.000,0.000
496,161.148,819.280,882.963,530.152,365.355,238.929,217.520,37.181,18.865,4.672,0.430,0.004,0.000,0.000
497,161.492,869.058,881.672,529.086,364.484,238.727,217.274,37.141,18.845,4.762,0.429,0.004,0.000,0.000
498,161.836,839.500,880.410,528.020,363.629,238.534,217.035,37.102,18.826,4.846,0.429,0.003,0.000,0.000
499,162.180,850.016,879.189,526.955,362.795,238.352,216.805,37.065,18.807,4.926,0.429,0.003,0.000,0.000
500,162.525,879.166,877.994,525.889,361.981,238.179,216.580,37.028,18.789,5.000,0.429,0.002,0.000,0.000
501,162.869,784.759,876.793,524.823,361.174,238.004,216.349,36.990,18.771,5.068,0.429,0.002,0.000,0.000
502,163.213,787.127,875.587,523.757,360.375,237.830,216.113,36.953,18.752,5.129,0.429,0.002,0.000,0.000
503,163.557,862.759,874.382,522.692,359.590,237.655,215.872,36.914,18.732,5.183,0.428,0.002,0.000,0.000
504,163.902,837.796,873.183,521.626,358.820,237.482,215.628,36.876,18.712,5.230,0.428,0.001,0.000,0.000
505,164.246,828.314,871.998,520.560,358.070,237.310,215.384,36.837,18.692,5.269,0.428,0.001,0.000,0.000
506,164.590,867.532,870.833,519.494,357.344,237.143,215.140,36.799,18.672,5.300,0.428,0.001,0.000,0.000
507,164.935,851.278,869.696,518.429,356.646,236.981,214.900,36.760,18.653,5.322,0.428,0.001,0.000,0.000
508,165.279,898.757,868.598,517.363,355.979,236.826,214.665,36.723,18.633,5.337,0.428,0.001,0.000,0.000
509,165.623,835.607,867.548,516.297,355.349,236.682,214.439,36.687,18.615,5.342,0.427,0.001,0.000,0.000
510,165.968,796.978,866.561,515.231,354.762,236.550,214.227,36.652,18.597,5.339,0.427,0.001,0.000,0.000
511,166.312,805.570,865.626,514.166,354.213,236.429,214.024,36.618,18.581,5.328,0.427,0.001,0.000,0.000
512,166.656,850.714,864.705,513.100,353.688,236.311,213.817,36.584,18.564,5.307,0.427,0.000,0.000,0.000
513,167.001,863.088,863.789,512.034,353.181,236.192,213.607,36.550,18.547,5.279,0.427,0.000,0.000,0.000
514,167.345,817.900,862.880,510.968,352.693,236.074,213.393,36.515,18.529,5.241,0.427,0.000,0.000,0.000
515,167.689,762.455,861.982,509.903,352.227,235.958,213.176,36.479,18.512,5.196,0.427,0.000,0.000,0.000
516,168.034,789.531,861.102,508.837,351.783,235.845,212.959,36.444,18.494,5.143,0.427,0.000,0.000,0.000
517,168.378,814.083,860.243,507.771,351.363,235.736,212.743,36.409,18.476,5.082,0.428,0.000,0.000,0.000
518,168.723,819.121,859.412,506.705,350.969,235.633,212.530,36.374,18.459,5.014,0.428,0.000,0.000,0.000
519,169.067,748.047,858.616,505.640,350.602,235.538,212.322,36.340,18.442,4.940,0.428,0.000,0.000,0.000
520,169.412,730.938,857.862,504.574,350.265,235.451,212.121,36.306,18.425,4.859,0.428,0.000,0.000,0.000
521,169.756,856.195,857.162,503.508,349.963,235.377,211.931,36.274,18.410,4.773,0.428,0.000,0.000,0.000
522,170.100,900.825,856.517,502.442,349.694,235.317,211.752,36.243,18.395,4.681,0.428,0.000,0.000,0.000
523,170.445,836.271,855.885,501.377,349.440,235.260,211.573,36.212,18.381,4.585,0.429,0.000,0.000,0.000
524,170.789,876.935,855.253,500.311,349.193,235.203,211.390,36.181,18.366,4.485,0.429,0.000,0.000,0.000
525,171.134,858.894,854.620,499.245,348.954,235.147,211.203,36.149,18.350,4.381,0.429,0.000,0.000,0.000
526,171.478,835.858,853.988,498.179,348.723,235.091,211.013,36.117,18.335,4.274,0.429,0.000,0.000,0.000
527,171.823,848.267,853.363,497.114,348.499,235.038,210.821,36.084,18.319,4.165,0.430,0.000,0.000,0.000
528,172.167,777.119,852.747,496.048,348.285,234.988,210.629,36.052,18.303,4.054,0.430,0.000,0.000,0.000
529,172.512,882.041,852.146,494.982,348.080,234.942,210.439,36.020,18.288,3.942,0.430,0.000,0.000,0.000
530,172.857,823.968,851.572,493.916,347.891,234.904,210.252,35.988,18.272,3.829,0.430,0.000,0.000,0.000
531,173.201,809.300,851.033,492.851,347.718,234.874,210.073,35.957,18.258,3.717,0.431,0.000,0.000,0.000
532,173.546,911.523,850.536,491.785,347.564,234.855,209.905,35.927,18.244,3.604,0.431,0.000,0.000,0.000
533,173.890,766.857,850.084,490.719,347.427,234.848,209.747,35.899,18.231,3.493,0.432,0.000,0.000,0.000
534,174.235,808.559,849.644,489.653,347.294,234.846,209.593,35.871,18.219,3.384,0.432,0.000,0.000,0.000
535,174.579,866.077,849.196,488.587,347.157,234.841,209.435,35.842,18.206,3.276,0.432,0.000,0.000,0.000
536,174.924,889.818,848.738,487.522,347.014,234.835,209.274,35.813,18.193,3.171,0.433,0.000,0.000,0.000
537,175.269,800.965,848.274,486.456,346.866,234.827,209.110,35.784,18.179,3.068,0.433,0.000,0.000,0.000
538,175.613,821.408,847.806,485.390,346.714,234.819,208.945,35.754,18.166,2.968,0.434,0.000,0.000,0.000
539,175.958,916.559,847.340,484.324,346.559,234.810,208.781,35.725,18.152,2.872,0.434,0.000,0.000,0.000
540,176.303,888.148,846.882,483.259,346.405,234.804,208.619,35.696,18.138,2.779,0.435,0.000,0.000,0.000
541,176.647,824.042,846.436,482.193,346.251,234.801,208.461,35.667,18.125,2.690,0.435,0.000,0.000,0.000
542,176.992,888.854,846.013,481.127,346.103,234.802,208.310,35.639,18.113,2.605,0.436,0.000,0.000,0.000
543,177.337,790.703,845.623,480.061,345.964,234.810,208.170,35.612,18.101,2.524,0.436,0.000,0.000,0.000
544,177.681,846.222,845.278,478.996,345.838,234.829,208.044,35.587,18.091,2.447,0.436,0.000,0.000,0.000
545,178.026,864.853,844.954,477.930,345.717,234.851,207.925,35.563,18.081,2.375,0.437,0.000,0.000,0.000
546,178.371,875.813,844.619,476.864,345.588,234.868,207.804,35.538,18.071,2.307,0.437,0.000,0.000,0.000
547,178.715,928.256,844.273,475.798,345.451,234.881,207.680,35.514,18.060,2.243,0.438,0.000,0.000,0.000
548,179.060,813.259,843.921,474.733,345.310,234.889,207.556,35.489,18.050,2.184,0.438,0.000,0.000,0.000
549,179.405,813.554,843.565,473.667,345.164,234.892,207.432,35.465,18.039,2.128,0.439,0.000,0.000,0.000
550,179.750,835.812,843.210,472.601,345.015,234.893,207.310,35.440,18.029,2.077,0.439,0.000,0.000,0.000
551,180.094,897.592,842.862,471.535,344.868,234.891,207.192,35.416,18.019,2.030,0.440,0.000,0.000,0.000
552,180.439,853.702,842.528,470.470,344.724,234.889,207.079,35.393,18.009,1.987,0.440,0.000,0.000,0.000
553,180.784,928.962,842.216,469.404,344.589,234.888,206.974,35.371,18.000,1.948,0.440,0.000,0.000,0.000
554,181.129,819.071,841.937,468.338,344.465,234.890,206.879,35.350,17.992,1.913,0.441,0.000,0.000,0.000
555,181.474,914.516,841.701,467.272,344.360,234.897,206.799,35.332,17.985,1.882,0.441,0.000,0.000,0.000
556,181.818,828.995,841.504,466.207,344.269,234.908,206.733,35.314,17.979,1.854,0.441,0.000,0.000,0.000
557,182.163,874.772,841.308,465.141,344.178,234.912,206.671,35.297,17.973,1.829,0.442,0.000,0.000,0.000
558,182.508,847.699,841.113,464.075,344.089,234.909,206.612,35.280,17.967,1.808,0.442,0.000,0.000,0.000
559,182.853,845.181,840.922,463.009,344.005,234.899,206.556,35.263,17.961,1.790,0.443,0.000,0.000,0.000
560,183.198,832.735,840.739,461.944,343.927,234.882,206.505,35.247,17.956,1.774,0.443,0.000,0.000,0.000
561,183.543,893.437,840.570,460.878,343.859,234.859,206.460,35.230,17.950,1.762,0.443,0.000,0.000,0.000
562,183.887,851.624,840.420,459.812,343.804,234.831,206.423,35.215,17.946,1.752,0.443,0.000,0.000,0.000
563,184.232,874.031,840.299,458.746,343.766,234.800,206.397,35.201,17.942,1.744,0.444,0.000,0.000,0.000
564,184.577,920.808,840.215,457.681,343.749,234.768,206.383,35.187,17.939,1.739,0.444,0.000,0.000,0.000
565,184.922,870.951,840.178,456.615,343.758,234.736,206.385,35.175,17.937,1.737,0.444,0.000,0.000,0.000
566,185.267,834.804,840.200,455.549,343.799,234.707,206.405,35.166,17.936,1.737,0.444,0.000,0.000,0.000
567,185.612,889.142,840.280,454.483,343.872,234.680,206.444,35.157,17.937,1.739,0.444,0.000,0.000,0.000
568,185.957,884.918,840.386,453.418,343.966,234.646,206.490,35.150,17.939,1.743,0.445,0.000,0.000,0.000
569,186.302,926.139,840.516,452.352,344.083,234.604,206.545,35.142,17.941,1.749,0.445,0.000,0.000,0.000
570,186.647,895.067,840.673,451.286,344.225,234.553,206.609,35.135,17.944,1.757,0.445,0.000,0.000,0.000
571,186.992,937.213,840.864,450.220,344.394,234.494,206.683,35.128,17.947,1.767,0.445,0.000,0.000,0.000
572,187.337,866.099,841.093,449.155,344.594,234.429,206.769,35.121,17.951,1.779,0.445,0.000,0.000,0.000
573,187.682,837.840,841.372,448.089,344.831,234.359,206.869,35.115,17.956,1.792,0.445,0.000,0.000,0.000
574,188.027,842.654,841.702,447.023,345.107,234.282,206.984,35.110,17.962,1.806,0.445,0.000,0.000,0.000
575,188.372,860.471,842.097,445.957,345.428,234.202,207.118,35.106,17.969,1.822,0.445,0.000,0.000,0.000
576,188.717,865.286,842.566,444.892,345.799,234.121,207.273,35.102,17.978,1.840,0.445,0.000,0.000,0.000
577,189.062,912.800,843.122,443.826,346.227,234.042,207.453,35.100,17.988,1.860,0.446,0.000,0.000,0.000
578,189.407,910.025,843.778,442.760,346.719,233.966,207.660,35.100,18.001,1.881,0.446,0.000,0.000,0.000
579,189.752,861.060,844.512,441.694,347.274,233.884,207.884,35.101,18.015,1.904,0.446,0.000,0.000,0.000
580,190.097,869.872,845.301,440.628,347.879,233.791,208.122,35.100,18.029,1.928,0.446,0.000,0.000,0.000
581,190.442,925.172,846.148,439.563,348.531,233.691,208.376,35.100,18.045,1.954,0.446,0.000,0.000,0.000
582,190.787,837.690,847.058,438.497,349.232,233.582,208.648,35.099,18.062,1.982,0.446,0.000,0.000,0.000
583,191.132,914.394,848.038,437.431,349.987,233.468,208.942,35.099,18.080,2.012,0.446,0.000,0.000,0.000
584,191.477,935.800,849.465,436.735,350.950,233.463,209.334,35.116,18.107,2.043,0.446,0.000,0.000,0.000
585,191.822,905.912,850.975,436.038,351.973,233.454,209.751,35.133,18.135,2.077,0.446,0.000,0.000,0.000
586,192.167,880.243,852.580,435.341,353.060,233.443,210.196,35.151,18.165,2.113,0.446,0.000,0.000,0.000
587,192.512,849.577,854.290,434.645,354.216,233.433,210.671,35.170,18.197,2.151,0.446,0.000,0.000,0.000
588,192.857,906.722,856.115,433.948,355.446,233.423,211.181,35.189,18.232,2.192,0.446,0.000,0.000,0.000
589,193.202,896.686,858.065,433.252,356.754,233.417,211.728,35.210,18.270,2.235,0.446,0.000,0.000,0.000
590,193.548,873.723,860.126,432.555,358.134,233.407,212.314,35.231,18.309,2.280,0.446,0.000,0.000,0.000
591,193.893,859.761,862.275,431.858,359.581,233.389,212.925,35.250,18.350,2.328,0.446,0.000,0.000,0.000
592,194.238,832.948,864.513,431.162,361.097,233.362,213.560,35.269,18.394,2.378,0.446,0.000,0.000,0.000
593,194.583,922.502,866.848,430.465,362.688,233.328,214.222,35.287,18.439,2.432,0.446,0.000,0.000,0.000
594,194.928,965.832,869.291,429.769,364.359,233.288,214.912,35.305,18.486,2.488,0.446,0.000,0.000,0.000
595,195.273,930.060,871.849,429.072,366.113,233.244,215.634,35.322,18.536,2.547,0.446,0.000,0.000,0.000
596,195.619,848.240,874.530,428.375,367.957,233.195,216.388,35.339,18.589,2.610,0.446,0.000,0.000,0.000
597,195.964,915.718,877.345,427.679,369.894,233.145,217.178,35.356,18.644,2.676,0.446,0.000,0.000,0.000
598,196.309,832.797,880.305,426.982,371.932,233.093,218.006,35.373,18.703,2.745,0.446,0.000,0.000,0.000
599,196.654,859.830,883.424,426.285,374.078,233.044,218.876,35.390,18.765,2.818,0.446,0.000,0.000,0.000
600,196.999,917.795,886.716,425.589,376.340,232.999,219.792,35.408,18.832,2.894,0.446,0.000,0.000,0.000
601,197.345,899.607,890.181,424.892,378.717,232.955,220.757,35.426,18.901,2.973,0.446,0.000,0.000,0.000
602,197.690,968.126,893.791,424.196,381.201,232.902,221.765,35.442,18.972,3.056,0.446,0.000,0.000,0.000
603,198.035,876.125,897.539,423.499,383.797,232.841,222.803,35.458,19.046,3.142,0.446,0.000,0.000,0.000
604,198.380,899.164,901.434,422.802,386.514,232.772,223.869,35.472,19.124,3.231,0.446,0.000,0.000,0.000
605,198.726,931.014,905.485,422.106,389.358,232.698,224.964,35.485,19.204,3.324,0.446,0.000,0.000,0.000
606,199.071,867.534,909.707,421.409,392.340,232.619,226.090,35.498,19.287,3.421,0.446,0.000,0.000,0.000
607,199.416,944.012,914.112,420.713,395.468,232.538,227.248,35.510,19.375,3.521,0.446,0.000,0.000,0.000
608,199.762,923.867,918.713,420.016,398.752,232.455,228.441,35.522,19.466,3.626,0.446,0.000,0.000,0.000
609,200.107,949.900,923.522,419.319,402.200,232.373,229.669,35.533,19.561,3.735,0.445,0.000,0.000,0.000
610,200.452,921.568,928.505,418.623,405.751,232.300,230.947,35.546,19.661,3.848,0.445,0.000,0.000,0.000
611,200.797,934.385,933.574,417.926,409.335,232.231,232.265,35.560,19.766,3.966,0.445,0.000,0.000,0.000
612,201.143,980.161,938.692,417.230,412.929,232.159,233.619,35.572,19.874,4.088,0.445,0.000,0.000,0.000
613,201.488,967.048,943.851,416.533,416.531,232.080,235.006,35.584,19.984,4.215,0.445,0.000,0.000,0.000
614,201.833,951.642,949.044,415.836,420.134,231.994,236.427,35.594,20.097,4.347,0.445,0.000,0.000,0.000
615,202.179,874.827,954.266,415.140,423.729,231.903,237.882,35.604,20.213,4.485,0.445,0.000,0.000,0.000
616,202.524,965.827,959.506,414.443,427.306,231.805,239.373,35.612,20.332,4.627,0.445,0.000,0.000,0.000
617,202.870,991.971,964.761,413.746,430.855,231.703,240.904,35.619,20.455,4.776,0.444,0.000,0.000,0.000
618,203.215,1037.751,970.029,413.050,434.368,231.599,242.477,35.625,20.581,4.930,0.444,0.000,0.000,0.000
619,203.560,982.825,975.307,412.353,437.835,231.493,244.097,35.632,20.711,5.090,0.444,0.000,0.000,0.000
620,203.906,982.492,980.591,411.657,441.247,231.387,245.766,35.638,20.845,5.258,0.444,0.000,0.000,0.000
621,204.251,983.603,985.878,410.960,444.593,231.285,247.491,35.644,20.984,5.432,0.443,0.000,0.000,0.000
622,204.597,1025.156,991.161,410.263,447.851,231.188,249.280,35.651,21.128,5.613,0.443,0.000,0.000,0.000
623,204.942,948.823,996.402,409.567,450.985,231.097,251.132,35.659,21.276,5.803,0.443,0.000,0.000,0.000
624,205.287,970.862,1001.559,408.870,453.976,231.001,253.037,35.667,21.429,6.001,0.443,0.000,0.000,0.000
625,205.633,919.455,1006.612,408.174,456.807,230.897,254.995,35.672,21.586,6.207,0.443,0.000,0.000,0.000
626,205.978,997.341,1011.552,407.477,459.464,230.785,257.011,35.676,21.746,6.421,0.442,0.000,0.000,0.000
627,206.324,1029.453,1016.374,406.780,461.939,230.668,259.090,35.680,21.912,6.637,0.442,0.000,0.000,0.000
628,206.669,1026.303,1021.073,406.084,464.221,230.547,261.240,35.682,22.082,6.854,0.442,0.000,0.000,0.000
629,207.015,1020.823,1025.646,405.387,466.300,230.423,263.465,35.684,22.257,7.070,0.442,0.000,0.000,0.000
630,207.360,1038.600,1030.090,404.691,468.165,230.297,265.772,35.685,22.439,7.287,0.441,0.000,0.000,0.000
631,207.706,1014.375,1034.410,403.994,469.810,230.171,268.169,35.686,22.626,7.501,0.441,0.000,0.000,0.000
632,208.051,1029.488,1038.606,403.297,471.227,230.048,270.663,35.687,22.820,7.714,0.441,0.000,0.000,0.000
633,208.397,1049.709,1042.680,402.601,472.409,229.929,273.262,35.688,23.022,7.924,0.440,0.000,0.000,0.000
634,208.742,1029.226,1046.634,401.904,473.350,229.813,275.974,35.690,23.231,8.131,0.440,0.000,0.000,0.000
635,209.088,1010.894,1050.448,401.207,474.036,229.695,278.799,35.692,23.447,8.333,0.440,0.000,0.000,0.000
636,209.433,1057.077,1054.105,400.511,474.456,229.572,281.740,35.692,23.672,8.529,0.440,0.000,0.000,0.000
637,209.779,1003.560,1057.611,399.814,474.605,229.442,284.803,35.691,23.904,8.720,0.439,0.000,0.000,0.000
638,210.124,999.783,1060.973,399.118,474.483,229.307,288.000,35.689,24.145,8.904,0.439,0.000,0.000,0.000
639,210.470,1055.671,1064.201,398.421,474.088,229.168,291.337,35.687,24.395,9.080,0.439,0.000,0.000,0.000
640,210.815,1032.821,1067.307,397.724,473.422,229.026,294.827,35.684,24.656,9.248,0.438,0.000,0.000,0.000
641,211.161,996.854,1070.307,397.028,472.488,228.882,298.479,35.680,24.927,9.406,0.438,0.000,0.000,0.000
642,211.506,1014.115,1073.218,396.331,471.291,228.738,302.304,35.676,25.210,9.555,0.438,0.000,0.000,0.000
643,211.852,1027.411,1076.063,395.635,469.837,228.596,306.316,35.672,25.506,9.693,0.437,0.000,0.000,0.000
644,212.198,973.634,1078.862,394.938,468.132,228.457,310.527,35.668,25.815,9.820,0.437,0.000,0.000,0.000
645,212.543,1001.633,1081.640,394.241,466.186,228.323,314.950,35.666,26.138,9.935,0.437,0.000,0.000,0.000
646,212.889,977.670,1084.395,393.545,463.998,228.188,319.590,35.663,26.476,10.037,0.436,0.000,0.000,0.000
647,213.234,970.706,1087.130,392.848,461.571,228.049,324.455,35.658,26.829,10.126,0.436,0.000,0.000,0.000
648,213.580,969.706,1089.868,392.152,458.914,227.903,329.556,35.653,27.199,10.201,0.436,0.000,0.000,0.000
649,213.926,991.370,1092.633,391.455,456.038,227.753,334.906,35.647,27.585,10.263,0.435,0.000,0.000,0.000
650,214.271,966.891,1095.456,390.758,452.956,227.599,340.521,35.640,27.989,10.310,0.435,0.000,0.000,0.000
651,214.617,1048.411,1098.365,390.062,449.682,227.441,346.414,35.632,28.413,10.342,0.434,0.000,0.000,0.000
652,214.963,1048.371,1101.394,389.365,446.229,227.282,352.603,35.624,28.857,10.359,0.434,0.000,0.000,0.000
653,215.308,1061.002,1104.577,388.668,442.613,227.122,359.103,35.616,29.323,10.361,0.434,0.000,0.000,0.000
654,215.654,955.595,1107.951,387.972,438.850,226.963,365.932,35.607,29.811,10.348,0.433,0.000,0.000,0.000
655,216.000,1029.260,1111.556,387.275,434.958,226.807,373.109,35.599,30.324,10.320,0.433,0.000,0.000,0.000
656,216.345,962.778,1115.434,386.579,430.954,226.657,380.653,35.592,30.864,10.276,0.432,0.000,0.000,0.000
657,216.691,951.888,1119.606,385.882,426.849,226.508,388.580,35.585,31.429,10.217,0.432,0.000,0.000,0.000
658,217.037,1009.851,1124.084,385.185,422.649,226.355,396.899,35.577,32.023,10.143,0.432,0.000,0.000,0.000
659,217.382,1033.888,1128.902,384.489,418.369,226.198,405.629,35.568,32.646,10.055,0.431,0.000,0.000,0.000
660,217.728,947.369,1134.098,383.792,414.025,226.036,414.791,35.558,33.299,9.952,0.431,0.000,0.000,0.000
661,218.074,1041.520,1139.714,383.096,409.633,225.872,424.405,35.547,33.985,9.835,0.431,0.000,0.000,0.000
662,218.420,1063.740,1145.790,382.399,405.209,225.706,434.494,35.536,34.704,9.705,0.430,0.000,0.000,0.000
663,218.765,980.373,1152.370,381.702,400.768,225.538,445.081,35.525,35.460,9.562,0.430,0.000,0.000,0.000
664,219.111,1061.591,1159.498,381.006,396.327,225.371,456.192,35.513,36.253,9.406,0.429,0.000,0.000,0.000
665,219.457,1071.998,1167.219,380.309,391.900,225.206,467.852,35.502,37.085,9.239,0.429,0.000,0.000,0.000
666,219.803,1015.743,1175.581,379.613,387.504,225.044,480.088,35.491,37.960,9.060,0.428,0.000,0.000,0.000
667,220.148,1073.003,1184.632,378.916,383.151,224.889,492.928,35.481,38.878,8.871,0.428,0.000,0.000,0.000
668,220.494,1073.850,1194.407,378.219,378.853,224.738,506.398,35.471,39.842,8.673,0.428,0.000,0.000,0.000
669,220.840,1068.554,1204.934,377.523,374.613,224.587,520.521,35.461,40.853,8.466,0.427,0.000,0.000,0.000
670,221.186,1152.293,1216.246,376.826,370.440,224.433,535.326,35.450,41.913,8.250,0.427,0.000,0.000,0.000
671,221.531,1148.811,1228.390,376.129,366.343,224.278,550.844,35.439,43.025,8.028,0.427,0.000,0.000,0.000
672,221.877,1154.923,1241.415,375.433,362.333,224.122,567.109,35.427,44.192,7.799,0.426,0.000,0.000,0.000
673,222.223,1099.479,1255.367,374.736,358.417,223.967,584.157,35.415,45.415,7.565,0.426,0.000,0.000,0.000
674,222.569,1255.440,1270.298,374.040,354.604,223.813,602.023,35.403,46.698,7.326,0.425,0.000,0.000,0.000
675,222.915,1344.332,1286.259,373.343,350.902,223.662,620.746,35.392,48.043,7.084,0.425,0.000,0.000,0.000
676,223.261,1302.961,1303.304,372.646,347.317,223.515,640.368,35.381,49.454,6.839,0.425,0.000,0.000,0.000
677,223.606,1228.256,1321.488,371.950,343.858,223.375,660.931,35.370,50.933,6.591,0.424,0.000,0.000,0.000
678,223.952,1319.253,1340.868,371.253,340.529,223.243,682.479,35.361,52.484,6.343,0.424,0.000,0.000,0.000
679,224.298,1384.261,1361.490,370.557,337.336,223.120,705.049,35.352,54.110,6.094,0.423,0.000,0.000,0.000
680,224.644,1358.292,1383.393,369.860,334.271,223.000,728.688,35.344,55.814,5.846,0.423,0.000,0.000,0.000
681,224.990,1372.479,1406.627,369.163,331.334,222.883,753.447,35.336,57.600,5.598,0.423,0.000,0.000,0.000
682,225.336,1488.403,1431.252,368.467,328.526,222.767,779.378,35.328,59.471,5.353,0.422,0.000,0.000,0.000
683,225.682,1634.034,1457.331,367.770,325.849,222.656,806.537,35.320,61.431,5.110,0.422,0.000,0.000,0.000
684,226.027,1487.330,1484.927,367.074,323.304,222.549,834.979,35.313,63.484,4.871,0.422,0.000,0.000,0.000
685,226.373,1500.365,1514.107,366.377,320.890,222.447,864.767,35.306,65.635,4.635,0.421,0.000,0.000,0.000
686,226.719,1659.068,1544.942,365.680,318.608,222.353,895.963,35.300,67.888,4.403,0.421,0.000,0.000,0.000
687,227.065,1665.551,1577.510,364.984,316.475,222.276,928.605,35.296,70.254,4.177,0.421,0.000,0.000,0.000
688,227.411,1689.401,1611.631,364.287,314.522,222.239,962.436,35.299,72.751,3.957,0.420,0.000,0.000,0.000
689,227.757,1786.327,1646.500,363.590,312.707,222.221,996.728,35.304,75.372,3.743,0.420,0.000,0.000,0.000
690,228.103,1828.958,1681.842,362.894,311.009,222.209,1031.242,35.310,78.113,3.534,0.420,0.000,0.000,0.000
691,228.449,1871.993,1717.546,362.197,309.420,222.198,1065.876,35.316,80.979,3.332,0.420,0.000,0.000,0.000
692,228.795,1996.438,1753.508,361.501,307.932,222.186,1100.532,35.321,83.976,3.135,0.420,0.000,0.000,0.000
693,229.141,2006.884,1789.619,360.804,306.544,222.174,1135.108,35.326,87.096,2.946,0.419,0.000,0.000,0.000
694,229.487,2151.919,1825.765,360.107,305.260,222.167,1169.536,35.331,90.283,2.763,0.419,0.000,0.000,0.000
695,229.833,2105.959,1861.828,359.411,304.078,222.168,1203.728,35.337,93.505,2.588,0.419,0.000,0.000,0.000
696,230.179,2189.549,1897.684,358.714,302.997,222.177,1237.573,35.343,96.749,2.419,0.419,0.000,0.000,0.000
697,230.525,2144.774,1933.210,358.018,302.014,222.196,1270.958,35.351,100.008,2.258,0.418,0.000,0.000,0.000
698,230.871,2339.104,1968.275,357.321,301.123,222.225,1303.765,35.360,103.273,2.105,0.418,0.000,0.000,0.000
699,231.217,2283.028,2002.754,356.624,300.325,222.265,1335.878,35.370,106.533,1.958,0.418,0.000,0.000,0.000
700,231.563,2448.215,2036.517,355.928,299.616,222.319,1367.179,35.382,109.779,1.819,0.418,0.000,0.000,0.000
701,231.909,2435.212,2069.437,355.231,298.995,222.386,1397.550,35.396,113.000,1.687,0.418,0.000,0.000,0.000
702,232.255,2449.807,2101.372,354.535,298.452,222.465,1426.873,35.411,116.186,1.562,0.418,0.000,0.000,0.000
703,232.601,2493.436,2132.184,353.838,297.984,222.549,1455.033,35.426,119.325,1.444,0.417,0.000,0.000,0.000
704,232.947,2524.436,2161.747,353.141,297.584,222.640,1481.919,35.442,122.407,1.332,0.417,0.000,0.000,0.000
705,233.293,2560.845,2189.935,352.445,297.247,222.737,1507.422,35.458,125.421,1.228,0.417,0.000,0.000,0.000
706,233.639,2556.028,2216.626,351.748,296.969,222.841,1531.433,35.475,128.356,1.129,0.417,0.000,0.000,0.000
707,233.985,2696.954,2241.702,351.051,296.747,222.952,1553.851,35.492,131.200,1.037,0.417,0.000,0.000,0.000
708,234.331,2719.987,2265.054,350.355,296.576,223.072,1574.579,35.511,133.943,0.951,0.417,0.000,0.000,0.000
709,234.677,2787.991,2286.576,349.658,296.455,223.200,1593.525,35.530,136.573,0.870,0.417,0.000,0.000,0.000
710,235.023,2804.990,2306.172,348.962,296.381,223.337,1610.605,35.550,139.081,0.795,0.416,0.000,0.000,0.000
711,235.369,2842.249,2323.765,348.265,296.365,223.486,1625.740,35.572,141.455,0.726,0.416,0.000,0.000,0.000
712,235.715,3000.728,2339.250,347.568,296.382,223.644,1638.860,35.595,143.686,0.661,0.416,0.000,0.000,0.000
713,236.061,2935.769,2352.554,346.872,296.435,223.811,1649.901,35.619,145.765,0.601,0.416,0.000,0.000,0.000
714,236.407,2983.803,2363.601,346.175,296.517,223.981,1658.811,35.643,147.681,0.546,0.416,0.000,0.000,0.000
715,236.753,2903.805,2372.329,345.479,296.624,224.153,1665.541,35.667,149.428,0.495,0.416,0.000,0.000,0.000
716,237.100,2941.359,2378.695,344.782,296.757,224.326,1670.057,35.690,150.996,0.448,0.416,0.000,0.000,0.000
717,237.446,3060.025,2382.664,344.085,296.912,224.501,1672.332,35.714,152.379,0.404,0.416,0.000,0.000,0.000
718,237.792,3048.136,2384.214,343.389,297.091,224.678,1672.350,35.737,153.571,0.365,0.416,0.000,0.000,0.000
719,238.138,3206.208,2383.327,342.692,297.289,224.859,1670.103,35.761,154.565,0.328,0.416,0.000,0.000,0.000
720,238.484,2922.764,2380.001,341.996,297.508,225.042,1665.592,35.785,155.357,0.295,0.415,0.000,0.000,0.000
721,238.830,3040.208,2374.242,341.299,297.746,225.228,1658.829,35.810,155.943,0.266,0.415,0.000,0.000,0.000
722,239.176,3120.357,2366.070,340.602,298.003,225.418,1649.836,35.834,156.318,0.239,0.415,0.000,0.000,0.000
723,239.523,3090.947,2355.515,339.906,298.280,225.613,1638.644,35.860,156.482,0.215,0.415,0.000,0.000,0.000
724,239.869,3030.392,2342.612,339.209,298.574,225.811,1625.294,35.885,156.433,0.194,0.415,0.000,0.000,0.000
725,240.215,3170.505,2327.392,338.512,298.876,226.007,1609.834,35.910,156.169,0.174,0.415,0.000,0.000,0.000
726,240.561,3019.689,2309.910,337.816,299.184,226.199,1592.324,35.934,155.692,0.157,0.415,0.000,0.000,0.000
727,240.907,3107.541,2290.234,337.119,299.497,226.386,1572.830,35.956,155.003,0.141,0.415,0.000,0.000,0.000
728,241.253,3059.577,2268.440,336.423,299.815,226.568,1551.426,35.978,154.105,0.127,0.414,0.000,0.000,0.000
729,241.600,3027.133,2244.614,335.726,300.139,226.747,1528.196,35.999,153.000,0.114,0.414,0.000,0.000,0.000
730,241.946,3013.763,2218.852,335.029,300.470,226.922,1503.227,36.019,151.692,0.103,0.414,0.000,0.000,0.000
731,242.292,2953.576,2191.255,334.333,300.808,227.094,1476.616,36.038,150.186,0.092,0.414,0.000,0.000,0.000
732,242.638,2929.985,2161.929,333.636,301.154,227.264,1448.463,36.056,148.489,0.083,0.414,0.000,0.000,0.000
733,242.984,2909.908,2130.989,332.940,301.509,227.432,1418.872,36.074,146.606,0.075,0.414,0.000,0.000,0.000
734,243.331,2911.240,2098.553,332.243,301.874,227.599,1387.955,36.092,144.545,0.067,0.413,0.000,0.000,0.000
735,243.677,2875.315,2064.741,331.546,302.249,227.765,1355.823,36.109,142.314,0.061,0.413,0.000,0.000,0.000
736,244.023,2850.052,2029.666,330.850,302.628,227.925,1322.594,36.125,139.921,0.055,0.413,0.000,0.000,0.000
737,244.369,2785.647,1993.447,330.153,303.006,228.075,1288.383,36.139,137.376,0.049,0.413,0.000,0.000,0.000
738,244.716,2799.793,1956.215,329.457,303.386,228.217,1253.311,36.151,134.687,0.044,0.412,0.000,0.000,0.000
739,245.062,2682.980,1918.102,328.760,303.767,228.350,1217.499,36.162,131.865,0.040,0.412,0.000,0.000,0.000
740,245.408,2663.054,1879.237,328.063,304.151,228.475,1181.065,36.171,128.921,0.036,0.412,0.000,0.000,0.000
741,245.754,2553.533,1839.754,327.367,304.540,228.592,1144.130,36.178,125.865,0.032,0.412,0.000,0.000,0.000
742,246.101,2544.793,1799.787,326.670,304.935,228.702,1106.811,36.184,122.708,0.029,0.411,0.000,0.000,0.000
743,246.447,2494.277,1759.465,325.973,305.338,228.808,1069.226,36.188,119.462,0.026,0.411,0.000,0.000,0.000
744,246.793,2328.605,1718.916,325.277,305.752,228.909,1031.486,36.192,116.137,0.023,0.411,0.000,0.000,0.000
745,247.139,2385.199,1678.266,324.580,306.179,229.007,993.702,36.195,112.746,0.021,0.410,0.000,0.000,0.000
746,247.486,2354.940,1637.633,323.884,306.620,229.102,955.981,36.197,109.298,0.019,0.410,0.000,0.000,0.000
747,247.832,2223.828,1597.122,323.187,307.071,229.191,918.424,36.197,105.806,0.017,0.410,0.000,0.000,0.000
748,248.178,2171.605,1556.836,322.490,307.529,229.271,881.128,36.195,102.281,0.015,0.409,0.000,0.000,0.000
749,248.525,2070.827,1516.878,321.794,307.994,229.342,844.187,36.192,98.733,0.014,0.409,0.000,0.000,0.000
750,248.871,2143.049,1477.350,321.097,308.469,229.405,807.688,36.186,95.174,0.012,0.409,0.000,0.000,0.000
751,249.217,2057.010,1438.348,320.401,308.956,229.461,771.713,36.179,91.612,0.011,0.408,0.000,0.000,0.000
752,249.564,1999.270,1399.961,319.704,309.458,229.511,736.339,36.171,88.059,0.010,0.408,0.000,0.000,0.000
753,249.910,1934.602,1362.274,319.007,309.976,229.556,701.634,36.161,84.524,0.009,0.407,0.000,0.000,0.000
754,250.256,1859.154,1325.364,318.311,310.514,229.598,667.665,36.150,81.015,0.008,0.407,0.000,0.000,0.000
755,250.603,1874.639,1289.305,317.614,311.075,229.639,634.490,36.138,77.542,0.007,0.407,0.000,0.000,0.000
756,250.949,1663.159,1254.161,316.918,311.663,229.681,602.160,36.125,74.113,0.007,0.406,0.000,0.000,0.000
757,251.295,1714.418,1219.991,316.221,312.280,229.724,570.722,36.112,70.735,0.006,0.406,0.000,0.000,0.000
758,251.642,1667.308,1186.838,315.524,312.925,229.767,540.215,36.099,67.416,0.005,0.405,0.000,0.000,0.000
759,251.988,1581.567,1154.732,314.828,313.594,229.806,510.672,36.084,64.161,0.005,0.405,0.000,0.000,0.000
760,252.334,1512.230,1123.711,314.131,314.290,229.842,482.121,36.067,60.977,0.004,0.404,0.000,0.000,0.000
761,252.681,1475.861,1093.806,313.435,315.014,229.876,454.584,36.050,57.868,0.004,0.404,0.000,0.000,0.000
762,253.027,1505.118,1065.043,312.738,315.771,229.910,428.078,36.031,54.841,0.003,0.403,0.000,0.000,0.000
763,253.373,1373.158,1037.442,312.041,316.562,229.944,402.615,36.011,51.898,0.003,0.403,0.000,0.000,0.000
764,253.720,1366.561,1011.019,311.345,317.393,229.981,378.200,35.991,49.043,0.003,0.402,0.000,0.000,0.000
765,254.066,1237.489,985.785,310.648,318.266,230.022,354.836,35.970,46.280,0.003,0.402,0.000,0.000,0.000
766,254.413,1302.784,961.746,309.951,319.187,230.070,332.520,35.949,43.611,0.002,0.401,0.000,0.000,0.000
767,254.759,1183.562,938.905,309.255,320.158,230.126,311.246,35.928,41.037,0.002,0.401,0.000,0.000,0.000
768,255.106,1185.635,917.258,308.558,321.186,230.192,291.003,35.908,38.561,0.002,0.400,0.000,0.000,0.000
769,255.452,1089.487,896.792,307.862,322.269,230.268,271.776,35.888,36.183,0.002,0.400,0.000,0.000,0.000
770,255.798,1073.858,877.484,307.165,323.406,230.351,253.548,35.868,33.904,0.001,0.399,0.000,0.000,0.000
771,256.145,973.782,859.314,306.468,324.600,230.441,236.297,35.847,31.724,0.001,0.399,0.000,0.000,0.000
772,256.491,999.117,842.266,305.772,325.853,230.539,220.002,35.825,29.641,0.001,0.398,0.000,0.000,0.000
773,256.838,976.820,826.319,305.075,327.170,230.648,204.636,35.804,27.657,0.001,0.398,0.000,0.000,0.000
774,257.184,932.117,811.450,304.379,328.555,230.767,190.173,35.782,25.769,0.001,0.397,0.000,0.000,0.000
775,257.531,928.263,797.637,303.682,330.012,230.900,176.584,35.761,23.975,0.001,0.397,0.000,0.000,0.000
776,257.877,862.633,784.853,302.985,331.547,231.049,163.839,35.740,22.275,0.001,0.396,0.000,0.000,0.000
777,258.223,855.227,773.072,302.289,333.161,231.214,151.907,35.720,20.667,0.001,0.396,0.000,0.000,0.000
778,258.570,915.747,762.245,301.592,334.831,231.402,140.760,35.702,19.148,0.001,0.395,0.000,0.000,0.000
779,258.916,795.969,752.291,300.896,336.518,231.612,130.360,35.685,17.715,0.001,0.395,0.000,0.000,0.000
780,259.263,805.411,743.164,300.199,338.212,231.843,120.673,35.668,16.366,0.001,0.394,0.000,0.000,0.000
781,259.609,750.005,734.822,299.502,339.910,232.093,111.667,35.652,15.099,0.000,0.394,0.000,0.000,0.000
782,259.956,758.226,727.226,298.806,341.609,232.362,103.309,35.637,13.910,0.000,0.393,0.000,0.000,0.000
783,260.302,763.854,720.338,298.109,343.303,232.651,95.566,35.622,12.796,0.000,0.393,0.000,0.000,0.000
784,260.649,740.741,714.120,297.412,344.989,232.963,88.407,35.608,11.755,0.000,0.392,0.000,0.000,0.000
785,260.995,726.743,708.534,296.716,346.661,233.299,81.799,35.595,10.784,0.000,0.391,0.000,0.000,0.000
786,261.342,739.706,703.543,296.019,348.314,233.660,75.711,35.583,9.878,0.000,0.391,0.000,0.000,0.000
787,261.688,668.076,699.111,295.323,349.944,234.049,70.114,35.572,9.036,0.000,0.390,0.000,0.000,0.000
788,262.035,670.889,695.207,294.626,351.537,234.462,64.998,35.562,8.254,0.000,0.390,0.000,0.000,0.000
789,262.381,611.521,691.844,293.929,353.096,234.907,60.365,35.553,7.528,0.000,0.389,0.000,0.000,0.000
790,262.728,604.039,688.995,293.233,354.624,235.391,56.182,35.547,6.857,0.000,0.389,0.000,0.000,0.000
791,263.074,639.298,686.610,292.536,356.116,235.914,52.406,35.543,6.237,0.000,0.388,0.000,0.000,0.000
792,263.421,601.111,684.631,291.840,357.558,236.473,48.999,35.542,5.665,0.000,0.388,0.000,0.000,0.000
793,263.768,647.037,683.011,291.143,358.942,237.069,45.927,35.541,5.138,0.000,0.387,0.000,0.000,0.000
794,264.114,613.889,681.711,290.446,360.260,237.701,43.158,35.543,4.657,0.000,0.386,0.000,0.000,0.000
795,264.461,588.149,680.694,289.750,361.503,238.369,40.664,35.546,4.221,0.000,0.386,0.000,0.000,0.000
796,264.807,645.037,679.931,289.053,362.667,239.077,38.420,35.550,3.825,0.000,0.385,0.000,0.000,0.000
797,265.154,610.184,679.392,288.357,363.748,239.827,36.403,35.556,3.467,0.000,0.385,0.000,0.000,0.000
798,265.500,555.667,679.052,287.660,364.741,240.621,34.593,35.565,3.142,0.000,0.384,0.000,0.000,0.000
799,265.847,658.146,679.055,287.129,365.727,241.531,32.975,35.586,2.848,0.000,0.384,0.000,0.000,0.000
800,266.193,580.667,679.215,286.598,366.624,242.483,31.528,35.610,2.581,0.000,0.383,0.000,0.000,0.000
801,266.540,574.590,679.484,286.068,367.427,243.455,30.238,35.637,2.339,0.000,0.383,0.000,0.000,0.000
802,266.887,637.295,679.817,285.537,368.124,244.429,29.090,35.667,2.120,0.000,0.382,0.000,0.000,0.000
803,267.233,573.740,680.194,285.006,368.710,245.406,28.071,35.699,1.921,0.000,0.382,0.000,0.000,0.000
804,267.580,610.517,680.597,284.476,369.180,246.385,27.170,35.734,1.741,0.000,0.381,0.000,0.000,0.000
805,267.926,623.702,681.010,283.945,369.534,247.363,26.378,35.771,1.578,0.000,0.380,0.000,0.000,0.000
806,268.273,623.182,681.416,283.414,369.767,248.337,25.684,35.811,1.430,0.000,0.380,0.000,0.000,0.000
807,268.620,640.961,681.802,282.884,369.879,249.306,25.082,35.855,1.296,0.000,0.379,0.000,0.000,0.000
808,268.966,601.556,682.157,282.353,369.869,250.266,24.562,35.901,1.174,0.000,0.379,0.000,0.000,0.000
809,269.313,552.368,682.469,281.822,369.735,251.215,24.119,35.951,1.064,0.000,0.378,0.000,0.000,0.000
810,269.659,614.333,682.728,281.291,369.478,252.150,23.747,36.005,0.964,0.000,0.378,0.000,0.000,0.000
811,270.006,568.331,682.926,280.761,369.099,253.069,23.440,36.063,0.874,0.000,0.377,0.000,0.000,0.000
812,270.353,625.849,683.058,280.230,368.598,253.969,23.193,36.125,0.792,0.000,0.377,0.000,0.000,0.000
813,270.699,665.923,683.118,279.699,367.977,254.847,23.002,36.192,0.718,0.000,0.376,0.000,0.000,0.000
814,271.046,636.184,683.101,279.169,367.240,255.702,22.864,36.264,0.650,0.000,0.376,0.000,0.000,0.000
815,271.393,598.218,683.005,278.638,366.388,256.532,22.774,36.341,0.589,0.000,0.375,0.000,0.000,0.000
816,271.739,633.998,682.827,278.107,365.425,257.333,22.731,36.424,0.534,0.000,0.374,0.000,0.000,0.000
817,272.086,640.626,682.550,277.576,364.347,258.097,22.730,36.512,0.484,0.000,0.374,0.000,0.000,0.000
818,272.433,626.404,682.163,277.046,363.153,258.818,22.769,36.605,0.439,0.000,0.373,0.000,0.000,0.000
819,272.779,566.886,681.661,276.515,361.843,259.491,22.847,36.703,0.397,0.000,0.373,0.000,0.000,0.000
820,273.126,592.366,681.042,275.984,360.422,260.115,22.961,36.807,0.360,0.000,0.372,0.000,0.000,0.000
821,273.473,656.255,680.308,275.454,358.894,260.686,23.110,36.915,0.326,0.000,0.372,0.000,0.000,0.000
822,273.819,663.218,679.459,274.923,357.263,261.202,23.292,37.030,0.296,0.000,0.371,0.000,0.000,0.000
823,274.166,575.441,678.495,274.392,355.534,261.661,23.506,37.150,0.268,0.000,0.371,0.000,0.000,0.000
824,274.513,634.996,677.418,273.861,353.712,262.059,23.752,37.277,0.243,0.000,0.370,0.000,0.000,0.000
825,274.859,626.403,676.233,273.331,351.804,262.396,24.028,37.410,0.220,0.000,0.370,0.000,0.000,0.000
826,275.206,613.884,674.943,272.800,349.814,262.670,24.334,37.551,0.199,0.000,0.369,0.000,0.000,0.000
827,275.553,602.146,673.553,272.269,347.751,262.879,24.670,37.699,0.181,0.000,0.368,0.000,0.000,0.000
828,275.899,634.662,672.070,271.739,345.619,263.023,25.035,37.856,0.164,0.000,0.368,0.000,0.000,0.000
829,276.246,621.885,670.500,271.208,343.429,263.101,25.429,38.018,0.148,0.000,0.367,0.000,0.000,0.000
830,276.593,634.255,668.849,270.677,341.189,263.116,25.853,38.184,0.135,0.000,0.367,0.000,0.000,0.000
831,276.940,622.701,667.127,270.146,338.908,263.068,26.307,38.350,0.122,0.000,0.366,0.000,0.000,0.000
832,277.286,624.105,665.335,269.616,336.590,262.956,26.790,38.517,0.110,0.000,0.366,0.000,0.000,0.000
833,277.633,669.031,663.466,269.085,334.236,262.773,27.303,38.683,0.100,0.000,0.365,0.000,0.000,0.000
834,277.980,629.476,661.514,268.554,331.846,262.514,27.845,38.848,0.091,0.000,0.365,0.000,0.000,0.000
835,278.326,622.180,659.485,268.024,329.424,262.180,28.417,39.011,0.082,0.000,0.364,0.000,0.000,0.000
836,278.673,657.810,657.386,267.493,326.978,261.770,29.020,39.173,0.074,0.000,0.364,0.000,0.000,0.000
837,279.020,661.698,655.222,266.962,324.513,261.286,29.654,39.332,0.068,0.000,0.363,0.000,0.000,0.000
838,279.367,629.626,653.001,266.431,322.036,260.727,30.320,39.489,0.061,0.000,0.363,0.000,0.000,0.000
839,279.713,580.807,650.731,265.901,319.552,260.096,31.019,39.642,0.055,0.000,0.362,0.000,0.000,0.000
840,280.060,667.921,648.420,265.370,317.067,259.393,31.751,39.792,0.050,0.000,0.362,0.000,0.000,0.000
841,280.407,637.437,646.077,264.839,314.589,258.621,32.517,39.938,0.046,0.000,0.361,0.000,0.000,0.000
842,280.754,641.955,643.711,264.309,312.122,257.782,33.320,40.079,0.041,0.000,0.361,0.000,0.000,0.000
843,281.100,605.326,641.329,263.778,309.673,256.879,34.159,40.215,0.037,0.000,0.360,0.000,0.000,0.000
844,281.447,648.809,638.941,263.247,307.247,255.913,35.036,40.345,0.034,0.000,0.360,0.000,0.000,0.000
845,281.794,636.251,636.555,262.717,304.849,254.889,35.952,40.470,0.031,0.000,0.359,0.000,0.000,0.000
846,282.141,602.512,634.180,262.186,302.484,253.808,36.908,40.588,0.028,0.000,0.359,0.000,0.000,0.000
847,282.488,641.291,631.827,261.655,300.158,252.674,37.907,40.700,0.025,0.000,0.358,0.000,0.000,0.000
848,282.834,589.292,629.505,261.124,297.875,251.491,38.948,40.804,0.023,0.000,0.358,0.000,0.000,0.000
849,283.181,609.771,627.224,260.594,295.640,250.263,40.035,40.902,0.021,0.000,0.357,0.000,0.000,0.000
850,283.528,645.140,624.990,260.063,293.456,248.994,41.168,40.991,0.019,0.000,0.357,0.000,0.000,0.000
851,283.875,629.067,622.795,259.532,291.318,247.679,42.349,41.071,0.017,0.000,0.356,0.000,0.000,0.000
852,284.222,625.883,620.643,259.002,289.225,246.321,43.579,41.141,0.015,0.000,0.356,0.000,0.000,0.000
853,284.568,660.029,618.541,258.471,287.182,244.923,44.861,41.201,0.014,0.000,0.355,0.000,0.000,0.000
854,284.915,626.919,616.498,257.940,285.191,243.488,46.196,41.250,0.013,0.000,0.355,0.000,0.000,0.000
855,285.262,639.586,614.521,257.409,283.253,242.022,47.587,41.289,0.011,0.000,0.354,0.000,0.000,0.000
856,285.609,636.992,612.617,256.879,281.371,240.526,49.035,41.316,0.010,0.000,0.354,0.000,0.000,0.000
857,285.956,639.881,610.793,256.348,279.545,239.005,50.543,41.332,0.009,0.000,0.353,0.000,0.000,0.000
858,286.302,615.842,609.057,255.817,277.778,237.463,52.113,41.336,0.009,0.000,0.353,0.000,0.000,0.000
859,286.649,536.956,607.416,255.287,276.071,235.904,53.747,41.328,0.008,0.000,0.352,0.000,0.000,0.000
860,286.996,596.289,605.878,254.756,274.426,234.331,55.448,41.309,0.007,0.000,0.352,0.000,0.000,0.000
861,287.343,557.770,604.451,254.225,272.846,232.752,57.210,41.279,0.006,0.000,0.351,0.000,0.000,0.000
862,287.690,584.954,603.142,253.694,271.346,231.182,59.013,41.240,0.006,0.000,0.351,0.000,0.000,0.000
863,288.037,588.731,601.941,253.164,269.926,229.624,60.838,41.192,0.005,0.000,0.350,0.000,0.000,0.000
864,288.383,637.066,600.807,252.633,268.571,228.068,62.676,41.133,0.005,0.000,0.350,0.000,0.000,0.000
865,288.730,639.249,599.729,252.102,267.276,226.512,64.521,41.061,0.004,0.000,0.349,0.000,0.000,0.000
866,289.077,626.361,598.705,251.572,266.041,224.960,66.370,40.977,0.004,0.000,0.349,0.000,0.000,0.000
867,289.424,544.880,597.734,251.041,264.865,223.414,68.217,40.881,0.004,0.000,0.348,0.000,0.000,0.000
868,289.771,584.990,596.813,250.510,263.747,221.877,70.060,40.773,0.003,0.000,0.348,0.000,0.000,0.000
869,290.118,605.842,595.940,249.979,262.684,220.351,71.898,40.653,0.003,0.000,0.347,0.000,0.000,0.000
870,290.465,627.581,595.113,249.449,261.676,218.837,73.724,40.521,0.003,0.000,0.347,0.000,0.000,0.000
871,290.811,625.362,594.329,248.918,260.722,217.340,75.535,40.379,0.002,0.000,0.347,0.000,0.000,0.000
872,291.158,555.471,593.586,248.387,259.821,215.861,77.325,40.226,0.002,0.000,0.346,0.000,0.000,0.000
873,291.505,637.805,592.880,247.857,258.973,214.401,79.092,40.062,0.002,0.000,0.346,0.000,0.000,0.000
874,291.852,584.398,592.210,247.326,258.176,212.964,80.829,39.888,0.002,0.000,0.345,0.000,0.000,0.000
875,292.199,648.065,591.571,246.795,257.430,211.552,82.532,39.705,0.002,0.000,0.345,0.000,0.000,0.000
876,292.546,574.767,590.961,246.264,256.735,210.165,84.197,39.513,0.001,0.000,0.344,0.000,0.000,0.000
877,292.893,595.065,590.379,245.734,256.090,208.807,85.819,39.313,0.001,0.000,0.344,0.000,0.000,0.000
878,293.240,625.729,589.823,245.203,255.497,207.479,87.394,39.104,0.001,0.000,0.343,0.000,0.000,0.000
879,293.586,590.433,589.288,244.672,254.952,206.182,88.916,38.889,0.001,0.000,0.343,0.000,0.000,0.000
880,293.933,586.765,588.771,244.142,254.457,204.918,90.381,38.667,0.001,0.000,0.342,0.000,0.000,0.000
881,294.280,629.211,588.270,243.611,254.010,203.689,91.785,38.438,0.001,0.000,0.342,0.000,0.000,0.000
882,294.627,597.879,587.784,243.080,253.612,202.495,93.124,38.205,0.001,0.000,0.341,0.000,0.000,0.000
883,294.974,645.209,587.309,242.550,253.263,201.339,94.393,37.967,0.001,0.000,0.341,0.000,0.000,0.000
884,295.321,602.285,586.834,242.019,252.958,200.217,95.588,37.725,0.001,0.000,0.340,0.000,0.000,0.000
885,295.668,561.953,586.346,241.488,252.691,199.126,96.706,37.478,0.001,0.000,0.340,0.000,0.000,0.000
886,296.015,627.580,585.839,240.957,252.460,198.065,97.743,37.226,0.001,0.000,0.340,0.000,0.000,0.000
887,296.362,651.765,585.312,240.427,252.266,197.033,98.695,36.972,0.000,0.000,0.339,0.000,0.000,0.000
888,296.709,661.875,584.762,239.896,252.111,196.032,99.560,36.714,0.000,0.000,0.339,0.000,0.000,0.000
889,297.056,649.950,584.188,239.365,251.994,195.062,100.334,36.455,0.000,0.000,0.338,0.000,0.000,0.000
890,297.402,626.285,583.584,238.835,251.912,194.121,101.015,36.193,0.000,0.000,0.338,0.000,0.000,0.000
891,297.749,619.840,582.950,238.304,251.865,193.211,101.600,35.931,0.000,0.000,0.337,0.000,0.000,0.000
892,298.096,606.618,582.282,237.773,251.853,192.331,102.087,35.669,0.000,0.000,0.337,0.000,0.000,0.000
893,298.443,557.469,581.577,237.242,251.874,191.481,102.474,35.406,0.000,0.000,0.336,0.000,0.000,0.000
894,298.790,624.319,580.835,236.712,251.930,190.659,102.760,35.145,0.000,0.000,0.336,0.000,0.000,0.000
895,299.137,601.246,580.056,236.181,252.019,189.867,102.944,34.884,0.000,0.000,0.336,0.000,0.000,0.000
896,299.484,551.726,579.239,235.650,252.144,189.104,103.024,34.626,0.000,0.000,0.335,0.000,0.000,0.000
897,299.831,590.357,578.384,235.120,252.303,188.370,103.001,34.370,0.000,0.000,0.335,0.000,0.000,0.000
898,300.178,600.317,577.494,234.589,252.499,187.665,102.873,34.117,0.000,0.000,0.334,0.000,0.000,0.000
899,300.525,616.539,576.569,234.058,252.732,186.988,102.641,33.868,0.000,0.000,0.334,0.000,0.000,0.000
900,300.872,605.059,575.611,233.527,253.004,186.340,102.306,33.623,0.000,0.000,0.333,0.000,0.000,0.000
901,301.219,600.318,574.616,232.997,253.311,185.718,101.868,33.382,0.000,0.000,0.333,0.000,0.000,0.000
902,301.566,581.911,573.574,232.466,253.648,185.116,101.328,33.144,0.000,0.000,0.333,0.000,0.000,0.000
903,301.913,584.393,572.487,231.935,254.018,184.533,100.689,32.911,0.000,0.000,0.332,0.000,0.000,0.000
904,302.260,545.355,571.357,231.405,254.419,183.968,99.951,32.682,0.000,0.000,0.332,0.000,0.000,0.000
905,302.607,539.132,570.185,230.874,254.854,183.422,99.116,32.457,0.000,0.000,0.331,0.000,0.000,0.000
906,302.954,625.132,568.977,230.343,255.323,182.892,98.187,32.238,0.000,0.000,0.331,0.000,0.000,0.000
907,303.301,544.502,567.733,229.812,255.828,182.379,97.168,32.024,0.000,0.000,0.330,0.000,0.000,0.000
908,303.648,537.093,566.459,229.282,256.369,181.881,96.059,31.815,0.000,0.000,0.330,0.000,0.000,0.000
909,303.995,579.574,565.158,228.751,256.948,181.398,94.865,31.612,0.000,0.000,0.330,0.000,0.000,0.000
910,304.342,547.836,563.836,228.220,257.566,180.931,93.590,31.415,0.000,0.000,0.329,0.000,0.000,0.000
911,304.689,530.836,562.498,227.690,258.227,180.478,92.235,31.224,0.000,0.000,0.329,0.000,0.000,0.000
912,305.036,541.097,561.151,227.159,258.931,180.041,90.807,31.040,0.000,0.000,0.328,0.000,0.000,0.000
913,305.383,511.908,559.803,226.628,259.681,179.620,89.308,30.862,0.000,0.000,0.328,0.000,0.000,0.000
914,305.730,537.725,558.460,226.097,260.480,179.215,87.743,30.690,0.000,0.000,0.327,0.000,0.000,0.000
915,306.077,530.132,557.127,225.567,261.329,178.825,86.115,30.526,0.000,0.000,0.327,0.000,0.000,0.000
916,306.424,496.317,555.813,225.036,262.233,178.449,84.431,30.369,0.000,0.000,0.327,0.000,0.000,0.000
917,306.771,543.612,554.523,224.505,263.193,178.088,82.693,30.219,0.000,0.000,0.326,0.000,0.000,0.000
918,307.118,511.647,553.253,223.975,264.204,177.736,80.907,30.075,0.000,0.000,0.326,0.000,0.000,0.000
919,307.465,476.647,552.003,223.444,265.268,177.391,79.077,29.937,0.000,0.000,0.325,0.000,0.000,0.000
920,307.812,524.499,550.779,222.913,266.384,177.051,77.208,29.806,0.000,0.000,0.325,0.000,0.000,0.000
921,308.159,541.351,549.587,222.382,267.556,176.716,75.305,29.680,0.000,0.000,0.324,0.000,0.000,0.000
922,308.506,512.685,548.434,221.852,268.787,176.386,73.372,29.561,0.000,0.000,0.324,0.000,0.000,0.000
923,308.853,548.241,547.328,221.321,270.078,176.061,71.414,29.447,0.000,0.000,0.324,0.000,0.000,0.000
924,309.200,533.462,546.275,220.790,271.432,175.739,69.436,29.340,0.000,0.000,0.323,0.000,0.000,0.000
925,309.547,492.427,545.284,220.260,272.852,175.422,67.443,29.239,0.000,0.000,0.323,0.000,0.000,0.000
926,309.894,544.832,544.361,219.729,274.343,175.110,65.439,29.143,0.000,0.000,0.322,0.000,0.000,0.000
927,310.241,509.758,543.515,219.198,275.905,174.802,63.427,29.054,0.000,0.000,0.322,0.000,0.000,0.000
928,310.588,550.573,542.753,218.668,277.544,174.498,61.414,28.970,0.000,0.000,0.321,0.000,0.000,0.000
929,310.935,515.758,542.084,218.137,279.263,174.200,59.403,28.893,0.000,0.000,0.321,0.000,0.000,0.000
930,311.282,487.055,541.518,217.606,281.066,173.908,57.397,28.822,0.000,0.000,0.321,0.000,0.000,0.000
931,311.629,486.497,541.062,217.075,282.957,173.622,55.402,28.757,0.000,0.000,0.320,0.000,0.000,0.000
932,311.976,504.981,540.725,216.545,284.941,173.342,53.420,28.698,0.000,0.000,0.320,0.000,0.000,0.000
933,312.323,491.721,540.514,216.014,287.020,173.070,51.455,28.645,0.000,0.000,0.319,0.000,0.000,0.000
934,312.670,501.351,540.440,215.483,289.202,172.805,49.511,28.598,0.000,0.000,0.319,0.000,0.000,0.000
935,313.017,510.313,540.509,214.953,291.492,172.543,47.592,28.558,0.000,0.000,0.319,0.000,0.000,0.000
936,313.364,527.943,540.730,214.422,293.898,172.283,45.701,28.525,0.000,0.000,0.318,0.000,0.000,0.000
937,313.711,538.018,541.114,213.891,296.426,172.026,43.841,28.498,0.000,0.000,0.318,0.000,0.000,0.000
938,314.058,503.387,541.655,213.360,299.075,171.769,42.012,28.476,0.000,0.000,0.317,0.000,0.000,0.000
939,314.405,511.684,542.326,212.830,301.823,171.508,40.216,28.457,0.000,0.000,0.317,0.000,0.000,0.000
940,314.752,514.090,543.123,212.299,304.658,171.247,38.456,28.442,0.000,0.000,0.317,0.000,0.000,0.000
941,315.099,528.276,544.049,211.768,307.578,170.986,36.735,28.429,0.000,0.000,0.316,0.000,0.000,0.000
942,315.447,495.906,545.106,211.238,310.587,170.726,35.054,28.419,0.000,0.000,0.316,0.000,0.000,0.000
943,315.794,496.980,546.298,210.707,313.683,170.466,33.415,28.413,0.000,0.000,0.315,0.000,0.000,0.000
944,316.141,494.792,547.626,210.176,316.870,170.209,31.820,28.409,0.000,0.000,0.315,0.000,0.000,0.000
945,316.488,521.200,549.095,209.645,320.147,169.952,30.269,28.408,0.000,0.000,0.314,0.000,0.000,0.000
946,316.835,490.273,550.707,209.115,323.517,169.698,28.764,28.409,0.000,0.000,0.314,0.000,0.000,0.000
947,317.182,512.870,552.465,208.584,326.981,169.448,27.305,28.413,0.000,0.000,0.314,0.000,0.000,0.000
948,317.529,517.719,554.372,208.053,330.542,169.201,25.893,28.419,0.000,0.000,0.313,0.000,0.000,0.000
949,317.876,497.757,556.431,207.523,334.200,168.958,24.529,28.426,0.000,0.000,0.313,0.000,0.000,0.000
950,318.223,568.383,558.642,206.992,337.957,168.720,23.212,28.436,0.000,0.000,0.313,0.000,0.000,0.000
951,318.570,503.053,561.005,206.461,341.812,168.486,21.944,28.447,0.000,0.000,0.312,0.000,0.000,0.000
952,318.917,502.349,563.506,205.930,345.757,168.251,20.723,28.458,0.000,0.000,0.312,0.000,0.000,0.000
953,319.264,558.238,566.142,205.400,349.793,168.015,19.549,28.469,0.000,0.000,0.311,0.000,0.000,0.000
954,319.611,498.161,568.914,204.869,353.919,167.777,18.423,28.480,0.000,0.000,0.311,0.000,0.000,0.000
955,319.959,530.349,571.823,204.338,358.136,167.537,17.344,28.491,0.000,0.000,0.311,0.000,0.000,0.000
956,320.306,554.272,574.868,203.808,362.446,167.296,16.310,28.501,0.000,0.000,0.310,0.000,0.000,0.000
957,320.653,496.977,578.050,203.277,366.850,167.053,15.323,28.511,0.000,0.000,0.310,0.000,0.000,0.000
958,321.000,565.609,581.371,202.746,371.349,166.809,14.380,28.519,0.000,0.000,0.310,0.000,0.000,0.000
959,321.347,555.680,584.831,202.215,375.945,166.564,13.482,28.527,0.000,0.000,0.309,0.000,0.000,0.000
960,321.694,519.570,588.432,201.685,380.640,166.319,12.626,28.533,0.000,0.000,0.309,0.000,0.000,0.000
961,322.041,534.941,592.174,201.154,385.438,166.073,11.813,28.538,0.000,0.000,0.308,0.000,0.000,0.000
962,322.388,578.162,596.061,200.623,390.339,165.827,11.040,28.542,0.000,0.000,0.308,0.000,0.000,0.000
963,322.735,563.644,600.094,200.093,395.349,165.582,10.308,28.544,0.000,0.000,0.308,0.000,0.000,0.000
964,323.082,600.939,604.276,199.562,400.468,165.337,9.614,28.544,0.000,0.000,0.307,0.000,0.000,0.000
965,323.430,496.125,608.610,199.031,405.703,165.095,8.958,28.543,0.000,0.000,0.307,0.000,0.000,0.000
966,323.777,591.533,613.101,198.501,411.056,164.855,8.338,28.541,0.000,0.000,0.307,0.000,0.000,0.000
967,324.124,608.569,617.752,197.970,416.534,164.618,7.753,28.537,0.000,0.000,0.306,0.000,0.000,0.000
968,324.471,599.606,622.534,197.439,422.109,164.384,7.201,28.530,0.000,0.000,0.306,0.000,0.000,0.000
969,324.818,616.938,627.346,196.908,427.685,164.147,6.683,28.521,0.000,0.000,0.305,0.000,0.000,0.000
970,325.165,660.015,632.158,196.378,433.236,163.907,6.195,28.510,0.000,0.000,0.305,0.000,0.000,0.000
971,325.512,558.572,636.959,195.847,438.753,163.665,5.737,28.495,0.000,0.000,0.305,0.000,0.000,0.000
972,325.859,638.051,641.738,195.316,444.223,163.421,5.308,28.477,0.000,0.000,0.304,0.000,0.000,0.000
973,326.206,611.902,646.480,194.786,449.636,163.174,4.906,28.456,0.000,0.000,0.304,0.000,0.000,0.000
974,326.554,637.680,651.176,194.255,454.982,162.925,4.530,28.431,0.000,0.000,0.304,0.000,0.000,0.000
975,326.901,688.569,655.814,193.724,460.249,162.674,4.179,28.404,0.000,0.000,0.303,0.000,0.000,0.000
976,327.248,582.089,660.380,193.193,465.427,162.421,3.851,28.374,0.000,0.000,0.303,0.000,0.000,0.000
977,327.595,637.976,664.865,192.663,470.505,162.167,3.546,28.340,0.000,0.000,0.303,0.000,0.000,0.000
978,327.942,626.012,669.256,192.132,475.472,161.912,3.263,28.303,0.000,0.000,0.302,0.000,0.000,0.000
979,328.289,695.311,673.542,191.601,480.315,161.655,3.002,28.263,0.000,0.000,0.302,0.000,0.000,0.000
980,328.636,697.458,677.713,191.071,485.026,161.399,2.762,28.220,0.000,0.000,0.302,0.000,0.000,0.000
981,328.984,741.645,681.761,190.540,489.597,161.143,2.542,28.174,0.000,0.000,0.301,0.000,0.000,0.000
982,329.331,746.607,685.674,190.009,494.016,160.889,2.339,28.125,0.000,0.000,0.301,0.000,0.000,0.000
983,329.678,647.234,689.442,189.478,498.273,160.636,2.153,28.074,0.000,0.000,0.301,0.000,0.000,0.000
984,330.025,646.903,693.052,188.948,502.358,160.386,1.983,28.020,0.000,0.000,0.300,0.000,0.000,0.000
985,330.372,758.310,696.486,188.417,506.256,160.136,1.826,27.963,0.000,0.000,0.300,0.000,0.000,0.000
986,330.719,710.532,699.728,187.886,509.954,159.884,1.681,27.904,0.000,0.000,0.300,0.000,0.000,0.000
987,331.066,750.607,702.766,187.356,513.444,159.629,1.549,27.840,0.000,0.000,0.299,0.000,0.000,0.000
988,331.413,701.976,705.592,186.825,516.715,159.371,1.427,27.774,0.000,0.000,0.299,0.000,0.000,0.000
989,331.761,717.272,708.195,186.294,519.760,159.111,1.315,27.705,0.000,0.000,0.299,0.000,0.000,0.000
990,332.108,730.089,710.566,185.763,522.569,158.848,1.213,27.633,0.000,0.000,0.299,0.000,0.000,0.000
991,332.455,806.532,712.696,185.233,525.135,158.583,1.118,27.557,0.000,0.000,0.298,0.000,0.000,0.000
992,332.802,708.494,714.579,184.702,527.450,158.315,1.032,27.480,0.000,0.000,0.298,0.000,0.000,0.000
993,333.149,754.866,716.207,184.171,529.508,158.046,0.952,27.399,0.000,0.000,0.298,0.000,0.000,0.000
994,333.496,690.235,717.574,183.641,531.302,157.776,0.879,27.316,0.000,0.000,0.297,0.000,0.000,0.000
995,333.844,791.422,718.675,183.110,532.827,157.504,0.812,27.231,0.000,0.000,0.297,0.000,0.000,0.000
996,334.191,826.347,719.505,182.579,534.078,157.231,0.750,27.144,0.000,0.000,0.297,0.000,0.000,0.000
997,334.538,711.460,720.059,182.048,535.051,156.959,0.694,27.055,0.000,0.000,0.296,0.000,0.000,0.000
998,334.885,807.717,720.335,181.518,535.742,156.686,0.642,26.965,0.000,0.000,0.296,0.000,0.000,0.000
999,335.232,678.752,720.330,180.987,536.148,156.415,0.594,26.873,0.000,0.000,0.296,0.000,0.000,0.000
1000,335.579,805.680,720.042,180.456,536.267,156.145,0.550,26.780,0.000,0.000,0.295,0.000,0.000,0.000
1001,335.926,785.975,719.470,179.926,536.098,155.876,0.510,26.685,0.000,0.000,0.295,0.000,0.000,0.000
1002,336.274,803.125,718.607,179.395,535.637,155.608,0.473,26.590,0.000,0.000,0.295,0.000,0.000,0.000
1003,336.621,797.718,717.449,178.864,534.881,155.337,0.439,26.493,0.000,0.000,0.294,0.000,0.000,0.000
1004,336.968,799.419,715.997,178.334,533.831,155.064,0.408,26.395,0.000,0.000,0.294,0.000,0.000,0.000
1005,337.315,808.456,714.252,177.803,532.489,154.789,0.380,26.296,0.000,0.000,0.294,0.000,0.000,0.000
1006,337.662,742.273,712.211,177.272,530.852,154.512,0.354,26.196,0.000,0.000,0.293,0.000,0.000,0.000
1007,338.009,757.051,709.879,176.741,528.924,154.233,0.330,26.095,0.000,0.000,0.293,0.000,0.000,0.000
1008,338.357,816.865,707.260,176.211,526.711,153.952,0.308,25.993,0.000,0.000,0.293,0.000,0.000,0.000
1009,338.704,802.604,704.358,175.680,524.214,153.669,0.288,25.891,0.000,0.000,0.293,0.000,0.000,0.000
1010,339.051,745.235,701.178,175.149,521.439,153.385,0.269,25.788,0.000,0.000,0.292,0.000,0.000,0.000
1011,339.398,760.938,697.726,174.619,518.391,153.101,0.252,25.685,0.000,0.000,0.292,0.000,0.000,0.000
1012,339.745,829.902,694.007,174.088,515.077,152.815,0.237,25.582,0.000,0.000,0.292,0.000,0.000,0.000
1013,340.092,799.495,690.030,173.557,511.502,152.530,0.223,25.480,0.000,0.000,0.291,0.000,0.000,0.000
1014,340.440,854.049,685.802,173.026,507.675,152.245,0.210,25.378,0.000,0.000,0.291,0.000,0.000,0.000
1015,340.787,850.828,681.332,172.496,503.603,151.961,0.198,25.276,0.000,0.000,0.291,0.000,0.000,0.000
1016,341.134,768.976,676.630,171.965,499.295,151.678,0.188,25.175,0.000,0.000,0.290,0.000,0.000,0.000
1017,341.481,792.051,671.704,171.434,494.760,151.397,0.178,25.075,0.000,0.000,0.290,0.000,0.000,0.000
1018,341.828,811.976,666.564,170.904,490.007,151.119,0.169,24.976,0.000,0.000,0.290,0.000,0.000,0.000
1019,342.175,797.716,661.215,170.373,485.042,150.841,0.161,24.878,0.000,0.000,0.289,0.000,0.000,0.000
1020,342.523,861.051,655.662,169.842,479.875,150.560,0.153,24.780,0.000,0.000,0.289,0.000,0.000,0.000
1021,342.870,731.310,649.916,169.311,474.516,150.277,0.147,24.683,0.000,0.000,0.289,0.000,0.000,0.000
1022,343.217,818.236,643.989,168.781,468.977,149.993,0.141,24.587,0.000,0.000,0.288,0.000,0.000,0.000
1023,343.564,787.122,637.893,168.250,463.267,149.707,0.135,24.491,0.000,0.000,0.288,0.000,0.000,0.000
1024,343.911,803.976,631.637,167.719,457.399,149.420,0.130,24.396,0.000,0.000,0.287,0.000,0.000,0.000
1025,344.259,807.679,625.236,167.189,451.384,149.132,0.126,24.303,0.000,0.000,0.287,0.000,0.000,0.000
1026,344.606,755.604,618.701,166.658,445.235,148.843,0.122,24.210,0.000,0.000,0.287,0.000,0.000,0.000
1027,344.953,768.494,612.043,166.127,438.963,148.553,0.118,24.119,0.000,0.000,0.286,0.000,0.000,0.000
1028,345.300,769.938,605.276,165.596,432.580,148.262,0.115,24.028,0.000,0.000,0.286,0.000,0.000,0.000
1029,345.647,756.049,598.412,165.066,426.099,147.971,0.112,23.939,0.000,0.000,0.285,0.000,0.000,0.000
1030,345.994,764.715,591.465,164.535,419.533,147.681,0.110,23.852,0.000,0.000,0.285,0.000,0.000,0.000
1031,346.342,833.345,584.446,164.004,412.893,147.391,0.108,23.766,0.000,0.000,0.285,0.000,0.000,0.000
1032,346.689,740.050,577.370,163.474,406.192,147.103,0.106,23.681,0.000,0.000,0.284,0.000,0.000,0.000
1033,347.036,788.788,570.250,162.943,399.443,146.816,0.105,23.598,0.000,0.000,0.284,0.000,0.000,0.000
1034,347.383,772.825,563.097,162.412,392.658,146.531,0.103,23.517,0.000,0.000,0.283,0.000,0.000,0.000
1035,347.730,797.269,555.924,161.881,385.848,146.248,0.102,23.437,0.000,0.000,0.283,0.000,0.000,0.000
1036,348.078,737.198,548.734,161.351,379.022,145.965,0.102,23.359,0.000,0.000,0.283,0.000,0.000,0.000
1037,348.425,761.602,541.537,160.820,372.188,145.680,0.101,23.282,0.000,0.000,0.282,0.000,0.000,0.000
1038,348.772,728.788,534.344,160.289,365.359,145.393,0.101,23.205,0.000,0.000,0.282,0.000,0.000,0.000
1039,349.119,826.677,527.165,159.759,358.545,145.105,0.101,23.130,0.000,0.000,0.281,0.000,0.000,0.000
1040,349.466,711.974,520.013,159.228,351.756,144.815,0.101,23.056,0.000,0.000,0.281,0.000,0.000,0.000
1041,349.814,717.491,512.897,158.697,345.004,144.525,0.101,22.983,0.000,0.000,0.280,0.000,0.000,0.000
1042,350.161,704.788,505.827,158.167,338.297,144.234,0.101,22.911,0.000,0.000,0.280,0.000,0.000,0.000
1043,350.508,701.047,498.812,157.636,331.645,143.942,0.102,22.841,0.000,0.000,0.279,0.000,0.000,0.000
1044,350.855,707.566,491.862,157.105,325.056,143.650,0.102,22.771,0.000,0.000,0.279,0.000,0.000,0.000
1045,351.202,703.639,484.986,156.574,318.540,143.358,0.103,22.703,0.000,0.000,0.278,0.000,0.000,0.000
1046,351.549,726.897,478.191,156.044,312.103,143.066,0.104,22.636,0.000,0.000,0.278,0.000,0.000,0.000
1047,351.897,735.787,471.485,155.513,305.755,142.774,0.105,22.570,0.000,0.000,0.277,0.000,0.000,0.000
1048,352.244,653.788,464.877,154.982,299.501,142.483,0.107,22.505,0.000,0.000,0.277,0.000,0.000,0.000
1049,352.591,658.788,458.374,154.452,293.350,142.194,0.108,22.442,0.000,0.000,0.276,0.000,0.000,0.000
1050,352.938,609.009,451.982,153.921,287.307,141.907,0.109,22.380,0.000,0.000,0.275,0.000,0.000,0.000
1051,353.285,617.195,445.709,153.390,281.378,141.622,0.111,22.319,0.000,0.000,0.275,0.000,0.000,0.000
1052,353.633,565.231,439.557,152.859,275.568,141.338,0.113,22.260,0.000,0.000,0.274,0.000,0.000,0.000
1053,353.980,601.785,433.527,152.329,269.879,141.055,0.115,22.201,0.000,0.000,0.274,0.000,0.000,0.000
1054,354.327,598.082,427.619,151.798,264.313,140.769,0.117,22.143,0.000,0.000,0.273,0.000,0.000,0.000
1055,354.674,604.971,421.837,151.267,258.874,140.482,0.119,22.085,0.000,0.000,0.272,0.000,0.000,0.000
1056,355.021,673.748,416.184,150.737,253.565,140.194,0.121,22.028,0.000,0.000,0.272,0.000,0.000,0.000
1057,355.369,573.636,410.664,150.206,248.390,139.904,0.123,21.972,0.000,0.000,0.271,0.000,0.000,0.000
1058,355.716,619.933,405.279,149.675,243.350,139.613,0.126,21.916,0.000,0.000,0.270,0.000,0.000,0.000
1059,356.063,591.229,400.031,149.144,238.447,139.322,0.129,21.860,0.000,0.000,0.270,0.000,0.000,0.000
1060,356.410,583.045,394.923,148.614,233.683,139.030,0.131,21.805,0.000,0.000,0.269,0.000,0.000,0.000
1061,356.757,575.304,389.956,148.083,229.060,138.739,0.134,21.751,0.000,0.000,0.268,0.000,0.000,0.000
1062,357.105,520.453,385.134,147.552,224.581,138.448,0.137,21.698,0.000,0.000,0.267,0.000,0.000,0.000
1063,357.452,546.931,380.457,147.022,220.245,138.157,0.140,21.645,0.000,0.000,0.267,0.000,0.000,0.000
1064,357.799,560.451,375.926,146.491,216.053,137.866,0.144,21.593,0.000,0.000,0.266,0.000,0.000,0.000
1065,358.146,529.376,371.539,145.960,212.004,137.577,0.147,21.542,0.000,0.000,0.265,0.000,0.000,0.000
1066,358.493,534.524,367.556,145.690,208.220,137.408,0.151,21.509,0.000,0.000,0.264,0.000,0.000,0.000
1067,358.841,522.783,363.718,145.419,204.577,137.241,0.154,21.477,0.000,0.000,0.264,0.000,0.000,0.000
1068,359.188,529.746,360.021,145.148,201.074,137.076,0.158,21.446,0.000,0.000,0.263,0.000,0.000,0.000
1069,359.535,506.708,356.463,144.878,197.707,136.913,0.162,21.415,0.000,0.000,0.262,0.000,0.000,0.000
1070,359.882,561.968,353.036,144.607,194.473,136.747,0.167,21.384,0.000,0.000,0.262,0.000,0.000,0.000
1071,360.229,444.488,349.736,144.336,191.367,136.580,0.171,21.353,0.000,0.000,0.261,0.000,0.000,0.000
1072,360.577,496.227,346.561,144.066,188.388,136.412,0.175,21.323,0.000,0.000,0.260,0.000,0.000,0.000
1073,360.924,504.264,343.510,143.795,185.533,136.241,0.180,21.292,0.000,0.000,0.259,0.000,0.000,0.000
1074,361.271,487.039,340.579,143.524,182.800,136.070,0.185,21.261,0.000,0.000,0.259,0.000,0.000,0.000
1075,361.618,476.857,337.766,143.254,180.186,135.897,0.190,21.231,0.000,0.000,0.258,0.000,0.000,0.000
1076,361.965,419.523,335.069,142.983,177.689,135.724,0.195,21.200,0.000,0.000,0.257,0.000,0.000,0.000
1077,362.313,393.078,332.486,142.712,175.306,135.550,0.201,21.170,0.000,0.000,0.256,0.000,0.000,0.000
1078,362.660,429.781,330.014,142.442,173.033,135.376,0.206,21.140,0.000,0.000,0.255,0.000,0.000,0.000
1079,363.007,440.151,327.651,142.171,170.869,135.202,0.212,21.110,0.000,0.000,0.254,0.000,0.000,0.000
1080,363.354,431.039,325.392,141.901,168.809,135.028,0.218,21.081,0.000,0.000,0.253,0.000,0.000,0.000
1081,363.701,430.150,323.236,141.630,166.850,134.855,0.224,21.051,0.000,0.000,0.253,0.000,0.000,0.000
1082,364.048,467.336,321.181,141.359,164.990,134.683,0.230,21.022,0.000,0.000,0.252,0.000,0.000,0.000
1083,364.396,378.115,319.222,141.089,163.226,134.512,0.237,20.993,0.000,0.000,0.251,0.000,0.000,0.000
1084,364.743,412.706,317.359,140.818,161.554,134.343,0.244,20.965,0.000,0.000,0.250,0.000,0.000,0.000
1085,365.090,385.594,315.587,140.547,159.971,134.176,0.251,20.937,0.000,0.000,0.249,0.000,0.000,0.000
1086,365.437,374.481,313.900,140.277,158.472,134.009,0.258,20.910,0.000,0.000,0.248,0.000,0.000,0.000
1087,365.784,382.558,312.290,140.006,157.051,133.840,0.266,20.882,0.000,0.000,0.247,0.000,0.000,0.000
1088,366.132,410.408,310.752,139.735,155.706,133.669,0.274,20.854,0.000,0.000,0.246,0.000,0.000,0.000
1089,366.479,372.742,309.285,139.465,154.432,133.497,0.282,20.826,0.000,0.000,0.245,0.000,0.000,0.000
1090,366.826,320.298,307.885,139.194,153.227,133.323,0.290,20.798,0.000,0.000,0.244,0.000,0.000,0.000
1091,367.173,370.408,306.549,138.923,152.088,133.147,0.298,20.769,0.000,0.000,0.243,0.000,0.000,0.000
1092,367.520,330.037,305.275,138.653,151.012,132.970,0.307,20.741,0.000,0.000,0.241,0.000,0.000,0.000
1093,367.868,362.443,304.060,138.382,149.996,132.792,0.315,20.713,0.000,0.000,0.240,0.000,0.000,0.000
1094,368.215,355.556,302.906,138.112,149.041,132.614,0.324,20.684,0.000,0.000,0.239,0.000,0.000,0.000
1095,368.562,350.666,301.814,137.841,148.148,132.435,0.332,20.656,0.000,0.000,0.238,0.000,0.000,0.000
1096,368.909,337.296,300.781,137.570,147.314,132.257,0.341,20.628,0.000,0.000,0.237,0.000,0.000,0.000
1097,369.256,329.408,299.802,137.300,146.534,132.079,0.350,20.600,0.000,0.000,0.236,0.000,0.000,0.000
1098,369.604,352.148,298.876,137.029,145.806,131.901,0.358,20.572,0.000,0.000,0.235,0.000,0.000,0.000
1099,369.951,374.925,297.998,136.758,145.125,131.724,0.367,20.545,0.000,0.000,0.234,0.000,0.000,0.000
1100,370.298,360.851,297.167,136.488,144.488,131.549,0.376,20.518,0.000,0.000,0.232,0.000,0.000,0.000
1101,370.645,342.517,296.379,136.217,143.894,131.376,0.384,20.491,0.000,0.000,0.231,0.000,0.000,0.000
1102,370.992,299.371,295.634,135.946,143.339,131.204,0.393,20.465,0.000,0.000,0.230,0.000,0.000,0.000
1103,371.339,313.443,294.924,135.676,142.819,131.033,0.402,20.439,0.000,0.000,0.229,0.000,0.000,0.000
1104,371.687,279.517,294.243,135.405,142.330,130.859,0.410,20.412,0.000,0.000,0.228,0.000,0.000,0.000
1105,372.034,314.331,293.588,135.134,141.869,130.684,0.419,20.386,0.000,0.000,0.226,0.000,0.000,0.000
1106,372.381,278.331,292.957,134.864,141.435,130.507,0.427,20.359,0.000,0.000,0.225,0.000,0.000,0.000
1107,372.728,316.961,292.349,134.593,141.026,130.328,0.435,20.332,0.000,0.000,0.224,0.000,0.000,0.000
1108,373.075,284.369,291.762,134.323,140.640,130.147,0.444,20.305,0.000,0.000,0.223,0.000,0.000,0.000
1109,373.423,321.035,291.195,134.052,140.275,129.965,0.452,20.278,0.000,0.000,0.222,0.000,0.000,0.000
1110,373.770,277.776,290.648,133.781,139.932,129.781,0.460,20.251,0.000,0.000,0.220,0.000,0.000,0.000
1111,374.117,282.110,290.118,133.511,139.608,129.597,0.468,20.224,0.000,0.000,0.219,0.000,0.000,0.000
1112,374.464,282.183,289.607,133.240,139.302,129.411,0.475,20.197,0.000,0.000,0.218,0.000,0.000,0.000
1113,374.811,292.776,289.114,132.969,139.015,129.226,0.483,20.170,0.000,0.000,0.217,0.000,0.000,0.000
1114,375.158,258.144,288.638,132.699,138.743,129.043,0.490,20.143,0.000,0.000,0.216,0.000,0.000,0.000
1115,375.506,265.811,288.184,132.428,138.492,128.860,0.498,20.116,0.000,0.000,0.214,0.000,0.000,0.000
1116,375.853,275.440,287.741,132.157,138.254,128.675,0.505,20.090,0.000,0.000,0.213,0.000,0.000,0.000
1117,376.200,230.702,287.315,131.887,138.032,128.491,0.512,20.064,0.000,0.000,0.212,0.000,0.000,0.000
1118,376.547,276.960,286.906,131.616,137.826,128.308,0.518,20.039,0.000,0.000,0.211,0.000,0.000,0.000
1119,376.894,274.663,286.512,131.345,137.634,128.126,0.525,20.014,0.000,0.000,0.210,0.000,0.000,0.000
1120,377.241,281.923,286.129,131.075,137.453,127.944,0.531,19.989,0.000,0.000,0.208,0.000,0.000,0.000
1121,377.589,258.182,285.753,130.804,137.283,127.759,0.537,19.964,0.000,0.000,0.207,0.000,0.000,0.000
1122,377.936,240.960,285.383,130.534,137.122,127.571,0.543,19.938,0.000,0.000,0.206,0.000,0.000,0.000
1123,378.283,275.107,285.020,130.263,136.970,127.380,0.548,19.913,0.000,0.000,0.205,0.000,0.000,0.000
1124,378.630,260.810,284.663,129.992,136.828,127.188,0.553,19.887,0.000,0.000,0.204,0.000,0.000,0.000
1125,378.977,244.996,284.312,129.722,136.694,126.992,0.558,19.862,0.000,0.000,0.203,0.000,0.000,0.000
1126,379.325,237.774,283.967,129.451,136.569,126.795,0.562,19.836,0.000,0.000,0.201,0.000,0.000,0.000
1127,379.672,283.182,283.628,129.180,136.453,126.595,0.566,19.811,0.000,0.000,0.200,0.000,0.000,0.000
1128,380.019,260.404,283.296,128.910,136.345,126.393,0.570,19.785,0.000,0.000,0.199,0.000,0.000,0.000
1129,380.366,211.959,282.970,128.639,136.247,126.190,0.573,19.759,0.000,0.000,0.198,0.000,0.000,0.000
1130,380.713,256.368,282.652,128.368,136.157,125.984,0.576,19.734,0.000,0.000,0.197,0.000,0.000,0.000
1131,381.060,260.922,282.342,128.098,136.076,125.778,0.579,19.709,0.000,0.000,0.196,0.000,0.000,0.000
1132,381.408,280.663,282.040,127.827,136.006,125.571,0.581,19.683,0.000,0.000,0.195,0.000,0.000,0.000
1133,381.755,263.922,281.748,127.556,135.945,125.363,0.583,19.659,0.000,0.000,0.194,0.000,0.000,0.000
1134,382.102,222.960,281.465,127.286,135.894,125.155,0.585,19.634,0.000,0.000,0.192,0.000,0.000,0.000
1135,382.449,257.181,281.193,127.015,135.854,124.947,0.586,19.611,0.000,0.000,0.191,0.000,0.000,0.000
1136,382.796,232.478,280.930,126.745,135.824,124.738,0.587,19.587,0.000,0.000,0.190,0.000,0.000,0.000
1137,383.143,290.959,280.671,126.474,135.802,124.526,0.588,19.563,0.000,0.000,0.189,0.000,0.000,0.000
1138,383.490,247.032,280.415,126.203,135.786,124.310,0.588,19.540,0.000,0.000,0.188,0.000,0.000,0.000
1139,383.838,220.329,280.163,125.933,135.779,124.090,0.588,19.516,0.000,0.000,0.187,0.000,0.000,0.000
1140,384.185,287.847,279.913,125.662,135.778,123.866,0.587,19.492,0.000,0.000,0.186,0.000,0.000,0.000
1141,384.532,226.515,279.666,125.391,135.785,123.638,0.586,19.468,0.000,0.000,0.185,0.000,0.000,0.000
1142,384.879,245.736,279.422,125.121,135.799,123.407,0.585,19.444,0.000,0.000,0.184,0.000,0.000,0.000
1143,385.226,258.589,279.183,124.850,135.822,123.171,0.583,19.420,0.000,0.000,0.183,0.000,0.000,0.000
1144,385.573,293.364,278.948,124.579,135.853,122.932,0.581,19.396,0.000,0.000,0.182,0.000,0.000,0.000
1145,385.920,273.107,278.719,124.309,135.893,122.690,0.579,19.372,0.000,0.000,0.182,0.000,0.000,0.000
1146,386.268,258.735,278.495,124.038,135.943,122.444,0.576,19.348,0.000,0.000,0.181,0.000,0.000,0.000
1147,386.615,230.883,278.277,123.767,136.002,122.195,0.573,19.324,0.000,0.000,0.180,0.000,0.000,0.000
1148,386.962,277.032,278.066,123.497,136.072,121.943,0.570,19.300,0.000,0.000,0.179,0.000,0.000,0.000
1149,387.309,242.402,277.864,123.226,136.152,121.688,0.566,19.276,0.000,0.000,0.178,0.000,0.000,0.000
1150,387.656,221.809,277.672,122.956,136.245,121.431,0.562,19.253,0.000,0.000,0.177,0.000,0.000,0.000
1151,388.003,261.662,277.489,122.685,136.350,121.171,0.558,19.231,0.000,0.000,0.176,0.000,0.000,0.000
1152,388.350,265.217,277.318,122.414,136.467,120.910,0.554,19.208,0.000,0.000,0.175,0.000,0.000,0.000
1153,388.698,211.587,277.157,122.144,136.597,120.646,0.549,19.186,0.000,0.000,0.175,0.000,0.000,0.000
1154,389.045,229.438,277.001,121.873,136.738,120.378,0.544,19.164,0.000,0.000,0.174,0.000,0.000,0.000
1155,389.392,252.069,276.849,121.602,136.888,120.104,0.539,19.142,0.000,0.000,0.173,0.000,0.000,0.000
1156,389.739,247.773,276.703,121.332,137.049,119.825,0.533,19.120,0.000,0.000,0.172,0.000,0.000,0.000
1157,390.086,261.882,276.564,121.061,137.222,119.542,0.528,19.098,0.000,0.000,0.171,0.000,0.000,0.000
1158,390.433,253.994,276.430,120.790,137.406,119.254,0.522,19.075,0.000,0.000,0.171,0.000,0.000,0.000
1159,390.780,250.883,276.305,120.520,137.602,118.961,0.516,19.053,0.000,0.000,0.170,0.000,0.000,0.000
1160,391.128,252.697,276.187,120.249,137.811,118.664,0.509,19.030,0.000,0.000,0.169,0.000,0.000,0.000
1161,391.475,215.031,276.077,119.978,138.033,118.363,0.503,19.008,0.000,0.000,0.168,0.000,0.000,0.000
1162,391.822,231.734,275.978,119.708,138.268,118.057,0.496,18.985,0.000,0.000,0.168,0.000,0.000,0.000
1163,392.169,290.216,275.888,119.437,138.519,117.747,0.489,18.963,0.000,0.000,0.167,0.000,0.000,0.000
1164,392.516,246.364,275.810,119.167,138.784,117.433,0.483,18.941,0.000,0.000,0.166,0.000,0.000,0.000
1165,392.863,252.216,275.744,118.896,139.065,117.116,0.476,18.919,0.000,0.000,0.165,0.000,0.000,0.000
1166,393.210,262.179,275.692,118.625,139.364,116.795,0.469,18.897,0.000,0.000,0.165,0.000,0.000,0.000
1167,393.557,244.439,275.655,118.355,139.680,116.472,0.461,18.875,0.000,0.000,0.164,0.000,0.000,0.000
1168,393.904,243.697,275.635,118.084,140.014,116.146,0.454,18.854,0.000,0.000,0.163,0.000,0.000,0.000
1169,394.252,284.735,275.633,117.813,140.368,115.818,0.447,18.833,0.000,0.000,0.163,0.000,0.000,0.000
1170,394.599,236.144,275.641,117.543,140.736,115.486,0.440,18.813,0.000,0.000,0.162,0.000,0.000,0.000
1171,394.946,254.585,275.651,117.272,141.111,115.150,0.432,18.793,0.000,0.000,0.162,0.000,0.000,0.000
1172,395.293,234.772,275.660,117.001,141.489,114.810,0.425,18.772,0.000,0.000,0.161,0.000,0.000,0.000
1173,395.640,273.289,275.668,116.731,141.871,114.465,0.417,18.751,0.000,0.000,0.160,0.000,0.000,0.000
1174,395.987,237.068,275.675,116.460,142.255,114.116,0.410,18.731,0.000,0.000,0.160,0.000,0.000,0.000
1175,396.334,240.624,275.679,116.189,142.640,113.763,0.403,18.710,0.000,0.000,0.159,0.000,0.000,0.000
1176,396.681,250.734,275.680,115.919,143.027,113.406,0.395,18.689,0.000,0.000,0.158,0.000,0.000,0.000
1177,397.028,257.733,275.678,115.648,143.415,113.045,0.388,18.669,0.000,0.000,0.158,0.000,0.000,0.000
1178,397.376,238.104,275.674,115.378,143.803,112.681,0.381,18.648,0.000,0.000,0.157,0.000,0.000,0.000
1179,397.723,253.214,275.665,115.107,144.190,112.313,0.374,18.628,0.000,0.000,0.157,0.000,0.000,0.000
1180,398.070,240.660,275.653,114.836,144.576,111.943,0.367,18.607,0.000,0.000,0.156,0.000,0.000,0.000
1181,398.417,266.846,275.636,114.566,144.961,111.570,0.360,18.587,0.000,0.000,0.156,0.000,0.000,0.000
1182,398.764,266.029,275.615,114.295,145.342,111.194,0.353,18.567,0.000,0.000,0.155,0.000,0.000,0.000
1183,399.111,244.734,275.590,114.024,145.721,110.816,0.347,18.547,0.000,0.000,0.155,0.000,0.000,0.000
1184,399.458,216.031,275.559,113.754,146.097,110.437,0.340,18.528,0.000,0.000,0.154,0.000,0.000,0.000
1185,399.805,273.808,275.524,113.483,146.469,110.056,0.334,18.509,0.000,0.000,0.153,0.000,0.000,0.000
1186,400.152,258.844,275.485,113.212,146.836,109.675,0.327,18.491,0.000,0.000,0.153,0.000,0.000,0.000
1187,400.499,237.067,275.438,112.942,147.197,109.292,0.321,18.472,0.000,0.000,0.152,0.000,0.000,0.000
1188,400.846,245.770,275.379,112.671,147.549,108.906,0.315,18.454,0.000,0.000,0.152,0.000,0.000,0.000
1189,401.193,228.364,275.308,112.400,147.890,108.518,0.310,18.436,0.000,0.000,0.151,0.000,0.000,0.000
1190,401.541,218.735,275.224,112.130,148.221,108.127,0.304,18.417,0.000,0.000,0.151,0.000,0.000,0.000
1191,401.888,215.512,275.126,111.859,148.540,107.735,0.299,18.399,0.000,0.000,0.150,0.000,0.000,0.000
1192,402.235,255.068,275.014,111.589,148.846,107.340,0.293,18.381,0.000,0.000,0.150,0.000,0.000,0.000
1193,402.582,253.992,274.887,111.318,149.139,106.944,0.288,18.363,0.000,0.000,0.150,0.000,0.000,0.000
1194,402.929,241.659,274.745,111.047,149.417,106.547,0.284,18.345,0.000,0.000,0.149,0.000,0.000,0.000
1195,403.276,264.620,274.587,110.777,149.681,106.149,0.279,18.326,0.000,0.000,0.149,0.000,0.000,0.000
1196,403.623,231.363,274.414,110.506,149.930,105.750,0.275,18.309,0.000,0.000,0.148,0.000,0.000,0.000
1197,403.970,204.512,274.225,110.235,150.163,105.350,0.271,18.291,0.000,0.000,0.148,0.000,0.000,0.000
1198,404.317,240.400,274.020,109.965,150.379,104.950,0.267,18.274,0.000,0.000,0.147,0.000,0.000,0.000
1199,404.664,276.584,273.799,109.694,150.578,104.551,0.263,18.257,0.000,0.000,0.147,0.000,0.000,0.000
1200,405.011,250.659,273.561,109.423,150.760,104.151,0.260,18.240,0.000,0.000,0.146,0.000,0.000,0.000
1201,405.358,249.067,273.307,109.153,150.924,103.753,0.257,18.223,0.000,0.000,0.146,0.000,0.000,0.000
1202,405.705,211.512,273.036,108.882,151.071,103.356,0.253,18.208,0.000,0.000,0.145,0.000,0.000,0.000
1203,406.052,266.880,272.750,108.611,151.199,102.961,0.250,18.192,0.000,0.000,0.145,0.000,0.000,0.000
1204,406.399,221.881,272.446,108.341,151.307,102.566,0.248,18.177,0.000,0.000,0.144,0.000,0.000,0.000
1205,406.746,253.658,272.119,108.070,151.394,102.171,0.245,18.162,0.000,0.000,0.144,0.000,0.000,0.000
1206,407.093,226.325,271.771,107.800,151.458,101.777,0.242,18.147,0.000,0.000,0.144,0.000,0.000,0.000
1207,407.441,267.510,271.400,107.529,151.499,101.383,0.240,18.132,0.000,0.000,0.143,0.000,0.000,0.000
1208,407.788,223.067,271.008,107.258,151.517,100.989,0.238,18.117,0.000,0.000,0.143,0.000,0.000,0.000
1209,408.135,258.214,270.593,106.988,151.512,100.597,0.236,18.103,0.000,0.000,0.142,0.000,0.000,0.000
1210,408.482,199.511,270.156,106.717,151.483,100.206,0.234,18.088,0.000,0.000,0.142,0.000,0.000,0.000
1211,408.829,238.806,269.697,106.446,151.431,99.815,0.232,18.074,0.000,0.000,0.142,0.000,0.000,0.000
1212,409.176,230.547,269.217,106.176,151.355,99.427,0.230,18.060,0.000,0.000,0.141,0.000,0.000,0.000
1213,409.523,228.066,268.715,105.905,151.256,99.040,0.229,18.046,0.000,0.000,0.141,0.000,0.000,0.000
1214,409.870,200.954,268.192,105.634,151.133,98.655,0.227,18.032,0.000,0.000,0.140,0.000,0.000,0.000
1215,410.217,244.807,267.649,105.364,150.988,98.273,0.226,18.019,0.000,0.000,0.140,0.000,0.000,0.000
1216,410.564,259.548,267.087,105.093,150.820,97.893,0.225,18.006,0.000,0.000,0.140,0.000,0.000,0.000
1217,410.911,237.844,266.505,104.822,150.629,97.515,0.224,17.994,0.000,0.000,0.139,0.000,0.000,0.000
1218,411.258,205.916,265.904,104.552,150.417,97.141,0.223,17.982,0.000,0.000,0.139,0.000,0.000,0.000
1219,411.605,222.620,265.287,104.281,150.183,96.770,0.222,17.971,0.000,0.000,0.138,0.000,0.000,0.000
1220,411.952,240.066,264.653,104.011,149.928,96.403,0.221,17.960,0.000,0.000,0.138,0.000,0.000,0.000
1221,412.299,244.064,263.999,103.740,149.651,96.038,0.220,17.949,0.000,0.000,0.138,0.000,0.000,0.000
1222,412.646,259.251,263.324,103.469,149.351,95.675,0.219,17.939,0.000,0.000,0.137,0.000,0.000,0.000
1223,412.993,214.249,262.630,103.199,149.028,95.314,0.218,17.929,0.000,0.000,0.137,0.000,0.000,0.000
1224,413.340,240.325,261.917,102.928,148.684,94.956,0.218,17.919,0.000,0.000,0.136,0.000,0.000,0.000
1225,413.687,231.510,261.185,102.657,148.319,94.600,0.217,17.910,0.000,0.000,0.136,0.000,0.000,0.000
1226,414.034,243.659,260.436,102.387,147.933,94.247,0.216,17.900,0.000,0.000,0.136,0.000,0.000,0.000
1227,414.381,220.805,259.670,102.116,147.528,93.897,0.216,17.891,0.000,0.000,0.135,0.000,0.000,0.000
1228,414.728,207.400,258.888,101.845,147.103,93.549,0.215,17.883,0.000,0.000,0.135,0.000,0.000,0.000
1229,415.075,232.473,258.092,101.575,146.660,93.205,0.215,17.875,0.000,0.000,0.135,0.000,0.000,0.000
1230,415.422,212.251,257.281,101.304,146.200,92.863,0.214,17.867,0.000,0.000,0.134,0.000,0.000,0.000
1231,415.769,174.362,256.458,101.033,145.723,92.525,0.214,17.859,0.000,0.000,0.134,0.000,0.000,0.000
1232,416.116,218.472,255.624,100.763,145.232,92.190,0.213,17.853,0.000,0.000,0.133,0.000,0.000,0.000
1233,416.463,228.732,254.780,100.492,144.725,91.859,0.212,17.847,0.000,0.000,0.133,0.000,0.000,0.000
1234,416.810,239.620,253.927,100.222,144.206,91.532,0.212,17.841,0.000,0.000,0.133,0.000,0.000,0.000
1235,417.157,229.436,253.066,99.951,143.675,91.208,0.211,17.836,0.000,0.000,0.132,0.000,0.000,0.000
1236,417.504,217.396,252.200,99.680,143.133,90.890,0.211,17.832,0.000,0.000,0.132,0.000,0.000,0.000
1237,417.851,226.400,251.330,99.410,142.582,90.575,0.210,17.829,0.000,0.000,0.132,0.000,0.000,0.000
1238,418.198,222.434,250.451,99.139,142.019,90.262,0.209,17.826,0.000,0.000,0.131,0.000,0.000,0.000
1239,418.545,219.138,249.564,98.868,141.445,89.953,0.208,17.824,0.000,0.000,0.131,0.000,0.000,0.000
1240,418.892,223.399,248.671,98.598,140.862,89.646,0.207,17.822,0.000,0.000,0.131,0.000,0.000,0.000
1241,419.238,221.028,247.773,98.327,140.270,89.343,0.206,17.821,0.000,0.000,0.130,0.000,0.000,0.000
1242,419.585,223.435,246.871,98.056,139.671,89.042,0.205,17.820,0.000,0.000,0.130,0.000,0.000,0.000
1243,419.932,217.916,245.966,97.786,139.065,88.744,0.204,17.820,0.000,0.000,0.129,0.000,0.000,0.000
1244,420.279,226.212,245.060,97.515,138.455,88.449,0.203,17.821,0.000,0.000,0.129,0.000,0.000,0.000
1245,420.626,241.989,244.153,97.244,137.840,88.158,0.202,17.822,0.000,0.000,0.129,0.000,0.000,0.000
1246,420.973,236.174,243.247,96.974,137.223,87.869,0.201,17.824,0.000,0.000,0.128,0.000,0.000,0.000
1247,421.320,184.547,242.344,96.703,136.603,87.584,0.199,17.826,0.000,0.000,0.128,0.000,0.000,0.000
1248,421.667,229.029,241.443,96.433,135.983,87.302,0.198,17.830,0.000,0.000,0.128,0.000,0.000,0.000
1249,422.014,243.174,240.548,96.162,135.364,87.023,0.197,17.834,0.000,0.000,0.127,0.000,0.000,0.000
1250,422.361,224.101,239.658,95.891,134.747,86.748,0.195,17.839,0.000,0.000,0.127,0.000,0.000,0.000
1251,422.708,222.138,238.777,95.621,134.132,86.476,0.193,17.845,0.000,0.000,0.127,0.000,0.000,0.000
1252,423.055,212.656,237.903,95.350,133.522,86.208,0.192,17.853,0.000,0.000,0.126,0.000,0.000,0.000
1253,423.402,226.730,237.041,95.079,132.917,85.944,0.190,17.861,0.000,0.000,0.126,0.000,0.000,0.000
1254,423.749,242.175,236.190,94.809,132.318,85.684,0.188,17.871,0.000,0.000,0.126,0.000,0.000,0.000
1255,424.096,212.842,235.353,94.538,131.728,85.428,0.186,17.882,0.000,0.000,0.125,0.000,0.000,0.000
1256,424.443,229.767,234.529,94.267,131.146,85.177,0.184,17.895,0.000,0.000,0.125,0.000,0.000,0.000
1257,424.789,189.064,233.719,93.997,130.573,84.928,0.182,17.909,0.000,0.000,0.125,0.000,0.000,0.000
1258,425.136,215.323,232.920,93.726,130.007,84.683,0.180,17.924,0.000,0.000,0.124,0.000,0.000,0.000
1259,425.483,174.620,232.132,93.456,129.449,84.439,0.177,17.940,0.000,0.000,0.124,0.000,0.000,0.000
1260,425.830,220.248,231.356,93.185,128.900,84.197,0.175,17.957,0.000,0.000,0.124,0.000,0.000,0.000
1261,426.177,194.361,230.592,92.914,128.360,83.958,0.173,17.975,0.000,0.000,0.124,0.000,0.000,0.000
1262,426.524,232.730,229.842,92.644,127.830,83.721,0.170,17.994,0.000,0.000,0.123,0.000,0.000,0.000
1263,426.871,225.175,229.105,92.373,127.312,83.485,0.168,18.014,0.000,0.000,0.123,0.000,0.000,0.000
1264,427.218,203.620,228.384,92.102,126.805,83.252,0.165,18.036,0.000,0.000,0.123,0.000,0.000,0.000
1265,427.565,201.507,227.678,91.832,126.310,83.021,0.163,18.059,0.000,0.000,0.122,0.000,0.000,0.000
1266,427.912,241.876,226.988,91.561,125.829,82.791,0.160,18.083,0.000,0.000,0.122,0.000,0.000,0.000
1267,428.258,208.212,226.315,91.290,125.361,82.564,0.157,18.109,0.000,0.000,0.122,0.000,0.000,0.000
1268,428.605,210.917,225.660,91.020,124.907,82.338,0.154,18.136,0.000,0.000,0.121,0.000,0.000,0.000
1269,428.952,210.916,225.024,90.749,124.469,82.115,0.152,18.165,0.000,0.000,0.121,0.000,0.000,0.000
1270,429.299,198.139,224.407,90.478,124.046,81.893,0.149,18.195,0.000,0.000,0.121,0.000,0.000,0.000
1271,429.646,203.990,223.811,90.208,123.640,81.674,0.146,18.228,0.000,0.000,0.121,0.000,0.000,0.000
1272,429.993,219.952,223.235,89.937,123.250,81.457,0.143,18.261,0.000,0.000,0.120,0.000,0.000,0.000
1273,430.340,201.138,222.681,89.667,122.878,81.242,0.140,18.297,0.000,0.000,0.120,0.000,0.000,0.000
1274,430.686,202.286,222.150,89.396,122.525,81.030,0.137,18.335,0.000,0.000,0.120,0.000,0.000,0.000
1275,431.033,204.729,221.642,89.125,122.191,80.820,0.134,18.375,0.000,0.000,0.119,0.000,0.000,0.000
1276,431.380,194.100,221.159,88.855,121.875,80.613,0.131,18.417,0.000,0.000,0.119,0.000,0.000,0.000
1277,431.727,223.878,220.701,88.584,121.581,80.409,0.128,18.462,0.000,0.000,0.119,0.000,0.000,0.000
1278,432.074,199.360,220.270,88.313,121.307,80.208,0.125,18.509,0.000,0.000,0.119,0.000,0.000,0.000
1279,432.421,203.582,219.866,88.043,121.055,80.010,0.122,18.559,0.000,0.000,0.118,0.000,0.000,0.000
1280,432.768,211.581,219.491,87.772,120.824,79.816,0.119,18.611,0.000,0.000,0.118,0.000,0.000,0.000
1281,433.114,215.580,219.144,87.501,120.616,79.624,0.116,18.668,0.000,0.000,0.118,0.000,0.000,0.000
1282,433.461,234.212,218.821,87.231,120.427,79.434,0.113,18.727,0.000,0.000,0.117,0.000,0.000,0.000
1283,433.808,221.878,218.520,86.960,120.256,79.244,0.110,18.790,0.000,0.000,0.117,0.000,0.000,0.000
1284,434.155,191.582,218.240,86.689,120.103,79.055,0.107,18.855,0.000,0.000,0.117,0.000,0.000,0.000
1285,434.502,198.952,217.981,86.419,119.968,78.866,0.104,18.924,0.000,0.000,0.117,0.000,0.000,0.000
1286,434.849,220.620,217.744,86.148,119.851,78.678,0.101,18.995,0.000,0.000,0.116,0.000,0.000,0.000
1287,435.195,199.878,217.529,85.878,119.754,78.490,0.098,19.068,0.000,0.000,0.116,0.000,0.000,0.000
1288,435.542,232.360,217.335,85.607,119.676,78.303,0.095,19.142,0.000,0.000,0.116,0.000,0.000,0.000
1289,435.889,241.322,217.164,85.336,119.619,78.117,0.092,19.217,0.000,0.000,0.116,0.000,0.000,0.000
1290,436.236,223.174,217.022,85.066,119.582,77.940,0.089,19.292,0.000,0.000,0.115,0.000,0.000,0.000
1291,436.583,233.805,216.904,84.795,119.568,77.764,0.086,19.368,0.000,0.000,0.115,0.000,0.000,0.000
1292,436.929,206.025,216.802,84.524,119.573,77.582,0.083,19.445,0.000,0.000,0.115,0.000,0.000,0.000
1293,437.276,195.212,216.722,84.254,119.601,77.402,0.081,19.522,0.000,0.000,0.115,0.000,0.000,0.000
1294,437.623,224.359,216.666,83.983,119.650,77.222,0.078,19.599,0.000,0.000,0.114,0.000,0.000,0.000
1295,437.970,198.100,216.635,83.712,119.721,77.044,0.075,19.677,0.000,0.000,0.114,0.000,0.000,0.000
1296,438.317,255.210,216.629,83.442,119.816,76.869,0.073,19.755,0.000,0.000,0.114,0.000,0.000,0.000
1297,438.663,241.617,216.647,83.171,119.933,76.694,0.070,19.833,0.000,0.000,0.114,0.000,0.000,0.000
1298,439.010,176.210,216.692,82.900,120.074,76.522,0.067,19.912,0.000,0.000,0.113,0.000,0.000,0.000
1299,439.357,212.359,216.763,82.630,120.239,76.352,0.065,19.990,0.000,0.000,0.113,0.000,0.000,0.000
1300,439.704,224.507,216.860,82.359,120.429,76.184,0.063,20.068,0.000,0.000,0.113,0.000,0.000,0.000
1301,440.051,200.840,216.985,82.089,120.644,76.019,0.060,20.146,0.000,0.000,0.113,0.000,0.000,0.000
1302,440.397,180.916,217.135,81.818,120.883,75.856,0.058,20.224,0.000,0.000,0.113,0.000,0.000,0.000
1303,440.744,250.210,217.309,81.547,121.144,75.693,0.055,20.301,0.000,0.000,0.112,0.000,0.000,0.000
1304,441.091,200.173,217.503,81.277,121.428,75.531,0.053,20.376,0.000,0.000,0.112,0.000,0.000,0.000
1305,441.438,223.952,217.720,81.006,121.735,75.369,0.051,20.451,0.000,0.000,0.112,0.000,0.000,0.000
1306,441.784,212.136,217.959,80.735,122.064,75.208,0.049,20.524,0.000,0.000,0.112,0.000,0.000,0.000
1307,442.131,211.136,218.220,80.465,122.417,75.047,0.047,20.595,0.000,0.000,0.111,0.000,0.000,0.000
1308,442.478,235.247,218.504,80.194,122.793,74.887,0.045,20.664,0.000,0.000,0.111,0.000,0.000,0.000
1309,442.825,207.656,218.810,79.923,123.194,74.728,0.043,20.732,0.000,0.000,0.111,0.000,0.000,0.000
1310,443.171,203.322,219.140,79.653,123.619,74.569,0.041,20.798,0.000,0.000,0.111,0.000,0.000,0.000
1311,443.518,234.285,219.494,79.382,124.069,74.411,0.039,20.861,0.000,0.000,0.111,0.000,0.000,0.000
1312,443.865,228.395,219.872,79.111,124.545,74.254,0.037,20.923,0.000,0.000,0.110,0.000,0.000,0.000
1313,444.211,236.618,220.276,78.841,125.047,74.098,0.036,20.982,0.000,0.000,0.110,0.000,0.000,0.000
1314,444.558,223.137,220.705,78.570,125.577,73.944,0.034,21.038,0.000,0.000,0.110,0.000,0.000,0.000
1315,444.905,223.543,221.162,78.300,126.135,73.790,0.032,21.092,0.000,0.000,0.110,0.000,0.000,0.000
1316,445.252,243.173,221.646,78.029,126.721,73.638,0.031,21.143,0.000,0.000,0.109,0.000,0.000,0.000
1317,445.598,228.581,222.158,77.758,127.337,73.488,0.029,21.191,0.000,0.000,0.109,0.000,0.000,0.000
1318,445.945,266.025,222.698,77.488,127.982,73.339,0.028,21.237,0.000,0.000,0.109,0.000,0.000,0.000
1319,446.292,230.062,223.268,77.217,128.658,73.192,0.027,21.279,0.000,0.000,0.109,0.000,0.000,0.000
1320,446.638,227.506,223.868,76.946,129.366,73.047,0.025,21.319,0.000,0.000,0.109,0.000,0.000,0.000
1321,446.985,202.434,224.499,76.676,130.105,72.904,0.024,21.355,0.000,0.000,0.108,0.000,0.000,0.000
1322,447.332,199.469,225.159,76.405,130.872,72.764,0.023,21.389,0.000,0.000,0.108,0.000,0.000,0.000
1323,447.679,230.840,225.833,76.134,131.655,72.627,0.021,21.419,0.000,0.000,0.108,0.000,0.000,0.000
1324,448.025,211.432,226.512,75.864,132.444,72.491,0.020,21.446,0.000,0.000,0.108,0.000,0.000,0.000
1325,448.372,238.841,227.195,75.593,133.239,72.357,0.019,21.469,0.000,0.000,0.108,0.000,0.000,0.000
1326,448.719,234.952,227.881,75.322,134.040,72.224,0.018,21.488,0.000,0.000,0.107,0.000,0.000,0.000
1327,449.065,224.765,228.568,75.052,134.845,72.092,0.017,21.503,0.000,0.000,0.107,0.000,0.000,0.000
1328,449.412,230.876,229.255,74.781,135.654,71.961,0.016,21.514,0.000,0.000,0.107,0.000,0.000,0.000
1329,449.759,221.100,229.941,74.511,136.465,71.831,0.015,21.521,0.000,0.000,0.107,0.000,0.000,0.000
1330,450.105,227.878,230.626,74.240,137.277,71.702,0.014,21.523,0.000,0.000,0.107,0.000,0.000,0.000
1331,450.452,214.321,231.307,73.969,138.088,71.575,0.014,21.521,0.000,0.000,0.107,0.000,0.000,0.000
1332,450.799,230.729,231.983,73.699,138.898,71.449,0.013,21.515,0.000,0.000,0.106,0.000,0.000,0.000
1333,451.145,213.061,232.655,73.428,139.705,71.324,0.012,21.505,0.000,0.000,0.106,0.000,0.000,0.000
1334,451.492,247.023,233.320,73.157,140.508,71.202,0.011,21.490,0.000,0.000,0.106,0.000,0.000,0.000
1335,451.839,202.840,233.977,72.887,141.305,71.081,0.011,21.472,0.000,0.000,0.106,0.000,0.000,0.000
1336,452.185,244.543,234.625,72.616,142.096,70.962,0.010,21.449,0.000,0.000,0.106,0.000,0.000,0.000
1337,452.532,220.581,235.262,72.345,142.879,70.845,0.009,21.421,0.000,0.000,0.105,0.000,0.000,0.000
1338,452.878,201.025,235.889,72.075,143.653,70.730,0.009,21.390,0.000,0.000,0.105,0.000,0.000,0.000
1339,453.225,250.729,236.503,71.804,144.416,70.617,0.008,21.354,0.000,0.000,0.105,0.000,0.000,0.000
1340,453.572,224.765,237.104,71.533,145.167,70.507,0.008,21.314,0.000,0.000,0.105,0.000,0.000,0.000
1341,453.918,244.506,237.690,71.263,145.905,70.399,0.007,21.271,0.000,0.000,0.105,0.000,0.000,0.000
1342,454.265,253.357,238.261,70.992,146.630,70.294,0.007,21.223,0.000,0.000,0.105,0.000,0.000,0.000
1343,454.612,205.320,238.816,70.722,147.338,70.192,0.006,21.172,0.000,0.000,0.104,0.000,0.000,0.000
1344,454.958,204.173,239.353,70.451,148.031,70.094,0.006,21.116,0.000,0.000,0.104,0.000,0.000,0.000
1345,455.305,244.098,239.873,70.180,148.705,69.998,0.006,21.057,0.000,0.000,0.104,0.000,0.000,0.000
1346,455.651,231.987,240.374,69.910,149.361,69.906,0.005,20.995,0.000,0.000,0.104,0.000,0.000,0.000
1347,455.998,249.801,240.855,69.639,149.997,69.818,0.005,20.929,0.000,0.000,0.104,0.000,0.000,0.000
1348,456.345,247.763,241.311,69.368,150.608,69.732,0.005,20.859,0.000,0.000,0.104,0.000,0.000,0.000
1349,456.691,261.914,241.739,69.098,151.194,69.648,0.004,20.786,0.000,0.000,0.103,0.000,0.000,0.000
1350,457.038,256.616,242.139,68.827,151.754,69.567,0.004,20.709,0.000,0.000,0.103,0.000,0.000,0.000
1351,457.384,240.803,242.512,68.556,152.286,69.489,0.004,20.628,0.000,0.000,0.103,0.000,0.000,0.000
1352,457.731,223.506,242.854,68.286,152.788,69.413,0.003,20.544,0.000,0.000,0.103,0.000,0.000,0.000
1353,458.077,262.468,243.165,68.015,153.260,69.340,0.003,20.457,0.000,0.000,0.103,0.000,0.000,0.000
1354,458.424,251.764,243.445,67.744,153.702,69.269,0.003,20.366,0.000,0.000,0.103,0.000,0.000,0.000
1355,458.771,217.876,243.693,67.474,154.111,69.202,0.003,20.273,0.000,0.000,0.102,0.000,0.000,0.000
1356,459.117,275.949,243.908,67.203,154.487,69.138,0.003,20.176,0.000,0.000,0.102,0.000,0.000,0.000
1357,459.464,216.840,244.090,66.933,154.829,69.077,0.002,20.077,0.000,0.000,0.102,0.000,0.000,0.000
1358,459.810,264.394,244.238,66.662,155.136,69.019,0.002,19.976,0.000,0.000,0.102,0.000,0.000,0.000
1359,460.157,261.838,244.351,66.391,155.408,68.965,0.002,19.872,0.000,0.000,0.102,0.000,0.000,0.000
1360,460.503,251.987,244.430,66.121,155.644,68.915,0.002,19.765,0.000,0.000,0.102,0.000,0.000,0.000
1361,460.850,258.506,244.474,65.850,155.843,68.868,0.002,19.657,0.000,0.000,0.102,0.000,0.000,0.000
1362,461.196,273.729,244.483,65.579,156.005,68.826,0.002,19.547,0.000,0.000,0.101,0.000,0.000,0.000
1363,461.543,276.394,244.457,65.309,156.129,68.788,0.002,19.435,0.000,0.000,0.101,0.000,0.000,0.000
1364,461.889,256.395,244.396,65.038,156.215,68.754,0.002,19.321,0.000,0.000,0.101,0.000,0.000,0.000
1365,462.236,243.874,244.300,64.767,156.263,68.726,0.001,19.206,0.000,0.000,0.101,0.000,0.000,0.000
1366,462.582,228.543,244.170,64.497,156.273,68.702,0.001,19.090,0.000,0.000,0.101,0.000,0.000,0.000
1367,462.929,249.468,244.006,64.226,156.245,68.683,0.001,18.973,0.000,0.000,0.101,0.000,0.000,0.000
1368,463.275,247.098,243.808,63.955,156.178,68.670,0.001,18.855,0.000,0.000,0.101,0.000,0.000,0.000
1369,463.622,241.394,243.577,63.685,156.073,68.663,0.001,18.737,0.000,0.000,0.101,0.000,0.000,0.000
1370,463.968,216.542,243.311,63.414,155.928,68.661,0.001,18.618,0.000,0.000,0.100,0.000,0.000,0.000
1371,464.315,255.135,243.007,63.144,155.741,68.663,0.001,18.498,0.000,0.000,0.100,0.000,0.000,0.000
1372,464.661,243.506,242.665,62.873,155.514,68.670,0.001,18.378,0.000,0.000,0.100,0.000,0.000,0.000
1373,465.008,256.319,242.287,62.602,155.245,68.681,0.001,18.257,0.000,0.000,0.100,0.000,0.000,0.000
1374,465.354,272.246,241.872,62.332,154.936,68.697,0.001,18.136,0.000,0.000,0.100,0.000,0.000,0.000
1375,465.701,262.060,241.421,62.061,154.586,68.718,0.001,18.014,0.000,0.000,0.100,0.000,0.000,0.000
1376,466.047,240.802,240.935,61.790,154.196,68.743,0.001,17.893,0.000,0.000,0.100,0.000,0.000,0.000
1377,466.394,255.394,240.415,61.520,153.766,68.774,0.001,17.771,0.000,0.000,0.100,0.000,0.000,0.000
1378,466.740,275.802,239.861,61.249,153.297,68.811,0.001,17.650,0.000,0.000,0.100,0.000,0.000,0.000
1379,467.087,243.171,239.274,60.978,152.790,68.852,0.001,17.529,0.000,0.000,0.100,0.000,0.000,0.000
1380,467.433,206.321,238.656,60.708,152.244,68.900,0.001,17.409,0.000,0.000,0.100,0.000,0.000,0.000
1381,467.780,260.505,238.007,60.437,151.662,68.953,0.000,17.289,0.000,0.000,0.099,0.000,0.000,0.000
1382,468.126,242.802,237.329,60.166,151.044,69.013,0.000,17.170,0.000,0.000,0.099,0.000,0.000,0.000
1383,468.472,260.431,236.623,59.896,150.390,69.079,0.000,17.052,0.000,0.000,0.099,0.000,0.000,0.000
1384,468.819,242.394,235.891,59.625,149.703,69.152,0.000,16.935,0.000,0.000,0.099,0.000,0.000,0.000
1385,469.165,279.506,235.134,59.355,148.982,69.232,0.000,16.819,0.000,0.000,0.099,0.000,0.000,0.000
1386,469.512,287.911,234.354,59.084,148.229,69.318,0.000,16.704,0.000,0.000,0.099,0.000,0.000,0.000
1387,469.858,236.245,233.552,58.813,147.447,69.413,0.000,16.590,0.000,0.000,0.099,0.000,0.000,0.000
1388,470.205,251.949,232.730,58.543,146.634,69.515,0.000,16.479,0.000,0.000,0.099,0.000,0.000,0.000
1389,470.551,231.913,231.890,58.272,145.794,69.626,0.000,16.368,0.000,0.000,0.099,0.000,0.000,0.000
1390,470.897,240.282,231.033,58.001,144.928,69.744,0.000,16.260,0.000,0.000,0.099,0.000,0.000,0.000
1391,471.244,225.468,230.489,58.057,144.183,70.029,0.000,16.174,0.000,0.000,0.099,0.000,0.000,0.000
1392,471.590,275.135,229.931,58.113,143.415,70.323,0.000,16.091,0.000,0.000,0.099,0.000,0.000,0.000
1393,471.937,245.506,229.357,58.168,142.621,70.625,0.000,16.009,0.000,0.000,0.100,0.000,0.000,0.000
1394,472.283,213.060,228.769,58.224,141.804,70.935,0.000,15.928,0.000,0.000,0.100,0.000,0.000,0.000
1395,472.629,258.950,228.169,58.280,140.963,71.253,0.000,15.849,0.000,0.000,0.100,0.000,0.000,0.000
1396,472.976,207.727,227.556,58.336,140.102,71.580,0.000,15.772,0.000,0.000,0.100,0.000,0.000,0.000
1397,473.322,244.135,226.934,58.391,139.220,71.915,0.000,15.696,0.000,0.000,0.101,0.000,0.000,0.000
1398,473.668,243.691,226.305,58.447,138.320,72.259,0.000,15.622,0.000,0.000,0.101,0.000,0.000,0.000
1399,474.015,244.431,225.669,58.503,137.403,72.613,0.000,15.550,0.000,0.000,0.101,0.000,0.000,0.000
1400,474.361,277.096,225.029,58.558,136.470,72.975,0.000,15.480,0.000,0.000,0.101,0.000,0.000,0.000
1401,474.707,231.541,224.386,58.614,135.523,73.348,0.000,15.411,0.000,0.000,0.102,0.000,0.000,0.000
1402,475.054,243.913,223.743,58.670,134.563,73.731,0.000,15.344,0.000,0.000,0.102,0.000,0.000,0.000
1403,475.400,224.801,223.101,58.726,133.593,74.124,0.000,15.279,0.000,0.000,0.102,0.000,0.000,0.000
1404,475.747,220.541,222.462,58.781,132.612,74.528,0.000,15.216,0.000,0.000,0.102,0.000,0.000,0.000
1405,476.093,249.023,221.828,58.837,131.624,74.944,0.000,15.155,0.000,0.000,0.103,0.000,0.000,0.000
1406,476.439,280.133,221.201,58.893,130.629,75.370,0.000,15.096,0.000,0.000,0.103,0.000,0.000,0.000
1407,476.785,272.207,220.583,58.948,129.630,75.809,0.000,15.038,0.000,0.000,0.103,0.000,0.000,0.000
1408,477.132,273.208,219.976,59.004,128.627,76.260,0.000,14.983,0.000,0.000,0.104,0.000,0.000,0.000
1409,477.478,219.688,219.383,59.060,127.622,76.724,0.000,14.930,0.000,0.000,0.104,0.000,0.000,0.000
1410,477.824,229.135,218.804,59.116,126.617,77.201,0.000,14.879,0.000,0.000,0.104,0.000,0.000,0.000
1411,478.171,219.985,218.243,59.171,125.614,77.692,0.000,14.829,0.000,0.000,0.105,0.000,0.000,0.000
1412,478.517,277.394,217.700,59.227,124.613,78.198,0.000,14.782,0.000,0.000,0.105,0.000,0.000,0.000
1413,478.863,231.986,217.178,59.283,123.615,78.717,0.000,14.737,0.000,0.000,0.106,0.000,0.000,0.000
1414,479.210,261.505,216.679,59.338,122.624,79.252,0.000,14.694,0.000,0.000,0.106,0.000,0.000,0.000
1415,479.556,193.764,216.202,59.394,121.638,79.802,0.000,14.653,0.000,0.000,0.106,0.000,0.000,0.000
1416,479.902,236.356,215.748,59.450,120.657,80.367,0.000,14.614,0.000,0.000,0.107,0.000,0.000,0.000
1417,480.248,233.283,215.316,59.506,119.683,80.947,0.000,14.576,0.000,0.000,0.107,0.000,0.000,0.000
1418,480.595,203.319,214.908,59.561,118.716,81.542,0.000,14.540,0.000,0.000,0.108,0.000,0.000,0.000
1419,480.941,211.245,214.526,59.617,117.758,82.152,0.000,14.505,0.000,0.000,0.108,0.000,0.000,0.000
1420,481.287,213.576,214.170,59.673,116.809,82.779,0.000,14.472,0.000,0.000,0.108,0.000,0.000,0.000
1421,481.633,246.726,213.843,59.728,115.870,83.422,0.000,14.440,0.000,0.000,0.109,0.000,0.000,0.000
1422,481.980,258.208,213.547,59.784,114.943,84.083,0.000,14.409,0.000,0.000,0.109,0.000,0.000,0.000
1423,482.326,222.245,213.282,59.840,114.028,84.761,0.000,14.380,0.000,0.000,0.110,0.000,0.000,0.000
1424,482.672,246.911,213.049,59.896,113.127,85.457,0.000,14.352,0.000,0.000,0.110,0.000,0.000,0.000
1425,483.018,214.096,212.850,59.951,112.239,86.172,0.000,14.326,0.000,0.000,0.111,0.000,0.000,0.000
1426,483.365,234.985,212.687,60.007,111.366,86.906,0.000,14.301,0.000,0.000,0.111,0.000,0.000,0.000
1427,483.711,243.912,212.561,60.063,110.509,87.660,0.000,14.277,0.000,0.000,0.112,0.000,0.000,0.000
1428,484.057,248.060,212.473,60.118,109.668,88.435,0.000,14.254,0.000,0.000,0.113,0.000,0.000,0.000
1429,484.403,230.615,212.425,60.174,108.845,89.231,0.000,14.233,0.000,0.000,0.113,0.000,0.000,0.000
1430,484.749,242.244,212.418,60.230,108.039,90.049,0.000,14.213,0.000,0.000,0.114,0.000,0.000,0.000
1431,485.096,203.540,212.453,60.285,107.252,90.889,0.000,14.195,0.000,0.000,0.114,0.000,0.000,0.000
1432,485.442,209.874,212.532,60.341,106.485,91.753,0.000,14.177,0.000,0.000,0.115,0.000,0.000,0.000
1433,485.788,200.799,212.656,60.397,105.737,92.640,0.000,14.161,0.000,0.000,0.116,0.000,0.000,0.000
1434,486.134,242.392,212.827,60.453,105.010,93.553,0.000,14.146,0.000,0.000,0.116,0.000,0.000,0.000
1435,486.480,225.504,213.046,60.508,104.304,94.491,0.000,14.132,0.000,0.000,0.117,0.000,0.000,0.000
1436,486.827,229.578,213.315,60.564,103.619,95.456,0.000,14.120,0.000,0.000,0.118,0.000,0.000,0.000
1437,487.173,212.504,213.634,60.620,102.957,96.447,0.000,14.108,0.000,0.000,0.118,0.000,0.000,0.000
1438,487.519,232.355,214.005,60.675,102.318,97.467,0.000,14.098,0.000,0.000,0.119,0.000,0.000,0.000
1439,487.865,204.800,214.429,60.731,101.703,98.515,0.000,14.089,0.000,0.000,0.120,0.000,0.000,0.000
1440,488.211,244.505,214.903,60.787,101.109,99.590,0.000,14.081,0.000,0.000,0.121,0.000,0.000,0.000
1441,488.557,238.912,215.426,60.843,100.536,100.694,0.000,14.073,0.000,0.000,0.121,0.000,0.000,0.000
1442,488.904,219.467,215.999,60.898,99.981,101.827,0.000,14.066,0.000,0.000,0.122,0.000,0.000,0.000
1443,489.250,204.467,216.622,60.954,99.446,102.991,0.000,14.059,0.000,0.000,0.123,0.000,0.000,0.000
1444,489.596,228.615,217.296,61.010,98.929,104.187,0.000,14.054,0.000,0.000,0.124,0.000,0.000,0.000
1445,489.942,217.171,218.022,61.065,98.432,105.415,0.000,14.048,0.000,0.000,0.125,0.000,0.000,0.000
1446,490.288,229.319,218.801,61.121,97.953,106.676,0.000,14.044,0.000,0.000,0.126,0.000,0.000,0.000
1447,490.634,236.318,219.635,61.177,97.494,107.972,0.000,14.039,0.000,0.000,0.127,0.000,0.000,0.000
1448,490.980,263.431,220.522,61.233,97.053,109.303,0.000,14.036,0.000,0.000,0.128,0.000,0.000,0.000
1449,491.326,242.171,221.465,61.288,96.630,110.671,0.000,14.032,0.000,0.000,0.129,0.000,0.000,0.000
1450,491.672,244.985,222.464,61.344,96.226,112.076,0.000,14.030,0.000,0.000,0.130,0.000,0.000,0.000
1451,492.019,232.504,223.521,61.400,95.840,113.521,0.000,14.027,0.000,0.000,0.131,0.000,0.000,0.000
1452,492.365,236.688,224.636,61.455,95.472,115.005,0.000,14.026,0.000,0.000,0.132,0.000,0.000,0.000
1453,492.711,253.948,225.810,61.511,95.122,116.529,0.000,14.024,0.000,0.000,0.133,0.000,0.000,0.000
1454,493.057,253.169,227.039,61.567,94.796,118.083,0.000,14.024,0.000,0.000,0.134,0.000,0.000,0.000
1455,493.403,247.911,228.300,61.623,94.487,119.650,0.000,14.025,0.000,0.000,0.135,0.000,0.000,0.000
1456,493.749,261.133,229.585,61.678,94.195,121.225,0.000,14.026,0.000,0.000,0.136,0.000,0.000,0.000
1457,494.095,251.984,230.894,61.734,93.919,122.807,0.000,14.028,0.000,0.000,0.138,0.000,0.000,0.000
1458,494.441,216.873,232.223,61.790,93.659,124.393,0.000,14.029,0.000,0.000,0.139,0.000,0.000,0.000
1459,494.787,220.689,233.572,61.845,93.414,125.984,0.000,14.032,0.000,0.000,0.140,0.000,0.000,0.000
1460,495.133,264.874,234.939,61.901,93.184,127.576,0.000,14.034,0.000,0.000,0.142,0.000,0.000,0.000
1461,495.479,239.652,236.320,61.957,92.967,129.171,0.000,14.037,0.000,0.000,0.143,0.000,0.000,0.000
1462,495.825,276.614,237.715,62.013,92.763,130.766,0.000,14.039,0.000,0.000,0.144,0.000,0.000,0.000
1463,496.171,247.800,239.121,62.068,92.572,132.359,0.000,14.042,0.000,0.000,0.146,0.000,0.000,0.000
1464,496.517,252.578,240.536,62.124,92.392,133.950,0.000,14.044,0.000,0.000,0.147,0.000,0.000,0.000
1465,496.863,224.541,241.957,62.180,92.223,135.536,0.000,14.047,0.000,0.000,0.149,0.000,0.000,0.000
1466,497.209,262.133,243.383,62.235,92.066,137.115,0.000,14.049,0.000,0.000,0.151,0.000,0.000,0.000
1467,497.555,225.170,244.812,62.291,91.918,138.687,0.000,14.052,0.000,0.000,0.152,0.000,0.000,0.000
1468,497.901,240.429,246.241,62.347,91.781,140.249,0.000,14.055,0.000,0.000,0.154,0.000,0.000,0.000
1469,498.247,256.095,247.668,62.403,91.654,141.799,0.000,14.057,0.000,0.000,0.156,0.000,0.000,0.000
1470,498.593,253.911,249.091,62.458,91.536,143.336,0.000,14.060,0.000,0.000,0.157,0.000,0.000,0.000
1471,498.939,288.762,250.508,62.514,91.427,144.858,0.000,14.062,0.000,0.000,0.159,0.000,0.000,0.000
1472,499.285,248.356,251.917,62.570,91.326,146.363,0.000,14.065,0.000,0.000,0.161,0.000,0.000,0.000
1473,499.631,257.799,253.315,62.625,91.233,147.849,0.000,14.068,0.000,0.000,0.163,0.000,0.000,0.000
1474,499.977,243.059,254.700,62.681,91.148,149.315,0.000,14.070,0.000,0.000,0.165,0.000,0.000,0.000
1475,500.323,259.984,256.071,62.737,91.071,150.758,0.000,14.073,0.000,0.000,0.167,0.000,0.000,0.000
1476,500.669,265.651,257.426,62.793,91.000,152.178,0.000,14.076,0.000,0.000,0.169,0.000,0.000,0.000
1477,501.015,288.392,258.761,62.848,90.937,153.571,0.000,14.079,0.000,0.000,0.171,0.000,0.000,0.000
1478,501.361,238.059,260.077,62.904,90.881,154.938,0.000,14.082,0.000,0.000,0.173,0.000,0.000,0.000
1479,501.707,242.541,261.371,62.960,90.833,156.275,0.000,14.086,0.000,0.000,0.175,0.000,0.000,0.000
1480,502.053,241.058,262.643,63.015,90.792,157.581,0.000,14.089,0.000,0.000,0.178,0.000,0.000,0.000
1481,502.399,262.465,263.889,63.071,90.759,158.855,0.000,14.093,0.000,0.000,0.180,0.000,0.000,0.000
1482,502.745,286.614,265.106,63.127,90.731,160.094,0.000,14.097,0.000,0.000,0.182,0.000,0.000,0.000
1483,503.091,236.800,266.290,63.182,90.707,161.295,0.000,14.101,0.000,0.000,0.185,0.000,0.000,0.000
1484,503.436,259.873,267.437,63.238,90.686,162.457,0.000,14.104,0.000,0.000,0.187,0.000,0.000,0.000
1485,503.782,262.318,268.546,63.294,90.668,163.578,0.000,14.108,0.000,0.000,0.190,0.000,0.000,0.000
1486,504.128,266.355,269.615,63.350,90.651,164.658,0.000,14.111,0.000,0.000,0.192,0.000,0.000,0.000
1487,504.474,252.428,270.642,63.405,90.637,165.694,0.000,14.114,0.000,0.000,0.195,0.000,0.000,0.000
1488,504.820,281.874,271.625,63.461,90.623,166.685,0.000,14.116,0.000,0.000,0.198,0.000,0.000,0.000
1489,505.166,299.392,272.562,63.517,90.611,167.629,0.000,14.119,0.000,0.000,0.201,0.000,0.000,0.000
1490,505.512,239.207,273.452,63.572,90.599,168.526,0.000,14.121,0.000,0.000,0.204,0.000,0.000,0.000
1491,505.858,268.540,274.294,63.628,90.588,169.374,0.000,14.123,0.000,0.000,0.207,0.000,0.000,0.000
1492,506.203,255.095,275.086,63.684,90.577,170.172,0.000,14.124,0.000,0.000,0.210,0.000,0.000,0.000
1493,506.549,264.355,275.826,63.740,90.566,170.919,0.000,14.126,0.000,0.000,0.213,0.000,0.000,0.000
1494,506.895,244.911,276.515,63.795,90.555,171.614,0.000,14.127,0.000,0.000,0.216,0.000,0.000,0.000
1495,507.241,311.984,277.150,63.851,90.545,172.255,0.000,14.128,0.000,0.000,0.219,0.000,0.000,0.000
1496,507.587,238.726,277.730,63.907,90.534,172.843,0.000,14.128,0.000,0.000,0.223,0.000,0.000,0.000
1497,507.933,302.948,278.256,63.962,90.522,173.376,0.000,14.129,0.000,0.000,0.226,0.000,0.000,0.000
1498,508.279,297.428,278.726,64.018,90.510,173.854,0.000,14.129,0.000,0.000,0.230,0.000,0.000,0.000
1499,508.624,293.318,279.139,64.074,90.498,174.276,0.000,14.129,0.000,0.000,0.234,0.000,0.000,0.000
1500,508.970,275.762,279.495,64.130,90.485,174.641,0.000,14.129,0.000,0.000,0.237,0.000,0.000,0.000
1501,509.316,270.465,279.795,64.185,90.472,174.950,0.000,14.129,0.000,0.000,0.241,0.000,0.000,0.000
1502,509.662,292.354,280.037,64.241,90.459,175.202,0.000,14.129,0.000,0.000,0.245,0.000,0.000,0.000
1503,510.008,274.948,280.222,64.297,90.445,175.397,0.000,14.129,0.000,0.000,0.249,0.000,0.000,0.000
1504,510.353,266.726,280.350,64.352,90.432,175.534,0.000,14.128,0.000,0.000,0.253,0.000,0.000,0.000
1505,510.699,285.687,280.421,64.408,90.419,175.614,0.000,14.128,0.000,0.000,0.258,0.000,0.000,0.000
1506,511.045,255.244,280.432,64.464,90.404,175.637,0.000,14.127,0.000,0.000,0.262,0.000,0.000,0.000
1507,511.391,274.725,280.382,64.520,90.386,175.601,0.000,14.125,0.000,0.000,0.267,0.000,0.000,0.000
1508,511.736,236.947,280.271,64.575,90.367,175.508,0.000,14.123,0.000,0.000,0.271,0.000,0.000,0.000
1509,512.082,259.243,280.101,64.631,90.345,175.357,0.000,14.121,0.000,0.000,0.276,0.000,0.000,0.000
1510,512.428,285.947,279.870,64.687,90.321,175.149,0.000,14.118,0.000,0.000,0.281,0.000,0.000,0.000
1511,512.774,299.243,279.580,64.742,90.294,174.884,0.000,14.114,0.000,0.000,0.286,0.000,0.000,0.000
1512,513.119,264.132,279.232,64.798,90.265,174.563,0.000,14.110,0.000,0.000,0.291,0.000,0.000,0.000
1513,513.465,288.726,278.826,64.854,90.236,174.187,0.000,14.105,0.000,0.000,0.296,0.000,0.000,0.000
1514,513.811,290.687,278.364,64.910,90.203,173.757,0.000,14.100,0.000,0.000,0.301,0.000,0.000,0.000
1515,514.157,323.208,277.845,64.965,90.168,173.273,0.000,14.094,0.000,0.000,0.307,0.000,0.000,0.000
1516,514.502,287.612,277.270,65.021,90.132,172.736,0.000,14.088,0.000,0.000,0.312,0.000,0.000,0.000
1517,514.848,280.539,276.643,65.077,90.093,172.148,0.000,14.081,0.000,0.000,0.318,0.000,0.000,0.000
1518,515.194,259.540,275.963,65.132,90.053,171.509,0.000,14.073,0.000,0.000,0.324,0.000,0.000,0.000
1519,515.539,248.428,275.232,65.188,90.012,170.822,0.000,14.065,0.000,0.000,0.330,0.000,0.000,0.000
1520,515.885,273.428,274.451,65.244,89.969,170.086,0.000,14.057,0.000,0.000,0.336,0.000,0.000,0.000
1521,516.231,280.946,273.623,65.300,89.926,169.304,0.000,14.048,0.000,0.000,0.343,0.000,0.000,0.000
1522,516.576,268.799,272.749,65.355,89.882,168.477,0.000,14.039,0.000,0.000,0.349,0.000,0.000,0.000
1523,516.922,259.280,271.831,65.411,89.837,167.606,0.000,14.029,0.000,0.000,0.356,0.000,0.000,0.000
1524,517.268,271.539,270.870,65.467,89.792,166.694,0.000,14.019,0.000,0.000,0.363,0.000,0.000,0.000
1525,517.613,250.947,269.869,65.522,89.747,165.742,0.000,14.008,0.000,0.000,0.370,0.000,0.000,0.000
1526,517.959,230.280,268.830,65.578,89.702,164.751,0.000,13.997,0.000,0.000,0.377,0.000,0.000,0.000
1527,518.305,258.873,267.754,65.634,89.658,163.724,0.000,13.985,0.000,0.000,0.385,0.000,0.000,0.000
1528,518.650,284.835,266.642,65.689,89.613,162.661,0.000,13.973,0.000,0.000,0.392,0.000,0.000,0.000
1529,518.996,251.539,265.495,65.745,89.568,161.565,0.000,13.960,0.000,0.000,0.400,0.000,0.000,0.000
1530,519.342,250.204,264.314,65.801,89.521,160.436,0.000,13.946,0.000,0.000,0.408,0.000,0.000,0.000
1531,519.687,256.355,263.102,65.857,89.473,159.278,0.000,13.932,0.000,0.000,0.417,0.000,0.000,0.000
1532,520.033,213.280,261.860,65.912,89.425,158.091,0.000,13.917,0.000,0.000,0.425,0.000,0.000,0.000
1533,520.378,266.020,260.590,65.968,89.375,156.878,0.000,13.901,0.000,0.000,0.434,0.000,0.000,0.000
1534,520.724,278.984,259.295,66.024,89.325,155.641,0.000,13.884,0.000,0.000,0.443,0.000,0.000,0.000
1535,521.070,243.651,257.977,66.079,89.275,154.381,0.000,13.867,0.000,0.000,0.452,0.000,0.000,0.000
1536,521.415,236.798,256.638,66.135,89.224,153.101,0.000,13.849,0.000,0.000,0.461,0.000,0.000,0.000
1537,521.761,257.946,255.280,66.191,89.173,151.803,0.000,13.831,0.000,0.000,0.471,0.000,0.000,0.000
1538,522.106,233.946,253.906,66.247,89.122,150.489,0.000,13.811,0.000,0.000,0.481,0.000,0.000,0.000
1539,522.452,235.279,252.518,66.302,89.071,149.161,0.000,13.792,0.000,0.000,0.491,0.000,0.000,0.000
1540,522.797,217.798,251.117,66.358,89.021,147.821,0.000,13.771,0.000,0.000,0.501,0.000,0.000,0.000
1541,523.143,250.168,249.707,66.414,88.972,146.471,0.000,13.750,0.000,0.000,0.512,0.000,0.000,0.000
1542,523.489,224.021,248.290,66.469,88.923,145.113,0.000,13.728,0.000,0.000,0.523,0.000,0.000,0.000
1543,523.834,230.982,246.868,66.525,88.876,143.750,0.000,13.706,0.000,0.000,0.534,0.000,0.000,0.000
1544,524.180,227.724,245.443,66.581,88.830,142.383,0.000,13.683,0.000,0.000,0.546,0.000,0.000,0.000
1545,524.525,222.797,244.019,66.637,88.786,141.014,0.000,13.659,0.000,0.000,0.558,0.000,0.000,0.000
1546,524.871,205.168,242.596,66.692,88.743,139.645,0.000,13.635,0.000,0.000,0.570,0.000,0.000,0.000
1547,525.216,254.353,241.177,66.748,88.703,138.279,0.000,13.611,0.000,0.000,0.582,0.000,0.000,0.000
1548,525.562,238.686,239.765,66.804,88.665,136.917,0.000,13.586,0.000,0.000,0.595,0.000,0.000,0.000
1549,525.907,211.390,238.362,66.859,88.630,135.561,0.000,13.560,0.000,0.000,0.608,0.000,0.000,0.000
1550,526.253,232.983,236.970,66.915,88.598,134.214,0.000,13.535,0.000,0.000,0.622,0.000,0.000,0.000
1551,526.598,248.686,235.589,66.971,88.567,132.876,0.000,13.508,0.000,0.000,0.635,0.000,0.000,0.000
1552,526.944,207.538,234.219,67.027,88.537,131.549,0.000,13.481,0.000,0.000,0.650,0.000,0.000,0.000
1553,527.289,234.909,232.863,67.082,88.508,130.235,0.000,13.453,0.000,0.000,0.664,0.000,0.000,0.000
1554,527.635,230.019,231.523,67.138,88.481,128.935,0.000,13.425,0.000,0.000,0.679,0.000,0.000,0.000
1555,527.980,239.947,230.200,67.194,88.456,127.651,0.000,13.396,0.000,0.000,0.695,0.000,0.000,0.000
1556,528.325,212.205,228.897,67.249,88.432,126.385,0.000,13.367,0.000,0.000,0.710,0.000,0.000,0.000
1557,528.671,196.020,227.614,67.305,88.410,125.138,0.000,13.337,0.000,0.000,0.727,0.000,0.000,0.000
1558,529.016,214.946,226.354,67.361,88.389,123.912,0.000,13.306,0.000,0.000,0.743,0.000,0.000,0.000
1559,529.362,230.093,225.118,67.417,88.371,122.709,0.000,13.275,0.000,0.000,0.760,0.000,0.000,0.000
1560,529.707,200.094,223.908,67.472,88.355,121.528,0.000,13.244,0.000,0.000,0.778,0.000,0.000,0.000
1561,530.053,233.502,222.725,67.528,88.342,120.373,0.000,13.212,0.000,0.000,0.796,0.000,0.000,0.000
1562,530.398,213.426,221.571,67.584,88.331,119.244,0.000,13.179,0.000,0.000,0.814,0.000,0.000,0.000
1563,530.743,229.724,220.448,67.639,88.322,118.143,0.000,13.146,0.000,0.000,0.833,0.000,0.000,0.000
1564,531.089,193.057,219.356,67.695,88.316,117.071,0.000,13.113,0.000,0.000,0.853,0.000,0.000,0.000
1565,531.434,212.686,218.298,67.751,88.314,116.029,0.000,13.079,0.000,0.000,0.872,0.000,0.000,0.000
1566,531.780,210.945,217.274,67.807,88.315,115.019,0.000,13.046,0.000,0.000,0.892,0.000,0.000,0.000
1567,532.125,208.982,216.286,67.862,88.319,114.041,0.000,13.011,0.000,0.000,0.912,0.000,0.000,0.000
1568,532.470,172.686,215.336,67.918,88.327,113.096,0.000,12.977,0.000,0.000,0.932,0.000,0.000,0.000
1569,532.816,244.908,214.424,67.974,88.340,112.187,0.000,12.942,0.000,0.000,0.952,0.000,0.000,0.000
1570,533.161,191.316,213.551,68.029,88.356,111.313,0.000,12.907,0.000,0.000,0.972,0.000,0.000,0.000
1571,533.506,218.352,212.720,68.085,88.377,110.475,0.000,12.872,0.000,0.000,0.993,0.000,0.000,0.000
1572,533.852,185.242,211.929,68.141,88.402,109.674,0.000,12.837,0.000,0.000,1.013,0.000,0.000,0.000
1573,534.197,225.649,211.178,68.197,88.431,108.909,0.000,12.802,0.000,0.000,1.033,0.000,0.000,0.000
1574,534.542,177.797,210.466,68.252,88.463,108.181,0.000,12.766,0.000,0.000,1.053,0.000,0.000,0.000
1575,534.888,207.611,209.795,68.308,88.497,107.491,0.000,12.730,0.000,0.000,1.074,0.000,0.000,0.000
1576,535.233,200.167,209.164,68.364,88.534,106.840,0.000,12.694,0.000,0.000,1.094,0.000,0.000,0.000
1577,535.578,223.538,208.575,68.419,88.574,106.227,0.000,12.658,0.000,0.000,1.114,0.000,0.000,0.000
1578,535.924,201.537,208.028,68.475,88.616,105.654,0.000,12.621,0.000,0.000,1.134,0.000,0.000,0.000
1579,536.269,216.131,207.524,68.531,88.662,105.121,0.000,12.584,0.000,0.000,1.154,0.000,0.000,0.000
1580,536.614,185.315,207.063,68.586,88.711,104.628,0.000,12.547,0.000,0.000,1.173,0.000,0.000,0.000
1581,536.960,209.167,206.646,68.642,88.764,104.177,0.000,12.510,0.000,0.000,1.193,0.000,0.000,0.000
1582,537.305,213.389,206.273,68.698,88.820,103.766,0.000,12.473,0.000,0.000,1.212,0.000,0.000,0.000
1583,537.650,229.353,205.946,68.754,88.879,103.397,0.000,12.435,0.000,0.000,1.232,0.000,0.000,0.000
1584,537.995,181.538,205.663,68.809,88.942,103.070,0.000,12.398,0.000,0.000,1.251,0.000,0.000,0.000
1585,538.341,226.242,205.426,68.865,89.008,102.784,0.000,12.361,0.000,0.000,1.269,0.000,0.000,0.000
1586,538.686,200.686,205.234,68.921,89.079,102.541,0.000,12.323,0.000,0.000,1.288,0.000,0.000,0.000
1587,539.031,218.167,205.089,68.976,89.153,102.341,0.000,12.286,0.000,0.000,1.306,0.000,0.000,0.000
1588,539.376,212.315,204.991,69.032,89.232,102.183,0.000,12.249,0.000,0.000,1.324,0.000,0.000,0.000
1589,539.722,208.463,204.939,69.088,89.315,102.068,0.000,12.212,0.000,0.000,1.341,0.000,0.000,0.000
1590,540.067,195.093,204.935,69.144,89.402,101.997,0.000,12.174,0.000,0.000,1.359,0.000,0.000,0.000
1591,540.412,184.612,204.978,69.199,89.494,101.968,0.000,12.138,0.000,0.000,1.375,0.000,0.000,0.000
1592,540.757,189.686,205.070,69.255,89.591,101.983,0.000,12.101,0.000,0.000,1.392,0.000,0.000,0.000
1593,541.102,213.649,205.210,69.311,89.694,102.042,0.000,12.064,0.000,0.000,1.408,0.000,0.000,0.000
1594,541.448,192.389,205.399,69.366,89.801,102.144,0.000,12.028,0.000,0.000,1.423,0.000,0.000,0.000
1595,541.793,229.093,205.637,69.422,89.914,102.290,0.000,11.992,0.000,0.000,1.438,0.000,0.000,0.000
1596,542.138,213.353,205.924,69.478,90.033,102.480,0.000,11.956,0.000,0.000,1.453,0.000,0.000,0.000
1597,542.483,199.391,206.260,69.534,90.157,102.713,0.000,11.921,0.000,0.000,1.467,0.000,0.000,0.000
1598,542.828,176.167,206.640,69.589,90.283,102.989,0.000,11.885,0.000,0.000,1.481,0.000,0.000,0.000
1599,543.173,259.797,207.065,69.645,90.411,103.307,0.000,11.850,0.000,0.000,1.494,0.000,0.000,0.000
1600,543.519,207.167,207.533,69.701,90.541,103.669,0.000,11.814,0.000,0.000,1.506,0.000,0.000,0.000
1601,543.864,196.648,208.046,69.756,90.671,104.075,0.000,11.779,0.000,0.000,1.518,0.000,0.000,0.000
1602,544.209,209.501,208.603,69.812,90.803,104.524,0.000,11.744,0.000,0.000,1.529,0.000,0.000,0.000
1603,544.554,181.167,209.204,69.868,90.936,105.016,0.000,11.710,0.000,0.000,1.540,0.000,0.000,0.000
1604,544.899,202.057,209.850,69.924,91.070,105.552,0.000,11.675,0.000,0.000,1.550,0.000,0.000,0.000
1605,545.244,261.464,210.540,69.979,91.205,106.131,0.000,11.641,0.000,0.000,1.559,0.000,0.000,0.000
1606,545.589,201.426,211.275,70.035,91.342,106.755,0.000,11.607,0.000,0.000,1.568,0.000,0.000,0.000
1607,545.934,189.870,212.054,70.091,91.479,107.422,0.000,11.574,0.000,0.000,1.576,0.000,0.000,0.000
1608,546.280,197.057,212.879,70.146,91.618,108.133,0.000,11.541,0.000,0.000,1.584,0.000,0.000,0.000
1609,546.625,220.093,213.748,70.202,91.758,108.889,0.000,11.508,0.000,0.000,1.591,0.000,0.000,0.000
1610,546.970,222.426,214.662,70.258,91.898,109.690,0.000,11.476,0.000,0.000,1.597,0.000,0.000,0.000
1611,547.315,243.206,215.622,70.314,92.039,110.535,0.000,11.443,0.000,0.000,1.602,0.000,0.000,0.000
1612,547.660,212.575,216.626,70.369,92.181,111.425,0.000,11.412,0.000,0.000,1.607,0.000,0.000,0.000
1613,548.005,225.500,217.677,70.425,92.324,112.360,0.000,11.381,0.000,0.000,1.610,0.000,0.000,0.000
1614,548.350,235.204,218.773,70.481,92.467,113.341,0.000,11.350,0.000,0.000,1.614,0.000,0.000,0.000
1615,548.695,209.278,219.916,70.536,92.611,114.367,0.000,11.319,0.000,0.000,1.616,0.000,0.000,0.000
1616,549.040,225.315,221.105,70.592,92.755,115.440,0.000,11.290,0.000,0.000,1.618,0.000,0.000,0.000
1617,549.385,207.278,222.342,70.648,92.900,116.560,0.000,11.260,0.000,0.000,1.619,0.000,0.000,0.000
1618,549.730,234.908,223.625,70.704,93.045,117.726,0.000,11.231,0.000,0.000,1.619,0.000,0.000,0.000
1619,550.075,218.574,224.952,70.759,93.189,118.940,0.000,11.203,0.000,0.000,1.618,0.000,0.000,0.000
1620,550.420,257.056,226.325,70.815,93.330,120.202,0.000,11.175,0.000,0.000,1.617,0.000,0.000,0.000
1621,550.765,256.056,227.745,70.871,93.469,121.512,0.000,11.147,0.000,0.000,1.615,0.000,0.000,0.000
1622,551.110,219.872,229.213,70.926,93.606,122.873,0.000,11.119,0.000,0.000,1.612,0.000,0.000,0.000
1623,551.455,258.315,230.727,70.982,93.740,124.283,0.000,11.092,0.000,0.000,1.609,0.000,0.000,0.000
1624,551.800,253.612,232.289,71.038,93.873,125.744,0.000,11.066,0.000,0.000,1.604,0.000,0.000,0.000
1625,552.145,266.205,233.899,71.093,94.003,127.255,0.000,11.039,0.000,0.000,1.599,0.000,0.000,0.000
1626,552.490,257.946,235.557,71.149,94.130,128.817,0.000,11.013,0.000,0.000,1.594,0.000,0.000,0.000
1627,552.835,300.796,237.264,71.205,94.255,130.431,0.000,10.988,0.000,0.000,1.587,0.000,0.000,0.000
1628,553.180,261.574,239.020,71.261,94.378,132.097,0.000,10.963,0.000,0.000,1.580,0.000,0.000,0.000
1629,553.525,266.242,240.825,71.316,94.497,133.815,0.000,10.938,0.000,0.000,1.572,0.000,0.000,0.000
1630,553.870,249.020,242.681,71.372,94.614,135.587,0.000,10.914,0.000,0.000,1.564,0.000,0.000,0.000
1631,554.215,309.316,244.588,71.428,94.728,137.413,0.000,10.890,0.000,0.000,1.554,0.000,0.000,0.000
1632,554.559,297.204,246.547,71.483,94.838,139.294,0.000,10.867,0.000,0.000,1.545,0.000,0.000,0.000
1633,554.904,271.537,248.558,71.539,94.946,141.232,0.000,10.844,0.000,0.000,1.534,0.000,0.000,0.000
1634,555.249,326.612,250.624,71.595,95.051,143.226,0.000,10.821,0.000,0.000,1.523,0.000,0.000,0.000
1635,555.594,269.539,252.744,71.651,95.152,145.278,0.000,10.800,0.000,0.000,1.511,0.000,0.000,0.000
1636,555.939,288.279,254.920,71.706,95.251,147.389,0.000,10.778,0.000,0.000,1.499,0.000,0.000,0.000
1637,556.284,279.946,257.153,71.762,95.346,149.561,0.000,10.757,0.000,0.000,1.486,0.000,0.000,0.000
1638,556.629,314.834,259.444,71.818,95.439,151.794,0.000,10.737,0.000,0.000,1.472,0.000,0.000,0.000
1639,556.974,284.205,261.795,71.873,95.528,154.089,0.000,10.717,0.000,0.000,1.458,0.000,0.000,0.000
1640,557.319,298.575,264.207,71.929,95.614,156.449,0.000,10.697,0.000,0.000,1.443,0.000,0.000,0.000
1641,557.663,289.205,266.680,71.985,95.698,158.873,0.000,10.678,0.000,0.000,1.428,0.000,0.000,0.000
1642,558.008,290.131,269.215,72.041,95.776,161.364,0.000,10.660,0.000,0.000,1.413,0.000,0.000,0.000
1643,558.353,306.428,271.812,72.096,95.849,163.922,0.000,10.642,0.000,0.000,1.396,0.000,0.000,0.000
1644,558.698,328.686,274.475,72.152,95.918,166.549,0.000,10.626,0.000,0.000,1.380,0.000,0.000,0.000
1645,559.043,315.465,277.200,72.208,95.981,169.245,0.000,10.609,0.000,0.000,1.363,0.000,0.000,0.000
1646,559.387,319.020,279.992,72.263,96.039,172.014,0.000,10.592,0.000,0.000,1.345,0.000,0.000,0.000
1647,559.732,319.723,282.853,72.319,96.092,174.856,0.000,10.575,0.000,0.000,1.327,0.000,0.000,0.000
1648,560.077,363.983,285.783,72.375,96.139,177.774,0.000,10.558,0.000,0.000,1.309,0.000,0.000,0.000
1649,560.422,331.243,288.786,72.431,96.182,180.768,0.000,10.542,0.000,0.000,1.290,0.000,0.000,0.000
1650,560.767,374.649,291.863,72.486,96.220,183.842,0.000,10.526,0.000,0.000,1.271,0.000,0.000,0.000
1651,561.111,351.057,295.015,72.542,96.253,186.996,0.000,10.511,0.000,0.000,1.252,0.000,0.000,0.000
1652,561.456,329.649,298.246,72.598,96.281,190.233,0.000,10.496,0.000,0.000,1.233,0.000,0.000,0.000
1653,561.801,331.575,301.557,72.653,96.305,193.555,0.000,10.481,0.000,0.000,1.213,0.000,0.000,0.000
1654,562.146,359.316,304.950,72.709,96.324,196.963,0.000,10.467,0.000,0.000,1.193,0.000,0.000,0.000
1655,562.490,353.982,308.427,72.765,96.338,200.460,0.000,10.453,0.000,0.000,1.173,0.000,0.000,0.000
1656,562.835,384.428,311.991,72.821,96.348,204.048,0.000,10.440,0.000,0.000,1.152,0.000,0.000,0.000
1657,563.180,349.242,315.645,72.876,96.354,207.730,0.000,10.427,0.000,0.000,1.131,0.000,0.000,0.000
1658,563.525,371.799,319.390,72.932,96.356,211.507,0.000,10.414,0.000,0.000,1.111,0.000,0.000,0.000
1659,563.869,358.613,323.229,72.988,96.353,215.382,0.000,10.402,0.000,0.000,1.090,0.000,0.000,0.000
1660,564.214,360.759,327.165,73.043,96.347,219.357,0.000,10.390,0.000,0.000,1.069,0.000,0.000,0.000
1661,564.559,416.020,331.173,73.099,96.337,223.407,0.000,10.378,0.000,0.000,1.048,0.000,0.000,0.000
1662,564.903,393.613,335.217,73.155,96.325,227.495,0.000,10.368,0.000,0.000,1.026,0.000,0.000,0.000
1663,565.248,396.501,339.281,73.211,96.308,231.608,0.000,10.357,0.000,0.000,1.005,0.000,0.000,0.000
1664,565.593,367.762,343.363,73.266,96.288,235.742,0.000,10.347,0.000,0.000,0.984,0.000,0.000,0.000
1665,565.937,450.020,347.459,73.322,96.262,239.895,0.000,10.337,0.000,0.000,0.963,0.000,0.000,0.000
1666,566.282,415.687,351.567,73.378,96.232,244.064,0.000,10.327,0.000,0.000,0.941,0.000,0.000,0.000
1667,566.627,382.391,355.683,73.433,96.197,248.245,0.000,10.318,0.000,0.000,0.920,0.000,0.000,0.000
1668,566.971,419.724,359.803,73.489,96.157,252.435,0.000,10.309,0.000,0.000,0.899,0.000,0.000,0.000
1669,567.316,444.649,363.924,73.545,96.114,256.631,0.000,10.300,0.000,0.000,0.878,0.000,0.000,0.000
1670,567.661,436.650,368.044,73.601,96.065,260.827,0.000,10.291,0.000,0.000,0.857,0.000,0.000,0.000
1671,568.005,407.465,372.157,73.656,96.013,265.022,0.000,10.283,0.000,0.000,0.836,0.000,0.000,0.000
1672,568.350,472.835,376.260,73.712,95.957,269.211,0.000,10.274,0.000,0.000,0.815,0.000,0.000,0.000
1673,568.694,425.280,380.351,73.768,95.897,273.390,0.000,10.267,0.000,0.000,0.795,0.000,0.000,0.000
1674,569.039,415.058,384.424,73.823,95.833,277.555,0.000,10.259,0.000,0.000,0.774,0.000,0.000,0.000
1675,569.384,413.279,388.476,73.879,95.767,281.702,0.000,10.252,0.000,0.000,0.754,0.000,0.000,0.000
1676,569.728,473.909,392.505,73.935,95.697,285.827,0.000,10.245,0.000,0.000,0.734,0.000,0.000,0.000
1677,570.073,440.799,396.505,73.990,95.624,289.926,0.000,10.238,0.000,0.000,0.714,0.000,0.000,0.000
1678,570.417,428.873,400.472,74.046,95.549,293.995,0.000,10.231,0.000,0.000,0.694,0.000,0.000,0.000
1679,570.762,426.982,404.404,74.102,95.472,298.029,0.000,10.225,0.000,0.000,0.675,0.000,0.000,0.000
1680,571.106,452.244,408.295,74.158,95.392,302.025,0.000,10.219,0.000,0.000,0.656,0.000,0.000,0.000
1681,571.451,442.317,412.142,74.213,95.310,305.978,0.000,10.214,0.000,0.000,0.637,0.000,0.000,0.000
1682,571.795,455.502,415.940,74.269,95.227,309.884,0.000,10.208,0.000,0.000,0.618,0.000,0.000,0.000
1683,572.140,469.020,419.687,74.325,95.143,313.739,0.000,10.203,0.000,0.000,0.599,0.000,0.000,0.000
1684,572.484,461.539,423.378,74.380,95.057,317.538,0.000,10.199,0.000,0.000,0.581,0.000,0.000,0.000
1685,572.829,485.947,427.008,74.436,94.971,321.277,0.000,10.194,0.000,0.000,0.563,0.000,0.000,0.000
1686,573.173,480.392,430.575,74.492,94.883,324.952,0.000,10.190,0.000,0.000,0.546,0.000,0.000,0.000
1687,573.518,451.354,434.072,74.548,94.795,328.559,0.000,10.186,0.000,0.000,0.528,0.000,0.000,0.000
1688,573.862,463.207,437.494,74.603,94.704,332.093,0.000,10.182,0.000,0.000,0.511,0.000,0.000,0.000
1689,574.207,486.577,440.839,74.659,94.612,335.550,0.000,10.179,0.000,0.000,0.495,0.000,0.000,0.000
1690,574.551,498.353,444.101,74.715,94.518,338.926,0.000,10.175,0.000,0.000,0.478,0.000,0.000,0.000
1691,574.896,497.169,447.276,74.770,94.423,342.216,0.000,10.172,0.000,0.000,0.462,0.000,0.000,0.000
1692,575.240,496.354,450.362,74.826,94.326,345.418,0.000,10.169,0.000,0.000,0.447,0.000,0.000,0.000
1693,575.585,502.057,453.355,74.882,94.229,348.526,0.000,10.166,0.000,0.000,0.431,0.000,0.000,0.000
1694,575.929,493.986,456.250,74.938,94.130,351.538,0.000,10.163,0.000,0.000,0.416,0.000,0.000,0.000
1695,576.273,541.280,459.044,74.993,94.031,354.449,0.000,10.161,0.000,0.000,0.402,0.000,0.000,0.000
1696,576.618,528.540,461.735,75.049,93.931,357.256,0.000,10.158,0.000,0.000,0.387,0.000,0.000,0.000
1697,576.962,549.391,464.317,75.105,93.831,359.955,0.000,10.156,0.000,0.000,0.373,0.000,0.000,0.000
1698,577.307,526.280,466.789,75.160,93.731,362.543,0.000,10.153,0.000,0.000,0.359,0.000,0.000,0.000
1699,577.651,574.391,469.147,75.216,93.631,365.016,0.000,10.151,0.000,0.000,0.346,0.000,0.000,0.000
1700,577.995,514.356,471.389,75.272,93.532,367.372,0.000,10.150,0.000,0.000,0.333,0.000,0.000,0.000
1701,578.340,529.281,473.511,75.328,93.433,369.607,0.000,10.148,0.000,0.000,0.320,0.000,0.000,0.000
1702,578.684,511.761,475.511,75.383,93.335,371.719,0.000,10.147,0.000,0.000,0.308,0.000,0.000,0.000
1703,579.029,567.280,477.386,75.439,93.238,373.704,0.000,10.145,0.000,0.000,0.296,0.000,0.000,0.000
1704,579.373,567.948,479.135,75.495,93.143,375.560,0.000,10.144,0.000,0.000,0.284,0.000,0.000,0.000
1705,579.717,552.836,480.754,75.550,93.049,377.285,0.000,10.143,0.000,0.000,0.273,0.000,0.000,0.000
1706,580.062,547.837,482.241,75.606,92.957,378.876,0.000,10.143,0.000,0.000,0.262,0.000,0.000,0.000
1707,580.406,538.688,483.595,75.662,92.867,380.332,0.000,10.142,0.000,0.000,0.251,0.000,0.000,0.000
1708,580.750,527.428,484.814,75.718,92.779,381.649,0.000,10.142,0.000,0.000,0.241,0.000,0.000,0.000
1709,581.094,517.725,485.895,75.773,92.693,382.827,0.000,10.142,0.000,0.000,0.231,0.000,0.000,0.000
1710,581.439,510.799,486.836,75.829,92.608,383.862,0.000,10.142,0.000,0.000,0.221,0.000,0.000,0.000
1711,581.783,583.985,487.636,75.885,92.524,384.755,0.000,10.142,0.000,0.000,0.212,0.000,0.000,0.000
1712,582.127,560.540,488.292,75.940,92.441,385.503,0.000,10.142,0.000,0.000,0.203,0.000,0.000,0.000
1713,582.472,537.873,488.804,75.996,92.359,386.106,0.000,10.142,0.000,0.000,0.194,0.000,0.000,0.000
1714,582.816,541.354,489.171,76.052,92.279,386.562,0.000,10.143,0.000,0.000,0.185,0.000,0.000,0.000
1715,583.160,531.761,489.394,76.108,92.200,386.871,0.000,10.143,0.000,0.000,0.177,0.000,0.000,0.000
1716,583.504,534.873,489.470,76.163,92.122,387.032,0.000,10.143,0.000,0.000,0.169,0.000,0.000,0.000
1717,583.849,580.502,489.399,76.219,92.046,387.045,0.000,10.144,0.000,0.000,0.161,0.000,0.000,0.000
1718,584.193,439.614,489.183,76.275,91.972,386.910,0.000,10.144,0.000,0.000,0.154,0.000,0.000,0.000
1719,584.537,532.465,488.821,76.330,91.899,386.627,0.000,10.145,0.000,0.000,0.147,0.000,0.000,0.000
1720,584.881,528.985,488.313,76.386,91.828,386.197,0.000,10.145,0.000,0.000,0.140,0.000,0.000,0.000
1721,585.226,586.911,487.660,76.442,91.759,385.619,0.000,10.146,0.000,0.000,0.133,0.000,0.000,0.000
1722,585.570,526.689,486.862,76.497,91.692,384.894,0.000,10.147,0.000,0.000,0.127,0.000,0.000,0.000
1723,585.914,570.429,485.922,76.553,91.627,384.023,0.000,10.148,0.000,0.000,0.121,0.000,0.000,0.000
1724,586.258,532.874,484.840,76.609,91.565,383.008,0.000,10.149,0.000,0.000,0.115,0.000,0.000,0.000
1725,586.602,503.354,483.617,76.665,91.505,381.850,0.000,10.150,0.000,0.000,0.109,0.000,0.000,0.000
1726,586.946,530.392,482.255,76.720,91.448,380.549,0.000,10.151,0.000,0.000,0.104,0.000,0.000,0.000
1727,587.291,576.021,480.756,76.776,91.394,379.108,0.000,10.152,0.000,0.000,0.099,0.000,0.000,0.000
1728,587.635,504.058,479.121,76.832,91.343,377.528,0.000,10.153,0.000,0.000,0.094,0.000,0.000,0.000
1729,587.979,565.169,477.353,76.887,91.294,375.812,0.000,10.155,0.000,0.000,0.089,0.000,0.000,0.000
1730,588.323,488.687,475.454,76.943,91.249,373.961,0.000,10.156,0.000,0.000,0.085,0.000,0.000,0.000
1731,588.667,516.614,473.427,76.999,91.207,371.979,0.000,10.158,0.000,0.000,0.080,0.000,0.000,0.000
1732,589.011,511.984,471.272,77.055,91.168,369.866,0.000,10.160,0.000,0.000,0.076,0.000,0.000,0.000
1733,589.355,506.874,468.992,77.110,91.130,367.626,0.000,10.161,0.000,0.000,0.072,0.000,0.000,0.000
1734,589.699,505.503,466.589,77.166,91.094,365.261,0.000,10.163,0.000,0.000,0.068,0.000,0.000,0.000
1735,590.044,559.354,464.065,77.222,91.059,362.774,0.000,10.165,0.000,0.000,0.065,0.000,0.000,0.000
1736,590.388,498.875,461.425,77.277,91.026,360.168,0.000,10.166,0.000,0.000,0.061,0.000,0.000,0.000
1737,590.732,475.318,458.671,77.333,90.995,357.447,0.000,10.168,0.000,0.000,0.058,0.000,0.000,0.000
1738,591.076,498.726,455.806,77.389,90.966,354.613,0.000,10.170,0.000,0.000,0.055,0.000,0.000,0.000
1739,591.420,488.392,452.834,77.445,90.938,351.671,0.000,10.171,0.000,0.000,0.052,0.000,0.000,0.000
1740,591.764,496.319,449.759,77.500,90.912,348.623,0.000,10.173,0.000,0.000,0.049,0.000,0.000,0.000
1741,592.108,476.428,446.584,77.556,90.887,345.473,0.000,10.175,0.000,0.000,0.046,0.000,0.000,0.000
1742,592.452,494.947,443.312,77.612,90.864,342.226,0.000,10.176,0.000,0.000,0.044,0.000,0.000,0.000
1743,592.796,490.687,439.949,77.667,90.843,338.884,0.000,10.178,0.000,0.000,0.041,0.000,0.000,0.000
1744,593.140,515.502,436.497,77.723,90.824,335.452,0.000,10.179,0.000,0.000,0.039,0.000,0.000,0.000
1745,593.484,458.763,432.962,77.779,90.807,331.934,0.000,10.181,0.000,0.000,0.037,0.000,0.000,0.000
1746,593.828,465.465,429.346,77.835,90.791,328.335,0.000,10.183,0.000,0.000,0.035,0.000,0.000,0.000
1747,594.172,437.133,425.654,77.890,90.778,324.657,0.000,10.184,0.000,0.000,0.033,0.000,0.000,0.000
1748,594.516,450.911,421.891,77.946,90.766,320.905,0.000,10.186,0.000,0.000,0.031,0.000,0.000,0.000
1749,594.860,468.466,418.061,78.002,90.757,317.085,0.000,10.187,0.000,0.000,0.029,0.000,0.000,0.000
1750,595.204,444.503,414.167,78.057,90.750,313.198,0.000,10.189,0.000,0.000,0.028,0.000,0.000,0.000
1751,595.548,437.651,410.216,78.113,90.745,309.251,0.000,10.191,0.000,0.000,0.026,0.000,0.000,0.000
1752,595.892,464.503,406.210,78.169,90.743,305.247,0.000,10.192,0.000,0.000,0.025,0.000,0.000,0.000
1753,596.236,441.280,402.154,78.225,90.742,301.191,0.000,10.194,0.000,0.000,0.023,0.000,0.000,0.000
1754,596.580,448.652,398.053,78.280,90.744,297.087,0.000,10.196,0.000,0.000,0.022,0.000,0.000,0.000
1755,596.924,423.245,393.911,78.336,90.749,292.940,0.000,10.198,0.000,0.000,0.021,0.000,0.000,0.000
1756,597.267,441.169,389.732,78.392,90.756,288.753,0.000,10.200,0.000,0.000,0.020,0.000,0.000,0.000
1757,597.611,419.800,385.521,78.447,90.766,284.532,0.000,10.202,0.000,0.000,0.019,0.000,0.000,0.000
1758,597.955,438.354,381.281,78.503,90.778,280.279,0.000,10.204,0.000,0.000,0.018,0.000,0.000,0.000
1759,598.299,434.576,377.015,78.559,90.790,276.000,0.000,10.206,0.000,0.000,0.017,0.000,0.000,0.000
1760,598.643,434.021,372.726,78.615,90.803,271.697,0.000,10.208,0.000,0.000,0.016,0.000,0.000,0.000
1761,598.987,400.169,368.419,78.670,90.816,267.376,0.000,10.210,0.000,0.000,0.015,0.000,0.000,0.000
1762,599.331,411.280,364.099,78.726,90.830,263.040,0.000,10.211,0.000,0.000,0.014,0.000,0.000,0.000
1763,599.675,403.687,359.768,78.782,90.845,258.694,0.000,10.213,0.000,0.000,0.013,0.000,0.000,0.000
1764,600.018,387.760,355.431,78.837,90.860,254.342,0.000,10.215,0.000,0.000,0.013,0.000,0.000,0.000
1765,600.362,382.465,351.092,78.893,90.875,249.986,0.000,10.216,0.000,0.000,0.012,0.000,0.000,0.000
1766,600.706,432.873,346.755,78.949,90.891,245.632,0.000,10.218,0.000,0.000,0.011,0.000,0.000,0.000
1767,601.050,436.206,342.423,79.005,90.908,241.282,0.000,10.219,0.000,0.000,0.011,0.000,0.000,0.000
1768,601.394,374.316,338.100,79.060,90.925,236.942,0.000,10.221,0.000,0.000,0.010,0.000,0.000,0.000
1769,601.737,382.501,333.789,79.116,90.942,232.613,0.000,10.222,0.000,0.000,0.009,0.000,0.000,0.000
1770,602.081,366.503,329.495,79.172,90.960,228.300,0.000,10.223,0.000,0.000,0.009,0.000,0.000,0.000
1771,602.425,398.650,325.221,79.227,90.979,224.006,0.000,10.225,0.000,0.000,0.008,0.000,0.000,0.000
1772,602.769,390.392,320.969,79.283,90.998,219.735,0.000,10.226,0.000,0.000,0.008,0.000,0.000,0.000
1773,603.113,373.834,316.744,79.339,91.018,215.489,0.000,10.227,0.000,0.000,0.008,0.000,0.000,0.000
1774,603.456,359.835,312.548,79.394,91.039,211.271,0.000,10.228,0.000,0.000,0.007,0.000,0.000,0.000
1775,603.800,337.131,308.385,79.450,91.061,207.085,0.000,10.230,0.000,0.000,0.007,0.000,0.000,0.000
1776,604.144,321.724,304.257,79.506,91.083,202.934,0.000,10.231,0.000,0.000,0.006,0.000,0.000,0.000
1777,604.488,368.428,300.167,79.562,91.107,198.820,0.000,10.232,0.000,0.000,0.006,0.000,0.000,0.000
1778,604.831,355.058,296.119,79.617,91.132,194.745,0.000,10.234,0.000,0.000,0.006,0.000,0.000,0.000
1779,605.175,295.726,292.113,79.673,91.157,190.713,0.000,10.235,0.000,0.000,0.005,0.000,0.000,0.000
1780,605.519,332.835,288.024,79.598,91.115,186.675,0.000,10.226,0.000,0.000,0.005,0.000,0.000,0.000
1781,605.862,326.836,283.982,79.524,91.074,182.684,0.000,10.217,0.000,0.000,0.005,0.000,0.000,0.000
1782,606.206,309.613,279.991,79.449,91.034,178.742,0.000,10.208,0.000,0.000,0.005,0.000,0.000,0.000
1783,606.550,327.649,276.053,79.374,90.995,174.852,0.000,10.199,0.000,0.000,0.004,0.000,0.000,0.000
1784,606.893,326.242,272.169,79.300,90.958,171.014,0.000,10.190,0.000,0.000,0.004,0.000,0.000,0.000
1785,607.237,300.539,268.342,79.225,90.923,167.232,0.000,10.182,0.000,0.000,0.004,0.000,0.000,0.000
1786,607.581,309.946,264.573,79.150,90.888,163.506,0.000,10.173,0.000,0.000,0.004,0.000,0.000,0.000
1787,607.924,275.093,260.861,79.075,90.853,159.838,0.000,10.165,0.000,0.000,0.003,0.000,0.000,0.000
1788,608.268,322.909,257.209,79.001,90.818,156.229,0.000,10.156,0.000,0.000,0.003,0.000,0.000,0.000
1789,608.612,313.650,253.616,78.926,90.782,152.681,0.000,10.147,0.000,0.000,0.003,0.000,0.000,0.000
1790,608.955,333.464,250.084,78.851,90.746,149.195,0.000,10.138,0.000,0.000,0.003,0.000,0.000,0.000
1791,609.299,302.724,246.614,78.777,90.710,145.770,0.000,10.129,0.000,0.000,0.003,0.000,0.000,0.000
1792,609.642,319.353,243.208,78.702,90.673,142.410,0.000,10.120,0.000,0.000,0.003,0.000,0.000,0.000
1793,609.986,308.981,239.866,78.627,90.636,139.114,0.000,10.111,0.000,0.000,0.002,0.000,0.000,0.000
1794,610.329,271.167,236.588,78.553,90.598,135.883,0.000,10.102,0.000,0.000,0.002,0.000,0.000,0.000
1795,610.673,255.205,233.376,78.478,90.560,132.717,0.000,10.093,0.000,0.000,0.002,0.000,0.000,0.000
1796,611.017,268.945,230.229,78.403,90.522,129.618,0.000,10.084,0.000,0.000,0.002,0.000,0.000,0.000
1797,611.360,293.092,227.150,78.329,90.484,126.586,0.000,10.075,0.000,0.000,0.002,0.000,0.000,0.000
1798,611.704,271.315,224.137,78.254,90.446,123.620,0.000,10.066,0.000,0.000,0.002,0.000,0.000,0.000
1799,612.047,268.722,221.192,78.179,90.408,120.722,0.000,10.058,0.000,0.000,0.002,0.000,0.000,0.000
1800,612.391,243.612,218.314,78.104,90.370,117.891,0.000,10.049,0.000,0.000,0.002,0.000,0.000,0.000
1801,612.734,247.648,215.503,78.030,90.332,115.128,0.000,10.040,0.000,0.000,0.002,0.000,0.000,0.000
1802,613.078,282.537,212.760,77.955,90.294,112.432,0.000,10.031,0.000,0.000,0.001,0.000,0.000,0.000
1803,613.421,199.056,210.084,77.880,90.256,109.803,0.000,10.022,0.000,0.000,0.001,0.000,0.000,0.000
1804,613.765,259.203,207.476,77.806,90.218,107.241,0.000,10.013,0.000,0.000,0.001,0.000,0.000,0.000
1805,614.108,247.352,204.934,77.731,90.181,104.745,0.000,10.005,0.000,0.000,0.001,0.000,0.000,0.000
1806,614.452,281.795,202.459,77.656,90.144,102.316,0.000,9.996,0.000,0.000,0.001,0.000,0.000,0.000
1807,614.795,228.833,200.052,77.582,90.109,99.952,0.000,9.987,0.000,0.000,0.001,0.000,0.000,0.000
1808,615.139,256.944,197.710,77.507,90.073,97.655,0.000,9.979,0.000,0.000,0.001,0.000,0.000,0.000
1809,615.482,245.167,195.434,77.432,90.038,95.422,0.000,9.970,0.000,0.000,0.001,0.000,0.000,0.000
1810,615.825,205.723,193.222,77.357,90.004,93.253,0.000,9.962,0.000,0.000,0.001,0.000,0.000,0.000
1811,616.169,203.722,191.075,77.283,89.971,91.147,0.000,9.954,0.000,0.000,0.001,0.000,0.000,0.000
1812,616.512,228.721,188.992,77.208,89.939,89.105,0.000,9.946,0.000,0.000,0.001,0.000,0.000,0.000
1813,616.856,234.832,186.973,77.133,89.908,87.124,0.000,9.938,0.000,0.000,0.001,0.000,0.000,0.000
1814,617.199,229.091,185.016,77.059,89.878,85.205,0.000,9.930,0.000,0.000,0.001,0.000,0.000,0.000
1815,617.542,210.721,183.119,76.984,89.849,83.345,0.000,9.923,0.000,0.000,0.001,0.000,0.000,0.000
1816,617.886,218.239,181.282,76.909,89.819,81.545,0.000,9.915,0.000,0.000,0.001,0.000,0.000,0.000
1817,618.229,197.240,179.501,76.835,89.789,79.802,0.000,9.907,0.000,0.000,0.001,0.000,0.000,0.000
1818,618.573,208.203,177.778,76.760,89.759,78.116,0.000,9.900,0.000,0.000,0.001,0.000,0.000,0.000
1819,618.916,209.646,176.110,76.685,89.729,76.486,0.000,9.892,0.000,0.000,0.001,0.000,0.000,0.000
1820,619.259,191.979,174.496,76.611,89.698,74.911,0.000,9.885,0.000,0.000,0.001,0.000,0.000,0.000
1821,619.603,205.016,172.937,76.536,89.667,73.390,0.000,9.877,0.000,0.000,0.000,0.000,0.000,0.000
1822,619.946,197.053,171.430,76.461,89.636,71.922,0.000,9.870,0.000,0.000,0.000,0.000,0.000,0.000
1823,620.289,163.425,169.974,76.386,89.605,70.505,0.000,9.862,0.000,0.000,0.000,0.000,0.000,0.000
1824,620.632,183.091,168.569,76.312,89.573,69.138,0.000,9.855,0.000,0.000,0.000,0.000,0.000,0.000
1825,620.976,211.053,167.213,76.237,89.542,67.821,0.000,9.848,0.000,0.000,0.000,0.000,0.000,0.000
1826,621.319,215.202,165.906,76.162,89.511,66.552,0.000,9.841,0.000,0.000,0.000,0.000,0.000,0.000
1827,621.662,198.424,164.646,76.088,89.481,65.329,0.000,9.833,0.000,0.000,0.000,0.000,0.000,0.000
1828,622.006,193.127,163.432,76.013,89.450,64.153,0.000,9.826,0.000,0.000,0.000,0.000,0.000,0.000
1829,622.349,175.237,162.262,75.938,89.419,63.021,0.000,9.820,0.000,0.000,0.000,0.000,0.000,0.000
1830,622.692,196.719,161.137,75.864,89.389,61.933,0.000,9.813,0.000,0.000,0.000,0.000,0.000,0.000
1831,623.035,194.868,160.054,75.789,89.360,60.886,0.000,9.806,0.000,0.000,0.000,0.000,0.000,0.000
1832,623.379,175.535,159.014,75.714,89.331,59.881,0.000,9.799,0.000,0.000,0.000,0.000,0.000,0.000
1833,623.722,170.608,158.013,75.639,89.302,58.916,0.000,9.793,0.000,0.000,0.000,0.000,0.000,0.000
1834,624.065,198.349,157.053,75.565,89.274,57.990,0.000,9.787,0.000,0.000,0.000,0.000,0.000,0.000
1835,624.408,142.164,156.131,75.490,89.247,57.101,0.000,9.780,0.000,0.000,0.000,0.000,0.000,0.000
1836,624.751,188.497,155.246,75.415,89.221,56.249,0.000,9.774,0.000,0.000,0.000,0.000,0.000,0.000
1837,625.094,178.793,154.398,75.341,89.196,55.432,0.000,9.768,0.000,0.000,0.000,0.000,0.000,0.000
1838,625.438,183.201,153.586,75.266,89.172,54.650,0.000,9.763,0.000,0.000,0.000,0.000,0.000,0.000
1839,625.781,172.571,152.808,75.191,89.149,53.900,0.000,9.757,0.000,0.000,0.000,0.000,0.000,0.000
1840,626.124,196.904,152.064,75.117,89.127,53.183,0.000,9.751,0.000,0.000,0.000,0.000,0.000,0.000
1841,626.467,158.164,151.353,75.042,89.108,52.497,0.000,9.746,0.000,0.000,0.000,0.000,0.000,0.000
1842,626.810,165.200,150.675,74.967,89.090,51.842,0.000,9.741,0.000,0.000,0.000,0.000,0.000,0.000
1843,627.153,145.200,150.031,74.893,89.073,51.220,0.000,9.736,0.000,0.000,0.000,0.000,0.000,0.000
1844,627.496,154.200,149.419,74.818,89.056,50.630,0.000,9.731,0.000,0.000,0.000,0.000,0.000,0.000
1845,627.840,176.940,148.837,74.743,89.040,50.069,0.000,9.727,0.000,0.000,0.000,0.000,0.000,0.000
1846,628.183,163.164,148.284,74.668,89.024,49.536,0.000,9.722,0.000,0.000,0.000,0.000,0.000,0.000
1847,628.526,176.940,147.758,74.594,89.008,49.030,0.000,9.718,0.000,0.000,0.000,0.000,0.000,0.000
1848,628.869,154.828,147.257,74.519,88.993,48.549,0.000,9.713,0.000,0.000,0.000,0.000,0.000,0.000
1849,629.212,148.386,146.781,74.444,88.978,48.092,0.000,9.709,0.000,0.000,0.000,0.000,0.000,0.000
1850,629.555,124.125,146.328,74.370,88.963,47.658,0.000,9.705,0.000,0.000,0.000,0.000,0.000,0.000
1851,629.898,148.940,145.896,74.295,88.949,47.245,0.000,9.701,0.000,0.000,0.000,0.000,0.000,0.000
1852,630.241,167.199,145.486,74.220,88.935,46.852,0.000,9.697,0.000,0.000,0.000,0.000,0.000,0.000
1853,630.584,162.274,145.095,74.146,88.921,46.479,0.000,9.693,0.000,0.000,0.000,0.000,0.000,0.000
1854,630.927,139.866,144.723,74.071,88.908,46.124,0.000,9.689,0.000,0.000,0.000,0.000,0.000,0.000
1855,631.270,147.792,144.369,73.996,88.896,45.786,0.000,9.686,0.000,0.000,0.000,0.000,0.000,0.000
1856,631.613,140.311,144.033,73.921,88.885,45.464,0.000,9.682,0.000,0.000,0.000,0.000,0.000,0.000
1857,631.956,160.347,143.712,73.847,88.874,45.158,0.000,9.679,0.000,0.000,0.000,0.000,0.000,0.000
1858,632.299,159.570,143.408,73.772,88.864,44.866,0.000,9.676,0.000,0.000,0.000,0.000,0.000,0.000
1859,632.642,141.903,143.118,73.697,88.855,44.588,0.000,9.673,0.000,0.000,0.000,0.000,0.000,0.000
1860,632.985,134.569,142.842,73.623,88.847,44.324,0.000,9.670,0.000,0.000,0.000,0.000,0.000,0.000
1861,633.328,133.977,142.581,73.548,88.840,44.071,0.000,9.667,0.000,0.000,0.000,0.000,0.000,0.000
1862,633.671,136.346,142.332,73.473,88.835,43.831,0.000,9.664,0.000,0.000,0.000,0.000,0.000,0.000
1863,634.014,160.865,142.096,73.399,88.831,43.601,0.000,9.662,0.000,0.000,0.000,0.000,0.000,0.000
1864,634.357,123.867,141.873,73.324,88.828,43.383,0.000,9.660,0.000,0.000,0.000,0.000,0.000,0.000
1865,634.700,152.125,141.661,73.249,88.827,43.174,0.000,9.658,0.000,0.000,0.000,0.000,0.000,0.000
1866,635.043,143.087,141.461,73.175,88.828,42.975,0.000,9.656,0.000,0.000,0.000,0.000,0.000,0.000
1867,635.385,127.644,141.272,73.100,88.830,42.785,0.000,9.654,0.000,0.000,0.000,0.000,0.000,0.000
1868,635.728,126.125,141.093,73.025,88.835,42.603,0.000,9.653,0.000,0.000,0.000,0.000,0.000,0.000
1869,636.071,144.236,140.926,72.950,88.842,42.430,0.000,9.652,0.000,0.000,0.000,0.000,0.000,0.000
1870,636.414,125.421,140.768,72.876,88.851,42.265,0.000,9.651,0.000,0.000,0.000,0.000,0.000,0.000
1871,636.757,129.347,140.621,72.801,88.863,42.107,0.000,9.650,0.000,0.000,0.000,0.000,0.000,0.000
1872,637.100,120.829,140.483,72.726,88.876,41.955,0.000,9.650,0.000,0.000,0.000,0.000,0.000,0.000
1873,637.443,123.753,140.353,72.652,88.891,41.811,0.000,9.650,0.000,0.000,0.000,0.000,0.000,0.000
1874,637.785,129.643,140.229,72.577,88.906,41.672,0.000,9.650,0.000,0.000,0.000,0.000,0.000,0.000
1875,638.128,114.828,140.112,72.502,88.923,41.538,0.000,9.650,0.000,0.000,0.000,0.000,0.000,0.000
1876,638.471,121.274,140.002,72.428,88.940,41.410,0.000,9.650,0.000,0.000,0.000,0.000,0.000,0.000
1877,638.814,109.458,139.898,72.353,88.959,41.287,0.000,9.650,0.000,0.000,0.000,0.000,0.000,0.000
1878,639.157,121.458,139.801,72.278,88.980,41.168,0.000,9.651,0.000,0.000,0.000,0.000,0.000,0.000
1879,639.499,133.717,139.709,72.203,89.001,41.054,0.000,9.652,0.000,0.000,0.000,0.000,0.000,0.000
1880,639.842,135.310,139.623,72.129,89.024,40.944,0.000,9.653,0.000,0.000,0.000,0.000,0.000,0.000
1881,640.185,124.679,139.542,72.054,89.049,40.838,0.000,9.654,0.000,0.000,0.000,0.000,0.000,0.000
1882,640.528,128.531,139.467,71.979,89.075,40.736,0.000,9.655,0.000,0.000,0.000,0.000,0.000,0.000
1883,640.870,116.754,139.398,71.905,89.103,40.637,0.000,9.657,0.000,0.000,0.000,0.000,0.000,0.000
1884,641.213,120.161,139.333,71.830,89.132,40.541,0.000,9.658,0.000,0.000,0.000,0.000,0.000,0.000
1885,641.556,110.050,139.274,71.755,89.163,40.449,0.000,9.660,0.000,0.000,0.000,0.000,0.000,0.000
1886,641.899,116.716,139.220,71.681,89.197,40.360,0.000,9.662,0.000,0.000,0.000,0.000,0.000,0.000
1887,642.241,139.643,139.172,71.606,89.232,40.273,0.000,9.665,0.000,0.000,0.000,0.000,0.000,0.000
1888,642.584,104.273,139.128,71.531,89.270,40.189,0.000,9.668,0.000,0.000,0.000,0.000,0.000,0.000
1889,642.927,113.680,139.089,71.457,89.310,40.107,0.000,9.671,0.000,0.000,0.000,0.000,0.000,0.000
1890,643.269,132.828,139.056,71.382,89.352,40.028,0.000,9.674,0.000,0.000,0.000,0.000,0.000,0.000
1891,643.612,118.975,139.027,71.307,89.397,39.951,0.000,9.677,0.000,0.000,0.000,0.000,0.000,0.000
1892,643.955,121.938,139.004,71.232,89.445,39.876,0.000,9.681,0.000,0.000,0.000,0.000,0.000,0.000
1893,644.297,115.420,138.986,71.158,89.495,39.803,0.000,9.685,0.000,0.000,0.000,0.000,0.000,0.000
1894,644.640,116.013,138.973,71.083,89.549,39.732,0.000,9.690,0.000,0.000,0.000,0.000,0.000,0.000
1895,644.983,122.643,138.966,71.008,89.606,39.663,0.000,9.695,0.000,0.000,0.000,0.000,0.000,0.000
1896,645.325,114.569,138.964,70.934,89.667,39.596,0.000,9.700,0.000,0.000,0.000,0.000,0.000,0.000
1897,645.668,128.643,138.968,70.859,89.731,39.531,0.000,9.705,0.000,0.000,0.000,0.000,0.000,0.000
1898,646.010,126.234,138.978,70.784,89.799,39.467,0.000,9.711,0.000,0.000,0.000,0.000,0.000,0.000
1899,646.353,126.051,138.994,70.710,89.871,39.404,0.000,9.717,0.000,0.000,0.000,0.000,0.000,0.000
1900,646.696,121.013,139.015,70.635,89.947,39.343,0.000,9.724,0.000,0.000,0.000,0.000,0.000,0.000
1901,647.038,117.568,139.041,70.560,90.025,39.283,0.000,9.731,0.000,0.000,0.000,0.000,0.000,0.000
1902,647.381,129.419,139.071,70.485,90.107,39.225,0.000,9.738,0.000,0.000,0.000,0.000,0.000,0.000
1903,647.723,117.938,139.105,70.411,90.191,39.167,0.000,9.746,0.000,0.000,0.000,0.000,0.000,0.000
1904,648.066,123.716,139.143,70.336,90.277,39.110,0.000,9.754,0.000,0.000,0.000,0.000,0.000,0.000
1905,648.408,135.568,139.185,70.261,90.367,39.054,0.000,9.762,0.000,0.000,0.000,0.000,0.000,0.000
1906,648.751,124.384,139.231,70.187,90.460,38.999,0.000,9.771,0.000,0.000,0.000,0.000,0.000,0.000
1907,649.093,137.013,139.281,70.112,90.555,38.944,0.000,9.780,0.000,0.000,0.000,0.000,0.000,0.000
1908,649.436,121.272,139.335,70.037,90.654,38.890,0.000,9.789,0.000,0.000,0.000,0.000,0.000,0.000
1909,649.778,125.160,139.393,69.963,90.756,38.837,0.000,9.799,0.000,0.000,0.000,0.000,0.000,0.000
1910,650.121,126.234,139.456,69.888,90.862,38.784,0.000,9.809,0.000,0.000,0.000,0.000,0.000,0.000
1911,650.463,109.198,139.523,69.813,90.971,38.731,0.000,9.819,0.000,0.000,0.000,0.000,0.000,0.000
1912,650.806,130.161,139.594,69.739,91.083,38.679,0.000,9.830,0.000,0.000,0.000,0.000,0.000,0.000
1913,651.148,92.346,139.670,69.664,91.200,38.628,0.000,9.841,0.000,0.000,0.000,0.000,0.000,0.000
1914,651.491,96.939,139.752,69.589,91.320,38.577,0.000,9.853,0.000,0.000,0.000,0.000,0.000,0.000
1915,651.833,107.938,139.838,69.514,91.445,38.526,0.000,9.865,0.000,0.000,0.000,0.000,0.000,0.000
1916,652.175,109.790,139.929,69.440,91.574,38.476,0.000,9.878,0.000,0.000,0.000,0.000,0.000,0.000
1917,652.518,113.457,140.025,69.365,91.707,38.426,0.000,9.891,0.000,0.000,0.000,0.000,0.000,0.000
1918,652.860,120.012,140.128,69.290,91.845,38.376,0.000,9.904,0.000,0.000,0.000,0.000,0.000,0.000
1919,653.203,114.531,140.235,69.216,91.988,38.327,0.000,9.919,0.000,0.000,0.000,0.000,0.000,0.000
1920,653.545,108.235,140.348,69.141,92.136,38.278,0.000,9.933,0.000,0.000,0.000,0.000,0.000,0.000
1921,653.887,120.050,140.468,69.066,92.288,38.230,0.000,9.948,0.000,0.000,0.000,0.000,0.000,0.000
1922,654.230,106.680,140.592,68.992,92.445,38.182,0.000,9.964,0.000,0.000,0.000,0.000,0.000,0.000
1923,654.572,119.754,140.719,68.917,92.602,38.134,0.000,9.981,0.000,0.000,0.000,0.000,0.000,0.000
1924,654.914,115.234,140.846,68.842,92.760,38.087,0.000,9.998,0.000,0.000,0.000,0.000,0.000,0.000
1925,655.257,125.345,140.974,68.767,92.917,38.040,0.000,10.015,0.000,0.000,0.000,0.000,0.000,0.000
1926,655.599,112.086,141.103,68.693,93.074,37.993,0.000,10.034,0.000,0.000,0.000,0.000,0.000,0.000
1927,655.941,114.236,141.232,68.618,93.231,37.947,0.000,10.053,0.000,0.000,0.000,0.000,0.000,0.000
1928,656.284,105.457,141.361,68.543,93.387,37.900,0.000,10.072,0.000,0.000,0.000,0.000,0.000,0.000
1929,656.626,110.087,141.491,68.469,93.543,37.854,0.000,10.092,0.000,0.000,0.000,0.000,0.000,0.000
1930,656.968,121.753,141.621,68.394,93.698,37.808,0.000,10.113,0.000,0.000,0.000,0.000,0.000,0.000
1931,657.310,133.086,141.750,68.319,93.852,37.762,0.000,10.135,0.000,0.000,0.000,0.000,0.000,0.000
1932,657.653,83.234,141.880,68.245,94.005,37.717,0.000,10.157,0.000,0.000,0.000,0.000,0.000,0.000
1933,657.995,123.605,142.009,68.170,94.157,37.671,0.000,10.179,0.000,0.000,0.000,0.000,0.000,0.000
1934,658.337,112.013,142.137,68.095,94.308,37.625,0.000,10.203,0.000,0.000,0.000,0.000,0.000,0.000
1935,658.679,127.975,142.265,68.020,94.458,37.579,0.000,10.227,0.000,0.000,0.000,0.000,0.000,0.000
1936,659.022,106.679,142.392,67.946,94.607,37.533,0.000,10.252,0.000,0.000,0.000,0.000,0.000,0.000
1937,659.364,128.345,142.518,67.871,94.753,37.487,0.000,10.277,0.000,0.000,0.000,0.000,0.000,0.000
1938,659.706,109.383,142.644,67.796,94.899,37.441,0.000,10.303,0.000,0.000,0.000,0.000,0.000,0.000
1939,660.048,91.160,142.768,67.722,95.042,37.394,0.000,10.330,0.000,0.000,0.000,0.000,0.000,0.000
1940,660.390,131.976,142.891,67.647,95.183,37.348,0.000,10.358,0.000,0.000,0.000,0.000,0.000,0.000
1941,660.733,126.271,143.012,67.572,95.322,37.302,0.000,10.386,0.000,0.000,0.000,0.000,0.000,0.000
1942,661.075,110.234,143.133,67.498,95.459,37.256,0.000,10.415,0.000,0.000,0.000,0.000,0.000,0.000
1943,661.417,106.827,143.252,67.423,95.594,37.210,0.000,10.446,0.000,0.000,0.000,0.000,0.000,0.000
1944,661.759,121.826,143.369,67.348,95.726,37.165,0.000,10.476,0.000,0.000,0.000,0.000,0.000,0.000
1945,662.101,137.568,143.484,67.274,95.856,37.119,0.000,10.508,0.000,0.000,0.000,0.000,0.000,0.000
1946,662.443,109.679,143.598,67.199,95.983,37.073,0.000,10.541,0.000,0.000,0.000,0.000,0.000,0.000
1947,662.785,115.420,143.711,67.124,96.108,37.027,0.000,10.575,0.000,0.000,0.000,0.000,0.000,0.000
1948,663.127,95.605,143.821,67.049,96.229,36.982,0.000,10.609,0.000,0.000,0.000,0.000,0.000,0.000
1949,663.470,117.901,143.930,66.975,96.348,36.936,0.000,10.645,0.000,0.000,0.000,0.000,0.000,0.000
1950,663.812,131.641,144.038,66.900,96.464,36.891,0.000,10.681,0.000,0.000,0.000,0.000,0.000,0.000
1951,664.154,107.123,144.143,66.825,96.577,36.846,0.000,10.719,0.000,0.000,0.000,0.000,0.000,0.000
1952,664.496,111.308,144.246,66.751,96.686,36.801,0.000,10.757,0.000,0.000,0.000,0.000,0.000,0.000
1953,664.838,91.568,144.348,66.676,96.793,36.756,0.000,10.797,0.000,0.000,0.000,0.000,0.000,0.000
1954,665.180,115.605,144.447,66.601,96.896,36.712,0.000,10.838,0.000,0.000,0.000,0.000,0.000,0.000
1955,665.522,98.568,144.544,66.527,96.996,36.667,0.000,10.880,0.000,0.000,0.000,0.000,0.000,0.000
1956,665.864,113.122,144.640,66.452,97.092,36.623,0.000,10.923,0.000,0.000,0.000,0.000,0.000,0.000
1957,666.206,118.050,144.733,66.377,97.185,36.580,0.000,10.967,0.000,0.000,0.000,0.000,0.000,0.000
1958,666.548,114.530,144.823,66.302,97.273,36.536,0.000,11.013,0.000,0.000,0.000,0.000,0.000,0.000
1959,666.890,111.013,144.910,66.228,97.356,36.493,0.000,11.059,0.000,0.000,0.000,0.000,0.000,0.000
1960,667.232,114.567,144.991,66.153,97.434,36.449,0.000,11.107,0.000,0.000,0.000,0.000,0.000,0.000
1961,667.574,119.160,145.069,66.078,97.506,36.406,0.000,11.156,0.000,0.000,0.000,0.000,0.000,0.000
1962,667.916,113.456,145.142,66.004,97.572,36.362,0.000,11.206,0.000,0.000,0.000,0.000,0.000,0.000
1963,668.258,118.308,145.211,65.929,97.633,36.319,0.000,11.258,0.000,0.000,0.000,0.000,0.000,0.000
1964,668.600,126.530,145.274,65.854,97.687,36.275,0.000,11.310,0.000,0.000,0.000,0.000,0.000,0.000
1965,668.942,103.643,145.334,65.780,97.736,36.232,0.000,11.364,0.000,0.000,0.000,0.000,0.000,0.000
1966,669.283,114.641,145.388,65.705,97.779,36.188,0.000,11.420,0.000,0.000,0.000,0.000,0.000,0.000
1967,669.625,110.012,145.438,65.630,97.815,36.145,0.000,11.477,0.000,0.000,0.000,0.000,0.000,0.000
1968,669.967,128.420,145.483,65.556,97.846,36.101,0.000,11.535,0.000,0.000,0.000,0.000,0.000,0.000
1969,670.309,117.235,145.524,65.481,97.870,36.058,0.000,11.594,0.000,0.000,0.000,0.000,0.000,0.000
1970,670.651,112.198,145.559,65.406,97.888,36.015,0.000,11.655,0.000,0.000,0.000,0.000,0.000,0.000
1971,670.993,130.640,145.590,65.331,97.899,35.972,0.000,11.718,0.000,0.000,0.000,0.000,0.000,0.000
1972,671.335,107.345,145.617,65.257,97.905,35.929,0.000,11.782,0.000,0.000,0.000,0.000,0.000,0.000
1973,671.677,91.679,145.638,65.182,97.904,35.886,0.000,11.848,0.000,0.000,0.000,0.000,0.000,0.000
1974,672.018,137.679,145.656,65.107,97.896,35.844,0.000,11.915,0.000,0.000,0.000,0.000,0.000,0.000
1975,672.360,122.863,145.669,65.033,97.882,35.802,0.000,11.984,0.000,0.000,0.000,0.000,0.000,0.000
1976,672.702,111.086,145.677,64.958,97.862,35.759,0.000,12.054,0.000,0.000,0.000,0.000,0.000,0.000
1977,673.044,142.752,145.681,64.883,97.836,35.717,0.000,12.127,0.000,0.000,0.000,0.000,0.000,0.000
1978,673.386,117.790,145.681,64.809,97.804,35.675,0.000,12.201,0.000,0.000,0.000,0.000,0.000,0.000
1979,673.727,104.901,145.676,64.734,97.766,35.633,0.000,12.277,0.000,0.000,0.000,0.000,0.000,0.000
1980,674.069,117.531,145.668,64.659,97.721,35.591,0.000,12.354,0.000,0.000,0.000,0.000,0.000,0.000
1981,674.411,104.679,145.656,64.584,97.671,35.550,0.000,12.434,0.000,0.000,0.000,0.000,0.000,0.000
1982,674.753,117.790,145.640,64.510,97.615,35.508,0.000,12.516,0.000,0.000,0.000,0.000,0.000,0.000
1983,675.094,132.789,145.621,64.435,97.552,35.468,0.000,12.599,0.000,0.000,0.000,0.000,0.000,0.000
1984,675.436,105.124,145.598,64.360,97.485,35.427,0.000,12.685,0.000,0.000,0.000,0.000,0.000,0.000
1985,675.778,112.012,145.572,64.286,97.411,35.387,0.000,12.773,0.000,0.000,0.000,0.000,0.000,0.000
1986,676.119,120.864,145.543,64.211,97.332,35.347,0.000,12.862,0.000,0.000,0.000,0.000,0.000,0.000
1987,676.461,115.938,145.508,64.136,97.245,35.308,0.000,12.954,0.000,0.000,0.000,0.000,0.000,0.000
1988,676.803,140.196,145.469,64.062,97.152,35.268,0.000,13.048,0.000,0.000,0.000,0.000,0.000,0.000
1989,677.145,136.974,145.425,63.987,97.052,35.228,0.000,13.144,0.000,0.000,0.000,0.000,0.000,0.000
1990,677.486,122.419,145.377,63.912,96.944,35.189,0.000,13.242,0.000,0.000,0.000,0.000,0.000,0.000
1991,677.828,119.789,145.323,63.838,96.830,35.150,0.000,13.342,0.000,0.000,0.000,0.000,0.000,0.000
1992,678.170,112.123,145.266,63.763,96.709,35.110,0.000,13.445,0.000,0.000,0.000,0.000,0.000,0.000
1993,678.511,104.716,145.204,63.688,96.582,35.071,0.000,13.550,0.000,0.000,0.000,0.000,0.000,0.000
1994,678.853,129.196,145.138,63.613,96.448,35.032,0.000,13.657,0.000,0.000,0.000,0.000,0.000,0.000
1995,679.194,119.456,145.068,63.539,96.307,34.993,0.000,13.767,0.000,0.000,0.000,0.000,0.000,0.000
1996,679.536,124.197,144.995,63.464,96.160,34.954,0.000,13.879,0.000,0.000,0.000,0.000,0.000,0.000
1997,679.878,109.308,144.917,63.389,96.007,34.915,0.000,13.994,0.000,0.000,0.000,0.000,0.000,0.000
1998,680.219,114.604,144.837,63.315,95.848,34.876,0.000,14.112,0.000,0.000,0.000,0.000,0.000,0.000
1999,680.561,126.974,144.753,63.240,95.682,34.838,0.000,14.232,0.000,0.000,0.000,0.000,0.000,0.000
2000,680.902,123.049,144.666,63.165,95.511,34.799,0.000,14.354,0.000,0.000,0.000,0.000,0.000,0.000
2001,681.244,122.122,144.577,63.091,95.335,34.761,0.000,14.480,0.000,0.000,0.000,0.000,0.000,0.000
2002,681.585,142.604,144.485,63.016,95.153,34.723,0.000,14.608,0.000,0.000,0.000,0.000,0.000,0.000
2003,681.927,118.678,144.391,62.941,94.966,34.685,0.000,14.740,0.000,0.000,0.000,0.000,0.000,0.000
2004,682.268,133.233,144.295,62.866,94.773,34.647,0.000,14.874,0.000,0.000,0.000,0.000,0.000,0.000
2005,682.610,131.308,144.198,62.792,94.576,34.609,0.000,15.011,0.000,0.000,0.000,0.000,0.000,0.000
2006,682.951,109.974,144.099,62.717,94.374,34.572,0.000,15.152,0.000,0.000,0.000,0.000,0.000,0.000
2007,683.293,122.678,143.999,62.642,94.168,34.534,0.000,15.295,0.000,0.000,0.000,0.000,0.000,0.000
2008,683.634,112.974,143.898,62.568,93.958,34.497,0.000,15.442,0.000,0.000,0.000,0.000,0.000,0.000
2009,683.976,110.234,143.797,62.493,93.743,34.460,0.000,15.592,0.000,0.000,0.000,0.000,0.000,0.000
2010,684.317,114.049,143.696,62.418,93.525,34.424,0.000,15.746,0.000,0.000,0.000,0.000,0.000,0.000
2011,684.659,113.604,143.595,62.344,93.304,34.388,0.000,15.903,0.000,0.000,0.000,0.000,0.000,0.000
2012,685.000,113.196,143.495,62.269,93.079,34.352,0.000,16.063,0.000,0.000,0.000,0.000,0.000,0.000
2013,685.342,126.714,143.397,62.194,92.852,34.316,0.000,16.228,0.000,0.000,0.000,0.000,0.000,0.000
2014,685.683,123.937,143.298,62.120,92.621,34.281,0.000,16.396,0.000,0.000,0.000,0.000,0.000,0.000
2015,686.024,95.233,143.200,62.045,92.386,34.245,0.000,16.567,0.000,0.000,0.000,0.000,0.000,0.000
2016,686.366,126.197,143.102,61.970,92.148,34.210,0.000,16.743,0.000,0.000,0.000,0.000,0.000,0.000
2017,686.707,121.381,143.005,61.895,91.906,34.175,0.000,16.922,0.000,0.000,0.000,0.000,0.000,0.000
2018,687.049,116.863,142.908,61.821,91.660,34.140,0.000,17.106,0.000,0.000,0.000,0.000,0.000,0.000
2019,687.390,101.752,142.811,61.746,91.412,34.105,0.000,17.293,0.000,0.000,0.000,0.000,0.000,0.000
2020,687.731,124.271,142.716,61.671,91.160,34.070,0.000,17.485,0.000,0.000,0.000,0.000,0.000,0.000
2021,688.073,118.937,142.623,61.597,90.905,34.035,0.000,17.681,0.000,0.000,0.000,0.000,0.000,0.000
2022,688.414,113.826,142.531,61.522,90.648,34.000,0.000,17.881,0.000,0.000,0.000,0.000,0.000,0.000
2023,688.755,106.308,142.441,61.447,90.388,33.965,0.000,18.086,0.000,0.000,0.000,0.000,0.000,0.000
2024,689.096,129.345,142.353,61.373,90.126,33.931,0.000,18.295,0.000,0.000,0.000,0.000,0.000,0.000
2025,689.438,105.789,142.268,61.298,89.861,33.896,0.000,18.509,0.000,0.000,0.000,0.000,0.000,0.000
2026,689.779,132.492,142.186,61.223,89.595,33.862,0.000,18.728,0.000,0.000,0.000,0.000,0.000,0.000
2027,690.120,105.085,142.107,61.148,89.327,33.827,0.000,18.951,0.000,0.000,0.000,0.000,0.000,0.000
2028,690.462,139.752,142.031,61.074,89.058,33.793,0.000,19.180,0.000,0.000,0.000,0.000,0.000,0.000
2029,690.803,127.641,141.960,60.999,88.787,33.759,0.000,19.413,0.000,0.000,0.000,0.000,0.000,0.000
2030,691.144,120.900,141.893,60.924,88.515,33.725,0.000,19.652,0.000,0.000,0.000,0.000,0.000,0.000
2031,691.485,130.049,141.830,60.850,88.242,33.691,0.000,19.896,0.000,0.000,0.000,0.000,0.000,0.000
2032,691.827,135.974,141.773,60.775,87.969,33.657,0.000,20.146,0.000,0.000,0.000,0.000,0.000,0.000
2033,692.168,138.011,141.720,60.700,87.695,33.623,0.000,20.401,0.000,0.000,0.000,0.000,0.000,0.000
2034,692.509,118.048,141.673,60.626,87.421,33.589,0.000,20.661,0.000,0.000,0.000,0.000,0.000,0.000
2035,692.850,146.307,141.632,60.551,87.147,33.556,0.000,20.928,0.000,0.000,0.000,0.000,0.000,0.000
2036,693.191,124.085,141.598,60.476,86.873,33.523,0.000,21.201,0.000,0.000,0.000,0.000,0.000,0.000
2037,693.532,146.974,141.570,60.402,86.600,33.490,0.000,21.479,0.000,0.000,0.000,0.000,0.000,0.000
2038,693.874,131.899,141.550,60.327,86.328,33.457,0.000,21.764,0.000,0.000,0.000,0.000,0.000,0.000
2039,694.215,113.751,141.537,60.252,86.056,33.425,0.000,22.055,0.000,0.000,0.000,0.000,0.000,0.000
2040,694.556,138.753,141.532,60.177,85.786,33.392,0.000,22.353,0.000,0.000,0.000,0.000,0.000,0.000
2041,694.897,111.455,141.536,60.103,85.517,33.360,0.000,22.657,0.000,0.000,0.000,0.000,0.000,0.000
2042,695.238,119.197,141.548,60.028,85.250,33.329,0.000,22.969,0.000,0.000,0.000,0.000,0.000,0.000
2043,695.579,123.789,141.570,59.953,84.984,33.298,0.000,23.287,0.000,0.000,0.000,0.000,0.000,0.000
2044,695.920,125.382,141.599,59.879,84.720,33.266,0.000,23.612,0.000,0.000,0.000,0.000,0.000,0.000
2045,696.261,135.566,141.637,59.804,84.456,33.235,0.000,23.945,0.000,0.000,0.000,0.000,0.000,0.000
2046,696.602,127.049,141.684,59.729,84.194,33.204,0.000,24.284,0.000,0.000,0.000,0.000,0.000,0.000
2047,696.944,138.790,141.739,59.655,83.933,33.174,0.000,24.632,0.000,0.000,0.000,0.000,0.000,0.000
2048,697.285,138.382,141.804,59.580,83.673,33.143,0.000,24.987,0.000,0.000,0.000,0.000,0.000,0.000
2049,697.626,138.974,141.878,59.505,83.415,33.112,0.000,25.350,0.000,0.000,0.000,0.000,0.000,0.000
2050,697.967,109.159,141.963,59.430,83.159,33.081,0.000,25.721,0.000,0.000,0.000,0.000,0.000,0.000
2051,698.308,137.197,142.057,59.356,82.904,33.051,0.000,26.101,0.000,0.000,0.000,0.000,0.000,0.000
2052,698.649,150.604,142.162,59.281,82.652,33.020,0.000,26.488,0.000,0.000,0.000,0.000,0.000,0.000
2053,698.990,116.382,142.278,59.206,82.402,32.990,0.000,26.885,0.000,0.000,0.000,0.000,0.000,0.000
2054,699.331,140.418,142.405,59.132,82.154,32.960,0.000,27.290,0.000,0.000,0.000,0.000,0.000,0.000
2055,699.672,129.122,142.543,59.057,81.908,32.930,0.000,27.704,0.000,0.000,0.000,0.000,0.000,0.000
2056,700.013,142.492,142.694,58.982,81.665,32.899,0.000,28.128,0.000,0.000,0.000,0.000,0.000,0.000
2057,700.354,124.679,142.856,58.908,81.425,32.870,0.000,28.561,0.000,0.000,0.000,0.000,0.000,0.000
2058,700.694,154.159,143.031,58.833,81.187,32.840,0.000,29.003,0.000,0.000,0.000,0.000,0.000,0.000
2059,701.035,155.973,143.220,58.758,80.952,32.810,0.000,29.456,0.000,0.000,0.000,0.000,0.000,0.000
2060,701.376,127.234,143.421,58.684,80.721,32.781,0.000,29.918,0.000,0.000,0.000,0.000,0.000,0.000
2061,701.717,152.344,143.636,58.609,80.493,32.752,0.000,30.391,0.000,0.000,0.000,0.000,0.000,0.000
2062,702.058,137.085,143.866,58.534,80.268,32.723,0.000,30.874,0.000,0.000,0.000,0.000,0.000,0.000
2063,702.399,144.973,144.110,58.459,80.046,32.694,0.000,31.368,0.000,0.000,0.000,0.000,0.000,0.000
2064,702.740,163.530,144.368,58.385,79.828,32.665,0.000,31.874,0.000,0.000,0.000,0.000,0.000,0.000
2065,703.081,118.381,144.643,58.310,79.614,32.637,0.000,32.390,0.000,0.000,0.000,0.000,0.000,0.000
2066,703.422,144.196,144.932,58.235,79.404,32.609,0.000,32.918,0.000,0.000,0.000,0.000,0.000,0.000
2067,703.762,162.011,145.238,58.161,79.198,32.581,0.000,33.458,0.000,0.000,0.000,0.000,0.000,0.000
2068,704.103,157.825,145.560,58.086,78.996,32.554,0.000,34.009,0.000,0.000,0.000,0.000,0.000,0.000
2069,704.444,142.640,145.900,58.011,78.799,32.526,0.000,34.573,0.000,0.000,0.000,0.000,0.000,0.000
2070,704.785,165.456,146.257,57.937,78.605,32.500,0.000,35.150,0.000,0.000,0.000,0.000,0.000,0.000
2071,705.126,143.085,146.632,57.862,78.416,32.474,0.000,35.741,0.000,0.000,0.000,0.000,0.000,0.000
2072,705.466,164.345,147.022,57.787,78.229,32.448,0.000,36.344,0.000,0.000,0.000,0.000,0.000,0.000
2073,705.807,152.566,147.421,57.712,78.044,32.422,0.000,36.954,0.000,0.000,0.000,0.000,0.000,0.000
2074,706.148,142.123,147.827,57.638,77.862,32.397,0.000,37.567,0.000,0.000,0.000,0.000,0.000,0.000
2075,706.489,141.826,148.239,57.563,77.682,32.372,0.000,38.184,0.000,0.000,0.000,0.000,0.000,0.000
2076,706.830,131.418,148.656,57.488,77.505,32.347,0.000,38.803,0.000,0.000,0.000,0.000,0.000,0.000
2077,707.170,143.604,149.080,57.414,77.332,32.322,0.000,39.425,0.000,0.000,0.000,0.000,0.000,0.000
2078,707.511,138.900,149.508,57.339,77.160,32.297,0.000,40.049,0.000,0.000,0.000,0.000,0.000,0.000
2079,707.852,139.123,149.941,57.264,76.992,32.273,0.000,40.675,0.000,0.000,0.000,0.000,0.000,0.000
2080,708.192,137.678,150.378,57.190,76.826,32.248,0.000,41.302,0.000,0.000,0.000,0.000,0.000,0.000
2081,708.533,142.344,150.819,57.115,76.663,32.224,0.000,41.930,0.000,0.000,0.000,0.000,0.000,0.000
2082,708.874,144.159,151.264,57.040,76.503,32.200,0.000,42.559,0.000,0.000,0.000,0.000,0.000,0.000
2083,709.214,157.714,151.712,56.966,76.346,32.177,0.000,43.188,0.000,0.000,0.000,0.000,0.000,0.000
2084,709.555,149.085,152.162,56.891,76.191,32.153,0.000,43.817,0.000,0.000,0.000,0.000,0.000,0.000
2085,709.896,144.826,152.615,56.816,76.039,32.130,0.000,44.445,0.000,0.000,0.000,0.000,0.000,0.000
2086,710.236,115.862,153.070,56.741,75.890,32.108,0.000,45.071,0.000,0.000,0.000,0.000,0.000,0.000
2087,710.577,165.937,153.527,56.667,75.744,32.085,0.000,45.697,0.000,0.000,0.000,0.000,0.000,0.000
2088,710.918,158.159,153.984,56.592,75.600,32.063,0.000,46.320,0.000,0.000,0.000,0.000,0.000,0.000
2089,711.258,170.751,154.442,56.517,75.460,32.041,0.000,46.941,0.000,0.000,0.000,0.000,0.000,0.000
2090,711.599,159.493,154.901,56.443,75.322,32.019,0.000,47.559,0.000,0.000,0.000,0.000,0.000,0.000
2091,711.939,154.307,155.359,56.368,75.186,31.998,0.000,48.173,0.000,0.000,0.000,0.000,0.000,0.000
2092,712.280,163.863,155.816,56.293,75.054,31.977,0.000,48.784,0.000,0.000,0.000,0.000,0.000,0.000
2093,712.621,163.975,156.273,56.219,74.924,31.957,0.000,49.390,0.000,0.000,0.000,0.000,0.000,0.000
2094,712.961,170.641,156.727,56.144,74.798,31.936,0.000,49.992,0.000,0.000,0.000,0.000,0.000,0.000
2095,713.302,158.011,157.180,56.069,74.674,31.917,0.000,50.588,0.000,0.000,0.000,0.000,0.000,0.000
2096,713.642,175.307,157.631,55.994,74.553,31.897,0.000,51.179,0.000,0.000,0.000,0.000,0.000,0.000
2097,713.983,141.900,158.078,55.920,74.435,31.878,0.000,51.764,0.000,0.000,0.000,0.000,0.000,0.000
2098,714.323,161.418,158.522,55.845,74.319,31.860,0.000,52.342,0.000,0.000,0.000,0.000,0.000,0.000
2099,714.664,180.011,158.963,55.770,74.207,31.842,0.000,52.912,0.000,0.000,0.000,0.000,0.000,0.000
2100,715.004,150.789,159.399,55.696,74.098,31.825,0.000,53.475,0.000,0.000,0.000,0.000,0.000,0.000
2101,715.345,158.233,159.831,55.621,73.991,31.808,0.000,54.031,0.000,0.000,0.000,0.000,0.000,0.000
2102,715.685,171.196,160.256,55.546,73.887,31.791,0.000,54.577,0.000,0.000,0.000,0.000,0.000,0.000
2103,716.025,175.492,160.675,55.472,73.785,31.775,0.000,55.114,0.000,0.000,0.000,0.000,0.000,0.000
2104,716.366,164.344,161.087,55.397,73.685,31.758,0.000,55.642,0.000,0.000,0.000,0.000,0.000,0.000
2105,716.706,161.751,161.491,55.322,73.587,31.743,0.000,56.160,0.000,0.000,0.000,0.000,0.000,0.000
2106,717.047,173.159,161.891,55.248,73.496,31.727,0.000,56.667,0.000,0.000,0.000,0.000,0.000,0.000
2107,717.387,185.529,162.282,55.173,73.405,31.712,0.000,57.164,0.000,0.000,0.000,0.000,0.000,0.000
2108,717.728,154.344,162.660,55.098,73.313,31.697,0.000,57.649,0.000,0.000,0.000,0.000,0.000,0.000
2109,718.068,173.567,163.028,55.023,73.222,31.682,0.000,58.122,0.000,0.000,0.000,0.000,0.000,0.000
2110,718.408,187.936,163.386,54.949,73.134,31.668,0.000,58.583,0.000,0.000,0.000,0.000,0.000,0.000
2111,718.749,159.344,163.734,54.874,73.047,31.654,0.000,59.032,0.000,0.000,0.000,0.000,0.000,0.000
2112,719.089,171.381,164.071,54.799,72.963,31.640,0.000,59.467,0.000,0.000,0.000,0.000,0.000,0.000
2113,719.429,162.492,164.396,54.725,72.880,31.627,0.000,59.889,0.000,0.000,0.000,0.000,0.000,0.000
2114,719.770,165.937,164.710,54.650,72.799,31.614,0.000,60.296,0.000,0.000,0.000,0.000,0.000,0.000
2115,720.110,169.233,165.012,54.575,72.720,31.601,0.000,60.690,0.000,0.000,0.000,0.000,0.000,0.000
2116,720.450,146.418,165.301,54.501,72.642,31.589,0.000,61.069,0.000,0.000,0.000,0.000,0.000,0.000
2117,720.791,166.011,165.578,54.426,72.567,31.577,0.000,61.433,0.000,0.000,0.000,0.000,0.000,0.000
2118,721.131,162.454,165.841,54.351,72.493,31.565,0.000,61.781,0.000,0.000,0.000,0.000,0.000,0.000
2119,721.471,165.381,166.091,54.276,72.421,31.554,0.000,62.114,0.000,0.000,0.000,0.000,0.000,0.000
2120,721.811,145.900,166.327,54.202,72.351,31.543,0.000,62.431,0.000,0.000,0.000,0.000,0.000,0.000
2121,722.152,144.196,166.549,54.127,72.283,31.533,0.000,62.732,0.000,0.000,0.000,0.000,0.000,0.000
2122,722.492,176.863,166.757,54.052,72.218,31.523,0.000,63.015,0.000,0.000,0.000,0.000,0.000,0.000
2123,722.832,161.530,166.951,53.978,72.154,31.513,0.000,63.282,0.000,0.000,0.000,0.000,0.000,0.000
2124,723.172,148.604,167.130,53.903,72.093,31.504,0.000,63.532,0.000,0.000,0.000,0.000,0.000,0.000
2125,723.512,157.714,167.295,53.828,72.034,31.496,0.000,63.764,0.000,0.000,0.000,0.000,0.000,0.000
2126,723.853,177.603,167.444,53.754,71.977,31.487,0.000,63.979,0.000,0.000,0.000,0.000,0.000,0.000
2127,724.193,177.011,167.579,53.679,71.923,31.480,0.000,64.175,0.000,0.000,0.000,0.000,0.000,0.000
2128,724.533,178.492,167.699,53.604,71.871,31.473,0.000,64.354,0.000,0.000,0.000,0.000,0.000,0.000
2129,724.873,158.419,167.803,53.530,71.821,31.466,0.000,64.514,0.000,0.000,0.000,0.000,0.000,0.000
2130,725.213,159.714,167.892,53.455,71.774,31.460,0.000,64.656,0.000,0.000,0.000,0.000,0.000,0.000
2131,725.553,152.825,167.963,53.380,71.728,31.454,0.000,64.779,0.000,0.000,0.000,0.000,0.000,0.000
2132,725.894,155.456,168.018,53.305,71.684,31.449,0.000,64.884,0.000,0.000,0.000,0.000,0.000,0.000
2133,726.234,172.233,168.056,53.231,71.641,31.444,0.000,64.969,0.000,0.000,0.000,0.000,0.000,0.000
2134,726.574,162.973,168.077,53.156,71.600,31.439,0.000,65.036,0.000,0.000,0.000,0.000,0.000,0.000
2135,726.914,187.085,168.081,53.081,71.561,31.435,0.000,65.084,0.000,0.000,0.000,0.000,0.000,0.000
2136,727.254,167.048,168.068,53.007,71.523,31.431,0.000,65.112,0.000,0.000,0.000,0.000,0.000,0.000
2137,727.594,127.011,168.038,52.932,71.487,31.428,0.000,65.121,0.000,0.000,0.000,0.000,0.000,0.000
2138,727.934,159.233,167.990,52.857,71.452,31.425,0.000,65.112,0.000,0.000,0.000,0.000,0.000,0.000
2139,728.274,150.751,167.925,52.783,71.420,31.422,0.000,65.082,0.000,0.000,0.000,0.000,0.000,0.000
2140,728.614,166.121,167.844,52.708,71.389,31.420,0.000,65.034,0.000,0.000,0.000,0.000,0.000,0.000
2141,728.954,160.973,167.745,52.633,71.359,31.418,0.000,64.967,0.000,0.000,0.000,0.000,0.000,0.000
2142,729.294,152.196,167.630,52.558,71.332,31.416,0.000,64.881,0.000,0.000,0.000,0.000,0.000,0.000
2143,729.634,156.789,167.498,52.484,71.307,31.415,0.000,64.775,0.000,0.000,0.000,0.000,0.000,0.000
2144,729.974,178.787,167.350,52.409,71.283,31.415,0.000,64.651,0.000,0.000,0.000,0.000,0.000,0.000
2145,730.314,171.714,167.186,52.334,71.262,31.415,0.000,64.508,0.000,0.000,0.000,0.000,0.000,0.000
2146,730.654,135.899,167.005,52.260,71.243,31.415,0.000,64.346,0.000,0.000,0.000,0.000,0.000,0.000
2147,730.994,135.529,166.809,52.185,71.226,31.416,0.000,64.166,0.000,0.000,0.000,0.000,0.000,0.000
2148,731.334,180.307,166.597,52.110,71.211,31.417,0.000,63.967,0.000,0.000,0.000,0.000,0.000,0.000
2149,731.674,150.937,166.370,52.036,71.199,31.419,0.000,63.751,0.000,0.000,0.000,0.000,0.000,0.000
2150,732.014,178.306,166.128,51.961,71.189,31.422,0.000,63.516,0.000,0.000,0.000,0.000,0.000,0.000
2151,732.354,147.121,165.872,51.886,71.182,31.425,0.000,63.264,0.000,0.000,0.000,0.000,0.000,0.000
2152,732.694,168.751,165.602,51.812,71.178,31.428,0.000,62.994,0.000,0.000,0.000,0.000,0.000,0.000
2153,733.034,140.492,165.317,51.737,71.176,31.432,0.000,62.707,0.000,0.000,0.000,0.000,0.000,0.000
2154,733.373,191.825,165.020,51.662,71.178,31.437,0.000,62.403,0.000,0.000,0.000,0.000,0.000,0.000
2155,733.713,165.085,164.709,51.587,71.182,31.443,0.000,62.083,0.000,0.000,0.000,0.000,0.000,0.000
2156,734.053,141.085,164.385,51.513,71.189,31.449,0.000,61.746,0.000,0.000,0.000,0.000,0.000,0.000
2157,734.393,158.492,164.047,51.438,71.196,31.456,0.000,61.393,0.000,0.000,0.000,0.000,0.000,0.000
2158,734.733,137.197,163.695,51.363,71.205,31.463,0.000,61.025,0.000,0.000,0.000,0.000,0.000,0.000
2159,735.073,144.048,163.329,51.289,71.215,31.472,0.000,60.641,0.000,0.000,0.000,0.000,0.000,0.000
2160,735.413,158.640,162.950,51.214,71.226,31.481,0.000,60.242,0.000,0.000,0.000,0.000,0.000,0.000
2161,735.752,159.714,162.559,51.139,71.238,31.491,0.000,59.829,0.000,0.000,0.000,0.000,0.000,0.000
2162,736.092,129.788,162.154,51.065,71.251,31.501,0.000,59.401,0.000,0.000,0.000,0.000,0.000,0.000
2163,736.432,144.603,161.738,50.990,71.266,31.512,0.000,58.959,0.000,0.000,0.000,0.000,0.000,0.000
2164,736.772,157.640,161.311,50.915,71.282,31.523,0.000,58.503,0.000,0.000,0.000,0.000,0.000,0.000
2165,737.111,151.788,160.872,50.840,71.300,31.535,0.000,58.035,0.000,0.000,0.000,0.000,0.000,0.000
2166,737.451,125.381,160.423,50.766,71.318,31.548,0.000,57.554,0.000,0.000,0.000,0.000,0.000,0.000
2167,737.791,146.011,159.963,50.691,71.338,31.562,0.000,57.061,0.000,0.000,0.000,0.000,0.000,0.000
2168,738.131,163.047,159.494,50.616,71.360,31.576,0.000,56.556,0.000,0.000,0.000,0.000,0.000,0.000
2169,738.470,127.566,159.015,50.542,71.382,31.591,0.000,56.040,0.000,0.000,0.000,0.000,0.000,0.000
2170,738.810,140.973,158.528,50.467,71.406,31.607,0.000,55.513,0.000,0.000,0.000,0.000,0.000,0.000
2171,739.150,167.640,158.032,50.392,71.432,31.623,0.000,54.975,0.000,0.000,0.000,0.000,0.000,0.000
2172,739.489,149.640,157.529,50.318,71.458,31.641,0.000,54.428,0.000,0.000,0.000,0.000,0.000,0.000
2173,739.829,167.788,157.018,50.243,71.487,31.659,0.000,53.871,0.000,0.000,0.000,0.000,0.000,0.000
2174,740.169,152.937,156.501,50.168,71.516,31.678,0.000,53.306,0.000,0.000,0.000,0.000,0.000,0.000
2175,740.508,128.418,155.978,50.094,71.547,31.697,0.000,52.732,0.000,0.000,0.000,0.000,0.000,0.000
2176,740.848,134.826,155.449,50.019,71.580,31.718,0.000,52.150,0.000,0.000,0.000,0.000,0.000,0.000
2177,741.188,145.159,154.916,49.944,71.614,31.740,0.000,51.560,0.000,0.000,0.000,0.000,0.000,0.000
2178,741.527,164.233,154.378,49.869,71.650,31.762,0.000,50.964,0.000,0.000,0.000,0.000,0.000,0.000
2179,741.867,128.529,153.836,49.795,71.688,31.786,0.000,50.361,0.000,0.000,0.000,0.000,0.000,0.000
2180,742.206,153.899,153.290,49.720,71.727,31.809,0.000,49.752,0.000,0.000,0.000,0.000,0.000,0.000
2181,742.546,142.343,152.743,49.645,71.769,31.833,0.000,49.139,0.000,0.000,0.000,0.000,0.000,0.000
2182,742.885,152.158,152.193,49.571,71.813,31.857,0.000,48.521,0.000,0.000,0.000,0.000,0.000,0.000
2183,743.225,126.380,151.641,49.496,71.859,31.881,0.000,47.899,0.000,0.000,0.000,0.000,0.000,0.000
2184,743.565,137.825,151.089,49.421,71.908,31.905,0.000,47.273,0.000,0.000,0.000,0.000,0.000,0.000
2185,743.904,162.233,150.536,49.347,71.960,31.929,0.000,46.645,0.000,0.000,0.000,0.000,0.000,0.000
2186,744.244,138.603,149.984,49.272,72.014,31.954,0.000,46.014,0.000,0.000,0.000,0.000,0.000,0.000
2187,744.583,139.936,149.432,49.197,72.071,31.978,0.000,45.381,0.000,0.000,0.000,0.000,0.000,0.000
2188,744.923,136.307,148.882,49.122,72.131,32.003,0.000,44.747,0.000,0.000,0.000,0.000,0.000,0.000
2189,745.262,141.640,148.334,49.048,72.194,32.027,0.000,44.111,0.000,0.000,0.000,0.000,0.000,0.000
2190,745.601,140.936,147.789,48.973,72.260,32.052,0.000,43.475,0.000,0.000,0.000,0.000,0.000,0.000
2191,745.941,113.900,147.246,48.898,72.329,32.076,0.000,42.839,0.000,0.000,0.000,0.000,0.000,0.000
2192,746.280,121.381,146.706,48.824,72.401,32.100,0.000,42.202,0.000,0.000,0.000,0.000,0.000,0.000
2193,746.620,140.825,146.166,48.749,72.475,32.124,0.000,41.565,0.000,0.000,0.000,0.000,0.000,0.000
2194,746.959,153.084,145.628,48.674,72.551,32.148,0.000,40.928,0.000,0.000,0.000,0.000,0.000,0.000
2195,747.299,141.047,145.092,48.600,72.629,32.170,0.000,40.290,0.000,0.000,0.000,0.000,0.000,0.000
2196,747.638,136.640,144.558,48.525,72.709,32.193,0.000,39.654,0.000,0.000,0.000,0.000,0.000,0.000
2197,747.977,135.270,144.027,48.450,72.790,32.215,0.000,39.020,0.000,0.000,0.000,0.000,0.000,0.000
2198,748.317,135.121,143.499,48.376,72.872,32.237,0.000,38.388,0.000,0.000,0.000,0.000,0.000,0.000
2199,748.656,130.418,142.974,48.301,72.955,32.258,0.000,37.759,0.000,0.000,0.000,0.000,0.000,0.000
2200,748.996,129.122,142.453,48.226,73.039,32.279,0.000,37.133,0.000,0.000,0.000,0.000,0.000,0.000
2201,749.335,138.714,141.937,48.151,73.124,32.299,0.000,36.511,0.000,0.000,0.000,0.000,0.000,0.000
2202,749.674,141.787,141.424,48.077,73.210,32.319,0.000,35.893,0.000,0.000,0.000,0.000,0.000,0.000
2203,750.014,128.752,140.916,48.002,73.296,32.339,0.000,35.279,0.000,0.000,0.000,0.000,0.000,0.000
2204,750.353,146.861,140.414,47.927,73.383,32.358,0.000,34.670,0.000,0.000,0.000,0.000,0.000,0.000
2205,750.692,130.418,139.916,47.853,73.472,32.377,0.000,34.066,0.000,0.000,0.000,0.000,0.000,0.000
2206,751.031,124.344,139.424,47.778,73.560,32.395,0.000,33.467,0.000,0.000,0.000,0.000,0.000,0.000
2207,751.371,136.789,138.938,47.703,73.650,32.412,0.000,32.874,0.000,0.000,0.000,0.000,0.000,0.000
2208,751.710,132.825,138.459,47.629,73.741,32.429,0.000,32.287,0.000,0.000,0.000,0.000,0.000,0.000
2209,752.049,133.566,137.985,47.554,73.832,32.445,0.000,31.706,0.000,0.000,0.000,0.000,0.000,0.000
2210,752.388,146.380,137.519,47.479,73.924,32.461,0.000,31.132,0.000,0.000,0.000,0.000,0.000,0.000
2211,752.728,143.046,137.059,47.404,74.017,32.476,0.000,30.565,0.000,0.000,0.000,0.000,0.000,0.000
2212,753.067,126.085,136.607,47.330,74.110,32.490,0.000,30.005,0.000,0.000,0.000,0.000,0.000,0.000
2213,753.406,149.566,136.162,47.255,74.205,32.503,0.000,29.452,0.000,0.000,0.000,0.000,0.000,0.000
2214,753.745,123.714,135.725,47.180,74.300,32.516,0.000,28.907,0.000,0.000,0.000,0.000,0.000,0.000
2215,754.084,132.972,135.296,47.106,74.396,32.528,0.000,28.370,0.000,0.000,0.000,0.000,0.000,0.000
2216,754.424,127.159,134.876,47.031,74.492,32.540,0.000,27.841,0.000,0.000,0.000,0.000,0.000,0.000
2217,754.763,120.381,134.463,46.956,74.590,32.550,0.000,27.320,0.000,0.000,0.000,0.000,0.000,0.000
2218,755.102,117.159,134.059,46.882,74.689,32.560,0.000,26.808,0.000,0.000,0.000,0.000,0.000,0.000
2219,755.441,122.047,133.664,46.807,74.789,32.569,0.000,26.305,0.000,0.000,0.000,0.000,0.000,0.000
2220,755.780,109.603,133.279,46.732,74.889,32.576,0.000,25.810,0.000,0.000,0.000,0.000,0.000,0.000
2221,756.119,128.640,132.902,46.658,74.991,32.583,0.000,25.325,0.000,0.000,0.000,0.000,0.000,0.000
2222,756.458,94.751,132.534,46.583,75.094,32.588,0.000,24.849,0.000,0.000,0.000,0.000,0.000,0.000
2223,756.797,135.381,132.175,46.508,75.198,32.593,0.000,24.381,0.000,0.000,0.000,0.000,0.000,0.000
2224,757.137,119.084,131.824,46.433,75.301,32.596,0.000,23.924,0.000,0.000,0.000,0.000,0.000,0.000
2225,757.476,153.603,131.482,46.359,75.405,32.598,0.000,23.476,0.000,0.000,0.000,0.000,0.000,0.000
2226,757.815,136.862,131.148,46.284,75.509,32.599,0.000,23.037,0.000,0.000,0.000,0.000,0.000,0.000
2227,758.154,138.454,130.823,46.209,75.612,32.599,0.000,22.608,0.000,0.000,0.000,0.000,0.000,0.000
2228,758.493,128.640,130.506,46.135,75.716,32.597,0.000,22.190,0.000,0.000,0.000,0.000,0.000,0.000
2229,758.832,129.639,130.198,46.060,75.820,32.595,0.000,21.781,0.000,0.000,0.000,0.000,0.000,0.000
2230,759.171,128.973,129.900,45.985,75.923,32.591,0.000,21.382,0.000,0.000,0.000,0.000,0.000,0.000
2231,759.510,145.713,129.610,45.911,76.027,32.586,0.000,20.993,0.000,0.000,0.000,0.000,0.000,0.000
2232,759.849,146.046,129.329,45.836,76.131,32.580,0.000,20.615,0.000,0.000,0.000,0.000,0.000,0.000
2233,760.188,101.529,129.057,45.761,76.235,32.572,0.000,20.246,0.000,0.000,0.000,0.000,0.000,0.000
2234,760.527,119.973,128.794,45.686,76.339,32.564,0.000,19.888,0.000,0.000,0.000,0.000,0.000,0.000
2235,760.866,132.529,128.540,45.612,76.443,32.554,0.000,19.540,0.000,0.000,0.000,0.000,0.000,0.000
2236,761.205,133.713,128.296,45.537,76.547,32.543,0.000,19.203,0.000,0.000,0.000,0.000,0.000,0.000
2237,761.543,139.454,128.060,45.462,76.651,32.530,0.000,18.876,0.000,0.000,0.000,0.000,0.000,0.000
2238,761.882,116.085,127.834,45.388,76.756,32.516,0.000,18.559,0.000,0.000,0.000,0.000,0.000,0.000
2239,762.221,125.047,127.618,45.313,76.861,32.501,0.000,18.252,0.000,0.000,0.000,0.000,0.000,0.000
2240,762.560,128.343,127.411,45.238,76.967,32.485,0.000,17.956,0.000,0.000,0.000,0.000,0.000,0.000
2241,762.899,131.640,127.254,45.204,77.095,32.486,0.000,17.670,0.000,0.000,0.000,0.000,0.000,0.000
2242,763.238,122.937,127.106,45.171,77.223,32.486,0.000,17.393,0.000,0.000,0.000,0.000,0.000,0.000
2243,763.577,118.195,126.965,45.137,77.352,32.484,0.000,17.125,0.000,0.000,0.000,0.000,0.000,0.000
2244,763.916,128.047,126.832,45.103,77.480,32.482,0.000,16.866,0.000,0.000,0.000,0.000,0.000,0.000
2245,764.254,129.565,126.706,45.069,77.609,32.478,0.000,16.615,0.000,0.000,0.000,0.000,0.000,0.000
2246,764.593,88.603,126.588,45.035,77.739,32.472,0.000,16.373,0.000,0.000,0.000,0.000,0.000,0.000
2247,764.932,131.084,126.477,45.002,77.868,32.466,0.000,16.140,0.000,0.000,0.000,0.000,0.000,0.000
2248,765.271,123.381,126.374,44.968,77.998,32.458,0.000,15.914,0.000,0.000,0.000,0.000,0.000,0.000
2249,765.610,119.973,126.282,44.934,78.132,32.448,0.000,15.697,0.000,0.000,0.000,0.000,0.000,0.000
2250,765.948,98.344,126.193,44.900,78.264,32.438,0.000,15.488,0.000,0.000,0.000,0.000,0.000,0.000
2251,766.287,127.306,126.112,44.866,78.395,32.426,0.000,15.286,0.000,0.000,0.000,0.000,0.000,0.000
2252,766.626,126.714,126.037,44.833,78.528,32.413,0.000,15.093,0.000,0.000,0.000,0.000,0.000,0.000
2253,766.965,139.565,125.970,44.799,78.661,32.398,0.000,14.907,0.000,0.000,0.000,0.000,0.000,0.000
2254,767.303,158.196,125.910,44.765,78.795,32.382,0.000,14.728,0.000,0.000,0.000,0.000,0.000,0.000
2255,767.642,132.417,125.857,44.731,78.931,32.365,0.000,14.556,0.000,0.000,0.000,0.000,0.000,0.000
2256,767.981,134.899,125.811,44.697,79.068,32.347,0.000,14.392,0.000,0.000,0.000,0.000,0.000,0.000
2257,768.320,164.640,125.772,44.664,79.205,32.327,0.000,14.235,0.000,0.000,0.000,0.000,0.000,0.000
2258,768.658,136.714,125.740,44.630,79.345,32.307,0.000,14.084,0.000,0.000,0.000,0.000,0.000,0.000
2259,768.997,130.565,125.715,44.596,79.486,32.285,0.000,13.940,0.000,0.000,0.000,0.000,0.000,0.000
2260,769.336,124.677,125.697,44.562,79.628,32.262,0.000,13.802,0.000,0.000,0.000,0.000,0.000,0.000
2261,769.674,124.010,125.686,44.528,79.773,32.238,0.000,13.670,0.000,0.000,0.000,0.000,0.000,0.000
2262,770.013,136.418,125.681,44.495,79.919,32.213,0.000,13.544,0.000,0.000,0.000,0.000,0.000,0.000
2263,770.351,132.195,125.684,44.461,80.068,32.186,0.000,13.424,0.000,0.000,0.000,0.000,0.000,0.000
2264,770.690,144.787,125.693,44.427,80.218,32.159,0.000,13.310,0.000,0.000,0.000,0.000,0.000,0.000
2265,771.029,96.047,125.705,44.393,80.367,32.132,0.000,13.202,0.000,0.000,0.000,0.000,0.000,0.000
2266,771.367,155.639,125.720,44.359,80.513,32.103,0.000,13.099,0.000,0.000,0.000,0.000,0.000,0.000
2267,771.706,130.789,125.736,44.326,80.657,32.073,0.000,13.000,0.000,0.000,0.000,0.000,0.000,0.000
2268,772.044,124.750,125.753,44.292,80.798,32.042,0.000,12.907,0.000,0.000,0.000,0.000,0.000,0.000
2269,772.383,140.602,125.771,44.258,80.936,32.011,0.000,12.819,0.000,0.000,0.000,0.000,0.000,0.000
2270,772.721,127.417,125.790,44.224,81.072,31.978,0.000,12.734,0.000,0.000,0.000,0.000,0.000,0.000
2271,773.060,137.788,125.810,44.190,81.204,31.945,0.000,12.655,0.000,0.000,0.000,0.000,0.000,0.000
2272,773.398,112.935,125.830,44.157,81.334,31.911,0.000,12.579,0.000,0.000,0.000,0.000,0.000,0.000
2273,773.737,150.194,125.850,44.123,81.460,31.877,0.000,12.507,0.000,0.000,0.000,0.000,0.000,0.000
2274,774.075,137.972,125.869,44.089,81.583,31.842,0.000,12.439,0.000,0.000,0.000,0.000,0.000,0.000
2275,774.414,127.565,125.888,44.055,81.702,31.806,0.000,12.375,0.000,0.000,0.000,0.000,0.000,0.000
2276,774.752,153.158,125.907,44.021,81.818,31.769,0.000,12.313,0.000,0.000,0.000,0.000,0.000,0.000
2277,775.091,136.306,125.924,43.987,81.930,31.732,0.000,12.256,0.000,0.000,0.000,0.000,0.000,0.000
2278,775.429,115.750,125.940,43.954,82.039,31.694,0.000,12.201,0.000,0.000,0.000,0.000,0.000,0.000
2279,775.768,104.529,125.955,43.920,82.144,31.655,0.000,12.149,0.000,0.000,0.000,0.000,0.000,0.000
2280,776.106,131.306,125.968,43.886,82.246,31.616,0.000,12.099,0.000,0.000,0.000,0.000,0.000,0.000
2281,776.445,138.936,125.979,43.852,82.343,31.576,0.000,12.052,0.000,0.000,0.000,0.000,0.000,0.000
2282,776.783,119.269,125.987,43.818,82.437,31.536,0.000,12.008,0.000,0.000,0.000,0.000,0.000,0.000
2283,777.121,135.639,125.994,43.785,82.526,31.495,0.000,11.966,0.000,0.000,0.000,0.000,0.000,0.000
2284,777.460,123.158,126.000,43.751,82.612,31.454,0.000,11.927,0.000,0.000,0.000,0.000,0.000,0.000
2285,777.798,127.565,126.002,43.717,82.693,31.413,0.000,11.890,0.000,0.000,0.000,0.000,0.000,0.000
2286,778.136,130.343,126.003,43.683,82.770,31.371,0.000,11.855,0.000,0.000,0.000,0.000,0.000,0.000
2287,778.475,106.306,126.000,43.649,82.843,31.328,0.000,11.822,0.000,0.000,0.000,0.000,0.000,0.000
2288,778.813,129.269,125.994,43.616,82.911,31.286,0.000,11.790,0.000,0.000,0.000,0.000,0.000,0.000
2289,779.151,143.157,125.985,43.582,82.974,31.243,0.000,11.760,0.000,0.000,0.000,0.000,0.000,0.000
2290,779.490,116.306,125.973,43.548,83.033,31.200,0.000,11.732,0.000,0.000,0.000,0.000,0.000,0.000
2291,779.828,116.121,125.957,43.514,83.087,31.157,0.000,11.704,0.000,0.000,0.000,0.000,0.000,0.000
2292,780.166,108.194,125.936,43.480,83.136,31.114,0.000,11.678,0.000,0.000,0.000,0.000,0.000,0.000
2293,780.505,133.157,125.912,43.447,83.180,31.071,0.000,11.652,0.000,0.000,0.000,0.000,0.000,0.000
2294,780.843,127.343,125.883,43.413,83.219,31.028,0.000,11.627,0.000,0.000,0.000,0.000,0.000,0.000
2295,781.181,130.639,125.849,43.379,83.253,30.985,0.000,11.602,0.000,0.000,0.000,0.000,0.000,0.000
2296,781.519,119.491,125.810,43.345,83.282,30.942,0.000,11.578,0.000,0.000,0.000,0.000,0.000,0.000
2297,781.858,118.269,125.767,43.311,83.305,30.899,0.000,11.554,0.000,0.000,0.000,0.000,0.000,0.000
2298,782.196,147.898,125.719,43.278,83.324,30.856,0.000,11.530,0.000,0.000,0.000,0.000,0.000,0.000
2299,782.534,124.936,125.665,43.244,83.336,30.814,0.000,11.505,0.000,0.000,0.000,0.000,0.000,0.000
2300,782.872,127.085,125.606,43.210,83.344,30.772,0.000,11.481,0.000,0.000,0.000,0.000,0.000,0.000
2301,783.210,132.417,125.542,43.176,83.346,30.730,0.000,11.456,0.000,0.000,0.000,0.000,0.000,0.000
2302,783.548,128.380,125.472,43.142,83.343,30.689,0.000,11.431,0.000,0.000,0.000,0.000,0.000,0.000
2303,783.887,140.121,125.396,43.109,83.334,30.647,0.000,11.405,0.000,0.000,0.000,0.000,0.000,0.000
2304,784.225,135.786,125.315,43.075,83.319,30.607,0.000,11.379,0.000,0.000,0.000,0.000,0.000,0.000
2305,784.563,128.861,125.227,43.041,83.298,30.566,0.000,11.352,0.000,0.000,0.000,0.000,0.000,0.000
2306,784.901,109.343,125.132,43.007,83.271,30.526,0.000,11.324,0.000,0.000,0.000,0.000,0.000,0.000
2307,785.239,125.157,125.031,42.973,83.239,30.487,0.000,11.296,0.000,0.000,0.000,0.000,0.000,0.000
2308,785.577,105.751,124.924,42.939,83.200,30.447,0.000,11.266,0.000,0.000,0.000,0.000,0.000,0.000
2309,785.915,110.639,124.810,42.906,83.155,30.408,0.000,11.236,0.000,0.000,0.000,0.000,0.000,0.000
2310,786.253,125.009,124.689,42.872,83.104,30.370,0.000,11.204,0.000,0.000,0.000,0.000,0.000,0.000
2311,786.591,145.490,124.561,42.838,83.047,30.332,0.000,11.171,0.000,0.000,0.000,0.000,0.000,0.000
2312,786.929,123.565,124.426,42.804,82.983,30.295,0.000,11.137,0.000,0.000,0.000,0.000,0.000,0.000
2313,787.267,136.825,124.285,42.770,82.913,30.258,0.000,11.102,0.000,0.000,0.000,0.000,0.000,0.000
2314,787.605,115.195,124.137,42.737,82.838,30.222,0.000,11.066,0.000,0.000,0.000,0.000,0.000,0.000
2315,787.943,126.120,123.982,42.703,82.756,30.186,0.000,11.028,0.000,0.000,0.000,0.000,0.000,0.000
2316,788.281,106.972,123.820,42.669,82.668,30.152,0.000,10.989,0.000,0.000,0.000,0.000,0.000,0.000
2317,788.619,137.491,123.652,42.635,82.574,30.117,0.000,10.949,0.000,0.000,0.000,0.000,0.000,0.000
2318,788.957,125.454,123.476,42.601,82.473,30.084,0.000,10.907,0.000,0.000,0.000,0.000,0.000,0.000
2319,789.295,125.416,123.294,42.568,82.367,30.052,0.000,10.864,0.000,0.000,0.000,0.000,0.000,0.000
2320,789.633,123.083,123.106,42.534,82.255,30.020,0.000,10.819,0.000,0.000,0.000,0.000,0.000,0.000
2321,789.971,113.491,122.910,42.500,82.136,29.989,0.000,10.773,0.000,0.000,0.000,0.000,0.000,0.000
2322,790.309,99.120,122.708,42.466,82.011,29.959,0.000,10.725,0.000,0.000,0.000,0.000,0.000,0.000
2323,790.647,117.491,122.500,42.432,81.881,29.930,0.000,10.677,0.000,0.000,0.000,0.000,0.000,0.000
2324,790.985,111.380,122.285,42.399,81.745,29.901,0.000,10.626,0.000,0.000,0.000,0.000,0.000,0.000
2325,791.323,136.750,122.064,42.365,81.602,29.874,0.000,10.574,0.000,0.000,0.000,0.000,0.000,0.000
2326,791.661,131.491,121.836,42.331,81.454,29.848,0.000,10.521,0.000,0.000,0.000,0.000,0.000,0.000
2327,791.999,112.491,121.602,42.297,81.300,29.822,0.000,10.466,0.000,0.000,0.000,0.000,0.000,0.000
2328,792.337,116.491,121.362,42.263,81.141,29.798,0.000,10.410,0.000,0.000,0.000,0.000,0.000,0.000
2329,792.674,96.750,121.117,42.230,80.976,29.775,0.000,10.352,0.000,0.000,0.000,0.000,0.000,0.000
2330,793.012,134.676,120.865,42.196,80.805,29.753,0.000,10.293,0.000,0.000,0.000,0.000,0.000,0.000
2331,793.350,129.824,120.608,42.162,80.630,29.732,0.000,10.233,0.000,0.000,0.000,0.000,0.000,0.000
2332,793.688,124.269,120.345,42.128,80.448,29.712,0.000,10.171,0.000,0.000,0.000,0.000,0.000,0.000
2333,794.026,98.083,120.077,42.094,80.262,29.693,0.000,10.108,0.000,0.000,0.000,0.000,0.000,0.000
2334,794.363,104.898,119.803,42.061,80.070,29.675,0.000,10.043,0.000,0.000,0.000,0.000,0.000,0.000
2335,794.701,105.824,119.523,42.027,79.873,29.659,0.000,9.977,0.000,0.000,0.000,0.000,0.000,0.000
2336,795.039,108.639,119.239,41.993,79.671,29.643,0.000,9.910,0.000,0.000,0.000,0.000,0.000,0.000
2337,795.377,115.639,118.948,41.959,79.464,29.628,0.000,9.842,0.000,0.000,0.000,0.000,0.000,0.000
2338,795.714,93.453,118.653,41.925,79.252,29.615,0.000,9.772,0.000,0.000,0.000,0.000,0.000,0.000
2339,796.052,93.750,118.353,41.892,79.035,29.603,0.000,9.701,0.000,0.000,0.000,0.000,0.000,0.000
2340,796.390,107.379,118.048,41.858,78.813,29.591,0.000,9.629,0.000,0.000,0.000,0.000,0.000,0.000
2341,796.728,116.750,117.739,41.824,78.587,29.581,0.000,9.556,0.000,0.000,0.000,0.000,0.000,0.000
2342,797.065,114.527,117.425,41.790,78.357,29.572,0.000,9.482,0.000,0.000,0.000,0.000,0.000,0.000
2343,797.403,132.416,117.108,41.756,78.123,29.564,0.000,9.406,0.000,0.000,0.000,0.000,0.000,0.000
2344,797.741,92.824,116.786,41.722,77.884,29.557,0.000,9.330,0.000,0.000,0.000,0.000,0.000,0.000
2345,798.078,119.120,116.461,41.689,77.642,29.552,0.000,9.252,0.000,0.000,0.000,0.000,0.000,0.000
2346,798.416,103.194,116.133,41.655,77.396,29.548,0.000,9.174,0.000,0.000,0.000,0.000,0.000,0.000
2347,798.753,107.379,115.802,41.621,77.147,29.545,0.000,9.095,0.000,0.000,0.000,0.000,0.000,0.000
2348,799.091,103.676,115.467,41.587,76.895,29.543,0.000,9.015,0.000,0.000,0.000,0.000,0.000,0.000
2349,799.429,102.565,115.130,41.553,76.639,29.542,0.000,8.934,0.000,0.000,0.000,0.000,0.000,0.000
2350,799.766,135.676,114.791,41.520,76.381,29.543,0.000,8.852,0.000,0.000,0.000,0.000,0.000,0.000
2351,800.104,123.490,114.450,41.486,76.119,29.545,0.000,8.770,0.000,0.000,0.000,0.000,0.000,0.000
2352,800.441,130.898,114.107,41.452,75.856,29.549,0.000,8.687,0.000,0.000,0.000,0.000,0.000,0.000
2353,800.779,90.157,113.762,41.418,75.590,29.553,0.000,8.604,0.000,0.000,0.000,0.000,0.000,0.000
2354,801.117,118.342,113.416,41.384,75.322,29.559,0.000,8.519,0.000,0.000,0.000,0.000,0.000,0.000
2355,801.454,108.824,113.069,41.351,75.052,29.567,0.000,8.435,0.000,0.000,0.000,0.000,0.000,0.000
2356,801.792,95.009,112.722,41.317,74.781,29.576,0.000,8.350,0.000,0.000,0.000,0.000,0.000,0.000
2357,802.129,105.935,112.374,41.283,74.508,29.586,0.000,8.264,0.000,0.000,0.000,0.000,0.000,0.000
2358,802.467,102.231,112.026,41.249,74.234,29.598,0.000,8.178,0.000,0.000,0.000,0.000,0.000,0.000
2359,802.804,98.750,111.678,41.215,73.959,29.611,0.000,8.092,0.000,0.000,0.000,0.000,0.000,0.000
2360,803.142,123.304,111.330,41.182,73.684,29.625,0.000,8.006,0.000,0.000,0.000,0.000,0.000,0.000
2361,803.479,107.527,110.984,41.148,73.408,29.642,0.000,7.919,0.000,0.000,0.000,0.000,0.000,0.000
2362,803.816,113.934,110.638,41.114,73.132,29.659,0.000,7.832,0.000,0.000,0.000,0.000,0.000,0.000
2363,804.154,127.119,110.295,41.080,72.856,29.678,0.000,7.745,0.000,0.000,0.000,0.000,0.000,0.000
2364,804.491,110.193,109.952,41.046,72.580,29.698,0.000,7.658,0.000,0.000,0.000,0.000,0.000,0.000
2365,804.829,109.120,109.612,41.013,72.305,29.720,0.000,7.571,0.000,0.000,0.000,0.000,0.000,0.000
2366,805.166,117.231,109.273,40.979,72.031,29.743,0.000,7.484,0.000,0.000,0.000,0.000,0.000,0.000
2367,805.503,112.305,108.936,40.945,71.756,29.767,0.000,7.397,0.000,0.000,0.000,0.000,0.000,0.000
2368,805.841,104.379,108.601,40.911,71.482,29.793,0.000,7.310,0.000,0.000,0.000,0.000,0.000,0.000
2369,806.178,124.083,108.268,40.877,71.209,29.820,0.000,7.223,0.000,0.000,0.000,0.000,0.000,0.000
2370,806.516,102.231,107.938,40.844,70.937,29.849,0.000,7.137,0.000,0.000,0.000,0.000,0.000,0.000
2371,806.853,120.564,107.610,40.810,70.666,29.879,0.000,7.050,0.000,0.000,0.000,0.000,0.000,0.000
2372,807.190,115.824,107.286,40.776,70.396,29.911,0.000,6.964,0.000,0.000,0.000,0.000,0.000,0.000
2373,807.528,102.602,106.966,40.742,70.128,29.944,0.000,6.878,0.000,0.000,0.000,0.000,0.000,0.000
2374,807.865,84.527,106.649,40.708,69.863,29.978,0.000,6.793,0.000,0.000,0.000,0.000,0.000,0.000
2375,808.202,88.342,106.336,40.675,69.599,30.014,0.000,6.708,0.000,0.000,0.000,0.000,0.000,0.000
2376,808.539,97.379,106.027,40.641,69.338,30.051,0.000,6.623,0.000,0.000,0.000,0.000,0.000,0.000
2377,808.877,92.898,105.724,40.607,69.079,30.091,0.000,6.539,0.000,0.000,0.000,0.000,0.000,0.000
2378,809.214,121.046,105.425,40.573,68.823,30.131,0.000,6.456,0.000,0.000,0.000,0.000,0.000,0.000
2379,809.551,110.416,105.131,40.539,68.570,30.173,0.000,6.373,0.000,0.000,0.000,0.000,0.000,0.000
2380,809.888,104.379,104.843,40.505,68.321,30.217,0.000,6.290,0.000,0.000,0.000,0.000,0.000,0.000
2381,810.226,111.193,104.560,40.472,68.075,30.263,0.000,6.208,0.000,0.000,0.000,0.000,0.000,0.000
2382,810.563,101.416,104.284,40.438,67.832,30.310,0.000,6.127,0.000,0.000,0.000,0.000,0.000,0.000
2383,810.900,97.268,104.014,40.404,67.594,30.359,0.000,6.047,0.000,0.000,0.000,0.000,0.000,0.000
2384,811.237,102.490,103.750,40.370,67.360,30.410,0.000,5.967,0.000,0.000,0.000,0.000,0.000,0.000
2385,811.574,111.194,103.494,40.336,67.130,30.462,0.000,5.888,0.000,0.000,0.000,0.000,0.000,0.000
2386,811.912,122.490,103.244,40.303,66.904,30.516,0.000,5.809,0.000,0.000,0.000,0.000,0.000,0.000
2387,812.249,117.305,103.002,40.269,66.684,30.572,0.000,5.732,0.000,0.000,0.000,0.000,0.000,0.000
2388,812.586,95.268,102.767,40.235,66.468,30.630,0.000,5.655,0.000,0.000,0.000,0.000,0.000,0.000
2389,812.923,86.009,102.541,40.201,66.258,30.689,0.000,5.580,0.000,0.000,0.000,0.000,0.000,0.000
2390,813.260,111.269,102.322,40.167,66.052,30.751,0.000,5.505,0.000,0.000,0.000,0.000,0.000,0.000
2391,813.597,104.897,102.109,40.134,65.849,30.815,0.000,5.431,0.000,0.000,0.000,0.000,0.000,0.000
2392,813.934,89.342,101.901,40.100,65.650,30.880,0.000,5.358,0.000,0.000,0.000,0.000,0.000,0.000
2393,814.271,112.786,101.700,40.066,65.453,30.947,0.000,5.286,0.000,0.000,0.000,0.000,0.000,0.000
2394,814.608,87.527,101.504,40.032,65.259,31.017,0.000,5.215,0.000,0.000,0.000,0.000,0.000,0.000
2395,814.945,88.415,101.314,39.998,65.069,31.088,0.000,5.145,0.000,0.000,0.000,0.000,0.000,0.000
2396,815.282,97.750,101.131,39.965,64.881,31.161,0.000,5.076,0.000,0.000,0.000,0.000,0.000,0.000
2397,815.620,105.305,100.954,39.931,64.697,31.236,0.000,5.008,0.000,0.000,0.000,0.000,0.000,0.000
2398,815.957,103.082,100.783,39.897,64.517,31.313,0.000,4.940,0.000,0.000,0.000,0.000,0.000,0.000
2399,816.294,97.083,100.618,39.863,64.340,31.392,0.000,4.874,0.000,0.000,0.000,0.000,0.000,0.000
2400,816.631,116.713,100.460,39.829,64.166,31.472,0.000,4.809,0.000,0.000,0.000,0.000,0.000,0.000
2401,816.967,103.305,100.308,39.796,63.995,31.555,0.000,4.745,0.000,0.000,0.000,0.000,0.000,0.000
2402,817.304,95.565,100.163,39.762,63.828,31.640,0.000,4.682,0.000,0.000,0.000,0.000,0.000,0.000
2403,817.641,103.786,100.024,39.728,63.664,31.727,0.000,4.620,0.000,0.000,0.000,0.000,0.000,0.000
2404,817.978,108.194,99.892,39.694,63.504,31.816,0.000,4.560,0.000,0.000,0.000,0.000,0.000,0.000
2405,818.315,121.860,99.767,39.660,63.347,31.908,0.000,4.500,0.000,0.000,0.000,0.000,0.000,0.000
2406,818.652,100.564,99.648,39.627,63.194,32.001,0.000,4.441,0.000,0.000,0.000,0.000,0.000,0.000
2407,818.989,110.416,99.536,39.593,63.044,32.097,0.000,4.384,0.000,0.000,0.000,0.000,0.000,0.000
2408,819.326,90.305,99.431,39.559,62.898,32.195,0.000,4.327,0.000,0.000,0.000,0.000,0.000,0.000
2409,819.663,106.416,99.333,39.525,62.755,32.295,0.000,4.272,0.000,0.000,0.000,0.000,0.000,0.000
2410,820.000,113.119,99.241,39.491,62.615,32.398,0.000,4.217,0.000,0.000,0.000,0.000,0.000,0.000
2411,820.337,98.861,99.157,39.457,62.479,32.503,0.000,4.164,0.000,0.000,0.000,0.000,0.000,0.000
2412,820.673,115.009,99.079,39.424,62.346,32.610,0.000,4.112,0.000,0.000,0.000,0.000,0.000,0.000
2413,821.010,114.712,99.009,39.390,62.217,32.720,0.000,4.061,0.000,0.000,0.000,0.000,0.000,0.000
2414,821.347,123.564,98.946,39.356,62.091,32.833,0.000,4.011,0.000,0.000,0.000,0.000,0.000,0.000
2415,821.684,121.231,98.889,39.322,61.969,32.948,0.000,3.963,0.000,0.000,0.000,0.000,0.000,0.000
2416,822.021,101.934,98.840,39.288,61.849,33.065,0.000,3.915,0.000,0.000,0.000,0.000,0.000,0.000
2417,822.357,96.675,98.797,39.255,61.733,33.186,0.000,3.868,0.000,0.000,0.000,0.000,0.000,0.000
2418,822.694,93.861,98.762,39.221,61.620,33.309,0.000,3.823,0.000,0.000,0.000,0.000,0.000,0.000
2419,823.031,118.157,98.733,39.187,61.510,33.435,0.000,3.778,0.000,0.000,0.000,0.000,0.000,0.000
2420,823.368,88.490,98.711,39.153,61.403,33.563,0.000,3.735,0.000,0.000,0.000,0.000,0.000,0.000
2421,823.705,116.823,98.696,39.119,61.299,33.695,0.000,3.693,0.000,0.000,0.000,0.000,0.000,0.000
2422,824.041,112.268,98.688,39.086,61.198,33.829,0.000,3.651,0.000,0.000,0.000,0.000,0.000,0.000
2423,824.378,102.861,98.687,39.052,61.100,33.967,0.000,3.611,0.000,0.000,0.000,0.000,0.000,0.000
2424,824.715,103.083,98.692,39.018,61.004,34.107,0.000,3.572,0.000,0.000,0.000,0.000,0.000,0.000
2425,825.051,101.230,98.705,38.984,60.911,34.251,0.000,3.534,0.000,0.000,0.000,0.000,0.000,0.000
2426,825.388,117.046,98.724,38.950,60.821,34.397,0.000,3.497,0.000,0.000,0.000,0.000,0.000,0.000
2427,825.725,109.453,98.750,38.917,60.733,34.547,0.000,3.461,0.000,0.000,0.000,0.000,0.000,0.000
2428,826.061,103.527,98.782,38.883,60.648,34.701,0.000,3.426,0.000,0.000,0.000,0.000,0.000,0.000
2429,826.398,93.193,98.822,38.849,60.564,34.857,0.000,3.392,0.000,0.000,0.000,0.000,0.000,0.000
2430,826.735,86.638,98.867,38.815,60.483,35.017,0.000,3.359,0.000,0.000,0.000,0.000,0.000,0.000
2431,827.071,112.416,98.919,38.781,60.404,35.181,0.000,3.326,0.000,0.000,0.000,0.000,0.000,0.000
2432,827.408,105.638,98.977,38.748,60.327,35.347,0.000,3.295,0.000,0.000,0.000,0.000,0.000,0.000
2433,827.744,113.711,99.041,38.714,60.251,35.517,0.000,3.265,0.000,0.000,0.000,0.000,0.000,0.000
2434,828.081,105.564,99.111,38.680,60.177,35.691,0.000,3.235,0.000,0.000,0.000,0.000,0.000,0.000
2435,828.418,105.305,99.187,38.646,60.104,35.868,0.000,3.207,0.000,0.000,0.000,0.000,0.000,0.000
2436,828.754,103.971,99.269,38.612,60.034,36.049,0.000,3.179,0.000,0.000,0.000,0.000,0.000,0.000
2437,829.091,99.194,99.357,38.579,59.964,36.234,0.000,3.153,0.000,0.000,0.000,0.000,0.000,0.000
2438,829.427,118.046,99.452,38.545,59.896,36.423,0.000,3.127,0.000,0.000,0.000,0.000,0.000,0.000
2439,829.764,128.119,99.552,38.511,59.829,36.615,0.000,3.102,0.000,0.000,0.000,0.000,0.000,0.000
2440,830.100,118.935,99.658,38.477,59.763,36.812,0.000,3.077,0.000,0.000,0.000,0.000,0.000,0.000
2441,830.437,136.379,99.771,38.443,59.698,37.012,0.000,3.054,0.000,0.000,0.000,0.000,0.000,0.000
2442,830.773,122.787,99.889,38.410,59.634,37.217,0.000,3.031,0.000,0.000,0.000,0.000,0.000,0.000
2443,831.110,103.454,100.013,38.376,59.572,37.426,0.000,3.009,0.000,0.000,0.000,0.000,0.000,0.000
2444,831.446,115.267,100.143,38.342,59.510,37.639,0.000,2.988,0.000,0.000,0.000,0.000,0.000,0.000
2445,831.783,129.267,100.280,38.308,59.449,37.857,0.000,2.968,0.000,0.000,0.000,0.000,0.000,0.000
2446,832.119,112.786,100.422,38.274,59.389,38.079,0.000,2.949,0.000,0.000,0.000,0.000,0.000,0.000
2447,832.455,121.934,100.571,38.240,59.329,38.306,0.000,2.930,0.000,0.000,0.000,0.000,0.000,0.000
2448,832.792,110.786,100.725,38.207,59.271,38.538,0.000,2.912,0.000,0.000,0.000,0.000,0.000,0.000
2449,833.128,118.157,100.886,38.173,59.212,38.774,0.000,2.894,0.000,0.000,0.000,0.000,0.000,0.000
2450,833.465,135.527,101.053,38.139,59.155,39.016,0.000,2.877,0.000,0.000,0.000,0.000,0.000,0.000
2451,833.801,88.786,101.226,38.105,59.097,39.262,0.000,2.861,0.000,0.000,0.000,0.000,0.000,0.000
2452,834.137,123.526,101.405,38.071,59.041,39.513,0.000,2.846,0.000,0.000,0.000,0.000,0.000,0.000
2453,834.474,84.861,101.590,38.038,58.984,39.770,0.000,2.831,0.000,0.000,0.000,0.000,0.000,0.000
2454,834.810,124.305,101.782,38.004,58.928,40.032,0.000,2.817,0.000,0.000,0.000,0.000,0.000,0.000
2455,835.146,121.231,101.980,37.970,58.873,40.299,0.000,2.804,0.000,0.000,0.000,0.000,0.000,0.000
2456,835.483,133.193,102.184,37.936,58.817,40.572,0.000,2.791,0.000,0.000,0.000,0.000,0.000,0.000
2457,835.819,100.638,102.393,37.902,58.763,40.847,0.000,2.779,0.000,0.000,0.000,0.000,0.000,0.000
2458,836.155,136.416,102.604,37.869,58.709,41.123,0.000,2.767,0.000,0.000,0.000,0.000,0.000,0.000
2459,836.492,149.861,102.817,37.835,58.655,41.401,0.000,2.756,0.000,0.000,0.000,0.000,0.000,0.000
2460,836.828,120.380,103.031,37.801,58.602,41.680,0.000,2.745,0.000,0.000,0.000,0.000,0.000,0.000
2461,837.164,134.675,103.247,37.767,58.548,41.960,0.000,2.735,0.000,0.000,0.000,0.000,0.000,0.000
2462,837.500,107.046,103.464,37.733,58.494,42.240,0.000,2.726,0.000,0.000,0.000,0.000,0.000,0.000
2463,837.837,96.676,103.683,37.700,58.441,42.522,0.000,2.717,0.000,0.000,0.000,0.000,0.000,0.000
2464,838.173,114.712,103.902,37.666,58.387,42.803,0.000,2.709,0.000,0.000,0.000,0.000,0.000,0.000
2465,838.509,116.526,104.123,37.632,58.333,43.085,0.000,2.701,0.000,0.000,0.000,0.000,0.000,0.000
2466,838.845,138.231,104.344,37.598,58.279,43.368,0.000,2.694,0.000,0.000,0.000,0.000,0.000,0.000
2467,839.181,152.046,104.566,37.564,58.226,43.650,0.000,2.687,0.000,0.000,0.000,0.000,0.000,0.000
2468,839.517,103.120,104.789,37.531,58.172,43.933,0.000,2.681,0.000,0.000,0.000,0.000,0.000,0.000
2469,839.854,119.897,105.012,37.497,58.118,44.215,0.000,2.675,0.000,0.000,0.000,0.000,0.000,0.000
2470,840.190,91.601,105.235,37.463,58.065,44.497,0.000,2.670,0.000,0.000,0.000,0.000,0.000,0.000
2471,840.526,123.305,105.458,37.429,58.012,44.779,0.000,2.665,0.000,0.000,0.000,0.000,0.000,0.000
2472,840.862,141.341,105.681,37.395,57.958,45.060,0.000,2.661,0.000,0.000,0.000,0.000,0.000,0.000
2473,841.198,113.972,105.904,37.362,57.905,45.340,0.000,2.656,0.000,0.000,0.000,0.000,0.000,0.000
2474,841.534,124.083,106.127,37.328,57.852,45.619,0.000,2.653,0.000,0.000,0.000,0.000,0.000,0.000
2475,841.870,96.676,106.349,37.294,57.800,45.897,0.000,2.649,0.000,0.000,0.000,0.000,0.000,0.000
2476,842.206,130.453,106.570,37.260,57.748,46.174,0.000,2.646,0.000,0.000,0.000,0.000,0.000,0.000
2477,842.542,107.008,106.791,37.226,57.696,46.449,0.000,2.644,0.000,0.000,0.000,0.000,0.000,0.000
2478,842.878,126.564,107.011,37.193,57.644,46.723,0.000,2.642,0.000,0.000,0.000,0.000,0.000,0.000
2479,843.215,122.416,107.230,37.159,57.594,46.995,0.000,2.640,0.000,0.000,0.000,0.000,0.000,0.000
2480,843.551,108.194,107.448,37.125,57.544,47.265,0.000,2.638,0.000,0.000,0.000,0.000,0.000,0.000
2481,843.887,134.009,107.665,37.091,57.494,47.532,0.000,2.637,0.000,0.000,0.000,0.000,0.000,0.000
2482,844.223,110.676,107.881,37.057,57.446,47.798,0.000,2.636,0.000,0.000,0.000,0.000,0.000,0.000
2483,844.559,150.379,108.096,37.023,57.398,48.061,0.000,2.635,0.000,0.000,0.000,0.000,0.000,0.000
2484,844.895,128.750,108.309,36.990,57.351,48.321,0.000,2.635,0.000,0.000,0.000,0.000,0.000,0.000
2485,845.230,158.860,108.521,36.956,57.306,48.579,0.000,2.634,0.000,0.000,0.000,0.000,0.000,0.000
2486,845.566,124.935,108.731,36.922,57.261,48.833,0.000,2.635,0.000,0.000,0.000,0.000,0.000,0.000
2487,845.902,121.712,108.940,36.888,57.218,49.085,0.000,2.635,0.000,0.000,0.000,0.000,0.000,0.000
2488,846.238,155.194,109.147,36.854,57.177,49.333,0.000,2.636,0.000,0.000,0.000,0.000,0.000,0.000
2489,846.574,113.417,109.353,36.821,57.137,49.577,0.000,2.637,0.000,0.000,0.000,0.000,0.000,0.000
2490,846.910,120.416,109.557,36.787,57.100,49.818,0.000,2.638,0.000,0.000,0.000,0.000,0.000,0.000
2491,847.246,121.120,109.760,36.753,57.064,50.055,0.000,2.639,0.000,0.000,0.000,0.000,0.000,0.000
2492,847.582,154.638,109.962,36.719,57.031,50.288,0.000,2.641,0.000,0.000,0.000,0.000,0.000,0.000
2493,847.918,119.712,110.161,36.685,57.000,50.517,0.000,2.643,0.000,0.000,0.000,0.000,0.000,0.000
2494,848.254,146.083,110.359,36.652,56.971,50.742,0.000,2.645,0.000,0.000,0.000,0.000,0.000,0.000
2495,848.589,145.193,110.556,36.618,56.945,50.962,0.000,2.648,0.000,0.000,0.000,0.000,0.000,0.000
2496,848.925,141.786,110.751,36.584,56.922,51.177,0.000,2.651,0.000,0.000,0.000,0.000,0.000,0.000
2497,849.261,126.379,110.944,36.550,56.901,51.388,0.000,2.653,0.000,0.000,0.000,0.000,0.000,0.000
2498,849.597,138.156,111.135,36.516,56.883,51.594,0.000,2.657,0.000,0.000,0.000,0.000,0.000,0.000
2499,849.933,118.526,111.325,36.483,56.869,51.795,0.000,2.660,0.000,0.000,0.000,0.000,0.000,0.000
2500,850.268,132.638,111.512,36.449,56.858,51.990,0.000,2.664,0.000,0.000,0.000,0.000,0.000,0.000
2501,850.604,126.453,111.698,36.415,56.850,52.180,0.000,2.668,0.000,0.000,0.000,0.000,0.000,0.000
2502,850.940,129.120,111.882,36.381,56.845,52.364,0.000,2.672,0.000,0.000,0.000,0.000,0.000,0.000
2503,851.276,122.564,112.063,36.347,56.844,52.542,0.000,2.676,0.000,0.000,0.000,0.000,0.000,0.000
2504,851.611,135.971,112.242,36.314,56.846,52.715,0.000,2.680,0.000,0.000,0.000,0.000,0.000,0.000
2505,851.947,141.712,112.419,36.280,56.852,52.881,0.000,2.685,0.000,0.000,0.000,0.000,0.000,0.000
2506,852.283,143.008,112.594,36.246,56.862,53.041,0.000,2.690,0.000,0.000,0.000,0.000,0.000,0.000
2507,852.619,128.267,112.766,36.212,56.876,53.194,0.000,2.695,0.000,0.000,0.000,0.000,0.000,0.000
2508,852.954,137.823,112.937,36.178,56.894,53.341,0.000,2.700,0.000,0.000,0.000,0.000,0.000,0.000
2509,853.290,141.083,113.105,36.145,56.917,53.481,0.000,2.706,0.000,0.000,0.000,0.000,0.000,0.000
2510,853.626,128.120,113.271,36.111,56.944,53.615,0.000,2.712,0.000,0.000,0.000,0.000,0.000,0.000
2511,853.961,146.823,113.436,36.077,56.976,53.741,0.000,2.718,0.000,0.000,0.000,0.000,0.000,0.000
2512,854.297,125.157,113.599,36.043,57.013,53.861,0.000,2.724,0.000,0.000,0.000,0.000,0.000,0.000
2513,854.632,151.416,113.760,36.009,57.055,53.974,0.000,2.730,0.000,0.000,0.000,0.000,0.000,0.000
2514,854.968,134.971,113.919,35.975,57.103,54.079,0.000,2.737,0.000,0.000,0.000,0.000,0.000,0.000
2515,855.304,139.231,114.077,35.942,57.156,54.177,0.000,2.743,0.000,0.000,0.000,0.000,0.000,0.000
2516,855.639,136.045,114.233,35.908,57.214,54.268,0.000,2.750,0.000,0.000,0.000,0.000,0.000,0.000
2517,855.975,134.934,114.388,35.874,57.279,54.351,0.000,2.758,0.000,0.000,0.000,0.000,0.000,0.000
2518,856.310,131.898,114.542,35.840,57.349,54.427,0.000,2.765,0.000,0.000,0.000,0.000,0.000,0.000
2519,856.646,129.860,114.694,35.806,57.426,54.495,0.000,2.773,0.000,0.000,0.000,0.000,0.000,0.000
2520,856.981,141.046,114.846,35.773,57.509,54.556,0.000,2.781,0.000,0.000,0.000,0.000,0.000,0.000
2521,857.317,167.750,114.997,35.739,57.599,54.609,0.000,2.789,0.000,0.000,0.000,0.000,0.000,0.000
2522,857.652,142.527,115.147,35.705,57.696,54.654,0.000,2.797,0.000,0.000,0.000,0.000,0.000,0.000
2523,857.988,139.898,115.297,35.671,57.800,54.691,0.000,2.806,0.000,0.000,0.000,0.000,0.000,0.000
2524,858.323,139.342,115.447,35.637,57.911,54.721,0.000,2.814,0.000,0.000,0.000,0.000,0.000,0.000
2525,858.659,155.194,115.596,35.604,58.030,54.742,0.000,2.823,0.000,0.000,0.000,0.000,0.000,0.000
2526,858.994,147.083,115.745,35.570,58.156,54.756,0.000,2.833,0.000,0.000,0.000,0.000,0.000,0.000
2527,859.330,153.268,115.895,35.536,58.290,54.762,0.000,2.842,0.000,0.000,0.000,0.000,0.000,0.000
2528,859.665,146.564,116.045,35.502,58.433,54.760,0.000,2.852,0.000,0.000,0.000,0.000,0.000,0.000
2529,860.001,154.342,116.196,35.468,58.583,54.750,0.000,2.862,0.000,0.000,0.000,0.000,0.000,0.000
2530,860.336,183.824,116.347,35.435,58.743,54.732,0.000,2.872,0.000,0.000,0.000,0.000,0.000,0.000
2531,860.672,142.675,116.500,35.401,58.910,54.707,0.000,2.883,0.000,0.000,0.000,0.000,0.000,0.000
2532,861.007,153.083,116.654,35.367,59.087,54.673,0.000,2.894,0.000,0.000,0.000,0.000,0.000,0.000
2533,861.342,151.490,116.810,35.333,59.273,54.631,0.000,2.905,0.000,0.000,0.000,0.000,0.000,0.000
2534,861.678,142.564,116.967,35.299,59.469,54.582,0.000,2.916,0.000,0.000,0.000,0.000,0.000,0.000
2535,862.013,178.859,117.126,35.266,59.673,54.525,0.000,2.928,0.000,0.000,0.000,0.000,0.000,0.000
2536,862.348,142.787,117.287,35.232,59.887,54.459,0.000,2.940,0.000,0.000,0.000,0.000,0.000,0.000
2537,862.684,143.231,117.450,35.198,60.111,54.386,0.000,2.952,0.000,0.000,0.000,0.000,0.000,0.000
2538,863.019,174.268,117.615,35.164,60.345,54.305,0.000,2.965,0.000,0.000,0.000,0.000,0.000,0.000
2539,863.354,156.564,117.783,35.130,60.589,54.216,0.000,2.978,0.000,0.000,0.000,0.000,0.000,0.000
2540,863.690,166.416,117.953,35.097,60.843,54.119,0.000,2.991,0.000,0.000,0.000,0.000,0.000,0.000
2541,864.025,162.231,118.127,35.063,61.108,54.015,0.000,3.004,0.000,0.000,0.000,0.000,0.000,0.000
2542,864.360,139.897,118.305,35.029,61.384,53.903,0.000,3.018,0.000,0.000,0.000,0.000,0.000,0.000
2543,864.695,130.527,118.486,34.995,61.671,53.783,0.000,3.032,0.000,0.000,0.000,0.000,0.000,0.000
2544,865.031,183.157,118.671,34.961,61.968,53.656,0.000,3.046,0.000,0.000,0.000,0.000,0.000,0.000
2545,865.366,164.824,118.860,34.928,62.278,53.521,0.000,3.061,0.000,0.000,0.000,0.000,0.000,0.000
2546,865.701,149.267,119.054,34.894,62.598,53.380,0.000,3.076,0.000,0.000,0.000,0.000,0.000,0.000
2547,866.036,141.231,119.253,34.860,62.931,53.231,0.000,3.091,0.000,0.000,0.000,0.000,0.000,0.000
2548,866.371,160.860,119.457,34.826,63.276,53.075,0.000,3.107,0.000,0.000,0.000,0.000,0.000,0.000
2549,866.707,190.157,119.667,34.792,63.632,52.912,0.000,3.123,0.000,0.000,0.000,0.000,0.000,0.000
2550,867.042,152.824,119.883,34.758,64.002,52.742,0.000,3.139,0.000,0.000,0.000,0.000,0.000,0.000
2551,867.377,153.786,120.105,34.725,64.384,52.565,0.000,3.156,0.000,0.000,0.000,0.000,0.000,0.000
2552,867.712,167.193,120.333,34.691,64.779,52.382,0.000,3.173,0.000,0.000,0.000,0.000,0.000,0.000
2553,868.047,174.416,120.569,34.657,65.187,52.192,0.000,3.190,0.000,0.000,0.000,0.000,0.000,0.000
2554,868.382,171.193,120.812,34.623,65.608,51.996,0.000,3.208,0.000,0.000,0.000,0.000,0.000,0.000
2555,868.717,175.267,121.062,34.589,66.043,51.794,0.000,3.226,0.000,0.000,0.000,0.000,0.000,0.000
2556,869.053,181.157,121.321,34.556,66.491,51.585,0.000,3.244,0.000,0.000,0.000,0.000,0.000,0.000
2557,869.388,207.750,121.588,34.522,66.954,51.371,0.000,3.263,0.000,0.000,0.000,0.000,0.000,0.000
2558,869.723,201.194,121.865,34.488,67.432,51.151,0.000,3.282,0.000,0.000,0.000,0.000,0.000,0.000
2559,870.058,179.639,122.150,34.454,67.924,50.926,0.000,3.300,0.000,0.000,0.000,0.000,0.000,0.000
2560,870.393,190.898,122.445,34.420,68.431,50.695,0.000,3.319,0.000,0.000,0.000,0.000,0.000,0.000
2561,870.728,195.083,122.750,34.387,68.953,50.459,0.000,3.338,0.000,0.000,0.000,0.000,0.000,0.000
2562,871.063,207.935,123.066,34.353,69.491,50.218,0.000,3.357,0.000,0.000,0.000,0.000,0.000,0.000
2563,871.398,170.898,123.393,34.319,70.044,49.973,0.000,3.376,0.000,0.000,0.000,0.000,0.000,0.000
2564,871.733,178.231,123.731,34.285,70.614,49.722,0.000,3.395,0.000,0.000,0.000,0.000,0.000,0.000
2565,872.068,187.527,124.081,34.251,71.199,49.467,0.000,3.414,0.000,0.000,0.000,0.000,0.000,0.000
2566,872.403,184.972,124.443,34.218,71.801,49.208,0.000,3.433,0.000,0.000,0.000,0.000,0.000,0.000
2567,872.738,208.379,124.818,34.184,72.420,48.945,0.000,3.452,0.000,0.000,0.000,0.000,0.000,0.000
2568,873.073,185.638,125.205,34.150,73.057,48.678,0.000,3.471,0.000,0.000,0.000,0.000,0.000,0.000
2569,873.408,208.713,125.607,34.116,73.710,48.407,0.000,3.490,0.000,0.000,0.000,0.000,0.000,0.000
2570,873.743,174.860,126.023,34.082,74.381,48.132,0.000,3.509,0.000,0.000,0.000,0.000,0.000,0.000
2571,874.078,159.084,126.453,34.049,75.070,47.854,0.000,3.528,0.000,0.000,0.000,0.000,0.000,0.000
2572,874.412,208.971,126.898,34.015,75.778,47.573,0.000,3.548,0.000,0.000,0.000,0.000,0.000,0.000
2573,874.747,217.379,127.358,33.981,76.504,47.288,0.000,3.567,0.000,0.000,0.000,0.000,0.000,0.000
2574,875.082,215.787,127.834,33.947,77.248,47.000,0.000,3.586,0.000,0.000,0.000,0.000,0.000,0.000
2575,875.417,206.046,128.324,33.913,78.011,46.709,0.000,3.604,0.000,0.000,0.000,0.000,0.000,0.000
2576,875.752,204.786,128.830,33.880,78.792,46.414,0.000,3.623,0.000,0.000,0.000,0.000,0.000,0.000
2577,876.087,243.417,129.352,33.846,79.593,46.117,0.000,3.642,0.000,0.000,0.000,0.000,0.000,0.000
2578,876.422,205.378,129.890,33.812,80.412,45.817,0.000,3.660,0.000,0.000,0.000,0.000,0.000,0.000
2579,876.756,214.861,130.446,33.778,81.252,45.515,0.000,3.679,0.000,0.000,0.000,0.000,0.000,0.000
2580,877.091,227.306,131.018,33.744,82.111,45.210,0.000,3.697,0.000,0.000,0.000,0.000,0.000,0.000
2581,877.426,193.934,131.609,33.711,82.990,44.904,0.000,3.715,0.000,0.000,0.000,0.000,0.000,0.000
2582,877.761,195.453,132.217,33.677,83.889,44.596,0.000,3.733,0.000,0.000,0.000,0.000,0.000,0.000
2583,878.096,215.527,132.845,33.643,84.808,44.286,0.000,3.751,0.000,0.000,0.000,0.000,0.000,0.000
2584,878.430,215.897,133.491,33.609,85.748,43.974,0.000,3.768,0.000,0.000,0.000,0.000,0.000,0.000
2585,878.765,204.194,134.158,33.575,86.710,43.662,0.000,3.786,0.000,0.000,0.000,0.000,0.000,0.000
2586,879.100,201.120,134.844,33.541,87.692,43.349,0.000,3.803,0.000,0.000,0.000,0.000,0.000,0.000
2587,879.434,216.082,135.551,33.508,88.696,43.034,0.000,3.820,0.000,0.000,0.000,0.000,0.000,0.000
2588,879.769,237.417,136.279,33.474,89.723,42.719,0.000,3.837,0.000,0.000,0.000,0.000,0.000,0.000
2589,880.104,206.713,137.029,33.440,90.771,42.404,0.000,3.854,0.000,0.000,0.000,0.000,0.000,0.000
2590,880.439,217.751,137.801,33.406,91.842,42.088,0.000,3.870,0.000,0.000,0.000,0.000,0.000,0.000
2591,880.773,236.453,138.595,33.372,92.936,41.773,0.000,3.886,0.000,0.000,0.000,0.000,0.000,0.000
2592,881.108,214.269,139.412,33.339,94.054,41.457,0.000,3.902,0.000,0.000,0.000,0.000,0.000,0.000
2593,881.443,234.713,140.253,33.305,95.195,41.141,0.000,3.917,0.000,0.000,0.000,0.000,0.000,0.000
2594,881.777,236.046,141.118,33.271,96.360,40.826,0.000,3.933,0.000,0.000,0.000,0.000,0.000,0.000
2595,882.112,245.972,142.008,33.237,97.549,40.511,0.000,3.948,0.000,0.000,0.000,0.000,0.000,0.000
2596,882.446,222.268,142.923,33.203,98.763,40.197,0.000,3.962,0.000,0.000,0.000,0.000,0.000,0.000
2597,882.781,239.343,143.863,33.170,100.003,39.884,0.000,3.977,0.000,0.000,0.000,0.000,0.000,0.000
2598,883.116,226.861,144.830,33.136,101.268,39.572,0.000,3.991,0.000,0.000,0.000,0.000,0.000,0.000
2599,883.450,224.527,145.824,33.102,102.558,39.261,0.000,4.004,0.000,0.000,0.000,0.000,0.000,0.000
2600,883.785,227.158,146.845,33.068,103.876,38.951,0.000,4.018,0.000,0.000,0.000,0.000,0.000,0.000
2601,884.119,254.490,147.894,33.034,105.220,38.643,0.000,4.031,0.000,0.000,0.000,0.000,0.000,0.000
2602,884.454,214.491,148.971,33.001,106.591,38.336,0.000,4.044,0.000,0.000,0.000,0.000,0.000,0.000
2603,884.788,218.045,150.077,32.967,107.990,38.031,0.000,4.056,0.000,0.000,0.000,0.000,0.000,0.000
2604,885.123,229.416,151.213,32.933,109.417,37.728,0.000,4.068,0.000,0.000,0.000,0.000,0.000,0.000
2605,885.457,224.120,152.379,32.899,110.873,37.427,0.000,4.079,0.000,0.000,0.000,0.000,0.000,0.000
2606,885.792,216.453,153.576,32.865,112.357,37.128,0.000,4.091,0.000,0.000,0.000,0.000,0.000,0.000
2607,886.126,234.602,154.802,32.832,113.870,36.831,0.000,4.101,0.000,0.000,0.000,0.000,0.000,0.000
2608,886.461,250.453,156.048,32.798,115.400,36.536,0.000,4.112,0.000,0.000,0.000,0.000,0.000,0.000
2609,886.795,249.676,157.306,32.764,116.941,36.243,0.000,4.122,0.000,0.000,0.000,0.000,0.000,0.000
2610,887.130,258.934,158.576,32.730,118.491,35.953,0.000,4.131,0.000,0.000,0.000,0.000,0.000,0.000
2611,887.464,241.267,159.855,32.696,120.050,35.666,0.000,4.140,0.000,0.000,0.000,0.000,0.000,0.000
2612,887.798,233.343,161.145,32.663,121.615,35.381,0.000,4.149,0.000,0.000,0.000,0.000,0.000,0.000
2613,888.133,262.972,162.443,32.629,123.188,35.098,0.000,4.157,0.000,0.000,0.000,0.000,0.000,0.000
2614,888.467,222.046,163.751,32.595,124.768,34.819,0.000,4.164,0.000,0.000,0.000,0.000,0.000,0.000
2615,888.802,262.453,165.066,32.561,126.352,34.542,0.000,4.172,0.000,0.000,0.000,0.000,0.000,0.000
2616,889.136,275.416,166.389,32.527,127.942,34.268,0.000,4.178,0.000,0.000,0.000,0.000,0.000,0.000
2617,889.470,242.268,167.718,32.493,129.536,33.998,0.000,4.184,0.000,0.000,0.000,0.000,0.000,0.000
2618,889.805,243.602,169.054,32.460,131.133,33.730,0.000,4.190,0.000,0.000,0.000,0.000,0.000,0.000
2619,890.139,258.417,170.395,32.426,132.733,33.466,0.000,4.195,0.000,0.000,0.000,0.000,0.000,0.000
2620,890.473,284.564,171.740,32.392,134.335,33.205,0.000,4.200,0.000,0.000,0.000,0.000,0.000,0.000
2621,890.808,243.638,173.090,32.358,135.938,32.948,0.000,4.204,0.000,0.000,0.000,0.000,0.000,0.000
2622,891.142,253.750,174.443,32.324,137.541,32.693,0.000,4.208,0.000,0.000,0.000,0.000,0.000,0.000
2623,891.476,249.453,175.798,32.291,139.144,32.443,0.000,4.211,0.000,0.000,0.000,0.000,0.000,0.000
2624,891.811,236.268,177.156,32.257,140.746,32.195,0.000,4.214,0.000,0.000,0.000,0.000,0.000,0.000
2625,892.145,266.676,178.514,32.223,142.346,31.952,0.000,4.216,0.000,0.000,0.000,0.000,0.000,0.000
2626,892.479,279.787,179.873,32.189,143.943,31.712,0.000,4.218,0.000,0.000,0.000,0.000,0.000,0.000
2627,892.813,265.564,181.232,32.155,145.537,31.475,0.000,4.219,0.000,0.000,0.000,0.000,0.000,0.000
2628,893.147,254.564,182.589,32.122,147.126,31.243,0.000,4.220,0.000,0.000,0.000,0.000,0.000,0.000
2629,893.482,237.935,183.944,32.088,148.710,31.014,0.000,4.220,0.000,0.000,0.000,0.000,0.000,0.000
2630,893.816,246.194,185.297,32.054,150.288,30.789,0.000,4.220,0.000,0.000,0.000,0.000,0.000,0.000
2631,894.150,248.676,186.645,32.020,151.859,30.567,0.000,4.219,0.000,0.000,0.000,0.000,0.000,0.000
2632,894.484,271.342,187.990,31.986,153.421,30.350,0.000,4.218,0.000,0.000,0.000,0.000,0.000,0.000
2633,894.818,254.897,189.328,31.953,154.976,30.136,0.000,4.216,0.000,0.000,0.000,0.000,0.000,0.000
2634,895.153,262.157,190.661,31.919,156.520,29.927,0.000,4.214,0.000,0.000,0.000,0.000,0.000,0.000
2635,895.487,228.787,191.987,31.885,158.054,29.721,0.000,4.211,0.000,0.000,0.000,0.000,0.000,0.000
2636,895.821,276.824,193.304,31.851,159.577,29.519,0.000,4.208,0.000,0.000,0.000,0.000,0.000,0.000
2637,896.155,290.527,194.614,31.817,161.088,29.321,0.000,4.204,0.000,0.000,0.000,0.000,0.000,0.000
2638,896.489,257.119,195.913,31.784,162.586,29.127,0.000,4.200,0.000,0.000,0.000,0.000,0.000,0.000
2639,896.823,268.971,197.202,31.750,164.070,28.937,0.000,4.195,0.000,0.000,0.000,0.000,0.000,0.000
2640,897.157,274.750,198.480,31.716,165.539,28.751,0.000,4.190,0.000,0.000,0.000,0.000,0.000,0.000
2641,897.491,253.823,199.746,31.682,166.993,28.569,0.000,4.185,0.000,0.000,0.000,0.000,0.000,0.000
2642,897.825,232.453,200.998,31.648,168.430,28.390,0.000,4.178,0.000,0.000,0.000,0.000,0.000,0.000
2643,898.159,252.564,202.237,31.615,169.850,28.215,0.000,4.172,0.000,0.000,0.000,0.000,0.000,0.000
2644,898.493,262.046,203.461,31.581,171.251,28.045,0.000,4.165,0.000,0.000,0.000,0.000,0.000,0.000
2645,898.827,255.935,204.669,31.547,172.634,27.877,0.000,4.157,0.000,0.000,0.000,0.000,0.000,0.000
2646,899.161,233.194,205.860,31.513,173.997,27.714,0.000,4.149,0.000,0.000,0.000,0.000,0.000,0.000
2647,899.495,295.157,207.034,31.479,175.339,27.554,0.000,4.140,0.000,0.000,0.000,0.000,0.000,0.000
2648,899.829,242.824,208.190,31.446,176.661,27.398,0.000,4.131,0.000,0.000,0.000,0.000,0.000,0.000
2649,900.163,285.823,209.327,31.412,177.959,27.246,0.000,4.122,0.000,0.000,0.000,0.000,0.000,0.000
2650,900.497,290.972,210.445,31.378,179.235,27.097,0.000,4.112,0.000,0.000,0.000,0.000,0.000,0.000
2651,900.831,217.751,211.542,31.344,180.488,26.952,0.000,4.102,0.000,0.000,0.000,0.000,0.000,0.000
2652,901.165,264.046,212.618,31.310,181.716,26.811,0.000,4.091,0.000,0.000,0.000,0.000,0.000,0.000
2653,901.499,281.490,213.671,31.276,182.919,26.673,0.000,4.080,0.000,0.000,0.000,0.000,0.000,0.000
2654,901.833,244.527,214.703,31.243,184.096,26.538,0.000,4.069,0.000,0.000,0.000,0.000,0.000,0.000
2655,902.167,248.269,215.711,31.209,185.246,26.407,0.000,4.057,0.000,0.000,0.000,0.000,0.000,0.000
2656,902.501,243.638,216.694,31.175,186.370,26.280,0.000,4.045,0.000,0.000,0.000,0.000,0.000,0.000
2657,902.835,223.045,217.653,31.141,187.465,26.156,0.000,4.032,0.000,0.000,0.000,0.000,0.000,0.000
2658,903.168,232.897,218.586,31.107,188.532,26.035,0.000,4.019,0.000,0.000,0.000,0.000,0.000,0.000
2659,903.502,237.305,219.494,31.074,189.570,25.918,0.000,4.006,0.000,0.000,0.000,0.000,0.000,0.000
2660,903.836,239.712,220.374,31.040,190.578,25.804,0.000,3.992,0.000,0.000,0.000,0.000,0.000,0.000
2661,904.170,224.046,221.228,31.006,191.556,25.693,0.000,3.978,0.000,0.000,0.000,0.000,0.000,0.000
2662,904.504,238.639,222.053,30.972,192.503,25.585,0.000,3.964,0.000,0.000,0.000,0.000,0.000,0.000
2663,904.837,257.898,222.850,30.938,193.419,25.481,0.000,3.949,0.000,0.000,0.000,0.000,0.000,0.000
2664,905.171,244.416,223.618,30.905,194.303,25.380,0.000,3.934,0.000,0.000,0.000,0.000,0.000,0.000
2665,905.505,262.934,224.356,30.871,195.155,25.282,0.000,3.919,0.000,0.000,0.000,0.000,0.000,0.000
2666,905.839,261.564,225.064,30.837,195.974,25.187,0.000,3.904,0.000,0.000,0.000,0.000,0.000,0.000
2667,906.173,249.824,225.742,30.803,196.759,25.095,0.000,3.888,0.000,0.000,0.000,0.000,0.000,0.000
2668,906.506,245.009,226.389,30.769,197.511,25.006,0.000,3.872,0.000,0.000,0.000,0.000,0.000,0.000
2669,906.840,245.378,227.005,30.736,198.229,24.920,0.000,3.856,0.000,0.000,0.000,0.000,0.000,0.000
2670,907.174,239.564,227.589,30.702,198.913,24.837,0.000,3.840,0.000,0.000,0.000,0.000,0.000,0.000
2671,907.507,267.786,228.141,30.668,199.561,24.756,0.000,3.823,0.000,0.000,0.000,0.000,0.000,0.000
2672,907.841,258.231,228.660,30.634,200.175,24.679,0.000,3.807,0.000,0.000,0.000,0.000,0.000,0.000
2673,908.175,223.972,229.147,30.600,200.753,24.604,0.000,3.790,0.000,0.000,0.000,0.000,0.000,0.000
2674,908.508,233.453,229.601,30.567,201.296,24.532,0.000,3.773,0.000,0.000,0.000,0.000,0.000,0.000
2675,908.842,251.232,230.021,30.533,201.804,24.462,0.000,3.756,0.000,0.000,0.000,0.000,0.000,0.000
2676,909.176,253.416,230.408,30.499,202.275,24.395,0.000,3.738,0.000,0.000,0.000,0.000,0.000,0.000
2677,909.509,235.601,230.761,30.465,202.710,24.330,0.000,3.721,0.000,0.000,0.000,0.000,0.000,0.000
2678,909.843,224.934,231.079,30.431,203.108,24.268,0.000,3.703,0.000,0.000,0.000,0.000,0.000,0.000
2679,910.177,234.602,231.364,30.398,203.470,24.208,0.000,3.685,0.000,0.000,0.000,0.000,0.000,0.000
2680,910.510,219.490,231.613,30.364,203.796,24.150,0.000,3.668,0.000,0.000,0.000,0.000,0.000,0.000
2681,910.844,214.416,231.828,30.330,204.085,24.094,0.000,3.650,0.000,0.000,0.000,0.000,0.000,0.000
2682,911.177,233.897,232.009,30.296,204.337,24.041,0.000,3.632,0.000,0.000,0.000,0.000,0.000,0.000
2683,911.511,248.527,232.155,30.262,204.552,23.989,0.000,3.614,0.000,0.000,0.000,0.000,0.000,0.000
2684,911.844,244.194,232.266,30.229,204.731,23.940,0.000,3.596,0.000,0.000,0.000,0.000,0.000,0.000
2685,912.178,243.490,232.343,30.195,204.873,23.892,0.000,3.577,0.000,0.000,0.000,0.000,0.000,0.000
2686,912.511,216.676,232.385,30.161,204.979,23.847,0.000,3.559,0.000,0.000,0.000,0.000,0.000,0.000
2687,912.845,216.157,232.392,30.127,205.048,23.803,0.000,3.541,0.000,0.000,0.000,0.000,0.000,0.000
2688,913.178,231.009,232.366,30.093,205.082,23.761,0.000,3.523,0.000,0.000,0.000,0.000,0.000,0.000
2689,913.512,231.527,232.305,30.059,205.079,23.721,0.000,3.505,0.000,0.000,0.000,0.000,0.000,0.000
2690,913.845,234.453,232.210,30.026,205.041,23.683,0.000,3.487,0.000,0.000,0.000,0.000,0.000,0.000
2691,914.179,210.490,232.082,29.992,204.967,23.646,0.000,3.469,0.000,0.000,0.000,0.000,0.000,0.000
2692,914.512,225.824,231.920,29.958,204.858,23.611,0.000,3.451,0.000,0.000,0.000,0.000,0.000,0.000
2693,914.846,200.083,231.724,29.924,204.714,23.578,0.000,3.433,0.000,0.000,0.000,0.000,0.000,0.000
2694,915.179,218.897,231.496,29.890,204.535,23.546,0.000,3.415,0.000,0.000,0.000,0.000,0.000,0.000
2695,915.512,228.491,231.236,29.857,204.322,23.517,0.000,3.397,0.000,0.000,0.000,0.000,0.000,0.000
2696,915.846,210.527,230.944,29.823,204.076,23.488,0.000,3.380,0.000,0.000,0.000,0.000,0.000,0.000
2697,916.179,229.971,230.621,29.789,203.796,23.462,0.000,3.362,0.000,0.000,0.000,0.000,0.000,0.000
2698,916.513,188.823,230.266,29.755,203.484,23.437,0.000,3.345,0.000,0.000,0.000,0.000,0.000,0.000
2699,916.846,205.267,229.880,29.721,203.139,23.413,0.000,3.328,0.000,0.000,0.000,0.000,0.000,0.000
2700,917.179,211.008,229.464,29.688,202.763,23.391,0.000,3.311,0.000,0.000,0.000,0.000,0.000,0.000
2701,917.513,218.231,229.019,29.654,202.355,23.370,0.000,3.294,0.000,0.000,0.000,0.000,0.000,0.000
2702,917.846,194.972,228.544,29.620,201.916,23.351,0.000,3.277,0.000,0.000,0.000,0.000,0.000,0.000
2703,918.179,223.713,228.040,29.586,201.448,23.332,0.000,3.260,0.000,0.000,0.000,0.000,0.000,0.000
2704,918.513,202.749,227.509,29.552,200.950,23.315,0.000,3.244,0.000,0.000,0.000,0.000,0.000,0.000
2705,918.846,223.971,226.950,29.519,200.423,23.299,0.000,3.228,0.000,0.000,0.000,0.000,0.000,0.000
2706,919.179,178.490,226.364,29.485,199.868,23.284,0.000,3.212,0.000,0.000,0.000,0.000,0.000,0.000
2707,919.512,213.231,225.752,29.451,199.285,23.270,0.000,3.196,0.000,0.000,0.000,0.000,0.000,0.000
2708,919.846,211.452,225.114,29.417,198.676,23.258,0.000,3.181,0.000,0.000,0.000,0.000,0.000,0.000
2709,920.179,241.675,224.452,29.383,198.041,23.246,0.000,3.166,0.000,0.000,0.000,0.000,0.000,0.000
2710,920.512,195.082,223.766,29.350,197.380,23.235,0.000,3.151,0.000,0.000,0.000,0.000,0.000,0.000
2711,920.845,166.008,223.056,29.316,196.695,23.224,0.000,3.136,0.000,0.000,0.000,0.000,0.000,0.000
2712,921.179,226.860,222.324,29.282,195.987,23.215,0.000,3.122,0.000,0.000,0.000,0.000,0.000,0.000
2713,921.512,183.971,221.570,29.248,195.256,23.206,0.000,3.108,0.000,0.000,0.000,0.000,0.000,0.000
2714,921.845,209.823,220.796,29.214,194.504,23.198,0.000,3.094,0.000,0.000,0.000,0.000,0.000,0.000
2715,922.178,225.046,220.001,29.181,193.730,23.190,0.000,3.081,0.000,0.000,0.000,0.000,0.000,0.000
2716,922.511,198.971,219.187,29.147,192.936,23.183,0.000,3.068,0.000,0.000,0.000,0.000,0.000,0.000
2717,922.844,194.898,218.354,29.113,192.122,23.177,0.000,3.055,0.000,0.000,0.000,0.000,0.000,0.000
2718,923.178,195.416,217.503,29.079,191.289,23.171,0.000,3.043,0.000,0.000,0.000,0.000,0.000,0.000
2719,923.511,196.156,216.635,29.045,190.439,23.165,0.000,3.030,0.000,0.000,0.000,0.000,0.000,0.000
2720,923.844,196.638,215.752,29.011,189.573,23.160,0.000,3.019,0.000,0.000,0.000,0.000,0.000,0.000
2721,924.177,216.674,214.853,28.978,188.690,23.156,0.000,3.007,0.000,0.000,0.000,0.000,0.000,0.000
2722,924.510,203.342,213.940,28.944,187.792,23.151,0.000,2.996,0.000,0.000,0.000,0.000,0.000,0.000
2723,924.843,190.194,213.014,28.910,186.881,23.147,0.000,2.986,0.000,0.000,0.000,0.000,0.000,0.000
2724,925.176,199.267,212.076,28.876,185.956,23.144,0.000,2.976,0.000,0.000,0.000,0.000,0.000,0.000
2725,925.509,221.638,211.126,28.842,185.020,23.141,0.000,2.965,0.000,0.000,0.000,0.000,0.000,0.000
2726,925.842,185.638,210.167,28.809,184.073,23.138,0.000,2.956,0.000,0.000,0.000,0.000,0.000,0.000
2727,926.175,218.600,209.198,28.775,183.116,23.135,0.000,2.946,0.000,0.000,0.000,0.000,0.000,0.000
2728,926.508,202.379,208.221,28.741,182.151,23.133,0.000,2.937,0.000,0.000,0.000,0.000,0.000,0.000
2729,926.841,195.083,207.236,28.707,181.177,23.131,0.000,2.928,0.000,0.000,0.000,0.000,0.000,0.000
2730,927.174,170.231,206.246,28.673,180.197,23.129,0.000,2.919,0.000,0.000,0.000,0.000,0.000,0.000
2731,927.507,187.601,205.250,28.640,179.212,23.127,0.000,2.911,0.000,0.000,0.000,0.000,0.000,0.000
2732,927.840,196.045,204.250,28.606,178.221,23.126,0.000,2.903,0.000,0.000,0.000,0.000,0.000,0.000
2733,928.173,207.859,203.247,28.572,177.227,23.125,0.000,2.895,0.000,0.000,0.000,0.000,0.000,0.000
2734,928.506,196.046,202.242,28.538,176.231,23.124,0.000,2.887,0.000,0.000,0.000,0.000,0.000,0.000
2735,928.839,184.452,201.236,28.504,175.233,23.123,0.000,2.880,0.000,0.000,0.000,0.000,0.000,0.000
2736,929.172,201.416,200.230,28.471,174.234,23.123,0.000,2.873,0.000,0.000,0.000,0.000,0.000,0.000
2737,929.505,219.379,199.225,28.437,173.237,23.122,0.000,2.866,0.000,0.000,0.000,0.000,0.000,0.000
2738,929.838,172.934,198.222,28.403,172.240,23.122,0.000,2.860,0.000,0.000,0.000,0.000,0.000,0.000
2739,930.170,213.564,197.222,28.369,171.247,23.122,0.000,2.853,0.000,0.000,0.000,0.000,0.000,0.000
2740,930.503,181.378,196.227,28.335,170.258,23.122,0.000,2.847,0.000,0.000,0.000,0.000,0.000,0.000
2741,930.836,184.304,195.236,28.302,169.273,23.122,0.000,2.841,0.000,0.000,0.000,0.000,0.000,0.000
2742,931.169,199.712,194.252,28.268,168.294,23.122,0.000,2.836,0.000,0.000,0.000,0.000,0.000,0.000
2743,931.502,196.304,193.276,28.234,167.322,23.123,0.000,2.831,0.000,0.000,0.000,0.000,0.000,0.000
2744,931.835,202.786,192.307,28.200,166.358,23.124,0.000,2.826,0.000,0.000,0.000,0.000,0.000,0.000
2745,932.167,192.451,191.348,28.166,165.403,23.124,0.000,2.821,0.000,0.000,0.000,0.000,0.000,0.000
2746,932.500,193.416,190.400,28.133,164.459,23.125,0.000,2.816,0.000,0.000,0.000,0.000,0.000,0.000
2747,932.833,207.675,189.463,28.099,163.525,23.126,0.000,2.812,0.000,0.000,0.000,0.000,0.000,0.000
2748,933.166,200.082,188.538,28.065,162.604,23.127,0.000,2.807,0.000,0.000,0.000,0.000,0.000,0.000
2749,933.499,198.304,187.627,28.031,161.696,23.128,0.000,2.804,0.000,0.000,0.000,0.000,0.000,0.000
2750,933.831,206.083,186.731,27.997,160.802,23.128,0.000,2.800,0.000,0.000,0.000,0.000,0.000,0.000
2751,934.164,201.823,185.849,27.964,159.924,23.129,0.000,2.796,0.000,0.000,0.000,0.000,0.000,0.000
2752,934.497,200.453,184.985,27.930,159.062,23.130,0.000,2.793,0.000,0.000,0.000,0.000,0.000,0.000
2753,934.829,203.489,184.137,27.896,158.217,23.131,0.000,2.789,0.000,0.000,0.000,0.000,0.000,0.000
2754,935.162,170.971,183.309,27.862,157.391,23.132,0.000,2.786,0.000,0.000,0.000,0.000,0.000,0.000
2755,935.495,199.637,182.499,27.828,156.583,23.132,0.000,2.783,0.000,0.000,0.000,0.000,0.000,0.000
2756,935.828,217.156,181.710,27.794,155.796,23.133,0.000,2.781,0.000,0.000,0.000,0.000,0.000,0.000
2757,936.160,205.452,180.942,27.761,155.030,23.134,0.000,2.778,0.000,0.000,0.000,0.000,0.000,0.000
2758,936.493,169.193,180.196,27.727,154.286,23.134,0.000,2.776,0.000,0.000,0.000,0.000,0.000,0.000
2759,936.825,195.971,179.472,27.693,153.564,23.135,0.000,2.773,0.000,0.000,0.000,0.000,0.000,0.000
2760,937.158,171.749,178.769,27.659,152.863,23.135,0.000,2.771,0.000,0.000,0.000,0.000,0.000,0.000
2761,937.491,164.045,178.087,27.625,152.182,23.136,0.000,2.769,0.000,0.000,0.000,0.000,0.000,0.000
2762,937.823,185.563,177.427,27.592,151.524,23.136,0.000,2.767,0.000,0.000,0.000,0.000,0.000,0.000
2763,938.156,185.452,176.790,27.558,150.887,23.137,0.000,2.765,0.000,0.000,0.000,0.000,0.000,0.000
2764,938.488,192.823,176.175,27.524,150.274,23.137,0.000,2.764,0.000,0.000,0.000,0.000,0.000,0.000
2765,938.821,196.712,175.584,27.490,149.684,23.138,0.000,2.762,0.000,0.000,0.000,0.000,0.000,0.000
2766,939.154,185.009,175.018,27.456,149.119,23.138,0.000,2.761,0.000,0.000,0.000,0.000,0.000,0.000
2767,939.486,217.267,174.476,27.423,148.579,23.139,0.000,2.759,0.000,0.000,0.000,0.000,0.000,0.000
2768,939.819,161.082,173.960,27.389,148.064,23.139,0.000,2.758,0.000,0.000,0.000,0.000,0.000,0.000
2769,940.151,181.897,173.471,27.355,147.575,23.139,0.000,2.756,0.000,0.000,0.000,0.000,0.000,0.000
2770,940.484,190.674,173.008,27.321,147.113,23.140,0.000,2.755,0.000,0.000,0.000,0.000,0.000,0.000
2771,940.816,195.600,172.572,27.287,146.678,23.140,0.000,2.754,0.000,0.000,0.000,0.000,0.000,0.000
2772,941.149,187.008,172.165,27.254,146.271,23.141,0.000,2.753,0.000,0.000,0.000,0.000,0.000,0.000
2773,941.481,158.749,171.780,27.220,145.887,23.141,0.000,2.752,0.000,0.000,0.000,0.000,0.000,0.000
2774,941.814,177.526,171.415,27.186,145.522,23.142,0.000,2.751,0.000,0.000,0.000,0.000,0.000,0.000
2775,942.146,202.601,171.067,27.152,145.175,23.142,0.000,2.750,0.000,0.000,0.000,0.000,0.000,0.000
2776,942.478,190.045,170.738,27.118,144.846,23.143,0.000,2.749,0.000,0.000,0.000,0.000,0.000,0.000
2777,942.811,178.933,170.427,27.085,144.535,23.144,0.000,2.748,0.000,0.000,0.000,0.000,0.000,0.000
2778,943.143,197.637,170.134,27.051,144.241,23.145,0.000,2.747,0.000,0.000,0.000,0.000,0.000,0.000
2779,943.476,186.897,169.858,27.017,143.966,23.146,0.000,2.746,0.000,0.000,0.000,0.000,0.000,0.000
2780,943.808,193.452,169.616,27.000,143.713,23.157,0.000,2.746,0.000,0.000,0.000,0.000,0.000,0.000
2781,944.140,174.379,169.392,26.983,143.478,23.169,0.000,2.746,0.000,0.000,0.000,0.000,0.000,0.000
2782,944.473,181.600,169.185,26.965,143.259,23.180,0.000,2.745,0.000,0.000,0.000,0.000,0.000,0.000
2783,944.805,190.489,168.994,26.948,143.058,23.192,0.000,2.745,0.000,0.000,0.000,0.000,0.000,0.000
2784,945.138,205.563,168.821,26.931,142.872,23.203,0.000,2.745,0.000,0.000,0.000,0.000,0.000,0.000
2785,945.470,176.563,168.663,26.914,142.703,23.215,0.000,2.744,0.000,0.000,0.000,0.000,0.000,0.000
2786,945.802,162.674,168.521,26.897,142.550,23.227,0.000,2.744,0.000,0.000,0.000,0.000,0.000,0.000
2787,946.134,203.156,168.394,26.880,142.413,23.238,0.000,2.743,0.000,0.000,0.000,0.000,0.000,0.000
2788,946.467,187.896,168.283,26.863,142.290,23.250,0.000,2.743,0.000,0.000,0.000,0.000,0.000,0.000
2789,946.799,180.748,168.186,26.845,142.182,23.261,0.000,2.742,0.000,0.000,0.000,0.000,0.000,0.000
2790,947.131,179.637,168.104,26.828,142.089,23.273,0.000,2.742,0.000,0.000,0.000,0.000,0.000,0.000
2791,947.464,190.082,168.035,26.811,142.009,23.285,0.000,2.741,0.000,0.000,0.000,0.000,0.000,0.000
2792,947.796,204.119,167.980,26.794,141.943,23.296,0.000,2.740,0.000,0.000,0.000,0.000,0.000,0.000
2793,948.128,168.342,167.937,26.777,141.890,23.308,0.000,2.739,0.000,0.000,0.000,0.000,0.000,0.000
2794,948.460,176.342,167.907,26.760,141.849,23.320,0.000,2.738,0.000,0.000,0.000,0.000,0.000,0.000
2795,948.792,185.971,167.889,26.743,141.820,23.332,0.000,2.737,0.000,0.000,0.000,0.000,0.000,0.000
2796,949.125,203.304,167.883,26.725,141.803,23.344,0.000,2.736,0.000,0.000,0.000,0.000,0.000,0.000
2797,949.457,180.416,167.887,26.708,141.796,23.356,0.000,2.735,0.000,0.000,0.000,0.000,0.000,0.000
2798,949.789,176.304,167.901,26.691,141.800,23.368,0.000,2.733,0.000,0.000,0.000,0.000,0.000,0.000
2799,950.121,174.045,167.926,26.674,141.814,23.380,0.000,2.732,0.000,0.000,0.000,0.000,0.000,0.000
2800,950.453,192.600,167.959,26.657,141.837,23.392,0.000,2.731,0.000,0.000,0.000,0.000,0.000,0.000
2801,950.785,171.267,168.001,26.640,141.868,23.404,0.000,2.729,0.000,0.000,0.000,0.000,0.000,0.000
2802,951.118,162.711,168.051,26.622,141.907,23.416,0.000,2.727,0.000,0.000,0.000,0.000,0.000,0.000
2803,951.450,186.822,168.108,26.605,141.954,23.429,0.000,2.725,0.000,0.000,0.000,0.000,0.000,0.000
2804,951.782,179.007,168.172,26.588,142.007,23.441,0.000,2.724,0.000,0.000,0.000,0.000,0.000,0.000
2805,952.114,165.378,168.242,26.571,142.066,23.454,0.000,2.721,0.000,0.000,0.000,0.000,0.000,0.000
2806,952.446,178.230,168.317,26.554,142.131,23.466,0.000,2.719,0.000,0.000,0.000,0.000,0.000,0.000
2807,952.778,176.045,168.397,26.537,142.201,23.479,0.000,2.717,0.000,0.000,0.000,0.000,0.000,0.000
2808,953.110,185.118,168.482,26.520,142.275,23.492,0.000,2.715,0.000,0.000,0.000,0.000,0.000,0.000
2809,953.442,184.230,168.570,26.502,142.353,23.505,0.000,2.712,0.000,0.000,0.000,0.000,0.000,0.000
2810,953.774,189.082,168.660,26.485,142.433,23.518,0.000,2.710,0.000,0.000,0.000,0.000,0.000,0.000
2811,954.106,167.897,168.754,26.468,142.515,23.531,0.000,2.707,0.000,0.000,0.000,0.000,0.000,0.000
2812,954.438,162.600,168.848,26.451,142.599,23.545,0.000,2.704,0.000,0.000,0.000,0.000,0.000,0.000
2813,954.770,184.489,168.944,26.434,142.684,23.558,0.000,2.701,0.000,0.000,0.000,0.000,0.000,0.000
2814,955.102,184.304,169.039,26.417,142.770,23.572,0.000,2.698,0.000,0.000,0.000,0.000,0.000,0.000
2815,955.434,177.378,169.135,26.399,142.854,23.586,0.000,2.695,0.000,0.000,0.000,0.000,0.000,0.000
2816,955.766,180.118,169.229,26.382,142.938,23.600,0.000,2.691,0.000,0.000,0.000,0.000,0.000,0.000
2817,956.098,166.155,169.322,26.365,143.020,23.614,0.000,2.688,0.000,0.000,0.000,0.000,0.000,0.000
2818,956.430,190.563,169.412,26.348,143.099,23.628,0.000,2.684,0.000,0.000,0.000,0.000,0.000,0.000
2819,956.762,175.378,169.499,26.331,143.176,23.643,0.000,2.681,0.000,0.000,0.000,0.000,0.000,0.000
2820,957.094,194.378,169.582,26.314,143.249,23.657,0.000,2.677,0.000,0.000,0.000,0.000,0.000,0.000
2821,957.426,173.118,169.661,26.297,143.317,23.671,0.000,2.673,0.000,0.000,0.000,0.000,0.000,0.000
2822,957.758,180.748,169.734,26.279,143.380,23.686,0.000,2.668,0.000,0.000,0.000,0.000,0.000,0.000
2823,958.089,174.229,169.802,26.262,143.437,23.701,0.000,2.664,0.000,0.000,0.000,0.000,0.000,0.000
2824,958.421,166.785,169.863,26.245,143.489,23.715,0.000,2.660,0.000,0.000,0.000,0.000,0.000,0.000
2825,958.753,171.970,169.917,26.228,143.533,23.730,0.000,2.655,0.000,0.000,0.000,0.000,0.000,0.000
2826,959.085,167.563,169.964,26.211,143.569,23.745,0.000,2.650,0.000,0.000,0.000,0.000,0.000,0.000
2827,959.417,179.599,170.002,26.194,143.597,23.759,0.000,2.645,0.000,0.000,0.000,0.000,0.000,0.000
2828,959.749,159.822,170.031,26.176,143.617,23.774,0.000,2.640,0.000,0.000,0.000,0.000,0.000,0.000
2829,960.081,179.156,170.051,26.159,143.627,23.789,0.000,2.635,0.000,0.000,0.000,0.000,0.000,0.000
2830,960.412,173.600,170.060,26.142,143.627,23.804,0.000,2.630,0.000,0.000,0.000,0.000,0.000,0.000
2831,960.744,157.859,170.059,26.125,143.616,23.819,0.000,2.624,0.000,0.000,0.000,0.000,0.000,0.000
2832,961.076,154.711,170.047,26.108,143.594,23.834,0.000,2.619,0.000,0.000,0.000,0.000,0.000,0.000
2833,961.408,168.970,170.023,26.091,143.561,23.849,0.000,2.613,0.000,0.000,0.000,0.000,0.000,0.000
2834,961.739,149.822,169.987,26.074,143.516,23.865,0.000,2.607,0.000,0.000,0.000,0.000,0.000,0.000
2835,962.071,159.600,169.939,26.056,143.458,23.880,0.000,2.601,0.000,0.000,0.000,0.000,0.000,0.000
2836,962.403,159.711,169.877,26.039,143.386,23.895,0.000,2.595,0.000,0.000,0.000,0.000,0.000,0.000
2837,962.735,153.822,169.801,26.022,143.302,23.910,0.000,2.589,0.000,0.000,0.000,0.000,0.000,0.000
2838,963.066,147.341,169.712,26.005,143.203,23.926,0.000,2.583,0.000,0.000,0.000,0.000,0.000,0.000
2839,963.398,148.007,169.608,25.988,143.090,23.941,0.000,2.576,0.000,0.000,0.000,0.000,0.000,0.000
2840,963.730,136.304,169.488,25.971,142.961,23.957,0.000,2.570,0.000,0.000,0.000,0.000,0.000,0.000
2841,964.061,142.266,169.354,25.953,142.818,23.973,0.000,2.563,0.000,0.000,0.000,0.000,0.000,0.000
2842,964.393,149.007,169.204,25.936,142.659,23.988,0.000,2.557,0.000,0.000,0.000,0.000,0.000,0.000
2843,964.725,130.452,169.038,25.919,142.483,24.004,0.000,2.550,0.000,0.000,0.000,0.000,0.000,0.000
2844,965.056,174.562,168.855,25.902,142.292,24.020,0.000,2.543,0.000,0.000,0.000,0.000,0.000,0.000
2845,965.388,146.340,168.656,25.885,142.083,24.036,0.000,2.536,0.000,0.000,0.000,0.000,0.000,0.000
2846,965.719,115.266,168.439,25.868,141.858,24.052,0.000,2.529,0.000,0.000,0.000,0.000,0.000,0.000
2847,966.051,141.340,168.206,25.851,141.615,24.068,0.000,2.522,0.000,0.000,0.000,0.000,0.000,0.000
2848,966.383,132.785,167.954,25.833,141.355,24.084,0.000,2.515,0.000,0.000,0.000,0.000,0.000,0.000
2849,966.714,140.563,167.685,25.816,141.077,24.100,0.000,2.508,0.000,0.000,0.000,0.000,0.000,0.000
2850,967.046,112.932,167.398,25.799,140.780,24.117,0.000,2.501,0.000,0.000,0.000,0.000,0.000,0.000
2851,967.377,137.488,167.092,25.782,140.466,24.133,0.000,2.493,0.000,0.000,0.000,0.000,0.000,0.000
2852,967.709,131.266,166.769,25.765,140.133,24.150,0.000,2.486,0.000,0.000,0.000,0.000,0.000,0.000
2853,968.040,114.452,166.426,25.748,139.782,24.166,0.000,2.478,0.000,0.000,0.000,0.000,0.000,0.000
2854,968.372,137.155,166.066,25.730,139.412,24.183,0.000,2.471,0.000,0.000,0.000,0.000,0.000,0.000
2855,968.703,141.044,165.688,25.713,139.025,24.199,0.000,2.463,0.000,0.000,0.000,0.000,0.000,0.000
2856,969.035,132.044,165.292,25.696,138.620,24.216,0.000,2.456,0.000,0.000,0.000,0.000,0.000,0.000
2857,969.366,131.377,164.877,25.679,138.196,24.232,0.000,2.448,0.000,0.000,0.000,0.000,0.000,0.000
2858,969.698,115.489,164.444,25.662,137.754,24.249,0.000,2.441,0.000,0.000,0.000,0.000,0.000,0.000
2859,970.029,114.229,163.991,25.645,137.293,24.265,0.000,2.433,0.000,0.000,0.000,0.000,0.000,0.000
2860,970.361,110.784,163.520,25.628,136.814,24.281,0.000,2.425,0.000,0.000,0.000,0.000,0.000,0.000
2861,970.692,129.080,163.030,25.610,136.315,24.298,0.000,2.417,0.000,0.000,0.000,0.000,0.000,0.000
2862,971.024,120.118,162.521,25.593,135.798,24.314,0.000,2.410,0.000,0.000,0.000,0.000,0.000,0.000
2863,971.355,126.821,161.993,25.576,135.261,24.330,0.000,2.402,0.000,0.000,0.000,0.000,0.000,0.000
2864,971.686,110.784,161.445,25.559,134.705,24.346,0.000,2.394,0.000,0.000,0.000,0.000,0.000,0.000
2865,972.018,117.192,160.878,25.542,134.130,24.362,0.000,2.386,0.000,0.000,0.000,0.000,0.000,0.000
2866,972.349,104.710,160.293,25.525,133.537,24.378,0.000,2.378,0.000,0.000,0.000,0.000,0.000,0.000
2867,972.680,128.636,159.688,25.507,132.924,24.394,0.000,2.370,0.000,0.000,0.000,0.000,0.000,0.000
2868,973.012,140.414,159.064,25.490,132.292,24.409,0.000,2.363,0.000,0.000,0.000,0.000,0.000,0.000
2869,973.343,101.563,158.421,25.473,131.642,24.425,0.000,2.355,0.000,0.000,0.000,0.000,0.000,0.000
2870,973.674,94.081,157.760,25.456,130.972,24.440,0.000,2.347,0.000,0.000,0.000,0.000,0.000,0.000
2871,974.006,110.637,157.080,25.439,130.284,24.456,0.000,2.339,0.000,0.000,0.000,0.000,0.000,0.000
2872,974.337,97.303,156.381,25.422,129.578,24.471,0.000,2.331,0.000,0.000,0.000,0.000,0.000,0.000
2873,974.668,80.044,155.664,25.405,128.854,24.487,0.000,2.324,0.000,0.000,0.000,0.000,0.000,0.000
2874,975.000,104.081,154.929,25.387,128.112,24.502,0.000,2.316,0.000,0.000,0.000,0.000,0.000,0.000
2875,975.331,107.303,154.177,25.370,127.352,24.517,0.000,2.308,0.000,0.000,0.000,0.000,0.000,0.000
2876,975.662,81.933,153.406,25.353,126.574,24.532,0.000,2.300,0.000,0.000,0.000,0.000,0.000,0.000
2877,975.993,98.896,152.619,25.336,125.779,24.547,0.000,2.293,0.000,0.000,0.000,0.000,0.000,0.000
2878,976.325,95.377,151.814,25.319,124.967,24.562,0.000,2.285,0.000,0.000,0.000,0.000,0.000,0.000
2879,976.656,108.525,150.993,25.302,124.139,24.577,0.000,2.277,0.000,0.000,0.000,0.000,0.000,0.000
2880,976.987,74.932,150.155,25.284,123.294,24.591,0.000,2.270,0.000,0.000,0.000,0.000,0.000,0.000
2881,977.318,88.525,149.302,25.267,122.433,24.606,0.000,2.262,0.000,0.000,0.000,0.000,0.000,0.000
2882,977.649,84.377,148.432,25.250,121.557,24.620,0.000,2.255,0.000,0.000,0.000,0.000,0.000,0.000
2883,977.981,77.599,147.547,25.233,120.665,24.635,0.000,2.248,0.000,0.000,0.000,0.000,0.000,0.000
2884,978.312,95.599,146.647,25.216,119.758,24.649,0.000,2.240,0.000,0.000,0.000,0.000,0.000,0.000
2885,978.643,87.155,145.733,25.199,118.837,24.663,0.000,2.233,0.000,0.000,0.000,0.000,0.000,0.000
2886,978.974,78.710,144.804,25.182,117.901,24.677,0.000,2.226,0.000,0.000,0.000,0.000,0.000,0.000
2887,979.305,93.859,143.862,25.164,116.952,24.691,0.000,2.219,0.000,0.000,0.000,0.000,0.000,0.000
2888,979.636,61.155,142.906,25.147,115.989,24.705,0.000,2.212,0.000,0.000,0.000,0.000,0.000,0.000
2889,979.967,85.859,141.938,25.130,115.014,24.719,0.000,2.205,0.000,0.000,0.000,0.000,0.000,0.000
2890,980.299,72.599,140.956,25.113,114.026,24.733,0.000,2.198,0.000,0.000,0.000,0.000,0.000,0.000
2891,980.630,76.525,139.962,25.096,113.025,24.746,0.000,2.191,0.000,0.000,0.000,0.000,0.000,0.000
2892,980.961,80.599,138.957,25.079,112.013,24.759,0.000,2.184,0.000,0.000,0.000,0.000,0.000,0.000
2893,981.292,76.932,137.940,25.061,110.990,24.772,0.000,2.178,0.000,0.000,0.000,0.000,0.000,0.000
2894,981.623,81.377,136.912,25.044,109.956,24.785,0.000,2.171,0.000,0.000,0.000,0.000,0.000,0.000
2895,981.954,66.822,135.874,25.027,108.912,24.797,0.000,2.164,0.000,0.000,0.000,0.000,0.000,0.000
2896,982.285,78.414,134.825,25.010,107.858,24.809,0.000,2.158,0.000,0.000,0.000,0.000,0.000,0.000
2897,982.616,90.599,133.768,24.993,106.795,24.821,0.000,2.152,0.000,0.000,0.000,0.000,0.000,0.000
2898,982.947,55.339,132.701,24.976,105.723,24.833,0.000,2.145,0.000,0.000,0.000,0.000,0.000,0.000
2899,983.278,64.006,131.626,24.959,104.642,24.845,0.000,2.139,0.000,0.000,0.000,0.000,0.000,0.000
2900,983.609,63.784,130.543,24.941,103.554,24.856,0.000,2.133,0.000,0.000,0.000,0.000,0.000,0.000
2901,983.940,82.488,129.452,24.924,102.458,24.867,0.000,2.127,0.000,0.000,0.000,0.000,0.000,0.000
2902,984.271,70.377,128.354,24.907,101.356,24.878,0.000,2.121,0.000,0.000,0.000,0.000,0.000,0.000
2903,984.602,70.821,127.250,24.890,100.247,24.888,0.000,2.115,0.000,0.000,0.000,0.000,0.000,0.000
2904,984.933,65.711,126.140,24.873,99.132,24.899,0.000,2.109,0.000,0.000,0.000,0.000,0.000,0.000
2905,985.264,70.636,125.024,24.856,98.012,24.909,0.000,2.103,0.000,0.000,0.000,0.000,0.000,0.000
2906,985.594,89.896,123.904,24.838,96.887,24.919,0.000,2.098,0.000,0.000,0.000,0.000,0.000,0.000
2907,985.925,56.340,122.778,24.821,95.758,24.928,0.000,2.092,0.000,0.000,0.000,0.000,0.000,0.000
2908,986.256,66.858,121.649,24.804,94.625,24.938,0.000,2.087,0.000,0.000,0.000,0.000,0.000,0.000
2909,986.587,65.191,120.516,24.787,93.488,24.947,0.000,2.082,0.000,0.000,0.000,0.000,0.000,0.000
2910,986.918,71.413,119.381,24.770,92.349,24.956,0.000,2.076,0.000,0.000,0.000,0.000,0.000,0.000
2911,987.249,56.710,118.242,24.753,91.207,24.964,0.000,2.071,0.000,0.000,0.000,0.000,0.000,0.000
2912,987.580,66.636,117.102,24.736,90.063,24.973,0.000,2.066,0.000,0.000,0.000,0.000,0.000,0.000
2913,987.911,66.340,115.960,24.718,88.918,24.981,0.000,2.061,0.000,0.000,0.000,0.000,0.000,0.000
2914,988.241,56.487,114.818,24.701,87.772,24.989,0.000,2.056,0.000,0.000,0.000,0.000,0.000,0.000
2915,988.572,62.413,113.674,24.684,86.626,24.997,0.000,2.052,0.000,0.000,0.000,0.000,0.000,0.000
2916,988.903,50.525,112.531,24.667,85.479,25.004,0.000,2.047,0.000,0.000,0.000,0.000,0.000,0.000
2917,989.234,75.599,111.387,24.650,84.333,25.012,0.000,2.042,0.000,0.000,0.000,0.000,0.000,0.000
2918,989.564,58.932,110.245,24.633,83.188,25.019,0.000,2.038,0.000,0.000,0.000,0.000,0.000,0.000
2919,989.895,59.265,109.104,24.616,82.045,25.026,0.000,2.034,0.000,0.000,0.000,0.000,0.000,0.000
2920,990.226,38.413,107.965,24.598,80.903,25.032,0.000,2.029,0.000,0.000,0.000,0.000,0.000,0.000
2921,990.557,61.414,106.828,24.581,79.764,25.039,0.000,2.025,0.000,0.000,0.000,0.000,0.000,0.000
2922,990.887,51.711,105.694,24.564,78.627,25.045,0.000,2.021,0.000,0.000,0.000,0.000,0.000,0.000
2923,991.218,59.377,104.562,24.547,77.494,25.051,0.000,2.017,0.000,0.000,0.000,0.000,0.000,0.000
2924,991.549,54.747,103.435,24.530,76.364,25.057,0.000,2.014,0.000,0.000,0.000,0.000,0.000,0.000
2925,991.880,72.747,102.311,24.513,75.238,25.063,0.000,2.010,0.000,0.000,0.000,0.000,0.000,0.000
2926,992.210,61.710,101.191,24.495,74.116,25.068,0.000,2.006,0.000,0.000,0.000,0.000,0.000,0.000
2927,992.541,50.266,100.075,24.478,72.999,25.073,0.000,2.003,0.000,0.000,0.000,0.000,0.000,0.000
2928,992.872,61.822,98.965,24.461,71.887,25.078,0.000,2.000,0.000,0.000,0.000,0.000,0.000,0.000
2929,993.202,45.377,97.860,24.444,70.781,25.082,0.000,1.996,0.000,0.000,0.000,0.000,0.000,0.000
2930,993.533,56.599,96.760,24.427,69.681,25.086,0.000,1.993,0.000,0.000,0.000,0.000,0.000,0.000
2931,993.863,55.969,95.667,24.410,68.586,25.090,0.000,1.990,0.000,0.000,0.000,0.000,0.000,0.000
2932,994.194,52.636,94.580,24.393,67.499,25.094,0.000,1.987,0.000,0.000,0.000,0.000,0.000,0.000
2933,994.525,52.636,93.499,24.375,66.418,25.097,0.000,1.984,0.000,0.000,0.000,0.000,0.000,0.000
2934,994.855,57.710,92.426,24.358,65.345,25.100,0.000,1.981,0.000,0.000,0.000,0.000,0.000,0.000
2935,995.186,53.191,91.360,24.341,64.279,25.103,0.000,1.978,0.000,0.000,0.000,0.000,0.000,0.000
2936,995.516,56.636,90.301,24.324,63.220,25.105,0.000,1.976,0.000,0.000,0.000,0.000,0.000,0.000
2937,995.847,60.377,89.251,24.307,62.170,25.107,0.000,1.973,0.000,0.000,0.000,0.000,0.000,0.000
2938,996.178,45.487,88.209,24.290,61.129,25.109,0.000,1.971,0.000,0.000,0.000,0.000,0.000,0.000
2939,996.508,55.155,87.175,24.272,60.096,25.111,0.000,1.968,0.000,0.000,0.000,0.000,0.000,0.000
2940,996.839,49.080,86.150,24.255,59.072,25.112,0.000,1.966,0.000,0.000,0.000,0.000,0.000,0.000
2941,997.169,45.969,85.134,24.238,58.057,25.113,0.000,1.964,0.000,0.000,0.000,0.000,0.000,0.000
2942,997.500,45.932,84.128,24.221,57.052,25.114,0.000,1.962,0.000,0.000,0.000,0.000,0.000,0.000
2943,997.830,49.265,83.131,24.204,56.057,25.114,0.000,1.960,0.000,0.000,0.000,0.000,0.000,0.000
2944,998.161,41.747,82.144,24.187,55.071,25.114,0.000,1.958,0.000,0.000,0.000,0.000,0.000,0.000
2945,998.491,40.636,81.167,24.170,54.096,25.114,0.000,1.956,0.000,0.000,0.000,0.000,0.000,0.000
2946,998.821,49.562,80.200,24.152,53.131,25.114,0.000,1.955,0.000,0.000,0.000,0.000,0.000,0.000
2947,999.152,43.154,79.243,24.135,52.177,25.114,0.000,1.953,0.000,0.000,0.000,0.000,0.000,0.000
2948,999.482,44.191,78.298,24.118,51.233,25.113,0.000,1.951,0.000,0.000,0.000,0.000,0.000,0.000
2949,999.813,58.155,77.362,24.101,50.300,25.112,0.000,1.950,0.000,0.000,0.000,0.000,0.000,0.000
2950,1000.143,43.229,76.438,24.084,49.379,25.111,0.000,1.949,0.000,0.000,0.000,0.000,0.000,0.000
2951,1000.474,61.265,75.525,24.067,48.468,25.110,0.000,1.947,0.000,0.000,0.000,0.000,0.000,0.000
2952,1000.804,45.858,74.624,24.049,47.569,25.108,0.000,1.946,0.000,0.000,0.000,0.000,0.000,0.000
2953,1001.134,61.265,73.733,24.032,46.682,25.106,0.000,1.945,0.000,0.000,0.000,0.000,0.000,0.000
2954,1001.465,30.747,72.855,24.015,45.806,25.104,0.000,1.944,0.000,0.000,0.000,0.000,0.000,0.000
2955,1001.795,44.451,71.987,23.998,44.942,25.102,0.000,1.943,0.000,0.000,0.000,0.000,0.000,0.000
2956,1002.125,34.970,71.132,23.981,44.090,25.100,0.000,1.942,0.000,0.000,0.000,0.000,0.000,0.000
2957,1002.456,45.858,70.289,23.964,43.249,25.098,0.000,1.942,0.000,0.000,0.000,0.000,0.000,0.000
2958,1002.786,50.895,69.457,23.947,42.421,25.095,0.000,1.941,0.000,0.000,0.000,0.000,0.000,0.000
2959,1003.116,36.229,68.638,23.929,41.605,25.092,0.000,1.940,0.000,0.000,0.000,0.000,0.000,0.000
2960,1003.447,64.562,67.830,23.912,40.801,25.089,0.000,1.940,0.000,0.000,0.000,0.000,0.000,0.000
2961,1003.777,57.377,67.035,23.895,40.009,25.086,0.000,1.940,0.000,0.000,0.000,0.000,0.000,0.000
2962,1004.107,38.747,66.251,23.878,39.229,25.083,0.000,1.939,0.000,0.000,0.000,0.000,0.000,0.000
2963,1004.437,42.451,65.480,23.861,38.462,25.079,0.000,1.939,0.000,0.000,0.000,0.000,0.000,0.000
2964,1004.768,42.636,64.721,23.844,37.707,25.075,0.000,1.939,0.000,0.000,0.000,0.000,0.000,0.000
2965,1005.098,26.858,63.974,23.826,36.964,25.071,0.000,1.939,0.000,0.000,0.000,0.000,0.000,0.000
2966,1005.428,48.784,63.239,23.809,36.233,25.066,0.000,1.939,0.000,0.000,0.000,0.000,0.000,0.000
2967,1005.758,26.784,62.516,23.792,35.515,25.062,0.000,1.939,0.000,0.000,0.000,0.000,0.000,0.000
2968,1006.089,31.155,61.805,23.775,34.809,25.057,0.000,1.939,0.000,0.000,0.000,0.000,0.000,0.000
2969,1006.419,28.118,61.107,23.758,34.116,25.052,0.000,1.939,0.000,0.000,0.000,0.000,0.000,0.000
2970,1006.749,40.970,60.420,23.741,33.435,25.046,0.000,1.940,0.000,0.000,0.000,0.000,0.000,0.000
2971,1007.079,33.711,59.746,23.724,32.765,25.041,0.000,1.940,0.000,0.000,0.000,0.000,0.000,0.000
2972,1007.409,46.636,59.084,23.706,32.109,25.035,0.000,1.940,0.000,0.000,0.000,0.000,0.000,0.000
2973,1007.739,54.636,58.434,23.689,31.464,25.029,0.000,1.941,0.000,0.000,0.000,0.000,0.000,0.000
2974,1008.070,34.117,57.796,23.672,30.832,25.023,0.000,1.941,0.000,0.000,0.000,0.000,0.000,0.000
2975,1008.400,43.191,57.170,23.655,30.211,25.017,0.000,1.942,0.000,0.000,0.000,0.000,0.000,0.000
2976,1008.730,29.229,56.556,23.638,29.603,25.010,0.000,1.943,0.000,0.000,0.000,0.000,0.000,0.000
2977,1009.060,47.155,55.954,23.621,29.007,25.003,0.000,1.944,0.000,0.000,0.000,0.000,0.000,0.000
2978,1009.390,43.598,55.363,23.603,28.422,24.996,0.000,1.945,0.000,0.000,0.000,0.000,0.000,0.000
2979,1009.720,31.932,54.784,23.586,27.849,24.989,0.000,1.946,0.000,0.000,0.000,0.000,0.000,0.000
2980,1010.050,43.932,54.217,23.569,27.288,24.982,0.000,1.947,0.000,0.000,0.000,0.000,0.000,0.000
2981,1010.380,30.858,53.662,23.552,26.739,24.975,0.000,1.948,0.000,0.000,0.000,0.000,0.000,0.000
2982,1010.710,45.229,53.118,23.535,26.201,24.967,0.000,1.949,0.000,0.000,0.000,0.000,0.000,0.000
2983,1011.040,39.487,52.585,23.518,25.675,24.960,0.000,1.950,0.000,0.000,0.000,0.000,0.000,0.000
2984,1011.370,48.413,52.064,23.501,25.160,24.952,0.000,1.952,0.000,0.000,0.000,0.000,0.000,0.000
2985,1011.700,46.599,51.554,23.483,24.657,24.944,0.000,1.953,0.000,0.000,0.000,0.000,0.000,0.000
2986,1012.030,46.192,51.055,23.466,24.164,24.936,0.000,1.955,0.000,0.000,0.000,0.000,0.000,0.000
2987,1012.360,39.526,50.567,23.449,23.683,24.928,0.000,1.956,0.000,0.000,0.000,0.000,0.000,0.000
2988,1012.690,29.303,50.090,23.432,23.212,24.920,0.000,1.958,0.000,0.000,0.000,0.000,0.000,0.000
2989,1013.020,50.599,49.624,23.415,22.753,24.911,0.000,1.960,0.000,0.000,0.000,0.000,0.000,0.000
2990,1013.350,46.377,49.168,23.398,22.303,24.903,0.000,1.962,0.000,0.000,0.000,0.000,0.000,0.000
2991,1013.680,51.339,48.723,23.380,21.865,24.894,0.000,1.964,0.000,0.000,0.000,0.000,0.000,0.000
2992,1014.010,37.599,48.288,23.363,21.437,24.886,0.000,1.966,0.000,0.000,0.000,0.000,0.000,0.000
2993,1014.340,45.599,47.864,23.346,21.019,24.877,0.000,1.968,0.000,0.000,0.000,0.000,0.000,0.000
2994,1014.670,29.229,47.450,23.329,20.612,24.869,0.000,1.970,0.000,0.000,0.000,0.000,0.000,0.000
2995,1015.000,46.859,47.046,23.312,20.214,24.860,0.000,1.972,0.000,0.000,0.000,0.000,0.000,0.000
2996,1015.330,34.673,46.652,23.295,19.826,24.851,0.000,1.975,0.000,0.000,0.000,0.000,0.000,0.000
2997,1015.660,54.155,46.268,23.278,19.448,24.842,0.000,1.977,0.000,0.000,0.000,0.000,0.000,0.000
2998,1015.989,48.895,45.893,23.260,19.080,24.833,0.000,1.979,0.000,0.000,0.000,0.000,0.000,0.000
2999,1016.319,33.376,45.527,23.243,18.721,24.824,0.000,1.982,0.000,0.000,0.000,0.000,0.000,0.000
3000,1016.649,41.673,45.171,23.226,18.371,24.814,0.000,1.985,0.000,0.000,0.000,0.000,0.000,0.000
3001,1016.979,43.340,44.823,23.209,18.031,24.805,0.000,1.987,0.000,0.000,0.000,0.000,0.000,0.000
3002,1017.309,31.562,44.485,23.192,17.699,24.795,0.000,1.990,0.000,0.000,0.000,0.000,0.000,0.000
3003,1017.639,41.932,44.155,23.175,17.376,24.786,0.000,1.993,0.000,0.000,0.000,0.000,0.000,0.000
3004,1017.968,36.822,43.834,23.157,17.062,24.776,0.000,1.996,0.000,0.000,0.000,0.000,0.000,0.000
3005,1018.298,45.303,43.522,23.140,16.756,24.766,0.000,1.999,0.000,0.000,0.000,0.000,0.000,0.000
3006,1018.628,44.192,43.218,23.123,16.459,24.756,0.000,2.002,0.000,0.000,0.000,0.000,0.000,0.000
3007,1018.958,43.599,42.922,23.106,16.170,24.746,0.000,2.006,0.000,0.000,0.000,0.000,0.000,0.000
3008,1019.287,41.969,42.634,23.089,15.889,24.736,0.000,2.009,0.000,0.000,0.000,0.000,0.000,0.000
3009,1019.617,27.820,42.354,23.072,15.616,24.726,0.000,2.012,0.000,0.000,0.000,0.000,0.000,0.000
3010,1019.947,39.562,42.082,23.055,15.351,24.716,0.000,2.016,0.000,0.000,0.000,0.000,0.000,0.000
3011,1020.277,53.451,41.818,23.037,15.093,24.705,0.000,2.019,0.000,0.000,0.000,0.000,0.000,0.000
3012,1020.606,39.265,41.561,23.020,14.843,24.695,0.000,2.023,0.000,0.000,0.000,0.000,0.000,0.000
3013,1020.936,46.377,41.311,23.003,14.600,24.684,0.000,2.027,0.000,0.000,0.000,0.000,0.000,0.000
3014,1021.266,50.932,41.069,22.986,14.365,24.674,0.000,2.030,0.000,0.000,0.000,0.000,0.000,0.000
3015,1021.595,47.414,40.834,22.969,14.137,24.663,0.000,2.034,0.000,0.000,0.000,0.000,0.000,0.000
3016,1021.925,45.673,40.607,22.952,13.915,24.653,0.000,2.038,0.000,0.000,0.000,0.000,0.000,0.000
3017,1022.255,45.266,40.386,22.934,13.701,24.642,0.000,2.043,0.000,0.000,0.000,0.000,0.000,0.000
3018,1022.584,27.896,40.172,22.917,13.494,24.632,0.000,2.047,0.000,0.000,0.000,0.000,0.000,0.000
3019,1022.914,39.228,39.965,22.900,13.293,24.621,0.000,2.051,0.000,0.000,0.000,0.000,0.000,0.000
3020,1023.244,42.896,39.764,22.883,13.098,24.610,0.000,2.055,0.000,0.000,0.000,0.000,0.000,0.000
3021,1023.573,40.599,39.570,22.866,12.910,24.600,0.000,2.060,0.000,0.000,0.000,0.000,0.000,0.000
3022,1023.903,30.673,39.382,22.849,12.728,24.589,0.000,2.065,0.000,0.000,0.000,0.000,0.000,0.000
3023,1024.233,35.377,39.200,22.832,12.552,24.579,0.000,2.069,0.000,0.000,0.000,0.000,0.000,0.000
3024,1024.562,35.266,39.024,22.814,12.382,24.568,0.000,2.074,0.000,0.000,0.000,0.000,0.000,0.000
3025,1024.892,54.266,38.854,22.797,12.217,24.557,0.000,2.079,0.000,0.000,0.000,0.000,0.000,0.000
3026,1025.221,45.376,38.689,22.780,12.058,24.547,0.000,2.084,0.000,0.000,0.000,0.000,0.000,0.000
3027,1025.551,51.006,38.530,22.763,11.905,24.536,0.000,2.089,0.000,0.000,0.000,0.000,0.000,0.000
3028,1025.880,43.043,38.377,22.746,11.757,24.526,0.000,2.094,0.000,0.000,0.000,0.000,0.000,0.000
3029,1026.210,37.155,38.229,22.729,11.613,24.515,0.000,2.100,0.000,0.000,0.000,0.000,0.000,0.000
3030,1026.539,37.044,38.086,22.711,11.476,24.505,0.000,2.105,0.000,0.000,0.000,0.000,0.000,0.000
3031,1026.869,52.080,37.950,22.694,11.344,24.495,0.000,2.111,0.000,0.000,0.000,0.000,0.000,0.000
3032,1027.198,39.044,37.818,22.677,11.217,24.485,0.000,2.117,0.000,0.000,0.000,0.000,0.000,0.000
3033,1027.528,24.340,37.692,22.660,11.095,24.474,0.000,2.123,0.000,0.000,0.000,0.000,0.000,0.000
3034,1027.857,35.562,37.571,22.643,10.978,24.464,0.000,2.129,0.000,0.000,0.000,0.000,0.000,0.000
3035,1028.187,37.191,37.454,22.626,10.866,24.454,0.000,2.135,0.000,0.000,0.000,0.000,0.000,0.000
3036,1028.516,46.303,37.342,22.609,10.758,24.444,0.000,2.141,0.000,0.000,0.000,0.000,0.000,0.000
3037,1028.846,38.414,37.235,22.591,10.654,24.433,0.000,2.147,0.000,0.000,0.000,0.000,0.000,0.000
3038,1029.175,46.969,37.132,22.574,10.555,24.423,0.000,2.154,0.000,0.000,0.000,0.000,0.000,0.000
3039,1029.504,39.636,37.033,22.557,10.460,24.413,0.000,2.160,0.000,0.000,0.000,0.000,0.000,0.000
3040,1029.834,30.451,36.938,22.540,10.368,24.402,0.000,2.167,0.000,0.000,0.000,0.000,0.000,0.000
3041,1030.163,28.488,36.846,22.523,10.281,24.392,0.000,2.174,0.000,0.000,0.000,0.000,0.000,0.000
3042,1030.493,46.488,36.759,22.506,10.196,24.382,0.000,2.181,0.000,0.000,0.000,0.000,0.000,0.000
3043,1030.822,48.006,36.675,22.489,10.116,24.372,0.000,2.188,0.000,0.000,0.000,0.000,0.000,0.000
3044,1031.151,48.266,36.595,22.471,10.039,24.362,0.000,2.195,0.000,0.000,0.000,0.000,0.000,0.000
3045,1031.481,47.673,36.518,22.454,9.964,24.351,0.000,2.202,0.000,0.000,0.000,0.000,0.000,0.000
3046,1031.810,37.414,36.445,22.437,9.894,24.341,0.000,2.210,0.000,0.000,0.000,0.000,0.000,0.000
3047,1032.139,47.043,36.374,22.420,9.826,24.331,0.000,2.217,0.000,0.000,0.000,0.000,0.000,0.000
3048,1032.469,26.636,36.307,22.403,9.761,24.321,0.000,2.225,0.000,0.000,0.000,0.000,0.000,0.000
3049,1032.798,47.155,36.243,22.386,9.699,24.311,0.000,2.233,0.000,0.000,0.000,0.000,0.000,0.000
3050,1033.127,29.118,36.181,22.368,9.639,24.301,0.000,2.241,0.000,0.000,0.000,0.000,0.000,0.000
3051,1033.457,45.932,36.123,22.351,9.582,24.291,0.000,2.250,0.000,0.000,0.000,0.000,0.000,0.000
3052,1033.786,35.784,36.067,22.334,9.528,24.281,0.000,2.258,0.000,0.000,0.000,0.000,0.000,0.000
3053,1034.115,57.747,36.014,22.317,9.476,24.271,0.000,2.267,0.000,0.000,0.000,0.000,0.000,0.000
3054,1034.444,46.637,35.964,22.300,9.427,24.261,0.000,2.275,0.000,0.000,0.000,0.000,0.000,0.000
3055,1034.774,38.970,35.916,22.283,9.380,24.252,0.000,2.284,0.000,0.000,0.000,0.000,0.000,0.000
3056,1035.103,52.895,35.870,22.266,9.335,24.242,0.000,2.293,0.000,0.000,0.000,0.000,0.000,0.000
3057,1035.432,40.451,35.827,22.248,9.292,24.233,0.000,2.302,0.000,0.000,0.000,0.000,0.000,0.000
3058,1035.761,49.710,35.786,22.231,9.251,24.223,0.000,2.312,0.000,0.000,0.000,0.000,0.000,0.000
3059,1036.091,49.858,35.748,22.214,9.213,24.214,0.000,2.321,0.000,0.000,0.000,0.000,0.000,0.000
3060,1036.420,39.747,35.712,22.197,9.176,24.205,0.000,2.331,0.000,0.000,0.000,0.000,0.000,0.000
3061,1036.749,53.488,35.678,22.180,9.141,24.195,0.000,2.341,0.000,0.000,0.000,0.000,0.000,0.000
3062,1037.078,49.784,35.646,22.163,9.109,24.186,0.000,2.351,0.000,0.000,0.000,0.000,0.000,0.000
3063,1037.407,38.525,35.617,22.145,9.078,24.178,0.000,2.361,0.000,0.000,0.000,0.000,0.000,0.000
3064,1037.736,51.710,35.589,22.128,9.048,24.169,0.000,2.372,0.000,0.000,0.000,0.000,0.000,0.000
3065,1038.066,40.858,35.564,22.111,9.021,24.160,0.000,2.383,0.000,0.000,0.000,0.000,0.000,0.000
3066,1038.395,44.044,35.540,22.094,8.995,24.152,0.000,2.394,0.000,0.000,0.000,0.000,0.000,0.000
3067,1038.724,48.562,35.518,22.077,8.970,24.143,0.000,2.405,0.000,0.000,0.000,0.000,0.000,0.000
3068,1039.053,38.192,35.499,22.060,8.948,24.135,0.000,2.416,0.000,0.000,0.000,0.000,0.000,0.000
3069,1039.382,64.043,35.481,22.043,8.926,24.127,0.000,2.428,0.000,0.000,0.000,0.000,0.000,0.000
3070,1039.711,49.192,35.465,22.025,8.907,24.119,0.000,2.439,0.000,0.000,0.000,0.000,0.000,0.000
3071,1040.040,44.118,35.451,22.008,8.889,24.111,0.000,2.451,0.000,0.000,0.000,0.000,0.000,0.000
3072,1040.369,39.636,35.439,21.991,8.872,24.103,0.000,2.463,0.000,0.000,0.000,0.000,0.000,0.000
3073,1040.698,49.044,35.428,21.974,8.856,24.095,0.000,2.476,0.000,0.000,0.000,0.000,0.000,0.000
3074,1041.027,38.414,35.418,21.957,8.842,24.088,0.000,2.488,0.000,0.000,0.000,0.000,0.000,0.000
3075,1041.356,41.377,35.410,21.940,8.829,24.080,0.000,2.501,0.000,0.000,0.000,0.000,0.000,0.000
3076,1041.685,65.414,35.403,21.922,8.817,24.072,0.000,2.514,0.000,0.000,0.000,0.000,0.000,0.000
3077,1042.014,52.785,35.398,21.905,8.806,24.064,0.000,2.527,0.000,0.000,0.000,0.000,0.000,0.000
3078,1042.343,45.673,35.393,21.888,8.796,24.057,0.000,2.541,0.000,0.000,0.000,0.000,0.000,0.000
3079,1042.672,51.636,35.391,21.871,8.787,24.049,0.000,2.554,0.000,0.000,0.000,0.000,0.000,0.000
3080,1043.001,39.451,35.389,21.854,8.779,24.042,0.000,2.568,0.000,0.000,0.000,0.000,0.000,0.000
3081,1043.330,47.415,35.389,21.837,8.772,24.035,0.000,2.582,0.000,0.000,0.000,0.000,0.000,0.000
3082,1043.659,43.192,35.390,21.820,8.765,24.028,0.000,2.597,0.000,0.000,0.000,0.000,0.000,0.000
3083,1043.988,57.599,35.392,21.802,8.760,24.021,0.000,2.611,0.000,0.000,0.000,0.000,0.000,0.000
3084,1044.317,43.080,35.395,21.785,8.755,24.014,0.000,2.626,0.000,0.000,0.000,0.000,0.000,0.000
3085,1044.646,42.858,35.400,21.768,8.751,24.007,0.000,2.642,0.000,0.000,0.000,0.000,0.000,0.000
3086,1044.975,36.896,35.405,21.751,8.748,24.000,0.000,2.657,0.000,0.000,0.000,0.000,0.000,0.000
3087,1045.304,40.340,35.412,21.734,8.746,23.994,0.000,2.673,0.000,0.000,0.000,0.000,0.000,0.000
3088,1045.633,45.784,35.420,21.717,8.744,23.987,0.000,2.689,0.000,0.000,0.000,0.000,0.000,0.000
3089,1045.962,38.489,35.429,21.699,8.743,23.981,0.000,2.705,0.000,0.000,0.000,0.000,0.000,0.000
3090,1046.290,20.933,35.439,21.682,8.743,23.975,0.000,2.722,0.000,0.000,0.000,0.000,0.000,0.000
3091,1046.619,48.303,35.450,21.665,8.743,23.969,0.000,2.738,0.000,0.000,0.000,0.000,0.000,0.000
3092,1046.948,39.563,35.462,21.648,8.744,23.963,0.000,2.755,0.000,0.000,0.000,0.000,0.000,0.000
3093,1047.277,48.932,35.476,21.631,8.745,23.958,0.000,2.773,0.000,0.000,0.000,0.000,0.000,0.000
3094,1047.606,47.970,35.490,21.614,8.747,23.952,0.000,2.791,0.000,0.000,0.000,0.000,0.000,0.000
3095,1047.935,47.081,35.506,21.597,8.750,23.947,0.000,2.809,0.000,0.000,0.000,0.000,0.000,0.000
3096,1048.263,42.414,35.522,21.579,8.753,23.942,0.000,2.827,0.000,0.000,0.000,0.000,0.000,0.000
3097,1048.592,38.487,35.540,21.562,8.757,23.937,0.000,2.846,0.000,0.000,0.000,0.000,0.000,0.000
3098,1048.921,40.155,35.558,21.545,8.761,23.932,0.000,2.865,0.000,0.000,0.000,0.000,0.000,0.000
3099,1049.250,36.118,35.578,21.528,8.766,23.928,0.000,2.884,0.000,0.000,0.000,0.000,0.000,0.000
3100,1049.578,32.933,35.598,21.511,8.771,23.924,0.000,2.904,0.000,0.000,0.000,0.000,0.000,0.000
3101,1049.907,43.118,35.620,21.494,8.777,23.920,0.000,2.924,0.000,0.000,0.000,0.000,0.000,0.000
3102,1050.236,45.784,35.643,21.476,8.783,23.917,0.000,2.944,0.000,0.000,0.000,0.000,0.000,0.000
3103,1050.565,47.896,35.667,21.459,8.790,23.913,0.000,2.964,0.000,0.000,0.000,0.000,0.000,0.000
3104,1050.893,42.970,35.691,21.442,8.797,23.910,0.000,2.984,0.000,0.000,0.000,0.000,0.000,0.000
3105,1051.222,32.637,35.716,21.425,8.804,23.907,0.000,3.004,0.000,0.000,0.000,0.000,0.000,0.000
3106,1051.551,50.673,35.741,21.408,8.812,23.905,0.000,3.024,0.000,0.000,0.000,0.000,0.000,0.000
3107,1051.880,45.822,35.766,21.391,8.820,23.902,0.000,3.044,0.000,0.000,0.000,0.000,0.000,0.000
3108,1052.208,43.896,35.793,21.374,8.828,23.900,0.000,3.065,0.000,0.000,0.000,0.000,0.000,0.000
3109,1052.537,27.932,35.819,21.356,8.836,23.898,0.000,3.085,0.000,0.000,0.000,0.000,0.000,0.000
3110,1052.866,53.451,35.846,21.339,8.845,23.896,0.000,3.105,0.000,0.000,0.000,0.000,0.000,0.000
3111,1053.194,50.451,35.874,21.322,8.854,23.894,0.000,3.126,0.000,0.000,0.000,0.000,0.000,0.000
3112,1053.523,36.969,35.902,21.305,8.863,23.892,0.000,3.146,0.000,0.000,0.000,0.000,0.000,0.000
3113,1053.851,47.451,35.930,21.288,8.872,23.891,0.000,3.167,0.000,0.000,0.000,0.000,0.000,0.000
3114,1054.180,61.562,35.958,21.271,8.882,23.890,0.000,3.187,0.000,0.000,0.000,0.000,0.000,0.000
3115,1054.509,48.229,35.987,21.253,8.892,23.889,0.000,3.207,0.000,0.000,0.000,0.000,0.000,0.000
3116,1054.837,49.785,36.017,21.236,8.901,23.888,0.000,3.228,0.000,0.000,0.000,0.000,0.000,0.000
3117,1055.166,46.562,36.046,21.219,8.911,23.887,0.000,3.248,0.000,0.000,0.000,0.000,0.000,0.000
3118,1055.494,43.562,36.076,21.202,8.921,23.887,0.000,3.268,0.000,0.000,0.000,0.000,0.000,0.000
3119,1055.823,27.599,36.106,21.185,8.932,23.886,0.000,3.289,0.000,0.000,0.000,0.000,0.000,0.000
3120,1056.152,37.229,36.137,21.168,8.942,23.886,0.000,3.309,0.000,0.000,0.000,0.000,0.000,0.000
3121,1056.480,52.229,36.168,21.151,8.952,23.886,0.000,3.329,0.000,0.000,0.000,0.000,0.000,0.000
3122,1056.809,37.489,36.199,21.133,8.963,23.887,0.000,3.349,0.000,0.000,0.000,0.000,0.000,0.000
3123,1057.137,37.452,36.230,21.116,8.973,23.888,0.000,3.369,0.000,0.000,0.000,0.000,0.000,0.000
3124,1057.466,49.156,36.261,21.099,8.984,23.888,0.000,3.389,0.000,0.000,0.000,0.000,0.000,0.000
3125,1057.794,62.303,36.293,21.082,8.994,23.890,0.000,3.409,0.000,0.000,0.000,0.000,0.000,0.000
3126,1058.123,36.489,36.325,21.065,9.005,23.891,0.000,3.429,0.000,0.000,0.000,0.000,0.000,0.000
3127,1058.451,55.304,36.357,21.048,9.016,23.893,0.000,3.448,0.000,0.000,0.000,0.000,0.000,0.000
3128,1058.780,53.822,36.389,21.030,9.027,23.895,0.000,3.468,0.000,0.000,0.000,0.000,0.000,0.000
3129,1059.108,35.896,36.421,21.013,9.037,23.897,0.000,3.487,0.000,0.000,0.000,0.000,0.000,0.000
3130,1059.436,38.451,36.454,20.996,9.048,23.899,0.000,3.506,0.000,0.000,0.000,0.000,0.000,0.000
3131,1059.765,38.599,36.486,20.979,9.059,23.902,0.000,3.526,0.000,0.000,0.000,0.000,0.000,0.000
3132,1060.093,45.970,36.519,20.962,9.070,23.905,0.000,3.545,0.000,0.000,0.000,0.000,0.000,0.000
3133,1060.422,69.117,36.552,20.945,9.080,23.908,0.000,3.563,0.000,0.000,0.000,0.000,0.000,0.000
3134,1060.750,48.599,36.585,20.928,9.091,23.912,0.000,3.582,0.000,0.000,0.000,0.000,0.000,0.000
3135,1061.079,50.451,36.618,20.910,9.102,23.916,0.000,3.600,0.000,0.000,0.000,0.000,0.000,0.000
3136,1061.407,64.266,36.652,20.893,9.113,23.920,0.000,3.619,0.000,0.000,0.000,0.000,0.000,0.000
3137,1061.735,53.377,36.685,20.876,9.123,23.925,0.000,3.637,0.000,0.000,0.000,0.000,0.000,0.000
3138,1062.064,51.859,36.718,20.859,9.134,23.930,0.000,3.655,0.000,0.000,0.000,0.000,0.000,0.000
3139,1062.392,50.117,36.752,20.842,9.144,23.935,0.000,3.672,0.000,0.000,0.000,0.000,0.000,0.000
3140,1062.720,54.081,36.786,20.825,9.155,23.941,0.000,3.690,0.000,0.000,0.000,0.000,0.000,0.000
3141,1063.049,42.822,36.819,20.807,9.165,23.947,0.000,3.707,0.000,0.000,0.000,0.000,0.000,0.000
3142,1063.377,62.414,36.853,20.790,9.176,23.954,0.000,3.724,0.000,0.000,0.000,0.000,0.000,0.000
3143,1063.705,65.673,36.887,20.773,9.186,23.960,0.000,3.741,0.000,0.000,0.000,0.000,0.000,0.000
3144,1064.034,48.748,36.921,20.756,9.197,23.968,0.000,3.757,0.000,0.000,0.000,0.000,0.000,0.000
3145,1064.362,51.006,36.955,20.739,9.207,23.975,0.000,3.773,0.000,0.000,0.000,0.000,0.000,0.000
3146,1064.690,46.304,36.990,20.722,9.217,23.983,0.000,3.789,0.000,0.000,0.000,0.000,0.000,0.000
3147,1065.019,53.747,37.024,20.705,9.227,23.992,0.000,3.805,0.000,0.000,0.000,0.000,0.000,0.000
3148,1065.347,40.747,37.058,20.687,9.238,24.001,0.000,3.820,0.000,0.000,0.000,0.000,0.000,0.000
3149,1065.675,37.785,37.093,20.670,9.248,24.010,0.000,3.835,0.000,0.000,0.000,0.000,0.000,0.000
3150,1066.003,79.118,37.128,20.653,9.257,24.020,0.000,3.850,0.000,0.000,0.000,0.000,0.000,0.000
3151,1066.331,58.711,37.162,20.636,9.267,24.031,0.000,3.865,0.000,0.000,0.000,0.000,0.000,0.000
3152,1066.660,50.266,37.197,20.619,9.277,24.042,0.000,3.879,0.000,0.000,0.000,0.000,0.000,0.000
3153,1066.988,47.080,37.232,20.602,9.287,24.053,0.000,3.893,0.000,0.000,0.000,0.000,0.000,0.000
3154,1067.316,61.711,37.267,20.584,9.296,24.065,0.000,3.906,0.000,0.000,0.000,0.000,0.000,0.000
3155,1067.644,57.451,37.303,20.567,9.306,24.078,0.000,3.919,0.000,0.000,0.000,0.000,0.000,0.000
3156,1067.972,53.747,37.338,20.550,9.315,24.091,0.000,3.932,0.000,0.000,0.000,0.000,0.000,0.000
3157,1068.301,50.711,37.374,20.533,9.324,24.105,0.000,3.945,0.000,0.000,0.000,0.000,0.000,0.000
3158,1068.629,56.637,37.410,20.516,9.333,24.120,0.000,3.957,0.000,0.000,0.000,0.000,0.000,0.000
3159,1068.957,58.377,37.446,20.499,9.342,24.135,0.000,3.969,0.000,0.000,0.000,0.000,0.000,0.000
3160,1069.285,47.489,37.482,20.482,9.351,24.151,0.000,3.980,0.000,0.000,0.000,0.000,0.000,0.000
3161,1069.613,45.006,37.517,20.464,9.359,24.167,0.000,3.991,0.000,0.000,0.000,0.000,0.000,0.000
3162,1069.941,52.970,37.553,20.447,9.368,24.184,0.000,4.001,0.000,0.000,0.000,0.000,0.000,0.000
3163,1070.269,43.970,37.587,20.430,9.376,24.200,0.000,4.011,0.000,0.000,0.000,0.000,0.000,0.000
3164,1070.598,64.674,37.622,20.413,9.384,24.217,0.000,4.021,0.000,0.000,0.000,0.000,0.000,0.000
3165,1070.926,48.192,37.656,20.396,9.392,24.234,0.000,4.030,0.000,0.000,0.000,0.000,0.000,0.000
3166,1071.254,43.451,37.690,20.379,9.399,24.251,0.000,4.039,0.000,0.000,0.000,0.000,0.000,0.000
3167,1071.582,59.156,37.723,20.361,9.407,24.268,0.000,4.048,0.000,0.000,0.000,0.000,0.000,0.000
3168,1071.910,38.341,37.756,20.344,9.415,24.286,0.000,4.056,0.000,0.000,0.000,0.000,0.000,0.000
3169,1072.238,41.193,37.788,20.327,9.422,24.303,0.000,4.063,0.000,0.000,0.000,0.000,0.000,0.000
3170,1072.566,52.229,37.820,20.310,9.429,24.321,0.000,4.070,0.000,0.000,0.000,0.000,0.000,0.000
3171,1072.894,62.932,37.852,20.293,9.436,24.339,0.000,4.077,0.000,0.000,0.000,0.000,0.000,0.000
3172,1073.222,63.489,37.883,20.276,9.443,24.357,0.000,4.083,0.000,0.000,0.000,0.000,0.000,0.000
3173,1073.550,57.526,37.914,20.259,9.450,24.375,0.000,4.089,0.000,0.000,0.000,0.000,0.000,0.000
3174,1073.878,46.118,37.944,20.241,9.457,24.393,0.000,4.094,0.000,0.000,0.000,0.000,0.000,0.000
3175,1074.206,40.785,37.974,20.224,9.464,24.411,0.000,4.099,0.000,0.000,0.000,0.000,0.000,0.000
3176,1074.534,42.822,38.003,20.207,9.470,24.429,0.000,4.104,0.000,0.000,0.000,0.000,0.000,0.000
3177,1074.862,52.415,38.032,20.190,9.477,24.448,0.000,4.108,0.000,0.000,0.000,0.000,0.000,0.000
3178,1075.190,49.636,38.061,20.173,9.483,24.466,0.000,4.111,0.000,0.000,0.000,0.000,0.000,0.000
3179,1075.518,48.710,38.089,20.156,9.490,24.485,0.000,4.114,0.000,0.000,0.000,0.000,0.000,0.000
3180,1075.846,65.118,38.116,20.139,9.496,24.503,0.000,4.117,0.000,0.000,0.000,0.000,0.000,0.000
3181,1076.174,59.044,38.143,20.121,9.502,24.522,0.000,4.119,0.000,0.000,0.000,0.000,0.000,0.000
3182,1076.502,50.081,38.170,20.104,9.509,24.541,0.000,4.121,0.000,0.000,0.000,0.000,0.000,0.000
3183,1076.830,51.637,38.196,20.087,9.515,24.559,0.000,4.122,0.000,0.000,0.000,0.000,0.000,0.000
3184,1077.157,58.081,38.222,20.070,9.521,24.578,0.000,4.122,0.000,0.000,0.000,0.000,0.000,0.000
3185,1077.485,46.192,38.247,20.053,9.527,24.597,0.000,4.123,0.000,0.000,0.000,0.000,0.000,0.000
3186,1077.813,53.044,38.271,20.036,9.533,24.616,0.000,4.123,0.000,0.000,0.000,0.000,0.000,0.000
3187,1078.141,47.489,38.296,20.018,9.539,24.634,0.000,4.122,0.000,0.000,0.000,0.000,0.000,0.000
3188,1078.469,52.747,38.319,20.001,9.545,24.653,0.000,4.121,0.000,0.000,0.000,0.000,0.000,0.000
3189,1078.797,57.303,38.343,19.984,9.552,24.672,0.000,4.119,0.000,0.000,0.000,0.000,0.000,0.000
3190,1079.125,57.895,38.366,19.967,9.558,24.691,0.000,4.117,0.000,0.000,0.000,0.000,0.000,0.000
3191,1079.452,51.007,38.388,19.950,9.564,24.709,0.000,4.115,0.000,0.000,0.000,0.000,0.000,0.000
3192,1079.780,33.414,38.410,19.933,9.571,24.728,0.000,4.112,0.000,0.000,0.000,0.000,0.000,0.000
3193,1080.108,73.007,38.432,19.916,9.577,24.746,0.000,4.109,0.000,0.000,0.000,0.000,0.000,0.000
3194,1080.436,53.229,38.452,19.898,9.584,24.764,0.000,4.105,0.000,0.000,0.000,0.000,0.000,0.000
3195,1080.764,38.785,38.472,19.881,9.590,24.782,0.000,4.101,0.000,0.000,0.000,0.000,0.000,0.000
3196,1081.091,55.599,38.491,19.864,9.596,24.799,0.000,4.096,0.000,0.000,0.000,0.000,0.000,0.000
3197,1081.419,53.155,38.510,19.847,9.602,24.817,0.000,4.091,0.000,0.000,0.000,0.000,0.000,0.000
3198,1081.747,48.377,38.527,19.830,9.608,24.834,0.000,4.085,0.000,0.000,0.000,0.000,0.000,0.000
3199,1082.075,67.489,38.544,19.813,9.614,24.851,0.000,4.079,0.000,0.000,0.000,0.000,0.000,0.000
3200,1082.402,65.452,38.560,19.795,9.620,24.867,0.000,4.072,0.000,0.000,0.000,0.000,0.000,0.000
3201,1082.730,49.636,38.575,19.778,9.626,24.884,0.000,4.065,0.000,0.000,0.000,0.000,0.000,0.000
3202,1083.058,50.822,38.589,19.761,9.632,24.900,0.000,4.058,0.000,0.000,0.000,0.000,0.000,0.000
3203,1083.386,63.229,38.603,19.744,9.637,24.915,0.000,4.050,0.000,0.000,0.000,0.000,0.000,0.000
3204,1083.713,67.044,38.615,19.727,9.643,24.931,0.000,4.041,0.000,0.000,0.000,0.000,0.000,0.000
3205,1084.041,65.710,38.627,19.710,9.649,24.946,0.000,4.033,0.000,0.000,0.000,0.000,0.000,0.000
3206,1084.369,61.489,38.638,19.693,9.654,24.960,0.000,4.023,0.000,0.000,0.000,0.000,0.000,0.000
3207,1084.696,47.340,38.648,19.675,9.660,24.975,0.000,4.014,0.000,0.000,0.000,0.000,0.000,0.000
3208,1085.024,44.895,38.657,19.658,9.665,24.989,0.000,4.004,0.000,0.000,0.000,0.000,0.000,0.000
3209,1085.352,44.970,38.666,19.641,9.670,25.002,0.000,3.993,0.000,0.000,0.000,0.000,0.000,0.000
3210,1085.679,31.304,38.674,19.624,9.676,25.016,0.000,3.982,0.000,0.000,0.000,0.000,0.000,0.000
3211,1086.007,65.340,38.680,19.607,9.681,25.028,0.000,3.971,0.000,0.000,0.000,0.000,0.000,0.000
3212,1086.335,51.859,38.686,19.590,9.686,25.041,0.000,3.959,0.000,0.000,0.000,0.000,0.000,0.000
3213,1086.662,64.525,38.692,19.572,9.691,25.053,0.000,3.947,0.000,0.000,0.000,0.000,0.000,0.000
3214,1086.990,43.045,38.696,19.555,9.697,25.065,0.000,3.935,0.000,0.000,0.000,0.000,0.000,0.000
3215,1087.317,67.600,38.699,19.538,9.702,25.076,0.000,3.922,0.000,0.000,0.000,0.000,0.000,0.000
3216,1087.645,48.896,38.702,19.521,9.707,25.086,0.000,3.909,0.000,0.000,0.000,0.000,0.000,0.000
3217,1087.972,53.266,38.704,19.504,9.712,25.097,0.000,3.895,0.000,0.000,0.000,0.000,0.000,0.000
3218,1088.300,33.415,38.705,19.487,9.718,25.106,0.000,3.881,0.000,0.000,0.000,0.000,0.000,0.000
3219,1088.628,49.636,38.705,19.470,9.723,25.116,0.000,3.867,0.000,0.000,0.000,0.000,0.000,0.000
3220,1088.955,40.303,38.705,19.452,9.728,25.125,0.000,3.852,0.000,0.000,0.000,0.000,0.000,0.000
3221,1089.283,51.673,38.704,19.435,9.734,25.133,0.000,3.837,0.000,0.000,0.000,0.000,0.000,0.000
3222,1089.610,67.007,38.702,19.418,9.739,25.141,0.000,3.822,0.000,0.000,0.000,0.000,0.000,0.000
3223,1089.938,47.007,38.699,19.401,9.744,25.148,0.000,3.806,0.000,0.000,0.000,0.000,0.000,0.000
3224,1090.265,55.377,38.695,19.384,9.750,25.155,0.000,3.790,0.000,0.000,0.000,0.000,0.000,0.000
3225,1090.593,69.006,38.691,19.367,9.756,25.161,0.000,3.774,0.000,0.000,0.000,0.000,0.000,0.000
3226,1090.920,55.155,38.686,19.349,9.761,25.167,0.000,3.757,0.000,0.000,0.000,0.000,0.000,0.000
3227,1091.248,39.414,38.680,19.332,9.767,25.172,0.000,3.741,0.000,0.000,0.000,0.000,0.000,0.000
3228,1091.575,58.155,38.673,19.315,9.773,25.177,0.000,3.723,0.000,0.000,0.000,0.000,0.000,0.000
3229,1091.903,34.970,38.666,19.298,9.779,25.181,0.000,3.706,0.000,0.000,0.000,0.000,0.000,0.000
3230,1092.230,61.340,38.658,19.281,9.785,25.185,0.000,3.688,0.000,0.000,0.000,0.000,0.000,0.000
3231,1092.557,43.933,38.650,19.264,9.791,25.188,0.000,3.671,0.000,0.000,0.000,0.000,0.000,0.000
3232,1092.885,55.674,38.640,19.247,9.797,25.191,0.000,3.652,0.000,0.000,0.000,0.000,0.000,0.000
3233,1093.212,49.970,38.630,19.229,9.803,25.193,0.000,3.634,0.000,0.000,0.000,0.000,0.000,0.000
3234,1093.540,47.414,38.619,19.212,9.810,25.194,0.000,3.616,0.000,0.000,0.000,0.000,0.000,0.000
3235,1093.867,36.599,38.607,19.195,9.816,25.195,0.000,3.597,0.000,0.000,0.000,0.000,0.000,0.000
3236,1094.194,40.784,38.595,19.178,9.822,25.195,0.000,3.578,0.000,0.000,0.000,0.000,0.000,0.000
3237,1094.522,53.340,38.581,19.161,9.828,25.194,0.000,3.558,0.000,0.000,0.000,0.000,0.000,0.000
3238,1094.849,70.488,38.566,19.144,9.834,25.193,0.000,3.539,0.000,0.000,0.000,0.000,0.000,0.000
3239,1095.177,56.155,38.550,19.126,9.839,25.191,0.000,3.519,0.000,0.000,0.000,0.000,0.000,0.000
3240,1095.504,44.710,38.533,19.109,9.845,25.188,0.000,3.499,0.000,0.000,0.000,0.000,0.000,0.000
3241,1095.831,54.229,38.515,19.092,9.851,25.185,0.000,3.479,0.000,0.000,0.000,0.000,0.000,0.000
3242,1096.159,48.451,38.496,19.075,9.856,25.181,0.000,3.459,0.000,0.000,0.000,0.000,0.000,0.000
3243,1096.486,63.192,38.477,19.058,9.862,25.176,0.000,3.439,0.000,0.000,0.000,0.000,0.000,0.000
3244,1096.813,44.932,38.456,19.041,9.867,25.170,0.000,3.418,0.000,0.000,0.000,0.000,0.000,0.000
3245,1097.141,61.117,38.434,19.024,9.872,25.164,0.000,3.398,0.000,0.000,0.000,0.000,0.000,0.000
3246,1097.468,43.006,38.411,19.006,9.877,25.157,0.000,3.377,0.000,0.000,0.000,0.000,0.000,0.000
3247,1097.795,46.377,38.388,18.989,9.882,25.149,0.000,3.356,0.000,0.000,0.000,0.000,0.000,0.000
3248,1098.122,63.155,38.363,18.972,9.887,25.141,0.000,3.335,0.000,0.000,0.000,0.000,0.000,0.000
3249,1098.450,44.858,38.337,18.955,9.891,25.132,0.000,3.314,0.000,0.000,0.000,0.000,0.000,0.000
3250,1098.777,63.117,38.311,18.938,9.896,25.122,0.000,3.293,0.000,0.000,0.000,0.000,0.000,0.000
3251,1099.104,52.673,38.283,18.921,9.900,25.111,0.000,3.272,0.000,0.000,0.000,0.000,0.000,0.000
3252,1099.431,52.562,38.255,18.903,9.905,25.100,0.000,3.250,0.000,0.000,0.000,0.000,0.000,0.000
3253,1099.759,45.710,38.226,18.886,9.909,25.088,0.000,3.229,0.000,0.000,0.000,0.000,0.000,0.000
3254,1100.086,52.784,38.195,18.869,9.913,25.075,0.000,3.208,0.000,0.000,0.000,0.000,0.000,0.000
3255,1100.413,53.970,38.164,18.852,9.916,25.062,0.000,3.186,0.000,0.000,0.000,0.000,0.000,0.000
3256,1100.740,54.969,38.132,18.835,9.920,25.048,0.000,3.164,0.000,0.000,0.000,0.000,0.000,0.000
3257,1101.067,53.229,38.099,18.818,9.924,25.033,0.000,3.143,0.000,0.000,0.000,0.000,0.000,0.000
3258,1101.395,48.488,38.065,18.801,9.927,25.017,0.000,3.121,0.000,0.000,0.000,0.000,0.000,0.000
3259,1101.722,41.191,38.031,18.783,9.930,25.001,0.000,3.100,0.000,0.000,0.000,0.000,0.000,0.000
3260,1102.049,42.784,37.995,18.766,9.933,24.984,0.000,3.078,0.000,0.000,0.000,0.000,0.000,0.000
3261,1102.376,44.081,37.959,18.749,9.936,24.966,0.000,3.056,0.000,0.000,0.000,0.000,0.000,0.000
3262,1102.703,53.784,37.922,18.732,9.939,24.948,0.000,3.035,0.000,0.000,0.000,0.000,0.000,0.000
3263,1103.030,51.303,37.883,18.715,9.941,24.929,0.000,3.013,0.000,0.000,0.000,0.000,0.000,0.000
3264,1103.357,56.155,37.845,18.698,9.944,24.910,0.000,2.991,0.000,0.000,0.000,0.000,0.000,0.000
3265,1103.684,44.044,37.805,18.680,9.946,24.889,0.000,2.970,0.000,0.000,0.000,0.000,0.000,0.000
3266,1104.012,55.006,37.764,18.663,9.948,24.868,0.000,2.948,0.000,0.000,0.000,0.000,0.000,0.000
3267,1104.339,55.821,37.723,18.646,9.950,24.847,0.000,2.927,0.000,0.000,0.000,0.000,0.000,0.000
3268,1104.666,58.970,37.681,18.629,9.951,24.825,0.000,2.905,0.000,0.000,0.000,0.000,0.000,0.000
3269,1104.993,52.672,37.639,18.612,9.953,24.802,0.000,2.884,0.000,0.000,0.000,0.000,0.000,0.000
3270,1105.320,53.821,37.595,18.595,9.954,24.779,0.000,2.863,0.000,0.000,0.000,0.000,0.000,0.000
3271,1105.647,46.599,37.551,18.578,9.955,24.755,0.000,2.841,0.000,0.000,0.000,0.000,0.000,0.000
3272,1105.974,48.229,37.507,18.560,9.956,24.730,0.000,2.820,0.000,0.000,0.000,0.000,0.000,0.000
3273,1106.301,50.006,37.461,18.543,9.957,24.705,0.000,2.799,0.000,0.000,0.000,0.000,0.000,0.000
3274,1106.628,61.525,37.415,18.526,9.958,24.679,0.000,2.778,0.000,0.000,0.000,0.000,0.000,0.000
3275,1106.955,33.191,37.368,18.509,9.958,24.653,0.000,2.757,0.000,0.000,0.000,0.000,0.000,0.000
3276,1107.282,48.969,37.320,18.492,9.958,24.626,0.000,2.736,0.000,0.000,0.000,0.000,0.000,0.000
3277,1107.609,43.006,37.272,18.475,9.957,24.599,0.000,2.716,0.000,0.000,0.000,0.000,0.000,0.000
3278,1107.936,50.043,37.222,18.457,9.957,24.570,0.000,2.695,0.000,0.000,0.000,0.000,0.000,0.000
3279,1108.263,51.191,37.172,18.440,9.956,24.542,0.000,2.675,0.000,0.000,0.000,0.000,0.000,0.000
3280,1108.590,41.228,37.121,18.423,9.955,24.512,0.000,2.654,0.000,0.000,0.000,0.000,0.000,0.000
3281,1108.917,37.932,37.069,18.406,9.953,24.482,0.000,2.634,0.000,0.000,0.000,0.000,0.000,0.000
3282,1109.244,43.672,37.017,18.389,9.952,24.452,0.000,2.614,0.000,0.000,0.000,0.000,0.000,0.000
3283,1109.571,47.487,36.964,18.372,9.949,24.421,0.000,2.594,0.000,0.000,0.000,0.000,0.000,0.000
3284,1109.898,32.191,36.910,18.355,9.947,24.389,0.000,2.574,0.000,0.000,0.000,0.000,0.000,0.000
3285,1110.225,53.153,36.855,18.337,9.944,24.357,0.000,2.554,0.000,0.000,0.000,0.000,0.000,0.000
3286,1110.552,38.487,36.800,18.320,9.941,24.324,0.000,2.534,0.000,0.000,0.000,0.000,0.000,0.000
3287,1110.879,40.043,36.744,18.303,9.938,24.291,0.000,2.515,0.000,0.000,0.000,0.000,0.000,0.000
3288,1111.205,41.562,36.687,18.286,9.934,24.257,0.000,2.496,0.000,0.000,0.000,0.000,0.000,0.000
3289,1111.532,45.043,36.629,18.269,9.930,24.222,0.000,2.477,0.000,0.000,0.000,0.000,0.000,0.000
3290,1111.859,59.524,36.571,18.252,9.926,24.188,0.000,2.458,0.000,0.000,0.000,0.000,0.000,0.000
3291,1112.186,44.450,36.512,18.234,9.921,24.152,0.000,2.439,0.000,0.000,0.000,0.000,0.000,0.000
3292,1112.513,47.895,36.453,18.217,9.916,24.117,0.000,2.420,0.000,0.000,0.000,0.000,0.000,0.000
3293,1112.840,44.746,36.393,18.200,9.911,24.080,0.000,2.402,0.000,0.000,0.000,0.000,0.000,0.000
3294,1113.167,54.154,36.332,18.183,9.905,24.044,0.000,2.383,0.000,0.000,0.000,0.000,0.000,0.000
3295,1113.493,42.746,36.271,18.166,9.899,24.007,0.000,2.365,0.000,0.000,0.000,0.000,0.000,0.000
3296,1113.820,44.635,36.209,18.149,9.893,23.969,0.000,2.347,0.000,0.000,0.000,0.000,0.000,0.000
3297,1114.147,44.228,36.147,18.132,9.887,23.932,0.000,2.329,0.000,0.000,0.000,0.000,0.000,0.000
3298,1114.474,52.709,36.084,18.114,9.880,23.893,0.000,2.312,0.000,0.000,0.000,0.000,0.000,0.000
3299,1114.801,27.191,36.021,18.097,9.872,23.855,0.000,2.294,0.000,0.000,0.000,0.000,0.000,0.000
3300,1115.127,50.895,35.957,18.080,9.864,23.816,0.000,2.277,0.000,0.000,0.000,0.000,0.000,0.000
3301,1115.454,55.672,35.893,18.063,9.856,23.777,0.000,2.260,0.000,0.000,0.000,0.000,0.000,0.000
3302,1115.781,46.413,35.828,18.046,9.848,23.737,0.000,2.243,0.000,0.000,0.000,0.000,0.000,0.000
3303,1116.108,37.820,35.763,18.029,9.839,23.698,0.000,2.226,0.000,0.000,0.000,0.000,0.000,0.000
3304,1116.435,32.562,35.698,18.012,9.830,23.658,0.000,2.210,0.000,0.000,0.000,0.000,0.000,0.000
3305,1116.761,35.672,35.632,17.994,9.821,23.617,0.000,2.193,0.000,0.000,0.000,0.000,0.000,0.000
3306,1117.088,46.376,35.565,17.977,9.811,23.577,0.000,2.177,0.000,0.000,0.000,0.000,0.000,0.000
3307,1117.415,43.487,35.499,17.960,9.801,23.536,0.000,2.161,0.000,0.000,0.000,0.000,0.000,0.000
3308,1117.741,45.487,35.432,17.943,9.791,23.495,0.000,2.146,0.000,0.000,0.000,0.000,0.000,0.000
3309,1118.068,29.672,35.364,17.926,9.780,23.454,0.000,2.130,0.000,0.000,0.000,0.000,0.000,0.000
3310,1118.395,43.265,35.297,17.909,9.769,23.413,0.000,2.115,0.000,0.000,0.000,0.000,0.000,0.000
3311,1118.721,27.191,35.229,17.891,9.758,23.371,0.000,2.100,0.000,0.000,0.000,0.000,0.000,0.000
3312,1119.048,33.820,35.161,17.874,9.746,23.330,0.000,2.085,0.000,0.000,0.000,0.000,0.000,0.000
3313,1119.375,40.487,35.093,17.857,9.734,23.288,0.000,2.070,0.000,0.000,0.000,0.000,0.000,0.000
3314,1119.701,44.265,35.024,17.840,9.722,23.247,0.000,2.056,0.000,0.000,0.000,0.000,0.000,0.000
3315,1120.028,49.043,34.955,17.823,9.709,23.205,0.000,2.041,0.000,0.000,0.000,0.000,0.000,0.000
3316,1120.355,35.746,34.887,17.806,9.696,23.163,0.000,2.027,0.000,0.000,0.000,0.000,0.000,0.000
3317,1120.681,35.560,34.817,17.789,9.683,23.121,0.000,2.014,0.000,0.000,0.000,0.000,0.000,0.000
3318,1121.008,31.487,34.748,17.771,9.669,23.079,0.000,2.000,0.000,0.000,0.000,0.000,0.000,0.000
3319,1121.335,37.709,34.678,17.754,9.655,23.036,0.000,1.986,0.000,0.000,0.000,0.000,0.000,0.000
3320,1121.661,47.598,34.608,17.737,9.641,22.994,0.000,1.973,0.000,0.000,0.000,0.000,0.000,0.000
3321,1121.988,41.931,34.538,17.720,9.626,22.952,0.000,1.960,0.000,0.000,0.000,0.000,0.000,0.000
3322,1122.314,37.079,34.467,17.703,9.611,22.909,0.000,1.947,0.000,0.000,0.000,0.000,0.000,0.000
3323,1122.641,46.709,34.396,17.686,9.596,22.866,0.000,1.935,0.000,0.000,0.000,0.000,0.000,0.000
3324,1122.968,45.969,34.325,17.668,9.580,22.824,0.000,1.922,0.000,0.000,0.000,0.000,0.000,0.000
3325,1123.294,31.005,34.254,17.651,9.564,22.781,0.000,1.910,0.000,0.000,0.000,0.000,0.000,0.000
3326,1123.621,49.968,34.183,17.634,9.547,22.738,0.000,1.898,0.000,0.000,0.000,0.000,0.000,0.000
3327,1123.947,22.005,34.111,17.617,9.530,22.695,0.000,1.886,0.000,0.000,0.000,0.000,0.000,0.000
3328,1124.274,31.412,34.039,17.600,9.513,22.652,0.000,1.874,0.000,0.000,0.000,0.000,0.000,0.000
3329,1124.600,46.079,33.967,17.583,9.496,22.609,0.000,1.862,0.000,0.000,0.000,0.000,0.000,0.000
3330,1124.927,40.709,33.895,17.566,9.478,22.567,0.000,1.851,0.000,0.000,0.000,0.000,0.000,0.000
3331,1125.253,32.302,33.823,17.548,9.460,22.524,0.000,1.840,0.000,0.000,0.000,0.000,0.000,0.000
3332,1125.580,16.820,33.751,17.531,9.441,22.481,0.000,1.829,0.000,0.000,0.000,0.000,0.000,0.000
3333,1125.906,39.672,33.679,17.514,9.422,22.438,0.000,1.818,0.000,0.000,0.000,0.000,0.000,0.000
3334,1126.233,27.376,33.606,17.497,9.403,22.396,0.000,1.807,0.000,0.000,0.000,0.000,0.000,0.000
3335,1126.559,44.338,33.534,17.480,9.384,22.353,0.000,1.797,0.000,0.000,0.000,0.000,0.000,0.000
3336,1126.886,42.450,33.461,17.463,9.364,22.310,0.000,1.787,0.000,0.000,0.000,0.000,0.000,0.000
3337,1127.212,39.339,33.389,17.445,9.344,22.268,0.000,1.776,0.000,0.000,0.000,0.000,0.000,0.000
3338,1127.539,38.931,33.317,17.428,9.324,22.226,0.000,1.767,0.000,0.000,0.000,0.000,0.000,0.000
3339,1127.865,28.894,33.244,17.411,9.304,22.184,0.000,1.757,0.000,0.000,0.000,0.000,0.000,0.000
3340,1128.191,37.635,33.172,17.394,9.283,22.142,0.000,1.747,0.000,0.000,0.000,0.000,0.000,0.000
3341,1128.518,37.820,33.100,17.377,9.262,22.100,0.000,1.738,0.000,0.000,0.000,0.000,0.000,0.000
3342,1128.844,25.561,33.027,17.360,9.241,22.058,0.000,1.729,0.000,0.000,0.000,0.000,0.000,0.000
3343,1129.171,30.375,32.955,17.343,9.219,22.017,0.000,1.720,0.000,0.000,0.000,0.000,0.000,0.000
3344,1129.497,32.486,32.883,17.325,9.197,21.975,0.000,1.711,0.000,0.000,0.000,0.000,0.000,0.000
3345,1129.823,35.227,32.811,17.308,9.176,21.934,0.000,1.702,0.000,0.000,0.000,0.000,0.000,0.000
3346,1130.150,33.560,32.740,17.291,9.153,21.893,0.000,1.693,0.000,0.000,0.000,0.000,0.000,0.000
3347,1130.476,42.635,32.668,17.274,9.131,21.852,0.000,1.685,0.000,0.000,0.000,0.000,0.000,0.000
3348,1130.803,37.338,32.597,17.257,9.109,21.812,0.000,1.677,0.000,0.000,0.000,0.000,0.000,0.000
3349,1131.129,17.339,32.526,17.240,9.086,21.772,0.000,1.669,0.000,0.000,0.000,0.000,0.000,0.000
3350,1131.455,40.709,32.455,17.222,9.063,21.732,0.000,1.661,0.000,0.000,0.000,0.000,0.000,0.000
3351,1131.782,41.190,32.385,17.205,9.040,21.692,0.000,1.653,0.000,0.000,0.000,0.000,0.000,0.000
3352,1132.108,30.819,32.315,17.188,9.017,21.653,0.000,1.645,0.000,0.000,0.000,0.000,0.000,0.000
3353,1132.434,44.413,32.245,17.171,8.994,21.613,0.000,1.638,0.000,0.000,0.000,0.000,0.000,0.000
3354,1132.761,27.486,32.175,17.154,8.970,21.575,0.000,1.631,0.000,0.000,0.000,0.000,0.000,0.000
3355,1133.087,53.042,32.106,17.137,8.947,21.536,0.000,1.623,0.000,0.000,0.000,0.000,0.000,0.000
3356,1133.413,28.264,32.037,17.120,8.923,21.498,0.000,1.616,0.000,0.000,0.000,0.000,0.000,0.000
3357,1133.739,33.228,31.968,17.102,8.899,21.460,0.000,1.610,0.000,0.000,0.000,0.000,0.000,0.000
3358,1134.066,39.783,31.900,17.085,8.875,21.422,0.000,1.603,0.000,0.000,0.000,0.000,0.000,0.000
3359,1134.392,26.116,31.832,17.068,8.851,21.385,0.000,1.596,0.000,0.000,0.000,0.000,0.000,0.000
3360,1134.718,32.893,31.765,17.051,8.827,21.348,0.000,1.590,0.000,0.000,0.000,0.000,0.000,0.000
3361,1135.044,32.635,31.697,17.034,8.803,21.311,0.000,1.583,0.000,0.000,0.000,0.000,0.000,0.000
3362,1135.371,16.228,31.630,17.017,8.779,21.274,0.000,1.577,0.000,0.000,0.000,0.000,0.000,0.000
3363,1135.697,30.819,31.563,16.999,8.754,21.238,0.000,1.571,0.000,0.000,0.000,0.000,0.000,0.000
3364,1136.023,20.745,31.497,16.982,8.730,21.202,0.000,1.565,0.000,0.000,0.000,0.000,0.000,0.000
3365,1136.349,28.486,31.430,16.965,8.705,21.166,0.000,1.559,0.000,0.000,0.000,0.000,0.000,0.000
3366,1136.675,29.820,31.364,16.948,8.680,21.130,0.000,1.554,0.000,0.000,0.000,0.000,0.000,0.000
3367,1137.002,35.560,31.298,16.931,8.656,21.095,0.000,1.548,0.000,0.000,0.000,0.000,0.000,0.000
3368,1137.328,19.005,31.233,16.914,8.631,21.060,0.000,1.543,0.000,0.000,0.000,0.000,0.000,0.000
3369,1137.654,28.931,31.168,16.897,8.606,21.025,0.000,1.537,0.000,0.000,0.000,0.000,0.000,0.000
3370,1137.980,20.746,31.103,16.879,8.581,20.990,0.000,1.532,0.000,0.000,0.000,0.000,0.000,0.000
3371,1138.306,20.709,31.038,16.862,8.556,20.956,0.000,1.527,0.000,0.000,0.000,0.000,0.000,0.000
3372,1138.633,26.153,30.974,16.845,8.531,20.922,0.000,1.522,0.000,0.000,0.000,0.000,0.000,0.000
3373,1138.959,23.856,30.911,16.828,8.506,20.888,0.000,1.517,0.000,0.000,0.000,0.000,0.000,0.000
3374,1139.285,33.524,30.847,16.811,8.480,20.855,0.000,1.512,0.000,0.000,0.000,0.000,0.000,0.000
3375,1139.611,26.486,30.784,16.794,8.455,20.822,0.000,1.507,0.000,0.000,0.000,0.000,0.000,0.000
3376,1139.937,16.264,30.721,16.776,8.430,20.789,0.000,1.502,0.000,0.000,0.000,0.000,0.000,0.000
3377,1140.263,51.264,30.659,16.759,8.405,20.756,0.000,1.498,0.000,0.000,0.000,0.000,0.000,0.000
3378,1140.589,25.376,30.597,16.742,8.380,20.724,0.000,1.493,0.000,0.000,0.000,0.000,0.000,0.000
3379,1140.915,32.523,30.536,16.725,8.355,20.692,0.000,1.489,0.000,0.000,0.000,0.000,0.000,0.000
3380,1141.241,33.487,30.475,16.708,8.330,20.660,0.000,1.485,0.000,0.000,0.000,0.000,0.000,0.000
3381,1141.567,48.560,30.414,16.691,8.305,20.629,0.000,1.481,0.000,0.000,0.000,0.000,0.000,0.000
3382,1141.894,43.042,30.354,16.674,8.280,20.597,0.000,1.477,0.000,0.000,0.000,0.000,0.000,0.000
3383,1142.220,29.894,30.295,16.656,8.256,20.567,0.000,1.473,0.000,0.000,0.000,0.000,0.000,0.000
3384,1142.546,27.671,30.236,16.639,8.231,20.536,0.000,1.469,0.000,0.000,0.000,0.000,0.000,0.000
3385,1142.872,38.300,30.177,16.622,8.206,20.506,0.000,1.465,0.000,0.000,0.000,0.000,0.000,0.000
3386,1143.198,26.376,30.119,16.605,8.182,20.476,0.000,1.462,0.000,0.000,0.000,0.000,0.000,0.000
3387,1143.524,32.893,30.062,16.588,8.157,20.447,0.000,1.458,0.000,0.000,0.000,0.000,0.000,0.000
3388,1143.850,24.302,30.005,16.571,8.133,20.417,0.000,1.454,0.000,0.000,0.000,0.000,0.000,0.000
3389,1144.176,23.783,29.948,16.553,8.109,20.388,0.000,1.451,0.000,0.000,0.000,0.000,0.000,0.000
3390,1144.502,39.264,29.892,16.536,8.085,20.360,0.000,1.448,0.000,0.000,0.000,0.000,0.000,0.000
3391,1144.828,27.782,29.837,16.519,8.061,20.332,0.000,1.445,0.000,0.000,0.000,0.000,0.000,0.000
3392,1145.154,35.783,29.782,16.502,8.037,20.304,0.000,1.441,0.000,0.000,0.000,0.000,0.000,0.000
3393,1145.480,10.338,29.728,16.485,8.014,20.276,0.000,1.438,0.000,0.000,0.000,0.000,0.000,0.000
3394,1145.806,30.671,29.674,16.468,7.990,20.249,0.000,1.435,0.000,0.000,0.000,0.000,0.000,0.000
3395,1146.132,28.375,29.621,16.451,7.967,20.222,0.000,1.432,0.000,0.000,0.000,0.000,0.000,0.000
3396,1146.458,24.042,29.569,16.433,7.944,20.195,0.000,1.429,0.000,0.000,0.000,0.000,0.000,0.000
3397,1146.783,23.560,29.517,16.416,7.922,20.169,0.000,1.427,0.000,0.000,0.000,0.000,0.000,0.000
3398,1147.109,44.523,29.466,16.399,7.899,20.143,0.000,1.424,0.000,0.000,0.000,0.000,0.000,0.000
3399,1147.435,24.560,29.415,16.382,7.876,20.117,0.000,1.421,0.000,0.000,0.000,0.000,0.000,0.000
3400,1147.761,26.746,29.365,16.365,7.854,20.092,0.000,1.419,0.000,0.000,0.000,0.000,0.000,0.000
3401,1148.087,35.449,29.315,16.348,7.832,20.067,0.000,1.416,0.000,0.000,0.000,0.000,0.000,0.000
3402,1148.413,26.486,29.266,16.330,7.810,20.042,0.000,1.413,0.000,0.000,0.000,0.000,0.000,0.000
3403,1148.739,32.745,29.217,16.313,7.788,20.018,0.000,1.411,0.000,0.000,0.000,0.000,0.000,0.000
3404,1149.065,40.523,29.168,16.296,7.766,19.994,0.000,1.409,0.000,0.000,0.000,0.000,0.000,0.000
3405,1149.391,21.116,29.136,16.295,7.747,19.982,0.000,1.407,0.000,0.000,0.000,0.000,0.000,0.000
3406,1149.717,21.450,29.104,16.293,7.727,19.971,0.000,1.405,0.000,0.000,0.000,0.000,0.000,0.000
3407,1150.042,43.819,29.072,16.291,7.708,19.960,0.000,1.403,0.000,0.000,0.000,0.000,0.000,0.000
3408,1150.368,34.450,29.041,16.290,7.689,19.950,0.000,1.402,0.000,0.000,0.000,0.000,0.000,0.000
3409,1150.694,37.671,29.010,16.288,7.671,19.939,0.000,1.400,0.000,0.000,0.000,0.000,0.000,0.000
3410,1151.020,28.042,28.979,16.287,7.652,19.929,0.000,1.398,0.000,0.000,0.000,0.000,0.000,0.000
3411,1151.346,32.672,28.949,16.285,7.634,19.919,0.000,1.397,0.000,0.000,0.000,0.000,0.000,0.000
3412,1151.672,33.449,28.920,16.283,7.616,19.909,0.000,1.395,0.000,0.000,0.000,0.000,0.000,0.000
3413,1151.997,28.190,28.891,16.282,7.597,19.900,0.000,1.394,0.000,0.000,0.000,0.000,0.000,0.000
3414,1152.323,26.856,28.862,16.280,7.580,19.890,0.000,1.392,0.000,0.000,0.000,0.000,0.000,0.000
3415,1152.649,34.042,28.834,16.279,7.562,19.881,0.000,1.391,0.000,0.000,0.000,0.000,0.000,0.000
3416,1152.975,33.597,28.806,16.277,7.545,19.872,0.000,1.389,0.000,0.000,0.000,0.000,0.000,0.000
3417,1153.301,33.153,28.779,16.275,7.527,19.863,0.000,1.388,0.000,0.000,0.000,0.000,0.000,0.000
3418,1153.626,27.968,28.752,16.274,7.510,19.855,0.000,1.387,0.000,0.000,0.000,0.000,0.000,0.000
3419,1153.952,23.486,28.725,16.272,7.493,19.846,0.000,1.385,0.000,0.000,0.000,0.000,0.000,0.000
3420,1154.278,27.449,28.699,16.271,7.477,19.838,0.000,1.384,0.000,0.000,0.000,0.000,0.000,0.000
3421,1154.604,16.486,28.673,16.269,7.460,19.830,0.000,1.383,0.000,0.000,0.000,0.000,0.000,0.000
3422,1154.929,25.560,28.648,16.267,7.444,19.823,0.000,1.382,0.000,0.000,0.000,0.000,0.000,0.000
3423,1155.255,25.486,28.623,16.266,7.428,19.815,0.000,1.380,0.000,0.000,0.000,0.000,0.000,0.000
3424,1155.581,26.042,28.599,16.264,7.412,19.808,0.000,1.379,0.000,0.000,0.000,0.000,0.000,0.000
3425,1155.906,39.486,28.575,16.263,7.397,19.801,0.000,1.378,0.000,0.000,0.000,0.000,0.000,0.000
3426,1156.232,22.672,28.552,16.261,7.381,19.794,0.000,1.377,0.000,0.000,0.000,0.000,0.000,0.000
3427,1156.558,29.376,28.529,16.259,7.366,19.787,0.000,1.376,0.000,0.000,0.000,0.000,0.000,0.000
3428,1156.884,22.782,28.506,16.258,7.351,19.780,0.000,1.375,0.000,0.000,0.000,0.000,0.000,0.000
3429,1157.209,40.634,28.484,16.256,7.337,19.774,0.000,1.374,0.000,0.000,0.000,0.000,0.000,0.000
3430,1157.535,23.042,28.463,16.255,7.322,19.768,0.000,1.373,0.000,0.000,0.000,0.000,0.000,0.000
3431,1157.861,28.856,28.442,16.253,7.308,19.762,0.000,1.372,0.000,0.000,0.000,0.000,0.000,0.000
3432,1158.186,11.227,28.421,16.251,7.294,19.756,0.000,1.371,0.000,0.000,0.000,0.000,0.000,0.000
3433,1158.512,23.856,28.401,16.250,7.280,19.750,0.000,1.370,0.000,0.000,0.000,0.000,0.000,0.000
3434,1158.837,43.745,28.381,16.248,7.267,19.745,0.000,1.369,0.000,0.000,0.000,0.000,0.000,0.000
3435,1159.163,26.005,28.362,16.246,7.254,19.740,0.000,1.369,0.000,0.000,0.000,0.000,0.000,0.000
3436,1159.489,25.671,28.343,16.245,7.241,19.734,0.000,1.368,0.000,0.000,0.000,0.000,0.000,0.000
3437,1159.814,26.226,28.324,16.243,7.228,19.730,0.000,1.367,0.000,0.000,0.000,0.000,0.000,0.000
3438,1160.140,40.116,28.307,16.242,7.215,19.725,0.000,1.366,0.000,0.000,0.000,0.000,0.000,0.000
3439,1160.466,22.968,28.289,16.240,7.203,19.721,0.000,1.366,0.000,0.000,0.000,0.000,0.000,0.000
3440,1160.791,36.819,28.272,16.238,7.191,19.716,0.000,1.365,0.000,0.000,0.000,0.000,0.000,0.000
3441,1161.117,22.783,28.256,16.237,7.179,19.712,0.000,1.364,0.000,0.000,0.000,0.000,0.000,0.000
3442,1161.442,30.042,28.240,16.235,7.168,19.709,0.000,1.364,0.000,0.000,0.000,0.000,0.000,0.000
3443,1161.768,21.116,28.225,16.234,7.157,19.705,0.000,1.363,0.000,0.000,0.000,0.000,0.000,0.000
3444,1162.093,27.523,28.210,16.232,7.146,19.702,0.000,1.362,0.000,0.000,0.000,0.000,0.000,0.000
3445,1162.419,26.153,28.195,16.230,7.135,19.698,0.000,1.362,0.000,0.000,0.000,0.000,0.000,0.000
3446,1162.745,36.893,28.180,16.229,7.124,19.695,0.000,1.361,0.000,0.000,0.000,0.000,0.000,0.000
3447,1163.070,25.486,28.166,16.227,7.114,19.692,0.000,1.361,0.000,0.000,0.000,0.000,0.000,0.000
3448,1163.396,44.004,28.153,16.226,7.104,19.689,0.000,1.360,0.000,0.000,0.000,0.000,0.000,0.000
3449,1163.721,40.227,28.139,16.224,7.094,19.686,0.000,1.360,0.000,0.000,0.000,0.000,0.000,0.000
3450,1164.047,19.708,28.126,16.222,7.084,19.683,0.000,1.359,0.000,0.000,0.000,0.000,0.000,0.000
3451,1164.372,32.634,28.113,16.221,7.074,19.680,0.000,1.359,0.000,0.000,0.000,0.000,0.000,0.000
3452,1164.698,14.893,28.100,16.219,7.065,19.677,0.000,1.358,0.000,0.000,0.000,0.000,0.000,0.000
3453,1165.023,33.005,28.088,16.218,7.055,19.674,0.000,1.358,0.000,0.000,0.000,0.000,0.000,0.000
3454,1165.349,28.634,28.075,16.216,7.046,19.672,0.000,1.357,0.000,0.000,0.000,0.000,0.000,0.000
3455,1165.674,28.634,28.064,16.214,7.037,19.669,0.000,1.357,0.000,0.000,0.000,0.000,0.000,0.000
3456,1166.000,20.301,28.052,16.213,7.029,19.667,0.000,1.356,0.000,0.000,0.000,0.000,0.000,0.000
3457,1166.325,24.301,28.040,16.211,7.020,19.664,0.000,1.356,0.000,0.000,0.000,0.000,0.000,0.000
3458,1166.650,39.338,28.029,16.210,7.012,19.662,0.000,1.356,0.000,0.000,0.000,0.000,0.000,0.000
3459,1166.976,21.412,28.018,16.208,7.004,19.660,0.000,1.355,0.000,0.000,0.000,0.000,0.000,0.000
3460,1167.301,32.301,28.008,16.206,6.996,19.657,0.000,1.355,0.000,0.000,0.000,0.000,0.000,0.000
3461,1167.627,29.893,27.997,16.205,6.988,19.655,0.000,1.355,0.000,0.000,0.000,0.000,0.000,0.000
3462,1167.952,31.634,27.987,16.203,6.980,19.653,0.000,1.354,0.000,0.000,0.000,0.000,0.000,0.000
3463,1168.278,24.819,27.977,16.202,6.973,19.651,0.000,1.354,0.000,0.000,0.000,0.000,0.000,0.000
3464,1168.603,28.893,27.968,16.200,6.965,19.649,0.000,1.353,0.000,0.000,0.000,0.000,0.000,0.000
3465,1168.928,23.819,27.958,16.198,6.958,19.647,0.000,1.353,0.000,0.000,0.000,0.000,0.000,0.000
3466,1169.254,38.671,27.949,16.197,6.951,19.645,0.000,1.353,0.000,0.000,0.000,0.000,0.000,0.000
3467,1169.579,30.893,27.940,16.195,6.944,19.643,0.000,1.352,0.000,0.000,0.000,0.000,0.000,0.000
3468,1169.905,36.338,27.931,16.194,6.938,19.641,0.000,1.352,0.000,0.000,0.000,0.000,0.000,0.000
3469,1170.230,28.042,27.923,16.192,6.931,19.640,0.000,1.352,0.000,0.000,0.000,0.000,0.000,0.000
3470,1170.555,34.226,27.915,16.190,6.925,19.638,0.000,1.352,0.000,0.000,0.000,0.000,0.000,0.000
3471,1170.881,30.708,27.906,16.189,6.919,19.636,0.000,1.351,0.000,0.000,0.000,0.000,0.000,0.000
3472,1171.206,35.485,27.899,16.187,6.913,19.635,0.000,1.351,0.000,0.000,0.000,0.000,0.000,0.000
3473,1171.531,26.486,27.891,16.186,6.907,19.633,0.000,1.351,0.000,0.000,0.000,0.000,0.000,0.000
3474,1171.857,39.523,27.884,16.184,6.902,19.632,0.000,1.351,0.000,0.000,0.000,0.000,0.000,0.000
3475,1172.182,34.968,27.877,16.182,6.896,19.630,0.000,1.350,0.000,0.000,0.000,0.000,0.000,0.000
3476,1172.507,20.634,27.870,16.181,6.891,19.629,0.000,1.350,0.000,0.000,0.000,0.000,0.000,0.000
3477,1172.833,33.671,27.863,16.179,6.886,19.628,0.000,1.350,0.000,0.000,0.000,0.000,0.000,0.000
3478,1173.158,25.449,27.857,16.178,6.881,19.627,0.000,1.350,0.000,0.000,0.000,0.000,0.000,0.000
3479,1173.483,34.078,27.851,16.176,6.876,19.625,0.000,1.350,0.000,0.000,0.000,0.000,0.000,0.000
3480,1173.808,39.485,27.845,16.174,6.872,19.624,0.000,1.350,0.000,0.000,0.000,0.000,0.000,0.000
3481,1174.134,19.523,27.840,16.173,6.867,19.623,0.000,1.349,0.000,0.000,0.000,0.000,0.000,0.000
3482,1174.459,16.486,27.835,16.171,6.863,19.622,0.000,1.349,0.000,0.000,0.000,0.000,0.000,0.000
3483,1174.784,25.634,27.830,16.170,6.859,19.622,0.000,1.349,0.000,0.000,0.000,0.000,0.000,0.000
3484,1175.109,33.486,27.825,16.168,6.855,19.621,0.000,1.349,0.000,0.000,0.000,0.000,0.000,0.000
3485,1175.435,20.375,27.821,16.166,6.852,19.620,0.000,1.349,0.000,0.000,0.000,0.000,0.000,0.000
3486,1175.760,22.115,27.817,16.165,6.848,19.620,0.000,1.349,0.000,0.000,0.000,0.000,0.000,0.000
3487,1176.085,31.560,27.813,16.163,6.845,19.619,0.000,1.349,0.000,0.000,0.000,0.000,0.000,0.000
3488,1176.410,34.709,27.809,16.162,6.841,19.618,0.000,1.349,0.000,0.000,0.000,0.000,0.000,0.000
3489,1176.736,27.893,27.805,16.160,6.838,19.618,0.000,1.349,0.000,0.000,0.000,0.000,0.000,0.000
3490,1177.061,19.708,27.801,16.158,6.835,19.617,0.000,1.349,0.000,0.000,0.000,0.000,0.000,0.000
3491,1177.386,23.634,27.797,16.157,6.832,19.617,0.000,1.349,0.000,0.000,0.000,0.000,0.000,0.000
3492,1177.711,35.190,27.794,16.155,6.829,19.616,0.000,1.349,0.000,0.000,0.000,0.000,0.000,0.000
3493,1178.036,26.930,27.790,16.154,6.826,19.615,0.000,1.349,0.000,0.000,0.000,0.000,0.000,0.000
3494,1178.362,26.597,27.787,16.152,6.824,19.615,0.000,1.349,0.000,0.000,0.000,0.000,0.000,0.000
3495,1178.687,29.263,27.784,16.150,6.821,19.614,0.000,1.348,0.000,0.000,0.000,0.000,0.000,0.000
3496,1179.012,17.857,27.780,16.149,6.819,19.613,0.000,1.348,0.000,0.000,0.000,0.000,0.000,0.000
3497,1179.337,34.375,27.777,16.147,6.816,19.613,0.000,1.348,0.000,0.000,0.000,0.000,0.000,0.000
3498,1179.662,20.671,27.774,16.146,6.814,19.612,0.000,1.348,0.000,0.000,0.000,0.000,0.000,0.000
3499,1179.987,37.856,27.771,16.144,6.812,19.611,0.000,1.348,0.000,0.000,0.000,0.000,0.000,0.000
3500,1180.313,21.745,27.768,16.142,6.810,19.610,0.000,1.348,0.000,0.000,0.000,0.000,0.000,0.000
3501,1180.638,23.893,27.765,16.141,6.808,19.610,0.000,1.348,0.000,0.000,0.000,0.000,0.000,0.000
3502,1180.963,18.856,27.763,16.139,6.806,19.609,0.000,1.348,0.000,0.000,0.000,0.000,0.000,0.000
3503,1181.288,21.226,27.760,16.138,6.804,19.608,0.000,1.348,0.000,0.000,0.000,0.000,0.000,0.000
3504,1181.613,31.819,27.758,16.136,6.802,19.607,0.000,1.348,0.000,0.000,0.000,0.000,0.000,0.000
3505,1181.938,33.745,27.755,16.134,6.800,19.607,0.000,1.348,0.000,0.000,0.000,0.000,0.000,0.000
3506,1182.263,32.745,27.753,16.133,6.799,19.606,0.000,1.348,0.000,0.000,0.000,0.000,0.000,0.000
3507,1182.588,35.301,27.751,16.131,6.797,19.605,0.000,1.348,0.000,0.000,0.000,0.000,0.000,0.000
3508,1182.913,31.709,27.748,16.129,6.796,19.604,0.000,1.348,0.000,0.000,0.000,0.000,0.000,0.000
3509,1183.238,22.968,27.746,16.128,6.795,19.604,0.000,1.348,0.000,0.000,0.000,0.000,0.000,0.000
3510,1183.563,29.116,27.744,16.126,6.793,19.603,0.000,1.348,0.000,0.000,0.000,0.000,0.000,0.000
3511,1183.889,41.782,27.743,16.125,6.792,19.602,0.000,1.348,0.000,0.000,0.000,0.000,0.000,0.000
3512,1184.214,35.819,27.741,16.123,6.791,19.601,0.000,1.348,0.000,0.000,0.000,0.000,0.000,0.000
3513,1184.539,28.893,27.739,16.121,6.790,19.601,0.000,1.348,0.000,0.000,0.000,0.000,0.000,0.000
3514,1184.864,36.634,27.738,16.120,6.789,19.600,0.000,1.348,0.000,0.000,0.000,0.000,0.000,0.000
3515,1185.189,33.152,27.736,16.118,6.789,19.599,0.000,1.348,0.000,0.000,0.000,0.000,0.000,0.000
3516,1185.514,34.523,27.735,16.117,6.788,19.599,0.000,1.348,0.000,0.000,0.000,0.000,0.000,0.000
3517,1185.839,41.597,27.734,16.115,6.788,19.598,0.000,1.348,0.000,0.000,0.000,0.000,0.000,0.000
3518,1186.164,36.523,27.733,16.113,6.787,19.598,0.000,1.348,0.000,0.000,0.000,0.000,0.000,0.000
3519,1186.489,39.931,27.732,16.112,6.787,19.597,0.000,1.348,0.000,0.000,0.000,0.000,0.000,0.000
3520,1186.814,26.671,27.732,16.110,6.787,19.597,0.000,1.348,0.000,0.000,0.000,0.000,0.000,0.000
3521,1187.139,22.744,27.731,16.109,6.787,19.596,0.000,1.348,0.000,0.000,0.000,0.000,0.000,0.000
3522,1187.464,19.597,27.731,16.107,6.787,19.596,0.000,1.348,0.000,0.000,0.000,0.000,0.000,0.000
3523,1187.789,28.116,27.731,16.105,6.787,19.596,0.000,1.349,0.000,0.000,0.000,0.000,0.000,0.000
3524,1188.114,23.523,27.731,16.104,6.787,19.595,0.000,1.349,0.000,0.000,0.000,0.000,0.000,0.000
3525,1188.439,41.523,27.731,16.102,6.787,19.595,0.000,1.349,0.000,0.000,0.000,0.000,0.000,0.000
3526,1188.764,31.782,27.732,16.101,6.788,19.595,0.000,1.349,0.000,0.000,0.000,0.000,0.000,0.000
3527,1189.088,29.560,27.732,16.099,6.789,19.595,0.000,1.349,0.000,0.000,0.000,0.000,0.000,0.000
3528,1189.413,28.633,27.733,16.097,6.789,19.595,0.000,1.349,0.000,0.000,0.000,0.000,0.000,0.000
3529,1189.738,44.004,27.734,16.096,6.790,19.595,0.000,1.349,0.000,0.000,0.000,0.000,0.000,0.000
3530,1190.063,20.449,27.735,16.094,6.791,19.594,0.000,1.349,0.000,0.000,0.000,0.000,0.000,0.000
3531,1190.388,35.930,27.736,16.093,6.792,19.594,0.000,1.349,0.000,0.000,0.000,0.000,0.000,0.000
3532,1190.713,33.708,27.737,16.091,6.793,19.594,0.000,1.350,0.000,0.000,0.000,0.000,0.000,0.000
3533,1191.038,29.930,27.738,16.089,6.794,19.594,0.000,1.350,0.000,0.000,0.000,0.000,0.000,0.000
3534,1191.363,29.078,27.739,16.088,6.796,19.594,0.000,1.350,0.000,0.000,0.000,0.000,0.000,0.000
3535,1191.688,23.634,27.740,16.086,6.797,19.593,0.000,1.350,0.000,0.000,0.000,0.000,0.000,0.000
3536,1192.013,32.449,27.741,16.085,6.798,19.593,0.000,1.350,0.000,0.000,0.000,0.000,0.000,0.000
3537,1192.338,28.819,27.742,16.083,6.800,19.593,0.000,1.350,0.000,0.000,0.000,0.000,0.000,0.000
3538,1192.662,27.930,27.744,16.081,6.801,19.592,0.000,1.350,0.000,0.000,0.000,0.000,0.000,0.000
3539,1192.987,27.041,27.745,16.080,6.803,19.592,0.000,1.350,0.000,0.000,0.000,0.000,0.000,0.000
3540,1193.312,17.745,27.746,16.078,6.804,19.592,0.000,1.350,0.000,0.000,0.000,0.000,0.000,0.000
3541,1193.637,28.263,27.747,16.077,6.806,19.591,0.000,1.351,0.000,0.000,0.000,0.000,0.000,0.000
3542,1193.962,25.597,27.749,16.075,6.808,19.591,0.000,1.351,0.000,0.000,0.000,0.000,0.000,0.000
3543,1194.287,41.893,27.750,16.073,6.809,19.590,0.000,1.351,0.000,0.000,0.000,0.000,0.000,0.000
3544,1194.611,32.190,27.752,16.072,6.811,19.590,0.000,1.351,0.000,0.000,0.000,0.000,0.000,0.000
3545,1194.936,31.856,27.753,16.070,6.813,19.589,0.000,1.351,0.000,0.000,0.000,0.000,0.000,0.000
3546,1195.261,22.300,27.755,16.069,6.815,19.589,0.000,1.351,0.000,0.000,0.000,0.000,0.000,0.000
3547,1195.586,33.375,27.757,16.067,6.817,19.588,0.000,1.351,0.000,0.000,0.000,0.000,0.000,0.000
3548,1195.911,35.634,27.758,16.065,6.820,19.587,0.000,1.351,0.000,0.000,0.000,0.000,0.000,0.000
3549,1196.235,33.189,27.760,16.064,6.822,19.587,0.000,1.351,0.000,0.000,0.000,0.000,0.000,0.000
3550,1196.560,29.930,27.762,16.062,6.824,19.586,0.000,1.351,0.000,0.000,0.000,0.000,0.000,0.000
3551,1196.885,26.300,27.764,16.061,6.827,19.586,0.000,1.351,0.000,0.000,0.000,0.000,0.000,0.000
3552,1197.210,36.782,27.766,16.059,6.829,19.585,0.000,1.352,0.000,0.000,0.000,0.000,0.000,0.000
3553,1197.535,29.078,27.768,16.057,6.832,19.584,0.000,1.352,0.000,0.000,0.000,0.000,0.000,0.000
3554,1197.859,15.449,27.770,16.056,6.835,19.584,0.000,1.352,0.000,0.000,0.000,0.000,0.000,0.000
3555,1198.184,26.782,27.773,16.054,6.838,19.583,0.000,1.352,0.000,0.000,0.000,0.000,0.000,0.000
3556,1198.509,41.634,27.775,16.053,6.841,19.583,0.000,1.352,0.000,0.000,0.000,0.000,0.000,0.000
3557,1198.834,29.300,27.778,16.051,6.844,19.582,0.000,1.352,0.000,0.000,0.000,0.000,0.000,0.000
3558,1199.158,28.041,27.781,16.049,6.847,19.581,0.000,1.352,0.000,0.000,0.000,0.000,0.000,0.000
3559,1199.483,25.967,27.784,16.048,6.851,19.581,0.000,1.352,0.000,0.000,0.000,0.000,0.000,0.000
3560,1199.808,33.856,27.787,16.046,6.854,19.580,0.000,1.352,0.000,0.000,0.000,0.000,0.000,0.000
3561,1200.132,25.226,27.790,16.045,6.858,19.580,0.000,1.352,0.000,0.000,0.000,0.000,0.000,0.000
3562,1200.457,37.856,27.793,16.043,6.862,19.579,0.000,1.353,0.000,0.000,0.000,0.000,0.000,0.000
3563,1200.782,27.671,27.797,16.041,6.865,19.579,0.000,1.353,0.000,0.000,0.000,0.000,0.000,0.000
3564,1201.107,35.893,27.801,16.040,6.869,19.578,0.000,1.353,0.000,0.000,0.000,0.000,0.000,0.000
3565,1201.431,26.338,27.805,16.038,6.874,19.578,0.000,1.353,0.000,0.000,0.000,0.000,0.000,0.000
3566,1201.756,33.041,27.809,16.037,6.878,19.578,0.000,1.353,0.000,0.000,0.000,0.000,0.000,0.000
3567,1202.081,35.559,27.813,16.035,6.882,19.578,0.000,1.353,0.000,0.000,0.000,0.000,0.000,0.000
3568,1202.405,28.671,27.818,16.033,6.887,19.577,0.000,1.353,0.000,0.000,0.000,0.000,0.000,0.000
3569,1202.730,25.189,27.822,16.032,6.892,19.577,0.000,1.354,0.000,0.000,0.000,0.000,0.000,0.000
3570,1203.055,24.337,27.827,16.030,6.897,19.577,0.000,1.354,0.000,0.000,0.000,0.000,0.000,0.000
3571,1203.379,32.782,27.832,16.029,6.902,19.577,0.000,1.354,0.000,0.000,0.000,0.000,0.000,0.000
3572,1203.704,29.337,27.837,16.027,6.907,19.577,0.000,1.354,0.000,0.000,0.000,0.000,0.000,0.000
3573,1204.028,24.968,27.843,16.025,6.912,19.577,0.000,1.354,0.000,0.000,0.000,0.000,0.000,0.000
3574,1204.353,22.745,27.848,16.024,6.917,19.576,0.000,1.354,0.000,0.000,0.000,0.000,0.000,0.000
3575,1204.678,30.449,27.853,16.022,6.923,19.576,0.000,1.355,0.000,0.000,0.000,0.000,0.000,0.000
3576,1205.002,37.115,27.859,16.021,6.928,19.576,0.000,1.355,0.000,0.000,0.000,0.000,0.000,0.000
3577,1205.327,45.115,27.864,16.019,6.934,19.575,0.000,1.355,0.000,0.000,0.000,0.000,0.000,0.000
3578,1205.652,24.634,27.870,16.017,6.940,19.575,0.000,1.355,0.000,0.000,0.000,0.000,0.000,0.000
3579,1205.976,26.115,27.875,16.016,6.945,19.575,0.000,1.355,0.000,0.000,0.000,0.000,0.000,0.000
3580,1206.301,38.375,27.881,16.014,6.952,19.574,0.000,1.355,0.000,0.000,0.000,0.000,0.000,0.000
3581,1206.625,37.745,27.887,16.012,6.958,19.574,0.000,1.355,0.000,0.000,0.000,0.000,0.000,0.000
3582,1206.950,43.856,27.893,16.011,6.964,19.573,0.000,1.356,0.000,0.000,0.000,0.000,0.000,0.000
3583,1207.274,36.819,27.899,16.009,6.970,19.573,0.000,1.356,0.000,0.000,0.000,0.000,0.000,0.000
3584,1207.599,19.189,27.905,16.008,6.977,19.572,0.000,1.356,0.000,0.000,0.000,0.000,0.000,0.000
3585,1207.924,35.078,27.911,16.006,6.984,19.572,0.000,1.356,0.000,0.000,0.000,0.000,0.000,0.000
3586,1208.248,30.819,27.918,16.004,6.990,19.571,0.000,1.356,0.000,0.000,0.000,0.000,0.000,0.000
3587,1208.573,36.633,27.924,16.003,6.997,19.571,0.000,1.356,0.000,0.000,0.000,0.000,0.000,0.000
3588,1208.897,27.078,27.931,16.001,7.004,19.570,0.000,1.356,0.000,0.000,0.000,0.000,0.000,0.000
3589,1209.222,30.449,27.937,16.000,7.012,19.570,0.000,1.356,0.000,0.000,0.000,0.000,0.000,0.000
3590,1209.546,27.819,27.944,15.998,7.019,19.569,0.000,1.356,0.000,0.000,0.000,0.000,0.000,0.000
3591,1209.871,31.449,27.951,15.996,7.027,19.568,0.000,1.357,0.000,0.000,0.000,0.000,0.000,0.000
3592,1210.195,32.671,27.959,15.995,7.034,19.568,0.000,1.357,0.000,0.000,0.000,0.000,0.000,0.000
3593,1210.520,33.523,27.966,15.993,7.042,19.567,0.000,1.357,0.000,0.000,0.000,0.000,0.000,0.000
3594,1210.844,33.522,27.973,15.992,7.050,19.566,0.000,1.357,0.000,0.000,0.000,0.000,0.000,0.000
3595,1211.169,30.115,27.981,15.990,7.058,19.566,0.000,1.357,0.000,0.000,0.000,0.000,0.000,0.000
3596,1211.493,27.671,27.989,15.988,7.067,19.565,0.000,1.357,0.000,0.000,0.000,0.000,0.000,0.000
3597,1211.818,38.485,27.997,15.987,7.075,19.565,0.000,1.357,0.000,0.000,0.000,0.000,0.000,0.000
3598,1212.142,31.856,28.005,15.985,7.084,19.564,0.000,1.357,0.000,0.000,0.000,0.000,0.000,0.000
3599,1212.467,22.745,28.014,15.984,7.093,19.563,0.000,1.357,0.000,0.000,0.000,0.000,0.000,0.000
3600,1212.791,19.782,28.022,15.982,7.102,19.563,0.000,1.357,0.000,0.000,0.000,0.000,0.000,0.000
3601,1213.116,16.300,28.031,15.980,7.111,19.562,0.000,1.357,0.000,0.000,0.000,0.000,0.000,0.000
3602,1213.440,29.449,28.040,15.979,7.121,19.562,0.000,1.358,0.000,0.000,0.000,0.000,0.000,0.000
3603,1213.765,35.040,28.049,15.977,7.131,19.561,0.000,1.358,0.000,0.000,0.000,0.000,0.000,0.000
3604,1214.089,33.819,28.059,15.976,7.140,19.561,0.000,1.358,0.000,0.000,0.000,0.000,0.000,0.000
3605,1214.413,38.115,28.069,15.974,7.151,19.560,0.000,1.358,0.000,0.000,0.000,0.000,0.000,0.000
3606,1214.738,24.744,28.079,15.972,7.161,19.560,0.000,1.358,0.000,0.000,0.000,0.000,0.000,0.000
3607,1215.062,31.930,28.089,15.971,7.172,19.559,0.000,1.358,0.000,0.000,0.000,0.000,0.000,0.000
3608,1215.387,38.300,28.100,15.969,7.182,19.559,0.000,1.358,0.000,0.000,0.000,0.000,0.000,0.000
3609,1215.711,34.375,28.111,15.968,7.193,19.559,0.000,1.358,0.000,0.000,0.000,0.000,0.000,0.000
3610,1216.035,26.152,28.122,15.966,7.205,19.559,0.000,1.358,0.000,0.000,0.000,0.000,0.000,0.000
3611,1216.360,35.411,28.133,15.964,7.216,19.559,0.000,1.359,0.000,0.000,0.000,0.000,0.000,0.000
3612,1216.684,41.411,28.145,15.963,7.228,19.558,0.000,1.359,0.000,0.000,0.000,0.000,0.000,0.000
3613,1217.009,22.152,28.157,15.961,7.240,19.558,0.000,1.359,0.000,0.000,0.000,0.000,0.000,0.000
3614,1217.333,31.596,28.169,15.960,7.252,19.558,0.000,1.359,0.000,0.000,0.000,0.000,0.000,0.000
3615,1217.657,34.375,28.181,15.958,7.264,19.558,0.000,1.359,0.000,0.000,0.000,0.000,0.000,0.000
3616,1217.982,26.486,28.193,15.956,7.277,19.558,0.000,1.359,0.000,0.000,0.000,0.000,0.000,0.000
3617,1218.306,31.078,28.206,15.955,7.289,19.557,0.000,1.359,0.000,0.000,0.000,0.000,0.000,0.000
3618,1218.630,32.671,28.218,15.953,7.301,19.557,0.000,1.360,0.000,0.000,0.000,0.000,0.000,0.000
3619,1218.955,27.856,28.230,15.952,7.314,19.556,0.000,1.360,0.000,0.000,0.000,0.000,0.000,0.000
3620,1219.279,19.782,28.242,15.950,7.326,19.556,0.000,1.360,0.000,0.000,0.000,0.000,0.000,0.000
3621,1219.603,29.633,28.254,15.948,7.338,19.556,0.000,1.360,0.000,0.000,0.000,0.000,0.000,0.000
3622,1219.928,32.708,28.266,15.947,7.351,19.555,0.000,1.360,0.000,0.000,0.000,0.000,0.000,0.000
3623,1220.252,30.819,28.278,15.945,7.363,19.555,0.000,1.360,0.000,0.000,0.000,0.000,0.000,0.000
3624,1220.576,28.449,28.290,15.944,7.375,19.554,0.000,1.360,0.000,0.000,0.000,0.000,0.000,0.000
3625,1220.901,25.300,28.302,15.942,7.388,19.554,0.000,1.360,0.000,0.000,0.000,0.000,0.000,0.000
3626,1221.225,38.708,28.314,15.940,7.400,19.553,0.000,1.360,0.000,0.000,0.000,0.000,0.000,0.000
3627,1221.549,21.004,28.326,15.939,7.413,19.553,0.000,1.360,0.000,0.000,0.000,0.000,0.000,0.000
3628,1221.874,34.559,28.338,15.937,7.425,19.552,0.000,1.360,0.000,0.000,0.000,0.000,0.000,0.000
3629,1222.198,36.597,28.349,15.936,7.437,19.551,0.000,1.361,0.000,0.000,0.000,0.000,0.000,0.000
3630,1222.522,22.633,28.361,15.934,7.450,19.551,0.000,1.361,0.000,0.000,0.000,0.000,0.000,0.000
3631,1222.846,31.226,28.373,15.932,7.462,19.550,0.000,1.361,0.000,0.000,0.000,0.000,0.000,0.000
3632,1223.171,32.559,28.385,15.931,7.475,19.549,0.000,1.361,0.000,0.000,0.000,0.000,0.000,0.000
3633,1223.495,30.411,28.396,15.929,7.487,19.549,0.000,1.361,0.000,0.000,0.000,0.000,0.000,0.000
3634,1223.819,36.263,28.408,15.928,7.499,19.548,0.000,1.361,0.000,0.000,0.000,0.000,0.000,0.000
3635,1224.144,26.264,28.420,15.926,7.511,19.547,0.000,1.361,0.000,0.000,0.000,0.000,0.000,0.000
3636,1224.468,36.744,28.431,15.924,7.524,19.547,0.000,1.361,0.000,0.000,0.000,0.000,0.000,0.000
3637,1224.792,18.930,28.443,15.923,7.536,19.546,0.000,1.361,0.000,0.000,0.000,0.000,0.000,0.000
3638,1225.116,23.633,28.454,15.921,7.548,19.545,0.000,1.361,0.000,0.000,0.000,0.000,0.000,0.000
3639,1225.440,26.152,28.466,15.920,7.560,19.545,0.000,1.361,0.000,0.000,0.000,0.000,0.000,0.000
3640,1225.765,30.485,28.477,15.918,7.572,19.544,0.000,1.361,0.000,0.000,0.000,0.000,0.000,0.000
3641,1226.089,25.560,28.489,15.916,7.584,19.543,0.000,1.361,0.000,0.000,0.000,0.000,0.000,0.000
3642,1226.413,26.745,28.500,15.915,7.596,19.543,0.000,1.361,0.000,0.000,0.000,0.000,0.000,0.000
3643,1226.737,26.375,28.511,15.913,7.608,19.542,0.000,1.361,0.000,0.000,0.000,0.000,0.000,0.000
3644,1227.062,15.152,28.522,15.912,7.620,19.541,0.000,1.361,0.000,0.000,0.000,0.000,0.000,0.000
3645,1227.386,22.189,28.534,15.910,7.632,19.541,0.000,1.361,0.000,0.000,0.000,0.000,0.000,0.000
3646,1227.710,27.633,28.545,15.908,7.643,19.540,0.000,1.361,0.000,0.000,0.000,0.000,0.000,0.000
3647,1228.034,31.856,28.556,15.907,7.655,19.540,0.000,1.361,0.000,0.000,0.000,0.000,0.000,0.000
3648,1228.358,26.411,28.567,15.905,7.666,19.539,0.000,1.361,0.000,0.000,0.000,0.000,0.000,0.000
3649,1228.682,29.819,28.578,15.904,7.678,19.539,0.000,1.362,0.000,0.000,0.000,0.000,0.000,0.000
3650,1229.007,22.485,28.589,15.902,7.689,19.538,0.000,1.362,0.000,0.000,0.000,0.000,0.000,0.000
3651,1229.331,32.226,28.600,15.900,7.700,19.538,0.000,1.362,0.000,0.000,0.000,0.000,0.000,0.000
3652,1229.655,30.560,28.611,15.899,7.711,19.538,0.000,1.362,0.000,0.000,0.000,0.000,0.000,0.000
3653,1229.979,33.115,28.622,15.897,7.723,19.537,0.000,1.362,0.000,0.000,0.000,0.000,0.000,0.000
3654,1230.303,28.004,28.633,15.895,7.734,19.537,0.000,1.362,0.000,0.000,0.000,0.000,0.000,0.000
3655,1230.627,32.152,28.643,15.894,7.744,19.537,0.000,1.362,0.000,0.000,0.000,0.000,0.000,0.000
3656,1230.951,30.449,28.654,15.892,7.755,19.537,0.000,1.362,0.000,0.000,0.000,0.000,0.000,0.000
3657,1231.276,48.930,28.665,15.891,7.766,19.537,0.000,1.362,0.000,0.000,0.000,0.000,0.000,0.000
3658,1231.600,28.226,28.675,15.889,7.776,19.536,0.000,1.362,0.000,0.000,0.000,0.000,0.000,0.000
3659,1231.924,30.559,28.685,15.887,7.786,19.536,0.000,1.362,0.000,0.000,0.000,0.000,0.000,0.000
3660,1232.248,34.189,28.695,15.886,7.796,19.536,0.000,1.362,0.000,0.000,0.000,0.000,0.000,0.000
3661,1232.572,32.485,28.704,15.884,7.806,19.536,0.000,1.362,0.000,0.000,0.000,0.000,0.000,0.000
3662,1232.896,19.930,28.714,15.883,7.816,19.535,0.000,1.363,0.000,0.000,0.000,0.000,0.000,0.000
3663,1233.220,26.375,28.723,15.881,7.825,19.535,0.000,1.363,0.000,0.000,0.000,0.000,0.000,0.000
3664,1233.544,20.337,28.732,15.879,7.835,19.535,0.000,1.363,0.000,0.000,0.000,0.000,0.000,0.000
3665,1233.868,27.226,28.741,15.878,7.844,19.534,0.000,1.363,0.000,0.000,0.000,0.000,0.000,0.000
3666,1234.193,29.486,28.749,15.876,7.853,19.534,0.000,1.363,0.000,0.000,0.000,0.000,0.000,0.000
3667,1234.517,15.152,28.757,15.875,7.861,19.533,0.000,1.363,0.000,0.000,0.000,0.000,0.000,0.000
3668,1234.841,21.004,28.765,15.873,7.870,19.533,0.000,1.363,0.000,0.000,0.000,0.000,0.000,0.000
3669,1235.165,31.226,28.773,15.871,7.878,19.533,0.000,1.363,0.000,0.000,0.000,0.000,0.000,0.000
3670,1235.489,27.003,28.781,15.870,7.886,19.532,0.000,1.363,0.000,0.000,0.000,0.000,0.000,0.000
3671,1235.813,26.670,28.788,15.868,7.893,19.531,0.000,1.363,0.000,0.000,0.000,0.000,0.000,0.000
3672,1236.137,27.337,28.795,15.867,7.901,19.531,0.000,1.363,0.000,0.000,0.000,0.000,0.000,0.000
3673,1236.461,26.448,28.801,15.865,7.908,19.530,0.000,1.363,0.000,0.000,0.000,0.000,0.000,0.000
3674,1236.785,38.115,28.808,15.863,7.915,19.530,0.000,1.363,0.000,0.000,0.000,0.000,0.000,0.000
3675,1237.109,28.226,28.814,15.862,7.922,19.529,0.000,1.363,0.000,0.000,0.000,0.000,0.000,0.000
3676,1237.433,28.708,28.820,15.860,7.929,19.529,0.000,1.363,0.000,0.000,0.000,0.000,0.000,0.000
3677,1237.757,28.448,28.826,15.859,7.935,19.528,0.000,1.363,0.000,0.000,0.000,0.000,0.000,0.000
3678,1238.081,24.375,28.831,15.857,7.941,19.527,0.000,1.363,0.000,0.000,0.000,0.000,0.000,0.000
3679,1238.405,21.967,28.836,15.855,7.947,19.527,0.000,1.363,0.000,0.000,0.000,0.000,0.000,0.000
3680,1238.729,25.263,28.841,15.854,7.952,19.526,0.000,1.363,0.000,0.000,0.000,0.000,0.000,0.000
3681,1239.053,27.337,28.846,15.852,7.957,19.525,0.000,1.363,0.000,0.000,0.000,0.000,0.000,0.000
3682,1239.377,22.708,28.850,15.851,7.962,19.525,0.000,1.363,0.000,0.000,0.000,0.000,0.000,0.000
3683,1239.701,25.152,28.854,15.849,7.967,19.524,0.000,1.363,0.000,0.000,0.000,0.000,0.000,0.000
3684,1240.025,22.078,28.858,15.847,7.972,19.524,0.000,1.363,0.000,0.000,0.000,0.000,0.000,0.000
3685,1240.349,28.597,28.862,15.846,7.976,19.523,0.000,1.363,0.000,0.000,0.000,0.000,0.000,0.000
3686,1240.673,24.004,28.865,15.844,7.980,19.522,0.000,1.363,0.000,0.000,0.000,0.000,0.000,0.000
3687,1240.997,20.966,28.868,15.843,7.983,19.522,0.000,1.363,0.000,0.000,0.000,0.000,0.000,0.000
3688,1241.321,19.559,28.871,15.841,7.987,19.521,0.000,1.363,0.000,0.000,0.000,0.000,0.000,0.000
3689,1241.645,20.597,28.874,15.839,7.990,19.521,0.000,1.363,0.000,0.000,0.000,0.000,0.000,0.000
3690,1241.969,20.633,28.876,15.838,7.993,19.520,0.000,1.363,0.000,0.000,0.000,0.000,0.000,0.000
3691,1242.293,16.782,28.878,15.836,7.995,19.520,0.000,1.363,0.000,0.000,0.000,0.000,0.000,0.000
3692,1242.617,22.930,28.880,15.835,7.998,19.519,0.000,1.363,0.000,0.000,0.000,0.000,0.000,0.000
3693,1242.941,33.263,28.881,15.833,8.000,19.519,0.000,1.363,0.000,0.000,0.000,0.000,0.000,0.000
3694,1243.265,24.523,28.883,15.831,8.001,19.518,0.000,1.363,0.000,0.000,0.000,0.000,0.000,0.000
3695,1243.589,24.966,28.884,15.830,8.003,19.518,0.000,1.363,0.000,0.000,0.000,0.000,0.000,0.000
3696,1243.912,29.819,28.885,15.828,8.004,19.518,0.000,1.363,0.000,0.000,0.000,0.000,0.000,0.000
3697,1244.236,16.004,28.885,15.827,8.005,19.517,0.000,1.363,0.000,0.000,0.000,0.000,0.000,0.000
3698,1244.560,24.041,28.886,15.825,8.006,19.517,0.000,1.363,0.000,0.000,0.000,0.000,0.000,0.000
3699,1244.884,25.523,28.886,15.823,8.006,19.517,0.000,1.363,0.000,0.000,0.000,0.000,0.000,0.000
3700,1245.208,33.449,28.886,15.822,8.006,19.516,0.000,1.363,0.000,0.000,0.000,0.000,0.000,0.000
3701,1245.532,31.782,28.885,15.820,8.005,19.516,0.000,1.363,0.000,0.000,0.000,0.000,0.000,0.000
3702,1245.856,25.115,28.884,15.819,8.005,19.516,0.000,1.364,0.000,0.000,0.000,0.000,0.000,0.000
3703,1246.180,19.559,28.883,15.817,8.004,19.515,0.000,1.364,0.000,0.000,0.000,0.000,0.000,0.000
3704,1246.504,19.337,28.881,15.815,8.002,19.515,0.000,1.364,0.000,0.000,0.000,0.000,0.000,0.000
3705,1246.828,25.670,28.879,15.814,8.001,19.514,0.000,1.364,0.000,0.000,0.000,0.000,0.000,0.000
3706,1247.151,30.411,28.876,15.812,7.999,19.514,0.000,1.364,0.000,0.000,0.000,0.000,0.000,0.000
3707,1247.475,16.226,28.873,15.811,7.996,19.514,0.000,1.364,0.000,0.000,0.000,0.000,0.000,0.000
3708,1247.799,26.856,28.870,15.809,7.994,19.513,0.000,1.364,0.000,0.000,0.000,0.000,0.000,0.000
3709,1248.123,30.115,28.867,15.807,7.991,19.512,0.000,1.364,0.000,0.000,0.000,0.000,0.000,0.000
3710,1248.447,25.523,28.863,15.806,7.987,19.512,0.000,1.364,0.000,0.000,0.000,0.000,0.000,0.000
3711,1248.771,25.819,28.858,15.804,7.984,19.511,0.000,1.364,0.000,0.000,0.000,0.000,0.000,0.000
3712,1249.095,4.115,28.854,15.803,7.980,19.511,0.000,1.364,0.000,0.000,0.000,0.000,0.000,0.000
3713,1249.418,30.559,28.849,15.801,7.975,19.510,0.000,1.364,0.000,0.000,0.000,0.000,0.000,0.000
3714,1249.742,20.634,28.844,15.799,7.971,19.509,0.000,1.364,0.000,0.000,0.000,0.000,0.000,0.000
3715,1250.066,26.559,28.838,15.798,7.966,19.509,0.000,1.364,0.000,0.000,0.000,0.000,0.000,0.000
3716,1250.390,23.930,28.832,15.796,7.960,19.508,0.000,1.364,0.000,0.000,0.000,0.000,0.000,0.000
3717,1250.714,29.041,28.825,15.795,7.955,19.507,0.000,1.364,0.000,0.000,0.000,0.000,0.000,0.000
3718,1251.037,34.818,28.819,15.793,7.949,19.507,0.000,1.364,0.000,0.000,0.000,0.000,0.000,0.000
3719,1251.361,34.374,28.812,15.791,7.942,19.506,0.000,1.364,0.000,0.000,0.000,0.000,0.000,0.000
3720,1251.685,23.485,28.804,15.790,7.936,19.505,0.000,1.364,0.000,0.000,0.000,0.000,0.000,0.000
3721,1252.009,19.338,28.797,15.788,7.929,19.504,0.000,1.364,0.000,0.000,0.000,0.000,0.000,0.000
3722,1252.333,13.967,28.789,15.787,7.922,19.504,0.000,1.364,0.000,0.000,0.000,0.000,0.000,0.000
3723,1252.656,16.708,28.781,15.785,7.914,19.503,0.000,1.363,0.000,0.000,0.000,0.000,0.000,0.000
3724,1252.980,22.338,28.772,15.783,7.906,19.502,0.000,1.363,0.000,0.000,0.000,0.000,0.000,0.000
3725,1253.304,17.560,28.763,15.782,7.898,19.501,0.000,1.363,0.000,0.000,0.000,0.000,0.000,0.000
3726,1253.628,17.189,28.754,15.780,7.890,19.501,0.000,1.363,0.000,0.000,0.000,0.000,0.000,0.000
3727,1253.952,16.708,28.744,15.778,7.881,19.500,0.000,1.363,0.000,0.000,0.000,0.000,0.000,0.000
3728,1254.275,23.856,28.735,15.777,7.872,19.499,0.000,1.363,0.000,0.000,0.000,0.000,0.000,0.000
3729,1254.599,31.449,28.725,15.775,7.863,19.498,0.000,1.363,0.000,0.000,0.000,0.000,0.000,0.000
3730,1254.923,7.597,28.715,15.774,7.854,19.498,0.000,1.363,0.000,0.000,0.000,0.000,0.000,0.000
3731,1255.247,32.337,28.704,15.772,7.844,19.497,0.000,1.363,0.000,0.000,0.000,0.000,0.000,0.000
3732,1255.570,25.671,28.693,15.770,7.834,19.496,0.000,1.363,0.000,0.000,0.000,0.000,0.000,0.000
3733,1255.894,27.596,28.682,15.769,7.823,19.496,0.000,1.363,0.000,0.000,0.000,0.000,0.000,0.000
3734,1256.218,19.967,28.671,15.767,7.813,19.495,0.000,1.363,0.000,0.000,0.000,0.000,0.000,0.000
3735,1256.542,19.523,28.660,15.766,7.802,19.495,0.000,1.363,0.000,0.000,0.000,0.000,0.000,0.000
3736,1256.865,20.559,28.648,15.764,7.791,19.494,0.000,1.363,0.000,0.000,0.000,0.000,0.000,0.000
3737,1257.189,20.966,28.637,15.762,7.780,19.494,0.000,1.363,0.000,0.000,0.000,0.000,0.000,0.000
3738,1257.513,18.115,28.625,15.761,7.768,19.493,0.000,1.363,0.000,0.000,0.000,0.000,0.000,0.000
3739,1257.837,30.597,28.612,15.759,7.756,19.493,0.000,1.363,0.000,0.000,0.000,0.000,0.000,0.000
3740,1258.160,15.485,28.600,15.758,7.744,19.493,0.000,1.363,0.000,0.000,0.000,0.000,0.000,0.000
3741,1258.484,14.967,28.588,15.756,7.732,19.492,0.000,1.363,0.000,0.000,0.000,0.000,0.000,0.000
3742,1258.808,20.708,28.575,15.754,7.719,19.492,0.000,1.363,0.000,0.000,0.000,0.000,0.000,0.000
3743,1259.131,19.263,28.562,15.753,7.707,19.492,0.000,1.363,0.000,0.000,0.000,0.000,0.000,0.000
3744,1259.455,24.152,28.548,15.751,7.694,19.491,0.000,1.363,0.000,0.000,0.000,0.000,0.000,0.000
3745,1259.779,20.633,28.535,15.750,7.680,19.491,0.000,1.363,0.000,0.000,0.000,0.000,0.000,0.000
3746,1260.102,26.893,28.521,15.748,7.667,19.490,0.000,1.363,0.000,0.000,0.000,0.000,0.000,0.000
3747,1260.426,31.893,28.506,15.746,7.653,19.490,0.000,1.363,0.000,0.000,0.000,0.000,0.000,0.000
3748,1260.750,26.226,28.492,15.745,7.639,19.489,0.000,1.363,0.000,0.000,0.000,0.000,0.000,0.000
3749,1261.073,41.115,28.477,15.743,7.625,19.489,0.000,1.363,0.000,0.000,0.000,0.000,0.000,0.000
3750,1261.397,19.300,28.462,15.742,7.611,19.488,0.000,1.363,0.000,0.000,0.000,0.000,0.000,0.000
3751,1261.721,25.226,28.447,15.740,7.596,19.488,0.000,1.363,0.000,0.000,0.000,0.000,0.000,0.000
3752,1262.044,12.449,28.432,15.738,7.581,19.487,0.000,1.363,0.000,0.000,0.000,0.000,0.000,0.000
3753,1262.368,32.375,28.416,15.737,7.566,19.487,0.000,1.363,0.000,0.000,0.000,0.000,0.000,0.000
3754,1262.692,18.708,28.400,15.735,7.551,19.486,0.000,1.363,0.000,0.000,0.000,0.000,0.000,0.000
3755,1263.015,21.078,28.384,15.734,7.535,19.486,0.000,1.363,0.000,0.000,0.000,0.000,0.000,0.000
3756,1263.339,27.634,28.368,15.732,7.520,19.485,0.000,1.363,0.000,0.000,0.000,0.000,0.000,0.000
3757,1263.663,22.115,28.351,15.730,7.504,19.484,0.000,1.363,0.000,0.000,0.000,0.000,0.000,0.000
3758,1263.986,18.486,28.335,15.729,7.488,19.484,0.000,1.363,0.000,0.000,0.000,0.000,0.000,0.000
3759,1264.310,41.079,28.318,15.727,7.472,19.483,0.000,1.363,0.000,0.000,0.000,0.000,0.000,0.000
3760,1264.634,29.300,28.301,15.726,7.456,19.482,0.000,1.363,0.000,0.000,0.000,0.000,0.000,0.000
3761,1264.957,20.893,28.284,15.724,7.439,19.482,0.000,1.363,0.000,0.000,0.000,0.000,0.000,0.000
3762,1265.281,21.856,28.266,15.722,7.422,19.481,0.000,1.363,0.000,0.000,0.000,0.000,0.000,0.000
3763,1265.604,35.671,28.249,15.721,7.406,19.480,0.000,1.363,0.000,0.000,0.000,0.000,0.000,0.000
3764,1265.928,23.559,28.231,15.719,7.389,19.480,0.000,1.363,0.000,0.000,0.000,0.000,0.000,0.000
3765,1266.252,30.671,28.213,15.718,7.372,19.479,0.000,1.363,0.000,0.000,0.000,0.000,0.000,0.000
3766,1266.575,17.560,28.195,15.716,7.355,19.478,0.000,1.362,0.000,0.000,0.000,0.000,0.000,0.000
3767,1266.899,29.893,28.177,15.714,7.337,19.478,0.000,1.362,0.000,0.000,0.000,0.000,0.000,0.000
3768,1267.222,17.523,28.159,15.713,7.320,19.477,0.000,1.362,0.000,0.000,0.000,0.000,0.000,0.000
3769,1267.546,31.411,28.141,15.711,7.303,19.476,0.000,1.362,0.000,0.000,0.000,0.000,0.000,0.000
3770,1267.870,16.819,28.123,15.710,7.285,19.476,0.000,1.362,0.000,0.000,0.000,0.000,0.000,0.000
3771,1268.193,22.523,28.104,15.708,7.267,19.475,0.000,1.362,0.000,0.000,0.000,0.000,0.000,0.000
3772,1268.517,13.523,28.086,15.706,7.250,19.474,0.000,1.362,0.000,0.000,0.000,0.000,0.000,0.000
3773,1268.840,30.523,28.067,15.705,7.232,19.474,0.000,1.362,0.000,0.000,0.000,0.000,0.000,0.000
3774,1269.164,36.522,28.049,15.703,7.214,19.473,0.000,1.362,0.000,0.000,0.000,0.000,0.000,0.000
3775,1269.487,11.115,28.030,15.702,7.196,19.473,0.000,1.362,0.000,0.000,0.000,0.000,0.000,0.000
3776,1269.811,17.116,28.012,15.700,7.178,19.472,0.000,1.362,0.000,0.000,0.000,0.000,0.000,0.000
3777,1270.135,24.300,27.993,15.698,7.160,19.472,0.000,1.362,0.000,0.000,0.000,0.000,0.000,0.000
3778,1270.458,10.190,27.975,15.697,7.142,19.471,0.000,1.362,0.000,0.000,0.000,0.000,0.000,0.000
3779,1270.782,19.300,27.956,15.695,7.124,19.471,0.000,1.361,0.000,0.000,0.000,0.000,0.000,0.000
3780,1271.105,28.819,27.938,15.694,7.106,19.471,0.000,1.361,0.000,0.000,0.000,0.000,0.000,0.000
3781,1271.429,26.264,27.919,15.692,7.087,19.470,0.000,1.361,0.000,0.000,0.000,0.000,0.000,0.000
3782,1271.752,23.041,27.901,15.690,7.069,19.470,0.000,1.361,0.000,0.000,0.000,0.000,0.000,0.000
3783,1272.076,21.153,27.882,15.689,7.051,19.470,0.000,1.361,0.000,0.000,0.000,0.000,0.000,0.000
3784,1272.399,20.967,27.864,15.687,7.033,19.470,0.000,1.361,0.000,0.000,0.000,0.000,0.000,0.000
3785,1272.723,28.412,27.846,15.686,7.015,19.470,0.000,1.361,0.000,0.000,0.000,0.000,0.000,0.000
3786,1273.046,10.967,27.827,15.684,6.996,19.470,0.000,1.361,0.000,0.000,0.000,0.000,0.000,0.000
3787,1273.370,26.042,27.809,15.682,6.978,19.469,0.000,1.361,0.000,0.000,0.000,0.000,0.000,0.000
3788,1273.693,27.078,27.790,15.681,6.960,19.469,0.000,1.361,0.000,0.000,0.000,0.000,0.000,0.000
3789,1274.017,36.115,27.771,15.679,6.942,19.469,0.000,1.361,0.000,0.000,0.000,0.000,0.000,0.000
3790,1274.340,19.708,27.753,15.678,6.923,19.469,0.000,1.361,0.000,0.000,0.000,0.000,0.000,0.000
3791,1274.664,21.967,27.734,15.676,6.905,19.469,0.000,1.361,0.000,0.000,0.000,0.000,0.000,0.000
3792,1274.987,18.893,27.715,15.674,6.887,19.468,0.000,1.360,0.000,0.000,0.000,0.000,0.000,0.000
3793,1275.311,11.449,27.697,15.673,6.868,19.468,0.000,1.360,0.000,0.000,0.000,0.000,0.000,0.000
3794,1275.634,30.745,27.678,15.671,6.850,19.468,0.000,1.360,0.000,0.000,0.000,0.000,0.000,0.000
3795,1275.958,18.264,27.659,15.670,6.832,19.468,0.000,1.360,0.000,0.000,0.000,0.000,0.000,0.000
3796,1276.281,16.968,27.641,15.668,6.813,19.467,0.000,1.360,0.000,0.000,0.000,0.000,0.000,0.000
3797,1276.605,13.930,27.622,15.666,6.795,19.467,0.000,1.360,0.000,0.000,0.000,0.000,0.000,0.000
3798,1276.928,21.931,27.603,15.665,6.777,19.467,0.000,1.360,0.000,0.000,0.000,0.000,0.000,0.000
3799,1277.252,16.190,27.585,15.663,6.759,19.466,0.000,1.359,0.000,0.000,0.000,0.000,0.000,0.000
3800,1277.575,21.190,27.566,15.661,6.741,19.466,0.000,1.359,0.000,0.000,0.000,0.000,0.000,0.000
3801,1277.899,25.301,27.548,15.660,6.723,19.466,0.000,1.359,0.000,0.000,0.000,0.000,0.000,0.000
3802,1278.222,21.486,27.529,15.658,6.705,19.465,0.000,1.359,0.000,0.000,0.000,0.000,0.000,0.000
3803,1278.546,23.004,27.511,15.657,6.687,19.465,0.000,1.359,0.000,0.000,0.000,0.000,0.000,0.000
3804,1278.869,17.375,27.492,15.655,6.669,19.465,0.000,1.359,0.000,0.000,0.000,0.000,0.000,0.000
3805,1279.193,34.634,27.474,15.653,6.651,19.464,0.000,1.358,0.000,0.000,0.000,0.000,0.000,0.000
3806,1279.516,22.857,27.456,15.652,6.633,19.464,0.000,1.358,0.000,0.000,0.000,0.000,0.000,0.000
3807,1279.840,26.190,27.438,15.650,6.616,19.464,0.000,1.358,0.000,0.000,0.000,0.000,0.000,0.000
3808,1280.163,27.338,27.419,15.649,6.598,19.464,0.000,1.358,0.000,0.000,0.000,0.000,0.000,0.000
3809,1280.486,17.560,27.402,15.647,6.581,19.463,0.000,1.358,0.000,0.000,0.000,0.000,0.000,0.000
3810,1280.810,23.560,27.384,15.645,6.563,19.463,0.000,1.357,0.000,0.000,0.000,0.000,0.000,0.000
3811,1281.133,32.338,27.366,15.644,6.546,19.463,0.000,1.357,0.000,0.000,0.000,0.000,0.000,0.000
3812,1281.457,33.116,27.348,15.642,6.529,19.462,0.000,1.357,0.000,0.000,0.000,0.000,0.000,0.000
3813,1281.780,14.191,27.331,15.641,6.512,19.462,0.000,1.357,0.000,0.000,0.000,0.000,0.000,0.000
3814,1282.104,26.078,27.313,15.639,6.495,19.462,0.000,1.357,0.000,0.000,0.000,0.000,0.000,0.000
3815,1282.427,24.857,27.296,15.637,6.478,19.462,0.000,1.356,0.000,0.000,0.000,0.000,0.000,0.000
3816,1282.750,32.857,27.279,15.636,6.461,19.462,0.000,1.356,0.000,0.000,0.000,0.000,0.000,0.000
3817,1283.074,15.819,27.262,15.634,6.444,19.462,0.000,1.356,0.000,0.000,0.000,0.000,0.000,0.000
3818,1283.397,23.783,27.245,15.633,6.428,19.462,0.000,1.356,0.000,0.000,0.000,0.000,0.000,0.000
3819,1283.721,17.894,27.229,15.631,6.412,19.462,0.000,1.356,0.000,0.000,0.000,0.000,0.000,0.000
3820,1284.044,22.449,27.212,15.629,6.395,19.462,0.000,1.355,0.000,0.000,0.000,0.000,0.000,0.000
3821,1284.367,20.338,27.196,15.628,6.379,19.462,0.000,1.355,0.000,0.000,0.000,0.000,0.000,0.000
3822,1284.691,25.228,27.180,15.626,6.363,19.462,0.000,1.355,0.000,0.000,0.000,0.000,0.000,0.000
3823,1285.014,23.264,27.164,15.625,6.348,19.462,0.000,1.355,0.000,0.000,0.000,0.000,0.000,0.000
3824,1285.338,12.042,27.149,15.623,6.332,19.462,0.000,1.354,0.000,0.000,0.000,0.000,0.000,0.000
3825,1285.661,24.301,27.133,15.621,6.317,19.462,0.000,1.354,0.000,0.000,0.000,0.000,0.000,0.000
3826,1285.984,23.116,27.118,15.620,6.301,19.463,0.000,1.354,0.000,0.000,0.000,0.000,0.000,0.000
3827,1286.308,29.153,27.103,15.618,6.286,19.463,0.000,1.354,0.000,0.000,0.000,0.000,0.000,0.000
3828,1286.631,29.004,27.088,15.617,6.271,19.463,0.000,1.354,0.000,0.000,0.000,0.000,0.000,0.000
3829,1286.954,18.376,27.073,15.615,6.256,19.463,0.000,1.353,0.000,0.000,0.000,0.000,0.000,0.000
3830,1287.278,26.190,27.058,15.613,6.241,19.463,0.000,1.353,0.000,0.000,0.000,0.000,0.000,0.000
3831,1287.601,15.301,27.043,15.612,6.227,19.464,0.000,1.353,0.000,0.000,0.000,0.000,0.000,0.000
3832,1287.924,23.227,27.028,15.610,6.212,19.464,0.000,1.353,0.000,0.000,0.000,0.000,0.000,0.000
3833,1288.248,27.302,27.014,15.609,6.198,19.464,0.000,1.352,0.000,0.000,0.000,0.000,0.000,0.000
3834,1288.571,17.116,26.999,15.607,6.183,19.464,0.000,1.352,0.000,0.000,0.000,0.000,0.000,0.000
3835,1288.895,28.783,26.985,15.605,6.169,19.464,0.000,1.352,0.000,0.000,0.000,0.000,0.000,0.000
3836,1289.218,15.264,26.971,15.604,6.155,19.464,0.000,1.352,0.000,0.000,0.000,0.000,0.000,0.000
3837,1289.541,32.857,26.957,15.602,6.141,19.464,0.000,1.351,0.000,0.000,0.000,0.000,0.000,0.000
3838,1289.865,17.708,26.943,15.601,6.128,19.464,0.000,1.351,0.000,0.000,0.000,0.000,0.000,0.000
3839,1290.188,23.375,26.929,15.599,6.114,19.464,0.000,1.351,0.000,0.000,0.000,0.000,0.000,0.000
3840,1290.511,22.893,26.916,15.597,6.101,19.465,0.000,1.350,0.000,0.000,0.000,0.000,0.000,0.000
3841,1290.835,22.709,26.902,15.596,6.087,19.465,0.000,1.350,0.000,0.000,0.000,0.000,0.000,0.000
3842,1291.158,8.153,26.889,15.594,6.074,19.465,0.000,1.350,0.000,0.000,0.000,0.000,0.000,0.000
3843,1291.481,21.635,26.875,15.593,6.061,19.465,0.000,1.349,0.000,0.000,0.000,0.000,0.000,0.000
3844,1291.805,26.746,26.862,15.591,6.049,19.465,0.000,1.349,0.000,0.000,0.000,0.000,0.000,0.000
3845,1292.128,16.376,26.849,15.589,6.036,19.465,0.000,1.349,0.000,0.000,0.000,0.000,0.000,0.000
3846,1292.451,17.487,26.836,15.588,6.023,19.465,0.000,1.348,0.000,0.000,0.000,0.000,0.000,0.000
3847,1292.774,23.486,26.824,15.586,6.011,19.465,0.000,1.348,0.000,0.000,0.000,0.000,0.000,0.000
3848,1293.098,19.598,26.811,15.585,5.999,19.465,0.000,1.348,0.000,0.000,0.000,0.000,0.000,0.000
3849,1293.421,34.190,26.799,15.583,5.987,19.465,0.000,1.347,0.000,0.000,0.000,0.000,0.000,0.000
3850,1293.744,23.486,26.786,15.581,5.975,19.465,0.000,1.347,0.000,0.000,0.000,0.000,0.000,0.000
3851,1294.068,17.709,26.774,15.580,5.963,19.465,0.000,1.347,0.000,0.000,0.000,0.000,0.000,0.000
3852,1294.391,23.635,26.762,15.578,5.952,19.465,0.000,1.346,0.000,0.000,0.000,0.000,0.000,0.000
3853,1294.714,18.523,26.751,15.577,5.940,19.465,0.000,1.346,0.000,0.000,0.000,0.000,0.000,0.000
3854,1295.038,15.116,26.739,15.575,5.929,19.465,0.000,1.346,0.000,0.000,0.000,0.000,0.000,0.000
3855,1295.361,30.264,26.728,15.573,5.918,19.465,0.000,1.345,0.000,0.000,0.000,0.000,0.000,0.000
3856,1295.684,34.560,26.717,15.572,5.907,19.465,0.000,1.345,0.000,0.000,0.000,0.000,0.000,0.000
3857,1296.007,26.746,26.706,15.570,5.896,19.465,0.000,1.344,0.000,0.000,0.000,0.000,0.000,0.000
3858,1296.331,24.117,26.695,15.569,5.886,19.465,0.000,1.344,0.000,0.000,0.000,0.000,0.000,0.000
3859,1296.654,25.746,26.684,15.567,5.875,19.465,0.000,1.344,0.000,0.000,0.000,0.000,0.000,0.000
3860,1296.977,27.339,26.674,15.565,5.865,19.465,0.000,1.343,0.000,0.000,0.000,0.000,0.000,0.000
3861,1297.301,15.487,26.663,15.564,5.855,19.465,0.000,1.343,0.000,0.000,0.000,0.000,0.000,0.000
3862,1297.624,28.931,26.653,15.562,5.845,19.465,0.000,1.343,0.000,0.000,0.000,0.000,0.000,0.000
3863,1297.947,7.783,26.643,15.561,5.836,19.466,0.000,1.342,0.000,0.000,0.000,0.000,0.000,0.000
3864,1298.270,19.413,26.634,15.559,5.826,19.466,0.000,1.342,0.000,0.000,0.000,0.000,0.000,0.000
3865,1298.594,20.635,26.624,15.557,5.817,19.466,0.000,1.341,0.000,0.000,0.000,0.000,0.000,0.000
3866,1298.917,24.191,26.615,15.556,5.808,19.466,0.000,1.341,0.000,0.000,0.000,0.000,0.000,0.000
3867,1299.240,14.153,26.606,15.554,5.799,19.467,0.000,1.341,0.000,0.000,0.000,0.000,0.000,0.000
3868,1299.563,23.894,26.598,15.553,5.790,19.467,0.000,1.340,0.000,0.000,0.000,0.000,0.000,0.000
3869,1299.887,22.524,26.589,15.551,5.781,19.468,0.000,1.340,0.000,0.000,0.000,0.000,0.000,0.000
3870,1300.210,20.635,26.581,15.549,5.773,19.468,0.000,1.340,0.000,0.000,0.000,0.000,0.000,0.000
3871,1300.533,20.746,26.573,15.548,5.765,19.469,0.000,1.339,0.000,0.000,0.000,0.000,0.000,0.000
3872,1300.856,13.302,26.565,15.546,5.757,19.469,0.000,1.339,0.000,0.000,0.000,0.000,0.000,0.000
3873,1301.180,26.746,26.557,15.544,5.749,19.470,0.000,1.339,0.000,0.000,0.000,0.000,0.000,0.000
3874,1301.503,18.931,26.550,15.543,5.741,19.471,0.000,1.338,0.000,0.000,0.000,0.000,0.000,0.000
3875,1301.826,25.005,26.542,15.541,5.733,19.471,0.000,1.338,0.000,0.000,0.000,0.000,0.000,0.000
3876,1302.149,18.153,26.535,15.540,5.725,19.472,0.000,1.337,0.000,0.000,0.000,0.000,0.000,0.000
3877,1302.473,23.709,26.527,15.538,5.718,19.472,0.000,1.337,0.000,0.000,0.000,0.000,0.000,0.000
3878,1302.796,20.969,26.520,15.536,5.711,19.473,0.000,1.337,0.000,0.000,0.000,0.000,0.000,0.000
3879,1303.119,16.561,26.513,15.535,5.704,19.473,0.000,1.336,0.000,0.000,0.000,0.000,0.000,0.000
3880,1303.442,28.672,26.506,15.533,5.696,19.474,0.000,1.336,0.000,0.000,0.000,0.000,0.000,0.000
3881,1303.765,38.450,26.499,15.532,5.690,19.474,0.000,1.335,0.000,0.000,0.000,0.000,0.000,0.000
3882,1304.089,19.005,26.492,15.530,5.683,19.474,0.000,1.335,0.000,0.000,0.000,0.000,0.000,0.000
3883,1304.412,25.228,26.485,15.528,5.676,19.475,0.000,1.335,0.000,0.000,0.000,0.000,0.000,0.000
3884,1304.735,10.562,26.479,15.527,5.670,19.475,0.000,1.334,0.000,0.000,0.000,0.000,0.000,0.000
3885,1305.058,17.857,26.472,15.525,5.663,19.475,0.000,1.334,0.000,0.000,0.000,0.000,0.000,0.000
3886,1305.381,24.598,26.466,15.524,5.657,19.476,0.000,1.333,0.000,0.000,0.000,0.000,0.000,0.000
3887,1305.705,13.413,26.460,15.522,5.651,19.476,0.000,1.333,0.000,0.000,0.000,0.000,0.000,0.000
3888,1306.028,17.080,26.453,15.520,5.645,19.476,0.000,1.332,0.000,0.000,0.000,0.000,0.000,0.000
3889,1306.351,30.043,26.447,15.519,5.639,19.477,0.000,1.332,0.000,0.000,0.000,0.000,0.000,0.000
3890,1306.674,23.339,26.441,15.517,5.633,19.477,0.000,1.332,0.000,0.000,0.000,0.000,0.000,0.000
3891,1306.997,20.006,26.435,15.516,5.627,19.477,0.000,1.331,0.000,0.000,0.000,0.000,0.000,0.000
3892,1307.321,19.562,26.430,15.514,5.622,19.477,0.000,1.331,0.000,0.000,0.000,0.000,0.000,0.000
3893,1307.644,24.932,26.424,15.512,5.616,19.478,0.000,1.330,0.000,0.000,0.000,0.000,0.000,0.000
3894,1307.967,23.005,26.418,15.511,5.611,19.478,0.000,1.330,0.000,0.000,0.000,0.000,0.000,0.000
3895,1308.290,33.672,26.413,15.509,5.605,19.478,0.000,1.329,0.000,0.000,0.000,0.000,0.000,0.000
3896,1308.613,25.117,26.407,15.508,5.600,19.478,0.000,1.329,0.000,0.000,0.000,0.000,0.000,0.000
3897,1308.937,21.598,26.402,15.506,5.595,19.478,0.000,1.328,0.000,0.000,0.000,0.000,0.000,0.000
3898,1309.260,21.153,26.397,15.504,5.590,19.479,0.000,1.328,0.000,0.000,0.000,0.000,0.000,0.000
3899,1309.583,20.191,26.392,15.503,5.586,19.479,0.000,1.327,0.000,0.000,0.000,0.000,0.000,0.000
3900,1309.906,34.821,26.387,15.501,5.581,19.479,0.000,1.327,0.000,0.000,0.000,0.000,0.000,0.000
3901,1310.229,28.154,26.382,15.500,5.577,19.479,0.000,1.326,0.000,0.000,0.000,0.000,0.000,0.000
3902,1310.552,28.561,26.378,15.498,5.572,19.479,0.000,1.326,0.000,0.000,0.000,0.000,0.000,0.000
3903,1310.876,30.376,26.373,15.496,5.568,19.480,0.000,1.325,0.000,0.000,0.000,0.000,0.000,0.000
3904,1311.199,40.635,26.369,15.495,5.564,19.480,0.000,1.325,0.000,0.000,0.000,0.000,0.000,0.000
3905,1311.522,27.154,26.365,15.493,5.560,19.480,0.000,1.324,0.000,0.000,0.000,0.000,0.000,0.000
3906,1311.845,20.376,26.361,15.492,5.556,19.481,0.000,1.324,0.000,0.000,0.000,0.000,0.000,0.000
3907,1312.168,18.339,26.357,15.490,5.552,19.481,0.000,1.324,0.000,0.000,0.000,0.000,0.000,0.000
3908,1312.491,27.969,26.353,15.488,5.549,19.481,0.000,1.323,0.000,0.000,0.000,0.000,0.000,0.000
3909,1312.815,13.414,26.349,15.487,5.545,19.482,0.000,1.323,0.000,0.000,0.000,0.000,0.000,0.000
3910,1313.138,29.858,26.346,15.485,5.541,19.482,0.000,1.322,0.000,0.000,0.000,0.000,0.000,0.000
3911,1313.461,32.672,26.342,15.484,5.538,19.483,0.000,1.322,0.000,0.000,0.000,0.000,0.000,0.000
3912,1313.784,17.562,26.339,15.482,5.535,19.483,0.000,1.321,0.000,0.000,0.000,0.000,0.000,0.000
3913,1314.107,29.784,26.336,15.480,5.532,19.484,0.000,1.321,0.000,0.000,0.000,0.000,0.000,0.000
3914,1314.430,18.784,26.333,15.479,5.528,19.484,0.000,1.320,0.000,0.000,0.000,0.000,0.000,0.000
3915,1314.753,22.414,26.330,15.477,5.526,19.485,0.000,1.320,0.000,0.000,0.000,0.000,0.000,0.000
3916,1315.077,35.043,26.328,15.476,5.523,19.486,0.000,1.319,0.000,0.000,0.000,0.000,0.000,0.000
3917,1315.400,28.228,26.325,15.474,5.520,19.486,0.000,1.319,0.000,0.000,0.000,0.000,0.000,0.000
3918,1315.723,28.599,26.323,15.472,5.518,19.487,0.000,1.318,0.000,0.000,0.000,0.000,0.000,0.000
3919,1316.046,30.895,26.321,15.471,5.515,19.488,0.000,1.318,0.000,0.000,0.000,0.000,0.000,0.000
3920,1316.369,22.969,26.319,15.469,5.513,19.489,0.000,1.318,0.000,0.000,0.000,0.000,0.000,0.000
3921,1316.692,30.191,26.318,15.468,5.511,19.490,0.000,1.317,0.000,0.000,0.000,0.000,0.000,0.000
3922,1317.015,26.969,26.316,15.466,5.508,19.491,0.000,1.317,0.000,0.000,0.000,0.000,0.000,0.000
3923,1317.338,21.561,26.314,15.464,5.506,19.492,0.000,1.316,0.000,0.000,0.000,0.000,0.000,0.000
3924,1317.662,19.154,26.313,15.463,5.504,19.493,0.000,1.316,0.000,0.000,0.000,0.000,0.000,0.000
3925,1317.985,31.746,26.311,15.461,5.502,19.493,0.000,1.315,0.000,0.000,0.000,0.000,0.000,0.000
3926,1318.308,21.191,26.310,15.460,5.500,19.494,0.000,1.315,0.000,0.000,0.000,0.000,0.000,0.000
3927,1318.631,26.859,26.308,15.458,5.499,19.495,0.000,1.315,0.000,0.000,0.000,0.000,0.000,0.000
3928,1318.954,42.895,26.307,15.456,5.497,19.496,0.000,1.314,0.000,0.000,0.000,0.000,0.000,0.000
3929,1319.277,16.451,26.305,15.455,5.495,19.496,0.000,1.314,0.000,0.000,0.000,0.000,0.000,0.000
3930,1319.600,40.006,26.304,15.453,5.494,19.497,0.000,1.313,0.000,0.000,0.000,0.000,0.000,0.000
3931,1319.923,26.969,26.303,15.452,5.492,19.498,0.000,1.313,0.000,0.000,0.000,0.000,0.000,0.000
3932,1320.247,30.932,26.301,15.450,5.491,19.499,0.000,1.312,0.000,0.000,0.000,0.000,0.000,0.000
3933,1320.570,6.673,26.300,15.448,5.489,19.499,0.000,1.312,0.000,0.000,0.000,0.000,0.000,0.000
3934,1320.893,36.377,26.299,15.447,5.488,19.500,0.000,1.311,0.000,0.000,0.000,0.000,0.000,0.000
3935,1321.216,14.525,26.298,15.445,5.486,19.500,0.000,1.311,0.000,0.000,0.000,0.000,0.000,0.000
3936,1321.539,20.229,26.297,15.444,5.485,19.501,0.000,1.310,0.000,0.000,0.000,0.000,0.000,0.000
3937,1321.862,26.117,26.295,15.442,5.484,19.502,0.000,1.310,0.000,0.000,0.000,0.000,0.000,0.000
3938,1322.185,19.599,26.294,15.440,5.483,19.502,0.000,1.309,0.000,0.000,0.000,0.000,0.000,0.000
3939,1322.508,33.413,26.293,15.439,5.482,19.503,0.000,1.309,0.000,0.000,0.000,0.000,0.000,0.000
3940,1322.831,22.896,26.292,15.437,5.481,19.503,0.000,1.308,0.000,0.000,0.000,0.000,0.000,0.000
3941,1323.154,31.191,26.292,15.436,5.480,19.504,0.000,1.308,0.000,0.000,0.000,0.000,0.000,0.000
3942,1323.478,26.970,26.291,15.434,5.479,19.504,0.000,1.307,0.000,0.000,0.000,0.000,0.000,0.000
3943,1323.801,27.599,26.290,15.432,5.478,19.505,0.000,1.307,0.000,0.000,0.000,0.000,0.000,0.000
3944,1324.124,26.673,26.289,15.431,5.477,19.505,0.000,1.306,0.000,0.000,0.000,0.000,0.000,0.000
3945,1324.447,24.488,26.288,15.429,5.477,19.506,0.000,1.306,0.000,0.000,0.000,0.000,0.000,0.000
3946,1324.770,28.192,26.288,15.427,5.476,19.506,0.000,1.305,0.000,0.000,0.000,0.000,0.000,0.000
3947,1325.093,15.673,26.287,15.426,5.475,19.507,0.000,1.305,0.000,0.000,0.000,0.000,0.000,0.000
3948,1325.416,26.636,26.286,15.424,5.475,19.507,0.000,1.304,0.000,0.000,0.000,0.000,0.000,0.000
3949,1325.739,22.007,26.286,15.423,5.474,19.508,0.000,1.304,0.000,0.000,0.000,0.000,0.000,0.000
3950,1326.062,21.525,26.285,15.421,5.474,19.508,0.000,1.303,0.000,0.000,0.000,0.000,0.000,0.000
3951,1326.385,29.006,26.285,15.419,5.473,19.509,0.000,1.303,0.000,0.000,0.000,0.000,0.000,0.000
3952,1326.708,26.859,26.284,15.418,5.473,19.509,0.000,1.302,0.000,0.000,0.000,0.000,0.000,0.000
3953,1327.031,15.637,26.284,15.416,5.473,19.510,0.000,1.302,0.000,0.000,0.000,0.000,0.000,0.000
3954,1327.354,21.859,26.284,15.415,5.473,19.510,0.000,1.301,0.000,0.000,0.000,0.000,0.000,0.000
3955,1327.678,25.303,26.284,15.413,5.472,19.511,0.000,1.301,0.000,0.000,0.000,0.000,0.000,0.000
3956,1328.001,38.377,26.284,15.411,5.472,19.511,0.000,1.300,0.000,0.000,0.000,0.000,0.000,0.000
3957,1328.324,25.711,26.284,15.410,5.472,19.512,0.000,1.300,0.000,0.000,0.000,0.000,0.000,0.000
3958,1328.647,24.525,26.284,15.408,5.472,19.513,0.000,1.299,0.000,0.000,0.000,0.000,0.000,0.000
3959,1328.970,13.340,26.284,15.407,5.472,19.513,0.000,1.299,0.000,0.000,0.000,0.000,0.000,0.000
3960,1329.293,18.859,26.284,15.405,5.472,19.514,0.000,1.298,0.000,0.000,0.000,0.000,0.000,0.000
3961,1329.616,21.340,26.285,15.403,5.473,19.514,0.000,1.298,0.000,0.000,0.000,0.000,0.000,0.000
3962,1329.939,27.044,26.285,15.402,5.473,19.515,0.000,1.297,0.000,0.000,0.000,0.000,0.000,0.000
3963,1330.262,33.970,26.286,15.400,5.473,19.516,0.000,1.297,0.000,0.000,0.000,0.000,0.000,0.000
3964,1330.585,31.377,26.287,15.399,5.474,19.517,0.000,1.296,0.000,0.000,0.000,0.000,0.000,0.000
3965,1330.908,19.340,26.288,15.397,5.474,19.518,0.000,1.296,0.000,0.000,0.000,0.000,0.000,0.000
3966,1331.231,26.118,26.289,15.395,5.475,19.519,0.000,1.295,0.000,0.000,0.000,0.000,0.000,0.000
3967,1331.554,23.082,26.290,15.394,5.475,19.520,0.000,1.295,0.000,0.000,0.000,0.000,0.000,0.000
3968,1331.877,25.822,26.291,15.392,5.476,19.521,0.000,1.294,0.000,0.000,0.000,0.000,0.000,0.000
3969,1332.200,23.266,26.292,15.391,5.477,19.521,0.000,1.294,0.000,0.000,0.000,0.000,0.000,0.000
3970,1332.523,28.303,26.293,15.389,5.477,19.522,0.000,1.294,0.000,0.000,0.000,0.000,0.000,0.000
3971,1332.847,32.933,26.295,15.387,5.478,19.523,0.000,1.293,0.000,0.000,0.000,0.000,0.000,0.000
3972,1333.170,22.155,26.296,15.386,5.479,19.524,0.000,1.293,0.000,0.000,0.000,0.000,0.000,0.000
3973,1333.493,26.415,26.297,15.384,5.480,19.525,0.000,1.292,0.000,0.000,0.000,0.000,0.000,0.000
3974,1333.816,5.823,26.298,15.383,5.481,19.525,0.000,1.292,0.000,0.000,0.000,0.000,0.000,0.000
3975,1334.139,22.340,26.299,15.381,5.482,19.526,0.000,1.291,0.000,0.000,0.000,0.000,0.000,0.000
3976,1334.462,23.563,26.300,15.379,5.483,19.527,0.000,1.291,0.000,0.000,0.000,0.000,0.000,0.000
3977,1334.785,33.267,26.301,15.378,5.484,19.527,0.000,1.290,0.000,0.000,0.000,0.000,0.000,0.000
3978,1335.108,21.304,26.303,15.376,5.485,19.528,0.000,1.290,0.000,0.000,0.000,0.000,0.000,0.000
3979,1335.431,44.230,26.304,15.375,5.486,19.528,0.000,1.289,0.000,0.000,0.000,0.000,0.000,0.000
3980,1335.754,32.045,26.305,15.373,5.487,19.529,0.000,1.289,0.000,0.000,0.000,0.000,0.000,0.000
3981,1336.077,19.006,26.306,15.371,5.488,19.529,0.000,1.288,0.000,0.000,0.000,0.000,0.000,0.000
3982,1336.400,37.377,26.307,15.370,5.490,19.530,0.000,1.288,0.000,0.000,0.000,0.000,0.000,0.000
3983,1336.723,23.192,26.308,15.368,5.491,19.530,0.000,1.287,0.000,0.000,0.000,0.000,0.000,0.000
3984,1337.046,18.600,26.310,15.367,5.492,19.531,0.000,1.287,0.000,0.000,0.000,0.000,0.000,0.000
3985,1337.369,24.563,26.311,15.365,5.494,19.531,0.000,1.286,0.000,0.000,0.000,0.000,0.000,0.000
3986,1337.692,22.563,26.312,15.363,5.495,19.532,0.000,1.286,0.000,0.000,0.000,0.000,0.000,0.000
3987,1338.015,15.489,26.313,15.362,5.497,19.532,0.000,1.285,0.000,0.000,0.000,0.000,0.000,0.000
3988,1338.338,12.600,26.315,15.360,5.498,19.532,0.000,1.284,0.000,0.000,0.000,0.000,0.000,0.000
3989,1338.661,11.452,26.316,15.359,5.500,19.532,0.000,1.284,0.000,0.000,0.000,0.000,0.000,0.000
3990,1338.984,22.415,26.317,15.357,5.501,19.533,0.000,1.283,0.000,0.000,0.000,0.000,0.000,0.000
3991,1339.307,21.378,26.318,15.355,5.503,19.533,0.000,1.283,0.000,0.000,0.000,0.000,0.000,0.000
3992,1339.630,22.674,26.320,15.354,5.505,19.533,0.000,1.282,0.000,0.000,0.000,0.000,0.000,0.000
3993,1339.953,14.749,26.321,15.352,5.506,19.533,0.000,1.282,0.000,0.000,0.000,0.000,0.000,0.000
3994,1340.276,28.415,26.323,15.351,5.508,19.533,0.000,1.281,0.000,0.000,0.000,0.000,0.000,0.000
3995,1340.599,18.786,26.324,15.349,5.510,19.533,0.000,1.281,0.000,0.000,0.000,0.000,0.000,0.000
3996,1340.922,27.823,26.325,15.347,5.512,19.533,0.000,1.280,0.000,0.000,0.000,0.000,0.000,0.000
3997,1341.246,24.749,26.327,15.346,5.514,19.533,0.000,1.280,0.000,0.000,0.000,0.000,0.000,0.000
3998,1341.569,8.082,26.329,15.344,5.516,19.533,0.000,1.279,0.000,0.000,0.000,0.000,0.000,0.000
3999,1341.892,28.415,26.330,15.343,5.518,19.533,0.000,1.278,0.000,0.000,0.000,0.000,0.000,0.000
4000,1342.215,30.340,26.332,15.341,5.521,19.533,0.000,1.278,0.000,0.000,0.000,0.000,0.000,0.000
4001,1342.538,22.637,26.334,15.339,5.523,19.533,0.000,1.277,0.000,0.000,0.000,0.000,0.000,0.000
4002,1342.861,12.749,26.335,15.338,5.525,19.533,0.000,1.277,0.000,0.000,0.000,0.000,0.000,0.000
4003,1343.184,23.934,26.337,15.336,5.528,19.533,0.000,1.276,0.000,0.000,0.000,0.000,0.000,0.000
4004,1343.507,17.823,26.339,15.335,5.530,19.533,0.000,1.275,0.000,0.000,0.000,0.000,0.000,0.000
4005,1343.830,28.526,26.341,15.333,5.533,19.533,0.000,1.275,0.000,0.000,0.000,0.000,0.000,0.000
4006,1344.153,31.082,26.343,15.331,5.536,19.534,0.000,1.274,0.000,0.000,0.000,0.000,0.000,0.000
4007,1344.476,17.083,26.346,15.330,5.538,19.534,0.000,1.274,0.000,0.000,0.000,0.000,0.000,0.000
4008,1344.799,15.304,26.348,15.328,5.541,19.534,0.000,1.273,0.000,0.000,0.000,0.000,0.000,0.000
4009,1345.122,30.749,26.350,15.327,5.544,19.534,0.000,1.272,0.000,0.000,0.000,0.000,0.000,0.000
4010,1345.445,29.638,26.353,15.325,5.547,19.534,0.000,1.272,0.000,0.000,0.000,0.000,0.000,0.000
4011,1345.768,14.193,26.355,15.323,5.550,19.534,0.000,1.271,0.000,0.000,0.000,0.000,0.000,0.000
4012,1346.091,9.453,26.358,15.322,5.554,19.534,0.000,1.271,0.000,0.000,0.000,0.000,0.000,0.000
4013,1346.414,25.897,26.361,15.320,5.557,19.534,0.000,1.270,0.000,0.000,0.000,0.000,0.000,0.000
4014,1346.737,27.490,26.364,15.319,5.561,19.534,0.000,1.269,0.000,0.000,0.000,0.000,0.000,0.000
4015,1347.060,32.786,26.367,15.317,5.564,19.535,0.000,1.269,0.000,0.000,0.000,0.000,0.000,0.000
4016,1347.383,20.379,26.371,15.315,5.568,19.535,0.000,1.268,0.000,0.000,0.000,0.000,0.000,0.000
4017,1347.706,16.675,26.374,15.314,5.571,19.535,0.000,1.268,0.000,0.000,0.000,0.000,0.000,0.000
4018,1348.029,29.860,26.377,15.312,5.575,19.535,0.000,1.267,0.000,0.000,0.000,0.000,0.000,0.000
4019,1348.352,30.121,26.380,15.310,5.578,19.536,0.000,1.266,0.000,0.000,0.000,0.000,0.000,0.000
4020,1348.675,27.971,26.383,15.309,5.582,19.536,0.000,1.266,0.000,0.000,0.000,0.000,0.000,0.000
4021,1348.998,14.231,26.386,15.307,5.585,19.536,0.000,1.265,0.000,0.000,0.000,0.000,0.000,0.000
4022,1349.321,15.454,26.389,15.306,5.589,19.536,0.000,1.265,0.000,0.000,0.000,0.000,0.000,0.000
4023,1349.644,27.602,26.392,15.304,5.592,19.536,0.000,1.264,0.000,0.000,0.000,0.000,0.000,0.000
4024,1349.967,20.861,26.395,15.302,5.596,19.536,0.000,1.263,0.000,0.000,0.000,0.000,0.000,0.000
4025,1350.290,20.527,26.397,15.301,5.599,19.535,0.000,1.263,0.000,0.000,0.000,0.000,0.000,0.000
4026,1350.613,25.934,26.400,15.299,5.603,19.535,0.000,1.262,0.000,0.000,0.000,0.000,0.000,0.000
4027,1350.936,7.046,26.402,15.298,5.606,19.535,0.000,1.261,0.000,0.000,0.000,0.000,0.000,0.000
4028,1351.259,36.046,26.405,15.296,5.609,19.535,0.000,1.260,0.000,0.000,0.000,0.000,0.000,0.000
4029,1351.582,14.676,26.407,15.294,5.613,19.534,0.000,1.260,0.000,0.000,0.000,0.000,0.000,0.000
4030,1351.905,20.269,26.409,15.293,5.616,19.534,0.000,1.259,0.000,0.000,0.000,0.000,0.000,0.000
4031,1352.228,18.824,26.411,15.291,5.619,19.534,0.000,1.258,0.000,0.000,0.000,0.000,0.000,0.000
4032,1352.551,38.861,26.413,15.290,5.623,19.533,0.000,1.258,0.000,0.000,0.000,0.000,0.000,0.000
4033,1352.874,34.602,26.415,15.288,5.626,19.533,0.000,1.257,0.000,0.000,0.000,0.000,0.000,0.000
4034,1353.197,24.379,26.417,15.286,5.629,19.532,0.000,1.256,0.000,0.000,0.000,0.000,0.000,0.000
4035,1353.520,19.491,26.419,15.285,5.632,19.532,0.000,1.255,0.000,0.000,0.000,0.000,0.000,0.000
4036,1353.843,33.565,26.421,15.283,5.635,19.531,0.000,1.255,0.000,0.000,0.000,0.000,0.000,0.000
4037,1354.166,26.342,26.423,15.282,5.638,19.531,0.000,1.254,0.000,0.000,0.000,0.000,0.000,0.000
4038,1354.489,11.343,26.424,15.280,5.641,19.530,0.000,1.253,0.000,0.000,0.000,0.000,0.000,0.000
4039,1354.812,22.380,26.426,15.278,5.644,19.529,0.000,1.252,0.000,0.000,0.000,0.000,0.000,0.000
4040,1355.135,11.750,26.427,15.277,5.647,19.529,0.000,1.251,0.000,0.000,0.000,0.000,0.000,0.000
4041,1355.458,24.713,26.428,15.275,5.650,19.528,0.000,1.250,0.000,0.000,0.000,0.000,0.000,0.000
4042,1355.781,12.453,26.430,15.274,5.653,19.527,0.000,1.250,0.000,0.000,0.000,0.000,0.000,0.000
4043,1356.104,41.010,26.431,15.272,5.656,19.526,0.000,1.249,0.000,0.000,0.000,0.000,0.000,0.000
4044,1356.427,13.825,26.432,15.270,5.659,19.525,0.000,1.248,0.000,0.000,0.000,0.000,0.000,0.000
4045,1356.750,20.602,26.433,15.269,5.661,19.525,0.000,1.247,0.000,0.000,0.000,0.000,0.000,0.000
4046,1357.073,33.342,26.434,15.267,5.664,19.524,0.000,1.246,0.000,0.000,0.000,0.000,0.000,0.000
4047,1357.396,19.789,26.435,15.266,5.667,19.523,0.000,1.245,0.000,0.000,0.000,0.000,0.000,0.000
4048,1357.719,28.380,26.435,15.264,5.669,19.522,0.000,1.244,0.000,0.000,0.000,0.000,0.000,0.000
4049,1358.042,16.750,26.436,15.262,5.672,19.521,0.000,1.243,0.000,0.000,0.000,0.000,0.000,0.000
4050,1358.365,10.380,26.437,15.261,5.674,19.520,0.000,1.243,0.000,0.000,0.000,0.000,0.000,0.000
4051,1358.688,24.713,26.437,15.259,5.676,19.519,0.000,1.242,0.000,0.000,0.000,0.000,0.000,0.000
4052,1359.011,19.898,26.438,15.258,5.679,19.518,0.000,1.241,0.000,0.000,0.000,0.000,0.000,0.000
4053,1359.334,23.232,26.438,15.256,5.681,19.517,0.000,1.240,0.000,0.000,0.000,0.000,0.000,0.000
4054,1359.657,23.084,26.439,15.254,5.683,19.517,0.000,1.239,0.000,0.000,0.000,0.000,0.000,0.000
4055,1359.980,27.714,26.439,15.253,5.685,19.516,0.000,1.238,0.000,0.000,0.000,0.000,0.000,0.000
4056,1360.303,27.085,26.439,15.251,5.688,19.515,0.000,1.237,0.000,0.000,0.000,0.000,0.000,0.000
4057,1360.626,37.084,26.439,15.250,5.690,19.514,0.000,1.236,0.000,0.000,0.000,0.000,0.000,0.000
4058,1360.949,18.232,26.440,15.248,5.692,19.513,0.000,1.235,0.000,0.000,0.000,0.000,0.000,0.000
4059,1361.272,14.863,26.440,15.246,5.694,19.512,0.000,1.234,0.000,0.000,0.000,0.000,0.000,0.000
4060,1361.595,17.604,26.440,15.245,5.695,19.511,0.000,1.233,0.000,0.000,0.000,0.000,0.000,0.000
4061,1361.918,18.752,26.440,15.243,5.697,19.511,0.000,1.232,0.000,0.000,0.000,0.000,0.000,0.000
4062,1362.241,17.936,26.440,15.242,5.699,19.510,0.000,1.231,0.000,0.000,0.000,0.000,0.000,0.000
4063,1362.564,19.899,26.440,15.240,5.701,19.509,0.000,1.230,0.000,0.000,0.000,0.000,0.000,0.000
4064,1362.887,24.603,26.440,15.238,5.702,19.508,0.000,1.229,0.000,0.000,0.000,0.000,0.000,0.000
4065,1363.210,24.788,26.440,15.237,5.704,19.508,0.000,1.228,0.000,0.000,0.000,0.000,0.000,0.000
4066,1363.533,10.974,26.439,15.235,5.705,19.507,0.000,1.227,0.000,0.000,0.000,0.000,0.000,0.000
4067,1363.856,33.974,26.439,15.234,5.707,19.507,0.000,1.226,0.000,0.000,0.000,0.000,0.000,0.000
4068,1364.179,18.566,26.439,15.232,5.708,19.506,0.000,1.225,0.000,0.000,0.000,0.000,0.000,0.000
4069,1364.502,8.789,26.438,15.230,5.709,19.505,0.000,1.223,0.000,0.000,0.000,0.000,0.000,0.000
4070,1364.825,18.121,26.437,15.229,5.710,19.505,0.000,1.222,0.000,0.000,0.000,0.000,0.000,0.000
4071,1365.148,28.864,26.436,15.227,5.711,19.504,0.000,1.221,0.000,0.000,0.000,0.000,0.000,0.000
4072,1365.471,33.492,26.435,15.226,5.712,19.503,0.000,1.220,0.000,0.000,0.000,0.000,0.000,0.000
4073,1365.794,40.861,26.434,15.224,5.713,19.502,0.000,1.219,0.000,0.000,0.000,0.000,0.000,0.000
4074,1366.118,32.344,26.432,15.222,5.713,19.501,0.000,1.218,0.000,0.000,0.000,0.000,0.000,0.000
4075,1366.441,7.603,26.431,15.221,5.714,19.500,0.000,1.216,0.000,0.000,0.000,0.000,0.000,0.000
4076,1366.764,24.345,26.429,15.219,5.714,19.499,0.000,1.215,0.000,0.000,0.000,0.000,0.000,0.000
4077,1367.087,31.418,26.427,15.218,5.715,19.498,0.000,1.214,0.000,0.000,0.000,0.000,0.000,0.000
4078,1367.410,12.048,26.425,15.216,5.715,19.497,0.000,1.213,0.000,0.000,0.000,0.000,0.000,0.000
4079,1367.733,16.271,26.423,15.214,5.715,19.496,0.000,1.211,0.000,0.000,0.000,0.000,0.000,0.000
4080,1368.056,30.456,26.420,15.213,5.715,19.495,0.000,1.210,0.000,0.000,0.000,0.000,0.000,0.000
4081,1368.379,28.530,26.418,15.211,5.715,19.494,0.000,1.209,0.000,0.000,0.000,0.000,0.000,0.000
4082,1368.702,19.826,26.415,15.210,5.715,19.493,0.000,1.208,0.000,0.000,0.000,0.000,0.000,0.000
4083,1369.025,25.826,26.412,15.208,5.714,19.492,0.000,1.206,0.000,0.000,0.000,0.000,0.000,0.000
4084,1369.348,27.381,26.409,15.206,5.714,19.490,0.000,1.205,0.000,0.000,0.000,0.000,0.000,0.000
4085,1369.671,29.307,26.406,15.205,5.713,19.489,0.000,1.204,0.000,0.000,0.000,0.000,0.000,0.000
4086,1369.994,18.308,26.403,15.203,5.713,19.488,0.000,1.202,0.000,0.000,0.000,0.000,0.000,0.000
4087,1370.317,15.011,26.399,15.202,5.712,19.487,0.000,1.201,0.000,0.000,0.000,0.000,0.000,0.000
4088,1370.640,20.344,26.396,15.200,5.711,19.485,0.000,1.199,0.000,0.000,0.000,0.000,0.000,0.000
4089,1370.963,20.234,26.392,15.198,5.710,19.484,0.000,1.198,0.000,0.000,0.000,0.000,0.000,0.000
4090,1371.286,19.234,26.388,15.197,5.709,19.483,0.000,1.197,0.000,0.000,0.000,0.000,0.000,0.000
4091,1371.609,19.899,26.384,15.195,5.708,19.481,0.000,1.195,0.000,0.000,0.000,0.000,0.000,0.000
4092,1371.932,16.197,26.380,15.193,5.706,19.480,0.000,1.194,0.000,0.000,0.000,0.000,0.000,0.000
4093,1372.255,17.011,26.375,15.192,5.705,19.478,0.000,1.192,0.000,0.000,0.000,0.000,0.000,0.000
4094,1372.578,28.233,26.371,15.190,5.703,19.477,0.000,1.191,0.000,0.000,0.000,0.000,0.000,0.000
4095,1372.901,20.233,26.366,15.189,5.701,19.476,0.000,1.189,0.000,0.000,0.000,0.000,0.000,0.000
4096,1373.224,15.307,26.361,15.187,5.700,19.474,0.000,1.188,0.000,0.000,0.000,0.000,0.000,0.000
4097,1373.547,17.678,26.356,15.185,5.698,19.473,0.000,1.186,0.000,0.000,0.000,0.000,0.000,0.000
4098,1373.870,24.567,26.351,15.184,5.695,19.471,0.000,1.185,0.000,0.000,0.000,0.000,0.000,0.000
4099,1374.193,22.901,26.346,15.182,5.693,19.470,0.000,1.183,0.000,0.000,0.000,0.000,0.000,0.000
4100,1374.516,11.604,26.341,15.181,5.691,19.469,0.000,1.181,0.000,0.000,0.000,0.000,0.000,0.000
4101,1374.839,36.640,26.336,15.179,5.689,19.467,0.000,1.180,0.000,0.000,0.000,0.000,0.000,0.000
4102,1375.162,31.641,26.330,15.177,5.686,19.466,0.000,1.178,0.000,0.000,0.000,0.000,0.000,0.000
4103,1375.485,30.085,26.325,15.176,5.683,19.465,0.000,1.177,0.000,0.000,0.000,0.000,0.000,0.000
4104,1375.808,26.234,26.319,15.174,5.681,19.463,0.000,1.175,0.000,0.000,0.000,0.000,0.000,0.000
4105,1376.131,19.197,26.313,15.173,5.678,19.462,0.000,1.173,0.000,0.000,0.000,0.000,0.000,0.000
4106,1376.454,0.000,26.307,15.171,5.675,19.461,0.000,1.172,0.000,0.000,0.000,0.000,0.000,0.000
4107,1376.777,38.900,26.301,15.169,5.672,19.459,0.000,1.170,0.000,0.000,0.000,0.000,0.000,0.000
4108,1377.100,19.159,26.295,15.168,5.669,19.458,0.000,1.168,0.000,0.000,0.000,0.000,0.000,0.000
4109,1377.424,32.345,26.289,15.166,5.665,19.457,0.000,1.167,0.000,0.000,0.000,0.000,0.000,0.000
4110,1377.747,13.086,26.283,15.165,5.662,19.456,0.000,1.165,0.000,0.000,0.000,0.000,0.000,0.000
4111,1378.070,28.864,26.277,15.163,5.659,19.455,0.000,1.163,0.000,0.000,0.000,0.000,0.000,0.000
4112,1378.393,20.863,26.271,15.161,5.655,19.454,0.000,1.162,0.000,0.000,0.000,0.000,0.000,0.000
4113,1378.716,19.900,26.264,15.160,5.651,19.453,0.000,1.160,0.000,0.000,0.000,0.000,0.000,0.000
4114,1379.039,22.271,26.258,15.158,5.647,19.452,0.000,1.158,0.000,0.000,0.000,0.000,0.000,0.000
4115,1379.362,15.382,26.251,15.157,5.644,19.451,0.000,1.156,0.000,0.000,0.000,0.000,0.000,0.000
4116,1379.685,12.752,26.245,15.155,5.640,19.450,0.000,1.155,0.000,0.000,0.000,0.000,0.000,0.000
4117,1380.008,21.270,26.238,15.153,5.635,19.450,0.000,1.153,0.000,0.000,0.000,0.000,0.000,0.000
4118,1380.331,30.530,26.231,15.152,5.631,19.449,0.000,1.151,0.000,0.000,0.000,0.000,0.000,0.000
4119,1380.654,7.197,26.224,15.150,5.627,19.448,0.000,1.149,0.000,0.000,0.000,0.000,0.000,0.000
4120,1380.977,30.493,26.217,15.149,5.622,19.447,0.000,1.147,0.000,0.000,0.000,0.000,0.000,0.000
4121,1381.300,33.419,26.209,15.147,5.618,19.446,0.000,1.146,0.000,0.000,0.000,0.000,0.000,0.000
4122,1381.623,20.827,26.202,15.145,5.613,19.445,0.000,1.144,0.000,0.000,0.000,0.000,0.000,0.000
4123,1381.946,15.640,26.182,15.132,5.607,19.434,0.000,1.142,0.000,0.000,0.000,0.000,0.000,0.000
4124,1382.269,20.604,26.162,15.118,5.601,19.422,0.000,1.139,0.000,0.000,0.000,0.000,0.000,0.000
4125,1382.592,20.382,26.142,15.104,5.594,19.411,0.000,1.137,0.000,0.000,0.000,0.000,0.000,0.000
4126,1382.915,28.160,26.122,15.090,5.588,19.399,0.000,1.135,0.000,0.000,0.000,0.000,0.000,0.000
4127,1383.239,13.493,26.101,15.076,5.581,19.387,0.000,1.133,0.000,0.000,0.000,0.000,0.000,0.000
4128,1383.562,19.234,26.081,15.062,5.575,19.376,0.000,1.130,0.000,0.000,0.000,0.000,0.000,0.000
4129,1383.885,8.123,26.060,15.049,5.568,19.364,0.000,1.128,0.000,0.000,0.000,0.000,0.000,0.000
4130,1384.208,30.012,26.039,15.035,5.561,19.353,0.000,1.126,0.000,0.000,0.000,0.000,0.000,0.000
4131,1384.531,30.085,26.019,15.021,5.554,19.341,0.000,1.123,0.000,0.000,0.000,0.000,0.000,0.000
4132,1384.854,33.419,25.998,15.007,5.547,19.329,0.000,1.121,0.000,0.000,0.000,0.000,0.000,0.000
4133,1385.177,29.790,25.977,14.993,5.540,19.318,0.000,1.119,0.000,0.000,0.000,0.000,0.000,0.000
4134,1385.500,49.233,25.955,14.979,5.533,19.306,0.000,1.117,0.000,0.000,0.000,0.000,0.000,0.000
4135,1385.823,35.381,25.934,14.965,5.526,19.295,0.000,1.114,0.000,0.000,0.000,0.000,0.000,0.000
4136,1386.146,18.901,25.913,14.952,5.518,19.283,0.000,1.112,0.000,0.000,0.000,0.000,0.000,0.000
4137,1386.469,20.493,25.892,14.938,5.511,19.271,0.000,1.109,0.000,0.000,0.000,0.000,0.000,0.000
4138,1386.792,26.345,25.870,14.924,5.503,19.260,0.000,1.107,0.000,0.000,0.000,0.000,0.000,0.000
4139,1387.115,25.679,25.849,14.910,5.496,19.248,0.000,1.105,0.000,0.000,0.000,0.000,0.000,0.000
4140,1387.439,28.679,25.827,14.896,5.488,19.236,0.000,1.102,0.000,0.000,0.000,0.000,0.000,0.000
4141,1387.762,28.381,25.805,14.882,5.481,19.225,0.000,1.100,0.000,0.000,0.000,0.000,0.000,0.000
4142,1388.085,28.456,25.784,14.869,5.473,19.213,0.000,1.097,0.000,0.000,0.000,0.000,0.000,0.000
4143,1388.408,44.641,25.762,14.855,5.465,19.201,0.000,1.095,0.000,0.000,0.000,0.000,0.000,0.000
4144,1388.731,20.271,25.740,14.841,5.457,19.190,0.000,1.093,0.000,0.000,0.000,0.000,0.000,0.000
4145,1389.054,14.420,25.718,14.827,5.450,19.178,0.000,1.090,0.000,0.000,0.000,0.000,0.000,0.000
4146,1389.377,20.012,25.696,14.813,5.442,19.167,0.000,1.088,0.000,0.000,0.000,0.000,0.000,0.000
4147,1389.700,22.197,25.674,14.799,5.434,19.155,0.000,1.085,0.000,0.000,0.000,0.000,0.000,0.000
4148,1390.023,20.234,25.652,14.785,5.426,19.144,0.000,1.083,0.000,0.000,0.000,0.000,0.000,0.000
4149,1390.346,16.457,25.631,14.772,5.418,19.132,0.000,1.080,0.000,0.000,0.000,0.000,0.000,0.000
4150,1390.669,29.085,25.609,14.758,5.410,19.121,0.000,1.078,0.000,0.000,0.000,0.000,0.000,0.000
4151,1390.993,28.493,25.587,14.744,5.402,19.109,0.000,1.075,0.000,0.000,0.000,0.000,0.000,0.000
4152,1391.316,34.197,25.565,14.730,5.394,19.098,0.000,1.073,0.000,0.000,0.000,0.000,0.000,0.000
4153,1391.639,39.492,25.543,14.716,5.386,19.087,0.000,1.070,0.000,0.000,0.000,0.000,0.000,0.000
4154,1391.962,30.123,25.521,14.702,5.378,19.075,0.000,1.068,0.000,0.000,0.000,0.000,0.000,0.000
4155,1392.285,41.640,25.500,14.689,5.370,19.064,0.000,1.065,0.000,0.000,0.000,0.000,0.000,0.000
4156,1392.608,23.197,25.478,14.675,5.362,19.053,0.000,1.063,0.000,0.000,0.000,0.000,0.000,0.000
4157,1392.931,23.974,25.456,14.661,5.354,19.042,0.000,1.060,0.000,0.000,0.000,0.000,0.000,0.000
4158,1393.254,21.345,25.435,14.647,5.346,19.030,0.000,1.058,0.000,0.000,0.000,0.000,0.000,0.000
4159,1393.577,13.122,25.413,14.633,5.338,19.019,0.000,1.055,0.000,0.000,0.000,0.000,0.000,0.000
4160,1393.901,27.382,25.392,14.619,5.330,19.008,0.000,1.053,0.000,0.000,0.000,0.000,0.000,0.000
4161,1394.224,32.085,25.370,14.606,5.322,18.997,0.000,1.050,0.000,0.000,0.000,0.000,0.000,0.000
4162,1394.547,32.826,25.349,14.592,5.314,18.986,0.000,1.048,0.000,0.000,0.000,0.000,0.000,0.000
4163,1394.870,35.641,25.328,14.578,5.307,18.976,0.000,1.045,0.000,0.000,0.000,0.000,0.000,0.000
4164,1395.193,29.863,25.306,14.564,5.299,18.965,0.000,1.043,0.000,0.000,0.000,0.000,0.000,0.000
4165,1395.516,23.603,25.285,14.550,5.291,18.954,0.000,1.040,0.000,0.000,0.000,0.000,0.000,0.000
4166,1395.839,25.863,25.264,14.536,5.283,18.943,0.000,1.038,0.000,0.000,0.000,0.000,0.000,0.000
4167,1396.162,28.196,25.243,14.522,5.275,18.932,0.000,1.035,0.000,0.000,0.000,0.000,0.000,0.000
4168,1396.486,27.492,25.222,14.509,5.268,18.921,0.000,1.033,0.000,0.000,0.000,0.000,0.000,0.000
4169,1396.809,33.899,25.201,14.495,5.260,18.910,0.000,1.030,0.000,0.000,0.000,0.000,0.000,0.000
4170,1397.132,18.974,25.180,14.481,5.252,18.900,0.000,1.028,0.000,0.000,0.000,0.000,0.000,0.000
4171,1397.455,31.010,25.159,14.467,5.245,18.889,0.000,1.025,0.000,0.000,0.000,0.000,0.000,0.000
4172,1397.778,21.530,25.138,14.453,5.237,18.878,0.000,1.023,0.000,0.000,0.000,0.000,0.000,0.000
4173,1398.101,32.084,25.117,14.439,5.230,18.867,0.000,1.020,0.000,0.000,0.000,0.000,0.000,0.000
4174,1398.425,27.196,25.096,14.426,5.222,18.856,0.000,1.018,0.000,0.000,0.000,0.000,0.000,0.000
4175,1398.748,28.344,25.075,14.412,5.215,18.845,0.000,1.015,0.000,0.000,0.000,0.000,0.000,0.000
4176,1399.071,18.048,25.054,14.398,5.208,18.834,0.000,1.013,0.000,0.000,0.000,0.000,0.000,0.000
4177,1399.394,30.417,25.034,14.384,5.201,18.823,0.000,1.010,0.000,0.000,0.000,0.000,0.000,0.000
4178,1399.717,24.492,25.013,14.370,5.194,18.812,0.000,1.008,0.000,0.000,0.000,0.000,0.000,0.000
4179,1400.040,27.937,24.992,14.356,5.187,18.801,0.000,1.005,0.000,0.000,0.000,0.000,0.000,0.000
4180,1400.363,18.306,24.972,14.343,5.180,18.790,0.000,1.002,0.000,0.000,0.000,0.000,0.000,0.000
4181,1400.687,30.639,24.952,14.329,5.173,18.779,0.000,1.000,0.000,0.000,0.000,0.000,0.000,0.000
4182,1401.010,5.381,24.931,14.315,5.166,18.768,0.000,0.997,0.000,0.000,0.000,0.000,0.000,0.000
4183,1401.333,18.566,24.911,14.301,5.160,18.757,0.000,0.995,0.000,0.000,0.000,0.000,0.000,0.000
4184,1401.656,27.083,24.891,14.287,5.153,18.746,0.000,0.992,0.000,0.000,0.000,0.000,0.000,0.000
4185,1401.979,40.418,24.872,14.273,5.147,18.735,0.000,0.990,0.000,0.000,0.000,0.000,0.000,0.000
4186,1402.303,26.565,24.852,14.259,5.141,18.724,0.000,0.987,0.000,0.000,0.000,0.000,0.000,0.000
4187,1402.626,39.380,24.832,14.246,5.135,18.712,0.000,0.985,0.000,0.000,0.000,0.000,0.000,0.000
4188,1402.949,41.380,24.813,14.232,5.129,18.701,0.000,0.982,0.000,0.000,0.000,0.000,0.000,0.000
4189,1403.272,39.083,24.794,14.218,5.123,18.690,0.000,0.980,0.000,0.000,0.000,0.000,0.000,0.000
4190,1403.595,25.899,24.774,14.204,5.118,18.679,0.000,0.977,0.000,0.000,0.000,0.000,0.000,0.000
4191,1403.918,16.640,24.755,14.190,5.112,18.668,0.000,0.975,0.000,0.000,0.000,0.000,0.000,0.000
4192,1404.242,27.157,24.737,14.176,5.107,18.657,0.000,0.972,0.000,0.000,0.000,0.000,0.000,0.000
4193,1404.565,38.602,24.718,14.163,5.102,18.647,0.000,0.970,0.000,0.000,0.000,0.000,0.000,0.000
4194,1404.888,10.417,24.700,14.149,5.097,18.636,0.000,0.967,0.000,0.000,0.000,0.000,0.000,0.000
4195,1405.211,32.638,24.682,14.135,5.092,18.625,0.000,0.965,0.000,0.000,0.000,0.000,0.000,0.000
4196,1405.534,35.120,24.664,14.121,5.087,18.614,0.000,0.962,0.000,0.000,0.000,0.000,0.000,0.000
4197,1405.858,29.231,24.646,14.107,5.083,18.603,0.000,0.960,0.000,0.000,0.000,0.000,0.000,0.000
4198,1406.181,31.269,24.628,14.093,5.079,18.592,0.000,0.958,0.000,0.000,0.000,0.000,0.000,0.000
4199,1406.504,19.231,24.611,14.080,5.075,18.581,0.000,0.955,0.000,0.000,0.000,0.000,0.000,0.000
4200,1406.827,19.712,24.594,14.066,5.071,18.571,0.000,0.953,0.000,0.000,0.000,0.000,0.000,0.000
4201,1407.150,20.194,24.577,14.052,5.067,18.560,0.000,0.950,0.000,0.000,0.000,0.000,0.000,0.000
4202,1407.474,24.934,24.561,14.038,5.063,18.550,0.000,0.948,0.000,0.000,0.000,0.000,0.000,0.000
4203,1407.797,39.527,24.545,14.024,5.060,18.539,0.000,0.946,0.000,0.000,0.000,0.000,0.000,0.000
4204,1408.120,30.305,24.529,14.010,5.057,18.529,0.000,0.943,0.000,0.000,0.000,0.000,0.000,0.000
4205,1408.443,28.194,24.513,13.996,5.054,18.518,0.000,0.941,0.000,0.000,0.000,0.000,0.000,0.000
4206,1408.767,21.120,24.498,13.983,5.051,18.508,0.000,0.938,0.000,0.000,0.000,0.000,0.000,0.000
4207,1409.090,16.602,24.483,13.969,5.049,18.498,0.000,0.936,0.000,0.000,0.000,0.000,0.000,0.000
4208,1409.413,23.120,24.468,13.955,5.046,18.488,0.000,0.934,0.000,0.000,0.000,0.000,0.000,0.000
4209,1409.736,35.564,24.453,13.941,5.044,18.478,0.000,0.932,0.000,0.000,0.000,0.000,0.000,0.000
4210,1410.060,22.157,24.439,13.927,5.042,18.467,0.000,0.929,0.000,0.000,0.000,0.000,0.000,0.000
4211,1410.383,28.749,24.424,13.913,5.040,18.457,0.000,0.927,0.000,0.000,0.000,0.000,0.000,0.000
4212,1410.706,15.342,24.410,13.900,5.038,18.447,0.000,0.925,0.000,0.000,0.000,0.000,0.000,0.000
4213,1411.029,35.267,24.396,13.886,5.037,18.437,0.000,0.922,0.000,0.000,0.000,0.000,0.000,0.000
4214,1411.353,38.007,24.382,13.872,5.036,18.427,0.000,0.920,0.000,0.000,0.000,0.000,0.000,0.000
4215,1411.676,37.267,24.369,13.858,5.034,18.417,0.000,0.918,0.000,0.000,0.000,0.000,0.000,0.000
4216,1411.999,18.305,24.356,13.844,5.034,18.406,0.000,0.916,0.000,0.000,0.000,0.000,0.000,0.000
4217,1412.322,29.082,24.343,13.830,5.033,18.396,0.000,0.913,0.000,0.000,0.000,0.000,0.000,0.000
4218,1412.646,32.082,24.330,13.817,5.033,18.386,0.000,0.911,0.000,0.000,0.000,0.000,0.000,0.000
4219,1412.969,26.971,24.317,13.803,5.032,18.376,0.000,0.909,0.000,0.000,0.000,0.000,0.000,0.000
4220,1413.292,34.526,24.305,13.789,5.033,18.365,0.000,0.907,0.000,0.000,0.000,0.000,0.000,0.000
4221,1413.615,37.859,24.293,13.775,5.033,18.355,0.000,0.905,0.000,0.000,0.000,0.000,0.000,0.000
4222,1413.939,28.119,24.281,13.761,5.033,18.345,0.000,0.902,0.000,0.000,0.000,0.000,0.000,0.000
4223,1414.262,27.304,24.269,13.747,5.034,18.334,0.000,0.900,0.000,0.000,0.000,0.000,0.000,0.000
4224,1414.585,25.600,24.257,13.733,5.035,18.324,0.000,0.898,0.000,0.000,0.000,0.000,0.000,0.000
4225,1414.909,22.563,24.246,13.720,5.037,18.314,0.000,0.896,0.000,0.000,0.000,0.000,0.000,0.000
4226,1415.232,40.599,24.235,13.706,5.038,18.303,0.000,0.894,0.000,0.000,0.000,0.000,0.000,0.000
4227,1415.555,25.415,24.225,13.692,5.040,18.293,0.000,0.892,0.000,0.000,0.000,0.000,0.000,0.000
4228,1415.878,37.563,24.214,13.678,5.042,18.282,0.000,0.890,0.000,0.000,0.000,0.000,0.000,0.000
4229,1416.202,28.081,24.204,13.664,5.044,18.272,0.000,0.888,0.000,0.000,0.000,0.000,0.000,0.000
4230,1416.525,27.858,24.194,13.650,5.047,18.262,0.000,0.886,0.000,0.000,0.000,0.000,0.000,0.000
4231,1416.848,13.637,24.185,13.637,5.050,18.251,0.000,0.884,0.000,0.000,0.000,0.000,0.000,0.000
4232,1417.172,25.489,24.175,13.623,5.053,18.241,0.000,0.882,0.000,0.000,0.000,0.000,0.000,0.000
4233,1417.495,39.229,24.166,13.609,5.057,18.230,0.000,0.880,0.000,0.000,0.000,0.000,0.000,0.000
4234,1417.818,35.932,24.158,13.595,5.060,18.220,0.000,0.878,0.000,0.000,0.000,0.000,0.000,0.000
4235,1418.142,40.191,24.149,13.581,5.064,18.209,0.000,0.876,0.000,0.000,0.000,0.000,0.000,0.000
4236,1418.465,23.266,24.141,13.567,5.069,18.199,0.000,0.874,0.000,0.000,0.000,0.000,0.000,0.000
4237,1418.788,28.451,24.133,13.553,5.073,18.188,0.000,0.872,0.000,0.000,0.000,0.000,0.000,0.000
4238,1419.112,27.303,24.126,13.540,5.078,18.178,0.000,0.870,0.000,0.000,0.000,0.000,0.000,0.000
4239,1419.435,27.895,24.119,13.526,5.084,18.167,0.000,0.868,0.000,0.000,0.000,0.000,0.000,0.000
4240,1419.758,28.228,24.112,13.512,5.089,18.157,0.000,0.866,0.000,0.000,0.000,0.000,0.000,0.000
4241,1420.082,29.932,24.106,13.498,5.095,18.146,0.000,0.864,0.000,0.000,0.000,0.000,0.000,0.000
4242,1420.405,20.970,24.099,13.484,5.101,18.136,0.000,0.863,0.000,0.000,0.000,0.000,0.000,0.000
4243,1420.728,16.747,24.094,13.470,5.108,18.125,0.000,0.861,0.000,0.000,0.000,0.000,0.000,0.000
4244,1421.052,31.302,24.088,13.457,5.115,18.115,0.000,0.859,0.000,0.000,0.000,0.000,0.000,0.000
4245,1421.375,34.265,24.083,13.443,5.122,18.104,0.000,0.857,0.000,0.000,0.000,0.000,0.000,0.000
4246,1421.698,34.154,24.078,13.429,5.129,18.094,0.000,0.855,0.000,0.000,0.000,0.000,0.000,0.000
4247,1422.022,27.191,24.074,13.415,5.137,18.083,0.000,0.854,0.000,0.000,0.000,0.000,0.000,0.000
4248,1422.345,40.155,24.070,13.401,5.145,18.073,0.000,0.852,0.000,0.000,0.000,0.000,0.000,0.000
4249,1422.668,30.117,24.067,13.387,5.154,18.063,0.000,0.850,0.000,0.000,0.000,0.000,0.000,0.000
4250,1422.992,21.265,24.064,13.374,5.163,18.052,0.000,0.849,0.000,0.000,0.000,0.000,0.000,0.000
4251,1423.315,34.116,24.061,13.360,5.172,18.042,0.000,0.847,0.000,0.000,0.000,0.000,0.000,0.000
4252,1423.639,15.005,24.059,13.346,5.181,18.032,0.000,0.845,0.000,0.000,0.000,0.000,0.000,0.000
4253,1423.962,40.412,24.057,13.332,5.191,18.021,0.000,0.844,0.000,0.000,0.000,0.000,0.000,0.000
4254,1424.285,34.968,24.055,13.318,5.202,18.011,0.000,0.842,0.000,0.000,0.000,0.000,0.000,0.000
4255,1424.609,26.857,24.054,13.304,5.212,18.001,0.000,0.841,0.000,0.000,0.000,0.000,0.000,0.000
4256,1424.932,22.969,24.054,13.290,5.223,17.991,0.000,0.839,0.000,0.000,0.000,0.000,0.000,0.000
4257,1425.256,30.894,24.053,13.277,5.235,17.981,0.000,0.838,0.000,0.000,0.000,0.000,0.000,0.000
4258,1425.579,21.523,24.054,13.263,5.247,17.971,0.000,0.836,0.000,0.000,0.000,0.000,0.000,0.000
4259,1425.902,22.338,24.054,13.249,5.258,17.961,0.000,0.835,0.000,0.000,0.000,0.000,0.000,0.000
4260,1426.226,33.819,24.055,13.235,5.271,17.951,0.000,0.833,0.000,0.000,0.000,0.000,0.000,0.000
4261,1426.549,35.301,24.056,13.221,5.283,17.941,0.000,0.832,0.000,0.000,0.000,0.000,0.000,0.000
4262,1426.873,39.635,24.057,13.207,5.295,17.931,0.000,0.831,0.000,0.000,0.000,0.000,0.000,0.000
4263,1427.196,40.300,24.058,13.194,5.308,17.921,0.000,0.829,0.000,0.000,0.000,0.000,0.000,0.000
4264,1427.519,21.930,24.059,13.180,5.321,17.911,0.000,0.828,0.000,0.000,0.000,0.000,0.000,0.000
4265,1427.843,26.190,24.061,13.166,5.334,17.901,0.000,0.827,0.000,0.000,0.000,0.000,0.000,0.000
4266,1428.166,31.819,24.063,13.152,5.347,17.890,0.000,0.825,0.000,0.000,0.000,0.000,0.000,0.000
4267,1428.490,32.708,24.065,13.138,5.360,17.880,0.000,0.824,0.000,0.000,0.000,0.000,0.000,0.000
4268,1428.813,37.449,24.067,13.124,5.374,17.870,0.000,0.823,0.000,0.000,0.000,0.000,0.000,0.000
4269,1429.137,20.449,24.069,13.111,5.388,17.860,0.000,0.822,0.000,0.000,0.000,0.000,0.000,0.000
4270,1429.460,28.856,24.072,13.097,5.402,17.850,0.000,0.821,0.000,0.000,0.000,0.000,0.000,0.000
4271,1429.784,29.819,24.075,13.083,5.416,17.839,0.000,0.819,0.000,0.000,0.000,0.000,0.000,0.000
4272,1430.107,26.375,24.077,13.069,5.430,17.829,0.000,0.818,0.000,0.000,0.000,0.000,0.000,0.000
4273,1430.430,26.190,24.080,13.055,5.444,17.819,0.000,0.817,0.000,0.000,0.000,0.000,0.000,0.000
4274,1430.754,13.745,24.084,13.041,5.459,17.808,0.000,0.816,0.000,0.000,0.000,0.000,0.000,0.000
4275,1431.077,22.115,24.087,13.027,5.474,17.798,0.000,0.815,0.000,0.000,0.000,0.000,0.000,0.000
4276,1431.401,28.744,24.090,13.014,5.489,17.788,0.000,0.814,0.000,0.000,0.000,0.000,0.000,0.000
4277,1431.724,20.560,24.094,13.000,5.504,17.777,0.000,0.813,0.000,0.000,0.000,0.000,0.000,0.000
4278,1432.048,34.300,24.098,12.986,5.519,17.767,0.000,0.812,0.000,0.000,0.000,0.000,0.000,0.000
4279,1432.371,32.782,24.102,12.972,5.534,17.756,0.000,0.811,0.000,0.000,0.000,0.000,0.000,0.000
4280,1432.695,33.818,24.106,12.958,5.550,17.746,0.000,0.810,0.000,0.000,0.000,0.000,0.000,0.000
4281,1433.018,24.115,24.110,12.944,5.565,17.736,0.000,0.809,0.000,0.000,0.000,0.000,0.000,0.000
4282,1433.342,33.189,24.115,12.931,5.581,17.725,0.000,0.808,0.000,0.000,0.000,0.000,0.000,0.000
4283,1433.665,19.078,24.119,12.917,5.597,17.715,0.000,0.808,0.000,0.000,0.000,0.000,0.000,0.000
4284,1433.989,33.078,24.124,12.903,5.613,17.704,0.000,0.807,0.000,0.000,0.000,0.000,0.000,0.000
4285,1434.312,27.374,24.129,12.889,5.629,17.694,0.000,0.806,0.000,0.000,0.000,0.000,0.000,0.000
4286,1434.636,47.708,24.134,12.875,5.645,17.683,0.000,0.805,0.000,0.000,0.000,0.000,0.000,0.000
4287,1434.959,15.226,24.139,12.861,5.662,17.672,0.000,0.804,0.000,0.000,0.000,0.000,0.000,0.000
4288,1435.283,30.225,24.144,12.848,5.678,17.662,0.000,0.804,0.000,0.000,0.000,0.000,0.000,0.000
4289,1435.606,36.188,24.149,12.834,5.695,17.651,0.000,0.803,0.000,0.000,0.000,0.000,0.000,0.000
4290,1435.930,30.188,24.155,12.820,5.712,17.641,0.000,0.802,0.000,0.000,0.000,0.000,0.000,0.000
4291,1436.253,29.966,24.160,12.806,5.728,17.630,0.000,0.802,0.000,0.000,0.000,0.000,0.000,0.000
4292,1436.577,24.855,24.166,12.792,5.745,17.620,0.000,0.801,0.000,0.000,0.000,0.000,0.000,0.000
4293,1436.901,34.374,24.172,12.778,5.762,17.609,0.000,0.801,0.000,0.000,0.000,0.000,0.000,0.000
4294,1437.224,25.484,24.178,12.764,5.779,17.599,0.000,0.800,0.000,0.000,0.000,0.000,0.000,0.000
4295,1437.548,21.670,24.184,12.751,5.796,17.588,0.000,0.800,0.000,0.000,0.000,0.000,0.000,0.000
4296,1437.871,26.373,24.190,12.737,5.814,17.577,0.000,0.799,0.000,0.000,0.000,0.000,0.000,0.000
4297,1438.195,23.855,24.197,12.723,5.831,17.567,0.000,0.799,0.000,0.000,0.000,0.000,0.000,0.000
4298,1438.518,21.855,24.203,12.709,5.848,17.557,0.000,0.798,0.000,0.000,0.000,0.000,0.000,0.000
4299,1438.842,26.410,24.210,12.695,5.866,17.546,0.000,0.798,0.000,0.000,0.000,0.000,0.000,0.000
4300,1439.165,28.706,24.217,12.681,5.883,17.536,0.000,0.798,0.000,0.000,0.000,0.000,0.000,0.000
4301,1439.489,28.929,24.223,12.668,5.901,17.525,0.000,0.797,0.000,0.000,0.000,0.000,0.000,0.000
4302,1439.813,23.929,24.230,12.654,5.918,17.515,0.000,0.797,0.000,0.000,0.000,0.000,0.000,0.000
4303,1440.136,14.299,24.238,12.640,5.936,17.504,0.000,0.797,0.000,0.000,0.000,0.000,0.000,0.000
4304,1440.460,34.966,24.245,12.626,5.954,17.494,0.000,0.797,0.000,0.000,0.000,0.000,0.000,0.000
4305,1440.783,26.262,24.252,12.612,5.972,17.484,0.000,0.797,0.000,0.000,0.000,0.000,0.000,0.000
4306,1441.107,40.892,24.260,12.598,5.990,17.474,0.000,0.797,0.000,0.000,0.000,0.000,0.000,0.000
4307,1441.431,30.744,24.267,12.585,6.007,17.464,0.000,0.796,0.000,0.000,0.000,0.000,0.000,0.000
4308,1441.754,18.558,24.275,12.571,6.025,17.453,0.000,0.796,0.000,0.000,0.000,0.000,0.000,0.000
4309,1442.078,27.484,24.283,12.557,6.043,17.443,0.000,0.796,0.000,0.000,0.000,0.000,0.000,0.000
4310,1442.402,18.003,24.291,12.543,6.061,17.433,0.000,0.796,0.000,0.000,0.000,0.000,0.000,0.000
4311,1442.725,28.521,24.299,12.529,6.079,17.423,0.000,0.796,0.000,0.000,0.000,0.000,0.000,0.000
4312,1443.049,27.077,24.307,12.515,6.098,17.413,0.000,0.797,0.000,0.000,0.000,0.000,0.000,0.000
4313,1443.372,32.522,24.315,12.501,6.116,17.402,0.000,0.797,0.000,0.000,0.000,0.000,0.000,0.000
4314,1443.696,19.558,24.322,12.488,6.134,17.392,0.000,0.797,0.000,0.000,0.000,0.000,0.000,0.000
4315,1444.020,24.781,24.330,12.474,6.152,17.381,0.000,0.797,0.000,0.000,0.000,0.000,0.000,0.000
4316,1444.343,41.002,24.338,12.460,6.170,17.371,0.000,0.797,0.000,0.000,0.000,0.000,0.000,0.000
4317,1444.667,25.003,24.346,12.446,6.188,17.361,0.000,0.798,0.000,0.000,0.000,0.000,0.000,0.000
4318,1444.991,27.262,24.354,12.432,6.206,17.350,0.000,0.798,0.000,0.000,0.000,0.000,0.000,0.000
4319,1445.314,32.410,24.362,12.418,6.224,17.340,0.000,0.798,0.000,0.000,0.000,0.000,0.000,0.000
4320,1445.638,32.817,24.370,12.405,6.242,17.329,0.000,0.799,0.000,0.000,0.000,0.000,0.000,0.000
4321,1445.962,28.225,24.378,12.391,6.261,17.319,0.000,0.799,0.000,0.000,0.000,0.000,0.000,0.000
4322,1446.285,35.484,24.386,12.377,6.279,17.308,0.000,0.799,0.000,0.000,0.000,0.000,0.000,0.000
4323,1446.609,25.521,24.394,12.363,6.297,17.298,0.000,0.800,0.000,0.000,0.000,0.000,0.000,0.000
4324,1446.933,27.521,24.402,12.349,6.315,17.287,0.000,0.800,0.000,0.000,0.000,0.000,0.000,0.000
4325,1447.256,20.558,24.410,12.335,6.333,17.276,0.000,0.801,0.000,0.000,0.000,0.000,0.000,0.000
4326,1447.580,36.076,24.418,12.321,6.351,17.266,0.000,0.802,0.000,0.000,0.000,0.000,0.000,0.000
4327,1447.904,31.558,24.426,12.308,6.369,17.255,0.000,0.802,0.000,0.000,0.000,0.000,0.000,0.000
4328,1448.228,28.965,24.434,12.294,6.387,17.244,0.000,0.803,0.000,0.000,0.000,0.000,0.000,0.000
4329,1448.551,22.188,24.442,12.280,6.405,17.234,0.000,0.804,0.000,0.000,0.000,0.000,0.000,0.000
4330,1448.875,32.521,24.450,12.266,6.423,17.223,0.000,0.804,0.000,0.000,0.000,0.000,0.000,0.000
4331,1449.199,28.557,24.458,12.252,6.441,17.212,0.000,0.805,0.000,0.000,0.000,0.000,0.000,0.000
4332,1449.522,30.150,24.466,12.238,6.458,17.202,0.000,0.806,0.000,0.000,0.000,0.000,0.000,0.000
4333,1449.846,35.965,24.474,12.225,6.476,17.191,0.000,0.807,0.000,0.000,0.000,0.000,0.000,0.000
4334,1450.170,31.409,24.482,12.211,6.494,17.180,0.000,0.808,0.000,0.000,0.000,0.000,0.000,0.000
4335,1450.494,17.446,24.490,12.197,6.512,17.170,0.000,0.809,0.000,0.000,0.000,0.000,0.000,0.000
4336,1450.817,29.002,24.498,12.183,6.530,17.159,0.000,0.810,0.000,0.000,0.000,0.000,0.000,0.000
4337,1451.141,26.780,24.506,12.169,6.547,17.148,0.000,0.811,0.000,0.000,0.000,0.000,0.000,0.000
4338,1451.465,22.780,24.514,12.155,6.565,17.137,0.000,0.812,0.000,0.000,0.000,0.000,0.000,0.000
4339,1451.789,33.595,24.522,12.142,6.583,17.127,0.000,0.813,0.000,0.000,0.000,0.000,0.000,0.000
4340,1452.113,32.002,24.530,12.128,6.600,17.116,0.000,0.814,0.000,0.000,0.000,0.000,0.000,0.000
4341,1452.436,23.261,24.538,12.114,6.618,17.105,0.000,0.815,0.000,0.000,0.000,0.000,0.000,0.000
4342,1452.760,28.372,24.547,12.100,6.635,17.095,0.000,0.817,0.000,0.000,0.000,0.000,0.000,0.000
4343,1453.084,31.335,24.555,12.086,6.653,17.084,0.000,0.818,0.000,0.000,0.000,0.000,0.000,0.000
4344,1453.408,22.150,24.563,12.072,6.670,17.073,0.000,0.819,0.000,0.000,0.000,0.000,0.000,0.000
4345,1453.731,23.669,24.571,12.058,6.688,17.063,0.000,0.821,0.000,0.000,0.000,0.000,0.000,0.000
4346,1454.055,33.150,24.579,12.045,6.705,17.052,0.000,0.822,0.000,0.000,0.000,0.000,0.000,0.000
4347,1454.379,27.557,24.588,12.031,6.723,17.042,0.000,0.824,0.000,0.000,0.000,0.000,0.000,0.000
4348,1454.703,30.483,24.596,12.017,6.740,17.031,0.000,0.825,0.000,0.000,0.000,0.000,0.000,0.000
4349,1455.027,19.483,24.605,12.003,6.757,17.021,0.000,0.827,0.000,0.000,0.000,0.000,0.000,0.000
4350,1455.351,21.076,24.613,11.989,6.775,17.010,0.000,0.828,0.000,0.000,0.000,0.000,0.000,0.000
4351,1455.674,35.779,24.622,11.975,6.792,17.000,0.000,0.830,0.000,0.000,0.000,0.000,0.000,0.000
4352,1455.998,38.261,24.630,11.962,6.809,16.989,0.000,0.832,0.000,0.000,0.000,0.000,0.000,0.000
4353,1456.322,43.520,24.639,11.948,6.827,16.979,0.000,0.834,0.000,0.000,0.000,0.000,0.000,0.000
4354,1456.646,24.261,24.648,11.934,6.844,16.969,0.000,0.835,0.000,0.000,0.000,0.000,0.000,0.000
4355,1456.970,23.557,24.657,11.920,6.861,16.959,0.000,0.837,0.000,0.000,0.000,0.000,0.000,0.000
4356,1457.294,30.113,24.666,11.906,6.878,16.949,0.000,0.839,0.000,0.000,0.000,0.000,0.000,0.000
4357,1457.617,27.594,24.675,11.892,6.896,16.939,0.000,0.841,0.000,0.000,0.000,0.000,0.000,0.000
4358,1457.941,25.631,24.685,11.879,6.913,16.928,0.000,0.843,0.000,0.000,0.000,0.000,0.000,0.000
4359,1458.265,21.150,24.694,11.865,6.930,16.918,0.000,0.845,0.000,0.000,0.000,0.000,0.000,0.000
4360,1458.589,26.372,24.704,11.851,6.948,16.908,0.000,0.848,0.000,0.000,0.000,0.000,0.000,0.000
4361,1458.913,29.224,24.713,11.837,6.965,16.898,0.000,0.850,0.000,0.000,0.000,0.000,0.000,0.000
4362,1459.237,28.557,24.723,11.823,6.983,16.888,0.000,0.852,0.000,0.000,0.000,0.000,0.000,0.000
4363,1459.561,33.187,24.733,11.809,7.000,16.878,0.000,0.854,0.000,0.000,0.000,0.000,0.000,0.000
4364,1459.885,34.520,24.743,11.795,7.018,16.868,0.000,0.857,0.000,0.000,0.000,0.000,0.000,0.000
4365,1460.209,19.853,24.752,11.782,7.035,16.858,0.000,0.859,0.000,0.000,0.000,0.000,0.000,0.000
4366,1460.533,23.298,24.762,11.768,7.052,16.848,0.000,0.862,0.000,0.000,0.000,0.000,0.000,0.000
4367,1460.856,30.816,24.772,11.754,7.070,16.838,0.000,0.864,0.000,0.000,0.000,0.000,0.000,0.000
4368,1461.180,24.631,24.781,11.740,7.087,16.828,0.000,0.867,0.000,0.000,0.000,0.000,0.000,0.000
4369,1461.504,34.779,24.790,11.726,7.104,16.817,0.000,0.869,0.000,0.000,0.000,0.000,0.000,0.000
4370,1461.828,28.964,24.800,11.712,7.120,16.807,0.000,0.872,0.000,0.000,0.000,0.000,0.000,0.000
4371,1462.152,21.150,24.809,11.699,7.137,16.797,0.000,0.875,0.000,0.000,0.000,0.000,0.000,0.000
4372,1462.476,26.298,24.818,11.685,7.154,16.786,0.000,0.878,0.000,0.000,0.000,0.000,0.000,0.000
4373,1462.800,27.224,24.827,11.671,7.170,16.776,0.000,0.881,0.000,0.000,0.000,0.000,0.000,0.000
4374,1463.124,25.186,24.836,11.657,7.186,16.766,0.000,0.884,0.000,0.000,0.000,0.000,0.000,0.000
4375,1463.448,22.038,24.845,11.643,7.203,16.755,0.000,0.887,0.000,0.000,0.000,0.000,0.000,0.000
4376,1463.772,27.853,24.854,11.629,7.219,16.745,0.000,0.890,0.000,0.000,0.000,0.000,0.000,0.000
4377,1464.096,32.594,24.862,11.616,7.235,16.735,0.000,0.893,0.000,0.000,0.000,0.000,0.000,0.000
4378,1464.420,23.816,24.871,11.602,7.250,16.725,0.000,0.896,0.000,0.000,0.000,0.000,0.000,0.000
4379,1464.744,26.298,24.879,11.588,7.266,16.714,0.000,0.899,0.000,0.000,0.000,0.000,0.000,0.000
4380,1465.068,31.668,24.888,11.574,7.281,16.704,0.000,0.903,0.000,0.000,0.000,0.000,0.000,0.000
4381,1465.392,20.298,24.896,11.560,7.297,16.694,0.000,0.906,0.000,0.000,0.000,0.000,0.000,0.000
4382,1465.716,26.186,24.905,11.546,7.312,16.683,0.000,0.910,0.000,0.000,0.000,0.000,0.000,0.000
4383,1466.040,21.557,24.913,11.532,7.327,16.673,0.000,0.913,0.000,0.000,0.000,0.000,0.000,0.000
4384,1466.364,25.298,24.921,11.519,7.342,16.663,0.000,0.917,0.000,0.000,0.000,0.000,0.000,0.000
4385,1466.688,28.446,24.929,11.505,7.357,16.652,0.000,0.920,0.000,0.000,0.000,0.000,0.000,0.000
4386,1467.012,37.335,24.937,11.491,7.371,16.642,0.000,0.924,0.000,0.000,0.000,0.000,0.000,0.000
4387,1467.336,38.335,24.945,11.477,7.385,16.632,0.000,0.928,0.000,0.000,0.000,0.000,0.000,0.000
4388,1467.660,42.890,24.953,11.463,7.400,16.622,0.000,0.932,0.000,0.000,0.000,0.000,0.000,0.000
4389,1467.984,25.520,24.961,11.449,7.414,16.612,0.000,0.936,0.000,0.000,0.000,0.000,0.000,0.000
4390,1468.308,24.742,24.969,11.436,7.427,16.602,0.000,0.940,0.000,0.000,0.000,0.000,0.000,0.000
4391,1468.633,38.112,24.977,11.422,7.441,16.592,0.000,0.944,0.000,0.000,0.000,0.000,0.000,0.000
4392,1468.957,21.186,24.985,11.408,7.455,16.582,0.000,0.948,0.000,0.000,0.000,0.000,0.000,0.000
4393,1469.281,38.001,24.993,11.394,7.468,16.572,0.000,0.952,0.000,0.000,0.000,0.000,0.000,0.000
4394,1469.605,14.298,25.000,11.380,7.481,16.563,0.000,0.957,0.000,0.000,0.000,0.000,0.000,0.000
4395,1469.929,34.186,25.008,11.366,7.494,16.553,0.000,0.961,0.000,0.000,0.000,0.000,0.000,0.000
4396,1470.253,30.779,25.016,11.352,7.506,16.544,0.000,0.966,0.000,0.000,0.000,0.000,0.000,0.000
4397,1470.577,32.631,25.024,11.339,7.519,16.534,0.000,0.970,0.000,0.000,0.000,0.000,0.000,0.000
4398,1470.901,30.853,25.031,11.325,7.531,16.525,0.000,0.975,0.000,0.000,0.000,0.000,0.000,0.000
4399,1471.225,16.853,25.039,11.311,7.543,16.516,0.000,0.980,0.000,0.000,0.000,0.000,0.000,0.000
4400,1471.549,25.631,25.047,11.297,7.555,16.507,0.000,0.985,0.000,0.000,0.000,0.000,0.000,0.000
4401,1471.874,33.076,25.054,11.283,7.566,16.498,0.000,0.990,0.000,0.000,0.000,0.000,0.000,0.000
4402,1472.198,18.409,25.061,11.269,7.578,16.489,0.000,0.995,0.000,0.000,0.000,0.000,0.000,0.000
4403,1472.522,23.372,25.068,11.256,7.588,16.480,0.000,1.000,0.000,0.000,0.000,0.000,0.000,0.000
4404,1472.846,34.890,25.075,11.242,7.599,16.471,0.000,1.005,0.000,0.000,0.000,0.000,0.000,0.000
4405,1473.170,38.483,25.081,11.228,7.609,16.461,0.000,1.011,0.000,0.000,0.000,0.000,0.000,0.000
4406,1473.494,21.779,25.088,11.214,7.619,16.452,0.000,1.016,0.000,0.000,0.000,0.000,0.000,0.000
4407,1473.819,34.520,25.094,11.200,7.629,16.443,0.000,1.021,0.000,0.000,0.000,0.000,0.000,0.000
4408,1474.143,27.668,25.099,11.186,7.638,16.434,0.000,1.027,0.000,0.000,0.000,0.000,0.000,0.000
4409,1474.467,24.779,25.105,11.173,7.647,16.425,0.000,1.033,0.000,0.000,0.000,0.000,0.000,0.000
4410,1474.791,31.261,25.111,11.159,7.656,16.416,0.000,1.038,0.000,0.000,0.000,0.000,0.000,0.000
4411,1475.115,23.224,25.116,11.145,7.665,16.407,0.000,1.044,0.000,0.000,0.000,0.000,0.000,0.000
4412,1475.440,20.038,25.121,11.131,7.673,16.398,0.000,1.050,0.000,0.000,0.000,0.000,0.000,0.000
4413,1475.764,27.150,25.125,11.117,7.681,16.388,0.000,1.056,0.000,0.000,0.000,0.000,0.000,0.000
4414,1476.088,20.705,25.130,11.103,7.688,16.379,0.000,1.062,0.000,0.000,0.000,0.000,0.000,0.000
4415,1476.412,43.002,25.134,11.089,7.695,16.370,0.000,1.069,0.000,0.000,0.000,0.000,0.000,0.000
4416,1476.736,27.631,25.138,11.076,7.702,16.360,0.000,1.075,0.000,0.000,0.000,0.000,0.000,0.000
4417,1477.061,15.372,25.141,11.062,7.709,16.351,0.000,1.081,0.000,0.000,0.000,0.000,0.000,0.000
4418,1477.385,25.038,25.145,11.048,7.716,16.342,0.000,1.088,0.000,0.000,0.000,0.000,0.000,0.000
4419,1477.709,17.779,25.148,11.034,7.722,16.333,0.000,1.094,0.000,0.000,0.000,0.000,0.000,0.000
4420,1478.033,42.335,25.151,11.020,7.727,16.323,0.000,1.100,0.000,0.000,0.000,0.000,0.000,0.000
4421,1478.358,34.557,25.154,11.006,7.733,16.314,0.000,1.107,0.000,0.000,0.000,0.000,0.000,0.000
4422,1478.682,32.186,25.156,10.993,7.738,16.305,0.000,1.113,0.000,0.000,0.000,0.000,0.000,0.000
4423,1479.006,23.409,25.158,10.979,7.743,16.295,0.000,1.120,0.000,0.000,0.000,0.000,0.000,0.000
4424,1479.331,25.186,25.160,10.965,7.748,16.286,0.000,1.126,0.000,0.000,0.000,0.000,0.000,0.000
4425,1479.655,19.112,25.162,10.951,7.752,16.277,0.000,1.133,0.000,0.000,0.000,0.000,0.000,0.000
4426,1479.979,24.816,25.163,10.937,7.756,16.268,0.000,1.140,0.000,0.000,0.000,0.000,0.000,0.000
4427,1480.303,33.816,25.165,10.923,7.760,16.258,0.000,1.146,0.000,0.000,0.000,0.000,0.000,0.000
4428,1480.628,39.223,25.165,10.910,7.763,16.249,0.000,1.153,0.000,0.000,0.000,0.000,0.000,0.000
4429,1480.952,31.038,25.166,10.896,7.766,16.240,0.000,1.160,0.000,0.000,0.000,0.000,0.000,0.000
4430,1481.276,28.890,25.166,10.882,7.769,16.231,0.000,1.167,0.000,0.000,0.000,0.000,0.000,0.000
4431,1481.601,20.112,25.167,10.868,7.772,16.221,0.000,1.174,0.000,0.000,0.000,0.000,0.000,0.000
4432,1481.925,21.483,25.166,10.854,7.774,16.212,0.000,1.181,0.000,0.000,0.000,0.000,0.000,0.000
4433,1482.250,30.335,25.166,10.840,7.776,16.203,0.000,1.187,0.000,0.000,0.000,0.000,0.000,0.000
4434,1482.574,37.927,25.165,10.826,7.777,16.194,0.000,1.194,0.000,0.000,0.000,0.000,0.000,0.000
4435,1482.898,44.446,25.164,10.813,7.778,16.185,0.000,1.201,0.000,0.000,0.000,0.000,0.000,0.000
4436,1483.223,26.038,25.163,10.799,7.779,16.175,0.000,1.208,0.000,0.000,0.000,0.000,0.000,0.000
4437,1483.547,32.668,25.162,10.785,7.780,16.166,0.000,1.215,0.000,0.000,0.000,0.000,0.000,0.000
4438,1483.871,22.372,25.160,10.771,7.780,16.157,0.000,1.222,0.000,0.000,0.000,0.000,0.000,0.000
4439,1484.196,32.705,25.158,10.757,7.781,16.148,0.000,1.229,0.000,0.000,0.000,0.000,0.000,0.000
4440,1484.520,35.186,25.156,10.743,7.780,16.139,0.000,1.236,0.000,0.000,0.000,0.000,0.000,0.000
4441,1484.845,33.668,25.153,10.730,7.780,16.130,0.000,1.243,0.000,0.000,0.000,0.000,0.000,0.000
4442,1485.169,37.335,25.151,10.716,7.779,16.121,0.000,1.250,0.000,0.000,0.000,0.000,0.000,0.000
4443,1485.493,23.038,25.148,10.702,7.778,16.113,0.000,1.257,0.000,0.000,0.000,0.000,0.000,0.000
4444,1485.818,19.631,25.145,10.688,7.776,16.104,0.000,1.264,0.000,0.000,0.000,0.000,0.000,0.000
4445,1486.142,22.890,25.141,10.674,7.775,16.095,0.000,1.271,0.000,0.000,0.000,0.000,0.000,0.000
4446,1486.467,30.297,25.137,10.660,7.773,16.086,0.000,1.278,0.000,0.000,0.000,0.000,0.000,0.000
4447,1486.791,40.075,25.133,10.647,7.770,16.078,0.000,1.285,0.000,0.000,0.000,0.000,0.000,0.000
4448,1487.116,30.742,25.129,10.633,7.768,16.069,0.000,1.292,0.000,0.000,0.000,0.000,0.000,0.000
4449,1487.440,40.705,25.125,10.619,7.765,16.061,0.000,1.299,0.000,0.000,0.000,0.000,0.000,0.000
4450,1487.765,35.705,25.120,10.605,7.761,16.052,0.000,1.306,0.000,0.000,0.000,0.000,0.000,0.000
4451,1488.089,30.557,25.115,10.591,7.758,16.044,0.000,1.313,0.000,0.000,0.000,0.000,0.000,0.000
4452,1488.414,43.964,25.110,10.577,7.754,16.035,0.000,1.320,0.000,0.000,0.000,0.000,0.000,0.000
4453,1488.738,28.112,25.104,10.563,7.750,16.027,0.000,1.327,0.000,0.000,0.000,0.000,0.000,0.000
4454,1489.063,30.002,25.098,10.550,7.745,16.019,0.000,1.334,0.000,0.000,0.000,0.000,0.000,0.000
4455,1489.387,29.076,25.092,10.536,7.741,16.010,0.000,1.341,0.000,0.000,0.000,0.000,0.000,0.000
4456,1489.712,22.816,25.086,10.522,7.735,16.002,0.000,1.348,0.000,0.000,0.000,0.000,0.000,0.000
4457,1490.036,35.038,25.079,10.508,7.730,15.994,0.000,1.355,0.000,0.000,0.000,0.000,0.000,0.000
4458,1490.361,35.668,25.071,10.494,7.724,15.986,0.000,1.362,0.000,0.000,0.000,0.000,0.000,0.000
4459,1490.685,18.335,25.064,10.480,7.718,15.977,0.000,1.368,0.000,0.000,0.000,0.000,0.000,0.000
4460,1491.010,40.557,25.056,10.467,7.712,15.969,0.000,1.375,0.000,0.000,0.000,0.000,0.000,0.000
4461,1491.335,34.150,25.048,10.453,7.705,15.961,0.000,1.382,0.000,0.000,0.000,0.000,0.000,0.000
4462,1491.659,39.853,25.040,10.439,7.698,15.953,0.000,1.388,0.000,0.000,0.000,0.000,0.000,0.000
4463,1491.984,34.964,25.031,10.425,7.691,15.944,0.000,1.395,0.000,0.000,0.000,0.000,0.000,0.000
4464,1492.308,30.668,25.022,10.411,7.684,15.936,0.000,1.402,0.000,0.000,0.000,0.000,0.000,0.000
4465,1492.633,32.038,25.012,10.397,7.676,15.928,0.000,1.408,0.000,0.000,0.000,0.000,0.000,0.000
4466,1492.957,31.816,25.003,10.384,7.668,15.920,0.000,1.415,0.000,0.000,0.000,0.000,0.000,0.000
4467,1493.282,38.261,24.992,10.370,7.660,15.912,0.000,1.421,0.000,0.000,0.000,0.000,0.000,0.000
4468,1493.607,36.223,24.982,10.356,7.651,15.903,0.000,1.428,0.000,0.000,0.000,0.000,0.000,0.000
4469,1493.931,32.298,24.971,10.342,7.642,15.895,0.000,1.434,0.000,0.000,0.000,0.000,0.000,0.000
4470,1494.256,34.335,24.960,10.328,7.633,15.887,0.000,1.440,0.000,0.000,0.000,0.000,0.000,0.000
4471,1494.581,28.335,24.949,10.314,7.624,15.879,0.000,1.447,0.000,0.000,0.000,0.000,0.000,0.000
4472,1494.905,30.297,24.938,10.300,7.614,15.871,0.000,1.453,0.000,0.000,0.000,0.000,0.000,0.000
4473,1495.230,33.224,24.926,10.287,7.604,15.863,0.000,1.459,0.000,0.000,0.000,0.000,0.000,0.000
4474,1495.555,30.742,24.914,10.273,7.594,15.855,0.000,1.465,0.000,0.000,0.000,0.000,0.000,0.000
4475,1495.879,34.075,24.901,10.259,7.583,15.847,0.000,1.471,0.000,0.000,0.000,0.000,0.000,0.000
4476,1496.204,37.112,24.888,10.245,7.573,15.839,0.000,1.477,0.000,0.000,0.000,0.000,0.000,0.000
4477,1496.529,34.779,24.875,10.231,7.562,15.831,0.000,1.483,0.000,0.000,0.000,0.000,0.000,0.000
4478,1496.853,40.224,24.862,10.217,7.550,15.823,0.000,1.489,0.000,0.000,0.000,0.000,0.000,0.000
4479,1497.178,32.075,24.848,10.204,7.539,15.815,0.000,1.495,0.000,0.000,0.000,0.000,0.000,0.000
4480,1497.503,41.483,24.835,10.190,7.527,15.807,0.000,1.500,0.000,0.000,0.000,0.000,0.000,0.000
4481,1497.827,38.335,24.820,10.176,7.515,15.799,0.000,1.506,0.000,0.000,0.000,0.000,0.000,0.000
4482,1498.152,36.705,24.806,10.162,7.503,15.791,0.000,1.512,0.000,0.000,0.000,0.000,0.000,0.000
4483,1498.477,30.149,24.791,10.148,7.491,15.783,0.000,1.517,0.000,0.000,0.000,0.000,0.000,0.000
4484,1498.802,32.186,24.776,10.134,7.478,15.776,0.000,1.522,0.000,0.000,0.000,0.000,0.000,0.000
4485,1499.126,35.186,24.761,10.120,7.465,15.768,0.000,1.528,0.000,0.000,0.000,0.000,0.000,0.000
4486,1499.451,43.075,24.746,10.107,7.452,15.760,0.000,1.533,0.000,0.000,0.000,0.000,0.000,0.000
4487,1499.776,35.742,24.730,10.093,7.439,15.753,0.000,1.538,0.000,0.000,0.000,0.000,0.000,0.000
4488,1500.101,41.372,24.714,10.079,7.426,15.745,0.000,1.543,0.000,0.000,0.000,0.000,0.000,0.000
4489,1500.426,44.186,24.698,10.065,7.412,15.738,0.000,1.548,0.000,0.000,0.000,0.000,0.000,0.000
4490,1500.750,38.557,24.682,10.051,7.398,15.730,0.000,1.553,0.000,0.000,0.000,0.000,0.000,0.000
4491,1501.075,29.112,24.665,10.037,7.384,15.723,0.000,1.558,0.000,0.000,0.000,0.000,0.000,0.000
4492,1501.400,41.298,24.648,10.024,7.370,15.715,0.000,1.563,0.000,0.000,0.000,0.000,0.000,0.000
4493,1501.725,38.557,24.631,10.010,7.356,15.708,0.000,1.568,0.000,0.000,0.000,0.000,0.000,0.000
4494,1502.050,32.853,24.614,9.996,7.341,15.701,0.000,1.572,0.000,0.000,0.000,0.000,0.000,0.000
4495,1502.375,36.890,24.597,9.982,7.326,15.694,0.000,1.577,0.000,0.000,0.000,0.000,0.000,0.000
4496,1502.699,29.779,24.579,9.968,7.311,15.687,0.000,1.581,0.000,0.000,0.000,0.000,0.000,0.000
4497,1503.024,35.186,24.562,9.954,7.296,15.680,0.000,1.586,0.000,0.000,0.000,0.000,0.000,0.000
4498,1503.349,23.594,24.544,9.941,7.281,15.673,0.000,1.590,0.000,0.000,0.000,0.000,0.000,0.000
4499,1503.674,40.631,24.526,9.927,7.266,15.666,0.000,1.594,0.000,0.000,0.000,0.000,0.000,0.000
4500,1503.999,37.557,24.508,9.913,7.250,15.659,0.000,1.598,0.000,0.000,0.000,0.000,0.000,0.000
4501,1504.324,40.409,24.489,9.899,7.235,15.653,0.000,1.602,0.000,0.000,0.000,0.000,0.000,0.000
4502,1504.649,44.409,24.471,9.885,7.219,15.646,0.000,1.606,0.000,0.000,0.000,0.000,0.000,0.000
4503,1504.974,45.335,24.453,9.871,7.203,15.640,0.000,1.609,0.000,0.000,0.000,0.000,0.000,0.000
4504,1505.299,32.483,24.434,9.857,7.187,15.633,0.000,1.613,0.000,0.000,0.000,0.000,0.000,0.000
4505,1505.623,40.038,24.415,9.844,7.171,15.627,0.000,1.617,0.000,0.000,0.000,0.000,0.000,0.000
4506,1505.948,33.853,24.396,9.830,7.155,15.621,0.000,1.620,0.000,0.000,0.000,0.000,0.000,0.000
4507,1506.273,32.483,24.377,9.816,7.139,15.614,0.000,1.623,0.000,0.000,0.000,0.000,0.000,0.000
4508,1506.598,45.853,24.357,9.802,7.123,15.608,0.000,1.627,0.000,0.000,0.000,0.000,0.000,0.000
4509,1506.923,37.224,24.338,9.788,7.106,15.602,0.000,1.630,0.000,0.000,0.000,0.000,0.000,0.000
4510,1507.248,28.261,24.318,9.774,7.090,15.595,0.000,1.633,0.000,0.000,0.000,0.000,0.000,0.000
4511,1507.573,48.557,24.298,9.761,7.073,15.589,0.000,1.636,0.000,0.000,0.000,0.000,0.000,0.000
4512,1507.898,37.038,24.278,9.747,7.057,15.583,0.000,1.638,0.000,0.000,0.000,0.000,0.000,0.000
4513,1508.223,29.186,24.258,9.733,7.040,15.577,0.000,1.641,0.000,0.000,0.000,0.000,0.000,0.000
4514,1508.548,34.409,24.238,9.719,7.023,15.571,0.000,1.644,0.000,0.000,0.000,0.000,0.000,0.000
4515,1508.873,45.594,24.218,9.705,7.007,15.565,0.000,1.646,0.000,0.000,0.000,0.000,0.000,0.000
4516,1509.198,42.557,24.197,9.691,6.990,15.559,0.000,1.649,0.000,0.000,0.000,0.000,0.000,0.000
4517,1509.523,35.631,24.177,9.678,6.973,15.553,0.000,1.651,0.000,0.000,0.000,0.000,0.000,0.000
4518,1509.848,38.816,24.156,9.664,6.956,15.547,0.000,1.653,0.000,0.000,0.000,0.000,0.000,0.000
4519,1510.173,27.038,24.136,9.650,6.940,15.541,0.000,1.655,0.000,0.000,0.000,0.000,0.000,0.000
4520,1510.498,35.409,24.115,9.636,6.923,15.536,0.000,1.657,0.000,0.000,0.000,0.000,0.000,0.000
4521,1510.824,36.483,24.095,9.622,6.906,15.530,0.000,1.659,0.000,0.000,0.000,0.000,0.000,0.000
4522,1511.149,38.038,24.074,9.608,6.889,15.524,0.000,1.660,0.000,0.000,0.000,0.000,0.000,0.000
4523,1511.474,38.298,24.053,9.594,6.873,15.519,0.000,1.662,0.000,0.000,0.000,0.000,0.000,0.000
4524,1511.799,41.557,24.032,9.581,6.856,15.513,0.000,1.663,0.000,0.000,0.000,0.000,0.000,0.000
4525,1512.124,40.112,24.012,9.567,6.839,15.508,0.000,1.665,0.000,0.000,0.000,0.000,0.000,0.000
4526,1512.449,39.409,23.991,9.553,6.823,15.502,0.000,1.666,0.000,0.000,0.000,0.000,0.000,0.000
4527,1512.774,28.520,23.970,9.539,6.806,15.497,0.000,1.667,0.000,0.000,0.000,0.000,0.000,0.000
4528,1513.099,44.112,23.950,9.525,6.790,15.491,0.000,1.668,0.000,0.000,0.000,0.000,0.000,0.000
4529,1513.424,51.557,23.929,9.511,6.774,15.486,0.000,1.669,0.000,0.000,0.000,0.000,0.000,0.000
4530,1513.750,40.038,23.909,9.498,6.757,15.481,0.000,1.670,0.000,0.000,0.000,0.000,0.000,0.000
4531,1514.075,50.186,23.888,9.484,6.741,15.476,0.000,1.671,0.000,0.000,0.000,0.000,0.000,0.000
4532,1514.400,33.816,23.868,9.470,6.725,15.471,0.000,1.671,0.000,0.000,0.000,0.000,0.000,0.000
4533,1514.725,32.779,23.847,9.456,6.709,15.466,0.000,1.672,0.000,0.000,0.000,0.000,0.000,0.000
4534,1515.050,30.335,23.827,9.442,6.694,15.461,0.000,1.672,0.000,0.000,0.000,0.000,0.000,0.000
4535,1515.375,39.557,23.807,9.428,6.678,15.457,0.000,1.672,0.000,0.000,0.000,0.000,0.000,0.000
4536,1515.701,41.853,23.787,9.415,6.663,15.452,0.000,1.673,0.000,0.000,0.000,0.000,0.000,0.000
4537,1516.026,36.112,23.767,9.401,6.647,15.448,0.000,1.673,0.000,0.000,0.000,0.000,0.000,0.000
4538,1516.351,39.112,23.748,9.387,6.632,15.443,0.000,1.672,0.000,0.000,0.000,0.000,0.000,0.000
4539,1516.676,40.409,23.728,9.373,6.617,15.439,0.000,1.672,0.000,0.000,0.000,0.000,0.000,0.000
4540,1517.002,37.779,23.709,9.359,6.602,15.435,0.000,1.672,0.000,0.000,0.000,0.000,0.000,0.000
4541,1517.327,46.297,23.690,9.345,6.588,15.431,0.000,1.672,0.000,0.000,0.000,0.000,0.000,0.000
4542,1517.652,45.112,23.671,9.331,6.573,15.427,0.000,1.671,0.000,0.000,0.000,0.000,0.000,0.000
4543,1517.977,39.853,23.653,9.318,6.559,15.423,0.000,1.671,0.000,0.000,0.000,0.000,0.000,0.000
4544,1518.303,35.742,23.634,9.304,6.545,15.419,0.000,1.670,0.000,0.000,0.000,0.000,0.000,0.000
4545,1518.628,38.557,23.616,9.290,6.532,15.416,0.000,1.669,0.000,0.000,0.000,0.000,0.000,0.000
4546,1518.953,32.149,23.598,9.276,6.518,15.412,0.000,1.668,0.000,0.000,0.000,0.000,0.000,0.000
4547,1519.279,33.038,23.581,9.262,6.505,15.409,0.000,1.667,0.000,0.000,0.000,0.000,0.000,0.000
4548,1519.604,46.483,23.564,9.248,6.492,15.406,0.000,1.666,0.000,0.000,0.000,0.000,0.000,0.000
4549,1519.929,52.853,23.547,9.235,6.479,15.402,0.000,1.665,0.000,0.000,0.000,0.000,0.000,0.000
4550,1520.255,56.409,23.530,9.221,6.467,15.400,0.000,1.664,0.000,0.000,0.000,0.000,0.000,0.000
4551,1520.580,31.742,23.514,9.207,6.455,15.397,0.000,1.663,0.000,0.000,0.000,0.000,0.000,0.000
4552,1520.905,43.927,23.498,9.193,6.443,15.394,0.000,1.661,0.000,0.000,0.000,0.000,0.000,0.000
4553,1521.231,39.261,23.483,9.179,6.431,15.392,0.000,1.660,0.000,0.000,0.000,0.000,0.000,0.000
4554,1521.556,40.409,23.468,9.165,6.420,15.390,0.000,1.658,0.000,0.000,0.000,0.000,0.000,0.000
4555,1521.882,38.335,23.453,9.151,6.409,15.387,0.000,1.656,0.000,0.000,0.000,0.000,0.000,0.000
4556,1522.207,36.779,23.439,9.138,6.399,15.385,0.000,1.654,0.000,0.000,0.000,0.000,0.000,0.000
4557,1522.532,45.001,23.425,9.124,6.389,15.383,0.000,1.653,0.000,0.000,0.000,0.000,0.000,0.000
4558,1522.858,41.186,23.411,9.110,6.379,15.382,0.000,1.651,0.000,0.000,0.000,0.000,0.000,0.000
4559,1523.183,44.224,23.398,9.096,6.369,15.380,0.000,1.649,0.000,0.000,0.000,0.000,0.000,0.000
4560,1523.509,46.557,23.385,9.082,6.360,15.378,0.000,1.646,0.000,0.000,0.000,0.000,0.000,0.000
4561,1523.834,43.371,23.372,9.068,6.351,15.377,0.000,1.644,0.000,0.000,0.000,0.000,0.000,0.000
4562,1524.160,43.742,23.360,9.055,6.343,15.375,0.000,1.642,0.000,0.000,0.000,0.000,0.000,0.000
4563,1524.485,43.779,23.349,9.041,6.335,15.374,0.000,1.640,0.000,0.000,0.000,0.000,0.000,0.000
4564,1524.810,48.557,23.338,9.027,6.328,15.373,0.000,1.637,0.000,0.000,0.000,0.000,0.000,0.000
4565,1525.136,30.964,23.327,9.013,6.321,15.372,0.000,1.635,0.000,0.000,0.000,0.000,0.000,0.000
4566,1525.461,33.779,23.317,8.999,6.314,15.371,0.000,1.632,0.000,0.000,0.000,0.000,0.000,0.000
4567,1525.787,45.409,23.307,8.985,6.308,15.370,0.000,1.630,0.000,0.000,0.000,0.000,0.000,0.000
4568,1526.113,36.186,23.298,8.972,6.302,15.369,0.000,1.627,0.000,0.000,0.000,0.000,0.000,0.000
4569,1526.438,48.779,23.290,8.958,6.297,15.369,0.000,1.624,0.000,0.000,0.000,0.000,0.000,0.000
4570,1526.764,43.557,23.281,8.944,6.292,15.368,0.000,1.621,0.000,0.000,0.000,0.000,0.000,0.000
4571,1527.089,34.964,23.274,8.930,6.288,15.368,0.000,1.619,0.000,0.000,0.000,0.000,0.000,0.000
4572,1527.415,26.557,23.267,8.916,6.284,15.368,0.000,1.616,0.000,0.000,0.000,0.000,0.000,0.000
4573,1527.740,41.964,23.261,8.902,6.280,15.368,0.000,1.613,0.000,0.000,0.000,0.000,0.000,0.000
4574,1528.066,39.075,23.255,8.888,6.277,15.368,0.000,1.610,0.000,0.000,0.000,0.000,0.000,0.000
4575,1528.391,38.112,23.250,8.875,6.275,15.368,0.000,1.607,0.000,0.000,0.000,0.000,0.000,0.000
4576,1528.717,48.186,23.245,8.861,6.273,15.368,0.000,1.604,0.000,0.000,0.000,0.000,0.000,0.000
4577,1529.043,29.668,23.241,8.847,6.272,15.369,0.000,1.600,0.000,0.000,0.000,0.000,0.000,0.000
4578,1529.368,32.557,23.238,8.833,6.271,15.370,0.000,1.597,0.000,0.000,0.000,0.000,0.000,0.000
4579,1529.694,45.150,23.236,8.819,6.271,15.371,0.000,1.594,0.000,0.000,0.000,0.000,0.000,0.000
4580,1530.020,34.298,23.234,8.805,6.272,15.372,0.000,1.591,0.000,0.000,0.000,0.000,0.000,0.000
4581,1530.345,35.335,23.233,8.792,6.273,15.373,0.000,1.587,0.000,0.000,0.000,0.000,0.000,0.000
4582,1530.671,40.557,23.233,8.778,6.274,15.374,0.000,1.584,0.000,0.000,0.000,0.000,0.000,0.000
4583,1530.997,49.594,23.233,8.764,6.277,15.376,0.000,1.581,0.000,0.000,0.000,0.000,0.000,0.000
4584,1531.322,30.779,23.234,8.750,6.279,15.377,0.000,1.577,0.000,0.000,0.000,0.000,0.000,0.000
4585,1531.648,35.445,23.236,8.736,6.283,15.379,0.000,1.574,0.000,0.000,0.000,0.000,0.000,0.000
4586,1531.974,27.223,23.239,8.722,6.287,15.381,0.000,1.570,0.000,0.000,0.000,0.000,0.000,0.000
4587,1532.299,40.186,23.242,8.709,6.292,15.384,0.000,1.567,0.000,0.000,0.000,0.000,0.000,0.000
4588,1532.625,29.557,23.247,8.695,6.297,15.386,0.000,1.563,0.000,0.000,0.000,0.000,0.000,0.000
4589,1532.951,45.557,23.252,8.681,6.303,15.389,0.000,1.560,0.000,0.000,0.000,0.000,0.000,0.000
4590,1533.277,35.483,23.258,8.667,6.309,15.392,0.000,1.556,0.000,0.000,0.000,0.000,0.000,0.000
4591,1533.602,48.594,23.265,8.653,6.317,15.395,0.000,1.553,0.000,0.000,0.000,0.000,0.000,0.000
4592,1533.928,37.261,23.272,8.639,6.325,15.398,0.000,1.549,0.000,0.000,0.000,0.000,0.000,0.000
4593,1534.254,34.335,23.281,8.625,6.334,15.402,0.000,1.546,0.000,0.000,0.000,0.000,0.000,0.000
4594,1534.580,49.186,23.291,8.612,6.343,15.406,0.000,1.542,0.000,0.000,0.000,0.000,0.000,0.000
4595,1534.905,34.520,23.301,8.598,6.353,15.410,0.000,1.539,0.000,0.000,0.000,0.000,0.000,0.000
4596,1535.231,32.038,23.313,8.584,6.364,15.414,0.000,1.535,0.000,0.000,0.000,0.000,0.000,0.000
4597,1535.557,33.186,23.326,8.570,6.376,15.418,0.000,1.532,0.000,0.000,0.000,0.000,0.000,0.000
4598,1535.883,40.038,23.339,8.556,6.388,15.423,0.000,1.528,0.000,0.000,0.000,0.000,0.000,0.000
4599,1536.209,37.112,23.354,8.542,6.401,15.428,0.000,1.525,0.000,0.000,0.000,0.000,0.000,0.000
4600,1536.535,38.297,23.369,8.529,6.415,15.433,0.000,1.521,0.000,0.000,0.000,0.000,0.000,0.000
4601,1536.861,25.557,23.386,8.515,6.429,15.438,0.000,1.518,0.000,0.000,0.000,0.000,0.000,0.000
4602,1537.186,40.224,23.403,8.501,6.445,15.444,0.000,1.514,0.000,0.000,0.000,0.000,0.000,0.000
4603,1537.512,42.779,23.422,8.487,6.461,15.450,0.000,1.511,0.000,0.000,0.000,0.000,0.000,0.000
4604,1537.838,38.557,23.442,8.473,6.478,15.456,0.000,1.508,0.000,0.000,0.000,0.000,0.000,0.000
4605,1538.164,43.779,23.463,8.459,6.496,15.463,0.000,1.504,0.000,0.000,0.000,0.000,0.000,0.000
4606,1538.490,27.186,23.485,8.446,6.515,15.470,0.000,1.501,0.000,0.000,0.000,0.000,0.000,0.000
4607,1538.816,43.631,23.509,8.432,6.534,15.477,0.000,1.498,0.000,0.000,0.000,0.000,0.000,0.000
4608,1539.142,34.112,23.533,8.418,6.554,15.485,0.000,1.494,0.000,0.000,0.000,0.000,0.000,0.000
4609,1539.468,25.779,23.559,8.404,6.576,15.492,0.000,1.491,0.000,0.000,0.000,0.000,0.000,0.000
4610,1539.794,41.038,23.586,8.390,6.598,15.500,0.000,1.488,0.000,0.000,0.000,0.000,0.000,0.000
4611,1540.120,40.853,23.614,8.376,6.621,15.509,0.000,1.485,0.000,0.000,0.000,0.000,0.000,0.000
4612,1540.446,45.483,23.644,8.362,6.645,15.517,0.000,1.482,0.000,0.000,0.000,0.000,0.000,0.000
4613,1540.772,21.519,23.675,8.349,6.670,15.526,0.000,1.479,0.000,0.000,0.000,0.000,0.000,0.000
4614,1541.098,32.149,23.707,8.335,6.695,15.535,0.000,1.476,0.000,0.000,0.000,0.000,0.000,0.000
4615,1541.424,35.335,23.740,8.321,6.722,15.545,0.000,1.473,0.000,0.000,0.000,0.000,0.000,0.000
4616,1541.750,37.520,23.774,8.307,6.750,15.554,0.000,1.470,0.000,0.000,0.000,0.000,0.000,0.000
4617,1542.076,25.742,23.810,8.293,6.778,15.564,0.000,1.467,0.000,0.000,0.000,0.000,0.000,0.000
4618,1542.402,31.779,23.846,8.279,6.807,15.574,0.000,1.465,0.000,0.000,0.000,0.000,0.000,0.000
4619,1542.728,37.297,23.884,8.266,6.838,15.585,0.000,1.462,0.000,0.000,0.000,0.000,0.000,0.000
4620,1543.054,33.186,23.923,8.252,6.869,15.595,0.000,1.459,0.000,0.000,0.000,0.000,0.000,0.000
4621,1543.380,38.038,23.964,8.238,6.901,15.606,0.000,1.457,0.000,0.000,0.000,0.000,0.000,0.000
4622,1543.706,40.261,24.005,8.224,6.934,15.617,0.000,1.454,0.000,0.000,0.000,0.000,0.000,0.000
4623,1544.032,45.223,24.048,8.210,6.967,15.629,0.000,1.452,0.000,0.000,0.000,0.000,0.000,0.000
4624,1544.359,33.853,24.092,8.196,7.002,15.640,0.000,1.450,0.000,0.000,0.000,0.000,0.000,0.000
4625,1544.685,32.261,24.137,8.183,7.037,15.652,0.000,1.447,0.000,0.000,0.000,0.000,0.000,0.000
4626,1545.011,35.446,24.183,8.169,7.074,15.664,0.000,1.445,0.000,0.000,0.000,0.000,0.000,0.000
4627,1545.337,40.779,24.231,8.155,7.111,15.677,0.000,1.443,0.000,0.000,0.000,0.000,0.000,0.000
4628,1545.663,40.409,24.280,8.141,7.149,15.690,0.000,1.441,0.000,0.000,0.000,0.000,0.000,0.000
4629,1545.989,34.297,24.331,8.127,7.188,15.703,0.000,1.439,0.000,0.000,0.000,0.000,0.000,0.000
4630,1546.315,44.668,24.382,8.113,7.228,15.717,0.000,1.438,0.000,0.000,0.000,0.000,0.000,0.000
4631,1546.642,46.927,24.436,8.099,7.269,15.730,0.000,1.436,0.000,0.000,0.000,0.000,0.000,0.000
4632,1546.968,30.705,24.490,8.086,7.311,15.744,0.000,1.434,0.000,0.000,0.000,0.000,0.000,0.000
4633,1547.294,35.150,24.546,8.072,7.354,15.759,0.000,1.433,0.000,0.000,0.000,0.000,0.000,0.000
4634,1547.620,37.223,24.603,8.058,7.398,15.774,0.000,1.431,0.000,0.000,0.000,0.000,0.000,0.000
4635,1547.947,30.001,24.661,8.044,7.442,15.789,0.000,1.430,0.000,0.000,0.000,0.000,0.000,0.000
4636,1548.273,38.519,24.721,8.030,7.488,15.804,0.000,1.429,0.000,0.000,0.000,0.000,0.000,0.000
4637,1548.599,44.409,24.783,8.016,7.535,15.820,0.000,1.428,0.000,0.000,0.000,0.000,0.000,0.000
4638,1548.925,37.668,24.846,8.003,7.582,15.836,0.000,1.427,0.000,0.000,0.000,0.000,0.000,0.000
4639,1549.252,24.631,24.910,7.989,7.631,15.853,0.000,1.426,0.000,0.000,0.000,0.000,0.000,0.000
4640,1549.578,40.519,24.976,7.975,7.680,15.870,0.000,1.425,0.000,0.000,0.000,0.000,0.000,0.000
4641,1549.904,43.446,25.043,7.961,7.731,15.887,0.000,1.425,0.000,0.000,0.000,0.000,0.000,0.000
4642,1550.231,40.853,25.112,7.947,7.782,15.905,0.000,1.424,0.000,0.000,0.000,0.000,0.000,0.000
4643,1550.557,22.186,25.182,7.933,7.835,15.923,0.000,1.424,0.000,0.000,0.000,0.000,0.000,0.000
4644,1550.883,28.335,25.253,7.919,7.888,15.942,0.000,1.424,0.000,0.000,0.000,0.000,0.000,0.000
4645,1551.210,33.038,25.327,7.906,7.942,15.961,0.000,1.424,0.000,0.000,0.000,0.000,0.000,0.000
4646,1551.536,35.149,25.402,7.892,7.996,15.981,0.000,1.424,0.000,0.000,0.000,0.000,0.000,0.000
4647,1551.863,34.631,25.478,7.878,8.052,16.002,0.000,1.424,0.000,0.000,0.000,0.000,0.000,0.000
4648,1552.189,33.335,25.555,7.864,8.107,16.023,0.000,1.425,0.000,0.000,0.000,0.000,0.000,0.000
4649,1552.515,35.631,25.633,7.850,8.164,16.044,0.000,1.425,0.000,0.000,0.000,0.000,0.000,0.000
4650,1552.842,43.557,25.712,7.836,8.220,16.066,0.000,1.426,0.000,0.000,0.000,0.000,0.000,0.000
4651,1553.168,34.483,25.791,7.823,8.277,16.088,0.000,1.427,0.000,0.000,0.000,0.000,0.000,0.000
4652,1553.495,36.964,25.871,7.809,8.334,16.110,0.000,1.428,0.000,0.000,0.000,0.000,0.000,0.000
4653,1553.821,22.112,25.952,7.795,8.391,16.132,0.000,1.429,0.000,0.000,0.000,0.000,0.000,0.000
4654,1554.148,26.297,26.033,7.781,8.448,16.155,0.000,1.430,0.000,0.000,0.000,0.000,0.000,0.000
4655,1554.474,26.519,26.116,7.767,8.506,16.178,0.000,1.432,0.000,0.000,0.000,0.000,0.000,0.000
4656,1554.801,31.483,26.198,7.753,8.565,16.201,0.000,1.433,0.000,0.000,0.000,0.000,0.000,0.000
4657,1555.127,26.483,26.282,7.740,8.623,16.223,0.000,1.435,0.000,0.000,0.000,0.000,0.000,0.000
4658,1555.454,30.075,26.365,7.726,8.682,16.247,0.000,1.437,0.000,0.000,0.000,0.000,0.000,0.000
4659,1555.780,25.631,26.450,7.712,8.742,16.270,0.000,1.439,0.000,0.000,0.000,0.000,0.000,0.000
4660,1556.107,41.779,26.535,7.698,8.801,16.293,0.000,1.441,0.000,0.000,0.000,0.000,0.000,0.000
4661,1556.433,26.594,26.620,7.684,8.861,16.316,0.000,1.443,0.000,0.000,0.000,0.000,0.000,0.000
4662,1556.760,40.371,26.706,7.670,8.921,16.340,0.000,1.446,0.000,0.000,0.000,0.000,0.000,0.000
4663,1557.086,30.223,26.793,7.656,8.981,16.363,0.000,1.448,0.000,0.000,0.000,0.000,0.000,0.000
4664,1557.413,35.409,26.880,7.643,9.042,16.387,0.000,1.451,0.000,0.000,0.000,0.000,0.000,0.000
4665,1557.740,28.927,26.967,7.629,9.103,16.410,0.000,1.454,0.000,0.000,0.000,0.000,0.000,0.000
4666,1558.066,27.038,27.055,7.615,9.164,16.434,0.000,1.457,0.000,0.000,0.000,0.000,0.000,0.000
4667,1558.393,33.742,27.143,7.601,9.225,16.458,0.000,1.461,0.000,0.000,0.000,0.000,0.000,0.000
4668,1558.719,32.112,27.232,7.587,9.286,16.481,0.000,1.464,0.000,0.000,0.000,0.000,0.000,0.000
4669,1559.046,28.668,27.321,7.573,9.347,16.505,0.000,1.468,0.000,0.000,0.000,0.000,0.000,0.000
4670,1559.373,20.779,27.410,7.560,9.409,16.529,0.000,1.472,0.000,0.000,0.000,0.000,0.000,0.000
4671,1559.699,39.001,27.500,7.546,9.471,16.553,0.000,1.476,0.000,0.000,0.000,0.000,0.000,0.000
4672,1560.026,36.927,27.590,7.532,9.532,16.577,0.000,1.480,0.000,0.000,0.000,0.000,0.000,0.000
4673,1560.353,32.335,27.680,7.518,9.594,16.601,0.000,1.485,0.000,0.000,0.000,0.000,0.000,0.000
4674,1560.680,34.038,27.770,7.504,9.656,16.624,0.000,1.490,0.000,0.000,0.000,0.000,0.000,0.000
4675,1561.006,20.186,27.861,7.490,9.718,16.648,0.000,1.495,0.000,0.000,0.000,0.000,0.000,0.000
4676,1561.333,31.853,27.952,7.477,9.780,16.672,0.000,1.500,0.000,0.000,0.000,0.000,0.000,0.000
4677,1561.660,23.631,28.043,7.463,9.842,16.696,0.000,1.505,0.000,0.000,0.000,0.000,0.000,0.000
4678,1561.987,33.705,28.134,7.449,9.904,16.720,0.000,1.510,0.000,0.000,0.000,0.000,0.000,0.000
4679,1562.313,33.557,28.225,7.435,9.966,16.743,0.000,1.516,0.000,0.000,0.000,0.000,0.000,0.000
4680,1562.640,36.335,28.317,7.421,10.028,16.767,0.000,1.522,0.000,0.000,0.000,0.000,0.000,0.000
4681,1562.967,21.409,28.409,7.407,10.090,16.791,0.000,1.528,0.000,0.000,0.000,0.000,0.000,0.000
4682,1563.294,35.297,28.500,7.393,10.151,16.815,0.000,1.534,0.000,0.000,0.000,0.000,0.000,0.000
4683,1563.621,35.112,28.592,7.380,10.213,16.838,0.000,1.541,0.000,0.000,0.000,0.000,0.000,0.000
4684,1563.947,30.853,28.684,7.366,10.275,16.862,0.000,1.548,0.000,0.000,0.000,0.000,0.000,0.000
4685,1564.274,24.149,28.776,7.352,10.336,16.885,0.000,1.554,0.000,0.000,0.000,0.000,0.000,0.000
4686,1564.601,21.445,28.867,7.338,10.397,16.908,0.000,1.562,0.000,0.000,0.000,0.000,0.000,0.000
4687,1564.928,29.557,28.959,7.324,10.458,16.932,0.000,1.569,0.000,0.000,0.000,0.000,0.000,0.000
4688,1565.255,22.483,29.051,7.310,10.519,16.955,0.000,1.577,0.000,0.000,0.000,0.000,0.000,0.000
4689,1565.582,35.742,29.142,7.297,10.580,16.978,0.000,1.584,0.000,0.000,0.000,0.000,0.000,0.000
4690,1565.909,34.409,29.234,7.283,10.640,17.001,0.000,1.592,0.000,0.000,0.000,0.000,0.000,0.000
4691,1566.236,26.186,29.325,7.269,10.701,17.024,0.000,1.601,0.000,0.000,0.000,0.000,0.000,0.000
4692,1566.563,23.927,29.417,7.255,10.761,17.047,0.000,1.609,0.000,0.000,0.000,0.000,0.000,0.000
4693,1566.890,21.964,29.508,7.241,10.820,17.069,0.000,1.618,0.000,0.000,0.000,0.000,0.000,0.000
4694,1567.217,19.149,29.599,7.227,10.880,17.092,0.000,1.627,0.000,0.000,0.000,0.000,0.000,0.000
4695,1567.544,28.261,29.689,7.214,10.939,17.114,0.000,1.636,0.000,0.000,0.000,0.000,0.000,0.000
4696,1567.871,23.705,29.780,7.200,10.998,17.137,0.000,1.645,0.000,0.000,0.000,0.000,0.000,0.000
4697,1568.198,35.112,29.870,7.186,11.056,17.159,0.000,1.655,0.000,0.000,0.000,0.000,0.000,0.000
4698,1568.525,22.779,29.960,7.172,11.114,17.181,0.000,1.665,0.000,0.000,0.000,0.000,0.000,0.000
4699,1568.852,25.223,30.050,7.158,11.172,17.203,0.000,1.675,0.000,0.000,0.000,0.000,0.000,0.000
4700,1569.179,20.297,30.139,7.144,11.230,17.224,0.000,1.685,0.000,0.000,0.000,0.000,0.000,0.000
4701,1569.506,19.409,30.229,7.130,11.287,17.246,0.000,1.696,0.000,0.000,0.000,0.000,0.000,0.000
4702,1569.833,25.149,30.317,7.117,11.343,17.267,0.000,1.707,0.000,0.000,0.000,0.000,0.000,0.000
4703,1570.160,22.519,30.406,7.103,11.399,17.288,0.000,1.718,0.000,0.000,0.000,0.000,0.000,0.000
4704,1570.487,26.557,30.494,7.089,11.455,17.309,0.000,1.730,0.000,0.000,0.000,0.000,0.000,0.000
4705,1570.814,35.223,30.581,7.075,11.510,17.330,0.000,1.741,0.000,0.000,0.000,0.000,0.000,0.000
4706,1571.141,21.409,30.669,7.061,11.565,17.351,0.000,1.753,0.000,0.000,0.000,0.000,0.000,0.000
4707,1571.468,26.001,30.755,7.047,11.619,17.371,0.000,1.765,0.000,0.000,0.000,0.000,0.000,0.000
4708,1571.796,36.149,30.842,7.034,11.673,17.391,0.000,1.778,0.000,0.000,0.000,0.000,0.000,0.000
4709,1572.123,31.483,30.928,7.020,11.726,17.411,0.000,1.790,0.000,0.000,0.000,0.000,0.000,0.000
4710,1572.450,20.890,31.013,7.006,11.779,17.431,0.000,1.803,0.000,0.000,0.000,0.000,0.000,0.000
4711,1572.777,37.261,31.098,6.992,11.831,17.451,0.000,1.816,0.000,0.000,0.000,0.000,0.000,0.000
4712,1573.104,21.112,31.183,6.978,11.883,17.470,0.000,1.830,0.000,0.000,0.000,0.000,0.000,0.000
4713,1573.432,22.927,31.267,6.964,11.934,17.489,0.000,1.844,0.000,0.000,0.000,0.000,0.000,0.000
4714,1573.759,26.927,31.350,6.950,11.984,17.508,0.000,1.858,0.000,0.000,0.000,0.000,0.000,0.000
4715,1574.086,26.853,31.433,6.937,12.034,17.527,0.000,1.872,0.000,0.000,0.000,0.000,0.000,0.000
4716,1574.413,30.705,31.515,6.923,12.083,17.545,0.000,1.887,0.000,0.000,0.000,0.000,0.000,0.000
4717,1574.741,24.409,31.597,6.909,12.132,17.563,0.000,1.902,0.000,0.000,0.000,0.000,0.000,0.000
4718,1575.068,33.668,31.678,6.895,12.180,17.581,0.000,1.917,0.000,0.000,0.000,0.000,0.000,0.000
4719,1575.395,29.001,31.759,6.881,12.228,17.599,0.000,1.932,0.000,0.000,0.000,0.000,0.000,0.000
4720,1575.723,25.445,31.839,6.867,12.275,17.616,0.000,1.948,0.000,0.000,0.000,0.000,0.000,0.000
4721,1576.050,24.557,31.918,6.854,12.321,17.633,0.000,1.964,0.000,0.000,0.000,0.000,0.000,0.000
4722,1576.377,36.371,31.997,6.840,12.367,17.649,0.000,1.980,0.000,0.000,0.000,0.000,0.000,0.000
4723,1576.705,25.001,32.075,6.826,12.412,17.666,0.000,1.997,0.000,0.000,0.000,0.000,0.000,0.000
4724,1577.032,21.371,32.152,6.812,12.456,17.682,0.000,2.014,0.000,0.000,0.000,0.000,0.000,0.000
4725,1577.359,30.853,32.229,6.798,12.500,17.697,0.000,2.031,0.000,0.000,0.000,0.000,0.000,0.000
4726,1577.687,24.371,32.305,6.784,12.543,17.713,0.000,2.049,0.000,0.000,0.000,0.000,0.000,0.000
4727,1578.014,34.779,32.380,6.771,12.586,17.728,0.000,2.067,0.000,0.000,0.000,0.000,0.000,0.000
4728,1578.342,36.964,32.455,6.757,12.627,17.742,0.000,2.085,0.000,0.000,0.000,0.000,0.000,0.000
4729,1578.669,22.853,32.529,6.743,12.669,17.756,0.000,2.104,0.000,0.000,0.000,0.000,0.000,0.000
4730,1578.997,34.335,32.602,6.729,12.709,17.770,0.000,2.123,0.000,0.000,0.000,0.000,0.000,0.000
4731,1579.324,23.223,32.675,6.715,12.749,17.784,0.000,2.142,0.000,0.000,0.000,0.000,0.000,0.000
4732,1579.651,26.223,32.746,6.701,12.788,17.797,0.000,2.161,0.000,0.000,0.000,0.000,0.000,0.000
4733,1579.979,30.557,32.817,6.687,12.826,17.810,0.000,2.181,0.000,0.000,0.000,0.000,0.000,0.000
4734,1580.306,36.853,32.887,6.674,12.863,17.822,0.000,2.202,0.000,0.000,0.000,0.000,0.000,0.000
4735,1580.634,32.519,32.956,6.660,12.900,17.834,0.000,2.222,0.000,0.000,0.000,0.000,0.000,0.000
4736,1580.962,34.409,33.023,6.646,12.935,17.845,0.000,2.243,0.000,0.000,0.000,0.000,0.000,0.000
4737,1581.289,22.483,33.090,6.632,12.970,17.856,0.000,2.264,0.000,0.000,0.000,0.000,0.000,0.000
4738,1581.617,23.779,33.156,6.618,13.004,17.866,0.000,2.286,0.000,0.000,0.000,0.000,0.000,0.000
4739,1581.944,21.520,33.220,6.604,13.037,17.876,0.000,2.307,0.000,0.000,0.000,0.000,0.000,0.000
4740,1582.272,17.742,33.283,6.591,13.069,17.885,0.000,2.330,0.000,0.000,0.000,0.000,0.000,0.000
4741,1582.599,22.631,33.345,6.577,13.100,17.893,0.000,2.352,0.000,0.000,0.000,0.000,0.000,0.000
4742,1582.927,24.557,33.406,6.563,13.131,17.902,0.000,2.374,0.000,0.000,0.000,0.000,0.000,0.000
4743,1583.255,27.705,33.466,6.549,13.160,17.909,0.000,2.396,0.000,0.000,0.000,0.000,0.000,0.000
4744,1583.582,18.075,33.525,6.535,13.189,17.917,0.000,2.419,0.000,0.000,0.000,0.000,0.000,0.000
4745,1583.910,33.335,33.582,6.521,13.217,17.923,0.000,2.442,0.000,0.000,0.000,0.000,0.000,0.000
4746,1584.238,25.223,33.639,6.508,13.244,17.930,0.000,2.464,0.000,0.000,0.000,0.000,0.000,0.000
4747,1584.565,24.964,33.694,6.494,13.271,17.936,0.000,2.487,0.000,0.000,0.000,0.000,0.000,0.000
4748,1584.893,21.927,33.748,6.480,13.296,17.941,0.000,2.510,0.000,0.000,0.000,0.000,0.000,0.000
4749,1585.221,19.261,33.800,6.466,13.321,17.946,0.000,2.533,0.000,0.000,0.000,0.000,0.000,0.000
4750,1585.549,24.223,33.852,6.452,13.345,17.950,0.000,2.556,0.000,0.000,0.000,0.000,0.000,0.000
4751,1585.876,12.112,33.902,6.438,13.368,17.954,0.000,2.580,0.000,0.000,0.000,0.000,0.000,0.000
4752,1586.204,29.112,33.951,6.424,13.390,17.958,0.000,2.603,0.000,0.000,0.000,0.000,0.000,0.000
4753,1586.532,31.223,33.999,6.411,13.412,17.961,0.000,2.626,0.000,0.000,0.000,0.000,0.000,0.000
4754,1586.860,19.557,34.046,6.397,13.432,17.964,0.000,2.650,0.000,0.000,0.000,0.000,0.000,0.000
4755,1587.187,24.557,34.091,6.383,13.452,17.966,0.000,2.673,0.000,0.000,0.000,0.000,0.000,0.000
4756,1587.515,18.631,34.135,6.369,13.471,17.967,0.000,2.697,0.000,0.000,0.000,0.000,0.000,0.000
4757,1587.843,24.261,34.178,6.355,13.489,17.969,0.000,2.720,0.000,0.000,0.000,0.000,0.000,0.000
4758,1588.171,20.779,34.220,6.341,13.507,17.969,0.000,2.744,0.000,0.000,0.000,0.000,0.000,0.000
4759,1588.499,34.112,34.260,6.328,13.523,17.969,0.000,2.768,0.000,0.000,0.000,0.000,0.000,0.000
4760,1588.827,14.779,34.300,6.314,13.539,17.969,0.000,2.791,0.000,0.000,0.000,0.000,0.000,0.000
4761,1589.155,24.297,34.338,6.300,13.554,17.969,0.000,2.815,0.000,0.000,0.000,0.000,0.000,0.000
4762,1589.483,18.001,34.375,6.286,13.568,17.967,0.000,2.839,0.000,0.000,0.000,0.000,0.000,0.000
4763,1589.810,17.557,34.410,6.272,13.582,17.966,0.000,2.863,0.000,0.000,0.000,0.000,0.000,0.000
4764,1590.138,20.075,34.444,6.258,13.594,17.964,0.000,2.886,0.000,0.000,0.000,0.000,0.000,0.000
4765,1590.466,17.075,34.477,6.245,13.606,17.961,0.000,2.910,0.000,0.000,0.000,0.000,0.000,0.000
4766,1590.794,16.631,34.509,6.231,13.617,17.958,0.000,2.934,0.000,0.000,0.000,0.000,0.000,0.000
4767,1591.122,27.927,34.540,6.217,13.628,17.955,0.000,2.957,0.000,0.000,0.000,0.000,0.000,0.000
4768,1591.450,16.186,34.569,6.203,13.638,17.951,0.000,2.981,0.000,0.000,0.000,0.000,0.000,0.000
4769,1591.778,14.335,34.598,6.189,13.647,17.946,0.000,3.005,0.000,0.000,0.000,0.000,0.000,0.000
4770,1592.106,14.927,34.625,6.175,13.655,17.942,0.000,3.028,0.000,0.000,0.000,0.000,0.000,0.000
4771,1592.434,26.557,34.651,6.161,13.662,17.936,0.000,3.052,0.000,0.000,0.000,0.000,0.000,0.000
4772,1592.762,27.149,34.675,6.148,13.669,17.930,0.000,3.075,0.000,0.000,0.000,0.000,0.000,0.000
4773,1593.091,32.261,34.699,6.134,13.676,17.924,0.000,3.099,0.000,0.000,0.000,0.000,0.000,0.000
4774,1593.419,20.742,34.720,6.120,13.681,17.917,0.000,3.122,0.000,0.000,0.000,0.000,0.000,0.000
4775,1593.747,11.705,34.741,6.106,13.686,17.909,0.000,3.146,0.000,0.000,0.000,0.000,0.000,0.000
4776,1594.075,15.927,34.760,6.092,13.690,17.901,0.000,3.169,0.000,0.000,0.000,0.000,0.000,0.000
4777,1594.403,16.705,34.777,6.078,13.692,17.892,0.000,3.192,0.000,0.000,0.000,0.000,0.000,0.000
4778,1594.731,32.631,34.793,6.065,13.694,17.883,0.000,3.215,0.000,0.000,0.000,0.000,0.000,0.000
4779,1595.059,23.149,34.807,6.051,13.695,17.873,0.000,3.238,0.000,0.000,0.000,0.000,0.000,0.000
4780,1595.387,26.483,34.819,6.037,13.695,17.863,0.000,3.261,0.000,0.000,0.000,0.000,0.000,0.000
4781,1595.716,15.890,34.830,6.023,13.694,17.852,0.000,3.284,0.000,0.000,0.000,0.000,0.000,0.000
4782,1596.044,19.409,34.840,6.009,13.692,17.841,0.000,3.307,0.000,0.000,0.000,0.000,0.000,0.000
4783,1596.372,10.112,34.848,5.995,13.689,17.829,0.000,3.329,0.000,0.000,0.000,0.000,0.000,0.000
4784,1596.700,14.223,34.854,5.982,13.686,17.817,0.000,3.351,0.000,0.000,0.000,0.000,0.000,0.000
4785,1597.029,14.594,34.858,5.968,13.681,17.804,0.000,3.374,0.000,0.000,0.000,0.000,0.000,0.000
4786,1597.357,15.557,34.862,5.954,13.675,17.790,0.000,3.396,0.000,0.000,0.000,0.000,0.000,0.000
4787,1597.685,14.779,34.863,5.940,13.669,17.776,0.000,3.418,0.000,0.000,0.000,0.000,0.000,0.000
4788,1598.013,24.705,34.863,5.926,13.662,17.762,0.000,3.440,0.000,0.000,0.000,0.000,0.000,0.000
4789,1598.342,24.261,34.861,5.912,13.653,17.747,0.000,3.461,0.000,0.000,0.000,0.000,0.000,0.000
4790,1598.670,17.705,34.858,5.898,13.644,17.731,0.000,3.483,0.000,0.000,0.000,0.000,0.000,0.000
4791,1598.998,18.261,34.854,5.885,13.634,17.715,0.000,3.504,0.000,0.000,0.000,0.000,0.000,0.000
4792,1599.327,24.631,34.847,5.871,13.623,17.699,0.000,3.525,0.000,0.000,0.000,0.000,0.000,0.000
4793,1599.655,23.186,34.839,5.857,13.611,17.682,0.000,3.546,0.000,0.000,0.000,0.000,0.000,0.000
4794,1599.984,15.927,34.830,5.843,13.599,17.664,0.000,3.567,0.000,0.000,0.000,0.000,0.000,0.000
4795,1600.312,24.705,34.819,5.829,13.585,17.647,0.000,3.587,0.000,0.000,0.000,0.000,0.000,0.000
4796,1600.640,20.223,34.807,5.815,13.571,17.628,0.000,3.608,0.000,0.000,0.000,0.000,0.000,0.000
4797,1600.969,21.594,34.793,5.802,13.555,17.609,0.000,3.628,0.000,0.000,0.000,0.000,0.000,0.000
4798,1601.297,22.705,34.777,5.788,13.539,17.590,0.000,3.648,0.000,0.000,0.000,0.000,0.000,0.000
4799,1601.626,23.112,34.760,5.774,13.522,17.570,0.000,3.667,0.000,0.000,0.000,0.000,0.000,0.000
4800,1601.954,23.520,34.741,5.760,13.505,17.550,0.000,3.687,0.000,0.000,0.000,0.000,0.000,0.000
4801,1602.283,25.519,34.721,5.746,13.486,17.529,0.000,3.706,0.000,0.000,0.000,0.000,0.000,0.000
4802,1602.611,23.779,34.700,5.732,13.466,17.508,0.000,3.725,0.000,0.000,0.000,0.000,0.000,0.000
4803,1602.940,21.668,34.676,5.718,13.446,17.487,0.000,3.743,0.000,0.000,0.000,0.000,0.000,0.000
4804,1603.268,17.594,34.652,5.705,13.425,17.465,0.000,3.762,0.000,0.000,0.000,0.000,0.000,0.000
4805,1603.597,22.261,34.626,5.691,13.403,17.443,0.000,3.780,0.000,0.000,0.000,0.000,0.000,0.000
4806,1603.925,20.594,34.598,5.677,13.381,17.420,0.000,3.798,0.000,0.000,0.000,0.000,0.000,0.000
4807,1604.254,14.112,34.569,5.663,13.357,17.397,0.000,3.815,0.000,0.000,0.000,0.000,0.000,0.000
4808,1604.583,17.890,34.539,5.649,13.333,17.373,0.000,3.833,0.000,0.000,0.000,0.000,0.000,0.000
4809,1604.911,12.038,34.507,5.635,13.308,17.349,0.000,3.850,0.000,0.000,0.000,0.000,0.000,0.000
4810,1605.240,19.668,34.474,5.622,13.282,17.325,0.000,3.866,0.000,0.000,0.000,0.000,0.000,0.000
4811,1605.569,30.705,34.439,5.608,13.256,17.300,0.000,3.883,0.000,0.000,0.000,0.000,0.000,0.000
4812,1605.897,18.520,34.403,5.594,13.228,17.276,0.000,3.899,0.000,0.000,0.000,0.000,0.000,0.000
4813,1606.226,16.964,34.365,5.580,13.200,17.250,0.000,3.915,0.000,0.000,0.000,0.000,0.000,0.000
4814,1606.555,21.964,34.326,5.566,13.172,17.225,0.000,3.930,0.000,0.000,0.000,0.000,0.000,0.000
4815,1606.883,27.038,34.286,5.552,13.142,17.199,0.000,3.945,0.000,0.000,0.000,0.000,0.000,0.000
4816,1607.212,16.964,34.244,5.539,13.112,17.172,0.000,3.960,0.000,0.000,0.000,0.000,0.000,0.000
4817,1607.541,22.594,34.201,5.525,13.081,17.146,0.000,3.974,0.000,0.000,0.000,0.000,0.000,0.000
4818,1607.870,20.409,34.157,5.511,13.050,17.119,0.000,3.989,0.000,0.000,0.000,0.000,0.000,0.000
4819,1608.198,21.002,34.111,5.497,13.017,17.092,0.000,4.002,0.000,0.000,0.000,0.000,0.000,0.000
4820,1608.527,23.705,34.065,5.483,12.985,17.064,0.000,4.016,0.000,0.000,0.000,0.000,0.000,0.000
4821,1608.856,16.076,34.016,5.469,12.951,17.036,0.000,4.029,0.000,0.000,0.000,0.000,0.000,0.000
4822,1609.185,16.928,33.967,5.455,12.917,17.008,0.000,4.042,0.000,0.000,0.000,0.000,0.000,0.000
4823,1609.514,16.335,33.916,5.442,12.882,16.980,0.000,4.054,0.000,0.000,0.000,0.000,0.000,0.000
4824,1609.842,26.409,33.864,5.428,12.846,16.951,0.000,4.066,0.000,0.000,0.000,0.000,0.000,0.000
4825,1610.171,23.964,33.810,5.414,12.810,16.923,0.000,4.078,0.000,0.000,0.000,0.000,0.000,0.000
4826,1610.500,17.890,33.755,5.400,12.773,16.893,0.000,4.089,0.000,0.000,0.000,0.000,0.000,0.000
4827,1610.829,26.816,33.699,5.386,12.736,16.864,0.000,4.100,0.000,0.000,0.000,0.000,0.000,0.000
4828,1611.158,24.297,33.642,5.372,12.698,16.834,0.000,4.110,0.000,0.000,0.000,0.000,0.000,0.000
4829,1611.487,26.372,33.583,5.359,12.659,16.804,0.000,4.121,0.000,0.000,0.000,0.000,0.000,0.000
4830,1611.816,19.964,33.523,5.345,12.620,16.773,0.000,4.130,0.000,0.000,0.000,0.000,0.000,0.000
4831,1612.145,21.520,33.462,5.331,12.580,16.743,0.000,4.140,0.000,0.000,0.000,0.000,0.000,0.000
4832,1612.474,21.483,33.400,5.317,12.540,16.712,0.000,4.149,0.000,0.000,0.000,0.000,0.000,0.000
4833,1612.803,17.816,33.336,5.303,12.499,16.680,0.000,4.157,0.000,0.000,0.000,0.000,0.000,0.000
4834,1613.132,15.519,33.271,5.289,12.457,16.649,0.000,4.165,0.000,0.000,0.000,0.000,0.000,0.000
4835,1613.461,18.112,33.205,5.276,12.415,16.617,0.000,4.173,0.000,0.000,0.000,0.000,0.000,0.000
4836,1613.790,19.335,33.137,5.262,12.372,16.585,0.000,4.180,0.000,0.000,0.000,0.000,0.000,0.000
4837,1614.119,12.076,33.069,5.248,12.329,16.552,0.000,4.187,0.000,0.000,0.000,0.000,0.000,0.000
4838,1614.448,29.631,32.999,5.234,12.286,16.520,0.000,4.194,0.000,0.000,0.000,0.000,0.000,0.000
4839,1614.777,30.520,32.928,5.220,12.241,16.487,0.000,4.200,0.000,0.000,0.000,0.000,0.000,0.000
4840,1615.107,12.594,32.856,5.206,12.197,16.454,0.000,4.205,0.000,0.000,0.000,0.000,0.000,0.000
4841,1615.436,26.186,32.783,5.192,12.152,16.421,0.000,4.211,0.000,0.000,0.000,0.000,0.000,0.000
4842,1615.765,9.224,32.709,5.179,12.106,16.387,0.000,4.215,0.000,0.000,0.000,0.000,0.000,0.000
4843,1616.094,26.816,32.633,5.165,12.060,16.354,0.000,4.220,0.000,0.000,0.000,0.000,0.000,0.000
4844,1616.423,21.224,32.557,5.151,12.013,16.320,0.000,4.224,0.000,0.000,0.000,0.000,0.000,0.000
4845,1616.752,19.816,32.479,5.137,11.966,16.286,0.000,4.227,0.000,0.000,0.000,0.000,0.000,0.000
4846,1617.082,14.261,32.401,5.123,11.919,16.252,0.000,4.230,0.000,0.000,0.000,0.000,0.000,0.000
4847,1617.411,23.742,32.321,5.109,11.871,16.217,0.000,4.233,0.000,0.000,0.000,0.000,0.000,0.000
4848,1617.740,22.964,32.241,5.096,11.822,16.183,0.000,4.235,0.000,0.000,0.000,0.000,0.000,0.000
4849,1618.069,25.483,32.159,5.082,11.774,16.148,0.000,4.237,0.000,0.000,0.000,0.000,0.000,0.000
4850,1618.399,13.298,32.076,5.068,11.724,16.114,0.000,4.238,0.000,0.000,0.000,0.000,0.000,0.000
4851,1618.728,22.261,31.993,5.054,11.675,16.079,0.000,4.239,0.000,0.000,0.000,0.000,0.000,0.000
4852,1619.057,18.890,31.908,5.040,11.625,16.044,0.000,4.240,0.000,0.000,0.000,0.000,0.000,0.000
4853,1619.387,23.150,31.823,5.026,11.574,16.009,0.000,4.240,0.000,0.000,0.000,0.000,0.000,0.000
4854,1619.716,18.483,31.737,5.013,11.524,15.973,0.000,4.240,0.000,0.000,0.000,0.000,0.000,0.000
4855,1620.045,14.483,31.649,4.999,11.472,15.938,0.000,4.239,0.000,0.000,0.000,0.000,0.000,0.000
4856,1620.375,19.742,31.561,4.985,11.421,15.903,0.000,4.237,0.000,0.000,0.000,0.000,0.000,0.000
4857,1620.704,19.372,31.472,4.971,11.369,15.867,0.000,4.236,0.000,0.000,0.000,0.000,0.000,0.000
4858,1621.034,26.409,31.382,4.957,11.317,15.832,0.000,4.234,0.000,0.000,0.000,0.000,0.000,0.000
4859,1621.363,17.668,31.291,4.943,11.264,15.796,0.000,4.231,0.000,0.000,0.000,0.000,0.000,0.000
4860,1621.692,18.483,31.200,4.929,11.211,15.760,0.000,4.228,0.000,0.000,0.000,0.000,0.000,0.000
4861,1622.022,22.298,31.107,4.916,11.158,15.725,0.000,4.225,0.000,0.000,0.000,0.000,0.000,0.000
4862,1622.351,21.372,31.014,4.902,11.105,15.689,0.000,4.221,0.000,0.000,0.000,0.000,0.000,0.000
4863,1622.681,24.409,30.920,4.888,11.051,15.653,0.000,4.216,0.000,0.000,0.000,0.000,0.000,0.000
4864,1623.010,13.668,30.826,4.874,10.997,15.617,0.000,4.212,0.000,0.000,0.000,0.000,0.000,0.000
4865,1623.340,26.853,30.730,4.860,10.942,15.582,0.000,4.207,0.000,0.000,0.000,0.000,0.000,0.000
4866,1623.670,20.890,30.634,4.846,10.887,15.546,0.000,4.201,0.000,0.000,0.000,0.000,0.000,0.000
4867,1623.999,22.594,30.537,4.833,10.832,15.510,0.000,4.195,0.000,0.000,0.000,0.000,0.000,0.000
4868,1624.329,20.002,30.440,4.819,10.777,15.474,0.000,4.189,0.000,0.000,0.000,0.000,0.000,0.000
4869,1624.658,17.261,30.342,4.805,10.722,15.439,0.000,4.182,0.000,0.000,0.000,0.000,0.000,0.000
4870,1624.988,23.261,30.243,4.791,10.666,15.403,0.000,4.174,0.000,0.000,0.000,0.000,0.000,0.000
4871,1625.318,19.298,30.144,4.777,10.610,15.367,0.000,4.167,0.000,0.000,0.000,0.000,0.000,0.000
4872,1625.647,20.520,30.044,4.763,10.554,15.332,0.000,4.158,0.000,0.000,0.000,0.000,0.000,0.000
4873,1625.977,17.557,29.943,4.749,10.497,15.296,0.000,4.150,0.000,0.000,0.000,0.000,0.000,0.000
4874,1626.307,28.039,29.842,4.736,10.440,15.261,0.000,4.141,0.000,0.000,0.000,0.000,0.000,0.000
4875,1626.636,20.964,29.740,4.722,10.383,15.225,0.000,4.132,0.000,0.000,0.000,0.000,0.000,0.000
4876,1626.966,21.594,29.638,4.708,10.326,15.190,0.000,4.122,0.000,0.000,0.000,0.000,0.000,0.000
4877,1627.296,22.853,29.535,4.694,10.269,15.155,0.000,4.112,0.000,0.000,0.000,0.000,0.000,0.000
4878,1627.626,10.631,29.431,4.680,10.211,15.119,0.000,4.101,0.000,0.000,0.000,0.000,0.000,0.000
4879,1627.955,6.928,29.327,4.666,10.154,15.084,0.000,4.090,0.000,0.000,0.000,0.000,0.000,0.000
4880,1628.285,20.964,29.223,4.653,10.096,15.049,0.000,4.079,0.000,0.000,0.000,0.000,0.000,0.000
4881,1628.615,21.409,29.118,4.639,10.038,15.013,0.000,4.067,0.000,0.000,0.000,0.000,0.000,0.000
4882,1628.945,21.038,29.012,4.625,9.979,14.978,0.000,4.055,0.000,0.000,0.000,0.000,0.000,0.000
4883,1629.275,19.779,28.906,4.611,9.921,14.943,0.000,4.042,0.000,0.000,0.000,0.000,0.000,0.000
4884,1629.605,7.705,28.799,4.597,9.862,14.908,0.000,4.029,0.000,0.000,0.000,0.000,0.000,0.000
4885,1629.935,20.890,28.692,4.583,9.804,14.873,0.000,4.016,0.000,0.000,0.000,0.000,0.000,0.000
4886,1630.264,19.483,28.584,4.570,9.745,14.838,0.000,4.002,0.000,0.000,0.000,0.000,0.000,0.000
4887,1630.594,22.446,28.476,4.556,9.686,14.802,0.000,3.988,0.000,0.000,0.000,0.000,0.000,0.000
4888,1630.924,16.298,28.367,4.542,9.626,14.768,0.000,3.974,0.000,0.000,0.000,0.000,0.000,0.000
4889,1631.254,21.928,28.258,4.528,9.567,14.733,0.000,3.959,0.000,0.000,0.000,0.000,0.000,0.000
4890,1631.584,18.668,28.149,4.514,9.508,14.698,0.000,3.944,0.000,0.000,0.000,0.000,0.000,0.000
4891,1631.914,25.742,28.039,4.500,9.448,14.663,0.000,3.928,0.000,0.000,0.000,0.000,0.000,0.000
4892,1632.244,22.520,27.929,4.486,9.389,14.628,0.000,3.912,0.000,0.000,0.000,0.000,0.000,0.000
4893,1632.574,16.446,27.819,4.473,9.329,14.594,0.000,3.896,0.000,0.000,0.000,0.000,0.000,0.000
4894,1632.904,19.964,27.708,4.459,9.269,14.559,0.000,3.879,0.000,0.000,0.000,0.000,0.000,0.000
4895,1633.234,16.409,27.597,4.445,9.209,14.525,0.000,3.863,0.000,0.000,0.000,0.000,0.000,0.000
4896,1633.565,25.668,27.485,4.431,9.149,14.490,0.000,3.845,0.000,0.000,0.000,0.000,0.000,0.000
4897,1633.895,11.928,27.373,4.417,9.089,14.456,0.000,3.828,0.000,0.000,0.000,0.000,0.000,0.000
4898,1634.225,20.483,27.261,4.403,9.029,14.422,0.000,3.810,0.000,0.000,0.000,0.000,0.000,0.000
4899,1634.555,11.150,27.149,4.390,8.969,14.388,0.000,3.792,0.000,0.000,0.000,0.000,0.000,0.000
4900,1634.885,25.594,27.036,4.376,8.909,14.354,0.000,3.773,0.000,0.000,0.000,0.000,0.000,0.000
4901,1635.215,25.113,26.923,4.362,8.848,14.320,0.000,3.755,0.000,0.000,0.000,0.000,0.000,0.000
4902,1635.545,25.705,26.810,4.348,8.788,14.287,0.000,3.735,0.000,0.000,0.000,0.000,0.000,0.000
4903,1635.876,23.076,26.697,4.334,8.728,14.253,0.000,3.716,0.000,0.000,0.000,0.000,0.000,0.000
4904,1636.206,19.372,26.583,4.320,8.667,14.220,0.000,3.696,0.000,0.000,0.000,0.000,0.000,0.000
4905,1636.536,20.187,26.470,4.307,8.607,14.186,0.000,3.677,0.000,0.000,0.000,0.000,0.000,0.000
4906,1636.866,10.150,26.356,4.293,8.546,14.153,0.000,3.656,0.000,0.000,0.000,0.000,0.000,0.000
4907,1637.197,25.409,26.242,4.279,8.486,14.120,0.000,3.636,0.000,0.000,0.000,0.000,0.000,0.000
4908,1637.527,22.891,26.128,4.265,8.425,14.087,0.000,3.615,0.000,0.000,0.000,0.000,0.000,0.000
4909,1637.857,19.298,26.013,4.251,8.365,14.055,0.000,3.594,0.000,0.000,0.000,0.000,0.000,0.000
4910,1638.188,14.668,25.899,4.237,8.304,14.022,0.000,3.573,0.000,0.000,0.000,0.000,0.000,0.000
4911,1638.518,30.631,25.785,4.223,8.243,13.990,0.000,3.551,0.000,0.000,0.000,0.000,0.000,0.000
4912,1638.848,14.742,25.670,4.210,8.183,13.958,0.000,3.530,0.000,0.000,0.000,0.000,0.000,0.000
4913,1639.179,31.668,25.556,4.196,8.122,13.926,0.000,3.508,0.000,0.000,0.000,0.000,0.000,0.000
4914,1639.509,22.668,25.441,4.182,8.062,13.894,0.000,3.485,0.000,0.000,0.000,0.000,0.000,0.000
4915,1639.840,19.076,25.327,4.168,8.001,13.862,0.000,3.463,0.000,0.000,0.000,0.000,0.000,0.000
4916,1640.170,19.705,25.212,4.154,7.941,13.831,0.000,3.440,0.000,0.000,0.000,0.000,0.000,0.000
4917,1640.501,20.076,25.097,4.140,7.880,13.799,0.000,3.418,0.000,0.000,0.000,0.000,0.000,0.000
4918,1640.831,14.409,24.983,4.127,7.820,13.768,0.000,3.395,0.000,0.000,0.000,0.000,0.000,0.000
4919,1641.162,23.631,24.868,4.113,7.759,13.738,0.000,3.371,0.000,0.000,0.000,0.000,0.000,0.000
4920,1641.492,28.409,24.754,4.099,7.699,13.707,0.000,3.348,0.000,0.000,0.000,0.000,0.000,0.000
4921,1641.823,25.669,24.639,4.085,7.639,13.676,0.000,3.324,0.000,0.000,0.000,0.000,0.000,0.000
4922,1642.153,19.891,24.525,4.071,7.578,13.646,0.000,3.301,0.000,0.000,0.000,0.000,0.000,0.000
4923,1642.484,21.928,24.411,4.057,7.518,13.616,0.000,3.277,0.000,0.000,0.000,0.000,0.000,0.000
4924,1642.814,24.409,24.297,4.044,7.458,13.586,0.000,3.253,0.000,0.000,0.000,0.000,0.000,0.000
4925,1643.145,18.150,24.183,4.030,7.398,13.557,0.000,3.228,0.000,0.000,0.000,0.000,0.000,0.000
4926,1643.476,27.002,24.069,4.016,7.338,13.527,0.000,3.204,0.000,0.000,0.000,0.000,0.000,0.000
4927,1643.806,21.335,23.955,4.002,7.278,13.498,0.000,3.179,0.000,0.000,0.000,0.000,0.000,0.000
4928,1644.137,12.891,23.842,3.988,7.218,13.469,0.000,3.155,0.000,0.000,0.000,0.000,0.000,0.000
4929,1644.468,27.409,23.728,3.974,7.158,13.440,0.000,3.130,0.000,0.000,0.000,0.000,0.000,0.000
4930,1644.798,14.150,23.615,3.960,7.099,13.412,0.000,3.105,0.000,0.000,0.000,0.000,0.000,0.000
4931,1645.129,28.595,23.502,3.947,7.039,13.383,0.000,3.080,0.000,0.000,0.000,0.000,0.000,0.000
4932,1645.460,15.409,23.389,3.933,6.980,13.355,0.000,3.054,0.000,0.000,0.000,0.000,0.000,0.000
4933,1645.791,23.002,23.276,3.919,6.920,13.327,0.000,3.029,0.000,0.000,0.000,0.000,0.000,0.000
4934,1646.122,16.224,23.164,3.905,6.861,13.299,0.000,3.004,0.000,0.000,0.000,0.000,0.000,0.000
4935,1646.452,19.150,23.051,3.891,6.802,13.271,0.000,2.978,0.000,0.000,0.000,0.000,0.000,0.000
4936,1646.783,17.039,22.939,3.877,6.743,13.243,0.000,2.953,0.000,0.000,0.000,0.000,0.000,0.000
4937,1647.114,25.631,22.827,3.864,6.684,13.216,0.000,2.927,0.000,0.000,0.000,0.000,0.000,0.000
4938,1647.445,27.187,22.715,3.850,6.625,13.188,0.000,2.901,0.000,0.000,0.000,0.000,0.000,0.000
4939,1647.776,19.150,22.603,3.836,6.566,13.161,0.000,2.875,0.000,0.000,0.000,0.000,0.000,0.000
4940,1648.107,11.965,22.491,3.822,6.508,13.134,0.000,2.850,0.000,0.000,0.000,0.000,0.000,0.000
4941,1648.438,27.557,22.394,3.822,6.449,13.120,0.000,2.824,0.000,0.000,0.000,0.000,0.000,0.000
4942,1648.769,17.928,22.296,3.821,6.391,13.107,0.000,2.798,0.000,0.000,0.000,0.000,0.000,0.000
4943,1649.099,19.335,22.199,3.821,6.333,13.093,0.000,2.772,0.000,0.000,0.000,0.000,0.000,0.000
4944,1649.430,15.187,22.102,3.820,6.275,13.080,0.000,2.746,0.000,0.000,0.000,0.000,0.000,0.000
4945,1649.761,19.076,22.005,3.820,6.218,13.067,0.000,2.720,0.000,0.000,0.000,0.000,0.000,0.000
4946,1650.092,26.891,21.908,3.820,6.160,13.054,0.000,2.694,0.000,0.000,0.000,0.000,0.000,0.000
4947,1650.424,25.409,21.812,3.819,6.103,13.042,0.000,2.668,0.000,0.000,0.000,0.000,0.000,0.000
4948,1650.755,22.483,21.716,3.819,6.046,13.029,0.000,2.642,0.000,0.000,0.000,0.000,0.000,0.000
4949,1651.086,8.631,21.621,3.818,5.989,13.016,0.000,2.616,0.000,0.000,0.000,0.000,0.000,0.000
4950,1651.417,13.631,21.525,3.818,5.932,13.004,0.000,2.589,0.000,0.000,0.000,0.000,0.000,0.000
4951,1651.748,15.669,21.430,3.818,5.875,12.992,0.000,2.563,0.000,0.000,0.000,0.000,0.000,0.000
4952,1652.079,16.261,21.336,3.817,5.818,12.980,0.000,2.537,0.000,0.000,0.000,0.000,0.000,0.000
4953,1652.410,21.002,21.242,3.817,5.762,12.968,0.000,2.511,0.000,0.000,0.000,0.000,0.000,0.000
4954,1652.741,18.409,21.148,3.816,5.706,12.957,0.000,2.485,0.000,0.000,0.000,0.000,0.000,0.000
4955,1653.073,18.669,21.054,3.816,5.650,12.945,0.000,2.459,0.000,0.000,0.000,0.000,0.000,0.000
4956,1653.404,36.964,20.961,3.816,5.594,12.934,0.000,2.433,0.000,0.000,0.000,0.000,0.000,0.000
4957,1653.735,12.520,20.869,3.815,5.539,12.923,0.000,2.407,0.000,0.000,0.000,0.000,0.000,0.000
4958,1654.066,19.002,20.776,3.815,5.483,12.912,0.000,2.381,0.000,0.000,0.000,0.000,0.000,0.000
4959,1654.397,22.150,20.684,3.814,5.428,12.901,0.000,2.355,0.000,0.000,0.000,0.000,0.000,0.000
4960,1654.729,17.409,20.593,3.814,5.373,12.891,0.000,2.329,0.000,0.000,0.000,0.000,0.000,0.000
4961,1655.060,12.964,20.502,3.814,5.318,12.880,0.000,2.303,0.000,0.000,0.000,0.000,0.000,0.000
4962,1655.391,27.483,20.411,3.813,5.264,12.870,0.000,2.278,0.000,0.000,0.000,0.000,0.000,0.000
4963,1655.723,20.853,20.321,3.813,5.210,12.860,0.000,2.252,0.000,0.000,0.000,0.000,0.000,0.000
4964,1656.054,23.595,20.232,3.812,5.155,12.850,0.000,2.226,0.000,0.000,0.000,0.000,0.000,0.000
4965,1656.386,23.298,20.142,3.812,5.102,12.840,0.000,2.201,0.000,0.000,0.000,0.000,0.000,0.000
4966,1656.717,20.965,20.054,3.812,5.048,12.831,0.000,2.175,0.000,0.000,0.000,0.000,0.000,0.000
4967,1657.048,18.372,19.966,3.811,4.994,12.821,0.000,2.150,0.000,0.000,0.000,0.000,0.000,0.000
4968,1657.380,20.076,19.878,3.811,4.941,12.812,0.000,2.124,0.000,0.000,0.000,0.000,0.000,0.000
4969,1657.711,25.150,19.791,3.810,4.888,12.803,0.000,2.099,0.000,0.000,0.000,0.000,0.000,0.000
4970,1658.043,19.483,19.704,3.810,4.836,12.794,0.000,2.074,0.000,0.000,0.000,0.000,0.000,0.000
4971,1658.374,29.521,19.618,3.810,4.783,12.786,0.000,2.049,0.000,0.000,0.000,0.000,0.000,0.000
4972,1658.706,28.038,19.532,3.809,4.731,12.777,0.000,2.024,0.000,0.000,0.000,0.000,0.000,0.000
4973,1659.037,31.076,19.447,3.809,4.679,12.769,0.000,1.999,0.000,0.000,0.000,0.000,0.000,0.000
4974,1659.369,16.890,19.363,3.808,4.627,12.761,0.000,1.974,0.000,0.000,0.000,0.000,0.000,0.000
4975,1659.701,29.705,19.279,3.808,4.576,12.753,0.000,1.950,0.000,0.000,0.000,0.000,0.000,0.000
4976,1660.032,20.483,19.195,3.808,4.525,12.745,0.000,1.925,0.000,0.000,0.000,0.000,0.000,0.000
4977,1660.364,15.705,19.112,3.807,4.474,12.738,0.000,1.901,0.000,0.000,0.000,0.000,0.000,0.000
4978,1660.695,23.076,19.030,3.807,4.423,12.730,0.000,1.877,0.000,0.000,0.000,0.000,0.000,0.000
4979,1661.027,29.779,18.949,3.806,4.373,12.723,0.000,1.852,0.000,0.000,0.000,0.000,0.000,0.000
4980,1661.359,25.891,18.868,3.806,4.323,12.716,0.000,1.828,0.000,0.000,0.000,0.000,0.000,0.000
4981,1661.690,18.965,18.787,3.806,4.273,12.709,0.000,1.805,0.000,0.000,0.000,0.000,0.000,0.000
4982,1662.022,26.224,18.707,3.805,4.224,12.703,0.000,1.781,0.000,0.000,0.000,0.000,0.000,0.000
4983,1662.354,15.817,18.628,3.805,4.174,12.696,0.000,1.757,0.000,0.000,0.000,0.000,0.000,0.000
4984,1662.686,19.594,18.549,3.804,4.126,12.690,0.000,1.734,0.000,0.000,0.000,0.000,0.000,0.000
4985,1663.017,23.409,18.471,3.804,4.077,12.684,0.000,1.711,0.000,0.000,0.000,0.000,0.000,0.000
4986,1663.349,24.076,18.394,3.804,4.029,12.678,0.000,1.687,0.000,0.000,0.000,0.000,0.000,0.000
4987,1663.681,25.705,18.317,3.803,3.981,12.672,0.000,1.664,0.000,0.000,0.000,0.000,0.000,0.000
4988,1664.013,21.335,18.240,3.803,3.933,12.666,0.000,1.642,0.000,0.000,0.000,0.000,0.000,0.000
4989,1664.345,15.076,18.164,3.802,3.885,12.660,0.000,1.619,0.000,0.000,0.000,0.000,0.000,0.000
4990,1664.677,15.631,18.089,3.802,3.838,12.654,0.000,1.596,0.000,0.000,0.000,0.000,0.000,0.000
4991,1665.009,20.817,18.014,3.802,3.791,12.649,0.000,1.574,0.000,0.000,0.000,0.000,0.000,0.000
4992,1665.341,20.595,17.940,3.801,3.745,12.643,0.000,1.552,0.000,0.000,0.000,0.000,0.000,0.000
4993,1665.673,20.224,17.866,3.801,3.699,12.638,0.000,1.530,0.000,0.000,0.000,0.000,0.000,0.000
4994,1666.005,22.335,17.793,3.800,3.653,12.633,0.000,1.508,0.000,0.000,0.000,0.000,0.000,0.000
4995,1666.337,28.409,17.721,3.800,3.607,12.628,0.000,1.486,0.000,0.000,0.000,0.000,0.000,0.000
4996,1666.669,27.891,17.649,3.800,3.562,12.623,0.000,1.465,0.000,0.000,0.000,0.000,0.000,0.000
4997,1667.001,21.187,17.578,3.799,3.517,12.618,0.000,1.444,0.000,0.000,0.000,0.000,0.000,0.000
4998,1667.333,18.779,17.507,3.799,3.472,12.613,0.000,1.422,0.000,0.000,0.000,0.000,0.000,0.000
4999,1667.665,26.224,17.437,3.798,3.428,12.608,0.000,1.401,0.000,0.000,0.000,0.000,0.000,0.000
5000,1667.997,20.150,17.368,3.798,3.384,12.603,0.000,1.381,0.000,0.000,0.000,0.000,0.000,0.000
5001,1668.329,25.779,17.299,3.798,3.340,12.599,0.000,1.360,0.000,0.000,0.000,0.000,0.000,0.000
5002,1668.661,23.224,17.231,3.797,3.297,12.594,0.000,1.340,0.000,0.000,0.000,0.000,0.000,0.000
5003,1668.993,30.150,17.163,3.797,3.254,12.590,0.000,1.319,0.000,0.000,0.000,0.000,0.000,0.000
5004,1669.325,31.965,17.096,3.796,3.211,12.585,0.000,1.299,0.000,0.000,0.000,0.000,0.000,0.000
5005,1669.658,23.150,17.029,3.796,3.169,12.581,0.000,1.279,0.000,0.000,0.000,0.000,0.000,0.000
5006,1669.990,26.335,16.964,3.796,3.127,12.577,0.000,1.260,0.000,0.000,0.000,0.000,0.000,0.000
5007,1670.322,24.594,16.898,3.795,3.085,12.573,0.000,1.240,0.000,0.000,0.000,0.000,0.000,0.000
5008,1670.654,17.669,16.834,3.795,3.044,12.569,0.000,1.221,0.000,0.000,0.000,0.000,0.000,0.000
5009,1670.987,15.113,16.770,3.794,3.003,12.565,0.000,1.202,0.000,0.000,0.000,0.000,0.000,0.000
5010,1671.319,21.779,16.706,3.794,2.962,12.562,0.000,1.183,0.000,0.000,0.000,0.000,0.000,0.000
5011,1671.651,23.113,16.644,3.793,2.922,12.558,0.000,1.164,0.000,0.000,0.000,0.000,0.000,0.000
5012,1671.984,29.853,16.582,3.793,2.882,12.554,0.000,1.146,0.000,0.000,0.000,0.000,0.000,0.000
5013,1672.316,37.779,16.520,3.793,2.842,12.551,0.000,1.127,0.000,0.000,0.000,0.000,0.000,0.000
5014,1672.648,7.187,16.460,3.792,2.803,12.547,0.000,1.109,0.000,0.000,0.000,0.000,0.000,0.000
5015,1672.981,17.594,16.400,3.792,2.764,12.544,0.000,1.091,0.000,0.000,0.000,0.000,0.000,0.000
5016,1673.313,11.853,16.340,3.791,2.725,12.541,0.000,1.074,0.000,0.000,0.000,0.000,0.000,0.000
5017,1673.646,16.187,16.282,3.791,2.687,12.538,0.000,1.056,0.000,0.000,0.000,0.000,0.000,0.000
5018,1673.978,30.705,16.224,3.791,2.650,12.535,0.000,1.039,0.000,0.000,0.000,0.000,0.000,0.000
5019,1674.311,17.743,16.166,3.790,2.612,12.532,0.000,1.022,0.000,0.000,0.000,0.000,0.000,0.000
5020,1674.643,17.668,16.110,3.790,2.575,12.530,0.000,1.005,0.000,0.000,0.000,0.000,0.000,0.000
5021,1674.976,25.743,16.054,3.789,2.538,12.527,0.000,0.988,0.000,0.000,0.000,0.000,0.000,0.000
5022,1675.308,19.743,15.998,3.789,2.502,12.525,0.000,0.972,0.000,0.000,0.000,0.000,0.000,0.000
5023,1675.641,33.817,15.943,3.789,2.466,12.522,0.000,0.955,0.000,0.000,0.000,0.000,0.000,0.000
5024,1675.973,23.668,15.889,3.788,2.430,12.520,0.000,0.939,0.000,0.000,0.000,0.000,0.000,0.000
5025,1676.306,20.150,15.836,3.788,2.395,12.518,0.000,0.923,0.000,0.000,0.000,0.000,0.000,0.000
5026,1676.639,36.038,15.783,3.787,2.360,12.516,0.000,0.907,0.000,0.000,0.000,0.000,0.000,0.000
5027,1676.971,19.817,15.731,3.787,2.325,12.514,0.000,0.892,0.000,0.000,0.000,0.000,0.000,0.000
5028,1677.304,21.964,15.680,3.787,2.291,12.513,0.000,0.877,0.000,0.000,0.000,0.000,0.000,0.000
5029,1677.637,19.150,15.629,3.786,2.257,12.511,0.000,0.861,0.000,0.000,0.000,0.000,0.000,0.000
5030,1677.969,27.668,15.579,3.786,2.223,12.510,0.000,0.846,0.000,0.000,0.000,0.000,0.000,0.000
5031,1678.302,21.779,15.530,3.785,2.190,12.508,0.000,0.832,0.000,0.000,0.000,0.000,0.000,0.000
5032,1678.635,22.890,15.481,3.785,2.157,12.507,0.000,0.817,0.000,0.000,0.000,0.000,0.000,0.000
5033,1678.968,23.890,15.433,3.785,2.124,12.506,0.000,0.803,0.000,0.000,0.000,0.000,0.000,0.000
5034,1679.301,24.002,15.386,3.784,2.092,12.505,0.000,0.789,0.000,0.000,0.000,0.000,0.000,0.000
5035,1679.633,23.446,15.339,3.784,2.060,12.504,0.000,0.775,0.000,0.000,0.000,0.000,0.000,0.000
5036,1679.966,33.520,15.293,3.783,2.028,12.503,0.000,0.761,0.000,0.000,0.000,0.000,0.000,0.000
5037,1680.299,26.224,15.247,3.783,1.997,12.503,0.000,0.747,0.000,0.000,0.000,0.000,0.000,0.000
5038,1680.632,35.372,15.202,3.783,1.966,12.502,0.000,0.734,0.000,0.000,0.000,0.000,0.000,0.000
5039,1680.965,12.113,15.157,3.782,1.935,12.501,0.000,0.721,0.000,0.000,0.000,0.000,0.000,0.000
5040,1681.298,19.557,15.113,3.782,1.905,12.501,0.000,0.708,0.000,0.000,0.000,0.000,0.000,0.000
5041,1681.631,13.409,15.070,3.781,1.875,12.500,0.000,0.695,0.000,0.000,0.000,0.000,0.000,0.000
5042,1681.964,31.002,15.027,3.781,1.846,12.500,0.000,0.682,0.000,0.000,0.000,0.000,0.000,0.000
5043,1682.297,17.520,14.985,3.781,1.816,12.499,0.000,0.670,0.000,0.000,0.000,0.000,0.000,0.000
5044,1682.630,20.446,14.943,3.780,1.787,12.499,0.000,0.657,0.000,0.000,0.000,0.000,0.000,0.000
5045,1682.963,21.076,14.902,3.780,1.759,12.498,0.000,0.645,0.000,0.000,0.000,0.000,0.000,0.000
5046,1683.296,24.631,14.861,3.779,1.730,12.498,0.000,0.633,0.000,0.000,0.000,0.000,0.000,0.000
5047,1683.629,17.076,14.821,3.779,1.702,12.497,0.000,0.622,0.000,0.000,0.000,0.000,0.000,0.000
5048,1683.962,28.668,14.781,3.779,1.675,12.497,0.000,0.610,0.000,0.000,0.000,0.000,0.000,0.000
5049,1684.295,25.261,14.742,3.778,1.647,12.496,0.000,0.599,0.000,0.000,0.000,0.000,0.000,0.000
5050,1684.629,27.298,14.704,3.778,1.620,12.496,0.000,0.587,0.000,0.000,0.000,0.000,0.000,0.000
5051,1684.962,22.446,14.666,3.777,1.594,12.496,0.000,0.576,0.000,0.000,0.000,0.000,0.000,0.000
5052,1685.295,18.335,14.628,3.777,1.567,12.496,0.000,0.565,0.000,0.000,0.000,0.000,0.000,0.000
5053,1685.628,17.779,14.591,3.777,1.541,12.495,0.000,0.555,0.000,0.000,0.000,0.000,0.000,0.000
5054,1685.961,23.890,14.555,3.776,1.515,12.495,0.000,0.544,0.000,0.000,0.000,0.000,0.000,0.000
5055,1686.295,24.335,14.519,3.776,1.490,12.495,0.000,0.534,0.000,0.000,0.000,0.000,0.000,0.000
5056,1686.628,15.742,14.483,3.775,1.465,12.495,0.000,0.524,0.000,0.000,0.000,0.000,0.000,0.000
5057,1686.961,27.631,14.448,3.775,1.440,12.494,0.000,0.514,0.000,0.000,0.000,0.000,0.000,0.000
5058,1687.295,22.335,14.413,3.775,1.415,12.494,0.000,0.504,0.000,0.000,0.000,0.000,0.000,0.000
5059,1687.628,20.409,14.379,3.774,1.391,12.494,0.000,0.494,0.000,0.000,0.000,0.000,0.000,0.000
5060,1687.961,27.372,14.346,3.774,1.367,12.494,0.000,0.485,0.000,0.000,0.000,0.000,0.000,0.000
5061,1688.295,19.224,14.313,3.773,1.344,12.494,0.000,0.475,0.000,0.000,0.000,0.000,0.000,0.000
5062,1688.628,14.112,14.280,3.773,1.320,12.494,0.000,0.466,0.000,0.000,0.000,0.000,0.000,0.000
5063,1688.962,16.964,14.248,3.773,1.297,12.494,0.000,0.457,0.000,0.000,0.000,0.000,0.000,0.000
5064,1689.295,20.557,14.217,3.772,1.275,12.494,0.000,0.448,0.000,0.000,0.000,0.000,0.000,0.000
5065,1689.629,20.112,14.186,3.772,1.252,12.494,0.000,0.440,0.000,0.000,0.000,0.000,0.000,0.000
5066,1689.962,22.964,14.155,3.771,1.230,12.494,0.000,0.431,0.000,0.000,0.000,0.000,0.000,0.000
5067,1690.296,19.631,14.125,3.771,1.208,12.494,0.000,0.423,0.000,0.000,0.000,0.000,0.000,0.000
5068,1690.629,23.335,14.095,3.771,1.187,12.494,0.000,0.414,0.000,0.000,0.000,0.000,0.000,0.000
5069,1690.963,15.409,14.066,3.770,1.165,12.494,0.000,0.406,0.000,0.000,0.000,0.000,0.000,0.000
5070,1691.297,22.668,14.037,3.770,1.144,12.495,0.000,0.398,0.000,0.000,0.000,0.000,0.000,0.000
5071,1691.630,25.668,14.009,3.769,1.124,12.495,0.000,0.390,0.000,0.000,0.000,0.000,0.000,0.000
5072,1691.964,19.261,13.981,3.769,1.103,12.495,0.000,0.383,0.000,0.000,0.000,0.000,0.000,0.000
5073,1692.298,18.779,13.954,3.769,1.083,12.495,0.000,0.375,0.000,0.000,0.000,0.000,0.000,0.000
5074,1692.631,21.520,13.927,3.768,1.063,12.496,0.000,0.368,0.000,0.000,0.000,0.000,0.000,0.000
5075,1692.965,18.742,13.900,3.768,1.044,12.496,0.000,0.361,0.000,0.000,0.000,0.000,0.000,0.000
5076,1693.299,27.594,13.875,3.767,1.025,12.496,0.000,0.353,0.000,0.000,0.000,0.000,0.000,0.000
5077,1693.633,22.557,13.849,3.767,1.006,12.497,0.000,0.346,0.000,0.000,0.000,0.000,0.000,0.000
5078,1693.966,16.112,13.824,3.767,0.987,12.497,0.000,0.340,0.000,0.000,0.000,0.000,0.000,0.000
5079,1694.300,20.594,13.799,3.766,0.969,12.498,0.000,0.333,0.000,0.000,0.000,0.000,0.000,0.000
5080,1694.634,29.001,13.775,3.766,0.950,12.498,0.000,0.326,0.000,0.000,0.000,0.000,0.000,0.000
5081,1694.968,23.668,13.751,3.765,0.932,12.499,0.000,0.320,0.000,0.000,0.000,0.000,0.000,0.000
5082,1695.302,17.742,13.728,3.765,0.915,12.500,0.000,0.313,0.000,0.000,0.000,0.000,0.000,0.000
5083,1695.636,22.298,13.705,3.765,0.897,12.501,0.000,0.307,0.000,0.000,0.000,0.000,0.000,0.000
5084,1695.970,17.964,13.683,3.764,0.880,12.501,0.000,0.301,0.000,0.000,0.000,0.000,0.000,0.000
5085,1696.303,18.335,13.661,3.764,0.863,12.502,0.000,0.295,0.000,0.000,0.000,0.000,0.000,0.000
5086,1696.637,21.075,13.639,3.763,0.847,12.503,0.000,0.289,0.000,0.000,0.000,0.000,0.000,0.000
5087,1696.971,18.594,13.618,3.763,0.830,12.504,0.000,0.284,0.000,0.000,0.000,0.000,0.000,0.000
5088,1697.305,22.853,13.597,3.763,0.814,12.505,0.000,0.278,0.000,0.000,0.000,0.000,0.000,0.000
5089,1697.640,21.186,13.577,3.762,0.798,12.506,0.000,0.272,0.000,0.000,0.000,0.000,0.000,0.000
5090,1697.974,13.631,13.557,3.762,0.783,12.507,0.000,0.267,0.000,0.000,0.000,0.000,0.000,0.000
5091,1698.308,27.631,13.538,3.761,0.768,12.509,0.000,0.262,0.000,0.000,0.000,0.000,0.000,0.000
5092,1698.642,19.409,13.519,3.761,0.752,12.510,0.000,0.257,0.000,0.000,0.000,0.000,0.000,0.000
5093,1698.976,18.371,13.500,3.761,0.737,12.511,0.000,0.252,0.000,0.000,0.000,0.000,0.000,0.000
5094,1699.310,22.335,13.482,3.760,0.723,12.512,0.000,0.247,0.000,0.000,0.000,0.000,0.000,0.000
5095,1699.644,16.483,13.464,3.760,0.708,12.514,0.000,0.242,0.000,0.000,0.000,0.000,0.000,0.000
5096,1699.979,26.668,13.446,3.759,0.694,12.515,0.000,0.237,0.000,0.000,0.000,0.000,0.000,0.000
5097,1700.313,30.261,13.429,3.759,0.680,12.516,0.000,0.232,0.000,0.000,0.000,0.000,0.000,0.000
5098,1700.647,17.483,13.412,3.759,0.667,12.517,0.000,0.228,0.000,0.000,0.000,0.000,0.000,0.000
5099,1700.981,27.816,13.395,3.758,0.653,12.518,0.000,0.223,0.000,0.000,0.000,0.000,0.000,0.000
5100,1701.316,16.371,13.378,3.758,0.640,12.519,0.000,0.219,0.000,0.000,0.000,0.000,0.000,0.000
5101,1701.650,26.594,13.362,3.757,0.627,12.521,0.000,0.215,0.000,0.000,0.000,0.000,0.000,0.000
5102,1701.984,21.149,13.346,3.757,0.614,12.522,0.000,0.211,0.000,0.000,0.000,0.000,0.000,0.000
5103,1702.319,18.371,13.331,3.757,0.601,12.523,0.000,0.207,0.000,0.000,0.000,0.000,0.000,0.000
5104,1702.653,17.853,13.316,3.756,0.589,12.524,0.000,0.203,0.000,0.000,0.000,0.000,0.000,0.000
5105,1702.987,20.631,13.301,3.756,0.577,12.525,0.000,0.199,0.000,0.000,0.000,0.000,0.000,0.000
5106,1703.322,18.445,13.286,3.755,0.565,12.526,0.000,0.195,0.000,0.000,0.000,0.000,0.000,0.000
5107,1703.656,23.631,13.272,3.755,0.553,12.528,0.000,0.191,0.000,0.000,0.000,0.000,0.000,0.000
5108,1703.991,18.112,13.258,3.755,0.541,12.529,0.000,0.188,0.000,0.000,0.000,0.000,0.000,0.000
5109,1704.325,8.705,13.244,3.754,0.530,12.530,0.000,0.184,0.000,0.000,0.000,0.000,0.000,0.000
5110,1704.660,15.557,13.231,3.754,0.519,12.531,0.000,0.181,0.000,0.000,0.000,0.000,0.000,0.000
5111,1704.994,25.001,13.217,3.753,0.508,12.532,0.000,0.178,0.000,0.000,0.000,0.000,0.000,0.000
5112,1705.329,18.779,13.204,3.753,0.497,12.533,0.000,0.174,0.000,0.000,0.000,0.000,0.000,0.000
5113,1705.664,7.445,13.192,3.753,0.486,12.534,0.000,0.171,0.000,0.000,0.000,0.000,0.000,0.000
5114,1705.998,13.779,13.179,3.752,0.476,12.535,0.000,0.168,0.000,0.000,0.000,0.000,0.000,0.000
5115,1706.333,19.149,13.167,3.752,0.466,12.536,0.000,0.165,0.000,0.000,0.000,0.000,0.000,0.000
5116,1706.668,24.631,13.155,3.751,0.456,12.537,0.000,0.162,0.000,0.000,0.000,0.000,0.000,0.000
5117,1707.002,16.371,13.144,3.751,0.446,12.538,0.000,0.160,0.000,0.000,0.000,0.000,0.000,0.000
5118,1707.337,16.964,13.132,3.750,0.436,12.539,0.000,0.157,0.000,0.000,0.000,0.000,0.000,0.000
5119,1707.672,24.853,13.121,3.750,0.427,12.540,0.000,0.154,0.000,0.000,0.000,0.000,0.000,0.000
5120,1708.007,21.483,13.110,3.750,0.417,12.541,0.000,0.152,0.000,0.000,0.000,0.000,0.000,0.000
5121,1708.341,24.223,13.099,3.749,0.408,12.542,0.000,0.149,0.000,0.000,0.000,0.000,0.000,0.000
5122,1708.676,18.853,13.089,3.749,0.399,12.543,0.000,0.147,0.000,0.000,0.000,0.000,0.000,0.000
5123,1709.011,19.927,13.079,3.748,0.390,12.544,0.000,0.144,0.000,0.000,0.000,0.000,0.000,0.000
5124,1709.346,11.631,13.069,3.748,0.382,12.545,0.000,0.142,0.000,0.000,0.000,0.000,0.000,0.000
5125,1709.681,18.261,13.059,3.748,0.373,12.546,0.000,0.140,0.000,0.000,0.000,0.000,0.000,0.000
5126,1710.016,21.223,13.049,3.747,0.365,12.547,0.000,0.138,0.000,0.000,0.000,0.000,0.000,0.000
5127,1710.351,10.964,13.040,3.747,0.357,12.548,0.000,0.135,0.000,0.000,0.000,0.000,0.000,0.000
5128,1710.686,23.075,13.031,3.746,0.349,12.549,0.000,0.133,0.000,0.000,0.000,0.000,0.000,0.000
5129,1711.021,16.297,13.022,3.746,0.341,12.550,0.000,0.131,0.000,0.000,0.000,0.000,0.000,0.000
5130,1711.356,17.223,13.013,3.746,0.333,12.551,0.000,0.129,0.000,0.000,0.000,0.000,0.000,0.000
5131,1711.691,17.149,13.005,3.745,0.326,12.552,0.000,0.128,0.000,0.000,0.000,0.000,0.000,0.000
5132,1712.026,27.594,12.997,3.745,0.318,12.553,0.000,0.126,0.000,0.000,0.000,0.000,0.000,0.000
5133,1712.361,21.445,12.989,3.744,0.311,12.554,0.000,0.124,0.000,0.000,0.000,0.000,0.000,0.000
5134,1712.696,11.705,12.981,3.744,0.304,12.555,0.000,0.122,0.000,0.000,0.000,0.000,0.000,0.000
5135,1713.031,12.112,12.973,3.744,0.297,12.556,0.000,0.120,0.000,0.000,0.000,0.000,0.000,0.000
5136,1713.366,23.075,12.966,3.743,0.290,12.557,0.000,0.119,0.000,0.000,0.000,0.000,0.000,0.000
5137,1713.701,27.149,12.959,3.743,0.283,12.558,0.000,0.117,0.000,0.000,0.000,0.000,0.000,0.000
5138,1714.037,25.927,12.952,3.742,0.277,12.559,0.000,0.116,0.000,0.000,0.000,0.000,0.000,0.000
5139,1714.372,19.482,12.945,3.742,0.270,12.560,0.000,0.114,0.000,0.000,0.000,0.000,0.000,0.000
5140,1714.707,22.149,12.938,3.742,0.264,12.562,0.000,0.113,0.000,0.000,0.000,0.000,0.000,0.000
5141,1715.042,25.853,12.932,3.741,0.258,12.563,0.000,0.111,0.000,0.000,0.000,0.000,0.000,0.000
5142,1715.378,21.297,12.926,3.741,0.252,12.564,0.000,0.110,0.000,0.000,0.000,0.000,0.000,0.000
5143,1715.713,19.297,12.920,3.740,0.246,12.565,0.000,0.109,0.000,0.000,0.000,0.000,0.000,0.000
5144,1716.048,16.594,12.914,3.740,0.240,12.567,0.000,0.108,0.000,0.000,0.000,0.000,0.000,0.000
5145,1716.384,16.001,12.909,3.740,0.234,12.568,0.000,0.106,0.000,0.000,0.000,0.000,0.000,0.000
5146,1716.719,28.297,12.903,3.739,0.229,12.569,0.000,0.105,0.000,0.000,0.000,0.000,0.000,0.000
5147,1717.055,10.594,12.898,3.739,0.223,12.571,0.000,0.104,0.000,0.000,0.000,0.000,0.000,0.000
5148,1717.390,20.260,12.893,3.738,0.218,12.572,0.000,0.103,0.000,0.000,0.000,0.000,0.000,0.000
5149,1717.726,27.297,12.889,3.738,0.213,12.574,0.000,0.102,0.000,0.000,0.000,0.000,0.000,0.000
5150,1718.061,16.483,12.884,3.738,0.208,12.576,0.000,0.101,0.000,0.000,0.000,0.000,0.000,0.000
5151,1718.397,15.742,12.880,3.737,0.203,12.577,0.000,0.100,0.000,0.000,0.000,0.000,0.000,0.000
5152,1718.732,16.853,12.876,3.737,0.198,12.579,0.000,0.099,0.000,0.000,0.000,0.000,0.000,0.000
5153,1719.068,27.297,12.872,3.736,0.194,12.581,0.000,0.098,0.000,0.000,0.000,0.000,0.000,0.000
5154,1719.403,27.001,12.868,3.736,0.189,12.582,0.000,0.097,0.000,0.000,0.000,0.000,0.000,0.000
5155,1719.739,22.890,12.864,3.736,0.185,12.584,0.000,0.096,0.000,0.000,0.000,0.000,0.000,0.000
5156,1720.075,18.668,12.860,3.735,0.180,12.585,0.000,0.095,0.000,0.000,0.000,0.000,0.000,0.000
5157,1720.410,13.445,12.857,3.735,0.176,12.587,0.000,0.094,0.000,0.000,0.000,0.000,0.000,0.000
5158,1720.746,21.001,12.853,3.734,0.172,12.588,0.000,0.094,0.000,0.000,0.000,0.000,0.000,0.000
5159,1721.082,9.964,12.850,3.734,0.168,12.589,0.000,0.093,0.000,0.000,0.000,0.000,0.000,0.000
5160,1721.418,14.816,12.847,3.734,0.164,12.591,0.000,0.092,0.000,0.000,0.000,0.000,0.000,0.000
5161,1721.753,9.594,12.843,3.733,0.160,12.592,0.000,0.091,0.000,0.000,0.000,0.000,0.000,0.000
5162,1722.089,12.149,12.840,3.733,0.156,12.593,0.000,0.091,0.000,0.000,0.000,0.000,0.000,0.000
5163,1722.425,15.223,12.837,3.732,0.153,12.595,0.000,0.090,0.000,0.000,0.000,0.000,0.000,0.000
5164,1722.761,16.778,12.834,3.732,0.149,12.596,0.000,0.089,0.000,0.000,0.000,0.000,0.000,0.000
5165,1723.097,15.964,12.831,3.732,0.145,12.597,0.000,0.089,0.000,0.000,0.000,0.000,0.000,0.000
5166,1723.433,21.371,12.829,3.731,0.142,12.598,0.000,0.088,0.000,0.000,0.000,0.000,0.000,0.000
5167,1723.769,18.852,12.826,3.731,0.139,12.600,0.000,0.088,0.000,0.000,0.000,0.000,0.000,0.000
5168,1724.105,16.075,12.823,3.730,0.135,12.601,0.000,0.087,0.000,0.000,0.000,0.000,0.000,0.000
5169,1724.441,13.112,12.821,3.730,0.132,12.602,0.000,0.087,0.000,0.000,0.000,0.000,0.000,0.000
5170,1724.777,9.112,12.818,3.730,0.129,12.603,0.000,0.086,0.000,0.000,0.000,0.000,0.000,0.000
5171,1725.113,21.704,12.816,3.729,0.126,12.604,0.000,0.086,0.000,0.000,0.000,0.000,0.000,0.000
5172,1725.449,14.112,12.814,3.729,0.123,12.605,0.000,0.086,0.000,0.000,0.000,0.000,0.000,0.000
5173,1725.785,12.297,12.812,3.728,0.120,12.606,0.000,0.085,0.000,0.000,0.000,0.000,0.000,0.000
5174,1726.121,14.631,12.809,3.728,0.117,12.607,0.000,0.085,0.000,0.000,0.000,0.000,0.000,0.000
5175,1726.457,11.038,12.807,3.728,0.115,12.608,0.000,0.084,0.000,0.000,0.000,0.000,0.000,0.000
5176,1726.793,20.482,12.805,3.727,0.112,12.609,0.000,0.084,0.000,0.000,0.000,0.000,0.000,0.000
5177,1727.129,13.260,12.803,3.727,0.109,12.610,0.000,0.084,0.000,0.000,0.000,0.000,0.000,0.000
5178,1727.466,19.964,12.801,3.726,0.107,12.611,0.000,0.084,0.000,0.000,0.000,0.000,0.000,0.000
5179,1727.802,13.630,12.800,3.726,0.104,12.612,0.000,0.083,0.000,0.000,0.000,0.000,0.000,0.000
5180,1728.138,13.149,12.798,3.726,0.102,12.613,0.000,0.083,0.000,0.000,0.000,0.000,0.000,0.000
5181,1728.474,16.890,12.796,3.725,0.099,12.614,0.000,0.083,0.000,0.000,0.000,0.000,0.000,0.000
5182,1728.811,14.482,12.795,3.725,0.097,12.615,0.000,0.083,0.000,0.000,0.000,0.000,0.000,0.000
5183,1729.147,17.556,12.793,3.724,0.095,12.616,0.000,0.082,0.000,0.000,0.000,0.000,0.000,0.000
5184,1729.483,12.668,12.792,3.724,0.092,12.617,0.000,0.082,0.000,0.000,0.000,0.000,0.000,0.000
5185,1729.820,15.594,12.790,3.724,0.090,12.618,0.000,0.082,0.000,0.000,0.000,0.000,0.000,0.000
5186,1730.156,18.668,12.789,3.723,0.088,12.619,0.000,0.082,0.000,0.000,0.000,0.000,0.000,0.000
5187,1730.493,30.926,12.788,3.723,0.086,12.620,0.000,0.082,0.000,0.000,0.000,0.000,0.000,0.000
5188,1730.829,8.742,12.787,3.722,0.084,12.621,0.000,0.082,0.000,0.000,0.000,0.000,0.000,0.000
5189,1731.166,24.594,12.785,3.722,0.082,12.622,0.000,0.082,0.000,0.000,0.000,0.000,0.000,0.000
5190,1731.502,22.556,12.784,3.722,0.080,12.623,0.000,0.082,0.000,0.000,0.000,0.000,0.000,0.000
5191,1731.839,21.186,12.784,3.721,0.078,12.624,0.000,0.082,0.000,0.000,0.000,0.000,0.000,0.000
5192,1732.175,18.186,12.783,3.721,0.076,12.625,0.000,0.082,0.000,0.000,0.000,0.000,0.000,0.000
5193,1732.512,15.556,12.782,3.720,0.074,12.626,0.000,0.082,0.000,0.000,0.000,0.000,0.000,0.000
5194,1732.849,14.742,12.781,3.720,0.073,12.627,0.000,0.082,0.000,0.000,0.000,0.000,0.000,0.000
5195,1733.185,26.742,12.781,3.720,0.071,12.628,0.000,0.082,0.000,0.000,0.000,0.000,0.000,0.000
5196,1733.522,20.816,12.780,3.719,0.069,12.629,0.000,0.082,0.000,0.000,0.000,0.000,0.000,0.000
5197,1733.859,14.519,12.779,3.719,0.068,12.630,0.000,0.082,0.000,0.000,0.000,0.000,0.000,0.000
5198,1734.195,12.371,12.779,3.718,0.066,12.631,0.000,0.082,0.000,0.000,0.000,0.000,0.000,0.000
5199,1734.532,17.778,12.779,3.718,0.064,12.632,0.000,0.082,0.000,0.000,0.000,0.000,0.000,0.000
5200,1734.869,14.112,12.779,3.718,0.063,12.634,0.000,0.082,0.000,0.000,0.000,0.000,0.000,0.000
5201,1735.206,12.853,12.779,3.717,0.061,12.635,0.000,0.082,0.000,0.000,0.000,0.000,0.000,0.000
5202,1735.543,11.852,12.779,3.717,0.060,12.636,0.000,0.083,0.000,0.000,0.000,0.000,0.000,0.000
5203,1735.879,20.594,12.779,3.716,0.058,12.638,0.000,0.083,0.000,0.000,0.000,0.000,0.000,0.000
5204,1736.216,14.630,12.779,3.716,0.057,12.639,0.000,0.083,0.000,0.000,0.000,0.000,0.000,0.000
5205,1736.553,18.482,12.779,3.716,0.056,12.640,0.000,0.083,0.000,0.000,0.000,0.000,0.000,0.000
5206,1736.890,11.519,12.780,3.715,0.054,12.642,0.000,0.083,0.000,0.000,0.000,0.000,0.000,0.000
5207,1737.227,20.334,12.780,3.715,0.053,12.644,0.000,0.084,0.000,0.000,0.000,0.000,0.000,0.000
5208,1737.564,14.112,12.781,3.714,0.052,12.645,0.000,0.084,0.000,0.000,0.000,0.000,0.000,0.000
5209,1737.901,16.408,12.781,3.714,0.050,12.647,0.000,0.084,0.000,0.000,0.000,0.000,0.000,0.000
5210,1738.238,14.408,12.782,3.714,0.049,12.648,0.000,0.084,0.000,0.000,0.000,0.000,0.000,0.000
5211,1738.575,17.297,12.782,3.713,0.048,12.650,0.000,0.085,0.000,0.000,0.000,0.000,0.000,0.000
5212,1738.912,16.742,12.783,3.713,0.047,12.651,0.000,0.085,0.000,0.000,0.000,0.000,0.000,0.000
5213,1739.250,19.704,12.784,3.712,0.046,12.653,0.000,0.085,0.000,0.000,0.000,0.000,0.000,0.000
5214,1739.587,14.668,12.785,3.712,0.045,12.655,0.000,0.086,0.000,0.000,0.000,0.000,0.000,0.000
5215,1739.924,11.964,12.786,3.712,0.044,12.656,0.000,0.086,0.000,0.000,0.000,0.000,0.000,0.000
5216,1740.261,16.816,12.786,3.711,0.042,12.658,0.000,0.086,0.000,0.000,0.000,0.000,0.000,0.000
5217,1740.598,14.964,12.787,3.711,0.041,12.659,0.000,0.087,0.000,0.000,0.000,0.000,0.000,0.000
5218,1740.936,15.964,12.788,3.710,0.040,12.660,0.000,0.087,0.000,0.000,0.000,0.000,0.000,0.000
5219,1741.273,19.519,12.789,3.710,0.039,12.662,0.000,0.088,0.000,0.000,0.000,0.000,0.000,0.000
5220,1741.610,13.112,12.789,3.710,0.038,12.663,0.000,0.088,0.000,0.000,0.000,0.000,0.000,0.000
5221,1741.948,16.778,12.790,3.709,0.038,12.664,0.000,0.088,0.000,0.000,0.000,0.000,0.000,0.000
5222,1742.285,20.816,12.791,3.709,0.037,12.665,0.000,0.089,0.000,0.000,0.000,0.000,0.000,0.000
5223,1742.622,17.594,12.792,3.708,0.036,12.666,0.000,0.089,0.000,0.000,0.000,0.000,0.000,0.000
5224,1742.960,19.038,12.792,3.708,0.035,12.668,0.000,0.090,0.000,0.000,0.000,0.000,0.000,0.000
5225,1743.297,11.038,12.793,3.707,0.034,12.669,0.000,0.090,0.000,0.000,0.000,0.000,0.000,0.000
5226,1743.635,14.852,12.794,3.707,0.033,12.670,0.000,0.091,0.000,0.000,0.000,0.000,0.000,0.000
5227,1743.972,19.334,12.795,3.707,0.032,12.671,0.000,0.092,0.000,0.000,0.000,0.000,0.000,0.000
5228,1744.310,20.408,12.796,3.706,0.032,12.672,0.000,0.092,0.000,0.000,0.000,0.000,0.000,0.000
5229,1744.647,15.260,12.797,3.706,0.031,12.673,0.000,0.093,0.000,0.000,0.000,0.000,0.000,0.000
5230,1744.985,14.334,12.798,3.705,0.030,12.674,0.000,0.093,0.000,0.000,0.000,0.000,0.000,0.000
5231,1745.323,6.964,12.798,3.705,0.029,12.675,0.000,0.094,0.000,0.000,0.000,0.000,0.000,0.000
5232,1745.660,14.668,12.799,3.705,0.029,12.676,0.000,0.094,0.000,0.000,0.000,0.000,0.000,0.000
5233,1745.998,19.408,12.800,3.704,0.028,12.677,0.000,0.095,0.000,0.000,0.000,0.000,0.000,0.000
5234,1746.336,16.038,12.801,3.704,0.027,12.678,0.000,0.096,0.000,0.000,0.000,0.000,0.000,0.000
5235,1746.673,15.334,12.802,3.703,0.026,12.679,0.000,0.096,0.000,0.000,0.000,0.000,0.000,0.000
5236,1747.011,11.001,12.803,3.703,0.026,12.680,0.000,0.097,0.000,0.000,0.000,0.000,0.000,0.000
5237,1747.349,17.038,12.804,3.703,0.025,12.681,0.000,0.098,0.000,0.000,0.000,0.000,0.000,0.000
5238,1747.687,16.408,12.805,3.702,0.025,12.682,0.000,0.098,0.000,0.000,0.000,0.000,0.000,0.000
5239,1748.024,15.186,12.806,3.702,0.024,12.683,0.000,0.099,0.000,0.000,0.000,0.000,0.000,0.000
5240,1748.362,16.778,12.807,3.701,0.023,12.684,0.000,0.100,0.000,0.000,0.000,0.000,0.000,0.000
5241,1748.700,15.482,12.809,3.701,0.023,12.685,0.000,0.101,0.000,0.000,0.000,0.000,0.000,0.000
5242,1749.038,18.926,12.810,3.701,0.022,12.686,0.000,0.101,0.000,0.000,0.000,0.000,0.000,0.000
5243,1749.376,12.334,12.811,3.700,0.022,12.687,0.000,0.102,0.000,0.000,0.000,0.000,0.000,0.000
5244,1749.714,18.926,12.812,3.700,0.021,12.688,0.000,0.103,0.000,0.000,0.000,0.000,0.000,0.000
5245,1750.052,13.408,12.813,3.699,0.021,12.689,0.000,0.104,0.000,0.000,0.000,0.000,0.000,0.000
5246,1750.390,9.556,12.815,3.699,0.020,12.690,0.000,0.105,0.000,0.000,0.000,0.000,0.000,0.000
5247,1750.728,13.964,12.816,3.699,0.020,12.691,0.000,0.105,0.000,0.000,0.000,0.000,0.000,0.000
5248,1751.066,11.890,12.817,3.698,0.019,12.692,0.000,0.106,0.000,0.000,0.000,0.000,0.000,0.000
5249,1751.404,20.260,12.819,3.698,0.019,12.693,0.000,0.107,0.000,0.000,0.000,0.000,0.000,0.000
5250,1751.742,16.149,12.820,3.697,0.018,12.694,0.000,0.108,0.000,0.000,0.000,0.000,0.000,0.000
5251,1752.081,11.038,12.821,3.697,0.018,12.695,0.000,0.109,0.000,0.000,0.000,0.000,0.000,0.000
5252,1752.419,11.778,12.823,3.697,0.017,12.696,0.000,0.110,0.000,0.000,0.000,0.000,0.000,0.000
5253,1752.757,9.816,12.825,3.696,0.017,12.697,0.000,0.111,0.000,0.000,0.000,0.000,0.000,0.000
5254,1753.095,11.482,12.826,3.696,0.016,12.698,0.000,0.112,0.000,0.000,0.000,0.000,0.000,0.000
5255,1753.434,17.556,12.828,3.695,0.016,12.699,0.000,0.113,0.000,0.000,0.000,0.000,0.000,0.000
5256,1753.772,10.482,12.830,3.695,0.015,12.701,0.000,0.114,0.000,0.000,0.000,0.000,0.000,0.000
5257,1754.110,19.334,12.831,3.695,0.015,12.702,0.000,0.115,0.000,0.000,0.000,0.000,0.000,0.000
5258,1754.449,17.742,12.833,3.694,0.015,12.703,0.000,0.116,0.000,0.000,0.000,0.000,0.000,0.000
5259,1754.787,17.408,12.835,3.694,0.014,12.704,0.000,0.117,0.000,0.000,0.000,0.000,0.000,0.000
5260,1755.125,16.964,12.837,3.693,0.014,12.706,0.000,0.118,0.000,0.000,0.000,0.000,0.000,0.000
5261,1755.464,9.816,12.839,3.693,0.014,12.707,0.000,0.119,0.000,0.000,0.000,0.000,0.000,0.000
5262,1755.802,18.926,12.841,3.693,0.013,12.708,0.000,0.120,0.000,0.000,0.000,0.000,0.000,0.000
5263,1756.141,15.556,12.844,3.692,0.013,12.710,0.000,0.121,0.000,0.000,0.000,0.000,0.000,0.000
5264,1756.479,10.630,12.846,3.692,0.013,12.711,0.000,0.122,0.000,0.000,0.000,0.000,0.000,0.000
5265,1756.818,19.001,12.848,3.691,0.012,12.713,0.000,0.123,0.000,0.000,0.000,0.000,0.000,0.000
5266,1757.156,22.926,12.851,3.691,0.012,12.715,0.000,0.124,0.000,0.000,0.000,0.000,0.000,0.000
5267,1757.495,12.334,12.853,3.691,0.012,12.716,0.000,0.125,0.000,0.000,0.000,0.000,0.000,0.000
5268,1757.834,11.482,12.856,3.690,0.011,12.718,0.000,0.127,0.000,0.000,0.000,0.000,0.000,0.000
5269,1758.172,18.890,12.858,3.690,0.011,12.720,0.000,0.128,0.000,0.000,0.000,0.000,0.000,0.000
5270,1758.511,17.260,12.861,3.689,0.011,12.721,0.000,0.129,0.000,0.000,0.000,0.000,0.000,0.000
5271,1758.850,15.778,12.863,3.689,0.010,12.723,0.000,0.130,0.000,0.000,0.000,0.000,0.000,0.000
5272,1759.189,14.594,12.866,3.689,0.010,12.724,0.000,0.131,0.000,0.000,0.000,0.000,0.000,0.000
5273,1759.527,6.482,12.868,3.688,0.010,12.726,0.000,0.133,0.000,0.000,0.000,0.000,0.000,0.000
5274,1759.866,11.408,12.871,3.688,0.010,12.727,0.000,0.134,0.000,0.000,0.000,0.000,0.000,0.000
5275,1760.205,15.334,12.873,3.687,0.009,12.729,0.000,0.135,0.000,0.000,0.000,0.000,0.000,0.000
5276,1760.544,18.482,12.876,3.687,0.009,12.730,0.000,0.137,0.000,0.000,0.000,0.000,0.000,0.000
5277,1760.883,14.482,12.878,3.687,0.009,12.732,0.000,0.138,0.000,0.000,0.000,0.000,0.000,0.000
5278,1761.222,17.816,12.881,3.686,0.009,12.733,0.000,0.139,0.000,0.000,0.000,0.000,0.000,0.000
5279,1761.561,14.704,12.883,3.686,0.008,12.734,0.000,0.141,0.000,0.000,0.000,0.000,0.000,0.000
5280,1761.900,16.926,12.886,3.685,0.008,12.736,0.000,0.142,0.000,0.000,0.000,0.000,0.000,0.000
5281,1762.239,15.001,12.888,3.685,0.008,12.737,0.000,0.143,0.000,0.000,0.000,0.000,0.000,0.000
5282,1762.578,16.852,12.891,3.685,0.008,12.738,0.000,0.145,0.000,0.000,0.000,0.000,0.000,0.000
5283,1762.917,13.186,12.893,3.684,0.008,12.739,0.000,0.146,0.000,0.000,0.000,0.000,0.000,0.000
5284,1763.256,14.852,12.895,3.684,0.007,12.740,0.000,0.148,0.000,0.000,0.000,0.000,0.000,0.000
5285,1763.595,15.926,12.898,3.683,0.007,12.741,0.000,0.149,0.000,0.000,0.000,0.000,0.000,0.000
5286,1763.934,12.704,12.900,3.683,0.007,12.742,0.000,0.151,0.000,0.000,0.000,0.000,0.000,0.000
5287,1764.273,5.964,12.902,3.683,0.007,12.743,0.000,0.152,0.000,0.000,0.000,0.000,0.000,0.000
5288,1764.613,9.964,12.905,3.682,0.007,12.744,0.000,0.154,0.000,0.000,0.000,0.000,0.000,0.000
5289,1764.952,14.038,12.907,3.682,0.006,12.745,0.000,0.155,0.000,0.000,0.000,0.000,0.000,0.000
5290,1765.291,13.852,12.910,3.681,0.006,12.746,0.000,0.157,0.000,0.000,0.000,0.000,0.000,0.000
5291,1765.630,19.778,12.912,3.681,0.006,12.747,0.000,0.158,0.000,0.000,0.000,0.000,0.000,0.000
5292,1765.970,10.704,12.914,3.681,0.006,12.748,0.000,0.160,0.000,0.000,0.000,0.000,0.000,0.000
5293,1766.309,13.890,12.917,3.680,0.006,12.749,0.000,0.162,0.000,0.000,0.000,0.000,0.000,0.000
5294,1766.648,7.260,12.919,3.680,0.006,12.750,0.000,0.163,0.000,0.000,0.000,0.000,0.000,0.000
5295,1766.988,19.816,12.921,3.679,0.006,12.751,0.000,0.165,0.000,0.000,0.000,0.000,0.000,0.000
5296,1767.327,16.890,12.924,3.679,0.005,12.752,0.000,0.166,0.000,0.000,0.000,0.000,0.000,0.000
5297,1767.667,13.371,12.926,3.679,0.005,12.753,0.000,0.168,0.000,0.000,0.000,0.000,0.000,0.000
5298,1768.006,11.408,12.928,3.678,0.005,12.754,0.000,0.170,0.000,0.000,0.000,0.000,0.000,0.000
5299,1768.346,10.112,12.931,3.678,0.005,12.754,0.000,0.171,0.000,0.000,0.000,0.000,0.000,0.000
5300,1768.685,18.778,12.933,3.677,0.005,12.755,0.000,0.173,0.000,0.000,0.000,0.000,0.000,0.000
5301,1769.025,15.964,12.936,3.677,0.005,12.756,0.000,0.175,0.000,0.000,0.000,0.000,0.000,0.000
5302,1769.365,8.630,12.938,3.677,0.005,12.757,0.000,0.176,0.000,0.000,0.000,0.000,0.000,0.000
5303,1769.704,13.001,12.940,3.676,0.004,12.758,0.000,0.178,0.000,0.000,0.000,0.000,0.000,0.000
5304,1770.044,17.371,12.943,3.676,0.004,12.759,0.000,0.180,0.000,0.000,0.000,0.000,0.000,0.000
5305,1770.384,24.852,12.945,3.675,0.004,12.760,0.000,0.181,0.000,0.000,0.000,0.000,0.000,0.000
5306,1770.723,12.408,12.948,3.675,0.004,12.761,0.000,0.183,0.000,0.000,0.000,0.000,0.000,0.000
5307,1771.063,14.926,12.950,3.675,0.004,12.762,0.000,0.185,0.000,0.000,0.000,0.000,0.000,0.000
5308,1771.403,12.260,12.953,3.674,0.004,12.762,0.000,0.186,0.000,0.000,0.000,0.000,0.000,0.000
5309,1771.743,21.149,12.955,3.674,0.004,12.763,0.000,0.188,0.000,0.000,0.000,0.000,0.000,0.000
5310,1772.083,15.852,12.958,3.673,0.004,12.764,0.000,0.189,0.000,0.000,0.000,0.000,0.000,0.000
5311,1772.423,18.408,12.960,3.673,0.004,12.765,0.000,0.191,0.000,0.000,0.000,0.000,0.000,0.000
5312,1772.762,15.408,12.963,3.673,0.004,12.766,0.000,0.193,0.000,0.000,0.000,0.000,0.000,0.000
5313,1773.102,25.334,12.965,3.672,0.003,12.768,0.000,0.194,0.000,0.000,0.000,0.000,0.000,0.000
5314,1773.442,23.556,12.968,3.672,0.003,12.769,0.000,0.196,0.000,0.000,0.000,0.000,0.000,0.000
5315,1773.782,16.704,12.971,3.671,0.003,12.770,0.000,0.198,0.000,0.000,0.000,0.000,0.000,0.000
5316,1774.122,13.556,12.974,3.671,0.003,12.771,0.000,0.199,0.000,0.000,0.000,0.000,0.000,0.000
5317,1774.462,11.852,12.976,3.671,0.003,12.772,0.000,0.201,0.000,0.000,0.000,0.000,0.000,0.000
5318,1774.803,14.482,12.979,3.670,0.003,12.773,0.000,0.203,0.000,0.000,0.000,0.000,0.000,0.000
5319,1775.143,15.260,12.982,3.670,0.003,12.775,0.000,0.204,0.000,0.000,0.000,0.000,0.000,0.000
5320,1775.483,18.186,12.985,3.669,0.003,12.776,0.000,0.206,0.000,0.000,0.000,0.000,0.000,0.000
5321,1775.823,20.001,12.988,3.669,0.003,12.777,0.000,0.208,0.000,0.000,0.000,0.000,0.000,0.000
5322,1776.163,13.778,12.991,3.669,0.003,12.779,0.000,0.209,0.000,0.000,0.000,0.000,0.000,0.000
5323,1776.503,13.001,12.994,3.668,0.003,12.780,0.000,0.211,0.000,0.000,0.000,0.000,0.000,0.000
5324,1776.844,5.556,12.997,3.668,0.003,12.782,0.000,0.213,0.000,0.000,0.000,0.000,0.000,0.000
5325,1777.184,18.371,13.000,3.667,0.002,12.783,0.000,0.214,0.000,0.000,0.000,0.000,0.000,0.000
5326,1777.524,18.556,13.003,3.667,0.002,12.785,0.000,0.216,0.000,0.000,0.000,0.000,0.000,0.000
5327,1777.865,12.704,13.006,3.666,0.002,12.786,0.000,0.217,0.000,0.000,0.000,0.000,0.000,0.000
5328,1778.205,18.001,13.009,3.666,0.002,12.788,0.000,0.219,0.000,0.000,0.000,0.000,0.000,0.000
5329,1778.546,16.778,13.012,3.666,0.002,12.789,0.000,0.221,0.000,0.000,0.000,0.000,0.000,0.000
5330,1778.886,12.334,13.015,3.665,0.002,12.790,0.000,0.222,0.000,0.000,0.000,0.000,0.000,0.000
5331,1779.227,21.630,13.018,3.665,0.002,12.792,0.000,0.224,0.000,0.000,0.000,0.000,0.000,0.000
5332,1779.567,16.408,13.020,3.664,0.002,12.793,0.000,0.225,0.000,0.000,0.000,0.000,0.000,0.000
5333,1779.908,13.001,13.023,3.664,0.002,12.794,0.000,0.227,0.000,0.000,0.000,0.000,0.000,0.000
5334,1780.248,13.704,13.026,3.664,0.002,12.795,0.000,0.229,0.000,0.000,0.000,0.000,0.000,0.000
5335,1780.589,10.297,13.029,3.663,0.002,12.796,0.000,0.230,0.000,0.000,0.000,0.000,0.000,0.000
5336,1780.929,14.482,13.031,3.663,0.002,12.798,0.000,0.232,0.000,0.000,0.000,0.000,0.000,0.000
5337,1781.270,16.630,13.034,3.662,0.002,12.799,0.000,0.233,0.000,0.000,0.000,0.000,0.000,0.000
5338,1781.611,14.704,13.037,3.662,0.002,12.800,0.000,0.235,0.000,0.000,0.000,0.000,0.000,0.000
5339,1781.951,15.704,13.039,3.662,0.002,12.801,0.000,0.236,0.000,0.000,0.000,0.000,0.000,0.000
5340,1782.292,14.852,13.042,3.661,0.002,12.802,0.000,0.238,0.000,0.000,0.000,0.000,0.000,0.000
5341,1782.633,11.334,13.044,3.661,0.002,12.803,0.000,0.239,0.000,0.000,0.000,0.000,0.000,0.000
5342,1782.974,11.075,13.047,3.660,0.002,12.804,0.000,0.241,0.000,0.000,0.000,0.000,0.000,0.000
5343,1783.315,16.778,13.049,3.660,0.002,12.805,0.000,0.242,0.000,0.000,0.000,0.000,0.000,0.000
5344,1783.656,22.852,13.052,3.660,0.002,12.806,0.000,0.244,0.000,0.000,0.000,0.000,0.000,0.000
5345,1783.996,11.926,13.054,3.659,0.001,12.807,0.000,0.245,0.000,0.000,0.000,0.000,0.000,0.000
5346,1784.337,11.704,13.057,3.659,0.001,12.808,0.000,0.247,0.000,0.000,0.000,0.000,0.000,0.000
5347,1784.678,16.778,13.059,3.658,0.001,12.809,0.000,0.248,0.000,0.000,0.000,0.000,0.000,0.000
5348,1785.019,16.778,13.061,3.658,0.001,12.810,0.000,0.250,0.000,0.000,0.000,0.000,0.000,0.000
5349,1785.360,16.964,13.064,3.658,0.001,12.811,0.000,0.251,0.000,0.000,0.000,0.000,0.000,0.000
5350,1785.702,23.852,13.066,3.657,0.001,12.812,0.000,0.252,0.000,0.000,0.000,0.000,0.000,0.000
5351,1786.043,10.371,13.068,3.657,0.001,12.813,0.000,0.254,0.000,0.000,0.000,0.000,0.000,0.000
5352,1786.384,12.852,13.071,3.656,0.001,12.814,0.000,0.255,0.000,0.000,0.000,0.000,0.000,0.000
5353,1786.725,20.852,13.073,3.656,0.001,12.815,0.000,0.257,0.000,0.000,0.000,0.000,0.000,0.000
5354,1787.066,11.001,13.075,3.656,0.001,12.816,0.000,0.258,0.000,0.000,0.000,0.000,0.000,0.000
5355,1787.407,5.778,13.077,3.655,0.001,12.817,0.000,0.259,0.000,0.000,0.000,0.000,0.000,0.000
5356,1787.749,17.778,13.080,3.655,0.001,12.818,0.000,0.261,0.000,0.000,0.000,0.000,0.000,0.000
5357,1788.090,6.778,13.082,3.654,0.001,12.819,0.000,0.262,0.000,0.000,0.000,0.000,0.000,0.000
5358,1788.431,13.038,13.084,3.654,0.001,12.820,0.000,0.263,0.000,0.000,0.000,0.000,0.000,0.000
5359,1788.772,8.704,13.086,3.654,0.001,12.821,0.000,0.264,0.000,0.000,0.000,0.000,0.000,0.000
5360,1789.114,5.556,13.089,3.653,0.001,12.822,0.000,0.266,0.000,0.000,0.000,0.000,0.000,0.000
5361,1789.455,15.001,13.091,3.653,0.001,12.823,0.000,0.267,0.000,0.000,0.000,0.000,0.000,0.000
5362,1789.797,21.445,13.093,3.652,0.001,12.824,0.000,0.268,0.000,0.000,0.000,0.000,0.000,0.000
5363,1790.138,13.926,13.095,3.652,0.001,12.825,0.000,0.269,0.000,0.000,0.000,0.000,0.000,0.000
5364,1790.480,13.778,13.097,3.652,0.001,12.826,0.000,0.271,0.000,0.000,0.000,0.000,0.000,0.000
5365,1790.821,14.556,13.100,3.651,0.001,12.827,0.000,0.272,0.000,0.000,0.000,0.000,0.000,0.000
5366,1791.163,18.445,13.102,3.651,0.001,12.828,0.000,0.273,0.000,0.000,0.000,0.000,0.000,0.000
5367,1791.504,13.334,13.104,3.650,0.001,12.829,0.000,0.274,0.000,0.000,0.000,0.000,0.000,0.000
5368,1791.846,15.334,13.106,3.650,0.001,12.830,0.000,0.275,0.000,0.000,0.000,0.000,0.000,0.000
5369,1792.188,21.778,13.108,3.650,0.001,12.832,0.000,0.276,0.000,0.000,0.000,0.000,0.000,0.000
5370,1792.529,12.852,13.111,3.649,0.001,12.833,0.000,0.277,0.000,0.000,0.000,0.000,0.000,0.000
5371,1792.871,16.186,13.113,3.649,0.001,12.834,0.000,0.278,0.000,0.000,0.000,0.000,0.000,0.000
5372,1793.213,14.482,13.115,3.648,0.001,12.835,0.000,0.279,0.000,0.000,0.000,0.000,0.000,0.000
5373,1793.555,14.704,13.118,3.648,0.001,12.837,0.000,0.280,0.000,0.000,0.000,0.000,0.000,0.000
5374,1793.896,10.334,13.120,3.648,0.001,12.838,0.000,0.281,0.000,0.000,0.000,0.000,0.000,0.000
5375,1794.238,11.075,13.122,3.647,0.001,12.840,0.000,0.282,0.000,0.000,0.000,0.000,0.000,0.000
5376,1794.580,15.630,13.125,3.647,0.001,12.841,0.000,0.283,0.000,0.000,0.000,0.000,0.000,0.000
5377,1794.922,8.334,13.127,3.646,0.001,12.843,0.000,0.284,0.000,0.000,0.000,0.000,0.000,0.000
5378,1795.264,16.186,13.130,3.646,0.001,12.844,0.000,0.285,0.000,0.000,0.000,0.000,0.000,0.000
5379,1795.606,21.001,13.132,3.646,0.001,12.846,0.000,0.286,0.000,0.000,0.000,0.000,0.000,0.000
5380,1795.948,13.519,13.135,3.645,0.001,12.848,0.000,0.287,0.000,0.000,0.000,0.000,0.000,0.000
5381,1796.290,4.778,13.137,3.645,0.001,12.849,0.000,0.288,0.000,0.000,0.000,0.000,0.000,0.000
5382,1796.632,11.556,13.140,3.644,0.001,12.851,0.000,0.288,0.000,0.000,0.000,0.000,0.000,0.000
5383,1796.974,13.260,13.142,3.644,0.001,12.852,0.000,0.289,0.000,0.000,0.000,0.000,0.000,0.000
5384,1797.316,15.001,13.144,3.644,0.001,12.854,0.000,0.290,0.000,0.000,0.000,0.000,0.000,0.000
5385,1797.658,12.852,13.146,3.643,0.001,12.855,0.000,0.291,0.000,0.000,0.000,0.000,0.000,0.000
5386,1798.001,17.149,13.148,3.643,0.000,12.857,0.000,0.291,0.000,0.000,0.000,0.000,0.000,0.000
5387,1798.343,4.260,13.151,3.642,0.000,12.858,0.000,0.292,0.000,0.000,0.000,0.000,0.000,0.000
5388,1798.685,16.852,13.153,3.642,0.000,12.859,0.000,0.293,0.000,0.000,0.000,0.000,0.000,0.000
5389,1799.027,18.778,13.155,3.642,0.000,12.861,0.000,0.293,0.000,0.000,0.000,0.000,0.000,0.000
5390,1799.370,15.778,13.157,3.641,0.000,12.862,0.000,0.294,0.000,0.000,0.000,0.000,0.000,0.000
5391,1799.712,16.297,13.158,3.641,0.000,12.864,0.000,0.295,0.000,0.000,0.000,0.000,0.000,0.000
5392,1800.054,18.556,13.160,3.640,0.000,12.865,0.000,0.295,0.000,0.000,0.000,0.000,0.000,0.000
5393,1800.397,13.704,13.162,3.640,0.000,12.866,0.000,0.296,0.000,0.000,0.000,0.000,0.000,0.000
5394,1800.739,16.371,13.164,3.640,0.000,12.867,0.000,0.296,0.000,0.000,0.000,0.000,0.000,0.000
5395,1801.082,14.556,13.166,3.639,0.000,12.869,0.000,0.297,0.000,0.000,0.000,0.000,0.000,0.000
5396,1801.424,18.371,13.167,3.639,0.000,12.870,0.000,0.297,0.000,0.000,0.000,0.000,0.000,0.000
5397,1801.767,16.482,13.169,3.638,0.000,12.871,0.000,0.298,0.000,0.000,0.000,0.000,0.000,0.000
5398,1802.109,15.926,13.171,3.638,0.000,12.873,0.000,0.298,0.000,0.000,0.000,0.000,0.000,0.000
5399,1802.452,15.926,13.172,3.638,0.000,12.874,0.000,0.298,0.000,0.000,0.000,0.000,0.000,0.000
5400,1802.795,15.704,13.174,3.637,0.000,12.875,0.000,0.299,0.000,0.000,0.000,0.000,0.000,0.000
5401,1803.137,12.371,13.175,3.637,0.000,12.876,0.000,0.299,0.000,0.000,0.000,0.000,0.000,0.000
5402,1803.480,11.630,13.177,3.636,0.000,12.877,0.000,0.299,0.000,0.000,0.000,0.000,0.000,0.000
5403,1803.823,11.445,13.178,3.636,0.000,12.878,0.000,0.300,0.000,0.000,0.000,0.000,0.000,0.000
5404,1804.166,6.149,13.180,3.636,0.000,12.880,0.000,0.300,0.000,0.000,0.000,0.000,0.000,0.000
5405,1804.508,17.704,13.181,3.635,0.000,12.881,0.000,0.300,0.000,0.000,0.000,0.000,0.000,0.000
5406,1804.851,18.778,13.182,3.635,0.000,12.882,0.000,0.300,0.000,0.000,0.000,0.000,0.000,0.000
5407,1805.194,7.704,13.184,3.634,0.000,12.883,0.000,0.300,0.000,0.000,0.000,0.000,0.000,0.000
5408,1805.537,22.778,13.185,3.634,0.000,12.884,0.000,0.301,0.000,0.000,0.000,0.000,0.000,0.000
5409,1805.880,17.482,13.186,3.634,0.000,12.885,0.000,0.301,0.000,0.000,0.000,0.000,0.000,0.000
5410,1806.223,10.149,13.187,3.633,0.000,12.886,0.000,0.301,0.000,0.000,0.000,0.000,0.000,0.000
5411,1806.566,26.482,13.189,3.633,0.000,12.887,0.000,0.301,0.000,0.000,0.000,0.000,0.000,0.000
5412,1806.909,12.001,13.190,3.632,0.000,12.889,0.000,0.301,0.000,0.000,0.000,0.000,0.000,0.000
5413,1807.252,12.630,13.191,3.632,0.000,12.890,0.000,0.301,0.000,0.000,0.000,0.000,0.000,0.000
5414,1807.595,18.075,13.192,3.632,0.000,12.891,0.000,0.301,0.000,0.000,0.000,0.000,0.000,0.000
5415,1807.938,11.741,13.193,3.631,0.000,12.892,0.000,0.301,0.000,0.000,0.000,0.000,0.000,0.000
5416,1808.281,13.408,13.194,3.631,0.000,12.893,0.000,0.301,0.000,0.000,0.000,0.000,0.000,0.000
5417,1808.624,15.852,13.195,3.630,0.000,12.894,0.000,0.301,0.000,0.000,0.000,0.000,0.000,0.000
5418,1808.968,18.149,13.196,3.630,0.000,12.895,0.000,0.301,0.000,0.000,0.000,0.000,0.000,0.000
5419,1809.311,11.482,13.197,3.630,0.000,12.897,0.000,0.300,0.000,0.000,0.000,0.000,0.000,0.000
5420,1809.654,13.149,13.198,3.629,0.000,12.898,0.000,0.300,0.000,0.000,0.000,0.000,0.000,0.000
5421,1809.998,15.408,13.199,3.629,0.000,12.899,0.000,0.300,0.000,0.000,0.000,0.000,0.000,0.000
5422,1810.341,11.778,13.200,3.628,0.000,12.900,0.000,0.300,0.000,0.000,0.000,0.000,0.000,0.000
5423,1810.684,16.704,13.201,3.628,0.000,12.902,0.000,0.300,0.000,0.000,0.000,0.000,0.000,0.000
5424,1811.028,15.075,13.203,3.628,0.000,12.903,0.000,0.299,0.000,0.000,0.000,0.000,0.000,0.000
5425,1811.371,11.186,13.204,3.627,0.000,12.904,0.000,0.299,0.000,0.000,0.000,0.000,0.000,0.000
5426,1811.715,9.408,13.205,3.627,0.000,12.906,0.000,0.299,0.000,0.000,0.000,0.000,0.000,0.000
5427,1812.058,12.075,13.206,3.626,0.000,12.907,0.000,0.298,0.000,0.000,0.000,0.000,0.000,0.000
5428,1812.402,11.519,13.207,3.626,0.000,12.909,0.000,0.298,0.000,0.000,0.000,0.000,0.000,0.000
5429,1812.745,14.371,13.208,3.626,0.000,12.910,0.000,0.298,0.000,0.000,0.000,0.000,0.000,0.000
5430,1813.089,16.371,13.209,3.625,0.000,12.912,0.000,0.297,0.000,0.000,0.000,0.000,0.000,0.000
5431,1813.433,10.112,13.210,3.625,0.000,12.913,0.000,0.297,0.000,0.000,0.000,0.000,0.000,0.000
5432,1813.776,15.223,13.211,3.624,0.000,12.915,0.000,0.296,0.000,0.000,0.000,0.000,0.000,0.000
5433,1814.120,14.223,13.213,3.624,0.000,12.917,0.000,0.296,0.000,0.000,0.000,0.000,0.000,0.000
5434,1814.464,11.519,13.214,3.623,0.000,12.919,0.000,0.295,0.000,0.000,0.000,0.000,0.000,0.000
5435,1814.808,15.371,13.215,3.623,0.000,12.920,0.000,0.295,0.000,0.000,0.000,0.000,0.000,0.000
5436,1815.151,8.223,13.216,3.623,0.000,12.922,0.000,0.294,0.000,0.000,0.000,0.000,0.000,0.000
5437,1815.495,12.667,13.218,3.622,0.000,12.924,0.000,0.293,0.000,0.000,0.000,0.000,0.000,0.000
5438,1815.839,15.075,13.219,3.622,0.000,12.926,0.000,0.293,0.000,0.000,0.000,0.000,0.000,0.000
5439,1816.183,16.667,13.220,3.621,0.000,12.928,0.000,0.292,0.000,0.000,0.000,0.000,0.000,0.000
5440,1816.527,15.408,13.221,3.621,0.000,12.929,0.000,0.291,0.000,0.000,0.000,0.000,0.000,0.000
5441,1816.871,17.223,13.222,3.621,0.000,12.931,0.000,0.291,0.000,0.000,0.000,0.000,0.000,0.000
5442,1817.215,16.223,13.223,3.620,0.000,12.933,0.000,0.290,0.000,0.000,0.000,0.000,0.000,0.000
5443,1817.559,9.816,13.224,3.620,0.000,12.934,0.000,0.289,0.000,0.000,0.000,0.000,0.000,0.000
5444,1817.903,5.556,13.225,3.619,0.000,12.936,0.000,0.288,0.000,0.000,0.000,0.000,0.000,0.000
5445,1818.247,13.408,13.225,3.619,0.000,12.938,0.000,0.288,0.000,0.000,0.000,0.000,0.000,0.000
5446,1818.592,16.852,13.226,3.619,0.000,12.939,0.000,0.287,0.000,0.000,0.000,0.000,0.000,0.000
5447,1818.936,13.297,13.227,3.618,0.000,12.941,0.000,0.286,0.000,0.000,0.000,0.000,0.000,0.000
5448,1819.280,12.630,13.227,3.618,0.000,12.942,0.000,0.285,0.000,0.000,0.000,0.000,0.000,0.000
5449,1819.624,15.297,13.228,3.617,0.000,12.944,0.000,0.284,0.000,0.000,0.000,0.000,0.000,0.000
5450,1819.969,9.630,13.229,3.617,0.000,12.945,0.000,0.283,0.000,0.000,0.000,0.000,0.000,0.000
5451,1820.313,15.001,13.229,3.617,0.000,12.947,0.000,0.282,0.000,0.000,0.000,0.000,0.000,0.000
5452,1820.657,16.852,13.230,3.616,0.000,12.948,0.000,0.281,0.000,0.000,0.000,0.000,0.000,0.000
5453,1821.002,20.001,13.230,3.616,0.000,12.950,0.000,0.280,0.000,0.000,0.000,0.000,0.000,0.000
5454,1821.346,17.075,13.231,3.615,0.000,12.951,0.000,0.279,0.000,0.000,0.000,0.000,0.000,0.000
5455,1821.691,14.852,13.231,3.615,0.000,12.953,0.000,0.278,0.000,0.000,0.000,0.000,0.000,0.000
5456,1822.035,15.445,13.231,3.615,0.000,12.954,0.000,0.277,0.000,0.000,0.000,0.000,0.000,0.000
5457,1822.380,10.482,13.232,3.614,0.000,12.956,0.000,0.276,0.000,0.000,0.000,0.000,0.000,0.000
5458,1822.724,20.149,13.232,3.614,0.000,12.957,0.000,0.275,0.000,0.000,0.000,0.000,0.000,0.000
5459,1823.069,20.223,13.232,3.613,0.000,12.958,0.000,0.274,0.000,0.000,0.000,0.000,0.000,0.000
5460,1823.413,16.926,13.232,3.613,0.000,12.960,0.000,0.273,0.000,0.000,0.000,0.000,0.000,0.000
5461,1823.758,12.852,13.233,3.613,0.000,12.961,0.000,0.272,0.000,0.000,0.000,0.000,0.000,0.000
5462,1824.103,9.149,13.233,3.612,0.000,12.962,0.000,0.270,0.000,0.000,0.000,0.000,0.000,0.000
5463,1824.448,15.149,13.233,3.612,0.000,12.963,0.000,0.269,0.000,0.000,0.000,0.000,0.000,0.000
5464,1824.792,18.075,13.233,3.611,0.000,12.965,0.000,0.268,0.000,0.000,0.000,0.000,0.000,0.000
5465,1825.137,6.889,13.233,3.611,0.000,12.966,0.000,0.267,0.000,0.000,0.000,0.000,0.000,0.000
5466,1825.482,15.075,13.233,3.611,0.000,12.967,0.000,0.265,0.000,0.000,0.000,0.000,0.000,0.000
5467,1825.827,13.149,13.233,3.610,0.000,12.969,0.000,0.264,0.000,0.000,0.000,0.000,0.000,0.000
5468,1826.172,22.149,13.233,3.610,0.000,12.970,0.000,0.263,0.000,0.000,0.000,0.000,0.000,0.000
5469,1826.517,10.408,13.233,3.609,0.000,12.971,0.000,0.262,0.000,0.000,0.000,0.000,0.000,0.000
5470,1826.862,13.223,13.233,3.609,0.000,12.972,0.000,0.260,0.000,0.000,0.000,0.000,0.000,0.000
5471,1827.207,15.334,13.233,3.609,0.000,12.974,0.000,0.259,0.000,0.000,0.000,0.000,0.000,0.000
5472,1827.552,13.297,13.232,3.608,0.000,12.975,0.000,0.258,0.000,0.000,0.000,0.000,0.000,0.000
5473,1827.897,13.371,13.232,3.608,0.000,12.976,0.000,0.256,0.000,0.000,0.000,0.000,0.000,0.000
5474,1828.242,10.704,13.232,3.607,0.000,12.977,0.000,0.255,0.000,0.000,0.000,0.000,0.000,0.000
5475,1828.587,13.519,13.232,3.607,0.000,12.979,0.000,0.253,0.000,0.000,0.000,0.000,0.000,0.000
5476,1828.932,10.704,13.232,3.607,0.000,12.980,0.000,0.252,0.000,0.000,0.000,0.000,0.000,0.000
5477,1829.278,12.630,13.232,3.606,0.000,12.981,0.000,0.251,0.000,0.000,0.000,0.000,0.000,0.000
5478,1829.623,16.149,13.232,3.606,0.000,12.982,0.000,0.249,0.000,0.000,0.000,0.000,0.000,0.000
5479,1829.968,12.741,13.231,3.605,0.000,12.984,0.000,0.248,0.000,0.000,0.000,0.000,0.000,0.000
5480,1830.313,3.519,13.231,3.605,0.000,12.985,0.000,0.246,0.000,0.000,0.000,0.000,0.000,0.000
5481,1830.659,14.223,13.231,3.605,0.000,12.986,0.000,0.245,0.000,0.000,0.000,0.000,0.000,0.000
5482,1831.004,15.149,13.231,3.604,0.000,12.988,0.000,0.243,0.000,0.000,0.000,0.000,0.000,0.000
5483,1831.350,10.926,13.231,3.604,0.000,12.989,0.000,0.242,0.000,0.000,0.000,0.000,0.000,0.000
5484,1831.695,11.371,13.231,3.603,0.000,12.991,0.000,0.240,0.000,0.000,0.000,0.000,0.000,0.000
5485,1832.041,17.297,13.231,3.603,0.000,12.992,0.000,0.239,0.000,0.000,0.000,0.000,0.000,0.000
5486,1832.386,8.149,13.231,3.603,0.000,12.994,0.000,0.237,0.000,0.000,0.000,0.000,0.000,0.000
5487,1832.732,12.371,13.231,3.602,0.000,12.995,0.000,0.236,0.000,0.000,0.000,0.000,0.000,0.000
5488,1833.077,12.408,13.231,3.602,0.000,12.997,0.000,0.234,0.000,0.000,0.000,0.000,0.000,0.000
5489,1833.423,9.741,13.231,3.601,0.000,12.998,0.000,0.232,0.000,0.000,0.000,0.000,0.000,0.000
5490,1833.769,12.593,13.231,3.601,0.000,13.000,0.000,0.231,0.000,0.000,0.000,0.000,0.000,0.000
5491,1834.114,12.815,13.231,3.601,0.000,13.002,0.000,0.229,0.000,0.000,0.000,0.000,0.000,0.000
5492,1834.460,18.297,13.231,3.600,0.000,13.004,0.000,0.228,0.000,0.000,0.000,0.000,0.000,0.000
5493,1834.806,13.519,13.231,3.600,0.000,13.005,0.000,0.226,0.000,0.000,0.000,0.000,0.000,0.000
5494,1835.152,10.593,13.232,3.599,0.000,13.007,0.000,0.224,0.000,0.000,0.000,0.000,0.000,0.000
5495,1835.498,14.149,13.232,3.599,0.000,13.009,0.000,0.223,0.000,0.000,0.000,0.000,0.000,0.000
5496,1835.843,12.445,13.232,3.599,0.000,13.011,0.000,0.221,0.000,0.000,0.000,0.000,0.000,0.000
5497,1836.189,16.482,13.232,3.598,0.000,13.013,0.000,0.219,0.000,0.000,0.000,0.000,0.000,0.000
5498,1836.535,12.297,13.232,3.598,0.000,13.015,0.000,0.218,0.000,0.000,0.000,0.000,0.000,0.000
5499,1836.881,11.001,13.233,3.597,0.000,13.016,0.000,0.216,0.000,0.000,0.000,0.000,0.000,0.000
5500,1837.227,15.223,13.233,3.597,0.000,13.018,0.000,0.214,0.000,0.000,0.000,0.000,0.000,0.000
5501,1837.573,14.667,13.233,3.597,0.000,13.020,0.000,0.213,0.000,0.000,0.000,0.000,0.000,0.000
5502,1837.920,9.630,13.233,3.596,0.000,13.022,0.000,0.211,0.000,0.000,0.000,0.000,0.000,0.000
5503,1838.266,18.926,13.233,3.596,0.000,13.023,0.000,0.209,0.000,0.000,0.000,0.000,0.000,0.000
5504,1838.612,12.519,13.233,3.595,0.000,13.025,0.000,0.208,0.000,0.000,0.000,0.000,0.000,0.000
5505,1838.958,17.371,13.233,3.595,0.000,13.027,0.000,0.206,0.000,0.000,0.000,0.000,0.000,0.000
5506,1839.304,18.297,13.232,3.595,0.000,13.028,0.000,0.204,0.000,0.000,0.000,0.000,0.000,0.000
5507,1839.651,14.149,13.232,3.594,0.000,13.030,0.000,0.203,0.000,0.000,0.000,0.000,0.000,0.000
5508,1839.997,6.778,13.232,3.594,0.000,13.031,0.000,0.201,0.000,0.000,0.000,0.000,0.000,0.000
5509,1840.343,12.149,13.232,3.593,0.000,13.033,0.000,0.199,0.000,0.000,0.000,0.000,0.000,0.000
5510,1840.690,14.075,13.232,3.593,0.000,13.034,0.000,0.197,0.000,0.000,0.000,0.000,0.000,0.000
5511,1841.036,14.667,13.231,3.593,0.000,13.036,0.000,0.196,0.000,0.000,0.000,0.000,0.000,0.000
5512,1841.383,9.445,13.231,3.592,0.000,13.037,0.000,0.194,0.000,0.000,0.000,0.000,0.000,0.000
5513,1841.729,17.075,13.231,3.592,0.000,13.038,0.000,0.192,0.000,0.000,0.000,0.000,0.000,0.000
5514,1842.076,20.704,13.230,3.591,0.000,13.040,0.000,0.191,0.000,0.000,0.000,0.000,0.000,0.000
5515,1842.422,8.852,13.230,3.591,0.000,13.041,0.000,0.189,0.000,0.000,0.000,0.000,0.000,0.000
5516,1842.769,13.334,13.230,3.591,0.000,13.043,0.000,0.187,0.000,0.000,0.000,0.000,0.000,0.000
5517,1843.115,12.149,13.229,3.590,0.000,13.044,0.000,0.185,0.000,0.000,0.000,0.000,0.000,0.000
5518,1843.462,9.852,13.229,3.590,0.000,13.045,0.000,0.184,0.000,0.000,0.000,0.000,0.000,0.000
5519,1843.809,12.630,13.228,3.589,0.000,13.047,0.000,0.182,0.000,0.000,0.000,0.000,0.000,0.000
5520,1844.156,9.075,13.228,3.589,0.000,13.048,0.000,0.180,0.000,0.000,0.000,0.000,0.000,0.000
5521,1844.502,10.075,13.228,3.589,0.000,13.049,0.000,0.178,0.000,0.000,0.000,0.000,0.000,0.000
5522,1844.849,18.001,13.227,3.588,0.000,13.050,0.000,0.177,0.000,0.000,0.000,0.000,0.000,0.000
5523,1845.196,10.223,13.226,3.588,0.000,13.052,0.000,0.175,0.000,0.000,0.000,0.000,0.000,0.000
5524,1845.543,11.926,13.226,3.587,0.000,13.053,0.000,0.173,0.000,0.000,0.000,0.000,0.000,0.000
5525,1845.890,12.667,13.225,3.587,0.000,13.054,0.000,0.171,0.000,0.000,0.000,0.000,0.000,0.000
5526,1846.237,14.630,13.225,3.587,0.000,13.055,0.000,0.170,0.000,0.000,0.000,0.000,0.000,0.000
5527,1846.584,14.852,13.224,3.586,0.000,13.056,0.000,0.168,0.000,0.000,0.000,0.000,0.000,0.000
5528,1846.931,14.223,13.224,3.586,0.000,13.057,0.000,0.166,0.000,0.000,0.000,0.000,0.000,0.000
5529,1847.278,7.223,13.223,3.585,0.000,13.059,0.000,0.165,0.000,0.000,0.000,0.000,0.000,0.000
5530,1847.625,11.149,13.223,3.585,0.000,13.060,0.000,0.163,0.000,0.000,0.000,0.000,0.000,0.000
5531,1847.972,11.075,13.222,3.585,0.000,13.061,0.000,0.161,0.000,0.000,0.000,0.000,0.000,0.000
5532,1848.319,10.852,13.221,3.584,0.000,13.062,0.000,0.159,0.000,0.000,0.000,0.000,0.000,0.000
5533,1848.667,13.593,13.221,3.584,0.000,13.063,0.000,0.158,0.000,0.000,0.000,0.000,0.000,0.000
5534,1849.014,15.001,13.220,3.583,0.000,13.064,0.000,0.156,0.000,0.000,0.000,0.000,0.000,0.000
5535,1849.361,12.260,13.220,3.583,0.000,13.065,0.000,0.154,0.000,0.000,0.000,0.000,0.000,0.000
5536,1849.708,19.075,13.219,3.582,0.000,13.067,0.000,0.153,0.000,0.000,0.000,0.000,0.000,0.000
5537,1850.056,10.371,13.219,3.582,0.000,13.068,0.000,0.151,0.000,0.000,0.000,0.000,0.000,0.000
5538,1850.403,6.704,13.218,3.582,0.000,13.069,0.000,0.149,0.000,0.000,0.000,0.000,0.000,0.000
5539,1850.751,9.926,13.218,3.581,0.000,13.070,0.000,0.148,0.000,0.000,0.000,0.000,0.000,0.000
5540,1851.098,3.926,13.217,3.581,0.000,13.071,0.000,0.146,0.000,0.000,0.000,0.000,0.000,0.000
5541,1851.446,15.704,13.217,3.580,0.000,13.072,0.000,0.144,0.000,0.000,0.000,0.000,0.000,0.000
5542,1851.793,6.223,13.216,3.580,0.000,13.074,0.000,0.143,0.000,0.000,0.000,0.000,0.000,0.000
5543,1852.141,10.630,13.216,3.580,0.000,13.075,0.000,0.141,0.000,0.000,0.000,0.000,0.000,0.000
5544,1852.488,12.852,13.216,3.579,0.000,13.076,0.000,0.139,0.000,0.000,0.000,0.000,0.000,0.000
5545,1852.836,12.223,13.215,3.579,0.000,13.078,0.000,0.138,0.000,0.000,0.000,0.000,0.000,0.000
5546,1853.184,15.297,13.215,3.578,0.000,13.079,0.000,0.136,0.000,0.000,0.000,0.000,0.000,0.000
5547,1853.532,18.667,13.215,3.578,0.000,13.080,0.000,0.134,0.000,0.000,0.000,0.000,0.000,0.000
5548,1853.879,14.593,13.214,3.578,0.000,13.082,0.000,0.133,0.000,0.000,0.000,0.000,0.000,0.000
5549,1854.227,11.297,13.214,3.577,0.000,13.083,0.000,0.131,0.000,0.000,0.000,0.000,0.000,0.000
5550,1854.575,9.001,13.214,3.577,0.000,13.085,0.000,0.130,0.000,0.000,0.000,0.000,0.000,0.000
5551,1854.923,18.926,13.214,3.576,0.000,13.086,0.000,0.128,0.000,0.000,0.000,0.000,0.000,0.000
5552,1855.271,10.926,13.214,3.576,0.000,13.088,0.000,0.126,0.000,0.000,0.000,0.000,0.000,0.000
5553,1855.619,22.297,13.214,3.576,0.000,13.089,0.000,0.125,0.000,0.000,0.000,0.000,0.000,0.000
5554,1855.967,9.445,13.214,3.575,0.000,13.091,0.000,0.123,0.000,0.000,0.000,0.000,0.000,0.000
5555,1856.315,9.149,13.215,3.575,0.000,13.093,0.000,0.122,0.000,0.000,0.000,0.000,0.000,0.000
5556,1856.663,11.482,13.215,3.574,0.000,13.095,0.000,0.120,0.000,0.000,0.000,0.000,0.000,0.000
5557,1857.011,11.704,13.215,3.574,0.000,13.096,0.000,0.119,0.000,0.000,0.000,0.000,0.000,0.000
5558,1857.359,15.001,13.215,3.574,0.000,13.098,0.000,0.117,0.000,0.000,0.000,0.000,0.000,0.000
5559,1857.707,15.371,13.215,3.573,0.000,13.100,0.000,0.115,0.000,0.000,0.000,0.000,0.000,0.000
5560,1858.056,13.075,13.216,3.573,0.000,13.102,0.000,0.114,0.000,0.000,0.000,0.000,0.000,0.000
5561,1858.404,11.852,13.216,3.572,0.000,13.103,0.000,0.112,0.000,0.000,0.000,0.000,0.000,0.000
5562,1858.752,17.445,13.216,3.572,0.000,13.105,0.000,0.111,0.000,0.000,0.000,0.000,0.000,0.000
5563,1859.100,16.075,13.216,3.572,0.000,13.107,0.000,0.109,0.000,0.000,0.000,0.000,0.000,0.000
5564,1859.449,16.926,13.216,3.571,0.000,13.108,0.000,0.108,0.000,0.000,0.000,0.000,0.000,0.000
5565,1859.797,13.001,13.216,3.571,0.000,13.110,0.000,0.106,0.000,0.000,0.000,0.000,0.000,0.000
5566,1860.146,13.297,13.216,3.570,0.000,13.111,0.000,0.105,0.000,0.000,0.000,0.000,0.000,0.000
5567,1860.494,8.297,13.216,3.570,0.000,13.113,0.000,0.104,0.000,0.000,0.000,0.000,0.000,0.000
5568,1860.843,14.297,13.216,3.570,0.000,13.114,0.000,0.102,0.000,0.000,0.000,0.000,0.000,0.000
5569,1861.191,10.741,13.217,3.569,0.000,13.116,0.000,0.101,0.000,0.000,0.000,0.000,0.000,0.000
5570,1861.540,21.001,13.217,3.569,0.000,13.117,0.000,0.099,0.000,0.000,0.000,0.000,0.000,0.000
5571,1861.888,10.852,13.216,3.568,0.000,13.119,0.000,0.098,0.000,0.000,0.000,0.000,0.000,0.000
5572,1862.237,14.852,13.216,3.568,0.000,13.120,0.000,0.097,0.000,0.000,0.000,0.000,0.000,0.000
5573,1862.586,17.741,13.216,3.568,0.000,13.121,0.000,0.095,0.000,0.000,0.000,0.000,0.000,0.000
5574,1862.935,12.371,13.216,3.567,0.000,13.123,0.000,0.094,0.000,0.000,0.000,0.000,0.000,0.000
5575,1863.283,17.926,13.216,3.567,0.000,13.124,0.000,0.092,0.000,0.000,0.000,0.000,0.000,0.000
5576,1863.632,14.445,13.216,3.566,0.000,13.125,0.000,0.091,0.000,0.000,0.000,0.000,0.000,0.000
5577,1863.981,11.334,13.216,3.566,0.000,13.126,0.000,0.090,0.000,0.000,0.000,0.000,0.000,0.000
5578,1864.330,20.149,13.216,3.566,0.000,13.128,0.000,0.088,0.000,0.000,0.000,0.000,0.000,0.000
5579,1864.679,10.519,13.216,3.565,0.000,13.129,0.000,0.087,0.000,0.000,0.000,0.000,0.000,0.000
5580,1865.028,13.297,13.216,3.565,0.000,13.130,0.000,0.086,0.000,0.000,0.000,0.000,0.000,0.000
5581,1865.377,13.630,13.216,3.564,0.000,13.131,0.000,0.084,0.000,0.000,0.000,0.000,0.000,0.000
5582,1865.726,10.408,13.215,3.564,0.000,13.132,0.000,0.083,0.000,0.000,0.000,0.000,0.000,0.000
5583,1866.075,14.667,13.215,3.564,0.000,13.133,0.000,0.082,0.000,0.000,0.000,0.000,0.000,0.000
5584,1866.424,9.667,13.215,3.563,0.000,13.134,0.000,0.081,0.000,0.000,0.000,0.000,0.000,0.000
5585,1866.773,14.371,13.215,3.563,0.000,13.135,0.000,0.079,0.000,0.000,0.000,0.000,0.000,0.000
5586,1867.123,10.926,13.215,3.562,0.000,13.137,0.000,0.078,0.000,0.000,0.000,0.000,0.000,0.000
5587,1867.472,9.704,13.215,3.562,0.000,13.138,0.000,0.077,0.000,0.000,0.000,0.000,0.000,0.000
5588,1867.821,26.445,13.214,3.562,0.000,13.139,0.000,0.076,0.000,0.000,0.000,0.000,0.000,0.000
5589,1868.170,20.852,13.214,3.561,0.000,13.140,0.000,0.075,0.000,0.000,0.000,0.000,0.000,0.000
5590,1868.520,19.445,13.214,3.561,0.000,13.141,0.000,0.073,0.000,0.000,0.000,0.000,0.000,0.000
5591,1868.869,6.223,13.214,3.560,0.000,13.142,0.000,0.072,0.000,0.000,0.000,0.000,0.000,0.000
5592,1869.219,14.075,13.214,3.560,0.000,13.143,0.000,0.071,0.000,0.000,0.000,0.000,0.000,0.000
5593,1869.568,14.001,13.214,3.560,0.000,13.144,0.000,0.070,0.000,0.000,0.000,0.000,0.000,0.000
5594,1869.918,14.075,13.213,3.559,0.000,13.145,0.000,0.069,0.000,0.000,0.000,0.000,0.000,0.000
5595,1870.267,16.075,13.213,3.559,0.000,13.146,0.000,0.068,0.000,0.000,0.000,0.000,0.000,0.000
5596,1870.617,9.001,13.213,3.558,0.000,13.147,0.000,0.067,0.000,0.000,0.000,0.000,0.000,0.000
5597,1870.966,14.519,13.213,3.558,0.000,13.147,0.000,0.065,0.000,0.000,0.000,0.000,0.000,0.000
5598,1871.316,14.926,13.213,3.558,0.000,13.148,0.000,0.064,0.000,0.000,0.000,0.000,0.000,0.000
5599,1871.666,10.926,13.213,3.557,0.000,13.149,0.000,0.063,0.000,0.000,0.000,0.000,0.000,0.000
5600,1872.015,16.001,13.213,3.557,0.000,13.150,0.000,0.062,0.000,0.000,0.000,0.000,0.000,0.000
5601,1872.365,12.075,13.213,3.556,0.000,13.151,0.000,0.061,0.000,0.000,0.000,0.000,0.000,0.000
5602,1872.715,13.815,13.213,3.556,0.000,13.152,0.000,0.060,0.000,0.000,0.000,0.000,0.000,0.000
5603,1873.065,24.075,13.213,3.556,0.000,13.154,0.000,0.059,0.000,0.000,0.000,0.000,0.000,0.000
5604,1873.415,12.445,13.213,3.555,0.000,13.155,0.000,0.058,0.000,0.000,0.000,0.000,0.000,0.000
5605,1873.765,11.445,13.213,3.555,0.000,13.156,0.000,0.057,0.000,0.000,0.000,0.000,0.000,0.000
5606,1874.115,9.223,13.213,3.554,0.000,13.157,0.000,0.056,0.000,0.000,0.000,0.000,0.000,0.000
5607,1874.465,9.704,13.213,3.554,0.000,13.158,0.000,0.055,0.000,0.000,0.000,0.000,0.000,0.000
5608,1874.815,16.593,13.213,3.554,0.000,13.159,0.000,0.054,0.000,0.000,0.000,0.000,0.000,0.000
5609,1875.165,15.556,13.214,3.553,0.000,13.160,0.000,0.053,0.000,0.000,0.000,0.000,0.000,0.000
5610,1875.515,14.223,13.214,3.553,0.000,13.162,0.000,0.052,0.000,0.000,0.000,0.000,0.000,0.000
5611,1875.865,12.926,13.214,3.552,0.000,13.163,0.000,0.051,0.000,0.000,0.000,0.000,0.000,0.000
5612,1876.215,19.926,13.215,3.552,0.000,13.164,0.000,0.050,0.000,0.000,0.000,0.000,0.000,0.000
5613,1876.566,16.482,13.215,3.552,0.000,13.165,0.000,0.050,0.000,0.000,0.000,0.000,0.000,0.000
5614,1876.916,19.149,13.215,3.551,0.000,13.167,0.000,0.049,0.000,0.000,0.000,0.000,0.000,0.000
5615,1877.266,9.704,13.216,3.551,0.000,13.168,0.000,0.048,0.000,0.000,0.000,0.000,0.000,0.000
5616,1877.617,14.667,13.217,3.550,0.000,13.170,0.000,0.047,0.000,0.000,0.000,0.000,0.000,0.000
5617,1877.967,10.297,13.217,3.550,0.000,13.171,0.000,0.046,0.000,0.000,0.000,0.000,0.000,0.000
5618,1878.318,18.741,13.218,3.550,0.000,13.173,0.000,0.045,0.000,0.000,0.000,0.000,0.000,0.000
5619,1878.668,13.445,13.219,3.549,0.000,13.174,0.000,0.044,0.000,0.000,0.000,0.000,0.000,0.000
5620,1879.019,7.445,13.219,3.549,0.000,13.176,0.000,0.044,0.000,0.000,0.000,0.000,0.000,0.000
5621,1879.369,13.223,13.220,3.548,0.000,13.177,0.000,0.043,0.000,0.000,0.000,0.000,0.000,0.000
5622,1879.720,11.519,13.220,3.548,0.000,13.178,0.000,0.042,0.000,0.000,0.000,0.000,0.000,0.000
5623,1880.070,12.445,13.221,3.548,0.000,13.180,0.000,0.041,0.000,0.000,0.000,0.000,0.000,0.000
5624,1880.421,12.223,13.222,3.547,0.000,13.181,0.000,0.040,0.000,0.000,0.000,0.000,0.000,0.000
5625,1880.772,16.519,13.222,3.547,0.000,13.182,0.000,0.040,0.000,0.000,0.000,0.000,0.000,0.000
5626,1881.123,13.482,13.223,3.546,0.000,13.184,0.000,0.039,0.000,0.000,0.000,0.000,0.000,0.000
5627,1881.473,14.223,13.223,3.546,0.000,13.185,0.000,0.038,0.000,0.000,0.000,0.000,0.000,0.000
5628,1881.824,4.297,13.224,3.546,0.000,13.186,0.000,0.037,0.000,0.000,0.000,0.000,0.000,0.000
5629,1882.175,15.371,13.224,3.545,0.000,13.187,0.000,0.037,0.000,0.000,0.000,0.000,0.000,0.000
5630,1882.526,13.037,13.224,3.545,0.000,13.188,0.000,0.036,0.000,0.000,0.000,0.000,0.000,0.000
5631,1882.877,7.519,13.225,3.544,0.000,13.190,0.000,0.035,0.000,0.000,0.000,0.000,0.000,0.000
5632,1883.228,11.297,13.225,3.544,0.000,13.191,0.000,0.035,0.000,0.000,0.000,0.000,0.000,0.000
5633,1883.579,21.223,13.226,3.544,0.000,13.192,0.000,0.034,0.000,0.000,0.000,0.000,0.000,0.000
5634,1883.930,10.149,13.226,3.543,0.000,13.193,0.000,0.033,0.000,0.000,0.000,0.000,0.000,0.000
5635,1884.281,14.445,13.226,3.543,0.000,13.194,0.000,0.033,0.000,0.000,0.000,0.000,0.000,0.000
5636,1884.633,14.297,13.227,3.542,0.000,13.195,0.000,0.032,0.000,0.000,0.000,0.000,0.000,0.000
5637,1884.984,14.519,13.227,3.542,0.000,13.196,0.000,0.031,0.000,0.000,0.000,0.000,0.000,0.000
5638,1885.335,12.371,13.227,3.542,0.000,13.197,0.000,0.031,0.000,0.000,0.000,0.000,0.000,0.000
5639,1885.686,9.001,13.228,3.541,0.000,13.198,0.000,0.030,0.000,0.000,0.000,0.000,0.000,0.000
5640,1886.038,18.223,13.228,3.541,0.000,13.199,0.000,0.029,0.000,0.000,0.000,0.000,0.000,0.000
5641,1886.389,15.297,13.228,3.540,0.000,13.199,0.000,0.029,0.000,0.000,0.000,0.000,0.000,0.000
5642,1886.740,12.667,13.228,3.540,0.000,13.200,0.000,0.028,0.000,0.000,0.000,0.000,0.000,0.000
5643,1887.092,13.223,13.229,3.539,0.000,13.201,0.000,0.028,0.000,0.000,0.000,0.000,0.000,0.000
5644,1887.443,16.223,13.229,3.539,0.000,13.202,0.000,0.027,0.000,0.000,0.000,0.000,0.000,0.000
5645,1887.795,12.741,13.229,3.539,0.000,13.203,0.000,0.027,0.000,0.000,0.000,0.000,0.000,0.000
5646,1888.146,14.075,13.229,3.538,0.000,13.203,0.000,0.026,0.000,0.000,0.000,0.000,0.000,0.000
5647,1888.498,18.371,13.229,3.538,0.000,13.204,0.000,0.025,0.000,0.000,0.000,0.000,0.000,0.000
5648,1888.850,19.297,13.230,3.537,0.000,13.205,0.000,0.025,0.000,0.000,0.000,0.000,0.000,0.000
5649,1889.201,14.445,13.230,3.537,0.000,13.205,0.000,0.024,0.000,0.000,0.000,0.000,0.000,0.000
5650,1889.553,13.371,13.230,3.537,0.000,13.206,0.000,0.024,0.000,0.000,0.000,0.000,0.000,0.000
5651,1889.905,7.371,13.230,3.536,0.000,13.207,0.000,0.023,0.000,0.000,0.000,0.000,0.000,0.000
5652,1890.257,21.001,13.230,3.536,0.000,13.208,0.000,0.023,0.000,0.000,0.000,0.000,0.000,0.000
5653,1890.609,1.926,13.231,3.535,0.000,13.208,0.000,0.022,0.000,0.000,0.000,0.000,0.000,0.000
5654,1890.960,10.704,13.231,3.535,0.000,13.209,0.000,0.022,0.000,0.000,0.000,0.000,0.000,0.000
5655,1891.312,16.445,13.231,3.535,0.000,13.210,0.000,0.021,0.000,0.000,0.000,0.000,0.000,0.000
5656,1891.664,16.001,13.231,3.534,0.000,13.210,0.000,0.021,0.000,0.000,0.000,0.000,0.000,0.000
5657,1892.016,12.001,13.231,3.534,0.000,13.211,0.000,0.020,0.000,0.000,0.000,0.000,0.000,0.000
5658,1892.368,11.223,13.231,3.533,0.000,13.211,0.000,0.020,0.000,0.000,0.000,0.000,0.000,0.000
5659,1892.720,11.075,13.232,3.533,0.000,13.212,0.000,0.020,0.000,0.000,0.000,0.000,0.000,0.000
5660,1893.073,9.593,13.232,3.533,0.000,13.213,0.000,0.019,0.000,0.000,0.000,0.000,0.000,0.000
5661,1893.425,11.408,13.232,3.532,0.000,13.213,0.000,0.019,0.000,0.000,0.000,0.000,0.000,0.000
5662,1893.777,15.556,13.232,3.532,0.000,13.214,0.000,0.018,0.000,0.000,0.000,0.000,0.000,0.000
5663,1894.129,11.593,13.233,3.531,0.000,13.215,0.000,0.018,0.000,0.000,0.000,0.000,0.000,0.000
5664,1894.482,15.852,13.233,3.531,0.000,13.216,0.000,0.017,0.000,0.000,0.000,0.000,0.000,0.000
5665,1894.834,7.260,13.233,3.531,0.000,13.216,0.000,0.017,0.000,0.000,0.000,0.000,0.000,0.000
5666,1895.186,17.445,13.234,3.530,0.000,13.217,0.000,0.017,0.000,0.000,0.000,0.000,0.000,0.000
5667,1895.539,11.371,13.234,3.530,0.000,13.218,0.000,0.016,0.000,0.000,0.000,0.000,0.000,0.000
5668,1895.891,6.001,13.234,3.529,0.000,13.219,0.000,0.016,0.000,0.000,0.000,0.000,0.000,0.000
5669,1896.244,15.852,13.235,3.529,0.000,13.219,0.000,0.016,0.000,0.000,0.000,0.000,0.000,0.000
5670,1896.596,15.593,13.235,3.529,0.000,13.220,0.000,0.015,0.000,0.000,0.000,0.000,0.000,0.000
5671,1896.949,9.778,13.236,3.528,0.000,13.221,0.000,0.015,0.000,0.000,0.000,0.000,0.000,0.000
5672,1897.301,15.519,13.237,3.528,0.000,13.222,0.000,0.015,0.000,0.000,0.000,0.000,0.000,0.000
5673,1897.654,9.519,13.237,3.527,0.000,13.223,0.000,0.014,0.000,0.000,0.000,0.000,0.000,0.000
5674,1898.007,13.001,13.238,3.527,0.000,13.224,0.000,0.014,0.000,0.000,0.000,0.000,0.000,0.000
5675,1898.360,12.371,13.239,3.527,0.000,13.225,0.000,0.014,0.000,0.000,0.000,0.000,0.000,0.000
5676,1898.712,10.001,13.239,3.526,0.000,13.226,0.000,0.013,0.000,0.000,0.000,0.000,0.000,0.000
5677,1899.065,8.223,13.240,3.526,0.000,13.227,0.000,0.013,0.000,0.000,0.000,0.000,0.000,0.000
5678,1899.418,10.371,13.241,3.525,0.000,13.228,0.000,0.013,0.000,0.000,0.000,0.000,0.000,0.000
5679,1899.771,14.667,13.242,3.525,0.000,13.229,0.000,0.012,0.000,0.000,0.000,0.000,0.000,0.000
5680,1900.124,11.519,13.243,3.525,0.000,13.231,0.000,0.012,0.000,0.000,0.000,0.000,0.000,0.000
5681,1900.477,10.667,13.243,3.524,0.000,13.232,0.000,0.012,0.000,0.000,0.000,0.000,0.000,0.000
5682,1900.830,12.889,13.244,3.524,0.000,13.233,0.000,0.011,0.000,0.000,0.000,0.000,0.000,0.000
5683,1901.183,8.297,13.245,3.523,0.000,13.234,0.000,0.011,0.000,0.000,0.000,0.000,0.000,0.000
5684,1901.536,14.075,13.246,3.523,0.000,13.235,0.000,0.011,0.000,0.000,0.000,0.000,0.000,0.000
5685,1901.889,14.630,13.246,3.523,0.000,13.236,0.000,0.011,0.000,0.000,0.000,0.000,0.000,0.000
5686,1902.243,17.149,13.247,3.522,0.000,13.237,0.000,0.010,0.000,0.000,0.000,0.000,0.000,0.000
5687,1902.596,17.001,13.248,3.522,0.000,13.237,0.000,0.010,0.000,0.000,0.000,0.000,0.000,0.000
5688,1902.949,18.149,13.248,3.521,0.000,13.238,0.000,0.010,0.000,0.000,0.000,0.000,0.000,0.000
5689,1903.302,13.075,13.249,3.521,0.000,13.239,0.000,0.010,0.000,0.000,0.000,0.000,0.000,0.000
5690,1903.656,15.075,13.249,3.521,0.000,13.240,0.000,0.009,0.000,0.000,0.000,0.000,0.000,0.000
5691,1904.009,16.408,13.250,3.520,0.000,13.241,0.000,0.009,0.000,0.000,0.000,0.000,0.000,0.000
5692,1904.363,4.926,13.250,3.520,0.000,13.242,0.000,0.009,0.000,0.000,0.000,0.000,0.000,0.000
5693,1904.716,9.741,13.251,3.519,0.000,13.242,0.000,0.009,0.000,0.000,0.000,0.000,0.000,0.000
5694,1905.070,15.149,13.251,3.519,0.000,13.243,0.000,0.009,0.000,0.000,0.000,0.000,0.000,0.000
5695,1905.423,10.075,13.252,3.519,0.000,13.244,0.000,0.008,0.000,0.000,0.000,0.000,0.000,0.000
5696,1905.777,14.223,13.252,3.518,0.000,13.244,0.000,0.008,0.000,0.000,0.000,0.000,0.000,0.000
5697,1906.131,18.001,13.253,3.518,0.000,13.245,0.000,0.008,0.000,0.000,0.000,0.000,0.000,0.000
5698,1906.484,15.149,13.253,3.517,0.000,13.246,0.000,0.008,0.000,0.000,0.000,0.000,0.000,0.000
5699,1906.838,13.445,13.254,3.517,0.000,13.246,0.000,0.008,0.000,0.000,0.000,0.000,0.000,0.000
5700,1907.192,20.001,13.254,3.517,0.000,13.247,0.000,0.007,0.000,0.000,0.000,0.000,0.000,0.000
5701,1907.546,13.852,13.254,3.516,0.000,13.247,0.000,0.007,0.000,0.000,0.000,0.000,0.000,0.000
5702,1907.900,13.778,13.255,3.516,0.000,13.248,0.000,0.007,0.000,0.000,0.000,0.000,0.000,0.000
5703,1908.254,18.926,13.255,3.515,0.000,13.248,0.000,0.007,0.000,0.000,0.000,0.000,0.000,0.000
5704,1908.608,18.519,13.255,3.515,0.000,13.249,0.000,0.007,0.000,0.000,0.000,0.000,0.000,0.000
5705,1908.962,16.371,13.256,3.515,0.000,13.249,0.000,0.006,0.000,0.000,0.000,0.000,0.000,0.000
5706,1909.316,7.223,13.256,3.514,0.000,13.250,0.000,0.006,0.000,0.000,0.000,0.000,0.000,0.000
5707,1909.670,12.075,13.256,3.514,0.000,13.250,0.000,0.006,0.000,0.000,0.000,0.000,0.000,0.000
5708,1910.024,18.741,13.257,3.513,0.000,13.251,0.000,0.006,0.000,0.000,0.000,0.000,0.000,0.000
5709,1910.378,24.371,13.257,3.513,0.000,13.251,0.000,0.006,0.000,0.000,0.000,0.000,0.000,0.000
5710,1910.732,5.630,13.257,3.513,0.000,13.251,0.000,0.006,0.000,0.000,0.000,0.000,0.000,0.000
5711,1911.087,18.482,13.257,3.512,0.000,13.252,0.000,0.006,0.000,0.000,0.000,0.000,0.000,0.000
5712,1911.441,9.667,13.258,3.512,0.000,13.252,0.000,0.005,0.000,0.000,0.000,0.000,0.000,0.000
5713,1911.795,15.630,13.258,3.511,0.000,13.253,0.000,0.005,0.000,0.000,0.000,0.000,0.000,0.000
5714,1912.150,20.001,13.258,3.511,0.000,13.253,0.000,0.005,0.000,0.000,0.000,0.000,0.000,0.000
5715,1912.504,12.223,13.259,3.511,0.000,13.253,0.000,0.005,0.000,0.000,0.000,0.000,0.000,0.000
5716,1912.858,10.741,13.259,3.510,0.000,13.254,0.000,0.005,0.000,0.000,0.000,0.000,0.000,0.000
5717,1913.213,11.704,13.259,3.510,0.000,13.254,0.000,0.005,0.000,0.000,0.000,0.000,0.000,0.000
5718,1913.568,10.075,13.259,3.509,0.000,13.255,0.000,0.005,0.000,0.000,0.000,0.000,0.000,0.000
5719,1913.922,8.149,13.260,3.509,0.000,13.255,0.000,0.005,0.000,0.000,0.000,0.000,0.000,0.000
5720,1914.277,10.001,13.260,3.509,0.000,13.256,0.000,0.004,0.000,0.000,0.000,0.000,0.000,0.000
5721,1914.632,17.149,13.260,3.508,0.000,13.256,0.000,0.004,0.000,0.000,0.000,0.000,0.000,0.000
5722,1914.986,6.223,13.261,3.508,0.000,13.256,0.000,0.004,0.000,0.000,0.000,0.000,0.000,0.000
5723,1915.341,12.371,13.261,3.507,0.000,13.257,0.000,0.004,0.000,0.000,0.000,0.000,0.000,0.000
5724,1915.696,7.001,13.261,3.507,0.000,13.257,0.000,0.004,0.000,0.000,0.000,0.000,0.000,0.000
5725,1916.051,14.001,13.262,3.507,0.000,13.258,0.000,0.004,0.000,0.000,0.000,0.000,0.000,0.000
5726,1916.406,10.445,13.262,3.506,0.000,13.258,0.000,0.004,0.000,0.000,0.000,0.000,0.000,0.000
5727,1916.761,14.593,13.263,3.506,0.000,13.259,0.000,0.004,0.000,0.000,0.000,0.000,0.000,0.000
5728,1917.116,19.075,13.263,3.505,0.000,13.260,0.000,0.004,0.000,0.000,0.000,0.000,0.000,0.000
5729,1917.471,13.852,13.264,3.505,0.000,13.260,0.000,0.004,0.000,0.000,0.000,0.000,0.000,0.000
5730,1917.826,16.778,13.264,3.505,0.000,13.261,0.000,0.003,0.000,0.000,0.000,0.000,0.000,0.000
5731,1918.181,13.371,13.265,3.504,0.000,13.262,0.000,0.003,0.000,0.000,0.000,0.000,0.000,0.000
5732,1918.536,13.926,13.266,3.504,0.000,13.262,0.000,0.003,0.000,0.000,0.000,0.000,0.000,0.000
5733,1918.891,9.778,13.267,3.503,0.000,13.263,0.000,0.003,0.000,0.000,0.000,0.000,0.000,0.000
5734,1919.246,14.223,13.267,3.503,0.000,13.264,0.000,0.003,0.000,0.000,0.000,0.000,0.000,0.000
5735,1919.602,10.371,13.268,3.503,0.000,13.265,0.000,0.003,0.000,0.000,0.000,0.000,0.000,0.000
5736,1919.957,14.519,13.269,3.502,0.000,13.266,0.000,0.003,0.000,0.000,0.000,0.000,0.000,0.000
5737,1920.312,17.371,13.270,3.502,0.000,13.267,0.000,0.003,0.000,0.000,0.000,0.000,0.000,0.000
5738,1920.668,16.556,13.271,3.501,0.000,13.268,0.000,0.003,0.000,0.000,0.000,0.000,0.000,0.000
5739,1921.023,5.149,13.272,3.501,0.000,13.269,0.000,0.003,0.000,0.000,0.000,0.000,0.000,0.000
5740,1921.379,17.001,13.273,3.501,0.000,13.270,0.000,0.003,0.000,0.000,0.000,0.000,0.000,0.000
5741,1921.734,8.556,13.274,3.500,0.000,13.271,0.000,0.003,0.000,0.000,0.000,0.000,0.000,0.000
5742,1922.090,21.778,13.275,3.500,0.000,13.272,0.000,0.003,0.000,0.000,0.000,0.000,0.000,0.000
5743,1922.446,12.741,13.276,3.499,0.000,13.273,0.000,0.003,0.000,0.000,0.000,0.000,0.000,0.000
5744,1922.801,15.223,13.277,3.499,0.000,13.274,0.000,0.002,0.000,0.000,0.000,0.000,0.000,0.000
5745,1923.157,10.445,13.278,3.499,0.000,13.275,0.000,0.002,0.000,0.000,0.000,0.000,0.000,0.000
5746,1923.513,16.334,13.278,3.498,0.000,13.276,0.000,0.002,0.000,0.000,0.000,0.000,0.000,0.000
5747,1923.869,15.482,13.279,3.498,0.000,13.277,0.000,0.002,0.000,0.000,0.000,0.000,0.000,0.000
5748,1924.225,15.223,13.280,3.497,0.000,13.278,0.000,0.002,0.000,0.000,0.000,0.000,0.000,0.000
5749,1924.580,11.926,13.281,3.497,0.000,13.279,0.000,0.002,0.000,0.000,0.000,0.000,0.000,0.000
5750,1924.936,18.593,13.282,3.496,0.000,13.280,0.000,0.002,0.000,0.000,0.000,0.000,0.000,0.000
5751,1925.292,19.667,13.283,3.496,0.000,13.281,0.000,0.002,0.000,0.000,0.000,0.000,0.000,0.000
5752,1925.648,14.445,13.283,3.496,0.000,13.281,0.000,0.002,0.000,0.000,0.000,0.000,0.000,0.000
5753,1926.005,18.001,13.284,3.495,0.000,13.282,0.000,0.002,0.000,0.000,0.000,0.000,0.000,0.000
5754,1926.361,9.149,13.285,3.495,0.000,13.283,0.000,0.002,0.000,0.000,0.000,0.000,0.000,0.000
5755,1926.717,11.482,13.286,3.494,0.000,13.284,0.000,0.002,0.000,0.000,0.000,0.000,0.000,0.000
5756,1927.073,10.704,13.287,3.494,0.000,13.285,0.000,0.002,0.000,0.000,0.000,0.000,0.000,0.000
5757,1927.429,10.482,13.287,3.494,0.000,13.286,0.000,0.002,0.000,0.000,0.000,0.000,0.000,0.000
5758,1927.786,10.852,13.288,3.493,0.000,13.286,0.000,0.002,0.000,0.000,0.000,0.000,0.000,0.000
5759,1928.142,13.408,13.289,3.493,0.000,13.287,0.000,0.002,0.000,0.000,0.000,0.000,0.000,0.000
5760,1928.498,11.926,13.290,3.492,0.000,13.288,0.000,0.002,0.000,0.000,0.000,0.000,0.000,0.000
5761,1928.855,12.482,13.291,3.492,0.000,13.289,0.000,0.002,0.000,0.000,0.000,0.000,0.000,0.000
5762,1929.211,13.852,13.291,3.492,0.000,13.290,0.000,0.002,0.000,0.000,0.000,0.000,0.000,0.000
5763,1929.568,13.704,13.292,3.491,0.000,13.291,0.000,0.002,0.000,0.000,0.000,0.000,0.000,0.000
5764,1929.924,12.778,13.293,3.491,0.000,13.292,0.000,0.002,0.000,0.000,0.000,0.000,0.000,0.000
5765,1930.281,14.778,13.294,3.490,0.000,13.292,0.000,0.001,0.000,0.000,0.000,0.000,0.000,0.000
5766,1930.638,15.149,13.295,3.490,0.000,13.293,0.000,0.001,0.000,0.000,0.000,0.000,0.000,0.000
5767,1930.994,8.149,13.295,3.490,0.000,13.294,0.000,0.001,0.000,0.000,0.000,0.000,0.000,0.000
5768,1931.351,9.926,13.296,3.489,0.000,13.295,0.000,0.001,0.000,0.000,0.000,0.000,0.000,0.000
5769,1931.708,10.445,13.297,3.489,0.000,13.296,0.000,0.001,0.000,0.000,0.000,0.000,0.000,0.000
5770,1932.065,15.186,13.298,3.488,0.000,13.297,0.000,0.001,0.000,0.000,0.000,0.000,0.000,0.000
5771,1932.422,14.630,13.299,3.488,0.000,13.297,0.000,0.001,0.000,0.000,0.000,0.000,0.000,0.000
5772,1932.779,13.926,13.300,3.488,0.000,13.298,0.000,0.001,0.000,0.000,0.000,0.000,0.000,0.000
5773,1933.135,15.149,13.300,3.487,0.000,13.299,0.000,0.001,0.000,0.000,0.000,0.000,0.000,0.000
5774,1933.493,16.223,13.301,3.487,0.000,13.300,0.000,0.001,0.000,0.000,0.000,0.000,0.000,0.000
5775,1933.850,17.482,13.302,3.486,0.000,13.301,0.000,0.001,0.000,0.000,0.000,0.000,0.000,0.000
5776,1934.207,15.556,13.303,3.486,0.000,13.302,0.000,0.001,0.000,0.000,0.000,0.000,0.000,0.000
5777,1934.564,11.371,13.304,3.486,0.000,13.303,0.000,0.001,0.000,0.000,0.000,0.000,0.000,0.000
5778,1934.921,15.149,13.305,3.485,0.000,13.304,0.000,0.001,0.000,0.000,0.000,0.000,0.000,0.000
5779,1935.278,19.445,13.306,3.485,0.000,13.305,0.000,0.001,0.000,0.000,0.000,0.000,0.000,0.000
5780,1935.636,15.445,13.307,3.484,0.000,13.306,0.000,0.001,0.000,0.000,0.000,0.000,0.000,0.000
5781,1935.993,4.630,13.308,3.484,0.000,13.307,0.000,0.001,0.000,0.000,0.000,0.000,0.000,0.000
5782,1936.350,14.186,13.310,3.484,0.000,13.309,0.000,0.001,0.000,0.000,0.000,0.000,0.000,0.000
5783,1936.708,13.704,13.311,3.483,0.000,13.310,0.000,0.001,0.000,0.000,0.000,0.000,0.000,0.000
5784,1937.065,15.223,13.312,3.483,0.000,13.311,0.000,0.001,0.000,0.000,0.000,0.000,0.000,0.000
5785,1937.423,17.742,13.313,3.482,0.000,13.312,0.000,0.001,0.000,0.000,0.000,0.000,0.000,0.000
5786,1937.780,14.001,13.315,3.482,0.000,13.314,0.000,0.001,0.000,0.000,0.000,0.000,0.000,0.000
5787,1938.138,14.260,13.316,3.482,0.000,13.315,0.000,0.001,0.000,0.000,0.000,0.000,0.000,0.000
5788,1938.495,19.223,13.318,3.481,0.000,13.317,0.000,0.001,0.000,0.000,0.000,0.000,0.000,0.000
5789,1938.853,11.001,13.319,3.481,0.000,13.318,0.000,0.001,0.000,0.000,0.000,0.000,0.000,0.000
5790,1939.211,17.852,13.321,3.480,0.000,13.320,0.000,0.001,0.000,0.000,0.000,0.000,0.000,0.000
5791,1939.569,14.926,13.322,3.480,0.000,13.321,0.000,0.001,0.000,0.000,0.000,0.000,0.000,0.000
5792,1939.927,18.075,13.324,3.480,0.000,13.323,0.000,0.001,0.000,0.000,0.000,0.000,0.000,0.000
5793,1940.284,13.223,13.326,3.479,0.000,13.325,0.000,0.001,0.000,0.000,0.000,0.000,0.000,0.000
5794,1940.642,12.149,13.328,3.479,0.000,13.327,0.000,0.001,0.000,0.000,0.000,0.000,0.000,0.000
5795,1941.000,12.001,13.329,3.478,0.000,13.329,0.000,0.001,0.000,0.000,0.000,0.000,0.000,0.000
5796,1941.358,10.852,13.331,3.478,0.000,13.331,0.000,0.001,0.000,0.000,0.000,0.000,0.000,0.000
5797,1941.716,13.075,13.333,3.478,0.000,13.333,0.000,0.001,0.000,0.000,0.000,0.000,0.000,0.000
5798,1942.074,15.445,13.336,3.477,0.000,13.335,0.000,0.001,0.000,0.000,0.000,0.000,0.000,0.000
5799,1942.433,11.297,13.338,3.477,0.000,13.337,0.000,0.001,0.000,0.000,0.000,0.000,0.000,0.000
5800,1942.791,13.001,13.340,3.476,0.000,13.339,0.000,0.001,0.000,0.000,0.000,0.000,0.000,0.000
5801,1943.149,11.186,13.342,3.476,0.000,13.341,0.000,0.001,0.000,0.000,0.000,0.000,0.000,0.000
5802,1943.507,11.519,13.344,3.476,0.000,13.344,0.000,0.001,0.000,0.000,0.000,0.000,0.000,0.000
5803,1943.866,19.149,13.346,3.475,0.000,13.346,0.000,0.001,0.000,0.000,0.000,0.000,0.000,0.000
5804,1944.224,9.926,13.349,3.475,0.000,13.348,0.000,0.001,0.000,0.000,0.000,0.000,0.000,0.000
5805,1944.582,11.630,13.351,3.474,0.000,13.350,0.000,0.001,0.000,0.000,0.000,0.000,0.000,0.000
5806,1944.941,6.630,13.353,3.474,0.000,13.352,0.000,0.001,0.000,0.000,0.000,0.000,0.000,0.000
5807,1945.299,14.408,13.355,3.474,0.000,13.355,0.000,0.001,0.000,0.000,0.000,0.000,0.000,0.000
5808,1945.658,19.223,13.357,3.473,0.000,13.357,0.000,0.001,0.000,0.000,0.000,0.000,0.000,0.000
5809,1946.017,16.334,13.360,3.473,0.000,13.359,0.000,0.001,0.000,0.000,0.000,0.000,0.000,0.000
5810,1946.375,20.371,13.362,3.472,0.000,13.361,0.000,0.001,0.000,0.000,0.000,0.000,0.000,0.000
5811,1946.734,18.149,13.364,3.472,0.000,13.364,0.000,0.000,0.000,0.000,0.000,0.000,0.000,0.000
5812,1947.093,23.926,13.367,3.472,0.000,13.366,0.000,0.000,0.000,0.000,0.000,0.000,0.000,0.000
5813,1947.451,9.704,13.369,3.471,0.000,13.368,0.000,0.000,0.000,0.000,0.000,0.000,0.000,0.000
5814,1947.810,20.112,13.371,3.471,0.000,13.371,0.000,0.000,0.000,0.000,0.000,0.000,0.000,0.000
5815,1948.169,15.075,13.374,3.470,0.000,13.373,0.000,0.000,0.000,0.000,0.000,0.000,0.000,0.000
5816,1948.528,12.445,13.376,3.470,0.000,13.376,0.000,0.000,0.000,0.000,0.000,0.000,0.000,0.000
5817,1948.887,18.926,13.378,3.470,0.000,13.378,0.000,0.000,0.000,0.000,0.000,0.000,0.000,0.000
5818,1949.246,18.667,13.381,3.469,0.000,13.380,0.000,0.000,0.000,0.000,0.000,0.000,0.000,0.000
5819,1949.605,22.630,13.383,3.469,0.000,13.383,0.000,0.000,0.000,0.000,0.000,0.000,0.000,0.000
5820,1949.964,13.149,13.386,3.468,0.000,13.385,0.000,0.000,0.000,0.000,0.000,0.000,0.000,0.000
5821,1950.323,25.889,13.388,3.468,0.000,13.388,0.000,0.000,0.000,0.000,0.000,0.000,0.000,0.000
5822,1950.683,17.297,13.391,3.468,0.000,13.391,0.000,0.000,0.000,0.000,0.000,0.000,0.000,0.000
5823,1951.042,14.704,13.394,3.467,0.000,13.393,0.000,0.000,0.000,0.000,0.000,0.000,0.000,0.000
5824,1951.401,17.001,13.396,3.467,0.000,13.396,0.000,0.000,0.000,0.000,0.000,0.000,0.000,0.000
5825,1951.761,15.075,13.399,3.466,0.000,13.398,0.000,0.000,0.000,0.000,0.000,0.000,0.000,0.000
5826,1952.120,18.408,13.402,3.466,0.000,13.401,0.000,0.000,0.000,0.000,0.000,0.000,0.000,0.000
5827,1952.479,11.334,13.404,3.466,0.000,13.404,0.000,0.000,0.000,0.000,0.000,0.000,0.000,0.000
5828,1952.839,12.371,13.407,3.465,0.000,13.407,0.000,0.000,0.000,0.000,0.000,0.000,0.000,0.000
5829,1953.198,16.297,13.410,3.465,0.000,13.410,0.000,0.000,0.000,0.000,0.000,0.000,0.000,0.000
5830,1953.558,9.408,13.413,3.464,0.000,13.412,0.000,0.000,0.000,0.000,0.000,0.000,0.000,0.000
5831,1953.918,14.075,13.416,3.464,0.000,13.415,0.000,0.000,0.000,0.000,0.000,0.000,0.000,0.000
5832,1954.277,10.926,13.419,3.464,0.000,13.418,0.000,0.000,0.000,0.000,0.000,0.000,0.000,0.000
5833,1954.637,14.408,13.422,3.463,0.000,13.421,0.000,0.000,0.000,0.000,0.000,0.000,0.000,0.000
5834,1954.997,12.630,13.425,3.463,0.000,13.424,0.000,0.000,0.000,0.000,0.000,0.000,0.000,0.000
5835,1955.357,19.926,13.428,3.462,0.000,13.428,0.000,0.000,0.000,0.000,0.000,0.000,0.000,0.000
5836,1955.717,14.852,13.431,3.462,0.000,13.431,0.000,0.000,0.000,0.000,0.000,0.000,0.000,0.000
5837,1956.076,15.778,13.434,3.462,0.000,13.434,0.000,0.000,0.000,0.000,0.000,0.000,0.000,0.000
5838,1956.436,12.223,13.438,3.461,0.000,13.437,0.000,0.000,0.000,0.000,0.000,0.000,0.000,0.000
5839,1956.796,14.149,13.441,3.461,0.000,13.441,0.000,0.000,0.000,0.000,0.000,0.000,0.000,0.000
5840,1957.156,15.297,13.444,3.460,0.000,13.444,0.000,0.000,0.000,0.000,0.000,0.000,0.000,0.000
5841,1957.517,22.778,13.448,3.460,0.000,13.448,0.000,0.000,0.000,0.000,0.000,0.000,0.000,0.000
5842,1957.877,8.704,13.451,3.460,0.000,13.451,0.000,0.000,0.000,0.000,0.000,0.000,0.000,0.000
5843,1958.237,12.001,13.455,3.459,0.000,13.455,0.000,0.000,0.000,0.000,0.000,0.000,0.000,0.000
5844,1958.597,12.112,13.459,3.459,0.000,13.459,0.000,0.000,0.000,0.000,0.000,0.000,0.000,0.000
5845,1958.957,18.852,13.463,3.458,0.000,13.462,0.000,0.000,0.000,0.000,0.000,0.000,0.000,0.000
5846,1959.318,14.075,13.467,3.458,0.000,13.466,0.000,0.000,0.000,0.000,0.000,0.000,0.000,0.000
5847,1959.678,15.556,13.471,3.458,0.000,13.470,0.000,0.000,0.000,0.000,0.000,0.000,0.000,0.000
5848,1960.039,14.630,13.475,3.457,0.000,13.474,0.000,0.000,0.000,0.000,0.000,0.000,0.000,0.000
5849,1960.399,15.297,13.479,3.457,0.000,13.479,0.000,0.000,0.000,0.000,0.000,0.000,0.000,0.000
5850,1960.760,22.482,13.483,3.456,0.000,13.483,0.000,0.000,0.000,0.000,0.000,0.000,0.000,0.000
5851,1961.120,22.704,13.488,3.456,0.000,13.487,0.000,0.000,0.000,0.000,0.000,0.000,0.000,0.000
5852,1961.481,11.408,13.492,3.455,0.000,13.492,0.000,0.000,0.000,0.000,0.000,0.000,0.000,0.000
5853,1961.841,17.001,13.497,3.455,0.000,13.496,0.000,0.000,0.000,0.000,0.000,0.000,0.000,0.000
5854,1962.202,28.186,13.501,3.455,0.000,13.501,0.000,0.000,0.000,0.000,0.000,0.000,0.000,0.000
5855,1962.563,22.075,13.506,3.454,0.000,13.506,0.000,0.000,0.000,0.000,0.000,0.000,0.000,0.000
5856,1962.924,16.482,13.511,3.454,0.000,13.511,0.000,0.000,0.000,0.000,0.000,0.000,0.000,0.000
5857,1963.285,15.297,13.516,3.453,0.000,13.516,0.000,0.000,0.000,0.000,0.000,0.000,0.000,0.000
5858,1963.645,18.778,13.521,3.453,0.000,13.521,0.000,0.000,0.000,0.000,0.000,0.000,0.000,0.000
5859,1964.006,11.297,13.527,3.453,0.000,13.526,0.000,0.000,0.000,0.000,0.000,0.000,0.000,0.000
5860,1964.367,13.704,13.532,3.452,0.000,13.532,0.000,0.000,0.000,0.000,0.000,0.000,0.000,0.000
5861,1964.728,16.556,13.537,3.452,0.000,13.537,0.000,0.000,0.000,0.000,0.000,0.000,0.000,0.000
5862,1965.090,23.001,13.543,3.451,0.000,13.543,0.000,0.000,0.000,0.000,0.000,0.000,0.000,0.000
5863,1965.451,11.075,13.549,3.451,0.000,13.548,0.000,0.000,0.000,0.000,0.000,0.000,0.000,0.000
5864,1965.812,23.149,13.554,3.451,0.000,13.554,0.000,0.000,0.000,0.000,0.000,0.000,0.000,0.000
5865,1966.173,25.704,13.560,3.450,0.000,13.560,0.000,0.000,0.000,0.000,0.000,0.000,0.000,0.000
5866,1966.534,16.482,13.565,3.450,0.000,13.565,0.000,0.000,0.000,0.000,0.000,0.000,0.000,0.000
5867,1966.896,14.704,13.568,3.447,0.000,13.568,0.000,0.000,0.000,0.000,0.000,0.000,0.000,0.000
5868,1967.257,14.704,13.571,3.443,0.000,13.571,0.000,0.000,0.000,0.000,0.000,0.000,0.000,0.000
5869,1967.619,10.482,13.574,3.440,0.000,13.574,0.000,0.000,0.000,0.000,0.000,0.000,0.000,0.000
5870,1967.980,20.223,13.577,3.437,0.000,13.577,0.000,0.000,0.000,0.000,0.000,0.000,0.000,0.000
5871,1968.342,18.186,13.580,3.433,0.000,13.580,0.000,0.000,0.000,0.000,0.000,0.000,0.000,0.000
5872,1968.703,14.667,13.583,3.430,0.000,13.583,0.000,0.000,0.000,0.000,0.000,0.000,0.000,0.000
5873,1969.065,16.371,13.586,3.427,0.000,13.586,0.000,0.000,0.000,0.000,0.000,0.000,0.000,0.000
5874,1969.426,21.630,13.590,3.423,0.000,13.589,0.000,0.000,0.000,0.000,0.000,0.000,0.000,0.000
5875,1969.788,18.186,13.593,3.420,0.000,13.593,0.000,0.000,0.000,0.000,0.000,0.000,0.000,0.000
5876,1970.150,18.408,13.596,3.417,0.000,13.596,0.000,0.000,0.000,0.000,0.000,0.000,0.000,0.000
5877,1970.512,13.778,13.600,3.413,0.000,13.599,0.000,0.000,0.000,0.000,0.000,0.000,0.000,0.000
5878,1970.874,20.038,13.603,3.410,0.000,13.603,0.000,0.000,0.000,0.000,0.000,0.000,0.000,0.000
5879,1971.236,23.852,13.606,3.407,0.000,13.606,0.000,0.000,0.000,0.000,0.000,0.000,0.000,0.000
5880,1971.598,19.075,13.610,3.403,0.000,13.610,0.000,0.000,0.000,0.000,0.000,0.000,0.000,0.000
5881,1971.960,22.964,13.614,3.400,0.000,13.613,0.000,0.000,0.000,0.000,0.000,0.000,0.000,0.000
5882,1972.322,15.926,13.617,3.397,0.000,13.617,0.000,0.000,0.000,0.000,0.000,0.000,0.000,0.000
5883,1972.684,21.778,13.621,3.394,0.000,13.621,0.000,0.000,0.000,0.000,0.000,0.000,0.000,0.000
5884,1973.046,18.852,13.625,3.390,0.000,13.625,0.000,0.000,0.000,0.000,0.000,0.000,0.000,0.000
5885,1973.408,14.630,13.629,3.387,0.000,13.629,0.000,0.000,0.000,0.000,0.000,0.000,0.000,0.000
5886,1973.770,19.149,13.633,3.384,0.000,13.633,0.000,0.000,0.000,0.000,0.000,0.000,0.000,0.000
5887,1974.133,21.630,13.637,3.380,0.000,13.637,0.000,0.000,0.000,0.000,0.000,0.000,0.000,0.000
5888,1974.495,18.445,13.641,3.377,0.000,13.641,0.000,0.000,0.000,0.000,0.000,0.000,0.000,0.000
5889,1974.857,19.038,13.645,3.374,0.000,13.645,0.000,0.000,0.000,0.000,0.000,0.000,0.000,0.000
5890,1975.220,19.149,13.649,3.370,0.000,13.649,0.000,0.000,0.000,0.000,0.000,0.000,0.000,0.000
5891,1975.582,16.926,13.654,3.367,0.000,13.654,0.000,0.000,0.000,0.000,0.000,0.000,0.000,0.000
5892,1975.945,21.926,13.658,3.364,0.000,13.658,0.000,0.000,0.000,0.000,0.000,0.000,0.000,0.000
5893,1976.308,17.482,13.663,3.360,0.000,13.662,0.000,0.000,0.000,0.000,0.000,0.000,0.000,0.000
5894,1976.670,20.408,13.667,3.357,0.000,13.667,0.000,0.000,0.000,0.000,0.000,0.000,0.000,0.000
5895,1977.033,17.704,13.672,3.354,0.000,13.672,0.000,0.000,0.000,0.000,0.000,0.000,0.000,0.000
5896,1977.396,17.630,13.677,3.350,0.000,13.676,0.000,0.000,0.000,0.000,0.000,0.000,0.000,0.000
5897,1977.758,12.630,13.681,3.347,0.000,13.681,0.000,0.000,0.000,0.000,0.000,0.000,0.000,0.000
5898,1978.121,28.852,13.686,3.344,0.000,13.686,0.000,0.000,0.000,0.000,0.000,0.000,0.000,0.000
5899,1978.484,22.297,13.691,3.341,0.000,13.691,0.000,0.000,0.000,0.000,0.000,0.000,0.000,0.000
5900,1978.847,20.519,13.696,3.337,0.000,13.696,0.000,0.000,0.000,0.000,0.000,0.000,0.000,0.000
5901,1979.210,16.482,13.702,3.334,0.000,13.702,0.000,0.000,0.000,0.000,0.000,0.000,0.000,0.000
5902,1979.573,12.556,13.707,3.331,0.000,13.707,0.000,0.000,0.000,0.000,0.000,0.000,0.000,0.000
5903,1979.936,10.112,13.712,3.327,0.000,13.712,0.000,0.000,0.000,0.000,0.000,0.000,0.000,0.000
5904,1980.299,15.852,13.718,3.324,0.000,13.718,0.000,0.000,0.000,0.000,0.000,0.000,0.000,0.000
5905,1980.663,8.186,13.724,3.321,0.000,13.724,0.000,0.000,0.000,0.000,0.000,0.000,0.000,0.000
5906,1981.026,22.630,13.730,3.317,0.000,13.729,0.000,0.000,0.000,0.000,0.000,0.000,0.000,0.000
5907,1981.389,23.778,13.735,3.314,0.000,13.735,0.000,0.000,0.000,0.000,0.000,0.000,0.000,0.000
5908,1981.753,19.630,13.741,3.311,0.000,13.741,0.000,0.000,0.000,0.000,0.000,0.000,0.000,0.000
5909,1982.116,29.075,13.748,3.307,0.000,13.748,0.000,0.000,0.000,0.000,0.000,0.000,0.000,0.000
5910,1982.479,15.630,13.754,3.304,0.000,13.754,0.000,0.000,0.000,0.000,0.000,0.000,0.000,0.000
5911,1982.843,29.890,13.760,3.301,0.000,13.760,0.000,0.000,0.000,0.000,0.000,0.000,0.000,0.000
5912,1983.206,17.001,13.767,3.297,0.000,13.767,0.000,0.000,0.000,0.000,0.000,0.000,0.000,0.000
5913,1983.570,23.482,13.774,3.294,0.000,13.773,0.000,0.000,0.000,0.000,0.000,0.000,0.000,0.000
5914,1983.934,29.926,13.780,3.291,0.000,13.780,0.000,0.000,0.000,0.000,0.000,0.000,0.000,0.000
5915,1984.297,9.742,13.787,3.287,0.000,13.787,0.000,0.000,0.000,0.000,0.000,0.000,0.000,0.000
5916,1984.661,19.408,13.794,3.284,0.000,13.794,0.000,0.000,0.000,0.000,0.000,0.000,0.000,0.000
5917,1985.025,11.334,13.802,3.281,0.000,13.802,0.000,0.000,0.000,0.000,0.000,0.000,0.000,0.000
5918,1985.389,22.038,13.809,3.278,0.000,13.809,0.000,0.000,0.000,0.000,0.000,0.000,0.000,0.000
5919,1985.753,15.371,13.817,3.274,0.000,13.817,0.000,0.000,0.000,0.000,0.000,0.000,0.000,0.000
5920,1986.117,11.001,13.824,3.271,0.000,13.824,0.000,0.000,0.000,0.000,0.000,0.000,0.000,0.000
5921,1986.481,20.334,13.832,3.268,0.000,13.832,0.000,0.000,0.000,0.000,0.000,0.000,0.000,0.000
5922,1986.845,22.926,13.840,3.264,0.000,13.840,0.000,0.000,0.000,0.000,0.000,0.000,0.000,0.000
5923,1987.209,24.149,13.848,3.261,0.000,13.848,0.000,0.000,0.000,0.000,0.000,0.000,0.000,0.000
5924,1987.573,30.112,13.857,3.258,0.000,13.857,0.000,0.000,0.000,0.000,0.000,0.000,0.000,0.000
5925,1987.937,21.408,13.865,3.254,0.000,13.865,0.000,0.000,0.000,0.000,0.000,0.000,0.000,0.000
5926,1988.301,15.112,13.874,3.251,0.000,13.874,0.000,0.000,0.000,0.000,0.000,0.000,0.000,0.000
5927,1988.666,21.075,13.882,3.248,0.000,13.882,0.000,0.000,0.000,0.000,0.000,0.000,0.000,0.000
5928,1989.030,17.778,13.891,3.244,0.000,13.891,0.000,0.000,0.000,0.000,0.000,0.000,0.000,0.000
5929,1989.394,24.778,13.900,3.241,0.000,13.900,0.000,0.000,0.000,0.000,0.000,0.000,0.000,0.000
5930,1989.759,11.778,13.909,3.238,0.000,13.908,0.000,0.000,0.000,0.000,0.000,0.000,0.000,0.000
5931,1990.123,10.334,13.917,3.234,0.000,13.917,0.000,0.000,0.000,0.000,0.000,0.000,0.000,0.000
5932,1990.488,17.297,13.926,3.231,0.000,13.926,0.000,0.000,0.000,0.000,0.000,0.000,0.000,0.000
5933,1990.852,22.223,13.936,3.228,0.000,13.936,0.000,0.000,0.000,0.000,0.000,0.000,0.000,0.000
5934,1991.217,28.556,13.945,3.225,0.000,13.945,0.000,0.000,0.000,0.000,0.000,0.000,0.000,0.000
5935,1991.582,13.778,13.954,3.221,0.000,13.954,0.000,0.000,0.000,0.000,0.000,0.000,0.000,0.000
5936,1991.946,18.038,13.964,3.218,0.000,13.964,0.000,0.000,0.000,0.000,0.000,0.000,0.000,0.000
5937,1992.311,19.260,13.973,3.215,0.000,13.973,0.000,0.000,0.000,0.000,0.000,0.000,0.000,0.000
5938,1992.676,29.482,13.983,3.211,0.000,13.983,0.000,0.000,0.000,0.000,0.000,0.000,0.000,0.000
5939,1993.041,23.001,13.992,3.208,0.000,13.992,0.000,0.000,0.000,0.000,0.000,0.000,0.000,0.000
5940,1993.406,17.334,14.002,3.205,0.000,14.002,0.000,0.000,0.000,0.000,0.000,0.000,0.000,0.000
5941,1993.771,14.890,14.012,3.201,0.000,14.012,0.000,0.000,0.000,0.000,0.000,0.000,0.000,0.000
5942,1994.136,25.778,14.022,3.198,0.000,14.022,0.000,0.000,0.000,0.000,0.000,0.000,0.000,0.000
5943,1994.501,27.297,14.032,3.195,0.000,14.032,0.000,0.000,0.000,0.000,0.000,0.000,0.000,0.000
5944,1994.866,20.334,14.042,3.191,0.000,14.042,0.000,0.000,0.000,0.000,0.000,0.000,0.000,0.000
5945,1995.231,23.038,14.053,3.188,0.000,14.053,0.000,0.000,0.000,0.000,0.000,0.000,0.000,0.000
5946,1995.597,17.852,14.063,3.185,0.000,14.063,0.000,0.000,0.000,0.000,0.000,0.000,0.000,0.000
5947,1995.962,24.704,14.074,3.181,0.000,14.074,0.000,0.000,0.000,0.000,0.000,0.000,0.000,0.000
5948,1996.327,13.075,14.085,3.178,0.000,14.084,0.000,0.000,0.000,0.000,0.000,0.000,0.000,0.000
5949,1996.693,31.297,14.095,3.175,0.000,14.095,0.000,0.000,0.000,0.000,0.000,0.000,0.000,0.000
5950,1997.058,12.001,14.106,3.171,0.000,14.106,0.000,0.000,0.000,0.000,0.000,0.000,0.000,0.000
5951,1997.424,13.926,14.117,3.168,0.000,14.117,0.000,0.000,0.000,0.000,0.000,0.000,0.000,0.000
5952,1997.789,18.001,14.128,3.165,0.000,14.128,0.000,0.000,0.000,0.000,0.000,0.000,0.000,0.000
5953,1998.155,16.778,14.140,3.162,0.000,14.140,0.000,0.000,0.000,0.000,0.000,0.000,0.000,0.000
5954,1998.521,20.112,14.151,3.158,0.000,14.151,0.000,0.000,0.000,0.000,0.000,0.000,0.000,0.000
5955,1998.886,19.297,14.163,3.155,0.000,14.163,0.000,0.000,0.000,0.000,0.000,0.000,0.000,0.000
5956,1999.252,21.852,14.174,3.152,0.000,14.174,0.000,0.000,0.000,0.000,0.000,0.000,0.000,0.000
5957,1999.618,22.112,14.186,3.148,0.000,14.186,0.000,0.000,0.000,0.000,0.000,0.000,0.000,0.000
5958,1999.984,20.816,14.198,3.145,0.000,14.198,0.000,0.000,0.000,0.000,0.000,0.000,0.000,0.000
5959,2000.350,17.038,14.210,3.142,0.000,14.210,0.000,0.000,0.000,0.000,0.000,0.000,0.000,0.000
5960,2000.716,28.556,14.222,3.138,0.000,14.222,0.000,0.000,0.000,0.000,0.000,0.000,0.000,0.000
5961,2001.082,22.704,14.235,3.135,0.000,14.235,0.000,0.000,0.000,0.000,0.000,0.000,0.000,0.000
5962,2001.448,12.260,14.247,3.132,0.000,14.247,0.000,0.000,0.000,0.000,0.000,0.000,0.000,0.000
5963,2001.814,17.630,14.260,3.128,0.000,14.260,0.000,0.000,0.000,0.000,0.000,0.000,0.000,0.000
5964,2002.180,20.334,14.273,3.125,0.000,14.273,0.000,0.000,0.000,0.000,0.000,0.000,0.000,0.000
5965,2002.546,19.668,14.286,3.122,0.000,14.285,0.000,0.000,0.000,0.000,0.000,0.000,0.000,0.000
5966,2002.913,20.630,14.299,3.118,0.000,14.299,0.000,0.000,0.000,0.000,0.000,0.000,0.000,0.000
5967,2003.279,23.816,14.312,3.115,0.000,14.312,0.000,0.000,0.000,0.000,0.000,0.000,0.000,0.000
5968,2003.645,21.556,14.325,3.112,0.000,14.325,0.000,0.000,0.000,0.000,0.000,0.000,0.000,0.000
5969,2004.012,23.334,14.339,3.109,0.000,14.339,0.000,0.000,0.000,0.000,0.000,0.000,0.000,0.000
5970,2004.378,15.890,14.353,3.105,0.000,14.353,0.000,0.000,0.000,0.000,0.000,0.000,0.000,0.000
5971,2004.745,18.482,14.367,3.102,0.000,14.367,0.000,0.000,0.000,0.000,0.000,0.000,0.000,0.000
5972,2005.111,17.260,14.381,3.099,0.000,14.381,0.000,0.000,0.000,0.000,0.000,0.000,0.000,0.000
5973,2005.478,21.778,14.395,3.095,0.000,14.395,0.000,0.000,0.000,0.000,0.000,0.000,0.000,0.000
5974,2005.845,26.075,14.410,3.092,0.000,14.410,0.000,0.000,0.000,0.000,0.000,0.000,0.000,0.000
5975,2006.211,32.890,14.424,3.089,0.000,14.424,0.000,0.000,0.000,0.000,0.000,0.000,0.000,0.000
5976,2006.578,28.186,14.439,3.085,0.000,14.439,0.000,0.000,0.000,0.000,0.000,0.000,0.000,0.000
5977,2006.945,30.852,14.454,3.082,0.000,14.454,0.000,0.000,0.000,0.000,0.000,0.000,0.000,0.000
5978,2007.312,28.482,14.470,3.079,0.000,14.470,0.000,0.000,0.000,0.000,0.000,0.000,0.000,0.000
5979,2007.679,30.482,14.485,3.075,0.000,14.485,0.000,0.000,0.000,0.000,0.000,0.000,0.000,0.000
5980,2008.046,28.260,14.501,3.072,0.000,14.501,0.000,0.000,0.000,0.000,0.000,0.000,0.000,0.000
5981,2008.413,26.556,14.517,3.069,0.000,14.517,0.000,0.000,0.000,0.000,0.000,0.000,0.000,0.000
5982,2008.780,25.445,14.533,3.065,0.000,14.533,0.000,0.000,0.000,0.000,0.000,0.000,0.000,0.000
5983,2009.147,30.964,14.549,3.062,0.000,14.549,0.000,0.000,0.000,0.000,0.000,0.000,0.000,0.000
5984,2009.515,25.038,14.566,3.059,0.000,14.566,0.000,0.000,0.000,0.000,0.000,0.000,0.000,0.000
5985,2009.882,25.704,14.583,3.056,0.000,14.582,0.000,0.000,0.000,0.000,0.000,0.000,0.000,0.000
5986,2010.249,21.408,14.600,3.052,0.000,14.599,0.000,0.000,0.000,0.000,0.000,0.000,0.000,0.000
5987,2010.617,19.223,14.617,3.049,0.000,14.617,0.000,0.000,0.000,0.000,0.000,0.000,0.000,0.000
5988,2010.984,20.482,14.634,3.046,0.000,14.634,0.000,0.000,0.000,0.000,0.000,0.000,0.000,0.000
5989,2011.352,28.408,14.652,3.042,0.000,14.652,0.000,0.000,0.000,0.000,0.000,0.000,0.000,0.000
5990,2011.719,34.408,14.670,3.039,0.000,14.670,0.000,0.000,0.000,0.000,0.000,0.000,0.000,0.000
5991,2012.087,15.852,14.688,3.036,0.000,14.687,0.000,0.000,0.000,0.000,0.000,0.000,0.000,0.000
5992,2012.454,26.371,14.706,3.032,0.000,14.706,0.000,0.000,0.000,0.000,0.000,0.000,0.000,0.000
5993,2012.822,21.630,14.724,3.029,0.000,14.724,0.000,0.000,0.000,0.000,0.000,0.000,0.000,0.000
5994,2013.190,23.482,14.742,3.026,0.000,14.742,0.000,0.000,0.000,0.000,0.000,0.000,0.000,0.000
5995,2013.558,21.519,14.761,3.022,0.000,14.761,0.000,0.000,0.000,0.000,0.000,0.000,0.000,0.000
5996,2013.925,22.742,14.780,3.019,0.000,14.780,0.000,0.000,0.000,0.000,0.000,0.000,0.000,0.000
5997,2014.293,19.112,14.799,3.016,0.000,14.799,0.000,0.000,0.000,0.000,0.000,0.000,0.000,0.000
5998,2014.661,33.334,14.818,3.012,0.000,14.818,0.000,0.000,0.000,0.000,0.000,0.000,0.000,0.000
5999,2015.029,23.630,14.837,3.009,0.000,14.837,0.000,0.000,0.000,0.000,0.000,0.000,0.000,0.000
6000,2015.397,27.704,14.856,3.006,0.000,14.856,0.000,0.000,0.000,0.000,0.000,0.000,0.000,0.000
6001,2015.765,23.260,14.876,3.002,0.000,14.876,0.000,0.000,0.000,0.000,0.000,0.000,0.000,0.000
6002,2016.134,23.112,14.896,2.999,0.000,14.896,0.000,0.000,0.000,0.000,0.000,0.000,0.000,0.000
6003,2016.502,25.742,14.916,2.996,0.000,14.916,0.000,0.000,0.000,0.000,0.000,0.000,0.000,0.000
6004,2016.870,20.852,14.936,2.993,0.000,14.936,0.000,0.000,0.000,0.000,0.000,0.000,0.000,0.000
6005,2017.238,17.852,14.957,2.989,0.000,14.957,0.000,0.000,0.000,0.000,0.000,0.000,0.000,0.000
6006,2017.607,20.038,14.977,2.986,0.000,14.977,0.000,0.000,0.000,0.000,0.000,0.000,0.000,0.000
6007,2017.975,18.297,14.998,2.983,0.000,14.998,0.000,0.000,0.000,0.000,0.000,0.000,0.000,0.000
6008,2018.344,20.334,15.019,2.979,0.000,15.019,0.000,0.000,0.000,0.000,0.000,0.000,0.000,0.000
6009,2018.712,24.260,15.040,2.976,0.000,15.040,0.000,0.000,0.000,0.000,0.000,0.000,0.000,0.000
6010,2019.081,23.482,15.062,2.973,0.000,15.062,0.000,0.000,0.000,0.000,0.000,0.000,0.000,0.000
6011,2019.450,27.075,15.083,2.969,0.000,15.083,0.000,0.000,0.000,0.000,0.000,0.000,0.000,0.000
6012,2019.818,19.630,15.105,2.966,0.000,15.105,0.000,0.000,0.000,0.000,0.000,0.000,0.000,0.000
6013,2020.187,22.186,15.127,2.963,0.000,15.127,0.000,0.000,0.000,0.000,0.000,0.000,0.000,0.000
6014,2020.556,28.630,15.149,2.959,0.000,15.149,0.000,0.000,0.000,0.000,0.000,0.000,0.000,0.000
6015,2020.925,19.926,15.172,2.956,0.000,15.172,0.000,0.000,0.000,0.000,0.000,0.000,0.000,0.000
6016,2021.294,33.964,15.195,2.953,0.000,15.195,0.000,0.000,0.000,0.000,0.000,0.000,0.000,0.000
6017,2021.663,17.519,15.218,2.949,0.000,15.218,0.000,0.000,0.000,0.000,0.000,0.000,0.000,0.000
6018,2022.032,26.778,15.241,2.946,0.000,15.241,0.000,0.000,0.000,0.000,0.000,0.000,0.000,0.000
6019,2022.401,26.594,15.264,2.943,0.000,15.264,0.000,0.000,0.000,0.000,0.000,0.000,0.000,0.000
6020,2022.770,24.926,15.288,2.940,0.000,15.288,0.000,0.000,0.000,0.000,0.000,0.000,0.000,0.000
6021,2023.139,41.852,15.312,2.936,0.000,15.312,0.000,0.000,0.000,0.000,0.000,0.000,0.000,0.000
6022,2023.508,22.630,15.336,2.933,0.000,15.336,0.000,0.000,0.000,0.000,0.000,0.000,0.000,0.000
6023,2023.878,25.149,15.360,2.930,0.000,15.360,0.000,0.000,0.000,0.000,0.000,0.000,0.000,0.000
6024,2024.247,27.964,15.385,2.926,0.000,15.385,0.000,0.000,0.000,0.000,0.000,0.000,0.000,0.000
6025,2024.616,25.519,15.410,2.923,0.000,15.410,0.000,0.000,0.000,0.000,0.000,0.000,0.000,0.000
6026,2024.986,30.778,15.435,2.920,0.000,15.435,0.000,0.000,0.000,0.000,0.000,0.000,0.000,0.000
6027,2025.355,24.704,15.460,2.916,0.000,15.460,0.000,0.000,0.000,0.000,0.000,0.000,0.000,0.000
6028,2025.725,13.260,15.486,2.913,0.000,15.486,0.000,0.000,0.000,0.000,0.000,0.000,0.000,0.000
6029,2026.095,19.038,15.512,2.910,0.000,15.512,0.000,0.000,0.000,0.000,0.000,0.000,0.000,0.000
6030,2026.464,17.445,15.538,2.906,0.000,15.538,0.000,0.000,0.000,0.000,0.000,0.000,0.000,0.000
6031,2026.834,39.704,15.565,2.903,0.000,15.565,0.000,0.000,0.000,0.000,0.000,0.000,0.000,0.000
6032,2027.204,26.223,15.592,2.900,0.000,15.592,0.000,0.000,0.000,0.000,0.000,0.000,0.000,0.000
6033,2027.574,32.186,15.619,2.896,0.000,15.619,0.000,0.000,0.000,0.000,0.000,0.000,0.000,0.000
6034,2027.944,30.112,15.647,2.893,0.000,15.646,0.000,0.000,0.000,0.000,0.000,0.000,0.000,0.000
6035,2028.313,27.890,15.674,2.890,0.000,15.674,0.000,0.000,0.000,0.000,0.000,0.000,0.000,0.000
6036,2028.683,26.630,15.702,2.886,0.000,15.702,0.000,0.000,0.000,0.000,0.000,0.000,0.000,0.000
6037,2029.054,29.260,15.731,2.883,0.000,15.731,0.000,0.000,0.000,0.000,0.000,0.000,0.000,0.000
6038,2029.424,25.186,15.760,2.880,0.000,15.759,0.000,0.000,0.000,0.000,0.000,0.000,0.000,0.000
6039,2029.794,27.038,15.789,2.877,0.000,15.789,0.000,0.000,0.000,0.000,0.000,0.000,0.000,0.000
6040,2030.164,31.778,15.818,2.873,0.000,15.818,0.000,0.000,0.000,0.000,0.000,0.000,0.000,0.000
6041,2030.534,23.964,15.848,2.870,0.000,15.848,0.000,0.000,0.000,0.000,0.000,0.000,0.000,0.000
6042,2030.905,26.964,15.878,2.867,0.000,15.878,0.000,0.000,0.000,0.000,0.000,0.000,0.000,0.000
6043,2031.275,26.704,15.908,2.863,0.000,15.908,0.000,0.000,0.000,0.000,0.000,0.000,0.000,0.000
6044,2031.645,29.964,15.939,2.860,0.000,15.939,0.000,0.000,0.000,0.000,0.000,0.000,0.000,0.000
6045,2032.016,21.964,15.970,2.857,0.000,15.970,0.000,0.000,0.000,0.000,0.000,0.000,0.000,0.000
6046,2032.387,32.186,16.002,2.853,0.000,16.002,0.000,0.000,0.000,0.000,0.000,0.000,0.000,0.000
6047,2032.757,25.778,16.033,2.850,0.000,16.033,0.000,0.000,0.000,0.000,0.000,0.000,0.000,0.000
6048,2033.128,24.186,16.066,2.847,0.000,16.066,0.000,0.000,0.000,0.000,0.000,0.000,0.000,0.000
6049,2033.498,21.112,16.098,2.843,0.000,16.098,0.000,0.000,0.000,0.000,0.000,0.000,0.000,0.000
6050,2033.869,33.482,16.131,2.840,0.000,16.131,0.000,0.000,0.000,0.000,0.000,0.000,0.000,0.000
6051,2034.240,28.556,16.165,2.837,0.000,16.165,0.000,0.000,0.000,0.000,0.000,0.000,0.000,0.000
6052,2034.611,16.890,16.198,2.833,0.000,16.198,0.000,0.000,0.000,0.000,0.000,0.000,0.000,0.000
6053,2034.982,21.852,16.232,2.830,0.000,16.232,0.000,0.000,0.000,0.000,0.000,0.000,0.000,0.000
6054,2035.353,22.408,16.267,2.827,0.000,16.267,0.000,0.000,0.000,0.000,0.000,0.000,0.000,0.000
6055,2035.724,25.223,16.301,2.824,0.000,16.301,0.000,0.000,0.000,0.000,0.000,0.000,0.000,0.000
6056,2036.095,24.260,16.336,2.820,0.000,16.336,0.000,0.000,0.000,0.000,0.000,0.000,0.000,0.000
6057,2036.466,32.297,16.371,2.817,0.000,16.371,0.000,0.000,0.000,0.000,0.000,0.000,0.000,0.000
6058,2036.837,22.260,16.407,2.814,0.000,16.407,0.000,0.000,0.000,0.000,0.000,0.000,0.000,0.000
6059,2037.209,28.778,16.443,2.810,0.000,16.443,0.000,0.000,0.000,0.000,0.000,0.000,0.000,0.000
6060,2037.580,23.852,16.479,2.807,0.000,16.479,0.000,0.000,0.000,0.000,0.000,0.000,0.000,0.000
6061,2037.951,31.445,16.516,2.804,0.000,16.516,0.000,0.000,0.000,0.000,0.000,0.000,0.000,0.000
6062,2038.323,28.964,16.553,2.800,0.000,16.553,0.000,0.000,0.000,0.000,0.000,0.000,0.000,0.000
6063,2038.694,25.852,16.590,2.797,0.000,16.590,0.000,0.000,0.000,0.000,0.000,0.000,0.000,0.000
6064,2039.066,19.445,16.628,2.794,0.000,16.628,0.000,0.000,0.000,0.000,0.000,0.000,0.000,0.000
6065,2039.437,24.445,16.666,2.790,0.000,16.666,0.000,0.000,0.000,0.000,0.000,0.000,0.000,0.000
6066,2039.809,25.334,16.704,2.787,0.000,16.704,0.000,0.000,0.000,0.000,0.000,0.000,0.000,0.000
6067,2040.181,36.778,16.743,2.784,0.000,16.743,0.000,0.000,0.000,0.000,0.000,0.000,0.000,0.000
6068,2040.553,15.926,16.782,2.780,0.000,16.782,0.000,0.000,0.000,0.000,0.000,0.000,0.000,0.000
6069,2040.924,21.371,16.822,2.777,0.000,16.822,0.000,0.000,0.000,0.000,0.000,0.000,0.000,0.000
6070,2041.296,26.482,16.862,2.774,0.000,16.862,0.000,0.000,0.000,0.000,0.000,0.000,0.000,0.000
6071,2041.668,28.297,16.902,2.771,0.000,16.902,0.000,0.000,0.000,0.000,0.000,0.000,0.000,0.000
6072,2042.040,26.408,16.943,2.767,0.000,16.943,0.000,0.000,0.000,0.000,0.000,0.000,0.000,0.000
6073,2042.412,32.038,16.984,2.764,0.000,16.984,0.000,0.000,0.000,0.000,0.000,0.000,0.000,0.000
6074,2042.784,25.816,17.025,2.761,0.000,17.025,0.000,0.000,0.000,0.000,0.000,0.000,0.000,0.000
6075,2043.156,33.778,17.067,2.757,0.000,17.067,0.000,0.000,0.000,0.000,0.000,0.000,0.000,0.000
6076,2043.529,35.630,17.110,2.754,0.000,17.110,0.000,0.000,0.000,0.000,0.000,0.000,0.000,0.000
6077,2043.901,25.408,17.152,2.751,0.000,17.152,0.000,0.000,0.000,0.000,0.000,0.000,0.000,0.000
6078,2044.273,19.630,17.196,2.747,0.000,17.196,0.000,0.000,0.000,0.000,0.000,0.000,0.000,0.000
6079,2044.646,24.852,17.239,2.744,0.000,17.239,0.000,0.000,0.000,0.000,0.000,0.000,0.000,0.000
6080,2045.018,23.186,17.283,2.741,0.000,17.283,0.000,0.000,0.000,0.000,0.000,0.000,0.000,0.000
6081,2045.391,25.890,17.328,2.737,0.000,17.328,0.000,0.000,0.000,0.000,0.000,0.000,0.000,0.000
6082,2045.763,33.334,17.373,2.734,0.000,17.373,0.000,0.000,0.000,0.000,0.000,0.000,0.000,0.000
6083,2046.136,19.852,17.418,2.731,0.000,17.418,0.000,0.000,0.000,0.000,0.000,0.000,0.000,0.000
6084,2046.508,25.556,17.464,2.727,0.000,17.464,0.000,0.000,0.000,0.000,0.000,0.000,0.000,0.000
6085,2046.881,12.556,17.511,2.724,0.000,17.511,0.000,0.000,0.000,0.000,0.000,0.000,0.000,0.000
6086,2047.254,29.594,17.558,2.721,0.000,17.558,0.000,0.000,0.000,0.000,0.000,0.000,0.000,0.000
6087,2047.627,20.260,17.605,2.717,0.000,17.605,0.000,0.000,0.000,0.000,0.000,0.000,0.000,0.000
6088,2048.000,29.001,17.653,2.714,0.000,17.653,0.000,0.000,0.000,0.000,0.000,0.000,0.000,0.000
6089,2048.373,26.112,17.701,2.711,0.000,17.701,0.000,0.000,0.000,0.000,0.000,0.000,0.000,0.000
6090,2048.746,31.371,17.750,2.708,0.000,17.750,0.000,0.000,0.000,0.000,0.000,0.000,0.000,0.000
6091,2049.119,29.408,17.799,2.704,0.000,17.799,0.000,0.000,0.000,0.000,0.000,0.000,0.000,0.000
6092,2049.492,30.630,17.849,2.701,0.000,17.849,0.000,0.000,0.000,0.000,0.000,0.000,0.000,0.000
6093,2049.865,23.556,17.900,2.698,0.000,17.900,0.000,0.000,0.000,0.000,0.000,0.000,0.000,0.000
6094,2050.238,9.816,17.951,2.694,0.000,17.950,0.000,0.000,0.000,0.000,0.000,0.000,0.000,0.000
6095,2050.611,17.408,18.002,2.691,0.000,18.002,0.000,0.000,0.000,0.000,0.000,0.000,0.000,0.000
6096,2050.985,21.186,18.054,2.688,0.000,18.054,0.000,0.000,0.000,0.000,0.000,0.000,0.000,0.000
6097,2051.358,18.964,18.107,2.684,0.000,18.107,0.000,0.000,0.000,0.000,0.000,0.000,0.000,0.000
6098,2051.732,27.630,18.160,2.681,0.000,18.160,0.000,0.000,0.000,0.000,0.000,0.000,0.000,0.000
6099,2052.105,25.112,18.213,2.678,0.000,18.213,0.000,0.000,0.000,0.000,0.000,0.000,0.000,0.000
6100,2052.479,19.260,18.268,2.674,0.000,18.268,0.000,0.000,0.000,0.000,0.000,0.000,0.000,0.000
6101,2052.852,20.482,18.323,2.671,0.000,18.323,0.000,0.000,0.000,0.000,0.000,0.000,0.000,0.000
6102,2053.226,16.926,18.378,2.668,0.000,18.378,0.000,0.000,0.000,0.000,0.000,0.000,0.000,0.000
6103,2053.600,21.112,18.434,2.664,0.000,18.434,0.000,0.000,0.000,0.000,0.000,0.000,0.000,0.000
6104,2053.974,28.482,18.491,2.661,0.000,18.491,0.000,0.000,0.000,0.000,0.000,0.000,0.000,0.000
6105,2054.347,24.816,18.548,2.658,0.000,18.548,0.000,0.000,0.000,0.000,0.000,0.000,0.000,0.000
6106,2054.721,18.186,18.606,2.655,0.000,18.606,0.000,0.000,0.000,0.000,0.000,0.000,0.000,0.000
6107,2055.095,26.408,18.664,2.651,0.000,18.664,0.000,0.000,0.000,0.000,0.000,0.000,0.000,0.000
6108,2055.469,35.001,18.721,2.648,0.000,18.721,0.000,0.000,0.000,0.000,0.000,0.000,0.000,0.000
6109,2055.843,22.223,18.779,2.645,0.000,18.779,0.000,0.000,0.000,0.000,0.000,0.000,0.000,0.000
6110,2056.218,25.926,18.838,2.641,0.000,18.837,0.000,0.000,0.000,0.000,0.000,0.000,0.000,0.000
6111,2056.592,28.112,18.896,2.638,0.000,18.896,0.000,0.000,0.000,0.000,0.000,0.000,0.000,0.000
6112,2056.966,34.408,18.954,2.635,0.000,18.954,0.000,0.000,0.000,0.000,0.000,0.000,0.000,0.000
6113,2057.340,27.001,19.013,2.631,0.000,19.013,0.000,0.000,0.000,0.000,0.000,0.000,0.000,0.000
6114,2057.715,27.926,19.071,2.628,0.000,19.071,0.000,0.000,0.000,0.000,0.000,0.000,0.000,0.000
6115,2058.089,21.556,19.130,2.625,0.000,19.130,0.000,0.000,0.000,0.000,0.000,0.000,0.000,0.000
6116,2058.464,19.778,19.189,2.621,0.000,19.188,0.000,0.000,0.000,0.000,0.000,0.000,0.000,0.000
6117,2058.838,23.001,19.247,2.618,0.000,19.247,0.000,0.000,0.000,0.000,0.000,0.000,0.000,0.000
6118,2059.213,31.223,19.306,2.615,0.000,19.306,0.000,0.000,0.000,0.000,0.000,0.000,0.000,0.000
6119,2059.587,20.149,19.365,2.611,0.000,19.365,0.000,0.000,0.000,0.000,0.000,0.000,0.000,0.000
6120,2059.962,23.630,19.424,2.608,0.000,19.424,0.000,0.000,0.000,0.000,0.000,0.000,0.000,0.000
6121,2060.337,25.556,19.483,2.605,0.000,19.483,0.000,0.000,0.000,0.000,0.000,0.000,0.000,0.000
6122,2060.712,21.408,19.542,2.601,0.000,19.542,0.000,0.000,0.000,0.000,0.000,0.000,0.000,0.000
6123,2061.087,25.038,19.602,2.598,0.000,19.602,0.000,0.000,0.000,0.000,0.000,0.000,0.000,0.000
6124,2061.462,27.852,19.661,2.595,0.000,19.661,0.000,0.000,0.000,0.000,0.000,0.000,0.000,0.000
6125,2061.837,16.926,19.720,2.592,0.000,19.720,0.000,0.000,0.000,0.000,0.000,0.000,0.000,0.000
6126,2062.212,21.630,19.779,2.588,0.000,19.779,0.000,0.000,0.000,0.000,0.000,0.000,0.000,0.000
6127,2062.587,22.926,19.838,2.585,0.000,19.838,0.000,0.000,0.000,0.000,0.000,0.000,0.000,0.000
6128,2062.962,19.445,19.898,2.582,0.000,19.898,0.000,0.000,0.000,0.000,0.000,0.000,0.000,0.000
6129,2063.337,20.852,19.957,2.578,0.000,19.957,0.000,0.000,0.000,0.000,0.000,0.000,0.000,0.000
6130,2063.712,17.704,20.016,2.575,0.000,20.016,0.000,0.000,0.000,0.000,0.000,0.000,0.000,0.000
6131,2064.088,19.112,20.075,2.572,0.000,20.075,0.000,0.000,0.000,0.000,0.000,0.000,0.000,0.000
6132,2064.463,20.371,20.134,2.568,0.000,20.134,0.000,0.000,0.000,0.000,0.000,0.000,0.000,0.000
6133,2064.839,18.556,20.194,2.565,0.000,20.193,0.000,0.000,0.000,0.000,0.000,0.000,0.000,0.000
6134,2065.214,26.186,20.253,2.562,0.000,20.253,0.000,0.000,0.000,0.000,0.000,0.000,0.000,0.000
6135,2065.590,18.667,20.312,2.558,0.000,20.312,0.000,0.000,0.000,0.000,0.000,0.000,0.000,0.000
6136,2065.965,25.704,20.371,2.555,0.000,20.371,0.000,0.000,0.000,0.000,0.000,0.000,0.000,0.000
6137,2066.341,18.704,20.429,2.552,0.000,20.429,0.000,0.000,0.000,0.000,0.000,0.000,0.000,0.000
6138,2066.717,18.482,20.488,2.548,0.000,20.488,0.000,0.000,0.000,0.000,0.000,0.000,0.000,0.000
6139,2067.093,21.075,20.547,2.545,0.000,20.547,0.000,0.000,0.000,0.000,0.000,0.000,0.000,0.000
6140,2067.469,19.778,20.606,2.542,0.000,20.606,0.000,0.000,0.000,0.000,0.000,0.000,0.000,0.000
6141,2067.844,21.630,20.664,2.539,0.000,20.664,0.000,0.000,0.000,0.000,0.000,0.000,0.000,0.000
6142,2068.220,16.630,20.723,2.535,0.000,20.723,0.000,0.000,0.000,0.000,0.000,0.000,0.000,0.000
6143,2068.597,28.926,20.781,2.532,0.000,20.781,0.000,0.000,0.000,0.000,0.000,0.000,0.000,0.000
6144,2068.973,25.223,20.839,2.529,0.000,20.839,0.000,0.000,0.000,0.000,0.000,0.000,0.000,0.000
6145,2069.349,23.630,20.897,2.525,0.000,20.897,0.000,0.000,0.000,0.000,0.000,0.000,0.000,0.000
6146,2069.725,19.334,20.955,2.522,0.000,20.955,0.000,0.000,0.000,0.000,0.000,0.000,0.000,0.000
6147,2070.101,16.186,21.013,2.519,0.000,21.013,0.000,0.000,0.000,0.000,0.000,0.000,0.000,0.000
6148,2070.478,16.668,21.070,2.515,0.000,21.070,0.000,0.000,0.000,0.000,0.000,0.000,0.000,0.000
6149,2070.854,28.778,21.128,2.512,0.000,21.128,0.000,0.000,0.000,0.000,0.000,0.000,0.000,0.000
6150,2071.231,20.260,21.185,2.509,0.000,21.185,0.000,0.000,0.000,0.000,0.000,0.000,0.000,0.000
6151,2071.607,16.186,21.242,2.505,0.000,21.242,0.000,0.000,0.000,0.000,0.000,0.000,0.000,0.000
6152,2071.984,12.742,21.299,2.502,0.000,21.299,0.000,0.000,0.000,0.000,0.000,0.000,0.000,0.000
6153,2072.360,21.186,21.356,2.499,0.000,21.356,0.000,0.000,0.000,0.000,0.000,0.000,0.000,0.000
6154,2072.737,20.482,21.412,2.495,0.000,21.412,0.000,0.000,0.000,0.000,0.000,0.000,0.000,0.000
6155,2073.114,21.630,21.469,2.492,0.000,21.469,0.000,0.000,0.000,0.000,0.000,0.000,0.000,0.000
6156,2073.491,18.482,21.525,2.489,0.000,21.525,0.000,0.000,0.000,0.000,0.000,0.000,0.000,0.000
6157,2073.867,23.668,21.581,2.485,0.000,21.581,0.000,0.000,0.000,0.000,0.000,0.000,0.000,0.000
6158,2074.244,15.445,21.637,2.482,0.000,21.636,0.000,0.000,0.000,0.000,0.000,0.000,0.000,0.000
6159,2074.621,19.297,21.692,2.479,0.000,21.692,0.000,0.000,0.000,0.000,0.000,0.000,0.000,0.000
6160,2074.998,18.334,21.747,2.476,0.000,21.747,0.000,0.000,0.000,0.000,0.000,0.000,0.000,0.000
6161,2075.376,17.778,21.802,2.472,0.000,21.802,0.000,0.000,0.000,0.000,0.000,0.000,0.000,0.000
6162,2075.753,19.778,21.857,2.469,0.000,21.857,0.000,0.000,0.000,0.000,0.000,0.000,0.000,0.000
6163,2076.130,21.852,21.911,2.466,0.000,21.911,0.000,0.000,0.000,0.000,0.000,0.000,0.000,0.000
6164,2076.507,15.038,21.965,2.462,0.000,21.965,0.000,0.000,0.000,0.000,0.000,0.000,0.000,0.000
6165,2076.885,19.445,22.019,2.459,0.000,22.019,0.000,0.000,0.000,0.000,0.000,0.000,0.000,0.000
6166,2077.262,21.260,22.073,2.456,0.000,22.073,0.000,0.000,0.000,0.000,0.000,0.000,0.000,0.000
6167,2077.639,19.630,22.126,2.452,0.000,22.126,0.000,0.000,0.000,0.000,0.000,0.000,0.000,0.000
6168,2078.017,10.926,22.179,2.449,0.000,22.179,0.000,0.000,0.000,0.000,0.000,0.000,0.000,0.000
6169,2078.395,12.408,22.232,2.446,0.000,22.232,0.000,0.000,0.000,0.000,0.000,0.000,0.000,0.000
6170,2078.772,11.556,22.285,2.442,0.000,22.285,0.000,0.000,0.000,0.000,0.000,0.000,0.000,0.000
6171,2079.150,21.890,22.337,2.439,0.000,22.337,0.000,0.000,0.000,0.000,0.000,0.000,0.000,0.000
6172,2079.528,19.260,22.388,2.436,0.000,22.388,0.000,0.000,0.000,0.000,0.000,0.000,0.000,0.000
6173,2079.906,24.334,22.440,2.432,0.000,22.440,0.000,0.000,0.000,0.000,0.000,0.000,0.000,0.000
6174,2080.283,21.408,22.491,2.429,0.000,22.491,0.000,0.000,0.000,0.000,0.000,0.000,0.000,0.000
6175,2080.661,20.482,22.542,2.426,0.000,22.542,0.000,0.000,0.000,0.000,0.000,0.000,0.000,0.000
6176,2081.039,27.926,22.592,2.423,0.000,22.592,0.000,0.000,0.000,0.000,0.000,0.000,0.000,0.000
6177,2081.417,18.704,22.642,2.419,0.000,22.642,0.000,0.000,0.000,0.000,0.000,0.000,0.000,0.000
6178,2081.796,33.668,22.692,2.416,0.000,22.692,0.000,0.000,0.000,0.000,0.000,0.000,0.000,0.000
6179,2082.174,27.852,22.741,2.413,0.000,22.741,0.000,0.000,0.000,0.000,0.000,0.000,0.000,0.000
6180,2082.552,20.556,22.790,2.409,0.000,22.790,0.000,0.000,0.000,0.000,0.000,0.000,0.000,0.000
6181,2082.930,19.778,22.838,2.406,0.000,22.838,0.000,0.000,0.000,0.000,0.000,0.000,0.000,0.000
6182,2083.309,24.186,22.885,2.403,0.000,22.885,0.000,0.000,0.000,0.000,0.000,0.000,0.000,0.000
6183,2083.687,13.482,22.933,2.399,0.000,22.933,0.000,0.000,0.000,0.000,0.000,0.000,0.000,0.000
6184,2084.066,11.778,22.979,2.396,0.000,22.979,0.000,0.000,0.000,0.000,0.000,0.000,0.000,0.000
6185,2084.444,28.778,23.025,2.393,0.000,23.025,0.000,0.000,0.000,0.000,0.000,0.000,0.000,0.000
6186,2084.823,13.334,23.071,2.389,0.000,23.071,0.000,0.000,0.000,0.000,0.000,0.000,0.000,0.000
6187,2085.201,19.852,23.116,2.386,0.000,23.116,0.000,0.000,0.000,0.000,0.000,0.000,0.000,0.000
6188,2085.580,19.260,23.160,2.383,0.000,23.160,0.000,0.000,0.000,0.000,0.000,0.000,0.000,0.000
6189,2085.959,25.112,23.204,2.379,0.000,23.204,0.000,0.000,0.000,0.000,0.000,0.000,0.000,0.000
6190,2086.338,26.408,23.247,2.376,0.000,23.247,0.000,0.000,0.000,0.000,0.000,0.000,0.000,0.000
6191,2086.717,14.964,23.290,2.373,0.000,23.290,0.000,0.000,0.000,0.000,0.000,0.000,0.000,0.000
6192,2087.096,22.186,23.332,2.370,0.000,23.332,0.000,0.000,0.000,0.000,0.000,0.000,0.000,0.000
6193,2087.475,20.778,23.374,2.366,0.000,23.374,0.000,0.000,0.000,0.000,0.000,0.000,0.000,0.000
6194,2087.854,18.186,23.415,2.363,0.000,23.415,0.000,0.000,0.000,0.000,0.000,0.000,0.000,0.000
6195,2088.233,27.890,23.455,2.360,0.000,23.455,0.000,0.000,0.000,0.000,0.000,0.000,0.000,0.000
6196,2088.612,19.556,23.495,2.356,0.000,23.495,0.000,0.000,0.000,0.000,0.000,0.000,0.000,0.000
6197,2088.991,10.260,23.534,2.353,0.000,23.534,0.000,0.000,0.000,0.000,0.000,0.000,0.000,0.000
6198,2089.371,18.816,23.573,2.350,0.000,23.573,0.000,0.000,0.000,0.000,0.000,0.000,0.000,0.000
6199,2089.750,18.630,23.611,2.346,0.000,23.611,0.000,0.000,0.000,0.000,0.000,0.000,0.000,0.000
6200,2090.130,19.408,23.648,2.343,0.000,23.648,0.000,0.000,0.000,0.000,0.000,0.000,0.000,0.000
6201,2090.509,12.630,23.685,2.340,0.000,23.685,0.000,0.000,0.000,0.000,0.000,0.000,0.000,0.000
6202,2090.889,22.852,23.721,2.336,0.000,23.721,0.000,0.000,0.000,0.000,0.000,0.000,0.000,0.000
6203,2091.268,15.260,23.756,2.333,0.000,23.756,0.000,0.000,0.000,0.000,0.000,0.000,0.000,0.000
6204,2091.648,20.778,23.791,2.330,0.000,23.791,0.000,0.000,0.000,0.000,0.000,0.000,0.000,0.000
6205,2092.028,25.482,23.825,2.326,0.000,23.825,0.000,0.000,0.000,0.000,0.000,0.000,0.000,0.000
6206,2092.408,16.964,23.858,2.323,0.000,23.858,0.000,0.000,0.000,0.000,0.000,0.000,0.000,0.000
6207,2092.788,17.408,23.891,2.320,0.000,23.891,0.000,0.000,0.000,0.000,0.000,0.000,0.000,0.000
6208,2093.168,22.964,23.923,2.316,0.000,23.923,0.000,0.000,0.000,0.000,0.000,0.000,0.000,0.000
6209,2093.548,10.890,23.955,2.313,0.000,23.955,0.000,0.000,0.000,0.000,0.000,0.000,0.000,0.000
6210,2093.928,21.408,23.985,2.310,0.000,23.985,0.000,0.000,0.000,0.000,0.000,0.000,0.000,0.000
6211,2094.308,17.778,24.015,2.307,0.000,24.015,0.000,0.000,0.000,0.000,0.000,0.000,0.000,0.000
6212,2094.688,14.630,24.045,2.303,0.000,24.045,0.000,0.000,0.000,0.000,0.000,0.000,0.000,0.000
6213,2095.068,18.445,24.073,2.300,0.000,24.073,0.000,0.000,0.000,0.000,0.000,0.000,0.000,0.000
6214,2095.448,15.890,24.101,2.297,0.000,24.101,0.000,0.000,0.000,0.000,0.000,0.000,0.000,0.000
6215,2095.829,25.297,24.128,2.293,0.000,24.128,0.000,0.000,0.000,0.000,0.000,0.000,0.000,0.000
6216,2096.209,29.334,24.155,2.290,0.000,24.155,0.000,0.000,0.000,0.000,0.000,0.000,0.000,0.000
6217,2096.590,17.852,24.181,2.287,0.000,24.181,0.000,0.000,0.000,0.000,0.000,0.000,0.000,0.000
6218,2096.970,19.186,24.206,2.283,0.000,24.206,0.000,0.000,0.000,0.000,0.000,0.000,0.000,0.000
6219,2097.351,15.260,24.230,2.280,0.000,24.230,0.000,0.000,0.000,0.000,0.000,0.000,0.000,0.000
6220,2097.732,16.630,24.254,2.277,0.000,24.254,0.000,0.000,0.000,0.000,0.000,0.000,0.000,0.000
6221,2098.112,17.408,24.277,2.273,0.000,24.277,0.000,0.000,0.000,0.000,0.000,0.000,0.000,0.000
6222,2098.493,19.816,24.299,2.270,0.000,24.299,0.000,0.000,0.000,0.000,0.000,0.000,0.000,0.000
6223,2098.874,25.112,24.321,2.267,0.000,24.320,0.000,0.000,0.000,0.000,0.000,0.000,0.000,0.000
6224,2099.255,20.556,24.341,2.263,0.000,24.341,0.000,0.000,0.000,0.000,0.000,0.000,0.000,0.000
6225,2099.636,23.630,24.361,2.260,0.000,24.361,0.000,0.000,0.000,0.000,0.000,0.000,0.000,0.000
6226,2100.017,24.482,24.381,2.257,0.000,24.381,0.000,0.000,0.000,0.000,0.000,0.000,0.000,0.000
6227,2100.398,18.704,24.399,2.254,0.000,24.399,0.000,0.000,0.000,0.000,0.000,0.000,0.000,0.000
6228,2100.779,25.778,24.417,2.250,0.000,24.417,0.000,0.000,0.000,0.000,0.000,0.000,0.000,0.000
6229,2101.161,13.297,24.435,2.247,0.000,24.434,0.000,0.000,0.000,0.000,0.000,0.000,0.000,0.000
6230,2101.542,16.556,24.451,2.244,0.000,24.451,0.000,0.000,0.000,0.000,0.000,0.000,0.000,0.000
6231,2101.923,12.001,24.467,2.240,0.000,24.467,0.000,0.000,0.000,0.000,0.000,0.000,0.000,0.000
6232,2102.305,22.926,24.482,2.237,0.000,24.482,0.000,0.000,0.000,0.000,0.000,0.000,0.000,0.000
6233,2102.686,8.630,24.496,2.234,0.000,24.496,0.000,0.000,0.000,0.000,0.000,0.000,0.000,0.000
6234,2103.068,23.482,24.510,2.230,0.000,24.510,0.000,0.000,0.000,0.000,0.000,0.000,0.000,0.000
6235,2103.449,19.852,24.522,2.227,0.000,24.522,0.000,0.000,0.000,0.000,0.000,0.000,0.000,0.000
6236,2103.831,23.704,24.535,2.224,0.000,24.535,0.000,0.000,0.000,0.000,0.000,0.000,0.000,0.000
6237,2104.213,14.630,24.546,2.220,0.000,24.546,0.000,0.000,0.000,0.000,0.000,0.000,0.000,0.000
6238,2104.595,26.926,24.557,2.217,0.000,24.557,0.000,0.000,0.000,0.000,0.000,0.000,0.000,0.000
6239,2104.976,21.075,24.567,2.214,0.000,24.567,0.000,0.000,0.000,0.000,0.000,0.000,0.000,0.000
6240,2105.358,16.482,24.576,2.210,0.000,24.576,0.000,0.000,0.000,0.000,0.000,0.000,0.000,0.000
6241,2105.740,13.001,24.585,2.207,0.000,24.585,0.000,0.000,0.000,0.000,0.000,0.000,0.000,0.000
6242,2106.122,23.816,24.592,2.204,0.000,24.592,0.000,0.000,0.000,0.000,0.000,0.000,0.000,0.000
6243,2106.504,13.630,24.599,2.200,0.000,24.599,0.000,0.000,0.000,0.000,0.000,0.000,0.000,0.000
6244,2106.887,19.075,24.605,2.197,0.000,24.605,0.000,0.000,0.000,0.000,0.000,0.000,0.000,0.000
6245,2107.269,13.038,24.611,2.194,0.000,24.611,0.000,0.000,0.000,0.000,0.000,0.000,0.000,0.000
6246,2107.651,20.038,24.615,2.191,0.000,24.615,0.000,0.000,0.000,0.000,0.000,0.000,0.000,0.000
6247,2108.034,13.260,24.619,2.187,0.000,24.619,0.000,0.000,0.000,0.000,0.000,0.000,0.000,0.000
6248,2108.416,23.149,24.622,2.184,0.000,24.622,0.000,0.000,0.000,0.000,0.000,0.000,0.000,0.000
6249,2108.798,14.297,24.624,2.181,0.000,24.624,0.000,0.000,0.000,0.000,0.000,0.000,0.000,0.000
6250,2109.181,12.260,24.626,2.177,0.000,24.626,0.000,0.000,0.000,0.000,0.000,0.000,0.000,0.000
6251,2109.564,13.926,24.626,2.174,0.000,24.626,0.000,0.000,0.000,0.000,0.000,0.000,0.000,0.000
6252,2109.946,14.704,24.626,2.171,0.000,24.626,0.000,0.000,0.000,0.000,0.000,0.000,0.000,0.000
6253,2110.329,16.556,24.625,2.167,0.000,24.625,0.000,0.000,0.000,0.000,0.000,0.000,0.000,0.000
6254,2110.712,15.445,24.623,2.164,0.000,24.623,0.000,0.000,0.000,0.000,0.000,0.000,0.000,0.000
6255,2111.095,22.334,24.620,2.161,0.000,24.620,0.000,0.000,0.000,0.000,0.000,0.000,0.000,0.000
6256,2111.478,16.260,24.617,2.157,0.000,24.617,0.000,0.000,0.000,0.000,0.000,0.000,0.000,0.000
6257,2111.861,11.926,24.612,2.154,0.000,24.612,0.000,0.000,0.000,0.000,0.000,0.000,0.000,0.000
6258,2112.244,18.742,24.607,2.151,0.000,24.607,0.000,0.000,0.000,0.000,0.000,0.000,0.000,0.000
6259,2112.627,26.816,24.602,2.147,0.000,24.602,0.000,0.000,0.000,0.000,0.000,0.000,0.000,0.000
6260,2113.010,24.334,24.595,2.144,0.000,24.595,0.000,0.000,0.000,0.000,0.000,0.000,0.000,0.000
6261,2113.393,18.556,24.588,2.141,0.000,24.588,0.000,0.000,0.000,0.000,0.000,0.000,0.000,0.000
6262,2113.777,19.038,24.580,2.138,0.000,24.580,0.000,0.000,0.000,0.000,0.000,0.000,0.000,0.000
6263,2114.160,16.001,24.571,2.134,0.000,24.571,0.000,0.000,0.000,0.000,0.000,0.000,0.000,0.000
6264,2114.543,23.334,24.561,2.131,0.000,24.561,0.000,0.000,0.000,0.000,0.000,0.000,0.000,0.000
6265,2114.927,11.334,24.551,2.128,0.000,24.551,0.000,0.000,0.000,0.000,0.000,0.000,0.000,0.000
6266,2115.310,13.297,24.539,2.124,0.000,24.539,0.000,0.000,0.000,0.000,0.000,0.000,0.000,0.000
6267,2115.694,17.149,24.529,2.121,0.000,24.529,0.000,0.000,0.000,0.000,0.000,0.000,0.000,0.000
6268,2116.078,26.778,24.517,2.118,0.000,24.517,0.000,0.000,0.000,0.000,0.000,0.000,0.000,0.000
6269,2116.462,22.704,24.503,2.114,0.000,24.503,0.000,0.000,0.000,0.000,0.000,0.000,0.000,0.000
6270,2116.845,12.852,24.489,2.111,0.000,24.489,0.000,0.000,0.000,0.000,0.000,0.000,0.000,0.000
6271,2117.229,17.297,24.474,2.108,0.000,24.474,0.000,0.000,0.000,0.000,0.000,0.000,0.000,0.000
6272,2117.613,17.556,24.459,2.104,0.000,24.459,0.000,0.000,0.000,0.000,0.000,0.000,0.000,0.000
6273,2117.997,14.704,24.442,2.101,0.000,24.442,0.000,0.000,0.000,0.000,0.000,0.000,0.000,0.000
6274,2118.381,18.852,24.425,2.098,0.000,24.425,0.000,0.000,0.000,0.000,0.000,0.000,0.000,0.000
6275,2118.765,12.778,24.408,2.094,0.000,24.408,0.000,0.000,0.000,0.000,0.000,0.000,0.000,0.000
6276,2119.150,17.408,24.389,2.091,0.000,24.389,0.000,0.000,0.000,0.000,0.000,0.000,0.000,0.000
6277,2119.534,18.445,24.370,2.088,0.000,24.370,0.000,0.000,0.000,0.000,0.000,0.000,0.000,0.000
6278,2119.918,22.556,24.350,2.085,0.000,24.350,0.000,0.000,0.000,0.000,0.000,0.000,0.000,0.000
6279,2120.303,14.704,24.330,2.081,0.000,24.330,0.000,0.000,0.000,0.000,0.000,0.000,0.000,0.000
6280,2120.687,14.408,24.309,2.078,0.000,24.309,0.000,0.000,0.000,0.000,0.000,0.000,0.000,0.000
6281,2121.072,15.186,24.287,2.075,0.000,24.287,0.000,0.000,0.000,0.000,0.000,0.000,0.000,0.000
6282,2121.456,22.334,24.265,2.071,0.000,24.265,0.000,0.000,0.000,0.000,0.000,0.000,0.000,0.000
6283,2121.841,23.482,24.242,2.068,0.000,24.242,0.000,0.000,0.000,0.000,0.000,0.000,0.000,0.000
6284,2122.226,13.260,24.218,2.065,0.000,24.218,0.000,0.000,0.000,0.000,0.000,0.000,0.000,0.000
6285,2122.610,8.519,24.194,2.061,0.000,24.193,0.000,0.000,0.000,0.000,0.000,0.000,0.000,0.000
6286,2122.995,15.001,24.169,2.058,0.000,24.169,0.000,0.000,0.000,0.000,0.000,0.000,0.000,0.000
6287,2123.380,24.926,24.143,2.055,0.000,24.143,0.000,0.000,0.000,0.000,0.000,0.000,0.000,0.000
6288,2123.765,22.926,24.117,2.051,0.000,24.117,0.000,0.000,0.000,0.000,0.000,0.000,0.000,0.000
6289,2124.150,18.334,24.090,2.048,0.000,24.090,0.000,0.000,0.000,0.000,0.000,0.000,0.000,0.000
6290,2124.535,18.630,24.063,2.045,0.000,24.063,0.000,0.000,0.000,0.000,0.000,0.000,0.000,0.000
6291,2124.920,19.408,24.035,2.041,0.000,24.035,0.000,0.000,0.000,0.000,0.000,0.000,0.000,0.000
6292,2125.306,18.149,24.007,2.038,0.000,24.007,0.000,0.000,0.000,0.000,0.000,0.000,0.000,0.000
6293,2125.691,14.926,23.978,2.035,0.000,23.978,0.000,0.000,0.000,0.000,0.000,0.000,0.000,0.000
6294,2126.076,19.630,23.948,2.031,0.000,23.948,0.000,0.000,0.000,0.000,0.000,0.000,0.000,0.000
6295,2126.462,17.556,23.918,2.028,0.000,23.918,0.000,0.000,0.000,0.000,0.000,0.000,0.000,0.000
6296,2126.847,20.778,23.887,2.025,0.000,23.887,0.000,0.000,0.000,0.000,0.000,0.000,0.000,0.000
6297,2127.233,19.852,23.856,2.022,0.000,23.856,0.000,0.000,0.000,0.000,0.000,0.000,0.000,0.000
6298,2127.618,8.001,23.825,2.018,0.000,23.825,0.000,0.000,0.000,0.000,0.000,0.000,0.000,0.000
6299,2128.004,22.852,23.793,2.015,0.000,23.793,0.000,0.000,0.000,0.000,0.000,0.000,0.000,0.000
6300,2128.390,11.704,23.760,2.012,0.000,23.760,0.000,0.000,0.000,0.000,0.000,0.000,0.000,0.000
6301,2128.776,17.926,23.727,2.008,0.000,23.727,0.000,0.000,0.000,0.000,0.000,0.000,0.000,0.000
6302,2129.161,12.149,23.694,2.005,0.000,23.694,0.000,0.000,0.000,0.000,0.000,0.000,0.000,0.000
6303,2129.547,10.594,23.660,2.002,0.000,23.660,0.000,0.000,0.000,0.000,0.000,0.000,0.000,0.000
6304,2129.933,17.556,23.626,1.998,0.000,23.626,0.000,0.000,0.000,0.000,0.000,0.000,0.000,0.000
6305,2130.319,18.371,23.591,1.995,0.000,23.591,0.000,0.000,0.000,0.000,0.000,0.000,0.000,0.000
6306,2130.706,16.852,23.556,1.992,0.000,23.556,0.000,0.000,0.000,0.000,0.000,0.000,0.000,0.000
6307,2131.092,18.482,23.520,1.988,0.000,23.520,0.000,0.000,0.000,0.000,0.000,0.000,0.000,0.000
6308,2131.478,18.408,23.484,1.985,0.000,23.484,0.000,0.000,0.000,0.000,0.000,0.000,0.000,0.000
6309,2131.864,15.075,23.447,1.982,0.000,23.447,0.000,0.000,0.000,0.000,0.000,0.000,0.000,0.000
6310,2132.251,18.001,23.410,1.978,0.000,23.410,0.000,0.000,0.000,0.000,0.000,0.000,0.000,0.000
6311,2132.637,15.075,23.373,1.975,0.000,23.372,0.000,0.000,0.000,0.000,0.000,0.000,0.000,0.000
6312,2133.024,16.556,23.334,1.972,0.000,23.334,0.000,0.000,0.000,0.000,0.000,0.000,0.000,0.000
6313,2133.410,23.482,23.296,1.969,0.000,23.296,0.000,0.000,0.000,0.000,0.000,0.000,0.000,0.000
6314,2133.797,20.371,23.257,1.965,0.000,23.257,0.000,0.000,0.000,0.000,0.000,0.000,0.000,0.000
6315,2134.184,17.001,23.218,1.962,0.000,23.218,0.000,0.000,0.000,0.000,0.000,0.000,0.000,0.000
6316,2134.571,19.334,23.178,1.959,0.000,23.178,0.000,0.000,0.000,0.000,0.000,0.000,0.000,0.000
6317,2134.957,22.260,23.138,1.955,0.000,23.138,0.000,0.000,0.000,0.000,0.000,0.000,0.000,0.000
6318,2135.344,22.260,23.097,1.952,0.000,23.097,0.000,0.000,0.000,0.000,0.000,0.000,0.000,0.000
6319,2135.731,16.594,23.056,1.949,0.000,23.056,0.000,0.000,0.000,0.000,0.000,0.000,0.000,0.000
6320,2136.118,21.408,23.015,1.945,0.000,23.015,0.000,0.000,0.000,0.000,0.000,0.000,0.000,0.000
6321,2136.506,13.297,22.973,1.942,0.000,22.973,0.000,0.000,0.000,0.000,0.000,0.000,0.000,0.000
6322,2136.893,25.593,22.931,1.939,0.000,22.931,0.000,0.000,0.000,0.000,0.000,0.000,0.000,0.000
6323,2137.280,11.778,22.888,1.935,0.000,22.888,0.000,0.000,0.000,0.000,0.000,0.000,0.000,0.000
6324,2137.667,17.149,22.845,1.932,0.000,22.845,0.000,0.000,0.000,0.000,0.000,0.000,0.000,0.000
6325,2138.055,18.778,22.802,1.929,0.000,22.802,0.000,0.000,0.000,0.000,0.000,0.000,0.000,0.000
6326,2138.442,17.112,22.759,1.925,0.000,22.759,0.000,0.000,0.000,0.000,0.000,0.000,0.000,0.000
6327,2138.830,14.778,22.715,1.922,0.000,22.715,0.000,0.000,0.000,0.000,0.000,0.000,0.000,0.000
6328,2139.217,21.593,22.671,1.919,0.000,22.671,0.000,0.000,0.000,0.000,0.000,0.000,0.000,0.000
6329,2139.605,20.556,22.626,1.915,0.000,22.626,0.000,0.000,0.000,0.000,0.000,0.000,0.000,0.000
6330,2139.993,11.186,22.582,1.912,0.000,22.582,0.000,0.000,0.000,0.000,0.000,0.000,0.000,0.000
6331,2140.380,17.001,22.537,1.909,0.000,22.537,0.000,0.000,0.000,0.000,0.000,0.000,0.000,0.000
6332,2140.768,16.630,22.492,1.906,0.000,22.492,0.000,0.000,0.000,0.000,0.000,0.000,0.000,0.000
6333,2141.156,8.630,22.446,1.902,0.000,22.446,0.000,0.000,0.000,0.000,0.000,0.000,0.000,0.000
6334,2141.544,21.963,22.400,1.899,0.000,22.400,0.000,0.000,0.000,0.000,0.000,0.000,0.000,0.000
6335,2141.932,19.186,22.354,1.896,0.000,22.354,0.000,0.000,0.000,0.000,0.000,0.000,0.000,0.000
6336,2142.320,11.297,22.308,1.892,0.000,22.308,0.000,0.000,0.000,0.000,0.000,0.000,0.000,0.000
6337,2142.709,12.001,22.262,1.889,0.000,22.262,0.000,0.000,0.000,0.000,0.000,0.000,0.000,0.000
6338,2143.097,11.667,22.215,1.886,0.000,22.215,0.000,0.000,0.000,0.000,0.000,0.000,0.000,0.000
6339,2143.485,17.001,22.168,1.882,0.000,22.168,0.000,0.000,0.000,0.000,0.000,0.000,0.000,0.000
6340,2143.873,12.852,22.122,1.879,0.000,22.121,0.000,0.000,0.000,0.000,0.000,0.000,0.000,0.000
6341,2144.262,13.371,22.074,1.876,0.000,22.074,0.000,0.000,0.000,0.000,0.000,0.000,0.000,0.000
6342,2144.650,10.556,22.027,1.872,0.000,22.027,0.000,0.000,0.000,0.000,0.000,0.000,0.000,0.000
6343,2145.039,14.297,21.980,1.869,0.000,21.980,0.000,0.000,0.000,0.000,0.000,0.000,0.000,0.000
6344,2145.428,16.852,21.932,1.866,0.000,21.932,0.000,0.000,0.000,0.000,0.000,0.000,0.000,0.000
6345,2145.816,25.001,21.884,1.862,0.000,21.884,0.000,0.000,0.000,0.000,0.000,0.000,0.000,0.000
6346,2146.205,20.778,21.837,1.859,0.000,21.837,0.000,0.000,0.000,0.000,0.000,0.000,0.000,0.000
6347,2146.594,16.482,21.789,1.856,0.000,21.789,0.000,0.000,0.000,0.000,0.000,0.000,0.000,0.000
6348,2146.983,25.630,21.741,1.853,0.000,21.741,0.000,0.000,0.000,0.000,0.000,0.000,0.000,0.000
6349,2147.372,11.630,21.693,1.849,0.000,21.693,0.000,0.000,0.000,0.000,0.000,0.000,0.000,0.000
6350,2147.761,18.297,21.644,1.846,0.000,21.644,0.000,0.000,0.000,0.000,0.000,0.000,0.000,0.000
6351,2148.150,14.852,21.596,1.843,0.000,21.596,0.000,0.000,0.000,0.000,0.000,0.000,0.000,0.000
6352,2148.539,11.778,21.548,1.839,0.000,21.548,0.000,0.000,0.000,0.000,0.000,0.000,0.000,0.000
6353,2148.928,12.556,21.500,1.836,0.000,21.500,0.000,0.000,0.000,0.000,0.000,0.000,0.000,0.000
6354,2149.318,19.297,21.451,1.833,0.000,21.451,0.000,0.000,0.000,0.000,0.000,0.000,0.000,0.000
6355,2149.707,18.297,21.403,1.829,0.000,21.403,0.000,0.000,0.000,0.000,0.000,0.000,0.000,0.000
6356,2150.097,16.223,21.355,1.826,0.000,21.355,0.000,0.000,0.000,0.000,0.000,0.000,0.000,0.000
6357,2150.486,20.371,21.306,1.823,0.000,21.306,0.000,0.000,0.000,0.000,0.000,0.000,0.000,0.000
6358,2150.876,17.778,21.258,1.819,0.000,21.258,0.000,0.000,0.000,0.000,0.000,0.000,0.000,0.000
6359,2151.265,17.223,21.210,1.816,0.000,21.210,0.000,0.000,0.000,0.000,0.000,0.000,0.000,0.000
6360,2151.655,15.630,21.161,1.813,0.000,21.161,0.000,0.000,0.000,0.000,0.000,0.000,0.000,0.000
6361,2152.045,20.149,21.113,1.809,0.000,21.113,0.000,0.000,0.000,0.000,0.000,0.000,0.000,0.000
6362,2152.435,15.149,21.065,1.806,0.000,21.065,0.000,0.000,0.000,0.000,0.000,0.000,0.000,0.000
6363,2152.825,15.001,21.017,1.803,0.000,21.017,0.000,0.000,0.000,0.000,0.000,0.000,0.000,0.000
6364,2153.215,15.075,20.969,1.800,0.000,20.969,0.000,0.000,0.000,0.000,0.000,0.000,0.000,0.000
6365,2153.605,22.778,20.921,1.796,0.000,20.921,0.000,0.000,0.000,0.000,0.000,0.000,0.000,0.000
6366,2153.995,25.149,20.873,1.793,0.000,20.873,0.000,0.000,0.000,0.000,0.000,0.000,0.000,0.000
6367,2154.385,14.593,20.826,1.790,0.000,20.825,0.000,0.000,0.000,0.000,0.000,0.000,0.000,0.000
6368,2154.775,22.593,20.778,1.786,0.000,20.778,0.000,0.000,0.000,0.000,0.000,0.000,0.000,0.000
6369,2155.166,18.852,20.730,1.783,0.000,20.730,0.000,0.000,0.000,0.000,0.000,0.000,0.000,0.000
6370,2155.556,18.926,20.683,1.780,0.000,20.683,0.000,0.000,0.000,0.000,0.000,0.000,0.000,0.000
6371,2155.947,20.075,20.636,1.776,0.000,20.636,0.000,0.000,0.000,0.000,0.000,0.000,0.000,0.000
6372,2156.337,15.852,20.589,1.773,0.000,20.589,0.000,0.000,0.000,0.000,0.000,0.000,0.000,0.000
6373,2156.728,13.149,20.542,1.770,0.000,20.542,0.000,0.000,0.000,0.000,0.000,0.000,0.000,0.000
6374,2157.118,19.297,20.495,1.766,0.000,20.495,0.000,0.000,0.000,0.000,0.000,0.000,0.000,0.000
6375,2157.509,16.371,20.448,1.763,0.000,20.448,0.000,0.000,0.000,0.000,0.000,0.000,0.000,0.000
6376,2157.900,13.001,20.401,1.760,0.000,20.401,0.000,0.000,0.000,0.000,0.000,0.000,0.000,0.000
6377,2158.291,16.223,20.355,1.756,0.000,20.355,0.000,0.000,0.000,0.000,0.000,0.000,0.000,0.000
6378,2158.682,21.815,20.308,1.753,0.000,20.308,0.000,0.000,0.000,0.000,0.000,0.000,0.000,0.000
6379,2159.073,15.704,20.261,1.750,0.000,20.261,0.000,0.000,0.000,0.000,0.000,0.000,0.000,0.000
6380,2159.464,22.149,20.215,1.746,0.000,20.215,0.000,0.000,0.000,0.000,0.000,0.000,0.000,0.000
6381,2159.855,10.630,20.169,1.743,0.000,20.169,0.000,0.000,0.000,0.000,0.000,0.000,0.000,0.000
6382,2160.246,13.852,20.123,1.740,0.000,20.123,0.000,0.000,0.000,0.000,0.000,0.000,0.000,0.000
6383,2160.637,15.334,20.077,1.737,0.000,20.077,0.000,0.000,0.000,0.000,0.000,0.000,0.000,0.000
6384,2161.029,18.297,20.031,1.733,0.000,20.031,0.000,0.000,0.000,0.000,0.000,0.000,0.000,0.000
6385,2161.420,20.223,19.985,1.730,0.000,19.985,0.000,0.000,0.000,0.000,0.000,0.000,0.000,0.000
6386,2161.812,16.223,19.939,1.727,0.000,19.939,0.000,0.000,0.000,0.000,0.000,0.000,0.000,0.000
6387,2162.203,17.445,19.894,1.723,0.000,19.894,0.000,0.000,0.000,0.000,0.000,0.000,0.000,0.000
6388,2162.595,15.149,19.849,1.720,0.000,19.849,0.000,0.000,0.000,0.000,0.000,0.000,0.000,0.000
6389,2162.987,17.889,19.804,1.717,0.000,19.804,0.000,0.000,0.000,0.000,0.000,0.000,0.000,0.000
6390,2163.378,10.778,19.759,1.713,0.000,19.759,0.000,0.000,0.000,0.000,0.000,0.000,0.000,0.000
6391,2163.770,15.667,19.714,1.710,0.000,19.714,0.000,0.000,0.000,0.000,0.000,0.000,0.000,0.000
6392,2164.162,21.297,19.670,1.707,0.000,19.670,0.000,0.000,0.000,0.000,0.000,0.000,0.000,0.000
6393,2164.554,17.223,19.625,1.703,0.000,19.625,0.000,0.000,0.000,0.000,0.000,0.000,0.000,0.000
6394,2164.946,16.001,19.581,1.700,0.000,19.581,0.000,0.000,0.000,0.000,0.000,0.000,0.000,0.000
6395,2165.338,14.297,19.537,1.697,0.000,19.537,0.000,0.000,0.000,0.000,0.000,0.000,0.000,0.000
6396,2165.730,15.445,19.493,1.693,0.000,19.493,0.000,0.000,0.000,0.000,0.000,0.000,0.000,0.000
6397,2166.123,21.593,19.450,1.690,0.000,19.450,0.000,0.000,0.000,0.000,0.000,0.000,0.000,0.000
6398,2166.515,15.001,19.407,1.687,0.000,19.407,0.000,0.000,0.000,0.000,0.000,0.000,0.000,0.000
6399,2166.907,16.593,19.364,1.684,0.000,19.364,0.000,0.000,0.000,0.000,0.000,0.000,0.000,0.000
6400,2167.300,26.297,19.321,1.680,0.000,19.321,0.000,0.000,0.000,0.000,0.000,0.000,0.000,0.000
6401,2167.692,5.075,19.278,1.677,0.000,19.278,0.000,0.000,0.000,0.000,0.000,0.000,0.000,0.000
6402,2168.085,11.149,19.236,1.674,0.000,19.236,0.000,0.000,0.000,0.000,0.000,0.000,0.000,0.000
6403,2168.477,15.075,19.194,1.670,0.000,19.194,0.000,0.000,0.000,0.000,0.000,0.000,0.000,0.000
6404,2168.870,16.593,19.152,1.667,0.000,19.152,0.000,0.000,0.000,0.000,0.000,0.000,0.000,0.000
6405,2169.263,14.223,19.110,1.664,0.000,19.110,0.000,0.000,0.000,0.000,0.000,0.000,0.000,0.000
6406,2169.656,13.149,19.069,1.660,0.000,19.069,0.000,0.000,0.000,0.000,0.000,0.000,0.000,0.000
6407,2170.049,28.223,19.028,1.657,0.000,19.028,0.000,0.000,0.000,0.000,0.000,0.000,0.000,0.000
6408,2170.442,19.482,18.987,1.654,0.000,18.987,0.000,0.000,0.000,0.000,0.000,0.000,0.000,0.000
6409,2170.835,15.149,18.947,1.650,0.000,18.947,0.000,0.000,0.000,0.000,0.000,0.000,0.000,0.000
6410,2171.228,18.371,18.907,1.647,0.000,18.907,0.000,0.000,0.000,0.000,0.000,0.000,0.000,0.000
6411,2171.621,19.593,18.867,1.644,0.000,18.867,0.000,0.000,0.000,0.000,0.000,0.000,0.000,0.000
6412,2172.015,22.667,18.827,1.640,0.000,18.827,0.000,0.000,0.000,0.000,0.000,0.000,0.000,0.000
6413,2172.408,20.149,18.788,1.637,0.000,18.788,0.000,0.000,0.000,0.000,0.000,0.000,0.000,0.000
6414,2172.801,23.149,18.749,1.634,0.000,18.749,0.000,0.000,0.000,0.000,0.000,0.000,0.000,0.000
6415,2173.195,12.445,18.710,1.630,0.000,18.710,0.000,0.000,0.000,0.000,0.000,0.000,0.000,0.000
6416,2173.588,20.741,18.672,1.627,0.000,18.672,0.000,0.000,0.000,0.000,0.000,0.000,0.000,0.000
6417,2173.982,11.593,18.634,1.624,0.000,18.634,0.000,0.000,0.000,0.000,0.000,0.000,0.000,0.000
6418,2174.376,11.704,18.596,1.621,0.000,18.596,0.000,0.000,0.000,0.000,0.000,0.000,0.000,0.000
6419,2174.770,20.075,18.559,1.617,0.000,18.559,0.000,0.000,0.000,0.000,0.000,0.000,0.000,0.000
6420,2175.163,21.593,18.522,1.614,0.000,18.522,0.000,0.000,0.000,0.000,0.000,0.000,0.000,0.000
6421,2175.557,14.741,18.485,1.611,0.000,18.485,0.000,0.000,0.000,0.000,0.000,0.000,0.000,0.000
6422,2175.951,12.149,18.449,1.607,0.000,18.449,0.000,0.000,0.000,0.000,0.000,0.000,0.000,0.000
6423,2176.345,12.297,18.413,1.604,0.000,18.413,0.000,0.000,0.000,0.000,0.000,0.000,0.000,0.000
6424,2176.739,12.963,18.377,1.601,0.000,18.377,0.000,0.000,0.000,0.000,0.000,0.000,0.000,0.000
6425,2177.134,15.741,18.342,1.597,0.000,18.342,0.000,0.000,0.000,0.000,0.000,0.000,0.000,0.000
6426,2177.528,13.704,18.307,1.594,0.000,18.307,0.000,0.000,0.000,0.000,0.000,0.000,0.000,0.000
6427,2177.922,20.149,18.273,1.591,0.000,18.273,0.000,0.000,0.000,0.000,0.000,0.000,0.000,0.000
6428,2178.317,16.371,18.239,1.587,0.000,18.239,0.000,0.000,0.000,0.000,0.000,0.000,0.000,0.000
6429,2178.711,17.297,18.205,1.584,0.000,18.205,0.000,0.000,0.000,0.000,0.000,0.000,0.000,0.000
6430,2179.106,10.926,18.171,1.581,0.000,18.171,0.000,0.000,0.000,0.000,0.000,0.000,0.000,0.000
6431,2179.500,20.075,18.138,1.577,0.000,18.138,0.000,0.000,0.000,0.000,0.000,0.000,0.000,0.000
6432,2179.895,21.223,18.106,1.574,0.000,18.106,0.000,0.000,0.000,0.000,0.000,0.000,0.000,0.000
6433,2180.290,7.593,18.074,1.571,0.000,18.074,0.000,0.000,0.000,0.000,0.000,0.000,0.000,0.000
6434,2180.685,19.149,18.042,1.568,0.000,18.042,0.000,0.000,0.000,0.000,0.000,0.000,0.000,0.000
6435,2181.079,15.075,18.010,1.564,0.000,18.010,0.000,0.000,0.000,0.000,0.000,0.000,0.000,0.000
6436,2181.474,9.223,17.979,1.561,0.000,17.979,0.000,0.000,0.000,0.000,0.000,0.000,0.000,0.000
6437,2181.869,18.445,17.949,1.558,0.000,17.949,0.000,0.000,0.000,0.000,0.000,0.000,0.000,0.000
6438,2182.265,18.149,17.918,1.554,0.000,17.918,0.000,0.000,0.000,0.000,0.000,0.000,0.000,0.000
6439,2182.660,26.445,17.888,1.551,0.000,17.888,0.000,0.000,0.000,0.000,0.000,0.000,0.000,0.000
6440,2183.055,18.593,17.859,1.548,0.000,17.859,0.000,0.000,0.000,0.000,0.000,0.000,0.000,0.000
6441,2183.450,16.926,17.829,1.544,0.000,17.829,0.000,0.000,0.000,0.000,0.000,0.000,0.000,0.000
6442,2183.846,13.593,17.800,1.541,0.000,17.800,0.000,0.000,0.000,0.000,0.000,0.000,0.000,0.000
6443,2184.241,14.593,17.771,1.538,0.000,17.771,0.000,0.000,0.000,0.000,0.000,0.000,0.000,0.000
6444,2184.637,21.223,17.743,1.534,0.000,17.743,0.000,0.000,0.000,0.000,0.000,0.000,0.000,0.000
6445,2185.032,13.741,17.715,1.531,0.000,17.715,0.000,0.000,0.000,0.000,0.000,0.000,0.000,0.000
6446,2185.428,14.815,17.687,1.528,0.000,17.687,0.000,0.000,0.000,0.000,0.000,0.000,0.000,0.000
6447,2185.824,14.037,17.659,1.524,0.000,17.659,0.000,0.000,0.000,0.000,0.000,0.000,0.000,0.000
6448,2186.220,16.445,17.632,1.521,0.000,17.632,0.000,0.000,0.000,0.000,0.000,0.000,0.000,0.000
6449,2186.615,15.926,17.605,1.518,0.000,17.605,0.000,0.000,0.000,0.000,0.000,0.000,0.000,0.000
6450,2187.011,21.371,17.578,1.514,0.000,17.578,0.000,0.000,0.000,0.000,0.000,0.000,0.000,0.000
6451,2187.407,23.630,17.551,1.511,0.000,17.551,0.000,0.000,0.000,0.000,0.000,0.000,0.000,0.000
6452,2187.804,29.519,17.525,1.508,0.000,17.525,0.000,0.000,0.000,0.000,0.000,0.000,0.000,0.000
6453,2188.200,16.741,17.499,1.505,0.000,17.499,0.000,0.000,0.000,0.000,0.000,0.000,0.000,0.000
6454,2188.596,26.741,17.474,1.501,0.000,17.474,0.000,0.000,0.000,0.000,0.000,0.000,0.000,0.000
6455,2188.992,17.445,17.449,1.498,0.000,17.449,0.000,0.000,0.000,0.000,0.000,0.000,0.000,0.000
6456,2189.389,19.037,17.424,1.495,0.000,17.424,0.000,0.000,0.000,0.000,0.000,0.000,0.000,0.000
6457,2189.785,14.889,17.399,1.491,0.000,17.399,0.000,0.000,0.000,0.000,0.000,0.000,0.000,0.000
6458,2190.182,21.185,17.375,1.488,0.000,17.375,0.000,0.000,0.000,0.000,0.000,0.000,0.000,0.000
6459,2190.578,13.889,17.351,1.485,0.000,17.351,0.000,0.000,0.000,0.000,0.000,0.000,0.000,0.000
6460,2190.975,23.297,17.327,1.481,0.000,17.327,0.000,0.000,0.000,0.000,0.000,0.000,0.000,0.000
6461,2191.372,11.149,17.303,1.478,0.000,17.303,0.000,0.000,0.000,0.000,0.000,0.000,0.000,0.000
6462,2191.769,19.667,17.280,1.475,0.000,17.280,0.000,0.000,0.000,0.000,0.000,0.000,0.000,0.000
6463,2192.165,10.371,17.257,1.471,0.000,17.257,0.000,0.000,0.000,0.000,0.000,0.000,0.000,0.000
6464,2192.562,20.963,17.235,1.468,0.000,17.235,0.000,0.000,0.000,0.000,0.000,0.000,0.000,0.000
6465,2192.959,13.815,17.212,1.465,0.000,17.212,0.000,0.000,0.000,0.000,0.000,0.000,0.000,0.000
6466,2193.357,16.223,17.190,1.461,0.000,17.190,0.000,0.000,0.000,0.000,0.000,0.000,0.000,0.000
6467,2193.754,13.815,17.169,1.458,0.000,17.169,0.000,0.000,0.000,0.000,0.000,0.000,0.000,0.000
6468,2194.151,22.149,17.147,1.455,0.000,17.147,0.000,0.000,0.000,0.000,0.000,0.000,0.000,0.000
6469,2194.548,13.815,17.126,1.452,0.000,17.126,0.000,0.000,0.000,0.000,0.000,0.000,0.000,0.000
6470,2194.946,21.667,17.105,1.448,0.000,17.105,0.000,0.000,0.000,0.000,0.000,0.000,0.000,0.000
6471,2195.343,21.741,17.085,1.445,0.000,17.085,0.000,0.000,0.000,0.000,0.000,0.000,0.000,0.000
6472,2195.741,13.963,17.064,1.442,0.000,17.064,0.000,0.000,0.000,0.000,0.000,0.000,0.000,0.000
6473,2196.138,18.223,17.044,1.438,0.000,17.044,0.000,0.000,0.000,0.000,0.000,0.000,0.000,0.000
6474,2196.536,12.889,17.025,1.435,0.000,17.025,0.000,0.000,0.000,0.000,0.000,0.000,0.000,0.000
6475,2196.934,11.593,17.005,1.432,0.000,17.005,0.000,0.000,0.000,0.000,0.000,0.000,0.000,0.000
6476,2197.332,18.593,16.986,1.428,0.000,16.986,0.000,0.000,0.000,0.000,0.000,0.000,0.000,0.000
6477,2197.729,14.297,16.968,1.425,0.000,16.968,0.000,0.000,0.000,0.000,0.000,0.000,0.000,0.000
6478,2198.127,12.223,16.949,1.422,0.000,16.949,0.000,0.000,0.000,0.000,0.000,0.000,0.000,0.000
6479,2198.525,12.963,16.931,1.418,0.000,16.931,0.000,0.000,0.000,0.000,0.000,0.000,0.000,0.000
6480,2198.924,17.371,16.913,1.415,0.000,16.913,0.000,0.000,0.000,0.000,0.000,0.000,0.000,0.000
6481,2199.322,13.445,16.895,1.412,0.000,16.895,0.000,0.000,0.000,0.000,0.000,0.000,0.000,0.000
6482,2199.720,14.371,16.878,1.408,0.000,16.878,0.000,0.000,0.000,0.000,0.000,0.000,0.000,0.000
6483,2200.118,15.519,16.861,1.405,0.000,16.861,0.000,0.000,0.000,0.000,0.000,0.000,0.000,0.000
6484,2200.517,15.445,16.844,1.402,0.000,16.844,0.000,0.000,0.000,0.000,0.000,0.000,0.000,0.000
6485,2200.915,23.037,16.828,1.399,0.000,16.828,0.000,0.000,0.000,0.000,0.000,0.000,0.000,0.000
6486,2201.314,20.075,16.812,1.395,0.000,16.812,0.000,0.000,0.000,0.000,0.000,0.000,0.000,0.000
6487,2201.712,9.001,16.796,1.392,0.000,16.796,0.000,0.000,0.000,0.000,0.000,0.000,0.000,0.000
6488,2202.111,22.963,16.780,1.389,0.000,16.780,0.000,0.000,0.000,0.000,0.000,0.000,0.000,0.000
6489,2202.510,21.667,16.765,1.385,0.000,16.765,0.000,0.000,0.000,0.000,0.000,0.000,0.000,0.000
6490,2202.909,21.519,16.750,1.382,0.000,16.750,0.000,0.000,0.000,0.000,0.000,0.000,0.000,0.000
6491,2203.308,17.815,16.735,1.379,0.000,16.735,0.000,0.000,0.000,0.000,0.000,0.000,0.000,0.000
6492,2203.707,11.593,16.721,1.375,0.000,16.721,0.000,0.000,0.000,0.000,0.000,0.000,0.000,0.000
6493,2204.106,18.889,16.707,1.372,0.000,16.707,0.000,0.000,0.000,0.000,0.000,0.000,0.000,0.000
6494,2204.505,21.889,16.693,1.369,0.000,16.693,0.000,0.000,0.000,0.000,0.000,0.000,0.000,0.000
6495,2204.904,22.815,16.679,1.365,0.000,16.679,0.000,0.000,0.000,0.000,0.000,0.000,0.000,0.000
6496,2205.303,13.741,16.666,1.362,0.000,16.666,0.000,0.000,0.000,0.000,0.000,0.000,0.000,0.000
6497,2205.703,15.667,16.653,1.359,0.000,16.653,0.000,0.000,0.000,0.000,0.000,0.000,0.000,0.000
6498,2206.102,16.297,16.641,1.355,0.000,16.641,0.000,0.000,0.000,0.000,0.000,0.000,0.000,0.000
6499,2206.502,19.445,16.628,1.352,0.000,16.628,0.000,0.000,0.000,0.000,0.000,0.000,0.000,0.000
6500,2206.901,15.445,16.616,1.349,0.000,16.616,0.000,0.000,0.000,0.000,0.000,0.000,0.000,0.000
6501,2207.301,16.297,16.605,1.345,0.000,16.604,0.000,0.000,0.000,0.000,0.000,0.000,0.000,0.000
6502,2207.701,19.593,16.593,1.342,0.000,16.593,0.000,0.000,0.000,0.000,0.000,0.000,0.000,0.000
6503,2208.100,15.445,16.582,1.339,0.000,16.582,0.000,0.000,0.000,0.000,0.000,0.000,0.000,0.000
6504,2208.500,15.185,16.571,1.336,0.000,16.571,0.000,0.000,0.000,0.000,0.000,0.000,0.000,0.000
6505,2208.900,11.741,16.561,1.332,0.000,16.561,0.000,0.000,0.000,0.000,0.000,0.000,0.000,0.000
6506,2209.300,11.185,16.550,1.329,0.000,16.550,0.000,0.000,0.000,0.000,0.000,0.000,0.000,0.000
6507,2209.700,16.519,16.540,1.326,0.000,16.540,0.000,0.000,0.000,0.000,0.000,0.000,0.000,0.000
6508,2210.101,19.593,16.531,1.322,0.000,16.531,0.000,0.000,0.000,0.000,0.000,0.000,0.000,0.000
6509,2210.501,11.149,16.521,1.319,0.000,16.521,0.000,0.000,0.000,0.000,0.000,0.000,0.000,0.000
6510,2210.901,18.741,16.511,1.316,0.000,16.511,0.000,0.000,0.000,0.000,0.000,0.000,0.000,0.000
6511,2211.301,16.297,16.502,1.312,0.000,16.502,0.000,0.000,0.000,0.000,0.000,0.000,0.000,0.000
6512,2211.702,18.111,16.493,1.309,0.000,16.493,0.000,0.000,0.000,0.000,0.000,0.000,0.000,0.000
6513,2212.102,11.185,16.484,1.306,0.000,16.484,0.000,0.000,0.000,0.000,0.000,0.000,0.000,0.000
6514,2212.503,21.445,16.476,1.302,0.000,16.476,0.000,0.000,0.000,0.000,0.000,0.000,0.000,0.000
6515,2212.904,22.297,16.467,1.299,0.000,16.467,0.000,0.000,0.000,0.000,0.000,0.000,0.000,0.000
6516,2213.305,15.667,16.459,1.296,0.000,16.459,0.000,0.000,0.000,0.000,0.000,0.000,0.000,0.000
6517,2213.705,27.037,16.450,1.292,0.000,16.450,0.000,0.000,0.000,0.000,0.000,0.000,0.000,0.000
6518,2214.106,11.297,16.442,1.289,0.000,16.442,0.000,0.000,0.000,0.000,0.000,0.000,0.000,0.000
6519,2214.507,17.519,16.434,1.286,0.000,16.434,0.000,0.000,0.000,0.000,0.000,0.000,0.000,0.000
6520,2214.908,15.889,16.427,1.283,0.000,16.427,0.000,0.000,0.000,0.000,0.000,0.000,0.000,0.000
6521,2215.309,11.075,16.419,1.279,0.000,16.419,0.000,0.000,0.000,0.000,0.000,0.000,0.000,0.000
6522,2215.711,20.741,16.412,1.276,0.000,16.412,0.000,0.000,0.000,0.000,0.000,0.000,0.000,0.000
6523,2216.112,20.223,16.405,1.273,0.000,16.404,0.000,0.000,0.000,0.000,0.000,0.000,0.000,0.000
6524,2216.513,13.445,16.397,1.269,0.000,16.397,0.000,0.000,0.000,0.000,0.000,0.000,0.000,0.000
6525,2216.915,15.815,16.390,1.266,0.000,16.390,0.000,0.000,0.000,0.000,0.000,0.000,0.000,0.000
6526,2217.316,10.075,16.384,1.263,0.000,16.384,0.000,0.000,0.000,0.000,0.000,0.000,0.000,0.000
6527,2217.718,17.815,16.377,1.259,0.000,16.377,0.000,0.000,0.000,0.000,0.000,0.000,0.000,0.000
6528,2218.119,15.889,16.371,1.256,0.000,16.370,0.000,0.000,0.000,0.000,0.000,0.000,0.000,0.000
6529,2218.521,14.741,16.364,1.253,0.000,16.364,0.000,0.000,0.000,0.000,0.000,0.000,0.000,0.000
6530,2218.923,14.667,16.358,1.249,0.000,16.358,0.000,0.000,0.000,0.000,0.000,0.000,0.000,0.000
6531,2219.325,16.741,16.352,1.246,0.000,16.352,0.000,0.000,0.000,0.000,0.000,0.000,0.000,0.000
6532,2219.727,16.223,16.346,1.243,0.000,16.346,0.000,0.000,0.000,0.000,0.000,0.000,0.000,0.000
6533,2220.129,18.371,16.340,1.239,0.000,16.340,0.000,0.000,0.000,0.000,0.000,0.000,0.000,0.000
6534,2220.531,20.889,16.335,1.236,0.000,16.335,0.000,0.000,0.000,0.000,0.000,0.000,0.000,0.000
6535,2220.933,22.741,16.329,1.233,0.000,16.329,0.000,0.000,0.000,0.000,0.000,0.000,0.000,0.000
6536,2221.335,15.037,16.324,1.229,0.000,16.324,0.000,0.000,0.000,0.000,0.000,0.000,0.000,0.000
6537,2221.738,15.519,16.318,1.226,0.000,16.318,0.000,0.000,0.000,0.000,0.000,0.000,0.000,0.000
6538,2222.140,14.963,16.313,1.223,0.000,16.313,0.000,0.000,0.000,0.000,0.000,0.000,0.000,0.000
6539,2222.543,14.519,16.308,1.220,0.000,16.308,0.000,0.000,0.000,0.000,0.000,0.000,0.000,0.000
6540,2222.945,16.519,16.304,1.216,0.000,16.304,0.000,0.000,0.000,0.000,0.000,0.000,0.000,0.000
6541,2223.348,15.445,16.299,1.213,0.000,16.299,0.000,0.000,0.000,0.000,0.000,0.000,0.000,0.000
6542,2223.750,18.185,16.294,1.210,0.000,16.294,0.000,0.000,0.000,0.000,0.000,0.000,0.000,0.000
6543,2224.153,15.149,16.290,1.206,0.000,16.290,0.000,0.000,0.000,0.000,0.000,0.000,0.000,0.000
6544,2224.556,19.556,16.286,1.203,0.000,16.286,0.000,0.000,0.000,0.000,0.000,0.000,0.000,0.000
6545,2224.959,16.741,16.282,1.200,0.000,16.282,0.000,0.000,0.000,0.000,0.000,0.000,0.000,0.000
6546,2225.362,10.445,16.278,1.196,0.000,16.278,0.000,0.000,0.000,0.000,0.000,0.000,0.000,0.000
6547,2225.765,18.259,16.274,1.193,0.000,16.274,0.000,0.000,0.000,0.000,0.000,0.000,0.000,0.000
6548,2226.168,11.593,16.270,1.190,0.000,16.270,0.000,0.000,0.000,0.000,0.000,0.000,0.000,0.000
6549,2226.571,24.037,16.267,1.186,0.000,16.267,0.000,0.000,0.000,0.000,0.000,0.000,0.000,0.000
6550,2226.975,9.075,16.264,1.183,0.000,16.264,0.000,0.000,0.000,0.000,0.000,0.000,0.000,0.000
6551,2227.378,13.185,16.260,1.180,0.000,16.260,0.000,0.000,0.000,0.000,0.000,0.000,0.000,0.000
6552,2227.782,16.889,16.257,1.176,0.000,16.257,0.000,0.000,0.000,0.000,0.000,0.000,0.000,0.000
6553,2228.185,19.815,16.255,1.173,0.000,16.255,0.000,0.000,0.000,0.000,0.000,0.000,0.000,0.000
6554,2228.589,16.889,16.252,1.170,0.000,16.252,0.000,0.000,0.000,0.000,0.000,0.000,0.000,0.000
6555,2228.992,11.371,16.249,1.167,0.000,16.249,0.000,0.000,0.000,0.000,0.000,0.000,0.000,0.000
6556,2229.396,19.593,16.247,1.163,0.000,16.247,0.000,0.000,0.000,0.000,0.000,0.000,0.000,0.000
6557,2229.800,21.259,16.245,1.160,0.000,16.245,0.000,0.000,0.000,0.000,0.000,0.000,0.000,0.000
6558,2230.204,23.704,16.242,1.157,0.000,16.242,0.000,0.000,0.000,0.000,0.000,0.000,0.000,0.000
6559,2230.608,16.593,16.240,1.153,0.000,16.240,0.000,0.000,0.000,0.000,0.000,0.000,0.000,0.000
6560,2231.012,15.297,16.239,1.150,0.000,16.239,0.000,0.000,0.000,0.000,0.000,0.000,0.000,0.000
6561,2231.416,13.037,16.237,1.147,0.000,16.237,0.000,0.000,0.000,0.000,0.000,0.000,0.000,0.000
6562,2231.820,10.297,16.235,1.143,0.000,16.235,0.000,0.000,0.000,0.000,0.000,0.000,0.000,0.000
6563,2232.225,15.926,16.234,1.140,0.000,16.234,0.000,0.000,0.000,0.000,0.000,0.000,0.000,0.000
6564,2232.629,20.259,16.233,1.137,0.000,16.233,0.000,0.000,0.000,0.000,0.000,0.000,0.000,0.000
6565,2233.033,17.889,16.231,1.133,0.000,16.231,0.000,0.000,0.000,0.000,0.000,0.000,0.000,0.000
6566,2233.438,18.667,16.230,1.130,0.000,16.230,0.000,0.000,0.000,0.000,0.000,0.000,0.000,0.000
6567,2233.842,18.963,16.230,1.127,0.000,16.230,0.000,0.000,0.000,0.000,0.000,0.000,0.000,0.000
6568,2234.247,8.667,16.229,1.123,0.000,16.229,0.000,0.000,0.000,0.000,0.000,0.000,0.000,0.000
6569,2234.652,17.815,16.228,1.120,0.000,16.228,0.000,0.000,0.000,0.000,0.000,0.000,0.000,0.000
6570,2235.057,18.593,16.228,1.117,0.000,16.228,0.000,0.000,0.000,0.000,0.000,0.000,0.000,0.000
6571,2235.462,22.593,16.228,1.114,0.000,16.227,0.000,0.000,0.000,0.000,0.000,0.000,0.000,0.000
6572,2235.867,17.593,16.227,1.110,0.000,16.227,0.000,0.000,0.000,0.000,0.000,0.000,0.000,0.000
6573,2236.272,7.815,16.227,1.107,0.000,16.227,0.000,0.000,0.000,0.000,0.000,0.000,0.000,0.000
6574,2236.677,25.889,16.227,1.104,0.000,16.227,0.000,0.000,0.000,0.000,0.000,0.000,0.000,0.000
6575,2237.082,7.519,16.227,1.100,0.000,16.227,0.000,0.000,0.000,0.000,0.000,0.000,0.000,0.000
6576,2237.487,14.185,16.227,1.097,0.000,16.227,0.000,0.000,0.000,0.000,0.000,0.000,0.000,0.000
6577,2237.893,12.075,16.227,1.094,0.000,16.227,0.000,0.000,0.000,0.000,0.000,0.000,0.000,0.000
6578,2238.298,15.037,16.227,1.090,0.000,16.226,0.000,0.000,0.000,0.000,0.000,0.000,0.000,0.000
6579,2238.704,15.815,16.226,1.087,0.000,16.226,0.000,0.000,0.000,0.000,0.000,0.000,0.000,0.000
6580,2239.109,6.297,16.226,1.084,0.000,16.226,0.000,0.000,0.000,0.000,0.000,0.000,0.000,0.000
6581,2239.515,18.185,16.226,1.080,0.000,16.226,0.000,0.000,0.000,0.000,0.000,0.000,0.000,0.000
6582,2239.921,10.371,16.226,1.077,0.000,16.226,0.000,0.000,0.000,0.000,0.000,0.000,0.000,0.000
6583,2240.326,21.519,16.226,1.074,0.000,16.226,0.000,0.000,0.000,0.000,0.000,0.000,0.000,0.000
6584,2240.732,22.963,16.226,1.070,0.000,16.226,0.000,0.000,0.000,0.000,0.000,0.000,0.000,0.000
6585,2241.138,7.519,16.226,1.067,0.000,16.226,0.000,0.000,0.000,0.000,0.000,0.000,0.000,0.000
6586,2241.544,21.519,16.226,1.064,0.000,16.226,0.000,0.000,0.000,0.000,0.000,0.000,0.000,0.000
6587,2241.950,11.815,16.226,1.060,0.000,16.226,0.000,0.000,0.000,0.000,0.000,0.000,0.000,0.000
6588,2242.357,9.963,16.227,1.057,0.000,16.226,0.000,0.000,0.000,0.000,0.000,0.000,0.000,0.000
6589,2242.763,7.445,16.227,1.054,0.000,16.227,0.000,0.000,0.000,0.000,0.000,0.000,0.000,0.000
6590,2243.169,15.815,16.227,1.051,0.000,16.227,0.000,0.000,0.000,0.000,0.000,0.000,0.000,0.000
6591,2243.576,14.741,16.227,1.047,0.000,16.227,0.000,0.000,0.000,0.000,0.000,0.000,0.000,0.000
6592,2243.982,16.889,16.227,1.044,0.000,16.227,0.000,0.000,0.000,0.000,0.000,0.000,0.000,0.000
6593,2244.389,18.445,16.227,1.041,0.000,16.227,0.000,0.000,0.000,0.000,0.000,0.000,0.000,0.000
6594,2244.796,14.371,16.227,1.037,0.000,16.227,0.000,0.000,0.000,0.000,0.000,0.000,0.000,0.000
6595,2245.202,17.667,16.227,1.034,0.000,16.227,0.000,0.000,0.000,0.000,0.000,0.000,0.000,0.000
6596,2245.609,12.445,16.227,1.031,0.000,16.227,0.000,0.000,0.000,0.000,0.000,0.000,0.000,0.000
6597,2246.016,22.334,16.227,1.027,0.000,16.227,0.000,0.000,0.000,0.000,0.000,0.000,0.000,0.000
6598,2246.423,13.815,16.227,1.024,0.000,16.227,0.000,0.000,0.000,0.000,0.000,0.000,0.000,0.000
6599,2246.830,23.593,16.227,1.021,0.000,16.227,0.000,0.000,0.000,0.000,0.000,0.000,0.000,0.000
6600,2247.237,8.445,16.227,1.017,0.000,16.227,0.000,0.000,0.000,0.000,0.000,0.000,0.000,0.000
6601,2247.644,15.667,16.227,1.014,0.000,16.227,0.000,0.000,0.000,0.000,0.000,0.000,0.000,0.000
6602,2248.052,11.593,16.227,1.011,0.000,16.227,0.000,0.000,0.000,0.000,0.000,0.000,0.000,0.000
6603,2248.459,18.519,16.228,1.007,0.000,16.228,0.000,0.000,0.000,0.000,0.000,0.000,0.000,0.000
6604,2248.867,16.593,16.228,1.004,0.000,16.228,0.000,0.000,0.000,0.000,0.000,0.000,0.000,0.000
6605,2249.274,17.667,16.228,1.001,0.000,16.228,0.000,0.000,0.000,0.000,0.000,0.000,0.000,0.000
6606,2249.682,13.519,16.228,0.998,0.000,16.228,0.000,0.000,0.000,0.000,0.000,0.000,0.000,0.000
6607,2250.089,14.037,16.228,0.994,0.000,16.228,0.000,0.000,0.000,0.000,0.000,0.000,0.000,0.000
6608,2250.497,17.815,16.228,0.991,0.000,16.228,0.000,0.000,0.000,0.000,0.000,0.000,0.000,0.000
6609,2250.905,17.593,16.228,0.988,0.000,16.228,0.000,0.000,0.000,0.000,0.000,0.000,0.000,0.000
6610,2251.313,16.889,16.228,0.984,0.000,16.228,0.000,0.000,0.000,0.000,0.000,0.000,0.000,0.000
6611,2251.721,13.963,16.228,0.981,0.000,16.228,0.000,0.000,0.000,0.000,0.000,0.000,0.000,0.000
6612,2252.129,13.259,16.228,0.978,0.000,16.228,0.000,0.000,0.000,0.000,0.000,0.000,0.000,0.000
6613,2252.537,12.445,16.228,0.974,0.000,16.228,0.000,0.000,0.000,0.000,0.000,0.000,0.000,0.000
6614,2252.945,10.815,16.229,0.971,0.000,16.228,0.000,0.000,0.000,0.000,0.000,0.000,0.000,0.000
6615,2253.354,19.593,16.229,0.968,0.000,16.229,0.000,0.000,0.000,0.000,0.000,0.000,0.000,0.000
6616,2253.762,16.593,16.229,0.964,0.000,16.229,0.000,0.000,0.000,0.000,0.000,0.000,0.000,0.000
6617,2254.171,13.593,16.229,0.961,0.000,16.229,0.000,0.000,0.000,0.000,0.000,0.000,0.000,0.000
6618,2254.579,16.334,16.229,0.958,0.000,16.229,0.000,0.000,0.000,0.000,0.000,0.000,0.000,0.000
6619,2254.988,16.741,16.229,0.954,0.000,16.229,0.000,0.000,0.000,0.000,0.000,0.000,0.000,0.000
6620,2255.396,14.963,16.229,0.951,0.000,16.229,0.000,0.000,0.000,0.000,0.000,0.000,0.000,0.000
6621,2255.805,14.741,16.230,0.948,0.000,16.230,0.000,0.000,0.000,0.000,0.000,0.000,0.000,0.000
6622,2256.214,21.741,16.230,0.944,0.000,16.230,0.000,0.000,0.000,0.000,0.000,0.000,0.000,0.000
6623,2256.623,9.963,16.230,0.941,0.000,16.230,0.000,0.000,0.000,0.000,0.000,0.000,0.000,0.000
6624,2257.032,11.667,16.230,0.938,0.000,16.230,0.000,0.000,0.000,0.000,0.000,0.000,0.000,0.000
6625,2257.441,8.741,16.231,0.935,0.000,16.231,0.000,0.000,0.000,0.000,0.000,0.000,0.000,0.000
6626,2257.850,21.185,16.231,0.931,0.000,16.231,0.000,0.000,0.000,0.000,0.000,0.000,0.000,0.000
6627,2258.260,6.593,16.231,0.928,0.000,16.231,0.000,0.000,0.000,0.000,0.000,0.000,0.000,0.000
6628,2258.669,5.815,16.232,0.925,0.000,16.232,0.000,0.000,0.000,0.000,0.000,0.000,0.000,0.000
6629,2259.078,23.667,16.232,0.921,0.000,16.232,0.000,0.000,0.000,0.000,0.000,0.000,0.000,0.000
6630,2259.488,20.963,16.233,0.918,0.000,16.233,0.000,0.000,0.000,0.000,0.000,0.000,0.000,0.000
6631,2259.897,17.667,16.233,0.915,0.000,16.233,0.000,0.000,0.000,0.000,0.000,0.000,0.000,0.000
6632,2260.307,10.741,16.234,0.911,0.000,16.234,0.000,0.000,0.000,0.000,0.000,0.000,0.000,0.000
6633,2260.717,11.667,16.234,0.908,0.000,16.234,0.000,0.000,0.000,0.000,0.000,0.000,0.000,0.000
6634,2261.127,16.111,16.235,0.905,0.000,16.235,0.000,0.000,0.000,0.000,0.000,0.000,0.000,0.000
6635,2261.536,18.037,16.236,0.901,0.000,16.235,0.000,0.000,0.000,0.000,0.000,0.000,0.000,0.000
6636,2261.946,13.963,16.236,0.898,0.000,16.236,0.000,0.000,0.000,0.000,0.000,0.000,0.000,0.000
6637,2262.356,8.593,16.237,0.895,0.000,16.237,0.000,0.000,0.000,0.000,0.000,0.000,0.000,0.000
6638,2262.767,24.185,16.238,0.891,0.000,16.238,0.000,0.000,0.000,0.000,0.000,0.000,0.000,0.000
6639,2263.177,18.185,16.239,0.888,0.000,16.239,0.000,0.000,0.000,0.000,0.000,0.000,0.000,0.000
6640,2263.587,8.741,16.239,0.885,0.000,16.239,0.000,0.000,0.000,0.000,0.000,0.000,0.000,0.000
6641,2263.997,9.667,16.240,0.882,0.000,16.240,0.000,0.000,0.000,0.000,0.000,0.000,0.000,0.000
6642,2264.408,22.815,16.241,0.878,0.000,16.241,0.000,0.000,0.000,0.000,0.000,0.000,0.000,0.000
6643,2264.818,26.259,16.242,0.875,0.000,16.242,0.000,0.000,0.000,0.000,0.000,0.000,0.000,0.000
6644,2265.229,15.445,16.242,0.872,0.000,16.242,0.000,0.000,0.000,0.000,0.000,0.000,0.000,0.000
6645,2265.640,11.889,16.243,0.868,0.000,16.243,0.000,0.000,0.000,0.000,0.000,0.000,0.000,0.000
6646,2266.050,13.815,16.243,0.865,0.000,16.243,0.000,0.000,0.000,0.000,0.000,0.000,0.000,0.000
6647,2266.461,14.519,16.243,0.862,0.000,16.243,0.000,0.000,0.000,0.000,0.000,0.000,0.000,0.000
6648,2266.872,11.519,16.244,0.858,0.000,16.244,0.000,0.000,0.000,0.000,0.000,0.000,0.000,0.000
6649,2267.283,14.037,16.244,0.855,0.000,16.244,0.000,0.000,0.000,0.000,0.000,0.000,0.000,0.000
6650,2267.694,17.815,16.244,0.852,0.000,16.244,0.000,0.000,0.000,0.000,0.000,0.000,0.000,0.000
6651,2268.106,14.667,16.244,0.848,0.000,16.244,0.000,0.000,0.000,0.000,0.000,0.000,0.000,0.000
6652,2268.517,17.815,16.244,0.845,0.000,16.244,0.000,0.000,0.000,0.000,0.000,0.000,0.000,0.000
6653,2268.928,9.741,16.244,0.842,0.000,16.244,0.000,0.000,0.000,0.000,0.000,0.000,0.000,0.000
6654,2269.339,10.519,16.244,0.838,0.000,16.244,0.000,0.000,0.000,0.000,0.000,0.000,0.000,0.000
6655,2269.751,12.963,16.244,0.835,0.000,16.244,0.000,0.000,0.000,0.000,0.000,0.000,0.000,0.000
6656,2270.163,15.371,16.243,0.832,0.000,16.243,0.000,0.000,0.000,0.000,0.000,0.000,0.000,0.000
6657,2270.574,9.667,16.243,0.828,0.000,16.243,0.000,0.000,0.000,0.000,0.000,0.000,0.000,0.000
6658,2270.986,14.037,16.243,0.825,0.000,16.243,0.000,0.000,0.000,0.000,0.000,0.000,0.000,0.000
6659,2271.398,12.741,16.242,0.822,0.000,16.242,0.000,0.000,0.000,0.000,0.000,0.000,0.000,0.000
6660,2271.810,12.001,16.241,0.819,0.000,16.241,0.000,0.000,0.000,0.000,0.000,0.000,0.000,0.000
6661,2272.222,7.889,16.241,0.815,0.000,16.241,0.000,0.000,0.000,0.000,0.000,0.000,0.000,0.000
6662,2272.634,17.963,16.240,0.812,0.000,16.240,0.000,0.000,0.000,0.000,0.000,0.000,0.000,0.000
6663,2273.046,11.111,16.239,0.809,0.000,16.239,0.000,0.000,0.000,0.000,0.000,0.000,0.000,0.000
6664,2273.458,13.815,16.238,0.805,0.000,16.238,0.000,0.000,0.000,0.000,0.000,0.000,0.000,0.000
6665,2273.870,3.741,16.237,0.802,0.000,16.237,0.000,0.000,0.000,0.000,0.000,0.000,0.000,0.000
6666,2274.283,10.185,16.236,0.799,0.000,16.236,0.000,0.000,0.000,0.000,0.000,0.000,0.000,0.000
6667,2274.695,13.259,16.235,0.795,0.000,16.235,0.000,0.000,0.000,0.000,0.000,0.000,0.000,0.000
6668,2275.108,15.889,16.234,0.792,0.000,16.234,0.000,0.000,0.000,0.000,0.000,0.000,0.000,0.000
6669,2275.520,17.185,16.233,0.789,0.000,16.232,0.000,0.000,0.000,0.000,0.000,0.000,0.000,0.000
6670,2275.933,15.519,16.231,0.785,0.000,16.231,0.000,0.000,0.000,0.000,0.000,0.000,0.000,0.000
6671,2276.346,8.963,16.230,0.782,0.000,16.230,0.000,0.000,0.000,0.000,0.000,0.000,0.000,0.000
6672,2276.759,12.111,16.228,0.779,0.000,16.228,0.000,0.000,0.000,0.000,0.000,0.000,0.000,0.000
6673,2277.171,15.297,16.227,0.775,0.000,16.227,0.000,0.000,0.000,0.000,0.000,0.000,0.000,0.000
6674,2277.585,10.889,16.225,0.772,0.000,16.225,0.000,0.000,0.000,0.000,0.000,0.000,0.000,0.000
6675,2277.998,17.667,16.223,0.769,0.000,16.223,0.000,0.000,0.000,0.000,0.000,0.000,0.000,0.000
6676,2278.411,11.741,16.221,0.766,0.000,16.221,0.000,0.000,0.000,0.000,0.000,0.000,0.000,0.000
6677,2278.824,19.111,16.220,0.762,0.000,16.220,0.000,0.000,0.000,0.000,0.000,0.000,0.000,0.000
6678,2279.237,22.889,16.218,0.759,0.000,16.218,0.000,0.000,0.000,0.000,0.000,0.000,0.000,0.000
6679,2279.651,16.259,16.216,0.756,0.000,16.216,0.000,0.000,0.000,0.000,0.000,0.000,0.000,0.000
6680,2280.064,13.037,16.214,0.752,0.000,16.214,0.000,0.000,0.000,0.000,0.000,0.000,0.000,0.000
6681,2280.478,22.556,16.212,0.749,0.000,16.211,0.000,0.000,0.000,0.000,0.000,0.000,0.000,0.000
6682,2280.892,9.963,16.209,0.746,0.000,16.209,0.000,0.000,0.000,0.000,0.000,0.000,0.000,0.000
6683,2281.305,17.667,16.207,0.742,0.000,16.207,0.000,0.000,0.000,0.000,0.000,0.000,0.000,0.000
6684,2281.719,10.815,16.205,0.739,0.000,16.205,0.000,0.000,0.000,0.000,0.000,0.000,0.000,0.000
6685,2282.133,17.259,16.202,0.736,0.000,16.202,0.000,0.000,0.000,0.000,0.000,0.000,0.000,0.000
6686,2282.547,12.037,16.200,0.732,0.000,16.200,0.000,0.000,0.000,0.000,0.000,0.000,0.000,0.000
6687,2282.961,12.111,16.197,0.729,0.000,16.197,0.000,0.000,0.000,0.000,0.000,0.000,0.000,0.000
6688,2283.375,11.963,16.195,0.726,0.000,16.195,0.000,0.000,0.000,0.000,0.000,0.000,0.000,0.000
6689,2283.790,16.519,16.192,0.722,0.000,16.192,0.000,0.000,0.000,0.000,0.000,0.000,0.000,0.000
6690,2284.204,11.037,16.190,0.719,0.000,16.190,0.000,0.000,0.000,0.000,0.000,0.000,0.000,0.000
6691,2284.618,10.111,16.187,0.716,0.000,16.187,0.000,0.000,0.000,0.000,0.000,0.000,0.000,0.000
6692,2285.033,11.445,16.184,0.713,0.000,16.184,0.000,0.000,0.000,0.000,0.000,0.000,0.000,0.000
6693,2285.447,21.149,16.182,0.709,0.000,16.182,0.000,0.000,0.000,0.000,0.000,0.000,0.000,0.000
6694,2285.862,11.667,16.179,0.706,0.000,16.179,0.000,0.000,0.000,0.000,0.000,0.000,0.000,0.000
6695,2286.277,9.667,16.176,0.703,0.000,16.176,0.000,0.000,0.000,0.000,0.000,0.000,0.000,0.000
6696,2286.692,12.259,16.173,0.699,0.000,16.173,0.000,0.000,0.000,0.000,0.000,0.000,0.000,0.000
6697,2287.106,18.037,16.170,0.696,0.000,16.170,0.000,0.000,0.000,0.000,0.000,0.000,0.000,0.000
6698,2287.521,11.889,16.167,0.693,0.000,16.167,0.000,0.000,0.000,0.000,0.000,0.000,0.000,0.000
6699,2287.936,9.741,16.164,0.689,0.000,16.164,0.000,0.000,0.000,0.000,0.000,0.000,0.000,0.000
6700,2288.352,18.408,16.161,0.686,0.000,16.161,0.000,0.000,0.000,0.000,0.000,0.000,0.000,0.000
6701,2288.767,13.519,16.158,0.683,0.000,16.158,0.000,0.000,0.000,0.000,0.000,0.000,0.000,0.000
6702,2289.182,12.223,16.155,0.679,0.000,16.155,0.000,0.000,0.000,0.000,0.000,0.000,0.000,0.000
6703,2289.598,10.963,16.152,0.676,0.000,16.152,0.000,0.000,0.000,0.000,0.000,0.000,0.000,0.000
6704,2290.013,9.111,16.149,0.673,0.000,16.149,0.000,0.000,0.000,0.000,0.000,0.000,0.000,0.000
6705,2290.429,12.741,16.146,0.669,0.000,16.146,0.000,0.000,0.000,0.000,0.000,0.000,0.000,0.000
6706,2290.844,14.111,16.143,0.666,0.000,16.142,0.000,0.000,0.000,0.000,0.000,0.000,0.000,0.000
6707,2291.260,11.963,16.139,0.663,0.000,16.139,0.000,0.000,0.000,0.000,0.000,0.000,0.000,0.000
6708,2291.676,11.185,16.136,0.659,0.000,16.136,0.000,0.000,0.000,0.000,0.000,0.000,0.000,0.000
6709,2292.092,10.815,16.133,0.656,0.000,16.133,0.000,0.000,0.000,0.000,0.000,0.000,0.000,0.000
6710,2292.508,14.185,16.130,0.653,0.000,16.130,0.000,0.000,0.000,0.000,0.000,0.000,0.000,0.000
6711,2292.924,4.815,16.126,0.650,0.000,16.126,0.000,0.000,0.000,0.000,0.000,0.000,0.000,0.000
6712,2293.340,16.815,16.123,0.646,0.000,16.122,0.000,0.000,0.000,0.000,0.000,0.000,0.000,0.000
6713,2293.756,20.519,16.119,0.643,0.000,16.119,0.000,0.000,0.000,0.000,0.000,0.000,0.000,0.000
6714,2294.172,12.519,16.115,0.640,0.000,16.115,0.000,0.000,0.000,0.000,0.000,0.000,0.000,0.000
6715,2294.589,12.334,16.111,0.636,0.000,16.111,0.000,0.000,0.000,0.000,0.000,0.000,0.000,0.000
6716,2295.005,7.963,16.107,0.633,0.000,16.107,0.000,0.000,0.000,0.000,0.000,0.000,0.000,0.000
6717,2295.422,16.259,16.103,0.630,0.000,16.102,0.000,0.000,0.000,0.000,0.000,0.000,0.000,0.000
6718,2295.838,15.815,16.098,0.626,0.000,16.098,0.000,0.000,0.000,0.000,0.000,0.000,0.000,0.000
6719,2296.255,13.037,16.094,0.623,0.000,16.093,0.000,0.000,0.000,0.000,0.000,0.000,0.000,0.000
6720,2296.672,13.889,16.089,0.620,0.000,16.089,0.000,0.000,0.000,0.000,0.000,0.000,0.000,0.000
6721,2297.089,13.815,16.084,0.616,0.000,16.084,0.000,0.000,0.000,0.000,0.000,0.000,0.000,0.000
6722,2297.506,12.667,16.079,0.613,0.000,16.079,0.000,0.000,0.000,0.000,0.000,0.000,0.000,0.000
6723,2297.923,17.259,16.074,0.610,0.000,16.074,0.000,0.000,0.000,0.000,0.000,0.000,0.000,0.000
6724,2298.340,8.037,16.069,0.606,0.000,16.068,0.000,0.000,0.000,0.000,0.000,0.000,0.000,0.000
6725,2298.757,15.408,16.063,0.603,0.000,16.063,0.000,0.000,0.000,0.000,0.000,0.000,0.000,0.000
6726,2299.174,9.815,16.058,0.600,0.000,16.058,0.000,0.000,0.000,0.000,0.000,0.000,0.000,0.000
6727,2299.592,9.111,16.052,0.597,0.000,16.052,0.000,0.000,0.000,0.000,0.000,0.000,0.000,0.000
6728,2300.009,9.741,16.046,0.593,0.000,16.046,0.000,0.000,0.000,0.000,0.000,0.000,0.000,0.000
6729,2300.427,12.815,16.040,0.590,0.000,16.040,0.000,0.000,0.000,0.000,0.000,0.000,0.000,0.000
6730,2300.844,13.815,16.034,0.587,0.000,16.034,0.000,0.000,0.000,0.000,0.000,0.000,0.000,0.000
6731,2301.262,12.259,16.028,0.583,0.000,16.027,0.000,0.000,0.000,0.000,0.000,0.000,0.000,0.000
6732,2301.680,10.667,16.021,0.580,0.000,16.021,0.000,0.000,0.000,0.000,0.000,0.000,0.000,0.000
6733,2302.098,9.037,16.015,0.577,0.000,16.014,0.000,0.000,0.000,0.000,0.000,0.000,0.000,0.000
6734,2302.516,10.519,16.008,0.573,0.000,16.008,0.000,0.000,0.000,0.000,0.000,0.000,0.000,0.000
6735,2302.934,12.445,16.001,0.570,0.000,16.001,0.000,0.000,0.000,0.000,0.000,0.000,0.000,0.000
6736,2303.352,10.037,15.994,0.567,0.000,15.994,0.000,0.000,0.000,0.000,0.000,0.000,0.000,0.000
6737,2303.770,20.741,15.987,0.563,0.000,15.987,0.000,0.000,0.000,0.000,0.000,0.000,0.000,0.000
6738,2304.189,12.815,15.979,0.560,0.000,15.979,0.000,0.000,0.000,0.000,0.000,0.000,0.000,0.000
6739,2304.607,10.519,15.972,0.557,0.000,15.972,0.000,0.000,0.000,0.000,0.000,0.000,0.000,0.000
6740,2305.025,12.111,15.964,0.553,0.000,15.964,0.000,0.000,0.000,0.000,0.000,0.000,0.000,0.000
6741,2305.444,14.185,15.957,0.550,0.000,15.957,0.000,0.000,0.000,0.000,0.000,0.000,0.000,0.000
6742,2305.863,16.037,15.949,0.547,0.000,15.949,0.000,0.000,0.000,0.000,0.000,0.000,0.000,0.000
6743,2306.281,12.889,15.941,0.543,0.000,15.941,0.000,0.000,0.000,0.000,0.000,0.000,0.000,0.000
6744,2306.700,19.593,15.932,0.540,0.000,15.932,0.000,0.000,0.000,0.000,0.000,0.000,0.000,0.000
6745,2307.119,8.371,15.924,0.537,0.000,15.924,0.000,0.000,0.000,0.000,0.000,0.000,0.000,0.000
6746,2307.538,13.963,15.916,0.534,0.000,15.916,0.000,0.000,0.000,0.000,0.000,0.000,0.000,0.000
6747,2307.957,13.185,15.907,0.530,0.000,15.907,0.000,0.000,0.000,0.000,0.000,0.000,0.000,0.000
6748,2308.376,14.889,15.898,0.527,0.000,15.898,0.000,0.000,0.000,0.000,0.000,0.000,0.000,0.000
6749,2308.795,9.741,15.889,0.524,0.000,15.889,0.000,0.000,0.000,0.000,0.000,0.000,0.000,0.000
6750,2309.215,18.889,15.880,0.520,0.000,15.880,0.000,0.000,0.000,0.000,0.000,0.000,0.000,0.000
6751,2309.634,8.519,15.871,0.517,0.000,15.871,0.000,0.000,0.000,0.000,0.000,0.000,0.000,0.000
6752,2310.054,15.445,15.862,0.514,0.000,15.862,0.000,0.000,0.000,0.000,0.000,0.000,0.000,0.000
6753,2310.473,8.889,15.852,0.510,0.000,15.852,0.000,0.000,0.000,0.000,0.000,0.000,0.000,0.000
6754,2310.893,12.741,15.843,0.507,0.000,15.843,0.000,0.000,0.000,0.000,0.000,0.000,0.000,0.000
6755,2311.313,8.334,15.833,0.504,0.000,15.833,0.000,0.000,0.000,0.000,0.000,0.000,0.000,0.000
6756,2311.732,16.037,15.823,0.500,0.000,15.823,0.000,0.000,0.000,0.000,0.000,0.000,0.000,0.000
6757,2312.152,13.963,15.813,0.497,0.000,15.813,0.000,0.000,0.000,0.000,0.000,0.000,0.000,0.000
6758,2312.572,8.371,15.803,0.494,0.000,15.803,0.000,0.000,0.000,0.000,0.000,0.000,0.000,0.000
6759,2312.992,11.371,15.793,0.490,0.000,15.793,0.000,0.000,0.000,0.000,0.000,0.000,0.000,0.000
6760,2313.413,12.667,15.782,0.487,0.000,15.782,0.000,0.000,0.000,0.000,0.000,0.000,0.000,0.000
6761,2313.833,14.815,15.772,0.484,0.000,15.772,0.000,0.000,0.000,0.000,0.000,0.000,0.000,0.000
6762,2314.253,8.815,15.761,0.481,0.000,15.761,0.000,0.000,0.000,0.000,0.000,0.000,0.000,0.000
6763,2314.674,17.037,15.751,0.477,0.000,15.750,0.000,0.000,0.000,0.000,0.000,0.000,0.000,0.000
6764,2315.094,14.408,15.740,0.474,0.000,15.740,0.000,0.000,0.000,0.000,0.000,0.000,0.000,0.000
6765,2315.515,13.667,15.729,0.471,0.000,15.729,0.000,0.000,0.000,0.000,0.000,0.000,0.000,0.000
6766,2315.935,13.815,15.718,0.467,0.000,15.717,0.000,0.000,0.000,0.000,0.000,0.000,0.000,0.000
6767,2316.356,10.889,15.706,0.464,0.000,15.706,0.000,0.000,0.000,0.000,0.000,0.000,0.000,0.000
6768,2316.777,13.371,15.695,0.461,0.000,15.695,0.000,0.000,0.000,0.000,0.000,0.000,0.000,0.000
6769,2317.198,10.519,15.683,0.457,0.000,15.683,0.000,0.000,0.000,0.000,0.000,0.000,0.000,0.000
6770,2317.619,18.259,15.672,0.454,0.000,15.672,0.000,0.000,0.000,0.000,0.000,0.000,0.000,0.000
6771,2318.040,12.889,15.660,0.451,0.000,15.660,0.000,0.000,0.000,0.000,0.000,0.000,0.000,0.000
6772,2318.461,13.889,15.648,0.447,0.000,15.648,0.000,0.000,0.000,0.000,0.000,0.000,0.000,0.000
6773,2318.882,8.185,15.636,0.444,0.000,15.636,0.000,0.000,0.000,0.000,0.000,0.000,0.000,0.000
6774,2319.304,15.334,15.624,0.441,0.000,15.624,0.000,0.000,0.000,0.000,0.000,0.000,0.000,0.000
6775,2319.725,13.223,15.612,0.437,0.000,15.612,0.000,0.000,0.000,0.000,0.000,0.000,0.000,0.000
6776,2320.147,12.593,15.599,0.434,0.000,15.599,0.000,0.000,0.000,0.000,0.000,0.000,0.000,0.000
6777,2320.568,14.037,15.587,0.431,0.000,15.586,0.000,0.000,0.000,0.000,0.000,0.000,0.000,0.000
6778,2320.990,7.963,15.574,0.428,0.000,15.574,0.000,0.000,0.000,0.000,0.000,0.000,0.000,0.000
6779,2321.412,20.889,15.561,0.424,0.000,15.560,0.000,0.000,0.000,0.000,0.000,0.000,0.000,0.000
6780,2321.834,9.889,15.547,0.421,0.000,15.547,0.000,0.000,0.000,0.000,0.000,0.000,0.000,0.000
6781,2322.256,9.963,15.534,0.418,0.000,15.534,0.000,0.000,0.000,0.000,0.000,0.000,0.000,0.000
6782,2322.678,17.741,15.520,0.414,0.000,15.520,0.000,0.000,0.000,0.000,0.000,0.000,0.000,0.000
6783,2323.100,13.185,15.506,0.411,0.000,15.506,0.000,0.000,0.000,0.000,0.000,0.000,0.000,0.000
6784,2323.522,12.185,15.492,0.408,0.000,15.492,0.000,0.000,0.000,0.000,0.000,0.000,0.000,0.000
6785,2323.944,7.741,15.478,0.404,0.000,15.478,0.000,0.000,0.000,0.000,0.000,0.000,0.000,0.000
6786,2324.367,16.889,15.463,0.401,0.000,15.463,0.000,0.000,0.000,0.000,0.000,0.000,0.000,0.000
6787,2324.789,12.334,15.448,0.398,0.000,15.448,0.000,0.000,0.000,0.000,0.000,0.000,0.000,0.000
6788,2325.212,16.815,15.434,0.394,0.000,15.433,0.000,0.000,0.000,0.000,0.000,0.000,0.000,0.000
6789,2325.635,14.371,15.418,0.391,0.000,15.418,0.000,0.000,0.000,0.000,0.000,0.000,0.000,0.000
6790,2326.057,14.111,15.403,0.388,0.000,15.403,0.000,0.000,0.000,0.000,0.000,0.000,0.000,0.000
6791,2326.480,11.185,15.388,0.384,0.000,15.388,0.000,0.000,0.000,0.000,0.000,0.000,0.000,0.000
6792,2326.903,11.667,15.372,0.381,0.000,15.372,0.000,0.000,0.000,0.000,0.000,0.000,0.000,0.000
6793,2327.326,12.111,15.356,0.378,0.000,15.356,0.000,0.000,0.000,0.000,0.000,0.000,0.000,0.000
6794,2327.749,16.037,15.340,0.374,0.000,15.340,0.000,0.000,0.000,0.000,0.000,0.000,0.000,0.000
6795,2328.172,10.963,15.324,0.371,0.000,15.324,0.000,0.000,0.000,0.000,0.000,0.000,0.000,0.000
6796,2328.596,9.037,15.307,0.368,0.000,15.307,0.000,0.000,0.000,0.000,0.000,0.000,0.000,0.000
6797,2329.019,12.889,15.290,0.365,0.000,15.290,0.000,0.000,0.000,0.000,0.000,0.000,0.000,0.000
6798,2329.442,7.963,15.274,0.361,0.000,15.273,0.000,0.000,0.000,0.000,0.000,0.000,0.000,0.000
6799,2329.866,11.111,15.256,0.358,0.000,15.256,0.000,0.000,0.000,0.000,0.000,0.000,0.000,0.000
6800,2330.289,10.185,15.239,0.355,0.000,15.239,0.000,0.000,0.000,0.000,0.000,0.000,0.000,0.000
6801,2330.713,7.667,15.222,0.351,0.000,15.222,0.000,0.000,0.000,0.000,0.000,0.000,0.000,0.000
6802,2331.137,13.334,15.204,0.348,0.000,15.204,0.000,0.000,0.000,0.000,0.000,0.000,0.000,0.000
6803,2331.561,8.963,15.186,0.345,0.000,15.186,0.000,0.000,0.000,0.000,0.000,0.000,0.000,0.000
6804,2331.985,1.667,15.168,0.341,0.000,15.168,0.000,0.000,0.000,0.000,0.000,0.000,0.000,0.000
6805,2332.409,13.963,15.150,0.338,0.000,15.150,0.000,0.000,0.000,0.000,0.000,0.000,0.000,0.000
6806,2332.833,10.963,15.131,0.335,0.000,15.131,0.000,0.000,0.000,0.000,0.000,0.000,0.000,0.000
6807,2333.257,10.037,15.113,0.331,0.000,15.113,0.000,0.000,0.000,0.000,0.000,0.000,0.000,0.000
6808,2333.681,13.815,15.094,0.328,0.000,15.094,0.000,0.000,0.000,0.000,0.000,0.000,0.000,0.000
6809,2334.106,14.482,15.075,0.325,0.000,15.075,0.000,0.000,0.000,0.000,0.000,0.000,0.000,0.000
6810,2334.530,11.815,15.056,0.321,0.000,15.055,0.000,0.000,0.000,0.000,0.000,0.000,0.000,0.000
6811,2334.955,11.111,15.036,0.318,0.000,15.036,0.000,0.000,0.000,0.000,0.000,0.000,0.000,0.000
6812,2335.380,10.963,15.017,0.315,0.000,15.016,0.000,0.000,0.000,0.000,0.000,0.000,0.000,0.000
6813,2335.804,17.111,14.997,0.312,0.000,14.997,0.000,0.000,0.000,0.000,0.000,0.000,0.000,0.000
6814,2336.229,12.667,14.977,0.308,0.000,14.977,0.000,0.000,0.000,0.000,0.000,0.000,0.000,0.000
6815,2336.654,10.593,14.957,0.305,0.000,14.956,0.000,0.000,0.000,0.000,0.000,0.000,0.000,0.000
6816,2337.079,11.371,14.936,0.302,0.000,14.936,0.000,0.000,0.000,0.000,0.000,0.000,0.000,0.000
6817,2337.504,14.963,14.916,0.298,0.000,14.915,0.000,0.000,0.000,0.000,0.000,0.000,0.000,0.000
6818,2337.929,18.149,14.895,0.295,0.000,14.895,0.000,0.000,0.000,0.000,0.000,0.000,0.000,0.000
6819,2338.355,10.815,14.874,0.292,0.000,14.874,0.000,0.000,0.000,0.000,0.000,0.000,0.000,0.000
6820,2338.780,10.037,14.853,0.288,0.000,14.853,0.000,0.000,0.000,0.000,0.000,0.000,0.000,0.000
6821,2339.205,12.037,14.832,0.285,0.000,14.831,0.000,0.000,0.000,0.000,0.000,0.000,0.000,0.000
6822,2339.631,14.889,14.810,0.282,0.000,14.810,0.000,0.000,0.000,0.000,0.000,0.000,0.000,0.000
6823,2340.056,9.185,14.789,0.278,0.000,14.788,0.000,0.000,0.000,0.000,0.000,0.000,0.000,0.000
6824,2340.482,14.815,14.767,0.275,0.000,14.767,0.000,0.000,0.000,0.000,0.000,0.000,0.000,0.000
6825,2340.908,12.185,14.745,0.272,0.000,14.745,0.000,0.000,0.000,0.000,0.000,0.000,0.000,0.000
6826,2341.334,10.037,14.723,0.268,0.000,14.723,0.000,0.000,0.000,0.000,0.000,0.000,0.000,0.000
6827,2341.760,9.667,14.701,0.265,0.000,14.700,0.000,0.000,0.000,0.000,0.000,0.000,0.000,0.000
6828,2342.186,14.630,14.678,0.262,0.000,14.678,0.000,0.000,0.000,0.000,0.000,0.000,0.000,0.000
6829,2342.612,10.667,14.655,0.258,0.000,14.655,0.000,0.000,0.000,0.000,0.000,0.000,0.000,0.000
6830,2343.038,15.741,14.633,0.255,0.000,14.633,0.000,0.000,0.000,0.000,0.000,0.000,0.000,0.000
6831,2343.465,12.334,14.610,0.252,0.000,14.610,0.000,0.000,0.000,0.000,0.000,0.000,0.000,0.000
6832,2343.891,9.815,14.587,0.249,0.000,14.586,0.000,0.000,0.000,0.000,0.000,0.000,0.000,0.000
6833,2344.318,11.223,14.563,0.245,0.000,14.563,0.000,0.000,0.000,0.000,0.000,0.000,0.000,0.000
6834,2344.744,14.963,14.540,0.242,0.000,14.540,0.000,0.000,0.000,0.000,0.000,0.000,0.000,0.000
6835,2345.171,11.111,14.517,0.239,0.000,14.516,0.000,0.000,0.000,0.000,0.000,0.000,0.000,0.000
6836,2345.598,13.185,14.493,0.235,0.000,14.493,0.000,0.000,0.000,0.000,0.000,0.000,0.000,0.000
6837,2346.024,8.185,14.469,0.232,0.000,14.469,0.000,0.000,0.000,0.000,0.000,0.000,0.000,0.000
6838,2346.451,12.667,14.445,0.229,0.000,14.445,0.000,0.000,0.000,0.000,0.000,0.000,0.000,0.000
6839,2346.878,9.889,14.421,0.225,0.000,14.421,0.000,0.000,0.000,0.000,0.000,0.000,0.000,0.000
6840,2347.305,5.963,14.397,0.222,0.000,14.396,0.000,0.000,0.000,0.000,0.000,0.000,0.000,0.000
6841,2347.733,5.963,14.372,0.219,0.000,14.372,0.000,0.000,0.000,0.000,0.000,0.000,0.000,0.000
6842,2348.160,8.741,14.348,0.215,0.000,14.347,0.000,0.000,0.000,0.000,0.000,0.000,0.000,0.000
6843,2348.587,4.741,14.323,0.212,0.000,14.323,0.000,0.000,0.000,0.000,0.000,0.000,0.000,0.000
6844,2349.015,8.741,14.298,0.209,0.000,14.298,0.000,0.000,0.000,0.000,0.000,0.000,0.000,0.000
6845,2349.442,8.111,14.273,0.205,0.000,14.273,0.000,0.000,0.000,0.000,0.000,0.000,0.000,0.000
6846,2349.870,12.111,14.248,0.202,0.000,14.248,0.000,0.000,0.000,0.000,0.000,0.000,0.000,0.000
6847,2350.298,13.556,14.222,0.199,0.000,14.222,0.000,0.000,0.000,0.000,0.000,0.000,0.000,0.000
6848,2350.726,8.185,14.197,0.196,0.000,14.197,0.000,0.000,0.000,0.000,0.000,0.000,0.000,0.000
6849,2351.154,5.037,14.171,0.192,0.000,14.171,0.000,0.000,0.000,0.000,0.000,0.000,0.000,0.000
6850,2351.582,5.963,14.145,0.189,0.000,14.145,0.000,0.000,0.000,0.000,0.000,0.000,0.000,0.000
6851,2352.010,9.815,14.119,0.186,0.000,14.119,0.000,0.000,0.000,0.000,0.000,0.000,0.000,0.000
6852,2352.438,8.963,14.093,0.182,0.000,14.093,0.000,0.000,0.000,0.000,0.000,0.000,0.000,0.000
6853,2352.866,8.482,14.066,0.179,0.000,14.066,0.000,0.000,0.000,0.000,0.000,0.000,0.000,0.000
6854,2353.295,13.445,14.040,0.176,0.000,14.040,0.000,0.000,0.000,0.000,0.000,0.000,0.000,0.000
6855,2353.723,13.593,14.013,0.172,0.000,14.013,0.000,0.000,0.000,0.000,0.000,0.000,0.000,0.000
6856,2354.152,8.815,13.986,0.169,0.000,13.986,0.000,0.000,0.000,0.000,0.000,0.000,0.000,0.000
6857,2354.580,16.963,13.959,0.166,0.000,13.959,0.000,0.000,0.000,0.000,0.000,0.000,0.000,0.000
6858,2355.009,14.259,13.932,0.162,0.000,13.931,0.000,0.000,0.000,0.000,0.000,0.000,0.000,0.000
6859,2355.438,18.111,13.904,0.159,0.000,13.904,0.000,0.000,0.000,0.000,0.000,0.000,0.000,0.000
6860,2355.867,9.334,13.877,0.156,0.000,13.876,0.000,0.000,0.000,0.000,0.000,0.000,0.000,0.000
6861,2356.296,13.037,13.849,0.152,0.000,13.849,0.000,0.000,0.000,0.000,0.000,0.000,0.000,0.000
6862,2356.725,6.037,13.821,0.149,0.000,13.821,0.000,0.000,0.000,0.000,0.000,0.000,0.000,0.000
6863,2357.154,9.185,13.793,0.146,0.000,13.793,0.000,0.000,0.000,0.000,0.000,0.000,0.000,0.000
6864,2357.583,13.111,13.765,0.143,0.000,13.764,0.000,0.000,0.000,0.000,0.000,0.000,0.000,0.000
6865,2358.012,8.963,13.736,0.139,0.000,13.736,0.000,0.000,0.000,0.000,0.000,0.000,0.000,0.000
6866,2358.442,19.741,13.708,0.136,0.000,13.707,0.000,0.000,0.000,0.000,0.000,0.000,0.000,0.000
6867,2358.871,8.111,13.679,0.133,0.000,13.678,0.000,0.000,0.000,0.000,0.000,0.000,0.000,0.000
6868,2359.301,6.185,13.650,0.129,0.000,13.650,0.000,0.000,0.000,0.000,0.000,0.000,0.000,0.000
6869,2359.731,8.963,13.621,0.126,0.000,13.621,0.000,0.000,0.000,0.000,0.000,0.000,0.000,0.000
6870,2360.161,14.963,13.592,0.123,0.000,13.591,0.000,0.000,0.000,0.000,0.000,0.000,0.000,0.000
6871,2360.590,5.445,13.562,0.119,0.000,13.562,0.000,0.000,0.000,0.000,0.000,0.000,0.000,0.000
6872,2361.020,11.741,13.533,0.116,0.000,13.533,0.000,0.000,0.000,0.000,0.000,0.000,0.000,0.000
6873,2361.451,8.556,13.503,0.113,0.000,13.503,0.000,0.000,0.000,0.000,0.000,0.000,0.000,0.000
6874,2361.881,15.259,13.473,0.109,0.000,13.473,0.000,0.000,0.000,0.000,0.000,0.000,0.000,0.000
6875,2362.311,4.667,13.444,0.106,0.000,13.443,0.000,0.000,0.000,0.000,0.000,0.000,0.000,0.000
6876,2362.741,14.667,13.414,0.103,0.000,13.413,0.000,0.000,0.000,0.000,0.000,0.000,0.000,0.000
6877,2363.172,17.667,13.383,0.099,0.000,13.383,0.000,0.000,0.000,0.000,0.000,0.000,0.000,0.000
6878,2363.602,7.815,13.353,0.096,0.000,13.353,0.000,0.000,0.000,0.000,0.000,0.000,0.000,0.000
6879,2364.033,11.037,13.323,0.093,0.000,13.322,0.000,0.000,0.000,0.000,0.000,0.000,0.000,0.000
6880,2364.464,9.556,13.292,0.089,0.000,13.292,0.000,0.000,0.000,0.000,0.000,0.000,0.000,0.000
6881,2364.894,9.334,13.261,0.086,0.000,13.261,0.000,0.000,0.000,0.000,0.000,0.000,0.000,0.000
6882,2365.325,11.741,13.231,0.083,0.000,13.230,0.000,0.000,0.000,0.000,0.000,0.000,0.000,0.000
6883,2365.756,12.815,13.200,0.080,0.000,13.199,0.000,0.000,0.000,0.000,0.000,0.000,0.000,0.000
6884,2366.187,11.963,13.169,0.076,0.000,13.168,0.000,0.000,0.000,0.000,0.000,0.000,0.000,0.000
6885,2366.619,7.926,13.138,0.073,0.000,13.137,0.000,0.000,0.000,0.000,0.000,0.000,0.000,0.000
6886,2367.050,7.889,13.106,0.070,0.000,13.106,0.000,0.000,0.000,0.000,0.000,0.000,0.000,0.000
6887,2367.481,13.334,13.075,0.066,0.000,13.075,0.000,0.000,0.000,0.000,0.000,0.000,0.000,0.000
6888,2367.913,14.223,13.043,0.063,0.000,13.043,0.000,0.000,0.000,0.000,0.000,0.000,0.000,0.000
6889,2368.344,11.037,13.012,0.060,0.000,13.012,0.000,0.000,0.000,0.000,0.000,0.000,0.000,0.000
6890,2368.776,9.963,12.980,0.056,0.000,12.980,0.000,0.000,0.000,0.000,0.000,0.000,0.000,0.000
6891,2369.207,10.445,12.948,0.053,0.000,12.948,0.000,0.000,0.000,0.000,0.000,0.000,0.000,0.000
6892,2369.639,12.037,12.917,0.050,0.000,12.916,0.000,0.000,0.000,0.000,0.000,0.000,0.000,0.000
6893,2370.071,10.963,12.885,0.046,0.000,12.884,0.000,0.000,0.000,0.000,0.000,0.000,0.000,0.000
6894,2370.503,14.037,12.853,0.043,0.000,12.852,0.000,0.000,0.000,0.000,0.000,0.000,0.000,0.000
6895,2370.935,12.667,12.821,0.040,0.000,12.820,0.000,0.000,0.000,0.000,0.000,0.000,0.000,0.000
6896,2371.367,11.185,12.788,0.036,0.000,12.788,0.000,0.000,0.000,0.000,0.000,0.000,0.000,0.000
6897,2371.800,5.371,12.756,0.033,0.000,12.756,0.000,0.000,0.000,0.000,0.000,0.000,0.000,0.000
6898,2372.232,8.741,12.724,0.030,0.000,12.723,0.000,0.000,0.000,0.000,0.000,0.000,0.000,0.000
6899,2372.664,11.815,12.691,0.027,0.000,12.691,0.000,0.000,0.000,0.000,0.000,0.000,0.000,0.000
6900,2373.097,12.445,12.659,0.023,0.000,12.659,0.000,0.000,0.000,0.000,0.000,0.000,0.000,0.000
6901,2373.530,20.037,12.626,0.020,0.000,12.626,0.000,0.000,0.000,0.000,0.000,0.000,0.000,0.000
6902,2373.962,11.259,12.594,0.017,0.000,12.593,0.000,0.000,0.000,0.000,0.000,0.000,0.000,0.000
6903,2374.395,8.741,12.561,0.013,0.000,12.561,0.000,0.000,0.000,0.000,0.000,0.000,0.000,0.000
6904,2374.828,10.482,12.528,0.010,0.000,12.528,0.000,0.000,0.000,0.000,0.000,0.000,0.000,0.000
6905,2375.261,11.815,12.496,0.007,0.000,12.495,0.000,0.000,0.000,0.000,0.000,0.000,0.000,0.000
6906,2375.694,13.259,12.463,0.003,0.000,12.462,0.000,0.000,0.000,0.000,0.000,0.000,0.000,0.000
6907,2376.127,7.741,12.430,0.000,0.000,12.430,0.000,0.000,0.000,0.000,0.000,0.000,0.000,0.000
6908,2376.561,11.889,12.402,0.002,0.000,12.402,0.000,0.000,0.000,0.000,0.000,0.000,0.000,0.000
6909,2376.994,6.445,12.374,0.004,0.000,12.374,0.000,0.000,0.000,0.000,0.000,0.000,0.000,0.000
6910,2377.427,8.889,12.347,0.006,0.000,12.346,0.000,0.000,0.000,0.000,0.000,0.000,0.000,0.000
6911,2377.861,13.111,12.319,0.008,0.000,12.318,0.000,0.000,0.000,0.000,0.000,0.000,0.000,0.000
6912,2378.295,8.519,12.291,0.009,0.000,12.291,0.000,0.000,0.000,0.000,0.000,0.000,0.000,0.000
6913,2378.728,9.667,12.263,0.011,0.000,12.263,0.000,0.000,0.000,0.000,0.000,0.000,0.000,0.000
6914,2379.162,8.963,12.235,0.013,0.000,12.235,0.000,0.000,0.000,0.000,0.000,0.000,0.000,0.000
6915,2379.596,8.963,12.207,0.015,0.000,12.207,0.000,0.000,0.000,0.000,0.000,0.000,0.000,0.000
6916,2380.030,10.111,12.179,0.017,0.000,12.179,0.000,0.000,0.000,0.000,0.000,0.000,0.000,0.000
6917,2380.464,4.667,12.151,0.019,0.000,12.151,0.000,0.000,0.000,0.000,0.000,0.000,0.000,0.000
6918,2380.898,6.889,12.123,0.021,0.000,12.123,0.000,0.000,0.000,0.000,0.000,0.000,0.000,0.000
6919,2381.333,11.259,12.095,0.023,0.000,12.094,0.000,0.000,0.000,0.000,0.000,0.000,0.000,0.000
6920,2381.767,9.371,12.067,0.025,0.000,12.066,0.000,0.000,0.000,0.000,0.000,0.000,0.000,0.000
6921,2382.201,6.037,12.038,0.026,0.000,12.038,0.000,0.000,0.000,0.000,0.000,0.000,0.000,0.000
6922,2382.636,7.741,12.010,0.028,0.000,12.010,0.000,0.000,0.000,0.000,0.000,0.000,0.000,0.000
6923,2383.071,7.667,11.982,0.030,0.000,11.981,0.000,0.000,0.000,0.000,0.000,0.000,0.000,0.000
6924,2383.505,16.297,11.954,0.032,0.000,11.953,0.000,0.000,0.000,0.000,0.000,0.000,0.000,0.000
6925,2383.940,6.741,11.925,0.034,0.000,11.925,0.000,0.000,0.000,0.000,0.000,0.000,0.000,0.000
6926,2384.375,8.185,11.897,0.036,0.000,11.896,0.000,0.000,0.000,0.000,0.000,0.000,0.000,0.000
6927,2384.810,8.037,11.868,0.038,0.000,11.868,0.000,0.000,0.000,0.000,0.000,0.000,0.000,0.000
6928,2385.245,9.519,11.840,0.040,0.000,11.839,0.000,0.000,0.000,0.000,0.000,0.000,0.000,0.000
6929,2385.680,14.889,11.811,0.041,0.000,11.811,0.000,0.000,0.000,0.000,0.000,0.000,0.000,0.000
6930,2386.116,8.037,11.783,0.043,0.000,11.783,0.000,0.000,0.000,0.000,0.000,0.000,0.000,0.000
6931,2386.551,11.111,11.754,0.045,0.000,11.754,0.000,0.000,0.000,0.000,0.000,0.000,0.000,0.000
6932,2386.987,9.111,11.726,0.047,0.000,11.726,0.000,0.000,0.000,0.000,0.000,0.000,0.000,0.000
6933,2387.422,5.741,11.697,0.049,0.000,11.697,0.000,0.000,0.000,0.000,0.000,0.000,0.000,0.000
6934,2387.858,9.037,11.669,0.051,0.000,11.668,0.000,0.000,0.000,0.000,0.000,0.000,0.000,0.000
6935,2388.294,6.889,11.640,0.053,0.000,11.640,0.000,0.000,0.000,0.000,0.000,0.000,0.000,0.000
6936,2388.730,12.445,11.612,0.055,0.000,11.611,0.000,0.000,0.000,0.000,0.000,0.000,0.000,0.000
6937,2389.166,9.259,11.583,0.057,0.000,11.583,0.000,0.000,0.000,0.000,0.000,0.000,0.000,0.000
6938,2389.602,9.667,11.555,0.058,0.000,11.554,0.000,0.000,0.000,0.000,0.000,0.000,0.000,0.000
6939,2390.038,12.667,11.526,0.060,0.000,11.526,0.000,0.000,0.000,0.000,0.000,0.000,0.000,0.000
6940,2390.474,8.815,11.498,0.062,0.000,11.497,0.000,0.000,0.000,0.000,0.000,0.000,0.000,0.000
6941,2390.910,6.889,11.469,0.064,0.000,11.469,0.000,0.000,0.000,0.000,0.000,0.000,0.000,0.000
6942,2391.347,17.593,11.441,0.066,0.000,11.440,0.000,0.000,0.000,0.000,0.000,0.000,0.000,0.000
6943,2391.783,9.815,11.412,0.068,0.000,11.412,0.000,0.000,0.000,0.000,0.000,0.000,0.000,0.000
6944,2392.220,11.223,11.384,0.070,0.000,11.384,0.000,0.000,0.000,0.000,0.000,0.000,0.000,0.000
6945,2392.657,6.185,11.356,0.072,0.000,11.355,0.000,0.000,0.000,0.000,0.000,0.000,0.000,0.000
6946,2393.093,5.111,11.327,0.074,0.000,11.327,0.000,0.000,0.000,0.000,0.000,0.000,0.000,0.000
6947,2393.530,5.667,11.299,0.075,0.000,11.299,0.000,0.000,0.000,0.000,0.000,0.000,0.000,0.000
6948,2393.967,9.519,11.271,0.077,0.000,11.270,0.000,0.000,0.000,0.000,0.000,0.000,0.000,0.000
6949,2394.404,15.667,11.242,0.079,0.000,11.242,0.000,0.000,0.000,0.000,0.000,0.000,0.000,0.000
6950,2394.842,10.963,11.214,0.081,0.000,11.214,0.000,0.000,0.000,0.000,0.000,0.000,0.000,0.000
6951,2395.279,7.963,11.186,0.083,0.000,11.186,0.000,0.000,0.000,0.000,0.000,0.000,0.000,0.000
6952,2395.716,11.815,11.158,0.085,0.000,11.158,0.000,0.000,0.000,0.000,0.000,0.000,0.000,0.000
6953,2396.154,7.334,11.130,0.087,0.000,11.130,0.000,0.000,0.000,0.000,0.000,0.000,0.000,0.000
6954,2396.591,9.037,11.102,0.089,0.000,11.102,0.000,0.000,0.000,0.000,0.000,0.000,0.000,0.000
6955,2397.029,4.889,11.074,0.091,0.000,11.074,0.000,0.000,0.000,0.000,0.000,0.000,0.000,0.000
6956,2397.467,8.741,11.046,0.092,0.000,11.046,0.000,0.000,0.000,0.000,0.000,0.000,0.000,0.000
6957,2397.904,11.408,11.018,0.094,0.000,11.018,0.000,0.000,0.000,0.000,0.000,0.000,0.000,0.000
6958,2398.342,4.741,10.991,0.096,0.000,10.990,0.000,0.000,0.000,0.000,0.000,0.000,0.000,0.000
6959,2398.780,5.519,10.963,0.098,0.000,10.962,0.000,0.000,0.000,0.000,0.000,0.000,0.000,0.000
6960,2399.218,7.593,10.935,0.100,0.000,10.935,0.000,0.000,0.000,0.000,0.000,0.000,0.000,0.000
6961,2399.657,10.001,10.908,0.102,0.000,10.907,0.000,0.000,0.000,0.000,0.000,0.000,0.000,0.000
6962,2400.095,10.667,10.880,0.104,0.000,10.880,0.000,0.000,0.000,0.000,0.000,0.000,0.000,0.000
6963,2400.533,8.926,10.853,0.106,0.000,10.853,0.000,0.000,0.000,0.000,0.000,0.000,0.000,0.000
6964,2400.972,7.741,10.826,0.107,0.000,10.825,0.000,0.000,0.000,0.000,0.000,0.000,0.000,0.000
6965,2401.410,10.037,10.799,0.109,0.000,10.798,0.000,0.000,0.000,0.000,0.000,0.000,0.000,0.000
6966,2401.849,8.111,10.772,0.111,0.000,10.771,0.000,0.000,0.000,0.000,0.000,0.000,0.000,0.000
6967,2402.288,10.111,10.745,0.113,0.000,10.744,0.000,0.000,0.000,0.000,0.000,0.000,0.000,0.000
6968,2402.727,5.815,10.718,0.115,0.000,10.717,0.000,0.000,0.000,0.000,0.000,0.000,0.000,0.000
6969,2403.166,7.075,10.691,0.117,0.000,10.691,0.000,0.000,0.000,0.000,0.000,0.000,0.000,0.000
6970,2403.605,6.111,10.664,0.119,0.000,10.664,0.000,0.000,0.000,0.000,0.000,0.000,0.000,0.000
6971,2404.044,11.556,10.638,0.121,0.000,10.637,0.000,0.000,0.000,0.000,0.000,0.000,0.000,0.000
6972,2404.483,13.223,10.611,0.123,0.000,10.611,0.000,0.000,0.000,0.000,0.000,0.000,0.000,0.000
6973,2404.923,12.111,10.585,0.124,0.000,10.585,0.000,0.000,0.000,0.000,0.000,0.000,0.000,0.000
6974,2405.362,7.593,10.559,0.126,0.000,10.559,0.000,0.000,0.000,0.000,0.000,0.000,0.000,0.000
6975,2405.802,13.482,10.533,0.128,0.000,10.533,0.000,0.000,0.000,0.000,0.000,0.000,0.000,0.000
6976,2406.241,8.519,10.507,0.130,0.000,10.507,0.000,0.000,0.000,0.000,0.000,0.000,0.000,0.000
6977,2406.681,12.111,10.481,0.132,0.000,10.481,0.000,0.000,0.000,0.000,0.000,0.000,0.000,0.000
6978,2407.121,9.037,10.456,0.134,0.000,10.455,0.000,0.000,0.000,0.000,0.000,0.000,0.000,0.000
6979,2407.561,6.667,10.430,0.136,0.000,10.430,0.000,0.001,0.000,0.000,0.000,0.000,0.000,0.000
6980,2408.001,14.297,10.405,0.138,0.000,10.404,0.000,0.001,0.000,0.000,0.000,0.000,0.000,0.000
6981,2408.441,9.815,10.380,0.140,0.000,10.379,0.000,0.001,0.000,0.000,0.000,0.000,0.000,0.000
6982,2408.881,5.889,10.355,0.141,0.000,10.354,0.000,0.001,0.000,0.000,0.000,0.000,0.000,0.000
6983,2409.321,5.223,10.330,0.143,0.000,10.329,0.000,0.001,0.000,0.000,0.000,0.000,0.000,0.000
6984,2409.762,11.037,10.305,0.145,0.000,10.305,0.000,0.001,0.000,0.000,0.000,0.000,0.000,0.000
6985,2410.202,9.963,10.281,0.147,0.000,10.280,0.000,0.001,0.000,0.000,0.000,0.000,0.000,0.000
6986,2410.643,10.482,10.256,0.149,0.000,10.256,0.000,0.001,0.000,0.000,0.000,0.000,0.000,0.000
6987,2411.084,8.963,10.232,0.151,0.000,10.231,0.000,0.001,0.000,0.000,0.000,0.000,0.000,0.000
6988,2411.524,10.445,10.208,0.153,0.000,10.207,0.000,0.001,0.000,0.000,0.000,0.000,0.000,0.000
6989,2411.965,4.371,10.184,0.155,0.000,10.183,0.000,0.001,0.000,0.000,0.000,0.000,0.000,0.000
6990,2412.406,14.223,10.160,0.157,0.000,10.159,0.000,0.001,0.000,0.000,0.000,0.000,0.000,0.000
6991,2412.847,11.963,10.136,0.158,0.000,10.136,0.000,0.001,0.000,0.000,0.000,0.000,0.000,0.000
6992,2413.288,9.889,10.113,0.160,0.000,10.112,0.000,0.001,0.000,0.000,0.000,0.000,0.000,0.000
6993,2413.730,9.889,10.089,0.162,0.000,10.089,0.000,0.001,0.000,0.000,0.000,0.000,0.000,0.000
6994,2414.171,9.815,10.066,0.164,0.000,10.066,0.000,0.001,0.000,0.000,0.000,0.000,0.000,0.000
6995,2414.613,8.963,10.043,0.166,0.000,10.043,0.000,0.001,0.000,0.000,0.000,0.000,0.000,0.000
6996,2415.054,9.593,10.021,0.168,0.000,10.020,0.000,0.001,0.000,0.000,0.000,0.000,0.000,0.000
6997,2415.496,14.889,9.998,0.170,0.000,9.997,0.000,0.001,0.000,0.000,0.000,0.000,0.000,0.000
6998,2415.938,10.741,9.975,0.172,0.000,9.975,0.000,0.001,0.000,0.000,0.000,0.000,0.000,0.000
6999,2416.379,5.593,9.953,0.173,0.000,9.953,0.000,0.001,0.000,0.000,0.000,0.000,0.000,0.000
7000,2416.821,10.667,9.931,0.175,0.000,9.931,0.000,0.001,0.000,0.000,0.000,0.000,0.000,0.000
7001,2417.263,10.519,9.909,0.177,0.000,9.909,0.000,0.001,0.000,0.000,0.000,0.000,0.000,0.000
7002,2417.705,8.445,9.888,0.179,0.000,9.887,0.000,0.001,0.000,0.000,0.000,0.000,0.000,0.000
7003,2418.148,7.371,9.866,0.181,0.000,9.866,0.000,0.001,0.000,0.000,0.000,0.000,0.000,0.000
7004,2418.590,10.593,9.845,0.183,0.000,9.844,0.000,0.001,0.000,0.000,0.000,0.000,0.000,0.000
7005,2419.032,11.889,9.824,0.185,0.000,9.823,0.000,0.001,0.000,0.000,0.000,0.000,0.000,0.000
7006,2419.475,6.445,9.803,0.187,0.000,9.802,0.000,0.001,0.000,0.000,0.000,0.000,0.000,0.000
7007,2419.918,8.259,9.782,0.189,0.000,9.782,0.000,0.001,0.000,0.000,0.000,0.000,0.000,0.000
7008,2420.360,14.519,9.762,0.190,0.000,9.761,0.000,0.001,0.000,0.000,0.000,0.000,0.000,0.000
7009,2420.803,8.037,9.741,0.192,0.000,9.741,0.000,0.001,0.000,0.000,0.000,0.000,0.000,0.000
7010,2421.246,10.667,9.721,0.194,0.000,9.721,0.000,0.001,0.000,0.000,0.000,0.000,0.000,0.000
7011,2421.689,14.111,9.701,0.196,0.000,9.701,0.000,0.001,0.000,0.000,0.000,0.000,0.000,0.000
7012,2422.132,7.963,9.682,0.198,0.000,9.681,0.000,0.001,0.000,0.000,0.000,0.000,0.000,0.000
7013,2422.575,7.667,9.662,0.200,0.000,9.662,0.000,0.001,0.000,0.000,0.000,0.000,0.000,0.000
7014,2423.019,10.408,9.643,0.202,0.000,9.643,0.000,0.001,0.000,0.000,0.000,0.000,0.000,0.000
7015,2423.462,11.408,9.624,0.204,0.000,9.624,0.000,0.001,0.000,0.000,0.000,0.000,0.000,0.000
7016,2423.905,11.259,9.606,0.206,0.000,9.605,0.000,0.001,0.000,0.000,0.000,0.000,0.000,0.000
7017,2424.349,5.889,9.587,0.207,0.000,9.587,0.000,0.001,0.000,0.000,0.000,0.000,0.000,0.000
7018,2424.793,4.037,9.569,0.209,0.000,9.569,0.000,0.001,0.000,0.000,0.000,0.000,0.000,0.000
7019,2425.237,9.963,9.551,0.211,0.000,9.551,0.000,0.001,0.000,0.000,0.000,0.000,0.000,0.000
7020,2425.680,11.815,9.533,0.213,0.000,9.533,0.000,0.001,0.000,0.000,0.000,0.000,0.000,0.000
7021,2426.124,8.741,9.516,0.215,0.000,9.515,0.000,0.001,0.000,0.000,0.000,0.000,0.000,0.000
7022,2426.568,12.037,9.499,0.217,0.000,9.498,0.000,0.001,0.000,0.000,0.000,0.000,0.000,0.000
7023,2427.013,5.259,9.482,0.219,0.000,9.481,0.000,0.001,0.000,0.000,0.000,0.000,0.000,0.000
7024,2427.457,7.889,9.465,0.221,0.000,9.465,0.000,0.001,0.000,0.000,0.000,0.000,0.000,0.000
7025,2427.901,13.334,9.449,0.223,0.000,9.448,0.000,0.001,0.000,0.000,0.000,0.000,0.000,0.000
7026,2428.346,11.445,9.433,0.224,0.000,9.432,0.000,0.001,0.000,0.000,0.000,0.000,0.000,0.000
7027,2428.790,15.334,9.417,0.226,0.000,9.416,0.000,0.001,0.000,0.000,0.000,0.000,0.000,0.000
7028,2429.235,4.223,9.401,0.228,0.000,9.400,0.000,0.001,0.000,0.000,0.000,0.000,0.000,0.000
7029,2429.680,9.889,9.386,0.230,0.000,9.385,0.000,0.001,0.000,0.000,0.000,0.000,0.000,0.000
7030,2430.125,7.334,9.371,0.232,0.000,9.370,0.000,0.001,0.000,0.000,0.000,0.000,0.000,0.000
7031,2430.570,5.037,9.356,0.234,0.000,9.355,0.000,0.001,0.000,0.000,0.000,0.000,0.000,0.000
7032,2431.015,12.889,9.341,0.236,0.000,9.341,0.000,0.001,0.000,0.000,0.000,0.000,0.000,0.000
7033,2431.460,10.223,9.327,0.238,0.000,9.327,0.000,0.001,0.000,0.000,0.000,0.000,0.000,0.000
7034,2431.905,5.667,9.313,0.239,0.000,9.313,0.000,0.001,0.000,0.000,0.000,0.000,0.000,0.000
7035,2432.350,11.297,9.300,0.241,0.000,9.299,0.000,0.001,0.000,0.000,0.000,0.000,0.000,0.000
7036,2432.796,5.667,9.286,0.243,0.000,9.286,0.000,0.001,0.000,0.000,0.000,0.000,0.000,0.000
7037,2433.241,9.815,9.273,0.245,0.000,9.273,0.000,0.001,0.000,0.000,0.000,0.000,0.000,0.000
7038,2433.687,12.963,9.261,0.247,0.000,9.260,0.000,0.001,0.000,0.000,0.000,0.000,0.000,0.000
7039,2434.133,9.667,9.248,0.249,0.000,9.248,0.000,0.001,0.000,0.000,0.000,0.000,0.000,0.000
7040,2434.579,16.334,9.236,0.251,0.000,9.236,0.000,0.001,0.000,0.000,0.000,0.000,0.000,0.000
7041,2435.024,13.963,9.224,0.253,0.000,9.224,0.000,0.001,0.000,0.000,0.000,0.000,0.000,0.000
7042,2435.471,6.259,9.213,0.255,0.000,9.212,0.000,0.001,0.000,0.000,0.000,0.000,0.000,0.000
7043,2435.917,20.963,9.202,0.256,0.000,9.201,0.000,0.001,0.000,0.000,0.000,0.000,0.000,0.000
7044,2436.363,7.630,9.191,0.258,0.000,9.191,0.000,0.001,0.000,0.000,0.000,0.000,0.000,0.000
7045,2436.809,15.111,9.181,0.260,0.000,9.180,0.000,0.001,0.000,0.000,0.000,0.000,0.000,0.000
7046,2437.256,11.185,9.171,0.262,0.000,9.170,0.000,0.001,0.000,0.000,0.000,0.000,0.000,0.000
7047,2437.702,10.963,9.161,0.264,0.000,9.160,0.000,0.001,0.000,0.000,0.000,0.000,0.000,0.000
7048,2438.149,5.667,9.151,0.266,0.000,9.151,0.000,0.001,0.000,0.000,0.000,0.000,0.000,0.000
7049,2438.596,9.111,9.142,0.268,0.000,9.142,0.000,0.001,0.000,0.000,0.000,0.000,0.000,0.000
7050,2439.042,10.593,9.133,0.270,0.000,9.133,0.000,0.001,0.000,0.000,0.000,0.000,0.000,0.000
7051,2439.489,4.445,9.125,0.272,0.000,9.124,0.000,0.001,0.000,0.000,0.000,0.000,0.000,0.000
7052,2439.936,7.889,9.117,0.273,0.000,9.116,0.000,0.001,0.000,0.000,0.000,0.000,0.000,0.000
7053,2440.383,6.297,9.109,0.275,0.000,9.109,0.000,0.001,0.000,0.000,0.000,0.000,0.000,0.000
7054,2440.831,14.037,9.102,0.277,0.000,9.101,0.000,0.001,0.000,0.000,0.000,0.000,0.000,0.000
7055,2441.278,13.667,9.095,0.279,0.000,9.094,0.000,0.001,0.000,0.000,0.000,0.000,0.000,0.000
7056,2441.725,10.889,9.088,0.281,0.000,9.088,0.000,0.000,0.000,0.000,0.000,0.000,0.000,0.000
7057,2442.173,8.445,9.082,0.283,0.000,9.081,0.000,0.000,0.000,0.000,0.000,0.000,0.000,0.000
7058,2442.621,14.519,9.076,0.285,0.000,9.075,0.000,0.000,0.000,0.000,0.000,0.000,0.000,0.000
7059,2443.068,12.741,9.070,0.287,0.000,9.070,0.000,0.000,0.000,0.000,0.000,0.000,0.000,0.000
7060,2443.516,4.815,9.065,0.289,0.000,9.065,0.000,0.000,0.000,0.000,0.000,0.000,0.000,0.000
7061,2443.964,8.185,9.060,0.290,0.000,9.060,0.000,0.000,0.000,0.000,0.000,0.000,0.000,0.000
7062,2444.412,7.519,9.056,0.292,0.000,9.055,0.000,0.000,0.000,0.000,0.000,0.000,0.000,0.000
7063,2444.860,7.111,9.051,0.294,0.000,9.051,0.000,0.000,0.000,0.000,0.000,0.000,0.000,0.000
7064,2445.308,10.889,9.048,0.296,0.000,9.047,0.000,0.000,0.000,0.000,0.000,0.000,0.000,0.000
7065,2445.757,8.185,9.044,0.298,0.000,9.044,0.000,0.000,0.000,0.000,0.000,0.000,0.000,0.000
7066,2446.205,7.815,9.041,0.300,0.000,9.041,0.000,0.000,0.000,0.000,0.000,0.000,0.000,0.000
7067,2446.654,9.445,9.039,0.302,0.000,9.038,0.000,0.000,0.000,0.000,0.000,0.000,0.000,0.000
7068,2447.102,10.334,9.036,0.304,0.000,9.036,0.000,0.000,0.000,0.000,0.000,0.000,0.000,0.000
7069,2447.551,6.593,9.035,0.305,0.000,9.034,0.000,0.000,0.000,0.000,0.000,0.000,0.000,0.000
7070,2448.000,3.334,9.033,0.307,0.000,9.033,0.000,0.000,0.000,0.000,0.000,0.000,0.000,0.000
7071,2448.449,11.037,9.032,0.309,0.000,9.031,0.000,0.000,0.000,0.000,0.000,0.000,0.000,0.000
7072,2448.898,8.741,9.031,0.311,0.000,9.031,0.000,0.000,0.000,0.000,0.000,0.000,0.000,0.000
7073,2449.347,10.334,9.031,0.313,0.000,9.030,0.000,0.000,0.000,0.000,0.000,0.000,0.000,0.000
7074,2449.796,11.593,9.031,0.315,0.000,9.031,0.000,0.000,0.000,0.000,0.000,0.000,0.000,0.000
7075,2450.245,6.741,9.032,0.317,0.000,9.031,0.000,0.000,0.000,0.000,0.000,0.000,0.000,0.000
7076,2450.695,6.741,9.032,0.319,0.000,9.032,0.000,0.000,0.000,0.000,0.000,0.000,0.000,0.000
7077,2451.144,4.667,9.034,0.321,0.000,9.033,0.000,0.000,0.000,0.000,0.000,0.000,0.000,0.000
7078,2451.594,13.889,9.036,0.322,0.000,9.035,0.000,0.000,0.000,0.000,0.000,0.000,0.000,0.000
7079,2452.044,13.334,9.038,0.324,0.000,9.037,0.000,0.000,0.000,0.000,0.000,0.000,0.000,0.000
7080,2452.493,8.741,9.040,0.326,0.000,9.040,0.000,0.000,0.000,0.000,0.000,0.000,0.000,0.000
7081,2452.943,10.445,9.043,0.328,0.000,9.043,0.000,0.000,0.000,0.000,0.000,0.000,0.000,0.000
7082,2453.393,11.963,9.047,0.330,0.000,9.046,0.000,0.000,0.000,0.000,0.000,0.000,0.000,0.000
7083,2453.843,11.667,9.051,0.332,0.000,9.050,0.000,0.000,0.000,0.000,0.000,0.000,0.000,0.000
7084,2454.294,9.667,9.055,0.334,0.000,9.054,0.000,0.000,0.000,0.000,0.000,0.000,0.000,0.000
7085,2454.744,7.741,9.060,0.336,0.000,9.059,0.000,0.000,0.000,0.000,0.000,0.000,0.000,0.000
7086,2455.194,12.593,9.065,0.338,0.000,9.064,0.000,0.000,0.000,0.000,0.000,0.000,0.000,0.000
7087,2455.645,7.815,9.070,0.339,0.000,9.070,0.000,0.000,0.000,0.000,0.000,0.000,0.000,0.000
7088,2456.096,6.037,9.076,0.341,0.000,9.076,0.000,0.000,0.000,0.000,0.000,0.000,0.000,0.000
7089,2456.546,11.593,9.083,0.343,0.000,9.082,0.000,0.000,0.000,0.000,0.000,0.000,0.000,0.000
7090,2456.997,8.889,9.090,0.345,0.000,9.089,0.000,0.000,0.000,0.000,0.000,0.000,0.000,0.000
7091,2457.448,14.037,9.097,0.347,0.000,9.097,0.000,0.000,0.000,0.000,0.000,0.000,0.000,0.000
7092,2457.899,15.037,9.105,0.349,0.000,9.105,0.000,0.000,0.000,0.000,0.000,0.000,0.000,0.000
7093,2458.350,14.815,9.113,0.351,0.000,9.113,0.000,0.000,0.000,0.000,0.000,0.000,0.000,0.000
7094,2458.801,11.889,9.122,0.353,0.000,9.122,0.000,0.000,0.000,0.000,0.000,0.000,0.000,0.000
7095,2459.253,11.185,9.131,0.355,0.000,9.131,0.000,0.000,0.000,0.000,0.000,0.000,0.000,0.000
7096,2459.704,8.667,9.141,0.356,0.000,9.141,0.000,0.000,0.000,0.000,0.000,0.000,0.000,0.000
7097,2460.156,5.593,9.151,0.358,0.000,9.151,0.000,0.000,0.000,0.000,0.000,0.000,0.000,0.000
7098,2460.607,7.445,9.162,0.360,0.000,9.162,0.000,0.000,0.000,0.000,0.000,0.000,0.000,0.000
7099,2461.059,16.593,9.173,0.362,0.000,9.173,0.000,0.000,0.000,0.000,0.000,0.000,0.000,0.000
7100,2461.511,12.889,9.185,0.364,0.000,9.184,0.000,0.000,0.000,0.000,0.000,0.000,0.000,0.000
7101,2461.963,12.815,9.197,0.366,0.000,9.197,0.000,0.000,0.000,0.000,0.000,0.000,0.000,0.000
7102,2462.415,6.001,9.210,0.368,0.000,9.209,0.000,0.000,0.000,0.000,0.000,0.000,0.000,0.000
7103,2462.867,15.111,9.223,0.370,0.000,9.222,0.000,0.000,0.000,0.000,0.000,0.000,0.000,0.000
7104,2463.319,12.815,9.236,0.371,0.000,9.236,0.000,0.000,0.000,0.000,0.000,0.000,0.000,0.000
7105,2463.772,11.371,9.251,0.373,0.000,9.250,0.000,0.000,0.000,0.000,0.000,0.000,0.000,0.000
7106,2464.224,8.963,9.265,0.375,0.000,9.265,0.000,0.000,0.000,0.000,0.000,0.000,0.000,0.000
7107,2464.677,17.815,9.280,0.377,0.000,9.280,0.000,0.000,0.000,0.000,0.000,0.000,0.000,0.000
7108,2465.129,12.963,9.296,0.379,0.000,9.296,0.000,0.000,0.000,0.000,0.000,0.000,0.000,0.000
7109,2465.582,10.815,9.312,0.381,0.000,9.312,0.000,0.000,0.000,0.000,0.000,0.000,0.000,0.000
7110,2466.035,9.408,9.329,0.383,0.000,9.329,0.000,0.000,0.000,0.000,0.000,0.000,0.000,0.000
7111,2466.488,19.667,9.346,0.385,0.000,9.346,0.000,0.000,0.000,0.000,0.000,0.000,0.000,0.000
7112,2466.941,8.519,9.364,0.387,0.000,9.364,0.000,0.000,0.000,0.000,0.000,0.000,0.000,0.000
7113,2467.394,15.111,9.383,0.388,0.000,9.382,0.000,0.000,0.000,0.000,0.000,0.000,0.000,0.000
7114,2467.847,8.223,9.402,0.390,0.000,9.401,0.000,0.000,0.000,0.000,0.000,0.000,0.000,0.000
7115,2468.301,6.037,9.421,0.392,0.000,9.421,0.000,0.000,0.000,0.000,0.000,0.000,0.000,0.000
7116,2468.754,12.963,9.441,0.394,0.000,9.441,0.000,0.000,0.000,0.000,0.000,0.000,0.000,0.000
7117,2469.208,13.185,9.462,0.396,0.000,9.461,0.000,0.000,0.000,0.000,0.000,0.000,0.000,0.000
7118,2469.661,11.889,9.483,0.398,0.000,9.482,0.000,0.000,0.000,0.000,0.000,0.000,0.000,0.000
7119,2470.115,17.037,9.504,0.400,0.000,9.504,0.000,0.000,0.000,0.000,0.000,0.000,0.000,0.000
7120,2470.569,10.037,9.527,0.402,0.000,9.526,0.000,0.000,0.000,0.000,0.000,0.000,0.000,0.000
7121,2471.023,14.111,9.549,0.404,0.000,9.549,0.000,0.000,0.000,0.000,0.000,0.000,0.000,0.000
7122,2471.477,10.445,9.573,0.405,0.000,9.572,0.000,0.000,0.000,0.000,0.000,0.000,0.000,0.000
7123,2471.931,5.741,9.597,0.407,0.000,9.596,0.000,0.000,0.000,0.000,0.000,0.000,0.000,0.000
7124,2472.385,10.593,9.621,0.409,0.000,9.621,0.000,0.000,0.000,0.000,0.000,0.000,0.000,0.000
7125,2472.840,11.037,9.646,0.411,0.000,9.646,0.000,0.000,0.000,0.000,0.000,0.000,0.000,0.000
7126,2473.294,15.149,9.672,0.413,0.000,9.672,0.000,0.000,0.000,0.000,0.000,0.000,0.000,0.000
7127,2473.749,11.593,9.698,0.415,0.000,9.698,0.000,0.000,0.000,0.000,0.000,0.000,0.000,0.000
7128,2474.204,10.111,9.725,0.417,0.000,9.725,0.000,0.000,0.000,0.000,0.000,0.000,0.000,0.000
7129,2474.658,13.519,9.752,0.419,0.000,9.752,0.000,0.000,0.000,0.000,0.000,0.000,0.000,0.000
7130,2475.113,9.334,9.781,0.421,0.000,9.780,0.000,0.000,0.000,0.000,0.000,0.000,0.000,0.000
7131,2475.568,6.445,9.809,0.422,0.000,9.809,0.000,0.000,0.000,0.000,0.000,0.000,0.000,0.000
7132,2476.023,8.815,9.838,0.424,0.000,9.838,0.000,0.000,0.000,0.000,0.000,0.000,0.000,0.000
7133,2476.479,9.889,9.868,0.426,0.000,9.868,0.000,0.000,0.000,0.000,0.000,0.000,0.000,0.000
7134,2476.934,10.889,9.899,0.428,0.000,9.898,0.000,0.000,0.000,0.000,0.000,0.000,0.000,0.000
7135,2477.389,9.741,9.930,0.430,0.000,9.929,0.000,0.000,0.000,0.000,0.000,0.000,0.000,0.000
7136,2477.845,10.593,9.962,0.432,0.000,9.961,0.000,0.000,0.000,0.000,0.000,0.000,0.000,0.000
7137,2478.301,10.371,9.994,0.434,0.000,9.994,0.000,0.000,0.000,0.000,0.000,0.000,0.000,0.000
7138,2478.756,20.185,10.027,0.436,0.000,10.026,0.000,0.000,0.000,0.000,0.000,0.000,0.000,0.000
7139,2479.212,8.519,10.060,0.437,0.000,10.060,0.000,0.000,0.000,0.000,0.000,0.000,0.000,0.000
7140,2479.668,13.889,10.095,0.439,0.000,10.094,0.000,0.000,0.000,0.000,0.000,0.000,0.000,0.000
7141,2480.124,5.667,10.130,0.441,0.000,10.129,0.000,0.000,0.000,0.000,0.000,0.000,0.000,0.000
7142,2480.580,5.741,10.165,0.443,0.000,10.165,0.000,0.000,0.000,0.000,0.000,0.000,0.000,0.000
7143,2481.036,18.519,10.201,0.445,0.000,10.201,0.000,0.000,0.000,0.000,0.000,0.000,0.000,0.000
7144,2481.493,15.963,10.238,0.447,0.000,10.238,0.000,0.000,0.000,0.000,0.000,0.000,0.000,0.000
7145,2481.949,10.593,10.276,0.449,0.000,10.275,0.000,0.000,0.000,0.000,0.000,0.000,0.000,0.000
7146,2482.406,14.815,10.314,0.451,0.000,10.313,0.000,0.000,0.000,0.000,0.000,0.000,0.000,0.000
7147,2482.862,11.075,10.353,0.453,0.000,10.352,0.000,0.000,0.000,0.000,0.000,0.000,0.000,0.000
7148,2483.319,9.223,10.392,0.454,0.000,10.392,0.000,0.000,0.000,0.000,0.000,0.000,0.000,0.000
7149,2483.776,14.445,10.432,0.456,0.000,10.432,0.000,0.000,0.000,0.000,0.000,0.000,0.000,0.000
7150,2484.233,17.445,10.473,0.458,0.000,10.473,0.000,0.000,0.000,0.000,0.000,0.000,0.000,0.000
7151,2484.690,10.667,10.515,0.460,0.000,10.514,0.000,0.000,0.000,0.000,0.000,0.000,0.000,0.000
7152,2485.147,8.519,10.557,0.462,0.000,10.557,0.000,0.000,0.000,0.000,0.000,0.000,0.000,0.000
7153,2485.605,9.963,10.600,0.464,0.000,10.600,0.000,0.000,0.000,0.000,0.000,0.000,0.000,0.000
7154,2486.062,12.889,10.644,0.466,0.000,10.643,0.000,0.000,0.000,0.000,0.000,0.000,0.000,0.000
7155,2486.519,14.593,10.688,0.468,0.000,10.688,0.000,0.000,0.000,0.000,0.000,0.000,0.000,0.000
7156,2486.977,12.815,10.733,0.470,0.000,10.733,0.000,0.000,0.000,0.000,0.000,0.000,0.000,0.000
7157,2487.435,11.593,10.779,0.471,0.000,10.779,0.000,0.000,0.000,0.000,0.000,0.000,0.000,0.000
7158,2487.893,12.667,10.826,0.473,0.000,10.825,0.000,0.000,0.000,0.000,0.000,0.000,0.000,0.000
7159,2488.350,9.371,10.873,0.475,0.000,10.872,0.000,0.000,0.000,0.000,0.000,0.000,0.000,0.000
7160,2488.808,15.519,10.921,0.477,0.000,10.920,0.000,0.000,0.000,0.000,0.000,0.000,0.000,0.000
7161,2489.267,11.371,10.970,0.479,0.000,10.969,0.000,0.000,0.000,0.000,0.000,0.000,0.000,0.000
7162,2489.725,10.667,11.019,0.481,0.000,11.019,0.000,0.000,0.000,0.000,0.000,0.000,0.000,0.000
7163,2490.183,19.963,11.069,0.483,0.000,11.069,0.000,0.000,0.000,0.000,0.000,0.000,0.000,0.000
7164,2490.642,15.297,11.120,0.485,0.000,11.120,0.000,0.000,0.000,0.000,0.000,0.000,0.000,0.000
7165,2491.100,12.593,11.172,0.487,0.000,11.172,0.000,0.000,0.000,0.000,0.000,0.000,0.000,0.000
7166,2491.559,13.963,11.225,0.488,0.000,11.224,0.000,0.000,0.000,0.000,0.000,0.000,0.000,0.000
7167,2492.017,15.037,11.278,0.490,0.000,11.278,0.000,0.000,0.000,0.000,0.000,0.000,0.000,0.000
7168,2492.476,22.815,11.332,0.492,0.000,11.332,0.000,0.000,0.000,0.000,0.000,0.000,0.000,0.000
7169,2492.935,15.111,11.387,0.494,0.000,11.387,0.000,0.000,0.000,0.000,0.000,0.000,0.000,0.000
7170,2493.394,11.297,11.443,0.496,0.000,11.442,0.000,0.000,0.000,0.000,0.000,0.000,0.000,0.000
7171,2493.854,17.371,11.499,0.498,0.000,11.499,0.000,0.000,0.000,0.000,0.000,0.000,0.000,0.000
7172,2494.313,9.852,11.556,0.500,0.000,11.556,0.000,0.000,0.000,0.000,0.000,0.000,0.000,0.000
7173,2494.772,15.297,11.615,0.502,0.000,11.614,0.000,0.000,0.000,0.000,0.000,0.000,0.000,0.000
7174,2495.232,16.037,11.673,0.503,0.000,11.673,0.000,0.000,0.000,0.000,0.000,0.000,0.000,0.000
7175,2495.691,18.297,11.733,0.505,0.000,11.733,0.000,0.000,0.000,0.000,0.000,0.000,0.000,0.000
7176,2496.151,13.815,11.794,0.507,0.000,11.793,0.000,0.000,0.000,0.000,0.000,0.000,0.000,0.000
7177,2496.611,13.593,11.855,0.509,0.000,11.855,0.000,0.000,0.000,0.000,0.000,0.000,0.000,0.000
7178,2497.071,10.593,11.918,0.511,0.000,11.917,0.000,0.000,0.000,0.000,0.000,0.000,0.000,0.000
7179,2497.531,12.519,11.981,0.513,0.000,11.980,0.000,0.000,0.000,0.000,0.000,0.000,0.000,0.000
7180,2497.991,12.815,12.045,0.515,0.000,12.044,0.000,0.000,0.000,0.000,0.000,0.000,0.000,0.000
7181,2498.451,13.223,12.110,0.517,0.000,12.109,0.000,0.000,0.000,0.000,0.000,0.000,0.000,0.000
7182,2498.911,9.926,12.175,0.519,0.000,12.175,0.000,0.000,0.000,0.000,0.000,0.000,0.000,0.000
7183,2499.372,16.667,12.242,0.520,0.000,12.242,0.000,0.000,0.000,0.000,0.000,0.000,0.000,0.000
7184,2499.832,23.445,12.309,0.522,0.000,12.309,0.000,0.000,0.000,0.000,0.000,0.000,0.000,0.000
7185,2500.293,14.593,12.378,0.524,0.000,12.378,0.000,0.000,0.000,0.000,0.000,0.000,0.000,0.000
7186,2500.754,16.297,12.447,0.526,0.000,12.447,0.000,0.000,0.000,0.000,0.000,0.000,0.000,0.000
7187,2501.214,15.667,12.517,0.528,0.000,12.517,0.000,0.000,0.000,0.000,0.000,0.000,0.000,0.000
7188,2501.675,13.037,12.589,0.530,0.000,12.588,0.000,0.000,0.000,0.000,0.000,0.000,0.000,0.000
7189,2502.136,14.926,12.661,0.532,0.000,12.660,0.000,0.000,0.000,0.000,0.000,0.000,0.000,0.000
7190,2502.598,23.741,12.734,0.534,0.000,12.733,0.000,0.000,0.000,0.000,0.000,0.000,0.000,0.000
7191,2503.059,13.037,12.807,0.536,0.000,12.807,0.000,0.000,0.000,0.000,0.000,0.000,0.000,0.000
7192,2503.520,16.519,12.882,0.537,0.000,12.882,0.000,0.000,0.000,0.000,0.000,0.000,0.000,0.000
7193,2503.982,18.519,12.958,0.539,0.000,12.958,0.000,0.000,0.000,0.000,0.000,0.000,0.000,0.000
7194,2504.443,18.149,13.035,0.541,0.000,13.035,0.000,0.000,0.000,0.000,0.000,0.000,0.000,0.000
7195,2504.905,18.519,13.113,0.543,0.000,13.112,0.000,0.000,0.000,0.000,0.000,0.000,0.000,0.000
7196,2505.367,14.297,13.191,0.545,0.000,13.191,0.000,0.000,0.000,0.000,0.000,0.000,0.000,0.000
7197,2505.829,22.037,13.271,0.547,0.000,13.271,0.000,0.000,0.000,0.000,0.000,0.000,0.000,0.000
7198,2506.291,12.778,13.352,0.549,0.000,13.351,0.000,0.000,0.000,0.000,0.000,0.000,0.000,0.000
7199,2506.753,19.815,13.433,0.551,0.000,13.433,0.000,0.000,0.000,0.000,0.000,0.000,0.000,0.000
7200,2507.215,16.149,13.516,0.553,0.000,13.516,0.000,0.000,0.000,0.000,0.000,0.000,0.000,0.000
7201,2507.677,22.001,13.600,0.554,0.000,13.599,0.000,0.000,0.000,0.000,0.000,0.000,0.000,0.000
7202,2508.140,19.519,13.684,0.556,0.000,13.684,0.000,0.000,0.000,0.000,0.000,0.000,0.000,0.000
7203,2508.602,13.037,13.770,0.558,0.000,13.770,0.000,0.000,0.000,0.000,0.000,0.000,0.000,0.000
7204,2509.065,5.482,13.857,0.560,0.000,13.856,0.000,0.000,0.000,0.000,0.000,0.000,0.000,0.000
7205,2509.528,16.852,13.945,0.562,0.000,13.944,0.000,0.000,0.000,0.000,0.000,0.000,0.000,0.000
7206,2509.991,19.519,14.033,0.564,0.000,14.033,0.000,0.000,0.000,0.000,0.000,0.000,0.000,0.000
7207,2510.454,13.001,14.123,0.566,0.000,14.123,0.000,0.000,0.000,0.000,0.000,0.000,0.000,0.000
7208,2510.917,21.593,14.214,0.568,0.000,14.214,0.000,0.000,0.000,0.000,0.000,0.000,0.000,0.000
7209,2511.380,15.223,14.306,0.569,0.000,14.306,0.000,0.000,0.000,0.000,0.000,0.000,0.000,0.000
7210,2511.843,19.297,14.399,0.571,0.000,14.399,0.000,0.000,0.000,0.000,0.000,0.000,0.000,0.000
7211,2512.307,28.223,14.493,0.573,0.000,14.493,0.000,0.000,0.000,0.000,0.000,0.000,0.000,0.000
7212,2512.770,26.926,14.589,0.575,0.000,14.588,0.000,0.000,0.000,0.000,0.000,0.000,0.000,0.000
7213,2513.234,12.001,14.685,0.577,0.000,14.685,0.000,0.000,0.000,0.000,0.000,0.000,0.000,0.000
7214,2513.698,17.408,14.783,0.579,0.000,14.782,0.000,0.000,0.000,0.000,0.000,0.000,0.000,0.000
7215,2514.161,23.889,14.881,0.581,0.000,14.881,0.000,0.000,0.000,0.000,0.000,0.000,0.000,0.000
7216,2514.625,16.556,14.981,0.583,0.000,14.980,0.000,0.000,0.000,0.000,0.000,0.000,0.000,0.000
7217,2515.089,23.001,15.082,0.585,0.000,15.081,0.000,0.000,0.000,0.000,0.000,0.000,0.000,0.000
7218,2515.554,20.371,15.184,0.586,0.000,15.183,0.000,0.000,0.000,0.000,0.000,0.000,0.000,0.000
7219,2516.018,18.704,15.287,0.588,0.000,15.286,0.000,0.000,0.000,0.000,0.000,0.000,0.000,0.000
7220,2516.482,13.630,15.391,0.590,0.000,15.391,0.000,0.000,0.000,0.000,0.000,0.000,0.000,0.000
7221,2516.947,26.371,15.496,0.592,0.000,15.496,0.000,0.000,0.000,0.000,0.000,0.000,0.000,0.000
7222,2517.411,22.297,15.603,0.594,0.000,15.603,0.000,0.000,0.000,0.000,0.000,0.000,0.000,0.000
7223,2517.876,24.371,15.711,0.596,0.000,15.711,0.000,0.000,0.000,0.000,0.000,0.000,0.000,0.000
7224,2518.341,24.926,15.820,0.598,0.000,15.820,0.000,0.000,0.000,0.000,0.000,0.000,0.000,0.000
7225,2518.806,19.704,15.930,0.600,0.000,15.930,0.000,0.000,0.000,0.000,0.000,0.000,0.000,0.000
7226,2519.271,20.852,16.042,0.602,0.000,16.041,0.000,0.000,0.000,0.000,0.000,0.000,0.000,0.000
7227,2519.736,21.593,16.154,0.603,0.000,16.154,0.000,0.000,0.000,0.000,0.000,0.000,0.000,0.000
7228,2520.201,12.445,16.268,0.605,0.000,16.268,0.000,0.000,0.000,0.000,0.000,0.000,0.000,0.000
7229,2520.666,24.075,16.383,0.607,0.000,16.383,0.000,0.000,0.000,0.000,0.000,0.000,0.000,0.000
7230,2521.132,12.926,16.500,0.609,0.000,16.499,0.000,0.000,0.000,0.000,0.000,0.000,0.000,0.000
7231,2521.597,19.445,16.617,0.611,0.000,16.617,0.000,0.000,0.000,0.000,0.000,0.000,0.000,0.000
7232,2522.063,23.149,16.736,0.613,0.000,16.736,0.000,0.000,0.000,0.000,0.000,0.000,0.000,0.000
7233,2522.529,17.223,16.857,0.615,0.000,16.856,0.000,0.000,0.000,0.000,0.000,0.000,0.000,0.000
7234,2522.995,28.852,16.978,0.617,0.000,16.978,0.000,0.000,0.000,0.000,0.000,0.000,0.000,0.000
7235,2523.461,18.445,17.101,0.619,0.000,17.101,0.000,0.000,0.000,0.000,0.000,0.000,0.000,0.000
7236,2523.927,32.593,17.225,0.620,0.000,17.225,0.000,0.000,0.000,0.000,0.000,0.000,0.000,0.000
7237,2524.393,27.482,17.351,0.622,0.000,17.350,0.000,0.000,0.000,0.000,0.000,0.000,0.000,0.000
7238,2524.859,35.408,17.478,0.624,0.000,17.477,0.000,0.000,0.000,0.000,0.000,0.000,0.000,0.000
7239,2525.326,23.630,17.606,0.626,0.000,17.605,0.000,0.000,0.000,0.000,0.000,0.000,0.000,0.000
7240,2525.792,27.519,17.735,0.628,0.000,17.735,0.000,0.000,0.000,0.000,0.000,0.000,0.000,0.000
7241,2526.259,19.297,17.866,0.630,0.000,17.866,0.000,0.000,0.000,0.000,0.000,0.000,0.000,0.000
7242,2526.726,19.926,17.999,0.632,0.000,17.998,0.000,0.000,0.000,0.000,0.000,0.000,0.000,0.000
7243,2527.193,26.445,18.132,0.634,0.000,18.132,0.000,0.000,0.000,0.000,0.000,0.000,0.000,0.000
7244,2527.659,17.112,18.268,0.635,0.000,18.267,0.000,0.000,0.000,0.000,0.000,0.000,0.000,0.000
7245,2528.127,29.667,18.404,0.637,0.000,18.404,0.000,0.000,0.000,0.000,0.000,0.000,0.000,0.000
7246,2528.594,27.297,18.542,0.639,0.000,18.542,0.000,0.000,0.000,0.000,0.000,0.000,0.000,0.000
7247,2529.061,22.001,18.682,0.641,0.000,18.681,0.000,0.000,0.000,0.000,0.000,0.000,0.000,0.000
7248,2529.528,30.704,18.823,0.643,0.000,18.822,0.000,0.000,0.000,0.000,0.000,0.000,0.000,0.000
7249,2529.996,19.926,18.965,0.645,0.000,18.965,0.000,0.000,0.000,0.000,0.000,0.000,0.000,0.000
7250,2530.464,24.149,19.109,0.647,0.000,19.109,0.000,0.000,0.000,0.000,0.000,0.000,0.000,0.000
7251,2530.931,16.556,19.254,0.649,0.000,19.254,0.000,0.000,0.000,0.000,0.000,0.000,0.000,0.000
7252,2531.399,27.223,19.401,0.651,0.000,19.401,0.000,0.000,0.000,0.000,0.000,0.000,0.000,0.000
7253,2531.867,21.001,19.550,0.652,0.000,19.550,0.000,0.000,0.000,0.000,0.000,0.000,0.000,0.000
7254,2532.335,13.556,19.700,0.654,0.000,19.700,0.000,0.000,0.000,0.000,0.000,0.000,0.000,0.000
7255,2532.803,17.852,19.851,0.656,0.000,19.851,0.000,0.000,0.000,0.000,0.000,0.000,0.000,0.000
7256,2533.272,13.297,20.005,0.658,0.000,20.004,0.000,0.000,0.000,0.000,0.000,0.000,0.000,0.000
7257,2533.740,20.778,20.159,0.660,0.000,20.159,0.000,0.000,0.000,0.000,0.000,0.000,0.000,0.000
7258,2534.208,12.852,20.316,0.662,0.000,20.315,0.000,0.000,0.000,0.000,0.000,0.000,0.000,0.000
7259,2534.677,22.630,20.473,0.664,0.000,20.473,0.000,0.000,0.000,0.000,0.000,0.000,0.000,0.000
7260,2535.146,23.149,20.633,0.666,0.000,20.633,0.000,0.000,0.000,0.000,0.000,0.000,0.000,0.000
7261,2535.615,20.482,20.794,0.668,0.000,20.794,0.000,0.000,0.000,0.000,0.000,0.000,0.000,0.000
7262,2536.084,25.556,20.957,0.669,0.000,20.957,0.000,0.000,0.000,0.000,0.000,0.000,0.000,0.000
7263,2536.553,34.223,21.121,0.671,0.000,21.121,0.000,0.000,0.000,0.000,0.000,0.000,0.000,0.000
7264,2537.022,17.260,21.288,0.673,0.000,21.287,0.000,0.000,0.000,0.000,0.000,0.000,0.000,0.000
7265,2537.491,28.556,21.455,0.675,0.000,21.455,0.000,0.000,0.000,0.000,0.000,0.000,0.000,0.000
7266,2537.960,24.630,21.625,0.677,0.000,21.625,0.000,0.000,0.000,0.000,0.000,0.000,0.000,0.000
7267,2538.430,34.408,21.796,0.679,0.000,21.796,0.000,0.000,0.000,0.000,0.000,0.000,0.000,0.000
7268,2538.899,27.223,21.969,0.681,0.000,21.969,0.000,0.000,0.000,0.000,0.000,0.000,0.000,0.000
7269,2539.369,21.667,22.144,0.683,0.000,22.144,0.000,0.000,0.000,0.000,0.000,0.000,0.000,0.000
7270,2539.839,26.556,22.320,0.685,0.000,22.320,0.000,0.000,0.000,0.000,0.000,0.000,0.000,0.000
7271,2540.309,35.075,22.497,0.686,0.000,22.497,0.000,0.000,0.000,0.000,0.000,0.000,0.000,0.000
7272,2540.779,29.371,22.675,0.688,0.000,22.675,0.000,0.000,0.000,0.000,0.000,0.000,0.000,0.000
7273,2541.249,38.630,22.853,0.690,0.000,22.853,0.000,0.000,0.000,0.000,0.000,0.000,0.000,0.000
7274,2541.719,26.852,23.032,0.692,0.000,23.031,0.000,0.000,0.000,0.000,0.000,0.000,0.000,0.000
7275,2542.190,36.334,23.211,0.694,0.000,23.211,0.000,0.000,0.000,0.000,0.000,0.000,0.000,0.000
7276,2542.660,22.926,23.391,0.696,0.000,23.390,0.000,0.000,0.000,0.000,0.000,0.000,0.000,0.000
7277,2543.131,27.149,23.571,0.698,0.000,23.570,0.000,0.000,0.000,0.000,0.000,0.000,0.000,0.000
7278,2543.601,34.630,23.751,0.700,0.000,23.751,0.000,0.000,0.000,0.000,0.000,0.000,0.000,0.000
7279,2544.072,19.926,23.932,0.701,0.000,23.932,0.000,0.000,0.000,0.000,0.000,0.000,0.000,0.000
7280,2544.543,39.778,24.114,0.703,0.000,24.113,0.000,0.000,0.000,0.000,0.000,0.000,0.000,0.000
7281,2545.014,27.778,24.296,0.705,0.000,24.295,0.000,0.000,0.000,0.000,0.000,0.000,0.000,0.000
7282,2545.485,32.704,24.478,0.707,0.000,24.477,0.000,0.000,0.000,0.000,0.000,0.000,0.000,0.000
7283,2545.957,28.186,24.660,0.709,0.000,24.660,0.000,0.000,0.000,0.000,0.000,0.000,0.000,0.000
7284,2546.428,34.704,24.843,0.711,0.000,24.843,0.000,0.000,0.000,0.000,0.000,0.000,0.000,0.000
7285,2546.899,40.852,25.026,0.713,0.000,25.026,0.000,0.000,0.000,0.000,0.000,0.000,0.000,0.000
7286,2547.371,20.556,25.210,0.715,0.000,25.209,0.000,0.000,0.000,0.000,0.000,0.000,0.000,0.000
7287,2547.843,40.149,25.393,0.717,0.000,25.393,0.000,0.000,0.000,0.000,0.000,0.000,0.000,0.000
7288,2548.314,29.371,25.577,0.718,0.000,25.577,0.000,0.000,0.000,0.000,0.000,0.000,0.000,0.000
7289,2548.786,18.556,25.761,0.720,0.000,25.761,0.000,0.000,0.000,0.000,0.000,0.000,0.000,0.000
7290,2549.258,29.964,25.946,0.722,0.000,25.945,0.000,0.000,0.000,0.000,0.000,0.000,0.000,0.000
7291,2549.730,27.297,26.130,0.724,0.000,26.130,0.000,0.000,0.000,0.000,0.000,0.000,0.000,0.000
7292,2550.203,26.482,26.315,0.726,0.000,26.315,0.000,0.000,0.000,0.000,0.000,0.000,0.000,0.000
7293,2550.675,28.297,26.500,0.728,0.000,26.499,0.000,0.000,0.000,0.000,0.000,0.000,0.000,0.000
7294,2551.148,29.704,26.685,0.730,0.000,26.684,0.000,0.000,0.000,0.000,0.000,0.000,0.000,0.000
7295,2551.620,16.630,26.870,0.732,0.000,26.869,0.000,0.000,0.000,0.000,0.000,0.000,0.000,0.000
7296,2552.093,39.593,27.055,0.734,0.000,27.054,0.000,0.000,0.000,0.000,0.000,0.000,0.000,0.000
7297,2552.566,40.001,27.240,0.735,0.000,27.239,0.000,0.000,0.000,0.000,0.000,0.000,0.000,0.000
7298,2553.039,33.890,27.425,0.737,0.000,27.424,0.000,0.000,0.000,0.000,0.000,0.000,0.000,0.000
7299,2553.512,37.371,27.610,0.739,0.000,27.609,0.000,0.000,0.000,0.000,0.000,0.000,0.000,0.000
7300,2553.985,32.223,27.795,0.741,0.000,27.794,0.000,0.000,0.000,0.000,0.000,0.000,0.000,0.000
7301,2554.458,25.408,27.980,0.743,0.000,27.979,0.000,0.000,0.000,0.000,0.000,0.000,0.000,0.000
7302,2554.931,25.852,28.164,0.745,0.000,28.164,0.000,0.000,0.000,0.000,0.000,0.000,0.000,0.000
7303,2555.405,39.334,28.349,0.747,0.000,28.349,0.000,0.000,0.000,0.000,0.000,0.000,0.000,0.000
7304,2555.878,29.112,28.534,0.749,0.000,28.533,0.000,0.000,0.000,0.000,0.000,0.000,0.000,0.000
7305,2556.352,37.112,28.718,0.751,0.000,28.718,0.000,0.000,0.000,0.000,0.000,0.000,0.000,0.000
7306,2556.826,30.556,28.903,0.752,0.000,28.902,0.000,0.000,0.000,0.000,0.000,0.000,0.000,0.000
7307,2557.300,33.556,29.087,0.754,0.000,29.086,0.000,0.000,0.000,0.000,0.000,0.000,0.000,0.000
7308,2557.774,42.852,29.270,0.756,0.000,29.270,0.000,0.000,0.000,0.000,0.000,0.000,0.000,0.000
7309,2558.248,19.075,29.454,0.758,0.000,29.454,0.000,0.000,0.000,0.000,0.000,0.000,0.000,0.000
7310,2558.722,40.926,29.637,0.760,0.000,29.637,0.000,0.000,0.000,0.000,0.000,0.000,0.000,0.000
7311,2559.197,32.371,29.820,0.762,0.000,29.820,0.000,0.000,0.000,0.000,0.000,0.000,0.000,0.000
7312,2559.671,26.482,30.003,0.764,0.000,30.003,0.000,0.000,0.000,0.000,0.000,0.000,0.000,0.000
7313,2560.146,30.926,30.185,0.766,0.000,30.185,0.000,0.000,0.000,0.000,0.000,0.000,0.000,0.000
7314,2560.620,31.556,30.367,0.767,0.000,30.367,0.000,0.000,0.000,0.000,0.000,0.000,0.000,0.000
7315,2561.095,24.890,30.549,0.769,0.000,30.548,0.000,0.000,0.000,0.000,0.000,0.000,0.000,0.000
7316,2561.570,35.334,30.730,0.771,0.000,30.729,0.000,0.000,0.000,0.000,0.000,0.000,0.000,0.000
7317,2562.045,37.112,30.910,0.773,0.000,30.910,0.000,0.000,0.000,0.000,0.000,0.000,0.000,0.000
7318,2562.520,33.778,31.090,0.775,0.000,31.090,0.000,0.000,0.000,0.000,0.000,0.000,0.000,0.000
7319,2562.996,44.001,31.270,0.777,0.000,31.270,0.000,0.000,0.000,0.000,0.000,0.000,0.000,0.000
7320,2563.471,38.964,31.449,0.779,0.000,31.449,0.000,0.000,0.000,0.000,0.000,0.000,0.000,0.000
7321,2563.946,29.890,31.628,0.781,0.000,31.627,0.000,0.000,0.000,0.000,0.000,0.000,0.000,0.000
7322,2564.422,37.186,31.806,0.783,0.000,31.805,0.000,0.000,0.000,0.000,0.000,0.000,0.000,0.000
7323,2564.898,37.371,31.983,0.784,0.000,31.982,0.000,0.000,0.000,0.000,0.000,0.000,0.000,0.000
7324,2565.374,32.926,32.160,0.786,0.000,32.159,0.000,0.000,0.000,0.000,0.000,0.000,0.000,0.000
7325,2565.850,23.445,32.336,0.788,0.000,32.335,0.000,0.000,0.000,0.000,0.000,0.000,0.000,0.000
7326,2566.326,23.630,32.511,0.790,0.000,32.510,0.000,0.000,0.000,0.000,0.000,0.000,0.000,0.000
7327,2566.802,34.852,32.685,0.792,0.000,32.685,0.000,0.000,0.000,0.000,0.000,0.000,0.000,0.000
7328,2567.278,32.594,32.859,0.794,0.000,32.859,0.000,0.000,0.000,0.000,0.000,0.000,0.000,0.000
7329,2567.754,36.816,33.032,0.796,0.000,33.032,0.000,0.000,0.000,0.000,0.000,0.000,0.000,0.000
7330,2568.231,29.742,33.205,0.798,0.000,33.204,0.000,0.000,0.000,0.000,0.000,0.000,0.000,0.000
7331,2568.708,39.926,33.376,0.800,0.000,33.376,0.000,0.000,0.000,0.000,0.000,0.000,0.000,0.000
7332,2569.184,35.112,33.547,0.801,0.000,33.546,0.000,0.000,0.000,0.000,0.000,0.000,0.000,0.000
7333,2569.661,52.186,33.716,0.803,0.000,33.716,0.000,0.000,0.000,0.000,0.000,0.000,0.000,0.000
7334,2570.138,40.556,33.885,0.805,0.000,33.885,0.000,0.000,0.000,0.000,0.000,0.000,0.000,0.000
7335,2570.615,34.890,34.053,0.807,0.000,34.052,0.000,0.000,0.000,0.000,0.000,0.000,0.000,0.000
7336,2571.092,28.964,34.220,0.809,0.000,34.219,0.000,0.000,0.000,0.000,0.000,0.000,0.000,0.000
7337,2571.570,45.186,34.386,0.811,0.000,34.385,0.000,0.000,0.000,0.000,0.000,0.000,0.000,0.000
7338,2572.047,39.186,34.551,0.813,0.000,34.550,0.000,0.000,0.000,0.000,0.000,0.000,0.000,0.000
7339,2572.525,34.704,34.714,0.815,0.000,34.714,0.000,0.000,0.000,0.000,0.000,0.000,0.000,0.000
7340,2573.002,38.630,34.877,0.817,0.000,34.877,0.000,0.000,0.000,0.000,0.000,0.000,0.000,0.000
7341,2573.480,59.186,35.039,0.818,0.000,35.039,0.000,0.000,0.000,0.000,0.000,0.000,0.000,0.000
7342,2573.958,36.742,35.200,0.820,0.000,35.199,0.000,0.000,0.000,0.000,0.000,0.000,0.000,0.000
7343,2574.436,38.556,35.359,0.822,0.000,35.359,0.000,0.000,0.000,0.000,0.000,0.000,0.000,0.000
7344,2574.914,40.482,35.517,0.824,0.000,35.517,0.000,0.000,0.000,0.000,0.000,0.000,0.000,0.000
7345,2575.392,44.445,35.674,0.826,0.000,35.674,0.000,0.000,0.000,0.000,0.000,0.000,0.000,0.000
7346,2575.871,43.038,35.830,0.828,0.000,35.830,0.000,0.001,0.000,0.000,0.000,0.000,0.000,0.000
7347,2576.349,38.334,35.985,0.830,0.000,35.984,0.000,0.001,0.000,0.000,0.000,0.000,0.000,0.000
7348,2576.828,51.260,36.138,0.832,0.000,36.138,0.000,0.001,0.000,0.000,0.000,0.000,0.000,0.000
7349,2577.306,36.742,36.290,0.833,0.000,36.290,0.000,0.001,0.000,0.000,0.000,0.000,0.000,0.000
7350,2577.785,41.112,36.441,0.835,0.000,36.441,0.000,0.001,0.000,0.000,0.000,0.000,0.000,0.000
7351,2578.264,42.852,36.591,0.837,0.000,36.590,0.000,0.001,0.000,0.000,0.000,0.000,0.000,0.000
7352,2578.743,38.482,36.739,0.839,0.000,36.738,0.000,0.001,0.000,0.000,0.000,0.000,0.000,0.000
7353,2579.222,46.334,36.885,0.841,0.000,36.885,0.000,0.001,0.000,0.000,0.000,0.000,0.000,0.000
7354,2579.701,37.371,37.031,0.843,0.000,37.030,0.000,0.001,0.000,0.000,0.000,0.000,0.000,0.000
7355,2580.181,32.816,37.174,0.845,0.000,37.174,0.000,0.001,0.000,0.000,0.000,0.000,0.000,0.000
7356,2580.660,43.594,37.317,0.847,0.000,37.316,0.000,0.001,0.000,0.000,0.000,0.000,0.000,0.000
7357,2581.140,35.816,37.457,0.849,0.000,37.457,0.000,0.001,0.000,0.000,0.000,0.000,0.000,0.000
7358,2581.619,34.556,37.597,0.850,0.000,37.596,0.000,0.001,0.000,0.000,0.000,0.000,0.000,0.000
7359,2582.099,41.630,37.735,0.852,0.000,37.734,0.000,0.001,0.000,0.000,0.000,0.000,0.000,0.000
7360,2582.579,30.964,37.871,0.854,0.000,37.870,0.000,0.001,0.000,0.000,0.000,0.000,0.000,0.000
7361,2583.059,40.742,38.005,0.856,0.000,38.005,0.000,0.001,0.000,0.000,0.000,0.000,0.000,0.000
7362,2583.539,41.186,38.138,0.858,0.000,38.138,0.000,0.001,0.000,0.000,0.000,0.000,0.000,0.000
7363,2584.020,36.482,38.270,0.860,0.000,38.269,0.000,0.001,0.000,0.000,0.000,0.000,0.000,0.000
7364,2584.500,34.482,38.400,0.862,0.000,38.399,0.000,0.001,0.000,0.000,0.000,0.000,0.000,0.000
7365,2584.981,47.445,38.528,0.864,0.000,38.527,0.000,0.001,0.000,0.000,0.000,0.000,0.000,0.000
7366,2585.461,48.482,38.654,0.866,0.000,38.654,0.000,0.001,0.000,0.000,0.000,0.000,0.000,0.000
7367,2585.942,36.408,38.779,0.867,0.000,38.778,0.000,0.001,0.000,0.000,0.000,0.000,0.000,0.000
7368,2586.423,47.186,38.902,0.869,0.000,38.901,0.000,0.001,0.000,0.000,0.000,0.000,0.000,0.000
7369,2586.904,41.260,39.023,0.871,0.000,39.022,0.000,0.001,0.000,0.000,0.000,0.000,0.000,0.000
7370,2587.385,44.890,39.142,0.873,0.000,39.142,0.000,0.001,0.000,0.000,0.000,0.000,0.000,0.000
7371,2587.866,43.816,39.260,0.875,0.000,39.259,0.000,0.001,0.000,0.000,0.000,0.000,0.000,0.000
7372,2588.347,42.964,39.376,0.877,0.000,39.375,0.000,0.001,0.000,0.000,0.000,0.000,0.000,0.000
7373,2588.829,57.186,39.490,0.879,0.000,39.489,0.000,0.001,0.000,0.000,0.000,0.000,0.000,0.000
7374,2589.310,37.408,39.602,0.881,0.000,39.601,0.000,0.001,0.000,0.000,0.000,0.000,0.000,0.000
7375,2589.792,35.260,39.712,0.883,0.000,39.711,0.000,0.001,0.000,0.000,0.000,0.000,0.000,0.000
7376,2590.274,32.445,39.820,0.884,0.000,39.819,0.000,0.001,0.000,0.000,0.000,0.000,0.000,0.000
7377,2590.756,48.482,39.926,0.886,0.000,39.926,0.000,0.001,0.000,0.000,0.000,0.000,0.000,0.000
7378,2591.238,46.260,40.031,0.888,0.000,40.030,0.000,0.001,0.000,0.000,0.000,0.000,0.000,0.000
7379,2591.720,43.482,40.133,0.890,0.000,40.133,0.000,0.001,0.000,0.000,0.000,0.000,0.000,0.000
7380,2592.202,56.482,40.234,0.892,0.000,40.233,0.000,0.001,0.000,0.000,0.000,0.000,0.000,0.000
7381,2592.684,52.668,40.332,0.894,0.000,40.332,0.000,0.001,0.000,0.000,0.000,0.000,0.000,0.000
7382,2593.167,50.112,40.428,0.896,0.000,40.428,0.000,0.001,0.000,0.000,0.000,0.000,0.000,0.000
7383,2593.649,52.668,40.523,0.898,0.000,40.522,0.000,0.001,0.000,0.000,0.000,0.000,0.000,0.000
7384,2594.132,47.668,40.615,0.899,0.000,40.615,0.000,0.001,0.000,0.000,0.000,0.000,0.000,0.000
7385,2594.615,39.926,40.706,0.901,0.000,40.705,0.000,0.001,0.000,0.000,0.000,0.000,0.000,0.000
7386,2595.098,33.630,40.794,0.903,0.000,40.793,0.000,0.001,0.000,0.000,0.000,0.000,0.000,0.000
7387,2595.581,40.890,40.880,0.905,0.000,40.879,0.000,0.001,0.000,0.000,0.000,0.000,0.000,0.000
7388,2596.064,47.816,40.964,0.907,0.000,40.963,0.000,0.001,0.000,0.000,0.000,0.000,0.000,0.000
7389,2596.547,49.890,41.046,0.909,0.000,41.045,0.000,0.001,0.000,0.000,0.000,0.000,0.000,0.000
7390,2597.031,44.926,41.126,0.911,0.000,41.125,0.000,0.001,0.000,0.000,0.000,0.000,0.000,0.000
7391,2597.514,52.408,41.203,0.913,0.000,41.203,0.000,0.001,0.000,0.000,0.000,0.000,0.000,0.000
7392,2597.998,68.482,41.279,0.915,0.000,41.278,0.000,0.001,0.000,0.000,0.000,0.000,0.000,0.000
7393,2598.482,40.482,41.352,0.916,0.000,41.351,0.000,0.001,0.000,0.000,0.000,0.000,0.000,0.000
7394,2598.966,47.408,41.423,0.918,0.000,41.422,0.000,0.001,0.000,0.000,0.000,0.000,0.000,0.000
7395,2599.450,50.408,41.492,0.920,0.000,41.491,0.000,0.001,0.000,0.000,0.000,0.000,0.000,0.000
7396,2599.934,37.001,41.558,0.922,0.000,41.558,0.000,0.001,0.000,0.000,0.000,0.000,0.000,0.000
7397,2600.418,43.482,41.623,0.924,0.000,41.622,0.000,0.001,0.000,0.000,0.000,0.000,0.000,0.000
7398,2600.902,52.742,41.685,0.926,0.000,41.684,0.000,0.001,0.000,0.000,0.000,0.000,0.000,0.000
7399,2601.387,52.371,41.744,0.928,0.000,41.744,0.000,0.001,0.000,0.000,0.000,0.000,0.000,0.000
7400,2601.871,52.408,41.802,0.930,0.000,41.802,0.000,0.001,0.000,0.000,0.000,0.000,0.000,0.000
7401,2602.356,56.334,41.857,0.932,0.000,41.857,0.000,0.001,0.000,0.000,0.000,0.000,0.000,0.000
7402,2602.841,43.408,41.910,0.933,0.000,41.910,0.000,0.001,0.000,0.000,0.000,0.000,0.000,0.000
7403,2603.326,57.371,41.961,0.935,0.000,41.960,0.000,0.001,0.000,0.000,0.000,0.000,0.000,0.000
7404,2603.811,49.890,42.009,0.937,0.000,42.009,0.000,0.001,0.000,0.000,0.000,0.000,0.000,0.000
7405,2604.296,40.186,42.055,0.939,0.000,42.055,0.000,0.001,0.000,0.000,0.000,0.000,0.000,0.000
7406,2604.781,48.964,42.099,0.941,0.000,42.099,0.000,0.001,0.000,0.000,0.000,0.000,0.000,0.000
7407,2605.266,47.890,42.141,0.943,0.000,42.140,0.000,0.001,0.000,0.000,0.000,0.000,0.000,0.000
7408,2605.752,46.186,42.180,0.945,0.000,42.179,0.000,0.001,0.000,0.000,0.000,0.000,0.000,0.000
7409,2606.238,42.408,42.216,0.947,0.000,42.216,0.000,0.001,0.000,0.000,0.000,0.000,0.000,0.000
7410,2606.723,45.149,42.251,0.949,0.000,42.250,0.000,0.001,0.000,0.000,0.000,0.000,0.000,0.000
7411,2607.209,55.630,42.283,0.950,0.000,42.282,0.000,0.001,0.000,0.000,0.000,0.000,0.000,0.000
7412,2607.695,39.260,42.312,0.952,0.000,42.312,0.000,0.001,0.000,0.000,0.000,0.000,0.000,0.000
7413,2608.181,44.926,42.339,0.954,0.000,42.339,0.000,0.001,0.000,0.000,0.000,0.000,0.000,0.000
7414,2608.667,49.260,42.364,0.956,0.000,42.364,0.000,0.001,0.000,0.000,0.000,0.000,0.000,0.000
7415,2609.154,53.630,42.387,0.958,0.000,42.386,0.000,0.001,0.000,0.000,0.000,0.000,0.000,0.000
7416,2609.640,55.334,42.407,0.960,0.000,42.406,0.000,0.001,0.000,0.000,0.000,0.000,0.000,0.000
7417,2610.127,40.186,42.424,0.962,0.000,42.424,0.000,0.001,0.000,0.000,0.000,0.000,0.000,0.000
7418,2610.613,42.112,42.440,0.964,0.000,42.439,0.000,0.001,0.000,0.000,0.000,0.000,0.000,0.000
7419,2611.100,37.964,42.452,0.965,0.000,42.452,0.000,0.001,0.000,0.000,0.000,0.000,0.000,0.000
7420,2611.587,56.334,42.463,0.967,0.000,42.462,0.000,0.001,0.000,0.000,0.000,0.000,0.000,0.000
7421,2612.074,40.482,42.471,0.969,0.000,42.470,0.000,0.001,0.000,0.000,0.000,0.000,0.000,0.000
7422,2612.561,44.445,42.476,0.971,0.000,42.476,0.000,0.001,0.000,0.000,0.000,0.000,0.000,0.000
7423,2613.049,44.260,42.480,0.973,0.000,42.479,0.000,0.001,0.000,0.000,0.000,0.000,0.000,0.000
7424,2613.536,51.704,42.480,0.975,0.000,42.480,0.000,0.001,0.000,0.000,0.000,0.000,0.000,0.000
7425,2614.023,44.816,42.479,0.977,0.000,42.478,0.000,0.001,0.000,0.000,0.000,0.000,0.000,0.000
7426,2614.511,58.594,42.475,0.979,0.000,42.474,0.000,0.001,0.000,0.000,0.000,0.000,0.000,0.000
7427,2614.999,38.704,42.468,0.981,0.000,42.468,0.000,0.001,0.000,0.000,0.000,0.000,0.000,0.000
7428,2615.487,61.334,42.459,0.982,0.000,42.459,0.000,0.001,0.000,0.000,0.000,0.000,0.000,0.000
7429,2615.975,49.186,42.448,0.984,0.000,42.447,0.000,0.001,0.000,0.000,0.000,0.000,0.000,0.000
7430,2616.463,56.297,42.434,0.986,0.000,42.434,0.000,0.001,0.000,0.000,0.000,0.000,0.000,0.000
7431,2616.951,51.742,42.418,0.988,0.000,42.417,0.000,0.001,0.000,0.000,0.000,0.000,0.000,0.000
7432,2617.439,42.038,42.399,0.990,0.000,42.399,0.000,0.001,0.000,0.000,0.000,0.000,0.000,0.000
7433,2617.928,43.260,42.378,0.992,0.000,42.378,0.000,0.001,0.000,0.000,0.000,0.000,0.000,0.000
7434,2618.416,57.852,42.355,0.994,0.000,42.355,0.000,0.001,0.000,0.000,0.000,0.000,0.000,0.000
7435,2618.905,36.186,42.329,0.996,0.000,42.329,0.000,0.001,0.000,0.000,0.000,0.000,0.000,0.000
7436,2619.394,44.519,42.301,0.998,0.000,42.301,0.000,0.001,0.000,0.000,0.000,0.000,0.000,0.000
7437,2619.883,47.186,42.271,0.999,0.000,42.270,0.000,0.001,0.000,0.000,0.000,0.000,0.000,0.000
7438,2620.372,55.704,42.238,1.001,0.000,42.237,0.000,0.001,0.000,0.000,0.000,0.000,0.000,0.000
7439,2620.861,59.630,42.202,1.003,0.000,42.202,0.000,0.001,0.000,0.000,0.000,0.000,0.000,0.000
7440,2621.350,39.926,42.165,1.005,0.000,42.164,0.000,0.001,0.000,0.000,0.000,0.000,0.000,0.000
7441,2621.840,40.630,42.125,1.007,0.000,42.124,0.000,0.001,0.000,0.000,0.000,0.000,0.000,0.000
7442,2622.329,44.223,42.082,1.009,0.000,42.082,0.000,0.001,0.000,0.000,0.000,0.000,0.000,0.000
7443,2622.819,53.038,42.037,1.011,0.000,42.037,0.000,0.001,0.000,0.000,0.000,0.000,0.000,0.000
7444,2623.309,64.001,41.990,1.013,0.000,41.990,0.000,0.001,0.000,0.000,0.000,0.000,0.000,0.000
7445,2623.799,48.704,41.941,1.015,0.000,41.940,0.000,0.001,0.000,0.000,0.000,0.000,0.000,0.000
7446,2624.289,53.334,41.889,1.016,0.000,41.888,0.000,0.001,0.000,0.000,0.000,0.000,0.000,0.000
7447,2624.779,50.704,41.835,1.018,0.000,41.834,0.000,0.001,0.000,0.000,0.000,0.000,0.000,0.000
7448,2625.269,49.594,41.778,1.020,0.000,41.778,0.000,0.001,0.000,0.000,0.000,0.000,0.000,0.000
7449,2625.759,48.519,41.720,1.022,0.000,41.719,0.000,0.001,0.000,0.000,0.000,0.000,0.000,0.000
7450,2626.250,44.334,41.659,1.024,0.000,41.658,0.000,0.001,0.000,0.000,0.000,0.000,0.000,0.000
7451,2626.740,61.556,41.595,1.026,0.000,41.595,0.000,0.001,0.000,0.000,0.000,0.000,0.000,0.000
7452,2627.231,49.594,41.530,1.028,0.000,41.529,0.000,0.001,0.000,0.000,0.000,0.000,0.000,0.000
7453,2627.722,60.149,41.462,1.030,0.000,41.461,0.000,0.001,0.000,0.000,0.000,0.000,0.000,0.000
7454,2628.213,49.630,41.392,1.031,0.000,41.391,0.000,0.001,0.000,0.000,0.000,0.000,0.000,0.000
7455,2628.704,43.778,41.319,1.033,0.000,41.319,0.000,0.001,0.000,0.000,0.000,0.000,0.000,0.000
7456,2629.195,48.852,41.245,1.035,0.000,41.244,0.000,0.001,0.000,0.000,0.000,0.000,0.000,0.000
7457,2629.686,49.816,41.168,1.037,0.000,41.168,0.000,0.001,0.000,0.000,0.000,0.000,0.000,0.000
7458,2630.178,46.852,41.089,1.039,0.000,41.089,0.000,0.000,0.000,0.000,0.000,0.000,0.000,0.000
7459,2630.669,41.112,41.008,1.041,0.000,41.008,0.000,0.000,0.000,0.000,0.000,0.000,0.000,0.000
7460,2631.161,43.112,40.925,1.043,0.000,40.924,0.000,0.000,0.000,0.000,0.000,0.000,0.000,0.000
7461,2631.653,56.445,40.839,1.045,0.000,40.839,0.000,0.000,0.000,0.000,0.000,0.000,0.000,0.000
7462,2632.145,48.926,40.752,1.047,0.000,40.751,0.000,0.000,0.000,0.000,0.000,0.000,0.000,0.000
7463,2632.637,34.112,40.662,1.048,0.000,40.661,0.000,0.000,0.000,0.000,0.000,0.000,0.000,0.000
7464,2633.129,50.186,40.570,1.050,0.000,40.570,0.000,0.000,0.000,0.000,0.000,0.000,0.000,0.000
7465,2633.621,48.704,40.476,1.052,0.000,40.476,0.000,0.000,0.000,0.000,0.000,0.000,0.000,0.000
7466,2634.114,37.260,40.380,1.054,0.000,40.380,0.000,0.000,0.000,0.000,0.000,0.000,0.000,0.000
7467,2634.606,32.408,40.282,1.056,0.000,40.281,0.000,0.000,0.000,0.000,0.000,0.000,0.000,0.000
7468,2635.099,42.630,40.182,1.058,0.000,40.181,0.000,0.000,0.000,0.000,0.000,0.000,0.000,0.000
7469,2635.592,32.519,40.080,1.060,0.000,40.079,0.000,0.000,0.000,0.000,0.000,0.000,0.000,0.000
7470,2636.084,36.149,39.975,1.062,0.000,39.975,0.000,0.000,0.000,0.000,0.000,0.000,0.000,0.000
7471,2636.577,42.742,39.869,1.064,0.000,39.869,0.000,0.000,0.000,0.000,0.000,0.000,0.000,0.000
7472,2637.071,45.630,39.761,1.065,0.000,39.761,0.000,0.000,0.000,0.000,0.000,0.000,0.000,0.000
7473,2637.564,49.334,39.651,1.067,0.000,39.651,0.000,0.000,0.000,0.000,0.000,0.000,0.000,0.000
7474,2638.057,50.408,39.539,1.069,0.000,39.538,0.000,0.000,0.000,0.000,0.000,0.000,0.000,0.000
7475,2638.551,60.815,39.425,1.071,0.000,39.425,0.000,0.000,0.000,0.000,0.000,0.000,0.000,0.000
7476,2639.044,41.926,39.309,1.073,0.000,39.309,0.000,0.000,0.000,0.000,0.000,0.000,0.000,0.000
7477,2639.538,36.630,39.191,1.075,0.000,39.191,0.000,0.000,0.000,0.000,0.000,0.000,0.000,0.000
7478,2640.032,54.297,39.072,1.077,0.000,39.071,0.000,0.000,0.000,0.000,0.000,0.000,0.000,0.000
7479,2640.526,50.852,38.950,1.079,0.000,38.950,0.000,0.000,0.000,0.000,0.000,0.000,0.000,0.000
7480,2641.020,44.186,38.827,1.081,0.000,38.827,0.000,0.000,0.000,0.000,0.000,0.000,0.000,0.000
7481,2641.514,34.594,38.702,1.082,0.000,38.701,0.000,0.000,0.000,0.000,0.000,0.000,0.000,0.000
7482,2642.009,50.519,38.575,1.084,0.000,38.575,0.000,0.000,0.000,0.000,0.000,0.000,0.000,0.000
7483,2642.503,38.334,38.446,1.086,0.000,38.446,0.000,0.000,0.000,0.000,0.000,0.000,0.000,0.000
7484,2642.998,46.223,38.316,1.088,0.000,38.316,0.000,0.000,0.000,0.000,0.000,0.000,0.000,0.000
7485,2643.492,48.408,38.184,1.090,0.000,38.184,0.000,0.000,0.000,0.000,0.000,0.000,0.000,0.000
7486,2643.987,34.926,38.050,1.092,0.000,38.050,0.000,0.000,0.000,0.000,0.000,0.000,0.000,0.000
7487,2644.482,50.001,37.915,1.094,0.000,37.914,0.000,0.000,0.000,0.000,0.000,0.000,0.000,0.000
7488,2644.977,54.482,37.778,1.096,0.000,37.777,0.000,0.000,0.000,0.000,0.000,0.000,0.000,0.000
7489,2645.472,30.186,37.639,1.097,0.000,37.638,0.000,0.000,0.000,0.000,0.000,0.000,0.000,0.000
7490,2645.968,38.778,37.499,1.099,0.000,37.498,0.000,0.000,0.000,0.000,0.000,0.000,0.000,0.000
7491,2646.463,51.704,37.357,1.101,0.000,37.356,0.000,0.000,0.000,0.000,0.000,0.000,0.000,0.000
7492,2646.959,46.778,37.213,1.103,0.000,37.213,0.000,0.000,0.000,0.000,0.000,0.000,0.000,0.000
7493,2647.454,52.297,37.068,1.105,0.000,37.068,0.000,0.000,0.000,0.000,0.000,0.000,0.000,0.000
7494,2647.950,47.482,36.922,1.107,0.000,36.921,0.000,0.000,0.000,0.000,0.000,0.000,0.000,0.000
7495,2648.446,46.852,36.774,1.109,0.000,36.773,0.000,0.000,0.000,0.000,0.000,0.000,0.000,0.000
7496,2648.942,36.667,36.624,1.111,0.000,36.624,0.000,0.000,0.000,0.000,0.000,0.000,0.000,0.000
7497,2649.438,44.778,36.473,1.113,0.000,36.473,0.000,0.000,0.000,0.000,0.000,0.000,0.000,0.000
7498,2649.934,33.816,36.321,1.114,0.000,36.320,0.000,0.000,0.000,0.000,0.000,0.000,0.000,0.000
7499,2650.431,36.704,36.167,1.116,0.000,36.167,0.000,0.000,0.000,0.000,0.000,0.000,0.000,0.000
7500,2650.927,52.334,36.012,1.118,0.000,36.011,0.000,0.000,0.000,0.000,0.000,0.000,0.000,0.000
7501,2651.424,41.556,35.855,1.120,0.000,35.855,0.000,0.000,0.000,0.000,0.000,0.000,0.000,0.000
7502,2651.921,36.704,35.698,1.122,0.000,35.697,0.000,0.000,0.000,0.000,0.000,0.000,0.000,0.000
7503,2652.418,38.593,35.539,1.124,0.000,35.538,0.000,0.000,0.000,0.000,0.000,0.000,0.000,0.000
7504,2652.915,45.001,35.378,1.126,0.000,35.378,0.000,0.000,0.000,0.000,0.000,0.000,0.000,0.000
7505,2653.412,50.926,35.217,1.128,0.000,35.216,0.000,0.000,0.000,0.000,0.000,0.000,0.000,0.000
7506,2653.909,40.001,35.054,1.130,0.000,35.053,0.000,0.000,0.000,0.000,0.000,0.000,0.000,0.000
7507,2654.406,45.297,34.890,1.131,0.000,34.889,0.000,0.000,0.000,0.000,0.000,0.000,0.000,0.000
7508,2654.904,28.223,34.725,1.133,0.000,34.724,0.000,0.000,0.000,0.000,0.000,0.000,0.000,0.000
7509,2655.402,32.926,34.558,1.135,0.000,34.558,0.000,0.000,0.000,0.000,0.000,0.000,0.000,0.000
7510,2655.899,34.630,34.391,1.137,0.000,34.390,0.000,0.000,0.000,0.000,0.000,0.000,0.000,0.000
7511,2656.397,29.926,34.222,1.139,0.000,34.222,0.000,0.000,0.000,0.000,0.000,0.000,0.000,0.000
7512,2656.895,45.519,34.053,1.141,0.000,34.052,0.000,0.000,0.000,0.000,0.000,0.000,0.000,0.000
7513,2657.393,33.704,33.882,1.143,0.000,33.881,0.000,0.000,0.000,0.000,0.000,0.000,0.000,0.000
7514,2657.892,29.741,33.710,1.145,0.000,33.710,0.000,0.000,0.000,0.000,0.000,0.000,0.000,0.000
7515,2658.390,42.815,33.537,1.147,0.000,33.537,0.000,0.000,0.000,0.000,0.000,0.000,0.000,0.000
7516,2658.888,43.223,33.364,1.148,0.000,33.363,0.000,0.000,0.000,0.000,0.000,0.000,0.000,0.000
7517,2659.387,36.704,33.189,1.150,0.000,33.189,0.000,0.000,0.000,0.000,0.000,0.000,0.000,0.000
7518,2659.886,33.223,33.014,1.152,0.000,33.013,0.000,0.000,0.000,0.000,0.000,0.000,0.000,0.000
7519,2660.385,35.075,32.837,1.154,0.000,32.837,0.000,0.000,0.000,0.000,0.000,0.000,0.000,0.000
7520,2660.884,39.926,32.660,1.156,0.000,32.660,0.000,0.000,0.000,0.000,0.000,0.000,0.000,0.000
7521,2661.383,37.630,32.482,1.158,0.000,32.482,0.000,0.000,0.000,0.000,0.000,0.000,0.000,0.000
7522,2661.882,36.149,32.303,1.160,0.000,32.303,0.000,0.000,0.000,0.000,0.000,0.000,0.000,0.000
7523,2662.381,47.223,32.123,1.162,0.000,32.123,0.000,0.000,0.000,0.000,0.000,0.000,0.000,0.000
7524,2662.881,27.075,31.943,1.163,0.000,31.943,0.000,0.000,0.000,0.000,0.000,0.000,0.000,0.000
7525,2663.380,31.149,31.762,1.165,0.000,31.761,0.000,0.000,0.000,0.000,0.000,0.000,0.000,0.000
7526,2663.880,28.519,31.580,1.167,0.000,31.580,0.000,0.000,0.000,0.000,0.000,0.000,0.000,0.000
7527,2664.380,36.445,31.397,1.169,0.000,31.397,0.000,0.000,0.000,0.000,0.000,0.000,0.000,0.000
7528,2664.880,34.075,31.214,1.171,0.000,31.214,0.000,0.000,0.000,0.000,0.000,0.000,0.000,0.000
7529,2665.380,35.445,31.030,1.173,0.000,31.030,0.000,0.000,0.000,0.000,0.000,0.000,0.000,0.000
7530,2665.880,46.149,30.846,1.175,0.000,30.846,0.000,0.000,0.000,0.000,0.000,0.000,0.000,0.000
7531,2666.381,32.297,30.661,1.177,0.000,30.661,0.000,0.000,0.000,0.000,0.000,0.000,0.000,0.000
7532,2666.881,32.519,30.475,1.179,0.000,30.475,0.000,0.000,0.000,0.000,0.000,0.000,0.000,0.000
7533,2667.382,25.149,30.289,1.180,0.000,30.289,0.000,0.000,0.000,0.000,0.000,0.000,0.000,0.000
7534,2667.882,24.445,30.103,1.182,0.000,30.102,0.000,0.000,0.000,0.000,0.000,0.000,0.000,0.000
7535,2668.383,26.223,29.916,1.184,0.000,29.915,0.000,0.000,0.000,0.000,0.000,0.000,0.000,0.000
7536,2668.884,37.778,29.728,1.186,0.000,29.728,0.000,0.000,0.000,0.000,0.000,0.000,0.000,0.000
7537,2669.385,36.593,29.540,1.188,0.000,29.540,0.000,0.000,0.000,0.000,0.000,0.000,0.000,0.000
7538,2669.887,38.741,29.352,1.190,0.000,29.351,0.000,0.000,0.000,0.000,0.000,0.000,0.000,0.000
7539,2670.388,32.371,29.163,1.192,0.000,29.163,0.000,0.000,0.000,0.000,0.000,0.000,0.000,0.000
7540,2670.889,33.297,28.974,1.194,0.000,28.974,0.000,0.000,0.000,0.000,0.000,0.000,0.000,0.000
7541,2671.391,42.519,28.785,1.196,0.000,28.784,0.000,0.000,0.000,0.000,0.000,0.000,0.000,0.000
7542,2671.893,30.186,28.595,1.197,0.000,28.595,0.000,0.000,0.000,0.000,0.000,0.000,0.000,0.000
7543,2672.394,26.741,28.405,1.199,0.000,28.405,0.000,0.000,0.000,0.000,0.000,0.000,0.000,0.000
7544,2672.896,34.371,28.215,1.201,0.000,28.214,0.000,0.000,0.000,0.000,0.000,0.000,0.000,0.000
7545,2673.399,27.185,28.024,1.203,0.000,28.024,0.000,0.000,0.000,0.000,0.000,0.000,0.000,0.000
7546,2673.901,29.667,27.834,1.205,0.000,27.833,0.000,0.000,0.000,0.000,0.000,0.000,0.000,0.000
7547,2674.403,35.889,27.643,1.207,0.000,27.642,0.000,0.000,0.000,0.000,0.000,0.000,0.000,0.000
7548,2674.906,27.185,27.452,1.209,0.000,27.452,0.000,0.000,0.000,0.000,0.000,0.000,0.000,0.000
7549,2675.408,26.815,27.261,1.211,0.000,27.260,0.000,0.000,0.000,0.000,0.000,0.000,0.000,0.000
7550,2675.911,31.075,27.070,1.213,0.000,27.069,0.000,0.000,0.000,0.000,0.000,0.000,0.000,0.000
7551,2676.414,30.371,26.878,1.214,0.000,26.878,0.000,0.000,0.000,0.000,0.000,0.000,0.000,0.000
7552,2676.917,34.889,26.687,1.216,0.000,26.687,0.000,0.000,0.000,0.000,0.000,0.000,0.000,0.000
7553,2677.420,30.223,26.496,1.218,0.000,26.495,0.000,0.000,0.000,0.000,0.000,0.000,0.000,0.000
7554,2677.923,33.185,26.304,1.220,0.000,26.304,0.000,0.000,0.000,0.000,0.000,0.000,0.000,0.000
7555,2678.426,25.852,26.113,1.222,0.000,26.112,0.000,0.000,0.000,0.000,0.000,0.000,0.000,0.000
7556,2678.930,29.815,25.921,1.224,0.000,25.921,0.000,0.000,0.000,0.000,0.000,0.000,0.000,0.000
7557,2679.433,34.223,25.730,1.226,0.000,25.730,0.000,0.000,0.000,0.000,0.000,0.000,0.000,0.000
7558,2679.937,30.223,25.539,1.228,0.000,25.539,0.000,0.000,0.000,0.000,0.000,0.000,0.000,0.000
7559,2680.441,23.519,25.348,1.229,0.000,25.348,0.000,0.000,0.000,0.000,0.000,0.000,0.000,0.000
7560,2680.945,30.815,25.157,1.231,0.000,25.157,0.000,0.000,0.000,0.000,0.000,0.000,0.000,0.000
7561,2681.449,30.111,24.966,1.233,0.000,24.966,0.000,0.000,0.000,0.000,0.000,0.000,0.000,0.000
7562,2681.953,28.815,24.775,1.235,0.000,24.775,0.000,0.000,0.000,0.000,0.000,0.000,0.000,0.000
7563,2682.457,20.815,24.585,1.237,0.000,24.585,0.000,0.000,0.000,0.000,0.000,0.000,0.000,0.000
7564,2682.962,28.297,24.395,1.239,0.000,24.394,0.000,0.000,0.000,0.000,0.000,0.000,0.000,0.000
7565,2683.467,29.334,24.205,1.241,0.000,24.204,0.000,0.000,0.000,0.000,0.000,0.000,0.000,0.000
7566,2683.971,34.815,24.015,1.243,0.000,24.015,0.000,0.000,0.000,0.000,0.000,0.000,0.000,0.000
7567,2684.476,23.963,23.825,1.245,0.000,23.825,0.000,0.000,0.000,0.000,0.000,0.000,0.000,0.000
7568,2684.981,22.297,23.636,1.246,0.000,23.636,0.000,0.000,0.000,0.000,0.000,0.000,0.000,0.000
7569,2685.486,41.593,23.447,1.248,0.000,23.447,0.000,0.000,0.000,0.000,0.000,0.000,0.000,0.000
7570,2685.991,30.963,23.259,1.250,0.000,23.258,0.000,0.000,0.000,0.000,0.000,0.000,0.000,0.000
7571,2686.497,26.741,23.070,1.252,0.000,23.070,0.000,0.000,0.000,0.000,0.000,0.000,0.000,0.000
7572,2687.002,21.408,22.883,1.254,0.000,22.882,0.000,0.000,0.000,0.000,0.000,0.000,0.000,0.000
7573,2687.508,33.593,22.695,1.256,0.000,22.695,0.000,0.000,0.000,0.000,0.000,0.000,0.000,0.000
7574,2688.014,33.741,22.508,1.258,0.000,22.508,0.000,0.000,0.000,0.000,0.000,0.000,0.000,0.000
7575,2688.519,24.889,22.321,1.260,0.000,22.321,0.000,0.000,0.000,0.000,0.000,0.000,0.000,0.000
7576,2689.025,26.185,22.135,1.262,0.000,22.135,0.000,0.000,0.000,0.000,0.000,0.000,0.000,0.000
7577,2689.532,27.037,21.950,1.263,0.000,21.949,0.000,0.000,0.000,0.000,0.000,0.000,0.000,0.000
7578,2690.038,16.667,21.764,1.265,0.000,21.764,0.000,0.000,0.000,0.000,0.000,0.000,0.000,0.000
7579,2690.544,18.334,21.580,1.267,0.000,21.579,0.000,0.000,0.000,0.000,0.000,0.000,0.000,0.000
7580,2691.051,26.815,21.395,1.269,0.000,21.395,0.000,0.000,0.000,0.000,0.000,0.000,0.000,0.000
7581,2691.557,23.889,21.212,1.271,0.000,21.212,0.000,0.000,0.000,0.000,0.000,0.000,0.000,0.000
7582,2692.064,25.185,21.029,1.273,0.000,21.028,0.000,0.000,0.000,0.000,0.000,0.000,0.000,0.000
7583,2692.571,24.741,20.846,1.275,0.000,20.846,0.000,0.000,0.000,0.000,0.000,0.000,0.000,0.000
7584,2693.078,22.111,20.664,1.277,0.000,20.664,0.000,0.000,0.000,0.000,0.000,0.000,0.000,0.000
7585,2693.585,31.111,20.483,1.279,0.000,20.483,0.000,0.000,0.000,0.000,0.000,0.000,0.000,0.000
7586,2694.092,29.519,20.302,1.280,0.000,20.302,0.000,0.000,0.000,0.000,0.000,0.000,0.000,0.000
7587,2694.600,23.037,20.122,1.282,0.000,20.122,0.000,0.000,0.000,0.000,0.000,0.000,0.000,0.000
7588,2695.107,23.963,19.943,1.284,0.000,19.942,0.000,0.000,0.000,0.000,0.000,0.000,0.000,0.000
7589,2695.615,23.741,19.764,1.286,0.000,19.764,0.000,0.000,0.000,0.000,0.000,0.000,0.000,0.000
7590,2696.122,22.185,19.586,1.288,0.000,19.585,0.000,0.000,0.000,0.000,0.000,0.000,0.000,0.000
7591,2696.630,21.667,19.408,1.290,0.000,19.408,0.000,0.000,0.000,0.000,0.000,0.000,0.000,0.000
7592,2697.138,26.667,19.232,1.292,0.000,19.231,0.000,0.000,0.000,0.000,0.000,0.000,0.000,0.000
7593,2697.646,27.704,19.056,1.294,0.000,19.055,0.000,0.000,0.000,0.000,0.000,0.000,0.000,0.000
7594,2698.155,14.741,18.880,1.295,0.000,18.880,0.000,0.000,0.000,0.000,0.000,0.000,0.000,0.000
7595,2698.663,17.334,18.706,1.297,0.000,18.706,0.000,0.000,0.000,0.000,0.000,0.000,0.000,0.000
7596,2699.172,15.741,18.532,1.299,0.000,18.532,0.000,0.000,0.000,0.000,0.000,0.000,0.000,0.000
7597,2699.680,25.334,18.359,1.301,0.000,18.359,0.000,0.000,0.000,0.000,0.000,0.000,0.000,0.000
7598,2700.189,22.741,18.187,1.303,0.000,18.187,0.000,0.000,0.000,0.000,0.000,0.000,0.000,0.000
7599,2700.698,25.815,18.016,1.305,0.000,18.015,0.000,0.000,0.000,0.000,0.000,0.000,0.000,0.000
7600,2701.207,26.482,17.845,1.307,0.000,17.845,0.000,0.000,0.000,0.000,0.000,0.000,0.000,0.000
7601,2701.716,24.815,17.675,1.309,0.000,17.675,0.000,0.000,0.000,0.000,0.000,0.000,0.000,0.000
7602,2702.225,14.889,17.507,1.311,0.000,17.506,0.000,0.000,0.000,0.000,0.000,0.000,0.000,0.000
7603,2702.735,15.963,17.339,1.312,0.000,17.338,0.000,0.000,0.000,0.000,0.000,0.000,0.000,0.000
7604,2703.244,23.185,17.171,1.314,0.000,17.171,0.000,0.000,0.000,0.000,0.000,0.000,0.000,0.000
7605,2703.754,22.111,17.005,1.316,0.000,17.005,0.000,0.000,0.000,0.000,0.000,0.000,0.000,0.000
7606,2704.264,24.334,16.840,1.318,0.000,16.840,0.000,0.000,0.000,0.000,0.000,0.000,0.000,0.000
7607,2704.774,23.185,16.675,1.320,0.000,16.675,0.000,0.000,0.000,0.000,0.000,0.000,0.000,0.000
7608,2705.284,16.889,16.512,1.322,0.000,16.511,0.000,0.000,0.000,0.000,0.000,0.000,0.000,0.000
7609,2705.794,16.630,16.349,1.324,0.000,16.349,0.000,0.000,0.000,0.000,0.000,0.000,0.000,0.000
7610,2706.304,19.408,16.187,1.326,0.000,16.187,0.000,0.000,0.000,0.000,0.000,0.000,0.000,0.000
7611,2706.815,20.482,16.026,1.328,0.000,16.026,0.000,0.000,0.000,0.000,0.000,0.000,0.000,0.000
7612,2707.325,18.408,15.866,1.329,0.000,15.866,0.000,0.000,0.000,0.000,0.000,0.000,0.000,0.000
7613,2707.836,20.445,15.708,1.331,0.000,15.707,0.000,0.000,0.000,0.000,0.000,0.000,0.000,0.000
7614,2708.347,14.037,15.550,1.333,0.000,15.549,0.000,0.000,0.000,0.000,0.000,0.000,0.000,0.000
7615,2708.858,24.111,15.393,1.335,0.000,15.392,0.000,0.000,0.000,0.000,0.000,0.000,0.000,0.000
7616,2709.369,22.889,15.237,1.337,0.000,15.236,0.000,0.000,0.000,0.000,0.000,0.000,0.000,0.000
7617,2709.880,28.704,15.081,1.339,0.000,15.081,0.000,0.000,0.000,0.000,0.000,0.000,0.000,0.000
7618,2710.392,20.259,14.927,1.341,0.000,14.927,0.000,0.000,0.000,0.000,0.000,0.000,0.000,0.000
7619,2710.903,22.111,14.774,1.343,0.000,14.774,0.000,0.000,0.000,0.000,0.000,0.000,0.000,0.000
7620,2711.415,16.630,14.622,1.345,0.000,14.622,0.000,0.000,0.000,0.000,0.000,0.000,0.000,0.000
7621,2711.926,13.334,14.471,1.346,0.000,14.471,0.000,0.000,0.000,0.000,0.000,0.000,0.000,0.000
7622,2712.438,14.259,14.321,1.348,0.000,14.321,0.000,0.000,0.000,0.000,0.000,0.000,0.000,0.000
7623,2712.950,13.408,14.172,1.350,0.000,14.172,0.000,0.000,0.000,0.000,0.000,0.000,0.000,0.000
7624,2713.462,21.408,14.024,1.352,0.000,14.024,0.000,0.000,0.000,0.000,0.000,0.000,0.000,0.000
7625,2713.975,12.630,13.877,1.354,0.000,13.877,0.000,0.000,0.000,0.000,0.000,0.000,0.000,0.000
7626,2714.487,11.593,13.731,1.356,0.000,13.731,0.000,0.000,0.000,0.000,0.000,0.000,0.000,0.000
7627,2714.999,21.259,13.587,1.358,0.000,13.587,0.000,0.000,0.000,0.000,0.000,0.000,0.000,0.000
7628,2715.512,14.630,13.443,1.360,0.000,13.443,0.000,0.000,0.000,0.000,0.000,0.000,0.000,0.000
7629,2716.025,13.482,13.300,1.361,0.000,13.300,0.000,0.000,0.000,0.000,0.000,0.000,0.000,0.000
7630,2716.538,20.704,13.158,1.363,0.000,13.158,0.000,0.000,0.000,0.000,0.000,0.000,0.000,0.000
7631,2717.051,15.556,13.018,1.365,0.000,13.018,0.000,0.000,0.000,0.000,0.000,0.000,0.000,0.000
7632,2717.564,19.259,12.878,1.367,0.000,12.878,0.000,0.000,0.000,0.000,0.000,0.000,0.000,0.000
7633,2718.077,16.111,12.740,1.369,0.000,12.740,0.000,0.000,0.000,0.000,0.000,0.000,0.000,0.000
7634,2718.591,14.185,12.603,1.371,0.000,12.602,0.000,0.000,0.000,0.000,0.000,0.000,0.000,0.000
7635,2719.104,6.556,12.466,1.373,0.000,12.466,0.000,0.000,0.000,0.000,0.000,0.000,0.000,0.000
7636,2719.618,14.704,12.331,1.375,0.000,12.331,0.000,0.000,0.000,0.000,0.000,0.000,0.000,0.000
7637,2720.132,12.963,12.197,1.377,0.000,12.197,0.000,0.000,0.000,0.000,0.000,0.000,0.000,0.000
7638,2720.646,13.630,12.064,1.378,0.000,12.064,0.000,0.000,0.000,0.000,0.000,0.000,0.000,0.000
7639,2721.160,18.556,11.932,1.380,0.000,11.932,0.000,0.000,0.000,0.000,0.000,0.000,0.000,0.000
7640,2721.674,14.704,11.801,1.382,0.000,11.801,0.000,0.000,0.000,0.000,0.000,0.000,0.000,0.000
7641,2722.188,16.037,11.671,1.384,0.000,11.671,0.000,0.000,0.000,0.000,0.000,0.000,0.000,0.000
7642,2722.703,4.408,11.543,1.386,0.000,11.542,0.000,0.000,0.000,0.000,0.000,0.000,0.000,0.000
7643,2723.217,9.482,11.415,1.388,0.000,11.415,0.000,0.000,0.000,0.000,0.000,0.000,0.000,0.000
7644,2723.732,12.408,11.289,1.390,0.000,11.288,0.000,0.000,0.000,0.000,0.000,0.000,0.000,0.000
7645,2724.247,16.556,11.163,1.392,0.000,11.163,0.000,0.000,0.000,0.000,0.000,0.000,0.000,0.000
7646,2724.762,15.037,11.039,1.394,0.000,11.039,0.000,0.000,0.000,0.000,0.000,0.000,0.000,0.000
7647,2725.277,15.482,10.916,1.395,0.000,10.916,0.000,0.000,0.000,0.000,0.000,0.000,0.000,0.000
7648,2725.792,14.185,10.794,1.397,0.000,10.794,0.000,0.000,0.000,0.000,0.000,0.000,0.000,0.000
7649,2726.307,19.408,10.673,1.399,0.000,10.673,0.000,0.000,0.000,0.000,0.000,0.000,0.000,0.000
7650,2726.823,11.185,10.553,1.401,0.000,10.553,0.000,0.000,0.000,0.000,0.000,0.000,0.000,0.000
7651,2727.338,9.482,10.434,1.403,0.000,10.434,0.000,0.000,0.000,0.000,0.000,0.000,0.000,0.000
7652,2727.854,9.408,10.317,1.405,0.000,10.316,0.000,0.000,0.000,0.000,0.000,0.000,0.000,0.000
7653,2728.370,8.111,10.200,1.407,0.000,10.200,0.000,0.000,0.000,0.000,0.000,0.000,0.000,0.000
7654,2728.886,12.408,10.085,1.409,0.000,10.084,0.000,0.000,0.000,0.000,0.000,0.000,0.000,0.000
7655,2729.402,16.408,9.970,1.411,0.000,9.970,0.000,0.000,0.000,0.000,0.000,0.000,0.000,0.000
7656,2729.919,10.482,9.857,1.412,0.000,9.857,0.000,0.000,0.000,0.000,0.000,0.000,0.000,0.000
7657,2730.435,16.556,9.745,1.414,0.000,9.745,0.000,0.000,0.000,0.000,0.000,0.000,0.000,0.000
7658,2730.952,10.482,9.634,1.416,0.000,9.634,0.000,0.000,0.000,0.000,0.000,0.000,0.000,0.000
7659,2731.468,12.259,9.524,1.418,0.000,9.524,0.000,0.000,0.000,0.000,0.000,0.000,0.000,0.000
7660,2731.985,12.704,9.415,1.420,0.000,9.415,0.000,0.000,0.000,0.000,0.000,0.000,0.000,0.000
7661,2732.502,13.408,9.307,1.422,0.000,9.307,0.000,0.000,0.000,0.000,0.000,0.000,0.000,0.000
7662,2733.019,8.926,9.201,1.424,0.000,9.201,0.000,0.000,0.000,0.000,0.000,0.000,0.000,0.000
7663,2733.536,14.630,9.095,1.426,0.000,9.095,0.000,0.000,0.000,0.000,0.000,0.000,0.000,0.000
7664,2734.054,6.408,8.991,1.427,0.000,8.990,0.000,0.000,0.000,0.000,0.000,0.000,0.000,0.000
7665,2734.571,7.408,8.887,1.429,0.000,8.887,0.000,0.000,0.000,0.000,0.000,0.000,0.000,0.000
7666,2735.089,11.704,8.785,1.431,0.000,8.785,0.000,0.000,0.000,0.000,0.000,0.000,0.000,0.000
7667,2735.606,5.334,8.684,1.433,0.000,8.683,0.000,0.000,0.000,0.000,0.000,0.000,0.000,0.000
7668,2736.124,9.482,8.583,1.435,0.000,8.583,0.000,0.000,0.000,0.000,0.000,0.000,0.000,0.000
7669,2736.642,13.704,8.484,1.437,0.000,8.484,0.000,0.000,0.000,0.000,0.000,0.000,0.000,0.000
7670,2737.160,13.852,8.386,1.439,0.000,8.386,0.000,0.000,0.000,0.000,0.000,0.000,0.000,0.000
7671,2737.678,12.852,8.289,1.441,0.000,8.289,0.000,0.000,0.000,0.000,0.000,0.000,0.000,0.000
7672,2738.197,15.334,8.193,1.443,0.000,8.193,0.000,0.000,0.000,0.000,0.000,0.000,0.000,0.000
7673,2738.715,8.556,8.098,1.444,0.000,8.098,0.000,0.000,0.000,0.000,0.000,0.000,0.000,0.000
7674,2739.234,10.926,8.005,1.446,0.000,8.005,0.000,0.000,0.000,0.000,0.000,0.000,0.000,0.000
7675,2739.753,9.926,7.912,1.448,0.000,7.912,0.000,0.000,0.000,0.000,0.000,0.000,0.000,0.000
7676,2740.272,12.852,7.820,1.450,0.000,7.820,0.000,0.000,0.000,0.000,0.000,0.000,0.000,0.000
7677,2740.791,11.556,7.730,1.452,0.000,7.729,0.000,0.000,0.000,0.000,0.000,0.000,0.000,0.000
7678,2741.310,10.482,7.640,1.454,0.000,7.640,0.000,0.000,0.000,0.000,0.000,0.000,0.000,0.000
7679,2741.829,15.778,7.551,1.456,0.000,7.551,0.000,0.000,0.000,0.000,0.000,0.000,0.000,0.000
7680,2742.349,12.482,7.464,1.458,0.000,7.464,0.000,0.000,0.000,0.000,0.000,0.000,0.000,0.000
7681,2742.868,13.630,7.377,1.460,0.000,7.377,0.000,0.000,0.000,0.000,0.000,0.000,0.000,0.000
7682,2743.388,8.778,7.292,1.461,0.000,7.292,0.000,0.000,0.000,0.000,0.000,0.000,0.000,0.000
7683,2743.908,11.778,7.207,1.463,0.000,7.207,0.000,0.000,0.000,0.000,0.000,0.000,0.000,0.000
7684,2744.428,10.704,7.124,1.465,0.000,7.124,0.000,0.000,0.000,0.000,0.000,0.000,0.000,0.000
7685,2744.948,11.704,7.041,1.467,0.000,7.041,0.000,0.000,0.000,0.000,0.000,0.000,0.000,0.000
7686,2745.468,11.704,6.960,1.469,0.000,6.960,0.000,0.000,0.000,0.000,0.000,0.000,0.000,0.000
7687,2745.988,6.630,6.879,1.471,0.000,6.879,0.000,0.000,0.000,0.000,0.000,0.000,0.000,0.000
7688,2746.509,4.630,6.800,1.473,0.000,6.800,0.000,0.000,0.000,0.000,0.000,0.000,0.000,0.000
7689,2747.030,12.704,6.721,1.475,0.000,6.721,0.000,0.000,0.000,0.000,0.000,0.000,0.000,0.000
7690,2747.550,9.704,6.644,1.477,0.000,6.643,0.000,0.000,0.000,0.000,0.000,0.000,0.000,0.000
7691,2748.071,10.482,6.567,1.478,0.000,6.567,0.000,0.000,0.000,0.000,0.000,0.000,0.000,0.000
7692,2748.592,5.556,6.491,1.480,0.000,6.491,0.000,0.000,0.000,0.000,0.000,0.000,0.000,0.000
7693,2749.113,8.778,6.417,1.482,0.000,6.417,0.000,0.000,0.000,0.000,0.000,0.000,0.000,0.000
7694,2749.635,9.704,6.343,1.484,0.000,6.343,0.000,0.000,0.000,0.000,0.000,0.000,0.000,0.000
7695,2750.156,15.630,6.270,1.486,0.000,6.270,0.000,0.000,0.000,0.000,0.000,0.000,0.000,0.000
7696,2750.678,9.704,6.198,1.488,0.000,6.198,0.000,0.000,0.000,0.000,0.000,0.000,0.000,0.000
7697,2751.199,7.630,6.128,1.490,0.000,6.127,0.000,0.000,0.000,0.000,0.000,0.000,0.000,0.000
7698,2751.721,4.778,6.058,1.492,0.000,6.058,0.000,0.000,0.000,0.000,0.000,0.000,0.000,0.000
7699,2752.243,7.852,5.989,1.493,0.000,5.989,0.000,0.000,0.000,0.000,0.000,0.000,0.000,0.000
7700,2752.765,8.630,5.920,1.495,0.000,5.920,0.000,0.000,0.000,0.000,0.000,0.000,0.000,0.000
7701,2753.287,11.704,5.853,1.497,0.000,5.853,0.000,0.000,0.000,0.000,0.000,0.000,0.000,0.000
7702,2753.810,12.704,5.787,1.499,0.000,5.787,0.000,0.000,0.000,0.000,0.000,0.000,0.000,0.000
7703,2754.332,12.556,5.722,1.501,0.000,5.722,0.000,0.000,0.000,0.000,0.000,0.000,0.000,0.000
7704,2754.855,9.778,5.657,1.503,0.000,5.657,0.000,0.000,0.000,0.000,0.000,0.000,0.000,0.000
7705,2755.378,5.704,5.594,1.505,0.000,5.593,0.000,0.000,0.000,0.000,0.000,0.000,0.000,0.000
7706,2755.901,14.704,5.531,1.507,0.000,5.531,0.000,0.000,0.000,0.000,0.000,0.000,0.000,0.000
7707,2756.424,2.704,5.469,1.509,0.000,5.469,0.000,0.000,0.000,0.000,0.000,0.000,0.000,0.000
7708,2756.947,4.926,5.408,1.510,0.000,5.408,0.000,0.000,0.000,0.000,0.000,0.000,0.000,0.000
7709,2757.470,3.852,5.348,1.512,0.000,5.348,0.000,0.000,0.000,0.000,0.000,0.000,0.000,0.000
7710,2757.994,8.704,5.289,1.514,0.000,5.289,0.000,0.000,0.000,0.000,0.000,0.000,0.000,0.000
7711,2758.517,8.704,5.230,1.516,0.000,5.230,0.000,0.000,0.000,0.000,0.000,0.000,0.000,0.000
7712,2759.041,10.630,5.173,1.518,0.000,5.173,0.000,0.000,0.000,0.000,0.000,0.000,0.000,0.000
7713,2759.565,7.778,5.116,1.520,0.000,5.116,0.000,0.000,0.000,0.000,0.000,0.000,0.000,0.000
7714,2760.089,3.852,5.060,1.522,0.000,5.060,0.000,0.000,0.000,0.000,0.000,0.000,0.000,0.000
7715,2760.613,6.778,5.005,1.524,0.000,5.005,0.000,0.000,0.000,0.000,0.000,0.000,0.000,0.000
7716,2761.137,4.000,4.950,1.526,0.000,4.950,0.000,0.000,0.000,0.000,0.000,0.000,0.000,0.000
7717,2761.661,5.852,4.897,1.527,0.000,4.897,0.000,0.000,0.000,0.000,0.000,0.000,0.000,0.000
7718,2762.186,5.778,4.844,1.529,0.000,4.844,0.000,0.000,0.000,0.000,0.000,0.000,0.000,0.000
7719,2762.710,7.556,4.792,1.531,0.000,4.792,0.000,0.000,0.000,0.000,0.000,0.000,0.000,0.000
7720,2763.235,3.926,4.741,1.533,0.000,4.741,0.000,0.000,0.000,0.000,0.000,0.000,0.000,0.000
7721,2763.760,5.556,4.691,1.535,0.000,4.691,0.000,0.000,0.000,0.000,0.000,0.000,0.000,0.000
7722,2764.285,10.926,4.641,1.537,0.000,4.641,0.000,0.000,0.000,0.000,0.000,0.000,0.000,0.000
7723,2764.810,4.926,4.593,1.539,0.000,4.593,0.000,0.000,0.000,0.000,0.000,0.000,0.000,0.000
7724,2765.336,9.778,4.545,1.541,0.000,4.544,0.000,0.000,0.000,0.000,0.000,0.000,0.000,0.000
7725,2765.861,5.704,4.497,1.543,0.000,4.497,0.000,0.000,0.000,0.000,0.000,0.000,0.000,0.000
7726,2766.387,6.926,4.451,1.544,0.000,4.451,0.000,0.000,0.000,0.000,0.000,0.000,0.000,0.000
7727,2766.912,3.926,4.405,1.546,0.000,4.405,0.000,0.000,0.000,0.000,0.000,0.000,0.000,0.000
7728,2767.438,8.778,4.360,1.548,0.000,4.360,0.000,0.000,0.000,0.000,0.000,0.000,0.000,0.000
7729,2767.964,5.852,4.315,1.550,0.000,4.315,0.000,0.000,0.000,0.000,0.000,0.000,0.000,0.000
7730,2768.490,9.704,4.272,1.552,0.000,4.272,0.000,0.000,0.000,0.000,0.000,0.000,0.000,0.000
7731,2769.017,4.630,4.229,1.554,0.000,4.229,0.000,0.000,0.000,0.000,0.000,0.000,0.000,0.000
7732,2769.543,7.852,4.186,1.556,0.000,4.186,0.000,0.000,0.000,0.000,0.000,0.000,0.000,0.000
7733,2770.070,11.926,4.145,1.558,0.000,4.145,0.000,0.000,0.000,0.000,0.000,0.000,0.000,0.000
7734,2770.596,3.482,4.104,1.559,0.000,4.104,0.000,0.000,0.000,0.000,0.000,0.000,0.000,0.000
7735,2771.123,5.852,4.064,1.561,0.000,4.064,0.000,0.000,0.000,0.000,0.000,0.000,0.000,0.000
7736,2771.650,2.778,4.024,1.563,0.000,4.024,0.000,0.000,0.000,0.000,0.000,0.000,0.000,0.000
7737,2772.177,0.704,3.985,1.565,0.000,3.985,0.000,0.000,0.000,0.000,0.000,0.000,0.000,0.000
7738,2772.704,7.482,3.947,1.567,0.000,3.947,0.000,0.000,0.000,0.000,0.000,0.000,0.000,0.000
7739,2773.232,5.704,3.910,1.569,0.000,3.910,0.000,0.000,0.000,0.000,0.000,0.000,0.000,0.000
7740,2773.759,4.852,3.873,1.571,0.000,3.873,0.000,0.000,0.000,0.000,0.000,0.000,0.000,0.000
7741,2774.287,5.704,3.837,1.573,0.000,3.837,0.000,0.000,0.000,0.000,0.000,0.000,0.000,0.000
7742,2774.814,8.000,3.801,1.575,0.000,3.801,0.000,0.000,0.000,0.000,0.000,0.000,0.000,0.000
7743,2775.342,2.852,3.766,1.576,0.000,3.766,0.000,0.000,0.000,0.000,0.000,0.000,0.000,0.000
7744,2775.870,2.852,3.732,1.578,0.000,3.732,0.000,0.000,0.000,0.000,0.000,0.000,0.000,0.000
7745,2776.398,6.778,3.698,1.580,0.000,3.698,0.000,0.000,0.000,0.000,0.000,0.000,0.000,0.000
7746,2776.927,2.704,3.665,1.582,0.000,3.665,0.000,0.000,0.000,0.000,0.000,0.000,0.000,0.000
7747,2777.455,3.778,3.632,1.584,0.000,3.632,0.000,0.000,0.000,0.000,0.000,0.000,0.000,0.000
7748,2777.984,6.704,3.600,1.586,0.000,3.600,0.000,0.000,0.000,0.000,0.000,0.000,0.000,0.000
7749,2778.512,7.852,3.569,1.588,0.000,3.569,0.000,0.000,0.000,0.000,0.000,0.000,0.000,0.000
7750,2779.041,11.778,3.538,1.590,0.000,3.538,0.000,0.000,0.000,0.000,0.000,0.000,0.000,0.000
7751,2779.570,5.852,3.508,1.592,0.000,3.507,0.000,0.000,0.000,0.000,0.000,0.000,0.000,0.000
7752,2780.099,2.778,3.478,1.593,0.000,3.478,0.000,0.000,0.000,0.000,0.000,0.000,0.000,0.000
7753,2780.629,3.704,3.449,1.595,0.000,3.449,0.000,0.000,0.000,0.000,0.000,0.000,0.000,0.000
7754,2781.158,4.852,3.420,1.597,0.000,3.420,0.000,0.000,0.000,0.000,0.000,0.000,0.000,0.000
7755,2781.687,5.926,3.392,1.599,0.000,3.392,0.000,0.000,0.000,0.000,0.000,0.000,0.000,0.000
7756,2782.217,5.926,3.365,1.601,0.000,3.365,0.000,0.000,0.000,0.000,0.000,0.000,0.000,0.000
7757,2782.747,8.630,3.338,1.603,0.000,3.338,0.000,0.000,0.000,0.000,0.000,0.000,0.000,0.000
7758,2783.277,5.926,3.311,1.605,0.000,3.311,0.000,0.000,0.000,0.000,0.000,0.000,0.000,0.000
7759,2783.807,7.704,3.285,1.607,0.000,3.285,0.000,0.000,0.000,0.000,0.000,0.000,0.000,0.000
7760,2784.337,4.704,3.260,1.609,0.000,3.260,0.000,0.000,0.000,0.000,0.000,0.000,0.000,0.000
7761,2784.867,4.704,3.235,1.610,0.000,3.235,0.000,0.000,0.000,0.000,0.000,0.000,0.000,0.000
7762,2785.398,4.778,3.210,1.612,0.000,3.210,0.000,0.000,0.000,0.000,0.000,0.000,0.000,0.000
7763,2785.929,5.778,3.187,1.614,0.000,3.187,0.000,0.000,0.000,0.000,0.000,0.000,0.000,0.000
7764,2786.459,4.000,3.163,1.616,0.000,3.163,0.000,0.000,0.000,0.000,0.000,0.000,0.000,0.000
7765,2786.990,4.852,3.141,1.618,0.000,3.141,0.000,0.000,0.000,0.000,0.000,0.000,0.000,0.000
7766,2787.521,7.852,3.118,1.620,0.000,3.118,0.000,0.000,0.000,0.000,0.000,0.000,0.000,0.000
7767,2788.052,5.926,3.097,1.622,0.000,3.097,0.000,0.000,0.000,0.000,0.000,0.000,0.000,0.000
7768,2788.584,2.778,3.076,1.624,0.000,3.076,0.000,0.000,0.000,0.000,0.000,0.000,0.000,0.000
7769,2789.115,9.778,3.055,1.625,0.000,3.055,0.000,0.000,0.000,0.000,0.000,0.000,0.000,0.000
7770,2789.647,1.926,3.035,1.627,0.000,3.035,0.000,0.000,0.000,0.000,0.000,0.000,0.000,0.000
7771,2790.178,7.000,3.015,1.629,0.000,3.015,0.000,0.000,0.000,0.000,0.000,0.000,0.000,0.000
7772,2790.710,7.630,2.996,1.631,0.000,2.996,0.000,0.000,0.000,0.000,0.000,0.000,0.000,0.000
7773,2791.242,2.852,2.977,1.633,0.000,2.977,0.000,0.000,0.000,0.000,0.000,0.000,0.000,0.000
7774,2791.774,3.926,2.959,1.635,0.000,2.959,0.000,0.000,0.000,0.000,0.000,0.000,0.000,0.000
7775,2792.307,5.000,2.941,1.637,0.000,2.941,0.000,0.000,0.000,0.000,0.000,0.000,0.000,0.000
7776,2792.839,5.778,2.924,1.639,0.000,2.924,0.000,0.000,0.000,0.000,0.000,0.000,0.000,0.000
7777,2793.372,4.852,2.907,1.641,0.000,2.907,0.000,0.000,0.000,0.000,0.000,0.000,0.000,0.000
7778,2793.904,9.704,2.891,1.642,0.000,2.891,0.000,0.000,0.000,0.000,0.000,0.000,0.000,0.000
7779,2794.437,4.000,2.875,1.644,0.000,2.875,0.000,0.000,0.000,0.000,0.000,0.000,0.000,0.000
7780,2794.970,5.926,2.859,1.646,0.000,2.859,0.000,0.000,0.000,0.000,0.000,0.000,0.000,0.000
7781,2795.503,1.704,2.844,1.648,0.000,2.844,0.000,0.000,0.000,0.000,0.000,0.000,0.000,0.000
7782,2796.036,3.778,2.829,1.650,0.000,2.829,0.000,0.000,0.000,0.000,0.000,0.000,0.000,0.000
7783,2796.570,6.778,2.815,1.652,0.000,2.815,0.000,0.000,0.000,0.000,0.000,0.000,0.000,0.000
7784,2797.103,4.852,2.801,1.654,0.000,2.801,0.000,0.000,0.000,0.000,0.000,0.000,0.000,0.000
7785,2797.637,6.852,2.787,1.656,0.000,2.787,0.000,0.000,0.000,0.000,0.000,0.000,0.000,0.000
7786,2798.171,5.926,2.774,1.658,0.000,2.774,0.000,0.000,0.000,0.000,0.000,0.000,0.000,0.000
7787,2798.704,3.778,2.761,1.659,0.000,2.761,0.000,0.000,0.000,0.000,0.000,0.000,0.000,0.000
7788,2799.239,3.704,2.749,1.661,0.000,2.749,0.000,0.000,0.000,0.000,0.000,0.000,0.000,0.000
7789,2799.773,7.852,2.736,1.663,0.000,2.736,0.000,0.000,0.000,0.000,0.000,0.000,0.000,0.000
7790,2800.307,5.926,2.725,1.665,0.000,2.725,0.000,0.000,0.000,0.000,0.000,0.000,0.000,0.000
7791,2800.842,2.852,2.713,1.667,0.000,2.713,0.000,0.000,0.000,0.000,0.000,0.000,0.000,0.000
7792,2801.376,7.852,2.702,1.669,0.000,2.702,0.000,0.000,0.000,0.000,0.000,0.000,0.000,0.000
7793,2801.911,4.704,2.691,1.671,0.000,2.691,0.000,0.000,0.000,0.000,0.000,0.000,0.000,0.000
7794,2802.446,2.926,2.681,1.673,0.000,2.681,0.000,0.000,0.000,0.000,0.000,0.000,0.000,0.000
7795,2802.981,4.852,2.670,1.675,0.000,2.670,0.000,0.000,0.000,0.000,0.000,0.000,0.000,0.000
7796,2803.516,6.852,2.661,1.676,0.000,2.661,0.000,0.000,0.000,0.000,0.000,0.000,0.000,0.000
7797,2804.051,2.926,2.651,1.678,0.000,2.651,0.000,0.000,0.000,0.000,0.000,0.000,0.000,0.000
7798,2804.587,6.852,2.642,1.680,0.000,2.642,0.000,0.000,0.000,0.000,0.000,0.000,0.000,0.000
7799,2805.122,6.926,2.633,1.682,0.000,2.633,0.000,0.000,0.000,0.000,0.000,0.000,0.000,0.000
7800,2805.658,4.926,2.624,1.684,0.000,2.624,0.000,0.000,0.000,0.000,0.000,0.000,0.000,0.000
7801,2806.194,8.926,2.616,1.686,0.000,2.616,0.000,0.000,0.000,0.000,0.000,0.000,0.000,0.000
7802,2806.730,1.000,2.607,1.688,0.000,2.607,0.000,0.000,0.000,0.000,0.000,0.000,0.000,0.000
7803,2807.266,4.852,2.600,1.690,0.000,2.600,0.000,0.000,0.000,0.000,0.000,0.000,0.000,0.000
7804,2807.802,3.778,2.592,1.691,0.000,2.592,0.000,0.000,0.000,0.000,0.000,0.000,0.000,0.000
7805,2808.339,5.704,2.585,1.693,0.000,2.585,0.000,0.000,0.000,0.000,0.000,0.000,0.000,0.000
7806,2808.875,3.778,2.578,1.695,0.000,2.578,0.000,0.000,0.000,0.000,0.000,0.000,0.000,0.000
7807,2809.412,2.926,2.571,1.697,0.000,2.571,0.000,0.000,0.000,0.000,0.000,0.000,0.000,0.000
7808,2809.949,1.778,2.564,1.699,0.000,2.564,0.000,0.000,0.000,0.000,0.000,0.000,0.000,0.000
7809,2810.486,5.852,2.558,1.701,0.000,2.558,0.000,0.000,0.000,0.000,0.000,0.000,0.000,0.000
7810,2811.023,3.852,2.552,1.703,0.000,2.552,0.000,0.000,0.000,0.000,0.000,0.000,0.000,0.000
7811,2811.560,3.778,2.546,1.705,0.000,2.546,0.000,0.000,0.000,0.000,0.000,0.000,0.000,0.000
7812,2812.098,5.000,2.540,1.707,0.000,2.540,0.000,0.000,0.000,0.000,0.000,0.000,0.000,0.000
7813,2812.635,2.778,2.535,1.708,0.000,2.535,0.000,0.000,0.000,0.000,0.000,0.000,0.000,0.000
7814,2813.173,8.852,2.529,1.710,0.000,2.529,0.000,0.000,0.000,0.000,0.000,0.000,0.000,0.000
7815,2813.711,3.926,2.524,1.712,0.000,2.524,0.000,0.000,0.000,0.000,0.000,0.000,0.000,0.000
7816,2814.249,4.000,2.520,1.714,0.000,2.520,0.000,0.000,0.000,0.000,0.000,0.000,0.000,0.000
7817,2814.787,5.926,2.515,1.716,0.000,2.515,0.000,0.000,0.000,0.000,0.000,0.000,0.000,0.000
7818,2815.325,3.926,2.511,1.718,0.000,2.511,0.000,0.000,0.000,0.000,0.000,0.000,0.000,0.000
7819,2815.863,8.926,2.506,1.720,0.000,2.506,0.000,0.000,0.000,0.000,0.000,0.000,0.000,0.000
7820,2816.402,7.852,2.502,1.722,0.000,2.502,0.000,0.000,0.000,0.000,0.000,0.000,0.000,0.000
7821,2816.940,7.482,2.499,1.724,0.000,2.499,0.000,0.000,0.000,0.000,0.000,0.000,0.000,0.000
7822,2817.479,11.000,2.495,1.725,0.000,2.495,0.000,0.000,0.000,0.000,0.000,0.000,0.000,0.000
7823,2818.018,5.000,2.492,1.727,0.000,2.492,0.000,0.000,0.000,0.000,0.000,0.000,0.000,0.000
7824,2818.557,9.000,2.488,1.729,0.000,2.488,0.000,0.000,0.000,0.000,0.000,0.000,0.000,0.000
7825,2819.096,7.926,2.485,1.731,0.000,2.485,0.000,0.000,0.000,0.000,0.000,0.000,0.000,0.000
7826,2819.636,6.000,2.482,1.733,0.000,2.482,0.000,0.000,0.000,0.000,0.000,0.000,0.000,0.000
7827,2820.175,4.000,2.480,1.735,0.000,2.480,0.000,0.000,0.000,0.000,0.000,0.000,0.000,0.000
7828,2820.715,2.778,2.477,1.737,0.000,2.477,0.000,0.000,0.000,0.000,0.000,0.000,0.000,0.000
7829,2821.255,3.926,2.475,1.739,0.000,2.475,0.000,0.000,0.000,0.000,0.000,0.000,0.000,0.000
7830,2821.795,3.852,2.473,1.741,0.000,2.473,0.000,0.000,0.000,0.000,0.000,0.000,0.000,0.000
7831,2822.335,6.852,2.471,1.742,0.000,2.471,0.000,0.000,0.000,0.000,0.000,0.000,0.000,0.000
7832,2822.875,1.926,2.469,1.744,0.000,2.469,0.000,0.000,0.000,0.000,0.000,0.000,0.000,0.000
7833,2823.415,4.778,2.467,1.746,0.000,2.467,0.000,0.000,0.000,0.000,0.000,0.000,0.000,0.000
7834,2823.956,5.852,2.465,1.748,0.000,2.465,0.000,0.000,0.000,0.000,0.000,0.000,0.000,0.000
7835,2824.496,2.926,2.464,1.750,0.000,2.464,0.000,0.000,0.000,0.000,0.000,0.000,0.000,0.000
7836,2825.037,5.000,2.463,1.752,0.000,2.463,0.000,0.000,0.000,0.000,0.000,0.000,0.000,0.000
7837,2825.578,3.000,2.461,1.754,0.000,2.461,0.000,0.000,0.000,0.000,0.000,0.000,0.000,0.000
7838,2826.119,4.852,2.460,1.756,0.000,2.460,0.000,0.000,0.000,0.000,0.000,0.000,0.000,0.000
7839,2826.660,6.926,2.460,1.757,0.000,2.460,0.000,0.000,0.000,0.000,0.000,0.000,0.000,0.000
7840,2827.202,3.000,2.459,1.759,0.000,2.459,0.000,0.000,0.000,0.000,0.000,0.000,0.000,0.000
7841,2827.743,13.926,2.458,1.761,0.000,2.458,0.000,0.000,0.000,0.000,0.000,0.000,0.000,0.000
7842,2828.285,5.852,2.458,1.763,0.000,2.458,0.000,0.000,0.000,0.000,0.000,0.000,0.000,0.000
7843,2828.826,6.926,2.458,1.765,0.000,2.458,0.000,0.000,0.000,0.000,0.000,0.000,0.000,0.000
7844,2829.368,5.000,2.457,1.767,0.000,2.457,0.000,0.000,0.000,0.000,0.000,0.000,0.000,0.000
7845,2829.910,5.926,2.457,1.769,0.000,2.457,0.000,0.000,0.000,0.000,0.000,0.000,0.000,0.000
7846,2830.453,6.000,2.457,1.771,0.000,2.457,0.000,0.000,0.000,0.000,0.000,0.000,0.000,0.000
7847,2830.995,7.000,2.458,1.773,0.000,2.458,0.000,0.000,0.000,0.000,0.000,0.000,0.000,0.000
7848,2831.537,4.926,2.458,1.774,0.000,2.458,0.000,0.000,0.000,0.000,0.000,0.000,0.000,0.000
7849,2832.080,3.926,2.458,1.776,0.000,2.458,0.000,0.000,0.000,0.000,0.000,0.000,0.000,0.000
7850,2832.623,3.926,2.459,1.778,0.000,2.459,0.000,0.000,0.000,0.000,0.000,0.000,0.000,0.000
7851,2833.166,4.630,2.460,1.780,0.000,2.460,0.000,0.000,0.000,0.000,0.000,0.000,0.000,0.000
7852,2833.709,5.926,2.460,1.782,0.000,2.460,0.000,0.000,0.000,0.000,0.000,0.000,0.000,0.000
7853,2834.252,1.926,2.461,1.784,0.000,2.461,0.000,0.000,0.000,0.000,0.000,0.000,0.000,0.000
7854,2834.795,3.926,2.462,1.786,0.000,2.462,0.000,0.000,0.000,0.000,0.000,0.000,0.000,0.000
7855,2835.339,7.000,2.463,1.788,0.000,2.463,0.000,0.000,0.000,0.000,0.000,0.000,0.000,0.000
7856,2835.882,4.000,2.465,1.790,0.000,2.465,0.000,0.000,0.000,0.000,0.000,0.000,0.000,0.000
7857,2836.426,3.926,2.466,1.791,0.000,2.466,0.000,0.000,0.000,0.000,0.000,0.000,0.000,0.000
7858,2836.970,1.852,2.467,1.793,0.000,2.467,0.000,0.000,0.000,0.000,0.000,0.000,0.000,0.000
7859,2837.514,7.000,2.469,1.795,0.000,2.469,0.000,0.000,0.000,0.000,0.000,0.000,0.000,0.000
7860,2838.058,0.704,2.470,1.797,0.000,2.470,0.000,0.000,0.000,0.000,0.000,0.000,0.000,0.000
7861,2838.602,1.926,2.472,1.799,0.000,2.472,0.000,0.000,0.000,0.000,0.000,0.000,0.000,0.000
7862,2839.147,5.704,2.474,1.801,0.000,2.474,0.000,0.000,0.000,0.000,0.000,0.000,0.000,0.000
7863,2839.691,5.852,2.476,1.803,0.000,2.476,0.000,0.000,0.000,0.000,0.000,0.000,0.000,0.000
7864,2840.236,2.778,2.478,1.805,0.000,2.478,0.000,0.000,0.000,0.000,0.000,0.000,0.000,0.000
7865,2840.781,3.852,2.480,1.807,0.000,2.480,0.000,0.000,0.000,0.000,0.000,0.000,0.000,0.000
7866,2841.326,1.630,2.482,1.808,0.000,2.482,0.000,0.000,0.000,0.000,0.000,0.000,0.000,0.000
7867,2841.871,1.926,2.485,1.810,0.000,2.485,0.000,0.000,0.000,0.000,0.000,0.000,0.000,0.000
7868,2842.417,2.556,2.487,1.812,0.000,2.487,0.000,0.000,0.000,0.000,0.000,0.000,0.000,0.000
7869,2842.962,5.852,2.489,1.814,0.000,2.489,0.000,0.000,0.000,0.000,0.000,0.000,0.000,0.000
7870,2843.508,6.778,2.492,1.816,0.000,2.492,0.000,0.000,0.000,0.000,0.000,0.000,0.000,0.000
7871,2844.053,5.852,2.495,1.818,0.000,2.495,0.000,0.000,0.000,0.000,0.000,0.000,0.000,0.000
7872,2844.599,0.000,2.497,1.820,0.000,2.497,0.000,0.000,0.000,0.000,0.000,0.000,0.000,0.000
7873,2845.145,3.926,2.500,1.822,0.000,2.500,0.000,0.000,0.000,0.000,0.000,0.000,0.000,0.000
7874,2845.691,0.926,2.503,1.823,0.000,2.503,0.000,0.000,0.000,0.000,0.000,0.000,0.000,0.000
7875,2846.238,2.926,2.506,1.825,0.000,2.506,0.000,0.000,0.000,0.000,0.000,0.000,0.000,0.000
7876,2846.784,6.852,2.509,1.827,0.000,2.509,0.000,0.000,0.000,0.000,0.000,0.000,0.000,0.000
7877,2847.331,3.926,2.512,1.829,0.000,2.512,0.000,0.000,0.000,0.000,0.000,0.000,0.000,0.000
7878,2847.878,4.000,2.515,1.831,0.000,2.515,0.000,0.000,0.000,0.000,0.000,0.000,0.000,0.000
7879,2848.424,4.926,2.519,1.833,0.000,2.519,0.000,0.000,0.000,0.000,0.000,0.000,0.000,0.000
7880,2848.972,2.926,2.522,1.835,0.000,2.522,0.000,0.000,0.000,0.000,0.000,0.000,0.000,0.000
7881,2849.519,1.926,2.525,1.837,0.000,2.525,0.000,0.000,0.000,0.000,0.000,0.000,0.000,0.000
7882,2850.066,2.926,2.529,1.839,0.000,2.529,0.000,0.000,0.000,0.000,0.000,0.000,0.000,0.000
7883,2850.613,2.852,2.533,1.840,0.000,2.533,0.000,0.000,0.000,0.000,0.000,0.000,0.000,0.000
7884,2851.161,7.852,2.536,1.842,0.000,2.536,0.000,0.000,0.000,0.000,0.000,0.000,0.000,0.000
7885,2851.709,6.000,2.540,1.844,0.000,2.540,0.000,0.000,0.000,0.000,0.000,0.000,0.000,0.000
7886,2852.257,2.778,2.544,1.846,0.000,2.544,0.000,0.000,0.000,0.000,0.000,0.000,0.000,0.000
7887,2852.805,6.926,2.548,1.848,0.000,2.548,0.000,0.000,0.000,0.000,0.000,0.000,0.000,0.000
7888,2853.353,1.778,2.552,1.850,0.000,2.552,0.000,0.000,0.000,0.000,0.000,0.000,0.000,0.000
7889,2853.901,0.852,2.556,1.852,0.000,2.556,0.000,0.000,0.000,0.000,0.000,0.000,0.000,0.000
7890,2854.450,9.926,2.560,1.854,0.000,2.560,0.000,0.000,0.000,0.000,0.000,0.000,0.000,0.000
7891,2854.998,3.926,2.564,1.856,0.000,2.564,0.000,0.000,0.000,0.000,0.000,0.000,0.000,0.000
7892,2855.547,3.926,2.568,1.857,0.000,2.568,0.000,0.000,0.000,0.000,0.000,0.000,0.000,0.000
7893,2856.096,1.926,2.572,1.859,0.000,2.572,0.000,0.000,0.000,0.000,0.000,0.000,0.000,0.000
7894,2856.645,1.852,2.577,1.861,0.000,2.577,0.000,0.000,0.000,0.000,0.000,0.000,0.000,0.000
7895,2857.194,2.926,2.581,1.863,0.000,2.581,0.000,0.000,0.000,0.000,0.000,0.000,0.000,0.000
7896,2857.744,5.000,2.586,1.865,0.000,2.586,0.000,0.000,0.000,0.000,0.000,0.000,0.000,0.000
7897,2858.293,5.926,2.590,1.867,0.000,2.590,0.000,0.000,0.000,0.000,0.000,0.000,0.000,0.000
7898,2858.843,3.778,2.595,1.869,0.000,2.595,0.000,0.000,0.000,0.000,0.000,0.000,0.000,0.000
7899,2859.393,4.926,2.599,1.871,0.000,2.599,0.000,0.000,0.000,0.000,0.000,0.000,0.000,0.000
7900,2859.943,5.852,2.604,1.873,0.000,2.604,0.000,0.000,0.000,0.000,0.000,0.000,0.000,0.000
7901,2860.493,0.926,2.609,1.874,0.000,2.609,0.000,0.000,0.000,0.000,0.000,0.000,0.000,0.000
7902,2861.043,4.778,2.614,1.876,0.000,2.614,0.000,0.000,0.000,0.000,0.000,0.000,0.000,0.000
7903,2861.593,2.926,2.619,1.878,0.000,2.619,0.000,0.000,0.000,0.000,0.000,0.000,0.000,0.000
7904,2862.144,5.000,2.624,1.880,0.000,2.624,0.000,0.000,0.000,0.000,0.000,0.000,0.000,0.000
7905,2862.694,2.926,2.629,1.882,0.000,2.629,0.000,0.000,0.000,0.000,0.000,0.000,0.000,0.000
7906,2863.245,4.000,2.634,1.884,0.000,2.634,0.000,0.000,0.000,0.000,0.000,0.000,0.000,0.000
7907,2863.796,5.926,2.639,1.886,0.000,2.639,0.000,0.000,0.000,0.000,0.000,0.000,0.000,0.000
7908,2864.347,4.852,2.644,1.888,0.000,2.644,0.000,0.000,0.000,0.000,0.000,0.000,0.000,0.000
7909,2864.898,6.000,2.649,1.889,0.000,2.649,0.000,0.000,0.000,0.000,0.000,0.000,0.000,0.000
7910,2865.450,0.000,2.655,1.891,0.000,2.655,0.000,0.000,0.000,0.000,0.000,0.000,0.000,0.000
7911,2866.001,4.852,2.660,1.893,0.000,2.660,0.000,0.000,0.000,0.000,0.000,0.000,0.000,0.000
7912,2866.553,6.000,2.665,1.895,0.000,2.665,0.000,0.000,0.000,0.000,0.000,0.000,0.000,0.000
7913,2867.105,4.852,2.671,1.897,0.000,2.671,0.000,0.000,0.000,0.000,0.000,0.000,0.000,0.000
7914,2867.657,1.852,2.677,1.899,0.000,2.677,0.000,0.000,0.000,0.000,0.000,0.000,0.000,0.000
7915,2868.209,3.704,2.682,1.901,0.000,2.682,0.000,0.000,0.000,0.000,0.000,0.000,0.000,0.000
7916,2868.761,5.926,2.688,1.903,0.000,2.688,0.000,0.000,0.000,0.000,0.000,0.000,0.000,0.000
7917,2869.313,4.000,2.693,1.905,0.000,2.693,0.000,0.000,0.000,0.000,0.000,0.000,0.000,0.000
7918,2869.866,2.000,2.699,1.906,0.000,2.699,0.000,0.000,0.000,0.000,0.000,0.000,0.000,0.000
7919,2870.419,2.926,2.705,1.908,0.000,2.705,0.000,0.000,0.000,0.000,0.000,0.000,0.000,0.000
7920,2870.972,3.000,2.711,1.910,0.000,2.711,0.000,0.000,0.000,0.000,0.000,0.000,0.000,0.000
7921,2871.525,5.926,2.717,1.912,0.000,2.717,0.000,0.000,0.000,0.000,0.000,0.000,0.000,0.000
7922,2872.078,2.926,2.723,1.914,0.000,2.723,0.000,0.000,0.000,0.000,0.000,0.000,0.000,0.000
7923,2872.631,2.926,2.729,1.916,0.000,2.729,0.000,0.000,0.000,0.000,0.000,0.000,0.000,0.000
7924,2873.184,2.926,2.735,1.918,0.000,2.735,0.000,0.000,0.000,0.000,0.000,0.000,0.000,0.000
7925,2873.738,6.000,2.741,1.920,0.000,2.741,0.000,0.000,0.000,0.000,0.000,0.000,0.000,0.000
7926,2874.292,2.852,2.747,1.922,0.000,2.747,0.000,0.000,0.000,0.000,0.000,0.000,0.000,0.000
7927,2874.846,4.852,2.754,1.923,0.000,2.754,0.000,0.000,0.000,0.000,0.000,0.000,0.000,0.000
7928,2875.400,5.000,2.760,1.925,0.000,2.760,0.000,0.000,0.000,0.000,0.000,0.000,0.000,0.000
7929,2875.954,1.852,2.766,1.927,0.000,2.766,0.000,0.000,0.000,0.000,0.000,0.000,0.000,0.000
7930,2876.508,2.852,2.773,1.929,0.000,2.773,0.000,0.000,0.000,0.000,0.000,0.000,0.000,0.000
7931,2877.062,3.000,2.779,1.931,0.000,2.779,0.000,0.000,0.000,0.000,0.000,0.000,0.000,0.000
7932,2877.617,2.852,2.786,1.933,0.000,2.786,0.000,0.000,0.000,0.000,0.000,0.000,0.000,0.000
7933,2878.172,6.000,2.792,1.935,0.000,2.792,0.000,0.000,0.000,0.000,0.000,0.000,0.000,0.000
7934,2878.727,2.852,2.799,1.937,0.000,2.799,0.000,0.000,0.000,0.000,0.000,0.000,0.000,0.000
7935,2879.282,4.000,2.806,1.939,0.000,2.806,0.000,0.000,0.000,0.000,0.000,0.000,0.000,0.000
7936,2879.837,1.852,2.812,1.940,0.000,2.812,0.000,0.000,0.000,0.000,0.000,0.000,0.000,0.000
7937,2880.392,0.926,2.819,1.942,0.000,2.819,0.000,0.000,0.000,0.000,0.000,0.000,0.000,0.000
7938,2880.948,3.000,2.826,1.944,0.000,2.826,0.000,0.000,0.000,0.000,0.000,0.000,0.000,0.000
7939,2881.503,6.778,2.833,1.946,0.000,2.833,0.000,0.000,0.000,0.000,0.000,0.000,0.000,0.000
7940,2882.059,3.852,2.840,1.948,0.000,2.840,0.000,0.000,0.000,0.000,0.000,0.000,0.000,0.000
7941,2882.615,7.000,2.847,1.950,0.000,2.847,0.000,0.000,0.000,0.000,0.000,0.000,0.000,0.000
7942,2883.171,2.000,2.854,1.952,0.000,2.854,0.000,0.000,0.000,0.000,0.000,0.000,0.000,0.000
7943,2883.727,5.852,2.861,1.954,0.000,2.861,0.000,0.000,0.000,0.000,0.000,0.000,0.000,0.000
7944,2884.284,1.000,2.868,1.955,0.000,2.868,0.000,0.000,0.000,0.000,0.000,0.000,0.000,0.000
7945,2884.840,2.852,2.875,1.957,0.000,2.875,0.000,0.000,0.000,0.000,0.000,0.000,0.000,0.000
7946,2885.397,5.000,2.882,1.959,0.000,2.882,0.000,0.000,0.000,0.000,0.000,0.000,0.000,0.000
7947,2885.954,6.000,2.890,1.961,0.000,2.890,0.000,0.000,0.000,0.000,0.000,0.000,0.000,0.000
7948,2886.511,2.704,2.897,1.963,0.000,2.897,0.000,0.000,0.000,0.000,0.000,0.000,0.000,0.000
7949,2887.068,4.852,2.905,1.965,0.000,2.905,0.000,0.000,0.000,0.000,0.000,0.000,0.000,0.000
7950,2887.625,2.778,2.912,1.967,0.000,2.912,0.000,0.000,0.000,0.000,0.000,0.000,0.000,0.000
7951,2888.182,1.000,2.920,1.969,0.000,2.920,0.000,0.000,0.000,0.000,0.000,0.000,0.000,0.000
7952,2888.740,6.926,2.927,1.971,0.000,2.927,0.000,0.000,0.000,0.000,0.000,0.000,0.000,0.000
7953,2889.297,5.000,2.935,1.972,0.000,2.935,0.000,0.000,0.000,0.000,0.000,0.000,0.000,0.000
7954,2889.855,2.926,2.943,1.974,0.000,2.943,0.000,0.000,0.000,0.000,0.000,0.000,0.000,0.000
7955,2890.413,5.926,2.950,1.976,0.000,2.950,0.000,0.000,0.000,0.000,0.000,0.000,0.000,0.000
7956,2890.971,5.926,2.958,1.978,0.000,2.958,0.000,0.000,0.000,0.000,0.000,0.000,0.000,0.000
7957,2891.530,7.926,2.966,1.980,0.000,2.966,0.000,0.000,0.000,0.000,0.000,0.000,0.000,0.000
7958,2892.088,1.926,2.974,1.982,0.000,2.974,0.000,0.000,0.000,0.000,0.000,0.000,0.000,0.000
7959,2892.647,5.000,2.982,1.984,0.000,2.982,0.000,0.000,0.000,0.000,0.000,0.000,0.000,0.000
7960,2893.205,3.704,2.990,1.986,0.000,2.990,0.000,0.000,0.000,0.000,0.000,0.000,0.000,0.000
7961,2893.764,4.000,2.998,1.988,0.000,2.998,0.000,0.000,0.000,0.000,0.000,0.000,0.000,0.000
7962,2894.323,6.000,3.006,1.989,0.000,3.006,0.000,0.000,0.000,0.000,0.000,0.000,0.000,0.000
7963,2894.883,4.000,3.014,1.991,0.000,3.014,0.000,0.000,0.000,0.000,0.000,0.000,0.000,0.000
7964,2895.442,0.778,3.023,1.993,0.000,3.023,0.000,0.000,0.000,0.000,0.000,0.000,0.000,0.000
7965,2896.001,1.000,3.031,1.995,0.000,3.031,0.000,0.000,0.000,0.000,0.000,0.000,0.000,0.000
7966,2896.561,5.000,3.039,1.997,0.000,3.039,0.000,0.000,0.000,0.000,0.000,0.000,0.000,0.000
7967,2897.121,4.000,3.048,1.999,0.000,3.048,0.000,0.000,0.000,0.000,0.000,0.000,0.000,0.000
7968,2897.681,3.000,3.056,2.001,0.000,3.056,0.000,0.000,0.000,0.000,0.000,0.000,0.000,0.000
7969,2898.241,2.852,3.065,2.003,0.000,3.065,0.000,0.000,0.000,0.000,0.000,0.000,0.000,0.000
7970,2898.801,0.852,3.073,2.005,0.000,3.073,0.000,0.000,0.000,0.000,0.000,0.000,0.000,0.000
7971,2899.361,5.000,3.082,2.006,0.000,3.082,0.000,0.000,0.000,0.000,0.000,0.000,0.000,0.000
7972,2899.922,1.926,3.091,2.008,0.000,3.091,0.000,0.000,0.000,0.000,0.000,0.000,0.000,0.000
7973,2900.482,3.926,3.099,2.010,0.000,3.099,0.000,0.000,0.000,0.000,0.000,0.000,0.000,0.000
7974,2901.043,1.852,3.108,2.012,0.000,3.108,0.000,0.000,0.000,0.000,0.000,0.000,0.000,0.000
7975,2901.604,4.926,3.117,2.014,0.000,3.117,0.000,0.000,0.000,0.000,0.000,0.000,0.000,0.000
7976,2902.165,2.000,3.126,2.016,0.000,3.126,0.000,0.000,0.000,0.000,0.000,0.000,0.000,0.000
7977,2902.727,3.852,3.135,2.018,0.000,3.135,0.000,0.000,0.000,0.000,0.000,0.000,0.000,0.000
7978,2903.288,2.852,3.144,2.020,0.000,3.144,0.000,0.000,0.000,0.000,0.000,0.000,0.000,0.000
7979,2903.850,3.926,3.153,2.021,0.000,3.153,0.000,0.000,0.000,0.000,0.000,0.000,0.000,0.000
7980,2904.411,5.852,3.163,2.023,0.000,3.163,0.000,0.000,0.000,0.000,0.000,0.000,0.000,0.000
7981,2904.973,3.926,3.172,2.025,0.000,3.172,0.000,0.000,0.000,0.000,0.000,0.000,0.000,0.000
7982,2905.535,3.926,3.181,2.027,0.000,3.181,0.000,0.000,0.000,0.000,0.000,0.000,0.000,0.000
7983,2906.097,0.926,3.191,2.029,0.000,3.191,0.000,0.000,0.000,0.000,0.000,0.000,0.000,0.000
7984,2906.660,5.000,3.200,2.031,0.000,3.200,0.000,0.000,0.000,0.000,0.000,0.000,0.000,0.000
7985,2907.222,1.926,3.210,2.033,0.000,3.210,0.000,0.000,0.000,0.000,0.000,0.000,0.000,0.000
7986,2907.785,3.852,3.219,2.035,0.000,3.219,0.000,0.000,0.000,0.000,0.000,0.000,0.000,0.000
7987,2908.347,4.000,3.229,2.037,0.000,3.229,0.000,0.000,0.000,0.000,0.000,0.000,0.000,0.000
7988,2908.910,3.000,3.239,2.038,0.000,3.239,0.000,0.000,0.000,0.000,0.000,0.000,0.000,0.000
7989,2909.473,4.704,3.249,2.040,0.000,3.249,0.000,0.000,0.000,0.000,0.000,0.000,0.000,0.000
7990,2910.037,1.778,3.258,2.042,0.000,3.258,0.000,0.000,0.000,0.000,0.000,0.000,0.000,0.000
7991,2910.600,2.926,3.268,2.044,0.000,3.268,0.000,0.000,0.000,0.000,0.000,0.000,0.000,0.000
7992,2911.164,2.852,3.278,2.046,0.000,3.278,0.000,0.000,0.000,0.000,0.000,0.000,0.000,0.000
7993,2911.727,0.778,3.288,2.048,0.000,3.288,0.000,0.000,0.000,0.000,0.000,0.000,0.000,0.000
7994,2912.291,0.852,3.299,2.050,0.000,3.299,0.000,0.000,0.000,0.000,0.000,0.000,0.000,0.000
7995,2912.855,3.926,3.309,2.052,0.000,3.309,0.000,0.000,0.000,0.000,0.000,0.000,0.000,0.000
7996,2913.419,5.852,3.319,2.054,0.000,3.319,0.000,0.000,0.000,0.000,0.000,0.000,0.000,0.000
7997,2913.983,3.778,3.329,2.055,0.000,3.329,0.000,0.000,0.000,0.000,0.000,0.000,0.000,0.000
7998,2914.548,6.000,3.340,2.057,0.000,3.340,0.000,0.000,0.000,0.000,0.000,0.000,0.000,0.000
7999,2915.112,3.926,3.350,2.059,0.000,3.350,0.000,0.000,0.000,0.000,0.000,0.000,0.000,0.000
8000,2915.677,2.852,3.361,2.061,0.000,3.361,0.000,0.000,0.000,0.000,0.000,0.000,0.000,0.000
8001,2916.242,4.852,3.372,2.063,0.000,3.372,0.000,0.000,0.000,0.000,0.000,0.000,0.000,0.000
8002,2916.807,7.852,3.382,2.065,0.000,3.382,0.000,0.000,0.000,0.000,0.000,0.000,0.000,0.000
8003,2917.372,3.000,3.393,2.067,0.000,3.393,0.000,0.000,0.000,0.000,0.000,0.000,0.000,0.000
8004,2917.937,2.852,3.404,2.069,0.000,3.404,0.000,0.000,0.000,0.000,0.000,0.000,0.000,0.000
8005,2918.503,0.926,3.415,2.071,0.000,3.415,0.000,0.000,0.000,0.000,0.000,0.000,0.000,0.000
8006,2919.069,3.000,3.426,2.072,0.000,3.426,0.000,0.000,0.000,0.000,0.000,0.000,0.000,0.000
8007,2919.634,5.000,3.437,2.074,0.000,3.437,0.000,0.000,0.000,0.000,0.000,0.000,0.000,0.000
8008,2920.200,1.852,3.449,2.076,0.000,3.449,0.000,0.000,0.000,0.000,0.000,0.000,0.000,0.000
8009,2920.766,3.852,3.460,2.078,0.000,3.460,0.000,0.000,0.000,0.000,0.000,0.000,0.000,0.000
8010,2921.333,2.852,3.471,2.080,0.000,3.471,0.000,0.000,0.000,0.000,0.000,0.000,0.000,0.000
8011,2921.899,3.852,3.483,2.082,0.000,3.483,0.000,0.000,0.000,0.000,0.000,0.000,0.000,0.000
8012,2922.465,1.000,3.494,2.084,0.000,3.494,0.000,0.000,0.000,0.000,0.000,0.000,0.000,0.000
8013,2923.032,1.778,3.506,2.086,0.000,3.506,0.000,0.000,0.000,0.000,0.000,0.000,0.000,0.000
8014,2923.599,2.704,3.518,2.087,0.000,3.518,0.000,0.000,0.000,0.000,0.000,0.000,0.000,0.000
8015,2924.166,8.000,3.529,2.089,0.000,3.529,0.000,0.000,0.000,0.000,0.000,0.000,0.000,0.000
8016,2924.733,4.852,3.541,2.091,0.000,3.541,0.000,0.000,0.000,0.000,0.000,0.000,0.000,0.000
8017,2925.300,3.926,3.553,2.093,0.000,3.553,0.000,0.000,0.000,0.000,0.000,0.000,0.000,0.000
8018,2925.868,5.000,3.565,2.095,0.000,3.565,0.000,0.000,0.000,0.000,0.000,0.000,0.000,0.000
8019,2926.435,5.778,3.577,2.097,0.000,3.577,0.000,0.000,0.000,0.000,0.000,0.000,0.000,0.000
8020,2927.003,4.926,3.590,2.099,0.000,3.590,0.000,0.000,0.000,0.000,0.000,0.000,0.000,0.000
8021,2927.571,5.926,3.602,2.101,0.000,3.602,0.000,0.000,0.000,0.000,0.000,0.000,0.000,0.000
8022,2928.139,3.926,3.614,2.103,0.000,3.614,0.000,0.000,0.000,0.000,0.000,0.000,0.000,0.000
8023,2928.707,5.926,3.627,2.104,0.000,3.627,0.000,0.000,0.000,0.000,0.000,0.000,0.000,0.000
8024,2929.276,4.000,3.639,2.106,0.000,3.639,0.000,0.000,0.000,0.000,0.000,0.000,0.000,0.000
8025,2929.844,0.000,3.652,2.108,0.000,3.652,0.000,0.000,0.000,0.000,0.000,0.000,0.000,0.000
8026,2930.413,6.000,3.665,2.110,0.000,3.665,0.000,0.000,0.000,0.000,0.000,0.000,0.000,0.000
8027,2930.982,4.852,3.678,2.112,0.000,3.678,0.000,0.000,0.000,0.000,0.000,0.000,0.000,0.000
8028,2931.551,4.778,3.691,2.114,0.000,3.691,0.000,0.000,0.000,0.000,0.000,0.000,0.000,0.000
8029,2932.120,2.000,3.703,2.116,0.000,3.703,0.000,0.000,0.000,0.000,0.000,0.000,0.000,0.000
8030,2932.689,0.852,3.716,2.118,0.000,3.716,0.000,0.000,0.000,0.000,0.000,0.000,0.000,0.000
8031,2933.258,1.926,3.729,2.120,0.000,3.729,0.000,0.000,0.000,0.000,0.000,0.000,0.000,0.000
8032,2933.828,5.852,3.742,2.121,0.000,3.742,0.000,0.000,0.000,0.000,0.000,0.000,0.000,0.000
8033,2934.398,4.000,3.755,2.123,0.000,3.755,0.000,0.000,0.000,0.000,0.000,0.000,0.000,0.000
8034,2934.968,4.704,3.768,2.125,0.000,3.768,0.000,0.000,0.000,0.000,0.000,0.000,0.000,0.000
8035,2935.538,4.852,3.781,2.127,0.000,3.781,0.000,0.000,0.000,0.000,0.000,0.000,0.000,0.000
8036,2936.108,0.000,3.794,2.129,0.000,3.794,0.000,0.000,0.000,0.000,0.000,0.000,0.000,0.000
8037,2936.678,1.000,3.807,2.131,0.000,3.807,0.000,0.000,0.000,0.000,0.000,0.000,0.000,0.000
8038,2937.249,1.926,3.820,2.133,0.000,3.820,0.000,0.000,0.000,0.000,0.000,0.000,0.000,0.000
8039,2937.819,3.000,3.833,2.135,0.000,3.833,0.000,0.000,0.000,0.000,0.000,0.000,0.000,0.000
8040,2938.390,3.000,3.846,2.137,0.000,3.846,0.000,0.000,0.000,0.000,0.000,0.000,0.000,0.000
8041,2938.961,4.000,3.859,2.138,0.000,3.859,0.000,0.000,0.000,0.000,0.000,0.000,0.000,0.000
8042,2939.532,4.000,3.872,2.140,0.000,3.872,0.000,0.000,0.000,0.000,0.000,0.000,0.000,0.000
8043,2940.103,3.926,3.885,2.142,0.000,3.885,0.000,0.000,0.000,0.000,0.000,0.000,0.000,0.000
8044,2940.675,4.000,3.898,2.144,0.000,3.898,0.000,0.000,0.000,0.000,0.000,0.000,0.000,0.000
8045,2941.246,3.704,3.911,2.146,0.000,3.911,0.000,0.000,0.000,0.000,0.000,0.000,0.000,0.000
8046,2941.818,3.926,3.924,2.148,0.000,3.924,0.000,0.000,0.000,0.000,0.000,0.000,0.000,0.000
8047,2942.390,1.852,3.937,2.150,0.000,3.937,0.000,0.000,0.000,0.000,0.000,0.000,0.000,0.000
8048,2942.962,9.000,3.950,2.152,0.000,3.950,0.000,0.000,0.000,0.000,0.000,0.000,0.000,0.000
8049,2943.534,4.926,3.964,2.153,0.000,3.964,0.000,0.000,0.000,0.000,0.000,0.000,0.000,0.000
8050,2944.107,3.926,3.977,2.155,0.000,3.977,0.000,0.000,0.000,0.000,0.000,0.000,0.000,0.000
8051,2944.679,4.926,3.990,2.157,0.000,3.990,0.000,0.000,0.000,0.000,0.000,0.000,0.000,0.000
8052,2945.252,5.926,4.003,2.159,0.000,4.003,0.000,0.000,0.000,0.000,0.000,0.000,0.000,0.000
8053,2945.824,5.778,4.016,2.161,0.000,4.016,0.000,0.000,0.000,0.000,0.000,0.000,0.000,0.000
8054,2946.397,3.000,4.029,2.163,0.000,4.029,0.000,0.000,0.000,0.000,0.000,0.000,0.000,0.000
8055,2946.971,0.778,4.042,2.165,0.000,4.042,0.000,0.000,0.000,0.000,0.000,0.000,0.000,0.000
8056,2947.544,2.926,4.055,2.167,0.000,4.055,0.000,0.000,0.000,0.000,0.000,0.000,0.000,0.000
8057,2948.117,1.852,4.068,2.169,0.000,4.068,0.000,0.000,0.000,0.000,0.000,0.000,0.000,0.000
8058,2948.691,2.000,4.081,2.170,0.000,4.081,0.000,0.000,0.000,0.000,0.000,0.000,0.000,0.000
8059,2949.265,7.926,4.094,2.172,0.000,4.094,0.000,0.000,0.000,0.000,0.000,0.000,0.000,0.000
8060,2949.838,4.000,4.107,2.174,0.000,4.107,0.000,0.000,0.000,0.000,0.000,0.000,0.000,0.000
8061,2950.412,6.852,4.120,2.176,0.000,4.120,0.000,0.000,0.000,0.000,0.000,0.000,0.000,0.000
8062,2950.987,4.852,4.133,2.178,0.000,4.133,0.000,0.000,0.000,0.000,0.000,0.000,0.000,0.000
8063,2951.561,5.704,4.146,2.180,0.000,4.146,0.000,0.000,0.000,0.000,0.000,0.000,0.000,0.000
8064,2952.135,3.852,4.159,2.182,0.000,4.159,0.000,0.000,0.000,0.000,0.000,0.000,0.000,0.000
8065,2952.710,7.000,4.172,2.184,0.000,4.172,0.000,0.000,0.000,0.000,0.000,0.000,0.000,0.000
8066,2953.285,3.926,4.185,2.186,0.000,4.185,0.000,0.000,0.000,0.000,0.000,0.000,0.000,0.000
8067,2953.860,6.704,4.198,2.187,0.000,4.198,0.000,0.000,0.000,0.000,0.000,0.000,0.000,0.000
8068,2954.435,5.000,4.211,2.189,0.000,4.211,0.000,0.000,0.000,0.000,0.000,0.000,0.000,0.000
8069,2955.010,3.852,4.224,2.191,0.000,4.224,0.000,0.000,0.000,0.000,0.000,0.000,0.000,0.000
8070,2955.586,8.000,4.237,2.193,0.000,4.237,0.000,0.000,0.000,0.000,0.000,0.000,0.000,0.000
8071,2956.161,6.926,4.229,2.175,0.000,4.229,0.000,0.000,0.000,0.000,0.000,0.000,0.000,0.000
8072,2956.737,0.926,4.222,2.157,0.000,4.222,0.000,0.000,0.000,0.000,0.000,0.000,0.000,0.000
8073,2957.313,0.000,4.215,2.138,0.000,4.215,0.000,0.000,0.000,0.000,0.000,0.000,0.000,0.000
8074,2957.889,7.852,4.207,2.120,0.000,4.207,0.000,0.000,0.000,0.000,0.000,0.000,0.000,0.000
8075,2958.465,4.852,4.200,2.102,0.000,4.200,0.000,0.000,0.000,0.000,0.000,0.000,0.000,0.000
8076,2959.042,5.000,4.192,2.083,0.000,4.192,0.000,0.000,0.000,0.000,0.000,0.000,0.000,0.000
8077,2959.618,2.926,4.185,2.065,0.000,4.185,0.000,0.000,0.000,0.000,0.000,0.000,0.000,0.000
8078,2960.195,1.852,4.177,2.047,0.000,4.177,0.000,0.000,0.000,0.000,0.000,0.000,0.000,0.000
8079,2960.772,4.704,4.170,2.029,0.000,4.170,0.000,0.000,0.000,0.000,0.000,0.000,0.000,0.000
8080,2961.349,7.000,4.162,2.010,0.000,4.162,0.000,0.000,0.000,0.000,0.000,0.000,0.000,0.000
8081,2961.926,2.000,4.154,1.992,0.000,4.154,0.000,0.000,0.000,0.000,0.000,0.000,0.000,0.000
8082,2962.503,4.926,4.147,1.974,0.000,4.147,0.000,0.000,0.000,0.000,0.000,0.000,0.000,0.000
8083,2963.080,1.000,4.139,1.956,0.000,4.139,0.000,0.000,0.000,0.000,0.000,0.000,0.000,0.000
8084,2963.658,6.000,4.131,1.937,0.000,4.131,0.000,0.000,0.000,0.000,0.000,0.000,0.000,0.000
8085,2964.236,4.926,4.123,1.919,0.000,4.123,0.000,0.000,0.000,0.000,0.000,0.000,0.000,0.000
8086,2964.814,0.926,4.116,1.901,0.000,4.116,0.000,0.000,0.000,0.000,0.000,0.000,0.000,0.000
8087,2965.392,4.926,4.108,1.882,0.000,4.108,0.000,0.000,0.000,0.000,0.000,0.000,0.000,0.000
8088,2965.970,4.926,4.100,1.864,0.000,4.100,0.000,0.000,0.000,0.000,0.000,0.000,0.000,0.000
8089,2966.548,4.926,4.092,1.846,0.000,4.092,0.000,0.000,0.000,0.000,0.000,0.000,0.000,0.000
8090,2967.127,3.926,4.084,1.828,0.000,4.084,0.000,0.000,0.000,0.000,0.000,0.000,0.000,0.000
8091,2967.706,5.852,4.076,1.809,0.000,4.076,0.000,0.000,0.000,0.000,0.000,0.000,0.000,0.000
8092,2968.284,1.852,4.067,1.791,0.000,4.067,0.000,0.000,0.000,0.000,0.000,0.000,0.000,0.000
8093,2968.863,0.926,4.059,1.773,0.000,4.059,0.000,0.000,0.000,0.000,0.000,0.000,0.000,0.000
8094,2969.443,1.926,4.051,1.754,0.000,4.051,0.000,0.000,0.000,0.000,0.000,0.000,0.000,0.000
8095,2970.022,1.926,4.043,1.736,0.000,4.043,0.000,0.000,0.000,0.000,0.000,0.000,0.000,0.000
8096,2970.601,1.852,4.034,1.718,0.000,4.034,0.000,0.000,0.000,0.000,0.000,0.000,0.000,0.000
8097,2971.181,0.852,4.026,1.700,0.000,4.026,0.000,0.000,0.000,0.000,0.000,0.000,0.000,0.000
8098,2971.761,1.778,4.017,1.681,0.000,4.017,0.000,0.000,0.000,0.000,0.000,0.000,0.000,0.000
8099,2972.341,1.852,4.009,1.663,0.000,4.009,0.000,0.000,0.000,0.000,0.000,0.000,0.000,0.000
8100,2972.921,4.852,4.000,1.645,0.000,4.000,0.000,0.000,0.000,0.000,0.000,0.000,0.000,0.000
8101,2973.501,0.926,3.991,1.627,0.000,3.991,0.000,0.000,0.000,0.000,0.000,0.000,0.000,0.000
8102,2974.082,1.778,3.983,1.608,0.000,3.983,0.000,0.000,0.000,0.000,0.000,0.000,0.000,0.000
8103,2974.662,3.000,3.974,1.590,0.000,3.974,0.000,0.000,0.000,0.000,0.000,0.000,0.000,0.000
8104,2975.243,1.000,3.965,1.572,0.000,3.965,0.000,0.000,0.000,0.000,0.000,0.000,0.000,0.000
8105,2975.824,4.000,3.956,1.553,0.000,3.956,0.000,0.000,0.000,0.000,0.000,0.000,0.000,0.000
8106,2976.405,3.926,3.947,1.535,0.000,3.947,0.000,0.000,0.000,0.000,0.000,0.000,0.000,0.000
8107,2976.986,2.000,3.938,1.517,0.000,3.938,0.000,0.000,0.000,0.000,0.000,0.000,0.000,0.000
8108,2977.567,3.926,3.929,1.499,0.000,3.929,0.000,0.000,0.000,0.000,0.000,0.000,0.000,0.000
8109,2978.149,6.852,3.920,1.480,0.000,3.920,0.000,0.000,0.000,0.000,0.000,0.000,0.000,0.000
8110,2978.731,3.704,3.910,1.462,0.000,3.910,0.000,0.000,0.000,0.000,0.000,0.000,0.000,0.000
8111,2979.312,1.926,3.901,1.444,0.000,3.901,0.000,0.000,0.000,0.000,0.000,0.000,0.000,0.000
8112,2979.894,3.926,3.891,1.426,0.000,3.891,0.000,0.000,0.000,0.000,0.000,0.000,0.000,0.000
8113,2980.477,2.000,3.882,1.407,0.000,3.882,0.000,0.000,0.000,0.000,0.000,0.000,0.000,0.000
8114,2981.059,3.000,3.872,1.389,0.000,3.872,0.000,0.000,0.000,0.000,0.000,0.000,0.000,0.000
8115,2981.641,2.852,3.862,1.371,0.000,3.862,0.000,0.000,0.000,0.000,0.000,0.000,0.000,0.000
8116,2982.224,1.852,3.853,1.352,0.000,3.853,0.000,0.000,0.000,0.000,0.000,0.000,0.000,0.000
8117,2982.807,5.852,3.843,1.334,0.000,3.843,0.000,0.000,0.000,0.000,0.000,0.000,0.000,0.000
8118,2983.390,0.852,3.833,1.316,0.000,3.833,0.000,0.000,0.000,0.000,0.000,0.000,0.000,0.000
8119,2983.973,4.852,3.823,1.298,0.000,3.823,0.000,0.000,0.000,0.000,0.000,0.000,0.000,0.000
8120,2984.556,7.000,3.813,1.279,0.000,3.813,0.000,0.000,0.000,0.000,0.000,0.000,0.000,0.000
8121,2985.140,4.852,3.802,1.261,0.000,3.802,0.000,0.000,0.000,0.000,0.000,0.000,0.000,0.000
8122,2985.723,1.000,3.792,1.243,0.000,3.792,0.000,0.000,0.000,0.000,0.000,0.000,0.000,0.000
8123,2986.307,4.000,3.782,1.224,0.000,3.782,0.000,0.000,0.000,0.000,0.000,0.000,0.000,0.000
8124,2986.891,3.852,3.771,1.206,0.000,3.771,0.000,0.000,0.000,0.000,0.000,0.000,0.000,0.000
8125,2987.475,4.852,3.760,1.188,0.000,3.760,0.000,0.000,0.000,0.000,0.000,0.000,0.000,0.000
8126,2988.059,1.926,3.750,1.170,0.000,3.750,0.000,0.000,0.000,0.000,0.000,0.000,0.000,0.000
8127,2988.643,2.778,3.739,1.151,0.000,3.739,0.000,0.000,0.000,0.000,0.000,0.000,0.000,0.000
8128,2989.228,1.926,3.728,1.133,0.000,3.728,0.000,0.000,0.000,0.000,0.000,0.000,0.000,0.000
8129,2989.813,4.926,3.717,1.115,0.000,3.717,0.000,0.000,0.000,0.000,0.000,0.000,0.000,0.000
8130,2990.397,5.926,3.706,1.097,0.000,3.706,0.000,0.000,0.000,0.000,0.000,0.000,0.000,0.000
8131,2990.982,4.852,3.695,1.078,0.000,3.695,0.000,0.000,0.000,0.000,0.000,0.000,0.000,0.000
8132,2991.568,1.852,3.683,1.060,0.000,3.683,0.000,0.000,0.000,0.000,0.000,0.000,0.000,0.000
8133,2992.153,4.000,3.672,1.042,0.000,3.672,0.000,0.000,0.000,0.000,0.000,0.000,0.000,0.000
8134,2992.738,0.926,3.661,1.023,0.000,3.661,0.000,0.000,0.000,0.000,0.000,0.000,0.000,0.000
8135,2993.324,1.000,3.649,1.005,0.000,3.649,0.000,0.000,0.000,0.000,0.000,0.000,0.000,0.000
8136,2993.910,2.852,3.637,0.987,0.000,3.637,0.000,0.000,0.000,0.000,0.000,0.000,0.000,0.000
8137,2994.496,3.778,3.625,0.969,0.000,3.625,0.000,0.000,0.000,0.000,0.000,0.000,0.000,0.000
8138,2995.082,0.778,3.613,0.950,0.000,3.613,0.000,0.000,0.000,0.000,0.000,0.000,0.000,0.000
8139,2995.668,7.000,3.601,0.932,0.000,3.601,0.000,0.000,0.000,0.000,0.000,0.000,0.000,0.000
8140,2996.255,2.000,3.589,0.914,0.000,3.589,0.000,0.000,0.000,0.000,0.000,0.000,0.000,0.000
8141,2996.841,2.852,3.577,0.896,0.000,3.577,0.000,0.000,0.000,0.000,0.000,0.000,0.000,0.000
8142,2997.428,6.852,3.565,0.877,0.000,3.565,0.000,0.000,0.000,0.000,0.000,0.000,0.000,0.000
8143,2998.015,1.926,3.552,0.859,0.000,3.552,0.000,0.000,0.000,0.000,0.000,0.000,0.000,0.000
8144,2998.602,4.852,3.539,0.841,0.000,3.539,0.000,0.000,0.000,0.000,0.000,0.000,0.000,0.000
8145,2999.189,1.926,3.527,0.822,0.000,3.527,0.000,0.000,0.000,0.000,0.000,0.000,0.000,0.000
8146,2999.777,4.000,3.514,0.804,0.000,3.514,0.000,0.000,0.000,0.000,0.000,0.000,0.000,0.000
8147,3000.364,4.926,3.501,0.786,0.000,3.501,0.000,0.000,0.000,0.000,0.000,0.000,0.000,0.000
8148,3000.952,5.926,3.488,0.768,0.000,3.488,0.000,0.000,0.000,0.000,0.000,0.000,0.000,0.000
8149,3001.540,7.000,3.475,0.749,0.000,3.475,0.000,0.000,0.000,0.000,0.000,0.000,0.000,0.000
8150,3002.128,1.926,3.461,0.731,0.000,3.461,0.000,0.000,0.000,0.000,0.000,0.000,0.000,0.000
8151,3002.716,4.852,3.448,0.713,0.000,3.448,0.000,0.000,0.000,0.000,0.000,0.000,0.000,0.000
8152,3003.304,0.852,3.434,0.694,0.000,3.434,0.000,0.000,0.000,0.000,0.000,0.000,0.000,0.000
8153,3003.893,3.000,3.421,0.676,0.000,3.421,0.000,0.000,0.000,0.000,0.000,0.000,0.000,0.000
8154,3004.481,1.778,3.407,0.658,0.000,3.407,0.000,0.000,0.000,0.000,0.000,0.000,0.000,0.000
8155,3005.070,3.852,3.393,0.640,0.000,3.393,0.000,0.000,0.000,0.000,0.000,0.000,0.000,0.000
8156,3005.659,1.926,3.379,0.621,0.000,3.379,0.000,0.000,0.000,0.000,0.000,0.000,0.000,0.000
8157,3006.248,2.778,3.365,0.603,0.000,3.365,0.000,0.000,0.000,0.000,0.000,0.000,0.000,0.000
8158,3006.838,5.852,3.350,0.585,0.000,3.350,0.000,0.000,0.000,0.000,0.000,0.000,0.000,0.000
8159,3007.427,2.000,3.336,0.567,0.000,3.336,0.000,0.000,0.000,0.000,0.000,0.000,0.000,0.000
8160,3008.017,4.000,3.321,0.548,0.000,3.321,0.000,0.000,0.000,0.000,0.000,0.000,0.000,0.000
8161,3008.607,2.926,3.307,0.530,0.000,3.307,0.000,0.000,0.000,0.000,0.000,0.000,0.000,0.000
8162,3009.197,1.000,3.292,0.512,0.000,3.292,0.000,0.000,0.000,0.000,0.000,0.000,0.000,0.000
8163,3009.787,1.926,3.277,0.493,0.000,3.277,0.000,0.000,0.000,0.000,0.000,0.000,0.000,0.000
8164,3010.377,0.926,3.262,0.475,0.000,3.262,0.000,0.000,0.000,0.000,0.000,0.000,0.000,0.000
8165,3010.967,1.778,3.247,0.457,0.000,3.247,0.000,0.000,0.000,0.000,0.000,0.000,0.000,0.000
8166,3011.558,1.704,3.231,0.439,0.000,3.231,0.000,0.000,0.000,0.000,0.000,0.000,0.000,0.000
8167,3012.149,2.704,3.216,0.420,0.000,3.216,0.000,0.000,0.000,0.000,0.000,0.000,0.000,0.000
8168,3012.740,2.000,3.200,0.402,0.000,3.200,0.000,0.000,0.000,0.000,0.000,0.000,0.000,0.000
8169,3013.331,1.630,3.185,0.384,0.000,3.185,0.000,0.000,0.000,0.000,0.000,0.000,0.000,0.000
8170,3013.922,4.926,3.169,0.366,0.000,3.169,0.000,0.000,0.000,0.000,0.000,0.000,0.000,0.000
8171,3014.513,2.926,3.153,0.347,0.000,3.153,0.000,0.000,0.000,0.000,0.000,0.000,0.000,0.000
8172,3015.105,5.778,3.137,0.329,0.000,3.137,0.000,0.000,0.000,0.000,0.000,0.000,0.000,0.000
8173,3015.697,2.000,3.120,0.311,0.000,3.120,0.000,0.000,0.000,0.000,0.000,0.000,0.000,0.000
8174,3016.289,3.852,3.104,0.292,0.000,3.104,0.000,0.000,0.000,0.000,0.000,0.000,0.000,0.000
8175,3016.881,6.000,3.087,0.274,0.000,3.087,0.000,0.000,0.000,0.000,0.000,0.000,0.000,0.000
8176,3017.473,6.926,3.071,0.256,0.000,3.071,0.000,0.000,0.000,0.000,0.000,0.000,0.000,0.000
8177,3018.065,3.000,3.054,0.238,0.000,3.054,0.000,0.000,0.000,0.000,0.000,0.000,0.000,0.000
8178,3018.658,1.852,3.037,0.219,0.000,3.037,0.000,0.000,0.000,0.000,0.000,0.000,0.000,0.000
8179,3019.250,2.926,3.020,0.201,0.000,3.020,0.000,0.000,0.000,0.000,0.000,0.000,0.000,0.000
8180,3019.843,5.000,3.003,0.183,0.000,3.003,0.000,0.000,0.000,0.000,0.000,0.000,0.000,0.000
8181,3020.436,6.852,2.985,0.164,0.000,2.985,0.000,0.000,0.000,0.000,0.000,0.000,0.000,0.000
8182,3021.030,4.926,2.968,0.146,0.000,2.968,0.000,0.000,0.000,0.000,0.000,0.000,0.000,0.000
8183,3021.623,4.000,2.950,0.128,0.000,2.950,0.000,0.000,0.000,0.000,0.000,0.000,0.000,0.000
8184,3022.216,5.704,2.932,0.110,0.000,2.932,0.000,0.000,0.000,0.000,0.000,0.000,0.000,0.000
8185,3022.810,4.000,2.915,0.091,0.000,2.915,0.000,0.000,0.000,0.000,0.000,0.000,0.000,0.000
8186,3023.404,3.000,2.897,0.073,0.000,2.897,0.000,0.000,0.000,0.000,0.000,0.000,0.000,0.000
8187,3023.998,5.000,2.878,0.055,0.000,2.878,0.000,0.000,0.000,0.000,0.000,0.000,0.000,0.000
8188,3024.592,2.000,2.860,0.037,0.000,2.860,0.000,0.000,0.000,0.000,0.000,0.000,0.000,0.000
8189,3025.186,3.778,2.842,0.018,0.000,2.842,0.000,0.000,0.000,0.000,0.000,0.000,0.000,0.000
8190,3025.781,3.852,2.823,0.000,0.000,2.823,0.000,0.000,0.000,0.000,0.000,0.000,0.000,0.000
8191,3026.375,2953.903,0.000,0.000,0.000,0.000,0.000,0.000,0.000,0.000,0.000,0.000,0.000,0.000
