
**************************************************************
 Geant4 version Name: geant4-11-04-patch-02 [MT]   (12-June-2026)
  << in Multi-threaded mode >> 
                       Copyright : Geant4 Collaboration
                      References : NIM A 506 (2003), 250-303
                                 : IEEE-TNS 53 (2006), 270-278
                                 : NIM A 835 (2016), 186-225
                             WWW : http://geant4.org/
**************************************************************

Accumulable registered as "any"
Accumulable registered as "w0"
Accumulable registered as "h0"
Accumulable registered as "h1"
Accumulable registered as "h2"
Accumulable registered as "h3"
Accumulable registered as "h4"
Accumulable registered as "h5"
Accumulable registered as "h6"
Accumulable registered as "h7"
Accumulable registered as "h8"
Accumulable registered as "h9"
Accumulable registered as "h10"
Accumulable registered as "h11"
Accumulable registered as "h12"
Accumulable registered as "h13"
Accumulable registered as "h14"
Accumulable registered as "h15"
Accumulable registered as "h16"
Accumulable registered as "h17"
Accumulable registered as "h18"
Accumulable registered as "h19"
Accumulable registered as "h20"
Accumulable registered as "h21"
Accumulable registered as "h22"
Accumulable registered as "h23"
Accumulable registered as "h24"
Accumulable registered as "h25"
Accumulable registered as "h26"
Accumulable registered as "h27"
Accumulable registered as "h28"
Accumulable registered as "h29"
Accumulable registered as "h30"
Accumulable registered as "h31"
Accumulable registered as "h32"
Accumulable registered as "h33"
Accumulable registered as "h34"
Accumulable registered as "h35"
Accumulable registered as "h36"
Accumulable registered as "h37"
Accumulable registered as "h38"
Accumulable registered as "h39"
Accumulable registered as "h40"
Accumulable registered as "h41"
Accumulable registered as "h42"
Accumulable registered as "h43"
Accumulable registered as "h44"
Accumulable registered as "h45"
Accumulable registered as "h46"
Accumulable registered as "h47"
Accumulable registered as "h48"
Accumulable registered as "h49"
Accumulable registered as "h50"
Accumulable registered as "h51"
Accumulable registered as "h52"
Accumulable registered as "h53"
Accumulable registered as "h54"
Accumulable registered as "h55"
Accumulable registered as "h56"
Accumulable registered as "h57"
Accumulable registered as "h58"
Accumulable registered as "h59"
Accumulable registered as "h60"
Accumulable registered as "h61"
Accumulable registered as "h62"
Accumulable registered as "h63"
Accumulable registered as "h64"
Accumulable registered as "h65"
Accumulable registered as "h66"
Accumulable registered as "h67"
Accumulable registered as "h68"
Accumulable registered as "h69"
Accumulable registered as "h70"
Accumulable registered as "h71"
Accumulable registered as "h72"
Accumulable registered as "h73"
Accumulable registered as "h74"
Accumulable registered as "h75"
Accumulable registered as "h76"
Accumulable registered as "h77"
Accumulable registered as "h78"
Accumulable registered as "h79"
Accumulable registered as "h80"
Accumulable registered as "h81"
Accumulable registered as "h82"
Accumulable registered as "h83"
Accumulable registered as "h84"
Accumulable registered as "h85"
Accumulable registered as "h86"
Accumulable registered as "h87"
Accumulable registered as "h88"
Accumulable registered as "h89"
Accumulable registered as "h90"
Accumulable registered as "h91"
Accumulable registered as "h92"
Accumulable registered as "h93"
Accumulable registered as "h94"
Accumulable registered as "h95"
Accumulable registered as "h96"
Accumulable registered as "h97"
Accumulable registered as "h98"
Accumulable registered as "h99"
Accumulable registered as "h100"
Accumulable registered as "h101"
Accumulable registered as "h102"
Accumulable registered as "h103"
Accumulable registered as "h104"
Accumulable registered as "h105"
Accumulable registered as "h106"
Accumulable registered as "h107"
Accumulable registered as "h108"
Accumulable registered as "h109"
Accumulable registered as "h110"
Accumulable registered as "h111"
Accumulable registered as "h112"
Accumulable registered as "h113"
Accumulable registered as "h114"
Accumulable registered as "h115"
Accumulable registered as "h116"
Accumulable registered as "h117"
Accumulable registered as "h118"
Accumulable registered as "h119"
Accumulable registered as "h120"
Accumulable registered as "h121"
Accumulable registered as "h122"
Accumulable registered as "h123"
Accumulable registered as "h124"
Accumulable registered as "h125"
Accumulable registered as "h126"
Accumulable registered as "h127"
Accumulable registered as "h128"
Accumulable registered as "h129"
Accumulable registered as "h130"
Accumulable registered as "h131"
Accumulable registered as "h132"
Accumulable registered as "h133"
Accumulable registered as "h134"
Accumulable registered as "h135"
Accumulable registered as "h136"
Accumulable registered as "h137"
Accumulable registered as "h138"
Accumulable registered as "h139"
Accumulable registered as "h140"
Accumulable registered as "h141"
Accumulable registered as "h142"
Accumulable registered as "h143"
Accumulable registered as "h144"
Accumulable registered as "h145"
Accumulable registered as "h146"
Accumulable registered as "h147"
Accumulable registered as "h148"
Accumulable registered as "h149"
Accumulable registered as "h150"
Accumulable registered as "h151"
Accumulable registered as "h152"
Accumulable registered as "h153"
Accumulable registered as "h154"
Accumulable registered as "h155"
Accumulable registered as "h156"
Accumulable registered as "h157"
Accumulable registered as "h158"
Accumulable registered as "h159"
Accumulable registered as "h160"
Accumulable registered as "h161"
Accumulable registered as "h162"
Accumulable registered as "h163"
Accumulable registered as "h164"
Accumulable registered as "h165"
Accumulable registered as "h166"
Accumulable registered as "h167"
Accumulable registered as "h168"
Accumulable registered as "h169"
Accumulable registered as "h170"
Accumulable registered as "h171"
Accumulable registered as "h172"
Accumulable registered as "h173"
Accumulable registered as "h174"
Accumulable registered as "h175"
Accumulable registered as "h176"
Accumulable registered as "h177"
Accumulable registered as "h178"
Accumulable registered as "h179"
Accumulable registered as "h180"
Accumulable registered as "h181"
Accumulable registered as "h182"
Accumulable registered as "h183"
Accumulable registered as "h184"
Accumulable registered as "h185"
Accumulable registered as "h186"
Accumulable registered as "h187"
Accumulable registered as "h188"
Accumulable registered as "h189"
Accumulable registered as "h190"
Accumulable registered as "h191"
Accumulable registered as "h192"
Accumulable registered as "h193"
Accumulable registered as "h194"
Accumulable registered as "h195"
Accumulable registered as "h196"
Accumulable registered as "h197"
Accumulable registered as "h198"
Accumulable registered as "h199"
Accumulable registered as "h200"
Accumulable registered as "h201"
Accumulable registered as "h202"
Accumulable registered as "h203"
Accumulable registered as "h204"
Accumulable registered as "h205"
Accumulable registered as "h206"
Accumulable registered as "h207"
Accumulable registered as "h208"
Accumulable registered as "h209"
Accumulable registered as "h210"
Accumulable registered as "h211"
Accumulable registered as "h212"
Accumulable registered as "h213"
Accumulable registered as "h214"
Accumulable registered as "h215"
Accumulable registered as "h216"
Accumulable registered as "h217"
Accumulable registered as "h218"
Accumulable registered as "h219"
Accumulable registered as "h220"
Accumulable registered as "h221"
Accumulable registered as "h222"
Accumulable registered as "h223"
Accumulable registered as "h224"
Accumulable registered as "h225"
Accumulable registered as "h226"
Accumulable registered as "h227"
Accumulable registered as "h228"
Accumulable registered as "h229"
Accumulable registered as "h230"
Accumulable registered as "h231"
Accumulable registered as "h232"
Accumulable registered as "h233"
Accumulable registered as "h234"
Accumulable registered as "h235"
Accumulable registered as "h236"
Accumulable registered as "h237"
Accumulable registered as "h238"
Accumulable registered as "h239"
Accumulable registered as "h240"
Accumulable registered as "h241"
Accumulable registered as "h242"
Accumulable registered as "h243"
Accumulable registered as "h244"
Accumulable registered as "h245"
Accumulable registered as "h246"
Accumulable registered as "h247"
Accumulable registered as "h248"
Accumulable registered as "h249"
Accumulable registered as "h250"
Accumulable registered as "h251"
Accumulable registered as "h252"
Accumulable registered as "h253"
Accumulable registered as "h254"
Accumulable registered as "h255"
Accumulable registered as "h256"
Accumulable registered as "h257"
Accumulable registered as "h258"
Accumulable registered as "h259"
Accumulable registered as "h260"
Accumulable registered as "h261"
Accumulable registered as "h262"
Accumulable registered as "h263"
Accumulable registered as "h264"
Accumulable registered as "h265"
Accumulable registered as "h266"
Accumulable registered as "h267"
Accumulable registered as "h268"
Accumulable registered as "h269"
Accumulable registered as "h270"
Accumulable registered as "h271"
Accumulable registered as "h272"
Accumulable registered as "h273"
Accumulable registered as "h274"
Accumulable registered as "h275"
Accumulable registered as "h276"
Accumulable registered as "h277"
Accumulable registered as "h278"
Accumulable registered as "h279"
Accumulable registered as "h280"
Accumulable registered as "h281"
Accumulable registered as "h282"
Accumulable registered as "h283"
Accumulable registered as "h284"
Accumulable registered as "h285"
Accumulable registered as "h286"
Accumulable registered as "h287"
Accumulable registered as "h288"
Accumulable registered as "h289"
Accumulable registered as "h290"
Accumulable registered as "h291"
Accumulable registered as "h292"
Accumulable registered as "h293"
Accumulable registered as "h294"
Accumulable registered as "h295"
Accumulable registered as "h296"
Accumulable registered as "h297"
Accumulable registered as "h298"
Accumulable registered as "h299"
Accumulable registered as "h300"
Accumulable registered as "h301"
Accumulable registered as "h302"
Accumulable registered as "h303"
Accumulable registered as "h304"
Accumulable registered as "h305"
Accumulable registered as "h306"
Accumulable registered as "h307"
Accumulable registered as "h308"
Accumulable registered as "h309"
Accumulable registered as "h310"
Accumulable registered as "h311"
Accumulable registered as "h312"
Accumulable registered as "h313"
Accumulable registered as "h314"
Accumulable registered as "h315"
Accumulable registered as "h316"
Accumulable registered as "h317"
Accumulable registered as "h318"
Accumulable registered as "h319"
Accumulable registered as "h320"
Accumulable registered as "h321"
Accumulable registered as "h322"
Accumulable registered as "h323"
Accumulable registered as "h324"
Accumulable registered as "h325"
Accumulable registered as "h326"
Accumulable registered as "h327"
Accumulable registered as "h328"
Accumulable registered as "h329"
Accumulable registered as "h330"
Accumulable registered as "h331"
Accumulable registered as "h332"
Accumulable registered as "h333"
Accumulable registered as "h334"
Accumulable registered as "h335"
Accumulable registered as "h336"
Accumulable registered as "h337"
Accumulable registered as "h338"
Accumulable registered as "h339"
Accumulable registered as "h340"
Accumulable registered as "h341"
Accumulable registered as "h342"
Accumulable registered as "h343"
Accumulable registered as "h344"
Accumulable registered as "h345"
Accumulable registered as "h346"
Accumulable registered as "h347"
Accumulable registered as "h348"
Accumulable registered as "h349"
Accumulable registered as "h350"
Accumulable registered as "h351"
Accumulable registered as "h352"
Accumulable registered as "h353"
Accumulable registered as "h354"
Accumulable registered as "h355"
Accumulable registered as "h356"
Accumulable registered as "h357"
Accumulable registered as "h358"
Accumulable registered as "h359"
Accumulable registered as "h360"
Accumulable registered as "h361"
Accumulable registered as "h362"
Accumulable registered as "h363"
Accumulable registered as "h364"
Accumulable registered as "h365"
Accumulable registered as "h366"
Accumulable registered as "h367"
Accumulable registered as "h368"
Accumulable registered as "h369"
Accumulable registered as "h370"
Accumulable registered as "h371"
Accumulable registered as "h372"
Accumulable registered as "h373"
Accumulable registered as "h374"
Accumulable registered as "h375"
Accumulable registered as "h376"
Accumulable registered as "h377"
Accumulable registered as "h378"
Accumulable registered as "h379"
Accumulable registered as "h380"
Accumulable registered as "h381"
Accumulable registered as "h382"
Accumulable registered as "h383"
Accumulable registered as "h384"
Accumulable registered as "h385"
Accumulable registered as "h386"
Accumulable registered as "h387"
Accumulable registered as "h388"
Accumulable registered as "h389"
Accumulable registered as "h390"
Accumulable registered as "h391"
Accumulable registered as "h392"
Accumulable registered as "h393"
Accumulable registered as "h394"
Accumulable registered as "h395"
Accumulable registered as "h396"
Accumulable registered as "h397"
Accumulable registered as "h398"
Accumulable registered as "h399"
Accumulable registered as "h400"
Accumulable registered as "h401"
Accumulable registered as "h402"
Accumulable registered as "h403"
Accumulable registered as "h404"
Accumulable registered as "h405"
Accumulable registered as "h406"
Accumulable registered as "h407"
Accumulable registered as "h408"
Accumulable registered as "h409"
Accumulable registered as "h410"
Accumulable registered as "h411"
Accumulable registered as "h412"
Accumulable registered as "h413"
Accumulable registered as "h414"
Accumulable registered as "h415"
Accumulable registered as "h416"
Accumulable registered as "h417"
Accumulable registered as "h418"
Accumulable registered as "h419"
Accumulable registered as "h420"
Accumulable registered as "h421"
Accumulable registered as "h422"
Accumulable registered as "h423"
Accumulable registered as "h424"
Accumulable registered as "h425"
Accumulable registered as "h426"
Accumulable registered as "h427"
Accumulable registered as "h428"
Accumulable registered as "h429"
Accumulable registered as "h430"
Accumulable registered as "h431"
Accumulable registered as "h432"
Accumulable registered as "h433"
Accumulable registered as "h434"
Accumulable registered as "h435"
Accumulable registered as "h436"
Accumulable registered as "h437"
Accumulable registered as "h438"
Accumulable registered as "h439"
Accumulable registered as "h440"
Accumulable registered as "h441"
Accumulable registered as "h442"
Accumulable registered as "h443"
Accumulable registered as "h444"
Accumulable registered as "h445"
Accumulable registered as "h446"
Accumulable registered as "h447"
Accumulable registered as "h448"
Accumulable registered as "h449"
Accumulable registered as "h450"
Accumulable registered as "h451"
Accumulable registered as "h452"
Accumulable registered as "h453"
Accumulable registered as "h454"
Accumulable registered as "h455"
Accumulable registered as "h456"
Accumulable registered as "h457"
Accumulable registered as "h458"
Accumulable registered as "h459"
Accumulable registered as "h460"
Accumulable registered as "h461"
Accumulable registered as "h462"
Accumulable registered as "h463"
Accumulable registered as "h464"
Accumulable registered as "h465"
Accumulable registered as "h466"
Accumulable registered as "h467"
Accumulable registered as "h468"
Accumulable registered as "h469"
Accumulable registered as "h470"
Accumulable registered as "h471"
Accumulable registered as "h472"
Accumulable registered as "h473"
Accumulable registered as "h474"
Accumulable registered as "h475"
Accumulable registered as "h476"
Accumulable registered as "h477"
Accumulable registered as "h478"
Accumulable registered as "h479"
Accumulable registered as "h480"
Accumulable registered as "h481"
Accumulable registered as "h482"
Accumulable registered as "h483"
Accumulable registered as "h484"
Accumulable registered as "h485"
Accumulable registered as "h486"
Accumulable registered as "h487"
Accumulable registered as "h488"
Accumulable registered as "h489"
Accumulable registered as "h490"
Accumulable registered as "h491"
Accumulable registered as "h492"
Accumulable registered as "h493"
Accumulable registered as "h494"
Accumulable registered as "h495"
Accumulable registered as "h496"
Accumulable registered as "h497"
Accumulable registered as "h498"
Accumulable registered as "h499"
Accumulable registered as "h500"
Accumulable registered as "h501"
Accumulable registered as "h502"
Accumulable registered as "h503"
Accumulable registered as "h504"
Accumulable registered as "h505"
Accumulable registered as "h506"
Accumulable registered as "h507"
Accumulable registered as "h508"
Accumulable registered as "h509"
Accumulable registered as "h510"
Accumulable registered as "h511"
Accumulable registered as "h512"
Accumulable registered as "h513"
Accumulable registered as "h514"
Accumulable registered as "h515"
Accumulable registered as "h516"
Accumulable registered as "h517"
Accumulable registered as "h518"
Accumulable registered as "h519"
Accumulable registered as "h520"
Accumulable registered as "h521"
Accumulable registered as "h522"
Accumulable registered as "h523"
Accumulable registered as "h524"
Accumulable registered as "h525"
Accumulable registered as "h526"
Accumulable registered as "h527"
Accumulable registered as "h528"
Accumulable registered as "h529"
Accumulable registered as "h530"
Accumulable registered as "h531"
Accumulable registered as "h532"
Accumulable registered as "h533"
Accumulable registered as "h534"
Accumulable registered as "h535"
Accumulable registered as "h536"
Accumulable registered as "h537"
Accumulable registered as "h538"
Accumulable registered as "h539"
Accumulable registered as "h540"
Accumulable registered as "h541"
Accumulable registered as "h542"
Accumulable registered as "h543"
Accumulable registered as "h544"
Accumulable registered as "h545"
Accumulable registered as "h546"
Accumulable registered as "h547"
Accumulable registered as "h548"
Accumulable registered as "h549"
Accumulable registered as "h550"
Accumulable registered as "h551"
Accumulable registered as "h552"
Accumulable registered as "h553"
Accumulable registered as "h554"
Accumulable registered as "h555"
Accumulable registered as "h556"
Accumulable registered as "h557"
Accumulable registered as "h558"
Accumulable registered as "h559"
Accumulable registered as "h560"
Accumulable registered as "h561"
Accumulable registered as "h562"
Accumulable registered as "h563"
Accumulable registered as "h564"
Accumulable registered as "h565"
Accumulable registered as "h566"
Accumulable registered as "h567"
Accumulable registered as "h568"
Accumulable registered as "h569"
Accumulable registered as "h570"
Accumulable registered as "h571"
Accumulable registered as "h572"
Accumulable registered as "h573"
Accumulable registered as "h574"
Accumulable registered as "h575"
Accumulable registered as "h576"
Accumulable registered as "h577"
Accumulable registered as "h578"
Accumulable registered as "h579"
Accumulable registered as "h580"
Accumulable registered as "h581"
Accumulable registered as "h582"
Accumulable registered as "h583"
Accumulable registered as "h584"
Accumulable registered as "h585"
Accumulable registered as "h586"
Accumulable registered as "h587"
Accumulable registered as "h588"
Accumulable registered as "h589"
Accumulable registered as "h590"
Accumulable registered as "h591"
Accumulable registered as "h592"
Accumulable registered as "h593"
Accumulable registered as "h594"
Accumulable registered as "h595"
Accumulable registered as "h596"
Accumulable registered as "h597"
Accumulable registered as "h598"
Accumulable registered as "h599"
Accumulable registered as "h600"
Accumulable registered as "h601"
Accumulable registered as "h602"
Accumulable registered as "h603"
Accumulable registered as "h604"
Accumulable registered as "h605"
Accumulable registered as "h606"
Accumulable registered as "h607"
Accumulable registered as "h608"
Accumulable registered as "h609"
Accumulable registered as "h610"
Accumulable registered as "h611"
Accumulable registered as "h612"
Accumulable registered as "h613"
Accumulable registered as "h614"
Accumulable registered as "h615"
Accumulable registered as "h616"
Accumulable registered as "h617"
Accumulable registered as "h618"
Accumulable registered as "h619"
Accumulable registered as "h620"
Accumulable registered as "h621"
Accumulable registered as "h622"
Accumulable registered as "h623"
Accumulable registered as "h624"
Accumulable registered as "h625"
Accumulable registered as "h626"
Accumulable registered as "h627"
Accumulable registered as "h628"
Accumulable registered as "h629"
Accumulable registered as "h630"
Accumulable registered as "h631"
Accumulable registered as "h632"
Accumulable registered as "h633"
Accumulable registered as "h634"
Accumulable registered as "h635"
Accumulable registered as "h636"
Accumulable registered as "h637"
Accumulable registered as "h638"
Accumulable registered as "h639"
Accumulable registered as "h640"
Accumulable registered as "h641"
Accumulable registered as "h642"
Accumulable registered as "h643"
Accumulable registered as "h644"
Accumulable registered as "h645"
Accumulable registered as "h646"
Accumulable registered as "h647"
Accumulable registered as "h648"
Accumulable registered as "h649"
Accumulable registered as "h650"
Accumulable registered as "h651"
Accumulable registered as "h652"
Accumulable registered as "h653"
Accumulable registered as "h654"
Accumulable registered as "h655"
Accumulable registered as "h656"
Accumulable registered as "h657"
Accumulable registered as "h658"
Accumulable registered as "h659"
Accumulable registered as "h660"
Accumulable registered as "h661"
Accumulable registered as "h662"
Accumulable registered as "h663"
Accumulable registered as "h664"
Accumulable registered as "h665"
Accumulable registered as "h666"
Accumulable registered as "h667"
Accumulable registered as "h668"
Accumulable registered as "h669"
Accumulable registered as "h670"
Accumulable registered as "h671"
Accumulable registered as "h672"
Accumulable registered as "h673"
Accumulable registered as "h674"
Accumulable registered as "h675"
Accumulable registered as "h676"
Accumulable registered as "h677"
Accumulable registered as "h678"
Accumulable registered as "h679"
Accumulable registered as "h680"
Accumulable registered as "h681"
Accumulable registered as "h682"
Accumulable registered as "h683"
Accumulable registered as "h684"
Accumulable registered as "h685"
Accumulable registered as "h686"
Accumulable registered as "h687"
Accumulable registered as "h688"
Accumulable registered as "h689"
Accumulable registered as "h690"
Accumulable registered as "h691"
Accumulable registered as "h692"
Accumulable registered as "h693"
Accumulable registered as "h694"
Accumulable registered as "h695"
Accumulable registered as "h696"
Accumulable registered as "h697"
Accumulable registered as "h698"
Accumulable registered as "h699"
Accumulable registered as "h700"
Accumulable registered as "h701"
Accumulable registered as "h702"
Accumulable registered as "h703"
Accumulable registered as "h704"
Accumulable registered as "h705"
Accumulable registered as "h706"
Accumulable registered as "h707"
Accumulable registered as "h708"
Accumulable registered as "h709"
Accumulable registered as "h710"
Accumulable registered as "h711"
Accumulable registered as "h712"
Accumulable registered as "h713"
Accumulable registered as "h714"
Accumulable registered as "h715"
Accumulable registered as "h716"
Accumulable registered as "h717"
Accumulable registered as "h718"
Accumulable registered as "h719"
Accumulable registered as "h720"
Accumulable registered as "h721"
Accumulable registered as "h722"
Accumulable registered as "h723"
Accumulable registered as "h724"
Accumulable registered as "h725"
Accumulable registered as "h726"
Accumulable registered as "h727"
Accumulable registered as "h728"
Accumulable registered as "h729"
Accumulable registered as "h730"
Accumulable registered as "h731"
Accumulable registered as "h732"
Accumulable registered as "h733"
Accumulable registered as "h734"
Accumulable registered as "h735"
Accumulable registered as "h736"
Accumulable registered as "h737"
Accumulable registered as "h738"
Accumulable registered as "h739"
Accumulable registered as "h740"
Accumulable registered as "h741"
Accumulable registered as "h742"
Accumulable registered as "h743"
Accumulable registered as "h744"
Accumulable registered as "h745"
Accumulable registered as "h746"
Accumulable registered as "h747"
Accumulable registered as "h748"
Accumulable registered as "h749"
Accumulable registered as "h750"
Accumulable registered as "h751"
Accumulable registered as "h752"
Accumulable registered as "h753"
Accumulable registered as "h754"
Accumulable registered as "h755"
Accumulable registered as "h756"
Accumulable registered as "h757"
Accumulable registered as "h758"
Accumulable registered as "h759"
Accumulable registered as "h760"
Accumulable registered as "h761"
Accumulable registered as "h762"
Accumulable registered as "h763"
Accumulable registered as "h764"
Accumulable registered as "h765"
Accumulable registered as "h766"
Accumulable registered as "h767"
Accumulable registered as "h768"
Accumulable registered as "h769"
Accumulable registered as "h770"
Accumulable registered as "h771"
Accumulable registered as "h772"
Accumulable registered as "h773"
Accumulable registered as "h774"
Accumulable registered as "h775"
Accumulable registered as "h776"
Accumulable registered as "h777"
Accumulable registered as "h778"
Accumulable registered as "h779"
Accumulable registered as "h780"
Accumulable registered as "h781"
Accumulable registered as "h782"
Accumulable registered as "h783"
Accumulable registered as "h784"
Accumulable registered as "h785"
Accumulable registered as "h786"
Accumulable registered as "h787"
Accumulable registered as "h788"
Accumulable registered as "h789"
Accumulable registered as "h790"
Accumulable registered as "h791"
Accumulable registered as "h792"
Accumulable registered as "h793"
Accumulable registered as "h794"
Accumulable registered as "h795"
Accumulable registered as "h796"
Accumulable registered as "h797"
Accumulable registered as "h798"
Accumulable registered as "h799"
Accumulable registered as "h800"
Accumulable registered as "h801"
Accumulable registered as "h802"
Accumulable registered as "h803"
Accumulable registered as "h804"
Accumulable registered as "h805"
Accumulable registered as "h806"
Accumulable registered as "h807"
Accumulable registered as "h808"
Accumulable registered as "h809"
Accumulable registered as "h810"
Accumulable registered as "h811"
Accumulable registered as "h812"
Accumulable registered as "h813"
Accumulable registered as "h814"
Accumulable registered as "h815"
Accumulable registered as "h816"
Accumulable registered as "h817"
Accumulable registered as "h818"
Accumulable registered as "h819"
Accumulable registered as "h820"
Accumulable registered as "h821"
Accumulable registered as "h822"
Accumulable registered as "h823"
Accumulable registered as "h824"
Accumulable registered as "h825"
Accumulable registered as "h826"
Accumulable registered as "h827"
Accumulable registered as "h828"
Accumulable registered as "h829"
Accumulable registered as "h830"
Accumulable registered as "h831"
Accumulable registered as "h832"
Accumulable registered as "h833"
Accumulable registered as "h834"
Accumulable registered as "h835"
Accumulable registered as "h836"
Accumulable registered as "h837"
Accumulable registered as "h838"
Accumulable registered as "h839"
Accumulable registered as "h840"
Accumulable registered as "h841"
Accumulable registered as "h842"
Accumulable registered as "h843"
Accumulable registered as "h844"
Accumulable registered as "h845"
Accumulable registered as "h846"
Accumulable registered as "h847"
Accumulable registered as "h848"
Accumulable registered as "h849"
Accumulable registered as "h850"
Accumulable registered as "h851"
Accumulable registered as "h852"
Accumulable registered as "h853"
Accumulable registered as "h854"
Accumulable registered as "h855"
Accumulable registered as "h856"
Accumulable registered as "h857"
Accumulable registered as "h858"
Accumulable registered as "h859"
Accumulable registered as "h860"
Accumulable registered as "h861"
Accumulable registered as "h862"
Accumulable registered as "h863"
Accumulable registered as "h864"
Accumulable registered as "h865"
Accumulable registered as "h866"
Accumulable registered as "h867"
Accumulable registered as "h868"
Accumulable registered as "h869"
Accumulable registered as "h870"
Accumulable registered as "h871"
Accumulable registered as "h872"
Accumulable registered as "h873"
Accumulable registered as "h874"
Accumulable registered as "h875"
Accumulable registered as "h876"
Accumulable registered as "h877"
Accumulable registered as "h878"
Accumulable registered as "h879"
Accumulable registered as "h880"
Accumulable registered as "h881"
Accumulable registered as "h882"
Accumulable registered as "h883"
Accumulable registered as "h884"
Accumulable registered as "h885"
Accumulable registered as "h886"
Accumulable registered as "h887"
Accumulable registered as "h888"
Accumulable registered as "h889"
Accumulable registered as "h890"
Accumulable registered as "h891"
Accumulable registered as "h892"
Accumulable registered as "h893"
Accumulable registered as "h894"
Accumulable registered as "h895"
Accumulable registered as "h896"
Accumulable registered as "h897"
Accumulable registered as "h898"
Accumulable registered as "h899"
Accumulable registered as "h900"
Accumulable registered as "h901"
Accumulable registered as "h902"
Accumulable registered as "h903"
Accumulable registered as "h904"
Accumulable registered as "h905"
Accumulable registered as "h906"
Accumulable registered as "h907"
Accumulable registered as "h908"
Accumulable registered as "h909"
Accumulable registered as "h910"
Accumulable registered as "h911"
Accumulable registered as "h912"
Accumulable registered as "h913"
Accumulable registered as "h914"
Accumulable registered as "h915"
Accumulable registered as "h916"
Accumulable registered as "h917"
Accumulable registered as "h918"
Accumulable registered as "h919"
Accumulable registered as "h920"
Accumulable registered as "h921"
Accumulable registered as "h922"
Accumulable registered as "h923"
Accumulable registered as "h924"
Accumulable registered as "h925"
Accumulable registered as "h926"
Accumulable registered as "h927"
Accumulable registered as "h928"
Accumulable registered as "h929"
Accumulable registered as "h930"
Accumulable registered as "h931"
Accumulable registered as "h932"
Accumulable registered as "h933"
Accumulable registered as "h934"
Accumulable registered as "h935"
Accumulable registered as "h936"
Accumulable registered as "h937"
Accumulable registered as "h938"
Accumulable registered as "h939"
Accumulable registered as "h940"
Accumulable registered as "h941"
Accumulable registered as "h942"
Accumulable registered as "h943"
Accumulable registered as "h944"
Accumulable registered as "h945"
Accumulable registered as "h946"
Accumulable registered as "h947"
Accumulable registered as "h948"
Accumulable registered as "h949"
Accumulable registered as "h950"
Accumulable registered as "h951"
Accumulable registered as "h952"
Accumulable registered as "h953"
Accumulable registered as "h954"
Accumulable registered as "h955"
Accumulable registered as "h956"
Accumulable registered as "h957"
Accumulable registered as "h958"
Accumulable registered as "h959"
Accumulable registered as "h960"
Accumulable registered as "h961"
Accumulable registered as "h962"
Accumulable registered as "h963"
Accumulable registered as "h964"
Accumulable registered as "h965"
Accumulable registered as "h966"
Accumulable registered as "h967"
Accumulable registered as "h968"
Accumulable registered as "h969"
Accumulable registered as "h970"
Accumulable registered as "h971"
Accumulable registered as "h972"
Accumulable registered as "h973"
Accumulable registered as "h974"
Accumulable registered as "h975"
Accumulable registered as "h976"
Accumulable registered as "h977"
Accumulable registered as "h978"
Accumulable registered as "h979"
Accumulable registered as "h980"
Accumulable registered as "h981"
Accumulable registered as "h982"
Accumulable registered as "h983"
Accumulable registered as "h984"
Accumulable registered as "h985"
Accumulable registered as "h986"
Accumulable registered as "h987"
Accumulable registered as "h988"
Accumulable registered as "h989"
Accumulable registered as "h990"
Accumulable registered as "h991"
Accumulable registered as "h992"
Accumulable registered as "h993"
Accumulable registered as "h994"
Accumulable registered as "h995"
Accumulable registered as "h996"
Accumulable registered as "h997"
Accumulable registered as "h998"
Accumulable registered as "h999"
Accumulable registered as "h1000"
Accumulable registered as "h1001"
Accumulable registered as "h1002"
Accumulable registered as "h1003"
Accumulable registered as "h1004"
Accumulable registered as "h1005"
Accumulable registered as "h1006"
Accumulable registered as "h1007"
Accumulable registered as "h1008"
Accumulable registered as "h1009"
Accumulable registered as "h1010"
Accumulable registered as "h1011"
Accumulable registered as "h1012"
Accumulable registered as "h1013"
Accumulable registered as "h1014"
Accumulable registered as "h1015"
Accumulable registered as "h1016"
Accumulable registered as "h1017"
Accumulable registered as "h1018"
Accumulable registered as "h1019"
Accumulable registered as "h1020"
Accumulable registered as "h1021"
Accumulable registered as "h1022"
Accumulable registered as "h1023"
Accumulable registered as "h1024"
Accumulable registered as "h1025"
Accumulable registered as "h1026"
Accumulable registered as "h1027"
Accumulable registered as "h1028"
Accumulable registered as "h1029"
Accumulable registered as "h1030"
Accumulable registered as "h1031"
Accumulable registered as "h1032"
Accumulable registered as "h1033"
Accumulable registered as "h1034"
Accumulable registered as "h1035"
Accumulable registered as "h1036"
Accumulable registered as "h1037"
Accumulable registered as "h1038"
Accumulable registered as "h1039"
Accumulable registered as "h1040"
Accumulable registered as "h1041"
Accumulable registered as "h1042"
Accumulable registered as "h1043"
Accumulable registered as "h1044"
Accumulable registered as "h1045"
Accumulable registered as "h1046"
Accumulable registered as "h1047"
Accumulable registered as "h1048"
Accumulable registered as "h1049"
Accumulable registered as "h1050"
Accumulable registered as "h1051"
Accumulable registered as "h1052"
Accumulable registered as "h1053"
Accumulable registered as "h1054"
Accumulable registered as "h1055"
Accumulable registered as "h1056"
Accumulable registered as "h1057"
Accumulable registered as "h1058"
Accumulable registered as "h1059"
Accumulable registered as "h1060"
Accumulable registered as "h1061"
Accumulable registered as "h1062"
Accumulable registered as "h1063"
Accumulable registered as "h1064"
Accumulable registered as "h1065"
Accumulable registered as "h1066"
Accumulable registered as "h1067"
Accumulable registered as "h1068"
Accumulable registered as "h1069"
Accumulable registered as "h1070"
Accumulable registered as "h1071"
Accumulable registered as "h1072"
Accumulable registered as "h1073"
Accumulable registered as "h1074"
Accumulable registered as "h1075"
Accumulable registered as "h1076"
Accumulable registered as "h1077"
Accumulable registered as "h1078"
Accumulable registered as "h1079"
Accumulable registered as "h1080"
Accumulable registered as "h1081"
Accumulable registered as "h1082"
Accumulable registered as "h1083"
Accumulable registered as "h1084"
Accumulable registered as "h1085"
Accumulable registered as "h1086"
Accumulable registered as "h1087"
Accumulable registered as "h1088"
Accumulable registered as "h1089"
Accumulable registered as "h1090"
Accumulable registered as "h1091"
Accumulable registered as "h1092"
Accumulable registered as "h1093"
Accumulable registered as "h1094"
Accumulable registered as "h1095"
Accumulable registered as "h1096"
Accumulable registered as "h1097"
Accumulable registered as "h1098"
Accumulable registered as "h1099"
Accumulable registered as "h1100"
Accumulable registered as "h1101"
Accumulable registered as "h1102"
Accumulable registered as "h1103"
Accumulable registered as "h1104"
Accumulable registered as "h1105"
Accumulable registered as "h1106"
Accumulable registered as "h1107"
Accumulable registered as "h1108"
Accumulable registered as "h1109"
Accumulable registered as "h1110"
Accumulable registered as "h1111"
Accumulable registered as "h1112"
Accumulable registered as "h1113"
Accumulable registered as "h1114"
Accumulable registered as "h1115"
Accumulable registered as "h1116"
Accumulable registered as "h1117"
Accumulable registered as "h1118"
Accumulable registered as "h1119"
Accumulable registered as "h1120"
Accumulable registered as "h1121"
Accumulable registered as "h1122"
Accumulable registered as "h1123"
Accumulable registered as "h1124"
Accumulable registered as "h1125"
Accumulable registered as "h1126"
Accumulable registered as "h1127"
Accumulable registered as "h1128"
Accumulable registered as "h1129"
Accumulable registered as "h1130"
Accumulable registered as "h1131"
Accumulable registered as "h1132"
Accumulable registered as "h1133"
Accumulable registered as "h1134"
Accumulable registered as "h1135"
Accumulable registered as "h1136"
Accumulable registered as "h1137"
Accumulable registered as "h1138"
Accumulable registered as "h1139"
Accumulable registered as "h1140"
Accumulable registered as "h1141"
Accumulable registered as "h1142"
Accumulable registered as "h1143"
Accumulable registered as "h1144"
Accumulable registered as "h1145"
Accumulable registered as "h1146"
Accumulable registered as "h1147"
Accumulable registered as "h1148"
Accumulable registered as "h1149"
Accumulable registered as "h1150"
Accumulable registered as "h1151"
Accumulable registered as "h1152"
Accumulable registered as "h1153"
Accumulable registered as "h1154"
Accumulable registered as "h1155"
Accumulable registered as "h1156"
Accumulable registered as "h1157"
Accumulable registered as "h1158"
Accumulable registered as "h1159"
Accumulable registered as "h1160"
Accumulable registered as "h1161"
Accumulable registered as "h1162"
Accumulable registered as "h1163"
Accumulable registered as "h1164"
Accumulable registered as "h1165"
Accumulable registered as "h1166"
Accumulable registered as "h1167"
Accumulable registered as "h1168"
Accumulable registered as "h1169"
Accumulable registered as "h1170"
Accumulable registered as "h1171"
Accumulable registered as "h1172"
Accumulable registered as "h1173"
Accumulable registered as "h1174"
Accumulable registered as "h1175"
Accumulable registered as "h1176"
Accumulable registered as "h1177"
Accumulable registered as "h1178"
Accumulable registered as "h1179"
Accumulable registered as "h1180"
Accumulable registered as "h1181"
Accumulable registered as "h1182"
Accumulable registered as "h1183"
Accumulable registered as "h1184"
Accumulable registered as "h1185"
Accumulable registered as "h1186"
Accumulable registered as "h1187"
Accumulable registered as "h1188"
Accumulable registered as "h1189"
Accumulable registered as "h1190"
Accumulable registered as "h1191"
Accumulable registered as "h1192"
Accumulable registered as "h1193"
Accumulable registered as "h1194"
Accumulable registered as "h1195"
Accumulable registered as "h1196"
Accumulable registered as "h1197"
Accumulable registered as "h1198"
Accumulable registered as "h1199"
Accumulable registered as "h1200"
Accumulable registered as "h1201"
Accumulable registered as "h1202"
Accumulable registered as "h1203"
Accumulable registered as "h1204"
Accumulable registered as "h1205"
Accumulable registered as "h1206"
Accumulable registered as "h1207"
Accumulable registered as "h1208"
Accumulable registered as "h1209"
Accumulable registered as "h1210"
Accumulable registered as "h1211"
Accumulable registered as "h1212"
Accumulable registered as "h1213"
Accumulable registered as "h1214"
Accumulable registered as "h1215"
Accumulable registered as "h1216"
Accumulable registered as "h1217"
Accumulable registered as "h1218"
Accumulable registered as "h1219"
Accumulable registered as "h1220"
Accumulable registered as "h1221"
Accumulable registered as "h1222"
Accumulable registered as "h1223"
Accumulable registered as "h1224"
Accumulable registered as "h1225"
Accumulable registered as "h1226"
Accumulable registered as "h1227"
Accumulable registered as "h1228"
Accumulable registered as "h1229"
Accumulable registered as "h1230"
Accumulable registered as "h1231"
Accumulable registered as "h1232"
Accumulable registered as "h1233"
Accumulable registered as "h1234"
Accumulable registered as "h1235"
Accumulable registered as "h1236"
Accumulable registered as "h1237"
Accumulable registered as "h1238"
Accumulable registered as "h1239"
Accumulable registered as "h1240"
Accumulable registered as "h1241"
Accumulable registered as "h1242"
Accumulable registered as "h1243"
Accumulable registered as "h1244"
Accumulable registered as "h1245"
Accumulable registered as "h1246"
Accumulable registered as "h1247"
Accumulable registered as "h1248"
Accumulable registered as "h1249"
Accumulable registered as "h1250"
Accumulable registered as "h1251"
Accumulable registered as "h1252"
Accumulable registered as "h1253"
Accumulable registered as "h1254"
Accumulable registered as "h1255"
Accumulable registered as "h1256"
Accumulable registered as "h1257"
Accumulable registered as "h1258"
Accumulable registered as "h1259"
Accumulable registered as "h1260"
Accumulable registered as "h1261"
Accumulable registered as "h1262"
Accumulable registered as "h1263"
Accumulable registered as "h1264"
Accumulable registered as "h1265"
Accumulable registered as "h1266"
Accumulable registered as "h1267"
Accumulable registered as "h1268"
Accumulable registered as "h1269"
Accumulable registered as "h1270"
Accumulable registered as "h1271"
Accumulable registered as "h1272"
Accumulable registered as "h1273"
Accumulable registered as "h1274"
Accumulable registered as "h1275"
Accumulable registered as "h1276"
Accumulable registered as "h1277"
Accumulable registered as "h1278"
Accumulable registered as "h1279"
Accumulable registered as "h1280"
Accumulable registered as "h1281"
Accumulable registered as "h1282"
Accumulable registered as "h1283"
Accumulable registered as "h1284"
Accumulable registered as "h1285"
Accumulable registered as "h1286"
Accumulable registered as "h1287"
Accumulable registered as "h1288"
Accumulable registered as "h1289"
Accumulable registered as "h1290"
Accumulable registered as "h1291"
Accumulable registered as "h1292"
Accumulable registered as "h1293"
Accumulable registered as "h1294"
Accumulable registered as "h1295"
Accumulable registered as "h1296"
Accumulable registered as "h1297"
Accumulable registered as "h1298"
Accumulable registered as "h1299"
Accumulable registered as "h1300"
Accumulable registered as "h1301"
Accumulable registered as "h1302"
Accumulable registered as "h1303"
Accumulable registered as "h1304"
Accumulable registered as "h1305"
Accumulable registered as "h1306"
Accumulable registered as "h1307"
Accumulable registered as "h1308"
Accumulable registered as "h1309"
Accumulable registered as "h1310"
Accumulable registered as "h1311"
Accumulable registered as "h1312"
Accumulable registered as "h1313"
Accumulable registered as "h1314"
Accumulable registered as "h1315"
Accumulable registered as "h1316"
Accumulable registered as "h1317"
Accumulable registered as "h1318"
Accumulable registered as "h1319"
Accumulable registered as "h1320"
Accumulable registered as "h1321"
Accumulable registered as "h1322"
Accumulable registered as "h1323"
Accumulable registered as "h1324"
Accumulable registered as "h1325"
Accumulable registered as "h1326"
Accumulable registered as "h1327"
Accumulable registered as "h1328"
Accumulable registered as "h1329"
Accumulable registered as "h1330"
Accumulable registered as "h1331"
Accumulable registered as "h1332"
Accumulable registered as "h1333"
Checking overlaps for volume r6:0 (G4Tubs) ... OK! 
Checking overlaps for volume r5:0 (G4Tubs) ... OK! 
Checking overlaps for volume r4:0 (G4Tubs) ... OK! 
Checking overlaps for volume r3:0 (G4Tubs) ... OK! 
Checking overlaps for volume r2:0 (G4Tubs) ... OK! 
Checking overlaps for volume r1:0 (G4Tubs) ... OK! 
Checking overlaps for volume r0:0 (G4Tubs) ... OK! 
=======================================================================
======                 Electromagnetic Physics Parameters      ========
=======================================================================
LPM effect enabled                                 1
Enable creation and use of sampling tables         0
Apply cuts on all EM processes                     0
Use combined TransportationWithMsc                 Disabled
Use general process                                1
Enable linear polarisation for gamma               0
Enable photoeffect sampling below K-shell          1
Enable sampling of quantum entanglement            0
X-section factor for integral approach             0.8
Min kinetic energy for tables                      100 eV 
Max kinetic energy for tables                      100 TeV
Number of bins per decade of a table               20
Verbose level                                      1
Verbose level for worker thread                    0
Bremsstrahlung energy threshold above which 
  primary e+- is added to the list of secondary    100 TeV
Bremsstrahlung energy threshold above which primary
  muon/hadron is added to the list of secondary    100 TeV
Positron annihilation at rest model                AllisonPositronium
Enable 3 gamma annihilation on fly                 1
Lowest triplet kinetic energy                      1 MeV
Enable sampling of gamma linear polarisation       0
5D gamma conversion model type                     0
5D gamma conversion model on isolated ion          0
Use RiGe 5D e+e- pair production model by muons    0
Livermore data directory                           epics_2017
=======================================================================
======                 Ionisation Parameters                   ========
=======================================================================
Step function for e+-                              (0.2, 0.01 mm)
Step function for muons/hadrons                    (0.1, 0.05 mm)
Step function for light ions                       (0.1, 0.02 mm)
Step function for general ions                     (0.1, 0.001 mm)
Lowest e+e- kinetic energy                         100 eV 
Lowest muon/hadron kinetic energy                  1 keV
Use ICRU90 data                                    1
Fluctuations of dE/dx are enabled                  1
Type of fluctuation model for leptons and hadrons  Urban
Use built-in Birks saturation                      0
Build CSDA range enabled                           0
Use cut as a final range enabled                   0
Enable angular generator interface                 1
Max kinetic energy for CSDA tables                 1 GeV
Max kinetic energy for NIEL computation            1 MeV
Linear loss limit                                  0.01
Read data from file for e+e- pair production by mu 0
=======================================================================
======                 Multiple Scattering Parameters          ========
=======================================================================
Type of msc step limit algorithm for e+-           2
Type of msc step limit algorithm for muons/hadrons 0
Msc lateral displacement for e+- enabled           1
Msc lateral displacement for muons and hadrons     1
Urban msc model lateral displacement alg96         1
Range factor for msc step limit for e+-            0.08
Range factor for msc step limit for muons/hadrons  0.2
Geometry factor for msc step limitation of e+-     2.5
Safety factor for msc step limit for e+-           0.6
Skin parameter for msc step limitation of e+-      3
Lambda limit for msc step limit for e+-            1 mm
Use Mott correction for e- scattering              1
Factor used for dynamic computation of angular 
  limit between single and multiple scattering     1
Fixed angular limit between single 
  and multiple scattering                          3.1416 rad
Upper energy limit for e+- multiple scattering     100 MeV
Type of electron single scattering model           0
Type of nuclear form-factor                        1
Screening factor                                   1
=======================================================================
======                 Atomic Deexcitation Parameters          ========
=======================================================================
Fluorescence enabled                               1
Directory in G4LEDATA for fluorescence data files  fluor
Auger electron cascade enabled                     1
PIXE atomic de-excitation enabled                  0
De-excitation module ignores cuts                  1
Type of PIXE cross section for hadrons             Empirical
Type of PIXE cross section for e+-                 Livermore
=======================================================================

### ===  Deexcitation model UAtomDeexcitation is activated for 1 region:
          DefaultRegionForTheWorld  1  1  0
### ===  Auger flag: 1
### ===  Ignore cuts flag:   1

phot:  for gamma SubType=12 BuildTable=0
      LambdaPrime table from 200 keV to 100 TeV in 174 bins 
      ===== EM models for the G4Region  DefaultRegionForTheWorld ======
 LivermorePhElectric : Emin=    0 eV  Emax=  100 TeV  SauterGavrila Fluo

compt:  for gamma SubType=13 BuildTable=1
      Lambda table from 100 eV  to 1 MeV, 20 bins/decade, spline: 1
      LambdaPrime table from 1 MeV to 100 TeV in 160 bins 
      ===== EM models for the G4Region  DefaultRegionForTheWorld ======
   LowEPComptonModel : Emin=    0 eV  Emax=   20 MeV Fluo
        KleinNishina : Emin=   20 MeV Emax=  100 TeV Fluo

conv:  for gamma SubType=14 BuildTable=1
      Lambda table from 1.022 MeV to 100 TeV, 20 bins/decade, spline: 1
      ===== EM models for the G4Region  DefaultRegionForTheWorld ======
      BetheHeitler5D : Emin=    0 eV  Emax=  100 TeV  ModifiedTsai

Rayl:  for gamma SubType=11 BuildTable=1
      Lambda table from 100 eV  to 150 keV, 20 bins/decade, spline: 0
      LambdaPrime table from 150 keV to 100 TeV in 176 bins 
      ===== EM models for the G4Region  DefaultRegionForTheWorld ======
   LivermoreRayleigh : Emin=    0 eV  Emax=  100 TeV  CullenGenerator

msc:  for e-  SubType= 10
      ===== EM models for the G4Region  DefaultRegionForTheWorld ======
  GoudsmitSaunderson : Emin=    0 eV  Emax=  100 MeV Nbins=120 100 eV  - 100 MeV
          StepLim=SafetyPlus Rfact=0.08 Gfact=2.5 Sfact=0.6 DispFlag:1 Skin=3 Llim=1 mm
        WentzelVIUni : Emin=  100 MeV Emax=  100 TeV Nbins=120 100 MeV - 100 TeV
          StepLim=SafetyPlus Rfact=0.08 Gfact=2.5 Sfact=0.6 DispFlag:1 Skin=3 Llim=1 mm

eIoni:  for e-  XStype:3  SubType=2
      dE/dx and range tables from 100 eV  to 100 TeV in 240 bins
      Lambda tables from threshold to 100 TeV, 20 bins/decade, spline: 1
      StepFunction=(0.2, 0.01 mm), integ: 3, fluct: 1, linLossLim= 0.01
      ===== EM models for the G4Region  DefaultRegionForTheWorld ======
             PenIoni : Emin=    0 eV  Emax=  100 keV
        MollerBhabha : Emin=  100 keV Emax=  100 TeV  deltaVI

eBrem:  for e-  XStype:4  SubType=3
      dE/dx and range tables from 100 eV  to 100 TeV in 240 bins
      Lambda tables from threshold to 100 TeV, 20 bins/decade, spline: 1
      LPM flag: 1 for E > 1 GeV,  VertexHighEnergyTh(GeV)= 100000
      ===== EM models for the G4Region  DefaultRegionForTheWorld ======
             eBremSB : Emin=    0 eV  Emax=    1 GeV  AngularGen2BS
            eBremLPM : Emin=    1 GeV Emax=  100 TeV  AngularGen2BS

ePairProd:  for e-  XStype:1  SubType=4
      dE/dx and range tables from 100 eV  to 100 TeV in 240 bins
      Lambda tables from threshold to 100 TeV, 20 bins/decade, spline: 0
      Sampling table 25x1001; from 0.1 GeV to 100 TeV 
      ===== EM models for the G4Region  DefaultRegionForTheWorld ======
           ePairProd : Emin=    0 eV  Emax=  100 TeV  ModifiedMephi

CoulombScat:  for e- XStype:1 SubType=1 BuildTable=1
      Lambda table from 100 MeV to 100 TeV, 20 bins/decade, spline: 0
      ThetaMin(p) < Theta(degree) < 180, pLimit(GeV^1)= 0.139531
      ===== EM models for the G4Region  DefaultRegionForTheWorld ======
  eCoulombScattering : Emin=  100 MeV Emax=  100 TeV

msc:  for e+  SubType= 10
      ===== EM models for the G4Region  DefaultRegionForTheWorld ======
  GoudsmitSaunderson : Emin=    0 eV  Emax=  100 MeV Nbins=120 100 eV  - 100 MeV
          StepLim=SafetyPlus Rfact=0.08 Gfact=2.5 Sfact=0.6 DispFlag:1 Skin=3 Llim=1 mm
        WentzelVIUni : Emin=  100 MeV Emax=  100 TeV Nbins=120 100 MeV - 100 TeV
          StepLim=SafetyPlus Rfact=0.08 Gfact=2.5 Sfact=0.6 DispFlag:1 Skin=3 Llim=1 mm

eIoni:  for e+  XStype:3  SubType=2
      dE/dx and range tables from 100 eV  to 100 TeV in 240 bins
      Lambda tables from threshold to 100 TeV, 20 bins/decade, spline: 1
      StepFunction=(0.2, 0.01 mm), integ: 3, fluct: 1, linLossLim= 0.01
      ===== EM models for the G4Region  DefaultRegionForTheWorld ======
             PenIoni : Emin=    0 eV  Emax=  100 keV
        MollerBhabha : Emin=  100 keV Emax=  100 TeV  deltaVI

eBrem:  for e+  XStype:4  SubType=3
      dE/dx and range tables from 100 eV  to 100 TeV in 240 bins
      Lambda tables from threshold to 100 TeV, 20 bins/decade, spline: 1
      LPM flag: 1 for E > 1 GeV,  VertexHighEnergyTh(GeV)= 100000
      ===== EM models for the G4Region  DefaultRegionForTheWorld ======
             eBremSB : Emin=    0 eV  Emax=    1 GeV  AngularGen2BS
            eBremLPM : Emin=    1 GeV Emax=  100 TeV  AngularGen2BS

ePairProd:  for e+  XStype:1  SubType=4
      dE/dx and range tables from 100 eV  to 100 TeV in 240 bins
      Lambda tables from threshold to 100 TeV, 20 bins/decade, spline: 0
      Sampling table 25x1001; from 0.1 GeV to 100 TeV 
      ===== EM models for the G4Region  DefaultRegionForTheWorld ======
           ePairProd : Emin=    0 eV  Emax=  100 TeV  ModifiedMephi

annihil:  for e+ XStype:2 SubType=5 AtRestModel:Allison BuildTable=0
      ===== EM models for the G4Region  DefaultRegionForTheWorld ======
    eplusTo2or3gamma : Emin=    0 eV  Emax=  100 TeV

CoulombScat:  for e+ XStype:1 SubType=1 BuildTable=1
      Lambda table from 100 MeV to 100 TeV, 20 bins/decade, spline: 0
      ThetaMin(p) < Theta(degree) < 180, pLimit(GeV^1)= 0.139531
      ===== EM models for the G4Region  DefaultRegionForTheWorld ======
  eCoulombScattering : Emin=  100 MeV Emax=  100 TeV

msc:  for proton  SubType= 10
      ===== EM models for the G4Region  DefaultRegionForTheWorld ======
        WentzelVIUni : Emin=    0 eV  Emax=  100 TeV Nbins=240 100 eV  - 100 TeV
          StepLim=Minimal Rfact=0.2 Gfact=2.5 Sfact=0.6 DispFlag:1 Skin=3 Llim=1 mm

hIoni:  for proton  XStype:3  SubType=2
      dE/dx and range tables from 100 eV  to 100 TeV in 240 bins
      Lambda tables from threshold to 100 TeV, 20 bins/decade, spline: 1
      StepFunction=(0.1, 0.05 mm), integ: 3, fluct: 1, linLossLim= 0.01
      ===== EM models for the G4Region  DefaultRegionForTheWorld ======
               Bragg : Emin=    0 eV  Emax=    2 MeV  deltaVI
          BetheBloch : Emin=    2 MeV Emax=  100 TeV  deltaVI

hBrems:  for proton  XStype:1  SubType=3
      dE/dx and range tables from 100 eV  to 100 TeV in 240 bins
      Lambda tables from threshold to 100 TeV, 20 bins/decade, spline: 1
      ===== EM models for the G4Region  DefaultRegionForTheWorld ======
               hBrem : Emin=    0 eV  Emax=  100 TeV  ModifiedMephi

hPairProd:  for proton  XStype:1  SubType=4
      dE/dx and range tables from 100 eV  to 100 TeV in 240 bins
      Lambda tables from threshold to 100 TeV, 20 bins/decade, spline: 1
      Sampling table 17x1001, from 7.50618 GeV to 100 TeV 
      ===== EM models for the G4Region  DefaultRegionForTheWorld ======
           hPairProd : Emin=    0 eV  Emax=  100 TeV  ModifiedMephi

CoulombScat:  for proton XStype:1 SubType=1 BuildTable=1
      Lambda table from threshold  to 100 TeV, 20 bins/decade, spline: 0
      ThetaMin(p) < Theta(degree) < 180, pLimit(GeV^1)= 0.139531
      ===== EM models for the G4Region  DefaultRegionForTheWorld ======
  eCoulombScattering : Emin=    0 eV  Emax=  100 TeV

nuclearStopping:  for proton SubType=8 BuildTable=0
      ===== EM models for the G4Region  DefaultRegionForTheWorld ======
   ICRU49NucStopping : Emin=    0 eV  Emax=    1 MeV

msc:  for GenericIon  SubType= 10
      ===== EM models for the G4Region  DefaultRegionForTheWorld ======
            UrbanMsc : Emin=    0 eV  Emax=  100 TeV
          StepLim=Minimal Rfact=0.2 Gfact=2.5 Sfact=0.6 DispFlag:1 Skin=3 Llim=1 mm

ionIoni:  for GenericIon  XStype:3  SubType=2
      dE/dx and range tables from 100 eV  to 100 TeV in 240 bins
      Lambda tables from threshold to 100 TeV, 20 bins/decade, spline: 1
      StepFunction=(0.1, 0.001 mm), integ: 3, fluct: 1, linLossLim= 0.02
      ===== EM models for the G4Region  DefaultRegionForTheWorld ======
    LindhardSorensen : Emin=    0 eV  Emax=  100 TeV  deltaVI

nuclearStopping:  for GenericIon SubType=8 BuildTable=0
      ===== EM models for the G4Region  DefaultRegionForTheWorld ======
   ICRU49NucStopping : Emin=    0 eV  Emax=    1 MeV
======================================================================
======          Radioactive Decay Physics Parameters           =======
======================================================================
min MeanLife (from G4NuclideTable)                1 ns 
Max life time (from G4DeexPrecoParameters)        1000 ps 
Internal e- conversion flag                       1
Stored internal conversion coefficients           1
Enabled atomic relaxation mode                    1
Enable correlated gamma emission                  0
Max 2J for sampling of angular correlations       10
Atomic de-excitation enabled                      1
Auger electron emission enabled                   1
Check EM cuts disabled for atomic de-excitation   1
Use Bearden atomic level energies                 0
Use ANSTO fluorescence model                      0
Threshold for very long decay time at rest        1 y  
======================================================================

====================================================================
                  HADRONIC PROCESSES SUMMARY (verbose level 1)
-------------------------------------------------------------------------
                           Hadronic Processes for GenericIon
  Process: RadioactiveDecay

msc:  for alpha  SubType= 10
      ===== EM models for the G4Region  DefaultRegionForTheWorld ======
            UrbanMsc : Emin=    0 eV  Emax=  100 TeV
          StepLim=Minimal Rfact=0.2 Gfact=2.5 Sfact=0.6 DispFlag:1 Skin=3 Llim=1 mm

ionIoni:  for alpha  XStype:3  SubType=2
      dE/dx and range tables from 100 eV  to 100 TeV in 240 bins
      Lambda tables from threshold to 100 TeV, 20 bins/decade, spline: 1
      StepFunction=(0.1, 0.02 mm), integ: 3, fluct: 1, linLossLim= 0.02
      ===== EM models for the G4Region  DefaultRegionForTheWorld ======
            BraggIon : Emin=    0 eV  Emax=7.9452 MeV  deltaVI
          BetheBloch : Emin=7.9452 MeV Emax=  100 TeV  deltaVI

nuclearStopping:  for alpha SubType=8 BuildTable=0
      ===== EM models for the G4Region  DefaultRegionForTheWorld ======
   ICRU49NucStopping : Emin=    0 eV  Emax=    1 MeV

msc:  for anti_proton  SubType= 10
      ===== EM models for the G4Region  DefaultRegionForTheWorld ======
        WentzelVIUni : Emin=    0 eV  Emax=  100 TeV Nbins=240 100 eV  - 100 TeV
          StepLim=Minimal Rfact=0.2 Gfact=2.5 Sfact=0.6 DispFlag:1 Skin=3 Llim=1 mm

hIoni:  for anti_proton  XStype:3  SubType=2
      dE/dx and range tables from 100 eV  to 100 TeV in 240 bins
      Lambda tables from threshold to 100 TeV, 20 bins/decade, spline: 1
      StepFunction=(0.1, 0.05 mm), integ: 3, fluct: 1, linLossLim= 0.01
      ===== EM models for the G4Region  DefaultRegionForTheWorld ======
            ICRU73QO : Emin=    0 eV  Emax=    2 MeV  deltaVI
          BetheBloch : Emin=    2 MeV Emax=  100 TeV  deltaVI

hBrems:  for anti_proton  XStype:1  SubType=3
      dE/dx and range tables from 100 eV  to 100 TeV in 240 bins
      Lambda tables from threshold to 100 TeV, 20 bins/decade, spline: 1
      ===== EM models for the G4Region  DefaultRegionForTheWorld ======
               hBrem : Emin=    0 eV  Emax=  100 TeV  ModifiedMephi

hPairProd:  for anti_proton  XStype:1  SubType=4
      dE/dx and range tables from 100 eV  to 100 TeV in 240 bins
      Lambda tables from threshold to 100 TeV, 20 bins/decade, spline: 1
      Sampling table 17x1001, from 7.50618 GeV to 100 TeV 
      ===== EM models for the G4Region  DefaultRegionForTheWorld ======
           hPairProd : Emin=    0 eV  Emax=  100 TeV  ModifiedMephi

CoulombScat:  for anti_proton XStype:1 SubType=1 BuildTable=1
      Lambda table from threshold  to 100 TeV, 20 bins/decade, spline: 0
      ThetaMin(p) < Theta(degree) < 180, pLimit(GeV^1)= 0.139531
      ===== EM models for the G4Region  DefaultRegionForTheWorld ======
  eCoulombScattering : Emin=    0 eV  Emax=  100 TeV

msc:  for kaon+  SubType= 10
      ===== EM models for the G4Region  DefaultRegionForTheWorld ======
        WentzelVIUni : Emin=    0 eV  Emax=  100 TeV Nbins=240 100 eV  - 100 TeV
          StepLim=Minimal Rfact=0.2 Gfact=2.5 Sfact=0.6 DispFlag:1 Skin=3 Llim=1 mm

hIoni:  for kaon+  XStype:3  SubType=2
      dE/dx and range tables from 100 eV  to 100 TeV in 240 bins
      Lambda tables from threshold to 100 TeV, 20 bins/decade, spline: 1
      StepFunction=(0.1, 0.05 mm), integ: 3, fluct: 1, linLossLim= 0.01
      ===== EM models for the G4Region  DefaultRegionForTheWorld ======
               Bragg : Emin=    0 eV  Emax=1.05231 MeV  deltaVI
          BetheBloch : Emin=1.05231 MeV Emax=  100 TeV  deltaVI

hBrems:  for kaon+  XStype:1  SubType=3
      dE/dx and range tables from 100 eV  to 100 TeV in 240 bins
      Lambda tables from threshold to 100 TeV, 20 bins/decade, spline: 1
      ===== EM models for the G4Region  DefaultRegionForTheWorld ======
               hBrem : Emin=    0 eV  Emax=  100 TeV  ModifiedMephi

hPairProd:  for kaon+  XStype:1  SubType=4
      dE/dx and range tables from 100 eV  to 100 TeV in 240 bins
      Lambda tables from threshold to 100 TeV, 20 bins/decade, spline: 1
      Sampling table 18x1001, from 3.94942 GeV to 100 TeV 
      ===== EM models for the G4Region  DefaultRegionForTheWorld ======
           hPairProd : Emin=    0 eV  Emax=  100 TeV  ModifiedMephi

CoulombScat:  for kaon+ XStype:1 SubType=1 BuildTable=1
      Lambda table from threshold  to 100 TeV, 20 bins/decade, spline: 0
      ThetaMin(p) < Theta(degree) < 180, pLimit(GeV^1)= 0.139531
      ===== EM models for the G4Region  DefaultRegionForTheWorld ======
  eCoulombScattering : Emin=    0 eV  Emax=  100 TeV

msc:  for kaon-  SubType= 10
      ===== EM models for the G4Region  DefaultRegionForTheWorld ======
        WentzelVIUni : Emin=    0 eV  Emax=  100 TeV Nbins=240 100 eV  - 100 TeV
          StepLim=Minimal Rfact=0.2 Gfact=2.5 Sfact=0.6 DispFlag:1 Skin=3 Llim=1 mm

hIoni:  for kaon-  XStype:3  SubType=2
      dE/dx and range tables from 100 eV  to 100 TeV in 240 bins
      Lambda tables from threshold to 100 TeV, 20 bins/decade, spline: 1
      StepFunction=(0.1, 0.05 mm), integ: 3, fluct: 1, linLossLim= 0.01
      ===== EM models for the G4Region  DefaultRegionForTheWorld ======
            ICRU73QO : Emin=    0 eV  Emax=1.05231 MeV  deltaVI
          BetheBloch : Emin=1.05231 MeV Emax=  100 TeV  deltaVI

hBrems:  for kaon-  XStype:1  SubType=3
      dE/dx and range tables from 100 eV  to 100 TeV in 240 bins
      Lambda tables from threshold to 100 TeV, 20 bins/decade, spline: 1
      ===== EM models for the G4Region  DefaultRegionForTheWorld ======
               hBrem : Emin=    0 eV  Emax=  100 TeV  ModifiedMephi

hPairProd:  for kaon-  XStype:1  SubType=4
      dE/dx and range tables from 100 eV  to 100 TeV in 240 bins
      Lambda tables from threshold to 100 TeV, 20 bins/decade, spline: 1
      Sampling table 18x1001, from 3.94942 GeV to 100 TeV 
      ===== EM models for the G4Region  DefaultRegionForTheWorld ======
           hPairProd : Emin=    0 eV  Emax=  100 TeV  ModifiedMephi

CoulombScat:  for kaon- XStype:1 SubType=1 BuildTable=1
      Used Lambda table of kaon+
      ThetaMin(p) < Theta(degree) < 180, pLimit(GeV^1)= 0.139531
      ===== EM models for the G4Region  DefaultRegionForTheWorld ======
  eCoulombScattering : Emin=    0 eV  Emax=  100 TeV

msc:  for mu+  SubType= 10
      ===== EM models for the G4Region  DefaultRegionForTheWorld ======
        WentzelVIUni : Emin=    0 eV  Emax=  100 TeV Nbins=240 100 eV  - 100 TeV
          StepLim=Minimal Rfact=0.2 Gfact=2.5 Sfact=0.6 DispFlag:1 Skin=3 Llim=1 mm

muIoni:  for mu+  XStype:3  SubType=2
      dE/dx and range tables from 100 eV  to 100 TeV in 240 bins
      Lambda tables from threshold to 100 TeV, 20 bins/decade, spline: 1
      StepFunction=(0.1, 0.05 mm), integ: 3, fluct: 1, linLossLim= 0.01
      ===== EM models for the G4Region  DefaultRegionForTheWorld ======
               Bragg : Emin=    0 eV  Emax=  200 keV  deltaVI
        MuBetheBloch : Emin=  200 keV Emax=  100 TeV  deltaVI

muBrems:  for mu+  XStype:1  SubType=3
      dE/dx and range tables from 100 eV  to 100 TeV in 240 bins
      Lambda tables from threshold to 100 TeV, 20 bins/decade, spline: 1
      ===== EM models for the G4Region  DefaultRegionForTheWorld ======
              MuBrem : Emin=    0 eV  Emax=  100 TeV  ModifiedMephi

muPairProd:  for mu+  XStype:1  SubType=4
      dE/dx and range tables from 100 eV  to 100 TeV in 240 bins
      Lambda tables from threshold to 100 TeV, 20 bins/decade, spline: 1
      Sampling table 21x1001, from 0.85 GeV to 100 TeV 
      ===== EM models for the G4Region  DefaultRegionForTheWorld ======
          muPairProd : Emin=    0 eV  Emax=  100 TeV  ModifiedMephi

CoulombScat:  for mu+ XStype:1 SubType=1 BuildTable=1
      Lambda table from threshold  to 100 TeV, 20 bins/decade, spline: 0
      ThetaMin(p) < Theta(degree) < 180, pLimit(GeV^1)= 0.139531
      ===== EM models for the G4Region  DefaultRegionForTheWorld ======
  eCoulombScattering : Emin=    0 eV  Emax=  100 TeV

msc:  for mu-  SubType= 10
      ===== EM models for the G4Region  DefaultRegionForTheWorld ======
        WentzelVIUni : Emin=    0 eV  Emax=  100 TeV Nbins=240 100 eV  - 100 TeV
          StepLim=Minimal Rfact=0.2 Gfact=2.5 Sfact=0.6 DispFlag:1 Skin=3 Llim=1 mm

muIoni:  for mu-  XStype:3  SubType=2
      dE/dx and range tables from 100 eV  to 100 TeV in 240 bins
      Lambda tables from threshold to 100 TeV, 20 bins/decade, spline: 1
      StepFunction=(0.1, 0.05 mm), integ: 3, fluct: 1, linLossLim= 0.01
      ===== EM models for the G4Region  DefaultRegionForTheWorld ======
            ICRU73QO : Emin=    0 eV  Emax=  200 keV  deltaVI
        MuBetheBloch : Emin=  200 keV Emax=  100 TeV  deltaVI

muBrems:  for mu-  XStype:1  SubType=3
      dE/dx and range tables from 100 eV  to 100 TeV in 240 bins
      Lambda tables from threshold to 100 TeV, 20 bins/decade, spline: 1
      ===== EM models for the G4Region  DefaultRegionForTheWorld ======
              MuBrem : Emin=    0 eV  Emax=  100 TeV  ModifiedMephi

muPairProd:  for mu-  XStype:1  SubType=4
      dE/dx and range tables from 100 eV  to 100 TeV in 240 bins
      Lambda tables from threshold to 100 TeV, 20 bins/decade, spline: 1
      Sampling table 21x1001, from 0.85 GeV to 100 TeV 
      ===== EM models for the G4Region  DefaultRegionForTheWorld ======
          muPairProd : Emin=    0 eV  Emax=  100 TeV  ModifiedMephi

CoulombScat:  for mu- XStype:1 SubType=1 BuildTable=1
      Used Lambda table of mu+
      ThetaMin(p) < Theta(degree) < 180, pLimit(GeV^1)= 0.139531
      ===== EM models for the G4Region  DefaultRegionForTheWorld ======
  eCoulombScattering : Emin=    0 eV  Emax=  100 TeV

msc:  for pi+  SubType= 10
      ===== EM models for the G4Region  DefaultRegionForTheWorld ======
        WentzelVIUni : Emin=    0 eV  Emax=  100 TeV Nbins=240 100 eV  - 100 TeV
          StepLim=Minimal Rfact=0.2 Gfact=2.5 Sfact=0.6 DispFlag:1 Skin=3 Llim=1 mm

hIoni:  for pi+  XStype:3  SubType=2
      dE/dx and range tables from 100 eV  to 100 TeV in 240 bins
      Lambda tables from threshold to 100 TeV, 20 bins/decade, spline: 1
      StepFunction=(0.1, 0.05 mm), integ: 3, fluct: 1, linLossLim= 0.01
      ===== EM models for the G4Region  DefaultRegionForTheWorld ======
               Bragg : Emin=    0 eV  Emax=297.505 keV  deltaVI
          BetheBloch : Emin=297.505 keV Emax=  100 TeV  deltaVI

hBrems:  for pi+  XStype:1  SubType=3
      dE/dx and range tables from 100 eV  to 100 TeV in 240 bins
      Lambda tables from threshold to 100 TeV, 20 bins/decade, spline: 1
      ===== EM models for the G4Region  DefaultRegionForTheWorld ======
               hBrem : Emin=    0 eV  Emax=  100 TeV  ModifiedMephi

hPairProd:  for pi+  XStype:1  SubType=4
      dE/dx and range tables from 100 eV  to 100 TeV in 240 bins
      Lambda tables from threshold to 100 TeV, 20 bins/decade, spline: 1
      Sampling table 20x1001, from 1.11656 GeV to 100 TeV 
      ===== EM models for the G4Region  DefaultRegionForTheWorld ======
           hPairProd : Emin=    0 eV  Emax=  100 TeV  ModifiedMephi

CoulombScat:  for pi+ XStype:1 SubType=1 BuildTable=1
      Lambda table from threshold  to 100 TeV, 20 bins/decade, spline: 0
      ThetaMin(p) < Theta(degree) < 180, pLimit(GeV^1)= 0.139531
      ===== EM models for the G4Region  DefaultRegionForTheWorld ======
  eCoulombScattering : Emin=    0 eV  Emax=  100 TeV

msc:  for pi-  SubType= 10
      ===== EM models for the G4Region  DefaultRegionForTheWorld ======
        WentzelVIUni : Emin=    0 eV  Emax=  100 TeV Nbins=240 100 eV  - 100 TeV
          StepLim=Minimal Rfact=0.2 Gfact=2.5 Sfact=0.6 DispFlag:1 Skin=3 Llim=1 mm

hIoni:  for pi-  XStype:3  SubType=2
      dE/dx and range tables from 100 eV  to 100 TeV in 240 bins
      Lambda tables from threshold to 100 TeV, 20 bins/decade, spline: 1
      StepFunction=(0.1, 0.05 mm), integ: 3, fluct: 1, linLossLim= 0.01
      ===== EM models for the G4Region  DefaultRegionForTheWorld ======
            ICRU73QO : Emin=    0 eV  Emax=297.505 keV  deltaVI
          BetheBloch : Emin=297.505 keV Emax=  100 TeV  deltaVI

hBrems:  for pi-  XStype:1  SubType=3
      dE/dx and range tables from 100 eV  to 100 TeV in 240 bins
      Lambda tables from threshold to 100 TeV, 20 bins/decade, spline: 1
      ===== EM models for the G4Region  DefaultRegionForTheWorld ======
               hBrem : Emin=    0 eV  Emax=  100 TeV  ModifiedMephi

hPairProd:  for pi-  XStype:1  SubType=4
      dE/dx and range tables from 100 eV  to 100 TeV in 240 bins
      Lambda tables from threshold to 100 TeV, 20 bins/decade, spline: 1
      Sampling table 20x1001, from 1.11656 GeV to 100 TeV 
      ===== EM models for the G4Region  DefaultRegionForTheWorld ======
           hPairProd : Emin=    0 eV  Emax=  100 TeV  ModifiedMephi

CoulombScat:  for pi- XStype:1 SubType=1 BuildTable=1
      Used Lambda table of pi+
      ThetaMin(p) < Theta(degree) < 180, pLimit(GeV^1)= 0.139531
      ===== EM models for the G4Region  DefaultRegionForTheWorld ======
  eCoulombScattering : Emin=    0 eV  Emax=  100 TeV
G4WT6 > Accumulable registered as "any"
G4WT6 > Accumulable registered as "w0"
G4WT6 > Accumulable registered as "h0"
G4WT6 > Accumulable registered as "h1"
G4WT6 > Accumulable registered as "h2"
G4WT6 > Accumulable registered as "h3"
G4WT6 > Accumulable registered as "h4"
G4WT6 > Accumulable registered as "h5"
G4WT6 > Accumulable registered as "h6"
G4WT6 > Accumulable registered as "h7"
G4WT6 > Accumulable registered as "h8"
G4WT6 > Accumulable registered as "h9"
G4WT6 > Accumulable registered as "h10"
G4WT6 > Accumulable registered as "h11"
G4WT6 > Accumulable registered as "h12"
G4WT6 > Accumulable registered as "h13"
G4WT6 > Accumulable registered as "h14"
G4WT6 > Accumulable registered as "h15"
G4WT6 > Accumulable registered as "h16"
G4WT6 > Accumulable registered as "h17"
G4WT6 > Accumulable registered as "h18"
G4WT6 > Accumulable registered as "h19"
G4WT6 > Accumulable registered as "h20"
G4WT6 > Accumulable registered as "h21"
G4WT6 > Accumulable registered as "h22"
G4WT6 > Accumulable registered as "h23"
G4WT6 > Accumulable registered as "h24"
G4WT6 > Accumulable registered as "h25"
G4WT6 > Accumulable registered as "h26"
G4WT6 > Accumulable registered as "h27"
G4WT6 > Accumulable registered as "h28"
G4WT6 > Accumulable registered as "h29"
G4WT6 > Accumulable registered as "h30"
G4WT6 > Accumulable registered as "h31"
G4WT6 > Accumulable registered as "h32"
G4WT6 > Accumulable registered as "h33"
G4WT6 > Accumulable registered as "h34"
G4WT6 > Accumulable registered as "h35"
G4WT6 > Accumulable registered as "h36"
G4WT6 > Accumulable registered as "h37"
G4WT6 > Accumulable registered as "h38"
G4WT6 > Accumulable registered as "h39"
G4WT6 > Accumulable registered as "h40"
G4WT6 > Accumulable registered as "h41"
G4WT6 > Accumulable registered as "h42"
G4WT6 > Accumulable registered as "h43"
G4WT6 > Accumulable registered as "h44"
G4WT6 > Accumulable registered as "h45"
G4WT6 > Accumulable registered as "h46"
G4WT6 > Accumulable registered as "h47"
G4WT6 > Accumulable registered as "h48"
G4WT6 > Accumulable registered as "h49"
G4WT6 > Accumulable registered as "h50"
G4WT6 > Accumulable registered as "h51"
G4WT6 > Accumulable registered as "h52"
G4WT6 > Accumulable registered as "h53"
G4WT6 > Accumulable registered as "h54"
G4WT6 > Accumulable registered as "h55"
G4WT11 > Accumulable registered as "any"
G4WT6 > Accumulable registered as "h56"
G4WT11 > Accumulable registered as "w0"
G4WT11 > Accumulable registered as "h0"
G4WT6 > Accumulable registered as "h57"
G4WT11 > Accumulable registered as "h1"
G4WT6 > Accumulable registered as "h58"
G4WT11 > Accumulable registered as "h2"
G4WT6 > Accumulable registered as "h59"
G4WT6 > Accumulable registered as "h60"
G4WT11 > Accumulable registered as "h3"
G4WT6 > Accumulable registered as "h61"
G4WT11 > Accumulable registered as "h4"
G4WT11 > Accumulable registered as "h5"
G4WT6 > Accumulable registered as "h62"
G4WT11 > Accumulable registered as "h6"
G4WT6 > Accumulable registered as "h63"
G4WT11 > Accumulable registered as "h7"
G4WT6 > Accumulable registered as "h64"
G4WT11 > Accumulable registered as "h8"
G4WT6 > Accumulable registered as "h65"
G4WT11 > Accumulable registered as "h9"
G4WT6 > Accumulable registered as "h66"
G4WT11 > Accumulable registered as "h10"
G4WT6 > Accumulable registered as "h67"
G4WT11 > Accumulable registered as "h11"
G4WT6 > Accumulable registered as "h68"
G4WT11 > Accumulable registered as "h12"
G4WT6 > Accumulable registered as "h69"
G4WT11 > Accumulable registered as "h13"
G4WT6 > Accumulable registered as "h70"
G4WT11 > Accumulable registered as "h14"
G4WT6 > Accumulable registered as "h71"
G4WT11 > Accumulable registered as "h15"
G4WT6 > Accumulable registered as "h72"
G4WT11 > Accumulable registered as "h16"
G4WT6 > Accumulable registered as "h73"
G4WT11 > Accumulable registered as "h17"
G4WT6 > Accumulable registered as "h74"
G4WT11 > Accumulable registered as "h18"
G4WT6 > Accumulable registered as "h75"
G4WT11 > Accumulable registered as "h19"
G4WT6 > Accumulable registered as "h76"
G4WT11 > Accumulable registered as "h20"
G4WT6 > Accumulable registered as "h77"
G4WT11 > Accumulable registered as "h21"
G4WT6 > Accumulable registered as "h78"
G4WT11 > Accumulable registered as "h22"
G4WT6 > Accumulable registered as "h79"
G4WT11 > Accumulable registered as "h23"
G4WT6 > Accumulable registered as "h80"
G4WT11 > Accumulable registered as "h24"
G4WT6 > Accumulable registered as "h81"
G4WT11 > Accumulable registered as "h25"
G4WT6 > Accumulable registered as "h82"
G4WT11 > Accumulable registered as "h26"
G4WT6 > Accumulable registered as "h83"
G4WT11 > Accumulable registered as "h27"
G4WT6 > Accumulable registered as "h84"
G4WT11 > Accumulable registered as "h28"
G4WT6 > Accumulable registered as "h85"
G4WT11 > Accumulable registered as "h29"
G4WT6 > Accumulable registered as "h86"
G4WT11 > Accumulable registered as "h30"
G4WT6 > Accumulable registered as "h87"
G4WT11 > Accumulable registered as "h31"
G4WT6 > Accumulable registered as "h88"
G4WT6 > Accumulable registered as "h89"
G4WT6 > Accumulable registered as "h90"
G4WT6 > Accumulable registered as "h91"
G4WT8 > Accumulable registered as "any"
G4WT8 > Accumulable registered as "w0"
G4WT8 > Accumulable registered as "h0"
G4WT8 > Accumulable registered as "h1"
G4WT8 > Accumulable registered as "h2"
G4WT8 > Accumulable registered as "h3"
G4WT11 > Accumulable registered as "h32"
G4WT8 > Accumulable registered as "h4"
G4WT6 > Accumulable registered as "h92"
G4WT11 > Accumulable registered as "h33"
G4WT6 > Accumulable registered as "h93"
G4WT8 > Accumulable registered as "h5"
G4WT6 > Accumulable registered as "h94"
G4WT8 > Accumulable registered as "h6"
G4WT8 > Accumulable registered as "h7"
G4WT6 > Accumulable registered as "h95"
G4WT8 > Accumulable registered as "h8"
G4WT6 > Accumulable registered as "h96"
G4WT8 > Accumulable registered as "h9"
G4WT6 > Accumulable registered as "h97"
G4WT8 > Accumulable registered as "h10"
G4WT6 > Accumulable registered as "h98"
G4WT8 > Accumulable registered as "h11"
G4WT6 > Accumulable registered as "h99"
G4WT8 > Accumulable registered as "h12"
G4WT6 > Accumulable registered as "h100"
G4WT8 > Accumulable registered as "h13"
G4WT6 > Accumulable registered as "h101"
G4WT8 > Accumulable registered as "h14"
G4WT6 > Accumulable registered as "h102"
G4WT8 > Accumulable registered as "h15"
G4WT6 > Accumulable registered as "h103"
G4WT8 > Accumulable registered as "h16"
G4WT6 > Accumulable registered as "h104"
G4WT8 > Accumulable registered as "h17"
G4WT6 > Accumulable registered as "h105"
G4WT8 > Accumulable registered as "h18"
G4WT6 > Accumulable registered as "h106"
G4WT8 > Accumulable registered as "h19"
G4WT6 > Accumulable registered as "h107"
G4WT8 > Accumulable registered as "h20"
G4WT6 > Accumulable registered as "h108"
G4WT8 > Accumulable registered as "h21"
G4WT6 > Accumulable registered as "h109"
G4WT8 > Accumulable registered as "h22"
G4WT6 > Accumulable registered as "h110"
G4WT8 > Accumulable registered as "h23"
G4WT6 > Accumulable registered as "h111"
G4WT8 > Accumulable registered as "h24"
G4WT6 > Accumulable registered as "h112"
G4WT8 > Accumulable registered as "h25"
G4WT6 > Accumulable registered as "h113"
G4WT8 > Accumulable registered as "h26"
G4WT6 > Accumulable registered as "h114"
G4WT8 > Accumulable registered as "h27"
G4WT6 > Accumulable registered as "h115"
G4WT8 > Accumulable registered as "h28"
G4WT6 > Accumulable registered as "h116"
G4WT8 > Accumulable registered as "h29"
G4WT6 > Accumulable registered as "h117"
G4WT8 > Accumulable registered as "h30"
G4WT6 > Accumulable registered as "h118"
G4WT6 > Accumulable registered as "h119"
G4WT8 > Accumulable registered as "h31"
G4WT6 > Accumulable registered as "h120"
G4WT8 > Accumulable registered as "h32"
G4WT8 > Accumulable registered as "h33"
G4WT8 > Accumulable registered as "h34"
G4WT6 > Accumulable registered as "h121"
G4WT8 > Accumulable registered as "h35"
G4WT6 > Accumulable registered as "h122"
G4WT8 > Accumulable registered as "h36"
G4WT6 > Accumulable registered as "h123"
G4WT8 > Accumulable registered as "h37"
G4WT8 > Accumulable registered as "h38"
G4WT6 > Accumulable registered as "h124"
G4WT8 > Accumulable registered as "h39"
G4WT6 > Accumulable registered as "h125"
G4WT8 > Accumulable registered as "h40"
G4WT6 > Accumulable registered as "h126"
G4WT8 > Accumulable registered as "h41"
G4WT6 > Accumulable registered as "h127"
G4WT8 > Accumulable registered as "h42"
G4WT6 > Accumulable registered as "h128"
G4WT8 > Accumulable registered as "h43"
G4WT6 > Accumulable registered as "h129"
G4WT8 > Accumulable registered as "h44"
G4WT6 > Accumulable registered as "h130"
G4WT8 > Accumulable registered as "h45"
G4WT6 > Accumulable registered as "h131"
G4WT8 > Accumulable registered as "h46"
G4WT6 > Accumulable registered as "h132"
G4WT8 > Accumulable registered as "h47"
G4WT6 > Accumulable registered as "h133"
G4WT8 > Accumulable registered as "h48"
G4WT6 > Accumulable registered as "h134"
G4WT8 > Accumulable registered as "h49"
G4WT6 > Accumulable registered as "h135"
G4WT8 > Accumulable registered as "h50"
G4WT6 > Accumulable registered as "h136"
G4WT8 > Accumulable registered as "h51"
G4WT6 > Accumulable registered as "h137"
G4WT6 > Accumulable registered as "h138"
G4WT6 > Accumulable registered as "h139"
G4WT6 > Accumulable registered as "h140"
G4WT6 > Accumulable registered as "h141"
G4WT6 > Accumulable registered as "h142"
G4WT6 > Accumulable registered as "h143"
G4WT6 > Accumulable registered as "h144"
G4WT6 > Accumulable registered as "h145"
G4WT8 > Accumulable registered as "h52"
G4WT6 > Accumulable registered as "h146"
G4WT6 > Accumulable registered as "h147"
G4WT6 > Accumulable registered as "h148"
G4WT6 > Accumulable registered as "h149"
G4WT6 > Accumulable registered as "h150"
G4WT6 > Accumulable registered as "h151"
G4WT5 > Accumulable registered as "any"
G4WT6 > Accumulable registered as "h152"
G4WT6 > Accumulable registered as "h153"
G4WT5 > Accumulable registered as "w0"
G4WT6 > Accumulable registered as "h154"
G4WT5 > Accumulable registered as "h0"
G4WT6 > Accumulable registered as "h155"
G4WT5 > Accumulable registered as "h1"
G4WT6 > Accumulable registered as "h156"
G4WT5 > Accumulable registered as "h2"
G4WT6 > Accumulable registered as "h157"
G4WT5 > Accumulable registered as "h3"
G4WT6 > Accumulable registered as "h158"
G4WT5 > Accumulable registered as "h4"
G4WT6 > Accumulable registered as "h159"
G4WT5 > Accumulable registered as "h5"
G4WT6 > Accumulable registered as "h160"
G4WT5 > Accumulable registered as "h6"
G4WT6 > Accumulable registered as "h161"
G4WT5 > Accumulable registered as "h7"
G4WT6 > Accumulable registered as "h162"
G4WT5 > Accumulable registered as "h8"
G4WT6 > Accumulable registered as "h163"
G4WT5 > Accumulable registered as "h9"
G4WT6 > Accumulable registered as "h164"
G4WT5 > Accumulable registered as "h10"
G4WT6 > Accumulable registered as "h165"
G4WT5 > Accumulable registered as "h11"
G4WT6 > Accumulable registered as "h166"
G4WT5 > Accumulable registered as "h12"
G4WT6 > Accumulable registered as "h167"
G4WT5 > Accumulable registered as "h13"
G4WT6 > Accumulable registered as "h168"
G4WT5 > Accumulable registered as "h14"
G4WT6 > Accumulable registered as "h169"
G4WT5 > Accumulable registered as "h15"
G4WT6 > Accumulable registered as "h170"
G4WT5 > Accumulable registered as "h16"
G4WT6 > Accumulable registered as "h171"
G4WT5 > Accumulable registered as "h17"
G4WT6 > Accumulable registered as "h172"
G4WT5 > Accumulable registered as "h18"
G4WT6 > Accumulable registered as "h173"
G4WT5 > Accumulable registered as "h19"
G4WT6 > Accumulable registered as "h174"
G4WT5 > Accumulable registered as "h20"
G4WT6 > Accumulable registered as "h175"
G4WT5 > Accumulable registered as "h21"
G4WT6 > Accumulable registered as "h176"
G4WT5 > Accumulable registered as "h22"
G4WT6 > Accumulable registered as "h177"
G4WT5 > Accumulable registered as "h23"
G4WT6 > Accumulable registered as "h178"
G4WT5 > Accumulable registered as "h24"
G4WT6 > Accumulable registered as "h179"
G4WT5 > Accumulable registered as "h25"
G4WT6 > Accumulable registered as "h180"
G4WT5 > Accumulable registered as "h26"
G4WT6 > Accumulable registered as "h181"
G4WT5 > Accumulable registered as "h27"
G4WT7 > Accumulable registered as "any"
G4WT6 > Accumulable registered as "h182"
G4WT5 > Accumulable registered as "h28"
G4WT6 > Accumulable registered as "h183"
G4WT5 > Accumulable registered as "h29"
G4WT8 > Accumulable registered as "h53"
G4WT6 > Accumulable registered as "h184"
G4WT7 > Accumulable registered as "w0"
G4WT6 > Accumulable registered as "h185"
G4WT5 > Accumulable registered as "h30"
G4WT8 > Accumulable registered as "h54"
G4WT5 > Accumulable registered as "h31"
G4WT6 > Accumulable registered as "h186"
G4WT5 > Accumulable registered as "h32"
G4WT7 > Accumulable registered as "h0"
G4WT6 > Accumulable registered as "h187"
G4WT5 > Accumulable registered as "h33"
G4WT6 > Accumulable registered as "h188"
G4WT7 > Accumulable registered as "h1"
G4WT5 > Accumulable registered as "h34"
G4WT6 > Accumulable registered as "h189"
G4WT7 > Accumulable registered as "h2"
G4WT5 > Accumulable registered as "h35"
G4WT6 > Accumulable registered as "h190"
G4WT7 > Accumulable registered as "h3"
G4WT5 > Accumulable registered as "h36"
G4WT6 > Accumulable registered as "h191"
G4WT7 > Accumulable registered as "h4"
G4WT5 > Accumulable registered as "h37"
G4WT11 > Accumulable registered as "h34"
G4WT6 > Accumulable registered as "h192"
G4WT7 > Accumulable registered as "h5"
G4WT5 > Accumulable registered as "h38"
G4WT11 > Accumulable registered as "h35"
G4WT5 > Accumulable registered as "h39"
G4WT7 > Accumulable registered as "h6"
G4WT8 > Accumulable registered as "h55"
G4WT6 > Accumulable registered as "h193"
G4WT8 > Accumulable registered as "h56"
G4WT5 > Accumulable registered as "h40"
G4WT8 > Accumulable registered as "h57"
G4WT6 > Accumulable registered as "h194"
G4WT8 > Accumulable registered as "h58"
G4WT5 > Accumulable registered as "h41"
G4WT6 > Accumulable registered as "h195"
G4WT11 > Accumulable registered as "h36"
G4WT7 > Accumulable registered as "h7"
G4WT8 > Accumulable registered as "h59"
G4WT11 > Accumulable registered as "h37"
G4WT5 > Accumulable registered as "h42"
G4WT6 > Accumulable registered as "h196"
G4WT11 > Accumulable registered as "h38"
G4WT8 > Accumulable registered as "h60"
G4WT11 > Accumulable registered as "h39"
G4WT5 > Accumulable registered as "h43"
G4WT6 > Accumulable registered as "h197"
G4WT5 > Accumulable registered as "h44"
G4WT7 > Accumulable registered as "h8"
G4WT6 > Accumulable registered as "h198"
G4WT8 > Accumulable registered as "h61"
G4WT5 > Accumulable registered as "h45"
G4WT8 > Accumulable registered as "h62"
G4WT6 > Accumulable registered as "h199"
G4WT7 > Accumulable registered as "h9"
G4WT5 > Accumulable registered as "h46"
G4WT7 > Accumulable registered as "h10"
G4WT8 > Accumulable registered as "h63"
G4WT11 > Accumulable registered as "h40"
G4WT6 > Accumulable registered as "h200"
G4WT11 > Accumulable registered as "h41"
G4WT5 > Accumulable registered as "h47"
G4WT11 > Accumulable registered as "h42"
G4WT8 > Accumulable registered as "h64"
G4WT5 > Accumulable registered as "h48"
G4WT6 > Accumulable registered as "h201"
G4WT8 > Accumulable registered as "h65"
G4WT4 > Accumulable registered as "any"
G4WT8 > Accumulable registered as "h66"
G4WT4 > Accumulable registered as "w0"
G4WT8 > Accumulable registered as "h67"
G4WT4 > Accumulable registered as "h0"
G4WT7 > Accumulable registered as "h11"
G4WT4 > Accumulable registered as "h1"
G4WT5 > Accumulable registered as "h49"
G4WT6 > Accumulable registered as "h202"
G4WT5 > Accumulable registered as "h50"
G4WT3 > Accumulable registered as "any"
G4WT11 > Accumulable registered as "h43"
G4WT8 > Accumulable registered as "h68"
G4WT3 > Accumulable registered as "w0"
G4WT4 > Accumulable registered as "h2"
G4WT8 > Accumulable registered as "h69"
G4WT5 > Accumulable registered as "h51"
G4WT4 > Accumulable registered as "h3"
G4WT11 > Accumulable registered as "h44"
G4WT6 > Accumulable registered as "h203"
G4WT7 > Accumulable registered as "h12"
G4WT8 > Accumulable registered as "h70"
G4WT7 > Accumulable registered as "h13"
G4WT8 > Accumulable registered as "h71"
G4WT4 > Accumulable registered as "h4"
G4WT8 > Accumulable registered as "h72"
G4WT11 > Accumulable registered as "h45"
G4WT5 > Accumulable registered as "h52"
G4WT7 > Accumulable registered as "h14"
G4WT5 > Accumulable registered as "h53"
G4WT7 > Accumulable registered as "h15"
G4WT6 > Accumulable registered as "h204"
G4WT7 > Accumulable registered as "h16"
G4WT4 > Accumulable registered as "h5"
G4WT3 > Accumulable registered as "h0"
G4WT5 > Accumulable registered as "h54"
G4WT8 > Accumulable registered as "h73"
G4WT5 > Accumulable registered as "h55"
G4WT11 > Accumulable registered as "h46"
G4WT6 > Accumulable registered as "h205"
G4WT4 > Accumulable registered as "h6"
G4WT3 > Accumulable registered as "h1"
G4WT4 > Accumulable registered as "h7"
G4WT7 > Accumulable registered as "h17"
G4WT5 > Accumulable registered as "h56"
G4WT11 > Accumulable registered as "h47"
G4WT6 > Accumulable registered as "h206"
G4WT8 > Accumulable registered as "h74"
G4WT6 > Accumulable registered as "h207"
G4WT4 > Accumulable registered as "h8"
G4WT7 > Accumulable registered as "h18"
G4WT5 > Accumulable registered as "h57"
G4WT7 > Accumulable registered as "h19"
G4WT11 > Accumulable registered as "h48"
G4WT7 > Accumulable registered as "h20"
G4WT6 > Accumulable registered as "h208"
G4WT4 > Accumulable registered as "h9"
G4WT3 > Accumulable registered as "h2"
G4WT5 > Accumulable registered as "h58"
G4WT8 > Accumulable registered as "h75"
G4WT5 > Accumulable registered as "h59"
G4WT11 > Accumulable registered as "h49"
G4WT7 > Accumulable registered as "h21"
G4WT6 > Accumulable registered as "h209"
G4WT11 > Accumulable registered as "h50"
G4WT7 > Accumulable registered as "h22"
G4WT5 > Accumulable registered as "h60"
G4WT6 > Accumulable registered as "h210"
G4WT4 > Accumulable registered as "h10"
G4WT3 > Accumulable registered as "h3"
G4WT8 > Accumulable registered as "h76"
G4WT4 > Accumulable registered as "h11"
G4WT7 > Accumulable registered as "h23"
G4WT5 > Accumulable registered as "h61"
G4WT7 > Accumulable registered as "h24"
G4WT8 > Accumulable registered as "h77"
G4WT6 > Accumulable registered as "h211"
G4WT4 > Accumulable registered as "h12"
G4WT6 > Accumulable registered as "h212"
G4WT11 > Accumulable registered as "h51"
G4WT6 > Accumulable registered as "h213"
G4WT5 > Accumulable registered as "h62"
G4WT8 > Accumulable registered as "h78"
G4WT5 > Accumulable registered as "h63"
G4WT3 > Accumulable registered as "h4"
G4WT5 > Accumulable registered as "h64"
G4WT7 > Accumulable registered as "h25"
G4WT6 > Accumulable registered as "h214"
G4WT7 > Accumulable registered as "h26"
G4WT8 > Accumulable registered as "h79"
G4WT11 > Accumulable registered as "h52"
G4WT8 > Accumulable registered as "h80"
G4WT5 > Accumulable registered as "h65"
G4WT3 > Accumulable registered as "h5"
G4WT5 > Accumulable registered as "h66"
G4WT2 > Accumulable registered as "any"
G4WT6 > Accumulable registered as "h215"
G4WT7 > Accumulable registered as "h27"
G4WT6 > Accumulable registered as "h216"
G4WT11 > Accumulable registered as "h53"
G4WT7 > Accumulable registered as "h28"
G4WT1 > Accumulable registered as "any"
G4WT11 > Accumulable registered as "h54"
G4WT4 > Accumulable registered as "h13"
G4WT2 > Accumulable registered as "w0"
G4WT4 > Accumulable registered as "h14"
G4WT8 > Accumulable registered as "h81"
G4WT4 > Accumulable registered as "h15"
G4WT5 > Accumulable registered as "h67"
G4WT4 > Accumulable registered as "h16"
G4WT3 > Accumulable registered as "h6"
G4WT1 > Accumulable registered as "w0"
G4WT3 > Accumulable registered as "h7"
G4WT6 > Accumulable registered as "h217"
G4WT3 > Accumulable registered as "h8"
G4WT7 > Accumulable registered as "h29"
G4WT3 > Accumulable registered as "h9"
G4WT11 > Accumulable registered as "h55"
G4WT3 > Accumulable registered as "h10"
G4WT4 > Accumulable registered as "h17"
G4WT8 > Accumulable registered as "h82"
G4WT4 > Accumulable registered as "h18"
G4WT1 > Accumulable registered as "h0"
G4WT6 > Accumulable registered as "h218"
G4WT5 > Accumulable registered as "h68"
G4WT7 > Accumulable registered as "h30"
G4WT0 > Accumulable registered as "any"
G4WT3 > Accumulable registered as "h11"
G4WT11 > Accumulable registered as "h56"
G4WT3 > Accumulable registered as "h12"
G4WT11 > Accumulable registered as "h57"
G4WT8 > Accumulable registered as "h83"
G4WT11 > Accumulable registered as "h58"
G4WT1 > Accumulable registered as "h1"
G4WT8 > Accumulable registered as "h84"
G4WT5 > Accumulable registered as "h69"
G4WT8 > Accumulable registered as "h85"
G4WT0 > Accumulable registered as "w0"
G4WT9 > Accumulable registered as "any"
G4WT0 > Accumulable registered as "h0"
G4WT3 > Accumulable registered as "h13"
G4WT9 > Accumulable registered as "w0"
G4WT6 > Accumulable registered as "h219"
G4WT3 > Accumulable registered as "h14"
G4WT1 > Accumulable registered as "h2"
G4WT7 > Accumulable registered as "h31"
G4WT1 > Accumulable registered as "h3"
G4WT7 > Accumulable registered as "h32"
G4WT7 > Accumulable registered as "h33"
G4WT0 > Accumulable registered as "h1"
G4WT11 > Accumulable registered as "h59"
G4WT0 > Accumulable registered as "h2"
G4WT6 > Accumulable registered as "h220"
G4WT3 > Accumulable registered as "h15"
G4WT6 > Accumulable registered as "h221"
G4WT8 > Accumulable registered as "h86"
G4WT5 > Accumulable registered as "h70"
G4WT1 > Accumulable registered as "h4"
G4WT5 > Accumulable registered as "h71"
G4WT4 > Accumulable registered as "h19"
G4WT5 > Accumulable registered as "h72"
G4WT4 > Accumulable registered as "h20"
G4WT5 > Accumulable registered as "h73"
G4WT0 > Accumulable registered as "h3"
G4WT0 > Accumulable registered as "h4"
G4WT6 > Accumulable registered as "h222"
G4WT8 > Accumulable registered as "h87"
G4WT6 > Accumulable registered as "h223"
G4WT1 > Accumulable registered as "h5"
G4WT8 > Accumulable registered as "h88"
G4WT9 > Accumulable registered as "h0"
G4WT4 > Accumulable registered as "h21"
G4WT4 > Accumulable registered as "h22"
G4WT3 > Accumulable registered as "h16"
G4WT4 > Accumulable registered as "h23"
G4WT0 > Accumulable registered as "h5"
G4WT7 > Accumulable registered as "h34"
G4WT6 > Accumulable registered as "h224"
G4WT11 > Accumulable registered as "h60"
G4WT6 > Accumulable registered as "h225"
G4WT2 > Accumulable registered as "h0"
G4WT6 > Accumulable registered as "h226"
G4WT9 > Accumulable registered as "h1"
G4WT6 > Accumulable registered as "h227"
G4WT4 > Accumulable registered as "h24"
G4WT9 > Accumulable registered as "h2"
G4WT0 > Accumulable registered as "h6"
G4WT7 > Accumulable registered as "h35"
G4WT8 > Accumulable registered as "h89"
G4WT7 > Accumulable registered as "h36"
G4WT11 > Accumulable registered as "h61"
G4WT5 > Accumulable registered as "h74"
G4WT2 > Accumulable registered as "h1"
G4WT11 > Accumulable registered as "h62"
G4WT5 > Accumulable registered as "h75"
G4WT2 > Accumulable registered as "h2"
G4WT1 > Accumulable registered as "h6"
G4WT0 > Accumulable registered as "h7"
G4WT7 > Accumulable registered as "h37"
G4WT0 > Accumulable registered as "h8"
G4WT8 > Accumulable registered as "h90"
G4WT6 > Accumulable registered as "h228"
G4WT8 > Accumulable registered as "h91"
G4WT4 > Accumulable registered as "h25"
G4WT8 > Accumulable registered as "h92"
G4WT9 > Accumulable registered as "h3"
G4WT5 > Accumulable registered as "h76"
G4WT1 > Accumulable registered as "h7"
G4WT10 > Accumulable registered as "any"
G4WT1 > Accumulable registered as "h8"
G4WT7 > Accumulable registered as "h38"
G4WT1 > Accumulable registered as "h9"
G4WT11 > Accumulable registered as "h63"
G4WT4 > Accumulable registered as "h26"
G4WT11 > Accumulable registered as "h64"
G4WT8 > Accumulable registered as "h93"
G4WT11 > Accumulable registered as "h65"
G4WT9 > Accumulable registered as "h4"
G4WT8 > Accumulable registered as "h94"
G4WT0 > Accumulable registered as "h9"
G4WT10 > Accumulable registered as "w0"
G4WT6 > Accumulable registered as "h229"
G4WT10 > Accumulable registered as "h0"
G4WT6 > Accumulable registered as "h230"
G4WT6 > Accumulable registered as "h231"
G4WT4 > Accumulable registered as "h27"
G4WT5 > Accumulable registered as "h77"
G4WT11 > Accumulable registered as "h66"
G4WT5 > Accumulable registered as "h78"
G4WT9 > Accumulable registered as "h5"
G4WT8 > Accumulable registered as "h95"
G4WT9 > Accumulable registered as "h6"
G4WT0 > Accumulable registered as "h10"
G4WT1 > Accumulable registered as "h10"
G4WT7 > Accumulable registered as "h39"
G4WT1 > Accumulable registered as "h11"
G4WT2 > Accumulable registered as "h3"
G4WT4 > Accumulable registered as "h28"
G4WT2 > Accumulable registered as "h4"
G4WT11 > Accumulable registered as "h67"
G4WT2 > Accumulable registered as "h5"
G4WT8 > Accumulable registered as "h96"
G4WT9 > Accumulable registered as "h7"
G4WT8 > Accumulable registered as "h97"
G4WT3 > Accumulable registered as "h17"
G4WT8 > Accumulable registered as "h98"
G4WT9 > Accumulable registered as "h8"
G4WT6 > Accumulable registered as "h232"
G4WT3 > Accumulable registered as "h18"
G4WT5 > Accumulable registered as "h79"
G4WT3 > Accumulable registered as "h19"
G4WT11 > Accumulable registered as "h68"
G4WT5 > Accumulable registered as "h80"
G4WT10 > Accumulable registered as "h1"
G4WT11 > Accumulable registered as "h69"
G4WT1 > Accumulable registered as "h12"
G4WT10 > Accumulable registered as "h2"
G4WT8 > Accumulable registered as "h99"
G4WT10 > Accumulable registered as "h3"
G4WT1 > Accumulable registered as "h13"
G4WT4 > Accumulable registered as "h29"
G4WT2 > Accumulable registered as "h6"
G4WT3 > Accumulable registered as "h20"
G4WT4 > Accumulable registered as "h30"
G4WT5 > Accumulable registered as "h81"
G4WT4 > Accumulable registered as "h31"
G4WT11 > Accumulable registered as "h70"
G4WT5 > Accumulable registered as "h82"
G4WT6 > Accumulable registered as "h233"
G4WT11 > Accumulable registered as "h71"
G4WT6 > Accumulable registered as "h234"
G4WT11 > Accumulable registered as "h72"
G4WT0 > Accumulable registered as "h11"
G4WT7 > Accumulable registered as "h40"
G4WT3 > Accumulable registered as "h21"
G4WT9 > Accumulable registered as "h9"
G4WT4 > Accumulable registered as "h32"
G4WT9 > Accumulable registered as "h10"
G4WT10 > Accumulable registered as "h4"
G4WT4 > Accumulable registered as "h33"
G4WT8 > Accumulable registered as "h100"
G4WT10 > Accumulable registered as "h5"
G4WT6 > Accumulable registered as "h235"
G4WT8 > Accumulable registered as "h101"
G4WT11 > Accumulable registered as "h73"
G4WT8 > Accumulable registered as "h102"
G4WT6 > Accumulable registered as "h236"
G4WT3 > Accumulable registered as "h22"
G4WT9 > Accumulable registered as "h11"
G4WT1 > Accumulable registered as "h14"
G4WT4 > Accumulable registered as "h34"
G4WT2 > Accumulable registered as "h7"
G4WT10 > Accumulable registered as "h6"
G4WT0 > Accumulable registered as "h12"
G4WT7 > Accumulable registered as "h41"
G4WT8 > Accumulable registered as "h103"
G4WT5 > Accumulable registered as "h83"
G4WT11 > Accumulable registered as "h74"
G4WT8 > Accumulable registered as "h104"
G4WT5 > Accumulable registered as "h84"
G4WT8 > Accumulable registered as "h105"
G4WT3 > Accumulable registered as "h23"
G4WT9 > Accumulable registered as "h12"
G4WT3 > Accumulable registered as "h24"
G4WT11 > Accumulable registered as "h75"
G4WT2 > Accumulable registered as "h8"
G4WT0 > Accumulable registered as "h13"
G4WT1 > Accumulable registered as "h15"
G4WT4 > Accumulable registered as "h35"
G4WT5 > Accumulable registered as "h85"
G4WT3 > Accumulable registered as "h25"
G4WT5 > Accumulable registered as "h86"
G4WT9 > Accumulable registered as "h13"
G4WT3 > Accumulable registered as "h26"
G4WT9 > Accumulable registered as "h14"
G4WT3 > Accumulable registered as "h27"
G4WT7 > Accumulable registered as "h42"
G4WT2 > Accumulable registered as "h9"
G4WT0 > Accumulable registered as "h14"
G4WT2 > Accumulable registered as "h10"
G4WT1 > Accumulable registered as "h16"
G4WT10 > Accumulable registered as "h7"
G4WT1 > Accumulable registered as "h17"
G4WT5 > Accumulable registered as "h87"
G4WT10 > Accumulable registered as "h8"
G4WT6 > Accumulable registered as "h237"
G4WT3 > Accumulable registered as "h28"
G4WT6 > Accumulable registered as "h238"
G4WT9 > Accumulable registered as "h15"
G4WT6 > Accumulable registered as "h239"
G4WT4 > Accumulable registered as "h36"
G4WT9 > Accumulable registered as "h16"
G4WT2 > Accumulable registered as "h11"
G4WT4 > Accumulable registered as "h37"
G4WT1 > Accumulable registered as "h18"
G4WT2 > Accumulable registered as "h12"
G4WT10 > Accumulable registered as "h9"
G4WT2 > Accumulable registered as "h13"
G4WT7 > Accumulable registered as "h43"
G4WT3 > Accumulable registered as "h29"
G4WT0 > Accumulable registered as "h15"
G4WT3 > Accumulable registered as "h30"
G4WT0 > Accumulable registered as "h16"
G4WT9 > Accumulable registered as "h17"
G4WT8 > Accumulable registered as "h106"
G4WT5 > Accumulable registered as "h88"
G4WT1 > Accumulable registered as "h19"
G4WT5 > Accumulable registered as "h89"
G4WT2 > Accumulable registered as "h14"
G4WT6 > Accumulable registered as "h240"
G4WT7 > Accumulable registered as "h44"
G4WT3 > Accumulable registered as "h31"
G4WT11 > Accumulable registered as "h76"
G4WT0 > Accumulable registered as "h17"
G4WT4 > Accumulable registered as "h38"
G4WT9 > Accumulable registered as "h18"
G4WT8 > Accumulable registered as "h107"
G4WT10 > Accumulable registered as "h10"
G4WT5 > Accumulable registered as "h90"
G4WT2 > Accumulable registered as "h15"
G4WT5 > Accumulable registered as "h91"
G4WT1 > Accumulable registered as "h20"
G4WT2 > Accumulable registered as "h16"
G4WT7 > Accumulable registered as "h45"
G4WT1 > Accumulable registered as "h21"
G4WT11 > Accumulable registered as "h77"
G4WT1 > Accumulable registered as "h22"
G4WT4 > Accumulable registered as "h39"
G4WT8 > Accumulable registered as "h108"
G4WT4 > Accumulable registered as "h40"
G4WT10 > Accumulable registered as "h11"
G4WT4 > Accumulable registered as "h41"
G4WT5 > Accumulable registered as "h92"
G4WT2 > Accumulable registered as "h17"
G4WT5 > Accumulable registered as "h93"
G4WT2 > Accumulable registered as "h18"
G4WT9 > Accumulable registered as "h19"
G4WT2 > Accumulable registered as "h19"
G4WT8 > Accumulable registered as "h109"
G4WT9 > Accumulable registered as "h20"
G4WT7 > Accumulable registered as "h46"
G4WT3 > Accumulable registered as "h32"
G4WT4 > Accumulable registered as "h42"
G4WT3 > Accumulable registered as "h33"
G4WT6 > Accumulable registered as "h241"
G4WT0 > Accumulable registered as "h18"
G4WT5 > Accumulable registered as "h94"
G4WT6 > Accumulable registered as "h242"
G4WT1 > Accumulable registered as "h23"
G4WT8 > Accumulable registered as "h110"
G4WT1 > Accumulable registered as "h24"
G4WT8 > Accumulable registered as "h111"
G4WT10 > Accumulable registered as "h12"
G4WT8 > Accumulable registered as "h112"
G4WT4 > Accumulable registered as "h43"
G4WT10 > Accumulable registered as "h13"
G4WT11 > Accumulable registered as "h78"
G4WT4 > Accumulable registered as "h44"
G4WT2 > Accumulable registered as "h20"
G4WT11 > Accumulable registered as "h79"
G4WT9 > Accumulable registered as "h21"
G4WT2 > Accumulable registered as "h21"
G4WT9 > Accumulable registered as "h22"
G4WT3 > Accumulable registered as "h34"
G4WT8 > Accumulable registered as "h113"
G4WT3 > Accumulable registered as "h35"
G4WT0 > Accumulable registered as "h19"
G4WT3 > Accumulable registered as "h36"
G4WT6 > Accumulable registered as "h243"
G4WT11 > Accumulable registered as "h80"
G4WT6 > Accumulable registered as "h244"
G4WT5 > Accumulable registered as "h95"
G4WT6 > Accumulable registered as "h245"
G4WT7 > Accumulable registered as "h47"
G4WT9 > Accumulable registered as "h23"
G4WT10 > Accumulable registered as "h14"
G4WT9 > Accumulable registered as "h24"
G4WT8 > Accumulable registered as "h114"
G4WT4 > Accumulable registered as "h45"
G4WT3 > Accumulable registered as "h37"
G4WT4 > Accumulable registered as "h46"
G4WT3 > Accumulable registered as "h38"
G4WT2 > Accumulable registered as "h22"
G4WT6 > Accumulable registered as "h246"
G4WT5 > Accumulable registered as "h96"
G4WT7 > Accumulable registered as "h48"
G4WT5 > Accumulable registered as "h97"
G4WT10 > Accumulable registered as "h15"
G4WT9 > Accumulable registered as "h25"
G4WT10 > Accumulable registered as "h16"
G4WT0 > Accumulable registered as "h20"
G4WT9 > Accumulable registered as "h26"
G4WT11 > Accumulable registered as "h81"
G4WT9 > Accumulable registered as "h27"
G4WT11 > Accumulable registered as "h82"
G4WT2 > Accumulable registered as "h23"
G4WT7 > Accumulable registered as "h49"
G4WT2 > Accumulable registered as "h24"
G4WT5 > Accumulable registered as "h98"
G4WT1 > Accumulable registered as "h25"
G4WT5 > Accumulable registered as "h99"
G4WT10 > Accumulable registered as "h17"
G4WT5 > Accumulable registered as "h100"
G4WT3 > Accumulable registered as "h39"
G4WT5 > Accumulable registered as "h101"
G4WT6 > Accumulable registered as "h247"
G4WT11 > Accumulable registered as "h83"
G4WT8 > Accumulable registered as "h115"
G4WT11 > Accumulable registered as "h84"
G4WT7 > Accumulable registered as "h50"
G4WT8 > Accumulable registered as "h116"
G4WT4 > Accumulable registered as "h47"
G4WT0 > Accumulable registered as "h21"
G4WT4 > Accumulable registered as "h48"
G4WT9 > Accumulable registered as "h28"
G4WT5 > Accumulable registered as "h102"
G4WT9 > Accumulable registered as "h29"
G4WT3 > Accumulable registered as "h40"
G4WT6 > Accumulable registered as "h248"
G4WT2 > Accumulable registered as "h25"
G4WT6 > Accumulable registered as "h249"
G4WT3 > Accumulable registered as "h41"
G4WT2 > Accumulable registered as "h26"
G4WT6 > Accumulable registered as "h250"
G4WT3 > Accumulable registered as "h42"
G4WT6 > Accumulable registered as "h251"
G4WT4 > Accumulable registered as "h49"
G4WT9 > Accumulable registered as "h30"
G4WT4 > Accumulable registered as "h50"
G4WT11 > Accumulable registered as "h85"
G4WT4 > Accumulable registered as "h51"
G4WT9 > Accumulable registered as "h31"
G4WT4 > Accumulable registered as "h52"
G4WT10 > Accumulable registered as "h18"
G4WT4 > Accumulable registered as "h53"
G4WT3 > Accumulable registered as "h43"
G4WT6 > Accumulable registered as "h252"
G4WT1 > Accumulable registered as "h26"
G4WT8 > Accumulable registered as "h117"
G4WT7 > Accumulable registered as "h51"
G4WT8 > Accumulable registered as "h118"
G4WT7 > Accumulable registered as "h52"
G4WT2 > Accumulable registered as "h27"
G4WT0 > Accumulable registered as "h22"
G4WT4 > Accumulable registered as "h54"
G4WT10 > Accumulable registered as "h19"
G4WT4 > Accumulable registered as "h55"
G4WT5 > Accumulable registered as "h103"
G4WT6 > Accumulable registered as "h253"
G4WT5 > Accumulable registered as "h104"
G4WT1 > Accumulable registered as "h27"
G4WT11 > Accumulable registered as "h86"
G4WT1 > Accumulable registered as "h28"
G4WT7 > Accumulable registered as "h53"
G4WT2 > Accumulable registered as "h28"
G4WT0 > Accumulable registered as "h23"
G4WT10 > Accumulable registered as "h20"
G4WT0 > Accumulable registered as "h24"
G4WT3 > Accumulable registered as "h44"
G4WT0 > Accumulable registered as "h25"
G4WT6 > Accumulable registered as "h254"
G4WT3 > Accumulable registered as "h45"
G4WT9 > Accumulable registered as "h32"
G4WT11 > Accumulable registered as "h87"
G4WT9 > Accumulable registered as "h33"
G4WT11 > Accumulable registered as "h88"
G4WT9 > Accumulable registered as "h34"
G4WT4 > Accumulable registered as "h56"
G4WT10 > Accumulable registered as "h21"
G4WT5 > Accumulable registered as "h105"
G4WT0 > Accumulable registered as "h26"
G4WT8 > Accumulable registered as "h119"
G4WT6 > Accumulable registered as "h255"
G4WT3 > Accumulable registered as "h46"
G4WT1 > Accumulable registered as "h29"
G4WT7 > Accumulable registered as "h54"
G4WT1 > Accumulable registered as "h30"
G4WT2 > Accumulable registered as "h29"
G4WT7 > Accumulable registered as "h55"
G4WT9 > Accumulable registered as "h35"
G4WT2 > Accumulable registered as "h30"
G4WT4 > Accumulable registered as "h57"
G4WT0 > Accumulable registered as "h27"
G4WT4 > Accumulable registered as "h58"
G4WT8 > Accumulable registered as "h120"
G4WT4 > Accumulable registered as "h59"
G4WT3 > Accumulable registered as "h47"
G4WT8 > Accumulable registered as "h121"
G4WT9 > Accumulable registered as "h36"
G4WT7 > Accumulable registered as "h56"
G4WT10 > Accumulable registered as "h22"
G4WT5 > Accumulable registered as "h106"
G4WT10 > Accumulable registered as "h23"
G4WT6 > Accumulable registered as "h256"
G4WT10 > Accumulable registered as "h24"
G4WT11 > Accumulable registered as "h89"
G4WT4 > Accumulable registered as "h60"
G4WT1 > Accumulable registered as "h31"
G4WT11 > Accumulable registered as "h90"
G4WT4 > Accumulable registered as "h61"
G4WT1 > Accumulable registered as "h32"
G4WT2 > Accumulable registered as "h31"
G4WT1 > Accumulable registered as "h33"
G4WT0 > Accumulable registered as "h28"
G4WT6 > Accumulable registered as "h257"
G4WT10 > Accumulable registered as "h25"
G4WT6 > Accumulable registered as "h258"
G4WT3 > Accumulable registered as "h48"
G4WT6 > Accumulable registered as "h259"
G4WT9 > Accumulable registered as "h37"
G4WT7 > Accumulable registered as "h57"
G4WT4 > Accumulable registered as "h62"
G4WT7 > Accumulable registered as "h58"
G4WT4 > Accumulable registered as "h63"
G4WT7 > Accumulable registered as "h59"
G4WT2 > Accumulable registered as "h32"
G4WT8 > Accumulable registered as "h122"
G4WT10 > Accumulable registered as "h26"
G4WT8 > Accumulable registered as "h123"
G4WT3 > Accumulable registered as "h49"
G4WT8 > Accumulable registered as "h124"
G4WT3 > Accumulable registered as "h50"
G4WT9 > Accumulable registered as "h38"
G4WT3 > Accumulable registered as "h51"
G4WT1 > Accumulable registered as "h34"
G4WT9 > Accumulable registered as "h39"
G4WT4 > Accumulable registered as "h64"
G4WT1 > Accumulable registered as "h35"
G4WT2 > Accumulable registered as "h33"
G4WT1 > Accumulable registered as "h36"
G4WT10 > Accumulable registered as "h27"
G4WT1 > Accumulable registered as "h37"
G4WT8 > Accumulable registered as "h125"
G4WT10 > Accumulable registered as "h28"
G4WT0 > Accumulable registered as "h29"
G4WT10 > Accumulable registered as "h29"
G4WT7 > Accumulable registered as "h60"
G4WT11 > Accumulable registered as "h91"
G4WT4 > Accumulable registered as "h65"
G4WT11 > Accumulable registered as "h92"
G4WT4 > Accumulable registered as "h66"
G4WT6 > Accumulable registered as "h260"
G4WT10 > Accumulable registered as "h30"
G4WT3 > Accumulable registered as "h52"
G4WT9 > Accumulable registered as "h40"
G4WT8 > Accumulable registered as "h126"
G4WT9 > Accumulable registered as "h41"
G4WT7 > Accumulable registered as "h61"
G4WT2 > Accumulable registered as "h34"
G4WT7 > Accumulable registered as "h62"
G4WT2 > Accumulable registered as "h35"
G4WT4 > Accumulable registered as "h67"
G4WT6 > Accumulable registered as "h261"
G4WT4 > Accumulable registered as "h68"
G4WT10 > Accumulable registered as "h31"
G4WT5 > Accumulable registered as "h107"
G4WT10 > Accumulable registered as "h32"
G4WT0 > Accumulable registered as "h30"
G4WT5 > Accumulable registered as "h108"
G4WT0 > Accumulable registered as "h31"
G4WT0 > Accumulable registered as "h32"
G4WT7 > Accumulable registered as "h63"
G4WT2 > Accumulable registered as "h36"
G4WT7 > Accumulable registered as "h64"
G4WT4 > Accumulable registered as "h69"
G4WT7 > Accumulable registered as "h65"
G4WT3 > Accumulable registered as "h53"
G4WT10 > Accumulable registered as "h33"
G4WT3 > Accumulable registered as "h54"
G4WT9 > Accumulable registered as "h42"
G4WT5 > Accumulable registered as "h109"
G4WT1 > Accumulable registered as "h38"
G4WT0 > Accumulable registered as "h33"
G4WT6 > Accumulable registered as "h262"
G4WT2 > Accumulable registered as "h37"
G4WT6 > Accumulable registered as "h263"
G4WT8 > Accumulable registered as "h127"
G4WT2 > Accumulable registered as "h38"
G4WT8 > Accumulable registered as "h128"
G4WT3 > Accumulable registered as "h55"
G4WT10 > Accumulable registered as "h34"
G4WT9 > Accumulable registered as "h43"
G4WT5 > Accumulable registered as "h110"
G4WT9 > Accumulable registered as "h44"
G4WT0 > Accumulable registered as "h34"
G4WT7 > Accumulable registered as "h66"
G4WT6 > Accumulable registered as "h264"
G4WT7 > Accumulable registered as "h67"
G4WT4 > Accumulable registered as "h70"
G4WT6 > Accumulable registered as "h265"
G4WT2 > Accumulable registered as "h39"
G4WT6 > Accumulable registered as "h266"
G4WT3 > Accumulable registered as "h56"
G4WT1 > Accumulable registered as "h39"
G4WT3 > Accumulable registered as "h57"
G4WT5 > Accumulable registered as "h111"
G4WT9 > Accumulable registered as "h45"
G4WT0 > Accumulable registered as "h35"
G4WT9 > Accumulable registered as "h46"
G4WT11 > Accumulable registered as "h93"
G4WT4 > Accumulable registered as "h71"
G4WT8 > Accumulable registered as "h129"
G4WT11 > Accumulable registered as "h94"
G4WT4 > Accumulable registered as "h72"
G4WT2 > Accumulable registered as "h40"
G4WT3 > Accumulable registered as "h58"
G4WT7 > Accumulable registered as "h68"
G4WT5 > Accumulable registered as "h112"
G4WT0 > Accumulable registered as "h36"
G4WT5 > Accumulable registered as "h113"
G4WT9 > Accumulable registered as "h47"
G4WT10 > Accumulable registered as "h35"
G4WT9 > Accumulable registered as "h48"
G4WT10 > Accumulable registered as "h36"
G4WT11 > Accumulable registered as "h95"
G4WT4 > Accumulable registered as "h73"
G4WT11 > Accumulable registered as "h96"
G4WT2 > Accumulable registered as "h41"
G4WT3 > Accumulable registered as "h59"
G4WT7 > Accumulable registered as "h69"
G4WT2 > Accumulable registered as "h42"
G4WT5 > Accumulable registered as "h114"
G4WT7 > Accumulable registered as "h70"
G4WT1 > Accumulable registered as "h40"
G4WT10 > Accumulable registered as "h37"
G4WT1 > Accumulable registered as "h41"
G4WT9 > Accumulable registered as "h49"
G4WT1 > Accumulable registered as "h42"
G4WT11 > Accumulable registered as "h97"
G4WT0 > Accumulable registered as "h37"
G4WT3 > Accumulable registered as "h60"
G4WT11 > Accumulable registered as "h98"
G4WT2 > Accumulable registered as "h43"
G4WT11 > Accumulable registered as "h99"
G4WT3 > Accumulable registered as "h61"
G4WT5 > Accumulable registered as "h115"
G4WT10 > Accumulable registered as "h38"
G4WT1 > Accumulable registered as "h43"
G4WT9 > Accumulable registered as "h50"
G4WT6 > Accumulable registered as "h267"
G4WT0 > Accumulable registered as "h38"
G4WT6 > Accumulable registered as "h268"
G4WT8 > Accumulable registered as "h130"
G4WT6 > Accumulable registered as "h269"
G4WT4 > Accumulable registered as "h74"
G4WT2 > Accumulable registered as "h44"
G4WT3 > Accumulable registered as "h62"
G4WT5 > Accumulable registered as "h116"
G4WT10 > Accumulable registered as "h39"
G4WT5 > Accumulable registered as "h117"
G4WT10 > Accumulable registered as "h40"
G4WT5 > Accumulable registered as "h118"
G4WT7 > Accumulable registered as "h71"
G4WT11 > Accumulable registered as "h100"
G4WT7 > Accumulable registered as "h72"
G4WT6 > Accumulable registered as "h270"
G4WT11 > Accumulable registered as "h101"
G4WT4 > Accumulable registered as "h75"
G4WT11 > Accumulable registered as "h102"
G4WT3 > Accumulable registered as "h63"
G4WT9 > Accumulable registered as "h51"
G4WT3 > Accumulable registered as "h64"
G4WT0 > Accumulable registered as "h39"
G4WT3 > Accumulable registered as "h65"
G4WT5 > Accumulable registered as "h119"
G4WT3 > Accumulable registered as "h66"
G4WT7 > Accumulable registered as "h73"
G4WT6 > Accumulable registered as "h271"
G4WT2 > Accumulable registered as "h45"
G4WT1 > Accumulable registered as "h44"
G4WT11 > Accumulable registered as "h103"
G4WT4 > Accumulable registered as "h76"
G4WT11 > Accumulable registered as "h104"
G4WT10 > Accumulable registered as "h41"
G4WT8 > Accumulable registered as "h131"
G4WT0 > Accumulable registered as "h40"
G4WT8 > Accumulable registered as "h132"
G4WT3 > Accumulable registered as "h67"
G4WT7 > Accumulable registered as "h74"
G4WT6 > Accumulable registered as "h272"
G4WT7 > Accumulable registered as "h75"
G4WT2 > Accumulable registered as "h46"
G4WT1 > Accumulable registered as "h45"
G4WT9 > Accumulable registered as "h52"
G4WT11 > Accumulable registered as "h105"
G4WT1 > Accumulable registered as "h46"
G4WT10 > Accumulable registered as "h42"
G4WT5 > Accumulable registered as "h120"
G4WT0 > Accumulable registered as "h41"
G4WT8 > Accumulable registered as "h133"
G4WT3 > Accumulable registered as "h68"
G4WT5 > Accumulable registered as "h121"
G4WT0 > Accumulable registered as "h42"
G4WT4 > Accumulable registered as "h77"
G4WT0 > Accumulable registered as "h43"
G4WT9 > Accumulable registered as "h53"
G4WT0 > Accumulable registered as "h44"
G4WT10 > Accumulable registered as "h43"
G4WT9 > Accumulable registered as "h54"
G4WT10 > Accumulable registered as "h44"
G4WT6 > Accumulable registered as "h273"
G4WT3 > Accumulable registered as "h69"
G4WT6 > Accumulable registered as "h274"
G4WT5 > Accumulable registered as "h122"
G4WT6 > Accumulable registered as "h275"
G4WT1 > Accumulable registered as "h47"
G4WT0 > Accumulable registered as "h45"
G4WT7 > Accumulable registered as "h76"
G4WT0 > Accumulable registered as "h46"
G4WT9 > Accumulable registered as "h55"
G4WT10 > Accumulable registered as "h45"
G4WT9 > Accumulable registered as "h56"
G4WT11 > Accumulable registered as "h106"
G4WT9 > Accumulable registered as "h57"
G4WT11 > Accumulable registered as "h107"
G4WT9 > Accumulable registered as "h58"
G4WT6 > Accumulable registered as "h276"
G4WT1 > Accumulable registered as "h48"
G4WT8 > Accumulable registered as "h134"
G4WT1 > Accumulable registered as "h49"
G4WT0 > Accumulable registered as "h47"
G4WT2 > Accumulable registered as "h47"
G4WT10 > Accumulable registered as "h46"
G4WT10 > Accumulable registered as "h47"
G4WT4 > Accumulable registered as "h78"
G4WT11 > Accumulable registered as "h108"
G4WT5 > Accumulable registered as "h123"
G4WT9 > Accumulable registered as "h59"
G4WT6 > Accumulable registered as "h277"
G4WT7 > Accumulable registered as "h77"
G4WT6 > Accumulable registered as "h278"
G4WT7 > Accumulable registered as "h78"
G4WT0 > Accumulable registered as "h48"
G4WT2 > Accumulable registered as "h48"
G4WT10 > Accumulable registered as "h48"
G4WT2 > Accumulable registered as "h49"
G4WT10 > Accumulable registered as "h49"
G4WT2 > Accumulable registered as "h50"
G4WT11 > Accumulable registered as "h109"
G4WT5 > Accumulable registered as "h124"
G4WT11 > Accumulable registered as "h110"
G4WT1 > Accumulable registered as "h50"
G4WT6 > Accumulable registered as "h279"
G4WT7 > Accumulable registered as "h79"
G4WT6 > Accumulable registered as "h280"
G4WT7 > Accumulable registered as "h80"
G4WT4 > Accumulable registered as "h79"
G4WT3 > Accumulable registered as "h70"
G4WT10 > Accumulable registered as "h50"
G4WT3 > Accumulable registered as "h71"
G4WT10 > Accumulable registered as "h51"
G4WT5 > Accumulable registered as "h125"
G4WT11 > Accumulable registered as "h111"
G4WT1 > Accumulable registered as "h51"
G4WT0 > Accumulable registered as "h49"
G4WT6 > Accumulable registered as "h281"
G4WT7 > Accumulable registered as "h81"
G4WT6 > Accumulable registered as "h282"
G4WT4 > Accumulable registered as "h80"
G4WT2 > Accumulable registered as "h51"
G4WT7 > Accumulable registered as "h82"
G4WT4 > Accumulable registered as "h81"
G4WT7 > Accumulable registered as "h83"
G4WT2 > Accumulable registered as "h52"
G4WT4 > Accumulable registered as "h82"
G4WT2 > Accumulable registered as "h53"
G4WT1 > Accumulable registered as "h52"
G4WT0 > Accumulable registered as "h50"
G4WT6 > Accumulable registered as "h283"
G4WT0 > Accumulable registered as "h51"
G4WT8 > Accumulable registered as "h135"
G4WT6 > Accumulable registered as "h284"
G4WT10 > Accumulable registered as "h52"
G4WT6 > Accumulable registered as "h285"
G4WT10 > Accumulable registered as "h53"
G4WT4 > Accumulable registered as "h83"
G4WT2 > Accumulable registered as "h54"
G4WT9 > Accumulable registered as "h60"
G4WT1 > Accumulable registered as "h53"
G4WT9 > Accumulable registered as "h61"
G4WT1 > Accumulable registered as "h54"
G4WT0 > Accumulable registered as "h52"
G4WT5 > Accumulable registered as "h126"
G4WT0 > Accumulable registered as "h53"
G4WT11 > Accumulable registered as "h112"
G4WT0 > Accumulable registered as "h54"
G4WT10 > Accumulable registered as "h54"
G4WT4 > Accumulable registered as "h84"
G4WT2 > Accumulable registered as "h55"
G4WT3 > Accumulable registered as "h72"
G4WT9 > Accumulable registered as "h62"
G4WT1 > Accumulable registered as "h55"
G4WT9 > Accumulable registered as "h63"
G4WT8 > Accumulable registered as "h136"
G4WT7 > Accumulable registered as "h84"
G4WT5 > Accumulable registered as "h127"
G4WT7 > Accumulable registered as "h85"
G4WT0 > Accumulable registered as "h55"
G4WT10 > Accumulable registered as "h55"
G4WT4 > Accumulable registered as "h85"
G4WT2 > Accumulable registered as "h56"
G4WT3 > Accumulable registered as "h73"
G4WT2 > Accumulable registered as "h57"
G4WT1 > Accumulable registered as "h56"
G4WT9 > Accumulable registered as "h64"
G4WT1 > Accumulable registered as "h57"
G4WT6 > Accumulable registered as "h286"
G4WT7 > Accumulable registered as "h86"
G4WT11 > Accumulable registered as "h113"
G4WT0 > Accumulable registered as "h56"
G4WT11 > Accumulable registered as "h114"
G4WT10 > Accumulable registered as "h56"
G4WT11 > Accumulable registered as "h115"
G4WT3 > Accumulable registered as "h74"
G4WT8 > Accumulable registered as "h137"
G4WT3 > Accumulable registered as "h75"
G4WT9 > Accumulable registered as "h65"
G4WT1 > Accumulable registered as "h58"
G4WT9 > Accumulable registered as "h66"
G4WT5 > Accumulable registered as "h128"
G4WT9 > Accumulable registered as "h67"
G4WT4 > Accumulable registered as "h86"
G4WT9 > Accumulable registered as "h68"
G4WT2 > Accumulable registered as "h58"
G4WT11 > Accumulable registered as "h116"
G4WT3 > Accumulable registered as "h76"
G4WT11 > Accumulable registered as "h117"
G4WT8 > Accumulable registered as "h138"
G4WT6 > Accumulable registered as "h287"
G4WT8 > Accumulable registered as "h139"
G4WT1 > Accumulable registered as "h59"
G4WT5 > Accumulable registered as "h129"
G4WT1 > Accumulable registered as "h60"
G4WT10 > Accumulable registered as "h57"
G4WT5 > Accumulable registered as "h130"
G4WT4 > Accumulable registered as "h87"
G4WT2 > Accumulable registered as "h59"
G4WT4 > Accumulable registered as "h88"
G4WT2 > Accumulable registered as "h60"
G4WT0 > Accumulable registered as "h57"
G4WT6 > Accumulable registered as "h288"
G4WT8 > Accumulable registered as "h140"
G4WT9 > Accumulable registered as "h69"
G4WT8 > Accumulable registered as "h141"
G4WT5 > Accumulable registered as "h131"
G4WT10 > Accumulable registered as "h58"
G4WT5 > Accumulable registered as "h132"
G4WT11 > Accumulable registered as "h118"
G4WT3 > Accumulable registered as "h77"
G4WT7 > Accumulable registered as "h87"
G4WT3 > Accumulable registered as "h78"
G4WT0 > Accumulable registered as "h58"
G4WT6 > Accumulable registered as "h289"
G4WT1 > Accumulable registered as "h61"
G4WT6 > Accumulable registered as "h290"
G4WT8 > Accumulable registered as "h142"
G4WT1 > Accumulable registered as "h62"
G4WT5 > Accumulable registered as "h133"
G4WT4 > Accumulable registered as "h89"
G4WT5 > Accumulable registered as "h134"
G4WT11 > Accumulable registered as "h119"
G4WT4 > Accumulable registered as "h90"
G4WT5 > Accumulable registered as "h135"
G4WT3 > Accumulable registered as "h79"
G4WT9 > Accumulable registered as "h70"
G4WT11 > Accumulable registered as "h120"
G4WT4 > Accumulable registered as "h91"
G4WT1 > Accumulable registered as "h63"
G4WT8 > Accumulable registered as "h143"
G4WT2 > Accumulable registered as "h61"
G4WT7 > Accumulable registered as "h88"
G4WT2 > Accumulable registered as "h62"
G4WT7 > Accumulable registered as "h89"
G4WT5 > Accumulable registered as "h136"
G4WT3 > Accumulable registered as "h80"
G4WT6 > Accumulable registered as "h291"
G4WT3 > Accumulable registered as "h81"
G4WT9 > Accumulable registered as "h71"
G4WT11 > Accumulable registered as "h121"
G4WT4 > Accumulable registered as "h92"
G4WT11 > Accumulable registered as "h122"
G4WT0 > Accumulable registered as "h59"
G4WT2 > Accumulable registered as "h63"
G4WT7 > Accumulable registered as "h90"
G4WT10 > Accumulable registered as "h59"
G4WT5 > Accumulable registered as "h137"
G4WT3 > Accumulable registered as "h82"
G4WT5 > Accumulable registered as "h138"
G4WT6 > Accumulable registered as "h292"
G4WT5 > Accumulable registered as "h139"
G4WT9 > Accumulable registered as "h72"
G4WT4 > Accumulable registered as "h93"
G4WT9 > Accumulable registered as "h73"
G4WT11 > Accumulable registered as "h123"
G4WT0 > Accumulable registered as "h60"
G4WT2 > Accumulable registered as "h64"
G4WT7 > Accumulable registered as "h91"
G4WT10 > Accumulable registered as "h60"
G4WT2 > Accumulable registered as "h65"
G4WT7 > Accumulable registered as "h92"
G4WT10 > Accumulable registered as "h61"
G4WT2 > Accumulable registered as "h66"
G4WT6 > Accumulable registered as "h293"
G4WT10 > Accumulable registered as "h62"
G4WT7 > Accumulable registered as "h93"
G4WT10 > Accumulable registered as "h63"
G4WT0 > Accumulable registered as "h61"
G4WT10 > Accumulable registered as "h64"
G4WT1 > Accumulable registered as "h64"
G4WT10 > Accumulable registered as "h65"
G4WT5 > Accumulable registered as "h140"
G4WT2 > Accumulable registered as "h67"
G4WT9 > Accumulable registered as "h74"
G4WT2 > Accumulable registered as "h68"
G4WT6 > Accumulable registered as "h294"
G4WT3 > Accumulable registered as "h83"
G4WT8 > Accumulable registered as "h144"
G4WT7 > Accumulable registered as "h94"
G4WT8 > Accumulable registered as "h145"
G4WT7 > Accumulable registered as "h95"
G4WT4 > Accumulable registered as "h94"
G4WT10 > Accumulable registered as "h66"
G4WT5 > Accumulable registered as "h141"
G4WT11 > Accumulable registered as "h124"
G4WT9 > Accumulable registered as "h75"
G4WT2 > Accumulable registered as "h69"
G4WT9 > Accumulable registered as "h76"
G4WT6 > Accumulable registered as "h295"
G4WT9 > Accumulable registered as "h77"
G4WT0 > Accumulable registered as "h62"
G4WT6 > Accumulable registered as "h296"
G4WT1 > Accumulable registered as "h65"
G4WT7 > Accumulable registered as "h96"
G4WT4 > Accumulable registered as "h95"
G4WT1 > Accumulable registered as "h66"
G4WT5 > Accumulable registered as "h142"
G4WT1 > Accumulable registered as "h67"
G4WT3 > Accumulable registered as "h84"
G4WT8 > Accumulable registered as "h146"
G4WT9 > Accumulable registered as "h78"
G4WT0 > Accumulable registered as "h63"
G4WT9 > Accumulable registered as "h79"
G4WT6 > Accumulable registered as "h297"
G4WT9 > Accumulable registered as "h80"
G4WT7 > Accumulable registered as "h97"
G4WT9 > Accumulable registered as "h81"
G4WT4 > Accumulable registered as "h96"
G4WT1 > Accumulable registered as "h68"
G4WT5 > Accumulable registered as "h143"
G4WT3 > Accumulable registered as "h85"
G4WT8 > Accumulable registered as "h147"
G4WT10 > Accumulable registered as "h67"
G4WT0 > Accumulable registered as "h64"
G4WT11 > Accumulable registered as "h125"
G4WT6 > Accumulable registered as "h298"
G4WT2 > Accumulable registered as "h70"
G4WT7 > Accumulable registered as "h98"
G4WT2 > Accumulable registered as "h71"
G4WT9 > Accumulable registered as "h82"
G4WT1 > Accumulable registered as "h69"
G4WT5 > Accumulable registered as "h144"
G4WT3 > Accumulable registered as "h86"
G4WT5 > Accumulable registered as "h145"
G4WT3 > Accumulable registered as "h87"
G4WT10 > Accumulable registered as "h68"
G4WT3 > Accumulable registered as "h88"
G4WT6 > Accumulable registered as "h299"
G4WT4 > Accumulable registered as "h97"
G4WT6 > Accumulable registered as "h300"
G4WT7 > Accumulable registered as "h99"
G4WT2 > Accumulable registered as "h72"
G4WT4 > Accumulable registered as "h98"
G4WT7 > Accumulable registered as "h100"
G4WT2 > Accumulable registered as "h73"
G4WT0 > Accumulable registered as "h65"
G4WT2 > Accumulable registered as "h74"
G4WT11 > Accumulable registered as "h126"
G4WT0 > Accumulable registered as "h66"
G4WT3 > Accumulable registered as "h89"
G4WT6 > Accumulable registered as "h301"
G4WT9 > Accumulable registered as "h83"
G4WT1 > Accumulable registered as "h70"
G4WT8 > Accumulable registered as "h148"
G4WT9 > Accumulable registered as "h84"
G4WT1 > Accumulable registered as "h71"
G4WT5 > Accumulable registered as "h146"
G4WT2 > Accumulable registered as "h75"
G4WT5 > Accumulable registered as "h147"
G4WT11 > Accumulable registered as "h127"
G4WT3 > Accumulable registered as "h90"
G4WT3 > Accumulable registered as "h91"
G4WT6 > Accumulable registered as "h302"
G4WT3 > Accumulable registered as "h92"
G4WT8 > Accumulable registered as "h149"
G4WT10 > Accumulable registered as "h69"
G4WT9 > Accumulable registered as "h85"
G4WT10 > Accumulable registered as "h70"
G4WT1 > Accumulable registered as "h72"
G4WT2 > Accumulable registered as "h76"
G4WT5 > Accumulable registered as "h148"
G4WT2 > Accumulable registered as "h77"
G4WT5 > Accumulable registered as "h149"
G4WT7 > Accumulable registered as "h101"
G4WT6 > Accumulable registered as "h303"
G4WT3 > Accumulable registered as "h93"
G4WT6 > Accumulable registered as "h304"
G4WT8 > Accumulable registered as "h150"
G4WT0 > Accumulable registered as "h67"
G4WT9 > Accumulable registered as "h86"
G4WT8 > Accumulable registered as "h151"
G4WT10 > Accumulable registered as "h71"
G4WT11 > Accumulable registered as "h128"
G4WT10 > Accumulable registered as "h72"
G4WT2 > Accumulable registered as "h78"
G4WT10 > Accumulable registered as "h73"
G4WT7 > Accumulable registered as "h102"
G4WT2 > Accumulable registered as "h79"
G4WT3 > Accumulable registered as "h94"
G4WT1 > Accumulable registered as "h73"
G4WT0 > Accumulable registered as "h68"
G4WT3 > Accumulable registered as "h95"
G4WT9 > Accumulable registered as "h87"
G4WT3 > Accumulable registered as "h96"
G4WT5 > Accumulable registered as "h150"
G4WT6 > Accumulable registered as "h305"
G4WT5 > Accumulable registered as "h151"
G4WT10 > Accumulable registered as "h74"
G4WT6 > Accumulable registered as "h306"
G4WT10 > Accumulable registered as "h75"
G4WT1 > Accumulable registered as "h74"
G4WT1 > Accumulable registered as "h75"
G4WT4 > Accumulable registered as "h99"
G4WT1 > Accumulable registered as "h76"
G4WT3 > Accumulable registered as "h97"
G4WT1 > Accumulable registered as "h77"
G4WT9 > Accumulable registered as "h88"
G4WT3 > Accumulable registered as "h98"
G4WT5 > Accumulable registered as "h152"
G4WT3 > Accumulable registered as "h99"
G4WT8 > Accumulable registered as "h152"
G4WT5 > Accumulable registered as "h153"
G4WT0 > Accumulable registered as "h69"
G4WT11 > Accumulable registered as "h129"
G4WT0 > Accumulable registered as "h70"
G4WT8 > Accumulable registered as "h153"
G4WT1 > Accumulable registered as "h78"
G4WT0 > Accumulable registered as "h71"
G4WT8 > Accumulable registered as "h154"
G4WT3 > Accumulable registered as "h100"
G4WT8 > Accumulable registered as "h155"
G4WT5 > Accumulable registered as "h154"
G4WT8 > Accumulable registered as "h156"
G4WT3 > Accumulable registered as "h101"
G4WT11 > Accumulable registered as "h130"
G4WT2 > Accumulable registered as "h80"
G4WT6 > Accumulable registered as "h307"
G4WT11 > Accumulable registered as "h131"
G4WT0 > Accumulable registered as "h72"
G4WT11 > Accumulable registered as "h132"
G4WT4 > Accumulable registered as "h100"
G4WT0 > Accumulable registered as "h73"
G4WT3 > Accumulable registered as "h102"
G4WT7 > Accumulable registered as "h103"
G4WT1 > Accumulable registered as "h79"
G4WT3 > Accumulable registered as "h103"
G4WT1 > Accumulable registered as "h80"
G4WT6 > Accumulable registered as "h308"
G4WT8 > Accumulable registered as "h157"
G4WT0 > Accumulable registered as "h74"
G4WT11 > Accumulable registered as "h133"
G4WT0 > Accumulable registered as "h75"
G4WT4 > Accumulable registered as "h101"
G4WT0 > Accumulable registered as "h76"
G4WT11 > Accumulable registered as "h134"
G4WT7 > Accumulable registered as "h104"
G4WT11 > Accumulable registered as "h135"
G4WT3 > Accumulable registered as "h104"
G4WT7 > Accumulable registered as "h105"
G4WT6 > Accumulable registered as "h309"
G4WT5 > Accumulable registered as "h155"
G4WT2 > Accumulable registered as "h81"
G4WT5 > Accumulable registered as "h156"
G4WT4 > Accumulable registered as "h102"
G4WT2 > Accumulable registered as "h82"
G4WT1 > Accumulable registered as "h81"
G4WT11 > Accumulable registered as "h136"
G4WT1 > Accumulable registered as "h82"
G4WT8 > Accumulable registered as "h158"
G4WT7 > Accumulable registered as "h106"
G4WT8 > Accumulable registered as "h159"
G4WT6 > Accumulable registered as "h310"
G4WT7 > Accumulable registered as "h107"
G4WT5 > Accumulable registered as "h157"
G4WT6 > Accumulable registered as "h311"
G4WT5 > Accumulable registered as "h158"
G4WT11 > Accumulable registered as "h137"
G4WT1 > Accumulable registered as "h83"
G4WT3 > Accumulable registered as "h105"
G4WT1 > Accumulable registered as "h84"
G4WT0 > Accumulable registered as "h77"
G4WT3 > Accumulable registered as "h106"
G4WT2 > Accumulable registered as "h83"
G4WT7 > Accumulable registered as "h108"
G4WT4 > Accumulable registered as "h103"
G4WT3 > Accumulable registered as "h107"
G4WT6 > Accumulable registered as "h312"
G4WT11 > Accumulable registered as "h138"
G4WT6 > Accumulable registered as "h313"
G4WT11 > Accumulable registered as "h139"
G4WT6 > Accumulable registered as "h314"
G4WT0 > Accumulable registered as "h78"
G4WT6 > Accumulable registered as "h315"
G4WT0 > Accumulable registered as "h79"
G4WT6 > Accumulable registered as "h316"
G4WT4 > Accumulable registered as "h104"
G4WT4 > Accumulable registered as "h105"
G4WT4 > Accumulable registered as "h106"
G4WT1 > Accumulable registered as "h85"
G4WT10 > Accumulable registered as "h76"
G4WT1 > Accumulable registered as "h86"
G4WT7 > Accumulable registered as "h109"
G4WT5 > Accumulable registered as "h159"
G4WT0 > Accumulable registered as "h80"
G4WT5 > Accumulable registered as "h160"
G4WT3 > Accumulable registered as "h108"
G4WT5 > Accumulable registered as "h161"
G4WT8 > Accumulable registered as "h160"
G4WT3 > Accumulable registered as "h109"
G4WT11 > Accumulable registered as "h140"
G4WT10 > Accumulable registered as "h77"
G4WT11 > Accumulable registered as "h141"
G4WT1 > Accumulable registered as "h87"
G4WT7 > Accumulable registered as "h110"
G4WT6 > Accumulable registered as "h317"
G4WT7 > Accumulable registered as "h111"
G4WT5 > Accumulable registered as "h162"
G4WT2 > Accumulable registered as "h84"
G4WT4 > Accumulable registered as "h107"
G4WT3 > Accumulable registered as "h110"
G4WT8 > Accumulable registered as "h161"
G4WT3 > Accumulable registered as "h111"
G4WT3 > Accumulable registered as "h112"
G4WT0 > Accumulable registered as "h81"
G4WT7 > Accumulable registered as "h112"
G4WT6 > Accumulable registered as "h318"
G4WT7 > Accumulable registered as "h113"
G4WT5 > Accumulable registered as "h163"
G4WT6 > Accumulable registered as "h319"
G4WT11 > Accumulable registered as "h142"
G4WT6 > Accumulable registered as "h320"
G4WT5 > Accumulable registered as "h164"
G4WT8 > Accumulable registered as "h162"
G4WT3 > Accumulable registered as "h113"
G4WT0 > Accumulable registered as "h82"
G4WT2 > Accumulable registered as "h85"
G4WT7 > Accumulable registered as "h114"
G4WT2 > Accumulable registered as "h86"
G4WT10 > Accumulable registered as "h78"
G4WT6 > Accumulable registered as "h321"
G4WT1 > Accumulable registered as "h88"
G4WT6 > Accumulable registered as "h322"
G4WT11 > Accumulable registered as "h143"
G4WT6 > Accumulable registered as "h323"
G4WT8 > Accumulable registered as "h163"
G4WT0 > Accumulable registered as "h83"
G4WT4 > Accumulable registered as "h108"
G4WT0 > Accumulable registered as "h84"
G4WT2 > Accumulable registered as "h87"
G4WT0 > Accumulable registered as "h85"
G4WT10 > Accumulable registered as "h79"
G4WT5 > Accumulable registered as "h165"
G4WT10 > Accumulable registered as "h80"
G4WT5 > Accumulable registered as "h166"
G4WT10 > Accumulable registered as "h81"
G4WT8 > Accumulable registered as "h164"
G4WT7 > Accumulable registered as "h115"
G4WT4 > Accumulable registered as "h109"
G4WT7 > Accumulable registered as "h116"
G4WT4 > Accumulable registered as "h110"
G4WT7 > Accumulable registered as "h117"
G4WT1 > Accumulable registered as "h89"
G4WT7 > Accumulable registered as "h118"
G4WT11 > Accumulable registered as "h144"
G4WT7 > Accumulable registered as "h119"
G4WT6 > Accumulable registered as "h324"
G4WT8 > Accumulable registered as "h165"
G4WT6 > Accumulable registered as "h325"
G4WT2 > Accumulable registered as "h88"
G4WT0 > Accumulable registered as "h86"
G4WT2 > Accumulable registered as "h89"
G4WT0 > Accumulable registered as "h87"
G4WT5 > Accumulable registered as "h167"
G4WT0 > Accumulable registered as "h88"
G4WT10 > Accumulable registered as "h82"
G4WT5 > Accumulable registered as "h168"
G4WT11 > Accumulable registered as "h145"
G4WT6 > Accumulable registered as "h326"
G4WT4 > Accumulable registered as "h111"
G4WT6 > Accumulable registered as "h327"
G4WT3 > Accumulable registered as "h114"
G4WT1 > Accumulable registered as "h90"
G4WT3 > Accumulable registered as "h115"
G4WT7 > Accumulable registered as "h120"
G4WT3 > Accumulable registered as "h116"
G4WT5 > Accumulable registered as "h169"
G4WT3 > Accumulable registered as "h117"
G4WT8 > Accumulable registered as "h166"
G4WT5 > Accumulable registered as "h170"
G4WT2 > Accumulable registered as "h90"
G4WT8 > Accumulable registered as "h167"
G4WT6 > Accumulable registered as "h328"
G4WT1 > Accumulable registered as "h91"
G4WT0 > Accumulable registered as "h89"
G4WT10 > Accumulable registered as "h83"
G4WT0 > Accumulable registered as "h90"
G4WT3 > Accumulable registered as "h118"
G4WT10 > Accumulable registered as "h84"
G4WT3 > Accumulable registered as "h119"
G4WT2 > Accumulable registered as "h91"
G4WT8 > Accumulable registered as "h168"
G4WT6 > Accumulable registered as "h329"
G4WT1 > Accumulable registered as "h92"
G4WT7 > Accumulable registered as "h121"
G4WT1 > Accumulable registered as "h93"
G4WT7 > Accumulable registered as "h122"
G4WT1 > Accumulable registered as "h94"
G4WT7 > Accumulable registered as "h123"
G4WT10 > Accumulable registered as "h85"
G4WT3 > Accumulable registered as "h120"
G4WT10 > Accumulable registered as "h86"
G4WT3 > Accumulable registered as "h121"
G4WT10 > Accumulable registered as "h87"
G4WT6 > Accumulable registered as "h330"
G4WT0 > Accumulable registered as "h91"
G4WT6 > Accumulable registered as "h331"
G4WT5 > Accumulable registered as "h171"
G4WT1 > Accumulable registered as "h95"
G4WT7 > Accumulable registered as "h124"
G4WT2 > Accumulable registered as "h92"
G4WT8 > Accumulable registered as "h169"
G4WT3 > Accumulable registered as "h122"
G4WT8 > Accumulable registered as "h170"
G4WT3 > Accumulable registered as "h123"
G4WT4 > Accumulable registered as "h112"
G4WT6 > Accumulable registered as "h332"
G4WT4 > Accumulable registered as "h113"
G4WT6 > Accumulable registered as "h333"
G4WT1 > Accumulable registered as "h96"
G4WT7 > Accumulable registered as "h125"
G4WT1 > Accumulable registered as "h97"
G4WT2 > Accumulable registered as "h93"
G4WT7 > Accumulable registered as "h126"
G4WT8 > Accumulable registered as "h171"
G4WT3 > Accumulable registered as "h124"
G4WT0 > Accumulable registered as "h92"
G4WT3 > Accumulable registered as "h125"
G4WT0 > Accumulable registered as "h93"
G4WT3 > Accumulable registered as "h126"
G4WT6 > Accumulable registered as "h334"
G4WT1 > Accumulable registered as "h98"
G4WT6 > Accumulable registered as "h335"
G4WT7 > Accumulable registered as "h127"
G4WT2 > Accumulable registered as "h94"
G4WT8 > Accumulable registered as "h172"
G4WT2 > Accumulable registered as "h95"
G4WT5 > Accumulable registered as "h172"
G4WT8 > Accumulable registered as "h173"
G4WT0 > Accumulable registered as "h94"
G4WT4 > Accumulable registered as "h114"
G4WT10 > Accumulable registered as "h88"
G4WT4 > Accumulable registered as "h115"
G4WT6 > Accumulable registered as "h336"
G4WT6 > Accumulable registered as "h337"
G4WT2 > Accumulable registered as "h96"
G4WT11 > Accumulable registered as "h146"
G4WT5 > Accumulable registered as "h173"
G4WT8 > Accumulable registered as "h174"
G4WT5 > Accumulable registered as "h174"
G4WT1 > Accumulable registered as "h99"
G4WT5 > Accumulable registered as "h175"
G4WT7 > Accumulable registered as "h128"
G4WT4 > Accumulable registered as "h116"
G4WT6 > Accumulable registered as "h338"
G4WT3 > Accumulable registered as "h127"
G4WT6 > Accumulable registered as "h339"
G4WT2 > Accumulable registered as "h97"
G4WT11 > Accumulable registered as "h147"
G4WT2 > Accumulable registered as "h98"
G4WT10 > Accumulable registered as "h89"
G4WT5 > Accumulable registered as "h176"
G4WT10 > Accumulable registered as "h90"
G4WT1 > Accumulable registered as "h100"
G4WT5 > Accumulable registered as "h177"
G4WT4 > Accumulable registered as "h117"
G4WT6 > Accumulable registered as "h340"
G4WT3 > Accumulable registered as "h128"
G4WT8 > Accumulable registered as "h175"
G4WT3 > Accumulable registered as "h129"
G4WT2 > Accumulable registered as "h99"
G4WT3 > Accumulable registered as "h130"
G4WT2 > Accumulable registered as "h100"
G4WT3 > Accumulable registered as "h131"
G4WT1 > Accumulable registered as "h101"
G4WT5 > Accumulable registered as "h178"
G4WT0 > Accumulable registered as "h95"
G4WT1 > Accumulable registered as "h102"
G4WT6 > Accumulable registered as "h341"
G4WT8 > Accumulable registered as "h176"
G4WT6 > Accumulable registered as "h342"
G4WT7 > Accumulable registered as "h129"
G4WT8 > Accumulable registered as "h177"
G4WT2 > Accumulable registered as "h101"
G4WT8 > Accumulable registered as "h178"
G4WT4 > Accumulable registered as "h118"
G4WT11 > Accumulable registered as "h148"
G4WT4 > Accumulable registered as "h119"
G4WT0 > Accumulable registered as "h96"
G4WT4 > Accumulable registered as "h120"
G4WT10 > Accumulable registered as "h91"
G4WT6 > Accumulable registered as "h343"
G4WT3 > Accumulable registered as "h132"
G4WT6 > Accumulable registered as "h344"
G4WT5 > Accumulable registered as "h179"
G4WT8 > Accumulable registered as "h179"
G4WT2 > Accumulable registered as "h102"
G4WT5 > Accumulable registered as "h180"
G4WT11 > Accumulable registered as "h149"
G4WT2 > Accumulable registered as "h103"
G4WT0 > Accumulable registered as "h97"
G4WT2 > Accumulable registered as "h104"
G4WT11 > Accumulable registered as "h150"
G4WT0 > Accumulable registered as "h98"
G4WT3 > Accumulable registered as "h133"
G4WT0 > Accumulable registered as "h99"
G4WT8 > Accumulable registered as "h180"
G4WT3 > Accumulable registered as "h134"
G4WT5 > Accumulable registered as "h181"
G4WT10 > Accumulable registered as "h92"
G4WT6 > Accumulable registered as "h345"
G4WT10 > Accumulable registered as "h93"
G4WT6 > Accumulable registered as "h346"
G4WT6 > Accumulable registered as "h347"
G4WT4 > Accumulable registered as "h121"
G4WT0 > Accumulable registered as "h100"
G4WT4 > Accumulable registered as "h122"
G4WT7 > Accumulable registered as "h130"
G4WT3 > Accumulable registered as "h135"
G4WT5 > Accumulable registered as "h182"
G4WT2 > Accumulable registered as "h105"
G4WT5 > Accumulable registered as "h183"
G4WT11 > Accumulable registered as "h151"
G4WT2 > Accumulable registered as "h106"
G4WT6 > Accumulable registered as "h348"
G4WT11 > Accumulable registered as "h152"
G4WT8 > Accumulable registered as "h181"
G4WT11 > Accumulable registered as "h153"
G4WT4 > Accumulable registered as "h123"
G4WT11 > Accumulable registered as "h154"
G4WT3 > Accumulable registered as "h136"
G4WT4 > Accumulable registered as "h124"
G4WT10 > Accumulable registered as "h94"
G4WT2 > Accumulable registered as "h107"
G4WT10 > Accumulable registered as "h95"
G4WT0 > Accumulable registered as "h101"
G4WT1 > Accumulable registered as "h103"
G4WT0 > Accumulable registered as "h102"
G4WT1 > Accumulable registered as "h104"
G4WT9 > Accumulable registered as "h89"
G4WT11 > Accumulable registered as "h155"
G4WT9 > Accumulable registered as "h90"
G4WT11 > Accumulable registered as "h156"
G4WT9 > Accumulable registered as "h91"
G4WT2 > Accumulable registered as "h108"
G4WT10 > Accumulable registered as "h96"
G4WT2 > Accumulable registered as "h109"
G4WT10 > Accumulable registered as "h97"
G4WT2 > Accumulable registered as "h110"
G4WT8 > Accumulable registered as "h182"
G4WT1 > Accumulable registered as "h105"
G4WT8 > Accumulable registered as "h183"
G4WT5 > Accumulable registered as "h184"
G4WT3 > Accumulable registered as "h137"
G4WT5 > Accumulable registered as "h185"
G4WT11 > Accumulable registered as "h157"
G4WT5 > Accumulable registered as "h186"
G4WT6 > Accumulable registered as "h349"
G4WT7 > Accumulable registered as "h131"
G4WT6 > Accumulable registered as "h350"
G4WT7 > Accumulable registered as "h132"
G4WT6 > Accumulable registered as "h351"
G4WT4 > Accumulable registered as "h125"
G4WT8 > Accumulable registered as "h184"
G4WT9 > Accumulable registered as "h92"
G4WT8 > Accumulable registered as "h185"
G4WT3 > Accumulable registered as "h138"
G4WT9 > Accumulable registered as "h93"
G4WT11 > Accumulable registered as "h158"
G4WT0 > Accumulable registered as "h103"
G4WT2 > Accumulable registered as "h111"
G4WT0 > Accumulable registered as "h104"
G4WT7 > Accumulable registered as "h133"
G4WT6 > Accumulable registered as "h352"
G4WT1 > Accumulable registered as "h106"
G4WT7 > Accumulable registered as "h134"
G4WT6 > Accumulable registered as "h353"
G4WT8 > Accumulable registered as "h186"
G4WT10 > Accumulable registered as "h98"
G4WT3 > Accumulable registered as "h139"
G4WT8 > Accumulable registered as "h187"
G4WT10 > Accumulable registered as "h99"
G4WT3 > Accumulable registered as "h140"
G4WT8 > Accumulable registered as "h188"
G4WT10 > Accumulable registered as "h100"
G4WT3 > Accumulable registered as "h141"
G4WT8 > Accumulable registered as "h189"
G4WT10 > Accumulable registered as "h101"
G4WT7 > Accumulable registered as "h135"
G4WT10 > Accumulable registered as "h102"
G4WT11 > Accumulable registered as "h159"
G4WT10 > Accumulable registered as "h103"
G4WT7 > Accumulable registered as "h136"
G4WT2 > Accumulable registered as "h112"
G4WT10 > Accumulable registered as "h104"
G4WT1 > Accumulable registered as "h107"
G4WT2 > Accumulable registered as "h113"
G4WT6 > Accumulable registered as "h354"
G4WT9 > Accumulable registered as "h94"
G4WT8 > Accumulable registered as "h190"
G4WT6 > Accumulable registered as "h355"
G4WT9 > Accumulable registered as "h95"
G4WT5 > Accumulable registered as "h187"
G4WT7 > Accumulable registered as "h137"
G4WT9 > Accumulable registered as "h96"
G4WT3 > Accumulable registered as "h142"
G4WT10 > Accumulable registered as "h105"
G4WT1 > Accumulable registered as "h108"
G4WT2 > Accumulable registered as "h114"
G4WT10 > Accumulable registered as "h106"
G4WT2 > Accumulable registered as "h115"
G4WT8 > Accumulable registered as "h191"
G4WT2 > Accumulable registered as "h116"
G4WT11 > Accumulable registered as "h160"
G4WT8 > Accumulable registered as "h192"
G4WT7 > Accumulable registered as "h138"
G4WT8 > Accumulable registered as "h193"
G4WT3 > Accumulable registered as "h143"
G4WT7 > Accumulable registered as "h139"
G4WT0 > Accumulable registered as "h105"
G4WT3 > Accumulable registered as "h144"
G4WT10 > Accumulable registered as "h107"
G4WT0 > Accumulable registered as "h106"
G4WT5 > Accumulable registered as "h188"
G4WT10 > Accumulable registered as "h108"
G4WT9 > Accumulable registered as "h97"
G4WT10 > Accumulable registered as "h109"
G4WT10 > Accumulable registered as "h110"
G4WT4 > Accumulable registered as "h126"
G4WT10 > Accumulable registered as "h111"
G4WT8 > Accumulable registered as "h194"
G4WT6 > Accumulable registered as "h356"
G4WT8 > Accumulable registered as "h195"
G4WT2 > Accumulable registered as "h117"
G4WT0 > Accumulable registered as "h107"
G4WT11 > Accumulable registered as "h161"
G4WT5 > Accumulable registered as "h189"
G4WT11 > Accumulable registered as "h162"
G4WT1 > Accumulable registered as "h109"
G4WT7 > Accumulable registered as "h140"
G4WT10 > Accumulable registered as "h112"
G4WT3 > Accumulable registered as "h145"
G4WT10 > Accumulable registered as "h113"
G4WT3 > Accumulable registered as "h146"
G4WT10 > Accumulable registered as "h114"
G4WT9 > Accumulable registered as "h98"
G4WT0 > Accumulable registered as "h108"
G4WT9 > Accumulable registered as "h99"
G4WT11 > Accumulable registered as "h163"
G4WT9 > Accumulable registered as "h100"
G4WT0 > Accumulable registered as "h109"
G4WT4 > Accumulable registered as "h127"
G4WT6 > Accumulable registered as "h357"
G4WT4 > Accumulable registered as "h128"
G4WT7 > Accumulable registered as "h141"
G4WT3 > Accumulable registered as "h147"
G4WT7 > Accumulable registered as "h142"
G4WT10 > Accumulable registered as "h115"
G4WT5 > Accumulable registered as "h190"
G4WT10 > Accumulable registered as "h116"
G4WT5 > Accumulable registered as "h191"
G4WT11 > Accumulable registered as "h164"
G4WT0 > Accumulable registered as "h110"
G4WT11 > Accumulable registered as "h165"
G4WT2 > Accumulable registered as "h118"
G4WT0 > Accumulable registered as "h111"
G4WT6 > Accumulable registered as "h358"
G4WT3 > Accumulable registered as "h148"
G4WT6 > Accumulable registered as "h359"
G4WT3 > Accumulable registered as "h149"
G4WT9 > Accumulable registered as "h101"
G4WT10 > Accumulable registered as "h117"
G4WT9 > Accumulable registered as "h102"
G4WT4 > Accumulable registered as "h129"
G4WT11 > Accumulable registered as "h166"
G4WT4 > Accumulable registered as "h130"
G4WT11 > Accumulable registered as "h167"
G4WT4 > Accumulable registered as "h131"
G4WT11 > Accumulable registered as "h168"
G4WT1 > Accumulable registered as "h110"
G4WT8 > Accumulable registered as "h196"
G4WT6 > Accumulable registered as "h360"
G4WT3 > Accumulable registered as "h150"
G4WT5 > Accumulable registered as "h192"
G4WT3 > Accumulable registered as "h151"
G4WT9 > Accumulable registered as "h103"
G4WT0 > Accumulable registered as "h112"
G4WT5 > Accumulable registered as "h193"
G4WT7 > Accumulable registered as "h143"
G4WT0 > Accumulable registered as "h113"
G4WT11 > Accumulable registered as "h169"
G4WT0 > Accumulable registered as "h114"
G4WT8 > Accumulable registered as "h197"
G4WT6 > Accumulable registered as "h361"
G4WT8 > Accumulable registered as "h198"
G4WT3 > Accumulable registered as "h152"
G4WT2 > Accumulable registered as "h119"
G4WT3 > Accumulable registered as "h153"
G4WT5 > Accumulable registered as "h194"
G4WT1 > Accumulable registered as "h111"
G4WT5 > Accumulable registered as "h195"
G4WT7 > Accumulable registered as "h144"
G4WT1 > Accumulable registered as "h112"
G4WT0 > Accumulable registered as "h115"
G4WT1 > Accumulable registered as "h113"
G4WT7 > Accumulable registered as "h145"
G4WT8 > Accumulable registered as "h199"
G4WT7 > Accumulable registered as "h146"
G4WT9 > Accumulable registered as "h104"
G4WT8 > Accumulable registered as "h200"
G4WT5 > Accumulable registered as "h196"
G4WT10 > Accumulable registered as "h118"
G4WT11 > Accumulable registered as "h170"
G4WT10 > Accumulable registered as "h119"
G4WT11 > Accumulable registered as "h171"
G4WT10 > Accumulable registered as "h120"
G4WT11 > Accumulable registered as "h172"
G4WT0 > Accumulable registered as "h116"
G4WT3 > Accumulable registered as "h154"
G4WT7 > Accumulable registered as "h147"
G4WT3 > Accumulable registered as "h155"
G4WT8 > Accumulable registered as "h201"
G4WT5 > Accumulable registered as "h197"
G4WT8 > Accumulable registered as "h202"
G4WT6 > Accumulable registered as "h362"
G4WT4 > Accumulable registered as "h132"
G4WT10 > Accumulable registered as "h121"
G4WT2 > Accumulable registered as "h120"
G4WT11 > Accumulable registered as "h173"
G4WT0 > Accumulable registered as "h117"
G4WT2 > Accumulable registered as "h121"
G4WT9 > Accumulable registered as "h105"
G4WT2 > Accumulable registered as "h122"
G4WT8 > Accumulable registered as "h203"
G4WT5 > Accumulable registered as "h198"
G4WT8 > Accumulable registered as "h204"
G4WT5 > Accumulable registered as "h199"
G4WT8 > Accumulable registered as "h205"
G4WT4 > Accumulable registered as "h133"
G4WT11 > Accumulable registered as "h174"
G4WT7 > Accumulable registered as "h148"
G4WT11 > Accumulable registered as "h175"
G4WT0 > Accumulable registered as "h118"
G4WT7 > Accumulable registered as "h149"
G4WT2 > Accumulable registered as "h123"
G4WT9 > Accumulable registered as "h106"
G4WT1 > Accumulable registered as "h114"
G4WT2 > Accumulable registered as "h124"
G4WT9 > Accumulable registered as "h107"
G4WT2 > Accumulable registered as "h125"
G4WT1 > Accumulable registered as "h115"
G4WT9 > Accumulable registered as "h108"
G4WT2 > Accumulable registered as "h126"
G4WT1 > Accumulable registered as "h116"
G4WT9 > Accumulable registered as "h109"
G4WT2 > Accumulable registered as "h127"
G4WT1 > Accumulable registered as "h117"
G4WT2 > Accumulable registered as "h128"
G4WT10 > Accumulable registered as "h122"
G4WT2 > Accumulable registered as "h129"
G4WT11 > Accumulable registered as "h176"
G4WT0 > Accumulable registered as "h119"
G4WT11 > Accumulable registered as "h177"
G4WT0 > Accumulable registered as "h120"
G4WT5 > Accumulable registered as "h200"
G4WT0 > Accumulable registered as "h121"
G4WT9 > Accumulable registered as "h110"
G4WT8 > Accumulable registered as "h206"
G4WT4 > Accumulable registered as "h134"
G4WT8 > Accumulable registered as "h207"
G4WT10 > Accumulable registered as "h123"
G4WT3 > Accumulable registered as "h156"
G4WT7 > Accumulable registered as "h150"
G4WT6 > Accumulable registered as "h363"
G4WT11 > Accumulable registered as "h178"
G4WT0 > Accumulable registered as "h122"
G4WT5 > Accumulable registered as "h201"
G4WT0 > Accumulable registered as "h123"
G4WT1 > Accumulable registered as "h118"
G4WT0 > Accumulable registered as "h124"
G4WT8 > Accumulable registered as "h208"
G4WT0 > Accumulable registered as "h125"
G4WT1 > Accumulable registered as "h119"
G4WT3 > Accumulable registered as "h157"
G4WT1 > Accumulable registered as "h120"
G4WT7 > Accumulable registered as "h151"
G4WT11 > Accumulable registered as "h179"
G4WT7 > Accumulable registered as "h152"
G4WT11 > Accumulable registered as "h180"
G4WT5 > Accumulable registered as "h202"
G4WT11 > Accumulable registered as "h181"
G4WT2 > Accumulable registered as "h130"
G4WT10 > Accumulable registered as "h124"
G4WT8 > Accumulable registered as "h209"
G4WT6 > Accumulable registered as "h364"
G4WT1 > Accumulable registered as "h121"
G4WT3 > Accumulable registered as "h158"
G4WT9 > Accumulable registered as "h111"
G4WT7 > Accumulable registered as "h153"
G4WT9 > Accumulable registered as "h112"
G4WT4 > Accumulable registered as "h135"
G4WT9 > Accumulable registered as "h113"
G4WT11 > Accumulable registered as "h182"
G4WT4 > Accumulable registered as "h136"
G4WT2 > Accumulable registered as "h131"
G4WT4 > Accumulable registered as "h137"
G4WT8 > Accumulable registered as "h210"
G4WT4 > Accumulable registered as "h138"
G4WT1 > Accumulable registered as "h122"
G4WT4 > Accumulable registered as "h139"
G4WT7 > Accumulable registered as "h154"
G4WT5 > Accumulable registered as "h203"
G4WT9 > Accumulable registered as "h114"
G4WT10 > Accumulable registered as "h125"
G4WT9 > Accumulable registered as "h115"
G4WT11 > Accumulable registered as "h183"
G4WT6 > Accumulable registered as "h365"
G4WT2 > Accumulable registered as "h132"
G4WT6 > Accumulable registered as "h366"
G4WT4 > Accumulable registered as "h140"
G4WT0 > Accumulable registered as "h126"
G4WT1 > Accumulable registered as "h123"
G4WT0 > Accumulable registered as "h127"
G4WT7 > Accumulable registered as "h155"
G4WT0 > Accumulable registered as "h128"
G4WT1 > Accumulable registered as "h124"
G4WT9 > Accumulable registered as "h116"
G4WT3 > Accumulable registered as "h159"
G4WT8 > Accumulable registered as "h211"
G4WT6 > Accumulable registered as "h367"
G4WT2 > Accumulable registered as "h133"
G4WT4 > Accumulable registered as "h141"
G4WT2 > Accumulable registered as "h134"
G4WT5 > Accumulable registered as "h204"
G4WT2 > Accumulable registered as "h135"
G4WT4 > Accumulable registered as "h142"
G4WT11 > Accumulable registered as "h184"
G4WT2 > Accumulable registered as "h136"
G4WT4 > Accumulable registered as "h143"
G4WT1 > Accumulable registered as "h125"
G4WT11 > Accumulable registered as "h185"
G4WT8 > Accumulable registered as "h212"
G4WT11 > Accumulable registered as "h186"
G4WT10 > Accumulable registered as "h126"
G4WT11 > Accumulable registered as "h187"
G4WT7 > Accumulable registered as "h156"
G4WT2 > Accumulable registered as "h137"
G4WT7 > Accumulable registered as "h157"
G4WT9 > Accumulable registered as "h117"
G4WT2 > Accumulable registered as "h138"
G4WT4 > Accumulable registered as "h144"
G4WT6 > Accumulable registered as "h368"
G4WT9 > Accumulable registered as "h118"
G4WT4 > Accumulable registered as "h145"
G4WT8 > Accumulable registered as "h213"
G4WT6 > Accumulable registered as "h369"
G4WT11 > Accumulable registered as "h188"
G4WT10 > Accumulable registered as "h127"
G4WT7 > Accumulable registered as "h158"
G4WT2 > Accumulable registered as "h139"
G4WT7 > Accumulable registered as "h159"
G4WT2 > Accumulable registered as "h140"
G4WT7 > Accumulable registered as "h160"
G4WT2 > Accumulable registered as "h141"
G4WT7 > Accumulable registered as "h161"
G4WT9 > Accumulable registered as "h119"
G4WT6 > Accumulable registered as "h370"
G4WT6 > Accumulable registered as "h371"
G4WT10 > Accumulable registered as "h128"
G4WT11 > Accumulable registered as "h189"
G4WT1 > Accumulable registered as "h126"
G4WT1 > Accumulable registered as "h127"
G4WT1 > Accumulable registered as "h128"
G4WT4 > Accumulable registered as "h146"
G4WT2 > Accumulable registered as "h142"
G4WT4 > Accumulable registered as "h147"
G4WT7 > Accumulable registered as "h162"
G4WT9 > Accumulable registered as "h120"
G4WT7 > Accumulable registered as "h163"
G4WT6 > Accumulable registered as "h372"
G4WT9 > Accumulable registered as "h121"
G4WT11 > Accumulable registered as "h190"
G4WT6 > Accumulable registered as "h373"
G4WT5 > Accumulable registered as "h205"
G4WT6 > Accumulable registered as "h374"
G4WT3 > Accumulable registered as "h160"
G4WT5 > Accumulable registered as "h206"
G4WT2 > Accumulable registered as "h143"
G4WT4 > Accumulable registered as "h148"
G4WT10 > Accumulable registered as "h129"
G4WT4 > Accumulable registered as "h149"
G4WT1 > Accumulable registered as "h129"
G4WT11 > Accumulable registered as "h191"
G4WT11 > Accumulable registered as "h192"
G4WT6 > Accumulable registered as "h375"
G4WT8 > Accumulable registered as "h214"
G4WT3 > Accumulable registered as "h161"
G4WT8 > Accumulable registered as "h215"
G4WT5 > Accumulable registered as "h207"
G4WT8 > Accumulable registered as "h216"
G4WT5 > Accumulable registered as "h208"
G4WT9 > Accumulable registered as "h122"
G4WT8 > Accumulable registered as "h217"
G4WT10 > Accumulable registered as "h130"
G4WT9 > Accumulable registered as "h123"
G4WT11 > Accumulable registered as "h193"
G4WT10 > Accumulable registered as "h131"
G4WT6 > Accumulable registered as "h376"
G4WT7 > Accumulable registered as "h164"
G4WT6 > Accumulable registered as "h377"
G4WT7 > Accumulable registered as "h165"
G4WT5 > Accumulable registered as "h209"
G4WT1 > Accumulable registered as "h130"
G4WT8 > Accumulable registered as "h218"
G4WT1 > Accumulable registered as "h131"
G4WT9 > Accumulable registered as "h124"
G4WT1 > Accumulable registered as "h132"
G4WT10 > Accumulable registered as "h132"
G4WT1 > Accumulable registered as "h133"
G4WT2 > Accumulable registered as "h144"
G4WT6 > Accumulable registered as "h378"
G4WT2 > Accumulable registered as "h145"
G4WT7 > Accumulable registered as "h166"
G4WT5 > Accumulable registered as "h210"
G4WT7 > Accumulable registered as "h167"
G4WT11 > Accumulable registered as "h194"
G4WT5 > Accumulable registered as "h211"
G4WT3 > Accumulable registered as "h162"
G4WT4 > Accumulable registered as "h150"
G4WT10 > Accumulable registered as "h133"
G4WT4 > Accumulable registered as "h151"
G4WT1 > Accumulable registered as "h134"
G4WT4 > Accumulable registered as "h152"
G4WT1 > Accumulable registered as "h135"
G4WT4 > Accumulable registered as "h153"
G4WT8 > Accumulable registered as "h219"
G4WT11 > Accumulable registered as "h195"
G4WT8 > Accumulable registered as "h220"
G4WT5 > Accumulable registered as "h212"
G4WT8 > Accumulable registered as "h221"
G4WT8 > Accumulable registered as "h222"
G4WT10 > Accumulable registered as "h134"
G4WT2 > Accumulable registered as "h146"
G4WT7 > Accumulable registered as "h168"
G4WT2 > Accumulable registered as "h147"
G4WT1 > Accumulable registered as "h136"
G4WT9 > Accumulable registered as "h125"
G4WT4 > Accumulable registered as "h154"
G4WT1 > Accumulable registered as "h137"
G4WT11 > Accumulable registered as "h196"
G4WT1 > Accumulable registered as "h138"
G4WT5 > Accumulable registered as "h213"
G4WT11 > Accumulable registered as "h197"
G4WT10 > Accumulable registered as "h135"
G4WT11 > Accumulable registered as "h198"
G4WT2 > Accumulable registered as "h148"
G4WT11 > Accumulable registered as "h199"
G4WT3 > Accumulable registered as "h163"
G4WT2 > Accumulable registered as "h149"
G4WT6 > Accumulable registered as "h379"
G4WT8 > Accumulable registered as "h223"
G4WT6 > Accumulable registered as "h380"
G4WT1 > Accumulable registered as "h139"
G4WT7 > Accumulable registered as "h169"
G4WT10 > Accumulable registered as "h136"
G4WT9 > Accumulable registered as "h126"
G4WT10 > Accumulable registered as "h137"
G4WT11 > Accumulable registered as "h200"
G4WT9 > Accumulable registered as "h127"
G4WT2 > Accumulable registered as "h150"
G4WT2 > Accumulable registered as "h151"
G4WT8 > Accumulable registered as "h224"
G4WT5 > Accumulable registered as "h214"
G4WT6 > Accumulable registered as "h381"
G4WT1 > Accumulable registered as "h140"
G4WT6 > Accumulable registered as "h382"
G4WT7 > Accumulable registered as "h170"
G4WT6 > Accumulable registered as "h383"
G4WT10 > Accumulable registered as "h138"
G4WT7 > Accumulable registered as "h171"
G4WT11 > Accumulable registered as "h201"
G4WT7 > Accumulable registered as "h172"
G4WT2 > Accumulable registered as "h152"
G4WT7 > Accumulable registered as "h173"
G4WT5 > Accumulable registered as "h215"
G4WT1 > Accumulable registered as "h141"
G4WT5 > Accumulable registered as "h216"
G4WT6 > Accumulable registered as "h384"
G4WT5 > Accumulable registered as "h217"
G4WT3 > Accumulable registered as "h164"
G4WT0 > Accumulable registered as "h129"
G4WT3 > Accumulable registered as "h165"
G4WT11 > Accumulable registered as "h202"
G4WT7 > Accumulable registered as "h174"
G4WT11 > Accumulable registered as "h203"
G4WT2 > Accumulable registered as "h153"
G4WT11 > Accumulable registered as "h204"
G4WT11 > Accumulable registered as "h205"
G4WT5 > Accumulable registered as "h218"
G4WT6 > Accumulable registered as "h385"
G4WT5 > Accumulable registered as "h219"
G4WT10 > Accumulable registered as "h139"
G4WT6 > Accumulable registered as "h386"
G4WT3 > Accumulable registered as "h166"
G4WT6 > Accumulable registered as "h387"
G4WT10 > Accumulable registered as "h140"
G4WT1 > Accumulable registered as "h142"
G4WT10 > Accumulable registered as "h141"
G4WT2 > Accumulable registered as "h154"
G4WT11 > Accumulable registered as "h206"
G4WT8 > Accumulable registered as "h225"
G4WT5 > Accumulable registered as "h220"
G4WT0 > Accumulable registered as "h130"
G4WT7 > Accumulable registered as "h175"
G4WT0 > Accumulable registered as "h131"
G4WT6 > Accumulable registered as "h388"
G4WT0 > Accumulable registered as "h132"
G4WT10 > Accumulable registered as "h142"
G4WT1 > Accumulable registered as "h143"
G4WT2 > Accumulable registered as "h155"
G4WT1 > Accumulable registered as "h144"
G4WT2 > Accumulable registered as "h156"
G4WT8 > Accumulable registered as "h226"
G4WT5 > Accumulable registered as "h221"
G4WT4 > Accumulable registered as "h155"
G4WT3 > Accumulable registered as "h167"
G4WT7 > Accumulable registered as "h176"
G4WT0 > Accumulable registered as "h133"
G4WT7 > Accumulable registered as "h177"
G4WT6 > Accumulable registered as "h389"
G4WT10 > Accumulable registered as "h143"
G4WT11 > Accumulable registered as "h207"
G4WT10 > Accumulable registered as "h144"
G4WT2 > Accumulable registered as "h157"
G4WT10 > Accumulable registered as "h145"
G4WT5 > Accumulable registered as "h222"
G4WT4 > Accumulable registered as "h156"
G4WT5 > Accumulable registered as "h223"
G4WT10 > Accumulable registered as "h146"
G4WT0 > Accumulable registered as "h134"
G4WT1 > Accumulable registered as "h145"
G4WT6 > Accumulable registered as "h390"
G4WT1 > Accumulable registered as "h146"
G4WT8 > Accumulable registered as "h227"
G4WT6 > Accumulable registered as "h391"
G4WT2 > Accumulable registered as "h158"
G4WT1 > Accumulable registered as "h147"
G4WT7 > Accumulable registered as "h178"
G4WT1 > Accumulable registered as "h148"
G4WT5 > Accumulable registered as "h224"
G4WT10 > Accumulable registered as "h147"
G4WT5 > Accumulable registered as "h225"
G4WT10 > Accumulable registered as "h148"
G4WT3 > Accumulable registered as "h168"
G4WT6 > Accumulable registered as "h392"
G4WT3 > Accumulable registered as "h169"
G4WT8 > Accumulable registered as "h228"
G4WT3 > Accumulable registered as "h170"
G4WT2 > Accumulable registered as "h159"
G4WT1 > Accumulable registered as "h149"
G4WT0 > Accumulable registered as "h135"
G4WT11 > Accumulable registered as "h208"
G4WT0 > Accumulable registered as "h136"
G4WT5 > Accumulable registered as "h226"
G4WT11 > Accumulable registered as "h209"
G4WT4 > Accumulable registered as "h157"
G4WT11 > Accumulable registered as "h210"
G4WT7 > Accumulable registered as "h179"
G4WT3 > Accumulable registered as "h171"
G4WT8 > Accumulable registered as "h229"
G4WT2 > Accumulable registered as "h160"
G4WT3 > Accumulable registered as "h172"
G4WT1 > Accumulable registered as "h150"
G4WT3 > Accumulable registered as "h173"
G4WT0 > Accumulable registered as "h137"
G4WT6 > Accumulable registered as "h393"
G4WT5 > Accumulable registered as "h227"
G4WT11 > Accumulable registered as "h211"
G4WT9 > Accumulable registered as "h128"
G4WT11 > Accumulable registered as "h212"
G4WT1 > Accumulable registered as "h151"
G4WT3 > Accumulable registered as "h174"
G4WT10 > Accumulable registered as "h149"
G4WT0 > Accumulable registered as "h138"
G4WT10 > Accumulable registered as "h150"
G4WT2 > Accumulable registered as "h161"
G4WT10 > Accumulable registered as "h151"
G4WT6 > Accumulable registered as "h394"
G4WT10 > Accumulable registered as "h152"
G4WT7 > Accumulable registered as "h180"
G4WT9 > Accumulable registered as "h129"
G4WT11 > Accumulable registered as "h213"
G4WT9 > Accumulable registered as "h130"
G4WT1 > Accumulable registered as "h152"
G4WT3 > Accumulable registered as "h175"
G4WT4 > Accumulable registered as "h158"
G4WT3 > Accumulable registered as "h176"
G4WT5 > Accumulable registered as "h228"
G4WT2 > Accumulable registered as "h162"
G4WT8 > Accumulable registered as "h230"
G4WT2 > Accumulable registered as "h163"
G4WT8 > Accumulable registered as "h231"
G4WT11 > Accumulable registered as "h214"
G4WT9 > Accumulable registered as "h131"
G4WT0 > Accumulable registered as "h139"
G4WT9 > Accumulable registered as "h132"
G4WT0 > Accumulable registered as "h140"
G4WT9 > Accumulable registered as "h133"
G4WT0 > Accumulable registered as "h141"
G4WT5 > Accumulable registered as "h229"
G4WT6 > Accumulable registered as "h395"
G4WT7 > Accumulable registered as "h181"
G4WT6 > Accumulable registered as "h396"
G4WT7 > Accumulable registered as "h182"
G4WT6 > Accumulable registered as "h397"
G4WT11 > Accumulable registered as "h215"
G4WT4 > Accumulable registered as "h159"
G4WT11 > Accumulable registered as "h216"
G4WT3 > Accumulable registered as "h177"
G4WT11 > Accumulable registered as "h217"
G4WT9 > Accumulable registered as "h134"
G4WT5 > Accumulable registered as "h230"
G4WT9 > Accumulable registered as "h135"
G4WT8 > Accumulable registered as "h232"
G4WT7 > Accumulable registered as "h183"
G4WT1 > Accumulable registered as "h153"
G4WT6 > Accumulable registered as "h398"
G4WT1 > Accumulable registered as "h154"
G4WT4 > Accumulable registered as "h160"
G4WT0 > Accumulable registered as "h142"
G4WT11 > Accumulable registered as "h218"
G4WT3 > Accumulable registered as "h178"
G4WT11 > Accumulable registered as "h219"
G4WT2 > Accumulable registered as "h164"
G4WT5 > Accumulable registered as "h231"
G4WT2 > Accumulable registered as "h165"
G4WT5 > Accumulable registered as "h232"
G4WT2 > Accumulable registered as "h166"
G4WT5 > Accumulable registered as "h233"
G4WT1 > Accumulable registered as "h155"
G4WT4 > Accumulable registered as "h161"
G4WT1 > Accumulable registered as "h156"
G4WT0 > Accumulable registered as "h143"
G4WT3 > Accumulable registered as "h179"
G4WT9 > Accumulable registered as "h136"
G4WT0 > Accumulable registered as "h144"
G4WT8 > Accumulable registered as "h233"
G4WT0 > Accumulable registered as "h145"
G4WT6 > Accumulable registered as "h399"
G4WT2 > Accumulable registered as "h167"
G4WT5 > Accumulable registered as "h234"
G4WT2 > Accumulable registered as "h168"
G4WT5 > Accumulable registered as "h235"
G4WT2 > Accumulable registered as "h169"
G4WT5 > Accumulable registered as "h236"
G4WT3 > Accumulable registered as "h180"
G4WT9 > Accumulable registered as "h137"
G4WT0 > Accumulable registered as "h146"
G4WT9 > Accumulable registered as "h138"
G4WT9 > Accumulable registered as "h139"
G4WT6 > Accumulable registered as "h400"
G4WT4 > Accumulable registered as "h162"
G4WT6 > Accumulable registered as "h401"
G4WT1 > Accumulable registered as "h157"
G4WT4 > Accumulable registered as "h163"
G4WT2 > Accumulable registered as "h170"
G4WT5 > Accumulable registered as "h237"
G4WT2 > Accumulable registered as "h171"
G4WT3 > Accumulable registered as "h181"
G4WT2 > Accumulable registered as "h172"
G4WT5 > Accumulable registered as "h238"
G4WT9 > Accumulable registered as "h140"
G4WT11 > Accumulable registered as "h220"
G4WT9 > Accumulable registered as "h141"
G4WT11 > Accumulable registered as "h221"
G4WT9 > Accumulable registered as "h142"
G4WT4 > Accumulable registered as "h164"
G4WT9 > Accumulable registered as "h143"
G4WT8 > Accumulable registered as "h234"
G4WT10 > Accumulable registered as "h153"
G4WT3 > Accumulable registered as "h182"
G4WT5 > Accumulable registered as "h239"
G4WT6 > Accumulable registered as "h402"
G4WT5 > Accumulable registered as "h240"
G4WT7 > Accumulable registered as "h184"
G4WT1 > Accumulable registered as "h158"
G4WT7 > Accumulable registered as "h185"
G4WT0 > Accumulable registered as "h147"
G4WT1 > Accumulable registered as "h159"
G4WT4 > Accumulable registered as "h165"
G4WT0 > Accumulable registered as "h148"
G4WT8 > Accumulable registered as "h235"
G4WT3 > Accumulable registered as "h183"
G4WT11 > Accumulable registered as "h222"
G4WT5 > Accumulable registered as "h241"
G4WT6 > Accumulable registered as "h403"
G4WT9 > Accumulable registered as "h144"
G4WT7 > Accumulable registered as "h186"
G4WT9 > Accumulable registered as "h145"
G4WT7 > Accumulable registered as "h187"
G4WT1 > Accumulable registered as "h160"
G4WT10 > Accumulable registered as "h154"
G4WT4 > Accumulable registered as "h166"
G4WT10 > Accumulable registered as "h155"
G4WT4 > Accumulable registered as "h167"
G4WT11 > Accumulable registered as "h223"
G4WT5 > Accumulable registered as "h242"
G4WT6 > Accumulable registered as "h404"
G4WT5 > Accumulable registered as "h243"
G4WT2 > Accumulable registered as "h173"
G4WT7 > Accumulable registered as "h188"
G4WT0 > Accumulable registered as "h149"
G4WT1 > Accumulable registered as "h161"
G4WT0 > Accumulable registered as "h150"
G4WT8 > Accumulable registered as "h236"
G4WT1 > Accumulable registered as "h162"
G4WT10 > Accumulable registered as "h156"
G4WT11 > Accumulable registered as "h224"
G4WT10 > Accumulable registered as "h157"
G4WT9 > Accumulable registered as "h146"
G4WT11 > Accumulable registered as "h225"
G4WT6 > Accumulable registered as "h405"
G4WT7 > Accumulable registered as "h189"
G4WT3 > Accumulable registered as "h184"
G4WT0 > Accumulable registered as "h151"
G4WT3 > Accumulable registered as "h185"
G4WT4 > Accumulable registered as "h168"
G4WT8 > Accumulable registered as "h237"
G4WT5 > Accumulable registered as "h244"
G4WT8 > Accumulable registered as "h238"
G4WT2 > Accumulable registered as "h174"
G4WT11 > Accumulable registered as "h226"
G4WT9 > Accumulable registered as "h147"
G4WT6 > Accumulable registered as "h406"
G4WT7 > Accumulable registered as "h190"
G4WT6 > Accumulable registered as "h407"
G4WT0 > Accumulable registered as "h152"
G4WT3 > Accumulable registered as "h186"
G4WT0 > Accumulable registered as "h153"
G4WT4 > Accumulable registered as "h169"
G4WT3 > Accumulable registered as "h187"
G4WT5 > Accumulable registered as "h245"
G4WT2 > Accumulable registered as "h175"
G4WT5 > Accumulable registered as "h246"
G4WT11 > Accumulable registered as "h227"
G4WT5 > Accumulable registered as "h247"
G4WT2 > Accumulable registered as "h176"
G4WT7 > Accumulable registered as "h191"
G4WT5 > Accumulable registered as "h248"
G4WT0 > Accumulable registered as "h154"
G4WT8 > Accumulable registered as "h239"
G4WT0 > Accumulable registered as "h155"
G4WT3 > Accumulable registered as "h188"
G4WT0 > Accumulable registered as "h156"
G4WT9 > Accumulable registered as "h148"
G4WT0 > Accumulable registered as "h157"
G4WT6 > Accumulable registered as "h408"
G4WT0 > Accumulable registered as "h158"
G4WT9 > Accumulable registered as "h149"
G4WT0 > Accumulable registered as "h159"
G4WT6 > Accumulable registered as "h409"
G4WT5 > Accumulable registered as "h249"
G4WT9 > Accumulable registered as "h150"
G4WT5 > Accumulable registered as "h250"
G4WT3 > Accumulable registered as "h189"
G4WT2 > Accumulable registered as "h177"
G4WT3 > Accumulable registered as "h190"
G4WT11 > Accumulable registered as "h228"
G4WT2 > Accumulable registered as "h178"
G4WT7 > Accumulable registered as "h192"
G4WT11 > Accumulable registered as "h229"
G4WT4 > Accumulable registered as "h170"
G4WT8 > Accumulable registered as "h240"
G4WT8 > Accumulable registered as "h241"
G4WT9 > Accumulable registered as "h151"
G4WT5 > Accumulable registered as "h251"
G4WT3 > Accumulable registered as "h191"
G4WT5 > Accumulable registered as "h252"
G4WT3 > Accumulable registered as "h192"
G4WT5 > Accumulable registered as "h253"
G4WT2 > Accumulable registered as "h179"
G4WT11 > Accumulable registered as "h230"
G4WT2 > Accumulable registered as "h180"
G4WT7 > Accumulable registered as "h193"
G4WT11 > Accumulable registered as "h231"
G4WT8 > Accumulable registered as "h242"
G4WT1 > Accumulable registered as "h163"
G4WT8 > Accumulable registered as "h243"
G4WT1 > Accumulable registered as "h164"
G4WT8 > Accumulable registered as "h244"
G4WT3 > Accumulable registered as "h193"
G4WT8 > Accumulable registered as "h245"
G4WT3 > Accumulable registered as "h194"
G4WT8 > Accumulable registered as "h246"
G4WT2 > Accumulable registered as "h181"
G4WT7 > Accumulable registered as "h194"
G4WT2 > Accumulable registered as "h182"
G4WT9 > Accumulable registered as "h152"
G4WT2 > Accumulable registered as "h183"
G4WT0 > Accumulable registered as "h160"
G4WT10 > Accumulable registered as "h158"
G4WT6 > Accumulable registered as "h410"
G4WT10 > Accumulable registered as "h159"
G4WT4 > Accumulable registered as "h171"
G4WT10 > Accumulable registered as "h160"
G4WT11 > Accumulable registered as "h232"
G4WT7 > Accumulable registered as "h195"
G4WT11 > Accumulable registered as "h233"
G4WT7 > Accumulable registered as "h196"
G4WT2 > Accumulable registered as "h184"
G4WT7 > Accumulable registered as "h197"
G4WT5 > Accumulable registered as "h254"
G4WT2 > Accumulable registered as "h185"
G4WT3 > Accumulable registered as "h195"
G4WT5 > Accumulable registered as "h255"
G4WT8 > Accumulable registered as "h247"
G4WT4 > Accumulable registered as "h172"
G4WT1 > Accumulable registered as "h165"
G4WT8 > Accumulable registered as "h248"
G4WT9 > Accumulable registered as "h153"
G4WT8 > Accumulable registered as "h249"
G4WT9 > Accumulable registered as "h154"
G4WT6 > Accumulable registered as "h411"
G4WT2 > Accumulable registered as "h186"
G4WT6 > Accumulable registered as "h412"
G4WT10 > Accumulable registered as "h161"
G4WT3 > Accumulable registered as "h196"
G4WT4 > Accumulable registered as "h173"
G4WT3 > Accumulable registered as "h197"
G4WT11 > Accumulable registered as "h234"
G4WT0 > Accumulable registered as "h161"
G4WT7 > Accumulable registered as "h198"
G4WT0 > Accumulable registered as "h162"
G4WT8 > Accumulable registered as "h250"
G4WT5 > Accumulable registered as "h256"
G4WT8 > Accumulable registered as "h251"
G4WT6 > Accumulable registered as "h413"
G4WT5 > Accumulable registered as "h257"
G4WT10 > Accumulable registered as "h162"
G4WT6 > Accumulable registered as "h414"
G4WT4 > Accumulable registered as "h174"
G4WT3 > Accumulable registered as "h198"
G4WT11 > Accumulable registered as "h235"
G4WT3 > Accumulable registered as "h199"
G4WT7 > Accumulable registered as "h199"
G4WT0 > Accumulable registered as "h163"
G4WT2 > Accumulable registered as "h187"
G4WT0 > Accumulable registered as "h164"
G4WT1 > Accumulable registered as "h166"
G4WT5 > Accumulable registered as "h258"
G4WT10 > Accumulable registered as "h163"
G4WT1 > Accumulable registered as "h167"
G4WT5 > Accumulable registered as "h259"
G4WT4 > Accumulable registered as "h175"
G4WT11 > Accumulable registered as "h236"
G4WT8 > Accumulable registered as "h252"
G4WT7 > Accumulable registered as "h200"
G4WT8 > Accumulable registered as "h253"
G4WT2 > Accumulable registered as "h188"
G4WT0 > Accumulable registered as "h165"
G4WT6 > Accumulable registered as "h415"
G4WT2 > Accumulable registered as "h189"
G4WT0 > Accumulable registered as "h166"
G4WT6 > Accumulable registered as "h416"
G4WT1 > Accumulable registered as "h168"
G4WT4 > Accumulable registered as "h176"
G4WT11 > Accumulable registered as "h237"
G4WT4 > Accumulable registered as "h177"
G4WT7 > Accumulable registered as "h201"
G4WT8 > Accumulable registered as "h254"
G4WT9 > Accumulable registered as "h155"
G4WT8 > Accumulable registered as "h255"
G4WT10 > Accumulable registered as "h164"
G4WT8 > Accumulable registered as "h256"
G4WT9 > Accumulable registered as "h156"
G4WT5 > Accumulable registered as "h260"
G4WT9 > Accumulable registered as "h157"
G4WT1 > Accumulable registered as "h169"
G4WT5 > Accumulable registered as "h261"
G4WT1 > Accumulable registered as "h170"
G4WT1 > Accumulable registered as "h171"
G4WT2 > Accumulable registered as "h190"
G4WT0 > Accumulable registered as "h167"
G4WT10 > Accumulable registered as "h165"
G4WT0 > Accumulable registered as "h168"
G4WT8 > Accumulable registered as "h257"
G4WT8 > Accumulable registered as "h258"
G4WT11 > Accumulable registered as "h238"
G4WT9 > Accumulable registered as "h158"
G4WT7 > Accumulable registered as "h202"
G4WT5 > Accumulable registered as "h262"
G4WT3 > Accumulable registered as "h200"
G4WT1 > Accumulable registered as "h172"
G4WT2 > Accumulable registered as "h191"
G4WT6 > Accumulable registered as "h417"
G4WT10 > Accumulable registered as "h166"
G4WT0 > Accumulable registered as "h169"
G4WT10 > Accumulable registered as "h167"
G4WT4 > Accumulable registered as "h178"
G4WT11 > Accumulable registered as "h239"
G4WT9 > Accumulable registered as "h159"
G4WT11 > Accumulable registered as "h240"
G4WT7 > Accumulable registered as "h203"
G4WT11 > Accumulable registered as "h241"
G4WT9 > Accumulable registered as "h160"
G4WT1 > Accumulable registered as "h173"
G4WT7 > Accumulable registered as "h204"
G4WT9 > Accumulable registered as "h161"
G4WT8 > Accumulable registered as "h259"
G4WT10 > Accumulable registered as "h168"
G4WT4 > Accumulable registered as "h179"
G4WT10 > Accumulable registered as "h169"
G4WT5 > Accumulable registered as "h263"
G4WT3 > Accumulable registered as "h201"
G4WT2 > Accumulable registered as "h192"
G4WT3 > Accumulable registered as "h202"
G4WT6 > Accumulable registered as "h418"
G4WT3 > Accumulable registered as "h203"
G4WT0 > Accumulable registered as "h170"
G4WT6 > Accumulable registered as "h419"
G4WT9 > Accumulable registered as "h162"
G4WT6 > Accumulable registered as "h420"
G4WT10 > Accumulable registered as "h170"
G4WT11 > Accumulable registered as "h242"
G4WT5 > Accumulable registered as "h264"
G4WT4 > Accumulable registered as "h180"
G4WT7 > Accumulable registered as "h205"
G4WT4 > Accumulable registered as "h181"
G4WT1 > Accumulable registered as "h174"
G4WT4 > Accumulable registered as "h182"
G4WT8 > Accumulable registered as "h260"
G4WT9 > Accumulable registered as "h163"
G4WT8 > Accumulable registered as "h261"
G4WT10 > Accumulable registered as "h171"
G4WT11 > Accumulable registered as "h243"
G4WT2 > Accumulable registered as "h193"
G4WT5 > Accumulable registered as "h265"
G4WT3 > Accumulable registered as "h204"
G4WT5 > Accumulable registered as "h266"
G4WT7 > Accumulable registered as "h206"
G4WT0 > Accumulable registered as "h171"
G4WT4 > Accumulable registered as "h183"
G4WT1 > Accumulable registered as "h175"
G4WT0 > Accumulable registered as "h172"
G4WT4 > Accumulable registered as "h184"
G4WT8 > Accumulable registered as "h262"
G4WT1 > Accumulable registered as "h176"
G4WT4 > Accumulable registered as "h185"
G4WT11 > Accumulable registered as "h244"
G4WT1 > Accumulable registered as "h177"
G4WT11 > Accumulable registered as "h245"
G4WT1 > Accumulable registered as "h178"
G4WT6 > Accumulable registered as "h421"
G4WT0 > Accumulable registered as "h173"
G4WT6 > Accumulable registered as "h422"
G4WT10 > Accumulable registered as "h172"
G4WT2 > Accumulable registered as "h194"
G4WT3 > Accumulable registered as "h205"
G4WT8 > Accumulable registered as "h263"
G4WT2 > Accumulable registered as "h195"
G4WT3 > Accumulable registered as "h206"
G4WT7 > Accumulable registered as "h207"
G4WT3 > Accumulable registered as "h207"
G4WT9 > Accumulable registered as "h164"
G4WT0 > Accumulable registered as "h174"
G4WT9 > Accumulable registered as "h165"
G4WT0 > Accumulable registered as "h175"
G4WT9 > Accumulable registered as "h166"
G4WT4 > Accumulable registered as "h186"
G4WT9 > Accumulable registered as "h167"
G4WT11 > Accumulable registered as "h246"
G4WT4 > Accumulable registered as "h187"
G4WT8 > Accumulable registered as "h264"
G4WT7 > Accumulable registered as "h208"
G4WT1 > Accumulable registered as "h179"
G4WT7 > Accumulable registered as "h209"
G4WT7 > Accumulable registered as "h210"
G4WT0 > Accumulable registered as "h176"
G4WT5 > Accumulable registered as "h267"
G4WT0 > Accumulable registered as "h177"
G4WT2 > Accumulable registered as "h196"
G4WT0 > Accumulable registered as "h178"
G4WT11 > Accumulable registered as "h247"
G4WT4 > Accumulable registered as "h188"
G4WT3 > Accumulable registered as "h208"
G4WT4 > Accumulable registered as "h189"
G4WT10 > Accumulable registered as "h173"
G4WT3 > Accumulable registered as "h209"
G4WT10 > Accumulable registered as "h174"
G4WT7 > Accumulable registered as "h211"
G4WT9 > Accumulable registered as "h168"
G4WT2 > Accumulable registered as "h197"
G4WT0 > Accumulable registered as "h179"
G4WT8 > Accumulable registered as "h265"
G4WT11 > Accumulable registered as "h248"
G4WT8 > Accumulable registered as "h266"
G4WT4 > Accumulable registered as "h190"
G4WT1 > Accumulable registered as "h180"
G4WT3 > Accumulable registered as "h210"
G4WT1 > Accumulable registered as "h181"
G4WT10 > Accumulable registered as "h175"
G4WT1 > Accumulable registered as "h182"
G4WT7 > Accumulable registered as "h212"
G4WT10 > Accumulable registered as "h176"
G4WT2 > Accumulable registered as "h198"
G4WT0 > Accumulable registered as "h180"
G4WT11 > Accumulable registered as "h249"
G4WT8 > Accumulable registered as "h267"
G4WT4 > Accumulable registered as "h191"
G4WT5 > Accumulable registered as "h268"
G4WT3 > Accumulable registered as "h211"
G4WT5 > Accumulable registered as "h269"
G4WT9 > Accumulable registered as "h169"
G4WT5 > Accumulable registered as "h270"
G4WT3 > Accumulable registered as "h212"
G4WT10 > Accumulable registered as "h177"
G4WT9 > Accumulable registered as "h170"
G4WT0 > Accumulable registered as "h181"
G4WT6 > Accumulable registered as "h423"
G4WT0 > Accumulable registered as "h182"
G4WT4 > Accumulable registered as "h192"
G4WT1 > Accumulable registered as "h183"
G4WT4 > Accumulable registered as "h193"
G4WT1 > Accumulable registered as "h184"
G4WT3 > Accumulable registered as "h213"
G4WT2 > Accumulable registered as "h199"
G4WT3 > Accumulable registered as "h214"
G4WT9 > Accumulable registered as "h171"
G4WT3 > Accumulable registered as "h215"
G4WT2 > Accumulable registered as "h200"
G4WT8 > Accumulable registered as "h268"
G4WT9 > Accumulable registered as "h172"
G4WT6 > Accumulable registered as "h424"
G4WT8 > Accumulable registered as "h269"
G4WT5 > Accumulable registered as "h271"
G4WT1 > Accumulable registered as "h185"
G4WT5 > Accumulable registered as "h272"
G4WT1 > Accumulable registered as "h186"
G4WT3 > Accumulable registered as "h216"
G4WT0 > Accumulable registered as "h183"
G4WT2 > Accumulable registered as "h201"
G4WT0 > Accumulable registered as "h184"
G4WT7 > Accumulable registered as "h213"
G4WT4 > Accumulable registered as "h194"
G4WT8 > Accumulable registered as "h270"
G4WT4 > Accumulable registered as "h195"
G4WT6 > Accumulable registered as "h425"
G4WT11 > Accumulable registered as "h250"
G4WT5 > Accumulable registered as "h273"
G4WT11 > Accumulable registered as "h251"
G4WT5 > Accumulable registered as "h274"
G4WT3 > Accumulable registered as "h217"
G4WT9 > Accumulable registered as "h173"
G4WT0 > Accumulable registered as "h185"
G4WT7 > Accumulable registered as "h214"
G4WT3 > Accumulable registered as "h218"
G4WT7 > Accumulable registered as "h215"
G4WT4 > Accumulable registered as "h196"
G4WT7 > Accumulable registered as "h216"
G4WT6 > Accumulable registered as "h426"
G4WT4 > Accumulable registered as "h197"
G4WT11 > Accumulable registered as "h252"
G4WT4 > Accumulable registered as "h198"
G4WT2 > Accumulable registered as "h202"
G4WT4 > Accumulable registered as "h199"
G4WT0 > Accumulable registered as "h186"
G4WT4 > Accumulable registered as "h200"
G4WT3 > Accumulable registered as "h219"
G4WT1 > Accumulable registered as "h187"
G4WT7 > Accumulable registered as "h217"
G4WT1 > Accumulable registered as "h188"
G4WT5 > Accumulable registered as "h275"
G4WT1 > Accumulable registered as "h189"
G4WT11 > Accumulable registered as "h253"
G4WT5 > Accumulable registered as "h276"
G4WT2 > Accumulable registered as "h203"
G4WT11 > Accumulable registered as "h254"
G4WT8 > Accumulable registered as "h271"
G4WT10 > Accumulable registered as "h178"
G4WT3 > Accumulable registered as "h220"
G4WT10 > Accumulable registered as "h179"
G4WT6 > Accumulable registered as "h427"
G4WT7 > Accumulable registered as "h218"
G4WT9 > Accumulable registered as "h174"
G4WT5 > Accumulable registered as "h277"
G4WT4 > Accumulable registered as "h201"
G4WT5 > Accumulable registered as "h278"
G4WT2 > Accumulable registered as "h204"
G4WT5 > Accumulable registered as "h279"
G4WT8 > Accumulable registered as "h272"
G4WT2 > Accumulable registered as "h205"
G4WT10 > Accumulable registered as "h180"
G4WT2 > Accumulable registered as "h206"
G4WT1 > Accumulable registered as "h190"
G4WT10 > Accumulable registered as "h181"
G4WT7 > Accumulable registered as "h219"
G4WT1 > Accumulable registered as "h191"
G4WT0 > Accumulable registered as "h187"
G4WT1 > Accumulable registered as "h192"
G4WT3 > Accumulable registered as "h221"
G4WT0 > Accumulable registered as "h188"
G4WT8 > Accumulable registered as "h273"
G4WT6 > Accumulable registered as "h428"
G4WT2 > Accumulable registered as "h207"
G4WT6 > Accumulable registered as "h429"
G4WT9 > Accumulable registered as "h175"
G4WT2 > Accumulable registered as "h208"
G4WT4 > Accumulable registered as "h202"
G4WT5 > Accumulable registered as "h280"
G4WT1 > Accumulable registered as "h193"
G4WT5 > Accumulable registered as "h281"
G4WT3 > Accumulable registered as "h222"
G4WT0 > Accumulable registered as "h189"
G4WT3 > Accumulable registered as "h223"
G4WT8 > Accumulable registered as "h274"
G4WT3 > Accumulable registered as "h224"
G4WT0 > Accumulable registered as "h190"
G4WT11 > Accumulable registered as "h255"
G4WT2 > Accumulable registered as "h209"
G4WT11 > Accumulable registered as "h256"
G4WT4 > Accumulable registered as "h203"
G4WT5 > Accumulable registered as "h282"
G4WT4 > Accumulable registered as "h204"
G4WT6 > Accumulable registered as "h430"
G4WT7 > Accumulable registered as "h220"
G4WT6 > Accumulable registered as "h431"
G4WT9 > Accumulable registered as "h176"
G4WT6 > Accumulable registered as "h432"
G4WT8 > Accumulable registered as "h275"
G4WT0 > Accumulable registered as "h191"
G4WT11 > Accumulable registered as "h257"
G4WT0 > Accumulable registered as "h192"
G4WT11 > Accumulable registered as "h258"
G4WT10 > Accumulable registered as "h182"
G4WT4 > Accumulable registered as "h205"
G4WT10 > Accumulable registered as "h183"
G4WT4 > Accumulable registered as "h206"
G4WT10 > Accumulable registered as "h184"
G4WT6 > Accumulable registered as "h433"
G4WT2 > Accumulable registered as "h210"
G4WT6 > Accumulable registered as "h434"
G4WT8 > Accumulable registered as "h276"
G4WT1 > Accumulable registered as "h194"
G4WT5 > Accumulable registered as "h283"
G4WT11 > Accumulable registered as "h259"
G4WT5 > Accumulable registered as "h284"
G4WT3 > Accumulable registered as "h225"
G4WT7 > Accumulable registered as "h221"
G4WT4 > Accumulable registered as "h207"
G4WT7 > Accumulable registered as "h222"
G4WT6 > Accumulable registered as "h435"
G4WT2 > Accumulable registered as "h211"
G4WT6 > Accumulable registered as "h436"
G4WT0 > Accumulable registered as "h193"
G4WT8 > Accumulable registered as "h277"
G4WT1 > Accumulable registered as "h195"
G4WT11 > Accumulable registered as "h260"
G4WT1 > Accumulable registered as "h196"
G4WT9 > Accumulable registered as "h177"
G4WT3 > Accumulable registered as "h226"
G4WT10 > Accumulable registered as "h185"
G4WT3 > Accumulable registered as "h227"
G4WT2 > Accumulable registered as "h212"
G4WT6 > Accumulable registered as "h437"
G4WT0 > Accumulable registered as "h194"
G4WT6 > Accumulable registered as "h438"
G4WT0 > Accumulable registered as "h195"
G4WT6 > Accumulable registered as "h439"
G4WT11 > Accumulable registered as "h261"
G4WT4 > Accumulable registered as "h208"
G4WT9 > Accumulable registered as "h178"
G4WT4 > Accumulable registered as "h209"
G4WT7 > Accumulable registered as "h223"
G4WT3 > Accumulable registered as "h228"
G4WT7 > Accumulable registered as "h224"
G4WT3 > Accumulable registered as "h229"
G4WT8 > Accumulable registered as "h278"
G4WT0 > Accumulable registered as "h196"
G4WT1 > Accumulable registered as "h197"
G4WT6 > Accumulable registered as "h440"
G4WT11 > Accumulable registered as "h262"
G4WT6 > Accumulable registered as "h441"
G4WT4 > Accumulable registered as "h210"
G4WT6 > Accumulable registered as "h442"
G4WT10 > Accumulable registered as "h186"
G4WT5 > Accumulable registered as "h285"
G4WT7 > Accumulable registered as "h225"
G4WT5 > Accumulable registered as "h286"
G4WT3 > Accumulable registered as "h230"
G4WT8 > Accumulable registered as "h279"
G4WT0 > Accumulable registered as "h197"
G4WT9 > Accumulable registered as "h179"
G4WT0 > Accumulable registered as "h198"
G4WT2 > Accumulable registered as "h213"
G4WT6 > Accumulable registered as "h443"
G4WT4 > Accumulable registered as "h211"
G4WT6 > Accumulable registered as "h444"
G4WT10 > Accumulable registered as "h187"
G4WT6 > Accumulable registered as "h445"
G4WT5 > Accumulable registered as "h287"
G4WT10 > Accumulable registered as "h188"
G4WT3 > Accumulable registered as "h231"
G4WT10 > Accumulable registered as "h189"
G4WT11 > Accumulable registered as "h263"
G4WT3 > Accumulable registered as "h232"
G4WT0 > Accumulable registered as "h199"
G4WT3 > Accumulable registered as "h233"
G4WT7 > Accumulable registered as "h226"
G4WT0 > Accumulable registered as "h200"
G4WT1 > Accumulable registered as "h198"
G4WT0 > Accumulable registered as "h201"
G4WT8 > Accumulable registered as "h280"
G4WT9 > Accumulable registered as "h180"
G4WT10 > Accumulable registered as "h190"
G4WT2 > Accumulable registered as "h214"
G4WT11 > Accumulable registered as "h264"
G4WT2 > Accumulable registered as "h215"
G4WT4 > Accumulable registered as "h212"
G4WT3 > Accumulable registered as "h234"
G4WT7 > Accumulable registered as "h227"
G4WT3 > Accumulable registered as "h235"
G4WT0 > Accumulable registered as "h202"
G4WT1 > Accumulable registered as "h199"
G4WT8 > Accumulable registered as "h281"
G4WT1 > Accumulable registered as "h200"
G4WT9 > Accumulable registered as "h181"
G4WT1 > Accumulable registered as "h201"
G4WT8 > Accumulable registered as "h282"
G4WT9 > Accumulable registered as "h182"
G4WT8 > Accumulable registered as "h283"
G4WT4 > Accumulable registered as "h213"
G4WT7 > Accumulable registered as "h228"
G4WT4 > Accumulable registered as "h214"
G4WT3 > Accumulable registered as "h236"
G4WT4 > Accumulable registered as "h215"
G4WT10 > Accumulable registered as "h191"
G4WT2 > Accumulable registered as "h216"
G4WT1 > Accumulable registered as "h202"
G4WT6 > Accumulable registered as "h446"
G4WT9 > Accumulable registered as "h183"
G4WT6 > Accumulable registered as "h447"
G4WT8 > Accumulable registered as "h284"
G4WT0 > Accumulable registered as "h203"
G4WT8 > Accumulable registered as "h285"
G4WT7 > Accumulable registered as "h229"
G4WT4 > Accumulable registered as "h216"
G4WT7 > Accumulable registered as "h230"
G4WT4 > Accumulable registered as "h217"
G4WT1 > Accumulable registered as "h203"
G4WT2 > Accumulable registered as "h217"
G4WT1 > Accumulable registered as "h204"
G4WT6 > Accumulable registered as "h448"
G4WT9 > Accumulable registered as "h184"
G4WT6 > Accumulable registered as "h449"
G4WT0 > Accumulable registered as "h204"
G4WT9 > Accumulable registered as "h185"
G4WT6 > Accumulable registered as "h450"
G4WT3 > Accumulable registered as "h237"
G4WT7 > Accumulable registered as "h231"
G4WT3 > Accumulable registered as "h238"
G4WT4 > Accumulable registered as "h218"
G4WT3 > Accumulable registered as "h239"
G4WT2 > Accumulable registered as "h218"
G4WT11 > Accumulable registered as "h265"
G4WT8 > Accumulable registered as "h286"
G4WT0 > Accumulable registered as "h205"
G4WT9 > Accumulable registered as "h186"
G4WT10 > Accumulable registered as "h192"
G4WT6 > Accumulable registered as "h451"
G4WT1 > Accumulable registered as "h205"
G4WT6 > Accumulable registered as "h452"
G4WT7 > Accumulable registered as "h232"
G4WT3 > Accumulable registered as "h240"
G4WT7 > Accumulable registered as "h233"
G4WT3 > Accumulable registered as "h241"
G4WT7 > Accumulable registered as "h234"
G4WT8 > Accumulable registered as "h287"
G4WT0 > Accumulable registered as "h206"
G4WT8 > Accumulable registered as "h288"
G4WT0 > Accumulable registered as "h207"
G4WT10 > Accumulable registered as "h193"
G4WT0 > Accumulable registered as "h208"
G4WT6 > Accumulable registered as "h453"
G4WT10 > Accumulable registered as "h194"
G4WT2 > Accumulable registered as "h219"
G4WT11 > Accumulable registered as "h266"
G4WT3 > Accumulable registered as "h242"
G4WT7 > Accumulable registered as "h235"
G4WT3 > Accumulable registered as "h243"
G4WT9 > Accumulable registered as "h187"
G4WT2 > Accumulable registered as "h220"
G4WT7 > Accumulable registered as "h236"
G4WT4 > Accumulable registered as "h219"
G4WT7 > Accumulable registered as "h237"
G4WT10 > Accumulable registered as "h195"
G4WT8 > Accumulable registered as "h289"
G4WT6 > Accumulable registered as "h454"
G4WT3 > Accumulable registered as "h244"
G4WT5 > Accumulable registered as "h288"
G4WT0 > Accumulable registered as "h209"
G4WT5 > Accumulable registered as "h289"
G4WT0 > Accumulable registered as "h210"
G4WT11 > Accumulable registered as "h267"
G4WT4 > Accumulable registered as "h220"
G4WT11 > Accumulable registered as "h268"
G4WT4 > Accumulable registered as "h221"
G4WT11 > Accumulable registered as "h269"
G4WT8 > Accumulable registered as "h290"
G4WT3 > Accumulable registered as "h245"
G4WT1 > Accumulable registered as "h206"
G4WT3 > Accumulable registered as "h246"
G4WT9 > Accumulable registered as "h188"
G4WT3 > Accumulable registered as "h247"
G4WT5 > Accumulable registered as "h290"
G4WT7 > Accumulable registered as "h238"
G4WT5 > Accumulable registered as "h291"
G4WT10 > Accumulable registered as "h196"
G4WT5 > Accumulable registered as "h292"
G4WT6 > Accumulable registered as "h455"
G4WT10 > Accumulable registered as "h197"
G4WT8 > Accumulable registered as "h291"
G4WT10 > Accumulable registered as "h198"
G4WT1 > Accumulable registered as "h207"
G4WT3 > Accumulable registered as "h248"
G4WT1 > Accumulable registered as "h208"
G4WT9 > Accumulable registered as "h189"
G4WT3 > Accumulable registered as "h249"
G4WT7 > Accumulable registered as "h239"
G4WT11 > Accumulable registered as "h270"
G4WT7 > Accumulable registered as "h240"
G4WT6 > Accumulable registered as "h456"
G4WT0 > Accumulable registered as "h211"
G4WT6 > Accumulable registered as "h457"
G4WT10 > Accumulable registered as "h199"
G4WT6 > Accumulable registered as "h458"
G4WT4 > Accumulable registered as "h222"
G4WT3 > Accumulable registered as "h250"
G4WT4 > Accumulable registered as "h223"
G4WT9 > Accumulable registered as "h190"
G4WT4 > Accumulable registered as "h224"
G4WT2 > Accumulable registered as "h221"
G4WT7 > Accumulable registered as "h241"
G4WT8 > Accumulable registered as "h292"
G4WT0 > Accumulable registered as "h212"
G4WT1 > Accumulable registered as "h209"
G4WT0 > Accumulable registered as "h213"
G4WT1 > Accumulable registered as "h210"
G4WT0 > Accumulable registered as "h214"
G4WT1 > Accumulable registered as "h211"
G4WT0 > Accumulable registered as "h215"
G4WT11 > Accumulable registered as "h271"
G4WT9 > Accumulable registered as "h191"
G4WT11 > Accumulable registered as "h272"
G4WT2 > Accumulable registered as "h222"
G4WT9 > Accumulable registered as "h192"
G4WT8 > Accumulable registered as "h293"
G4WT6 > Accumulable registered as "h459"
G4WT5 > Accumulable registered as "h293"
G4WT1 > Accumulable registered as "h212"
G4WT5 > Accumulable registered as "h294"
G4WT0 > Accumulable registered as "h216"
G4WT7 > Accumulable registered as "h242"
G4WT11 > Accumulable registered as "h273"
G4WT7 > Accumulable registered as "h243"
G4WT2 > Accumulable registered as "h223"
G4WT7 > Accumulable registered as "h244"
G4WT2 > Accumulable registered as "h224"
G4WT6 > Accumulable registered as "h460"
G4WT4 > Accumulable registered as "h225"
G4WT6 > Accumulable registered as "h461"
G4WT3 > Accumulable registered as "h251"
G4WT6 > Accumulable registered as "h462"
G4WT5 > Accumulable registered as "h295"
G4WT3 > Accumulable registered as "h252"
G4WT11 > Accumulable registered as "h274"
G4WT10 > Accumulable registered as "h200"
G4WT8 > Accumulable registered as "h294"
G4WT7 > Accumulable registered as "h245"
G4WT8 > Accumulable registered as "h295"
G4WT2 > Accumulable registered as "h225"
G4WT8 > Accumulable registered as "h296"
G4WT4 > Accumulable registered as "h226"
G4WT2 > Accumulable registered as "h226"
G4WT6 > Accumulable registered as "h463"
G4WT2 > Accumulable registered as "h227"
G4WT3 > Accumulable registered as "h253"
G4WT6 > Accumulable registered as "h464"
G4WT11 > Accumulable registered as "h275"
G4WT3 > Accumulable registered as "h254"
G4WT10 > Accumulable registered as "h201"
G4WT0 > Accumulable registered as "h217"
G4WT8 > Accumulable registered as "h297"
G4WT0 > Accumulable registered as "h218"
G4WT9 > Accumulable registered as "h193"
G4WT0 > Accumulable registered as "h219"
G4WT2 > Accumulable registered as "h228"
G4WT1 > Accumulable registered as "h213"
G4WT2 > Accumulable registered as "h229"
G4WT7 > Accumulable registered as "h246"
G4WT2 > Accumulable registered as "h230"
G4WT3 > Accumulable registered as "h255"
G4WT7 > Accumulable registered as "h247"
G4WT10 > Accumulable registered as "h202"
G4WT8 > Accumulable registered as "h298"
G4WT4 > Accumulable registered as "h227"
G4WT7 > Accumulable registered as "h248"
G4WT8 > Accumulable registered as "h299"
G4WT0 > Accumulable registered as "h220"
G4WT1 > Accumulable registered as "h214"
G4WT0 > Accumulable registered as "h221"
G4WT11 > Accumulable registered as "h276"
G4WT2 > Accumulable registered as "h231"
G4WT11 > Accumulable registered as "h277"
G4WT10 > Accumulable registered as "h203"
G4WT9 > Accumulable registered as "h194"
G4WT10 > Accumulable registered as "h204"
G4WT7 > Accumulable registered as "h249"
G4WT9 > Accumulable registered as "h195"
G4WT6 > Accumulable registered as "h465"
G4WT9 > Accumulable registered as "h196"
G4WT0 > Accumulable registered as "h222"
G4WT3 > Accumulable registered as "h256"
G4WT0 > Accumulable registered as "h223"
G4WT5 > Accumulable registered as "h296"
G4WT2 > Accumulable registered as "h232"
G4WT11 > Accumulable registered as "h278"
G4WT4 > Accumulable registered as "h228"
G4WT8 > Accumulable registered as "h300"
G4WT7 > Accumulable registered as "h250"
G4WT8 > Accumulable registered as "h301"
G4WT7 > Accumulable registered as "h251"
G4WT8 > Accumulable registered as "h302"
G4WT9 > Accumulable registered as "h197"
G4WT0 > Accumulable registered as "h224"
G4WT5 > Accumulable registered as "h297"
G4WT10 > Accumulable registered as "h205"
G4WT2 > Accumulable registered as "h233"
G4WT11 > Accumulable registered as "h279"
G4WT2 > Accumulable registered as "h234"
G4WT4 > Accumulable registered as "h229"
G4WT1 > Accumulable registered as "h215"
G4WT7 > Accumulable registered as "h252"
G4WT1 > Accumulable registered as "h216"
G4WT3 > Accumulable registered as "h257"
G4WT4 > Accumulable registered as "h230"
G4WT9 > Accumulable registered as "h198"
G4WT3 > Accumulable registered as "h258"
G4WT5 > Accumulable registered as "h298"
G4WT3 > Accumulable registered as "h259"
G4WT11 > Accumulable registered as "h280"
G4WT2 > Accumulable registered as "h235"
G4WT6 > Accumulable registered as "h466"
G4WT2 > Accumulable registered as "h236"
G4WT7 > Accumulable registered as "h253"
G4WT1 > Accumulable registered as "h217"
G4WT0 > Accumulable registered as "h225"
G4WT1 > Accumulable registered as "h218"
G4WT9 > Accumulable registered as "h199"
G4WT5 > Accumulable registered as "h299"
G4WT3 > Accumulable registered as "h260"
G4WT5 > Accumulable registered as "h300"
G4WT3 > Accumulable registered as "h261"
G4WT2 > Accumulable registered as "h237"
G4WT6 > Accumulable registered as "h467"
G4WT2 > Accumulable registered as "h238"
G4WT4 > Accumulable registered as "h231"
G4WT2 > Accumulable registered as "h239"
G4WT10 > Accumulable registered as "h206"
G4WT2 > Accumulable registered as "h240"
G4WT1 > Accumulable registered as "h219"
G4WT2 > Accumulable registered as "h241"
G4WT10 > Accumulable registered as "h207"
G4WT11 > Accumulable registered as "h281"
G4WT1 > Accumulable registered as "h220"
G4WT3 > Accumulable registered as "h262"
G4WT1 > Accumulable registered as "h221"
G4WT11 > Accumulable registered as "h282"
G4WT0 > Accumulable registered as "h226"
G4WT0 > Accumulable registered as "h227"
G4WT5 > Accumulable registered as "h301"
G4WT10 > Accumulable registered as "h208"
G4WT2 > Accumulable registered as "h242"
G4WT9 > Accumulable registered as "h200"
G4WT7 > Accumulable registered as "h254"
G4WT6 > Accumulable registered as "h468"
G4WT4 > Accumulable registered as "h232"
G4WT1 > Accumulable registered as "h222"
G4WT3 > Accumulable registered as "h263"
G4WT11 > Accumulable registered as "h283"
G4WT11 > Accumulable registered as "h284"
G4WT0 > Accumulable registered as "h228"
G4WT5 > Accumulable registered as "h302"
G4WT10 > Accumulable registered as "h209"
G4WT2 > Accumulable registered as "h243"
G4WT10 > Accumulable registered as "h210"
G4WT7 > Accumulable registered as "h255"
G4WT6 > Accumulable registered as "h469"
G4WT4 > Accumulable registered as "h233"
G4WT1 > Accumulable registered as "h223"
G4WT4 > Accumulable registered as "h234"
G4WT1 > Accumulable registered as "h224"
G4WT4 > Accumulable registered as "h235"
G4WT11 > Accumulable registered as "h285"
G4WT5 > Accumulable registered as "h303"
G4WT9 > Accumulable registered as "h201"
G4WT5 > Accumulable registered as "h304"
G4WT2 > Accumulable registered as "h244"
G4WT10 > Accumulable registered as "h211"
G4WT7 > Accumulable registered as "h256"
G4WT6 > Accumulable registered as "h470"
G4WT7 > Accumulable registered as "h257"
G4WT1 > Accumulable registered as "h225"
G4WT0 > Accumulable registered as "h229"
G4WT1 > Accumulable registered as "h226"
G4WT8 > Accumulable registered as "h303"
G4WT1 > Accumulable registered as "h227"
G4WT5 > Accumulable registered as "h305"
G4WT2 > Accumulable registered as "h245"
G4WT5 > Accumulable registered as "h306"
G4WT3 > Accumulable registered as "h264"
G4WT7 > Accumulable registered as "h258"
G4WT3 > Accumulable registered as "h265"
G4WT7 > Accumulable registered as "h259"
G4WT0 > Accumulable registered as "h230"
G4WT11 > Accumulable registered as "h286"
G4WT9 > Accumulable registered as "h202"
G4WT1 > Accumulable registered as "h228"
G4WT9 > Accumulable registered as "h203"
G4WT8 > Accumulable registered as "h304"
G4WT9 > Accumulable registered as "h204"
G4WT5 > Accumulable registered as "h307"
G4WT5 > Accumulable registered as "h308"
G4WT4 > Accumulable registered as "h236"
G4WT3 > Accumulable registered as "h266"
G4WT7 > Accumulable registered as "h260"
G4WT3 > Accumulable registered as "h267"
G4WT0 > Accumulable registered as "h231"
G4WT11 > Accumulable registered as "h287"
G4WT1 > Accumulable registered as "h229"
G4WT0 > Accumulable registered as "h232"
G4WT11 > Accumulable registered as "h288"
G4WT2 > Accumulable registered as "h246"
G4WT11 > Accumulable registered as "h289"
G4WT6 > Accumulable registered as "h471"
G4WT2 > Accumulable registered as "h247"
G4WT4 > Accumulable registered as "h237"
G4WT3 > Accumulable registered as "h268"
G4WT7 > Accumulable registered as "h261"
G4WT4 > Accumulable registered as "h238"
G4WT2 > Accumulable registered as "h248"
G4WT3 > Accumulable registered as "h269"
G4WT6 > Accumulable registered as "h472"
G4WT7 > Accumulable registered as "h262"
G4WT2 > Accumulable registered as "h249"
G4WT3 > Accumulable registered as "h270"
G4WT6 > Accumulable registered as "h473"
G4WT7 > Accumulable registered as "h263"
G4WT9 > Accumulable registered as "h205"
G4WT7 > Accumulable registered as "h264"
G4WT9 > Accumulable registered as "h206"
G4WT7 > Accumulable registered as "h265"
G4WT5 > Accumulable registered as "h309"
G4WT2 > Accumulable registered as "h250"
G4WT5 > Accumulable registered as "h310"
G4WT8 > Accumulable registered as "h305"
G4WT5 > Accumulable registered as "h311"
G4WT5 > Accumulable registered as "h312"
G4WT1 > Accumulable registered as "h230"
G4WT4 > Accumulable registered as "h239"
G4WT1 > Accumulable registered as "h231"
G4WT9 > Accumulable registered as "h207"
G4WT4 > Accumulable registered as "h240"
G4WT11 > Accumulable registered as "h290"
G4WT4 > Accumulable registered as "h241"
G4WT9 > Accumulable registered as "h208"
G4WT2 > Accumulable registered as "h251"
G4WT0 > Accumulable registered as "h233"
G4WT8 > Accumulable registered as "h306"
G4WT5 > Accumulable registered as "h313"
G4WT0 > Accumulable registered as "h234"
G4WT8 > Accumulable registered as "h307"
G4WT6 > Accumulable registered as "h474"
G4WT7 > Accumulable registered as "h266"
G4WT5 > Accumulable registered as "h314"
G4WT6 > Accumulable registered as "h475"
G4WT10 > Accumulable registered as "h212"
G4WT6 > Accumulable registered as "h476"
G4WT2 > Accumulable registered as "h252"
G4WT6 > Accumulable registered as "h477"
G4WT0 > Accumulable registered as "h235"
G4WT8 > Accumulable registered as "h308"
G4WT3 > Accumulable registered as "h271"
G4WT8 > Accumulable registered as "h309"
G4WT11 > Accumulable registered as "h291"
G4WT3 > Accumulable registered as "h272"
G4WT7 > Accumulable registered as "h267"
G4WT11 > Accumulable registered as "h292"
G4WT1 > Accumulable registered as "h232"
G4WT11 > Accumulable registered as "h293"
G4WT2 > Accumulable registered as "h253"
G4WT1 > Accumulable registered as "h233"
G4WT0 > Accumulable registered as "h236"
G4WT4 > Accumulable registered as "h242"
G4WT5 > Accumulable registered as "h315"
G4WT4 > Accumulable registered as "h243"
G4WT9 > Accumulable registered as "h209"
G4WT4 > Accumulable registered as "h244"
G4WT5 > Accumulable registered as "h316"
G4WT7 > Accumulable registered as "h268"
G4WT9 > Accumulable registered as "h210"
G4WT11 > Accumulable registered as "h294"
G4WT2 > Accumulable registered as "h254"
G4WT1 > Accumulable registered as "h234"
G4WT11 > Accumulable registered as "h295"
G4WT2 > Accumulable registered as "h255"
G4WT3 > Accumulable registered as "h273"
G4WT10 > Accumulable registered as "h213"
G4WT3 > Accumulable registered as "h274"
G4WT10 > Accumulable registered as "h214"
G4WT3 > Accumulable registered as "h275"
G4WT7 > Accumulable registered as "h269"
G4WT9 > Accumulable registered as "h211"
G4WT7 > Accumulable registered as "h270"
G4WT11 > Accumulable registered as "h296"
G4WT1 > Accumulable registered as "h235"
G4WT2 > Accumulable registered as "h256"
G4WT1 > Accumulable registered as "h236"
G4WT2 > Accumulable registered as "h257"
G4WT1 > Accumulable registered as "h237"
G4WT2 > Accumulable registered as "h258"
G4WT10 > Accumulable registered as "h215"
G4WT8 > Accumulable registered as "h310"
G4WT0 > Accumulable registered as "h237"
G4WT9 > Accumulable registered as "h212"
G4WT8 > Accumulable registered as "h311"
G4WT11 > Accumulable registered as "h297"
G4WT4 > Accumulable registered as "h245"
G4WT4 > Accumulable registered as "h246"
G4WT5 > Accumulable registered as "h317"
G4WT1 > Accumulable registered as "h238"
G4WT5 > Accumulable registered as "h318"
G4WT3 > Accumulable registered as "h276"
G4WT5 > Accumulable registered as "h319"
G4WT10 > Accumulable registered as "h216"
G4WT5 > Accumulable registered as "h320"
G4WT7 > Accumulable registered as "h271"
G4WT5 > Accumulable registered as "h321"
G4WT8 > Accumulable registered as "h312"
G4WT7 > Accumulable registered as "h272"
G4WT4 > Accumulable registered as "h247"
G4WT2 > Accumulable registered as "h259"
G4WT6 > Accumulable registered as "h478"
G4WT2 > Accumulable registered as "h260"
G4WT9 > Accumulable registered as "h213"
G4WT11 > Accumulable registered as "h298"
G4WT9 > Accumulable registered as "h214"
G4WT11 > Accumulable registered as "h299"
G4WT9 > Accumulable registered as "h215"
G4WT1 > Accumulable registered as "h239"
G4WT9 > Accumulable registered as "h216"
G4WT7 > Accumulable registered as "h273"
G4WT9 > Accumulable registered as "h217"
G4WT0 > Accumulable registered as "h238"
G4WT9 > Accumulable registered as "h218"
G4WT6 > Accumulable registered as "h479"
G4WT0 > Accumulable registered as "h239"
G4WT10 > Accumulable registered as "h217"
G4WT11 > Accumulable registered as "h300"
G4WT8 > Accumulable registered as "h313"
G4WT4 > Accumulable registered as "h248"
G4WT8 > Accumulable registered as "h314"
G4WT4 > Accumulable registered as "h249"
G4WT7 > Accumulable registered as "h274"
G4WT2 > Accumulable registered as "h261"
G4WT7 > Accumulable registered as "h275"
G4WT9 > Accumulable registered as "h219"
G4WT7 > Accumulable registered as "h276"
G4WT0 > Accumulable registered as "h240"
G4WT9 > Accumulable registered as "h220"
G4WT0 > Accumulable registered as "h241"
G4WT11 > Accumulable registered as "h301"
G4WT1 > Accumulable registered as "h240"
G4WT3 > Accumulable registered as "h277"
G4WT1 > Accumulable registered as "h241"
G4WT4 > Accumulable registered as "h250"
G4WT5 > Accumulable registered as "h322"
G4WT4 > Accumulable registered as "h251"
G4WT7 > Accumulable registered as "h277"
G4WT10 > Accumulable registered as "h218"
G4WT7 > Accumulable registered as "h278"
G4WT9 > Accumulable registered as "h221"
G4WT7 > Accumulable registered as "h279"
G4WT8 > Accumulable registered as "h315"
G4WT3 > Accumulable registered as "h278"
G4WT8 > Accumulable registered as "h316"
G4WT3 > Accumulable registered as "h279"
G4WT8 > Accumulable registered as "h317"
G4WT6 > Accumulable registered as "h480"
G4WT4 > Accumulable registered as "h252"
G4WT6 > Accumulable registered as "h481"
G4WT0 > Accumulable registered as "h242"
G4WT11 > Accumulable registered as "h302"
G4WT7 > Accumulable registered as "h280"
G4WT9 > Accumulable registered as "h222"
G4WT1 > Accumulable registered as "h242"
G4WT9 > Accumulable registered as "h223"
G4WT1 > Accumulable registered as "h243"
G4WT9 > Accumulable registered as "h224"
G4WT1 > Accumulable registered as "h244"
G4WT8 > Accumulable registered as "h318"
G4WT6 > Accumulable registered as "h482"
G4WT8 > Accumulable registered as "h319"
G4WT6 > Accumulable registered as "h483"
G4WT0 > Accumulable registered as "h243"
G4WT11 > Accumulable registered as "h303"
G4WT7 > Accumulable registered as "h281"
G4WT11 > Accumulable registered as "h304"
G4WT3 > Accumulable registered as "h280"
G4WT5 > Accumulable registered as "h323"
G4WT9 > Accumulable registered as "h225"
G4WT3 > Accumulable registered as "h281"
G4WT4 > Accumulable registered as "h253"
G4WT8 > Accumulable registered as "h320"
G4WT6 > Accumulable registered as "h484"
G4WT8 > Accumulable registered as "h321"
G4WT0 > Accumulable registered as "h244"
G4WT8 > Accumulable registered as "h322"
G4WT11 > Accumulable registered as "h305"
G4WT10 > Accumulable registered as "h219"
G4WT5 > Accumulable registered as "h324"
G4WT10 > Accumulable registered as "h220"
G4WT5 > Accumulable registered as "h325"
G4WT10 > Accumulable registered as "h221"
G4WT3 > Accumulable registered as "h282"
G4WT6 > Accumulable registered as "h485"
G4WT6 > Accumulable registered as "h486"
G4WT7 > Accumulable registered as "h282"
G4WT8 > Accumulable registered as "h323"
G4WT7 > Accumulable registered as "h283"
G4WT0 > Accumulable registered as "h245"
G4WT1 > Accumulable registered as "h245"
G4WT9 > Accumulable registered as "h226"
G4WT1 > Accumulable registered as "h246"
G4WT9 > Accumulable registered as "h227"
G4WT4 > Accumulable registered as "h254"
G4WT9 > Accumulable registered as "h228"
G4WT4 > Accumulable registered as "h255"
G4WT6 > Accumulable registered as "h487"
G4WT11 > Accumulable registered as "h306"
G4WT6 > Accumulable registered as "h488"
G4WT8 > Accumulable registered as "h324"
G4WT7 > Accumulable registered as "h284"
G4WT8 > Accumulable registered as "h325"
G4WT7 > Accumulable registered as "h285"
G4WT10 > Accumulable registered as "h222"
G4WT3 > Accumulable registered as "h283"
G4WT10 > Accumulable registered as "h223"
G4WT9 > Accumulable registered as "h229"
G4WT10 > Accumulable registered as "h224"
G4WT3 > Accumulable registered as "h284"
G4WT11 > Accumulable registered as "h307"
G4WT0 > Accumulable registered as "h246"
G4WT5 > Accumulable registered as "h326"
G4WT1 > Accumulable registered as "h247"
G4WT5 > Accumulable registered as "h327"
G4WT8 > Accumulable registered as "h326"
G4WT7 > Accumulable registered as "h286"
G4WT4 > Accumulable registered as "h256"
G4WT8 > Accumulable registered as "h327"
G4WT7 > Accumulable registered as "h287"
G4WT10 > Accumulable registered as "h225"
G4WT4 > Accumulable registered as "h257"
G4WT3 > Accumulable registered as "h285"
G4WT11 > Accumulable registered as "h308"
G4WT0 > Accumulable registered as "h247"
G4WT5 > Accumulable registered as "h328"
G4WT11 > Accumulable registered as "h309"
G4WT9 > Accumulable registered as "h230"
G4WT11 > Accumulable registered as "h310"
G4WT8 > Accumulable registered as "h328"
G4WT11 > Accumulable registered as "h311"
G4WT8 > Accumulable registered as "h329"
G4WT4 > Accumulable registered as "h258"
G4WT3 > Accumulable registered as "h286"
G4WT4 > Accumulable registered as "h259"
G4WT1 > Accumulable registered as "h248"
G4WT0 > Accumulable registered as "h248"
G4WT6 > Accumulable registered as "h489"
G4WT7 > Accumulable registered as "h288"
G4WT6 > Accumulable registered as "h490"
G4WT9 > Accumulable registered as "h231"
G4WT10 > Accumulable registered as "h226"
G4WT11 > Accumulable registered as "h312"
G4WT8 > Accumulable registered as "h330"
G4WT3 > Accumulable registered as "h287"
G4WT4 > Accumulable registered as "h260"
G4WT5 > Accumulable registered as "h329"
G4WT3 > Accumulable registered as "h288"
G4WT0 > Accumulable registered as "h249"
G4WT3 > Accumulable registered as "h289"
G4WT6 > Accumulable registered as "h491"
G4WT9 > Accumulable registered as "h232"
G4WT0 > Accumulable registered as "h250"
G4WT10 > Accumulable registered as "h227"
G4WT11 > Accumulable registered as "h313"
G4WT8 > Accumulable registered as "h331"
G4WT10 > Accumulable registered as "h228"
G4WT4 > Accumulable registered as "h261"
G4WT8 > Accumulable registered as "h332"
G4WT2 > Accumulable registered as "h262"
G4WT8 > Accumulable registered as "h333"
G4WT6 > Accumulable registered as "h492"
G4WT2 > Accumulable registered as "h263"
G4WT0 > Accumulable registered as "h251"
G4WT1 > Accumulable registered as "h249"
G4WT6 > Accumulable registered as "h493"
G4WT5 > Accumulable registered as "h330"
G4WT1 > Accumulable registered as "h250"
G4WT11 > Accumulable registered as "h314"
G4WT1 > Accumulable registered as "h251"
G4WT4 > Accumulable registered as "h262"
G4WT1 > Accumulable registered as "h252"
G4WT8 > Accumulable registered as "h334"
G4WT1 > Accumulable registered as "h253"
G4WT4 > Accumulable registered as "h263"
G4WT0 > Accumulable registered as "h252"
G4WT8 > Accumulable registered as "h335"
G4WT7 > Accumulable registered as "h289"
G4WT8 > Accumulable registered as "h336"
G4WT0 > Accumulable registered as "h253"
G4WT9 > Accumulable registered as "h233"
G4WT2 > Accumulable registered as "h264"
G4WT9 > Accumulable registered as "h234"
G4WT10 > Accumulable registered as "h229"
G4WT1 > Accumulable registered as "h254"
G4WT4 > Accumulable registered as "h264"
G4WT10 > Accumulable registered as "h230"
G4WT3 > Accumulable registered as "h290"
G4WT10 > Accumulable registered as "h231"
G4WT11 > Accumulable registered as "h315"
G4WT8 > Accumulable registered as "h337"
G4WT7 > Accumulable registered as "h290"
G4WT0 > Accumulable registered as "h254"
G4WT2 > Accumulable registered as "h265"
G4WT9 > Accumulable registered as "h235"
G4WT6 > Accumulable registered as "h494"
G4WT9 > Accumulable registered as "h236"
G4WT6 > Accumulable registered as "h495"
G4WT9 > Accumulable registered as "h237"
G4WT3 > Accumulable registered as "h291"
G4WT9 > Accumulable registered as "h238"
G4WT11 > Accumulable registered as "h316"
G4WT8 > Accumulable registered as "h338"
G4WT7 > Accumulable registered as "h291"
G4WT0 > Accumulable registered as "h255"
G4WT2 > Accumulable registered as "h266"
G4WT1 > Accumulable registered as "h255"
G4WT5 > Accumulable registered as "h331"
G4WT2 > Accumulable registered as "h267"
G4WT1 > Accumulable registered as "h256"
G4WT10 > Accumulable registered as "h232"
G4WT2 > Accumulable registered as "h268"
G4WT5 > Accumulable registered as "h332"
G4WT11 > Accumulable registered as "h317"
G4WT8 > Accumulable registered as "h339"
G4WT7 > Accumulable registered as "h292"
G4WT0 > Accumulable registered as "h256"
G4WT8 > Accumulable registered as "h340"
G4WT7 > Accumulable registered as "h293"
G4WT1 > Accumulable registered as "h257"
G4WT3 > Accumulable registered as "h292"
G4WT1 > Accumulable registered as "h258"
G4WT10 > Accumulable registered as "h233"
G4WT2 > Accumulable registered as "h269"
G4WT3 > Accumulable registered as "h293"
G4WT11 > Accumulable registered as "h318"
G4WT3 > Accumulable registered as "h294"
G4WT2 > Accumulable registered as "h270"
G4WT9 > Accumulable registered as "h239"
G4WT0 > Accumulable registered as "h257"
G4WT7 > Accumulable registered as "h294"
G4WT1 > Accumulable registered as "h259"
G4WT5 > Accumulable registered as "h333"
G4WT10 > Accumulable registered as "h234"
G4WT5 > Accumulable registered as "h334"
G4WT6 > Accumulable registered as "h496"
G4WT3 > Accumulable registered as "h295"
G4WT6 > Accumulable registered as "h497"
G4WT3 > Accumulable registered as "h296"
G4WT8 > Accumulable registered as "h341"
G4WT9 > Accumulable registered as "h240"
G4WT8 > Accumulable registered as "h342"
G4WT7 > Accumulable registered as "h295"
G4WT1 > Accumulable registered as "h260"
G4WT7 > Accumulable registered as "h296"
G4WT10 > Accumulable registered as "h235"
G4WT5 > Accumulable registered as "h335"
G4WT10 > Accumulable registered as "h236"
G4WT2 > Accumulable registered as "h271"
G4WT10 > Accumulable registered as "h237"
G4WT6 > Accumulable registered as "h498"
G4WT2 > Accumulable registered as "h272"
G4WT0 > Accumulable registered as "h258"
G4WT6 > Accumulable registered as "h499"
G4WT0 > Accumulable registered as "h259"
G4WT6 > Accumulable registered as "h500"
G4WT0 > Accumulable registered as "h260"
G4WT7 > Accumulable registered as "h297"
G4WT5 > Accumulable registered as "h336"
G4WT7 > Accumulable registered as "h298"
G4WT3 > Accumulable registered as "h297"
G4WT7 > Accumulable registered as "h299"
G4WT8 > Accumulable registered as "h343"
G4WT3 > Accumulable registered as "h298"
G4WT9 > Accumulable registered as "h241"
G4WT3 > Accumulable registered as "h299"
G4WT6 > Accumulable registered as "h501"
G4WT9 > Accumulable registered as "h242"
G4WT11 > Accumulable registered as "h319"
G4WT6 > Accumulable registered as "h502"
G4WT10 > Accumulable registered as "h238"
G4WT11 > Accumulable registered as "h320"
G4WT2 > Accumulable registered as "h273"
G4WT11 > Accumulable registered as "h321"
G4WT8 > Accumulable registered as "h344"
G4WT3 > Accumulable registered as "h300"
G4WT3 > Accumulable registered as "h301"
G4WT0 > Accumulable registered as "h261"
G4WT9 > Accumulable registered as "h243"
G4WT4 > Accumulable registered as "h265"
G4WT9 > Accumulable registered as "h244"
G4WT6 > Accumulable registered as "h503"
G4WT7 > Accumulable registered as "h300"
G4WT4 > Accumulable registered as "h266"
G4WT6 > Accumulable registered as "h504"
G4WT2 > Accumulable registered as "h274"
G4WT11 > Accumulable registered as "h322"
G4WT8 > Accumulable registered as "h345"
G4WT2 > Accumulable registered as "h275"
G4WT11 > Accumulable registered as "h323"
G4WT8 > Accumulable registered as "h346"
G4WT11 > Accumulable registered as "h324"
G4WT10 > Accumulable registered as "h239"
G4WT11 > Accumulable registered as "h325"
G4WT7 > Accumulable registered as "h301"
G4WT10 > Accumulable registered as "h240"
G4WT6 > Accumulable registered as "h505"
G4WT7 > Accumulable registered as "h302"
G4WT0 > Accumulable registered as "h262"
G4WT6 > Accumulable registered as "h506"
G4WT2 > Accumulable registered as "h276"
G4WT8 > Accumulable registered as "h347"
G4WT2 > Accumulable registered as "h277"
G4WT1 > Accumulable registered as "h261"
G4WT11 > Accumulable registered as "h326"
G4WT1 > Accumulable registered as "h262"
G4WT3 > Accumulable registered as "h302"
G4WT1 > Accumulable registered as "h263"
G4WT5 > Accumulable registered as "h337"
G4WT9 > Accumulable registered as "h245"
G4WT5 > Accumulable registered as "h338"
G4WT0 > Accumulable registered as "h263"
G4WT5 > Accumulable registered as "h339"
G4WT9 > Accumulable registered as "h246"
G4WT2 > Accumulable registered as "h278"
G4WT10 > Accumulable registered as "h241"
G4WT2 > Accumulable registered as "h279"
G4WT11 > Accumulable registered as "h327"
G4WT2 > Accumulable registered as "h280"
G4WT3 > Accumulable registered as "h303"
G4WT1 > Accumulable registered as "h264"
G4WT3 > Accumulable registered as "h304"
G4WT8 > Accumulable registered as "h348"
G4WT5 > Accumulable registered as "h340"
G4WT8 > Accumulable registered as "h349"
G4WT0 > Accumulable registered as "h264"
G4WT9 > Accumulable registered as "h247"
G4WT7 > Accumulable registered as "h303"
G4WT11 > Accumulable registered as "h328"
G4WT7 > Accumulable registered as "h304"
G4WT11 > Accumulable registered as "h329"
G4WT4 > Accumulable registered as "h267"
G4WT3 > Accumulable registered as "h305"
G4WT1 > Accumulable registered as "h265"
G4WT8 > Accumulable registered as "h350"
G4WT1 > Accumulable registered as "h266"
G4WT5 > Accumulable registered as "h341"
G4WT1 > Accumulable registered as "h267"
G4WT0 > Accumulable registered as "h265"
G4WT2 > Accumulable registered as "h281"
G4WT6 > Accumulable registered as "h507"
G4WT7 > Accumulable registered as "h305"
G4WT6 > Accumulable registered as "h508"
G4WT11 > Accumulable registered as "h330"
G4WT6 > Accumulable registered as "h509"
G4WT3 > Accumulable registered as "h306"
G4WT6 > Accumulable registered as "h510"
G4WT8 > Accumulable registered as "h351"
G4WT3 > Accumulable registered as "h307"
G4WT1 > Accumulable registered as "h268"
G4WT3 > Accumulable registered as "h308"
G4WT0 > Accumulable registered as "h266"
G4WT2 > Accumulable registered as "h282"
G4WT0 > Accumulable registered as "h267"
G4WT11 > Accumulable registered as "h331"
G4WT10 > Accumulable registered as "h242"
G4WT9 > Accumulable registered as "h248"
G4WT6 > Accumulable registered as "h511"
G4WT9 > Accumulable registered as "h249"
G4WT5 > Accumulable registered as "h342"
G4WT8 > Accumulable registered as "h352"
G4WT3 > Accumulable registered as "h309"
G4WT8 > Accumulable registered as "h353"
G4WT4 > Accumulable registered as "h268"
G4WT7 > Accumulable registered as "h306"
G4WT2 > Accumulable registered as "h283"
G4WT7 > Accumulable registered as "h307"
G4WT2 > Accumulable registered as "h284"
G4WT6 > Accumulable registered as "h512"
G4WT9 > Accumulable registered as "h250"
G4WT1 > Accumulable registered as "h269"
G4WT5 > Accumulable registered as "h343"
G4WT1 > Accumulable registered as "h270"
G4WT8 > Accumulable registered as "h354"
G4WT1 > Accumulable registered as "h271"
G4WT8 > Accumulable registered as "h355"
G4WT1 > Accumulable registered as "h272"
G4WT3 > Accumulable registered as "h310"
G4WT10 > Accumulable registered as "h243"
G4WT2 > Accumulable registered as "h285"
G4WT3 > Accumulable registered as "h311"
G4WT6 > Accumulable registered as "h513"
G4WT9 > Accumulable registered as "h251"
G4WT4 > Accumulable registered as "h269"
G4WT0 > Accumulable registered as "h268"
G4WT11 > Accumulable registered as "h332"
G4WT0 > Accumulable registered as "h269"
G4WT8 > Accumulable registered as "h356"
G4WT0 > Accumulable registered as "h270"
G4WT7 > Accumulable registered as "h308"
G4WT8 > Accumulable registered as "h357"
G4WT3 > Accumulable registered as "h312"
G4WT8 > Accumulable registered as "h358"
G4WT3 > Accumulable registered as "h313"
G4WT9 > Accumulable registered as "h252"
G4WT4 > Accumulable registered as "h270"
G4WT9 > Accumulable registered as "h253"
G4WT1 > Accumulable registered as "h273"
G4WT4 > Accumulable registered as "h271"
G4WT10 > Accumulable registered as "h244"
G4WT1 > Accumulable registered as "h274"
G4WT2 > Accumulable registered as "h286"
G4WT1 > Accumulable registered as "h275"
G4WT10 > Accumulable registered as "h245"
G4WT6 > Accumulable registered as "h514"
G4WT3 > Accumulable registered as "h314"
G4WT11 > Accumulable registered as "h333"
G4WT3 > Accumulable registered as "h315"
G4WT9 > Accumulable registered as "h254"
G4WT4 > Accumulable registered as "h272"
G4WT5 > Accumulable registered as "h344"
G4WT4 > Accumulable registered as "h273"
G4WT7 > Accumulable registered as "h309"
G4WT1 > Accumulable registered as "h276"
G4WT7 > Accumulable registered as "h310"
G4WT2 > Accumulable registered as "h287"
G4WT6 > Accumulable registered as "h515"
G4WT2 > Accumulable registered as "h288"
G4WT0 > Accumulable registered as "h271"
G4WT3 > Accumulable registered as "h316"
G4WT0 > Accumulable registered as "h272"
G4WT9 > Accumulable registered as "h255"
G4WT5 > Accumulable registered as "h345"
G4WT4 > Accumulable registered as "h274"
G4WT8 > Accumulable registered as "h359"
G4WT4 > Accumulable registered as "h275"
G4WT7 > Accumulable registered as "h311"
G4WT11 > Accumulable registered as "h334"
G4WT6 > Accumulable registered as "h516"
G4WT11 > Accumulable registered as "h335"
G4WT6 > Accumulable registered as "h517"
G4WT3 > Accumulable registered as "h317"
G4WT0 > Accumulable registered as "h273"
G4WT9 > Accumulable registered as "h256"
G4WT3 > Accumulable registered as "h318"
G4WT5 > Accumulable registered as "h346"
G4WT3 > Accumulable registered as "h319"
G4WT4 > Accumulable registered as "h276"
G4WT3 > Accumulable registered as "h320"
G4WT7 > Accumulable registered as "h312"
G4WT2 > Accumulable registered as "h289"
G4WT7 > Accumulable registered as "h313"
G4WT6 > Accumulable registered as "h518"
G4WT7 > Accumulable registered as "h314"
G4WT0 > Accumulable registered as "h274"
G4WT7 > Accumulable registered as "h315"
G4WT9 > Accumulable registered as "h257"
G4WT8 > Accumulable registered as "h360"
G4WT3 > Accumulable registered as "h321"
G4WT8 > Accumulable registered as "h361"
G4WT4 > Accumulable registered as "h277"
G4WT10 > Accumulable registered as "h246"
G4WT2 > Accumulable registered as "h290"
G4WT10 > Accumulable registered as "h247"
G4WT6 > Accumulable registered as "h519"
G4WT7 > Accumulable registered as "h316"
G4WT6 > Accumulable registered as "h520"
G4WT7 > Accumulable registered as "h317"
G4WT6 > Accumulable registered as "h521"
G4WT9 > Accumulable registered as "h258"
G4WT8 > Accumulable registered as "h362"
G4WT9 > Accumulable registered as "h259"
G4WT3 > Accumulable registered as "h322"
G4WT9 > Accumulable registered as "h260"
G4WT9 > Accumulable registered as "h261"
G4WT0 > Accumulable registered as "h275"
G4WT5 > Accumulable registered as "h347"
G4WT10 > Accumulable registered as "h248"
G4WT5 > Accumulable registered as "h348"
G4WT7 > Accumulable registered as "h318"
G4WT11 > Accumulable registered as "h336"
G4WT7 > Accumulable registered as "h319"
G4WT11 > Accumulable registered as "h337"
G4WT3 > Accumulable registered as "h323"
G4WT3 > Accumulable registered as "h324"
G4WT1 > Accumulable registered as "h277"
G4WT9 > Accumulable registered as "h262"
G4WT1 > Accumulable registered as "h278"
G4WT0 > Accumulable registered as "h276"
G4WT1 > Accumulable registered as "h279"
G4WT9 > Accumulable registered as "h263"
G4WT6 > Accumulable registered as "h522"
G4WT8 > Accumulable registered as "h363"
G4WT6 > Accumulable registered as "h523"
G4WT8 > Accumulable registered as "h364"
G4WT2 > Accumulable registered as "h291"
G4WT3 > Accumulable registered as "h325"
G4WT2 > Accumulable registered as "h292"
G4WT5 > Accumulable registered as "h349"
G4WT3 > Accumulable registered as "h326"
G4WT1 > Accumulable registered as "h280"
G4WT4 > Accumulable registered as "h278"
G4WT9 > Accumulable registered as "h264"
G4WT4 > Accumulable registered as "h279"
G4WT11 > Accumulable registered as "h338"
G4WT6 > Accumulable registered as "h524"
G4WT11 > Accumulable registered as "h339"
G4WT8 > Accumulable registered as "h365"
G4WT10 > Accumulable registered as "h249"
G4WT2 > Accumulable registered as "h293"
G4WT0 > Accumulable registered as "h277"
G4WT3 > Accumulable registered as "h327"
G4WT2 > Accumulable registered as "h294"
G4WT0 > Accumulable registered as "h278"
G4WT3 > Accumulable registered as "h328"
G4WT9 > Accumulable registered as "h265"
G4WT4 > Accumulable registered as "h280"
G4WT9 > Accumulable registered as "h266"
G4WT8 > Accumulable registered as "h366"
G4WT10 > Accumulable registered as "h250"
G4WT8 > Accumulable registered as "h367"
G4WT10 > Accumulable registered as "h251"
G4WT8 > Accumulable registered as "h368"
G4WT7 > Accumulable registered as "h320"
G4WT0 > Accumulable registered as "h279"
G4WT3 > Accumulable registered as "h329"
G4WT11 > Accumulable registered as "h340"
G4WT3 > Accumulable registered as "h330"
G4WT6 > Accumulable registered as "h525"
G4WT4 > Accumulable registered as "h281"
G4WT9 > Accumulable registered as "h267"
G4WT6 > Accumulable registered as "h526"
G4WT1 > Accumulable registered as "h281"
G4WT6 > Accumulable registered as "h527"
G4WT9 > Accumulable registered as "h268"
G4WT8 > Accumulable registered as "h369"
G4WT9 > Accumulable registered as "h269"
G4WT0 > Accumulable registered as "h280"
G4WT8 > Accumulable registered as "h370"
G4WT11 > Accumulable registered as "h341"
G4WT8 > Accumulable registered as "h371"
G4WT4 > Accumulable registered as "h282"
G4WT10 > Accumulable registered as "h252"
G4WT4 > Accumulable registered as "h283"
G4WT7 > Accumulable registered as "h321"
G4WT3 > Accumulable registered as "h331"
G4WT7 > Accumulable registered as "h322"
G4WT6 > Accumulable registered as "h528"
G4WT9 > Accumulable registered as "h270"
G4WT0 > Accumulable registered as "h281"
G4WT9 > Accumulable registered as "h271"
G4WT11 > Accumulable registered as "h342"
G4WT0 > Accumulable registered as "h282"
G4WT11 > Accumulable registered as "h343"
G4WT0 > Accumulable registered as "h283"
G4WT10 > Accumulable registered as "h253"
G4WT4 > Accumulable registered as "h284"
G4WT7 > Accumulable registered as "h323"
G4WT4 > Accumulable registered as "h285"
G4WT7 > Accumulable registered as "h324"
G4WT4 > Accumulable registered as "h286"
G4WT8 > Accumulable registered as "h372"
G4WT9 > Accumulable registered as "h272"
G4WT2 > Accumulable registered as "h295"
G4WT9 > Accumulable registered as "h273"
G4WT11 > Accumulable registered as "h344"
G4WT0 > Accumulable registered as "h284"
G4WT3 > Accumulable registered as "h332"
G4WT0 > Accumulable registered as "h285"
G4WT3 > Accumulable registered as "h333"
G4WT5 > Accumulable registered as "h350"
G4WT4 > Accumulable registered as "h287"
G4WT1 > Accumulable registered as "h282"
G4WT8 > Accumulable registered as "h373"
G4WT2 > Accumulable registered as "h296"
G4WT9 > Accumulable registered as "h274"
G4WT10 > Accumulable registered as "h254"
G4WT11 > Accumulable registered as "h345"
G4WT10 > Accumulable registered as "h255"
G4WT6 > Accumulable registered as "h529"
G4WT10 > Accumulable registered as "h256"
G4WT7 > Accumulable registered as "h325"
G4WT5 > Accumulable registered as "h351"
G4WT4 > Accumulable registered as "h288"
G4WT5 > Accumulable registered as "h352"
G4WT4 > Accumulable registered as "h289"
G4WT2 > Accumulable registered as "h297"
G4WT5 > Accumulable registered as "h353"
G4WT9 > Accumulable registered as "h275"
G4WT0 > Accumulable registered as "h286"
G4WT11 > Accumulable registered as "h346"
G4WT3 > Accumulable registered as "h334"
G4WT11 > Accumulable registered as "h347"
G4WT6 > Accumulable registered as "h530"
G4WT11 > Accumulable registered as "h348"
G4WT8 > Accumulable registered as "h374"
G4WT4 > Accumulable registered as "h290"
G4WT2 > Accumulable registered as "h298"
G4WT4 > Accumulable registered as "h291"
G4WT5 > Accumulable registered as "h354"
G4WT2 > Accumulable registered as "h299"
G4WT10 > Accumulable registered as "h257"
G4WT5 > Accumulable registered as "h355"
G4WT3 > Accumulable registered as "h335"
G4WT5 > Accumulable registered as "h356"
G4WT6 > Accumulable registered as "h531"
G4WT11 > Accumulable registered as "h349"
G4WT6 > Accumulable registered as "h532"
G4WT8 > Accumulable registered as "h375"
G4WT6 > Accumulable registered as "h533"
G4WT4 > Accumulable registered as "h292"
G4WT2 > Accumulable registered as "h300"
G4WT4 > Accumulable registered as "h293"
G4WT7 > Accumulable registered as "h326"
G4WT1 > Accumulable registered as "h283"
G4WT3 > Accumulable registered as "h336"
G4WT1 > Accumulable registered as "h284"
G4WT5 > Accumulable registered as "h357"
G4WT9 > Accumulable registered as "h276"
G4WT5 > Accumulable registered as "h358"
G4WT6 > Accumulable registered as "h534"
G4WT8 > Accumulable registered as "h376"
G4WT6 > Accumulable registered as "h535"
G4WT10 > Accumulable registered as "h258"
G4WT8 > Accumulable registered as "h377"
G4WT4 > Accumulable registered as "h294"
G4WT8 > Accumulable registered as "h378"
G4WT10 > Accumulable registered as "h259"
G4WT3 > Accumulable registered as "h337"
G4WT0 > Accumulable registered as "h287"
G4WT9 > Accumulable registered as "h277"
G4WT0 > Accumulable registered as "h288"
G4WT5 > Accumulable registered as "h359"
G4WT2 > Accumulable registered as "h301"
G4WT5 > Accumulable registered as "h360"
G4WT7 > Accumulable registered as "h327"
G4WT5 > Accumulable registered as "h361"
G4WT8 > Accumulable registered as "h379"
G4WT11 > Accumulable registered as "h350"
G4WT8 > Accumulable registered as "h380"
G4WT3 > Accumulable registered as "h338"
G4WT0 > Accumulable registered as "h289"
G4WT3 > Accumulable registered as "h339"
G4WT0 > Accumulable registered as "h290"
G4WT3 > Accumulable registered as "h340"
G4WT1 > Accumulable registered as "h285"
G4WT5 > Accumulable registered as "h362"
G4WT1 > Accumulable registered as "h286"
G4WT7 > Accumulable registered as "h328"
G4WT1 > Accumulable registered as "h287"
G4WT10 > Accumulable registered as "h260"
G4WT7 > Accumulable registered as "h329"
G4WT8 > Accumulable registered as "h381"
G4WT7 > Accumulable registered as "h330"
G4WT6 > Accumulable registered as "h536"
G4WT2 > Accumulable registered as "h302"
G4WT6 > Accumulable registered as "h537"
G4WT3 > Accumulable registered as "h341"
G4WT5 > Accumulable registered as "h363"
G4WT11 > Accumulable registered as "h351"
G4WT1 > Accumulable registered as "h288"
G4WT9 > Accumulable registered as "h278"
G4WT1 > Accumulable registered as "h289"
G4WT10 > Accumulable registered as "h261"
G4WT7 > Accumulable registered as "h331"
G4WT10 > Accumulable registered as "h262"
G4WT8 > Accumulable registered as "h382"
G4WT6 > Accumulable registered as "h538"
G4WT4 > Accumulable registered as "h295"
G4WT3 > Accumulable registered as "h342"
G4WT5 > Accumulable registered as "h364"
G4WT3 > Accumulable registered as "h343"
G4WT11 > Accumulable registered as "h352"
G4WT3 > Accumulable registered as "h344"
G4WT9 > Accumulable registered as "h279"
G4WT11 > Accumulable registered as "h353"
G4WT7 > Accumulable registered as "h332"
G4WT8 > Accumulable registered as "h383"
G4WT2 > Accumulable registered as "h303"
G4WT8 > Accumulable registered as "h384"
G4WT2 > Accumulable registered as "h304"
G4WT4 > Accumulable registered as "h296"
G4WT5 > Accumulable registered as "h365"
G4WT4 > Accumulable registered as "h297"
G4WT1 > Accumulable registered as "h290"
G4WT3 > Accumulable registered as "h345"
G4WT10 > Accumulable registered as "h263"
G4WT5 > Accumulable registered as "h366"
G4WT3 > Accumulable registered as "h346"
G4WT7 > Accumulable registered as "h333"
G4WT8 > Accumulable registered as "h385"
G4WT7 > Accumulable registered as "h334"
G4WT2 > Accumulable registered as "h305"
G4WT8 > Accumulable registered as "h386"
G4WT0 > Accumulable registered as "h291"
G4WT1 > Accumulable registered as "h291"
G4WT9 > Accumulable registered as "h280"
G4WT6 > Accumulable registered as "h539"
G4WT9 > Accumulable registered as "h281"
G4WT5 > Accumulable registered as "h367"
G4WT9 > Accumulable registered as "h282"
G4WT5 > Accumulable registered as "h368"
G4WT9 > Accumulable registered as "h283"
G4WT5 > Accumulable registered as "h369"
G4WT9 > Accumulable registered as "h284"
G4WT8 > Accumulable registered as "h387"
G4WT9 > Accumulable registered as "h285"
G4WT2 > Accumulable registered as "h306"
G4WT8 > Accumulable registered as "h388"
G4WT6 > Accumulable registered as "h540"
G4WT2 > Accumulable registered as "h307"
G4WT6 > Accumulable registered as "h541"
G4WT11 > Accumulable registered as "h354"
G4WT5 > Accumulable registered as "h370"
G4WT11 > Accumulable registered as "h355"
G4WT1 > Accumulable registered as "h292"
G4WT5 > Accumulable registered as "h371"
G4WT9 > Accumulable registered as "h286"
G4WT5 > Accumulable registered as "h372"
G4WT7 > Accumulable registered as "h335"
G4WT5 > Accumulable registered as "h373"
G4WT4 > Accumulable registered as "h298"
G4WT5 > Accumulable registered as "h374"
G4WT6 > Accumulable registered as "h542"
G4WT4 > Accumulable registered as "h299"
G4WT5 > Accumulable registered as "h375"
G4WT4 > Accumulable registered as "h300"
G4WT4 > Accumulable registered as "h301"
G4WT9 > Accumulable registered as "h287"
G4WT2 > Accumulable registered as "h308"
G4WT9 > Accumulable registered as "h288"
G4WT7 > Accumulable registered as "h336"
G4WT9 > Accumulable registered as "h289"
G4WT10 > Accumulable registered as "h264"
G4WT7 > Accumulable registered as "h337"
G4WT10 > Accumulable registered as "h265"
G4WT3 > Accumulable registered as "h347"
G4WT10 > Accumulable registered as "h266"
G4WT8 > Accumulable registered as "h389"
G4WT2 > Accumulable registered as "h309"
G4WT8 > Accumulable registered as "h390"
G4WT11 > Accumulable registered as "h356"
G4WT1 > Accumulable registered as "h293"
G4WT9 > Accumulable registered as "h290"
G4WT11 > Accumulable registered as "h357"
G4WT1 > Accumulable registered as "h294"
G4WT5 > Accumulable registered as "h376"
G4WT10 > Accumulable registered as "h267"
G4WT5 > Accumulable registered as "h377"
G4WT3 > Accumulable registered as "h348"
G4WT5 > Accumulable registered as "h378"
G4WT6 > Accumulable registered as "h543"
G4WT7 > Accumulable registered as "h338"
G4WT11 > Accumulable registered as "h358"
G4WT4 > Accumulable registered as "h302"
G4WT9 > Accumulable registered as "h291"
G4WT4 > Accumulable registered as "h303"
G4WT1 > Accumulable registered as "h295"
G4WT8 > Accumulable registered as "h391"
G4WT10 > Accumulable registered as "h268"
G4WT1 > Accumulable registered as "h296"
G4WT8 > Accumulable registered as "h392"
G4WT1 > Accumulable registered as "h297"
G4WT6 > Accumulable registered as "h544"
G4WT7 > Accumulable registered as "h339"
G4WT7 > Accumulable registered as "h340"
G4WT4 > Accumulable registered as "h304"
G4WT11 > Accumulable registered as "h359"
G4WT4 > Accumulable registered as "h305"
G4WT2 > Accumulable registered as "h310"
G4WT11 > Accumulable registered as "h360"
G4WT8 > Accumulable registered as "h393"
G4WT2 > Accumulable registered as "h311"
G4WT1 > Accumulable registered as "h298"
G4WT6 > Accumulable registered as "h545"
G4WT9 > Accumulable registered as "h292"
G4WT6 > Accumulable registered as "h546"
G4WT4 > Accumulable registered as "h306"
G4WT3 > Accumulable registered as "h349"
G4WT11 > Accumulable registered as "h361"
G4WT2 > Accumulable registered as "h312"
G4WT11 > Accumulable registered as "h362"
G4WT2 > Accumulable registered as "h313"
G4WT11 > Accumulable registered as "h363"
G4WT1 > Accumulable registered as "h299"
G4WT2 > Accumulable registered as "h314"
G4WT6 > Accumulable registered as "h547"
G4WT2 > Accumulable registered as "h315"
G4WT4 > Accumulable registered as "h307"
G4WT6 > Accumulable registered as "h548"
G4WT2 > Accumulable registered as "h316"
G4WT7 > Accumulable registered as "h341"
G4WT11 > Accumulable registered as "h364"
G4WT9 > Accumulable registered as "h293"
G4WT1 > Accumulable registered as "h300"
G4WT9 > Accumulable registered as "h294"
G4WT1 > Accumulable registered as "h301"
G4WT8 > Accumulable registered as "h394"
G4WT1 > Accumulable registered as "h302"
G4WT4 > Accumulable registered as "h308"
G4WT8 > Accumulable registered as "h395"
G4WT7 > Accumulable registered as "h342"
G4WT11 > Accumulable registered as "h365"
G4WT7 > Accumulable registered as "h343"
G4WT3 > Accumulable registered as "h350"
G4WT3 > Accumulable registered as "h351"
G4WT2 > Accumulable registered as "h317"
G4WT1 > Accumulable registered as "h303"
G4WT8 > Accumulable registered as "h396"
G4WT4 > Accumulable registered as "h309"
G4WT8 > Accumulable registered as "h397"
G4WT9 > Accumulable registered as "h295"
G4WT7 > Accumulable registered as "h344"
G4WT9 > Accumulable registered as "h296"
G4WT11 > Accumulable registered as "h366"
G4WT7 > Accumulable registered as "h345"
G4WT6 > Accumulable registered as "h549"
G4WT1 > Accumulable registered as "h304"
G4WT6 > Accumulable registered as "h550"
G4WT8 > Accumulable registered as "h398"
G4WT4 > Accumulable registered as "h310"
G4WT3 > Accumulable registered as "h352"
G4WT4 > Accumulable registered as "h311"
G4WT9 > Accumulable registered as "h297"
G4WT4 > Accumulable registered as "h312"
G4WT7 > Accumulable registered as "h346"
G4WT11 > Accumulable registered as "h367"
G4WT7 > Accumulable registered as "h347"
G4WT8 > Accumulable registered as "h399"
G4WT2 > Accumulable registered as "h318"
G4WT3 > Accumulable registered as "h353"
G4WT2 > Accumulable registered as "h319"
G4WT9 > Accumulable registered as "h298"
G4WT4 > Accumulable registered as "h313"
G4WT9 > Accumulable registered as "h299"
G4WT6 > Accumulable registered as "h551"
G4WT9 > Accumulable registered as "h300"
G4WT11 > Accumulable registered as "h368"
G4WT8 > Accumulable registered as "h400"
G4WT0 > Accumulable registered as "h292"
G4WT8 > Accumulable registered as "h401"
G4WT2 > Accumulable registered as "h320"
G4WT8 > Accumulable registered as "h402"
G4WT0 > Accumulable registered as "h293"
G4WT7 > Accumulable registered as "h348"
G4WT9 > Accumulable registered as "h301"
G4WT7 > Accumulable registered as "h349"
G4WT6 > Accumulable registered as "h552"
G4WT11 > Accumulable registered as "h369"
G4WT3 > Accumulable registered as "h354"
G4WT1 > Accumulable registered as "h305"
G4WT4 > Accumulable registered as "h314"
G4WT5 > Accumulable registered as "h379"
G4WT4 > Accumulable registered as "h315"
G4WT5 > Accumulable registered as "h380"
G4WT4 > Accumulable registered as "h316"
G4WT5 > Accumulable registered as "h381"
G4WT6 > Accumulable registered as "h553"
G4WT5 > Accumulable registered as "h382"
G4WT11 > Accumulable registered as "h370"
G4WT1 > Accumulable registered as "h306"
G4WT11 > Accumulable registered as "h371"
G4WT8 > Accumulable registered as "h403"
G4WT0 > Accumulable registered as "h294"
G4WT2 > Accumulable registered as "h321"
G4WT0 > Accumulable registered as "h295"
G4WT7 > Accumulable registered as "h350"
G4WT2 > Accumulable registered as "h322"
G4WT3 > Accumulable registered as "h355"
G4WT7 > Accumulable registered as "h351"
G4WT5 > Accumulable registered as "h383"
G4WT1 > Accumulable registered as "h307"
G4WT5 > Accumulable registered as "h384"
G4WT1 > Accumulable registered as "h308"
G4WT8 > Accumulable registered as "h404"
G4WT1 > Accumulable registered as "h309"
G4WT6 > Accumulable registered as "h554"
G4WT4 > Accumulable registered as "h317"
G4WT7 > Accumulable registered as "h352"
G4WT3 > Accumulable registered as "h356"
G4WT7 > Accumulable registered as "h353"
G4WT11 > Accumulable registered as "h372"
G4WT7 > Accumulable registered as "h354"
G4WT5 > Accumulable registered as "h385"
G4WT7 > Accumulable registered as "h355"
G4WT2 > Accumulable registered as "h323"
G4WT8 > Accumulable registered as "h405"
G4WT6 > Accumulable registered as "h555"
G4WT2 > Accumulable registered as "h324"
G4WT6 > Accumulable registered as "h556"
G4WT3 > Accumulable registered as "h357"
G4WT0 > Accumulable registered as "h296"
G4WT11 > Accumulable registered as "h373"
G4WT0 > Accumulable registered as "h297"
G4WT1 > Accumulable registered as "h310"
G4WT0 > Accumulable registered as "h298"
G4WT5 > Accumulable registered as "h386"
G4WT1 > Accumulable registered as "h311"
G4WT4 > Accumulable registered as "h318"
G4WT1 > Accumulable registered as "h312"
G4WT2 > Accumulable registered as "h325"
G4WT1 > Accumulable registered as "h313"
G4WT3 > Accumulable registered as "h358"
G4WT2 > Accumulable registered as "h326"
G4WT1 > Accumulable registered as "h314"
G4WT8 > Accumulable registered as "h406"
G4WT5 > Accumulable registered as "h387"
G4WT5 > Accumulable registered as "h388"
G4WT9 > Accumulable registered as "h302"
G4WT6 > Accumulable registered as "h557"
G4WT4 > Accumulable registered as "h319"
G4WT7 > Accumulable registered as "h356"
G4WT4 > Accumulable registered as "h320"
G4WT10 > Accumulable registered as "h269"
G4WT0 > Accumulable registered as "h299"
G4WT1 > Accumulable registered as "h315"
G4WT8 > Accumulable registered as "h407"
G4WT5 > Accumulable registered as "h389"
G4WT9 > Accumulable registered as "h303"
G4WT5 > Accumulable registered as "h390"
G4WT11 > Accumulable registered as "h374"
G4WT5 > Accumulable registered as "h391"
G4WT3 > Accumulable registered as "h359"
G4WT11 > Accumulable registered as "h375"
G4WT2 > Accumulable registered as "h327"
G4WT10 > Accumulable registered as "h270"
G4WT2 > Accumulable registered as "h328"
G4WT10 > Accumulable registered as "h271"
G4WT2 > Accumulable registered as "h329"
G4WT10 > Accumulable registered as "h272"
G4WT2 > Accumulable registered as "h330"
G4WT10 > Accumulable registered as "h273"
G4WT10 > Accumulable registered as "h274"
G4WT4 > Accumulable registered as "h321"
G4WT3 > Accumulable registered as "h360"
G4WT4 > Accumulable registered as "h322"
G4WT3 > Accumulable registered as "h361"
G4WT4 > Accumulable registered as "h323"
G4WT8 > Accumulable registered as "h408"
G4WT1 > Accumulable registered as "h316"
G4WT8 > Accumulable registered as "h409"
G4WT7 > Accumulable registered as "h357"
G4WT2 > Accumulable registered as "h331"
G4WT7 > Accumulable registered as "h358"
G4WT5 > Accumulable registered as "h392"
G4WT11 > Accumulable registered as "h376"
G4WT0 > Accumulable registered as "h300"
G4WT3 > Accumulable registered as "h362"
G4WT4 > Accumulable registered as "h324"
G4WT6 > Accumulable registered as "h558"
G4WT9 > Accumulable registered as "h304"
G4WT6 > Accumulable registered as "h559"
G4WT1 > Accumulable registered as "h317"
G4WT6 > Accumulable registered as "h560"
G4WT10 > Accumulable registered as "h275"
G4WT1 > Accumulable registered as "h318"
G4WT2 > Accumulable registered as "h332"
G4WT10 > Accumulable registered as "h276"
G4WT11 > Accumulable registered as "h377"
G4WT10 > Accumulable registered as "h277"
G4WT3 > Accumulable registered as "h363"
G4WT10 > Accumulable registered as "h278"
G4WT8 > Accumulable registered as "h410"
G4WT7 > Accumulable registered as "h359"
G4WT8 > Accumulable registered as "h411"
G4WT6 > Accumulable registered as "h561"
G4WT7 > Accumulable registered as "h360"
G4WT1 > Accumulable registered as "h319"
G4WT0 > Accumulable registered as "h301"
G4WT2 > Accumulable registered as "h333"
G4WT4 > Accumulable registered as "h325"
G4WT11 > Accumulable registered as "h378"
G4WT0 > Accumulable registered as "h302"
G4WT3 > Accumulable registered as "h364"
G4WT0 > Accumulable registered as "h303"
G4WT5 > Accumulable registered as "h393"
G4WT0 > Accumulable registered as "h304"
G4WT7 > Accumulable registered as "h361"
G4WT0 > Accumulable registered as "h305"
G4WT1 > Accumulable registered as "h320"
G4WT9 > Accumulable registered as "h305"
G4WT7 > Accumulable registered as "h362"
G4WT0 > Accumulable registered as "h306"
G4WT1 > Accumulable registered as "h321"
G4WT11 > Accumulable registered as "h379"
G4WT0 > Accumulable registered as "h307"
G4WT1 > Accumulable registered as "h322"
G4WT6 > Accumulable registered as "h562"
G4WT2 > Accumulable registered as "h334"
G4WT4 > Accumulable registered as "h326"
G4WT7 > Accumulable registered as "h363"
G4WT4 > Accumulable registered as "h327"
G4WT7 > Accumulable registered as "h364"
G4WT7 > Accumulable registered as "h365"
G4WT3 > Accumulable registered as "h365"
G4WT5 > Accumulable registered as "h394"
G4WT11 > Accumulable registered as "h380"
G4WT5 > Accumulable registered as "h395"
G4WT0 > Accumulable registered as "h308"
G4WT5 > Accumulable registered as "h396"
G4WT6 > Accumulable registered as "h563"
G4WT5 > Accumulable registered as "h397"
G4WT9 > Accumulable registered as "h306"
G4WT4 > Accumulable registered as "h328"
G4WT9 > Accumulable registered as "h307"
G4WT8 > Accumulable registered as "h412"
G4WT3 > Accumulable registered as "h366"
G4WT8 > Accumulable registered as "h413"
G4WT1 > Accumulable registered as "h323"
G4WT11 > Accumulable registered as "h381"
G4WT1 > Accumulable registered as "h324"
G4WT11 > Accumulable registered as "h382"
G4WT5 > Accumulable registered as "h398"
G4WT6 > Accumulable registered as "h564"
G4WT7 > Accumulable registered as "h366"
G4WT4 > Accumulable registered as "h329"
G4WT9 > Accumulable registered as "h308"
G4WT4 > Accumulable registered as "h330"
G4WT8 > Accumulable registered as "h414"
G4WT3 > Accumulable registered as "h367"
G4WT9 > Accumulable registered as "h309"
G4WT3 > Accumulable registered as "h368"
G4WT10 > Accumulable registered as "h279"
G4WT1 > Accumulable registered as "h325"
G4WT11 > Accumulable registered as "h383"
G4WT5 > Accumulable registered as "h399"
G4WT1 > Accumulable registered as "h326"
G4WT11 > Accumulable registered as "h384"
G4WT4 > Accumulable registered as "h331"
G4WT1 > Accumulable registered as "h327"
G4WT11 > Accumulable registered as "h385"
G4WT8 > Accumulable registered as "h415"
G4WT1 > Accumulable registered as "h328"
G4WT10 > Accumulable registered as "h280"
G4WT6 > Accumulable registered as "h565"
G4WT10 > Accumulable registered as "h281"
G4WT7 > Accumulable registered as "h367"
G4WT10 > Accumulable registered as "h282"
G4WT0 > Accumulable registered as "h309"
G4WT4 > Accumulable registered as "h332"
G4WT0 > Accumulable registered as "h310"
G4WT9 > Accumulable registered as "h310"
G4WT3 > Accumulable registered as "h369"
G4WT9 > Accumulable registered as "h311"
G4WT8 > Accumulable registered as "h416"
G4WT3 > Accumulable registered as "h370"
G4WT5 > Accumulable registered as "h400"
G4WT8 > Accumulable registered as "h417"
G4WT10 > Accumulable registered as "h283"
G4WT5 > Accumulable registered as "h401"
G4WT11 > Accumulable registered as "h386"
G4WT2 > Accumulable registered as "h335"
G4WT11 > Accumulable registered as "h387"
G4WT2 > Accumulable registered as "h336"
G4WT11 > Accumulable registered as "h388"
G4WT9 > Accumulable registered as "h312"
G4WT3 > Accumulable registered as "h371"
G4WT9 > Accumulable registered as "h313"
G4WT3 > Accumulable registered as "h372"
G4WT5 > Accumulable registered as "h402"
G4WT9 > Accumulable registered as "h314"
G4WT10 > Accumulable registered as "h284"
G4WT0 > Accumulable registered as "h311"
G4WT4 > Accumulable registered as "h333"
G4WT0 > Accumulable registered as "h312"
G4WT2 > Accumulable registered as "h337"
G4WT6 > Accumulable registered as "h566"
G4WT2 > Accumulable registered as "h338"
G4WT7 > Accumulable registered as "h368"
G4WT8 > Accumulable registered as "h418"
G4WT3 > Accumulable registered as "h373"
G4WT8 > Accumulable registered as "h419"
G4WT9 > Accumulable registered as "h315"
G4WT10 > Accumulable registered as "h285"
G4WT9 > Accumulable registered as "h316"
G4WT4 > Accumulable registered as "h334"
G4WT10 > Accumulable registered as "h286"
G4WT0 > Accumulable registered as "h313"
G4WT6 > Accumulable registered as "h567"
G4WT5 > Accumulable registered as "h403"
G4WT6 > Accumulable registered as "h568"
G4WT7 > Accumulable registered as "h369"
G4WT8 > Accumulable registered as "h420"
G4WT7 > Accumulable registered as "h370"
G4WT3 > Accumulable registered as "h374"
G4WT9 > Accumulable registered as "h317"
G4WT2 > Accumulable registered as "h339"
G4WT4 > Accumulable registered as "h335"
G4WT10 > Accumulable registered as "h287"
G4WT0 > Accumulable registered as "h314"
G4WT10 > Accumulable registered as "h288"
G4WT5 > Accumulable registered as "h404"
G4WT10 > Accumulable registered as "h289"
G4WT1 > Accumulable registered as "h329"
G4WT7 > Accumulable registered as "h371"
G4WT1 > Accumulable registered as "h330"
G4WT7 > Accumulable registered as "h372"
G4WT3 > Accumulable registered as "h375"
G4WT2 > Accumulable registered as "h340"
G4WT3 > Accumulable registered as "h376"
G4WT4 > Accumulable registered as "h336"
G4WT3 > Accumulable registered as "h377"
G4WT0 > Accumulable registered as "h315"
G4WT4 > Accumulable registered as "h337"
G4WT10 > Accumulable registered as "h290"
G4WT8 > Accumulable registered as "h421"
G4WT1 > Accumulable registered as "h331"
G4WT8 > Accumulable registered as "h422"
G4WT9 > Accumulable registered as "h318"
G4WT1 > Accumulable registered as "h332"
G4WT6 > Accumulable registered as "h569"
G4WT3 > Accumulable registered as "h378"
G4WT6 > Accumulable registered as "h570"
G4WT3 > Accumulable registered as "h379"
G4WT11 > Accumulable registered as "h389"
G4WT0 > Accumulable registered as "h316"
G4WT11 > Accumulable registered as "h390"
G4WT10 > Accumulable registered as "h291"
G4WT7 > Accumulable registered as "h373"
G4WT8 > Accumulable registered as "h423"
G4WT1 > Accumulable registered as "h333"
G4WT7 > Accumulable registered as "h374"
G4WT8 > Accumulable registered as "h424"
G4WT5 > Accumulable registered as "h405"
G4WT8 > Accumulable registered as "h425"
G4WT4 > Accumulable registered as "h338"
G4WT8 > Accumulable registered as "h426"
G4WT0 > Accumulable registered as "h317"
G4WT2 > Accumulable registered as "h341"
G4WT10 > Accumulable registered as "h292"
G4WT2 > Accumulable registered as "h342"
G4WT10 > Accumulable registered as "h293"
G4WT7 > Accumulable registered as "h375"
G4WT10 > Accumulable registered as "h294"
G4WT6 > Accumulable registered as "h571"
G4WT5 > Accumulable registered as "h406"
G4WT6 > Accumulable registered as "h572"
G4WT11 > Accumulable registered as "h391"
G4WT0 > Accumulable registered as "h318"
G4WT4 > Accumulable registered as "h339"
G4WT9 > Accumulable registered as "h319"
G4WT2 > Accumulable registered as "h343"
G4WT9 > Accumulable registered as "h320"
G4WT1 > Accumulable registered as "h334"
G4WT9 > Accumulable registered as "h321"
G4WT10 > Accumulable registered as "h295"
G4WT9 > Accumulable registered as "h322"
G4WT8 > Accumulable registered as "h427"
G4WT9 > Accumulable registered as "h323"
G4WT6 > Accumulable registered as "h573"
G4WT8 > Accumulable registered as "h428"
G4WT0 > Accumulable registered as "h319"
G4WT8 > Accumulable registered as "h429"
G4WT3 > Accumulable registered as "h380"
G4WT7 > Accumulable registered as "h376"
G4WT1 > Accumulable registered as "h335"
G4WT7 > Accumulable registered as "h377"
G4WT5 > Accumulable registered as "h407"
G4WT7 > Accumulable registered as "h378"
G4WT11 > Accumulable registered as "h392"
G4WT7 > Accumulable registered as "h379"
G4WT4 > Accumulable registered as "h340"
G4WT6 > Accumulable registered as "h574"
G4WT4 > Accumulable registered as "h341"
G4WT8 > Accumulable registered as "h430"
G4WT3 > Accumulable registered as "h381"
G4WT10 > Accumulable registered as "h296"
G4WT1 > Accumulable registered as "h336"
G4WT10 > Accumulable registered as "h297"
G4WT1 > Accumulable registered as "h337"
G4WT10 > Accumulable registered as "h298"
G4WT11 > Accumulable registered as "h393"
G4WT7 > Accumulable registered as "h380"
G4WT11 > Accumulable registered as "h394"
G4WT7 > Accumulable registered as "h381"
G4WT4 > Accumulable registered as "h342"
G4WT8 > Accumulable registered as "h431"
G4WT3 > Accumulable registered as "h382"
G4WT9 > Accumulable registered as "h324"
G4WT5 > Accumulable registered as "h408"
G4WT1 > Accumulable registered as "h338"
G4WT10 > Accumulable registered as "h299"
G4WT1 > Accumulable registered as "h339"
G4WT0 > Accumulable registered as "h320"
G4WT6 > Accumulable registered as "h575"
G4WT11 > Accumulable registered as "h395"
G4WT7 > Accumulable registered as "h382"
G4WT4 > Accumulable registered as "h343"
G4WT8 > Accumulable registered as "h432"
G4WT4 > Accumulable registered as "h344"
G4WT3 > Accumulable registered as "h383"
G4WT8 > Accumulable registered as "h433"
G4WT5 > Accumulable registered as "h409"
G4WT8 > Accumulable registered as "h434"
G4WT2 > Accumulable registered as "h344"
G4WT10 > Accumulable registered as "h300"
G4WT2 > Accumulable registered as "h345"
G4WT6 > Accumulable registered as "h576"
G4WT2 > Accumulable registered as "h346"
G4WT10 > Accumulable registered as "h301"
G4WT2 > Accumulable registered as "h347"
G4WT4 > Accumulable registered as "h345"
G4WT1 > Accumulable registered as "h340"
G4WT4 > Accumulable registered as "h346"
G4WT5 > Accumulable registered as "h410"
G4WT4 > Accumulable registered as "h347"
G4WT0 > Accumulable registered as "h321"
G4WT5 > Accumulable registered as "h411"
G4WT7 > Accumulable registered as "h383"
G4WT5 > Accumulable registered as "h412"
G4WT7 > Accumulable registered as "h384"
G4WT10 > Accumulable registered as "h302"
G4WT3 > Accumulable registered as "h384"
G4WT2 > Accumulable registered as "h348"
G4WT3 > Accumulable registered as "h385"
G4WT2 > Accumulable registered as "h349"
G4WT11 > Accumulable registered as "h396"
G4WT9 > Accumulable registered as "h325"
G4WT0 > Accumulable registered as "h322"
G4WT9 > Accumulable registered as "h326"
G4WT6 > Accumulable registered as "h577"
G4WT5 > Accumulable registered as "h413"
G4WT6 > Accumulable registered as "h578"
G4WT8 > Accumulable registered as "h435"
G4WT1 > Accumulable registered as "h341"
G4WT8 > Accumulable registered as "h436"
G4WT3 > Accumulable registered as "h386"
G4WT4 > Accumulable registered as "h348"
G4WT2 > Accumulable registered as "h350"
G4WT4 > Accumulable registered as "h349"
G4WT7 > Accumulable registered as "h385"
G4WT9 > Accumulable registered as "h327"
G4WT0 > Accumulable registered as "h323"
G4WT7 > Accumulable registered as "h386"
G4WT10 > Accumulable registered as "h303"
G4WT7 > Accumulable registered as "h387"
G4WT1 > Accumulable registered as "h342"
G4WT10 > Accumulable registered as "h304"
G4WT11 > Accumulable registered as "h397"
G4WT10 > Accumulable registered as "h305"
G4WT2 > Accumulable registered as "h351"
G4WT5 > Accumulable registered as "h414"
G4WT6 > Accumulable registered as "h579"
G4WT9 > Accumulable registered as "h328"
G4WT6 > Accumulable registered as "h580"
G4WT8 > Accumulable registered as "h437"
G4WT9 > Accumulable registered as "h329"
G4WT0 > Accumulable registered as "h324"
G4WT8 > Accumulable registered as "h438"
G4WT1 > Accumulable registered as "h343"
G4WT0 > Accumulable registered as "h325"
G4WT1 > Accumulable registered as "h344"
G4WT2 > Accumulable registered as "h352"
G4WT5 > Accumulable registered as "h415"
G4WT7 > Accumulable registered as "h388"
G4WT6 > Accumulable registered as "h581"
G4WT7 > Accumulable registered as "h389"
G4WT3 > Accumulable registered as "h387"
G4WT7 > Accumulable registered as "h390"
G4WT4 > Accumulable registered as "h350"
G4WT10 > Accumulable registered as "h306"
G4WT11 > Accumulable registered as "h398"
G4WT0 > Accumulable registered as "h326"
G4WT1 > Accumulable registered as "h345"
G4WT0 > Accumulable registered as "h327"
G4WT2 > Accumulable registered as "h353"
G4WT5 > Accumulable registered as "h416"
G4WT9 > Accumulable registered as "h330"
G4WT8 > Accumulable registered as "h439"
G4WT9 > Accumulable registered as "h331"
G4WT8 > Accumulable registered as "h440"
G4WT9 > Accumulable registered as "h332"
G4WT10 > Accumulable registered as "h307"
G4WT9 > Accumulable registered as "h333"
G4WT10 > Accumulable registered as "h308"
G4WT9 > Accumulable registered as "h334"
G4WT0 > Accumulable registered as "h328"
G4WT2 > Accumulable registered as "h354"
G4WT0 > Accumulable registered as "h329"
G4WT5 > Accumulable registered as "h417"
G4WT2 > Accumulable registered as "h355"
G4WT3 > Accumulable registered as "h388"
G4WT5 > Accumulable registered as "h418"
G4WT8 > Accumulable registered as "h441"
G4WT5 > Accumulable registered as "h419"
G4WT1 > Accumulable registered as "h346"
G4WT5 > Accumulable registered as "h420"
G4WT6 > Accumulable registered as "h582"
G4WT1 > Accumulable registered as "h347"
G4WT7 > Accumulable registered as "h391"
G4WT4 > Accumulable registered as "h351"
G4WT2 > Accumulable registered as "h356"
G4WT4 > Accumulable registered as "h352"
G4WT11 > Accumulable registered as "h399"
G4WT2 > Accumulable registered as "h357"
G4WT10 > Accumulable registered as "h309"
G4WT2 > Accumulable registered as "h358"
G4WT9 > Accumulable registered as "h335"
G4WT0 > Accumulable registered as "h330"
G4WT9 > Accumulable registered as "h336"
G4WT1 > Accumulable registered as "h348"
G4WT9 > Accumulable registered as "h337"
G4WT3 > Accumulable registered as "h389"
G4WT4 > Accumulable registered as "h353"
G4WT8 > Accumulable registered as "h442"
G4WT4 > Accumulable registered as "h354"
G4WT8 > Accumulable registered as "h443"
G4WT4 > Accumulable registered as "h355"
G4WT2 > Accumulable registered as "h359"
G4WT10 > Accumulable registered as "h310"
G4WT2 > Accumulable registered as "h360"
G4WT2 > Accumulable registered as "h361"
G4WT2 > Accumulable registered as "h362"
G4WT1 > Accumulable registered as "h349"
G4WT9 > Accumulable registered as "h338"
G4WT3 > Accumulable registered as "h390"
G4WT1 > Accumulable registered as "h350"
G4WT9 > Accumulable registered as "h339"
G4WT8 > Accumulable registered as "h444"
G4WT6 > Accumulable registered as "h583"
G4WT0 > Accumulable registered as "h331"
G4WT7 > Accumulable registered as "h392"
G4WT0 > Accumulable registered as "h332"
G4WT2 > Accumulable registered as "h363"
G4WT11 > Accumulable registered as "h400"
G4WT5 > Accumulable registered as "h421"
G4WT11 > Accumulable registered as "h401"
G4WT4 > Accumulable registered as "h356"
G4WT9 > Accumulable registered as "h340"
G4WT4 > Accumulable registered as "h357"
G4WT1 > Accumulable registered as "h351"
G4WT4 > Accumulable registered as "h358"
G4WT6 > Accumulable registered as "h584"
G4WT7 > Accumulable registered as "h393"
G4WT6 > Accumulable registered as "h585"
G4WT0 > Accumulable registered as "h333"
G4WT6 > Accumulable registered as "h586"
G4WT3 > Accumulable registered as "h391"
G4WT0 > Accumulable registered as "h334"
G4WT5 > Accumulable registered as "h422"
G4WT3 > Accumulable registered as "h392"
G4WT9 > Accumulable registered as "h341"
G4WT5 > Accumulable registered as "h423"
G4WT4 > Accumulable registered as "h359"
G4WT2 > Accumulable registered as "h364"
G4WT4 > Accumulable registered as "h360"
G4WT7 > Accumulable registered as "h394"
G4WT4 > Accumulable registered as "h361"
G4WT6 > Accumulable registered as "h587"
G4WT0 > Accumulable registered as "h335"
G4WT10 > Accumulable registered as "h311"
G4WT0 > Accumulable registered as "h336"
G4WT3 > Accumulable registered as "h393"
G4WT1 > Accumulable registered as "h352"
G4WT3 > Accumulable registered as "h394"
G4WT5 > Accumulable registered as "h424"
G4WT2 > Accumulable registered as "h365"
G4WT5 > Accumulable registered as "h425"
G4WT4 > Accumulable registered as "h362"
G4WT2 > Accumulable registered as "h366"
G4WT7 > Accumulable registered as "h395"
G4WT10 > Accumulable registered as "h312"
G4WT0 > Accumulable registered as "h337"
G4WT9 > Accumulable registered as "h342"
G4WT0 > Accumulable registered as "h338"
G4WT11 > Accumulable registered as "h402"
G4WT9 > Accumulable registered as "h343"
G4WT3 > Accumulable registered as "h395"
G4WT8 > Accumulable registered as "h445"
G4WT6 > Accumulable registered as "h588"
G4WT8 > Accumulable registered as "h446"
G4WT2 > Accumulable registered as "h367"
G4WT8 > Accumulable registered as "h447"
G4WT7 > Accumulable registered as "h396"
G4WT1 > Accumulable registered as "h353"
G4WT0 > Accumulable registered as "h339"
G4WT9 > Accumulable registered as "h344"
G4WT11 > Accumulable registered as "h403"
G4WT9 > Accumulable registered as "h345"
G4WT5 > Accumulable registered as "h426"
G4WT9 > Accumulable registered as "h346"
G4WT6 > Accumulable registered as "h589"
G4WT10 > Accumulable registered as "h313"
G4WT6 > Accumulable registered as "h590"
G4WT2 > Accumulable registered as "h368"
G4WT8 > Accumulable registered as "h448"
G4WT2 > Accumulable registered as "h369"
G4WT0 > Accumulable registered as "h340"
G4WT3 > Accumulable registered as "h396"
G4WT11 > Accumulable registered as "h404"
G4WT4 > Accumulable registered as "h363"
G4WT5 > Accumulable registered as "h427"
G4WT9 > Accumulable registered as "h347"
G4WT5 > Accumulable registered as "h428"
G4WT9 > Accumulable registered as "h348"
G4WT7 > Accumulable registered as "h397"
G4WT1 > Accumulable registered as "h354"
G4WT7 > Accumulable registered as "h398"
G4WT8 > Accumulable registered as "h449"
G4WT2 > Accumulable registered as "h370"
G4WT0 > Accumulable registered as "h341"
G4WT2 > Accumulable registered as "h371"
G4WT11 > Accumulable registered as "h405"
G4WT4 > Accumulable registered as "h364"
G4WT0 > Accumulable registered as "h342"
G4WT6 > Accumulable registered as "h591"
G4WT4 > Accumulable registered as "h365"
G4WT9 > Accumulable registered as "h349"
G4WT4 > Accumulable registered as "h366"
G4WT1 > Accumulable registered as "h355"
G4WT4 > Accumulable registered as "h367"
G4WT9 > Accumulable registered as "h350"
G4WT2 > Accumulable registered as "h372"
G4WT11 > Accumulable registered as "h406"
G4WT2 > Accumulable registered as "h373"
G4WT0 > Accumulable registered as "h343"
G4WT2 > Accumulable registered as "h374"
G4WT7 > Accumulable registered as "h399"
G4WT6 > Accumulable registered as "h592"
G4WT3 > Accumulable registered as "h397"
G4WT1 > Accumulable registered as "h356"
G4WT3 > Accumulable registered as "h398"
G4WT4 > Accumulable registered as "h368"
G4WT10 > Accumulable registered as "h314"
G4WT4 > Accumulable registered as "h369"
G4WT5 > Accumulable registered as "h429"
G4WT0 > Accumulable registered as "h344"
G4WT5 > Accumulable registered as "h430"
G4WT7 > Accumulable registered as "h400"
G4WT8 > Accumulable registered as "h450"
G4WT7 > Accumulable registered as "h401"
G4WT6 > Accumulable registered as "h593"
G4WT1 > Accumulable registered as "h357"
G4WT6 > Accumulable registered as "h594"
G4WT9 > Accumulable registered as "h351"
G4WT11 > Accumulable registered as "h407"
G4WT9 > Accumulable registered as "h352"
G4WT10 > Accumulable registered as "h315"
G4WT2 > Accumulable registered as "h375"
G4WT0 > Accumulable registered as "h345"
G4WT2 > Accumulable registered as "h376"
G4WT0 > Accumulable registered as "h346"
G4WT2 > Accumulable registered as "h377"
G4WT8 > Accumulable registered as "h451"
G4WT6 > Accumulable registered as "h595"
G4WT8 > Accumulable registered as "h452"
G4WT6 > Accumulable registered as "h596"
G4WT5 > Accumulable registered as "h431"
G4WT10 > Accumulable registered as "h316"
G4WT5 > Accumulable registered as "h432"
G4WT9 > Accumulable registered as "h353"
G4WT3 > Accumulable registered as "h399"
G4WT7 > Accumulable registered as "h402"
G4WT0 > Accumulable registered as "h347"
G4WT1 > Accumulable registered as "h358"
G4WT2 > Accumulable registered as "h378"
G4WT0 > Accumulable registered as "h348"
G4WT11 > Accumulable registered as "h408"
G4WT6 > Accumulable registered as "h597"
G4WT8 > Accumulable registered as "h453"
G4WT11 > Accumulable registered as "h409"
G4WT5 > Accumulable registered as "h433"
G4WT8 > Accumulable registered as "h454"
G4WT3 > Accumulable registered as "h400"
G4WT8 > Accumulable registered as "h455"
G4WT4 > Accumulable registered as "h370"
G4WT8 > Accumulable registered as "h456"
G4WT3 > Accumulable registered as "h401"
G4WT0 > Accumulable registered as "h349"
G4WT8 > Accumulable registered as "h457"
G4WT6 > Accumulable registered as "h598"
G4WT11 > Accumulable registered as "h410"
G4WT6 > Accumulable registered as "h599"
G4WT11 > Accumulable registered as "h411"
G4WT6 > Accumulable registered as "h600"
G4WT5 > Accumulable registered as "h434"
G4WT10 > Accumulable registered as "h317"
G4WT5 > Accumulable registered as "h435"
G4WT3 > Accumulable registered as "h402"
G4WT9 > Accumulable registered as "h354"
G4WT0 > Accumulable registered as "h350"
G4WT9 > Accumulable registered as "h355"
G4WT8 > Accumulable registered as "h458"
G4WT7 > Accumulable registered as "h403"
G4WT8 > Accumulable registered as "h459"
G4WT11 > Accumulable registered as "h412"
G4WT2 > Accumulable registered as "h379"
G4WT11 > Accumulable registered as "h413"
G4WT10 > Accumulable registered as "h318"
G4WT5 > Accumulable registered as "h436"
G4WT10 > Accumulable registered as "h319"
G4WT3 > Accumulable registered as "h403"
G4WT9 > Accumulable registered as "h356"
G4WT3 > Accumulable registered as "h404"
G4WT1 > Accumulable registered as "h359"
G4WT8 > Accumulable registered as "h460"
G4WT7 > Accumulable registered as "h404"
G4WT1 > Accumulable registered as "h360"
G4WT4 > Accumulable registered as "h371"
G4WT7 > Accumulable registered as "h405"
G4WT11 > Accumulable registered as "h414"
G4WT10 > Accumulable registered as "h320"
G4WT5 > Accumulable registered as "h437"
G4WT9 > Accumulable registered as "h357"
G4WT3 > Accumulable registered as "h405"
G4WT9 > Accumulable registered as "h358"
G4WT6 > Accumulable registered as "h601"
G4WT9 > Accumulable registered as "h359"
G4WT8 > Accumulable registered as "h461"
G4WT1 > Accumulable registered as "h361"
G4WT9 > Accumulable registered as "h360"
G4WT0 > Accumulable registered as "h351"
G4WT4 > Accumulable registered as "h372"
G4WT0 > Accumulable registered as "h352"
G4WT0 > Accumulable registered as "h353"
G4WT2 > Accumulable registered as "h380"
G4WT3 > Accumulable registered as "h406"
G4WT6 > Accumulable registered as "h602"
G4WT7 > Accumulable registered as "h406"
G4WT1 > Accumulable registered as "h362"
G4WT7 > Accumulable registered as "h407"
G4WT1 > Accumulable registered as "h363"
G4WT9 > Accumulable registered as "h361"
G4WT1 > Accumulable registered as "h364"
G4WT11 > Accumulable registered as "h415"
G4WT9 > Accumulable registered as "h362"
G4WT4 > Accumulable registered as "h373"
G4WT11 > Accumulable registered as "h416"
G4WT2 > Accumulable registered as "h381"
G4WT4 > Accumulable registered as "h374"
G4WT6 > Accumulable registered as "h603"
G4WT4 > Accumulable registered as "h375"
G4WT7 > Accumulable registered as "h408"
G4WT4 > Accumulable registered as "h376"
G4WT5 > Accumulable registered as "h438"
G4WT4 > Accumulable registered as "h377"
G4WT0 > Accumulable registered as "h354"
G4WT5 > Accumulable registered as "h439"
G4WT3 > Accumulable registered as "h407"
G4WT5 > Accumulable registered as "h440"
G4WT8 > Accumulable registered as "h462"
G4WT10 > Accumulable registered as "h321"
G4WT6 > Accumulable registered as "h604"
G4WT10 > Accumulable registered as "h322"
G4WT1 > Accumulable registered as "h365"
G4WT9 > Accumulable registered as "h363"
G4WT4 > Accumulable registered as "h378"
G4WT9 > Accumulable registered as "h364"
G4WT11 > Accumulable registered as "h417"
G4WT4 > Accumulable registered as "h379"
G4WT2 > Accumulable registered as "h382"
G4WT4 > Accumulable registered as "h380"
G4WT3 > Accumulable registered as "h408"
G4WT2 > Accumulable registered as "h383"
G4WT10 > Accumulable registered as "h323"
G4WT6 > Accumulable registered as "h605"
G4WT10 > Accumulable registered as "h324"
G4WT0 > Accumulable registered as "h355"
G4WT9 > Accumulable registered as "h365"
G4WT0 > Accumulable registered as "h356"
G4WT11 > Accumulable registered as "h418"
G4WT8 > Accumulable registered as "h463"
G4WT4 > Accumulable registered as "h381"
G4WT8 > Accumulable registered as "h464"
G4WT2 > Accumulable registered as "h384"
G4WT8 > Accumulable registered as "h465"
G4WT7 > Accumulable registered as "h409"
G4WT6 > Accumulable registered as "h606"
G4WT10 > Accumulable registered as "h325"
G4WT5 > Accumulable registered as "h441"
G4WT9 > Accumulable registered as "h366"
G4WT5 > Accumulable registered as "h442"
G4WT0 > Accumulable registered as "h357"
G4WT5 > Accumulable registered as "h443"
G4WT3 > Accumulable registered as "h409"
G4WT1 > Accumulable registered as "h366"
G4WT2 > Accumulable registered as "h385"
G4WT8 > Accumulable registered as "h466"
G4WT2 > Accumulable registered as "h386"
G4WT7 > Accumulable registered as "h410"
G4WT6 > Accumulable registered as "h607"
G4WT7 > Accumulable registered as "h411"
G4WT11 > Accumulable registered as "h419"
G4WT7 > Accumulable registered as "h412"
G4WT0 > Accumulable registered as "h358"
G4WT5 > Accumulable registered as "h444"
G4WT0 > Accumulable registered as "h359"
G4WT3 > Accumulable registered as "h410"
G4WT5 > Accumulable registered as "h445"
G4WT2 > Accumulable registered as "h387"
G4WT3 > Accumulable registered as "h411"
G4WT10 > Accumulable registered as "h326"
G4WT6 > Accumulable registered as "h608"
G4WT10 > Accumulable registered as "h327"
G4WT4 > Accumulable registered as "h382"
G4WT6 > Accumulable registered as "h609"
G4WT7 > Accumulable registered as "h413"
G4WT0 > Accumulable registered as "h360"
G4WT7 > Accumulable registered as "h414"
G4WT8 > Accumulable registered as "h467"
G4WT7 > Accumulable registered as "h415"
G4WT9 > Accumulable registered as "h367"
G4WT3 > Accumulable registered as "h412"
G4WT11 > Accumulable registered as "h420"
G4WT10 > Accumulable registered as "h328"
G4WT11 > Accumulable registered as "h421"
G4WT4 > Accumulable registered as "h383"
G4WT6 > Accumulable registered as "h610"
G4WT4 > Accumulable registered as "h384"
G4WT6 > Accumulable registered as "h611"
G4WT4 > Accumulable registered as "h385"
G4WT2 > Accumulable registered as "h388"
G4WT7 > Accumulable registered as "h416"
G4WT9 > Accumulable registered as "h368"
G4WT3 > Accumulable registered as "h413"
G4WT9 > Accumulable registered as "h369"
G4WT10 > Accumulable registered as "h329"
G4WT1 > Accumulable registered as "h367"
G4WT5 > Accumulable registered as "h446"
G4WT0 > Accumulable registered as "h361"
G4WT6 > Accumulable registered as "h612"
G4WT8 > Accumulable registered as "h468"
G4WT4 > Accumulable registered as "h386"
G4WT8 > Accumulable registered as "h469"
G4WT2 > Accumulable registered as "h389"
G4WT8 > Accumulable registered as "h470"
G4WT3 > Accumulable registered as "h414"
G4WT2 > Accumulable registered as "h390"
G4WT11 > Accumulable registered as "h422"
G4WT2 > Accumulable registered as "h391"
G4WT1 > Accumulable registered as "h368"
G4WT11 > Accumulable registered as "h423"
G4WT0 > Accumulable registered as "h362"
G4WT1 > Accumulable registered as "h369"
G4WT7 > Accumulable registered as "h417"
G4WT4 > Accumulable registered as "h387"
G4WT9 > Accumulable registered as "h370"
G4WT7 > Accumulable registered as "h418"
G4WT10 > Accumulable registered as "h330"
G4WT7 > Accumulable registered as "h419"
G4WT9 > Accumulable registered as "h371"
G4WT4 > Accumulable registered as "h388"
G4WT10 > Accumulable registered as "h331"
G4WT9 > Accumulable registered as "h372"
G4WT10 > Accumulable registered as "h332"
G4WT1 > Accumulable registered as "h370"
G4WT3 > Accumulable registered as "h415"
G4WT5 > Accumulable registered as "h447"
G4WT2 > Accumulable registered as "h392"
G4WT7 > Accumulable registered as "h420"
G4WT2 > Accumulable registered as "h393"
G4WT6 > Accumulable registered as "h613"
G4WT0 > Accumulable registered as "h363"
G4WT4 > Accumulable registered as "h389"
G4WT9 > Accumulable registered as "h373"
G4WT4 > Accumulable registered as "h390"
G4WT8 > Accumulable registered as "h471"
G4WT4 > Accumulable registered as "h391"
G4WT1 > Accumulable registered as "h371"
G4WT4 > Accumulable registered as "h392"
G4WT5 > Accumulable registered as "h448"
G4WT2 > Accumulable registered as "h394"
G4WT5 > Accumulable registered as "h449"
G4WT6 > Accumulable registered as "h614"
G4WT2 > Accumulable registered as "h395"
G4WT6 > Accumulable registered as "h615"
G4WT9 > Accumulable registered as "h374"
G4WT3 > Accumulable registered as "h416"
G4WT9 > Accumulable registered as "h375"
G4WT11 > Accumulable registered as "h424"
G4WT9 > Accumulable registered as "h376"
G4WT4 > Accumulable registered as "h393"
G4WT7 > Accumulable registered as "h421"
G4WT5 > Accumulable registered as "h450"
G4WT0 > Accumulable registered as "h364"
G4WT10 > Accumulable registered as "h333"
G4WT2 > Accumulable registered as "h396"
G4WT10 > Accumulable registered as "h334"
G4WT6 > Accumulable registered as "h616"
G4WT10 > Accumulable registered as "h335"
G4WT2 > Accumulable registered as "h397"
G4WT11 > Accumulable registered as "h425"
G4WT9 > Accumulable registered as "h377"
G4WT4 > Accumulable registered as "h394"
G4WT7 > Accumulable registered as "h422"
G4WT4 > Accumulable registered as "h395"
G4WT5 > Accumulable registered as "h451"
G4WT0 > Accumulable registered as "h365"
G4WT3 > Accumulable registered as "h417"
G4WT0 > Accumulable registered as "h366"
G4WT1 > Accumulable registered as "h372"
G4WT3 > Accumulable registered as "h418"
G4WT6 > Accumulable registered as "h617"
G4WT3 > Accumulable registered as "h419"
G4WT11 > Accumulable registered as "h426"
G4WT9 > Accumulable registered as "h378"
G4WT11 > Accumulable registered as "h427"
G4WT4 > Accumulable registered as "h396"
G4WT11 > Accumulable registered as "h428"
G4WT9 > Accumulable registered as "h379"
G4WT10 > Accumulable registered as "h336"
G4WT9 > Accumulable registered as "h380"
G4WT2 > Accumulable registered as "h398"
G4WT9 > Accumulable registered as "h381"
G4WT6 > Accumulable registered as "h618"
G4WT7 > Accumulable registered as "h423"
G4WT6 > Accumulable registered as "h619"
G4WT5 > Accumulable registered as "h452"
G4WT7 > Accumulable registered as "h424"
G4WT11 > Accumulable registered as "h429"
G4WT0 > Accumulable registered as "h367"
G4WT11 > Accumulable registered as "h430"
G4WT10 > Accumulable registered as "h337"
G4WT0 > Accumulable registered as "h368"
G4WT1 > Accumulable registered as "h373"
G4WT0 > Accumulable registered as "h369"
G4WT2 > Accumulable registered as "h399"
G4WT1 > Accumulable registered as "h374"
G4WT4 > Accumulable registered as "h397"
G4WT8 > Accumulable registered as "h472"
G4WT1 > Accumulable registered as "h375"
G4WT4 > Accumulable registered as "h398"
G4WT3 > Accumulable registered as "h420"
G4WT9 > Accumulable registered as "h382"
G4WT10 > Accumulable registered as "h338"
G4WT9 > Accumulable registered as "h383"
G4WT0 > Accumulable registered as "h370"
G4WT5 > Accumulable registered as "h453"
G4WT2 > Accumulable registered as "h400"
G4WT5 > Accumulable registered as "h454"
G4WT2 > Accumulable registered as "h401"
G4WT8 > Accumulable registered as "h473"
G4WT11 > Accumulable registered as "h431"
G4WT8 > Accumulable registered as "h474"
G4WT11 > Accumulable registered as "h432"
G4WT3 > Accumulable registered as "h421"
G4WT11 > Accumulable registered as "h433"
G4WT9 > Accumulable registered as "h384"
G4WT3 > Accumulable registered as "h422"
G4WT0 > Accumulable registered as "h371"
G4WT3 > Accumulable registered as "h423"
G4WT9 > Accumulable registered as "h385"
G4WT5 > Accumulable registered as "h455"
G4WT4 > Accumulable registered as "h399"
G4WT8 > Accumulable registered as "h475"
G4WT4 > Accumulable registered as "h400"
G4WT10 > Accumulable registered as "h339"
G4WT4 > Accumulable registered as "h401"
G4WT11 > Accumulable registered as "h434"
G4WT10 > Accumulable registered as "h340"
G4WT1 > Accumulable registered as "h376"
G4WT11 > Accumulable registered as "h435"
G4WT3 > Accumulable registered as "h424"
G4WT9 > Accumulable registered as "h386"
G4WT5 > Accumulable registered as "h456"
G4WT9 > Accumulable registered as "h387"
G4WT8 > Accumulable registered as "h476"
G4WT5 > Accumulable registered as "h457"
G4WT6 > Accumulable registered as "h620"
G4WT2 > Accumulable registered as "h402"
G4WT10 > Accumulable registered as "h341"
G4WT0 > Accumulable registered as "h372"
G4WT1 > Accumulable registered as "h377"
G4WT0 > Accumulable registered as "h373"
G4WT11 > Accumulable registered as "h436"
G4WT0 > Accumulable registered as "h374"
G4WT9 > Accumulable registered as "h388"
G4WT7 > Accumulable registered as "h425"
G4WT9 > Accumulable registered as "h389"
G4WT5 > Accumulable registered as "h458"
G4WT6 > Accumulable registered as "h621"
G4WT5 > Accumulable registered as "h459"
G4WT2 > Accumulable registered as "h403"
G4WT5 > Accumulable registered as "h460"
G4WT3 > Accumulable registered as "h425"
G4WT5 > Accumulable registered as "h461"
G4WT0 > Accumulable registered as "h375"
G4WT4 > Accumulable registered as "h402"
G4WT8 > Accumulable registered as "h477"
G4WT7 > Accumulable registered as "h426"
G4WT9 > Accumulable registered as "h390"
G4WT7 > Accumulable registered as "h427"
G4WT6 > Accumulable registered as "h622"
G4WT1 > Accumulable registered as "h378"
G4WT2 > Accumulable registered as "h404"
G4WT11 > Accumulable registered as "h437"
G4WT5 > Accumulable registered as "h462"
G4WT11 > Accumulable registered as "h438"
G4WT3 > Accumulable registered as "h426"
G4WT11 > Accumulable registered as "h439"
G4WT4 > Accumulable registered as "h403"
G4WT10 > Accumulable registered as "h342"
G4WT9 > Accumulable registered as "h391"
G4WT10 > Accumulable registered as "h343"
G4WT7 > Accumulable registered as "h428"
G4WT10 > Accumulable registered as "h344"
G4WT9 > Accumulable registered as "h392"
G4WT10 > Accumulable registered as "h345"
G4WT9 > Accumulable registered as "h393"
G4WT5 > Accumulable registered as "h463"
G4WT9 > Accumulable registered as "h394"
G4WT3 > Accumulable registered as "h427"
G4WT9 > Accumulable registered as "h395"
G4WT4 > Accumulable registered as "h404"
G4WT6 > Accumulable registered as "h623"
G4WT4 > Accumulable registered as "h405"
G4WT0 > Accumulable registered as "h376"
G4WT4 > Accumulable registered as "h406"
G4WT2 > Accumulable registered as "h405"
G4WT8 > Accumulable registered as "h478"
G4WT11 > Accumulable registered as "h440"
G4WT5 > Accumulable registered as "h464"
G4WT3 > Accumulable registered as "h428"
G4WT5 > Accumulable registered as "h465"
G4WT9 > Accumulable registered as "h396"
G4WT5 > Accumulable registered as "h466"
G4WT7 > Accumulable registered as "h429"
G4WT9 > Accumulable registered as "h397"
G4WT10 > Accumulable registered as "h346"
G4WT7 > Accumulable registered as "h430"
G4WT0 > Accumulable registered as "h377"
G4WT2 > Accumulable registered as "h406"
G4WT4 > Accumulable registered as "h407"
G4WT2 > Accumulable registered as "h407"
G4WT4 > Accumulable registered as "h408"
G4WT2 > Accumulable registered as "h408"
G4WT4 > Accumulable registered as "h409"
G4WT5 > Accumulable registered as "h467"
G4WT7 > Accumulable registered as "h431"
G4WT10 > Accumulable registered as "h347"
G4WT8 > Accumulable registered as "h479"
G4WT0 > Accumulable registered as "h378"
G4WT8 > Accumulable registered as "h480"
G4WT0 > Accumulable registered as "h379"
G4WT8 > Accumulable registered as "h481"
G4WT3 > Accumulable registered as "h429"
G4WT2 > Accumulable registered as "h409"
G4WT3 > Accumulable registered as "h430"
G4WT9 > Accumulable registered as "h398"
G4WT3 > Accumulable registered as "h431"
G4WT5 > Accumulable registered as "h468"
G4WT9 > Accumulable registered as "h399"
G4WT5 > Accumulable registered as "h469"
G4WT9 > Accumulable registered as "h400"
G4WT5 > Accumulable registered as "h470"
G4WT5 > Accumulable registered as "h471"
G4WT8 > Accumulable registered as "h482"
G4WT4 > Accumulable registered as "h410"
G4WT2 > Accumulable registered as "h410"
G4WT4 > Accumulable registered as "h411"
G4WT3 > Accumulable registered as "h432"
G4WT4 > Accumulable registered as "h412"
G4WT10 > Accumulable registered as "h348"
G4WT11 > Accumulable registered as "h441"
G4WT1 > Accumulable registered as "h379"
G4WT9 > Accumulable registered as "h401"
G4WT6 > Accumulable registered as "h624"
G4WT5 > Accumulable registered as "h472"
G4WT6 > Accumulable registered as "h625"
G4WT8 > Accumulable registered as "h483"
G4WT7 > Accumulable registered as "h432"
G4WT8 > Accumulable registered as "h484"
G4WT7 > Accumulable registered as "h433"
G4WT4 > Accumulable registered as "h413"
G4WT0 > Accumulable registered as "h380"
G4WT4 > Accumulable registered as "h414"
G4WT1 > Accumulable registered as "h380"
G4WT9 > Accumulable registered as "h402"
G4WT1 > Accumulable registered as "h381"
G4WT5 > Accumulable registered as "h473"
G4WT1 > Accumulable registered as "h382"
G4WT9 > Accumulable registered as "h403"
G4WT1 > Accumulable registered as "h383"
G4WT5 > Accumulable registered as "h474"
G4WT7 > Accumulable registered as "h434"
G4WT11 > Accumulable registered as "h442"
G4WT10 > Accumulable registered as "h349"
G4WT0 > Accumulable registered as "h381"
G4WT11 > Accumulable registered as "h443"
G4WT10 > Accumulable registered as "h350"
G4WT11 > Accumulable registered as "h444"
G4WT3 > Accumulable registered as "h433"
G4WT8 > Accumulable registered as "h485"
G4WT9 > Accumulable registered as "h404"
G4WT3 > Accumulable registered as "h434"
G4WT5 > Accumulable registered as "h475"
G4WT3 > Accumulable registered as "h435"
G4WT4 > Accumulable registered as "h415"
G4WT3 > Accumulable registered as "h436"
G4WT2 > Accumulable registered as "h411"
G4WT4 > Accumulable registered as "h416"
G4WT10 > Accumulable registered as "h351"
G4WT2 > Accumulable registered as "h412"
G4WT1 > Accumulable registered as "h384"
G4WT10 > Accumulable registered as "h352"
G4WT7 > Accumulable registered as "h435"
G4WT6 > Accumulable registered as "h626"
G4WT5 > Accumulable registered as "h476"
G4WT0 > Accumulable registered as "h382"
G4WT3 > Accumulable registered as "h437"
G4WT11 > Accumulable registered as "h445"
G4WT4 > Accumulable registered as "h417"
G4WT8 > Accumulable registered as "h486"
G4WT4 > Accumulable registered as "h418"
G4WT2 > Accumulable registered as "h413"
G4WT8 > Accumulable registered as "h487"
G4WT1 > Accumulable registered as "h385"
G4WT8 > Accumulable registered as "h488"
G4WT2 > Accumulable registered as "h414"
G4WT5 > Accumulable registered as "h477"
G4WT0 > Accumulable registered as "h383"
G4WT5 > Accumulable registered as "h478"
G4WT3 > Accumulable registered as "h438"
G4WT5 > Accumulable registered as "h479"
G4WT0 > Accumulable registered as "h384"
G4WT4 > Accumulable registered as "h419"
G4WT7 > Accumulable registered as "h436"
G4WT4 > Accumulable registered as "h420"
G4WT8 > Accumulable registered as "h489"
G4WT6 > Accumulable registered as "h627"
G4WT1 > Accumulable registered as "h386"
G4WT8 > Accumulable registered as "h490"
G4WT11 > Accumulable registered as "h446"
G4WT8 > Accumulable registered as "h491"
G4WT1 > Accumulable registered as "h387"
G4WT10 > Accumulable registered as "h353"
G4WT0 > Accumulable registered as "h385"
G4WT10 > Accumulable registered as "h354"
G4WT7 > Accumulable registered as "h437"
G4WT2 > Accumulable registered as "h415"
G4WT6 > Accumulable registered as "h628"
G4WT6 > Accumulable registered as "h629"
G4WT5 > Accumulable registered as "h480"
G4WT8 > Accumulable registered as "h492"
G4WT11 > Accumulable registered as "h447"
G4WT3 > Accumulable registered as "h439"
G4WT11 > Accumulable registered as "h448"
G4WT1 > Accumulable registered as "h388"
G4WT0 > Accumulable registered as "h386"
G4WT10 > Accumulable registered as "h355"
G4WT0 > Accumulable registered as "h387"
G4WT7 > Accumulable registered as "h438"
G4WT0 > Accumulable registered as "h388"
G4WT6 > Accumulable registered as "h630"
G4WT9 > Accumulable registered as "h405"
G4WT6 > Accumulable registered as "h631"
G4WT4 > Accumulable registered as "h421"
G4WT11 > Accumulable registered as "h449"
G4WT4 > Accumulable registered as "h422"
G4WT11 > Accumulable registered as "h450"
G4WT1 > Accumulable registered as "h389"
G4WT2 > Accumulable registered as "h416"
G4WT0 > Accumulable registered as "h389"
G4WT2 > Accumulable registered as "h417"
G4WT0 > Accumulable registered as "h390"
G4WT2 > Accumulable registered as "h418"
G4WT0 > Accumulable registered as "h391"
G4WT6 > Accumulable registered as "h632"
G4WT3 > Accumulable registered as "h440"
G4WT4 > Accumulable registered as "h423"
G4WT3 > Accumulable registered as "h441"
G4WT11 > Accumulable registered as "h451"
G4WT3 > Accumulable registered as "h442"
G4WT1 > Accumulable registered as "h390"
G4WT5 > Accumulable registered as "h481"
G4WT1 > Accumulable registered as "h391"
G4WT8 > Accumulable registered as "h493"
G4WT5 > Accumulable registered as "h482"
G4WT8 > Accumulable registered as "h494"
G4WT5 > Accumulable registered as "h483"
G4WT6 > Accumulable registered as "h633"
G4WT10 > Accumulable registered as "h356"
G4WT7 > Accumulable registered as "h439"
G4WT3 > Accumulable registered as "h443"
G4WT7 > Accumulable registered as "h440"
G4WT11 > Accumulable registered as "h452"
G4WT4 > Accumulable registered as "h424"
G4WT11 > Accumulable registered as "h453"
G4WT4 > Accumulable registered as "h425"
G4WT8 > Accumulable registered as "h495"
G4WT5 > Accumulable registered as "h484"
G4WT8 > Accumulable registered as "h496"
G4WT6 > Accumulable registered as "h634"
G4WT2 > Accumulable registered as "h419"
G4WT6 > Accumulable registered as "h635"
G4WT7 > Accumulable registered as "h441"
G4WT3 > Accumulable registered as "h444"
G4WT1 > Accumulable registered as "h392"
G4WT0 > Accumulable registered as "h392"
G4WT11 > Accumulable registered as "h454"
G4WT0 > Accumulable registered as "h393"
G4WT4 > Accumulable registered as "h426"
G4WT10 > Accumulable registered as "h357"
G4WT5 > Accumulable registered as "h485"
G4WT4 > Accumulable registered as "h427"
G4WT6 > Accumulable registered as "h636"
G4WT4 > Accumulable registered as "h428"
G4WT7 > Accumulable registered as "h442"
G4WT3 > Accumulable registered as "h445"
G4WT1 > Accumulable registered as "h393"
G4WT0 > Accumulable registered as "h394"
G4WT11 > Accumulable registered as "h455"
G4WT0 > Accumulable registered as "h395"
G4WT8 > Accumulable registered as "h497"
G4WT0 > Accumulable registered as "h396"
G4WT2 > Accumulable registered as "h420"
G4WT6 > Accumulable registered as "h637"
G4WT2 > Accumulable registered as "h421"
G4WT4 > Accumulable registered as "h429"
G4WT7 > Accumulable registered as "h443"
G4WT3 > Accumulable registered as "h446"
G4WT1 > Accumulable registered as "h394"
G4WT3 > Accumulable registered as "h447"
G4WT10 > Accumulable registered as "h358"
G4WT11 > Accumulable registered as "h456"
G4WT3 > Accumulable registered as "h448"
G4WT0 > Accumulable registered as "h397"
G4WT3 > Accumulable registered as "h449"
G4WT6 > Accumulable registered as "h638"
G4WT3 > Accumulable registered as "h450"
G4WT2 > Accumulable registered as "h422"
G4WT3 > Accumulable registered as "h451"
G4WT7 > Accumulable registered as "h444"
G4WT2 > Accumulable registered as "h423"
G4WT5 > Accumulable registered as "h486"
G4WT10 > Accumulable registered as "h359"
G4WT11 > Accumulable registered as "h457"
G4WT0 > Accumulable registered as "h398"
G4WT0 > Accumulable registered as "h399"
G4WT4 > Accumulable registered as "h430"
G4WT6 > Accumulable registered as "h639"
G4WT1 > Accumulable registered as "h395"
G4WT3 > Accumulable registered as "h452"
G4WT1 > Accumulable registered as "h396"
G4WT3 > Accumulable registered as "h453"
G4WT1 > Accumulable registered as "h397"
G4WT3 > Accumulable registered as "h454"
G4WT5 > Accumulable registered as "h487"
G4WT11 > Accumulable registered as "h458"
G4WT5 > Accumulable registered as "h488"
G4WT0 > Accumulable registered as "h400"
G4WT11 > Accumulable registered as "h459"
G4WT6 > Accumulable registered as "h640"
G4WT8 > Accumulable registered as "h498"
G4WT8 > Accumulable registered as "h499"
G4WT7 > Accumulable registered as "h445"
G4WT8 > Accumulable registered as "h500"
G4WT1 > Accumulable registered as "h398"
G4WT8 > Accumulable registered as "h501"
G4WT7 > Accumulable registered as "h446"
G4WT5 > Accumulable registered as "h489"
G4WT0 > Accumulable registered as "h401"
G4WT11 > Accumulable registered as "h460"
G4WT0 > Accumulable registered as "h402"
G4WT9 > Accumulable registered as "h406"
G4WT11 > Accumulable registered as "h461"
G4WT3 > Accumulable registered as "h455"
G4WT4 > Accumulable registered as "h431"
G4WT3 > Accumulable registered as "h456"
G4WT1 > Accumulable registered as "h399"
G4WT7 > Accumulable registered as "h447"
G4WT5 > Accumulable registered as "h490"
G4WT6 > Accumulable registered as "h641"
G4WT2 > Accumulable registered as "h424"
G4WT0 > Accumulable registered as "h403"
G4WT11 > Accumulable registered as "h462"
G4WT0 > Accumulable registered as "h404"
G4WT9 > Accumulable registered as "h407"
G4WT0 > Accumulable registered as "h405"
G4WT8 > Accumulable registered as "h502"
G4WT9 > Accumulable registered as "h408"
G4WT3 > Accumulable registered as "h457"
G4WT1 > Accumulable registered as "h400"
G4WT3 > Accumulable registered as "h458"
G4WT6 > Accumulable registered as "h642"
G4WT2 > Accumulable registered as "h425"
G4WT11 > Accumulable registered as "h463"
G4WT11 > Accumulable registered as "h464"
G4WT4 > Accumulable registered as "h432"
G4WT0 > Accumulable registered as "h406"
G4WT8 > Accumulable registered as "h503"
G4WT0 > Accumulable registered as "h407"
G4WT9 > Accumulable registered as "h409"
G4WT7 > Accumulable registered as "h448"
G4WT9 > Accumulable registered as "h410"
G4WT1 > Accumulable registered as "h401"
G4WT6 > Accumulable registered as "h643"
G4WT2 > Accumulable registered as "h426"
G4WT6 > Accumulable registered as "h644"
G4WT2 > Accumulable registered as "h427"
G4WT11 > Accumulable registered as "h465"
G4WT4 > Accumulable registered as "h433"
G4WT8 > Accumulable registered as "h504"
G4WT4 > Accumulable registered as "h434"
G4WT5 > Accumulable registered as "h491"
G4WT7 > Accumulable registered as "h449"
G4WT5 > Accumulable registered as "h492"
G4WT9 > Accumulable registered as "h411"
G4WT7 > Accumulable registered as "h450"
G4WT6 > Accumulable registered as "h645"
G4WT2 > Accumulable registered as "h428"
G4WT0 > Accumulable registered as "h408"
G4WT2 > Accumulable registered as "h429"
G4WT11 > Accumulable registered as "h466"
G4WT2 > Accumulable registered as "h430"
G4WT0 > Accumulable registered as "h409"
G4WT4 > Accumulable registered as "h435"
G4WT5 > Accumulable registered as "h493"
G4WT4 > Accumulable registered as "h436"
G4WT9 > Accumulable registered as "h412"
G4WT6 > Accumulable registered as "h646"
G4WT9 > Accumulable registered as "h413"
G4WT3 > Accumulable registered as "h459"
G4WT9 > Accumulable registered as "h414"
G4WT1 > Accumulable registered as "h402"
G4WT9 > Accumulable registered as "h415"
G4WT11 > Accumulable registered as "h467"
G4WT0 > Accumulable registered as "h410"
G4WT7 > Accumulable registered as "h451"
G4WT0 > Accumulable registered as "h411"
G4WT5 > Accumulable registered as "h494"
G4WT4 > Accumulable registered as "h437"
G4WT5 > Accumulable registered as "h495"
G4WT4 > Accumulable registered as "h438"
G4WT3 > Accumulable registered as "h460"
G4WT1 > Accumulable registered as "h403"
G4WT9 > Accumulable registered as "h416"
G4WT1 > Accumulable registered as "h404"
G4WT11 > Accumulable registered as "h468"
G4WT1 > Accumulable registered as "h405"
G4WT0 > Accumulable registered as "h412"
G4WT11 > Accumulable registered as "h469"
G4WT6 > Accumulable registered as "h647"
G4WT2 > Accumulable registered as "h431"
G4WT5 > Accumulable registered as "h496"
G4WT4 > Accumulable registered as "h439"
G4WT2 > Accumulable registered as "h432"
G4WT4 > Accumulable registered as "h440"
G4WT7 > Accumulable registered as "h452"
G4WT9 > Accumulable registered as "h417"
G4WT7 > Accumulable registered as "h453"
G4WT0 > Accumulable registered as "h413"
G4WT11 > Accumulable registered as "h470"
G4WT0 > Accumulable registered as "h414"
G4WT10 > Accumulable registered as "h360"
G4WT11 > Accumulable registered as "h471"
G4WT5 > Accumulable registered as "h497"
G4WT11 > Accumulable registered as "h472"
G4WT4 > Accumulable registered as "h441"
G4WT1 > Accumulable registered as "h406"
G4WT7 > Accumulable registered as "h454"
G4WT1 > Accumulable registered as "h407"
G4WT9 > Accumulable registered as "h418"
G4WT6 > Accumulable registered as "h648"
G4WT3 > Accumulable registered as "h461"
G4WT0 > Accumulable registered as "h415"
G4WT3 > Accumulable registered as "h462"
G4WT11 > Accumulable registered as "h473"
G4WT5 > Accumulable registered as "h498"
G4WT11 > Accumulable registered as "h474"
G4WT5 > Accumulable registered as "h499"
G4WT11 > Accumulable registered as "h475"
G4WT1 > Accumulable registered as "h408"
G4WT7 > Accumulable registered as "h455"
G4WT9 > Accumulable registered as "h419"
G4WT1 > Accumulable registered as "h409"
G4WT7 > Accumulable registered as "h456"
G4WT1 > Accumulable registered as "h410"
G4WT7 > Accumulable registered as "h457"
G4WT3 > Accumulable registered as "h463"
G4WT3 > Accumulable registered as "h464"
G4WT11 > Accumulable registered as "h476"
G4WT8 > Accumulable registered as "h505"
G4WT2 > Accumulable registered as "h433"
G4WT8 > Accumulable registered as "h506"
G4WT6 > Accumulable registered as "h649"
G4WT10 > Accumulable registered as "h361"
G4WT0 > Accumulable registered as "h416"
G4WT9 > Accumulable registered as "h420"
G4WT10 > Accumulable registered as "h362"
G4WT4 > Accumulable registered as "h442"
G4WT9 > Accumulable registered as "h421"
G4WT3 > Accumulable registered as "h465"
G4WT4 > Accumulable registered as "h443"
G4WT11 > Accumulable registered as "h477"
G4WT8 > Accumulable registered as "h507"
G4WT11 > Accumulable registered as "h478"
G4WT1 > Accumulable registered as "h411"
G4WT0 > Accumulable registered as "h417"
G4WT7 > Accumulable registered as "h458"
G4WT0 > Accumulable registered as "h418"
G4WT7 > Accumulable registered as "h459"
G4WT0 > Accumulable registered as "h419"
G4WT9 > Accumulable registered as "h422"
G4WT0 > Accumulable registered as "h420"
G4WT4 > Accumulable registered as "h444"
G4WT0 > Accumulable registered as "h421"
G4WT6 > Accumulable registered as "h650"
G4WT11 > Accumulable registered as "h479"
G4WT1 > Accumulable registered as "h412"
G4WT10 > Accumulable registered as "h363"
G4WT5 > Accumulable registered as "h500"
G4WT7 > Accumulable registered as "h460"
G4WT5 > Accumulable registered as "h501"
G4WT2 > Accumulable registered as "h434"
G4WT9 > Accumulable registered as "h423"
G4WT8 > Accumulable registered as "h508"
G4WT9 > Accumulable registered as "h424"
G4WT0 > Accumulable registered as "h422"
G4WT8 > Accumulable registered as "h509"
G4WT6 > Accumulable registered as "h651"
G4WT8 > Accumulable registered as "h510"
G4WT1 > Accumulable registered as "h413"
G4WT8 > Accumulable registered as "h511"
G4WT3 > Accumulable registered as "h466"
G4WT7 > Accumulable registered as "h461"
G4WT2 > Accumulable registered as "h435"
G4WT4 > Accumulable registered as "h445"
G4WT9 > Accumulable registered as "h425"
G4WT11 > Accumulable registered as "h480"
G4WT0 > Accumulable registered as "h423"
G4WT10 > Accumulable registered as "h364"
G4WT6 > Accumulable registered as "h652"
G4WT10 > Accumulable registered as "h365"
G4WT5 > Accumulable registered as "h502"
G4WT6 > Accumulable registered as "h653"
G4WT1 > Accumulable registered as "h414"
G4WT7 > Accumulable registered as "h462"
G4WT2 > Accumulable registered as "h436"
G4WT7 > Accumulable registered as "h463"
G4WT4 > Accumulable registered as "h446"
G4WT7 > Accumulable registered as "h464"
G4WT11 > Accumulable registered as "h481"
G4WT0 > Accumulable registered as "h424"
G4WT11 > Accumulable registered as "h482"
G4WT3 > Accumulable registered as "h467"
G4WT5 > Accumulable registered as "h503"
G4WT3 > Accumulable registered as "h468"
G4WT6 > Accumulable registered as "h654"
G4WT1 > Accumulable registered as "h415"
G4WT6 > Accumulable registered as "h655"
G4WT2 > Accumulable registered as "h437"
G4WT4 > Accumulable registered as "h447"
G4WT2 > Accumulable registered as "h438"
G4WT10 > Accumulable registered as "h366"
G4WT0 > Accumulable registered as "h425"
G4WT11 > Accumulable registered as "h483"
G4WT5 > Accumulable registered as "h504"
G4WT11 > Accumulable registered as "h484"
G4WT3 > Accumulable registered as "h469"
G4WT5 > Accumulable registered as "h505"
G4WT1 > Accumulable registered as "h416"
G4WT7 > Accumulable registered as "h465"
G4WT1 > Accumulable registered as "h417"
G4WT7 > Accumulable registered as "h466"
G4WT4 > Accumulable registered as "h448"
G4WT7 > Accumulable registered as "h467"
G4WT10 > Accumulable registered as "h367"
G4WT9 > Accumulable registered as "h426"
G4WT11 > Accumulable registered as "h485"
G4WT9 > Accumulable registered as "h427"
G4WT6 > Accumulable registered as "h656"
G4WT11 > Accumulable registered as "h486"
G4WT5 > Accumulable registered as "h506"
G4WT11 > Accumulable registered as "h487"
G4WT5 > Accumulable registered as "h507"
G4WT11 > Accumulable registered as "h488"
G4WT0 > Accumulable registered as "h426"
G4WT11 > Accumulable registered as "h489"
G4WT4 > Accumulable registered as "h449"
G4WT11 > Accumulable registered as "h490"
G4WT11 > Accumulable registered as "h491"
G4WT3 > Accumulable registered as "h470"
G4WT11 > Accumulable registered as "h492"
G4WT6 > Accumulable registered as "h657"
G4WT8 > Accumulable registered as "h512"
G4WT3 > Accumulable registered as "h471"
G4WT2 > Accumulable registered as "h439"
G4WT7 > Accumulable registered as "h468"
G4WT2 > Accumulable registered as "h440"
G4WT10 > Accumulable registered as "h368"
G4WT2 > Accumulable registered as "h441"
G4WT4 > Accumulable registered as "h450"
G4WT10 > Accumulable registered as "h369"
G4WT11 > Accumulable registered as "h493"
G4WT10 > Accumulable registered as "h370"
G4WT5 > Accumulable registered as "h508"
G4WT8 > Accumulable registered as "h513"
G4WT3 > Accumulable registered as "h472"
G4WT0 > Accumulable registered as "h427"
G4WT7 > Accumulable registered as "h469"
G4WT0 > Accumulable registered as "h428"
G4WT9 > Accumulable registered as "h428"
G4WT7 > Accumulable registered as "h470"
G4WT1 > Accumulable registered as "h418"
G4WT4 > Accumulable registered as "h451"
G4WT6 > Accumulable registered as "h658"
G4WT4 > Accumulable registered as "h452"
G4WT5 > Accumulable registered as "h509"
G4WT8 > Accumulable registered as "h514"
G4WT5 > Accumulable registered as "h510"
G4WT3 > Accumulable registered as "h473"
G4WT2 > Accumulable registered as "h442"
G4WT9 > Accumulable registered as "h429"
G4WT7 > Accumulable registered as "h471"
G4WT9 > Accumulable registered as "h430"
G4WT10 > Accumulable registered as "h371"
G4WT9 > Accumulable registered as "h431"
G4WT11 > Accumulable registered as "h494"
G4WT10 > Accumulable registered as "h372"
G4WT10 > Accumulable registered as "h373"
G4WT6 > Accumulable registered as "h659"
G4WT8 > Accumulable registered as "h515"
G4WT5 > Accumulable registered as "h511"
G4WT6 > Accumulable registered as "h660"
G4WT2 > Accumulable registered as "h443"
G4WT7 > Accumulable registered as "h472"
G4WT2 > Accumulable registered as "h444"
G4WT9 > Accumulable registered as "h432"
G4WT11 > Accumulable registered as "h495"
G4WT9 > Accumulable registered as "h433"
G4WT0 > Accumulable registered as "h429"
G4WT9 > Accumulable registered as "h434"
G4WT3 > Accumulable registered as "h474"
G4WT9 > Accumulable registered as "h435"
G4WT1 > Accumulable registered as "h419"
G4WT9 > Accumulable registered as "h436"
G4WT5 > Accumulable registered as "h512"
G4WT7 > Accumulable registered as "h473"
G4WT2 > Accumulable registered as "h445"
G4WT7 > Accumulable registered as "h474"
G4WT10 > Accumulable registered as "h374"
G4WT11 > Accumulable registered as "h496"
G4WT8 > Accumulable registered as "h516"
G4WT11 > Accumulable registered as "h497"
G4WT8 > Accumulable registered as "h517"
G4WT8 > Accumulable registered as "h518"
G4WT9 > Accumulable registered as "h437"
G4WT1 > Accumulable registered as "h420"
G4WT9 > Accumulable registered as "h438"
G4WT5 > Accumulable registered as "h513"
G4WT2 > Accumulable registered as "h446"
G4WT7 > Accumulable registered as "h475"
G4WT5 > Accumulable registered as "h514"
G4WT2 > Accumulable registered as "h447"
G4WT6 > Accumulable registered as "h661"
G4WT2 > Accumulable registered as "h448"
G4WT11 > Accumulable registered as "h498"
G4WT6 > Accumulable registered as "h662"
G4WT4 > Accumulable registered as "h453"
G4WT6 > Accumulable registered as "h663"
G4WT9 > Accumulable registered as "h439"
G4WT4 > Accumulable registered as "h454"
G4WT5 > Accumulable registered as "h515"
G4WT9 > Accumulable registered as "h440"
G4WT5 > Accumulable registered as "h516"
G4WT2 > Accumulable registered as "h449"
G4WT8 > Accumulable registered as "h519"
G4WT1 > Accumulable registered as "h421"
G4WT11 > Accumulable registered as "h499"
G4WT0 > Accumulable registered as "h430"
G4WT6 > Accumulable registered as "h664"
G4WT10 > Accumulable registered as "h375"
G4WT4 > Accumulable registered as "h455"
G4WT10 > Accumulable registered as "h376"
G4WT7 > Accumulable registered as "h476"
G4WT9 > Accumulable registered as "h441"
G4WT5 > Accumulable registered as "h517"
G4WT9 > Accumulable registered as "h442"
G4WT2 > Accumulable registered as "h450"
G4WT9 > Accumulable registered as "h443"
G4WT1 > Accumulable registered as "h422"
G4WT9 > Accumulable registered as "h444"
G4WT0 > Accumulable registered as "h431"
G4WT1 > Accumulable registered as "h423"
G4WT0 > Accumulable registered as "h432"
G4WT1 > Accumulable registered as "h424"
G4WT4 > Accumulable registered as "h456"
G4WT1 > Accumulable registered as "h425"
G4WT8 > Accumulable registered as "h520"
G4WT11 > Accumulable registered as "h500"
G4WT8 > Accumulable registered as "h521"
G4WT2 > Accumulable registered as "h451"
G4WT6 > Accumulable registered as "h665"
G4WT9 > Accumulable registered as "h445"
G4WT2 > Accumulable registered as "h452"
G4WT6 > Accumulable registered as "h666"
G4WT0 > Accumulable registered as "h433"
G4WT7 > Accumulable registered as "h477"
G4WT5 > Accumulable registered as "h518"
G4WT0 > Accumulable registered as "h434"
G4WT1 > Accumulable registered as "h426"
G4WT5 > Accumulable registered as "h519"
G4WT0 > Accumulable registered as "h435"
G4WT0 > Accumulable registered as "h436"
G4WT2 > Accumulable registered as "h453"
G4WT9 > Accumulable registered as "h446"
G4WT6 > Accumulable registered as "h667"
G4WT9 > Accumulable registered as "h447"
G4WT7 > Accumulable registered as "h478"
G4WT11 > Accumulable registered as "h501"
G4WT8 > Accumulable registered as "h522"
G4WT10 > Accumulable registered as "h377"
G4WT1 > Accumulable registered as "h427"
G4WT4 > Accumulable registered as "h457"
G4WT4 > Accumulable registered as "h458"
G4WT0 > Accumulable registered as "h437"
G4WT2 > Accumulable registered as "h454"
G4WT2 > Accumulable registered as "h455"
G4WT9 > Accumulable registered as "h448"
G4WT7 > Accumulable registered as "h479"
G4WT8 > Accumulable registered as "h523"
G4WT11 > Accumulable registered as "h502"
G4WT10 > Accumulable registered as "h378"
G4WT5 > Accumulable registered as "h520"
G4WT1 > Accumulable registered as "h428"
G4WT5 > Accumulable registered as "h521"
G4WT1 > Accumulable registered as "h429"
G4WT4 > Accumulable registered as "h459"
G4WT0 > Accumulable registered as "h438"
G4WT5 > Accumulable registered as "h522"
G4WT4 > Accumulable registered as "h460"
G4WT5 > Accumulable registered as "h523"
G4WT7 > Accumulable registered as "h480"
G4WT10 > Accumulable registered as "h379"
G4WT7 > Accumulable registered as "h481"
G4WT11 > Accumulable registered as "h503"
G4WT7 > Accumulable registered as "h482"
G4WT2 > Accumulable registered as "h456"
G4WT9 > Accumulable registered as "h449"
G4WT2 > Accumulable registered as "h457"
G4WT0 > Accumulable registered as "h439"
G4WT4 > Accumulable registered as "h461"
G4WT0 > Accumulable registered as "h440"
G4WT8 > Accumulable registered as "h524"
G4WT0 > Accumulable registered as "h441"
G4WT1 > Accumulable registered as "h430"
G4WT11 > Accumulable registered as "h504"
G4WT1 > Accumulable registered as "h431"
G4WT6 > Accumulable registered as "h668"
G4WT3 > Accumulable registered as "h475"
G4WT6 > Accumulable registered as "h669"
G4WT3 > Accumulable registered as "h476"
G4WT4 > Accumulable registered as "h462"
G4WT3 > Accumulable registered as "h477"
G4WT0 > Accumulable registered as "h442"
G4WT10 > Accumulable registered as "h380"
G4WT11 > Accumulable registered as "h505"
G4WT10 > Accumulable registered as "h381"
G4WT7 > Accumulable registered as "h483"
G4WT11 > Accumulable registered as "h506"
G4WT2 > Accumulable registered as "h458"
G4WT5 > Accumulable registered as "h524"
G4WT6 > Accumulable registered as "h670"
G4WT8 > Accumulable registered as "h525"
G4WT3 > Accumulable registered as "h478"
G4WT4 > Accumulable registered as "h463"
G4WT3 > Accumulable registered as "h479"
G4WT4 > Accumulable registered as "h464"
G4WT3 > Accumulable registered as "h480"
G4WT10 > Accumulable registered as "h382"
G4WT11 > Accumulable registered as "h507"
G4WT7 > Accumulable registered as "h484"
G4WT2 > Accumulable registered as "h459"
G4WT7 > Accumulable registered as "h485"
G4WT6 > Accumulable registered as "h671"
G4WT8 > Accumulable registered as "h526"
G4WT0 > Accumulable registered as "h443"
G4WT8 > Accumulable registered as "h527"
G4WT1 > Accumulable registered as "h432"
G4WT4 > Accumulable registered as "h465"
G4WT9 > Accumulable registered as "h450"
G4WT1 > Accumulable registered as "h433"
G4WT11 > Accumulable registered as "h508"
G4WT9 > Accumulable registered as "h451"
G4WT2 > Accumulable registered as "h460"
G4WT7 > Accumulable registered as "h486"
G4WT6 > Accumulable registered as "h672"
G4WT0 > Accumulable registered as "h444"
G4WT8 > Accumulable registered as "h528"
G4WT0 > Accumulable registered as "h445"
G4WT3 > Accumulable registered as "h481"
G4WT0 > Accumulable registered as "h446"
G4WT1 > Accumulable registered as "h434"
G4WT0 > Accumulable registered as "h447"
G4WT5 > Accumulable registered as "h525"
G4WT9 > Accumulable registered as "h452"
G4WT5 > Accumulable registered as "h526"
G4WT9 > Accumulable registered as "h453"
G4WT5 > Accumulable registered as "h527"
G4WT6 > Accumulable registered as "h673"
G4WT4 > Accumulable registered as "h466"
G4WT6 > Accumulable registered as "h674"
G4WT3 > Accumulable registered as "h482"
G4WT11 > Accumulable registered as "h509"
G4WT3 > Accumulable registered as "h483"
G4WT0 > Accumulable registered as "h448"
G4WT2 > Accumulable registered as "h461"
G4WT0 > Accumulable registered as "h449"
G4WT7 > Accumulable registered as "h487"
G4WT0 > Accumulable registered as "h450"
G4WT2 > Accumulable registered as "h462"
G4WT5 > Accumulable registered as "h528"
G4WT0 > Accumulable registered as "h451"
G4WT2 > Accumulable registered as "h463"
G4WT6 > Accumulable registered as "h675"
G4WT2 > Accumulable registered as "h464"
G4WT3 > Accumulable registered as "h484"
G4WT2 > Accumulable registered as "h465"
G4WT9 > Accumulable registered as "h454"
G4WT3 > Accumulable registered as "h485"
G4WT2 > Accumulable registered as "h466"
G4WT7 > Accumulable registered as "h488"
G4WT9 > Accumulable registered as "h455"
G4WT1 > Accumulable registered as "h435"
G4WT7 > Accumulable registered as "h489"
G4WT0 > Accumulable registered as "h452"
G4WT1 > Accumulable registered as "h436"
G4WT6 > Accumulable registered as "h676"
G4WT0 > Accumulable registered as "h453"
G4WT10 > Accumulable registered as "h383"
G4WT4 > Accumulable registered as "h467"
G4WT2 > Accumulable registered as "h467"
G4WT4 > Accumulable registered as "h468"
G4WT5 > Accumulable registered as "h529"
G4WT11 > Accumulable registered as "h510"
G4WT7 > Accumulable registered as "h490"
G4WT11 > Accumulable registered as "h511"
G4WT3 > Accumulable registered as "h486"
G4WT0 > Accumulable registered as "h454"
G4WT3 > Accumulable registered as "h487"
G4WT6 > Accumulable registered as "h677"
G4WT10 > Accumulable registered as "h384"
G4WT6 > Accumulable registered as "h678"
G4WT9 > Accumulable registered as "h456"
G4WT6 > Accumulable registered as "h679"
G4WT4 > Accumulable registered as "h469"
G4WT4 > Accumulable registered as "h470"
G4WT8 > Accumulable registered as "h529"
G4WT4 > Accumulable registered as "h471"
G4WT11 > Accumulable registered as "h512"
G4WT8 > Accumulable registered as "h530"
G4WT0 > Accumulable registered as "h455"
G4WT3 > Accumulable registered as "h488"
G4WT2 > Accumulable registered as "h468"
G4WT0 > Accumulable registered as "h456"
G4WT5 > Accumulable registered as "h530"
G4WT2 > Accumulable registered as "h469"
G4WT9 > Accumulable registered as "h457"
G4WT2 > Accumulable registered as "h470"
G4WT1 > Accumulable registered as "h437"
G4WT9 > Accumulable registered as "h458"
G4WT8 > Accumulable registered as "h531"
G4WT9 > Accumulable registered as "h459"
G4WT6 > Accumulable registered as "h680"
G4WT0 > Accumulable registered as "h457"
G4WT6 > Accumulable registered as "h681"
G4WT4 > Accumulable registered as "h472"
G4WT5 > Accumulable registered as "h531"
G4WT4 > Accumulable registered as "h473"
G4WT11 > Accumulable registered as "h513"
G4WT5 > Accumulable registered as "h532"
G4WT11 > Accumulable registered as "h514"
G4WT3 > Accumulable registered as "h489"
G4WT9 > Accumulable registered as "h460"
G4WT8 > Accumulable registered as "h532"
G4WT9 > Accumulable registered as "h461"
G4WT8 > Accumulable registered as "h533"
G4WT0 > Accumulable registered as "h458"
G4WT2 > Accumulable registered as "h471"
G4WT0 > Accumulable registered as "h459"
G4WT4 > Accumulable registered as "h474"
G4WT0 > Accumulable registered as "h460"
G4WT1 > Accumulable registered as "h438"
G4WT0 > Accumulable registered as "h461"
G4WT11 > Accumulable registered as "h515"
G4WT3 > Accumulable registered as "h490"
G4WT7 > Accumulable registered as "h491"
G4WT3 > Accumulable registered as "h491"
G4WT9 > Accumulable registered as "h462"
G4WT9 > Accumulable registered as "h463"
G4WT2 > Accumulable registered as "h472"
G4WT5 > Accumulable registered as "h533"
G4WT4 > Accumulable registered as "h475"
G4WT0 > Accumulable registered as "h462"
G4WT1 > Accumulable registered as "h439"
G4WT0 > Accumulable registered as "h463"
G4WT6 > Accumulable registered as "h682"
G4WT1 > Accumulable registered as "h440"
G4WT8 > Accumulable registered as "h534"
G4WT3 > Accumulable registered as "h492"
G4WT8 > Accumulable registered as "h535"
G4WT9 > Accumulable registered as "h464"
G4WT10 > Accumulable registered as "h385"
G4WT5 > Accumulable registered as "h534"
G4WT10 > Accumulable registered as "h386"
G4WT4 > Accumulable registered as "h476"
G4WT5 > Accumulable registered as "h535"
G4WT0 > Accumulable registered as "h464"
G4WT5 > Accumulable registered as "h536"
G4WT7 > Accumulable registered as "h492"
G4WT8 > Accumulable registered as "h536"
G4WT3 > Accumulable registered as "h493"
G4WT8 > Accumulable registered as "h537"
G4WT2 > Accumulable registered as "h473"
G4WT3 > Accumulable registered as "h494"
G4WT11 > Accumulable registered as "h516"
G4WT2 > Accumulable registered as "h474"
G4WT4 > Accumulable registered as "h477"
G4WT1 > Accumulable registered as "h441"
G4WT0 > Accumulable registered as "h465"
G4WT1 > Accumulable registered as "h442"
G4WT5 > Accumulable registered as "h537"
G4WT7 > Accumulable registered as "h493"
G4WT9 > Accumulable registered as "h465"
G4WT5 > Accumulable registered as "h538"
G4WT7 > Accumulable registered as "h494"
G4WT3 > Accumulable registered as "h495"
G4WT6 > Accumulable registered as "h683"
G4WT3 > Accumulable registered as "h496"
G4WT6 > Accumulable registered as "h684"
G4WT0 > Accumulable registered as "h466"
G4WT1 > Accumulable registered as "h443"
G4WT0 > Accumulable registered as "h467"
G4WT8 > Accumulable registered as "h538"
G4WT1 > Accumulable registered as "h444"
G4WT5 > Accumulable registered as "h539"
G4WT7 > Accumulable registered as "h495"
G4WT5 > Accumulable registered as "h540"
G4WT7 > Accumulable registered as "h496"
G4WT5 > Accumulable registered as "h541"
G4WT4 > Accumulable registered as "h478"
G4WT6 > Accumulable registered as "h685"
G4WT4 > Accumulable registered as "h479"
G4WT10 > Accumulable registered as "h387"
G4WT6 > Accumulable registered as "h686"
G4WT9 > Accumulable registered as "h466"
G4WT1 > Accumulable registered as "h445"
G4WT9 > Accumulable registered as "h467"
G4WT11 > Accumulable registered as "h517"
G4WT1 > Accumulable registered as "h446"
G4WT7 > Accumulable registered as "h497"
G4WT1 > Accumulable registered as "h447"
G4WT5 > Accumulable registered as "h542"
G4WT0 > Accumulable registered as "h468"
G4WT4 > Accumulable registered as "h480"
G4WT0 > Accumulable registered as "h469"
G4WT4 > Accumulable registered as "h481"
G4WT4 > Accumulable registered as "h482"
G4WT9 > Accumulable registered as "h468"
G4WT3 > Accumulable registered as "h497"
G4WT11 > Accumulable registered as "h518"
G4WT3 > Accumulable registered as "h498"
G4WT11 > Accumulable registered as "h519"
G4WT3 > Accumulable registered as "h499"
G4WT8 > Accumulable registered as "h539"
G4WT6 > Accumulable registered as "h687"
G4WT10 > Accumulable registered as "h388"
G4WT0 > Accumulable registered as "h470"
G4WT10 > Accumulable registered as "h389"
G4WT4 > Accumulable registered as "h483"
G4WT9 > Accumulable registered as "h469"
G4WT1 > Accumulable registered as "h448"
G4WT9 > Accumulable registered as "h470"
G4WT7 > Accumulable registered as "h498"
G4WT1 > Accumulable registered as "h449"
G4WT5 > Accumulable registered as "h543"
G4WT1 > Accumulable registered as "h450"
G4WT8 > Accumulable registered as "h540"
G4WT1 > Accumulable registered as "h451"
G4WT10 > Accumulable registered as "h390"
G4WT0 > Accumulable registered as "h471"
G4WT10 > Accumulable registered as "h391"
G4WT4 > Accumulable registered as "h484"
G4WT11 > Accumulable registered as "h520"
G4WT3 > Accumulable registered as "h500"
G4WT7 > Accumulable registered as "h499"
G4WT3 > Accumulable registered as "h501"
G4WT5 > Accumulable registered as "h544"
G4WT7 > Accumulable registered as "h500"
G4WT5 > Accumulable registered as "h545"
G4WT7 > Accumulable registered as "h501"
G4WT8 > Accumulable registered as "h541"
G4WT9 > Accumulable registered as "h471"
G4WT0 > Accumulable registered as "h472"
G4WT9 > Accumulable registered as "h472"
G4WT4 > Accumulable registered as "h485"
G4WT11 > Accumulable registered as "h521"
G4WT4 > Accumulable registered as "h486"
G4WT11 > Accumulable registered as "h522"
G4WT1 > Accumulable registered as "h452"
G4WT11 > Accumulable registered as "h523"
G4WT5 > Accumulable registered as "h546"
G4WT1 > Accumulable registered as "h453"
G4WT7 > Accumulable registered as "h502"
G4WT5 > Accumulable registered as "h547"
G4WT9 > Accumulable registered as "h473"
G4WT6 > Accumulable registered as "h688"
G4WT3 > Accumulable registered as "h502"
G4WT6 > Accumulable registered as "h689"
G4WT4 > Accumulable registered as "h487"
G4WT3 > Accumulable registered as "h503"
G4WT11 > Accumulable registered as "h524"
G4WT4 > Accumulable registered as "h488"
G4WT8 > Accumulable registered as "h542"
G4WT4 > Accumulable registered as "h489"
G4WT2 > Accumulable registered as "h475"
G4WT4 > Accumulable registered as "h490"
G4WT5 > Accumulable registered as "h548"
G4WT2 > Accumulable registered as "h476"
G4WT10 > Accumulable registered as "h392"
G4WT3 > Accumulable registered as "h504"
G4WT1 > Accumulable registered as "h454"
G4WT3 > Accumulable registered as "h505"
G4WT11 > Accumulable registered as "h525"
G4WT3 > Accumulable registered as "h506"
G4WT8 > Accumulable registered as "h543"
G4WT11 > Accumulable registered as "h526"
G4WT9 > Accumulable registered as "h474"
G4WT8 > Accumulable registered as "h544"
G4WT6 > Accumulable registered as "h690"
G4WT8 > Accumulable registered as "h545"
G4WT2 > Accumulable registered as "h477"
G4WT10 > Accumulable registered as "h393"
G4WT0 > Accumulable registered as "h473"
G4WT7 > Accumulable registered as "h503"
G4WT0 > Accumulable registered as "h474"
G4WT3 > Accumulable registered as "h507"
G4WT7 > Accumulable registered as "h504"
G4WT11 > Accumulable registered as "h527"
G4WT3 > Accumulable registered as "h508"
G4WT9 > Accumulable registered as "h475"
G4WT3 > Accumulable registered as "h509"
G4WT6 > Accumulable registered as "h691"
G4WT3 > Accumulable registered as "h510"
G4WT2 > Accumulable registered as "h478"
G4WT6 > Accumulable registered as "h692"
G4WT4 > Accumulable registered as "h491"
G4WT0 > Accumulable registered as "h475"
G4WT5 > Accumulable registered as "h549"
G4WT0 > Accumulable registered as "h476"
G4WT5 > Accumulable registered as "h550"
G4WT0 > Accumulable registered as "h477"
G4WT5 > Accumulable registered as "h551"
G4WT0 > Accumulable registered as "h478"
G4WT10 > Accumulable registered as "h394"
G4WT3 > Accumulable registered as "h511"
G4WT2 > Accumulable registered as "h479"
G4WT10 > Accumulable registered as "h395"
G4WT3 > Accumulable registered as "h512"
G4WT4 > Accumulable registered as "h492"
G4WT8 > Accumulable registered as "h546"
G4WT11 > Accumulable registered as "h528"
G4WT3 > Accumulable registered as "h513"
G4WT9 > Accumulable registered as "h476"
G4WT5 > Accumulable registered as "h552"
G4WT3 > Accumulable registered as "h514"
G4WT6 > Accumulable registered as "h693"
G4WT3 > Accumulable registered as "h515"
G4WT10 > Accumulable registered as "h396"
G4WT4 > Accumulable registered as "h493"
G4WT10 > Accumulable registered as "h397"
G4WT8 > Accumulable registered as "h547"
G4WT11 > Accumulable registered as "h529"
G4WT9 > Accumulable registered as "h477"
G4WT11 > Accumulable registered as "h530"
G4WT7 > Accumulable registered as "h505"
G4WT9 > Accumulable registered as "h478"
G4WT0 > Accumulable registered as "h479"
G4WT2 > Accumulable registered as "h480"
G4WT6 > Accumulable registered as "h694"
G4WT0 > Accumulable registered as "h480"
G4WT2 > Accumulable registered as "h481"
G4WT0 > Accumulable registered as "h481"
G4WT8 > Accumulable registered as "h548"
G4WT5 > Accumulable registered as "h553"
G4WT11 > Accumulable registered as "h531"
G4WT5 > Accumulable registered as "h554"
G4WT7 > Accumulable registered as "h506"
G4WT9 > Accumulable registered as "h479"
G4WT7 > Accumulable registered as "h507"
G4WT10 > Accumulable registered as "h398"
G4WT7 > Accumulable registered as "h508"
G4WT4 > Accumulable registered as "h494"
G4WT2 > Accumulable registered as "h482"
G4WT0 > Accumulable registered as "h482"
G4WT8 > Accumulable registered as "h549"
G4WT5 > Accumulable registered as "h555"
G4WT8 > Accumulable registered as "h550"
G4WT3 > Accumulable registered as "h516"
G4WT3 > Accumulable registered as "h517"
G4WT5 > Accumulable registered as "h556"
G4WT9 > Accumulable registered as "h480"
G4WT11 > Accumulable registered as "h532"
G4WT9 > Accumulable registered as "h481"
G4WT11 > Accumulable registered as "h533"
G4WT4 > Accumulable registered as "h495"
G4WT2 > Accumulable registered as "h483"
G4WT1 > Accumulable registered as "h455"
G4WT4 > Accumulable registered as "h496"
G4WT6 > Accumulable registered as "h695"
G4WT4 > Accumulable registered as "h497"
G4WT6 > Accumulable registered as "h696"
G4WT10 > Accumulable registered as "h399"
G4WT4 > Accumulable registered as "h498"
G4WT9 > Accumulable registered as "h482"
G4WT10 > Accumulable registered as "h400"
G4WT0 > Accumulable registered as "h483"
G4WT9 > Accumulable registered as "h483"
G4WT0 > Accumulable registered as "h484"
G4WT9 > Accumulable registered as "h484"
G4WT1 > Accumulable registered as "h456"
G4WT7 > Accumulable registered as "h509"
G4WT6 > Accumulable registered as "h697"
G4WT7 > Accumulable registered as "h510"
G4WT11 > Accumulable registered as "h534"
G4WT6 > Accumulable registered as "h698"
G4WT8 > Accumulable registered as "h551"
G4WT3 > Accumulable registered as "h518"
G4WT2 > Accumulable registered as "h484"
G4WT3 > Accumulable registered as "h519"
G4WT0 > Accumulable registered as "h485"
G4WT3 > Accumulable registered as "h520"
G4WT5 > Accumulable registered as "h557"
G4WT4 > Accumulable registered as "h499"
G4WT7 > Accumulable registered as "h511"
G4WT4 > Accumulable registered as "h500"
G4WT10 > Accumulable registered as "h401"
G4WT4 > Accumulable registered as "h501"
G4WT7 > Accumulable registered as "h512"
G4WT6 > Accumulable registered as "h699"
G4WT4 > Accumulable registered as "h502"
G4WT7 > Accumulable registered as "h513"
G4WT2 > Accumulable registered as "h485"
G4WT0 > Accumulable registered as "h486"
G4WT2 > Accumulable registered as "h486"
G4WT5 > Accumulable registered as "h558"
G4WT0 > Accumulable registered as "h487"
G4WT9 > Accumulable registered as "h485"
G4WT8 > Accumulable registered as "h552"
G4WT4 > Accumulable registered as "h503"
G4WT8 > Accumulable registered as "h553"
G4WT1 > Accumulable registered as "h457"
G4WT8 > Accumulable registered as "h554"
G4WT7 > Accumulable registered as "h514"
G4WT11 > Accumulable registered as "h535"
G4WT2 > Accumulable registered as "h487"
G4WT11 > Accumulable registered as "h536"
G4WT10 > Accumulable registered as "h402"
G4WT11 > Accumulable registered as "h537"
G4WT5 > Accumulable registered as "h559"
G4WT3 > Accumulable registered as "h521"
G4WT4 > Accumulable registered as "h504"
G4WT6 > Accumulable registered as "h700"
G4WT8 > Accumulable registered as "h555"
G4WT6 > Accumulable registered as "h701"
G4WT1 > Accumulable registered as "h458"
G4WT7 > Accumulable registered as "h515"
G4WT1 > Accumulable registered as "h459"
G4WT7 > Accumulable registered as "h516"
G4WT11 > Accumulable registered as "h538"
G4WT10 > Accumulable registered as "h403"
G4WT5 > Accumulable registered as "h560"
G4WT3 > Accumulable registered as "h522"
G4WT4 > Accumulable registered as "h505"
G4WT3 > Accumulable registered as "h523"
G4WT8 > Accumulable registered as "h556"
G4WT3 > Accumulable registered as "h524"
G4WT4 > Accumulable registered as "h506"
G4WT2 > Accumulable registered as "h488"
G4WT1 > Accumulable registered as "h460"
G4WT7 > Accumulable registered as "h517"
G4WT10 > Accumulable registered as "h404"
G4WT11 > Accumulable registered as "h539"
G4WT5 > Accumulable registered as "h561"
G4WT6 > Accumulable registered as "h702"
G4WT5 > Accumulable registered as "h562"
G4WT0 > Accumulable registered as "h488"
G4WT9 > Accumulable registered as "h486"
G4WT8 > Accumulable registered as "h557"
G4WT9 > Accumulable registered as "h487"
G4WT4 > Accumulable registered as "h507"
G4WT9 > Accumulable registered as "h488"
G4WT1 > Accumulable registered as "h461"
G4WT9 > Accumulable registered as "h489"
G4WT10 > Accumulable registered as "h405"
G4WT1 > Accumulable registered as "h462"
G4WT3 > Accumulable registered as "h525"
G4WT6 > Accumulable registered as "h703"
G4WT0 > Accumulable registered as "h489"
G4WT2 > Accumulable registered as "h489"
G4WT8 > Accumulable registered as "h558"
G4WT2 > Accumulable registered as "h490"
G4WT7 > Accumulable registered as "h518"
G4WT4 > Accumulable registered as "h508"
G4WT11 > Accumulable registered as "h540"
G4WT4 > Accumulable registered as "h509"
G4WT5 > Accumulable registered as "h563"
G4WT1 > Accumulable registered as "h463"
G4WT10 > Accumulable registered as "h406"
G4WT1 > Accumulable registered as "h464"
G4WT0 > Accumulable registered as "h490"
G4WT2 > Accumulable registered as "h491"
G4WT9 > Accumulable registered as "h490"
G4WT2 > Accumulable registered as "h492"
G4WT7 > Accumulable registered as "h519"
G4WT8 > Accumulable registered as "h559"
G4WT7 > Accumulable registered as "h520"
G4WT4 > Accumulable registered as "h510"
G4WT8 > Accumulable registered as "h560"
G4WT4 > Accumulable registered as "h511"
G4WT6 > Accumulable registered as "h704"
G4WT4 > Accumulable registered as "h512"
G4WT1 > Accumulable registered as "h465"
G4WT2 > Accumulable registered as "h493"
G4WT1 > Accumulable registered as "h466"
G4WT9 > Accumulable registered as "h491"
G4WT1 > Accumulable registered as "h467"
G4WT9 > Accumulable registered as "h492"
G4WT7 > Accumulable registered as "h521"
G4WT5 > Accumulable registered as "h564"
G4WT7 > Accumulable registered as "h522"
G4WT5 > Accumulable registered as "h565"
G4WT6 > Accumulable registered as "h705"
G4WT4 > Accumulable registered as "h513"
G4WT11 > Accumulable registered as "h541"
G4WT4 > Accumulable registered as "h514"
G4WT2 > Accumulable registered as "h494"
G4WT11 > Accumulable registered as "h542"
G4WT1 > Accumulable registered as "h468"
G4WT11 > Accumulable registered as "h543"
G4WT10 > Accumulable registered as "h407"
G4WT0 > Accumulable registered as "h491"
G4WT7 > Accumulable registered as "h523"
G4WT0 > Accumulable registered as "h492"
G4WT7 > Accumulable registered as "h524"
G4WT0 > Accumulable registered as "h493"
G4WT4 > Accumulable registered as "h515"
G4WT0 > Accumulable registered as "h494"
G4WT3 > Accumulable registered as "h526"
G4WT8 > Accumulable registered as "h561"
G4WT1 > Accumulable registered as "h469"
G4WT11 > Accumulable registered as "h544"
G4WT10 > Accumulable registered as "h408"
G4WT5 > Accumulable registered as "h566"
G4WT6 > Accumulable registered as "h706"
G4WT5 > Accumulable registered as "h567"
G4WT7 > Accumulable registered as "h525"
G4WT5 > Accumulable registered as "h568"
G4WT2 > Accumulable registered as "h495"
G4WT5 > Accumulable registered as "h569"
G4WT0 > Accumulable registered as "h495"
G4WT2 > Accumulable registered as "h496"
G4WT8 > Accumulable registered as "h562"
G4WT0 > Accumulable registered as "h496"
G4WT11 > Accumulable registered as "h545"
G4WT6 > Accumulable registered as "h707"
G4WT11 > Accumulable registered as "h546"
G4WT9 > Accumulable registered as "h493"
G4WT6 > Accumulable registered as "h708"
G4WT3 > Accumulable registered as "h527"
G4WT9 > Accumulable registered as "h494"
G4WT1 > Accumulable registered as "h470"
G4WT3 > Accumulable registered as "h528"
G4WT4 > Accumulable registered as "h516"
G4WT10 > Accumulable registered as "h409"
G4WT4 > Accumulable registered as "h517"
G4WT10 > Accumulable registered as "h410"
G4WT4 > Accumulable registered as "h518"
G4WT5 > Accumulable registered as "h570"
G4WT10 > Accumulable registered as "h411"
G4WT6 > Accumulable registered as "h709"
G4WT2 > Accumulable registered as "h497"
G4WT9 > Accumulable registered as "h495"
G4WT1 > Accumulable registered as "h471"
G4WT3 > Accumulable registered as "h529"
G4WT1 > Accumulable registered as "h472"
G4WT8 > Accumulable registered as "h563"
G4WT7 > Accumulable registered as "h526"
G4WT8 > Accumulable registered as "h564"
G4WT10 > Accumulable registered as "h412"
G4WT5 > Accumulable registered as "h571"
G4WT10 > Accumulable registered as "h413"
G4WT6 > Accumulable registered as "h710"
G4WT10 > Accumulable registered as "h414"
G4WT0 > Accumulable registered as "h497"
G4WT6 > Accumulable registered as "h711"
G4WT0 > Accumulable registered as "h498"
G4WT11 > Accumulable registered as "h547"
G4WT4 > Accumulable registered as "h519"
G4WT11 > Accumulable registered as "h548"
G4WT4 > Accumulable registered as "h520"
G4WT11 > Accumulable registered as "h549"
G4WT2 > Accumulable registered as "h498"
G4WT9 > Accumulable registered as "h496"
G4WT10 > Accumulable registered as "h415"
G4WT9 > Accumulable registered as "h497"
G4WT10 > Accumulable registered as "h416"
G4WT9 > Accumulable registered as "h498"
G4WT6 > Accumulable registered as "h712"
G4WT9 > Accumulable registered as "h499"
G4WT7 > Accumulable registered as "h527"
G4WT6 > Accumulable registered as "h713"
G4WT5 > Accumulable registered as "h572"
G4WT11 > Accumulable registered as "h550"
G4WT2 > Accumulable registered as "h499"
G4WT11 > Accumulable registered as "h551"
G4WT3 > Accumulable registered as "h530"
G4WT1 > Accumulable registered as "h473"
G4WT10 > Accumulable registered as "h417"
G4WT0 > Accumulable registered as "h499"
G4WT10 > Accumulable registered as "h418"
G4WT9 > Accumulable registered as "h500"
G4WT0 > Accumulable registered as "h500"
G4WT7 > Accumulable registered as "h528"
G4WT0 > Accumulable registered as "h501"
G4WT5 > Accumulable registered as "h573"
G4WT3 > Accumulable registered as "h531"
G4WT5 > Accumulable registered as "h574"
G4WT8 > Accumulable registered as "h565"
G4WT1 > Accumulable registered as "h474"
G4WT8 > Accumulable registered as "h566"
G4WT4 > Accumulable registered as "h521"
G4WT8 > Accumulable registered as "h567"
G4WT6 > Accumulable registered as "h714"
G4WT11 > Accumulable registered as "h552"
G4WT7 > Accumulable registered as "h529"
G4WT0 > Accumulable registered as "h502"
G4WT7 > Accumulable registered as "h530"
G4WT2 > Accumulable registered as "h500"
G4WT5 > Accumulable registered as "h575"
G4WT1 > Accumulable registered as "h475"
G4WT10 > Accumulable registered as "h419"
G4WT9 > Accumulable registered as "h501"
G4WT10 > Accumulable registered as "h420"
G4WT8 > Accumulable registered as "h568"
G4WT10 > Accumulable registered as "h421"
G4WT9 > Accumulable registered as "h502"
G4WT11 > Accumulable registered as "h553"
G4WT8 > Accumulable registered as "h569"
G4WT7 > Accumulable registered as "h531"
G4WT0 > Accumulable registered as "h503"
G4WT5 > Accumulable registered as "h576"
G4WT0 > Accumulable registered as "h504"
G4WT5 > Accumulable registered as "h577"
G4WT6 > Accumulable registered as "h715"
G4WT3 > Accumulable registered as "h532"
G4WT10 > Accumulable registered as "h422"
G4WT3 > Accumulable registered as "h533"
G4WT9 > Accumulable registered as "h503"
G4WT10 > Accumulable registered as "h423"
G4WT11 > Accumulable registered as "h554"
G4WT9 > Accumulable registered as "h504"
G4WT7 > Accumulable registered as "h532"
G4WT11 > Accumulable registered as "h555"
G4WT9 > Accumulable registered as "h505"
G4WT0 > Accumulable registered as "h505"
G4WT7 > Accumulable registered as "h533"
G4WT9 > Accumulable registered as "h506"
G4WT8 > Accumulable registered as "h570"
G4WT2 > Accumulable registered as "h501"
G4WT10 > Accumulable registered as "h424"
G4WT1 > Accumulable registered as "h476"
G4WT10 > Accumulable registered as "h425"
G4WT1 > Accumulable registered as "h477"
G4WT10 > Accumulable registered as "h426"
G4WT5 > Accumulable registered as "h578"
G4WT7 > Accumulable registered as "h534"
G4WT5 > Accumulable registered as "h579"
G4WT3 > Accumulable registered as "h534"
G4WT9 > Accumulable registered as "h507"
G4WT3 > Accumulable registered as "h535"
G4WT8 > Accumulable registered as "h571"
G4WT3 > Accumulable registered as "h536"
G4WT9 > Accumulable registered as "h508"
G4WT11 > Accumulable registered as "h556"
G4WT6 > Accumulable registered as "h716"
G4WT11 > Accumulable registered as "h557"
G4WT6 > Accumulable registered as "h717"
G4WT7 > Accumulable registered as "h535"
G4WT5 > Accumulable registered as "h580"
G4WT2 > Accumulable registered as "h502"
G4WT5 > Accumulable registered as "h581"
G4WT4 > Accumulable registered as "h522"
G4WT1 > Accumulable registered as "h478"
G4WT8 > Accumulable registered as "h572"
G4WT1 > Accumulable registered as "h479"
G4WT8 > Accumulable registered as "h573"
G4WT0 > Accumulable registered as "h506"
G4WT11 > Accumulable registered as "h558"
G4WT6 > Accumulable registered as "h718"
G4WT11 > Accumulable registered as "h559"
G4WT7 > Accumulable registered as "h536"
G4WT6 > Accumulable registered as "h719"
G4WT5 > Accumulable registered as "h582"
G4WT7 > Accumulable registered as "h537"
G4WT4 > Accumulable registered as "h523"
G4WT7 > Accumulable registered as "h538"
G4WT10 > Accumulable registered as "h427"
G4WT8 > Accumulable registered as "h574"
G4WT10 > Accumulable registered as "h428"
G4WT0 > Accumulable registered as "h507"
G4WT8 > Accumulable registered as "h575"
G4WT0 > Accumulable registered as "h508"
G4WT6 > Accumulable registered as "h720"
G4WT9 > Accumulable registered as "h509"
G4WT5 > Accumulable registered as "h583"
G4WT9 > Accumulable registered as "h510"
G4WT5 > Accumulable registered as "h584"
G4WT4 > Accumulable registered as "h524"
G4WT3 > Accumulable registered as "h537"
G4WT10 > Accumulable registered as "h429"
G4WT3 > Accumulable registered as "h538"
G4WT10 > Accumulable registered as "h430"
G4WT2 > Accumulable registered as "h503"
G4WT0 > Accumulable registered as "h509"
G4WT6 > Accumulable registered as "h721"
G4WT0 > Accumulable registered as "h510"
G4WT1 > Accumulable registered as "h480"
G4WT7 > Accumulable registered as "h539"
G4WT1 > Accumulable registered as "h481"
G4WT4 > Accumulable registered as "h525"
G4WT11 > Accumulable registered as "h560"
G4WT3 > Accumulable registered as "h539"
G4WT11 > Accumulable registered as "h561"
G4WT10 > Accumulable registered as "h431"
G4WT2 > Accumulable registered as "h504"
G4WT6 > Accumulable registered as "h722"
G4WT0 > Accumulable registered as "h511"
G4WT9 > Accumulable registered as "h511"
G4WT0 > Accumulable registered as "h512"
G4WT5 > Accumulable registered as "h585"
G4WT7 > Accumulable registered as "h540"
G4WT9 > Accumulable registered as "h512"
G4WT4 > Accumulable registered as "h526"
G4WT3 > Accumulable registered as "h540"
G4WT11 > Accumulable registered as "h562"
G4WT10 > Accumulable registered as "h432"
G4WT2 > Accumulable registered as "h505"
G4WT10 > Accumulable registered as "h433"
G4WT6 > Accumulable registered as "h723"
G4WT2 > Accumulable registered as "h506"
G4WT1 > Accumulable registered as "h482"
G4WT8 > Accumulable registered as "h576"
G4WT7 > Accumulable registered as "h541"
G4WT8 > Accumulable registered as "h577"
G4WT9 > Accumulable registered as "h513"
G4WT7 > Accumulable registered as "h542"
G4WT3 > Accumulable registered as "h541"
G4WT7 > Accumulable registered as "h543"
G4WT9 > Accumulable registered as "h514"
G4WT5 > Accumulable registered as "h586"
G4WT2 > Accumulable registered as "h507"
G4WT6 > Accumulable registered as "h724"
G4WT1 > Accumulable registered as "h483"
G4WT6 > Accumulable registered as "h725"
G4WT1 > Accumulable registered as "h484"
G4WT6 > Accumulable registered as "h726"
G4WT11 > Accumulable registered as "h563"
G4WT9 > Accumulable registered as "h515"
G4WT3 > Accumulable registered as "h542"
G4WT7 > Accumulable registered as "h544"
G4WT5 > Accumulable registered as "h587"
G4WT7 > Accumulable registered as "h545"
G4WT2 > Accumulable registered as "h508"
G4WT5 > Accumulable registered as "h588"
G4WT8 > Accumulable registered as "h578"
G4WT5 > Accumulable registered as "h589"
G4WT0 > Accumulable registered as "h513"
G4WT8 > Accumulable registered as "h579"
G4WT10 > Accumulable registered as "h434"
G4WT8 > Accumulable registered as "h580"
G4WT9 > Accumulable registered as "h516"
G4WT3 > Accumulable registered as "h543"
G4WT7 > Accumulable registered as "h546"
G4WT1 > Accumulable registered as "h485"
G4WT2 > Accumulable registered as "h509"
G4WT1 > Accumulable registered as "h486"
G4WT2 > Accumulable registered as "h510"
G4WT1 > Accumulable registered as "h487"
G4WT11 > Accumulable registered as "h564"
G4WT8 > Accumulable registered as "h581"
G4WT11 > Accumulable registered as "h565"
G4WT10 > Accumulable registered as "h435"
G4WT11 > Accumulable registered as "h566"
G4WT10 > Accumulable registered as "h436"
G4WT3 > Accumulable registered as "h544"
G4WT6 > Accumulable registered as "h727"
G4WT3 > Accumulable registered as "h545"
G4WT5 > Accumulable registered as "h590"
G4WT2 > Accumulable registered as "h511"
G4WT3 > Accumulable registered as "h546"
G4WT1 > Accumulable registered as "h488"
G4WT9 > Accumulable registered as "h517"
G4WT1 > Accumulable registered as "h489"
G4WT11 > Accumulable registered as "h567"
G4WT1 > Accumulable registered as "h490"
G4WT7 > Accumulable registered as "h547"
G4WT6 > Accumulable registered as "h728"
G4WT7 > Accumulable registered as "h548"
G4WT0 > Accumulable registered as "h514"
G4WT8 > Accumulable registered as "h582"
G4WT3 > Accumulable registered as "h547"
G4WT2 > Accumulable registered as "h512"
G4WT3 > Accumulable registered as "h548"
G4WT2 > Accumulable registered as "h513"
G4WT10 > Accumulable registered as "h437"
G4WT1 > Accumulable registered as "h491"
G4WT4 > Accumulable registered as "h527"
G4WT11 > Accumulable registered as "h568"
G4WT5 > Accumulable registered as "h591"
G4WT4 > Accumulable registered as "h528"
G4WT11 > Accumulable registered as "h569"
G4WT0 > Accumulable registered as "h515"
G4WT8 > Accumulable registered as "h583"
G4WT0 > Accumulable registered as "h516"
G4WT2 > Accumulable registered as "h514"
G4WT10 > Accumulable registered as "h438"
G4WT1 > Accumulable registered as "h492"
G4WT6 > Accumulable registered as "h729"
G4WT1 > Accumulable registered as "h493"
G4WT7 > Accumulable registered as "h549"
G4WT5 > Accumulable registered as "h592"
G4WT7 > Accumulable registered as "h550"
G4WT11 > Accumulable registered as "h570"
G4WT5 > Accumulable registered as "h593"
G4WT3 > Accumulable registered as "h549"
G4WT11 > Accumulable registered as "h571"
G4WT0 > Accumulable registered as "h517"
G4WT11 > Accumulable registered as "h572"
G4WT10 > Accumulable registered as "h439"
G4WT0 > Accumulable registered as "h518"
G4WT6 > Accumulable registered as "h730"
G4WT9 > Accumulable registered as "h518"
G4WT7 > Accumulable registered as "h551"
G4WT9 > Accumulable registered as "h519"
G4WT8 > Accumulable registered as "h584"
G4WT7 > Accumulable registered as "h552"
G4WT2 > Accumulable registered as "h515"
G4WT11 > Accumulable registered as "h573"
G4WT2 > Accumulable registered as "h516"
G4WT11 > Accumulable registered as "h574"
G4WT2 > Accumulable registered as "h517"
G4WT10 > Accumulable registered as "h440"
G4WT0 > Accumulable registered as "h519"
G4WT6 > Accumulable registered as "h731"
G4WT5 > Accumulable registered as "h594"
G4WT6 > Accumulable registered as "h732"
G4WT5 > Accumulable registered as "h595"
G4WT7 > Accumulable registered as "h553"
G4WT4 > Accumulable registered as "h529"
G4WT1 > Accumulable registered as "h494"
G4WT11 > Accumulable registered as "h575"
G4WT1 > Accumulable registered as "h495"
G4WT2 > Accumulable registered as "h518"
G4WT1 > Accumulable registered as "h496"
G4WT9 > Accumulable registered as "h520"
G4WT3 > Accumulable registered as "h550"
G4WT9 > Accumulable registered as "h521"
G4WT3 > Accumulable registered as "h551"
G4WT9 > Accumulable registered as "h522"
G4WT3 > Accumulable registered as "h552"
G4WT9 > Accumulable registered as "h523"
G4WT4 > Accumulable registered as "h530"
G4WT10 > Accumulable registered as "h441"
G4WT11 > Accumulable registered as "h576"
G4WT10 > Accumulable registered as "h442"
G4WT1 > Accumulable registered as "h497"
G4WT8 > Accumulable registered as "h585"
G4WT6 > Accumulable registered as "h733"
G4WT8 > Accumulable registered as "h586"
G4WT5 > Accumulable registered as "h596"
G4WT8 > Accumulable registered as "h587"
G4WT3 > Accumulable registered as "h553"
G4WT0 > Accumulable registered as "h520"
G4WT4 > Accumulable registered as "h531"
G4WT2 > Accumulable registered as "h519"
G4WT10 > Accumulable registered as "h443"
G4WT2 > Accumulable registered as "h520"
G4WT10 > Accumulable registered as "h444"
G4WT2 > Accumulable registered as "h521"
G4WT10 > Accumulable registered as "h445"
G4WT6 > Accumulable registered as "h734"
G4WT8 > Accumulable registered as "h588"
G4WT5 > Accumulable registered as "h597"
G4WT3 > Accumulable registered as "h554"
G4WT5 > Accumulable registered as "h598"
G4WT0 > Accumulable registered as "h521"
G4WT4 > Accumulable registered as "h532"
G4WT0 > Accumulable registered as "h522"
G4WT0 > Accumulable registered as "h523"
G4WT2 > Accumulable registered as "h522"
G4WT9 > Accumulable registered as "h524"
G4WT10 > Accumulable registered as "h446"
G4WT9 > Accumulable registered as "h525"
G4WT10 > Accumulable registered as "h447"
G4WT8 > Accumulable registered as "h589"
G4WT9 > Accumulable registered as "h526"
G4WT10 > Accumulable registered as "h448"
G4WT11 > Accumulable registered as "h577"
G4WT7 > Accumulable registered as "h554"
G4WT11 > Accumulable registered as "h578"
G4WT4 > Accumulable registered as "h533"
G4WT2 > Accumulable registered as "h523"
G4WT6 > Accumulable registered as "h735"
G4WT3 > Accumulable registered as "h555"
G4WT6 > Accumulable registered as "h736"
G4WT5 > Accumulable registered as "h599"
G4WT3 > Accumulable registered as "h556"
G4WT1 > Accumulable registered as "h498"
G4WT3 > Accumulable registered as "h557"
G4WT10 > Accumulable registered as "h449"
G4WT7 > Accumulable registered as "h555"
G4WT11 > Accumulable registered as "h579"
G4WT4 > Accumulable registered as "h534"
G4WT11 > Accumulable registered as "h580"
G4WT4 > Accumulable registered as "h535"
G4WT11 > Accumulable registered as "h581"
G4WT9 > Accumulable registered as "h527"
G4WT5 > Accumulable registered as "h600"
G4WT9 > Accumulable registered as "h528"
G4WT0 > Accumulable registered as "h524"
G4WT5 > Accumulable registered as "h601"
G4WT9 > Accumulable registered as "h529"
G4WT1 > Accumulable registered as "h499"
G4WT7 > Accumulable registered as "h556"
G4WT2 > Accumulable registered as "h524"
G4WT7 > Accumulable registered as "h557"
G4WT6 > Accumulable registered as "h737"
G4WT4 > Accumulable registered as "h536"
G4WT11 > Accumulable registered as "h582"
G4WT6 > Accumulable registered as "h738"
G4WT11 > Accumulable registered as "h583"
G4WT5 > Accumulable registered as "h602"
G4WT9 > Accumulable registered as "h530"
G4WT0 > Accumulable registered as "h525"
G4WT9 > Accumulable registered as "h531"
G4WT0 > Accumulable registered as "h526"
G4WT2 > Accumulable registered as "h525"
G4WT3 > Accumulable registered as "h558"
G4WT10 > Accumulable registered as "h450"
G4WT4 > Accumulable registered as "h537"
G4WT10 > Accumulable registered as "h451"
G4WT6 > Accumulable registered as "h739"
G4WT4 > Accumulable registered as "h538"
G4WT8 > Accumulable registered as "h590"
G4WT1 > Accumulable registered as "h500"
G4WT7 > Accumulable registered as "h558"
G4WT9 > Accumulable registered as "h532"
G4WT7 > Accumulable registered as "h559"
G4WT2 > Accumulable registered as "h526"
G4WT9 > Accumulable registered as "h533"
G4WT11 > Accumulable registered as "h584"
G4WT10 > Accumulable registered as "h452"
G4WT11 > Accumulable registered as "h585"
G4WT10 > Accumulable registered as "h453"
G4WT11 > Accumulable registered as "h586"
G4WT4 > Accumulable registered as "h539"
G4WT1 > Accumulable registered as "h501"
G4WT4 > Accumulable registered as "h540"
G4WT0 > Accumulable registered as "h527"
G4WT1 > Accumulable registered as "h502"
G4WT3 > Accumulable registered as "h559"
G4WT1 > Accumulable registered as "h503"
G4WT0 > Accumulable registered as "h528"
G4WT5 > Accumulable registered as "h603"
G4WT10 > Accumulable registered as "h454"
G4WT5 > Accumulable registered as "h604"
G4WT8 > Accumulable registered as "h591"
G4WT11 > Accumulable registered as "h587"
G4WT7 > Accumulable registered as "h560"
G4WT8 > Accumulable registered as "h592"
G4WT2 > Accumulable registered as "h527"
G4WT7 > Accumulable registered as "h561"
G4WT1 > Accumulable registered as "h504"
G4WT3 > Accumulable registered as "h560"
G4WT1 > Accumulable registered as "h505"
G4WT3 > Accumulable registered as "h561"
G4WT5 > Accumulable registered as "h605"
G4WT11 > Accumulable registered as "h588"
G4WT9 > Accumulable registered as "h534"
G4WT8 > Accumulable registered as "h593"
G4WT9 > Accumulable registered as "h535"
G4WT4 > Accumulable registered as "h541"
G4WT9 > Accumulable registered as "h536"
G4WT7 > Accumulable registered as "h562"
G4WT9 > Accumulable registered as "h537"
G4WT1 > Accumulable registered as "h506"
G4WT10 > Accumulable registered as "h455"
G4WT3 > Accumulable registered as "h562"
G4WT5 > Accumulable registered as "h606"
G4WT11 > Accumulable registered as "h589"
G4WT5 > Accumulable registered as "h607"
G4WT5 > Accumulable registered as "h608"
G4WT6 > Accumulable registered as "h740"
G4WT4 > Accumulable registered as "h542"
G4WT6 > Accumulable registered as "h741"
G4WT4 > Accumulable registered as "h543"
G4WT9 > Accumulable registered as "h538"
G4WT1 > Accumulable registered as "h507"
G4WT9 > Accumulable registered as "h539"
G4WT10 > Accumulable registered as "h456"
G4WT1 > Accumulable registered as "h508"
G4WT8 > Accumulable registered as "h594"
G4WT5 > Accumulable registered as "h609"
G4WT0 > Accumulable registered as "h529"
G4WT2 > Accumulable registered as "h528"
G4WT0 > Accumulable registered as "h530"
G4WT2 > Accumulable registered as "h529"
G4WT0 > Accumulable registered as "h531"
G4WT4 > Accumulable registered as "h544"
G4WT9 > Accumulable registered as "h540"
G4WT11 > Accumulable registered as "h590"
G4WT9 > Accumulable registered as "h541"
G4WT11 > Accumulable registered as "h591"
G4WT9 > Accumulable registered as "h542"
G4WT11 > Accumulable registered as "h592"
G4WT5 > Accumulable registered as "h610"
G4WT11 > Accumulable registered as "h593"
G4WT6 > Accumulable registered as "h742"
G4WT11 > Accumulable registered as "h594"
G4WT5 > Accumulable registered as "h611"
G4WT3 > Accumulable registered as "h563"
G4WT6 > Accumulable registered as "h743"
G4WT10 > Accumulable registered as "h457"
G4WT6 > Accumulable registered as "h744"
G4WT8 > Accumulable registered as "h595"
G4WT7 > Accumulable registered as "h563"
G4WT2 > Accumulable registered as "h530"
G4WT7 > Accumulable registered as "h564"
G4WT2 > Accumulable registered as "h531"
G4WT11 > Accumulable registered as "h595"
G4WT4 > Accumulable registered as "h545"
G4WT11 > Accumulable registered as "h596"
G4WT4 > Accumulable registered as "h546"
G4WT9 > Accumulable registered as "h543"
G4WT6 > Accumulable registered as "h745"
G4WT9 > Accumulable registered as "h544"
G4WT10 > Accumulable registered as "h458"
G4WT9 > Accumulable registered as "h545"
G4WT0 > Accumulable registered as "h532"
G4WT7 > Accumulable registered as "h565"
G4WT9 > Accumulable registered as "h546"
G4WT5 > Accumulable registered as "h612"
G4WT3 > Accumulable registered as "h564"
G4WT11 > Accumulable registered as "h597"
G4WT4 > Accumulable registered as "h547"
G4WT8 > Accumulable registered as "h596"
G4WT4 > Accumulable registered as "h548"
G4WT8 > Accumulable registered as "h597"
G4WT10 > Accumulable registered as "h459"
G4WT1 > Accumulable registered as "h509"
G4WT0 > Accumulable registered as "h533"
G4WT1 > Accumulable registered as "h510"
G4WT0 > Accumulable registered as "h534"
G4WT7 > Accumulable registered as "h566"
G4WT5 > Accumulable registered as "h613"
G4WT3 > Accumulable registered as "h565"
G4WT6 > Accumulable registered as "h746"
G4WT3 > Accumulable registered as "h566"
G4WT4 > Accumulable registered as "h549"
G4WT3 > Accumulable registered as "h567"
G4WT8 > Accumulable registered as "h598"
G4WT4 > Accumulable registered as "h550"
G4WT9 > Accumulable registered as "h547"
G4WT8 > Accumulable registered as "h599"
G4WT0 > Accumulable registered as "h535"
G4WT9 > Accumulable registered as "h548"
G4WT11 > Accumulable registered as "h598"
G4WT5 > Accumulable registered as "h614"
G4WT11 > Accumulable registered as "h599"
G4WT10 > Accumulable registered as "h460"
G4WT3 > Accumulable registered as "h568"
G4WT10 > Accumulable registered as "h461"
G4WT1 > Accumulable registered as "h511"
G4WT7 > Accumulable registered as "h567"
G4WT8 > Accumulable registered as "h600"
G4WT0 > Accumulable registered as "h536"
G4WT9 > Accumulable registered as "h549"
G4WT0 > Accumulable registered as "h537"
G4WT6 > Accumulable registered as "h747"
G4WT9 > Accumulable registered as "h550"
G4WT5 > Accumulable registered as "h615"
G4WT4 > Accumulable registered as "h551"
G4WT3 > Accumulable registered as "h569"
G4WT4 > Accumulable registered as "h552"
G4WT3 > Accumulable registered as "h570"
G4WT4 > Accumulable registered as "h553"
G4WT7 > Accumulable registered as "h568"
G4WT0 > Accumulable registered as "h538"
G4WT7 > Accumulable registered as "h569"
G4WT11 > Accumulable registered as "h600"
G4WT6 > Accumulable registered as "h748"
G4WT11 > Accumulable registered as "h601"
G4WT5 > Accumulable registered as "h616"
G4WT10 > Accumulable registered as "h462"
G4WT5 > Accumulable registered as "h617"
G4WT1 > Accumulable registered as "h512"
G4WT8 > Accumulable registered as "h601"
G4WT4 > Accumulable registered as "h554"
G4WT7 > Accumulable registered as "h570"
G4WT0 > Accumulable registered as "h539"
G4WT7 > Accumulable registered as "h571"
G4WT9 > Accumulable registered as "h551"
G4WT6 > Accumulable registered as "h749"
G4WT11 > Accumulable registered as "h602"
G4WT3 > Accumulable registered as "h571"
G4WT5 > Accumulable registered as "h618"
G4WT3 > Accumulable registered as "h572"
G4WT10 > Accumulable registered as "h463"
G4WT8 > Accumulable registered as "h602"
G4WT10 > Accumulable registered as "h464"
G4WT4 > Accumulable registered as "h555"
G4WT10 > Accumulable registered as "h465"
G4WT0 > Accumulable registered as "h540"
G4WT0 > Accumulable registered as "h541"
G4WT6 > Accumulable registered as "h750"
G4WT11 > Accumulable registered as "h603"
G4WT1 > Accumulable registered as "h513"
G4WT3 > Accumulable registered as "h573"
G4WT1 > Accumulable registered as "h514"
G4WT2 > Accumulable registered as "h532"
G4WT7 > Accumulable registered as "h572"
G4WT8 > Accumulable registered as "h603"
G4WT9 > Accumulable registered as "h552"
G4WT8 > Accumulable registered as "h604"
G4WT4 > Accumulable registered as "h556"
G4WT8 > Accumulable registered as "h605"
G4WT6 > Accumulable registered as "h751"
G4WT8 > Accumulable registered as "h606"
G4WT5 > Accumulable registered as "h619"
G4WT8 > Accumulable registered as "h607"
G4WT5 > Accumulable registered as "h620"
G4WT8 > Accumulable registered as "h608"
G4WT7 > Accumulable registered as "h573"
G4WT0 > Accumulable registered as "h542"
G4WT7 > Accumulable registered as "h574"
G4WT9 > Accumulable registered as "h553"
G4WT4 > Accumulable registered as "h557"
G4WT9 > Accumulable registered as "h554"
G4WT1 > Accumulable registered as "h515"
G4WT9 > Accumulable registered as "h555"
G4WT3 > Accumulable registered as "h574"
G4WT1 > Accumulable registered as "h516"
G4WT10 > Accumulable registered as "h466"
G4WT1 > Accumulable registered as "h517"
G4WT8 > Accumulable registered as "h609"
G4WT1 > Accumulable registered as "h518"
G4WT7 > Accumulable registered as "h575"
G4WT1 > Accumulable registered as "h519"
G4WT6 > Accumulable registered as "h752"
G4WT1 > Accumulable registered as "h520"
G4WT2 > Accumulable registered as "h533"
G4WT6 > Accumulable registered as "h753"
G4WT5 > Accumulable registered as "h621"
G4WT6 > Accumulable registered as "h754"
G4WT2 > Accumulable registered as "h534"
G4WT5 > Accumulable registered as "h622"
G4WT0 > Accumulable registered as "h543"
G4WT5 > Accumulable registered as "h623"
G4WT8 > Accumulable registered as "h610"
G4WT0 > Accumulable registered as "h544"
G4WT3 > Accumulable registered as "h575"
G4WT9 > Accumulable registered as "h556"
G4WT11 > Accumulable registered as "h604"
G4WT10 > Accumulable registered as "h467"
G4WT9 > Accumulable registered as "h557"
G4WT6 > Accumulable registered as "h755"
G4WT9 > Accumulable registered as "h558"
G4WT4 > Accumulable registered as "h558"
G4WT9 > Accumulable registered as "h559"
G4WT1 > Accumulable registered as "h521"
G4WT8 > Accumulable registered as "h611"
G4WT0 > Accumulable registered as "h545"
G4WT3 > Accumulable registered as "h576"
G4WT11 > Accumulable registered as "h605"
G4WT2 > Accumulable registered as "h535"
G4WT11 > Accumulable registered as "h606"
G4WT10 > Accumulable registered as "h468"
G4WT7 > Accumulable registered as "h576"
G4WT10 > Accumulable registered as "h469"
G4WT5 > Accumulable registered as "h624"
G4WT10 > Accumulable registered as "h470"
G4WT4 > Accumulable registered as "h559"
G4WT10 > Accumulable registered as "h471"
G4WT8 > Accumulable registered as "h612"
G4WT4 > Accumulable registered as "h560"
G4WT8 > Accumulable registered as "h613"
G4WT2 > Accumulable registered as "h536"
G4WT8 > Accumulable registered as "h614"
G4WT9 > Accumulable registered as "h560"
G4WT7 > Accumulable registered as "h577"
G4WT9 > Accumulable registered as "h561"
G4WT1 > Accumulable registered as "h522"
G4WT7 > Accumulable registered as "h578"
G4WT9 > Accumulable registered as "h562"
G4WT7 > Accumulable registered as "h579"
G4WT9 > Accumulable registered as "h563"
G4WT4 > Accumulable registered as "h561"
G4WT11 > Accumulable registered as "h607"
G4WT2 > Accumulable registered as "h537"
G4WT11 > Accumulable registered as "h608"
G4WT8 > Accumulable registered as "h615"
G4WT11 > Accumulable registered as "h609"
G4WT0 > Accumulable registered as "h546"
G4WT3 > Accumulable registered as "h577"
G4WT10 > Accumulable registered as "h472"
G4WT3 > Accumulable registered as "h578"
G4WT7 > Accumulable registered as "h580"
G4WT3 > Accumulable registered as "h579"
G4WT6 > Accumulable registered as "h756"
G4WT5 > Accumulable registered as "h625"
G4WT2 > Accumulable registered as "h538"
G4WT5 > Accumulable registered as "h626"
G4WT1 > Accumulable registered as "h523"
G4WT11 > Accumulable registered as "h610"
G4WT5 > Accumulable registered as "h627"
G4WT11 > Accumulable registered as "h611"
G4WT9 > Accumulable registered as "h564"
G4WT4 > Accumulable registered as "h562"
G4WT9 > Accumulable registered as "h565"
G4WT3 > Accumulable registered as "h580"
G4WT7 > Accumulable registered as "h581"
G4WT6 > Accumulable registered as "h757"
G4WT9 > Accumulable registered as "h566"
G4WT8 > Accumulable registered as "h616"
G4WT0 > Accumulable registered as "h547"
G4WT8 > Accumulable registered as "h617"
G4WT0 > Accumulable registered as "h548"
G4WT5 > Accumulable registered as "h628"
G4WT11 > Accumulable registered as "h612"
G4WT4 > Accumulable registered as "h563"
G4WT5 > Accumulable registered as "h629"
G4WT11 > Accumulable registered as "h613"
G4WT1 > Accumulable registered as "h524"
G4WT11 > Accumulable registered as "h614"
G4WT6 > Accumulable registered as "h758"
G4WT8 > Accumulable registered as "h618"
G4WT0 > Accumulable registered as "h549"
G4WT7 > Accumulable registered as "h582"
G4WT3 > Accumulable registered as "h581"
G4WT2 > Accumulable registered as "h539"
G4WT3 > Accumulable registered as "h582"
G4WT4 > Accumulable registered as "h564"
G4WT2 > Accumulable registered as "h540"
G4WT5 > Accumulable registered as "h630"
G4WT4 > Accumulable registered as "h565"
G4WT11 > Accumulable registered as "h615"
G4WT5 > Accumulable registered as "h631"
G4WT6 > Accumulable registered as "h759"
G4WT5 > Accumulable registered as "h632"
G4WT0 > Accumulable registered as "h550"
G4WT5 > Accumulable registered as "h633"
G4WT9 > Accumulable registered as "h567"
G4WT2 > Accumulable registered as "h541"
G4WT10 > Accumulable registered as "h473"
G4WT1 > Accumulable registered as "h525"
G4WT10 > Accumulable registered as "h474"
G4WT1 > Accumulable registered as "h526"
G4WT8 > Accumulable registered as "h619"
G4WT1 > Accumulable registered as "h527"
G4WT7 > Accumulable registered as "h583"
G4WT3 > Accumulable registered as "h583"
G4WT5 > Accumulable registered as "h634"
G4WT0 > Accumulable registered as "h551"
G4WT5 > Accumulable registered as "h635"
G4WT2 > Accumulable registered as "h542"
G4WT4 > Accumulable registered as "h566"
G4WT2 > Accumulable registered as "h543"
G4WT10 > Accumulable registered as "h475"
G4WT4 > Accumulable registered as "h567"
G4WT8 > Accumulable registered as "h620"
G4WT4 > Accumulable registered as "h568"
G4WT10 > Accumulable registered as "h476"
G4WT7 > Accumulable registered as "h584"
G4WT9 > Accumulable registered as "h568"
G4WT0 > Accumulable registered as "h552"
G4WT9 > Accumulable registered as "h569"
G4WT5 > Accumulable registered as "h636"
G4WT2 > Accumulable registered as "h544"
G4WT6 > Accumulable registered as "h760"
G4WT1 > Accumulable registered as "h528"
G4WT6 > Accumulable registered as "h761"
G4WT4 > Accumulable registered as "h569"
G4WT1 > Accumulable registered as "h529"
G4WT8 > Accumulable registered as "h621"
G4WT4 > Accumulable registered as "h570"
G4WT7 > Accumulable registered as "h585"
G4WT4 > Accumulable registered as "h571"
G4WT9 > Accumulable registered as "h570"
G4WT5 > Accumulable registered as "h637"
G4WT2 > Accumulable registered as "h545"
G4WT3 > Accumulable registered as "h584"
G4WT6 > Accumulable registered as "h762"
G4WT10 > Accumulable registered as "h477"
G4WT6 > Accumulable registered as "h763"
G4WT1 > Accumulable registered as "h530"
G4WT6 > Accumulable registered as "h764"
G4WT4 > Accumulable registered as "h572"
G4WT0 > Accumulable registered as "h553"
G4WT7 > Accumulable registered as "h586"
G4WT0 > Accumulable registered as "h554"
G4WT7 > Accumulable registered as "h587"
G4WT0 > Accumulable registered as "h555"
G4WT2 > Accumulable registered as "h546"
G4WT8 > Accumulable registered as "h622"
G4WT10 > Accumulable registered as "h478"
G4WT1 > Accumulable registered as "h531"
G4WT6 > Accumulable registered as "h765"
G4WT6 > Accumulable registered as "h766"
G4WT11 > Accumulable registered as "h616"
G4WT9 > Accumulable registered as "h571"
G4WT5 > Accumulable registered as "h638"
G4WT9 > Accumulable registered as "h572"
G4WT7 > Accumulable registered as "h588"
G4WT3 > Accumulable registered as "h585"
G4WT0 > Accumulable registered as "h556"
G4WT3 > Accumulable registered as "h586"
G4WT8 > Accumulable registered as "h623"
G4WT3 > Accumulable registered as "h587"
G4WT4 > Accumulable registered as "h573"
G4WT6 > Accumulable registered as "h767"
G4WT11 > Accumulable registered as "h617"
G4WT9 > Accumulable registered as "h573"
G4WT11 > Accumulable registered as "h618"
G4WT5 > Accumulable registered as "h639"
G4WT11 > Accumulable registered as "h619"
G4WT7 > Accumulable registered as "h589"
G4WT5 > Accumulable registered as "h640"
G4WT0 > Accumulable registered as "h557"
G4WT1 > Accumulable registered as "h532"
G4WT3 > Accumulable registered as "h588"
G4WT4 > Accumulable registered as "h574"
G4WT3 > Accumulable registered as "h589"
G4WT6 > Accumulable registered as "h768"
G4WT2 > Accumulable registered as "h547"
G4WT9 > Accumulable registered as "h574"
G4WT10 > Accumulable registered as "h479"
G4WT2 > Accumulable registered as "h548"
G4WT9 > Accumulable registered as "h575"
G4WT7 > Accumulable registered as "h590"
G4WT10 > Accumulable registered as "h480"
G4WT8 > Accumulable registered as "h624"
G4WT7 > Accumulable registered as "h591"
G4WT4 > Accumulable registered as "h575"
G4WT3 > Accumulable registered as "h590"
G4WT7 > Accumulable registered as "h592"
G4WT11 > Accumulable registered as "h620"
G4WT5 > Accumulable registered as "h641"
G4WT0 > Accumulable registered as "h558"
G4WT2 > Accumulable registered as "h549"
G4WT5 > Accumulable registered as "h642"
G4WT1 > Accumulable registered as "h533"
G4WT2 > Accumulable registered as "h550"
G4WT8 > Accumulable registered as "h625"
G4WT1 > Accumulable registered as "h534"
G4WT4 > Accumulable registered as "h576"
G4WT1 > Accumulable registered as "h535"
G4WT7 > Accumulable registered as "h593"
G4WT1 > Accumulable registered as "h536"
G4WT9 > Accumulable registered as "h576"
G4WT10 > Accumulable registered as "h481"
G4WT5 > Accumulable registered as "h643"
G4WT6 > Accumulable registered as "h769"
G4WT2 > Accumulable registered as "h551"
G4WT6 > Accumulable registered as "h770"
G4WT2 > Accumulable registered as "h552"
G4WT8 > Accumulable registered as "h626"
G4WT4 > Accumulable registered as "h577"
G4WT0 > Accumulable registered as "h559"
G4WT4 > Accumulable registered as "h578"
G4WT7 > Accumulable registered as "h594"
G4WT9 > Accumulable registered as "h577"
G4WT7 > Accumulable registered as "h595"
G4WT10 > Accumulable registered as "h482"
G4WT5 > Accumulable registered as "h644"
G4WT6 > Accumulable registered as "h771"
G4WT5 > Accumulable registered as "h645"
G4WT6 > Accumulable registered as "h772"
G4WT5 > Accumulable registered as "h646"
G4WT1 > Accumulable registered as "h537"
G4WT4 > Accumulable registered as "h579"
G4WT1 > Accumulable registered as "h538"
G4WT0 > Accumulable registered as "h560"
G4WT1 > Accumulable registered as "h539"
G4WT9 > Accumulable registered as "h578"
G4WT1 > Accumulable registered as "h540"
G4WT0 > Accumulable registered as "h561"
G4WT1 > Accumulable registered as "h541"
G4WT0 > Accumulable registered as "h562"
G4WT8 > Accumulable registered as "h627"
G4WT5 > Accumulable registered as "h647"
G4WT7 > Accumulable registered as "h596"
G4WT5 > Accumulable registered as "h648"
G4WT4 > Accumulable registered as "h580"
G4WT3 > Accumulable registered as "h591"
G4WT11 > Accumulable registered as "h621"
G4WT2 > Accumulable registered as "h553"
G4WT9 > Accumulable registered as "h579"
G4WT2 > Accumulable registered as "h554"
G4WT2 > Accumulable registered as "h555"
G4WT6 > Accumulable registered as "h773"
G4WT2 > Accumulable registered as "h556"
G4WT8 > Accumulable registered as "h628"
G4WT7 > Accumulable registered as "h597"
G4WT8 > Accumulable registered as "h629"
G4WT7 > Accumulable registered as "h598"
G4WT8 > Accumulable registered as "h630"
G4WT4 > Accumulable registered as "h581"
G4WT11 > Accumulable registered as "h622"
G4WT1 > Accumulable registered as "h542"
G4WT0 > Accumulable registered as "h563"
G4WT1 > Accumulable registered as "h543"
G4WT2 > Accumulable registered as "h557"
G4WT6 > Accumulable registered as "h774"
G4WT10 > Accumulable registered as "h483"
G4WT6 > Accumulable registered as "h775"
G4WT3 > Accumulable registered as "h592"
G4WT6 > Accumulable registered as "h776"
G4WT10 > Accumulable registered as "h484"
G4WT8 > Accumulable registered as "h631"
G4WT3 > Accumulable registered as "h593"
G4WT11 > Accumulable registered as "h623"
G4WT8 > Accumulable registered as "h632"
G4WT0 > Accumulable registered as "h564"
G4WT8 > Accumulable registered as "h633"
G4WT2 > Accumulable registered as "h558"
G4WT7 > Accumulable registered as "h599"
G4WT2 > Accumulable registered as "h559"
G4WT4 > Accumulable registered as "h582"
G4WT6 > Accumulable registered as "h777"
G4WT4 > Accumulable registered as "h583"
G4WT6 > Accumulable registered as "h778"
G4WT4 > Accumulable registered as "h584"
G4WT11 > Accumulable registered as "h624"
G4WT0 > Accumulable registered as "h565"
G4WT11 > Accumulable registered as "h625"
G4WT9 > Accumulable registered as "h580"
G4WT7 > Accumulable registered as "h600"
G4WT7 > Accumulable registered as "h601"
G4WT10 > Accumulable registered as "h485"
G4WT5 > Accumulable registered as "h649"
G4WT3 > Accumulable registered as "h594"
G4WT1 > Accumulable registered as "h544"
G4WT3 > Accumulable registered as "h595"
G4WT1 > Accumulable registered as "h545"
G4WT8 > Accumulable registered as "h634"
G4WT0 > Accumulable registered as "h566"
G4WT8 > Accumulable registered as "h635"
G4WT11 > Accumulable registered as "h626"
G4WT9 > Accumulable registered as "h581"
G4WT11 > Accumulable registered as "h627"
G4WT9 > Accumulable registered as "h582"
G4WT5 > Accumulable registered as "h650"
G4WT6 > Accumulable registered as "h779"
G4WT4 > Accumulable registered as "h585"
G4WT3 > Accumulable registered as "h596"
G4WT4 > Accumulable registered as "h586"
G4WT3 > Accumulable registered as "h597"
G4WT4 > Accumulable registered as "h587"
G4WT8 > Accumulable registered as "h636"
G4WT7 > Accumulable registered as "h602"
G4WT10 > Accumulable registered as "h486"
G4WT11 > Accumulable registered as "h628"
G4WT9 > Accumulable registered as "h583"
G4WT5 > Accumulable registered as "h651"
G4WT9 > Accumulable registered as "h584"
G4WT5 > Accumulable registered as "h652"
G4WT9 > Accumulable registered as "h585"
G4WT0 > Accumulable registered as "h567"
G4WT9 > Accumulable registered as "h586"
G4WT2 > Accumulable registered as "h560"
G4WT7 > Accumulable registered as "h603"
G4WT2 > Accumulable registered as "h561"
G4WT10 > Accumulable registered as "h487"
G4WT2 > Accumulable registered as "h562"
G4WT6 > Accumulable registered as "h780"
G4WT1 > Accumulable registered as "h546"
G4WT5 > Accumulable registered as "h653"
G4WT1 > Accumulable registered as "h547"
G4WT3 > Accumulable registered as "h598"
G4WT5 > Accumulable registered as "h654"
G4WT9 > Accumulable registered as "h587"
G4WT5 > Accumulable registered as "h655"
G4WT4 > Accumulable registered as "h588"
G4WT5 > Accumulable registered as "h656"
G4WT11 > Accumulable registered as "h629"
G4WT4 > Accumulable registered as "h589"
G4WT2 > Accumulable registered as "h563"
G4WT4 > Accumulable registered as "h590"
G4WT8 > Accumulable registered as "h637"
G4WT11 > Accumulable registered as "h630"
G4WT0 > Accumulable registered as "h568"
G4WT11 > Accumulable registered as "h631"
G4WT7 > Accumulable registered as "h604"
G4WT10 > Accumulable registered as "h488"
G4WT7 > Accumulable registered as "h605"
G4WT5 > Accumulable registered as "h657"
G4WT6 > Accumulable registered as "h781"
G4WT5 > Accumulable registered as "h658"
G4WT4 > Accumulable registered as "h591"
G4WT2 > Accumulable registered as "h564"
G4WT3 > Accumulable registered as "h599"
G4WT4 > Accumulable registered as "h592"
G4WT9 > Accumulable registered as "h588"
G4WT4 > Accumulable registered as "h593"
G4WT0 > Accumulable registered as "h569"
G4WT9 > Accumulable registered as "h589"
G4WT7 > Accumulable registered as "h606"
G4WT0 > Accumulable registered as "h570"
G4WT9 > Accumulable registered as "h590"
G4WT5 > Accumulable registered as "h659"
G4WT5 > Accumulable registered as "h660"
G4WT2 > Accumulable registered as "h565"
G4WT3 > Accumulable registered as "h600"
G4WT2 > Accumulable registered as "h566"
G4WT10 > Accumulable registered as "h489"
G4WT1 > Accumulable registered as "h548"
G4WT6 > Accumulable registered as "h782"
G4WT7 > Accumulable registered as "h607"
G4WT0 > Accumulable registered as "h571"
G4WT7 > Accumulable registered as "h608"
G4WT8 > Accumulable registered as "h638"
G4WT11 > Accumulable registered as "h632"
G4WT5 > Accumulable registered as "h661"
G4WT11 > Accumulable registered as "h633"
G4WT4 > Accumulable registered as "h594"
G4WT5 > Accumulable registered as "h662"
G4WT2 > Accumulable registered as "h567"
G4WT10 > Accumulable registered as "h490"
G4WT1 > Accumulable registered as "h549"
G4WT10 > Accumulable registered as "h491"
G4WT9 > Accumulable registered as "h591"
G4WT1 > Accumulable registered as "h550"
G4WT7 > Accumulable registered as "h609"
G4WT11 > Accumulable registered as "h634"
G4WT3 > Accumulable registered as "h601"
G4WT4 > Accumulable registered as "h595"
G4WT5 > Accumulable registered as "h663"
G4WT2 > Accumulable registered as "h568"
G4WT5 > Accumulable registered as "h664"
G4WT6 > Accumulable registered as "h783"
G4WT10 > Accumulable registered as "h492"
G4WT6 > Accumulable registered as "h784"
G4WT8 > Accumulable registered as "h639"
G4WT10 > Accumulable registered as "h493"
G4WT9 > Accumulable registered as "h592"
G4WT8 > Accumulable registered as "h640"
G4WT11 > Accumulable registered as "h635"
G4WT8 > Accumulable registered as "h641"
G4WT4 > Accumulable registered as "h596"
G4WT8 > Accumulable registered as "h642"
G4WT5 > Accumulable registered as "h665"
G4WT8 > Accumulable registered as "h643"
G4WT4 > Accumulable registered as "h597"
G4WT6 > Accumulable registered as "h785"
G4WT10 > Accumulable registered as "h494"
G4WT6 > Accumulable registered as "h786"
G4WT3 > Accumulable registered as "h602"
G4WT6 > Accumulable registered as "h787"
G4WT0 > Accumulable registered as "h572"
G4WT2 > Accumulable registered as "h569"
G4WT0 > Accumulable registered as "h573"
G4WT2 > Accumulable registered as "h570"
G4WT8 > Accumulable registered as "h644"
G4WT7 > Accumulable registered as "h610"
G4WT4 > Accumulable registered as "h598"
G4WT7 > Accumulable registered as "h611"
G4WT9 > Accumulable registered as "h593"
G4WT10 > Accumulable registered as "h495"
G4WT9 > Accumulable registered as "h594"
G4WT10 > Accumulable registered as "h496"
G4WT3 > Accumulable registered as "h603"
G4WT11 > Accumulable registered as "h636"
G4WT0 > Accumulable registered as "h574"
G4WT10 > Accumulable registered as "h497"
G4WT11 > Accumulable registered as "h637"
G4WT8 > Accumulable registered as "h645"
G4WT4 > Accumulable registered as "h599"
G4WT7 > Accumulable registered as "h612"
G4WT4 > Accumulable registered as "h600"
G4WT9 > Accumulable registered as "h595"
G4WT1 > Accumulable registered as "h551"
G4WT9 > Accumulable registered as "h596"
G4WT2 > Accumulable registered as "h571"
G4WT1 > Accumulable registered as "h552"
G4WT10 > Accumulable registered as "h498"
G4WT2 > Accumulable registered as "h572"
G4WT8 > Accumulable registered as "h646"
G4WT2 > Accumulable registered as "h573"
G4WT1 > Accumulable registered as "h553"
G4WT2 > Accumulable registered as "h574"
G4WT7 > Accumulable registered as "h613"
G4WT5 > Accumulable registered as "h666"
G4WT7 > Accumulable registered as "h614"
G4WT9 > Accumulable registered as "h597"
G4WT10 > Accumulable registered as "h499"
G4WT9 > Accumulable registered as "h598"
G4WT3 > Accumulable registered as "h604"
G4WT10 > Accumulable registered as "h500"
G4WT3 > Accumulable registered as "h605"
G4WT10 > Accumulable registered as "h501"
G4WT0 > Accumulable registered as "h575"
G4WT10 > Accumulable registered as "h502"
G4WT2 > Accumulable registered as "h575"
G4WT7 > Accumulable registered as "h615"
G4WT2 > Accumulable registered as "h576"
G4WT5 > Accumulable registered as "h667"
G4WT2 > Accumulable registered as "h577"
G4WT5 > Accumulable registered as "h668"
G4WT4 > Accumulable registered as "h601"
G4WT5 > Accumulable registered as "h669"
G4WT3 > Accumulable registered as "h606"
G4WT5 > Accumulable registered as "h670"
G4WT4 > Accumulable registered as "h602"
G4WT10 > Accumulable registered as "h503"
G4WT11 > Accumulable registered as "h638"
G4WT10 > Accumulable registered as "h504"
G4WT11 > Accumulable registered as "h639"
G4WT10 > Accumulable registered as "h505"
G4WT2 > Accumulable registered as "h578"
G4WT1 > Accumulable registered as "h554"
G4WT6 > Accumulable registered as "h788"
G4WT5 > Accumulable registered as "h671"
G4WT6 > Accumulable registered as "h789"
G4WT3 > Accumulable registered as "h607"
G4WT6 > Accumulable registered as "h790"
G4WT9 > Accumulable registered as "h599"
G4WT3 > Accumulable registered as "h608"
G4WT11 > Accumulable registered as "h640"
G4WT3 > Accumulable registered as "h609"
G4WT2 > Accumulable registered as "h579"
G4WT0 > Accumulable registered as "h576"
G4WT1 > Accumulable registered as "h555"
G4WT0 > Accumulable registered as "h577"
G4WT4 > Accumulable registered as "h603"
G4WT0 > Accumulable registered as "h578"
G4WT0 > Accumulable registered as "h579"
G4WT4 > Accumulable registered as "h604"
G4WT0 > Accumulable registered as "h580"
G4WT9 > Accumulable registered as "h600"
G4WT0 > Accumulable registered as "h581"
G4WT8 > Accumulable registered as "h647"
G4WT0 > Accumulable registered as "h582"
G4WT5 > Accumulable registered as "h672"
G4WT1 > Accumulable registered as "h556"
G4WT5 > Accumulable registered as "h673"
G4WT7 > Accumulable registered as "h616"
G4WT10 > Accumulable registered as "h506"
G4WT4 > Accumulable registered as "h605"
G4WT3 > Accumulable registered as "h610"
G4WT11 > Accumulable registered as "h641"
G4WT3 > Accumulable registered as "h611"
G4WT11 > Accumulable registered as "h642"
G4WT8 > Accumulable registered as "h648"
G4WT0 > Accumulable registered as "h583"
G4WT8 > Accumulable registered as "h649"
G4WT0 > Accumulable registered as "h584"
G4WT8 > Accumulable registered as "h650"
G4WT1 > Accumulable registered as "h557"
G4WT10 > Accumulable registered as "h507"
G4WT1 > Accumulable registered as "h558"
G4WT4 > Accumulable registered as "h606"
G4WT1 > Accumulable registered as "h559"
G4WT9 > Accumulable registered as "h601"
G4WT1 > Accumulable registered as "h560"
G4WT11 > Accumulable registered as "h643"
G4WT9 > Accumulable registered as "h602"
G4WT5 > Accumulable registered as "h674"
G4WT0 > Accumulable registered as "h585"
G4WT7 > Accumulable registered as "h617"
G4WT0 > Accumulable registered as "h586"
G4WT2 > Accumulable registered as "h580"
G4WT10 > Accumulable registered as "h508"
G4WT3 > Accumulable registered as "h612"
G4WT10 > Accumulable registered as "h509"
G4WT1 > Accumulable registered as "h561"
G4WT10 > Accumulable registered as "h510"
G4WT11 > Accumulable registered as "h644"
G4WT8 > Accumulable registered as "h651"
G4WT11 > Accumulable registered as "h645"
G4WT5 > Accumulable registered as "h675"
G4WT8 > Accumulable registered as "h652"
G4WT0 > Accumulable registered as "h587"
G4WT5 > Accumulable registered as "h676"
G4WT2 > Accumulable registered as "h581"
G4WT0 > Accumulable registered as "h588"
G4WT1 > Accumulable registered as "h562"
G4WT9 > Accumulable registered as "h603"
G4WT1 > Accumulable registered as "h563"
G4WT10 > Accumulable registered as "h511"
G4WT9 > Accumulable registered as "h604"
G4WT11 > Accumulable registered as "h646"
G4WT9 > Accumulable registered as "h605"
G4WT11 > Accumulable registered as "h647"
G4WT11 > Accumulable registered as "h648"
G4WT3 > Accumulable registered as "h613"
G4WT6 > Accumulable registered as "h791"
G4WT3 > Accumulable registered as "h614"
G4WT0 > Accumulable registered as "h589"
G4WT7 > Accumulable registered as "h618"
G4WT1 > Accumulable registered as "h564"
G4WT0 > Accumulable registered as "h590"
G4WT7 > Accumulable registered as "h619"
G4WT1 > Accumulable registered as "h565"
G4WT9 > Accumulable registered as "h606"
G4WT11 > Accumulable registered as "h649"
G4WT2 > Accumulable registered as "h582"
G4WT11 > Accumulable registered as "h650"
G4WT3 > Accumulable registered as "h615"
G4WT11 > Accumulable registered as "h651"
G4WT10 > Accumulable registered as "h512"
G4WT0 > Accumulable registered as "h591"
G4WT8 > Accumulable registered as "h653"
G4WT7 > Accumulable registered as "h620"
G4WT8 > Accumulable registered as "h654"
G4WT1 > Accumulable registered as "h566"
G4WT9 > Accumulable registered as "h607"
G4WT1 > Accumulable registered as "h567"
G4WT9 > Accumulable registered as "h608"
G4WT5 > Accumulable registered as "h677"
G4WT9 > Accumulable registered as "h609"
G4WT11 > Accumulable registered as "h652"
G4WT5 > Accumulable registered as "h678"
G4WT10 > Accumulable registered as "h513"
G4WT0 > Accumulable registered as "h592"
G4WT6 > Accumulable registered as "h792"
G4WT8 > Accumulable registered as "h655"
G4WT6 > Accumulable registered as "h793"
G4WT1 > Accumulable registered as "h568"
G4WT3 > Accumulable registered as "h616"
G4WT9 > Accumulable registered as "h610"
G4WT3 > Accumulable registered as "h617"
G4WT5 > Accumulable registered as "h679"
G4WT5 > Accumulable registered as "h680"
G4WT10 > Accumulable registered as "h514"
G4WT7 > Accumulable registered as "h621"
G4WT4 > Accumulable registered as "h607"
G4WT7 > Accumulable registered as "h622"
G4WT8 > Accumulable registered as "h656"
G4WT6 > Accumulable registered as "h794"
G4WT1 > Accumulable registered as "h569"
G4WT11 > Accumulable registered as "h653"
G4WT9 > Accumulable registered as "h611"
G4WT11 > Accumulable registered as "h654"
G4WT3 > Accumulable registered as "h618"
G4WT11 > Accumulable registered as "h655"
G4WT9 > Accumulable registered as "h612"
G4WT0 > Accumulable registered as "h593"
G4WT9 > Accumulable registered as "h613"
G4WT4 > Accumulable registered as "h608"
G4WT9 > Accumulable registered as "h614"
G4WT8 > Accumulable registered as "h657"
G4WT1 > Accumulable registered as "h570"
G4WT8 > Accumulable registered as "h658"
G4WT5 > Accumulable registered as "h681"
G4WT10 > Accumulable registered as "h515"
G4WT11 > Accumulable registered as "h656"
G4WT3 > Accumulable registered as "h619"
G4WT10 > Accumulable registered as "h516"
G4WT7 > Accumulable registered as "h623"
G4WT6 > Accumulable registered as "h795"
G4WT9 > Accumulable registered as "h615"
G4WT4 > Accumulable registered as "h609"
G4WT9 > Accumulable registered as "h616"
G4WT8 > Accumulable registered as "h659"
G4WT5 > Accumulable registered as "h682"
G4WT5 > Accumulable registered as "h683"
G4WT11 > Accumulable registered as "h657"
G4WT0 > Accumulable registered as "h594"
G4WT10 > Accumulable registered as "h517"
G4WT3 > Accumulable registered as "h620"
G4WT7 > Accumulable registered as "h624"
G4WT6 > Accumulable registered as "h796"
G4WT1 > Accumulable registered as "h571"
G4WT4 > Accumulable registered as "h610"
G4WT1 > Accumulable registered as "h572"
G4WT9 > Accumulable registered as "h617"
G4WT1 > Accumulable registered as "h573"
G4WT5 > Accumulable registered as "h684"
G4WT9 > Accumulable registered as "h618"
G4WT11 > Accumulable registered as "h658"
G4WT9 > Accumulable registered as "h619"
G4WT10 > Accumulable registered as "h518"
G4WT9 > Accumulable registered as "h620"
G4WT7 > Accumulable registered as "h625"
G4WT6 > Accumulable registered as "h797"
G4WT8 > Accumulable registered as "h660"
G4WT1 > Accumulable registered as "h574"
G4WT8 > Accumulable registered as "h661"
G4WT0 > Accumulable registered as "h595"
G4WT8 > Accumulable registered as "h662"
G4WT3 > Accumulable registered as "h621"
G4WT0 > Accumulable registered as "h596"
G4WT10 > Accumulable registered as "h519"
G4WT9 > Accumulable registered as "h621"
G4WT10 > Accumulable registered as "h520"
G4WT4 > Accumulable registered as "h611"
G4WT7 > Accumulable registered as "h626"
G4WT9 > Accumulable registered as "h622"
G4WT5 > Accumulable registered as "h685"
G4WT11 > Accumulable registered as "h659"
G4WT5 > Accumulable registered as "h686"
G4WT8 > Accumulable registered as "h663"
G4WT3 > Accumulable registered as "h622"
G4WT0 > Accumulable registered as "h597"
G4WT10 > Accumulable registered as "h521"
G4WT0 > Accumulable registered as "h598"
G4WT4 > Accumulable registered as "h612"
G4WT0 > Accumulable registered as "h599"
G4WT1 > Accumulable registered as "h575"
G4WT7 > Accumulable registered as "h627"
G4WT1 > Accumulable registered as "h576"
G4WT2 > Accumulable registered as "h583"
G4WT1 > Accumulable registered as "h577"
G4WT8 > Accumulable registered as "h664"
G4WT3 > Accumulable registered as "h623"
G4WT8 > Accumulable registered as "h665"
G4WT10 > Accumulable registered as "h522"
G4WT8 > Accumulable registered as "h666"
G4WT4 > Accumulable registered as "h613"
G4WT10 > Accumulable registered as "h523"
G4WT11 > Accumulable registered as "h660"
G4WT10 > Accumulable registered as "h524"
G4WT5 > Accumulable registered as "h687"
G4WT6 > Accumulable registered as "h798"
G4WT2 > Accumulable registered as "h584"
G4WT6 > Accumulable registered as "h799"
G4WT9 > Accumulable registered as "h623"
G4WT2 > Accumulable registered as "h585"
G4WT0 > Accumulable registered as "h600"
G4WT9 > Accumulable registered as "h624"
G4WT4 > Accumulable registered as "h614"
G4WT0 > Accumulable registered as "h601"
G4WT4 > Accumulable registered as "h615"
G4WT0 > Accumulable registered as "h602"
G4WT5 > Accumulable registered as "h688"
G4WT6 > Accumulable registered as "h800"
G4WT7 > Accumulable registered as "h628"
G4WT2 > Accumulable registered as "h586"
G4WT7 > Accumulable registered as "h629"
G4WT1 > Accumulable registered as "h578"
G4WT2 > Accumulable registered as "h587"
G4WT8 > Accumulable registered as "h667"
G4WT2 > Accumulable registered as "h588"
G4WT11 > Accumulable registered as "h661"
G4WT8 > Accumulable registered as "h668"
G4WT3 > Accumulable registered as "h624"
G4WT11 > Accumulable registered as "h662"
G4WT5 > Accumulable registered as "h689"
G4WT9 > Accumulable registered as "h625"
G4WT5 > Accumulable registered as "h690"
G4WT7 > Accumulable registered as "h630"
G4WT10 > Accumulable registered as "h525"
G4WT9 > Accumulable registered as "h626"
G4WT4 > Accumulable registered as "h616"
G4WT9 > Accumulable registered as "h627"
G4WT0 > Accumulable registered as "h603"
G4WT9 > Accumulable registered as "h628"
G4WT4 > Accumulable registered as "h617"
G4WT11 > Accumulable registered as "h663"
G4WT4 > Accumulable registered as "h618"
G4WT5 > Accumulable registered as "h691"
G4WT7 > Accumulable registered as "h631"
G4WT5 > Accumulable registered as "h692"
G4WT7 > Accumulable registered as "h632"
G4WT10 > Accumulable registered as "h526"
G4WT6 > Accumulable registered as "h801"
G4WT3 > Accumulable registered as "h625"
G4WT0 > Accumulable registered as "h604"
G4WT3 > Accumulable registered as "h626"
G4WT9 > Accumulable registered as "h629"
G4WT1 > Accumulable registered as "h579"
G4WT11 > Accumulable registered as "h664"
G4WT2 > Accumulable registered as "h589"
G4WT5 > Accumulable registered as "h693"
G4WT7 > Accumulable registered as "h633"
G4WT5 > Accumulable registered as "h694"
G4WT10 > Accumulable registered as "h527"
G4WT6 > Accumulable registered as "h802"
G4WT10 > Accumulable registered as "h528"
G4WT0 > Accumulable registered as "h605"
G4WT10 > Accumulable registered as "h529"
G4WT9 > Accumulable registered as "h630"
G4WT0 > Accumulable registered as "h606"
G4WT1 > Accumulable registered as "h580"
G4WT0 > Accumulable registered as "h607"
G4WT2 > Accumulable registered as "h590"
G4WT1 > Accumulable registered as "h581"
G4WT8 > Accumulable registered as "h669"
G4WT5 > Accumulable registered as "h695"
G4WT4 > Accumulable registered as "h619"
G4WT5 > Accumulable registered as "h696"
G4WT4 > Accumulable registered as "h620"
G4WT10 > Accumulable registered as "h530"
G4WT9 > Accumulable registered as "h631"
G4WT10 > Accumulable registered as "h531"
G4WT7 > Accumulable registered as "h634"
G4WT2 > Accumulable registered as "h591"
G4WT7 > Accumulable registered as "h635"
G4WT2 > Accumulable registered as "h592"
G4WT8 > Accumulable registered as "h670"
G4WT3 > Accumulable registered as "h627"
G4WT11 > Accumulable registered as "h665"
G4WT5 > Accumulable registered as "h697"
G4WT4 > Accumulable registered as "h621"
G4WT5 > Accumulable registered as "h698"
G4WT4 > Accumulable registered as "h622"
G4WT5 > Accumulable registered as "h699"
G4WT9 > Accumulable registered as "h632"
G4WT5 > Accumulable registered as "h700"
G4WT7 > Accumulable registered as "h636"
G4WT2 > Accumulable registered as "h593"
G4WT8 > Accumulable registered as "h671"
G4WT3 > Accumulable registered as "h628"
G4WT8 > Accumulable registered as "h672"
G4WT3 > Accumulable registered as "h629"
G4WT10 > Accumulable registered as "h532"
G4WT3 > Accumulable registered as "h630"
G4WT4 > Accumulable registered as "h623"
G4WT3 > Accumulable registered as "h631"
G4WT6 > Accumulable registered as "h803"
G4WT5 > Accumulable registered as "h701"
G4WT6 > Accumulable registered as "h804"
G4WT7 > Accumulable registered as "h637"
G4WT11 > Accumulable registered as "h666"
G4WT7 > Accumulable registered as "h638"
G4WT0 > Accumulable registered as "h608"
G4WT1 > Accumulable registered as "h582"
G4WT10 > Accumulable registered as "h533"
G4WT9 > Accumulable registered as "h633"
G4WT4 > Accumulable registered as "h624"
G4WT3 > Accumulable registered as "h632"
G4WT4 > Accumulable registered as "h625"
G4WT3 > Accumulable registered as "h633"
G4WT6 > Accumulable registered as "h805"
G4WT3 > Accumulable registered as "h634"
G4WT8 > Accumulable registered as "h673"
G4WT6 > Accumulable registered as "h806"
G4WT11 > Accumulable registered as "h667"
G4WT1 > Accumulable registered as "h583"
G4WT11 > Accumulable registered as "h668"
G4WT1 > Accumulable registered as "h584"
G4WT2 > Accumulable registered as "h594"
G4WT4 > Accumulable registered as "h626"
G4WT2 > Accumulable registered as "h595"
G4WT5 > Accumulable registered as "h702"
G4WT4 > Accumulable registered as "h627"
G4WT3 > Accumulable registered as "h635"
G4WT5 > Accumulable registered as "h703"
G4WT8 > Accumulable registered as "h674"
G4WT6 > Accumulable registered as "h807"
G4WT8 > Accumulable registered as "h675"
G4WT9 > Accumulable registered as "h634"
G4WT1 > Accumulable registered as "h585"
G4WT9 > Accumulable registered as "h635"
G4WT1 > Accumulable registered as "h586"
G4WT9 > Accumulable registered as "h636"
G4WT4 > Accumulable registered as "h628"
G4WT3 > Accumulable registered as "h636"
G4WT4 > Accumulable registered as "h629"
G4WT5 > Accumulable registered as "h704"
G4WT3 > Accumulable registered as "h637"
G4WT11 > Accumulable registered as "h669"
G4WT6 > Accumulable registered as "h808"
G4WT11 > Accumulable registered as "h670"
G4WT7 > Accumulable registered as "h639"
G4WT0 > Accumulable registered as "h609"
G4WT1 > Accumulable registered as "h587"
G4WT0 > Accumulable registered as "h610"
G4WT9 > Accumulable registered as "h637"
G4WT10 > Accumulable registered as "h534"
G4WT4 > Accumulable registered as "h630"
G4WT8 > Accumulable registered as "h676"
G4WT4 > Accumulable registered as "h631"
G4WT5 > Accumulable registered as "h705"
G4WT2 > Accumulable registered as "h596"
G4WT6 > Accumulable registered as "h809"
G4WT7 > Accumulable registered as "h640"
G4WT6 > Accumulable registered as "h810"
G4WT1 > Accumulable registered as "h588"
G4WT0 > Accumulable registered as "h611"
G4WT9 > Accumulable registered as "h638"
G4WT0 > Accumulable registered as "h612"
G4WT8 > Accumulable registered as "h677"
G4WT4 > Accumulable registered as "h632"
G4WT11 > Accumulable registered as "h671"
G4WT5 > Accumulable registered as "h706"
G4WT2 > Accumulable registered as "h597"
G4WT5 > Accumulable registered as "h707"
G4WT6 > Accumulable registered as "h811"
G4WT2 > Accumulable registered as "h598"
G4WT1 > Accumulable registered as "h589"
G4WT6 > Accumulable registered as "h812"
G4WT10 > Accumulable registered as "h535"
G4WT0 > Accumulable registered as "h613"
G4WT8 > Accumulable registered as "h678"
G4WT0 > Accumulable registered as "h614"
G4WT4 > Accumulable registered as "h633"
G4WT11 > Accumulable registered as "h672"
G4WT7 > Accumulable registered as "h641"
G4WT11 > Accumulable registered as "h673"
G4WT2 > Accumulable registered as "h599"
G4WT11 > Accumulable registered as "h674"
G4WT7 > Accumulable registered as "h642"
G4WT11 > Accumulable registered as "h675"
G4WT10 > Accumulable registered as "h536"
G4WT8 > Accumulable registered as "h679"
G4WT0 > Accumulable registered as "h615"
G4WT5 > Accumulable registered as "h708"
G4WT4 > Accumulable registered as "h634"
G4WT5 > Accumulable registered as "h709"
G4WT9 > Accumulable registered as "h639"
G4WT6 > Accumulable registered as "h813"
G4WT9 > Accumulable registered as "h640"
G4WT2 > Accumulable registered as "h600"
G4WT1 > Accumulable registered as "h590"
G4WT6 > Accumulable registered as "h814"
G4WT11 > Accumulable registered as "h676"
G4WT8 > Accumulable registered as "h680"
G4WT0 > Accumulable registered as "h616"
G4WT4 > Accumulable registered as "h635"
G4WT0 > Accumulable registered as "h617"
G4WT5 > Accumulable registered as "h710"
G4WT0 > Accumulable registered as "h618"
G4WT9 > Accumulable registered as "h641"
G4WT10 > Accumulable registered as "h537"
G4WT5 > Accumulable registered as "h711"
G4WT9 > Accumulable registered as "h642"
G4WT10 > Accumulable registered as "h538"
G4WT9 > Accumulable registered as "h643"
G4WT11 > Accumulable registered as "h677"
G4WT4 > Accumulable registered as "h636"
G4WT11 > Accumulable registered as "h678"
G4WT7 > Accumulable registered as "h643"
G4WT0 > Accumulable registered as "h619"
G4WT7 > Accumulable registered as "h644"
G4WT3 > Accumulable registered as "h638"
G4WT2 > Accumulable registered as "h601"
G4WT3 > Accumulable registered as "h639"
G4WT2 > Accumulable registered as "h602"
G4WT8 > Accumulable registered as "h681"
G4WT1 > Accumulable registered as "h591"
G4WT11 > Accumulable registered as "h679"
G4WT4 > Accumulable registered as "h637"
G4WT11 > Accumulable registered as "h680"
G4WT5 > Accumulable registered as "h712"
G4WT11 > Accumulable registered as "h681"
G4WT4 > Accumulable registered as "h638"
G4WT6 > Accumulable registered as "h815"
G4WT3 > Accumulable registered as "h640"
G4WT6 > Accumulable registered as "h816"
G4WT9 > Accumulable registered as "h644"
G4WT8 > Accumulable registered as "h682"
G4WT9 > Accumulable registered as "h645"
G4WT1 > Accumulable registered as "h592"
G4WT8 > Accumulable registered as "h683"
G4WT11 > Accumulable registered as "h682"
G4WT10 > Accumulable registered as "h539"
G4WT11 > Accumulable registered as "h683"
G4WT5 > Accumulable registered as "h713"
G4WT11 > Accumulable registered as "h684"
G4WT2 > Accumulable registered as "h603"
G4WT5 > Accumulable registered as "h714"
G4WT6 > Accumulable registered as "h817"
G4WT5 > Accumulable registered as "h715"
G4WT9 > Accumulable registered as "h646"
G4WT1 > Accumulable registered as "h593"
G4WT9 > Accumulable registered as "h647"
G4WT1 > Accumulable registered as "h594"
G4WT10 > Accumulable registered as "h540"
G4WT1 > Accumulable registered as "h595"
G4WT11 > Accumulable registered as "h685"
G4WT0 > Accumulable registered as "h620"
G4WT2 > Accumulable registered as "h604"
G4WT0 > Accumulable registered as "h621"
G4WT2 > Accumulable registered as "h605"
G4WT5 > Accumulable registered as "h716"
G4WT2 > Accumulable registered as "h606"
G4WT7 > Accumulable registered as "h645"
G4WT2 > Accumulable registered as "h607"
G4WT5 > Accumulable registered as "h717"
G4WT3 > Accumulable registered as "h641"
G4WT5 > Accumulable registered as "h718"
G4WT10 > Accumulable registered as "h541"
G4WT5 > Accumulable registered as "h719"
G4WT8 > Accumulable registered as "h684"
G4WT5 > Accumulable registered as "h720"
G4WT6 > Accumulable registered as "h818"
G4WT9 > Accumulable registered as "h648"
G4WT5 > Accumulable registered as "h721"
G4WT6 > Accumulable registered as "h819"
G4WT9 > Accumulable registered as "h649"
G4WT7 > Accumulable registered as "h646"
G4WT9 > Accumulable registered as "h650"
G4WT3 > Accumulable registered as "h642"
G4WT9 > Accumulable registered as "h651"
G4WT10 > Accumulable registered as "h542"
G4WT4 > Accumulable registered as "h639"
G4WT2 > Accumulable registered as "h608"
G4WT1 > Accumulable registered as "h596"
G4WT2 > Accumulable registered as "h609"
G4WT5 > Accumulable registered as "h722"
G4WT11 > Accumulable registered as "h686"
G4WT7 > Accumulable registered as "h647"
G4WT11 > Accumulable registered as "h687"
G4WT0 > Accumulable registered as "h622"
G4WT7 > Accumulable registered as "h648"
G4WT11 > Accumulable registered as "h688"
G4WT9 > Accumulable registered as "h652"
G4WT10 > Accumulable registered as "h543"
G4WT9 > Accumulable registered as "h653"
G4WT6 > Accumulable registered as "h820"
G4WT9 > Accumulable registered as "h654"
G4WT2 > Accumulable registered as "h610"
G4WT5 > Accumulable registered as "h723"
G4WT2 > Accumulable registered as "h611"
G4WT3 > Accumulable registered as "h643"
G4WT5 > Accumulable registered as "h724"
G4WT0 > Accumulable registered as "h623"
G4WT5 > Accumulable registered as "h725"
G4WT1 > Accumulable registered as "h597"
G4WT10 > Accumulable registered as "h544"
G4WT1 > Accumulable registered as "h598"
G4WT6 > Accumulable registered as "h821"
G4WT1 > Accumulable registered as "h599"
G4WT8 > Accumulable registered as "h685"
G4WT2 > Accumulable registered as "h612"
G4WT8 > Accumulable registered as "h686"
G4WT3 > Accumulable registered as "h644"
G4WT2 > Accumulable registered as "h613"
G4WT0 > Accumulable registered as "h624"
G4WT3 > Accumulable registered as "h645"
G4WT0 > Accumulable registered as "h625"
G4WT10 > Accumulable registered as "h545"
G4WT7 > Accumulable registered as "h649"
G4WT1 > Accumulable registered as "h600"
G4WT7 > Accumulable registered as "h650"
G4WT6 > Accumulable registered as "h822"
G4WT7 > Accumulable registered as "h651"
G4WT8 > Accumulable registered as "h687"
G4WT6 > Accumulable registered as "h823"
G4WT2 > Accumulable registered as "h614"
G4WT5 > Accumulable registered as "h726"
G4WT9 > Accumulable registered as "h655"
G4WT5 > Accumulable registered as "h727"
G4WT9 > Accumulable registered as "h656"
G4WT5 > Accumulable registered as "h728"
G4WT1 > Accumulable registered as "h601"
G4WT5 > Accumulable registered as "h729"
G4WT5 > Accumulable registered as "h730"
G4WT8 > Accumulable registered as "h688"
G4WT6 > Accumulable registered as "h824"
G4WT3 > Accumulable registered as "h646"
G4WT2 > Accumulable registered as "h615"
G4WT3 > Accumulable registered as "h647"
G4WT0 > Accumulable registered as "h626"
G4WT3 > Accumulable registered as "h648"
G4WT9 > Accumulable registered as "h657"
G4WT0 > Accumulable registered as "h627"
G4WT7 > Accumulable registered as "h652"
G4WT1 > Accumulable registered as "h602"
G4WT5 > Accumulable registered as "h731"
G4WT8 > Accumulable registered as "h689"
G4WT5 > Accumulable registered as "h732"
G4WT8 > Accumulable registered as "h690"
G4WT10 > Accumulable registered as "h546"
G4WT3 > Accumulable registered as "h649"
G4WT0 > Accumulable registered as "h628"
G4WT3 > Accumulable registered as "h650"
G4WT9 > Accumulable registered as "h658"
G4WT0 > Accumulable registered as "h629"
G4WT7 > Accumulable registered as "h653"
G4WT4 > Accumulable registered as "h640"
G4WT1 > Accumulable registered as "h603"
G4WT4 > Accumulable registered as "h641"
G4WT1 > Accumulable registered as "h604"
G4WT2 > Accumulable registered as "h616"
G4WT1 > Accumulable registered as "h605"
G4WT10 > Accumulable registered as "h547"
G4WT2 > Accumulable registered as "h617"
G4WT0 > Accumulable registered as "h630"
G4WT2 > Accumulable registered as "h618"
G4WT7 > Accumulable registered as "h654"
G4WT6 > Accumulable registered as "h825"
G4WT5 > Accumulable registered as "h733"
G4WT6 > Accumulable registered as "h826"
G4WT4 > Accumulable registered as "h642"
G4WT6 > Accumulable registered as "h827"
G4WT5 > Accumulable registered as "h734"
G4WT1 > Accumulable registered as "h606"
G4WT11 > Accumulable registered as "h689"
G4WT2 > Accumulable registered as "h619"
G4WT11 > Accumulable registered as "h690"
G4WT0 > Accumulable registered as "h631"
G4WT11 > Accumulable registered as "h691"
G4WT2 > Accumulable registered as "h620"
G4WT3 > Accumulable registered as "h651"
G4WT4 > Accumulable registered as "h643"
G4WT3 > Accumulable registered as "h652"
G4WT9 > Accumulable registered as "h659"
G4WT4 > Accumulable registered as "h644"
G4WT10 > Accumulable registered as "h548"
G4WT4 > Accumulable registered as "h645"
G4WT10 > Accumulable registered as "h549"
G4WT6 > Accumulable registered as "h828"
G4WT11 > Accumulable registered as "h692"
G4WT6 > Accumulable registered as "h829"
G4WT0 > Accumulable registered as "h632"
G4WT2 > Accumulable registered as "h621"
G4WT5 > Accumulable registered as "h735"
G4WT3 > Accumulable registered as "h653"
G4WT1 > Accumulable registered as "h607"
G4WT9 > Accumulable registered as "h660"
G4WT7 > Accumulable registered as "h655"
G4WT1 > Accumulable registered as "h608"
G4WT8 > Accumulable registered as "h691"
G4WT9 > Accumulable registered as "h661"
G4WT7 > Accumulable registered as "h656"
G4WT11 > Accumulable registered as "h693"
G4WT7 > Accumulable registered as "h657"
G4WT2 > Accumulable registered as "h622"
G4WT3 > Accumulable registered as "h654"
G4WT4 > Accumulable registered as "h646"
G4WT3 > Accumulable registered as "h655"
G4WT1 > Accumulable registered as "h609"
G4WT6 > Accumulable registered as "h830"
G4WT0 > Accumulable registered as "h633"
G4WT6 > Accumulable registered as "h831"
G4WT8 > Accumulable registered as "h692"
G4WT5 > Accumulable registered as "h736"
G4WT8 > Accumulable registered as "h693"
G4WT7 > Accumulable registered as "h658"
G4WT5 > Accumulable registered as "h737"
G4WT2 > Accumulable registered as "h623"
G4WT7 > Accumulable registered as "h659"
G4WT4 > Accumulable registered as "h647"
G4WT7 > Accumulable registered as "h660"
G4WT1 > Accumulable registered as "h610"
G4WT9 > Accumulable registered as "h662"
G4WT0 > Accumulable registered as "h634"
G4WT11 > Accumulable registered as "h694"
G4WT8 > Accumulable registered as "h694"
G4WT11 > Accumulable registered as "h695"
G4WT10 > Accumulable registered as "h550"
G4WT11 > Accumulable registered as "h696"
G4WT2 > Accumulable registered as "h624"
G4WT10 > Accumulable registered as "h551"
G4WT7 > Accumulable registered as "h661"
G4WT2 > Accumulable registered as "h625"
G4WT6 > Accumulable registered as "h832"
G4WT1 > Accumulable registered as "h611"
G4WT10 > Accumulable registered as "h552"
G4WT0 > Accumulable registered as "h635"
G4WT8 > Accumulable registered as "h695"
G4WT0 > Accumulable registered as "h636"
G4WT8 > Accumulable registered as "h696"
G4WT0 > Accumulable registered as "h637"
G4WT4 > Accumulable registered as "h648"
G4WT2 > Accumulable registered as "h626"
G4WT4 > Accumulable registered as "h649"
G4WT9 > Accumulable registered as "h663"
G4WT4 > Accumulable registered as "h650"
G4WT6 > Accumulable registered as "h833"
G4WT9 > Accumulable registered as "h664"
G4WT1 > Accumulable registered as "h612"
G4WT6 > Accumulable registered as "h834"
G4WT1 > Accumulable registered as "h613"
G4WT6 > Accumulable registered as "h835"
G4WT7 > Accumulable registered as "h662"
G4WT0 > Accumulable registered as "h638"
G4WT5 > Accumulable registered as "h738"
G4WT2 > Accumulable registered as "h627"
G4WT5 > Accumulable registered as "h739"
G4WT4 > Accumulable registered as "h651"
G4WT4 > Accumulable registered as "h652"
G4WT11 > Accumulable registered as "h697"
G4WT8 > Accumulable registered as "h697"
G4WT11 > Accumulable registered as "h698"
G4WT1 > Accumulable registered as "h614"
G4WT11 > Accumulable registered as "h699"
G4WT10 > Accumulable registered as "h553"
G4WT11 > Accumulable registered as "h700"
G4WT0 > Accumulable registered as "h639"
G4WT11 > Accumulable registered as "h701"
G4WT2 > Accumulable registered as "h628"
G4WT2 > Accumulable registered as "h629"
G4WT4 > Accumulable registered as "h653"
G4WT6 > Accumulable registered as "h836"
G4WT4 > Accumulable registered as "h654"
G4WT8 > Accumulable registered as "h698"
G4WT1 > Accumulable registered as "h615"
G4WT7 > Accumulable registered as "h663"
G4WT8 > Accumulable registered as "h699"
G4WT1 > Accumulable registered as "h616"
G4WT10 > Accumulable registered as "h554"
G4WT1 > Accumulable registered as "h617"
G4WT0 > Accumulable registered as "h640"
G4WT2 > Accumulable registered as "h630"
G4WT6 > Accumulable registered as "h837"
G4WT4 > Accumulable registered as "h655"
G4WT9 > Accumulable registered as "h665"
G4WT5 > Accumulable registered as "h740"
G4WT11 > Accumulable registered as "h702"
G4WT8 > Accumulable registered as "h700"
G4WT11 > Accumulable registered as "h703"
G4WT7 > Accumulable registered as "h664"
G4WT8 > Accumulable registered as "h701"
G4WT10 > Accumulable registered as "h555"
G4WT8 > Accumulable registered as "h702"
G4WT2 > Accumulable registered as "h631"
G4WT10 > Accumulable registered as "h556"
G4WT6 > Accumulable registered as "h838"
G4WT9 > Accumulable registered as "h666"
G4WT5 > Accumulable registered as "h741"
G4WT3 > Accumulable registered as "h656"
G4WT1 > Accumulable registered as "h618"
G4WT11 > Accumulable registered as "h704"
G4WT3 > Accumulable registered as "h657"
G4WT1 > Accumulable registered as "h619"
G4WT8 > Accumulable registered as "h703"
G4WT10 > Accumulable registered as "h557"
G4WT8 > Accumulable registered as "h704"
G4WT2 > Accumulable registered as "h632"
G4WT6 > Accumulable registered as "h839"
G4WT9 > Accumulable registered as "h667"
G4WT5 > Accumulable registered as "h742"
G4WT9 > Accumulable registered as "h668"
G4WT7 > Accumulable registered as "h665"
G4WT4 > Accumulable registered as "h656"
G4WT7 > Accumulable registered as "h666"
G4WT11 > Accumulable registered as "h705"
G4WT1 > Accumulable registered as "h620"
G4WT10 > Accumulable registered as "h558"
G4WT1 > Accumulable registered as "h621"
G4WT10 > Accumulable registered as "h559"
G4WT6 > Accumulable registered as "h840"
G4WT5 > Accumulable registered as "h743"
G4WT9 > Accumulable registered as "h669"
G4WT3 > Accumulable registered as "h658"
G4WT9 > Accumulable registered as "h670"
G4WT7 > Accumulable registered as "h667"
G4WT4 > Accumulable registered as "h657"
G4WT8 > Accumulable registered as "h705"
G4WT4 > Accumulable registered as "h658"
G4WT8 > Accumulable registered as "h706"
G4WT1 > Accumulable registered as "h622"
G4WT10 > Accumulable registered as "h560"
G4WT6 > Accumulable registered as "h841"
G4WT10 > Accumulable registered as "h561"
G4WT5 > Accumulable registered as "h744"
G4WT9 > Accumulable registered as "h671"
G4WT5 > Accumulable registered as "h745"
G4WT11 > Accumulable registered as "h706"
G4WT9 > Accumulable registered as "h672"
G4WT4 > Accumulable registered as "h659"
G4WT0 > Accumulable registered as "h641"
G4WT1 > Accumulable registered as "h623"
G4WT0 > Accumulable registered as "h642"
G4WT1 > Accumulable registered as "h624"
G4WT10 > Accumulable registered as "h562"
G4WT6 > Accumulable registered as "h842"
G4WT7 > Accumulable registered as "h668"
G4WT6 > Accumulable registered as "h843"
G4WT2 > Accumulable registered as "h633"
G4WT9 > Accumulable registered as "h673"
G4WT2 > Accumulable registered as "h634"
G4WT4 > Accumulable registered as "h660"
G4WT0 > Accumulable registered as "h643"
G4WT4 > Accumulable registered as "h661"
G4WT1 > Accumulable registered as "h625"
G4WT4 > Accumulable registered as "h662"
G4WT10 > Accumulable registered as "h563"
G4WT1 > Accumulable registered as "h626"
G4WT7 > Accumulable registered as "h669"
G4WT10 > Accumulable registered as "h564"
G4WT2 > Accumulable registered as "h635"
G4WT1 > Accumulable registered as "h627"
G4WT3 > Accumulable registered as "h659"
G4WT5 > Accumulable registered as "h746"
G4WT0 > Accumulable registered as "h644"
G4WT3 > Accumulable registered as "h660"
G4WT5 > Accumulable registered as "h747"
G4WT6 > Accumulable registered as "h844"
G4WT10 > Accumulable registered as "h565"
G4WT6 > Accumulable registered as "h845"
G4WT7 > Accumulable registered as "h670"
G4WT1 > Accumulable registered as "h628"
G4WT2 > Accumulable registered as "h636"
G4WT7 > Accumulable registered as "h671"
G4WT2 > Accumulable registered as "h637"
G4WT0 > Accumulable registered as "h645"
G4WT9 > Accumulable registered as "h674"
G4WT5 > Accumulable registered as "h748"
G4WT5 > Accumulable registered as "h749"
G4WT5 > Accumulable registered as "h750"
G4WT11 > Accumulable registered as "h707"
G4WT4 > Accumulable registered as "h663"
G4WT1 > Accumulable registered as "h629"
G4WT11 > Accumulable registered as "h708"
G4WT4 > Accumulable registered as "h664"
G4WT2 > Accumulable registered as "h638"
G4WT11 > Accumulable registered as "h709"
G4WT0 > Accumulable registered as "h646"
G4WT5 > Accumulable registered as "h751"
G4WT5 > Accumulable registered as "h752"
G4WT10 > Accumulable registered as "h566"
G4WT6 > Accumulable registered as "h846"
G4WT10 > Accumulable registered as "h567"
G4WT7 > Accumulable registered as "h672"
G4WT1 > Accumulable registered as "h630"
G4WT4 > Accumulable registered as "h665"
G4WT7 > Accumulable registered as "h673"
G4WT9 > Accumulable registered as "h675"
G4WT0 > Accumulable registered as "h647"
G4WT9 > Accumulable registered as "h676"
G4WT0 > Accumulable registered as "h648"
G4WT9 > Accumulable registered as "h677"
G4WT6 > Accumulable registered as "h847"
G4WT9 > Accumulable registered as "h678"
G4WT1 > Accumulable registered as "h631"
G4WT6 > Accumulable registered as "h848"
G4WT11 > Accumulable registered as "h710"
G4WT7 > Accumulable registered as "h674"
G4WT4 > Accumulable registered as "h666"
G4WT7 > Accumulable registered as "h675"
G4WT0 > Accumulable registered as "h649"
G4WT10 > Accumulable registered as "h568"
G4WT0 > Accumulable registered as "h650"
G4WT2 > Accumulable registered as "h639"
G4WT1 > Accumulable registered as "h632"
G4WT2 > Accumulable registered as "h640"
G4WT1 > Accumulable registered as "h633"
G4WT11 > Accumulable registered as "h711"
G4WT11 > Accumulable registered as "h712"
G4WT7 > Accumulable registered as "h676"
G4WT6 > Accumulable registered as "h849"
G4WT4 > Accumulable registered as "h667"
G4WT7 > Accumulable registered as "h677"
G4WT0 > Accumulable registered as "h651"
G4WT4 > Accumulable registered as "h668"
G4WT0 > Accumulable registered as "h652"
G4WT4 > Accumulable registered as "h669"
G4WT0 > Accumulable registered as "h653"
G4WT0 > Accumulable registered as "h654"
G4WT3 > Accumulable registered as "h661"
G4WT6 > Accumulable registered as "h850"
G4WT3 > Accumulable registered as "h662"
G4WT6 > Accumulable registered as "h851"
G4WT3 > Accumulable registered as "h663"
G4WT1 > Accumulable registered as "h634"
G4WT5 > Accumulable registered as "h753"
G4WT1 > Accumulable registered as "h635"
G4WT1 > Accumulable registered as "h636"
G4WT1 > Accumulable registered as "h637"
G4WT0 > Accumulable registered as "h655"
G4WT7 > Accumulable registered as "h678"
G4WT0 > Accumulable registered as "h656"
G4WT2 > Accumulable registered as "h641"
G4WT0 > Accumulable registered as "h657"
G4WT3 > Accumulable registered as "h664"
G4WT4 > Accumulable registered as "h670"
G4WT3 > Accumulable registered as "h665"
G4WT9 > Accumulable registered as "h679"
G4WT5 > Accumulable registered as "h754"
G4WT1 > Accumulable registered as "h638"
G4WT6 > Accumulable registered as "h852"
G4WT1 > Accumulable registered as "h639"
G4WT7 > Accumulable registered as "h679"
G4WT6 > Accumulable registered as "h853"
G4WT0 > Accumulable registered as "h658"
G4WT2 > Accumulable registered as "h642"
G4WT4 > Accumulable registered as "h671"
G4WT10 > Accumulable registered as "h569"
G4WT2 > Accumulable registered as "h643"
G4WT9 > Accumulable registered as "h680"
G4WT2 > Accumulable registered as "h644"
G4WT1 > Accumulable registered as "h640"
G4WT9 > Accumulable registered as "h681"
G4WT1 > Accumulable registered as "h641"
G4WT9 > Accumulable registered as "h682"
G4WT5 > Accumulable registered as "h755"
G4WT3 > Accumulable registered as "h666"
G4WT4 > Accumulable registered as "h672"
G4WT3 > Accumulable registered as "h667"
G4WT2 > Accumulable registered as "h645"
G4WT4 > Accumulable registered as "h673"
G4WT2 > Accumulable registered as "h646"
G4WT0 > Accumulable registered as "h659"
G4WT9 > Accumulable registered as "h683"
G4WT0 > Accumulable registered as "h660"
G4WT10 > Accumulable registered as "h570"
G4WT5 > Accumulable registered as "h756"
G4WT10 > Accumulable registered as "h571"
G4WT3 > Accumulable registered as "h668"
G4WT10 > Accumulable registered as "h572"
G4WT5 > Accumulable registered as "h757"
G4WT1 > Accumulable registered as "h642"
G4WT5 > Accumulable registered as "h758"
G4WT1 > Accumulable registered as "h643"
G4WT0 > Accumulable registered as "h661"
G4WT5 > Accumulable registered as "h759"
G4WT4 > Accumulable registered as "h674"
G4WT0 > Accumulable registered as "h662"
G4WT3 > Accumulable registered as "h669"
G4WT4 > Accumulable registered as "h675"
G4WT2 > Accumulable registered as "h647"
G4WT4 > Accumulable registered as "h676"
G4WT1 > Accumulable registered as "h644"
G4WT1 > Accumulable registered as "h645"
G4WT5 > Accumulable registered as "h760"
G4WT5 > Accumulable registered as "h761"
G4WT10 > Accumulable registered as "h573"
G4WT6 > Accumulable registered as "h854"
G4WT11 > Accumulable registered as "h713"
G4WT6 > Accumulable registered as "h855"
G4WT2 > Accumulable registered as "h648"
G4WT11 > Accumulable registered as "h714"
G4WT4 > Accumulable registered as "h677"
G4WT1 > Accumulable registered as "h646"
G4WT4 > Accumulable registered as "h678"
G4WT5 > Accumulable registered as "h762"
G4WT1 > Accumulable registered as "h647"
G4WT9 > Accumulable registered as "h684"
G4WT5 > Accumulable registered as "h763"
G4WT3 > Accumulable registered as "h670"
G4WT9 > Accumulable registered as "h685"
G4WT3 > Accumulable registered as "h671"
G4WT9 > Accumulable registered as "h686"
G4WT3 > Accumulable registered as "h672"
G4WT9 > Accumulable registered as "h687"
G4WT4 > Accumulable registered as "h679"
G4WT9 > Accumulable registered as "h688"
G4WT5 > Accumulable registered as "h764"
G4WT7 > Accumulable registered as "h680"
G4WT5 > Accumulable registered as "h765"
G4WT7 > Accumulable registered as "h681"
G4WT7 > Accumulable registered as "h682"
G4WT6 > Accumulable registered as "h856"
G4WT3 > Accumulable registered as "h673"
G4WT10 > Accumulable registered as "h574"
G4WT1 > Accumulable registered as "h648"
G4WT10 > Accumulable registered as "h575"
G4WT9 > Accumulable registered as "h689"
G4WT10 > Accumulable registered as "h576"
G4WT11 > Accumulable registered as "h715"
G4WT9 > Accumulable registered as "h690"
G4WT7 > Accumulable registered as "h683"
G4WT9 > Accumulable registered as "h691"
G4WT6 > Accumulable registered as "h857"
G4WT7 > Accumulable registered as "h684"
G4WT3 > Accumulable registered as "h674"
G4WT1 > Accumulable registered as "h649"
G4WT6 > Accumulable registered as "h858"
G4WT1 > Accumulable registered as "h650"
G4WT6 > Accumulable registered as "h859"
G4WT11 > Accumulable registered as "h716"
G4WT4 > Accumulable registered as "h680"
G4WT11 > Accumulable registered as "h717"
G4WT9 > Accumulable registered as "h692"
G4WT10 > Accumulable registered as "h577"
G4WT9 > Accumulable registered as "h693"
G4WT3 > Accumulable registered as "h675"
G4WT10 > Accumulable registered as "h578"
G4WT1 > Accumulable registered as "h651"
G4WT6 > Accumulable registered as "h860"
G4WT7 > Accumulable registered as "h685"
G4WT6 > Accumulable registered as "h861"
G4WT4 > Accumulable registered as "h681"
G4WT11 > Accumulable registered as "h718"
G4WT9 > Accumulable registered as "h694"
G4WT11 > Accumulable registered as "h719"
G4WT5 > Accumulable registered as "h766"
G4WT3 > Accumulable registered as "h676"
G4WT0 > Accumulable registered as "h663"
G4WT3 > Accumulable registered as "h677"
G4WT0 > Accumulable registered as "h664"
G4WT3 > Accumulable registered as "h678"
G4WT6 > Accumulable registered as "h862"
G4WT11 > Accumulable registered as "h720"
G4WT9 > Accumulable registered as "h695"
G4WT11 > Accumulable registered as "h721"
G4WT9 > Accumulable registered as "h696"
G4WT5 > Accumulable registered as "h767"
G4WT11 > Accumulable registered as "h722"
G4WT9 > Accumulable registered as "h697"
G4WT1 > Accumulable registered as "h652"
G4WT2 > Accumulable registered as "h649"
G4WT4 > Accumulable registered as "h682"
G4WT1 > Accumulable registered as "h653"
G4WT6 > Accumulable registered as "h863"
G4WT10 > Accumulable registered as "h579"
G4WT7 > Accumulable registered as "h686"
G4WT6 > Accumulable registered as "h864"
G4WT5 > Accumulable registered as "h768"
G4WT7 > Accumulable registered as "h687"
G4WT9 > Accumulable registered as "h698"
G4WT2 > Accumulable registered as "h650"
G4WT1 > Accumulable registered as "h654"
G4WT4 > Accumulable registered as "h683"
G4WT1 > Accumulable registered as "h655"
G4WT11 > Accumulable registered as "h723"
G4WT4 > Accumulable registered as "h684"
G4WT10 > Accumulable registered as "h580"
G4WT3 > Accumulable registered as "h679"
G4WT10 > Accumulable registered as "h581"
G4WT3 > Accumulable registered as "h680"
G4WT10 > Accumulable registered as "h582"
G4WT9 > Accumulable registered as "h699"
G4WT0 > Accumulable registered as "h665"
G4WT9 > Accumulable registered as "h700"
G4WT1 > Accumulable registered as "h656"
G4WT9 > Accumulable registered as "h701"
G4WT11 > Accumulable registered as "h724"
G4WT5 > Accumulable registered as "h769"
G4WT11 > Accumulable registered as "h725"
G4WT5 > Accumulable registered as "h770"
G4WT3 > Accumulable registered as "h681"
G4WT10 > Accumulable registered as "h583"
G4WT3 > Accumulable registered as "h682"
G4WT4 > Accumulable registered as "h685"
G4WT0 > Accumulable registered as "h666"
G4WT9 > Accumulable registered as "h702"
G4WT0 > Accumulable registered as "h667"
G4WT7 > Accumulable registered as "h688"
G4WT2 > Accumulable registered as "h651"
G4WT7 > Accumulable registered as "h689"
G4WT5 > Accumulable registered as "h771"
G4WT10 > Accumulable registered as "h584"
G4WT5 > Accumulable registered as "h772"
G4WT3 > Accumulable registered as "h683"
G4WT5 > Accumulable registered as "h773"
G4WT4 > Accumulable registered as "h686"
G4WT3 > Accumulable registered as "h684"
G4WT6 > Accumulable registered as "h865"
G4WT11 > Accumulable registered as "h726"
G4WT6 > Accumulable registered as "h866"
G4WT2 > Accumulable registered as "h652"
G4WT6 > Accumulable registered as "h867"
G4WT1 > Accumulable registered as "h657"
G4WT6 > Accumulable registered as "h868"
G4WT9 > Accumulable registered as "h703"
G4WT5 > Accumulable registered as "h774"
G4WT0 > Accumulable registered as "h668"
G4WT9 > Accumulable registered as "h704"
G4WT4 > Accumulable registered as "h687"
G4WT9 > Accumulable registered as "h705"
G4WT11 > Accumulable registered as "h727"
G4WT4 > Accumulable registered as "h688"
G4WT2 > Accumulable registered as "h653"
G4WT4 > Accumulable registered as "h689"
G4WT1 > Accumulable registered as "h658"
G4WT3 > Accumulable registered as "h685"
G4WT1 > Accumulable registered as "h659"
G4WT3 > Accumulable registered as "h686"
G4WT3 > Accumulable registered as "h687"
G4WT9 > Accumulable registered as "h706"
G4WT6 > Accumulable registered as "h869"
G4WT9 > Accumulable registered as "h707"
G4WT11 > Accumulable registered as "h728"
G4WT4 > Accumulable registered as "h690"
G4WT5 > Accumulable registered as "h775"
G4WT7 > Accumulable registered as "h690"
G4WT0 > Accumulable registered as "h669"
G4WT7 > Accumulable registered as "h691"
G4WT1 > Accumulable registered as "h660"
G4WT0 > Accumulable registered as "h670"
G4WT3 > Accumulable registered as "h688"
G4WT2 > Accumulable registered as "h654"
G4WT3 > Accumulable registered as "h689"
G4WT11 > Accumulable registered as "h729"
G4WT2 > Accumulable registered as "h655"
G4WT3 > Accumulable registered as "h690"
G4WT9 > Accumulable registered as "h708"
G4WT3 > Accumulable registered as "h691"
G4WT6 > Accumulable registered as "h870"
G4WT8 > Accumulable registered as "h707"
G4WT6 > Accumulable registered as "h871"
G4WT8 > Accumulable registered as "h708"
G4WT5 > Accumulable registered as "h776"
G4WT8 > Accumulable registered as "h709"
G4WT2 > Accumulable registered as "h656"
G4WT5 > Accumulable registered as "h777"
G4WT7 > Accumulable registered as "h692"
G4WT2 > Accumulable registered as "h657"
G4WT1 > Accumulable registered as "h661"
G4WT10 > Accumulable registered as "h585"
G4WT1 > Accumulable registered as "h662"
G4WT0 > Accumulable registered as "h671"
G4WT1 > Accumulable registered as "h663"
G4WT11 > Accumulable registered as "h730"
G4WT4 > Accumulable registered as "h691"
G4WT8 > Accumulable registered as "h710"
G4WT7 > Accumulable registered as "h693"
G4WT2 > Accumulable registered as "h658"
G4WT7 > Accumulable registered as "h694"
G4WT2 > Accumulable registered as "h659"
G4WT7 > Accumulable registered as "h695"
G4WT6 > Accumulable registered as "h872"
G4WT3 > Accumulable registered as "h692"
G4WT1 > Accumulable registered as "h664"
G4WT3 > Accumulable registered as "h693"
G4WT0 > Accumulable registered as "h672"
G4WT11 > Accumulable registered as "h731"
G4WT4 > Accumulable registered as "h692"
G4WT11 > Accumulable registered as "h732"
G4WT4 > Accumulable registered as "h693"
G4WT2 > Accumulable registered as "h660"
G4WT10 > Accumulable registered as "h586"
G4WT7 > Accumulable registered as "h696"
G4WT6 > Accumulable registered as "h873"
G4WT3 > Accumulable registered as "h694"
G4WT1 > Accumulable registered as "h665"
G4WT8 > Accumulable registered as "h711"
G4WT0 > Accumulable registered as "h673"
G4WT9 > Accumulable registered as "h709"
G4WT5 > Accumulable registered as "h778"
G4WT9 > Accumulable registered as "h710"
G4WT11 > Accumulable registered as "h733"
G4WT5 > Accumulable registered as "h779"
G4WT11 > Accumulable registered as "h734"
G4WT5 > Accumulable registered as "h780"
G4WT11 > Accumulable registered as "h735"
G4WT6 > Accumulable registered as "h874"
G4WT11 > Accumulable registered as "h736"
G4WT1 > Accumulable registered as "h666"
G4WT6 > Accumulable registered as "h875"
G4WT1 > Accumulable registered as "h667"
G4WT2 > Accumulable registered as "h661"
G4WT9 > Accumulable registered as "h711"
G4WT2 > Accumulable registered as "h662"
G4WT10 > Accumulable registered as "h587"
G4WT2 > Accumulable registered as "h663"
G4WT9 > Accumulable registered as "h712"
G4WT3 > Accumulable registered as "h695"
G4WT11 > Accumulable registered as "h737"
G4WT3 > Accumulable registered as "h696"
G4WT0 > Accumulable registered as "h674"
G4WT4 > Accumulable registered as "h694"
G4WT0 > Accumulable registered as "h675"
G4WT7 > Accumulable registered as "h697"
G4WT5 > Accumulable registered as "h781"
G4WT2 > Accumulable registered as "h664"
G4WT5 > Accumulable registered as "h782"
G4WT8 > Accumulable registered as "h712"
G4WT5 > Accumulable registered as "h783"
G4WT9 > Accumulable registered as "h713"
G4WT8 > Accumulable registered as "h713"
G4WT3 > Accumulable registered as "h697"
G4WT8 > Accumulable registered as "h714"
G4WT9 > Accumulable registered as "h714"
G4WT4 > Accumulable registered as "h695"
G4WT7 > Accumulable registered as "h698"
G4WT4 > Accumulable registered as "h696"
G4WT10 > Accumulable registered as "h588"
G4WT4 > Accumulable registered as "h697"
G4WT11 > Accumulable registered as "h738"
G4WT6 > Accumulable registered as "h876"
G4WT1 > Accumulable registered as "h668"
G4WT6 > Accumulable registered as "h877"
G4WT8 > Accumulable registered as "h715"
G4WT0 > Accumulable registered as "h676"
G4WT3 > Accumulable registered as "h698"
G4WT0 > Accumulable registered as "h677"
G4WT2 > Accumulable registered as "h665"
G4WT0 > Accumulable registered as "h678"
G4WT5 > Accumulable registered as "h784"
G4WT2 > Accumulable registered as "h666"
G4WT10 > Accumulable registered as "h589"
G4WT2 > Accumulable registered as "h667"
G4WT6 > Accumulable registered as "h878"
G4WT9 > Accumulable registered as "h715"
G4WT8 > Accumulable registered as "h716"
G4WT9 > Accumulable registered as "h716"
G4WT8 > Accumulable registered as "h717"
G4WT9 > Accumulable registered as "h717"
G4WT8 > Accumulable registered as "h718"
G4WT0 > Accumulable registered as "h679"
G4WT5 > Accumulable registered as "h785"
G4WT0 > Accumulable registered as "h680"
G4WT1 > Accumulable registered as "h669"
G4WT5 > Accumulable registered as "h786"
G4WT10 > Accumulable registered as "h590"
G4WT5 > Accumulable registered as "h787"
G4WT7 > Accumulable registered as "h699"
G4WT4 > Accumulable registered as "h698"
G4WT9 > Accumulable registered as "h718"
G4WT4 > Accumulable registered as "h699"
G4WT11 > Accumulable registered as "h739"
G4WT9 > Accumulable registered as "h719"
G4WT0 > Accumulable registered as "h681"
G4WT6 > Accumulable registered as "h879"
G4WT1 > Accumulable registered as "h670"
G4WT6 > Accumulable registered as "h880"
G4WT1 > Accumulable registered as "h671"
G4WT10 > Accumulable registered as "h591"
G4WT6 > Accumulable registered as "h881"
G4WT7 > Accumulable registered as "h700"
G4WT8 > Accumulable registered as "h719"
G4WT4 > Accumulable registered as "h700"
G4WT10 > Accumulable registered as "h592"
G4WT11 > Accumulable registered as "h740"
G4WT4 > Accumulable registered as "h701"
G4WT0 > Accumulable registered as "h682"
G4WT3 > Accumulable registered as "h699"
G4WT5 > Accumulable registered as "h788"
G4WT1 > Accumulable registered as "h672"
G4WT3 > Accumulable registered as "h700"
G4WT5 > Accumulable registered as "h789"
G4WT7 > Accumulable registered as "h701"
G4WT3 > Accumulable registered as "h701"
G4WT5 > Accumulable registered as "h790"
G4WT9 > Accumulable registered as "h720"
G4WT11 > Accumulable registered as "h741"
G4WT9 > Accumulable registered as "h721"
G4WT0 > Accumulable registered as "h683"
G4WT6 > Accumulable registered as "h882"
G4WT2 > Accumulable registered as "h668"
G4WT6 > Accumulable registered as "h883"
G4WT1 > Accumulable registered as "h673"
G4WT6 > Accumulable registered as "h884"
G4WT4 > Accumulable registered as "h702"
G4WT7 > Accumulable registered as "h702"
G4WT4 > Accumulable registered as "h703"
G4WT5 > Accumulable registered as "h791"
G4WT9 > Accumulable registered as "h722"
G4WT8 > Accumulable registered as "h720"
G4WT11 > Accumulable registered as "h742"
G4WT10 > Accumulable registered as "h593"
G4WT2 > Accumulable registered as "h669"
G4WT10 > Accumulable registered as "h594"
G4WT3 > Accumulable registered as "h702"
G4WT10 > Accumulable registered as "h595"
G4WT1 > Accumulable registered as "h674"
G4WT3 > Accumulable registered as "h703"
G4WT7 > Accumulable registered as "h703"
G4WT3 > Accumulable registered as "h704"
G4WT9 > Accumulable registered as "h723"
G4WT8 > Accumulable registered as "h721"
G4WT9 > Accumulable registered as "h724"
G4WT8 > Accumulable registered as "h722"
G4WT9 > Accumulable registered as "h725"
G4WT8 > Accumulable registered as "h723"
G4WT4 > Accumulable registered as "h704"
G4WT8 > Accumulable registered as "h724"
G4WT0 > Accumulable registered as "h684"
G4WT5 > Accumulable registered as "h792"
G4WT7 > Accumulable registered as "h704"
G4WT5 > Accumulable registered as "h793"
G4WT3 > Accumulable registered as "h705"
G4WT6 > Accumulable registered as "h885"
G4WT2 > Accumulable registered as "h670"
G4WT6 > Accumulable registered as "h886"
G4WT10 > Accumulable registered as "h596"
G4WT1 > Accumulable registered as "h675"
G4WT8 > Accumulable registered as "h725"
G4WT1 > Accumulable registered as "h676"
G4WT4 > Accumulable registered as "h705"
G4WT11 > Accumulable registered as "h743"
G4WT5 > Accumulable registered as "h794"
G4WT11 > Accumulable registered as "h744"
G4WT7 > Accumulable registered as "h705"
G4WT3 > Accumulable registered as "h706"
G4WT7 > Accumulable registered as "h706"
G4WT3 > Accumulable registered as "h707"
G4WT7 > Accumulable registered as "h707"
G4WT10 > Accumulable registered as "h597"
G4WT0 > Accumulable registered as "h685"
G4WT8 > Accumulable registered as "h726"
G4WT0 > Accumulable registered as "h686"
G4WT4 > Accumulable registered as "h706"
G4WT8 > Accumulable registered as "h727"
G4WT9 > Accumulable registered as "h726"
G4WT2 > Accumulable registered as "h671"
G4WT9 > Accumulable registered as "h727"
G4WT2 > Accumulable registered as "h672"
G4WT7 > Accumulable registered as "h708"
G4WT1 > Accumulable registered as "h677"
G4WT10 > Accumulable registered as "h598"
G4WT1 > Accumulable registered as "h678"
G4WT0 > Accumulable registered as "h687"
G4WT11 > Accumulable registered as "h745"
G4WT0 > Accumulable registered as "h688"
G4WT11 > Accumulable registered as "h746"
G4WT8 > Accumulable registered as "h728"
G4WT6 > Accumulable registered as "h887"
G4WT8 > Accumulable registered as "h729"
G4WT9 > Accumulable registered as "h728"
G4WT8 > Accumulable registered as "h730"
G4WT6 > Accumulable registered as "h888"
G4WT8 > Accumulable registered as "h731"
G4WT1 > Accumulable registered as "h679"
G4WT4 > Accumulable registered as "h707"
G4WT5 > Accumulable registered as "h795"
G4WT11 > Accumulable registered as "h747"
G4WT3 > Accumulable registered as "h708"
G4WT11 > Accumulable registered as "h748"
G4WT2 > Accumulable registered as "h673"
G4WT9 > Accumulable registered as "h729"
G4WT3 > Accumulable registered as "h709"
G4WT10 > Accumulable registered as "h599"
G4WT6 > Accumulable registered as "h889"
G4WT1 > Accumulable registered as "h680"
G4WT0 > Accumulable registered as "h689"
G4WT4 > Accumulable registered as "h708"
G4WT0 > Accumulable registered as "h690"
G4WT5 > Accumulable registered as "h796"
G4WT7 > Accumulable registered as "h709"
G4WT11 > Accumulable registered as "h749"
G4WT7 > Accumulable registered as "h710"
G4WT3 > Accumulable registered as "h710"
G4WT9 > Accumulable registered as "h730"
G4WT3 > Accumulable registered as "h711"
G4WT10 > Accumulable registered as "h600"
G4WT1 > Accumulable registered as "h681"
G4WT6 > Accumulable registered as "h890"
G4WT10 > Accumulable registered as "h601"
G4WT5 > Accumulable registered as "h797"
G4WT8 > Accumulable registered as "h732"
G4WT11 > Accumulable registered as "h750"
G4WT5 > Accumulable registered as "h798"
G4WT11 > Accumulable registered as "h751"
G4WT9 > Accumulable registered as "h731"
G4WT0 > Accumulable registered as "h691"
G4WT9 > Accumulable registered as "h732"
G4WT1 > Accumulable registered as "h682"
G4WT2 > Accumulable registered as "h674"
G4WT10 > Accumulable registered as "h602"
G4WT6 > Accumulable registered as "h891"
G4WT10 > Accumulable registered as "h603"
G4WT7 > Accumulable registered as "h711"
G4WT10 > Accumulable registered as "h604"
G4WT11 > Accumulable registered as "h752"
G4WT0 > Accumulable registered as "h692"
G4WT11 > Accumulable registered as "h753"
G4WT9 > Accumulable registered as "h733"
G4WT1 > Accumulable registered as "h683"
G4WT8 > Accumulable registered as "h733"
G4WT9 > Accumulable registered as "h734"
G4WT5 > Accumulable registered as "h799"
G4WT9 > Accumulable registered as "h735"
G4WT10 > Accumulable registered as "h605"
G4WT9 > Accumulable registered as "h736"
G4WT7 > Accumulable registered as "h712"
G4WT9 > Accumulable registered as "h737"
G4WT11 > Accumulable registered as "h754"
G4WT9 > Accumulable registered as "h738"
G4WT1 > Accumulable registered as "h684"
G4WT9 > Accumulable registered as "h739"
G4WT6 > Accumulable registered as "h892"
G4WT1 > Accumulable registered as "h685"
G4WT5 > Accumulable registered as "h800"
G4WT6 > Accumulable registered as "h893"
G4WT10 > Accumulable registered as "h606"
G4WT5 > Accumulable registered as "h801"
G4WT6 > Accumulable registered as "h894"
G4WT8 > Accumulable registered as "h734"
G4WT3 > Accumulable registered as "h712"
G4WT9 > Accumulable registered as "h740"
G4WT3 > Accumulable registered as "h713"
G4WT0 > Accumulable registered as "h693"
G4WT3 > Accumulable registered as "h714"
G4WT2 > Accumulable registered as "h675"
G4WT11 > Accumulable registered as "h755"
G4WT2 > Accumulable registered as "h676"
G4WT11 > Accumulable registered as "h756"
G4WT2 > Accumulable registered as "h677"
G4WT8 > Accumulable registered as "h735"
G4WT11 > Accumulable registered as "h757"
G4WT9 > Accumulable registered as "h741"
G4WT7 > Accumulable registered as "h713"
G4WT9 > Accumulable registered as "h742"
G4WT3 > Accumulable registered as "h715"
G4WT9 > Accumulable registered as "h743"
G4WT5 > Accumulable registered as "h802"
G4WT6 > Accumulable registered as "h895"
G4WT5 > Accumulable registered as "h803"
G4WT2 > Accumulable registered as "h678"
G4WT8 > Accumulable registered as "h736"
G4WT2 > Accumulable registered as "h679"
G4WT8 > Accumulable registered as "h737"
G4WT2 > Accumulable registered as "h680"
G4WT7 > Accumulable registered as "h714"
G4WT9 > Accumulable registered as "h744"
G4WT7 > Accumulable registered as "h715"
G4WT3 > Accumulable registered as "h716"
G4WT6 > Accumulable registered as "h896"
G4WT9 > Accumulable registered as "h745"
G4WT5 > Accumulable registered as "h804"
G4WT11 > Accumulable registered as "h758"
G4WT0 > Accumulable registered as "h694"
G4WT8 > Accumulable registered as "h738"
G4WT10 > Accumulable registered as "h607"
G4WT8 > Accumulable registered as "h739"
G4WT7 > Accumulable registered as "h716"
G4WT10 > Accumulable registered as "h608"
G4WT3 > Accumulable registered as "h717"
G4WT9 > Accumulable registered as "h746"
G4WT1 > Accumulable registered as "h686"
G4WT9 > Accumulable registered as "h747"
G4WT1 > Accumulable registered as "h687"
G4WT11 > Accumulable registered as "h759"
G4WT1 > Accumulable registered as "h688"
G4WT8 > Accumulable registered as "h740"
G4WT6 > Accumulable registered as "h897"
G4WT8 > Accumulable registered as "h741"
G4WT7 > Accumulable registered as "h717"
G4WT3 > Accumulable registered as "h718"
G4WT7 > Accumulable registered as "h718"
G4WT0 > Accumulable registered as "h695"
G4WT9 > Accumulable registered as "h748"
G4WT0 > Accumulable registered as "h696"
G4WT1 > Accumulable registered as "h689"
G4WT0 > Accumulable registered as "h697"
G4WT9 > Accumulable registered as "h749"
G4WT6 > Accumulable registered as "h898"
G4WT5 > Accumulable registered as "h805"
G4WT2 > Accumulable registered as "h681"
G4WT3 > Accumulable registered as "h719"
G4WT7 > Accumulable registered as "h719"
G4WT3 > Accumulable registered as "h720"
G4WT10 > Accumulable registered as "h609"
G4WT1 > Accumulable registered as "h690"
G4WT10 > Accumulable registered as "h610"
G4WT1 > Accumulable registered as "h691"
G4WT10 > Accumulable registered as "h611"
G4WT9 > Accumulable registered as "h750"
G4WT5 > Accumulable registered as "h806"
G4WT9 > Accumulable registered as "h751"
G4WT5 > Accumulable registered as "h807"
G4WT9 > Accumulable registered as "h752"
G4WT5 > Accumulable registered as "h808"
G4WT3 > Accumulable registered as "h721"
G4WT8 > Accumulable registered as "h742"
G4WT1 > Accumulable registered as "h692"
G4WT8 > Accumulable registered as "h743"
G4WT6 > Accumulable registered as "h899"
G4WT1 > Accumulable registered as "h693"
G4WT2 > Accumulable registered as "h682"
G4WT11 > Accumulable registered as "h760"
G4WT2 > Accumulable registered as "h683"
G4WT9 > Accumulable registered as "h753"
G4WT11 > Accumulable registered as "h761"
G4WT5 > Accumulable registered as "h809"
G4WT11 > Accumulable registered as "h762"
G4WT9 > Accumulable registered as "h754"
G4WT8 > Accumulable registered as "h744"
G4WT5 > Accumulable registered as "h810"
G4WT1 > Accumulable registered as "h694"
G4WT8 > Accumulable registered as "h745"
G4WT0 > Accumulable registered as "h698"
G4WT3 > Accumulable registered as "h722"
G4WT10 > Accumulable registered as "h612"
G4WT3 > Accumulable registered as "h723"
G4WT11 > Accumulable registered as "h763"
G4WT10 > Accumulable registered as "h613"
G4WT9 > Accumulable registered as "h755"
G4WT10 > Accumulable registered as "h614"
G4WT5 > Accumulable registered as "h811"
G4WT8 > Accumulable registered as "h746"
G4WT5 > Accumulable registered as "h812"
G4WT8 > Accumulable registered as "h747"
G4WT0 > Accumulable registered as "h699"
G4WT8 > Accumulable registered as "h748"
G4WT7 > Accumulable registered as "h720"
G4WT6 > Accumulable registered as "h900"
G4WT7 > Accumulable registered as "h721"
G4WT10 > Accumulable registered as "h615"
G4WT9 > Accumulable registered as "h756"
G4WT10 > Accumulable registered as "h616"
G4WT1 > Accumulable registered as "h695"
G4WT10 > Accumulable registered as "h617"
G4WT3 > Accumulable registered as "h724"
G4WT10 > Accumulable registered as "h618"
G4WT1 > Accumulable registered as "h696"
G4WT11 > Accumulable registered as "h764"
G4WT6 > Accumulable registered as "h901"
G4WT7 > Accumulable registered as "h722"
G4WT6 > Accumulable registered as "h902"
G4WT5 > Accumulable registered as "h813"
G4WT9 > Accumulable registered as "h757"
G4WT8 > Accumulable registered as "h749"
G4WT5 > Accumulable registered as "h814"
G4WT10 > Accumulable registered as "h619"
G4WT5 > Accumulable registered as "h815"
G4WT8 > Accumulable registered as "h750"
G4WT1 > Accumulable registered as "h697"
G4WT10 > Accumulable registered as "h620"
G4WT7 > Accumulable registered as "h723"
G4WT1 > Accumulable registered as "h698"
G4WT0 > Accumulable registered as "h700"
G4WT7 > Accumulable registered as "h724"
G4WT3 > Accumulable registered as "h725"
G4WT5 > Accumulable registered as "h816"
G4WT3 > Accumulable registered as "h726"
G4WT11 > Accumulable registered as "h765"
G4WT3 > Accumulable registered as "h727"
G4WT6 > Accumulable registered as "h903"
G4WT11 > Accumulable registered as "h766"
G4WT9 > Accumulable registered as "h758"
G4WT6 > Accumulable registered as "h904"
G4WT7 > Accumulable registered as "h725"
G4WT6 > Accumulable registered as "h905"
G4WT8 > Accumulable registered as "h751"
G4WT5 > Accumulable registered as "h817"
G4WT8 > Accumulable registered as "h752"
G4WT10 > Accumulable registered as "h621"
G4WT8 > Accumulable registered as "h753"
G4WT1 > Accumulable registered as "h699"
G4WT8 > Accumulable registered as "h754"
G4WT0 > Accumulable registered as "h701"
G4WT8 > Accumulable registered as "h755"
G4WT7 > Accumulable registered as "h726"
G4WT8 > Accumulable registered as "h756"
G4WT9 > Accumulable registered as "h759"
G4WT8 > Accumulable registered as "h757"
G4WT5 > Accumulable registered as "h818"
G4WT10 > Accumulable registered as "h622"
G4WT5 > Accumulable registered as "h819"
G4WT9 > Accumulable registered as "h760"
G4WT1 > Accumulable registered as "h700"
G4WT9 > Accumulable registered as "h761"
G4WT3 > Accumulable registered as "h728"
G4WT9 > Accumulable registered as "h762"
G4WT11 > Accumulable registered as "h767"
G4WT8 > Accumulable registered as "h758"
G4WT6 > Accumulable registered as "h906"
G4WT10 > Accumulable registered as "h623"
G4WT6 > Accumulable registered as "h907"
G4WT0 > Accumulable registered as "h702"
G4WT10 > Accumulable registered as "h624"
G4WT1 > Accumulable registered as "h701"
G4WT9 > Accumulable registered as "h763"
G4WT3 > Accumulable registered as "h729"
G4WT9 > Accumulable registered as "h764"
G4WT3 > Accumulable registered as "h730"
G4WT9 > Accumulable registered as "h765"
G4WT5 > Accumulable registered as "h820"
G4WT6 > Accumulable registered as "h908"
G4WT7 > Accumulable registered as "h727"
G4WT6 > Accumulable registered as "h909"
G4WT2 > Accumulable registered as "h684"
G4WT0 > Accumulable registered as "h703"
G4WT7 > Accumulable registered as "h728"
G4WT11 > Accumulable registered as "h768"
G4WT3 > Accumulable registered as "h731"
G4WT11 > Accumulable registered as "h769"
G4WT3 > Accumulable registered as "h732"
G4WT11 > Accumulable registered as "h770"
G4WT10 > Accumulable registered as "h625"
G4WT1 > Accumulable registered as "h702"
G4WT10 > Accumulable registered as "h626"
G4WT2 > Accumulable registered as "h685"
G4WT1 > Accumulable registered as "h703"
G4WT7 > Accumulable registered as "h729"
G4WT1 > Accumulable registered as "h704"
G4WT9 > Accumulable registered as "h766"
G4WT7 > Accumulable registered as "h730"
G4WT6 > Accumulable registered as "h910"
G4WT7 > Accumulable registered as "h731"
G4WT11 > Accumulable registered as "h771"
G4WT8 > Accumulable registered as "h759"
G4WT0 > Accumulable registered as "h704"
G4WT11 > Accumulable registered as "h772"
G4WT10 > Accumulable registered as "h627"
G4WT0 > Accumulable registered as "h705"
G4WT1 > Accumulable registered as "h705"
G4WT3 > Accumulable registered as "h733"
G4WT9 > Accumulable registered as "h767"
G4WT7 > Accumulable registered as "h732"
G4WT3 > Accumulable registered as "h734"
G4WT2 > Accumulable registered as "h686"
G4WT3 > Accumulable registered as "h735"
G4WT5 > Accumulable registered as "h821"
G4WT10 > Accumulable registered as "h628"
G4WT5 > Accumulable registered as "h822"
G4WT10 > Accumulable registered as "h629"
G4WT6 > Accumulable registered as "h911"
G4WT9 > Accumulable registered as "h768"
G4WT6 > Accumulable registered as "h912"
G4WT9 > Accumulable registered as "h769"
G4WT6 > Accumulable registered as "h913"
G4WT9 > Accumulable registered as "h770"
G4WT2 > Accumulable registered as "h687"
G4WT0 > Accumulable registered as "h706"
G4WT2 > Accumulable registered as "h688"
G4WT1 > Accumulable registered as "h706"
G4WT4 > Accumulable registered as "h709"
G4WT1 > Accumulable registered as "h707"
G4WT10 > Accumulable registered as "h630"
G4WT8 > Accumulable registered as "h760"
G4WT10 > Accumulable registered as "h631"
G4WT6 > Accumulable registered as "h914"
G4WT9 > Accumulable registered as "h771"
G4WT6 > Accumulable registered as "h915"
G4WT3 > Accumulable registered as "h736"
G4WT6 > Accumulable registered as "h916"
G4WT2 > Accumulable registered as "h689"
G4WT5 > Accumulable registered as "h823"
G4WT2 > Accumulable registered as "h690"
G4WT7 > Accumulable registered as "h733"
G4WT5 > Accumulable registered as "h824"
G4WT11 > Accumulable registered as "h773"
G4WT5 > Accumulable registered as "h825"
G4WT8 > Accumulable registered as "h761"
G4WT11 > Accumulable registered as "h774"
G4WT9 > Accumulable registered as "h772"
G4WT6 > Accumulable registered as "h917"
G4WT3 > Accumulable registered as "h737"
G4WT1 > Accumulable registered as "h708"
G4WT6 > Accumulable registered as "h918"
G4WT2 > Accumulable registered as "h691"
G4WT1 > Accumulable registered as "h709"
G4WT7 > Accumulable registered as "h734"
G4WT0 > Accumulable registered as "h707"
G4WT5 > Accumulable registered as "h826"
G4WT7 > Accumulable registered as "h735"
G4WT9 > Accumulable registered as "h773"
G4WT4 > Accumulable registered as "h710"
G4WT8 > Accumulable registered as "h762"
G4WT9 > Accumulable registered as "h774"
G4WT10 > Accumulable registered as "h632"
G4WT8 > Accumulable registered as "h763"
G4WT2 > Accumulable registered as "h692"
G4WT10 > Accumulable registered as "h633"
G4WT11 > Accumulable registered as "h775"
G4WT7 > Accumulable registered as "h736"
G4WT11 > Accumulable registered as "h776"
G4WT3 > Accumulable registered as "h738"
G4WT11 > Accumulable registered as "h777"
G4WT6 > Accumulable registered as "h919"
G4WT4 > Accumulable registered as "h711"
G4WT1 > Accumulable registered as "h710"
G4WT4 > Accumulable registered as "h712"
G4WT8 > Accumulable registered as "h764"
G4WT4 > Accumulable registered as "h713"
G4WT10 > Accumulable registered as "h634"
G4WT8 > Accumulable registered as "h765"
G4WT5 > Accumulable registered as "h827"
G4WT10 > Accumulable registered as "h635"
G4WT9 > Accumulable registered as "h775"
G4WT5 > Accumulable registered as "h828"
G4WT11 > Accumulable registered as "h778"
G4WT6 > Accumulable registered as "h920"
G4WT11 > Accumulable registered as "h779"
G4WT2 > Accumulable registered as "h693"
G4WT11 > Accumulable registered as "h780"
G4WT4 > Accumulable registered as "h714"
G4WT11 > Accumulable registered as "h781"
G4WT8 > Accumulable registered as "h766"
G4WT10 > Accumulable registered as "h636"
G4WT8 > Accumulable registered as "h767"
G4WT9 > Accumulable registered as "h776"
G4WT5 > Accumulable registered as "h829"
G4WT0 > Accumulable registered as "h708"
G4WT5 > Accumulable registered as "h830"
G4WT7 > Accumulable registered as "h737"
G4WT2 > Accumulable registered as "h694"
G4WT11 > Accumulable registered as "h782"
G4WT3 > Accumulable registered as "h739"
G4WT4 > Accumulable registered as "h715"
G4WT3 > Accumulable registered as "h740"
G4WT8 > Accumulable registered as "h768"
G4WT9 > Accumulable registered as "h777"
G4WT1 > Accumulable registered as "h711"
G4WT9 > Accumulable registered as "h778"
G4WT6 > Accumulable registered as "h921"
G4WT0 > Accumulable registered as "h709"
G4WT6 > Accumulable registered as "h922"
G4WT7 > Accumulable registered as "h738"
G4WT11 > Accumulable registered as "h783"
G4WT10 > Accumulable registered as "h637"
G4WT4 > Accumulable registered as "h716"
G4WT3 > Accumulable registered as "h741"
G4WT4 > Accumulable registered as "h717"
G4WT3 > Accumulable registered as "h742"
G4WT4 > Accumulable registered as "h718"
G4WT1 > Accumulable registered as "h712"
G4WT2 > Accumulable registered as "h695"
G4WT0 > Accumulable registered as "h710"
G4WT6 > Accumulable registered as "h923"
G4WT7 > Accumulable registered as "h739"
G4WT6 > Accumulable registered as "h924"
G4WT11 > Accumulable registered as "h784"
G4WT6 > Accumulable registered as "h925"
G4WT8 > Accumulable registered as "h769"
G4WT11 > Accumulable registered as "h785"
G4WT9 > Accumulable registered as "h779"
G4WT8 > Accumulable registered as "h770"
G4WT4 > Accumulable registered as "h719"
G4WT1 > Accumulable registered as "h713"
G4WT2 > Accumulable registered as "h696"
G4WT1 > Accumulable registered as "h714"
G4WT10 > Accumulable registered as "h638"
G4WT7 > Accumulable registered as "h740"
G4WT5 > Accumulable registered as "h831"
G4WT7 > Accumulable registered as "h741"
G4WT3 > Accumulable registered as "h743"
G4WT7 > Accumulable registered as "h742"
G4WT9 > Accumulable registered as "h780"
G4WT7 > Accumulable registered as "h743"
G4WT0 > Accumulable registered as "h711"
G4WT9 > Accumulable registered as "h781"
G4WT2 > Accumulable registered as "h697"
G4WT0 > Accumulable registered as "h712"
G4WT6 > Accumulable registered as "h926"
G4WT0 > Accumulable registered as "h713"
G4WT11 > Accumulable registered as "h786"
G4WT8 > Accumulable registered as "h771"
G4WT11 > Accumulable registered as "h787"
G4WT3 > Accumulable registered as "h744"
G4WT11 > Accumulable registered as "h788"
G4WT3 > Accumulable registered as "h745"
G4WT9 > Accumulable registered as "h782"
G4WT2 > Accumulable registered as "h698"
G4WT9 > Accumulable registered as "h783"
G4WT2 > Accumulable registered as "h699"
G4WT5 > Accumulable registered as "h832"
G4WT6 > Accumulable registered as "h927"
G4WT5 > Accumulable registered as "h833"
G4WT7 > Accumulable registered as "h744"
G4WT1 > Accumulable registered as "h715"
G4WT11 > Accumulable registered as "h789"
G4WT11 > Accumulable registered as "h790"
G4WT11 > Accumulable registered as "h791"
G4WT11 > Accumulable registered as "h792"
G4WT0 > Accumulable registered as "h714"
G4WT9 > Accumulable registered as "h784"
G4WT0 > Accumulable registered as "h715"
G4WT8 > Accumulable registered as "h772"
G4WT6 > Accumulable registered as "h928"
G4WT8 > Accumulable registered as "h773"
G4WT5 > Accumulable registered as "h834"
G4WT1 > Accumulable registered as "h716"
G4WT1 > Accumulable registered as "h717"
G4WT1 > Accumulable registered as "h718"
G4WT3 > Accumulable registered as "h746"
G4WT11 > Accumulable registered as "h793"
G4WT3 > Accumulable registered as "h747"
G4WT2 > Accumulable registered as "h700"
G4WT11 > Accumulable registered as "h794"
G4WT2 > Accumulable registered as "h701"
G4WT8 > Accumulable registered as "h774"
G4WT6 > Accumulable registered as "h929"
G4WT5 > Accumulable registered as "h835"
G4WT5 > Accumulable registered as "h836"
G4WT5 > Accumulable registered as "h837"
G4WT10 > Accumulable registered as "h639"
G4WT1 > Accumulable registered as "h719"
G4WT9 > Accumulable registered as "h785"
G4WT3 > Accumulable registered as "h748"
G4WT7 > Accumulable registered as "h745"
G4WT11 > Accumulable registered as "h795"
G4WT2 > Accumulable registered as "h702"
G4WT8 > Accumulable registered as "h775"
G4WT2 > Accumulable registered as "h703"
G4WT6 > Accumulable registered as "h930"
G4WT5 > Accumulable registered as "h838"
G4WT6 > Accumulable registered as "h931"
G4WT10 > Accumulable registered as "h640"
G4WT6 > Accumulable registered as "h932"
G4WT0 > Accumulable registered as "h716"
G4WT4 > Accumulable registered as "h720"
G4WT7 > Accumulable registered as "h746"
G4WT6 > Accumulable registered as "h933"
G4WT11 > Accumulable registered as "h796"
G4WT2 > Accumulable registered as "h704"
G4WT6 > Accumulable registered as "h934"
G4WT1 > Accumulable registered as "h720"
G4WT2 > Accumulable registered as "h705"
G4WT9 > Accumulable registered as "h786"
G4WT1 > Accumulable registered as "h721"
G4WT0 > Accumulable registered as "h717"
G4WT9 > Accumulable registered as "h787"
G4WT4 > Accumulable registered as "h721"
G4WT0 > Accumulable registered as "h718"
G4WT8 > Accumulable registered as "h776"
G4WT4 > Accumulable registered as "h722"
G4WT11 > Accumulable registered as "h797"
G4WT6 > Accumulable registered as "h935"
G4WT10 > Accumulable registered as "h641"
G4WT11 > Accumulable registered as "h798"
G4WT6 > Accumulable registered as "h936"
G4WT1 > Accumulable registered as "h722"
G4WT7 > Accumulable registered as "h747"
G4WT1 > Accumulable registered as "h723"
G4WT0 > Accumulable registered as "h719"
G4WT4 > Accumulable registered as "h723"
G4WT0 > Accumulable registered as "h720"
G4WT8 > Accumulable registered as "h777"
G4WT2 > Accumulable registered as "h706"
G4WT3 > Accumulable registered as "h749"
G4WT2 > Accumulable registered as "h707"
G4WT11 > Accumulable registered as "h799"
G4WT6 > Accumulable registered as "h937"
G4WT11 > Accumulable registered as "h800"
G4WT6 > Accumulable registered as "h938"
G4WT1 > Accumulable registered as "h724"
G4WT0 > Accumulable registered as "h721"
G4WT1 > Accumulable registered as "h725"
G4WT4 > Accumulable registered as "h724"
G4WT10 > Accumulable registered as "h642"
G4WT8 > Accumulable registered as "h778"
G4WT4 > Accumulable registered as "h725"
G4WT10 > Accumulable registered as "h643"
G4WT9 > Accumulable registered as "h788"
G4WT7 > Accumulable registered as "h748"
G4WT9 > Accumulable registered as "h789"
G4WT11 > Accumulable registered as "h801"
G4WT6 > Accumulable registered as "h939"
G4WT11 > Accumulable registered as "h802"
G4WT2 > Accumulable registered as "h708"
G4WT3 > Accumulable registered as "h750"
G4WT4 > Accumulable registered as "h726"
G4WT3 > Accumulable registered as "h751"
G4WT5 > Accumulable registered as "h839"
G4WT10 > Accumulable registered as "h644"
G4WT5 > Accumulable registered as "h840"
G4WT10 > Accumulable registered as "h645"
G4WT2 > Accumulable registered as "h709"
G4WT0 > Accumulable registered as "h722"
G4WT6 > Accumulable registered as "h940"
G4WT11 > Accumulable registered as "h803"
G4WT6 > Accumulable registered as "h941"
G4WT8 > Accumulable registered as "h779"
G4WT6 > Accumulable registered as "h942"
G4WT3 > Accumulable registered as "h752"
G4WT9 > Accumulable registered as "h790"
G4WT5 > Accumulable registered as "h841"
G4WT9 > Accumulable registered as "h791"
G4WT1 > Accumulable registered as "h726"
G4WT5 > Accumulable registered as "h842"
G4WT1 > Accumulable registered as "h727"
G4WT5 > Accumulable registered as "h843"
G4WT4 > Accumulable registered as "h727"
G4WT8 > Accumulable registered as "h780"
G4WT4 > Accumulable registered as "h728"
G4WT7 > Accumulable registered as "h749"
G4WT3 > Accumulable registered as "h753"
G4WT10 > Accumulable registered as "h646"
G4WT9 > Accumulable registered as "h792"
G4WT10 > Accumulable registered as "h647"
G4WT2 > Accumulable registered as "h710"
G4WT1 > Accumulable registered as "h728"
G4WT11 > Accumulable registered as "h804"
G4WT5 > Accumulable registered as "h844"
G4WT8 > Accumulable registered as "h781"
G4WT6 > Accumulable registered as "h943"
G4WT4 > Accumulable registered as "h729"
G4WT6 > Accumulable registered as "h944"
G4WT7 > Accumulable registered as "h750"
G4WT6 > Accumulable registered as "h945"
G4WT0 > Accumulable registered as "h723"
G4WT10 > Accumulable registered as "h648"
G4WT0 > Accumulable registered as "h724"
G4WT10 > Accumulable registered as "h649"
G4WT11 > Accumulable registered as "h805"
G4WT5 > Accumulable registered as "h845"
G4WT8 > Accumulable registered as "h782"
G4WT5 > Accumulable registered as "h846"
G4WT3 > Accumulable registered as "h754"
G4WT8 > Accumulable registered as "h783"
G4WT7 > Accumulable registered as "h751"
G4WT3 > Accumulable registered as "h755"
G4WT9 > Accumulable registered as "h793"
G4WT7 > Accumulable registered as "h752"
G4WT1 > Accumulable registered as "h729"
G4WT10 > Accumulable registered as "h650"
G4WT1 > Accumulable registered as "h730"
G4WT10 > Accumulable registered as "h651"
G4WT4 > Accumulable registered as "h730"
G4WT6 > Accumulable registered as "h946"
G4WT4 > Accumulable registered as "h731"
G4WT8 > Accumulable registered as "h784"
G4WT2 > Accumulable registered as "h711"
G4WT3 > Accumulable registered as "h756"
G4WT8 > Accumulable registered as "h785"
G4WT2 > Accumulable registered as "h712"
G4WT3 > Accumulable registered as "h757"
G4WT8 > Accumulable registered as "h786"
G4WT2 > Accumulable registered as "h713"
G4WT8 > Accumulable registered as "h787"
G4WT10 > Accumulable registered as "h652"
G4WT4 > Accumulable registered as "h732"
G4WT10 > Accumulable registered as "h653"
G4WT0 > Accumulable registered as "h725"
G4WT10 > Accumulable registered as "h654"
G4WT9 > Accumulable registered as "h794"
G4WT10 > Accumulable registered as "h655"
G4WT3 > Accumulable registered as "h758"
G4WT5 > Accumulable registered as "h847"
G4WT2 > Accumulable registered as "h714"
G4WT5 > Accumulable registered as "h848"
G4WT8 > Accumulable registered as "h788"
G4WT6 > Accumulable registered as "h947"
G4WT7 > Accumulable registered as "h753"
G4WT4 > Accumulable registered as "h733"
G4WT6 > Accumulable registered as "h948"
G4WT0 > Accumulable registered as "h726"
G4WT4 > Accumulable registered as "h734"
G4WT9 > Accumulable registered as "h795"
G4WT10 > Accumulable registered as "h656"
G4WT9 > Accumulable registered as "h796"
G4WT10 > Accumulable registered as "h657"
G4WT8 > Accumulable registered as "h789"
G4WT11 > Accumulable registered as "h806"
G4WT1 > Accumulable registered as "h731"
G4WT6 > Accumulable registered as "h949"
G4WT7 > Accumulable registered as "h754"
G4WT6 > Accumulable registered as "h950"
G4WT0 > Accumulable registered as "h727"
G4WT4 > Accumulable registered as "h735"
G4WT3 > Accumulable registered as "h759"
G4WT5 > Accumulable registered as "h849"
G4WT2 > Accumulable registered as "h715"
G4WT9 > Accumulable registered as "h797"
G4WT5 > Accumulable registered as "h850"
G4WT2 > Accumulable registered as "h716"
G4WT11 > Accumulable registered as "h807"
G4WT9 > Accumulable registered as "h798"
G4WT6 > Accumulable registered as "h951"
G4WT9 > Accumulable registered as "h799"
G4WT0 > Accumulable registered as "h728"
G4WT9 > Accumulable registered as "h800"
G4WT3 > Accumulable registered as "h760"
G4WT0 > Accumulable registered as "h729"
G4WT8 > Accumulable registered as "h790"
G4WT1 > Accumulable registered as "h732"
G4WT5 > Accumulable registered as "h851"
G4WT1 > Accumulable registered as "h733"
G4WT7 > Accumulable registered as "h755"
G4WT1 > Accumulable registered as "h734"
G4WT4 > Accumulable registered as "h736"
G4WT7 > Accumulable registered as "h756"
G4WT10 > Accumulable registered as "h658"
G4WT4 > Accumulable registered as "h737"
G4WT3 > Accumulable registered as "h761"
G4WT4 > Accumulable registered as "h738"
G4WT2 > Accumulable registered as "h717"
G4WT4 > Accumulable registered as "h739"
G4WT11 > Accumulable registered as "h808"
G4WT6 > Accumulable registered as "h952"
G4WT1 > Accumulable registered as "h735"
G4WT9 > Accumulable registered as "h801"
G4WT7 > Accumulable registered as "h757"
G4WT9 > Accumulable registered as "h802"
G4WT0 > Accumulable registered as "h730"
G4WT10 > Accumulable registered as "h659"
G4WT8 > Accumulable registered as "h791"
G4WT5 > Accumulable registered as "h852"
G4WT8 > Accumulable registered as "h792"
G4WT4 > Accumulable registered as "h740"
G4WT2 > Accumulable registered as "h718"
G4WT11 > Accumulable registered as "h809"
G4WT4 > Accumulable registered as "h741"
G4WT1 > Accumulable registered as "h736"
G4WT11 > Accumulable registered as "h810"
G4WT9 > Accumulable registered as "h803"
G4WT10 > Accumulable registered as "h660"
G4WT0 > Accumulable registered as "h731"
G4WT10 > Accumulable registered as "h661"
G4WT8 > Accumulable registered as "h793"
G4WT6 > Accumulable registered as "h953"
G4WT8 > Accumulable registered as "h794"
G4WT2 > Accumulable registered as "h719"
G4WT7 > Accumulable registered as "h758"
G4WT6 > Accumulable registered as "h954"
G4WT2 > Accumulable registered as "h720"
G4WT1 > Accumulable registered as "h737"
G4WT9 > Accumulable registered as "h804"
G4WT1 > Accumulable registered as "h738"
G4WT5 > Accumulable registered as "h853"
G4WT9 > Accumulable registered as "h805"
G4WT10 > Accumulable registered as "h662"
G4WT9 > Accumulable registered as "h806"
G4WT4 > Accumulable registered as "h742"
G4WT6 > Accumulable registered as "h955"
G4WT4 > Accumulable registered as "h743"
G4WT7 > Accumulable registered as "h759"
G4WT4 > Accumulable registered as "h744"
G4WT6 > Accumulable registered as "h956"
G4WT0 > Accumulable registered as "h732"
G4WT8 > Accumulable registered as "h795"
G4WT5 > Accumulable registered as "h854"
G4WT8 > Accumulable registered as "h796"
G4WT5 > Accumulable registered as "h855"
G4WT9 > Accumulable registered as "h807"
G4WT2 > Accumulable registered as "h721"
G4WT9 > Accumulable registered as "h808"
G4WT1 > Accumulable registered as "h739"
G4WT4 > Accumulable registered as "h745"
G4WT7 > Accumulable registered as "h760"
G4WT4 > Accumulable registered as "h746"
G4WT6 > Accumulable registered as "h957"
G4WT0 > Accumulable registered as "h733"
G4WT10 > Accumulable registered as "h663"
G4WT8 > Accumulable registered as "h797"
G4WT10 > Accumulable registered as "h664"
G4WT8 > Accumulable registered as "h798"
G4WT10 > Accumulable registered as "h665"
G4WT9 > Accumulable registered as "h809"
G4WT1 > Accumulable registered as "h740"
G4WT9 > Accumulable registered as "h810"
G4WT1 > Accumulable registered as "h741"
G4WT9 > Accumulable registered as "h811"
G4WT1 > Accumulable registered as "h742"
G4WT9 > Accumulable registered as "h812"
G4WT1 > Accumulable registered as "h743"
G4WT11 > Accumulable registered as "h811"
G4WT8 > Accumulable registered as "h799"
G4WT2 > Accumulable registered as "h722"
G4WT10 > Accumulable registered as "h666"
G4WT2 > Accumulable registered as "h723"
G4WT10 > Accumulable registered as "h667"
G4WT2 > Accumulable registered as "h724"
G4WT6 > Accumulable registered as "h958"
G4WT5 > Accumulable registered as "h856"
G4WT9 > Accumulable registered as "h813"
G4WT5 > Accumulable registered as "h857"
G4WT9 > Accumulable registered as "h814"
G4WT11 > Accumulable registered as "h812"
G4WT8 > Accumulable registered as "h800"
G4WT11 > Accumulable registered as "h813"
G4WT7 > Accumulable registered as "h761"
G4WT11 > Accumulable registered as "h814"
G4WT10 > Accumulable registered as "h668"
G4WT7 > Accumulable registered as "h762"
G4WT2 > Accumulable registered as "h725"
G4WT7 > Accumulable registered as "h763"
G4WT1 > Accumulable registered as "h744"
G4WT5 > Accumulable registered as "h858"
G4WT3 > Accumulable registered as "h762"
G4WT5 > Accumulable registered as "h859"
G4WT3 > Accumulable registered as "h763"
G4WT8 > Accumulable registered as "h801"
G4WT0 > Accumulable registered as "h734"
G4WT11 > Accumulable registered as "h815"
G4WT10 > Accumulable registered as "h669"
G4WT11 > Accumulable registered as "h816"
G4WT2 > Accumulable registered as "h726"
G4WT7 > Accumulable registered as "h764"
G4WT2 > Accumulable registered as "h727"
G4WT9 > Accumulable registered as "h815"
G4WT7 > Accumulable registered as "h765"
G4WT5 > Accumulable registered as "h860"
G4WT9 > Accumulable registered as "h816"
G4WT6 > Accumulable registered as "h959"
G4WT9 > Accumulable registered as "h817"
G4WT11 > Accumulable registered as "h817"
G4WT1 > Accumulable registered as "h745"
G4WT10 > Accumulable registered as "h670"
G4WT1 > Accumulable registered as "h746"
G4WT10 > Accumulable registered as "h671"
G4WT1 > Accumulable registered as "h747"
G4WT3 > Accumulable registered as "h764"
G4WT8 > Accumulable registered as "h802"
G4WT5 > Accumulable registered as "h861"
G4WT0 > Accumulable registered as "h735"
G4WT6 > Accumulable registered as "h960"
G4WT0 > Accumulable registered as "h736"
G4WT9 > Accumulable registered as "h818"
G4WT6 > Accumulable registered as "h961"
G4WT4 > Accumulable registered as "h747"
G4WT9 > Accumulable registered as "h819"
G4WT10 > Accumulable registered as "h672"
G4WT9 > Accumulable registered as "h820"
G4WT1 > Accumulable registered as "h748"
G4WT10 > Accumulable registered as "h673"
G4WT8 > Accumulable registered as "h803"
G4WT1 > Accumulable registered as "h749"
G4WT11 > Accumulable registered as "h818"
G4WT8 > Accumulable registered as "h804"
G4WT2 > Accumulable registered as "h728"
G4WT8 > Accumulable registered as "h805"
G4WT7 > Accumulable registered as "h766"
G4WT3 > Accumulable registered as "h765"
G4WT9 > Accumulable registered as "h821"
G4WT5 > Accumulable registered as "h862"
G4WT9 > Accumulable registered as "h822"
G4WT10 > Accumulable registered as "h674"
G4WT9 > Accumulable registered as "h823"
G4WT1 > Accumulable registered as "h750"
G4WT11 > Accumulable registered as "h819"
G4WT4 > Accumulable registered as "h748"
G4WT8 > Accumulable registered as "h806"
G4WT4 > Accumulable registered as "h749"
G4WT2 > Accumulable registered as "h729"
G4WT4 > Accumulable registered as "h750"
G4WT3 > Accumulable registered as "h766"
G4WT5 > Accumulable registered as "h863"
G4WT6 > Accumulable registered as "h962"
G4WT9 > Accumulable registered as "h824"
G4WT6 > Accumulable registered as "h963"
G4WT10 > Accumulable registered as "h675"
G4WT6 > Accumulable registered as "h964"
G4WT11 > Accumulable registered as "h820"
G4WT6 > Accumulable registered as "h965"
G4WT8 > Accumulable registered as "h807"
G4WT6 > Accumulable registered as "h966"
G4WT0 > Accumulable registered as "h737"
G4WT2 > Accumulable registered as "h730"
G4WT5 > Accumulable registered as "h864"
G4WT1 > Accumulable registered as "h751"
G4WT9 > Accumulable registered as "h825"
G4WT1 > Accumulable registered as "h752"
G4WT10 > Accumulable registered as "h676"
G4WT11 > Accumulable registered as "h821"
G4WT10 > Accumulable registered as "h677"
G4WT4 > Accumulable registered as "h751"
G4WT3 > Accumulable registered as "h767"
G4WT6 > Accumulable registered as "h967"
G4WT3 > Accumulable registered as "h768"
G4WT2 > Accumulable registered as "h731"
G4WT5 > Accumulable registered as "h865"
G4WT7 > Accumulable registered as "h767"
G4WT1 > Accumulable registered as "h753"
G4WT9 > Accumulable registered as "h826"
G4WT11 > Accumulable registered as "h822"
G4WT10 > Accumulable registered as "h678"
G4WT8 > Accumulable registered as "h808"
G4WT10 > Accumulable registered as "h679"
G4WT4 > Accumulable registered as "h752"
G4WT6 > Accumulable registered as "h968"
G4WT3 > Accumulable registered as "h769"
G4WT2 > Accumulable registered as "h732"
G4WT5 > Accumulable registered as "h866"
G4WT7 > Accumulable registered as "h768"
G4WT1 > Accumulable registered as "h754"
G4WT9 > Accumulable registered as "h827"
G4WT11 > Accumulable registered as "h823"
G4WT9 > Accumulable registered as "h828"
G4WT11 > Accumulable registered as "h824"
G4WT8 > Accumulable registered as "h809"
G4WT11 > Accumulable registered as "h825"
G4WT4 > Accumulable registered as "h753"
G4WT3 > Accumulable registered as "h770"
G4WT4 > Accumulable registered as "h754"
G4WT2 > Accumulable registered as "h733"
G4WT5 > Accumulable registered as "h867"
G4WT2 > Accumulable registered as "h734"
G4WT1 > Accumulable registered as "h755"
G4WT0 > Accumulable registered as "h738"
G4WT10 > Accumulable registered as "h680"
G4WT8 > Accumulable registered as "h810"
G4WT10 > Accumulable registered as "h681"
G4WT8 > Accumulable registered as "h811"
G4WT11 > Accumulable registered as "h826"
G4WT3 > Accumulable registered as "h771"
G4WT11 > Accumulable registered as "h827"
G4WT3 > Accumulable registered as "h772"
G4WT5 > Accumulable registered as "h868"
G4WT9 > Accumulable registered as "h829"
G4WT5 > Accumulable registered as "h869"
G4WT0 > Accumulable registered as "h739"
G4WT6 > Accumulable registered as "h969"
G4WT0 > Accumulable registered as "h740"
G4WT10 > Accumulable registered as "h682"
G4WT7 > Accumulable registered as "h769"
G4WT4 > Accumulable registered as "h755"
G4WT2 > Accumulable registered as "h735"
G4WT11 > Accumulable registered as "h828"
G4WT3 > Accumulable registered as "h773"
G4WT11 > Accumulable registered as "h829"
G4WT3 > Accumulable registered as "h774"
G4WT9 > Accumulable registered as "h830"
G4WT3 > Accumulable registered as "h775"
G4WT8 > Accumulable registered as "h812"
G4WT9 > Accumulable registered as "h831"
G4WT0 > Accumulable registered as "h741"
G4WT8 > Accumulable registered as "h813"
G4WT7 > Accumulable registered as "h770"
G4WT2 > Accumulable registered as "h736"
G4WT1 > Accumulable registered as "h756"
G4WT2 > Accumulable registered as "h737"
G4WT11 > Accumulable registered as "h830"
G4WT6 > Accumulable registered as "h970"
G4WT11 > Accumulable registered as "h831"
G4WT3 > Accumulable registered as "h776"
G4WT9 > Accumulable registered as "h832"
G4WT3 > Accumulable registered as "h777"
G4WT4 > Accumulable registered as "h756"
G4WT9 > Accumulable registered as "h833"
G4WT0 > Accumulable registered as "h742"
G4WT9 > Accumulable registered as "h834"
G4WT0 > Accumulable registered as "h743"
G4WT9 > Accumulable registered as "h835"
G4WT1 > Accumulable registered as "h757"
G4WT10 > Accumulable registered as "h683"
G4WT1 > Accumulable registered as "h758"
G4WT8 > Accumulable registered as "h814"
G4WT3 > Accumulable registered as "h778"
G4WT7 > Accumulable registered as "h771"
G4WT3 > Accumulable registered as "h779"
G4WT3 > Accumulable registered as "h780"
G4WT2 > Accumulable registered as "h738"
G4WT0 > Accumulable registered as "h744"
G4WT9 > Accumulable registered as "h836"
G4WT0 > Accumulable registered as "h745"
G4WT11 > Accumulable registered as "h832"
G4WT6 > Accumulable registered as "h971"
G4WT11 > Accumulable registered as "h833"
G4WT1 > Accumulable registered as "h759"
G4WT11 > Accumulable registered as "h834"
G4WT6 > Accumulable registered as "h972"
G4WT1 > Accumulable registered as "h760"
G4WT3 > Accumulable registered as "h781"
G4WT7 > Accumulable registered as "h772"
G4WT4 > Accumulable registered as "h757"
G4WT9 > Accumulable registered as "h837"
G4WT7 > Accumulable registered as "h773"
G4WT10 > Accumulable registered as "h684"
G4WT0 > Accumulable registered as "h746"
G4WT8 > Accumulable registered as "h815"
G4WT2 > Accumulable registered as "h739"
G4WT5 > Accumulable registered as "h870"
G4WT1 > Accumulable registered as "h761"
G4WT5 > Accumulable registered as "h871"
G4WT3 > Accumulable registered as "h782"
G4WT5 > Accumulable registered as "h872"
G4WT11 > Accumulable registered as "h835"
G4WT7 > Accumulable registered as "h774"
G4WT10 > Accumulable registered as "h685"
G4WT7 > Accumulable registered as "h775"
G4WT10 > Accumulable registered as "h686"
G4WT0 > Accumulable registered as "h747"
G4WT2 > Accumulable registered as "h740"
G4WT0 > Accumulable registered as "h748"
G4WT4 > Accumulable registered as "h758"
G4WT9 > Accumulable registered as "h838"
G4WT5 > Accumulable registered as "h873"
G4WT9 > Accumulable registered as "h839"
G4WT3 > Accumulable registered as "h783"
G4WT11 > Accumulable registered as "h836"
G4WT9 > Accumulable registered as "h840"
G4WT6 > Accumulable registered as "h973"
G4WT9 > Accumulable registered as "h841"
G4WT10 > Accumulable registered as "h687"
G4WT9 > Accumulable registered as "h842"
G4WT2 > Accumulable registered as "h741"
G4WT4 > Accumulable registered as "h759"
G4WT2 > Accumulable registered as "h742"
G4WT4 > Accumulable registered as "h760"
G4WT3 > Accumulable registered as "h784"
G4WT11 > Accumulable registered as "h837"
G4WT3 > Accumulable registered as "h785"
G4WT7 > Accumulable registered as "h776"
G4WT6 > Accumulable registered as "h974"
G4WT7 > Accumulable registered as "h777"
G4WT0 > Accumulable registered as "h749"
G4WT7 > Accumulable registered as "h778"
G4WT9 > Accumulable registered as "h843"
G4WT8 > Accumulable registered as "h816"
G4WT2 > Accumulable registered as "h743"
G4WT8 > Accumulable registered as "h817"
G4WT4 > Accumulable registered as "h761"
G4WT2 > Accumulable registered as "h744"
G4WT3 > Accumulable registered as "h786"
G4WT4 > Accumulable registered as "h762"
G4WT6 > Accumulable registered as "h975"
G4WT4 > Accumulable registered as "h763"
G4WT5 > Accumulable registered as "h874"
G4WT0 > Accumulable registered as "h750"
G4WT5 > Accumulable registered as "h875"
G4WT9 > Accumulable registered as "h844"
G4WT8 > Accumulable registered as "h818"
G4WT1 > Accumulable registered as "h762"
G4WT8 > Accumulable registered as "h819"
G4WT11 > Accumulable registered as "h838"
G4WT8 > Accumulable registered as "h820"
G4WT3 > Accumulable registered as "h787"
G4WT11 > Accumulable registered as "h839"
G4WT4 > Accumulable registered as "h764"
G4WT11 > Accumulable registered as "h840"
G4WT0 > Accumulable registered as "h751"
G4WT5 > Accumulable registered as "h876"
G4WT2 > Accumulable registered as "h745"
G4WT9 > Accumulable registered as "h845"
G4WT10 > Accumulable registered as "h688"
G4WT2 > Accumulable registered as "h746"
G4WT9 > Accumulable registered as "h846"
G4WT10 > Accumulable registered as "h689"
G4WT9 > Accumulable registered as "h847"
G4WT3 > Accumulable registered as "h788"
G4WT10 > Accumulable registered as "h690"
G4WT11 > Accumulable registered as "h841"
G4WT5 > Accumulable registered as "h877"
G4WT1 > Accumulable registered as "h763"
G4WT5 > Accumulable registered as "h878"
G4WT7 > Accumulable registered as "h779"
G4WT6 > Accumulable registered as "h976"
G4WT7 > Accumulable registered as "h780"
G4WT4 > Accumulable registered as "h765"
G4WT6 > Accumulable registered as "h977"
G4WT9 > Accumulable registered as "h848"
G4WT6 > Accumulable registered as "h978"
G4WT3 > Accumulable registered as "h789"
G4WT11 > Accumulable registered as "h842"
G4WT3 > Accumulable registered as "h790"
G4WT8 > Accumulable registered as "h821"
G4WT5 > Accumulable registered as "h879"
G4WT8 > Accumulable registered as "h822"
G4WT2 > Accumulable registered as "h747"
G4WT8 > Accumulable registered as "h823"
G4WT4 > Accumulable registered as "h766"
G4WT10 > Accumulable registered as "h691"
G4WT4 > Accumulable registered as "h767"
G4WT9 > Accumulable registered as "h849"
G4WT6 > Accumulable registered as "h979"
G4WT1 > Accumulable registered as "h764"
G4WT3 > Accumulable registered as "h791"
G4WT7 > Accumulable registered as "h781"
G4WT5 > Accumulable registered as "h880"
G4WT7 > Accumulable registered as "h782"
G4WT8 > Accumulable registered as "h824"
G4WT2 > Accumulable registered as "h748"
G4WT8 > Accumulable registered as "h825"
G4WT4 > Accumulable registered as "h768"
G4WT10 > Accumulable registered as "h692"
G4WT11 > Accumulable registered as "h843"
G4WT9 > Accumulable registered as "h850"
G4WT11 > Accumulable registered as "h844"
G4WT1 > Accumulable registered as "h765"
G4WT3 > Accumulable registered as "h792"
G4WT7 > Accumulable registered as "h783"
G4WT3 > Accumulable registered as "h793"
G4WT5 > Accumulable registered as "h881"
G4WT3 > Accumulable registered as "h794"
G4WT8 > Accumulable registered as "h826"
G4WT5 > Accumulable registered as "h882"
G4WT6 > Accumulable registered as "h980"
G4WT11 > Accumulable registered as "h845"
G4WT6 > Accumulable registered as "h981"
G4WT11 > Accumulable registered as "h846"
G4WT11 > Accumulable registered as "h847"
G4WT2 > Accumulable registered as "h749"
G4WT7 > Accumulable registered as "h784"
G4WT2 > Accumulable registered as "h750"
G4WT3 > Accumulable registered as "h795"
G4WT4 > Accumulable registered as "h769"
G4WT10 > Accumulable registered as "h693"
G4WT5 > Accumulable registered as "h883"
G4WT4 > Accumulable registered as "h770"
G4WT10 > Accumulable registered as "h694"
G4WT1 > Accumulable registered as "h766"
G4WT11 > Accumulable registered as "h848"
G4WT1 > Accumulable registered as "h767"
G4WT11 > Accumulable registered as "h849"
G4WT7 > Accumulable registered as "h785"
G4WT7 > Accumulable registered as "h786"
G4WT0 > Accumulable registered as "h752"
G4WT9 > Accumulable registered as "h851"
G4WT0 > Accumulable registered as "h753"
G4WT6 > Accumulable registered as "h982"
G4WT4 > Accumulable registered as "h771"
G4WT9 > Accumulable registered as "h852"
G4WT10 > Accumulable registered as "h695"
G4WT9 > Accumulable registered as "h853"
G4WT1 > Accumulable registered as "h768"
G4WT11 > Accumulable registered as "h850"
G4WT3 > Accumulable registered as "h796"
G4WT8 > Accumulable registered as "h827"
G4WT11 > Accumulable registered as "h851"
G4WT0 > Accumulable registered as "h754"
G4WT6 > Accumulable registered as "h983"
G4WT2 > Accumulable registered as "h751"
G4WT4 > Accumulable registered as "h772"
G4WT2 > Accumulable registered as "h752"
G4WT10 > Accumulable registered as "h696"
G4WT2 > Accumulable registered as "h753"
G4WT4 > Accumulable registered as "h773"
G4WT7 > Accumulable registered as "h787"
G4WT5 > Accumulable registered as "h884"
G4WT11 > Accumulable registered as "h852"
G4WT8 > Accumulable registered as "h828"
G4WT11 > Accumulable registered as "h853"
G4WT0 > Accumulable registered as "h755"
G4WT8 > Accumulable registered as "h829"
G4WT9 > Accumulable registered as "h854"
G4WT10 > Accumulable registered as "h697"
G4WT9 > Accumulable registered as "h855"
G4WT3 > Accumulable registered as "h797"
G4WT9 > Accumulable registered as "h856"
G4WT2 > Accumulable registered as "h754"
G4WT3 > Accumulable registered as "h798"
G4WT9 > Accumulable registered as "h857"
G4WT5 > Accumulable registered as "h885"
G4WT9 > Accumulable registered as "h858"
G4WT1 > Accumulable registered as "h769"
G4WT0 > Accumulable registered as "h756"
G4WT4 > Accumulable registered as "h774"
G4WT0 > Accumulable registered as "h757"
G4WT4 > Accumulable registered as "h775"
G4WT7 > Accumulable registered as "h788"
G4WT6 > Accumulable registered as "h984"
G4WT7 > Accumulable registered as "h789"
G4WT6 > Accumulable registered as "h985"
G4WT8 > Accumulable registered as "h830"
G4WT5 > Accumulable registered as "h886"
G4WT9 > Accumulable registered as "h859"
G4WT5 > Accumulable registered as "h887"
G4WT1 > Accumulable registered as "h770"
G4WT10 > Accumulable registered as "h698"
G4WT4 > Accumulable registered as "h776"
G4WT10 > Accumulable registered as "h699"
G4WT3 > Accumulable registered as "h799"
G4WT4 > Accumulable registered as "h777"
G4WT2 > Accumulable registered as "h755"
G4WT4 > Accumulable registered as "h778"
G4WT2 > Accumulable registered as "h756"
G4WT4 > Accumulable registered as "h779"
G4WT9 > Accumulable registered as "h860"
G4WT4 > Accumulable registered as "h780"
G4WT0 > Accumulable registered as "h758"
G4WT1 > Accumulable registered as "h771"
G4WT11 > Accumulable registered as "h854"
G4WT7 > Accumulable registered as "h790"
G4WT11 > Accumulable registered as "h855"
G4WT3 > Accumulable registered as "h800"
G4WT6 > Accumulable registered as "h986"
G4WT2 > Accumulable registered as "h757"
G4WT5 > Accumulable registered as "h888"
G4WT4 > Accumulable registered as "h781"
G4WT9 > Accumulable registered as "h861"
G4WT10 > Accumulable registered as "h700"
G4WT0 > Accumulable registered as "h759"
G4WT1 > Accumulable registered as "h772"
G4WT0 > Accumulable registered as "h760"
G4WT7 > Accumulable registered as "h791"
G4WT0 > Accumulable registered as "h761"
G4WT8 > Accumulable registered as "h831"
G4WT6 > Accumulable registered as "h987"
G4WT8 > Accumulable registered as "h832"
G4WT2 > Accumulable registered as "h758"
G4WT8 > Accumulable registered as "h833"
G4WT4 > Accumulable registered as "h782"
G4WT8 > Accumulable registered as "h834"
G4WT10 > Accumulable registered as "h701"
G4WT11 > Accumulable registered as "h856"
G4WT1 > Accumulable registered as "h773"
G4WT10 > Accumulable registered as "h702"
G4WT11 > Accumulable registered as "h857"
G4WT7 > Accumulable registered as "h792"
G4WT10 > Accumulable registered as "h703"
G4WT6 > Accumulable registered as "h988"
G4WT2 > Accumulable registered as "h759"
G4WT6 > Accumulable registered as "h989"
G4WT8 > Accumulable registered as "h835"
G4WT2 > Accumulable registered as "h760"
G4WT3 > Accumulable registered as "h801"
G4WT2 > Accumulable registered as "h761"
G4WT11 > Accumulable registered as "h858"
G4WT3 > Accumulable registered as "h802"
G4WT1 > Accumulable registered as "h774"
G4WT9 > Accumulable registered as "h862"
G4WT11 > Accumulable registered as "h859"
G4WT7 > Accumulable registered as "h793"
G4WT11 > Accumulable registered as "h860"
G4WT6 > Accumulable registered as "h990"
G4WT7 > Accumulable registered as "h794"
G4WT8 > Accumulable registered as "h836"
G4WT5 > Accumulable registered as "h889"
G4WT8 > Accumulable registered as "h837"
G4WT5 > Accumulable registered as "h890"
G4WT1 > Accumulable registered as "h775"
G4WT4 > Accumulable registered as "h783"
G4WT9 > Accumulable registered as "h863"
G4WT0 > Accumulable registered as "h762"
G4WT11 > Accumulable registered as "h861"
G4WT0 > Accumulable registered as "h763"
G4WT7 > Accumulable registered as "h795"
G4WT0 > Accumulable registered as "h764"
G4WT3 > Accumulable registered as "h803"
G4WT0 > Accumulable registered as "h765"
G4WT8 > Accumulable registered as "h838"
G4WT6 > Accumulable registered as "h991"
G4WT1 > Accumulable registered as "h776"
G4WT6 > Accumulable registered as "h992"
G4WT1 > Accumulable registered as "h777"
G4WT6 > Accumulable registered as "h993"
G4WT2 > Accumulable registered as "h762"
G4WT7 > Accumulable registered as "h796"
G4WT5 > Accumulable registered as "h891"
G4WT7 > Accumulable registered as "h797"
G4WT0 > Accumulable registered as "h766"
G4WT3 > Accumulable registered as "h804"
G4WT11 > Accumulable registered as "h862"
G4WT3 > Accumulable registered as "h805"
G4WT4 > Accumulable registered as "h784"
G4WT9 > Accumulable registered as "h864"
G4WT1 > Accumulable registered as "h778"
G4WT6 > Accumulable registered as "h994"
G4WT9 > Accumulable registered as "h865"
G4WT1 > Accumulable registered as "h779"
G4WT7 > Accumulable registered as "h798"
G4WT9 > Accumulable registered as "h866"
G4WT8 > Accumulable registered as "h839"
G4WT11 > Accumulable registered as "h863"
G4WT3 > Accumulable registered as "h806"
G4WT4 > Accumulable registered as "h785"
G4WT3 > Accumulable registered as "h807"
G4WT4 > Accumulable registered as "h786"
G4WT5 > Accumulable registered as "h892"
G4WT6 > Accumulable registered as "h995"
G4WT5 > Accumulable registered as "h893"
G4WT6 > Accumulable registered as "h996"
G4WT5 > Accumulable registered as "h894"
G4WT9 > Accumulable registered as "h867"
G4WT7 > Accumulable registered as "h799"
G4WT11 > Accumulable registered as "h864"
G4WT7 > Accumulable registered as "h800"
G4WT11 > Accumulable registered as "h865"
G4WT7 > Accumulable registered as "h801"
G4WT3 > Accumulable registered as "h808"
G4WT1 > Accumulable registered as "h780"
G4WT3 > Accumulable registered as "h809"
G4WT0 > Accumulable registered as "h767"
G4WT1 > Accumulable registered as "h781"
G4WT5 > Accumulable registered as "h895"
G4WT1 > Accumulable registered as "h782"
G4WT5 > Accumulable registered as "h896"
G4WT5 > Accumulable registered as "h897"
G4WT10 > Accumulable registered as "h704"
G4WT5 > Accumulable registered as "h898"
G4WT4 > Accumulable registered as "h787"
G4WT10 > Accumulable registered as "h705"
G4WT6 > Accumulable registered as "h997"
G4WT10 > Accumulable registered as "h706"
G4WT8 > Accumulable registered as "h840"
G4WT9 > Accumulable registered as "h868"
G4WT8 > Accumulable registered as "h841"
G4WT2 > Accumulable registered as "h763"
G4WT9 > Accumulable registered as "h869"
G4WT11 > Accumulable registered as "h866"
G4WT9 > Accumulable registered as "h870"
G4WT5 > Accumulable registered as "h899"
G4WT3 > Accumulable registered as "h810"
G4WT4 > Accumulable registered as "h788"
G4WT0 > Accumulable registered as "h768"
G4WT4 > Accumulable registered as "h789"
G4WT6 > Accumulable registered as "h998"
G4WT1 > Accumulable registered as "h783"
G4WT8 > Accumulable registered as "h842"
G4WT2 > Accumulable registered as "h764"
G4WT11 > Accumulable registered as "h867"
G4WT2 > Accumulable registered as "h765"
G4WT11 > Accumulable registered as "h868"
G4WT2 > Accumulable registered as "h766"
G4WT10 > Accumulable registered as "h707"
G4WT0 > Accumulable registered as "h769"
G4WT10 > Accumulable registered as "h708"
G4WT4 > Accumulable registered as "h790"
G4WT10 > Accumulable registered as "h709"
G4WT1 > Accumulable registered as "h784"
G4WT8 > Accumulable registered as "h843"
G4WT9 > Accumulable registered as "h871"
G4WT5 > Accumulable registered as "h900"
G4WT9 > Accumulable registered as "h872"
G4WT5 > Accumulable registered as "h901"
G4WT9 > Accumulable registered as "h873"
G4WT2 > Accumulable registered as "h767"
G4WT7 > Accumulable registered as "h802"
G4WT6 > Accumulable registered as "h999"
G4WT10 > Accumulable registered as "h710"
G4WT6 > Accumulable registered as "h1000"
G4WT4 > Accumulable registered as "h791"
G4WT6 > Accumulable registered as "h1001"
G4WT8 > Accumulable registered as "h844"
G4WT3 > Accumulable registered as "h811"
G4WT5 > Accumulable registered as "h902"
G4WT3 > Accumulable registered as "h812"
G4WT0 > Accumulable registered as "h770"
G4WT3 > Accumulable registered as "h813"
G4WT2 > Accumulable registered as "h768"
G4WT1 > Accumulable registered as "h785"
G4WT2 > Accumulable registered as "h769"
G4WT10 > Accumulable registered as "h711"
G4WT4 > Accumulable registered as "h792"
G4WT10 > Accumulable registered as "h712"
G4WT4 > Accumulable registered as "h793"
G4WT10 > Accumulable registered as "h713"
G4WT5 > Accumulable registered as "h903"
G4WT7 > Accumulable registered as "h803"
G4WT0 > Accumulable registered as "h771"
G4WT3 > Accumulable registered as "h814"
G4WT0 > Accumulable registered as "h772"
G4WT11 > Accumulable registered as "h869"
G4WT2 > Accumulable registered as "h770"
G4WT11 > Accumulable registered as "h870"
G4WT2 > Accumulable registered as "h771"
G4WT8 > Accumulable registered as "h845"
G4WT9 > Accumulable registered as "h874"
G4WT10 > Accumulable registered as "h714"
G4WT9 > Accumulable registered as "h875"
G4WT5 > Accumulable registered as "h904"
G4WT5 > Accumulable registered as "h905"
G4WT1 > Accumulable registered as "h786"
G4WT5 > Accumulable registered as "h906"
G4WT0 > Accumulable registered as "h773"
G4WT11 > Accumulable registered as "h871"
G4WT0 > Accumulable registered as "h774"
G4WT2 > Accumulable registered as "h772"
G4WT0 > Accumulable registered as "h775"
G4WT2 > Accumulable registered as "h773"
G4WT0 > Accumulable registered as "h776"
G4WT9 > Accumulable registered as "h876"
G4WT10 > Accumulable registered as "h715"
G4WT9 > Accumulable registered as "h877"
G4WT5 > Accumulable registered as "h907"
G4WT9 > Accumulable registered as "h878"
G4WT10 > Accumulable registered as "h716"
G4WT6 > Accumulable registered as "h1002"
G4WT8 > Accumulable registered as "h846"
G4WT7 > Accumulable registered as "h804"
G4WT8 > Accumulable registered as "h847"
G4WT7 > Accumulable registered as "h805"
G4WT3 > Accumulable registered as "h815"
G4WT3 > Accumulable registered as "h816"
G4WT3 > Accumulable registered as "h817"
G4WT9 > Accumulable registered as "h879"
G4WT11 > Accumulable registered as "h872"
G4WT10 > Accumulable registered as "h717"
G4WT6 > Accumulable registered as "h1003"
G4WT6 > Accumulable registered as "h1004"
G4WT2 > Accumulable registered as "h774"
G4WT0 > Accumulable registered as "h777"
G4WT8 > Accumulable registered as "h848"
G4WT0 > Accumulable registered as "h778"
G4WT7 > Accumulable registered as "h806"
G4WT4 > Accumulable registered as "h794"
G4WT1 > Accumulable registered as "h787"
G4WT4 > Accumulable registered as "h795"
G4WT11 > Accumulable registered as "h873"
G4WT10 > Accumulable registered as "h718"
G4WT11 > Accumulable registered as "h874"
G4WT5 > Accumulable registered as "h908"
G4WT6 > Accumulable registered as "h1005"
G4WT5 > Accumulable registered as "h909"
G4WT8 > Accumulable registered as "h849"
G4WT3 > Accumulable registered as "h818"
G4WT6 > Accumulable registered as "h1006"
G4WT7 > Accumulable registered as "h807"
G4WT6 > Accumulable registered as "h1007"
G4WT4 > Accumulable registered as "h796"
G4WT11 > Accumulable registered as "h875"
G4WT10 > Accumulable registered as "h719"
G4WT11 > Accumulable registered as "h876"
G4WT2 > Accumulable registered as "h775"
G4WT11 > Accumulable registered as "h877"
G4WT5 > Accumulable registered as "h910"
G4WT9 > Accumulable registered as "h880"
G4WT5 > Accumulable registered as "h911"
G4WT3 > Accumulable registered as "h819"
G4WT5 > Accumulable registered as "h912"
G4WT7 > Accumulable registered as "h808"
G4WT3 > Accumulable registered as "h820"
G4WT4 > Accumulable registered as "h797"
G4WT0 > Accumulable registered as "h779"
G4WT4 > Accumulable registered as "h798"
G4WT2 > Accumulable registered as "h776"
G4WT11 > Accumulable registered as "h878"
G4WT2 > Accumulable registered as "h777"
G4WT1 > Accumulable registered as "h788"
G4WT11 > Accumulable registered as "h879"
G4WT9 > Accumulable registered as "h881"
G4WT3 > Accumulable registered as "h821"
G4WT7 > Accumulable registered as "h809"
G4WT10 > Accumulable registered as "h720"
G4WT8 > Accumulable registered as "h850"
G4WT4 > Accumulable registered as "h799"
G4WT0 > Accumulable registered as "h780"
G4WT6 > Accumulable registered as "h1008"
G4WT2 > Accumulable registered as "h778"
G4WT5 > Accumulable registered as "h913"
G4WT1 > Accumulable registered as "h789"
G4WT5 > Accumulable registered as "h914"
G4WT11 > Accumulable registered as "h880"
G4WT5 > Accumulable registered as "h915"
G4WT3 > Accumulable registered as "h822"
G4WT5 > Accumulable registered as "h916"
G4WT10 > Accumulable registered as "h721"
G4WT3 > Accumulable registered as "h823"
G4WT4 > Accumulable registered as "h800"
G4WT0 > Accumulable registered as "h781"
G4WT4 > Accumulable registered as "h801"
G4WT2 > Accumulable registered as "h779"
G4WT9 > Accumulable registered as "h882"
G4WT1 > Accumulable registered as "h790"
G4WT11 > Accumulable registered as "h881"
G4WT1 > Accumulable registered as "h791"
G4WT8 > Accumulable registered as "h851"
G4WT1 > Accumulable registered as "h792"
G4WT10 > Accumulable registered as "h722"
G4WT3 > Accumulable registered as "h824"
G4WT6 > Accumulable registered as "h1009"
G4WT3 > Accumulable registered as "h825"
G4WT0 > Accumulable registered as "h782"
G4WT3 > Accumulable registered as "h826"
G4WT7 > Accumulable registered as "h810"
G4WT5 > Accumulable registered as "h917"
G4WT11 > Accumulable registered as "h882"
G4WT5 > Accumulable registered as "h918"
G4WT8 > Accumulable registered as "h852"
G4WT5 > Accumulable registered as "h919"
G4WT4 > Accumulable registered as "h802"
G4WT8 > Accumulable registered as "h853"
G4WT2 > Accumulable registered as "h780"
G4WT8 > Accumulable registered as "h854"
G4WT9 > Accumulable registered as "h883"
G4WT8 > Accumulable registered as "h855"
G4WT9 > Accumulable registered as "h884"
G4WT1 > Accumulable registered as "h793"
G4WT11 > Accumulable registered as "h883"
G4WT1 > Accumulable registered as "h794"
G4WT5 > Accumulable registered as "h920"
G4WT6 > Accumulable registered as "h1010"
G4WT4 > Accumulable registered as "h803"
G4WT6 > Accumulable registered as "h1011"
G4WT4 > Accumulable registered as "h804"
G4WT2 > Accumulable registered as "h781"
G4WT0 > Accumulable registered as "h783"
G4WT7 > Accumulable registered as "h811"
G4WT0 > Accumulable registered as "h784"
G4WT10 > Accumulable registered as "h723"
G4WT1 > Accumulable registered as "h795"
G4WT11 > Accumulable registered as "h884"
G4WT11 > Accumulable registered as "h885"
G4WT3 > Accumulable registered as "h827"
G4WT6 > Accumulable registered as "h1012"
G4WT4 > Accumulable registered as "h805"
G4WT6 > Accumulable registered as "h1013"
G4WT8 > Accumulable registered as "h856"
G4WT9 > Accumulable registered as "h885"
G4WT7 > Accumulable registered as "h812"
G4WT0 > Accumulable registered as "h785"
G4WT10 > Accumulable registered as "h724"
G4WT0 > Accumulable registered as "h786"
G4WT10 > Accumulable registered as "h725"
G4WT0 > Accumulable registered as "h787"
G4WT11 > Accumulable registered as "h886"
G4WT2 > Accumulable registered as "h782"
G4WT11 > Accumulable registered as "h887"
G4WT4 > Accumulable registered as "h806"
G4WT8 > Accumulable registered as "h857"
G4WT9 > Accumulable registered as "h886"
G4WT8 > Accumulable registered as "h858"
G4WT7 > Accumulable registered as "h813"
G4WT1 > Accumulable registered as "h796"
G4WT7 > Accumulable registered as "h814"
G4WT10 > Accumulable registered as "h726"
G4WT0 > Accumulable registered as "h788"
G4WT10 > Accumulable registered as "h727"
G4WT6 > Accumulable registered as "h1014"
G4WT10 > Accumulable registered as "h728"
G4WT11 > Accumulable registered as "h888"
G4WT6 > Accumulable registered as "h1015"
G4WT11 > Accumulable registered as "h889"
G4WT9 > Accumulable registered as "h887"
G4WT11 > Accumulable registered as "h890"
G4WT3 > Accumulable registered as "h828"
G4WT9 > Accumulable registered as "h888"
G4WT7 > Accumulable registered as "h815"
G4WT2 > Accumulable registered as "h783"
G4WT7 > Accumulable registered as "h816"
G4WT2 > Accumulable registered as "h784"
G4WT10 > Accumulable registered as "h729"
G4WT8 > Accumulable registered as "h859"
G4WT10 > Accumulable registered as "h730"
G4WT8 > Accumulable registered as "h860"
G4WT11 > Accumulable registered as "h891"
G4WT3 > Accumulable registered as "h829"
G4WT11 > Accumulable registered as "h892"
G4WT3 > Accumulable registered as "h830"
G4WT4 > Accumulable registered as "h807"
G4WT7 > Accumulable registered as "h817"
G4WT2 > Accumulable registered as "h785"
G4WT7 > Accumulable registered as "h818"
G4WT2 > Accumulable registered as "h786"
G4WT7 > Accumulable registered as "h819"
G4WT1 > Accumulable registered as "h797"
G4WT8 > Accumulable registered as "h861"
G4WT9 > Accumulable registered as "h889"
G4WT0 > Accumulable registered as "h789"
G4WT11 > Accumulable registered as "h893"
G4WT3 > Accumulable registered as "h831"
G4WT11 > Accumulable registered as "h894"
G4WT3 > Accumulable registered as "h832"
G4WT6 > Accumulable registered as "h1016"
G4WT6 > Accumulable registered as "h1017"
G4WT10 > Accumulable registered as "h731"
G4WT7 > Accumulable registered as "h820"
G4WT1 > Accumulable registered as "h798"
G4WT8 > Accumulable registered as "h862"
G4WT9 > Accumulable registered as "h890"
G4WT0 > Accumulable registered as "h790"
G4WT9 > Accumulable registered as "h891"
G4WT4 > Accumulable registered as "h808"
G4WT2 > Accumulable registered as "h787"
G4WT4 > Accumulable registered as "h809"
G4WT2 > Accumulable registered as "h788"
G4WT4 > Accumulable registered as "h810"
G4WT6 > Accumulable registered as "h1018"
G4WT10 > Accumulable registered as "h732"
G4WT6 > Accumulable registered as "h1019"
G4WT5 > Accumulable registered as "h921"
G4WT8 > Accumulable registered as "h863"
G4WT11 > Accumulable registered as "h895"
G4WT5 > Accumulable registered as "h922"
G4WT9 > Accumulable registered as "h892"
G4WT11 > Accumulable registered as "h896"
G4WT2 > Accumulable registered as "h789"
G4WT4 > Accumulable registered as "h811"
G4WT2 > Accumulable registered as "h790"
G4WT1 > Accumulable registered as "h799"
G4WT4 > Accumulable registered as "h812"
G4WT10 > Accumulable registered as "h733"
G4WT1 > Accumulable registered as "h800"
G4WT8 > Accumulable registered as "h864"
G4WT10 > Accumulable registered as "h734"
G4WT1 > Accumulable registered as "h801"
G4WT11 > Accumulable registered as "h897"
G4WT9 > Accumulable registered as "h893"
G4WT11 > Accumulable registered as "h898"
G4WT6 > Accumulable registered as "h1020"
G4WT11 > Accumulable registered as "h899"
G4WT6 > Accumulable registered as "h1021"
G4WT5 > Accumulable registered as "h923"
G4WT8 > Accumulable registered as "h865"
G4WT5 > Accumulable registered as "h924"
G4WT10 > Accumulable registered as "h735"
G4WT5 > Accumulable registered as "h925"
G4WT10 > Accumulable registered as "h736"
G4WT5 > Accumulable registered as "h926"
G4WT2 > Accumulable registered as "h791"
G4WT0 > Accumulable registered as "h791"
G4WT4 > Accumulable registered as "h813"
G4WT11 > Accumulable registered as "h900"
G4WT4 > Accumulable registered as "h814"
G4WT6 > Accumulable registered as "h1022"
G4WT8 > Accumulable registered as "h866"
G4WT1 > Accumulable registered as "h802"
G4WT3 > Accumulable registered as "h833"
G4WT10 > Accumulable registered as "h737"
G4WT3 > Accumulable registered as "h834"
G4WT10 > Accumulable registered as "h738"
G4WT5 > Accumulable registered as "h927"
G4WT10 > Accumulable registered as "h739"
G4WT0 > Accumulable registered as "h792"
G4WT5 > Accumulable registered as "h928"
G4WT6 > Accumulable registered as "h1023"
G4WT8 > Accumulable registered as "h867"
G4WT6 > Accumulable registered as "h1024"
G4WT1 > Accumulable registered as "h803"
G4WT7 > Accumulable registered as "h821"
G4WT1 > Accumulable registered as "h804"
G4WT3 > Accumulable registered as "h835"
G4WT4 > Accumulable registered as "h815"
G4WT10 > Accumulable registered as "h740"
G4WT4 > Accumulable registered as "h816"
G4WT10 > Accumulable registered as "h741"
G4WT4 > Accumulable registered as "h817"
G4WT5 > Accumulable registered as "h929"
G4WT6 > Accumulable registered as "h1025"
G4WT5 > Accumulable registered as "h930"
G4WT9 > Accumulable registered as "h894"
G4WT7 > Accumulable registered as "h822"
G4WT1 > Accumulable registered as "h805"
G4WT7 > Accumulable registered as "h823"
G4WT1 > Accumulable registered as "h806"
G4WT11 > Accumulable registered as "h901"
G4WT8 > Accumulable registered as "h868"
G4WT11 > Accumulable registered as "h902"
G4WT10 > Accumulable registered as "h742"
G4WT8 > Accumulable registered as "h869"
G4WT2 > Accumulable registered as "h792"
G4WT8 > Accumulable registered as "h870"
G4WT5 > Accumulable registered as "h931"
G4WT2 > Accumulable registered as "h793"
G4WT7 > Accumulable registered as "h824"
G4WT0 > Accumulable registered as "h793"
G4WT9 > Accumulable registered as "h895"
G4WT4 > Accumulable registered as "h818"
G4WT0 > Accumulable registered as "h794"
G4WT6 > Accumulable registered as "h1026"
G4WT4 > Accumulable registered as "h819"
G4WT3 > Accumulable registered as "h836"
G4WT6 > Accumulable registered as "h1027"
G4WT5 > Accumulable registered as "h932"
G4WT3 > Accumulable registered as "h837"
G4WT1 > Accumulable registered as "h807"
G4WT5 > Accumulable registered as "h933"
G4WT11 > Accumulable registered as "h903"
G4WT10 > Accumulable registered as "h743"
G4WT0 > Accumulable registered as "h795"
G4WT8 > Accumulable registered as "h871"
G4WT0 > Accumulable registered as "h796"
G4WT4 > Accumulable registered as "h820"
G4WT8 > Accumulable registered as "h872"
G4WT6 > Accumulable registered as "h1028"
G4WT4 > Accumulable registered as "h821"
G4WT3 > Accumulable registered as "h838"
G4WT9 > Accumulable registered as "h896"
G4WT3 > Accumulable registered as "h839"
G4WT1 > Accumulable registered as "h808"
G4WT3 > Accumulable registered as "h840"
G4WT9 > Accumulable registered as "h897"
G4WT1 > Accumulable registered as "h809"
G4WT1 > Accumulable registered as "h810"
G4WT7 > Accumulable registered as "h825"
G4WT8 > Accumulable registered as "h873"
G4WT6 > Accumulable registered as "h1029"
G4WT7 > Accumulable registered as "h826"
G4WT5 > Accumulable registered as "h934"
G4WT10 > Accumulable registered as "h744"
G4WT5 > Accumulable registered as "h935"
G4WT10 > Accumulable registered as "h745"
G4WT10 > Accumulable registered as "h746"
G4WT9 > Accumulable registered as "h898"
G4WT1 > Accumulable registered as "h811"
G4WT9 > Accumulable registered as "h899"
G4WT4 > Accumulable registered as "h822"
G4WT9 > Accumulable registered as "h900"
G4WT11 > Accumulable registered as "h904"
G4WT6 > Accumulable registered as "h1030"
G4WT3 > Accumulable registered as "h841"
G4WT0 > Accumulable registered as "h797"
G4WT5 > Accumulable registered as "h936"
G4WT5 > Accumulable registered as "h937"
G4WT10 > Accumulable registered as "h747"
G4WT8 > Accumulable registered as "h874"
G4WT10 > Accumulable registered as "h748"
G4WT8 > Accumulable registered as "h875"
G4WT7 > Accumulable registered as "h827"
G4WT4 > Accumulable registered as "h823"
G4WT9 > Accumulable registered as "h901"
G4WT4 > Accumulable registered as "h824"
G4WT3 > Accumulable registered as "h842"
G4WT0 > Accumulable registered as "h798"
G4WT0 > Accumulable registered as "h799"
G4WT5 > Accumulable registered as "h938"
G4WT1 > Accumulable registered as "h812"
G4WT5 > Accumulable registered as "h939"
G4WT10 > Accumulable registered as "h749"
G4WT1 > Accumulable registered as "h813"
G4WT11 > Accumulable registered as "h905"
G4WT1 > Accumulable registered as "h814"
G4WT6 > Accumulable registered as "h1031"
G4WT9 > Accumulable registered as "h902"
G4WT6 > Accumulable registered as "h1032"
G4WT3 > Accumulable registered as "h843"
G4WT6 > Accumulable registered as "h1033"
G4WT9 > Accumulable registered as "h903"
G4WT8 > Accumulable registered as "h876"
G4WT9 > Accumulable registered as "h904"
G4WT7 > Accumulable registered as "h828"
G4WT10 > Accumulable registered as "h750"
G4WT4 > Accumulable registered as "h825"
G4WT7 > Accumulable registered as "h829"
G4WT10 > Accumulable registered as "h751"
G4WT7 > Accumulable registered as "h830"
G4WT3 > Accumulable registered as "h844"
G4WT6 > Accumulable registered as "h1034"
G4WT8 > Accumulable registered as "h877"
G4WT6 > Accumulable registered as "h1035"
G4WT9 > Accumulable registered as "h905"
G4WT6 > Accumulable registered as "h1036"
G4WT1 > Accumulable registered as "h815"
G4WT6 > Accumulable registered as "h1037"
G4WT9 > Accumulable registered as "h906"
G4WT6 > Accumulable registered as "h1038"
G4WT9 > Accumulable registered as "h907"
G4WT10 > Accumulable registered as "h752"
G4WT7 > Accumulable registered as "h831"
G4WT10 > Accumulable registered as "h753"
G4WT11 > Accumulable registered as "h906"
G4WT10 > Accumulable registered as "h754"
G4WT2 > Accumulable registered as "h794"
G4WT10 > Accumulable registered as "h755"
G4WT4 > Accumulable registered as "h826"
G4WT1 > Accumulable registered as "h816"
G4WT6 > Accumulable registered as "h1039"
G4WT3 > Accumulable registered as "h845"
G4WT8 > Accumulable registered as "h878"
G4WT7 > Accumulable registered as "h832"
G4WT8 > Accumulable registered as "h879"
G4WT0 > Accumulable registered as "h800"
G4WT11 > Accumulable registered as "h907"
G4WT0 > Accumulable registered as "h801"
G4WT2 > Accumulable registered as "h795"
G4WT10 > Accumulable registered as "h756"
G4WT4 > Accumulable registered as "h827"
G4WT10 > Accumulable registered as "h757"
G4WT1 > Accumulable registered as "h817"
G4WT4 > Accumulable registered as "h828"
G4WT1 > Accumulable registered as "h818"
G4WT7 > Accumulable registered as "h833"
G4WT1 > Accumulable registered as "h819"
G4WT5 > Accumulable registered as "h940"
G4WT0 > Accumulable registered as "h802"
G4WT5 > Accumulable registered as "h941"
G4WT9 > Accumulable registered as "h908"
G4WT6 > Accumulable registered as "h1040"
G4WT9 > Accumulable registered as "h909"
G4WT6 > Accumulable registered as "h1041"
G4WT9 > Accumulable registered as "h910"
G4WT4 > Accumulable registered as "h829"
G4WT9 > Accumulable registered as "h911"
G4WT11 > Accumulable registered as "h908"
G4WT9 > Accumulable registered as "h912"
G4WT1 > Accumulable registered as "h820"
G4WT9 > Accumulable registered as "h913"
G4WT5 > Accumulable registered as "h942"
G4WT9 > Accumulable registered as "h914"
G4WT3 > Accumulable registered as "h846"
G4WT5 > Accumulable registered as "h943"
G4WT6 > Accumulable registered as "h1042"
G4WT3 > Accumulable registered as "h847"
G4WT7 > Accumulable registered as "h834"
G4WT4 > Accumulable registered as "h830"
G4WT7 > Accumulable registered as "h835"
G4WT0 > Accumulable registered as "h803"
G4WT1 > Accumulable registered as "h821"
G4WT0 > Accumulable registered as "h804"
G4WT1 > Accumulable registered as "h822"
G4WT0 > Accumulable registered as "h805"
G4WT5 > Accumulable registered as "h944"
G4WT6 > Accumulable registered as "h1043"
G4WT5 > Accumulable registered as "h945"
G4WT6 > Accumulable registered as "h1044"
G4WT5 > Accumulable registered as "h946"
G4WT11 > Accumulable registered as "h909"
G4WT5 > Accumulable registered as "h947"
G4WT7 > Accumulable registered as "h836"
G4WT10 > Accumulable registered as "h758"
G4WT7 > Accumulable registered as "h837"
G4WT0 > Accumulable registered as "h806"
G4WT0 > Accumulable registered as "h807"
G4WT3 > Accumulable registered as "h848"
G4WT2 > Accumulable registered as "h796"
G4WT6 > Accumulable registered as "h1045"
G4WT2 > Accumulable registered as "h797"
G4WT4 > Accumulable registered as "h831"
G4WT2 > Accumulable registered as "h798"
G4WT11 > Accumulable registered as "h910"
G4WT4 > Accumulable registered as "h832"
G4WT1 > Accumulable registered as "h823"
G4WT11 > Accumulable registered as "h911"
G4WT10 > Accumulable registered as "h759"
G4WT0 > Accumulable registered as "h808"
G4WT10 > Accumulable registered as "h760"
G4WT3 > Accumulable registered as "h849"
G4WT10 > Accumulable registered as "h761"
G4WT6 > Accumulable registered as "h1046"
G4WT3 > Accumulable registered as "h850"
G4WT2 > Accumulable registered as "h799"
G4WT3 > Accumulable registered as "h851"
G4WT4 > Accumulable registered as "h833"
G4WT3 > Accumulable registered as "h852"
G4WT2 > Accumulable registered as "h800"
G4WT3 > Accumulable registered as "h853"
G4WT5 > Accumulable registered as "h948"
G4WT10 > Accumulable registered as "h762"
G4WT10 > Accumulable registered as "h763"
G4WT7 > Accumulable registered as "h838"
G4WT6 > Accumulable registered as "h1047"
G4WT7 > Accumulable registered as "h839"
G4WT1 > Accumulable registered as "h824"
G4WT7 > Accumulable registered as "h840"
G4WT6 > Accumulable registered as "h1048"
G4WT0 > Accumulable registered as "h809"
G4WT7 > Accumulable registered as "h841"
G4WT1 > Accumulable registered as "h825"
G4WT3 > Accumulable registered as "h854"
G4WT7 > Accumulable registered as "h842"
G4WT0 > Accumulable registered as "h810"
G4WT11 > Accumulable registered as "h912"
G4WT3 > Accumulable registered as "h855"
G4WT0 > Accumulable registered as "h811"
G4WT6 > Accumulable registered as "h1049"
G4WT5 > Accumulable registered as "h949"
G4WT6 > Accumulable registered as "h1050"
G4WT5 > Accumulable registered as "h950"
G4WT1 > Accumulable registered as "h826"
G4WT9 > Accumulable registered as "h915"
G4WT7 > Accumulable registered as "h843"
G4WT4 > Accumulable registered as "h834"
G4WT9 > Accumulable registered as "h916"
G4WT4 > Accumulable registered as "h835"
G4WT9 > Accumulable registered as "h917"
G4WT0 > Accumulable registered as "h812"
G4WT6 > Accumulable registered as "h1051"
G4WT10 > Accumulable registered as "h764"
G4WT0 > Accumulable registered as "h813"
G4WT2 > Accumulable registered as "h801"
G4WT11 > Accumulable registered as "h913"
G4WT2 > Accumulable registered as "h802"
G4WT7 > Accumulable registered as "h844"
G4WT2 > Accumulable registered as "h803"
G4WT4 > Accumulable registered as "h836"
G4WT9 > Accumulable registered as "h918"
G4WT4 > Accumulable registered as "h837"
G4WT5 > Accumulable registered as "h951"
G4WT9 > Accumulable registered as "h919"
G4WT6 > Accumulable registered as "h1052"
G4WT9 > Accumulable registered as "h920"
G4WT5 > Accumulable registered as "h952"
G4WT3 > Accumulable registered as "h856"
G4WT9 > Accumulable registered as "h921"
G4WT7 > Accumulable registered as "h845"
G4WT9 > Accumulable registered as "h922"
G4WT1 > Accumulable registered as "h827"
G4WT9 > Accumulable registered as "h923"
G4WT10 > Accumulable registered as "h765"
G4WT1 > Accumulable registered as "h828"
G4WT0 > Accumulable registered as "h814"
G4WT11 > Accumulable registered as "h914"
G4WT6 > Accumulable registered as "h1053"
G4WT5 > Accumulable registered as "h953"
G4WT2 > Accumulable registered as "h804"
G4WT3 > Accumulable registered as "h857"
G4WT4 > Accumulable registered as "h838"
G4WT7 > Accumulable registered as "h846"
G4WT9 > Accumulable registered as "h924"
G4WT1 > Accumulable registered as "h829"
G4WT10 > Accumulable registered as "h766"
G4WT9 > Accumulable registered as "h925"
G4WT11 > Accumulable registered as "h915"
G4WT6 > Accumulable registered as "h1054"
G4WT5 > Accumulable registered as "h954"
G4WT2 > Accumulable registered as "h805"
G4WT3 > Accumulable registered as "h858"
G4WT4 > Accumulable registered as "h839"
G4WT3 > Accumulable registered as "h859"
G4WT0 > Accumulable registered as "h815"
G4WT1 > Accumulable registered as "h830"
G4WT0 > Accumulable registered as "h816"
G4WT10 > Accumulable registered as "h767"
G4WT9 > Accumulable registered as "h926"
G4WT1 > Accumulable registered as "h831"
G4WT6 > Accumulable registered as "h1055"
G4WT1 > Accumulable registered as "h832"
G4WT7 > Accumulable registered as "h847"
G4WT1 > Accumulable registered as "h833"
G4WT3 > Accumulable registered as "h860"
G4WT1 > Accumulable registered as "h834"
G4WT7 > Accumulable registered as "h848"
G4WT0 > Accumulable registered as "h817"
G4WT10 > Accumulable registered as "h768"
G4WT3 > Accumulable registered as "h861"
G4WT0 > Accumulable registered as "h818"
G4WT3 > Accumulable registered as "h862"
G4WT2 > Accumulable registered as "h806"
G4WT3 > Accumulable registered as "h863"
G4WT4 > Accumulable registered as "h840"
G4WT3 > Accumulable registered as "h864"
G4WT2 > Accumulable registered as "h807"
G4WT7 > Accumulable registered as "h849"
G4WT5 > Accumulable registered as "h955"
G4WT8 > Accumulable registered as "h880"
G4WT7 > Accumulable registered as "h850"
G4WT6 > Accumulable registered as "h1056"
G4WT7 > Accumulable registered as "h851"
G4WT11 > Accumulable registered as "h916"
G4WT3 > Accumulable registered as "h865"
G4WT11 > Accumulable registered as "h917"
G4WT2 > Accumulable registered as "h808"
G4WT9 > Accumulable registered as "h927"
G4WT2 > Accumulable registered as "h809"
G4WT10 > Accumulable registered as "h769"
G4WT9 > Accumulable registered as "h928"
G4WT10 > Accumulable registered as "h770"
G4WT9 > Accumulable registered as "h929"
G4WT10 > Accumulable registered as "h771"
G4WT9 > Accumulable registered as "h930"
G4WT10 > Accumulable registered as "h772"
G4WT4 > Accumulable registered as "h841"
G4WT3 > Accumulable registered as "h866"
G4WT11 > Accumulable registered as "h918"
G4WT4 > Accumulable registered as "h842"
G4WT3 > Accumulable registered as "h867"
G4WT2 > Accumulable registered as "h810"
G4WT11 > Accumulable registered as "h919"
G4WT1 > Accumulable registered as "h835"
G4WT6 > Accumulable registered as "h1057"
G4WT9 > Accumulable registered as "h931"
G4WT10 > Accumulable registered as "h773"
G4WT9 > Accumulable registered as "h932"
G4WT0 > Accumulable registered as "h819"
G4WT8 > Accumulable registered as "h881"
G4WT0 > Accumulable registered as "h820"
G4WT4 > Accumulable registered as "h843"
G4WT3 > Accumulable registered as "h868"
G4WT7 > Accumulable registered as "h852"
G4WT0 > Accumulable registered as "h821"
G4WT11 > Accumulable registered as "h920"
G4WT6 > Accumulable registered as "h1058"
G4WT11 > Accumulable registered as "h921"
G4WT5 > Accumulable registered as "h956"
G4WT10 > Accumulable registered as "h774"
G4WT5 > Accumulable registered as "h957"
G4WT8 > Accumulable registered as "h882"
G4WT2 > Accumulable registered as "h811"
G4WT4 > Accumulable registered as "h844"
G4WT7 > Accumulable registered as "h853"
G4WT1 > Accumulable registered as "h836"
G4WT7 > Accumulable registered as "h854"
G4WT1 > Accumulable registered as "h837"
G4WT11 > Accumulable registered as "h922"
G4WT6 > Accumulable registered as "h1059"
G4WT11 > Accumulable registered as "h923"
G4WT10 > Accumulable registered as "h775"
G4WT11 > Accumulable registered as "h924"
G4WT8 > Accumulable registered as "h883"
G4WT3 > Accumulable registered as "h869"
G4WT8 > Accumulable registered as "h884"
G4WT3 > Accumulable registered as "h870"
G4WT9 > Accumulable registered as "h933"
G4WT7 > Accumulable registered as "h855"
G4WT9 > Accumulable registered as "h934"
G4WT7 > Accumulable registered as "h856"
G4WT9 > Accumulable registered as "h935"
G4WT6 > Accumulable registered as "h1060"
G4WT10 > Accumulable registered as "h776"
G4WT11 > Accumulable registered as "h925"
G4WT4 > Accumulable registered as "h845"
G4WT10 > Accumulable registered as "h777"
G4WT4 > Accumulable registered as "h846"
G4WT3 > Accumulable registered as "h871"
G4WT1 > Accumulable registered as "h838"
G4WT5 > Accumulable registered as "h958"
G4WT7 > Accumulable registered as "h857"
G4WT5 > Accumulable registered as "h959"
G4WT9 > Accumulable registered as "h936"
G4WT6 > Accumulable registered as "h1061"
G4WT9 > Accumulable registered as "h937"
G4WT0 > Accumulable registered as "h822"
G4WT8 > Accumulable registered as "h885"
G4WT0 > Accumulable registered as "h823"
G4WT10 > Accumulable registered as "h778"
G4WT0 > Accumulable registered as "h824"
G4WT8 > Accumulable registered as "h886"
G4WT3 > Accumulable registered as "h872"
G4WT8 > Accumulable registered as "h887"
G4WT5 > Accumulable registered as "h960"
G4WT3 > Accumulable registered as "h873"
G4WT11 > Accumulable registered as "h926"
G4WT6 > Accumulable registered as "h1062"
G4WT11 > Accumulable registered as "h927"
G4WT1 > Accumulable registered as "h839"
G4WT2 > Accumulable registered as "h812"
G4WT0 > Accumulable registered as "h825"
G4WT2 > Accumulable registered as "h813"
G4WT7 > Accumulable registered as "h858"
G4WT0 > Accumulable registered as "h826"
G4WT7 > Accumulable registered as "h859"
G4WT0 > Accumulable registered as "h827"
G4WT7 > Accumulable registered as "h860"
G4WT0 > Accumulable registered as "h828"
G4WT7 > Accumulable registered as "h861"
G4WT6 > Accumulable registered as "h1063"
G4WT11 > Accumulable registered as "h928"
G4WT10 > Accumulable registered as "h779"
G4WT6 > Accumulable registered as "h1064"
G4WT2 > Accumulable registered as "h814"
G4WT8 > Accumulable registered as "h888"
G4WT3 > Accumulable registered as "h874"
G4WT5 > Accumulable registered as "h961"
G4WT3 > Accumulable registered as "h875"
G4WT4 > Accumulable registered as "h847"
G4WT3 > Accumulable registered as "h876"
G4WT1 > Accumulable registered as "h840"
G4WT4 > Accumulable registered as "h848"
G4WT11 > Accumulable registered as "h929"
G4WT5 > Accumulable registered as "h962"
G4WT6 > Accumulable registered as "h1065"
G4WT11 > Accumulable registered as "h930"
G4WT9 > Accumulable registered as "h938"
G4WT11 > Accumulable registered as "h931"
G4WT0 > Accumulable registered as "h829"
G4WT3 > Accumulable registered as "h877"
G4WT0 > Accumulable registered as "h830"
G4WT3 > Accumulable registered as "h878"
G4WT1 > Accumulable registered as "h841"
G4WT2 > Accumulable registered as "h815"
G4WT1 > Accumulable registered as "h842"
G4WT5 > Accumulable registered as "h963"
G4WT1 > Accumulable registered as "h843"
G4WT7 > Accumulable registered as "h862"
G4WT5 > Accumulable registered as "h964"
G4WT11 > Accumulable registered as "h932"
G4WT7 > Accumulable registered as "h863"
G4WT10 > Accumulable registered as "h780"
G4WT4 > Accumulable registered as "h849"
G4WT10 > Accumulable registered as "h781"
G4WT3 > Accumulable registered as "h879"
G4WT8 > Accumulable registered as "h889"
G4WT3 > Accumulable registered as "h880"
G4WT6 > Accumulable registered as "h1066"
G4WT1 > Accumulable registered as "h844"
G4WT9 > Accumulable registered as "h939"
G4WT3 > Accumulable registered as "h881"
G4WT7 > Accumulable registered as "h864"
G4WT11 > Accumulable registered as "h933"
G4WT10 > Accumulable registered as "h782"
G4WT11 > Accumulable registered as "h934"
G4WT4 > Accumulable registered as "h850"
G4WT11 > Accumulable registered as "h935"
G4WT10 > Accumulable registered as "h783"
G4WT5 > Accumulable registered as "h965"
G4WT1 > Accumulable registered as "h845"
G4WT5 > Accumulable registered as "h966"
G4WT0 > Accumulable registered as "h831"
G4WT5 > Accumulable registered as "h967"
G4WT9 > Accumulable registered as "h940"
G4WT0 > Accumulable registered as "h832"
G4WT2 > Accumulable registered as "h816"
G4WT9 > Accumulable registered as "h941"
G4WT6 > Accumulable registered as "h1067"
G4WT6 > Accumulable registered as "h1068"
G4WT10 > Accumulable registered as "h784"
G4WT4 > Accumulable registered as "h851"
G4WT10 > Accumulable registered as "h785"
G4WT1 > Accumulable registered as "h846"
G4WT7 > Accumulable registered as "h865"
G4WT5 > Accumulable registered as "h968"
G4WT1 > Accumulable registered as "h847"
G4WT0 > Accumulable registered as "h833"
G4WT5 > Accumulable registered as "h969"
G4WT2 > Accumulable registered as "h817"
G4WT0 > Accumulable registered as "h834"
G4WT2 > Accumulable registered as "h818"
G4WT4 > Accumulable registered as "h852"
G4WT10 > Accumulable registered as "h786"
G4WT8 > Accumulable registered as "h890"
G4WT10 > Accumulable registered as "h787"
G4WT7 > Accumulable registered as "h866"
G4WT11 > Accumulable registered as "h936"
G4WT1 > Accumulable registered as "h848"
G4WT11 > Accumulable registered as "h937"
G4WT1 > Accumulable registered as "h849"
G4WT6 > Accumulable registered as "h1069"
G4WT0 > Accumulable registered as "h835"
G4WT6 > Accumulable registered as "h1070"
G4WT0 > Accumulable registered as "h836"
G4WT4 > Accumulable registered as "h853"
G4WT10 > Accumulable registered as "h788"
G4WT8 > Accumulable registered as "h891"
G4WT4 > Accumulable registered as "h854"
G4WT7 > Accumulable registered as "h867"
G4WT5 > Accumulable registered as "h970"
G4WT7 > Accumulable registered as "h868"
G4WT1 > Accumulable registered as "h850"
G4WT7 > Accumulable registered as "h869"
G4WT1 > Accumulable registered as "h851"
G4WT6 > Accumulable registered as "h1071"
G4WT1 > Accumulable registered as "h852"
G4WT9 > Accumulable registered as "h942"
G4WT8 > Accumulable registered as "h892"
G4WT4 > Accumulable registered as "h855"
G4WT11 > Accumulable registered as "h938"
G4WT2 > Accumulable registered as "h819"
G4WT2 > Accumulable registered as "h820"
G4WT5 > Accumulable registered as "h971"
G4WT7 > Accumulable registered as "h870"
G4WT5 > Accumulable registered as "h972"
G4WT7 > Accumulable registered as "h871"
G4WT5 > Accumulable registered as "h973"
G4WT1 > Accumulable registered as "h853"
G4WT6 > Accumulable registered as "h1072"
G4WT1 > Accumulable registered as "h854"
G4WT6 > Accumulable registered as "h1073"
G4WT1 > Accumulable registered as "h855"
G4WT4 > Accumulable registered as "h856"
G4WT2 > Accumulable registered as "h821"
G4WT4 > Accumulable registered as "h857"
G4WT0 > Accumulable registered as "h837"
G4WT2 > Accumulable registered as "h822"
G4WT5 > Accumulable registered as "h974"
G4WT9 > Accumulable registered as "h943"
G4WT5 > Accumulable registered as "h975"
G4WT11 > Accumulable registered as "h939"
G4WT1 > Accumulable registered as "h856"
G4WT11 > Accumulable registered as "h940"
G4WT10 > Accumulable registered as "h789"
G4WT4 > Accumulable registered as "h858"
G4WT10 > Accumulable registered as "h790"
G4WT4 > Accumulable registered as "h859"
G4WT2 > Accumulable registered as "h823"
G4WT8 > Accumulable registered as "h893"
G4WT9 > Accumulable registered as "h944"
G4WT8 > Accumulable registered as "h894"
G4WT5 > Accumulable registered as "h976"
G4WT9 > Accumulable registered as "h945"
G4WT1 > Accumulable registered as "h857"
G4WT9 > Accumulable registered as "h946"
G4WT0 > Accumulable registered as "h838"
G4WT4 > Accumulable registered as "h860"
G4WT10 > Accumulable registered as "h791"
G4WT4 > Accumulable registered as "h861"
G4WT11 > Accumulable registered as "h941"
G4WT8 > Accumulable registered as "h895"
G4WT11 > Accumulable registered as "h942"
G4WT8 > Accumulable registered as "h896"
G4WT5 > Accumulable registered as "h977"
G4WT9 > Accumulable registered as "h947"
G4WT5 > Accumulable registered as "h978"
G4WT2 > Accumulable registered as "h824"
G4WT5 > Accumulable registered as "h979"
G4WT10 > Accumulable registered as "h792"
G4WT7 > Accumulable registered as "h872"
G4WT11 > Accumulable registered as "h943"
G4WT7 > Accumulable registered as "h873"
G4WT1 > Accumulable registered as "h858"
G4WT11 > Accumulable registered as "h944"
G4WT0 > Accumulable registered as "h839"
G4WT9 > Accumulable registered as "h948"
G4WT11 > Accumulable registered as "h945"
G4WT4 > Accumulable registered as "h862"
G4WT5 > Accumulable registered as "h980"
G4WT4 > Accumulable registered as "h863"
G4WT10 > Accumulable registered as "h793"
G4WT8 > Accumulable registered as "h897"
G4WT7 > Accumulable registered as "h874"
G4WT10 > Accumulable registered as "h794"
G4WT8 > Accumulable registered as "h898"
G4WT2 > Accumulable registered as "h825"
G4WT8 > Accumulable registered as "h899"
G4WT9 > Accumulable registered as "h949"
G4WT2 > Accumulable registered as "h826"
G4WT4 > Accumulable registered as "h864"
G4WT2 > Accumulable registered as "h827"
G4WT9 > Accumulable registered as "h950"
G4WT0 > Accumulable registered as "h840"
G4WT10 > Accumulable registered as "h795"
G4WT0 > Accumulable registered as "h841"
G4WT10 > Accumulable registered as "h796"
G4WT0 > Accumulable registered as "h842"
G4WT5 > Accumulable registered as "h981"
G4WT4 > Accumulable registered as "h865"
G4WT5 > Accumulable registered as "h982"
G4WT2 > Accumulable registered as "h828"
G4WT9 > Accumulable registered as "h951"
G4WT11 > Accumulable registered as "h946"
G4WT9 > Accumulable registered as "h952"
G4WT8 > Accumulable registered as "h900"
G4WT11 > Accumulable registered as "h947"
G4WT11 > Accumulable registered as "h948"
G4WT11 > Accumulable registered as "h949"
G4WT11 > Accumulable registered as "h950"
G4WT11 > Accumulable registered as "h951"
G4WT11 > Accumulable registered as "h952"
G4WT11 > Accumulable registered as "h953"
G4WT3 > Accumulable registered as "h882"
G4WT11 > Accumulable registered as "h954"
G4WT9 > Accumulable registered as "h953"
G4WT11 > Accumulable registered as "h955"
G4WT3 > Accumulable registered as "h883"
G4WT11 > Accumulable registered as "h956"
G4WT3 > Accumulable registered as "h884"
G4WT4 > Accumulable registered as "h866"
G4WT2 > Accumulable registered as "h829"
G4WT4 > Accumulable registered as "h867"
G4WT10 > Accumulable registered as "h797"
G4WT2 > Accumulable registered as "h830"
G4WT1 > Accumulable registered as "h859"
G4WT2 > Accumulable registered as "h831"
G4WT9 > Accumulable registered as "h954"
G4WT11 > Accumulable registered as "h957"
G4WT9 > Accumulable registered as "h955"
G4WT5 > Accumulable registered as "h983"
G4WT3 > Accumulable registered as "h885"
G4WT9 > Accumulable registered as "h956"
G4WT8 > Accumulable registered as "h901"
G4WT10 > Accumulable registered as "h798"
G4WT10 > Accumulable registered as "h799"
G4WT2 > Accumulable registered as "h832"
G4WT1 > Accumulable registered as "h860"
G4WT11 > Accumulable registered as "h958"
G4WT4 > Accumulable registered as "h868"
G4WT5 > Accumulable registered as "h984"
G4WT3 > Accumulable registered as "h886"
G4WT9 > Accumulable registered as "h957"
G4WT6 > Accumulable registered as "h1074"
G4WT0 > Accumulable registered as "h843"
G4WT0 > Accumulable registered as "h844"
G4WT10 > Accumulable registered as "h800"
G4WT2 > Accumulable registered as "h833"
G4WT1 > Accumulable registered as "h861"
G4WT2 > Accumulable registered as "h834"
G4WT11 > Accumulable registered as "h959"
G4WT2 > Accumulable registered as "h835"
G4WT11 > Accumulable registered as "h960"
G4WT3 > Accumulable registered as "h887"
G4WT11 > Accumulable registered as "h961"
G4WT6 > Accumulable registered as "h1075"
G4WT6 > Accumulable registered as "h1076"
G4WT0 > Accumulable registered as "h845"
G4WT10 > Accumulable registered as "h801"
G4WT4 > Accumulable registered as "h869"
G4WT1 > Accumulable registered as "h862"
G4WT4 > Accumulable registered as "h870"
G4WT5 > Accumulable registered as "h985"
G4WT4 > Accumulable registered as "h871"
G4WT8 > Accumulable registered as "h902"
G4WT11 > Accumulable registered as "h962"
G4WT8 > Accumulable registered as "h903"
G4WT3 > Accumulable registered as "h888"
G4WT8 > Accumulable registered as "h904"
G4WT0 > Accumulable registered as "h846"
G4WT10 > Accumulable registered as "h802"
G4WT0 > Accumulable registered as "h847"
G4WT2 > Accumulable registered as "h836"
G4WT1 > Accumulable registered as "h863"
G4WT2 > Accumulable registered as "h837"
G4WT4 > Accumulable registered as "h872"
G4WT6 > Accumulable registered as "h1077"
G4WT11 > Accumulable registered as "h963"
G4WT6 > Accumulable registered as "h1078"
G4WT8 > Accumulable registered as "h905"
G4WT3 > Accumulable registered as "h889"
G4WT0 > Accumulable registered as "h848"
G4WT3 > Accumulable registered as "h890"
G4WT8 > Accumulable registered as "h906"
G4WT0 > Accumulable registered as "h849"
G4WT2 > Accumulable registered as "h838"
G4WT1 > Accumulable registered as "h864"
G4WT2 > Accumulable registered as "h839"
G4WT4 > Accumulable registered as "h873"
G4WT1 > Accumulable registered as "h865"
G4WT6 > Accumulable registered as "h1079"
G4WT6 > Accumulable registered as "h1080"
G4WT6 > Accumulable registered as "h1081"
G4WT3 > Accumulable registered as "h891"
G4WT7 > Accumulable registered as "h875"
G4WT3 > Accumulable registered as "h892"
G4WT8 > Accumulable registered as "h907"
G4WT0 > Accumulable registered as "h850"
G4WT8 > Accumulable registered as "h908"
G4WT10 > Accumulable registered as "h803"
G4WT1 > Accumulable registered as "h866"
G4WT10 > Accumulable registered as "h804"
G4WT1 > Accumulable registered as "h867"
G4WT6 > Accumulable registered as "h1082"
G4WT9 > Accumulable registered as "h958"
G4WT6 > Accumulable registered as "h1083"
G4WT7 > Accumulable registered as "h876"
G4WT11 > Accumulable registered as "h964"
G4WT2 > Accumulable registered as "h840"
G4WT11 > Accumulable registered as "h965"
G4WT2 > Accumulable registered as "h841"
G4WT8 > Accumulable registered as "h909"
G4WT4 > Accumulable registered as "h874"
G4WT8 > Accumulable registered as "h910"
G4WT4 > Accumulable registered as "h875"
G4WT3 > Accumulable registered as "h893"
G4WT9 > Accumulable registered as "h959"
G4WT6 > Accumulable registered as "h1084"
G4WT9 > Accumulable registered as "h960"
G4WT0 > Accumulable registered as "h851"
G4WT0 > Accumulable registered as "h852"
G4WT2 > Accumulable registered as "h842"
G4WT11 > Accumulable registered as "h966"
G4WT2 > Accumulable registered as "h843"
G4WT1 > Accumulable registered as "h868"
G4WT2 > Accumulable registered as "h844"
G4WT4 > Accumulable registered as "h876"
G4WT3 > Accumulable registered as "h894"
G4WT4 > Accumulable registered as "h877"
G4WT7 > Accumulable registered as "h877"
G4WT6 > Accumulable registered as "h1085"
G4WT9 > Accumulable registered as "h961"
G4WT7 > Accumulable registered as "h878"
G4WT6 > Accumulable registered as "h1086"
G4WT7 > Accumulable registered as "h879"
G4WT11 > Accumulable registered as "h967"
G4WT1 > Accumulable registered as "h869"
G4WT11 > Accumulable registered as "h968"
G4WT3 > Accumulable registered as "h895"
G4WT4 > Accumulable registered as "h878"
G4WT3 > Accumulable registered as "h896"
G4WT0 > Accumulable registered as "h853"
G4WT10 > Accumulable registered as "h805"
G4WT8 > Accumulable registered as "h911"
G4WT10 > Accumulable registered as "h806"
G4WT2 > Accumulable registered as "h845"
G4WT9 > Accumulable registered as "h962"
G4WT2 > Accumulable registered as "h846"
G4WT11 > Accumulable registered as "h969"
G4WT2 > Accumulable registered as "h847"
G4WT3 > Accumulable registered as "h897"
G4WT11 > Accumulable registered as "h970"
G4WT6 > Accumulable registered as "h1087"
G4WT7 > Accumulable registered as "h880"
G4WT6 > Accumulable registered as "h1088"
G4WT10 > Accumulable registered as "h807"
G4WT7 > Accumulable registered as "h881"
G4WT10 > Accumulable registered as "h808"
G4WT1 > Accumulable registered as "h870"
G4WT10 > Accumulable registered as "h809"
G4WT4 > Accumulable registered as "h879"
G4WT0 > Accumulable registered as "h854"
G4WT4 > Accumulable registered as "h880"
G4WT11 > Accumulable registered as "h971"
G4WT8 > Accumulable registered as "h912"
G4WT6 > Accumulable registered as "h1089"
G4WT9 > Accumulable registered as "h963"
G4WT7 > Accumulable registered as "h882"
G4WT9 > Accumulable registered as "h964"
G4WT2 > Accumulable registered as "h848"
G4WT7 > Accumulable registered as "h883"
G4WT10 > Accumulable registered as "h810"
G4WT4 > Accumulable registered as "h881"
G4WT10 > Accumulable registered as "h811"
G4WT4 > Accumulable registered as "h882"
G4WT10 > Accumulable registered as "h812"
G4WT11 > Accumulable registered as "h972"
G4WT6 > Accumulable registered as "h1090"
G4WT1 > Accumulable registered as "h871"
G4WT9 > Accumulable registered as "h965"
G4WT2 > Accumulable registered as "h849"
G4WT9 > Accumulable registered as "h966"
G4WT2 > Accumulable registered as "h850"
G4WT7 > Accumulable registered as "h884"
G4WT0 > Accumulable registered as "h855"
G4WT7 > Accumulable registered as "h885"
G4WT0 > Accumulable registered as "h856"
G4WT10 > Accumulable registered as "h813"
G4WT11 > Accumulable registered as "h973"
G4WT10 > Accumulable registered as "h814"
G4WT6 > Accumulable registered as "h1091"
G4WT10 > Accumulable registered as "h815"
G4WT9 > Accumulable registered as "h967"
G4WT2 > Accumulable registered as "h851"
G4WT9 > Accumulable registered as "h968"
G4WT2 > Accumulable registered as "h852"
G4WT8 > Accumulable registered as "h913"
G4WT5 > Accumulable registered as "h986"
G4WT8 > Accumulable registered as "h914"
G4WT1 > Accumulable registered as "h872"
G4WT5 > Accumulable registered as "h987"
G4WT10 > Accumulable registered as "h816"
G4WT6 > Accumulable registered as "h1092"
G4WT4 > Accumulable registered as "h883"
G4WT9 > Accumulable registered as "h969"
G4WT4 > Accumulable registered as "h884"
G4WT7 > Accumulable registered as "h886"
G4WT4 > Accumulable registered as "h885"
G4WT0 > Accumulable registered as "h857"
G4WT7 > Accumulable registered as "h887"
G4WT8 > Accumulable registered as "h915"
G4WT7 > Accumulable registered as "h888"
G4WT1 > Accumulable registered as "h873"
G4WT8 > Accumulable registered as "h916"
G4WT10 > Accumulable registered as "h817"
G4WT6 > Accumulable registered as "h1093"
G4WT2 > Accumulable registered as "h853"
G4WT10 > Accumulable registered as "h818"
G4WT6 > Accumulable registered as "h1094"
G4WT2 > Accumulable registered as "h854"
G4WT10 > Accumulable registered as "h819"
G4WT0 > Accumulable registered as "h858"
G4WT7 > Accumulable registered as "h889"
G4WT0 > Accumulable registered as "h859"
G4WT7 > Accumulable registered as "h890"
G4WT8 > Accumulable registered as "h917"
G4WT9 > Accumulable registered as "h970"
G4WT11 > Accumulable registered as "h974"
G4WT3 > Accumulable registered as "h898"
G4WT5 > Accumulable registered as "h988"
G4WT3 > Accumulable registered as "h899"
G4WT2 > Accumulable registered as "h855"
G4WT10 > Accumulable registered as "h820"
G4WT2 > Accumulable registered as "h856"
G4WT10 > Accumulable registered as "h821"
G4WT4 > Accumulable registered as "h886"
G4WT8 > Accumulable registered as "h918"
G4WT9 > Accumulable registered as "h971"
G4WT8 > Accumulable registered as "h919"
G4WT9 > Accumulable registered as "h972"
G4WT8 > Accumulable registered as "h920"
G4WT5 > Accumulable registered as "h989"
G4WT1 > Accumulable registered as "h874"
G4WT0 > Accumulable registered as "h860"
G4WT1 > Accumulable registered as "h875"
G4WT0 > Accumulable registered as "h861"
G4WT10 > Accumulable registered as "h822"
G4WT4 > Accumulable registered as "h887"
G4WT6 > Accumulable registered as "h1095"
G4WT11 > Accumulable registered as "h975"
G4WT3 > Accumulable registered as "h900"
G4WT11 > Accumulable registered as "h976"
G4WT9 > Accumulable registered as "h973"
G4WT8 > Accumulable registered as "h921"
G4WT7 > Accumulable registered as "h891"
G4WT8 > Accumulable registered as "h922"
G4WT2 > Accumulable registered as "h857"
G4WT0 > Accumulable registered as "h862"
G4WT10 > Accumulable registered as "h823"
G4WT4 > Accumulable registered as "h888"
G4WT10 > Accumulable registered as "h824"
G4WT6 > Accumulable registered as "h1096"
G4WT4 > Accumulable registered as "h889"
G4WT11 > Accumulable registered as "h977"
G4WT6 > Accumulable registered as "h1097"
G4WT9 > Accumulable registered as "h974"
G4WT6 > Accumulable registered as "h1098"
G4WT8 > Accumulable registered as "h923"
G4WT2 > Accumulable registered as "h858"
G4WT0 > Accumulable registered as "h863"
G4WT3 > Accumulable registered as "h901"
G4WT10 > Accumulable registered as "h825"
G4WT3 > Accumulable registered as "h902"
G4WT4 > Accumulable registered as "h890"
G4WT10 > Accumulable registered as "h826"
G4WT4 > Accumulable registered as "h891"
G4WT11 > Accumulable registered as "h978"
G4WT4 > Accumulable registered as "h892"
G4WT9 > Accumulable registered as "h975"
G4WT8 > Accumulable registered as "h924"
G4WT9 > Accumulable registered as "h976"
G4WT2 > Accumulable registered as "h859"
G4WT8 > Accumulable registered as "h925"
G4WT5 > Accumulable registered as "h990"
G4WT7 > Accumulable registered as "h892"
G4WT10 > Accumulable registered as "h827"
G4WT5 > Accumulable registered as "h991"
G4WT7 > Accumulable registered as "h893"
G4WT4 > Accumulable registered as "h893"
G4WT5 > Accumulable registered as "h992"
G4WT7 > Accumulable registered as "h894"
G4WT3 > Accumulable registered as "h903"
G4WT2 > Accumulable registered as "h860"
G4WT3 > Accumulable registered as "h904"
G4WT8 > Accumulable registered as "h926"
G4WT2 > Accumulable registered as "h861"
G4WT1 > Accumulable registered as "h876"
G4WT10 > Accumulable registered as "h828"
G4WT0 > Accumulable registered as "h864"
G4WT9 > Accumulable registered as "h977"
G4WT5 > Accumulable registered as "h993"
G4WT9 > Accumulable registered as "h978"
G4WT4 > Accumulable registered as "h894"
G4WT5 > Accumulable registered as "h994"
G4WT3 > Accumulable registered as "h905"
G4WT6 > Accumulable registered as "h1099"
G4WT3 > Accumulable registered as "h906"
G4WT2 > Accumulable registered as "h862"
G4WT1 > Accumulable registered as "h877"
G4WT10 > Accumulable registered as "h829"
G4WT1 > Accumulable registered as "h878"
G4WT0 > Accumulable registered as "h865"
G4WT9 > Accumulable registered as "h979"
G4WT5 > Accumulable registered as "h995"
G4WT9 > Accumulable registered as "h980"
G4WT8 > Accumulable registered as "h927"
G4WT11 > Accumulable registered as "h979"
G4WT6 > Accumulable registered as "h1100"
G4WT3 > Accumulable registered as "h907"
G4WT6 > Accumulable registered as "h1101"
G4WT7 > Accumulable registered as "h895"
G4WT10 > Accumulable registered as "h830"
G4WT7 > Accumulable registered as "h896"
G4WT1 > Accumulable registered as "h879"
G4WT7 > Accumulable registered as "h897"
G4WT10 > Accumulable registered as "h831"
G4WT5 > Accumulable registered as "h996"
G4WT8 > Accumulable registered as "h928"
G4WT5 > Accumulable registered as "h997"
G4WT11 > Accumulable registered as "h980"
G4WT2 > Accumulable registered as "h863"
G4WT11 > Accumulable registered as "h981"
G4WT0 > Accumulable registered as "h866"
G4WT4 > Accumulable registered as "h895"
G4WT0 > Accumulable registered as "h867"
G4WT7 > Accumulable registered as "h898"
G4WT1 > Accumulable registered as "h880"
G4WT7 > Accumulable registered as "h899"
G4WT10 > Accumulable registered as "h832"
G4WT5 > Accumulable registered as "h998"
G4WT1 > Accumulable registered as "h881"
G4WT5 > Accumulable registered as "h999"
G4WT1 > Accumulable registered as "h882"
G4WT2 > Accumulable registered as "h864"
G4WT9 > Accumulable registered as "h981"
G4WT4 > Accumulable registered as "h896"
G4WT9 > Accumulable registered as "h982"
G4WT0 > Accumulable registered as "h868"
G4WT7 > Accumulable registered as "h900"
G4WT4 > Accumulable registered as "h897"
G4WT8 > Accumulable registered as "h929"
G4WT4 > Accumulable registered as "h898"
G4WT6 > Accumulable registered as "h1102"
G4WT5 > Accumulable registered as "h1000"
G4WT6 > Accumulable registered as "h1103"
G4WT5 > Accumulable registered as "h1001"
G4WT6 > Accumulable registered as "h1104"
G4WT9 > Accumulable registered as "h983"
G4WT3 > Accumulable registered as "h908"
G4WT0 > Accumulable registered as "h869"
G4WT10 > Accumulable registered as "h833"
G4WT7 > Accumulable registered as "h901"
G4WT11 > Accumulable registered as "h982"
G4WT7 > Accumulable registered as "h902"
G4WT8 > Accumulable registered as "h930"
G4WT11 > Accumulable registered as "h983"
G4WT2 > Accumulable registered as "h865"
G4WT5 > Accumulable registered as "h1002"
G4WT2 > Accumulable registered as "h866"
G4WT3 > Accumulable registered as "h909"
G4WT2 > Accumulable registered as "h867"
G4WT0 > Accumulable registered as "h870"
G4WT2 > Accumulable registered as "h868"
G4WT3 > Accumulable registered as "h910"
G4WT1 > Accumulable registered as "h883"
G4WT8 > Accumulable registered as "h931"
G4WT11 > Accumulable registered as "h984"
G4WT8 > Accumulable registered as "h932"
G4WT11 > Accumulable registered as "h985"
G4WT9 > Accumulable registered as "h984"
G4WT5 > Accumulable registered as "h1003"
G4WT4 > Accumulable registered as "h899"
G4WT9 > Accumulable registered as "h985"
G4WT2 > Accumulable registered as "h869"
G4WT4 > Accumulable registered as "h900"
G4WT2 > Accumulable registered as "h870"
G4WT4 > Accumulable registered as "h901"
G4WT1 > Accumulable registered as "h884"
G4WT4 > Accumulable registered as "h902"
G4WT8 > Accumulable registered as "h933"
G4WT10 > Accumulable registered as "h834"
G4WT8 > Accumulable registered as "h934"
G4WT5 > Accumulable registered as "h1004"
G4WT10 > Accumulable registered as "h835"
G4WT9 > Accumulable registered as "h986"
G4WT10 > Accumulable registered as "h836"
G4WT5 > Accumulable registered as "h1005"
G4WT0 > Accumulable registered as "h871"
G4WT10 > Accumulable registered as "h837"
G4WT6 > Accumulable registered as "h1105"
G4WT0 > Accumulable registered as "h872"
G4WT4 > Accumulable registered as "h903"
G4WT3 > Accumulable registered as "h911"
G4WT4 > Accumulable registered as "h904"
G4WT3 > Accumulable registered as "h912"
G4WT2 > Accumulable registered as "h871"
G4WT3 > Accumulable registered as "h913"
G4WT9 > Accumulable registered as "h987"
G4WT11 > Accumulable registered as "h986"
G4WT9 > Accumulable registered as "h988"
G4WT0 > Accumulable registered as "h873"
G4WT6 > Accumulable registered as "h1106"
G4WT8 > Accumulable registered as "h935"
G4WT6 > Accumulable registered as "h1107"
G4WT4 > Accumulable registered as "h905"
G4WT5 > Accumulable registered as "h1006"
G4WT3 > Accumulable registered as "h914"
G4WT5 > Accumulable registered as "h1007"
G4WT2 > Accumulable registered as "h872"
G4WT1 > Accumulable registered as "h885"
G4WT10 > Accumulable registered as "h838"
G4WT2 > Accumulable registered as "h873"
G4WT5 > Accumulable registered as "h1008"
G4WT0 > Accumulable registered as "h874"
G4WT5 > Accumulable registered as "h1009"
G4WT6 > Accumulable registered as "h1108"
G4WT0 > Accumulable registered as "h875"
G4WT4 > Accumulable registered as "h906"
G4WT6 > Accumulable registered as "h1109"
G4WT11 > Accumulable registered as "h987"
G4WT6 > Accumulable registered as "h1110"
G4WT8 > Accumulable registered as "h936"
G4WT11 > Accumulable registered as "h988"
G4WT2 > Accumulable registered as "h874"
G4WT9 > Accumulable registered as "h989"
G4WT3 > Accumulable registered as "h915"
G4WT9 > Accumulable registered as "h990"
G4WT0 > Accumulable registered as "h876"
G4WT1 > Accumulable registered as "h886"
G4WT0 > Accumulable registered as "h877"
G4WT10 > Accumulable registered as "h839"
G4WT6 > Accumulable registered as "h1111"
G4WT8 > Accumulable registered as "h937"
G4WT6 > Accumulable registered as "h1112"
G4WT8 > Accumulable registered as "h938"
G4WT6 > Accumulable registered as "h1113"
G4WT2 > Accumulable registered as "h875"
G4WT3 > Accumulable registered as "h916"
G4WT2 > Accumulable registered as "h876"
G4WT3 > Accumulable registered as "h917"
G4WT2 > Accumulable registered as "h877"
G4WT0 > Accumulable registered as "h878"
G4WT1 > Accumulable registered as "h887"
G4WT0 > Accumulable registered as "h879"
G4WT11 > Accumulable registered as "h989"
G4WT5 > Accumulable registered as "h1010"
G4WT11 > Accumulable registered as "h990"
G4WT7 > Accumulable registered as "h903"
G4WT6 > Accumulable registered as "h1114"
G4WT7 > Accumulable registered as "h904"
G4WT3 > Accumulable registered as "h918"
G4WT2 > Accumulable registered as "h878"
G4WT6 > Accumulable registered as "h1115"
G4WT0 > Accumulable registered as "h880"
G4WT6 > Accumulable registered as "h1116"
G4WT8 > Accumulable registered as "h939"
G4WT6 > Accumulable registered as "h1117"
G4WT11 > Accumulable registered as "h991"
G4WT4 > Accumulable registered as "h907"
G4WT7 > Accumulable registered as "h905"
G4WT4 > Accumulable registered as "h908"
G4WT1 > Accumulable registered as "h888"
G4WT2 > Accumulable registered as "h879"
G4WT9 > Accumulable registered as "h991"
G4WT3 > Accumulable registered as "h919"
G4WT9 > Accumulable registered as "h992"
G4WT0 > Accumulable registered as "h881"
G4WT9 > Accumulable registered as "h993"
G4WT3 > Accumulable registered as "h920"
G4WT6 > Accumulable registered as "h1118"
G4WT3 > Accumulable registered as "h921"
G4WT7 > Accumulable registered as "h906"
G4WT6 > Accumulable registered as "h1119"
G4WT7 > Accumulable registered as "h907"
G4WT1 > Accumulable registered as "h889"
G4WT2 > Accumulable registered as "h880"
G4WT5 > Accumulable registered as "h1011"
G4WT1 > Accumulable registered as "h890"
G4WT11 > Accumulable registered as "h992"
G4WT9 > Accumulable registered as "h994"
G4WT0 > Accumulable registered as "h882"
G4WT2 > Accumulable registered as "h881"
G4WT11 > Accumulable registered as "h993"
G4WT10 > Accumulable registered as "h840"
G4WT2 > Accumulable registered as "h882"
G4WT7 > Accumulable registered as "h908"
G4WT0 > Accumulable registered as "h883"
G4WT5 > Accumulable registered as "h1012"
G4WT0 > Accumulable registered as "h884"
G4WT3 > Accumulable registered as "h922"
G4WT5 > Accumulable registered as "h1013"
G4WT6 > Accumulable registered as "h1120"
G4WT11 > Accumulable registered as "h994"
G4WT6 > Accumulable registered as "h1121"
G4WT10 > Accumulable registered as "h841"
G4WT6 > Accumulable registered as "h1122"
G4WT1 > Accumulable registered as "h891"
G4WT7 > Accumulable registered as "h909"
G4WT1 > Accumulable registered as "h892"
G4WT0 > Accumulable registered as "h885"
G4WT0 > Accumulable registered as "h886"
G4WT5 > Accumulable registered as "h1014"
G4WT3 > Accumulable registered as "h923"
G4WT4 > Accumulable registered as "h909"
G4WT8 > Accumulable registered as "h940"
G4WT2 > Accumulable registered as "h883"
G4WT8 > Accumulable registered as "h941"
G4WT10 > Accumulable registered as "h842"
G4WT8 > Accumulable registered as "h942"
G4WT7 > Accumulable registered as "h910"
G4WT1 > Accumulable registered as "h893"
G4WT7 > Accumulable registered as "h911"
G4WT5 > Accumulable registered as "h1015"
G4WT11 > Accumulable registered as "h995"
G4WT5 > Accumulable registered as "h1016"
G4WT3 > Accumulable registered as "h924"
G4WT4 > Accumulable registered as "h910"
G4WT6 > Accumulable registered as "h1123"
G4WT8 > Accumulable registered as "h943"
G4WT6 > Accumulable registered as "h1124"
G4WT10 > Accumulable registered as "h843"
G4WT6 > Accumulable registered as "h1125"
G4WT0 > Accumulable registered as "h887"
G4WT10 > Accumulable registered as "h844"
G4WT7 > Accumulable registered as "h912"
G4WT10 > Accumulable registered as "h845"
G4WT3 > Accumulable registered as "h925"
G4WT2 > Accumulable registered as "h884"
G4WT4 > Accumulable registered as "h911"
G4WT2 > Accumulable registered as "h885"
G4WT4 > Accumulable registered as "h912"
G4WT2 > Accumulable registered as "h886"
G4WT1 > Accumulable registered as "h894"
G4WT9 > Accumulable registered as "h995"
G4WT1 > Accumulable registered as "h895"
G4WT9 > Accumulable registered as "h996"
G4WT1 > Accumulable registered as "h896"
G4WT10 > Accumulable registered as "h846"
G4WT1 > Accumulable registered as "h897"
G4WT7 > Accumulable registered as "h913"
G4WT8 > Accumulable registered as "h944"
G4WT7 > Accumulable registered as "h914"
G4WT4 > Accumulable registered as "h913"
G4WT7 > Accumulable registered as "h915"
G4WT11 > Accumulable registered as "h996"
G4WT11 > Accumulable registered as "h997"
G4WT5 > Accumulable registered as "h1017"
G4WT3 > Accumulable registered as "h926"
G4WT5 > Accumulable registered as "h1018"
G4WT1 > Accumulable registered as "h898"
G4WT10 > Accumulable registered as "h847"
G4WT6 > Accumulable registered as "h1126"
G4WT8 > Accumulable registered as "h945"
G4WT6 > Accumulable registered as "h1127"
G4WT8 > Accumulable registered as "h946"
G4WT6 > Accumulable registered as "h1128"
G4WT4 > Accumulable registered as "h914"
G4WT9 > Accumulable registered as "h997"
G4WT4 > Accumulable registered as "h915"
G4WT3 > Accumulable registered as "h927"
G4WT5 > Accumulable registered as "h1019"
G4WT6 > Accumulable registered as "h1129"
G4WT1 > Accumulable registered as "h899"
G4WT10 > Accumulable registered as "h848"
G4WT6 > Accumulable registered as "h1130"
G4WT0 > Accumulable registered as "h888"
G4WT6 > Accumulable registered as "h1131"
G4WT11 > Accumulable registered as "h998"
G4WT4 > Accumulable registered as "h916"
G4WT11 > Accumulable registered as "h999"
G4WT3 > Accumulable registered as "h928"
G4WT5 > Accumulable registered as "h1020"
G4WT3 > Accumulable registered as "h929"
G4WT8 > Accumulable registered as "h947"
G4WT1 > Accumulable registered as "h900"
G4WT10 > Accumulable registered as "h849"
G4WT1 > Accumulable registered as "h901"
G4WT10 > Accumulable registered as "h850"
G4WT0 > Accumulable registered as "h889"
G4WT10 > Accumulable registered as "h851"
G4WT2 > Accumulable registered as "h887"
G4WT11 > Accumulable registered as "h1000"
G4WT2 > Accumulable registered as "h888"
G4WT7 > Accumulable registered as "h916"
G4WT3 > Accumulable registered as "h930"
G4WT7 > Accumulable registered as "h917"
G4WT6 > Accumulable registered as "h1132"
G4WT1 > Accumulable registered as "h902"
G4WT6 > Accumulable registered as "h1133"
G4WT9 > Accumulable registered as "h998"
G4WT1 > Accumulable registered as "h903"
G4WT10 > Accumulable registered as "h852"
G4WT9 > Accumulable registered as "h999"
G4WT5 > Accumulable registered as "h1021"
G4WT11 > Accumulable registered as "h1001"
G4WT8 > Accumulable registered as "h948"
G4WT5 > Accumulable registered as "h1022"
G4WT11 > Accumulable registered as "h1002"
G4WT2 > Accumulable registered as "h889"
G4WT4 > Accumulable registered as "h917"
G4WT2 > Accumulable registered as "h890"
G4WT1 > Accumulable registered as "h904"
G4WT10 > Accumulable registered as "h853"
G4WT1 > Accumulable registered as "h905"
G4WT10 > Accumulable registered as "h854"
G4WT3 > Accumulable registered as "h931"
G4WT8 > Accumulable registered as "h949"
G4WT5 > Accumulable registered as "h1023"
G4WT11 > Accumulable registered as "h1003"
G4WT5 > Accumulable registered as "h1024"
G4WT6 > Accumulable registered as "h1134"
G4WT5 > Accumulable registered as "h1025"
G4WT2 > Accumulable registered as "h891"
G4WT9 > Accumulable registered as "h1000"
G4WT7 > Accumulable registered as "h918"
G4WT1 > Accumulable registered as "h906"
G4WT7 > Accumulable registered as "h919"
G4WT10 > Accumulable registered as "h855"
G4WT3 > Accumulable registered as "h932"
G4WT10 > Accumulable registered as "h856"
G4WT3 > Accumulable registered as "h933"
G4WT4 > Accumulable registered as "h918"
G4WT5 > Accumulable registered as "h1026"
G4WT6 > Accumulable registered as "h1135"
G4WT5 > Accumulable registered as "h1027"
G4WT6 > Accumulable registered as "h1136"
G4WT5 > Accumulable registered as "h1028"
G4WT7 > Accumulable registered as "h920"
G4WT8 > Accumulable registered as "h950"
G4WT0 > Accumulable registered as "h890"
G4WT8 > Accumulable registered as "h951"
G4WT11 > Accumulable registered as "h1004"
G4WT3 > Accumulable registered as "h934"
G4WT11 > Accumulable registered as "h1005"
G4WT4 > Accumulable registered as "h919"
G4WT9 > Accumulable registered as "h1001"
G4WT4 > Accumulable registered as "h920"
G4WT6 > Accumulable registered as "h1137"
G4WT9 > Accumulable registered as "h1002"
G4WT5 > Accumulable registered as "h1029"
G4WT7 > Accumulable registered as "h921"
G4WT5 > Accumulable registered as "h1030"
G4WT7 > Accumulable registered as "h922"
G4WT2 > Accumulable registered as "h892"
G4WT11 > Accumulable registered as "h1006"
G4WT3 > Accumulable registered as "h935"
G4WT1 > Accumulable registered as "h907"
G4WT4 > Accumulable registered as "h921"
G4WT6 > Accumulable registered as "h1138"
G4WT9 > Accumulable registered as "h1003"
G4WT6 > Accumulable registered as "h1139"
G4WT10 > Accumulable registered as "h857"
G4WT9 > Accumulable registered as "h1004"
G4WT0 > Accumulable registered as "h891"
G4WT9 > Accumulable registered as "h1005"
G4WT2 > Accumulable registered as "h893"
G4WT11 > Accumulable registered as "h1007"
G4WT3 > Accumulable registered as "h936"
G4WT11 > Accumulable registered as "h1008"
G4WT1 > Accumulable registered as "h908"
G4WT4 > Accumulable registered as "h922"
G4WT1 > Accumulable registered as "h909"
G4WT5 > Accumulable registered as "h1031"
G4WT10 > Accumulable registered as "h858"
G4WT5 > Accumulable registered as "h1032"
G4WT7 > Accumulable registered as "h923"
G4WT9 > Accumulable registered as "h1006"
G4WT7 > Accumulable registered as "h924"
G4WT2 > Accumulable registered as "h894"
G4WT9 > Accumulable registered as "h1007"
G4WT8 > Accumulable registered as "h952"
G4WT6 > Accumulable registered as "h1140"
G4WT8 > Accumulable registered as "h953"
G4WT1 > Accumulable registered as "h910"
G4WT3 > Accumulable registered as "h937"
G4WT1 > Accumulable registered as "h911"
G4WT10 > Accumulable registered as "h859"
G4WT1 > Accumulable registered as "h912"
G4WT7 > Accumulable registered as "h925"
G4WT10 > Accumulable registered as "h860"
G4WT6 > Accumulable registered as "h1141"
G4WT6 > Accumulable registered as "h1142"
G4WT6 > Accumulable registered as "h1143"
G4WT11 > Accumulable registered as "h1009"
G4WT0 > Accumulable registered as "h892"
G4WT5 > Accumulable registered as "h1033"
G4WT0 > Accumulable registered as "h893"
G4WT3 > Accumulable registered as "h938"
G4WT5 > Accumulable registered as "h1034"
G4WT1 > Accumulable registered as "h913"
G4WT5 > Accumulable registered as "h1035"
G4WT9 > Accumulable registered as "h1008"
G4WT8 > Accumulable registered as "h954"
G4WT9 > Accumulable registered as "h1009"
G4WT4 > Accumulable registered as "h923"
G4WT11 > Accumulable registered as "h1010"
G4WT4 > Accumulable registered as "h924"
G4WT2 > Accumulable registered as "h895"
G4WT4 > Accumulable registered as "h925"
G4WT7 > Accumulable registered as "h926"
G4WT10 > Accumulable registered as "h861"
G4WT5 > Accumulable registered as "h1036"
G4WT1 > Accumulable registered as "h914"
G4WT6 > Accumulable registered as "h1144"
G4WT8 > Accumulable registered as "h955"
G4WT9 > Accumulable registered as "h1010"
G4WT8 > Accumulable registered as "h956"
G4WT0 > Accumulable registered as "h894"
G4WT8 > Accumulable registered as "h957"
G4WT9 > Accumulable registered as "h1011"
G4WT2 > Accumulable registered as "h896"
G4WT0 > Accumulable registered as "h895"
G4WT9 > Accumulable registered as "h1012"
G4WT10 > Accumulable registered as "h862"
G4WT9 > Accumulable registered as "h1013"
G4WT6 > Accumulable registered as "h1145"
G4WT10 > Accumulable registered as "h863"
G4WT1 > Accumulable registered as "h915"
G4WT10 > Accumulable registered as "h864"
G4WT8 > Accumulable registered as "h958"
G4WT4 > Accumulable registered as "h926"
G4WT8 > Accumulable registered as "h959"
G4WT0 > Accumulable registered as "h896"
G4WT5 > Accumulable registered as "h1037"
G4WT0 > Accumulable registered as "h897"
G4WT9 > Accumulable registered as "h1014"
G4WT5 > Accumulable registered as "h1038"
G4WT9 > Accumulable registered as "h1015"
G4WT5 > Accumulable registered as "h1039"
G4WT1 > Accumulable registered as "h916"
G4WT7 > Accumulable registered as "h927"
G4WT2 > Accumulable registered as "h897"
G4WT7 > Accumulable registered as "h928"
G4WT8 > Accumulable registered as "h960"
G4WT7 > Accumulable registered as "h929"
G4WT0 > Accumulable registered as "h898"
G4WT3 > Accumulable registered as "h939"
G4WT0 > Accumulable registered as "h899"
G4WT3 > Accumulable registered as "h940"
G4WT9 > Accumulable registered as "h1016"
G4WT5 > Accumulable registered as "h1040"
G4WT9 > Accumulable registered as "h1017"
G4WT1 > Accumulable registered as "h917"
G4WT5 > Accumulable registered as "h1041"
G4WT2 > Accumulable registered as "h898"
G4WT5 > Accumulable registered as "h1042"
G4WT8 > Accumulable registered as "h961"
G4WT6 > Accumulable registered as "h1146"
G4WT8 > Accumulable registered as "h962"
G4WT6 > Accumulable registered as "h1147"
G4WT0 > Accumulable registered as "h900"
G4WT4 > Accumulable registered as "h927"
G4WT9 > Accumulable registered as "h1018"
G4WT4 > Accumulable registered as "h928"
G4WT1 > Accumulable registered as "h918"
G4WT4 > Accumulable registered as "h929"
G4WT9 > Accumulable registered as "h1019"
G4WT5 > Accumulable registered as "h1043"
G4WT8 > Accumulable registered as "h963"
G4WT5 > Accumulable registered as "h1044"
G4WT3 > Accumulable registered as "h941"
G4WT5 > Accumulable registered as "h1045"
G4WT10 > Accumulable registered as "h865"
G4WT7 > Accumulable registered as "h930"
G4WT11 > Accumulable registered as "h1011"
G4WT2 > Accumulable registered as "h899"
G4WT4 > Accumulable registered as "h930"
G4WT1 > Accumulable registered as "h919"
G4WT4 > Accumulable registered as "h931"
G4WT9 > Accumulable registered as "h1020"
G4WT4 > Accumulable registered as "h932"
G4WT8 > Accumulable registered as "h964"
G4WT5 > Accumulable registered as "h1046"
G4WT3 > Accumulable registered as "h942"
G4WT10 > Accumulable registered as "h866"
G4WT7 > Accumulable registered as "h931"
G4WT10 > Accumulable registered as "h867"
G4WT11 > Accumulable registered as "h1012"
G4WT10 > Accumulable registered as "h868"
G4WT1 > Accumulable registered as "h920"
G4WT0 > Accumulable registered as "h901"
G4WT4 > Accumulable registered as "h933"
G4WT0 > Accumulable registered as "h902"
G4WT4 > Accumulable registered as "h934"
G4WT0 > Accumulable registered as "h903"
G4WT8 > Accumulable registered as "h965"
G4WT2 > Accumulable registered as "h900"
G4WT8 > Accumulable registered as "h966"
G4WT7 > Accumulable registered as "h932"
G4WT6 > Accumulable registered as "h1148"
G4WT10 > Accumulable registered as "h869"
G4WT6 > Accumulable registered as "h1149"
G4WT1 > Accumulable registered as "h921"
G4WT9 > Accumulable registered as "h1021"
G4WT5 > Accumulable registered as "h1047"
G4WT9 > Accumulable registered as "h1022"
G4WT0 > Accumulable registered as "h904"
G4WT8 > Accumulable registered as "h967"
G4WT0 > Accumulable registered as "h905"
G4WT2 > Accumulable registered as "h901"
G4WT11 > Accumulable registered as "h1013"
G4WT2 > Accumulable registered as "h902"
G4WT10 > Accumulable registered as "h870"
G4WT4 > Accumulable registered as "h935"
G4WT10 > Accumulable registered as "h871"
G4WT1 > Accumulable registered as "h922"
G4WT3 > Accumulable registered as "h943"
G4WT1 > Accumulable registered as "h923"
G4WT8 > Accumulable registered as "h968"
G4WT0 > Accumulable registered as "h906"
G4WT8 > Accumulable registered as "h969"
G4WT7 > Accumulable registered as "h933"
G4WT6 > Accumulable registered as "h1150"
G4WT11 > Accumulable registered as "h1014"
G4WT11 > Accumulable registered as "h1015"
G4WT10 > Accumulable registered as "h872"
G4WT5 > Accumulable registered as "h1048"
G4WT9 > Accumulable registered as "h1023"
G4WT5 > Accumulable registered as "h1049"
G4WT1 > Accumulable registered as "h924"
G4WT0 > Accumulable registered as "h907"
G4WT8 > Accumulable registered as "h970"
G4WT0 > Accumulable registered as "h908"
G4WT2 > Accumulable registered as "h903"
G4WT8 > Accumulable registered as "h971"
G4WT0 > Accumulable registered as "h909"
G4WT2 > Accumulable registered as "h904"
G4WT10 > Accumulable registered as "h873"
G4WT4 > Accumulable registered as "h936"
G4WT3 > Accumulable registered as "h944"
G4WT10 > Accumulable registered as "h874"
G4WT4 > Accumulable registered as "h937"
G4WT1 > Accumulable registered as "h925"
G4WT4 > Accumulable registered as "h938"
G4WT6 > Accumulable registered as "h1151"
G4WT1 > Accumulable registered as "h926"
G4WT8 > Accumulable registered as "h972"
G4WT6 > Accumulable registered as "h1152"
G4WT2 > Accumulable registered as "h905"
G4WT8 > Accumulable registered as "h973"
G4WT5 > Accumulable registered as "h1050"
G4WT10 > Accumulable registered as "h875"
G4WT8 > Accumulable registered as "h974"
G4WT5 > Accumulable registered as "h1051"
G4WT7 > Accumulable registered as "h934"
G4WT5 > Accumulable registered as "h1052"
G4WT0 > Accumulable registered as "h910"
G4WT5 > Accumulable registered as "h1053"
G4WT9 > Accumulable registered as "h1024"
G4WT3 > Accumulable registered as "h945"
G4WT9 > Accumulable registered as "h1025"
G4WT2 > Accumulable registered as "h906"
G4WT9 > Accumulable registered as "h1026"
G4WT4 > Accumulable registered as "h939"
G4WT10 > Accumulable registered as "h876"
G4WT4 > Accumulable registered as "h940"
G4WT1 > Accumulable registered as "h927"
G4WT10 > Accumulable registered as "h877"
G4WT6 > Accumulable registered as "h1153"
G4WT5 > Accumulable registered as "h1054"
G4WT11 > Accumulable registered as "h1016"
G4WT5 > Accumulable registered as "h1055"
G4WT3 > Accumulable registered as "h946"
G4WT11 > Accumulable registered as "h1017"
G4WT3 > Accumulable registered as "h947"
G4WT11 > Accumulable registered as "h1018"
G4WT7 > Accumulable registered as "h935"
G4WT0 > Accumulable registered as "h911"
G4WT7 > Accumulable registered as "h936"
G4WT10 > Accumulable registered as "h878"
G4WT1 > Accumulable registered as "h928"
G4WT6 > Accumulable registered as "h1154"
G4WT1 > Accumulable registered as "h929"
G4WT5 > Accumulable registered as "h1056"
G4WT2 > Accumulable registered as "h907"
G4WT3 > Accumulable registered as "h948"
G4WT4 > Accumulable registered as "h941"
G4WT3 > Accumulable registered as "h949"
G4WT11 > Accumulable registered as "h1019"
G4WT7 > Accumulable registered as "h937"
G4WT11 > Accumulable registered as "h1020"
G4WT10 > Accumulable registered as "h879"
G4WT9 > Accumulable registered as "h1027"
G4WT1 > Accumulable registered as "h930"
G4WT9 > Accumulable registered as "h1028"
G4WT6 > Accumulable registered as "h1155"
G4WT5 > Accumulable registered as "h1057"
G4WT6 > Accumulable registered as "h1156"
G4WT5 > Accumulable registered as "h1058"
G4WT4 > Accumulable registered as "h942"
G4WT8 > Accumulable registered as "h975"
G4WT7 > Accumulable registered as "h938"
G4WT8 > Accumulable registered as "h976"
G4WT10 > Accumulable registered as "h880"
G4WT9 > Accumulable registered as "h1029"
G4WT1 > Accumulable registered as "h931"
G4WT9 > Accumulable registered as "h1030"
G4WT2 > Accumulable registered as "h908"
G4WT9 > Accumulable registered as "h1031"
G4WT3 > Accumulable registered as "h950"
G4WT5 > Accumulable registered as "h1059"
G4WT4 > Accumulable registered as "h943"
G4WT5 > Accumulable registered as "h1060"
G4WT11 > Accumulable registered as "h1021"
G4WT7 > Accumulable registered as "h939"
G4WT8 > Accumulable registered as "h977"
G4WT10 > Accumulable registered as "h881"
G4WT7 > Accumulable registered as "h940"
G4WT8 > Accumulable registered as "h978"
G4WT6 > Accumulable registered as "h1157"
G4WT9 > Accumulable registered as "h1032"
G4WT6 > Accumulable registered as "h1158"
G4WT3 > Accumulable registered as "h951"
G4WT4 > Accumulable registered as "h944"
G4WT3 > Accumulable registered as "h952"
G4WT11 > Accumulable registered as "h1022"
G4WT0 > Accumulable registered as "h912"
G4WT11 > Accumulable registered as "h1023"
G4WT0 > Accumulable registered as "h913"
G4WT2 > Accumulable registered as "h909"
G4WT8 > Accumulable registered as "h979"
G4WT2 > Accumulable registered as "h910"
G4WT6 > Accumulable registered as "h1159"
G4WT2 > Accumulable registered as "h911"
G4WT5 > Accumulable registered as "h1061"
G4WT4 > Accumulable registered as "h945"
G4WT1 > Accumulable registered as "h932"
G4WT4 > Accumulable registered as "h946"
G4WT10 > Accumulable registered as "h882"
G4WT4 > Accumulable registered as "h947"
G4WT1 > Accumulable registered as "h933"
G4WT0 > Accumulable registered as "h914"
G4WT9 > Accumulable registered as "h1033"
G4WT3 > Accumulable registered as "h953"
G4WT9 > Accumulable registered as "h1034"
G4WT2 > Accumulable registered as "h912"
G4WT9 > Accumulable registered as "h1035"
G4WT5 > Accumulable registered as "h1062"
G4WT2 > Accumulable registered as "h913"
G4WT11 > Accumulable registered as "h1024"
G4WT4 > Accumulable registered as "h948"
G4WT11 > Accumulable registered as "h1025"
G4WT10 > Accumulable registered as "h883"
G4WT11 > Accumulable registered as "h1026"
G4WT4 > Accumulable registered as "h949"
G4WT3 > Accumulable registered as "h954"
G4WT7 > Accumulable registered as "h941"
G4WT9 > Accumulable registered as "h1036"
G4WT7 > Accumulable registered as "h942"
G4WT8 > Accumulable registered as "h980"
G4WT9 > Accumulable registered as "h1037"
G4WT5 > Accumulable registered as "h1063"
G4WT8 > Accumulable registered as "h981"
G4WT0 > Accumulable registered as "h915"
G4WT11 > Accumulable registered as "h1027"
G4WT4 > Accumulable registered as "h950"
G4WT10 > Accumulable registered as "h884"
G4WT4 > Accumulable registered as "h951"
G4WT10 > Accumulable registered as "h885"
G4WT7 > Accumulable registered as "h943"
G4WT1 > Accumulable registered as "h934"
G4WT9 > Accumulable registered as "h1038"
G4WT1 > Accumulable registered as "h935"
G4WT6 > Accumulable registered as "h1160"
G4WT9 > Accumulable registered as "h1039"
G4WT5 > Accumulable registered as "h1064"
G4WT9 > Accumulable registered as "h1040"
G4WT11 > Accumulable registered as "h1028"
G4WT5 > Accumulable registered as "h1065"
G4WT2 > Accumulable registered as "h914"
G4WT10 > Accumulable registered as "h886"
G4WT2 > Accumulable registered as "h915"
G4WT7 > Accumulable registered as "h944"
G4WT2 > Accumulable registered as "h916"
G4WT0 > Accumulable registered as "h916"
G4WT6 > Accumulable registered as "h1161"
G4WT3 > Accumulable registered as "h955"
G4WT9 > Accumulable registered as "h1041"
G4WT3 > Accumulable registered as "h956"
G4WT11 > Accumulable registered as "h1029"
G4WT4 > Accumulable registered as "h952"
G4WT11 > Accumulable registered as "h1030"
G4WT8 > Accumulable registered as "h982"
G4WT4 > Accumulable registered as "h953"
G4WT1 > Accumulable registered as "h936"
G4WT2 > Accumulable registered as "h917"
G4WT0 > Accumulable registered as "h917"
G4WT6 > Accumulable registered as "h1162"
G4WT3 > Accumulable registered as "h957"
G4WT9 > Accumulable registered as "h1042"
G4WT3 > Accumulable registered as "h958"
G4WT10 > Accumulable registered as "h887"
G4WT11 > Accumulable registered as "h1031"
G4WT10 > Accumulable registered as "h888"
G4WT7 > Accumulable registered as "h945"
G4WT11 > Accumulable registered as "h1032"
G4WT1 > Accumulable registered as "h937"
G4WT2 > Accumulable registered as "h918"
G4WT1 > Accumulable registered as "h938"
G4WT0 > Accumulable registered as "h918"
G4WT1 > Accumulable registered as "h939"
G4WT5 > Accumulable registered as "h1066"
G4WT3 > Accumulable registered as "h959"
G4WT8 > Accumulable registered as "h983"
G4WT10 > Accumulable registered as "h889"
G4WT8 > Accumulable registered as "h984"
G4WT4 > Accumulable registered as "h954"
G4WT8 > Accumulable registered as "h985"
G4WT11 > Accumulable registered as "h1033"
G4WT4 > Accumulable registered as "h955"
G4WT2 > Accumulable registered as "h919"
G4WT11 > Accumulable registered as "h1034"
G4WT1 > Accumulable registered as "h940"
G4WT2 > Accumulable registered as "h920"
G4WT5 > Accumulable registered as "h1067"
G4WT7 > Accumulable registered as "h946"
G4WT5 > Accumulable registered as "h1068"
G4WT10 > Accumulable registered as "h890"
G4WT5 > Accumulable registered as "h1069"
G4WT8 > Accumulable registered as "h986"
G4WT9 > Accumulable registered as "h1043"
G4WT8 > Accumulable registered as "h987"
G4WT11 > Accumulable registered as "h1035"
G4WT3 > Accumulable registered as "h960"
G4WT11 > Accumulable registered as "h1036"
G4WT2 > Accumulable registered as "h921"
G4WT6 > Accumulable registered as "h1163"
G4WT7 > Accumulable registered as "h947"
G4WT6 > Accumulable registered as "h1164"
G4WT7 > Accumulable registered as "h948"
G4WT10 > Accumulable registered as "h891"
G4WT4 > Accumulable registered as "h956"
G4WT10 > Accumulable registered as "h892"
G4WT4 > Accumulable registered as "h957"
G4WT1 > Accumulable registered as "h941"
G4WT11 > Accumulable registered as "h1037"
G4WT3 > Accumulable registered as "h961"
G4WT11 > Accumulable registered as "h1038"
G4WT2 > Accumulable registered as "h922"
G4WT3 > Accumulable registered as "h962"
G4WT11 > Accumulable registered as "h1039"
G4WT6 > Accumulable registered as "h1165"
G4WT0 > Accumulable registered as "h919"
G4WT8 > Accumulable registered as "h988"
G4WT9 > Accumulable registered as "h1044"
G4WT10 > Accumulable registered as "h893"
G4WT4 > Accumulable registered as "h958"
G4WT1 > Accumulable registered as "h942"
G4WT9 > Accumulable registered as "h1045"
G4WT7 > Accumulable registered as "h949"
G4WT1 > Accumulable registered as "h943"
G4WT11 > Accumulable registered as "h1040"
G4WT7 > Accumulable registered as "h950"
G4WT1 > Accumulable registered as "h944"
G4WT0 > Accumulable registered as "h920"
G4WT8 > Accumulable registered as "h989"
G4WT10 > Accumulable registered as "h894"
G4WT0 > Accumulable registered as "h921"
G4WT4 > Accumulable registered as "h959"
G4WT2 > Accumulable registered as "h923"
G4WT9 > Accumulable registered as "h1046"
G4WT3 > Accumulable registered as "h963"
G4WT2 > Accumulable registered as "h924"
G4WT11 > Accumulable registered as "h1041"
G4WT2 > Accumulable registered as "h925"
G4WT1 > Accumulable registered as "h945"
G4WT2 > Accumulable registered as "h926"
G4WT11 > Accumulable registered as "h1042"
G4WT0 > Accumulable registered as "h922"
G4WT1 > Accumulable registered as "h946"
G4WT11 > Accumulable registered as "h1043"
G4WT6 > Accumulable registered as "h1166"
G4WT0 > Accumulable registered as "h923"
G4WT3 > Accumulable registered as "h964"
G4WT9 > Accumulable registered as "h1047"
G4WT6 > Accumulable registered as "h1167"
G4WT3 > Accumulable registered as "h965"
G4WT6 > Accumulable registered as "h1168"
G4WT4 > Accumulable registered as "h960"
G4WT6 > Accumulable registered as "h1169"
G4WT7 > Accumulable registered as "h951"
G4WT6 > Accumulable registered as "h1170"
G4WT11 > Accumulable registered as "h1044"
G4WT6 > Accumulable registered as "h1171"
G4WT8 > Accumulable registered as "h990"
G4WT9 > Accumulable registered as "h1048"
G4WT8 > Accumulable registered as "h991"
G4WT9 > Accumulable registered as "h1049"
G4WT3 > Accumulable registered as "h966"
G4WT1 > Accumulable registered as "h947"
G4WT3 > Accumulable registered as "h967"
G4WT4 > Accumulable registered as "h961"
G4WT1 > Accumulable registered as "h948"
G4WT7 > Accumulable registered as "h952"
G4WT4 > Accumulable registered as "h962"
G4WT6 > Accumulable registered as "h1172"
G4WT4 > Accumulable registered as "h963"
G4WT7 > Accumulable registered as "h953"
G4WT8 > Accumulable registered as "h992"
G4WT6 > Accumulable registered as "h1173"
G4WT6 > Accumulable registered as "h1174"
G4WT8 > Accumulable registered as "h993"
G4WT3 > Accumulable registered as "h968"
G4WT8 > Accumulable registered as "h994"
G4WT1 > Accumulable registered as "h949"
G4WT11 > Accumulable registered as "h1045"
G4WT10 > Accumulable registered as "h895"
G4WT11 > Accumulable registered as "h1046"
G4WT4 > Accumulable registered as "h964"
G4WT10 > Accumulable registered as "h896"
G4WT11 > Accumulable registered as "h1047"
G4WT6 > Accumulable registered as "h1175"
G4WT4 > Accumulable registered as "h965"
G4WT11 > Accumulable registered as "h1048"
G4WT3 > Accumulable registered as "h969"
G4WT8 > Accumulable registered as "h995"
G4WT4 > Accumulable registered as "h966"
G4WT11 > Accumulable registered as "h1049"
G4WT3 > Accumulable registered as "h970"
G4WT4 > Accumulable registered as "h967"
G4WT11 > Accumulable registered as "h1050"
G4WT3 > Accumulable registered as "h971"
G4WT4 > Accumulable registered as "h968"
G4WT1 > Accumulable registered as "h950"
G4WT3 > Accumulable registered as "h972"
G4WT4 > Accumulable registered as "h969"
G4WT7 > Accumulable registered as "h954"
G4WT10 > Accumulable registered as "h897"
G4WT0 > Accumulable registered as "h924"
G4WT7 > Accumulable registered as "h955"
G4WT5 > Accumulable registered as "h1070"
G4WT6 > Accumulable registered as "h1176"
G4WT0 > Accumulable registered as "h925"
G4WT1 > Accumulable registered as "h951"
G4WT0 > Accumulable registered as "h926"
G4WT1 > Accumulable registered as "h952"
G4WT4 > Accumulable registered as "h970"
G4WT9 > Accumulable registered as "h1050"
G4WT7 > Accumulable registered as "h956"
G4WT9 > Accumulable registered as "h1051"
G4WT7 > Accumulable registered as "h957"
G4WT9 > Accumulable registered as "h1052"
G4WT5 > Accumulable registered as "h1071"
G4WT5 > Accumulable registered as "h1072"
G4WT8 > Accumulable registered as "h996"
G4WT0 > Accumulable registered as "h927"
G4WT8 > Accumulable registered as "h997"
G4WT1 > Accumulable registered as "h953"
G4WT4 > Accumulable registered as "h971"
G4WT10 > Accumulable registered as "h898"
G4WT3 > Accumulable registered as "h973"
G4WT10 > Accumulable registered as "h899"
G4WT7 > Accumulable registered as "h958"
G4WT6 > Accumulable registered as "h1177"
G4WT5 > Accumulable registered as "h1073"
G4WT11 > Accumulable registered as "h1051"
G4WT5 > Accumulable registered as "h1074"
G4WT0 > Accumulable registered as "h928"
G4WT5 > Accumulable registered as "h1075"
G4WT0 > Accumulable registered as "h929"
G4WT5 > Accumulable registered as "h1076"
G4WT4 > Accumulable registered as "h972"
G4WT3 > Accumulable registered as "h974"
G4WT9 > Accumulable registered as "h1053"
G4WT6 > Accumulable registered as "h1178"
G4WT9 > Accumulable registered as "h1054"
G4WT7 > Accumulable registered as "h959"
G4WT11 > Accumulable registered as "h1052"
G4WT1 > Accumulable registered as "h954"
G4WT11 > Accumulable registered as "h1053"
G4WT0 > Accumulable registered as "h930"
G4WT1 > Accumulable registered as "h955"
G4WT0 > Accumulable registered as "h931"
G4WT4 > Accumulable registered as "h973"
G4WT0 > Accumulable registered as "h932"
G4WT3 > Accumulable registered as "h975"
G4WT9 > Accumulable registered as "h1055"
G4WT3 > Accumulable registered as "h976"
G4WT8 > Accumulable registered as "h998"
G4WT10 > Accumulable registered as "h900"
G4WT8 > Accumulable registered as "h999"
G4WT5 > Accumulable registered as "h1077"
G4WT1 > Accumulable registered as "h956"
G4WT5 > Accumulable registered as "h1078"
G4WT4 > Accumulable registered as "h974"
G4WT4 > Accumulable registered as "h975"
G4WT4 > Accumulable registered as "h976"
G4WT7 > Accumulable registered as "h960"
G4WT9 > Accumulable registered as "h1056"
G4WT7 > Accumulable registered as "h961"
G4WT3 > Accumulable registered as "h977"
G4WT2 > Accumulable registered as "h927"
G4WT3 > Accumulable registered as "h978"
G4WT2 > Accumulable registered as "h928"
G4WT3 > Accumulable registered as "h979"
G4WT1 > Accumulable registered as "h957"
G4WT4 > Accumulable registered as "h977"
G4WT1 > Accumulable registered as "h958"
G4WT0 > Accumulable registered as "h933"
G4WT1 > Accumulable registered as "h959"
G4WT7 > Accumulable registered as "h962"
G4WT10 > Accumulable registered as "h901"
G4WT8 > Accumulable registered as "h1000"
G4WT10 > Accumulable registered as "h902"
G4WT6 > Accumulable registered as "h1179"
G4WT4 > Accumulable registered as "h978"
G4WT2 > Accumulable registered as "h929"
G4WT6 > Accumulable registered as "h1180"
G4WT2 > Accumulable registered as "h930"
G4WT9 > Accumulable registered as "h1057"
G4WT2 > Accumulable registered as "h931"
G4WT7 > Accumulable registered as "h963"
G4WT9 > Accumulable registered as "h1058"
G4WT5 > Accumulable registered as "h1079"
G4WT7 > Accumulable registered as "h964"
G4WT5 > Accumulable registered as "h1080"
G4WT7 > Accumulable registered as "h965"
G4WT4 > Accumulable registered as "h979"
G4WT6 > Accumulable registered as "h1181"
G4WT1 > Accumulable registered as "h960"
G4WT0 > Accumulable registered as "h934"
G4WT2 > Accumulable registered as "h932"
G4WT0 > Accumulable registered as "h935"
G4WT10 > Accumulable registered as "h903"
G4WT9 > Accumulable registered as "h1059"
G4WT10 > Accumulable registered as "h904"
G4WT5 > Accumulable registered as "h1081"
G4WT2 > Accumulable registered as "h933"
G4WT7 > Accumulable registered as "h966"
G4WT4 > Accumulable registered as "h980"
G4WT7 > Accumulable registered as "h967"
G4WT6 > Accumulable registered as "h1182"
G4WT7 > Accumulable registered as "h968"
G4WT4 > Accumulable registered as "h981"
G4WT8 > Accumulable registered as "h1001"
G4WT10 > Accumulable registered as "h905"
G4WT8 > Accumulable registered as "h1002"
G4WT5 > Accumulable registered as "h1082"
G4WT5 > Accumulable registered as "h1083"
G4WT11 > Accumulable registered as "h1054"
G4WT1 > Accumulable registered as "h961"
G4WT11 > Accumulable registered as "h1055"
G4WT0 > Accumulable registered as "h936"
G4WT1 > Accumulable registered as "h962"
G4WT6 > Accumulable registered as "h1183"
G4WT3 > Accumulable registered as "h980"
G4WT6 > Accumulable registered as "h1184"
G4WT9 > Accumulable registered as "h1060"
G4WT10 > Accumulable registered as "h906"
G4WT9 > Accumulable registered as "h1061"
G4WT10 > Accumulable registered as "h907"
G4WT9 > Accumulable registered as "h1062"
G4WT7 > Accumulable registered as "h969"
G4WT0 > Accumulable registered as "h937"
G4WT7 > Accumulable registered as "h970"
G4WT11 > Accumulable registered as "h1056"
G4WT6 > Accumulable registered as "h1185"
G4WT11 > Accumulable registered as "h1057"
G4WT3 > Accumulable registered as "h981"
G4WT6 > Accumulable registered as "h1186"
G4WT10 > Accumulable registered as "h908"
G4WT1 > Accumulable registered as "h963"
G4WT2 > Accumulable registered as "h934"
G4WT1 > Accumulable registered as "h964"
G4WT9 > Accumulable registered as "h1063"
G4WT2 > Accumulable registered as "h935"
G4WT0 > Accumulable registered as "h938"
G4WT2 > Accumulable registered as "h936"
G4WT1 > Accumulable registered as "h965"
G4WT11 > Accumulable registered as "h1058"
G4WT3 > Accumulable registered as "h982"
G4WT6 > Accumulable registered as "h1187"
G4WT10 > Accumulable registered as "h909"
G4WT6 > Accumulable registered as "h1188"
G4WT10 > Accumulable registered as "h910"
G4WT8 > Accumulable registered as "h1003"
G4WT2 > Accumulable registered as "h937"
G4WT8 > Accumulable registered as "h1004"
G4WT0 > Accumulable registered as "h939"
G4WT2 > Accumulable registered as "h938"
G4WT1 > Accumulable registered as "h966"
G4WT0 > Accumulable registered as "h940"
G4WT3 > Accumulable registered as "h983"
G4WT3 > Accumulable registered as "h984"
G4WT6 > Accumulable registered as "h1189"
G4WT4 > Accumulable registered as "h982"
G4WT6 > Accumulable registered as "h1190"
G4WT4 > Accumulable registered as "h983"
G4WT11 > Accumulable registered as "h1059"
G4WT2 > Accumulable registered as "h939"
G4WT11 > Accumulable registered as "h1060"
G4WT7 > Accumulable registered as "h971"
G4WT2 > Accumulable registered as "h940"
G4WT1 > Accumulable registered as "h967"
G4WT7 > Accumulable registered as "h972"
G4WT10 > Accumulable registered as "h911"
G4WT7 > Accumulable registered as "h973"
G4WT6 > Accumulable registered as "h1191"
G4WT10 > Accumulable registered as "h912"
G4WT4 > Accumulable registered as "h984"
G4WT10 > Accumulable registered as "h913"
G4WT11 > Accumulable registered as "h1061"
G4WT3 > Accumulable registered as "h985"
G4WT8 > Accumulable registered as "h1005"
G4WT3 > Accumulable registered as "h986"
G4WT1 > Accumulable registered as "h968"
G4WT7 > Accumulable registered as "h974"
G4WT0 > Accumulable registered as "h941"
G4WT7 > Accumulable registered as "h975"
G4WT10 > Accumulable registered as "h914"
G4WT4 > Accumulable registered as "h985"
G4WT10 > Accumulable registered as "h915"
G4WT2 > Accumulable registered as "h941"
G4WT10 > Accumulable registered as "h916"
G4WT8 > Accumulable registered as "h1006"
G4WT2 > Accumulable registered as "h942"
G4WT1 > Accumulable registered as "h969"
G4WT6 > Accumulable registered as "h1192"
G4WT1 > Accumulable registered as "h970"
G4WT7 > Accumulable registered as "h976"
G4WT1 > Accumulable registered as "h971"
G4WT11 > Accumulable registered as "h1062"
G4WT3 > Accumulable registered as "h987"
G4WT10 > Accumulable registered as "h917"
G4WT3 > Accumulable registered as "h988"
G4WT2 > Accumulable registered as "h943"
G4WT3 > Accumulable registered as "h989"
G4WT2 > Accumulable registered as "h944"
G4WT3 > Accumulable registered as "h990"
G4WT4 > Accumulable registered as "h986"
G4WT7 > Accumulable registered as "h977"
G4WT4 > Accumulable registered as "h987"
G4WT11 > Accumulable registered as "h1063"
G4WT7 > Accumulable registered as "h978"
G4WT4 > Accumulable registered as "h988"
G4WT10 > Accumulable registered as "h918"
G4WT11 > Accumulable registered as "h1064"
G4WT6 > Accumulable registered as "h1193"
G4WT11 > Accumulable registered as "h1065"
G4WT1 > Accumulable registered as "h972"
G4WT11 > Accumulable registered as "h1066"
G4WT8 > Accumulable registered as "h1007"
G4WT5 > Accumulable registered as "h1084"
G4WT8 > Accumulable registered as "h1008"
G4WT4 > Accumulable registered as "h989"
G4WT5 > Accumulable registered as "h1085"
G4WT3 > Accumulable registered as "h991"
G4WT6 > Accumulable registered as "h1194"
G4WT3 > Accumulable registered as "h992"
G4WT7 > Accumulable registered as "h979"
G4WT1 > Accumulable registered as "h973"
G4WT11 > Accumulable registered as "h1067"
G4WT7 > Accumulable registered as "h980"
G4WT0 > Accumulable registered as "h942"
G4WT11 > Accumulable registered as "h1068"
G4WT10 > Accumulable registered as "h919"
G4WT11 > Accumulable registered as "h1069"
G4WT5 > Accumulable registered as "h1086"
G4WT11 > Accumulable registered as "h1070"
G4WT3 > Accumulable registered as "h993"
G4WT11 > Accumulable registered as "h1071"
G4WT1 > Accumulable registered as "h974"
G4WT11 > Accumulable registered as "h1072"
G4WT7 > Accumulable registered as "h981"
G4WT11 > Accumulable registered as "h1073"
G4WT1 > Accumulable registered as "h975"
G4WT6 > Accumulable registered as "h1195"
G4WT2 > Accumulable registered as "h945"
G4WT5 > Accumulable registered as "h1087"
G4WT2 > Accumulable registered as "h946"
G4WT3 > Accumulable registered as "h994"
G4WT8 > Accumulable registered as "h1009"
G4WT3 > Accumulable registered as "h995"
G4WT0 > Accumulable registered as "h943"
G4WT3 > Accumulable registered as "h996"
G4WT8 > Accumulable registered as "h1010"
G4WT3 > Accumulable registered as "h997"
G4WT1 > Accumulable registered as "h976"
G4WT7 > Accumulable registered as "h982"
G4WT2 > Accumulable registered as "h947"
G4WT5 > Accumulable registered as "h1088"
G4WT4 > Accumulable registered as "h990"
G4WT10 > Accumulable registered as "h920"
G4WT5 > Accumulable registered as "h1089"
G4WT10 > Accumulable registered as "h921"
G4WT10 > Accumulable registered as "h922"
G4WT10 > Accumulable registered as "h923"
G4WT1 > Accumulable registered as "h977"
G4WT7 > Accumulable registered as "h983"
G4WT1 > Accumulable registered as "h978"
G4WT2 > Accumulable registered as "h948"
G4WT1 > Accumulable registered as "h979"
G4WT0 > Accumulable registered as "h944"
G4WT11 > Accumulable registered as "h1074"
G4WT6 > Accumulable registered as "h1196"
G4WT3 > Accumulable registered as "h998"
G4WT6 > Accumulable registered as "h1197"
G4WT3 > Accumulable registered as "h999"
G4WT6 > Accumulable registered as "h1198"
G4WT4 > Accumulable registered as "h991"
G4WT5 > Accumulable registered as "h1090"
G4WT4 > Accumulable registered as "h992"
G4WT1 > Accumulable registered as "h980"
G4WT0 > Accumulable registered as "h945"
G4WT1 > Accumulable registered as "h981"
G4WT11 > Accumulable registered as "h1075"
G4WT8 > Accumulable registered as "h1011"
G4WT10 > Accumulable registered as "h924"
G4WT8 > Accumulable registered as "h1012"
G4WT7 > Accumulable registered as "h984"
G4WT10 > Accumulable registered as "h925"
G4WT2 > Accumulable registered as "h949"
G4WT7 > Accumulable registered as "h985"
G4WT5 > Accumulable registered as "h1091"
G4WT7 > Accumulable registered as "h986"
G4WT2 > Accumulable registered as "h950"
G4WT3 > Accumulable registered as "h1000"
G4WT5 > Accumulable registered as "h1092"
G4WT6 > Accumulable registered as "h1199"
G4WT11 > Accumulable registered as "h1076"
G4WT4 > Accumulable registered as "h993"
G4WT1 > Accumulable registered as "h982"
G4WT4 > Accumulable registered as "h994"
G4WT0 > Accumulable registered as "h946"
G4WT4 > Accumulable registered as "h995"
G4WT2 > Accumulable registered as "h951"
G4WT5 > Accumulable registered as "h1093"
G4WT3 > Accumulable registered as "h1001"
G4WT5 > Accumulable registered as "h1094"
G4WT10 > Accumulable registered as "h926"
G4WT3 > Accumulable registered as "h1002"
G4WT11 > Accumulable registered as "h1077"
G4WT10 > Accumulable registered as "h927"
G4WT1 > Accumulable registered as "h983"
G4WT8 > Accumulable registered as "h1013"
G4WT4 > Accumulable registered as "h996"
G4WT1 > Accumulable registered as "h984"
G4WT8 > Accumulable registered as "h1014"
G4WT6 > Accumulable registered as "h1200"
G4WT7 > Accumulable registered as "h987"
G4WT3 > Accumulable registered as "h1003"
G4WT7 > Accumulable registered as "h988"
G4WT10 > Accumulable registered as "h928"
G4WT7 > Accumulable registered as "h989"
G4WT0 > Accumulable registered as "h947"
G4WT1 > Accumulable registered as "h985"
G4WT5 > Accumulable registered as "h1095"
G4WT1 > Accumulable registered as "h986"
G4WT4 > Accumulable registered as "h997"
G4WT1 > Accumulable registered as "h987"
G4WT5 > Accumulable registered as "h1096"
G4WT11 > Accumulable registered as "h1078"
G4WT2 > Accumulable registered as "h952"
G4WT11 > Accumulable registered as "h1079"
G4WT7 > Accumulable registered as "h990"
G4WT11 > Accumulable registered as "h1080"
G4WT2 > Accumulable registered as "h953"
G4WT8 > Accumulable registered as "h1015"
G4WT1 > Accumulable registered as "h988"
G4WT4 > Accumulable registered as "h998"
G4WT1 > Accumulable registered as "h989"
G4WT5 > Accumulable registered as "h1097"
G4WT1 > Accumulable registered as "h990"
G4WT10 > Accumulable registered as "h929"
G4WT11 > Accumulable registered as "h1081"
G4WT10 > Accumulable registered as "h930"
G4WT7 > Accumulable registered as "h991"
G4WT10 > Accumulable registered as "h931"
G4WT2 > Accumulable registered as "h954"
G4WT3 > Accumulable registered as "h1004"
G4WT4 > Accumulable registered as "h999"
G4WT3 > Accumulable registered as "h1005"
G4WT0 > Accumulable registered as "h948"
G4WT5 > Accumulable registered as "h1098"
G4WT0 > Accumulable registered as "h949"
G4WT6 > Accumulable registered as "h1201"
G4WT0 > Accumulable registered as "h950"
G4WT8 > Accumulable registered as "h1016"
G4WT6 > Accumulable registered as "h1202"
G4WT7 > Accumulable registered as "h992"
G4WT6 > Accumulable registered as "h1203"
G4WT1 > Accumulable registered as "h991"
G4WT7 > Accumulable registered as "h993"
G4WT4 > Accumulable registered as "h1000"
G4WT11 > Accumulable registered as "h1082"
G4WT5 > Accumulable registered as "h1099"
G4WT11 > Accumulable registered as "h1083"
G4WT0 > Accumulable registered as "h951"
G4WT2 > Accumulable registered as "h955"
G4WT8 > Accumulable registered as "h1017"
G4WT3 > Accumulable registered as "h1006"
G4WT6 > Accumulable registered as "h1204"
G4WT1 > Accumulable registered as "h992"
G4WT6 > Accumulable registered as "h1205"
G4WT7 > Accumulable registered as "h994"
G4WT9 > Accumulable registered as "h1064"
G4WT7 > Accumulable registered as "h995"
G4WT5 > Accumulable registered as "h1100"
G4WT11 > Accumulable registered as "h1084"
G4WT5 > Accumulable registered as "h1101"
G4WT0 > Accumulable registered as "h952"
G4WT5 > Accumulable registered as "h1102"
G4WT0 > Accumulable registered as "h953"
G4WT5 > Accumulable registered as "h1103"
G4WT6 > Accumulable registered as "h1206"
G4WT5 > Accumulable registered as "h1104"
G4WT10 > Accumulable registered as "h932"
G4WT7 > Accumulable registered as "h996"
G4WT10 > Accumulable registered as "h933"
G4WT9 > Accumulable registered as "h1065"
G4WT7 > Accumulable registered as "h997"
G4WT11 > Accumulable registered as "h1085"
G4WT3 > Accumulable registered as "h1007"
G4WT0 > Accumulable registered as "h954"
G4WT1 > Accumulable registered as "h993"
G4WT0 > Accumulable registered as "h955"
G4WT1 > Accumulable registered as "h994"
G4WT5 > Accumulable registered as "h1105"
G4WT2 > Accumulable registered as "h956"
G4WT10 > Accumulable registered as "h934"
G4WT8 > Accumulable registered as "h1018"
G4WT10 > Accumulable registered as "h935"
G4WT7 > Accumulable registered as "h998"
G4WT10 > Accumulable registered as "h936"
G4WT9 > Accumulable registered as "h1066"
G4WT7 > Accumulable registered as "h999"
G4WT10 > Accumulable registered as "h937"
G4WT6 > Accumulable registered as "h1207"
G4WT1 > Accumulable registered as "h995"
G4WT5 > Accumulable registered as "h1106"
G4WT1 > Accumulable registered as "h996"
G4WT2 > Accumulable registered as "h957"
G4WT1 > Accumulable registered as "h997"
G4WT8 > Accumulable registered as "h1019"
G4WT3 > Accumulable registered as "h1008"
G4WT8 > Accumulable registered as "h1020"
G4WT3 > Accumulable registered as "h1009"
G4WT8 > Accumulable registered as "h1021"
G4WT10 > Accumulable registered as "h938"
G4WT6 > Accumulable registered as "h1208"
G4WT10 > Accumulable registered as "h939"
G4WT11 > Accumulable registered as "h1086"
G4WT1 > Accumulable registered as "h998"
G4WT2 > Accumulable registered as "h958"
G4WT1 > Accumulable registered as "h999"
G4WT4 > Accumulable registered as "h1001"
G4WT7 > Accumulable registered as "h1000"
G4WT4 > Accumulable registered as "h1002"
G4WT3 > Accumulable registered as "h1010"
G4WT9 > Accumulable registered as "h1067"
G4WT3 > Accumulable registered as "h1011"
G4WT5 > Accumulable registered as "h1107"
G4WT10 > Accumulable registered as "h940"
G4WT5 > Accumulable registered as "h1108"
G4WT10 > Accumulable registered as "h941"
G4WT2 > Accumulable registered as "h959"
G4WT1 > Accumulable registered as "h1000"
G4WT2 > Accumulable registered as "h960"
G4WT7 > Accumulable registered as "h1001"
G4WT2 > Accumulable registered as "h961"
G4WT8 > Accumulable registered as "h1022"
G4WT7 > Accumulable registered as "h1002"
G4WT9 > Accumulable registered as "h1068"
G4WT7 > Accumulable registered as "h1003"
G4WT11 > Accumulable registered as "h1087"
G4WT9 > Accumulable registered as "h1069"
G4WT10 > Accumulable registered as "h942"
G4WT4 > Accumulable registered as "h1003"
G4WT9 > Accumulable registered as "h1070"
G4WT1 > Accumulable registered as "h1001"
G4WT3 > Accumulable registered as "h1012"
G4WT9 > Accumulable registered as "h1071"
G4WT1 > Accumulable registered as "h1002"
G4WT3 > Accumulable registered as "h1013"
G4WT7 > Accumulable registered as "h1004"
G4WT3 > Accumulable registered as "h1014"
G4WT0 > Accumulable registered as "h956"
G4WT10 > Accumulable registered as "h943"
G4WT0 > Accumulable registered as "h957"
G4WT4 > Accumulable registered as "h1004"
G4WT0 > Accumulable registered as "h958"
G4WT6 > Accumulable registered as "h1209"
G4WT9 > Accumulable registered as "h1072"
G4WT6 > Accumulable registered as "h1210"
G4WT5 > Accumulable registered as "h1109"
G4WT11 > Accumulable registered as "h1088"
G4WT5 > Accumulable registered as "h1110"
G4WT7 > Accumulable registered as "h1005"
G4WT11 > Accumulable registered as "h1089"
G4WT2 > Accumulable registered as "h962"
G4WT8 > Accumulable registered as "h1023"
G4WT0 > Accumulable registered as "h959"
G4WT8 > Accumulable registered as "h1024"
G4WT4 > Accumulable registered as "h1005"
G4WT6 > Accumulable registered as "h1211"
G4WT4 > Accumulable registered as "h1006"
G4WT9 > Accumulable registered as "h1073"
G4WT6 > Accumulable registered as "h1212"
G4WT10 > Accumulable registered as "h944"
G4WT11 > Accumulable registered as "h1090"
G4WT10 > Accumulable registered as "h945"
G4WT7 > Accumulable registered as "h1006"
G4WT10 > Accumulable registered as "h946"
G4WT1 > Accumulable registered as "h1003"
G4WT8 > Accumulable registered as "h1025"
G4WT3 > Accumulable registered as "h1015"
G4WT8 > Accumulable registered as "h1026"
G4WT5 > Accumulable registered as "h1111"
G4WT3 > Accumulable registered as "h1016"
G4WT8 > Accumulable registered as "h1027"
G4WT4 > Accumulable registered as "h1007"
G4WT5 > Accumulable registered as "h1112"
G4WT8 > Accumulable registered as "h1028"
G4WT11 > Accumulable registered as "h1091"
G4WT10 > Accumulable registered as "h947"
G4WT11 > Accumulable registered as "h1092"
G4WT10 > Accumulable registered as "h948"
G4WT11 > Accumulable registered as "h1093"
G4WT6 > Accumulable registered as "h1213"
G4WT3 > Accumulable registered as "h1017"
G4WT2 > Accumulable registered as "h963"
G4WT3 > Accumulable registered as "h1018"
G4WT4 > Accumulable registered as "h1008"
G4WT5 > Accumulable registered as "h1113"
G4WT4 > Accumulable registered as "h1009"
G4WT8 > Accumulable registered as "h1029"
G4WT4 > Accumulable registered as "h1010"
G4WT9 > Accumulable registered as "h1074"
G4WT4 > Accumulable registered as "h1011"
G4WT11 > Accumulable registered as "h1094"
G4WT9 > Accumulable registered as "h1075"
G4WT7 > Accumulable registered as "h1007"
G4WT3 > Accumulable registered as "h1019"
G4WT2 > Accumulable registered as "h964"
G4WT7 > Accumulable registered as "h1008"
G4WT2 > Accumulable registered as "h965"
G4WT7 > Accumulable registered as "h1009"
G4WT10 > Accumulable registered as "h949"
G4WT4 > Accumulable registered as "h1012"
G4WT0 > Accumulable registered as "h960"
G4WT6 > Accumulable registered as "h1214"
G4WT11 > Accumulable registered as "h1095"
G4WT9 > Accumulable registered as "h1076"
G4WT3 > Accumulable registered as "h1020"
G4WT9 > Accumulable registered as "h1077"
G4WT1 > Accumulable registered as "h1004"
G4WT2 > Accumulable registered as "h966"
G4WT1 > Accumulable registered as "h1005"
G4WT8 > Accumulable registered as "h1030"
G4WT10 > Accumulable registered as "h950"
G4WT8 > Accumulable registered as "h1031"
G4WT4 > Accumulable registered as "h1013"
G4WT0 > Accumulable registered as "h961"
G4WT6 > Accumulable registered as "h1215"
G4WT0 > Accumulable registered as "h962"
G4WT6 > Accumulable registered as "h1216"
G4WT9 > Accumulable registered as "h1078"
G4WT7 > Accumulable registered as "h1010"
G4WT1 > Accumulable registered as "h1006"
G4WT7 > Accumulable registered as "h1011"
G4WT2 > Accumulable registered as "h967"
G4WT7 > Accumulable registered as "h1012"
G4WT10 > Accumulable registered as "h951"
G4WT2 > Accumulable registered as "h968"
G4WT4 > Accumulable registered as "h1014"
G4WT5 > Accumulable registered as "h1114"
G4WT3 > Accumulable registered as "h1021"
G4WT0 > Accumulable registered as "h963"
G4WT5 > Accumulable registered as "h1115"
G4WT3 > Accumulable registered as "h1022"
G4WT8 > Accumulable registered as "h1032"
G4WT0 > Accumulable registered as "h964"
G4WT11 > Accumulable registered as "h1096"
G4WT2 > Accumulable registered as "h969"
G4WT10 > Accumulable registered as "h952"
G4WT2 > Accumulable registered as "h970"
G4WT10 > Accumulable registered as "h953"
G4WT6 > Accumulable registered as "h1217"
G4WT1 > Accumulable registered as "h1007"
G4WT6 > Accumulable registered as "h1218"
G4WT3 > Accumulable registered as "h1023"
G4WT7 > Accumulable registered as "h1013"
G4WT0 > Accumulable registered as "h965"
G4WT7 > Accumulable registered as "h1014"
G4WT0 > Accumulable registered as "h966"
G4WT7 > Accumulable registered as "h1015"
G4WT4 > Accumulable registered as "h1015"
G4WT2 > Accumulable registered as "h971"
G4WT10 > Accumulable registered as "h954"
G4WT9 > Accumulable registered as "h1079"
G4WT5 > Accumulable registered as "h1116"
G4WT1 > Accumulable registered as "h1008"
G4WT5 > Accumulable registered as "h1117"
G4WT3 > Accumulable registered as "h1024"
G4WT11 > Accumulable registered as "h1097"
G4WT3 > Accumulable registered as "h1025"
G4WT0 > Accumulable registered as "h967"
G4WT4 > Accumulable registered as "h1016"
G4WT10 > Accumulable registered as "h955"
G4WT4 > Accumulable registered as "h1017"
G4WT10 > Accumulable registered as "h956"
G4WT9 > Accumulable registered as "h1080"
G4WT1 > Accumulable registered as "h1009"
G4WT9 > Accumulable registered as "h1081"
G4WT8 > Accumulable registered as "h1033"
G4WT5 > Accumulable registered as "h1118"
G4WT8 > Accumulable registered as "h1034"
G4WT3 > Accumulable registered as "h1026"
G4WT5 > Accumulable registered as "h1119"
G4WT0 > Accumulable registered as "h968"
G4WT3 > Accumulable registered as "h1027"
G4WT6 > Accumulable registered as "h1219"
G4WT3 > Accumulable registered as "h1028"
G4WT10 > Accumulable registered as "h957"
G4WT7 > Accumulable registered as "h1016"
G4WT9 > Accumulable registered as "h1082"
G4WT11 > Accumulable registered as "h1098"
G4WT10 > Accumulable registered as "h958"
G4WT8 > Accumulable registered as "h1035"
G4WT2 > Accumulable registered as "h972"
G4WT8 > Accumulable registered as "h1036"
G4WT0 > Accumulable registered as "h969"
G4WT1 > Accumulable registered as "h1010"
G4WT6 > Accumulable registered as "h1220"
G4WT3 > Accumulable registered as "h1029"
G4WT7 > Accumulable registered as "h1017"
G4WT9 > Accumulable registered as "h1083"
G4WT7 > Accumulable registered as "h1018"
G4WT11 > Accumulable registered as "h1099"
G4WT9 > Accumulable registered as "h1084"
G4WT5 > Accumulable registered as "h1120"
G4WT9 > Accumulable registered as "h1085"
G4WT2 > Accumulable registered as "h973"
G4WT5 > Accumulable registered as "h1121"
G4WT0 > Accumulable registered as "h970"
G4WT5 > Accumulable registered as "h1122"
G4WT6 > Accumulable registered as "h1221"
G4WT10 > Accumulable registered as "h959"
G4WT6 > Accumulable registered as "h1222"
G4WT10 > Accumulable registered as "h960"
G4WT6 > Accumulable registered as "h1223"
G4WT11 > Accumulable registered as "h1100"
G4WT9 > Accumulable registered as "h1086"
G4WT1 > Accumulable registered as "h1011"
G4WT2 > Accumulable registered as "h974"
G4WT1 > Accumulable registered as "h1012"
G4WT2 > Accumulable registered as "h975"
G4WT1 > Accumulable registered as "h1013"
G4WT2 > Accumulable registered as "h976"
G4WT2 > Accumulable registered as "h977"
G4WT10 > Accumulable registered as "h961"
G4WT8 > Accumulable registered as "h1037"
G4WT6 > Accumulable registered as "h1224"
G4WT11 > Accumulable registered as "h1101"
G4WT9 > Accumulable registered as "h1087"
G4WT11 > Accumulable registered as "h1102"
G4WT3 > Accumulable registered as "h1030"
G4WT0 > Accumulable registered as "h971"
G4WT7 > Accumulable registered as "h1019"
G4WT0 > Accumulable registered as "h972"
G4WT1 > Accumulable registered as "h1014"
G4WT4 > Accumulable registered as "h1018"
G4WT2 > Accumulable registered as "h978"
G4WT10 > Accumulable registered as "h962"
G4WT4 > Accumulable registered as "h1019"
G4WT2 > Accumulable registered as "h979"
G4WT5 > Accumulable registered as "h1123"
G4WT2 > Accumulable registered as "h980"
G4WT11 > Accumulable registered as "h1103"
G4WT0 > Accumulable registered as "h973"
G4WT11 > Accumulable registered as "h1104"
G4WT7 > Accumulable registered as "h1020"
G4WT1 > Accumulable registered as "h1015"
G4WT8 > Accumulable registered as "h1038"
G4WT1 > Accumulable registered as "h1016"
G4WT9 > Accumulable registered as "h1088"
G4WT8 > Accumulable registered as "h1039"
G4WT9 > Accumulable registered as "h1089"
G4WT3 > Accumulable registered as "h1031"
G4WT9 > Accumulable registered as "h1090"
G4WT2 > Accumulable registered as "h981"
G4WT9 > Accumulable registered as "h1091"
G4WT11 > Accumulable registered as "h1105"
G4WT2 > Accumulable registered as "h982"
G4WT7 > Accumulable registered as "h1021"
G4WT2 > Accumulable registered as "h983"
G4WT1 > Accumulable registered as "h1017"
G4WT8 > Accumulable registered as "h1040"
G4WT1 > Accumulable registered as "h1018"
G4WT5 > Accumulable registered as "h1124"
G4WT8 > Accumulable registered as "h1041"
G4WT3 > Accumulable registered as "h1032"
G4WT9 > Accumulable registered as "h1092"
G4WT3 > Accumulable registered as "h1033"
G4WT9 > Accumulable registered as "h1093"
G4WT11 > Accumulable registered as "h1106"
G4WT10 > Accumulable registered as "h963"
G4WT7 > Accumulable registered as "h1022"
G4WT0 > Accumulable registered as "h974"
G4WT1 > Accumulable registered as "h1019"
G4WT0 > Accumulable registered as "h975"
G4WT6 > Accumulable registered as "h1225"
G4WT8 > Accumulable registered as "h1042"
G4WT6 > Accumulable registered as "h1226"
G4WT4 > Accumulable registered as "h1020"
G4WT6 > Accumulable registered as "h1227"
G4WT4 > Accumulable registered as "h1021"
G4WT6 > Accumulable registered as "h1228"
G4WT11 > Accumulable registered as "h1107"
G4WT7 > Accumulable registered as "h1023"
G4WT5 > Accumulable registered as "h1125"
G4WT0 > Accumulable registered as "h976"
G4WT5 > Accumulable registered as "h1126"
G4WT0 > Accumulable registered as "h977"
G4WT5 > Accumulable registered as "h1127"
G4WT3 > Accumulable registered as "h1034"
G4WT9 > Accumulable registered as "h1094"
G4WT4 > Accumulable registered as "h1022"
G4WT10 > Accumulable registered as "h964"
G4WT6 > Accumulable registered as "h1229"
G4WT10 > Accumulable registered as "h965"
G4WT11 > Accumulable registered as "h1108"
G4WT10 > Accumulable registered as "h966"
G4WT1 > Accumulable registered as "h1020"
G4WT0 > Accumulable registered as "h978"
G4WT1 > Accumulable registered as "h1021"
G4WT2 > Accumulable registered as "h984"
G4WT3 > Accumulable registered as "h1035"
G4WT9 > Accumulable registered as "h1095"
G4WT4 > Accumulable registered as "h1023"
G4WT9 > Accumulable registered as "h1096"
G4WT7 > Accumulable registered as "h1024"
G4WT4 > Accumulable registered as "h1024"
G4WT8 > Accumulable registered as "h1043"
G4WT7 > Accumulable registered as "h1025"
G4WT11 > Accumulable registered as "h1109"
G4WT7 > Accumulable registered as "h1026"
G4WT1 > Accumulable registered as "h1022"
G4WT11 > Accumulable registered as "h1110"
G4WT2 > Accumulable registered as "h985"
G4WT11 > Accumulable registered as "h1111"
G4WT6 > Accumulable registered as "h1230"
G4WT10 > Accumulable registered as "h967"
G4WT6 > Accumulable registered as "h1231"
G4WT4 > Accumulable registered as "h1025"
G4WT10 > Accumulable registered as "h968"
G4WT8 > Accumulable registered as "h1044"
G4WT0 > Accumulable registered as "h979"
G4WT8 > Accumulable registered as "h1045"
G4WT1 > Accumulable registered as "h1023"
G4WT9 > Accumulable registered as "h1097"
G4WT2 > Accumulable registered as "h986"
G4WT11 > Accumulable registered as "h1112"
G4WT5 > Accumulable registered as "h1128"
G4WT6 > Accumulable registered as "h1232"
G4WT5 > Accumulable registered as "h1129"
G4WT10 > Accumulable registered as "h969"
G4WT6 > Accumulable registered as "h1233"
G4WT7 > Accumulable registered as "h1027"
G4WT6 > Accumulable registered as "h1234"
G4WT0 > Accumulable registered as "h980"
G4WT6 > Accumulable registered as "h1235"
G4WT1 > Accumulable registered as "h1024"
G4WT0 > Accumulable registered as "h981"
G4WT2 > Accumulable registered as "h987"
G4WT1 > Accumulable registered as "h1025"
G4WT4 > Accumulable registered as "h1026"
G4WT3 > Accumulable registered as "h1036"
G4WT10 > Accumulable registered as "h970"
G4WT3 > Accumulable registered as "h1037"
G4WT8 > Accumulable registered as "h1046"
G4WT7 > Accumulable registered as "h1028"
G4WT3 > Accumulable registered as "h1038"
G4WT6 > Accumulable registered as "h1236"
G4WT0 > Accumulable registered as "h982"
G4WT5 > Accumulable registered as "h1130"
G4WT1 > Accumulable registered as "h1026"
G4WT5 > Accumulable registered as "h1131"
G4WT1 > Accumulable registered as "h1027"
G4WT4 > Accumulable registered as "h1027"
G4WT9 > Accumulable registered as "h1098"
G4WT4 > Accumulable registered as "h1028"
G4WT8 > Accumulable registered as "h1047"
G4WT11 > Accumulable registered as "h1113"
G4WT3 > Accumulable registered as "h1039"
G4WT11 > Accumulable registered as "h1114"
G4WT0 > Accumulable registered as "h983"
G4WT2 > Accumulable registered as "h988"
G4WT5 > Accumulable registered as "h1132"
G4WT2 > Accumulable registered as "h989"
G4WT10 > Accumulable registered as "h971"
G4WT2 > Accumulable registered as "h990"
G4WT4 > Accumulable registered as "h1029"
G4WT7 > Accumulable registered as "h1029"
G4WT8 > Accumulable registered as "h1048"
G4WT7 > Accumulable registered as "h1030"
G4WT6 > Accumulable registered as "h1237"
G4WT11 > Accumulable registered as "h1115"
G4WT6 > Accumulable registered as "h1238"
G4WT11 > Accumulable registered as "h1116"
G4WT6 > Accumulable registered as "h1239"
G4WT5 > Accumulable registered as "h1133"
G4WT2 > Accumulable registered as "h991"
G4WT10 > Accumulable registered as "h972"
G4WT2 > Accumulable registered as "h992"
G4WT4 > Accumulable registered as "h1030"
G4WT2 > Accumulable registered as "h993"
G4WT8 > Accumulable registered as "h1049"
G4WT4 > Accumulable registered as "h1031"
G4WT0 > Accumulable registered as "h984"
G4WT1 > Accumulable registered as "h1028"
G4WT11 > Accumulable registered as "h1117"
G4WT0 > Accumulable registered as "h985"
G4WT11 > Accumulable registered as "h1118"
G4WT0 > Accumulable registered as "h986"
G4WT3 > Accumulable registered as "h1040"
G4WT7 > Accumulable registered as "h1031"
G4WT3 > Accumulable registered as "h1041"
G4WT2 > Accumulable registered as "h994"
G4WT4 > Accumulable registered as "h1032"
G4WT8 > Accumulable registered as "h1050"
G4WT2 > Accumulable registered as "h995"
G4WT4 > Accumulable registered as "h1033"
G4WT1 > Accumulable registered as "h1029"
G4WT5 > Accumulable registered as "h1134"
G4WT1 > Accumulable registered as "h1030"
G4WT0 > Accumulable registered as "h987"
G4WT7 > Accumulable registered as "h1032"
G4WT0 > Accumulable registered as "h988"
G4WT5 > Accumulable registered as "h1135"
G4WT0 > Accumulable registered as "h989"
G4WT9 > Accumulable registered as "h1099"
G4WT8 > Accumulable registered as "h1051"
G4WT4 > Accumulable registered as "h1034"
G4WT8 > Accumulable registered as "h1052"
G4WT11 > Accumulable registered as "h1119"
G4WT10 > Accumulable registered as "h973"
G4WT11 > Accumulable registered as "h1120"
G4WT7 > Accumulable registered as "h1033"
G4WT6 > Accumulable registered as "h1240"
G4WT5 > Accumulable registered as "h1136"
G4WT6 > Accumulable registered as "h1241"
G4WT0 > Accumulable registered as "h990"
G4WT2 > Accumulable registered as "h996"
G4WT0 > Accumulable registered as "h991"
G4WT2 > Accumulable registered as "h997"
G4WT1 > Accumulable registered as "h1031"
G4WT3 > Accumulable registered as "h1042"
G4WT10 > Accumulable registered as "h974"
G4WT3 > Accumulable registered as "h1043"
G4WT11 > Accumulable registered as "h1121"
G4WT7 > Accumulable registered as "h1034"
G4WT6 > Accumulable registered as "h1242"
G4WT9 > Accumulable registered as "h1100"
G4WT5 > Accumulable registered as "h1137"
G4WT8 > Accumulable registered as "h1053"
G4WT9 > Accumulable registered as "h1101"
G4WT0 > Accumulable registered as "h992"
G4WT8 > Accumulable registered as "h1054"
G4WT1 > Accumulable registered as "h1032"
G4WT3 > Accumulable registered as "h1044"
G4WT10 > Accumulable registered as "h975"
G4WT1 > Accumulable registered as "h1033"
G4WT7 > Accumulable registered as "h1035"
G4WT1 > Accumulable registered as "h1034"
G4WT5 > Accumulable registered as "h1138"
G4WT2 > Accumulable registered as "h998"
G4WT9 > Accumulable registered as "h1102"
G4WT0 > Accumulable registered as "h993"
G4WT9 > Accumulable registered as "h1103"
G4WT0 > Accumulable registered as "h994"
G4WT11 > Accumulable registered as "h1122"
G4WT0 > Accumulable registered as "h995"
G4WT6 > Accumulable registered as "h1243"
G4WT11 > Accumulable registered as "h1123"
G4WT4 > Accumulable registered as "h1035"
G4WT1 > Accumulable registered as "h1035"
G4WT7 > Accumulable registered as "h1036"
G4WT4 > Accumulable registered as "h1036"
G4WT1 > Accumulable registered as "h1036"
G4WT8 > Accumulable registered as "h1055"
G4WT9 > Accumulable registered as "h1104"
G4WT3 > Accumulable registered as "h1045"
G4WT9 > Accumulable registered as "h1105"
G4WT6 > Accumulable registered as "h1244"
G4WT11 > Accumulable registered as "h1124"
G4WT6 > Accumulable registered as "h1245"
G4WT5 > Accumulable registered as "h1139"
G4WT2 > Accumulable registered as "h999"
G4WT5 > Accumulable registered as "h1140"
G4WT2 > Accumulable registered as "h1000"
G4WT10 > Accumulable registered as "h976"
G4WT8 > Accumulable registered as "h1056"
G4WT10 > Accumulable registered as "h977"
G4WT0 > Accumulable registered as "h996"
G4WT3 > Accumulable registered as "h1046"
G4WT0 > Accumulable registered as "h997"
G4WT6 > Accumulable registered as "h1246"
G4WT11 > Accumulable registered as "h1125"
G4WT4 > Accumulable registered as "h1037"
G4WT11 > Accumulable registered as "h1126"
G4WT4 > Accumulable registered as "h1038"
G4WT5 > Accumulable registered as "h1141"
G4WT8 > Accumulable registered as "h1057"
G4WT5 > Accumulable registered as "h1142"
G4WT10 > Accumulable registered as "h978"
G4WT5 > Accumulable registered as "h1143"
G4WT3 > Accumulable registered as "h1047"
G4WT7 > Accumulable registered as "h1037"
G4WT6 > Accumulable registered as "h1247"
G4WT1 > Accumulable registered as "h1037"
G4WT6 > Accumulable registered as "h1248"
G4WT11 > Accumulable registered as "h1127"
G4WT6 > Accumulable registered as "h1249"
G4WT4 > Accumulable registered as "h1039"
G4WT11 > Accumulable registered as "h1128"
G4WT0 > Accumulable registered as "h998"
G4WT5 > Accumulable registered as "h1144"
G4WT0 > Accumulable registered as "h999"
G4WT10 > Accumulable registered as "h979"
G4WT0 > Accumulable registered as "h1000"
G4WT7 > Accumulable registered as "h1038"
G4WT2 > Accumulable registered as "h1001"
G4WT7 > Accumulable registered as "h1039"
G4WT2 > Accumulable registered as "h1002"
G4WT7 > Accumulable registered as "h1040"
G4WT8 > Accumulable registered as "h1058"
G4WT4 > Accumulable registered as "h1040"
G4WT8 > Accumulable registered as "h1059"
G4WT3 > Accumulable registered as "h1048"
G4WT8 > Accumulable registered as "h1060"
G4WT0 > Accumulable registered as "h1001"
G4WT1 > Accumulable registered as "h1038"
G4WT0 > Accumulable registered as "h1002"
G4WT6 > Accumulable registered as "h1250"
G4WT1 > Accumulable registered as "h1039"
G4WT2 > Accumulable registered as "h1003"
G4WT1 > Accumulable registered as "h1040"
G4WT6 > Accumulable registered as "h1251"
G4WT5 > Accumulable registered as "h1145"
G4WT10 > Accumulable registered as "h980"
G4WT3 > Accumulable registered as "h1049"
G4WT8 > Accumulable registered as "h1061"
G4WT3 > Accumulable registered as "h1050"
G4WT0 > Accumulable registered as "h1003"
G4WT3 > Accumulable registered as "h1051"
G4WT7 > Accumulable registered as "h1041"
G4WT9 > Accumulable registered as "h1106"
G4WT4 > Accumulable registered as "h1041"
G4WT9 > Accumulable registered as "h1107"
G4WT4 > Accumulable registered as "h1042"
G4WT5 > Accumulable registered as "h1146"
G4WT4 > Accumulable registered as "h1043"
G4WT8 > Accumulable registered as "h1062"
G4WT3 > Accumulable registered as "h1052"
G4WT8 > Accumulable registered as "h1063"
G4WT0 > Accumulable registered as "h1004"
G4WT1 > Accumulable registered as "h1041"
G4WT7 > Accumulable registered as "h1042"
G4WT6 > Accumulable registered as "h1252"
G4WT1 > Accumulable registered as "h1042"
G4WT6 > Accumulable registered as "h1253"
G4WT1 > Accumulable registered as "h1043"
G4WT4 > Accumulable registered as "h1044"
G4WT3 > Accumulable registered as "h1053"
G4WT4 > Accumulable registered as "h1045"
G4WT3 > Accumulable registered as "h1054"
G4WT9 > Accumulable registered as "h1108"
G4WT10 > Accumulable registered as "h981"
G4WT9 > Accumulable registered as "h1109"
G4WT7 > Accumulable registered as "h1043"
G4WT10 > Accumulable registered as "h982"
G4WT11 > Accumulable registered as "h1129"
G4WT10 > Accumulable registered as "h983"
G4WT11 > Accumulable registered as "h1130"
G4WT8 > Accumulable registered as "h1064"
G4WT4 > Accumulable registered as "h1046"
G4WT3 > Accumulable registered as "h1055"
G4WT4 > Accumulable registered as "h1047"
G4WT9 > Accumulable registered as "h1110"
G4WT6 > Accumulable registered as "h1254"
G4WT5 > Accumulable registered as "h1147"
G4WT9 > Accumulable registered as "h1111"
G4WT6 > Accumulable registered as "h1255"
G4WT0 > Accumulable registered as "h1005"
G4WT6 > Accumulable registered as "h1256"
G4WT11 > Accumulable registered as "h1131"
G4WT3 > Accumulable registered as "h1056"
G4WT11 > Accumulable registered as "h1132"
G4WT3 > Accumulable registered as "h1057"
G4WT7 > Accumulable registered as "h1044"
G4WT1 > Accumulable registered as "h1044"
G4WT7 > Accumulable registered as "h1045"
G4WT1 > Accumulable registered as "h1045"
G4WT8 > Accumulable registered as "h1065"
G4WT6 > Accumulable registered as "h1257"
G4WT0 > Accumulable registered as "h1006"
G4WT6 > Accumulable registered as "h1258"
G4WT0 > Accumulable registered as "h1007"
G4WT6 > Accumulable registered as "h1259"
G4WT0 > Accumulable registered as "h1008"
G4WT4 > Accumulable registered as "h1048"
G4WT5 > Accumulable registered as "h1148"
G4WT4 > Accumulable registered as "h1049"
G4WT1 > Accumulable registered as "h1046"
G4WT8 > Accumulable registered as "h1066"
G4WT11 > Accumulable registered as "h1133"
G4WT8 > Accumulable registered as "h1067"
G4WT3 > Accumulable registered as "h1058"
G4WT11 > Accumulable registered as "h1134"
G4WT6 > Accumulable registered as "h1260"
G4WT3 > Accumulable registered as "h1059"
G4WT10 > Accumulable registered as "h984"
G4WT4 > Accumulable registered as "h1050"
G4WT5 > Accumulable registered as "h1149"
G4WT1 > Accumulable registered as "h1047"
G4WT5 > Accumulable registered as "h1150"
G4WT1 > Accumulable registered as "h1048"
G4WT8 > Accumulable registered as "h1068"
G4WT1 > Accumulable registered as "h1049"
G4WT11 > Accumulable registered as "h1135"
G4WT3 > Accumulable registered as "h1060"
G4WT11 > Accumulable registered as "h1136"
G4WT6 > Accumulable registered as "h1261"
G4WT10 > Accumulable registered as "h985"
G4WT6 > Accumulable registered as "h1262"
G4WT10 > Accumulable registered as "h986"
G4WT9 > Accumulable registered as "h1112"
G4WT10 > Accumulable registered as "h987"
G4WT7 > Accumulable registered as "h1046"
G4WT9 > Accumulable registered as "h1113"
G4WT7 > Accumulable registered as "h1047"
G4WT11 > Accumulable registered as "h1137"
G4WT4 > Accumulable registered as "h1051"
G4WT5 > Accumulable registered as "h1151"
G4WT6 > Accumulable registered as "h1263"
G4WT5 > Accumulable registered as "h1152"
G4WT0 > Accumulable registered as "h1009"
G4WT5 > Accumulable registered as "h1153"
G4WT10 > Accumulable registered as "h988"
G4WT3 > Accumulable registered as "h1061"
G4WT9 > Accumulable registered as "h1114"
G4WT3 > Accumulable registered as "h1062"
G4WT7 > Accumulable registered as "h1048"
G4WT11 > Accumulable registered as "h1138"
G4WT7 > Accumulable registered as "h1049"
G4WT8 > Accumulable registered as "h1069"
G4WT4 > Accumulable registered as "h1052"
G4WT8 > Accumulable registered as "h1070"
G4WT4 > Accumulable registered as "h1053"
G4WT10 > Accumulable registered as "h989"
G4WT3 > Accumulable registered as "h1063"
G4WT10 > Accumulable registered as "h990"
G4WT9 > Accumulable registered as "h1115"
G4WT11 > Accumulable registered as "h1139"
G4WT3 > Accumulable registered as "h1064"
G4WT5 > Accumulable registered as "h1154"
G4WT1 > Accumulable registered as "h1050"
G4WT0 > Accumulable registered as "h1010"
G4WT1 > Accumulable registered as "h1051"
G4WT8 > Accumulable registered as "h1071"
G4WT0 > Accumulable registered as "h1011"
G4WT6 > Accumulable registered as "h1264"
G4WT9 > Accumulable registered as "h1116"
G4WT7 > Accumulable registered as "h1050"
G4WT9 > Accumulable registered as "h1117"
G4WT7 > Accumulable registered as "h1051"
G4WT9 > Accumulable registered as "h1118"
G4WT7 > Accumulable registered as "h1052"
G4WT1 > Accumulable registered as "h1052"
G4WT10 > Accumulable registered as "h991"
G4WT0 > Accumulable registered as "h1012"
G4WT10 > Accumulable registered as "h992"
G4WT8 > Accumulable registered as "h1072"
G4WT6 > Accumulable registered as "h1265"
G4WT8 > Accumulable registered as "h1073"
G4WT3 > Accumulable registered as "h1065"
G4WT6 > Accumulable registered as "h1266"
G4WT9 > Accumulable registered as "h1119"
G4WT6 > Accumulable registered as "h1267"
G4WT7 > Accumulable registered as "h1053"
G4WT10 > Accumulable registered as "h993"
G4WT7 > Accumulable registered as "h1054"
G4WT10 > Accumulable registered as "h994"
G4WT7 > Accumulable registered as "h1055"
G4WT5 > Accumulable registered as "h1155"
G4WT4 > Accumulable registered as "h1054"
G4WT1 > Accumulable registered as "h1053"
G4WT4 > Accumulable registered as "h1055"
G4WT6 > Accumulable registered as "h1268"
G4WT4 > Accumulable registered as "h1056"
G4WT9 > Accumulable registered as "h1120"
G4WT0 > Accumulable registered as "h1013"
G4WT10 > Accumulable registered as "h995"
G4WT0 > Accumulable registered as "h1014"
G4WT10 > Accumulable registered as "h996"
G4WT0 > Accumulable registered as "h1015"
G4WT5 > Accumulable registered as "h1156"
G4WT1 > Accumulable registered as "h1054"
G4WT4 > Accumulable registered as "h1057"
G4WT6 > Accumulable registered as "h1269"
G4WT11 > Accumulable registered as "h1140"
G4WT9 > Accumulable registered as "h1121"
G4WT11 > Accumulable registered as "h1141"
G4WT7 > Accumulable registered as "h1056"
G4WT10 > Accumulable registered as "h997"
G4WT7 > Accumulable registered as "h1057"
G4WT0 > Accumulable registered as "h1016"
G4WT5 > Accumulable registered as "h1157"
G4WT1 > Accumulable registered as "h1055"
G4WT2 > Accumulable registered as "h1004"
G4WT4 > Accumulable registered as "h1058"
G4WT6 > Accumulable registered as "h1270"
G4WT4 > Accumulable registered as "h1059"
G4WT8 > Accumulable registered as "h1074"
G4WT6 > Accumulable registered as "h1271"
G4WT9 > Accumulable registered as "h1122"
G4WT8 > Accumulable registered as "h1075"
G4WT10 > Accumulable registered as "h998"
G4WT9 > Accumulable registered as "h1123"
G4WT0 > Accumulable registered as "h1017"
G4WT9 > Accumulable registered as "h1124"
G4WT10 > Accumulable registered as "h999"
G4WT2 > Accumulable registered as "h1005"
G4WT4 > Accumulable registered as "h1060"
G4WT2 > Accumulable registered as "h1006"
G4WT7 > Accumulable registered as "h1058"
G4WT2 > Accumulable registered as "h1007"
G4WT4 > Accumulable registered as "h1061"
G4WT7 > Accumulable registered as "h1059"
G4WT1 > Accumulable registered as "h1056"
G4WT2 > Accumulable registered as "h1008"
G4WT9 > Accumulable registered as "h1125"
G4WT11 > Accumulable registered as "h1142"
G4WT9 > Accumulable registered as "h1126"
G4WT10 > Accumulable registered as "h1000"
G4WT6 > Accumulable registered as "h1272"
G4WT8 > Accumulable registered as "h1076"
G4WT4 > Accumulable registered as "h1062"
G4WT8 > Accumulable registered as "h1077"
G4WT5 > Accumulable registered as "h1158"
G4WT8 > Accumulable registered as "h1078"
G4WT2 > Accumulable registered as "h1009"
G4WT5 > Accumulable registered as "h1159"
G4WT0 > Accumulable registered as "h1018"
G4WT5 > Accumulable registered as "h1160"
G4WT11 > Accumulable registered as "h1143"
G4WT5 > Accumulable registered as "h1161"
G4WT5 > Accumulable registered as "h1162"
G4WT7 > Accumulable registered as "h1060"
G4WT4 > Accumulable registered as "h1063"
G4WT1 > Accumulable registered as "h1057"
G4WT8 > Accumulable registered as "h1079"
G4WT9 > Accumulable registered as "h1127"
G4WT2 > Accumulable registered as "h1010"
G4WT10 > Accumulable registered as "h1001"
G4WT0 > Accumulable registered as "h1019"
G4WT6 > Accumulable registered as "h1273"
G4WT11 > Accumulable registered as "h1144"
G4WT5 > Accumulable registered as "h1163"
G4WT11 > Accumulable registered as "h1145"
G4WT7 > Accumulable registered as "h1061"
G4WT4 > Accumulable registered as "h1064"
G4WT7 > Accumulable registered as "h1062"
G4WT8 > Accumulable registered as "h1080"
G4WT9 > Accumulable registered as "h1128"
G4WT8 > Accumulable registered as "h1081"
G4WT2 > Accumulable registered as "h1011"
G4WT9 > Accumulable registered as "h1129"
G4WT0 > Accumulable registered as "h1020"
G4WT11 > Accumulable registered as "h1146"
G4WT0 > Accumulable registered as "h1021"
G4WT1 > Accumulable registered as "h1058"
G4WT4 > Accumulable registered as "h1065"
G4WT1 > Accumulable registered as "h1059"
G4WT7 > Accumulable registered as "h1063"
G4WT1 > Accumulable registered as "h1060"
G4WT10 > Accumulable registered as "h1002"
G4WT4 > Accumulable registered as "h1066"
G4WT7 > Accumulable registered as "h1064"
G4WT2 > Accumulable registered as "h1012"
G4WT3 > Accumulable registered as "h1066"
G4WT2 > Accumulable registered as "h1013"
G4WT11 > Accumulable registered as "h1147"
G4WT3 > Accumulable registered as "h1067"
G4WT8 > Accumulable registered as "h1082"
G4WT3 > Accumulable registered as "h1068"
G4WT6 > Accumulable registered as "h1274"
G4WT10 > Accumulable registered as "h1003"
G4WT6 > Accumulable registered as "h1275"
G4WT10 > Accumulable registered as "h1004"
G4WT6 > Accumulable registered as "h1276"
G4WT5 > Accumulable registered as "h1164"
G4WT2 > Accumulable registered as "h1014"
G4WT5 > Accumulable registered as "h1165"
G4WT1 > Accumulable registered as "h1061"
G4WT5 > Accumulable registered as "h1166"
G4WT3 > Accumulable registered as "h1069"
G4WT8 > Accumulable registered as "h1083"
G4WT3 > Accumulable registered as "h1070"
G4WT4 > Accumulable registered as "h1067"
G4WT10 > Accumulable registered as "h1005"
G4WT3 > Accumulable registered as "h1071"
G4WT4 > Accumulable registered as "h1068"
G4WT6 > Accumulable registered as "h1277"
G4WT2 > Accumulable registered as "h1015"
G4WT9 > Accumulable registered as "h1130"
G4WT2 > Accumulable registered as "h1016"
G4WT1 > Accumulable registered as "h1062"
G4WT2 > Accumulable registered as "h1017"
G4WT7 > Accumulable registered as "h1065"
G4WT0 > Accumulable registered as "h1022"
G4WT3 > Accumulable registered as "h1072"
G4WT0 > Accumulable registered as "h1023"
G4WT7 > Accumulable registered as "h1066"
G4WT10 > Accumulable registered as "h1006"
G4WT0 > Accumulable registered as "h1024"
G4WT7 > Accumulable registered as "h1067"
G4WT5 > Accumulable registered as "h1167"
G4WT8 > Accumulable registered as "h1084"
G4WT5 > Accumulable registered as "h1168"
G4WT2 > Accumulable registered as "h1018"
G4WT11 > Accumulable registered as "h1148"
G4WT4 > Accumulable registered as "h1069"
G4WT11 > Accumulable registered as "h1149"
G4WT3 > Accumulable registered as "h1073"
G4WT11 > Accumulable registered as "h1150"
G4WT0 > Accumulable registered as "h1025"
G4WT11 > Accumulable registered as "h1151"
G4WT7 > Accumulable registered as "h1068"
G4WT1 > Accumulable registered as "h1063"
G4WT8 > Accumulable registered as "h1085"
G4WT5 > Accumulable registered as "h1169"
G4WT8 > Accumulable registered as "h1086"
G4WT2 > Accumulable registered as "h1019"
G4WT8 > Accumulable registered as "h1087"
G4WT4 > Accumulable registered as "h1070"
G4WT2 > Accumulable registered as "h1020"
G4WT3 > Accumulable registered as "h1074"
G4WT2 > Accumulable registered as "h1021"
G4WT0 > Accumulable registered as "h1026"
G4WT2 > Accumulable registered as "h1022"
G4WT3 > Accumulable registered as "h1075"
G4WT1 > Accumulable registered as "h1064"
G4WT5 > Accumulable registered as "h1170"
G4WT1 > Accumulable registered as "h1065"
G4WT8 > Accumulable registered as "h1088"
G4WT10 > Accumulable registered as "h1007"
G4WT1 > Accumulable registered as "h1066"
G4WT9 > Accumulable registered as "h1131"
G4WT11 > Accumulable registered as "h1152"
G4WT7 > Accumulable registered as "h1069"
G4WT9 > Accumulable registered as "h1132"
G4WT0 > Accumulable registered as "h1027"
G4WT7 > Accumulable registered as "h1070"
G4WT6 > Accumulable registered as "h1278"
G4WT0 > Accumulable registered as "h1028"
G4WT7 > Accumulable registered as "h1071"
G4WT4 > Accumulable registered as "h1071"
G4WT0 > Accumulable registered as "h1029"
G4WT10 > Accumulable registered as "h1008"
G4WT4 > Accumulable registered as "h1072"
G4WT11 > Accumulable registered as "h1153"
G4WT9 > Accumulable registered as "h1133"
G4WT11 > Accumulable registered as "h1154"
G4WT8 > Accumulable registered as "h1089"
G4WT1 > Accumulable registered as "h1067"
G4WT8 > Accumulable registered as "h1090"
G4WT6 > Accumulable registered as "h1279"
G4WT7 > Accumulable registered as "h1072"
G4WT2 > Accumulable registered as "h1023"
G4WT7 > Accumulable registered as "h1073"
G4WT10 > Accumulable registered as "h1009"
G4WT7 > Accumulable registered as "h1074"
G4WT2 > Accumulable registered as "h1024"
G4WT5 > Accumulable registered as "h1171"
G4WT11 > Accumulable registered as "h1155"
G4WT1 > Accumulable registered as "h1068"
G4WT11 > Accumulable registered as "h1156"
G4WT8 > Accumulable registered as "h1091"
G4WT0 > Accumulable registered as "h1030"
G4WT6 > Accumulable registered as "h1280"
G4WT0 > Accumulable registered as "h1031"
G4WT3 > Accumulable registered as "h1076"
G4WT0 > Accumulable registered as "h1032"
G4WT9 > Accumulable registered as "h1134"
G4WT3 > Accumulable registered as "h1077"
G4WT2 > Accumulable registered as "h1025"
G4WT3 > Accumulable registered as "h1078"
G4WT9 > Accumulable registered as "h1135"
G4WT1 > Accumulable registered as "h1069"
G4WT9 > Accumulable registered as "h1136"
G4WT8 > Accumulable registered as "h1092"
G4WT1 > Accumulable registered as "h1070"
G4WT8 > Accumulable registered as "h1093"
G4WT10 > Accumulable registered as "h1010"
G4WT0 > Accumulable registered as "h1033"
G4WT5 > Accumulable registered as "h1172"
G4WT0 > Accumulable registered as "h1034"
G4WT3 > Accumulable registered as "h1079"
G4WT5 > Accumulable registered as "h1173"
G4WT3 > Accumulable registered as "h1080"
G4WT5 > Accumulable registered as "h1174"
G4WT6 > Accumulable registered as "h1281"
G4WT1 > Accumulable registered as "h1071"
G4WT6 > Accumulable registered as "h1282"
G4WT8 > Accumulable registered as "h1094"
G4WT10 > Accumulable registered as "h1011"
G4WT0 > Accumulable registered as "h1035"
G4WT10 > Accumulable registered as "h1012"
G4WT2 > Accumulable registered as "h1026"
G4WT0 > Accumulable registered as "h1036"
G4WT7 > Accumulable registered as "h1075"
G4WT9 > Accumulable registered as "h1137"
G4WT5 > Accumulable registered as "h1175"
G4WT9 > Accumulable registered as "h1138"
G4WT1 > Accumulable registered as "h1072"
G4WT11 > Accumulable registered as "h1157"
G4WT1 > Accumulable registered as "h1073"
G4WT8 > Accumulable registered as "h1095"
G4WT1 > Accumulable registered as "h1074"
G4WT2 > Accumulable registered as "h1027"
G4WT8 > Accumulable registered as "h1096"
G4WT4 > Accumulable registered as "h1073"
G4WT10 > Accumulable registered as "h1013"
G4WT7 > Accumulable registered as "h1076"
G4WT9 > Accumulable registered as "h1139"
G4WT7 > Accumulable registered as "h1077"
G4WT9 > Accumulable registered as "h1140"
G4WT7 > Accumulable registered as "h1078"
G4WT3 > Accumulable registered as "h1081"
G4WT0 > Accumulable registered as "h1037"
G4WT8 > Accumulable registered as "h1097"
G4WT0 > Accumulable registered as "h1038"
G4WT8 > Accumulable registered as "h1098"
G4WT0 > Accumulable registered as "h1039"
G4WT4 > Accumulable registered as "h1074"
G4WT10 > Accumulable registered as "h1014"
G4WT4 > Accumulable registered as "h1075"
G4WT10 > Accumulable registered as "h1015"
G4WT7 > Accumulable registered as "h1079"
G4WT11 > Accumulable registered as "h1158"
G4WT7 > Accumulable registered as "h1080"
G4WT3 > Accumulable registered as "h1082"
G4WT7 > Accumulable registered as "h1081"
G4WT11 > Accumulable registered as "h1159"
G4WT8 > Accumulable registered as "h1099"
G4WT11 > Accumulable registered as "h1160"
G4WT6 > Accumulable registered as "h1283"
G4WT9 > Accumulable registered as "h1141"
G4WT6 > Accumulable registered as "h1284"
G4WT4 > Accumulable registered as "h1076"
G4WT2 > Accumulable registered as "h1028"
G4WT4 > Accumulable registered as "h1077"
G4WT5 > Accumulable registered as "h1176"
G4WT7 > Accumulable registered as "h1082"
G4WT3 > Accumulable registered as "h1083"
G4WT7 > Accumulable registered as "h1083"
G4WT1 > Accumulable registered as "h1075"
G4WT8 > Accumulable registered as "h1100"
G4WT10 > Accumulable registered as "h1016"
G4WT6 > Accumulable registered as "h1285"
G4WT10 > Accumulable registered as "h1017"
G4WT9 > Accumulable registered as "h1142"
G4WT10 > Accumulable registered as "h1018"
G4WT0 > Accumulable registered as "h1040"
G4WT5 > Accumulable registered as "h1177"
G4WT11 > Accumulable registered as "h1161"
G4WT7 > Accumulable registered as "h1084"
G4WT11 > Accumulable registered as "h1162"
G4WT3 > Accumulable registered as "h1084"
G4WT1 > Accumulable registered as "h1076"
G4WT3 > Accumulable registered as "h1085"
G4WT2 > Accumulable registered as "h1029"
G4WT6 > Accumulable registered as "h1286"
G4WT2 > Accumulable registered as "h1030"
G4WT9 > Accumulable registered as "h1143"
G4WT0 > Accumulable registered as "h1041"
G4WT9 > Accumulable registered as "h1144"
G4WT0 > Accumulable registered as "h1042"
G4WT9 > Accumulable registered as "h1145"
G4WT0 > Accumulable registered as "h1043"
G4WT7 > Accumulable registered as "h1085"
G4WT3 > Accumulable registered as "h1086"
G4WT7 > Accumulable registered as "h1086"
G4WT4 > Accumulable registered as "h1078"
G4WT7 > Accumulable registered as "h1087"
G4WT3 > Accumulable registered as "h1087"
G4WT6 > Accumulable registered as "h1287"
G4WT4 > Accumulable registered as "h1079"
G4WT11 > Accumulable registered as "h1163"
G4WT6 > Accumulable registered as "h1288"
G4WT9 > Accumulable registered as "h1146"
G4WT6 > Accumulable registered as "h1289"
G4WT0 > Accumulable registered as "h1044"
G4WT10 > Accumulable registered as "h1019"
G4WT9 > Accumulable registered as "h1147"
G4WT5 > Accumulable registered as "h1178"
G4WT3 > Accumulable registered as "h1088"
G4WT8 > Accumulable registered as "h1101"
G4WT4 > Accumulable registered as "h1080"
G4WT8 > Accumulable registered as "h1102"
G4WT4 > Accumulable registered as "h1081"
G4WT8 > Accumulable registered as "h1103"
G4WT6 > Accumulable registered as "h1290"
G4WT0 > Accumulable registered as "h1045"
G4WT6 > Accumulable registered as "h1291"
G4WT7 > Accumulable registered as "h1088"
G4WT6 > Accumulable registered as "h1292"
G4WT9 > Accumulable registered as "h1148"
G4WT7 > Accumulable registered as "h1089"
G4WT3 > Accumulable registered as "h1089"
G4WT7 > Accumulable registered as "h1090"
G4WT9 > Accumulable registered as "h1149"
G4WT11 > Accumulable registered as "h1164"
G4WT9 > Accumulable registered as "h1150"
G4WT10 > Accumulable registered as "h1020"
G4WT11 > Accumulable registered as "h1165"
G4WT0 > Accumulable registered as "h1046"
G4WT10 > Accumulable registered as "h1021"
G4WT6 > Accumulable registered as "h1293"
G4WT10 > Accumulable registered as "h1022"
G4WT1 > Accumulable registered as "h1077"
G4WT6 > Accumulable registered as "h1294"
G4WT7 > Accumulable registered as "h1091"
G4WT6 > Accumulable registered as "h1295"
G4WT9 > Accumulable registered as "h1151"
G4WT5 > Accumulable registered as "h1179"
G4WT2 > Accumulable registered as "h1031"
G4WT5 > Accumulable registered as "h1180"
G4WT2 > Accumulable registered as "h1032"
G4WT5 > Accumulable registered as "h1181"
G4WT8 > Accumulable registered as "h1104"
G4WT5 > Accumulable registered as "h1182"
G4WT3 > Accumulable registered as "h1090"
G4WT6 > Accumulable registered as "h1296"
G4WT3 > Accumulable registered as "h1091"
G4WT7 > Accumulable registered as "h1092"
G4WT3 > Accumulable registered as "h1092"
G4WT7 > Accumulable registered as "h1093"
G4WT3 > Accumulable registered as "h1093"
G4WT2 > Accumulable registered as "h1033"
G4WT10 > Accumulable registered as "h1023"
G4WT4 > Accumulable registered as "h1082"
G4WT5 > Accumulable registered as "h1183"
G4WT8 > Accumulable registered as "h1105"
G4WT5 > Accumulable registered as "h1184"
G4WT9 > Accumulable registered as "h1152"
G4WT5 > Accumulable registered as "h1185"
G4WT8 > Accumulable registered as "h1106"
G4WT11 > Accumulable registered as "h1166"
G4WT9 > Accumulable registered as "h1153"
G4WT3 > Accumulable registered as "h1094"
G4WT1 > Accumulable registered as "h1078"
G4WT10 > Accumulable registered as "h1024"
G4WT1 > Accumulable registered as "h1079"
G4WT10 > Accumulable registered as "h1025"
G4WT1 > Accumulable registered as "h1080"
G4WT0 > Accumulable registered as "h1047"
G4WT5 > Accumulable registered as "h1186"
G4WT8 > Accumulable registered as "h1107"
G4WT11 > Accumulable registered as "h1167"
G4WT9 > Accumulable registered as "h1154"
G4WT11 > Accumulable registered as "h1168"
G4WT2 > Accumulable registered as "h1034"
G4WT11 > Accumulable registered as "h1169"
G4WT9 > Accumulable registered as "h1155"
G4WT6 > Accumulable registered as "h1297"
G4WT9 > Accumulable registered as "h1156"
G4WT7 > Accumulable registered as "h1094"
G4WT9 > Accumulable registered as "h1157"
G4WT0 > Accumulable registered as "h1048"
G4WT5 > Accumulable registered as "h1187"
G4WT8 > Accumulable registered as "h1108"
G4WT0 > Accumulable registered as "h1049"
G4WT5 > Accumulable registered as "h1188"
G4WT0 > Accumulable registered as "h1050"
G4WT8 > Accumulable registered as "h1109"
G4WT5 > Accumulable registered as "h1189"
G4WT0 > Accumulable registered as "h1051"
G4WT1 > Accumulable registered as "h1081"
G4WT7 > Accumulable registered as "h1095"
G4WT9 > Accumulable registered as "h1158"
G4WT3 > Accumulable registered as "h1095"
G4WT7 > Accumulable registered as "h1096"
G4WT9 > Accumulable registered as "h1159"
G4WT11 > Accumulable registered as "h1170"
G4WT3 > Accumulable registered as "h1096"
G4WT9 > Accumulable registered as "h1160"
G4WT8 > Accumulable registered as "h1110"
G4WT0 > Accumulable registered as "h1052"
G4WT1 > Accumulable registered as "h1082"
G4WT0 > Accumulable registered as "h1053"
G4WT4 > Accumulable registered as "h1083"
G4WT7 > Accumulable registered as "h1097"
G4WT4 > Accumulable registered as "h1084"
G4WT2 > Accumulable registered as "h1035"
G4WT6 > Accumulable registered as "h1298"
G4WT5 > Accumulable registered as "h1190"
G4WT11 > Accumulable registered as "h1171"
G4WT5 > Accumulable registered as "h1191"
G4WT11 > Accumulable registered as "h1172"
G4WT10 > Accumulable registered as "h1026"
G4WT0 > Accumulable registered as "h1054"
G4WT1 > Accumulable registered as "h1083"
G4WT4 > Accumulable registered as "h1085"
G4WT7 > Accumulable registered as "h1098"
G4WT2 > Accumulable registered as "h1036"
G4WT7 > Accumulable registered as "h1099"
G4WT2 > Accumulable registered as "h1037"
G4WT7 > Accumulable registered as "h1100"
G4WT9 > Accumulable registered as "h1161"
G4WT5 > Accumulable registered as "h1192"
G4WT9 > Accumulable registered as "h1162"
G4WT11 > Accumulable registered as "h1173"
G4WT9 > Accumulable registered as "h1163"
G4WT11 > Accumulable registered as "h1174"
G4WT9 > Accumulable registered as "h1164"
G4WT4 > Accumulable registered as "h1086"
G4WT6 > Accumulable registered as "h1299"
G4WT4 > Accumulable registered as "h1087"
G4WT2 > Accumulable registered as "h1038"
G4WT8 > Accumulable registered as "h1111"
G4WT2 > Accumulable registered as "h1039"
G4WT10 > Accumulable registered as "h1027"
G4WT2 > Accumulable registered as "h1040"
G4WT0 > Accumulable registered as "h1055"
G4WT10 > Accumulable registered as "h1028"
G4WT11 > Accumulable registered as "h1175"
G4WT0 > Accumulable registered as "h1056"
G4WT11 > Accumulable registered as "h1176"
G4WT0 > Accumulable registered as "h1057"
G4WT6 > Accumulable registered as "h1300"
G4WT5 > Accumulable registered as "h1193"
G4WT8 > Accumulable registered as "h1112"
G4WT1 > Accumulable registered as "h1084"
G4WT2 > Accumulable registered as "h1041"
G4WT3 > Accumulable registered as "h1097"
G4WT10 > Accumulable registered as "h1029"
G4WT3 > Accumulable registered as "h1098"
G4WT9 > Accumulable registered as "h1165"
G4WT3 > Accumulable registered as "h1099"
G4WT11 > Accumulable registered as "h1177"
G4WT0 > Accumulable registered as "h1058"
G4WT6 > Accumulable registered as "h1301"
G4WT5 > Accumulable registered as "h1194"
G4WT6 > Accumulable registered as "h1302"
G4WT8 > Accumulable registered as "h1113"
G4WT2 > Accumulable registered as "h1042"
G4WT4 > Accumulable registered as "h1088"
G4WT10 > Accumulable registered as "h1030"
G4WT4 > Accumulable registered as "h1089"
G4WT3 > Accumulable registered as "h1100"
G4WT9 > Accumulable registered as "h1166"
G4WT3 > Accumulable registered as "h1101"
G4WT11 > Accumulable registered as "h1178"
G4WT3 > Accumulable registered as "h1102"
G4WT1 > Accumulable registered as "h1085"
G4WT11 > Accumulable registered as "h1179"
G4WT5 > Accumulable registered as "h1195"
G4WT11 > Accumulable registered as "h1180"
G4WT5 > Accumulable registered as "h1196"
G4WT7 > Accumulable registered as "h1101"
G4WT10 > Accumulable registered as "h1031"
G4WT7 > Accumulable registered as "h1102"
G4WT0 > Accumulable registered as "h1059"
G4WT7 > Accumulable registered as "h1103"
G4WT6 > Accumulable registered as "h1303"
G4WT8 > Accumulable registered as "h1114"
G4WT1 > Accumulable registered as "h1086"
G4WT2 > Accumulable registered as "h1043"
G4WT11 > Accumulable registered as "h1181"
G4WT5 > Accumulable registered as "h1197"
G4WT4 > Accumulable registered as "h1090"
G4WT9 > Accumulable registered as "h1167"
G4WT10 > Accumulable registered as "h1032"
G4WT9 > Accumulable registered as "h1168"
G4WT3 > Accumulable registered as "h1103"
G4WT9 > Accumulable registered as "h1169"
G4WT7 > Accumulable registered as "h1104"
G4WT3 > Accumulable registered as "h1104"
G4WT9 > Accumulable registered as "h1170"
G4WT1 > Accumulable registered as "h1087"
G4WT2 > Accumulable registered as "h1044"
G4WT1 > Accumulable registered as "h1088"
G4WT5 > Accumulable registered as "h1198"
G4WT0 > Accumulable registered as "h1060"
G4WT5 > Accumulable registered as "h1199"
G4WT10 > Accumulable registered as "h1033"
G4WT6 > Accumulable registered as "h1304"
G4WT8 > Accumulable registered as "h1115"
G4WT7 > Accumulable registered as "h1105"
G4WT8 > Accumulable registered as "h1116"
G4WT9 > Accumulable registered as "h1171"
G4WT11 > Accumulable registered as "h1182"
G4WT9 > Accumulable registered as "h1172"
G4WT11 > Accumulable registered as "h1183"
G4WT11 > Accumulable registered as "h1184"
G4WT11 > Accumulable registered as "h1185"
G4WT10 > Accumulable registered as "h1034"
G4WT3 > Accumulable registered as "h1105"
G4WT10 > Accumulable registered as "h1035"
G4WT6 > Accumulable registered as "h1305"
G4WT10 > Accumulable registered as "h1036"
G4WT7 > Accumulable registered as "h1106"
G4WT1 > Accumulable registered as "h1089"
G4WT2 > Accumulable registered as "h1045"
G4WT1 > Accumulable registered as "h1090"
G4WT9 > Accumulable registered as "h1173"
G4WT0 > Accumulable registered as "h1061"
G4WT5 > Accumulable registered as "h1200"
G4WT9 > Accumulable registered as "h1174"
G4WT8 > Accumulable registered as "h1117"
G4WT3 > Accumulable registered as "h1106"
G4WT8 > Accumulable registered as "h1118"
G4WT3 > Accumulable registered as "h1107"
G4WT8 > Accumulable registered as "h1119"
G4WT7 > Accumulable registered as "h1107"
G4WT2 > Accumulable registered as "h1046"
G4WT11 > Accumulable registered as "h1186"
G4WT2 > Accumulable registered as "h1047"
G4WT11 > Accumulable registered as "h1187"
G4WT2 > Accumulable registered as "h1048"
G4WT11 > Accumulable registered as "h1188"
G4WT9 > Accumulable registered as "h1175"
G4WT4 > Accumulable registered as "h1091"
G4WT9 > Accumulable registered as "h1176"
G4WT3 > Accumulable registered as "h1108"
G4WT4 > Accumulable registered as "h1092"
G4WT7 > Accumulable registered as "h1108"
G4WT0 > Accumulable registered as "h1062"
G4WT5 > Accumulable registered as "h1201"
G4WT0 > Accumulable registered as "h1063"
G4WT10 > Accumulable registered as "h1037"
G4WT5 > Accumulable registered as "h1202"
G4WT0 > Accumulable registered as "h1064"
G4WT6 > Accumulable registered as "h1306"
G4WT1 > Accumulable registered as "h1091"
G4WT9 > Accumulable registered as "h1177"
G4WT8 > Accumulable registered as "h1120"
G4WT9 > Accumulable registered as "h1178"
G4WT8 > Accumulable registered as "h1121"
G4WT9 > Accumulable registered as "h1179"
G4WT2 > Accumulable registered as "h1049"
G4WT9 > Accumulable registered as "h1180"
G4WT10 > Accumulable registered as "h1038"
G4WT0 > Accumulable registered as "h1065"
G4WT10 > Accumulable registered as "h1039"
G4WT6 > Accumulable registered as "h1307"
G4WT10 > Accumulable registered as "h1040"
G4WT1 > Accumulable registered as "h1092"
G4WT6 > Accumulable registered as "h1308"
G4WT7 > Accumulable registered as "h1109"
G4WT8 > Accumulable registered as "h1122"
G4WT1 > Accumulable registered as "h1093"
G4WT5 > Accumulable registered as "h1203"
G4WT9 > Accumulable registered as "h1181"
G4WT5 > Accumulable registered as "h1204"
G4WT0 > Accumulable registered as "h1066"
G4WT4 > Accumulable registered as "h1093"
G4WT10 > Accumulable registered as "h1041"
G4WT4 > Accumulable registered as "h1094"
G4WT10 > Accumulable registered as "h1042"
G4WT11 > Accumulable registered as "h1189"
G4WT10 > Accumulable registered as "h1043"
G4WT2 > Accumulable registered as "h1050"
G4WT11 > Accumulable registered as "h1190"
G4WT8 > Accumulable registered as "h1123"
G4WT3 > Accumulable registered as "h1109"
G4WT8 > Accumulable registered as "h1124"
G4WT0 > Accumulable registered as "h1067"
G4WT6 > Accumulable registered as "h1309"
G4WT0 > Accumulable registered as "h1068"
G4WT4 > Accumulable registered as "h1095"
G4WT1 > Accumulable registered as "h1094"
G4WT4 > Accumulable registered as "h1096"
G4WT10 > Accumulable registered as "h1044"
G4WT4 > Accumulable registered as "h1097"
G4WT2 > Accumulable registered as "h1051"
G4WT5 > Accumulable registered as "h1205"
G4WT8 > Accumulable registered as "h1125"
G4WT5 > Accumulable registered as "h1206"
G4WT3 > Accumulable registered as "h1110"
G4WT7 > Accumulable registered as "h1110"
G4WT0 > Accumulable registered as "h1069"
G4WT7 > Accumulable registered as "h1111"
G4WT11 > Accumulable registered as "h1191"
G4WT9 > Accumulable registered as "h1182"
G4WT10 > Accumulable registered as "h1045"
G4WT9 > Accumulable registered as "h1183"
G4WT11 > Accumulable registered as "h1192"
G4WT2 > Accumulable registered as "h1052"
G4WT5 > Accumulable registered as "h1207"
G4WT2 > Accumulable registered as "h1053"
G4WT6 > Accumulable registered as "h1310"
G4WT5 > Accumulable registered as "h1208"
G4WT1 > Accumulable registered as "h1095"
G4WT6 > Accumulable registered as "h1311"
G4WT0 > Accumulable registered as "h1070"
G4WT6 > Accumulable registered as "h1312"
G4WT10 > Accumulable registered as "h1046"
G4WT6 > Accumulable registered as "h1313"
G4WT8 > Accumulable registered as "h1126"
G4WT10 > Accumulable registered as "h1047"
G4WT3 > Accumulable registered as "h1111"
G4WT7 > Accumulable registered as "h1112"
G4WT3 > Accumulable registered as "h1112"
G4WT5 > Accumulable registered as "h1209"
G4WT7 > Accumulable registered as "h1113"
G4WT1 > Accumulable registered as "h1096"
G4WT7 > Accumulable registered as "h1114"
G4WT1 > Accumulable registered as "h1097"
G4WT6 > Accumulable registered as "h1314"
G4WT2 > Accumulable registered as "h1054"
G4WT6 > Accumulable registered as "h1315"
G4WT10 > Accumulable registered as "h1048"
G4WT2 > Accumulable registered as "h1055"
G4WT6 > Accumulable registered as "h1316"
G4WT3 > Accumulable registered as "h1113"
G4WT9 > Accumulable registered as "h1184"
G4WT0 > Accumulable registered as "h1071"
G4WT11 > Accumulable registered as "h1193"
G4WT7 > Accumulable registered as "h1115"
G4WT11 > Accumulable registered as "h1194"
G4WT7 > Accumulable registered as "h1116"
G4WT8 > Accumulable registered as "h1127"
G4WT7 > Accumulable registered as "h1117"
G4WT2 > Accumulable registered as "h1056"
G4WT5 > Accumulable registered as "h1210"
G4WT2 > Accumulable registered as "h1057"
G4WT6 > Accumulable registered as "h1317"
G4WT3 > Accumulable registered as "h1114"
G4WT9 > Accumulable registered as "h1185"
G4WT1 > Accumulable registered as "h1098"
G4WT9 > Accumulable registered as "h1186"
G4WT11 > Accumulable registered as "h1195"
G4WT1 > Accumulable registered as "h1099"
G4WT9 > Accumulable registered as "h1187"
G4WT4 > Accumulable registered as "h1098"
G4WT11 > Accumulable registered as "h1196"
G4WT2 > Accumulable registered as "h1058"
G4WT11 > Accumulable registered as "h1197"
G4WT0 > Accumulable registered as "h1072"
G4WT6 > Accumulable registered as "h1318"
G4WT0 > Accumulable registered as "h1073"
G4WT7 > Accumulable registered as "h1118"
G4WT0 > Accumulable registered as "h1074"
G4WT10 > Accumulable registered as "h1049"
G4WT1 > Accumulable registered as "h1100"
G4WT5 > Accumulable registered as "h1211"
G4WT1 > Accumulable registered as "h1101"
G4WT4 > Accumulable registered as "h1099"
G4WT1 > Accumulable registered as "h1102"
G4WT2 > Accumulable registered as "h1059"
G4WT1 > Accumulable registered as "h1103"
G4WT4 > Accumulable registered as "h1100"
G4WT6 > Accumulable registered as "h1319"
G4WT7 > Accumulable registered as "h1119"
G4WT9 > Accumulable registered as "h1188"
G4WT10 > Accumulable registered as "h1050"
G4WT9 > Accumulable registered as "h1189"
G4WT10 > Accumulable registered as "h1051"
G4WT5 > Accumulable registered as "h1212"
G4WT10 > Accumulable registered as "h1052"
G4WT1 > Accumulable registered as "h1104"
G4WT5 > Accumulable registered as "h1213"
G4WT2 > Accumulable registered as "h1060"
G4WT0 > Accumulable registered as "h1075"
G4WT6 > Accumulable registered as "h1320"
G4WT0 > Accumulable registered as "h1076"
G4WT6 > Accumulable registered as "h1321"
G4WT0 > Accumulable registered as "h1077"
G4WT9 > Accumulable registered as "h1190"
G4WT8 > Accumulable registered as "h1128"
G4WT10 > Accumulable registered as "h1053"
G4WT8 > Accumulable registered as "h1129"
G4WT10 > Accumulable registered as "h1054"
G4WT8 > Accumulable registered as "h1130"
G4WT10 > Accumulable registered as "h1055"
G4WT2 > Accumulable registered as "h1061"
G4WT11 > Accumulable registered as "h1198"
G4WT6 > Accumulable registered as "h1322"
G4WT0 > Accumulable registered as "h1078"
G4WT6 > Accumulable registered as "h1323"
G4WT0 > Accumulable registered as "h1079"
G4WT6 > Accumulable registered as "h1324"
G4WT1 > Accumulable registered as "h1105"
G4WT6 > Accumulable registered as "h1325"
G4WT8 > Accumulable registered as "h1131"
G4WT7 > Accumulable registered as "h1120"
G4WT10 > Accumulable registered as "h1056"
G4WT2 > Accumulable registered as "h1062"
G4WT11 > Accumulable registered as "h1199"
G4WT11 > Accumulable registered as "h1200"
G4WT3 > Accumulable registered as "h1115"
G4WT11 > Accumulable registered as "h1201"
G4WT0 > Accumulable registered as "h1080"
G4WT3 > Accumulable registered as "h1116"
G4WT4 > Accumulable registered as "h1101"
G4WT1 > Accumulable registered as "h1106"
G4WT1 > Accumulable registered as "h1107"
G4WT1 > Accumulable registered as "h1108"
G4WT1 > Accumulable registered as "h1109"
G4WT1 > Accumulable registered as "h1110"
G4WT1 > Accumulable registered as "h1111"
G4WT1 > Accumulable registered as "h1112"
G4WT1 > Accumulable registered as "h1113"
G4WT6 > Accumulable registered as "h1326"
G4WT7 > Accumulable registered as "h1121"
G4WT6 > Accumulable registered as "h1327"
G4WT10 > Accumulable registered as "h1057"
G4WT2 > Accumulable registered as "h1063"
G4WT10 > Accumulable registered as "h1058"
G4WT11 > Accumulable registered as "h1202"
G4WT3 > Accumulable registered as "h1117"
G4WT0 > Accumulable registered as "h1081"
G4WT8 > Accumulable registered as "h1132"
G4WT0 > Accumulable registered as "h1082"
G4WT4 > Accumulable registered as "h1102"
G4WT7 > Accumulable registered as "h1122"
G4WT6 > Accumulable registered as "h1328"
G4WT7 > Accumulable registered as "h1123"
G4WT9 > Accumulable registered as "h1191"
G4WT6 > Accumulable registered as "h1329"
G4WT7 > Accumulable registered as "h1124"
G4WT10 > Accumulable registered as "h1059"
G4WT7 > Accumulable registered as "h1125"
G4WT3 > Accumulable registered as "h1118"
G4WT1 > Accumulable registered as "h1114"
G4WT8 > Accumulable registered as "h1133"
G4WT3 > Accumulable registered as "h1119"
G4WT1 > Accumulable registered as "h1115"
G4WT3 > Accumulable registered as "h1120"
G4WT2 > Accumulable registered as "h1064"
G4WT6 > Accumulable registered as "h1330"
G4WT2 > Accumulable registered as "h1065"
G4WT9 > Accumulable registered as "h1192"
G4WT6 > Accumulable registered as "h1331"
G4WT0 > Accumulable registered as "h1083"
G4WT9 > Accumulable registered as "h1193"
G4WT5 > Accumulable registered as "h1214"
G4WT10 > Accumulable registered as "h1060"
G4WT5 > Accumulable registered as "h1215"
G4WT11 > Accumulable registered as "h1203"
G4WT5 > Accumulable registered as "h1216"
G4WT7 > Accumulable registered as "h1126"
G4WT11 > Accumulable registered as "h1204"
G4WT6 > Accumulable registered as "h1332"
G4WT7 > Accumulable registered as "h1127"
G4WT9 > Accumulable registered as "h1194"
G4WT6 > Accumulable registered as "h1333"
G4WT9 > Accumulable registered as "h1195"
G4WT10 > Accumulable registered as "h1061"
G4WT3 > Accumulable registered as "h1121"
G4WT2 > Accumulable registered as "h1066"
G4WT5 > Accumulable registered as "h1217"
G4WT8 > Accumulable registered as "h1134"
G4WT11 > Accumulable registered as "h1205"
G4WT8 > Accumulable registered as "h1135"
G4WT0 > Accumulable registered as "h1084"
G4WT8 > Accumulable registered as "h1136"
G4WT11 > Accumulable registered as "h1206"
G4WT8 > Accumulable registered as "h1137"
G4WT10 > Accumulable registered as "h1062"
G4WT2 > Accumulable registered as "h1067"
G4WT10 > Accumulable registered as "h1063"
G4WT3 > Accumulable registered as "h1122"
G4WT2 > Accumulable registered as "h1068"
G4WT10 > Accumulable registered as "h1064"
G4WT1 > Accumulable registered as "h1116"
G4WT4 > Accumulable registered as "h1103"
G4WT1 > Accumulable registered as "h1117"
G4WT0 > Accumulable registered as "h1085"
G4WT3 > Accumulable registered as "h1123"
G4WT8 > Accumulable registered as "h1138"
G4WT5 > Accumulable registered as "h1218"
G4WT7 > Accumulable registered as "h1128"
G4WT5 > Accumulable registered as "h1219"
G4WT7 > Accumulable registered as "h1129"
G4WT1 > Accumulable registered as "h1118"
G4WT4 > Accumulable registered as "h1104"
G4WT1 > Accumulable registered as "h1119"
G4WT11 > Accumulable registered as "h1207"
G4WT1 > Accumulable registered as "h1120"
G4WT4 > Accumulable registered as "h1105"
G4WT8 > Accumulable registered as "h1139"
G4WT2 > Accumulable registered as "h1069"
G4WT8 > Accumulable registered as "h1140"
G4WT2 > Accumulable registered as "h1070"
G4WT7 > Accumulable registered as "h1130"
G4WT0 > Accumulable registered as "h1086"
G4WT7 > Accumulable registered as "h1131"
G4WT3 > Accumulable registered as "h1124"
G4WT7 > Accumulable registered as "h1132"
G4WT4 > Accumulable registered as "h1106"
G4WT9 > Accumulable registered as "h1196"
G4WT5 > Accumulable registered as "h1220"
G4WT9 > Accumulable registered as "h1197"
G4WT8 > Accumulable registered as "h1141"
G4WT9 > Accumulable registered as "h1198"
G4WT1 > Accumulable registered as "h1121"
G4WT9 > Accumulable registered as "h1199"
G4WT10 > Accumulable registered as "h1065"
G4WT1 > Accumulable registered as "h1122"
G4WT3 > Accumulable registered as "h1125"
G4WT2 > Accumulable registered as "h1071"
G4WT3 > Accumulable registered as "h1126"
G4WT5 > Accumulable registered as "h1221"
G4WT3 > Accumulable registered as "h1127"
G4WT8 > Accumulable registered as "h1142"
G4WT5 > Accumulable registered as "h1222"
G4WT9 > Accumulable registered as "h1200"
G4WT4 > Accumulable registered as "h1107"
G4WT10 > Accumulable registered as "h1066"
G4WT4 > Accumulable registered as "h1108"
G4WT0 > Accumulable registered as "h1087"
G4WT4 > Accumulable registered as "h1109"
G4WT3 > Accumulable registered as "h1128"
G4WT7 > Accumulable registered as "h1133"
G4WT8 > Accumulable registered as "h1143"
G4WT5 > Accumulable registered as "h1223"
G4WT7 > Accumulable registered as "h1134"
G4WT9 > Accumulable registered as "h1201"
G4WT5 > Accumulable registered as "h1224"
G4WT0 > Accumulable registered as "h1088"
G4WT4 > Accumulable registered as "h1110"
G4WT3 > Accumulable registered as "h1129"
G4WT4 > Accumulable registered as "h1111"
G4WT3 > Accumulable registered as "h1130"
G4WT4 > Accumulable registered as "h1112"
G4WT2 > Accumulable registered as "h1072"
G4WT5 > Accumulable registered as "h1225"
G4WT9 > Accumulable registered as "h1202"
G4WT7 > Accumulable registered as "h1135"
G4WT9 > Accumulable registered as "h1203"
G4WT7 > Accumulable registered as "h1136"
G4WT1 > Accumulable registered as "h1123"
G4WT3 > Accumulable registered as "h1131"
G4WT10 > Accumulable registered as "h1067"
G4WT3 > Accumulable registered as "h1132"
G4WT10 > Accumulable registered as "h1068"
G4WT3 > Accumulable registered as "h1133"
G4WT5 > Accumulable registered as "h1226"
G4WT8 > Accumulable registered as "h1144"
G4WT9 > Accumulable registered as "h1204"
G4WT8 > Accumulable registered as "h1145"
G4WT9 > Accumulable registered as "h1205"
G4WT4 > Accumulable registered as "h1113"
G4WT2 > Accumulable registered as "h1073"
G4WT4 > Accumulable registered as "h1114"
G4WT10 > Accumulable registered as "h1069"
G4WT3 > Accumulable registered as "h1134"
G4WT10 > Accumulable registered as "h1070"
G4WT5 > Accumulable registered as "h1227"
G4WT1 > Accumulable registered as "h1124"
G4WT8 > Accumulable registered as "h1146"
G4WT9 > Accumulable registered as "h1206"
G4WT2 > Accumulable registered as "h1074"
G4WT9 > Accumulable registered as "h1207"
G4WT0 > Accumulable registered as "h1089"
G4WT9 > Accumulable registered as "h1208"
G4WT7 > Accumulable registered as "h1137"
G4WT0 > Accumulable registered as "h1090"
G4WT7 > Accumulable registered as "h1138"
G4WT0 > Accumulable registered as "h1091"
G4WT1 > Accumulable registered as "h1125"
G4WT8 > Accumulable registered as "h1147"
G4WT1 > Accumulable registered as "h1126"
G4WT8 > Accumulable registered as "h1148"
G4WT8 > Accumulable registered as "h1149"
G4WT5 > Accumulable registered as "h1228"
G4WT3 > Accumulable registered as "h1135"
G4WT7 > Accumulable registered as "h1139"
G4WT0 > Accumulable registered as "h1092"
G4WT7 > Accumulable registered as "h1140"
G4WT0 > Accumulable registered as "h1093"
G4WT2 > Accumulable registered as "h1075"
G4WT10 > Accumulable registered as "h1071"
G4WT9 > Accumulable registered as "h1209"
G4WT8 > Accumulable registered as "h1150"
G4WT9 > Accumulable registered as "h1210"
G4WT5 > Accumulable registered as "h1229"
G4WT8 > Accumulable registered as "h1151"
G4WT4 > Accumulable registered as "h1115"
G4WT0 > Accumulable registered as "h1094"
G4WT4 > Accumulable registered as "h1116"
G4WT0 > Accumulable registered as "h1095"
G4WT2 > Accumulable registered as "h1076"
G4WT0 > Accumulable registered as "h1096"
G4WT3 > Accumulable registered as "h1136"
G4WT0 > Accumulable registered as "h1097"
G4WT7 > Accumulable registered as "h1141"
G4WT5 > Accumulable registered as "h1230"
G4WT1 > Accumulable registered as "h1127"
G4WT4 > Accumulable registered as "h1117"
G4WT1 > Accumulable registered as "h1128"
G4WT10 > Accumulable registered as "h1072"
G4WT4 > Accumulable registered as "h1118"
G4WT9 > Accumulable registered as "h1211"
G4WT4 > Accumulable registered as "h1119"
G4WT0 > Accumulable registered as "h1098"
G4WT3 > Accumulable registered as "h1137"
G4WT0 > Accumulable registered as "h1099"
G4WT5 > Accumulable registered as "h1231"
G4WT1 > Accumulable registered as "h1129"
G4WT2 > Accumulable registered as "h1077"
G4WT10 > Accumulable registered as "h1073"
G4WT2 > Accumulable registered as "h1078"
G4WT10 > Accumulable registered as "h1074"
G4WT7 > Accumulable registered as "h1142"
G4WT10 > Accumulable registered as "h1075"
G4WT3 > Accumulable registered as "h1138"
G4WT7 > Accumulable registered as "h1143"
G4WT8 > Accumulable registered as "h1152"
G4WT3 > Accumulable registered as "h1139"
G4WT11 > Accumulable registered as "h1208"
G4WT8 > Accumulable registered as "h1153"
G4WT2 > Accumulable registered as "h1079"
G4WT1 > Accumulable registered as "h1130"
G4WT2 > Accumulable registered as "h1080"
G4WT0 > Accumulable registered as "h1100"
G4WT1 > Accumulable registered as "h1131"
G4WT5 > Accumulable registered as "h1232"
G4WT0 > Accumulable registered as "h1101"
G4WT1 > Accumulable registered as "h1132"
G4WT3 > Accumulable registered as "h1140"
G4WT5 > Accumulable registered as "h1233"
G4WT8 > Accumulable registered as "h1154"
G4WT11 > Accumulable registered as "h1209"
G4WT8 > Accumulable registered as "h1155"
G4WT7 > Accumulable registered as "h1144"
G4WT11 > Accumulable registered as "h1210"
G4WT9 > Accumulable registered as "h1212"
G4WT11 > Accumulable registered as "h1211"
G4WT1 > Accumulable registered as "h1133"
G4WT9 > Accumulable registered as "h1213"
G4WT3 > Accumulable registered as "h1141"
G4WT1 > Accumulable registered as "h1134"
G4WT10 > Accumulable registered as "h1076"
G4WT2 > Accumulable registered as "h1081"
G4WT8 > Accumulable registered as "h1156"
G4WT0 > Accumulable registered as "h1102"
G4WT2 > Accumulable registered as "h1082"
G4WT8 > Accumulable registered as "h1157"
G4WT5 > Accumulable registered as "h1234"
G4WT8 > Accumulable registered as "h1158"
G4WT5 > Accumulable registered as "h1235"
G4WT10 > Accumulable registered as "h1077"
G4WT7 > Accumulable registered as "h1145"
G4WT10 > Accumulable registered as "h1078"
G4WT1 > Accumulable registered as "h1135"
G4WT10 > Accumulable registered as "h1079"
G4WT0 > Accumulable registered as "h1103"
G4WT0 > Accumulable registered as "h1104"
G4WT4 > Accumulable registered as "h1120"
G4WT0 > Accumulable registered as "h1105"
G4WT3 > Accumulable registered as "h1142"
G4WT5 > Accumulable registered as "h1236"
G4WT3 > Accumulable registered as "h1143"
G4WT11 > Accumulable registered as "h1212"
G4WT3 > Accumulable registered as "h1144"
G4WT2 > Accumulable registered as "h1083"
G4WT1 > Accumulable registered as "h1136"
G4WT9 > Accumulable registered as "h1214"
G4WT1 > Accumulable registered as "h1137"
G4WT8 > Accumulable registered as "h1159"
G4WT0 > Accumulable registered as "h1106"
G4WT7 > Accumulable registered as "h1146"
G4WT5 > Accumulable registered as "h1237"
G4WT10 > Accumulable registered as "h1080"
G4WT5 > Accumulable registered as "h1238"
G4WT10 > Accumulable registered as "h1081"
G4WT11 > Accumulable registered as "h1213"
G4WT10 > Accumulable registered as "h1082"
G4WT1 > Accumulable registered as "h1138"
G4WT11 > Accumulable registered as "h1214"
G4WT4 > Accumulable registered as "h1121"
G4WT11 > Accumulable registered as "h1215"
G4WT0 > Accumulable registered as "h1107"
G4WT4 > Accumulable registered as "h1122"
G4WT3 > Accumulable registered as "h1145"
G4WT5 > Accumulable registered as "h1239"
G4WT3 > Accumulable registered as "h1146"
G4WT10 > Accumulable registered as "h1083"
G4WT8 > Accumulable registered as "h1160"
G4WT1 > Accumulable registered as "h1139"
G4WT7 > Accumulable registered as "h1147"
G4WT1 > Accumulable registered as "h1140"
G4WT11 > Accumulable registered as "h1216"
G4WT1 > Accumulable registered as "h1141"
G4WT4 > Accumulable registered as "h1123"
G4WT9 > Accumulable registered as "h1215"
G4WT5 > Accumulable registered as "h1240"
G4WT3 > Accumulable registered as "h1147"
G4WT5 > Accumulable registered as "h1241"
G4WT10 > Accumulable registered as "h1084"
G4WT8 > Accumulable registered as "h1161"
G4WT0 > Accumulable registered as "h1108"
G4WT8 > Accumulable registered as "h1162"
G4WT2 > Accumulable registered as "h1084"
G4WT11 > Accumulable registered as "h1217"
G4WT2 > Accumulable registered as "h1085"
G4WT4 > Accumulable registered as "h1124"
G4WT11 > Accumulable registered as "h1218"
G4WT3 > Accumulable registered as "h1148"
G4WT5 > Accumulable registered as "h1242"
G4WT3 > Accumulable registered as "h1149"
G4WT1 > Accumulable registered as "h1142"
G4WT0 > Accumulable registered as "h1109"
G4WT1 > Accumulable registered as "h1143"
G4WT0 > Accumulable registered as "h1110"
G4WT9 > Accumulable registered as "h1216"
G4WT0 > Accumulable registered as "h1111"
G4WT11 > Accumulable registered as "h1219"
G4WT10 > Accumulable registered as "h1085"
G4WT11 > Accumulable registered as "h1220"
G4WT5 > Accumulable registered as "h1243"
G4WT11 > Accumulable registered as "h1221"
G4WT8 > Accumulable registered as "h1163"
G4WT5 > Accumulable registered as "h1244"
G4WT2 > Accumulable registered as "h1086"
G4WT8 > Accumulable registered as "h1164"
G4WT7 > Accumulable registered as "h1148"
G4WT2 > Accumulable registered as "h1087"
G4WT3 > Accumulable registered as "h1150"
G4WT10 > Accumulable registered as "h1086"
G4WT1 > Accumulable registered as "h1144"
G4WT10 > Accumulable registered as "h1087"
G4WT5 > Accumulable registered as "h1245"
G4WT1 > Accumulable registered as "h1145"
G4WT9 > Accumulable registered as "h1217"
G4WT8 > Accumulable registered as "h1165"
G4WT7 > Accumulable registered as "h1149"
G4WT2 > Accumulable registered as "h1088"
G4WT8 > Accumulable registered as "h1166"
G4WT3 > Accumulable registered as "h1151"
G4WT8 > Accumulable registered as "h1167"
G4WT10 > Accumulable registered as "h1088"
G4WT3 > Accumulable registered as "h1152"
G4WT10 > Accumulable registered as "h1089"
G4WT3 > Accumulable registered as "h1153"
G4WT11 > Accumulable registered as "h1222"
G4WT0 > Accumulable registered as "h1112"
G4WT2 > Accumulable registered as "h1089"
G4WT5 > Accumulable registered as "h1246"
G4WT8 > Accumulable registered as "h1168"
G4WT1 > Accumulable registered as "h1146"
G4WT9 > Accumulable registered as "h1218"
G4WT1 > Accumulable registered as "h1147"
G4WT9 > Accumulable registered as "h1219"
G4WT1 > Accumulable registered as "h1148"
G4WT3 > Accumulable registered as "h1154"
G4WT0 > Accumulable registered as "h1113"
G4WT3 > Accumulable registered as "h1155"
G4WT2 > Accumulable registered as "h1090"
G4WT3 > Accumulable registered as "h1156"
G4WT8 > Accumulable registered as "h1169"
G4WT2 > Accumulable registered as "h1091"
G4WT7 > Accumulable registered as "h1150"
G4WT2 > Accumulable registered as "h1092"
G4WT11 > Accumulable registered as "h1223"
G4WT7 > Accumulable registered as "h1151"
G4WT5 > Accumulable registered as "h1247"
G4WT11 > Accumulable registered as "h1224"
G4WT10 > Accumulable registered as "h1090"
G4WT5 > Accumulable registered as "h1248"
G4WT9 > Accumulable registered as "h1220"
G4WT8 > Accumulable registered as "h1170"
G4WT9 > Accumulable registered as "h1221"
G4WT0 > Accumulable registered as "h1114"
G4WT7 > Accumulable registered as "h1152"
G4WT0 > Accumulable registered as "h1115"
G4WT3 > Accumulable registered as "h1157"
G4WT0 > Accumulable registered as "h1116"
G4WT5 > Accumulable registered as "h1249"
G4WT0 > Accumulable registered as "h1117"
G4WT1 > Accumulable registered as "h1149"
G4WT8 > Accumulable registered as "h1171"
G4WT1 > Accumulable registered as "h1150"
G4WT9 > Accumulable registered as "h1222"
G4WT11 > Accumulable registered as "h1225"
G4WT10 > Accumulable registered as "h1091"
G4WT3 > Accumulable registered as "h1158"
G4WT2 > Accumulable registered as "h1093"
G4WT3 > Accumulable registered as "h1159"
G4WT0 > Accumulable registered as "h1118"
G4WT3 > Accumulable registered as "h1160"
G4WT1 > Accumulable registered as "h1151"
G4WT0 > Accumulable registered as "h1119"
G4WT7 > Accumulable registered as "h1153"
G4WT0 > Accumulable registered as "h1120"
G4WT11 > Accumulable registered as "h1226"
G4WT7 > Accumulable registered as "h1154"
G4WT5 > Accumulable registered as "h1250"
G4WT11 > Accumulable registered as "h1227"
G4WT8 > Accumulable registered as "h1172"
G4WT9 > Accumulable registered as "h1223"
G4WT1 > Accumulable registered as "h1152"
G4WT9 > Accumulable registered as "h1224"
G4WT1 > Accumulable registered as "h1153"
G4WT9 > Accumulable registered as "h1225"
G4WT1 > Accumulable registered as "h1154"
G4WT7 > Accumulable registered as "h1155"
G4WT3 > Accumulable registered as "h1161"
G4WT11 > Accumulable registered as "h1228"
G4WT8 > Accumulable registered as "h1173"
G4WT11 > Accumulable registered as "h1229"
G4WT10 > Accumulable registered as "h1092"
G4WT11 > Accumulable registered as "h1230"
G4WT2 > Accumulable registered as "h1094"
G4WT9 > Accumulable registered as "h1226"
G4WT1 > Accumulable registered as "h1155"
G4WT2 > Accumulable registered as "h1095"
G4WT7 > Accumulable registered as "h1156"
G4WT3 > Accumulable registered as "h1162"
G4WT7 > Accumulable registered as "h1157"
G4WT11 > Accumulable registered as "h1231"
G4WT7 > Accumulable registered as "h1158"
G4WT10 > Accumulable registered as "h1093"
G4WT11 > Accumulable registered as "h1232"
G4WT9 > Accumulable registered as "h1227"
G4WT10 > Accumulable registered as "h1094"
G4WT0 > Accumulable registered as "h1121"
G4WT8 > Accumulable registered as "h1174"
G4WT3 > Accumulable registered as "h1163"
G4WT8 > Accumulable registered as "h1175"
G4WT7 > Accumulable registered as "h1159"
G4WT8 > Accumulable registered as "h1176"
G4WT2 > Accumulable registered as "h1096"
G4WT7 > Accumulable registered as "h1160"
G4WT1 > Accumulable registered as "h1156"
G4WT7 > Accumulable registered as "h1161"
G4WT9 > Accumulable registered as "h1228"
G4WT1 > Accumulable registered as "h1157"
G4WT3 > Accumulable registered as "h1164"
G4WT9 > Accumulable registered as "h1229"
G4WT8 > Accumulable registered as "h1177"
G4WT10 > Accumulable registered as "h1095"
G4WT2 > Accumulable registered as "h1097"
G4WT10 > Accumulable registered as "h1096"
G4WT0 > Accumulable registered as "h1122"
G4WT7 > Accumulable registered as "h1162"
G4WT1 > Accumulable registered as "h1158"
G4WT7 > Accumulable registered as "h1163"
G4WT3 > Accumulable registered as "h1165"
G4WT7 > Accumulable registered as "h1164"
G4WT3 > Accumulable registered as "h1166"
G4WT10 > Accumulable registered as "h1097"
G4WT2 > Accumulable registered as "h1098"
G4WT11 > Accumulable registered as "h1233"
G4WT0 > Accumulable registered as "h1123"
G4WT11 > Accumulable registered as "h1234"
G4WT1 > Accumulable registered as "h1159"
G4WT11 > Accumulable registered as "h1235"
G4WT8 > Accumulable registered as "h1178"
G4WT7 > Accumulable registered as "h1165"
G4WT11 > Accumulable registered as "h1236"
G4WT8 > Accumulable registered as "h1179"
G4WT11 > Accumulable registered as "h1237"
G4WT2 > Accumulable registered as "h1099"
G4WT9 > Accumulable registered as "h1230"
G4WT3 > Accumulable registered as "h1167"
G4WT2 > Accumulable registered as "h1100"
G4WT9 > Accumulable registered as "h1231"
G4WT2 > Accumulable registered as "h1101"
G4WT8 > Accumulable registered as "h1180"
G4WT9 > Accumulable registered as "h1232"
G4WT2 > Accumulable registered as "h1102"
G4WT1 > Accumulable registered as "h1160"
G4WT7 > Accumulable registered as "h1166"
G4WT1 > Accumulable registered as "h1161"
G4WT3 > Accumulable registered as "h1168"
G4WT11 > Accumulable registered as "h1238"
G4WT0 > Accumulable registered as "h1124"
G4WT8 > Accumulable registered as "h1181"
G4WT10 > Accumulable registered as "h1098"
G4WT8 > Accumulable registered as "h1182"
G4WT10 > Accumulable registered as "h1099"
G4WT8 > Accumulable registered as "h1183"
G4WT7 > Accumulable registered as "h1167"
G4WT1 > Accumulable registered as "h1162"
G4WT3 > Accumulable registered as "h1169"
G4WT7 > Accumulable registered as "h1168"
G4WT11 > Accumulable registered as "h1239"
G4WT7 > Accumulable registered as "h1169"
G4WT3 > Accumulable registered as "h1170"
G4WT2 > Accumulable registered as "h1103"
G4WT7 > Accumulable registered as "h1170"
G4WT11 > Accumulable registered as "h1240"
G4WT8 > Accumulable registered as "h1184"
G4WT7 > Accumulable registered as "h1171"
G4WT2 > Accumulable registered as "h1104"
G4WT11 > Accumulable registered as "h1241"
G4WT7 > Accumulable registered as "h1172"
G4WT2 > Accumulable registered as "h1105"
G4WT9 > Accumulable registered as "h1233"
G4WT2 > Accumulable registered as "h1106"
G4WT3 > Accumulable registered as "h1171"
G4WT9 > Accumulable registered as "h1234"
G4WT8 > Accumulable registered as "h1185"
G4WT9 > Accumulable registered as "h1235"
G4WT5 > Accumulable registered as "h1251"
G4WT8 > Accumulable registered as "h1186"
G4WT0 > Accumulable registered as "h1125"
G4WT5 > Accumulable registered as "h1252"
G4WT2 > Accumulable registered as "h1107"
G4WT11 > Accumulable registered as "h1242"
G4WT0 > Accumulable registered as "h1126"
G4WT1 > Accumulable registered as "h1163"
G4WT0 > Accumulable registered as "h1127"
G4WT0 > Accumulable registered as "h1128"
G4WT8 > Accumulable registered as "h1187"
G4WT5 > Accumulable registered as "h1253"
G4WT8 > Accumulable registered as "h1188"
G4WT3 > Accumulable registered as "h1172"
G4WT2 > Accumulable registered as "h1108"
G4WT7 > Accumulable registered as "h1173"
G4WT11 > Accumulable registered as "h1243"
G4WT2 > Accumulable registered as "h1109"
G4WT7 > Accumulable registered as "h1174"
G4WT11 > Accumulable registered as "h1244"
G4WT0 > Accumulable registered as "h1129"
G4WT5 > Accumulable registered as "h1254"
G4WT8 > Accumulable registered as "h1189"
G4WT0 > Accumulable registered as "h1130"
G4WT9 > Accumulable registered as "h1236"
G4WT0 > Accumulable registered as "h1131"
G4WT2 > Accumulable registered as "h1110"
G4WT0 > Accumulable registered as "h1132"
G4WT7 > Accumulable registered as "h1175"
G4WT11 > Accumulable registered as "h1245"
G4WT10 > Accumulable registered as "h1100"
G4WT1 > Accumulable registered as "h1164"
G4WT8 > Accumulable registered as "h1190"
G4WT1 > Accumulable registered as "h1165"
G4WT9 > Accumulable registered as "h1237"
G4WT8 > Accumulable registered as "h1191"
G4WT2 > Accumulable registered as "h1111"
G4WT3 > Accumulable registered as "h1173"
G4WT2 > Accumulable registered as "h1112"
G4WT3 > Accumulable registered as "h1174"
G4WT2 > Accumulable registered as "h1113"
G4WT10 > Accumulable registered as "h1101"
G4WT0 > Accumulable registered as "h1133"
G4WT1 > Accumulable registered as "h1166"
G4WT10 > Accumulable registered as "h1102"
G4WT7 > Accumulable registered as "h1176"
G4WT1 > Accumulable registered as "h1167"
G4WT11 > Accumulable registered as "h1246"
G4WT3 > Accumulable registered as "h1175"
G4WT11 > Accumulable registered as "h1247"
G4WT2 > Accumulable registered as "h1114"
G4WT8 > Accumulable registered as "h1192"
G4WT0 > Accumulable registered as "h1134"
G4WT9 > Accumulable registered as "h1238"
G4WT5 > Accumulable registered as "h1255"
G4WT0 > Accumulable registered as "h1135"
G4WT7 > Accumulable registered as "h1177"
G4WT0 > Accumulable registered as "h1136"
G4WT11 > Accumulable registered as "h1248"
G4WT3 > Accumulable registered as "h1176"
G4WT2 > Accumulable registered as "h1115"
G4WT11 > Accumulable registered as "h1249"
G4WT10 > Accumulable registered as "h1103"
G4WT1 > Accumulable registered as "h1168"
G4WT9 > Accumulable registered as "h1239"
G4WT5 > Accumulable registered as "h1256"
G4WT7 > Accumulable registered as "h1178"
G4WT8 > Accumulable registered as "h1193"
G4WT11 > Accumulable registered as "h1250"
G4WT8 > Accumulable registered as "h1194"
G4WT10 > Accumulable registered as "h1104"
G4WT0 > Accumulable registered as "h1137"
G4WT10 > Accumulable registered as "h1105"
G4WT4 > Accumulable registered as "h1125"
G4WT10 > Accumulable registered as "h1106"
G4WT0 > Accumulable registered as "h1138"
G4WT3 > Accumulable registered as "h1177"
G4WT0 > Accumulable registered as "h1139"
G4WT7 > Accumulable registered as "h1179"
G4WT0 > Accumulable registered as "h1140"
G4WT3 > Accumulable registered as "h1178"
G4WT8 > Accumulable registered as "h1195"
G4WT9 > Accumulable registered as "h1240"
G4WT10 > Accumulable registered as "h1107"
G4WT5 > Accumulable registered as "h1257"
G4WT4 > Accumulable registered as "h1126"
G4WT2 > Accumulable registered as "h1116"
G4WT4 > Accumulable registered as "h1127"
G4WT5 > Accumulable registered as "h1258"
G4WT11 > Accumulable registered as "h1251"
G4WT2 > Accumulable registered as "h1117"
G4WT3 > Accumulable registered as "h1179"
G4WT2 > Accumulable registered as "h1118"
G4WT8 > Accumulable registered as "h1196"
G4WT10 > Accumulable registered as "h1108"
G4WT8 > Accumulable registered as "h1197"
G4WT0 > Accumulable registered as "h1141"
G4WT10 > Accumulable registered as "h1109"
G4WT1 > Accumulable registered as "h1169"
G4WT7 > Accumulable registered as "h1180"
G4WT11 > Accumulable registered as "h1252"
G4WT9 > Accumulable registered as "h1241"
G4WT11 > Accumulable registered as "h1253"
G4WT2 > Accumulable registered as "h1119"
G4WT3 > Accumulable registered as "h1180"
G4WT9 > Accumulable registered as "h1242"
G4WT8 > Accumulable registered as "h1198"
G4WT3 > Accumulable registered as "h1181"
G4WT10 > Accumulable registered as "h1110"
G4WT3 > Accumulable registered as "h1182"
G4WT10 > Accumulable registered as "h1111"
G4WT3 > Accumulable registered as "h1183"
G4WT11 > Accumulable registered as "h1254"
G4WT2 > Accumulable registered as "h1120"
G4WT5 > Accumulable registered as "h1259"
G4WT2 > Accumulable registered as "h1121"
G4WT9 > Accumulable registered as "h1243"
G4WT2 > Accumulable registered as "h1122"
G4WT8 > Accumulable registered as "h1199"
G4WT2 > Accumulable registered as "h1123"
G4WT9 > Accumulable registered as "h1244"
G4WT10 > Accumulable registered as "h1112"
G4WT9 > Accumulable registered as "h1245"
G4WT11 > Accumulable registered as "h1255"
G4WT10 > Accumulable registered as "h1113"
G4WT0 > Accumulable registered as "h1142"
G4WT1 > Accumulable registered as "h1170"
G4WT7 > Accumulable registered as "h1181"
G4WT1 > Accumulable registered as "h1171"
G4WT8 > Accumulable registered as "h1200"
G4WT3 > Accumulable registered as "h1184"
G4WT4 > Accumulable registered as "h1128"
G4WT9 > Accumulable registered as "h1246"
G4WT5 > Accumulable registered as "h1260"
G4WT9 > Accumulable registered as "h1247"
G4WT11 > Accumulable registered as "h1256"
G4WT5 > Accumulable registered as "h1261"
G4WT0 > Accumulable registered as "h1143"
G4WT2 > Accumulable registered as "h1124"
G4WT0 > Accumulable registered as "h1144"
G4WT2 > Accumulable registered as "h1125"
G4WT0 > Accumulable registered as "h1145"
G4WT3 > Accumulable registered as "h1185"
G4WT10 > Accumulable registered as "h1114"
G4WT3 > Accumulable registered as "h1186"
G4WT9 > Accumulable registered as "h1248"
G4WT5 > Accumulable registered as "h1262"
G4WT9 > Accumulable registered as "h1249"
G4WT7 > Accumulable registered as "h1182"
G4WT9 > Accumulable registered as "h1250"
G4WT8 > Accumulable registered as "h1201"
G4WT5 > Accumulable registered as "h1263"
G4WT4 > Accumulable registered as "h1129"
G4WT8 > Accumulable registered as "h1202"
G4WT5 > Accumulable registered as "h1264"
G4WT10 > Accumulable registered as "h1115"
G4WT5 > Accumulable registered as "h1265"
G4WT1 > Accumulable registered as "h1172"
G4WT10 > Accumulable registered as "h1116"
G4WT9 > Accumulable registered as "h1251"
G4WT1 > Accumulable registered as "h1173"
G4WT3 > Accumulable registered as "h1187"
G4WT8 > Accumulable registered as "h1203"
G4WT4 > Accumulable registered as "h1130"
G4WT11 > Accumulable registered as "h1257"
G4WT4 > Accumulable registered as "h1131"
G4WT2 > Accumulable registered as "h1126"
G4WT5 > Accumulable registered as "h1266"
G4WT2 > Accumulable registered as "h1127"
G4WT5 > Accumulable registered as "h1267"
G4WT9 > Accumulable registered as "h1252"
G4WT1 > Accumulable registered as "h1174"
G4WT9 > Accumulable registered as "h1253"
G4WT3 > Accumulable registered as "h1188"
G4WT8 > Accumulable registered as "h1204"
G4WT3 > Accumulable registered as "h1189"
G4WT8 > Accumulable registered as "h1205"
G4WT10 > Accumulable registered as "h1117"
G4WT0 > Accumulable registered as "h1146"
G4WT2 > Accumulable registered as "h1128"
G4WT5 > Accumulable registered as "h1268"
G4WT2 > Accumulable registered as "h1129"
G4WT1 > Accumulable registered as "h1175"
G4WT4 > Accumulable registered as "h1132"
G4WT11 > Accumulable registered as "h1258"
G4WT7 > Accumulable registered as "h1183"
G4WT3 > Accumulable registered as "h1190"
G4WT7 > Accumulable registered as "h1184"
G4WT8 > Accumulable registered as "h1206"
G4WT10 > Accumulable registered as "h1118"
G4WT0 > Accumulable registered as "h1147"
G4WT10 > Accumulable registered as "h1119"
G4WT2 > Accumulable registered as "h1130"
G4WT10 > Accumulable registered as "h1120"
G4WT0 > Accumulable registered as "h1148"
G4WT4 > Accumulable registered as "h1133"
G4WT7 > Accumulable registered as "h1185"
G4WT3 > Accumulable registered as "h1191"
G4WT9 > Accumulable registered as "h1254"
G4WT3 > Accumulable registered as "h1192"
G4WT5 > Accumulable registered as "h1269"
G4WT1 > Accumulable registered as "h1176"
G4WT5 > Accumulable registered as "h1270"
G4WT10 > Accumulable registered as "h1121"
G4WT1 > Accumulable registered as "h1177"
G4WT2 > Accumulable registered as "h1131"
G4WT4 > Accumulable registered as "h1134"
G4WT2 > Accumulable registered as "h1132"
G4WT7 > Accumulable registered as "h1186"
G4WT8 > Accumulable registered as "h1207"
G4WT9 > Accumulable registered as "h1255"
G4WT8 > Accumulable registered as "h1208"
G4WT11 > Accumulable registered as "h1259"
G4WT5 > Accumulable registered as "h1271"
G4WT0 > Accumulable registered as "h1149"
G4WT11 > Accumulable registered as "h1260"
G4WT10 > Accumulable registered as "h1122"
G4WT11 > Accumulable registered as "h1261"
G4WT4 > Accumulable registered as "h1135"
G4WT7 > Accumulable registered as "h1187"
G4WT4 > Accumulable registered as "h1136"
G4WT9 > Accumulable registered as "h1256"
G4WT8 > Accumulable registered as "h1209"
G4WT9 > Accumulable registered as "h1257"
G4WT5 > Accumulable registered as "h1272"
G4WT9 > Accumulable registered as "h1258"
G4WT0 > Accumulable registered as "h1150"
G4WT9 > Accumulable registered as "h1259"
G4WT3 > Accumulable registered as "h1193"
G4WT4 > Accumulable registered as "h1137"
G4WT3 > Accumulable registered as "h1194"
G4WT7 > Accumulable registered as "h1188"
G4WT3 > Accumulable registered as "h1195"
G4WT2 > Accumulable registered as "h1133"
G4WT10 > Accumulable registered as "h1123"
G4WT2 > Accumulable registered as "h1134"
G4WT5 > Accumulable registered as "h1273"
G4WT10 > Accumulable registered as "h1124"
G4WT9 > Accumulable registered as "h1260"
G4WT2 > Accumulable registered as "h1135"
G4WT9 > Accumulable registered as "h1261"
G4WT2 > Accumulable registered as "h1136"
G4WT8 > Accumulable registered as "h1210"
G4WT7 > Accumulable registered as "h1189"
G4WT8 > Accumulable registered as "h1211"
G4WT11 > Accumulable registered as "h1262"
G4WT5 > Accumulable registered as "h1274"
G4WT10 > Accumulable registered as "h1125"
G4WT10 > Accumulable registered as "h1126"
G4WT4 > Accumulable registered as "h1138"
G4WT3 > Accumulable registered as "h1196"
G4WT2 > Accumulable registered as "h1137"
G4WT3 > Accumulable registered as "h1197"
G4WT2 > Accumulable registered as "h1138"
G4WT7 > Accumulable registered as "h1190"
G4WT8 > Accumulable registered as "h1212"
G4WT11 > Accumulable registered as "h1263"
G4WT5 > Accumulable registered as "h1275"
G4WT5 > Accumulable registered as "h1276"
G4WT10 > Accumulable registered as "h1127"
G4WT4 > Accumulable registered as "h1139"
G4WT9 > Accumulable registered as "h1262"
G4WT0 > Accumulable registered as "h1151"
G4WT9 > Accumulable registered as "h1263"
G4WT3 > Accumulable registered as "h1198"
G4WT9 > Accumulable registered as "h1264"
G4WT7 > Accumulable registered as "h1191"
G4WT3 > Accumulable registered as "h1199"
G4WT11 > Accumulable registered as "h1264"
G4WT3 > Accumulable registered as "h1200"
G4WT5 > Accumulable registered as "h1277"
G4WT1 > Accumulable registered as "h1178"
G4WT5 > Accumulable registered as "h1278"
G4WT1 > Accumulable registered as "h1179"
G4WT5 > Accumulable registered as "h1279"
G4WT8 > Accumulable registered as "h1213"
G4WT5 > Accumulable registered as "h1280"
G4WT7 > Accumulable registered as "h1192"
G4WT10 > Accumulable registered as "h1128"
G4WT8 > Accumulable registered as "h1214"
G4WT11 > Accumulable registered as "h1265"
G4WT2 > Accumulable registered as "h1139"
G4WT11 > Accumulable registered as "h1266"
G4WT0 > Accumulable registered as "h1152"
G4WT1 > Accumulable registered as "h1180"
G4WT9 > Accumulable registered as "h1265"
G4WT0 > Accumulable registered as "h1153"
G4WT7 > Accumulable registered as "h1193"
G4WT10 > Accumulable registered as "h1129"
G4WT7 > Accumulable registered as "h1194"
G4WT4 > Accumulable registered as "h1140"
G4WT10 > Accumulable registered as "h1130"
G4WT11 > Accumulable registered as "h1267"
G4WT4 > Accumulable registered as "h1141"
G4WT5 > Accumulable registered as "h1281"
G4WT3 > Accumulable registered as "h1201"
G4WT5 > Accumulable registered as "h1282"
G4WT0 > Accumulable registered as "h1154"
G4WT9 > Accumulable registered as "h1266"
G4WT8 > Accumulable registered as "h1215"
G4WT7 > Accumulable registered as "h1195"
G4WT9 > Accumulable registered as "h1267"
G4WT10 > Accumulable registered as "h1131"
G4WT1 > Accumulable registered as "h1181"
G4WT11 > Accumulable registered as "h1268"
G4WT10 > Accumulable registered as "h1132"
G4WT5 > Accumulable registered as "h1283"
G4WT10 > Accumulable registered as "h1133"
G4WT11 > Accumulable registered as "h1269"
G4WT10 > Accumulable registered as "h1134"
G4WT8 > Accumulable registered as "h1216"
G4WT9 > Accumulable registered as "h1268"
G4WT8 > Accumulable registered as "h1217"
G4WT10 > Accumulable registered as "h1135"
G4WT1 > Accumulable registered as "h1182"
G4WT3 > Accumulable registered as "h1202"
G4WT0 > Accumulable registered as "h1155"
G4WT2 > Accumulable registered as "h1140"
G4WT5 > Accumulable registered as "h1284"
G4WT0 > Accumulable registered as "h1156"
G4WT2 > Accumulable registered as "h1141"
G4WT4 > Accumulable registered as "h1142"
G4WT8 > Accumulable registered as "h1218"
G4WT4 > Accumulable registered as "h1143"
G4WT10 > Accumulable registered as "h1136"
G4WT1 > Accumulable registered as "h1183"
G4WT3 > Accumulable registered as "h1203"
G4WT1 > Accumulable registered as "h1184"
G4WT7 > Accumulable registered as "h1196"
G4WT1 > Accumulable registered as "h1185"
G4WT3 > Accumulable registered as "h1204"
G4WT5 > Accumulable registered as "h1285"
G4WT8 > Accumulable registered as "h1219"
G4WT5 > Accumulable registered as "h1286"
G4WT10 > Accumulable registered as "h1137"
G4WT5 > Accumulable registered as "h1287"
G4WT11 > Accumulable registered as "h1270"
G4WT10 > Accumulable registered as "h1138"
G4WT0 > Accumulable registered as "h1157"
G4WT10 > Accumulable registered as "h1139"
G4WT2 > Accumulable registered as "h1142"
G4WT10 > Accumulable registered as "h1140"
G4WT3 > Accumulable registered as "h1205"
G4WT2 > Accumulable registered as "h1143"
G4WT8 > Accumulable registered as "h1220"
G4WT2 > Accumulable registered as "h1144"
G4WT5 > Accumulable registered as "h1288"
G4WT8 > Accumulable registered as "h1221"
G4WT11 > Accumulable registered as "h1271"
G4WT7 > Accumulable registered as "h1197"
G4WT11 > Accumulable registered as "h1272"
G4WT10 > Accumulable registered as "h1141"
G4WT10 > Accumulable registered as "h1142"
G4WT3 > Accumulable registered as "h1206"
G4WT1 > Accumulable registered as "h1186"
G4WT2 > Accumulable registered as "h1145"
G4WT1 > Accumulable registered as "h1187"
G4WT2 > Accumulable registered as "h1146"
G4WT1 > Accumulable registered as "h1188"
G4WT0 > Accumulable registered as "h1158"
G4WT11 > Accumulable registered as "h1273"
G4WT7 > Accumulable registered as "h1198"
G4WT7 > Accumulable registered as "h1199"
G4WT10 > Accumulable registered as "h1143"
G4WT3 > Accumulable registered as "h1207"
G4WT5 > Accumulable registered as "h1289"
G4WT8 > Accumulable registered as "h1222"
G4WT5 > Accumulable registered as "h1290"
G4WT8 > Accumulable registered as "h1223"
G4WT5 > Accumulable registered as "h1291"
G4WT1 > Accumulable registered as "h1189"
G4WT5 > Accumulable registered as "h1292"
G4WT11 > Accumulable registered as "h1274"
G4WT5 > Accumulable registered as "h1293"
G4WT7 > Accumulable registered as "h1200"
G4WT11 > Accumulable registered as "h1275"
G4WT3 > Accumulable registered as "h1208"
G4WT4 > Accumulable registered as "h1144"
G4WT8 > Accumulable registered as "h1224"
G4WT4 > Accumulable registered as "h1145"
G4WT0 > Accumulable registered as "h1159"
G4WT4 > Accumulable registered as "h1146"
G4WT8 > Accumulable registered as "h1225"
G4WT5 > Accumulable registered as "h1294"
G4WT11 > Accumulable registered as "h1276"
G4WT7 > Accumulable registered as "h1201"
G4WT11 > Accumulable registered as "h1277"
G4WT3 > Accumulable registered as "h1209"
G4WT1 > Accumulable registered as "h1190"
G4WT10 > Accumulable registered as "h1144"
G4WT1 > Accumulable registered as "h1191"
G4WT4 > Accumulable registered as "h1147"
G4WT10 > Accumulable registered as "h1145"
G4WT4 > Accumulable registered as "h1148"
G4WT9 > Accumulable registered as "h1269"
G4WT11 > Accumulable registered as "h1278"
G4WT7 > Accumulable registered as "h1202"
G4WT3 > Accumulable registered as "h1210"
G4WT0 > Accumulable registered as "h1160"
G4WT1 > Accumulable registered as "h1192"
G4WT0 > Accumulable registered as "h1161"
G4WT8 > Accumulable registered as "h1226"
G4WT10 > Accumulable registered as "h1146"
G4WT5 > Accumulable registered as "h1295"
G4WT4 > Accumulable registered as "h1149"
G4WT5 > Accumulable registered as "h1296"
G4WT9 > Accumulable registered as "h1270"
G4WT11 > Accumulable registered as "h1279"
G4WT3 > Accumulable registered as "h1211"
G4WT11 > Accumulable registered as "h1280"
G4WT3 > Accumulable registered as "h1212"
G4WT11 > Accumulable registered as "h1281"
G4WT1 > Accumulable registered as "h1193"
G4WT10 > Accumulable registered as "h1147"
G4WT1 > Accumulable registered as "h1194"
G4WT10 > Accumulable registered as "h1148"
G4WT1 > Accumulable registered as "h1195"
G4WT10 > Accumulable registered as "h1149"
G4WT1 > Accumulable registered as "h1196"
G4WT10 > Accumulable registered as "h1150"
G4WT1 > Accumulable registered as "h1197"
G4WT8 > Accumulable registered as "h1227"
G4WT11 > Accumulable registered as "h1282"
G4WT8 > Accumulable registered as "h1228"
G4WT4 > Accumulable registered as "h1150"
G4WT5 > Accumulable registered as "h1297"
G4WT0 > Accumulable registered as "h1162"
G4WT5 > Accumulable registered as "h1298"
G4WT9 > Accumulable registered as "h1271"
G4WT0 > Accumulable registered as "h1163"
G4WT10 > Accumulable registered as "h1151"
G4WT0 > Accumulable registered as "h1164"
G4WT9 > Accumulable registered as "h1272"
G4WT0 > Accumulable registered as "h1165"
G4WT8 > Accumulable registered as "h1229"
G4WT4 > Accumulable registered as "h1151"
G4WT8 > Accumulable registered as "h1230"
G4WT3 > Accumulable registered as "h1213"
G4WT7 > Accumulable registered as "h1203"
G4WT10 > Accumulable registered as "h1152"
G4WT10 > Accumulable registered as "h1153"
G4WT11 > Accumulable registered as "h1283"
G4WT9 > Accumulable registered as "h1273"
G4WT0 > Accumulable registered as "h1166"
G4WT8 > Accumulable registered as "h1231"
G4WT5 > Accumulable registered as "h1299"
G4WT4 > Accumulable registered as "h1152"
G4WT5 > Accumulable registered as "h1300"
G4WT3 > Accumulable registered as "h1214"
G4WT1 > Accumulable registered as "h1198"
G4WT3 > Accumulable registered as "h1215"
G4WT3 > Accumulable registered as "h1216"
G4WT11 > Accumulable registered as "h1284"
G4WT9 > Accumulable registered as "h1274"
G4WT0 > Accumulable registered as "h1167"
G4WT9 > Accumulable registered as "h1275"
G4WT8 > Accumulable registered as "h1232"
G4WT0 > Accumulable registered as "h1168"
G4WT4 > Accumulable registered as "h1153"
G4WT8 > Accumulable registered as "h1233"
G4WT10 > Accumulable registered as "h1154"
G4WT1 > Accumulable registered as "h1199"
G4WT3 > Accumulable registered as "h1217"
G4WT10 > Accumulable registered as "h1155"
G4WT7 > Accumulable registered as "h1204"
G4WT9 > Accumulable registered as "h1276"
G4WT5 > Accumulable registered as "h1301"
G4WT0 > Accumulable registered as "h1169"
G4WT5 > Accumulable registered as "h1302"
G4WT4 > Accumulable registered as "h1154"
G4WT5 > Accumulable registered as "h1303"
G4WT0 > Accumulable registered as "h1170"
G4WT4 > Accumulable registered as "h1155"
G4WT5 > Accumulable registered as "h1304"
G4WT0 > Accumulable registered as "h1171"
G4WT5 > Accumulable registered as "h1305"
G4WT9 > Accumulable registered as "h1277"
G4WT5 > Accumulable registered as "h1306"
G4WT11 > Accumulable registered as "h1285"
G4WT5 > Accumulable registered as "h1307"
G4WT10 > Accumulable registered as "h1156"
G4WT3 > Accumulable registered as "h1218"
G4WT4 > Accumulable registered as "h1156"
G4WT3 > Accumulable registered as "h1219"
G4WT7 > Accumulable registered as "h1205"
G4WT4 > Accumulable registered as "h1157"
G4WT3 > Accumulable registered as "h1220"
G4WT4 > Accumulable registered as "h1158"
G4WT3 > Accumulable registered as "h1221"
G4WT4 > Accumulable registered as "h1159"
G4WT3 > Accumulable registered as "h1222"
G4WT10 > Accumulable registered as "h1157"
G4WT3 > Accumulable registered as "h1223"
G4WT11 > Accumulable registered as "h1286"
G4WT0 > Accumulable registered as "h1172"
G4WT7 > Accumulable registered as "h1206"
G4WT0 > Accumulable registered as "h1173"
G4WT5 > Accumulable registered as "h1308"
G4WT2 > Accumulable registered as "h1147"
G4WT8 > Accumulable registered as "h1234"
G4WT3 > Accumulable registered as "h1224"
G4WT10 > Accumulable registered as "h1158"
G4WT8 > Accumulable registered as "h1235"
G4WT3 > Accumulable registered as "h1225"
G4WT8 > Accumulable registered as "h1236"
G4WT10 > Accumulable registered as "h1159"
G4WT0 > Accumulable registered as "h1174"
G4WT2 > Accumulable registered as "h1148"
G4WT11 > Accumulable registered as "h1287"
G4WT1 > Accumulable registered as "h1200"
G4WT4 > Accumulable registered as "h1160"
G4WT7 > Accumulable registered as "h1207"
G4WT3 > Accumulable registered as "h1226"
G4WT8 > Accumulable registered as "h1237"
G4WT3 > Accumulable registered as "h1227"
G4WT5 > Accumulable registered as "h1309"
G4WT0 > Accumulable registered as "h1175"
G4WT5 > Accumulable registered as "h1310"
G4WT2 > Accumulable registered as "h1149"
G4WT5 > Accumulable registered as "h1311"
G4WT2 > Accumulable registered as "h1150"
G4WT7 > Accumulable registered as "h1208"
G4WT10 > Accumulable registered as "h1160"
G4WT3 > Accumulable registered as "h1228"
G4WT8 > Accumulable registered as "h1238"
G4WT3 > Accumulable registered as "h1229"
G4WT9 > Accumulable registered as "h1278"
G4WT11 > Accumulable registered as "h1288"
G4WT8 > Accumulable registered as "h1239"
G4WT1 > Accumulable registered as "h1201"
G4WT11 > Accumulable registered as "h1289"
G4WT5 > Accumulable registered as "h1312"
G4WT7 > Accumulable registered as "h1209"
G4WT10 > Accumulable registered as "h1161"
G4WT7 > Accumulable registered as "h1210"
G4WT3 > Accumulable registered as "h1230"
G4WT0 > Accumulable registered as "h1176"
G4WT9 > Accumulable registered as "h1279"
G4WT8 > Accumulable registered as "h1240"
G4WT9 > Accumulable registered as "h1280"
G4WT2 > Accumulable registered as "h1151"
G4WT8 > Accumulable registered as "h1241"
G4WT1 > Accumulable registered as "h1202"
G4WT10 > Accumulable registered as "h1162"
G4WT1 > Accumulable registered as "h1203"
G4WT10 > Accumulable registered as "h1163"
G4WT4 > Accumulable registered as "h1161"
G4WT3 > Accumulable registered as "h1231"
G4WT0 > Accumulable registered as "h1177"
G4WT11 > Accumulable registered as "h1290"
G4WT3 > Accumulable registered as "h1232"
G4WT2 > Accumulable registered as "h1152"
G4WT5 > Accumulable registered as "h1313"
G4WT2 > Accumulable registered as "h1153"
G4WT1 > Accumulable registered as "h1204"
G4WT10 > Accumulable registered as "h1164"
G4WT1 > Accumulable registered as "h1205"
G4WT4 > Accumulable registered as "h1162"
G4WT10 > Accumulable registered as "h1165"
G4WT4 > Accumulable registered as "h1163"
G4WT3 > Accumulable registered as "h1233"
G4WT8 > Accumulable registered as "h1242"
G4WT3 > Accumulable registered as "h1234"
G4WT7 > Accumulable registered as "h1211"
G4WT8 > Accumulable registered as "h1243"
G4WT2 > Accumulable registered as "h1154"
G4WT2 > Accumulable registered as "h1155"
G4WT0 > Accumulable registered as "h1178"
G4WT11 > Accumulable registered as "h1291"
G4WT10 > Accumulable registered as "h1166"
G4WT11 > Accumulable registered as "h1292"
G4WT4 > Accumulable registered as "h1164"
G4WT5 > Accumulable registered as "h1314"
G4WT3 > Accumulable registered as "h1235"
G4WT5 > Accumulable registered as "h1315"
G4WT7 > Accumulable registered as "h1212"
G4WT9 > Accumulable registered as "h1281"
G4WT7 > Accumulable registered as "h1213"
G4WT2 > Accumulable registered as "h1156"
G4WT11 > Accumulable registered as "h1293"
G4WT10 > Accumulable registered as "h1167"
G4WT11 > Accumulable registered as "h1294"
G4WT4 > Accumulable registered as "h1165"
G4WT8 > Accumulable registered as "h1244"
G4WT4 > Accumulable registered as "h1166"
G4WT5 > Accumulable registered as "h1316"
G4WT0 > Accumulable registered as "h1179"
G4WT9 > Accumulable registered as "h1282"
G4WT0 > Accumulable registered as "h1180"
G4WT2 > Accumulable registered as "h1157"
G4WT9 > Accumulable registered as "h1283"
G4WT2 > Accumulable registered as "h1158"
G4WT9 > Accumulable registered as "h1284"
G4WT11 > Accumulable registered as "h1295"
G4WT3 > Accumulable registered as "h1236"
G4WT4 > Accumulable registered as "h1167"
G4WT10 > Accumulable registered as "h1168"
G4WT5 > Accumulable registered as "h1317"
G4WT10 > Accumulable registered as "h1169"
G4WT0 > Accumulable registered as "h1181"
G4WT5 > Accumulable registered as "h1318"
G4WT9 > Accumulable registered as "h1285"
G4WT8 > Accumulable registered as "h1245"
G4WT9 > Accumulable registered as "h1286"
G4WT3 > Accumulable registered as "h1237"
G4WT7 > Accumulable registered as "h1214"
G4WT4 > Accumulable registered as "h1168"
G4WT7 > Accumulable registered as "h1215"
G4WT2 > Accumulable registered as "h1159"
G4WT7 > Accumulable registered as "h1216"
G4WT0 > Accumulable registered as "h1182"
G4WT2 > Accumulable registered as "h1160"
G4WT11 > Accumulable registered as "h1296"
G4WT0 > Accumulable registered as "h1183"
G4WT11 > Accumulable registered as "h1297"
G4WT1 > Accumulable registered as "h1206"
G4WT0 > Accumulable registered as "h1184"
G4WT10 > Accumulable registered as "h1170"
G4WT0 > Accumulable registered as "h1185"
G4WT5 > Accumulable registered as "h1319"
G4WT0 > Accumulable registered as "h1186"
G4WT5 > Accumulable registered as "h1320"
G4WT0 > Accumulable registered as "h1187"
G4WT5 > Accumulable registered as "h1321"
G4WT3 > Accumulable registered as "h1238"
G4WT11 > Accumulable registered as "h1298"
G4WT3 > Accumulable registered as "h1239"
G4WT10 > Accumulable registered as "h1171"
G4WT7 > Accumulable registered as "h1217"
G4WT9 > Accumulable registered as "h1287"
G4WT9 > Accumulable registered as "h1288"
G4WT8 > Accumulable registered as "h1246"
G4WT0 > Accumulable registered as "h1188"
G4WT5 > Accumulable registered as "h1322"
G4WT0 > Accumulable registered as "h1189"
G4WT5 > Accumulable registered as "h1323"
G4WT0 > Accumulable registered as "h1190"
G4WT11 > Accumulable registered as "h1299"
G4WT10 > Accumulable registered as "h1172"
G4WT7 > Accumulable registered as "h1218"
G4WT2 > Accumulable registered as "h1161"
G4WT9 > Accumulable registered as "h1289"
G4WT8 > Accumulable registered as "h1247"
G4WT9 > Accumulable registered as "h1290"
G4WT4 > Accumulable registered as "h1169"
G4WT3 > Accumulable registered as "h1240"
G4WT4 > Accumulable registered as "h1170"
G4WT3 > Accumulable registered as "h1241"
G4WT0 > Accumulable registered as "h1191"
G4WT11 > Accumulable registered as "h1300"
G4WT0 > Accumulable registered as "h1192"
G4WT2 > Accumulable registered as "h1162"
G4WT8 > Accumulable registered as "h1248"
G4WT9 > Accumulable registered as "h1291"
G4WT9 > Accumulable registered as "h1292"
G4WT5 > Accumulable registered as "h1324"
G4WT4 > Accumulable registered as "h1171"
G4WT3 > Accumulable registered as "h1242"
G4WT4 > Accumulable registered as "h1172"
G4WT10 > Accumulable registered as "h1173"
G4WT3 > Accumulable registered as "h1243"
G4WT11 > Accumulable registered as "h1301"
G4WT2 > Accumulable registered as "h1163"
G4WT11 > Accumulable registered as "h1302"
G4WT8 > Accumulable registered as "h1249"
G4WT11 > Accumulable registered as "h1303"
G4WT9 > Accumulable registered as "h1293"
G4WT7 > Accumulable registered as "h1219"
G4WT4 > Accumulable registered as "h1173"
G4WT7 > Accumulable registered as "h1220"
G4WT10 > Accumulable registered as "h1174"
G4WT7 > Accumulable registered as "h1221"
G4WT3 > Accumulable registered as "h1244"
G4WT10 > Accumulable registered as "h1175"
G4WT5 > Accumulable registered as "h1325"
G4WT5 > Accumulable registered as "h1326"
G4WT1 > Accumulable registered as "h1207"
G4WT8 > Accumulable registered as "h1250"
G4WT1 > Accumulable registered as "h1208"
G4WT8 > Accumulable registered as "h1251"
G4WT1 > Accumulable registered as "h1209"
G4WT7 > Accumulable registered as "h1222"
G4WT1 > Accumulable registered as "h1210"
G4WT11 > Accumulable registered as "h1304"
G4WT10 > Accumulable registered as "h1176"
G4WT5 > Accumulable registered as "h1327"
G4WT9 > Accumulable registered as "h1294"
G4WT0 > Accumulable registered as "h1193"
G4WT4 > Accumulable registered as "h1174"
G4WT0 > Accumulable registered as "h1194"
G4WT8 > Accumulable registered as "h1252"
G4WT1 > Accumulable registered as "h1211"
G4WT7 > Accumulable registered as "h1223"
G4WT1 > Accumulable registered as "h1212"
G4WT11 > Accumulable registered as "h1305"
G4WT10 > Accumulable registered as "h1177"
G4WT5 > Accumulable registered as "h1328"
G4WT9 > Accumulable registered as "h1295"
G4WT5 > Accumulable registered as "h1329"
G4WT3 > Accumulable registered as "h1245"
G4WT4 > Accumulable registered as "h1175"
G4WT0 > Accumulable registered as "h1195"
G4WT4 > Accumulable registered as "h1176"
G4WT0 > Accumulable registered as "h1196"
G4WT1 > Accumulable registered as "h1213"
G4WT11 > Accumulable registered as "h1306"
G4WT10 > Accumulable registered as "h1178"
G4WT10 > Accumulable registered as "h1179"
G4WT5 > Accumulable registered as "h1330"
G4WT8 > Accumulable registered as "h1253"
G4WT5 > Accumulable registered as "h1331"
G4WT3 > Accumulable registered as "h1246"
G4WT5 > Accumulable registered as "h1332"
G4WT2 > Accumulable registered as "h1164"
G4WT0 > Accumulable registered as "h1197"
G4WT1 > Accumulable registered as "h1214"
G4WT11 > Accumulable registered as "h1307"
G4WT9 > Accumulable registered as "h1296"
G4WT9 > Accumulable registered as "h1297"
G4WT8 > Accumulable registered as "h1254"
G4WT7 > Accumulable registered as "h1224"
G4WT4 > Accumulable registered as "h1177"
G4WT5 > Accumulable registered as "h1333"
G4WT3 > Accumulable registered as "h1247"
G4WT2 > Accumulable registered as "h1165"
G4WT0 > Accumulable registered as "h1198"
G4WT2 > Accumulable registered as "h1166"
G4WT11 > Accumulable registered as "h1308"
G4WT10 > Accumulable registered as "h1180"
G4WT11 > Accumulable registered as "h1309"
G4WT10 > Accumulable registered as "h1181"
G4WT11 > Accumulable registered as "h1310"
G4WT7 > Accumulable registered as "h1225"
G4WT11 > Accumulable registered as "h1311"
G4WT9 > Accumulable registered as "h1298"
G4WT3 > Accumulable registered as "h1248"
G4WT9 > Accumulable registered as "h1299"
G4WT8 > Accumulable registered as "h1255"
G4WT2 > Accumulable registered as "h1167"
G4WT8 > Accumulable registered as "h1256"
G4WT4 > Accumulable registered as "h1178"
G4WT1 > Accumulable registered as "h1215"
G4WT11 > Accumulable registered as "h1312"
G4WT7 > Accumulable registered as "h1226"
G4WT9 > Accumulable registered as "h1300"
G4WT7 > Accumulable registered as "h1227"
G4WT3 > Accumulable registered as "h1249"
G4WT7 > Accumulable registered as "h1228"
G4WT0 > Accumulable registered as "h1199"
G4WT8 > Accumulable registered as "h1257"
G4WT4 > Accumulable registered as "h1179"
G4WT1 > Accumulable registered as "h1216"
G4WT4 > Accumulable registered as "h1180"
G4WT9 > Accumulable registered as "h1301"
G4WT11 > Accumulable registered as "h1313"
G4WT9 > Accumulable registered as "h1302"
G4WT7 > Accumulable registered as "h1229"
G4WT1 > Accumulable registered as "h1217"
G4WT8 > Accumulable registered as "h1258"
G4WT4 > Accumulable registered as "h1181"
G4WT2 > Accumulable registered as "h1168"
G4WT11 > Accumulable registered as "h1314"
G4WT3 > Accumulable registered as "h1250"
G4WT11 > Accumulable registered as "h1315"
G4WT3 > Accumulable registered as "h1251"
G4WT11 > Accumulable registered as "h1316"
G4WT0 > Accumulable registered as "h1200"
G4WT8 > Accumulable registered as "h1259"
G4WT0 > Accumulable registered as "h1201"
G4WT4 > Accumulable registered as "h1182"
G4WT9 > Accumulable registered as "h1303"
G4WT9 > Accumulable registered as "h1304"
G4WT10 > Accumulable registered as "h1182"
G4WT7 > Accumulable registered as "h1230"
G4WT10 > Accumulable registered as "h1183"
G4WT11 > Accumulable registered as "h1317"
G4WT10 > Accumulable registered as "h1184"
G4WT0 > Accumulable registered as "h1202"
G4WT8 > Accumulable registered as "h1260"
G4WT0 > Accumulable registered as "h1203"
G4WT4 > Accumulable registered as "h1183"
G4WT0 > Accumulable registered as "h1204"
G4WT9 > Accumulable registered as "h1305"
G4WT7 > Accumulable registered as "h1231"
G4WT9 > Accumulable registered as "h1306"
G4WT2 > Accumulable registered as "h1169"
G4WT7 > Accumulable registered as "h1232"
G4WT2 > Accumulable registered as "h1170"
G4WT8 > Accumulable registered as "h1261"
G4WT1 > Accumulable registered as "h1218"
G4WT0 > Accumulable registered as "h1205"
G4WT4 > Accumulable registered as "h1184"
G4WT10 > Accumulable registered as "h1185"
G4WT9 > Accumulable registered as "h1307"
G4WT11 > Accumulable registered as "h1318"
G4WT9 > Accumulable registered as "h1308"
G4WT3 > Accumulable registered as "h1252"
G4WT11 > Accumulable registered as "h1319"
G4WT2 > Accumulable registered as "h1171"
G4WT1 > Accumulable registered as "h1219"
G4WT2 > Accumulable registered as "h1172"
G4WT0 > Accumulable registered as "h1206"
G4WT1 > Accumulable registered as "h1220"
G4WT10 > Accumulable registered as "h1186"
G4WT0 > Accumulable registered as "h1207"
G4WT9 > Accumulable registered as "h1309"
G4WT11 > Accumulable registered as "h1320"
G4WT9 > Accumulable registered as "h1310"
G4WT3 > Accumulable registered as "h1253"
G4WT4 > Accumulable registered as "h1185"
G4WT7 > Accumulable registered as "h1233"
G4WT4 > Accumulable registered as "h1186"
G4WT1 > Accumulable registered as "h1221"
G4WT4 > Accumulable registered as "h1187"
G4WT0 > Accumulable registered as "h1208"
G4WT11 > Accumulable registered as "h1321"
G4WT0 > Accumulable registered as "h1209"
G4WT9 > Accumulable registered as "h1311"
G4WT0 > Accumulable registered as "h1210"
G4WT3 > Accumulable registered as "h1254"
G4WT0 > Accumulable registered as "h1211"
G4WT3 > Accumulable registered as "h1255"
G4WT1 > Accumulable registered as "h1222"
G4WT4 > Accumulable registered as "h1188"
G4WT1 > Accumulable registered as "h1223"
G4WT2 > Accumulable registered as "h1173"
G4WT2 > Accumulable registered as "h1174"
G4WT7 > Accumulable registered as "h1234"
G4WT9 > Accumulable registered as "h1312"
G4WT10 > Accumulable registered as "h1187"
G4WT0 > Accumulable registered as "h1212"
G4WT10 > Accumulable registered as "h1188"
G4WT3 > Accumulable registered as "h1256"
G4WT11 > Accumulable registered as "h1322"
G4WT4 > Accumulable registered as "h1189"
G4WT11 > Accumulable registered as "h1323"
G4WT2 > Accumulable registered as "h1175"
G4WT7 > Accumulable registered as "h1235"
G4WT2 > Accumulable registered as "h1176"
G4WT9 > Accumulable registered as "h1313"
G4WT2 > Accumulable registered as "h1177"
G4WT0 > Accumulable registered as "h1213"
G4WT9 > Accumulable registered as "h1314"
G4WT3 > Accumulable registered as "h1257"
G4WT11 > Accumulable registered as "h1324"
G4WT3 > Accumulable registered as "h1258"
G4WT4 > Accumulable registered as "h1190"
G4WT10 > Accumulable registered as "h1189"
G4WT7 > Accumulable registered as "h1236"
G4WT4 > Accumulable registered as "h1191"
G4WT2 > Accumulable registered as "h1178"
G4WT7 > Accumulable registered as "h1237"
G4WT9 > Accumulable registered as "h1315"
G4WT2 > Accumulable registered as "h1179"
G4WT3 > Accumulable registered as "h1259"
G4WT1 > Accumulable registered as "h1224"
G4WT10 > Accumulable registered as "h1190"
G4WT0 > Accumulable registered as "h1214"
G4WT4 > Accumulable registered as "h1192"
G4WT0 > Accumulable registered as "h1215"
G4WT11 > Accumulable registered as "h1325"
G4WT0 > Accumulable registered as "h1216"
G4WT9 > Accumulable registered as "h1316"
G4WT3 > Accumulable registered as "h1260"
G4WT9 > Accumulable registered as "h1317"
G4WT1 > Accumulable registered as "h1225"
G4WT10 > Accumulable registered as "h1191"
G4WT7 > Accumulable registered as "h1238"
G4WT4 > Accumulable registered as "h1193"
G4WT7 > Accumulable registered as "h1239"
G4WT2 > Accumulable registered as "h1180"
G4WT0 > Accumulable registered as "h1217"
G4WT8 > Accumulable registered as "h1262"
G4WT3 > Accumulable registered as "h1261"
G4WT9 > Accumulable registered as "h1318"
G4WT8 > Accumulable registered as "h1263"
G4WT10 > Accumulable registered as "h1192"
G4WT11 > Accumulable registered as "h1326"
G4WT10 > Accumulable registered as "h1193"
G4WT2 > Accumulable registered as "h1181"
G4WT0 > Accumulable registered as "h1218"
G4WT1 > Accumulable registered as "h1226"
G4WT3 > Accumulable registered as "h1262"
G4WT1 > Accumulable registered as "h1227"
G4WT8 > Accumulable registered as "h1264"
G4WT1 > Accumulable registered as "h1228"
G4WT4 > Accumulable registered as "h1194"
G4WT8 > Accumulable registered as "h1265"
G4WT11 > Accumulable registered as "h1327"
G4WT10 > Accumulable registered as "h1194"
G4WT2 > Accumulable registered as "h1182"
G4WT11 > Accumulable registered as "h1328"
G4WT10 > Accumulable registered as "h1195"
G4WT11 > Accumulable registered as "h1329"
G4WT2 > Accumulable registered as "h1183"
G4WT10 > Accumulable registered as "h1196"
G4WT8 > Accumulable registered as "h1266"
G4WT0 > Accumulable registered as "h1219"
G4WT8 > Accumulable registered as "h1267"
G4WT9 > Accumulable registered as "h1319"
G4WT7 > Accumulable registered as "h1240"
G4WT9 > Accumulable registered as "h1320"
G4WT1 > Accumulable registered as "h1229"
G4WT9 > Accumulable registered as "h1321"
G4WT1 > Accumulable registered as "h1230"
G4WT9 > Accumulable registered as "h1322"
G4WT10 > Accumulable registered as "h1197"
G4WT0 > Accumulable registered as "h1220"
G4WT8 > Accumulable registered as "h1268"
G4WT0 > Accumulable registered as "h1221"
G4WT7 > Accumulable registered as "h1241"
G4WT4 > Accumulable registered as "h1195"
G4WT2 > Accumulable registered as "h1184"
G4WT1 > Accumulable registered as "h1231"
G4WT3 > Accumulable registered as "h1263"
G4WT9 > Accumulable registered as "h1323"
G4WT10 > Accumulable registered as "h1198"
G4WT9 > Accumulable registered as "h1324"
G4WT8 > Accumulable registered as "h1269"
G4WT10 > Accumulable registered as "h1199"
G4WT10 > Accumulable registered as "h1200"
G4WT2 > Accumulable registered as "h1185"
G4WT1 > Accumulable registered as "h1232"
G4WT2 > Accumulable registered as "h1186"
G4WT3 > Accumulable registered as "h1264"
G4WT2 > Accumulable registered as "h1187"
G4WT11 > Accumulable registered as "h1330"
G4WT4 > Accumulable registered as "h1196"
G4WT11 > Accumulable registered as "h1331"
G4WT8 > Accumulable registered as "h1270"
G4WT9 > Accumulable registered as "h1325"
G4WT4 > Accumulable registered as "h1197"
G4WT0 > Accumulable registered as "h1222"
G4WT7 > Accumulable registered as "h1242"
G4WT2 > Accumulable registered as "h1188"
G4WT3 > Accumulable registered as "h1265"
G4WT10 > Accumulable registered as "h1201"
G4WT11 > Accumulable registered as "h1332"
G4WT10 > Accumulable registered as "h1202"
G4WT8 > Accumulable registered as "h1271"
G4WT10 > Accumulable registered as "h1203"
G4WT4 > Accumulable registered as "h1198"
G4WT0 > Accumulable registered as "h1223"
G4WT4 > Accumulable registered as "h1199"
G4WT7 > Accumulable registered as "h1243"
G4WT2 > Accumulable registered as "h1189"
G4WT3 > Accumulable registered as "h1266"
G4WT2 > Accumulable registered as "h1190"
G4WT9 > Accumulable registered as "h1326"
G4WT8 > Accumulable registered as "h1272"
G4WT9 > Accumulable registered as "h1327"
G4WT10 > Accumulable registered as "h1204"
G4WT0 > Accumulable registered as "h1224"
G4WT4 > Accumulable registered as "h1200"
G4WT0 > Accumulable registered as "h1225"
G4WT4 > Accumulable registered as "h1201"
G4WT11 > Accumulable registered as "h1333"
G4WT4 > Accumulable registered as "h1202"
G4WT2 > Accumulable registered as "h1191"
G4WT9 > Accumulable registered as "h1328"
G4WT7 > Accumulable registered as "h1244"
G4WT9 > Accumulable registered as "h1329"
G4WT10 > Accumulable registered as "h1205"
G4WT7 > Accumulable registered as "h1245"
G4WT0 > Accumulable registered as "h1226"
G4WT3 > Accumulable registered as "h1267"
G4WT0 > Accumulable registered as "h1227"
G4WT4 > Accumulable registered as "h1203"
G4WT0 > Accumulable registered as "h1228"
G4WT4 > Accumulable registered as "h1204"
G4WT0 > Accumulable registered as "h1229"
G4WT7 > Accumulable registered as "h1246"
G4WT7 > Accumulable registered as "h1247"
G4WT2 > Accumulable registered as "h1192"
G4WT3 > Accumulable registered as "h1268"
G4WT2 > Accumulable registered as "h1193"
G4WT9 > Accumulable registered as "h1330"
G4WT10 > Accumulable registered as "h1206"
G4WT9 > Accumulable registered as "h1331"
G4WT0 > Accumulable registered as "h1230"
G4WT8 > Accumulable registered as "h1273"
G4WT7 > Accumulable registered as "h1248"
G4WT8 > Accumulable registered as "h1274"
G4WT2 > Accumulable registered as "h1194"
G4WT7 > Accumulable registered as "h1249"
G4WT4 > Accumulable registered as "h1205"
G4WT9 > Accumulable registered as "h1332"
G4WT4 > Accumulable registered as "h1206"
G4WT0 > Accumulable registered as "h1231"
G4WT9 > Accumulable registered as "h1333"
G4WT8 > Accumulable registered as "h1275"
G4WT0 > Accumulable registered as "h1232"
G4WT8 > Accumulable registered as "h1276"
G4WT2 > Accumulable registered as "h1195"
G4WT3 > Accumulable registered as "h1269"
G4WT4 > Accumulable registered as "h1207"
G4WT3 > Accumulable registered as "h1270"
G4WT7 > Accumulable registered as "h1250"
G4WT10 > Accumulable registered as "h1207"
G4WT0 > Accumulable registered as "h1233"
G4WT8 > Accumulable registered as "h1277"
G4WT0 > Accumulable registered as "h1234"
G4WT3 > Accumulable registered as "h1271"
G4WT0 > Accumulable registered as "h1235"
G4WT0 > Accumulable registered as "h1236"
G4WT2 > Accumulable registered as "h1196"
G4WT10 > Accumulable registered as "h1208"
G4WT4 > Accumulable registered as "h1208"
G4WT8 > Accumulable registered as "h1278"
G4WT4 > Accumulable registered as "h1209"
G4WT8 > Accumulable registered as "h1279"
G4WT4 > Accumulable registered as "h1210"
G4WT0 > Accumulable registered as "h1237"
G4WT10 > Accumulable registered as "h1209"
G4WT0 > Accumulable registered as "h1238"
G4WT10 > Accumulable registered as "h1210"
G4WT10 > Accumulable registered as "h1211"
G4WT8 > Accumulable registered as "h1280"
G4WT3 > Accumulable registered as "h1272"
G4WT8 > Accumulable registered as "h1281"
G4WT4 > Accumulable registered as "h1211"
G4WT7 > Accumulable registered as "h1251"
G4WT4 > Accumulable registered as "h1212"
G4WT10 > Accumulable registered as "h1212"
G4WT2 > Accumulable registered as "h1197"
G4WT10 > Accumulable registered as "h1213"
G4WT0 > Accumulable registered as "h1239"
G4WT10 > Accumulable registered as "h1214"
G4WT8 > Accumulable registered as "h1282"
G4WT0 > Accumulable registered as "h1240"
G4WT3 > Accumulable registered as "h1273"
G4WT2 > Accumulable registered as "h1198"
G4WT3 > Accumulable registered as "h1274"
G4WT7 > Accumulable registered as "h1252"
G4WT2 > Accumulable registered as "h1199"
G4WT4 > Accumulable registered as "h1213"
G4WT0 > Accumulable registered as "h1241"
G4WT4 > Accumulable registered as "h1214"
G4WT3 > Accumulable registered as "h1275"
G4WT8 > Accumulable registered as "h1283"
G4WT3 > Accumulable registered as "h1276"
G4WT8 > Accumulable registered as "h1284"
G4WT3 > Accumulable registered as "h1277"
G4WT7 > Accumulable registered as "h1253"
G4WT0 > Accumulable registered as "h1242"
G4WT8 > Accumulable registered as "h1285"
G4WT0 > Accumulable registered as "h1243"
G4WT1 > Accumulable registered as "h1233"
G4WT8 > Accumulable registered as "h1286"
G4WT0 > Accumulable registered as "h1244"
G4WT7 > Accumulable registered as "h1254"
G4WT4 > Accumulable registered as "h1215"
G4WT3 > Accumulable registered as "h1278"
G4WT4 > Accumulable registered as "h1216"
G4WT3 > Accumulable registered as "h1279"
G4WT0 > Accumulable registered as "h1245"
G4WT2 > Accumulable registered as "h1200"
G4WT1 > Accumulable registered as "h1234"
G4WT10 > Accumulable registered as "h1215"
G4WT8 > Accumulable registered as "h1287"
G4WT10 > Accumulable registered as "h1216"
G4WT4 > Accumulable registered as "h1217"
G4WT3 > Accumulable registered as "h1280"
G4WT2 > Accumulable registered as "h1201"
G4WT3 > Accumulable registered as "h1281"
G4WT7 > Accumulable registered as "h1255"
G4WT3 > Accumulable registered as "h1282"
G4WT1 > Accumulable registered as "h1235"
G4WT0 > Accumulable registered as "h1246"
G4WT1 > Accumulable registered as "h1236"
G4WT0 > Accumulable registered as "h1247"
G4WT1 > Accumulable registered as "h1237"
G4WT8 > Accumulable registered as "h1288"
G4WT3 > Accumulable registered as "h1283"
G4WT7 > Accumulable registered as "h1256"
G4WT0 > Accumulable registered as "h1248"
G4WT7 > Accumulable registered as "h1257"
G4WT0 > Accumulable registered as "h1249"
G4WT7 > Accumulable registered as "h1258"
G4WT4 > Accumulable registered as "h1218"
G4WT8 > Accumulable registered as "h1289"
G4WT3 > Accumulable registered as "h1284"
G4WT2 > Accumulable registered as "h1202"
G4WT3 > Accumulable registered as "h1285"
G4WT0 > Accumulable registered as "h1250"
G4WT7 > Accumulable registered as "h1259"
G4WT0 > Accumulable registered as "h1251"
G4WT8 > Accumulable registered as "h1290"
G4WT0 > Accumulable registered as "h1252"
G4WT4 > Accumulable registered as "h1219"
G4WT3 > Accumulable registered as "h1286"
G4WT1 > Accumulable registered as "h1238"
G4WT3 > Accumulable registered as "h1287"
G4WT1 > Accumulable registered as "h1239"
G4WT3 > Accumulable registered as "h1288"
G4WT8 > Accumulable registered as "h1291"
G4WT10 > Accumulable registered as "h1217"
G4WT4 > Accumulable registered as "h1220"
G4WT1 > Accumulable registered as "h1240"
G4WT2 > Accumulable registered as "h1203"
G4WT0 > Accumulable registered as "h1253"
G4WT3 > Accumulable registered as "h1289"
G4WT7 > Accumulable registered as "h1260"
G4WT3 > Accumulable registered as "h1290"
G4WT10 > Accumulable registered as "h1218"
G4WT4 > Accumulable registered as "h1221"
G4WT10 > Accumulable registered as "h1219"
G4WT1 > Accumulable registered as "h1241"
G4WT10 > Accumulable registered as "h1220"
G4WT0 > Accumulable registered as "h1254"
G4WT7 > Accumulable registered as "h1261"
G4WT3 > Accumulable registered as "h1291"
G4WT4 > Accumulable registered as "h1222"
G4WT2 > Accumulable registered as "h1204"
G4WT4 > Accumulable registered as "h1223"
G4WT8 > Accumulable registered as "h1292"
G4WT0 > Accumulable registered as "h1255"
G4WT8 > Accumulable registered as "h1293"
G4WT0 > Accumulable registered as "h1256"
G4WT8 > Accumulable registered as "h1294"
G4WT10 > Accumulable registered as "h1221"
G4WT2 > Accumulable registered as "h1205"
G4WT7 > Accumulable registered as "h1262"
G4WT3 > Accumulable registered as "h1292"
G4WT7 > Accumulable registered as "h1263"
G4WT3 > Accumulable registered as "h1293"
G4WT7 > Accumulable registered as "h1264"
G4WT8 > Accumulable registered as "h1295"
G4WT7 > Accumulable registered as "h1265"
G4WT8 > Accumulable registered as "h1296"
G4WT7 > Accumulable registered as "h1266"
G4WT8 > Accumulable registered as "h1297"
G4WT3 > Accumulable registered as "h1294"
G4WT2 > Accumulable registered as "h1206"
G4WT0 > Accumulable registered as "h1257"
G4WT2 > Accumulable registered as "h1207"
G4WT4 > Accumulable registered as "h1224"
G4WT10 > Accumulable registered as "h1222"
G4WT8 > Accumulable registered as "h1298"
G4WT10 > Accumulable registered as "h1223"
G4WT3 > Accumulable registered as "h1295"
G4WT10 > Accumulable registered as "h1224"
G4WT3 > Accumulable registered as "h1296"
G4WT10 > Accumulable registered as "h1225"
G4WT4 > Accumulable registered as "h1225"
G4WT0 > Accumulable registered as "h1258"
G4WT4 > Accumulable registered as "h1226"
G4WT0 > Accumulable registered as "h1259"
G4WT7 > Accumulable registered as "h1267"
G4WT0 > Accumulable registered as "h1260"
G4WT10 > Accumulable registered as "h1226"
G4WT2 > Accumulable registered as "h1208"
G4WT10 > Accumulable registered as "h1227"
G4WT4 > Accumulable registered as "h1227"
G4WT10 > Accumulable registered as "h1228"
G4WT8 > Accumulable registered as "h1299"
G4WT10 > Accumulable registered as "h1229"
G4WT7 > Accumulable registered as "h1268"
G4WT2 > Accumulable registered as "h1209"
G4WT7 > Accumulable registered as "h1269"
G4WT0 > Accumulable registered as "h1261"
G4WT7 > Accumulable registered as "h1270"
G4WT3 > Accumulable registered as "h1297"
G4WT8 > Accumulable registered as "h1300"
G4WT3 > Accumulable registered as "h1298"
G4WT4 > Accumulable registered as "h1228"
G4WT8 > Accumulable registered as "h1301"
G4WT10 > Accumulable registered as "h1230"
G4WT4 > Accumulable registered as "h1229"
G4WT7 > Accumulable registered as "h1271"
G4WT10 > Accumulable registered as "h1231"
G4WT3 > Accumulable registered as "h1299"
G4WT0 > Accumulable registered as "h1262"
G4WT8 > Accumulable registered as "h1302"
G4WT0 > Accumulable registered as "h1263"
G4WT4 > Accumulable registered as "h1230"
G4WT7 > Accumulable registered as "h1272"
G4WT10 > Accumulable registered as "h1232"
G4WT4 > Accumulable registered as "h1231"
G4WT2 > Accumulable registered as "h1210"
G4WT10 > Accumulable registered as "h1233"
G4WT0 > Accumulable registered as "h1264"
G4WT3 > Accumulable registered as "h1300"
G4WT0 > Accumulable registered as "h1265"
G4WT4 > Accumulable registered as "h1232"
G4WT3 > Accumulable registered as "h1301"
G4WT10 > Accumulable registered as "h1234"
G4WT4 > Accumulable registered as "h1233"
G4WT7 > Accumulable registered as "h1273"
G4WT4 > Accumulable registered as "h1234"
G4WT0 > Accumulable registered as "h1266"
G4WT3 > Accumulable registered as "h1302"
G4WT0 > Accumulable registered as "h1267"
G4WT8 > Accumulable registered as "h1303"
G4WT3 > Accumulable registered as "h1303"
G4WT2 > Accumulable registered as "h1211"
G4WT7 > Accumulable registered as "h1274"
G4WT2 > Accumulable registered as "h1212"
G4WT10 > Accumulable registered as "h1235"
G4WT0 > Accumulable registered as "h1268"
G4WT4 > Accumulable registered as "h1235"
G4WT10 > Accumulable registered as "h1236"
G4WT0 > Accumulable registered as "h1269"
G4WT7 > Accumulable registered as "h1275"
G4WT0 > Accumulable registered as "h1270"
G4WT3 > Accumulable registered as "h1304"
G4WT0 > Accumulable registered as "h1271"
G4WT10 > Accumulable registered as "h1237"
G4WT0 > Accumulable registered as "h1272"
G4WT2 > Accumulable registered as "h1213"
G4WT10 > Accumulable registered as "h1238"
G4WT4 > Accumulable registered as "h1236"
G4WT0 > Accumulable registered as "h1273"
G4WT8 > Accumulable registered as "h1304"
G4WT3 > Accumulable registered as "h1305"
G4WT8 > Accumulable registered as "h1305"
G4WT10 > Accumulable registered as "h1239"
G4WT8 > Accumulable registered as "h1306"
G4WT7 > Accumulable registered as "h1276"
G4WT10 > Accumulable registered as "h1240"
G4WT0 > Accumulable registered as "h1274"
G4WT3 > Accumulable registered as "h1306"
G4WT0 > Accumulable registered as "h1275"
G4WT4 > Accumulable registered as "h1237"
G4WT3 > Accumulable registered as "h1307"
G4WT2 > Accumulable registered as "h1214"
G4WT4 > Accumulable registered as "h1238"
G4WT10 > Accumulable registered as "h1241"
G4WT4 > Accumulable registered as "h1239"
G4WT0 > Accumulable registered as "h1276"
G4WT3 > Accumulable registered as "h1308"
G4WT0 > Accumulable registered as "h1277"
G4WT8 > Accumulable registered as "h1307"
G4WT0 > Accumulable registered as "h1278"
G4WT10 > Accumulable registered as "h1242"
G4WT8 > Accumulable registered as "h1308"
G4WT10 > Accumulable registered as "h1243"
G4WT3 > Accumulable registered as "h1309"
G4WT7 > Accumulable registered as "h1277"
G4WT0 > Accumulable registered as "h1279"
G4WT7 > Accumulable registered as "h1278"
G4WT4 > Accumulable registered as "h1240"
G4WT8 > Accumulable registered as "h1309"
G4WT4 > Accumulable registered as "h1241"
G4WT10 > Accumulable registered as "h1244"
G4WT4 > Accumulable registered as "h1242"
G4WT8 > Accumulable registered as "h1310"
G4WT7 > Accumulable registered as "h1279"
G4WT3 > Accumulable registered as "h1310"
G4WT0 > Accumulable registered as "h1280"
G4WT3 > Accumulable registered as "h1311"
G4WT4 > Accumulable registered as "h1243"
G4WT3 > Accumulable registered as "h1312"
G4WT10 > Accumulable registered as "h1245"
G4WT3 > Accumulable registered as "h1313"
G4WT7 > Accumulable registered as "h1280"
G4WT3 > Accumulable registered as "h1314"
G4WT8 > Accumulable registered as "h1311"
G4WT4 > Accumulable registered as "h1244"
G4WT8 > Accumulable registered as "h1312"
G4WT0 > Accumulable registered as "h1281"
G4WT8 > Accumulable registered as "h1313"
G4WT0 > Accumulable registered as "h1282"
G4WT8 > Accumulable registered as "h1314"
G4WT0 > Accumulable registered as "h1283"
G4WT4 > Accumulable registered as "h1245"
G4WT2 > Accumulable registered as "h1215"
G4WT3 > Accumulable registered as "h1315"
G4WT7 > Accumulable registered as "h1281"
G4WT8 > Accumulable registered as "h1315"
G4WT7 > Accumulable registered as "h1282"
G4WT8 > Accumulable registered as "h1316"
G4WT7 > Accumulable registered as "h1283"
G4WT8 > Accumulable registered as "h1317"
G4WT2 > Accumulable registered as "h1216"
G4WT8 > Accumulable registered as "h1318"
G4WT0 > Accumulable registered as "h1284"
G4WT10 > Accumulable registered as "h1246"
G4WT7 > Accumulable registered as "h1284"
G4WT3 > Accumulable registered as "h1316"
G4WT7 > Accumulable registered as "h1285"
G4WT4 > Accumulable registered as "h1246"
G4WT3 > Accumulable registered as "h1317"
G4WT2 > Accumulable registered as "h1217"
G4WT3 > Accumulable registered as "h1318"
G4WT4 > Accumulable registered as "h1247"
G4WT7 > Accumulable registered as "h1286"
G4WT0 > Accumulable registered as "h1285"
G4WT7 > Accumulable registered as "h1287"
G4WT10 > Accumulable registered as "h1247"
G4WT7 > Accumulable registered as "h1288"
G4WT3 > Accumulable registered as "h1319"
G4WT10 > Accumulable registered as "h1248"
G4WT4 > Accumulable registered as "h1248"
G4WT3 > Accumulable registered as "h1320"
G4WT0 > Accumulable registered as "h1286"
G4WT4 > Accumulable registered as "h1249"
G4WT7 > Accumulable registered as "h1289"
G4WT4 > Accumulable registered as "h1250"
G4WT10 > Accumulable registered as "h1249"
G4WT7 > Accumulable registered as "h1290"
G4WT3 > Accumulable registered as "h1321"
G4WT10 > Accumulable registered as "h1250"
G4WT2 > Accumulable registered as "h1218"
G4WT2 > Accumulable registered as "h1219"
G4WT7 > Accumulable registered as "h1291"
G4WT0 > Accumulable registered as "h1287"
G4WT10 > Accumulable registered as "h1251"
G4WT10 > Accumulable registered as "h1252"
G4WT3 > Accumulable registered as "h1322"
G4WT4 > Accumulable registered as "h1251"
G4WT2 > Accumulable registered as "h1220"
G4WT7 > Accumulable registered as "h1292"
G4WT2 > Accumulable registered as "h1221"
G4WT0 > Accumulable registered as "h1288"
G4WT7 > Accumulable registered as "h1293"
G4WT10 > Accumulable registered as "h1253"
G4WT7 > Accumulable registered as "h1294"
G4WT4 > Accumulable registered as "h1252"
G4WT3 > Accumulable registered as "h1323"
G4WT0 > Accumulable registered as "h1289"
G4WT2 > Accumulable registered as "h1222"
G4WT7 > Accumulable registered as "h1295"
G4WT2 > Accumulable registered as "h1223"
G4WT10 > Accumulable registered as "h1254"
G4WT7 > Accumulable registered as "h1296"
G4WT2 > Accumulable registered as "h1224"
G4WT3 > Accumulable registered as "h1324"
G4WT4 > Accumulable registered as "h1253"
G4WT3 > Accumulable registered as "h1325"
G4WT7 > Accumulable registered as "h1297"
G4WT0 > Accumulable registered as "h1290"
G4WT10 > Accumulable registered as "h1255"
G4WT0 > Accumulable registered as "h1291"
G4WT10 > Accumulable registered as "h1256"
G4WT3 > Accumulable registered as "h1326"
G4WT4 > Accumulable registered as "h1254"
G4WT3 > Accumulable registered as "h1327"
G4WT4 > Accumulable registered as "h1255"
G4WT0 > Accumulable registered as "h1292"
G4WT10 > Accumulable registered as "h1257"
G4WT7 > Accumulable registered as "h1298"
G4WT10 > Accumulable registered as "h1258"
G4WT3 > Accumulable registered as "h1328"
G4WT4 > Accumulable registered as "h1256"
G4WT3 > Accumulable registered as "h1329"
G4WT0 > Accumulable registered as "h1293"
G4WT3 > Accumulable registered as "h1330"
G4WT2 > Accumulable registered as "h1225"
G4WT4 > Accumulable registered as "h1257"
G4WT7 > Accumulable registered as "h1299"
G4WT2 > Accumulable registered as "h1226"
G4WT0 > Accumulable registered as "h1294"
G4WT7 > Accumulable registered as "h1300"
G4WT10 > Accumulable registered as "h1259"
G4WT3 > Accumulable registered as "h1331"
G4WT10 > Accumulable registered as "h1260"
G4WT2 > Accumulable registered as "h1227"
G4WT3 > Accumulable registered as "h1332"
G4WT0 > Accumulable registered as "h1295"
G4WT4 > Accumulable registered as "h1258"
G4WT7 > Accumulable registered as "h1301"
G4WT4 > Accumulable registered as "h1259"
G4WT2 > Accumulable registered as "h1228"
G4WT0 > Accumulable registered as "h1296"
G4WT2 > Accumulable registered as "h1229"
G4WT0 > Accumulable registered as "h1297"
G4WT7 > Accumulable registered as "h1302"
G4WT1 > Accumulable registered as "h1242"
G4WT10 > Accumulable registered as "h1261"
G4WT7 > Accumulable registered as "h1303"
G4WT3 > Accumulable registered as "h1333"
G4WT1 > Accumulable registered as "h1243"
G4WT0 > Accumulable registered as "h1298"
G4WT4 > Accumulable registered as "h1260"
G4WT10 > Accumulable registered as "h1262"
G4WT4 > Accumulable registered as "h1261"
G4WT2 > Accumulable registered as "h1230"
G4WT10 > Accumulable registered as "h1263"
G4WT1 > Accumulable registered as "h1244"
G4WT1 > Accumulable registered as "h1245"
G4WT7 > Accumulable registered as "h1304"
G4WT0 > Accumulable registered as "h1299"
G4WT4 > Accumulable registered as "h1262"
G4WT0 > Accumulable registered as "h1300"
G4WT4 > Accumulable registered as "h1263"
G4WT0 > Accumulable registered as "h1301"
G4WT1 > Accumulable registered as "h1246"
G4WT8 > Accumulable registered as "h1319"
G4WT1 > Accumulable registered as "h1247"
G4WT8 > Accumulable registered as "h1320"
G4WT8 > Accumulable registered as "h1321"
G4WT7 > Accumulable registered as "h1305"
G4WT0 > Accumulable registered as "h1302"
G4WT7 > Accumulable registered as "h1306"
G4WT4 > Accumulable registered as "h1264"
G4WT1 > Accumulable registered as "h1248"
G4WT8 > Accumulable registered as "h1322"
G4WT10 > Accumulable registered as "h1264"
G4WT2 > Accumulable registered as "h1231"
G4WT0 > Accumulable registered as "h1303"
G4WT7 > Accumulable registered as "h1307"
G4WT0 > Accumulable registered as "h1304"
G4WT7 > Accumulable registered as "h1308"
G4WT0 > Accumulable registered as "h1305"
G4WT10 > Accumulable registered as "h1265"
G4WT2 > Accumulable registered as "h1232"
G4WT10 > Accumulable registered as "h1266"
G4WT4 > Accumulable registered as "h1265"
G4WT10 > Accumulable registered as "h1267"
G4WT8 > Accumulable registered as "h1323"
G4WT7 > Accumulable registered as "h1309"
G4WT2 > Accumulable registered as "h1233"
G4WT7 > Accumulable registered as "h1310"
G4WT1 > Accumulable registered as "h1249"
G4WT0 > Accumulable registered as "h1306"
G4WT10 > Accumulable registered as "h1268"
G4WT4 > Accumulable registered as "h1266"
G4WT10 > Accumulable registered as "h1269"
G4WT4 > Accumulable registered as "h1267"
G4WT1 > Accumulable registered as "h1250"
G4WT8 > Accumulable registered as "h1324"
G4WT0 > Accumulable registered as "h1307"
G4WT8 > Accumulable registered as "h1325"
G4WT7 > Accumulable registered as "h1311"
G4WT8 > Accumulable registered as "h1326"
G4WT10 > Accumulable registered as "h1270"
G4WT1 > Accumulable registered as "h1251"
G4WT10 > Accumulable registered as "h1271"
G4WT1 > Accumulable registered as "h1252"
G4WT10 > Accumulable registered as "h1272"
G4WT8 > Accumulable registered as "h1327"
G4WT7 > Accumulable registered as "h1312"
G4WT8 > Accumulable registered as "h1328"
G4WT7 > Accumulable registered as "h1313"
G4WT8 > Accumulable registered as "h1329"
G4WT4 > Accumulable registered as "h1268"
G4WT10 > Accumulable registered as "h1273"
G4WT0 > Accumulable registered as "h1308"
G4WT2 > Accumulable registered as "h1234"
G4WT7 > Accumulable registered as "h1314"
G4WT2 > Accumulable registered as "h1235"
G4WT7 > Accumulable registered as "h1315"
G4WT2 > Accumulable registered as "h1236"
G4WT4 > Accumulable registered as "h1269"
G4WT2 > Accumulable registered as "h1237"
G4WT0 > Accumulable registered as "h1309"
G4WT4 > Accumulable registered as "h1270"
G4WT0 > Accumulable registered as "h1310"
G4WT4 > Accumulable registered as "h1271"
G4WT10 > Accumulable registered as "h1274"
G4WT1 > Accumulable registered as "h1253"
G4WT2 > Accumulable registered as "h1238"
G4WT10 > Accumulable registered as "h1275"
G4WT7 > Accumulable registered as "h1316"
G4WT0 > Accumulable registered as "h1311"
G4WT7 > Accumulable registered as "h1317"
G4WT0 > Accumulable registered as "h1312"
G4WT7 > Accumulable registered as "h1318"
G4WT0 > Accumulable registered as "h1313"
G4WT10 > Accumulable registered as "h1276"
G4WT8 > Accumulable registered as "h1330"
G4WT1 > Accumulable registered as "h1254"
G4WT8 > Accumulable registered as "h1331"
G4WT4 > Accumulable registered as "h1272"
G4WT7 > Accumulable registered as "h1319"
G4WT4 > Accumulable registered as "h1273"
G4WT0 > Accumulable registered as "h1314"
G4WT10 > Accumulable registered as "h1277"
G4WT4 > Accumulable registered as "h1274"
G4WT1 > Accumulable registered as "h1255"
G4WT7 > Accumulable registered as "h1320"
G4WT1 > Accumulable registered as "h1256"
G4WT2 > Accumulable registered as "h1239"
G4WT1 > Accumulable registered as "h1257"
G4WT8 > Accumulable registered as "h1332"
G4WT4 > Accumulable registered as "h1275"
G4WT8 > Accumulable registered as "h1333"
G4WT0 > Accumulable registered as "h1315"
G4WT4 > Accumulable registered as "h1276"
G4WT0 > Accumulable registered as "h1316"
G4WT4 > Accumulable registered as "h1277"
G4WT1 > Accumulable registered as "h1258"
G4WT7 > Accumulable registered as "h1321"
G4WT1 > Accumulable registered as "h1259"
G4WT0 > Accumulable registered as "h1317"
G4WT4 > Accumulable registered as "h1278"
G4WT0 > Accumulable registered as "h1318"
G4WT2 > Accumulable registered as "h1240"
G4WT10 > Accumulable registered as "h1278"
G4WT1 > Accumulable registered as "h1260"
G4WT10 > Accumulable registered as "h1279"
G4WT7 > Accumulable registered as "h1322"
G4WT4 > Accumulable registered as "h1279"
G4WT7 > Accumulable registered as "h1323"
G4WT2 > Accumulable registered as "h1241"
G4WT0 > Accumulable registered as "h1319"
G4WT1 > Accumulable registered as "h1261"
G4WT7 > Accumulable registered as "h1324"
G4WT2 > Accumulable registered as "h1242"
G4WT10 > Accumulable registered as "h1280"
G4WT4 > Accumulable registered as "h1280"
G4WT10 > Accumulable registered as "h1281"
G4WT1 > Accumulable registered as "h1262"
G4WT0 > Accumulable registered as "h1320"
G4WT2 > Accumulable registered as "h1243"
G4WT0 > Accumulable registered as "h1321"
G4WT4 > Accumulable registered as "h1281"
G4WT7 > Accumulable registered as "h1325"
G4WT1 > Accumulable registered as "h1263"
G4WT7 > Accumulable registered as "h1326"
G4WT10 > Accumulable registered as "h1282"
G4WT2 > Accumulable registered as "h1244"
G4WT0 > Accumulable registered as "h1322"
G4WT1 > Accumulable registered as "h1264"
G4WT7 > Accumulable registered as "h1327"
G4WT4 > Accumulable registered as "h1282"
G4WT7 > Accumulable registered as "h1328"
G4WT10 > Accumulable registered as "h1283"
G4WT7 > Accumulable registered as "h1329"
G4WT1 > Accumulable registered as "h1265"
G4WT7 > Accumulable registered as "h1330"
G4WT4 > Accumulable registered as "h1283"
G4WT2 > Accumulable registered as "h1245"
G4WT4 > Accumulable registered as "h1284"
G4WT2 > Accumulable registered as "h1246"
G4WT10 > Accumulable registered as "h1284"
G4WT0 > Accumulable registered as "h1323"
G4WT7 > Accumulable registered as "h1331"
G4WT0 > Accumulable registered as "h1324"
G4WT7 > Accumulable registered as "h1332"
G4WT0 > Accumulable registered as "h1325"
G4WT2 > Accumulable registered as "h1247"
G4WT1 > Accumulable registered as "h1266"
G4WT4 > Accumulable registered as "h1285"
G4WT7 > Accumulable registered as "h1333"
G4WT4 > Accumulable registered as "h1286"
G4WT10 > Accumulable registered as "h1285"
G4WT4 > Accumulable registered as "h1287"
G4WT2 > Accumulable registered as "h1248"
G4WT0 > Accumulable registered as "h1326"
G4WT2 > Accumulable registered as "h1249"
G4WT1 > Accumulable registered as "h1267"
G4WT0 > Accumulable registered as "h1327"
G4WT4 > Accumulable registered as "h1288"
G4WT10 > Accumulable registered as "h1286"
G4WT1 > Accumulable registered as "h1268"
G4WT0 > Accumulable registered as "h1328"
G4WT10 > Accumulable registered as "h1287"
G4WT1 > Accumulable registered as "h1269"
G4WT0 > Accumulable registered as "h1329"
G4WT4 > Accumulable registered as "h1289"
G4WT2 > Accumulable registered as "h1250"
G4WT10 > Accumulable registered as "h1288"
G4WT2 > Accumulable registered as "h1251"
G4WT0 > Accumulable registered as "h1330"
G4WT10 > Accumulable registered as "h1289"
G4WT4 > Accumulable registered as "h1290"
G4WT1 > Accumulable registered as "h1270"
G4WT2 > Accumulable registered as "h1252"
G4WT1 > Accumulable registered as "h1271"
G4WT0 > Accumulable registered as "h1331"
G4WT2 > Accumulable registered as "h1253"
G4WT4 > Accumulable registered as "h1291"
G4WT1 > Accumulable registered as "h1272"
G4WT4 > Accumulable registered as "h1292"
G4WT1 > Accumulable registered as "h1273"
G4WT2 > Accumulable registered as "h1254"
G4WT1 > Accumulable registered as "h1274"
G4WT10 > Accumulable registered as "h1290"
G4WT2 > Accumulable registered as "h1255"
G4WT0 > Accumulable registered as "h1332"
G4WT10 > Accumulable registered as "h1291"
G4WT4 > Accumulable registered as "h1293"
G4WT2 > Accumulable registered as "h1256"
G4WT4 > Accumulable registered as "h1294"
G4WT1 > Accumulable registered as "h1275"
G4WT4 > Accumulable registered as "h1295"
G4WT1 > Accumulable registered as "h1276"
G4WT0 > Accumulable registered as "h1333"
G4WT1 > Accumulable registered as "h1277"
G4WT10 > Accumulable registered as "h1292"
G4WT2 > Accumulable registered as "h1257"
G4WT10 > Accumulable registered as "h1293"
G4WT4 > Accumulable registered as "h1296"
G4WT2 > Accumulable registered as "h1258"
G4WT1 > Accumulable registered as "h1278"
G4WT10 > Accumulable registered as "h1294"
G4WT2 > Accumulable registered as "h1259"
G4WT10 > Accumulable registered as "h1295"
G4WT2 > Accumulable registered as "h1260"
G4WT1 > Accumulable registered as "h1279"
G4WT10 > Accumulable registered as "h1296"
G4WT2 > Accumulable registered as "h1261"
G4WT4 > Accumulable registered as "h1297"
G4WT10 > Accumulable registered as "h1297"
G4WT4 > Accumulable registered as "h1298"
G4WT10 > Accumulable registered as "h1298"
G4WT4 > Accumulable registered as "h1299"
G4WT1 > Accumulable registered as "h1280"
G4WT10 > Accumulable registered as "h1299"
G4WT1 > Accumulable registered as "h1281"
G4WT2 > Accumulable registered as "h1262"
G4WT10 > Accumulable registered as "h1300"
G4WT1 > Accumulable registered as "h1282"
G4WT10 > Accumulable registered as "h1301"
G4WT2 > Accumulable registered as "h1263"
G4WT10 > Accumulable registered as "h1302"
G4WT1 > Accumulable registered as "h1283"
G4WT1 > Accumulable registered as "h1284"
G4WT2 > Accumulable registered as "h1264"
G4WT10 > Accumulable registered as "h1303"
G4WT10 > Accumulable registered as "h1304"
G4WT1 > Accumulable registered as "h1285"
G4WT2 > Accumulable registered as "h1265"
G4WT2 > Accumulable registered as "h1266"
G4WT10 > Accumulable registered as "h1305"
G4WT4 > Accumulable registered as "h1300"
G4WT10 > Accumulable registered as "h1306"
G4WT2 > Accumulable registered as "h1267"
G4WT10 > Accumulable registered as "h1307"
G4WT1 > Accumulable registered as "h1286"
G4WT10 > Accumulable registered as "h1308"
G4WT4 > Accumulable registered as "h1301"
G4WT1 > Accumulable registered as "h1287"
G4WT2 > Accumulable registered as "h1268"
G4WT4 > Accumulable registered as "h1302"
G4WT1 > Accumulable registered as "h1288"
G4WT2 > Accumulable registered as "h1269"
G4WT4 > Accumulable registered as "h1303"
G4WT1 > Accumulable registered as "h1289"
G4WT4 > Accumulable registered as "h1304"
G4WT2 > Accumulable registered as "h1270"
G4WT4 > Accumulable registered as "h1305"
G4WT1 > Accumulable registered as "h1290"
G4WT2 > Accumulable registered as "h1271"
G4WT4 > Accumulable registered as "h1306"
G4WT1 > Accumulable registered as "h1291"
G4WT2 > Accumulable registered as "h1272"
G4WT4 > Accumulable registered as "h1307"
G4WT2 > Accumulable registered as "h1273"
G4WT4 > Accumulable registered as "h1308"
G4WT1 > Accumulable registered as "h1292"
G4WT2 > Accumulable registered as "h1274"
G4WT4 > Accumulable registered as "h1309"
G4WT1 > Accumulable registered as "h1293"
G4WT2 > Accumulable registered as "h1275"
G4WT4 > Accumulable registered as "h1310"
G4WT1 > Accumulable registered as "h1294"
G4WT2 > Accumulable registered as "h1276"
G4WT4 > Accumulable registered as "h1311"
G4WT1 > Accumulable registered as "h1295"
G4WT2 > Accumulable registered as "h1277"
G4WT4 > Accumulable registered as "h1312"
G4WT1 > Accumulable registered as "h1296"
G4WT2 > Accumulable registered as "h1278"
G4WT4 > Accumulable registered as "h1313"
G4WT1 > Accumulable registered as "h1297"
G4WT2 > Accumulable registered as "h1279"
G4WT4 > Accumulable registered as "h1314"
G4WT1 > Accumulable registered as "h1298"
G4WT2 > Accumulable registered as "h1280"
G4WT4 > Accumulable registered as "h1315"
G4WT1 > Accumulable registered as "h1299"
G4WT2 > Accumulable registered as "h1281"
G4WT4 > Accumulable registered as "h1316"
G4WT1 > Accumulable registered as "h1300"
G4WT2 > Accumulable registered as "h1282"
G4WT4 > Accumulable registered as "h1317"
G4WT1 > Accumulable registered as "h1301"
G4WT2 > Accumulable registered as "h1283"
G4WT4 > Accumulable registered as "h1318"
G4WT1 > Accumulable registered as "h1302"
G4WT2 > Accumulable registered as "h1284"
G4WT4 > Accumulable registered as "h1319"
G4WT1 > Accumulable registered as "h1303"
G4WT2 > Accumulable registered as "h1285"
G4WT4 > Accumulable registered as "h1320"
G4WT1 > Accumulable registered as "h1304"
G4WT2 > Accumulable registered as "h1286"
G4WT4 > Accumulable registered as "h1321"
G4WT1 > Accumulable registered as "h1305"
G4WT2 > Accumulable registered as "h1287"
G4WT4 > Accumulable registered as "h1322"
G4WT1 > Accumulable registered as "h1306"
G4WT2 > Accumulable registered as "h1288"
G4WT4 > Accumulable registered as "h1323"
G4WT1 > Accumulable registered as "h1307"
G4WT2 > Accumulable registered as "h1289"
G4WT4 > Accumulable registered as "h1324"
G4WT1 > Accumulable registered as "h1308"
G4WT2 > Accumulable registered as "h1290"
G4WT4 > Accumulable registered as "h1325"
G4WT1 > Accumulable registered as "h1309"
G4WT2 > Accumulable registered as "h1291"
G4WT4 > Accumulable registered as "h1326"
G4WT1 > Accumulable registered as "h1310"
G4WT2 > Accumulable registered as "h1292"
G4WT4 > Accumulable registered as "h1327"
G4WT1 > Accumulable registered as "h1311"
G4WT2 > Accumulable registered as "h1293"
G4WT4 > Accumulable registered as "h1328"
G4WT1 > Accumulable registered as "h1312"
G4WT2 > Accumulable registered as "h1294"
G4WT4 > Accumulable registered as "h1329"
G4WT1 > Accumulable registered as "h1313"
G4WT2 > Accumulable registered as "h1295"
G4WT4 > Accumulable registered as "h1330"
G4WT1 > Accumulable registered as "h1314"
G4WT2 > Accumulable registered as "h1296"
G4WT4 > Accumulable registered as "h1331"
G4WT1 > Accumulable registered as "h1315"
G4WT2 > Accumulable registered as "h1297"
G4WT4 > Accumulable registered as "h1332"
G4WT1 > Accumulable registered as "h1316"
G4WT2 > Accumulable registered as "h1298"
G4WT1 > Accumulable registered as "h1317"
G4WT4 > Accumulable registered as "h1333"
G4WT1 > Accumulable registered as "h1318"
G4WT2 > Accumulable registered as "h1299"
G4WT1 > Accumulable registered as "h1319"
G4WT2 > Accumulable registered as "h1300"
G4WT1 > Accumulable registered as "h1320"
G4WT2 > Accumulable registered as "h1301"
G4WT1 > Accumulable registered as "h1321"
G4WT2 > Accumulable registered as "h1302"
G4WT1 > Accumulable registered as "h1322"
G4WT2 > Accumulable registered as "h1303"
G4WT1 > Accumulable registered as "h1323"
G4WT2 > Accumulable registered as "h1304"
G4WT1 > Accumulable registered as "h1324"
G4WT2 > Accumulable registered as "h1305"
G4WT1 > Accumulable registered as "h1325"
G4WT2 > Accumulable registered as "h1306"
G4WT1 > Accumulable registered as "h1326"
G4WT2 > Accumulable registered as "h1307"
G4WT1 > Accumulable registered as "h1327"
G4WT2 > Accumulable registered as "h1308"
G4WT1 > Accumulable registered as "h1328"
G4WT2 > Accumulable registered as "h1309"
G4WT1 > Accumulable registered as "h1329"
G4WT2 > Accumulable registered as "h1310"
G4WT1 > Accumulable registered as "h1330"
G4WT2 > Accumulable registered as "h1311"
G4WT1 > Accumulable registered as "h1331"
G4WT2 > Accumulable registered as "h1312"
G4WT1 > Accumulable registered as "h1332"
G4WT2 > Accumulable registered as "h1313"
G4WT1 > Accumulable registered as "h1333"
G4WT2 > Accumulable registered as "h1314"
G4WT2 > Accumulable registered as "h1315"
G4WT2 > Accumulable registered as "h1316"
G4WT2 > Accumulable registered as "h1317"
G4WT2 > Accumulable registered as "h1318"
G4WT2 > Accumulable registered as "h1319"
G4WT2 > Accumulable registered as "h1320"
G4WT2 > Accumulable registered as "h1321"
G4WT2 > Accumulable registered as "h1322"
G4WT2 > Accumulable registered as "h1323"
G4WT2 > Accumulable registered as "h1324"
G4WT2 > Accumulable registered as "h1325"
G4WT2 > Accumulable registered as "h1326"
G4WT2 > Accumulable registered as "h1327"
G4WT2 > Accumulable registered as "h1328"
G4WT2 > Accumulable registered as "h1329"
G4WT2 > Accumulable registered as "h1330"
G4WT2 > Accumulable registered as "h1331"
G4WT2 > Accumulable registered as "h1332"
G4WT2 > Accumulable registered as "h1333"
G4WT10 > Accumulable registered as "h1309"
G4WT10 > Accumulable registered as "h1310"
G4WT10 > Accumulable registered as "h1311"
G4WT10 > Accumulable registered as "h1312"
G4WT10 > Accumulable registered as "h1313"
G4WT10 > Accumulable registered as "h1314"
G4WT10 > Accumulable registered as "h1315"
G4WT10 > Accumulable registered as "h1316"
G4WT10 > Accumulable registered as "h1317"
G4WT10 > Accumulable registered as "h1318"
G4WT10 > Accumulable registered as "h1319"
G4WT10 > Accumulable registered as "h1320"
G4WT10 > Accumulable registered as "h1321"
G4WT10 > Accumulable registered as "h1322"
G4WT10 > Accumulable registered as "h1323"
G4WT10 > Accumulable registered as "h1324"
G4WT10 > Accumulable registered as "h1325"
G4WT10 > Accumulable registered as "h1326"
G4WT10 > Accumulable registered as "h1327"
G4WT10 > Accumulable registered as "h1328"
G4WT10 > Accumulable registered as "h1329"
G4WT10 > Accumulable registered as "h1330"
G4WT10 > Accumulable registered as "h1331"
G4WT10 > Accumulable registered as "h1332"
G4WT10 > Accumulable registered as "h1333"
RESULT decays=8000000
RESULT any=828664 eps_total=1.035830e-01
RESULT window=1332.500 counts=267383 eps=3.342287e-02
HISTBEGIN bins=1334 bin_kev=1.000000 decays=8000000
HIST 0 113
HIST 1 357
HIST 2 406
HIST 3 390
HIST 4 413
HIST 5 485
HIST 6 411
HIST 7 484
HIST 8 416
HIST 9 467
HIST 10 460
HIST 11 441
HIST 12 474
HIST 13 443
HIST 14 465
HIST 15 446
HIST 16 496
HIST 17 473
HIST 18 497
HIST 19 498
HIST 20 476
HIST 21 475
HIST 22 499
HIST 23 528
HIST 24 526
HIST 25 499
HIST 26 481
HIST 27 490
HIST 28 480
HIST 29 474
HIST 30 535
HIST 31 474
HIST 32 475
HIST 33 477
HIST 34 508
HIST 35 471
HIST 36 472
HIST 37 493
HIST 38 501
HIST 39 513
HIST 40 464
HIST 41 504
HIST 42 469
HIST 43 508
HIST 44 482
HIST 45 499
HIST 46 518
HIST 47 474
HIST 48 501
HIST 49 488
HIST 50 408
HIST 51 464
HIST 52 507
HIST 53 516
HIST 54 462
HIST 55 446
HIST 56 458
HIST 57 462
HIST 58 489
HIST 59 489
HIST 60 491
HIST 61 433
HIST 62 497
HIST 63 453
HIST 64 487
HIST 65 453
HIST 66 439
HIST 67 479
HIST 68 417
HIST 69 450
HIST 70 478
HIST 71 456
HIST 72 478
HIST 73 465
HIST 74 471
HIST 75 480
HIST 76 494
HIST 77 431
HIST 78 478
HIST 79 463
HIST 80 481
HIST 81 458
HIST 82 440
HIST 83 433
HIST 84 466
HIST 85 445
HIST 86 431
HIST 87 468
HIST 88 432
HIST 89 476
HIST 90 459
HIST 91 452
HIST 92 457
HIST 93 488
HIST 94 436
HIST 95 455
HIST 96 455
HIST 97 433
HIST 98 481
HIST 99 428
HIST 100 476
HIST 101 439
HIST 102 439
HIST 103 482
HIST 104 458
HIST 105 500
HIST 106 457
HIST 107 425
HIST 108 474
HIST 109 448
HIST 110 456
HIST 111 427
HIST 112 456
HIST 113 476
HIST 114 451
HIST 115 404
HIST 116 446
HIST 117 419
HIST 118 468
HIST 119 457
HIST 120 439
HIST 121 443
HIST 122 475
HIST 123 462
HIST 124 448
HIST 125 499
HIST 126 491
HIST 127 490
HIST 128 447
HIST 129 449
HIST 130 494
HIST 131 510
HIST 132 469
HIST 133 468
HIST 134 448
HIST 135 516
HIST 136 482
HIST 137 521
HIST 138 475
HIST 139 493
HIST 140 468
HIST 141 455
HIST 142 484
HIST 143 504
HIST 144 450
HIST 145 523
HIST 146 515
HIST 147 500
HIST 148 493
HIST 149 485
HIST 150 467
HIST 151 489
HIST 152 479
HIST 153 479
HIST 154 444
HIST 155 459
HIST 156 490
HIST 157 490
HIST 158 487
HIST 159 513
HIST 160 517
HIST 161 528
HIST 162 515
HIST 163 522
HIST 164 454
HIST 165 469
HIST 166 487
HIST 167 467
HIST 168 480
HIST 169 453
HIST 170 445
HIST 171 459
HIST 172 445
HIST 173 503
HIST 174 471
HIST 175 442
HIST 176 517
HIST 177 492
HIST 178 469
HIST 179 458
HIST 180 475
HIST 181 487
HIST 182 448
HIST 183 476
HIST 184 513
HIST 185 451
HIST 186 487
HIST 187 454
HIST 188 477
HIST 189 456
HIST 190 491
HIST 191 469
HIST 192 493
HIST 193 507
HIST 194 519
HIST 195 449
HIST 196 464
HIST 197 445
HIST 198 443
HIST 199 502
HIST 200 478
HIST 201 498
HIST 202 473
HIST 203 453
HIST 204 448
HIST 205 489
HIST 206 498
HIST 207 484
HIST 208 457
HIST 209 523
HIST 210 471
HIST 211 491
HIST 212 494
HIST 213 507
HIST 214 508
HIST 215 538
HIST 216 547
HIST 217 553
HIST 218 558
HIST 219 594
HIST 220 582
HIST 221 572
HIST 222 594
HIST 223 556
HIST 224 547
HIST 225 546
HIST 226 576
HIST 227 568
HIST 228 524
HIST 229 579
HIST 230 566
HIST 231 603
HIST 232 551
HIST 233 586
HIST 234 601
HIST 235 613
HIST 236 612
HIST 237 563
HIST 238 611
HIST 239 582
HIST 240 643
HIST 241 638
HIST 242 565
HIST 243 653
HIST 244 598
HIST 245 642
HIST 246 570
HIST 247 587
HIST 248 659
HIST 249 692
HIST 250 612
HIST 251 654
HIST 252 624
HIST 253 637
HIST 254 595
HIST 255 632
HIST 256 596
HIST 257 625
HIST 258 621
HIST 259 619
HIST 260 575
HIST 261 674
HIST 262 626
HIST 263 618
HIST 264 624
HIST 265 621
HIST 266 616
HIST 267 622
HIST 268 614
HIST 269 648
HIST 270 576
HIST 271 608
HIST 272 622
HIST 273 589
HIST 274 578
HIST 275 594
HIST 276 591
HIST 277 595
HIST 278 607
HIST 279 597
HIST 280 594
HIST 281 650
HIST 282 676
HIST 283 625
HIST 284 589
HIST 285 605
HIST 286 620
HIST 287 592
HIST 288 570
HIST 289 555
HIST 290 592
HIST 291 598
HIST 292 523
HIST 293 569
HIST 294 627
HIST 295 600
HIST 296 551
HIST 297 579
HIST 298 577
HIST 299 577
HIST 300 580
HIST 301 558
HIST 302 593
HIST 303 542
HIST 304 608
HIST 305 539
HIST 306 523
HIST 307 536
HIST 308 558
HIST 309 598
HIST 310 537
HIST 311 1332
HIST 312 585
HIST 313 579
HIST 314 572
HIST 315 575
HIST 316 580
HIST 317 553
HIST 318 576
HIST 319 550
HIST 320 558
HIST 321 568
HIST 322 562
HIST 323 538
HIST 324 572
HIST 325 543
HIST 326 588
HIST 327 571
HIST 328 559
HIST 329 500
HIST 330 526
HIST 331 535
HIST 332 541
HIST 333 516
HIST 334 585
HIST 335 555
HIST 336 566
HIST 337 530
HIST 338 559
HIST 339 600
HIST 340 515
HIST 341 554
HIST 342 528
HIST 343 508
HIST 344 542
HIST 345 518
HIST 346 528
HIST 347 545
HIST 348 525
HIST 349 569
HIST 350 530
HIST 351 514
HIST 352 524
HIST 353 561
HIST 354 532
HIST 355 540
HIST 356 491
HIST 357 537
HIST 358 511
HIST 359 513
HIST 360 555
HIST 361 473
HIST 362 544
HIST 363 559
HIST 364 509
HIST 365 522
HIST 366 533
HIST 367 522
HIST 368 452
HIST 369 489
HIST 370 538
HIST 371 521
HIST 372 505
HIST 373 488
HIST 374 465
HIST 375 547
HIST 376 472
HIST 377 499
HIST 378 487
HIST 379 493
HIST 380 475
HIST 381 482
HIST 382 484
HIST 383 496
HIST 384 467
HIST 385 485
HIST 386 503
HIST 387 494
HIST 388 475
HIST 389 469
HIST 390 473
HIST 391 472
HIST 392 463
HIST 393 496
HIST 394 494
HIST 395 503
HIST 396 511
HIST 397 481
HIST 398 463
HIST 399 503
HIST 400 499
HIST 401 489
HIST 402 518
HIST 403 477
HIST 404 497
HIST 405 458
HIST 406 488
HIST 407 458
HIST 408 476
HIST 409 479
HIST 410 518
HIST 411 491
HIST 412 477
HIST 413 487
HIST 414 482
HIST 415 470
HIST 416 461
HIST 417 498
HIST 418 470
HIST 419 484
HIST 420 456
HIST 421 495
HIST 422 461
HIST 423 485
HIST 424 479
HIST 425 485
HIST 426 437
HIST 427 485
HIST 428 451
HIST 429 469
HIST 430 456
HIST 431 472
HIST 432 495
HIST 433 451
HIST 434 469
HIST 435 450
HIST 436 459
HIST 437 470
HIST 438 459
HIST 439 485
HIST 440 466
HIST 441 449
HIST 442 465
HIST 443 445
HIST 444 489
HIST 445 438
HIST 446 490
HIST 447 454
HIST 448 447
HIST 449 410
HIST 450 487
HIST 451 414
HIST 452 441
HIST 453 425
HIST 454 479
HIST 455 454
HIST 456 474
HIST 457 435
HIST 458 506
HIST 459 426
HIST 460 467
HIST 461 496
HIST 462 427
HIST 463 452
HIST 464 446
HIST 465 435
HIST 466 469
HIST 467 435
HIST 468 430
HIST 469 445
HIST 470 439
HIST 471 513
HIST 472 440
HIST 473 437
HIST 474 451
HIST 475 435
HIST 476 488
HIST 477 450
HIST 478 442
HIST 479 448
HIST 480 432
HIST 481 439
HIST 482 432
HIST 483 392
HIST 484 420
HIST 485 468
HIST 486 443
HIST 487 450
HIST 488 443
HIST 489 426
HIST 490 378
HIST 491 428
HIST 492 465
HIST 493 445
HIST 494 402
HIST 495 410
HIST 496 416
HIST 497 433
HIST 498 477
HIST 499 444
HIST 500 425
HIST 501 422
HIST 502 464
HIST 503 421
HIST 504 422
HIST 505 397
HIST 506 416
HIST 507 429
HIST 508 418
HIST 509 400
HIST 510 421
HIST 511 620
HIST 512 413
HIST 513 413
HIST 514 390
HIST 515 439
HIST 516 434
HIST 517 440
HIST 518 412
HIST 519 433
HIST 520 450
HIST 521 406
HIST 522 404
HIST 523 500
HIST 524 458
HIST 525 428
HIST 526 417
HIST 527 401
HIST 528 434
HIST 529 437
HIST 530 424
HIST 531 408
HIST 532 429
HIST 533 431
HIST 534 434
HIST 535 438
HIST 536 451
HIST 537 422
HIST 538 406
HIST 539 401
HIST 540 406
HIST 541 399
HIST 542 438
HIST 543 411
HIST 544 440
HIST 545 442
HIST 546 402
HIST 547 410
HIST 548 427
HIST 549 420
HIST 550 437
HIST 551 399
HIST 552 412
HIST 553 434
HIST 554 399
HIST 555 389
HIST 556 428
HIST 557 449
HIST 558 430
HIST 559 405
HIST 560 412
HIST 561 395
HIST 562 425
HIST 563 433
HIST 564 423
HIST 565 430
HIST 566 432
HIST 567 405
HIST 568 434
HIST 569 421
HIST 570 448
HIST 571 385
HIST 572 415
HIST 573 419
HIST 574 421
HIST 575 458
HIST 576 412
HIST 577 389
HIST 578 442
HIST 579 404
HIST 580 385
HIST 581 425
HIST 582 437
HIST 583 433
HIST 584 399
HIST 585 377
HIST 586 401
HIST 587 397
HIST 588 419
HIST 589 406
HIST 590 389
HIST 591 442
HIST 592 390
HIST 593 379
HIST 594 387
HIST 595 418
HIST 596 403
HIST 597 429
HIST 598 406
HIST 599 408
HIST 600 401
HIST 601 424
HIST 602 393
HIST 603 416
HIST 604 396
HIST 605 392
HIST 606 407
HIST 607 408
HIST 608 418
HIST 609 413
HIST 610 425
HIST 611 404
HIST 612 449
HIST 613 373
HIST 614 364
HIST 615 417
HIST 616 386
HIST 617 449
HIST 618 403
HIST 619 430
HIST 620 436
HIST 621 434
HIST 622 404
HIST 623 404
HIST 624 397
HIST 625 420
HIST 626 392
HIST 627 401
HIST 628 404
HIST 629 426
HIST 630 363
HIST 631 440
HIST 632 367
HIST 633 436
HIST 634 417
HIST 635 415
HIST 636 417
HIST 637 390
HIST 638 403
HIST 639 375
HIST 640 409
HIST 641 464
HIST 642 407
HIST 643 400
HIST 644 407
HIST 645 417
HIST 646 424
HIST 647 429
HIST 648 361
HIST 649 424
HIST 650 409
HIST 651 428
HIST 652 418
HIST 653 386
HIST 654 397
HIST 655 439
HIST 656 409
HIST 657 408
HIST 658 382
HIST 659 402
HIST 660 393
HIST 661 429
HIST 662 376
HIST 663 416
HIST 664 389
HIST 665 401
HIST 666 454
HIST 667 406
HIST 668 398
HIST 669 430
HIST 670 451
HIST 671 393
HIST 672 420
HIST 673 418
HIST 674 412
HIST 675 397
HIST 676 388
HIST 677 426
HIST 678 444
HIST 679 410
HIST 680 396
HIST 681 406
HIST 682 416
HIST 683 412
HIST 684 405
HIST 685 383
HIST 686 433
HIST 687 394
HIST 688 399
HIST 689 425
HIST 690 356
HIST 691 407
HIST 692 417
HIST 693 433
HIST 694 369
HIST 695 431
HIST 696 432
HIST 697 424
HIST 698 414
HIST 699 412
HIST 700 414
HIST 701 417
HIST 702 414
HIST 703 401
HIST 704 383
HIST 705 423
HIST 706 411
HIST 707 404
HIST 708 406
HIST 709 413
HIST 710 399
HIST 711 429
HIST 712 414
HIST 713 417
HIST 714 389
HIST 715 397
HIST 716 411
HIST 717 402
HIST 718 394
HIST 719 380
HIST 720 403
HIST 721 404
HIST 722 451
HIST 723 436
HIST 724 398
HIST 725 397
HIST 726 419
HIST 727 417
HIST 728 425
HIST 729 393
HIST 730 405
HIST 731 391
HIST 732 403
HIST 733 387
HIST 734 396
HIST 735 423
HIST 736 397
HIST 737 442
HIST 738 412
HIST 739 439
HIST 740 436
HIST 741 465
HIST 742 412
HIST 743 397
HIST 744 426
HIST 745 423
HIST 746 386
HIST 747 389
HIST 748 435
HIST 749 391
HIST 750 401
HIST 751 412
HIST 752 417
HIST 753 419
HIST 754 394
HIST 755 425
HIST 756 453
HIST 757 391
HIST 758 443
HIST 759 437
HIST 760 431
HIST 761 437
HIST 762 427
HIST 763 430
HIST 764 418
HIST 765 433
HIST 766 401
HIST 767 414
HIST 768 438
HIST 769 410
HIST 770 418
HIST 771 484
HIST 772 402
HIST 773 446
HIST 774 413
HIST 775 479
HIST 776 404
HIST 777 415
HIST 778 381
HIST 779 424
HIST 780 415
HIST 781 426
HIST 782 397
HIST 783 420
HIST 784 391
HIST 785 425
HIST 786 434
HIST 787 425
HIST 788 440
HIST 789 448
HIST 790 396
HIST 791 430
HIST 792 360
HIST 793 419
HIST 794 398
HIST 795 434
HIST 796 388
HIST 797 378
HIST 798 442
HIST 799 432
HIST 800 437
HIST 801 429
HIST 802 408
HIST 803 459
HIST 804 427
HIST 805 437
HIST 806 414
HIST 807 399
HIST 808 453
HIST 809 414
HIST 810 391
HIST 811 434
HIST 812 430
HIST 813 413
HIST 814 458
HIST 815 397
HIST 816 408
HIST 817 460
HIST 818 469
HIST 819 436
HIST 820 418
HIST 821 421
HIST 822 2367
HIST 823 424
HIST 824 420
HIST 825 381
HIST 826 416
HIST 827 450
HIST 828 432
HIST 829 442
HIST 830 413
HIST 831 471
HIST 832 432
HIST 833 429
HIST 834 412
HIST 835 420
HIST 836 466
HIST 837 450
HIST 838 452
HIST 839 418
HIST 840 456
HIST 841 436
HIST 842 433
HIST 843 434
HIST 844 420
HIST 845 469
HIST 846 399
HIST 847 453
HIST 848 418
HIST 849 459
HIST 850 413
HIST 851 412
HIST 852 430
HIST 853 413
HIST 854 482
HIST 855 488
HIST 856 432
HIST 857 460
HIST 858 457
HIST 859 455
HIST 860 409
HIST 861 465
HIST 862 432
HIST 863 446
HIST 864 485
HIST 865 484
HIST 866 454
HIST 867 467
HIST 868 460
HIST 869 470
HIST 870 437
HIST 871 429
HIST 872 446
HIST 873 433
HIST 874 470
HIST 875 435
HIST 876 457
HIST 877 445
HIST 878 457
HIST 879 450
HIST 880 432
HIST 881 461
HIST 882 449
HIST 883 445
HIST 884 463
HIST 885 530
HIST 886 502
HIST 887 468
HIST 888 456
HIST 889 421
HIST 890 453
HIST 891 471
HIST 892 477
HIST 893 456
HIST 894 485
HIST 895 437
HIST 896 457
HIST 897 426
HIST 898 476
HIST 899 506
HIST 900 462
HIST 901 442
HIST 902 446
HIST 903 465
HIST 904 469
HIST 905 438
HIST 906 467
HIST 907 444
HIST 908 421
HIST 909 453
HIST 910 456
HIST 911 444
HIST 912 481
HIST 913 434
HIST 914 430
HIST 915 437
HIST 916 495
HIST 917 484
HIST 918 450
HIST 919 484
HIST 920 502
HIST 921 481
HIST 922 521
HIST 923 503
HIST 924 501
HIST 925 489
HIST 926 453
HIST 927 469
HIST 928 467
HIST 929 482
HIST 930 510
HIST 931 495
HIST 932 478
HIST 933 485
HIST 934 466
HIST 935 486
HIST 936 478
HIST 937 478
HIST 938 478
HIST 939 506
HIST 940 514
HIST 941 496
HIST 942 486
HIST 943 466
HIST 944 458
HIST 945 498
HIST 946 549
HIST 947 460
HIST 948 539
HIST 949 478
HIST 950 467
HIST 951 493
HIST 952 499
HIST 953 517
HIST 954 503
HIST 955 518
HIST 956 536
HIST 957 516
HIST 958 496
HIST 959 521
HIST 960 500
HIST 961 509
HIST 962 510
HIST 963 480
HIST 964 532
HIST 965 473
HIST 966 520
HIST 967 513
HIST 968 501
HIST 969 511
HIST 970 512
HIST 971 514
HIST 972 511
HIST 973 469
HIST 974 491
HIST 975 483
HIST 976 500
HIST 977 525
HIST 978 530
HIST 979 516
HIST 980 485
HIST 981 510
HIST 982 508
HIST 983 487
HIST 984 518
HIST 985 469
HIST 986 495
HIST 987 546
HIST 988 540
HIST 989 541
HIST 990 514
HIST 991 510
HIST 992 525
HIST 993 582
HIST 994 494
HIST 995 516
HIST 996 549
HIST 997 553
HIST 998 536
HIST 999 547
HIST 1000 493
HIST 1001 522
HIST 1002 544
HIST 1003 518
HIST 1004 532
HIST 1005 516
HIST 1006 492
HIST 1007 548
HIST 1008 522
HIST 1009 571
HIST 1010 528
HIST 1011 553
HIST 1012 525
HIST 1013 503
HIST 1014 498
HIST 1015 562
HIST 1016 530
HIST 1017 511
HIST 1018 504
HIST 1019 542
HIST 1020 504
HIST 1021 538
HIST 1022 517
HIST 1023 547
HIST 1024 550
HIST 1025 537
HIST 1026 557
HIST 1027 517
HIST 1028 514
HIST 1029 531
HIST 1030 530
HIST 1031 554
HIST 1032 543
HIST 1033 541
HIST 1034 515
HIST 1035 593
HIST 1036 569
HIST 1037 522
HIST 1038 538
HIST 1039 535
HIST 1040 533
HIST 1041 569
HIST 1042 536
HIST 1043 607
HIST 1044 583
HIST 1045 574
HIST 1046 536
HIST 1047 573
HIST 1048 554
HIST 1049 520
HIST 1050 600
HIST 1051 590
HIST 1052 585
HIST 1053 601
HIST 1054 603
HIST 1055 554
HIST 1056 600
HIST 1057 567
HIST 1058 556
HIST 1059 554
HIST 1060 588
HIST 1061 576
HIST 1062 593
HIST 1063 593
HIST 1064 600
HIST 1065 585
HIST 1066 588
HIST 1067 607
HIST 1068 556
HIST 1069 605
HIST 1070 608
HIST 1071 588
HIST 1072 602
HIST 1073 583
HIST 1074 631
HIST 1075 613
HIST 1076 623
HIST 1077 651
HIST 1078 582
HIST 1079 608
HIST 1080 556
HIST 1081 600
HIST 1082 648
HIST 1083 646
HIST 1084 665
HIST 1085 603
HIST 1086 575
HIST 1087 547
HIST 1088 674
HIST 1089 650
HIST 1090 624
HIST 1091 604
HIST 1092 633
HIST 1093 649
HIST 1094 674
HIST 1095 706
HIST 1096 681
HIST 1097 640
HIST 1098 647
HIST 1099 674
HIST 1100 619
HIST 1101 643
HIST 1102 671
HIST 1103 625
HIST 1104 675
HIST 1105 589
HIST 1106 630
HIST 1107 624
HIST 1108 619
HIST 1109 607
HIST 1110 644
HIST 1111 653
HIST 1112 643
HIST 1113 650
HIST 1114 646
HIST 1115 574
HIST 1116 573
HIST 1117 600
HIST 1118 461
HIST 1119 418
HIST 1120 414
HIST 1121 346
HIST 1122 379
HIST 1123 340
HIST 1124 310
HIST 1125 299
HIST 1126 284
HIST 1127 303
HIST 1128 282
HIST 1129 256
HIST 1130 256
HIST 1131 291
HIST 1132 257
HIST 1133 256
HIST 1134 263
HIST 1135 228
HIST 1136 201
HIST 1137 250
HIST 1138 265
HIST 1139 225
HIST 1140 233
HIST 1141 249
HIST 1142 206
HIST 1143 197
HIST 1144 214
HIST 1145 198
HIST 1146 210
HIST 1147 196
HIST 1148 178
HIST 1149 166
HIST 1150 195
HIST 1151 189
HIST 1152 193
HIST 1153 186
HIST 1154 173
HIST 1155 197
HIST 1156 187
HIST 1157 176
HIST 1158 160
HIST 1159 145
HIST 1160 152
HIST 1161 182
HIST 1162 170
HIST 1163 136
HIST 1164 145
HIST 1165 137
HIST 1166 148
HIST 1167 147
HIST 1168 137
HIST 1169 129
HIST 1170 143
HIST 1171 134
HIST 1172 132
HIST 1173 130
HIST 1174 132
HIST 1175 152
HIST 1176 101
HIST 1177 127
HIST 1178 117
HIST 1179 94
HIST 1180 105
HIST 1181 99
HIST 1182 106
HIST 1183 114
HIST 1184 109
HIST 1185 102
HIST 1186 123
HIST 1187 92
HIST 1188 101
HIST 1189 96
HIST 1190 82
HIST 1191 108
HIST 1192 88
HIST 1193 67
HIST 1194 90
HIST 1195 95
HIST 1196 82
HIST 1197 71
HIST 1198 81
HIST 1199 87
HIST 1200 72
HIST 1201 84
HIST 1202 92
HIST 1203 72
HIST 1204 77
HIST 1205 76
HIST 1206 60
HIST 1207 70
HIST 1208 67
HIST 1209 59
HIST 1210 53
HIST 1211 50
HIST 1212 55
HIST 1213 71
HIST 1214 57
HIST 1215 75
HIST 1216 59
HIST 1217 64
HIST 1218 67
HIST 1219 53
HIST 1220 56
HIST 1221 61
HIST 1222 52
HIST 1223 55
HIST 1224 49
HIST 1225 60
HIST 1226 67
HIST 1227 48
HIST 1228 45
HIST 1229 54
HIST 1230 49
HIST 1231 46
HIST 1232 53
HIST 1233 52
HIST 1234 49
HIST 1235 67
HIST 1236 66
HIST 1237 44
HIST 1238 47
HIST 1239 41
HIST 1240 40
HIST 1241 51
HIST 1242 45
HIST 1243 48
HIST 1244 48
HIST 1245 47
HIST 1246 49
HIST 1247 43
HIST 1248 51
HIST 1249 48
HIST 1250 39
HIST 1251 44
HIST 1252 45
HIST 1253 35
HIST 1254 38
HIST 1255 41
HIST 1256 35
HIST 1257 33
HIST 1258 27
HIST 1259 47
HIST 1260 25
HIST 1261 34
HIST 1262 31
HIST 1263 32
HIST 1264 35
HIST 1265 41
HIST 1266 38
HIST 1267 32
HIST 1268 38
HIST 1269 38
HIST 1270 28
HIST 1271 33
HIST 1272 37
HIST 1273 29
HIST 1274 30
HIST 1275 32
HIST 1276 47
HIST 1277 32
HIST 1278 29
HIST 1279 31
HIST 1280 36
HIST 1281 33
HIST 1282 27
HIST 1283 35
HIST 1284 22
HIST 1285 24
HIST 1286 34
HIST 1287 22
HIST 1288 18
HIST 1289 26
HIST 1290 28
HIST 1291 37
HIST 1292 32
HIST 1293 18
HIST 1294 28
HIST 1295 30
HIST 1296 36
HIST 1297 17
HIST 1298 27
HIST 1299 73
HIST 1300 191
HIST 1301 32
HIST 1302 34
HIST 1303 27
HIST 1304 614
HIST 1305 25
HIST 1306 19
HIST 1307 32
HIST 1308 25
HIST 1309 33
HIST 1310 35
HIST 1311 23
HIST 1312 27
HIST 1313 17
HIST 1314 28
HIST 1315 17
HIST 1316 23
HIST 1317 28
HIST 1318 22
HIST 1319 16
HIST 1320 14
HIST 1321 14
HIST 1322 22
HIST 1323 23
HIST 1324 22
HIST 1325 27
HIST 1326 20
HIST 1327 31
HIST 1328 24
HIST 1329 16
HIST 1330 31
HIST 1331 23
HIST 1332 111125
HIST 1333 156270
HISTEND
