[g4cf] WARNING: key "vacuum" NOT given - the arbiter world is AIR.
[g4cf] Na golom kristalle eto oshibka: mir reshaet 42% polosy 55...59 keV.
[g4cf] 8.232e-4 (air) vs 5.794e-4 (vacuum); bins 57...59 - x3. See T133.

**************************************************************
 Geant4 version Name: geant4-11-04-patch-02 [MT]   (12-June-2026)
  << in Multi-threaded mode >> 
                       Copyright : Geant4 Collaboration
                      References : NIM A 506 (2003), 250-303
                                 : IEEE-TNS 53 (2006), 270-278
                                 : NIM A 835 (2016), 186-225
                             WWW : http://geant4.org/
**************************************************************

Accumulable registered as "any"
Accumulable registered as "w0"
Accumulable registered as "h0"
Accumulable registered as "h1"
Accumulable registered as "h2"
Accumulable registered as "h3"
Accumulable registered as "h4"
Accumulable registered as "h5"
Accumulable registered as "h6"
Accumulable registered as "h7"
Accumulable registered as "h8"
Accumulable registered as "h9"
Accumulable registered as "h10"
Accumulable registered as "h11"
Accumulable registered as "h12"
Accumulable registered as "h13"
Accumulable registered as "h14"
Accumulable registered as "h15"
Accumulable registered as "h16"
Accumulable registered as "h17"
Accumulable registered as "h18"
Accumulable registered as "h19"
Accumulable registered as "h20"
Accumulable registered as "h21"
Accumulable registered as "h22"
Accumulable registered as "h23"
Accumulable registered as "h24"
Accumulable registered as "h25"
Accumulable registered as "h26"
Accumulable registered as "h27"
Accumulable registered as "h28"
Accumulable registered as "h29"
Accumulable registered as "h30"
Accumulable registered as "h31"
Accumulable registered as "h32"
Accumulable registered as "h33"
Accumulable registered as "h34"
Accumulable registered as "h35"
Accumulable registered as "h36"
Accumulable registered as "h37"
Accumulable registered as "h38"
Accumulable registered as "h39"
Accumulable registered as "h40"
Accumulable registered as "h41"
Accumulable registered as "h42"
Accumulable registered as "h43"
Accumulable registered as "h44"
Accumulable registered as "h45"
Accumulable registered as "h46"
Accumulable registered as "h47"
Accumulable registered as "h48"
Accumulable registered as "h49"
Accumulable registered as "h50"
Accumulable registered as "h51"
Accumulable registered as "h52"
Accumulable registered as "h53"
Accumulable registered as "h54"
Accumulable registered as "h55"
Accumulable registered as "h56"
Accumulable registered as "h57"
Accumulable registered as "h58"
Accumulable registered as "h59"
Accumulable registered as "h60"
Accumulable registered as "h61"
Accumulable registered as "h62"
Accumulable registered as "h63"
Accumulable registered as "h64"
Accumulable registered as "h65"
Accumulable registered as "h66"
Accumulable registered as "h67"
Accumulable registered as "h68"
Accumulable registered as "h69"
Accumulable registered as "h70"
Accumulable registered as "h71"
Accumulable registered as "h72"
Accumulable registered as "h73"
Accumulable registered as "h74"
Accumulable registered as "h75"
Accumulable registered as "h76"
Accumulable registered as "h77"
Accumulable registered as "h78"
Accumulable registered as "h79"
Accumulable registered as "h80"
Accumulable registered as "h81"
Accumulable registered as "h82"
Accumulable registered as "h83"
Accumulable registered as "h84"
Accumulable registered as "h85"
Accumulable registered as "h86"
Accumulable registered as "h87"
Accumulable registered as "h88"
Accumulable registered as "h89"
Accumulable registered as "h90"
Accumulable registered as "h91"
Accumulable registered as "h92"
Accumulable registered as "h93"
Accumulable registered as "h94"
Accumulable registered as "h95"
Accumulable registered as "h96"
Accumulable registered as "h97"
Accumulable registered as "h98"
Accumulable registered as "h99"
Accumulable registered as "h100"
Accumulable registered as "h101"
Accumulable registered as "h102"
Accumulable registered as "h103"
Accumulable registered as "h104"
Accumulable registered as "h105"
Accumulable registered as "h106"
Accumulable registered as "h107"
Accumulable registered as "h108"
Accumulable registered as "h109"
Accumulable registered as "h110"
Accumulable registered as "h111"
Accumulable registered as "h112"
Accumulable registered as "h113"
Accumulable registered as "h114"
Accumulable registered as "h115"
Accumulable registered as "h116"
Accumulable registered as "h117"
Accumulable registered as "h118"
Accumulable registered as "h119"
Accumulable registered as "h120"
Accumulable registered as "h121"
Accumulable registered as "h122"
Accumulable registered as "h123"
Accumulable registered as "h124"
Accumulable registered as "h125"
Accumulable registered as "h126"
Accumulable registered as "h127"
Accumulable registered as "h128"
Accumulable registered as "h129"
Accumulable registered as "h130"
Accumulable registered as "h131"
Accumulable registered as "h132"
Accumulable registered as "h133"
Accumulable registered as "h134"
Accumulable registered as "h135"
Accumulable registered as "h136"
Accumulable registered as "h137"
Accumulable registered as "h138"
Accumulable registered as "h139"
Accumulable registered as "h140"
Accumulable registered as "h141"
Accumulable registered as "h142"
Accumulable registered as "h143"
Accumulable registered as "h144"
Accumulable registered as "h145"
Accumulable registered as "h146"
Accumulable registered as "h147"
Accumulable registered as "h148"
Accumulable registered as "h149"
Accumulable registered as "h150"
Accumulable registered as "h151"
Accumulable registered as "h152"
Accumulable registered as "h153"
Accumulable registered as "h154"
Accumulable registered as "h155"
Accumulable registered as "h156"
Accumulable registered as "h157"
Accumulable registered as "h158"
Accumulable registered as "h159"
Accumulable registered as "h160"
Accumulable registered as "h161"
Accumulable registered as "h162"
Accumulable registered as "h163"
Accumulable registered as "h164"
Accumulable registered as "h165"
Accumulable registered as "h166"
Accumulable registered as "h167"
Accumulable registered as "h168"
Accumulable registered as "h169"
Accumulable registered as "h170"
Accumulable registered as "h171"
Accumulable registered as "h172"
Accumulable registered as "h173"
Accumulable registered as "h174"
Accumulable registered as "h175"
Accumulable registered as "h176"
Accumulable registered as "h177"
Accumulable registered as "h178"
Accumulable registered as "h179"
Accumulable registered as "h180"
Accumulable registered as "h181"
Accumulable registered as "h182"
Accumulable registered as "h183"
Accumulable registered as "h184"
Accumulable registered as "h185"
Accumulable registered as "h186"
Accumulable registered as "h187"
Accumulable registered as "h188"
Accumulable registered as "h189"
Accumulable registered as "h190"
Accumulable registered as "h191"
Accumulable registered as "h192"
Accumulable registered as "h193"
Accumulable registered as "h194"
Accumulable registered as "h195"
Accumulable registered as "h196"
Accumulable registered as "h197"
Accumulable registered as "h198"
Accumulable registered as "h199"
Accumulable registered as "h200"
Accumulable registered as "h201"
Accumulable registered as "h202"
Accumulable registered as "h203"
Accumulable registered as "h204"
Accumulable registered as "h205"
Accumulable registered as "h206"
Accumulable registered as "h207"
Accumulable registered as "h208"
Accumulable registered as "h209"
Accumulable registered as "h210"
Accumulable registered as "h211"
Accumulable registered as "h212"
Accumulable registered as "h213"
Accumulable registered as "h214"
Accumulable registered as "h215"
Accumulable registered as "h216"
Accumulable registered as "h217"
Accumulable registered as "h218"
Accumulable registered as "h219"
Accumulable registered as "h220"
Accumulable registered as "h221"
Accumulable registered as "h222"
Accumulable registered as "h223"
Accumulable registered as "h224"
Accumulable registered as "h225"
Accumulable registered as "h226"
Accumulable registered as "h227"
Accumulable registered as "h228"
Accumulable registered as "h229"
Accumulable registered as "h230"
Accumulable registered as "h231"
Accumulable registered as "h232"
Accumulable registered as "h233"
Accumulable registered as "h234"
Accumulable registered as "h235"
Accumulable registered as "h236"
Accumulable registered as "h237"
Accumulable registered as "h238"
Accumulable registered as "h239"
Accumulable registered as "h240"
Accumulable registered as "h241"
Accumulable registered as "h242"
Accumulable registered as "h243"
Accumulable registered as "h244"
Accumulable registered as "h245"
Accumulable registered as "h246"
Accumulable registered as "h247"
Accumulable registered as "h248"
Accumulable registered as "h249"
Accumulable registered as "h250"
Accumulable registered as "h251"
Accumulable registered as "h252"
Accumulable registered as "h253"
Accumulable registered as "h254"
Accumulable registered as "h255"
Accumulable registered as "h256"
Accumulable registered as "h257"
Accumulable registered as "h258"
Accumulable registered as "h259"
Accumulable registered as "h260"
Accumulable registered as "h261"
Accumulable registered as "h262"
Accumulable registered as "h263"
Accumulable registered as "h264"
Accumulable registered as "h265"
Accumulable registered as "h266"
Accumulable registered as "h267"
Accumulable registered as "h268"
Accumulable registered as "h269"
Accumulable registered as "h270"
Accumulable registered as "h271"
Accumulable registered as "h272"
Accumulable registered as "h273"
Accumulable registered as "h274"
Accumulable registered as "h275"
Accumulable registered as "h276"
Accumulable registered as "h277"
Accumulable registered as "h278"
Accumulable registered as "h279"
Accumulable registered as "h280"
Accumulable registered as "h281"
Accumulable registered as "h282"
Accumulable registered as "h283"
Accumulable registered as "h284"
Accumulable registered as "h285"
Accumulable registered as "h286"
Accumulable registered as "h287"
Accumulable registered as "h288"
Accumulable registered as "h289"
Accumulable registered as "h290"
Accumulable registered as "h291"
Accumulable registered as "h292"
Accumulable registered as "h293"
Accumulable registered as "h294"
Accumulable registered as "h295"
Accumulable registered as "h296"
Accumulable registered as "h297"
Accumulable registered as "h298"
Accumulable registered as "h299"
Accumulable registered as "h300"
Accumulable registered as "h301"
Accumulable registered as "h302"
Accumulable registered as "h303"
Accumulable registered as "h304"
Accumulable registered as "h305"
Accumulable registered as "h306"
Accumulable registered as "h307"
Accumulable registered as "h308"
Accumulable registered as "h309"
Accumulable registered as "h310"
Accumulable registered as "h311"
Accumulable registered as "h312"
Accumulable registered as "h313"
Accumulable registered as "h314"
Accumulable registered as "h315"
Accumulable registered as "h316"
Accumulable registered as "h317"
Accumulable registered as "h318"
Accumulable registered as "h319"
Accumulable registered as "h320"
Accumulable registered as "h321"
Accumulable registered as "h322"
Accumulable registered as "h323"
Accumulable registered as "h324"
Accumulable registered as "h325"
Accumulable registered as "h326"
Accumulable registered as "h327"
Accumulable registered as "h328"
Accumulable registered as "h329"
Accumulable registered as "h330"
Accumulable registered as "h331"
Accumulable registered as "h332"
Accumulable registered as "h333"
Accumulable registered as "h334"
Accumulable registered as "h335"
Accumulable registered as "h336"
Accumulable registered as "h337"
Accumulable registered as "h338"
Accumulable registered as "h339"
Accumulable registered as "h340"
Accumulable registered as "h341"
Accumulable registered as "h342"
Accumulable registered as "h343"
Accumulable registered as "h344"
Accumulable registered as "h345"
Accumulable registered as "h346"
Accumulable registered as "h347"
Accumulable registered as "h348"
Accumulable registered as "h349"
Accumulable registered as "h350"
Accumulable registered as "h351"
Accumulable registered as "h352"
Accumulable registered as "h353"
Accumulable registered as "h354"
Accumulable registered as "h355"
Accumulable registered as "h356"
Accumulable registered as "h357"
Accumulable registered as "h358"
Accumulable registered as "h359"
Accumulable registered as "h360"
Accumulable registered as "h361"
Accumulable registered as "h362"
Accumulable registered as "h363"
Accumulable registered as "h364"
Accumulable registered as "h365"
Accumulable registered as "h366"
Accumulable registered as "h367"
Accumulable registered as "h368"
Accumulable registered as "h369"
Accumulable registered as "h370"
Accumulable registered as "h371"
Accumulable registered as "h372"
Accumulable registered as "h373"
Accumulable registered as "h374"
Accumulable registered as "h375"
Accumulable registered as "h376"
Accumulable registered as "h377"
Accumulable registered as "h378"
Accumulable registered as "h379"
Accumulable registered as "h380"
Accumulable registered as "h381"
Accumulable registered as "h382"
Accumulable registered as "h383"
Accumulable registered as "h384"
Accumulable registered as "h385"
Accumulable registered as "h386"
Accumulable registered as "h387"
Accumulable registered as "h388"
Accumulable registered as "h389"
Accumulable registered as "h390"
Accumulable registered as "h391"
Accumulable registered as "h392"
Accumulable registered as "h393"
Accumulable registered as "h394"
Accumulable registered as "h395"
Accumulable registered as "h396"
Accumulable registered as "h397"
Accumulable registered as "h398"
Accumulable registered as "h399"
Accumulable registered as "h400"
Accumulable registered as "h401"
Accumulable registered as "h402"
Accumulable registered as "h403"
Accumulable registered as "h404"
Accumulable registered as "h405"
Accumulable registered as "h406"
Accumulable registered as "h407"
Accumulable registered as "h408"
Accumulable registered as "h409"
Accumulable registered as "h410"
Accumulable registered as "h411"
Accumulable registered as "h412"
Accumulable registered as "h413"
Accumulable registered as "h414"
Accumulable registered as "h415"
Accumulable registered as "h416"
Accumulable registered as "h417"
Accumulable registered as "h418"
Accumulable registered as "h419"
Accumulable registered as "h420"
Accumulable registered as "h421"
Accumulable registered as "h422"
Accumulable registered as "h423"
Accumulable registered as "h424"
Accumulable registered as "h425"
Accumulable registered as "h426"
Accumulable registered as "h427"
Accumulable registered as "h428"
Accumulable registered as "h429"
Accumulable registered as "h430"
Accumulable registered as "h431"
Accumulable registered as "h432"
Accumulable registered as "h433"
Accumulable registered as "h434"
Accumulable registered as "h435"
Accumulable registered as "h436"
Accumulable registered as "h437"
Accumulable registered as "h438"
Accumulable registered as "h439"
Accumulable registered as "h440"
Accumulable registered as "h441"
Accumulable registered as "h442"
Accumulable registered as "h443"
Accumulable registered as "h444"
Accumulable registered as "h445"
Accumulable registered as "h446"
Accumulable registered as "h447"
Accumulable registered as "h448"
Accumulable registered as "h449"
Accumulable registered as "h450"
Accumulable registered as "h451"
Accumulable registered as "h452"
Accumulable registered as "h453"
Accumulable registered as "h454"
Accumulable registered as "h455"
Accumulable registered as "h456"
Accumulable registered as "h457"
Accumulable registered as "h458"
Accumulable registered as "h459"
Accumulable registered as "h460"
Accumulable registered as "h461"
Accumulable registered as "h462"
Accumulable registered as "h463"
Accumulable registered as "h464"
Accumulable registered as "h465"
Accumulable registered as "h466"
Accumulable registered as "h467"
Accumulable registered as "h468"
Accumulable registered as "h469"
Accumulable registered as "h470"
Accumulable registered as "h471"
Accumulable registered as "h472"
Accumulable registered as "h473"
Accumulable registered as "h474"
Accumulable registered as "h475"
Accumulable registered as "h476"
Accumulable registered as "h477"
Accumulable registered as "h478"
Accumulable registered as "h479"
Accumulable registered as "h480"
Accumulable registered as "h481"
Accumulable registered as "h482"
Accumulable registered as "h483"
Accumulable registered as "h484"
Accumulable registered as "h485"
Accumulable registered as "h486"
Accumulable registered as "h487"
Accumulable registered as "h488"
Accumulable registered as "h489"
Accumulable registered as "h490"
Accumulable registered as "h491"
Accumulable registered as "h492"
Accumulable registered as "h493"
Accumulable registered as "h494"
Accumulable registered as "h495"
Accumulable registered as "h496"
Accumulable registered as "h497"
Accumulable registered as "h498"
Accumulable registered as "h499"
Accumulable registered as "h500"
Accumulable registered as "h501"
Accumulable registered as "h502"
Accumulable registered as "h503"
Accumulable registered as "h504"
Accumulable registered as "h505"
Accumulable registered as "h506"
Accumulable registered as "h507"
Accumulable registered as "h508"
Accumulable registered as "h509"
Accumulable registered as "h510"
Accumulable registered as "h511"
Accumulable registered as "h512"
Accumulable registered as "h513"
Accumulable registered as "h514"
Accumulable registered as "h515"
Accumulable registered as "h516"
Accumulable registered as "h517"
Accumulable registered as "h518"
Accumulable registered as "h519"
Accumulable registered as "h520"
Accumulable registered as "h521"
Accumulable registered as "h522"
Accumulable registered as "h523"
Accumulable registered as "h524"
Accumulable registered as "h525"
Accumulable registered as "h526"
Accumulable registered as "h527"
Accumulable registered as "h528"
Accumulable registered as "h529"
Accumulable registered as "h530"
Accumulable registered as "h531"
Accumulable registered as "h532"
Accumulable registered as "h533"
Accumulable registered as "h534"
Accumulable registered as "h535"
Accumulable registered as "h536"
Accumulable registered as "h537"
Accumulable registered as "h538"
Accumulable registered as "h539"
Accumulable registered as "h540"
Accumulable registered as "h541"
Accumulable registered as "h542"
Accumulable registered as "h543"
Accumulable registered as "h544"
Accumulable registered as "h545"
Accumulable registered as "h546"
Accumulable registered as "h547"
Accumulable registered as "h548"
Accumulable registered as "h549"
Accumulable registered as "h550"
Accumulable registered as "h551"
Accumulable registered as "h552"
Accumulable registered as "h553"
Accumulable registered as "h554"
Accumulable registered as "h555"
Accumulable registered as "h556"
Accumulable registered as "h557"
Accumulable registered as "h558"
Accumulable registered as "h559"
Accumulable registered as "h560"
Accumulable registered as "h561"
Accumulable registered as "h562"
Accumulable registered as "h563"
Accumulable registered as "h564"
Accumulable registered as "h565"
Accumulable registered as "h566"
Accumulable registered as "h567"
Accumulable registered as "h568"
Accumulable registered as "h569"
Accumulable registered as "h570"
Accumulable registered as "h571"
Accumulable registered as "h572"
Accumulable registered as "h573"
Accumulable registered as "h574"
Accumulable registered as "h575"
Accumulable registered as "h576"
Accumulable registered as "h577"
Accumulable registered as "h578"
Accumulable registered as "h579"
Accumulable registered as "h580"
Accumulable registered as "h581"
Accumulable registered as "h582"
Accumulable registered as "h583"
Accumulable registered as "h584"
Accumulable registered as "h585"
Accumulable registered as "h586"
Accumulable registered as "h587"
Accumulable registered as "h588"
Accumulable registered as "h589"
Accumulable registered as "h590"
Accumulable registered as "h591"
Accumulable registered as "h592"
Accumulable registered as "h593"
Accumulable registered as "h594"
Accumulable registered as "h595"
Accumulable registered as "h596"
Accumulable registered as "h597"
Accumulable registered as "h598"
Accumulable registered as "h599"
Accumulable registered as "h600"
Accumulable registered as "h601"
Accumulable registered as "h602"
Accumulable registered as "h603"
Accumulable registered as "h604"
Accumulable registered as "h605"
Accumulable registered as "h606"
Accumulable registered as "h607"
Accumulable registered as "h608"
Accumulable registered as "h609"
Accumulable registered as "h610"
Accumulable registered as "h611"
Accumulable registered as "h612"
Accumulable registered as "h613"
Accumulable registered as "h614"
Accumulable registered as "h615"
Accumulable registered as "h616"
Accumulable registered as "h617"
Accumulable registered as "h618"
Accumulable registered as "h619"
Accumulable registered as "h620"
Accumulable registered as "h621"
Accumulable registered as "h622"
Accumulable registered as "h623"
Accumulable registered as "h624"
Accumulable registered as "h625"
Accumulable registered as "h626"
Accumulable registered as "h627"
Accumulable registered as "h628"
Accumulable registered as "h629"
Accumulable registered as "h630"
Accumulable registered as "h631"
Accumulable registered as "h632"
Accumulable registered as "h633"
Accumulable registered as "h634"
Accumulable registered as "h635"
Accumulable registered as "h636"
Accumulable registered as "h637"
Accumulable registered as "h638"
Accumulable registered as "h639"
Accumulable registered as "h640"
Accumulable registered as "h641"
Accumulable registered as "h642"
Accumulable registered as "h643"
Accumulable registered as "h644"
Accumulable registered as "h645"
Accumulable registered as "h646"
Accumulable registered as "h647"
Accumulable registered as "h648"
Accumulable registered as "h649"
Accumulable registered as "h650"
Accumulable registered as "h651"
Accumulable registered as "h652"
Accumulable registered as "h653"
Accumulable registered as "h654"
Accumulable registered as "h655"
Accumulable registered as "h656"
Accumulable registered as "h657"
Accumulable registered as "h658"
Accumulable registered as "h659"
Accumulable registered as "h660"
Accumulable registered as "h661"
Accumulable registered as "h662"
Checking overlaps for volume r6:0 (G4Tubs) ... OK! 
Checking overlaps for volume r5:0 (G4Tubs) ... OK! 
Checking overlaps for volume r4:0 (G4Tubs) ... OK! 
Checking overlaps for volume r3:0 (G4Tubs) ... OK! 
Checking overlaps for volume r2:0 (G4Tubs) ... OK! 
Checking overlaps for volume r1:0 (G4Tubs) ... OK! 
Checking overlaps for volume r0:0 (G4Tubs) ... OK! 
=======================================================================
======                 Electromagnetic Physics Parameters      ========
=======================================================================
LPM effect enabled                                 1
Enable creation and use of sampling tables         0
Apply cuts on all EM processes                     0
Use combined TransportationWithMsc                 Disabled
Use general process                                1
Enable linear polarisation for gamma               0
Enable photoeffect sampling below K-shell          1
Enable sampling of quantum entanglement            0
X-section factor for integral approach             0.8
Min kinetic energy for tables                      100 eV 
Max kinetic energy for tables                      100 TeV
Number of bins per decade of a table               20
Verbose level                                      1
Verbose level for worker thread                    0
Bremsstrahlung energy threshold above which 
  primary e+- is added to the list of secondary    100 TeV
Bremsstrahlung energy threshold above which primary
  muon/hadron is added to the list of secondary    100 TeV
Positron annihilation at rest model                AllisonPositronium
Enable 3 gamma annihilation on fly                 1
Lowest triplet kinetic energy                      1 MeV
Enable sampling of gamma linear polarisation       0
5D gamma conversion model type                     0
5D gamma conversion model on isolated ion          0
Use RiGe 5D e+e- pair production model by muons    0
Livermore data directory                           epics_2017
=======================================================================
======                 Ionisation Parameters                   ========
=======================================================================
Step function for e+-                              (0.2, 0.01 mm)
Step function for muons/hadrons                    (0.1, 0.05 mm)
Step function for light ions                       (0.1, 0.02 mm)
Step function for general ions                     (0.1, 0.001 mm)
Lowest e+e- kinetic energy                         100 eV 
Lowest muon/hadron kinetic energy                  1 keV
Use ICRU90 data                                    1
Fluctuations of dE/dx are enabled                  1
Type of fluctuation model for leptons and hadrons  Urban
Use built-in Birks saturation                      0
Build CSDA range enabled                           0
Use cut as a final range enabled                   0
Enable angular generator interface                 1
Max kinetic energy for CSDA tables                 1 GeV
Max kinetic energy for NIEL computation            1 MeV
Linear loss limit                                  0.01
Read data from file for e+e- pair production by mu 0
=======================================================================
======                 Multiple Scattering Parameters          ========
=======================================================================
Type of msc step limit algorithm for e+-           2
Type of msc step limit algorithm for muons/hadrons 0
Msc lateral displacement for e+- enabled           1
Msc lateral displacement for muons and hadrons     1
Urban msc model lateral displacement alg96         1
Range factor for msc step limit for e+-            0.08
Range factor for msc step limit for muons/hadrons  0.2
Geometry factor for msc step limitation of e+-     2.5
Safety factor for msc step limit for e+-           0.6
Skin parameter for msc step limitation of e+-      3
Lambda limit for msc step limit for e+-            1 mm
Use Mott correction for e- scattering              1
Factor used for dynamic computation of angular 
  limit between single and multiple scattering     1
Fixed angular limit between single 
  and multiple scattering                          3.1416 rad
Upper energy limit for e+- multiple scattering     100 MeV
Type of electron single scattering model           0
Type of nuclear form-factor                        1
Screening factor                                   1
=======================================================================
======                 Atomic Deexcitation Parameters          ========
=======================================================================
Fluorescence enabled                               1
Directory in G4LEDATA for fluorescence data files  fluor
Auger electron cascade enabled                     1
PIXE atomic de-excitation enabled                  0
De-excitation module ignores cuts                  1
Type of PIXE cross section for hadrons             Empirical
Type of PIXE cross section for e+-                 Livermore
=======================================================================

### ===  Deexcitation model UAtomDeexcitation is activated for 1 region:
          DefaultRegionForTheWorld  1  1  0
### ===  Auger flag: 1
### ===  Ignore cuts flag:   1

phot:  for gamma SubType=12 BuildTable=0
      LambdaPrime table from 200 keV to 100 TeV in 174 bins 
      ===== EM models for the G4Region  DefaultRegionForTheWorld ======
 LivermorePhElectric : Emin=    0 eV  Emax=  100 TeV  SauterGavrila Fluo

compt:  for gamma SubType=13 BuildTable=1
      Lambda table from 100 eV  to 1 MeV, 20 bins/decade, spline: 1
      LambdaPrime table from 1 MeV to 100 TeV in 160 bins 
      ===== EM models for the G4Region  DefaultRegionForTheWorld ======
   LowEPComptonModel : Emin=    0 eV  Emax=   20 MeV Fluo
        KleinNishina : Emin=   20 MeV Emax=  100 TeV Fluo

conv:  for gamma SubType=14 BuildTable=1
      Lambda table from 1.022 MeV to 100 TeV, 20 bins/decade, spline: 1
      ===== EM models for the G4Region  DefaultRegionForTheWorld ======
      BetheHeitler5D : Emin=    0 eV  Emax=  100 TeV  ModifiedTsai

Rayl:  for gamma SubType=11 BuildTable=1
      Lambda table from 100 eV  to 150 keV, 20 bins/decade, spline: 0
      LambdaPrime table from 150 keV to 100 TeV in 176 bins 
      ===== EM models for the G4Region  DefaultRegionForTheWorld ======
   LivermoreRayleigh : Emin=    0 eV  Emax=  100 TeV  CullenGenerator

msc:  for e-  SubType= 10
      ===== EM models for the G4Region  DefaultRegionForTheWorld ======
  GoudsmitSaunderson : Emin=    0 eV  Emax=  100 MeV Nbins=120 100 eV  - 100 MeV
          StepLim=SafetyPlus Rfact=0.08 Gfact=2.5 Sfact=0.6 DispFlag:1 Skin=3 Llim=1 mm
        WentzelVIUni : Emin=  100 MeV Emax=  100 TeV Nbins=120 100 MeV - 100 TeV
          StepLim=SafetyPlus Rfact=0.08 Gfact=2.5 Sfact=0.6 DispFlag:1 Skin=3 Llim=1 mm

eIoni:  for e-  XStype:3  SubType=2
      dE/dx and range tables from 100 eV  to 100 TeV in 240 bins
      Lambda tables from threshold to 100 TeV, 20 bins/decade, spline: 1
      StepFunction=(0.2, 0.01 mm), integ: 3, fluct: 1, linLossLim= 0.01
      ===== EM models for the G4Region  DefaultRegionForTheWorld ======
             PenIoni : Emin=    0 eV  Emax=  100 keV
        MollerBhabha : Emin=  100 keV Emax=  100 TeV  deltaVI

eBrem:  for e-  XStype:4  SubType=3
      dE/dx and range tables from 100 eV  to 100 TeV in 240 bins
      Lambda tables from threshold to 100 TeV, 20 bins/decade, spline: 1
      LPM flag: 1 for E > 1 GeV,  VertexHighEnergyTh(GeV)= 100000
      ===== EM models for the G4Region  DefaultRegionForTheWorld ======
             eBremSB : Emin=    0 eV  Emax=    1 GeV  AngularGen2BS
            eBremLPM : Emin=    1 GeV Emax=  100 TeV  AngularGen2BS

ePairProd:  for e-  XStype:1  SubType=4
      dE/dx and range tables from 100 eV  to 100 TeV in 240 bins
      Lambda tables from threshold to 100 TeV, 20 bins/decade, spline: 0
      Sampling table 25x1001; from 0.1 GeV to 100 TeV 
      ===== EM models for the G4Region  DefaultRegionForTheWorld ======
           ePairProd : Emin=    0 eV  Emax=  100 TeV  ModifiedMephi

CoulombScat:  for e- XStype:1 SubType=1 BuildTable=1
      Lambda table from 100 MeV to 100 TeV, 20 bins/decade, spline: 0
      ThetaMin(p) < Theta(degree) < 180, pLimit(GeV^1)= 0.139531
      ===== EM models for the G4Region  DefaultRegionForTheWorld ======
  eCoulombScattering : Emin=  100 MeV Emax=  100 TeV

msc:  for e+  SubType= 10
      ===== EM models for the G4Region  DefaultRegionForTheWorld ======
  GoudsmitSaunderson : Emin=    0 eV  Emax=  100 MeV Nbins=120 100 eV  - 100 MeV
          StepLim=SafetyPlus Rfact=0.08 Gfact=2.5 Sfact=0.6 DispFlag:1 Skin=3 Llim=1 mm
        WentzelVIUni : Emin=  100 MeV Emax=  100 TeV Nbins=120 100 MeV - 100 TeV
          StepLim=SafetyPlus Rfact=0.08 Gfact=2.5 Sfact=0.6 DispFlag:1 Skin=3 Llim=1 mm

eIoni:  for e+  XStype:3  SubType=2
      dE/dx and range tables from 100 eV  to 100 TeV in 240 bins
      Lambda tables from threshold to 100 TeV, 20 bins/decade, spline: 1
      StepFunction=(0.2, 0.01 mm), integ: 3, fluct: 1, linLossLim= 0.01
      ===== EM models for the G4Region  DefaultRegionForTheWorld ======
             PenIoni : Emin=    0 eV  Emax=  100 keV
        MollerBhabha : Emin=  100 keV Emax=  100 TeV  deltaVI

eBrem:  for e+  XStype:4  SubType=3
      dE/dx and range tables from 100 eV  to 100 TeV in 240 bins
      Lambda tables from threshold to 100 TeV, 20 bins/decade, spline: 1
      LPM flag: 1 for E > 1 GeV,  VertexHighEnergyTh(GeV)= 100000
      ===== EM models for the G4Region  DefaultRegionForTheWorld ======
             eBremSB : Emin=    0 eV  Emax=    1 GeV  AngularGen2BS
            eBremLPM : Emin=    1 GeV Emax=  100 TeV  AngularGen2BS

ePairProd:  for e+  XStype:1  SubType=4
      dE/dx and range tables from 100 eV  to 100 TeV in 240 bins
      Lambda tables from threshold to 100 TeV, 20 bins/decade, spline: 0
      Sampling table 25x1001; from 0.1 GeV to 100 TeV 
      ===== EM models for the G4Region  DefaultRegionForTheWorld ======
           ePairProd : Emin=    0 eV  Emax=  100 TeV  ModifiedMephi

annihil:  for e+ XStype:2 SubType=5 AtRestModel:Allison BuildTable=0
      ===== EM models for the G4Region  DefaultRegionForTheWorld ======
    eplusTo2or3gamma : Emin=    0 eV  Emax=  100 TeV

CoulombScat:  for e+ XStype:1 SubType=1 BuildTable=1
      Lambda table from 100 MeV to 100 TeV, 20 bins/decade, spline: 0
      ThetaMin(p) < Theta(degree) < 180, pLimit(GeV^1)= 0.139531
      ===== EM models for the G4Region  DefaultRegionForTheWorld ======
  eCoulombScattering : Emin=  100 MeV Emax=  100 TeV

msc:  for proton  SubType= 10
      ===== EM models for the G4Region  DefaultRegionForTheWorld ======
        WentzelVIUni : Emin=    0 eV  Emax=  100 TeV Nbins=240 100 eV  - 100 TeV
          StepLim=Minimal Rfact=0.2 Gfact=2.5 Sfact=0.6 DispFlag:1 Skin=3 Llim=1 mm

hIoni:  for proton  XStype:3  SubType=2
      dE/dx and range tables from 100 eV  to 100 TeV in 240 bins
      Lambda tables from threshold to 100 TeV, 20 bins/decade, spline: 1
      StepFunction=(0.1, 0.05 mm), integ: 3, fluct: 1, linLossLim= 0.01
      ===== EM models for the G4Region  DefaultRegionForTheWorld ======
               Bragg : Emin=    0 eV  Emax=    2 MeV  deltaVI
          BetheBloch : Emin=    2 MeV Emax=  100 TeV  deltaVI

hBrems:  for proton  XStype:1  SubType=3
      dE/dx and range tables from 100 eV  to 100 TeV in 240 bins
      Lambda tables from threshold to 100 TeV, 20 bins/decade, spline: 1
      ===== EM models for the G4Region  DefaultRegionForTheWorld ======
               hBrem : Emin=    0 eV  Emax=  100 TeV  ModifiedMephi

hPairProd:  for proton  XStype:1  SubType=4
      dE/dx and range tables from 100 eV  to 100 TeV in 240 bins
      Lambda tables from threshold to 100 TeV, 20 bins/decade, spline: 1
      Sampling table 17x1001, from 7.50618 GeV to 100 TeV 
      ===== EM models for the G4Region  DefaultRegionForTheWorld ======
           hPairProd : Emin=    0 eV  Emax=  100 TeV  ModifiedMephi

CoulombScat:  for proton XStype:1 SubType=1 BuildTable=1
      Lambda table from threshold  to 100 TeV, 20 bins/decade, spline: 0
      ThetaMin(p) < Theta(degree) < 180, pLimit(GeV^1)= 0.139531
      ===== EM models for the G4Region  DefaultRegionForTheWorld ======
  eCoulombScattering : Emin=    0 eV  Emax=  100 TeV

nuclearStopping:  for proton SubType=8 BuildTable=0
      ===== EM models for the G4Region  DefaultRegionForTheWorld ======
   ICRU49NucStopping : Emin=    0 eV  Emax=    1 MeV

msc:  for GenericIon  SubType= 10
      ===== EM models for the G4Region  DefaultRegionForTheWorld ======
            UrbanMsc : Emin=    0 eV  Emax=  100 TeV
          StepLim=Minimal Rfact=0.2 Gfact=2.5 Sfact=0.6 DispFlag:1 Skin=3 Llim=1 mm

ionIoni:  for GenericIon  XStype:3  SubType=2
      dE/dx and range tables from 100 eV  to 100 TeV in 240 bins
      Lambda tables from threshold to 100 TeV, 20 bins/decade, spline: 1
      StepFunction=(0.1, 0.001 mm), integ: 3, fluct: 1, linLossLim= 0.02
      ===== EM models for the G4Region  DefaultRegionForTheWorld ======
    LindhardSorensen : Emin=    0 eV  Emax=  100 TeV  deltaVI

nuclearStopping:  for GenericIon SubType=8 BuildTable=0
      ===== EM models for the G4Region  DefaultRegionForTheWorld ======
   ICRU49NucStopping : Emin=    0 eV  Emax=    1 MeV
======================================================================
======          Radioactive Decay Physics Parameters           =======
======================================================================
min MeanLife (from G4NuclideTable)                1 ns 
Max life time (from G4DeexPrecoParameters)        1000 ps 
Internal e- conversion flag                       1
Stored internal conversion coefficients           1
Enabled atomic relaxation mode                    1
Enable correlated gamma emission                  0
Max 2J for sampling of angular correlations       10
Atomic de-excitation enabled                      1
Auger electron emission enabled                   1
Check EM cuts disabled for atomic de-excitation   1
Use Bearden atomic level energies                 0
Use ANSTO fluorescence model                      0
Threshold for very long decay time at rest        1 y  
======================================================================

====================================================================
                  HADRONIC PROCESSES SUMMARY (verbose level 1)
-------------------------------------------------------------------------
                           Hadronic Processes for GenericIon
  Process: RadioactiveDecay

msc:  for alpha  SubType= 10
      ===== EM models for the G4Region  DefaultRegionForTheWorld ======
            UrbanMsc : Emin=    0 eV  Emax=  100 TeV
          StepLim=Minimal Rfact=0.2 Gfact=2.5 Sfact=0.6 DispFlag:1 Skin=3 Llim=1 mm

ionIoni:  for alpha  XStype:3  SubType=2
      dE/dx and range tables from 100 eV  to 100 TeV in 240 bins
      Lambda tables from threshold to 100 TeV, 20 bins/decade, spline: 1
      StepFunction=(0.1, 0.02 mm), integ: 3, fluct: 1, linLossLim= 0.02
      ===== EM models for the G4Region  DefaultRegionForTheWorld ======
            BraggIon : Emin=    0 eV  Emax=7.9452 MeV  deltaVI
          BetheBloch : Emin=7.9452 MeV Emax=  100 TeV  deltaVI

nuclearStopping:  for alpha SubType=8 BuildTable=0
      ===== EM models for the G4Region  DefaultRegionForTheWorld ======
   ICRU49NucStopping : Emin=    0 eV  Emax=    1 MeV

msc:  for anti_proton  SubType= 10
      ===== EM models for the G4Region  DefaultRegionForTheWorld ======
        WentzelVIUni : Emin=    0 eV  Emax=  100 TeV Nbins=240 100 eV  - 100 TeV
          StepLim=Minimal Rfact=0.2 Gfact=2.5 Sfact=0.6 DispFlag:1 Skin=3 Llim=1 mm

hIoni:  for anti_proton  XStype:3  SubType=2
      dE/dx and range tables from 100 eV  to 100 TeV in 240 bins
      Lambda tables from threshold to 100 TeV, 20 bins/decade, spline: 1
      StepFunction=(0.1, 0.05 mm), integ: 3, fluct: 1, linLossLim= 0.01
      ===== EM models for the G4Region  DefaultRegionForTheWorld ======
            ICRU73QO : Emin=    0 eV  Emax=    2 MeV  deltaVI
          BetheBloch : Emin=    2 MeV Emax=  100 TeV  deltaVI

hBrems:  for anti_proton  XStype:1  SubType=3
      dE/dx and range tables from 100 eV  to 100 TeV in 240 bins
      Lambda tables from threshold to 100 TeV, 20 bins/decade, spline: 1
      ===== EM models for the G4Region  DefaultRegionForTheWorld ======
               hBrem : Emin=    0 eV  Emax=  100 TeV  ModifiedMephi

hPairProd:  for anti_proton  XStype:1  SubType=4
      dE/dx and range tables from 100 eV  to 100 TeV in 240 bins
      Lambda tables from threshold to 100 TeV, 20 bins/decade, spline: 1
      Sampling table 17x1001, from 7.50618 GeV to 100 TeV 
      ===== EM models for the G4Region  DefaultRegionForTheWorld ======
           hPairProd : Emin=    0 eV  Emax=  100 TeV  ModifiedMephi

CoulombScat:  for anti_proton XStype:1 SubType=1 BuildTable=1
      Lambda table from threshold  to 100 TeV, 20 bins/decade, spline: 0
      ThetaMin(p) < Theta(degree) < 180, pLimit(GeV^1)= 0.139531
      ===== EM models for the G4Region  DefaultRegionForTheWorld ======
  eCoulombScattering : Emin=    0 eV  Emax=  100 TeV

msc:  for kaon+  SubType= 10
      ===== EM models for the G4Region  DefaultRegionForTheWorld ======
        WentzelVIUni : Emin=    0 eV  Emax=  100 TeV Nbins=240 100 eV  - 100 TeV
          StepLim=Minimal Rfact=0.2 Gfact=2.5 Sfact=0.6 DispFlag:1 Skin=3 Llim=1 mm

hIoni:  for kaon+  XStype:3  SubType=2
      dE/dx and range tables from 100 eV  to 100 TeV in 240 bins
      Lambda tables from threshold to 100 TeV, 20 bins/decade, spline: 1
      StepFunction=(0.1, 0.05 mm), integ: 3, fluct: 1, linLossLim= 0.01
      ===== EM models for the G4Region  DefaultRegionForTheWorld ======
               Bragg : Emin=    0 eV  Emax=1.05231 MeV  deltaVI
          BetheBloch : Emin=1.05231 MeV Emax=  100 TeV  deltaVI

hBrems:  for kaon+  XStype:1  SubType=3
      dE/dx and range tables from 100 eV  to 100 TeV in 240 bins
      Lambda tables from threshold to 100 TeV, 20 bins/decade, spline: 1
      ===== EM models for the G4Region  DefaultRegionForTheWorld ======
               hBrem : Emin=    0 eV  Emax=  100 TeV  ModifiedMephi

hPairProd:  for kaon+  XStype:1  SubType=4
      dE/dx and range tables from 100 eV  to 100 TeV in 240 bins
      Lambda tables from threshold to 100 TeV, 20 bins/decade, spline: 1
      Sampling table 18x1001, from 3.94942 GeV to 100 TeV 
      ===== EM models for the G4Region  DefaultRegionForTheWorld ======
           hPairProd : Emin=    0 eV  Emax=  100 TeV  ModifiedMephi

CoulombScat:  for kaon+ XStype:1 SubType=1 BuildTable=1
      Lambda table from threshold  to 100 TeV, 20 bins/decade, spline: 0
      ThetaMin(p) < Theta(degree) < 180, pLimit(GeV^1)= 0.139531
      ===== EM models for the G4Region  DefaultRegionForTheWorld ======
  eCoulombScattering : Emin=    0 eV  Emax=  100 TeV

msc:  for kaon-  SubType= 10
      ===== EM models for the G4Region  DefaultRegionForTheWorld ======
        WentzelVIUni : Emin=    0 eV  Emax=  100 TeV Nbins=240 100 eV  - 100 TeV
          StepLim=Minimal Rfact=0.2 Gfact=2.5 Sfact=0.6 DispFlag:1 Skin=3 Llim=1 mm

hIoni:  for kaon-  XStype:3  SubType=2
      dE/dx and range tables from 100 eV  to 100 TeV in 240 bins
      Lambda tables from threshold to 100 TeV, 20 bins/decade, spline: 1
      StepFunction=(0.1, 0.05 mm), integ: 3, fluct: 1, linLossLim= 0.01
      ===== EM models for the G4Region  DefaultRegionForTheWorld ======
            ICRU73QO : Emin=    0 eV  Emax=1.05231 MeV  deltaVI
          BetheBloch : Emin=1.05231 MeV Emax=  100 TeV  deltaVI

hBrems:  for kaon-  XStype:1  SubType=3
      dE/dx and range tables from 100 eV  to 100 TeV in 240 bins
      Lambda tables from threshold to 100 TeV, 20 bins/decade, spline: 1
      ===== EM models for the G4Region  DefaultRegionForTheWorld ======
               hBrem : Emin=    0 eV  Emax=  100 TeV  ModifiedMephi

hPairProd:  for kaon-  XStype:1  SubType=4
      dE/dx and range tables from 100 eV  to 100 TeV in 240 bins
      Lambda tables from threshold to 100 TeV, 20 bins/decade, spline: 1
      Sampling table 18x1001, from 3.94942 GeV to 100 TeV 
      ===== EM models for the G4Region  DefaultRegionForTheWorld ======
           hPairProd : Emin=    0 eV  Emax=  100 TeV  ModifiedMephi

CoulombScat:  for kaon- XStype:1 SubType=1 BuildTable=1
      Used Lambda table of kaon+
      ThetaMin(p) < Theta(degree) < 180, pLimit(GeV^1)= 0.139531
      ===== EM models for the G4Region  DefaultRegionForTheWorld ======
  eCoulombScattering : Emin=    0 eV  Emax=  100 TeV

msc:  for mu+  SubType= 10
      ===== EM models for the G4Region  DefaultRegionForTheWorld ======
        WentzelVIUni : Emin=    0 eV  Emax=  100 TeV Nbins=240 100 eV  - 100 TeV
          StepLim=Minimal Rfact=0.2 Gfact=2.5 Sfact=0.6 DispFlag:1 Skin=3 Llim=1 mm

muIoni:  for mu+  XStype:3  SubType=2
      dE/dx and range tables from 100 eV  to 100 TeV in 240 bins
      Lambda tables from threshold to 100 TeV, 20 bins/decade, spline: 1
      StepFunction=(0.1, 0.05 mm), integ: 3, fluct: 1, linLossLim= 0.01
      ===== EM models for the G4Region  DefaultRegionForTheWorld ======
               Bragg : Emin=    0 eV  Emax=  200 keV  deltaVI
        MuBetheBloch : Emin=  200 keV Emax=  100 TeV  deltaVI

muBrems:  for mu+  XStype:1  SubType=3
      dE/dx and range tables from 100 eV  to 100 TeV in 240 bins
      Lambda tables from threshold to 100 TeV, 20 bins/decade, spline: 1
      ===== EM models for the G4Region  DefaultRegionForTheWorld ======
              MuBrem : Emin=    0 eV  Emax=  100 TeV  ModifiedMephi

muPairProd:  for mu+  XStype:1  SubType=4
      dE/dx and range tables from 100 eV  to 100 TeV in 240 bins
      Lambda tables from threshold to 100 TeV, 20 bins/decade, spline: 1
      Sampling table 21x1001, from 0.85 GeV to 100 TeV 
      ===== EM models for the G4Region  DefaultRegionForTheWorld ======
          muPairProd : Emin=    0 eV  Emax=  100 TeV  ModifiedMephi

CoulombScat:  for mu+ XStype:1 SubType=1 BuildTable=1
      Lambda table from threshold  to 100 TeV, 20 bins/decade, spline: 0
      ThetaMin(p) < Theta(degree) < 180, pLimit(GeV^1)= 0.139531
      ===== EM models for the G4Region  DefaultRegionForTheWorld ======
  eCoulombScattering : Emin=    0 eV  Emax=  100 TeV

msc:  for mu-  SubType= 10
      ===== EM models for the G4Region  DefaultRegionForTheWorld ======
        WentzelVIUni : Emin=    0 eV  Emax=  100 TeV Nbins=240 100 eV  - 100 TeV
          StepLim=Minimal Rfact=0.2 Gfact=2.5 Sfact=0.6 DispFlag:1 Skin=3 Llim=1 mm

muIoni:  for mu-  XStype:3  SubType=2
      dE/dx and range tables from 100 eV  to 100 TeV in 240 bins
      Lambda tables from threshold to 100 TeV, 20 bins/decade, spline: 1
      StepFunction=(0.1, 0.05 mm), integ: 3, fluct: 1, linLossLim= 0.01
      ===== EM models for the G4Region  DefaultRegionForTheWorld ======
            ICRU73QO : Emin=    0 eV  Emax=  200 keV  deltaVI
        MuBetheBloch : Emin=  200 keV Emax=  100 TeV  deltaVI

muBrems:  for mu-  XStype:1  SubType=3
      dE/dx and range tables from 100 eV  to 100 TeV in 240 bins
      Lambda tables from threshold to 100 TeV, 20 bins/decade, spline: 1
      ===== EM models for the G4Region  DefaultRegionForTheWorld ======
              MuBrem : Emin=    0 eV  Emax=  100 TeV  ModifiedMephi

muPairProd:  for mu-  XStype:1  SubType=4
      dE/dx and range tables from 100 eV  to 100 TeV in 240 bins
      Lambda tables from threshold to 100 TeV, 20 bins/decade, spline: 1
      Sampling table 21x1001, from 0.85 GeV to 100 TeV 
      ===== EM models for the G4Region  DefaultRegionForTheWorld ======
          muPairProd : Emin=    0 eV  Emax=  100 TeV  ModifiedMephi

CoulombScat:  for mu- XStype:1 SubType=1 BuildTable=1
      Used Lambda table of mu+
      ThetaMin(p) < Theta(degree) < 180, pLimit(GeV^1)= 0.139531
      ===== EM models for the G4Region  DefaultRegionForTheWorld ======
  eCoulombScattering : Emin=    0 eV  Emax=  100 TeV

msc:  for pi+  SubType= 10
      ===== EM models for the G4Region  DefaultRegionForTheWorld ======
        WentzelVIUni : Emin=    0 eV  Emax=  100 TeV Nbins=240 100 eV  - 100 TeV
          StepLim=Minimal Rfact=0.2 Gfact=2.5 Sfact=0.6 DispFlag:1 Skin=3 Llim=1 mm

hIoni:  for pi+  XStype:3  SubType=2
      dE/dx and range tables from 100 eV  to 100 TeV in 240 bins
      Lambda tables from threshold to 100 TeV, 20 bins/decade, spline: 1
      StepFunction=(0.1, 0.05 mm), integ: 3, fluct: 1, linLossLim= 0.01
      ===== EM models for the G4Region  DefaultRegionForTheWorld ======
               Bragg : Emin=    0 eV  Emax=297.505 keV  deltaVI
          BetheBloch : Emin=297.505 keV Emax=  100 TeV  deltaVI

hBrems:  for pi+  XStype:1  SubType=3
      dE/dx and range tables from 100 eV  to 100 TeV in 240 bins
      Lambda tables from threshold to 100 TeV, 20 bins/decade, spline: 1
      ===== EM models for the G4Region  DefaultRegionForTheWorld ======
               hBrem : Emin=    0 eV  Emax=  100 TeV  ModifiedMephi

hPairProd:  for pi+  XStype:1  SubType=4
      dE/dx and range tables from 100 eV  to 100 TeV in 240 bins
      Lambda tables from threshold to 100 TeV, 20 bins/decade, spline: 1
      Sampling table 20x1001, from 1.11656 GeV to 100 TeV 
      ===== EM models for the G4Region  DefaultRegionForTheWorld ======
           hPairProd : Emin=    0 eV  Emax=  100 TeV  ModifiedMephi

CoulombScat:  for pi+ XStype:1 SubType=1 BuildTable=1
      Lambda table from threshold  to 100 TeV, 20 bins/decade, spline: 0
      ThetaMin(p) < Theta(degree) < 180, pLimit(GeV^1)= 0.139531
      ===== EM models for the G4Region  DefaultRegionForTheWorld ======
  eCoulombScattering : Emin=    0 eV  Emax=  100 TeV

msc:  for pi-  SubType= 10
      ===== EM models for the G4Region  DefaultRegionForTheWorld ======
        WentzelVIUni : Emin=    0 eV  Emax=  100 TeV Nbins=240 100 eV  - 100 TeV
          StepLim=Minimal Rfact=0.2 Gfact=2.5 Sfact=0.6 DispFlag:1 Skin=3 Llim=1 mm

hIoni:  for pi-  XStype:3  SubType=2
      dE/dx and range tables from 100 eV  to 100 TeV in 240 bins
      Lambda tables from threshold to 100 TeV, 20 bins/decade, spline: 1
      StepFunction=(0.1, 0.05 mm), integ: 3, fluct: 1, linLossLim= 0.01
      ===== EM models for the G4Region  DefaultRegionForTheWorld ======
            ICRU73QO : Emin=    0 eV  Emax=297.505 keV  deltaVI
          BetheBloch : Emin=297.505 keV Emax=  100 TeV  deltaVI

hBrems:  for pi-  XStype:1  SubType=3
      dE/dx and range tables from 100 eV  to 100 TeV in 240 bins
      Lambda tables from threshold to 100 TeV, 20 bins/decade, spline: 1
      ===== EM models for the G4Region  DefaultRegionForTheWorld ======
               hBrem : Emin=    0 eV  Emax=  100 TeV  ModifiedMephi

hPairProd:  for pi-  XStype:1  SubType=4
      dE/dx and range tables from 100 eV  to 100 TeV in 240 bins
      Lambda tables from threshold to 100 TeV, 20 bins/decade, spline: 1
      Sampling table 20x1001, from 1.11656 GeV to 100 TeV 
      ===== EM models for the G4Region  DefaultRegionForTheWorld ======
           hPairProd : Emin=    0 eV  Emax=  100 TeV  ModifiedMephi

CoulombScat:  for pi- XStype:1 SubType=1 BuildTable=1
      Used Lambda table of pi+
      ThetaMin(p) < Theta(degree) < 180, pLimit(GeV^1)= 0.139531
      ===== EM models for the G4Region  DefaultRegionForTheWorld ======
  eCoulombScattering : Emin=    0 eV  Emax=  100 TeV
G4WT1 > Accumulable registered as "any"
G4WT10 > Accumulable registered as "any"
G4WT1 > Accumulable registered as "w0"
G4WT10 > Accumulable registered as "w0"
G4WT10 > Accumulable registered as "h0"
G4WT1 > Accumulable registered as "h0"
G4WT10 > Accumulable registered as "h1"
G4WT10 > Accumulable registered as "h2"
G4WT10 > Accumulable registered as "h3"
G4WT1 > Accumulable registered as "h1"
G4WT10 > Accumulable registered as "h4"
G4WT10 > Accumulable registered as "h5"
G4WT1 > Accumulable registered as "h2"
G4WT10 > Accumulable registered as "h6"
G4WT10 > Accumulable registered as "h7"
G4WT11 > Accumulable registered as "any"
G4WT10 > Accumulable registered as "h8"
G4WT11 > Accumulable registered as "w0"
G4WT1 > Accumulable registered as "h3"
G4WT11 > Accumulable registered as "h0"
G4WT1 > Accumulable registered as "h4"
G4WT10 > Accumulable registered as "h9"
G4WT1 > Accumulable registered as "h5"
G4WT11 > Accumulable registered as "h1"
G4WT1 > Accumulable registered as "h6"
G4WT10 > Accumulable registered as "h10"
G4WT11 > Accumulable registered as "h2"
G4WT1 > Accumulable registered as "h7"
G4WT10 > Accumulable registered as "h11"
G4WT1 > Accumulable registered as "h8"
G4WT10 > Accumulable registered as "h12"
G4WT1 > Accumulable registered as "h9"
G4WT10 > Accumulable registered as "h13"
G4WT1 > Accumulable registered as "h10"
G4WT10 > Accumulable registered as "h14"
G4WT1 > Accumulable registered as "h11"
G4WT10 > Accumulable registered as "h15"
G4WT1 > Accumulable registered as "h12"
G4WT10 > Accumulable registered as "h16"
G4WT1 > Accumulable registered as "h13"
G4WT11 > Accumulable registered as "h3"
G4WT10 > Accumulable registered as "h17"
G4WT1 > Accumulable registered as "h14"
G4WT11 > Accumulable registered as "h4"
G4WT10 > Accumulable registered as "h18"
G4WT1 > Accumulable registered as "h15"
G4WT11 > Accumulable registered as "h5"
G4WT10 > Accumulable registered as "h19"
G4WT1 > Accumulable registered as "h16"
G4WT11 > Accumulable registered as "h6"
G4WT1 > Accumulable registered as "h17"
G4WT10 > Accumulable registered as "h20"
G4WT11 > Accumulable registered as "h7"
G4WT1 > Accumulable registered as "h18"
G4WT10 > Accumulable registered as "h21"
G4WT11 > Accumulable registered as "h8"
G4WT1 > Accumulable registered as "h19"
G4WT10 > Accumulable registered as "h22"
G4WT11 > Accumulable registered as "h9"
G4WT1 > Accumulable registered as "h20"
G4WT10 > Accumulable registered as "h23"
G4WT11 > Accumulable registered as "h10"
G4WT1 > Accumulable registered as "h21"
G4WT10 > Accumulable registered as "h24"
G4WT11 > Accumulable registered as "h11"
G4WT1 > Accumulable registered as "h22"
G4WT10 > Accumulable registered as "h25"
G4WT11 > Accumulable registered as "h12"
G4WT1 > Accumulable registered as "h23"
G4WT10 > Accumulable registered as "h26"
G4WT11 > Accumulable registered as "h13"
G4WT1 > Accumulable registered as "h24"
G4WT10 > Accumulable registered as "h27"
G4WT11 > Accumulable registered as "h14"
G4WT1 > Accumulable registered as "h25"
G4WT10 > Accumulable registered as "h28"
G4WT11 > Accumulable registered as "h15"
G4WT1 > Accumulable registered as "h26"
G4WT10 > Accumulable registered as "h29"
G4WT11 > Accumulable registered as "h16"
G4WT1 > Accumulable registered as "h27"
G4WT10 > Accumulable registered as "h30"
G4WT1 > Accumulable registered as "h28"
G4WT11 > Accumulable registered as "h17"
G4WT10 > Accumulable registered as "h31"
G4WT1 > Accumulable registered as "h29"
G4WT11 > Accumulable registered as "h18"
G4WT10 > Accumulable registered as "h32"
G4WT1 > Accumulable registered as "h30"
G4WT11 > Accumulable registered as "h19"
G4WT1 > Accumulable registered as "h31"
G4WT10 > Accumulable registered as "h33"
G4WT1 > Accumulable registered as "h32"
G4WT11 > Accumulable registered as "h20"
G4WT10 > Accumulable registered as "h34"
G4WT1 > Accumulable registered as "h33"
G4WT11 > Accumulable registered as "h21"
G4WT1 > Accumulable registered as "h34"
G4WT10 > Accumulable registered as "h35"
G4WT11 > Accumulable registered as "h22"
G4WT10 > Accumulable registered as "h36"
G4WT1 > Accumulable registered as "h35"
G4WT10 > Accumulable registered as "h37"
G4WT3 > Accumulable registered as "any"
G4WT9 > Accumulable registered as "any"
G4WT3 > Accumulable registered as "w0"
G4WT2 > Accumulable registered as "any"
G4WT3 > Accumulable registered as "h0"
G4WT9 > Accumulable registered as "w0"
G4WT2 > Accumulable registered as "w0"
G4WT7 > Accumulable registered as "any"
G4WT0 > Accumulable registered as "any"
G4WT7 > Accumulable registered as "w0"
G4WT11 > Accumulable registered as "h23"
G4WT1 > Accumulable registered as "h36"
G4WT5 > Accumulable registered as "any"
G4WT6 > Accumulable registered as "any"
G4WT5 > Accumulable registered as "w0"
G4WT3 > Accumulable registered as "h1"
G4WT8 > Accumulable registered as "any"
G4WT4 > Accumulable registered as "any"
G4WT9 > Accumulable registered as "h0"
G4WT4 > Accumulable registered as "w0"
G4WT10 > Accumulable registered as "h38"
G4WT9 > Accumulable registered as "h1"
G4WT10 > Accumulable registered as "h39"
G4WT11 > Accumulable registered as "h24"
G4WT9 > Accumulable registered as "h2"
G4WT10 > Accumulable registered as "h40"
G4WT11 > Accumulable registered as "h25"
G4WT10 > Accumulable registered as "h41"
G4WT2 > Accumulable registered as "h0"
G4WT10 > Accumulable registered as "h42"
G4WT3 > Accumulable registered as "h2"
G4WT4 > Accumulable registered as "h0"
G4WT2 > Accumulable registered as "h1"
G4WT1 > Accumulable registered as "h37"
G4WT2 > Accumulable registered as "h2"
G4WT8 > Accumulable registered as "w0"
G4WT1 > Accumulable registered as "h38"
G4WT6 > Accumulable registered as "w0"
G4WT1 > Accumulable registered as "h39"
G4WT0 > Accumulable registered as "w0"
G4WT6 > Accumulable registered as "h0"
G4WT7 > Accumulable registered as "h0"
G4WT5 > Accumulable registered as "h0"
G4WT4 > Accumulable registered as "h1"
G4WT9 > Accumulable registered as "h3"
G4WT4 > Accumulable registered as "h2"
G4WT11 > Accumulable registered as "h26"
G4WT9 > Accumulable registered as "h4"
G4WT11 > Accumulable registered as "h27"
G4WT1 > Accumulable registered as "h40"
G4WT11 > Accumulable registered as "h28"
G4WT0 > Accumulable registered as "h0"
G4WT1 > Accumulable registered as "h41"
G4WT7 > Accumulable registered as "h1"
G4WT6 > Accumulable registered as "h1"
G4WT5 > Accumulable registered as "h1"
G4WT4 > Accumulable registered as "h3"
G4WT8 > Accumulable registered as "h0"
G4WT4 > Accumulable registered as "h4"
G4WT9 > Accumulable registered as "h5"
G4WT3 > Accumulable registered as "h3"
G4WT11 > Accumulable registered as "h29"
G4WT3 > Accumulable registered as "h4"
G4WT1 > Accumulable registered as "h42"
G4WT7 > Accumulable registered as "h2"
G4WT2 > Accumulable registered as "h3"
G4WT7 > Accumulable registered as "h3"
G4WT5 > Accumulable registered as "h2"
G4WT10 > Accumulable registered as "h43"
G4WT8 > Accumulable registered as "h1"
G4WT10 > Accumulable registered as "h44"
G4WT9 > Accumulable registered as "h6"
G4WT8 > Accumulable registered as "h2"
G4WT0 > Accumulable registered as "h1"
G4WT9 > Accumulable registered as "h7"
G4WT6 > Accumulable registered as "h2"
G4WT9 > Accumulable registered as "h8"
G4WT2 > Accumulable registered as "h4"
G4WT11 > Accumulable registered as "h30"
G4WT5 > Accumulable registered as "h3"
G4WT10 > Accumulable registered as "h45"
G4WT5 > Accumulable registered as "h4"
G4WT10 > Accumulable registered as "h46"
G4WT3 > Accumulable registered as "h5"
G4WT4 > Accumulable registered as "h5"
G4WT3 > Accumulable registered as "h6"
G4WT0 > Accumulable registered as "h2"
G4WT4 > Accumulable registered as "h6"
G4WT2 > Accumulable registered as "h5"
G4WT4 > Accumulable registered as "h7"
G4WT6 > Accumulable registered as "h3"
G4WT4 > Accumulable registered as "h8"
G4WT5 > Accumulable registered as "h5"
G4WT1 > Accumulable registered as "h43"
G4WT10 > Accumulable registered as "h47"
G4WT1 > Accumulable registered as "h44"
G4WT7 > Accumulable registered as "h4"
G4WT3 > Accumulable registered as "h7"
G4WT10 > Accumulable registered as "h48"
G4WT0 > Accumulable registered as "h3"
G4WT3 > Accumulable registered as "h8"
G4WT2 > Accumulable registered as "h6"
G4WT3 > Accumulable registered as "h9"
G4WT8 > Accumulable registered as "h3"
G4WT3 > Accumulable registered as "h10"
G4WT8 > Accumulable registered as "h4"
G4WT3 > Accumulable registered as "h11"
G4WT8 > Accumulable registered as "h5"
G4WT7 > Accumulable registered as "h5"
G4WT8 > Accumulable registered as "h6"
G4WT10 > Accumulable registered as "h49"
G4WT6 > Accumulable registered as "h4"
G4WT10 > Accumulable registered as "h50"
G4WT4 > Accumulable registered as "h9"
G4WT5 > Accumulable registered as "h6"
G4WT2 > Accumulable registered as "h7"
G4WT4 > Accumulable registered as "h10"
G4WT9 > Accumulable registered as "h9"
G4WT1 > Accumulable registered as "h45"
G4WT9 > Accumulable registered as "h10"
G4WT9 > Accumulable registered as "h11"
G4WT8 > Accumulable registered as "h7"
G4WT1 > Accumulable registered as "h46"
G4WT8 > Accumulable registered as "h8"
G4WT1 > Accumulable registered as "h47"
G4WT5 > Accumulable registered as "h7"
G4WT5 > Accumulable registered as "h8"
G4WT2 > Accumulable registered as "h8"
G4WT2 > Accumulable registered as "h9"
G4WT0 > Accumulable registered as "h4"
G4WT2 > Accumulable registered as "h10"
G4WT9 > Accumulable registered as "h12"
G4WT7 > Accumulable registered as "h6"
G4WT2 > Accumulable registered as "h11"
G4WT10 > Accumulable registered as "h51"
G4WT3 > Accumulable registered as "h12"
G4WT10 > Accumulable registered as "h52"
G4WT1 > Accumulable registered as "h48"
G4WT10 > Accumulable registered as "h53"
G4WT5 > Accumulable registered as "h9"
G4WT6 > Accumulable registered as "h5"
G4WT0 > Accumulable registered as "h5"
G4WT6 > Accumulable registered as "h6"
G4WT7 > Accumulable registered as "h7"
G4WT0 > Accumulable registered as "h6"
G4WT2 > Accumulable registered as "h12"
G4WT0 > Accumulable registered as "h7"
G4WT2 > Accumulable registered as "h13"
G4WT0 > Accumulable registered as "h8"
G4WT1 > Accumulable registered as "h49"
G4WT0 > Accumulable registered as "h9"
G4WT4 > Accumulable registered as "h11"
G4WT1 > Accumulable registered as "h50"
G4WT6 > Accumulable registered as "h7"
G4WT8 > Accumulable registered as "h9"
G4WT3 > Accumulable registered as "h13"
G4WT7 > Accumulable registered as "h8"
G4WT3 > Accumulable registered as "h14"
G4WT10 > Accumulable registered as "h54"
G4WT5 > Accumulable registered as "h10"
G4WT9 > Accumulable registered as "h13"
G4WT0 > Accumulable registered as "h10"
G4WT9 > Accumulable registered as "h14"
G4WT1 > Accumulable registered as "h51"
G4WT8 > Accumulable registered as "h10"
G4WT1 > Accumulable registered as "h52"
G4WT1 > Accumulable registered as "h53"
G4WT2 > Accumulable registered as "h14"
G4WT3 > Accumulable registered as "h15"
G4WT2 > Accumulable registered as "h15"
G4WT3 > Accumulable registered as "h16"
G4WT2 > Accumulable registered as "h16"
G4WT3 > Accumulable registered as "h17"
G4WT0 > Accumulable registered as "h11"
G4WT0 > Accumulable registered as "h12"
G4WT8 > Accumulable registered as "h11"
G4WT6 > Accumulable registered as "h8"
G4WT1 > Accumulable registered as "h54"
G4WT7 > Accumulable registered as "h9"
G4WT10 > Accumulable registered as "h55"
G4WT5 > Accumulable registered as "h11"
G4WT10 > Accumulable registered as "h56"
G4WT5 > Accumulable registered as "h12"
G4WT4 > Accumulable registered as "h12"
G4WT2 > Accumulable registered as "h17"
G4WT3 > Accumulable registered as "h18"
G4WT9 > Accumulable registered as "h15"
G4WT0 > Accumulable registered as "h13"
G4WT8 > Accumulable registered as "h12"
G4WT1 > Accumulable registered as "h55"
G4WT8 > Accumulable registered as "h13"
G4WT1 > Accumulable registered as "h56"
G4WT10 > Accumulable registered as "h57"
G4WT5 > Accumulable registered as "h13"
G4WT4 > Accumulable registered as "h13"
G4WT5 > Accumulable registered as "h14"
G4WT3 > Accumulable registered as "h19"
G4WT4 > Accumulable registered as "h14"
G4WT4 > Accumulable registered as "h15"
G4WT3 > Accumulable registered as "h20"
G4WT0 > Accumulable registered as "h14"
G4WT3 > Accumulable registered as "h21"
G4WT1 > Accumulable registered as "h57"
G4WT10 > Accumulable registered as "h58"
G4WT1 > Accumulable registered as "h58"
G4WT10 > Accumulable registered as "h59"
G4WT5 > Accumulable registered as "h15"
G4WT6 > Accumulable registered as "h9"
G4WT5 > Accumulable registered as "h16"
G4WT4 > Accumulable registered as "h16"
G4WT5 > Accumulable registered as "h17"
G4WT8 > Accumulable registered as "h14"
G4WT4 > Accumulable registered as "h17"
G4WT4 > Accumulable registered as "h18"
G4WT2 > Accumulable registered as "h18"
G4WT9 > Accumulable registered as "h16"
G4WT2 > Accumulable registered as "h19"
G4WT10 > Accumulable registered as "h60"
G4WT2 > Accumulable registered as "h20"
G4WT2 > Accumulable registered as "h21"
G4WT3 > Accumulable registered as "h22"
G4WT5 > Accumulable registered as "h18"
G4WT0 > Accumulable registered as "h15"
G4WT5 > Accumulable registered as "h19"
G4WT8 > Accumulable registered as "h15"
G4WT5 > Accumulable registered as "h20"
G4WT0 > Accumulable registered as "h16"
G4WT5 > Accumulable registered as "h21"
G4WT8 > Accumulable registered as "h16"
G4WT10 > Accumulable registered as "h61"
G4WT8 > Accumulable registered as "h17"
G4WT0 > Accumulable registered as "h17"
G4WT7 > Accumulable registered as "h10"
G4WT8 > Accumulable registered as "h18"
G4WT0 > Accumulable registered as "h18"
G4WT1 > Accumulable registered as "h59"
G4WT8 > Accumulable registered as "h19"
G4WT0 > Accumulable registered as "h19"
G4WT5 > Accumulable registered as "h22"
G4WT3 > Accumulable registered as "h23"
G4WT10 > Accumulable registered as "h62"
G4WT3 > Accumulable registered as "h24"
G4WT4 > Accumulable registered as "h19"
G4WT9 > Accumulable registered as "h17"
G4WT4 > Accumulable registered as "h20"
G4WT8 > Accumulable registered as "h20"
G4WT8 > Accumulable registered as "h21"
G4WT8 > Accumulable registered as "h22"
G4WT8 > Accumulable registered as "h23"
G4WT8 > Accumulable registered as "h24"
G4WT8 > Accumulable registered as "h25"
G4WT8 > Accumulable registered as "h26"
G4WT8 > Accumulable registered as "h27"
G4WT8 > Accumulable registered as "h28"
G4WT8 > Accumulable registered as "h29"
G4WT11 > Accumulable registered as "h31"
G4WT8 > Accumulable registered as "h30"
G4WT4 > Accumulable registered as "h21"
G4WT8 > Accumulable registered as "h31"
G4WT11 > Accumulable registered as "h32"
G4WT8 > Accumulable registered as "h32"
G4WT5 > Accumulable registered as "h23"
G4WT7 > Accumulable registered as "h11"
G4WT4 > Accumulable registered as "h22"
G4WT1 > Accumulable registered as "h60"
G4WT9 > Accumulable registered as "h18"
G4WT1 > Accumulable registered as "h61"
G4WT9 > Accumulable registered as "h19"
G4WT1 > Accumulable registered as "h62"
G4WT2 > Accumulable registered as "h22"
G4WT11 > Accumulable registered as "h33"
G4WT2 > Accumulable registered as "h23"
G4WT5 > Accumulable registered as "h24"
G4WT10 > Accumulable registered as "h63"
G4WT10 > Accumulable registered as "h64"
G4WT7 > Accumulable registered as "h12"
G4WT4 > Accumulable registered as "h23"
G4WT9 > Accumulable registered as "h20"
G4WT1 > Accumulable registered as "h63"
G4WT4 > Accumulable registered as "h24"
G4WT6 > Accumulable registered as "h10"
G4WT3 > Accumulable registered as "h25"
G4WT4 > Accumulable registered as "h25"
G4WT11 > Accumulable registered as "h34"
G4WT5 > Accumulable registered as "h25"
G4WT11 > Accumulable registered as "h35"
G4WT5 > Accumulable registered as "h26"
G4WT11 > Accumulable registered as "h36"
G4WT9 > Accumulable registered as "h21"
G4WT1 > Accumulable registered as "h64"
G4WT9 > Accumulable registered as "h22"
G4WT6 > Accumulable registered as "h11"
G4WT2 > Accumulable registered as "h24"
G4WT3 > Accumulable registered as "h26"
G4WT4 > Accumulable registered as "h26"
G4WT10 > Accumulable registered as "h65"
G4WT4 > Accumulable registered as "h27"
G4WT7 > Accumulable registered as "h13"
G4WT4 > Accumulable registered as "h28"
G4WT5 > Accumulable registered as "h27"
G4WT9 > Accumulable registered as "h23"
G4WT5 > Accumulable registered as "h28"
G4WT1 > Accumulable registered as "h65"
G4WT5 > Accumulable registered as "h29"
G4WT1 > Accumulable registered as "h66"
G4WT5 > Accumulable registered as "h30"
G4WT1 > Accumulable registered as "h67"
G4WT10 > Accumulable registered as "h66"
G4WT0 > Accumulable registered as "h20"
G4WT10 > Accumulable registered as "h67"
G4WT11 > Accumulable registered as "h37"
G4WT9 > Accumulable registered as "h24"
G4WT11 > Accumulable registered as "h38"
G4WT6 > Accumulable registered as "h12"
G4WT8 > Accumulable registered as "h33"
G4WT3 > Accumulable registered as "h27"
G4WT5 > Accumulable registered as "h31"
G4WT1 > Accumulable registered as "h68"
G4WT5 > Accumulable registered as "h32"
G4WT4 > Accumulable registered as "h29"
G4WT10 > Accumulable registered as "h68"
G4WT0 > Accumulable registered as "h21"
G4WT9 > Accumulable registered as "h25"
G4WT0 > Accumulable registered as "h22"
G4WT11 > Accumulable registered as "h39"
G4WT0 > Accumulable registered as "h23"
G4WT6 > Accumulable registered as "h13"
G4WT0 > Accumulable registered as "h24"
G4WT3 > Accumulable registered as "h28"
G4WT1 > Accumulable registered as "h69"
G4WT5 > Accumulable registered as "h33"
G4WT7 > Accumulable registered as "h14"
G4WT3 > Accumulable registered as "h29"
G4WT5 > Accumulable registered as "h34"
G4WT10 > Accumulable registered as "h69"
G4WT3 > Accumulable registered as "h30"
G4WT2 > Accumulable registered as "h25"
G4WT6 > Accumulable registered as "h14"
G4WT2 > Accumulable registered as "h26"
G4WT0 > Accumulable registered as "h25"
G4WT4 > Accumulable registered as "h30"
G4WT0 > Accumulable registered as "h26"
G4WT9 > Accumulable registered as "h26"
G4WT7 > Accumulable registered as "h15"
G4WT5 > Accumulable registered as "h35"
G4WT8 > Accumulable registered as "h34"
G4WT5 > Accumulable registered as "h36"
G4WT10 > Accumulable registered as "h70"
G4WT11 > Accumulable registered as "h40"
G4WT2 > Accumulable registered as "h27"
G4WT6 > Accumulable registered as "h15"
G4WT0 > Accumulable registered as "h27"
G4WT4 > Accumulable registered as "h31"
G4WT9 > Accumulable registered as "h27"
G4WT3 > Accumulable registered as "h31"
G4WT7 > Accumulable registered as "h16"
G4WT8 > Accumulable registered as "h35"
G4WT7 > Accumulable registered as "h17"
G4WT5 > Accumulable registered as "h37"
G4WT11 > Accumulable registered as "h41"
G4WT5 > Accumulable registered as "h38"
G4WT1 > Accumulable registered as "h70"
G4WT6 > Accumulable registered as "h16"
G4WT1 > Accumulable registered as "h71"
G4WT6 > Accumulable registered as "h17"
G4WT4 > Accumulable registered as "h32"
G4WT6 > Accumulable registered as "h18"
G4WT3 > Accumulable registered as "h32"
G4WT4 > Accumulable registered as "h33"
G4WT10 > Accumulable registered as "h71"
G4WT11 > Accumulable registered as "h42"
G4WT5 > Accumulable registered as "h39"
G4WT2 > Accumulable registered as "h28"
G4WT0 > Accumulable registered as "h28"
G4WT1 > Accumulable registered as "h72"
G4WT0 > Accumulable registered as "h29"
G4WT1 > Accumulable registered as "h73"
G4WT9 > Accumulable registered as "h28"
G4WT6 > Accumulable registered as "h19"
G4WT7 > Accumulable registered as "h18"
G4WT3 > Accumulable registered as "h33"
G4WT7 > Accumulable registered as "h19"
G4WT10 > Accumulable registered as "h72"
G4WT7 > Accumulable registered as "h20"
G4WT11 > Accumulable registered as "h43"
G4WT7 > Accumulable registered as "h21"
G4WT8 > Accumulable registered as "h36"
G4WT1 > Accumulable registered as "h74"
G4WT8 > Accumulable registered as "h37"
G4WT4 > Accumulable registered as "h34"
G4WT1 > Accumulable registered as "h75"
G4WT6 > Accumulable registered as "h20"
G4WT1 > Accumulable registered as "h76"
G4WT4 > Accumulable registered as "h35"
G4WT2 > Accumulable registered as "h29"
G4WT4 > Accumulable registered as "h36"
G4WT0 > Accumulable registered as "h30"
G4WT7 > Accumulable registered as "h22"
G4WT0 > Accumulable registered as "h31"
G4WT7 > Accumulable registered as "h23"
G4WT8 > Accumulable registered as "h38"
G4WT5 > Accumulable registered as "h40"
G4WT3 > Accumulable registered as "h34"
G4WT1 > Accumulable registered as "h77"
G4WT6 > Accumulable registered as "h21"
G4WT11 > Accumulable registered as "h44"
G4WT6 > Accumulable registered as "h22"
G4WT4 > Accumulable registered as "h37"
G4WT9 > Accumulable registered as "h29"
G4WT0 > Accumulable registered as "h32"
G4WT9 > Accumulable registered as "h30"
G4WT7 > Accumulable registered as "h24"
G4WT8 > Accumulable registered as "h39"
G4WT5 > Accumulable registered as "h41"
G4WT3 > Accumulable registered as "h35"
G4WT1 > Accumulable registered as "h78"
G4WT11 > Accumulable registered as "h45"
G4WT1 > Accumulable registered as "h79"
G4WT2 > Accumulable registered as "h30"
G4WT6 > Accumulable registered as "h23"
G4WT2 > Accumulable registered as "h31"
G4WT6 > Accumulable registered as "h24"
G4WT2 > Accumulable registered as "h32"
G4WT9 > Accumulable registered as "h31"
G4WT7 > Accumulable registered as "h25"
G4WT2 > Accumulable registered as "h33"
G4WT3 > Accumulable registered as "h36"
G4WT11 > Accumulable registered as "h46"
G4WT3 > Accumulable registered as "h37"
G4WT1 > Accumulable registered as "h80"
G4WT3 > Accumulable registered as "h38"
G4WT0 > Accumulable registered as "h33"
G4WT10 > Accumulable registered as "h73"
G4WT8 > Accumulable registered as "h40"
G4WT10 > Accumulable registered as "h74"
G4WT9 > Accumulable registered as "h32"
G4WT10 > Accumulable registered as "h75"
G4WT5 > Accumulable registered as "h42"
G4WT10 > Accumulable registered as "h76"
G4WT5 > Accumulable registered as "h43"
G4WT10 > Accumulable registered as "h77"
G4WT5 > Accumulable registered as "h44"
G4WT6 > Accumulable registered as "h25"
G4WT0 > Accumulable registered as "h34"
G4WT6 > Accumulable registered as "h26"
G4WT7 > Accumulable registered as "h26"
G4WT9 > Accumulable registered as "h33"
G4WT9 > Accumulable registered as "h34"
G4WT2 > Accumulable registered as "h34"
G4WT4 > Accumulable registered as "h38"
G4WT3 > Accumulable registered as "h39"
G4WT4 > Accumulable registered as "h39"
G4WT10 > Accumulable registered as "h78"
G4WT5 > Accumulable registered as "h45"
G4WT8 > Accumulable registered as "h41"
G4WT0 > Accumulable registered as "h35"
G4WT8 > Accumulable registered as "h42"
G4WT6 > Accumulable registered as "h27"
G4WT0 > Accumulable registered as "h36"
G4WT9 > Accumulable registered as "h35"
G4WT11 > Accumulable registered as "h47"
G4WT9 > Accumulable registered as "h36"
G4WT2 > Accumulable registered as "h35"
G4WT4 > Accumulable registered as "h40"
G4WT3 > Accumulable registered as "h40"
G4WT1 > Accumulable registered as "h81"
G4WT3 > Accumulable registered as "h41"
G4WT3 > Accumulable registered as "h42"
G4WT1 > Accumulable registered as "h82"
G4WT3 > Accumulable registered as "h43"
G4WT1 > Accumulable registered as "h83"
G4WT3 > Accumulable registered as "h44"
G4WT9 > Accumulable registered as "h37"
G4WT10 > Accumulable registered as "h79"
G4WT9 > Accumulable registered as "h38"
G4WT4 > Accumulable registered as "h41"
G4WT8 > Accumulable registered as "h43"
G4WT7 > Accumulable registered as "h27"
G4WT0 > Accumulable registered as "h37"
G4WT6 > Accumulable registered as "h28"
G4WT11 > Accumulable registered as "h48"
G4WT6 > Accumulable registered as "h29"
G4WT11 > Accumulable registered as "h49"
G4WT2 > Accumulable registered as "h36"
G4WT5 > Accumulable registered as "h46"
G4WT10 > Accumulable registered as "h80"
G4WT9 > Accumulable registered as "h39"
G4WT10 > Accumulable registered as "h81"
G4WT9 > Accumulable registered as "h40"
G4WT8 > Accumulable registered as "h44"
G4WT0 > Accumulable registered as "h38"
G4WT8 > Accumulable registered as "h45"
G4WT1 > Accumulable registered as "h84"
G4WT8 > Accumulable registered as "h46"
G4WT6 > Accumulable registered as "h30"
G4WT1 > Accumulable registered as "h85"
G4WT2 > Accumulable registered as "h37"
G4WT6 > Accumulable registered as "h31"
G4WT4 > Accumulable registered as "h42"
G4WT10 > Accumulable registered as "h82"
G4WT7 > Accumulable registered as "h28"
G4WT10 > Accumulable registered as "h83"
G4WT0 > Accumulable registered as "h39"
G4WT11 > Accumulable registered as "h50"
G4WT8 > Accumulable registered as "h47"
G4WT5 > Accumulable registered as "h47"
G4WT1 > Accumulable registered as "h86"
G4WT5 > Accumulable registered as "h48"
G4WT1 > Accumulable registered as "h87"
G4WT4 > Accumulable registered as "h43"
G4WT9 > Accumulable registered as "h41"
G4WT3 > Accumulable registered as "h45"
G4WT9 > Accumulable registered as "h42"
G4WT7 > Accumulable registered as "h29"
G4WT9 > Accumulable registered as "h43"
G4WT3 > Accumulable registered as "h46"
G4WT0 > Accumulable registered as "h40"
G4WT2 > Accumulable registered as "h38"
G4WT0 > Accumulable registered as "h41"
G4WT2 > Accumulable registered as "h39"
G4WT1 > Accumulable registered as "h88"
G4WT4 > Accumulable registered as "h44"
G4WT10 > Accumulable registered as "h84"
G4WT9 > Accumulable registered as "h44"
G4WT10 > Accumulable registered as "h85"
G4WT11 > Accumulable registered as "h51"
G4WT8 > Accumulable registered as "h48"
G4WT11 > Accumulable registered as "h52"
G4WT3 > Accumulable registered as "h47"
G4WT11 > Accumulable registered as "h53"
G4WT6 > Accumulable registered as "h32"
G4WT3 > Accumulable registered as "h48"
G4WT1 > Accumulable registered as "h89"
G4WT4 > Accumulable registered as "h45"
G4WT1 > Accumulable registered as "h90"
G4WT4 > Accumulable registered as "h46"
G4WT9 > Accumulable registered as "h45"
G4WT4 > Accumulable registered as "h47"
G4WT8 > Accumulable registered as "h49"
G4WT5 > Accumulable registered as "h49"
G4WT0 > Accumulable registered as "h42"
G4WT2 > Accumulable registered as "h40"
G4WT3 > Accumulable registered as "h49"
G4WT6 > Accumulable registered as "h33"
G4WT7 > Accumulable registered as "h30"
G4WT1 > Accumulable registered as "h91"
G4WT7 > Accumulable registered as "h31"
G4WT10 > Accumulable registered as "h86"
G4WT7 > Accumulable registered as "h32"
G4WT9 > Accumulable registered as "h46"
G4WT7 > Accumulable registered as "h33"
G4WT5 > Accumulable registered as "h50"
G4WT9 > Accumulable registered as "h47"
G4WT2 > Accumulable registered as "h41"
G4WT9 > Accumulable registered as "h48"
G4WT6 > Accumulable registered as "h34"
G4WT2 > Accumulable registered as "h42"
G4WT4 > Accumulable registered as "h48"
G4WT6 > Accumulable registered as "h35"
G4WT1 > Accumulable registered as "h92"
G4WT10 > Accumulable registered as "h87"
G4WT11 > Accumulable registered as "h54"
G4WT10 > Accumulable registered as "h88"
G4WT11 > Accumulable registered as "h55"
G4WT9 > Accumulable registered as "h49"
G4WT3 > Accumulable registered as "h50"
G4WT8 > Accumulable registered as "h50"
G4WT3 > Accumulable registered as "h51"
G4WT2 > Accumulable registered as "h43"
G4WT6 > Accumulable registered as "h36"
G4WT4 > Accumulable registered as "h49"
G4WT2 > Accumulable registered as "h44"
G4WT6 > Accumulable registered as "h37"
G4WT1 > Accumulable registered as "h93"
G4WT2 > Accumulable registered as "h45"
G4WT10 > Accumulable registered as "h89"
G4WT2 > Accumulable registered as "h46"
G4WT10 > Accumulable registered as "h90"
G4WT2 > Accumulable registered as "h47"
G4WT10 > Accumulable registered as "h91"
G4WT8 > Accumulable registered as "h51"
G4WT10 > Accumulable registered as "h92"
G4WT5 > Accumulable registered as "h51"
G4WT10 > Accumulable registered as "h93"
G4WT0 > Accumulable registered as "h43"
G4WT10 > Accumulable registered as "h94"
G4WT1 > Accumulable registered as "h94"
G4WT3 > Accumulable registered as "h52"
G4WT1 > Accumulable registered as "h95"
G4WT3 > Accumulable registered as "h53"
G4WT1 > Accumulable registered as "h96"
G4WT4 > Accumulable registered as "h50"
G4WT6 > Accumulable registered as "h38"
G4WT11 > Accumulable registered as "h56"
G4WT5 > Accumulable registered as "h52"
G4WT11 > Accumulable registered as "h57"
G4WT10 > Accumulable registered as "h95"
G4WT5 > Accumulable registered as "h53"
G4WT0 > Accumulable registered as "h44"
G4WT7 > Accumulable registered as "h34"
G4WT0 > Accumulable registered as "h45"
G4WT8 > Accumulable registered as "h52"
G4WT1 > Accumulable registered as "h97"
G4WT8 > Accumulable registered as "h53"
G4WT1 > Accumulable registered as "h98"
G4WT8 > Accumulable registered as "h54"
G4WT1 > Accumulable registered as "h99"
G4WT8 > Accumulable registered as "h55"
G4WT1 > Accumulable registered as "h100"
G4WT9 > Accumulable registered as "h50"
G4WT3 > Accumulable registered as "h54"
G4WT7 > Accumulable registered as "h35"
G4WT0 > Accumulable registered as "h46"
G4WT4 > Accumulable registered as "h51"
G4WT6 > Accumulable registered as "h39"
G4WT4 > Accumulable registered as "h52"
G4WT11 > Accumulable registered as "h58"
G4WT6 > Accumulable registered as "h40"
G4WT5 > Accumulable registered as "h54"
G4WT6 > Accumulable registered as "h41"
G4WT1 > Accumulable registered as "h101"
G4WT9 > Accumulable registered as "h51"
G4WT1 > Accumulable registered as "h102"
G4WT9 > Accumulable registered as "h52"
G4WT0 > Accumulable registered as "h47"
G4WT10 > Accumulable registered as "h96"
G4WT0 > Accumulable registered as "h48"
G4WT4 > Accumulable registered as "h53"
G4WT11 > Accumulable registered as "h59"
G4WT4 > Accumulable registered as "h54"
G4WT11 > Accumulable registered as "h60"
G4WT4 > Accumulable registered as "h55"
G4WT2 > Accumulable registered as "h48"
G4WT4 > Accumulable registered as "h56"
G4WT7 > Accumulable registered as "h36"
G4WT2 > Accumulable registered as "h49"
G4WT9 > Accumulable registered as "h53"
G4WT2 > Accumulable registered as "h50"
G4WT10 > Accumulable registered as "h97"
G4WT2 > Accumulable registered as "h51"
G4WT10 > Accumulable registered as "h98"
G4WT2 > Accumulable registered as "h52"
G4WT10 > Accumulable registered as "h99"
G4WT2 > Accumulable registered as "h53"
G4WT10 > Accumulable registered as "h100"
G4WT4 > Accumulable registered as "h57"
G4WT2 > Accumulable registered as "h54"
G4WT7 > Accumulable registered as "h37"
G4WT4 > Accumulable registered as "h58"
G4WT9 > Accumulable registered as "h54"
G4WT11 > Accumulable registered as "h61"
G4WT5 > Accumulable registered as "h55"
G4WT9 > Accumulable registered as "h55"
G4WT11 > Accumulable registered as "h62"
G4WT5 > Accumulable registered as "h56"
G4WT9 > Accumulable registered as "h56"
G4WT10 > Accumulable registered as "h101"
G4WT9 > Accumulable registered as "h57"
G4WT4 > Accumulable registered as "h59"
G4WT7 > Accumulable registered as "h38"
G4WT4 > Accumulable registered as "h60"
G4WT7 > Accumulable registered as "h39"
G4WT4 > Accumulable registered as "h61"
G4WT1 > Accumulable registered as "h103"
G4WT4 > Accumulable registered as "h62"
G4WT2 > Accumulable registered as "h55"
G4WT5 > Accumulable registered as "h57"
G4WT10 > Accumulable registered as "h102"
G4WT9 > Accumulable registered as "h58"
G4WT9 > Accumulable registered as "h59"
G4WT9 > Accumulable registered as "h60"
G4WT6 > Accumulable registered as "h42"
G4WT3 > Accumulable registered as "h55"
G4WT7 > Accumulable registered as "h40"
G4WT3 > Accumulable registered as "h56"
G4WT1 > Accumulable registered as "h104"
G4WT3 > Accumulable registered as "h57"
G4WT4 > Accumulable registered as "h63"
G4WT2 > Accumulable registered as "h56"
G4WT4 > Accumulable registered as "h64"
G4WT2 > Accumulable registered as "h57"
G4WT9 > Accumulable registered as "h61"
G4WT8 > Accumulable registered as "h56"
G4WT6 > Accumulable registered as "h43"
G4WT11 > Accumulable registered as "h63"
G4WT0 > Accumulable registered as "h49"
G4WT7 > Accumulable registered as "h41"
G4WT1 > Accumulable registered as "h105"
G4WT3 > Accumulable registered as "h58"
G4WT7 > Accumulable registered as "h42"
G4WT10 > Accumulable registered as "h103"
G4WT4 > Accumulable registered as "h65"
G4WT10 > Accumulable registered as "h104"
G4WT8 > Accumulable registered as "h57"
G4WT6 > Accumulable registered as "h44"
G4WT8 > Accumulable registered as "h58"
G4WT6 > Accumulable registered as "h45"
G4WT5 > Accumulable registered as "h58"
G4WT1 > Accumulable registered as "h106"
G4WT5 > Accumulable registered as "h59"
G4WT2 > Accumulable registered as "h58"
G4WT3 > Accumulable registered as "h59"
G4WT2 > Accumulable registered as "h59"
G4WT9 > Accumulable registered as "h62"
G4WT10 > Accumulable registered as "h105"
G4WT11 > Accumulable registered as "h64"
G4WT10 > Accumulable registered as "h106"
G4WT11 > Accumulable registered as "h65"
G4WT8 > Accumulable registered as "h59"
G4WT11 > Accumulable registered as "h66"
G4WT1 > Accumulable registered as "h107"
G4WT8 > Accumulable registered as "h60"
G4WT5 > Accumulable registered as "h60"
G4WT8 > Accumulable registered as "h61"
G4WT3 > Accumulable registered as "h60"
G4WT2 > Accumulable registered as "h60"
G4WT5 > Accumulable registered as "h61"
G4WT3 > Accumulable registered as "h61"
G4WT5 > Accumulable registered as "h62"
G4WT3 > Accumulable registered as "h62"
G4WT11 > Accumulable registered as "h67"
G4WT4 > Accumulable registered as "h66"
G4WT1 > Accumulable registered as "h108"
G4WT4 > Accumulable registered as "h67"
G4WT8 > Accumulable registered as "h62"
G4WT0 > Accumulable registered as "h50"
G4WT8 > Accumulable registered as "h63"
G4WT10 > Accumulable registered as "h107"
G4WT8 > Accumulable registered as "h64"
G4WT5 > Accumulable registered as "h63"
G4WT8 > Accumulable registered as "h65"
G4WT5 > Accumulable registered as "h64"
G4WT8 > Accumulable registered as "h66"
G4WT5 > Accumulable registered as "h65"
G4WT9 > Accumulable registered as "h63"
G4WT1 > Accumulable registered as "h109"
G4WT9 > Accumulable registered as "h64"
G4WT0 > Accumulable registered as "h51"
G4WT1 > Accumulable registered as "h110"
G4WT2 > Accumulable registered as "h61"
G4WT1 > Accumulable registered as "h111"
G4WT3 > Accumulable registered as "h63"
G4WT7 > Accumulable registered as "h43"
G4WT9 > Accumulable registered as "h65"
G4WT11 > Accumulable registered as "h68"
G4WT7 > Accumulable registered as "h44"
G4WT9 > Accumulable registered as "h66"
G4WT5 > Accumulable registered as "h66"
G4WT9 > Accumulable registered as "h67"
G4WT10 > Accumulable registered as "h108"
G4WT2 > Accumulable registered as "h62"
G4WT10 > Accumulable registered as "h109"
G4WT4 > Accumulable registered as "h68"
G4WT10 > Accumulable registered as "h110"
G4WT3 > Accumulable registered as "h64"
G4WT7 > Accumulable registered as "h45"
G4WT11 > Accumulable registered as "h69"
G4WT11 > Accumulable registered as "h70"
G4WT6 > Accumulable registered as "h46"
G4WT5 > Accumulable registered as "h67"
G4WT6 > Accumulable registered as "h47"
G4WT5 > Accumulable registered as "h68"
G4WT6 > Accumulable registered as "h48"
G4WT0 > Accumulable registered as "h52"
G4WT10 > Accumulable registered as "h111"
G4WT4 > Accumulable registered as "h69"
G4WT3 > Accumulable registered as "h65"
G4WT4 > Accumulable registered as "h70"
G4WT4 > Accumulable registered as "h71"
G4WT4 > Accumulable registered as "h72"
G4WT9 > Accumulable registered as "h68"
G4WT4 > Accumulable registered as "h73"
G4WT1 > Accumulable registered as "h112"
G4WT9 > Accumulable registered as "h69"
G4WT9 > Accumulable registered as "h70"
G4WT9 > Accumulable registered as "h71"
G4WT9 > Accumulable registered as "h72"
G4WT10 > Accumulable registered as "h112"
G4WT9 > Accumulable registered as "h73"
G4WT7 > Accumulable registered as "h46"
G4WT9 > Accumulable registered as "h74"
G4WT4 > Accumulable registered as "h74"
G4WT8 > Accumulable registered as "h67"
G4WT4 > Accumulable registered as "h75"
G4WT5 > Accumulable registered as "h69"
G4WT8 > Accumulable registered as "h68"
G4WT6 > Accumulable registered as "h49"
G4WT0 > Accumulable registered as "h53"
G4WT11 > Accumulable registered as "h71"
G4WT11 > Accumulable registered as "h72"
G4WT0 > Accumulable registered as "h54"
G4WT11 > Accumulable registered as "h73"
G4WT0 > Accumulable registered as "h55"
G4WT4 > Accumulable registered as "h76"
G4WT0 > Accumulable registered as "h56"
G4WT4 > Accumulable registered as "h77"
G4WT0 > Accumulable registered as "h57"
G4WT4 > Accumulable registered as "h78"
G4WT5 > Accumulable registered as "h70"
G4WT4 > Accumulable registered as "h79"
G4WT10 > Accumulable registered as "h113"
G4WT9 > Accumulable registered as "h75"
G4WT10 > Accumulable registered as "h114"
G4WT11 > Accumulable registered as "h74"
G4WT8 > Accumulable registered as "h69"
G4WT3 > Accumulable registered as "h66"
G4WT0 > Accumulable registered as "h58"
G4WT1 > Accumulable registered as "h113"
G4WT6 > Accumulable registered as "h50"
G4WT0 > Accumulable registered as "h59"
G4WT1 > Accumulable registered as "h114"
G4WT4 > Accumulable registered as "h80"
G4WT9 > Accumulable registered as "h76"
G4WT4 > Accumulable registered as "h81"
G4WT10 > Accumulable registered as "h115"
G4WT9 > Accumulable registered as "h77"
G4WT7 > Accumulable registered as "h47"
G4WT10 > Accumulable registered as "h116"
G4WT3 > Accumulable registered as "h67"
G4WT7 > Accumulable registered as "h48"
G4WT6 > Accumulable registered as "h51"
G4WT3 > Accumulable registered as "h68"
G4WT2 > Accumulable registered as "h63"
G4WT4 > Accumulable registered as "h82"
G4WT11 > Accumulable registered as "h75"
G4WT4 > Accumulable registered as "h83"
G4WT8 > Accumulable registered as "h70"
G4WT4 > Accumulable registered as "h84"
G4WT0 > Accumulable registered as "h60"
G4WT10 > Accumulable registered as "h117"
G4WT1 > Accumulable registered as "h115"
G4WT10 > Accumulable registered as "h118"
G4WT1 > Accumulable registered as "h116"
G4WT10 > Accumulable registered as "h119"
G4WT1 > Accumulable registered as "h117"
G4WT10 > Accumulable registered as "h120"
G4WT1 > Accumulable registered as "h118"
G4WT10 > Accumulable registered as "h121"
G4WT4 > Accumulable registered as "h85"
G4WT0 > Accumulable registered as "h61"
G4WT7 > Accumulable registered as "h49"
G4WT0 > Accumulable registered as "h62"
G4WT7 > Accumulable registered as "h50"
G4WT0 > Accumulable registered as "h63"
G4WT5 > Accumulable registered as "h71"
G4WT11 > Accumulable registered as "h76"
G4WT5 > Accumulable registered as "h72"
G4WT1 > Accumulable registered as "h119"
G4WT8 > Accumulable registered as "h71"
G4WT10 > Accumulable registered as "h122"
G4WT8 > Accumulable registered as "h72"
G4WT10 > Accumulable registered as "h123"
G4WT8 > Accumulable registered as "h73"
G4WT7 > Accumulable registered as "h51"
G4WT6 > Accumulable registered as "h52"
G4WT7 > Accumulable registered as "h52"
G4WT6 > Accumulable registered as "h53"
G4WT7 > Accumulable registered as "h53"
G4WT9 > Accumulable registered as "h78"
G4WT1 > Accumulable registered as "h120"
G4WT9 > Accumulable registered as "h79"
G4WT1 > Accumulable registered as "h121"
G4WT3 > Accumulable registered as "h69"
G4WT8 > Accumulable registered as "h74"
G4WT0 > Accumulable registered as "h64"
G4WT2 > Accumulable registered as "h64"
G4WT5 > Accumulable registered as "h73"
G4WT6 > Accumulable registered as "h54"
G4WT5 > Accumulable registered as "h74"
G4WT11 > Accumulable registered as "h77"
G4WT7 > Accumulable registered as "h54"
G4WT6 > Accumulable registered as "h55"
G4WT11 > Accumulable registered as "h78"
G4WT7 > Accumulable registered as "h55"
G4WT6 > Accumulable registered as "h56"
G4WT11 > Accumulable registered as "h79"
G4WT7 > Accumulable registered as "h56"
G4WT8 > Accumulable registered as "h75"
G4WT7 > Accumulable registered as "h57"
G4WT7 > Accumulable registered as "h58"
G4WT8 > Accumulable registered as "h76"
G4WT7 > Accumulable registered as "h59"
G4WT8 > Accumulable registered as "h77"
G4WT7 > Accumulable registered as "h60"
G4WT8 > Accumulable registered as "h78"
G4WT0 > Accumulable registered as "h65"
G4WT11 > Accumulable registered as "h80"
G4WT0 > Accumulable registered as "h66"
G4WT11 > Accumulable registered as "h81"
G4WT11 > Accumulable registered as "h82"
G4WT4 > Accumulable registered as "h86"
G4WT11 > Accumulable registered as "h83"
G4WT1 > Accumulable registered as "h122"
G4WT11 > Accumulable registered as "h84"
G4WT11 > Accumulable registered as "h85"
G4WT7 > Accumulable registered as "h61"
G4WT8 > Accumulable registered as "h79"
G4WT6 > Accumulable registered as "h57"
G4WT7 > Accumulable registered as "h62"
G4WT8 > Accumulable registered as "h80"
G4WT0 > Accumulable registered as "h67"
G4WT7 > Accumulable registered as "h63"
G4WT8 > Accumulable registered as "h81"
G4WT4 > Accumulable registered as "h87"
G4WT0 > Accumulable registered as "h68"
G4WT8 > Accumulable registered as "h82"
G4WT4 > Accumulable registered as "h88"
G4WT8 > Accumulable registered as "h83"
G4WT6 > Accumulable registered as "h58"
G4WT9 > Accumulable registered as "h80"
G4WT3 > Accumulable registered as "h70"
G4WT7 > Accumulable registered as "h64"
G4WT3 > Accumulable registered as "h71"
G4WT1 > Accumulable registered as "h123"
G4WT10 > Accumulable registered as "h124"
G4WT1 > Accumulable registered as "h124"
G4WT10 > Accumulable registered as "h125"
G4WT1 > Accumulable registered as "h125"
G4WT2 > Accumulable registered as "h65"
G4WT8 > Accumulable registered as "h84"
G4WT4 > Accumulable registered as "h89"
G4WT6 > Accumulable registered as "h59"
G4WT8 > Accumulable registered as "h85"
G4WT7 > Accumulable registered as "h65"
G4WT4 > Accumulable registered as "h90"
G4WT11 > Accumulable registered as "h86"
G4WT6 > Accumulable registered as "h60"
G4WT8 > Accumulable registered as "h86"
G4WT6 > Accumulable registered as "h61"
G4WT1 > Accumulable registered as "h126"
G4WT8 > Accumulable registered as "h87"
G4WT6 > Accumulable registered as "h62"
G4WT9 > Accumulable registered as "h81"
G4WT4 > Accumulable registered as "h91"
G4WT9 > Accumulable registered as "h82"
G4WT7 > Accumulable registered as "h66"
G4WT9 > Accumulable registered as "h83"
G4WT4 > Accumulable registered as "h92"
G4WT2 > Accumulable registered as "h66"
G4WT3 > Accumulable registered as "h72"
G4WT0 > Accumulable registered as "h69"
G4WT1 > Accumulable registered as "h127"
G4WT0 > Accumulable registered as "h70"
G4WT8 > Accumulable registered as "h88"
G4WT6 > Accumulable registered as "h63"
G4WT8 > Accumulable registered as "h89"
G4WT5 > Accumulable registered as "h75"
G4WT8 > Accumulable registered as "h90"
G4WT6 > Accumulable registered as "h64"
G4WT5 > Accumulable registered as "h76"
G4WT7 > Accumulable registered as "h67"
G4WT3 > Accumulable registered as "h73"
G4WT7 > Accumulable registered as "h68"
G4WT1 > Accumulable registered as "h128"
G4WT3 > Accumulable registered as "h74"
G4WT0 > Accumulable registered as "h71"
G4WT11 > Accumulable registered as "h87"
G4WT1 > Accumulable registered as "h129"
G4WT0 > Accumulable registered as "h72"
G4WT0 > Accumulable registered as "h73"
G4WT11 > Accumulable registered as "h88"
G4WT5 > Accumulable registered as "h77"
G4WT11 > Accumulable registered as "h89"
G4WT7 > Accumulable registered as "h69"
G4WT5 > Accumulable registered as "h78"
G4WT10 > Accumulable registered as "h126"
G4WT9 > Accumulable registered as "h84"
G4WT10 > Accumulable registered as "h127"
G4WT4 > Accumulable registered as "h93"
G4WT10 > Accumulable registered as "h128"
G4WT8 > Accumulable registered as "h91"
G4WT4 > Accumulable registered as "h94"
G4WT6 > Accumulable registered as "h65"
G4WT11 > Accumulable registered as "h90"
G4WT8 > Accumulable registered as "h92"
G4WT7 > Accumulable registered as "h70"
G4WT5 > Accumulable registered as "h79"
G4WT6 > Accumulable registered as "h66"
G4WT9 > Accumulable registered as "h85"
G4WT1 > Accumulable registered as "h130"
G4WT6 > Accumulable registered as "h67"
G4WT9 > Accumulable registered as "h86"
G4WT11 > Accumulable registered as "h91"
G4WT9 > Accumulable registered as "h87"
G4WT3 > Accumulable registered as "h75"
G4WT9 > Accumulable registered as "h88"
G4WT11 > Accumulable registered as "h92"
G4WT3 > Accumulable registered as "h76"
G4WT0 > Accumulable registered as "h74"
G4WT6 > Accumulable registered as "h68"
G4WT0 > Accumulable registered as "h75"
G4WT8 > Accumulable registered as "h93"
G4WT1 > Accumulable registered as "h131"
G4WT4 > Accumulable registered as "h95"
G4WT1 > Accumulable registered as "h132"
G4WT1 > Accumulable registered as "h133"
G4WT4 > Accumulable registered as "h96"
G4WT2 > Accumulable registered as "h67"
G4WT4 > Accumulable registered as "h97"
G4WT1 > Accumulable registered as "h134"
G4WT0 > Accumulable registered as "h76"
G4WT1 > Accumulable registered as "h135"
G4WT6 > Accumulable registered as "h69"
G4WT1 > Accumulable registered as "h136"
G4WT9 > Accumulable registered as "h89"
G4WT5 > Accumulable registered as "h80"
G4WT11 > Accumulable registered as "h93"
G4WT10 > Accumulable registered as "h129"
G4WT11 > Accumulable registered as "h94"
G4WT3 > Accumulable registered as "h77"
G4WT11 > Accumulable registered as "h95"
G4WT2 > Accumulable registered as "h68"
G4WT7 > Accumulable registered as "h71"
G4WT11 > Accumulable registered as "h96"
G4WT8 > Accumulable registered as "h94"
G4WT7 > Accumulable registered as "h72"
G4WT6 > Accumulable registered as "h70"
G4WT5 > Accumulable registered as "h81"
G4WT10 > Accumulable registered as "h130"
G4WT4 > Accumulable registered as "h98"
G4WT10 > Accumulable registered as "h131"
G4WT0 > Accumulable registered as "h77"
G4WT3 > Accumulable registered as "h78"
G4WT2 > Accumulable registered as "h69"
G4WT3 > Accumulable registered as "h79"
G4WT2 > Accumulable registered as "h70"
G4WT7 > Accumulable registered as "h73"
G4WT8 > Accumulable registered as "h95"
G4WT7 > Accumulable registered as "h74"
G4WT5 > Accumulable registered as "h82"
G4WT7 > Accumulable registered as "h75"
G4WT10 > Accumulable registered as "h132"
G4WT1 > Accumulable registered as "h137"
G4WT10 > Accumulable registered as "h133"
G4WT1 > Accumulable registered as "h138"
G4WT10 > Accumulable registered as "h134"
G4WT9 > Accumulable registered as "h90"
G4WT2 > Accumulable registered as "h71"
G4WT9 > Accumulable registered as "h91"
G4WT6 > Accumulable registered as "h71"
G4WT2 > Accumulable registered as "h72"
G4WT5 > Accumulable registered as "h83"
G4WT2 > Accumulable registered as "h73"
G4WT4 > Accumulable registered as "h99"
G4WT11 > Accumulable registered as "h97"
G4WT4 > Accumulable registered as "h100"
G4WT11 > Accumulable registered as "h98"
G4WT3 > Accumulable registered as "h80"
G4WT8 > Accumulable registered as "h96"
G4WT9 > Accumulable registered as "h92"
G4WT8 > Accumulable registered as "h97"
G4WT7 > Accumulable registered as "h76"
G4WT8 > Accumulable registered as "h98"
G4WT0 > Accumulable registered as "h78"
G4WT2 > Accumulable registered as "h74"
G4WT0 > Accumulable registered as "h79"
G4WT1 > Accumulable registered as "h139"
G4WT4 > Accumulable registered as "h101"
G4WT10 > Accumulable registered as "h135"
G4WT1 > Accumulable registered as "h140"
G4WT10 > Accumulable registered as "h136"
G4WT1 > Accumulable registered as "h141"
G4WT10 > Accumulable registered as "h137"
G4WT7 > Accumulable registered as "h77"
G4WT5 > Accumulable registered as "h84"
G4WT2 > Accumulable registered as "h75"
G4WT5 > Accumulable registered as "h85"
G4WT0 > Accumulable registered as "h80"
G4WT5 > Accumulable registered as "h86"
G4WT4 > Accumulable registered as "h102"
G4WT0 > Accumulable registered as "h81"
G4WT9 > Accumulable registered as "h93"
G4WT4 > Accumulable registered as "h103"
G4WT1 > Accumulable registered as "h142"
G4WT10 > Accumulable registered as "h138"
G4WT4 > Accumulable registered as "h104"
G4WT8 > Accumulable registered as "h99"
G4WT4 > Accumulable registered as "h105"
G4WT11 > Accumulable registered as "h99"
G4WT8 > Accumulable registered as "h100"
G4WT5 > Accumulable registered as "h87"
G4WT0 > Accumulable registered as "h82"
G4WT5 > Accumulable registered as "h88"
G4WT9 > Accumulable registered as "h94"
G4WT1 > Accumulable registered as "h143"
G4WT9 > Accumulable registered as "h95"
G4WT7 > Accumulable registered as "h78"
G4WT4 > Accumulable registered as "h106"
G4WT7 > Accumulable registered as "h79"
G4WT3 > Accumulable registered as "h81"
G4WT4 > Accumulable registered as "h107"
G4WT6 > Accumulable registered as "h72"
G4WT11 > Accumulable registered as "h100"
G4WT0 > Accumulable registered as "h83"
G4WT5 > Accumulable registered as "h89"
G4WT2 > Accumulable registered as "h76"
G4WT10 > Accumulable registered as "h139"
G4WT0 > Accumulable registered as "h84"
G4WT10 > Accumulable registered as "h140"
G4WT9 > Accumulable registered as "h96"
G4WT10 > Accumulable registered as "h141"
G4WT9 > Accumulable registered as "h97"
G4WT4 > Accumulable registered as "h108"
G4WT6 > Accumulable registered as "h73"
G4WT4 > Accumulable registered as "h109"
G4WT8 > Accumulable registered as "h101"
G4WT5 > Accumulable registered as "h90"
G4WT8 > Accumulable registered as "h102"
G4WT1 > Accumulable registered as "h144"
G4WT0 > Accumulable registered as "h85"
G4WT1 > Accumulable registered as "h145"
G4WT3 > Accumulable registered as "h82"
G4WT1 > Accumulable registered as "h146"
G4WT11 > Accumulable registered as "h101"
G4WT9 > Accumulable registered as "h98"
G4WT7 > Accumulable registered as "h80"
G4WT9 > Accumulable registered as "h99"
G4WT6 > Accumulable registered as "h74"
G4WT5 > Accumulable registered as "h91"
G4WT8 > Accumulable registered as "h103"
G4WT6 > Accumulable registered as "h75"
G4WT0 > Accumulable registered as "h86"
G4WT8 > Accumulable registered as "h104"
G4WT3 > Accumulable registered as "h83"
G4WT8 > Accumulable registered as "h105"
G4WT0 > Accumulable registered as "h87"
G4WT3 > Accumulable registered as "h84"
G4WT7 > Accumulable registered as "h81"
G4WT3 > Accumulable registered as "h85"
G4WT7 > Accumulable registered as "h82"
G4WT3 > Accumulable registered as "h86"
G4WT7 > Accumulable registered as "h83"
G4WT3 > Accumulable registered as "h87"
G4WT1 > Accumulable registered as "h147"
G4WT4 > Accumulable registered as "h110"
G4WT8 > Accumulable registered as "h106"
G4WT4 > Accumulable registered as "h111"
G4WT8 > Accumulable registered as "h107"
G4WT8 > Accumulable registered as "h108"
G4WT5 > Accumulable registered as "h92"
G4WT10 > Accumulable registered as "h142"
G4WT6 > Accumulable registered as "h76"
G4WT10 > Accumulable registered as "h143"
G4WT6 > Accumulable registered as "h77"
G4WT11 > Accumulable registered as "h102"
G4WT1 > Accumulable registered as "h148"
G4WT11 > Accumulable registered as "h103"
G4WT1 > Accumulable registered as "h149"
G4WT11 > Accumulable registered as "h104"
G4WT4 > Accumulable registered as "h112"
G4WT11 > Accumulable registered as "h105"
G4WT8 > Accumulable registered as "h109"
G4WT4 > Accumulable registered as "h113"
G4WT7 > Accumulable registered as "h84"
G4WT8 > Accumulable registered as "h110"
G4WT7 > Accumulable registered as "h85"
G4WT8 > Accumulable registered as "h111"
G4WT7 > Accumulable registered as "h86"
G4WT9 > Accumulable registered as "h100"
G4WT2 > Accumulable registered as "h77"
G4WT5 > Accumulable registered as "h93"
G4WT11 > Accumulable registered as "h106"
G4WT3 > Accumulable registered as "h88"
G4WT4 > Accumulable registered as "h114"
G4WT10 > Accumulable registered as "h144"
G4WT6 > Accumulable registered as "h78"
G4WT10 > Accumulable registered as "h145"
G4WT0 > Accumulable registered as "h88"
G4WT1 > Accumulable registered as "h150"
G4WT7 > Accumulable registered as "h87"
G4WT1 > Accumulable registered as "h151"
G4WT7 > Accumulable registered as "h88"
G4WT2 > Accumulable registered as "h78"
G4WT5 > Accumulable registered as "h94"
G4WT11 > Accumulable registered as "h107"
G4WT3 > Accumulable registered as "h89"
G4WT4 > Accumulable registered as "h115"
G4WT11 > Accumulable registered as "h108"
G4WT8 > Accumulable registered as "h112"
G4WT0 > Accumulable registered as "h89"
G4WT8 > Accumulable registered as "h113"
G4WT0 > Accumulable registered as "h90"
G4WT7 > Accumulable registered as "h89"
G4WT2 > Accumulable registered as "h79"
G4WT5 > Accumulable registered as "h95"
G4WT6 > Accumulable registered as "h79"
G4WT5 > Accumulable registered as "h96"
G4WT3 > Accumulable registered as "h90"
G4WT10 > Accumulable registered as "h146"
G4WT4 > Accumulable registered as "h116"
G4WT3 > Accumulable registered as "h91"
G4WT4 > Accumulable registered as "h117"
G4WT3 > Accumulable registered as "h92"
G4WT4 > Accumulable registered as "h118"
G4WT0 > Accumulable registered as "h91"
G4WT2 > Accumulable registered as "h80"
G4WT6 > Accumulable registered as "h80"
G4WT2 > Accumulable registered as "h81"
G4WT10 > Accumulable registered as "h147"
G4WT11 > Accumulable registered as "h109"
G4WT10 > Accumulable registered as "h148"
G4WT8 > Accumulable registered as "h114"
G4WT9 > Accumulable registered as "h101"
G4WT3 > Accumulable registered as "h93"
G4WT4 > Accumulable registered as "h119"
G4WT3 > Accumulable registered as "h94"
G4WT7 > Accumulable registered as "h90"
G4WT4 > Accumulable registered as "h120"
G4WT5 > Accumulable registered as "h97"
G4WT7 > Accumulable registered as "h91"
G4WT2 > Accumulable registered as "h82"
G4WT11 > Accumulable registered as "h110"
G4WT11 > Accumulable registered as "h111"
G4WT10 > Accumulable registered as "h149"
G4WT9 > Accumulable registered as "h102"
G4WT10 > Accumulable registered as "h150"
G4WT3 > Accumulable registered as "h95"
G4WT6 > Accumulable registered as "h81"
G4WT4 > Accumulable registered as "h121"
G4WT6 > Accumulable registered as "h82"
G4WT1 > Accumulable registered as "h152"
G4WT5 > Accumulable registered as "h98"
G4WT2 > Accumulable registered as "h83"
G4WT5 > Accumulable registered as "h99"
G4WT8 > Accumulable registered as "h115"
G4WT5 > Accumulable registered as "h100"
G4WT0 > Accumulable registered as "h92"
G4WT10 > Accumulable registered as "h151"
G4WT3 > Accumulable registered as "h96"
G4WT10 > Accumulable registered as "h152"
G4WT4 > Accumulable registered as "h122"
G4WT7 > Accumulable registered as "h92"
G4WT4 > Accumulable registered as "h123"
G4WT7 > Accumulable registered as "h93"
G4WT1 > Accumulable registered as "h153"
G4WT11 > Accumulable registered as "h112"
G4WT7 > Accumulable registered as "h94"
G4WT1 > Accumulable registered as "h154"
G4WT7 > Accumulable registered as "h95"
G4WT1 > Accumulable registered as "h155"
G4WT6 > Accumulable registered as "h83"
G4WT1 > Accumulable registered as "h156"
G4WT10 > Accumulable registered as "h153"
G4WT4 > Accumulable registered as "h124"
G4WT6 > Accumulable registered as "h84"
G4WT10 > Accumulable registered as "h154"
G4WT8 > Accumulable registered as "h116"
G4WT5 > Accumulable registered as "h101"
G4WT8 > Accumulable registered as "h117"
G4WT0 > Accumulable registered as "h93"
G4WT8 > Accumulable registered as "h118"
G4WT3 > Accumulable registered as "h97"
G4WT2 > Accumulable registered as "h84"
G4WT1 > Accumulable registered as "h157"
G4WT4 > Accumulable registered as "h125"
G4WT1 > Accumulable registered as "h158"
G4WT6 > Accumulable registered as "h85"
G4WT4 > Accumulable registered as "h126"
G4WT10 > Accumulable registered as "h155"
G4WT4 > Accumulable registered as "h127"
G4WT10 > Accumulable registered as "h156"
G4WT8 > Accumulable registered as "h119"
G4WT4 > Accumulable registered as "h128"
G4WT3 > Accumulable registered as "h98"
G4WT4 > Accumulable registered as "h129"
G4WT9 > Accumulable registered as "h103"
G4WT1 > Accumulable registered as "h159"
G4WT9 > Accumulable registered as "h104"
G4WT7 > Accumulable registered as "h96"
G4WT6 > Accumulable registered as "h86"
G4WT0 > Accumulable registered as "h94"
G4WT6 > Accumulable registered as "h87"
G4WT10 > Accumulable registered as "h157"
G4WT6 > Accumulable registered as "h88"
G4WT2 > Accumulable registered as "h85"
G4WT6 > Accumulable registered as "h89"
G4WT4 > Accumulable registered as "h130"
G4WT2 > Accumulable registered as "h86"
G4WT9 > Accumulable registered as "h105"
G4WT1 > Accumulable registered as "h160"
G4WT9 > Accumulable registered as "h106"
G4WT1 > Accumulable registered as "h161"
G4WT8 > Accumulable registered as "h120"
G4WT10 > Accumulable registered as "h158"
G4WT8 > Accumulable registered as "h121"
G4WT10 > Accumulable registered as "h159"
G4WT3 > Accumulable registered as "h99"
G4WT5 > Accumulable registered as "h102"
G4WT3 > Accumulable registered as "h100"
G4WT4 > Accumulable registered as "h131"
G4WT7 > Accumulable registered as "h97"
G4WT0 > Accumulable registered as "h95"
G4WT7 > Accumulable registered as "h98"
G4WT0 > Accumulable registered as "h96"
G4WT7 > Accumulable registered as "h99"
G4WT0 > Accumulable registered as "h97"
G4WT8 > Accumulable registered as "h122"
G4WT0 > Accumulable registered as "h98"
G4WT10 > Accumulable registered as "h160"
G4WT8 > Accumulable registered as "h123"
G4WT5 > Accumulable registered as "h103"
G4WT10 > Accumulable registered as "h161"
G4WT9 > Accumulable registered as "h107"
G4WT1 > Accumulable registered as "h162"
G4WT9 > Accumulable registered as "h108"
G4WT7 > Accumulable registered as "h100"
G4WT6 > Accumulable registered as "h90"
G4WT11 > Accumulable registered as "h113"
G4WT2 > Accumulable registered as "h87"
G4WT11 > Accumulable registered as "h114"
G4WT2 > Accumulable registered as "h88"
G4WT4 > Accumulable registered as "h132"
G4WT2 > Accumulable registered as "h89"
G4WT10 > Accumulable registered as "h162"
G4WT4 > Accumulable registered as "h133"
G4WT2 > Accumulable registered as "h90"
G4WT1 > Accumulable registered as "h163"
G4WT7 > Accumulable registered as "h101"
G4WT1 > Accumulable registered as "h164"
G4WT3 > Accumulable registered as "h101"
G4WT8 > Accumulable registered as "h124"
G4WT3 > Accumulable registered as "h102"
G4WT8 > Accumulable registered as "h125"
G4WT3 > Accumulable registered as "h103"
G4WT8 > Accumulable registered as "h126"
G4WT3 > Accumulable registered as "h104"
G4WT4 > Accumulable registered as "h134"
G4WT3 > Accumulable registered as "h105"
G4WT0 > Accumulable registered as "h99"
G4WT1 > Accumulable registered as "h165"
G4WT0 > Accumulable registered as "h100"
G4WT11 > Accumulable registered as "h115"
G4WT5 > Accumulable registered as "h104"
G4WT9 > Accumulable registered as "h109"
G4WT5 > Accumulable registered as "h105"
G4WT10 > Accumulable registered as "h163"
G4WT5 > Accumulable registered as "h106"
G4WT2 > Accumulable registered as "h91"
G4WT10 > Accumulable registered as "h164"
G4WT5 > Accumulable registered as "h107"
G4WT4 > Accumulable registered as "h135"
G4WT7 > Accumulable registered as "h102"
G4WT4 > Accumulable registered as "h136"
G4WT5 > Accumulable registered as "h108"
G4WT11 > Accumulable registered as "h116"
G4WT5 > Accumulable registered as "h109"
G4WT11 > Accumulable registered as "h117"
G4WT5 > Accumulable registered as "h110"
G4WT3 > Accumulable registered as "h106"
G4WT5 > Accumulable registered as "h111"
G4WT2 > Accumulable registered as "h92"
G4WT0 > Accumulable registered as "h101"
G4WT2 > Accumulable registered as "h93"
G4WT0 > Accumulable registered as "h102"
G4WT4 > Accumulable registered as "h137"
G4WT0 > Accumulable registered as "h103"
G4WT8 > Accumulable registered as "h127"
G4WT11 > Accumulable registered as "h118"
G4WT8 > Accumulable registered as "h128"
G4WT11 > Accumulable registered as "h119"
G4WT5 > Accumulable registered as "h112"
G4WT1 > Accumulable registered as "h166"
G4WT3 > Accumulable registered as "h107"
G4WT2 > Accumulable registered as "h94"
G4WT3 > Accumulable registered as "h108"
G4WT2 > Accumulable registered as "h95"
G4WT0 > Accumulable registered as "h104"
G4WT2 > Accumulable registered as "h96"
G4WT4 > Accumulable registered as "h138"
G4WT0 > Accumulable registered as "h105"
G4WT8 > Accumulable registered as "h129"
G4WT0 > Accumulable registered as "h106"
G4WT4 > Accumulable registered as "h139"
G4WT5 > Accumulable registered as "h113"
G4WT9 > Accumulable registered as "h110"
G4WT5 > Accumulable registered as "h114"
G4WT9 > Accumulable registered as "h111"
G4WT5 > Accumulable registered as "h115"
G4WT9 > Accumulable registered as "h112"
G4WT2 > Accumulable registered as "h97"
G4WT11 > Accumulable registered as "h120"
G4WT3 > Accumulable registered as "h109"
G4WT11 > Accumulable registered as "h121"
G4WT3 > Accumulable registered as "h110"
G4WT11 > Accumulable registered as "h122"
G4WT3 > Accumulable registered as "h111"
G4WT5 > Accumulable registered as "h116"
G4WT5 > Accumulable registered as "h117"
G4WT5 > Accumulable registered as "h118"
G4WT5 > Accumulable registered as "h119"
G4WT5 > Accumulable registered as "h120"
G4WT5 > Accumulable registered as "h121"
G4WT8 > Accumulable registered as "h130"
G4WT11 > Accumulable registered as "h123"
G4WT4 > Accumulable registered as "h140"
G4WT3 > Accumulable registered as "h112"
G4WT4 > Accumulable registered as "h141"
G4WT9 > Accumulable registered as "h113"
G4WT10 > Accumulable registered as "h165"
G4WT10 > Accumulable registered as "h166"
G4WT7 > Accumulable registered as "h103"
G4WT10 > Accumulable registered as "h167"
G4WT0 > Accumulable registered as "h107"
G4WT6 > Accumulable registered as "h91"
G4WT8 > Accumulable registered as "h131"
G4WT11 > Accumulable registered as "h124"
G4WT4 > Accumulable registered as "h142"
G4WT6 > Accumulable registered as "h92"
G4WT3 > Accumulable registered as "h113"
G4WT4 > Accumulable registered as "h143"
G4WT6 > Accumulable registered as "h93"
G4WT10 > Accumulable registered as "h168"
G4WT6 > Accumulable registered as "h94"
G4WT10 > Accumulable registered as "h169"
G4WT10 > Accumulable registered as "h170"
G4WT8 > Accumulable registered as "h132"
G4WT11 > Accumulable registered as "h125"
G4WT9 > Accumulable registered as "h114"
G4WT9 > Accumulable registered as "h115"
G4WT9 > Accumulable registered as "h116"
G4WT9 > Accumulable registered as "h117"
G4WT5 > Accumulable registered as "h122"
G4WT9 > Accumulable registered as "h118"
G4WT7 > Accumulable registered as "h104"
G4WT4 > Accumulable registered as "h144"
G4WT0 > Accumulable registered as "h108"
G4WT10 > Accumulable registered as "h171"
G4WT10 > Accumulable registered as "h172"
G4WT10 > Accumulable registered as "h173"
G4WT10 > Accumulable registered as "h174"
G4WT3 > Accumulable registered as "h114"
G4WT2 > Accumulable registered as "h98"
G4WT3 > Accumulable registered as "h115"
G4WT9 > Accumulable registered as "h119"
G4WT5 > Accumulable registered as "h123"
G4WT9 > Accumulable registered as "h120"
G4WT5 > Accumulable registered as "h124"
G4WT4 > Accumulable registered as "h145"
G4WT5 > Accumulable registered as "h125"
G4WT5 > Accumulable registered as "h126"
G4WT0 > Accumulable registered as "h109"
G4WT6 > Accumulable registered as "h95"
G4WT0 > Accumulable registered as "h110"
G4WT6 > Accumulable registered as "h96"
G4WT1 > Accumulable registered as "h167"
G4WT2 > Accumulable registered as "h99"
G4WT9 > Accumulable registered as "h121"
G4WT2 > Accumulable registered as "h100"
G4WT4 > Accumulable registered as "h146"
G4WT9 > Accumulable registered as "h122"
G4WT7 > Accumulable registered as "h105"
G4WT10 > Accumulable registered as "h175"
G4WT7 > Accumulable registered as "h106"
G4WT0 > Accumulable registered as "h111"
G4WT10 > Accumulable registered as "h176"
G4WT6 > Accumulable registered as "h97"
G4WT8 > Accumulable registered as "h133"
G4WT6 > Accumulable registered as "h98"
G4WT2 > Accumulable registered as "h101"
G4WT6 > Accumulable registered as "h99"
G4WT5 > Accumulable registered as "h127"
G4WT9 > Accumulable registered as "h123"
G4WT3 > Accumulable registered as "h116"
G4WT7 > Accumulable registered as "h107"
G4WT3 > Accumulable registered as "h117"
G4WT7 > Accumulable registered as "h108"
G4WT0 > Accumulable registered as "h112"
G4WT8 > Accumulable registered as "h134"
G4WT0 > Accumulable registered as "h113"
G4WT0 > Accumulable registered as "h114"
G4WT6 > Accumulable registered as "h100"
G4WT0 > Accumulable registered as "h115"
G4WT2 > Accumulable registered as "h102"
G4WT9 > Accumulable registered as "h124"
G4WT2 > Accumulable registered as "h103"
G4WT9 > Accumulable registered as "h125"
G4WT2 > Accumulable registered as "h104"
G4WT9 > Accumulable registered as "h126"
G4WT10 > Accumulable registered as "h177"
G4WT1 > Accumulable registered as "h168"
G4WT10 > Accumulable registered as "h178"
G4WT4 > Accumulable registered as "h147"
G4WT0 > Accumulable registered as "h116"
G4WT6 > Accumulable registered as "h101"
G4WT0 > Accumulable registered as "h117"
G4WT2 > Accumulable registered as "h105"
G4WT6 > Accumulable registered as "h102"
G4WT7 > Accumulable registered as "h109"
G4WT8 > Accumulable registered as "h135"
G4WT11 > Accumulable registered as "h126"
G4WT8 > Accumulable registered as "h136"
G4WT10 > Accumulable registered as "h179"
G4WT8 > Accumulable registered as "h137"
G4WT10 > Accumulable registered as "h180"
G4WT8 > Accumulable registered as "h138"
G4WT10 > Accumulable registered as "h181"
G4WT0 > Accumulable registered as "h118"
G4WT2 > Accumulable registered as "h106"
G4WT0 > Accumulable registered as "h119"
G4WT2 > Accumulable registered as "h107"
G4WT0 > Accumulable registered as "h120"
G4WT11 > Accumulable registered as "h127"
G4WT4 > Accumulable registered as "h148"
G4WT11 > Accumulable registered as "h128"
G4WT3 > Accumulable registered as "h118"
G4WT8 > Accumulable registered as "h139"
G4WT3 > Accumulable registered as "h119"
G4WT10 > Accumulable registered as "h182"
G4WT8 > Accumulable registered as "h140"
G4WT6 > Accumulable registered as "h103"
G4WT10 > Accumulable registered as "h183"
G4WT1 > Accumulable registered as "h169"
G4WT8 > Accumulable registered as "h141"
G4WT0 > Accumulable registered as "h121"
G4WT4 > Accumulable registered as "h149"
G4WT11 > Accumulable registered as "h129"
G4WT0 > Accumulable registered as "h122"
G4WT4 > Accumulable registered as "h150"
G4WT3 > Accumulable registered as "h120"
G4WT9 > Accumulable registered as "h127"
G4WT11 > Accumulable registered as "h130"
G4WT9 > Accumulable registered as "h128"
G4WT6 > Accumulable registered as "h104"
G4WT9 > Accumulable registered as "h129"
G4WT8 > Accumulable registered as "h142"
G4WT5 > Accumulable registered as "h128"
G4WT0 > Accumulable registered as "h123"
G4WT9 > Accumulable registered as "h130"
G4WT5 > Accumulable registered as "h129"
G4WT9 > Accumulable registered as "h131"
G4WT5 > Accumulable registered as "h130"
G4WT9 > Accumulable registered as "h132"
G4WT5 > Accumulable registered as "h131"
G4WT1 > Accumulable registered as "h170"
G4WT8 > Accumulable registered as "h143"
G4WT1 > Accumulable registered as "h171"
G4WT7 > Accumulable registered as "h110"
G4WT2 > Accumulable registered as "h108"
G4WT7 > Accumulable registered as "h111"
G4WT0 > Accumulable registered as "h124"
G4WT10 > Accumulable registered as "h184"
G4WT11 > Accumulable registered as "h131"
G4WT9 > Accumulable registered as "h133"
G4WT6 > Accumulable registered as "h105"
G4WT9 > Accumulable registered as "h134"
G4WT5 > Accumulable registered as "h132"
G4WT6 > Accumulable registered as "h106"
G4WT9 > Accumulable registered as "h135"
G4WT4 > Accumulable registered as "h151"
G4WT3 > Accumulable registered as "h121"
G4WT4 > Accumulable registered as "h152"
G4WT7 > Accumulable registered as "h112"
G4WT3 > Accumulable registered as "h122"
G4WT10 > Accumulable registered as "h185"
G4WT3 > Accumulable registered as "h123"
G4WT1 > Accumulable registered as "h172"
G4WT6 > Accumulable registered as "h107"
G4WT8 > Accumulable registered as "h144"
G4WT6 > Accumulable registered as "h108"
G4WT9 > Accumulable registered as "h136"
G4WT5 > Accumulable registered as "h133"
G4WT0 > Accumulable registered as "h125"
G4WT4 > Accumulable registered as "h153"
G4WT0 > Accumulable registered as "h126"
G4WT7 > Accumulable registered as "h113"
G4WT0 > Accumulable registered as "h127"
G4WT3 > Accumulable registered as "h124"
G4WT0 > Accumulable registered as "h128"
G4WT1 > Accumulable registered as "h173"
G4WT6 > Accumulable registered as "h109"
G4WT9 > Accumulable registered as "h137"
G4WT6 > Accumulable registered as "h110"
G4WT11 > Accumulable registered as "h132"
G4WT2 > Accumulable registered as "h109"
G4WT11 > Accumulable registered as "h133"
G4WT10 > Accumulable registered as "h186"
G4WT7 > Accumulable registered as "h114"
G4WT8 > Accumulable registered as "h145"
G4WT7 > Accumulable registered as "h115"
G4WT8 > Accumulable registered as "h146"
G4WT7 > Accumulable registered as "h116"
G4WT9 > Accumulable registered as "h138"
G4WT6 > Accumulable registered as "h111"
G4WT5 > Accumulable registered as "h134"
G4WT4 > Accumulable registered as "h154"
G4WT5 > Accumulable registered as "h135"
G4WT2 > Accumulable registered as "h110"
G4WT4 > Accumulable registered as "h155"
G4WT2 > Accumulable registered as "h111"
G4WT4 > Accumulable registered as "h156"
G4WT3 > Accumulable registered as "h125"
G4WT4 > Accumulable registered as "h157"
G4WT3 > Accumulable registered as "h126"
G4WT7 > Accumulable registered as "h117"
G4WT6 > Accumulable registered as "h112"
G4WT7 > Accumulable registered as "h118"
G4WT5 > Accumulable registered as "h136"
G4WT7 > Accumulable registered as "h119"
G4WT10 > Accumulable registered as "h187"
G4WT2 > Accumulable registered as "h112"
G4WT10 > Accumulable registered as "h188"
G4WT1 > Accumulable registered as "h174"
G4WT4 > Accumulable registered as "h158"
G4WT9 > Accumulable registered as "h139"
G4WT3 > Accumulable registered as "h127"
G4WT9 > Accumulable registered as "h140"
G4WT11 > Accumulable registered as "h134"
G4WT0 > Accumulable registered as "h129"
G4WT5 > Accumulable registered as "h137"
G4WT0 > Accumulable registered as "h130"
G4WT10 > Accumulable registered as "h189"
G4WT8 > Accumulable registered as "h147"
G4WT2 > Accumulable registered as "h113"
G4WT1 > Accumulable registered as "h175"
G4WT2 > Accumulable registered as "h114"
G4WT4 > Accumulable registered as "h159"
G4WT6 > Accumulable registered as "h113"
G4WT4 > Accumulable registered as "h160"
G4WT11 > Accumulable registered as "h135"
G4WT4 > Accumulable registered as "h161"
G4WT7 > Accumulable registered as "h120"
G4WT0 > Accumulable registered as "h131"
G4WT7 > Accumulable registered as "h121"
G4WT10 > Accumulable registered as "h190"
G4WT8 > Accumulable registered as "h148"
G4WT2 > Accumulable registered as "h115"
G4WT8 > Accumulable registered as "h149"
G4WT2 > Accumulable registered as "h116"
G4WT9 > Accumulable registered as "h141"
G4WT8 > Accumulable registered as "h150"
G4WT2 > Accumulable registered as "h117"
G4WT8 > Accumulable registered as "h151"
G4WT2 > Accumulable registered as "h118"
G4WT0 > Accumulable registered as "h132"
G4WT2 > Accumulable registered as "h119"
G4WT1 > Accumulable registered as "h176"
G4WT10 > Accumulable registered as "h191"
G4WT1 > Accumulable registered as "h177"
G4WT6 > Accumulable registered as "h114"
G4WT9 > Accumulable registered as "h142"
G4WT6 > Accumulable registered as "h115"
G4WT11 > Accumulable registered as "h136"
G4WT9 > Accumulable registered as "h143"
G4WT4 > Accumulable registered as "h162"
G4WT7 > Accumulable registered as "h122"
G4WT11 > Accumulable registered as "h137"
G4WT4 > Accumulable registered as "h163"
G4WT7 > Accumulable registered as "h123"
G4WT10 > Accumulable registered as "h192"
G4WT5 > Accumulable registered as "h138"
G4WT1 > Accumulable registered as "h178"
G4WT5 > Accumulable registered as "h139"
G4WT8 > Accumulable registered as "h152"
G4WT5 > Accumulable registered as "h140"
G4WT9 > Accumulable registered as "h144"
G4WT0 > Accumulable registered as "h133"
G4WT11 > Accumulable registered as "h138"
G4WT9 > Accumulable registered as "h145"
G4WT4 > Accumulable registered as "h164"
G4WT11 > Accumulable registered as "h139"
G4WT6 > Accumulable registered as "h116"
G4WT11 > Accumulable registered as "h140"
G4WT1 > Accumulable registered as "h179"
G4WT5 > Accumulable registered as "h141"
G4WT2 > Accumulable registered as "h120"
G4WT5 > Accumulable registered as "h142"
G4WT5 > Accumulable registered as "h143"
G4WT5 > Accumulable registered as "h144"
G4WT3 > Accumulable registered as "h128"
G4WT4 > Accumulable registered as "h165"
G4WT3 > Accumulable registered as "h129"
G4WT10 > Accumulable registered as "h193"
G4WT6 > Accumulable registered as "h117"
G4WT1 > Accumulable registered as "h180"
G4WT8 > Accumulable registered as "h153"
G4WT8 > Accumulable registered as "h154"
G4WT1 > Accumulable registered as "h181"
G4WT1 > Accumulable registered as "h182"
G4WT1 > Accumulable registered as "h183"
G4WT9 > Accumulable registered as "h146"
G4WT4 > Accumulable registered as "h166"
G4WT9 > Accumulable registered as "h147"
G4WT3 > Accumulable registered as "h130"
G4WT9 > Accumulable registered as "h148"
G4WT10 > Accumulable registered as "h194"
G4WT6 > Accumulable registered as "h118"
G4WT2 > Accumulable registered as "h121"
G4WT6 > Accumulable registered as "h119"
G4WT8 > Accumulable registered as "h155"
G4WT6 > Accumulable registered as "h120"
G4WT5 > Accumulable registered as "h145"
G4WT1 > Accumulable registered as "h184"
G4WT2 > Accumulable registered as "h122"
G4WT3 > Accumulable registered as "h131"
G4WT2 > Accumulable registered as "h123"
G4WT9 > Accumulable registered as "h149"
G4WT3 > Accumulable registered as "h132"
G4WT10 > Accumulable registered as "h195"
G4WT9 > Accumulable registered as "h150"
G4WT7 > Accumulable registered as "h124"
G4WT4 > Accumulable registered as "h167"
G4WT7 > Accumulable registered as "h125"
G4WT5 > Accumulable registered as "h146"
G4WT7 > Accumulable registered as "h126"
G4WT11 > Accumulable registered as "h141"
G4WT0 > Accumulable registered as "h134"
G4WT11 > Accumulable registered as "h142"
G4WT3 > Accumulable registered as "h133"
G4WT11 > Accumulable registered as "h143"
G4WT6 > Accumulable registered as "h121"
G4WT3 > Accumulable registered as "h134"
G4WT9 > Accumulable registered as "h151"
G4WT8 > Accumulable registered as "h156"
G4WT1 > Accumulable registered as "h185"
G4WT9 > Accumulable registered as "h152"
G4WT8 > Accumulable registered as "h157"
G4WT2 > Accumulable registered as "h124"
G4WT1 > Accumulable registered as "h186"
G4WT8 > Accumulable registered as "h158"
G4WT2 > Accumulable registered as "h125"
G4WT1 > Accumulable registered as "h187"
G4WT11 > Accumulable registered as "h144"
G4WT9 > Accumulable registered as "h153"
G4WT11 > Accumulable registered as "h145"
G4WT0 > Accumulable registered as "h135"
G4WT9 > Accumulable registered as "h154"
G4WT0 > Accumulable registered as "h136"
G4WT3 > Accumulable registered as "h135"
G4WT0 > Accumulable registered as "h137"
G4WT4 > Accumulable registered as "h168"
G4WT0 > Accumulable registered as "h138"
G4WT2 > Accumulable registered as "h126"
G4WT7 > Accumulable registered as "h127"
G4WT1 > Accumulable registered as "h188"
G4WT11 > Accumulable registered as "h146"
G4WT10 > Accumulable registered as "h196"
G4WT2 > Accumulable registered as "h127"
G4WT9 > Accumulable registered as "h155"
G4WT8 > Accumulable registered as "h159"
G4WT10 > Accumulable registered as "h197"
G4WT6 > Accumulable registered as "h122"
G4WT4 > Accumulable registered as "h169"
G4WT7 > Accumulable registered as "h128"
G4WT6 > Accumulable registered as "h123"
G4WT1 > Accumulable registered as "h189"
G4WT7 > Accumulable registered as "h129"
G4WT6 > Accumulable registered as "h124"
G4WT1 > Accumulable registered as "h190"
G4WT6 > Accumulable registered as "h125"
G4WT9 > Accumulable registered as "h156"
G4WT6 > Accumulable registered as "h126"
G4WT8 > Accumulable registered as "h160"
G4WT9 > Accumulable registered as "h157"
G4WT6 > Accumulable registered as "h127"
G4WT11 > Accumulable registered as "h147"
G4WT5 > Accumulable registered as "h147"
G4WT11 > Accumulable registered as "h148"
G4WT1 > Accumulable registered as "h191"
G4WT5 > Accumulable registered as "h148"
G4WT0 > Accumulable registered as "h139"
G4WT5 > Accumulable registered as "h149"
G4WT4 > Accumulable registered as "h170"
G4WT8 > Accumulable registered as "h161"
G4WT9 > Accumulable registered as "h158"
G4WT6 > Accumulable registered as "h128"
G4WT9 > Accumulable registered as "h159"
G4WT2 > Accumulable registered as "h128"
G4WT6 > Accumulable registered as "h129"
G4WT7 > Accumulable registered as "h130"
G4WT2 > Accumulable registered as "h129"
G4WT1 > Accumulable registered as "h192"
G4WT7 > Accumulable registered as "h131"
G4WT0 > Accumulable registered as "h140"
G4WT1 > Accumulable registered as "h193"
G4WT4 > Accumulable registered as "h171"
G4WT1 > Accumulable registered as "h194"
G4WT9 > Accumulable registered as "h160"
G4WT4 > Accumulable registered as "h172"
G4WT11 > Accumulable registered as "h149"
G4WT9 > Accumulable registered as "h161"
G4WT10 > Accumulable registered as "h198"
G4WT9 > Accumulable registered as "h162"
G4WT7 > Accumulable registered as "h132"
G4WT8 > Accumulable registered as "h162"
G4WT0 > Accumulable registered as "h141"
G4WT0 > Accumulable registered as "h142"
G4WT3 > Accumulable registered as "h136"
G4WT0 > Accumulable registered as "h143"
G4WT6 > Accumulable registered as "h130"
G4WT11 > Accumulable registered as "h150"
G4WT6 > Accumulable registered as "h131"
G4WT2 > Accumulable registered as "h130"
G4WT6 > Accumulable registered as "h132"
G4WT2 > Accumulable registered as "h131"
G4WT7 > Accumulable registered as "h133"
G4WT8 > Accumulable registered as "h163"
G4WT7 > Accumulable registered as "h134"
G4WT8 > Accumulable registered as "h164"
G4WT4 > Accumulable registered as "h173"
G4WT8 > Accumulable registered as "h165"
G4WT3 > Accumulable registered as "h137"
G4WT4 > Accumulable registered as "h174"
G4WT10 > Accumulable registered as "h199"
G4WT9 > Accumulable registered as "h163"
G4WT6 > Accumulable registered as "h133"
G4WT9 > Accumulable registered as "h164"
G4WT2 > Accumulable registered as "h132"
G4WT1 > Accumulable registered as "h195"
G4WT0 > Accumulable registered as "h144"
G4WT7 > Accumulable registered as "h135"
G4WT1 > Accumulable registered as "h196"
G4WT7 > Accumulable registered as "h136"
G4WT5 > Accumulable registered as "h150"
G4WT3 > Accumulable registered as "h138"
G4WT5 > Accumulable registered as "h151"
G4WT10 > Accumulable registered as "h200"
G4WT9 > Accumulable registered as "h165"
G4WT10 > Accumulable registered as "h201"
G4WT9 > Accumulable registered as "h166"
G4WT10 > Accumulable registered as "h202"
G4WT8 > Accumulable registered as "h166"
G4WT0 > Accumulable registered as "h145"
G4WT8 > Accumulable registered as "h167"
G4WT4 > Accumulable registered as "h175"
G4WT8 > Accumulable registered as "h168"
G4WT6 > Accumulable registered as "h134"
G4WT8 > Accumulable registered as "h169"
G4WT5 > Accumulable registered as "h152"
G4WT8 > Accumulable registered as "h170"
G4WT0 > Accumulable registered as "h146"
G4WT9 > Accumulable registered as "h167"
G4WT0 > Accumulable registered as "h147"
G4WT1 > Accumulable registered as "h197"
G4WT7 > Accumulable registered as "h137"
G4WT4 > Accumulable registered as "h176"
G4WT3 > Accumulable registered as "h139"
G4WT7 > Accumulable registered as "h138"
G4WT6 > Accumulable registered as "h135"
G4WT4 > Accumulable registered as "h177"
G4WT8 > Accumulable registered as "h171"
G4WT6 > Accumulable registered as "h136"
G4WT5 > Accumulable registered as "h153"
G4WT6 > Accumulable registered as "h137"
G4WT5 > Accumulable registered as "h154"
G4WT1 > Accumulable registered as "h198"
G4WT5 > Accumulable registered as "h155"
G4WT3 > Accumulable registered as "h140"
G4WT7 > Accumulable registered as "h139"
G4WT1 > Accumulable registered as "h199"
G4WT3 > Accumulable registered as "h141"
G4WT7 > Accumulable registered as "h140"
G4WT11 > Accumulable registered as "h151"
G4WT3 > Accumulable registered as "h142"
G4WT9 > Accumulable registered as "h168"
G4WT11 > Accumulable registered as "h152"
G4WT2 > Accumulable registered as "h133"
G4WT5 > Accumulable registered as "h156"
G4WT4 > Accumulable registered as "h178"
G4WT1 > Accumulable registered as "h200"
G4WT5 > Accumulable registered as "h157"
G4WT0 > Accumulable registered as "h148"
G4WT5 > Accumulable registered as "h158"
G4WT6 > Accumulable registered as "h138"
G4WT0 > Accumulable registered as "h149"
G4WT9 > Accumulable registered as "h169"
G4WT6 > Accumulable registered as "h139"
G4WT7 > Accumulable registered as "h141"
G4WT2 > Accumulable registered as "h134"
G4WT6 > Accumulable registered as "h140"
G4WT10 > Accumulable registered as "h203"
G4WT1 > Accumulable registered as "h201"
G4WT8 > Accumulable registered as "h172"
G4WT5 > Accumulable registered as "h159"
G4WT8 > Accumulable registered as "h173"
G4WT11 > Accumulable registered as "h153"
G4WT8 > Accumulable registered as "h174"
G4WT9 > Accumulable registered as "h170"
G4WT8 > Accumulable registered as "h175"
G4WT4 > Accumulable registered as "h179"
G4WT9 > Accumulable registered as "h171"
G4WT2 > Accumulable registered as "h135"
G4WT10 > Accumulable registered as "h204"
G4WT3 > Accumulable registered as "h143"
G4WT2 > Accumulable registered as "h136"
G4WT0 > Accumulable registered as "h150"
G4WT2 > Accumulable registered as "h137"
G4WT11 > Accumulable registered as "h154"
G4WT6 > Accumulable registered as "h141"
G4WT11 > Accumulable registered as "h155"
G4WT8 > Accumulable registered as "h176"
G4WT11 > Accumulable registered as "h156"
G4WT9 > Accumulable registered as "h172"
G4WT1 > Accumulable registered as "h202"
G4WT9 > Accumulable registered as "h173"
G4WT5 > Accumulable registered as "h160"
G4WT3 > Accumulable registered as "h144"
G4WT1 > Accumulable registered as "h203"
G4WT2 > Accumulable registered as "h138"
G4WT1 > Accumulable registered as "h204"
G4WT6 > Accumulable registered as "h142"
G4WT2 > Accumulable registered as "h139"
G4WT11 > Accumulable registered as "h157"
G4WT2 > Accumulable registered as "h140"
G4WT10 > Accumulable registered as "h205"
G4WT9 > Accumulable registered as "h174"
G4WT7 > Accumulable registered as "h142"
G4WT5 > Accumulable registered as "h161"
G4WT0 > Accumulable registered as "h151"
G4WT3 > Accumulable registered as "h145"
G4WT7 > Accumulable registered as "h143"
G4WT1 > Accumulable registered as "h205"
G4WT8 > Accumulable registered as "h177"
G4WT1 > Accumulable registered as "h206"
G4WT2 > Accumulable registered as "h141"
G4WT1 > Accumulable registered as "h207"
G4WT10 > Accumulable registered as "h206"
G4WT9 > Accumulable registered as "h175"
G4WT2 > Accumulable registered as "h142"
G4WT4 > Accumulable registered as "h180"
G4WT0 > Accumulable registered as "h152"
G4WT3 > Accumulable registered as "h146"
G4WT0 > Accumulable registered as "h153"
G4WT6 > Accumulable registered as "h143"
G4WT11 > Accumulable registered as "h158"
G4WT8 > Accumulable registered as "h178"
G4WT11 > Accumulable registered as "h159"
G4WT5 > Accumulable registered as "h162"
G4WT11 > Accumulable registered as "h160"
G4WT2 > Accumulable registered as "h143"
G4WT7 > Accumulable registered as "h144"
G4WT2 > Accumulable registered as "h144"
G4WT4 > Accumulable registered as "h181"
G4WT3 > Accumulable registered as "h147"
G4WT4 > Accumulable registered as "h182"
G4WT1 > Accumulable registered as "h208"
G4WT6 > Accumulable registered as "h144"
G4WT1 > Accumulable registered as "h209"
G4WT8 > Accumulable registered as "h179"
G4WT9 > Accumulable registered as "h176"
G4WT5 > Accumulable registered as "h163"
G4WT9 > Accumulable registered as "h177"
G4WT0 > Accumulable registered as "h154"
G4WT7 > Accumulable registered as "h145"
G4WT0 > Accumulable registered as "h155"
G4WT7 > Accumulable registered as "h146"
G4WT0 > Accumulable registered as "h156"
G4WT7 > Accumulable registered as "h147"
G4WT6 > Accumulable registered as "h145"
G4WT11 > Accumulable registered as "h161"
G4WT8 > Accumulable registered as "h180"
G4WT6 > Accumulable registered as "h146"
G4WT5 > Accumulable registered as "h164"
G4WT8 > Accumulable registered as "h181"
G4WT5 > Accumulable registered as "h165"
G4WT2 > Accumulable registered as "h145"
G4WT5 > Accumulable registered as "h166"
G4WT0 > Accumulable registered as "h157"
G4WT2 > Accumulable registered as "h146"
G4WT1 > Accumulable registered as "h210"
G4WT11 > Accumulable registered as "h162"
G4WT6 > Accumulable registered as "h147"
G4WT8 > Accumulable registered as "h182"
G4WT9 > Accumulable registered as "h178"
G4WT8 > Accumulable registered as "h183"
G4WT9 > Accumulable registered as "h179"
G4WT4 > Accumulable registered as "h183"
G4WT4 > Accumulable registered as "h184"
G4WT7 > Accumulable registered as "h148"
G4WT0 > Accumulable registered as "h158"
G4WT2 > Accumulable registered as "h147"
G4WT11 > Accumulable registered as "h163"
G4WT2 > Accumulable registered as "h148"
G4WT11 > Accumulable registered as "h164"
G4WT11 > Accumulable registered as "h165"
G4WT10 > Accumulable registered as "h207"
G4WT3 > Accumulable registered as "h148"
G4WT8 > Accumulable registered as "h184"
G4WT3 > Accumulable registered as "h149"
G4WT4 > Accumulable registered as "h185"
G4WT7 > Accumulable registered as "h149"
G4WT4 > Accumulable registered as "h186"
G4WT0 > Accumulable registered as "h159"
G4WT6 > Accumulable registered as "h148"
G4WT2 > Accumulable registered as "h149"
G4WT6 > Accumulable registered as "h149"
G4WT2 > Accumulable registered as "h150"
G4WT10 > Accumulable registered as "h208"
G4WT9 > Accumulable registered as "h180"
G4WT5 > Accumulable registered as "h167"
G4WT3 > Accumulable registered as "h150"
G4WT5 > Accumulable registered as "h168"
G4WT7 > Accumulable registered as "h150"
G4WT1 > Accumulable registered as "h211"
G4WT3 > Accumulable registered as "h151"
G4WT11 > Accumulable registered as "h166"
G4WT1 > Accumulable registered as "h212"
G4WT10 > Accumulable registered as "h209"
G4WT8 > Accumulable registered as "h185"
G4WT10 > Accumulable registered as "h210"
G4WT9 > Accumulable registered as "h181"
G4WT5 > Accumulable registered as "h169"
G4WT9 > Accumulable registered as "h182"
G4WT6 > Accumulable registered as "h150"
G4WT5 > Accumulable registered as "h170"
G4WT9 > Accumulable registered as "h183"
G4WT10 > Accumulable registered as "h211"
G4WT6 > Accumulable registered as "h151"
G4WT10 > Accumulable registered as "h212"
G4WT1 > Accumulable registered as "h213"
G4WT10 > Accumulable registered as "h213"
G4WT1 > Accumulable registered as "h214"
G4WT10 > Accumulable registered as "h214"
G4WT0 > Accumulable registered as "h160"
G4WT10 > Accumulable registered as "h215"
G4WT5 > Accumulable registered as "h171"
G4WT9 > Accumulable registered as "h184"
G4WT5 > Accumulable registered as "h172"
G4WT11 > Accumulable registered as "h167"
G4WT6 > Accumulable registered as "h152"
G4WT9 > Accumulable registered as "h185"
G4WT11 > Accumulable registered as "h168"
G4WT6 > Accumulable registered as "h153"
G4WT1 > Accumulable registered as "h215"
G4WT0 > Accumulable registered as "h161"
G4WT1 > Accumulable registered as "h216"
G4WT10 > Accumulable registered as "h216"
G4WT0 > Accumulable registered as "h162"
G4WT0 > Accumulable registered as "h163"
G4WT8 > Accumulable registered as "h186"
G4WT0 > Accumulable registered as "h164"
G4WT7 > Accumulable registered as "h151"
G4WT9 > Accumulable registered as "h186"
G4WT11 > Accumulable registered as "h169"
G4WT6 > Accumulable registered as "h154"
G4WT1 > Accumulable registered as "h217"
G4WT6 > Accumulable registered as "h155"
G4WT2 > Accumulable registered as "h151"
G4WT6 > Accumulable registered as "h156"
G4WT10 > Accumulable registered as "h217"
G4WT4 > Accumulable registered as "h187"
G4WT10 > Accumulable registered as "h218"
G4WT8 > Accumulable registered as "h187"
G4WT4 > Accumulable registered as "h188"
G4WT3 > Accumulable registered as "h152"
G4WT4 > Accumulable registered as "h189"
G4WT9 > Accumulable registered as "h187"
G4WT3 > Accumulable registered as "h153"
G4WT6 > Accumulable registered as "h157"
G4WT2 > Accumulable registered as "h152"
G4WT0 > Accumulable registered as "h165"
G4WT2 > Accumulable registered as "h153"
G4WT7 > Accumulable registered as "h152"
G4WT2 > Accumulable registered as "h154"
G4WT11 > Accumulable registered as "h170"
G4WT2 > Accumulable registered as "h155"
G4WT4 > Accumulable registered as "h190"
G4WT2 > Accumulable registered as "h156"
G4WT3 > Accumulable registered as "h154"
G4WT9 > Accumulable registered as "h188"
G4WT3 > Accumulable registered as "h155"
G4WT6 > Accumulable registered as "h158"
G4WT3 > Accumulable registered as "h156"
G4WT9 > Accumulable registered as "h189"
G4WT8 > Accumulable registered as "h188"
G4WT9 > Accumulable registered as "h190"
G4WT1 > Accumulable registered as "h218"
G4WT9 > Accumulable registered as "h191"
G4WT6 > Accumulable registered as "h159"
G4WT4 > Accumulable registered as "h191"
G4WT2 > Accumulable registered as "h157"
G4WT10 > Accumulable registered as "h219"
G4WT3 > Accumulable registered as "h157"
G4WT7 > Accumulable registered as "h153"
G4WT11 > Accumulable registered as "h171"
G4WT7 > Accumulable registered as "h154"
G4WT11 > Accumulable registered as "h172"
G4WT5 > Accumulable registered as "h173"
G4WT7 > Accumulable registered as "h155"
G4WT11 > Accumulable registered as "h173"
G4WT1 > Accumulable registered as "h219"
G4WT4 > Accumulable registered as "h192"
G4WT0 > Accumulable registered as "h166"
G4WT2 > Accumulable registered as "h158"
G4WT10 > Accumulable registered as "h220"
G4WT0 > Accumulable registered as "h167"
G4WT6 > Accumulable registered as "h160"
G4WT8 > Accumulable registered as "h189"
G4WT1 > Accumulable registered as "h220"
G4WT7 > Accumulable registered as "h156"
G4WT11 > Accumulable registered as "h174"
G4WT1 > Accumulable registered as "h221"
G4WT7 > Accumulable registered as "h157"
G4WT3 > Accumulable registered as "h158"
G4WT11 > Accumulable registered as "h175"
G4WT2 > Accumulable registered as "h159"
G4WT0 > Accumulable registered as "h168"
G4WT9 > Accumulable registered as "h192"
G4WT5 > Accumulable registered as "h174"
G4WT8 > Accumulable registered as "h190"
G4WT0 > Accumulable registered as "h169"
G4WT5 > Accumulable registered as "h175"
G4WT8 > Accumulable registered as "h191"
G4WT5 > Accumulable registered as "h176"
G4WT8 > Accumulable registered as "h192"
G4WT2 > Accumulable registered as "h160"
G4WT6 > Accumulable registered as "h161"
G4WT2 > Accumulable registered as "h161"
G4WT3 > Accumulable registered as "h159"
G4WT2 > Accumulable registered as "h162"
G4WT10 > Accumulable registered as "h221"
G4WT3 > Accumulable registered as "h160"
G4WT0 > Accumulable registered as "h170"
G4WT11 > Accumulable registered as "h176"
G4WT5 > Accumulable registered as "h177"
G4WT11 > Accumulable registered as "h177"
G4WT8 > Accumulable registered as "h193"
G4WT1 > Accumulable registered as "h222"
G4WT9 > Accumulable registered as "h193"
G4WT1 > Accumulable registered as "h223"
G4WT4 > Accumulable registered as "h193"
G4WT1 > Accumulable registered as "h224"
G4WT3 > Accumulable registered as "h161"
G4WT4 > Accumulable registered as "h194"
G4WT9 > Accumulable registered as "h194"
G4WT4 > Accumulable registered as "h195"
G4WT3 > Accumulable registered as "h162"
G4WT9 > Accumulable registered as "h195"
G4WT4 > Accumulable registered as "h196"
G4WT8 > Accumulable registered as "h194"
G4WT4 > Accumulable registered as "h197"
G4WT10 > Accumulable registered as "h222"
G4WT1 > Accumulable registered as "h225"
G4WT10 > Accumulable registered as "h223"
G4WT0 > Accumulable registered as "h171"
G4WT11 > Accumulable registered as "h178"
G4WT5 > Accumulable registered as "h178"
G4WT11 > Accumulable registered as "h179"
G4WT5 > Accumulable registered as "h179"
G4WT4 > Accumulable registered as "h198"
G4WT8 > Accumulable registered as "h195"
G4WT4 > Accumulable registered as "h199"
G4WT9 > Accumulable registered as "h196"
G4WT4 > Accumulable registered as "h200"
G4WT7 > Accumulable registered as "h158"
G4WT10 > Accumulable registered as "h224"
G4WT8 > Accumulable registered as "h196"
G4WT6 > Accumulable registered as "h162"
G4WT3 > Accumulable registered as "h163"
G4WT11 > Accumulable registered as "h180"
G4WT2 > Accumulable registered as "h163"
G4WT11 > Accumulable registered as "h181"
G4WT2 > Accumulable registered as "h164"
G4WT9 > Accumulable registered as "h197"
G4WT7 > Accumulable registered as "h159"
G4WT9 > Accumulable registered as "h198"
G4WT10 > Accumulable registered as "h225"
G4WT8 > Accumulable registered as "h197"
G4WT6 > Accumulable registered as "h163"
G4WT8 > Accumulable registered as "h198"
G4WT6 > Accumulable registered as "h164"
G4WT8 > Accumulable registered as "h199"
G4WT1 > Accumulable registered as "h226"
G4WT6 > Accumulable registered as "h165"
G4WT11 > Accumulable registered as "h182"
G4WT0 > Accumulable registered as "h172"
G4WT7 > Accumulable registered as "h160"
G4WT0 > Accumulable registered as "h173"
G4WT7 > Accumulable registered as "h161"
G4WT3 > Accumulable registered as "h164"
G4WT5 > Accumulable registered as "h180"
G4WT3 > Accumulable registered as "h165"
G4WT4 > Accumulable registered as "h201"
G4WT3 > Accumulable registered as "h166"
G4WT2 > Accumulable registered as "h165"
G4WT4 > Accumulable registered as "h202"
G4WT3 > Accumulable registered as "h167"
G4WT6 > Accumulable registered as "h166"
G4WT9 > Accumulable registered as "h199"
G4WT4 > Accumulable registered as "h203"
G4WT9 > Accumulable registered as "h200"
G4WT4 > Accumulable registered as "h204"
G4WT5 > Accumulable registered as "h181"
G4WT4 > Accumulable registered as "h205"
G4WT1 > Accumulable registered as "h227"
G4WT4 > Accumulable registered as "h206"
G4WT1 > Accumulable registered as "h228"
G4WT1 > Accumulable registered as "h229"
G4WT1 > Accumulable registered as "h230"
G4WT6 > Accumulable registered as "h167"
G4WT2 > Accumulable registered as "h166"
G4WT6 > Accumulable registered as "h168"
G4WT3 > Accumulable registered as "h168"
G4WT11 > Accumulable registered as "h183"
G4WT5 > Accumulable registered as "h182"
G4WT11 > Accumulable registered as "h184"
G4WT4 > Accumulable registered as "h207"
G4WT5 > Accumulable registered as "h183"
G4WT10 > Accumulable registered as "h226"
G4WT4 > Accumulable registered as "h208"
G4WT10 > Accumulable registered as "h227"
G4WT8 > Accumulable registered as "h200"
G4WT6 > Accumulable registered as "h169"
G4WT2 > Accumulable registered as "h167"
G4WT6 > Accumulable registered as "h170"
G4WT6 > Accumulable registered as "h171"
G4WT11 > Accumulable registered as "h185"
G4WT7 > Accumulable registered as "h162"
G4WT1 > Accumulable registered as "h231"
G4WT7 > Accumulable registered as "h163"
G4WT5 > Accumulable registered as "h184"
G4WT1 > Accumulable registered as "h232"
G4WT9 > Accumulable registered as "h201"
G4WT5 > Accumulable registered as "h185"
G4WT8 > Accumulable registered as "h201"
G4WT2 > Accumulable registered as "h168"
G4WT0 > Accumulable registered as "h174"
G4WT6 > Accumulable registered as "h172"
G4WT11 > Accumulable registered as "h186"
G4WT6 > Accumulable registered as "h173"
G4WT11 > Accumulable registered as "h187"
G4WT7 > Accumulable registered as "h164"
G4WT1 > Accumulable registered as "h233"
G4WT7 > Accumulable registered as "h165"
G4WT1 > Accumulable registered as "h234"
G4WT1 > Accumulable registered as "h235"
G4WT1 > Accumulable registered as "h236"
G4WT2 > Accumulable registered as "h169"
G4WT0 > Accumulable registered as "h175"
G4WT2 > Accumulable registered as "h170"
G4WT2 > Accumulable registered as "h171"
G4WT6 > Accumulable registered as "h174"
G4WT11 > Accumulable registered as "h188"
G4WT6 > Accumulable registered as "h175"
G4WT5 > Accumulable registered as "h186"
G4WT11 > Accumulable registered as "h189"
G4WT7 > Accumulable registered as "h166"
G4WT6 > Accumulable registered as "h176"
G4WT5 > Accumulable registered as "h187"
G4WT1 > Accumulable registered as "h237"
G4WT5 > Accumulable registered as "h188"
G4WT4 > Accumulable registered as "h209"
G4WT5 > Accumulable registered as "h189"
G4WT9 > Accumulable registered as "h202"
G4WT11 > Accumulable registered as "h190"
G4WT4 > Accumulable registered as "h210"
G4WT8 > Accumulable registered as "h202"
G4WT6 > Accumulable registered as "h177"
G4WT7 > Accumulable registered as "h167"
G4WT6 > Accumulable registered as "h178"
G4WT7 > Accumulable registered as "h168"
G4WT1 > Accumulable registered as "h238"
G4WT2 > Accumulable registered as "h172"
G4WT5 > Accumulable registered as "h190"
G4WT2 > Accumulable registered as "h173"
G4WT5 > Accumulable registered as "h191"
G4WT5 > Accumulable registered as "h192"
G4WT4 > Accumulable registered as "h211"
G4WT8 > Accumulable registered as "h203"
G4WT0 > Accumulable registered as "h176"
G4WT0 > Accumulable registered as "h177"
G4WT6 > Accumulable registered as "h179"
G4WT1 > Accumulable registered as "h239"
G4WT6 > Accumulable registered as "h180"
G4WT1 > Accumulable registered as "h240"
G4WT6 > Accumulable registered as "h181"
G4WT1 > Accumulable registered as "h241"
G4WT2 > Accumulable registered as "h174"
G4WT5 > Accumulable registered as "h193"
G4WT2 > Accumulable registered as "h175"
G4WT5 > Accumulable registered as "h194"
G4WT8 > Accumulable registered as "h204"
G4WT10 > Accumulable registered as "h228"
G4WT7 > Accumulable registered as "h169"
G4WT10 > Accumulable registered as "h229"
G4WT7 > Accumulable registered as "h170"
G4WT6 > Accumulable registered as "h182"
G4WT1 > Accumulable registered as "h242"
G4WT1 > Accumulable registered as "h243"
G4WT4 > Accumulable registered as "h212"
G4WT2 > Accumulable registered as "h176"
G4WT4 > Accumulable registered as "h213"
G4WT5 > Accumulable registered as "h195"
G4WT4 > Accumulable registered as "h214"
G4WT8 > Accumulable registered as "h205"
G4WT11 > Accumulable registered as "h191"
G4WT10 > Accumulable registered as "h230"
G4WT7 > Accumulable registered as "h171"
G4WT10 > Accumulable registered as "h231"
G4WT6 > Accumulable registered as "h183"
G4WT7 > Accumulable registered as "h172"
G4WT0 > Accumulable registered as "h178"
G4WT2 > Accumulable registered as "h177"
G4WT5 > Accumulable registered as "h196"
G4WT2 > Accumulable registered as "h178"
G4WT4 > Accumulable registered as "h215"
G4WT11 > Accumulable registered as "h192"
G4WT4 > Accumulable registered as "h216"
G4WT8 > Accumulable registered as "h206"
G4WT10 > Accumulable registered as "h232"
G4WT7 > Accumulable registered as "h173"
G4WT10 > Accumulable registered as "h233"
G4WT6 > Accumulable registered as "h184"
G4WT7 > Accumulable registered as "h174"
G4WT2 > Accumulable registered as "h179"
G4WT5 > Accumulable registered as "h197"
G4WT2 > Accumulable registered as "h180"
G4WT9 > Accumulable registered as "h203"
G4WT2 > Accumulable registered as "h181"
G4WT4 > Accumulable registered as "h217"
G4WT2 > Accumulable registered as "h182"
G4WT8 > Accumulable registered as "h207"
G4WT2 > Accumulable registered as "h183"
G4WT10 > Accumulable registered as "h234"
G4WT2 > Accumulable registered as "h184"
G4WT3 > Accumulable registered as "h169"
G4WT5 > Accumulable registered as "h198"
G4WT1 > Accumulable registered as "h244"
G4WT9 > Accumulable registered as "h204"
G4WT1 > Accumulable registered as "h245"
G4WT4 > Accumulable registered as "h218"
G4WT6 > Accumulable registered as "h185"
G4WT4 > Accumulable registered as "h219"
G4WT8 > Accumulable registered as "h208"
G4WT6 > Accumulable registered as "h186"
G4WT8 > Accumulable registered as "h209"
G4WT8 > Accumulable registered as "h210"
G4WT3 > Accumulable registered as "h170"
G4WT5 > Accumulable registered as "h199"
G4WT3 > Accumulable registered as "h171"
G4WT5 > Accumulable registered as "h200"
G4WT9 > Accumulable registered as "h205"
G4WT4 > Accumulable registered as "h220"
G4WT9 > Accumulable registered as "h206"
G4WT7 > Accumulable registered as "h175"
G4WT10 > Accumulable registered as "h235"
G4WT2 > Accumulable registered as "h185"
G4WT7 > Accumulable registered as "h176"
G4WT10 > Accumulable registered as "h236"
G4WT2 > Accumulable registered as "h186"
G4WT1 > Accumulable registered as "h246"
G4WT2 > Accumulable registered as "h187"
G4WT5 > Accumulable registered as "h201"
G4WT1 > Accumulable registered as "h247"
G4WT0 > Accumulable registered as "h179"
G4WT5 > Accumulable registered as "h202"
G4WT1 > Accumulable registered as "h248"
G4WT5 > Accumulable registered as "h203"
G4WT0 > Accumulable registered as "h180"
G4WT10 > Accumulable registered as "h237"
G4WT3 > Accumulable registered as "h172"
G4WT2 > Accumulable registered as "h188"
G4WT4 > Accumulable registered as "h221"
G4WT9 > Accumulable registered as "h207"
G4WT4 > Accumulable registered as "h222"
G4WT6 > Accumulable registered as "h187"
G4WT9 > Accumulable registered as "h208"
G4WT6 > Accumulable registered as "h188"
G4WT9 > Accumulable registered as "h209"
G4WT5 > Accumulable registered as "h204"
G4WT9 > Accumulable registered as "h210"
G4WT0 > Accumulable registered as "h181"
G4WT3 > Accumulable registered as "h173"
G4WT0 > Accumulable registered as "h182"
G4WT3 > Accumulable registered as "h174"
G4WT3 > Accumulable registered as "h175"
G4WT3 > Accumulable registered as "h176"
G4WT1 > Accumulable registered as "h249"
G4WT11 > Accumulable registered as "h193"
G4WT1 > Accumulable registered as "h250"
G4WT7 > Accumulable registered as "h177"
G4WT10 > Accumulable registered as "h238"
G4WT9 > Accumulable registered as "h211"
G4WT10 > Accumulable registered as "h239"
G4WT9 > Accumulable registered as "h212"
G4WT4 > Accumulable registered as "h223"
G4WT8 > Accumulable registered as "h211"
G4WT3 > Accumulable registered as "h177"
G4WT8 > Accumulable registered as "h212"
G4WT6 > Accumulable registered as "h189"
G4WT3 > Accumulable registered as "h178"
G4WT6 > Accumulable registered as "h190"
G4WT5 > Accumulable registered as "h205"
G4WT2 > Accumulable registered as "h189"
G4WT0 > Accumulable registered as "h183"
G4WT10 > Accumulable registered as "h240"
G4WT0 > Accumulable registered as "h184"
G4WT10 > Accumulable registered as "h241"
G4WT0 > Accumulable registered as "h185"
G4WT8 > Accumulable registered as "h213"
G4WT11 > Accumulable registered as "h194"
G4WT8 > Accumulable registered as "h214"
G4WT7 > Accumulable registered as "h178"
G4WT3 > Accumulable registered as "h179"
G4WT7 > Accumulable registered as "h179"
G4WT5 > Accumulable registered as "h206"
G4WT9 > Accumulable registered as "h213"
G4WT5 > Accumulable registered as "h207"
G4WT1 > Accumulable registered as "h251"
G4WT10 > Accumulable registered as "h242"
G4WT0 > Accumulable registered as "h186"
G4WT10 > Accumulable registered as "h243"
G4WT11 > Accumulable registered as "h195"
G4WT8 > Accumulable registered as "h215"
G4WT11 > Accumulable registered as "h196"
G4WT2 > Accumulable registered as "h190"
G4WT3 > Accumulable registered as "h180"
G4WT2 > Accumulable registered as "h191"
G4WT4 > Accumulable registered as "h224"
G4WT2 > Accumulable registered as "h192"
G4WT5 > Accumulable registered as "h208"
G4WT2 > Accumulable registered as "h193"
G4WT4 > Accumulable registered as "h225"
G4WT5 > Accumulable registered as "h209"
G4WT6 > Accumulable registered as "h191"
G4WT5 > Accumulable registered as "h210"
G4WT11 > Accumulable registered as "h197"
G4WT8 > Accumulable registered as "h216"
G4WT9 > Accumulable registered as "h214"
G4WT11 > Accumulable registered as "h198"
G4WT1 > Accumulable registered as "h252"
G4WT10 > Accumulable registered as "h244"
G4WT2 > Accumulable registered as "h194"
G4WT10 > Accumulable registered as "h245"
G4WT7 > Accumulable registered as "h180"
G4WT4 > Accumulable registered as "h226"
G4WT5 > Accumulable registered as "h211"
G4WT3 > Accumulable registered as "h181"
G4WT5 > Accumulable registered as "h212"
G4WT8 > Accumulable registered as "h217"
G4WT0 > Accumulable registered as "h187"
G4WT8 > Accumulable registered as "h218"
G4WT11 > Accumulable registered as "h199"
G4WT8 > Accumulable registered as "h219"
G4WT10 > Accumulable registered as "h246"
G4WT8 > Accumulable registered as "h220"
G4WT7 > Accumulable registered as "h181"
G4WT10 > Accumulable registered as "h247"
G4WT6 > Accumulable registered as "h192"
G4WT10 > Accumulable registered as "h248"
G4WT3 > Accumulable registered as "h182"
G4WT9 > Accumulable registered as "h215"
G4WT6 > Accumulable registered as "h193"
G4WT0 > Accumulable registered as "h188"
G4WT1 > Accumulable registered as "h253"
G4WT11 > Accumulable registered as "h200"
G4WT4 > Accumulable registered as "h227"
G4WT8 > Accumulable registered as "h221"
G4WT1 > Accumulable registered as "h254"
G4WT11 > Accumulable registered as "h201"
G4WT8 > Accumulable registered as "h222"
G4WT1 > Accumulable registered as "h255"
G4WT11 > Accumulable registered as "h202"
G4WT8 > Accumulable registered as "h223"
G4WT1 > Accumulable registered as "h256"
G4WT0 > Accumulable registered as "h189"
G4WT1 > Accumulable registered as "h257"
G4WT7 > Accumulable registered as "h182"
G4WT1 > Accumulable registered as "h258"
G4WT7 > Accumulable registered as "h183"
G4WT10 > Accumulable registered as "h249"
G4WT1 > Accumulable registered as "h259"
G4WT7 > Accumulable registered as "h184"
G4WT6 > Accumulable registered as "h194"
G4WT8 > Accumulable registered as "h224"
G4WT8 > Accumulable registered as "h225"
G4WT8 > Accumulable registered as "h226"
G4WT3 > Accumulable registered as "h183"
G4WT0 > Accumulable registered as "h190"
G4WT3 > Accumulable registered as "h184"
G4WT3 > Accumulable registered as "h185"
G4WT2 > Accumulable registered as "h195"
G4WT3 > Accumulable registered as "h186"
G4WT3 > Accumulable registered as "h187"
G4WT7 > Accumulable registered as "h185"
G4WT6 > Accumulable registered as "h195"
G4WT7 > Accumulable registered as "h186"
G4WT6 > Accumulable registered as "h196"
G4WT4 > Accumulable registered as "h228"
G4WT8 > Accumulable registered as "h227"
G4WT0 > Accumulable registered as "h191"
G4WT10 > Accumulable registered as "h250"
G4WT8 > Accumulable registered as "h228"
G4WT1 > Accumulable registered as "h260"
G4WT8 > Accumulable registered as "h229"
G4WT2 > Accumulable registered as "h196"
G4WT3 > Accumulable registered as "h188"
G4WT2 > Accumulable registered as "h197"
G4WT6 > Accumulable registered as "h197"
G4WT2 > Accumulable registered as "h198"
G4WT4 > Accumulable registered as "h229"
G4WT0 > Accumulable registered as "h192"
G4WT4 > Accumulable registered as "h230"
G4WT10 > Accumulable registered as "h251"
G4WT0 > Accumulable registered as "h193"
G4WT0 > Accumulable registered as "h194"
G4WT10 > Accumulable registered as "h252"
G4WT0 > Accumulable registered as "h195"
G4WT10 > Accumulable registered as "h253"
G4WT10 > Accumulable registered as "h254"
G4WT10 > Accumulable registered as "h255"
G4WT10 > Accumulable registered as "h256"
G4WT4 > Accumulable registered as "h231"
G4WT11 > Accumulable registered as "h203"
G4WT4 > Accumulable registered as "h232"
G4WT7 > Accumulable registered as "h187"
G4WT4 > Accumulable registered as "h233"
G4WT7 > Accumulable registered as "h188"
G4WT7 > Accumulable registered as "h189"
G4WT9 > Accumulable registered as "h216"
G4WT0 > Accumulable registered as "h196"
G4WT10 > Accumulable registered as "h257"
G4WT0 > Accumulable registered as "h197"
G4WT1 > Accumulable registered as "h261"
G4WT8 > Accumulable registered as "h230"
G4WT11 > Accumulable registered as "h204"
G4WT3 > Accumulable registered as "h189"
G4WT8 > Accumulable registered as "h231"
G4WT6 > Accumulable registered as "h198"
G4WT8 > Accumulable registered as "h232"
G4WT2 > Accumulable registered as "h199"
G4WT8 > Accumulable registered as "h233"
G4WT9 > Accumulable registered as "h217"
G4WT5 > Accumulable registered as "h213"
G4WT8 > Accumulable registered as "h234"
G4WT6 > Accumulable registered as "h199"
G4WT1 > Accumulable registered as "h262"
G4WT4 > Accumulable registered as "h234"
G4WT1 > Accumulable registered as "h263"
G4WT4 > Accumulable registered as "h235"
G4WT1 > Accumulable registered as "h264"
G4WT4 > Accumulable registered as "h236"
G4WT1 > Accumulable registered as "h265"
G4WT9 > Accumulable registered as "h218"
G4WT5 > Accumulable registered as "h214"
G4WT9 > Accumulable registered as "h219"
G4WT8 > Accumulable registered as "h235"
G4WT5 > Accumulable registered as "h215"
G4WT9 > Accumulable registered as "h220"
G4WT5 > Accumulable registered as "h216"
G4WT9 > Accumulable registered as "h221"
G4WT5 > Accumulable registered as "h217"
G4WT10 > Accumulable registered as "h258"
G4WT4 > Accumulable registered as "h237"
G4WT10 > Accumulable registered as "h259"
G4WT4 > Accumulable registered as "h238"
G4WT10 > Accumulable registered as "h260"
G4WT4 > Accumulable registered as "h239"
G4WT0 > Accumulable registered as "h198"
G4WT8 > Accumulable registered as "h236"
G4WT2 > Accumulable registered as "h200"
G4WT11 > Accumulable registered as "h205"
G4WT2 > Accumulable registered as "h201"
G4WT11 > Accumulable registered as "h206"
G4WT2 > Accumulable registered as "h202"
G4WT11 > Accumulable registered as "h207"
G4WT2 > Accumulable registered as "h203"
G4WT6 > Accumulable registered as "h200"
G4WT2 > Accumulable registered as "h204"
G4WT10 > Accumulable registered as "h261"
G4WT4 > Accumulable registered as "h240"
G4WT0 > Accumulable registered as "h199"
G4WT4 > Accumulable registered as "h241"
G4WT5 > Accumulable registered as "h218"
G4WT1 > Accumulable registered as "h266"
G4WT3 > Accumulable registered as "h190"
G4WT1 > Accumulable registered as "h267"
G4WT11 > Accumulable registered as "h208"
G4WT7 > Accumulable registered as "h190"
G4WT11 > Accumulable registered as "h209"
G4WT7 > Accumulable registered as "h191"
G4WT8 > Accumulable registered as "h237"
G4WT9 > Accumulable registered as "h222"
G4WT8 > Accumulable registered as "h238"
G4WT4 > Accumulable registered as "h242"
G4WT0 > Accumulable registered as "h200"
G4WT5 > Accumulable registered as "h219"
G4WT3 > Accumulable registered as "h191"
G4WT0 > Accumulable registered as "h201"
G4WT2 > Accumulable registered as "h205"
G4WT6 > Accumulable registered as "h201"
G4WT2 > Accumulable registered as "h206"
G4WT7 > Accumulable registered as "h192"
G4WT2 > Accumulable registered as "h207"
G4WT9 > Accumulable registered as "h223"
G4WT6 > Accumulable registered as "h202"
G4WT8 > Accumulable registered as "h239"
G4WT9 > Accumulable registered as "h224"
G4WT8 > Accumulable registered as "h240"
G4WT9 > Accumulable registered as "h225"
G4WT8 > Accumulable registered as "h241"
G4WT10 > Accumulable registered as "h262"
G4WT8 > Accumulable registered as "h242"
G4WT10 > Accumulable registered as "h263"
G4WT7 > Accumulable registered as "h193"
G4WT8 > Accumulable registered as "h243"
G4WT10 > Accumulable registered as "h264"
G4WT6 > Accumulable registered as "h203"
G4WT5 > Accumulable registered as "h220"
G4WT3 > Accumulable registered as "h192"
G4WT5 > Accumulable registered as "h221"
G4WT9 > Accumulable registered as "h226"
G4WT2 > Accumulable registered as "h208"
G4WT9 > Accumulable registered as "h227"
G4WT4 > Accumulable registered as "h243"
G4WT2 > Accumulable registered as "h209"
G4WT7 > Accumulable registered as "h194"
G4WT2 > Accumulable registered as "h210"
G4WT0 > Accumulable registered as "h202"
G4WT7 > Accumulable registered as "h195"
G4WT6 > Accumulable registered as "h204"
G4WT0 > Accumulable registered as "h203"
G4WT3 > Accumulable registered as "h193"
G4WT1 > Accumulable registered as "h268"
G4WT9 > Accumulable registered as "h228"
G4WT8 > Accumulable registered as "h244"
G4WT9 > Accumulable registered as "h229"
G4WT8 > Accumulable registered as "h245"
G4WT9 > Accumulable registered as "h230"
G4WT2 > Accumulable registered as "h211"
G4WT9 > Accumulable registered as "h231"
G4WT11 > Accumulable registered as "h210"
G4WT9 > Accumulable registered as "h232"
G4WT2 > Accumulable registered as "h212"
G4WT6 > Accumulable registered as "h205"
G4WT2 > Accumulable registered as "h213"
G4WT1 > Accumulable registered as "h269"
G4WT6 > Accumulable registered as "h206"
G4WT10 > Accumulable registered as "h265"
G4WT11 > Accumulable registered as "h211"
G4WT7 > Accumulable registered as "h196"
G4WT10 > Accumulable registered as "h266"
G4WT7 > Accumulable registered as "h197"
G4WT10 > Accumulable registered as "h267"
G4WT9 > Accumulable registered as "h233"
G4WT4 > Accumulable registered as "h244"
G4WT9 > Accumulable registered as "h234"
G4WT1 > Accumulable registered as "h270"
G4WT8 > Accumulable registered as "h246"
G4WT1 > Accumulable registered as "h271"
G4WT5 > Accumulable registered as "h222"
G4WT1 > Accumulable registered as "h272"
G4WT5 > Accumulable registered as "h223"
G4WT3 > Accumulable registered as "h194"
G4WT10 > Accumulable registered as "h268"
G4WT3 > Accumulable registered as "h195"
G4WT10 > Accumulable registered as "h269"
G4WT2 > Accumulable registered as "h214"
G4WT9 > Accumulable registered as "h235"
G4WT4 > Accumulable registered as "h245"
G4WT11 > Accumulable registered as "h212"
G4WT2 > Accumulable registered as "h215"
G4WT1 > Accumulable registered as "h273"
G4WT7 > Accumulable registered as "h198"
G4WT1 > Accumulable registered as "h274"
G4WT5 > Accumulable registered as "h224"
G4WT6 > Accumulable registered as "h207"
G4WT5 > Accumulable registered as "h225"
G4WT6 > Accumulable registered as "h208"
G4WT9 > Accumulable registered as "h236"
G4WT6 > Accumulable registered as "h209"
G4WT4 > Accumulable registered as "h246"
G4WT9 > Accumulable registered as "h237"
G4WT2 > Accumulable registered as "h216"
G4WT9 > Accumulable registered as "h238"
G4WT3 > Accumulable registered as "h196"
G4WT2 > Accumulable registered as "h217"
G4WT1 > Accumulable registered as "h275"
G4WT3 > Accumulable registered as "h197"
G4WT8 > Accumulable registered as "h247"
G4WT1 > Accumulable registered as "h276"
G4WT6 > Accumulable registered as "h210"
G4WT0 > Accumulable registered as "h204"
G4WT6 > Accumulable registered as "h211"
G4WT4 > Accumulable registered as "h247"
G4WT6 > Accumulable registered as "h212"
G4WT4 > Accumulable registered as "h248"
G4WT10 > Accumulable registered as "h270"
G4WT5 > Accumulable registered as "h226"
G4WT10 > Accumulable registered as "h271"
G4WT3 > Accumulable registered as "h198"
G4WT8 > Accumulable registered as "h248"
G4WT3 > Accumulable registered as "h199"
G4WT8 > Accumulable registered as "h249"
G4WT7 > Accumulable registered as "h199"
G4WT9 > Accumulable registered as "h239"
G4WT7 > Accumulable registered as "h200"
G4WT2 > Accumulable registered as "h218"
G4WT7 > Accumulable registered as "h201"
G4WT6 > Accumulable registered as "h213"
G4WT7 > Accumulable registered as "h202"
G4WT5 > Accumulable registered as "h227"
G4WT6 > Accumulable registered as "h214"
G4WT0 > Accumulable registered as "h205"
G4WT5 > Accumulable registered as "h228"
G4WT3 > Accumulable registered as "h200"
G4WT0 > Accumulable registered as "h206"
G4WT5 > Accumulable registered as "h229"
G4WT4 > Accumulable registered as "h249"
G4WT2 > Accumulable registered as "h219"
G4WT4 > Accumulable registered as "h250"
G4WT10 > Accumulable registered as "h272"
G4WT4 > Accumulable registered as "h251"
G4WT10 > Accumulable registered as "h273"
G4WT11 > Accumulable registered as "h213"
G4WT8 > Accumulable registered as "h250"
G4WT9 > Accumulable registered as "h240"
G4WT0 > Accumulable registered as "h207"
G4WT1 > Accumulable registered as "h277"
G4WT5 > Accumulable registered as "h230"
G4WT1 > Accumulable registered as "h278"
G4WT7 > Accumulable registered as "h203"
G4WT6 > Accumulable registered as "h215"
G4WT2 > Accumulable registered as "h220"
G4WT7 > Accumulable registered as "h204"
G4WT11 > Accumulable registered as "h214"
G4WT2 > Accumulable registered as "h221"
G4WT11 > Accumulable registered as "h215"
G4WT11 > Accumulable registered as "h216"
G4WT0 > Accumulable registered as "h208"
G4WT0 > Accumulable registered as "h209"
G4WT5 > Accumulable registered as "h231"
G4WT4 > Accumulable registered as "h252"
G4WT5 > Accumulable registered as "h232"
G4WT4 > Accumulable registered as "h253"
G4WT5 > Accumulable registered as "h233"
G4WT6 > Accumulable registered as "h216"
G4WT9 > Accumulable registered as "h241"
G4WT3 > Accumulable registered as "h201"
G4WT2 > Accumulable registered as "h222"
G4WT8 > Accumulable registered as "h251"
G4WT1 > Accumulable registered as "h279"
G4WT0 > Accumulable registered as "h210"
G4WT1 > Accumulable registered as "h280"
G4WT10 > Accumulable registered as "h274"
G4WT0 > Accumulable registered as "h211"
G4WT7 > Accumulable registered as "h205"
G4WT10 > Accumulable registered as "h275"
G4WT10 > Accumulable registered as "h276"
G4WT10 > Accumulable registered as "h277"
G4WT10 > Accumulable registered as "h278"
G4WT3 > Accumulable registered as "h202"
G4WT2 > Accumulable registered as "h223"
G4WT1 > Accumulable registered as "h281"
G4WT2 > Accumulable registered as "h224"
G4WT1 > Accumulable registered as "h282"
G4WT2 > Accumulable registered as "h225"
G4WT0 > Accumulable registered as "h212"
G4WT2 > Accumulable registered as "h226"
G4WT7 > Accumulable registered as "h206"
G4WT11 > Accumulable registered as "h217"
G4WT7 > Accumulable registered as "h207"
G4WT11 > Accumulable registered as "h218"
G4WT7 > Accumulable registered as "h208"
G4WT3 > Accumulable registered as "h203"
G4WT4 > Accumulable registered as "h254"
G4WT6 > Accumulable registered as "h217"
G4WT4 > Accumulable registered as "h255"
G4WT4 > Accumulable registered as "h256"
G4WT6 > Accumulable registered as "h218"
G4WT0 > Accumulable registered as "h213"
G4WT2 > Accumulable registered as "h227"
G4WT10 > Accumulable registered as "h279"
G4WT11 > Accumulable registered as "h219"
G4WT10 > Accumulable registered as "h280"
G4WT7 > Accumulable registered as "h209"
G4WT10 > Accumulable registered as "h281"
G4WT3 > Accumulable registered as "h204"
G4WT9 > Accumulable registered as "h242"
G4WT3 > Accumulable registered as "h205"
G4WT6 > Accumulable registered as "h219"
G4WT8 > Accumulable registered as "h252"
G4WT0 > Accumulable registered as "h214"
G4WT8 > Accumulable registered as "h253"
G4WT2 > Accumulable registered as "h228"
G4WT11 > Accumulable registered as "h220"
G4WT2 > Accumulable registered as "h229"
G4WT11 > Accumulable registered as "h221"
G4WT2 > Accumulable registered as "h230"
G4WT7 > Accumulable registered as "h210"
G4WT4 > Accumulable registered as "h257"
G4WT9 > Accumulable registered as "h243"
G4WT3 > Accumulable registered as "h206"
G4WT9 > Accumulable registered as "h244"
G4WT0 > Accumulable registered as "h215"
G4WT9 > Accumulable registered as "h245"
G4WT5 > Accumulable registered as "h234"
G4WT1 > Accumulable registered as "h283"
G4WT5 > Accumulable registered as "h235"
G4WT1 > Accumulable registered as "h284"
G4WT5 > Accumulable registered as "h236"
G4WT7 > Accumulable registered as "h211"
G4WT4 > Accumulable registered as "h258"
G4WT6 > Accumulable registered as "h220"
G4WT7 > Accumulable registered as "h212"
G4WT3 > Accumulable registered as "h207"
G4WT6 > Accumulable registered as "h221"
G4WT0 > Accumulable registered as "h216"
G4WT3 > Accumulable registered as "h208"
G4WT1 > Accumulable registered as "h285"
G4WT3 > Accumulable registered as "h209"
G4WT1 > Accumulable registered as "h286"
G4WT3 > Accumulable registered as "h210"
G4WT1 > Accumulable registered as "h287"
G4WT4 > Accumulable registered as "h259"
G4WT7 > Accumulable registered as "h213"
G4WT10 > Accumulable registered as "h282"
G4WT6 > Accumulable registered as "h222"
G4WT10 > Accumulable registered as "h283"
G4WT10 > Accumulable registered as "h284"
G4WT6 > Accumulable registered as "h223"
G4WT10 > Accumulable registered as "h285"
G4WT5 > Accumulable registered as "h237"
G4WT6 > Accumulable registered as "h224"
G4WT3 > Accumulable registered as "h211"
G4WT5 > Accumulable registered as "h238"
G4WT1 > Accumulable registered as "h288"
G4WT3 > Accumulable registered as "h212"
G4WT1 > Accumulable registered as "h289"
G4WT3 > Accumulable registered as "h213"
G4WT1 > Accumulable registered as "h290"
G4WT3 > Accumulable registered as "h214"
G4WT2 > Accumulable registered as "h231"
G4WT3 > Accumulable registered as "h215"
G4WT9 > Accumulable registered as "h246"
G4WT3 > Accumulable registered as "h216"
G4WT4 > Accumulable registered as "h260"
G4WT3 > Accumulable registered as "h217"
G4WT7 > Accumulable registered as "h214"
G4WT0 > Accumulable registered as "h217"
G4WT7 > Accumulable registered as "h215"
G4WT1 > Accumulable registered as "h291"
G4WT6 > Accumulable registered as "h225"
G4WT1 > Accumulable registered as "h292"
G4WT1 > Accumulable registered as "h293"
G4WT8 > Accumulable registered as "h254"
G4WT9 > Accumulable registered as "h247"
G4WT8 > Accumulable registered as "h255"
G4WT3 > Accumulable registered as "h218"
G4WT9 > Accumulable registered as "h248"
G4WT4 > Accumulable registered as "h261"
G4WT0 > Accumulable registered as "h218"
G4WT4 > Accumulable registered as "h262"
G4WT7 > Accumulable registered as "h216"
G4WT4 > Accumulable registered as "h263"
G4WT2 > Accumulable registered as "h232"
G4WT4 > Accumulable registered as "h264"
G4WT7 > Accumulable registered as "h217"
G4WT1 > Accumulable registered as "h294"
G4WT4 > Accumulable registered as "h265"
G4WT9 > Accumulable registered as "h249"
G4WT1 > Accumulable registered as "h295"
G4WT9 > Accumulable registered as "h250"
G4WT6 > Accumulable registered as "h226"
G4WT5 > Accumulable registered as "h239"
G4WT6 > Accumulable registered as "h227"
G4WT8 > Accumulable registered as "h256"
G4WT7 > Accumulable registered as "h218"
G4WT2 > Accumulable registered as "h233"
G4WT7 > Accumulable registered as "h219"
G4WT2 > Accumulable registered as "h234"
G4WT4 > Accumulable registered as "h266"
G4WT3 > Accumulable registered as "h219"
G4WT0 > Accumulable registered as "h219"
G4WT4 > Accumulable registered as "h267"
G4WT11 > Accumulable registered as "h222"
G4WT0 > Accumulable registered as "h220"
G4WT11 > Accumulable registered as "h223"
G4WT5 > Accumulable registered as "h240"
G4WT8 > Accumulable registered as "h257"
G4WT5 > Accumulable registered as "h241"
G4WT8 > Accumulable registered as "h258"
G4WT5 > Accumulable registered as "h242"
G4WT9 > Accumulable registered as "h251"
G4WT3 > Accumulable registered as "h220"
G4WT4 > Accumulable registered as "h268"
G4WT4 > Accumulable registered as "h269"
G4WT4 > Accumulable registered as "h270"
G4WT4 > Accumulable registered as "h271"
G4WT10 > Accumulable registered as "h286"
G4WT2 > Accumulable registered as "h235"
G4WT1 > Accumulable registered as "h296"
G4WT8 > Accumulable registered as "h259"
G4WT2 > Accumulable registered as "h236"
G4WT5 > Accumulable registered as "h243"
G4WT9 > Accumulable registered as "h252"
G4WT5 > Accumulable registered as "h244"
G4WT5 > Accumulable registered as "h245"
G4WT5 > Accumulable registered as "h246"
G4WT5 > Accumulable registered as "h247"
G4WT5 > Accumulable registered as "h248"
G4WT10 > Accumulable registered as "h287"
G4WT1 > Accumulable registered as "h297"
G4WT6 > Accumulable registered as "h228"
G4WT1 > Accumulable registered as "h298"
G4WT6 > Accumulable registered as "h229"
G4WT3 > Accumulable registered as "h221"
G4WT0 > Accumulable registered as "h221"
G4WT9 > Accumulable registered as "h253"
G4WT11 > Accumulable registered as "h224"
G4WT9 > Accumulable registered as "h254"
G4WT11 > Accumulable registered as "h225"
G4WT9 > Accumulable registered as "h255"
G4WT7 > Accumulable registered as "h220"
G4WT5 > Accumulable registered as "h249"
G4WT7 > Accumulable registered as "h221"
G4WT2 > Accumulable registered as "h237"
G4WT5 > Accumulable registered as "h250"
G4WT6 > Accumulable registered as "h230"
G4WT2 > Accumulable registered as "h238"
G4WT4 > Accumulable registered as "h272"
G4WT6 > Accumulable registered as "h231"
G4WT10 > Accumulable registered as "h288"
G4WT6 > Accumulable registered as "h232"
G4WT9 > Accumulable registered as "h256"
G4WT6 > Accumulable registered as "h233"
G4WT1 > Accumulable registered as "h299"
G4WT3 > Accumulable registered as "h222"
G4WT1 > Accumulable registered as "h300"
G4WT5 > Accumulable registered as "h251"
G4WT1 > Accumulable registered as "h301"
G4WT2 > Accumulable registered as "h239"
G4WT1 > Accumulable registered as "h302"
G4WT4 > Accumulable registered as "h273"
G4WT10 > Accumulable registered as "h289"
G4WT4 > Accumulable registered as "h274"
G4WT7 > Accumulable registered as "h222"
G4WT6 > Accumulable registered as "h234"
G4WT7 > Accumulable registered as "h223"
G4WT0 > Accumulable registered as "h222"
G4WT6 > Accumulable registered as "h235"
G4WT0 > Accumulable registered as "h223"
G4WT5 > Accumulable registered as "h252"
G4WT5 > Accumulable registered as "h253"
G4WT8 > Accumulable registered as "h260"
G4WT10 > Accumulable registered as "h290"
G4WT4 > Accumulable registered as "h275"
G4WT10 > Accumulable registered as "h291"
G4WT4 > Accumulable registered as "h276"
G4WT10 > Accumulable registered as "h292"
G4WT11 > Accumulable registered as "h226"
G4WT1 > Accumulable registered as "h303"
G4WT6 > Accumulable registered as "h236"
G4WT1 > Accumulable registered as "h304"
G4WT6 > Accumulable registered as "h237"
G4WT1 > Accumulable registered as "h305"
G4WT6 > Accumulable registered as "h238"
G4WT1 > Accumulable registered as "h306"
G4WT6 > Accumulable registered as "h239"
G4WT1 > Accumulable registered as "h307"
G4WT6 > Accumulable registered as "h240"
G4WT1 > Accumulable registered as "h308"
G4WT4 > Accumulable registered as "h277"
G4WT5 > Accumulable registered as "h254"
G4WT0 > Accumulable registered as "h224"
G4WT5 > Accumulable registered as "h255"
G4WT2 > Accumulable registered as "h240"
G4WT9 > Accumulable registered as "h257"
G4WT2 > Accumulable registered as "h241"
G4WT3 > Accumulable registered as "h223"
G4WT2 > Accumulable registered as "h242"
G4WT11 > Accumulable registered as "h227"
G4WT10 > Accumulable registered as "h293"
G4WT7 > Accumulable registered as "h224"
G4WT10 > Accumulable registered as "h294"
G4WT4 > Accumulable registered as "h278"
G4WT10 > Accumulable registered as "h295"
G4WT7 > Accumulable registered as "h225"
G4WT8 > Accumulable registered as "h261"
G4WT7 > Accumulable registered as "h226"
G4WT2 > Accumulable registered as "h243"
G4WT9 > Accumulable registered as "h258"
G4WT1 > Accumulable registered as "h309"
G4WT11 > Accumulable registered as "h228"
G4WT1 > Accumulable registered as "h310"
G4WT0 > Accumulable registered as "h225"
G4WT10 > Accumulable registered as "h296"
G4WT0 > Accumulable registered as "h226"
G4WT4 > Accumulable registered as "h279"
G4WT10 > Accumulable registered as "h297"
G4WT6 > Accumulable registered as "h241"
G4WT4 > Accumulable registered as "h280"
G4WT8 > Accumulable registered as "h262"
G4WT6 > Accumulable registered as "h242"
G4WT11 > Accumulable registered as "h229"
G4WT1 > Accumulable registered as "h311"
G4WT11 > Accumulable registered as "h230"
G4WT1 > Accumulable registered as "h312"
G4WT11 > Accumulable registered as "h231"
G4WT11 > Accumulable registered as "h232"
G4WT10 > Accumulable registered as "h298"
G4WT11 > Accumulable registered as "h233"
G4WT2 > Accumulable registered as "h244"
G4WT9 > Accumulable registered as "h259"
G4WT2 > Accumulable registered as "h245"
G4WT6 > Accumulable registered as "h243"
G4WT8 > Accumulable registered as "h263"
G4WT5 > Accumulable registered as "h256"
G4WT6 > Accumulable registered as "h244"
G4WT8 > Accumulable registered as "h264"
G4WT5 > Accumulable registered as "h257"
G4WT8 > Accumulable registered as "h265"
G4WT10 > Accumulable registered as "h299"
G4WT11 > Accumulable registered as "h234"
G4WT10 > Accumulable registered as "h300"
G4WT11 > Accumulable registered as "h235"
G4WT0 > Accumulable registered as "h227"
G4WT3 > Accumulable registered as "h224"
G4WT1 > Accumulable registered as "h313"
G4WT3 > Accumulable registered as "h225"
G4WT6 > Accumulable registered as "h245"
G4WT1 > Accumulable registered as "h314"
G4WT5 > Accumulable registered as "h258"
G4WT8 > Accumulable registered as "h266"
G4WT6 > Accumulable registered as "h246"
G4WT5 > Accumulable registered as "h259"
G4WT2 > Accumulable registered as "h246"
G4WT5 > Accumulable registered as "h260"
G4WT0 > Accumulable registered as "h228"
G4WT5 > Accumulable registered as "h261"
G4WT0 > Accumulable registered as "h229"
G4WT1 > Accumulable registered as "h315"
G4WT0 > Accumulable registered as "h230"
G4WT4 > Accumulable registered as "h281"
G4WT6 > Accumulable registered as "h247"
G4WT8 > Accumulable registered as "h267"
G4WT6 > Accumulable registered as "h248"
G4WT11 > Accumulable registered as "h236"
G4WT2 > Accumulable registered as "h247"
G4WT11 > Accumulable registered as "h237"
G4WT2 > Accumulable registered as "h248"
G4WT3 > Accumulable registered as "h226"
G4WT5 > Accumulable registered as "h262"
G4WT3 > Accumulable registered as "h227"
G4WT9 > Accumulable registered as "h260"
G4WT4 > Accumulable registered as "h282"
G4WT4 > Accumulable registered as "h283"
G4WT8 > Accumulable registered as "h268"
G4WT6 > Accumulable registered as "h249"
G4WT11 > Accumulable registered as "h238"
G4WT6 > Accumulable registered as "h250"
G4WT11 > Accumulable registered as "h239"
G4WT11 > Accumulable registered as "h240"
G4WT6 > Accumulable registered as "h251"
G4WT1 > Accumulable registered as "h316"
G4WT3 > Accumulable registered as "h228"
G4WT9 > Accumulable registered as "h261"
G4WT10 > Accumulable registered as "h301"
G4WT4 > Accumulable registered as "h284"
G4WT10 > Accumulable registered as "h302"
G4WT4 > Accumulable registered as "h285"
G4WT10 > Accumulable registered as "h303"
G4WT0 > Accumulable registered as "h231"
G4WT0 > Accumulable registered as "h232"
G4WT0 > Accumulable registered as "h233"
G4WT0 > Accumulable registered as "h234"
G4WT0 > Accumulable registered as "h235"
G4WT0 > Accumulable registered as "h236"
G4WT9 > Accumulable registered as "h262"
G4WT8 > Accumulable registered as "h269"
G4WT2 > Accumulable registered as "h249"
G4WT4 > Accumulable registered as "h286"
G4WT2 > Accumulable registered as "h250"
G4WT10 > Accumulable registered as "h304"
G4WT2 > Accumulable registered as "h251"
G4WT11 > Accumulable registered as "h241"
G4WT6 > Accumulable registered as "h252"
G4WT11 > Accumulable registered as "h242"
G4WT1 > Accumulable registered as "h317"
G4WT0 > Accumulable registered as "h237"
G4WT9 > Accumulable registered as "h263"
G4WT8 > Accumulable registered as "h270"
G4WT9 > Accumulable registered as "h264"
G4WT8 > Accumulable registered as "h271"
G4WT9 > Accumulable registered as "h265"
G4WT4 > Accumulable registered as "h287"
G4WT9 > Accumulable registered as "h266"
G4WT11 > Accumulable registered as "h243"
G4WT6 > Accumulable registered as "h253"
G4WT6 > Accumulable registered as "h254"
G4WT6 > Accumulable registered as "h255"
G4WT6 > Accumulable registered as "h256"
G4WT0 > Accumulable registered as "h238"
G4WT6 > Accumulable registered as "h257"
G4WT8 > Accumulable registered as "h272"
G4WT7 > Accumulable registered as "h227"
G4WT5 > Accumulable registered as "h263"
G4WT7 > Accumulable registered as "h228"
G4WT4 > Accumulable registered as "h288"
G4WT11 > Accumulable registered as "h244"
G4WT4 > Accumulable registered as "h289"
G4WT11 > Accumulable registered as "h245"
G4WT1 > Accumulable registered as "h318"
G4WT11 > Accumulable registered as "h246"
G4WT6 > Accumulable registered as "h258"
G4WT1 > Accumulable registered as "h319"
G4WT3 > Accumulable registered as "h229"
G4WT7 > Accumulable registered as "h229"
G4WT3 > Accumulable registered as "h230"
G4WT7 > Accumulable registered as "h230"
G4WT5 > Accumulable registered as "h264"
G4WT4 > Accumulable registered as "h290"
G4WT10 > Accumulable registered as "h305"
G4WT4 > Accumulable registered as "h291"
G4WT10 > Accumulable registered as "h306"
G4WT4 > Accumulable registered as "h292"
G4WT11 > Accumulable registered as "h247"
G4WT6 > Accumulable registered as "h259"
G4WT11 > Accumulable registered as "h248"
G4WT11 > Accumulable registered as "h249"
G4WT11 > Accumulable registered as "h250"
G4WT7 > Accumulable registered as "h231"
G4WT11 > Accumulable registered as "h251"
G4WT5 > Accumulable registered as "h265"
G4WT8 > Accumulable registered as "h273"
G4WT5 > Accumulable registered as "h266"
G4WT8 > Accumulable registered as "h274"
G4WT4 > Accumulable registered as "h293"
G4WT3 > Accumulable registered as "h231"
G4WT4 > Accumulable registered as "h294"
G4WT9 > Accumulable registered as "h267"
G4WT3 > Accumulable registered as "h232"
G4WT11 > Accumulable registered as "h252"
G4WT3 > Accumulable registered as "h233"
G4WT7 > Accumulable registered as "h232"
G4WT3 > Accumulable registered as "h234"
G4WT0 > Accumulable registered as "h239"
G4WT10 > Accumulable registered as "h307"
G4WT0 > Accumulable registered as "h240"
G4WT8 > Accumulable registered as "h275"
G4WT4 > Accumulable registered as "h295"
G4WT6 > Accumulable registered as "h260"
G4WT2 > Accumulable registered as "h252"
G4WT11 > Accumulable registered as "h253"
G4WT2 > Accumulable registered as "h253"
G4WT3 > Accumulable registered as "h235"
G4WT11 > Accumulable registered as "h254"
G4WT1 > Accumulable registered as "h320"
G4WT0 > Accumulable registered as "h241"
G4WT1 > Accumulable registered as "h321"
G4WT10 > Accumulable registered as "h308"
G4WT4 > Accumulable registered as "h296"
G4WT10 > Accumulable registered as "h309"
G4WT9 > Accumulable registered as "h268"
G4WT2 > Accumulable registered as "h254"
G4WT9 > Accumulable registered as "h269"
G4WT2 > Accumulable registered as "h255"
G4WT3 > Accumulable registered as "h236"
G4WT5 > Accumulable registered as "h267"
G4WT3 > Accumulable registered as "h237"
G4WT8 > Accumulable registered as "h276"
G4WT0 > Accumulable registered as "h242"
G4WT1 > Accumulable registered as "h322"
G4WT6 > Accumulable registered as "h261"
G4WT4 > Accumulable registered as "h297"
G4WT10 > Accumulable registered as "h310"
G4WT7 > Accumulable registered as "h233"
G4WT6 > Accumulable registered as "h262"
G4WT7 > Accumulable registered as "h234"
G4WT2 > Accumulable registered as "h256"
G4WT3 > Accumulable registered as "h238"
G4WT7 > Accumulable registered as "h235"
G4WT0 > Accumulable registered as "h243"
G4WT1 > Accumulable registered as "h323"
G4WT9 > Accumulable registered as "h270"
G4WT1 > Accumulable registered as "h324"
G4WT9 > Accumulable registered as "h271"
G4WT1 > Accumulable registered as "h325"
G4WT1 > Accumulable registered as "h326"
G4WT1 > Accumulable registered as "h327"
G4WT5 > Accumulable registered as "h268"
G4WT1 > Accumulable registered as "h328"
G4WT2 > Accumulable registered as "h257"
G4WT1 > Accumulable registered as "h329"
G4WT2 > Accumulable registered as "h258"
G4WT10 > Accumulable registered as "h311"
G4WT4 > Accumulable registered as "h298"
G4WT10 > Accumulable registered as "h312"
G4WT11 > Accumulable registered as "h255"
G4WT6 > Accumulable registered as "h263"
G4WT8 > Accumulable registered as "h277"
G4WT3 > Accumulable registered as "h239"
G4WT7 > Accumulable registered as "h236"
G4WT3 > Accumulable registered as "h240"
G4WT0 > Accumulable registered as "h244"
G4WT1 > Accumulable registered as "h330"
G4WT2 > Accumulable registered as "h259"
G4WT1 > Accumulable registered as "h331"
G4WT4 > Accumulable registered as "h299"
G4WT9 > Accumulable registered as "h272"
G4WT4 > Accumulable registered as "h300"
G4WT9 > Accumulable registered as "h273"
G4WT8 > Accumulable registered as "h278"
G4WT9 > Accumulable registered as "h274"
G4WT5 > Accumulable registered as "h269"
G4WT9 > Accumulable registered as "h275"
G4WT0 > Accumulable registered as "h245"
G4WT10 > Accumulable registered as "h313"
G4WT0 > Accumulable registered as "h246"
G4WT1 > Accumulable registered as "h332"
G4WT0 > Accumulable registered as "h247"
G4WT11 > Accumulable registered as "h256"
G4WT1 > Accumulable registered as "h333"
G4WT1 > Accumulable registered as "h334"
G4WT8 > Accumulable registered as "h279"
G4WT6 > Accumulable registered as "h264"
G4WT9 > Accumulable registered as "h276"
G4WT6 > Accumulable registered as "h265"
G4WT5 > Accumulable registered as "h270"
G4WT9 > Accumulable registered as "h277"
G4WT6 > Accumulable registered as "h266"
G4WT5 > Accumulable registered as "h271"
G4WT0 > Accumulable registered as "h248"
G4WT1 > Accumulable registered as "h335"
G4WT3 > Accumulable registered as "h241"
G4WT0 > Accumulable registered as "h249"
G4WT1 > Accumulable registered as "h336"
G4WT7 > Accumulable registered as "h237"
G4WT3 > Accumulable registered as "h242"
G4WT1 > Accumulable registered as "h337"
G4WT10 > Accumulable registered as "h314"
G4WT3 > Accumulable registered as "h243"
G4WT6 > Accumulable registered as "h267"
G4WT3 > Accumulable registered as "h244"
G4WT10 > Accumulable registered as "h315"
G4WT3 > Accumulable registered as "h245"
G4WT6 > Accumulable registered as "h268"
G4WT3 > Accumulable registered as "h246"
G4WT10 > Accumulable registered as "h316"
G4WT9 > Accumulable registered as "h278"
G4WT7 > Accumulable registered as "h238"
G4WT1 > Accumulable registered as "h338"
G4WT9 > Accumulable registered as "h279"
G4WT7 > Accumulable registered as "h239"
G4WT1 > Accumulable registered as "h339"
G4WT0 > Accumulable registered as "h250"
G4WT2 > Accumulable registered as "h260"
G4WT6 > Accumulable registered as "h269"
G4WT2 > Accumulable registered as "h261"
G4WT3 > Accumulable registered as "h247"
G4WT6 > Accumulable registered as "h270"
G4WT11 > Accumulable registered as "h257"
G4WT8 > Accumulable registered as "h280"
G4WT9 > Accumulable registered as "h280"
G4WT8 > Accumulable registered as "h281"
G4WT7 > Accumulable registered as "h240"
G4WT4 > Accumulable registered as "h301"
G4WT7 > Accumulable registered as "h241"
G4WT0 > Accumulable registered as "h251"
G4WT10 > Accumulable registered as "h317"
G4WT2 > Accumulable registered as "h262"
G4WT3 > Accumulable registered as "h248"
G4WT6 > Accumulable registered as "h271"
G4WT11 > Accumulable registered as "h258"
G4WT6 > Accumulable registered as "h272"
G4WT11 > Accumulable registered as "h259"
G4WT8 > Accumulable registered as "h282"
G4WT4 > Accumulable registered as "h302"
G4WT8 > Accumulable registered as "h283"
G4WT7 > Accumulable registered as "h242"
G4WT0 > Accumulable registered as "h252"
G4WT7 > Accumulable registered as "h243"
G4WT10 > Accumulable registered as "h318"
G4WT0 > Accumulable registered as "h253"
G4WT2 > Accumulable registered as "h263"
G4WT10 > Accumulable registered as "h319"
G4WT1 > Accumulable registered as "h340"
G4WT11 > Accumulable registered as "h260"
G4WT1 > Accumulable registered as "h341"
G4WT4 > Accumulable registered as "h303"
G4WT1 > Accumulable registered as "h342"
G4WT4 > Accumulable registered as "h304"
G4WT3 > Accumulable registered as "h249"
G4WT3 > Accumulable registered as "h250"
G4WT3 > Accumulable registered as "h251"
G4WT3 > Accumulable registered as "h252"
G4WT10 > Accumulable registered as "h320"
G4WT2 > Accumulable registered as "h264"
G4WT11 > Accumulable registered as "h261"
G4WT2 > Accumulable registered as "h265"
G4WT11 > Accumulable registered as "h262"
G4WT2 > Accumulable registered as "h266"
G4WT11 > Accumulable registered as "h263"
G4WT1 > Accumulable registered as "h343"
G4WT11 > Accumulable registered as "h264"
G4WT0 > Accumulable registered as "h254"
G4WT6 > Accumulable registered as "h273"
G4WT0 > Accumulable registered as "h255"
G4WT3 > Accumulable registered as "h253"
G4WT6 > Accumulable registered as "h274"
G4WT8 > Accumulable registered as "h284"
G4WT3 > Accumulable registered as "h254"
G4WT6 > Accumulable registered as "h275"
G4WT8 > Accumulable registered as "h285"
G4WT6 > Accumulable registered as "h276"
G4WT11 > Accumulable registered as "h265"
G4WT6 > Accumulable registered as "h277"
G4WT1 > Accumulable registered as "h344"
G4WT5 > Accumulable registered as "h272"
G4WT7 > Accumulable registered as "h244"
G4WT5 > Accumulable registered as "h273"
G4WT3 > Accumulable registered as "h255"
G4WT4 > Accumulable registered as "h305"
G4WT8 > Accumulable registered as "h286"
G4WT4 > Accumulable registered as "h306"
G4WT10 > Accumulable registered as "h321"
G4WT9 > Accumulable registered as "h281"
G4WT0 > Accumulable registered as "h256"
G4WT6 > Accumulable registered as "h278"
G4WT9 > Accumulable registered as "h282"
G4WT1 > Accumulable registered as "h345"
G4WT9 > Accumulable registered as "h283"
G4WT1 > Accumulable registered as "h346"
G4WT9 > Accumulable registered as "h284"
G4WT3 > Accumulable registered as "h256"
G4WT4 > Accumulable registered as "h307"
G4WT8 > Accumulable registered as "h287"
G4WT4 > Accumulable registered as "h308"
G4WT11 > Accumulable registered as "h266"
G4WT4 > Accumulable registered as "h309"
G4WT6 > Accumulable registered as "h279"
G4WT11 > Accumulable registered as "h267"
G4WT5 > Accumulable registered as "h274"
G4WT7 > Accumulable registered as "h245"
G4WT1 > Accumulable registered as "h347"
G4WT9 > Accumulable registered as "h285"
G4WT7 > Accumulable registered as "h246"
G4WT0 > Accumulable registered as "h257"
G4WT7 > Accumulable registered as "h247"
G4WT8 > Accumulable registered as "h288"
G4WT0 > Accumulable registered as "h258"
G4WT4 > Accumulable registered as "h310"
G4WT0 > Accumulable registered as "h259"
G4WT11 > Accumulable registered as "h268"
G4WT0 > Accumulable registered as "h260"
G4WT10 > Accumulable registered as "h322"
G4WT5 > Accumulable registered as "h275"
G4WT10 > Accumulable registered as "h323"
G4WT9 > Accumulable registered as "h286"
G4WT7 > Accumulable registered as "h248"
G4WT9 > Accumulable registered as "h287"
G4WT6 > Accumulable registered as "h280"
G4WT9 > Accumulable registered as "h288"
G4WT4 > Accumulable registered as "h311"
G4WT1 > Accumulable registered as "h348"
G4WT4 > Accumulable registered as "h312"
G4WT1 > Accumulable registered as "h349"
G4WT0 > Accumulable registered as "h261"
G4WT10 > Accumulable registered as "h324"
G4WT0 > Accumulable registered as "h262"
G4WT10 > Accumulable registered as "h325"
G4WT7 > Accumulable registered as "h249"
G4WT9 > Accumulable registered as "h289"
G4WT7 > Accumulable registered as "h250"
G4WT3 > Accumulable registered as "h257"
G4WT6 > Accumulable registered as "h281"
G4WT11 > Accumulable registered as "h269"
G4WT5 > Accumulable registered as "h276"
G4WT4 > Accumulable registered as "h313"
G4WT11 > Accumulable registered as "h270"
G4WT0 > Accumulable registered as "h263"
G4WT11 > Accumulable registered as "h271"
G4WT4 > Accumulable registered as "h314"
G4WT8 > Accumulable registered as "h289"
G4WT4 > Accumulable registered as "h315"
G4WT8 > Accumulable registered as "h290"
G4WT8 > Accumulable registered as "h291"
G4WT6 > Accumulable registered as "h282"
G4WT2 > Accumulable registered as "h267"
G4WT10 > Accumulable registered as "h326"
G4WT5 > Accumulable registered as "h277"
G4WT2 > Accumulable registered as "h268"
G4WT0 > Accumulable registered as "h264"
G4WT5 > Accumulable registered as "h278"
G4WT9 > Accumulable registered as "h290"
G4WT0 > Accumulable registered as "h265"
G4WT3 > Accumulable registered as "h258"
G4WT0 > Accumulable registered as "h266"
G4WT8 > Accumulable registered as "h292"
G4WT0 > Accumulable registered as "h267"
G4WT10 > Accumulable registered as "h327"
G4WT6 > Accumulable registered as "h283"
G4WT2 > Accumulable registered as "h269"
G4WT6 > Accumulable registered as "h284"
G4WT6 > Accumulable registered as "h285"
G4WT5 > Accumulable registered as "h279"
G4WT4 > Accumulable registered as "h316"
G4WT11 > Accumulable registered as "h272"
G4WT3 > Accumulable registered as "h259"
G4WT7 > Accumulable registered as "h251"
G4WT11 > Accumulable registered as "h273"
G4WT0 > Accumulable registered as "h268"
G4WT11 > Accumulable registered as "h274"
G4WT10 > Accumulable registered as "h328"
G4WT11 > Accumulable registered as "h275"
G4WT1 > Accumulable registered as "h350"
G4WT9 > Accumulable registered as "h291"
G4WT1 > Accumulable registered as "h351"
G4WT5 > Accumulable registered as "h280"
G4WT7 > Accumulable registered as "h252"
G4WT3 > Accumulable registered as "h260"
G4WT4 > Accumulable registered as "h317"
G4WT3 > Accumulable registered as "h261"
G4WT0 > Accumulable registered as "h269"
G4WT11 > Accumulable registered as "h276"
G4WT3 > Accumulable registered as "h262"
G4WT10 > Accumulable registered as "h329"
G4WT3 > Accumulable registered as "h263"
G4WT11 > Accumulable registered as "h277"
G4WT3 > Accumulable registered as "h264"
G4WT9 > Accumulable registered as "h292"
G4WT3 > Accumulable registered as "h265"
G4WT7 > Accumulable registered as "h253"
G4WT9 > Accumulable registered as "h293"
G4WT0 > Accumulable registered as "h270"
G4WT6 > Accumulable registered as "h286"
G4WT8 > Accumulable registered as "h293"
G4WT6 > Accumulable registered as "h287"
G4WT1 > Accumulable registered as "h352"
G4WT10 > Accumulable registered as "h330"
G4WT11 > Accumulable registered as "h278"
G4WT10 > Accumulable registered as "h331"
G4WT3 > Accumulable registered as "h266"
G4WT10 > Accumulable registered as "h332"
G4WT11 > Accumulable registered as "h279"
G4WT3 > Accumulable registered as "h267"
G4WT9 > Accumulable registered as "h294"
G4WT6 > Accumulable registered as "h288"
G4WT9 > Accumulable registered as "h295"
G4WT8 > Accumulable registered as "h294"
G4WT5 > Accumulable registered as "h281"
G4WT1 > Accumulable registered as "h353"
G4WT2 > Accumulable registered as "h270"
G4WT4 > Accumulable registered as "h318"
G4WT7 > Accumulable registered as "h254"
G4WT1 > Accumulable registered as "h354"
G4WT4 > Accumulable registered as "h319"
G4WT11 > Accumulable registered as "h280"
G4WT1 > Accumulable registered as "h355"
G4WT3 > Accumulable registered as "h268"
G4WT6 > Accumulable registered as "h289"
G4WT5 > Accumulable registered as "h282"
G4WT10 > Accumulable registered as "h333"
G4WT2 > Accumulable registered as "h271"
G4WT0 > Accumulable registered as "h271"
G4WT7 > Accumulable registered as "h255"
G4WT4 > Accumulable registered as "h320"
G4WT7 > Accumulable registered as "h256"
G4WT9 > Accumulable registered as "h296"
G4WT8 > Accumulable registered as "h295"
G4WT9 > Accumulable registered as "h297"
G4WT11 > Accumulable registered as "h281"
G4WT8 > Accumulable registered as "h296"
G4WT9 > Accumulable registered as "h298"
G4WT6 > Accumulable registered as "h290"
G4WT2 > Accumulable registered as "h272"
G4WT0 > Accumulable registered as "h272"
G4WT6 > Accumulable registered as "h291"
G4WT0 > Accumulable registered as "h273"
G4WT6 > Accumulable registered as "h292"
G4WT0 > Accumulable registered as "h274"
G4WT3 > Accumulable registered as "h269"
G4WT0 > Accumulable registered as "h275"
G4WT8 > Accumulable registered as "h297"
G4WT0 > Accumulable registered as "h276"
G4WT10 > Accumulable registered as "h334"
G4WT2 > Accumulable registered as "h273"
G4WT10 > Accumulable registered as "h335"
G4WT2 > Accumulable registered as "h274"
G4WT10 > Accumulable registered as "h336"
G4WT1 > Accumulable registered as "h356"
G4WT2 > Accumulable registered as "h275"
G4WT11 > Accumulable registered as "h282"
G4WT5 > Accumulable registered as "h283"
G4WT3 > Accumulable registered as "h270"
G4WT9 > Accumulable registered as "h299"
G4WT8 > Accumulable registered as "h298"
G4WT3 > Accumulable registered as "h271"
G4WT9 > Accumulable registered as "h300"
G4WT3 > Accumulable registered as "h272"
G4WT8 > Accumulable registered as "h299"
G4WT10 > Accumulable registered as "h337"
G4WT3 > Accumulable registered as "h273"
G4WT1 > Accumulable registered as "h357"
G4WT5 > Accumulable registered as "h284"
G4WT1 > Accumulable registered as "h358"
G4WT0 > Accumulable registered as "h277"
G4WT1 > Accumulable registered as "h359"
G4WT4 > Accumulable registered as "h321"
G4WT9 > Accumulable registered as "h301"
G4WT6 > Accumulable registered as "h293"
G4WT4 > Accumulable registered as "h322"
G4WT9 > Accumulable registered as "h302"
G4WT8 > Accumulable registered as "h300"
G4WT6 > Accumulable registered as "h294"
G4WT3 > Accumulable registered as "h274"
G4WT8 > Accumulable registered as "h301"
G4WT0 > Accumulable registered as "h278"
G4WT1 > Accumulable registered as "h360"
G4WT2 > Accumulable registered as "h276"
G4WT10 > Accumulable registered as "h338"
G4WT2 > Accumulable registered as "h277"
G4WT4 > Accumulable registered as "h323"
G4WT10 > Accumulable registered as "h339"
G4WT11 > Accumulable registered as "h283"
G4WT6 > Accumulable registered as "h295"
G4WT8 > Accumulable registered as "h302"
G4WT6 > Accumulable registered as "h296"
G4WT3 > Accumulable registered as "h275"
G4WT8 > Accumulable registered as "h303"
G4WT0 > Accumulable registered as "h279"
G4WT9 > Accumulable registered as "h303"
G4WT2 > Accumulable registered as "h278"
G4WT9 > Accumulable registered as "h304"
G4WT4 > Accumulable registered as "h324"
G4WT9 > Accumulable registered as "h305"
G4WT2 > Accumulable registered as "h279"
G4WT11 > Accumulable registered as "h284"
G4WT2 > Accumulable registered as "h280"
G4WT11 > Accumulable registered as "h285"
G4WT2 > Accumulable registered as "h281"
G4WT7 > Accumulable registered as "h257"
G4WT2 > Accumulable registered as "h282"
G4WT0 > Accumulable registered as "h280"
G4WT10 > Accumulable registered as "h340"
G4WT0 > Accumulable registered as "h281"
G4WT9 > Accumulable registered as "h306"
G4WT6 > Accumulable registered as "h297"
G4WT1 > Accumulable registered as "h361"
G4WT6 > Accumulable registered as "h298"
G4WT1 > Accumulable registered as "h362"
G4WT8 > Accumulable registered as "h304"
G4WT3 > Accumulable registered as "h276"
G4WT8 > Accumulable registered as "h305"
G4WT3 > Accumulable registered as "h277"
G4WT8 > Accumulable registered as "h306"
G4WT4 > Accumulable registered as "h325"
G4WT10 > Accumulable registered as "h341"
G4WT4 > Accumulable registered as "h326"
G4WT9 > Accumulable registered as "h307"
G4WT4 > Accumulable registered as "h327"
G4WT6 > Accumulable registered as "h299"
G4WT4 > Accumulable registered as "h328"
G4WT2 > Accumulable registered as "h283"
G4WT4 > Accumulable registered as "h329"
G4WT3 > Accumulable registered as "h278"
G4WT2 > Accumulable registered as "h284"
G4WT3 > Accumulable registered as "h279"
G4WT0 > Accumulable registered as "h282"
G4WT3 > Accumulable registered as "h280"
G4WT11 > Accumulable registered as "h286"
G4WT0 > Accumulable registered as "h283"
G4WT11 > Accumulable registered as "h287"
G4WT5 > Accumulable registered as "h285"
G4WT7 > Accumulable registered as "h258"
G4WT5 > Accumulable registered as "h286"
G4WT4 > Accumulable registered as "h330"
G4WT8 > Accumulable registered as "h307"
G4WT4 > Accumulable registered as "h331"
G4WT10 > Accumulable registered as "h342"
G4WT4 > Accumulable registered as "h332"
G4WT8 > Accumulable registered as "h308"
G4WT4 > Accumulable registered as "h333"
G4WT8 > Accumulable registered as "h309"
G4WT4 > Accumulable registered as "h334"
G4WT11 > Accumulable registered as "h288"
G4WT7 > Accumulable registered as "h259"
G4WT2 > Accumulable registered as "h285"
G4WT3 > Accumulable registered as "h281"
G4WT1 > Accumulable registered as "h363"
G4WT10 > Accumulable registered as "h343"
G4WT9 > Accumulable registered as "h308"
G4WT0 > Accumulable registered as "h284"
G4WT9 > Accumulable registered as "h309"
G4WT6 > Accumulable registered as "h300"
G4WT4 > Accumulable registered as "h335"
G4WT5 > Accumulable registered as "h287"
G4WT6 > Accumulable registered as "h301"
G4WT11 > Accumulable registered as "h289"
G4WT5 > Accumulable registered as "h288"
G4WT6 > Accumulable registered as "h302"
G4WT3 > Accumulable registered as "h282"
G4WT1 > Accumulable registered as "h364"
G4WT3 > Accumulable registered as "h283"
G4WT0 > Accumulable registered as "h285"
G4WT9 > Accumulable registered as "h310"
G4WT4 > Accumulable registered as "h336"
G4WT0 > Accumulable registered as "h286"
G4WT2 > Accumulable registered as "h286"
G4WT4 > Accumulable registered as "h337"
G4WT11 > Accumulable registered as "h290"
G4WT4 > Accumulable registered as "h338"
G4WT10 > Accumulable registered as "h344"
G4WT11 > Accumulable registered as "h291"
G4WT6 > Accumulable registered as "h303"
G4WT8 > Accumulable registered as "h310"
G4WT1 > Accumulable registered as "h365"
G4WT7 > Accumulable registered as "h260"
G4WT1 > Accumulable registered as "h366"
G4WT0 > Accumulable registered as "h287"
G4WT7 > Accumulable registered as "h261"
G4WT2 > Accumulable registered as "h287"
G4WT0 > Accumulable registered as "h288"
G4WT7 > Accumulable registered as "h262"
G4WT10 > Accumulable registered as "h345"
G4WT11 > Accumulable registered as "h292"
G4WT9 > Accumulable registered as "h311"
G4WT10 > Accumulable registered as "h346"
G4WT6 > Accumulable registered as "h304"
G4WT11 > Accumulable registered as "h293"
G4WT1 > Accumulable registered as "h367"
G4WT5 > Accumulable registered as "h289"
G4WT4 > Accumulable registered as "h339"
G4WT0 > Accumulable registered as "h289"
G4WT7 > Accumulable registered as "h263"
G4WT8 > Accumulable registered as "h311"
G4WT7 > Accumulable registered as "h264"
G4WT8 > Accumulable registered as "h312"
G4WT7 > Accumulable registered as "h265"
G4WT6 > Accumulable registered as "h305"
G4WT7 > Accumulable registered as "h266"
G4WT3 > Accumulable registered as "h284"
G4WT7 > Accumulable registered as "h267"
G4WT6 > Accumulable registered as "h306"
G4WT2 > Accumulable registered as "h288"
G4WT0 > Accumulable registered as "h290"
G4WT9 > Accumulable registered as "h312"
G4WT0 > Accumulable registered as "h291"
G4WT10 > Accumulable registered as "h347"
G4WT11 > Accumulable registered as "h294"
G4WT10 > Accumulable registered as "h348"
G4WT1 > Accumulable registered as "h368"
G4WT10 > Accumulable registered as "h349"
G4WT7 > Accumulable registered as "h268"
G4WT3 > Accumulable registered as "h285"
G4WT7 > Accumulable registered as "h269"
G4WT6 > Accumulable registered as "h307"
G4WT7 > Accumulable registered as "h270"
G4WT9 > Accumulable registered as "h313"
G4WT7 > Accumulable registered as "h271"
G4WT8 > Accumulable registered as "h313"
G4WT7 > Accumulable registered as "h272"
G4WT5 > Accumulable registered as "h290"
G4WT4 > Accumulable registered as "h340"
G4WT8 > Accumulable registered as "h314"
G4WT1 > Accumulable registered as "h369"
G4WT3 > Accumulable registered as "h286"
G4WT2 > Accumulable registered as "h289"
G4WT0 > Accumulable registered as "h292"
G4WT6 > Accumulable registered as "h308"
G4WT0 > Accumulable registered as "h293"
G4WT9 > Accumulable registered as "h314"
G4WT0 > Accumulable registered as "h294"
G4WT10 > Accumulable registered as "h350"
G4WT8 > Accumulable registered as "h315"
G4WT10 > Accumulable registered as "h351"
G4WT4 > Accumulable registered as "h341"
G4WT8 > Accumulable registered as "h316"
G4WT11 > Accumulable registered as "h295"
G4WT8 > Accumulable registered as "h317"
G4WT10 > Accumulable registered as "h352"
G4WT11 > Accumulable registered as "h296"
G4WT7 > Accumulable registered as "h273"
G4WT10 > Accumulable registered as "h353"
G4WT0 > Accumulable registered as "h295"
G4WT7 > Accumulable registered as "h274"
G4WT9 > Accumulable registered as "h315"
G4WT3 > Accumulable registered as "h287"
G4WT4 > Accumulable registered as "h342"
G4WT2 > Accumulable registered as "h290"
G4WT9 > Accumulable registered as "h316"
G4WT3 > Accumulable registered as "h288"
G4WT11 > Accumulable registered as "h297"
G4WT3 > Accumulable registered as "h289"
G4WT10 > Accumulable registered as "h354"
G4WT11 > Accumulable registered as "h298"
G4WT7 > Accumulable registered as "h275"
G4WT10 > Accumulable registered as "h355"
G4WT8 > Accumulable registered as "h318"
G4WT4 > Accumulable registered as "h343"
G4WT8 > Accumulable registered as "h319"
G4WT9 > Accumulable registered as "h317"
G4WT4 > Accumulable registered as "h344"
G4WT2 > Accumulable registered as "h291"
G4WT3 > Accumulable registered as "h290"
G4WT2 > Accumulable registered as "h292"
G4WT0 > Accumulable registered as "h296"
G4WT5 > Accumulable registered as "h291"
G4WT0 > Accumulable registered as "h297"
G4WT7 > Accumulable registered as "h276"
G4WT8 > Accumulable registered as "h320"
G4WT7 > Accumulable registered as "h277"
G4WT8 > Accumulable registered as "h321"
G4WT7 > Accumulable registered as "h278"
G4WT4 > Accumulable registered as "h345"
G4WT7 > Accumulable registered as "h279"
G4WT3 > Accumulable registered as "h291"
G4WT2 > Accumulable registered as "h293"
G4WT3 > Accumulable registered as "h292"
G4WT5 > Accumulable registered as "h292"
G4WT2 > Accumulable registered as "h294"
G4WT10 > Accumulable registered as "h356"
G4WT5 > Accumulable registered as "h293"
G4WT9 > Accumulable registered as "h318"
G4WT5 > Accumulable registered as "h294"
G4WT10 > Accumulable registered as "h357"
G4WT4 > Accumulable registered as "h346"
G4WT9 > Accumulable registered as "h319"
G4WT11 > Accumulable registered as "h299"
G4WT11 > Accumulable registered as "h300"
G4WT4 > Accumulable registered as "h347"
G4WT2 > Accumulable registered as "h295"
G4WT8 > Accumulable registered as "h322"
G4WT2 > Accumulable registered as "h296"
G4WT7 > Accumulable registered as "h280"
G4WT2 > Accumulable registered as "h297"
G4WT7 > Accumulable registered as "h281"
G4WT10 > Accumulable registered as "h358"
G4WT9 > Accumulable registered as "h320"
G4WT7 > Accumulable registered as "h282"
G4WT3 > Accumulable registered as "h293"
G4WT9 > Accumulable registered as "h321"
G4WT4 > Accumulable registered as "h348"
G4WT8 > Accumulable registered as "h323"
G4WT4 > Accumulable registered as "h349"
G4WT4 > Accumulable registered as "h350"
G4WT8 > Accumulable registered as "h324"
G4WT6 > Accumulable registered as "h309"
G4WT8 > Accumulable registered as "h325"
G4WT0 > Accumulable registered as "h298"
G4WT1 > Accumulable registered as "h370"
G4WT7 > Accumulable registered as "h283"
G4WT8 > Accumulable registered as "h326"
G4WT0 > Accumulable registered as "h299"
G4WT4 > Accumulable registered as "h351"
G4WT1 > Accumulable registered as "h371"
G4WT10 > Accumulable registered as "h359"
G4WT1 > Accumulable registered as "h372"
G4WT3 > Accumulable registered as "h294"
G4WT6 > Accumulable registered as "h310"
G4WT9 > Accumulable registered as "h322"
G4WT5 > Accumulable registered as "h295"
G4WT7 > Accumulable registered as "h284"
G4WT5 > Accumulable registered as "h296"
G4WT8 > Accumulable registered as "h327"
G4WT5 > Accumulable registered as "h297"
G4WT0 > Accumulable registered as "h300"
G4WT7 > Accumulable registered as "h285"
G4WT8 > Accumulable registered as "h328"
G4WT0 > Accumulable registered as "h301"
G4WT3 > Accumulable registered as "h295"
G4WT2 > Accumulable registered as "h298"
G4WT9 > Accumulable registered as "h323"
G4WT11 > Accumulable registered as "h301"
G4WT4 > Accumulable registered as "h352"
G4WT11 > Accumulable registered as "h302"
G4WT5 > Accumulable registered as "h298"
G4WT4 > Accumulable registered as "h353"
G4WT10 > Accumulable registered as "h360"
G4WT5 > Accumulable registered as "h299"
G4WT10 > Accumulable registered as "h361"
G4WT5 > Accumulable registered as "h300"
G4WT10 > Accumulable registered as "h362"
G4WT3 > Accumulable registered as "h296"
G4WT10 > Accumulable registered as "h363"
G4WT9 > Accumulable registered as "h324"
G4WT3 > Accumulable registered as "h297"
G4WT7 > Accumulable registered as "h286"
G4WT3 > Accumulable registered as "h298"
G4WT7 > Accumulable registered as "h287"
G4WT3 > Accumulable registered as "h299"
G4WT7 > Accumulable registered as "h288"
G4WT3 > Accumulable registered as "h300"
G4WT7 > Accumulable registered as "h289"
G4WT2 > Accumulable registered as "h299"
G4WT1 > Accumulable registered as "h373"
G4WT9 > Accumulable registered as "h325"
G4WT2 > Accumulable registered as "h300"
G4WT11 > Accumulable registered as "h303"
G4WT8 > Accumulable registered as "h329"
G4WT6 > Accumulable registered as "h311"
G4WT11 > Accumulable registered as "h304"
G4WT5 > Accumulable registered as "h301"
G4WT3 > Accumulable registered as "h301"
G4WT5 > Accumulable registered as "h302"
G4WT7 > Accumulable registered as "h290"
G4WT5 > Accumulable registered as "h303"
G4WT1 > Accumulable registered as "h374"
G4WT2 > Accumulable registered as "h301"
G4WT0 > Accumulable registered as "h302"
G4WT8 > Accumulable registered as "h330"
G4WT0 > Accumulable registered as "h303"
G4WT4 > Accumulable registered as "h354"
G4WT6 > Accumulable registered as "h312"
G4WT8 > Accumulable registered as "h331"
G4WT3 > Accumulable registered as "h302"
G4WT8 > Accumulable registered as "h332"
G4WT7 > Accumulable registered as "h291"
G4WT6 > Accumulable registered as "h313"
G4WT8 > Accumulable registered as "h333"
G4WT1 > Accumulable registered as "h375"
G4WT2 > Accumulable registered as "h302"
G4WT8 > Accumulable registered as "h334"
G4WT0 > Accumulable registered as "h304"
G4WT10 > Accumulable registered as "h364"
G4WT5 > Accumulable registered as "h304"
G4WT3 > Accumulable registered as "h303"
G4WT9 > Accumulable registered as "h326"
G4WT3 > Accumulable registered as "h304"
G4WT7 > Accumulable registered as "h292"
G4WT9 > Accumulable registered as "h327"
G4WT6 > Accumulable registered as "h314"
G4WT9 > Accumulable registered as "h328"
G4WT4 > Accumulable registered as "h355"
G4WT2 > Accumulable registered as "h303"
G4WT6 > Accumulable registered as "h315"
G4WT0 > Accumulable registered as "h305"
G4WT6 > Accumulable registered as "h316"
G4WT5 > Accumulable registered as "h305"
G4WT0 > Accumulable registered as "h306"
G4WT11 > Accumulable registered as "h305"
G4WT7 > Accumulable registered as "h293"
G4WT9 > Accumulable registered as "h329"
G4WT8 > Accumulable registered as "h335"
G4WT4 > Accumulable registered as "h356"
G4WT8 > Accumulable registered as "h336"
G4WT10 > Accumulable registered as "h365"
G4WT8 > Accumulable registered as "h337"
G4WT3 > Accumulable registered as "h305"
G4WT1 > Accumulable registered as "h376"
G4WT3 > Accumulable registered as "h306"
G4WT0 > Accumulable registered as "h307"
G4WT1 > Accumulable registered as "h377"
G4WT0 > Accumulable registered as "h308"
G4WT1 > Accumulable registered as "h378"
G4WT9 > Accumulable registered as "h330"
G4WT2 > Accumulable registered as "h304"
G4WT3 > Accumulable registered as "h307"
G4WT6 > Accumulable registered as "h317"
G4WT3 > Accumulable registered as "h308"
G4WT10 > Accumulable registered as "h366"
G4WT3 > Accumulable registered as "h309"
G4WT6 > Accumulable registered as "h318"
G4WT11 > Accumulable registered as "h306"
G4WT3 > Accumulable registered as "h310"
G4WT6 > Accumulable registered as "h319"
G4WT3 > Accumulable registered as "h311"
G4WT6 > Accumulable registered as "h320"
G4WT2 > Accumulable registered as "h305"
G4WT8 > Accumulable registered as "h338"
G4WT5 > Accumulable registered as "h306"
G4WT7 > Accumulable registered as "h294"
G4WT8 > Accumulable registered as "h339"
G4WT11 > Accumulable registered as "h307"
G4WT7 > Accumulable registered as "h295"
G4WT1 > Accumulable registered as "h379"
G4WT11 > Accumulable registered as "h308"
G4WT1 > Accumulable registered as "h380"
G4WT2 > Accumulable registered as "h306"
G4WT0 > Accumulable registered as "h309"
G4WT10 > Accumulable registered as "h367"
G4WT0 > Accumulable registered as "h310"
G4WT10 > Accumulable registered as "h368"
G4WT8 > Accumulable registered as "h340"
G4WT10 > Accumulable registered as "h369"
G4WT7 > Accumulable registered as "h296"
G4WT8 > Accumulable registered as "h341"
G4WT6 > Accumulable registered as "h321"
G4WT4 > Accumulable registered as "h357"
G4WT6 > Accumulable registered as "h322"
G4WT11 > Accumulable registered as "h309"
G4WT5 > Accumulable registered as "h307"
G4WT0 > Accumulable registered as "h311"
G4WT5 > Accumulable registered as "h308"
G4WT9 > Accumulable registered as "h331"
G4WT0 > Accumulable registered as "h312"
G4WT10 > Accumulable registered as "h370"
G4WT8 > Accumulable registered as "h342"
G4WT10 > Accumulable registered as "h371"
G4WT1 > Accumulable registered as "h381"
G4WT10 > Accumulable registered as "h372"
G4WT4 > Accumulable registered as "h358"
G4WT11 > Accumulable registered as "h310"
G4WT4 > Accumulable registered as "h359"
G4WT3 > Accumulable registered as "h312"
G4WT5 > Accumulable registered as "h309"
G4WT7 > Accumulable registered as "h297"
G4WT5 > Accumulable registered as "h310"
G4WT0 > Accumulable registered as "h313"
G4WT8 > Accumulable registered as "h343"
G4WT2 > Accumulable registered as "h307"
G4WT8 > Accumulable registered as "h344"
G4WT1 > Accumulable registered as "h382"
G4WT11 > Accumulable registered as "h311"
G4WT1 > Accumulable registered as "h383"
G4WT4 > Accumulable registered as "h360"
G4WT9 > Accumulable registered as "h332"
G4WT3 > Accumulable registered as "h313"
G4WT7 > Accumulable registered as "h298"
G4WT0 > Accumulable registered as "h314"
G4WT6 > Accumulable registered as "h323"
G4WT0 > Accumulable registered as "h315"
G4WT8 > Accumulable registered as "h345"
G4WT6 > Accumulable registered as "h324"
G4WT2 > Accumulable registered as "h308"
G4WT8 > Accumulable registered as "h346"
G4WT1 > Accumulable registered as "h384"
G4WT3 > Accumulable registered as "h314"
G4WT1 > Accumulable registered as "h385"
G4WT7 > Accumulable registered as "h299"
G4WT5 > Accumulable registered as "h311"
G4WT3 > Accumulable registered as "h315"
G4WT10 > Accumulable registered as "h373"
G4WT0 > Accumulable registered as "h316"
G4WT11 > Accumulable registered as "h312"
G4WT0 > Accumulable registered as "h317"
G4WT9 > Accumulable registered as "h333"
G4WT2 > Accumulable registered as "h309"
G4WT9 > Accumulable registered as "h334"
G4WT11 > Accumulable registered as "h313"
G4WT4 > Accumulable registered as "h361"
G4WT5 > Accumulable registered as "h312"
G4WT6 > Accumulable registered as "h325"
G4WT5 > Accumulable registered as "h313"
G4WT3 > Accumulable registered as "h316"
G4WT3 > Accumulable registered as "h317"
G4WT8 > Accumulable registered as "h347"
G4WT0 > Accumulable registered as "h318"
G4WT1 > Accumulable registered as "h386"
G4WT9 > Accumulable registered as "h335"
G4WT1 > Accumulable registered as "h387"
G4WT2 > Accumulable registered as "h310"
G4WT1 > Accumulable registered as "h388"
G4WT10 > Accumulable registered as "h374"
G4WT2 > Accumulable registered as "h311"
G4WT10 > Accumulable registered as "h375"
G4WT5 > Accumulable registered as "h314"
G4WT10 > Accumulable registered as "h376"
G4WT3 > Accumulable registered as "h318"
G4WT0 > Accumulable registered as "h319"
G4WT3 > Accumulable registered as "h319"
G4WT0 > Accumulable registered as "h320"
G4WT3 > Accumulable registered as "h320"
G4WT4 > Accumulable registered as "h362"
G4WT1 > Accumulable registered as "h389"
G4WT11 > Accumulable registered as "h314"
G4WT2 > Accumulable registered as "h312"
G4WT8 > Accumulable registered as "h348"
G4WT10 > Accumulable registered as "h377"
G4WT5 > Accumulable registered as "h315"
G4WT10 > Accumulable registered as "h378"
G4WT5 > Accumulable registered as "h316"
G4WT10 > Accumulable registered as "h379"
G4WT0 > Accumulable registered as "h321"
G4WT10 > Accumulable registered as "h380"
G4WT4 > Accumulable registered as "h363"
G4WT0 > Accumulable registered as "h322"
G4WT11 > Accumulable registered as "h315"
G4WT4 > Accumulable registered as "h364"
G4WT2 > Accumulable registered as "h313"
G4WT11 > Accumulable registered as "h316"
G4WT9 > Accumulable registered as "h336"
G4WT5 > Accumulable registered as "h317"
G4WT5 > Accumulable registered as "h318"
G4WT5 > Accumulable registered as "h319"
G4WT5 > Accumulable registered as "h320"
G4WT1 > Accumulable registered as "h390"
G4WT4 > Accumulable registered as "h365"
G4WT1 > Accumulable registered as "h391"
G4WT0 > Accumulable registered as "h323"
G4WT11 > Accumulable registered as "h317"
G4WT11 > Accumulable registered as "h318"
G4WT2 > Accumulable registered as "h314"
G4WT9 > Accumulable registered as "h337"
G4WT3 > Accumulable registered as "h321"
G4WT9 > Accumulable registered as "h338"
G4WT10 > Accumulable registered as "h381"
G4WT9 > Accumulable registered as "h339"
G4WT6 > Accumulable registered as "h326"
G4WT9 > Accumulable registered as "h340"
G4WT9 > Accumulable registered as "h341"
G4WT4 > Accumulable registered as "h366"
G4WT9 > Accumulable registered as "h342"
G4WT0 > Accumulable registered as "h324"
G4WT9 > Accumulable registered as "h343"
G4WT2 > Accumulable registered as "h315"
G4WT9 > Accumulable registered as "h344"
G4WT10 > Accumulable registered as "h382"
G4WT2 > Accumulable registered as "h316"
G4WT7 > Accumulable registered as "h300"
G4WT6 > Accumulable registered as "h327"
G4WT7 > Accumulable registered as "h301"
G4WT11 > Accumulable registered as "h319"
G4WT7 > Accumulable registered as "h302"
G4WT5 > Accumulable registered as "h321"
G4WT6 > Accumulable registered as "h328"
G4WT9 > Accumulable registered as "h345"
G4WT1 > Accumulable registered as "h392"
G4WT10 > Accumulable registered as "h383"
G4WT1 > Accumulable registered as "h393"
G4WT4 > Accumulable registered as "h367"
G4WT3 > Accumulable registered as "h322"
G4WT4 > Accumulable registered as "h368"
G4WT0 > Accumulable registered as "h325"
G4WT7 > Accumulable registered as "h303"
G4WT0 > Accumulable registered as "h326"
G4WT6 > Accumulable registered as "h329"
G4WT0 > Accumulable registered as "h327"
G4WT5 > Accumulable registered as "h322"
G4WT0 > Accumulable registered as "h328"
G4WT1 > Accumulable registered as "h394"
G4WT10 > Accumulable registered as "h384"
G4WT0 > Accumulable registered as "h329"
G4WT8 > Accumulable registered as "h349"
G4WT10 > Accumulable registered as "h385"
G4WT3 > Accumulable registered as "h323"
G4WT8 > Accumulable registered as "h350"
G4WT9 > Accumulable registered as "h346"
G4WT2 > Accumulable registered as "h317"
G4WT6 > Accumulable registered as "h330"
G4WT2 > Accumulable registered as "h318"
G4WT11 > Accumulable registered as "h320"
G4WT4 > Accumulable registered as "h369"
G4WT0 > Accumulable registered as "h330"
G4WT4 > Accumulable registered as "h370"
G4WT7 > Accumulable registered as "h304"
G4WT8 > Accumulable registered as "h351"
G4WT3 > Accumulable registered as "h324"
G4WT8 > Accumulable registered as "h352"
G4WT3 > Accumulable registered as "h325"
G4WT3 > Accumulable registered as "h326"
G4WT3 > Accumulable registered as "h327"
G4WT2 > Accumulable registered as "h319"
G4WT11 > Accumulable registered as "h321"
G4WT2 > Accumulable registered as "h320"
G4WT4 > Accumulable registered as "h371"
G4WT11 > Accumulable registered as "h322"
G4WT0 > Accumulable registered as "h331"
G4WT11 > Accumulable registered as "h323"
G4WT0 > Accumulable registered as "h332"
G4WT11 > Accumulable registered as "h324"
G4WT0 > Accumulable registered as "h333"
G4WT11 > Accumulable registered as "h325"
G4WT0 > Accumulable registered as "h334"
G4WT6 > Accumulable registered as "h331"
G4WT11 > Accumulable registered as "h326"
G4WT0 > Accumulable registered as "h335"
G4WT11 > Accumulable registered as "h327"
G4WT0 > Accumulable registered as "h336"
G4WT5 > Accumulable registered as "h323"
G4WT8 > Accumulable registered as "h353"
G4WT5 > Accumulable registered as "h324"
G4WT1 > Accumulable registered as "h395"
G4WT8 > Accumulable registered as "h354"
G4WT1 > Accumulable registered as "h396"
G4WT6 > Accumulable registered as "h332"
G4WT4 > Accumulable registered as "h372"
G4WT9 > Accumulable registered as "h347"
G4WT11 > Accumulable registered as "h328"
G4WT0 > Accumulable registered as "h337"
G4WT11 > Accumulable registered as "h329"
G4WT0 > Accumulable registered as "h338"
G4WT11 > Accumulable registered as "h330"
G4WT0 > Accumulable registered as "h339"
G4WT11 > Accumulable registered as "h331"
G4WT0 > Accumulable registered as "h340"
G4WT7 > Accumulable registered as "h305"
G4WT6 > Accumulable registered as "h333"
G4WT7 > Accumulable registered as "h306"
G4WT6 > Accumulable registered as "h334"
G4WT9 > Accumulable registered as "h348"
G4WT5 > Accumulable registered as "h325"
G4WT9 > Accumulable registered as "h349"
G4WT5 > Accumulable registered as "h326"
G4WT5 > Accumulable registered as "h327"
G4WT5 > Accumulable registered as "h328"
G4WT1 > Accumulable registered as "h397"
G4WT0 > Accumulable registered as "h341"
G4WT4 > Accumulable registered as "h373"
G4WT0 > Accumulable registered as "h342"
G4WT7 > Accumulable registered as "h307"
G4WT3 > Accumulable registered as "h328"
G4WT3 > Accumulable registered as "h329"
G4WT2 > Accumulable registered as "h321"
G4WT9 > Accumulable registered as "h350"
G4WT2 > Accumulable registered as "h322"
G4WT8 > Accumulable registered as "h355"
G4WT9 > Accumulable registered as "h351"
G4WT5 > Accumulable registered as "h329"
G4WT8 > Accumulable registered as "h356"
G4WT9 > Accumulable registered as "h352"
G4WT0 > Accumulable registered as "h343"
G4WT9 > Accumulable registered as "h353"
G4WT7 > Accumulable registered as "h308"
G4WT3 > Accumulable registered as "h330"
G4WT11 > Accumulable registered as "h332"
G4WT3 > Accumulable registered as "h331"
G4WT2 > Accumulable registered as "h323"
G4WT1 > Accumulable registered as "h398"
G4WT6 > Accumulable registered as "h335"
G4WT8 > Accumulable registered as "h357"
G4WT4 > Accumulable registered as "h374"
G4WT8 > Accumulable registered as "h358"
G4WT9 > Accumulable registered as "h354"
G4WT0 > Accumulable registered as "h344"
G4WT4 > Accumulable registered as "h375"
G4WT9 > Accumulable registered as "h355"
G4WT7 > Accumulable registered as "h309"
G4WT4 > Accumulable registered as "h376"
G4WT11 > Accumulable registered as "h333"
G4WT4 > Accumulable registered as "h377"
G4WT7 > Accumulable registered as "h310"
G4WT6 > Accumulable registered as "h336"
G4WT3 > Accumulable registered as "h332"
G4WT6 > Accumulable registered as "h337"
G4WT0 > Accumulable registered as "h345"
G4WT6 > Accumulable registered as "h338"
G4WT1 > Accumulable registered as "h399"
G4WT5 > Accumulable registered as "h330"
G4WT1 > Accumulable registered as "h400"
G4WT4 > Accumulable registered as "h378"
G4WT5 > Accumulable registered as "h331"
G4WT8 > Accumulable registered as "h359"
G4WT7 > Accumulable registered as "h311"
G4WT8 > Accumulable registered as "h360"
G4WT9 > Accumulable registered as "h356"
G4WT8 > Accumulable registered as "h361"
G4WT10 > Accumulable registered as "h386"
G4WT9 > Accumulable registered as "h357"
G4WT11 > Accumulable registered as "h334"
G4WT1 > Accumulable registered as "h401"
G4WT11 > Accumulable registered as "h335"
G4WT4 > Accumulable registered as "h379"
G4WT1 > Accumulable registered as "h402"
G4WT7 > Accumulable registered as "h312"
G4WT1 > Accumulable registered as "h403"
G4WT0 > Accumulable registered as "h346"
G4WT7 > Accumulable registered as "h313"
G4WT8 > Accumulable registered as "h362"
G4WT9 > Accumulable registered as "h358"
G4WT10 > Accumulable registered as "h387"
G4WT5 > Accumulable registered as "h332"
G4WT11 > Accumulable registered as "h336"
G4WT11 > Accumulable registered as "h337"
G4WT11 > Accumulable registered as "h338"
G4WT11 > Accumulable registered as "h339"
G4WT11 > Accumulable registered as "h340"
G4WT11 > Accumulable registered as "h341"
G4WT1 > Accumulable registered as "h404"
G4WT0 > Accumulable registered as "h347"
G4WT1 > Accumulable registered as "h405"
G4WT8 > Accumulable registered as "h363"
G4WT1 > Accumulable registered as "h406"
G4WT9 > Accumulable registered as "h359"
G4WT1 > Accumulable registered as "h407"
G4WT8 > Accumulable registered as "h364"
G4WT3 > Accumulable registered as "h333"
G4WT8 > Accumulable registered as "h365"
G4WT3 > Accumulable registered as "h334"
G4WT8 > Accumulable registered as "h366"
G4WT11 > Accumulable registered as "h342"
G4WT5 > Accumulable registered as "h333"
G4WT11 > Accumulable registered as "h343"
G4WT0 > Accumulable registered as "h348"
G4WT5 > Accumulable registered as "h334"
G4WT11 > Accumulable registered as "h344"
G4WT2 > Accumulable registered as "h324"
G4WT7 > Accumulable registered as "h314"
G4WT2 > Accumulable registered as "h325"
G4WT7 > Accumulable registered as "h315"
G4WT8 > Accumulable registered as "h367"
G4WT10 > Accumulable registered as "h388"
G4WT8 > Accumulable registered as "h368"
G4WT9 > Accumulable registered as "h360"
G4WT5 > Accumulable registered as "h335"
G4WT0 > Accumulable registered as "h349"
G4WT6 > Accumulable registered as "h339"
G4WT11 > Accumulable registered as "h345"
G4WT6 > Accumulable registered as "h340"
G4WT1 > Accumulable registered as "h408"
G4WT3 > Accumulable registered as "h335"
G4WT2 > Accumulable registered as "h326"
G4WT1 > Accumulable registered as "h409"
G4WT3 > Accumulable registered as "h336"
G4WT8 > Accumulable registered as "h369"
G4WT9 > Accumulable registered as "h361"
G4WT5 > Accumulable registered as "h336"
G4WT0 > Accumulable registered as "h350"
G4WT5 > Accumulable registered as "h337"
G4WT11 > Accumulable registered as "h346"
G4WT0 > Accumulable registered as "h351"
G4WT7 > Accumulable registered as "h316"
G4WT10 > Accumulable registered as "h389"
G4WT2 > Accumulable registered as "h327"
G4WT11 > Accumulable registered as "h347"
G4WT7 > Accumulable registered as "h317"
G4WT10 > Accumulable registered as "h390"
G4WT10 > Accumulable registered as "h391"
G4WT10 > Accumulable registered as "h392"
G4WT10 > Accumulable registered as "h393"
G4WT10 > Accumulable registered as "h394"
G4WT10 > Accumulable registered as "h395"
G4WT10 > Accumulable registered as "h396"
G4WT10 > Accumulable registered as "h397"
G4WT10 > Accumulable registered as "h398"
G4WT10 > Accumulable registered as "h399"
G4WT11 > Accumulable registered as "h348"
G4WT7 > Accumulable registered as "h318"
G4WT9 > Accumulable registered as "h362"
G4WT7 > Accumulable registered as "h319"
G4WT5 > Accumulable registered as "h338"
G4WT7 > Accumulable registered as "h320"
G4WT0 > Accumulable registered as "h352"
G4WT7 > Accumulable registered as "h321"
G4WT7 > Accumulable registered as "h322"
G4WT8 > Accumulable registered as "h370"
G4WT7 > Accumulable registered as "h323"
G4WT2 > Accumulable registered as "h328"
G4WT7 > Accumulable registered as "h324"
G4WT8 > Accumulable registered as "h371"
G4WT7 > Accumulable registered as "h325"
G4WT9 > Accumulable registered as "h363"
G4WT1 > Accumulable registered as "h410"
G4WT3 > Accumulable registered as "h337"
G4WT1 > Accumulable registered as "h411"
G4WT0 > Accumulable registered as "h353"
G4WT1 > Accumulable registered as "h412"
G4WT10 > Accumulable registered as "h400"
G4WT6 > Accumulable registered as "h341"
G4WT2 > Accumulable registered as "h329"
G4WT4 > Accumulable registered as "h380"
G4WT2 > Accumulable registered as "h330"
G4WT7 > Accumulable registered as "h326"
G4WT9 > Accumulable registered as "h364"
G4WT3 > Accumulable registered as "h338"
G4WT9 > Accumulable registered as "h365"
G4WT11 > Accumulable registered as "h349"
G4WT9 > Accumulable registered as "h366"
G4WT10 > Accumulable registered as "h401"
G4WT9 > Accumulable registered as "h367"
G4WT6 > Accumulable registered as "h342"
G4WT2 > Accumulable registered as "h331"
G4WT8 > Accumulable registered as "h372"
G4WT2 > Accumulable registered as "h332"
G4WT4 > Accumulable registered as "h381"
G4WT2 > Accumulable registered as "h333"
G4WT3 > Accumulable registered as "h339"
G4WT0 > Accumulable registered as "h354"
G4WT11 > Accumulable registered as "h350"
G4WT9 > Accumulable registered as "h368"
G4WT5 > Accumulable registered as "h339"
G4WT10 > Accumulable registered as "h402"
G4WT5 > Accumulable registered as "h340"
G4WT6 > Accumulable registered as "h343"
G4WT1 > Accumulable registered as "h413"
G4WT4 > Accumulable registered as "h382"
G4WT1 > Accumulable registered as "h414"
G4WT8 > Accumulable registered as "h373"
G4WT4 > Accumulable registered as "h383"
G4WT3 > Accumulable registered as "h340"
G4WT0 > Accumulable registered as "h355"
G4WT8 > Accumulable registered as "h374"
G4WT0 > Accumulable registered as "h356"
G4WT10 > Accumulable registered as "h403"
G4WT8 > Accumulable registered as "h375"
G4WT7 > Accumulable registered as "h327"
G4WT6 > Accumulable registered as "h344"
G4WT2 > Accumulable registered as "h334"
G4WT1 > Accumulable registered as "h415"
G4WT4 > Accumulable registered as "h384"
G4WT2 > Accumulable registered as "h335"
G4WT3 > Accumulable registered as "h341"
G4WT2 > Accumulable registered as "h336"
G4WT0 > Accumulable registered as "h357"
G4WT3 > Accumulable registered as "h342"
G4WT5 > Accumulable registered as "h341"
G4WT10 > Accumulable registered as "h404"
G4WT7 > Accumulable registered as "h328"
G4WT10 > Accumulable registered as "h405"
G4WT1 > Accumulable registered as "h416"
G4WT6 > Accumulable registered as "h345"
G4WT9 > Accumulable registered as "h369"
G4WT4 > Accumulable registered as "h385"
G4WT2 > Accumulable registered as "h337"
G4WT8 > Accumulable registered as "h376"
G4WT2 > Accumulable registered as "h338"
G4WT3 > Accumulable registered as "h343"
G4WT5 > Accumulable registered as "h342"
G4WT11 > Accumulable registered as "h351"
G4WT10 > Accumulable registered as "h406"
G4WT10 > Accumulable registered as "h407"
G4WT10 > Accumulable registered as "h408"
G4WT6 > Accumulable registered as "h346"
G4WT9 > Accumulable registered as "h370"
G4WT6 > Accumulable registered as "h347"
G4WT9 > Accumulable registered as "h371"
G4WT2 > Accumulable registered as "h339"
G4WT3 > Accumulable registered as "h344"
G4WT7 > Accumulable registered as "h329"
G4WT5 > Accumulable registered as "h343"
G4WT7 > Accumulable registered as "h330"
G4WT7 > Accumulable registered as "h331"
G4WT5 > Accumulable registered as "h344"
G4WT10 > Accumulable registered as "h409"
G4WT0 > Accumulable registered as "h358"
G4WT8 > Accumulable registered as "h377"
G4WT0 > Accumulable registered as "h359"
G4WT6 > Accumulable registered as "h348"
G4WT8 > Accumulable registered as "h378"
G4WT9 > Accumulable registered as "h372"
G4WT11 > Accumulable registered as "h352"
G4WT9 > Accumulable registered as "h373"
G4WT11 > Accumulable registered as "h353"
G4WT7 > Accumulable registered as "h332"
G4WT4 > Accumulable registered as "h386"
G4WT4 > Accumulable registered as "h387"
G4WT4 > Accumulable registered as "h388"
G4WT4 > Accumulable registered as "h389"
G4WT3 > Accumulable registered as "h345"
G4WT8 > Accumulable registered as "h379"
G4WT3 > Accumulable registered as "h346"
G4WT6 > Accumulable registered as "h349"
G4WT3 > Accumulable registered as "h347"
G4WT1 > Accumulable registered as "h417"
G4WT5 > Accumulable registered as "h345"
G4WT1 > Accumulable registered as "h418"
G4WT5 > Accumulable registered as "h346"
G4WT1 > Accumulable registered as "h419"
G4WT5 > Accumulable registered as "h347"
G4WT1 > Accumulable registered as "h420"
G4WT4 > Accumulable registered as "h390"
G4WT9 > Accumulable registered as "h374"
G4WT11 > Accumulable registered as "h354"
G4WT9 > Accumulable registered as "h375"
G4WT3 > Accumulable registered as "h348"
G4WT6 > Accumulable registered as "h350"
G4WT7 > Accumulable registered as "h333"
G4WT10 > Accumulable registered as "h410"
G4WT2 > Accumulable registered as "h340"
G4WT5 > Accumulable registered as "h348"
G4WT8 > Accumulable registered as "h380"
G4WT5 > Accumulable registered as "h349"
G4WT8 > Accumulable registered as "h381"
G4WT4 > Accumulable registered as "h391"
G4WT8 > Accumulable registered as "h382"
G4WT11 > Accumulable registered as "h355"
G4WT4 > Accumulable registered as "h392"
G4WT0 > Accumulable registered as "h360"
G4WT7 > Accumulable registered as "h334"
G4WT10 > Accumulable registered as "h411"
G4WT7 > Accumulable registered as "h335"
G4WT2 > Accumulable registered as "h341"
G4WT1 > Accumulable registered as "h421"
G4WT2 > Accumulable registered as "h342"
G4WT1 > Accumulable registered as "h422"
G4WT1 > Accumulable registered as "h423"
G4WT6 > Accumulable registered as "h351"
G4WT4 > Accumulable registered as "h393"
G4WT11 > Accumulable registered as "h356"
G4WT4 > Accumulable registered as "h394"
G4WT6 > Accumulable registered as "h352"
G4WT4 > Accumulable registered as "h395"
G4WT7 > Accumulable registered as "h336"
G4WT9 > Accumulable registered as "h376"
G4WT8 > Accumulable registered as "h383"
G4WT2 > Accumulable registered as "h343"
G4WT8 > Accumulable registered as "h384"
G4WT3 > Accumulable registered as "h349"
G4WT0 > Accumulable registered as "h361"
G4WT3 > Accumulable registered as "h350"
G4WT10 > Accumulable registered as "h412"
G4WT6 > Accumulable registered as "h353"
G4WT4 > Accumulable registered as "h396"
G4WT6 > Accumulable registered as "h354"
G4WT5 > Accumulable registered as "h350"
G4WT9 > Accumulable registered as "h377"
G4WT5 > Accumulable registered as "h351"
G4WT2 > Accumulable registered as "h344"
G4WT9 > Accumulable registered as "h378"
G4WT1 > Accumulable registered as "h424"
G4WT3 > Accumulable registered as "h351"
G4WT11 > Accumulable registered as "h357"
G4WT3 > Accumulable registered as "h352"
G4WT10 > Accumulable registered as "h413"
G4WT7 > Accumulable registered as "h337"
G4WT6 > Accumulable registered as "h355"
G4WT10 > Accumulable registered as "h414"
G4WT7 > Accumulable registered as "h338"
G4WT4 > Accumulable registered as "h397"
G4WT9 > Accumulable registered as "h379"
G4WT4 > Accumulable registered as "h398"
G4WT2 > Accumulable registered as "h345"
G4WT9 > Accumulable registered as "h380"
G4WT4 > Accumulable registered as "h399"
G4WT5 > Accumulable registered as "h352"
G4WT8 > Accumulable registered as "h385"
G4WT5 > Accumulable registered as "h353"
G4WT6 > Accumulable registered as "h356"
G4WT5 > Accumulable registered as "h354"
G4WT0 > Accumulable registered as "h362"
G4WT5 > Accumulable registered as "h355"
G4WT11 > Accumulable registered as "h358"
G4WT0 > Accumulable registered as "h363"
G4WT9 > Accumulable registered as "h381"
G4WT2 > Accumulable registered as "h346"
G4WT4 > Accumulable registered as "h400"
G4WT8 > Accumulable registered as "h386"
G4WT10 > Accumulable registered as "h415"
G4WT8 > Accumulable registered as "h387"
G4WT6 > Accumulable registered as "h357"
G4WT1 > Accumulable registered as "h425"
G4WT6 > Accumulable registered as "h358"
G4WT5 > Accumulable registered as "h356"
G4WT0 > Accumulable registered as "h364"
G4WT5 > Accumulable registered as "h357"
G4WT9 > Accumulable registered as "h382"
G4WT2 > Accumulable registered as "h347"
G4WT9 > Accumulable registered as "h383"
G4WT4 > Accumulable registered as "h401"
G4WT2 > Accumulable registered as "h348"
G4WT9 > Accumulable registered as "h384"
G4WT7 > Accumulable registered as "h339"
G4WT8 > Accumulable registered as "h388"
G4WT7 > Accumulable registered as "h340"
G4WT6 > Accumulable registered as "h359"
G4WT8 > Accumulable registered as "h389"
G4WT6 > Accumulable registered as "h360"
G4WT10 > Accumulable registered as "h416"
G4WT2 > Accumulable registered as "h349"
G4WT10 > Accumulable registered as "h417"
G4WT2 > Accumulable registered as "h350"
G4WT4 > Accumulable registered as "h402"
G4WT9 > Accumulable registered as "h385"
G4WT4 > Accumulable registered as "h403"
G4WT7 > Accumulable registered as "h341"
G4WT11 > Accumulable registered as "h359"
G4WT7 > Accumulable registered as "h342"
G4WT8 > Accumulable registered as "h390"
G4WT0 > Accumulable registered as "h365"
G4WT8 > Accumulable registered as "h391"
G4WT0 > Accumulable registered as "h366"
G4WT3 > Accumulable registered as "h353"
G4WT0 > Accumulable registered as "h367"
G4WT1 > Accumulable registered as "h426"
G4WT8 > Accumulable registered as "h392"
G4WT4 > Accumulable registered as "h404"
G4WT9 > Accumulable registered as "h386"
G4WT7 > Accumulable registered as "h343"
G4WT6 > Accumulable registered as "h361"
G4WT10 > Accumulable registered as "h418"
G4WT6 > Accumulable registered as "h362"
G4WT2 > Accumulable registered as "h351"
G4WT6 > Accumulable registered as "h363"
G4WT3 > Accumulable registered as "h354"
G4WT2 > Accumulable registered as "h352"
G4WT1 > Accumulable registered as "h427"
G4WT11 > Accumulable registered as "h360"
G4WT1 > Accumulable registered as "h428"
G4WT11 > Accumulable registered as "h361"
G4WT11 > Accumulable registered as "h362"
G4WT10 > Accumulable registered as "h419"
G4WT5 > Accumulable registered as "h358"
G4WT0 > Accumulable registered as "h368"
G4WT5 > Accumulable registered as "h359"
G4WT0 > Accumulable registered as "h369"
G4WT5 > Accumulable registered as "h360"
G4WT0 > Accumulable registered as "h370"
G4WT2 > Accumulable registered as "h353"
G4WT0 > Accumulable registered as "h371"
G4WT9 > Accumulable registered as "h387"
G4WT2 > Accumulable registered as "h354"
G4WT11 > Accumulable registered as "h363"
G4WT10 > Accumulable registered as "h420"
G4WT11 > Accumulable registered as "h364"
G4WT6 > Accumulable registered as "h364"
G4WT11 > Accumulable registered as "h365"
G4WT5 > Accumulable registered as "h361"
G4WT8 > Accumulable registered as "h393"
G4WT6 > Accumulable registered as "h365"
G4WT1 > Accumulable registered as "h429"
G4WT8 > Accumulable registered as "h394"
G4WT1 > Accumulable registered as "h430"
G4WT6 > Accumulable registered as "h366"
G4WT1 > Accumulable registered as "h431"
G4WT10 > Accumulable registered as "h421"
G4WT11 > Accumulable registered as "h366"
G4WT6 > Accumulable registered as "h367"
G4WT4 > Accumulable registered as "h405"
G4WT0 > Accumulable registered as "h372"
G4WT4 > Accumulable registered as "h406"
G4WT7 > Accumulable registered as "h344"
G4WT2 > Accumulable registered as "h355"
G4WT8 > Accumulable registered as "h395"
G4WT1 > Accumulable registered as "h432"
G4WT8 > Accumulable registered as "h396"
G4WT3 > Accumulable registered as "h355"
G4WT8 > Accumulable registered as "h397"
G4WT5 > Accumulable registered as "h362"
G4WT11 > Accumulable registered as "h367"
G4WT5 > Accumulable registered as "h363"
G4WT4 > Accumulable registered as "h407"
G4WT5 > Accumulable registered as "h364"
G4WT0 > Accumulable registered as "h373"
G4WT2 > Accumulable registered as "h356"
G4WT4 > Accumulable registered as "h408"
G4WT0 > Accumulable registered as "h374"
G4WT6 > Accumulable registered as "h368"
G4WT3 > Accumulable registered as "h356"
G4WT2 > Accumulable registered as "h357"
G4WT8 > Accumulable registered as "h398"
G4WT11 > Accumulable registered as "h368"
G4WT9 > Accumulable registered as "h388"
G4WT7 > Accumulable registered as "h345"
G4WT9 > Accumulable registered as "h389"
G4WT1 > Accumulable registered as "h433"
G4WT4 > Accumulable registered as "h409"
G4WT1 > Accumulable registered as "h434"
G4WT4 > Accumulable registered as "h410"
G4WT1 > Accumulable registered as "h435"
G4WT2 > Accumulable registered as "h358"
G4WT1 > Accumulable registered as "h436"
G4WT5 > Accumulable registered as "h365"
G4WT1 > Accumulable registered as "h437"
G4WT5 > Accumulable registered as "h366"
G4WT9 > Accumulable registered as "h390"
G4WT5 > Accumulable registered as "h367"
G4WT7 > Accumulable registered as "h346"
G4WT11 > Accumulable registered as "h369"
G4WT7 > Accumulable registered as "h347"
G4WT4 > Accumulable registered as "h411"
G4WT11 > Accumulable registered as "h370"
G4WT4 > Accumulable registered as "h412"
G4WT11 > Accumulable registered as "h371"
G4WT4 > Accumulable registered as "h413"
G4WT11 > Accumulable registered as "h372"
G4WT5 > Accumulable registered as "h368"
G4WT0 > Accumulable registered as "h375"
G4WT5 > Accumulable registered as "h369"
G4WT3 > Accumulable registered as "h357"
G4WT5 > Accumulable registered as "h370"
G4WT8 > Accumulable registered as "h399"
G4WT2 > Accumulable registered as "h359"
G4WT8 > Accumulable registered as "h400"
G4WT1 > Accumulable registered as "h438"
G4WT8 > Accumulable registered as "h401"
G4WT10 > Accumulable registered as "h422"
G4WT1 > Accumulable registered as "h439"
G4WT9 > Accumulable registered as "h391"
G4WT10 > Accumulable registered as "h423"
G4WT7 > Accumulable registered as "h348"
G4WT0 > Accumulable registered as "h376"
G4WT7 > Accumulable registered as "h349"
G4WT3 > Accumulable registered as "h358"
G4WT4 > Accumulable registered as "h414"
G4WT3 > Accumulable registered as "h359"
G4WT8 > Accumulable registered as "h402"
G4WT1 > Accumulable registered as "h440"
G4WT8 > Accumulable registered as "h403"
G4WT1 > Accumulable registered as "h441"
G4WT9 > Accumulable registered as "h392"
G4WT1 > Accumulable registered as "h442"
G4WT7 > Accumulable registered as "h350"
G4WT2 > Accumulable registered as "h360"
G4WT0 > Accumulable registered as "h377"
G4WT4 > Accumulable registered as "h415"
G4WT0 > Accumulable registered as "h378"
G4WT11 > Accumulable registered as "h373"
G4WT3 > Accumulable registered as "h360"
G4WT8 > Accumulable registered as "h404"
G4WT3 > Accumulable registered as "h361"
G4WT10 > Accumulable registered as "h424"
G4WT8 > Accumulable registered as "h405"
G4WT1 > Accumulable registered as "h443"
G4WT10 > Accumulable registered as "h425"
G4WT7 > Accumulable registered as "h351"
G4WT4 > Accumulable registered as "h416"
G4WT0 > Accumulable registered as "h379"
G4WT11 > Accumulable registered as "h374"
G4WT0 > Accumulable registered as "h380"
G4WT0 > Accumulable registered as "h381"
G4WT3 > Accumulable registered as "h362"
G4WT9 > Accumulable registered as "h393"
G4WT8 > Accumulable registered as "h406"
G4WT1 > Accumulable registered as "h444"
G4WT10 > Accumulable registered as "h426"
G4WT2 > Accumulable registered as "h361"
G4WT7 > Accumulable registered as "h352"
G4WT2 > Accumulable registered as "h362"
G4WT7 > Accumulable registered as "h353"
G4WT2 > Accumulable registered as "h363"
G4WT7 > Accumulable registered as "h354"
G4WT0 > Accumulable registered as "h382"
G4WT0 > Accumulable registered as "h383"
G4WT0 > Accumulable registered as "h384"
G4WT0 > Accumulable registered as "h385"
G4WT0 > Accumulable registered as "h386"
G4WT6 > Accumulable registered as "h369"
G4WT4 > Accumulable registered as "h417"
G4WT6 > Accumulable registered as "h370"
G4WT4 > Accumulable registered as "h418"
G4WT11 > Accumulable registered as "h375"
G4WT4 > Accumulable registered as "h419"
G4WT7 > Accumulable registered as "h355"
G4WT11 > Accumulable registered as "h376"
G4WT9 > Accumulable registered as "h394"
G4WT1 > Accumulable registered as "h445"
G4WT10 > Accumulable registered as "h427"
G4WT9 > Accumulable registered as "h395"
G4WT1 > Accumulable registered as "h446"
G4WT6 > Accumulable registered as "h371"
G4WT6 > Accumulable registered as "h372"
G4WT4 > Accumulable registered as "h420"
G4WT3 > Accumulable registered as "h363"
G4WT11 > Accumulable registered as "h377"
G4WT3 > Accumulable registered as "h364"
G4WT7 > Accumulable registered as "h356"
G4WT0 > Accumulable registered as "h387"
G4WT7 > Accumulable registered as "h357"
G4WT10 > Accumulable registered as "h428"
G4WT2 > Accumulable registered as "h364"
G4WT1 > Accumulable registered as "h447"
G4WT2 > Accumulable registered as "h365"
G4WT1 > Accumulable registered as "h448"
G4WT6 > Accumulable registered as "h373"
G4WT8 > Accumulable registered as "h407"
G4WT11 > Accumulable registered as "h378"
G4WT8 > Accumulable registered as "h408"
G4WT3 > Accumulable registered as "h365"
G4WT8 > Accumulable registered as "h409"
G4WT11 > Accumulable registered as "h379"
G4WT8 > Accumulable registered as "h410"
G4WT3 > Accumulable registered as "h366"
G4WT8 > Accumulable registered as "h411"
G4WT3 > Accumulable registered as "h367"
G4WT4 > Accumulable registered as "h421"
G4WT4 > Accumulable registered as "h422"
G4WT4 > Accumulable registered as "h423"
G4WT7 > Accumulable registered as "h358"
G4WT9 > Accumulable registered as "h396"
G4WT7 > Accumulable registered as "h359"
G4WT10 > Accumulable registered as "h429"
G4WT7 > Accumulable registered as "h360"
G4WT2 > Accumulable registered as "h366"
G4WT10 > Accumulable registered as "h430"
G4WT10 > Accumulable registered as "h431"
G4WT6 > Accumulable registered as "h374"
G4WT10 > Accumulable registered as "h432"
G4WT4 > Accumulable registered as "h424"
G4WT9 > Accumulable registered as "h397"
G4WT6 > Accumulable registered as "h375"
G4WT4 > Accumulable registered as "h425"
G4WT9 > Accumulable registered as "h398"
G4WT6 > Accumulable registered as "h376"
G4WT1 > Accumulable registered as "h449"
G4WT9 > Accumulable registered as "h399"
G4WT2 > Accumulable registered as "h367"
G4WT3 > Accumulable registered as "h368"
G4WT0 > Accumulable registered as "h388"
G4WT10 > Accumulable registered as "h433"
G4WT11 > Accumulable registered as "h380"
G4WT7 > Accumulable registered as "h361"
G4WT11 > Accumulable registered as "h381"
G4WT9 > Accumulable registered as "h400"
G4WT1 > Accumulable registered as "h450"
G4WT9 > Accumulable registered as "h401"
G4WT4 > Accumulable registered as "h426"
G4WT9 > Accumulable registered as "h402"
G4WT1 > Accumulable registered as "h451"
G4WT4 > Accumulable registered as "h427"
G4WT2 > Accumulable registered as "h368"
G4WT4 > Accumulable registered as "h428"
G4WT11 > Accumulable registered as "h382"
G4WT7 > Accumulable registered as "h362"
G4WT11 > Accumulable registered as "h383"
G4WT5 > Accumulable registered as "h371"
G4WT9 > Accumulable registered as "h403"
G4WT5 > Accumulable registered as "h372"
G4WT0 > Accumulable registered as "h389"
G4WT5 > Accumulable registered as "h373"
G4WT10 > Accumulable registered as "h434"
G4WT2 > Accumulable registered as "h369"
G4WT10 > Accumulable registered as "h435"
G4WT10 > Accumulable registered as "h436"
G4WT7 > Accumulable registered as "h363"
G4WT11 > Accumulable registered as "h384"
G4WT3 > Accumulable registered as "h369"
G4WT1 > Accumulable registered as "h452"
G4WT3 > Accumulable registered as "h370"
G4WT9 > Accumulable registered as "h404"
G4WT8 > Accumulable registered as "h412"
G4WT0 > Accumulable registered as "h390"
G4WT8 > Accumulable registered as "h413"
G4WT2 > Accumulable registered as "h370"
G4WT8 > Accumulable registered as "h414"
G4WT10 > Accumulable registered as "h437"
G4WT2 > Accumulable registered as "h371"
G4WT7 > Accumulable registered as "h364"
G4WT2 > Accumulable registered as "h372"
G4WT3 > Accumulable registered as "h371"
G4WT5 > Accumulable registered as "h374"
G4WT1 > Accumulable registered as "h453"
G4WT9 > Accumulable registered as "h405"
G4WT0 > Accumulable registered as "h391"
G4WT1 > Accumulable registered as "h454"
G4WT4 > Accumulable registered as "h429"
G4WT9 > Accumulable registered as "h406"
G4WT11 > Accumulable registered as "h385"
G4WT2 > Accumulable registered as "h373"
G4WT7 > Accumulable registered as "h365"
G4WT2 > Accumulable registered as "h374"
G4WT3 > Accumulable registered as "h372"
G4WT2 > Accumulable registered as "h375"
G4WT0 > Accumulable registered as "h392"
G4WT3 > Accumulable registered as "h373"
G4WT1 > Accumulable registered as "h455"
G4WT3 > Accumulable registered as "h374"
G4WT10 > Accumulable registered as "h438"
G4WT9 > Accumulable registered as "h407"
G4WT10 > Accumulable registered as "h439"
G4WT11 > Accumulable registered as "h386"
G4WT5 > Accumulable registered as "h375"
G4WT7 > Accumulable registered as "h366"
G4WT11 > Accumulable registered as "h387"
G4WT2 > Accumulable registered as "h376"
G4WT4 > Accumulable registered as "h430"
G4WT3 > Accumulable registered as "h375"
G4WT1 > Accumulable registered as "h456"
G4WT1 > Accumulable registered as "h457"
G4WT9 > Accumulable registered as "h408"
G4WT10 > Accumulable registered as "h440"
G4WT9 > Accumulable registered as "h409"
G4WT0 > Accumulable registered as "h393"
G4WT7 > Accumulable registered as "h367"
G4WT11 > Accumulable registered as "h388"
G4WT7 > Accumulable registered as "h368"
G4WT5 > Accumulable registered as "h376"
G4WT2 > Accumulable registered as "h377"
G4WT5 > Accumulable registered as "h377"
G4WT1 > Accumulable registered as "h458"
G4WT3 > Accumulable registered as "h376"
G4WT1 > Accumulable registered as "h459"
G4WT3 > Accumulable registered as "h377"
G4WT1 > Accumulable registered as "h460"
G4WT3 > Accumulable registered as "h378"
G4WT9 > Accumulable registered as "h410"
G4WT3 > Accumulable registered as "h379"
G4WT4 > Accumulable registered as "h431"
G4WT5 > Accumulable registered as "h378"
G4WT4 > Accumulable registered as "h432"
G4WT2 > Accumulable registered as "h378"
G4WT8 > Accumulable registered as "h415"
G4WT0 > Accumulable registered as "h394"
G4WT1 > Accumulable registered as "h461"
G4WT0 > Accumulable registered as "h395"
G4WT11 > Accumulable registered as "h389"
G4WT0 > Accumulable registered as "h396"
G4WT3 > Accumulable registered as "h380"
G4WT0 > Accumulable registered as "h397"
G4WT0 > Accumulable registered as "h398"
G4WT0 > Accumulable registered as "h399"
G4WT0 > Accumulable registered as "h400"
G4WT2 > Accumulable registered as "h379"
G4WT8 > Accumulable registered as "h416"
G4WT2 > Accumulable registered as "h380"
G4WT4 > Accumulable registered as "h433"
G4WT1 > Accumulable registered as "h462"
G4WT4 > Accumulable registered as "h434"
G4WT3 > Accumulable registered as "h381"
G4WT5 > Accumulable registered as "h379"
G4WT3 > Accumulable registered as "h382"
G4WT7 > Accumulable registered as "h369"
G4WT10 > Accumulable registered as "h441"
G4WT7 > Accumulable registered as "h370"
G4WT8 > Accumulable registered as "h417"
G4WT2 > Accumulable registered as "h381"
G4WT8 > Accumulable registered as "h418"
G4WT2 > Accumulable registered as "h382"
G4WT8 > Accumulable registered as "h419"
G4WT2 > Accumulable registered as "h383"
G4WT8 > Accumulable registered as "h420"
G4WT0 > Accumulable registered as "h401"
G4WT8 > Accumulable registered as "h421"
G4WT10 > Accumulable registered as "h442"
G4WT8 > Accumulable registered as "h422"
G4WT0 > Accumulable registered as "h402"
G4WT10 > Accumulable registered as "h443"
G4WT8 > Accumulable registered as "h423"
G4WT6 > Accumulable registered as "h377"
G4WT4 > Accumulable registered as "h435"
G4WT5 > Accumulable registered as "h380"
G4WT4 > Accumulable registered as "h436"
G4WT3 > Accumulable registered as "h383"
G4WT7 > Accumulable registered as "h371"
G4WT11 > Accumulable registered as "h390"
G4WT7 > Accumulable registered as "h372"
G4WT0 > Accumulable registered as "h403"
G4WT7 > Accumulable registered as "h373"
G4WT10 > Accumulable registered as "h444"
G4WT8 > Accumulable registered as "h424"
G4WT6 > Accumulable registered as "h378"
G4WT10 > Accumulable registered as "h445"
G4WT4 > Accumulable registered as "h437"
G4WT9 > Accumulable registered as "h411"
G4WT3 > Accumulable registered as "h384"
G4WT11 > Accumulable registered as "h391"
G4WT1 > Accumulable registered as "h463"
G4WT0 > Accumulable registered as "h404"
G4WT1 > Accumulable registered as "h464"
G4WT7 > Accumulable registered as "h374"
G4WT1 > Accumulable registered as "h465"
G4WT2 > Accumulable registered as "h384"
G4WT10 > Accumulable registered as "h446"
G4WT2 > Accumulable registered as "h385"
G4WT10 > Accumulable registered as "h447"
G4WT4 > Accumulable registered as "h438"
G4WT10 > Accumulable registered as "h448"
G4WT4 > Accumulable registered as "h439"
G4WT0 > Accumulable registered as "h405"
G4WT8 > Accumulable registered as "h425"
G4WT1 > Accumulable registered as "h466"
G4WT6 > Accumulable registered as "h379"
G4WT7 > Accumulable registered as "h375"
G4WT6 > Accumulable registered as "h380"
G4WT5 > Accumulable registered as "h381"
G4WT9 > Accumulable registered as "h412"
G4WT5 > Accumulable registered as "h382"
G4WT3 > Accumulable registered as "h385"
G4WT9 > Accumulable registered as "h413"
G4WT4 > Accumulable registered as "h440"
G4WT9 > Accumulable registered as "h414"
G4WT4 > Accumulable registered as "h441"
G4WT8 > Accumulable registered as "h426"
G4WT1 > Accumulable registered as "h467"
G4WT6 > Accumulable registered as "h381"
G4WT2 > Accumulable registered as "h386"
G4WT7 > Accumulable registered as "h376"
G4WT6 > Accumulable registered as "h382"
G4WT11 > Accumulable registered as "h392"
G4WT3 > Accumulable registered as "h386"
G4WT0 > Accumulable registered as "h406"
G4WT9 > Accumulable registered as "h415"
G4WT0 > Accumulable registered as "h407"
G4WT4 > Accumulable registered as "h442"
G4WT1 > Accumulable registered as "h468"
G4WT4 > Accumulable registered as "h443"
G4WT5 > Accumulable registered as "h383"
G4WT4 > Accumulable registered as "h444"
G4WT2 > Accumulable registered as "h387"
G4WT6 > Accumulable registered as "h383"
G4WT2 > Accumulable registered as "h388"
G4WT11 > Accumulable registered as "h393"
G4WT6 > Accumulable registered as "h384"
G4WT3 > Accumulable registered as "h387"
G4WT11 > Accumulable registered as "h394"
G4WT1 > Accumulable registered as "h469"
G4WT7 > Accumulable registered as "h377"
G4WT1 > Accumulable registered as "h470"
G4WT7 > Accumulable registered as "h378"
G4WT5 > Accumulable registered as "h384"
G4WT7 > Accumulable registered as "h379"
G4WT2 > Accumulable registered as "h389"
G4WT5 > Accumulable registered as "h385"
G4WT6 > Accumulable registered as "h385"
G4WT0 > Accumulable registered as "h408"
G4WT3 > Accumulable registered as "h388"
G4WT6 > Accumulable registered as "h386"
G4WT11 > Accumulable registered as "h395"
G4WT6 > Accumulable registered as "h387"
G4WT11 > Accumulable registered as "h396"
G4WT6 > Accumulable registered as "h388"
G4WT9 > Accumulable registered as "h416"
G4WT6 > Accumulable registered as "h389"
G4WT5 > Accumulable registered as "h386"
G4WT2 > Accumulable registered as "h390"
G4WT5 > Accumulable registered as "h387"
G4WT0 > Accumulable registered as "h409"
G4WT4 > Accumulable registered as "h445"
G4WT0 > Accumulable registered as "h410"
G4WT11 > Accumulable registered as "h397"
G4WT4 > Accumulable registered as "h446"
G4WT3 > Accumulable registered as "h389"
G4WT11 > Accumulable registered as "h398"
G4WT3 > Accumulable registered as "h390"
G4WT9 > Accumulable registered as "h417"
G4WT2 > Accumulable registered as "h391"
G4WT5 > Accumulable registered as "h388"
G4WT2 > Accumulable registered as "h392"
G4WT1 > Accumulable registered as "h471"
G4WT5 > Accumulable registered as "h389"
G4WT0 > Accumulable registered as "h411"
G4WT1 > Accumulable registered as "h472"
G4WT4 > Accumulable registered as "h447"
G4WT1 > Accumulable registered as "h473"
G4WT8 > Accumulable registered as "h427"
G4WT3 > Accumulable registered as "h391"
G4WT8 > Accumulable registered as "h428"
G4WT3 > Accumulable registered as "h392"
G4WT8 > Accumulable registered as "h429"
G4WT5 > Accumulable registered as "h390"
G4WT7 > Accumulable registered as "h380"
G4WT6 > Accumulable registered as "h390"
G4WT7 > Accumulable registered as "h381"
G4WT4 > Accumulable registered as "h448"
G4WT6 > Accumulable registered as "h391"
G4WT11 > Accumulable registered as "h399"
G4WT4 > Accumulable registered as "h449"
G4WT11 > Accumulable registered as "h400"
G4WT4 > Accumulable registered as "h450"
G4WT10 > Accumulable registered as "h449"
G4WT8 > Accumulable registered as "h430"
G4WT5 > Accumulable registered as "h391"
G4WT0 > Accumulable registered as "h412"
G4WT5 > Accumulable registered as "h392"
G4WT7 > Accumulable registered as "h382"
G4WT5 > Accumulable registered as "h393"
G4WT1 > Accumulable registered as "h474"
G4WT2 > Accumulable registered as "h393"
G4WT1 > Accumulable registered as "h475"
G4WT2 > Accumulable registered as "h394"
G4WT3 > Accumulable registered as "h393"
G4WT2 > Accumulable registered as "h395"
G4WT10 > Accumulable registered as "h450"
G4WT3 > Accumulable registered as "h394"
G4WT6 > Accumulable registered as "h392"
G4WT10 > Accumulable registered as "h451"
G4WT5 > Accumulable registered as "h394"
G4WT9 > Accumulable registered as "h418"
G4WT11 > Accumulable registered as "h401"
G4WT4 > Accumulable registered as "h451"
G4WT1 > Accumulable registered as "h476"
G4WT4 > Accumulable registered as "h452"
G4WT8 > Accumulable registered as "h431"
G4WT4 > Accumulable registered as "h453"
G4WT3 > Accumulable registered as "h395"
G4WT7 > Accumulable registered as "h383"
G4WT6 > Accumulable registered as "h393"
G4WT7 > Accumulable registered as "h384"
G4WT6 > Accumulable registered as "h394"
G4WT5 > Accumulable registered as "h395"
G4WT6 > Accumulable registered as "h395"
G4WT11 > Accumulable registered as "h402"
G4WT1 > Accumulable registered as "h477"
G4WT2 > Accumulable registered as "h396"
G4WT0 > Accumulable registered as "h413"
G4WT1 > Accumulable registered as "h478"
G4WT8 > Accumulable registered as "h432"
G4WT0 > Accumulable registered as "h414"
G4WT7 > Accumulable registered as "h385"
G4WT8 > Accumulable registered as "h433"
G4WT9 > Accumulable registered as "h419"
G4WT7 > Accumulable registered as "h386"
G4WT8 > Accumulable registered as "h434"
G4WT6 > Accumulable registered as "h396"
G4WT4 > Accumulable registered as "h454"
G4WT2 > Accumulable registered as "h397"
G4WT3 > Accumulable registered as "h396"
G4WT1 > Accumulable registered as "h479"
G4WT2 > Accumulable registered as "h398"
G4WT3 > Accumulable registered as "h397"
G4WT11 > Accumulable registered as "h403"
G4WT7 > Accumulable registered as "h387"
G4WT11 > Accumulable registered as "h404"
G4WT9 > Accumulable registered as "h420"
G4WT11 > Accumulable registered as "h405"
G4WT6 > Accumulable registered as "h397"
G4WT10 > Accumulable registered as "h452"
G4WT6 > Accumulable registered as "h398"
G4WT0 > Accumulable registered as "h415"
G4WT5 > Accumulable registered as "h396"
G4WT0 > Accumulable registered as "h416"
G4WT2 > Accumulable registered as "h399"
G4WT0 > Accumulable registered as "h417"
G4WT7 > Accumulable registered as "h388"
G4WT0 > Accumulable registered as "h418"
G4WT2 > Accumulable registered as "h400"
G4WT9 > Accumulable registered as "h421"
G4WT1 > Accumulable registered as "h480"
G4WT10 > Accumulable registered as "h453"
G4WT1 > Accumulable registered as "h481"
G4WT6 > Accumulable registered as "h399"
G4WT3 > Accumulable registered as "h398"
G4WT8 > Accumulable registered as "h435"
G4WT11 > Accumulable registered as "h406"
G4WT7 > Accumulable registered as "h389"
G4WT0 > Accumulable registered as "h419"
G4WT4 > Accumulable registered as "h455"
G4WT0 > Accumulable registered as "h420"
G4WT9 > Accumulable registered as "h422"
G4WT10 > Accumulable registered as "h454"
G4WT5 > Accumulable registered as "h397"
G4WT1 > Accumulable registered as "h482"
G4WT6 > Accumulable registered as "h400"
G4WT3 > Accumulable registered as "h399"
G4WT8 > Accumulable registered as "h436"
G4WT6 > Accumulable registered as "h401"
G4WT7 > Accumulable registered as "h390"
G4WT4 > Accumulable registered as "h456"
G4WT7 > Accumulable registered as "h391"
G4WT4 > Accumulable registered as "h457"
G4WT4 > Accumulable registered as "h458"
G4WT4 > Accumulable registered as "h459"
G4WT10 > Accumulable registered as "h455"
G4WT4 > Accumulable registered as "h460"
G4WT1 > Accumulable registered as "h483"
G4WT10 > Accumulable registered as "h456"
G4WT8 > Accumulable registered as "h437"
G4WT6 > Accumulable registered as "h402"
G4WT0 > Accumulable registered as "h421"
G4WT7 > Accumulable registered as "h392"
G4WT2 > Accumulable registered as "h401"
G4WT9 > Accumulable registered as "h423"
G4WT5 > Accumulable registered as "h398"
G4WT9 > Accumulable registered as "h424"
G4WT5 > Accumulable registered as "h399"
G4WT3 > Accumulable registered as "h400"
G4WT10 > Accumulable registered as "h457"
G4WT1 > Accumulable registered as "h484"
G4WT10 > Accumulable registered as "h458"
G4WT8 > Accumulable registered as "h438"
G4WT0 > Accumulable registered as "h422"
G4WT8 > Accumulable registered as "h439"
G4WT7 > Accumulable registered as "h393"
G4WT2 > Accumulable registered as "h402"
G4WT4 > Accumulable registered as "h461"
G4WT5 > Accumulable registered as "h400"
G4WT11 > Accumulable registered as "h407"
G4WT5 > Accumulable registered as "h401"
G4WT6 > Accumulable registered as "h403"
G4WT1 > Accumulable registered as "h485"
G4WT9 > Accumulable registered as "h425"
G4WT8 > Accumulable registered as "h440"
G4WT9 > Accumulable registered as "h426"
G4WT0 > Accumulable registered as "h423"
G4WT9 > Accumulable registered as "h427"
G4WT2 > Accumulable registered as "h403"
G4WT3 > Accumulable registered as "h401"
G4WT4 > Accumulable registered as "h462"
G4WT2 > Accumulable registered as "h404"
G4WT3 > Accumulable registered as "h402"
G4WT11 > Accumulable registered as "h408"
G4WT2 > Accumulable registered as "h405"
G4WT3 > Accumulable registered as "h403"
G4WT8 > Accumulable registered as "h441"
G4WT11 > Accumulable registered as "h409"
G4WT9 > Accumulable registered as "h428"
G4WT8 > Accumulable registered as "h442"
G4WT10 > Accumulable registered as "h459"
G4WT9 > Accumulable registered as "h429"
G4WT4 > Accumulable registered as "h463"
G4WT6 > Accumulable registered as "h404"
G4WT2 > Accumulable registered as "h406"
G4WT6 > Accumulable registered as "h405"
G4WT3 > Accumulable registered as "h404"
G4WT6 > Accumulable registered as "h406"
G4WT11 > Accumulable registered as "h410"
G4WT5 > Accumulable registered as "h402"
G4WT11 > Accumulable registered as "h411"
G4WT5 > Accumulable registered as "h403"
G4WT10 > Accumulable registered as "h460"
G4WT5 > Accumulable registered as "h404"
G4WT9 > Accumulable registered as "h430"
G4WT10 > Accumulable registered as "h461"
G4WT4 > Accumulable registered as "h464"
G4WT3 > Accumulable registered as "h405"
G4WT6 > Accumulable registered as "h407"
G4WT3 > Accumulable registered as "h406"
G4WT0 > Accumulable registered as "h424"
G4WT8 > Accumulable registered as "h443"
G4WT0 > Accumulable registered as "h425"
G4WT8 > Accumulable registered as "h444"
G4WT5 > Accumulable registered as "h405"
G4WT8 > Accumulable registered as "h445"
G4WT10 > Accumulable registered as "h462"
G4WT5 > Accumulable registered as "h406"
G4WT9 > Accumulable registered as "h431"
G4WT4 > Accumulable registered as "h465"
G4WT6 > Accumulable registered as "h408"
G4WT3 > Accumulable registered as "h407"
G4WT4 > Accumulable registered as "h466"
G4WT4 > Accumulable registered as "h467"
G4WT4 > Accumulable registered as "h468"
G4WT2 > Accumulable registered as "h407"
G4WT4 > Accumulable registered as "h469"
G4WT10 > Accumulable registered as "h463"
G4WT4 > Accumulable registered as "h470"
G4WT2 > Accumulable registered as "h408"
G4WT10 > Accumulable registered as "h464"
G4WT11 > Accumulable registered as "h412"
G4WT3 > Accumulable registered as "h408"
G4WT11 > Accumulable registered as "h413"
G4WT3 > Accumulable registered as "h409"
G4WT11 > Accumulable registered as "h414"
G4WT8 > Accumulable registered as "h446"
G4WT11 > Accumulable registered as "h415"
G4WT9 > Accumulable registered as "h432"
G4WT11 > Accumulable registered as "h416"
G4WT8 > Accumulable registered as "h447"
G4WT2 > Accumulable registered as "h409"
G4WT8 > Accumulable registered as "h448"
G4WT7 > Accumulable registered as "h394"
G4WT6 > Accumulable registered as "h409"
G4WT2 > Accumulable registered as "h410"
G4WT7 > Accumulable registered as "h395"
G4WT4 > Accumulable registered as "h471"
G4WT6 > Accumulable registered as "h410"
G4WT9 > Accumulable registered as "h433"
G4WT11 > Accumulable registered as "h417"
G4WT6 > Accumulable registered as "h411"
G4WT10 > Accumulable registered as "h465"
G4WT0 > Accumulable registered as "h426"
G4WT11 > Accumulable registered as "h418"
G4WT3 > Accumulable registered as "h410"
G4WT11 > Accumulable registered as "h419"
G4WT5 > Accumulable registered as "h407"
G4WT7 > Accumulable registered as "h396"
G4WT5 > Accumulable registered as "h408"
G4WT7 > Accumulable registered as "h397"
G4WT5 > Accumulable registered as "h409"
G4WT7 > Accumulable registered as "h398"
G4WT7 > Accumulable registered as "h399"
G4WT0 > Accumulable registered as "h427"
G4WT2 > Accumulable registered as "h411"
G4WT0 > Accumulable registered as "h428"
G4WT3 > Accumulable registered as "h411"
G4WT11 > Accumulable registered as "h420"
G4WT2 > Accumulable registered as "h412"
G4WT3 > Accumulable registered as "h412"
G4WT9 > Accumulable registered as "h434"
G4WT11 > Accumulable registered as "h421"
G4WT3 > Accumulable registered as "h413"
G4WT10 > Accumulable registered as "h466"
G4WT11 > Accumulable registered as "h422"
G4WT3 > Accumulable registered as "h414"
G4WT0 > Accumulable registered as "h429"
G4WT8 > Accumulable registered as "h449"
G4WT6 > Accumulable registered as "h412"
G4WT8 > Accumulable registered as "h450"
G4WT1 > Accumulable registered as "h486"
G4WT7 > Accumulable registered as "h400"
G4WT1 > Accumulable registered as "h487"
G4WT11 > Accumulable registered as "h423"
G4WT10 > Accumulable registered as "h467"
G4WT11 > Accumulable registered as "h424"
G4WT4 > Accumulable registered as "h472"
G4WT11 > Accumulable registered as "h425"
G4WT0 > Accumulable registered as "h430"
G4WT4 > Accumulable registered as "h473"
G4WT5 > Accumulable registered as "h410"
G4WT8 > Accumulable registered as "h451"
G4WT0 > Accumulable registered as "h431"
G4WT7 > Accumulable registered as "h401"
G4WT8 > Accumulable registered as "h452"
G4WT10 > Accumulable registered as "h468"
G4WT3 > Accumulable registered as "h415"
G4WT9 > Accumulable registered as "h435"
G4WT3 > Accumulable registered as "h416"
G4WT4 > Accumulable registered as "h474"
G4WT9 > Accumulable registered as "h436"
G4WT5 > Accumulable registered as "h411"
G4WT0 > Accumulable registered as "h432"
G4WT5 > Accumulable registered as "h412"
G4WT7 > Accumulable registered as "h402"
G4WT8 > Accumulable registered as "h453"
G4WT11 > Accumulable registered as "h426"
G4WT8 > Accumulable registered as "h454"
G4WT2 > Accumulable registered as "h413"
G4WT11 > Accumulable registered as "h427"
G4WT4 > Accumulable registered as "h475"
G4WT9 > Accumulable registered as "h437"
G4WT1 > Accumulable registered as "h488"
G4WT5 > Accumulable registered as "h413"
G4WT1 > Accumulable registered as "h489"
G4WT0 > Accumulable registered as "h433"
G4WT7 > Accumulable registered as "h403"
G4WT5 > Accumulable registered as "h414"
G4WT0 > Accumulable registered as "h434"
G4WT5 > Accumulable registered as "h415"
G4WT6 > Accumulable registered as "h413"
G4WT11 > Accumulable registered as "h428"
G4WT5 > Accumulable registered as "h416"
G4WT4 > Accumulable registered as "h476"
G4WT9 > Accumulable registered as "h438"
G4WT4 > Accumulable registered as "h477"
G4WT8 > Accumulable registered as "h455"
G4WT7 > Accumulable registered as "h404"
G4WT8 > Accumulable registered as "h456"
G4WT7 > Accumulable registered as "h405"
G4WT2 > Accumulable registered as "h414"
G4WT6 > Accumulable registered as "h414"
G4WT2 > Accumulable registered as "h415"
G4WT5 > Accumulable registered as "h417"
G4WT2 > Accumulable registered as "h416"
G4WT6 > Accumulable registered as "h415"
G4WT10 > Accumulable registered as "h469"
G4WT9 > Accumulable registered as "h439"
G4WT10 > Accumulable registered as "h470"
G4WT3 > Accumulable registered as "h417"
G4WT10 > Accumulable registered as "h471"
G4WT8 > Accumulable registered as "h457"
G4WT0 > Accumulable registered as "h435"
G4WT8 > Accumulable registered as "h458"
G4WT11 > Accumulable registered as "h429"
G4WT8 > Accumulable registered as "h459"
G4WT0 > Accumulable registered as "h436"
G4WT2 > Accumulable registered as "h417"
G4WT9 > Accumulable registered as "h440"
G4WT2 > Accumulable registered as "h418"
G4WT9 > Accumulable registered as "h441"
G4WT10 > Accumulable registered as "h472"
G4WT9 > Accumulable registered as "h442"
G4WT10 > Accumulable registered as "h473"
G4WT2 > Accumulable registered as "h419"
G4WT5 > Accumulable registered as "h418"
G4WT10 > Accumulable registered as "h474"
G4WT6 > Accumulable registered as "h416"
G4WT8 > Accumulable registered as "h460"
G4WT5 > Accumulable registered as "h419"
G4WT7 > Accumulable registered as "h406"
G4WT3 > Accumulable registered as "h418"
G4WT4 > Accumulable registered as "h478"
G4WT8 > Accumulable registered as "h461"
G4WT1 > Accumulable registered as "h490"
G4WT2 > Accumulable registered as "h420"
G4WT8 > Accumulable registered as "h462"
G4WT10 > Accumulable registered as "h475"
G4WT8 > Accumulable registered as "h463"
G4WT10 > Accumulable registered as "h476"
G4WT10 > Accumulable registered as "h477"
G4WT9 > Accumulable registered as "h443"
G4WT7 > Accumulable registered as "h407"
G4WT9 > Accumulable registered as "h444"
G4WT4 > Accumulable registered as "h479"
G4WT1 > Accumulable registered as "h491"
G4WT4 > Accumulable registered as "h480"
G4WT0 > Accumulable registered as "h437"
G4WT6 > Accumulable registered as "h417"
G4WT5 > Accumulable registered as "h420"
G4WT0 > Accumulable registered as "h438"
G4WT2 > Accumulable registered as "h421"
G4WT0 > Accumulable registered as "h439"
G4WT10 > Accumulable registered as "h478"
G4WT2 > Accumulable registered as "h422"
G4WT9 > Accumulable registered as "h445"
G4WT2 > Accumulable registered as "h423"
G4WT4 > Accumulable registered as "h481"
G4WT2 > Accumulable registered as "h424"
G4WT4 > Accumulable registered as "h482"
G4WT11 > Accumulable registered as "h430"
G4WT4 > Accumulable registered as "h483"
G4WT5 > Accumulable registered as "h421"
G4WT3 > Accumulable registered as "h419"
G4WT0 > Accumulable registered as "h440"
G4WT5 > Accumulable registered as "h422"
G4WT3 > Accumulable registered as "h420"
G4WT1 > Accumulable registered as "h492"
G4WT8 > Accumulable registered as "h464"
G4WT2 > Accumulable registered as "h425"
G4WT1 > Accumulable registered as "h493"
G4WT6 > Accumulable registered as "h418"
G4WT1 > Accumulable registered as "h494"
G4WT11 > Accumulable registered as "h431"
G4WT10 > Accumulable registered as "h479"
G4WT9 > Accumulable registered as "h446"
G4WT7 > Accumulable registered as "h408"
G4WT9 > Accumulable registered as "h447"
G4WT7 > Accumulable registered as "h409"
G4WT9 > Accumulable registered as "h448"
G4WT8 > Accumulable registered as "h465"
G4WT4 > Accumulable registered as "h484"
G4WT2 > Accumulable registered as "h426"
G4WT8 > Accumulable registered as "h466"
G4WT4 > Accumulable registered as "h485"
G4WT8 > Accumulable registered as "h467"
G4WT10 > Accumulable registered as "h480"
G4WT4 > Accumulable registered as "h486"
G4WT8 > Accumulable registered as "h468"
G4WT9 > Accumulable registered as "h449"
G4WT8 > Accumulable registered as "h469"
G4WT8 > Accumulable registered as "h470"
G4WT1 > Accumulable registered as "h495"
G4WT5 > Accumulable registered as "h423"
G4WT2 > Accumulable registered as "h427"
G4WT5 > Accumulable registered as "h424"
G4WT5 > Accumulable registered as "h425"
G4WT0 > Accumulable registered as "h441"
G4WT5 > Accumulable registered as "h426"
G4WT10 > Accumulable registered as "h481"
G4WT0 > Accumulable registered as "h442"
G4WT5 > Accumulable registered as "h427"
G4WT0 > Accumulable registered as "h443"
G4WT8 > Accumulable registered as "h471"
G4WT5 > Accumulable registered as "h428"
G4WT1 > Accumulable registered as "h496"
G4WT2 > Accumulable registered as "h428"
G4WT1 > Accumulable registered as "h497"
G4WT3 > Accumulable registered as "h421"
G4WT2 > Accumulable registered as "h429"
G4WT10 > Accumulable registered as "h482"
G4WT7 > Accumulable registered as "h410"
G4WT6 > Accumulable registered as "h419"
G4WT0 > Accumulable registered as "h444"
G4WT5 > Accumulable registered as "h429"
G4WT6 > Accumulable registered as "h420"
G4WT11 > Accumulable registered as "h432"
G4WT6 > Accumulable registered as "h421"
G4WT4 > Accumulable registered as "h487"
G4WT6 > Accumulable registered as "h422"
G4WT9 > Accumulable registered as "h450"
G4WT6 > Accumulable registered as "h423"
G4WT4 > Accumulable registered as "h488"
G4WT10 > Accumulable registered as "h483"
G4WT7 > Accumulable registered as "h411"
G4WT0 > Accumulable registered as "h445"
G4WT5 > Accumulable registered as "h430"
G4WT7 > Accumulable registered as "h412"
G4WT11 > Accumulable registered as "h433"
G4WT1 > Accumulable registered as "h498"
G4WT5 > Accumulable registered as "h431"
G4WT9 > Accumulable registered as "h451"
G4WT5 > Accumulable registered as "h432"
G4WT6 > Accumulable registered as "h424"
G4WT4 > Accumulable registered as "h489"
G4WT6 > Accumulable registered as "h425"
G4WT8 > Accumulable registered as "h472"
G4WT7 > Accumulable registered as "h413"
G4WT8 > Accumulable registered as "h473"
G4WT11 > Accumulable registered as "h434"
G4WT8 > Accumulable registered as "h474"
G4WT11 > Accumulable registered as "h435"
G4WT1 > Accumulable registered as "h499"
G4WT11 > Accumulable registered as "h436"
G4WT11 > Accumulable registered as "h437"
G4WT1 > Accumulable registered as "h500"
G4WT11 > Accumulable registered as "h438"
G4WT0 > Accumulable registered as "h446"
G4WT7 > Accumulable registered as "h414"
G4WT2 > Accumulable registered as "h430"
G4WT3 > Accumulable registered as "h422"
G4WT2 > Accumulable registered as "h431"
G4WT3 > Accumulable registered as "h423"
G4WT2 > Accumulable registered as "h432"
G4WT5 > Accumulable registered as "h433"
G4WT6 > Accumulable registered as "h426"
G4WT5 > Accumulable registered as "h434"
G4WT4 > Accumulable registered as "h490"
G4WT6 > Accumulable registered as "h427"
G4WT1 > Accumulable registered as "h501"
G4WT7 > Accumulable registered as "h415"
G4WT1 > Accumulable registered as "h502"
G4WT7 > Accumulable registered as "h416"
G4WT1 > Accumulable registered as "h503"
G4WT7 > Accumulable registered as "h417"
G4WT1 > Accumulable registered as "h504"
G4WT2 > Accumulable registered as "h433"
G4WT5 > Accumulable registered as "h435"
G4WT6 > Accumulable registered as "h428"
G4WT5 > Accumulable registered as "h436"
G4WT0 > Accumulable registered as "h447"
G4WT5 > Accumulable registered as "h437"
G4WT0 > Accumulable registered as "h448"
G4WT0 > Accumulable registered as "h449"
G4WT3 > Accumulable registered as "h424"
G4WT7 > Accumulable registered as "h418"
G4WT3 > Accumulable registered as "h425"
G4WT11 > Accumulable registered as "h439"
G4WT2 > Accumulable registered as "h434"
G4WT11 > Accumulable registered as "h440"
G4WT6 > Accumulable registered as "h429"
G4WT5 > Accumulable registered as "h438"
G4WT6 > Accumulable registered as "h430"
G4WT5 > Accumulable registered as "h439"
G4WT9 > Accumulable registered as "h452"
G4WT6 > Accumulable registered as "h431"
G4WT0 > Accumulable registered as "h450"
G4WT7 > Accumulable registered as "h419"
G4WT9 > Accumulable registered as "h453"
G4WT3 > Accumulable registered as "h426"
G4WT7 > Accumulable registered as "h420"
G4WT2 > Accumulable registered as "h435"
G4WT4 > Accumulable registered as "h491"
G4WT8 > Accumulable registered as "h475"
G4WT5 > Accumulable registered as "h440"
G4WT4 > Accumulable registered as "h492"
G4WT10 > Accumulable registered as "h484"
G4WT4 > Accumulable registered as "h493"
G4WT1 > Accumulable registered as "h505"
G4WT4 > Accumulable registered as "h494"
G4WT9 > Accumulable registered as "h454"
G4WT7 > Accumulable registered as "h421"
G4WT3 > Accumulable registered as "h427"
G4WT6 > Accumulable registered as "h432"
G4WT3 > Accumulable registered as "h428"
G4WT7 > Accumulable registered as "h422"
G4WT8 > Accumulable registered as "h476"
G4WT7 > Accumulable registered as "h423"
G4WT10 > Accumulable registered as "h485"
G4WT7 > Accumulable registered as "h424"
G4WT4 > Accumulable registered as "h495"
G4WT9 > Accumulable registered as "h455"
G4WT2 > Accumulable registered as "h436"
G4WT9 > Accumulable registered as "h456"
G4WT5 > Accumulable registered as "h441"
G4WT9 > Accumulable registered as "h457"
G4WT0 > Accumulable registered as "h451"
G4WT6 > Accumulable registered as "h433"
G4WT11 > Accumulable registered as "h441"
G4WT10 > Accumulable registered as "h486"
G4WT6 > Accumulable registered as "h434"
G4WT10 > Accumulable registered as "h487"
G4WT1 > Accumulable registered as "h506"
G4WT6 > Accumulable registered as "h435"
G4WT2 > Accumulable registered as "h437"
G4WT3 > Accumulable registered as "h429"
G4WT5 > Accumulable registered as "h442"
G4WT3 > Accumulable registered as "h430"
G4WT0 > Accumulable registered as "h452"
G4WT5 > Accumulable registered as "h443"
G4WT11 > Accumulable registered as "h442"
G4WT0 > Accumulable registered as "h453"
G4WT4 > Accumulable registered as "h496"
G4WT0 > Accumulable registered as "h454"
G4WT10 > Accumulable registered as "h488"
G4WT11 > Accumulable registered as "h443"
G4WT1 > Accumulable registered as "h507"
G4WT8 > Accumulable registered as "h477"
G4WT3 > Accumulable registered as "h431"
G4WT7 > Accumulable registered as "h425"
G4WT5 > Accumulable registered as "h444"
G4WT4 > Accumulable registered as "h497"
G4WT0 > Accumulable registered as "h455"
G4WT4 > Accumulable registered as "h498"
G4WT0 > Accumulable registered as "h456"
G4WT9 > Accumulable registered as "h458"
G4WT0 > Accumulable registered as "h457"
G4WT11 > Accumulable registered as "h444"
G4WT9 > Accumulable registered as "h459"
G4WT1 > Accumulable registered as "h508"
G4WT3 > Accumulable registered as "h432"
G4WT1 > Accumulable registered as "h509"
G4WT7 > Accumulable registered as "h426"
G4WT6 > Accumulable registered as "h436"
G4WT4 > Accumulable registered as "h499"
G4WT6 > Accumulable registered as "h437"
G4WT10 > Accumulable registered as "h489"
G4WT0 > Accumulable registered as "h458"
G4WT8 > Accumulable registered as "h478"
G4WT0 > Accumulable registered as "h459"
G4WT9 > Accumulable registered as "h460"
G4WT0 > Accumulable registered as "h460"
G4WT9 > Accumulable registered as "h461"
G4WT0 > Accumulable registered as "h461"
G4WT7 > Accumulable registered as "h427"
G4WT2 > Accumulable registered as "h438"
G4WT6 > Accumulable registered as "h438"
G4WT4 > Accumulable registered as "h500"
G4WT6 > Accumulable registered as "h439"
G4WT11 > Accumulable registered as "h445"
G4WT4 > Accumulable registered as "h501"
G4WT5 > Accumulable registered as "h445"
G4WT9 > Accumulable registered as "h462"
G4WT1 > Accumulable registered as "h510"
G4WT9 > Accumulable registered as "h463"
G4WT1 > Accumulable registered as "h511"
G4WT9 > Accumulable registered as "h464"
G4WT3 > Accumulable registered as "h433"
G4WT9 > Accumulable registered as "h465"
G4WT6 > Accumulable registered as "h440"
G4WT8 > Accumulable registered as "h479"
G4WT6 > Accumulable registered as "h441"
G4WT11 > Accumulable registered as "h446"
G4WT4 > Accumulable registered as "h502"
G4WT5 > Accumulable registered as "h446"
G4WT11 > Accumulable registered as "h447"
G4WT7 > Accumulable registered as "h428"
G4WT1 > Accumulable registered as "h512"
G4WT2 > Accumulable registered as "h439"
G4WT10 > Accumulable registered as "h490"
G4WT3 > Accumulable registered as "h434"
G4WT1 > Accumulable registered as "h513"
G4WT9 > Accumulable registered as "h466"
G4WT6 > Accumulable registered as "h442"
G4WT0 > Accumulable registered as "h462"
G4WT9 > Accumulable registered as "h467"
G4WT11 > Accumulable registered as "h448"
G4WT9 > Accumulable registered as "h468"
G4WT7 > Accumulable registered as "h429"
G4WT11 > Accumulable registered as "h449"
G4WT10 > Accumulable registered as "h491"
G4WT3 > Accumulable registered as "h435"
G4WT10 > Accumulable registered as "h492"
G4WT1 > Accumulable registered as "h514"
G4WT3 > Accumulable registered as "h436"
G4WT6 > Accumulable registered as "h443"
G4WT3 > Accumulable registered as "h437"
G4WT3 > Accumulable registered as "h438"
G4WT9 > Accumulable registered as "h469"
G4WT7 > Accumulable registered as "h430"
G4WT9 > Accumulable registered as "h470"
G4WT2 > Accumulable registered as "h440"
G4WT11 > Accumulable registered as "h450"
G4WT10 > Accumulable registered as "h493"
G4WT2 > Accumulable registered as "h441"
G4WT11 > Accumulable registered as "h451"
G4WT10 > Accumulable registered as "h494"
G4WT2 > Accumulable registered as "h442"
G4WT11 > Accumulable registered as "h452"
G4WT6 > Accumulable registered as "h444"
G4WT7 > Accumulable registered as "h431"
G4WT6 > Accumulable registered as "h445"
G4WT7 > Accumulable registered as "h432"
G4WT1 > Accumulable registered as "h515"
G4WT7 > Accumulable registered as "h433"
G4WT0 > Accumulable registered as "h463"
G4WT10 > Accumulable registered as "h495"
G4WT0 > Accumulable registered as "h464"
G4WT10 > Accumulable registered as "h496"
G4WT8 > Accumulable registered as "h480"
G4WT0 > Accumulable registered as "h465"
G4WT11 > Accumulable registered as "h453"
G4WT4 > Accumulable registered as "h503"
G4WT11 > Accumulable registered as "h454"
G4WT11 > Accumulable registered as "h455"
G4WT11 > Accumulable registered as "h456"
G4WT5 > Accumulable registered as "h447"
G4WT11 > Accumulable registered as "h457"
G4WT2 > Accumulable registered as "h443"
G4WT3 > Accumulable registered as "h439"
G4WT2 > Accumulable registered as "h444"
G4WT9 > Accumulable registered as "h471"
G4WT0 > Accumulable registered as "h466"
G4WT6 > Accumulable registered as "h446"
G4WT9 > Accumulable registered as "h472"
G4WT4 > Accumulable registered as "h504"
G4WT1 > Accumulable registered as "h516"
G4WT6 > Accumulable registered as "h447"
G4WT10 > Accumulable registered as "h497"
G4WT4 > Accumulable registered as "h505"
G4WT6 > Accumulable registered as "h448"
G4WT8 > Accumulable registered as "h481"
G4WT3 > Accumulable registered as "h440"
G4WT8 > Accumulable registered as "h482"
G4WT9 > Accumulable registered as "h473"
G4WT8 > Accumulable registered as "h483"
G4WT7 > Accumulable registered as "h434"
G4WT1 > Accumulable registered as "h517"
G4WT11 > Accumulable registered as "h458"
G4WT4 > Accumulable registered as "h506"
G4WT11 > Accumulable registered as "h459"
G4WT10 > Accumulable registered as "h498"
G4WT4 > Accumulable registered as "h507"
G4WT6 > Accumulable registered as "h449"
G4WT0 > Accumulable registered as "h467"
G4WT3 > Accumulable registered as "h441"
G4WT6 > Accumulable registered as "h450"
G4WT0 > Accumulable registered as "h468"
G4WT9 > Accumulable registered as "h474"
G4WT3 > Accumulable registered as "h442"
G4WT1 > Accumulable registered as "h518"
G4WT3 > Accumulable registered as "h443"
G4WT4 > Accumulable registered as "h508"
G4WT3 > Accumulable registered as "h444"
G4WT8 > Accumulable registered as "h484"
G4WT5 > Accumulable registered as "h448"
G4WT6 > Accumulable registered as "h451"
G4WT5 > Accumulable registered as "h449"
G4WT6 > Accumulable registered as "h452"
G4WT2 > Accumulable registered as "h445"
G4WT9 > Accumulable registered as "h475"
G4WT11 > Accumulable registered as "h460"
G4WT1 > Accumulable registered as "h519"
G4WT10 > Accumulable registered as "h499"
G4WT4 > Accumulable registered as "h509"
G4WT3 > Accumulable registered as "h445"
G4WT8 > Accumulable registered as "h485"
G4WT3 > Accumulable registered as "h446"
G4WT5 > Accumulable registered as "h450"
G4WT3 > Accumulable registered as "h447"
G4WT7 > Accumulable registered as "h435"
G4WT5 > Accumulable registered as "h451"
G4WT2 > Accumulable registered as "h446"
G4WT9 > Accumulable registered as "h476"
G4WT2 > Accumulable registered as "h447"
G4WT1 > Accumulable registered as "h520"
G4WT2 > Accumulable registered as "h448"
G4WT10 > Accumulable registered as "h500"
G4WT0 > Accumulable registered as "h469"
G4WT10 > Accumulable registered as "h501"
G4WT3 > Accumulable registered as "h448"
G4WT7 > Accumulable registered as "h436"
G4WT3 > Accumulable registered as "h449"
G4WT5 > Accumulable registered as "h452"
G4WT9 > Accumulable registered as "h477"
G4WT5 > Accumulable registered as "h453"
G4WT9 > Accumulable registered as "h478"
G4WT1 > Accumulable registered as "h521"
G4WT2 > Accumulable registered as "h449"
G4WT0 > Accumulable registered as "h470"
G4WT10 > Accumulable registered as "h502"
G4WT6 > Accumulable registered as "h453"
G4WT10 > Accumulable registered as "h503"
G4WT7 > Accumulable registered as "h437"
G4WT10 > Accumulable registered as "h504"
G4WT3 > Accumulable registered as "h450"
G4WT10 > Accumulable registered as "h505"
G4WT5 > Accumulable registered as "h454"
G4WT9 > Accumulable registered as "h479"
G4WT1 > Accumulable registered as "h522"
G4WT5 > Accumulable registered as "h455"
G4WT2 > Accumulable registered as "h450"
G4WT1 > Accumulable registered as "h523"
G4WT5 > Accumulable registered as "h456"
G4WT1 > Accumulable registered as "h524"
G4WT10 > Accumulable registered as "h506"
G4WT3 > Accumulable registered as "h451"
G4WT7 > Accumulable registered as "h438"
G4WT7 > Accumulable registered as "h439"
G4WT3 > Accumulable registered as "h452"
G4WT7 > Accumulable registered as "h440"
G4WT0 > Accumulable registered as "h471"
G4WT6 > Accumulable registered as "h454"
G4WT11 > Accumulable registered as "h461"
G4WT3 > Accumulable registered as "h453"
G4WT5 > Accumulable registered as "h457"
G4WT11 > Accumulable registered as "h462"
G4WT3 > Accumulable registered as "h454"
G4WT10 > Accumulable registered as "h507"
G4WT5 > Accumulable registered as "h458"
G4WT7 > Accumulable registered as "h441"
G4WT2 > Accumulable registered as "h451"
G4WT7 > Accumulable registered as "h442"
G4WT0 > Accumulable registered as "h472"
G4WT2 > Accumulable registered as "h452"
G4WT6 > Accumulable registered as "h455"
G4WT2 > Accumulable registered as "h453"
G4WT9 > Accumulable registered as "h480"
G4WT6 > Accumulable registered as "h456"
G4WT3 > Accumulable registered as "h455"
G4WT9 > Accumulable registered as "h481"
G4WT10 > Accumulable registered as "h508"
G4WT6 > Accumulable registered as "h457"
G4WT9 > Accumulable registered as "h482"
G4WT0 > Accumulable registered as "h473"
G4WT6 > Accumulable registered as "h458"
G4WT2 > Accumulable registered as "h454"
G4WT11 > Accumulable registered as "h463"
G4WT2 > Accumulable registered as "h455"
G4WT5 > Accumulable registered as "h459"
G4WT3 > Accumulable registered as "h456"
G4WT8 > Accumulable registered as "h486"
G4WT3 > Accumulable registered as "h457"
G4WT10 > Accumulable registered as "h509"
G4WT1 > Accumulable registered as "h525"
G4WT10 > Accumulable registered as "h510"
G4WT0 > Accumulable registered as "h474"
G4WT6 > Accumulable registered as "h459"
G4WT11 > Accumulable registered as "h464"
G4WT6 > Accumulable registered as "h460"
G4WT11 > Accumulable registered as "h465"
G4WT4 > Accumulable registered as "h510"
G4WT8 > Accumulable registered as "h487"
G4WT4 > Accumulable registered as "h511"
G4WT9 > Accumulable registered as "h483"
G4WT10 > Accumulable registered as "h511"
G4WT1 > Accumulable registered as "h526"
G4WT0 > Accumulable registered as "h475"
G4WT1 > Accumulable registered as "h527"
G4WT2 > Accumulable registered as "h456"
G4WT6 > Accumulable registered as "h461"
G4WT2 > Accumulable registered as "h457"
G4WT7 > Accumulable registered as "h443"
G4WT8 > Accumulable registered as "h488"
G4WT7 > Accumulable registered as "h444"
G4WT3 > Accumulable registered as "h458"
G4WT8 > Accumulable registered as "h489"
G4WT9 > Accumulable registered as "h484"
G4WT0 > Accumulable registered as "h476"
G4WT9 > Accumulable registered as "h485"
G4WT5 > Accumulable registered as "h460"
G4WT11 > Accumulable registered as "h466"
G4WT5 > Accumulable registered as "h461"
G4WT11 > Accumulable registered as "h467"
G4WT5 > Accumulable registered as "h462"
G4WT4 > Accumulable registered as "h512"
G4WT11 > Accumulable registered as "h468"
G4WT3 > Accumulable registered as "h459"
G4WT11 > Accumulable registered as "h469"
G4WT10 > Accumulable registered as "h512"
G4WT0 > Accumulable registered as "h477"
G4WT1 > Accumulable registered as "h528"
G4WT10 > Accumulable registered as "h513"
G4WT9 > Accumulable registered as "h486"
G4WT7 > Accumulable registered as "h445"
G4WT8 > Accumulable registered as "h490"
G4WT7 > Accumulable registered as "h446"
G4WT5 > Accumulable registered as "h463"
G4WT4 > Accumulable registered as "h513"
G4WT5 > Accumulable registered as "h464"
G4WT5 > Accumulable registered as "h465"
G4WT4 > Accumulable registered as "h514"
G4WT5 > Accumulable registered as "h466"
G4WT4 > Accumulable registered as "h515"
G4WT5 > Accumulable registered as "h467"
G4WT0 > Accumulable registered as "h478"
G4WT9 > Accumulable registered as "h487"
G4WT8 > Accumulable registered as "h491"
G4WT9 > Accumulable registered as "h488"
G4WT3 > Accumulable registered as "h460"
G4WT8 > Accumulable registered as "h492"
G4WT6 > Accumulable registered as "h462"
G4WT1 > Accumulable registered as "h529"
G4WT6 > Accumulable registered as "h463"
G4WT4 > Accumulable registered as "h516"
G4WT5 > Accumulable registered as "h468"
G4WT0 > Accumulable registered as "h479"
G4WT5 > Accumulable registered as "h469"
G4WT9 > Accumulable registered as "h489"
G4WT5 > Accumulable registered as "h470"
G4WT11 > Accumulable registered as "h470"
G4WT10 > Accumulable registered as "h514"
G4WT11 > Accumulable registered as "h471"
G4WT8 > Accumulable registered as "h493"
G4WT2 > Accumulable registered as "h458"
G4WT6 > Accumulable registered as "h464"
G4WT11 > Accumulable registered as "h472"
G4WT6 > Accumulable registered as "h465"
G4WT11 > Accumulable registered as "h473"
G4WT6 > Accumulable registered as "h466"
G4WT11 > Accumulable registered as "h474"
G4WT9 > Accumulable registered as "h490"
G4WT5 > Accumulable registered as "h471"
G4WT9 > Accumulable registered as "h491"
G4WT1 > Accumulable registered as "h530"
G4WT4 > Accumulable registered as "h517"
G4WT2 > Accumulable registered as "h459"
G4WT4 > Accumulable registered as "h518"
G4WT0 > Accumulable registered as "h480"
G4WT2 > Accumulable registered as "h460"
G4WT3 > Accumulable registered as "h461"
G4WT11 > Accumulable registered as "h475"
G4WT3 > Accumulable registered as "h462"
G4WT9 > Accumulable registered as "h492"
G4WT10 > Accumulable registered as "h515"
G4WT8 > Accumulable registered as "h494"
G4WT10 > Accumulable registered as "h516"
G4WT10 > Accumulable registered as "h517"
G4WT8 > Accumulable registered as "h495"
G4WT10 > Accumulable registered as "h518"
G4WT7 > Accumulable registered as "h447"
G4WT10 > Accumulable registered as "h519"
G4WT2 > Accumulable registered as "h461"
G4WT3 > Accumulable registered as "h463"
G4WT2 > Accumulable registered as "h462"
G4WT9 > Accumulable registered as "h493"
G4WT2 > Accumulable registered as "h463"
G4WT4 > Accumulable registered as "h519"
G4WT2 > Accumulable registered as "h464"
G4WT8 > Accumulable registered as "h496"
G4WT4 > Accumulable registered as "h520"
G4WT6 > Accumulable registered as "h467"
G4WT4 > Accumulable registered as "h521"
G4WT11 > Accumulable registered as "h476"
G4WT7 > Accumulable registered as "h448"
G4WT5 > Accumulable registered as "h472"
G4WT11 > Accumulable registered as "h477"
G4WT3 > Accumulable registered as "h464"
G4WT9 > Accumulable registered as "h494"
G4WT3 > Accumulable registered as "h465"
G4WT0 > Accumulable registered as "h481"
G4WT10 > Accumulable registered as "h520"
G4WT8 > Accumulable registered as "h497"
G4WT4 > Accumulable registered as "h522"
G4WT7 > Accumulable registered as "h449"
G4WT2 > Accumulable registered as "h465"
G4WT7 > Accumulable registered as "h450"
G4WT11 > Accumulable registered as "h478"
G4WT7 > Accumulable registered as "h451"
G4WT5 > Accumulable registered as "h473"
G4WT3 > Accumulable registered as "h466"
G4WT9 > Accumulable registered as "h495"
G4WT9 > Accumulable registered as "h496"
G4WT9 > Accumulable registered as "h497"
G4WT8 > Accumulable registered as "h498"
G4WT4 > Accumulable registered as "h523"
G4WT8 > Accumulable registered as "h499"
G4WT6 > Accumulable registered as "h468"
G4WT4 > Accumulable registered as "h524"
G4WT7 > Accumulable registered as "h452"
G4WT0 > Accumulable registered as "h482"
G4WT7 > Accumulable registered as "h453"
G4WT7 > Accumulable registered as "h454"
G4WT7 > Accumulable registered as "h455"
G4WT1 > Accumulable registered as "h531"
G4WT7 > Accumulable registered as "h456"
G4WT2 > Accumulable registered as "h466"
G4WT8 > Accumulable registered as "h500"
G4WT11 > Accumulable registered as "h479"
G4WT4 > Accumulable registered as "h525"
G4WT11 > Accumulable registered as "h480"
G4WT6 > Accumulable registered as "h469"
G4WT11 > Accumulable registered as "h481"
G4WT3 > Accumulable registered as "h467"
G4WT11 > Accumulable registered as "h482"
G4WT10 > Accumulable registered as "h521"
G4WT3 > Accumulable registered as "h468"
G4WT11 > Accumulable registered as "h483"
G4WT2 > Accumulable registered as "h467"
G4WT8 > Accumulable registered as "h501"
G4WT2 > Accumulable registered as "h468"
G4WT8 > Accumulable registered as "h502"
G4WT2 > Accumulable registered as "h469"
G4WT0 > Accumulable registered as "h483"
G4WT2 > Accumulable registered as "h470"
G4WT9 > Accumulable registered as "h498"
G4WT2 > Accumulable registered as "h471"
G4WT10 > Accumulable registered as "h522"
G4WT9 > Accumulable registered as "h499"
G4WT3 > Accumulable registered as "h469"
G4WT11 > Accumulable registered as "h484"
G4WT4 > Accumulable registered as "h526"
G4WT5 > Accumulable registered as "h474"
G4WT3 > Accumulable registered as "h470"
G4WT0 > Accumulable registered as "h484"
G4WT1 > Accumulable registered as "h532"
G4WT7 > Accumulable registered as "h457"
G4WT2 > Accumulable registered as "h472"
G4WT10 > Accumulable registered as "h523"
G4WT2 > Accumulable registered as "h473"
G4WT9 > Accumulable registered as "h500"
G4WT8 > Accumulable registered as "h503"
G4WT9 > Accumulable registered as "h501"
G4WT8 > Accumulable registered as "h504"
G4WT4 > Accumulable registered as "h527"
G4WT3 > Accumulable registered as "h471"
G4WT4 > Accumulable registered as "h528"
G4WT0 > Accumulable registered as "h485"
G4WT3 > Accumulable registered as "h472"
G4WT7 > Accumulable registered as "h458"
G4WT0 > Accumulable registered as "h486"
G4WT3 > Accumulable registered as "h473"
G4WT10 > Accumulable registered as "h524"
G4WT2 > Accumulable registered as "h474"
G4WT10 > Accumulable registered as "h525"
G4WT9 > Accumulable registered as "h502"
G4WT8 > Accumulable registered as "h505"
G4WT2 > Accumulable registered as "h475"
G4WT8 > Accumulable registered as "h506"
G4WT7 > Accumulable registered as "h459"
G4WT6 > Accumulable registered as "h470"
G4WT5 > Accumulable registered as "h475"
G4WT3 > Accumulable registered as "h474"
G4WT5 > Accumulable registered as "h476"
G4WT0 > Accumulable registered as "h487"
G4WT4 > Accumulable registered as "h529"
G4WT0 > Accumulable registered as "h488"
G4WT9 > Accumulable registered as "h503"
G4WT2 > Accumulable registered as "h476"
G4WT9 > Accumulable registered as "h504"
G4WT11 > Accumulable registered as "h485"
G4WT7 > Accumulable registered as "h460"
G4WT6 > Accumulable registered as "h471"
G4WT10 > Accumulable registered as "h526"
G4WT6 > Accumulable registered as "h472"
G4WT5 > Accumulable registered as "h477"
G4WT10 > Accumulable registered as "h527"
G4WT0 > Accumulable registered as "h489"
G4WT10 > Accumulable registered as "h528"
G4WT9 > Accumulable registered as "h505"
G4WT8 > Accumulable registered as "h507"
G4WT9 > Accumulable registered as "h506"
G4WT8 > Accumulable registered as "h508"
G4WT11 > Accumulable registered as "h486"
G4WT8 > Accumulable registered as "h509"
G4WT7 > Accumulable registered as "h461"
G4WT3 > Accumulable registered as "h475"
G4WT7 > Accumulable registered as "h462"
G4WT3 > Accumulable registered as "h476"
G4WT7 > Accumulable registered as "h463"
G4WT3 > Accumulable registered as "h477"
G4WT2 > Accumulable registered as "h477"
G4WT9 > Accumulable registered as "h507"
G4WT2 > Accumulable registered as "h478"
G4WT9 > Accumulable registered as "h508"
G4WT4 > Accumulable registered as "h530"
G4WT9 > Accumulable registered as "h509"
G4WT8 > Accumulable registered as "h510"
G4WT5 > Accumulable registered as "h478"
G4WT10 > Accumulable registered as "h529"
G4WT7 > Accumulable registered as "h464"
G4WT10 > Accumulable registered as "h530"
G4WT7 > Accumulable registered as "h465"
G4WT10 > Accumulable registered as "h531"
G4WT7 > Accumulable registered as "h466"
G4WT2 > Accumulable registered as "h479"
G4WT7 > Accumulable registered as "h467"
G4WT9 > Accumulable registered as "h510"
G4WT8 > Accumulable registered as "h511"
G4WT9 > Accumulable registered as "h511"
G4WT8 > Accumulable registered as "h512"
G4WT3 > Accumulable registered as "h478"
G4WT3 > Accumulable registered as "h479"
G4WT3 > Accumulable registered as "h480"
G4WT6 > Accumulable registered as "h473"
G4WT10 > Accumulable registered as "h532"
G4WT7 > Accumulable registered as "h468"
G4WT6 > Accumulable registered as "h474"
G4WT2 > Accumulable registered as "h480"
G4WT1 > Accumulable registered as "h533"
G4WT4 > Accumulable registered as "h531"
G4WT2 > Accumulable registered as "h481"
G4WT0 > Accumulable registered as "h490"
G4WT4 > Accumulable registered as "h532"
G4WT2 > Accumulable registered as "h482"
G4WT0 > Accumulable registered as "h491"
G4WT4 > Accumulable registered as "h533"
G4WT7 > Accumulable registered as "h469"
G4WT5 > Accumulable registered as "h479"
G4WT9 > Accumulable registered as "h512"
G4WT5 > Accumulable registered as "h480"
G4WT1 > Accumulable registered as "h534"
G4WT9 > Accumulable registered as "h513"
G4WT3 > Accumulable registered as "h481"
G4WT1 > Accumulable registered as "h535"
G4WT3 > Accumulable registered as "h482"
G4WT1 > Accumulable registered as "h536"
G4WT2 > Accumulable registered as "h483"
G4WT1 > Accumulable registered as "h537"
G4WT4 > Accumulable registered as "h534"
G4WT5 > Accumulable registered as "h481"
G4WT4 > Accumulable registered as "h535"
G4WT5 > Accumulable registered as "h482"
G4WT9 > Accumulable registered as "h514"
G4WT11 > Accumulable registered as "h487"
G4WT3 > Accumulable registered as "h483"
G4WT0 > Accumulable registered as "h492"
G4WT3 > Accumulable registered as "h484"
G4WT7 > Accumulable registered as "h470"
G4WT2 > Accumulable registered as "h484"
G4WT8 > Accumulable registered as "h513"
G4WT2 > Accumulable registered as "h485"
G4WT4 > Accumulable registered as "h536"
G4WT5 > Accumulable registered as "h483"
G4WT10 > Accumulable registered as "h533"
G4WT6 > Accumulable registered as "h475"
G4WT11 > Accumulable registered as "h488"
G4WT10 > Accumulable registered as "h534"
G4WT0 > Accumulable registered as "h493"
G4WT6 > Accumulable registered as "h476"
G4WT7 > Accumulable registered as "h471"
G4WT6 > Accumulable registered as "h477"
G4WT8 > Accumulable registered as "h514"
G4WT6 > Accumulable registered as "h478"
G4WT4 > Accumulable registered as "h537"
G4WT5 > Accumulable registered as "h484"
G4WT9 > Accumulable registered as "h515"
G4WT3 > Accumulable registered as "h485"
G4WT5 > Accumulable registered as "h485"
G4WT11 > Accumulable registered as "h489"
G4WT1 > Accumulable registered as "h538"
G4WT0 > Accumulable registered as "h494"
G4WT7 > Accumulable registered as "h472"
G4WT8 > Accumulable registered as "h515"
G4WT7 > Accumulable registered as "h473"
G4WT8 > Accumulable registered as "h516"
G4WT8 > Accumulable registered as "h517"
G4WT8 > Accumulable registered as "h518"
G4WT5 > Accumulable registered as "h486"
G4WT3 > Accumulable registered as "h486"
G4WT5 > Accumulable registered as "h487"
G4WT11 > Accumulable registered as "h490"
G4WT1 > Accumulable registered as "h539"
G4WT11 > Accumulable registered as "h491"
G4WT0 > Accumulable registered as "h495"
G4WT4 > Accumulable registered as "h538"
G4WT10 > Accumulable registered as "h535"
G4WT4 > Accumulable registered as "h539"
G4WT9 > Accumulable registered as "h516"
G4WT4 > Accumulable registered as "h540"
G4WT7 > Accumulable registered as "h474"
G4WT2 > Accumulable registered as "h486"
G4WT5 > Accumulable registered as "h488"
G4WT1 > Accumulable registered as "h540"
G4WT5 > Accumulable registered as "h489"
G4WT11 > Accumulable registered as "h492"
G4WT6 > Accumulable registered as "h479"
G4WT10 > Accumulable registered as "h536"
G4WT6 > Accumulable registered as "h480"
G4WT10 > Accumulable registered as "h537"
G4WT10 > Accumulable registered as "h538"
G4WT7 > Accumulable registered as "h475"
G4WT3 > Accumulable registered as "h487"
G4WT7 > Accumulable registered as "h476"
G4WT2 > Accumulable registered as "h487"
G4WT5 > Accumulable registered as "h490"
G4WT2 > Accumulable registered as "h488"
G4WT0 > Accumulable registered as "h496"
G4WT8 > Accumulable registered as "h519"
G4WT2 > Accumulable registered as "h489"
G4WT2 > Accumulable registered as "h490"
G4WT2 > Accumulable registered as "h491"
G4WT10 > Accumulable registered as "h539"
G4WT1 > Accumulable registered as "h541"
G4WT3 > Accumulable registered as "h488"
G4WT7 > Accumulable registered as "h477"
G4WT3 > Accumulable registered as "h489"
G4WT11 > Accumulable registered as "h493"
G4WT7 > Accumulable registered as "h478"
G4WT0 > Accumulable registered as "h497"
G4WT11 > Accumulable registered as "h494"
G4WT6 > Accumulable registered as "h481"
G4WT9 > Accumulable registered as "h517"
G4WT6 > Accumulable registered as "h482"
G4WT2 > Accumulable registered as "h492"
G4WT6 > Accumulable registered as "h483"
G4WT1 > Accumulable registered as "h542"
G4WT5 > Accumulable registered as "h491"
G4WT3 > Accumulable registered as "h490"
G4WT4 > Accumulable registered as "h541"
G4WT7 > Accumulable registered as "h479"
G4WT4 > Accumulable registered as "h542"
G4WT11 > Accumulable registered as "h495"
G4WT9 > Accumulable registered as "h518"
G4WT11 > Accumulable registered as "h496"
G4WT10 > Accumulable registered as "h540"
G4WT9 > Accumulable registered as "h519"
G4WT6 > Accumulable registered as "h484"
G4WT5 > Accumulable registered as "h492"
G4WT6 > Accumulable registered as "h485"
G4WT8 > Accumulable registered as "h520"
G4WT6 > Accumulable registered as "h486"
G4WT3 > Accumulable registered as "h491"
G4WT6 > Accumulable registered as "h487"
G4WT2 > Accumulable registered as "h493"
G4WT6 > Accumulable registered as "h488"
G4WT10 > Accumulable registered as "h541"
G4WT1 > Accumulable registered as "h543"
G4WT11 > Accumulable registered as "h497"
G4WT10 > Accumulable registered as "h542"
G4WT5 > Accumulable registered as "h493"
G4WT10 > Accumulable registered as "h543"
G4WT7 > Accumulable registered as "h480"
G4WT10 > Accumulable registered as "h544"
G4WT8 > Accumulable registered as "h521"
G4WT2 > Accumulable registered as "h494"
G4WT6 > Accumulable registered as "h489"
G4WT2 > Accumulable registered as "h495"
G4WT9 > Accumulable registered as "h520"
G4WT0 > Accumulable registered as "h498"
G4WT11 > Accumulable registered as "h498"
G4WT5 > Accumulable registered as "h494"
G4WT11 > Accumulable registered as "h499"
G4WT5 > Accumulable registered as "h495"
G4WT3 > Accumulable registered as "h492"
G4WT10 > Accumulable registered as "h545"
G4WT3 > Accumulable registered as "h493"
G4WT10 > Accumulable registered as "h546"
G4WT10 > Accumulable registered as "h547"
G4WT3 > Accumulable registered as "h494"
G4WT9 > Accumulable registered as "h521"
G4WT4 > Accumulable registered as "h543"
G4WT7 > Accumulable registered as "h481"
G4WT4 > Accumulable registered as "h544"
G4WT5 > Accumulable registered as "h496"
G4WT6 > Accumulable registered as "h490"
G4WT1 > Accumulable registered as "h544"
G4WT2 > Accumulable registered as "h496"
G4WT10 > Accumulable registered as "h548"
G4WT3 > Accumulable registered as "h495"
G4WT8 > Accumulable registered as "h522"
G4WT3 > Accumulable registered as "h496"
G4WT0 > Accumulable registered as "h499"
G4WT11 > Accumulable registered as "h500"
G4WT7 > Accumulable registered as "h482"
G4WT0 > Accumulable registered as "h500"
G4WT4 > Accumulable registered as "h545"
G4WT0 > Accumulable registered as "h501"
G4WT0 > Accumulable registered as "h502"
G4WT7 > Accumulable registered as "h483"
G4WT0 > Accumulable registered as "h503"
G4WT10 > Accumulable registered as "h549"
G4WT3 > Accumulable registered as "h497"
G4WT8 > Accumulable registered as "h523"
G4WT11 > Accumulable registered as "h501"
G4WT8 > Accumulable registered as "h524"
G4WT5 > Accumulable registered as "h497"
G4WT4 > Accumulable registered as "h546"
G4WT5 > Accumulable registered as "h498"
G4WT1 > Accumulable registered as "h545"
G4WT9 > Accumulable registered as "h522"
G4WT7 > Accumulable registered as "h484"
G4WT0 > Accumulable registered as "h504"
G4WT10 > Accumulable registered as "h550"
G4WT0 > Accumulable registered as "h505"
G4WT10 > Accumulable registered as "h551"
G4WT0 > Accumulable registered as "h506"
G4WT10 > Accumulable registered as "h552"
G4WT0 > Accumulable registered as "h507"
G4WT5 > Accumulable registered as "h499"
G4WT4 > Accumulable registered as "h547"
G4WT1 > Accumulable registered as "h546"
G4WT4 > Accumulable registered as "h548"
G4WT9 > Accumulable registered as "h523"
G4WT3 > Accumulable registered as "h498"
G4WT8 > Accumulable registered as "h525"
G4WT3 > Accumulable registered as "h499"
G4WT11 > Accumulable registered as "h502"
G4WT8 > Accumulable registered as "h526"
G4WT3 > Accumulable registered as "h500"
G4WT8 > Accumulable registered as "h527"
G4WT11 > Accumulable registered as "h503"
G4WT8 > Accumulable registered as "h528"
G4WT4 > Accumulable registered as "h549"
G4WT8 > Accumulable registered as "h529"
G4WT1 > Accumulable registered as "h547"
G4WT6 > Accumulable registered as "h491"
G4WT10 > Accumulable registered as "h553"
G4WT6 > Accumulable registered as "h492"
G4WT2 > Accumulable registered as "h497"
G4WT3 > Accumulable registered as "h501"
G4WT5 > Accumulable registered as "h500"
G4WT11 > Accumulable registered as "h504"
G4WT5 > Accumulable registered as "h501"
G4WT9 > Accumulable registered as "h524"
G4WT8 > Accumulable registered as "h530"
G4WT9 > Accumulable registered as "h525"
G4WT9 > Accumulable registered as "h526"
G4WT10 > Accumulable registered as "h554"
G4WT6 > Accumulable registered as "h493"
G4WT0 > Accumulable registered as "h508"
G4WT6 > Accumulable registered as "h494"
G4WT6 > Accumulable registered as "h495"
G4WT6 > Accumulable registered as "h496"
G4WT6 > Accumulable registered as "h497"
G4WT5 > Accumulable registered as "h502"
G4WT4 > Accumulable registered as "h550"
G4WT8 > Accumulable registered as "h531"
G4WT4 > Accumulable registered as "h551"
G4WT9 > Accumulable registered as "h527"
G4WT4 > Accumulable registered as "h552"
G4WT10 > Accumulable registered as "h555"
G4WT2 > Accumulable registered as "h498"
G4WT0 > Accumulable registered as "h509"
G4WT10 > Accumulable registered as "h556"
G4WT11 > Accumulable registered as "h505"
G4WT6 > Accumulable registered as "h498"
G4WT5 > Accumulable registered as "h503"
G4WT6 > Accumulable registered as "h499"
G4WT5 > Accumulable registered as "h504"
G4WT1 > Accumulable registered as "h548"
G4WT9 > Accumulable registered as "h528"
G4WT3 > Accumulable registered as "h502"
G4WT2 > Accumulable registered as "h499"
G4WT3 > Accumulable registered as "h503"
G4WT0 > Accumulable registered as "h510"
G4WT3 > Accumulable registered as "h504"
G4WT2 > Accumulable registered as "h500"
G4WT8 > Accumulable registered as "h532"
G4WT3 > Accumulable registered as "h505"
G4WT6 > Accumulable registered as "h500"
G4WT4 > Accumulable registered as "h553"
G4WT6 > Accumulable registered as "h501"
G4WT1 > Accumulable registered as "h549"
G4WT4 > Accumulable registered as "h554"
G4WT1 > Accumulable registered as "h550"
G4WT0 > Accumulable registered as "h511"
G4WT11 > Accumulable registered as "h506"
G4WT2 > Accumulable registered as "h501"
G4WT8 > Accumulable registered as "h533"
G4WT2 > Accumulable registered as "h502"
G4WT5 > Accumulable registered as "h505"
G4WT2 > Accumulable registered as "h503"
G4WT9 > Accumulable registered as "h529"
G4WT5 > Accumulable registered as "h506"
G4WT10 > Accumulable registered as "h557"
G4WT1 > Accumulable registered as "h551"
G4WT7 > Accumulable registered as "h485"
G4WT1 > Accumulable registered as "h552"
G4WT11 > Accumulable registered as "h507"
G4WT7 > Accumulable registered as "h486"
G4WT8 > Accumulable registered as "h534"
G4WT2 > Accumulable registered as "h504"
G4WT8 > Accumulable registered as "h535"
G4WT2 > Accumulable registered as "h505"
G4WT8 > Accumulable registered as "h536"
G4WT4 > Accumulable registered as "h555"
G4WT8 > Accumulable registered as "h537"
G4WT0 > Accumulable registered as "h512"
G4WT3 > Accumulable registered as "h506"
G4WT1 > Accumulable registered as "h553"
G4WT0 > Accumulable registered as "h513"
G4WT11 > Accumulable registered as "h508"
G4WT7 > Accumulable registered as "h487"
G4WT1 > Accumulable registered as "h554"
G4WT11 > Accumulable registered as "h509"
G4WT9 > Accumulable registered as "h530"
G4WT10 > Accumulable registered as "h558"
G4WT7 > Accumulable registered as "h488"
G4WT4 > Accumulable registered as "h556"
G4WT6 > Accumulable registered as "h502"
G4WT4 > Accumulable registered as "h557"
G4WT0 > Accumulable registered as "h514"
G4WT1 > Accumulable registered as "h555"
G4WT11 > Accumulable registered as "h510"
G4WT2 > Accumulable registered as "h506"
G4WT11 > Accumulable registered as "h511"
G4WT8 > Accumulable registered as "h538"
G4WT3 > Accumulable registered as "h507"
G4WT8 > Accumulable registered as "h539"
G4WT3 > Accumulable registered as "h508"
G4WT10 > Accumulable registered as "h559"
G4WT3 > Accumulable registered as "h509"
G4WT6 > Accumulable registered as "h503"
G4WT3 > Accumulable registered as "h510"
G4WT5 > Accumulable registered as "h507"
G4WT6 > Accumulable registered as "h504"
G4WT11 > Accumulable registered as "h512"
G4WT9 > Accumulable registered as "h531"
G4WT11 > Accumulable registered as "h513"
G4WT9 > Accumulable registered as "h532"
G4WT4 > Accumulable registered as "h558"
G4WT10 > Accumulable registered as "h560"
G4WT4 > Accumulable registered as "h559"
G4WT0 > Accumulable registered as "h515"
G4WT10 > Accumulable registered as "h561"
G4WT1 > Accumulable registered as "h556"
G4WT3 > Accumulable registered as "h511"
G4WT1 > Accumulable registered as "h557"
G4WT6 > Accumulable registered as "h505"
G4WT3 > Accumulable registered as "h512"
G4WT8 > Accumulable registered as "h540"
G4WT6 > Accumulable registered as "h506"
G4WT9 > Accumulable registered as "h533"
G4WT6 > Accumulable registered as "h507"
G4WT9 > Accumulable registered as "h534"
G4WT6 > Accumulable registered as "h508"
G4WT5 > Accumulable registered as "h508"
G4WT1 > Accumulable registered as "h558"
G4WT5 > Accumulable registered as "h509"
G4WT11 > Accumulable registered as "h514"
G4WT3 > Accumulable registered as "h513"
G4WT4 > Accumulable registered as "h560"
G4WT2 > Accumulable registered as "h507"
G4WT4 > Accumulable registered as "h561"
G4WT8 > Accumulable registered as "h541"
G4WT2 > Accumulable registered as "h508"
G4WT9 > Accumulable registered as "h535"
G4WT10 > Accumulable registered as "h562"
G4WT1 > Accumulable registered as "h559"
G4WT10 > Accumulable registered as "h563"
G4WT5 > Accumulable registered as "h510"
G4WT11 > Accumulable registered as "h515"
G4WT3 > Accumulable registered as "h514"
G4WT0 > Accumulable registered as "h516"
G4WT4 > Accumulable registered as "h562"
G4WT2 > Accumulable registered as "h509"
G4WT6 > Accumulable registered as "h509"
G4WT2 > Accumulable registered as "h510"
G4WT9 > Accumulable registered as "h536"
G4WT10 > Accumulable registered as "h564"
G4WT1 > Accumulable registered as "h560"
G4WT10 > Accumulable registered as "h565"
G4WT5 > Accumulable registered as "h511"
G4WT11 > Accumulable registered as "h516"
G4WT3 > Accumulable registered as "h515"
G4WT11 > Accumulable registered as "h517"
G4WT3 > Accumulable registered as "h516"
G4WT4 > Accumulable registered as "h563"
G4WT6 > Accumulable registered as "h510"
G4WT2 > Accumulable registered as "h511"
G4WT6 > Accumulable registered as "h511"
G4WT9 > Accumulable registered as "h537"
G4WT1 > Accumulable registered as "h561"
G4WT9 > Accumulable registered as "h538"
G4WT5 > Accumulable registered as "h512"
G4WT7 > Accumulable registered as "h489"
G4WT11 > Accumulable registered as "h518"
G4WT7 > Accumulable registered as "h490"
G4WT3 > Accumulable registered as "h517"
G4WT4 > Accumulable registered as "h564"
G4WT3 > Accumulable registered as "h518"
G4WT10 > Accumulable registered as "h566"
G4WT2 > Accumulable registered as "h512"
G4WT1 > Accumulable registered as "h562"
G4WT9 > Accumulable registered as "h539"
G4WT0 > Accumulable registered as "h517"
G4WT5 > Accumulable registered as "h513"
G4WT0 > Accumulable registered as "h518"
G4WT11 > Accumulable registered as "h519"
G4WT7 > Accumulable registered as "h491"
G4WT5 > Accumulable registered as "h514"
G4WT11 > Accumulable registered as "h520"
G4WT7 > Accumulable registered as "h492"
G4WT5 > Accumulable registered as "h515"
G4WT11 > Accumulable registered as "h521"
G4WT10 > Accumulable registered as "h567"
G4WT9 > Accumulable registered as "h540"
G4WT7 > Accumulable registered as "h493"
G4WT10 > Accumulable registered as "h568"
G4WT0 > Accumulable registered as "h519"
G4WT6 > Accumulable registered as "h512"
G4WT0 > Accumulable registered as "h520"
G4WT4 > Accumulable registered as "h565"
G4WT6 > Accumulable registered as "h513"
G4WT4 > Accumulable registered as "h566"
G4WT5 > Accumulable registered as "h516"
G4WT11 > Accumulable registered as "h522"
G4WT5 > Accumulable registered as "h517"
G4WT11 > Accumulable registered as "h523"
G4WT5 > Accumulable registered as "h518"
G4WT3 > Accumulable registered as "h519"
G4WT5 > Accumulable registered as "h519"
G4WT10 > Accumulable registered as "h569"
G4WT3 > Accumulable registered as "h520"
G4WT1 > Accumulable registered as "h563"
G4WT4 > Accumulable registered as "h567"
G4WT1 > Accumulable registered as "h564"
G4WT9 > Accumulable registered as "h541"
G4WT4 > Accumulable registered as "h568"
G4WT9 > Accumulable registered as "h542"
G4WT9 > Accumulable registered as "h543"
G4WT2 > Accumulable registered as "h513"
G4WT0 > Accumulable registered as "h521"
G4WT5 > Accumulable registered as "h520"
G4WT6 > Accumulable registered as "h514"
G4WT3 > Accumulable registered as "h521"
G4WT6 > Accumulable registered as "h515"
G4WT1 > Accumulable registered as "h565"
G4WT3 > Accumulable registered as "h522"
G4WT4 > Accumulable registered as "h569"
G4WT9 > Accumulable registered as "h544"
G4WT4 > Accumulable registered as "h570"
G4WT9 > Accumulable registered as "h545"
G4WT9 > Accumulable registered as "h546"
G4WT10 > Accumulable registered as "h570"
G4WT9 > Accumulable registered as "h547"
G4WT9 > Accumulable registered as "h548"
G4WT9 > Accumulable registered as "h549"
G4WT7 > Accumulable registered as "h494"
G4WT9 > Accumulable registered as "h550"
G4WT11 > Accumulable registered as "h524"
G4WT9 > Accumulable registered as "h551"
G4WT4 > Accumulable registered as "h571"
G4WT9 > Accumulable registered as "h552"
G4WT0 > Accumulable registered as "h522"
G4WT9 > Accumulable registered as "h553"
G4WT10 > Accumulable registered as "h571"
G4WT1 > Accumulable registered as "h566"
G4WT10 > Accumulable registered as "h572"
G4WT5 > Accumulable registered as "h521"
G4WT10 > Accumulable registered as "h573"
G4WT8 > Accumulable registered as "h542"
G4WT6 > Accumulable registered as "h516"
G4WT8 > Accumulable registered as "h543"
G4WT4 > Accumulable registered as "h572"
G4WT0 > Accumulable registered as "h523"
G4WT9 > Accumulable registered as "h554"
G4WT4 > Accumulable registered as "h573"
G4WT0 > Accumulable registered as "h524"
G4WT6 > Accumulable registered as "h517"
G4WT11 > Accumulable registered as "h525"
G4WT10 > Accumulable registered as "h574"
G4WT5 > Accumulable registered as "h522"
G4WT10 > Accumulable registered as "h575"
G4WT8 > Accumulable registered as "h544"
G4WT5 > Accumulable registered as "h523"
G4WT3 > Accumulable registered as "h523"
G4WT7 > Accumulable registered as "h495"
G4WT3 > Accumulable registered as "h524"
G4WT9 > Accumulable registered as "h555"
G4WT3 > Accumulable registered as "h525"
G4WT6 > Accumulable registered as "h518"
G4WT11 > Accumulable registered as "h526"
G4WT10 > Accumulable registered as "h576"
G4WT11 > Accumulable registered as "h527"
G4WT1 > Accumulable registered as "h567"
G4WT11 > Accumulable registered as "h528"
G4WT5 > Accumulable registered as "h524"
G4WT4 > Accumulable registered as "h574"
G4WT7 > Accumulable registered as "h496"
G4WT0 > Accumulable registered as "h525"
G4WT3 > Accumulable registered as "h526"
G4WT0 > Accumulable registered as "h526"
G4WT6 > Accumulable registered as "h519"
G4WT6 > Accumulable registered as "h520"
G4WT2 > Accumulable registered as "h514"
G4WT11 > Accumulable registered as "h529"
G4WT2 > Accumulable registered as "h515"
G4WT8 > Accumulable registered as "h545"
G4WT5 > Accumulable registered as "h525"
G4WT4 > Accumulable registered as "h575"
G4WT5 > Accumulable registered as "h526"
G4WT7 > Accumulable registered as "h497"
G4WT0 > Accumulable registered as "h527"
G4WT7 > Accumulable registered as "h498"
G4WT0 > Accumulable registered as "h528"
G4WT6 > Accumulable registered as "h521"
G4WT0 > Accumulable registered as "h529"
G4WT1 > Accumulable registered as "h568"
G4WT11 > Accumulable registered as "h530"
G4WT1 > Accumulable registered as "h569"
G4WT8 > Accumulable registered as "h546"
G4WT5 > Accumulable registered as "h527"
G4WT8 > Accumulable registered as "h547"
G4WT5 > Accumulable registered as "h528"
G4WT8 > Accumulable registered as "h548"
G4WT5 > Accumulable registered as "h529"
G4WT5 > Accumulable registered as "h530"
G4WT5 > Accumulable registered as "h531"
G4WT2 > Accumulable registered as "h516"
G4WT11 > Accumulable registered as "h531"
G4WT2 > Accumulable registered as "h517"
G4WT1 > Accumulable registered as "h570"
G4WT2 > Accumulable registered as "h518"
G4WT1 > Accumulable registered as "h571"
G4WT7 > Accumulable registered as "h499"
G4WT1 > Accumulable registered as "h572"
G4WT8 > Accumulable registered as "h549"
G4WT6 > Accumulable registered as "h522"
G4WT0 > Accumulable registered as "h530"
G4WT5 > Accumulable registered as "h532"
G4WT11 > Accumulable registered as "h532"
G4WT5 > Accumulable registered as "h533"
G4WT3 > Accumulable registered as "h527"
G4WT3 > Accumulable registered as "h528"
G4WT3 > Accumulable registered as "h529"
G4WT3 > Accumulable registered as "h530"
G4WT3 > Accumulable registered as "h531"
G4WT3 > Accumulable registered as "h532"
G4WT3 > Accumulable registered as "h533"
G4WT3 > Accumulable registered as "h534"
G4WT3 > Accumulable registered as "h535"
G4WT3 > Accumulable registered as "h536"
G4WT3 > Accumulable registered as "h537"
G4WT3 > Accumulable registered as "h538"
G4WT3 > Accumulable registered as "h539"
G4WT3 > Accumulable registered as "h540"
G4WT3 > Accumulable registered as "h541"
G4WT9 > Accumulable registered as "h556"
G4WT7 > Accumulable registered as "h500"
G4WT8 > Accumulable registered as "h550"
G4WT0 > Accumulable registered as "h531"
G4WT6 > Accumulable registered as "h523"
G4WT4 > Accumulable registered as "h576"
G4WT11 > Accumulable registered as "h533"
G4WT5 > Accumulable registered as "h534"
G4WT5 > Accumulable registered as "h535"
G4WT10 > Accumulable registered as "h577"
G4WT5 > Accumulable registered as "h536"
G4WT3 > Accumulable registered as "h542"
G4WT9 > Accumulable registered as "h557"
G4WT3 > Accumulable registered as "h543"
G4WT9 > Accumulable registered as "h558"
G4WT8 > Accumulable registered as "h551"
G4WT0 > Accumulable registered as "h532"
G4WT6 > Accumulable registered as "h524"
G4WT4 > Accumulable registered as "h577"
G4WT0 > Accumulable registered as "h533"
G4WT2 > Accumulable registered as "h519"
G4WT10 > Accumulable registered as "h578"
G4WT5 > Accumulable registered as "h537"
G4WT1 > Accumulable registered as "h573"
G4WT10 > Accumulable registered as "h579"
G4WT5 > Accumulable registered as "h538"
G4WT1 > Accumulable registered as "h574"
G4WT10 > Accumulable registered as "h580"
G4WT5 > Accumulable registered as "h539"
G4WT1 > Accumulable registered as "h575"
G4WT10 > Accumulable registered as "h581"
G4WT0 > Accumulable registered as "h534"
G4WT10 > Accumulable registered as "h582"
G4WT7 > Accumulable registered as "h501"
G4WT9 > Accumulable registered as "h559"
G4WT7 > Accumulable registered as "h502"
G4WT8 > Accumulable registered as "h552"
G4WT6 > Accumulable registered as "h525"
G4WT8 > Accumulable registered as "h553"
G4WT4 > Accumulable registered as "h578"
G4WT1 > Accumulable registered as "h576"
G4WT2 > Accumulable registered as "h520"
G4WT1 > Accumulable registered as "h577"
G4WT2 > Accumulable registered as "h521"
G4WT0 > Accumulable registered as "h535"
G4WT10 > Accumulable registered as "h583"
G4WT11 > Accumulable registered as "h534"
G4WT10 > Accumulable registered as "h584"
G4WT7 > Accumulable registered as "h503"
G4WT8 > Accumulable registered as "h554"
G4WT6 > Accumulable registered as "h526"
G4WT8 > Accumulable registered as "h555"
G4WT4 > Accumulable registered as "h579"
G4WT3 > Accumulable registered as "h544"
G4WT1 > Accumulable registered as "h578"
G4WT6 > Accumulable registered as "h527"
G4WT3 > Accumulable registered as "h545"
G4WT1 > Accumulable registered as "h579"
G4WT3 > Accumulable registered as "h546"
G4WT3 > Accumulable registered as "h547"
G4WT3 > Accumulable registered as "h548"
G4WT3 > Accumulable registered as "h549"
G4WT4 > Accumulable registered as "h580"
G4WT2 > Accumulable registered as "h522"
G4WT4 > Accumulable registered as "h581"
G4WT9 > Accumulable registered as "h560"
G4WT6 > Accumulable registered as "h528"
G4WT11 > Accumulable registered as "h535"
G4WT6 > Accumulable registered as "h529"
G4WT10 > Accumulable registered as "h585"
G4WT10 > Accumulable registered as "h586"
G4WT10 > Accumulable registered as "h587"
G4WT10 > Accumulable registered as "h588"
G4WT8 > Accumulable registered as "h556"
G4WT0 > Accumulable registered as "h536"
G4WT8 > Accumulable registered as "h557"
G4WT4 > Accumulable registered as "h582"
G4WT9 > Accumulable registered as "h561"
G4WT4 > Accumulable registered as "h583"
G4WT1 > Accumulable registered as "h580"
G4WT5 > Accumulable registered as "h540"
G4WT6 > Accumulable registered as "h530"
G4WT7 > Accumulable registered as "h504"
G4WT6 > Accumulable registered as "h531"
G4WT3 > Accumulable registered as "h550"
G4WT8 > Accumulable registered as "h558"
G4WT3 > Accumulable registered as "h551"
G4WT0 > Accumulable registered as "h537"
G4WT3 > Accumulable registered as "h552"
G4WT0 > Accumulable registered as "h538"
G4WT0 > Accumulable registered as "h539"
G4WT0 > Accumulable registered as "h540"
G4WT1 > Accumulable registered as "h581"
G4WT7 > Accumulable registered as "h505"
G4WT6 > Accumulable registered as "h532"
G4WT7 > Accumulable registered as "h506"
G4WT6 > Accumulable registered as "h533"
G4WT6 > Accumulable registered as "h534"
G4WT6 > Accumulable registered as "h535"
G4WT6 > Accumulable registered as "h536"
G4WT6 > Accumulable registered as "h537"
G4WT4 > Accumulable registered as "h584"
G4WT5 > Accumulable registered as "h541"
G4WT4 > Accumulable registered as "h585"
G4WT0 > Accumulable registered as "h541"
G4WT1 > Accumulable registered as "h582"
G4WT0 > Accumulable registered as "h542"
G4WT0 > Accumulable registered as "h543"
G4WT1 > Accumulable registered as "h583"
G4WT0 > Accumulable registered as "h544"
G4WT8 > Accumulable registered as "h559"
G4WT9 > Accumulable registered as "h562"
G4WT8 > Accumulable registered as "h560"
G4WT6 > Accumulable registered as "h538"
G4WT4 > Accumulable registered as "h586"
G4WT6 > Accumulable registered as "h539"
G4WT10 > Accumulable registered as "h589"
G4WT6 > Accumulable registered as "h540"
G4WT4 > Accumulable registered as "h587"
G4WT7 > Accumulable registered as "h507"
G4WT0 > Accumulable registered as "h545"
G4WT7 > Accumulable registered as "h508"
G4WT9 > Accumulable registered as "h563"
G4WT0 > Accumulable registered as "h546"
G4WT5 > Accumulable registered as "h542"
G4WT0 > Accumulable registered as "h547"
G4WT1 > Accumulable registered as "h584"
G4WT5 > Accumulable registered as "h543"
G4WT3 > Accumulable registered as "h553"
G4WT5 > Accumulable registered as "h544"
G4WT6 > Accumulable registered as "h541"
G4WT7 > Accumulable registered as "h509"
G4WT7 > Accumulable registered as "h510"
G4WT7 > Accumulable registered as "h511"
G4WT9 > Accumulable registered as "h564"
G4WT0 > Accumulable registered as "h548"
G4WT9 > Accumulable registered as "h565"
G4WT9 > Accumulable registered as "h566"
G4WT0 > Accumulable registered as "h549"
G4WT9 > Accumulable registered as "h567"
G4WT1 > Accumulable registered as "h585"
G4WT3 > Accumulable registered as "h554"
G4WT1 > Accumulable registered as "h586"
G4WT3 > Accumulable registered as "h555"
G4WT8 > Accumulable registered as "h561"
G4WT11 > Accumulable registered as "h536"
G4WT8 > Accumulable registered as "h562"
G4WT11 > Accumulable registered as "h537"
G4WT10 > Accumulable registered as "h590"
G4WT0 > Accumulable registered as "h550"
G4WT5 > Accumulable registered as "h545"
G4WT10 > Accumulable registered as "h591"
G4WT0 > Accumulable registered as "h551"
G4WT5 > Accumulable registered as "h546"
G4WT3 > Accumulable registered as "h556"
G4WT7 > Accumulable registered as "h512"
G4WT10 > Accumulable registered as "h592"
G4WT8 > Accumulable registered as "h563"
G4WT11 > Accumulable registered as "h538"
G4WT8 > Accumulable registered as "h564"
G4WT2 > Accumulable registered as "h523"
G4WT4 > Accumulable registered as "h588"
G4WT6 > Accumulable registered as "h542"
G4WT0 > Accumulable registered as "h552"
G4WT5 > Accumulable registered as "h547"
G4WT1 > Accumulable registered as "h587"
G4WT0 > Accumulable registered as "h553"
G4WT7 > Accumulable registered as "h513"
G4WT0 > Accumulable registered as "h554"
G4WT9 > Accumulable registered as "h568"
G4WT11 > Accumulable registered as "h539"
G4WT9 > Accumulable registered as "h569"
G4WT4 > Accumulable registered as "h589"
G4WT6 > Accumulable registered as "h543"
G4WT4 > Accumulable registered as "h590"
G4WT3 > Accumulable registered as "h557"
G4WT10 > Accumulable registered as "h593"
G4WT0 > Accumulable registered as "h555"
G4WT0 > Accumulable registered as "h556"
G4WT0 > Accumulable registered as "h557"
G4WT0 > Accumulable registered as "h558"
G4WT0 > Accumulable registered as "h559"
G4WT0 > Accumulable registered as "h560"
G4WT2 > Accumulable registered as "h524"
G4WT4 > Accumulable registered as "h591"
G4WT5 > Accumulable registered as "h548"
G4WT6 > Accumulable registered as "h544"
G4WT5 > Accumulable registered as "h549"
G4WT6 > Accumulable registered as "h545"
G4WT5 > Accumulable registered as "h550"
G4WT8 > Accumulable registered as "h565"
G4WT7 > Accumulable registered as "h514"
G4WT8 > Accumulable registered as "h566"
G4WT11 > Accumulable registered as "h540"
G4WT9 > Accumulable registered as "h570"
G4WT4 > Accumulable registered as "h592"
G4WT2 > Accumulable registered as "h525"
G4WT4 > Accumulable registered as "h593"
G4WT10 > Accumulable registered as "h594"
G4WT6 > Accumulable registered as "h546"
G4WT10 > Accumulable registered as "h595"
G4WT6 > Accumulable registered as "h547"
G4WT10 > Accumulable registered as "h596"
G4WT7 > Accumulable registered as "h515"
G4WT10 > Accumulable registered as "h597"
G4WT0 > Accumulable registered as "h561"
G4WT11 > Accumulable registered as "h541"
G4WT9 > Accumulable registered as "h571"
G4WT11 > Accumulable registered as "h542"
G4WT4 > Accumulable registered as "h594"
G4WT9 > Accumulable registered as "h572"
G4WT5 > Accumulable registered as "h551"
G4WT6 > Accumulable registered as "h548"
G4WT5 > Accumulable registered as "h552"
G4WT8 > Accumulable registered as "h567"
G4WT5 > Accumulable registered as "h553"
G4WT7 > Accumulable registered as "h516"
G4WT3 > Accumulable registered as "h558"
G4WT7 > Accumulable registered as "h517"
G4WT2 > Accumulable registered as "h526"
G4WT1 > Accumulable registered as "h588"
G4WT2 > Accumulable registered as "h527"
G4WT4 > Accumulable registered as "h595"
G4WT9 > Accumulable registered as "h573"
G4WT4 > Accumulable registered as "h596"
G4WT9 > Accumulable registered as "h574"
G4WT0 > Accumulable registered as "h562"
G4WT9 > Accumulable registered as "h575"
G4WT8 > Accumulable registered as "h568"
G4WT0 > Accumulable registered as "h563"
G4WT0 > Accumulable registered as "h564"
G4WT8 > Accumulable registered as "h569"
G4WT0 > Accumulable registered as "h565"
G4WT0 > Accumulable registered as "h566"
G4WT10 > Accumulable registered as "h598"
G4WT6 > Accumulable registered as "h549"
G4WT4 > Accumulable registered as "h597"
G4WT6 > Accumulable registered as "h550"
G4WT4 > Accumulable registered as "h598"
G4WT6 > Accumulable registered as "h551"
G4WT11 > Accumulable registered as "h543"
G4WT6 > Accumulable registered as "h552"
G4WT2 > Accumulable registered as "h528"
G4WT6 > Accumulable registered as "h553"
G4WT1 > Accumulable registered as "h589"
G4WT2 > Accumulable registered as "h529"
G4WT10 > Accumulable registered as "h599"
G4WT1 > Accumulable registered as "h590"
G4WT9 > Accumulable registered as "h576"
G4WT1 > Accumulable registered as "h591"
G4WT7 > Accumulable registered as "h518"
G4WT1 > Accumulable registered as "h592"
G4WT8 > Accumulable registered as "h570"
G4WT0 > Accumulable registered as "h567"
G4WT8 > Accumulable registered as "h571"
G4WT6 > Accumulable registered as "h554"
G4WT0 > Accumulable registered as "h568"
G4WT2 > Accumulable registered as "h530"
G4WT0 > Accumulable registered as "h569"
G4WT4 > Accumulable registered as "h599"
G4WT6 > Accumulable registered as "h555"
G4WT9 > Accumulable registered as "h577"
G4WT11 > Accumulable registered as "h544"
G4WT4 > Accumulable registered as "h600"
G4WT9 > Accumulable registered as "h578"
G4WT8 > Accumulable registered as "h572"
G4WT9 > Accumulable registered as "h579"
G4WT10 > Accumulable registered as "h600"
G4WT5 > Accumulable registered as "h554"
G4WT2 > Accumulable registered as "h531"
G4WT5 > Accumulable registered as "h555"
G4WT3 > Accumulable registered as "h559"
G4WT5 > Accumulable registered as "h556"
G4WT1 > Accumulable registered as "h593"
G4WT4 > Accumulable registered as "h601"
G4WT1 > Accumulable registered as "h594"
G4WT0 > Accumulable registered as "h570"
G4WT1 > Accumulable registered as "h595"
G4WT10 > Accumulable registered as "h601"
G4WT6 > Accumulable registered as "h556"
G4WT10 > Accumulable registered as "h602"
G4WT7 > Accumulable registered as "h519"
G4WT6 > Accumulable registered as "h557"
G4WT2 > Accumulable registered as "h532"
G4WT7 > Accumulable registered as "h520"
G4WT5 > Accumulable registered as "h557"
G4WT7 > Accumulable registered as "h521"
G4WT2 > Accumulable registered as "h533"
G4WT7 > Accumulable registered as "h522"
G4WT5 > Accumulable registered as "h558"
G4WT7 > Accumulable registered as "h523"
G4WT5 > Accumulable registered as "h559"
G4WT7 > Accumulable registered as "h524"
G4WT2 > Accumulable registered as "h534"
G4WT5 > Accumulable registered as "h560"
G4WT6 > Accumulable registered as "h558"
G4WT2 > Accumulable registered as "h535"
G4WT8 > Accumulable registered as "h573"
G4WT0 > Accumulable registered as "h571"
G4WT10 > Accumulable registered as "h603"
G4WT10 > Accumulable registered as "h604"
G4WT11 > Accumulable registered as "h545"
G4WT10 > Accumulable registered as "h605"
G4WT3 > Accumulable registered as "h560"
G4WT7 > Accumulable registered as "h525"
G4WT5 > Accumulable registered as "h561"
G4WT9 > Accumulable registered as "h580"
G4WT6 > Accumulable registered as "h559"
G4WT2 > Accumulable registered as "h536"
G4WT9 > Accumulable registered as "h581"
G4WT1 > Accumulable registered as "h596"
G4WT0 > Accumulable registered as "h572"
G4WT2 > Accumulable registered as "h537"
G4WT6 > Accumulable registered as "h560"
G4WT3 > Accumulable registered as "h561"
G4WT6 > Accumulable registered as "h561"
G4WT7 > Accumulable registered as "h526"
G4WT3 > Accumulable registered as "h562"
G4WT6 > Accumulable registered as "h562"
G4WT8 > Accumulable registered as "h574"
G4WT7 > Accumulable registered as "h527"
G4WT6 > Accumulable registered as "h563"
G4WT10 > Accumulable registered as "h606"
G4WT4 > Accumulable registered as "h602"
G4WT11 > Accumulable registered as "h546"
G4WT10 > Accumulable registered as "h607"
G4WT5 > Accumulable registered as "h562"
G4WT9 > Accumulable registered as "h582"
G4WT1 > Accumulable registered as "h597"
G4WT2 > Accumulable registered as "h538"
G4WT1 > Accumulable registered as "h598"
G4WT7 > Accumulable registered as "h528"
G4WT1 > Accumulable registered as "h599"
G4WT6 > Accumulable registered as "h564"
G4WT1 > Accumulable registered as "h600"
G4WT4 > Accumulable registered as "h603"
G4WT1 > Accumulable registered as "h601"
G4WT10 > Accumulable registered as "h608"
G4WT1 > Accumulable registered as "h602"
G4WT4 > Accumulable registered as "h604"
G4WT5 > Accumulable registered as "h563"
G4WT4 > Accumulable registered as "h605"
G4WT5 > Accumulable registered as "h564"
G4WT4 > Accumulable registered as "h606"
G4WT5 > Accumulable registered as "h565"
G4WT5 > Accumulable registered as "h566"
G4WT3 > Accumulable registered as "h563"
G4WT10 > Accumulable registered as "h609"
G4WT2 > Accumulable registered as "h539"
G4WT1 > Accumulable registered as "h603"
G4WT2 > Accumulable registered as "h540"
G4WT2 > Accumulable registered as "h541"
G4WT7 > Accumulable registered as "h529"
G4WT6 > Accumulable registered as "h565"
G4WT4 > Accumulable registered as "h607"
G4WT6 > Accumulable registered as "h566"
G4WT4 > Accumulable registered as "h608"
G4WT0 > Accumulable registered as "h573"
G4WT4 > Accumulable registered as "h609"
G4WT3 > Accumulable registered as "h564"
G4WT1 > Accumulable registered as "h604"
G4WT3 > Accumulable registered as "h565"
G4WT1 > Accumulable registered as "h605"
G4WT9 > Accumulable registered as "h583"
G4WT2 > Accumulable registered as "h542"
G4WT7 > Accumulable registered as "h530"
G4WT9 > Accumulable registered as "h584"
G4WT5 > Accumulable registered as "h567"
G4WT4 > Accumulable registered as "h610"
G4WT5 > Accumulable registered as "h568"
G4WT4 > Accumulable registered as "h611"
G4WT0 > Accumulable registered as "h574"
G4WT3 > Accumulable registered as "h566"
G4WT1 > Accumulable registered as "h606"
G4WT6 > Accumulable registered as "h567"
G4WT1 > Accumulable registered as "h607"
G4WT11 > Accumulable registered as "h547"
G4WT1 > Accumulable registered as "h608"
G4WT11 > Accumulable registered as "h548"
G4WT1 > Accumulable registered as "h609"
G4WT11 > Accumulable registered as "h549"
G4WT1 > Accumulable registered as "h610"
G4WT4 > Accumulable registered as "h612"
G4WT4 > Accumulable registered as "h613"
G4WT11 > Accumulable registered as "h550"
G4WT4 > Accumulable registered as "h614"
G4WT3 > Accumulable registered as "h567"
G4WT2 > Accumulable registered as "h543"
G4WT9 > Accumulable registered as "h585"
G4WT2 > Accumulable registered as "h544"
G4WT5 > Accumulable registered as "h569"
G4WT1 > Accumulable registered as "h611"
G4WT5 > Accumulable registered as "h570"
G4WT5 > Accumulable registered as "h571"
G4WT5 > Accumulable registered as "h572"
G4WT5 > Accumulable registered as "h573"
G4WT5 > Accumulable registered as "h574"
G4WT5 > Accumulable registered as "h575"
G4WT5 > Accumulable registered as "h576"
G4WT5 > Accumulable registered as "h577"
G4WT5 > Accumulable registered as "h578"
G4WT9 > Accumulable registered as "h586"
G4WT10 > Accumulable registered as "h610"
G4WT0 > Accumulable registered as "h575"
G4WT10 > Accumulable registered as "h611"
G4WT6 > Accumulable registered as "h568"
G4WT7 > Accumulable registered as "h531"
G4WT11 > Accumulable registered as "h551"
G4WT3 > Accumulable registered as "h568"
G4WT11 > Accumulable registered as "h552"
G4WT3 > Accumulable registered as "h569"
G4WT5 > Accumulable registered as "h579"
G4WT9 > Accumulable registered as "h587"
G4WT9 > Accumulable registered as "h588"
G4WT9 > Accumulable registered as "h589"
G4WT9 > Accumulable registered as "h590"
G4WT9 > Accumulable registered as "h591"
G4WT7 > Accumulable registered as "h532"
G4WT6 > Accumulable registered as "h569"
G4WT7 > Accumulable registered as "h533"
G4WT2 > Accumulable registered as "h545"
G4WT7 > Accumulable registered as "h534"
G4WT1 > Accumulable registered as "h612"
G4WT3 > Accumulable registered as "h570"
G4WT5 > Accumulable registered as "h580"
G4WT0 > Accumulable registered as "h576"
G4WT5 > Accumulable registered as "h581"
G4WT4 > Accumulable registered as "h615"
G4WT0 > Accumulable registered as "h577"
G4WT9 > Accumulable registered as "h592"
G4WT4 > Accumulable registered as "h616"
G4WT11 > Accumulable registered as "h553"
G4WT2 > Accumulable registered as "h546"
G4WT11 > Accumulable registered as "h554"
G4WT2 > Accumulable registered as "h547"
G4WT3 > Accumulable registered as "h571"
G4WT5 > Accumulable registered as "h582"
G4WT3 > Accumulable registered as "h572"
G4WT5 > Accumulable registered as "h583"
G4WT3 > Accumulable registered as "h573"
G4WT5 > Accumulable registered as "h584"
G4WT7 > Accumulable registered as "h535"
G4WT4 > Accumulable registered as "h617"
G4WT11 > Accumulable registered as "h555"
G4WT1 > Accumulable registered as "h613"
G4WT2 > Accumulable registered as "h548"
G4WT1 > Accumulable registered as "h614"
G4WT10 > Accumulable registered as "h612"
G4WT2 > Accumulable registered as "h549"
G4WT3 > Accumulable registered as "h574"
G4WT2 > Accumulable registered as "h550"
G4WT6 > Accumulable registered as "h570"
G4WT7 > Accumulable registered as "h536"
G4WT6 > Accumulable registered as "h571"
G4WT11 > Accumulable registered as "h556"
G4WT1 > Accumulable registered as "h615"
G4WT11 > Accumulable registered as "h557"
G4WT1 > Accumulable registered as "h616"
G4WT11 > Accumulable registered as "h558"
G4WT0 > Accumulable registered as "h578"
G4WT11 > Accumulable registered as "h559"
G4WT5 > Accumulable registered as "h585"
G4WT2 > Accumulable registered as "h551"
G4WT4 > Accumulable registered as "h618"
G4WT2 > Accumulable registered as "h552"
G4WT4 > Accumulable registered as "h619"
G4WT6 > Accumulable registered as "h572"
G4WT4 > Accumulable registered as "h620"
G4WT9 > Accumulable registered as "h593"
G4WT11 > Accumulable registered as "h560"
G4WT9 > Accumulable registered as "h594"
G4WT3 > Accumulable registered as "h575"
G4WT9 > Accumulable registered as "h595"
G4WT5 > Accumulable registered as "h586"
G4WT2 > Accumulable registered as "h553"
G4WT5 > Accumulable registered as "h587"
G4WT1 > Accumulable registered as "h617"
G4WT4 > Accumulable registered as "h621"
G4WT1 > Accumulable registered as "h618"
G4WT10 > Accumulable registered as "h613"
G4WT6 > Accumulable registered as "h573"
G4WT11 > Accumulable registered as "h561"
G4WT0 > Accumulable registered as "h579"
G4WT6 > Accumulable registered as "h574"
G4WT11 > Accumulable registered as "h562"
G4WT4 > Accumulable registered as "h622"
G4WT2 > Accumulable registered as "h554"
G4WT6 > Accumulable registered as "h575"
G4WT1 > Accumulable registered as "h619"
G4WT2 > Accumulable registered as "h555"
G4WT6 > Accumulable registered as "h576"
G4WT3 > Accumulable registered as "h576"
G4WT2 > Accumulable registered as "h556"
G4WT6 > Accumulable registered as "h577"
G4WT11 > Accumulable registered as "h563"
G4WT4 > Accumulable registered as "h623"
G4WT0 > Accumulable registered as "h580"
G4WT4 > Accumulable registered as "h624"
G4WT10 > Accumulable registered as "h614"
G4WT4 > Accumulable registered as "h625"
G4WT1 > Accumulable registered as "h620"
G4WT4 > Accumulable registered as "h626"
G4WT10 > Accumulable registered as "h615"
G4WT7 > Accumulable registered as "h537"
G4WT4 > Accumulable registered as "h627"
G4WT3 > Accumulable registered as "h577"
G4WT6 > Accumulable registered as "h578"
G4WT11 > Accumulable registered as "h564"
G4WT0 > Accumulable registered as "h581"
G4WT11 > Accumulable registered as "h565"
G4WT10 > Accumulable registered as "h616"
G4WT8 > Accumulable registered as "h575"
G4WT9 > Accumulable registered as "h596"
G4WT2 > Accumulable registered as "h557"
G4WT4 > Accumulable registered as "h628"
G4WT9 > Accumulable registered as "h597"
G4WT2 > Accumulable registered as "h558"
G4WT5 > Accumulable registered as "h588"
G4WT11 > Accumulable registered as "h566"
G4WT5 > Accumulable registered as "h589"
G4WT6 > Accumulable registered as "h579"
G4WT11 > Accumulable registered as "h567"
G4WT10 > Accumulable registered as "h617"
G4WT8 > Accumulable registered as "h576"
G4WT6 > Accumulable registered as "h580"
G4WT10 > Accumulable registered as "h618"
G4WT8 > Accumulable registered as "h577"
G4WT4 > Accumulable registered as "h629"
G4WT2 > Accumulable registered as "h559"
G4WT4 > Accumulable registered as "h630"
G4WT5 > Accumulable registered as "h590"
G4WT4 > Accumulable registered as "h631"
G4WT7 > Accumulable registered as "h538"
G4WT4 > Accumulable registered as "h632"
G4WT1 > Accumulable registered as "h621"
G4WT7 > Accumulable registered as "h539"
G4WT10 > Accumulable registered as "h619"
G4WT0 > Accumulable registered as "h582"
G4WT10 > Accumulable registered as "h620"
G4WT8 > Accumulable registered as "h578"
G4WT3 > Accumulable registered as "h578"
G4WT8 > Accumulable registered as "h579"
G4WT3 > Accumulable registered as "h579"
G4WT8 > Accumulable registered as "h580"
G4WT6 > Accumulable registered as "h581"
G4WT7 > Accumulable registered as "h540"
G4WT1 > Accumulable registered as "h622"
G4WT4 > Accumulable registered as "h633"
G4WT9 > Accumulable registered as "h598"
G4WT4 > Accumulable registered as "h634"
G4WT2 > Accumulable registered as "h560"
G4WT0 > Accumulable registered as "h583"
G4WT11 > Accumulable registered as "h568"
G4WT0 > Accumulable registered as "h584"
G4WT8 > Accumulable registered as "h581"
G4WT0 > Accumulable registered as "h585"
G4WT6 > Accumulable registered as "h582"
G4WT10 > Accumulable registered as "h621"
G4WT1 > Accumulable registered as "h623"
G4WT4 > Accumulable registered as "h635"
G4WT1 > Accumulable registered as "h624"
G4WT1 > Accumulable registered as "h625"
G4WT1 > Accumulable registered as "h626"
G4WT1 > Accumulable registered as "h627"
G4WT11 > Accumulable registered as "h569"
G4WT1 > Accumulable registered as "h628"
G4WT11 > Accumulable registered as "h570"
G4WT1 > Accumulable registered as "h629"
G4WT6 > Accumulable registered as "h583"
G4WT7 > Accumulable registered as "h541"
G4WT6 > Accumulable registered as "h584"
G4WT6 > Accumulable registered as "h585"
G4WT6 > Accumulable registered as "h586"
G4WT2 > Accumulable registered as "h561"
G4WT3 > Accumulable registered as "h580"
G4WT2 > Accumulable registered as "h562"
G4WT0 > Accumulable registered as "h586"
G4WT11 > Accumulable registered as "h571"
G4WT1 > Accumulable registered as "h630"
G4WT10 > Accumulable registered as "h622"
G4WT4 > Accumulable registered as "h636"
G4WT10 > Accumulable registered as "h623"
G4WT7 > Accumulable registered as "h542"
G4WT5 > Accumulable registered as "h591"
G4WT6 > Accumulable registered as "h587"
G4WT2 > Accumulable registered as "h563"
G4WT6 > Accumulable registered as "h588"
G4WT3 > Accumulable registered as "h581"
G4WT0 > Accumulable registered as "h587"
G4WT3 > Accumulable registered as "h582"
G4WT1 > Accumulable registered as "h631"
G4WT0 > Accumulable registered as "h588"
G4WT3 > Accumulable registered as "h583"
G4WT10 > Accumulable registered as "h624"
G4WT9 > Accumulable registered as "h599"
G4WT10 > Accumulable registered as "h625"
G4WT9 > Accumulable registered as "h600"
G4WT9 > Accumulable registered as "h601"
G4WT2 > Accumulable registered as "h564"
G4WT11 > Accumulable registered as "h572"
G4WT2 > Accumulable registered as "h565"
G4WT4 > Accumulable registered as "h637"
G4WT0 > Accumulable registered as "h589"
G4WT3 > Accumulable registered as "h584"
G4WT0 > Accumulable registered as "h590"
G4WT7 > Accumulable registered as "h543"
G4WT6 > Accumulable registered as "h589"
G4WT7 > Accumulable registered as "h544"
G4WT6 > Accumulable registered as "h590"
G4WT9 > Accumulable registered as "h602"
G4WT10 > Accumulable registered as "h626"
G4WT6 > Accumulable registered as "h591"
G4WT2 > Accumulable registered as "h566"
G4WT10 > Accumulable registered as "h627"
G4WT4 > Accumulable registered as "h638"
G4WT10 > Accumulable registered as "h628"
G4WT5 > Accumulable registered as "h592"
G4WT0 > Accumulable registered as "h591"
G4WT5 > Accumulable registered as "h593"
G4WT1 > Accumulable registered as "h632"
G4WT9 > Accumulable registered as "h603"
G4WT1 > Accumulable registered as "h633"
G4WT11 > Accumulable registered as "h573"
G4WT9 > Accumulable registered as "h604"
G4WT6 > Accumulable registered as "h592"
G4WT10 > Accumulable registered as "h629"
G4WT4 > Accumulable registered as "h639"
G4WT4 > Accumulable registered as "h640"
G4WT7 > Accumulable registered as "h545"
G4WT0 > Accumulable registered as "h592"
G4WT5 > Accumulable registered as "h594"
G4WT0 > Accumulable registered as "h593"
G4WT1 > Accumulable registered as "h634"
G4WT2 > Accumulable registered as "h567"
G4WT9 > Accumulable registered as "h605"
G4WT11 > Accumulable registered as "h574"
G4WT9 > Accumulable registered as "h606"
G4WT10 > Accumulable registered as "h630"
G4WT4 > Accumulable registered as "h641"
G4WT10 > Accumulable registered as "h631"
G4WT4 > Accumulable registered as "h642"
G4WT3 > Accumulable registered as "h585"
G4WT5 > Accumulable registered as "h595"
G4WT3 > Accumulable registered as "h586"
G4WT1 > Accumulable registered as "h635"
G4WT2 > Accumulable registered as "h568"
G4WT1 > Accumulable registered as "h636"
G4WT6 > Accumulable registered as "h593"
G4WT9 > Accumulable registered as "h607"
G4WT10 > Accumulable registered as "h632"
G4WT7 > Accumulable registered as "h546"
G4WT6 > Accumulable registered as "h594"
G4WT4 > Accumulable registered as "h643"
G4WT6 > Accumulable registered as "h595"
G4WT0 > Accumulable registered as "h594"
G4WT6 > Accumulable registered as "h596"
G4WT1 > Accumulable registered as "h637"
G4WT6 > Accumulable registered as "h597"
G4WT2 > Accumulable registered as "h569"
G4WT6 > Accumulable registered as "h598"
G4WT11 > Accumulable registered as "h575"
G4WT10 > Accumulable registered as "h633"
G4WT6 > Accumulable registered as "h599"
G4WT2 > Accumulable registered as "h570"
G4WT7 > Accumulable registered as "h547"
G4WT2 > Accumulable registered as "h571"
G4WT8 > Accumulable registered as "h582"
G4WT7 > Accumulable registered as "h548"
G4WT8 > Accumulable registered as "h583"
G4WT11 > Accumulable registered as "h576"
G4WT4 > Accumulable registered as "h644"
G4WT10 > Accumulable registered as "h634"
G4WT4 > Accumulable registered as "h645"
G4WT6 > Accumulable registered as "h600"
G4WT3 > Accumulable registered as "h587"
G4WT0 > Accumulable registered as "h595"
G4WT3 > Accumulable registered as "h588"
G4WT1 > Accumulable registered as "h638"
G4WT3 > Accumulable registered as "h589"
G4WT7 > Accumulable registered as "h549"
G4WT8 > Accumulable registered as "h584"
G4WT7 > Accumulable registered as "h550"
G4WT11 > Accumulable registered as "h577"
G4WT4 > Accumulable registered as "h646"
G4WT11 > Accumulable registered as "h578"
G4WT2 > Accumulable registered as "h572"
G4WT6 > Accumulable registered as "h601"
G4WT0 > Accumulable registered as "h596"
G4WT2 > Accumulable registered as "h573"
G4WT6 > Accumulable registered as "h602"
G4WT0 > Accumulable registered as "h597"
G4WT6 > Accumulable registered as "h603"
G4WT7 > Accumulable registered as "h551"
G4WT6 > Accumulable registered as "h604"
G4WT8 > Accumulable registered as "h585"
G4WT11 > Accumulable registered as "h579"
G4WT9 > Accumulable registered as "h608"
G4WT3 > Accumulable registered as "h590"
G4WT3 > Accumulable registered as "h591"
G4WT3 > Accumulable registered as "h592"
G4WT3 > Accumulable registered as "h593"
G4WT3 > Accumulable registered as "h594"
G4WT3 > Accumulable registered as "h595"
G4WT7 > Accumulable registered as "h552"
G4WT4 > Accumulable registered as "h647"
G4WT6 > Accumulable registered as "h605"
G4WT8 > Accumulable registered as "h586"
G4WT6 > Accumulable registered as "h606"
G4WT11 > Accumulable registered as "h580"
G4WT6 > Accumulable registered as "h607"
G4WT2 > Accumulable registered as "h574"
G4WT2 > Accumulable registered as "h575"
G4WT2 > Accumulable registered as "h576"
G4WT2 > Accumulable registered as "h577"
G4WT3 > Accumulable registered as "h596"
G4WT7 > Accumulable registered as "h553"
G4WT3 > Accumulable registered as "h597"
G4WT4 > Accumulable registered as "h648"
G4WT3 > Accumulable registered as "h598"
G4WT11 > Accumulable registered as "h581"
G4WT3 > Accumulable registered as "h599"
G4WT6 > Accumulable registered as "h608"
G4WT1 > Accumulable registered as "h639"
G4WT6 > Accumulable registered as "h609"
G4WT1 > Accumulable registered as "h640"
G4WT1 > Accumulable registered as "h641"
G4WT7 > Accumulable registered as "h554"
G4WT5 > Accumulable registered as "h596"
G4WT9 > Accumulable registered as "h609"
G4WT8 > Accumulable registered as "h587"
G4WT4 > Accumulable registered as "h649"
G4WT3 > Accumulable registered as "h600"
G4WT8 > Accumulable registered as "h588"
G4WT3 > Accumulable registered as "h601"
G4WT3 > Accumulable registered as "h602"
G4WT10 > Accumulable registered as "h635"
G4WT1 > Accumulable registered as "h642"
G4WT7 > Accumulable registered as "h555"
G4WT1 > Accumulable registered as "h643"
G4WT7 > Accumulable registered as "h556"
G4WT11 > Accumulable registered as "h582"
G4WT4 > Accumulable registered as "h650"
G4WT11 > Accumulable registered as "h583"
G4WT6 > Accumulable registered as "h610"
G4WT0 > Accumulable registered as "h598"
G4WT6 > Accumulable registered as "h611"
G4WT2 > Accumulable registered as "h578"
G4WT10 > Accumulable registered as "h636"
G4WT2 > Accumulable registered as "h579"
G4WT5 > Accumulable registered as "h597"
G4WT9 > Accumulable registered as "h610"
G4WT1 > Accumulable registered as "h644"
G4WT7 > Accumulable registered as "h557"
G4WT9 > Accumulable registered as "h611"
G4WT8 > Accumulable registered as "h589"
G4WT7 > Accumulable registered as "h558"
G4WT9 > Accumulable registered as "h612"
G4WT3 > Accumulable registered as "h603"
G4WT7 > Accumulable registered as "h559"
G4WT8 > Accumulable registered as "h590"
G4WT10 > Accumulable registered as "h637"
G4WT8 > Accumulable registered as "h591"
G4WT4 > Accumulable registered as "h651"
G4WT1 > Accumulable registered as "h645"
G4WT11 > Accumulable registered as "h584"
G4WT0 > Accumulable registered as "h599"
G4WT6 > Accumulable registered as "h612"
G4WT0 > Accumulable registered as "h600"
G4WT5 > Accumulable registered as "h598"
G4WT7 > Accumulable registered as "h560"
G4WT6 > Accumulable registered as "h613"
G4WT3 > Accumulable registered as "h604"
G4WT7 > Accumulable registered as "h561"
G4WT6 > Accumulable registered as "h614"
G4WT4 > Accumulable registered as "h652"
G4WT1 > Accumulable registered as "h646"
G4WT4 > Accumulable registered as "h653"
G4WT2 > Accumulable registered as "h580"
G4WT11 > Accumulable registered as "h585"
G4WT1 > Accumulable registered as "h647"
G4WT11 > Accumulable registered as "h586"
G4WT11 > Accumulable registered as "h587"
G4WT10 > Accumulable registered as "h638"
G4WT7 > Accumulable registered as "h562"
G4WT6 > Accumulable registered as "h615"
G4WT9 > Accumulable registered as "h613"
G4WT3 > Accumulable registered as "h605"
G4WT6 > Accumulable registered as "h616"
G4WT0 > Accumulable registered as "h601"
G4WT3 > Accumulable registered as "h606"
G4WT8 > Accumulable registered as "h592"
G4WT2 > Accumulable registered as "h581"
G4WT1 > Accumulable registered as "h648"
G4WT11 > Accumulable registered as "h588"
G4WT4 > Accumulable registered as "h654"
G4WT1 > Accumulable registered as "h649"
G4WT7 > Accumulable registered as "h563"
G4WT4 > Accumulable registered as "h655"
G4WT5 > Accumulable registered as "h599"
G4WT7 > Accumulable registered as "h564"
G4WT3 > Accumulable registered as "h607"
G4WT0 > Accumulable registered as "h602"
G4WT5 > Accumulable registered as "h600"
G4WT10 > Accumulable registered as "h639"
G4WT5 > Accumulable registered as "h601"
G4WT0 > Accumulable registered as "h603"
G4WT3 > Accumulable registered as "h608"
G4WT0 > Accumulable registered as "h604"
G4WT6 > Accumulable registered as "h617"
G4WT0 > Accumulable registered as "h605"
G4WT7 > Accumulable registered as "h565"
G4WT8 > Accumulable registered as "h593"
G4WT2 > Accumulable registered as "h582"
G4WT7 > Accumulable registered as "h566"
G4WT1 > Accumulable registered as "h650"
G4WT7 > Accumulable registered as "h567"
G4WT9 > Accumulable registered as "h614"
G4WT7 > Accumulable registered as "h568"
G4WT3 > Accumulable registered as "h609"
G4WT9 > Accumulable registered as "h615"
G4WT6 > Accumulable registered as "h618"
G4WT9 > Accumulable registered as "h616"
G4WT8 > Accumulable registered as "h594"
G4WT6 > Accumulable registered as "h619"
G4WT1 > Accumulable registered as "h651"
G4WT2 > Accumulable registered as "h583"
G4WT8 > Accumulable registered as "h595"
G4WT10 > Accumulable registered as "h640"
G4WT8 > Accumulable registered as "h596"
G4WT11 > Accumulable registered as "h589"
G4WT10 > Accumulable registered as "h641"
G4WT0 > Accumulable registered as "h606"
G4WT10 > Accumulable registered as "h642"
G4WT3 > Accumulable registered as "h610"
G4WT6 > Accumulable registered as "h620"
G4WT1 > Accumulable registered as "h652"
G4WT2 > Accumulable registered as "h584"
G4WT1 > Accumulable registered as "h653"
G4WT4 > Accumulable registered as "h656"
G4WT8 > Accumulable registered as "h597"
G4WT4 > Accumulable registered as "h657"
G4WT9 > Accumulable registered as "h617"
G4WT4 > Accumulable registered as "h658"
G4WT5 > Accumulable registered as "h602"
G4WT0 > Accumulable registered as "h607"
G4WT3 > Accumulable registered as "h611"
G4WT0 > Accumulable registered as "h608"
G4WT3 > Accumulable registered as "h612"
G4WT6 > Accumulable registered as "h621"
G4WT1 > Accumulable registered as "h654"
G4WT6 > Accumulable registered as "h622"
G4WT8 > Accumulable registered as "h598"
G4WT1 > Accumulable registered as "h655"
G4WT4 > Accumulable registered as "h659"
G4WT1 > Accumulable registered as "h656"
G4WT9 > Accumulable registered as "h618"
G4WT1 > Accumulable registered as "h657"
G4WT0 > Accumulable registered as "h609"
G4WT7 > Accumulable registered as "h569"
G4WT3 > Accumulable registered as "h613"
G4WT6 > Accumulable registered as "h623"
G4WT3 > Accumulable registered as "h614"
G4WT11 > Accumulable registered as "h590"
G4WT10 > Accumulable registered as "h643"
G4WT11 > Accumulable registered as "h591"
G4WT5 > Accumulable registered as "h603"
G4WT2 > Accumulable registered as "h585"
G4WT5 > Accumulable registered as "h604"
G4WT1 > Accumulable registered as "h658"
G4WT0 > Accumulable registered as "h610"
G4WT1 > Accumulable registered as "h659"
G4WT7 > Accumulable registered as "h570"
G4WT3 > Accumulable registered as "h615"
G4WT8 > Accumulable registered as "h599"
G4WT3 > Accumulable registered as "h616"
G4WT10 > Accumulable registered as "h644"
G4WT8 > Accumulable registered as "h600"
G4WT11 > Accumulable registered as "h592"
G4WT5 > Accumulable registered as "h605"
G4WT11 > Accumulable registered as "h593"
G4WT2 > Accumulable registered as "h586"
G4WT5 > Accumulable registered as "h606"
G4WT0 > Accumulable registered as "h611"
G4WT1 > Accumulable registered as "h660"
G4WT6 > Accumulable registered as "h624"
G4WT7 > Accumulable registered as "h571"
G4WT3 > Accumulable registered as "h617"
G4WT10 > Accumulable registered as "h645"
G4WT9 > Accumulable registered as "h619"
G4WT11 > Accumulable registered as "h594"
G4WT9 > Accumulable registered as "h620"
G4WT11 > Accumulable registered as "h595"
G4WT4 > Accumulable registered as "h660"
G4WT11 > Accumulable registered as "h596"
G4WT11 > Accumulable registered as "h597"
G4WT4 > Accumulable registered as "h661"
G4WT8 > Accumulable registered as "h601"
G4WT7 > Accumulable registered as "h572"
G4WT8 > Accumulable registered as "h602"
G4WT7 > Accumulable registered as "h573"
G4WT7 > Accumulable registered as "h574"
G4WT7 > Accumulable registered as "h575"
G4WT7 > Accumulable registered as "h576"
G4WT0 > Accumulable registered as "h612"
G4WT0 > Accumulable registered as "h613"
G4WT0 > Accumulable registered as "h614"
G4WT11 > Accumulable registered as "h598"
G4WT0 > Accumulable registered as "h615"
G4WT5 > Accumulable registered as "h607"
G4WT10 > Accumulable registered as "h646"
G4WT5 > Accumulable registered as "h608"
G4WT8 > Accumulable registered as "h603"
G4WT5 > Accumulable registered as "h609"
G4WT9 > Accumulable registered as "h621"
G4WT1 > Accumulable registered as "h661"
G4WT8 > Accumulable registered as "h604"
G4WT9 > Accumulable registered as "h622"
G4WT1 > Accumulable registered as "h662"
G4WT9 > Accumulable registered as "h623"
G4WT11 > Accumulable registered as "h599"
G4WT10 > Accumulable registered as "h647"
G4WT10 > Accumulable registered as "h648"
G4WT2 > Accumulable registered as "h587"
G4WT7 > Accumulable registered as "h577"
G4WT2 > Accumulable registered as "h588"
G4WT4 > Accumulable registered as "h662"
G4WT3 > Accumulable registered as "h618"
G4WT0 > Accumulable registered as "h616"
G4WT3 > Accumulable registered as "h619"
G4WT6 > Accumulable registered as "h625"
G4WT11 > Accumulable registered as "h600"
G4WT5 > Accumulable registered as "h610"
G4WT11 > Accumulable registered as "h601"
G4WT10 > Accumulable registered as "h649"
G4WT2 > Accumulable registered as "h589"
G4WT8 > Accumulable registered as "h605"
G4WT8 > Accumulable registered as "h606"
G4WT2 > Accumulable registered as "h590"
G4WT3 > Accumulable registered as "h620"
G4WT0 > Accumulable registered as "h617"
G4WT7 > Accumulable registered as "h578"
G4WT3 > Accumulable registered as "h621"
G4WT0 > Accumulable registered as "h618"
G4WT5 > Accumulable registered as "h611"
G4WT7 > Accumulable registered as "h579"
G4WT9 > Accumulable registered as "h624"
G4WT7 > Accumulable registered as "h580"
G4WT2 > Accumulable registered as "h591"
G4WT7 > Accumulable registered as "h581"
G4WT6 > Accumulable registered as "h626"
G4WT7 > Accumulable registered as "h582"
G4WT11 > Accumulable registered as "h602"
G4WT0 > Accumulable registered as "h619"
G4WT8 > Accumulable registered as "h607"
G4WT0 > Accumulable registered as "h620"
G4WT9 > Accumulable registered as "h625"
G4WT3 > Accumulable registered as "h622"
G4WT9 > Accumulable registered as "h626"
G4WT3 > Accumulable registered as "h623"
G4WT11 > Accumulable registered as "h603"
G4WT2 > Accumulable registered as "h592"
G4WT9 > Accumulable registered as "h627"
G4WT6 > Accumulable registered as "h627"
G4WT2 > Accumulable registered as "h593"
G4WT0 > Accumulable registered as "h621"
G4WT7 > Accumulable registered as "h583"
G4WT0 > Accumulable registered as "h622"
G4WT6 > Accumulable registered as "h628"
G4WT3 > Accumulable registered as "h624"
G4WT11 > Accumulable registered as "h604"
G4WT6 > Accumulable registered as "h629"
G4WT9 > Accumulable registered as "h628"
G4WT2 > Accumulable registered as "h594"
G4WT5 > Accumulable registered as "h612"
G4WT0 > Accumulable registered as "h623"
G4WT5 > Accumulable registered as "h613"
G4WT7 > Accumulable registered as "h584"
G4WT10 > Accumulable registered as "h650"
G4WT11 > Accumulable registered as "h605"
G4WT6 > Accumulable registered as "h630"
G4WT11 > Accumulable registered as "h606"
G4WT8 > Accumulable registered as "h608"
G4WT2 > Accumulable registered as "h595"
G4WT8 > Accumulable registered as "h609"
G4WT5 > Accumulable registered as "h614"
G4WT7 > Accumulable registered as "h585"
G4WT5 > Accumulable registered as "h615"
G4WT7 > Accumulable registered as "h586"
G4WT7 > Accumulable registered as "h587"
G4WT9 > Accumulable registered as "h629"
G4WT6 > Accumulable registered as "h631"
G4WT0 > Accumulable registered as "h624"
G4WT8 > Accumulable registered as "h610"
G4WT2 > Accumulable registered as "h596"
G4WT3 > Accumulable registered as "h625"
G4WT10 > Accumulable registered as "h651"
G4WT5 > Accumulable registered as "h616"
G4WT10 > Accumulable registered as "h652"
G4WT11 > Accumulable registered as "h607"
G4WT9 > Accumulable registered as "h630"
G4WT11 > Accumulable registered as "h608"
G4WT9 > Accumulable registered as "h631"
G4WT11 > Accumulable registered as "h609"
G4WT8 > Accumulable registered as "h611"
G4WT3 > Accumulable registered as "h626"
G4WT8 > Accumulable registered as "h612"
G4WT7 > Accumulable registered as "h588"
G4WT10 > Accumulable registered as "h653"
G4WT0 > Accumulable registered as "h625"
G4WT10 > Accumulable registered as "h654"
G4WT10 > Accumulable registered as "h655"
G4WT2 > Accumulable registered as "h597"
G4WT11 > Accumulable registered as "h610"
G4WT5 > Accumulable registered as "h617"
G4WT11 > Accumulable registered as "h611"
G4WT8 > Accumulable registered as "h613"
G4WT7 > Accumulable registered as "h589"
G4WT8 > Accumulable registered as "h614"
G4WT6 > Accumulable registered as "h632"
G4WT8 > Accumulable registered as "h615"
G4WT8 > Accumulable registered as "h616"
G4WT0 > Accumulable registered as "h626"
G4WT5 > Accumulable registered as "h618"
G4WT11 > Accumulable registered as "h612"
G4WT0 > Accumulable registered as "h627"
G4WT3 > Accumulable registered as "h627"
G4WT9 > Accumulable registered as "h632"
G4WT10 > Accumulable registered as "h656"
G4WT2 > Accumulable registered as "h598"
G4WT10 > Accumulable registered as "h657"
G4WT6 > Accumulable registered as "h633"
G4WT8 > Accumulable registered as "h617"
G4WT5 > Accumulable registered as "h619"
G4WT11 > Accumulable registered as "h613"
G4WT0 > Accumulable registered as "h628"
G4WT7 > Accumulable registered as "h590"
G4WT3 > Accumulable registered as "h628"
G4WT0 > Accumulable registered as "h629"
G4WT2 > Accumulable registered as "h599"
G4WT3 > Accumulable registered as "h629"
G4WT6 > Accumulable registered as "h634"
G4WT3 > Accumulable registered as "h630"
G4WT2 > Accumulable registered as "h600"
G4WT5 > Accumulable registered as "h620"
G4WT9 > Accumulable registered as "h633"
G4WT6 > Accumulable registered as "h635"
G4WT7 > Accumulable registered as "h591"
G4WT9 > Accumulable registered as "h634"
G4WT6 > Accumulable registered as "h636"
G4WT11 > Accumulable registered as "h614"
G4WT7 > Accumulable registered as "h592"
G4WT2 > Accumulable registered as "h601"
G4WT10 > Accumulable registered as "h658"
G4WT11 > Accumulable registered as "h615"
G4WT5 > Accumulable registered as "h621"
G4WT8 > Accumulable registered as "h618"
G4WT9 > Accumulable registered as "h635"
G4WT3 > Accumulable registered as "h631"
G4WT6 > Accumulable registered as "h637"
G4WT9 > Accumulable registered as "h636"
G4WT3 > Accumulable registered as "h632"
G4WT2 > Accumulable registered as "h602"
G4WT3 > Accumulable registered as "h633"
G4WT6 > Accumulable registered as "h638"
G4WT11 > Accumulable registered as "h616"
G4WT8 > Accumulable registered as "h619"
G4WT6 > Accumulable registered as "h639"
G4WT11 > Accumulable registered as "h617"
G4WT0 > Accumulable registered as "h630"
G4WT11 > Accumulable registered as "h618"
G4WT0 > Accumulable registered as "h631"
G4WT0 > Accumulable registered as "h632"
G4WT0 > Accumulable registered as "h633"
G4WT10 > Accumulable registered as "h659"
G4WT8 > Accumulable registered as "h620"
G4WT6 > Accumulable registered as "h640"
G4WT9 > Accumulable registered as "h637"
G4WT2 > Accumulable registered as "h603"
G4WT11 > Accumulable registered as "h619"
G4WT2 > Accumulable registered as "h604"
G4WT3 > Accumulable registered as "h634"
G4WT11 > Accumulable registered as "h620"
G4WT5 > Accumulable registered as "h622"
G4WT3 > Accumulable registered as "h635"
G4WT10 > Accumulable registered as "h660"
G4WT3 > Accumulable registered as "h636"
G4WT5 > Accumulable registered as "h623"
G4WT3 > Accumulable registered as "h637"
G4WT3 > Accumulable registered as "h638"
G4WT0 > Accumulable registered as "h634"
G4WT11 > Accumulable registered as "h621"
G4WT0 > Accumulable registered as "h635"
G4WT6 > Accumulable registered as "h641"
G4WT9 > Accumulable registered as "h638"
G4WT6 > Accumulable registered as "h642"
G4WT9 > Accumulable registered as "h639"
G4WT2 > Accumulable registered as "h605"
G4WT7 > Accumulable registered as "h593"
G4WT3 > Accumulable registered as "h639"
G4WT2 > Accumulable registered as "h606"
G4WT8 > Accumulable registered as "h621"
G4WT0 > Accumulable registered as "h636"
G4WT8 > Accumulable registered as "h622"
G4WT6 > Accumulable registered as "h643"
G4WT9 > Accumulable registered as "h640"
G4WT10 > Accumulable registered as "h661"
G4WT7 > Accumulable registered as "h594"
G4WT11 > Accumulable registered as "h622"
G4WT3 > Accumulable registered as "h640"
G4WT2 > Accumulable registered as "h607"
G4WT3 > Accumulable registered as "h641"
G4WT5 > Accumulable registered as "h624"
G4WT8 > Accumulable registered as "h623"
G4WT5 > Accumulable registered as "h625"
G4WT6 > Accumulable registered as "h644"
G4WT10 > Accumulable registered as "h662"
G4WT7 > Accumulable registered as "h595"
G4WT11 > Accumulable registered as "h623"
G4WT7 > Accumulable registered as "h596"
G4WT3 > Accumulable registered as "h642"
G4WT7 > Accumulable registered as "h597"
G4WT2 > Accumulable registered as "h608"
G4WT7 > Accumulable registered as "h598"
G4WT8 > Accumulable registered as "h624"
G4WT7 > Accumulable registered as "h599"
G4WT8 > Accumulable registered as "h625"
G4WT8 > Accumulable registered as "h626"
G4WT8 > Accumulable registered as "h627"
G4WT3 > Accumulable registered as "h643"
G4WT8 > Accumulable registered as "h628"
G4WT5 > Accumulable registered as "h626"
G4WT3 > Accumulable registered as "h644"
G4WT8 > Accumulable registered as "h629"
G4WT6 > Accumulable registered as "h645"
G4WT11 > Accumulable registered as "h624"
G4WT9 > Accumulable registered as "h641"
G4WT2 > Accumulable registered as "h609"
G4WT9 > Accumulable registered as "h642"
G4WT3 > Accumulable registered as "h645"
G4WT9 > Accumulable registered as "h643"
G4WT5 > Accumulable registered as "h627"
G4WT0 > Accumulable registered as "h637"
G4WT6 > Accumulable registered as "h646"
G4WT11 > Accumulable registered as "h625"
G4WT5 > Accumulable registered as "h628"
G4WT11 > Accumulable registered as "h626"
G4WT6 > Accumulable registered as "h647"
G4WT9 > Accumulable registered as "h644"
G4WT11 > Accumulable registered as "h627"
G4WT8 > Accumulable registered as "h630"
G4WT11 > Accumulable registered as "h628"
G4WT9 > Accumulable registered as "h645"
G4WT2 > Accumulable registered as "h610"
G4WT9 > Accumulable registered as "h646"
G4WT6 > Accumulable registered as "h648"
G4WT9 > Accumulable registered as "h647"
G4WT2 > Accumulable registered as "h611"
G4WT9 > Accumulable registered as "h648"
G4WT8 > Accumulable registered as "h631"
G4WT3 > Accumulable registered as "h646"
G4WT8 > Accumulable registered as "h632"
G4WT5 > Accumulable registered as "h629"
G4WT0 > Accumulable registered as "h638"
G4WT7 > Accumulable registered as "h600"
G4WT6 > Accumulable registered as "h649"
G4WT2 > Accumulable registered as "h612"
G4WT6 > Accumulable registered as "h650"
G4WT2 > Accumulable registered as "h613"
G4WT3 > Accumulable registered as "h647"
G4WT2 > Accumulable registered as "h614"
G4WT11 > Accumulable registered as "h629"
G4WT2 > Accumulable registered as "h615"
G4WT5 > Accumulable registered as "h630"
G4WT11 > Accumulable registered as "h630"
G4WT9 > Accumulable registered as "h649"
G4WT6 > Accumulable registered as "h651"
G4WT9 > Accumulable registered as "h650"
G4WT0 > Accumulable registered as "h639"
G4WT9 > Accumulable registered as "h651"
G4WT6 > Accumulable registered as "h652"
G4WT2 > Accumulable registered as "h616"
G4WT0 > Accumulable registered as "h640"
G4WT6 > Accumulable registered as "h653"
G4WT0 > Accumulable registered as "h641"
G4WT2 > Accumulable registered as "h617"
G4WT0 > Accumulable registered as "h642"
G4WT9 > Accumulable registered as "h652"
G4WT0 > Accumulable registered as "h643"
G4WT11 > Accumulable registered as "h631"
G4WT8 > Accumulable registered as "h633"
G4WT3 > Accumulable registered as "h648"
G4WT7 > Accumulable registered as "h601"
G4WT6 > Accumulable registered as "h654"
G4WT7 > Accumulable registered as "h602"
G4WT5 > Accumulable registered as "h631"
G4WT7 > Accumulable registered as "h603"
G4WT6 > Accumulable registered as "h655"
G4WT5 > Accumulable registered as "h632"
G4WT6 > Accumulable registered as "h656"
G4WT2 > Accumulable registered as "h618"
G4WT9 > Accumulable registered as "h653"
G4WT2 > Accumulable registered as "h619"
G4WT0 > Accumulable registered as "h644"
G4WT2 > Accumulable registered as "h620"
G4WT11 > Accumulable registered as "h632"
G4WT0 > Accumulable registered as "h645"
G4WT11 > Accumulable registered as "h633"
G4WT0 > Accumulable registered as "h646"
G4WT6 > Accumulable registered as "h657"
G4WT0 > Accumulable registered as "h647"
G4WT9 > Accumulable registered as "h654"
G4WT2 > Accumulable registered as "h621"
G4WT5 > Accumulable registered as "h633"
G4WT2 > Accumulable registered as "h622"
G4WT3 > Accumulable registered as "h649"
G4WT7 > Accumulable registered as "h604"
G4WT8 > Accumulable registered as "h634"
G4WT0 > Accumulable registered as "h648"
G4WT8 > Accumulable registered as "h635"
G4WT6 > Accumulable registered as "h658"
G4WT0 > Accumulable registered as "h649"
G4WT11 > Accumulable registered as "h634"
G4WT6 > Accumulable registered as "h659"
G4WT3 > Accumulable registered as "h650"
G4WT6 > Accumulable registered as "h660"
G4WT11 > Accumulable registered as "h635"
G4WT6 > Accumulable registered as "h661"
G4WT8 > Accumulable registered as "h636"
G4WT6 > Accumulable registered as "h662"
G4WT0 > Accumulable registered as "h650"
G4WT11 > Accumulable registered as "h636"
G4WT8 > Accumulable registered as "h637"
G4WT7 > Accumulable registered as "h605"
G4WT0 > Accumulable registered as "h651"
G4WT5 > Accumulable registered as "h634"
G4WT0 > Accumulable registered as "h652"
G4WT3 > Accumulable registered as "h651"
G4WT5 > Accumulable registered as "h635"
G4WT11 > Accumulable registered as "h637"
G4WT5 > Accumulable registered as "h636"
G4WT2 > Accumulable registered as "h623"
G4WT9 > Accumulable registered as "h655"
G4WT0 > Accumulable registered as "h653"
G4WT8 > Accumulable registered as "h638"
G4WT3 > Accumulable registered as "h652"
G4WT7 > Accumulable registered as "h606"
G4WT3 > Accumulable registered as "h653"
G4WT5 > Accumulable registered as "h637"
G4WT9 > Accumulable registered as "h656"
G4WT2 > Accumulable registered as "h624"
G4WT0 > Accumulable registered as "h654"
G4WT8 > Accumulable registered as "h639"
G4WT7 > Accumulable registered as "h607"
G4WT8 > Accumulable registered as "h640"
G4WT3 > Accumulable registered as "h654"
G4WT5 > Accumulable registered as "h638"
G4WT9 > Accumulable registered as "h657"
G4WT0 > Accumulable registered as "h655"
G4WT2 > Accumulable registered as "h625"
G4WT0 > Accumulable registered as "h656"
G4WT11 > Accumulable registered as "h638"
G4WT7 > Accumulable registered as "h608"
G4WT8 > Accumulable registered as "h641"
G4WT3 > Accumulable registered as "h655"
G4WT5 > Accumulable registered as "h639"
G4WT7 > Accumulable registered as "h609"
G4WT9 > Accumulable registered as "h658"
G4WT3 > Accumulable registered as "h656"
G4WT0 > Accumulable registered as "h657"
G4WT8 > Accumulable registered as "h642"
G4WT2 > Accumulable registered as "h626"
G4WT8 > Accumulable registered as "h643"
G4WT7 > Accumulable registered as "h610"
G4WT8 > Accumulable registered as "h644"
G4WT3 > Accumulable registered as "h657"
G4WT5 > Accumulable registered as "h640"
G4WT3 > Accumulable registered as "h658"
G4WT5 > Accumulable registered as "h641"
G4WT3 > Accumulable registered as "h659"
G4WT5 > Accumulable registered as "h642"
G4WT3 > Accumulable registered as "h660"
G4WT3 > Accumulable registered as "h661"
G4WT0 > Accumulable registered as "h658"
G4WT11 > Accumulable registered as "h639"
G4WT0 > Accumulable registered as "h659"
G4WT2 > Accumulable registered as "h627"
G4WT11 > Accumulable registered as "h640"
G4WT8 > Accumulable registered as "h645"
G4WT11 > Accumulable registered as "h641"
G4WT11 > Accumulable registered as "h642"
G4WT0 > Accumulable registered as "h660"
G4WT7 > Accumulable registered as "h611"
G4WT0 > Accumulable registered as "h661"
G4WT5 > Accumulable registered as "h643"
G4WT0 > Accumulable registered as "h662"
G4WT3 > Accumulable registered as "h662"
G4WT5 > Accumulable registered as "h644"
G4WT5 > Accumulable registered as "h645"
G4WT7 > Accumulable registered as "h612"
G4WT2 > Accumulable registered as "h628"
G4WT8 > Accumulable registered as "h646"
G4WT2 > Accumulable registered as "h629"
G4WT11 > Accumulable registered as "h643"
G4WT2 > Accumulable registered as "h630"
G4WT7 > Accumulable registered as "h613"
G4WT9 > Accumulable registered as "h659"
G4WT2 > Accumulable registered as "h631"
G4WT7 > Accumulable registered as "h614"
G4WT5 > Accumulable registered as "h646"
G4WT7 > Accumulable registered as "h615"
G4WT9 > Accumulable registered as "h660"
G4WT5 > Accumulable registered as "h647"
G4WT2 > Accumulable registered as "h632"
G4WT7 > Accumulable registered as "h616"
G4WT7 > Accumulable registered as "h617"
G4WT7 > Accumulable registered as "h618"
G4WT2 > Accumulable registered as "h633"
G4WT5 > Accumulable registered as "h648"
G4WT8 > Accumulable registered as "h647"
G4WT2 > Accumulable registered as "h634"
G4WT11 > Accumulable registered as "h644"
G4WT9 > Accumulable registered as "h661"
G4WT2 > Accumulable registered as "h635"
G4WT8 > Accumulable registered as "h648"
G4WT11 > Accumulable registered as "h645"
G4WT2 > Accumulable registered as "h636"
G4WT7 > Accumulable registered as "h619"
G4WT2 > Accumulable registered as "h637"
G4WT8 > Accumulable registered as "h649"
G4WT2 > Accumulable registered as "h638"
G4WT11 > Accumulable registered as "h646"
G4WT9 > Accumulable registered as "h662"
G4WT11 > Accumulable registered as "h647"
G4WT7 > Accumulable registered as "h620"
G4WT2 > Accumulable registered as "h639"
G4WT7 > Accumulable registered as "h621"
G4WT8 > Accumulable registered as "h650"
G4WT11 > Accumulable registered as "h648"
G4WT7 > Accumulable registered as "h622"
G4WT2 > Accumulable registered as "h640"
G4WT8 > Accumulable registered as "h651"
G4WT11 > Accumulable registered as "h649"
G4WT8 > Accumulable registered as "h652"
G4WT11 > Accumulable registered as "h650"
G4WT2 > Accumulable registered as "h641"
G4WT11 > Accumulable registered as "h651"
G4WT8 > Accumulable registered as "h653"
G4WT2 > Accumulable registered as "h642"
G4WT5 > Accumulable registered as "h649"
G4WT2 > Accumulable registered as "h643"
G4WT5 > Accumulable registered as "h650"
G4WT8 > Accumulable registered as "h654"
G4WT11 > Accumulable registered as "h652"
G4WT2 > Accumulable registered as "h644"
G4WT5 > Accumulable registered as "h651"
G4WT2 > Accumulable registered as "h645"
G4WT5 > Accumulable registered as "h652"
G4WT8 > Accumulable registered as "h655"
G4WT5 > Accumulable registered as "h653"
G4WT11 > Accumulable registered as "h653"
G4WT8 > Accumulable registered as "h656"
G4WT7 > Accumulable registered as "h623"
G4WT5 > Accumulable registered as "h654"
G4WT7 > Accumulable registered as "h624"
G4WT11 > Accumulable registered as "h654"
G4WT5 > Accumulable registered as "h655"
G4WT2 > Accumulable registered as "h646"
G4WT8 > Accumulable registered as "h657"
G4WT2 > Accumulable registered as "h647"
G4WT8 > Accumulable registered as "h658"
G4WT5 > Accumulable registered as "h656"
G4WT8 > Accumulable registered as "h659"
G4WT7 > Accumulable registered as "h625"
G4WT8 > Accumulable registered as "h660"
G4WT5 > Accumulable registered as "h657"
G4WT2 > Accumulable registered as "h648"
G4WT8 > Accumulable registered as "h661"
G4WT7 > Accumulable registered as "h626"
G4WT5 > Accumulable registered as "h658"
G4WT8 > Accumulable registered as "h662"
G4WT7 > Accumulable registered as "h627"
G4WT5 > Accumulable registered as "h659"
G4WT5 > Accumulable registered as "h660"
G4WT7 > Accumulable registered as "h628"
G4WT5 > Accumulable registered as "h661"
G4WT7 > Accumulable registered as "h629"
G4WT7 > Accumulable registered as "h630"
G4WT2 > Accumulable registered as "h649"
G4WT5 > Accumulable registered as "h662"
G4WT2 > Accumulable registered as "h650"
G4WT7 > Accumulable registered as "h631"
G4WT2 > Accumulable registered as "h651"
G4WT7 > Accumulable registered as "h632"
G4WT2 > Accumulable registered as "h652"
G4WT7 > Accumulable registered as "h633"
G4WT2 > Accumulable registered as "h653"
G4WT7 > Accumulable registered as "h634"
G4WT7 > Accumulable registered as "h635"
G4WT2 > Accumulable registered as "h654"
G4WT7 > Accumulable registered as "h636"
G4WT7 > Accumulable registered as "h637"
G4WT2 > Accumulable registered as "h655"
G4WT7 > Accumulable registered as "h638"
G4WT2 > Accumulable registered as "h656"
G4WT7 > Accumulable registered as "h639"
G4WT2 > Accumulable registered as "h657"
G4WT7 > Accumulable registered as "h640"
G4WT11 > Accumulable registered as "h655"
G4WT2 > Accumulable registered as "h658"
G4WT7 > Accumulable registered as "h641"
G4WT11 > Accumulable registered as "h656"
G4WT2 > Accumulable registered as "h659"
G4WT7 > Accumulable registered as "h642"
G4WT11 > Accumulable registered as "h657"
G4WT2 > Accumulable registered as "h660"
G4WT7 > Accumulable registered as "h643"
G4WT11 > Accumulable registered as "h658"
G4WT7 > Accumulable registered as "h644"
G4WT2 > Accumulable registered as "h661"
G4WT7 > Accumulable registered as "h645"
G4WT11 > Accumulable registered as "h659"
G4WT2 > Accumulable registered as "h662"
G4WT7 > Accumulable registered as "h646"
G4WT11 > Accumulable registered as "h660"
G4WT7 > Accumulable registered as "h647"
G4WT7 > Accumulable registered as "h648"
G4WT11 > Accumulable registered as "h661"
G4WT7 > Accumulable registered as "h649"
G4WT7 > Accumulable registered as "h650"
G4WT11 > Accumulable registered as "h662"
G4WT7 > Accumulable registered as "h651"
G4WT7 > Accumulable registered as "h652"
G4WT7 > Accumulable registered as "h653"
G4WT7 > Accumulable registered as "h654"
G4WT7 > Accumulable registered as "h655"
G4WT7 > Accumulable registered as "h656"
G4WT7 > Accumulable registered as "h657"
G4WT7 > Accumulable registered as "h658"
G4WT7 > Accumulable registered as "h659"
G4WT7 > Accumulable registered as "h660"
G4WT7 > Accumulable registered as "h661"
G4WT7 > Accumulable registered as "h662"
RESULT decays=8000000
RESULT any=1031486 eps_total=1.289357e-01
RESULT window=661.657 counts=486820 eps=6.085250e-02
HISTBEGIN bins=663 bin_kev=1.000000 decays=8000000
HIST 0 275
HIST 1 782
HIST 2 882
HIST 3 894
HIST 4 871
HIST 5 949
HIST 6 972
HIST 7 994
HIST 8 1023
HIST 9 990
HIST 10 993
HIST 11 1011
HIST 12 1055
HIST 13 1024
HIST 14 1030
HIST 15 1036
HIST 16 1000
HIST 17 1085
HIST 18 1009
HIST 19 1056
HIST 20 985
HIST 21 1063
HIST 22 1012
HIST 23 1038
HIST 24 1012
HIST 25 997
HIST 26 1014
HIST 27 1042
HIST 28 1012
HIST 29 1041
HIST 30 1001
HIST 31 1059
HIST 32 1003
HIST 33 1027
HIST 34 923
HIST 35 1028
HIST 36 1067
HIST 37 981
HIST 38 975
HIST 39 1060
HIST 40 1030
HIST 41 1015
HIST 42 984
HIST 43 978
HIST 44 946
HIST 45 1011
HIST 46 1005
HIST 47 1014
HIST 48 1038
HIST 49 1019
HIST 50 988
HIST 51 1009
HIST 52 1034
HIST 53 923
HIST 54 957
HIST 55 976
HIST 56 1005
HIST 57 995
HIST 58 941
HIST 59 991
HIST 60 979
HIST 61 997
HIST 62 962
HIST 63 995
HIST 64 979
HIST 65 1002
HIST 66 893
HIST 67 992
HIST 68 973
HIST 69 1021
HIST 70 956
HIST 71 980
HIST 72 1005
HIST 73 943
HIST 74 974
HIST 75 1011
HIST 76 923
HIST 77 966
HIST 78 1019
HIST 79 1000
HIST 80 961
HIST 81 997
HIST 82 997
HIST 83 1012
HIST 84 972
HIST 85 985
HIST 86 935
HIST 87 999
HIST 88 962
HIST 89 944
HIST 90 1002
HIST 91 962
HIST 92 957
HIST 93 956
HIST 94 949
HIST 95 1005
HIST 96 871
HIST 97 967
HIST 98 947
HIST 99 980
HIST 100 967
HIST 101 947
HIST 102 956
HIST 103 970
HIST 104 933
HIST 105 942
HIST 106 973
HIST 107 981
HIST 108 959
HIST 109 984
HIST 110 945
HIST 111 956
HIST 112 1047
HIST 113 937
HIST 114 950
HIST 115 1041
HIST 116 1012
HIST 117 948
HIST 118 952
HIST 119 982
HIST 120 988
HIST 121 990
HIST 122 1037
HIST 123 971
HIST 124 998
HIST 125 1035
HIST 126 1023
HIST 127 992
HIST 128 995
HIST 129 1055
HIST 130 994
HIST 131 1007
HIST 132 1037
HIST 133 1049
HIST 134 974
HIST 135 972
HIST 136 965
HIST 137 1034
HIST 138 1090
HIST 139 952
HIST 140 1004
HIST 141 1028
HIST 142 987
HIST 143 990
HIST 144 1023
HIST 145 998
HIST 146 1039
HIST 147 986
HIST 148 1000
HIST 149 1003
HIST 150 954
HIST 151 1056
HIST 152 976
HIST 153 982
HIST 154 1030
HIST 155 991
HIST 156 963
HIST 157 977
HIST 158 1014
HIST 159 1005
HIST 160 1018
HIST 161 1029
HIST 162 1018
HIST 163 982
HIST 164 1015
HIST 165 973
HIST 166 1021
HIST 167 937
HIST 168 982
HIST 169 960
HIST 170 943
HIST 171 958
HIST 172 989
HIST 173 1050
HIST 174 1030
HIST 175 1001
HIST 176 1067
HIST 177 1043
HIST 178 1051
HIST 179 954
HIST 180 1020
HIST 181 1080
HIST 182 976
HIST 183 1048
HIST 184 1101
HIST 185 1065
HIST 186 1095
HIST 187 1151
HIST 188 1119
HIST 189 1101
HIST 190 1236
HIST 191 1203
HIST 192 1264
HIST 193 1228
HIST 194 1239
HIST 195 1292
HIST 196 1272
HIST 197 1218
HIST 198 1225
HIST 199 1265
HIST 200 1260
HIST 201 1353
HIST 202 1230
HIST 203 1323
HIST 204 1299
HIST 205 1325
HIST 206 1312
HIST 207 1242
HIST 208 1369
HIST 209 1308
HIST 210 1332
HIST 211 1386
HIST 212 1334
HIST 213 1357
HIST 214 1393
HIST 215 1334
HIST 216 1308
HIST 217 1330
HIST 218 1300
HIST 219 1246
HIST 220 1289
HIST 221 1308
HIST 222 1303
HIST 223 1302
HIST 224 1296
HIST 225 1349
HIST 226 1319
HIST 227 1309
HIST 228 1353
HIST 229 1277
HIST 230 1375
HIST 231 1317
HIST 232 1315
HIST 233 1337
HIST 234 1321
HIST 235 1272
HIST 236 1277
HIST 237 1270
HIST 238 1252
HIST 239 1276
HIST 240 1332
HIST 241 1289
HIST 242 1299
HIST 243 1248
HIST 244 1251
HIST 245 1295
HIST 246 1292
HIST 247 1269
HIST 248 1254
HIST 249 1263
HIST 250 1244
HIST 251 1212
HIST 252 1198
HIST 253 1266
HIST 254 1165
HIST 255 1233
HIST 256 1295
HIST 257 1303
HIST 258 1240
HIST 259 1200
HIST 260 1260
HIST 261 1233
HIST 262 1237
HIST 263 1227
HIST 264 1213
HIST 265 1224
HIST 266 1177
HIST 267 1173
HIST 268 1142
HIST 269 1220
HIST 270 1186
HIST 271 1181
HIST 272 1193
HIST 273 1182
HIST 274 1152
HIST 275 1142
HIST 276 1170
HIST 277 1143
HIST 278 1197
HIST 279 1129
HIST 280 1157
HIST 281 1147
HIST 282 1109
HIST 283 1156
HIST 284 1207
HIST 285 1133
HIST 286 1149
HIST 287 1133
HIST 288 1108
HIST 289 1102
HIST 290 1198
HIST 291 1132
HIST 292 1076
HIST 293 1096
HIST 294 1078
HIST 295 1075
HIST 296 1098
HIST 297 1129
HIST 298 1081
HIST 299 1114
HIST 300 1097
HIST 301 1043
HIST 302 1072
HIST 303 1133
HIST 304 1097
HIST 305 1075
HIST 306 1087
HIST 307 1124
HIST 308 1083
HIST 309 1111
HIST 310 1075
HIST 311 1026
HIST 312 1027
HIST 313 1068
HIST 314 1138
HIST 315 1061
HIST 316 997
HIST 317 1086
HIST 318 1033
HIST 319 1057
HIST 320 1075
HIST 321 999
HIST 322 937
HIST 323 1053
HIST 324 989
HIST 325 1033
HIST 326 979
HIST 327 1037
HIST 328 957
HIST 329 1052
HIST 330 1009
HIST 331 1013
HIST 332 1030
HIST 333 1010
HIST 334 1032
HIST 335 983
HIST 336 1004
HIST 337 1027
HIST 338 1000
HIST 339 1020
HIST 340 1019
HIST 341 1025
HIST 342 989
HIST 343 1011
HIST 344 979
HIST 345 998
HIST 346 1005
HIST 347 1046
HIST 348 1018
HIST 349 1051
HIST 350 970
HIST 351 986
HIST 352 948
HIST 353 1000
HIST 354 913
HIST 355 980
HIST 356 1035
HIST 357 1053
HIST 358 941
HIST 359 977
HIST 360 991
HIST 361 970
HIST 362 964
HIST 363 980
HIST 364 984
HIST 365 903
HIST 366 938
HIST 367 989
HIST 368 944
HIST 369 921
HIST 370 970
HIST 371 1000
HIST 372 979
HIST 373 960
HIST 374 934
HIST 375 926
HIST 376 989
HIST 377 988
HIST 378 998
HIST 379 993
HIST 380 964
HIST 381 946
HIST 382 958
HIST 383 989
HIST 384 960
HIST 385 985
HIST 386 953
HIST 387 977
HIST 388 969
HIST 389 954
HIST 390 1004
HIST 391 931
HIST 392 960
HIST 393 1001
HIST 394 900
HIST 395 935
HIST 396 942
HIST 397 902
HIST 398 906
HIST 399 945
HIST 400 897
HIST 401 1036
HIST 402 942
HIST 403 939
HIST 404 929
HIST 405 942
HIST 406 960
HIST 407 940
HIST 408 993
HIST 409 985
HIST 410 976
HIST 411 998
HIST 412 976
HIST 413 923
HIST 414 952
HIST 415 954
HIST 416 965
HIST 417 956
HIST 418 923
HIST 419 944
HIST 420 990
HIST 421 1024
HIST 422 994
HIST 423 943
HIST 424 981
HIST 425 986
HIST 426 979
HIST 427 971
HIST 428 953
HIST 429 1019
HIST 430 1002
HIST 431 992
HIST 432 937
HIST 433 1013
HIST 434 955
HIST 435 1012
HIST 436 992
HIST 437 962
HIST 438 998
HIST 439 1032
HIST 440 997
HIST 441 1053
HIST 442 985
HIST 443 1039
HIST 444 1011
HIST 445 985
HIST 446 1056
HIST 447 968
HIST 448 1065
HIST 449 1043
HIST 450 1074
HIST 451 1101
HIST 452 1088
HIST 453 1072
HIST 454 1137
HIST 455 1054
HIST 456 1052
HIST 457 1125
HIST 458 1113
HIST 459 1069
HIST 460 1113
HIST 461 1133
HIST 462 1052
HIST 463 1155
HIST 464 1145
HIST 465 1137
HIST 466 1117
HIST 467 1121
HIST 468 1139
HIST 469 1128
HIST 470 1101
HIST 471 1122
HIST 472 1104
HIST 473 1095
HIST 474 1067
HIST 475 990
HIST 476 1009
HIST 477 894
HIST 478 753
HIST 479 660
HIST 480 633
HIST 481 599
HIST 482 596
HIST 483 517
HIST 484 557
HIST 485 527
HIST 486 487
HIST 487 458
HIST 488 453
HIST 489 467
HIST 490 409
HIST 491 411
HIST 492 379
HIST 493 410
HIST 494 385
HIST 495 367
HIST 496 408
HIST 497 386
HIST 498 416
HIST 499 354
HIST 500 379
HIST 501 353
HIST 502 358
HIST 503 312
HIST 504 333
HIST 505 306
HIST 506 306
HIST 507 305
HIST 508 327
HIST 509 296
HIST 510 280
HIST 511 282
HIST 512 311
HIST 513 276
HIST 514 291
HIST 515 273
HIST 516 296
HIST 517 276
HIST 518 264
HIST 519 241
HIST 520 254
HIST 521 264
HIST 522 238
HIST 523 240
HIST 524 218
HIST 525 245
HIST 526 240
HIST 527 237
HIST 528 227
HIST 529 218
HIST 530 218
HIST 531 243
HIST 532 200
HIST 533 219
HIST 534 206
HIST 535 213
HIST 536 205
HIST 537 182
HIST 538 205
HIST 539 218
HIST 540 207
HIST 541 219
HIST 542 180
HIST 543 190
HIST 544 199
HIST 545 168
HIST 546 199
HIST 547 172
HIST 548 184
HIST 549 161
HIST 550 191
HIST 551 194
HIST 552 174
HIST 553 172
HIST 554 176
HIST 555 156
HIST 556 187
HIST 557 165
HIST 558 179
HIST 559 168
HIST 560 161
HIST 561 172
HIST 562 153
HIST 563 180
HIST 564 165
HIST 565 179
HIST 566 196
HIST 567 177
HIST 568 156
HIST 569 165
HIST 570 165
HIST 571 142
HIST 572 168
HIST 573 167
HIST 574 171
HIST 575 174
HIST 576 189
HIST 577 181
HIST 578 165
HIST 579 190
HIST 580 160
HIST 581 174
HIST 582 156
HIST 583 150
HIST 584 171
HIST 585 156
HIST 586 150
HIST 587 180
HIST 588 177
HIST 589 165
HIST 590 137
HIST 591 157
HIST 592 165
HIST 593 160
HIST 594 150
HIST 595 145
HIST 596 140
HIST 597 132
HIST 598 153
HIST 599 135
HIST 600 150
HIST 601 132
HIST 602 123
HIST 603 117
HIST 604 143
HIST 605 138
HIST 606 118
HIST 607 112
HIST 608 134
HIST 609 121
HIST 610 117
HIST 611 134
HIST 612 105
HIST 613 141
HIST 614 128
HIST 615 124
HIST 616 133
HIST 617 121
HIST 618 134
HIST 619 154
HIST 620 139
HIST 621 112
HIST 622 134
HIST 623 116
HIST 624 127
HIST 625 104
HIST 626 124
HIST 627 96
HIST 628 104
HIST 629 557
HIST 630 123
HIST 631 139
HIST 632 130
HIST 633 1341
HIST 634 129
HIST 635 125
HIST 636 106
HIST 637 107
HIST 638 127
HIST 639 114
HIST 640 107
HIST 641 121
HIST 642 132
HIST 643 97
HIST 644 103
HIST 645 103
HIST 646 127
HIST 647 118
HIST 648 119
HIST 649 99
HIST 650 120
HIST 651 89
HIST 652 120
HIST 653 107
HIST 654 94
HIST 655 118
HIST 656 105
HIST 657 92
HIST 658 102
HIST 659 113
HIST 660 96
HIST 661 79
HIST 662 486796
HISTEND
