
**************************************************************
 Geant4 version Name: geant4-11-04-patch-02 [MT]   (12-June-2026)
  << in Multi-threaded mode >> 
                       Copyright : Geant4 Collaboration
                      References : NIM A 506 (2003), 250-303
                                 : IEEE-TNS 53 (2006), 270-278
                                 : NIM A 835 (2016), 186-225
                             WWW : http://geant4.org/
**************************************************************

Accumulable registered as "any"
Accumulable registered as "w0"
Accumulable registered as "h0"
Accumulable registered as "h1"
Accumulable registered as "h2"
Accumulable registered as "h3"
Accumulable registered as "h4"
Accumulable registered as "h5"
Accumulable registered as "h6"
Accumulable registered as "h7"
Accumulable registered as "h8"
Accumulable registered as "h9"
Accumulable registered as "h10"
Accumulable registered as "h11"
Accumulable registered as "h12"
Accumulable registered as "h13"
Accumulable registered as "h14"
Accumulable registered as "h15"
Accumulable registered as "h16"
Accumulable registered as "h17"
Accumulable registered as "h18"
Accumulable registered as "h19"
Accumulable registered as "h20"
Accumulable registered as "h21"
Accumulable registered as "h22"
Accumulable registered as "h23"
Accumulable registered as "h24"
Accumulable registered as "h25"
Accumulable registered as "h26"
Accumulable registered as "h27"
Accumulable registered as "h28"
Accumulable registered as "h29"
Accumulable registered as "h30"
Accumulable registered as "h31"
Accumulable registered as "h32"
Accumulable registered as "h33"
Accumulable registered as "h34"
Accumulable registered as "h35"
Accumulable registered as "h36"
Accumulable registered as "h37"
Accumulable registered as "h38"
Accumulable registered as "h39"
Accumulable registered as "h40"
Accumulable registered as "h41"
Accumulable registered as "h42"
Accumulable registered as "h43"
Accumulable registered as "h44"
Accumulable registered as "h45"
Accumulable registered as "h46"
Accumulable registered as "h47"
Accumulable registered as "h48"
Accumulable registered as "h49"
Accumulable registered as "h50"
Accumulable registered as "h51"
Accumulable registered as "h52"
Accumulable registered as "h53"
Accumulable registered as "h54"
Accumulable registered as "h55"
Accumulable registered as "h56"
Accumulable registered as "h57"
Accumulable registered as "h58"
Accumulable registered as "h59"
Accumulable registered as "h60"
Accumulable registered as "h61"
Accumulable registered as "h62"
Accumulable registered as "h63"
Accumulable registered as "h64"
Accumulable registered as "h65"
Accumulable registered as "h66"
Accumulable registered as "h67"
Accumulable registered as "h68"
Accumulable registered as "h69"
Accumulable registered as "h70"
Accumulable registered as "h71"
Accumulable registered as "h72"
Accumulable registered as "h73"
Accumulable registered as "h74"
Accumulable registered as "h75"
Accumulable registered as "h76"
Accumulable registered as "h77"
Accumulable registered as "h78"
Accumulable registered as "h79"
Accumulable registered as "h80"
Accumulable registered as "h81"
Accumulable registered as "h82"
Accumulable registered as "h83"
Accumulable registered as "h84"
Accumulable registered as "h85"
Accumulable registered as "h86"
Accumulable registered as "h87"
Accumulable registered as "h88"
Accumulable registered as "h89"
Accumulable registered as "h90"
Accumulable registered as "h91"
Accumulable registered as "h92"
Accumulable registered as "h93"
Accumulable registered as "h94"
Accumulable registered as "h95"
Accumulable registered as "h96"
Accumulable registered as "h97"
Accumulable registered as "h98"
Accumulable registered as "h99"
Accumulable registered as "h100"
Accumulable registered as "h101"
Accumulable registered as "h102"
Accumulable registered as "h103"
Accumulable registered as "h104"
Accumulable registered as "h105"
Accumulable registered as "h106"
Accumulable registered as "h107"
Accumulable registered as "h108"
Accumulable registered as "h109"
Accumulable registered as "h110"
Accumulable registered as "h111"
Accumulable registered as "h112"
Accumulable registered as "h113"
Accumulable registered as "h114"
Accumulable registered as "h115"
Accumulable registered as "h116"
Accumulable registered as "h117"
Accumulable registered as "h118"
Accumulable registered as "h119"
Accumulable registered as "h120"
Accumulable registered as "h121"
Accumulable registered as "h122"
Accumulable registered as "h123"
Accumulable registered as "h124"
Accumulable registered as "h125"
Accumulable registered as "h126"
Accumulable registered as "h127"
Accumulable registered as "h128"
Accumulable registered as "h129"
Accumulable registered as "h130"
Accumulable registered as "h131"
Accumulable registered as "h132"
Accumulable registered as "h133"
Accumulable registered as "h134"
Accumulable registered as "h135"
Accumulable registered as "h136"
Accumulable registered as "h137"
Accumulable registered as "h138"
Accumulable registered as "h139"
Accumulable registered as "h140"
Accumulable registered as "h141"
Accumulable registered as "h142"
Accumulable registered as "h143"
Accumulable registered as "h144"
Accumulable registered as "h145"
Accumulable registered as "h146"
Accumulable registered as "h147"
Accumulable registered as "h148"
Accumulable registered as "h149"
Accumulable registered as "h150"
Accumulable registered as "h151"
Accumulable registered as "h152"
Accumulable registered as "h153"
Accumulable registered as "h154"
Accumulable registered as "h155"
Accumulable registered as "h156"
Accumulable registered as "h157"
Accumulable registered as "h158"
Accumulable registered as "h159"
Accumulable registered as "h160"
Accumulable registered as "h161"
Accumulable registered as "h162"
Accumulable registered as "h163"
Accumulable registered as "h164"
Accumulable registered as "h165"
Accumulable registered as "h166"
Accumulable registered as "h167"
Accumulable registered as "h168"
Accumulable registered as "h169"
Accumulable registered as "h170"
Accumulable registered as "h171"
Accumulable registered as "h172"
Accumulable registered as "h173"
Accumulable registered as "h174"
Accumulable registered as "h175"
Accumulable registered as "h176"
Accumulable registered as "h177"
Accumulable registered as "h178"
Accumulable registered as "h179"
Accumulable registered as "h180"
Accumulable registered as "h181"
Accumulable registered as "h182"
Accumulable registered as "h183"
Accumulable registered as "h184"
Accumulable registered as "h185"
Accumulable registered as "h186"
Accumulable registered as "h187"
Accumulable registered as "h188"
Accumulable registered as "h189"
Accumulable registered as "h190"
Accumulable registered as "h191"
Accumulable registered as "h192"
Accumulable registered as "h193"
Accumulable registered as "h194"
Accumulable registered as "h195"
Accumulable registered as "h196"
Accumulable registered as "h197"
Accumulable registered as "h198"
Accumulable registered as "h199"
Accumulable registered as "h200"
Accumulable registered as "h201"
Accumulable registered as "h202"
Accumulable registered as "h203"
Accumulable registered as "h204"
Accumulable registered as "h205"
Accumulable registered as "h206"
Accumulable registered as "h207"
Accumulable registered as "h208"
Accumulable registered as "h209"
Accumulable registered as "h210"
Accumulable registered as "h211"
Accumulable registered as "h212"
Accumulable registered as "h213"
Accumulable registered as "h214"
Accumulable registered as "h215"
Accumulable registered as "h216"
Accumulable registered as "h217"
Accumulable registered as "h218"
Accumulable registered as "h219"
Accumulable registered as "h220"
Accumulable registered as "h221"
Accumulable registered as "h222"
Accumulable registered as "h223"
Accumulable registered as "h224"
Accumulable registered as "h225"
Accumulable registered as "h226"
Accumulable registered as "h227"
Accumulable registered as "h228"
Accumulable registered as "h229"
Accumulable registered as "h230"
Accumulable registered as "h231"
Accumulable registered as "h232"
Accumulable registered as "h233"
Accumulable registered as "h234"
Accumulable registered as "h235"
Accumulable registered as "h236"
Accumulable registered as "h237"
Accumulable registered as "h238"
Accumulable registered as "h239"
Accumulable registered as "h240"
Accumulable registered as "h241"
Accumulable registered as "h242"
Accumulable registered as "h243"
Accumulable registered as "h244"
Accumulable registered as "h245"
Accumulable registered as "h246"
Accumulable registered as "h247"
Accumulable registered as "h248"
Accumulable registered as "h249"
Accumulable registered as "h250"
Accumulable registered as "h251"
Accumulable registered as "h252"
Accumulable registered as "h253"
Accumulable registered as "h254"
Accumulable registered as "h255"
Accumulable registered as "h256"
Accumulable registered as "h257"
Accumulable registered as "h258"
Accumulable registered as "h259"
Accumulable registered as "h260"
Accumulable registered as "h261"
Accumulable registered as "h262"
Accumulable registered as "h263"
Accumulable registered as "h264"
Accumulable registered as "h265"
Accumulable registered as "h266"
Accumulable registered as "h267"
Accumulable registered as "h268"
Accumulable registered as "h269"
Accumulable registered as "h270"
Accumulable registered as "h271"
Accumulable registered as "h272"
Accumulable registered as "h273"
Accumulable registered as "h274"
Accumulable registered as "h275"
Accumulable registered as "h276"
Accumulable registered as "h277"
Accumulable registered as "h278"
Accumulable registered as "h279"
Accumulable registered as "h280"
Accumulable registered as "h281"
Accumulable registered as "h282"
Accumulable registered as "h283"
Accumulable registered as "h284"
Accumulable registered as "h285"
Accumulable registered as "h286"
Accumulable registered as "h287"
Accumulable registered as "h288"
Accumulable registered as "h289"
Accumulable registered as "h290"
Accumulable registered as "h291"
Accumulable registered as "h292"
Accumulable registered as "h293"
Accumulable registered as "h294"
Accumulable registered as "h295"
Accumulable registered as "h296"
Accumulable registered as "h297"
Accumulable registered as "h298"
Accumulable registered as "h299"
Accumulable registered as "h300"
Accumulable registered as "h301"
Accumulable registered as "h302"
Accumulable registered as "h303"
Accumulable registered as "h304"
Accumulable registered as "h305"
Accumulable registered as "h306"
Accumulable registered as "h307"
Accumulable registered as "h308"
Accumulable registered as "h309"
Accumulable registered as "h310"
Accumulable registered as "h311"
Accumulable registered as "h312"
Accumulable registered as "h313"
Accumulable registered as "h314"
Accumulable registered as "h315"
Accumulable registered as "h316"
Accumulable registered as "h317"
Accumulable registered as "h318"
Accumulable registered as "h319"
Accumulable registered as "h320"
Accumulable registered as "h321"
Accumulable registered as "h322"
Accumulable registered as "h323"
Accumulable registered as "h324"
Accumulable registered as "h325"
Accumulable registered as "h326"
Accumulable registered as "h327"
Accumulable registered as "h328"
Accumulable registered as "h329"
Accumulable registered as "h330"
Accumulable registered as "h331"
Accumulable registered as "h332"
Accumulable registered as "h333"
Accumulable registered as "h334"
Accumulable registered as "h335"
Accumulable registered as "h336"
Accumulable registered as "h337"
Accumulable registered as "h338"
Accumulable registered as "h339"
Accumulable registered as "h340"
Accumulable registered as "h341"
Accumulable registered as "h342"
Accumulable registered as "h343"
Accumulable registered as "h344"
Accumulable registered as "h345"
Accumulable registered as "h346"
Accumulable registered as "h347"
Accumulable registered as "h348"
Accumulable registered as "h349"
Accumulable registered as "h350"
Accumulable registered as "h351"
Accumulable registered as "h352"
Accumulable registered as "h353"
Accumulable registered as "h354"
Accumulable registered as "h355"
Accumulable registered as "h356"
Accumulable registered as "h357"
Accumulable registered as "h358"
Accumulable registered as "h359"
Accumulable registered as "h360"
Accumulable registered as "h361"
Accumulable registered as "h362"
Accumulable registered as "h363"
Accumulable registered as "h364"
Accumulable registered as "h365"
Accumulable registered as "h366"
Accumulable registered as "h367"
Accumulable registered as "h368"
Accumulable registered as "h369"
Accumulable registered as "h370"
Accumulable registered as "h371"
Accumulable registered as "h372"
Accumulable registered as "h373"
Accumulable registered as "h374"
Accumulable registered as "h375"
Accumulable registered as "h376"
Accumulable registered as "h377"
Accumulable registered as "h378"
Accumulable registered as "h379"
Accumulable registered as "h380"
Accumulable registered as "h381"
Accumulable registered as "h382"
Accumulable registered as "h383"
Accumulable registered as "h384"
Accumulable registered as "h385"
Accumulable registered as "h386"
Accumulable registered as "h387"
Accumulable registered as "h388"
Accumulable registered as "h389"
Accumulable registered as "h390"
Accumulable registered as "h391"
Accumulable registered as "h392"
Accumulable registered as "h393"
Accumulable registered as "h394"
Accumulable registered as "h395"
Accumulable registered as "h396"
Accumulable registered as "h397"
Accumulable registered as "h398"
Accumulable registered as "h399"
Accumulable registered as "h400"
Accumulable registered as "h401"
Accumulable registered as "h402"
Accumulable registered as "h403"
Accumulable registered as "h404"
Accumulable registered as "h405"
Accumulable registered as "h406"
Accumulable registered as "h407"
Accumulable registered as "h408"
Accumulable registered as "h409"
Accumulable registered as "h410"
Accumulable registered as "h411"
Accumulable registered as "h412"
Accumulable registered as "h413"
Accumulable registered as "h414"
Accumulable registered as "h415"
Accumulable registered as "h416"
Accumulable registered as "h417"
Accumulable registered as "h418"
Accumulable registered as "h419"
Accumulable registered as "h420"
Accumulable registered as "h421"
Accumulable registered as "h422"
Accumulable registered as "h423"
Accumulable registered as "h424"
Accumulable registered as "h425"
Accumulable registered as "h426"
Accumulable registered as "h427"
Accumulable registered as "h428"
Accumulable registered as "h429"
Accumulable registered as "h430"
Accumulable registered as "h431"
Accumulable registered as "h432"
Accumulable registered as "h433"
Accumulable registered as "h434"
Accumulable registered as "h435"
Accumulable registered as "h436"
Accumulable registered as "h437"
Accumulable registered as "h438"
Accumulable registered as "h439"
Accumulable registered as "h440"
Accumulable registered as "h441"
Accumulable registered as "h442"
Accumulable registered as "h443"
Accumulable registered as "h444"
Accumulable registered as "h445"
Accumulable registered as "h446"
Accumulable registered as "h447"
Accumulable registered as "h448"
Accumulable registered as "h449"
Accumulable registered as "h450"
Accumulable registered as "h451"
Accumulable registered as "h452"
Accumulable registered as "h453"
Accumulable registered as "h454"
Accumulable registered as "h455"
Accumulable registered as "h456"
Accumulable registered as "h457"
Accumulable registered as "h458"
Accumulable registered as "h459"
Accumulable registered as "h460"
Accumulable registered as "h461"
Accumulable registered as "h462"
Accumulable registered as "h463"
Accumulable registered as "h464"
Accumulable registered as "h465"
Accumulable registered as "h466"
Accumulable registered as "h467"
Accumulable registered as "h468"
Accumulable registered as "h469"
Accumulable registered as "h470"
Accumulable registered as "h471"
Accumulable registered as "h472"
Accumulable registered as "h473"
Accumulable registered as "h474"
Accumulable registered as "h475"
Accumulable registered as "h476"
Accumulable registered as "h477"
Accumulable registered as "h478"
Accumulable registered as "h479"
Accumulable registered as "h480"
Accumulable registered as "h481"
Accumulable registered as "h482"
Accumulable registered as "h483"
Accumulable registered as "h484"
Accumulable registered as "h485"
Accumulable registered as "h486"
Accumulable registered as "h487"
Accumulable registered as "h488"
Accumulable registered as "h489"
Accumulable registered as "h490"
Accumulable registered as "h491"
Accumulable registered as "h492"
Accumulable registered as "h493"
Accumulable registered as "h494"
Accumulable registered as "h495"
Accumulable registered as "h496"
Accumulable registered as "h497"
Accumulable registered as "h498"
Accumulable registered as "h499"
Accumulable registered as "h500"
Accumulable registered as "h501"
Accumulable registered as "h502"
Accumulable registered as "h503"
Accumulable registered as "h504"
Accumulable registered as "h505"
Accumulable registered as "h506"
Accumulable registered as "h507"
Accumulable registered as "h508"
Accumulable registered as "h509"
Accumulable registered as "h510"
Accumulable registered as "h511"
Accumulable registered as "h512"
Accumulable registered as "h513"
Accumulable registered as "h514"
Accumulable registered as "h515"
Accumulable registered as "h516"
Accumulable registered as "h517"
Accumulable registered as "h518"
Accumulable registered as "h519"
Accumulable registered as "h520"
Accumulable registered as "h521"
Accumulable registered as "h522"
Accumulable registered as "h523"
Accumulable registered as "h524"
Accumulable registered as "h525"
Accumulable registered as "h526"
Accumulable registered as "h527"
Accumulable registered as "h528"
Accumulable registered as "h529"
Accumulable registered as "h530"
Accumulable registered as "h531"
Accumulable registered as "h532"
Accumulable registered as "h533"
Accumulable registered as "h534"
Accumulable registered as "h535"
Accumulable registered as "h536"
Accumulable registered as "h537"
Accumulable registered as "h538"
Accumulable registered as "h539"
Accumulable registered as "h540"
Accumulable registered as "h541"
Accumulable registered as "h542"
Accumulable registered as "h543"
Accumulable registered as "h544"
Accumulable registered as "h545"
Accumulable registered as "h546"
Accumulable registered as "h547"
Accumulable registered as "h548"
Accumulable registered as "h549"
Accumulable registered as "h550"
Accumulable registered as "h551"
Accumulable registered as "h552"
Accumulable registered as "h553"
Accumulable registered as "h554"
Accumulable registered as "h555"
Accumulable registered as "h556"
Accumulable registered as "h557"
Accumulable registered as "h558"
Accumulable registered as "h559"
Accumulable registered as "h560"
Accumulable registered as "h561"
Accumulable registered as "h562"
Accumulable registered as "h563"
Accumulable registered as "h564"
Accumulable registered as "h565"
Accumulable registered as "h566"
Accumulable registered as "h567"
Accumulable registered as "h568"
Accumulable registered as "h569"
Accumulable registered as "h570"
Accumulable registered as "h571"
Accumulable registered as "h572"
Accumulable registered as "h573"
Accumulable registered as "h574"
Accumulable registered as "h575"
Accumulable registered as "h576"
Accumulable registered as "h577"
Accumulable registered as "h578"
Accumulable registered as "h579"
Accumulable registered as "h580"
Accumulable registered as "h581"
Accumulable registered as "h582"
Accumulable registered as "h583"
Accumulable registered as "h584"
Accumulable registered as "h585"
Accumulable registered as "h586"
Accumulable registered as "h587"
Accumulable registered as "h588"
Accumulable registered as "h589"
Accumulable registered as "h590"
Accumulable registered as "h591"
Accumulable registered as "h592"
Accumulable registered as "h593"
Accumulable registered as "h594"
Accumulable registered as "h595"
Accumulable registered as "h596"
Accumulable registered as "h597"
Accumulable registered as "h598"
Accumulable registered as "h599"
Accumulable registered as "h600"
Accumulable registered as "h601"
Accumulable registered as "h602"
Accumulable registered as "h603"
Accumulable registered as "h604"
Accumulable registered as "h605"
Accumulable registered as "h606"
Accumulable registered as "h607"
Accumulable registered as "h608"
Accumulable registered as "h609"
Accumulable registered as "h610"
Accumulable registered as "h611"
Accumulable registered as "h612"
Accumulable registered as "h613"
Accumulable registered as "h614"
Accumulable registered as "h615"
Accumulable registered as "h616"
Accumulable registered as "h617"
Accumulable registered as "h618"
Accumulable registered as "h619"
Accumulable registered as "h620"
Accumulable registered as "h621"
Accumulable registered as "h622"
Accumulable registered as "h623"
Accumulable registered as "h624"
Accumulable registered as "h625"
Accumulable registered as "h626"
Accumulable registered as "h627"
Accumulable registered as "h628"
Accumulable registered as "h629"
Accumulable registered as "h630"
Accumulable registered as "h631"
Accumulable registered as "h632"
Accumulable registered as "h633"
Accumulable registered as "h634"
Accumulable registered as "h635"
Accumulable registered as "h636"
Accumulable registered as "h637"
Accumulable registered as "h638"
Accumulable registered as "h639"
Accumulable registered as "h640"
Accumulable registered as "h641"
Accumulable registered as "h642"
Accumulable registered as "h643"
Accumulable registered as "h644"
Accumulable registered as "h645"
Accumulable registered as "h646"
Accumulable registered as "h647"
Accumulable registered as "h648"
Accumulable registered as "h649"
Accumulable registered as "h650"
Accumulable registered as "h651"
Accumulable registered as "h652"
Accumulable registered as "h653"
Accumulable registered as "h654"
Accumulable registered as "h655"
Accumulable registered as "h656"
Accumulable registered as "h657"
Accumulable registered as "h658"
Accumulable registered as "h659"
Accumulable registered as "h660"
Accumulable registered as "h661"
Accumulable registered as "h662"
Checking overlaps for volume r0:0 (G4Tubs) ... OK! 
=======================================================================
======                 Electromagnetic Physics Parameters      ========
=======================================================================
LPM effect enabled                                 1
Enable creation and use of sampling tables         0
Apply cuts on all EM processes                     0
Use combined TransportationWithMsc                 Disabled
Use general process                                1
Enable linear polarisation for gamma               0
Enable photoeffect sampling below K-shell          1
Enable sampling of quantum entanglement            0
X-section factor for integral approach             0.8
Min kinetic energy for tables                      100 eV 
Max kinetic energy for tables                      100 TeV
Number of bins per decade of a table               20
Verbose level                                      1
Verbose level for worker thread                    0
Bremsstrahlung energy threshold above which 
  primary e+- is added to the list of secondary    100 TeV
Bremsstrahlung energy threshold above which primary
  muon/hadron is added to the list of secondary    100 TeV
Positron annihilation at rest model                AllisonPositronium
Enable 3 gamma annihilation on fly                 1
Lowest triplet kinetic energy                      1 MeV
Enable sampling of gamma linear polarisation       0
5D gamma conversion model type                     0
5D gamma conversion model on isolated ion          0
Use RiGe 5D e+e- pair production model by muons    0
Livermore data directory                           epics_2017
=======================================================================
======                 Ionisation Parameters                   ========
=======================================================================
Step function for e+-                              (0.2, 0.01 mm)
Step function for muons/hadrons                    (0.1, 0.05 mm)
Step function for light ions                       (0.1, 0.02 mm)
Step function for general ions                     (0.1, 0.001 mm)
Lowest e+e- kinetic energy                         100 eV 
Lowest muon/hadron kinetic energy                  1 keV
Use ICRU90 data                                    1
Fluctuations of dE/dx are enabled                  1
Type of fluctuation model for leptons and hadrons  Urban
Use built-in Birks saturation                      0
Build CSDA range enabled                           0
Use cut as a final range enabled                   0
Enable angular generator interface                 1
Max kinetic energy for CSDA tables                 1 GeV
Max kinetic energy for NIEL computation            1 MeV
Linear loss limit                                  0.01
Read data from file for e+e- pair production by mu 0
=======================================================================
======                 Multiple Scattering Parameters          ========
=======================================================================
Type of msc step limit algorithm for e+-           2
Type of msc step limit algorithm for muons/hadrons 0
Msc lateral displacement for e+- enabled           1
Msc lateral displacement for muons and hadrons     1
Urban msc model lateral displacement alg96         1
Range factor for msc step limit for e+-            0.08
Range factor for msc step limit for muons/hadrons  0.2
Geometry factor for msc step limitation of e+-     2.5
Safety factor for msc step limit for e+-           0.6
Skin parameter for msc step limitation of e+-      3
Lambda limit for msc step limit for e+-            1 mm
Use Mott correction for e- scattering              1
Factor used for dynamic computation of angular 
  limit between single and multiple scattering     1
Fixed angular limit between single 
  and multiple scattering                          3.1416 rad
Upper energy limit for e+- multiple scattering     100 MeV
Type of electron single scattering model           0
Type of nuclear form-factor                        1
Screening factor                                   1
=======================================================================
======                 Atomic Deexcitation Parameters          ========
=======================================================================
Fluorescence enabled                               1
Directory in G4LEDATA for fluorescence data files  fluor
Auger electron cascade enabled                     1
PIXE atomic de-excitation enabled                  0
De-excitation module ignores cuts                  1
Type of PIXE cross section for hadrons             Empirical
Type of PIXE cross section for e+-                 Livermore
=======================================================================

### ===  Deexcitation model UAtomDeexcitation is activated for 1 region:
          DefaultRegionForTheWorld  1  1  0
### ===  Auger flag: 1
### ===  Ignore cuts flag:   1

phot:  for gamma SubType=12 BuildTable=0
      LambdaPrime table from 200 keV to 100 TeV in 174 bins 
      ===== EM models for the G4Region  DefaultRegionForTheWorld ======
 LivermorePhElectric : Emin=    0 eV  Emax=  100 TeV  SauterGavrila Fluo

compt:  for gamma SubType=13 BuildTable=1
      Lambda table from 100 eV  to 1 MeV, 20 bins/decade, spline: 1
      LambdaPrime table from 1 MeV to 100 TeV in 160 bins 
      ===== EM models for the G4Region  DefaultRegionForTheWorld ======
   LowEPComptonModel : Emin=    0 eV  Emax=   20 MeV Fluo
        KleinNishina : Emin=   20 MeV Emax=  100 TeV Fluo

conv:  for gamma SubType=14 BuildTable=1
      Lambda table from 1.022 MeV to 100 TeV, 20 bins/decade, spline: 1
      ===== EM models for the G4Region  DefaultRegionForTheWorld ======
      BetheHeitler5D : Emin=    0 eV  Emax=  100 TeV  ModifiedTsai

Rayl:  for gamma SubType=11 BuildTable=1
      Lambda table from 100 eV  to 150 keV, 20 bins/decade, spline: 0
      LambdaPrime table from 150 keV to 100 TeV in 176 bins 
      ===== EM models for the G4Region  DefaultRegionForTheWorld ======
   LivermoreRayleigh : Emin=    0 eV  Emax=  100 TeV  CullenGenerator

msc:  for e-  SubType= 10
      ===== EM models for the G4Region  DefaultRegionForTheWorld ======
  GoudsmitSaunderson : Emin=    0 eV  Emax=  100 MeV Nbins=120 100 eV  - 100 MeV
          StepLim=SafetyPlus Rfact=0.08 Gfact=2.5 Sfact=0.6 DispFlag:1 Skin=3 Llim=1 mm
        WentzelVIUni : Emin=  100 MeV Emax=  100 TeV Nbins=120 100 MeV - 100 TeV
          StepLim=SafetyPlus Rfact=0.08 Gfact=2.5 Sfact=0.6 DispFlag:1 Skin=3 Llim=1 mm

eIoni:  for e-  XStype:3  SubType=2
      dE/dx and range tables from 100 eV  to 100 TeV in 240 bins
      Lambda tables from threshold to 100 TeV, 20 bins/decade, spline: 1
      StepFunction=(0.2, 0.01 mm), integ: 3, fluct: 1, linLossLim= 0.01
      ===== EM models for the G4Region  DefaultRegionForTheWorld ======
             PenIoni : Emin=    0 eV  Emax=  100 keV
        MollerBhabha : Emin=  100 keV Emax=  100 TeV  deltaVI

eBrem:  for e-  XStype:4  SubType=3
      dE/dx and range tables from 100 eV  to 100 TeV in 240 bins
      Lambda tables from threshold to 100 TeV, 20 bins/decade, spline: 1
      LPM flag: 1 for E > 1 GeV,  VertexHighEnergyTh(GeV)= 100000
      ===== EM models for the G4Region  DefaultRegionForTheWorld ======
             eBremSB : Emin=    0 eV  Emax=    1 GeV  AngularGen2BS
            eBremLPM : Emin=    1 GeV Emax=  100 TeV  AngularGen2BS

ePairProd:  for e-  XStype:1  SubType=4
      dE/dx and range tables from 100 eV  to 100 TeV in 240 bins
      Lambda tables from threshold to 100 TeV, 20 bins/decade, spline: 0
      Sampling table 25x1001; from 0.1 GeV to 100 TeV 
      ===== EM models for the G4Region  DefaultRegionForTheWorld ======
           ePairProd : Emin=    0 eV  Emax=  100 TeV  ModifiedMephi

CoulombScat:  for e- XStype:1 SubType=1 BuildTable=1
      Lambda table from 100 MeV to 100 TeV, 20 bins/decade, spline: 0
      ThetaMin(p) < Theta(degree) < 180, pLimit(GeV^1)= 0.139531
      ===== EM models for the G4Region  DefaultRegionForTheWorld ======
  eCoulombScattering : Emin=  100 MeV Emax=  100 TeV

msc:  for e+  SubType= 10
      ===== EM models for the G4Region  DefaultRegionForTheWorld ======
  GoudsmitSaunderson : Emin=    0 eV  Emax=  100 MeV Nbins=120 100 eV  - 100 MeV
          StepLim=SafetyPlus Rfact=0.08 Gfact=2.5 Sfact=0.6 DispFlag:1 Skin=3 Llim=1 mm
        WentzelVIUni : Emin=  100 MeV Emax=  100 TeV Nbins=120 100 MeV - 100 TeV
          StepLim=SafetyPlus Rfact=0.08 Gfact=2.5 Sfact=0.6 DispFlag:1 Skin=3 Llim=1 mm

eIoni:  for e+  XStype:3  SubType=2
      dE/dx and range tables from 100 eV  to 100 TeV in 240 bins
      Lambda tables from threshold to 100 TeV, 20 bins/decade, spline: 1
      StepFunction=(0.2, 0.01 mm), integ: 3, fluct: 1, linLossLim= 0.01
      ===== EM models for the G4Region  DefaultRegionForTheWorld ======
             PenIoni : Emin=    0 eV  Emax=  100 keV
        MollerBhabha : Emin=  100 keV Emax=  100 TeV  deltaVI

eBrem:  for e+  XStype:4  SubType=3
      dE/dx and range tables from 100 eV  to 100 TeV in 240 bins
      Lambda tables from threshold to 100 TeV, 20 bins/decade, spline: 1
      LPM flag: 1 for E > 1 GeV,  VertexHighEnergyTh(GeV)= 100000
      ===== EM models for the G4Region  DefaultRegionForTheWorld ======
             eBremSB : Emin=    0 eV  Emax=    1 GeV  AngularGen2BS
            eBremLPM : Emin=    1 GeV Emax=  100 TeV  AngularGen2BS

ePairProd:  for e+  XStype:1  SubType=4
      dE/dx and range tables from 100 eV  to 100 TeV in 240 bins
      Lambda tables from threshold to 100 TeV, 20 bins/decade, spline: 0
      Sampling table 25x1001; from 0.1 GeV to 100 TeV 
      ===== EM models for the G4Region  DefaultRegionForTheWorld ======
           ePairProd : Emin=    0 eV  Emax=  100 TeV  ModifiedMephi

annihil:  for e+ XStype:2 SubType=5 AtRestModel:Allison BuildTable=0
      ===== EM models for the G4Region  DefaultRegionForTheWorld ======
    eplusTo2or3gamma : Emin=    0 eV  Emax=  100 TeV

CoulombScat:  for e+ XStype:1 SubType=1 BuildTable=1
      Lambda table from 100 MeV to 100 TeV, 20 bins/decade, spline: 0
      ThetaMin(p) < Theta(degree) < 180, pLimit(GeV^1)= 0.139531
      ===== EM models for the G4Region  DefaultRegionForTheWorld ======
  eCoulombScattering : Emin=  100 MeV Emax=  100 TeV

msc:  for proton  SubType= 10
      ===== EM models for the G4Region  DefaultRegionForTheWorld ======
        WentzelVIUni : Emin=    0 eV  Emax=  100 TeV Nbins=240 100 eV  - 100 TeV
          StepLim=Minimal Rfact=0.2 Gfact=2.5 Sfact=0.6 DispFlag:1 Skin=3 Llim=1 mm

hIoni:  for proton  XStype:3  SubType=2
      dE/dx and range tables from 100 eV  to 100 TeV in 240 bins
      Lambda tables from threshold to 100 TeV, 20 bins/decade, spline: 1
      StepFunction=(0.1, 0.05 mm), integ: 3, fluct: 1, linLossLim= 0.01
      ===== EM models for the G4Region  DefaultRegionForTheWorld ======
               Bragg : Emin=    0 eV  Emax=    2 MeV  deltaVI
          BetheBloch : Emin=    2 MeV Emax=  100 TeV  deltaVI

hBrems:  for proton  XStype:1  SubType=3
      dE/dx and range tables from 100 eV  to 100 TeV in 240 bins
      Lambda tables from threshold to 100 TeV, 20 bins/decade, spline: 1
      ===== EM models for the G4Region  DefaultRegionForTheWorld ======
               hBrem : Emin=    0 eV  Emax=  100 TeV  ModifiedMephi

hPairProd:  for proton  XStype:1  SubType=4
      dE/dx and range tables from 100 eV  to 100 TeV in 240 bins
      Lambda tables from threshold to 100 TeV, 20 bins/decade, spline: 1
      Sampling table 17x1001, from 7.50618 GeV to 100 TeV 
      ===== EM models for the G4Region  DefaultRegionForTheWorld ======
           hPairProd : Emin=    0 eV  Emax=  100 TeV  ModifiedMephi

CoulombScat:  for proton XStype:1 SubType=1 BuildTable=1
      Lambda table from threshold  to 100 TeV, 20 bins/decade, spline: 0
      ThetaMin(p) < Theta(degree) < 180, pLimit(GeV^1)= 0.139531
      ===== EM models for the G4Region  DefaultRegionForTheWorld ======
  eCoulombScattering : Emin=    0 eV  Emax=  100 TeV

nuclearStopping:  for proton SubType=8 BuildTable=0
      ===== EM models for the G4Region  DefaultRegionForTheWorld ======
   ICRU49NucStopping : Emin=    0 eV  Emax=    1 MeV

msc:  for GenericIon  SubType= 10
      ===== EM models for the G4Region  DefaultRegionForTheWorld ======
            UrbanMsc : Emin=    0 eV  Emax=  100 TeV
          StepLim=Minimal Rfact=0.2 Gfact=2.5 Sfact=0.6 DispFlag:1 Skin=3 Llim=1 mm

ionIoni:  for GenericIon  XStype:3  SubType=2
      dE/dx and range tables from 100 eV  to 100 TeV in 240 bins
      Lambda tables from threshold to 100 TeV, 20 bins/decade, spline: 1
      StepFunction=(0.1, 0.001 mm), integ: 3, fluct: 1, linLossLim= 0.02
      ===== EM models for the G4Region  DefaultRegionForTheWorld ======
    LindhardSorensen : Emin=    0 eV  Emax=  100 TeV  deltaVI

nuclearStopping:  for GenericIon SubType=8 BuildTable=0
      ===== EM models for the G4Region  DefaultRegionForTheWorld ======
   ICRU49NucStopping : Emin=    0 eV  Emax=    1 MeV
======================================================================
======          Radioactive Decay Physics Parameters           =======
======================================================================
min MeanLife (from G4NuclideTable)                1 ns 
Max life time (from G4DeexPrecoParameters)        1000 ps 
Internal e- conversion flag                       1
Stored internal conversion coefficients           1
Enabled atomic relaxation mode                    1
Enable correlated gamma emission                  0
Max 2J for sampling of angular correlations       10
Atomic de-excitation enabled                      1
Auger electron emission enabled                   1
Check EM cuts disabled for atomic de-excitation   1
Use Bearden atomic level energies                 0
Use ANSTO fluorescence model                      0
Threshold for very long decay time at rest        1 y  
======================================================================

====================================================================
                  HADRONIC PROCESSES SUMMARY (verbose level 1)
-------------------------------------------------------------------------
                           Hadronic Processes for GenericIon
  Process: RadioactiveDecay

msc:  for alpha  SubType= 10
      ===== EM models for the G4Region  DefaultRegionForTheWorld ======
            UrbanMsc : Emin=    0 eV  Emax=  100 TeV
          StepLim=Minimal Rfact=0.2 Gfact=2.5 Sfact=0.6 DispFlag:1 Skin=3 Llim=1 mm

ionIoni:  for alpha  XStype:3  SubType=2
      dE/dx and range tables from 100 eV  to 100 TeV in 240 bins
      Lambda tables from threshold to 100 TeV, 20 bins/decade, spline: 1
      StepFunction=(0.1, 0.02 mm), integ: 3, fluct: 1, linLossLim= 0.02
      ===== EM models for the G4Region  DefaultRegionForTheWorld ======
            BraggIon : Emin=    0 eV  Emax=7.9452 MeV  deltaVI
          BetheBloch : Emin=7.9452 MeV Emax=  100 TeV  deltaVI

nuclearStopping:  for alpha SubType=8 BuildTable=0
      ===== EM models for the G4Region  DefaultRegionForTheWorld ======
   ICRU49NucStopping : Emin=    0 eV  Emax=    1 MeV

msc:  for anti_proton  SubType= 10
      ===== EM models for the G4Region  DefaultRegionForTheWorld ======
        WentzelVIUni : Emin=    0 eV  Emax=  100 TeV Nbins=240 100 eV  - 100 TeV
          StepLim=Minimal Rfact=0.2 Gfact=2.5 Sfact=0.6 DispFlag:1 Skin=3 Llim=1 mm

hIoni:  for anti_proton  XStype:3  SubType=2
      dE/dx and range tables from 100 eV  to 100 TeV in 240 bins
      Lambda tables from threshold to 100 TeV, 20 bins/decade, spline: 1
      StepFunction=(0.1, 0.05 mm), integ: 3, fluct: 1, linLossLim= 0.01
      ===== EM models for the G4Region  DefaultRegionForTheWorld ======
            ICRU73QO : Emin=    0 eV  Emax=    2 MeV  deltaVI
          BetheBloch : Emin=    2 MeV Emax=  100 TeV  deltaVI

hBrems:  for anti_proton  XStype:1  SubType=3
      dE/dx and range tables from 100 eV  to 100 TeV in 240 bins
      Lambda tables from threshold to 100 TeV, 20 bins/decade, spline: 1
      ===== EM models for the G4Region  DefaultRegionForTheWorld ======
               hBrem : Emin=    0 eV  Emax=  100 TeV  ModifiedMephi

hPairProd:  for anti_proton  XStype:1  SubType=4
      dE/dx and range tables from 100 eV  to 100 TeV in 240 bins
      Lambda tables from threshold to 100 TeV, 20 bins/decade, spline: 1
      Sampling table 17x1001, from 7.50618 GeV to 100 TeV 
      ===== EM models for the G4Region  DefaultRegionForTheWorld ======
           hPairProd : Emin=    0 eV  Emax=  100 TeV  ModifiedMephi

CoulombScat:  for anti_proton XStype:1 SubType=1 BuildTable=1
      Lambda table from threshold  to 100 TeV, 20 bins/decade, spline: 0
      ThetaMin(p) < Theta(degree) < 180, pLimit(GeV^1)= 0.139531
      ===== EM models for the G4Region  DefaultRegionForTheWorld ======
  eCoulombScattering : Emin=    0 eV  Emax=  100 TeV

msc:  for kaon+  SubType= 10
      ===== EM models for the G4Region  DefaultRegionForTheWorld ======
        WentzelVIUni : Emin=    0 eV  Emax=  100 TeV Nbins=240 100 eV  - 100 TeV
          StepLim=Minimal Rfact=0.2 Gfact=2.5 Sfact=0.6 DispFlag:1 Skin=3 Llim=1 mm

hIoni:  for kaon+  XStype:3  SubType=2
      dE/dx and range tables from 100 eV  to 100 TeV in 240 bins
      Lambda tables from threshold to 100 TeV, 20 bins/decade, spline: 1
      StepFunction=(0.1, 0.05 mm), integ: 3, fluct: 1, linLossLim= 0.01
      ===== EM models for the G4Region  DefaultRegionForTheWorld ======
               Bragg : Emin=    0 eV  Emax=1.05231 MeV  deltaVI
          BetheBloch : Emin=1.05231 MeV Emax=  100 TeV  deltaVI

hBrems:  for kaon+  XStype:1  SubType=3
      dE/dx and range tables from 100 eV  to 100 TeV in 240 bins
      Lambda tables from threshold to 100 TeV, 20 bins/decade, spline: 1
      ===== EM models for the G4Region  DefaultRegionForTheWorld ======
               hBrem : Emin=    0 eV  Emax=  100 TeV  ModifiedMephi

hPairProd:  for kaon+  XStype:1  SubType=4
      dE/dx and range tables from 100 eV  to 100 TeV in 240 bins
      Lambda tables from threshold to 100 TeV, 20 bins/decade, spline: 1
      Sampling table 18x1001, from 3.94942 GeV to 100 TeV 
      ===== EM models for the G4Region  DefaultRegionForTheWorld ======
           hPairProd : Emin=    0 eV  Emax=  100 TeV  ModifiedMephi

CoulombScat:  for kaon+ XStype:1 SubType=1 BuildTable=1
      Lambda table from threshold  to 100 TeV, 20 bins/decade, spline: 0
      ThetaMin(p) < Theta(degree) < 180, pLimit(GeV^1)= 0.139531
      ===== EM models for the G4Region  DefaultRegionForTheWorld ======
  eCoulombScattering : Emin=    0 eV  Emax=  100 TeV

msc:  for kaon-  SubType= 10
      ===== EM models for the G4Region  DefaultRegionForTheWorld ======
        WentzelVIUni : Emin=    0 eV  Emax=  100 TeV Nbins=240 100 eV  - 100 TeV
          StepLim=Minimal Rfact=0.2 Gfact=2.5 Sfact=0.6 DispFlag:1 Skin=3 Llim=1 mm

hIoni:  for kaon-  XStype:3  SubType=2
      dE/dx and range tables from 100 eV  to 100 TeV in 240 bins
      Lambda tables from threshold to 100 TeV, 20 bins/decade, spline: 1
      StepFunction=(0.1, 0.05 mm), integ: 3, fluct: 1, linLossLim= 0.01
      ===== EM models for the G4Region  DefaultRegionForTheWorld ======
            ICRU73QO : Emin=    0 eV  Emax=1.05231 MeV  deltaVI
          BetheBloch : Emin=1.05231 MeV Emax=  100 TeV  deltaVI

hBrems:  for kaon-  XStype:1  SubType=3
      dE/dx and range tables from 100 eV  to 100 TeV in 240 bins
      Lambda tables from threshold to 100 TeV, 20 bins/decade, spline: 1
      ===== EM models for the G4Region  DefaultRegionForTheWorld ======
               hBrem : Emin=    0 eV  Emax=  100 TeV  ModifiedMephi

hPairProd:  for kaon-  XStype:1  SubType=4
      dE/dx and range tables from 100 eV  to 100 TeV in 240 bins
      Lambda tables from threshold to 100 TeV, 20 bins/decade, spline: 1
      Sampling table 18x1001, from 3.94942 GeV to 100 TeV 
      ===== EM models for the G4Region  DefaultRegionForTheWorld ======
           hPairProd : Emin=    0 eV  Emax=  100 TeV  ModifiedMephi

CoulombScat:  for kaon- XStype:1 SubType=1 BuildTable=1
      Used Lambda table of kaon+
      ThetaMin(p) < Theta(degree) < 180, pLimit(GeV^1)= 0.139531
      ===== EM models for the G4Region  DefaultRegionForTheWorld ======
  eCoulombScattering : Emin=    0 eV  Emax=  100 TeV

msc:  for mu+  SubType= 10
      ===== EM models for the G4Region  DefaultRegionForTheWorld ======
        WentzelVIUni : Emin=    0 eV  Emax=  100 TeV Nbins=240 100 eV  - 100 TeV
          StepLim=Minimal Rfact=0.2 Gfact=2.5 Sfact=0.6 DispFlag:1 Skin=3 Llim=1 mm

muIoni:  for mu+  XStype:3  SubType=2
      dE/dx and range tables from 100 eV  to 100 TeV in 240 bins
      Lambda tables from threshold to 100 TeV, 20 bins/decade, spline: 1
      StepFunction=(0.1, 0.05 mm), integ: 3, fluct: 1, linLossLim= 0.01
      ===== EM models for the G4Region  DefaultRegionForTheWorld ======
               Bragg : Emin=    0 eV  Emax=  200 keV  deltaVI
        MuBetheBloch : Emin=  200 keV Emax=  100 TeV  deltaVI

muBrems:  for mu+  XStype:1  SubType=3
      dE/dx and range tables from 100 eV  to 100 TeV in 240 bins
      Lambda tables from threshold to 100 TeV, 20 bins/decade, spline: 1
      ===== EM models for the G4Region  DefaultRegionForTheWorld ======
              MuBrem : Emin=    0 eV  Emax=  100 TeV  ModifiedMephi

muPairProd:  for mu+  XStype:1  SubType=4
      dE/dx and range tables from 100 eV  to 100 TeV in 240 bins
      Lambda tables from threshold to 100 TeV, 20 bins/decade, spline: 1
      Sampling table 21x1001, from 0.85 GeV to 100 TeV 
      ===== EM models for the G4Region  DefaultRegionForTheWorld ======
          muPairProd : Emin=    0 eV  Emax=  100 TeV  ModifiedMephi

CoulombScat:  for mu+ XStype:1 SubType=1 BuildTable=1
      Lambda table from threshold  to 100 TeV, 20 bins/decade, spline: 0
      ThetaMin(p) < Theta(degree) < 180, pLimit(GeV^1)= 0.139531
      ===== EM models for the G4Region  DefaultRegionForTheWorld ======
  eCoulombScattering : Emin=    0 eV  Emax=  100 TeV

msc:  for mu-  SubType= 10
      ===== EM models for the G4Region  DefaultRegionForTheWorld ======
        WentzelVIUni : Emin=    0 eV  Emax=  100 TeV Nbins=240 100 eV  - 100 TeV
          StepLim=Minimal Rfact=0.2 Gfact=2.5 Sfact=0.6 DispFlag:1 Skin=3 Llim=1 mm

muIoni:  for mu-  XStype:3  SubType=2
      dE/dx and range tables from 100 eV  to 100 TeV in 240 bins
      Lambda tables from threshold to 100 TeV, 20 bins/decade, spline: 1
      StepFunction=(0.1, 0.05 mm), integ: 3, fluct: 1, linLossLim= 0.01
      ===== EM models for the G4Region  DefaultRegionForTheWorld ======
            ICRU73QO : Emin=    0 eV  Emax=  200 keV  deltaVI
        MuBetheBloch : Emin=  200 keV Emax=  100 TeV  deltaVI

muBrems:  for mu-  XStype:1  SubType=3
      dE/dx and range tables from 100 eV  to 100 TeV in 240 bins
      Lambda tables from threshold to 100 TeV, 20 bins/decade, spline: 1
      ===== EM models for the G4Region  DefaultRegionForTheWorld ======
              MuBrem : Emin=    0 eV  Emax=  100 TeV  ModifiedMephi

muPairProd:  for mu-  XStype:1  SubType=4
      dE/dx and range tables from 100 eV  to 100 TeV in 240 bins
      Lambda tables from threshold to 100 TeV, 20 bins/decade, spline: 1
      Sampling table 21x1001, from 0.85 GeV to 100 TeV 
      ===== EM models for the G4Region  DefaultRegionForTheWorld ======
          muPairProd : Emin=    0 eV  Emax=  100 TeV  ModifiedMephi

CoulombScat:  for mu- XStype:1 SubType=1 BuildTable=1
      Used Lambda table of mu+
      ThetaMin(p) < Theta(degree) < 180, pLimit(GeV^1)= 0.139531
      ===== EM models for the G4Region  DefaultRegionForTheWorld ======
  eCoulombScattering : Emin=    0 eV  Emax=  100 TeV

msc:  for pi+  SubType= 10
      ===== EM models for the G4Region  DefaultRegionForTheWorld ======
        WentzelVIUni : Emin=    0 eV  Emax=  100 TeV Nbins=240 100 eV  - 100 TeV
          StepLim=Minimal Rfact=0.2 Gfact=2.5 Sfact=0.6 DispFlag:1 Skin=3 Llim=1 mm

hIoni:  for pi+  XStype:3  SubType=2
      dE/dx and range tables from 100 eV  to 100 TeV in 240 bins
      Lambda tables from threshold to 100 TeV, 20 bins/decade, spline: 1
      StepFunction=(0.1, 0.05 mm), integ: 3, fluct: 1, linLossLim= 0.01
      ===== EM models for the G4Region  DefaultRegionForTheWorld ======
               Bragg : Emin=    0 eV  Emax=297.505 keV  deltaVI
          BetheBloch : Emin=297.505 keV Emax=  100 TeV  deltaVI

hBrems:  for pi+  XStype:1  SubType=3
      dE/dx and range tables from 100 eV  to 100 TeV in 240 bins
      Lambda tables from threshold to 100 TeV, 20 bins/decade, spline: 1
      ===== EM models for the G4Region  DefaultRegionForTheWorld ======
               hBrem : Emin=    0 eV  Emax=  100 TeV  ModifiedMephi

hPairProd:  for pi+  XStype:1  SubType=4
      dE/dx and range tables from 100 eV  to 100 TeV in 240 bins
      Lambda tables from threshold to 100 TeV, 20 bins/decade, spline: 1
      Sampling table 20x1001, from 1.11656 GeV to 100 TeV 
      ===== EM models for the G4Region  DefaultRegionForTheWorld ======
           hPairProd : Emin=    0 eV  Emax=  100 TeV  ModifiedMephi

CoulombScat:  for pi+ XStype:1 SubType=1 BuildTable=1
      Lambda table from threshold  to 100 TeV, 20 bins/decade, spline: 0
      ThetaMin(p) < Theta(degree) < 180, pLimit(GeV^1)= 0.139531
      ===== EM models for the G4Region  DefaultRegionForTheWorld ======
  eCoulombScattering : Emin=    0 eV  Emax=  100 TeV

msc:  for pi-  SubType= 10
      ===== EM models for the G4Region  DefaultRegionForTheWorld ======
        WentzelVIUni : Emin=    0 eV  Emax=  100 TeV Nbins=240 100 eV  - 100 TeV
          StepLim=Minimal Rfact=0.2 Gfact=2.5 Sfact=0.6 DispFlag:1 Skin=3 Llim=1 mm

hIoni:  for pi-  XStype:3  SubType=2
      dE/dx and range tables from 100 eV  to 100 TeV in 240 bins
      Lambda tables from threshold to 100 TeV, 20 bins/decade, spline: 1
      StepFunction=(0.1, 0.05 mm), integ: 3, fluct: 1, linLossLim= 0.01
      ===== EM models for the G4Region  DefaultRegionForTheWorld ======
            ICRU73QO : Emin=    0 eV  Emax=297.505 keV  deltaVI
          BetheBloch : Emin=297.505 keV Emax=  100 TeV  deltaVI

hBrems:  for pi-  XStype:1  SubType=3
      dE/dx and range tables from 100 eV  to 100 TeV in 240 bins
      Lambda tables from threshold to 100 TeV, 20 bins/decade, spline: 1
      ===== EM models for the G4Region  DefaultRegionForTheWorld ======
               hBrem : Emin=    0 eV  Emax=  100 TeV  ModifiedMephi

hPairProd:  for pi-  XStype:1  SubType=4
      dE/dx and range tables from 100 eV  to 100 TeV in 240 bins
      Lambda tables from threshold to 100 TeV, 20 bins/decade, spline: 1
      Sampling table 20x1001, from 1.11656 GeV to 100 TeV 
      ===== EM models for the G4Region  DefaultRegionForTheWorld ======
           hPairProd : Emin=    0 eV  Emax=  100 TeV  ModifiedMephi

CoulombScat:  for pi- XStype:1 SubType=1 BuildTable=1
      Used Lambda table of pi+
      ThetaMin(p) < Theta(degree) < 180, pLimit(GeV^1)= 0.139531
      ===== EM models for the G4Region  DefaultRegionForTheWorld ======
  eCoulombScattering : Emin=    0 eV  Emax=  100 TeV
G4WT11 > Accumulable registered as "any"
G4WT11 > Accumulable registered as "w0"
G4WT11 > Accumulable registered as "h0"
G4WT11 > Accumulable registered as "h1"
G4WT11 > Accumulable registered as "h2"
G4WT11 > Accumulable registered as "h3"
G4WT11 > Accumulable registered as "h4"
G4WT11 > Accumulable registered as "h5"
G4WT11 > Accumulable registered as "h6"
G4WT11 > Accumulable registered as "h7"
G4WT11 > Accumulable registered as "h8"
G4WT11 > Accumulable registered as "h9"
G4WT11 > Accumulable registered as "h10"
G4WT11 > Accumulable registered as "h11"
G4WT11 > Accumulable registered as "h12"
G4WT11 > Accumulable registered as "h13"
G4WT11 > Accumulable registered as "h14"
G4WT11 > Accumulable registered as "h15"
G4WT11 > Accumulable registered as "h16"
G4WT11 > Accumulable registered as "h17"
G4WT11 > Accumulable registered as "h18"
G4WT11 > Accumulable registered as "h19"
G4WT11 > Accumulable registered as "h20"
G4WT11 > Accumulable registered as "h21"
G4WT11 > Accumulable registered as "h22"
G4WT11 > Accumulable registered as "h23"
G4WT11 > Accumulable registered as "h24"
G4WT11 > Accumulable registered as "h25"
G4WT11 > Accumulable registered as "h26"
G4WT11 > Accumulable registered as "h27"
G4WT11 > Accumulable registered as "h28"
G4WT11 > Accumulable registered as "h29"
G4WT11 > Accumulable registered as "h30"
G4WT11 > Accumulable registered as "h31"
G4WT11 > Accumulable registered as "h32"
G4WT11 > Accumulable registered as "h33"
G4WT11 > Accumulable registered as "h34"
G4WT11 > Accumulable registered as "h35"
G4WT11 > Accumulable registered as "h36"
G4WT11 > Accumulable registered as "h37"
G4WT11 > Accumulable registered as "h38"
G4WT11 > Accumulable registered as "h39"
G4WT11 > Accumulable registered as "h40"
G4WT11 > Accumulable registered as "h41"
G4WT11 > Accumulable registered as "h42"
G4WT11 > Accumulable registered as "h43"
G4WT11 > Accumulable registered as "h44"
G4WT11 > Accumulable registered as "h45"
G4WT11 > Accumulable registered as "h46"
G4WT11 > Accumulable registered as "h47"
G4WT11 > Accumulable registered as "h48"
G4WT11 > Accumulable registered as "h49"
G4WT11 > Accumulable registered as "h50"
G4WT11 > Accumulable registered as "h51"
G4WT11 > Accumulable registered as "h52"
G4WT11 > Accumulable registered as "h53"
G4WT11 > Accumulable registered as "h54"
G4WT11 > Accumulable registered as "h55"
G4WT11 > Accumulable registered as "h56"
G4WT11 > Accumulable registered as "h57"
G4WT11 > Accumulable registered as "h58"
G4WT11 > Accumulable registered as "h59"
G4WT6 > Accumulable registered as "any"
G4WT11 > Accumulable registered as "h60"
G4WT11 > Accumulable registered as "h61"
G4WT6 > Accumulable registered as "w0"
G4WT11 > Accumulable registered as "h62"
G4WT6 > Accumulable registered as "h0"
G4WT11 > Accumulable registered as "h63"
G4WT6 > Accumulable registered as "h1"
G4WT11 > Accumulable registered as "h64"
G4WT6 > Accumulable registered as "h2"
G4WT11 > Accumulable registered as "h65"
G4WT6 > Accumulable registered as "h3"
G4WT11 > Accumulable registered as "h66"
G4WT6 > Accumulable registered as "h4"
G4WT11 > Accumulable registered as "h67"
G4WT11 > Accumulable registered as "h68"
G4WT6 > Accumulable registered as "h5"
G4WT11 > Accumulable registered as "h69"
G4WT6 > Accumulable registered as "h6"
G4WT11 > Accumulable registered as "h70"
G4WT6 > Accumulable registered as "h7"
G4WT11 > Accumulable registered as "h71"
G4WT6 > Accumulable registered as "h8"
G4WT11 > Accumulable registered as "h72"
G4WT6 > Accumulable registered as "h9"
G4WT11 > Accumulable registered as "h73"
G4WT6 > Accumulable registered as "h10"
G4WT11 > Accumulable registered as "h74"
G4WT6 > Accumulable registered as "h11"
G4WT11 > Accumulable registered as "h75"
G4WT6 > Accumulable registered as "h12"
G4WT11 > Accumulable registered as "h76"
G4WT6 > Accumulable registered as "h13"
G4WT11 > Accumulable registered as "h77"
G4WT6 > Accumulable registered as "h14"
G4WT11 > Accumulable registered as "h78"
G4WT6 > Accumulable registered as "h15"
G4WT11 > Accumulable registered as "h79"
G4WT6 > Accumulable registered as "h16"
G4WT11 > Accumulable registered as "h80"
G4WT6 > Accumulable registered as "h17"
G4WT11 > Accumulable registered as "h81"
G4WT6 > Accumulable registered as "h18"
G4WT11 > Accumulable registered as "h82"
G4WT6 > Accumulable registered as "h19"
G4WT11 > Accumulable registered as "h83"
G4WT6 > Accumulable registered as "h20"
G4WT11 > Accumulable registered as "h84"
G4WT6 > Accumulable registered as "h21"
G4WT11 > Accumulable registered as "h85"
G4WT6 > Accumulable registered as "h22"
G4WT11 > Accumulable registered as "h86"
G4WT6 > Accumulable registered as "h23"
G4WT11 > Accumulable registered as "h87"
G4WT6 > Accumulable registered as "h24"
G4WT11 > Accumulable registered as "h88"
G4WT6 > Accumulable registered as "h25"
G4WT11 > Accumulable registered as "h89"
G4WT6 > Accumulable registered as "h26"
G4WT11 > Accumulable registered as "h90"
G4WT6 > Accumulable registered as "h27"
G4WT11 > Accumulable registered as "h91"
G4WT11 > Accumulable registered as "h92"
G4WT6 > Accumulable registered as "h28"
G4WT11 > Accumulable registered as "h93"
G4WT6 > Accumulable registered as "h29"
G4WT11 > Accumulable registered as "h94"
G4WT6 > Accumulable registered as "h30"
G4WT11 > Accumulable registered as "h95"
G4WT11 > Accumulable registered as "h96"
G4WT11 > Accumulable registered as "h97"
G4WT6 > Accumulable registered as "h31"
G4WT11 > Accumulable registered as "h98"
G4WT6 > Accumulable registered as "h32"
G4WT11 > Accumulable registered as "h99"
G4WT6 > Accumulable registered as "h33"
G4WT11 > Accumulable registered as "h100"
G4WT6 > Accumulable registered as "h34"
G4WT11 > Accumulable registered as "h101"
G4WT6 > Accumulable registered as "h35"
G4WT11 > Accumulable registered as "h102"
G4WT6 > Accumulable registered as "h36"
G4WT11 > Accumulable registered as "h103"
G4WT6 > Accumulable registered as "h37"
G4WT11 > Accumulable registered as "h104"
G4WT6 > Accumulable registered as "h38"
G4WT11 > Accumulable registered as "h105"
G4WT6 > Accumulable registered as "h39"
G4WT11 > Accumulable registered as "h106"
G4WT6 > Accumulable registered as "h40"
G4WT11 > Accumulable registered as "h107"
G4WT6 > Accumulable registered as "h41"
G4WT11 > Accumulable registered as "h108"
G4WT6 > Accumulable registered as "h42"
G4WT11 > Accumulable registered as "h109"
G4WT6 > Accumulable registered as "h43"
G4WT11 > Accumulable registered as "h110"
G4WT6 > Accumulable registered as "h44"
G4WT11 > Accumulable registered as "h111"
G4WT6 > Accumulable registered as "h45"
G4WT11 > Accumulable registered as "h112"
G4WT6 > Accumulable registered as "h46"
G4WT11 > Accumulable registered as "h113"
G4WT6 > Accumulable registered as "h47"
G4WT11 > Accumulable registered as "h114"
G4WT6 > Accumulable registered as "h48"
G4WT11 > Accumulable registered as "h115"
G4WT6 > Accumulable registered as "h49"
G4WT11 > Accumulable registered as "h116"
G4WT6 > Accumulable registered as "h50"
G4WT11 > Accumulable registered as "h117"
G4WT6 > Accumulable registered as "h51"
G4WT11 > Accumulable registered as "h118"
G4WT6 > Accumulable registered as "h52"
G4WT11 > Accumulable registered as "h119"
G4WT6 > Accumulable registered as "h53"
G4WT11 > Accumulable registered as "h120"
G4WT6 > Accumulable registered as "h54"
G4WT11 > Accumulable registered as "h121"
G4WT6 > Accumulable registered as "h55"
G4WT11 > Accumulable registered as "h122"
G4WT6 > Accumulable registered as "h56"
G4WT11 > Accumulable registered as "h123"
G4WT6 > Accumulable registered as "h57"
G4WT11 > Accumulable registered as "h124"
G4WT11 > Accumulable registered as "h125"
G4WT6 > Accumulable registered as "h58"
G4WT11 > Accumulable registered as "h126"
G4WT6 > Accumulable registered as "h59"
G4WT6 > Accumulable registered as "h60"
G4WT11 > Accumulable registered as "h127"
G4WT6 > Accumulable registered as "h61"
G4WT11 > Accumulable registered as "h128"
G4WT6 > Accumulable registered as "h62"
G4WT11 > Accumulable registered as "h129"
G4WT6 > Accumulable registered as "h63"
G4WT11 > Accumulable registered as "h130"
G4WT6 > Accumulable registered as "h64"
G4WT11 > Accumulable registered as "h131"
G4WT6 > Accumulable registered as "h65"
G4WT11 > Accumulable registered as "h132"
G4WT6 > Accumulable registered as "h66"
G4WT11 > Accumulable registered as "h133"
G4WT6 > Accumulable registered as "h67"
G4WT11 > Accumulable registered as "h134"
G4WT6 > Accumulable registered as "h68"
G4WT11 > Accumulable registered as "h135"
G4WT6 > Accumulable registered as "h69"
G4WT11 > Accumulable registered as "h136"
G4WT6 > Accumulable registered as "h70"
G4WT11 > Accumulable registered as "h137"
G4WT6 > Accumulable registered as "h71"
G4WT11 > Accumulable registered as "h138"
G4WT6 > Accumulable registered as "h72"
G4WT11 > Accumulable registered as "h139"
G4WT6 > Accumulable registered as "h73"
G4WT11 > Accumulable registered as "h140"
G4WT6 > Accumulable registered as "h74"
G4WT11 > Accumulable registered as "h141"
G4WT6 > Accumulable registered as "h75"
G4WT11 > Accumulable registered as "h142"
G4WT6 > Accumulable registered as "h76"
G4WT11 > Accumulable registered as "h143"
G4WT6 > Accumulable registered as "h77"
G4WT11 > Accumulable registered as "h144"
G4WT9 > Accumulable registered as "any"
G4WT2 > Accumulable registered as "any"
G4WT11 > Accumulable registered as "h145"
G4WT6 > Accumulable registered as "h78"
G4WT11 > Accumulable registered as "h146"
G4WT6 > Accumulable registered as "h79"
G4WT11 > Accumulable registered as "h147"
G4WT2 > Accumulable registered as "w0"
G4WT9 > Accumulable registered as "w0"
G4WT6 > Accumulable registered as "h80"
G4WT9 > Accumulable registered as "h0"
G4WT11 > Accumulable registered as "h148"
G4WT2 > Accumulable registered as "h0"
G4WT6 > Accumulable registered as "h81"
G4WT9 > Accumulable registered as "h1"
G4WT2 > Accumulable registered as "h1"
G4WT6 > Accumulable registered as "h82"
G4WT9 > Accumulable registered as "h2"
G4WT2 > Accumulable registered as "h2"
G4WT11 > Accumulable registered as "h149"
G4WT2 > Accumulable registered as "h3"
G4WT6 > Accumulable registered as "h83"
G4WT9 > Accumulable registered as "h3"
G4WT11 > Accumulable registered as "h150"
G4WT6 > Accumulable registered as "h84"
G4WT9 > Accumulable registered as "h4"
G4WT11 > Accumulable registered as "h151"
G4WT9 > Accumulable registered as "h5"
G4WT6 > Accumulable registered as "h85"
G4WT9 > Accumulable registered as "h6"
G4WT11 > Accumulable registered as "h152"
G4WT9 > Accumulable registered as "h7"
G4WT6 > Accumulable registered as "h86"
G4WT9 > Accumulable registered as "h8"
G4WT11 > Accumulable registered as "h153"
G4WT6 > Accumulable registered as "h87"
G4WT9 > Accumulable registered as "h9"
G4WT11 > Accumulable registered as "h154"
G4WT6 > Accumulable registered as "h88"
G4WT9 > Accumulable registered as "h10"
G4WT11 > Accumulable registered as "h155"
G4WT6 > Accumulable registered as "h89"
G4WT9 > Accumulable registered as "h11"
G4WT11 > Accumulable registered as "h156"
G4WT6 > Accumulable registered as "h90"
G4WT9 > Accumulable registered as "h12"
G4WT11 > Accumulable registered as "h157"
G4WT6 > Accumulable registered as "h91"
G4WT9 > Accumulable registered as "h13"
G4WT11 > Accumulable registered as "h158"
G4WT2 > Accumulable registered as "h4"
G4WT9 > Accumulable registered as "h14"
G4WT11 > Accumulable registered as "h159"
G4WT2 > Accumulable registered as "h5"
G4WT9 > Accumulable registered as "h15"
G4WT11 > Accumulable registered as "h160"
G4WT2 > Accumulable registered as "h6"
G4WT9 > Accumulable registered as "h16"
G4WT6 > Accumulable registered as "h92"
G4WT11 > Accumulable registered as "h161"
G4WT6 > Accumulable registered as "h93"
G4WT2 > Accumulable registered as "h7"
G4WT11 > Accumulable registered as "h162"
G4WT6 > Accumulable registered as "h94"
G4WT9 > Accumulable registered as "h17"
G4WT2 > Accumulable registered as "h8"
G4WT6 > Accumulable registered as "h95"
G4WT11 > Accumulable registered as "h163"
G4WT9 > Accumulable registered as "h18"
G4WT2 > Accumulable registered as "h9"
G4WT6 > Accumulable registered as "h96"
G4WT11 > Accumulable registered as "h164"
G4WT9 > Accumulable registered as "h19"
G4WT11 > Accumulable registered as "h165"
G4WT2 > Accumulable registered as "h10"
G4WT9 > Accumulable registered as "h20"
G4WT6 > Accumulable registered as "h97"
G4WT9 > Accumulable registered as "h21"
G4WT2 > Accumulable registered as "h11"
G4WT9 > Accumulable registered as "h22"
G4WT11 > Accumulable registered as "h166"
G4WT2 > Accumulable registered as "h12"
G4WT6 > Accumulable registered as "h98"
G4WT9 > Accumulable registered as "h23"
G4WT6 > Accumulable registered as "h99"
G4WT11 > Accumulable registered as "h167"
G4WT6 > Accumulable registered as "h100"
G4WT9 > Accumulable registered as "h24"
G4WT6 > Accumulable registered as "h101"
G4WT11 > Accumulable registered as "h168"
G4WT9 > Accumulable registered as "h25"
G4WT6 > Accumulable registered as "h102"
G4WT11 > Accumulable registered as "h169"
G4WT9 > Accumulable registered as "h26"
G4WT6 > Accumulable registered as "h103"
G4WT11 > Accumulable registered as "h170"
G4WT9 > Accumulable registered as "h27"
G4WT6 > Accumulable registered as "h104"
G4WT9 > Accumulable registered as "h28"
G4WT11 > Accumulable registered as "h171"
G4WT6 > Accumulable registered as "h105"
G4WT9 > Accumulable registered as "h29"
G4WT11 > Accumulable registered as "h172"
G4WT6 > Accumulable registered as "h106"
G4WT9 > Accumulable registered as "h30"
G4WT11 > Accumulable registered as "h173"
G4WT6 > Accumulable registered as "h107"
G4WT9 > Accumulable registered as "h31"
G4WT11 > Accumulable registered as "h174"
G4WT6 > Accumulable registered as "h108"
G4WT9 > Accumulable registered as "h32"
G4WT11 > Accumulable registered as "h175"
G4WT6 > Accumulable registered as "h109"
G4WT9 > Accumulable registered as "h33"
G4WT11 > Accumulable registered as "h176"
G4WT6 > Accumulable registered as "h110"
G4WT9 > Accumulable registered as "h34"
G4WT11 > Accumulable registered as "h177"
G4WT9 > Accumulable registered as "h35"
G4WT6 > Accumulable registered as "h111"
G4WT9 > Accumulable registered as "h36"
G4WT11 > Accumulable registered as "h178"
G4WT9 > Accumulable registered as "h37"
G4WT6 > Accumulable registered as "h112"
G4WT9 > Accumulable registered as "h38"
G4WT11 > Accumulable registered as "h179"
G4WT6 > Accumulable registered as "h113"
G4WT9 > Accumulable registered as "h39"
G4WT11 > Accumulable registered as "h180"
G4WT6 > Accumulable registered as "h114"
G4WT9 > Accumulable registered as "h40"
G4WT11 > Accumulable registered as "h181"
G4WT9 > Accumulable registered as "h41"
G4WT6 > Accumulable registered as "h115"
G4WT11 > Accumulable registered as "h182"
G4WT9 > Accumulable registered as "h42"
G4WT6 > Accumulable registered as "h116"
G4WT11 > Accumulable registered as "h183"
G4WT9 > Accumulable registered as "h43"
G4WT6 > Accumulable registered as "h117"
G4WT9 > Accumulable registered as "h44"
G4WT11 > Accumulable registered as "h184"
G4WT6 > Accumulable registered as "h118"
G4WT9 > Accumulable registered as "h45"
G4WT11 > Accumulable registered as "h185"
G4WT6 > Accumulable registered as "h119"
G4WT9 > Accumulable registered as "h46"
G4WT11 > Accumulable registered as "h186"
G4WT6 > Accumulable registered as "h120"
G4WT9 > Accumulable registered as "h47"
G4WT2 > Accumulable registered as "h13"
G4WT6 > Accumulable registered as "h121"
G4WT11 > Accumulable registered as "h187"
G4WT9 > Accumulable registered as "h48"
G4WT6 > Accumulable registered as "h122"
G4WT11 > Accumulable registered as "h188"
G4WT2 > Accumulable registered as "h14"
G4WT6 > Accumulable registered as "h123"
G4WT9 > Accumulable registered as "h49"
G4WT11 > Accumulable registered as "h189"
G4WT2 > Accumulable registered as "h15"
G4WT6 > Accumulable registered as "h124"
G4WT11 > Accumulable registered as "h190"
G4WT9 > Accumulable registered as "h50"
G4WT2 > Accumulable registered as "h16"
G4WT11 > Accumulable registered as "h191"
G4WT9 > Accumulable registered as "h51"
G4WT6 > Accumulable registered as "h125"
G4WT11 > Accumulable registered as "h192"
G4WT2 > Accumulable registered as "h17"
G4WT9 > Accumulable registered as "h52"
G4WT11 > Accumulable registered as "h193"
G4WT9 > Accumulable registered as "h53"
G4WT2 > Accumulable registered as "h18"
G4WT11 > Accumulable registered as "h194"
G4WT2 > Accumulable registered as "h19"
G4WT11 > Accumulable registered as "h195"
G4WT9 > Accumulable registered as "h54"
G4WT2 > Accumulable registered as "h20"
G4WT11 > Accumulable registered as "h196"
G4WT9 > Accumulable registered as "h55"
G4WT2 > Accumulable registered as "h21"
G4WT11 > Accumulable registered as "h197"
G4WT9 > Accumulable registered as "h56"
G4WT2 > Accumulable registered as "h22"
G4WT9 > Accumulable registered as "h57"
G4WT11 > Accumulable registered as "h198"
G4WT2 > Accumulable registered as "h23"
G4WT9 > Accumulable registered as "h58"
G4WT10 > Accumulable registered as "any"
G4WT11 > Accumulable registered as "h199"
G4WT2 > Accumulable registered as "h24"
G4WT10 > Accumulable registered as "w0"
G4WT9 > Accumulable registered as "h59"
G4WT2 > Accumulable registered as "h25"
G4WT11 > Accumulable registered as "h200"
G4WT2 > Accumulable registered as "h26"
G4WT9 > Accumulable registered as "h60"
G4WT2 > Accumulable registered as "h27"
G4WT11 > Accumulable registered as "h201"
G4WT9 > Accumulable registered as "h61"
G4WT2 > Accumulable registered as "h28"
G4WT11 > Accumulable registered as "h202"
G4WT9 > Accumulable registered as "h62"
G4WT10 > Accumulable registered as "h0"
G4WT9 > Accumulable registered as "h63"
G4WT11 > Accumulable registered as "h203"
G4WT9 > Accumulable registered as "h64"
G4WT2 > Accumulable registered as "h29"
G4WT9 > Accumulable registered as "h65"
G4WT11 > Accumulable registered as "h204"
G4WT9 > Accumulable registered as "h66"
G4WT8 > Accumulable registered as "any"
G4WT10 > Accumulable registered as "h1"
G4WT2 > Accumulable registered as "h30"
G4WT8 > Accumulable registered as "w0"
G4WT9 > Accumulable registered as "h67"
G4WT10 > Accumulable registered as "h2"
G4WT2 > Accumulable registered as "h31"
G4WT8 > Accumulable registered as "h0"
G4WT9 > Accumulable registered as "h68"
G4WT8 > Accumulable registered as "h1"
G4WT9 > Accumulable registered as "h69"
G4WT8 > Accumulable registered as "h2"
G4WT10 > Accumulable registered as "h3"
G4WT8 > Accumulable registered as "h3"
G4WT11 > Accumulable registered as "h205"
G4WT9 > Accumulable registered as "h70"
G4WT8 > Accumulable registered as "h4"
G4WT2 > Accumulable registered as "h32"
G4WT8 > Accumulable registered as "h5"
G4WT10 > Accumulable registered as "h4"
G4WT8 > Accumulable registered as "h6"
G4WT11 > Accumulable registered as "h206"
G4WT9 > Accumulable registered as "h71"
G4WT2 > Accumulable registered as "h33"
G4WT11 > Accumulable registered as "h207"
G4WT10 > Accumulable registered as "h5"
G4WT9 > Accumulable registered as "h72"
G4WT8 > Accumulable registered as "h7"
G4WT10 > Accumulable registered as "h6"
G4WT2 > Accumulable registered as "h34"
G4WT8 > Accumulable registered as "h8"
G4WT9 > Accumulable registered as "h73"
G4WT8 > Accumulable registered as "h9"
G4WT2 > Accumulable registered as "h35"
G4WT9 > Accumulable registered as "h74"
G4WT8 > Accumulable registered as "h10"
G4WT2 > Accumulable registered as "h36"
G4WT9 > Accumulable registered as "h75"
G4WT8 > Accumulable registered as "h11"
G4WT2 > Accumulable registered as "h37"
G4WT11 > Accumulable registered as "h208"
G4WT9 > Accumulable registered as "h76"
G4WT2 > Accumulable registered as "h38"
G4WT8 > Accumulable registered as "h12"
G4WT10 > Accumulable registered as "h7"
G4WT8 > Accumulable registered as "h13"
G4WT11 > Accumulable registered as "h209"
G4WT10 > Accumulable registered as "h8"
G4WT2 > Accumulable registered as "h39"
G4WT11 > Accumulable registered as "h210"
G4WT2 > Accumulable registered as "h40"
G4WT9 > Accumulable registered as "h77"
G4WT8 > Accumulable registered as "h14"
G4WT11 > Accumulable registered as "h211"
G4WT2 > Accumulable registered as "h41"
G4WT10 > Accumulable registered as "h9"
G4WT9 > Accumulable registered as "h78"
G4WT10 > Accumulable registered as "h10"
G4WT11 > Accumulable registered as "h212"
G4WT9 > Accumulable registered as "h79"
G4WT2 > Accumulable registered as "h42"
G4WT11 > Accumulable registered as "h213"
G4WT2 > Accumulable registered as "h43"
G4WT11 > Accumulable registered as "h214"
G4WT9 > Accumulable registered as "h80"
G4WT8 > Accumulable registered as "h15"
G4WT2 > Accumulable registered as "h44"
G4WT6 > Accumulable registered as "h126"
G4WT2 > Accumulable registered as "h45"
G4WT9 > Accumulable registered as "h81"
G4WT6 > Accumulable registered as "h127"
G4WT9 > Accumulable registered as "h82"
G4WT6 > Accumulable registered as "h128"
G4WT10 > Accumulable registered as "h11"
G4WT6 > Accumulable registered as "h129"
G4WT8 > Accumulable registered as "h16"
G4WT6 > Accumulable registered as "h130"
G4WT9 > Accumulable registered as "h83"
G4WT8 > Accumulable registered as "h17"
G4WT9 > Accumulable registered as "h84"
G4WT2 > Accumulable registered as "h46"
G4WT9 > Accumulable registered as "h85"
G4WT1 > Accumulable registered as "any"
G4WT9 > Accumulable registered as "h86"
G4WT1 > Accumulable registered as "w0"
G4WT9 > Accumulable registered as "h87"
G4WT1 > Accumulable registered as "h0"
G4WT9 > Accumulable registered as "h88"
G4WT2 > Accumulable registered as "h47"
G4WT9 > Accumulable registered as "h89"
G4WT8 > Accumulable registered as "h18"
G4WT10 > Accumulable registered as "h12"
G4WT1 > Accumulable registered as "h1"
G4WT8 > Accumulable registered as "h19"
G4WT6 > Accumulable registered as "h131"
G4WT1 > Accumulable registered as "h2"
G4WT2 > Accumulable registered as "h48"
G4WT2 > Accumulable registered as "h49"
G4WT6 > Accumulable registered as "h132"
G4WT9 > Accumulable registered as "h90"
G4WT8 > Accumulable registered as "h20"
G4WT9 > Accumulable registered as "h91"
G4WT1 > Accumulable registered as "h3"
G4WT9 > Accumulable registered as "h92"
G4WT2 > Accumulable registered as "h50"
G4WT10 > Accumulable registered as "h13"
G4WT8 > Accumulable registered as "h21"
G4WT10 > Accumulable registered as "h14"
G4WT11 > Accumulable registered as "h215"
G4WT10 > Accumulable registered as "h15"
G4WT6 > Accumulable registered as "h133"
G4WT11 > Accumulable registered as "h216"
G4WT1 > Accumulable registered as "h4"
G4WT11 > Accumulable registered as "h217"
G4WT8 > Accumulable registered as "h22"
G4WT11 > Accumulable registered as "h218"
G4WT10 > Accumulable registered as "h16"
G4WT9 > Accumulable registered as "h93"
G4WT10 > Accumulable registered as "h17"
G4WT1 > Accumulable registered as "h5"
G4WT11 > Accumulable registered as "h219"
G4WT8 > Accumulable registered as "h23"
G4WT6 > Accumulable registered as "h134"
G4WT8 > Accumulable registered as "h24"
G4WT6 > Accumulable registered as "h135"
G4WT9 > Accumulable registered as "h94"
G4WT6 > Accumulable registered as "h136"
G4WT1 > Accumulable registered as "h6"
G4WT11 > Accumulable registered as "h220"
G4WT1 > Accumulable registered as "h7"
G4WT10 > Accumulable registered as "h18"
G4WT11 > Accumulable registered as "h221"
G4WT9 > Accumulable registered as "h95"
G4WT10 > Accumulable registered as "h19"
G4WT8 > Accumulable registered as "h25"
G4WT10 > Accumulable registered as "h20"
G4WT1 > Accumulable registered as "h8"
G4WT9 > Accumulable registered as "h96"
G4WT6 > Accumulable registered as "h137"
G4WT9 > Accumulable registered as "h97"
G4WT1 > Accumulable registered as "h9"
G4WT10 > Accumulable registered as "h21"
G4WT9 > Accumulable registered as "h98"
G4WT6 > Accumulable registered as "h138"
G4WT1 > Accumulable registered as "h10"
G4WT11 > Accumulable registered as "h222"
G4WT2 > Accumulable registered as "h51"
G4WT6 > Accumulable registered as "h139"
G4WT2 > Accumulable registered as "h52"
G4WT10 > Accumulable registered as "h22"
G4WT1 > Accumulable registered as "h11"
G4WT9 > Accumulable registered as "h99"
G4WT10 > Accumulable registered as "h23"
G4WT1 > Accumulable registered as "h12"
G4WT6 > Accumulable registered as "h140"
G4WT8 > Accumulable registered as "h26"
G4WT6 > Accumulable registered as "h141"
G4WT10 > Accumulable registered as "h24"
G4WT9 > Accumulable registered as "h100"
G4WT10 > Accumulable registered as "h25"
G4WT1 > Accumulable registered as "h13"
G4WT9 > Accumulable registered as "h101"
G4WT7 > Accumulable registered as "any"
G4WT9 > Accumulable registered as "h102"
G4WT6 > Accumulable registered as "h142"
G4WT9 > Accumulable registered as "h103"
G4WT7 > Accumulable registered as "w0"
G4WT10 > Accumulable registered as "h26"
G4WT1 > Accumulable registered as "h14"
G4WT2 > Accumulable registered as "h53"
G4WT5 > Accumulable registered as "any"
G4WT1 > Accumulable registered as "h15"
G4WT5 > Accumulable registered as "w0"
G4WT1 > Accumulable registered as "h16"
G4WT6 > Accumulable registered as "h143"
G4WT1 > Accumulable registered as "h17"
G4WT10 > Accumulable registered as "h27"
G4WT6 > Accumulable registered as "h144"
G4WT2 > Accumulable registered as "h54"
G4WT11 > Accumulable registered as "h223"
G4WT7 > Accumulable registered as "h0"
G4WT11 > Accumulable registered as "h224"
G4WT1 > Accumulable registered as "h18"
G4WT8 > Accumulable registered as "h27"
G4WT10 > Accumulable registered as "h28"
G4WT8 > Accumulable registered as "h28"
G4WT10 > Accumulable registered as "h29"
G4WT8 > Accumulable registered as "h29"
G4WT2 > Accumulable registered as "h55"
G4WT5 > Accumulable registered as "h0"
G4WT2 > Accumulable registered as "h56"
G4WT5 > Accumulable registered as "h1"
G4WT6 > Accumulable registered as "h145"
G4WT9 > Accumulable registered as "h104"
G4WT6 > Accumulable registered as "h146"
G4WT10 > Accumulable registered as "h30"
G4WT7 > Accumulable registered as "h1"
G4WT11 > Accumulable registered as "h225"
G4WT1 > Accumulable registered as "h19"
G4WT11 > Accumulable registered as "h226"
G4WT2 > Accumulable registered as "h57"
G4WT11 > Accumulable registered as "h227"
G4WT3 > Accumulable registered as "any"
G4WT2 > Accumulable registered as "h58"
G4WT8 > Accumulable registered as "h30"
G4WT3 > Accumulable registered as "w0"
G4WT9 > Accumulable registered as "h105"
G4WT10 > Accumulable registered as "h31"
G4WT5 > Accumulable registered as "h2"
G4WT10 > Accumulable registered as "h32"
G4WT1 > Accumulable registered as "h20"
G4WT5 > Accumulable registered as "h3"
G4WT6 > Accumulable registered as "h147"
G4WT2 > Accumulable registered as "h59"
G4WT8 > Accumulable registered as "h31"
G4WT3 > Accumulable registered as "h0"
G4WT8 > Accumulable registered as "h32"
G4WT7 > Accumulable registered as "h2"
G4WT0 > Accumulable registered as "any"
G4WT10 > Accumulable registered as "h33"
G4WT0 > Accumulable registered as "w0"
G4WT11 > Accumulable registered as "h228"
G4WT4 > Accumulable registered as "any"
G4WT5 > Accumulable registered as "h4"
G4WT6 > Accumulable registered as "h148"
G4WT5 > Accumulable registered as "h5"
G4WT6 > Accumulable registered as "h149"
G4WT5 > Accumulable registered as "h6"
G4WT3 > Accumulable registered as "h1"
G4WT8 > Accumulable registered as "h33"
G4WT7 > Accumulable registered as "h3"
G4WT1 > Accumulable registered as "h21"
G4WT0 > Accumulable registered as "h0"
G4WT10 > Accumulable registered as "h34"
G4WT1 > Accumulable registered as "h22"
G4WT4 > Accumulable registered as "w0"
G4WT2 > Accumulable registered as "h60"
G4WT6 > Accumulable registered as "h150"
G4WT2 > Accumulable registered as "h61"
G4WT6 > Accumulable registered as "h151"
G4WT2 > Accumulable registered as "h62"
G4WT6 > Accumulable registered as "h152"
G4WT2 > Accumulable registered as "h63"
G4WT11 > Accumulable registered as "h229"
G4WT0 > Accumulable registered as "h1"
G4WT10 > Accumulable registered as "h35"
G4WT1 > Accumulable registered as "h23"
G4WT0 > Accumulable registered as "h2"
G4WT1 > Accumulable registered as "h24"
G4WT5 > Accumulable registered as "h7"
G4WT1 > Accumulable registered as "h25"
G4WT8 > Accumulable registered as "h34"
G4WT1 > Accumulable registered as "h26"
G4WT6 > Accumulable registered as "h153"
G4WT2 > Accumulable registered as "h64"
G4WT11 > Accumulable registered as "h230"
G4WT4 > Accumulable registered as "h0"
G4WT2 > Accumulable registered as "h65"
G4WT11 > Accumulable registered as "h231"
G4WT0 > Accumulable registered as "h3"
G4WT11 > Accumulable registered as "h232"
G4WT3 > Accumulable registered as "h2"
G4WT0 > Accumulable registered as "h4"
G4WT1 > Accumulable registered as "h27"
G4WT6 > Accumulable registered as "h154"
G4WT1 > Accumulable registered as "h28"
G4WT10 > Accumulable registered as "h36"
G4WT1 > Accumulable registered as "h29"
G4WT4 > Accumulable registered as "h1"
G4WT2 > Accumulable registered as "h66"
G4WT7 > Accumulable registered as "h4"
G4WT5 > Accumulable registered as "h8"
G4WT2 > Accumulable registered as "h67"
G4WT7 > Accumulable registered as "h5"
G4WT3 > Accumulable registered as "h3"
G4WT7 > Accumulable registered as "h6"
G4WT1 > Accumulable registered as "h30"
G4WT10 > Accumulable registered as "h37"
G4WT6 > Accumulable registered as "h155"
G4WT4 > Accumulable registered as "h2"
G4WT6 > Accumulable registered as "h156"
G4WT4 > Accumulable registered as "h3"
G4WT8 > Accumulable registered as "h35"
G4WT0 > Accumulable registered as "h5"
G4WT8 > Accumulable registered as "h36"
G4WT0 > Accumulable registered as "h6"
G4WT7 > Accumulable registered as "h7"
G4WT1 > Accumulable registered as "h31"
G4WT7 > Accumulable registered as "h8"
G4WT10 > Accumulable registered as "h38"
G4WT7 > Accumulable registered as "h9"
G4WT6 > Accumulable registered as "h157"
G4WT10 > Accumulable registered as "h39"
G4WT4 > Accumulable registered as "h4"
G4WT10 > Accumulable registered as "h40"
G4WT6 > Accumulable registered as "h158"
G4WT4 > Accumulable registered as "h5"
G4WT10 > Accumulable registered as "h41"
G4WT6 > Accumulable registered as "h159"
G4WT0 > Accumulable registered as "h7"
G4WT11 > Accumulable registered as "h233"
G4WT0 > Accumulable registered as "h8"
G4WT5 > Accumulable registered as "h9"
G4WT0 > Accumulable registered as "h9"
G4WT11 > Accumulable registered as "h234"
G4WT5 > Accumulable registered as "h10"
G4WT0 > Accumulable registered as "h10"
G4WT11 > Accumulable registered as "h235"
G4WT5 > Accumulable registered as "h11"
G4WT6 > Accumulable registered as "h160"
G4WT7 > Accumulable registered as "h10"
G4WT6 > Accumulable registered as "h161"
G4WT2 > Accumulable registered as "h68"
G4WT6 > Accumulable registered as "h162"
G4WT7 > Accumulable registered as "h11"
G4WT4 > Accumulable registered as "h6"
G4WT1 > Accumulable registered as "h32"
G4WT4 > Accumulable registered as "h7"
G4WT1 > Accumulable registered as "h33"
G4WT11 > Accumulable registered as "h236"
G4WT1 > Accumulable registered as "h34"
G4WT3 > Accumulable registered as "h4"
G4WT11 > Accumulable registered as "h237"
G4WT6 > Accumulable registered as "h163"
G4WT2 > Accumulable registered as "h69"
G4WT6 > Accumulable registered as "h164"
G4WT7 > Accumulable registered as "h12"
G4WT6 > Accumulable registered as "h165"
G4WT0 > Accumulable registered as "h11"
G4WT6 > Accumulable registered as "h166"
G4WT7 > Accumulable registered as "h13"
G4WT6 > Accumulable registered as "h167"
G4WT1 > Accumulable registered as "h35"
G4WT3 > Accumulable registered as "h5"
G4WT11 > Accumulable registered as "h238"
G4WT10 > Accumulable registered as "h42"
G4WT2 > Accumulable registered as "h70"
G4WT5 > Accumulable registered as "h12"
G4WT0 > Accumulable registered as "h12"
G4WT5 > Accumulable registered as "h13"
G4WT0 > Accumulable registered as "h13"
G4WT6 > Accumulable registered as "h168"
G4WT0 > Accumulable registered as "h14"
G4WT1 > Accumulable registered as "h36"
G4WT0 > Accumulable registered as "h15"
G4WT4 > Accumulable registered as "h8"
G4WT1 > Accumulable registered as "h37"
G4WT11 > Accumulable registered as "h239"
G4WT4 > Accumulable registered as "h9"
G4WT2 > Accumulable registered as "h71"
G4WT4 > Accumulable registered as "h10"
G4WT11 > Accumulable registered as "h240"
G4WT4 > Accumulable registered as "h11"
G4WT2 > Accumulable registered as "h72"
G4WT3 > Accumulable registered as "h6"
G4WT2 > Accumulable registered as "h73"
G4WT10 > Accumulable registered as "h43"
G4WT7 > Accumulable registered as "h14"
G4WT10 > Accumulable registered as "h44"
G4WT5 > Accumulable registered as "h14"
G4WT11 > Accumulable registered as "h241"
G4WT5 > Accumulable registered as "h15"
G4WT4 > Accumulable registered as "h12"
G4WT11 > Accumulable registered as "h242"
G4WT1 > Accumulable registered as "h38"
G4WT11 > Accumulable registered as "h243"
G4WT4 > Accumulable registered as "h13"
G4WT11 > Accumulable registered as "h244"
G4WT4 > Accumulable registered as "h14"
G4WT6 > Accumulable registered as "h169"
G4WT7 > Accumulable registered as "h15"
G4WT6 > Accumulable registered as "h170"
G4WT7 > Accumulable registered as "h16"
G4WT5 > Accumulable registered as "h16"
G4WT0 > Accumulable registered as "h16"
G4WT8 > Accumulable registered as "h37"
G4WT5 > Accumulable registered as "h17"
G4WT0 > Accumulable registered as "h17"
G4WT11 > Accumulable registered as "h245"
G4WT5 > Accumulable registered as "h18"
G4WT0 > Accumulable registered as "h18"
G4WT7 > Accumulable registered as "h17"
G4WT11 > Accumulable registered as "h246"
G4WT3 > Accumulable registered as "h7"
G4WT11 > Accumulable registered as "h247"
G4WT10 > Accumulable registered as "h45"
G4WT8 > Accumulable registered as "h38"
G4WT10 > Accumulable registered as "h46"
G4WT6 > Accumulable registered as "h171"
G4WT2 > Accumulable registered as "h74"
G4WT5 > Accumulable registered as "h19"
G4WT2 > Accumulable registered as "h75"
G4WT1 > Accumulable registered as "h39"
G4WT0 > Accumulable registered as "h19"
G4WT9 > Accumulable registered as "h106"
G4WT11 > Accumulable registered as "h248"
G4WT4 > Accumulable registered as "h15"
G4WT3 > Accumulable registered as "h8"
G4WT11 > Accumulable registered as "h249"
G4WT4 > Accumulable registered as "h16"
G4WT6 > Accumulable registered as "h172"
G4WT3 > Accumulable registered as "h9"
G4WT5 > Accumulable registered as "h20"
G4WT3 > Accumulable registered as "h10"
G4WT1 > Accumulable registered as "h40"
G4WT0 > Accumulable registered as "h20"
G4WT8 > Accumulable registered as "h39"
G4WT0 > Accumulable registered as "h21"
G4WT2 > Accumulable registered as "h76"
G4WT11 > Accumulable registered as "h250"
G4WT2 > Accumulable registered as "h77"
G4WT7 > Accumulable registered as "h18"
G4WT11 > Accumulable registered as "h251"
G4WT6 > Accumulable registered as "h173"
G4WT11 > Accumulable registered as "h252"
G4WT7 > Accumulable registered as "h19"
G4WT3 > Accumulable registered as "h11"
G4WT11 > Accumulable registered as "h253"
G4WT7 > Accumulable registered as "h20"
G4WT10 > Accumulable registered as "h47"
G4WT4 > Accumulable registered as "h17"
G4WT2 > Accumulable registered as "h78"
G4WT4 > Accumulable registered as "h18"
G4WT5 > Accumulable registered as "h21"
G4WT9 > Accumulable registered as "h107"
G4WT1 > Accumulable registered as "h41"
G4WT5 > Accumulable registered as "h22"
G4WT9 > Accumulable registered as "h108"
G4WT8 > Accumulable registered as "h40"
G4WT9 > Accumulable registered as "h109"
G4WT0 > Accumulable registered as "h22"
G4WT10 > Accumulable registered as "h48"
G4WT4 > Accumulable registered as "h19"
G4WT10 > Accumulable registered as "h49"
G4WT2 > Accumulable registered as "h79"
G4WT6 > Accumulable registered as "h174"
G4WT2 > Accumulable registered as "h80"
G4WT6 > Accumulable registered as "h175"
G4WT2 > Accumulable registered as "h81"
G4WT3 > Accumulable registered as "h12"
G4WT2 > Accumulable registered as "h82"
G4WT9 > Accumulable registered as "h110"
G4WT3 > Accumulable registered as "h13"
G4WT0 > Accumulable registered as "h23"
G4WT9 > Accumulable registered as "h111"
G4WT0 > Accumulable registered as "h24"
G4WT7 > Accumulable registered as "h21"
G4WT5 > Accumulable registered as "h23"
G4WT7 > Accumulable registered as "h22"
G4WT6 > Accumulable registered as "h176"
G4WT1 > Accumulable registered as "h42"
G4WT5 > Accumulable registered as "h24"
G4WT2 > Accumulable registered as "h83"
G4WT5 > Accumulable registered as "h25"
G4WT1 > Accumulable registered as "h43"
G4WT10 > Accumulable registered as "h50"
G4WT1 > Accumulable registered as "h44"
G4WT11 > Accumulable registered as "h254"
G4WT7 > Accumulable registered as "h23"
G4WT11 > Accumulable registered as "h255"
G4WT8 > Accumulable registered as "h41"
G4WT4 > Accumulable registered as "h20"
G4WT8 > Accumulable registered as "h42"
G4WT5 > Accumulable registered as "h26"
G4WT8 > Accumulable registered as "h43"
G4WT2 > Accumulable registered as "h84"
G4WT8 > Accumulable registered as "h44"
G4WT0 > Accumulable registered as "h25"
G4WT2 > Accumulable registered as "h85"
G4WT1 > Accumulable registered as "h45"
G4WT2 > Accumulable registered as "h86"
G4WT0 > Accumulable registered as "h26"
G4WT6 > Accumulable registered as "h177"
G4WT0 > Accumulable registered as "h27"
G4WT4 > Accumulable registered as "h21"
G4WT6 > Accumulable registered as "h178"
G4WT10 > Accumulable registered as "h51"
G4WT7 > Accumulable registered as "h24"
G4WT10 > Accumulable registered as "h52"
G4WT8 > Accumulable registered as "h45"
G4WT10 > Accumulable registered as "h53"
G4WT2 > Accumulable registered as "h87"
G4WT10 > Accumulable registered as "h54"
G4WT8 > Accumulable registered as "h46"
G4WT1 > Accumulable registered as "h46"
G4WT5 > Accumulable registered as "h27"
G4WT4 > Accumulable registered as "h22"
G4WT6 > Accumulable registered as "h179"
G4WT11 > Accumulable registered as "h256"
G4WT7 > Accumulable registered as "h25"
G4WT11 > Accumulable registered as "h257"
G4WT3 > Accumulable registered as "h14"
G4WT9 > Accumulable registered as "h112"
G4WT3 > Accumulable registered as "h15"
G4WT8 > Accumulable registered as "h47"
G4WT10 > Accumulable registered as "h55"
G4WT1 > Accumulable registered as "h47"
G4WT4 > Accumulable registered as "h23"
G4WT1 > Accumulable registered as "h48"
G4WT6 > Accumulable registered as "h180"
G4WT7 > Accumulable registered as "h26"
G4WT6 > Accumulable registered as "h181"
G4WT11 > Accumulable registered as "h258"
G4WT6 > Accumulable registered as "h182"
G4WT0 > Accumulable registered as "h28"
G4WT6 > Accumulable registered as "h183"
G4WT11 > Accumulable registered as "h259"
G4WT9 > Accumulable registered as "h113"
G4WT11 > Accumulable registered as "h260"
G4WT5 > Accumulable registered as "h28"
G4WT4 > Accumulable registered as "h24"
G4WT5 > Accumulable registered as "h29"
G4WT2 > Accumulable registered as "h88"
G4WT7 > Accumulable registered as "h27"
G4WT8 > Accumulable registered as "h48"
G4WT6 > Accumulable registered as "h184"
G4WT0 > Accumulable registered as "h29"
G4WT6 > Accumulable registered as "h185"
G4WT3 > Accumulable registered as "h16"
G4WT1 > Accumulable registered as "h49"
G4WT10 > Accumulable registered as "h56"
G4WT1 > Accumulable registered as "h50"
G4WT4 > Accumulable registered as "h25"
G4WT10 > Accumulable registered as "h57"
G4WT11 > Accumulable registered as "h261"
G4WT9 > Accumulable registered as "h114"
G4WT8 > Accumulable registered as "h49"
G4WT9 > Accumulable registered as "h115"
G4WT0 > Accumulable registered as "h30"
G4WT8 > Accumulable registered as "h50"
G4WT7 > Accumulable registered as "h28"
G4WT3 > Accumulable registered as "h17"
G4WT5 > Accumulable registered as "h30"
G4WT0 > Accumulable registered as "h31"
G4WT2 > Accumulable registered as "h89"
G4WT4 > Accumulable registered as "h26"
G4WT2 > Accumulable registered as "h90"
G4WT11 > Accumulable registered as "h262"
G4WT2 > Accumulable registered as "h91"
G4WT4 > Accumulable registered as "h27"
G4WT8 > Accumulable registered as "h51"
G4WT4 > Accumulable registered as "h28"
G4WT3 > Accumulable registered as "h18"
G4WT4 > Accumulable registered as "h29"
G4WT8 > Accumulable registered as "h52"
G4WT5 > Accumulable registered as "h31"
G4WT3 > Accumulable registered as "h19"
G4WT6 > Accumulable registered as "h186"
G4WT5 > Accumulable registered as "h32"
G4WT2 > Accumulable registered as "h92"
G4WT5 > Accumulable registered as "h33"
G4WT6 > Accumulable registered as "h187"
G4WT7 > Accumulable registered as "h29"
G4WT6 > Accumulable registered as "h188"
G4WT5 > Accumulable registered as "h34"
G4WT6 > Accumulable registered as "h189"
G4WT5 > Accumulable registered as "h35"
G4WT9 > Accumulable registered as "h116"
G4WT5 > Accumulable registered as "h36"
G4WT11 > Accumulable registered as "h263"
G4WT0 > Accumulable registered as "h32"
G4WT2 > Accumulable registered as "h93"
G4WT10 > Accumulable registered as "h58"
G4WT2 > Accumulable registered as "h94"
G4WT4 > Accumulable registered as "h30"
G4WT8 > Accumulable registered as "h53"
G4WT7 > Accumulable registered as "h30"
G4WT6 > Accumulable registered as "h190"
G4WT8 > Accumulable registered as "h54"
G4WT6 > Accumulable registered as "h191"
G4WT7 > Accumulable registered as "h31"
G4WT9 > Accumulable registered as "h117"
G4WT3 > Accumulable registered as "h20"
G4WT2 > Accumulable registered as "h95"
G4WT3 > Accumulable registered as "h21"
G4WT10 > Accumulable registered as "h59"
G4WT3 > Accumulable registered as "h22"
G4WT3 > Accumulable registered as "h23"
G4WT10 > Accumulable registered as "h60"
G4WT3 > Accumulable registered as "h24"
G4WT1 > Accumulable registered as "h51"
G4WT10 > Accumulable registered as "h61"
G4WT7 > Accumulable registered as "h32"
G4WT10 > Accumulable registered as "h62"
G4WT9 > Accumulable registered as "h118"
G4WT4 > Accumulable registered as "h31"
G4WT9 > Accumulable registered as "h119"
G4WT8 > Accumulable registered as "h55"
G4WT6 > Accumulable registered as "h192"
G4WT8 > Accumulable registered as "h56"
G4WT11 > Accumulable registered as "h264"
G4WT1 > Accumulable registered as "h52"
G4WT11 > Accumulable registered as "h265"
G4WT0 > Accumulable registered as "h33"
G4WT1 > Accumulable registered as "h53"
G4WT7 > Accumulable registered as "h33"
G4WT2 > Accumulable registered as "h96"
G4WT0 > Accumulable registered as "h34"
G4WT9 > Accumulable registered as "h120"
G4WT0 > Accumulable registered as "h35"
G4WT3 > Accumulable registered as "h25"
G4WT0 > Accumulable registered as "h36"
G4WT8 > Accumulable registered as "h57"
G4WT3 > Accumulable registered as "h26"
G4WT11 > Accumulable registered as "h266"
G4WT8 > Accumulable registered as "h58"
G4WT5 > Accumulable registered as "h37"
G4WT4 > Accumulable registered as "h32"
G4WT7 > Accumulable registered as "h34"
G4WT2 > Accumulable registered as "h97"
G4WT6 > Accumulable registered as "h193"
G4WT9 > Accumulable registered as "h121"
G4WT2 > Accumulable registered as "h98"
G4WT0 > Accumulable registered as "h37"
G4WT1 > Accumulable registered as "h54"
G4WT0 > Accumulable registered as "h38"
G4WT11 > Accumulable registered as "h267"
G4WT5 > Accumulable registered as "h38"
G4WT11 > Accumulable registered as "h268"
G4WT7 > Accumulable registered as "h35"
G4WT10 > Accumulable registered as "h63"
G4WT6 > Accumulable registered as "h194"
G4WT2 > Accumulable registered as "h99"
G4WT6 > Accumulable registered as "h195"
G4WT9 > Accumulable registered as "h122"
G4WT2 > Accumulable registered as "h100"
G4WT8 > Accumulable registered as "h59"
G4WT9 > Accumulable registered as "h123"
G4WT0 > Accumulable registered as "h39"
G4WT0 > Accumulable registered as "h40"
G4WT11 > Accumulable registered as "h269"
G4WT7 > Accumulable registered as "h36"
G4WT11 > Accumulable registered as "h270"
G4WT10 > Accumulable registered as "h64"
G4WT3 > Accumulable registered as "h27"
G4WT6 > Accumulable registered as "h196"
G4WT1 > Accumulable registered as "h55"
G4WT2 > Accumulable registered as "h101"
G4WT8 > Accumulable registered as "h60"
G4WT9 > Accumulable registered as "h124"
G4WT8 > Accumulable registered as "h61"
G4WT5 > Accumulable registered as "h39"
G4WT8 > Accumulable registered as "h62"
G4WT7 > Accumulable registered as "h37"
G4WT8 > Accumulable registered as "h63"
G4WT5 > Accumulable registered as "h40"
G4WT3 > Accumulable registered as "h28"
G4WT5 > Accumulable registered as "h41"
G4WT4 > Accumulable registered as "h33"
G4WT1 > Accumulable registered as "h56"
G4WT2 > Accumulable registered as "h102"
G4WT0 > Accumulable registered as "h41"
G4WT1 > Accumulable registered as "h57"
G4WT11 > Accumulable registered as "h271"
G4WT0 > Accumulable registered as "h42"
G4WT7 > Accumulable registered as "h38"
G4WT0 > Accumulable registered as "h43"
G4WT6 > Accumulable registered as "h197"
G4WT0 > Accumulable registered as "h44"
G4WT3 > Accumulable registered as "h29"
G4WT4 > Accumulable registered as "h34"
G4WT9 > Accumulable registered as "h125"
G4WT2 > Accumulable registered as "h103"
G4WT4 > Accumulable registered as "h35"
G4WT1 > Accumulable registered as "h58"
G4WT2 > Accumulable registered as "h104"
G4WT11 > Accumulable registered as "h272"
G4WT5 > Accumulable registered as "h42"
G4WT7 > Accumulable registered as "h39"
G4WT0 > Accumulable registered as "h45"
G4WT6 > Accumulable registered as "h198"
G4WT3 > Accumulable registered as "h30"
G4WT0 > Accumulable registered as "h46"
G4WT9 > Accumulable registered as "h126"
G4WT8 > Accumulable registered as "h64"
G4WT3 > Accumulable registered as "h31"
G4WT2 > Accumulable registered as "h105"
G4WT8 > Accumulable registered as "h65"
G4WT11 > Accumulable registered as "h273"
G4WT3 > Accumulable registered as "h32"
G4WT8 > Accumulable registered as "h66"
G4WT7 > Accumulable registered as "h40"
G4WT6 > Accumulable registered as "h199"
G4WT0 > Accumulable registered as "h47"
G4WT6 > Accumulable registered as "h200"
G4WT9 > Accumulable registered as "h127"
G4WT1 > Accumulable registered as "h59"
G4WT5 > Accumulable registered as "h43"
G4WT2 > Accumulable registered as "h106"
G4WT3 > Accumulable registered as "h33"
G4WT5 > Accumulable registered as "h44"
G4WT11 > Accumulable registered as "h274"
G4WT8 > Accumulable registered as "h67"
G4WT11 > Accumulable registered as "h275"
G4WT8 > Accumulable registered as "h68"
G4WT11 > Accumulable registered as "h276"
G4WT9 > Accumulable registered as "h128"
G4WT0 > Accumulable registered as "h48"
G4WT9 > Accumulable registered as "h129"
G4WT0 > Accumulable registered as "h49"
G4WT2 > Accumulable registered as "h107"
G4WT3 > Accumulable registered as "h34"
G4WT7 > Accumulable registered as "h41"
G4WT2 > Accumulable registered as "h108"
G4WT5 > Accumulable registered as "h45"
G4WT2 > Accumulable registered as "h109"
G4WT8 > Accumulable registered as "h69"
G4WT2 > Accumulable registered as "h110"
G4WT1 > Accumulable registered as "h60"
G4WT2 > Accumulable registered as "h111"
G4WT0 > Accumulable registered as "h50"
G4WT1 > Accumulable registered as "h61"
G4WT3 > Accumulable registered as "h35"
G4WT10 > Accumulable registered as "h65"
G4WT3 > Accumulable registered as "h36"
G4WT6 > Accumulable registered as "h201"
G4WT10 > Accumulable registered as "h66"
G4WT5 > Accumulable registered as "h46"
G4WT6 > Accumulable registered as "h202"
G4WT8 > Accumulable registered as "h70"
G4WT6 > Accumulable registered as "h203"
G4WT0 > Accumulable registered as "h51"
G4WT1 > Accumulable registered as "h62"
G4WT0 > Accumulable registered as "h52"
G4WT7 > Accumulable registered as "h42"
G4WT3 > Accumulable registered as "h37"
G4WT7 > Accumulable registered as "h43"
G4WT9 > Accumulable registered as "h130"
G4WT7 > Accumulable registered as "h44"
G4WT2 > Accumulable registered as "h112"
G4WT7 > Accumulable registered as "h45"
G4WT9 > Accumulable registered as "h131"
G4WT6 > Accumulable registered as "h204"
G4WT11 > Accumulable registered as "h277"
G4WT11 > Accumulable registered as "h278"
G4WT0 > Accumulable registered as "h53"
G4WT4 > Accumulable registered as "h36"
G4WT0 > Accumulable registered as "h54"
G4WT3 > Accumulable registered as "h38"
G4WT5 > Accumulable registered as "h47"
G4WT8 > Accumulable registered as "h71"
G4WT2 > Accumulable registered as "h113"
G4WT1 > Accumulable registered as "h63"
G4WT8 > Accumulable registered as "h72"
G4WT9 > Accumulable registered as "h132"
G4WT6 > Accumulable registered as "h205"
G4WT9 > Accumulable registered as "h133"
G4WT6 > Accumulable registered as "h206"
G4WT9 > Accumulable registered as "h134"
G4WT4 > Accumulable registered as "h37"
G4WT7 > Accumulable registered as "h46"
G4WT4 > Accumulable registered as "h38"
G4WT5 > Accumulable registered as "h48"
G4WT8 > Accumulable registered as "h73"
G4WT5 > Accumulable registered as "h49"
G4WT1 > Accumulable registered as "h64"
G4WT5 > Accumulable registered as "h50"
G4WT8 > Accumulable registered as "h74"
G4WT0 > Accumulable registered as "h55"
G4WT1 > Accumulable registered as "h65"
G4WT8 > Accumulable registered as "h75"
G4WT9 > Accumulable registered as "h135"
G4WT2 > Accumulable registered as "h114"
G4WT7 > Accumulable registered as "h47"
G4WT11 > Accumulable registered as "h279"
G4WT7 > Accumulable registered as "h48"
G4WT10 > Accumulable registered as "h67"
G4WT6 > Accumulable registered as "h207"
G4WT3 > Accumulable registered as "h39"
G4WT6 > Accumulable registered as "h208"
G4WT0 > Accumulable registered as "h56"
G4WT6 > Accumulable registered as "h209"
G4WT8 > Accumulable registered as "h76"
G4WT0 > Accumulable registered as "h57"
G4WT9 > Accumulable registered as "h136"
G4WT2 > Accumulable registered as "h115"
G4WT5 > Accumulable registered as "h51"
G4WT9 > Accumulable registered as "h137"
G4WT7 > Accumulable registered as "h49"
G4WT9 > Accumulable registered as "h138"
G4WT1 > Accumulable registered as "h66"
G4WT9 > Accumulable registered as "h139"
G4WT7 > Accumulable registered as "h50"
G4WT6 > Accumulable registered as "h210"
G4WT0 > Accumulable registered as "h58"
G4WT6 > Accumulable registered as "h211"
G4WT11 > Accumulable registered as "h280"
G4WT2 > Accumulable registered as "h116"
G4WT10 > Accumulable registered as "h68"
G4WT5 > Accumulable registered as "h52"
G4WT10 > Accumulable registered as "h69"
G4WT4 > Accumulable registered as "h39"
G4WT10 > Accumulable registered as "h70"
G4WT1 > Accumulable registered as "h67"
G4WT10 > Accumulable registered as "h71"
G4WT7 > Accumulable registered as "h51"
G4WT1 > Accumulable registered as "h68"
G4WT6 > Accumulable registered as "h212"
G4WT1 > Accumulable registered as "h69"
G4WT3 > Accumulable registered as "h40"
G4WT1 > Accumulable registered as "h70"
G4WT5 > Accumulable registered as "h53"
G4WT1 > Accumulable registered as "h71"
G4WT8 > Accumulable registered as "h77"
G4WT5 > Accumulable registered as "h54"
G4WT0 > Accumulable registered as "h59"
G4WT5 > Accumulable registered as "h55"
G4WT11 > Accumulable registered as "h281"
G4WT5 > Accumulable registered as "h56"
G4WT7 > Accumulable registered as "h52"
G4WT5 > Accumulable registered as "h57"
G4WT9 > Accumulable registered as "h140"
G4WT1 > Accumulable registered as "h72"
G4WT9 > Accumulable registered as "h141"
G4WT4 > Accumulable registered as "h40"
G4WT9 > Accumulable registered as "h142"
G4WT1 > Accumulable registered as "h73"
G4WT9 > Accumulable registered as "h143"
G4WT0 > Accumulable registered as "h60"
G4WT11 > Accumulable registered as "h282"
G4WT0 > Accumulable registered as "h61"
G4WT3 > Accumulable registered as "h41"
G4WT5 > Accumulable registered as "h58"
G4WT7 > Accumulable registered as "h53"
G4WT3 > Accumulable registered as "h42"
G4WT5 > Accumulable registered as "h59"
G4WT8 > Accumulable registered as "h78"
G4WT4 > Accumulable registered as "h41"
G4WT1 > Accumulable registered as "h74"
G4WT6 > Accumulable registered as "h213"
G4WT9 > Accumulable registered as "h144"
G4WT1 > Accumulable registered as "h75"
G4WT0 > Accumulable registered as "h62"
G4WT1 > Accumulable registered as "h76"
G4WT7 > Accumulable registered as "h54"
G4WT3 > Accumulable registered as "h43"
G4WT7 > Accumulable registered as "h55"
G4WT5 > Accumulable registered as "h60"
G4WT3 > Accumulable registered as "h44"
G4WT4 > Accumulable registered as "h42"
G4WT11 > Accumulable registered as "h283"
G4WT3 > Accumulable registered as "h45"
G4WT9 > Accumulable registered as "h145"
G4WT3 > Accumulable registered as "h46"
G4WT0 > Accumulable registered as "h63"
G4WT9 > Accumulable registered as "h146"
G4WT1 > Accumulable registered as "h77"
G4WT0 > Accumulable registered as "h64"
G4WT9 > Accumulable registered as "h147"
G4WT5 > Accumulable registered as "h61"
G4WT1 > Accumulable registered as "h78"
G4WT4 > Accumulable registered as "h43"
G4WT5 > Accumulable registered as "h62"
G4WT1 > Accumulable registered as "h79"
G4WT11 > Accumulable registered as "h284"
G4WT3 > Accumulable registered as "h47"
G4WT10 > Accumulable registered as "h72"
G4WT3 > Accumulable registered as "h48"
G4WT0 > Accumulable registered as "h65"
G4WT6 > Accumulable registered as "h214"
G4WT0 > Accumulable registered as "h66"
G4WT6 > Accumulable registered as "h215"
G4WT5 > Accumulable registered as "h63"
G4WT6 > Accumulable registered as "h216"
G4WT8 > Accumulable registered as "h79"
G4WT6 > Accumulable registered as "h217"
G4WT10 > Accumulable registered as "h73"
G4WT3 > Accumulable registered as "h49"
G4WT10 > Accumulable registered as "h74"
G4WT3 > Accumulable registered as "h50"
G4WT4 > Accumulable registered as "h44"
G4WT3 > Accumulable registered as "h51"
G4WT0 > Accumulable registered as "h67"
G4WT1 > Accumulable registered as "h80"
G4WT7 > Accumulable registered as "h56"
G4WT11 > Accumulable registered as "h285"
G4WT6 > Accumulable registered as "h218"
G4WT8 > Accumulable registered as "h80"
G4WT6 > Accumulable registered as "h219"
G4WT10 > Accumulable registered as "h75"
G4WT3 > Accumulable registered as "h52"
G4WT5 > Accumulable registered as "h64"
G4WT3 > Accumulable registered as "h53"
G4WT0 > Accumulable registered as "h68"
G4WT5 > Accumulable registered as "h65"
G4WT7 > Accumulable registered as "h57"
G4WT11 > Accumulable registered as "h286"
G4WT7 > Accumulable registered as "h58"
G4WT11 > Accumulable registered as "h287"
G4WT8 > Accumulable registered as "h81"
G4WT6 > Accumulable registered as "h220"
G4WT8 > Accumulable registered as "h82"
G4WT10 > Accumulable registered as "h76"
G4WT6 > Accumulable registered as "h221"
G4WT3 > Accumulable registered as "h54"
G4WT1 > Accumulable registered as "h81"
G4WT0 > Accumulable registered as "h69"
G4WT5 > Accumulable registered as "h66"
G4WT1 > Accumulable registered as "h82"
G4WT0 > Accumulable registered as "h70"
G4WT1 > Accumulable registered as "h83"
G4WT2 > Accumulable registered as "h117"
G4WT8 > Accumulable registered as "h83"
G4WT2 > Accumulable registered as "h118"
G4WT8 > Accumulable registered as "h84"
G4WT7 > Accumulable registered as "h59"
G4WT11 > Accumulable registered as "h288"
G4WT8 > Accumulable registered as "h85"
G4WT11 > Accumulable registered as "h289"
G4WT4 > Accumulable registered as "h45"
G4WT11 > Accumulable registered as "h290"
G4WT4 > Accumulable registered as "h46"
G4WT11 > Accumulable registered as "h291"
G4WT6 > Accumulable registered as "h222"
G4WT11 > Accumulable registered as "h292"
G4WT2 > Accumulable registered as "h119"
G4WT3 > Accumulable registered as "h55"
G4WT2 > Accumulable registered as "h120"
G4WT8 > Accumulable registered as "h86"
G4WT3 > Accumulable registered as "h56"
G4WT0 > Accumulable registered as "h71"
G4WT3 > Accumulable registered as "h57"
G4WT4 > Accumulable registered as "h47"
G4WT10 > Accumulable registered as "h77"
G4WT11 > Accumulable registered as "h293"
G4WT6 > Accumulable registered as "h223"
G4WT10 > Accumulable registered as "h78"
G4WT7 > Accumulable registered as "h60"
G4WT5 > Accumulable registered as "h67"
G4WT2 > Accumulable registered as "h121"
G4WT1 > Accumulable registered as "h84"
G4WT8 > Accumulable registered as "h87"
G4WT0 > Accumulable registered as "h72"
G4WT3 > Accumulable registered as "h58"
G4WT4 > Accumulable registered as "h48"
G4WT0 > Accumulable registered as "h73"
G4WT4 > Accumulable registered as "h49"
G4WT0 > Accumulable registered as "h74"
G4WT7 > Accumulable registered as "h61"
G4WT5 > Accumulable registered as "h68"
G4WT2 > Accumulable registered as "h122"
G4WT1 > Accumulable registered as "h85"
G4WT8 > Accumulable registered as "h88"
G4WT11 > Accumulable registered as "h294"
G4WT1 > Accumulable registered as "h86"
G4WT8 > Accumulable registered as "h89"
G4WT6 > Accumulable registered as "h224"
G4WT11 > Accumulable registered as "h295"
G4WT4 > Accumulable registered as "h50"
G4WT11 > Accumulable registered as "h296"
G4WT5 > Accumulable registered as "h69"
G4WT11 > Accumulable registered as "h297"
G4WT4 > Accumulable registered as "h51"
G4WT10 > Accumulable registered as "h79"
G4WT4 > Accumulable registered as "h52"
G4WT1 > Accumulable registered as "h87"
G4WT8 > Accumulable registered as "h90"
G4WT0 > Accumulable registered as "h75"
G4WT1 > Accumulable registered as "h88"
G4WT7 > Accumulable registered as "h62"
G4WT0 > Accumulable registered as "h76"
G4WT11 > Accumulable registered as "h298"
G4WT7 > Accumulable registered as "h63"
G4WT3 > Accumulable registered as "h59"
G4WT7 > Accumulable registered as "h64"
G4WT10 > Accumulable registered as "h80"
G4WT3 > Accumulable registered as "h60"
G4WT7 > Accumulable registered as "h65"
G4WT8 > Accumulable registered as "h91"
G4WT10 > Accumulable registered as "h81"
G4WT5 > Accumulable registered as "h70"
G4WT10 > Accumulable registered as "h82"
G4WT8 > Accumulable registered as "h92"
G4WT4 > Accumulable registered as "h53"
G4WT5 > Accumulable registered as "h71"
G4WT6 > Accumulable registered as "h225"
G4WT5 > Accumulable registered as "h72"
G4WT1 > Accumulable registered as "h89"
G4WT5 > Accumulable registered as "h73"
G4WT7 > Accumulable registered as "h66"
G4WT5 > Accumulable registered as "h74"
G4WT11 > Accumulable registered as "h299"
G4WT10 > Accumulable registered as "h83"
G4WT8 > Accumulable registered as "h93"
G4WT2 > Accumulable registered as "h123"
G4WT4 > Accumulable registered as "h54"
G4WT3 > Accumulable registered as "h61"
G4WT2 > Accumulable registered as "h124"
G4WT4 > Accumulable registered as "h55"
G4WT1 > Accumulable registered as "h90"
G4WT4 > Accumulable registered as "h56"
G4WT7 > Accumulable registered as "h67"
G4WT4 > Accumulable registered as "h57"
G4WT10 > Accumulable registered as "h84"
G4WT8 > Accumulable registered as "h94"
G4WT10 > Accumulable registered as "h85"
G4WT6 > Accumulable registered as "h226"
G4WT8 > Accumulable registered as "h95"
G4WT5 > Accumulable registered as "h75"
G4WT8 > Accumulable registered as "h96"
G4WT3 > Accumulable registered as "h62"
G4WT5 > Accumulable registered as "h76"
G4WT9 > Accumulable registered as "h148"
G4WT5 > Accumulable registered as "h77"
G4WT7 > Accumulable registered as "h68"
G4WT0 > Accumulable registered as "h77"
G4WT9 > Accumulable registered as "h149"
G4WT7 > Accumulable registered as "h69"
G4WT0 > Accumulable registered as "h78"
G4WT11 > Accumulable registered as "h300"
G4WT1 > Accumulable registered as "h91"
G4WT11 > Accumulable registered as "h301"
G4WT4 > Accumulable registered as "h58"
G4WT11 > Accumulable registered as "h302"
G4WT1 > Accumulable registered as "h92"
G4WT10 > Accumulable registered as "h86"
G4WT6 > Accumulable registered as "h227"
G4WT10 > Accumulable registered as "h87"
G4WT6 > Accumulable registered as "h228"
G4WT10 > Accumulable registered as "h88"
G4WT0 > Accumulable registered as "h79"
G4WT5 > Accumulable registered as "h78"
G4WT3 > Accumulable registered as "h63"
G4WT11 > Accumulable registered as "h303"
G4WT3 > Accumulable registered as "h64"
G4WT4 > Accumulable registered as "h59"
G4WT11 > Accumulable registered as "h304"
G4WT1 > Accumulable registered as "h93"
G4WT11 > Accumulable registered as "h305"
G4WT7 > Accumulable registered as "h70"
G4WT1 > Accumulable registered as "h94"
G4WT6 > Accumulable registered as "h229"
G4WT7 > Accumulable registered as "h71"
G4WT5 > Accumulable registered as "h79"
G4WT3 > Accumulable registered as "h65"
G4WT5 > Accumulable registered as "h80"
G4WT3 > Accumulable registered as "h66"
G4WT4 > Accumulable registered as "h60"
G4WT4 > Accumulable registered as "h61"
G4WT11 > Accumulable registered as "h306"
G4WT10 > Accumulable registered as "h89"
G4WT11 > Accumulable registered as "h307"
G4WT1 > Accumulable registered as "h95"
G4WT0 > Accumulable registered as "h80"
G4WT1 > Accumulable registered as "h96"
G4WT0 > Accumulable registered as "h81"
G4WT5 > Accumulable registered as "h81"
G4WT9 > Accumulable registered as "h150"
G4WT3 > Accumulable registered as "h67"
G4WT9 > Accumulable registered as "h151"
G4WT8 > Accumulable registered as "h97"
G4WT10 > Accumulable registered as "h90"
G4WT11 > Accumulable registered as "h308"
G4WT10 > Accumulable registered as "h91"
G4WT6 > Accumulable registered as "h230"
G4WT11 > Accumulable registered as "h309"
G4WT1 > Accumulable registered as "h97"
G4WT11 > Accumulable registered as "h310"
G4WT1 > Accumulable registered as "h98"
G4WT11 > Accumulable registered as "h311"
G4WT3 > Accumulable registered as "h68"
G4WT9 > Accumulable registered as "h152"
G4WT8 > Accumulable registered as "h98"
G4WT7 > Accumulable registered as "h72"
G4WT8 > Accumulable registered as "h99"
G4WT10 > Accumulable registered as "h92"
G4WT0 > Accumulable registered as "h82"
G4WT6 > Accumulable registered as "h231"
G4WT10 > Accumulable registered as "h93"
G4WT1 > Accumulable registered as "h99"
G4WT7 > Accumulable registered as "h73"
G4WT11 > Accumulable registered as "h312"
G4WT3 > Accumulable registered as "h69"
G4WT9 > Accumulable registered as "h153"
G4WT11 > Accumulable registered as "h313"
G4WT5 > Accumulable registered as "h82"
G4WT9 > Accumulable registered as "h154"
G4WT11 > Accumulable registered as "h314"
G4WT4 > Accumulable registered as "h62"
G4WT6 > Accumulable registered as "h232"
G4WT7 > Accumulable registered as "h74"
G4WT6 > Accumulable registered as "h233"
G4WT7 > Accumulable registered as "h75"
G4WT6 > Accumulable registered as "h234"
G4WT3 > Accumulable registered as "h70"
G4WT2 > Accumulable registered as "h125"
G4WT10 > Accumulable registered as "h94"
G4WT2 > Accumulable registered as "h126"
G4WT11 > Accumulable registered as "h315"
G4WT4 > Accumulable registered as "h63"
G4WT1 > Accumulable registered as "h100"
G4WT8 > Accumulable registered as "h100"
G4WT7 > Accumulable registered as "h76"
G4WT6 > Accumulable registered as "h235"
G4WT7 > Accumulable registered as "h77"
G4WT6 > Accumulable registered as "h236"
G4WT6 > Accumulable registered as "h237"
G4WT6 > Accumulable registered as "h238"
G4WT10 > Accumulable registered as "h95"
G4WT2 > Accumulable registered as "h127"
G4WT11 > Accumulable registered as "h316"
G4WT2 > Accumulable registered as "h128"
G4WT1 > Accumulable registered as "h101"
G4WT8 > Accumulable registered as "h101"
G4WT1 > Accumulable registered as "h102"
G4WT9 > Accumulable registered as "h155"
G4WT1 > Accumulable registered as "h103"
G4WT7 > Accumulable registered as "h78"
G4WT9 > Accumulable registered as "h156"
G4WT5 > Accumulable registered as "h83"
G4WT7 > Accumulable registered as "h79"
G4WT10 > Accumulable registered as "h96"
G4WT7 > Accumulable registered as "h80"
G4WT11 > Accumulable registered as "h317"
G4WT2 > Accumulable registered as "h129"
G4WT8 > Accumulable registered as "h102"
G4WT11 > Accumulable registered as "h318"
G4WT0 > Accumulable registered as "h83"
G4WT1 > Accumulable registered as "h104"
G4WT0 > Accumulable registered as "h84"
G4WT4 > Accumulable registered as "h64"
G4WT5 > Accumulable registered as "h84"
G4WT7 > Accumulable registered as "h81"
G4WT5 > Accumulable registered as "h85"
G4WT10 > Accumulable registered as "h97"
G4WT3 > Accumulable registered as "h71"
G4WT8 > Accumulable registered as "h103"
G4WT11 > Accumulable registered as "h319"
G4WT8 > Accumulable registered as "h104"
G4WT6 > Accumulable registered as "h239"
G4WT1 > Accumulable registered as "h105"
G4WT6 > Accumulable registered as "h240"
G4WT1 > Accumulable registered as "h106"
G4WT6 > Accumulable registered as "h241"
G4WT2 > Accumulable registered as "h130"
G4WT6 > Accumulable registered as "h242"
G4WT5 > Accumulable registered as "h86"
G4WT2 > Accumulable registered as "h131"
G4WT3 > Accumulable registered as "h72"
G4WT2 > Accumulable registered as "h132"
G4WT11 > Accumulable registered as "h320"
G4WT2 > Accumulable registered as "h133"
G4WT4 > Accumulable registered as "h65"
G4WT1 > Accumulable registered as "h107"
G4WT4 > Accumulable registered as "h66"
G4WT7 > Accumulable registered as "h82"
G4WT1 > Accumulable registered as "h108"
G4WT6 > Accumulable registered as "h243"
G4WT9 > Accumulable registered as "h157"
G4WT5 > Accumulable registered as "h87"
G4WT8 > Accumulable registered as "h105"
G4WT5 > Accumulable registered as "h88"
G4WT0 > Accumulable registered as "h85"
G4WT11 > Accumulable registered as "h321"
G4WT2 > Accumulable registered as "h134"
G4WT10 > Accumulable registered as "h98"
G4WT4 > Accumulable registered as "h67"
G4WT1 > Accumulable registered as "h109"
G4WT4 > Accumulable registered as "h68"
G4WT9 > Accumulable registered as "h158"
G4WT8 > Accumulable registered as "h106"
G4WT9 > Accumulable registered as "h159"
G4WT8 > Accumulable registered as "h107"
G4WT11 > Accumulable registered as "h322"
G4WT3 > Accumulable registered as "h73"
G4WT11 > Accumulable registered as "h323"
G4WT2 > Accumulable registered as "h135"
G4WT7 > Accumulable registered as "h83"
G4WT10 > Accumulable registered as "h99"
G4WT6 > Accumulable registered as "h244"
G4WT1 > Accumulable registered as "h110"
G4WT6 > Accumulable registered as "h245"
G4WT0 > Accumulable registered as "h86"
G4WT9 > Accumulable registered as "h160"
G4WT0 > Accumulable registered as "h87"
G4WT9 > Accumulable registered as "h161"
G4WT0 > Accumulable registered as "h88"
G4WT3 > Accumulable registered as "h74"
G4WT0 > Accumulable registered as "h89"
G4WT4 > Accumulable registered as "h69"
G4WT3 > Accumulable registered as "h75"
G4WT4 > Accumulable registered as "h70"
G4WT4 > Accumulable registered as "h71"
G4WT1 > Accumulable registered as "h111"
G4WT8 > Accumulable registered as "h108"
G4WT11 > Accumulable registered as "h324"
G4WT8 > Accumulable registered as "h109"
G4WT9 > Accumulable registered as "h162"
G4WT11 > Accumulable registered as "h325"
G4WT7 > Accumulable registered as "h84"
G4WT9 > Accumulable registered as "h163"
G4WT11 > Accumulable registered as "h326"
G4WT3 > Accumulable registered as "h76"
G4WT6 > Accumulable registered as "h246"
G4WT3 > Accumulable registered as "h77"
G4WT4 > Accumulable registered as "h72"
G4WT1 > Accumulable registered as "h112"
G4WT2 > Accumulable registered as "h136"
G4WT4 > Accumulable registered as "h73"
G4WT1 > Accumulable registered as "h113"
G4WT10 > Accumulable registered as "h100"
G4WT1 > Accumulable registered as "h114"
G4WT9 > Accumulable registered as "h164"
G4WT10 > Accumulable registered as "h101"
G4WT11 > Accumulable registered as "h327"
G4WT3 > Accumulable registered as "h78"
G4WT11 > Accumulable registered as "h328"
G4WT3 > Accumulable registered as "h79"
G4WT11 > Accumulable registered as "h329"
G4WT4 > Accumulable registered as "h74"
G4WT11 > Accumulable registered as "h330"
G4WT7 > Accumulable registered as "h85"
G4WT4 > Accumulable registered as "h75"
G4WT1 > Accumulable registered as "h115"
G4WT10 > Accumulable registered as "h102"
G4WT6 > Accumulable registered as "h247"
G4WT9 > Accumulable registered as "h165"
G4WT8 > Accumulable registered as "h110"
G4WT0 > Accumulable registered as "h90"
G4WT6 > Accumulable registered as "h248"
G4WT3 > Accumulable registered as "h80"
G4WT0 > Accumulable registered as "h91"
G4WT7 > Accumulable registered as "h86"
G4WT4 > Accumulable registered as "h76"
G4WT1 > Accumulable registered as "h116"
G4WT4 > Accumulable registered as "h77"
G4WT1 > Accumulable registered as "h117"
G4WT4 > Accumulable registered as "h78"
G4WT9 > Accumulable registered as "h166"
G4WT4 > Accumulable registered as "h79"
G4WT11 > Accumulable registered as "h331"
G4WT4 > Accumulable registered as "h80"
G4WT3 > Accumulable registered as "h81"
G4WT4 > Accumulable registered as "h81"
G4WT3 > Accumulable registered as "h82"
G4WT4 > Accumulable registered as "h82"
G4WT10 > Accumulable registered as "h103"
G4WT2 > Accumulable registered as "h137"
G4WT1 > Accumulable registered as "h118"
G4WT10 > Accumulable registered as "h104"
G4WT6 > Accumulable registered as "h249"
G4WT9 > Accumulable registered as "h167"
G4WT11 > Accumulable registered as "h332"
G4WT7 > Accumulable registered as "h87"
G4WT3 > Accumulable registered as "h83"
G4WT7 > Accumulable registered as "h88"
G4WT4 > Accumulable registered as "h83"
G4WT2 > Accumulable registered as "h138"
G4WT10 > Accumulable registered as "h105"
G4WT2 > Accumulable registered as "h139"
G4WT1 > Accumulable registered as "h119"
G4WT10 > Accumulable registered as "h106"
G4WT6 > Accumulable registered as "h250"
G4WT10 > Accumulable registered as "h107"
G4WT6 > Accumulable registered as "h251"
G4WT11 > Accumulable registered as "h333"
G4WT6 > Accumulable registered as "h252"
G4WT7 > Accumulable registered as "h89"
G4WT5 > Accumulable registered as "h89"
G4WT7 > Accumulable registered as "h90"
G4WT2 > Accumulable registered as "h140"
G4WT2 > Accumulable registered as "h141"
G4WT2 > Accumulable registered as "h142"
G4WT10 > Accumulable registered as "h108"
G4WT3 > Accumulable registered as "h84"
G4WT6 > Accumulable registered as "h253"
G4WT3 > Accumulable registered as "h85"
G4WT11 > Accumulable registered as "h334"
G4WT4 > Accumulable registered as "h84"
G4WT0 > Accumulable registered as "h92"
G4WT7 > Accumulable registered as "h91"
G4WT0 > Accumulable registered as "h93"
G4WT7 > Accumulable registered as "h92"
G4WT0 > Accumulable registered as "h94"
G4WT9 > Accumulable registered as "h168"
G4WT0 > Accumulable registered as "h95"
G4WT10 > Accumulable registered as "h109"
G4WT8 > Accumulable registered as "h111"
G4WT3 > Accumulable registered as "h86"
G4WT11 > Accumulable registered as "h335"
G4WT3 > Accumulable registered as "h87"
G4WT4 > Accumulable registered as "h85"
G4WT3 > Accumulable registered as "h88"
G4WT11 > Accumulable registered as "h336"
G4WT2 > Accumulable registered as "h143"
G4WT4 > Accumulable registered as "h86"
G4WT11 > Accumulable registered as "h337"
G4WT6 > Accumulable registered as "h254"
G4WT4 > Accumulable registered as "h87"
G4WT11 > Accumulable registered as "h338"
G4WT5 > Accumulable registered as "h90"
G4WT1 > Accumulable registered as "h120"
G4WT3 > Accumulable registered as "h89"
G4WT1 > Accumulable registered as "h121"
G4WT7 > Accumulable registered as "h93"
G4WT1 > Accumulable registered as "h122"
G4WT0 > Accumulable registered as "h96"
G4WT7 > Accumulable registered as "h94"
G4WT10 > Accumulable registered as "h110"
G4WT0 > Accumulable registered as "h97"
G4WT6 > Accumulable registered as "h255"
G4WT4 > Accumulable registered as "h88"
G4WT11 > Accumulable registered as "h339"
G4WT5 > Accumulable registered as "h91"
G4WT4 > Accumulable registered as "h89"
G4WT3 > Accumulable registered as "h90"
G4WT4 > Accumulable registered as "h90"
G4WT1 > Accumulable registered as "h123"
G4WT8 > Accumulable registered as "h112"
G4WT7 > Accumulable registered as "h95"
G4WT0 > Accumulable registered as "h98"
G4WT7 > Accumulable registered as "h96"
G4WT6 > Accumulable registered as "h256"
G4WT11 > Accumulable registered as "h340"
G4WT6 > Accumulable registered as "h257"
G4WT2 > Accumulable registered as "h144"
G4WT6 > Accumulable registered as "h258"
G4WT4 > Accumulable registered as "h91"
G4WT6 > Accumulable registered as "h259"
G4WT2 > Accumulable registered as "h145"
G4WT2 > Accumulable registered as "h146"
G4WT7 > Accumulable registered as "h97"
G4WT2 > Accumulable registered as "h147"
G4WT0 > Accumulable registered as "h99"
G4WT7 > Accumulable registered as "h98"
G4WT5 > Accumulable registered as "h92"
G4WT7 > Accumulable registered as "h99"
G4WT3 > Accumulable registered as "h91"
G4WT1 > Accumulable registered as "h124"
G4WT10 > Accumulable registered as "h111"
G4WT3 > Accumulable registered as "h92"
G4WT4 > Accumulable registered as "h92"
G4WT8 > Accumulable registered as "h113"
G4WT3 > Accumulable registered as "h93"
G4WT2 > Accumulable registered as "h148"
G4WT0 > Accumulable registered as "h100"
G4WT3 > Accumulable registered as "h94"
G4WT5 > Accumulable registered as "h93"
G4WT7 > Accumulable registered as "h100"
G4WT6 > Accumulable registered as "h260"
G4WT1 > Accumulable registered as "h125"
G4WT7 > Accumulable registered as "h101"
G4WT6 > Accumulable registered as "h261"
G4WT8 > Accumulable registered as "h114"
G4WT7 > Accumulable registered as "h102"
G4WT6 > Accumulable registered as "h262"
G4WT4 > Accumulable registered as "h93"
G4WT8 > Accumulable registered as "h115"
G4WT9 > Accumulable registered as "h169"
G4WT5 > Accumulable registered as "h94"
G4WT10 > Accumulable registered as "h112"
G4WT5 > Accumulable registered as "h95"
G4WT10 > Accumulable registered as "h113"
G4WT7 > Accumulable registered as "h103"
G4WT6 > Accumulable registered as "h263"
G4WT0 > Accumulable registered as "h101"
G4WT6 > Accumulable registered as "h264"
G4WT0 > Accumulable registered as "h102"
G4WT8 > Accumulable registered as "h116"
G4WT11 > Accumulable registered as "h341"
G4WT9 > Accumulable registered as "h170"
G4WT11 > Accumulable registered as "h342"
G4WT1 > Accumulable registered as "h126"
G4WT2 > Accumulable registered as "h149"
G4WT1 > Accumulable registered as "h127"
G4WT7 > Accumulable registered as "h104"
G4WT3 > Accumulable registered as "h95"
G4WT7 > Accumulable registered as "h105"
G4WT4 > Accumulable registered as "h94"
G4WT6 > Accumulable registered as "h265"
G4WT4 > Accumulable registered as "h95"
G4WT6 > Accumulable registered as "h266"
G4WT11 > Accumulable registered as "h343"
G4WT10 > Accumulable registered as "h114"
G4WT11 > Accumulable registered as "h344"
G4WT5 > Accumulable registered as "h96"
G4WT2 > Accumulable registered as "h150"
G4WT11 > Accumulable registered as "h345"
G4WT3 > Accumulable registered as "h96"
G4WT0 > Accumulable registered as "h103"
G4WT3 > Accumulable registered as "h97"
G4WT0 > Accumulable registered as "h104"
G4WT3 > Accumulable registered as "h98"
G4WT4 > Accumulable registered as "h96"
G4WT3 > Accumulable registered as "h99"
G4WT10 > Accumulable registered as "h115"
G4WT1 > Accumulable registered as "h128"
G4WT7 > Accumulable registered as "h106"
G4WT2 > Accumulable registered as "h151"
G4WT7 > Accumulable registered as "h107"
G4WT2 > Accumulable registered as "h152"
G4WT2 > Accumulable registered as "h153"
G4WT2 > Accumulable registered as "h154"
G4WT0 > Accumulable registered as "h105"
G4WT0 > Accumulable registered as "h106"
G4WT4 > Accumulable registered as "h97"
G4WT5 > Accumulable registered as "h97"
G4WT4 > Accumulable registered as "h98"
G4WT10 > Accumulable registered as "h116"
G4WT1 > Accumulable registered as "h129"
G4WT10 > Accumulable registered as "h117"
G4WT7 > Accumulable registered as "h108"
G4WT9 > Accumulable registered as "h171"
G4WT6 > Accumulable registered as "h267"
G4WT2 > Accumulable registered as "h155"
G4WT3 > Accumulable registered as "h100"
G4WT0 > Accumulable registered as "h107"
G4WT3 > Accumulable registered as "h101"
G4WT4 > Accumulable registered as "h99"
G4WT3 > Accumulable registered as "h102"
G4WT0 > Accumulable registered as "h108"
G4WT8 > Accumulable registered as "h117"
G4WT4 > Accumulable registered as "h100"
G4WT1 > Accumulable registered as "h130"
G4WT4 > Accumulable registered as "h101"
G4WT9 > Accumulable registered as "h172"
G4WT2 > Accumulable registered as "h156"
G4WT9 > Accumulable registered as "h173"
G4WT5 > Accumulable registered as "h98"
G4WT9 > Accumulable registered as "h174"
G4WT2 > Accumulable registered as "h157"
G4WT10 > Accumulable registered as "h118"
G4WT7 > Accumulable registered as "h109"
G4WT8 > Accumulable registered as "h118"
G4WT7 > Accumulable registered as "h110"
G4WT6 > Accumulable registered as "h268"
G4WT4 > Accumulable registered as "h102"
G4WT1 > Accumulable registered as "h131"
G4WT6 > Accumulable registered as "h269"
G4WT3 > Accumulable registered as "h103"
G4WT6 > Accumulable registered as "h270"
G4WT9 > Accumulable registered as "h175"
G4WT6 > Accumulable registered as "h271"
G4WT2 > Accumulable registered as "h158"
G4WT6 > Accumulable registered as "h272"
G4WT8 > Accumulable registered as "h119"
G4WT7 > Accumulable registered as "h111"
G4WT4 > Accumulable registered as "h103"
G4WT7 > Accumulable registered as "h112"
G4WT0 > Accumulable registered as "h109"
G4WT7 > Accumulable registered as "h113"
G4WT5 > Accumulable registered as "h99"
G4WT7 > Accumulable registered as "h114"
G4WT10 > Accumulable registered as "h119"
G4WT5 > Accumulable registered as "h100"
G4WT2 > Accumulable registered as "h159"
G4WT10 > Accumulable registered as "h120"
G4WT8 > Accumulable registered as "h120"
G4WT10 > Accumulable registered as "h121"
G4WT1 > Accumulable registered as "h132"
G4WT8 > Accumulable registered as "h121"
G4WT10 > Accumulable registered as "h122"
G4WT11 > Accumulable registered as "h346"
G4WT1 > Accumulable registered as "h133"
G4WT10 > Accumulable registered as "h123"
G4WT7 > Accumulable registered as "h115"
G4WT2 > Accumulable registered as "h160"
G4WT4 > Accumulable registered as "h104"
G4WT2 > Accumulable registered as "h161"
G4WT4 > Accumulable registered as "h105"
G4WT0 > Accumulable registered as "h110"
G4WT8 > Accumulable registered as "h122"
G4WT9 > Accumulable registered as "h176"
G4WT6 > Accumulable registered as "h273"
G4WT5 > Accumulable registered as "h101"
G4WT1 > Accumulable registered as "h134"
G4WT10 > Accumulable registered as "h124"
G4WT5 > Accumulable registered as "h102"
G4WT1 > Accumulable registered as "h135"
G4WT3 > Accumulable registered as "h104"
G4WT10 > Accumulable registered as "h125"
G4WT4 > Accumulable registered as "h106"
G4WT3 > Accumulable registered as "h105"
G4WT4 > Accumulable registered as "h107"
G4WT3 > Accumulable registered as "h106"
G4WT9 > Accumulable registered as "h177"
G4WT4 > Accumulable registered as "h108"
G4WT7 > Accumulable registered as "h116"
G4WT9 > Accumulable registered as "h178"
G4WT5 > Accumulable registered as "h103"
G4WT9 > Accumulable registered as "h179"
G4WT7 > Accumulable registered as "h117"
G4WT10 > Accumulable registered as "h126"
G4WT5 > Accumulable registered as "h104"
G4WT6 > Accumulable registered as "h274"
G4WT11 > Accumulable registered as "h347"
G4WT3 > Accumulable registered as "h107"
G4WT2 > Accumulable registered as "h162"
G4WT3 > Accumulable registered as "h108"
G4WT1 > Accumulable registered as "h136"
G4WT0 > Accumulable registered as "h111"
G4WT1 > Accumulable registered as "h137"
G4WT0 > Accumulable registered as "h112"
G4WT1 > Accumulable registered as "h138"
G4WT5 > Accumulable registered as "h105"
G4WT10 > Accumulable registered as "h127"
G4WT5 > Accumulable registered as "h106"
G4WT4 > Accumulable registered as "h109"
G4WT5 > Accumulable registered as "h107"
G4WT3 > Accumulable registered as "h109"
G4WT9 > Accumulable registered as "h180"
G4WT3 > Accumulable registered as "h110"
G4WT8 > Accumulable registered as "h123"
G4WT7 > Accumulable registered as "h118"
G4WT0 > Accumulable registered as "h113"
G4WT8 > Accumulable registered as "h124"
G4WT7 > Accumulable registered as "h119"
G4WT1 > Accumulable registered as "h139"
G4WT10 > Accumulable registered as "h128"
G4WT2 > Accumulable registered as "h163"
G4WT1 > Accumulable registered as "h140"
G4WT4 > Accumulable registered as "h110"
G4WT9 > Accumulable registered as "h181"
G4WT2 > Accumulable registered as "h164"
G4WT4 > Accumulable registered as "h111"
G4WT11 > Accumulable registered as "h348"
G4WT7 > Accumulable registered as "h120"
G4WT11 > Accumulable registered as "h349"
G4WT7 > Accumulable registered as "h121"
G4WT11 > Accumulable registered as "h350"
G4WT10 > Accumulable registered as "h129"
G4WT11 > Accumulable registered as "h351"
G4WT3 > Accumulable registered as "h111"
G4WT6 > Accumulable registered as "h275"
G4WT8 > Accumulable registered as "h125"
G4WT3 > Accumulable registered as "h112"
G4WT3 > Accumulable registered as "h113"
G4WT4 > Accumulable registered as "h112"
G4WT0 > Accumulable registered as "h114"
G4WT5 > Accumulable registered as "h108"
G4WT7 > Accumulable registered as "h122"
G4WT1 > Accumulable registered as "h141"
G4WT5 > Accumulable registered as "h109"
G4WT10 > Accumulable registered as "h130"
G4WT2 > Accumulable registered as "h165"
G4WT10 > Accumulable registered as "h131"
G4WT8 > Accumulable registered as "h126"
G4WT2 > Accumulable registered as "h166"
G4WT3 > Accumulable registered as "h114"
G4WT4 > Accumulable registered as "h113"
G4WT3 > Accumulable registered as "h115"
G4WT11 > Accumulable registered as "h352"
G4WT4 > Accumulable registered as "h114"
G4WT5 > Accumulable registered as "h110"
G4WT4 > Accumulable registered as "h115"
G4WT9 > Accumulable registered as "h182"
G4WT5 > Accumulable registered as "h111"
G4WT10 > Accumulable registered as "h132"
G4WT9 > Accumulable registered as "h183"
G4WT2 > Accumulable registered as "h167"
G4WT10 > Accumulable registered as "h133"
G4WT2 > Accumulable registered as "h168"
G4WT1 > Accumulable registered as "h142"
G4WT11 > Accumulable registered as "h353"
G4WT6 > Accumulable registered as "h276"
G4WT1 > Accumulable registered as "h143"
G4WT8 > Accumulable registered as "h127"
G4WT5 > Accumulable registered as "h112"
G4WT8 > Accumulable registered as "h128"
G4WT9 > Accumulable registered as "h184"
G4WT8 > Accumulable registered as "h129"
G4WT5 > Accumulable registered as "h113"
G4WT3 > Accumulable registered as "h116"
G4WT10 > Accumulable registered as "h134"
G4WT2 > Accumulable registered as "h169"
G4WT10 > Accumulable registered as "h135"
G4WT4 > Accumulable registered as "h116"
G4WT10 > Accumulable registered as "h136"
G4WT2 > Accumulable registered as "h170"
G4WT10 > Accumulable registered as "h137"
G4WT4 > Accumulable registered as "h117"
G4WT8 > Accumulable registered as "h130"
G4WT4 > Accumulable registered as "h118"
G4WT5 > Accumulable registered as "h114"
G4WT4 > Accumulable registered as "h119"
G4WT3 > Accumulable registered as "h117"
G4WT6 > Accumulable registered as "h277"
G4WT1 > Accumulable registered as "h144"
G4WT3 > Accumulable registered as "h118"
G4WT6 > Accumulable registered as "h278"
G4WT0 > Accumulable registered as "h115"
G4WT10 > Accumulable registered as "h138"
G4WT9 > Accumulable registered as "h185"
G4WT11 > Accumulable registered as "h354"
G4WT10 > Accumulable registered as "h139"
G4WT11 > Accumulable registered as "h355"
G4WT11 > Accumulable registered as "h356"
G4WT11 > Accumulable registered as "h357"
G4WT1 > Accumulable registered as "h145"
G4WT11 > Accumulable registered as "h358"
G4WT3 > Accumulable registered as "h119"
G4WT11 > Accumulable registered as "h359"
G4WT0 > Accumulable registered as "h116"
G4WT5 > Accumulable registered as "h115"
G4WT0 > Accumulable registered as "h117"
G4WT9 > Accumulable registered as "h186"
G4WT5 > Accumulable registered as "h116"
G4WT10 > Accumulable registered as "h140"
G4WT2 > Accumulable registered as "h171"
G4WT10 > Accumulable registered as "h141"
G4WT2 > Accumulable registered as "h172"
G4WT1 > Accumulable registered as "h146"
G4WT8 > Accumulable registered as "h131"
G4WT11 > Accumulable registered as "h360"
G4WT1 > Accumulable registered as "h147"
G4WT4 > Accumulable registered as "h120"
G4WT11 > Accumulable registered as "h361"
G4WT5 > Accumulable registered as "h117"
G4WT4 > Accumulable registered as "h121"
G4WT9 > Accumulable registered as "h187"
G4WT5 > Accumulable registered as "h118"
G4WT10 > Accumulable registered as "h142"
G4WT2 > Accumulable registered as "h173"
G4WT10 > Accumulable registered as "h143"
G4WT8 > Accumulable registered as "h132"
G4WT10 > Accumulable registered as "h144"
G4WT0 > Accumulable registered as "h118"
G4WT10 > Accumulable registered as "h145"
G4WT8 > Accumulable registered as "h133"
G4WT6 > Accumulable registered as "h279"
G4WT8 > Accumulable registered as "h134"
G4WT5 > Accumulable registered as "h119"
G4WT9 > Accumulable registered as "h188"
G4WT3 > Accumulable registered as "h120"
G4WT1 > Accumulable registered as "h148"
G4WT11 > Accumulable registered as "h362"
G4WT10 > Accumulable registered as "h146"
G4WT11 > Accumulable registered as "h363"
G4WT10 > Accumulable registered as "h147"
G4WT10 > Accumulable registered as "h148"
G4WT8 > Accumulable registered as "h135"
G4WT6 > Accumulable registered as "h280"
G4WT8 > Accumulable registered as "h136"
G4WT7 > Accumulable registered as "h123"
G4WT8 > Accumulable registered as "h137"
G4WT3 > Accumulable registered as "h121"
G4WT1 > Accumulable registered as "h149"
G4WT3 > Accumulable registered as "h122"
G4WT1 > Accumulable registered as "h150"
G4WT3 > Accumulable registered as "h123"
G4WT1 > Accumulable registered as "h151"
G4WT3 > Accumulable registered as "h124"
G4WT1 > Accumulable registered as "h152"
G4WT6 > Accumulable registered as "h281"
G4WT9 > Accumulable registered as "h189"
G4WT8 > Accumulable registered as "h138"
G4WT9 > Accumulable registered as "h190"
G4WT7 > Accumulable registered as "h124"
G4WT0 > Accumulable registered as "h119"
G4WT4 > Accumulable registered as "h122"
G4WT11 > Accumulable registered as "h364"
G4WT4 > Accumulable registered as "h123"
G4WT11 > Accumulable registered as "h365"
G4WT5 > Accumulable registered as "h120"
G4WT11 > Accumulable registered as "h366"
G4WT4 > Accumulable registered as "h124"
G4WT6 > Accumulable registered as "h282"
G4WT4 > Accumulable registered as "h125"
G4WT9 > Accumulable registered as "h191"
G4WT4 > Accumulable registered as "h126"
G4WT10 > Accumulable registered as "h149"
G4WT4 > Accumulable registered as "h127"
G4WT9 > Accumulable registered as "h192"
G4WT0 > Accumulable registered as "h120"
G4WT3 > Accumulable registered as "h125"
G4WT8 > Accumulable registered as "h139"
G4WT3 > Accumulable registered as "h126"
G4WT5 > Accumulable registered as "h121"
G4WT6 > Accumulable registered as "h283"
G4WT6 > Accumulable registered as "h284"
G4WT6 > Accumulable registered as "h285"
G4WT1 > Accumulable registered as "h153"
G4WT6 > Accumulable registered as "h286"
G4WT4 > Accumulable registered as "h128"
G4WT9 > Accumulable registered as "h193"
G4WT4 > Accumulable registered as "h129"
G4WT4 > Accumulable registered as "h130"
G4WT3 > Accumulable registered as "h127"
G4WT8 > Accumulable registered as "h140"
G4WT3 > Accumulable registered as "h128"
G4WT5 > Accumulable registered as "h122"
G4WT3 > Accumulable registered as "h129"
G4WT8 > Accumulable registered as "h141"
G4WT10 > Accumulable registered as "h150"
G4WT3 > Accumulable registered as "h130"
G4WT5 > Accumulable registered as "h123"
G4WT0 > Accumulable registered as "h121"
G4WT7 > Accumulable registered as "h125"
G4WT9 > Accumulable registered as "h194"
G4WT7 > Accumulable registered as "h126"
G4WT0 > Accumulable registered as "h122"
G4WT1 > Accumulable registered as "h154"
G4WT8 > Accumulable registered as "h142"
G4WT1 > Accumulable registered as "h155"
G4WT8 > Accumulable registered as "h143"
G4WT1 > Accumulable registered as "h156"
G4WT8 > Accumulable registered as "h144"
G4WT5 > Accumulable registered as "h124"
G4WT4 > Accumulable registered as "h131"
G4WT6 > Accumulable registered as "h287"
G4WT7 > Accumulable registered as "h127"
G4WT11 > Accumulable registered as "h367"
G4WT0 > Accumulable registered as "h123"
G4WT11 > Accumulable registered as "h368"
G4WT3 > Accumulable registered as "h131"
G4WT10 > Accumulable registered as "h151"
G4WT0 > Accumulable registered as "h124"
G4WT3 > Accumulable registered as "h132"
G4WT8 > Accumulable registered as "h145"
G4WT5 > Accumulable registered as "h125"
G4WT4 > Accumulable registered as "h132"
G4WT9 > Accumulable registered as "h195"
G4WT6 > Accumulable registered as "h288"
G4WT4 > Accumulable registered as "h133"
G4WT9 > Accumulable registered as "h196"
G4WT4 > Accumulable registered as "h134"
G4WT6 > Accumulable registered as "h289"
G4WT9 > Accumulable registered as "h197"
G4WT0 > Accumulable registered as "h125"
G4WT6 > Accumulable registered as "h290"
G4WT2 > Accumulable registered as "h174"
G4WT6 > Accumulable registered as "h291"
G4WT11 > Accumulable registered as "h369"
G4WT2 > Accumulable registered as "h175"
G4WT10 > Accumulable registered as "h152"
G4WT4 > Accumulable registered as "h135"
G4WT10 > Accumulable registered as "h153"
G4WT5 > Accumulable registered as "h126"
G4WT4 > Accumulable registered as "h136"
G4WT7 > Accumulable registered as "h128"
G4WT5 > Accumulable registered as "h127"
G4WT7 > Accumulable registered as "h129"
G4WT6 > Accumulable registered as "h292"
G4WT3 > Accumulable registered as "h133"
G4WT6 > Accumulable registered as "h293"
G4WT2 > Accumulable registered as "h176"
G4WT9 > Accumulable registered as "h198"
G4WT2 > Accumulable registered as "h177"
G4WT10 > Accumulable registered as "h154"
G4WT4 > Accumulable registered as "h137"
G4WT8 > Accumulable registered as "h146"
G4WT1 > Accumulable registered as "h157"
G4WT8 > Accumulable registered as "h147"
G4WT5 > Accumulable registered as "h128"
G4WT11 > Accumulable registered as "h370"
G4WT5 > Accumulable registered as "h129"
G4WT6 > Accumulable registered as "h294"
G4WT0 > Accumulable registered as "h126"
G4WT6 > Accumulable registered as "h295"
G4WT9 > Accumulable registered as "h199"
G4WT0 > Accumulable registered as "h127"
G4WT10 > Accumulable registered as "h155"
G4WT7 > Accumulable registered as "h130"
G4WT8 > Accumulable registered as "h148"
G4WT7 > Accumulable registered as "h131"
G4WT8 > Accumulable registered as "h149"
G4WT7 > Accumulable registered as "h132"
G4WT5 > Accumulable registered as "h130"
G4WT7 > Accumulable registered as "h133"
G4WT2 > Accumulable registered as "h178"
G4WT5 > Accumulable registered as "h131"
G4WT4 > Accumulable registered as "h138"
G4WT2 > Accumulable registered as "h179"
G4WT9 > Accumulable registered as "h200"
G4WT10 > Accumulable registered as "h156"
G4WT9 > Accumulable registered as "h201"
G4WT3 > Accumulable registered as "h134"
G4WT9 > Accumulable registered as "h202"
G4WT10 > Accumulable registered as "h157"
G4WT6 > Accumulable registered as "h296"
G4WT10 > Accumulable registered as "h158"
G4WT0 > Accumulable registered as "h128"
G4WT5 > Accumulable registered as "h132"
G4WT0 > Accumulable registered as "h129"
G4WT4 > Accumulable registered as "h139"
G4WT1 > Accumulable registered as "h158"
G4WT5 > Accumulable registered as "h133"
G4WT11 > Accumulable registered as "h371"
G4WT5 > Accumulable registered as "h134"
G4WT9 > Accumulable registered as "h203"
G4WT3 > Accumulable registered as "h135"
G4WT10 > Accumulable registered as "h159"
G4WT6 > Accumulable registered as "h297"
G4WT2 > Accumulable registered as "h180"
G4WT6 > Accumulable registered as "h298"
G4WT8 > Accumulable registered as "h150"
G4WT4 > Accumulable registered as "h140"
G4WT2 > Accumulable registered as "h181"
G4WT7 > Accumulable registered as "h134"
G4WT5 > Accumulable registered as "h135"
G4WT9 > Accumulable registered as "h204"
G4WT5 > Accumulable registered as "h136"
G4WT9 > Accumulable registered as "h205"
G4WT5 > Accumulable registered as "h137"
G4WT10 > Accumulable registered as "h160"
G4WT5 > Accumulable registered as "h138"
G4WT8 > Accumulable registered as "h151"
G4WT4 > Accumulable registered as "h141"
G4WT2 > Accumulable registered as "h182"
G4WT4 > Accumulable registered as "h142"
G4WT7 > Accumulable registered as "h135"
G4WT3 > Accumulable registered as "h136"
G4WT7 > Accumulable registered as "h136"
G4WT0 > Accumulable registered as "h130"
G4WT7 > Accumulable registered as "h137"
G4WT3 > Accumulable registered as "h137"
G4WT1 > Accumulable registered as "h159"
G4WT0 > Accumulable registered as "h131"
G4WT5 > Accumulable registered as "h139"
G4WT2 > Accumulable registered as "h183"
G4WT5 > Accumulable registered as "h140"
G4WT2 > Accumulable registered as "h184"
G4WT5 > Accumulable registered as "h141"
G4WT9 > Accumulable registered as "h206"
G4WT10 > Accumulable registered as "h161"
G4WT9 > Accumulable registered as "h207"
G4WT3 > Accumulable registered as "h138"
G4WT8 > Accumulable registered as "h152"
G4WT3 > Accumulable registered as "h139"
G4WT1 > Accumulable registered as "h160"
G4WT4 > Accumulable registered as "h143"
G4WT11 > Accumulable registered as "h372"
G4WT4 > Accumulable registered as "h144"
G4WT2 > Accumulable registered as "h185"
G4WT6 > Accumulable registered as "h299"
G4WT5 > Accumulable registered as "h142"
G4WT2 > Accumulable registered as "h186"
G4WT9 > Accumulable registered as "h208"
G4WT5 > Accumulable registered as "h143"
G4WT0 > Accumulable registered as "h132"
G4WT5 > Accumulable registered as "h144"
G4WT3 > Accumulable registered as "h140"
G4WT5 > Accumulable registered as "h145"
G4WT11 > Accumulable registered as "h373"
G4WT4 > Accumulable registered as "h145"
G4WT7 > Accumulable registered as "h138"
G4WT5 > Accumulable registered as "h146"
G4WT4 > Accumulable registered as "h146"
G4WT7 > Accumulable registered as "h139"
G4WT5 > Accumulable registered as "h147"
G4WT7 > Accumulable registered as "h140"
G4WT1 > Accumulable registered as "h161"
G4WT4 > Accumulable registered as "h147"
G4WT3 > Accumulable registered as "h141"
G4WT1 > Accumulable registered as "h162"
G4WT4 > Accumulable registered as "h148"
G4WT10 > Accumulable registered as "h162"
G4WT2 > Accumulable registered as "h187"
G4WT8 > Accumulable registered as "h153"
G4WT9 > Accumulable registered as "h209"
G4WT5 > Accumulable registered as "h148"
G4WT8 > Accumulable registered as "h154"
G4WT9 > Accumulable registered as "h210"
G4WT7 > Accumulable registered as "h141"
G4WT9 > Accumulable registered as "h211"
G4WT3 > Accumulable registered as "h142"
G4WT4 > Accumulable registered as "h149"
G4WT3 > Accumulable registered as "h143"
G4WT2 > Accumulable registered as "h188"
G4WT0 > Accumulable registered as "h133"
G4WT11 > Accumulable registered as "h374"
G4WT0 > Accumulable registered as "h134"
G4WT8 > Accumulable registered as "h155"
G4WT6 > Accumulable registered as "h300"
G4WT5 > Accumulable registered as "h149"
G4WT8 > Accumulable registered as "h156"
G4WT5 > Accumulable registered as "h150"
G4WT8 > Accumulable registered as "h157"
G4WT10 > Accumulable registered as "h163"
G4WT7 > Accumulable registered as "h142"
G4WT10 > Accumulable registered as "h164"
G4WT0 > Accumulable registered as "h135"
G4WT11 > Accumulable registered as "h375"
G4WT8 > Accumulable registered as "h158"
G4WT1 > Accumulable registered as "h163"
G4WT9 > Accumulable registered as "h212"
G4WT6 > Accumulable registered as "h301"
G4WT1 > Accumulable registered as "h164"
G4WT3 > Accumulable registered as "h144"
G4WT1 > Accumulable registered as "h165"
G4WT2 > Accumulable registered as "h189"
G4WT1 > Accumulable registered as "h166"
G4WT0 > Accumulable registered as "h136"
G4WT1 > Accumulable registered as "h167"
G4WT2 > Accumulable registered as "h190"
G4WT5 > Accumulable registered as "h151"
G4WT6 > Accumulable registered as "h302"
G4WT5 > Accumulable registered as "h152"
G4WT7 > Accumulable registered as "h143"
G4WT5 > Accumulable registered as "h153"
G4WT3 > Accumulable registered as "h145"
G4WT7 > Accumulable registered as "h144"
G4WT8 > Accumulable registered as "h159"
G4WT9 > Accumulable registered as "h213"
G4WT8 > Accumulable registered as "h160"
G4WT0 > Accumulable registered as "h137"
G4WT2 > Accumulable registered as "h191"
G4WT6 > Accumulable registered as "h303"
G4WT10 > Accumulable registered as "h165"
G4WT6 > Accumulable registered as "h304"
G4WT11 > Accumulable registered as "h376"
G4WT6 > Accumulable registered as "h305"
G4WT7 > Accumulable registered as "h145"
G4WT6 > Accumulable registered as "h306"
G4WT9 > Accumulable registered as "h214"
G4WT7 > Accumulable registered as "h146"
G4WT0 > Accumulable registered as "h138"
G4WT5 > Accumulable registered as "h154"
G4WT2 > Accumulable registered as "h192"
G4WT0 > Accumulable registered as "h139"
G4WT10 > Accumulable registered as "h166"
G4WT8 > Accumulable registered as "h161"
G4WT10 > Accumulable registered as "h167"
G4WT6 > Accumulable registered as "h307"
G4WT10 > Accumulable registered as "h168"
G4WT9 > Accumulable registered as "h215"
G4WT6 > Accumulable registered as "h308"
G4WT11 > Accumulable registered as "h377"
G4WT9 > Accumulable registered as "h216"
G4WT1 > Accumulable registered as "h168"
G4WT5 > Accumulable registered as "h155"
G4WT2 > Accumulable registered as "h193"
G4WT5 > Accumulable registered as "h156"
G4WT2 > Accumulable registered as "h194"
G4WT5 > Accumulable registered as "h157"
G4WT7 > Accumulable registered as "h147"
G4WT4 > Accumulable registered as "h150"
G4WT10 > Accumulable registered as "h169"
G4WT6 > Accumulable registered as "h309"
G4WT4 > Accumulable registered as "h151"
G4WT11 > Accumulable registered as "h378"
G4WT6 > Accumulable registered as "h310"
G4WT11 > Accumulable registered as "h379"
G4WT8 > Accumulable registered as "h162"
G4WT2 > Accumulable registered as "h195"
G4WT8 > Accumulable registered as "h163"
G4WT5 > Accumulable registered as "h158"
G4WT8 > Accumulable registered as "h164"
G4WT2 > Accumulable registered as "h196"
G4WT10 > Accumulable registered as "h170"
G4WT0 > Accumulable registered as "h140"
G4WT4 > Accumulable registered as "h152"
G4WT1 > Accumulable registered as "h169"
G4WT10 > Accumulable registered as "h171"
G4WT11 > Accumulable registered as "h380"
G4WT10 > Accumulable registered as "h172"
G4WT0 > Accumulable registered as "h141"
G4WT7 > Accumulable registered as "h148"
G4WT8 > Accumulable registered as "h165"
G4WT11 > Accumulable registered as "h381"
G4WT7 > Accumulable registered as "h149"
G4WT4 > Accumulable registered as "h153"
G4WT8 > Accumulable registered as "h166"
G4WT1 > Accumulable registered as "h170"
G4WT3 > Accumulable registered as "h146"
G4WT1 > Accumulable registered as "h171"
G4WT0 > Accumulable registered as "h142"
G4WT5 > Accumulable registered as "h159"
G4WT0 > Accumulable registered as "h143"
G4WT2 > Accumulable registered as "h197"
G4WT11 > Accumulable registered as "h382"
G4WT6 > Accumulable registered as "h311"
G4WT2 > Accumulable registered as "h198"
G4WT8 > Accumulable registered as "h167"
G4WT6 > Accumulable registered as "h312"
G4WT10 > Accumulable registered as "h173"
G4WT1 > Accumulable registered as "h172"
G4WT10 > Accumulable registered as "h174"
G4WT3 > Accumulable registered as "h147"
G4WT1 > Accumulable registered as "h173"
G4WT0 > Accumulable registered as "h144"
G4WT1 > Accumulable registered as "h174"
G4WT11 > Accumulable registered as "h383"
G4WT4 > Accumulable registered as "h154"
G4WT8 > Accumulable registered as "h168"
G4WT4 > Accumulable registered as "h155"
G4WT6 > Accumulable registered as "h313"
G4WT9 > Accumulable registered as "h217"
G4WT10 > Accumulable registered as "h175"
G4WT9 > Accumulable registered as "h218"
G4WT7 > Accumulable registered as "h150"
G4WT1 > Accumulable registered as "h175"
G4WT7 > Accumulable registered as "h151"
G4WT0 > Accumulable registered as "h145"
G4WT2 > Accumulable registered as "h199"
G4WT11 > Accumulable registered as "h384"
G4WT4 > Accumulable registered as "h156"
G4WT8 > Accumulable registered as "h169"
G4WT5 > Accumulable registered as "h160"
G4WT4 > Accumulable registered as "h157"
G4WT3 > Accumulable registered as "h148"
G4WT4 > Accumulable registered as "h158"
G4WT1 > Accumulable registered as "h176"
G4WT7 > Accumulable registered as "h152"
G4WT1 > Accumulable registered as "h177"
G4WT0 > Accumulable registered as "h146"
G4WT11 > Accumulable registered as "h385"
G4WT6 > Accumulable registered as "h314"
G4WT8 > Accumulable registered as "h170"
G4WT6 > Accumulable registered as "h315"
G4WT9 > Accumulable registered as "h219"
G4WT5 > Accumulable registered as "h161"
G4WT8 > Accumulable registered as "h171"
G4WT6 > Accumulable registered as "h316"
G4WT9 > Accumulable registered as "h220"
G4WT2 > Accumulable registered as "h200"
G4WT9 > Accumulable registered as "h221"
G4WT1 > Accumulable registered as "h178"
G4WT9 > Accumulable registered as "h222"
G4WT11 > Accumulable registered as "h386"
G4WT1 > Accumulable registered as "h179"
G4WT4 > Accumulable registered as "h159"
G4WT1 > Accumulable registered as "h180"
G4WT6 > Accumulable registered as "h317"
G4WT8 > Accumulable registered as "h172"
G4WT7 > Accumulable registered as "h153"
G4WT0 > Accumulable registered as "h147"
G4WT8 > Accumulable registered as "h173"
G4WT2 > Accumulable registered as "h201"
G4WT8 > Accumulable registered as "h174"
G4WT3 > Accumulable registered as "h149"
G4WT11 > Accumulable registered as "h387"
G4WT1 > Accumulable registered as "h181"
G4WT11 > Accumulable registered as "h388"
G4WT5 > Accumulable registered as "h162"
G4WT6 > Accumulable registered as "h318"
G4WT5 > Accumulable registered as "h163"
G4WT7 > Accumulable registered as "h154"
G4WT5 > Accumulable registered as "h164"
G4WT6 > Accumulable registered as "h319"
G4WT0 > Accumulable registered as "h148"
G4WT6 > Accumulable registered as "h320"
G4WT2 > Accumulable registered as "h202"
G4WT4 > Accumulable registered as "h160"
G4WT11 > Accumulable registered as "h389"
G4WT1 > Accumulable registered as "h182"
G4WT11 > Accumulable registered as "h390"
G4WT9 > Accumulable registered as "h223"
G4WT1 > Accumulable registered as "h183"
G4WT11 > Accumulable registered as "h391"
G4WT5 > Accumulable registered as "h165"
G4WT1 > Accumulable registered as "h184"
G4WT11 > Accumulable registered as "h392"
G4WT3 > Accumulable registered as "h150"
G4WT1 > Accumulable registered as "h185"
G4WT4 > Accumulable registered as "h161"
G4WT4 > Accumulable registered as "h162"
G4WT8 > Accumulable registered as "h175"
G4WT7 > Accumulable registered as "h155"
G4WT8 > Accumulable registered as "h176"
G4WT9 > Accumulable registered as "h224"
G4WT6 > Accumulable registered as "h321"
G4WT0 > Accumulable registered as "h149"
G4WT5 > Accumulable registered as "h166"
G4WT11 > Accumulable registered as "h393"
G4WT2 > Accumulable registered as "h203"
G4WT5 > Accumulable registered as "h167"
G4WT1 > Accumulable registered as "h186"
G4WT4 > Accumulable registered as "h163"
G4WT1 > Accumulable registered as "h187"
G4WT7 > Accumulable registered as "h156"
G4WT9 > Accumulable registered as "h225"
G4WT7 > Accumulable registered as "h157"
G4WT6 > Accumulable registered as "h322"
G4WT0 > Accumulable registered as "h150"
G4WT3 > Accumulable registered as "h151"
G4WT6 > Accumulable registered as "h323"
G4WT2 > Accumulable registered as "h204"
G4WT6 > Accumulable registered as "h324"
G4WT8 > Accumulable registered as "h177"
G4WT2 > Accumulable registered as "h205"
G4WT4 > Accumulable registered as "h164"
G4WT2 > Accumulable registered as "h206"
G4WT9 > Accumulable registered as "h226"
G4WT4 > Accumulable registered as "h165"
G4WT11 > Accumulable registered as "h394"
G4WT4 > Accumulable registered as "h166"
G4WT0 > Accumulable registered as "h151"
G4WT3 > Accumulable registered as "h152"
G4WT1 > Accumulable registered as "h188"
G4WT0 > Accumulable registered as "h152"
G4WT1 > Accumulable registered as "h189"
G4WT0 > Accumulable registered as "h153"
G4WT7 > Accumulable registered as "h158"
G4WT0 > Accumulable registered as "h154"
G4WT9 > Accumulable registered as "h227"
G4WT10 > Accumulable registered as "h176"
G4WT0 > Accumulable registered as "h155"
G4WT9 > Accumulable registered as "h228"
G4WT0 > Accumulable registered as "h156"
G4WT3 > Accumulable registered as "h153"
G4WT0 > Accumulable registered as "h157"
G4WT1 > Accumulable registered as "h190"
G4WT3 > Accumulable registered as "h154"
G4WT4 > Accumulable registered as "h167"
G4WT3 > Accumulable registered as "h155"
G4WT1 > Accumulable registered as "h191"
G4WT6 > Accumulable registered as "h325"
G4WT9 > Accumulable registered as "h229"
G4WT6 > Accumulable registered as "h326"
G4WT9 > Accumulable registered as "h230"
G4WT6 > Accumulable registered as "h327"
G4WT9 > Accumulable registered as "h231"
G4WT6 > Accumulable registered as "h328"
G4WT7 > Accumulable registered as "h159"
G4WT6 > Accumulable registered as "h329"
G4WT4 > Accumulable registered as "h168"
G4WT7 > Accumulable registered as "h160"
G4WT3 > Accumulable registered as "h156"
G4WT4 > Accumulable registered as "h169"
G4WT3 > Accumulable registered as "h157"
G4WT4 > Accumulable registered as "h170"
G4WT0 > Accumulable registered as "h158"
G4WT4 > Accumulable registered as "h171"
G4WT11 > Accumulable registered as "h395"
G4WT0 > Accumulable registered as "h159"
G4WT8 > Accumulable registered as "h178"
G4WT1 > Accumulable registered as "h192"
G4WT7 > Accumulable registered as "h161"
G4WT10 > Accumulable registered as "h177"
G4WT2 > Accumulable registered as "h207"
G4WT3 > Accumulable registered as "h158"
G4WT2 > Accumulable registered as "h208"
G4WT9 > Accumulable registered as "h232"
G4WT3 > Accumulable registered as "h159"
G4WT6 > Accumulable registered as "h330"
G4WT3 > Accumulable registered as "h160"
G4WT0 > Accumulable registered as "h160"
G4WT8 > Accumulable registered as "h179"
G4WT0 > Accumulable registered as "h161"
G4WT1 > Accumulable registered as "h193"
G4WT7 > Accumulable registered as "h162"
G4WT10 > Accumulable registered as "h178"
G4WT1 > Accumulable registered as "h194"
G4WT2 > Accumulable registered as "h209"
G4WT11 > Accumulable registered as "h396"
G4WT3 > Accumulable registered as "h161"
G4WT11 > Accumulable registered as "h397"
G4WT6 > Accumulable registered as "h331"
G4WT11 > Accumulable registered as "h398"
G4WT8 > Accumulable registered as "h180"
G4WT11 > Accumulable registered as "h399"
G4WT6 > Accumulable registered as "h332"
G4WT9 > Accumulable registered as "h233"
G4WT8 > Accumulable registered as "h181"
G4WT7 > Accumulable registered as "h163"
G4WT8 > Accumulable registered as "h182"
G4WT2 > Accumulable registered as "h210"
G4WT8 > Accumulable registered as "h183"
G4WT7 > Accumulable registered as "h164"
G4WT4 > Accumulable registered as "h172"
G4WT1 > Accumulable registered as "h195"
G4WT4 > Accumulable registered as "h173"
G4WT6 > Accumulable registered as "h333"
G4WT10 > Accumulable registered as "h179"
G4WT9 > Accumulable registered as "h234"
G4WT6 > Accumulable registered as "h334"
G4WT0 > Accumulable registered as "h162"
G4WT6 > Accumulable registered as "h335"
G4WT11 > Accumulable registered as "h400"
G4WT6 > Accumulable registered as "h336"
G4WT7 > Accumulable registered as "h165"
G4WT11 > Accumulable registered as "h401"
G4WT4 > Accumulable registered as "h174"
G4WT7 > Accumulable registered as "h166"
G4WT3 > Accumulable registered as "h162"
G4WT10 > Accumulable registered as "h180"
G4WT5 > Accumulable registered as "h168"
G4WT9 > Accumulable registered as "h235"
G4WT0 > Accumulable registered as "h163"
G4WT5 > Accumulable registered as "h169"
G4WT6 > Accumulable registered as "h337"
G4WT1 > Accumulable registered as "h196"
G4WT0 > Accumulable registered as "h164"
G4WT4 > Accumulable registered as "h175"
G4WT7 > Accumulable registered as "h167"
G4WT4 > Accumulable registered as "h176"
G4WT10 > Accumulable registered as "h181"
G4WT4 > Accumulable registered as "h177"
G4WT2 > Accumulable registered as "h211"
G4WT10 > Accumulable registered as "h182"
G4WT11 > Accumulable registered as "h402"
G4WT6 > Accumulable registered as "h338"
G4WT11 > Accumulable registered as "h403"
G4WT8 > Accumulable registered as "h184"
G4WT1 > Accumulable registered as "h197"
G4WT3 > Accumulable registered as "h163"
G4WT1 > Accumulable registered as "h198"
G4WT7 > Accumulable registered as "h168"
G4WT1 > Accumulable registered as "h199"
G4WT9 > Accumulable registered as "h236"
G4WT7 > Accumulable registered as "h169"
G4WT2 > Accumulable registered as "h212"
G4WT9 > Accumulable registered as "h237"
G4WT0 > Accumulable registered as "h165"
G4WT9 > Accumulable registered as "h238"
G4WT2 > Accumulable registered as "h213"
G4WT8 > Accumulable registered as "h185"
G4WT0 > Accumulable registered as "h166"
G4WT2 > Accumulable registered as "h214"
G4WT5 > Accumulable registered as "h170"
G4WT2 > Accumulable registered as "h215"
G4WT10 > Accumulable registered as "h183"
G4WT2 > Accumulable registered as "h216"
G4WT6 > Accumulable registered as "h339"
G4WT10 > Accumulable registered as "h184"
G4WT3 > Accumulable registered as "h164"
G4WT4 > Accumulable registered as "h178"
G4WT3 > Accumulable registered as "h165"
G4WT0 > Accumulable registered as "h167"
G4WT3 > Accumulable registered as "h166"
G4WT3 > Accumulable registered as "h167"
G4WT5 > Accumulable registered as "h171"
G4WT11 > Accumulable registered as "h404"
G4WT9 > Accumulable registered as "h239"
G4WT11 > Accumulable registered as "h405"
G4WT6 > Accumulable registered as "h340"
G4WT11 > Accumulable registered as "h406"
G4WT9 > Accumulable registered as "h240"
G4WT1 > Accumulable registered as "h200"
G4WT9 > Accumulable registered as "h241"
G4WT4 > Accumulable registered as "h179"
G4WT9 > Accumulable registered as "h242"
G4WT1 > Accumulable registered as "h201"
G4WT3 > Accumulable registered as "h168"
G4WT5 > Accumulable registered as "h172"
G4WT3 > Accumulable registered as "h169"
G4WT5 > Accumulable registered as "h173"
G4WT3 > Accumulable registered as "h170"
G4WT11 > Accumulable registered as "h407"
G4WT0 > Accumulable registered as "h168"
G4WT11 > Accumulable registered as "h408"
G4WT7 > Accumulable registered as "h170"
G4WT0 > Accumulable registered as "h169"
G4WT4 > Accumulable registered as "h180"
G4WT7 > Accumulable registered as "h171"
G4WT10 > Accumulable registered as "h185"
G4WT7 > Accumulable registered as "h172"
G4WT6 > Accumulable registered as "h341"
G4WT5 > Accumulable registered as "h174"
G4WT8 > Accumulable registered as "h186"
G4WT6 > Accumulable registered as "h342"
G4WT5 > Accumulable registered as "h175"
G4WT11 > Accumulable registered as "h409"
G4WT1 > Accumulable registered as "h202"
G4WT11 > Accumulable registered as "h410"
G4WT2 > Accumulable registered as "h217"
G4WT11 > Accumulable registered as "h411"
G4WT7 > Accumulable registered as "h173"
G4WT10 > Accumulable registered as "h186"
G4WT3 > Accumulable registered as "h171"
G4WT7 > Accumulable registered as "h174"
G4WT8 > Accumulable registered as "h187"
G4WT10 > Accumulable registered as "h187"
G4WT6 > Accumulable registered as "h343"
G4WT10 > Accumulable registered as "h188"
G4WT4 > Accumulable registered as "h181"
G4WT6 > Accumulable registered as "h344"
G4WT11 > Accumulable registered as "h412"
G4WT2 > Accumulable registered as "h218"
G4WT9 > Accumulable registered as "h243"
G4WT11 > Accumulable registered as "h413"
G4WT2 > Accumulable registered as "h219"
G4WT7 > Accumulable registered as "h175"
G4WT2 > Accumulable registered as "h220"
G4WT8 > Accumulable registered as "h188"
G4WT7 > Accumulable registered as "h176"
G4WT10 > Accumulable registered as "h189"
G4WT7 > Accumulable registered as "h177"
G4WT4 > Accumulable registered as "h182"
G4WT7 > Accumulable registered as "h178"
G4WT0 > Accumulable registered as "h170"
G4WT7 > Accumulable registered as "h179"
G4WT11 > Accumulable registered as "h414"
G4WT7 > Accumulable registered as "h180"
G4WT0 > Accumulable registered as "h171"
G4WT2 > Accumulable registered as "h221"
G4WT0 > Accumulable registered as "h172"
G4WT8 > Accumulable registered as "h189"
G4WT10 > Accumulable registered as "h190"
G4WT2 > Accumulable registered as "h222"
G4WT8 > Accumulable registered as "h190"
G4WT2 > Accumulable registered as "h223"
G4WT9 > Accumulable registered as "h244"
G4WT2 > Accumulable registered as "h224"
G4WT1 > Accumulable registered as "h203"
G4WT6 > Accumulable registered as "h345"
G4WT9 > Accumulable registered as "h245"
G4WT0 > Accumulable registered as "h173"
G4WT9 > Accumulable registered as "h246"
G4WT4 > Accumulable registered as "h183"
G4WT10 > Accumulable registered as "h191"
G4WT4 > Accumulable registered as "h184"
G4WT7 > Accumulable registered as "h181"
G4WT2 > Accumulable registered as "h225"
G4WT7 > Accumulable registered as "h182"
G4WT1 > Accumulable registered as "h204"
G4WT3 > Accumulable registered as "h172"
G4WT1 > Accumulable registered as "h205"
G4WT6 > Accumulable registered as "h346"
G4WT1 > Accumulable registered as "h206"
G4WT11 > Accumulable registered as "h415"
G4WT1 > Accumulable registered as "h207"
G4WT6 > Accumulable registered as "h347"
G4WT10 > Accumulable registered as "h192"
G4WT11 > Accumulable registered as "h416"
G4WT2 > Accumulable registered as "h226"
G4WT7 > Accumulable registered as "h183"
G4WT9 > Accumulable registered as "h247"
G4WT2 > Accumulable registered as "h227"
G4WT0 > Accumulable registered as "h174"
G4WT2 > Accumulable registered as "h228"
G4WT9 > Accumulable registered as "h248"
G4WT6 > Accumulable registered as "h348"
G4WT11 > Accumulable registered as "h417"
G4WT6 > Accumulable registered as "h349"
G4WT3 > Accumulable registered as "h173"
G4WT7 > Accumulable registered as "h184"
G4WT3 > Accumulable registered as "h174"
G4WT1 > Accumulable registered as "h208"
G4WT3 > Accumulable registered as "h175"
G4WT2 > Accumulable registered as "h229"
G4WT4 > Accumulable registered as "h185"
G4WT2 > Accumulable registered as "h230"
G4WT0 > Accumulable registered as "h175"
G4WT4 > Accumulable registered as "h186"
G4WT10 > Accumulable registered as "h193"
G4WT0 > Accumulable registered as "h176"
G4WT6 > Accumulable registered as "h350"
G4WT7 > Accumulable registered as "h185"
G4WT6 > Accumulable registered as "h351"
G4WT1 > Accumulable registered as "h209"
G4WT7 > Accumulable registered as "h186"
G4WT1 > Accumulable registered as "h210"
G4WT2 > Accumulable registered as "h231"
G4WT11 > Accumulable registered as "h418"
G4WT2 > Accumulable registered as "h232"
G4WT4 > Accumulable registered as "h187"
G4WT0 > Accumulable registered as "h177"
G4WT10 > Accumulable registered as "h194"
G4WT0 > Accumulable registered as "h178"
G4WT3 > Accumulable registered as "h176"
G4WT10 > Accumulable registered as "h195"
G4WT9 > Accumulable registered as "h249"
G4WT3 > Accumulable registered as "h177"
G4WT3 > Accumulable registered as "h178"
G4WT9 > Accumulable registered as "h250"
G4WT3 > Accumulable registered as "h179"
G4WT11 > Accumulable registered as "h419"
G4WT8 > Accumulable registered as "h191"
G4WT9 > Accumulable registered as "h251"
G4WT6 > Accumulable registered as "h352"
G4WT0 > Accumulable registered as "h179"
G4WT6 > Accumulable registered as "h353"
G4WT1 > Accumulable registered as "h211"
G4WT2 > Accumulable registered as "h233"
G4WT1 > Accumulable registered as "h212"
G4WT4 > Accumulable registered as "h188"
G4WT11 > Accumulable registered as "h420"
G4WT4 > Accumulable registered as "h189"
G4WT9 > Accumulable registered as "h252"
G4WT8 > Accumulable registered as "h192"
G4WT9 > Accumulable registered as "h253"
G4WT7 > Accumulable registered as "h187"
G4WT10 > Accumulable registered as "h196"
G4WT0 > Accumulable registered as "h180"
G4WT6 > Accumulable registered as "h354"
G4WT2 > Accumulable registered as "h234"
G4WT1 > Accumulable registered as "h213"
G4WT2 > Accumulable registered as "h235"
G4WT11 > Accumulable registered as "h421"
G4WT2 > Accumulable registered as "h236"
G4WT1 > Accumulable registered as "h214"
G4WT8 > Accumulable registered as "h193"
G4WT7 > Accumulable registered as "h188"
G4WT3 > Accumulable registered as "h180"
G4WT8 > Accumulable registered as "h194"
G4WT7 > Accumulable registered as "h189"
G4WT6 > Accumulable registered as "h355"
G4WT7 > Accumulable registered as "h190"
G4WT4 > Accumulable registered as "h190"
G4WT2 > Accumulable registered as "h237"
G4WT4 > Accumulable registered as "h191"
G4WT1 > Accumulable registered as "h215"
G4WT10 > Accumulable registered as "h197"
G4WT5 > Accumulable registered as "h176"
G4WT0 > Accumulable registered as "h181"
G4WT3 > Accumulable registered as "h181"
G4WT8 > Accumulable registered as "h195"
G4WT9 > Accumulable registered as "h254"
G4WT5 > Accumulable registered as "h177"
G4WT6 > Accumulable registered as "h356"
G4WT11 > Accumulable registered as "h422"
G4WT2 > Accumulable registered as "h238"
G4WT6 > Accumulable registered as "h357"
G4WT1 > Accumulable registered as "h216"
G4WT6 > Accumulable registered as "h358"
G4WT0 > Accumulable registered as "h182"
G4WT7 > Accumulable registered as "h191"
G4WT3 > Accumulable registered as "h182"
G4WT7 > Accumulable registered as "h192"
G4WT3 > Accumulable registered as "h183"
G4WT7 > Accumulable registered as "h193"
G4WT4 > Accumulable registered as "h192"
G4WT7 > Accumulable registered as "h194"
G4WT2 > Accumulable registered as "h239"
G4WT6 > Accumulable registered as "h359"
G4WT2 > Accumulable registered as "h240"
G4WT8 > Accumulable registered as "h196"
G4WT0 > Accumulable registered as "h183"
G4WT5 > Accumulable registered as "h178"
G4WT0 > Accumulable registered as "h184"
G4WT9 > Accumulable registered as "h255"
G4WT0 > Accumulable registered as "h185"
G4WT11 > Accumulable registered as "h423"
G4WT0 > Accumulable registered as "h186"
G4WT9 > Accumulable registered as "h256"
G4WT4 > Accumulable registered as "h193"
G4WT6 > Accumulable registered as "h360"
G4WT2 > Accumulable registered as "h241"
G4WT8 > Accumulable registered as "h197"
G4WT2 > Accumulable registered as "h242"
G4WT3 > Accumulable registered as "h184"
G4WT8 > Accumulable registered as "h198"
G4WT10 > Accumulable registered as "h198"
G4WT3 > Accumulable registered as "h185"
G4WT0 > Accumulable registered as "h187"
G4WT3 > Accumulable registered as "h186"
G4WT10 > Accumulable registered as "h199"
G4WT9 > Accumulable registered as "h257"
G4WT0 > Accumulable registered as "h188"
G4WT10 > Accumulable registered as "h200"
G4WT6 > Accumulable registered as "h361"
G4WT2 > Accumulable registered as "h243"
G4WT7 > Accumulable registered as "h195"
G4WT6 > Accumulable registered as "h362"
G4WT11 > Accumulable registered as "h424"
G4WT1 > Accumulable registered as "h217"
G4WT3 > Accumulable registered as "h187"
G4WT5 > Accumulable registered as "h179"
G4WT3 > Accumulable registered as "h188"
G4WT9 > Accumulable registered as "h258"
G4WT3 > Accumulable registered as "h189"
G4WT10 > Accumulable registered as "h201"
G4WT3 > Accumulable registered as "h190"
G4WT9 > Accumulable registered as "h259"
G4WT6 > Accumulable registered as "h363"
G4WT4 > Accumulable registered as "h194"
G4WT11 > Accumulable registered as "h425"
G4WT7 > Accumulable registered as "h196"
G4WT1 > Accumulable registered as "h218"
G4WT11 > Accumulable registered as "h426"
G4WT7 > Accumulable registered as "h197"
G4WT8 > Accumulable registered as "h199"
G4WT7 > Accumulable registered as "h198"
G4WT10 > Accumulable registered as "h202"
G4WT8 > Accumulable registered as "h200"
G4WT6 > Accumulable registered as "h364"
G4WT4 > Accumulable registered as "h195"
G4WT6 > Accumulable registered as "h365"
G4WT3 > Accumulable registered as "h191"
G4WT0 > Accumulable registered as "h189"
G4WT11 > Accumulable registered as "h427"
G4WT0 > Accumulable registered as "h190"
G4WT1 > Accumulable registered as "h219"
G4WT0 > Accumulable registered as "h191"
G4WT8 > Accumulable registered as "h201"
G4WT11 > Accumulable registered as "h428"
G4WT10 > Accumulable registered as "h203"
G4WT8 > Accumulable registered as "h202"
G4WT6 > Accumulable registered as "h366"
G4WT2 > Accumulable registered as "h244"
G4WT3 > Accumulable registered as "h192"
G4WT2 > Accumulable registered as "h245"
G4WT7 > Accumulable registered as "h199"
G4WT9 > Accumulable registered as "h260"
G4WT7 > Accumulable registered as "h200"
G4WT1 > Accumulable registered as "h220"
G4WT7 > Accumulable registered as "h201"
G4WT9 > Accumulable registered as "h261"
G4WT7 > Accumulable registered as "h202"
G4WT9 > Accumulable registered as "h262"
G4WT6 > Accumulable registered as "h367"
G4WT0 > Accumulable registered as "h192"
G4WT6 > Accumulable registered as "h368"
G4WT4 > Accumulable registered as "h196"
G4WT6 > Accumulable registered as "h369"
G4WT11 > Accumulable registered as "h429"
G4WT5 > Accumulable registered as "h180"
G4WT11 > Accumulable registered as "h430"
G4WT8 > Accumulable registered as "h203"
G4WT7 > Accumulable registered as "h203"
G4WT10 > Accumulable registered as "h204"
G4WT9 > Accumulable registered as "h263"
G4WT2 > Accumulable registered as "h246"
G4WT3 > Accumulable registered as "h193"
G4WT2 > Accumulable registered as "h247"
G4WT3 > Accumulable registered as "h194"
G4WT4 > Accumulable registered as "h197"
G4WT11 > Accumulable registered as "h431"
G4WT5 > Accumulable registered as "h181"
G4WT8 > Accumulable registered as "h204"
G4WT0 > Accumulable registered as "h193"
G4WT8 > Accumulable registered as "h205"
G4WT9 > Accumulable registered as "h264"
G4WT10 > Accumulable registered as "h205"
G4WT9 > Accumulable registered as "h265"
G4WT6 > Accumulable registered as "h370"
G4WT10 > Accumulable registered as "h206"
G4WT2 > Accumulable registered as "h248"
G4WT4 > Accumulable registered as "h198"
G4WT2 > Accumulable registered as "h249"
G4WT11 > Accumulable registered as "h432"
G4WT0 > Accumulable registered as "h194"
G4WT11 > Accumulable registered as "h433"
G4WT7 > Accumulable registered as "h204"
G4WT8 > Accumulable registered as "h206"
G4WT9 > Accumulable registered as "h266"
G4WT3 > Accumulable registered as "h195"
G4WT9 > Accumulable registered as "h267"
G4WT10 > Accumulable registered as "h207"
G4WT9 > Accumulable registered as "h268"
G4WT9 > Accumulable registered as "h269"
G4WT2 > Accumulable registered as "h250"
G4WT4 > Accumulable registered as "h199"
G4WT11 > Accumulable registered as "h434"
G4WT2 > Accumulable registered as "h251"
G4WT8 > Accumulable registered as "h207"
G4WT11 > Accumulable registered as "h435"
G4WT0 > Accumulable registered as "h195"
G4WT8 > Accumulable registered as "h208"
G4WT3 > Accumulable registered as "h196"
G4WT5 > Accumulable registered as "h182"
G4WT8 > Accumulable registered as "h209"
G4WT3 > Accumulable registered as "h197"
G4WT4 > Accumulable registered as "h200"
G4WT3 > Accumulable registered as "h198"
G4WT5 > Accumulable registered as "h183"
G4WT2 > Accumulable registered as "h252"
G4WT6 > Accumulable registered as "h371"
G4WT11 > Accumulable registered as "h436"
G4WT6 > Accumulable registered as "h372"
G4WT9 > Accumulable registered as "h270"
G4WT6 > Accumulable registered as "h373"
G4WT8 > Accumulable registered as "h210"
G4WT9 > Accumulable registered as "h271"
G4WT3 > Accumulable registered as "h199"
G4WT4 > Accumulable registered as "h201"
G4WT5 > Accumulable registered as "h184"
G4WT3 > Accumulable registered as "h200"
G4WT4 > Accumulable registered as "h202"
G4WT5 > Accumulable registered as "h185"
G4WT3 > Accumulable registered as "h201"
G4WT11 > Accumulable registered as "h437"
G4WT3 > Accumulable registered as "h202"
G4WT7 > Accumulable registered as "h205"
G4WT3 > Accumulable registered as "h203"
G4WT9 > Accumulable registered as "h272"
G4WT7 > Accumulable registered as "h206"
G4WT2 > Accumulable registered as "h253"
G4WT7 > Accumulable registered as "h207"
G4WT9 > Accumulable registered as "h273"
G4WT4 > Accumulable registered as "h203"
G4WT7 > Accumulable registered as "h208"
G4WT9 > Accumulable registered as "h274"
G4WT9 > Accumulable registered as "h275"
G4WT3 > Accumulable registered as "h204"
G4WT0 > Accumulable registered as "h196"
G4WT3 > Accumulable registered as "h205"
G4WT10 > Accumulable registered as "h208"
G4WT3 > Accumulable registered as "h206"
G4WT2 > Accumulable registered as "h254"
G4WT6 > Accumulable registered as "h374"
G4WT10 > Accumulable registered as "h209"
G4WT2 > Accumulable registered as "h255"
G4WT10 > Accumulable registered as "h210"
G4WT7 > Accumulable registered as "h209"
G4WT2 > Accumulable registered as "h256"
G4WT10 > Accumulable registered as "h211"
G4WT7 > Accumulable registered as "h210"
G4WT10 > Accumulable registered as "h212"
G4WT7 > Accumulable registered as "h211"
G4WT10 > Accumulable registered as "h213"
G4WT4 > Accumulable registered as "h204"
G4WT6 > Accumulable registered as "h375"
G4WT4 > Accumulable registered as "h205"
G4WT9 > Accumulable registered as "h276"
G4WT6 > Accumulable registered as "h376"
G4WT2 > Accumulable registered as "h257"
G4WT3 > Accumulable registered as "h207"
G4WT2 > Accumulable registered as "h258"
G4WT8 > Accumulable registered as "h211"
G4WT2 > Accumulable registered as "h259"
G4WT7 > Accumulable registered as "h212"
G4WT2 > Accumulable registered as "h260"
G4WT8 > Accumulable registered as "h212"
G4WT2 > Accumulable registered as "h261"
G4WT7 > Accumulable registered as "h213"
G4WT7 > Accumulable registered as "h214"
G4WT6 > Accumulable registered as "h377"
G4WT1 > Accumulable registered as "h221"
G4WT3 > Accumulable registered as "h208"
G4WT10 > Accumulable registered as "h214"
G4WT3 > Accumulable registered as "h209"
G4WT0 > Accumulable registered as "h197"
G4WT4 > Accumulable registered as "h206"
G4WT9 > Accumulable registered as "h277"
G4WT2 > Accumulable registered as "h262"
G4WT4 > Accumulable registered as "h207"
G4WT2 > Accumulable registered as "h263"
G4WT5 > Accumulable registered as "h186"
G4WT2 > Accumulable registered as "h264"
G4WT1 > Accumulable registered as "h222"
G4WT5 > Accumulable registered as "h187"
G4WT10 > Accumulable registered as "h215"
G4WT0 > Accumulable registered as "h198"
G4WT10 > Accumulable registered as "h216"
G4WT8 > Accumulable registered as "h213"
G4WT9 > Accumulable registered as "h278"
G4WT4 > Accumulable registered as "h208"
G4WT8 > Accumulable registered as "h214"
G4WT9 > Accumulable registered as "h279"
G4WT2 > Accumulable registered as "h265"
G4WT3 > Accumulable registered as "h210"
G4WT2 > Accumulable registered as "h266"
G4WT5 > Accumulable registered as "h188"
G4WT3 > Accumulable registered as "h211"
G4WT0 > Accumulable registered as "h199"
G4WT7 > Accumulable registered as "h215"
G4WT11 > Accumulable registered as "h438"
G4WT11 > Accumulable registered as "h439"
G4WT6 > Accumulable registered as "h378"
G4WT9 > Accumulable registered as "h280"
G4WT4 > Accumulable registered as "h209"
G4WT9 > Accumulable registered as "h281"
G4WT4 > Accumulable registered as "h210"
G4WT10 > Accumulable registered as "h217"
G4WT3 > Accumulable registered as "h212"
G4WT0 > Accumulable registered as "h200"
G4WT5 > Accumulable registered as "h189"
G4WT0 > Accumulable registered as "h201"
G4WT7 > Accumulable registered as "h216"
G4WT0 > Accumulable registered as "h202"
G4WT5 > Accumulable registered as "h190"
G4WT6 > Accumulable registered as "h379"
G4WT1 > Accumulable registered as "h223"
G4WT9 > Accumulable registered as "h282"
G4WT6 > Accumulable registered as "h380"
G4WT4 > Accumulable registered as "h211"
G4WT6 > Accumulable registered as "h381"
G4WT3 > Accumulable registered as "h213"
G4WT8 > Accumulable registered as "h215"
G4WT11 > Accumulable registered as "h440"
G4WT0 > Accumulable registered as "h203"
G4WT5 > Accumulable registered as "h191"
G4WT8 > Accumulable registered as "h216"
G4WT11 > Accumulable registered as "h441"
G4WT2 > Accumulable registered as "h267"
G4WT8 > Accumulable registered as "h217"
G4WT10 > Accumulable registered as "h218"
G4WT4 > Accumulable registered as "h212"
G4WT3 > Accumulable registered as "h214"
G4WT4 > Accumulable registered as "h213"
G4WT3 > Accumulable registered as "h215"
G4WT4 > Accumulable registered as "h214"
G4WT9 > Accumulable registered as "h283"
G4WT4 > Accumulable registered as "h215"
G4WT11 > Accumulable registered as "h442"
G4WT9 > Accumulable registered as "h284"
G4WT8 > Accumulable registered as "h218"
G4WT9 > Accumulable registered as "h285"
G4WT6 > Accumulable registered as "h382"
G4WT9 > Accumulable registered as "h286"
G4WT8 > Accumulable registered as "h219"
G4WT0 > Accumulable registered as "h204"
G4WT5 > Accumulable registered as "h192"
G4WT4 > Accumulable registered as "h216"
G4WT5 > Accumulable registered as "h193"
G4WT2 > Accumulable registered as "h268"
G4WT11 > Accumulable registered as "h443"
G4WT2 > Accumulable registered as "h269"
G4WT10 > Accumulable registered as "h219"
G4WT11 > Accumulable registered as "h444"
G4WT3 > Accumulable registered as "h216"
G4WT10 > Accumulable registered as "h220"
G4WT3 > Accumulable registered as "h217"
G4WT10 > Accumulable registered as "h221"
G4WT0 > Accumulable registered as "h205"
G4WT3 > Accumulable registered as "h218"
G4WT5 > Accumulable registered as "h194"
G4WT0 > Accumulable registered as "h206"
G4WT5 > Accumulable registered as "h195"
G4WT2 > Accumulable registered as "h270"
G4WT9 > Accumulable registered as "h287"
G4WT6 > Accumulable registered as "h383"
G4WT9 > Accumulable registered as "h288"
G4WT10 > Accumulable registered as "h222"
G4WT4 > Accumulable registered as "h217"
G4WT3 > Accumulable registered as "h219"
G4WT4 > Accumulable registered as "h218"
G4WT3 > Accumulable registered as "h220"
G4WT4 > Accumulable registered as "h219"
G4WT0 > Accumulable registered as "h207"
G4WT5 > Accumulable registered as "h196"
G4WT11 > Accumulable registered as "h445"
G4WT5 > Accumulable registered as "h197"
G4WT8 > Accumulable registered as "h220"
G4WT6 > Accumulable registered as "h384"
G4WT10 > Accumulable registered as "h223"
G4WT6 > Accumulable registered as "h385"
G4WT10 > Accumulable registered as "h224"
G4WT3 > Accumulable registered as "h221"
G4WT4 > Accumulable registered as "h220"
G4WT2 > Accumulable registered as "h271"
G4WT3 > Accumulable registered as "h222"
G4WT0 > Accumulable registered as "h208"
G4WT2 > Accumulable registered as "h272"
G4WT11 > Accumulable registered as "h446"
G4WT2 > Accumulable registered as "h273"
G4WT0 > Accumulable registered as "h209"
G4WT6 > Accumulable registered as "h386"
G4WT10 > Accumulable registered as "h225"
G4WT6 > Accumulable registered as "h387"
G4WT10 > Accumulable registered as "h226"
G4WT6 > Accumulable registered as "h388"
G4WT3 > Accumulable registered as "h223"
G4WT9 > Accumulable registered as "h289"
G4WT3 > Accumulable registered as "h224"
G4WT9 > Accumulable registered as "h290"
G4WT11 > Accumulable registered as "h447"
G4WT9 > Accumulable registered as "h291"
G4WT4 > Accumulable registered as "h221"
G4WT5 > Accumulable registered as "h198"
G4WT4 > Accumulable registered as "h222"
G4WT10 > Accumulable registered as "h227"
G4WT5 > Accumulable registered as "h199"
G4WT10 > Accumulable registered as "h228"
G4WT8 > Accumulable registered as "h221"
G4WT2 > Accumulable registered as "h274"
G4WT0 > Accumulable registered as "h210"
G4WT2 > Accumulable registered as "h275"
G4WT11 > Accumulable registered as "h448"
G4WT4 > Accumulable registered as "h223"
G4WT6 > Accumulable registered as "h389"
G4WT4 > Accumulable registered as "h224"
G4WT5 > Accumulable registered as "h200"
G4WT10 > Accumulable registered as "h229"
G4WT5 > Accumulable registered as "h201"
G4WT3 > Accumulable registered as "h225"
G4WT8 > Accumulable registered as "h222"
G4WT9 > Accumulable registered as "h292"
G4WT3 > Accumulable registered as "h226"
G4WT2 > Accumulable registered as "h276"
G4WT3 > Accumulable registered as "h227"
G4WT6 > Accumulable registered as "h390"
G4WT4 > Accumulable registered as "h225"
G4WT6 > Accumulable registered as "h391"
G4WT10 > Accumulable registered as "h230"
G4WT6 > Accumulable registered as "h392"
G4WT0 > Accumulable registered as "h211"
G4WT11 > Accumulable registered as "h449"
G4WT0 > Accumulable registered as "h212"
G4WT9 > Accumulable registered as "h293"
G4WT0 > Accumulable registered as "h213"
G4WT2 > Accumulable registered as "h277"
G4WT0 > Accumulable registered as "h214"
G4WT9 > Accumulable registered as "h294"
G4WT4 > Accumulable registered as "h226"
G4WT2 > Accumulable registered as "h278"
G4WT9 > Accumulable registered as "h295"
G4WT4 > Accumulable registered as "h227"
G4WT2 > Accumulable registered as "h279"
G4WT9 > Accumulable registered as "h296"
G4WT11 > Accumulable registered as "h450"
G4WT9 > Accumulable registered as "h297"
G4WT0 > Accumulable registered as "h215"
G4WT8 > Accumulable registered as "h223"
G4WT0 > Accumulable registered as "h216"
G4WT6 > Accumulable registered as "h393"
G4WT8 > Accumulable registered as "h224"
G4WT6 > Accumulable registered as "h394"
G4WT8 > Accumulable registered as "h225"
G4WT9 > Accumulable registered as "h298"
G4WT5 > Accumulable registered as "h202"
G4WT7 > Accumulable registered as "h217"
G4WT5 > Accumulable registered as "h203"
G4WT11 > Accumulable registered as "h451"
G4WT5 > Accumulable registered as "h204"
G4WT3 > Accumulable registered as "h228"
G4WT4 > Accumulable registered as "h228"
G4WT3 > Accumulable registered as "h229"
G4WT8 > Accumulable registered as "h226"
G4WT4 > Accumulable registered as "h229"
G4WT9 > Accumulable registered as "h299"
G4WT10 > Accumulable registered as "h231"
G4WT7 > Accumulable registered as "h218"
G4WT0 > Accumulable registered as "h217"
G4WT11 > Accumulable registered as "h452"
G4WT0 > Accumulable registered as "h218"
G4WT11 > Accumulable registered as "h453"
G4WT6 > Accumulable registered as "h395"
G4WT11 > Accumulable registered as "h454"
G4WT8 > Accumulable registered as "h227"
G4WT11 > Accumulable registered as "h455"
G4WT6 > Accumulable registered as "h396"
G4WT9 > Accumulable registered as "h300"
G4WT10 > Accumulable registered as "h232"
G4WT5 > Accumulable registered as "h205"
G4WT9 > Accumulable registered as "h301"
G4WT2 > Accumulable registered as "h280"
G4WT5 > Accumulable registered as "h206"
G4WT3 > Accumulable registered as "h230"
G4WT5 > Accumulable registered as "h207"
G4WT11 > Accumulable registered as "h456"
G4WT8 > Accumulable registered as "h228"
G4WT11 > Accumulable registered as "h457"
G4WT8 > Accumulable registered as "h229"
G4WT11 > Accumulable registered as "h458"
G4WT0 > Accumulable registered as "h219"
G4WT10 > Accumulable registered as "h233"
G4WT1 > Accumulable registered as "h224"
G4WT10 > Accumulable registered as "h234"
G4WT2 > Accumulable registered as "h281"
G4WT3 > Accumulable registered as "h231"
G4WT2 > Accumulable registered as "h282"
G4WT6 > Accumulable registered as "h397"
G4WT2 > Accumulable registered as "h283"
G4WT8 > Accumulable registered as "h230"
G4WT11 > Accumulable registered as "h459"
G4WT8 > Accumulable registered as "h231"
G4WT0 > Accumulable registered as "h220"
G4WT4 > Accumulable registered as "h230"
G4WT0 > Accumulable registered as "h221"
G4WT10 > Accumulable registered as "h235"
G4WT0 > Accumulable registered as "h222"
G4WT4 > Accumulable registered as "h231"
G4WT0 > Accumulable registered as "h223"
G4WT10 > Accumulable registered as "h236"
G4WT0 > Accumulable registered as "h224"
G4WT6 > Accumulable registered as "h398"
G4WT11 > Accumulable registered as "h460"
G4WT5 > Accumulable registered as "h208"
G4WT1 > Accumulable registered as "h225"
G4WT5 > Accumulable registered as "h209"
G4WT7 > Accumulable registered as "h219"
G4WT1 > Accumulable registered as "h226"
G4WT9 > Accumulable registered as "h302"
G4WT4 > Accumulable registered as "h232"
G4WT9 > Accumulable registered as "h303"
G4WT8 > Accumulable registered as "h232"
G4WT9 > Accumulable registered as "h304"
G4WT4 > Accumulable registered as "h233"
G4WT6 > Accumulable registered as "h399"
G4WT4 > Accumulable registered as "h234"
G4WT3 > Accumulable registered as "h232"
G4WT7 > Accumulable registered as "h220"
G4WT3 > Accumulable registered as "h233"
G4WT2 > Accumulable registered as "h284"
G4WT1 > Accumulable registered as "h227"
G4WT10 > Accumulable registered as "h237"
G4WT2 > Accumulable registered as "h285"
G4WT1 > Accumulable registered as "h228"
G4WT9 > Accumulable registered as "h305"
G4WT5 > Accumulable registered as "h210"
G4WT9 > Accumulable registered as "h306"
G4WT4 > Accumulable registered as "h235"
G4WT5 > Accumulable registered as "h211"
G4WT7 > Accumulable registered as "h221"
G4WT5 > Accumulable registered as "h212"
G4WT4 > Accumulable registered as "h236"
G4WT8 > Accumulable registered as "h233"
G4WT2 > Accumulable registered as "h286"
G4WT11 > Accumulable registered as "h461"
G4WT8 > Accumulable registered as "h234"
G4WT2 > Accumulable registered as "h287"
G4WT6 > Accumulable registered as "h400"
G4WT2 > Accumulable registered as "h288"
G4WT3 > Accumulable registered as "h234"
G4WT5 > Accumulable registered as "h213"
G4WT7 > Accumulable registered as "h222"
G4WT5 > Accumulable registered as "h214"
G4WT4 > Accumulable registered as "h237"
G4WT1 > Accumulable registered as "h229"
G4WT7 > Accumulable registered as "h223"
G4WT9 > Accumulable registered as "h307"
G4WT8 > Accumulable registered as "h235"
G4WT9 > Accumulable registered as "h308"
G4WT8 > Accumulable registered as "h236"
G4WT6 > Accumulable registered as "h401"
G4WT3 > Accumulable registered as "h235"
G4WT5 > Accumulable registered as "h215"
G4WT3 > Accumulable registered as "h236"
G4WT10 > Accumulable registered as "h238"
G4WT5 > Accumulable registered as "h216"
G4WT10 > Accumulable registered as "h239"
G4WT5 > Accumulable registered as "h217"
G4WT7 > Accumulable registered as "h224"
G4WT5 > Accumulable registered as "h218"
G4WT9 > Accumulable registered as "h309"
G4WT5 > Accumulable registered as "h219"
G4WT7 > Accumulable registered as "h225"
G4WT0 > Accumulable registered as "h225"
G4WT4 > Accumulable registered as "h238"
G4WT0 > Accumulable registered as "h226"
G4WT1 > Accumulable registered as "h230"
G4WT10 > Accumulable registered as "h240"
G4WT1 > Accumulable registered as "h231"
G4WT2 > Accumulable registered as "h289"
G4WT6 > Accumulable registered as "h402"
G4WT2 > Accumulable registered as "h290"
G4WT5 > Accumulable registered as "h220"
G4WT6 > Accumulable registered as "h403"
G4WT7 > Accumulable registered as "h226"
G4WT6 > Accumulable registered as "h404"
G4WT11 > Accumulable registered as "h462"
G4WT4 > Accumulable registered as "h239"
G4WT11 > Accumulable registered as "h463"
G4WT4 > Accumulable registered as "h240"
G4WT1 > Accumulable registered as "h232"
G4WT9 > Accumulable registered as "h310"
G4WT1 > Accumulable registered as "h233"
G4WT9 > Accumulable registered as "h311"
G4WT1 > Accumulable registered as "h234"
G4WT5 > Accumulable registered as "h221"
G4WT6 > Accumulable registered as "h405"
G4WT7 > Accumulable registered as "h227"
G4WT6 > Accumulable registered as "h406"
G4WT7 > Accumulable registered as "h228"
G4WT11 > Accumulable registered as "h464"
G4WT4 > Accumulable registered as "h241"
G4WT2 > Accumulable registered as "h291"
G4WT3 > Accumulable registered as "h237"
G4WT2 > Accumulable registered as "h292"
G4WT9 > Accumulable registered as "h312"
G4WT0 > Accumulable registered as "h227"
G4WT1 > Accumulable registered as "h235"
G4WT5 > Accumulable registered as "h222"
G4WT10 > Accumulable registered as "h241"
G4WT8 > Accumulable registered as "h237"
G4WT10 > Accumulable registered as "h242"
G4WT8 > Accumulable registered as "h238"
G4WT10 > Accumulable registered as "h243"
G4WT4 > Accumulable registered as "h242"
G4WT10 > Accumulable registered as "h244"
G4WT3 > Accumulable registered as "h238"
G4WT10 > Accumulable registered as "h245"
G4WT4 > Accumulable registered as "h243"
G4WT10 > Accumulable registered as "h246"
G4WT6 > Accumulable registered as "h407"
G4WT5 > Accumulable registered as "h223"
G4WT7 > Accumulable registered as "h229"
G4WT5 > Accumulable registered as "h224"
G4WT8 > Accumulable registered as "h239"
G4WT2 > Accumulable registered as "h293"
G4WT9 > Accumulable registered as "h313"
G4WT0 > Accumulable registered as "h228"
G4WT2 > Accumulable registered as "h294"
G4WT3 > Accumulable registered as "h239"
G4WT10 > Accumulable registered as "h247"
G4WT3 > Accumulable registered as "h240"
G4WT11 > Accumulable registered as "h465"
G4WT3 > Accumulable registered as "h241"
G4WT5 > Accumulable registered as "h225"
G4WT11 > Accumulable registered as "h466"
G4WT1 > Accumulable registered as "h236"
G4WT4 > Accumulable registered as "h244"
G4WT1 > Accumulable registered as "h237"
G4WT2 > Accumulable registered as "h295"
G4WT1 > Accumulable registered as "h238"
G4WT9 > Accumulable registered as "h314"
G4WT2 > Accumulable registered as "h296"
G4WT10 > Accumulable registered as "h248"
G4WT9 > Accumulable registered as "h315"
G4WT3 > Accumulable registered as "h242"
G4WT8 > Accumulable registered as "h240"
G4WT5 > Accumulable registered as "h226"
G4WT11 > Accumulable registered as "h467"
G4WT0 > Accumulable registered as "h229"
G4WT4 > Accumulable registered as "h245"
G4WT6 > Accumulable registered as "h408"
G4WT1 > Accumulable registered as "h239"
G4WT7 > Accumulable registered as "h230"
G4WT2 > Accumulable registered as "h297"
G4WT1 > Accumulable registered as "h240"
G4WT7 > Accumulable registered as "h231"
G4WT8 > Accumulable registered as "h241"
G4WT5 > Accumulable registered as "h227"
G4WT11 > Accumulable registered as "h468"
G4WT5 > Accumulable registered as "h228"
G4WT0 > Accumulable registered as "h230"
G4WT4 > Accumulable registered as "h246"
G4WT6 > Accumulable registered as "h409"
G4WT9 > Accumulable registered as "h316"
G4WT10 > Accumulable registered as "h249"
G4WT4 > Accumulable registered as "h247"
G4WT2 > Accumulable registered as "h298"
G4WT9 > Accumulable registered as "h317"
G4WT8 > Accumulable registered as "h242"
G4WT3 > Accumulable registered as "h243"
G4WT4 > Accumulable registered as "h248"
G4WT0 > Accumulable registered as "h231"
G4WT6 > Accumulable registered as "h410"
G4WT0 > Accumulable registered as "h232"
G4WT1 > Accumulable registered as "h241"
G4WT6 > Accumulable registered as "h411"
G4WT10 > Accumulable registered as "h250"
G4WT6 > Accumulable registered as "h412"
G4WT9 > Accumulable registered as "h318"
G4WT11 > Accumulable registered as "h469"
G4WT9 > Accumulable registered as "h319"
G4WT10 > Accumulable registered as "h251"
G4WT4 > Accumulable registered as "h249"
G4WT3 > Accumulable registered as "h244"
G4WT7 > Accumulable registered as "h232"
G4WT4 > Accumulable registered as "h250"
G4WT2 > Accumulable registered as "h299"
G4WT1 > Accumulable registered as "h242"
G4WT6 > Accumulable registered as "h413"
G4WT1 > Accumulable registered as "h243"
G4WT8 > Accumulable registered as "h243"
G4WT11 > Accumulable registered as "h470"
G4WT8 > Accumulable registered as "h244"
G4WT10 > Accumulable registered as "h252"
G4WT0 > Accumulable registered as "h233"
G4WT3 > Accumulable registered as "h245"
G4WT10 > Accumulable registered as "h253"
G4WT4 > Accumulable registered as "h251"
G4WT5 > Accumulable registered as "h229"
G4WT2 > Accumulable registered as "h300"
G4WT4 > Accumulable registered as "h252"
G4WT1 > Accumulable registered as "h244"
G4WT6 > Accumulable registered as "h414"
G4WT1 > Accumulable registered as "h245"
G4WT7 > Accumulable registered as "h233"
G4WT0 > Accumulable registered as "h234"
G4WT7 > Accumulable registered as "h234"
G4WT3 > Accumulable registered as "h246"
G4WT10 > Accumulable registered as "h254"
G4WT9 > Accumulable registered as "h320"
G4WT5 > Accumulable registered as "h230"
G4WT4 > Accumulable registered as "h253"
G4WT9 > Accumulable registered as "h321"
G4WT5 > Accumulable registered as "h231"
G4WT1 > Accumulable registered as "h246"
G4WT6 > Accumulable registered as "h415"
G4WT1 > Accumulable registered as "h247"
G4WT0 > Accumulable registered as "h235"
G4WT7 > Accumulable registered as "h235"
G4WT0 > Accumulable registered as "h236"
G4WT4 > Accumulable registered as "h254"
G4WT0 > Accumulable registered as "h237"
G4WT7 > Accumulable registered as "h236"
G4WT4 > Accumulable registered as "h255"
G4WT7 > Accumulable registered as "h237"
G4WT5 > Accumulable registered as "h232"
G4WT1 > Accumulable registered as "h248"
G4WT6 > Accumulable registered as "h416"
G4WT3 > Accumulable registered as "h247"
G4WT6 > Accumulable registered as "h417"
G4WT11 > Accumulable registered as "h471"
G4WT8 > Accumulable registered as "h245"
G4WT9 > Accumulable registered as "h322"
G4WT8 > Accumulable registered as "h246"
G4WT4 > Accumulable registered as "h256"
G4WT0 > Accumulable registered as "h238"
G4WT7 > Accumulable registered as "h238"
G4WT5 > Accumulable registered as "h233"
G4WT10 > Accumulable registered as "h255"
G4WT1 > Accumulable registered as "h249"
G4WT7 > Accumulable registered as "h239"
G4WT2 > Accumulable registered as "h301"
G4WT7 > Accumulable registered as "h240"
G4WT11 > Accumulable registered as "h472"
G4WT9 > Accumulable registered as "h323"
G4WT8 > Accumulable registered as "h247"
G4WT9 > Accumulable registered as "h324"
G4WT0 > Accumulable registered as "h239"
G4WT5 > Accumulable registered as "h234"
G4WT3 > Accumulable registered as "h248"
G4WT5 > Accumulable registered as "h235"
G4WT6 > Accumulable registered as "h418"
G4WT2 > Accumulable registered as "h302"
G4WT6 > Accumulable registered as "h419"
G4WT7 > Accumulable registered as "h241"
G4WT11 > Accumulable registered as "h473"
G4WT7 > Accumulable registered as "h242"
G4WT9 > Accumulable registered as "h325"
G4WT8 > Accumulable registered as "h248"
G4WT10 > Accumulable registered as "h256"
G4WT0 > Accumulable registered as "h240"
G4WT1 > Accumulable registered as "h250"
G4WT0 > Accumulable registered as "h241"
G4WT3 > Accumulable registered as "h249"
G4WT0 > Accumulable registered as "h242"
G4WT1 > Accumulable registered as "h251"
G4WT6 > Accumulable registered as "h420"
G4WT7 > Accumulable registered as "h243"
G4WT11 > Accumulable registered as "h474"
G4WT6 > Accumulable registered as "h421"
G4WT8 > Accumulable registered as "h249"
G4WT11 > Accumulable registered as "h475"
G4WT10 > Accumulable registered as "h257"
G4WT11 > Accumulable registered as "h476"
G4WT0 > Accumulable registered as "h243"
G4WT3 > Accumulable registered as "h250"
G4WT0 > Accumulable registered as "h244"
G4WT1 > Accumulable registered as "h252"
G4WT9 > Accumulable registered as "h326"
G4WT7 > Accumulable registered as "h244"
G4WT5 > Accumulable registered as "h236"
G4WT7 > Accumulable registered as "h245"
G4WT8 > Accumulable registered as "h250"
G4WT7 > Accumulable registered as "h246"
G4WT4 > Accumulable registered as "h257"
G4WT7 > Accumulable registered as "h247"
G4WT11 > Accumulable registered as "h477"
G4WT4 > Accumulable registered as "h258"
G4WT3 > Accumulable registered as "h251"
G4WT4 > Accumulable registered as "h259"
G4WT6 > Accumulable registered as "h422"
G4WT3 > Accumulable registered as "h252"
G4WT2 > Accumulable registered as "h303"
G4WT6 > Accumulable registered as "h423"
G4WT2 > Accumulable registered as "h304"
G4WT6 > Accumulable registered as "h424"
G4WT0 > Accumulable registered as "h245"
G4WT7 > Accumulable registered as "h248"
G4WT1 > Accumulable registered as "h253"
G4WT0 > Accumulable registered as "h246"
G4WT5 > Accumulable registered as "h237"
G4WT0 > Accumulable registered as "h247"
G4WT10 > Accumulable registered as "h258"
G4WT5 > Accumulable registered as "h238"
G4WT0 > Accumulable registered as "h248"
G4WT8 > Accumulable registered as "h251"
G4WT0 > Accumulable registered as "h249"
G4WT6 > Accumulable registered as "h425"
G4WT0 > Accumulable registered as "h250"
G4WT7 > Accumulable registered as "h249"
G4WT1 > Accumulable registered as "h254"
G4WT7 > Accumulable registered as "h250"
G4WT9 > Accumulable registered as "h327"
G4WT5 > Accumulable registered as "h239"
G4WT9 > Accumulable registered as "h328"
G4WT10 > Accumulable registered as "h259"
G4WT11 > Accumulable registered as "h478"
G4WT8 > Accumulable registered as "h252"
G4WT11 > Accumulable registered as "h479"
G4WT4 > Accumulable registered as "h260"
G4WT8 > Accumulable registered as "h253"
G4WT6 > Accumulable registered as "h426"
G4WT8 > Accumulable registered as "h254"
G4WT1 > Accumulable registered as "h255"
G4WT8 > Accumulable registered as "h255"
G4WT2 > Accumulable registered as "h305"
G4WT9 > Accumulable registered as "h329"
G4WT2 > Accumulable registered as "h306"
G4WT10 > Accumulable registered as "h260"
G4WT0 > Accumulable registered as "h251"
G4WT9 > Accumulable registered as "h330"
G4WT3 > Accumulable registered as "h253"
G4WT7 > Accumulable registered as "h251"
G4WT6 > Accumulable registered as "h427"
G4WT7 > Accumulable registered as "h252"
G4WT8 > Accumulable registered as "h256"
G4WT5 > Accumulable registered as "h240"
G4WT1 > Accumulable registered as "h256"
G4WT8 > Accumulable registered as "h257"
G4WT11 > Accumulable registered as "h480"
G4WT10 > Accumulable registered as "h261"
G4WT11 > Accumulable registered as "h481"
G4WT10 > Accumulable registered as "h262"
G4WT11 > Accumulable registered as "h482"
G4WT3 > Accumulable registered as "h254"
G4WT11 > Accumulable registered as "h483"
G4WT7 > Accumulable registered as "h253"
G4WT11 > Accumulable registered as "h484"
G4WT5 > Accumulable registered as "h241"
G4WT11 > Accumulable registered as "h485"
G4WT4 > Accumulable registered as "h261"
G4WT5 > Accumulable registered as "h242"
G4WT9 > Accumulable registered as "h331"
G4WT5 > Accumulable registered as "h243"
G4WT10 > Accumulable registered as "h263"
G4WT9 > Accumulable registered as "h332"
G4WT2 > Accumulable registered as "h307"
G4WT9 > Accumulable registered as "h333"
G4WT1 > Accumulable registered as "h257"
G4WT9 > Accumulable registered as "h334"
G4WT2 > Accumulable registered as "h308"
G4WT9 > Accumulable registered as "h335"
G4WT1 > Accumulable registered as "h258"
G4WT4 > Accumulable registered as "h262"
G4WT6 > Accumulable registered as "h428"
G4WT4 > Accumulable registered as "h263"
G4WT3 > Accumulable registered as "h255"
G4WT7 > Accumulable registered as "h254"
G4WT8 > Accumulable registered as "h258"
G4WT11 > Accumulable registered as "h486"
G4WT8 > Accumulable registered as "h259"
G4WT2 > Accumulable registered as "h309"
G4WT11 > Accumulable registered as "h487"
G4WT0 > Accumulable registered as "h252"
G4WT1 > Accumulable registered as "h259"
G4WT5 > Accumulable registered as "h244"
G4WT0 > Accumulable registered as "h253"
G4WT6 > Accumulable registered as "h429"
G4WT6 > Accumulable registered as "h430"
G4WT7 > Accumulable registered as "h255"
G4WT8 > Accumulable registered as "h260"
G4WT9 > Accumulable registered as "h336"
G4WT2 > Accumulable registered as "h310"
G4WT9 > Accumulable registered as "h337"
G4WT11 > Accumulable registered as "h488"
G4WT10 > Accumulable registered as "h264"
G4WT1 > Accumulable registered as "h260"
G4WT4 > Accumulable registered as "h264"
G4WT0 > Accumulable registered as "h254"
G4WT4 > Accumulable registered as "h265"
G4WT0 > Accumulable registered as "h255"
G4WT7 > Accumulable registered as "h256"
G4WT8 > Accumulable registered as "h261"
G4WT7 > Accumulable registered as "h257"
G4WT9 > Accumulable registered as "h338"
G4WT7 > Accumulable registered as "h258"
G4WT8 > Accumulable registered as "h262"
G4WT2 > Accumulable registered as "h311"
G4WT8 > Accumulable registered as "h263"
G4WT1 > Accumulable registered as "h261"
G4WT3 > Accumulable registered as "h256"
G4WT6 > Accumulable registered as "h431"
G4WT1 > Accumulable registered as "h262"
G4WT3 > Accumulable registered as "h257"
G4WT11 > Accumulable registered as "h489"
G4WT6 > Accumulable registered as "h432"
G4WT7 > Accumulable registered as "h259"
G4WT6 > Accumulable registered as "h433"
G4WT9 > Accumulable registered as "h339"
G4WT7 > Accumulable registered as "h260"
G4WT6 > Accumulable registered as "h434"
G4WT4 > Accumulable registered as "h266"
G4WT0 > Accumulable registered as "h256"
G4WT5 > Accumulable registered as "h245"
G4WT3 > Accumulable registered as "h258"
G4WT1 > Accumulable registered as "h263"
G4WT0 > Accumulable registered as "h257"
G4WT5 > Accumulable registered as "h246"
G4WT3 > Accumulable registered as "h259"
G4WT2 > Accumulable registered as "h312"
G4WT3 > Accumulable registered as "h260"
G4WT6 > Accumulable registered as "h435"
G4WT4 > Accumulable registered as "h267"
G4WT4 > Accumulable registered as "h268"
G4WT11 > Accumulable registered as "h490"
G4WT8 > Accumulable registered as "h264"
G4WT11 > Accumulable registered as "h491"
G4WT5 > Accumulable registered as "h247"
G4WT7 > Accumulable registered as "h261"
G4WT5 > Accumulable registered as "h248"
G4WT1 > Accumulable registered as "h264"
G4WT9 > Accumulable registered as "h340"
G4WT1 > Accumulable registered as "h265"
G4WT6 > Accumulable registered as "h436"
G4WT10 > Accumulable registered as "h265"
G4WT4 > Accumulable registered as "h269"
G4WT0 > Accumulable registered as "h258"
G4WT11 > Accumulable registered as "h492"
G4WT8 > Accumulable registered as "h265"
G4WT5 > Accumulable registered as "h249"
G4WT7 > Accumulable registered as "h262"
G4WT5 > Accumulable registered as "h250"
G4WT3 > Accumulable registered as "h261"
G4WT7 > Accumulable registered as "h263"
G4WT5 > Accumulable registered as "h251"
G4WT1 > Accumulable registered as "h266"
G4WT3 > Accumulable registered as "h262"
G4WT10 > Accumulable registered as "h266"
G4WT4 > Accumulable registered as "h270"
G4WT0 > Accumulable registered as "h259"
G4WT11 > Accumulable registered as "h493"
G4WT0 > Accumulable registered as "h260"
G4WT2 > Accumulable registered as "h313"
G4WT9 > Accumulable registered as "h341"
G4WT7 > Accumulable registered as "h264"
G4WT2 > Accumulable registered as "h314"
G4WT5 > Accumulable registered as "h252"
G4WT3 > Accumulable registered as "h263"
G4WT1 > Accumulable registered as "h267"
G4WT10 > Accumulable registered as "h267"
G4WT8 > Accumulable registered as "h266"
G4WT1 > Accumulable registered as "h268"
G4WT10 > Accumulable registered as "h268"
G4WT11 > Accumulable registered as "h494"
G4WT1 > Accumulable registered as "h269"
G4WT9 > Accumulable registered as "h342"
G4WT1 > Accumulable registered as "h270"
G4WT5 > Accumulable registered as "h253"
G4WT9 > Accumulable registered as "h343"
G4WT3 > Accumulable registered as "h264"
G4WT4 > Accumulable registered as "h271"
G4WT3 > Accumulable registered as "h265"
G4WT6 > Accumulable registered as "h437"
G4WT10 > Accumulable registered as "h269"
G4WT2 > Accumulable registered as "h315"
G4WT11 > Accumulable registered as "h495"
G4WT7 > Accumulable registered as "h265"
G4WT11 > Accumulable registered as "h496"
G4WT1 > Accumulable registered as "h271"
G4WT7 > Accumulable registered as "h266"
G4WT9 > Accumulable registered as "h344"
G4WT1 > Accumulable registered as "h272"
G4WT8 > Accumulable registered as "h267"
G4WT7 > Accumulable registered as "h267"
G4WT9 > Accumulable registered as "h345"
G4WT6 > Accumulable registered as "h438"
G4WT9 > Accumulable registered as "h346"
G4WT2 > Accumulable registered as "h316"
G4WT5 > Accumulable registered as "h254"
G4WT11 > Accumulable registered as "h497"
G4WT4 > Accumulable registered as "h272"
G4WT5 > Accumulable registered as "h255"
G4WT3 > Accumulable registered as "h266"
G4WT8 > Accumulable registered as "h268"
G4WT3 > Accumulable registered as "h267"
G4WT9 > Accumulable registered as "h347"
G4WT6 > Accumulable registered as "h439"
G4WT9 > Accumulable registered as "h348"
G4WT0 > Accumulable registered as "h261"
G4WT6 > Accumulable registered as "h440"
G4WT1 > Accumulable registered as "h273"
G4WT6 > Accumulable registered as "h441"
G4WT0 > Accumulable registered as "h262"
G4WT7 > Accumulable registered as "h268"
G4WT0 > Accumulable registered as "h263"
G4WT1 > Accumulable registered as "h274"
G4WT8 > Accumulable registered as "h269"
G4WT2 > Accumulable registered as "h317"
G4WT8 > Accumulable registered as "h270"
G4WT9 > Accumulable registered as "h349"
G4WT8 > Accumulable registered as "h271"
G4WT5 > Accumulable registered as "h256"
G4WT8 > Accumulable registered as "h272"
G4WT6 > Accumulable registered as "h442"
G4WT8 > Accumulable registered as "h273"
G4WT5 > Accumulable registered as "h257"
G4WT3 > Accumulable registered as "h268"
G4WT1 > Accumulable registered as "h275"
G4WT7 > Accumulable registered as "h269"
G4WT11 > Accumulable registered as "h498"
G4WT2 > Accumulable registered as "h318"
G4WT4 > Accumulable registered as "h273"
G4WT11 > Accumulable registered as "h499"
G4WT2 > Accumulable registered as "h319"
G4WT0 > Accumulable registered as "h264"
G4WT2 > Accumulable registered as "h320"
G4WT6 > Accumulable registered as "h443"
G4WT5 > Accumulable registered as "h258"
G4WT3 > Accumulable registered as "h269"
G4WT1 > Accumulable registered as "h276"
G4WT7 > Accumulable registered as "h270"
G4WT9 > Accumulable registered as "h350"
G4WT1 > Accumulable registered as "h277"
G4WT8 > Accumulable registered as "h274"
G4WT11 > Accumulable registered as "h500"
G4WT4 > Accumulable registered as "h274"
G4WT8 > Accumulable registered as "h275"
G4WT11 > Accumulable registered as "h501"
G4WT6 > Accumulable registered as "h444"
G4WT11 > Accumulable registered as "h502"
G4WT4 > Accumulable registered as "h275"
G4WT4 > Accumulable registered as "h276"
G4WT9 > Accumulable registered as "h351"
G4WT1 > Accumulable registered as "h278"
G4WT9 > Accumulable registered as "h352"
G4WT1 > Accumulable registered as "h279"
G4WT9 > Accumulable registered as "h353"
G4WT1 > Accumulable registered as "h280"
G4WT9 > Accumulable registered as "h354"
G4WT1 > Accumulable registered as "h281"
G4WT9 > Accumulable registered as "h355"
G4WT1 > Accumulable registered as "h282"
G4WT9 > Accumulable registered as "h356"
G4WT4 > Accumulable registered as "h277"
G4WT2 > Accumulable registered as "h321"
G4WT3 > Accumulable registered as "h270"
G4WT2 > Accumulable registered as "h322"
G4WT8 > Accumulable registered as "h276"
G4WT8 > Accumulable registered as "h277"
G4WT11 > Accumulable registered as "h503"
G4WT6 > Accumulable registered as "h445"
G4WT11 > Accumulable registered as "h504"
G4WT6 > Accumulable registered as "h446"
G4WT11 > Accumulable registered as "h505"
G4WT4 > Accumulable registered as "h278"
G4WT11 > Accumulable registered as "h506"
G4WT5 > Accumulable registered as "h259"
G4WT11 > Accumulable registered as "h507"
G4WT4 > Accumulable registered as "h279"
G4WT2 > Accumulable registered as "h323"
G4WT11 > Accumulable registered as "h508"
G4WT4 > Accumulable registered as "h280"
G4WT1 > Accumulable registered as "h283"
G4WT6 > Accumulable registered as "h447"
G4WT1 > Accumulable registered as "h284"
G4WT3 > Accumulable registered as "h271"
G4WT7 > Accumulable registered as "h271"
G4WT3 > Accumulable registered as "h272"
G4WT5 > Accumulable registered as "h260"
G4WT3 > Accumulable registered as "h273"
G4WT9 > Accumulable registered as "h357"
G4WT2 > Accumulable registered as "h324"
G4WT11 > Accumulable registered as "h509"
G4WT4 > Accumulable registered as "h281"
G4WT0 > Accumulable registered as "h265"
G4WT6 > Accumulable registered as "h448"
G4WT4 > Accumulable registered as "h282"
G4WT0 > Accumulable registered as "h266"
G4WT8 > Accumulable registered as "h278"
G4WT0 > Accumulable registered as "h267"
G4WT3 > Accumulable registered as "h274"
G4WT0 > Accumulable registered as "h268"
G4WT8 > Accumulable registered as "h279"
G4WT2 > Accumulable registered as "h325"
G4WT8 > Accumulable registered as "h280"
G4WT1 > Accumulable registered as "h285"
G4WT8 > Accumulable registered as "h281"
G4WT7 > Accumulable registered as "h272"
G4WT8 > Accumulable registered as "h282"
G4WT10 > Accumulable registered as "h270"
G4WT9 > Accumulable registered as "h358"
G4WT3 > Accumulable registered as "h275"
G4WT10 > Accumulable registered as "h271"
G4WT0 > Accumulable registered as "h269"
G4WT9 > Accumulable registered as "h359"
G4WT2 > Accumulable registered as "h326"
G4WT4 > Accumulable registered as "h283"
G4WT1 > Accumulable registered as "h286"
G4WT2 > Accumulable registered as "h327"
G4WT4 > Accumulable registered as "h284"
G4WT1 > Accumulable registered as "h287"
G4WT11 > Accumulable registered as "h510"
G4WT3 > Accumulable registered as "h276"
G4WT10 > Accumulable registered as "h272"
G4WT3 > Accumulable registered as "h277"
G4WT9 > Accumulable registered as "h360"
G4WT0 > Accumulable registered as "h270"
G4WT5 > Accumulable registered as "h261"
G4WT9 > Accumulable registered as "h361"
G4WT0 > Accumulable registered as "h271"
G4WT2 > Accumulable registered as "h328"
G4WT5 > Accumulable registered as "h262"
G4WT1 > Accumulable registered as "h288"
G4WT11 > Accumulable registered as "h511"
G4WT1 > Accumulable registered as "h289"
G4WT11 > Accumulable registered as "h512"
G4WT1 > Accumulable registered as "h290"
G4WT8 > Accumulable registered as "h283"
G4WT7 > Accumulable registered as "h273"
G4WT9 > Accumulable registered as "h362"
G4WT7 > Accumulable registered as "h274"
G4WT0 > Accumulable registered as "h272"
G4WT7 > Accumulable registered as "h275"
G4WT2 > Accumulable registered as "h329"
G4WT0 > Accumulable registered as "h273"
G4WT10 > Accumulable registered as "h273"
G4WT2 > Accumulable registered as "h330"
G4WT11 > Accumulable registered as "h513"
G4WT1 > Accumulable registered as "h291"
G4WT4 > Accumulable registered as "h285"
G4WT11 > Accumulable registered as "h514"
G4WT5 > Accumulable registered as "h263"
G4WT11 > Accumulable registered as "h515"
G4WT7 > Accumulable registered as "h276"
G4WT5 > Accumulable registered as "h264"
G4WT3 > Accumulable registered as "h278"
G4WT0 > Accumulable registered as "h274"
G4WT2 > Accumulable registered as "h331"
G4WT10 > Accumulable registered as "h274"
G4WT8 > Accumulable registered as "h284"
G4WT9 > Accumulable registered as "h363"
G4WT10 > Accumulable registered as "h275"
G4WT8 > Accumulable registered as "h285"
G4WT11 > Accumulable registered as "h516"
G4WT9 > Accumulable registered as "h364"
G4WT7 > Accumulable registered as "h277"
G4WT11 > Accumulable registered as "h517"
G4WT3 > Accumulable registered as "h279"
G4WT7 > Accumulable registered as "h278"
G4WT2 > Accumulable registered as "h332"
G4WT1 > Accumulable registered as "h292"
G4WT2 > Accumulable registered as "h333"
G4WT6 > Accumulable registered as "h449"
G4WT1 > Accumulable registered as "h293"
G4WT8 > Accumulable registered as "h286"
G4WT6 > Accumulable registered as "h450"
G4WT0 > Accumulable registered as "h275"
G4WT11 > Accumulable registered as "h518"
G4WT3 > Accumulable registered as "h280"
G4WT0 > Accumulable registered as "h276"
G4WT4 > Accumulable registered as "h286"
G4WT7 > Accumulable registered as "h279"
G4WT5 > Accumulable registered as "h265"
G4WT9 > Accumulable registered as "h365"
G4WT5 > Accumulable registered as "h266"
G4WT1 > Accumulable registered as "h294"
G4WT9 > Accumulable registered as "h366"
G4WT8 > Accumulable registered as "h287"
G4WT10 > Accumulable registered as "h276"
G4WT11 > Accumulable registered as "h519"
G4WT0 > Accumulable registered as "h277"
G4WT10 > Accumulable registered as "h277"
G4WT11 > Accumulable registered as "h520"
G4WT4 > Accumulable registered as "h287"
G4WT6 > Accumulable registered as "h451"
G4WT4 > Accumulable registered as "h288"
G4WT5 > Accumulable registered as "h267"
G4WT9 > Accumulable registered as "h367"
G4WT1 > Accumulable registered as "h295"
G4WT8 > Accumulable registered as "h288"
G4WT3 > Accumulable registered as "h281"
G4WT1 > Accumulable registered as "h296"
G4WT0 > Accumulable registered as "h278"
G4WT7 > Accumulable registered as "h280"
G4WT10 > Accumulable registered as "h278"
G4WT0 > Accumulable registered as "h279"
G4WT7 > Accumulable registered as "h281"
G4WT6 > Accumulable registered as "h452"
G4WT5 > Accumulable registered as "h268"
G4WT6 > Accumulable registered as "h453"
G4WT8 > Accumulable registered as "h289"
G4WT6 > Accumulable registered as "h454"
G4WT3 > Accumulable registered as "h282"
G4WT6 > Accumulable registered as "h455"
G4WT11 > Accumulable registered as "h521"
G4WT4 > Accumulable registered as "h289"
G4WT11 > Accumulable registered as "h522"
G4WT0 > Accumulable registered as "h280"
G4WT11 > Accumulable registered as "h523"
G4WT9 > Accumulable registered as "h368"
G4WT11 > Accumulable registered as "h524"
G4WT0 > Accumulable registered as "h281"
G4WT1 > Accumulable registered as "h297"
G4WT0 > Accumulable registered as "h282"
G4WT6 > Accumulable registered as "h456"
G4WT3 > Accumulable registered as "h283"
G4WT1 > Accumulable registered as "h298"
G4WT7 > Accumulable registered as "h282"
G4WT3 > Accumulable registered as "h284"
G4WT5 > Accumulable registered as "h269"
G4WT11 > Accumulable registered as "h525"
G4WT5 > Accumulable registered as "h270"
G4WT8 > Accumulable registered as "h290"
G4WT5 > Accumulable registered as "h271"
G4WT0 > Accumulable registered as "h283"
G4WT5 > Accumulable registered as "h272"
G4WT6 > Accumulable registered as "h457"
G4WT5 > Accumulable registered as "h273"
G4WT1 > Accumulable registered as "h299"
G4WT5 > Accumulable registered as "h274"
G4WT7 > Accumulable registered as "h283"
G4WT5 > Accumulable registered as "h275"
G4WT9 > Accumulable registered as "h369"
G4WT5 > Accumulable registered as "h276"
G4WT8 > Accumulable registered as "h291"
G4WT9 > Accumulable registered as "h370"
G4WT8 > Accumulable registered as "h292"
G4WT9 > Accumulable registered as "h371"
G4WT8 > Accumulable registered as "h293"
G4WT3 > Accumulable registered as "h285"
G4WT8 > Accumulable registered as "h294"
G4WT1 > Accumulable registered as "h300"
G4WT11 > Accumulable registered as "h526"
G4WT1 > Accumulable registered as "h301"
G4WT2 > Accumulable registered as "h334"
G4WT1 > Accumulable registered as "h302"
G4WT10 > Accumulable registered as "h279"
G4WT2 > Accumulable registered as "h335"
G4WT6 > Accumulable registered as "h458"
G4WT3 > Accumulable registered as "h286"
G4WT6 > Accumulable registered as "h459"
G4WT8 > Accumulable registered as "h295"
G4WT7 > Accumulable registered as "h284"
G4WT5 > Accumulable registered as "h277"
G4WT0 > Accumulable registered as "h284"
G4WT5 > Accumulable registered as "h278"
G4WT1 > Accumulable registered as "h303"
G4WT5 > Accumulable registered as "h279"
G4WT2 > Accumulable registered as "h336"
G4WT10 > Accumulable registered as "h280"
G4WT4 > Accumulable registered as "h290"
G4WT6 > Accumulable registered as "h460"
G4WT11 > Accumulable registered as "h527"
G4WT3 > Accumulable registered as "h287"
G4WT11 > Accumulable registered as "h528"
G4WT3 > Accumulable registered as "h288"
G4WT0 > Accumulable registered as "h285"
G4WT5 > Accumulable registered as "h280"
G4WT1 > Accumulable registered as "h304"
G4WT5 > Accumulable registered as "h281"
G4WT2 > Accumulable registered as "h337"
G4WT5 > Accumulable registered as "h282"
G4WT4 > Accumulable registered as "h291"
G4WT7 > Accumulable registered as "h285"
G4WT4 > Accumulable registered as "h292"
G4WT8 > Accumulable registered as "h296"
G4WT4 > Accumulable registered as "h293"
G4WT11 > Accumulable registered as "h529"
G4WT3 > Accumulable registered as "h289"
G4WT0 > Accumulable registered as "h286"
G4WT10 > Accumulable registered as "h281"
G4WT3 > Accumulable registered as "h290"
G4WT5 > Accumulable registered as "h283"
G4WT2 > Accumulable registered as "h338"
G4WT5 > Accumulable registered as "h284"
G4WT7 > Accumulable registered as "h286"
G4WT9 > Accumulable registered as "h372"
G4WT4 > Accumulable registered as "h294"
G4WT7 > Accumulable registered as "h287"
G4WT11 > Accumulable registered as "h530"
G4WT7 > Accumulable registered as "h288"
G4WT0 > Accumulable registered as "h287"
G4WT11 > Accumulable registered as "h531"
G4WT3 > Accumulable registered as "h291"
G4WT11 > Accumulable registered as "h532"
G4WT2 > Accumulable registered as "h339"
G4WT5 > Accumulable registered as "h285"
G4WT11 > Accumulable registered as "h533"
G4WT8 > Accumulable registered as "h297"
G4WT9 > Accumulable registered as "h373"
G4WT4 > Accumulable registered as "h295"
G4WT9 > Accumulable registered as "h374"
G4WT4 > Accumulable registered as "h296"
G4WT9 > Accumulable registered as "h375"
G4WT0 > Accumulable registered as "h288"
G4WT3 > Accumulable registered as "h292"
G4WT2 > Accumulable registered as "h340"
G4WT0 > Accumulable registered as "h289"
G4WT11 > Accumulable registered as "h534"
G4WT1 > Accumulable registered as "h305"
G4WT11 > Accumulable registered as "h535"
G4WT6 > Accumulable registered as "h461"
G4WT7 > Accumulable registered as "h289"
G4WT11 > Accumulable registered as "h536"
G4WT6 > Accumulable registered as "h462"
G4WT11 > Accumulable registered as "h537"
G4WT5 > Accumulable registered as "h286"
G4WT11 > Accumulable registered as "h538"
G4WT0 > Accumulable registered as "h290"
G4WT2 > Accumulable registered as "h341"
G4WT0 > Accumulable registered as "h291"
G4WT2 > Accumulable registered as "h342"
G4WT4 > Accumulable registered as "h297"
G4WT9 > Accumulable registered as "h376"
G4WT4 > Accumulable registered as "h298"
G4WT7 > Accumulable registered as "h290"
G4WT6 > Accumulable registered as "h463"
G4WT3 > Accumulable registered as "h293"
G4WT11 > Accumulable registered as "h539"
G4WT3 > Accumulable registered as "h294"
G4WT8 > Accumulable registered as "h298"
G4WT3 > Accumulable registered as "h295"
G4WT11 > Accumulable registered as "h540"
G4WT3 > Accumulable registered as "h296"
G4WT11 > Accumulable registered as "h541"
G4WT4 > Accumulable registered as "h299"
G4WT11 > Accumulable registered as "h542"
G4WT9 > Accumulable registered as "h377"
G4WT11 > Accumulable registered as "h543"
G4WT6 > Accumulable registered as "h464"
G4WT1 > Accumulable registered as "h306"
G4WT0 > Accumulable registered as "h292"
G4WT6 > Accumulable registered as "h465"
G4WT2 > Accumulable registered as "h343"
G4WT8 > Accumulable registered as "h299"
G4WT3 > Accumulable registered as "h297"
G4WT2 > Accumulable registered as "h344"
G4WT5 > Accumulable registered as "h287"
G4WT2 > Accumulable registered as "h345"
G4WT11 > Accumulable registered as "h544"
G4WT5 > Accumulable registered as "h288"
G4WT1 > Accumulable registered as "h307"
G4WT11 > Accumulable registered as "h545"
G4WT0 > Accumulable registered as "h293"
G4WT6 > Accumulable registered as "h466"
G4WT7 > Accumulable registered as "h291"
G4WT6 > Accumulable registered as "h467"
G4WT7 > Accumulable registered as "h292"
G4WT9 > Accumulable registered as "h378"
G4WT2 > Accumulable registered as "h346"
G4WT9 > Accumulable registered as "h379"
G4WT2 > Accumulable registered as "h347"
G4WT1 > Accumulable registered as "h308"
G4WT11 > Accumulable registered as "h546"
G4WT8 > Accumulable registered as "h300"
G4WT11 > Accumulable registered as "h547"
G4WT0 > Accumulable registered as "h294"
G4WT11 > Accumulable registered as "h548"
G4WT3 > Accumulable registered as "h298"
G4WT7 > Accumulable registered as "h293"
G4WT3 > Accumulable registered as "h299"
G4WT5 > Accumulable registered as "h289"
G4WT3 > Accumulable registered as "h300"
G4WT9 > Accumulable registered as "h380"
G4WT1 > Accumulable registered as "h309"
G4WT4 > Accumulable registered as "h300"
G4WT8 > Accumulable registered as "h301"
G4WT4 > Accumulable registered as "h301"
G4WT6 > Accumulable registered as "h468"
G4WT8 > Accumulable registered as "h302"
G4WT0 > Accumulable registered as "h295"
G4WT7 > Accumulable registered as "h294"
G4WT0 > Accumulable registered as "h296"
G4WT5 > Accumulable registered as "h290"
G4WT5 > Accumulable registered as "h291"
G4WT9 > Accumulable registered as "h381"
G4WT1 > Accumulable registered as "h310"
G4WT10 > Accumulable registered as "h282"
G4WT1 > Accumulable registered as "h311"
G4WT4 > Accumulable registered as "h302"
G4WT1 > Accumulable registered as "h312"
G4WT8 > Accumulable registered as "h303"
G4WT1 > Accumulable registered as "h313"
G4WT2 > Accumulable registered as "h348"
G4WT0 > Accumulable registered as "h297"
G4WT7 > Accumulable registered as "h295"
G4WT2 > Accumulable registered as "h349"
G4WT0 > Accumulable registered as "h298"
G4WT11 > Accumulable registered as "h549"
G4WT7 > Accumulable registered as "h296"
G4WT3 > Accumulable registered as "h301"
G4WT7 > Accumulable registered as "h297"
G4WT8 > Accumulable registered as "h304"
G4WT7 > Accumulable registered as "h298"
G4WT5 > Accumulable registered as "h292"
G4WT7 > Accumulable registered as "h299"
G4WT8 > Accumulable registered as "h305"
G4WT0 > Accumulable registered as "h299"
G4WT8 > Accumulable registered as "h306"
G4WT4 > Accumulable registered as "h303"
G4WT0 > Accumulable registered as "h300"
G4WT4 > Accumulable registered as "h304"
G4WT8 > Accumulable registered as "h307"
G4WT3 > Accumulable registered as "h302"
G4WT8 > Accumulable registered as "h308"
G4WT6 > Accumulable registered as "h469"
G4WT7 > Accumulable registered as "h300"
G4WT10 > Accumulable registered as "h283"
G4WT2 > Accumulable registered as "h350"
G4WT10 > Accumulable registered as "h284"
G4WT11 > Accumulable registered as "h550"
G4WT1 > Accumulable registered as "h314"
G4WT11 > Accumulable registered as "h551"
G4WT9 > Accumulable registered as "h382"
G4WT3 > Accumulable registered as "h303"
G4WT9 > Accumulable registered as "h383"
G4WT8 > Accumulable registered as "h309"
G4WT3 > Accumulable registered as "h304"
G4WT5 > Accumulable registered as "h293"
G4WT3 > Accumulable registered as "h305"
G4WT3 > Accumulable registered as "h306"
G4WT2 > Accumulable registered as "h351"
G4WT0 > Accumulable registered as "h301"
G4WT4 > Accumulable registered as "h305"
G4WT1 > Accumulable registered as "h315"
G4WT2 > Accumulable registered as "h352"
G4WT4 > Accumulable registered as "h306"
G4WT7 > Accumulable registered as "h301"
G4WT8 > Accumulable registered as "h310"
G4WT7 > Accumulable registered as "h302"
G4WT10 > Accumulable registered as "h285"
G4WT3 > Accumulable registered as "h307"
G4WT10 > Accumulable registered as "h286"
G4WT11 > Accumulable registered as "h552"
G4WT6 > Accumulable registered as "h470"
G4WT9 > Accumulable registered as "h384"
G4WT6 > Accumulable registered as "h471"
G4WT2 > Accumulable registered as "h353"
G4WT9 > Accumulable registered as "h385"
G4WT4 > Accumulable registered as "h307"
G4WT9 > Accumulable registered as "h386"
G4WT8 > Accumulable registered as "h311"
G4WT0 > Accumulable registered as "h302"
G4WT8 > Accumulable registered as "h312"
G4WT10 > Accumulable registered as "h287"
G4WT11 > Accumulable registered as "h553"
G4WT1 > Accumulable registered as "h316"
G4WT6 > Accumulable registered as "h472"
G4WT1 > Accumulable registered as "h317"
G4WT11 > Accumulable registered as "h554"
G4WT1 > Accumulable registered as "h318"
G4WT6 > Accumulable registered as "h473"
G4WT9 > Accumulable registered as "h387"
G4WT2 > Accumulable registered as "h354"
G4WT6 > Accumulable registered as "h474"
G4WT0 > Accumulable registered as "h303"
G4WT6 > Accumulable registered as "h475"
G4WT10 > Accumulable registered as "h288"
G4WT0 > Accumulable registered as "h304"
G4WT10 > Accumulable registered as "h289"
G4WT1 > Accumulable registered as "h319"
G4WT10 > Accumulable registered as "h290"
G4WT4 > Accumulable registered as "h308"
G4WT8 > Accumulable registered as "h313"
G4WT4 > Accumulable registered as "h309"
G4WT2 > Accumulable registered as "h355"
G4WT7 > Accumulable registered as "h303"
G4WT6 > Accumulable registered as "h476"
G4WT5 > Accumulable registered as "h294"
G4WT11 > Accumulable registered as "h555"
G4WT5 > Accumulable registered as "h295"
G4WT0 > Accumulable registered as "h305"
G4WT11 > Accumulable registered as "h556"
G4WT10 > Accumulable registered as "h291"
G4WT9 > Accumulable registered as "h388"
G4WT10 > Accumulable registered as "h292"
G4WT8 > Accumulable registered as "h314"
G4WT2 > Accumulable registered as "h356"
G4WT8 > Accumulable registered as "h315"
G4WT7 > Accumulable registered as "h304"
G4WT2 > Accumulable registered as "h357"
G4WT5 > Accumulable registered as "h296"
G4WT7 > Accumulable registered as "h305"
G4WT1 > Accumulable registered as "h320"
G4WT5 > Accumulable registered as "h297"
G4WT4 > Accumulable registered as "h310"
G4WT0 > Accumulable registered as "h306"
G4WT1 > Accumulable registered as "h321"
G4WT9 > Accumulable registered as "h389"
G4WT0 > Accumulable registered as "h307"
G4WT4 > Accumulable registered as "h311"
G4WT0 > Accumulable registered as "h308"
G4WT9 > Accumulable registered as "h390"
G4WT4 > Accumulable registered as "h312"
G4WT0 > Accumulable registered as "h309"
G4WT9 > Accumulable registered as "h391"
G4WT4 > Accumulable registered as "h313"
G4WT10 > Accumulable registered as "h293"
G4WT1 > Accumulable registered as "h322"
G4WT8 > Accumulable registered as "h316"
G4WT1 > Accumulable registered as "h323"
G4WT11 > Accumulable registered as "h557"
G4WT7 > Accumulable registered as "h306"
G4WT11 > Accumulable registered as "h558"
G4WT5 > Accumulable registered as "h298"
G4WT7 > Accumulable registered as "h307"
G4WT9 > Accumulable registered as "h392"
G4WT4 > Accumulable registered as "h314"
G4WT9 > Accumulable registered as "h393"
G4WT4 > Accumulable registered as "h315"
G4WT4 > Accumulable registered as "h316"
G4WT1 > Accumulable registered as "h324"
G4WT0 > Accumulable registered as "h310"
G4WT1 > Accumulable registered as "h325"
G4WT11 > Accumulable registered as "h559"
G4WT7 > Accumulable registered as "h308"
G4WT11 > Accumulable registered as "h560"
G4WT1 > Accumulable registered as "h326"
G4WT5 > Accumulable registered as "h299"
G4WT2 > Accumulable registered as "h358"
G4WT10 > Accumulable registered as "h294"
G4WT9 > Accumulable registered as "h394"
G4WT8 > Accumulable registered as "h317"
G4WT2 > Accumulable registered as "h359"
G4WT0 > Accumulable registered as "h311"
G4WT2 > Accumulable registered as "h360"
G4WT7 > Accumulable registered as "h309"
G4WT2 > Accumulable registered as "h361"
G4WT1 > Accumulable registered as "h327"
G4WT5 > Accumulable registered as "h300"
G4WT1 > Accumulable registered as "h328"
G4WT10 > Accumulable registered as "h295"
G4WT5 > Accumulable registered as "h301"
G4WT8 > Accumulable registered as "h318"
G4WT0 > Accumulable registered as "h312"
G4WT11 > Accumulable registered as "h561"
G4WT0 > Accumulable registered as "h313"
G4WT2 > Accumulable registered as "h362"
G4WT7 > Accumulable registered as "h310"
G4WT6 > Accumulable registered as "h477"
G4WT4 > Accumulable registered as "h317"
G4WT1 > Accumulable registered as "h329"
G4WT10 > Accumulable registered as "h296"
G4WT1 > Accumulable registered as "h330"
G4WT10 > Accumulable registered as "h297"
G4WT5 > Accumulable registered as "h302"
G4WT11 > Accumulable registered as "h562"
G4WT0 > Accumulable registered as "h314"
G4WT11 > Accumulable registered as "h563"
G4WT2 > Accumulable registered as "h363"
G4WT9 > Accumulable registered as "h395"
G4WT6 > Accumulable registered as "h478"
G4WT9 > Accumulable registered as "h396"
G4WT4 > Accumulable registered as "h318"
G4WT9 > Accumulable registered as "h397"
G4WT6 > Accumulable registered as "h479"
G4WT10 > Accumulable registered as "h298"
G4WT5 > Accumulable registered as "h303"
G4WT11 > Accumulable registered as "h564"
G4WT10 > Accumulable registered as "h299"
G4WT11 > Accumulable registered as "h565"
G4WT7 > Accumulable registered as "h311"
G4WT1 > Accumulable registered as "h331"
G4WT8 > Accumulable registered as "h319"
G4WT1 > Accumulable registered as "h332"
G4WT9 > Accumulable registered as "h398"
G4WT4 > Accumulable registered as "h319"
G4WT6 > Accumulable registered as "h480"
G4WT9 > Accumulable registered as "h399"
G4WT5 > Accumulable registered as "h304"
G4WT10 > Accumulable registered as "h300"
G4WT3 > Accumulable registered as "h308"
G4WT5 > Accumulable registered as "h305"
G4WT7 > Accumulable registered as "h312"
G4WT5 > Accumulable registered as "h306"
G4WT1 > Accumulable registered as "h333"
G4WT0 > Accumulable registered as "h315"
G4WT4 > Accumulable registered as "h320"
G4WT9 > Accumulable registered as "h400"
G4WT6 > Accumulable registered as "h481"
G4WT4 > Accumulable registered as "h321"
G4WT2 > Accumulable registered as "h364"
G4WT9 > Accumulable registered as "h401"
G4WT6 > Accumulable registered as "h482"
G4WT10 > Accumulable registered as "h301"
G4WT7 > Accumulable registered as "h313"
G4WT5 > Accumulable registered as "h307"
G4WT1 > Accumulable registered as "h334"
G4WT0 > Accumulable registered as "h316"
G4WT8 > Accumulable registered as "h320"
G4WT4 > Accumulable registered as "h322"
G4WT3 > Accumulable registered as "h309"
G4WT9 > Accumulable registered as "h402"
G4WT3 > Accumulable registered as "h310"
G4WT6 > Accumulable registered as "h483"
G4WT2 > Accumulable registered as "h365"
G4WT10 > Accumulable registered as "h302"
G4WT6 > Accumulable registered as "h484"
G4WT5 > Accumulable registered as "h308"
G4WT1 > Accumulable registered as "h335"
G4WT0 > Accumulable registered as "h317"
G4WT1 > Accumulable registered as "h336"
G4WT8 > Accumulable registered as "h321"
G4WT1 > Accumulable registered as "h337"
G4WT9 > Accumulable registered as "h403"
G4WT1 > Accumulable registered as "h338"
G4WT2 > Accumulable registered as "h366"
G4WT9 > Accumulable registered as "h404"
G4WT11 > Accumulable registered as "h566"
G4WT10 > Accumulable registered as "h303"
G4WT11 > Accumulable registered as "h567"
G4WT5 > Accumulable registered as "h309"
G4WT11 > Accumulable registered as "h568"
G4WT0 > Accumulable registered as "h318"
G4WT5 > Accumulable registered as "h310"
G4WT0 > Accumulable registered as "h319"
G4WT5 > Accumulable registered as "h311"
G4WT1 > Accumulable registered as "h339"
G4WT5 > Accumulable registered as "h312"
G4WT2 > Accumulable registered as "h367"
G4WT5 > Accumulable registered as "h313"
G4WT1 > Accumulable registered as "h340"
G4WT10 > Accumulable registered as "h304"
G4WT1 > Accumulable registered as "h341"
G4WT3 > Accumulable registered as "h311"
G4WT1 > Accumulable registered as "h342"
G4WT10 > Accumulable registered as "h305"
G4WT0 > Accumulable registered as "h320"
G4WT3 > Accumulable registered as "h312"
G4WT4 > Accumulable registered as "h323"
G4WT2 > Accumulable registered as "h368"
G4WT11 > Accumulable registered as "h569"
G4WT2 > Accumulable registered as "h369"
G4WT5 > Accumulable registered as "h314"
G4WT8 > Accumulable registered as "h322"
G4WT7 > Accumulable registered as "h314"
G4WT5 > Accumulable registered as "h315"
G4WT8 > Accumulable registered as "h323"
G4WT10 > Accumulable registered as "h306"
G4WT9 > Accumulable registered as "h405"
G4WT0 > Accumulable registered as "h321"
G4WT3 > Accumulable registered as "h313"
G4WT10 > Accumulable registered as "h307"
G4WT11 > Accumulable registered as "h570"
G4WT3 > Accumulable registered as "h314"
G4WT1 > Accumulable registered as "h343"
G4WT3 > Accumulable registered as "h315"
G4WT1 > Accumulable registered as "h344"
G4WT5 > Accumulable registered as "h316"
G4WT4 > Accumulable registered as "h324"
G4WT5 > Accumulable registered as "h317"
G4WT3 > Accumulable registered as "h316"
G4WT0 > Accumulable registered as "h322"
G4WT3 > Accumulable registered as "h317"
G4WT10 > Accumulable registered as "h308"
G4WT3 > Accumulable registered as "h318"
G4WT7 > Accumulable registered as "h315"
G4WT3 > Accumulable registered as "h319"
G4WT0 > Accumulable registered as "h323"
G4WT3 > Accumulable registered as "h320"
G4WT7 > Accumulable registered as "h316"
G4WT5 > Accumulable registered as "h318"
G4WT3 > Accumulable registered as "h321"
G4WT7 > Accumulable registered as "h317"
G4WT3 > Accumulable registered as "h322"
G4WT11 > Accumulable registered as "h571"
G4WT6 > Accumulable registered as "h485"
G4WT11 > Accumulable registered as "h572"
G4WT9 > Accumulable registered as "h406"
G4WT0 > Accumulable registered as "h324"
G4WT9 > Accumulable registered as "h407"
G4WT0 > Accumulable registered as "h325"
G4WT5 > Accumulable registered as "h319"
G4WT7 > Accumulable registered as "h318"
G4WT10 > Accumulable registered as "h309"
G4WT3 > Accumulable registered as "h323"
G4WT8 > Accumulable registered as "h324"
G4WT1 > Accumulable registered as "h345"
G4WT6 > Accumulable registered as "h486"
G4WT11 > Accumulable registered as "h573"
G4WT1 > Accumulable registered as "h346"
G4WT4 > Accumulable registered as "h325"
G4WT4 > Accumulable registered as "h326"
G4WT0 > Accumulable registered as "h326"
G4WT5 > Accumulable registered as "h320"
G4WT0 > Accumulable registered as "h327"
G4WT10 > Accumulable registered as "h310"
G4WT3 > Accumulable registered as "h324"
G4WT10 > Accumulable registered as "h311"
G4WT8 > Accumulable registered as "h325"
G4WT10 > Accumulable registered as "h312"
G4WT9 > Accumulable registered as "h408"
G4WT10 > Accumulable registered as "h313"
G4WT11 > Accumulable registered as "h574"
G4WT9 > Accumulable registered as "h409"
G4WT10 > Accumulable registered as "h314"
G4WT7 > Accumulable registered as "h319"
G4WT0 > Accumulable registered as "h328"
G4WT5 > Accumulable registered as "h321"
G4WT6 > Accumulable registered as "h487"
G4WT0 > Accumulable registered as "h329"
G4WT5 > Accumulable registered as "h322"
G4WT8 > Accumulable registered as "h326"
G4WT4 > Accumulable registered as "h327"
G4WT11 > Accumulable registered as "h575"
G4WT8 > Accumulable registered as "h327"
G4WT4 > Accumulable registered as "h328"
G4WT11 > Accumulable registered as "h576"
G4WT4 > Accumulable registered as "h329"
G4WT3 > Accumulable registered as "h325"
G4WT2 > Accumulable registered as "h370"
G4WT3 > Accumulable registered as "h326"
G4WT5 > Accumulable registered as "h323"
G4WT9 > Accumulable registered as "h410"
G4WT5 > Accumulable registered as "h324"
G4WT10 > Accumulable registered as "h315"
G4WT5 > Accumulable registered as "h325"
G4WT7 > Accumulable registered as "h320"
G4WT10 > Accumulable registered as "h316"
G4WT1 > Accumulable registered as "h347"
G4WT7 > Accumulable registered as "h321"
G4WT0 > Accumulable registered as "h330"
G4WT6 > Accumulable registered as "h488"
G4WT2 > Accumulable registered as "h371"
G4WT3 > Accumulable registered as "h327"
G4WT8 > Accumulable registered as "h328"
G4WT9 > Accumulable registered as "h411"
G4WT3 > Accumulable registered as "h328"
G4WT11 > Accumulable registered as "h577"
G4WT4 > Accumulable registered as "h330"
G4WT8 > Accumulable registered as "h329"
G4WT1 > Accumulable registered as "h348"
G4WT0 > Accumulable registered as "h331"
G4WT1 > Accumulable registered as "h349"
G4WT2 > Accumulable registered as "h372"
G4WT5 > Accumulable registered as "h326"
G4WT2 > Accumulable registered as "h373"
G4WT3 > Accumulable registered as "h329"
G4WT5 > Accumulable registered as "h327"
G4WT2 > Accumulable registered as "h374"
G4WT7 > Accumulable registered as "h322"
G4WT2 > Accumulable registered as "h375"
G4WT8 > Accumulable registered as "h330"
G4WT2 > Accumulable registered as "h376"
G4WT7 > Accumulable registered as "h323"
G4WT2 > Accumulable registered as "h377"
G4WT8 > Accumulable registered as "h331"
G4WT7 > Accumulable registered as "h324"
G4WT10 > Accumulable registered as "h317"
G4WT7 > Accumulable registered as "h325"
G4WT5 > Accumulable registered as "h328"
G4WT10 > Accumulable registered as "h318"
G4WT5 > Accumulable registered as "h329"
G4WT0 > Accumulable registered as "h332"
G4WT1 > Accumulable registered as "h350"
G4WT0 > Accumulable registered as "h333"
G4WT9 > Accumulable registered as "h412"
G4WT0 > Accumulable registered as "h334"
G4WT1 > Accumulable registered as "h351"
G4WT11 > Accumulable registered as "h578"
G4WT7 > Accumulable registered as "h326"
G4WT11 > Accumulable registered as "h579"
G4WT4 > Accumulable registered as "h331"
G4WT11 > Accumulable registered as "h580"
G4WT10 > Accumulable registered as "h319"
G4WT2 > Accumulable registered as "h378"
G4WT10 > Accumulable registered as "h320"
G4WT8 > Accumulable registered as "h332"
G4WT3 > Accumulable registered as "h330"
G4WT0 > Accumulable registered as "h335"
G4WT1 > Accumulable registered as "h352"
G4WT0 > Accumulable registered as "h336"
G4WT1 > Accumulable registered as "h353"
G4WT6 > Accumulable registered as "h489"
G4WT11 > Accumulable registered as "h581"
G4WT4 > Accumulable registered as "h332"
G4WT10 > Accumulable registered as "h321"
G4WT4 > Accumulable registered as "h333"
G4WT2 > Accumulable registered as "h379"
G4WT10 > Accumulable registered as "h322"
G4WT2 > Accumulable registered as "h380"
G4WT8 > Accumulable registered as "h333"
G4WT0 > Accumulable registered as "h337"
G4WT8 > Accumulable registered as "h334"
G4WT1 > Accumulable registered as "h354"
G4WT6 > Accumulable registered as "h490"
G4WT1 > Accumulable registered as "h355"
G4WT11 > Accumulable registered as "h582"
G4WT9 > Accumulable registered as "h413"
G4WT4 > Accumulable registered as "h334"
G4WT3 > Accumulable registered as "h331"
G4WT9 > Accumulable registered as "h414"
G4WT4 > Accumulable registered as "h335"
G4WT2 > Accumulable registered as "h381"
G4WT4 > Accumulable registered as "h336"
G4WT8 > Accumulable registered as "h335"
G4WT4 > Accumulable registered as "h337"
G4WT1 > Accumulable registered as "h356"
G4WT4 > Accumulable registered as "h338"
G4WT1 > Accumulable registered as "h357"
G4WT4 > Accumulable registered as "h339"
G4WT7 > Accumulable registered as "h327"
G4WT3 > Accumulable registered as "h332"
G4WT7 > Accumulable registered as "h328"
G4WT0 > Accumulable registered as "h338"
G4WT5 > Accumulable registered as "h330"
G4WT6 > Accumulable registered as "h491"
G4WT8 > Accumulable registered as "h336"
G4WT11 > Accumulable registered as "h583"
G4WT10 > Accumulable registered as "h323"
G4WT6 > Accumulable registered as "h492"
G4WT2 > Accumulable registered as "h382"
G4WT6 > Accumulable registered as "h493"
G4WT1 > Accumulable registered as "h358"
G4WT6 > Accumulable registered as "h494"
G4WT3 > Accumulable registered as "h333"
G4WT6 > Accumulable registered as "h495"
G4WT5 > Accumulable registered as "h331"
G4WT6 > Accumulable registered as "h496"
G4WT3 > Accumulable registered as "h334"
G4WT11 > Accumulable registered as "h584"
G4WT3 > Accumulable registered as "h335"
G4WT10 > Accumulable registered as "h324"
G4WT3 > Accumulable registered as "h336"
G4WT11 > Accumulable registered as "h585"
G4WT0 > Accumulable registered as "h339"
G4WT1 > Accumulable registered as "h359"
G4WT9 > Accumulable registered as "h415"
G4WT1 > Accumulable registered as "h360"
G4WT9 > Accumulable registered as "h416"
G4WT5 > Accumulable registered as "h332"
G4WT7 > Accumulable registered as "h329"
G4WT5 > Accumulable registered as "h333"
G4WT7 > Accumulable registered as "h330"
G4WT5 > Accumulable registered as "h334"
G4WT10 > Accumulable registered as "h325"
G4WT11 > Accumulable registered as "h586"
G4WT8 > Accumulable registered as "h337"
G4WT11 > Accumulable registered as "h587"
G4WT6 > Accumulable registered as "h497"
G4WT8 > Accumulable registered as "h338"
G4WT9 > Accumulable registered as "h417"
G4WT2 > Accumulable registered as "h383"
G4WT3 > Accumulable registered as "h337"
G4WT9 > Accumulable registered as "h418"
G4WT7 > Accumulable registered as "h331"
G4WT5 > Accumulable registered as "h335"
G4WT9 > Accumulable registered as "h419"
G4WT0 > Accumulable registered as "h340"
G4WT9 > Accumulable registered as "h420"
G4WT11 > Accumulable registered as "h588"
G4WT9 > Accumulable registered as "h421"
G4WT6 > Accumulable registered as "h498"
G4WT9 > Accumulable registered as "h422"
G4WT2 > Accumulable registered as "h384"
G4WT9 > Accumulable registered as "h423"
G4WT10 > Accumulable registered as "h326"
G4WT7 > Accumulable registered as "h332"
G4WT10 > Accumulable registered as "h327"
G4WT5 > Accumulable registered as "h336"
G4WT8 > Accumulable registered as "h339"
G4WT0 > Accumulable registered as "h341"
G4WT11 > Accumulable registered as "h589"
G4WT3 > Accumulable registered as "h338"
G4WT6 > Accumulable registered as "h499"
G4WT3 > Accumulable registered as "h339"
G4WT1 > Accumulable registered as "h361"
G4WT3 > Accumulable registered as "h340"
G4WT9 > Accumulable registered as "h424"
G4WT10 > Accumulable registered as "h328"
G4WT7 > Accumulable registered as "h333"
G4WT5 > Accumulable registered as "h337"
G4WT10 > Accumulable registered as "h329"
G4WT0 > Accumulable registered as "h342"
G4WT5 > Accumulable registered as "h338"
G4WT2 > Accumulable registered as "h385"
G4WT0 > Accumulable registered as "h343"
G4WT6 > Accumulable registered as "h500"
G4WT3 > Accumulable registered as "h341"
G4WT1 > Accumulable registered as "h362"
G4WT4 > Accumulable registered as "h340"
G4WT3 > Accumulable registered as "h342"
G4WT1 > Accumulable registered as "h363"
G4WT10 > Accumulable registered as "h330"
G4WT5 > Accumulable registered as "h339"
G4WT11 > Accumulable registered as "h590"
G4WT10 > Accumulable registered as "h331"
G4WT0 > Accumulable registered as "h344"
G4WT10 > Accumulable registered as "h332"
G4WT6 > Accumulable registered as "h501"
G4WT8 > Accumulable registered as "h340"
G4WT7 > Accumulable registered as "h334"
G4WT3 > Accumulable registered as "h343"
G4WT1 > Accumulable registered as "h364"
G4WT4 > Accumulable registered as "h341"
G4WT2 > Accumulable registered as "h386"
G4WT4 > Accumulable registered as "h342"
G4WT9 > Accumulable registered as "h425"
G4WT4 > Accumulable registered as "h343"
G4WT10 > Accumulable registered as "h333"
G4WT9 > Accumulable registered as "h426"
G4WT10 > Accumulable registered as "h334"
G4WT3 > Accumulable registered as "h344"
G4WT7 > Accumulable registered as "h335"
G4WT5 > Accumulable registered as "h340"
G4WT7 > Accumulable registered as "h336"
G4WT1 > Accumulable registered as "h365"
G4WT7 > Accumulable registered as "h337"
G4WT5 > Accumulable registered as "h341"
G4WT0 > Accumulable registered as "h345"
G4WT4 > Accumulable registered as "h344"
G4WT6 > Accumulable registered as "h502"
G4WT8 > Accumulable registered as "h341"
G4WT9 > Accumulable registered as "h427"
G4WT6 > Accumulable registered as "h503"
G4WT8 > Accumulable registered as "h342"
G4WT2 > Accumulable registered as "h387"
G4WT7 > Accumulable registered as "h338"
G4WT1 > Accumulable registered as "h366"
G4WT5 > Accumulable registered as "h342"
G4WT1 > Accumulable registered as "h367"
G4WT0 > Accumulable registered as "h346"
G4WT1 > Accumulable registered as "h368"
G4WT10 > Accumulable registered as "h335"
G4WT1 > Accumulable registered as "h369"
G4WT6 > Accumulable registered as "h504"
G4WT11 > Accumulable registered as "h591"
G4WT9 > Accumulable registered as "h428"
G4WT11 > Accumulable registered as "h592"
G4WT7 > Accumulable registered as "h339"
G4WT11 > Accumulable registered as "h593"
G4WT4 > Accumulable registered as "h345"
G4WT11 > Accumulable registered as "h594"
G4WT0 > Accumulable registered as "h347"
G4WT11 > Accumulable registered as "h595"
G4WT3 > Accumulable registered as "h345"
G4WT11 > Accumulable registered as "h596"
G4WT6 > Accumulable registered as "h505"
G4WT8 > Accumulable registered as "h343"
G4WT2 > Accumulable registered as "h388"
G4WT6 > Accumulable registered as "h506"
G4WT8 > Accumulable registered as "h344"
G4WT6 > Accumulable registered as "h507"
G4WT2 > Accumulable registered as "h389"
G4WT9 > Accumulable registered as "h429"
G4WT2 > Accumulable registered as "h390"
G4WT11 > Accumulable registered as "h597"
G4WT3 > Accumulable registered as "h346"
G4WT11 > Accumulable registered as "h598"
G4WT5 > Accumulable registered as "h343"
G4WT11 > Accumulable registered as "h599"
G4WT4 > Accumulable registered as "h346"
G4WT11 > Accumulable registered as "h600"
G4WT1 > Accumulable registered as "h370"
G4WT4 > Accumulable registered as "h347"
G4WT0 > Accumulable registered as "h348"
G4WT9 > Accumulable registered as "h430"
G4WT0 > Accumulable registered as "h349"
G4WT9 > Accumulable registered as "h431"
G4WT0 > Accumulable registered as "h350"
G4WT7 > Accumulable registered as "h340"
G4WT0 > Accumulable registered as "h351"
G4WT8 > Accumulable registered as "h345"
G4WT7 > Accumulable registered as "h341"
G4WT6 > Accumulable registered as "h508"
G4WT8 > Accumulable registered as "h346"
G4WT4 > Accumulable registered as "h348"
G4WT1 > Accumulable registered as "h371"
G4WT2 > Accumulable registered as "h391"
G4WT3 > Accumulable registered as "h347"
G4WT1 > Accumulable registered as "h372"
G4WT2 > Accumulable registered as "h392"
G4WT4 > Accumulable registered as "h349"
G4WT1 > Accumulable registered as "h373"
G4WT2 > Accumulable registered as "h393"
G4WT7 > Accumulable registered as "h342"
G4WT1 > Accumulable registered as "h374"
G4WT6 > Accumulable registered as "h509"
G4WT7 > Accumulable registered as "h343"
G4WT5 > Accumulable registered as "h344"
G4WT7 > Accumulable registered as "h344"
G4WT3 > Accumulable registered as "h348"
G4WT5 > Accumulable registered as "h345"
G4WT10 > Accumulable registered as "h336"
G4WT4 > Accumulable registered as "h350"
G4WT8 > Accumulable registered as "h347"
G4WT10 > Accumulable registered as "h337"
G4WT4 > Accumulable registered as "h351"
G4WT1 > Accumulable registered as "h375"
G4WT11 > Accumulable registered as "h601"
G4WT1 > Accumulable registered as "h376"
G4WT11 > Accumulable registered as "h602"
G4WT1 > Accumulable registered as "h377"
G4WT5 > Accumulable registered as "h346"
G4WT3 > Accumulable registered as "h349"
G4WT2 > Accumulable registered as "h394"
G4WT5 > Accumulable registered as "h347"
G4WT10 > Accumulable registered as "h338"
G4WT5 > Accumulable registered as "h348"
G4WT2 > Accumulable registered as "h395"
G4WT0 > Accumulable registered as "h352"
G4WT7 > Accumulable registered as "h345"
G4WT5 > Accumulable registered as "h349"
G4WT1 > Accumulable registered as "h378"
G4WT9 > Accumulable registered as "h432"
G4WT3 > Accumulable registered as "h350"
G4WT9 > Accumulable registered as "h433"
G4WT8 > Accumulable registered as "h348"
G4WT3 > Accumulable registered as "h351"
G4WT4 > Accumulable registered as "h352"
G4WT10 > Accumulable registered as "h339"
G4WT2 > Accumulable registered as "h396"
G4WT8 > Accumulable registered as "h349"
G4WT11 > Accumulable registered as "h603"
G4WT8 > Accumulable registered as "h350"
G4WT5 > Accumulable registered as "h350"
G4WT8 > Accumulable registered as "h351"
G4WT11 > Accumulable registered as "h604"
G4WT6 > Accumulable registered as "h510"
G4WT5 > Accumulable registered as "h351"
G4WT4 > Accumulable registered as "h353"
G4WT5 > Accumulable registered as "h352"
G4WT10 > Accumulable registered as "h340"
G4WT4 > Accumulable registered as "h354"
G4WT5 > Accumulable registered as "h353"
G4WT2 > Accumulable registered as "h397"
G4WT4 > Accumulable registered as "h355"
G4WT10 > Accumulable registered as "h341"
G4WT3 > Accumulable registered as "h352"
G4WT0 > Accumulable registered as "h353"
G4WT3 > Accumulable registered as "h353"
G4WT7 > Accumulable registered as "h346"
G4WT1 > Accumulable registered as "h379"
G4WT7 > Accumulable registered as "h347"
G4WT5 > Accumulable registered as "h354"
G4WT1 > Accumulable registered as "h380"
G4WT9 > Accumulable registered as "h434"
G4WT11 > Accumulable registered as "h605"
G4WT9 > Accumulable registered as "h435"
G4WT10 > Accumulable registered as "h342"
G4WT9 > Accumulable registered as "h436"
G4WT11 > Accumulable registered as "h606"
G4WT0 > Accumulable registered as "h354"
G4WT10 > Accumulable registered as "h343"
G4WT8 > Accumulable registered as "h352"
G4WT0 > Accumulable registered as "h355"
G4WT4 > Accumulable registered as "h356"
G4WT5 > Accumulable registered as "h355"
G4WT1 > Accumulable registered as "h381"
G4WT4 > Accumulable registered as "h357"
G4WT6 > Accumulable registered as "h511"
G4WT4 > Accumulable registered as "h358"
G4WT3 > Accumulable registered as "h354"
G4WT6 > Accumulable registered as "h512"
G4WT10 > Accumulable registered as "h344"
G4WT7 > Accumulable registered as "h348"
G4WT0 > Accumulable registered as "h356"
G4WT8 > Accumulable registered as "h353"
G4WT7 > Accumulable registered as "h349"
G4WT0 > Accumulable registered as "h357"
G4WT5 > Accumulable registered as "h356"
G4WT7 > Accumulable registered as "h350"
G4WT8 > Accumulable registered as "h354"
G4WT7 > Accumulable registered as "h351"
G4WT6 > Accumulable registered as "h513"
G4WT3 > Accumulable registered as "h355"
G4WT10 > Accumulable registered as "h345"
G4WT6 > Accumulable registered as "h514"
G4WT2 > Accumulable registered as "h398"
G4WT3 > Accumulable registered as "h356"
G4WT1 > Accumulable registered as "h382"
G4WT4 > Accumulable registered as "h359"
G4WT1 > Accumulable registered as "h383"
G4WT4 > Accumulable registered as "h360"
G4WT1 > Accumulable registered as "h384"
G4WT7 > Accumulable registered as "h352"
G4WT1 > Accumulable registered as "h385"
G4WT6 > Accumulable registered as "h515"
G4WT1 > Accumulable registered as "h386"
G4WT7 > Accumulable registered as "h353"
G4WT1 > Accumulable registered as "h387"
G4WT7 > Accumulable registered as "h354"
G4WT1 > Accumulable registered as "h388"
G4WT5 > Accumulable registered as "h357"
G4WT1 > Accumulable registered as "h389"
G4WT4 > Accumulable registered as "h361"
G4WT10 > Accumulable registered as "h346"
G4WT4 > Accumulable registered as "h362"
G4WT0 > Accumulable registered as "h358"
G4WT3 > Accumulable registered as "h357"
G4WT6 > Accumulable registered as "h516"
G4WT3 > Accumulable registered as "h358"
G4WT2 > Accumulable registered as "h399"
G4WT3 > Accumulable registered as "h359"
G4WT8 > Accumulable registered as "h355"
G4WT5 > Accumulable registered as "h358"
G4WT1 > Accumulable registered as "h390"
G4WT8 > Accumulable registered as "h356"
G4WT10 > Accumulable registered as "h347"
G4WT5 > Accumulable registered as "h359"
G4WT0 > Accumulable registered as "h359"
G4WT11 > Accumulable registered as "h607"
G4WT3 > Accumulable registered as "h360"
G4WT11 > Accumulable registered as "h608"
G4WT2 > Accumulable registered as "h400"
G4WT3 > Accumulable registered as "h361"
G4WT4 > Accumulable registered as "h363"
G4WT9 > Accumulable registered as "h437"
G4WT8 > Accumulable registered as "h357"
G4WT7 > Accumulable registered as "h355"
G4WT5 > Accumulable registered as "h360"
G4WT10 > Accumulable registered as "h348"
G4WT7 > Accumulable registered as "h356"
G4WT5 > Accumulable registered as "h361"
G4WT11 > Accumulable registered as "h609"
G4WT5 > Accumulable registered as "h362"
G4WT3 > Accumulable registered as "h362"
G4WT5 > Accumulable registered as "h363"
G4WT11 > Accumulable registered as "h610"
G4WT9 > Accumulable registered as "h438"
G4WT11 > Accumulable registered as "h611"
G4WT6 > Accumulable registered as "h517"
G4WT1 > Accumulable registered as "h391"
G4WT6 > Accumulable registered as "h518"
G4WT7 > Accumulable registered as "h357"
G4WT10 > Accumulable registered as "h349"
G4WT2 > Accumulable registered as "h401"
G4WT7 > Accumulable registered as "h358"
G4WT3 > Accumulable registered as "h363"
G4WT7 > Accumulable registered as "h359"
G4WT2 > Accumulable registered as "h402"
G4WT0 > Accumulable registered as "h360"
G4WT9 > Accumulable registered as "h439"
G4WT0 > Accumulable registered as "h361"
G4WT6 > Accumulable registered as "h519"
G4WT4 > Accumulable registered as "h364"
G4WT10 > Accumulable registered as "h350"
G4WT4 > Accumulable registered as "h365"
G4WT5 > Accumulable registered as "h364"
G4WT10 > Accumulable registered as "h351"
G4WT7 > Accumulable registered as "h360"
G4WT5 > Accumulable registered as "h365"
G4WT7 > Accumulable registered as "h361"
G4WT3 > Accumulable registered as "h364"
G4WT1 > Accumulable registered as "h392"
G4WT0 > Accumulable registered as "h362"
G4WT9 > Accumulable registered as "h440"
G4WT8 > Accumulable registered as "h358"
G4WT9 > Accumulable registered as "h441"
G4WT4 > Accumulable registered as "h366"
G4WT8 > Accumulable registered as "h359"
G4WT10 > Accumulable registered as "h352"
G4WT2 > Accumulable registered as "h403"
G4WT4 > Accumulable registered as "h367"
G4WT7 > Accumulable registered as "h362"
G4WT4 > Accumulable registered as "h368"
G4WT1 > Accumulable registered as "h393"
G4WT7 > Accumulable registered as "h363"
G4WT0 > Accumulable registered as "h363"
G4WT9 > Accumulable registered as "h442"
G4WT1 > Accumulable registered as "h394"
G4WT8 > Accumulable registered as "h360"
G4WT9 > Accumulable registered as "h443"
G4WT3 > Accumulable registered as "h365"
G4WT8 > Accumulable registered as "h361"
G4WT3 > Accumulable registered as "h366"
G4WT6 > Accumulable registered as "h520"
G4WT7 > Accumulable registered as "h364"
G4WT6 > Accumulable registered as "h521"
G4WT0 > Accumulable registered as "h364"
G4WT11 > Accumulable registered as "h612"
G4WT1 > Accumulable registered as "h395"
G4WT10 > Accumulable registered as "h353"
G4WT9 > Accumulable registered as "h444"
G4WT2 > Accumulable registered as "h404"
G4WT9 > Accumulable registered as "h445"
G4WT4 > Accumulable registered as "h369"
G4WT8 > Accumulable registered as "h362"
G4WT3 > Accumulable registered as "h367"
G4WT6 > Accumulable registered as "h522"
G4WT7 > Accumulable registered as "h365"
G4WT5 > Accumulable registered as "h366"
G4WT11 > Accumulable registered as "h613"
G4WT1 > Accumulable registered as "h396"
G4WT11 > Accumulable registered as "h614"
G4WT10 > Accumulable registered as "h354"
G4WT11 > Accumulable registered as "h615"
G4WT1 > Accumulable registered as "h397"
G4WT9 > Accumulable registered as "h446"
G4WT3 > Accumulable registered as "h368"
G4WT9 > Accumulable registered as "h447"
G4WT6 > Accumulable registered as "h523"
G4WT0 > Accumulable registered as "h365"
G4WT7 > Accumulable registered as "h366"
G4WT5 > Accumulable registered as "h367"
G4WT6 > Accumulable registered as "h524"
G4WT0 > Accumulable registered as "h366"
G4WT6 > Accumulable registered as "h525"
G4WT8 > Accumulable registered as "h363"
G4WT6 > Accumulable registered as "h526"
G4WT1 > Accumulable registered as "h398"
G4WT9 > Accumulable registered as "h448"
G4WT1 > Accumulable registered as "h399"
G4WT2 > Accumulable registered as "h405"
G4WT9 > Accumulable registered as "h449"
G4WT11 > Accumulable registered as "h616"
G4WT9 > Accumulable registered as "h450"
G4WT2 > Accumulable registered as "h406"
G4WT5 > Accumulable registered as "h368"
G4WT10 > Accumulable registered as "h355"
G4WT3 > Accumulable registered as "h369"
G4WT6 > Accumulable registered as "h527"
G4WT8 > Accumulable registered as "h364"
G4WT3 > Accumulable registered as "h370"
G4WT6 > Accumulable registered as "h528"
G4WT7 > Accumulable registered as "h367"
G4WT8 > Accumulable registered as "h365"
G4WT9 > Accumulable registered as "h451"
G4WT2 > Accumulable registered as "h407"
G4WT11 > Accumulable registered as "h617"
G4WT5 > Accumulable registered as "h369"
G4WT2 > Accumulable registered as "h408"
G4WT11 > Accumulable registered as "h618"
G4WT5 > Accumulable registered as "h370"
G4WT0 > Accumulable registered as "h367"
G4WT11 > Accumulable registered as "h619"
G4WT0 > Accumulable registered as "h368"
G4WT11 > Accumulable registered as "h620"
G4WT8 > Accumulable registered as "h366"
G4WT4 > Accumulable registered as "h370"
G4WT1 > Accumulable registered as "h400"
G4WT4 > Accumulable registered as "h371"
G4WT1 > Accumulable registered as "h401"
G4WT4 > Accumulable registered as "h372"
G4WT3 > Accumulable registered as "h371"
G4WT6 > Accumulable registered as "h529"
G4WT3 > Accumulable registered as "h372"
G4WT7 > Accumulable registered as "h368"
G4WT3 > Accumulable registered as "h373"
G4WT9 > Accumulable registered as "h452"
G4WT3 > Accumulable registered as "h374"
G4WT7 > Accumulable registered as "h369"
G4WT10 > Accumulable registered as "h356"
G4WT1 > Accumulable registered as "h402"
G4WT5 > Accumulable registered as "h371"
G4WT1 > Accumulable registered as "h403"
G4WT0 > Accumulable registered as "h369"
G4WT6 > Accumulable registered as "h530"
G4WT11 > Accumulable registered as "h621"
G4WT6 > Accumulable registered as "h531"
G4WT11 > Accumulable registered as "h622"
G4WT6 > Accumulable registered as "h532"
G4WT9 > Accumulable registered as "h453"
G4WT7 > Accumulable registered as "h370"
G4WT3 > Accumulable registered as "h375"
G4WT7 > Accumulable registered as "h371"
G4WT4 > Accumulable registered as "h373"
G4WT1 > Accumulable registered as "h404"
G4WT0 > Accumulable registered as "h370"
G4WT1 > Accumulable registered as "h405"
G4WT0 > Accumulable registered as "h371"
G4WT2 > Accumulable registered as "h409"
G4WT11 > Accumulable registered as "h623"
G4WT2 > Accumulable registered as "h410"
G4WT10 > Accumulable registered as "h357"
G4WT9 > Accumulable registered as "h454"
G4WT10 > Accumulable registered as "h358"
G4WT3 > Accumulable registered as "h376"
G4WT4 > Accumulable registered as "h374"
G4WT3 > Accumulable registered as "h377"
G4WT8 > Accumulable registered as "h367"
G4WT1 > Accumulable registered as "h406"
G4WT0 > Accumulable registered as "h372"
G4WT6 > Accumulable registered as "h533"
G4WT11 > Accumulable registered as "h624"
G4WT0 > Accumulable registered as "h373"
G4WT5 > Accumulable registered as "h372"
G4WT11 > Accumulable registered as "h625"
G4WT9 > Accumulable registered as "h455"
G4WT10 > Accumulable registered as "h359"
G4WT4 > Accumulable registered as "h375"
G4WT10 > Accumulable registered as "h360"
G4WT8 > Accumulable registered as "h368"
G4WT1 > Accumulable registered as "h407"
G4WT4 > Accumulable registered as "h376"
G4WT6 > Accumulable registered as "h534"
G4WT8 > Accumulable registered as "h369"
G4WT4 > Accumulable registered as "h377"
G4WT5 > Accumulable registered as "h373"
G4WT6 > Accumulable registered as "h535"
G4WT3 > Accumulable registered as "h378"
G4WT5 > Accumulable registered as "h374"
G4WT10 > Accumulable registered as "h361"
G4WT2 > Accumulable registered as "h411"
G4WT7 > Accumulable registered as "h372"
G4WT10 > Accumulable registered as "h362"
G4WT0 > Accumulable registered as "h374"
G4WT11 > Accumulable registered as "h626"
G4WT0 > Accumulable registered as "h375"
G4WT4 > Accumulable registered as "h378"
G4WT9 > Accumulable registered as "h456"
G4WT6 > Accumulable registered as "h536"
G4WT5 > Accumulable registered as "h375"
G4WT4 > Accumulable registered as "h379"
G4WT1 > Accumulable registered as "h408"
G4WT5 > Accumulable registered as "h376"
G4WT8 > Accumulable registered as "h370"
G4WT5 > Accumulable registered as "h377"
G4WT8 > Accumulable registered as "h371"
G4WT5 > Accumulable registered as "h378"
G4WT11 > Accumulable registered as "h627"
G4WT5 > Accumulable registered as "h379"
G4WT2 > Accumulable registered as "h412"
G4WT5 > Accumulable registered as "h380"
G4WT11 > Accumulable registered as "h628"
G4WT4 > Accumulable registered as "h380"
G4WT2 > Accumulable registered as "h413"
G4WT1 > Accumulable registered as "h409"
G4WT7 > Accumulable registered as "h373"
G4WT0 > Accumulable registered as "h376"
G4WT8 > Accumulable registered as "h372"
G4WT3 > Accumulable registered as "h379"
G4WT0 > Accumulable registered as "h377"
G4WT9 > Accumulable registered as "h457"
G4WT10 > Accumulable registered as "h363"
G4WT5 > Accumulable registered as "h381"
G4WT11 > Accumulable registered as "h629"
G4WT2 > Accumulable registered as "h414"
G4WT1 > Accumulable registered as "h410"
G4WT6 > Accumulable registered as "h537"
G4WT1 > Accumulable registered as "h411"
G4WT7 > Accumulable registered as "h374"
G4WT8 > Accumulable registered as "h373"
G4WT0 > Accumulable registered as "h378"
G4WT7 > Accumulable registered as "h375"
G4WT8 > Accumulable registered as "h374"
G4WT10 > Accumulable registered as "h364"
G4WT8 > Accumulable registered as "h375"
G4WT5 > Accumulable registered as "h382"
G4WT11 > Accumulable registered as "h630"
G4WT2 > Accumulable registered as "h415"
G4WT5 > Accumulable registered as "h383"
G4WT1 > Accumulable registered as "h412"
G4WT3 > Accumulable registered as "h380"
G4WT2 > Accumulable registered as "h416"
G4WT1 > Accumulable registered as "h413"
G4WT4 > Accumulable registered as "h381"
G4WT8 > Accumulable registered as "h376"
G4WT4 > Accumulable registered as "h382"
G4WT10 > Accumulable registered as "h365"
G4WT6 > Accumulable registered as "h538"
G4WT11 > Accumulable registered as "h631"
G4WT10 > Accumulable registered as "h366"
G4WT9 > Accumulable registered as "h458"
G4WT11 > Accumulable registered as "h632"
G4WT0 > Accumulable registered as "h379"
G4WT11 > Accumulable registered as "h633"
G4WT1 > Accumulable registered as "h414"
G4WT3 > Accumulable registered as "h381"
G4WT4 > Accumulable registered as "h383"
G4WT3 > Accumulable registered as "h382"
G4WT5 > Accumulable registered as "h384"
G4WT6 > Accumulable registered as "h539"
G4WT5 > Accumulable registered as "h385"
G4WT2 > Accumulable registered as "h417"
G4WT9 > Accumulable registered as "h459"
G4WT2 > Accumulable registered as "h418"
G4WT11 > Accumulable registered as "h634"
G4WT0 > Accumulable registered as "h380"
G4WT8 > Accumulable registered as "h377"
G4WT1 > Accumulable registered as "h415"
G4WT0 > Accumulable registered as "h381"
G4WT3 > Accumulable registered as "h383"
G4WT0 > Accumulable registered as "h382"
G4WT1 > Accumulable registered as "h416"
G4WT3 > Accumulable registered as "h384"
G4WT6 > Accumulable registered as "h540"
G4WT3 > Accumulable registered as "h385"
G4WT2 > Accumulable registered as "h419"
G4WT6 > Accumulable registered as "h541"
G4WT2 > Accumulable registered as "h420"
G4WT2 > Accumulable registered as "h421"
G4WT10 > Accumulable registered as "h367"
G4WT5 > Accumulable registered as "h386"
G4WT10 > Accumulable registered as "h368"
G4WT0 > Accumulable registered as "h383"
G4WT10 > Accumulable registered as "h369"
G4WT5 > Accumulable registered as "h387"
G4WT11 > Accumulable registered as "h635"
G4WT5 > Accumulable registered as "h388"
G4WT4 > Accumulable registered as "h384"
G4WT11 > Accumulable registered as "h636"
G4WT6 > Accumulable registered as "h542"
G4WT2 > Accumulable registered as "h422"
G4WT6 > Accumulable registered as "h543"
G4WT9 > Accumulable registered as "h460"
G4WT2 > Accumulable registered as "h423"
G4WT6 > Accumulable registered as "h544"
G4WT10 > Accumulable registered as "h370"
G4WT8 > Accumulable registered as "h378"
G4WT5 > Accumulable registered as "h389"
G4WT8 > Accumulable registered as "h379"
G4WT4 > Accumulable registered as "h385"
G4WT4 > Accumulable registered as "h386"
G4WT7 > Accumulable registered as "h376"
G4WT3 > Accumulable registered as "h386"
G4WT7 > Accumulable registered as "h377"
G4WT2 > Accumulable registered as "h424"
G4WT0 > Accumulable registered as "h384"
G4WT9 > Accumulable registered as "h461"
G4WT0 > Accumulable registered as "h385"
G4WT11 > Accumulable registered as "h637"
G4WT5 > Accumulable registered as "h390"
G4WT11 > Accumulable registered as "h638"
G4WT8 > Accumulable registered as "h380"
G4WT11 > Accumulable registered as "h639"
G4WT7 > Accumulable registered as "h378"
G4WT11 > Accumulable registered as "h640"
G4WT3 > Accumulable registered as "h387"
G4WT7 > Accumulable registered as "h379"
G4WT6 > Accumulable registered as "h545"
G4WT3 > Accumulable registered as "h388"
G4WT0 > Accumulable registered as "h386"
G4WT9 > Accumulable registered as "h462"
G4WT1 > Accumulable registered as "h417"
G4WT4 > Accumulable registered as "h387"
G4WT1 > Accumulable registered as "h418"
G4WT8 > Accumulable registered as "h381"
G4WT2 > Accumulable registered as "h425"
G4WT11 > Accumulable registered as "h641"
G4WT10 > Accumulable registered as "h371"
G4WT2 > Accumulable registered as "h426"
G4WT11 > Accumulable registered as "h642"
G4WT6 > Accumulable registered as "h546"
G4WT11 > Accumulable registered as "h643"
G4WT5 > Accumulable registered as "h391"
G4WT11 > Accumulable registered as "h644"
G4WT6 > Accumulable registered as "h547"
G4WT4 > Accumulable registered as "h388"
G4WT8 > Accumulable registered as "h382"
G4WT4 > Accumulable registered as "h389"
G4WT0 > Accumulable registered as "h387"
G4WT10 > Accumulable registered as "h372"
G4WT0 > Accumulable registered as "h388"
G4WT2 > Accumulable registered as "h427"
G4WT0 > Accumulable registered as "h389"
G4WT1 > Accumulable registered as "h419"
G4WT0 > Accumulable registered as "h390"
G4WT6 > Accumulable registered as "h548"
G4WT7 > Accumulable registered as "h380"
G4WT6 > Accumulable registered as "h549"
G4WT3 > Accumulable registered as "h389"
G4WT6 > Accumulable registered as "h550"
G4WT4 > Accumulable registered as "h390"
G4WT9 > Accumulable registered as "h463"
G4WT4 > Accumulable registered as "h391"
G4WT10 > Accumulable registered as "h373"
G4WT9 > Accumulable registered as "h464"
G4WT5 > Accumulable registered as "h392"
G4WT9 > Accumulable registered as "h465"
G4WT0 > Accumulable registered as "h391"
G4WT9 > Accumulable registered as "h466"
G4WT5 > Accumulable registered as "h393"
G4WT6 > Accumulable registered as "h551"
G4WT10 > Accumulable registered as "h374"
G4WT3 > Accumulable registered as "h390"
G4WT6 > Accumulable registered as "h552"
G4WT10 > Accumulable registered as "h375"
G4WT4 > Accumulable registered as "h392"
G4WT10 > Accumulable registered as "h376"
G4WT7 > Accumulable registered as "h381"
G4WT9 > Accumulable registered as "h467"
G4WT0 > Accumulable registered as "h392"
G4WT2 > Accumulable registered as "h428"
G4WT0 > Accumulable registered as "h393"
G4WT1 > Accumulable registered as "h420"
G4WT8 > Accumulable registered as "h383"
G4WT6 > Accumulable registered as "h553"
G4WT1 > Accumulable registered as "h421"
G4WT7 > Accumulable registered as "h382"
G4WT7 > Accumulable registered as "h383"
G4WT5 > Accumulable registered as "h394"
G4WT9 > Accumulable registered as "h468"
G4WT0 > Accumulable registered as "h394"
G4WT9 > Accumulable registered as "h469"
G4WT2 > Accumulable registered as "h429"
G4WT0 > Accumulable registered as "h395"
G4WT9 > Accumulable registered as "h470"
G4WT8 > Accumulable registered as "h384"
G4WT6 > Accumulable registered as "h554"
G4WT1 > Accumulable registered as "h422"
G4WT1 > Accumulable registered as "h423"
G4WT10 > Accumulable registered as "h377"
G4WT5 > Accumulable registered as "h395"
G4WT10 > Accumulable registered as "h378"
G4WT3 > Accumulable registered as "h391"
G4WT0 > Accumulable registered as "h396"
G4WT2 > Accumulable registered as "h430"
G4WT0 > Accumulable registered as "h397"
G4WT2 > Accumulable registered as "h431"
G4WT6 > Accumulable registered as "h555"
G4WT7 > Accumulable registered as "h384"
G4WT7 > Accumulable registered as "h385"
G4WT1 > Accumulable registered as "h424"
G4WT11 > Accumulable registered as "h645"
G4WT5 > Accumulable registered as "h396"
G4WT1 > Accumulable registered as "h425"
G4WT10 > Accumulable registered as "h379"
G4WT5 > Accumulable registered as "h397"
G4WT8 > Accumulable registered as "h385"
G4WT0 > Accumulable registered as "h398"
G4WT8 > Accumulable registered as "h386"
G4WT2 > Accumulable registered as "h432"
G4WT7 > Accumulable registered as "h386"
G4WT2 > Accumulable registered as "h433"
G4WT7 > Accumulable registered as "h387"
G4WT11 > Accumulable registered as "h646"
G4WT1 > Accumulable registered as "h426"
G4WT9 > Accumulable registered as "h471"
G4WT5 > Accumulable registered as "h398"
G4WT10 > Accumulable registered as "h380"
G4WT1 > Accumulable registered as "h427"
G4WT5 > Accumulable registered as "h399"
G4WT10 > Accumulable registered as "h381"
G4WT1 > Accumulable registered as "h428"
G4WT3 > Accumulable registered as "h392"
G4WT7 > Accumulable registered as "h388"
G4WT3 > Accumulable registered as "h393"
G4WT11 > Accumulable registered as "h647"
G4WT6 > Accumulable registered as "h556"
G4WT0 > Accumulable registered as "h399"
G4WT8 > Accumulable registered as "h387"
G4WT9 > Accumulable registered as "h472"
G4WT5 > Accumulable registered as "h400"
G4WT2 > Accumulable registered as "h434"
G4WT10 > Accumulable registered as "h382"
G4WT1 > Accumulable registered as "h429"
G4WT10 > Accumulable registered as "h383"
G4WT3 > Accumulable registered as "h394"
G4WT11 > Accumulable registered as "h648"
G4WT9 > Accumulable registered as "h473"
G4WT11 > Accumulable registered as "h649"
G4WT8 > Accumulable registered as "h388"
G4WT5 > Accumulable registered as "h401"
G4WT8 > Accumulable registered as "h389"
G4WT7 > Accumulable registered as "h389"
G4WT1 > Accumulable registered as "h430"
G4WT10 > Accumulable registered as "h384"
G4WT7 > Accumulable registered as "h390"
G4WT1 > Accumulable registered as "h431"
G4WT10 > Accumulable registered as "h385"
G4WT7 > Accumulable registered as "h391"
G4WT0 > Accumulable registered as "h400"
G4WT1 > Accumulable registered as "h432"
G4WT8 > Accumulable registered as "h390"
G4WT5 > Accumulable registered as "h402"
G4WT3 > Accumulable registered as "h395"
G4WT4 > Accumulable registered as "h393"
G4WT6 > Accumulable registered as "h557"
G4WT3 > Accumulable registered as "h396"
G4WT10 > Accumulable registered as "h386"
G4WT7 > Accumulable registered as "h392"
G4WT0 > Accumulable registered as "h401"
G4WT7 > Accumulable registered as "h393"
G4WT1 > Accumulable registered as "h433"
G4WT8 > Accumulable registered as "h391"
G4WT2 > Accumulable registered as "h435"
G4WT5 > Accumulable registered as "h403"
G4WT9 > Accumulable registered as "h474"
G4WT5 > Accumulable registered as "h404"
G4WT5 > Accumulable registered as "h405"
G4WT9 > Accumulable registered as "h475"
G4WT5 > Accumulable registered as "h406"
G4WT9 > Accumulable registered as "h476"
G4WT7 > Accumulable registered as "h394"
G4WT9 > Accumulable registered as "h477"
G4WT1 > Accumulable registered as "h434"
G4WT4 > Accumulable registered as "h394"
G4WT8 > Accumulable registered as "h392"
G4WT4 > Accumulable registered as "h395"
G4WT8 > Accumulable registered as "h393"
G4WT8 > Accumulable registered as "h394"
G4WT10 > Accumulable registered as "h387"
G4WT5 > Accumulable registered as "h407"
G4WT0 > Accumulable registered as "h402"
G4WT5 > Accumulable registered as "h408"
G4WT0 > Accumulable registered as "h403"
G4WT5 > Accumulable registered as "h409"
G4WT9 > Accumulable registered as "h478"
G4WT5 > Accumulable registered as "h410"
G4WT3 > Accumulable registered as "h397"
G4WT9 > Accumulable registered as "h479"
G4WT4 > Accumulable registered as "h396"
G4WT3 > Accumulable registered as "h398"
G4WT8 > Accumulable registered as "h395"
G4WT3 > Accumulable registered as "h399"
G4WT3 > Accumulable registered as "h400"
G4WT4 > Accumulable registered as "h397"
G4WT0 > Accumulable registered as "h404"
G4WT6 > Accumulable registered as "h558"
G4WT0 > Accumulable registered as "h405"
G4WT6 > Accumulable registered as "h559"
G4WT0 > Accumulable registered as "h406"
G4WT6 > Accumulable registered as "h560"
G4WT10 > Accumulable registered as "h388"
G4WT6 > Accumulable registered as "h561"
G4WT11 > Accumulable registered as "h650"
G4WT10 > Accumulable registered as "h389"
G4WT3 > Accumulable registered as "h401"
G4WT4 > Accumulable registered as "h398"
G4WT3 > Accumulable registered as "h402"
G4WT5 > Accumulable registered as "h411"
G4WT4 > Accumulable registered as "h399"
G4WT0 > Accumulable registered as "h407"
G4WT5 > Accumulable registered as "h412"
G4WT7 > Accumulable registered as "h395"
G4WT6 > Accumulable registered as "h562"
G4WT7 > Accumulable registered as "h396"
G4WT1 > Accumulable registered as "h435"
G4WT7 > Accumulable registered as "h397"
G4WT11 > Accumulable registered as "h651"
G4WT9 > Accumulable registered as "h480"
G4WT3 > Accumulable registered as "h403"
G4WT11 > Accumulable registered as "h652"
G4WT9 > Accumulable registered as "h481"
G4WT2 > Accumulable registered as "h436"
G4WT9 > Accumulable registered as "h482"
G4WT0 > Accumulable registered as "h408"
G4WT6 > Accumulable registered as "h563"
G4WT2 > Accumulable registered as "h437"
G4WT6 > Accumulable registered as "h564"
G4WT1 > Accumulable registered as "h436"
G4WT8 > Accumulable registered as "h396"
G4WT1 > Accumulable registered as "h437"
G4WT11 > Accumulable registered as "h653"
G4WT1 > Accumulable registered as "h438"
G4WT8 > Accumulable registered as "h397"
G4WT10 > Accumulable registered as "h390"
G4WT9 > Accumulable registered as "h483"
G4WT10 > Accumulable registered as "h391"
G4WT7 > Accumulable registered as "h398"
G4WT10 > Accumulable registered as "h392"
G4WT9 > Accumulable registered as "h484"
G4WT6 > Accumulable registered as "h565"
G4WT9 > Accumulable registered as "h485"
G4WT3 > Accumulable registered as "h404"
G4WT1 > Accumulable registered as "h439"
G4WT7 > Accumulable registered as "h399"
G4WT8 > Accumulable registered as "h398"
G4WT2 > Accumulable registered as "h438"
G4WT8 > Accumulable registered as "h399"
G4WT2 > Accumulable registered as "h439"
G4WT10 > Accumulable registered as "h393"
G4WT2 > Accumulable registered as "h440"
G4WT5 > Accumulable registered as "h413"
G4WT2 > Accumulable registered as "h441"
G4WT10 > Accumulable registered as "h394"
G4WT1 > Accumulable registered as "h440"
G4WT10 > Accumulable registered as "h395"
G4WT0 > Accumulable registered as "h409"
G4WT1 > Accumulable registered as "h441"
G4WT4 > Accumulable registered as "h400"
G4WT6 > Accumulable registered as "h566"
G4WT9 > Accumulable registered as "h486"
G4WT6 > Accumulable registered as "h567"
G4WT11 > Accumulable registered as "h654"
G4WT6 > Accumulable registered as "h568"
G4WT2 > Accumulable registered as "h442"
G4WT11 > Accumulable registered as "h655"
G4WT10 > Accumulable registered as "h396"
G4WT8 > Accumulable registered as "h400"
G4WT10 > Accumulable registered as "h397"
G4WT1 > Accumulable registered as "h442"
G4WT0 > Accumulable registered as "h410"
G4WT4 > Accumulable registered as "h401"
G4WT5 > Accumulable registered as "h414"
G4WT9 > Accumulable registered as "h487"
G4WT3 > Accumulable registered as "h405"
G4WT11 > Accumulable registered as "h656"
G4WT3 > Accumulable registered as "h406"
G4WT7 > Accumulable registered as "h400"
G4WT2 > Accumulable registered as "h443"
G4WT10 > Accumulable registered as "h398"
G4WT8 > Accumulable registered as "h401"
G4WT7 > Accumulable registered as "h401"
G4WT1 > Accumulable registered as "h443"
G4WT8 > Accumulable registered as "h402"
G4WT6 > Accumulable registered as "h569"
G4WT8 > Accumulable registered as "h403"
G4WT1 > Accumulable registered as "h444"
G4WT6 > Accumulable registered as "h570"
G4WT3 > Accumulable registered as "h407"
G4WT6 > Accumulable registered as "h571"
G4WT0 > Accumulable registered as "h411"
G4WT6 > Accumulable registered as "h572"
G4WT10 > Accumulable registered as "h399"
G4WT6 > Accumulable registered as "h573"
G4WT5 > Accumulable registered as "h415"
G4WT10 > Accumulable registered as "h400"
G4WT9 > Accumulable registered as "h488"
G4WT10 > Accumulable registered as "h401"
G4WT2 > Accumulable registered as "h444"
G4WT10 > Accumulable registered as "h402"
G4WT4 > Accumulable registered as "h402"
G4WT10 > Accumulable registered as "h403"
G4WT2 > Accumulable registered as "h445"
G4WT7 > Accumulable registered as "h402"
G4WT11 > Accumulable registered as "h657"
G4WT8 > Accumulable registered as "h404"
G4WT11 > Accumulable registered as "h658"
G4WT5 > Accumulable registered as "h416"
G4WT1 > Accumulable registered as "h445"
G4WT9 > Accumulable registered as "h489"
G4WT3 > Accumulable registered as "h408"
G4WT1 > Accumulable registered as "h446"
G4WT3 > Accumulable registered as "h409"
G4WT2 > Accumulable registered as "h446"
G4WT4 > Accumulable registered as "h403"
G4WT6 > Accumulable registered as "h574"
G4WT7 > Accumulable registered as "h403"
G4WT11 > Accumulable registered as "h659"
G4WT6 > Accumulable registered as "h575"
G4WT5 > Accumulable registered as "h417"
G4WT10 > Accumulable registered as "h404"
G4WT4 > Accumulable registered as "h404"
G4WT9 > Accumulable registered as "h490"
G4WT3 > Accumulable registered as "h410"
G4WT2 > Accumulable registered as "h447"
G4WT3 > Accumulable registered as "h411"
G4WT8 > Accumulable registered as "h405"
G4WT0 > Accumulable registered as "h412"
G4WT6 > Accumulable registered as "h576"
G4WT0 > Accumulable registered as "h413"
G4WT5 > Accumulable registered as "h418"
G4WT4 > Accumulable registered as "h405"
G4WT1 > Accumulable registered as "h447"
G4WT4 > Accumulable registered as "h406"
G4WT9 > Accumulable registered as "h491"
G4WT7 > Accumulable registered as "h404"
G4WT9 > Accumulable registered as "h492"
G4WT7 > Accumulable registered as "h405"
G4WT9 > Accumulable registered as "h493"
G4WT8 > Accumulable registered as "h406"
G4WT9 > Accumulable registered as "h494"
G4WT6 > Accumulable registered as "h577"
G4WT5 > Accumulable registered as "h419"
G4WT6 > Accumulable registered as "h578"
G4WT10 > Accumulable registered as "h405"
G4WT6 > Accumulable registered as "h579"
G4WT5 > Accumulable registered as "h420"
G4WT2 > Accumulable registered as "h448"
G4WT5 > Accumulable registered as "h421"
G4WT7 > Accumulable registered as "h406"
G4WT2 > Accumulable registered as "h449"
G4WT7 > Accumulable registered as "h407"
G4WT2 > Accumulable registered as "h450"
G4WT7 > Accumulable registered as "h408"
G4WT4 > Accumulable registered as "h407"
G4WT7 > Accumulable registered as "h409"
G4WT3 > Accumulable registered as "h412"
G4WT4 > Accumulable registered as "h408"
G4WT10 > Accumulable registered as "h406"
G4WT3 > Accumulable registered as "h413"
G4WT5 > Accumulable registered as "h422"
G4WT3 > Accumulable registered as "h414"
G4WT10 > Accumulable registered as "h407"
G4WT8 > Accumulable registered as "h407"
G4WT5 > Accumulable registered as "h423"
G4WT1 > Accumulable registered as "h448"
G4WT7 > Accumulable registered as "h410"
G4WT1 > Accumulable registered as "h449"
G4WT7 > Accumulable registered as "h411"
G4WT11 > Accumulable registered as "h660"
G4WT9 > Accumulable registered as "h495"
G4WT11 > Accumulable registered as "h661"
G4WT3 > Accumulable registered as "h415"
G4WT11 > Accumulable registered as "h662"
G4WT2 > Accumulable registered as "h451"
G4WT3 > Accumulable registered as "h416"
G4WT5 > Accumulable registered as "h424"
G4WT4 > Accumulable registered as "h409"
G4WT5 > Accumulable registered as "h425"
G4WT1 > Accumulable registered as "h450"
G4WT5 > Accumulable registered as "h426"
G4WT10 > Accumulable registered as "h408"
G4WT0 > Accumulable registered as "h414"
G4WT9 > Accumulable registered as "h496"
G4WT10 > Accumulable registered as "h409"
G4WT6 > Accumulable registered as "h580"
G4WT0 > Accumulable registered as "h415"
G4WT3 > Accumulable registered as "h417"
G4WT9 > Accumulable registered as "h497"
G4WT4 > Accumulable registered as "h410"
G4WT9 > Accumulable registered as "h498"
G4WT1 > Accumulable registered as "h451"
G4WT4 > Accumulable registered as "h411"
G4WT9 > Accumulable registered as "h499"
G4WT10 > Accumulable registered as "h410"
G4WT7 > Accumulable registered as "h412"
G4WT0 > Accumulable registered as "h416"
G4WT10 > Accumulable registered as "h411"
G4WT7 > Accumulable registered as "h413"
G4WT5 > Accumulable registered as "h427"
G4WT10 > Accumulable registered as "h412"
G4WT7 > Accumulable registered as "h414"
G4WT0 > Accumulable registered as "h417"
G4WT10 > Accumulable registered as "h413"
G4WT7 > Accumulable registered as "h415"
G4WT1 > Accumulable registered as "h452"
G4WT8 > Accumulable registered as "h408"
G4WT1 > Accumulable registered as "h453"
G4WT8 > Accumulable registered as "h409"
G4WT1 > Accumulable registered as "h454"
G4WT8 > Accumulable registered as "h410"
G4WT5 > Accumulable registered as "h428"
G4WT8 > Accumulable registered as "h411"
G4WT10 > Accumulable registered as "h414"
G4WT0 > Accumulable registered as "h418"
G4WT3 > Accumulable registered as "h418"
G4WT0 > Accumulable registered as "h419"
G4WT4 > Accumulable registered as "h412"
G4WT9 > Accumulable registered as "h500"
G4WT4 > Accumulable registered as "h413"
G4WT1 > Accumulable registered as "h455"
G4WT4 > Accumulable registered as "h414"
G4WT6 > Accumulable registered as "h581"
G4WT4 > Accumulable registered as "h415"
G4WT7 > Accumulable registered as "h416"
G4WT4 > Accumulable registered as "h416"
G4WT2 > Accumulable registered as "h452"
G4WT3 > Accumulable registered as "h419"
G4WT2 > Accumulable registered as "h453"
G4WT9 > Accumulable registered as "h501"
G4WT2 > Accumulable registered as "h454"
G4WT3 > Accumulable registered as "h420"
G4WT2 > Accumulable registered as "h455"
G4WT9 > Accumulable registered as "h502"
G4WT6 > Accumulable registered as "h582"
G4WT4 > Accumulable registered as "h417"
G4WT6 > Accumulable registered as "h583"
G4WT7 > Accumulable registered as "h417"
G4WT5 > Accumulable registered as "h429"
G4WT7 > Accumulable registered as "h418"
G4WT5 > Accumulable registered as "h430"
G4WT3 > Accumulable registered as "h421"
G4WT2 > Accumulable registered as "h456"
G4WT3 > Accumulable registered as "h422"
G4WT0 > Accumulable registered as "h420"
G4WT2 > Accumulable registered as "h457"
G4WT4 > Accumulable registered as "h418"
G4WT6 > Accumulable registered as "h584"
G4WT4 > Accumulable registered as "h419"
G4WT6 > Accumulable registered as "h585"
G4WT10 > Accumulable registered as "h415"
G4WT7 > Accumulable registered as "h419"
G4WT5 > Accumulable registered as "h431"
G4WT10 > Accumulable registered as "h416"
G4WT5 > Accumulable registered as "h432"
G4WT2 > Accumulable registered as "h458"
G4WT0 > Accumulable registered as "h421"
G4WT2 > Accumulable registered as "h459"
G4WT1 > Accumulable registered as "h456"
G4WT2 > Accumulable registered as "h460"
G4WT6 > Accumulable registered as "h586"
G4WT2 > Accumulable registered as "h461"
G4WT7 > Accumulable registered as "h420"
G4WT2 > Accumulable registered as "h462"
G4WT10 > Accumulable registered as "h417"
G4WT7 > Accumulable registered as "h421"
G4WT5 > Accumulable registered as "h433"
G4WT10 > Accumulable registered as "h418"
G4WT8 > Accumulable registered as "h412"
G4WT9 > Accumulable registered as "h503"
G4WT8 > Accumulable registered as "h413"
G4WT3 > Accumulable registered as "h423"
G4WT8 > Accumulable registered as "h414"
G4WT2 > Accumulable registered as "h463"
G4WT8 > Accumulable registered as "h415"
G4WT2 > Accumulable registered as "h464"
G4WT1 > Accumulable registered as "h457"
G4WT10 > Accumulable registered as "h419"
G4WT1 > Accumulable registered as "h458"
G4WT10 > Accumulable registered as "h420"
G4WT1 > Accumulable registered as "h459"
G4WT6 > Accumulable registered as "h587"
G4WT1 > Accumulable registered as "h460"
G4WT3 > Accumulable registered as "h424"
G4WT1 > Accumulable registered as "h461"
G4WT0 > Accumulable registered as "h422"
G4WT1 > Accumulable registered as "h462"
G4WT2 > Accumulable registered as "h465"
G4WT1 > Accumulable registered as "h463"
G4WT0 > Accumulable registered as "h423"
G4WT1 > Accumulable registered as "h464"
G4WT0 > Accumulable registered as "h424"
G4WT7 > Accumulable registered as "h422"
G4WT6 > Accumulable registered as "h588"
G4WT8 > Accumulable registered as "h416"
G4WT3 > Accumulable registered as "h425"
G4WT6 > Accumulable registered as "h589"
G4WT9 > Accumulable registered as "h504"
G4WT10 > Accumulable registered as "h421"
G4WT2 > Accumulable registered as "h466"
G4WT9 > Accumulable registered as "h505"
G4WT10 > Accumulable registered as "h422"
G4WT0 > Accumulable registered as "h425"
G4WT9 > Accumulable registered as "h506"
G4WT2 > Accumulable registered as "h467"
G4WT8 > Accumulable registered as "h417"
G4WT2 > Accumulable registered as "h468"
G4WT1 > Accumulable registered as "h465"
G4WT1 > Accumulable registered as "h466"
G4WT3 > Accumulable registered as "h426"
G4WT4 > Accumulable registered as "h420"
G4WT10 > Accumulable registered as "h423"
G4WT0 > Accumulable registered as "h426"
G4WT10 > Accumulable registered as "h424"
G4WT6 > Accumulable registered as "h590"
G4WT0 > Accumulable registered as "h427"
G4WT8 > Accumulable registered as "h418"
G4WT7 > Accumulable registered as "h423"
G4WT8 > Accumulable registered as "h419"
G4WT1 > Accumulable registered as "h467"
G4WT8 > Accumulable registered as "h420"
G4WT1 > Accumulable registered as "h468"
G4WT4 > Accumulable registered as "h421"
G4WT10 > Accumulable registered as "h425"
G4WT4 > Accumulable registered as "h422"
G4WT2 > Accumulable registered as "h469"
G4WT6 > Accumulable registered as "h591"
G4WT0 > Accumulable registered as "h428"
G4WT3 > Accumulable registered as "h427"
G4WT6 > Accumulable registered as "h592"
G4WT0 > Accumulable registered as "h429"
G4WT5 > Accumulable registered as "h434"
G4WT9 > Accumulable registered as "h507"
G4WT1 > Accumulable registered as "h469"
G4WT4 > Accumulable registered as "h423"
G4WT9 > Accumulable registered as "h508"
G4WT4 > Accumulable registered as "h424"
G4WT8 > Accumulable registered as "h421"
G4WT6 > Accumulable registered as "h593"
G4WT8 > Accumulable registered as "h422"
G4WT3 > Accumulable registered as "h428"
G4WT6 > Accumulable registered as "h594"
G4WT5 > Accumulable registered as "h435"
G4WT2 > Accumulable registered as "h470"
G4WT1 > Accumulable registered as "h470"
G4WT2 > Accumulable registered as "h471"
G4WT7 > Accumulable registered as "h424"
G4WT1 > Accumulable registered as "h471"
G4WT4 > Accumulable registered as "h425"
G4WT0 > Accumulable registered as "h430"
G4WT8 > Accumulable registered as "h423"
G4WT0 > Accumulable registered as "h431"
G4WT6 > Accumulable registered as "h595"
G4WT8 > Accumulable registered as "h424"
G4WT5 > Accumulable registered as "h436"
G4WT9 > Accumulable registered as "h509"
G4WT2 > Accumulable registered as "h472"
G4WT7 > Accumulable registered as "h425"
G4WT1 > Accumulable registered as "h472"
G4WT2 > Accumulable registered as "h473"
G4WT4 > Accumulable registered as "h426"
G4WT3 > Accumulable registered as "h429"
G4WT0 > Accumulable registered as "h432"
G4WT6 > Accumulable registered as "h596"
G4WT3 > Accumulable registered as "h430"
G4WT5 > Accumulable registered as "h437"
G4WT9 > Accumulable registered as "h510"
G4WT7 > Accumulable registered as "h426"
G4WT2 > Accumulable registered as "h474"
G4WT7 > Accumulable registered as "h427"
G4WT1 > Accumulable registered as "h473"
G4WT7 > Accumulable registered as "h428"
G4WT8 > Accumulable registered as "h425"
G4WT7 > Accumulable registered as "h429"
G4WT1 > Accumulable registered as "h474"
G4WT7 > Accumulable registered as "h430"
G4WT5 > Accumulable registered as "h438"
G4WT7 > Accumulable registered as "h431"
G4WT9 > Accumulable registered as "h511"
G4WT4 > Accumulable registered as "h427"
G4WT2 > Accumulable registered as "h475"
G4WT0 > Accumulable registered as "h433"
G4WT4 > Accumulable registered as "h428"
G4WT3 > Accumulable registered as "h431"
G4WT8 > Accumulable registered as "h426"
G4WT1 > Accumulable registered as "h475"
G4WT3 > Accumulable registered as "h432"
G4WT5 > Accumulable registered as "h439"
G4WT3 > Accumulable registered as "h433"
G4WT9 > Accumulable registered as "h512"
G4WT5 > Accumulable registered as "h440"
G4WT4 > Accumulable registered as "h429"
G4WT10 > Accumulable registered as "h426"
G4WT4 > Accumulable registered as "h430"
G4WT8 > Accumulable registered as "h427"
G4WT1 > Accumulable registered as "h476"
G4WT8 > Accumulable registered as "h428"
G4WT6 > Accumulable registered as "h597"
G4WT8 > Accumulable registered as "h429"
G4WT2 > Accumulable registered as "h476"
G4WT8 > Accumulable registered as "h430"
G4WT6 > Accumulable registered as "h598"
G4WT0 > Accumulable registered as "h434"
G4WT7 > Accumulable registered as "h432"
G4WT0 > Accumulable registered as "h435"
G4WT3 > Accumulable registered as "h434"
G4WT1 > Accumulable registered as "h477"
G4WT3 > Accumulable registered as "h435"
G4WT9 > Accumulable registered as "h513"
G4WT5 > Accumulable registered as "h441"
G4WT3 > Accumulable registered as "h436"
G4WT2 > Accumulable registered as "h477"
G4WT9 > Accumulable registered as "h514"
G4WT3 > Accumulable registered as "h437"
G4WT4 > Accumulable registered as "h431"
G4WT2 > Accumulable registered as "h478"
G4WT7 > Accumulable registered as "h433"
G4WT2 > Accumulable registered as "h479"
G4WT8 > Accumulable registered as "h431"
G4WT6 > Accumulable registered as "h599"
G4WT8 > Accumulable registered as "h432"
G4WT10 > Accumulable registered as "h427"
G4WT6 > Accumulable registered as "h600"
G4WT0 > Accumulable registered as "h436"
G4WT10 > Accumulable registered as "h428"
G4WT1 > Accumulable registered as "h478"
G4WT10 > Accumulable registered as "h429"
G4WT7 > Accumulable registered as "h434"
G4WT10 > Accumulable registered as "h430"
G4WT5 > Accumulable registered as "h442"
G4WT9 > Accumulable registered as "h515"
G4WT8 > Accumulable registered as "h433"
G4WT3 > Accumulable registered as "h438"
G4WT9 > Accumulable registered as "h516"
G4WT4 > Accumulable registered as "h432"
G4WT2 > Accumulable registered as "h480"
G4WT0 > Accumulable registered as "h437"
G4WT1 > Accumulable registered as "h479"
G4WT10 > Accumulable registered as "h431"
G4WT2 > Accumulable registered as "h481"
G4WT0 > Accumulable registered as "h438"
G4WT1 > Accumulable registered as "h480"
G4WT8 > Accumulable registered as "h434"
G4WT1 > Accumulable registered as "h481"
G4WT4 > Accumulable registered as "h433"
G4WT8 > Accumulable registered as "h435"
G4WT4 > Accumulable registered as "h434"
G4WT8 > Accumulable registered as "h436"
G4WT6 > Accumulable registered as "h601"
G4WT2 > Accumulable registered as "h482"
G4WT10 > Accumulable registered as "h432"
G4WT6 > Accumulable registered as "h602"
G4WT2 > Accumulable registered as "h483"
G4WT6 > Accumulable registered as "h603"
G4WT2 > Accumulable registered as "h484"
G4WT7 > Accumulable registered as "h435"
G4WT5 > Accumulable registered as "h443"
G4WT4 > Accumulable registered as "h435"
G4WT8 > Accumulable registered as "h437"
G4WT0 > Accumulable registered as "h439"
G4WT4 > Accumulable registered as "h436"
G4WT8 > Accumulable registered as "h438"
G4WT1 > Accumulable registered as "h482"
G4WT8 > Accumulable registered as "h439"
G4WT4 > Accumulable registered as "h437"
G4WT2 > Accumulable registered as "h485"
G4WT8 > Accumulable registered as "h440"
G4WT1 > Accumulable registered as "h483"
G4WT3 > Accumulable registered as "h439"
G4WT10 > Accumulable registered as "h433"
G4WT6 > Accumulable registered as "h604"
G4WT0 > Accumulable registered as "h440"
G4WT7 > Accumulable registered as "h436"
G4WT5 > Accumulable registered as "h444"
G4WT4 > Accumulable registered as "h438"
G4WT8 > Accumulable registered as "h441"
G4WT7 > Accumulable registered as "h437"
G4WT2 > Accumulable registered as "h486"
G4WT8 > Accumulable registered as "h442"
G4WT3 > Accumulable registered as "h440"
G4WT2 > Accumulable registered as "h487"
G4WT6 > Accumulable registered as "h605"
G4WT2 > Accumulable registered as "h488"
G4WT5 > Accumulable registered as "h445"
G4WT4 > Accumulable registered as "h439"
G4WT5 > Accumulable registered as "h446"
G4WT1 > Accumulable registered as "h484"
G4WT7 > Accumulable registered as "h438"
G4WT10 > Accumulable registered as "h434"
G4WT8 > Accumulable registered as "h443"
G4WT0 > Accumulable registered as "h441"
G4WT10 > Accumulable registered as "h435"
G4WT8 > Accumulable registered as "h444"
G4WT6 > Accumulable registered as "h606"
G4WT8 > Accumulable registered as "h445"
G4WT4 > Accumulable registered as "h440"
G4WT1 > Accumulable registered as "h485"
G4WT4 > Accumulable registered as "h441"
G4WT7 > Accumulable registered as "h439"
G4WT3 > Accumulable registered as "h441"
G4WT2 > Accumulable registered as "h489"
G4WT10 > Accumulable registered as "h436"
G4WT3 > Accumulable registered as "h442"
G4WT5 > Accumulable registered as "h447"
G4WT3 > Accumulable registered as "h443"
G4WT10 > Accumulable registered as "h437"
G4WT1 > Accumulable registered as "h486"
G4WT10 > Accumulable registered as "h438"
G4WT4 > Accumulable registered as "h442"
G4WT7 > Accumulable registered as "h440"
G4WT4 > Accumulable registered as "h443"
G4WT7 > Accumulable registered as "h441"
G4WT6 > Accumulable registered as "h607"
G4WT9 > Accumulable registered as "h517"
G4WT5 > Accumulable registered as "h448"
G4WT6 > Accumulable registered as "h608"
G4WT1 > Accumulable registered as "h487"
G4WT6 > Accumulable registered as "h609"
G4WT5 > Accumulable registered as "h449"
G4WT0 > Accumulable registered as "h442"
G4WT6 > Accumulable registered as "h610"
G4WT5 > Accumulable registered as "h450"
G4WT4 > Accumulable registered as "h444"
G4WT7 > Accumulable registered as "h442"
G4WT9 > Accumulable registered as "h518"
G4WT4 > Accumulable registered as "h445"
G4WT8 > Accumulable registered as "h446"
G4WT8 > Accumulable registered as "h447"
G4WT6 > Accumulable registered as "h611"
G4WT10 > Accumulable registered as "h439"
G4WT6 > Accumulable registered as "h612"
G4WT0 > Accumulable registered as "h443"
G4WT6 > Accumulable registered as "h613"
G4WT2 > Accumulable registered as "h490"
G4WT0 > Accumulable registered as "h444"
G4WT9 > Accumulable registered as "h519"
G4WT0 > Accumulable registered as "h445"
G4WT7 > Accumulable registered as "h443"
G4WT9 > Accumulable registered as "h520"
G4WT3 > Accumulable registered as "h444"
G4WT7 > Accumulable registered as "h444"
G4WT10 > Accumulable registered as "h440"
G4WT1 > Accumulable registered as "h488"
G4WT4 > Accumulable registered as "h446"
G4WT1 > Accumulable registered as "h489"
G4WT8 > Accumulable registered as "h448"
G4WT0 > Accumulable registered as "h446"
G4WT8 > Accumulable registered as "h449"
G4WT5 > Accumulable registered as "h451"
G4WT0 > Accumulable registered as "h447"
G4WT7 > Accumulable registered as "h445"
G4WT6 > Accumulable registered as "h614"
G4WT7 > Accumulable registered as "h446"
G4WT10 > Accumulable registered as "h441"
G4WT6 > Accumulable registered as "h615"
G4WT10 > Accumulable registered as "h442"
G4WT6 > Accumulable registered as "h616"
G4WT9 > Accumulable registered as "h521"
G4WT3 > Accumulable registered as "h445"
G4WT0 > Accumulable registered as "h448"
G4WT3 > Accumulable registered as "h446"
G4WT2 > Accumulable registered as "h491"
G4WT7 > Accumulable registered as "h447"
G4WT2 > Accumulable registered as "h492"
G4WT4 > Accumulable registered as "h447"
G4WT7 > Accumulable registered as "h448"
G4WT10 > Accumulable registered as "h443"
G4WT4 > Accumulable registered as "h448"
G4WT6 > Accumulable registered as "h617"
G4WT4 > Accumulable registered as "h449"
G4WT5 > Accumulable registered as "h452"
G4WT6 > Accumulable registered as "h618"
G4WT3 > Accumulable registered as "h447"
G4WT6 > Accumulable registered as "h619"
G4WT5 > Accumulable registered as "h453"
G4WT8 > Accumulable registered as "h450"
G4WT5 > Accumulable registered as "h454"
G4WT9 > Accumulable registered as "h522"
G4WT5 > Accumulable registered as "h455"
G4WT0 > Accumulable registered as "h449"
G4WT9 > Accumulable registered as "h523"
G4WT1 > Accumulable registered as "h490"
G4WT2 > Accumulable registered as "h493"
G4WT1 > Accumulable registered as "h491"
G4WT7 > Accumulable registered as "h449"
G4WT2 > Accumulable registered as "h494"
G4WT10 > Accumulable registered as "h444"
G4WT8 > Accumulable registered as "h451"
G4WT4 > Accumulable registered as "h450"
G4WT5 > Accumulable registered as "h456"
G4WT0 > Accumulable registered as "h450"
G4WT9 > Accumulable registered as "h524"
G4WT5 > Accumulable registered as "h457"
G4WT6 > Accumulable registered as "h620"
G4WT5 > Accumulable registered as "h458"
G4WT2 > Accumulable registered as "h495"
G4WT6 > Accumulable registered as "h621"
G4WT10 > Accumulable registered as "h445"
G4WT2 > Accumulable registered as "h496"
G4WT4 > Accumulable registered as "h451"
G4WT3 > Accumulable registered as "h448"
G4WT1 > Accumulable registered as "h492"
G4WT3 > Accumulable registered as "h449"
G4WT1 > Accumulable registered as "h493"
G4WT3 > Accumulable registered as "h450"
G4WT5 > Accumulable registered as "h459"
G4WT3 > Accumulable registered as "h451"
G4WT6 > Accumulable registered as "h622"
G4WT3 > Accumulable registered as "h452"
G4WT2 > Accumulable registered as "h497"
G4WT3 > Accumulable registered as "h453"
G4WT6 > Accumulable registered as "h623"
G4WT9 > Accumulable registered as "h525"
G4WT1 > Accumulable registered as "h494"
G4WT8 > Accumulable registered as "h452"
G4WT1 > Accumulable registered as "h495"
G4WT5 > Accumulable registered as "h460"
G4WT10 > Accumulable registered as "h446"
G4WT5 > Accumulable registered as "h461"
G4WT10 > Accumulable registered as "h447"
G4WT5 > Accumulable registered as "h462"
G4WT3 > Accumulable registered as "h454"
G4WT5 > Accumulable registered as "h463"
G4WT6 > Accumulable registered as "h624"
G4WT3 > Accumulable registered as "h455"
G4WT6 > Accumulable registered as "h625"
G4WT3 > Accumulable registered as "h456"
G4WT6 > Accumulable registered as "h626"
G4WT4 > Accumulable registered as "h452"
G4WT7 > Accumulable registered as "h450"
G4WT6 > Accumulable registered as "h627"
G4WT2 > Accumulable registered as "h498"
G4WT6 > Accumulable registered as "h628"
G4WT5 > Accumulable registered as "h464"
G4WT2 > Accumulable registered as "h499"
G4WT8 > Accumulable registered as "h453"
G4WT5 > Accumulable registered as "h465"
G4WT3 > Accumulable registered as "h457"
G4WT2 > Accumulable registered as "h500"
G4WT5 > Accumulable registered as "h466"
G4WT2 > Accumulable registered as "h501"
G4WT5 > Accumulable registered as "h467"
G4WT3 > Accumulable registered as "h458"
G4WT1 > Accumulable registered as "h496"
G4WT5 > Accumulable registered as "h468"
G4WT3 > Accumulable registered as "h459"
G4WT10 > Accumulable registered as "h448"
G4WT7 > Accumulable registered as "h451"
G4WT10 > Accumulable registered as "h449"
G4WT2 > Accumulable registered as "h502"
G4WT6 > Accumulable registered as "h629"
G4WT6 > Accumulable registered as "h630"
G4WT6 > Accumulable registered as "h631"
G4WT8 > Accumulable registered as "h454"
G4WT5 > Accumulable registered as "h469"
G4WT8 > Accumulable registered as "h455"
G4WT1 > Accumulable registered as "h497"
G4WT1 > Accumulable registered as "h498"
G4WT7 > Accumulable registered as "h452"
G4WT10 > Accumulable registered as "h450"
G4WT2 > Accumulable registered as "h503"
G4WT10 > Accumulable registered as "h451"
G4WT2 > Accumulable registered as "h504"
G4WT6 > Accumulable registered as "h632"
G4WT3 > Accumulable registered as "h460"
G4WT6 > Accumulable registered as "h633"
G4WT3 > Accumulable registered as "h461"
G4WT6 > Accumulable registered as "h634"
G4WT3 > Accumulable registered as "h462"
G4WT1 > Accumulable registered as "h499"
G4WT7 > Accumulable registered as "h453"
G4WT10 > Accumulable registered as "h452"
G4WT1 > Accumulable registered as "h500"
G4WT4 > Accumulable registered as "h453"
G4WT10 > Accumulable registered as "h453"
G4WT8 > Accumulable registered as "h456"
G4WT5 > Accumulable registered as "h470"
G4WT4 > Accumulable registered as "h454"
G4WT8 > Accumulable registered as "h457"
G4WT0 > Accumulable registered as "h451"
G4WT2 > Accumulable registered as "h505"
G4WT7 > Accumulable registered as "h454"
G4WT2 > Accumulable registered as "h506"
G4WT10 > Accumulable registered as "h454"
G4WT2 > Accumulable registered as "h507"
G4WT7 > Accumulable registered as "h455"
G4WT2 > Accumulable registered as "h508"
G4WT4 > Accumulable registered as "h455"
G4WT5 > Accumulable registered as "h471"
G4WT8 > Accumulable registered as "h458"
G4WT1 > Accumulable registered as "h501"
G4WT0 > Accumulable registered as "h452"
G4WT8 > Accumulable registered as "h459"
G4WT3 > Accumulable registered as "h463"
G4WT0 > Accumulable registered as "h453"
G4WT7 > Accumulable registered as "h456"
G4WT3 > Accumulable registered as "h464"
G4WT4 > Accumulable registered as "h456"
G4WT7 > Accumulable registered as "h457"
G4WT5 > Accumulable registered as "h472"
G4WT4 > Accumulable registered as "h457"
G4WT1 > Accumulable registered as "h502"
G4WT10 > Accumulable registered as "h455"
G4WT1 > Accumulable registered as "h503"
G4WT2 > Accumulable registered as "h509"
G4WT9 > Accumulable registered as "h526"
G4WT3 > Accumulable registered as "h465"
G4WT2 > Accumulable registered as "h510"
G4WT9 > Accumulable registered as "h527"
G4WT3 > Accumulable registered as "h466"
G4WT5 > Accumulable registered as "h473"
G4WT8 > Accumulable registered as "h460"
G4WT0 > Accumulable registered as "h454"
G4WT10 > Accumulable registered as "h456"
G4WT7 > Accumulable registered as "h458"
G4WT10 > Accumulable registered as "h457"
G4WT7 > Accumulable registered as "h459"
G4WT10 > Accumulable registered as "h458"
G4WT2 > Accumulable registered as "h511"
G4WT3 > Accumulable registered as "h467"
G4WT2 > Accumulable registered as "h512"
G4WT1 > Accumulable registered as "h504"
G4WT5 > Accumulable registered as "h474"
G4WT1 > Accumulable registered as "h505"
G4WT5 > Accumulable registered as "h475"
G4WT5 > Accumulable registered as "h476"
G4WT7 > Accumulable registered as "h460"
G4WT9 > Accumulable registered as "h528"
G4WT10 > Accumulable registered as "h459"
G4WT9 > Accumulable registered as "h529"
G4WT2 > Accumulable registered as "h513"
G4WT8 > Accumulable registered as "h461"
G4WT9 > Accumulable registered as "h530"
G4WT0 > Accumulable registered as "h455"
G4WT1 > Accumulable registered as "h506"
G4WT5 > Accumulable registered as "h477"
G4WT1 > Accumulable registered as "h507"
G4WT7 > Accumulable registered as "h461"
G4WT10 > Accumulable registered as "h460"
G4WT7 > Accumulable registered as "h462"
G4WT3 > Accumulable registered as "h468"
G4WT7 > Accumulable registered as "h463"
G4WT7 > Accumulable registered as "h464"
G4WT3 > Accumulable registered as "h469"
G4WT6 > Accumulable registered as "h635"
G4WT0 > Accumulable registered as "h456"
G4WT1 > Accumulable registered as "h508"
G4WT6 > Accumulable registered as "h636"
G4WT2 > Accumulable registered as "h514"
G4WT10 > Accumulable registered as "h461"
G4WT0 > Accumulable registered as "h457"
G4WT2 > Accumulable registered as "h515"
G4WT8 > Accumulable registered as "h462"
G4WT10 > Accumulable registered as "h462"
G4WT3 > Accumulable registered as "h470"
G4WT10 > Accumulable registered as "h463"
G4WT8 > Accumulable registered as "h463"
G4WT1 > Accumulable registered as "h509"
G4WT1 > Accumulable registered as "h510"
G4WT4 > Accumulable registered as "h458"
G4WT0 > Accumulable registered as "h458"
G4WT4 > Accumulable registered as "h459"
G4WT2 > Accumulable registered as "h516"
G4WT5 > Accumulable registered as "h478"
G4WT2 > Accumulable registered as "h517"
G4WT3 > Accumulable registered as "h471"
G4WT9 > Accumulable registered as "h531"
G4WT8 > Accumulable registered as "h464"
G4WT3 > Accumulable registered as "h472"
G4WT7 > Accumulable registered as "h465"
G4WT8 > Accumulable registered as "h465"
G4WT4 > Accumulable registered as "h460"
G4WT6 > Accumulable registered as "h637"
G4WT10 > Accumulable registered as "h464"
G4WT2 > Accumulable registered as "h518"
G4WT10 > Accumulable registered as "h465"
G4WT2 > Accumulable registered as "h519"
G4WT9 > Accumulable registered as "h532"
G4WT2 > Accumulable registered as "h520"
G4WT7 > Accumulable registered as "h466"
G4WT0 > Accumulable registered as "h459"
G4WT7 > Accumulable registered as "h467"
G4WT8 > Accumulable registered as "h466"
G4WT7 > Accumulable registered as "h468"
G4WT6 > Accumulable registered as "h638"
G4WT7 > Accumulable registered as "h469"
G4WT8 > Accumulable registered as "h467"
G4WT10 > Accumulable registered as "h466"
G4WT7 > Accumulable registered as "h470"
G4WT8 > Accumulable registered as "h468"
G4WT9 > Accumulable registered as "h533"
G4WT0 > Accumulable registered as "h460"
G4WT9 > Accumulable registered as "h534"
G4WT5 > Accumulable registered as "h479"
G4WT9 > Accumulable registered as "h535"
G4WT2 > Accumulable registered as "h521"
G4WT5 > Accumulable registered as "h480"
G4WT7 > Accumulable registered as "h471"
G4WT4 > Accumulable registered as "h461"
G4WT8 > Accumulable registered as "h469"
G4WT4 > Accumulable registered as "h462"
G4WT6 > Accumulable registered as "h639"
G4WT7 > Accumulable registered as "h472"
G4WT3 > Accumulable registered as "h473"
G4WT7 > Accumulable registered as "h473"
G4WT7 > Accumulable registered as "h474"
G4WT7 > Accumulable registered as "h475"
G4WT7 > Accumulable registered as "h476"
G4WT10 > Accumulable registered as "h467"
G4WT4 > Accumulable registered as "h463"
G4WT10 > Accumulable registered as "h468"
G4WT4 > Accumulable registered as "h464"
G4WT10 > Accumulable registered as "h469"
G4WT6 > Accumulable registered as "h640"
G4WT9 > Accumulable registered as "h536"
G4WT3 > Accumulable registered as "h474"
G4WT5 > Accumulable registered as "h481"
G4WT2 > Accumulable registered as "h522"
G4WT9 > Accumulable registered as "h537"
G4WT3 > Accumulable registered as "h475"
G4WT5 > Accumulable registered as "h482"
G4WT9 > Accumulable registered as "h538"
G4WT3 > Accumulable registered as "h476"
G4WT10 > Accumulable registered as "h470"
G4WT3 > Accumulable registered as "h477"
G4WT7 > Accumulable registered as "h477"
G4WT10 > Accumulable registered as "h471"
G4WT7 > Accumulable registered as "h478"
G4WT2 > Accumulable registered as "h523"
G4WT7 > Accumulable registered as "h479"
G4WT5 > Accumulable registered as "h483"
G4WT2 > Accumulable registered as "h524"
G4WT9 > Accumulable registered as "h539"
G4WT5 > Accumulable registered as "h484"
G4WT8 > Accumulable registered as "h470"
G4WT5 > Accumulable registered as "h485"
G4WT9 > Accumulable registered as "h540"
G4WT10 > Accumulable registered as "h472"
G4WT7 > Accumulable registered as "h480"
G4WT10 > Accumulable registered as "h473"
G4WT7 > Accumulable registered as "h481"
G4WT1 > Accumulable registered as "h511"
G4WT2 > Accumulable registered as "h525"
G4WT1 > Accumulable registered as "h512"
G4WT5 > Accumulable registered as "h486"
G4WT4 > Accumulable registered as "h465"
G4WT8 > Accumulable registered as "h471"
G4WT4 > Accumulable registered as "h466"
G4WT9 > Accumulable registered as "h541"
G4WT6 > Accumulable registered as "h641"
G4WT9 > Accumulable registered as "h542"
G4WT3 > Accumulable registered as "h478"
G4WT3 > Accumulable registered as "h479"
G4WT2 > Accumulable registered as "h526"
G4WT1 > Accumulable registered as "h513"
G4WT2 > Accumulable registered as "h527"
G4WT1 > Accumulable registered as "h514"
G4WT4 > Accumulable registered as "h467"
G4WT8 > Accumulable registered as "h472"
G4WT10 > Accumulable registered as "h474"
G4WT1 > Accumulable registered as "h515"
G4WT8 > Accumulable registered as "h473"
G4WT9 > Accumulable registered as "h543"
G4WT10 > Accumulable registered as "h475"
G4WT8 > Accumulable registered as "h474"
G4WT5 > Accumulable registered as "h487"
G4WT8 > Accumulable registered as "h475"
G4WT7 > Accumulable registered as "h482"
G4WT5 > Accumulable registered as "h488"
G4WT1 > Accumulable registered as "h516"
G4WT3 > Accumulable registered as "h480"
G4WT1 > Accumulable registered as "h517"
G4WT3 > Accumulable registered as "h481"
G4WT1 > Accumulable registered as "h518"
G4WT10 > Accumulable registered as "h476"
G4WT0 > Accumulable registered as "h461"
G4WT10 > Accumulable registered as "h477"
G4WT0 > Accumulable registered as "h462"
G4WT10 > Accumulable registered as "h478"
G4WT7 > Accumulable registered as "h483"
G4WT10 > Accumulable registered as "h479"
G4WT2 > Accumulable registered as "h528"
G4WT10 > Accumulable registered as "h480"
G4WT9 > Accumulable registered as "h544"
G4WT10 > Accumulable registered as "h481"
G4WT2 > Accumulable registered as "h529"
G4WT8 > Accumulable registered as "h476"
G4WT9 > Accumulable registered as "h545"
G4WT6 > Accumulable registered as "h642"
G4WT8 > Accumulable registered as "h477"
G4WT3 > Accumulable registered as "h482"
G4WT8 > Accumulable registered as "h478"
G4WT6 > Accumulable registered as "h643"
G4WT8 > Accumulable registered as "h479"
G4WT4 > Accumulable registered as "h468"
G4WT2 > Accumulable registered as "h530"
G4WT0 > Accumulable registered as "h463"
G4WT9 > Accumulable registered as "h546"
G4WT7 > Accumulable registered as "h484"
G4WT1 > Accumulable registered as "h519"
G4WT3 > Accumulable registered as "h483"
G4WT1 > Accumulable registered as "h520"
G4WT10 > Accumulable registered as "h482"
G4WT6 > Accumulable registered as "h644"
G4WT10 > Accumulable registered as "h483"
G4WT6 > Accumulable registered as "h645"
G4WT10 > Accumulable registered as "h484"
G4WT0 > Accumulable registered as "h464"
G4WT9 > Accumulable registered as "h547"
G4WT0 > Accumulable registered as "h465"
G4WT1 > Accumulable registered as "h521"
G4WT3 > Accumulable registered as "h484"
G4WT1 > Accumulable registered as "h522"
G4WT8 > Accumulable registered as "h480"
G4WT1 > Accumulable registered as "h523"
G4WT4 > Accumulable registered as "h469"
G4WT6 > Accumulable registered as "h646"
G4WT4 > Accumulable registered as "h470"
G4WT10 > Accumulable registered as "h485"
G4WT7 > Accumulable registered as "h485"
G4WT10 > Accumulable registered as "h486"
G4WT7 > Accumulable registered as "h486"
G4WT3 > Accumulable registered as "h485"
G4WT2 > Accumulable registered as "h531"
G4WT1 > Accumulable registered as "h524"
G4WT2 > Accumulable registered as "h532"
G4WT8 > Accumulable registered as "h481"
G4WT2 > Accumulable registered as "h533"
G4WT1 > Accumulable registered as "h525"
G4WT9 > Accumulable registered as "h548"
G4WT8 > Accumulable registered as "h482"
G4WT1 > Accumulable registered as "h526"
G4WT8 > Accumulable registered as "h483"
G4WT5 > Accumulable registered as "h489"
G4WT8 > Accumulable registered as "h484"
G4WT4 > Accumulable registered as "h471"
G4WT2 > Accumulable registered as "h534"
G4WT4 > Accumulable registered as "h472"
G4WT10 > Accumulable registered as "h487"
G4WT7 > Accumulable registered as "h487"
G4WT10 > Accumulable registered as "h488"
G4WT9 > Accumulable registered as "h549"
G4WT10 > Accumulable registered as "h489"
G4WT3 > Accumulable registered as "h486"
G4WT8 > Accumulable registered as "h485"
G4WT3 > Accumulable registered as "h487"
G4WT8 > Accumulable registered as "h486"
G4WT2 > Accumulable registered as "h535"
G4WT4 > Accumulable registered as "h473"
G4WT2 > Accumulable registered as "h536"
G4WT1 > Accumulable registered as "h527"
G4WT4 > Accumulable registered as "h474"
G4WT6 > Accumulable registered as "h647"
G4WT9 > Accumulable registered as "h550"
G4WT6 > Accumulable registered as "h648"
G4WT9 > Accumulable registered as "h551"
G4WT9 > Accumulable registered as "h552"
G4WT8 > Accumulable registered as "h487"
G4WT7 > Accumulable registered as "h488"
G4WT8 > Accumulable registered as "h488"
G4WT7 > Accumulable registered as "h489"
G4WT4 > Accumulable registered as "h475"
G4WT1 > Accumulable registered as "h528"
G4WT4 > Accumulable registered as "h476"
G4WT5 > Accumulable registered as "h490"
G4WT1 > Accumulable registered as "h529"
G4WT6 > Accumulable registered as "h649"
G4WT1 > Accumulable registered as "h530"
G4WT2 > Accumulable registered as "h537"
G4WT10 > Accumulable registered as "h490"
G4WT8 > Accumulable registered as "h489"
G4WT10 > Accumulable registered as "h491"
G4WT8 > Accumulable registered as "h490"
G4WT4 > Accumulable registered as "h477"
G4WT5 > Accumulable registered as "h491"
G4WT4 > Accumulable registered as "h478"
G4WT9 > Accumulable registered as "h553"
G4WT5 > Accumulable registered as "h492"
G4WT0 > Accumulable registered as "h466"
G4WT5 > Accumulable registered as "h493"
G4WT1 > Accumulable registered as "h531"
G4WT7 > Accumulable registered as "h490"
G4WT0 > Accumulable registered as "h467"
G4WT1 > Accumulable registered as "h532"
G4WT3 > Accumulable registered as "h488"
G4WT0 > Accumulable registered as "h468"
G4WT6 > Accumulable registered as "h650"
G4WT3 > Accumulable registered as "h489"
G4WT9 > Accumulable registered as "h554"
G4WT10 > Accumulable registered as "h492"
G4WT8 > Accumulable registered as "h491"
G4WT10 > Accumulable registered as "h493"
G4WT4 > Accumulable registered as "h479"
G4WT10 > Accumulable registered as "h494"
G4WT1 > Accumulable registered as "h533"
G4WT0 > Accumulable registered as "h469"
G4WT1 > Accumulable registered as "h534"
G4WT5 > Accumulable registered as "h494"
G4WT1 > Accumulable registered as "h535"
G4WT0 > Accumulable registered as "h470"
G4WT1 > Accumulable registered as "h536"
G4WT5 > Accumulable registered as "h495"
G4WT8 > Accumulable registered as "h492"
G4WT4 > Accumulable registered as "h480"
G4WT10 > Accumulable registered as "h495"
G4WT2 > Accumulable registered as "h538"
G4WT6 > Accumulable registered as "h651"
G4WT10 > Accumulable registered as "h496"
G4WT9 > Accumulable registered as "h555"
G4WT6 > Accumulable registered as "h652"
G4WT0 > Accumulable registered as "h471"
G4WT6 > Accumulable registered as "h653"
G4WT5 > Accumulable registered as "h496"
G4WT8 > Accumulable registered as "h493"
G4WT0 > Accumulable registered as "h472"
G4WT3 > Accumulable registered as "h490"
G4WT0 > Accumulable registered as "h473"
G4WT10 > Accumulable registered as "h497"
G4WT0 > Accumulable registered as "h474"
G4WT1 > Accumulable registered as "h537"
G4WT0 > Accumulable registered as "h475"
G4WT10 > Accumulable registered as "h498"
G4WT4 > Accumulable registered as "h481"
G4WT1 > Accumulable registered as "h538"
G4WT2 > Accumulable registered as "h539"
G4WT1 > Accumulable registered as "h539"
G4WT3 > Accumulable registered as "h491"
G4WT7 > Accumulable registered as "h491"
G4WT9 > Accumulable registered as "h556"
G4WT6 > Accumulable registered as "h654"
G4WT5 > Accumulable registered as "h497"
G4WT9 > Accumulable registered as "h557"
G4WT6 > Accumulable registered as "h655"
G4WT4 > Accumulable registered as "h482"
G4WT8 > Accumulable registered as "h494"
G4WT5 > Accumulable registered as "h498"
G4WT2 > Accumulable registered as "h540"
G4WT5 > Accumulable registered as "h499"
G4WT7 > Accumulable registered as "h492"
G4WT0 > Accumulable registered as "h476"
G4WT7 > Accumulable registered as "h493"
G4WT6 > Accumulable registered as "h656"
G4WT1 > Accumulable registered as "h540"
G4WT6 > Accumulable registered as "h657"
G4WT4 > Accumulable registered as "h483"
G4WT8 > Accumulable registered as "h495"
G4WT5 > Accumulable registered as "h500"
G4WT8 > Accumulable registered as "h496"
G4WT2 > Accumulable registered as "h541"
G4WT5 > Accumulable registered as "h501"
G4WT0 > Accumulable registered as "h477"
G4WT7 > Accumulable registered as "h494"
G4WT0 > Accumulable registered as "h478"
G4WT1 > Accumulable registered as "h541"
G4WT4 > Accumulable registered as "h484"
G4WT10 > Accumulable registered as "h499"
G4WT4 > Accumulable registered as "h485"
G4WT8 > Accumulable registered as "h497"
G4WT9 > Accumulable registered as "h558"
G4WT2 > Accumulable registered as "h542"
G4WT9 > Accumulable registered as "h559"
G4WT7 > Accumulable registered as "h495"
G4WT2 > Accumulable registered as "h543"
G4WT0 > Accumulable registered as "h479"
G4WT1 > Accumulable registered as "h542"
G4WT0 > Accumulable registered as "h480"
G4WT5 > Accumulable registered as "h502"
G4WT8 > Accumulable registered as "h498"
G4WT4 > Accumulable registered as "h486"
G4WT6 > Accumulable registered as "h658"
G4WT4 > Accumulable registered as "h487"
G4WT6 > Accumulable registered as "h659"
G4WT2 > Accumulable registered as "h544"
G4WT7 > Accumulable registered as "h496"
G4WT10 > Accumulable registered as "h500"
G4WT0 > Accumulable registered as "h481"
G4WT2 > Accumulable registered as "h545"
G4WT3 > Accumulable registered as "h492"
G4WT1 > Accumulable registered as "h543"
G4WT2 > Accumulable registered as "h546"
G4WT3 > Accumulable registered as "h493"
G4WT9 > Accumulable registered as "h560"
G4WT3 > Accumulable registered as "h494"
G4WT1 > Accumulable registered as "h544"
G4WT10 > Accumulable registered as "h501"
G4WT8 > Accumulable registered as "h499"
G4WT5 > Accumulable registered as "h503"
G4WT0 > Accumulable registered as "h482"
G4WT4 > Accumulable registered as "h488"
G4WT2 > Accumulable registered as "h547"
G4WT6 > Accumulable registered as "h660"
G4WT7 > Accumulable registered as "h497"
G4WT3 > Accumulable registered as "h495"
G4WT6 > Accumulable registered as "h661"
G4WT1 > Accumulable registered as "h545"
G4WT10 > Accumulable registered as "h502"
G4WT8 > Accumulable registered as "h500"
G4WT5 > Accumulable registered as "h504"
G4WT8 > Accumulable registered as "h501"
G4WT5 > Accumulable registered as "h505"
G4WT8 > Accumulable registered as "h502"
G4WT9 > Accumulable registered as "h561"
G4WT10 > Accumulable registered as "h503"
G4WT3 > Accumulable registered as "h496"
G4WT10 > Accumulable registered as "h504"
G4WT1 > Accumulable registered as "h546"
G4WT3 > Accumulable registered as "h497"
G4WT4 > Accumulable registered as "h489"
G4WT3 > Accumulable registered as "h498"
G4WT1 > Accumulable registered as "h547"
G4WT7 > Accumulable registered as "h498"
G4WT3 > Accumulable registered as "h499"
G4WT4 > Accumulable registered as "h490"
G4WT6 > Accumulable registered as "h662"
G4WT10 > Accumulable registered as "h505"
G4WT0 > Accumulable registered as "h483"
G4WT5 > Accumulable registered as "h506"
G4WT8 > Accumulable registered as "h503"
G4WT5 > Accumulable registered as "h507"
G4WT1 > Accumulable registered as "h548"
G4WT5 > Accumulable registered as "h508"
G4WT3 > Accumulable registered as "h500"
G4WT5 > Accumulable registered as "h509"
G4WT5 > Accumulable registered as "h510"
G4WT1 > Accumulable registered as "h549"
G4WT0 > Accumulable registered as "h484"
G4WT9 > Accumulable registered as "h562"
G4WT3 > Accumulable registered as "h501"
G4WT8 > Accumulable registered as "h504"
G4WT3 > Accumulable registered as "h502"
G4WT9 > Accumulable registered as "h563"
G4WT3 > Accumulable registered as "h503"
G4WT9 > Accumulable registered as "h564"
G4WT3 > Accumulable registered as "h504"
G4WT1 > Accumulable registered as "h550"
G4WT3 > Accumulable registered as "h505"
G4WT4 > Accumulable registered as "h491"
G4WT1 > Accumulable registered as "h551"
G4WT4 > Accumulable registered as "h492"
G4WT1 > Accumulable registered as "h552"
G4WT4 > Accumulable registered as "h493"
G4WT2 > Accumulable registered as "h548"
G4WT4 > Accumulable registered as "h494"
G4WT0 > Accumulable registered as "h485"
G4WT4 > Accumulable registered as "h495"
G4WT2 > Accumulable registered as "h549"
G4WT4 > Accumulable registered as "h496"
G4WT2 > Accumulable registered as "h550"
G4WT5 > Accumulable registered as "h511"
G4WT2 > Accumulable registered as "h551"
G4WT9 > Accumulable registered as "h565"
G4WT7 > Accumulable registered as "h499"
G4WT9 > Accumulable registered as "h566"
G4WT8 > Accumulable registered as "h505"
G4WT9 > Accumulable registered as "h567"
G4WT0 > Accumulable registered as "h486"
G4WT1 > Accumulable registered as "h553"
G4WT2 > Accumulable registered as "h552"
G4WT1 > Accumulable registered as "h554"
G4WT5 > Accumulable registered as "h512"
G4WT2 > Accumulable registered as "h553"
G4WT5 > Accumulable registered as "h513"
G4WT4 > Accumulable registered as "h497"
G4WT9 > Accumulable registered as "h568"
G4WT4 > Accumulable registered as "h498"
G4WT7 > Accumulable registered as "h500"
G4WT4 > Accumulable registered as "h499"
G4WT9 > Accumulable registered as "h569"
G4WT2 > Accumulable registered as "h554"
G4WT5 > Accumulable registered as "h514"
G4WT4 > Accumulable registered as "h500"
G4WT8 > Accumulable registered as "h506"
G4WT0 > Accumulable registered as "h487"
G4WT3 > Accumulable registered as "h506"
G4WT0 > Accumulable registered as "h488"
G4WT7 > Accumulable registered as "h501"
G4WT9 > Accumulable registered as "h570"
G4WT7 > Accumulable registered as "h502"
G4WT2 > Accumulable registered as "h555"
G4WT4 > Accumulable registered as "h501"
G4WT5 > Accumulable registered as "h515"
G4WT2 > Accumulable registered as "h556"
G4WT4 > Accumulable registered as "h502"
G4WT1 > Accumulable registered as "h555"
G4WT0 > Accumulable registered as "h489"
G4WT1 > Accumulable registered as "h556"
G4WT9 > Accumulable registered as "h571"
G4WT8 > Accumulable registered as "h507"
G4WT9 > Accumulable registered as "h572"
G4WT2 > Accumulable registered as "h557"
G4WT5 > Accumulable registered as "h516"
G4WT2 > Accumulable registered as "h558"
G4WT4 > Accumulable registered as "h503"
G4WT2 > Accumulable registered as "h559"
G4WT0 > Accumulable registered as "h490"
G4WT2 > Accumulable registered as "h560"
G4WT4 > Accumulable registered as "h504"
G4WT9 > Accumulable registered as "h573"
G4WT0 > Accumulable registered as "h491"
G4WT4 > Accumulable registered as "h505"
G4WT0 > Accumulable registered as "h492"
G4WT4 > Accumulable registered as "h506"
G4WT1 > Accumulable registered as "h557"
G4WT2 > Accumulable registered as "h561"
G4WT8 > Accumulable registered as "h508"
G4WT3 > Accumulable registered as "h507"
G4WT2 > Accumulable registered as "h562"
G4WT8 > Accumulable registered as "h509"
G4WT7 > Accumulable registered as "h503"
G4WT3 > Accumulable registered as "h508"
G4WT8 > Accumulable registered as "h510"
G4WT10 > Accumulable registered as "h506"
G4WT3 > Accumulable registered as "h509"
G4WT8 > Accumulable registered as "h511"
G4WT2 > Accumulable registered as "h563"
G4WT3 > Accumulable registered as "h510"
G4WT8 > Accumulable registered as "h512"
G4WT1 > Accumulable registered as "h558"
G4WT8 > Accumulable registered as "h513"
G4WT1 > Accumulable registered as "h559"
G4WT8 > Accumulable registered as "h514"
G4WT0 > Accumulable registered as "h493"
G4WT4 > Accumulable registered as "h507"
G4WT0 > Accumulable registered as "h494"
G4WT7 > Accumulable registered as "h504"
G4WT0 > Accumulable registered as "h495"
G4WT2 > Accumulable registered as "h564"
G4WT0 > Accumulable registered as "h496"
G4WT5 > Accumulable registered as "h517"
G4WT0 > Accumulable registered as "h497"
G4WT1 > Accumulable registered as "h560"
G4WT0 > Accumulable registered as "h498"
G4WT3 > Accumulable registered as "h511"
G4WT1 > Accumulable registered as "h561"
G4WT3 > Accumulable registered as "h512"
G4WT10 > Accumulable registered as "h507"
G4WT2 > Accumulable registered as "h565"
G4WT8 > Accumulable registered as "h515"
G4WT4 > Accumulable registered as "h508"
G4WT5 > Accumulable registered as "h518"
G4WT4 > Accumulable registered as "h509"
G4WT0 > Accumulable registered as "h499"
G4WT7 > Accumulable registered as "h505"
G4WT5 > Accumulable registered as "h519"
G4WT9 > Accumulable registered as "h574"
G4WT3 > Accumulable registered as "h513"
G4WT10 > Accumulable registered as "h508"
G4WT2 > Accumulable registered as "h566"
G4WT0 > Accumulable registered as "h500"
G4WT4 > Accumulable registered as "h510"
G4WT0 > Accumulable registered as "h501"
G4WT5 > Accumulable registered as "h520"
G4WT0 > Accumulable registered as "h502"
G4WT9 > Accumulable registered as "h575"
G4WT5 > Accumulable registered as "h521"
G4WT1 > Accumulable registered as "h562"
G4WT2 > Accumulable registered as "h567"
G4WT7 > Accumulable registered as "h506"
G4WT4 > Accumulable registered as "h511"
G4WT7 > Accumulable registered as "h507"
G4WT7 > Accumulable registered as "h508"
G4WT10 > Accumulable registered as "h509"
G4WT9 > Accumulable registered as "h576"
G4WT10 > Accumulable registered as "h510"
G4WT4 > Accumulable registered as "h512"
G4WT10 > Accumulable registered as "h511"
G4WT1 > Accumulable registered as "h563"
G4WT10 > Accumulable registered as "h512"
G4WT0 > Accumulable registered as "h503"
G4WT8 > Accumulable registered as "h516"
G4WT7 > Accumulable registered as "h509"
G4WT8 > Accumulable registered as "h517"
G4WT9 > Accumulable registered as "h577"
G4WT3 > Accumulable registered as "h514"
G4WT4 > Accumulable registered as "h513"
G4WT7 > Accumulable registered as "h510"
G4WT9 > Accumulable registered as "h578"
G4WT1 > Accumulable registered as "h564"
G4WT5 > Accumulable registered as "h522"
G4WT0 > Accumulable registered as "h504"
G4WT2 > Accumulable registered as "h568"
G4WT5 > Accumulable registered as "h523"
G4WT0 > Accumulable registered as "h505"
G4WT3 > Accumulable registered as "h515"
G4WT4 > Accumulable registered as "h514"
G4WT7 > Accumulable registered as "h511"
G4WT3 > Accumulable registered as "h516"
G4WT4 > Accumulable registered as "h515"
G4WT8 > Accumulable registered as "h518"
G4WT7 > Accumulable registered as "h512"
G4WT4 > Accumulable registered as "h516"
G4WT2 > Accumulable registered as "h569"
G4WT7 > Accumulable registered as "h513"
G4WT4 > Accumulable registered as "h517"
G4WT1 > Accumulable registered as "h565"
G4WT3 > Accumulable registered as "h517"
G4WT10 > Accumulable registered as "h513"
G4WT1 > Accumulable registered as "h566"
G4WT5 > Accumulable registered as "h524"
G4WT10 > Accumulable registered as "h514"
G4WT9 > Accumulable registered as "h579"
G4WT10 > Accumulable registered as "h515"
G4WT5 > Accumulable registered as "h525"
G4WT4 > Accumulable registered as "h518"
G4WT9 > Accumulable registered as "h580"
G4WT5 > Accumulable registered as "h526"
G4WT8 > Accumulable registered as "h519"
G4WT4 > Accumulable registered as "h519"
G4WT7 > Accumulable registered as "h514"
G4WT8 > Accumulable registered as "h520"
G4WT10 > Accumulable registered as "h516"
G4WT7 > Accumulable registered as "h515"
G4WT10 > Accumulable registered as "h517"
G4WT9 > Accumulable registered as "h581"
G4WT5 > Accumulable registered as "h527"
G4WT9 > Accumulable registered as "h582"
G4WT4 > Accumulable registered as "h520"
G4WT8 > Accumulable registered as "h521"
G4WT4 > Accumulable registered as "h521"
G4WT0 > Accumulable registered as "h506"
G4WT1 > Accumulable registered as "h567"
G4WT7 > Accumulable registered as "h516"
G4WT1 > Accumulable registered as "h568"
G4WT10 > Accumulable registered as "h518"
G4WT1 > Accumulable registered as "h569"
G4WT5 > Accumulable registered as "h528"
G4WT1 > Accumulable registered as "h570"
G4WT8 > Accumulable registered as "h522"
G4WT3 > Accumulable registered as "h518"
G4WT4 > Accumulable registered as "h522"
G4WT3 > Accumulable registered as "h519"
G4WT7 > Accumulable registered as "h517"
G4WT9 > Accumulable registered as "h583"
G4WT10 > Accumulable registered as "h519"
G4WT9 > Accumulable registered as "h584"
G4WT1 > Accumulable registered as "h571"
G4WT0 > Accumulable registered as "h507"
G4WT1 > Accumulable registered as "h572"
G4WT1 > Accumulable registered as "h573"
G4WT2 > Accumulable registered as "h570"
G4WT3 > Accumulable registered as "h520"
G4WT4 > Accumulable registered as "h523"
G4WT3 > Accumulable registered as "h521"
G4WT5 > Accumulable registered as "h529"
G4WT4 > Accumulable registered as "h524"
G4WT9 > Accumulable registered as "h585"
G4WT5 > Accumulable registered as "h530"
G4WT1 > Accumulable registered as "h574"
G4WT7 > Accumulable registered as "h518"
G4WT1 > Accumulable registered as "h575"
G4WT2 > Accumulable registered as "h571"
G4WT10 > Accumulable registered as "h520"
G4WT2 > Accumulable registered as "h572"
G4WT10 > Accumulable registered as "h521"
G4WT0 > Accumulable registered as "h508"
G4WT9 > Accumulable registered as "h586"
G4WT0 > Accumulable registered as "h509"
G4WT5 > Accumulable registered as "h531"
G4WT0 > Accumulable registered as "h510"
G4WT7 > Accumulable registered as "h519"
G4WT3 > Accumulable registered as "h522"
G4WT8 > Accumulable registered as "h523"
G4WT2 > Accumulable registered as "h573"
G4WT8 > Accumulable registered as "h524"
G4WT1 > Accumulable registered as "h576"
G4WT9 > Accumulable registered as "h587"
G4WT1 > Accumulable registered as "h577"
G4WT0 > Accumulable registered as "h511"
G4WT1 > Accumulable registered as "h578"
G4WT9 > Accumulable registered as "h588"
G4WT4 > Accumulable registered as "h525"
G4WT10 > Accumulable registered as "h522"
G4WT4 > Accumulable registered as "h526"
G4WT2 > Accumulable registered as "h574"
G4WT8 > Accumulable registered as "h525"
G4WT5 > Accumulable registered as "h532"
G4WT1 > Accumulable registered as "h579"
G4WT5 > Accumulable registered as "h533"
G4WT3 > Accumulable registered as "h523"
G4WT0 > Accumulable registered as "h512"
G4WT9 > Accumulable registered as "h589"
G4WT3 > Accumulable registered as "h524"
G4WT10 > Accumulable registered as "h523"
G4WT0 > Accumulable registered as "h513"
G4WT3 > Accumulable registered as "h525"
G4WT7 > Accumulable registered as "h520"
G4WT1 > Accumulable registered as "h580"
G4WT5 > Accumulable registered as "h534"
G4WT7 > Accumulable registered as "h521"
G4WT2 > Accumulable registered as "h575"
G4WT5 > Accumulable registered as "h535"
G4WT8 > Accumulable registered as "h526"
G4WT2 > Accumulable registered as "h576"
G4WT0 > Accumulable registered as "h514"
G4WT3 > Accumulable registered as "h526"
G4WT4 > Accumulable registered as "h527"
G4WT3 > Accumulable registered as "h527"
G4WT7 > Accumulable registered as "h522"
G4WT10 > Accumulable registered as "h524"
G4WT5 > Accumulable registered as "h536"
G4WT8 > Accumulable registered as "h527"
G4WT5 > Accumulable registered as "h537"
G4WT2 > Accumulable registered as "h577"
G4WT0 > Accumulable registered as "h515"
G4WT9 > Accumulable registered as "h590"
G4WT0 > Accumulable registered as "h516"
G4WT9 > Accumulable registered as "h591"
G4WT0 > Accumulable registered as "h517"
G4WT9 > Accumulable registered as "h592"
G4WT9 > Accumulable registered as "h593"
G4WT5 > Accumulable registered as "h538"
G4WT1 > Accumulable registered as "h581"
G4WT5 > Accumulable registered as "h539"
G4WT2 > Accumulable registered as "h578"
G4WT3 > Accumulable registered as "h528"
G4WT2 > Accumulable registered as "h579"
G4WT10 > Accumulable registered as "h525"
G4WT2 > Accumulable registered as "h580"
G4WT7 > Accumulable registered as "h523"
G4WT8 > Accumulable registered as "h528"
G4WT7 > Accumulable registered as "h524"
G4WT5 > Accumulable registered as "h540"
G4WT7 > Accumulable registered as "h525"
G4WT4 > Accumulable registered as "h528"
G4WT0 > Accumulable registered as "h518"
G4WT3 > Accumulable registered as "h529"
G4WT2 > Accumulable registered as "h581"
G4WT10 > Accumulable registered as "h526"
G4WT9 > Accumulable registered as "h594"
G4WT2 > Accumulable registered as "h582"
G4WT10 > Accumulable registered as "h527"
G4WT2 > Accumulable registered as "h583"
G4WT5 > Accumulable registered as "h541"
G4WT2 > Accumulable registered as "h584"
G4WT0 > Accumulable registered as "h519"
G4WT2 > Accumulable registered as "h585"
G4WT1 > Accumulable registered as "h582"
G4WT0 > Accumulable registered as "h520"
G4WT7 > Accumulable registered as "h526"
G4WT0 > Accumulable registered as "h521"
G4WT4 > Accumulable registered as "h529"
G4WT0 > Accumulable registered as "h522"
G4WT3 > Accumulable registered as "h530"
G4WT5 > Accumulable registered as "h542"
G4WT8 > Accumulable registered as "h529"
G4WT1 > Accumulable registered as "h583"
G4WT8 > Accumulable registered as "h530"
G4WT1 > Accumulable registered as "h584"
G4WT7 > Accumulable registered as "h527"
G4WT0 > Accumulable registered as "h523"
G4WT7 > Accumulable registered as "h528"
G4WT2 > Accumulable registered as "h586"
G4WT3 > Accumulable registered as "h531"
G4WT2 > Accumulable registered as "h587"
G4WT5 > Accumulable registered as "h543"
G4WT9 > Accumulable registered as "h595"
G4WT10 > Accumulable registered as "h528"
G4WT5 > Accumulable registered as "h544"
G4WT9 > Accumulable registered as "h596"
G4WT4 > Accumulable registered as "h530"
G4WT10 > Accumulable registered as "h529"
G4WT7 > Accumulable registered as "h529"
G4WT10 > Accumulable registered as "h530"
G4WT8 > Accumulable registered as "h531"
G4WT1 > Accumulable registered as "h585"
G4WT8 > Accumulable registered as "h532"
G4WT0 > Accumulable registered as "h524"
G4WT8 > Accumulable registered as "h533"
G4WT5 > Accumulable registered as "h545"
G4WT0 > Accumulable registered as "h525"
G4WT4 > Accumulable registered as "h531"
G4WT2 > Accumulable registered as "h588"
G4WT7 > Accumulable registered as "h530"
G4WT4 > Accumulable registered as "h532"
G4WT1 > Accumulable registered as "h586"
G4WT7 > Accumulable registered as "h531"
G4WT4 > Accumulable registered as "h533"
G4WT8 > Accumulable registered as "h534"
G4WT4 > Accumulable registered as "h534"
G4WT10 > Accumulable registered as "h531"
G4WT3 > Accumulable registered as "h532"
G4WT4 > Accumulable registered as "h535"
G4WT0 > Accumulable registered as "h526"
G4WT8 > Accumulable registered as "h535"
G4WT1 > Accumulable registered as "h587"
G4WT8 > Accumulable registered as "h536"
G4WT8 > Accumulable registered as "h537"
G4WT4 > Accumulable registered as "h536"
G4WT7 > Accumulable registered as "h532"
G4WT4 > Accumulable registered as "h537"
G4WT3 > Accumulable registered as "h533"
G4WT4 > Accumulable registered as "h538"
G4WT7 > Accumulable registered as "h533"
G4WT0 > Accumulable registered as "h527"
G4WT2 > Accumulable registered as "h589"
G4WT1 > Accumulable registered as "h588"
G4WT0 > Accumulable registered as "h528"
G4WT8 > Accumulable registered as "h538"
G4WT1 > Accumulable registered as "h589"
G4WT10 > Accumulable registered as "h532"
G4WT8 > Accumulable registered as "h539"
G4WT7 > Accumulable registered as "h534"
G4WT7 > Accumulable registered as "h535"
G4WT5 > Accumulable registered as "h546"
G4WT0 > Accumulable registered as "h529"
G4WT5 > Accumulable registered as "h547"
G4WT9 > Accumulable registered as "h597"
G4WT5 > Accumulable registered as "h548"
G4WT3 > Accumulable registered as "h534"
G4WT5 > Accumulable registered as "h549"
G4WT8 > Accumulable registered as "h540"
G4WT5 > Accumulable registered as "h550"
G4WT4 > Accumulable registered as "h539"
G4WT5 > Accumulable registered as "h551"
G4WT0 > Accumulable registered as "h530"
G4WT4 > Accumulable registered as "h540"
G4WT10 > Accumulable registered as "h533"
G4WT4 > Accumulable registered as "h541"
G4WT0 > Accumulable registered as "h531"
G4WT2 > Accumulable registered as "h590"
G4WT10 > Accumulable registered as "h534"
G4WT8 > Accumulable registered as "h541"
G4WT1 > Accumulable registered as "h590"
G4WT5 > Accumulable registered as "h552"
G4WT1 > Accumulable registered as "h591"
G4WT3 > Accumulable registered as "h535"
G4WT1 > Accumulable registered as "h592"
G4WT5 > Accumulable registered as "h553"
G4WT4 > Accumulable registered as "h542"
G4WT5 > Accumulable registered as "h554"
G4WT9 > Accumulable registered as "h598"
G4WT8 > Accumulable registered as "h542"
G4WT7 > Accumulable registered as "h536"
G4WT8 > Accumulable registered as "h543"
G4WT0 > Accumulable registered as "h532"
G4WT10 > Accumulable registered as "h535"
G4WT0 > Accumulable registered as "h533"
G4WT3 > Accumulable registered as "h536"
G4WT2 > Accumulable registered as "h591"
G4WT5 > Accumulable registered as "h555"
G4WT2 > Accumulable registered as "h592"
G4WT1 > Accumulable registered as "h593"
G4WT8 > Accumulable registered as "h544"
G4WT1 > Accumulable registered as "h594"
G4WT7 > Accumulable registered as "h537"
G4WT0 > Accumulable registered as "h534"
G4WT7 > Accumulable registered as "h538"
G4WT0 > Accumulable registered as "h535"
G4WT7 > Accumulable registered as "h539"
G4WT9 > Accumulable registered as "h599"
G4WT7 > Accumulable registered as "h540"
G4WT5 > Accumulable registered as "h556"
G4WT9 > Accumulable registered as "h600"
G4WT1 > Accumulable registered as "h595"
G4WT10 > Accumulable registered as "h536"
G4WT5 > Accumulable registered as "h557"
G4WT3 > Accumulable registered as "h537"
G4WT5 > Accumulable registered as "h558"
G4WT2 > Accumulable registered as "h593"
G4WT5 > Accumulable registered as "h559"
G4WT3 > Accumulable registered as "h538"
G4WT9 > Accumulable registered as "h601"
G4WT3 > Accumulable registered as "h539"
G4WT4 > Accumulable registered as "h543"
G4WT3 > Accumulable registered as "h540"
G4WT10 > Accumulable registered as "h537"
G4WT8 > Accumulable registered as "h545"
G4WT7 > Accumulable registered as "h541"
G4WT5 > Accumulable registered as "h560"
G4WT8 > Accumulable registered as "h546"
G4WT5 > Accumulable registered as "h561"
G4WT0 > Accumulable registered as "h536"
G4WT5 > Accumulable registered as "h562"
G4WT3 > Accumulable registered as "h541"
G4WT10 > Accumulable registered as "h538"
G4WT3 > Accumulable registered as "h542"
G4WT2 > Accumulable registered as "h594"
G4WT1 > Accumulable registered as "h596"
G4WT8 > Accumulable registered as "h547"
G4WT1 > Accumulable registered as "h597"
G4WT9 > Accumulable registered as "h602"
G4WT8 > Accumulable registered as "h548"
G4WT5 > Accumulable registered as "h563"
G4WT0 > Accumulable registered as "h537"
G4WT3 > Accumulable registered as "h543"
G4WT5 > Accumulable registered as "h564"
G4WT7 > Accumulable registered as "h542"
G4WT2 > Accumulable registered as "h595"
G4WT3 > Accumulable registered as "h544"
G4WT1 > Accumulable registered as "h598"
G4WT3 > Accumulable registered as "h545"
G4WT8 > Accumulable registered as "h549"
G4WT1 > Accumulable registered as "h599"
G4WT0 > Accumulable registered as "h538"
G4WT1 > Accumulable registered as "h600"
G4WT4 > Accumulable registered as "h544"
G4WT1 > Accumulable registered as "h601"
G4WT0 > Accumulable registered as "h539"
G4WT9 > Accumulable registered as "h603"
G4WT1 > Accumulable registered as "h602"
G4WT0 > Accumulable registered as "h540"
G4WT5 > Accumulable registered as "h565"
G4WT9 > Accumulable registered as "h604"
G4WT0 > Accumulable registered as "h541"
G4WT2 > Accumulable registered as "h596"
G4WT10 > Accumulable registered as "h539"
G4WT2 > Accumulable registered as "h597"
G4WT3 > Accumulable registered as "h546"
G4WT10 > Accumulable registered as "h540"
G4WT8 > Accumulable registered as "h550"
G4WT7 > Accumulable registered as "h543"
G4WT4 > Accumulable registered as "h545"
G4WT9 > Accumulable registered as "h605"
G4WT5 > Accumulable registered as "h566"
G4WT4 > Accumulable registered as "h546"
G4WT1 > Accumulable registered as "h603"
G4WT5 > Accumulable registered as "h567"
G4WT10 > Accumulable registered as "h541"
G4WT1 > Accumulable registered as "h604"
G4WT8 > Accumulable registered as "h551"
G4WT1 > Accumulable registered as "h605"
G4WT10 > Accumulable registered as "h542"
G4WT9 > Accumulable registered as "h606"
G4WT10 > Accumulable registered as "h543"
G4WT4 > Accumulable registered as "h547"
G4WT10 > Accumulable registered as "h544"
G4WT7 > Accumulable registered as "h544"
G4WT10 > Accumulable registered as "h545"
G4WT0 > Accumulable registered as "h542"
G4WT2 > Accumulable registered as "h598"
G4WT0 > Accumulable registered as "h543"
G4WT3 > Accumulable registered as "h547"
G4WT2 > Accumulable registered as "h599"
G4WT5 > Accumulable registered as "h568"
G4WT3 > Accumulable registered as "h548"
G4WT4 > Accumulable registered as "h548"
G4WT5 > Accumulable registered as "h569"
G4WT4 > Accumulable registered as "h549"
G4WT9 > Accumulable registered as "h607"
G4WT0 > Accumulable registered as "h544"
G4WT9 > Accumulable registered as "h608"
G4WT8 > Accumulable registered as "h552"
G4WT0 > Accumulable registered as "h545"
G4WT1 > Accumulable registered as "h606"
G4WT10 > Accumulable registered as "h546"
G4WT7 > Accumulable registered as "h545"
G4WT5 > Accumulable registered as "h570"
G4WT7 > Accumulable registered as "h546"
G4WT4 > Accumulable registered as "h550"
G4WT2 > Accumulable registered as "h600"
G4WT9 > Accumulable registered as "h609"
G4WT0 > Accumulable registered as "h546"
G4WT9 > Accumulable registered as "h610"
G4WT8 > Accumulable registered as "h553"
G4WT0 > Accumulable registered as "h547"
G4WT10 > Accumulable registered as "h547"
G4WT7 > Accumulable registered as "h547"
G4WT5 > Accumulable registered as "h571"
G4WT10 > Accumulable registered as "h548"
G4WT4 > Accumulable registered as "h551"
G4WT10 > Accumulable registered as "h549"
G4WT1 > Accumulable registered as "h607"
G4WT9 > Accumulable registered as "h611"
G4WT0 > Accumulable registered as "h548"
G4WT8 > Accumulable registered as "h554"
G4WT4 > Accumulable registered as "h552"
G4WT0 > Accumulable registered as "h549"
G4WT4 > Accumulable registered as "h553"
G4WT0 > Accumulable registered as "h550"
G4WT10 > Accumulable registered as "h550"
G4WT1 > Accumulable registered as "h608"
G4WT9 > Accumulable registered as "h612"
G4WT3 > Accumulable registered as "h549"
G4WT2 > Accumulable registered as "h601"
G4WT3 > Accumulable registered as "h550"
G4WT8 > Accumulable registered as "h555"
G4WT5 > Accumulable registered as "h572"
G4WT0 > Accumulable registered as "h551"
G4WT10 > Accumulable registered as "h551"
G4WT1 > Accumulable registered as "h609"
G4WT10 > Accumulable registered as "h552"
G4WT1 > Accumulable registered as "h610"
G4WT10 > Accumulable registered as "h553"
G4WT3 > Accumulable registered as "h551"
G4WT10 > Accumulable registered as "h554"
G4WT4 > Accumulable registered as "h554"
G4WT10 > Accumulable registered as "h555"
G4WT5 > Accumulable registered as "h573"
G4WT10 > Accumulable registered as "h556"
G4WT9 > Accumulable registered as "h613"
G4WT7 > Accumulable registered as "h548"
G4WT9 > Accumulable registered as "h614"
G4WT9 > Accumulable registered as "h615"
G4WT7 > Accumulable registered as "h549"
G4WT0 > Accumulable registered as "h552"
G4WT7 > Accumulable registered as "h550"
G4WT4 > Accumulable registered as "h555"
G4WT7 > Accumulable registered as "h551"
G4WT0 > Accumulable registered as "h553"
G4WT1 > Accumulable registered as "h611"
G4WT4 > Accumulable registered as "h556"
G4WT8 > Accumulable registered as "h556"
G4WT3 > Accumulable registered as "h552"
G4WT10 > Accumulable registered as "h557"
G4WT3 > Accumulable registered as "h553"
G4WT5 > Accumulable registered as "h574"
G4WT10 > Accumulable registered as "h558"
G4WT2 > Accumulable registered as "h602"
G4WT5 > Accumulable registered as "h575"
G4WT9 > Accumulable registered as "h616"
G4WT2 > Accumulable registered as "h603"
G4WT8 > Accumulable registered as "h557"
G4WT7 > Accumulable registered as "h552"
G4WT3 > Accumulable registered as "h554"
G4WT7 > Accumulable registered as "h553"
G4WT10 > Accumulable registered as "h559"
G4WT4 > Accumulable registered as "h557"
G4WT10 > Accumulable registered as "h560"
G4WT5 > Accumulable registered as "h576"
G4WT1 > Accumulable registered as "h612"
G4WT9 > Accumulable registered as "h617"
G4WT5 > Accumulable registered as "h577"
G4WT1 > Accumulable registered as "h613"
G4WT0 > Accumulable registered as "h554"
G4WT1 > Accumulable registered as "h614"
G4WT7 > Accumulable registered as "h554"
G4WT0 > Accumulable registered as "h555"
G4WT4 > Accumulable registered as "h558"
G4WT2 > Accumulable registered as "h604"
G4WT7 > Accumulable registered as "h555"
G4WT5 > Accumulable registered as "h578"
G4WT3 > Accumulable registered as "h555"
G4WT9 > Accumulable registered as "h618"
G4WT5 > Accumulable registered as "h579"
G4WT0 > Accumulable registered as "h556"
G4WT8 > Accumulable registered as "h558"
G4WT0 > Accumulable registered as "h557"
G4WT4 > Accumulable registered as "h559"
G4WT2 > Accumulable registered as "h605"
G4WT7 > Accumulable registered as "h556"
G4WT10 > Accumulable registered as "h561"
G4WT2 > Accumulable registered as "h606"
G4WT3 > Accumulable registered as "h556"
G4WT2 > Accumulable registered as "h607"
G4WT10 > Accumulable registered as "h562"
G4WT5 > Accumulable registered as "h580"
G4WT10 > Accumulable registered as "h563"
G4WT4 > Accumulable registered as "h560"
G4WT1 > Accumulable registered as "h615"
G4WT9 > Accumulable registered as "h619"
G4WT4 > Accumulable registered as "h561"
G4WT1 > Accumulable registered as "h616"
G4WT4 > Accumulable registered as "h562"
G4WT1 > Accumulable registered as "h617"
G4WT3 > Accumulable registered as "h557"
G4WT10 > Accumulable registered as "h564"
G4WT5 > Accumulable registered as "h581"
G4WT7 > Accumulable registered as "h557"
G4WT10 > Accumulable registered as "h565"
G4WT8 > Accumulable registered as "h559"
G4WT2 > Accumulable registered as "h608"
G4WT9 > Accumulable registered as "h620"
G4WT4 > Accumulable registered as "h563"
G4WT1 > Accumulable registered as "h618"
G4WT9 > Accumulable registered as "h621"
G4WT4 > Accumulable registered as "h564"
G4WT5 > Accumulable registered as "h582"
G4WT7 > Accumulable registered as "h558"
G4WT5 > Accumulable registered as "h583"
G4WT8 > Accumulable registered as "h560"
G4WT2 > Accumulable registered as "h609"
G4WT3 > Accumulable registered as "h558"
G4WT8 > Accumulable registered as "h561"
G4WT10 > Accumulable registered as "h566"
G4WT8 > Accumulable registered as "h562"
G4WT9 > Accumulable registered as "h622"
G4WT8 > Accumulable registered as "h563"
G4WT5 > Accumulable registered as "h584"
G4WT8 > Accumulable registered as "h564"
G4WT9 > Accumulable registered as "h623"
G4WT2 > Accumulable registered as "h610"
G4WT1 > Accumulable registered as "h619"
G4WT3 > Accumulable registered as "h559"
G4WT4 > Accumulable registered as "h565"
G4WT1 > Accumulable registered as "h620"
G4WT3 > Accumulable registered as "h560"
G4WT8 > Accumulable registered as "h565"
G4WT3 > Accumulable registered as "h561"
G4WT5 > Accumulable registered as "h585"
G4WT8 > Accumulable registered as "h566"
G4WT2 > Accumulable registered as "h611"
G4WT5 > Accumulable registered as "h586"
G4WT7 > Accumulable registered as "h559"
G4WT5 > Accumulable registered as "h587"
G4WT0 > Accumulable registered as "h558"
G4WT5 > Accumulable registered as "h588"
G4WT7 > Accumulable registered as "h560"
G4WT3 > Accumulable registered as "h562"
G4WT10 > Accumulable registered as "h567"
G4WT8 > Accumulable registered as "h567"
G4WT2 > Accumulable registered as "h612"
G4WT1 > Accumulable registered as "h621"
G4WT8 > Accumulable registered as "h568"
G4WT9 > Accumulable registered as "h624"
G4WT8 > Accumulable registered as "h569"
G4WT0 > Accumulable registered as "h559"
G4WT7 > Accumulable registered as "h561"
G4WT3 > Accumulable registered as "h563"
G4WT10 > Accumulable registered as "h568"
G4WT4 > Accumulable registered as "h566"
G4WT7 > Accumulable registered as "h562"
G4WT3 > Accumulable registered as "h564"
G4WT10 > Accumulable registered as "h569"
G4WT1 > Accumulable registered as "h622"
G4WT7 > Accumulable registered as "h563"
G4WT10 > Accumulable registered as "h570"
G4WT0 > Accumulable registered as "h560"
G4WT7 > Accumulable registered as "h564"
G4WT1 > Accumulable registered as "h623"
G4WT9 > Accumulable registered as "h625"
G4WT3 > Accumulable registered as "h565"
G4WT4 > Accumulable registered as "h567"
G4WT2 > Accumulable registered as "h613"
G4WT3 > Accumulable registered as "h566"
G4WT2 > Accumulable registered as "h614"
G4WT8 > Accumulable registered as "h570"
G4WT7 > Accumulable registered as "h565"
G4WT8 > Accumulable registered as "h571"
G4WT9 > Accumulable registered as "h626"
G4WT5 > Accumulable registered as "h589"
G4WT10 > Accumulable registered as "h571"
G4WT5 > Accumulable registered as "h590"
G4WT3 > Accumulable registered as "h567"
G4WT2 > Accumulable registered as "h615"
G4WT3 > Accumulable registered as "h568"
G4WT0 > Accumulable registered as "h561"
G4WT3 > Accumulable registered as "h569"
G4WT7 > Accumulable registered as "h566"
G4WT9 > Accumulable registered as "h627"
G4WT0 > Accumulable registered as "h562"
G4WT10 > Accumulable registered as "h572"
G4WT5 > Accumulable registered as "h591"
G4WT1 > Accumulable registered as "h624"
G4WT5 > Accumulable registered as "h592"
G4WT2 > Accumulable registered as "h616"
G4WT8 > Accumulable registered as "h572"
G4WT3 > Accumulable registered as "h570"
G4WT7 > Accumulable registered as "h567"
G4WT4 > Accumulable registered as "h568"
G4WT9 > Accumulable registered as "h628"
G4WT0 > Accumulable registered as "h563"
G4WT4 > Accumulable registered as "h569"
G4WT9 > Accumulable registered as "h629"
G4WT1 > Accumulable registered as "h625"
G4WT8 > Accumulable registered as "h573"
G4WT3 > Accumulable registered as "h571"
G4WT8 > Accumulable registered as "h574"
G4WT7 > Accumulable registered as "h568"
G4WT10 > Accumulable registered as "h573"
G4WT5 > Accumulable registered as "h593"
G4WT4 > Accumulable registered as "h570"
G4WT0 > Accumulable registered as "h564"
G4WT1 > Accumulable registered as "h626"
G4WT0 > Accumulable registered as "h565"
G4WT9 > Accumulable registered as "h630"
G4WT0 > Accumulable registered as "h566"
G4WT9 > Accumulable registered as "h631"
G4WT0 > Accumulable registered as "h567"
G4WT7 > Accumulable registered as "h569"
G4WT10 > Accumulable registered as "h574"
G4WT5 > Accumulable registered as "h594"
G4WT7 > Accumulable registered as "h570"
G4WT8 > Accumulable registered as "h575"
G4WT7 > Accumulable registered as "h571"
G4WT1 > Accumulable registered as "h627"
G4WT8 > Accumulable registered as "h576"
G4WT9 > Accumulable registered as "h632"
G4WT8 > Accumulable registered as "h577"
G4WT4 > Accumulable registered as "h571"
G4WT3 > Accumulable registered as "h572"
G4WT4 > Accumulable registered as "h572"
G4WT3 > Accumulable registered as "h573"
G4WT4 > Accumulable registered as "h573"
G4WT7 > Accumulable registered as "h572"
G4WT3 > Accumulable registered as "h574"
G4WT4 > Accumulable registered as "h574"
G4WT10 > Accumulable registered as "h575"
G4WT4 > Accumulable registered as "h575"
G4WT9 > Accumulable registered as "h633"
G4WT4 > Accumulable registered as "h576"
G4WT10 > Accumulable registered as "h576"
G4WT0 > Accumulable registered as "h568"
G4WT7 > Accumulable registered as "h573"
G4WT0 > Accumulable registered as "h569"
G4WT10 > Accumulable registered as "h577"
G4WT7 > Accumulable registered as "h574"
G4WT5 > Accumulable registered as "h595"
G4WT7 > Accumulable registered as "h575"
G4WT4 > Accumulable registered as "h577"
G4WT7 > Accumulable registered as "h576"
G4WT0 > Accumulable registered as "h570"
G4WT3 > Accumulable registered as "h575"
G4WT0 > Accumulable registered as "h571"
G4WT10 > Accumulable registered as "h578"
G4WT2 > Accumulable registered as "h617"
G4WT10 > Accumulable registered as "h579"
G4WT9 > Accumulable registered as "h634"
G4WT2 > Accumulable registered as "h618"
G4WT7 > Accumulable registered as "h577"
G4WT2 > Accumulable registered as "h619"
G4WT8 > Accumulable registered as "h578"
G4WT7 > Accumulable registered as "h578"
G4WT8 > Accumulable registered as "h579"
G4WT1 > Accumulable registered as "h628"
G4WT5 > Accumulable registered as "h596"
G4WT10 > Accumulable registered as "h580"
G4WT4 > Accumulable registered as "h578"
G4WT9 > Accumulable registered as "h635"
G4WT10 > Accumulable registered as "h581"
G4WT2 > Accumulable registered as "h620"
G4WT10 > Accumulable registered as "h582"
G4WT9 > Accumulable registered as "h636"
G4WT8 > Accumulable registered as "h580"
G4WT2 > Accumulable registered as "h621"
G4WT5 > Accumulable registered as "h597"
G4WT0 > Accumulable registered as "h572"
G4WT3 > Accumulable registered as "h576"
G4WT4 > Accumulable registered as "h579"
G4WT7 > Accumulable registered as "h579"
G4WT3 > Accumulable registered as "h577"
G4WT4 > Accumulable registered as "h580"
G4WT9 > Accumulable registered as "h637"
G4WT7 > Accumulable registered as "h580"
G4WT8 > Accumulable registered as "h581"
G4WT7 > Accumulable registered as "h581"
G4WT9 > Accumulable registered as "h638"
G4WT10 > Accumulable registered as "h583"
G4WT9 > Accumulable registered as "h639"
G4WT2 > Accumulable registered as "h622"
G4WT10 > Accumulable registered as "h584"
G4WT4 > Accumulable registered as "h581"
G4WT2 > Accumulable registered as "h623"
G4WT4 > Accumulable registered as "h582"
G4WT2 > Accumulable registered as "h624"
G4WT1 > Accumulable registered as "h629"
G4WT2 > Accumulable registered as "h625"
G4WT3 > Accumulable registered as "h578"
G4WT1 > Accumulable registered as "h630"
G4WT5 > Accumulable registered as "h598"
G4WT0 > Accumulable registered as "h573"
G4WT5 > Accumulable registered as "h599"
G4WT0 > Accumulable registered as "h574"
G4WT5 > Accumulable registered as "h600"
G4WT8 > Accumulable registered as "h582"
G4WT9 > Accumulable registered as "h640"
G4WT2 > Accumulable registered as "h626"
G4WT3 > Accumulable registered as "h579"
G4WT10 > Accumulable registered as "h585"
G4WT3 > Accumulable registered as "h580"
G4WT4 > Accumulable registered as "h583"
G4WT3 > Accumulable registered as "h581"
G4WT5 > Accumulable registered as "h601"
G4WT8 > Accumulable registered as "h583"
G4WT9 > Accumulable registered as "h641"
G4WT8 > Accumulable registered as "h584"
G4WT7 > Accumulable registered as "h582"
G4WT10 > Accumulable registered as "h586"
G4WT7 > Accumulable registered as "h583"
G4WT10 > Accumulable registered as "h587"
G4WT4 > Accumulable registered as "h584"
G4WT3 > Accumulable registered as "h582"
G4WT4 > Accumulable registered as "h585"
G4WT5 > Accumulable registered as "h602"
G4WT3 > Accumulable registered as "h583"
G4WT9 > Accumulable registered as "h642"
G4WT2 > Accumulable registered as "h627"
G4WT9 > Accumulable registered as "h643"
G4WT0 > Accumulable registered as "h575"
G4WT9 > Accumulable registered as "h644"
G4WT10 > Accumulable registered as "h588"
G4WT0 > Accumulable registered as "h576"
G4WT4 > Accumulable registered as "h586"
G4WT3 > Accumulable registered as "h584"
G4WT5 > Accumulable registered as "h603"
G4WT3 > Accumulable registered as "h585"
G4WT2 > Accumulable registered as "h628"
G4WT9 > Accumulable registered as "h645"
G4WT2 > Accumulable registered as "h629"
G4WT9 > Accumulable registered as "h646"
G4WT8 > Accumulable registered as "h585"
G4WT0 > Accumulable registered as "h577"
G4WT10 > Accumulable registered as "h589"
G4WT8 > Accumulable registered as "h586"
G4WT3 > Accumulable registered as "h586"
G4WT5 > Accumulable registered as "h604"
G4WT3 > Accumulable registered as "h587"
G4WT2 > Accumulable registered as "h630"
G4WT5 > Accumulable registered as "h605"
G4WT2 > Accumulable registered as "h631"
G4WT0 > Accumulable registered as "h578"
G4WT7 > Accumulable registered as "h584"
G4WT0 > Accumulable registered as "h579"
G4WT8 > Accumulable registered as "h587"
G4WT3 > Accumulable registered as "h588"
G4WT8 > Accumulable registered as "h588"
G4WT3 > Accumulable registered as "h589"
G4WT3 > Accumulable registered as "h590"
G4WT5 > Accumulable registered as "h606"
G4WT1 > Accumulable registered as "h631"
G4WT5 > Accumulable registered as "h607"
G4WT5 > Accumulable registered as "h608"
G4WT1 > Accumulable registered as "h632"
G4WT7 > Accumulable registered as "h585"
G4WT9 > Accumulable registered as "h647"
G4WT7 > Accumulable registered as "h586"
G4WT4 > Accumulable registered as "h587"
G4WT3 > Accumulable registered as "h591"
G4WT2 > Accumulable registered as "h632"
G4WT10 > Accumulable registered as "h590"
G4WT3 > Accumulable registered as "h592"
G4WT0 > Accumulable registered as "h580"
G4WT1 > Accumulable registered as "h633"
G4WT0 > Accumulable registered as "h581"
G4WT9 > Accumulable registered as "h648"
G4WT0 > Accumulable registered as "h582"
G4WT1 > Accumulable registered as "h634"
G4WT5 > Accumulable registered as "h609"
G4WT9 > Accumulable registered as "h649"
G4WT2 > Accumulable registered as "h633"
G4WT3 > Accumulable registered as "h593"
G4WT8 > Accumulable registered as "h589"
G4WT2 > Accumulable registered as "h634"
G4WT4 > Accumulable registered as "h588"
G4WT2 > Accumulable registered as "h635"
G4WT8 > Accumulable registered as "h590"
G4WT1 > Accumulable registered as "h635"
G4WT5 > Accumulable registered as "h610"
G4WT9 > Accumulable registered as "h650"
G4WT1 > Accumulable registered as "h636"
G4WT7 > Accumulable registered as "h587"
G4WT5 > Accumulable registered as "h611"
G4WT9 > Accumulable registered as "h651"
G4WT4 > Accumulable registered as "h589"
G4WT7 > Accumulable registered as "h588"
G4WT9 > Accumulable registered as "h652"
G4WT4 > Accumulable registered as "h590"
G4WT9 > Accumulable registered as "h653"
G4WT2 > Accumulable registered as "h636"
G4WT5 > Accumulable registered as "h612"
G4WT8 > Accumulable registered as "h591"
G4WT3 > Accumulable registered as "h594"
G4WT7 > Accumulable registered as "h589"
G4WT8 > Accumulable registered as "h592"
G4WT3 > Accumulable registered as "h595"
G4WT7 > Accumulable registered as "h590"
G4WT8 > Accumulable registered as "h593"
G4WT9 > Accumulable registered as "h654"
G4WT5 > Accumulable registered as "h613"
G4WT9 > Accumulable registered as "h655"
G4WT4 > Accumulable registered as "h591"
G4WT10 > Accumulable registered as "h591"
G4WT4 > Accumulable registered as "h592"
G4WT10 > Accumulable registered as "h592"
G4WT4 > Accumulable registered as "h593"
G4WT7 > Accumulable registered as "h591"
G4WT4 > Accumulable registered as "h594"
G4WT5 > Accumulable registered as "h614"
G4WT9 > Accumulable registered as "h656"
G4WT1 > Accumulable registered as "h637"
G4WT0 > Accumulable registered as "h583"
G4WT3 > Accumulable registered as "h596"
G4WT0 > Accumulable registered as "h584"
G4WT10 > Accumulable registered as "h593"
G4WT0 > Accumulable registered as "h585"
G4WT4 > Accumulable registered as "h595"
G4WT10 > Accumulable registered as "h594"
G4WT5 > Accumulable registered as "h615"
G4WT10 > Accumulable registered as "h595"
G4WT4 > Accumulable registered as "h596"
G4WT8 > Accumulable registered as "h594"
G4WT10 > Accumulable registered as "h596"
G4WT8 > Accumulable registered as "h595"
G4WT0 > Accumulable registered as "h586"
G4WT8 > Accumulable registered as "h596"
G4WT9 > Accumulable registered as "h657"
G4WT8 > Accumulable registered as "h597"
G4WT5 > Accumulable registered as "h616"
G4WT4 > Accumulable registered as "h597"
G4WT3 > Accumulable registered as "h597"
G4WT7 > Accumulable registered as "h592"
G4WT10 > Accumulable registered as "h597"
G4WT7 > Accumulable registered as "h593"
G4WT0 > Accumulable registered as "h587"
G4WT10 > Accumulable registered as "h598"
G4WT2 > Accumulable registered as "h637"
G4WT10 > Accumulable registered as "h599"
G4WT0 > Accumulable registered as "h588"
G4WT5 > Accumulable registered as "h617"
G4WT2 > Accumulable registered as "h638"
G4WT7 > Accumulable registered as "h594"
G4WT5 > Accumulable registered as "h618"
G4WT9 > Accumulable registered as "h658"
G4WT5 > Accumulable registered as "h619"
G4WT10 > Accumulable registered as "h600"
G4WT5 > Accumulable registered as "h620"
G4WT0 > Accumulable registered as "h589"
G4WT1 > Accumulable registered as "h638"
G4WT0 > Accumulable registered as "h590"
G4WT9 > Accumulable registered as "h659"
G4WT4 > Accumulable registered as "h598"
G4WT3 > Accumulable registered as "h598"
G4WT5 > Accumulable registered as "h621"
G4WT3 > Accumulable registered as "h599"
G4WT10 > Accumulable registered as "h601"
G4WT3 > Accumulable registered as "h600"
G4WT5 > Accumulable registered as "h622"
G4WT0 > Accumulable registered as "h591"
G4WT1 > Accumulable registered as "h639"
G4WT9 > Accumulable registered as "h660"
G4WT7 > Accumulable registered as "h595"
G4WT4 > Accumulable registered as "h599"
G4WT2 > Accumulable registered as "h639"
G4WT7 > Accumulable registered as "h596"
G4WT3 > Accumulable registered as "h601"
G4WT7 > Accumulable registered as "h597"
G4WT5 > Accumulable registered as "h623"
G4WT0 > Accumulable registered as "h592"
G4WT1 > Accumulable registered as "h640"
G4WT9 > Accumulable registered as "h661"
G4WT8 > Accumulable registered as "h598"
G4WT1 > Accumulable registered as "h641"
G4WT9 > Accumulable registered as "h662"
G4WT2 > Accumulable registered as "h640"
G4WT3 > Accumulable registered as "h602"
G4WT2 > Accumulable registered as "h641"
G4WT5 > Accumulable registered as "h624"
G4WT2 > Accumulable registered as "h642"
G4WT4 > Accumulable registered as "h600"
G4WT2 > Accumulable registered as "h643"
G4WT8 > Accumulable registered as "h599"
G4WT2 > Accumulable registered as "h644"
G4WT1 > Accumulable registered as "h642"
G4WT8 > Accumulable registered as "h600"
G4WT3 > Accumulable registered as "h603"
G4WT10 > Accumulable registered as "h602"
G4WT5 > Accumulable registered as "h625"
G4WT3 > Accumulable registered as "h604"
G4WT4 > Accumulable registered as "h601"
G4WT3 > Accumulable registered as "h605"
G4WT0 > Accumulable registered as "h593"
G4WT3 > Accumulable registered as "h606"
G4WT1 > Accumulable registered as "h643"
G4WT3 > Accumulable registered as "h607"
G4WT10 > Accumulable registered as "h603"
G4WT3 > Accumulable registered as "h608"
G4WT1 > Accumulable registered as "h644"
G4WT8 > Accumulable registered as "h601"
G4WT0 > Accumulable registered as "h594"
G4WT8 > Accumulable registered as "h602"
G4WT2 > Accumulable registered as "h645"
G4WT5 > Accumulable registered as "h626"
G4WT2 > Accumulable registered as "h646"
G4WT4 > Accumulable registered as "h602"
G4WT10 > Accumulable registered as "h604"
G4WT4 > Accumulable registered as "h603"
G4WT1 > Accumulable registered as "h645"
G4WT4 > Accumulable registered as "h604"
G4WT1 > Accumulable registered as "h646"
G4WT7 > Accumulable registered as "h598"
G4WT2 > Accumulable registered as "h647"
G4WT3 > Accumulable registered as "h609"
G4WT2 > Accumulable registered as "h648"
G4WT10 > Accumulable registered as "h605"
G4WT8 > Accumulable registered as "h603"
G4WT10 > Accumulable registered as "h606"
G4WT8 > Accumulable registered as "h604"
G4WT8 > Accumulable registered as "h605"
G4WT8 > Accumulable registered as "h606"
G4WT2 > Accumulable registered as "h649"
G4WT0 > Accumulable registered as "h595"
G4WT2 > Accumulable registered as "h650"
G4WT0 > Accumulable registered as "h596"
G4WT1 > Accumulable registered as "h647"
G4WT10 > Accumulable registered as "h607"
G4WT7 > Accumulable registered as "h599"
G4WT10 > Accumulable registered as "h608"
G4WT8 > Accumulable registered as "h607"
G4WT10 > Accumulable registered as "h609"
G4WT4 > Accumulable registered as "h605"
G4WT8 > Accumulable registered as "h608"
G4WT0 > Accumulable registered as "h597"
G4WT1 > Accumulable registered as "h648"
G4WT3 > Accumulable registered as "h610"
G4WT7 > Accumulable registered as "h600"
G4WT2 > Accumulable registered as "h651"
G4WT10 > Accumulable registered as "h610"
G4WT10 > Accumulable registered as "h611"
G4WT8 > Accumulable registered as "h609"
G4WT4 > Accumulable registered as "h606"
G4WT0 > Accumulable registered as "h598"
G4WT4 > Accumulable registered as "h607"
G4WT0 > Accumulable registered as "h599"
G4WT4 > Accumulable registered as "h608"
G4WT7 > Accumulable registered as "h601"
G4WT2 > Accumulable registered as "h652"
G4WT10 > Accumulable registered as "h612"
G4WT2 > Accumulable registered as "h653"
G4WT8 > Accumulable registered as "h610"
G4WT1 > Accumulable registered as "h649"
G4WT0 > Accumulable registered as "h600"
G4WT1 > Accumulable registered as "h650"
G4WT0 > Accumulable registered as "h601"
G4WT10 > Accumulable registered as "h613"
G4WT4 > Accumulable registered as "h609"
G4WT8 > Accumulable registered as "h611"
G4WT7 > Accumulable registered as "h602"
G4WT8 > Accumulable registered as "h612"
G4WT7 > Accumulable registered as "h603"
G4WT0 > Accumulable registered as "h602"
G4WT10 > Accumulable registered as "h614"
G4WT0 > Accumulable registered as "h603"
G4WT10 > Accumulable registered as "h615"
G4WT1 > Accumulable registered as "h651"
G4WT8 > Accumulable registered as "h613"
G4WT7 > Accumulable registered as "h604"
G4WT8 > Accumulable registered as "h614"
G4WT4 > Accumulable registered as "h610"
G4WT7 > Accumulable registered as "h605"
G4WT4 > Accumulable registered as "h611"
G4WT10 > Accumulable registered as "h616"
G4WT1 > Accumulable registered as "h652"
G4WT10 > Accumulable registered as "h617"
G4WT2 > Accumulable registered as "h654"
G4WT7 > Accumulable registered as "h606"
G4WT2 > Accumulable registered as "h655"
G4WT0 > Accumulable registered as "h604"
G4WT2 > Accumulable registered as "h656"
G4WT8 > Accumulable registered as "h615"
G4WT2 > Accumulable registered as "h657"
G4WT0 > Accumulable registered as "h605"
G4WT2 > Accumulable registered as "h658"
G4WT0 > Accumulable registered as "h606"
G4WT4 > Accumulable registered as "h612"
G4WT0 > Accumulable registered as "h607"
G4WT10 > Accumulable registered as "h618"
G4WT4 > Accumulable registered as "h613"
G4WT2 > Accumulable registered as "h659"
G4WT4 > Accumulable registered as "h614"
G4WT1 > Accumulable registered as "h653"
G4WT2 > Accumulable registered as "h660"
G4WT0 > Accumulable registered as "h608"
G4WT10 > Accumulable registered as "h619"
G4WT1 > Accumulable registered as "h654"
G4WT10 > Accumulable registered as "h620"
G4WT5 > Accumulable registered as "h627"
G4WT8 > Accumulable registered as "h616"
G4WT5 > Accumulable registered as "h628"
G4WT4 > Accumulable registered as "h615"
G4WT5 > Accumulable registered as "h629"
G4WT2 > Accumulable registered as "h661"
G4WT10 > Accumulable registered as "h621"
G4WT5 > Accumulable registered as "h630"
G4WT0 > Accumulable registered as "h609"
G4WT1 > Accumulable registered as "h655"
G4WT8 > Accumulable registered as "h617"
G4WT0 > Accumulable registered as "h610"
G4WT2 > Accumulable registered as "h662"
G4WT5 > Accumulable registered as "h631"
G4WT7 > Accumulable registered as "h607"
G4WT4 > Accumulable registered as "h616"
G4WT10 > Accumulable registered as "h622"
G4WT5 > Accumulable registered as "h632"
G4WT7 > Accumulable registered as "h608"
G4WT4 > Accumulable registered as "h617"
G4WT10 > Accumulable registered as "h623"
G4WT5 > Accumulable registered as "h633"
G4WT4 > Accumulable registered as "h618"
G4WT10 > Accumulable registered as "h624"
G4WT4 > Accumulable registered as "h619"
G4WT8 > Accumulable registered as "h618"
G4WT0 > Accumulable registered as "h611"
G4WT5 > Accumulable registered as "h634"
G4WT7 > Accumulable registered as "h609"
G4WT5 > Accumulable registered as "h635"
G4WT10 > Accumulable registered as "h625"
G4WT7 > Accumulable registered as "h610"
G4WT5 > Accumulable registered as "h636"
G4WT8 > Accumulable registered as "h619"
G4WT5 > Accumulable registered as "h637"
G4WT4 > Accumulable registered as "h620"
G4WT1 > Accumulable registered as "h656"
G4WT4 > Accumulable registered as "h621"
G4WT1 > Accumulable registered as "h657"
G4WT8 > Accumulable registered as "h620"
G4WT5 > Accumulable registered as "h638"
G4WT7 > Accumulable registered as "h611"
G4WT0 > Accumulable registered as "h612"
G4WT7 > Accumulable registered as "h612"
G4WT10 > Accumulable registered as "h626"
G4WT0 > Accumulable registered as "h613"
G4WT1 > Accumulable registered as "h658"
G4WT8 > Accumulable registered as "h621"
G4WT10 > Accumulable registered as "h627"
G4WT4 > Accumulable registered as "h622"
G4WT1 > Accumulable registered as "h659"
G4WT10 > Accumulable registered as "h628"
G4WT0 > Accumulable registered as "h614"
G4WT7 > Accumulable registered as "h613"
G4WT8 > Accumulable registered as "h622"
G4WT0 > Accumulable registered as "h615"
G4WT8 > Accumulable registered as "h623"
G4WT4 > Accumulable registered as "h623"
G4WT10 > Accumulable registered as "h629"
G4WT1 > Accumulable registered as "h660"
G4WT7 > Accumulable registered as "h614"
G4WT1 > Accumulable registered as "h661"
G4WT0 > Accumulable registered as "h616"
G4WT1 > Accumulable registered as "h662"
G4WT4 > Accumulable registered as "h624"
G4WT8 > Accumulable registered as "h624"
G4WT4 > Accumulable registered as "h625"
G4WT10 > Accumulable registered as "h630"
G4WT7 > Accumulable registered as "h615"
G4WT0 > Accumulable registered as "h617"
G4WT8 > Accumulable registered as "h625"
G4WT0 > Accumulable registered as "h618"
G4WT8 > Accumulable registered as "h626"
G4WT0 > Accumulable registered as "h619"
G4WT7 > Accumulable registered as "h616"
G4WT4 > Accumulable registered as "h626"
G4WT5 > Accumulable registered as "h639"
G4WT7 > Accumulable registered as "h617"
G4WT0 > Accumulable registered as "h620"
G4WT7 > Accumulable registered as "h618"
G4WT8 > Accumulable registered as "h627"
G4WT7 > Accumulable registered as "h619"
G4WT4 > Accumulable registered as "h627"
G4WT0 > Accumulable registered as "h621"
G4WT7 > Accumulable registered as "h620"
G4WT4 > Accumulable registered as "h628"
G4WT0 > Accumulable registered as "h622"
G4WT8 > Accumulable registered as "h628"
G4WT4 > Accumulable registered as "h629"
G4WT0 > Accumulable registered as "h623"
G4WT7 > Accumulable registered as "h621"
G4WT0 > Accumulable registered as "h624"
G4WT8 > Accumulable registered as "h629"
G4WT7 > Accumulable registered as "h622"
G4WT10 > Accumulable registered as "h631"
G4WT5 > Accumulable registered as "h640"
G4WT10 > Accumulable registered as "h632"
G4WT8 > Accumulable registered as "h630"
G4WT10 > Accumulable registered as "h633"
G4WT7 > Accumulable registered as "h623"
G4WT0 > Accumulable registered as "h625"
G4WT4 > Accumulable registered as "h630"
G4WT5 > Accumulable registered as "h641"
G4WT0 > Accumulable registered as "h626"
G4WT10 > Accumulable registered as "h634"
G4WT5 > Accumulable registered as "h642"
G4WT4 > Accumulable registered as "h631"
G4WT0 > Accumulable registered as "h627"
G4WT7 > Accumulable registered as "h624"
G4WT8 > Accumulable registered as "h631"
G4WT10 > Accumulable registered as "h635"
G4WT5 > Accumulable registered as "h643"
G4WT8 > Accumulable registered as "h632"
G4WT0 > Accumulable registered as "h628"
G4WT7 > Accumulable registered as "h625"
G4WT5 > Accumulable registered as "h644"
G4WT8 > Accumulable registered as "h633"
G4WT10 > Accumulable registered as "h636"
G4WT7 > Accumulable registered as "h626"
G4WT0 > Accumulable registered as "h629"
G4WT5 > Accumulable registered as "h645"
G4WT4 > Accumulable registered as "h632"
G4WT8 > Accumulable registered as "h634"
G4WT0 > Accumulable registered as "h630"
G4WT10 > Accumulable registered as "h637"
G4WT0 > Accumulable registered as "h631"
G4WT7 > Accumulable registered as "h627"
G4WT10 > Accumulable registered as "h638"
G4WT4 > Accumulable registered as "h633"
G4WT8 > Accumulable registered as "h635"
G4WT5 > Accumulable registered as "h646"
G4WT10 > Accumulable registered as "h639"
G4WT5 > Accumulable registered as "h647"
G4WT4 > Accumulable registered as "h634"
G4WT0 > Accumulable registered as "h632"
G4WT8 > Accumulable registered as "h636"
G4WT0 > Accumulable registered as "h633"
G4WT7 > Accumulable registered as "h628"
G4WT10 > Accumulable registered as "h640"
G4WT5 > Accumulable registered as "h648"
G4WT4 > Accumulable registered as "h635"
G4WT0 > Accumulable registered as "h634"
G4WT4 > Accumulable registered as "h636"
G4WT8 > Accumulable registered as "h637"
G4WT10 > Accumulable registered as "h641"
G4WT8 > Accumulable registered as "h638"
G4WT5 > Accumulable registered as "h649"
G4WT7 > Accumulable registered as "h629"
G4WT0 > Accumulable registered as "h635"
G4WT5 > Accumulable registered as "h650"
G4WT3 > Accumulable registered as "h611"
G4WT0 > Accumulable registered as "h636"
G4WT10 > Accumulable registered as "h642"
G4WT3 > Accumulable registered as "h612"
G4WT7 > Accumulable registered as "h630"
G4WT8 > Accumulable registered as "h639"
G4WT7 > Accumulable registered as "h631"
G4WT8 > Accumulable registered as "h640"
G4WT3 > Accumulable registered as "h613"
G4WT10 > Accumulable registered as "h643"
G4WT5 > Accumulable registered as "h651"
G4WT4 > Accumulable registered as "h637"
G4WT0 > Accumulable registered as "h637"
G4WT7 > Accumulable registered as "h632"
G4WT8 > Accumulable registered as "h641"
G4WT7 > Accumulable registered as "h633"
G4WT3 > Accumulable registered as "h614"
G4WT8 > Accumulable registered as "h642"
G4WT5 > Accumulable registered as "h652"
G4WT3 > Accumulable registered as "h615"
G4WT0 > Accumulable registered as "h638"
G4WT3 > Accumulable registered as "h616"
G4WT7 > Accumulable registered as "h634"
G4WT3 > Accumulable registered as "h617"
G4WT8 > Accumulable registered as "h643"
G4WT10 > Accumulable registered as "h644"
G4WT5 > Accumulable registered as "h653"
G4WT8 > Accumulable registered as "h644"
G4WT0 > Accumulable registered as "h639"
G4WT5 > Accumulable registered as "h654"
G4WT7 > Accumulable registered as "h635"
G4WT5 > Accumulable registered as "h655"
G4WT0 > Accumulable registered as "h640"
G4WT5 > Accumulable registered as "h656"
G4WT7 > Accumulable registered as "h636"
G4WT10 > Accumulable registered as "h645"
G4WT4 > Accumulable registered as "h638"
G4WT10 > Accumulable registered as "h646"
G4WT5 > Accumulable registered as "h657"
G4WT10 > Accumulable registered as "h647"
G4WT3 > Accumulable registered as "h618"
G4WT8 > Accumulable registered as "h645"
G4WT3 > Accumulable registered as "h619"
G4WT8 > Accumulable registered as "h646"
G4WT10 > Accumulable registered as "h648"
G4WT5 > Accumulable registered as "h658"
G4WT10 > Accumulable registered as "h649"
G4WT7 > Accumulable registered as "h637"
G4WT10 > Accumulable registered as "h650"
G4WT0 > Accumulable registered as "h641"
G4WT8 > Accumulable registered as "h647"
G4WT4 > Accumulable registered as "h639"
G4WT5 > Accumulable registered as "h659"
G4WT4 > Accumulable registered as "h640"
G4WT3 > Accumulable registered as "h620"
G4WT7 > Accumulable registered as "h638"
G4WT0 > Accumulable registered as "h642"
G4WT7 > Accumulable registered as "h639"
G4WT8 > Accumulable registered as "h648"
G4WT7 > Accumulable registered as "h640"
G4WT5 > Accumulable registered as "h660"
G4WT4 > Accumulable registered as "h641"
G4WT3 > Accumulable registered as "h621"
G4WT5 > Accumulable registered as "h661"
G4WT0 > Accumulable registered as "h643"
G4WT3 > Accumulable registered as "h622"
G4WT0 > Accumulable registered as "h644"
G4WT4 > Accumulable registered as "h642"
G4WT8 > Accumulable registered as "h649"
G4WT5 > Accumulable registered as "h662"
G4WT7 > Accumulable registered as "h641"
G4WT3 > Accumulable registered as "h623"
G4WT7 > Accumulable registered as "h642"
G4WT0 > Accumulable registered as "h645"
G4WT3 > Accumulable registered as "h624"
G4WT8 > Accumulable registered as "h650"
G4WT0 > Accumulable registered as "h646"
G4WT7 > Accumulable registered as "h643"
G4WT8 > Accumulable registered as "h651"
G4WT3 > Accumulable registered as "h625"
G4WT7 > Accumulable registered as "h644"
G4WT0 > Accumulable registered as "h647"
G4WT0 > Accumulable registered as "h648"
G4WT8 > Accumulable registered as "h652"
G4WT4 > Accumulable registered as "h643"
G4WT3 > Accumulable registered as "h626"
G4WT4 > Accumulable registered as "h644"
G4WT7 > Accumulable registered as "h645"
G4WT0 > Accumulable registered as "h649"
G4WT3 > Accumulable registered as "h627"
G4WT4 > Accumulable registered as "h645"
G4WT7 > Accumulable registered as "h646"
G4WT8 > Accumulable registered as "h653"
G4WT4 > Accumulable registered as "h646"
G4WT0 > Accumulable registered as "h650"
G4WT7 > Accumulable registered as "h647"
G4WT0 > Accumulable registered as "h651"
G4WT10 > Accumulable registered as "h651"
G4WT3 > Accumulable registered as "h628"
G4WT4 > Accumulable registered as "h647"
G4WT8 > Accumulable registered as "h654"
G4WT3 > Accumulable registered as "h629"
G4WT4 > Accumulable registered as "h648"
G4WT10 > Accumulable registered as "h652"
G4WT4 > Accumulable registered as "h649"
G4WT7 > Accumulable registered as "h648"
G4WT10 > Accumulable registered as "h653"
G4WT8 > Accumulable registered as "h655"
G4WT0 > Accumulable registered as "h652"
G4WT8 > Accumulable registered as "h656"
G4WT4 > Accumulable registered as "h650"
G4WT8 > Accumulable registered as "h657"
G4WT3 > Accumulable registered as "h630"
G4WT7 > Accumulable registered as "h649"
G4WT10 > Accumulable registered as "h654"
G4WT0 > Accumulable registered as "h653"
G4WT4 > Accumulable registered as "h651"
G4WT8 > Accumulable registered as "h658"
G4WT0 > Accumulable registered as "h654"
G4WT10 > Accumulable registered as "h655"
G4WT8 > Accumulable registered as "h659"
G4WT3 > Accumulable registered as "h631"
G4WT7 > Accumulable registered as "h650"
G4WT4 > Accumulable registered as "h652"
G4WT0 > Accumulable registered as "h655"
G4WT10 > Accumulable registered as "h656"
G4WT8 > Accumulable registered as "h660"
G4WT0 > Accumulable registered as "h656"
G4WT7 > Accumulable registered as "h651"
G4WT10 > Accumulable registered as "h657"
G4WT0 > Accumulable registered as "h657"
G4WT10 > Accumulable registered as "h658"
G4WT7 > Accumulable registered as "h652"
G4WT4 > Accumulable registered as "h653"
G4WT7 > Accumulable registered as "h653"
G4WT8 > Accumulable registered as "h661"
G4WT0 > Accumulable registered as "h658"
G4WT10 > Accumulable registered as "h659"
G4WT3 > Accumulable registered as "h632"
G4WT7 > Accumulable registered as "h654"
G4WT4 > Accumulable registered as "h654"
G4WT8 > Accumulable registered as "h662"
G4WT10 > Accumulable registered as "h660"
G4WT0 > Accumulable registered as "h659"
G4WT3 > Accumulable registered as "h633"
G4WT0 > Accumulable registered as "h660"
G4WT4 > Accumulable registered as "h655"
G4WT10 > Accumulable registered as "h661"
G4WT7 > Accumulable registered as "h655"
G4WT10 > Accumulable registered as "h662"
G4WT3 > Accumulable registered as "h634"
G4WT0 > Accumulable registered as "h661"
G4WT4 > Accumulable registered as "h656"
G4WT7 > Accumulable registered as "h656"
G4WT3 > Accumulable registered as "h635"
G4WT0 > Accumulable registered as "h662"
G4WT4 > Accumulable registered as "h657"
G4WT7 > Accumulable registered as "h657"
G4WT3 > Accumulable registered as "h636"
G4WT7 > Accumulable registered as "h658"
G4WT4 > Accumulable registered as "h658"
G4WT7 > Accumulable registered as "h659"
G4WT3 > Accumulable registered as "h637"
G4WT4 > Accumulable registered as "h659"
G4WT7 > Accumulable registered as "h660"
G4WT3 > Accumulable registered as "h638"
G4WT4 > Accumulable registered as "h660"
G4WT7 > Accumulable registered as "h661"
G4WT3 > Accumulable registered as "h639"
G4WT4 > Accumulable registered as "h661"
G4WT7 > Accumulable registered as "h662"
G4WT3 > Accumulable registered as "h640"
G4WT4 > Accumulable registered as "h662"
G4WT3 > Accumulable registered as "h641"
G4WT3 > Accumulable registered as "h642"
G4WT3 > Accumulable registered as "h643"
G4WT3 > Accumulable registered as "h644"
G4WT3 > Accumulable registered as "h645"
G4WT3 > Accumulable registered as "h646"
G4WT3 > Accumulable registered as "h647"
G4WT3 > Accumulable registered as "h648"
G4WT3 > Accumulable registered as "h649"
G4WT3 > Accumulable registered as "h650"
G4WT3 > Accumulable registered as "h651"
G4WT3 > Accumulable registered as "h652"
G4WT3 > Accumulable registered as "h653"
G4WT3 > Accumulable registered as "h654"
G4WT3 > Accumulable registered as "h655"
G4WT3 > Accumulable registered as "h656"
G4WT3 > Accumulable registered as "h657"
G4WT3 > Accumulable registered as "h658"
G4WT3 > Accumulable registered as "h659"
G4WT3 > Accumulable registered as "h660"
G4WT3 > Accumulable registered as "h661"
G4WT3 > Accumulable registered as "h662"
RESULT decays=8000000
RESULT any=2240337 eps_total=2.800421e-01
RESULT window=661.657 counts=1257813 eps=1.572266e-01
HISTBEGIN bins=663 bin_kev=1.000000 decays=8000000
HIST 0 520
HIST 1 1713
HIST 2 1870
HIST 3 1905
HIST 4 1848
HIST 5 2073
HIST 6 2161
HIST 7 2124
HIST 8 2127
HIST 9 2118
HIST 10 2198
HIST 11 2177
HIST 12 2123
HIST 13 2163
HIST 14 2140
HIST 15 2144
HIST 16 2198
HIST 17 2164
HIST 18 2123
HIST 19 2136
HIST 20 2108
HIST 21 2204
HIST 22 2093
HIST 23 2209
HIST 24 2119
HIST 25 2143
HIST 26 2134
HIST 27 2116
HIST 28 2205
HIST 29 2174
HIST 30 2142
HIST 31 2183
HIST 32 2164
HIST 33 2234
HIST 34 2162
HIST 35 2250
HIST 36 2154
HIST 37 2240
HIST 38 2184
HIST 39 2188
HIST 40 2275
HIST 41 2119
HIST 42 2309
HIST 43 2191
HIST 44 2143
HIST 45 2164
HIST 46 2225
HIST 47 2209
HIST 48 2169
HIST 49 2166
HIST 50 2139
HIST 51 2120
HIST 52 2157
HIST 53 2138
HIST 54 2104
HIST 55 2115
HIST 56 2202
HIST 57 2103
HIST 58 2095
HIST 59 2147
HIST 60 2202
HIST 61 2216
HIST 62 2114
HIST 63 2167
HIST 64 2152
HIST 65 2149
HIST 66 2157
HIST 67 2193
HIST 68 2128
HIST 69 2156
HIST 70 2183
HIST 71 2151
HIST 72 2143
HIST 73 2174
HIST 74 2089
HIST 75 2097
HIST 76 2063
HIST 77 2043
HIST 78 2124
HIST 79 2144
HIST 80 2176
HIST 81 2081
HIST 82 2050
HIST 83 2147
HIST 84 2128
HIST 85 2113
HIST 86 2052
HIST 87 2152
HIST 88 2125
HIST 89 2154
HIST 90 2120
HIST 91 2056
HIST 92 1998
HIST 93 2144
HIST 94 2150
HIST 95 2142
HIST 96 2047
HIST 97 2100
HIST 98 2139
HIST 99 1985
HIST 100 2091
HIST 101 2058
HIST 102 2131
HIST 103 2193
HIST 104 2051
HIST 105 2056
HIST 106 2106
HIST 107 2093
HIST 108 2105
HIST 109 2009
HIST 110 2037
HIST 111 2067
HIST 112 2026
HIST 113 2138
HIST 114 2062
HIST 115 2104
HIST 116 2108
HIST 117 2069
HIST 118 2040
HIST 119 2030
HIST 120 2145
HIST 121 2147
HIST 122 2062
HIST 123 2017
HIST 124 2066
HIST 125 2055
HIST 126 2077
HIST 127 2044
HIST 128 2010
HIST 129 2056
HIST 130 2087
HIST 131 2085
HIST 132 2008
HIST 133 2042
HIST 134 2019
HIST 135 2002
HIST 136 1985
HIST 137 2028
HIST 138 2097
HIST 139 2043
HIST 140 2040
HIST 141 2024
HIST 142 1984
HIST 143 2065
HIST 144 2010
HIST 145 1985
HIST 146 2031
HIST 147 2023
HIST 148 1962
HIST 149 1972
HIST 150 2015
HIST 151 2001
HIST 152 2014
HIST 153 2021
HIST 154 2027
HIST 155 1993
HIST 156 1984
HIST 157 2074
HIST 158 2049
HIST 159 1991
HIST 160 2004
HIST 161 2017
HIST 162 2012
HIST 163 1999
HIST 164 1993
HIST 165 1879
HIST 166 2120
HIST 167 1944
HIST 168 1971
HIST 169 1947
HIST 170 1956
HIST 171 1988
HIST 172 2056
HIST 173 2072
HIST 174 2013
HIST 175 1946
HIST 176 1974
HIST 177 2033
HIST 178 2033
HIST 179 1957
HIST 180 1979
HIST 181 1966
HIST 182 1875
HIST 183 2015
HIST 184 2048
HIST 185 2001
HIST 186 1947
HIST 187 1837
HIST 188 1974
HIST 189 1959
HIST 190 1944
HIST 191 1901
HIST 192 1952
HIST 193 1939
HIST 194 1916
HIST 195 1893
HIST 196 1901
HIST 197 1949
HIST 198 1921
HIST 199 1980
HIST 200 1921
HIST 201 1898
HIST 202 1843
HIST 203 1948
HIST 204 1950
HIST 205 1941
HIST 206 1966
HIST 207 1948
HIST 208 1999
HIST 209 1963
HIST 210 1966
HIST 211 1930
HIST 212 1975
HIST 213 2002
HIST 214 1943
HIST 215 1973
HIST 216 1912
HIST 217 1941
HIST 218 1832
HIST 219 1934
HIST 220 1965
HIST 221 1925
HIST 222 1892
HIST 223 1903
HIST 224 1876
HIST 225 1930
HIST 226 1903
HIST 227 1944
HIST 228 1901
HIST 229 1933
HIST 230 1959
HIST 231 1879
HIST 232 1926
HIST 233 1877
HIST 234 1883
HIST 235 1965
HIST 236 1910
HIST 237 1852
HIST 238 1915
HIST 239 1873
HIST 240 1876
HIST 241 1894
HIST 242 1867
HIST 243 1871
HIST 244 1996
HIST 245 1888
HIST 246 1849
HIST 247 1885
HIST 248 1957
HIST 249 1971
HIST 250 1824
HIST 251 1845
HIST 252 1829
HIST 253 1911
HIST 254 1852
HIST 255 1902
HIST 256 1931
HIST 257 1873
HIST 258 1904
HIST 259 1901
HIST 260 1925
HIST 261 1835
HIST 262 1891
HIST 263 1856
HIST 264 1899
HIST 265 1913
HIST 266 1878
HIST 267 1827
HIST 268 1923
HIST 269 1879
HIST 270 1833
HIST 271 1876
HIST 272 1832
HIST 273 1904
HIST 274 1840
HIST 275 1830
HIST 276 1904
HIST 277 1830
HIST 278 1938
HIST 279 1843
HIST 280 1915
HIST 281 1871
HIST 282 1860
HIST 283 1831
HIST 284 1866
HIST 285 1771
HIST 286 1880
HIST 287 1923
HIST 288 1889
HIST 289 1856
HIST 290 1883
HIST 291 1890
HIST 292 1853
HIST 293 1797
HIST 294 1874
HIST 295 1759
HIST 296 1840
HIST 297 1933
HIST 298 1905
HIST 299 1834
HIST 300 1844
HIST 301 1766
HIST 302 1791
HIST 303 1893
HIST 304 1846
HIST 305 1844
HIST 306 1889
HIST 307 1951
HIST 308 1820
HIST 309 1824
HIST 310 1863
HIST 311 1839
HIST 312 1840
HIST 313 1842
HIST 314 1835
HIST 315 1841
HIST 316 1846
HIST 317 1838
HIST 318 1815
HIST 319 1887
HIST 320 1843
HIST 321 1797
HIST 322 1791
HIST 323 1763
HIST 324 1886
HIST 325 1783
HIST 326 1806
HIST 327 1828
HIST 328 1819
HIST 329 1849
HIST 330 1839
HIST 331 1855
HIST 332 1817
HIST 333 1795
HIST 334 1842
HIST 335 1828
HIST 336 1870
HIST 337 1842
HIST 338 1820
HIST 339 1765
HIST 340 1898
HIST 341 1799
HIST 342 1874
HIST 343 1785
HIST 344 1775
HIST 345 1825
HIST 346 1825
HIST 347 1864
HIST 348 1867
HIST 349 1880
HIST 350 1731
HIST 351 1795
HIST 352 1801
HIST 353 1854
HIST 354 1825
HIST 355 1836
HIST 356 1856
HIST 357 1850
HIST 358 1809
HIST 359 1810
HIST 360 1869
HIST 361 1897
HIST 362 1846
HIST 363 1755
HIST 364 1852
HIST 365 1860
HIST 366 1845
HIST 367 1842
HIST 368 1806
HIST 369 1817
HIST 370 1795
HIST 371 1835
HIST 372 1925
HIST 373 1832
HIST 374 1820
HIST 375 1850
HIST 376 1864
HIST 377 1890
HIST 378 1938
HIST 379 1899
HIST 380 1885
HIST 381 1868
HIST 382 1996
HIST 383 1875
HIST 384 1857
HIST 385 1883
HIST 386 1903
HIST 387 1873
HIST 388 1874
HIST 389 1878
HIST 390 1859
HIST 391 1852
HIST 392 1784
HIST 393 1858
HIST 394 1827
HIST 395 1847
HIST 396 1942
HIST 397 1809
HIST 398 1822
HIST 399 1796
HIST 400 1908
HIST 401 1935
HIST 402 1840
HIST 403 1849
HIST 404 1854
HIST 405 1933
HIST 406 1921
HIST 407 1918
HIST 408 1911
HIST 409 1960
HIST 410 1864
HIST 411 1898
HIST 412 1921
HIST 413 1941
HIST 414 2002
HIST 415 1943
HIST 416 1946
HIST 417 1945
HIST 418 1871
HIST 419 1864
HIST 420 1926
HIST 421 1898
HIST 422 1959
HIST 423 1925
HIST 424 2006
HIST 425 1991
HIST 426 1931
HIST 427 1933
HIST 428 1969
HIST 429 2050
HIST 430 2044
HIST 431 1995
HIST 432 1938
HIST 433 2038
HIST 434 1991
HIST 435 1967
HIST 436 2008
HIST 437 2088
HIST 438 2082
HIST 439 2087
HIST 440 2066
HIST 441 2137
HIST 442 2044
HIST 443 2115
HIST 444 1985
HIST 445 2179
HIST 446 2056
HIST 447 2102
HIST 448 2090
HIST 449 2167
HIST 450 2132
HIST 451 2213
HIST 452 2123
HIST 453 2158
HIST 454 2185
HIST 455 2153
HIST 456 2138
HIST 457 2294
HIST 458 2182
HIST 459 2231
HIST 460 2188
HIST 461 2281
HIST 462 2257
HIST 463 2258
HIST 464 2316
HIST 465 2294
HIST 466 2191
HIST 467 2238
HIST 468 2301
HIST 469 2201
HIST 470 2342
HIST 471 2181
HIST 472 2176
HIST 473 2244
HIST 474 2110
HIST 475 2109
HIST 476 1990
HIST 477 1691
HIST 478 1425
HIST 479 1260
HIST 480 1161
HIST 481 1025
HIST 482 929
HIST 483 891
HIST 484 880
HIST 485 834
HIST 486 809
HIST 487 751
HIST 488 710
HIST 489 677
HIST 490 695
HIST 491 653
HIST 492 600
HIST 493 575
HIST 494 581
HIST 495 569
HIST 496 563
HIST 497 552
HIST 498 534
HIST 499 492
HIST 500 505
HIST 501 466
HIST 502 463
HIST 503 419
HIST 504 414
HIST 505 397
HIST 506 420
HIST 507 367
HIST 508 350
HIST 509 326
HIST 510 346
HIST 511 334
HIST 512 330
HIST 513 296
HIST 514 314
HIST 515 287
HIST 516 275
HIST 517 295
HIST 518 258
HIST 519 244
HIST 520 243
HIST 521 254
HIST 522 230
HIST 523 225
HIST 524 242
HIST 525 200
HIST 526 189
HIST 527 202
HIST 528 183
HIST 529 182
HIST 530 174
HIST 531 155
HIST 532 145
HIST 533 166
HIST 534 149
HIST 535 150
HIST 536 130
HIST 537 122
HIST 538 119
HIST 539 108
HIST 540 102
HIST 541 98
HIST 542 102
HIST 543 120
HIST 544 88
HIST 545 96
HIST 546 72
HIST 547 77
HIST 548 91
HIST 549 74
HIST 550 82
HIST 551 52
HIST 552 50
HIST 553 44
HIST 554 60
HIST 555 51
HIST 556 55
HIST 557 43
HIST 558 44
HIST 559 34
HIST 560 38
HIST 561 41
HIST 562 43
HIST 563 44
HIST 564 31
HIST 565 39
HIST 566 41
HIST 567 30
HIST 568 30
HIST 569 26
HIST 570 21
HIST 571 22
HIST 572 27
HIST 573 22
HIST 574 19
HIST 575 16
HIST 576 25
HIST 577 23
HIST 578 16
HIST 579 21
HIST 580 20
HIST 581 21
HIST 582 13
HIST 583 16
HIST 584 16
HIST 585 20
HIST 586 9
HIST 587 24
HIST 588 9
HIST 589 20
HIST 590 12
HIST 591 13
HIST 592 14
HIST 593 14
HIST 594 12
HIST 595 9
HIST 596 9
HIST 597 17
HIST 598 16
HIST 599 14
HIST 600 14
HIST 601 18
HIST 602 17
HIST 603 17
HIST 604 11
HIST 605 21
HIST 606 14
HIST 607 8
HIST 608 15
HIST 609 7
HIST 610 8
HIST 611 12
HIST 612 9
HIST 613 8
HIST 614 6
HIST 615 4
HIST 616 7
HIST 617 10
HIST 618 6
HIST 619 3
HIST 620 4
HIST 621 4
HIST 622 2
HIST 623 7
HIST 624 5
HIST 625 8
HIST 626 1
HIST 627 4
HIST 628 2
HIST 629 1239
HIST 630 22
HIST 631 18
HIST 632 9
HIST 633 3489
HIST 634 25
HIST 635 7
HIST 636 4
HIST 637 4
HIST 638 2
HIST 639 1
HIST 640 2
HIST 641 3
HIST 642 5
HIST 643 5
HIST 644 3
HIST 645 1
HIST 646 2
HIST 647 1
HIST 648 1
HIST 650 3
HIST 651 1
HIST 652 2
HIST 654 1
HIST 657 6
HIST 658 6
HIST 662 1257813
HISTEND
