AngularQkProbe (N14): склад D:\BqMoni_Claude\p83\store
узлов 24 (30.0…3000.0 кэВ, log), историй на узел 300000, потоков 16, зерно 0

=== G1S_denta100_oisn10_100_p16: G1S_denta100_oisn10_100_p16: кристалл Sodium iodide цилиндр 63.00x63.00 мм, ро 3.667; источник — цилиндр D=70.4 H=27.2 на 0.0 мм, ОИСН-10; матрица phys=18;c37315487e70462d79ec6885b512d56f9d0c72b62ed78e1d9f7e713b4a24eae5
контроль подсмотра (узел 30.0 кэВ, зерно узла): штатный Efficiency = 0.0074574893649275919, мой обход = 0.0074574893649275919 — ДО БИТА
   E, кэВ        ε_пика        Q2     ±       Q4     ±   |   ε_полн(взвеш.)     Q2T     ±      Q4T     ±
       30.0     0.0074575   0.3444 0.0042  -0.0008 0.0041   |       0.007778   0.3340 0.0042  -0.0008 0.0040
       36.7      0.013364   0.3531 0.0036   0.0033 0.0033   |       0.018695   0.3322 0.0031   0.0005 0.0029
       44.8       0.02756   0.3717 0.0027   0.0029 0.0025   |       0.037941   0.3429 0.0024  -0.0043 0.0022
       54.7      0.047083   0.3982 0.0021   0.0064 0.0020   |       0.063853   0.3596 0.0019  -0.0034 0.0017
       66.8      0.068696   0.4144 0.0018   0.0096 0.0017   |       0.091444   0.3708 0.0016  -0.0028 0.0015
       81.6      0.087992   0.4268 0.0016   0.0068 0.0015   |        0.11574   0.3792 0.0015  -0.0064 0.0013
       99.7       0.10204   0.4385 0.0015   0.0081 0.0015   |        0.13339   0.3879 0.0014  -0.0060 0.0013
      121.8       0.10861   0.4499 0.0014   0.0119 0.0014   |         0.1417   0.3962 0.0013  -0.0035 0.0013
      148.9        0.1115   0.4714 0.0014   0.0226 0.0014   |        0.14623   0.4135 0.0013   0.0038 0.0013
      181.9       0.10953   0.4933 0.0014   0.0386 0.0015   |        0.14533   0.4305 0.0013   0.0139 0.0013
      222.2       0.10223   0.5202 0.0014   0.0649 0.0016   |        0.14041   0.4482 0.0013   0.0296 0.0013
      271.4      0.090991   0.5486 0.0015   0.0940 0.0017   |        0.13188   0.4679 0.0013   0.0460 0.0014
      331.6      0.078644   0.5763 0.0015   0.1262 0.0019   |        0.12383   0.4874 0.0013   0.0647 0.0015
      405.1      0.066219   0.5944 0.0017   0.1482 0.0021   |        0.11601   0.4996 0.0014   0.0783 0.0015
      494.9       0.05497   0.6078 0.0018   0.1660 0.0023   |        0.10887   0.5100 0.0014   0.0879 0.0016
      604.6       0.04588   0.6170 0.0020   0.1820 0.0026   |        0.10258   0.5180 0.0014   0.0959 0.0016
      738.6      0.038128   0.6309 0.0022   0.1988 0.0029   |       0.096746   0.5285 0.0014   0.1069 0.0017
      902.4      0.031176   0.6389 0.0023   0.2092 0.0032   |       0.089483   0.5371 0.0015   0.1139 0.0018
     1102.4      0.026389   0.6444 0.0026   0.2183 0.0035   |       0.084731   0.5440 0.0015   0.1196 0.0018
     1346.8      0.021724   0.6522 0.0028   0.2293 0.0039   |       0.079837   0.5494 0.0016   0.1251 0.0019
     1645.3      0.018182   0.6601 0.0030   0.2353 0.0043   |       0.074667   0.5584 0.0016   0.1324 0.0020
     2010.1      0.015079   0.6636 0.0033   0.2429 0.0047   |       0.071083   0.5646 0.0016   0.1396 0.0020
     2455.6      0.012361   0.6725 0.0036   0.2573 0.0052   |        0.06768   0.5655 0.0017   0.1393 0.0021
     3000.0      0.010282   0.6835 0.0038   0.2706 0.0056   |       0.065793   0.5731 0.0017   0.1444 0.0021
наибольший шум Q_k по узлам: 0.0056; посчитано за 17.3 с
сайдкар: D:\BqMoni_Claude\p83\qk_new\G1S_denta100_oisn10_100_p16.qk — записан и прочитан обратно

=== G1S_denta100_risn379_100_p16: G1S_denta100_risn379_100_p16: кристалл Sodium iodide цилиндр 63.00x63.00 мм, ро 3.667; источник — цилиндр D=70.4 H=27.2 на 0.0 мм, РИСН-379; матрица phys=18;0a58a956ba28527e57680f7a1817eb9e7eb4d07b9416e81bea403a95962fee17
контроль подсмотра (узел 30.0 кэВ, зерно узла): штатный Efficiency = 0.024778892279373733, мой обход = 0.024778892279373733 — ДО БИТА
   E, кэВ        ε_пика        Q2     ±       Q4     ±   |   ε_полн(взвеш.)     Q2T     ±      Q4T     ±
       30.0      0.024779   0.4034 0.0022   0.0189 0.0022   |       0.026266   0.3860 0.0022   0.0161 0.0022
       36.7      0.037116   0.4142 0.0020   0.0132 0.0020   |       0.053168   0.3812 0.0018   0.0055 0.0017
       44.8      0.058907   0.4213 0.0018   0.0121 0.0017   |       0.083905   0.3791 0.0015   0.0007 0.0014
       54.7      0.079238   0.4277 0.0016   0.0106 0.0016   |        0.11104   0.3785 0.0014  -0.0029 0.0013
       66.8      0.094491   0.4358 0.0015   0.0118 0.0015   |        0.12991   0.3824 0.0014  -0.0025 0.0013
       81.6       0.10581   0.4382 0.0015   0.0088 0.0014   |        0.14263   0.3829 0.0013  -0.0072 0.0012
       99.7       0.11192   0.4433 0.0014   0.0070 0.0014   |        0.14942   0.3868 0.0013  -0.0088 0.0012
      121.8       0.11518   0.4556 0.0014   0.0128 0.0014   |        0.15218   0.3978 0.0013  -0.0036 0.0012
      148.9         0.114   0.4715 0.0014   0.0227 0.0014   |         0.1511   0.4101 0.0013   0.0033 0.0012
      181.9       0.11039   0.4946 0.0014   0.0393 0.0015   |        0.14787   0.4287 0.0013   0.0135 0.0013
      222.2       0.10272   0.5200 0.0014   0.0645 0.0016   |        0.14194   0.4468 0.0013   0.0284 0.0013
      271.4      0.090887   0.5507 0.0015   0.0955 0.0017   |        0.13267   0.4674 0.0013   0.0458 0.0014
      331.6      0.078796   0.5754 0.0015   0.1250 0.0019   |        0.12438   0.4858 0.0013   0.0635 0.0015
      405.1      0.066014   0.5956 0.0017   0.1507 0.0021   |        0.11633   0.4989 0.0014   0.0782 0.0015
      494.9      0.054697   0.6089 0.0018   0.1672 0.0023   |         0.1087   0.5101 0.0014   0.0882 0.0016
      604.6      0.045174   0.6194 0.0020   0.1835 0.0026   |        0.10228   0.5176 0.0014   0.0947 0.0016
      738.6      0.038055   0.6348 0.0021   0.2024 0.0029   |       0.096432   0.5310 0.0014   0.1092 0.0017
      902.4      0.031261   0.6374 0.0023   0.2063 0.0032   |       0.089738   0.5369 0.0015   0.1137 0.0018
     1102.4      0.026018   0.6462 0.0026   0.2232 0.0035   |        0.08447   0.5425 0.0015   0.1200 0.0018
     1346.8      0.021823   0.6526 0.0028   0.2302 0.0039   |        0.07989   0.5491 0.0016   0.1264 0.0019
     1645.3      0.018005   0.6605 0.0030   0.2367 0.0043   |       0.074598   0.5571 0.0016   0.1325 0.0020
     2010.1      0.015181   0.6643 0.0033   0.2444 0.0047   |       0.071385   0.5645 0.0016   0.1395 0.0020
     2455.6      0.012271   0.6707 0.0036   0.2541 0.0053   |       0.067855   0.5641 0.0017   0.1355 0.0021
     3000.0      0.010321   0.6813 0.0039   0.2684 0.0056   |       0.066181   0.5724 0.0017   0.1432 0.0021
наибольший шум Q_k по узлам: 0.0056; посчитано за 16.6 с
сайдкар: D:\BqMoni_Claude\p83\qk_new\G1S_denta100_risn379_100_p16.qk — записан и прочитан обратно

=== G1S_denta120_oisn06_057_p24: G1S_denta120_oisn06_057_p24: кристалл Sodium iodide цилиндр 63.00x63.00 мм, ро 3.667; источник — цилиндр D=70.0 H=33.0 на 0.0 мм, ОИСН-06; матрица phys=18;5eb72b9c8cd502125a77575c5fb8b968b7e2cb652ec460fc21d8aed5d0e040f8
контроль подсмотра (узел 30.0 кэВ, зерно узла): штатный Efficiency = 0.025626328291926445, мой обход = 0.025626328291926445 — ДО БИТА
   E, кэВ        ε_пика        Q2     ±       Q4     ±   |   ε_полн(взвеш.)     Q2T     ±      Q4T     ±
       30.0      0.025626   0.4273 0.0021   0.0274 0.0022   |       0.026942   0.4131 0.0021   0.0243 0.0021
       36.7      0.037701   0.4386 0.0020   0.0283 0.0020   |       0.053557   0.4097 0.0017   0.0193 0.0017
       44.8      0.059656   0.4488 0.0017   0.0322 0.0017   |       0.083034   0.4131 0.0015   0.0188 0.0015
       54.7      0.079327   0.4551 0.0016   0.0286 0.0015   |          0.108   0.4160 0.0014   0.0143 0.0013
       66.8      0.094483   0.4642 0.0015   0.0302 0.0015   |        0.12513   0.4222 0.0014   0.0148 0.0013
       81.6       0.10495   0.4653 0.0014   0.0284 0.0014   |        0.13592   0.4227 0.0013   0.0133 0.0012
       99.7       0.11188   0.4698 0.0014   0.0280 0.0014   |        0.14237   0.4281 0.0013   0.0130 0.0012
      121.8       0.11417   0.4821 0.0014   0.0383 0.0014   |         0.1441   0.4382 0.0013   0.0213 0.0013
      148.9       0.11329   0.5000 0.0014   0.0493 0.0014   |         0.1431   0.4530 0.0013   0.0292 0.0013
      181.9       0.10908   0.5199 0.0014   0.0684 0.0015   |        0.13934   0.4701 0.0013   0.0433 0.0013
      222.2       0.10001   0.5463 0.0014   0.0950 0.0016   |        0.13236   0.4874 0.0013   0.0589 0.0014
      271.4      0.089035   0.5743 0.0015   0.1258 0.0017   |        0.12417   0.5087 0.0013   0.0782 0.0014
      331.6      0.076244   0.5977 0.0015   0.1551 0.0019   |        0.11548   0.5246 0.0013   0.0945 0.0015
      405.1      0.064158   0.6130 0.0017   0.1746 0.0021   |        0.10767   0.5350 0.0013   0.1060 0.0016
      494.9      0.052524   0.6272 0.0018   0.1950 0.0023   |        0.10025   0.5411 0.0014   0.1152 0.0016
      604.6       0.04412   0.6391 0.0019   0.2100 0.0026   |       0.094938   0.5554 0.0014   0.1269 0.0017
      738.6      0.036031   0.6505 0.0021   0.2260 0.0029   |       0.088517   0.5645 0.0014   0.1371 0.0018
      902.4      0.029732   0.6565 0.0024   0.2371 0.0032   |       0.082975   0.5692 0.0015   0.1421 0.0018
     1102.4      0.025059   0.6646 0.0026   0.2512 0.0035   |       0.077849   0.5771 0.0015   0.1526 0.0019
     1346.8      0.020551   0.6673 0.0028   0.2538 0.0039   |        0.07325   0.5793 0.0016   0.1559 0.0020
     1645.3      0.017373   0.6771 0.0030   0.2671 0.0042   |       0.068789   0.5867 0.0016   0.1618 0.0020
     2010.1      0.014393   0.6794 0.0033   0.2715 0.0048   |       0.065648   0.5906 0.0017   0.1658 0.0021
     2455.6      0.011559   0.6910 0.0036   0.2855 0.0053   |       0.062198   0.5916 0.0017   0.1654 0.0022
     3000.0     0.0095676   0.7033 0.0037   0.2997 0.0057   |       0.060158   0.6034 0.0017   0.1777 0.0022
наибольший шум Q_k по узлам: 0.0057; посчитано за 16.6 с
сайдкар: D:\BqMoni_Claude\p83\qk_new\G1S_denta120_oisn06_057_p24.qk — записан и прочитан обратно

=== G1S_denta120_oisn06_062_p24: G1S_denta120_oisn06_062_p24: кристалл Sodium iodide цилиндр 63.00x63.00 мм, ро 3.667; источник — цилиндр D=70.0 H=33.0 на 0.0 мм, ОИСН-06; матрица phys=18;cab447bbd383b51cbee88dee02160066db8a1178ff505d155b483b4a4da4bbe8
контроль подсмотра (узел 30.0 кэВ, зерно узла): штатный Efficiency = 0.023954952312227329, мой обход = 0.023954952312227329 — ДО БИТА
   E, кэВ        ε_пика        Q2     ±       Q4     ±   |   ε_полн(взвеш.)     Q2T     ±      Q4T     ±
       30.0      0.023955   0.4224 0.0022   0.0273 0.0022   |       0.025212   0.4075 0.0022   0.0244 0.0022
       36.7      0.035932   0.4316 0.0020   0.0249 0.0020   |       0.051085   0.4042 0.0018   0.0169 0.0017
       44.8      0.057592   0.4447 0.0018   0.0288 0.0017   |       0.080072   0.4095 0.0016   0.0163 0.0015
       54.7      0.077168   0.4533 0.0016   0.0259 0.0015   |        0.10523   0.4136 0.0014   0.0116 0.0013
       66.8      0.092314   0.4607 0.0015   0.0295 0.0015   |        0.12278   0.4170 0.0014   0.0143 0.0013
       81.6       0.10345   0.4642 0.0014   0.0279 0.0014   |        0.13471   0.4203 0.0013   0.0124 0.0012
       99.7       0.11007   0.4698 0.0014   0.0295 0.0014   |        0.14097   0.4264 0.0013   0.0139 0.0012
      121.8       0.11252   0.4809 0.0014   0.0378 0.0014   |        0.14297   0.4359 0.0013   0.0204 0.0013
      148.9       0.11219   0.4987 0.0014   0.0481 0.0014   |        0.14237   0.4510 0.0013   0.0281 0.0013
      181.9       0.10778   0.5178 0.0014   0.0641 0.0015   |         0.1386   0.4657 0.0013   0.0391 0.0013
      222.2      0.099149   0.5449 0.0014   0.0933 0.0016   |        0.13152   0.4857 0.0013   0.0586 0.0014
      271.4      0.088108   0.5732 0.0015   0.1248 0.0017   |         0.1236   0.5057 0.0013   0.0775 0.0014
      331.6      0.075956   0.5972 0.0015   0.1550 0.0019   |        0.11543   0.5234 0.0013   0.0950 0.0015
      405.1      0.063643   0.6137 0.0017   0.1768 0.0021   |         0.1077   0.5328 0.0014   0.1064 0.0016
      494.9       0.05203   0.6294 0.0018   0.1956 0.0023   |        0.10001   0.5412 0.0014   0.1160 0.0016
      604.6      0.043464   0.6395 0.0020   0.2104 0.0026   |       0.094364   0.5519 0.0014   0.1246 0.0017
      738.6      0.036068   0.6487 0.0021   0.2224 0.0029   |       0.088788   0.5619 0.0014   0.1354 0.0018
      902.4      0.029312   0.6554 0.0024   0.2351 0.0032   |       0.083246   0.5663 0.0015   0.1396 0.0018
     1102.4      0.024809   0.6621 0.0026   0.2487 0.0035   |       0.077683   0.5735 0.0016   0.1498 0.0019
     1346.8      0.020534   0.6668 0.0028   0.2541 0.0039   |        0.07299   0.5764 0.0016   0.1524 0.0020
     1645.3      0.017422   0.6721 0.0030   0.2581 0.0043   |       0.069183   0.5843 0.0016   0.1594 0.0020
     2010.1      0.014293   0.6804 0.0033   0.2730 0.0047   |       0.065423   0.5895 0.0017   0.1644 0.0021
     2455.6      0.011712   0.6883 0.0036   0.2821 0.0052   |       0.062293   0.5921 0.0017   0.1648 0.0022
     3000.0     0.0096617   0.6997 0.0038   0.2958 0.0057   |       0.060327   0.6021 0.0017   0.1760 0.0022
наибольший шум Q_k по узлам: 0.0057; посчитано за 16.3 с
сайдкар: D:\BqMoni_Claude\p83\qk_new\G1S_denta120_oisn06_062_p24.qk — записан и прочитан обратно

=== G1S_denta120_oisn06_064_p24: G1S_denta120_oisn06_064_p24: кристалл Sodium iodide цилиндр 63.00x63.00 мм, ро 3.667; источник — цилиндр D=70.0 H=33.0 на 0.0 мм, ОИСН-06; матрица phys=18;c01ab956ae4ad886748f313c513fc9db732646abf19066af442b2f4b90131ff2
контроль подсмотра (узел 30.0 кэВ, зерно узла): штатный Efficiency = 0.023255074138545578, мой обход = 0.023255074138545578 — ДО БИТА
   E, кэВ        ε_пика        Q2     ±       Q4     ±   |   ε_полн(взвеш.)     Q2T     ±      Q4T     ±
       30.0      0.023255   0.4198 0.0022   0.0254 0.0023   |        0.02451   0.4047 0.0022   0.0226 0.0022
       36.7      0.034985   0.4306 0.0020   0.0250 0.0020   |       0.049785   0.4022 0.0018   0.0170 0.0017
       44.8      0.056603   0.4434 0.0018   0.0292 0.0017   |       0.078797   0.4072 0.0016   0.0166 0.0015
       54.7      0.076053   0.4517 0.0016   0.0257 0.0015   |        0.10409   0.4111 0.0014   0.0115 0.0013
       66.8      0.091437   0.4604 0.0015   0.0281 0.0015   |        0.12199   0.4160 0.0014   0.0126 0.0013
       81.6       0.10244   0.4657 0.0014   0.0278 0.0014   |        0.13374   0.4211 0.0013   0.0122 0.0013
       99.7        0.1093   0.4692 0.0014   0.0290 0.0014   |        0.14035   0.4249 0.0013   0.0134 0.0012
      121.8       0.11157   0.4803 0.0014   0.0380 0.0014   |        0.14222   0.4344 0.0013   0.0204 0.0013
      148.9       0.11138   0.4976 0.0014   0.0482 0.0014   |        0.14181   0.4492 0.0013   0.0281 0.0013
      181.9        0.1071   0.5177 0.0014   0.0637 0.0015   |        0.13804   0.4648 0.0013   0.0388 0.0013
      222.2      0.098294   0.5453 0.0014   0.0937 0.0016   |        0.13107   0.4854 0.0013   0.0580 0.0014
      271.4      0.087937   0.5713 0.0015   0.1236 0.0017   |        0.12355   0.5037 0.0013   0.0763 0.0014
      331.6      0.075576   0.5962 0.0015   0.1538 0.0019   |        0.11528   0.5209 0.0013   0.0930 0.0015
      405.1      0.063483   0.6151 0.0017   0.1785 0.0021   |         0.1075   0.5340 0.0014   0.1076 0.0016
      494.9      0.051831   0.6286 0.0018   0.1961 0.0024   |       0.099903   0.5410 0.0014   0.1161 0.0016
      604.6      0.043499   0.6397 0.0020   0.2113 0.0026   |       0.094292   0.5512 0.0014   0.1257 0.0017
      738.6      0.035942   0.6475 0.0021   0.2210 0.0029   |       0.088681   0.5598 0.0015   0.1351 0.0018
      902.4      0.029395   0.6552 0.0024   0.2360 0.0032   |       0.083102   0.5656 0.0015   0.1401 0.0018
     1102.4      0.024771   0.6649 0.0025   0.2486 0.0035   |       0.077809   0.5743 0.0015   0.1503 0.0019
     1346.8      0.020768   0.6652 0.0028   0.2494 0.0039   |       0.073402   0.5770 0.0016   0.1533 0.0020
     1645.3      0.017447   0.6728 0.0030   0.2597 0.0043   |       0.069093   0.5846 0.0016   0.1604 0.0020
     2010.1      0.014354   0.6791 0.0033   0.2697 0.0048   |        0.06552   0.5871 0.0017   0.1622 0.0021
     2455.6      0.011562   0.6896 0.0036   0.2819 0.0053   |       0.062525   0.5902 0.0017   0.1642 0.0022
     3000.0     0.0094947   0.6991 0.0038   0.2949 0.0057   |       0.060235   0.5998 0.0017   0.1736 0.0022
наибольший шум Q_k по узлам: 0.0057; посчитано за 16.9 с
сайдкар: D:\BqMoni_Claude\p83\qk_new\G1S_denta120_oisn06_064_p24.qk — записан и прочитан обратно

=== G1S_denta120_oisn06_066_p24: G1S_denta120_oisn06_066_p24: кристалл Sodium iodide цилиндр 63.00x63.00 мм, ро 3.667; источник — цилиндр D=70.0 H=33.0 на 0.0 мм, ОИСН-06; матрица phys=18;f86860ad908b529d63bf0e996ff267bb1bec9ca80f724c771e376bad1e2ad072
контроль подсмотра (узел 30.0 кэВ, зерно узла): штатный Efficiency = 0.022757733623663005, мой обход = 0.022757733623663005 — ДО БИТА
   E, кэВ        ε_пика        Q2     ±       Q4     ±   |   ε_полн(взвеш.)     Q2T     ±      Q4T     ±
       30.0      0.022758   0.4171 0.0023   0.0234 0.0023   |       0.023985   0.4017 0.0022   0.0206 0.0022
       36.7      0.034483   0.4307 0.0021   0.0253 0.0021   |       0.048952   0.4016 0.0018   0.0163 0.0018
       44.8      0.055827   0.4403 0.0018   0.0264 0.0017   |        0.07769   0.4040 0.0016   0.0146 0.0015
       54.7      0.075467   0.4510 0.0016   0.0253 0.0016   |        0.10334   0.4100 0.0014   0.0114 0.0013
       66.8      0.090521   0.4595 0.0015   0.0277 0.0015   |        0.12115   0.4147 0.0014   0.0122 0.0013
       81.6       0.10216   0.4651 0.0014   0.0273 0.0014   |        0.13324   0.4206 0.0013   0.0118 0.0013
       99.7       0.10887   0.4677 0.0014   0.0276 0.0014   |        0.14004   0.4233 0.0013   0.0122 0.0012
      121.8       0.11078   0.4803 0.0014   0.0377 0.0014   |        0.14145   0.4337 0.0013   0.0201 0.0013
      148.9       0.11056   0.4967 0.0014   0.0481 0.0014   |         0.1411   0.4476 0.0013   0.0279 0.0013
      181.9       0.10652   0.5181 0.0014   0.0652 0.0015   |        0.13767   0.4641 0.0013   0.0397 0.0013
      222.2      0.097724   0.5468 0.0014   0.0945 0.0016   |        0.13064   0.4858 0.0013   0.0585 0.0014
      271.4      0.087557   0.5720 0.0015   0.1238 0.0017   |        0.12334   0.5034 0.0013   0.0759 0.0014
      331.6      0.075207   0.5960 0.0016   0.1533 0.0019   |        0.11493   0.5196 0.0013   0.0929 0.0015
      405.1      0.063218   0.6128 0.0017   0.1759 0.0021   |        0.10739   0.5317 0.0014   0.1062 0.0016
      494.9      0.051615   0.6282 0.0018   0.1954 0.0024   |       0.099719   0.5407 0.0014   0.1149 0.0016
      604.6       0.04331   0.6387 0.0020   0.2095 0.0026   |       0.094214   0.5504 0.0014   0.1253 0.0017
      738.6      0.035892   0.6454 0.0021   0.2189 0.0029   |       0.088774   0.5591 0.0015   0.1347 0.0018
      902.4      0.029387   0.6548 0.0023   0.2330 0.0032   |       0.083097   0.5655 0.0015   0.1393 0.0018
     1102.4      0.024932   0.6633 0.0025   0.2466 0.0035   |       0.077866   0.5737 0.0015   0.1497 0.0019
     1346.8      0.020741   0.6635 0.0028   0.2489 0.0039   |       0.073379   0.5765 0.0016   0.1533 0.0020
     1645.3      0.017276   0.6721 0.0030   0.2579 0.0043   |       0.069039   0.5831 0.0016   0.1597 0.0020
     2010.1       0.01422   0.6805 0.0034   0.2735 0.0048   |       0.065404   0.5883 0.0017   0.1656 0.0021
     2455.6      0.011577   0.6916 0.0035   0.2858 0.0052   |       0.062562   0.5923 0.0017   0.1658 0.0022
     3000.0     0.0096005   0.6981 0.0038   0.2922 0.0057   |       0.060196   0.5994 0.0017   0.1733 0.0022
наибольший шум Q_k по узлам: 0.0057; посчитано за 16.7 с
сайдкар: D:\BqMoni_Claude\p83\qk_new\G1S_denta120_oisn06_066_p24.qk — записан и прочитан обратно

=== G1S_denta120_oisn16_155_p24: G1S_denta120_oisn16_155_p24: кристалл Sodium iodide цилиндр 63.00x63.00 мм, ро 3.667; источник — цилиндр D=70.0 H=33.0 на 0.0 мм, ОИСН-16; матрица phys=18;c5b1137ce58385a22a7aca9d7183bfacf955fe7472d12bd562599c9fed095973
контроль подсмотра (узел 30.0 кэВ, зерно узла): штатный Efficiency = 0.0027447508359184835, мой обход = 0.0027447508359184835 — ДО БИТА
   E, кэВ        ε_пика        Q2     ±       Q4     ±   |   ε_полн(взвеш.)     Q2T     ±      Q4T     ±
       30.0     0.0027448   0.3323 0.0072   0.0044 0.0068   |      0.0028527   0.3225 0.0072   0.0042 0.0067
       36.7     0.0049377   0.3216 0.0060  -0.0008 0.0056   |      0.0069113   0.2984 0.0053  -0.0041 0.0048
       44.8      0.010654   0.3334 0.0043  -0.0071 0.0041   |       0.014521   0.3060 0.0039  -0.0122 0.0036
       54.7       0.02018   0.3523 0.0033  -0.0028 0.0031   |       0.026998   0.3171 0.0030  -0.0092 0.0027
       66.8      0.034707   0.3822 0.0025   0.0023 0.0024   |       0.045674   0.3454 0.0023  -0.0049 0.0021
       81.6      0.052452   0.4060 0.0021   0.0092 0.0019   |       0.068821   0.3610 0.0019  -0.0013 0.0017
       99.7       0.06791   0.4327 0.0018   0.0172 0.0017   |       0.089752   0.3816 0.0017   0.0052 0.0015
      121.8      0.078433   0.4543 0.0017   0.0265 0.0016   |        0.10399   0.3994 0.0015   0.0114 0.0014
      148.9      0.085122   0.4796 0.0016   0.0417 0.0016   |        0.11467   0.4177 0.0015   0.0209 0.0014
      181.9      0.086211   0.5032 0.0015   0.0573 0.0016   |        0.11828   0.4345 0.0014   0.0310 0.0014
      222.2      0.082157   0.5339 0.0015   0.0851 0.0017   |        0.11692   0.4559 0.0014   0.0467 0.0014
      271.4      0.074873   0.5622 0.0016   0.1167 0.0018   |         0.1127   0.4751 0.0014   0.0653 0.0015
      331.6      0.065442   0.5876 0.0017   0.1455 0.0020   |        0.10729   0.4912 0.0014   0.0803 0.0015
      405.1      0.055603   0.6060 0.0018   0.1673 0.0022   |        0.10171   0.5029 0.0014   0.0907 0.0016
      494.9      0.046912   0.6232 0.0019   0.1903 0.0025   |       0.096055   0.5181 0.0015   0.1073 0.0016
      604.6      0.038848   0.6303 0.0021   0.2009 0.0027   |       0.090599   0.5257 0.0015   0.1110 0.0017
      738.6       0.03264   0.6440 0.0022   0.2174 0.0030   |       0.085976   0.5364 0.0015   0.1226 0.0017
      902.4      0.027181   0.6543 0.0024   0.2354 0.0033   |       0.080903   0.5448 0.0015   0.1317 0.0018
     1102.4      0.022666   0.6571 0.0027   0.2380 0.0036   |       0.076669   0.5477 0.0016   0.1299 0.0018
     1346.8      0.019312   0.6624 0.0029   0.2481 0.0040   |       0.072152   0.5592 0.0016   0.1436 0.0019
     1645.3      0.015635   0.6773 0.0031   0.2646 0.0045   |       0.067368   0.5652 0.0017   0.1500 0.0020
     2010.1      0.013416   0.6775 0.0034   0.2691 0.0049   |       0.064635   0.5723 0.0017   0.1554 0.0021
     2455.6      0.011182   0.6832 0.0037   0.2776 0.0053   |       0.061735   0.5722 0.0018   0.1569 0.0021
     3000.0     0.0090304   0.6957 0.0041   0.2967 0.0059   |       0.059701   0.5830 0.0017   0.1629 0.0022
наибольший шум Q_k по узлам: 0.0072; посчитано за 17.0 с
сайдкар: D:\BqMoni_Claude\p83\qk_new\G1S_denta120_oisn16_155_p24.qk — записан и прочитан обратно

=== G1S_denta120_oisn16_160_p24: G1S_denta120_oisn16_160_p24: кристалл Sodium iodide цилиндр 63.00x63.00 мм, ро 3.667; источник — цилиндр D=70.0 H=33.0 на 0.0 мм, ОИСН-16; матрица phys=18;ca43c0279c451748dd34dc0e56aff7437ef1505482755a096f387d7024f7037c
контроль подсмотра (узел 30.0 кэВ, зерно узла): штатный Efficiency = 0.0026693445449408951, мой обход = 0.0026693445449408951 — ДО БИТА
   E, кэВ        ε_пика        Q2     ±       Q4     ±   |   ε_полн(взвеш.)     Q2T     ±      Q4T     ±
       30.0     0.0026693   0.3358 0.0073   0.0074 0.0070   |      0.0027761   0.3253 0.0074   0.0072 0.0069
       36.7      0.004779   0.3231 0.0061  -0.0017 0.0057   |      0.0066832   0.2996 0.0054  -0.0050 0.0049
       44.8      0.010326   0.3292 0.0044  -0.0100 0.0042   |       0.014076   0.3031 0.0040  -0.0141 0.0036
       54.7      0.019627   0.3477 0.0034  -0.0041 0.0031   |       0.026263   0.3126 0.0031  -0.0096 0.0027
       66.8      0.033571   0.3795 0.0026   0.0026 0.0024   |       0.044336   0.3420 0.0024  -0.0041 0.0022
       81.6      0.051222   0.4044 0.0021   0.0086 0.0020   |       0.067457   0.3586 0.0019  -0.0017 0.0017
       99.7       0.06671   0.4308 0.0018   0.0151 0.0017   |       0.088244   0.3797 0.0017   0.0033 0.0015
      121.8      0.077611   0.4526 0.0017   0.0263 0.0017   |        0.10309   0.3979 0.0015   0.0111 0.0015
      148.9      0.084226   0.4778 0.0016   0.0402 0.0016   |        0.11383   0.4149 0.0015   0.0197 0.0014
      181.9       0.08524   0.5036 0.0015   0.0577 0.0016   |        0.11742   0.4333 0.0014   0.0312 0.0014
      222.2      0.081521   0.5316 0.0015   0.0823 0.0017   |        0.11632   0.4531 0.0014   0.0444 0.0014
      271.4      0.074303   0.5619 0.0016   0.1167 0.0019   |         0.1124   0.4734 0.0014   0.0645 0.0015
      331.6      0.065173   0.5863 0.0017   0.1441 0.0020   |        0.10706   0.4899 0.0014   0.0790 0.0015
      405.1      0.055063   0.6088 0.0018   0.1703 0.0022   |         0.1011   0.5040 0.0014   0.0925 0.0016
      494.9      0.046564   0.6211 0.0019   0.1893 0.0025   |       0.095835   0.5157 0.0015   0.1064 0.0016
      604.6      0.038594   0.6303 0.0021   0.2007 0.0027   |        0.09057   0.5229 0.0015   0.1096 0.0017
      738.6      0.032549   0.6421 0.0022   0.2161 0.0030   |       0.085925   0.5349 0.0015   0.1211 0.0017
      902.4      0.026938   0.6535 0.0025   0.2342 0.0033   |       0.080609   0.5431 0.0015   0.1300 0.0018
     1102.4      0.022693   0.6591 0.0027   0.2404 0.0036   |       0.076445   0.5483 0.0016   0.1318 0.0018
     1346.8      0.019297   0.6667 0.0029   0.2520 0.0040   |       0.072213   0.5581 0.0016   0.1441 0.0019
     1645.3      0.015737   0.6767 0.0031   0.2661 0.0044   |       0.067414   0.5634 0.0017   0.1486 0.0020
     2010.1       0.01336   0.6754 0.0034   0.2653 0.0049   |       0.064651   0.5706 0.0017   0.1554 0.0021
     2455.6       0.01119   0.6833 0.0037   0.2795 0.0053   |       0.061635   0.5729 0.0018   0.1570 0.0021
     3000.0     0.0090938   0.6937 0.0041   0.2941 0.0059   |       0.060054   0.5840 0.0017   0.1631 0.0022
наибольший шум Q_k по узлам: 0.0074; посчитано за 16.8 с
сайдкар: D:\BqMoni_Claude\p83\qk_new\G1S_denta120_oisn16_160_p24.qk — записан и прочитан обратно

=== G1S_denta120_oisn16_166_p24: G1S_denta120_oisn16_166_p24: кристалл Sodium iodide цилиндр 63.00x63.00 мм, ро 3.667; источник — цилиндр D=70.0 H=33.0 на 0.0 мм, ОИСН-16; матрица phys=18;063d1d4e16ef88cf2486f3dfc2a3421bada581632e1f08b720f04cde2161165b
контроль подсмотра (узел 30.0 кэВ, зерно узла): штатный Efficiency = 0.0025826468510198488, мой обход = 0.0025826468510198488 — ДО БИТА
   E, кэВ        ε_пика        Q2     ±       Q4     ±   |   ε_полн(взвеш.)     Q2T     ±      Q4T     ±
       30.0     0.0025826   0.3336 0.0075   0.0072 0.0071   |       0.002685   0.3236 0.0075   0.0076 0.0070
       36.7     0.0046226   0.3219 0.0062  -0.0024 0.0057   |       0.006448   0.2987 0.0055  -0.0055 0.0050
       44.8     0.0099268   0.3290 0.0045  -0.0095 0.0042   |       0.013591   0.3018 0.0041  -0.0146 0.0037
       54.7      0.018936   0.3469 0.0034  -0.0032 0.0032   |       0.025329   0.3112 0.0031  -0.0091 0.0028
       66.8      0.032546   0.3783 0.0026   0.0028 0.0025   |        0.04299   0.3397 0.0024  -0.0046 0.0022
       81.6      0.049933   0.4017 0.0021   0.0074 0.0020   |       0.065913   0.3560 0.0020  -0.0031 0.0018
       99.7       0.06525   0.4294 0.0018   0.0149 0.0018   |       0.086533   0.3776 0.0017   0.0033 0.0015
      121.8      0.076228   0.4505 0.0017   0.0258 0.0017   |        0.10159   0.3953 0.0016   0.0104 0.0015
      148.9      0.082859   0.4775 0.0016   0.0401 0.0016   |         0.1124   0.4138 0.0015   0.0201 0.0014
      181.9      0.083874   0.5032 0.0016   0.0587 0.0017   |        0.11612   0.4318 0.0014   0.0321 0.0014
      222.2      0.080676   0.5310 0.0016   0.0816 0.0017   |        0.11551   0.4513 0.0014   0.0434 0.0014
      271.4      0.073459   0.5613 0.0016   0.1171 0.0019   |        0.11162   0.4719 0.0014   0.0649 0.0015
      331.6      0.064447   0.5867 0.0017   0.1448 0.0020   |        0.10637   0.4889 0.0014   0.0782 0.0015
      405.1      0.054905   0.6076 0.0018   0.1692 0.0022   |        0.10091   0.5024 0.0014   0.0922 0.0016
      494.9      0.046295   0.6207 0.0019   0.1889 0.0025   |       0.095669   0.5133 0.0015   0.1047 0.0016
      604.6      0.038236   0.6301 0.0021   0.2028 0.0027   |       0.090122   0.5220 0.0015   0.1111 0.0017
      738.6      0.032274   0.6425 0.0023   0.2178 0.0030   |       0.085537   0.5331 0.0015   0.1212 0.0017
      902.4      0.026681   0.6511 0.0025   0.2328 0.0033   |       0.080204   0.5406 0.0016   0.1291 0.0018
     1102.4      0.022494   0.6557 0.0027   0.2388 0.0037   |       0.076188   0.5474 0.0016   0.1316 0.0018
     1346.8      0.019103   0.6654 0.0029   0.2508 0.0040   |       0.071922   0.5561 0.0016   0.1422 0.0019
     1645.3      0.015482   0.6751 0.0031   0.2638 0.0045   |       0.067264   0.5625 0.0017   0.1476 0.0020
     2010.1      0.013327   0.6750 0.0034   0.2630 0.0049   |       0.064415   0.5703 0.0017   0.1545 0.0020
     2455.6        0.0111   0.6827 0.0037   0.2757 0.0054   |       0.061461   0.5724 0.0018   0.1576 0.0021
     3000.0      0.008937   0.6947 0.0041   0.2944 0.0059   |       0.059697   0.5855 0.0017   0.1651 0.0022
наибольший шум Q_k по узлам: 0.0075; посчитано за 16.4 с
сайдкар: D:\BqMoni_Claude\p83\qk_new\G1S_denta120_oisn16_166_p24.qk — записан и прочитан обратно

=== G1S_denta120_oisn16_167_p24: G1S_denta120_oisn16_167_p24: кристалл Sodium iodide цилиндр 63.00x63.00 мм, ро 3.667; источник — цилиндр D=70.0 H=33.0 на 0.0 мм, ОИСН-16; матрица phys=18;1414a3a76e3ee526979f659effe23135a65b3a298514a2e38a6b754ef16004b7
контроль подсмотра (узел 30.0 кэВ, зерно узла): штатный Efficiency = 0.0025716164445344016, мой обход = 0.0025716164445344016 — ДО БИТА
   E, кэВ        ε_пика        Q2     ±       Q4     ±   |   ε_полн(взвеш.)     Q2T     ±      Q4T     ±
       30.0     0.0025716   0.3328 0.0075   0.0057 0.0071   |      0.0026734   0.3228 0.0075   0.0062 0.0070
       36.7     0.0046093   0.3228 0.0062  -0.0023 0.0058   |      0.0064171   0.2987 0.0055  -0.0058 0.0050
       44.8     0.0099243   0.3291 0.0045  -0.0090 0.0042   |       0.013563   0.3024 0.0041  -0.0137 0.0037
       54.7      0.018853   0.3474 0.0034  -0.0030 0.0032   |       0.025227   0.3112 0.0031  -0.0095 0.0028
       66.8      0.032424   0.3786 0.0026   0.0027 0.0025   |       0.042809   0.3400 0.0024  -0.0043 0.0022
       81.6      0.049789   0.4015 0.0021   0.0077 0.0020   |       0.065685   0.3559 0.0020  -0.0025 0.0018
       99.7      0.064943   0.4294 0.0018   0.0146 0.0018   |       0.086193   0.3773 0.0017   0.0030 0.0015
      121.8      0.075991   0.4505 0.0017   0.0262 0.0017   |        0.10138   0.3949 0.0016   0.0107 0.0015
      148.9      0.082728   0.4779 0.0016   0.0397 0.0016   |        0.11227   0.4142 0.0015   0.0197 0.0014
      181.9      0.083662   0.5032 0.0016   0.0594 0.0017   |        0.11593   0.4317 0.0014   0.0326 0.0014
      222.2      0.080816   0.5298 0.0016   0.0808 0.0017   |        0.11564   0.4508 0.0014   0.0428 0.0014
      271.4      0.073341   0.5609 0.0016   0.1167 0.0019   |        0.11155   0.4719 0.0014   0.0645 0.0015
      331.6      0.064406   0.5865 0.0017   0.1439 0.0020   |        0.10639   0.4886 0.0014   0.0777 0.0015
      405.1      0.054911   0.6072 0.0018   0.1686 0.0022   |        0.10097   0.5022 0.0014   0.0916 0.0016
      494.9      0.046321   0.6205 0.0019   0.1885 0.0025   |       0.095606   0.5139 0.0015   0.1055 0.0016
      604.6      0.038248   0.6302 0.0021   0.2030 0.0027   |        0.09019   0.5212 0.0015   0.1102 0.0017
      738.6      0.032165   0.6423 0.0023   0.2171 0.0030   |       0.085511   0.5327 0.0015   0.1209 0.0017
      902.4      0.026803   0.6502 0.0025   0.2325 0.0033   |        0.08021   0.5406 0.0016   0.1287 0.0018
     1102.4      0.022431   0.6554 0.0027   0.2381 0.0037   |       0.076189   0.5469 0.0016   0.1311 0.0018
     1346.8      0.019124   0.6635 0.0029   0.2485 0.0040   |       0.071925   0.5555 0.0016   0.1407 0.0019
     1645.3      0.015576   0.6756 0.0031   0.2636 0.0044   |        0.06746   0.5632 0.0016   0.1477 0.0020
     2010.1      0.013299   0.6744 0.0034   0.2621 0.0049   |       0.064406   0.5701 0.0017   0.1547 0.0021
     2455.6      0.011102   0.6830 0.0037   0.2765 0.0054   |       0.061462   0.5724 0.0018   0.1570 0.0021
     3000.0     0.0089526   0.6940 0.0041   0.2933 0.0059   |       0.059803   0.5843 0.0017   0.1639 0.0022
наибольший шум Q_k по узлам: 0.0075; посчитано за 17.0 с
сайдкар: D:\BqMoni_Claude\p83\qk_new\G1S_denta120_oisn16_167_p24.qk — записан и прочитан обратно

=== G1S_mar1l_coal_046_p24: G1S_mar1l_coal_046_p24: кристалл Sodium iodide цилиндр 63.00x63.00 мм, ро 3.667; источник — Маринелли D=154.0 Dhole=97.0 H=86.1 на 1.0 мм, Activated charcoal; матрица phys=18;c08e15a4ec048341f718ddad7d801f5b09cfa8796415c9b3f7b8d40c9d7e7009
контроль подсмотра (узел 30.0 кэВ, зерно узла): штатный Efficiency = 0.03115272429352009, мой обход = 0.03115272429352009 — ДО БИТА
   E, кэВ        ε_пика        Q2     ±       Q4     ±   |   ε_полн(взвеш.)     Q2T     ±      Q4T     ±
       30.0      0.031153   0.6826 0.0010   0.2660 0.0014   |       0.032725   0.6705 0.0010   0.2530 0.0014
       36.7      0.034242   0.6788 0.0011   0.2581 0.0015   |       0.048472   0.6586 0.0010   0.2334 0.0013
       44.8      0.043927   0.6787 0.0011   0.2542 0.0015   |       0.060635   0.6547 0.0010   0.2237 0.0013
       54.7       0.05169   0.6757 0.0011   0.2492 0.0014   |       0.069451   0.6498 0.0010   0.2168 0.0013
       66.8      0.057217   0.6761 0.0011   0.2491 0.0014   |       0.074589   0.6490 0.0010   0.2145 0.0012
       81.6      0.061239   0.6800 0.0010   0.2509 0.0014   |       0.077775   0.6516 0.0010   0.2152 0.0012
       99.7      0.063962   0.6810 0.0010   0.2537 0.0014   |       0.079527   0.6529 0.0010   0.2172 0.0012
      121.8      0.065028   0.6866 0.0010   0.2592 0.0013   |       0.080017   0.6592 0.0010   0.2236 0.0012
      148.9      0.065375   0.6951 0.0010   0.2710 0.0013   |       0.080221   0.6671 0.0009   0.2338 0.0012
      181.9      0.063842   0.7065 0.0009   0.2876 0.0014   |       0.079103   0.6752 0.0009   0.2462 0.0013
      222.2      0.059967   0.7190 0.0009   0.3095 0.0014   |       0.076355   0.6845 0.0009   0.2606 0.0013
      271.4      0.054418   0.7347 0.0009   0.3362 0.0015   |       0.072888   0.6970 0.0009   0.2792 0.0013
      331.6      0.047368   0.7482 0.0010   0.3613 0.0016   |       0.068781   0.7053 0.0009   0.2933 0.0013
      405.1      0.039886   0.7583 0.0011   0.3826 0.0017   |       0.064555   0.7122 0.0009   0.3068 0.0014
      494.9      0.033287   0.7665 0.0011   0.3973 0.0019   |       0.060804   0.7179 0.0009   0.3170 0.0014
      604.6      0.027754   0.7734 0.0012   0.4119 0.0021   |       0.057434   0.7248 0.0009   0.3285 0.0014
      738.6      0.022886   0.7777 0.0013   0.4206 0.0023   |       0.054199   0.7275 0.0010   0.3337 0.0015
      902.4       0.01927   0.7811 0.0014   0.4280 0.0025   |       0.051245   0.7308 0.0010   0.3387 0.0015
     1102.4      0.015912   0.7841 0.0016   0.4344 0.0028   |       0.048211   0.7357 0.0010   0.3467 0.0016
     1346.8       0.01338   0.7872 0.0017   0.4398 0.0030   |       0.045609   0.7377 0.0010   0.3497 0.0016
     1645.3      0.011136   0.7907 0.0019   0.4475 0.0034   |        0.04283   0.7397 0.0010   0.3532 0.0017
     2010.1      0.009154   0.7942 0.0020   0.4535 0.0037   |        0.04069   0.7425 0.0011   0.3577 0.0017
     2455.6     0.0076544   0.7972 0.0023   0.4624 0.0041   |       0.038849   0.7466 0.0011   0.3650 0.0017
     3000.0     0.0062404   0.8048 0.0023   0.4761 0.0043   |       0.037956   0.7462 0.0011   0.3638 0.0018
наибольший шум Q_k по узлам: 0.0043; посчитано за 16.3 с
сайдкар: D:\BqMoni_Claude\p83\qk_new\G1S_mar1l_coal_046_p24.qk — записан и прочитан обратно

=== G1S_mar1l_oisn06_055_p16: G1S_mar1l_oisn06_055_p16: кристалл Sodium iodide цилиндр 63.00x63.00 мм, ро 3.667; источник — Маринелли D=154.0 Dhole=97.0 H=86.1 на 1.0 мм, ОИСН-06; матрица phys=18;5fc08aadbfe9cb8b0efcb892353d852e4268c4a871ad417a0d5996ac9106df57
контроль подсмотра (узел 30.0 кэВ, зерно узла): штатный Efficiency = 0.029833614804412392, мой обход = 0.029833614804412392 — ДО БИТА
   E, кэВ        ε_пика        Q2     ±       Q4     ±   |   ε_полн(взвеш.)     Q2T     ±      Q4T     ±
       30.0      0.029834   0.6795 0.0011   0.2629 0.0014   |       0.031399   0.6666 0.0011   0.2493 0.0014
       36.7      0.032625   0.6791 0.0012   0.2591 0.0016   |       0.046421   0.6567 0.0010   0.2329 0.0013
       44.8      0.042394   0.6777 0.0011   0.2545 0.0015   |       0.058898   0.6520 0.0010   0.2223 0.0013
       54.7      0.050065   0.6747 0.0011   0.2494 0.0014   |       0.067697   0.6464 0.0010   0.2146 0.0013
       66.8      0.055485   0.6760 0.0011   0.2503 0.0014   |       0.072905   0.6468 0.0010   0.2139 0.0012
       81.6      0.059713   0.6784 0.0010   0.2504 0.0014   |       0.076353   0.6480 0.0010   0.2124 0.0012
       99.7       0.06221   0.6809 0.0010   0.2530 0.0014   |       0.078065   0.6511 0.0010   0.2153 0.0012
      121.8      0.063761   0.6862 0.0010   0.2577 0.0014   |       0.078986   0.6562 0.0010   0.2203 0.0012
      148.9      0.063637   0.6929 0.0010   0.2680 0.0014   |       0.078805   0.6613 0.0010   0.2277 0.0013
      181.9      0.062197   0.7070 0.0009   0.2880 0.0014   |       0.077551   0.6742 0.0009   0.2443 0.0012
      222.2      0.058717   0.7183 0.0010   0.3092 0.0014   |       0.075357   0.6819 0.0009   0.2584 0.0013
      271.4      0.053314   0.7346 0.0010   0.3375 0.0015   |       0.071954   0.6944 0.0009   0.2777 0.0013
      331.6      0.046764   0.7476 0.0010   0.3611 0.0016   |       0.068483   0.7025 0.0009   0.2915 0.0013
      405.1      0.039169   0.7590 0.0011   0.3844 0.0017   |       0.063897   0.7108 0.0009   0.3074 0.0014
      494.9      0.032663   0.7674 0.0011   0.4003 0.0019   |       0.060128   0.7172 0.0009   0.3166 0.0014
      604.6      0.027204   0.7690 0.0013   0.4044 0.0021   |       0.057096   0.7192 0.0010   0.3204 0.0015
      738.6      0.022506   0.7787 0.0013   0.4224 0.0023   |       0.053694   0.7280 0.0009   0.3342 0.0015
      902.4      0.018879   0.7829 0.0014   0.4321 0.0025   |       0.050871   0.7306 0.0010   0.3395 0.0015
     1102.4      0.015797   0.7879 0.0015   0.4392 0.0027   |       0.048178   0.7338 0.0010   0.3446 0.0016
     1346.8      0.012966   0.7903 0.0017   0.4470 0.0030   |       0.044746   0.7385 0.0010   0.3515 0.0016
     1645.3       0.01083   0.7934 0.0018   0.4516 0.0032   |       0.042539   0.7376 0.0011   0.3521 0.0017
     2010.1     0.0091292   0.7980 0.0020   0.4633 0.0036   |       0.040625   0.7438 0.0010   0.3595 0.0017
     2455.6     0.0074719   0.8016 0.0023   0.4732 0.0040   |       0.038848   0.7447 0.0011   0.3636 0.0018
     3000.0     0.0061309   0.8043 0.0023   0.4746 0.0043   |       0.037616   0.7447 0.0011   0.3624 0.0018
наибольший шум Q_k по узлам: 0.0043; посчитано за 17.0 с
сайдкар: D:\BqMoni_Claude\p83\qk_new\G1S_mar1l_oisn06_055_p16.qk — записан и прочитан обратно

=== G1S_mar1l_oisn06_057_p16: G1S_mar1l_oisn06_057_p16: кристалл Sodium iodide цилиндр 63.00x63.00 мм, ро 3.667; источник — Маринелли D=154.0 Dhole=97.0 H=86.1 на 1.0 мм, ОИСН-06; матрица phys=18;666a6bf7c95db4f67f45d28f38926b60f7fbfc84e6ccc2cf6af8e779a7a551d6
контроль подсмотра (узел 30.0 кэВ, зерно узла): штатный Efficiency = 0.029618678779990349, мой обход = 0.029618678779990349 — ДО БИТА
   E, кэВ        ε_пика        Q2     ±       Q4     ±   |   ε_полн(взвеш.)     Q2T     ±      Q4T     ±
       30.0      0.029619   0.6797 0.0011   0.2631 0.0014   |       0.031177   0.6666 0.0011   0.2494 0.0014
       36.7      0.032569   0.6796 0.0011   0.2594 0.0015   |       0.046339   0.6573 0.0010   0.2330 0.0013
       44.8       0.04225   0.6782 0.0011   0.2554 0.0015   |       0.058664   0.6519 0.0010   0.2230 0.0013
       54.7      0.049844   0.6749 0.0011   0.2496 0.0014   |       0.067428   0.6463 0.0010   0.2144 0.0013
       66.8      0.055234   0.6748 0.0011   0.2484 0.0014   |       0.072589   0.6459 0.0010   0.2120 0.0012
       81.6      0.059351   0.6778 0.0011   0.2494 0.0014   |       0.076022   0.6468 0.0010   0.2110 0.0012
       99.7      0.061963   0.6805 0.0010   0.2527 0.0014   |       0.077792   0.6505 0.0010   0.2147 0.0012
      121.8      0.063562   0.6860 0.0010   0.2582 0.0014   |       0.078822   0.6561 0.0010   0.2208 0.0012
      148.9      0.063406   0.6924 0.0010   0.2672 0.0014   |       0.078592   0.6610 0.0010   0.2269 0.0013
      181.9       0.06201   0.7069 0.0009   0.2875 0.0014   |       0.077479   0.6734 0.0009   0.2436 0.0013
      222.2      0.058361   0.7191 0.0010   0.3102 0.0014   |       0.075054   0.6820 0.0009   0.2586 0.0013
      271.4        0.0533   0.7341 0.0010   0.3366 0.0015   |       0.072015   0.6935 0.0009   0.2760 0.0013
      331.6      0.046438   0.7483 0.0010   0.3625 0.0016   |       0.068111   0.7032 0.0009   0.2928 0.0013
      405.1      0.039009   0.7584 0.0011   0.3831 0.0017   |       0.063822   0.7097 0.0009   0.3060 0.0014
      494.9      0.032735   0.7673 0.0011   0.3995 0.0019   |       0.060168   0.7164 0.0009   0.3156 0.0014
      604.6      0.027059   0.7710 0.0013   0.4089 0.0021   |       0.057037   0.7193 0.0010   0.3213 0.0014
      738.6      0.022394   0.7792 0.0013   0.4238 0.0023   |       0.053569   0.7272 0.0009   0.3334 0.0015
      902.4       0.01884   0.7837 0.0014   0.4331 0.0025   |       0.050786   0.7306 0.0010   0.3392 0.0015
     1102.4      0.015655   0.7894 0.0014   0.4410 0.0026   |       0.048027   0.7346 0.0010   0.3448 0.0015
     1346.8      0.013058   0.7893 0.0017   0.4445 0.0030   |       0.044832   0.7376 0.0010   0.3508 0.0016
     1645.3       0.01079   0.7940 0.0018   0.4520 0.0033   |       0.042442   0.7370 0.0011   0.3512 0.0017
     2010.1     0.0090935   0.7993 0.0020   0.4666 0.0036   |       0.040441   0.7438 0.0010   0.3602 0.0017
     2455.6     0.0074583   0.8034 0.0022   0.4753 0.0039   |       0.038829   0.7436 0.0011   0.3615 0.0018
     3000.0     0.0061805   0.8038 0.0024   0.4767 0.0045   |       0.037665   0.7449 0.0011   0.3622 0.0018
наибольший шум Q_k по узлам: 0.0045; посчитано за 16.3 с
сайдкар: D:\BqMoni_Claude\p83\qk_new\G1S_mar1l_oisn06_057_p16.qk — записан и прочитан обратно

=== G1S_mar1l_oisn06_057_p24: G1S_mar1l_oisn06_057_p24: кристалл Sodium iodide цилиндр 63.00x63.00 мм, ро 3.667; источник — Маринелли D=154.0 Dhole=97.0 H=86.1 на 1.0 мм, ОИСН-06; матрица phys=18;531cc8f6e08c5ad665a8dc765f36df2a66128d419baab0610332917833d1ef34
контроль подсмотра (узел 30.0 кэВ, зерно узла): штатный Efficiency = 0.014169641784225645, мой обход = 0.014169641784225645 — ДО БИТА
   E, кэВ        ε_пика        Q2     ±       Q4     ±   |   ε_полн(взвеш.)     Q2T     ±      Q4T     ±
       30.0       0.01417   0.6543 0.0015   0.2308 0.0020   |       0.014753   0.6445 0.0016   0.2210 0.0020
       36.7       0.02082   0.6621 0.0015   0.2378 0.0019   |       0.029162   0.6436 0.0013   0.2157 0.0016
       44.8      0.032694   0.6650 0.0013   0.2382 0.0016   |       0.044839   0.6427 0.0012   0.2117 0.0014
       54.7       0.04302   0.6697 0.0012   0.2398 0.0015   |       0.057695   0.6436 0.0011   0.2081 0.0013
       66.8      0.050875   0.6736 0.0011   0.2458 0.0014   |       0.066468   0.6446 0.0011   0.2092 0.0013
       81.6      0.056832   0.6748 0.0011   0.2446 0.0014   |       0.072516   0.6451 0.0010   0.2080 0.0013
       99.7      0.060597   0.6799 0.0010   0.2522 0.0014   |       0.075877   0.6503 0.0010   0.2148 0.0013
      121.8      0.062629   0.6853 0.0010   0.2567 0.0014   |       0.077557   0.6552 0.0010   0.2192 0.0012
      148.9      0.063269   0.6919 0.0010   0.2686 0.0014   |       0.078255   0.6610 0.0010   0.2284 0.0013
      181.9      0.061999   0.7059 0.0010   0.2871 0.0014   |       0.077272   0.6736 0.0009   0.2437 0.0013
      222.2       0.05836   0.7194 0.0010   0.3109 0.0014   |       0.075029   0.6822 0.0009   0.2590 0.0013
      271.4      0.053217   0.7345 0.0010   0.3377 0.0015   |       0.071876   0.6938 0.0009   0.2770 0.0013
      331.6      0.046627   0.7481 0.0010   0.3617 0.0016   |       0.068172   0.7035 0.0009   0.2925 0.0013
      405.1      0.039203   0.7587 0.0011   0.3832 0.0017   |       0.064001   0.7097 0.0009   0.3058 0.0014
      494.9      0.032717   0.7670 0.0012   0.3996 0.0019   |       0.060177   0.7167 0.0009   0.3161 0.0014
      604.6      0.027186   0.7699 0.0013   0.4059 0.0021   |       0.057061   0.7191 0.0010   0.3207 0.0015
      738.6      0.022485   0.7797 0.0013   0.4241 0.0023   |       0.053754   0.7277 0.0009   0.3339 0.0015
      902.4      0.018883   0.7829 0.0014   0.4318 0.0025   |       0.050934   0.7299 0.0010   0.3385 0.0015
     1102.4      0.015687   0.7879 0.0015   0.4401 0.0027   |       0.048039   0.7339 0.0010   0.3447 0.0016
     1346.8      0.013008   0.7895 0.0017   0.4454 0.0031   |       0.044728   0.7375 0.0010   0.3507 0.0016
     1645.3      0.010823   0.7931 0.0018   0.4503 0.0032   |       0.042591   0.7369 0.0011   0.3508 0.0017
     2010.1     0.0090929   0.7982 0.0020   0.4641 0.0036   |        0.04059   0.7438 0.0010   0.3602 0.0017
     2455.6     0.0074852   0.8018 0.0022   0.4724 0.0039   |       0.038882   0.7445 0.0011   0.3630 0.0018
     3000.0     0.0061346   0.8023 0.0025   0.4740 0.0045   |       0.037528   0.7447 0.0011   0.3623 0.0018
наибольший шум Q_k по узлам: 0.0045; посчитано за 17.2 с
сайдкар: D:\BqMoni_Claude\p83\qk_new\G1S_mar1l_oisn06_057_p24.qk — записан и прочитан обратно

=== G1S_mar1l_oisn06_062_p16: G1S_mar1l_oisn06_062_p16: кристалл Sodium iodide цилиндр 63.00x63.00 мм, ро 3.667; источник — Маринелли D=154.0 Dhole=97.0 H=86.1 на 1.0 мм, ОИСН-06; матрица phys=18;61379b3b1b44c6a79f0b1fa7a9175a4a7b14c5cdb0ff587d506a5655c5576487
контроль подсмотра (узел 30.0 кэВ, зерно узла): штатный Efficiency = 0.029048988046740668, мой обход = 0.029048988046740668 — ДО БИТА
   E, кэВ        ε_пика        Q2     ±       Q4     ±   |   ε_полн(взвеш.)     Q2T     ±      Q4T     ±
       30.0      0.029049   0.6780 0.0011   0.2602 0.0014   |       0.030593   0.6647 0.0011   0.2462 0.0014
       36.7      0.032178   0.6770 0.0012   0.2560 0.0016   |       0.045811   0.6544 0.0011   0.2292 0.0013
       44.8      0.041763   0.6763 0.0011   0.2533 0.0015   |       0.058011   0.6491 0.0010   0.2205 0.0013
       54.7      0.049466   0.6728 0.0011   0.2470 0.0015   |       0.067033   0.6433 0.0011   0.2110 0.0013
       66.8      0.054573   0.6750 0.0011   0.2489 0.0014   |        0.07198   0.6444 0.0010   0.2112 0.0012
       81.6      0.058629   0.6772 0.0011   0.2486 0.0014   |       0.075468   0.6452 0.0010   0.2089 0.0012
       99.7      0.061318   0.6790 0.0011   0.2515 0.0014   |       0.077248   0.6483 0.0010   0.2128 0.0012
      121.8      0.062795   0.6851 0.0010   0.2573 0.0014   |       0.078219   0.6532 0.0010   0.2184 0.0012
      148.9      0.062705   0.6927 0.0010   0.2677 0.0014   |       0.078034   0.6600 0.0010   0.2263 0.0013
      181.9      0.061236   0.7060 0.0009   0.2866 0.0014   |       0.076932   0.6714 0.0009   0.2411 0.0013
      222.2      0.057938   0.7191 0.0010   0.3097 0.0014   |       0.074732   0.6812 0.0009   0.2573 0.0013
      271.4      0.052867   0.7338 0.0010   0.3363 0.0015   |       0.071768   0.6917 0.0009   0.2738 0.0013
      331.6       0.04616   0.7470 0.0010   0.3606 0.0016   |       0.067888   0.7008 0.0009   0.2899 0.0013
      405.1      0.038743   0.7583 0.0011   0.3829 0.0017   |       0.063569   0.7086 0.0009   0.3039 0.0014
      494.9      0.032406   0.7686 0.0011   0.4022 0.0019   |       0.059916   0.7160 0.0009   0.3157 0.0014
      604.6      0.027114   0.7711 0.0013   0.4083 0.0021   |       0.056953   0.7188 0.0010   0.3205 0.0014
      738.6        0.0223   0.7766 0.0014   0.4197 0.0023   |        0.05351   0.7249 0.0010   0.3295 0.0015
      902.4      0.018691   0.7820 0.0014   0.4293 0.0025   |       0.050521   0.7306 0.0009   0.3379 0.0015
     1102.4       0.01575   0.7879 0.0015   0.4396 0.0027   |       0.047969   0.7330 0.0010   0.3431 0.0016
     1346.8      0.013044   0.7896 0.0016   0.4436 0.0030   |       0.044735   0.7367 0.0010   0.3492 0.0016
     1645.3      0.010737   0.7954 0.0018   0.4554 0.0033   |       0.042437   0.7381 0.0011   0.3534 0.0017
     2010.1     0.0090414   0.7985 0.0020   0.4642 0.0036   |        0.04062   0.7402 0.0011   0.3557 0.0017
     2455.6     0.0075226   0.7992 0.0024   0.4693 0.0040   |       0.038963   0.7436 0.0011   0.3618 0.0018
     3000.0     0.0061556   0.8044 0.0023   0.4754 0.0044   |       0.037543   0.7444 0.0011   0.3617 0.0018
наибольший шум Q_k по узлам: 0.0044; посчитано за 17.1 с
сайдкар: D:\BqMoni_Claude\p83\qk_new\G1S_mar1l_oisn06_062_p16.qk — записан и прочитан обратно

=== G1S_mar1l_oisn06_062_p24: G1S_mar1l_oisn06_062_p24: кристалл Sodium iodide цилиндр 63.00x63.00 мм, ро 3.667; источник — Маринелли D=154.0 Dhole=97.0 H=86.1 на 1.0 мм, ОИСН-06; матрица phys=18;e913e506474f9b5c627df658d61868e6c5cf0f4819dc8a97a2da97ebe48324ed
контроль подсмотра (узел 30.0 кэВ, зерно узла): штатный Efficiency = 0.013337115805320706, мой обход = 0.013337115805320706 — ДО БИТА
   E, кэВ        ε_пика        Q2     ±       Q4     ±   |   ε_полн(взвеш.)     Q2T     ±      Q4T     ±
       30.0      0.013337   0.6497 0.0017   0.2261 0.0021   |       0.013892   0.6399 0.0017   0.2166 0.0020
       36.7      0.019776   0.6596 0.0015   0.2339 0.0019   |       0.027779   0.6411 0.0013   0.2121 0.0016
       44.8      0.031613   0.6641 0.0013   0.2382 0.0017   |       0.043492   0.6418 0.0012   0.2111 0.0015
       54.7      0.041906   0.6695 0.0012   0.2407 0.0015   |       0.056338   0.6424 0.0011   0.2074 0.0014
       66.8      0.050093   0.6725 0.0011   0.2442 0.0015   |       0.065463   0.6434 0.0011   0.2087 0.0013
       81.6      0.056048   0.6738 0.0011   0.2445 0.0014   |       0.071588   0.6440 0.0010   0.2073 0.0013
       99.7        0.0598   0.6795 0.0011   0.2517 0.0014   |       0.075078   0.6495 0.0010   0.2138 0.0013
      121.8       0.06188   0.6862 0.0010   0.2582 0.0014   |       0.076939   0.6550 0.0010   0.2194 0.0012
      148.9      0.062559   0.6920 0.0010   0.2682 0.0014   |       0.077575   0.6606 0.0010   0.2277 0.0013
      181.9      0.061338   0.7052 0.0010   0.2864 0.0014   |       0.076846   0.6714 0.0009   0.2414 0.0013
      222.2      0.057839   0.7190 0.0010   0.3099 0.0014   |       0.074463   0.6816 0.0009   0.2576 0.0013
      271.4      0.052837   0.7335 0.0010   0.3364 0.0015   |       0.071639   0.6922 0.0009   0.2744 0.0013
      331.6       0.04627   0.7469 0.0010   0.3600 0.0016   |       0.067868   0.7014 0.0009   0.2901 0.0013
      405.1      0.038757   0.7588 0.0011   0.3836 0.0017   |       0.063553   0.7093 0.0009   0.3047 0.0014
      494.9      0.032511   0.7686 0.0011   0.4028 0.0019   |       0.060005   0.7165 0.0009   0.3169 0.0014
      604.6      0.026992   0.7723 0.0012   0.4101 0.0021   |       0.056917   0.7196 0.0010   0.3216 0.0014
      738.6      0.022332   0.7767 0.0014   0.4204 0.0023   |       0.053515   0.7250 0.0010   0.3298 0.0015
      902.4      0.018817   0.7800 0.0015   0.4263 0.0025   |       0.050757   0.7281 0.0010   0.3354 0.0015
     1102.4      0.015632   0.7886 0.0015   0.4406 0.0027   |       0.047991   0.7336 0.0010   0.3434 0.0016
     1346.8      0.013013   0.7902 0.0016   0.4448 0.0030   |       0.044713   0.7375 0.0010   0.3500 0.0016
     1645.3      0.010799   0.7937 0.0018   0.4527 0.0033   |       0.042468   0.7368 0.0011   0.3516 0.0017
     2010.1     0.0090775   0.7986 0.0020   0.4644 0.0036   |       0.040654   0.7415 0.0011   0.3573 0.0017
     2455.6     0.0074903   0.7993 0.0024   0.4700 0.0041   |       0.039098   0.7431 0.0011   0.3605 0.0018
     3000.0     0.0062034   0.8057 0.0023   0.4783 0.0044   |       0.037662   0.7450 0.0011   0.3620 0.0018
наибольший шум Q_k по узлам: 0.0044; посчитано за 16.9 с
сайдкар: D:\BqMoni_Claude\p83\qk_new\G1S_mar1l_oisn06_062_p24.qk — записан и прочитан обратно

=== G1S_mar1l_oisn06_064_p24: G1S_mar1l_oisn06_064_p24: кристалл Sodium iodide цилиндр 63.00x63.00 мм, ро 3.667; источник — Маринелли D=154.0 Dhole=97.0 H=86.1 на 1.0 мм, ОИСН-06; матрица phys=18;6af9b67ddc606c7f96bfb5680779cef0c3ffe4c6d1d606b5f9a5184a88226346
контроль подсмотра (узел 30.0 кэВ, зерно узла): штатный Efficiency = 0.013037429836719039, мой обход = 0.013037429836719039 — ДО БИТА
   E, кэВ        ε_пика        Q2     ±       Q4     ±   |   ε_полн(взвеш.)     Q2T     ±      Q4T     ±
       30.0      0.013037   0.6478 0.0017   0.2227 0.0021   |       0.013574   0.6383 0.0017   0.2133 0.0021
       36.7      0.019427   0.6602 0.0015   0.2348 0.0019   |       0.027235   0.6415 0.0013   0.2129 0.0017
       44.8      0.031161   0.6630 0.0013   0.2376 0.0017   |       0.042894   0.6403 0.0012   0.2100 0.0015
       54.7      0.041588   0.6681 0.0012   0.2396 0.0015   |       0.055839   0.6415 0.0011   0.2065 0.0014
       66.8      0.049725   0.6712 0.0011   0.2440 0.0015   |       0.065084   0.6421 0.0011   0.2077 0.0013
       81.6       0.05564   0.6736 0.0011   0.2449 0.0014   |       0.071171   0.6437 0.0010   0.2076 0.0013
       99.7      0.059545   0.6794 0.0011   0.2517 0.0014   |       0.074843   0.6494 0.0010   0.2137 0.0013
      121.8      0.061692   0.6855 0.0010   0.2571 0.0014   |       0.076745   0.6542 0.0010   0.2184 0.0012
      148.9      0.062349   0.6925 0.0010   0.2692 0.0014   |       0.077502   0.6603 0.0010   0.2281 0.0013
      181.9      0.061035   0.7047 0.0010   0.2858 0.0014   |       0.076581   0.6705 0.0009   0.2406 0.0013
      222.2      0.057665   0.7195 0.0010   0.3108 0.0014   |        0.07439   0.6820 0.0009   0.2583 0.0013
      271.4      0.052632   0.7336 0.0010   0.3366 0.0015   |       0.071448   0.6919 0.0009   0.2746 0.0013
      331.6        0.0459   0.7476 0.0010   0.3608 0.0016   |       0.067581   0.7009 0.0009   0.2897 0.0013
      405.1      0.038739   0.7598 0.0011   0.3858 0.0017   |       0.063519   0.7100 0.0009   0.3059 0.0014
      494.9      0.032501   0.7679 0.0012   0.4017 0.0019   |       0.060025   0.7158 0.0010   0.3160 0.0014
      604.6      0.027024   0.7710 0.0012   0.4075 0.0021   |       0.056899   0.7190 0.0010   0.3202 0.0014
      738.6      0.022264   0.7774 0.0014   0.4214 0.0023   |       0.053494   0.7248 0.0010   0.3298 0.0015
      902.4      0.018749   0.7820 0.0014   0.4294 0.0025   |       0.050572   0.7304 0.0010   0.3380 0.0015
     1102.4      0.015696   0.7870 0.0015   0.4377 0.0027   |       0.047788   0.7327 0.0010   0.3423 0.0015
     1346.8       0.01299   0.7895 0.0017   0.4434 0.0030   |       0.044758   0.7362 0.0010   0.3484 0.0016
     1645.3      0.010779   0.7944 0.0018   0.4538 0.0033   |       0.042455   0.7373 0.0011   0.3516 0.0017
     2010.1     0.0089983   0.7980 0.0020   0.4630 0.0036   |       0.040539   0.7398 0.0011   0.3550 0.0017
     2455.6     0.0074378   0.8025 0.0023   0.4747 0.0039   |       0.038948   0.7439 0.0011   0.3619 0.0018
     3000.0     0.0061074   0.8077 0.0022   0.4816 0.0043   |       0.037505   0.7447 0.0011   0.3620 0.0018
наибольший шум Q_k по узлам: 0.0043; посчитано за 16.8 с
сайдкар: D:\BqMoni_Claude\p83\qk_new\G1S_mar1l_oisn06_064_p24.qk — записан и прочитан обратно

=== G1S_mar1l_oisn06_066_p16: G1S_mar1l_oisn06_066_p16: кристалл Sodium iodide цилиндр 63.00x63.00 мм, ро 3.667; источник — Маринелли D=154.0 Dhole=97.0 H=86.1 на 1.0 мм, ОИСН-06; матрица phys=18;51e0570ec29e8e32b8a7ea5bb64443caf3d31db98c9d2b67ae4510aa9985e47a
контроль подсмотра (узел 30.0 кэВ, зерно узла): штатный Efficiency = 0.028658241413000385, мой обход = 0.028658241413000385 — ДО БИТА
   E, кэВ        ε_пика        Q2     ±       Q4     ±   |   ε_полн(взвеш.)     Q2T     ±      Q4T     ±
       30.0      0.028658   0.6765 0.0011   0.2586 0.0015   |       0.030203   0.6627 0.0011   0.2443 0.0014
       36.7      0.031785   0.6763 0.0012   0.2553 0.0016   |       0.045255   0.6532 0.0011   0.2280 0.0013
       44.8      0.041334   0.6745 0.0012   0.2514 0.0015   |       0.057574   0.6468 0.0011   0.2181 0.0013
       54.7      0.048882   0.6715 0.0011   0.2448 0.0015   |       0.066392   0.6412 0.0011   0.2088 0.0013
       66.8      0.054023   0.6750 0.0011   0.2490 0.0014   |       0.071515   0.6426 0.0011   0.2098 0.0013
       81.6      0.058212   0.6754 0.0011   0.2465 0.0014   |       0.074998   0.6430 0.0010   0.2067 0.0012
       99.7      0.060901   0.6796 0.0011   0.2525 0.0014   |       0.076948   0.6481 0.0010   0.2125 0.0012
      121.8      0.062369   0.6852 0.0010   0.2576 0.0014   |       0.077897   0.6532 0.0010   0.2181 0.0012
      148.9      0.062098   0.6934 0.0010   0.2687 0.0014   |       0.077471   0.6602 0.0010   0.2266 0.0013
      181.9      0.061006   0.7052 0.0010   0.2861 0.0014   |       0.076783   0.6700 0.0009   0.2400 0.0013
      222.2       0.05752   0.7196 0.0010   0.3107 0.0014   |       0.074356   0.6812 0.0009   0.2577 0.0013
      271.4      0.052312   0.7335 0.0010   0.3362 0.0015   |        0.07121   0.6908 0.0009   0.2733 0.0013
      331.6      0.045724   0.7486 0.0010   0.3625 0.0016   |       0.067508   0.7003 0.0009   0.2893 0.0013
      405.1       0.03856   0.7596 0.0011   0.3844 0.0017   |       0.063232   0.7089 0.0009   0.3047 0.0014
      494.9      0.032286   0.7684 0.0011   0.4010 0.0019   |       0.059993   0.7147 0.0009   0.3133 0.0014
      604.6      0.026901   0.7704 0.0013   0.4072 0.0021   |       0.056636   0.7180 0.0010   0.3195 0.0014
      738.6      0.022191   0.7748 0.0014   0.4167 0.0023   |       0.053351   0.7245 0.0010   0.3296 0.0015
      902.4      0.018607   0.7821 0.0015   0.4306 0.0025   |       0.050541   0.7284 0.0010   0.3354 0.0015
     1102.4      0.015564   0.7862 0.0016   0.4374 0.0027   |       0.047681   0.7318 0.0010   0.3424 0.0016
     1346.8      0.013008   0.7871 0.0017   0.4410 0.0031   |       0.045015   0.7347 0.0010   0.3467 0.0016
     1645.3      0.010744   0.7927 0.0019   0.4522 0.0033   |       0.042429   0.7362 0.0011   0.3501 0.0017
     2010.1     0.0090658   0.7991 0.0019   0.4640 0.0036   |       0.040618   0.7402 0.0011   0.3561 0.0017
     2455.6     0.0075092   0.7999 0.0024   0.4701 0.0041   |       0.038897   0.7436 0.0011   0.3618 0.0018
     3000.0     0.0061162   0.8053 0.0023   0.4774 0.0044   |       0.037532   0.7442 0.0011   0.3616 0.0018
наибольший шум Q_k по узлам: 0.0044; посчитано за 17.5 с
сайдкар: D:\BqMoni_Claude\p83\qk_new\G1S_mar1l_oisn06_066_p16.qk — записан и прочитан обратно

=== G1S_mar1l_oisn06_066_p24: G1S_mar1l_oisn06_066_p24: кристалл Sodium iodide цилиндр 63.00x63.00 мм, ро 3.667; источник — Маринелли D=154.0 Dhole=97.0 H=86.1 на 1.0 мм, ОИСН-06; матрица phys=18;e83abbaa088bccf78515628a7f350f7d11bd66e21da5f79f2f8805ba703ba8d6
контроль подсмотра (узел 30.0 кэВ, зерно узла): штатный Efficiency = 0.012720411160084922, мой обход = 0.012720411160084922 — ДО БИТА
   E, кэВ        ε_пика        Q2     ±       Q4     ±   |   ε_полн(взвеш.)     Q2T     ±      Q4T     ±
       30.0       0.01272   0.6469 0.0017   0.2221 0.0021   |       0.013255   0.6372 0.0017   0.2126 0.0021
       36.7       0.01908   0.6580 0.0015   0.2327 0.0019   |       0.026764   0.6391 0.0014   0.2106 0.0017
       44.8      0.030746   0.6618 0.0014   0.2356 0.0017   |       0.042312   0.6391 0.0012   0.2076 0.0015
       54.7      0.041001   0.6674 0.0012   0.2385 0.0016   |       0.055128   0.6412 0.0011   0.2059 0.0014
       66.8       0.04929   0.6715 0.0011   0.2441 0.0015   |       0.064523   0.6423 0.0011   0.2079 0.0013
       81.6      0.055412   0.6735 0.0011   0.2440 0.0014   |       0.070922   0.6432 0.0011   0.2069 0.0013
       99.7      0.059214   0.6793 0.0011   0.2517 0.0014   |       0.074521   0.6488 0.0010   0.2136 0.0013
      121.8      0.061264   0.6867 0.0010   0.2584 0.0014   |       0.076294   0.6549 0.0010   0.2194 0.0012
      148.9      0.062106   0.6926 0.0010   0.2693 0.0014   |       0.077304   0.6601 0.0010   0.2281 0.0013
      181.9      0.060938   0.7045 0.0010   0.2854 0.0014   |       0.076546   0.6705 0.0009   0.2401 0.0013
      222.2      0.057462   0.7192 0.0010   0.3108 0.0014   |       0.074189   0.6815 0.0009   0.2581 0.0013
      271.4      0.052422   0.7331 0.0010   0.3352 0.0015   |       0.071278   0.6911 0.0009   0.2734 0.0013
      331.6      0.045912   0.7478 0.0010   0.3614 0.0016   |       0.067643   0.7002 0.0009   0.2896 0.0013
      405.1      0.038477   0.7602 0.0011   0.3857 0.0017   |       0.063261   0.7098 0.0009   0.3054 0.0014
      494.9      0.032429   0.7682 0.0011   0.4018 0.0019   |       0.060055   0.7152 0.0010   0.3151 0.0014
      604.6      0.026841   0.7723 0.0012   0.4102 0.0021   |       0.056618   0.7197 0.0010   0.3215 0.0014
      738.6      0.022272   0.7755 0.0014   0.4181 0.0023   |       0.053395   0.7245 0.0010   0.3298 0.0015
      902.4      0.018673   0.7828 0.0014   0.4308 0.0025   |       0.050593   0.7291 0.0010   0.3359 0.0015
     1102.4      0.015534   0.7881 0.0015   0.4402 0.0027   |        0.04761   0.7323 0.0010   0.3423 0.0016
     1346.8       0.01305   0.7885 0.0017   0.4429 0.0031   |       0.044823   0.7364 0.0010   0.3493 0.0016
     1645.3      0.010839   0.7939 0.0018   0.4527 0.0033   |       0.042582   0.7368 0.0010   0.3505 0.0017
     2010.1     0.0090369   0.7980 0.0020   0.4629 0.0036   |       0.040569   0.7402 0.0011   0.3557 0.0017
     2455.6     0.0074952   0.7997 0.0023   0.4686 0.0040   |       0.038957   0.7438 0.0011   0.3621 0.0018
     3000.0     0.0061452   0.8059 0.0023   0.4785 0.0044   |       0.037562   0.7439 0.0011   0.3607 0.0018
наибольший шум Q_k по узлам: 0.0044; посчитано за 18.1 с
сайдкар: D:\BqMoni_Claude\p83\qk_new\G1S_mar1l_oisn06_066_p24.qk — записан и прочитан обратно

=== G1S_mar1l_oisn16_155_p16: G1S_mar1l_oisn16_155_p16: кристалл Sodium iodide цилиндр 63.00x63.00 мм, ро 3.667; источник — Маринелли D=154.0 Dhole=97.0 H=86.1 на 1.0 мм, ОИСН-16; матрица phys=18;c31f97a5418dcd2d118a68e7dc922ed5bf5e9d2c726ad4d3e95c55e02c5db205
контроль подсмотра (узел 30.0 кэВ, зерно узла): штатный Efficiency = 0.0015888852568504623, мой обход = 0.0015888852568504623 — ДО БИТА
   E, кэВ        ε_пика        Q2     ±       Q4     ±   |   ε_полн(взвеш.)     Q2T     ±      Q4T     ±
       30.0     0.0015889   0.5908 0.0049   0.1487 0.0062   |      0.0016451   0.5823 0.0049   0.1424 0.0061
       36.7       0.00303   0.5807 0.0044   0.1413 0.0052   |      0.0042093   0.5643 0.0040   0.1266 0.0045
       44.8      0.006546   0.6025 0.0030   0.1602 0.0037   |      0.0089154   0.5777 0.0029   0.1361 0.0033
       54.7      0.012903   0.6113 0.0023   0.1724 0.0027   |       0.017043   0.5873 0.0022   0.1458 0.0024
       66.8      0.021524   0.6320 0.0018   0.1927 0.0021   |       0.027911   0.6028 0.0017   0.1613 0.0019
       81.6      0.031817   0.6494 0.0014   0.2132 0.0018   |       0.040671   0.6180 0.0014   0.1778 0.0016
       99.7      0.040216   0.6642 0.0013   0.2319 0.0016   |       0.051185   0.6297 0.0012   0.1928 0.0015
      121.8      0.045896   0.6738 0.0012   0.2427 0.0015   |       0.058456   0.6358 0.0012   0.1991 0.0014
      148.9      0.049882   0.6847 0.0011   0.2575 0.0015   |       0.063977   0.6445 0.0011   0.2101 0.0013
      181.9      0.050777   0.6998 0.0010   0.2780 0.0015   |        0.06601   0.6563 0.0011   0.2250 0.0013
      222.2      0.049123   0.7155 0.0010   0.3041 0.0015   |       0.066046   0.6675 0.0010   0.2416 0.0013
      271.4      0.045886   0.7291 0.0010   0.3287 0.0016   |       0.065027   0.6762 0.0010   0.2559 0.0013
      331.6      0.040681   0.7448 0.0010   0.3559 0.0017   |       0.062524   0.6872 0.0010   0.2729 0.0014
      405.1      0.034737   0.7560 0.0011   0.3777 0.0018   |       0.059404   0.6944 0.0010   0.2855 0.0014
      494.9      0.029194   0.7644 0.0012   0.3935 0.0019   |       0.056386   0.7027 0.0010   0.2981 0.0014
      604.6      0.024495   0.7691 0.0013   0.4035 0.0022   |       0.053815   0.7049 0.0010   0.3023 0.0015
      738.6      0.020644   0.7760 0.0013   0.4163 0.0023   |       0.051289   0.7127 0.0010   0.3139 0.0015
      902.4       0.01707   0.7810 0.0014   0.4258 0.0025   |       0.048704   0.7151 0.0010   0.3181 0.0015
     1102.4      0.014651   0.7823 0.0016   0.4294 0.0028   |       0.046284   0.7194 0.0011   0.3260 0.0016
     1346.8       0.01234   0.7867 0.0018   0.4401 0.0031   |       0.043984   0.7236 0.0011   0.3327 0.0016
     1645.3      0.010186   0.7902 0.0019   0.4466 0.0033   |       0.041365   0.7273 0.0011   0.3388 0.0017
     2010.1     0.0085501   0.7965 0.0020   0.4583 0.0037   |       0.039742   0.7325 0.0011   0.3448 0.0017
     2455.6     0.0070784   0.7985 0.0024   0.4650 0.0041   |       0.038033   0.7346 0.0011   0.3493 0.0018
     3000.0     0.0058977   0.8055 0.0022   0.4768 0.0042   |       0.036893   0.7383 0.0011   0.3550 0.0018
наибольший шум Q_k по узлам: 0.0062; посчитано за 16.9 с
сайдкар: D:\BqMoni_Claude\p83\qk_new\G1S_mar1l_oisn16_155_p16.qk — записан и прочитан обратно

=== G1S_mar1l_oisn16_155_p24: G1S_mar1l_oisn16_155_p24: кристалл Sodium iodide цилиндр 63.00x63.00 мм, ро 3.667; источник — Маринелли D=154.0 Dhole=97.0 H=86.1 на 1.0 мм, ОИСН-16; матрица phys=18;9669e8ef784ecf6c953555a51485ceabeecbd46a696319cba623f5f291a56f50
контроль подсмотра (узел 30.0 кэВ, зерно узла): штатный Efficiency = 0.0014902243342331091, мой обход = 0.0014902243342331091 — ДО БИТА
   E, кэВ        ε_пика        Q2     ±       Q4     ±   |   ε_полн(взвеш.)     Q2T     ±      Q4T     ±
       30.0     0.0014902   0.5862 0.0053   0.1481 0.0066   |       0.001541   0.5782 0.0054   0.1419 0.0065
       36.7     0.0027421   0.5837 0.0045   0.1462 0.0053   |      0.0038182   0.5660 0.0040   0.1276 0.0046
       44.8     0.0060903   0.5955 0.0031   0.1502 0.0038   |      0.0082711   0.5731 0.0030   0.1304 0.0033
       54.7      0.011938   0.6103 0.0023   0.1673 0.0028   |       0.015789   0.5861 0.0022   0.1406 0.0025
       66.8      0.020294   0.6326 0.0018   0.1924 0.0022   |       0.026271   0.6037 0.0017   0.1615 0.0020
       81.6      0.030778   0.6463 0.0015   0.2093 0.0018   |       0.039223   0.6151 0.0014   0.1750 0.0016
       99.7      0.039686   0.6625 0.0013   0.2298 0.0016   |       0.050283   0.6290 0.0013   0.1917 0.0015
      121.8      0.045285   0.6738 0.0012   0.2427 0.0015   |       0.057568   0.6362 0.0012   0.1994 0.0014
      148.9       0.04973   0.6844 0.0011   0.2575 0.0015   |       0.063658   0.6453 0.0011   0.2108 0.0013
      181.9      0.050607   0.6994 0.0010   0.2771 0.0015   |       0.065729   0.6560 0.0011   0.2240 0.0013
      222.2       0.04911   0.7155 0.0010   0.3042 0.0015   |       0.065892   0.6680 0.0010   0.2419 0.0013
      271.4      0.045906   0.7290 0.0010   0.3282 0.0016   |       0.065081   0.6757 0.0010   0.2554 0.0013
      331.6      0.040684   0.7451 0.0010   0.3563 0.0017   |       0.062391   0.6880 0.0010   0.2743 0.0014
      405.1      0.034757   0.7560 0.0011   0.3776 0.0018   |        0.05942   0.6947 0.0010   0.2856 0.0014
      494.9      0.029256   0.7646 0.0012   0.3934 0.0019   |       0.056466   0.7029 0.0010   0.2979 0.0014
      604.6      0.024541   0.7677 0.0013   0.4018 0.0022   |       0.053898   0.7039 0.0010   0.3010 0.0015
      738.6      0.020629   0.7758 0.0013   0.4157 0.0023   |       0.051234   0.7131 0.0010   0.3142 0.0015
      902.4       0.01706   0.7809 0.0015   0.4257 0.0025   |       0.048703   0.7153 0.0010   0.3182 0.0015
     1102.4      0.014618   0.7834 0.0016   0.4317 0.0028   |       0.046244   0.7200 0.0011   0.3269 0.0016
     1346.8      0.012306   0.7874 0.0017   0.4414 0.0031   |       0.043927   0.7240 0.0011   0.3339 0.0016
     1645.3       0.01019   0.7894 0.0019   0.4460 0.0034   |       0.041326   0.7267 0.0011   0.3385 0.0017
     2010.1     0.0085631   0.7964 0.0019   0.4569 0.0037   |        0.03976   0.7322 0.0011   0.3441 0.0017
     2455.6     0.0070959   0.7989 0.0023   0.4653 0.0041   |       0.038051   0.7349 0.0011   0.3496 0.0018
     3000.0     0.0059061   0.8055 0.0022   0.4763 0.0043   |       0.036894   0.7384 0.0011   0.3550 0.0018
наибольший шум Q_k по узлам: 0.0066; посчитано за 17.6 с
сайдкар: D:\BqMoni_Claude\p83\qk_new\G1S_mar1l_oisn16_155_p24.qk — записан и прочитан обратно

=== G1S_mar1l_oisn16_160_p16: G1S_mar1l_oisn16_160_p16: кристалл Sodium iodide цилиндр 63.00x63.00 мм, ро 3.667; источник — Маринелли D=154.0 Dhole=97.0 H=86.1 на 1.0 мм, ОИСН-16; матрица phys=18;b2047933258c9dc22e2adc3c9cc333c4f49bb1206a70e599d02114eb2e4ec709
контроль подсмотра (узел 30.0 кэВ, зерно узла): штатный Efficiency = 0.0015481809750696129, мой обход = 0.0015481809750696129 — ДО БИТА
   E, кэВ        ε_пика        Q2     ±       Q4     ±   |   ε_полн(взвеш.)     Q2T     ±      Q4T     ±
       30.0     0.0015482   0.5877 0.0052   0.1466 0.0063   |      0.0016021   0.5799 0.0052   0.1407 0.0063
       36.7     0.0029615   0.5806 0.0045   0.1414 0.0053   |      0.0041082   0.5629 0.0041   0.1251 0.0046
       44.8     0.0063293   0.6005 0.0031   0.1569 0.0037   |      0.0086165   0.5765 0.0029   0.1343 0.0033
       54.7      0.012548   0.6097 0.0024   0.1713 0.0027   |       0.016568   0.5844 0.0022   0.1438 0.0025
       66.8      0.020949   0.6316 0.0018   0.1919 0.0021   |       0.027174   0.6017 0.0017   0.1602 0.0019
       81.6      0.031296   0.6454 0.0015   0.2090 0.0018   |       0.040052   0.6139 0.0014   0.1742 0.0016
       99.7      0.039716   0.6628 0.0013   0.2304 0.0016   |       0.050581   0.6279 0.0013   0.1918 0.0015
      121.8      0.045238   0.6730 0.0012   0.2414 0.0015   |       0.057779   0.6344 0.0012   0.1972 0.0014
      148.9      0.049276   0.6856 0.0011   0.2585 0.0015   |       0.063306   0.6450 0.0011   0.2109 0.0013
      181.9      0.050371   0.6989 0.0010   0.2764 0.0015   |       0.065625   0.6543 0.0011   0.2228 0.0013
      222.2      0.048656   0.7158 0.0010   0.3045 0.0015   |       0.065514   0.6673 0.0010   0.2416 0.0013
      271.4      0.045526   0.7295 0.0010   0.3285 0.0016   |       0.064645   0.6764 0.0010   0.2553 0.0013
      331.6      0.040465   0.7440 0.0011   0.3546 0.0017   |       0.062317   0.6866 0.0010   0.2720 0.0014
      405.1      0.034577   0.7542 0.0011   0.3748 0.0018   |       0.059237   0.6926 0.0010   0.2826 0.0014
      494.9      0.029104   0.7647 0.0012   0.3937 0.0020   |       0.056257   0.7028 0.0010   0.2977 0.0014
      604.6      0.024267   0.7683 0.0013   0.4020 0.0022   |       0.053471   0.7035 0.0010   0.2998 0.0015
      738.6      0.020518   0.7758 0.0014   0.4159 0.0023   |       0.051041   0.7128 0.0010   0.3136 0.0015
      902.4      0.017039   0.7810 0.0015   0.4261 0.0025   |       0.048591   0.7142 0.0010   0.3169 0.0015
     1102.4       0.01449   0.7835 0.0016   0.4333 0.0029   |       0.046194   0.7192 0.0011   0.3268 0.0016
     1346.8      0.012241   0.7857 0.0018   0.4384 0.0031   |        0.04382   0.7233 0.0011   0.3316 0.0016
     1645.3      0.010203   0.7895 0.0019   0.4451 0.0034   |       0.041335   0.7266 0.0011   0.3376 0.0017
     2010.1     0.0085894   0.7957 0.0020   0.4562 0.0037   |        0.03972   0.7321 0.0011   0.3443 0.0017
     2455.6     0.0071108   0.7960 0.0024   0.4606 0.0041   |       0.038074   0.7338 0.0011   0.3479 0.0018
     3000.0     0.0058662   0.8053 0.0023   0.4781 0.0043   |       0.036793   0.7379 0.0011   0.3542 0.0018
наибольший шум Q_k по узлам: 0.0063; посчитано за 16.3 с
сайдкар: D:\BqMoni_Claude\p83\qk_new\G1S_mar1l_oisn16_160_p16.qk — записан и прочитан обратно

=== G1S_mar1l_oisn16_160_p24: G1S_mar1l_oisn16_160_p24: кристалл Sodium iodide цилиндр 63.00x63.00 мм, ро 3.667; источник — Маринелли D=154.0 Dhole=97.0 H=86.1 на 1.0 мм, ОИСН-16; матрица phys=18;8de08e56f6b54cce68830b529ee67b17ec6ff30ab2ffe5e06a5748ebe61dd445
контроль подсмотра (узел 30.0 кэВ, зерно узла): штатный Efficiency = 0.0014439096463971467, мой обход = 0.0014439096463971467 — ДО БИТА
   E, кэВ        ε_пика        Q2     ±       Q4     ±   |   ε_полн(взвеш.)     Q2T     ±      Q4T     ±
       30.0     0.0014439   0.5894 0.0054   0.1523 0.0067   |      0.0014914   0.5812 0.0054   0.1459 0.0066
       36.7     0.0026661   0.5825 0.0046   0.1470 0.0053   |      0.0037233   0.5648 0.0041   0.1280 0.0046
       44.8     0.0058962   0.5928 0.0032   0.1466 0.0038   |       0.007978   0.5723 0.0030   0.1284 0.0034
       54.7      0.011591   0.6083 0.0024   0.1667 0.0029   |       0.015364   0.5838 0.0023   0.1408 0.0026
       66.8      0.019842   0.6296 0.0018   0.1903 0.0022   |       0.025693   0.6010 0.0018   0.1596 0.0020
       81.6      0.030159   0.6459 0.0015   0.2093 0.0018   |       0.038406   0.6149 0.0014   0.1749 0.0017
       99.7      0.039061   0.6611 0.0013   0.2264 0.0016   |       0.049482   0.6281 0.0013   0.1887 0.0015
      121.8      0.044747   0.6735 0.0012   0.2412 0.0015   |       0.056975   0.6354 0.0012   0.1980 0.0014
      148.9      0.049125   0.6842 0.0011   0.2576 0.0015   |       0.063012   0.6442 0.0011   0.2104 0.0014
      181.9      0.050162   0.6989 0.0010   0.2757 0.0015   |       0.065306   0.6547 0.0011   0.2221 0.0013
      222.2      0.048683   0.7161 0.0010   0.3046 0.0015   |       0.065416   0.6679 0.0010   0.2418 0.0013
      271.4      0.045434   0.7298 0.0010   0.3290 0.0016   |       0.064631   0.6757 0.0010   0.2550 0.0013
      331.6       0.04051   0.7439 0.0010   0.3542 0.0017   |       0.062273   0.6868 0.0010   0.2721 0.0014
      405.1      0.034662   0.7547 0.0011   0.3755 0.0018   |       0.059302   0.6931 0.0010   0.2831 0.0014
      494.9       0.02914   0.7649 0.0012   0.3939 0.0020   |       0.056265   0.7032 0.0010   0.2981 0.0014
      604.6      0.024391   0.7690 0.0013   0.4030 0.0022   |       0.053626   0.7039 0.0010   0.3002 0.0015
      738.6      0.020582   0.7756 0.0014   0.4156 0.0023   |       0.050933   0.7134 0.0010   0.3144 0.0015
      902.4      0.017052   0.7812 0.0015   0.4264 0.0025   |       0.048638   0.7147 0.0010   0.3169 0.0015
     1102.4      0.014489   0.7837 0.0016   0.4332 0.0028   |       0.046215   0.7195 0.0011   0.3267 0.0016
     1346.8      0.012279   0.7869 0.0018   0.4408 0.0031   |       0.043825   0.7239 0.0011   0.3323 0.0016
     1645.3      0.010203   0.7895 0.0019   0.4452 0.0034   |       0.041338   0.7265 0.0011   0.3378 0.0017
     2010.1     0.0086318   0.7959 0.0019   0.4565 0.0037   |       0.039774   0.7319 0.0011   0.3442 0.0017
     2455.6     0.0071106   0.7964 0.0024   0.4611 0.0041   |       0.038073   0.7340 0.0011   0.3479 0.0018
     3000.0     0.0058625   0.8050 0.0023   0.4772 0.0043   |       0.036836   0.7382 0.0011   0.3545 0.0018
наибольший шум Q_k по узлам: 0.0067; посчитано за 16.3 с
сайдкар: D:\BqMoni_Claude\p83\qk_new\G1S_mar1l_oisn16_160_p24.qk — записан и прочитан обратно

=== G1S_mar1l_oisn16_166_p16: G1S_mar1l_oisn16_166_p16: кристалл Sodium iodide цилиндр 63.00x63.00 мм, ро 3.667; источник — Маринелли D=154.0 Dhole=97.0 H=86.1 на 1.0 мм, ОИСН-16; матрица phys=18;a4273f022fc9ab8f14bffdce2eb346f10866c4a28dc95d4bdd08c805ee1b6b79
контроль подсмотра (узел 30.0 кэВ, зерно узла): штатный Efficiency = 0.0014818195599858998, мой обход = 0.0014818195599858998 — ДО БИТА
   E, кэВ        ε_пика        Q2     ±       Q4     ±   |   ε_полн(взвеш.)     Q2T     ±      Q4T     ±
       30.0     0.0014818   0.5878 0.0052   0.1464 0.0064   |      0.0015333   0.5802 0.0052   0.1409 0.0063
       36.7     0.0028721   0.5803 0.0046   0.1420 0.0054   |      0.0039724   0.5647 0.0041   0.1275 0.0047
       44.8     0.0060933   0.6011 0.0031   0.1573 0.0038   |      0.0083017   0.5777 0.0029   0.1352 0.0033
       54.7      0.012107   0.6076 0.0024   0.1693 0.0028   |       0.016019   0.5816 0.0023   0.1406 0.0025
       66.8      0.020291   0.6293 0.0018   0.1883 0.0021   |       0.026341   0.5994 0.0018   0.1577 0.0019
       81.6      0.030476   0.6456 0.0015   0.2096 0.0018   |       0.039023   0.6136 0.0014   0.1741 0.0016
       99.7      0.038987   0.6612 0.0013   0.2281 0.0016   |       0.049602   0.6265 0.0013   0.1895 0.0015
      121.8      0.044611   0.6730 0.0012   0.2409 0.0015   |        0.05703   0.6339 0.0012   0.1966 0.0014
      148.9      0.048817   0.6844 0.0011   0.2577 0.0015   |       0.062843   0.6429 0.0011   0.2093 0.0014
      181.9      0.049765   0.6971 0.0011   0.2742 0.0015   |       0.065006   0.6526 0.0011   0.2204 0.0013
      222.2      0.048349   0.7142 0.0011   0.3028 0.0015   |       0.065176   0.6658 0.0011   0.2399 0.0013
      271.4      0.045084   0.7292 0.0010   0.3288 0.0016   |       0.064162   0.6754 0.0010   0.2549 0.0013
      331.6       0.04012   0.7443 0.0011   0.3550 0.0017   |       0.061928   0.6863 0.0010   0.2719 0.0014
      405.1      0.034239   0.7551 0.0011   0.3761 0.0018   |       0.058915   0.6920 0.0010   0.2821 0.0014
      494.9      0.028895   0.7636 0.0012   0.3916 0.0020   |       0.055939   0.7012 0.0010   0.2949 0.0014
      604.6      0.024151   0.7697 0.0013   0.4045 0.0022   |       0.053286   0.7047 0.0010   0.3022 0.0015
      738.6      0.020416   0.7766 0.0013   0.4172 0.0023   |       0.051017   0.7108 0.0010   0.3115 0.0015
      902.4      0.016989   0.7812 0.0015   0.4267 0.0026   |       0.048517   0.7147 0.0010   0.3182 0.0015
     1102.4      0.014489   0.7840 0.0016   0.4342 0.0028   |       0.045969   0.7186 0.0011   0.3257 0.0016
     1346.8      0.012155   0.7858 0.0018   0.4374 0.0031   |       0.043752   0.7227 0.0011   0.3306 0.0016
     1645.3      0.010209   0.7902 0.0019   0.4465 0.0034   |       0.041414   0.7256 0.0011   0.3366 0.0017
     2010.1     0.0086178   0.7948 0.0020   0.4550 0.0036   |       0.039768   0.7320 0.0011   0.3451 0.0017
     2455.6     0.0071261   0.7975 0.0024   0.4646 0.0042   |       0.038061   0.7356 0.0011   0.3502 0.0018
     3000.0     0.0058579   0.8046 0.0025   0.4785 0.0044   |       0.036886   0.7365 0.0012   0.3526 0.0018
наибольший шум Q_k по узлам: 0.0064; посчитано за 16.1 с
сайдкар: D:\BqMoni_Claude\p83\qk_new\G1S_mar1l_oisn16_166_p16.qk — записан и прочитан обратно

=== G1S_mar1l_oisn16_166_p24: G1S_mar1l_oisn16_166_p24: кристалл Sodium iodide цилиндр 63.00x63.00 мм, ро 3.667; источник — Маринелли D=154.0 Dhole=97.0 H=86.1 на 1.0 мм, ОИСН-16; матрица phys=18;98d43ded97ff2baa0d33b79a696fa4fc8e4544324715ccbe240194e6c19e635e
контроль подсмотра (узел 30.0 кэВ, зерно узла): штатный Efficiency = 0.0013990420580552094, мой обход = 0.0013990420580552094 — ДО БИТА
   E, кэВ        ε_пика        Q2     ±       Q4     ±   |   ε_полн(взвеш.)     Q2T     ±      Q4T     ±
       30.0      0.001399   0.5901 0.0055   0.1546 0.0068   |      0.0014436   0.5821 0.0055   0.1485 0.0067
       36.7     0.0025712   0.5812 0.0048   0.1442 0.0054   |      0.0035715   0.5664 0.0042   0.1280 0.0047
       44.8     0.0057422   0.5900 0.0033   0.1432 0.0039   |      0.0077535   0.5706 0.0031   0.1253 0.0035
       54.7      0.011203   0.6058 0.0025   0.1641 0.0029   |        0.01485   0.5810 0.0023   0.1377 0.0026
       66.8      0.019297   0.6258 0.0019   0.1866 0.0022   |       0.024957   0.5971 0.0018   0.1555 0.0020
       81.6      0.029338   0.6444 0.0015   0.2069 0.0018   |       0.037493   0.6129 0.0015   0.1721 0.0017
       99.7      0.038035   0.6601 0.0013   0.2261 0.0016   |       0.048338   0.6256 0.0013   0.1872 0.0015
      121.8       0.04403   0.6745 0.0012   0.2418 0.0015   |       0.056182   0.6364 0.0012   0.1983 0.0014
      148.9      0.048532   0.6830 0.0011   0.2556 0.0015   |        0.06238   0.6428 0.0011   0.2080 0.0014
      181.9      0.049524   0.6974 0.0011   0.2743 0.0015   |        0.06462   0.6539 0.0011   0.2210 0.0013
      222.2      0.048332   0.7147 0.0010   0.3035 0.0015   |        0.06514   0.6660 0.0010   0.2402 0.0013
      271.4      0.044998   0.7297 0.0010   0.3287 0.0016   |       0.064092   0.6754 0.0010   0.2549 0.0013
      331.6      0.040161   0.7444 0.0010   0.3550 0.0017   |       0.061882   0.6868 0.0010   0.2723 0.0014
      405.1      0.034375   0.7542 0.0011   0.3742 0.0018   |       0.059003   0.6918 0.0010   0.2815 0.0014
      494.9      0.028876   0.7631 0.0012   0.3908 0.0020   |       0.055896   0.7013 0.0010   0.2946 0.0014
      604.6      0.024181   0.7700 0.0013   0.4047 0.0021   |       0.053294   0.7046 0.0010   0.3020 0.0015
      738.6      0.020431   0.7758 0.0014   0.4163 0.0023   |       0.051004   0.7109 0.0010   0.3117 0.0015
      902.4      0.016943   0.7806 0.0015   0.4261 0.0026   |       0.048436   0.7140 0.0011   0.3176 0.0015
     1102.4      0.014481   0.7830 0.0017   0.4338 0.0029   |       0.046016   0.7181 0.0011   0.3258 0.0016
     1346.8      0.012167   0.7863 0.0018   0.4384 0.0031   |       0.043775   0.7226 0.0011   0.3304 0.0016
     1645.3      0.010166   0.7905 0.0019   0.4471 0.0034   |       0.041336   0.7254 0.0011   0.3369 0.0017
     2010.1     0.0086241   0.7940 0.0020   0.4538 0.0037   |       0.039791   0.7318 0.0011   0.3447 0.0017
     2455.6     0.0071301   0.7969 0.0025   0.4637 0.0042   |        0.03811   0.7349 0.0011   0.3500 0.0018
     3000.0     0.0058708   0.8048 0.0024   0.4780 0.0044   |       0.036837   0.7368 0.0012   0.3529 0.0018
наибольший шум Q_k по узлам: 0.0068; посчитано за 15.2 с
сайдкар: D:\BqMoni_Claude\p83\qk_new\G1S_mar1l_oisn16_166_p24.qk — записан и прочитан обратно

=== G1S_mar1l_oisn16_167_p16: G1S_mar1l_oisn16_167_p16: кристалл Sodium iodide цилиндр 63.00x63.00 мм, ро 3.667; источник — Маринелли D=154.0 Dhole=97.0 H=86.1 на 1.0 мм, ОИСН-16; матрица phys=18;e388f7548275cb33da7774c80571f18f2d7ddba82d4cabf2ebda8395564160b8
контроль подсмотра (узел 30.0 кэВ, зерно узла): штатный Efficiency = 0.0014690149062467311, мой обход = 0.0014690149062467311 — ДО БИТА
   E, кэВ        ε_пика        Q2     ±       Q4     ±   |   ε_полн(взвеш.)     Q2T     ±      Q4T     ±
       30.0      0.001469   0.5896 0.0051   0.1480 0.0064   |      0.0015197   0.5821 0.0051   0.1428 0.0064
       36.7     0.0028598   0.5817 0.0047   0.1447 0.0054   |      0.0039542   0.5656 0.0041   0.1292 0.0047
       44.8     0.0060593   0.6013 0.0031   0.1567 0.0038   |      0.0082551   0.5771 0.0029   0.1343 0.0033
       54.7      0.012001   0.6088 0.0024   0.1707 0.0028   |        0.01587   0.5826 0.0023   0.1418 0.0025
       66.8      0.020232   0.6282 0.0018   0.1873 0.0022   |       0.026258   0.5988 0.0018   0.1569 0.0020
       81.6      0.030327   0.6450 0.0015   0.2084 0.0018   |       0.038817   0.6129 0.0014   0.1730 0.0016
       99.7       0.03876   0.6615 0.0013   0.2282 0.0016   |       0.049361   0.6267 0.0013   0.1895 0.0015
      121.8      0.044525   0.6730 0.0012   0.2409 0.0015   |       0.056926   0.6340 0.0012   0.1967 0.0014
      148.9      0.048677   0.6843 0.0011   0.2578 0.0015   |         0.0627   0.6428 0.0011   0.2091 0.0014
      181.9      0.049682   0.6967 0.0011   0.2735 0.0015   |       0.064921   0.6523 0.0011   0.2198 0.0013
      222.2      0.048274   0.7140 0.0011   0.3023 0.0015   |       0.065141   0.6655 0.0010   0.2392 0.0013
      271.4      0.045033   0.7294 0.0010   0.3284 0.0016   |       0.064145   0.6752 0.0010   0.2544 0.0013
      331.6      0.039987   0.7443 0.0011   0.3549 0.0017   |       0.061831   0.6857 0.0010   0.2711 0.0014
      405.1      0.034336   0.7542 0.0011   0.3751 0.0018   |       0.058933   0.6917 0.0010   0.2817 0.0014
      494.9      0.028869   0.7631 0.0012   0.3907 0.0020   |       0.055945   0.7007 0.0010   0.2940 0.0014
      604.6      0.024157   0.7702 0.0013   0.4052 0.0022   |       0.053295   0.7046 0.0010   0.3015 0.0015
      738.6      0.020351   0.7770 0.0013   0.4179 0.0023   |       0.050915   0.7112 0.0010   0.3120 0.0015
      902.4      0.016947   0.7806 0.0015   0.4251 0.0025   |       0.048494   0.7139 0.0010   0.3170 0.0015
     1102.4      0.014441   0.7845 0.0016   0.4350 0.0028   |       0.045988   0.7186 0.0011   0.3256 0.0016
     1346.8      0.012108   0.7861 0.0018   0.4385 0.0031   |       0.043732   0.7225 0.0011   0.3302 0.0016
     1645.3       0.01019   0.7898 0.0019   0.4459 0.0034   |       0.041393   0.7255 0.0011   0.3367 0.0017
     2010.1     0.0085692   0.7959 0.0020   0.4574 0.0036   |       0.039694   0.7318 0.0011   0.3450 0.0017
     2455.6     0.0070879   0.7984 0.0024   0.4656 0.0042   |       0.038067   0.7356 0.0011   0.3502 0.0018
     3000.0      0.005916   0.8033 0.0025   0.4757 0.0044   |       0.036872   0.7361 0.0012   0.3514 0.0018
наибольший шум Q_k по узлам: 0.0064; посчитано за 14.6 с
сайдкар: D:\BqMoni_Claude\p83\qk_new\G1S_mar1l_oisn16_167_p16.qk — записан и прочитан обратно

=== G1S_mar1l_oisn16_167_p24: G1S_mar1l_oisn16_167_p24: кристалл Sodium iodide цилиндр 63.00x63.00 мм, ро 3.667; источник — Маринелли D=154.0 Dhole=97.0 H=86.1 на 1.0 мм, ОИСН-16; матрица phys=18;04bc2f7baa4074169335dfd5d35a565820a2465818c6234c7dddd8375118f8a1
контроль подсмотра (узел 30.0 кэВ, зерно узла): штатный Efficiency = 0.0013868333199934871, мой обход = 0.0013868333199934871 — ДО БИТА
   E, кэВ        ε_пика        Q2     ±       Q4     ±   |   ε_полн(взвеш.)     Q2T     ±      Q4T     ±
       30.0     0.0013868   0.5907 0.0054   0.1545 0.0068   |      0.0014312   0.5829 0.0055   0.1483 0.0067
       36.7     0.0025637   0.5815 0.0048   0.1445 0.0055   |      0.0035566   0.5667 0.0042   0.1282 0.0048
       44.8     0.0057197   0.5897 0.0034   0.1433 0.0039   |      0.0077315   0.5702 0.0031   0.1254 0.0035
       54.7      0.011158   0.6053 0.0025   0.1638 0.0029   |       0.014793   0.5805 0.0023   0.1374 0.0026
       66.8      0.019235   0.6262 0.0019   0.1866 0.0022   |       0.024839   0.5975 0.0018   0.1556 0.0020
       81.6       0.02928   0.6441 0.0015   0.2069 0.0018   |       0.037414   0.6131 0.0015   0.1727 0.0017
       99.7       0.03791   0.6600 0.0013   0.2263 0.0017   |       0.048197   0.6252 0.0013   0.1871 0.0015
      121.8      0.043907   0.6741 0.0012   0.2418 0.0015   |       0.056039   0.6357 0.0012   0.1980 0.0014
      148.9      0.048396   0.6832 0.0011   0.2559 0.0015   |       0.062231   0.6433 0.0011   0.2084 0.0014
      181.9      0.049472   0.6976 0.0011   0.2744 0.0015   |       0.064548   0.6539 0.0011   0.2210 0.0013
      222.2      0.048297   0.7151 0.0011   0.3047 0.0015   |       0.065078   0.6663 0.0010   0.2411 0.0013
      271.4      0.044952   0.7291 0.0010   0.3278 0.0016   |       0.064021   0.6748 0.0010   0.2542 0.0013
      331.6       0.04004   0.7447 0.0010   0.3553 0.0017   |        0.06181   0.6867 0.0010   0.2720 0.0014
      405.1      0.034328   0.7542 0.0011   0.3749 0.0018   |        0.05891   0.6920 0.0010   0.2818 0.0014
      494.9      0.028934   0.7634 0.0012   0.3912 0.0020   |       0.056002   0.7011 0.0010   0.2944 0.0014
      604.6      0.024147   0.7700 0.0013   0.4054 0.0022   |        0.05325   0.7051 0.0010   0.3027 0.0015
      738.6      0.020419   0.7761 0.0013   0.4161 0.0023   |       0.051016   0.7106 0.0010   0.3113 0.0015
      902.4      0.016976   0.7812 0.0015   0.4267 0.0026   |       0.048454   0.7148 0.0010   0.3180 0.0015
     1102.4      0.014475   0.7851 0.0016   0.4365 0.0028   |        0.04599   0.7189 0.0011   0.3264 0.0016
     1346.8      0.012133   0.7861 0.0018   0.4381 0.0031   |       0.043761   0.7225 0.0011   0.3307 0.0016
     1645.3      0.010224   0.7903 0.0019   0.4466 0.0034   |       0.041409   0.7258 0.0011   0.3367 0.0017
     2010.1     0.0086391   0.7949 0.0020   0.4557 0.0036   |       0.039769   0.7323 0.0011   0.3456 0.0017
     2455.6     0.0071036   0.7991 0.0024   0.4673 0.0041   |       0.038049   0.7361 0.0011   0.3514 0.0018
     3000.0     0.0058948   0.8041 0.0025   0.4772 0.0044   |       0.036875   0.7361 0.0012   0.3517 0.0018
наибольший шум Q_k по узлам: 0.0068; посчитано за 14.4 с
сайдкар: D:\BqMoni_Claude\p83\qk_new\G1S_mar1l_oisn16_167_p24.qk — записан и прочитан обратно

=== G1S_mar1l_risn379_100_p16: G1S_mar1l_risn379_100_p16: кристалл Sodium iodide цилиндр 63.00x63.00 мм, ро 3.667; источник — Маринелли D=154.0 Dhole=97.0 H=86.1 на 1.0 мм, РИСН-379; матрица phys=18;8566d1907c44f80318cf05876a510b46eadaf7767f0f37662fd0163bf99ec6ae
контроль подсмотра (узел 30.0 кэВ, зерно узла): штатный Efficiency = 0.011630765150274303, мой обход = 0.011630765150274303 — ДО БИТА
   E, кэВ        ε_пика        Q2     ±       Q4     ±   |   ε_полн(взвеш.)     Q2T     ±      Q4T     ±
       30.0      0.011631   0.6434 0.0017   0.2161 0.0022   |       0.012145   0.6326 0.0017   0.2063 0.0021
       36.7      0.017748   0.6512 0.0016   0.2217 0.0020   |       0.024995   0.6297 0.0014   0.1989 0.0017
       44.8      0.028581   0.6575 0.0014   0.2274 0.0017   |       0.039509   0.6317 0.0012   0.1975 0.0015
       54.7      0.038707   0.6650 0.0012   0.2363 0.0016   |       0.052396   0.6344 0.0012   0.2006 0.0014
       66.8      0.045849   0.6688 0.0012   0.2413 0.0015   |       0.060855   0.6346 0.0011   0.2014 0.0013
       81.6       0.05207   0.6708 0.0011   0.2414 0.0014   |       0.067658   0.6364 0.0011   0.2001 0.0013
       99.7      0.055512   0.6753 0.0011   0.2465 0.0014   |       0.071082   0.6397 0.0011   0.2044 0.0013
      121.8      0.057711   0.6811 0.0010   0.2518 0.0014   |       0.073186   0.6437 0.0011   0.2083 0.0013
      148.9      0.058491   0.6902 0.0010   0.2656 0.0014   |       0.074244   0.6527 0.0010   0.2199 0.0013
      181.9      0.057383   0.7020 0.0010   0.2814 0.0014   |       0.073445   0.6624 0.0010   0.2316 0.0013
      222.2        0.0543   0.7185 0.0010   0.3096 0.0015   |       0.071566   0.6752 0.0010   0.2514 0.0013
      271.4      0.049726   0.7323 0.0010   0.3343 0.0015   |       0.068982   0.6839 0.0010   0.2662 0.0013
      331.6       0.04396   0.7454 0.0010   0.3579 0.0016   |       0.065946   0.6931 0.0010   0.2807 0.0014
      405.1      0.037002   0.7578 0.0011   0.3826 0.0018   |       0.061949   0.7022 0.0010   0.2964 0.0014
      494.9      0.031236   0.7653 0.0012   0.3960 0.0019   |       0.058757   0.7084 0.0010   0.3044 0.0014
      604.6      0.025839   0.7716 0.0012   0.4082 0.0021   |       0.055525   0.7119 0.0010   0.3121 0.0014
      738.6      0.021739   0.7760 0.0013   0.4162 0.0023   |       0.052906   0.7184 0.0010   0.3215 0.0015
      902.4      0.018017   0.7819 0.0014   0.4284 0.0025   |       0.050034   0.7234 0.0010   0.3287 0.0015
     1102.4      0.015194   0.7865 0.0015   0.4382 0.0027   |        0.04723   0.7270 0.0010   0.3366 0.0016
     1346.8      0.012785   0.7861 0.0017   0.4388 0.0031   |       0.044684   0.7304 0.0010   0.3412 0.0016
     1645.3      0.010526   0.7928 0.0017   0.4490 0.0032   |       0.042155   0.7338 0.0011   0.3476 0.0017
     2010.1     0.0089833   0.7958 0.0020   0.4577 0.0035   |       0.040591   0.7376 0.0011   0.3523 0.0017
     2455.6     0.0074169   0.8013 0.0023   0.4718 0.0040   |       0.038783   0.7400 0.0011   0.3569 0.0018
     3000.0     0.0059577   0.8037 0.0024   0.4755 0.0043   |       0.037334   0.7399 0.0012   0.3569 0.0018
наибольший шум Q_k по узлам: 0.0043; посчитано за 11.5 с
сайдкар: D:\BqMoni_Claude\p83\qk_new\G1S_mar1l_risn379_100_p16.qk — записан и прочитан обратно

=== G1S_petri60_oisn06_057_p24: G1S_petri60_oisn06_057_p24: кристалл Sodium iodide цилиндр 63.00x63.00 мм, ро 3.667; источник — цилиндр D=89.4 H=10.0 на 0.0 мм, ОИСН-06; матрица phys=18;399068bb0682ee620611fe8b588b1de70369b0d9bde9b825bba6295c22c0a6eb
контроль подсмотра (узел 30.0 кэВ, зерно узла): штатный Efficiency = 0.043139906172851093, мой обход = 0.043139906172851093 — ДО БИТА
   E, кэВ        ε_пика        Q2     ±       Q4     ±   |   ε_полн(взвеш.)     Q2T     ±      Q4T     ±
       30.0       0.04314   0.4144 0.0018   0.0379 0.0018   |       0.045627   0.3985 0.0017   0.0341 0.0017
       36.7      0.056353   0.4005 0.0018   0.0255 0.0018   |       0.081404   0.3733 0.0016   0.0176 0.0015
       44.8      0.081316   0.4006 0.0017   0.0197 0.0017   |        0.11586   0.3632 0.0015   0.0081 0.0014
       54.7        0.1021   0.3960 0.0016   0.0098 0.0016   |        0.14222   0.3544 0.0014  -0.0037 0.0013
       66.8       0.11716   0.3966 0.0016   0.0061 0.0015   |        0.15906   0.3514 0.0014  -0.0084 0.0013
       81.6       0.12931   0.3981 0.0015   0.0036 0.0015   |        0.17113   0.3510 0.0014  -0.0117 0.0013
       99.7        0.1363   0.4020 0.0015  -0.0014 0.0014   |        0.17674   0.3536 0.0013  -0.0169 0.0012
      121.8       0.13938   0.4141 0.0015   0.0033 0.0014   |        0.17821   0.3659 0.0013  -0.0131 0.0013
      148.9       0.13889   0.4293 0.0015   0.0076 0.0015   |        0.17733   0.3776 0.0013  -0.0098 0.0013
      181.9       0.13377   0.4530 0.0014   0.0173 0.0015   |        0.17259   0.3968 0.0013  -0.0044 0.0013
      222.2       0.12402   0.4818 0.0015   0.0386 0.0016   |        0.16459   0.4182 0.0013   0.0088 0.0014
      271.4       0.11117   0.5112 0.0015   0.0622 0.0017   |        0.15554   0.4390 0.0013   0.0220 0.0014
      331.6       0.09612   0.5377 0.0016   0.0898 0.0019   |        0.14566   0.4570 0.0014   0.0381 0.0015
      405.1      0.080728   0.5599 0.0017   0.1122 0.0021   |        0.13698   0.4712 0.0014   0.0494 0.0016
      494.9      0.066851   0.5719 0.0019   0.1258 0.0023   |        0.12777   0.4800 0.0014   0.0543 0.0016
      604.6      0.054739   0.5870 0.0020   0.1432 0.0026   |        0.11948   0.4921 0.0015   0.0659 0.0017
      738.6      0.045624   0.5937 0.0022   0.1541 0.0029   |        0.11209   0.5021 0.0015   0.0763 0.0017
      902.4      0.037904   0.6034 0.0024   0.1686 0.0032   |        0.10488   0.5080 0.0015   0.0827 0.0018
     1102.4      0.031514   0.6166 0.0026   0.1779 0.0035   |       0.099097   0.5170 0.0016   0.0876 0.0019
     1346.8      0.026097   0.6230 0.0028   0.1874 0.0039   |       0.093589   0.5212 0.0016   0.0914 0.0019
     1645.3      0.021514   0.6292 0.0031   0.1977 0.0043   |       0.087522   0.5268 0.0017   0.0969 0.0020
     2010.1      0.018038   0.6294 0.0034   0.1995 0.0047   |       0.083621   0.5302 0.0017   0.0989 0.0021
     2455.6      0.014797   0.6439 0.0037   0.2180 0.0052   |       0.079311   0.5338 0.0018   0.1030 0.0021
     3000.0      0.012123   0.6535 0.0040   0.2285 0.0058   |       0.077628   0.5425 0.0018   0.1079 0.0022
наибольший шум Q_k по узлам: 0.0058; посчитано за 9.8 с
сайдкар: D:\BqMoni_Claude\p83\qk_new\G1S_petri60_oisn06_057_p24.qk — записан и прочитан обратно

=== G1S_petri60_oisn06_062_p24: G1S_petri60_oisn06_062_p24: кристалл Sodium iodide цилиндр 63.00x63.00 мм, ро 3.667; источник — цилиндр D=89.4 H=10.0 на 0.0 мм, ОИСН-06; матрица phys=18;3457c41a092eb8c95891086e60709be1a507cc02d4e2aaff6372abeefe951c11
контроль подсмотра (узел 30.0 кэВ, зерно узла): штатный Efficiency = 0.0413291569887106, мой обход = 0.0413291569887106 — ДО БИТА
   E, кэВ        ε_пика        Q2     ±       Q4     ±   |   ε_полн(взвеш.)     Q2T     ±      Q4T     ±
       30.0      0.041329   0.4135 0.0018   0.0376 0.0018   |       0.043758   0.3971 0.0017   0.0339 0.0018
       36.7      0.055022   0.4007 0.0018   0.0248 0.0018   |       0.079389   0.3734 0.0016   0.0171 0.0015
       44.8      0.080018   0.3995 0.0017   0.0180 0.0017   |        0.11424   0.3613 0.0015   0.0064 0.0014
       54.7       0.10081   0.3971 0.0016   0.0118 0.0016   |        0.14065   0.3541 0.0014  -0.0018 0.0013
       66.8       0.11637   0.3968 0.0016   0.0082 0.0015   |        0.15836   0.3502 0.0014  -0.0064 0.0013
       81.6       0.12771   0.3981 0.0015   0.0042 0.0015   |        0.16962   0.3488 0.0014  -0.0109 0.0013
       99.7       0.13558   0.4029 0.0015  -0.0007 0.0014   |        0.17628   0.3530 0.0014  -0.0159 0.0013
      121.8       0.13815   0.4133 0.0015   0.0012 0.0014   |        0.17768   0.3631 0.0013  -0.0145 0.0013
      148.9       0.13849   0.4292 0.0014   0.0068 0.0015   |        0.17757   0.3762 0.0013  -0.0106 0.0013
      181.9       0.13282   0.4543 0.0014   0.0198 0.0015   |        0.17195   0.3961 0.0013  -0.0023 0.0013
      222.2         0.124   0.4808 0.0015   0.0387 0.0016   |        0.16506   0.4159 0.0013   0.0088 0.0014
      271.4       0.11115   0.5117 0.0015   0.0633 0.0017   |        0.15611   0.4376 0.0013   0.0222 0.0014
      331.6      0.096122   0.5387 0.0016   0.0923 0.0019   |        0.14604   0.4559 0.0014   0.0395 0.0015
      405.1      0.080411   0.5575 0.0017   0.1095 0.0021   |         0.1368   0.4675 0.0014   0.0474 0.0015
      494.9      0.066188   0.5728 0.0019   0.1267 0.0023   |        0.12754   0.4792 0.0014   0.0559 0.0016
      604.6      0.054882   0.5880 0.0020   0.1446 0.0026   |        0.11981   0.4907 0.0015   0.0656 0.0017
      738.6       0.04562   0.5977 0.0022   0.1573 0.0029   |        0.11232   0.5021 0.0015   0.0761 0.0017
      902.4      0.037873   0.6010 0.0024   0.1640 0.0032   |        0.10514   0.5047 0.0015   0.0795 0.0018
     1102.4      0.031677   0.6167 0.0026   0.1788 0.0035   |       0.099722   0.5154 0.0016   0.0869 0.0019
     1346.8       0.02585   0.6221 0.0028   0.1858 0.0039   |       0.093525   0.5199 0.0016   0.0898 0.0019
     1645.3      0.021778   0.6292 0.0031   0.1979 0.0043   |       0.088103   0.5275 0.0017   0.0976 0.0020
     2010.1      0.017903   0.6238 0.0035   0.1919 0.0047   |       0.083848   0.5279 0.0017   0.0964 0.0021
     2455.6      0.014623   0.6400 0.0037   0.2113 0.0052   |       0.079008   0.5349 0.0018   0.1032 0.0021
     3000.0      0.011957   0.6508 0.0041   0.2301 0.0059   |       0.077681   0.5401 0.0018   0.1069 0.0022
наибольший шум Q_k по узлам: 0.0059; посчитано за 14.0 с
сайдкар: D:\BqMoni_Claude\p83\qk_new\G1S_petri60_oisn06_062_p24.qk — записан и прочитан обратно

=== G1S_petri60_oisn06_064_p24: G1S_petri60_oisn06_064_p24: кристалл Sodium iodide цилиндр 63.00x63.00 мм, ро 3.667; источник — цилиндр D=89.4 H=10.0 на 0.0 мм, ОИСН-06; матрица phys=18;5d41f3b78427351f23efd5bb8b8bd8c3bb0ccd1ec7095f5cc6e736908679931d
контроль подсмотра (узел 30.0 кэВ, зерно узла): штатный Efficiency = 0.040566440111155774, мой обход = 0.040566440111155774 — ДО БИТА
   E, кэВ        ε_пика        Q2     ±       Q4     ±   |   ε_полн(взвеш.)     Q2T     ±      Q4T     ±
       30.0      0.040566   0.4130 0.0018   0.0378 0.0018   |        0.04296   0.3964 0.0018   0.0344 0.0018
       36.7      0.054279   0.4021 0.0018   0.0258 0.0018   |       0.078458   0.3738 0.0016   0.0184 0.0015
       44.8      0.079285   0.3999 0.0017   0.0190 0.0017   |        0.11333   0.3612 0.0015   0.0077 0.0014
       54.7        0.0999   0.3971 0.0016   0.0116 0.0016   |        0.13989   0.3533 0.0014  -0.0022 0.0013
       66.8       0.11603   0.3961 0.0016   0.0089 0.0015   |        0.15814   0.3499 0.0014  -0.0059 0.0013
       81.6       0.12736   0.3981 0.0015   0.0058 0.0015   |        0.16931   0.3489 0.0014  -0.0094 0.0013
       99.7        0.1348   0.4014 0.0015  -0.0007 0.0014   |        0.17576   0.3512 0.0014  -0.0161 0.0013
      121.8       0.13764   0.4125 0.0015   0.0004 0.0014   |        0.17739   0.3620 0.0013  -0.0154 0.0013
      148.9       0.13771   0.4290 0.0015   0.0072 0.0015   |        0.17699   0.3747 0.0013  -0.0104 0.0013
      181.9       0.13278   0.4537 0.0014   0.0191 0.0015   |        0.17198   0.3956 0.0013  -0.0030 0.0013
      222.2       0.12392   0.4802 0.0015   0.0381 0.0016   |        0.16532   0.4146 0.0013   0.0082 0.0014
      271.4       0.11079   0.5108 0.0015   0.0633 0.0017   |        0.15582   0.4361 0.0013   0.0223 0.0014
      331.6      0.096203   0.5404 0.0016   0.0931 0.0019   |        0.14638   0.4572 0.0014   0.0403 0.0015
      405.1      0.080372   0.5569 0.0017   0.1095 0.0021   |        0.13689   0.4663 0.0014   0.0471 0.0015
      494.9      0.066073   0.5727 0.0019   0.1280 0.0023   |        0.12708   0.4776 0.0014   0.0559 0.0016
      604.6      0.055178   0.5876 0.0020   0.1441 0.0026   |        0.11972   0.4897 0.0015   0.0662 0.0017
      738.6      0.045696   0.5988 0.0022   0.1574 0.0029   |         0.1125   0.5014 0.0015   0.0761 0.0017
      902.4      0.037938   0.6010 0.0024   0.1643 0.0032   |        0.10576   0.5036 0.0015   0.0788 0.0018
     1102.4       0.03161   0.6149 0.0026   0.1786 0.0035   |       0.099813   0.5146 0.0016   0.0878 0.0019
     1346.8      0.025899   0.6205 0.0029   0.1850 0.0039   |       0.093468   0.5191 0.0016   0.0907 0.0019
     1645.3      0.021768   0.6305 0.0031   0.1954 0.0043   |       0.087949   0.5279 0.0017   0.0968 0.0020
     2010.1      0.017841   0.6279 0.0034   0.1948 0.0047   |       0.083891   0.5283 0.0017   0.0957 0.0021
     2455.6      0.014433   0.6389 0.0038   0.2124 0.0053   |        0.07888   0.5347 0.0018   0.1027 0.0021
     3000.0      0.011915   0.6517 0.0041   0.2327 0.0059   |       0.077144   0.5399 0.0018   0.1059 0.0022
наибольший шум Q_k по узлам: 0.0059; посчитано за 15.1 с
сайдкар: D:\BqMoni_Claude\p83\qk_new\G1S_petri60_oisn06_064_p24.qk — записан и прочитан обратно

=== G1S_petri60_oisn06_067_p24: G1S_petri60_oisn06_067_p24: кристалл Sodium iodide цилиндр 63.00x63.00 мм, ро 3.667; источник — цилиндр D=89.4 H=10.0 на 0.0 мм, ОИСН-06; матрица phys=18;4a59c39c4413721dfa5fe70e27cf2befad035d87235514fd43c3e60133df4ed5
контроль подсмотра (узел 30.0 кэВ, зерно узла): штатный Efficiency = 0.039933481314338375, мой обход = 0.039933481314338375 — ДО БИТА
   E, кэВ        ε_пика        Q2     ±       Q4     ±   |   ε_полн(взвеш.)     Q2T     ±      Q4T     ±
       30.0      0.039933   0.4125 0.0018   0.0392 0.0018   |       0.042298   0.3959 0.0018   0.0356 0.0018
       36.7      0.053727   0.4015 0.0018   0.0256 0.0018   |       0.077643   0.3733 0.0016   0.0186 0.0015
       44.8      0.078406   0.3982 0.0017   0.0183 0.0017   |        0.11206   0.3588 0.0015   0.0071 0.0014
       54.7       0.09939   0.3973 0.0016   0.0120 0.0016   |        0.13927   0.3532 0.0014  -0.0017 0.0013
       66.8       0.11519   0.3960 0.0016   0.0090 0.0015   |        0.15736   0.3485 0.0014  -0.0062 0.0013
       81.6       0.12654   0.3991 0.0015   0.0050 0.0015   |        0.16878   0.3488 0.0014  -0.0106 0.0013
       99.7       0.13439   0.4022 0.0015   0.0008 0.0014   |        0.17566   0.3510 0.0014  -0.0145 0.0013
      121.8       0.13747   0.4128 0.0015   0.0013 0.0014   |        0.17746   0.3617 0.0013  -0.0146 0.0013
      148.9       0.13738   0.4283 0.0014   0.0054 0.0015   |        0.17713   0.3731 0.0013  -0.0123 0.0013
      181.9       0.13209   0.4539 0.0014   0.0192 0.0015   |        0.17158   0.3949 0.0013  -0.0030 0.0013
      222.2        0.1232   0.4808 0.0015   0.0394 0.0016   |        0.16488   0.4137 0.0013   0.0087 0.0014
      271.4       0.11075   0.5095 0.0015   0.0626 0.0017   |         0.1561   0.4343 0.0013   0.0214 0.0014
      331.6      0.096165   0.5380 0.0016   0.0903 0.0019   |        0.14659   0.4541 0.0014   0.0377 0.0015
      405.1      0.079849   0.5585 0.0017   0.1110 0.0021   |        0.13644   0.4661 0.0014   0.0479 0.0015
      494.9      0.066278   0.5741 0.0018   0.1280 0.0023   |        0.12756   0.4776 0.0014   0.0560 0.0016
      604.6      0.055236   0.5859 0.0020   0.1417 0.0026   |        0.11997   0.4871 0.0015   0.0642 0.0017
      738.6      0.045571   0.6011 0.0022   0.1601 0.0029   |        0.11252   0.5019 0.0015   0.0761 0.0017
      902.4      0.037707   0.6005 0.0024   0.1630 0.0032   |        0.10573   0.5038 0.0015   0.0792 0.0018
     1102.4       0.03151   0.6142 0.0026   0.1806 0.0035   |       0.099609   0.5127 0.0016   0.0871 0.0019
     1346.8      0.026142   0.6201 0.0029   0.1858 0.0039   |       0.093586   0.5179 0.0016   0.0909 0.0019
     1645.3       0.02165   0.6299 0.0031   0.1966 0.0043   |       0.087988   0.5281 0.0017   0.0981 0.0020
     2010.1      0.017985   0.6271 0.0034   0.1954 0.0047   |       0.083929   0.5295 0.0017   0.0985 0.0021
     2455.6      0.014466   0.6383 0.0038   0.2121 0.0052   |       0.079187   0.5332 0.0018   0.1021 0.0021
     3000.0      0.011855   0.6488 0.0041   0.2258 0.0059   |       0.077341   0.5383 0.0018   0.1039 0.0022
наибольший шум Q_k по узлам: 0.0059; посчитано за 15.5 с
сайдкар: D:\BqMoni_Claude\p83\qk_new\G1S_petri60_oisn06_067_p24.qk — записан и прочитан обратно

=== G1S_petri60_oisn10_100_p16: G1S_petri60_oisn10_100_p16: кристалл Sodium iodide цилиндр 63.00x63.00 мм, ро 3.667; источник — цилиндр D=89.4 H=10.0 на 0.0 мм, ОИСН-10; матрица phys=18;195b7b1325fec88d84a7f87b3dad73ba20991c3e9748b6b136c2ab7f480caa96
контроль подсмотра (узел 30.0 кэВ, зерно узла): штатный Efficiency = 0.014017210578224137, мой обход = 0.014017210578224137 — ДО БИТА
   E, кэВ        ε_пика        Q2     ±       Q4     ±   |   ε_полн(взвеш.)     Q2T     ±      Q4T     ±
       30.0      0.014017   0.3924 0.0029   0.0400 0.0029   |       0.014652   0.3835 0.0029   0.0376 0.0028
       36.7      0.024677   0.3968 0.0025   0.0403 0.0025   |       0.034976   0.3780 0.0022   0.0347 0.0021
       44.8      0.046673   0.3982 0.0021   0.0329 0.0020   |       0.064983   0.3693 0.0018   0.0220 0.0017
       54.7      0.071457   0.3949 0.0018   0.0222 0.0017   |       0.098351   0.3578 0.0016   0.0099 0.0015
       66.8      0.093908   0.3961 0.0017   0.0170 0.0016   |        0.12704   0.3510 0.0015   0.0028 0.0014
       81.6       0.11128   0.3965 0.0016   0.0066 0.0015   |        0.14847   0.3461 0.0014  -0.0076 0.0013
       99.7       0.12467   0.4004 0.0015   0.0042 0.0015   |        0.16396   0.3467 0.0014  -0.0107 0.0013
      121.8       0.12897   0.4139 0.0015   0.0066 0.0015   |        0.16893   0.3568 0.0014  -0.0100 0.0013
      148.9       0.13133   0.4298 0.0015   0.0092 0.0015   |        0.17184   0.3682 0.0013  -0.0088 0.0013
      181.9       0.12805   0.4548 0.0015   0.0207 0.0015   |        0.16957   0.3867 0.0013  -0.0021 0.0013
      222.2       0.11922   0.4820 0.0015   0.0396 0.0016   |        0.16318   0.4055 0.0013   0.0078 0.0014
      271.4        0.1072   0.5107 0.0015   0.0652 0.0017   |        0.15467   0.4253 0.0013   0.0223 0.0014
      331.6      0.092957   0.5389 0.0016   0.0924 0.0019   |         0.1452   0.4457 0.0014   0.0379 0.0015
      405.1      0.079033   0.5594 0.0017   0.1128 0.0021   |         0.1372   0.4598 0.0014   0.0479 0.0015
      494.9      0.064504   0.5739 0.0019   0.1298 0.0024   |          0.127   0.4689 0.0014   0.0564 0.0016
      604.6       0.05391   0.5870 0.0020   0.1460 0.0026   |        0.11995   0.4807 0.0015   0.0651 0.0017
      738.6      0.044618   0.5964 0.0022   0.1543 0.0029   |        0.11291   0.4890 0.0015   0.0701 0.0017
      902.4      0.036839   0.6031 0.0024   0.1639 0.0032   |        0.10608   0.4970 0.0015   0.0780 0.0018
     1102.4      0.031172   0.6141 0.0026   0.1812 0.0035   |        0.10028   0.5087 0.0016   0.0884 0.0018
     1346.8      0.025475   0.6206 0.0029   0.1882 0.0039   |       0.093466   0.5101 0.0016   0.0881 0.0019
     1645.3      0.021582   0.6279 0.0031   0.1935 0.0043   |       0.088594   0.5215 0.0016   0.0976 0.0020
     2010.1      0.017945   0.6325 0.0034   0.2001 0.0047   |       0.084729   0.5238 0.0017   0.0970 0.0020
     2455.6      0.014375   0.6416 0.0038   0.2162 0.0053   |       0.079474   0.5302 0.0017   0.1023 0.0021
     3000.0      0.011416   0.6547 0.0041   0.2321 0.0059   |       0.076857   0.5329 0.0018   0.1040 0.0022
наибольший шум Q_k по узлам: 0.0059; посчитано за 20.6 с
сайдкар: D:\BqMoni_Claude\p83\qk_new\G1S_petri60_oisn10_100_p16.qk — записан и прочитан обратно

=== G1S_petri60_oisn16_155_p24: G1S_petri60_oisn16_155_p24: кристалл Sodium iodide цилиндр 63.00x63.00 мм, ро 3.667; источник — цилиндр D=89.4 H=10.0 на 0.0 мм, ОИСН-16; матрица phys=18;d54e77e12f128994b89e5c1bb3a0c4cb042a366fa5b12ba4e1444b985623514c
контроль подсмотра (узел 30.0 кэВ, зерно узла): штатный Efficiency = 0.0061545456788443071, мой обход = 0.0061545456788443071 — ДО БИТА
   E, кэВ        ε_пика        Q2     ±       Q4     ±   |   ε_полн(взвеш.)     Q2T     ±      Q4T     ±
       30.0     0.0061545   0.3804 0.0045   0.0426 0.0044   |      0.0064196   0.3722 0.0045   0.0402 0.0044
       36.7      0.011611   0.3826 0.0037   0.0399 0.0035   |       0.016146   0.3675 0.0033   0.0380 0.0030
       44.8      0.024666   0.3892 0.0028   0.0409 0.0026   |       0.033911   0.3649 0.0025   0.0313 0.0023
       54.7      0.045075   0.3932 0.0022   0.0333 0.0020   |       0.061103   0.3605 0.0020   0.0230 0.0018
       66.8      0.067983   0.3953 0.0019   0.0282 0.0018   |       0.090927   0.3550 0.0017   0.0154 0.0015
       81.6      0.090575   0.3974 0.0017   0.0155 0.0016   |        0.12061   0.3484 0.0015   0.0023 0.0014
       99.7       0.10766   0.4013 0.0016   0.0104 0.0015   |        0.14242   0.3460 0.0015  -0.0043 0.0013
      121.8       0.11661   0.4101 0.0015   0.0101 0.0015   |        0.15474   0.3481 0.0014  -0.0064 0.0013
      148.9        0.1211   0.4296 0.0015   0.0126 0.0015   |        0.16235   0.3608 0.0014  -0.0061 0.0013
      181.9       0.12098   0.4562 0.0015   0.0238 0.0015   |          0.164   0.3799 0.0013   0.0006 0.0013
      222.2       0.11327   0.4816 0.0015   0.0411 0.0016   |        0.15924   0.3935 0.0014   0.0072 0.0014
      271.4       0.10318   0.5114 0.0015   0.0665 0.0017   |        0.15242   0.4157 0.0014   0.0232 0.0014
      331.6      0.089504   0.5362 0.0016   0.0903 0.0019   |        0.14375   0.4300 0.0014   0.0335 0.0015
      405.1      0.075348   0.5579 0.0017   0.1132 0.0021   |        0.13512   0.4450 0.0014   0.0450 0.0015
      494.9      0.063588   0.5744 0.0019   0.1300 0.0024   |        0.12769   0.4590 0.0014   0.0543 0.0016
      604.6      0.052197   0.5872 0.0020   0.1464 0.0026   |        0.11956   0.4690 0.0015   0.0637 0.0016
      738.6      0.043784   0.6008 0.0022   0.1630 0.0029   |        0.11342   0.4800 0.0015   0.0723 0.0017
      902.4      0.035669   0.6064 0.0024   0.1683 0.0032   |        0.10591   0.4860 0.0015   0.0752 0.0018
     1102.4      0.030189   0.6140 0.0026   0.1788 0.0035   |        0.10028   0.4971 0.0016   0.0844 0.0018
     1346.8      0.025607   0.6196 0.0029   0.1865 0.0039   |       0.094159   0.5023 0.0016   0.0865 0.0019
     1645.3      0.021128   0.6264 0.0031   0.1930 0.0042   |       0.088151   0.5106 0.0017   0.0931 0.0020
     2010.1      0.017493   0.6328 0.0034   0.2013 0.0047   |       0.084475   0.5167 0.0017   0.0964 0.0020
     2455.6      0.014368   0.6460 0.0037   0.2195 0.0052   |       0.079818   0.5234 0.0017   0.1012 0.0021
     3000.0      0.011582   0.6518 0.0041   0.2261 0.0059   |       0.077688   0.5308 0.0018   0.1064 0.0021
наибольший шум Q_k по узлам: 0.0059; посчитано за 14.8 с
сайдкар: D:\BqMoni_Claude\p83\qk_new\G1S_petri60_oisn16_155_p24.qk — записан и прочитан обратно

=== G1S_petri60_oisn16_160_p24: G1S_petri60_oisn16_160_p24: кристалл Sodium iodide цилиндр 63.00x63.00 мм, ро 3.667; источник — цилиндр D=89.4 H=10.0 на 0.0 мм, ОИСН-16; матрица phys=18;54a36fd3f5ca592d1a4c673e391841dd9c9bd8eff87d480eef720279e0bc6b9c
контроль подсмотра (узел 30.0 кэВ, зерно узла): штатный Efficiency = 0.0059585666904859915, мой обход = 0.0059585666904859915 — ДО БИТА
   E, кэВ        ε_пика        Q2     ±       Q4     ±   |   ε_полн(взвеш.)     Q2T     ±      Q4T     ±
       30.0     0.0059586   0.3809 0.0046   0.0417 0.0045   |      0.0062107   0.3729 0.0046   0.0393 0.0044
       36.7       0.01124   0.3843 0.0037   0.0409 0.0036   |       0.015619   0.3685 0.0033   0.0379 0.0031
       44.8      0.023996   0.3881 0.0028   0.0414 0.0027   |       0.032962   0.3640 0.0025   0.0321 0.0023
       54.7      0.044043   0.3922 0.0022   0.0322 0.0021   |       0.059649   0.3597 0.0020   0.0225 0.0018
       66.8      0.066772   0.3959 0.0019   0.0287 0.0018   |       0.089265   0.3558 0.0017   0.0161 0.0016
       81.6      0.089794   0.3969 0.0017   0.0164 0.0016   |        0.11951   0.3479 0.0015   0.0029 0.0014
       99.7        0.1067   0.4014 0.0016   0.0101 0.0015   |        0.14129   0.3462 0.0015  -0.0042 0.0013
      121.8       0.11597   0.4105 0.0015   0.0103 0.0015   |        0.15409   0.3480 0.0014  -0.0062 0.0013
      148.9       0.12012   0.4306 0.0015   0.0123 0.0015   |        0.16154   0.3600 0.0014  -0.0068 0.0013
      181.9       0.11999   0.4564 0.0015   0.0236 0.0015   |        0.16326   0.3788 0.0013   0.0005 0.0013
      222.2       0.11283   0.4825 0.0015   0.0417 0.0016   |        0.15894   0.3941 0.0014   0.0081 0.0014
      271.4       0.10262   0.5122 0.0015   0.0673 0.0018   |        0.15221   0.4153 0.0014   0.0229 0.0014
      331.6      0.089286   0.5358 0.0016   0.0893 0.0019   |        0.14376   0.4291 0.0014   0.0330 0.0015
      405.1      0.075362   0.5584 0.0017   0.1147 0.0021   |         0.1354   0.4443 0.0014   0.0464 0.0015
      494.9      0.063165   0.5749 0.0019   0.1305 0.0024   |        0.12739   0.4575 0.0014   0.0547 0.0016
      604.6      0.052183   0.5861 0.0021   0.1469 0.0026   |        0.11969   0.4684 0.0015   0.0649 0.0016
      738.6       0.04381   0.5996 0.0022   0.1604 0.0029   |        0.11347   0.4788 0.0015   0.0717 0.0017
      902.4      0.035618   0.6075 0.0024   0.1706 0.0033   |        0.10583   0.4851 0.0015   0.0764 0.0018
     1102.4      0.030134   0.6159 0.0026   0.1812 0.0035   |       0.099972   0.4970 0.0016   0.0839 0.0018
     1346.8       0.02548   0.6191 0.0029   0.1865 0.0039   |       0.094319   0.5012 0.0016   0.0867 0.0019
     1645.3      0.020892   0.6278 0.0031   0.1957 0.0043   |       0.087848   0.5088 0.0017   0.0935 0.0020
     2010.1       0.01753   0.6343 0.0034   0.2053 0.0047   |        0.08474   0.5151 0.0017   0.0949 0.0020
     2455.6      0.014282   0.6370 0.0038   0.2079 0.0052   |       0.079718   0.5211 0.0017   0.0989 0.0021
     3000.0      0.011678   0.6522 0.0041   0.2282 0.0059   |       0.077691   0.5292 0.0018   0.1060 0.0021
наибольший шум Q_k по узлам: 0.0059; посчитано за 14.2 с
сайдкар: D:\BqMoni_Claude\p83\qk_new\G1S_petri60_oisn16_160_p24.qk — записан и прочитан обратно

=== G1S_petri60_oisn16_167_p24: G1S_petri60_oisn16_167_p24: кристалл Sodium iodide цилиндр 63.00x63.00 мм, ро 3.667; источник — цилиндр D=89.4 H=10.0 на 0.0 мм, ОИСН-16; матрица phys=18;00bbec9eaac6ef034a2dad498dff8fdb25f12629e66b32c7ee9e93bd0569bd84
контроль подсмотра (узел 30.0 кэВ, зерно узла): штатный Efficiency = 0.0057281713578604771, мой обход = 0.0057281713578604771 — ДО БИТА
   E, кэВ        ε_пика        Q2     ±       Q4     ±   |   ε_полн(взвеш.)     Q2T     ±      Q4T     ±
       30.0     0.0057282   0.3784 0.0047   0.0412 0.0046   |      0.0059663   0.3707 0.0047   0.0385 0.0045
       36.7      0.010835   0.3802 0.0038   0.0385 0.0036   |       0.015077   0.3649 0.0034   0.0363 0.0031
       44.8      0.023076   0.3879 0.0029   0.0403 0.0027   |       0.031701   0.3636 0.0026   0.0315 0.0023
       54.7       0.04278   0.3902 0.0022   0.0308 0.0021   |       0.057916   0.3587 0.0020   0.0219 0.0018
       66.8      0.065093   0.3928 0.0019   0.0251 0.0018   |       0.087158   0.3529 0.0017   0.0139 0.0016
       81.6      0.088381   0.3961 0.0017   0.0156 0.0016   |        0.11765   0.3467 0.0015   0.0025 0.0014
       99.7       0.10555   0.4020 0.0016   0.0119 0.0015   |        0.13984   0.3470 0.0015  -0.0020 0.0013
      121.8       0.11468   0.4124 0.0015   0.0118 0.0015   |         0.1526   0.3488 0.0014  -0.0043 0.0013
      148.9       0.11905   0.4313 0.0015   0.0135 0.0015   |        0.16052   0.3598 0.0014  -0.0060 0.0013
      181.9       0.11935   0.4567 0.0015   0.0249 0.0016   |        0.16301   0.3771 0.0014   0.0014 0.0013
      222.2       0.11262   0.4823 0.0015   0.0432 0.0016   |        0.15912   0.3934 0.0014   0.0093 0.0014
      271.4         0.102   0.5122 0.0015   0.0668 0.0018   |        0.15202   0.4138 0.0014   0.0228 0.0014
      331.6      0.089094   0.5349 0.0016   0.0883 0.0019   |        0.14401   0.4266 0.0014   0.0323 0.0014
      405.1      0.074852   0.5586 0.0017   0.1134 0.0021   |        0.13535   0.4422 0.0014   0.0445 0.0015
      494.9      0.062995   0.5767 0.0019   0.1328 0.0024   |        0.12726   0.4570 0.0014   0.0566 0.0016
      604.6      0.051969   0.5857 0.0021   0.1467 0.0026   |        0.11979   0.4655 0.0015   0.0636 0.0016
      738.6      0.043757   0.6009 0.0022   0.1628 0.0029   |        0.11334   0.4776 0.0015   0.0720 0.0017
      902.4      0.035996   0.6080 0.0024   0.1697 0.0032   |        0.10633   0.4850 0.0015   0.0764 0.0018
     1102.4      0.030107   0.6138 0.0026   0.1781 0.0035   |       0.099786   0.4957 0.0016   0.0838 0.0018
     1346.8      0.025338   0.6227 0.0029   0.1901 0.0039   |       0.094201   0.5016 0.0016   0.0894 0.0019
     1645.3      0.020764   0.6306 0.0031   0.2001 0.0043   |       0.087863   0.5094 0.0017   0.0947 0.0020
     2010.1      0.017685   0.6287 0.0034   0.1973 0.0047   |       0.085043   0.5137 0.0017   0.0928 0.0020
     2455.6      0.014333   0.6366 0.0038   0.2086 0.0052   |       0.079459   0.5207 0.0017   0.1001 0.0021
     3000.0      0.011678   0.6540 0.0040   0.2278 0.0059   |       0.078317   0.5278 0.0018   0.1046 0.0021
наибольший шум Q_k по узлам: 0.0059; посчитано за 14.3 с
сайдкар: D:\BqMoni_Claude\p83\qk_new\G1S_petri60_oisn16_167_p24.qk — записан и прочитан обратно

=== G1S_petri60_risn379_100_p16: G1S_petri60_risn379_100_p16: кристалл Sodium iodide цилиндр 63.00x63.00 мм, ро 3.667; источник — цилиндр D=89.4 H=10.0 на 0.0 мм, РИСН-379; матрица phys=18;f4ab057c467e6eb0e35a0a20109552c28c7f35a038a22e5c18d929a65ceeeb7f
контроль подсмотра (узел 30.0 кэВ, зерно узла): штатный Efficiency = 0.03796885019857308, мой обход = 0.03796885019857308 — ДО БИТА
   E, кэВ        ε_пика        Q2     ±       Q4     ±   |   ε_полн(взвеш.)     Q2T     ±      Q4T     ±
       30.0      0.037969   0.4101 0.0018   0.0388 0.0019   |       0.040424   0.3911 0.0018   0.0349 0.0018
       36.7      0.051346   0.4004 0.0019   0.0286 0.0018   |       0.075037   0.3675 0.0016   0.0205 0.0015
       44.8      0.076079   0.3963 0.0017   0.0188 0.0017   |        0.11017   0.3514 0.0015   0.0072 0.0014
       54.7      0.095758   0.3952 0.0016   0.0111 0.0016   |        0.13679   0.3446 0.0014  -0.0020 0.0013
       66.8       0.11133   0.3956 0.0016   0.0093 0.0015   |        0.15535   0.3395 0.0014  -0.0057 0.0013
       81.6       0.12222   0.3975 0.0016   0.0067 0.0015   |        0.16706   0.3382 0.0014  -0.0091 0.0013
       99.7       0.12981   0.4040 0.0015   0.0035 0.0015   |          0.174   0.3439 0.0014  -0.0126 0.0013
      121.8        0.1331   0.4120 0.0015   0.0031 0.0014   |        0.17643   0.3497 0.0013  -0.0139 0.0013
      148.9       0.13233   0.4284 0.0015   0.0066 0.0015   |        0.17506   0.3636 0.0013  -0.0119 0.0013
      181.9       0.12814   0.4547 0.0015   0.0207 0.0015   |        0.17086   0.3844 0.0013  -0.0029 0.0013
      222.2       0.11951   0.4810 0.0015   0.0390 0.0016   |        0.16408   0.4030 0.0013   0.0072 0.0014
      271.4       0.10764   0.5092 0.0015   0.0626 0.0017   |        0.15562   0.4227 0.0013   0.0207 0.0014
      331.6      0.092671   0.5396 0.0016   0.0932 0.0019   |        0.14489   0.4447 0.0014   0.0386 0.0015
      405.1      0.078745   0.5617 0.0017   0.1143 0.0021   |        0.13689   0.4592 0.0014   0.0483 0.0015
      494.9      0.064924   0.5730 0.0019   0.1271 0.0024   |         0.1276   0.4694 0.0014   0.0558 0.0016
      604.6      0.053589   0.5871 0.0020   0.1472 0.0026   |        0.11924   0.4796 0.0015   0.0657 0.0017
      738.6      0.044818   0.5966 0.0022   0.1564 0.0029   |        0.11348   0.4885 0.0015   0.0705 0.0017
      902.4      0.036758   0.6042 0.0024   0.1662 0.0032   |        0.10587   0.4984 0.0015   0.0795 0.0018
     1102.4      0.031001   0.6164 0.0026   0.1837 0.0035   |        0.10017   0.5092 0.0016   0.0887 0.0018
     1346.8      0.025514   0.6200 0.0029   0.1866 0.0039   |       0.093588   0.5091 0.0016   0.0871 0.0019
     1645.3      0.021593   0.6265 0.0031   0.1913 0.0042   |       0.088296   0.5193 0.0017   0.0966 0.0020
     2010.1      0.017793   0.6331 0.0034   0.2014 0.0047   |       0.084485   0.5239 0.0017   0.0975 0.0020
     2455.6      0.014513   0.6409 0.0038   0.2137 0.0052   |       0.079688   0.5292 0.0017   0.1027 0.0021
     3000.0      0.011353   0.6544 0.0041   0.2295 0.0059   |       0.076937   0.5321 0.0018   0.1030 0.0022
наибольший шум Q_k по узлам: 0.0059; посчитано за 14.9 с
сайдкар: D:\BqMoni_Claude\p83\qk_new\G1S_petri60_risn379_100_p16.qk — записан и прочитан обратно

=== RC103_lu_front: RC103_lu_front: кристалл Cesium iodide брусок 10.0x10.0x10.0 мм, ро 4.510; источник — цилиндр D=42.0 H=15.0 на 0.0 мм, Lutetium oxide; матрица phys=18;2d63fa4914edf0d8384374cd686cbb2ef6252640850bbf8a7b905d006b6cc54b
контроль подсмотра (узел 30.0 кэВ, зерно узла): штатный Efficiency = 0.00057724901743000032, мой обход = 0.00057724901743000032 — ДО БИТА
   E, кэВ        ε_пика        Q2     ±       Q4     ±   |   ε_полн(взвеш.)     Q2T     ±      Q4T     ±
       30.0    0.00057725   0.8239 0.0047   0.5304 0.0110   |     0.00059442   0.8181 0.0050   0.5243 0.0110
       36.7    0.00084944   0.8298 0.0041   0.5425 0.0095   |      0.0012482   0.8175 0.0040   0.5259 0.0080
       44.8      0.001821   0.8362 0.0030   0.5548 0.0071   |      0.0024892   0.8256 0.0028   0.5401 0.0060
       54.7     0.0033361   0.8537 0.0021   0.5934 0.0050   |      0.0043931   0.8374 0.0021   0.5682 0.0044
       66.8     0.0013084   0.8518 0.0038   0.5814 0.0091   |      0.0016813   0.8344 0.0037   0.5513 0.0082
       81.6     0.0022234   0.8641 0.0023   0.6095 0.0057   |       0.002697   0.8449 0.0026   0.5774 0.0056
       99.7     0.0035682   0.8752 0.0019   0.6387 0.0048   |      0.0042985   0.8520 0.0023   0.5999 0.0047
      121.8     0.0052536   0.8920 0.0014   0.6811 0.0034   |      0.0062381   0.8710 0.0015   0.6416 0.0034
      148.9      0.006619   0.9088 0.0011   0.7261 0.0028   |      0.0080301   0.8851 0.0012   0.6799 0.0027
      181.9     0.0072003   0.9196 0.0010   0.7559 0.0025   |      0.0090917   0.8970 0.0010   0.7101 0.0023
      222.2     0.0064778   0.9269 0.0010   0.7761 0.0026   |      0.0090164   0.9000 0.0010   0.7216 0.0023
      271.4     0.0051048   0.9323 0.0011   0.7916 0.0029   |      0.0080724   0.9045 0.0010   0.7351 0.0023
      331.6     0.0036605   0.9371 0.0011   0.8046 0.0029   |      0.0069752   0.9087 0.0010   0.7458 0.0023
      405.1     0.0025514   0.9377 0.0014   0.8070 0.0037   |      0.0061224   0.9087 0.0011   0.7470 0.0024
      494.9     0.0017835   0.9400 0.0015   0.8131 0.0041   |      0.0054993   0.9100 0.0011   0.7491 0.0025
      604.6     0.0012379   0.9408 0.0019   0.8154 0.0052   |      0.0048727   0.9119 0.0012   0.7547 0.0027
      738.6    0.00085388   0.9425 0.0022   0.8207 0.0062   |      0.0042708   0.9174 0.0011   0.7678 0.0026
      902.4    0.00057229   0.9471 0.0017   0.8332 0.0051   |      0.0038114   0.9160 0.0012   0.7637 0.0027
     1102.4    0.00044612   0.9444 0.0029   0.8258 0.0084   |      0.0034136   0.9181 0.0014   0.7687 0.0033
     1346.8    0.00031893   0.9460 0.0041   0.8318 0.0115   |      0.0031444   0.9221 0.0013   0.7777 0.0032
     1645.3    0.00022199   0.9430 0.0059   0.8239 0.0158   |      0.0029114   0.9206 0.0015   0.7724 0.0037
     2010.1    0.00014118   0.9561 0.0029   0.8604 0.0087   |       0.002746   0.9225 0.0014   0.7758 0.0035
     2455.6    9.4199E-05   0.9530 0.0045   0.8511 0.0135   |      0.0025597   0.9228 0.0015   0.7773 0.0037
     3000.0    7.1524E-05   0.9566 0.0039   0.8614 0.0120   |       0.002618   0.9223 0.0016   0.7736 0.0042
наибольший шум Q_k по узлам: 0.0158; посчитано за 11.7 с
сайдкар: D:\BqMoni_Claude\p83\qk_new\RC103_lu_front.qk — записан и прочитан обратно

=== RC103_marinelli05_kcl: RC103_marinelli05_kcl: кристалл Cesium iodide брусок 10.0x10.0x10.0 мм, ро 4.510; источник — Маринелли D=114.0 Dhole=61.0 H=85.0 на 1.0 мм, Potassium chloride; матрица phys=18;a53cb1f42a3cc9299375bd31e2f0ca8dc42f01a12860af5eb607d0331ee7abda
контроль подсмотра (узел 30.0 кэВ, зерно узла): штатный Efficiency = 0.00037399410351002775, мой обход = 0.00037399410351002775 — ДО БИТА
   E, кэВ        ε_пика        Q2     ±       Q4     ±   |   ε_полн(взвеш.)     Q2T     ±      Q4T     ±
       30.0    0.00037399   0.9324 0.0039   0.8055 0.0093   |     0.00038747   0.9286 0.0039   0.7988 0.0092
       36.7      0.000575   0.9423 0.0028   0.8283 0.0070   |     0.00082161   0.9334 0.0036   0.8108 0.0079
       44.8      0.001091   0.9494 0.0018   0.8478 0.0045   |      0.0014853   0.9447 0.0017   0.8387 0.0039
       54.7     0.0017394   0.9562 0.0018   0.8674 0.0042   |      0.0022905   0.9490 0.0022   0.8529 0.0039
       66.8     0.0023937   0.9609 0.0011   0.8796 0.0026   |      0.0030056   0.9559 0.0011   0.8675 0.0025
       81.6     0.0028932   0.9645 0.0010   0.8901 0.0023   |      0.0035546   0.9585 0.0011   0.8748 0.0024
       99.7     0.0031992   0.9664 0.0009   0.8956 0.0023   |      0.0038259   0.9608 0.0011   0.8818 0.0023
      121.8     0.0031715   0.9699 0.0008   0.9052 0.0020   |      0.0037806   0.9645 0.0007   0.8907 0.0019
      148.9      0.002951   0.9725 0.0007   0.9131 0.0018   |      0.0035642   0.9665 0.0008   0.8978 0.0017
      181.9     0.0024767   0.9740 0.0006   0.9175 0.0017   |      0.0031035   0.9679 0.0008   0.9017 0.0016
      222.2     0.0018878   0.9760 0.0006   0.9236 0.0018   |      0.0025909   0.9681 0.0011   0.9054 0.0017
      271.4     0.0013662   0.9762 0.0007   0.9242 0.0022   |      0.0021555   0.9670 0.0013   0.9026 0.0025
      331.6    0.00093533   0.9758 0.0012   0.9235 0.0033   |      0.0017576   0.9663 0.0017   0.9034 0.0026
      405.1    0.00062352   0.9792 0.0009   0.9333 0.0025   |      0.0014702   0.9720 0.0007   0.9130 0.0019
      494.9    0.00044533   0.9727 0.0035   0.9161 0.0087   |      0.0013066   0.9706 0.0014   0.9090 0.0035
      604.6    0.00029777   0.9765 0.0020   0.9259 0.0055   |      0.0011453   0.9696 0.0016   0.9101 0.0029
      738.6    0.00020773   0.9795 0.0018   0.9349 0.0051   |      0.0010179   0.9725 0.0010   0.9151 0.0027
      902.4    0.00014128   0.9796 0.0020   0.9350 0.0058   |     0.00091412   0.9722 0.0017   0.9151 0.0041
     1102.4    0.00010132   0.9804 0.0020   0.9371 0.0061   |      0.0008528   0.9696 0.0023   0.9101 0.0049
     1346.8    7.2156E-05   0.9827 0.0018   0.9440 0.0054   |     0.00075811   0.9729 0.0017   0.9168 0.0042
     1645.3    5.3026E-05   0.9839 0.0014   0.9476 0.0043   |     0.00070901   0.9752 0.0008   0.9225 0.0021
     2010.1    3.8211E-05   0.9802 0.0025   0.9362 0.0080   |     0.00067319   0.9744 0.0015   0.9192 0.0042
     2455.6    2.4971E-05   0.9817 0.0038   0.9409 0.0118   |     0.00064616   0.9744 0.0012   0.9204 0.0032
     3000.0    1.7267E-05   0.9844 0.0028   0.9495 0.0086   |     0.00059935   0.9760 0.0010   0.9249 0.0029
наибольший шум Q_k по узлам: 0.0118; посчитано за 13.2 с
сайдкар: D:\BqMoni_Claude\p83\qk_new\RC103_marinelli05_kcl.qk — записан и прочитан обратно

=== RC103_point0: RC103_point0: кристалл Cesium iodide брусок 10.0x10.0x10.0 мм, ро 4.510; источник — точка, 0.0 мм, Air, dry; матрица phys=18;3ecd6580980b9e8d3125acd11056a334a40a77c948e5653cb0d4d49c03b72202
контроль подсмотра (узел 30.0 кэВ, зерно узла): штатный Efficiency = 0.096087901193888048, мой обход = 0.096087901193888048 — ДО БИТА
   E, кэВ        ε_пика        Q2     ±       Q4     ±   |   ε_полн(взвеш.)     Q2T     ±      Q4T     ±
       30.0      0.096088   0.5973 0.0011   0.0947 0.0020   |       0.099681   0.5775 0.0011   0.0905 0.0019
       36.7      0.086363   0.5984 0.0012   0.0910 0.0022   |        0.11953   0.5652 0.0011   0.0783 0.0019
       44.8      0.098914   0.6004 0.0012   0.0874 0.0022   |        0.13113   0.5585 0.0011   0.0741 0.0019
       54.7       0.10556   0.6065 0.0012   0.0928 0.0022   |        0.13474   0.5605 0.0011   0.0789 0.0019
       66.8        0.1109   0.6164 0.0011   0.1037 0.0021   |        0.13593   0.5665 0.0011   0.0867 0.0019
       81.6       0.11106   0.6280 0.0011   0.1196 0.0021   |         0.1325   0.5747 0.0011   0.0990 0.0019
       99.7       0.10836   0.6465 0.0011   0.1489 0.0021   |        0.12675   0.5911 0.0011   0.1249 0.0020
      121.8       0.09783   0.6722 0.0011   0.1947 0.0022   |         0.1145   0.6148 0.0012   0.1647 0.0020
      148.9      0.084013   0.6948 0.0012   0.2373 0.0024   |       0.099594   0.6339 0.0012   0.2030 0.0022
      181.9      0.065102   0.7160 0.0013   0.2792 0.0027   |       0.081331   0.6476 0.0013   0.2347 0.0024
      222.2       0.04711   0.7330 0.0015   0.3145 0.0032   |       0.064006   0.6608 0.0015   0.2647 0.0027
      271.4       0.03265   0.7421 0.0018   0.3327 0.0038   |       0.050574   0.6651 0.0017   0.2779 0.0030
      331.6      0.022188   0.7511 0.0021   0.3519 0.0046   |       0.041052   0.6691 0.0018   0.2862 0.0033
      405.1      0.014526   0.7502 0.0026   0.3481 0.0055   |       0.033599   0.6715 0.0020   0.2858 0.0036
      494.9     0.0096804   0.7606 0.0031   0.3690 0.0068   |       0.028525   0.6794 0.0021   0.2952 0.0040
      604.6     0.0064948   0.7595 0.0037   0.3665 0.0082   |       0.024316   0.6837 0.0023   0.3038 0.0043
      738.6     0.0043057   0.7677 0.0046   0.3868 0.0103   |       0.021525   0.6893 0.0024   0.3089 0.0046
      902.4     0.0031004   0.7794 0.0051   0.4088 0.0117   |       0.019204   0.6948 0.0025   0.3131 0.0049
     1102.4     0.0021289   0.7866 0.0062   0.4261 0.0139   |       0.017342   0.6999 0.0026   0.3180 0.0051
     1346.8     0.0014357   0.7926 0.0071   0.4357 0.0163   |       0.015462   0.7045 0.0027   0.3215 0.0055
     1645.3     0.0011047   0.7872 0.0085   0.4261 0.0194   |       0.014158   0.7038 0.0029   0.3157 0.0057
     2010.1    0.00073314   0.8149 0.0098   0.4918 0.0224   |        0.01359   0.7120 0.0029   0.3241 0.0058
     2455.6    0.00055181   0.8106 0.0113   0.4807 0.0264   |       0.012699   0.7141 0.0030   0.3254 0.0060
     3000.0    0.00035015   0.8361 0.0115   0.5335 0.0290   |       0.011706   0.7140 0.0031   0.3158 0.0063
наибольший шум Q_k по узлам: 0.0290; посчитано за 8.8 с
сайдкар: D:\BqMoni_Claude\p83\qk_new\RC103_point0.qk — записан и прочитан обратно


все сцены посчитаны, контроль сошёлся
